2026-05-28 10:59:51,775 start 2026/05/28 19:59
2026-05-28 10:59:51,775 ===== START 19:59 =====
2026-05-28 10:59:51,775 [PAGE] 1
2026-05-28 10:59:52,515 [SKIP] len error : ['東P', '東証プライム']
2026-05-28 10:59:52,515 [SKIP] len error : ['東S', '東証スタンダード']
2026-05-28 10:59:52,515 [SKIP] len error : ['東G', '東証グロース']
2026-05-28 10:59:52,515 [SKIP] len error : ['東Ｅ', '東証ETF']
2026-05-28 10:59:52,516 [SKIP] len error : ['東EN', '東証ETN']
2026-05-28 10:59:52,516 [SKIP] len error : ['東Ｒ', '東証REIT']
2026-05-28 10:59:52,516 [SKIP] len error : ['東IF', '東証インフラファンド']
2026-05-28 10:59:52,516 [SKIP] len error : ['名Ｐ', '名証プレミア']
2026-05-28 10:59:52,516 [SKIP] len error : ['名M', '名証メイン']
2026-05-28 10:59:52,516 [SKIP] len error : ['名N', '名証ネクスト']
2026-05-28 10:59:52,516 [SKIP] len error : ['名Ｅ', '名証ETF']
2026-05-28 10:59:52,516 [SKIP] len error : ['札Ａ', '札証アンビシャス']
2026-05-28 10:59:52,516 [SKIP] len error : ['福Ｑ', '福証Q-Board']
2026-05-28 10:59:52,516 [SKIP] len error : ['①', '高い', '1,000回以上', '13.9%']
2026-05-28 10:59:52,516 [SKIP] len error : ['②', 'やや高い', '400回〜1,000回', '18.5%']
2026-05-28 10:59:52,516 [SKIP] len error : ['③', '中位', '50回〜400回', '39.0%']
2026-05-28 10:59:52,516 [SKIP] len error : ['④', 'やや低い', '10回〜50回', '17.6%']
2026-05-28 10:59:52,516 [SKIP] len error : ['⑤', '低い', '10回未満', '11.0%']
2026-05-28 10:59:52,516 20件 / ?件中 19:59
2026-05-28 10:59:52,553 [TOTAL] None
2026-05-28 10:59:52,553 [COUNT] 20
2026-05-28 10:59:53,200 [PAGE] 2
2026-05-28 10:59:53,489 [SKIP] len error : ['東P', '東証プライム']
2026-05-28 10:59:53,489 [SKIP] len error : ['東S', '東証スタンダード']
2026-05-28 10:59:53,489 [SKIP] len error : ['東G', '東証グロース']
2026-05-28 10:59:53,489 [SKIP] len error : ['東Ｅ', '東証ETF']
2026-05-28 10:59:53,489 [SKIP] len error : ['東EN', '東証ETN']
2026-05-28 10:59:53,489 [SKIP] len error : ['東Ｒ', '東証REIT']
2026-05-28 10:59:53,489 [SKIP] len error : ['東IF', '東証インフラファンド']
2026-05-28 10:59:53,489 [SKIP] len error : ['名Ｐ', '名証プレミア']
2026-05-28 10:59:53,489 [SKIP] len error : ['名M', '名証メイン']
2026-05-28 10:59:53,489 [SKIP] len error : ['名N', '名証ネクスト']
2026-05-28 10:59:53,489 [SKIP] len error : ['名Ｅ', '名証ETF']
2026-05-28 10:59:53,489 [SKIP] len error : ['札Ａ', '札証アンビシャス']
2026-05-28 10:59:53,489 [SKIP] len error : ['福Ｑ', '福証Q-Board']
2026-05-28 10:59:53,489 [SKIP] len error : ['①', '高い', '1,000回以上', '13.9%']
2026-05-28 10:59:53,489 [SKIP] len error : ['②', 'やや高い', '400回〜1,000回', '18.5%']
2026-05-28 10:59:53,490 [SKIP] len error : ['③', '中位', '50回〜400回', '39.0%']
2026-05-28 10:59:53,490 [SKIP] len error : ['④', 'やや低い', '10回〜50回', '17.6%']
2026-05-28 10:59:53,490 [SKIP] len error : ['⑤', '低い', '10回未満', '11.0%']
2026-05-28 10:59:53,490 40件 / ?件中 19:59
2026-05-28 10:59:53,525 [TOTAL] None
2026-05-28 10:59:53,525 [COUNT] 40
2026-05-28 10:59:54,255 [PAGE] 3
2026-05-28 10:59:54,535 [SKIP] len error : ['東P', '東証プライム']
2026-05-28 10:59:54,535 [SKIP] len error : ['東S', '東証スタンダード']
2026-05-28 10:59:54,535 [SKIP] len error : ['東G', '東証グロース']
2026-05-28 10:59:54,535 [SKIP] len error : ['東Ｅ', '東証ETF']
2026-05-28 10:59:54,535 [SKIP] len error : ['東EN', '東証ETN']
2026-05-28 10:59:54,535 [SKIP] len error : ['東Ｒ', '東証REIT']
2026-05-28 10:59:54,535 [SKIP] len error : ['東IF', '東証インフラファンド']
2026-05-28 10:59:54,535 [SKIP] len error : ['名Ｐ', '名証プレミア']
2026-05-28 10:59:54,535 [SKIP] len error : ['名M', '名証メイン']
2026-05-28 10:59:54,535 [SKIP] len error : ['名N', '名証ネクスト']
2026-05-28 10:59:54,535 [SKIP] len error : ['名Ｅ', '名証ETF']
2026-05-28 10:59:54,535 [SKIP] len error : ['札Ａ', '札証アンビシャス']
2026-05-28 10:59:54,535 [SKIP] len error : ['福Ｑ', '福証Q-Board']
2026-05-28 10:59:54,535 [SKIP] len error : ['①', '高い', '1,000回以上', '13.9%']
2026-05-28 10:59:54,535 [SKIP] len error : ['②', 'やや高い', '400回〜1,000回', '18.5%']
2026-05-28 10:59:54,535 [SKIP] len error : ['③', '中位', '50回〜400回', '39.0%']
2026-05-28 10:59:54,536 [SKIP] len error : ['④', 'やや低い', '10回〜50回', '17.6%']
2026-05-28 10:59:54,536 [SKIP] len error : ['⑤', '低い', '10回未満', '11.0%']
2026-05-28 10:59:54,536 60件 / ?件中 19:59
2026-05-28 10:59:54,571 [TOTAL] None
2026-05-28 10:59:54,571 [COUNT] 60
2026-05-28 10:59:55,551 [PAGE] 4
2026-05-28 10:59:55,853 [SKIP] len error : ['東P', '東証プライム']
2026-05-28 10:59:55,853 [SKIP] len error : ['東S', '東証スタンダード']
2026-05-28 10:59:55,853 [SKIP] len error : ['東G', '東証グロース']
2026-05-28 10:59:55,853 [SKIP] len error : ['東Ｅ', '東証ETF']
2026-05-28 10:59:55,853 [SKIP] len error : ['東EN', '東証ETN']
2026-05-28 10:59:55,853 [SKIP] len error : ['東Ｒ', '東証REIT']
2026-05-28 10:59:55,853 [SKIP] len error : ['東IF', '東証インフラファンド']
2026-05-28 10:59:55,853 [SKIP] len error : ['名Ｐ', '名証プレミア']
2026-05-28 10:59:55,853 [SKIP] len error : ['名M', '名証メイン']
2026-05-28 10:59:55,853 [SKIP] len error : ['名N', '名証ネクスト']
2026-05-28 10:59:55,853 [SKIP] len error : ['名Ｅ', '名証ETF']
2026-05-28 10:59:55,853 [SKIP] len error : ['札Ａ', '札証アンビシャス']
2026-05-28 10:59:55,853 [SKIP] len error : ['福Ｑ', '福証Q-Board']
2026-05-28 10:59:55,853 [SKIP] len error : ['①', '高い', '1,000回以上', '13.9%']
2026-05-28 10:59:55,853 [SKIP] len error : ['②', 'やや高い', '400回〜1,000回', '18.5%']
2026-05-28 10:59:55,853 [SKIP] len error : ['③', '中位', '50回〜400回', '39.0%']
2026-05-28 10:59:55,853 [SKIP] len error : ['④', 'やや低い', '10回〜50回', '17.6%']
2026-05-28 10:59:55,853 [SKIP] len error : ['⑤', '低い', '10回未満', '11.0%']
2026-05-28 10:59:55,853 80件 / ?件中 19:59
2026-05-28 10:59:55,889 [TOTAL] None
2026-05-28 10:59:55,889 [COUNT] 80
2026-05-28 10:59:56,879 [PAGE] 5
2026-05-28 10:59:57,154 [SKIP] len error : ['東P', '東証プライム']
2026-05-28 10:59:57,154 [SKIP] len error : ['東S', '東証スタンダード']
2026-05-28 10:59:57,154 [SKIP] len error : ['東G', '東証グロース']
2026-05-28 10:59:57,154 [SKIP] len error : ['東Ｅ', '東証ETF']
2026-05-28 10:59:57,154 [SKIP] len error : ['東EN', '東証ETN']
2026-05-28 10:59:57,154 [SKIP] len error : ['東Ｒ', '東証REIT']
2026-05-28 10:59:57,154 [SKIP] len error : ['東IF', '東証インフラファンド']
2026-05-28 10:59:57,154 [SKIP] len error : ['名Ｐ', '名証プレミア']
2026-05-28 10:59:57,154 [SKIP] len error : ['名M', '名証メイン']
2026-05-28 10:59:57,154 [SKIP] len error : ['名N', '名証ネクスト']
2026-05-28 10:59:57,154 [SKIP] len error : ['名Ｅ', '名証ETF']
2026-05-28 10:59:57,154 [SKIP] len error : ['札Ａ', '札証アンビシャス']
2026-05-28 10:59:57,154 [SKIP] len error : ['福Ｑ', '福証Q-Board']
2026-05-28 10:59:57,154 [SKIP] len error : ['①', '高い', '1,000回以上', '13.9%']
2026-05-28 10:59:57,154 [SKIP] len error : ['②', 'やや高い', '400回〜1,000回', '18.5%']
2026-05-28 10:59:57,154 [SKIP] len error : ['③', '中位', '50回〜400回', '39.0%']
2026-05-28 10:59:57,154 [SKIP] len error : ['④', 'やや低い', '10回〜50回', '17.6%']
2026-05-28 10:59:57,154 [SKIP] len error : ['⑤', '低い', '10回未満', '11.0%']
2026-05-28 10:59:57,155 100件 / ?件中 19:59
2026-05-28 10:59:57,189 [TOTAL] None
2026-05-28 10:59:57,189 [COUNT] 100
2026-05-28 10:59:58,563 [PAGE] 6
2026-05-28 10:59:58,841 [SKIP] len error : ['東P', '東証プライム']
2026-05-28 10:59:58,841 [SKIP] len error : ['東S', '東証スタンダード']
2026-05-28 10:59:58,841 [SKIP] len error : ['東G', '東証グロース']
2026-05-28 10:59:58,841 [SKIP] len error : ['東Ｅ', '東証ETF']
2026-05-28 10:59:58,841 [SKIP] len error : ['東EN', '東証ETN']
2026-05-28 10:59:58,841 [SKIP] len error : ['東Ｒ', '東証REIT']
2026-05-28 10:59:58,841 [SKIP] len error : ['東IF', '東証インフラファンド']
2026-05-28 10:59:58,841 [SKIP] len error : ['名Ｐ', '名証プレミア']
2026-05-28 10:59:58,841 [SKIP] len error : ['名M', '名証メイン']
2026-05-28 10:59:58,841 [SKIP] len error : ['名N', '名証ネクスト']
2026-05-28 10:59:58,842 [SKIP] len error : ['名Ｅ', '名証ETF']
2026-05-28 10:59:58,842 [SKIP] len error : ['札Ａ', '札証アンビシャス']
2026-05-28 10:59:58,842 [SKIP] len error : ['福Ｑ', '福証Q-Board']
2026-05-28 10:59:58,842 [SKIP] len error : ['①', '高い', '1,000回以上', '13.9%']
2026-05-28 10:59:58,842 [SKIP] len error : ['②', 'やや高い', '400回〜1,000回', '18.5%']
2026-05-28 10:59:58,842 [SKIP] len error : ['③', '中位', '50回〜400回', '39.0%']
2026-05-28 10:59:58,842 [SKIP] len error : ['④', 'やや低い', '10回〜50回', '17.6%']
2026-05-28 10:59:58,842 [SKIP] len error : ['⑤', '低い', '10回未満', '11.0%']
2026-05-28 10:59:58,842 120件 / ?件中 19:59
2026-05-28 10:59:58,877 [TOTAL] None
2026-05-28 10:59:58,877 [COUNT] 120
2026-05-28 10:59:59,842 [PAGE] 7
2026-05-28 11:00:00,148 [SKIP] len error : ['東P', '東証プライム']
2026-05-28 11:00:00,149 [SKIP] len error : ['東S', '東証スタンダード']
2026-05-28 11:00:00,149 [SKIP] len error : ['東G', '東証グロース']
2026-05-28 11:00:00,149 [SKIP] len error : ['東Ｅ', '東証ETF']
2026-05-28 11:00:00,149 [SKIP] len error : ['東EN', '東証ETN']
2026-05-28 11:00:00,149 [SKIP] len error : ['東Ｒ', '東証REIT']
2026-05-28 11:00:00,149 [SKIP] len error : ['東IF', '東証インフラファンド']
2026-05-28 11:00:00,149 [SKIP] len error : ['名Ｐ', '名証プレミア']
2026-05-28 11:00:00,149 [SKIP] len error : ['名M', '名証メイン']
2026-05-28 11:00:00,149 [SKIP] len error : ['名N', '名証ネクスト']
2026-05-28 11:00:00,149 [SKIP] len error : ['名Ｅ', '名証ETF']
2026-05-28 11:00:00,149 [SKIP] len error : ['札Ａ', '札証アンビシャス']
2026-05-28 11:00:00,149 [SKIP] len error : ['福Ｑ', '福証Q-Board']
2026-05-28 11:00:00,149 [SKIP] len error : ['①', '高い', '1,000回以上', '13.9%']
2026-05-28 11:00:00,149 [SKIP] len error : ['②', 'やや高い', '400回〜1,000回', '18.5%']
2026-05-28 11:00:00,149 [SKIP] len error : ['③', '中位', '50回〜400回', '39.0%']
2026-05-28 11:00:00,149 [SKIP] len error : ['④', 'やや低い', '10回〜50回', '17.6%']
2026-05-28 11:00:00,149 [SKIP] len error : ['⑤', '低い', '10回未満', '11.0%']
2026-05-28 11:00:00,149 140件 / ?件中 20:00
2026-05-28 11:00:00,184 [TOTAL] None
2026-05-28 11:00:00,184 [COUNT] 140
2026-05-28 11:00:01,004 [PAGE] 8
2026-05-28 11:00:01,293 [SKIP] len error : ['東P', '東証プライム']
2026-05-28 11:00:01,293 [SKIP] len error : ['東S', '東証スタンダード']
2026-05-28 11:00:01,293 [SKIP] len error : ['東G', '東証グロース']
2026-05-28 11:00:01,293 [SKIP] len error : ['東Ｅ', '東証ETF']
2026-05-28 11:00:01,293 [SKIP] len error : ['東EN', '東証ETN']
2026-05-28 11:00:01,293 [SKIP] len error : ['東Ｒ', '東証REIT']
2026-05-28 11:00:01,293 [SKIP] len error : ['東IF', '東証インフラファンド']
2026-05-28 11:00:01,293 [SKIP] len error : ['名Ｐ', '名証プレミア']
2026-05-28 11:00:01,293 [SKIP] len error : ['名M', '名証メイン']
2026-05-28 11:00:01,293 [SKIP] len error : ['名N', '名証ネクスト']
2026-05-28 11:00:01,293 [SKIP] len error : ['名Ｅ', '名証ETF']
2026-05-28 11:00:01,293 [SKIP] len error : ['札Ａ', '札証アンビシャス']
2026-05-28 11:00:01,293 [SKIP] len error : ['福Ｑ', '福証Q-Board']
2026-05-28 11:00:01,293 [SKIP] len error : ['①', '高い', '1,000回以上', '13.9%']
2026-05-28 11:00:01,293 [SKIP] len error : ['②', 'やや高い', '400回〜1,000回', '18.5%']
2026-05-28 11:00:01,293 [SKIP] len error : ['③', '中位', '50回〜400回', '39.0%']
2026-05-28 11:00:01,293 [SKIP] len error : ['④', 'やや低い', '10回〜50回', '17.6%']
2026-05-28 11:00:01,293 [SKIP] len error : ['⑤', '低い', '10回未満', '11.0%']
2026-05-28 11:00:01,293 160件 / ?件中 20:00
2026-05-28 11:00:01,327 [TOTAL] None
2026-05-28 11:00:01,327 [COUNT] 160
2026-05-28 11:00:02,314 [PAGE] 9
2026-05-28 11:00:02,581 [SKIP] len error : ['東P', '東証プライム']
2026-05-28 11:00:02,581 [SKIP] len error : ['東S', '東証スタンダード']
2026-05-28 11:00:02,581 [SKIP] len error : ['東G', '東証グロース']
2026-05-28 11:00:02,581 [SKIP] len error : ['東Ｅ', '東証ETF']
2026-05-28 11:00:02,581 [SKIP] len error : ['東EN', '東証ETN']
2026-05-28 11:00:02,581 [SKIP] len error : ['東Ｒ', '東証REIT']
2026-05-28 11:00:02,581 [SKIP] len error : ['東IF', '東証インフラファンド']
2026-05-28 11:00:02,581 [SKIP] len error : ['名Ｐ', '名証プレミア']
2026-05-28 11:00:02,581 [SKIP] len error : ['名M', '名証メイン']
2026-05-28 11:00:02,581 [SKIP] len error : ['名N', '名証ネクスト']
2026-05-28 11:00:02,581 [SKIP] len error : ['名Ｅ', '名証ETF']
2026-05-28 11:00:02,581 [SKIP] len error : ['札Ａ', '札証アンビシャス']
2026-05-28 11:00:02,581 [SKIP] len error : ['福Ｑ', '福証Q-Board']
2026-05-28 11:00:02,581 [SKIP] len error : ['①', '高い', '1,000回以上', '13.9%']
2026-05-28 11:00:02,581 [SKIP] len error : ['②', 'やや高い', '400回〜1,000回', '18.5%']
2026-05-28 11:00:02,581 [SKIP] len error : ['③', '中位', '50回〜400回', '39.0%']
2026-05-28 11:00:02,581 [SKIP] len error : ['④', 'やや低い', '10回〜50回', '17.6%']
2026-05-28 11:00:02,581 [SKIP] len error : ['⑤', '低い', '10回未満', '11.0%']
2026-05-28 11:00:02,582 180件 / ?件中 20:00
2026-05-28 11:00:02,616 [TOTAL] None
2026-05-28 11:00:02,616 [COUNT] 180
2026-05-28 11:00:04,092 [PAGE] 10
2026-05-28 11:00:04,349 [SKIP] len error : ['東P', '東証プライム']
2026-05-28 11:00:04,349 [SKIP] len error : ['東S', '東証スタンダード']
2026-05-28 11:00:04,349 [SKIP] len error : ['東G', '東証グロース']
2026-05-28 11:00:04,349 [SKIP] len error : ['東Ｅ', '東証ETF']
2026-05-28 11:00:04,349 [SKIP] len error : ['東EN', '東証ETN']
2026-05-28 11:00:04,349 [SKIP] len error : ['東Ｒ', '東証REIT']
2026-05-28 11:00:04,350 [SKIP] len error : ['東IF', '東証インフラファンド']
2026-05-28 11:00:04,350 [SKIP] len error : ['名Ｐ', '名証プレミア']
2026-05-28 11:00:04,350 [SKIP] len error : ['名M', '名証メイン']
2026-05-28 11:00:04,350 [SKIP] len error : ['名N', '名証ネクスト']
2026-05-28 11:00:04,350 [SKIP] len error : ['名Ｅ', '名証ETF']
2026-05-28 11:00:04,350 [SKIP] len error : ['札Ａ', '札証アンビシャス']
2026-05-28 11:00:04,350 [SKIP] len error : ['福Ｑ', '福証Q-Board']
2026-05-28 11:00:04,350 [SKIP] len error : ['①', '高い', '1,000回以上', '13.9%']
2026-05-28 11:00:04,350 [SKIP] len error : ['②', 'やや高い', '400回〜1,000回', '18.5%']
2026-05-28 11:00:04,350 [SKIP] len error : ['③', '中位', '50回〜400回', '39.0%']
2026-05-28 11:00:04,350 [SKIP] len error : ['④', 'やや低い', '10回〜50回', '17.6%']
2026-05-28 11:00:04,350 [SKIP] len error : ['⑤', '低い', '10回未満', '11.0%']
2026-05-28 11:00:04,350 200件 / ?件中 20:00
2026-05-28 11:00:04,385 [TOTAL] None
2026-05-28 11:00:04,385 [COUNT] 200
2026-05-28 11:00:05,600 [PAGE] 11
2026-05-28 11:00:05,861 [SKIP] len error : ['東P', '東証プライム']
2026-05-28 11:00:05,861 [SKIP] len error : ['東S', '東証スタンダード']
2026-05-28 11:00:05,861 [SKIP] len error : ['東G', '東証グロース']
2026-05-28 11:00:05,861 [SKIP] len error : ['東Ｅ', '東証ETF']
2026-05-28 11:00:05,861 [SKIP] len error : ['東EN', '東証ETN']
2026-05-28 11:00:05,861 [SKIP] len error : ['東Ｒ', '東証REIT']
2026-05-28 11:00:05,861 [SKIP] len error : ['東IF', '東証インフラファンド']
2026-05-28 11:00:05,861 [SKIP] len error : ['名Ｐ', '名証プレミア']
2026-05-28 11:00:05,861 [SKIP] len error : ['名M', '名証メイン']
2026-05-28 11:00:05,861 [SKIP] len error : ['名N', '名証ネクスト']
2026-05-28 11:00:05,861 [SKIP] len error : ['名Ｅ', '名証ETF']
2026-05-28 11:00:05,861 [SKIP] len error : ['札Ａ', '札証アンビシャス']
2026-05-28 11:00:05,861 [SKIP] len error : ['福Ｑ', '福証Q-Board']
2026-05-28 11:00:05,861 [SKIP] len error : ['①', '高い', '1,000回以上', '13.9%']
2026-05-28 11:00:05,861 [SKIP] len error : ['②', 'やや高い', '400回〜1,000回', '18.5%']
2026-05-28 11:00:05,861 [SKIP] len error : ['③', '中位', '50回〜400回', '39.0%']
2026-05-28 11:00:05,861 [SKIP] len error : ['④', 'やや低い', '10回〜50回', '17.6%']
2026-05-28 11:00:05,861 [SKIP] len error : ['⑤', '低い', '10回未満', '11.0%']
2026-05-28 11:00:05,861 220件 / ?件中 20:00
2026-05-28 11:00:05,929 [TOTAL] None
2026-05-28 11:00:05,929 [COUNT] 220
2026-05-28 11:00:06,567 [PAGE] 12
2026-05-28 11:00:06,839 [SKIP] len error : ['東P', '東証プライム']
2026-05-28 11:00:06,839 [SKIP] len error : ['東S', '東証スタンダード']
2026-05-28 11:00:06,839 [SKIP] len error : ['東G', '東証グロース']
2026-05-28 11:00:06,839 [SKIP] len error : ['東Ｅ', '東証ETF']
2026-05-28 11:00:06,839 [SKIP] len error : ['東EN', '東証ETN']
2026-05-28 11:00:06,839 [SKIP] len error : ['東Ｒ', '東証REIT']
2026-05-28 11:00:06,839 [SKIP] len error : ['東IF', '東証インフラファンド']
2026-05-28 11:00:06,839 [SKIP] len error : ['名Ｐ', '名証プレミア']
2026-05-28 11:00:06,839 [SKIP] len error : ['名M', '名証メイン']
2026-05-28 11:00:06,839 [SKIP] len error : ['名N', '名証ネクスト']
2026-05-28 11:00:06,839 [SKIP] len error : ['名Ｅ', '名証ETF']
2026-05-28 11:00:06,839 [SKIP] len error : ['札Ａ', '札証アンビシャス']
2026-05-28 11:00:06,840 [SKIP] len error : ['福Ｑ', '福証Q-Board']
2026-05-28 11:00:06,840 [SKIP] len error : ['①', '高い', '1,000回以上', '13.9%']
2026-05-28 11:00:06,840 [SKIP] len error : ['②', 'やや高い', '400回〜1,000回', '18.5%']
2026-05-28 11:00:06,840 [SKIP] len error : ['③', '中位', '50回〜400回', '39.0%']
2026-05-28 11:00:06,840 [SKIP] len error : ['④', 'やや低い', '10回〜50回', '17.6%']
2026-05-28 11:00:06,840 [SKIP] len error : ['⑤', '低い', '10回未満', '11.0%']
2026-05-28 11:00:06,840 240件 / ?件中 20:00
2026-05-28 11:00:06,874 [TOTAL] None
2026-05-28 11:00:06,874 [COUNT] 240
2026-05-28 11:00:08,172 [PAGE] 13
2026-05-28 11:00:08,434 [SKIP] len error : ['東P', '東証プライム']
2026-05-28 11:00:08,434 [SKIP] len error : ['東S', '東証スタンダード']
2026-05-28 11:00:08,434 [SKIP] len error : ['東G', '東証グロース']
2026-05-28 11:00:08,434 [SKIP] len error : ['東Ｅ', '東証ETF']
2026-05-28 11:00:08,434 [SKIP] len error : ['東EN', '東証ETN']
2026-05-28 11:00:08,434 [SKIP] len error : ['東Ｒ', '東証REIT']
2026-05-28 11:00:08,434 [SKIP] len error : ['東IF', '東証インフラファンド']
2026-05-28 11:00:08,434 [SKIP] len error : ['名Ｐ', '名証プレミア']
2026-05-28 11:00:08,434 [SKIP] len error : ['名M', '名証メイン']
2026-05-28 11:00:08,434 [SKIP] len error : ['名N', '名証ネクスト']
2026-05-28 11:00:08,434 [SKIP] len error : ['名Ｅ', '名証ETF']
2026-05-28 11:00:08,434 [SKIP] len error : ['札Ａ', '札証アンビシャス']
2026-05-28 11:00:08,434 [SKIP] len error : ['福Ｑ', '福証Q-Board']
2026-05-28 11:00:08,434 [SKIP] len error : ['①', '高い', '1,000回以上', '13.9%']
2026-05-28 11:00:08,434 [SKIP] len error : ['②', 'やや高い', '400回〜1,000回', '18.5%']
2026-05-28 11:00:08,434 [SKIP] len error : ['③', '中位', '50回〜400回', '39.0%']
2026-05-28 11:00:08,434 [SKIP] len error : ['④', 'やや低い', '10回〜50回', '17.6%']
2026-05-28 11:00:08,434 [SKIP] len error : ['⑤', '低い', '10回未満', '11.0%']
2026-05-28 11:00:08,435 260件 / ?件中 20:00
2026-05-28 11:00:08,469 [TOTAL] None
2026-05-28 11:00:08,469 [COUNT] 260
2026-05-28 11:00:09,242 [PAGE] 14
2026-05-28 11:00:09,520 [SKIP] len error : ['東P', '東証プライム']
2026-05-28 11:00:09,521 [SKIP] len error : ['東S', '東証スタンダード']
2026-05-28 11:00:09,521 [SKIP] len error : ['東G', '東証グロース']
2026-05-28 11:00:09,521 [SKIP] len error : ['東Ｅ', '東証ETF']
2026-05-28 11:00:09,521 [SKIP] len error : ['東EN', '東証ETN']
2026-05-28 11:00:09,521 [SKIP] len error : ['東Ｒ', '東証REIT']
2026-05-28 11:00:09,521 [SKIP] len error : ['東IF', '東証インフラファンド']
2026-05-28 11:00:09,521 [SKIP] len error : ['名Ｐ', '名証プレミア']
2026-05-28 11:00:09,521 [SKIP] len error : ['名M', '名証メイン']
2026-05-28 11:00:09,521 [SKIP] len error : ['名N', '名証ネクスト']
2026-05-28 11:00:09,521 [SKIP] len error : ['名Ｅ', '名証ETF']
2026-05-28 11:00:09,521 [SKIP] len error : ['札Ａ', '札証アンビシャス']
2026-05-28 11:00:09,521 [SKIP] len error : ['福Ｑ', '福証Q-Board']
2026-05-28 11:00:09,521 [SKIP] len error : ['①', '高い', '1,000回以上', '13.9%']
2026-05-28 11:00:09,521 [SKIP] len error : ['②', 'やや高い', '400回〜1,000回', '18.5%']
2026-05-28 11:00:09,521 [SKIP] len error : ['③', '中位', '50回〜400回', '39.0%']
2026-05-28 11:00:09,521 [SKIP] len error : ['④', 'やや低い', '10回〜50回', '17.6%']
2026-05-28 11:00:09,521 [SKIP] len error : ['⑤', '低い', '10回未満', '11.0%']
2026-05-28 11:00:09,521 280件 / ?件中 20:00
2026-05-28 11:00:09,555 [TOTAL] None
2026-05-28 11:00:09,555 [COUNT] 280
2026-05-28 11:00:11,032 [PAGE] 15
2026-05-28 11:00:11,301 [SKIP] len error : ['東P', '東証プライム']
2026-05-28 11:00:11,301 [SKIP] len error : ['東S', '東証スタンダード']
2026-05-28 11:00:11,301 [SKIP] len error : ['東G', '東証グロース']
2026-05-28 11:00:11,301 [SKIP] len error : ['東Ｅ', '東証ETF']
2026-05-28 11:00:11,301 [SKIP] len error : ['東EN', '東証ETN']
2026-05-28 11:00:11,301 [SKIP] len error : ['東Ｒ', '東証REIT']
2026-05-28 11:00:11,301 [SKIP] len error : ['東IF', '東証インフラファンド']
2026-05-28 11:00:11,301 [SKIP] len error : ['名Ｐ', '名証プレミア']
2026-05-28 11:00:11,302 [SKIP] len error : ['名M', '名証メイン']
2026-05-28 11:00:11,302 [SKIP] len error : ['名N', '名証ネクスト']
2026-05-28 11:00:11,302 [SKIP] len error : ['名Ｅ', '名証ETF']
2026-05-28 11:00:11,302 [SKIP] len error : ['札Ａ', '札証アンビシャス']
2026-05-28 11:00:11,302 [SKIP] len error : ['福Ｑ', '福証Q-Board']
2026-05-28 11:00:11,302 [SKIP] len error : ['①', '高い', '1,000回以上', '13.9%']
2026-05-28 11:00:11,302 [SKIP] len error : ['②', 'やや高い', '400回〜1,000回', '18.5%']
2026-05-28 11:00:11,302 [SKIP] len error : ['③', '中位', '50回〜400回', '39.0%']
2026-05-28 11:00:11,302 [SKIP] len error : ['④', 'やや低い', '10回〜50回', '17.6%']
2026-05-28 11:00:11,302 [SKIP] len error : ['⑤', '低い', '10回未満', '11.0%']
2026-05-28 11:00:11,302 300件 / ?件中 20:00
2026-05-28 11:00:11,336 [TOTAL] None
2026-05-28 11:00:11,336 [COUNT] 300
2026-05-28 11:00:12,519 [PAGE] 16
2026-05-28 11:00:12,792 [SKIP] len error : ['東P', '東証プライム']
2026-05-28 11:00:12,792 [SKIP] len error : ['東S', '東証スタンダード']
2026-05-28 11:00:12,792 [SKIP] len error : ['東G', '東証グロース']
2026-05-28 11:00:12,792 [SKIP] len error : ['東Ｅ', '東証ETF']
2026-05-28 11:00:12,792 [SKIP] len error : ['東EN', '東証ETN']
2026-05-28 11:00:12,792 [SKIP] len error : ['東Ｒ', '東証REIT']
2026-05-28 11:00:12,792 [SKIP] len error : ['東IF', '東証インフラファンド']
2026-05-28 11:00:12,793 [SKIP] len error : ['名Ｐ', '名証プレミア']
2026-05-28 11:00:12,793 [SKIP] len error : ['名M', '名証メイン']
2026-05-28 11:00:12,793 [SKIP] len error : ['名N', '名証ネクスト']
2026-05-28 11:00:12,793 [SKIP] len error : ['名Ｅ', '名証ETF']
2026-05-28 11:00:12,793 [SKIP] len error : ['札Ａ', '札証アンビシャス']
2026-05-28 11:00:12,793 [SKIP] len error : ['福Ｑ', '福証Q-Board']
2026-05-28 11:00:12,793 [SKIP] len error : ['①', '高い', '1,000回以上', '13.9%']
2026-05-28 11:00:12,793 [SKIP] len error : ['②', 'やや高い', '400回〜1,000回', '18.5%']
2026-05-28 11:00:12,793 [SKIP] len error : ['③', '中位', '50回〜400回', '39.0%']
2026-05-28 11:00:12,793 [SKIP] len error : ['④', 'やや低い', '10回〜50回', '17.6%']
2026-05-28 11:00:12,793 [SKIP] len error : ['⑤', '低い', '10回未満', '11.0%']
2026-05-28 11:00:12,793 320件 / ?件中 20:00
2026-05-28 11:00:12,862 [TOTAL] None
2026-05-28 11:00:12,862 [COUNT] 320
2026-05-28 11:00:14,027 [PAGE] 17
2026-05-28 11:00:14,289 [SKIP] len error : ['東P', '東証プライム']
2026-05-28 11:00:14,289 [SKIP] len error : ['東S', '東証スタンダード']
2026-05-28 11:00:14,289 [SKIP] len error : ['東G', '東証グロース']
2026-05-28 11:00:14,289 [SKIP] len error : ['東Ｅ', '東証ETF']
2026-05-28 11:00:14,289 [SKIP] len error : ['東EN', '東証ETN']
2026-05-28 11:00:14,289 [SKIP] len error : ['東Ｒ', '東証REIT']
2026-05-28 11:00:14,289 [SKIP] len error : ['東IF', '東証インフラファンド']
2026-05-28 11:00:14,289 [SKIP] len error : ['名Ｐ', '名証プレミア']
2026-05-28 11:00:14,289 [SKIP] len error : ['名M', '名証メイン']
2026-05-28 11:00:14,289 [SKIP] len error : ['名N', '名証ネクスト']
2026-05-28 11:00:14,289 [SKIP] len error : ['名Ｅ', '名証ETF']
2026-05-28 11:00:14,289 [SKIP] len error : ['札Ａ', '札証アンビシャス']
2026-05-28 11:00:14,289 [SKIP] len error : ['福Ｑ', '福証Q-Board']
2026-05-28 11:00:14,289 [SKIP] len error : ['①', '高い', '1,000回以上', '13.9%']
2026-05-28 11:00:14,289 [SKIP] len error : ['②', 'やや高い', '400回〜1,000回', '18.5%']
2026-05-28 11:00:14,289 [SKIP] len error : ['③', '中位', '50回〜400回', '39.0%']
2026-05-28 11:00:14,289 [SKIP] len error : ['④', 'やや低い', '10回〜50回', '17.6%']
2026-05-28 11:00:14,289 [SKIP] len error : ['⑤', '低い', '10回未満', '11.0%']
2026-05-28 11:00:14,290 340件 / ?件中 20:00
2026-05-28 11:00:14,324 [TOTAL] None
2026-05-28 11:00:14,324 [COUNT] 340
2026-05-28 11:00:15,702 [PAGE] 18
2026-05-28 11:00:15,977 [SKIP] len error : ['東P', '東証プライム']
2026-05-28 11:00:15,977 [SKIP] len error : ['東S', '東証スタンダード']
2026-05-28 11:00:15,977 [SKIP] len error : ['東G', '東証グロース']
2026-05-28 11:00:15,977 [SKIP] len error : ['東Ｅ', '東証ETF']
2026-05-28 11:00:15,977 [SKIP] len error : ['東EN', '東証ETN']
2026-05-28 11:00:15,977 [SKIP] len error : ['東Ｒ', '東証REIT']
2026-05-28 11:00:15,977 [SKIP] len error : ['東IF', '東証インフラファンド']
2026-05-28 11:00:15,977 [SKIP] len error : ['名Ｐ', '名証プレミア']
2026-05-28 11:00:15,977 [SKIP] len error : ['名M', '名証メイン']
2026-05-28 11:00:15,977 [SKIP] len error : ['名N', '名証ネクスト']
2026-05-28 11:00:15,977 [SKIP] len error : ['名Ｅ', '名証ETF']
2026-05-28 11:00:15,977 [SKIP] len error : ['札Ａ', '札証アンビシャス']
2026-05-28 11:00:15,977 [SKIP] len error : ['福Ｑ', '福証Q-Board']
2026-05-28 11:00:15,977 [SKIP] len error : ['①', '高い', '1,000回以上', '13.9%']
2026-05-28 11:00:15,977 [SKIP] len error : ['②', 'やや高い', '400回〜1,000回', '18.5%']
2026-05-28 11:00:15,977 [SKIP] len error : ['③', '中位', '50回〜400回', '39.0%']
2026-05-28 11:00:15,977 [SKIP] len error : ['④', 'やや低い', '10回〜50回', '17.6%']
2026-05-28 11:00:15,977 [SKIP] len error : ['⑤', '低い', '10回未満', '11.0%']
2026-05-28 11:00:15,977 360件 / ?件中 20:00
2026-05-28 11:00:16,011 [TOTAL] None
2026-05-28 11:00:16,011 [COUNT] 360
2026-05-28 11:00:17,272 [PAGE] 19
2026-05-28 11:00:17,532 [SKIP] len error : ['東P', '東証プライム']
2026-05-28 11:00:17,532 [SKIP] len error : ['東S', '東証スタンダード']
2026-05-28 11:00:17,532 [SKIP] len error : ['東G', '東証グロース']
2026-05-28 11:00:17,532 [SKIP] len error : ['東Ｅ', '東証ETF']
2026-05-28 11:00:17,532 [SKIP] len error : ['東EN', '東証ETN']
2026-05-28 11:00:17,532 [SKIP] len error : ['東Ｒ', '東証REIT']
2026-05-28 11:00:17,532 [SKIP] len error : ['東IF', '東証インフラファンド']
2026-05-28 11:00:17,532 [SKIP] len error : ['名Ｐ', '名証プレミア']
2026-05-28 11:00:17,532 [SKIP] len error : ['名M', '名証メイン']
2026-05-28 11:00:17,532 [SKIP] len error : ['名N', '名証ネクスト']
2026-05-28 11:00:17,532 [SKIP] len error : ['名Ｅ', '名証ETF']
2026-05-28 11:00:17,532 [SKIP] len error : ['札Ａ', '札証アンビシャス']
2026-05-28 11:00:17,532 [SKIP] len error : ['福Ｑ', '福証Q-Board']
2026-05-28 11:00:17,532 [SKIP] len error : ['①', '高い', '1,000回以上', '13.9%']
2026-05-28 11:00:17,532 [SKIP] len error : ['②', 'やや高い', '400回〜1,000回', '18.5%']
2026-05-28 11:00:17,532 [SKIP] len error : ['③', '中位', '50回〜400回', '39.0%']
2026-05-28 11:00:17,532 [SKIP] len error : ['④', 'やや低い', '10回〜50回', '17.6%']
2026-05-28 11:00:17,532 [SKIP] len error : ['⑤', '低い', '10回未満', '11.0%']
2026-05-28 11:00:17,533 380件 / ?件中 20:00
2026-05-28 11:00:17,566 [TOTAL] None
2026-05-28 11:00:17,566 [COUNT] 380
2026-05-28 11:00:18,572 [PAGE] 20
2026-05-28 11:00:18,833 [SKIP] len error : ['東P', '東証プライム']
2026-05-28 11:00:18,834 [SKIP] len error : ['東S', '東証スタンダード']
2026-05-28 11:00:18,834 [SKIP] len error : ['東G', '東証グロース']
2026-05-28 11:00:18,834 [SKIP] len error : ['東Ｅ', '東証ETF']
2026-05-28 11:00:18,834 [SKIP] len error : ['東EN', '東証ETN']
2026-05-28 11:00:18,834 [SKIP] len error : ['東Ｒ', '東証REIT']
2026-05-28 11:00:18,834 [SKIP] len error : ['東IF', '東証インフラファンド']
2026-05-28 11:00:18,834 [SKIP] len error : ['名Ｐ', '名証プレミア']
2026-05-28 11:00:18,834 [SKIP] len error : ['名M', '名証メイン']
2026-05-28 11:00:18,834 [SKIP] len error : ['名N', '名証ネクスト']
2026-05-28 11:00:18,834 [SKIP] len error : ['名Ｅ', '名証ETF']
2026-05-28 11:00:18,834 [SKIP] len error : ['札Ａ', '札証アンビシャス']
2026-05-28 11:00:18,834 [SKIP] len error : ['福Ｑ', '福証Q-Board']
2026-05-28 11:00:18,834 [SKIP] len error : ['①', '高い', '1,000回以上', '13.9%']
2026-05-28 11:00:18,834 [SKIP] len error : ['②', 'やや高い', '400回〜1,000回', '18.5%']
2026-05-28 11:00:18,834 [SKIP] len error : ['③', '中位', '50回〜400回', '39.0%']
2026-05-28 11:00:18,834 [SKIP] len error : ['④', 'やや低い', '10回〜50回', '17.6%']
2026-05-28 11:00:18,834 [SKIP] len error : ['⑤', '低い', '10回未満', '11.0%']
2026-05-28 11:00:18,834 400件 / ?件中 20:00
2026-05-28 11:00:18,868 [TOTAL] None
2026-05-28 11:00:18,868 [COUNT] 400
2026-05-28 11:00:19,614 [PAGE] 21
2026-05-28 11:00:19,932 [SKIP] len error : ['東P', '東証プライム']
2026-05-28 11:00:19,932 [SKIP] len error : ['東S', '東証スタンダード']
2026-05-28 11:00:19,932 [SKIP] len error : ['東G', '東証グロース']
2026-05-28 11:00:19,932 [SKIP] len error : ['東Ｅ', '東証ETF']
2026-05-28 11:00:19,933 [SKIP] len error : ['東EN', '東証ETN']
2026-05-28 11:00:19,933 [SKIP] len error : ['東Ｒ', '東証REIT']
2026-05-28 11:00:19,933 [SKIP] len error : ['東IF', '東証インフラファンド']
2026-05-28 11:00:19,933 [SKIP] len error : ['名Ｐ', '名証プレミア']
2026-05-28 11:00:19,933 [SKIP] len error : ['名M', '名証メイン']
2026-05-28 11:00:19,933 [SKIP] len error : ['名N', '名証ネクスト']
2026-05-28 11:00:19,933 [SKIP] len error : ['名Ｅ', '名証ETF']
2026-05-28 11:00:19,933 [SKIP] len error : ['札Ａ', '札証アンビシャス']
2026-05-28 11:00:19,933 [SKIP] len error : ['福Ｑ', '福証Q-Board']
2026-05-28 11:00:19,933 [SKIP] len error : ['①', '高い', '1,000回以上', '13.9%']
2026-05-28 11:00:19,933 [SKIP] len error : ['②', 'やや高い', '400回〜1,000回', '18.5%']
2026-05-28 11:00:19,933 [SKIP] len error : ['③', '中位', '50回〜400回', '39.0%']
2026-05-28 11:00:19,933 [SKIP] len error : ['④', 'やや低い', '10回〜50回', '17.6%']
2026-05-28 11:00:19,933 [SKIP] len error : ['⑤', '低い', '10回未満', '11.0%']
2026-05-28 11:00:19,933 420件 / ?件中 20:00
2026-05-28 11:00:19,967 [TOTAL] None
2026-05-28 11:00:19,967 [COUNT] 420
2026-05-28 11:00:20,759 [PAGE] 22
2026-05-28 11:00:21,032 [SKIP] len error : ['東P', '東証プライム']
2026-05-28 11:00:21,033 [SKIP] len error : ['東S', '東証スタンダード']
2026-05-28 11:00:21,033 [SKIP] len error : ['東G', '東証グロース']
2026-05-28 11:00:21,033 [SKIP] len error : ['東Ｅ', '東証ETF']
2026-05-28 11:00:21,033 [SKIP] len error : ['東EN', '東証ETN']
2026-05-28 11:00:21,033 [SKIP] len error : ['東Ｒ', '東証REIT']
2026-05-28 11:00:21,033 [SKIP] len error : ['東IF', '東証インフラファンド']
2026-05-28 11:00:21,033 [SKIP] len error : ['名Ｐ', '名証プレミア']
2026-05-28 11:00:21,033 [SKIP] len error : ['名M', '名証メイン']
2026-05-28 11:00:21,033 [SKIP] len error : ['名N', '名証ネクスト']
2026-05-28 11:00:21,033 [SKIP] len error : ['名Ｅ', '名証ETF']
2026-05-28 11:00:21,033 [SKIP] len error : ['札Ａ', '札証アンビシャス']
2026-05-28 11:00:21,033 [SKIP] len error : ['福Ｑ', '福証Q-Board']
2026-05-28 11:00:21,033 [SKIP] len error : ['①', '高い', '1,000回以上', '13.9%']
2026-05-28 11:00:21,033 [SKIP] len error : ['②', 'やや高い', '400回〜1,000回', '18.5%']
2026-05-28 11:00:21,033 [SKIP] len error : ['③', '中位', '50回〜400回', '39.0%']
2026-05-28 11:00:21,033 [SKIP] len error : ['④', 'やや低い', '10回〜50回', '17.6%']
2026-05-28 11:00:21,033 [SKIP] len error : ['⑤', '低い', '10回未満', '11.0%']
2026-05-28 11:00:21,033 440件 / ?件中 20:00
2026-05-28 11:00:21,067 [TOTAL] None
2026-05-28 11:00:21,067 [COUNT] 440
2026-05-28 11:00:22,366 [PAGE] 23
2026-05-28 11:00:22,636 [SKIP] len error : ['東P', '東証プライム']
2026-05-28 11:00:22,636 [SKIP] len error : ['東S', '東証スタンダード']
2026-05-28 11:00:22,636 [SKIP] len error : ['東G', '東証グロース']
2026-05-28 11:00:22,636 [SKIP] len error : ['東Ｅ', '東証ETF']
2026-05-28 11:00:22,636 [SKIP] len error : ['東EN', '東証ETN']
2026-05-28 11:00:22,636 [SKIP] len error : ['東Ｒ', '東証REIT']
2026-05-28 11:00:22,636 [SKIP] len error : ['東IF', '東証インフラファンド']
2026-05-28 11:00:22,636 [SKIP] len error : ['名Ｐ', '名証プレミア']
2026-05-28 11:00:22,636 [SKIP] len error : ['名M', '名証メイン']
2026-05-28 11:00:22,636 [SKIP] len error : ['名N', '名証ネクスト']
2026-05-28 11:00:22,636 [SKIP] len error : ['名Ｅ', '名証ETF']
2026-05-28 11:00:22,636 [SKIP] len error : ['札Ａ', '札証アンビシャス']
2026-05-28 11:00:22,636 [SKIP] len error : ['福Ｑ', '福証Q-Board']
2026-05-28 11:00:22,636 [SKIP] len error : ['①', '高い', '1,000回以上', '13.9%']
2026-05-28 11:00:22,636 [SKIP] len error : ['②', 'やや高い', '400回〜1,000回', '18.5%']
2026-05-28 11:00:22,636 [SKIP] len error : ['③', '中位', '50回〜400回', '39.0%']
2026-05-28 11:00:22,636 [SKIP] len error : ['④', 'やや低い', '10回〜50回', '17.6%']
2026-05-28 11:00:22,636 [SKIP] len error : ['⑤', '低い', '10回未満', '11.0%']
2026-05-28 11:00:22,637 460件 / ?件中 20:00
2026-05-28 11:00:22,670 [TOTAL] None
2026-05-28 11:00:22,670 [COUNT] 460
2026-05-28 11:00:23,460 [PAGE] 24
2026-05-28 11:00:23,772 [SKIP] len error : ['東P', '東証プライム']
2026-05-28 11:00:23,772 [SKIP] len error : ['東S', '東証スタンダード']
2026-05-28 11:00:23,772 [SKIP] len error : ['東G', '東証グロース']
2026-05-28 11:00:23,772 [SKIP] len error : ['東Ｅ', '東証ETF']
2026-05-28 11:00:23,772 [SKIP] len error : ['東EN', '東証ETN']
2026-05-28 11:00:23,772 [SKIP] len error : ['東Ｒ', '東証REIT']
2026-05-28 11:00:23,772 [SKIP] len error : ['東IF', '東証インフラファンド']
2026-05-28 11:00:23,772 [SKIP] len error : ['名Ｐ', '名証プレミア']
2026-05-28 11:00:23,772 [SKIP] len error : ['名M', '名証メイン']
2026-05-28 11:00:23,772 [SKIP] len error : ['名N', '名証ネクスト']
2026-05-28 11:00:23,772 [SKIP] len error : ['名Ｅ', '名証ETF']
2026-05-28 11:00:23,772 [SKIP] len error : ['札Ａ', '札証アンビシャス']
2026-05-28 11:00:23,772 [SKIP] len error : ['福Ｑ', '福証Q-Board']
2026-05-28 11:00:23,772 [SKIP] len error : ['①', '高い', '1,000回以上', '13.9%']
2026-05-28 11:00:23,772 [SKIP] len error : ['②', 'やや高い', '400回〜1,000回', '18.5%']
2026-05-28 11:00:23,772 [SKIP] len error : ['③', '中位', '50回〜400回', '39.0%']
2026-05-28 11:00:23,772 [SKIP] len error : ['④', 'やや低い', '10回〜50回', '17.6%']
2026-05-28 11:00:23,772 [SKIP] len error : ['⑤', '低い', '10回未満', '11.0%']
2026-05-28 11:00:23,772 480件 / ?件中 20:00
2026-05-28 11:00:23,806 [TOTAL] None
2026-05-28 11:00:23,806 [COUNT] 480
2026-05-28 11:00:24,964 [PAGE] 25
2026-05-28 11:00:25,232 [SKIP] len error : ['東P', '東証プライム']
2026-05-28 11:00:25,232 [SKIP] len error : ['東S', '東証スタンダード']
2026-05-28 11:00:25,232 [SKIP] len error : ['東G', '東証グロース']
2026-05-28 11:00:25,232 [SKIP] len error : ['東Ｅ', '東証ETF']
2026-05-28 11:00:25,232 [SKIP] len error : ['東EN', '東証ETN']
2026-05-28 11:00:25,232 [SKIP] len error : ['東Ｒ', '東証REIT']
2026-05-28 11:00:25,232 [SKIP] len error : ['東IF', '東証インフラファンド']
2026-05-28 11:00:25,232 [SKIP] len error : ['名Ｐ', '名証プレミア']
2026-05-28 11:00:25,232 [SKIP] len error : ['名M', '名証メイン']
2026-05-28 11:00:25,232 [SKIP] len error : ['名N', '名証ネクスト']
2026-05-28 11:00:25,232 [SKIP] len error : ['名Ｅ', '名証ETF']
2026-05-28 11:00:25,232 [SKIP] len error : ['札Ａ', '札証アンビシャス']
2026-05-28 11:00:25,232 [SKIP] len error : ['福Ｑ', '福証Q-Board']
2026-05-28 11:00:25,232 [SKIP] len error : ['①', '高い', '1,000回以上', '13.9%']
2026-05-28 11:00:25,232 [SKIP] len error : ['②', 'やや高い', '400回〜1,000回', '18.5%']
2026-05-28 11:00:25,232 [SKIP] len error : ['③', '中位', '50回〜400回', '39.0%']
2026-05-28 11:00:25,232 [SKIP] len error : ['④', 'やや低い', '10回〜50回', '17.6%']
2026-05-28 11:00:25,232 [SKIP] len error : ['⑤', '低い', '10回未満', '11.0%']
2026-05-28 11:00:25,232 500件 / ?件中 20:00
2026-05-28 11:00:25,267 [TOTAL] None
2026-05-28 11:00:25,267 [COUNT] 500
2026-05-28 11:00:26,611 [PAGE] 26
2026-05-28 11:00:26,912 [SKIP] len error : ['東P', '東証プライム']
2026-05-28 11:00:26,912 [SKIP] len error : ['東S', '東証スタンダード']
2026-05-28 11:00:26,912 [SKIP] len error : ['東G', '東証グロース']
2026-05-28 11:00:26,912 [SKIP] len error : ['東Ｅ', '東証ETF']
2026-05-28 11:00:26,912 [SKIP] len error : ['東EN', '東証ETN']
2026-05-28 11:00:26,912 [SKIP] len error : ['東Ｒ', '東証REIT']
2026-05-28 11:00:26,912 [SKIP] len error : ['東IF', '東証インフラファンド']
2026-05-28 11:00:26,912 [SKIP] len error : ['名Ｐ', '名証プレミア']
2026-05-28 11:00:26,912 [SKIP] len error : ['名M', '名証メイン']
2026-05-28 11:00:26,912 [SKIP] len error : ['名N', '名証ネクスト']
2026-05-28 11:00:26,912 [SKIP] len error : ['名Ｅ', '名証ETF']
2026-05-28 11:00:26,912 [SKIP] len error : ['札Ａ', '札証アンビシャス']
2026-05-28 11:00:26,912 [SKIP] len error : ['福Ｑ', '福証Q-Board']
2026-05-28 11:00:26,912 [SKIP] len error : ['①', '高い', '1,000回以上', '13.9%']
2026-05-28 11:00:26,912 [SKIP] len error : ['②', 'やや高い', '400回〜1,000回', '18.5%']
2026-05-28 11:00:26,912 [SKIP] len error : ['③', '中位', '50回〜400回', '39.0%']
2026-05-28 11:00:26,912 [SKIP] len error : ['④', 'やや低い', '10回〜50回', '17.6%']
2026-05-28 11:00:26,912 [SKIP] len error : ['⑤', '低い', '10回未満', '11.0%']
2026-05-28 11:00:26,913 520件 / ?件中 20:00
2026-05-28 11:00:26,947 [TOTAL] None
2026-05-28 11:00:26,947 [COUNT] 520
2026-05-28 11:00:28,220 [PAGE] 27
2026-05-28 11:00:28,507 [SKIP] len error : ['東P', '東証プライム']
2026-05-28 11:00:28,507 [SKIP] len error : ['東S', '東証スタンダード']
2026-05-28 11:00:28,507 [SKIP] len error : ['東G', '東証グロース']
2026-05-28 11:00:28,508 [SKIP] len error : ['東Ｅ', '東証ETF']
2026-05-28 11:00:28,508 [SKIP] len error : ['東EN', '東証ETN']
2026-05-28 11:00:28,508 [SKIP] len error : ['東Ｒ', '東証REIT']
2026-05-28 11:00:28,508 [SKIP] len error : ['東IF', '東証インフラファンド']
2026-05-28 11:00:28,508 [SKIP] len error : ['名Ｐ', '名証プレミア']
2026-05-28 11:00:28,508 [SKIP] len error : ['名M', '名証メイン']
2026-05-28 11:00:28,508 [SKIP] len error : ['名N', '名証ネクスト']
2026-05-28 11:00:28,508 [SKIP] len error : ['名Ｅ', '名証ETF']
2026-05-28 11:00:28,508 [SKIP] len error : ['札Ａ', '札証アンビシャス']
2026-05-28 11:00:28,508 [SKIP] len error : ['福Ｑ', '福証Q-Board']
2026-05-28 11:00:28,508 [SKIP] len error : ['①', '高い', '1,000回以上', '13.9%']
2026-05-28 11:00:28,508 [SKIP] len error : ['②', 'やや高い', '400回〜1,000回', '18.5%']
2026-05-28 11:00:28,508 [SKIP] len error : ['③', '中位', '50回〜400回', '39.0%']
2026-05-28 11:00:28,508 [SKIP] len error : ['④', 'やや低い', '10回〜50回', '17.6%']
2026-05-28 11:00:28,508 [SKIP] len error : ['⑤', '低い', '10回未満', '11.0%']
2026-05-28 11:00:28,508 540件 / ?件中 20:00
2026-05-28 11:00:28,542 [TOTAL] None
2026-05-28 11:00:28,542 [COUNT] 540
2026-05-28 11:00:29,730 [PAGE] 28
2026-05-28 11:00:29,995 [SKIP] len error : ['東P', '東証プライム']
2026-05-28 11:00:29,996 [SKIP] len error : ['東S', '東証スタンダード']
2026-05-28 11:00:29,996 [SKIP] len error : ['東G', '東証グロース']
2026-05-28 11:00:29,996 [SKIP] len error : ['東Ｅ', '東証ETF']
2026-05-28 11:00:29,996 [SKIP] len error : ['東EN', '東証ETN']
2026-05-28 11:00:29,996 [SKIP] len error : ['東Ｒ', '東証REIT']
2026-05-28 11:00:29,996 [SKIP] len error : ['東IF', '東証インフラファンド']
2026-05-28 11:00:29,996 [SKIP] len error : ['名Ｐ', '名証プレミア']
2026-05-28 11:00:29,996 [SKIP] len error : ['名M', '名証メイン']
2026-05-28 11:00:29,996 [SKIP] len error : ['名N', '名証ネクスト']
2026-05-28 11:00:29,996 [SKIP] len error : ['名Ｅ', '名証ETF']
2026-05-28 11:00:29,996 [SKIP] len error : ['札Ａ', '札証アンビシャス']
2026-05-28 11:00:29,996 [SKIP] len error : ['福Ｑ', '福証Q-Board']
2026-05-28 11:00:29,996 [SKIP] len error : ['①', '高い', '1,000回以上', '13.9%']
2026-05-28 11:00:29,996 [SKIP] len error : ['②', 'やや高い', '400回〜1,000回', '18.5%']
2026-05-28 11:00:29,996 [SKIP] len error : ['③', '中位', '50回〜400回', '39.0%']
2026-05-28 11:00:29,996 [SKIP] len error : ['④', 'やや低い', '10回〜50回', '17.6%']
2026-05-28 11:00:29,996 [SKIP] len error : ['⑤', '低い', '10回未満', '11.0%']
2026-05-28 11:00:29,996 560件 / ?件中 20:00
2026-05-28 11:00:30,030 [TOTAL] None
2026-05-28 11:00:30,030 [COUNT] 560
2026-05-28 11:00:30,767 [PAGE] 29
2026-05-28 11:00:31,033 [SKIP] len error : ['東P', '東証プライム']
2026-05-28 11:00:31,033 [SKIP] len error : ['東S', '東証スタンダード']
2026-05-28 11:00:31,033 [SKIP] len error : ['東G', '東証グロース']
2026-05-28 11:00:31,033 [SKIP] len error : ['東Ｅ', '東証ETF']
2026-05-28 11:00:31,033 [SKIP] len error : ['東EN', '東証ETN']
2026-05-28 11:00:31,033 [SKIP] len error : ['東Ｒ', '東証REIT']
2026-05-28 11:00:31,033 [SKIP] len error : ['東IF', '東証インフラファンド']
2026-05-28 11:00:31,033 [SKIP] len error : ['名Ｐ', '名証プレミア']
2026-05-28 11:00:31,033 [SKIP] len error : ['名M', '名証メイン']
2026-05-28 11:00:31,033 [SKIP] len error : ['名N', '名証ネクスト']
2026-05-28 11:00:31,033 [SKIP] len error : ['名Ｅ', '名証ETF']
2026-05-28 11:00:31,033 [SKIP] len error : ['札Ａ', '札証アンビシャス']
2026-05-28 11:00:31,033 [SKIP] len error : ['福Ｑ', '福証Q-Board']
2026-05-28 11:00:31,033 [SKIP] len error : ['①', '高い', '1,000回以上', '13.9%']
2026-05-28 11:00:31,033 [SKIP] len error : ['②', 'やや高い', '400回〜1,000回', '18.5%']
2026-05-28 11:00:31,033 [SKIP] len error : ['③', '中位', '50回〜400回', '39.0%']
2026-05-28 11:00:31,033 [SKIP] len error : ['④', 'やや低い', '10回〜50回', '17.6%']
2026-05-28 11:00:31,033 [SKIP] len error : ['⑤', '低い', '10回未満', '11.0%']
2026-05-28 11:00:31,034 580件 / ?件中 20:00
2026-05-28 11:00:31,070 [TOTAL] None
2026-05-28 11:00:31,070 [COUNT] 580
2026-05-28 11:00:32,481 [PAGE] 30
2026-05-28 11:00:32,786 [SKIP] len error : ['東P', '東証プライム']
2026-05-28 11:00:32,786 [SKIP] len error : ['東S', '東証スタンダード']
2026-05-28 11:00:32,786 [SKIP] len error : ['東G', '東証グロース']
2026-05-28 11:00:32,786 [SKIP] len error : ['東Ｅ', '東証ETF']
2026-05-28 11:00:32,786 [SKIP] len error : ['東EN', '東証ETN']
2026-05-28 11:00:32,786 [SKIP] len error : ['東Ｒ', '東証REIT']
2026-05-28 11:00:32,786 [SKIP] len error : ['東IF', '東証インフラファンド']
2026-05-28 11:00:32,786 [SKIP] len error : ['名Ｐ', '名証プレミア']
2026-05-28 11:00:32,786 [SKIP] len error : ['名M', '名証メイン']
2026-05-28 11:00:32,786 [SKIP] len error : ['名N', '名証ネクスト']
2026-05-28 11:00:32,786 [SKIP] len error : ['名Ｅ', '名証ETF']
2026-05-28 11:00:32,786 [SKIP] len error : ['札Ａ', '札証アンビシャス']
2026-05-28 11:00:32,786 [SKIP] len error : ['福Ｑ', '福証Q-Board']
2026-05-28 11:00:32,787 [SKIP] len error : ['①', '高い', '1,000回以上', '13.9%']
2026-05-28 11:00:32,787 [SKIP] len error : ['②', 'やや高い', '400回〜1,000回', '18.5%']
2026-05-28 11:00:32,787 [SKIP] len error : ['③', '中位', '50回〜400回', '39.0%']
2026-05-28 11:00:32,787 [SKIP] len error : ['④', 'やや低い', '10回〜50回', '17.6%']
2026-05-28 11:00:32,787 [SKIP] len error : ['⑤', '低い', '10回未満', '11.0%']
2026-05-28 11:00:32,787 600件 / ?件中 20:00
2026-05-28 11:00:32,854 [TOTAL] None
2026-05-28 11:00:32,854 [COUNT] 600
2026-05-28 11:00:33,619 [PAGE] 31
2026-05-28 11:00:33,888 [SKIP] len error : ['東P', '東証プライム']
2026-05-28 11:00:33,888 [SKIP] len error : ['東S', '東証スタンダード']
2026-05-28 11:00:33,888 [SKIP] len error : ['東G', '東証グロース']
2026-05-28 11:00:33,888 [SKIP] len error : ['東Ｅ', '東証ETF']
2026-05-28 11:00:33,888 [SKIP] len error : ['東EN', '東証ETN']
2026-05-28 11:00:33,888 [SKIP] len error : ['東Ｒ', '東証REIT']
2026-05-28 11:00:33,888 [SKIP] len error : ['東IF', '東証インフラファンド']
2026-05-28 11:00:33,888 [SKIP] len error : ['名Ｐ', '名証プレミア']
2026-05-28 11:00:33,888 [SKIP] len error : ['名M', '名証メイン']
2026-05-28 11:00:33,888 [SKIP] len error : ['名N', '名証ネクスト']
2026-05-28 11:00:33,888 [SKIP] len error : ['名Ｅ', '名証ETF']
2026-05-28 11:00:33,888 [SKIP] len error : ['札Ａ', '札証アンビシャス']
2026-05-28 11:00:33,888 [SKIP] len error : ['福Ｑ', '福証Q-Board']
2026-05-28 11:00:33,888 [SKIP] len error : ['①', '高い', '1,000回以上', '13.9%']
2026-05-28 11:00:33,888 [SKIP] len error : ['②', 'やや高い', '400回〜1,000回', '18.5%']
2026-05-28 11:00:33,888 [SKIP] len error : ['③', '中位', '50回〜400回', '39.0%']
2026-05-28 11:00:33,888 [SKIP] len error : ['④', 'やや低い', '10回〜50回', '17.6%']
2026-05-28 11:00:33,888 [SKIP] len error : ['⑤', '低い', '10回未満', '11.0%']
2026-05-28 11:00:33,888 620件 / ?件中 20:00
2026-05-28 11:00:33,923 [TOTAL] None
2026-05-28 11:00:33,923 [COUNT] 620
2026-05-28 11:00:34,547 [PAGE] 32
2026-05-28 11:00:34,825 [SKIP] len error : ['東P', '東証プライム']
2026-05-28 11:00:34,825 [SKIP] len error : ['東S', '東証スタンダード']
2026-05-28 11:00:34,825 [SKIP] len error : ['東G', '東証グロース']
2026-05-28 11:00:34,825 [SKIP] len error : ['東Ｅ', '東証ETF']
2026-05-28 11:00:34,825 [SKIP] len error : ['東EN', '東証ETN']
2026-05-28 11:00:34,825 [SKIP] len error : ['東Ｒ', '東証REIT']
2026-05-28 11:00:34,825 [SKIP] len error : ['東IF', '東証インフラファンド']
2026-05-28 11:00:34,825 [SKIP] len error : ['名Ｐ', '名証プレミア']
2026-05-28 11:00:34,825 [SKIP] len error : ['名M', '名証メイン']
2026-05-28 11:00:34,825 [SKIP] len error : ['名N', '名証ネクスト']
2026-05-28 11:00:34,825 [SKIP] len error : ['名Ｅ', '名証ETF']
2026-05-28 11:00:34,825 [SKIP] len error : ['札Ａ', '札証アンビシャス']
2026-05-28 11:00:34,825 [SKIP] len error : ['福Ｑ', '福証Q-Board']
2026-05-28 11:00:34,825 [SKIP] len error : ['①', '高い', '1,000回以上', '13.9%']
2026-05-28 11:00:34,825 [SKIP] len error : ['②', 'やや高い', '400回〜1,000回', '18.5%']
2026-05-28 11:00:34,825 [SKIP] len error : ['③', '中位', '50回〜400回', '39.0%']
2026-05-28 11:00:34,825 [SKIP] len error : ['④', 'やや低い', '10回〜50回', '17.6%']
2026-05-28 11:00:34,825 [SKIP] len error : ['⑤', '低い', '10回未満', '11.0%']
2026-05-28 11:00:34,825 640件 / ?件中 20:00
2026-05-28 11:00:34,859 [TOTAL] None
2026-05-28 11:00:34,859 [COUNT] 640
2026-05-28 11:00:36,135 [PAGE] 33
2026-05-28 11:00:36,429 [SKIP] len error : ['東P', '東証プライム']
2026-05-28 11:00:36,429 [SKIP] len error : ['東S', '東証スタンダード']
2026-05-28 11:00:36,429 [SKIP] len error : ['東G', '東証グロース']
2026-05-28 11:00:36,429 [SKIP] len error : ['東Ｅ', '東証ETF']
2026-05-28 11:00:36,429 [SKIP] len error : ['東EN', '東証ETN']
2026-05-28 11:00:36,429 [SKIP] len error : ['東Ｒ', '東証REIT']
2026-05-28 11:00:36,429 [SKIP] len error : ['東IF', '東証インフラファンド']
2026-05-28 11:00:36,429 [SKIP] len error : ['名Ｐ', '名証プレミア']
2026-05-28 11:00:36,430 [SKIP] len error : ['名M', '名証メイン']
2026-05-28 11:00:36,430 [SKIP] len error : ['名N', '名証ネクスト']
2026-05-28 11:00:36,430 [SKIP] len error : ['名Ｅ', '名証ETF']
2026-05-28 11:00:36,430 [SKIP] len error : ['札Ａ', '札証アンビシャス']
2026-05-28 11:00:36,430 [SKIP] len error : ['福Ｑ', '福証Q-Board']
2026-05-28 11:00:36,430 [SKIP] len error : ['①', '高い', '1,000回以上', '13.9%']
2026-05-28 11:00:36,430 [SKIP] len error : ['②', 'やや高い', '400回〜1,000回', '18.5%']
2026-05-28 11:00:36,430 [SKIP] len error : ['③', '中位', '50回〜400回', '39.0%']
2026-05-28 11:00:36,430 [SKIP] len error : ['④', 'やや低い', '10回〜50回', '17.6%']
2026-05-28 11:00:36,430 [SKIP] len error : ['⑤', '低い', '10回未満', '11.0%']
2026-05-28 11:00:36,430 660件 / ?件中 20:00
2026-05-28 11:00:36,464 [TOTAL] None
2026-05-28 11:00:36,464 [COUNT] 660
2026-05-28 11:00:37,085 [PAGE] 34
2026-05-28 11:00:37,359 [SKIP] len error : ['東P', '東証プライム']
2026-05-28 11:00:37,359 [SKIP] len error : ['東S', '東証スタンダード']
2026-05-28 11:00:37,359 [SKIP] len error : ['東G', '東証グロース']
2026-05-28 11:00:37,359 [SKIP] len error : ['東Ｅ', '東証ETF']
2026-05-28 11:00:37,359 [SKIP] len error : ['東EN', '東証ETN']
2026-05-28 11:00:37,359 [SKIP] len error : ['東Ｒ', '東証REIT']
2026-05-28 11:00:37,359 [SKIP] len error : ['東IF', '東証インフラファンド']
2026-05-28 11:00:37,359 [SKIP] len error : ['名Ｐ', '名証プレミア']
2026-05-28 11:00:37,359 [SKIP] len error : ['名M', '名証メイン']
2026-05-28 11:00:37,359 [SKIP] len error : ['名N', '名証ネクスト']
2026-05-28 11:00:37,359 [SKIP] len error : ['名Ｅ', '名証ETF']
2026-05-28 11:00:37,359 [SKIP] len error : ['札Ａ', '札証アンビシャス']
2026-05-28 11:00:37,359 [SKIP] len error : ['福Ｑ', '福証Q-Board']
2026-05-28 11:00:37,359 [SKIP] len error : ['①', '高い', '1,000回以上', '13.9%']
2026-05-28 11:00:37,359 [SKIP] len error : ['②', 'やや高い', '400回〜1,000回', '18.5%']
2026-05-28 11:00:37,359 [SKIP] len error : ['③', '中位', '50回〜400回', '39.0%']
2026-05-28 11:00:37,359 [SKIP] len error : ['④', 'やや低い', '10回〜50回', '17.6%']
2026-05-28 11:00:37,359 [SKIP] len error : ['⑤', '低い', '10回未満', '11.0%']
2026-05-28 11:00:37,359 680件 / ?件中 20:00
2026-05-28 11:00:37,393 [TOTAL] None
2026-05-28 11:00:37,393 [COUNT] 680
2026-05-28 11:00:38,427 [PAGE] 35
2026-05-28 11:00:38,754 [SKIP] len error : ['東P', '東証プライム']
2026-05-28 11:00:38,754 [SKIP] len error : ['東S', '東証スタンダード']
2026-05-28 11:00:38,754 [SKIP] len error : ['東G', '東証グロース']
2026-05-28 11:00:38,754 [SKIP] len error : ['東Ｅ', '東証ETF']
2026-05-28 11:00:38,754 [SKIP] len error : ['東EN', '東証ETN']
2026-05-28 11:00:38,754 [SKIP] len error : ['東Ｒ', '東証REIT']
2026-05-28 11:00:38,754 [SKIP] len error : ['東IF', '東証インフラファンド']
2026-05-28 11:00:38,754 [SKIP] len error : ['名Ｐ', '名証プレミア']
2026-05-28 11:00:38,754 [SKIP] len error : ['名M', '名証メイン']
2026-05-28 11:00:38,754 [SKIP] len error : ['名N', '名証ネクスト']
2026-05-28 11:00:38,754 [SKIP] len error : ['名Ｅ', '名証ETF']
2026-05-28 11:00:38,754 [SKIP] len error : ['札Ａ', '札証アンビシャス']
2026-05-28 11:00:38,754 [SKIP] len error : ['福Ｑ', '福証Q-Board']
2026-05-28 11:00:38,754 [SKIP] len error : ['①', '高い', '1,000回以上', '13.9%']
2026-05-28 11:00:38,754 [SKIP] len error : ['②', 'やや高い', '400回〜1,000回', '18.5%']
2026-05-28 11:00:38,754 [SKIP] len error : ['③', '中位', '50回〜400回', '39.0%']
2026-05-28 11:00:38,754 [SKIP] len error : ['④', 'やや低い', '10回〜50回', '17.6%']
2026-05-28 11:00:38,754 [SKIP] len error : ['⑤', '低い', '10回未満', '11.0%']
2026-05-28 11:00:38,755 700件 / ?件中 20:00
2026-05-28 11:00:38,788 [TOTAL] None
2026-05-28 11:00:38,788 [COUNT] 700
2026-05-28 11:00:39,806 [PAGE] 36
2026-05-28 11:00:40,100 [SKIP] len error : ['東P', '東証プライム']
2026-05-28 11:00:40,100 [SKIP] len error : ['東S', '東証スタンダード']
2026-05-28 11:00:40,100 [SKIP] len error : ['東G', '東証グロース']
2026-05-28 11:00:40,100 [SKIP] len error : ['東Ｅ', '東証ETF']
2026-05-28 11:00:40,100 [SKIP] len error : ['東EN', '東証ETN']
2026-05-28 11:00:40,100 [SKIP] len error : ['東Ｒ', '東証REIT']
2026-05-28 11:00:40,100 [SKIP] len error : ['東IF', '東証インフラファンド']
2026-05-28 11:00:40,100 [SKIP] len error : ['名Ｐ', '名証プレミア']
2026-05-28 11:00:40,100 [SKIP] len error : ['名M', '名証メイン']
2026-05-28 11:00:40,100 [SKIP] len error : ['名N', '名証ネクスト']
2026-05-28 11:00:40,100 [SKIP] len error : ['名Ｅ', '名証ETF']
2026-05-28 11:00:40,101 [SKIP] len error : ['札Ａ', '札証アンビシャス']
2026-05-28 11:00:40,101 [SKIP] len error : ['福Ｑ', '福証Q-Board']
2026-05-28 11:00:40,101 [SKIP] len error : ['①', '高い', '1,000回以上', '13.9%']
2026-05-28 11:00:40,101 [SKIP] len error : ['②', 'やや高い', '400回〜1,000回', '18.5%']
2026-05-28 11:00:40,101 [SKIP] len error : ['③', '中位', '50回〜400回', '39.0%']
2026-05-28 11:00:40,101 [SKIP] len error : ['④', 'やや低い', '10回〜50回', '17.6%']
2026-05-28 11:00:40,101 [SKIP] len error : ['⑤', '低い', '10回未満', '11.0%']
2026-05-28 11:00:40,101 720件 / ?件中 20:00
2026-05-28 11:00:40,135 [TOTAL] None
2026-05-28 11:00:40,136 [COUNT] 720
2026-05-28 11:00:40,772 [PAGE] 37
2026-05-28 11:00:41,038 [SKIP] len error : ['東P', '東証プライム']
2026-05-28 11:00:41,038 [SKIP] len error : ['東S', '東証スタンダード']
2026-05-28 11:00:41,038 [SKIP] len error : ['東G', '東証グロース']
2026-05-28 11:00:41,038 [SKIP] len error : ['東Ｅ', '東証ETF']
2026-05-28 11:00:41,038 [SKIP] len error : ['東EN', '東証ETN']
2026-05-28 11:00:41,038 [SKIP] len error : ['東Ｒ', '東証REIT']
2026-05-28 11:00:41,038 [SKIP] len error : ['東IF', '東証インフラファンド']
2026-05-28 11:00:41,038 [SKIP] len error : ['名Ｐ', '名証プレミア']
2026-05-28 11:00:41,038 [SKIP] len error : ['名M', '名証メイン']
2026-05-28 11:00:41,038 [SKIP] len error : ['名N', '名証ネクスト']
2026-05-28 11:00:41,038 [SKIP] len error : ['名Ｅ', '名証ETF']
2026-05-28 11:00:41,038 [SKIP] len error : ['札Ａ', '札証アンビシャス']
2026-05-28 11:00:41,038 [SKIP] len error : ['福Ｑ', '福証Q-Board']
2026-05-28 11:00:41,038 [SKIP] len error : ['①', '高い', '1,000回以上', '13.9%']
2026-05-28 11:00:41,038 [SKIP] len error : ['②', 'やや高い', '400回〜1,000回', '18.5%']
2026-05-28 11:00:41,038 [SKIP] len error : ['③', '中位', '50回〜400回', '39.0%']
2026-05-28 11:00:41,038 [SKIP] len error : ['④', 'やや低い', '10回〜50回', '17.6%']
2026-05-28 11:00:41,038 [SKIP] len error : ['⑤', '低い', '10回未満', '11.0%']
2026-05-28 11:00:41,038 740件 / ?件中 20:00
2026-05-28 11:00:41,072 [TOTAL] None
2026-05-28 11:00:41,072 [COUNT] 740
2026-05-28 11:00:41,688 [PAGE] 38
2026-05-28 11:00:41,992 [SKIP] len error : ['東P', '東証プライム']
2026-05-28 11:00:41,992 [SKIP] len error : ['東S', '東証スタンダード']
2026-05-28 11:00:41,992 [SKIP] len error : ['東G', '東証グロース']
2026-05-28 11:00:41,992 [SKIP] len error : ['東Ｅ', '東証ETF']
2026-05-28 11:00:41,992 [SKIP] len error : ['東EN', '東証ETN']
2026-05-28 11:00:41,992 [SKIP] len error : ['東Ｒ', '東証REIT']
2026-05-28 11:00:41,992 [SKIP] len error : ['東IF', '東証インフラファンド']
2026-05-28 11:00:41,992 [SKIP] len error : ['名Ｐ', '名証プレミア']
2026-05-28 11:00:41,992 [SKIP] len error : ['名M', '名証メイン']
2026-05-28 11:00:41,992 [SKIP] len error : ['名N', '名証ネクスト']
2026-05-28 11:00:41,992 [SKIP] len error : ['名Ｅ', '名証ETF']
2026-05-28 11:00:41,992 [SKIP] len error : ['札Ａ', '札証アンビシャス']
2026-05-28 11:00:41,992 [SKIP] len error : ['福Ｑ', '福証Q-Board']
2026-05-28 11:00:41,992 [SKIP] len error : ['①', '高い', '1,000回以上', '13.9%']
2026-05-28 11:00:41,992 [SKIP] len error : ['②', 'やや高い', '400回〜1,000回', '18.5%']
2026-05-28 11:00:41,992 [SKIP] len error : ['③', '中位', '50回〜400回', '39.0%']
2026-05-28 11:00:41,992 [SKIP] len error : ['④', 'やや低い', '10回〜50回', '17.6%']
2026-05-28 11:00:41,992 [SKIP] len error : ['⑤', '低い', '10回未満', '11.0%']
2026-05-28 11:00:41,992 760件 / ?件中 20:00
2026-05-28 11:00:42,026 [TOTAL] None
2026-05-28 11:00:42,026 [COUNT] 760
2026-05-28 11:00:42,770 [PAGE] 39
2026-05-28 11:00:43,049 [SKIP] len error : ['東P', '東証プライム']
2026-05-28 11:00:43,049 [SKIP] len error : ['東S', '東証スタンダード']
2026-05-28 11:00:43,049 [SKIP] len error : ['東G', '東証グロース']
2026-05-28 11:00:43,050 [SKIP] len error : ['東Ｅ', '東証ETF']
2026-05-28 11:00:43,050 [SKIP] len error : ['東EN', '東証ETN']
2026-05-28 11:00:43,050 [SKIP] len error : ['東Ｒ', '東証REIT']
2026-05-28 11:00:43,050 [SKIP] len error : ['東IF', '東証インフラファンド']
2026-05-28 11:00:43,050 [SKIP] len error : ['名Ｐ', '名証プレミア']
2026-05-28 11:00:43,050 [SKIP] len error : ['名M', '名証メイン']
2026-05-28 11:00:43,050 [SKIP] len error : ['名N', '名証ネクスト']
2026-05-28 11:00:43,050 [SKIP] len error : ['名Ｅ', '名証ETF']
2026-05-28 11:00:43,050 [SKIP] len error : ['札Ａ', '札証アンビシャス']
2026-05-28 11:00:43,050 [SKIP] len error : ['福Ｑ', '福証Q-Board']
2026-05-28 11:00:43,050 [SKIP] len error : ['①', '高い', '1,000回以上', '13.9%']
2026-05-28 11:00:43,050 [SKIP] len error : ['②', 'やや高い', '400回〜1,000回', '18.5%']
2026-05-28 11:00:43,050 [SKIP] len error : ['③', '中位', '50回〜400回', '39.0%']
2026-05-28 11:00:43,050 [SKIP] len error : ['④', 'やや低い', '10回〜50回', '17.6%']
2026-05-28 11:00:43,050 [SKIP] len error : ['⑤', '低い', '10回未満', '11.0%']
2026-05-28 11:00:43,050 780件 / ?件中 20:00
2026-05-28 11:00:43,084 [TOTAL] None
2026-05-28 11:00:43,084 [COUNT] 780
2026-05-28 11:00:43,961 [PAGE] 40
2026-05-28 11:00:44,288 [SKIP] len error : ['東P', '東証プライム']
2026-05-28 11:00:44,288 [SKIP] len error : ['東S', '東証スタンダード']
2026-05-28 11:00:44,288 [SKIP] len error : ['東G', '東証グロース']
2026-05-28 11:00:44,288 [SKIP] len error : ['東Ｅ', '東証ETF']
2026-05-28 11:00:44,288 [SKIP] len error : ['東EN', '東証ETN']
2026-05-28 11:00:44,288 [SKIP] len error : ['東Ｒ', '東証REIT']
2026-05-28 11:00:44,288 [SKIP] len error : ['東IF', '東証インフラファンド']
2026-05-28 11:00:44,288 [SKIP] len error : ['名Ｐ', '名証プレミア']
2026-05-28 11:00:44,288 [SKIP] len error : ['名M', '名証メイン']
2026-05-28 11:00:44,288 [SKIP] len error : ['名N', '名証ネクスト']
2026-05-28 11:00:44,288 [SKIP] len error : ['名Ｅ', '名証ETF']
2026-05-28 11:00:44,288 [SKIP] len error : ['札Ａ', '札証アンビシャス']
2026-05-28 11:00:44,288 [SKIP] len error : ['福Ｑ', '福証Q-Board']
2026-05-28 11:00:44,289 [SKIP] len error : ['①', '高い', '1,000回以上', '13.9%']
2026-05-28 11:00:44,289 [SKIP] len error : ['②', 'やや高い', '400回〜1,000回', '18.5%']
2026-05-28 11:00:44,289 [SKIP] len error : ['③', '中位', '50回〜400回', '39.0%']
2026-05-28 11:00:44,289 [SKIP] len error : ['④', 'やや低い', '10回〜50回', '17.6%']
2026-05-28 11:00:44,289 [SKIP] len error : ['⑤', '低い', '10回未満', '11.0%']
2026-05-28 11:00:44,289 800件 / ?件中 20:00
2026-05-28 11:00:44,322 [TOTAL] None
2026-05-28 11:00:44,322 [COUNT] 800
2026-05-28 11:00:45,650 [PAGE] 41
2026-05-28 11:00:45,933 [SKIP] len error : ['東P', '東証プライム']
2026-05-28 11:00:45,933 [SKIP] len error : ['東S', '東証スタンダード']
2026-05-28 11:00:45,933 [SKIP] len error : ['東G', '東証グロース']
2026-05-28 11:00:45,933 [SKIP] len error : ['東Ｅ', '東証ETF']
2026-05-28 11:00:45,933 [SKIP] len error : ['東EN', '東証ETN']
2026-05-28 11:00:45,933 [SKIP] len error : ['東Ｒ', '東証REIT']
2026-05-28 11:00:45,933 [SKIP] len error : ['東IF', '東証インフラファンド']
2026-05-28 11:00:45,933 [SKIP] len error : ['名Ｐ', '名証プレミア']
2026-05-28 11:00:45,933 [SKIP] len error : ['名M', '名証メイン']
2026-05-28 11:00:45,933 [SKIP] len error : ['名N', '名証ネクスト']
2026-05-28 11:00:45,933 [SKIP] len error : ['名Ｅ', '名証ETF']
2026-05-28 11:00:45,933 [SKIP] len error : ['札Ａ', '札証アンビシャス']
2026-05-28 11:00:45,933 [SKIP] len error : ['福Ｑ', '福証Q-Board']
2026-05-28 11:00:45,933 [SKIP] len error : ['①', '高い', '1,000回以上', '13.9%']
2026-05-28 11:00:45,934 [SKIP] len error : ['②', 'やや高い', '400回〜1,000回', '18.5%']
2026-05-28 11:00:45,934 [SKIP] len error : ['③', '中位', '50回〜400回', '39.0%']
2026-05-28 11:00:45,934 [SKIP] len error : ['④', 'やや低い', '10回〜50回', '17.6%']
2026-05-28 11:00:45,934 [SKIP] len error : ['⑤', '低い', '10回未満', '11.0%']
2026-05-28 11:00:45,934 820件 / ?件中 20:00
2026-05-28 11:00:45,968 [TOTAL] None
2026-05-28 11:00:45,968 [COUNT] 820
2026-05-28 11:00:47,394 [PAGE] 42
2026-05-28 11:00:47,659 [SKIP] len error : ['東P', '東証プライム']
2026-05-28 11:00:47,659 [SKIP] len error : ['東S', '東証スタンダード']
2026-05-28 11:00:47,659 [SKIP] len error : ['東G', '東証グロース']
2026-05-28 11:00:47,659 [SKIP] len error : ['東Ｅ', '東証ETF']
2026-05-28 11:00:47,659 [SKIP] len error : ['東EN', '東証ETN']
2026-05-28 11:00:47,659 [SKIP] len error : ['東Ｒ', '東証REIT']
2026-05-28 11:00:47,659 [SKIP] len error : ['東IF', '東証インフラファンド']
2026-05-28 11:00:47,659 [SKIP] len error : ['名Ｐ', '名証プレミア']
2026-05-28 11:00:47,660 [SKIP] len error : ['名M', '名証メイン']
2026-05-28 11:00:47,660 [SKIP] len error : ['名N', '名証ネクスト']
2026-05-28 11:00:47,660 [SKIP] len error : ['名Ｅ', '名証ETF']
2026-05-28 11:00:47,660 [SKIP] len error : ['札Ａ', '札証アンビシャス']
2026-05-28 11:00:47,660 [SKIP] len error : ['福Ｑ', '福証Q-Board']
2026-05-28 11:00:47,660 [SKIP] len error : ['①', '高い', '1,000回以上', '13.9%']
2026-05-28 11:00:47,660 [SKIP] len error : ['②', 'やや高い', '400回〜1,000回', '18.5%']
2026-05-28 11:00:47,660 [SKIP] len error : ['③', '中位', '50回〜400回', '39.0%']
2026-05-28 11:00:47,660 [SKIP] len error : ['④', 'やや低い', '10回〜50回', '17.6%']
2026-05-28 11:00:47,660 [SKIP] len error : ['⑤', '低い', '10回未満', '11.0%']
2026-05-28 11:00:47,660 840件 / ?件中 20:00
2026-05-28 11:00:47,694 [TOTAL] None
2026-05-28 11:00:47,694 [COUNT] 840
2026-05-28 11:00:48,418 [PAGE] 43
2026-05-28 11:00:48,697 [SKIP] len error : ['東P', '東証プライム']
2026-05-28 11:00:48,697 [SKIP] len error : ['東S', '東証スタンダード']
2026-05-28 11:00:48,697 [SKIP] len error : ['東G', '東証グロース']
2026-05-28 11:00:48,697 [SKIP] len error : ['東Ｅ', '東証ETF']
2026-05-28 11:00:48,697 [SKIP] len error : ['東EN', '東証ETN']
2026-05-28 11:00:48,697 [SKIP] len error : ['東Ｒ', '東証REIT']
2026-05-28 11:00:48,697 [SKIP] len error : ['東IF', '東証インフラファンド']
2026-05-28 11:00:48,697 [SKIP] len error : ['名Ｐ', '名証プレミア']
2026-05-28 11:00:48,697 [SKIP] len error : ['名M', '名証メイン']
2026-05-28 11:00:48,697 [SKIP] len error : ['名N', '名証ネクスト']
2026-05-28 11:00:48,697 [SKIP] len error : ['名Ｅ', '名証ETF']
2026-05-28 11:00:48,697 [SKIP] len error : ['札Ａ', '札証アンビシャス']
2026-05-28 11:00:48,697 [SKIP] len error : ['福Ｑ', '福証Q-Board']
2026-05-28 11:00:48,697 [SKIP] len error : ['①', '高い', '1,000回以上', '13.9%']
2026-05-28 11:00:48,697 [SKIP] len error : ['②', 'やや高い', '400回〜1,000回', '18.5%']
2026-05-28 11:00:48,697 [SKIP] len error : ['③', '中位', '50回〜400回', '39.0%']
2026-05-28 11:00:48,697 [SKIP] len error : ['④', 'やや低い', '10回〜50回', '17.6%']
2026-05-28 11:00:48,697 [SKIP] len error : ['⑤', '低い', '10回未満', '11.0%']
2026-05-28 11:00:48,697 860件 / ?件中 20:00
2026-05-28 11:00:48,731 [TOTAL] None
2026-05-28 11:00:48,731 [COUNT] 860
2026-05-28 11:00:49,513 [PAGE] 44
2026-05-28 11:00:49,800 [SKIP] len error : ['東P', '東証プライム']
2026-05-28 11:00:49,800 [SKIP] len error : ['東S', '東証スタンダード']
2026-05-28 11:00:49,800 [SKIP] len error : ['東G', '東証グロース']
2026-05-28 11:00:49,801 [SKIP] len error : ['東Ｅ', '東証ETF']
2026-05-28 11:00:49,801 [SKIP] len error : ['東EN', '東証ETN']
2026-05-28 11:00:49,801 [SKIP] len error : ['東Ｒ', '東証REIT']
2026-05-28 11:00:49,801 [SKIP] len error : ['東IF', '東証インフラファンド']
2026-05-28 11:00:49,801 [SKIP] len error : ['名Ｐ', '名証プレミア']
2026-05-28 11:00:49,801 [SKIP] len error : ['名M', '名証メイン']
2026-05-28 11:00:49,801 [SKIP] len error : ['名N', '名証ネクスト']
2026-05-28 11:00:49,801 [SKIP] len error : ['名Ｅ', '名証ETF']
2026-05-28 11:00:49,801 [SKIP] len error : ['札Ａ', '札証アンビシャス']
2026-05-28 11:00:49,801 [SKIP] len error : ['福Ｑ', '福証Q-Board']
2026-05-28 11:00:49,801 [SKIP] len error : ['①', '高い', '1,000回以上', '13.9%']
2026-05-28 11:00:49,801 [SKIP] len error : ['②', 'やや高い', '400回〜1,000回', '18.5%']
2026-05-28 11:00:49,801 [SKIP] len error : ['③', '中位', '50回〜400回', '39.0%']
2026-05-28 11:00:49,801 [SKIP] len error : ['④', 'やや低い', '10回〜50回', '17.6%']
2026-05-28 11:00:49,801 [SKIP] len error : ['⑤', '低い', '10回未満', '11.0%']
2026-05-28 11:00:49,801 880件 / ?件中 20:00
2026-05-28 11:00:49,871 [TOTAL] None
2026-05-28 11:00:49,871 [COUNT] 880
2026-05-28 11:00:50,767 [PAGE] 45
2026-05-28 11:00:51,039 [SKIP] len error : ['東P', '東証プライム']
2026-05-28 11:00:51,039 [SKIP] len error : ['東S', '東証スタンダード']
2026-05-28 11:00:51,039 [SKIP] len error : ['東G', '東証グロース']
2026-05-28 11:00:51,039 [SKIP] len error : ['東Ｅ', '東証ETF']
2026-05-28 11:00:51,039 [SKIP] len error : ['東EN', '東証ETN']
2026-05-28 11:00:51,039 [SKIP] len error : ['東Ｒ', '東証REIT']
2026-05-28 11:00:51,039 [SKIP] len error : ['東IF', '東証インフラファンド']
2026-05-28 11:00:51,039 [SKIP] len error : ['名Ｐ', '名証プレミア']
2026-05-28 11:00:51,039 [SKIP] len error : ['名M', '名証メイン']
2026-05-28 11:00:51,039 [SKIP] len error : ['名N', '名証ネクスト']
2026-05-28 11:00:51,039 [SKIP] len error : ['名Ｅ', '名証ETF']
2026-05-28 11:00:51,039 [SKIP] len error : ['札Ａ', '札証アンビシャス']
2026-05-28 11:00:51,039 [SKIP] len error : ['福Ｑ', '福証Q-Board']
2026-05-28 11:00:51,039 [SKIP] len error : ['①', '高い', '1,000回以上', '13.9%']
2026-05-28 11:00:51,039 [SKIP] len error : ['②', 'やや高い', '400回〜1,000回', '18.5%']
2026-05-28 11:00:51,039 [SKIP] len error : ['③', '中位', '50回〜400回', '39.0%']
2026-05-28 11:00:51,039 [SKIP] len error : ['④', 'やや低い', '10回〜50回', '17.6%']
2026-05-28 11:00:51,039 [SKIP] len error : ['⑤', '低い', '10回未満', '11.0%']
2026-05-28 11:00:51,039 900件 / ?件中 20:00
2026-05-28 11:00:51,074 [TOTAL] None
2026-05-28 11:00:51,074 [COUNT] 900
2026-05-28 11:00:52,547 [PAGE] 46
2026-05-28 11:00:52,821 [SKIP] len error : ['東P', '東証プライム']
2026-05-28 11:00:52,821 [SKIP] len error : ['東S', '東証スタンダード']
2026-05-28 11:00:52,821 [SKIP] len error : ['東G', '東証グロース']
2026-05-28 11:00:52,821 [SKIP] len error : ['東Ｅ', '東証ETF']
2026-05-28 11:00:52,821 [SKIP] len error : ['東EN', '東証ETN']
2026-05-28 11:00:52,821 [SKIP] len error : ['東Ｒ', '東証REIT']
2026-05-28 11:00:52,821 [SKIP] len error : ['東IF', '東証インフラファンド']
2026-05-28 11:00:52,821 [SKIP] len error : ['名Ｐ', '名証プレミア']
2026-05-28 11:00:52,821 [SKIP] len error : ['名M', '名証メイン']
2026-05-28 11:00:52,821 [SKIP] len error : ['名N', '名証ネクスト']
2026-05-28 11:00:52,821 [SKIP] len error : ['名Ｅ', '名証ETF']
2026-05-28 11:00:52,821 [SKIP] len error : ['札Ａ', '札証アンビシャス']
2026-05-28 11:00:52,821 [SKIP] len error : ['福Ｑ', '福証Q-Board']
2026-05-28 11:00:52,821 [SKIP] len error : ['①', '高い', '1,000回以上', '13.9%']
2026-05-28 11:00:52,821 [SKIP] len error : ['②', 'やや高い', '400回〜1,000回', '18.5%']
2026-05-28 11:00:52,821 [SKIP] len error : ['③', '中位', '50回〜400回', '39.0%']
2026-05-28 11:00:52,821 [SKIP] len error : ['④', 'やや低い', '10回〜50回', '17.6%']
2026-05-28 11:00:52,821 [SKIP] len error : ['⑤', '低い', '10回未満', '11.0%']
2026-05-28 11:00:52,822 920件 / ?件中 20:00
2026-05-28 11:00:52,856 [TOTAL] None
2026-05-28 11:00:52,856 [COUNT] 920
2026-05-28 11:00:54,128 [PAGE] 47
2026-05-28 11:00:54,397 [SKIP] len error : ['東P', '東証プライム']
2026-05-28 11:00:54,398 [SKIP] len error : ['東S', '東証スタンダード']
2026-05-28 11:00:54,398 [SKIP] len error : ['東G', '東証グロース']
2026-05-28 11:00:54,398 [SKIP] len error : ['東Ｅ', '東証ETF']
2026-05-28 11:00:54,398 [SKIP] len error : ['東EN', '東証ETN']
2026-05-28 11:00:54,398 [SKIP] len error : ['東Ｒ', '東証REIT']
2026-05-28 11:00:54,398 [SKIP] len error : ['東IF', '東証インフラファンド']
2026-05-28 11:00:54,398 [SKIP] len error : ['名Ｐ', '名証プレミア']
2026-05-28 11:00:54,398 [SKIP] len error : ['名M', '名証メイン']
2026-05-28 11:00:54,398 [SKIP] len error : ['名N', '名証ネクスト']
2026-05-28 11:00:54,398 [SKIP] len error : ['名Ｅ', '名証ETF']
2026-05-28 11:00:54,398 [SKIP] len error : ['札Ａ', '札証アンビシャス']
2026-05-28 11:00:54,398 [SKIP] len error : ['福Ｑ', '福証Q-Board']
2026-05-28 11:00:54,398 [SKIP] len error : ['①', '高い', '1,000回以上', '13.9%']
2026-05-28 11:00:54,398 [SKIP] len error : ['②', 'やや高い', '400回〜1,000回', '18.5%']
2026-05-28 11:00:54,398 [SKIP] len error : ['③', '中位', '50回〜400回', '39.0%']
2026-05-28 11:00:54,398 [SKIP] len error : ['④', 'やや低い', '10回〜50回', '17.6%']
2026-05-28 11:00:54,398 [SKIP] len error : ['⑤', '低い', '10回未満', '11.0%']
2026-05-28 11:00:54,398 940件 / ?件中 20:00
2026-05-28 11:00:54,433 [TOTAL] None
2026-05-28 11:00:54,433 [COUNT] 940
2026-05-28 11:00:55,931 [PAGE] 48
2026-05-28 11:00:56,196 [SKIP] len error : ['東P', '東証プライム']
2026-05-28 11:00:56,196 [SKIP] len error : ['東S', '東証スタンダード']
2026-05-28 11:00:56,197 [SKIP] len error : ['東G', '東証グロース']
2026-05-28 11:00:56,197 [SKIP] len error : ['東Ｅ', '東証ETF']
2026-05-28 11:00:56,197 [SKIP] len error : ['東EN', '東証ETN']
2026-05-28 11:00:56,197 [SKIP] len error : ['東Ｒ', '東証REIT']
2026-05-28 11:00:56,197 [SKIP] len error : ['東IF', '東証インフラファンド']
2026-05-28 11:00:56,197 [SKIP] len error : ['名Ｐ', '名証プレミア']
2026-05-28 11:00:56,197 [SKIP] len error : ['名M', '名証メイン']
2026-05-28 11:00:56,197 [SKIP] len error : ['名N', '名証ネクスト']
2026-05-28 11:00:56,197 [SKIP] len error : ['名Ｅ', '名証ETF']
2026-05-28 11:00:56,197 [SKIP] len error : ['札Ａ', '札証アンビシャス']
2026-05-28 11:00:56,197 [SKIP] len error : ['福Ｑ', '福証Q-Board']
2026-05-28 11:00:56,197 [SKIP] len error : ['①', '高い', '1,000回以上', '13.9%']
2026-05-28 11:00:56,197 [SKIP] len error : ['②', 'やや高い', '400回〜1,000回', '18.5%']
2026-05-28 11:00:56,197 [SKIP] len error : ['③', '中位', '50回〜400回', '39.0%']
2026-05-28 11:00:56,197 [SKIP] len error : ['④', 'やや低い', '10回〜50回', '17.6%']
2026-05-28 11:00:56,197 [SKIP] len error : ['⑤', '低い', '10回未満', '11.0%']
2026-05-28 11:00:56,197 960件 / ?件中 20:00
2026-05-28 11:00:56,231 [TOTAL] None
2026-05-28 11:00:56,231 [COUNT] 960
2026-05-28 11:00:57,520 [PAGE] 49
2026-05-28 11:00:57,817 [SKIP] len error : ['東P', '東証プライム']
2026-05-28 11:00:57,817 [SKIP] len error : ['東S', '東証スタンダード']
2026-05-28 11:00:57,817 [SKIP] len error : ['東G', '東証グロース']
2026-05-28 11:00:57,817 [SKIP] len error : ['東Ｅ', '東証ETF']
2026-05-28 11:00:57,817 [SKIP] len error : ['東EN', '東証ETN']
2026-05-28 11:00:57,817 [SKIP] len error : ['東Ｒ', '東証REIT']
2026-05-28 11:00:57,817 [SKIP] len error : ['東IF', '東証インフラファンド']
2026-05-28 11:00:57,817 [SKIP] len error : ['名Ｐ', '名証プレミア']
2026-05-28 11:00:57,817 [SKIP] len error : ['名M', '名証メイン']
2026-05-28 11:00:57,817 [SKIP] len error : ['名N', '名証ネクスト']
2026-05-28 11:00:57,817 [SKIP] len error : ['名Ｅ', '名証ETF']
2026-05-28 11:00:57,817 [SKIP] len error : ['札Ａ', '札証アンビシャス']
2026-05-28 11:00:57,817 [SKIP] len error : ['福Ｑ', '福証Q-Board']
2026-05-28 11:00:57,817 [SKIP] len error : ['①', '高い', '1,000回以上', '13.9%']
2026-05-28 11:00:57,817 [SKIP] len error : ['②', 'やや高い', '400回〜1,000回', '18.5%']
2026-05-28 11:00:57,817 [SKIP] len error : ['③', '中位', '50回〜400回', '39.0%']
2026-05-28 11:00:57,817 [SKIP] len error : ['④', 'やや低い', '10回〜50回', '17.6%']
2026-05-28 11:00:57,817 [SKIP] len error : ['⑤', '低い', '10回未満', '11.0%']
2026-05-28 11:00:57,818 980件 / ?件中 20:00
2026-05-28 11:00:57,893 [TOTAL] None
2026-05-28 11:00:57,893 [COUNT] 980
2026-05-28 11:00:58,585 [PAGE] 50
2026-05-28 11:00:58,856 [SKIP] len error : ['東P', '東証プライム']
2026-05-28 11:00:58,856 [SKIP] len error : ['東S', '東証スタンダード']
2026-05-28 11:00:58,856 [SKIP] len error : ['東G', '東証グロース']
2026-05-28 11:00:58,856 [SKIP] len error : ['東Ｅ', '東証ETF']
2026-05-28 11:00:58,856 [SKIP] len error : ['東EN', '東証ETN']
2026-05-28 11:00:58,856 [SKIP] len error : ['東Ｒ', '東証REIT']
2026-05-28 11:00:58,856 [SKIP] len error : ['東IF', '東証インフラファンド']
2026-05-28 11:00:58,857 [SKIP] len error : ['名Ｐ', '名証プレミア']
2026-05-28 11:00:58,857 [SKIP] len error : ['名M', '名証メイン']
2026-05-28 11:00:58,857 [SKIP] len error : ['名N', '名証ネクスト']
2026-05-28 11:00:58,857 [SKIP] len error : ['名Ｅ', '名証ETF']
2026-05-28 11:00:58,857 [SKIP] len error : ['札Ａ', '札証アンビシャス']
2026-05-28 11:00:58,857 [SKIP] len error : ['福Ｑ', '福証Q-Board']
2026-05-28 11:00:58,857 [SKIP] len error : ['①', '高い', '1,000回以上', '13.9%']
2026-05-28 11:00:58,857 [SKIP] len error : ['②', 'やや高い', '400回〜1,000回', '18.5%']
2026-05-28 11:00:58,857 [SKIP] len error : ['③', '中位', '50回〜400回', '39.0%']
2026-05-28 11:00:58,857 [SKIP] len error : ['④', 'やや低い', '10回〜50回', '17.6%']
2026-05-28 11:00:58,857 [SKIP] len error : ['⑤', '低い', '10回未満', '11.0%']
2026-05-28 11:00:58,857 1000件 / ?件中 20:00
2026-05-28 11:00:58,891 [TOTAL] None
2026-05-28 11:00:58,891 [COUNT] 1000
2026-05-28 11:00:59,938 [PAGE] 51
2026-05-28 11:01:00,248 [SKIP] len error : ['東P', '東証プライム']
2026-05-28 11:01:00,248 [SKIP] len error : ['東S', '東証スタンダード']
2026-05-28 11:01:00,248 [SKIP] len error : ['東G', '東証グロース']
2026-05-28 11:01:00,248 [SKIP] len error : ['東Ｅ', '東証ETF']
2026-05-28 11:01:00,248 [SKIP] len error : ['東EN', '東証ETN']
2026-05-28 11:01:00,248 [SKIP] len error : ['東Ｒ', '東証REIT']
2026-05-28 11:01:00,248 [SKIP] len error : ['東IF', '東証インフラファンド']
2026-05-28 11:01:00,248 [SKIP] len error : ['名Ｐ', '名証プレミア']
2026-05-28 11:01:00,248 [SKIP] len error : ['名M', '名証メイン']
2026-05-28 11:01:00,248 [SKIP] len error : ['名N', '名証ネクスト']
2026-05-28 11:01:00,248 [SKIP] len error : ['名Ｅ', '名証ETF']
2026-05-28 11:01:00,248 [SKIP] len error : ['札Ａ', '札証アンビシャス']
2026-05-28 11:01:00,248 [SKIP] len error : ['福Ｑ', '福証Q-Board']
2026-05-28 11:01:00,248 [SKIP] len error : ['①', '高い', '1,000回以上', '13.9%']
2026-05-28 11:01:00,248 [SKIP] len error : ['②', 'やや高い', '400回〜1,000回', '18.5%']
2026-05-28 11:01:00,248 [SKIP] len error : ['③', '中位', '50回〜400回', '39.0%']
2026-05-28 11:01:00,248 [SKIP] len error : ['④', 'やや低い', '10回〜50回', '17.6%']
2026-05-28 11:01:00,248 [SKIP] len error : ['⑤', '低い', '10回未満', '11.0%']
2026-05-28 11:01:00,249 1020件 / ?件中 20:01
2026-05-28 11:01:00,282 [TOTAL] None
2026-05-28 11:01:00,282 [COUNT] 1020
2026-05-28 11:01:00,896 [PAGE] 52
2026-05-28 11:01:01,187 [SKIP] len error : ['東P', '東証プライム']
2026-05-28 11:01:01,187 [SKIP] len error : ['東S', '東証スタンダード']
2026-05-28 11:01:01,187 [SKIP] len error : ['東G', '東証グロース']
2026-05-28 11:01:01,187 [SKIP] len error : ['東Ｅ', '東証ETF']
2026-05-28 11:01:01,187 [SKIP] len error : ['東EN', '東証ETN']
2026-05-28 11:01:01,187 [SKIP] len error : ['東Ｒ', '東証REIT']
2026-05-28 11:01:01,187 [SKIP] len error : ['東IF', '東証インフラファンド']
2026-05-28 11:01:01,187 [SKIP] len error : ['名Ｐ', '名証プレミア']
2026-05-28 11:01:01,187 [SKIP] len error : ['名M', '名証メイン']
2026-05-28 11:01:01,187 [SKIP] len error : ['名N', '名証ネクスト']
2026-05-28 11:01:01,187 [SKIP] len error : ['名Ｅ', '名証ETF']
2026-05-28 11:01:01,187 [SKIP] len error : ['札Ａ', '札証アンビシャス']
2026-05-28 11:01:01,187 [SKIP] len error : ['福Ｑ', '福証Q-Board']
2026-05-28 11:01:01,187 [SKIP] len error : ['①', '高い', '1,000回以上', '13.9%']
2026-05-28 11:01:01,187 [SKIP] len error : ['②', 'やや高い', '400回〜1,000回', '18.5%']
2026-05-28 11:01:01,187 [SKIP] len error : ['③', '中位', '50回〜400回', '39.0%']
2026-05-28 11:01:01,187 [SKIP] len error : ['④', 'やや低い', '10回〜50回', '17.6%']
2026-05-28 11:01:01,187 [SKIP] len error : ['⑤', '低い', '10回未満', '11.0%']
2026-05-28 11:01:01,188 1040件 / ?件中 20:01
2026-05-28 11:01:01,221 [TOTAL] None
2026-05-28 11:01:01,221 [COUNT] 1040
2026-05-28 11:01:02,717 [PAGE] 53
2026-05-28 11:01:02,997 [SKIP] len error : ['東P', '東証プライム']
2026-05-28 11:01:02,997 [SKIP] len error : ['東S', '東証スタンダード']
2026-05-28 11:01:02,997 [SKIP] len error : ['東G', '東証グロース']
2026-05-28 11:01:02,997 [SKIP] len error : ['東Ｅ', '東証ETF']
2026-05-28 11:01:02,997 [SKIP] len error : ['東EN', '東証ETN']
2026-05-28 11:01:02,997 [SKIP] len error : ['東Ｒ', '東証REIT']
2026-05-28 11:01:02,997 [SKIP] len error : ['東IF', '東証インフラファンド']
2026-05-28 11:01:02,997 [SKIP] len error : ['名Ｐ', '名証プレミア']
2026-05-28 11:01:02,997 [SKIP] len error : ['名M', '名証メイン']
2026-05-28 11:01:02,997 [SKIP] len error : ['名N', '名証ネクスト']
2026-05-28 11:01:02,997 [SKIP] len error : ['名Ｅ', '名証ETF']
2026-05-28 11:01:02,997 [SKIP] len error : ['札Ａ', '札証アンビシャス']
2026-05-28 11:01:02,997 [SKIP] len error : ['福Ｑ', '福証Q-Board']
2026-05-28 11:01:02,997 [SKIP] len error : ['①', '高い', '1,000回以上', '13.9%']
2026-05-28 11:01:02,997 [SKIP] len error : ['②', 'やや高い', '400回〜1,000回', '18.5%']
2026-05-28 11:01:02,997 [SKIP] len error : ['③', '中位', '50回〜400回', '39.0%']
2026-05-28 11:01:02,997 [SKIP] len error : ['④', 'やや低い', '10回〜50回', '17.6%']
2026-05-28 11:01:02,997 [SKIP] len error : ['⑤', '低い', '10回未満', '11.0%']
2026-05-28 11:01:02,998 1060件 / ?件中 20:01
2026-05-28 11:01:03,032 [TOTAL] None
2026-05-28 11:01:03,032 [COUNT] 1060
2026-05-28 11:01:03,604 [PAGE] 54
2026-05-28 11:01:03,913 [SKIP] len error : ['東P', '東証プライム']
2026-05-28 11:01:03,913 [SKIP] len error : ['東S', '東証スタンダード']
2026-05-28 11:01:03,913 [SKIP] len error : ['東G', '東証グロース']
2026-05-28 11:01:03,913 [SKIP] len error : ['東Ｅ', '東証ETF']
2026-05-28 11:01:03,913 [SKIP] len error : ['東EN', '東証ETN']
2026-05-28 11:01:03,913 [SKIP] len error : ['東Ｒ', '東証REIT']
2026-05-28 11:01:03,913 [SKIP] len error : ['東IF', '東証インフラファンド']
2026-05-28 11:01:03,913 [SKIP] len error : ['名Ｐ', '名証プレミア']
2026-05-28 11:01:03,913 [SKIP] len error : ['名M', '名証メイン']
2026-05-28 11:01:03,913 [SKIP] len error : ['名N', '名証ネクスト']
2026-05-28 11:01:03,913 [SKIP] len error : ['名Ｅ', '名証ETF']
2026-05-28 11:01:03,913 [SKIP] len error : ['札Ａ', '札証アンビシャス']
2026-05-28 11:01:03,914 [SKIP] len error : ['福Ｑ', '福証Q-Board']
2026-05-28 11:01:03,914 [SKIP] len error : ['①', '高い', '1,000回以上', '13.9%']
2026-05-28 11:01:03,914 [SKIP] len error : ['②', 'やや高い', '400回〜1,000回', '18.5%']
2026-05-28 11:01:03,914 [SKIP] len error : ['③', '中位', '50回〜400回', '39.0%']
2026-05-28 11:01:03,914 [SKIP] len error : ['④', 'やや低い', '10回〜50回', '17.6%']
2026-05-28 11:01:03,914 [SKIP] len error : ['⑤', '低い', '10回未満', '11.0%']
2026-05-28 11:01:03,914 1080件 / ?件中 20:01
2026-05-28 11:01:03,948 [TOTAL] None
2026-05-28 11:01:03,948 [COUNT] 1080
2026-05-28 11:01:04,701 [PAGE] 55
2026-05-28 11:01:04,965 [SKIP] len error : ['東P', '東証プライム']
2026-05-28 11:01:04,966 [SKIP] len error : ['東S', '東証スタンダード']
2026-05-28 11:01:04,966 [SKIP] len error : ['東G', '東証グロース']
2026-05-28 11:01:04,966 [SKIP] len error : ['東Ｅ', '東証ETF']
2026-05-28 11:01:04,966 [SKIP] len error : ['東EN', '東証ETN']
2026-05-28 11:01:04,966 [SKIP] len error : ['東Ｒ', '東証REIT']
2026-05-28 11:01:04,966 [SKIP] len error : ['東IF', '東証インフラファンド']
2026-05-28 11:01:04,966 [SKIP] len error : ['名Ｐ', '名証プレミア']
2026-05-28 11:01:04,966 [SKIP] len error : ['名M', '名証メイン']
2026-05-28 11:01:04,966 [SKIP] len error : ['名N', '名証ネクスト']
2026-05-28 11:01:04,966 [SKIP] len error : ['名Ｅ', '名証ETF']
2026-05-28 11:01:04,966 [SKIP] len error : ['札Ａ', '札証アンビシャス']
2026-05-28 11:01:04,966 [SKIP] len error : ['福Ｑ', '福証Q-Board']
2026-05-28 11:01:04,966 [SKIP] len error : ['①', '高い', '1,000回以上', '13.9%']
2026-05-28 11:01:04,966 [SKIP] len error : ['②', 'やや高い', '400回〜1,000回', '18.5%']
2026-05-28 11:01:04,966 [SKIP] len error : ['③', '中位', '50回〜400回', '39.0%']
2026-05-28 11:01:04,966 [SKIP] len error : ['④', 'やや低い', '10回〜50回', '17.6%']
2026-05-28 11:01:04,966 [SKIP] len error : ['⑤', '低い', '10回未満', '11.0%']
2026-05-28 11:01:04,966 1100件 / ?件中 20:01
2026-05-28 11:01:05,000 [TOTAL] None
2026-05-28 11:01:05,000 [COUNT] 1100
2026-05-28 11:01:05,576 [PAGE] 56
2026-05-28 11:01:05,852 [SKIP] len error : ['東P', '東証プライム']
2026-05-28 11:01:05,853 [SKIP] len error : ['東S', '東証スタンダード']
2026-05-28 11:01:05,853 [SKIP] len error : ['東G', '東証グロース']
2026-05-28 11:01:05,853 [SKIP] len error : ['東Ｅ', '東証ETF']
2026-05-28 11:01:05,853 [SKIP] len error : ['東EN', '東証ETN']
2026-05-28 11:01:05,853 [SKIP] len error : ['東Ｒ', '東証REIT']
2026-05-28 11:01:05,853 [SKIP] len error : ['東IF', '東証インフラファンド']
2026-05-28 11:01:05,853 [SKIP] len error : ['名Ｐ', '名証プレミア']
2026-05-28 11:01:05,853 [SKIP] len error : ['名M', '名証メイン']
2026-05-28 11:01:05,853 [SKIP] len error : ['名N', '名証ネクスト']
2026-05-28 11:01:05,853 [SKIP] len error : ['名Ｅ', '名証ETF']
2026-05-28 11:01:05,853 [SKIP] len error : ['札Ａ', '札証アンビシャス']
2026-05-28 11:01:05,853 [SKIP] len error : ['福Ｑ', '福証Q-Board']
2026-05-28 11:01:05,853 [SKIP] len error : ['①', '高い', '1,000回以上', '13.9%']
2026-05-28 11:01:05,853 [SKIP] len error : ['②', 'やや高い', '400回〜1,000回', '18.5%']
2026-05-28 11:01:05,853 [SKIP] len error : ['③', '中位', '50回〜400回', '39.0%']
2026-05-28 11:01:05,853 [SKIP] len error : ['④', 'やや低い', '10回〜50回', '17.6%']
2026-05-28 11:01:05,853 [SKIP] len error : ['⑤', '低い', '10回未満', '11.0%']
2026-05-28 11:01:05,853 1120件 / ?件中 20:01
2026-05-28 11:01:05,888 [TOTAL] None
2026-05-28 11:01:05,888 [COUNT] 1120
2026-05-28 11:01:06,418 [PAGE] 57
2026-05-28 11:01:06,687 [SKIP] len error : ['東P', '東証プライム']
2026-05-28 11:01:06,687 [SKIP] len error : ['東S', '東証スタンダード']
2026-05-28 11:01:06,687 [SKIP] len error : ['東G', '東証グロース']
2026-05-28 11:01:06,687 [SKIP] len error : ['東Ｅ', '東証ETF']
2026-05-28 11:01:06,687 [SKIP] len error : ['東EN', '東証ETN']
2026-05-28 11:01:06,687 [SKIP] len error : ['東Ｒ', '東証REIT']
2026-05-28 11:01:06,687 [SKIP] len error : ['東IF', '東証インフラファンド']
2026-05-28 11:01:06,687 [SKIP] len error : ['名Ｐ', '名証プレミア']
2026-05-28 11:01:06,687 [SKIP] len error : ['名M', '名証メイン']
2026-05-28 11:01:06,687 [SKIP] len error : ['名N', '名証ネクスト']
2026-05-28 11:01:06,687 [SKIP] len error : ['名Ｅ', '名証ETF']
2026-05-28 11:01:06,687 [SKIP] len error : ['札Ａ', '札証アンビシャス']
2026-05-28 11:01:06,687 [SKIP] len error : ['福Ｑ', '福証Q-Board']
2026-05-28 11:01:06,687 [SKIP] len error : ['①', '高い', '1,000回以上', '13.9%']
2026-05-28 11:01:06,687 [SKIP] len error : ['②', 'やや高い', '400回〜1,000回', '18.5%']
2026-05-28 11:01:06,687 [SKIP] len error : ['③', '中位', '50回〜400回', '39.0%']
2026-05-28 11:01:06,687 [SKIP] len error : ['④', 'やや低い', '10回〜50回', '17.6%']
2026-05-28 11:01:06,687 [SKIP] len error : ['⑤', '低い', '10回未満', '11.0%']
2026-05-28 11:01:06,688 1140件 / ?件中 20:01
2026-05-28 11:01:06,721 [TOTAL] None
2026-05-28 11:01:06,721 [COUNT] 1140
2026-05-28 11:01:08,088 [PAGE] 58
2026-05-28 11:01:08,364 [SKIP] len error : ['東P', '東証プライム']
2026-05-28 11:01:08,364 [SKIP] len error : ['東S', '東証スタンダード']
2026-05-28 11:01:08,364 [SKIP] len error : ['東G', '東証グロース']
2026-05-28 11:01:08,364 [SKIP] len error : ['東Ｅ', '東証ETF']
2026-05-28 11:01:08,364 [SKIP] len error : ['東EN', '東証ETN']
2026-05-28 11:01:08,364 [SKIP] len error : ['東Ｒ', '東証REIT']
2026-05-28 11:01:08,364 [SKIP] len error : ['東IF', '東証インフラファンド']
2026-05-28 11:01:08,364 [SKIP] len error : ['名Ｐ', '名証プレミア']
2026-05-28 11:01:08,364 [SKIP] len error : ['名M', '名証メイン']
2026-05-28 11:01:08,364 [SKIP] len error : ['名N', '名証ネクスト']
2026-05-28 11:01:08,364 [SKIP] len error : ['名Ｅ', '名証ETF']
2026-05-28 11:01:08,364 [SKIP] len error : ['札Ａ', '札証アンビシャス']
2026-05-28 11:01:08,364 [SKIP] len error : ['福Ｑ', '福証Q-Board']
2026-05-28 11:01:08,364 [SKIP] len error : ['①', '高い', '1,000回以上', '13.9%']
2026-05-28 11:01:08,364 [SKIP] len error : ['②', 'やや高い', '400回〜1,000回', '18.5%']
2026-05-28 11:01:08,364 [SKIP] len error : ['③', '中位', '50回〜400回', '39.0%']
2026-05-28 11:01:08,364 [SKIP] len error : ['④', 'やや低い', '10回〜50回', '17.6%']
2026-05-28 11:01:08,364 [SKIP] len error : ['⑤', '低い', '10回未満', '11.0%']
2026-05-28 11:01:08,364 1160件 / ?件中 20:01
2026-05-28 11:01:08,398 [TOTAL] None
2026-05-28 11:01:08,398 [COUNT] 1160
2026-05-28 11:01:09,582 [PAGE] 59
2026-05-28 11:01:09,881 [SKIP] len error : ['東P', '東証プライム']
2026-05-28 11:01:09,881 [SKIP] len error : ['東S', '東証スタンダード']
2026-05-28 11:01:09,881 [SKIP] len error : ['東G', '東証グロース']
2026-05-28 11:01:09,881 [SKIP] len error : ['東Ｅ', '東証ETF']
2026-05-28 11:01:09,881 [SKIP] len error : ['東EN', '東証ETN']
2026-05-28 11:01:09,881 [SKIP] len error : ['東Ｒ', '東証REIT']
2026-05-28 11:01:09,881 [SKIP] len error : ['東IF', '東証インフラファンド']
2026-05-28 11:01:09,881 [SKIP] len error : ['名Ｐ', '名証プレミア']
2026-05-28 11:01:09,881 [SKIP] len error : ['名M', '名証メイン']
2026-05-28 11:01:09,881 [SKIP] len error : ['名N', '名証ネクスト']
2026-05-28 11:01:09,881 [SKIP] len error : ['名Ｅ', '名証ETF']
2026-05-28 11:01:09,881 [SKIP] len error : ['札Ａ', '札証アンビシャス']
2026-05-28 11:01:09,881 [SKIP] len error : ['福Ｑ', '福証Q-Board']
2026-05-28 11:01:09,881 [SKIP] len error : ['①', '高い', '1,000回以上', '13.9%']
2026-05-28 11:01:09,881 [SKIP] len error : ['②', 'やや高い', '400回〜1,000回', '18.5%']
2026-05-28 11:01:09,881 [SKIP] len error : ['③', '中位', '50回〜400回', '39.0%']
2026-05-28 11:01:09,881 [SKIP] len error : ['④', 'やや低い', '10回〜50回', '17.6%']
2026-05-28 11:01:09,881 [SKIP] len error : ['⑤', '低い', '10回未満', '11.0%']
2026-05-28 11:01:09,881 1180件 / ?件中 20:01
2026-05-28 11:01:09,916 [TOTAL] None
2026-05-28 11:01:09,916 [COUNT] 1180
2026-05-28 11:01:11,119 [PAGE] 60
2026-05-28 11:01:11,396 [SKIP] len error : ['東P', '東証プライム']
2026-05-28 11:01:11,396 [SKIP] len error : ['東S', '東証スタンダード']
2026-05-28 11:01:11,396 [SKIP] len error : ['東G', '東証グロース']
2026-05-28 11:01:11,396 [SKIP] len error : ['東Ｅ', '東証ETF']
2026-05-28 11:01:11,396 [SKIP] len error : ['東EN', '東証ETN']
2026-05-28 11:01:11,396 [SKIP] len error : ['東Ｒ', '東証REIT']
2026-05-28 11:01:11,396 [SKIP] len error : ['東IF', '東証インフラファンド']
2026-05-28 11:01:11,396 [SKIP] len error : ['名Ｐ', '名証プレミア']
2026-05-28 11:01:11,396 [SKIP] len error : ['名M', '名証メイン']
2026-05-28 11:01:11,396 [SKIP] len error : ['名N', '名証ネクスト']
2026-05-28 11:01:11,396 [SKIP] len error : ['名Ｅ', '名証ETF']
2026-05-28 11:01:11,396 [SKIP] len error : ['札Ａ', '札証アンビシャス']
2026-05-28 11:01:11,396 [SKIP] len error : ['福Ｑ', '福証Q-Board']
2026-05-28 11:01:11,396 [SKIP] len error : ['①', '高い', '1,000回以上', '13.9%']
2026-05-28 11:01:11,396 [SKIP] len error : ['②', 'やや高い', '400回〜1,000回', '18.5%']
2026-05-28 11:01:11,396 [SKIP] len error : ['③', '中位', '50回〜400回', '39.0%']
2026-05-28 11:01:11,396 [SKIP] len error : ['④', 'やや低い', '10回〜50回', '17.6%']
2026-05-28 11:01:11,396 [SKIP] len error : ['⑤', '低い', '10回未満', '11.0%']
2026-05-28 11:01:11,396 1200件 / ?件中 20:01
2026-05-28 11:01:11,430 [TOTAL] None
2026-05-28 11:01:11,430 [COUNT] 1200
2026-05-28 11:01:12,113 [PAGE] 61
2026-05-28 11:01:12,371 [SKIP] len error : ['東P', '東証プライム']
2026-05-28 11:01:12,371 [SKIP] len error : ['東S', '東証スタンダード']
2026-05-28 11:01:12,371 [SKIP] len error : ['東G', '東証グロース']
2026-05-28 11:01:12,371 [SKIP] len error : ['東Ｅ', '東証ETF']
2026-05-28 11:01:12,371 [SKIP] len error : ['東EN', '東証ETN']
2026-05-28 11:01:12,371 [SKIP] len error : ['東Ｒ', '東証REIT']
2026-05-28 11:01:12,371 [SKIP] len error : ['東IF', '東証インフラファンド']
2026-05-28 11:01:12,371 [SKIP] len error : ['名Ｐ', '名証プレミア']
2026-05-28 11:01:12,371 [SKIP] len error : ['名M', '名証メイン']
2026-05-28 11:01:12,371 [SKIP] len error : ['名N', '名証ネクスト']
2026-05-28 11:01:12,371 [SKIP] len error : ['名Ｅ', '名証ETF']
2026-05-28 11:01:12,371 [SKIP] len error : ['札Ａ', '札証アンビシャス']
2026-05-28 11:01:12,371 [SKIP] len error : ['福Ｑ', '福証Q-Board']
2026-05-28 11:01:12,371 [SKIP] len error : ['①', '高い', '1,000回以上', '13.9%']
2026-05-28 11:01:12,371 [SKIP] len error : ['②', 'やや高い', '400回〜1,000回', '18.5%']
2026-05-28 11:01:12,371 [SKIP] len error : ['③', '中位', '50回〜400回', '39.0%']
2026-05-28 11:01:12,371 [SKIP] len error : ['④', 'やや低い', '10回〜50回', '17.6%']
2026-05-28 11:01:12,371 [SKIP] len error : ['⑤', '低い', '10回未満', '11.0%']
2026-05-28 11:01:12,372 1220件 / ?件中 20:01
2026-05-28 11:01:12,405 [TOTAL] None
2026-05-28 11:01:12,406 [COUNT] 1220
2026-05-28 11:01:12,911 [PAGE] 62
2026-05-28 11:01:13,211 [SKIP] len error : ['東P', '東証プライム']
2026-05-28 11:01:13,211 [SKIP] len error : ['東S', '東証スタンダード']
2026-05-28 11:01:13,211 [SKIP] len error : ['東G', '東証グロース']
2026-05-28 11:01:13,211 [SKIP] len error : ['東Ｅ', '東証ETF']
2026-05-28 11:01:13,211 [SKIP] len error : ['東EN', '東証ETN']
2026-05-28 11:01:13,211 [SKIP] len error : ['東Ｒ', '東証REIT']
2026-05-28 11:01:13,211 [SKIP] len error : ['東IF', '東証インフラファンド']
2026-05-28 11:01:13,211 [SKIP] len error : ['名Ｐ', '名証プレミア']
2026-05-28 11:01:13,211 [SKIP] len error : ['名M', '名証メイン']
2026-05-28 11:01:13,211 [SKIP] len error : ['名N', '名証ネクスト']
2026-05-28 11:01:13,211 [SKIP] len error : ['名Ｅ', '名証ETF']
2026-05-28 11:01:13,211 [SKIP] len error : ['札Ａ', '札証アンビシャス']
2026-05-28 11:01:13,211 [SKIP] len error : ['福Ｑ', '福証Q-Board']
2026-05-28 11:01:13,211 [SKIP] len error : ['①', '高い', '1,000回以上', '13.9%']
2026-05-28 11:01:13,211 [SKIP] len error : ['②', 'やや高い', '400回〜1,000回', '18.5%']
2026-05-28 11:01:13,211 [SKIP] len error : ['③', '中位', '50回〜400回', '39.0%']
2026-05-28 11:01:13,211 [SKIP] len error : ['④', 'やや低い', '10回〜50回', '17.6%']
2026-05-28 11:01:13,212 [SKIP] len error : ['⑤', '低い', '10回未満', '11.0%']
2026-05-28 11:01:13,212 1240件 / ?件中 20:01
2026-05-28 11:01:13,246 [TOTAL] None
2026-05-28 11:01:13,246 [COUNT] 1240
2026-05-28 11:01:13,899 [PAGE] 63
2026-05-28 11:01:14,193 [SKIP] len error : ['東P', '東証プライム']
2026-05-28 11:01:14,193 [SKIP] len error : ['東S', '東証スタンダード']
2026-05-28 11:01:14,193 [SKIP] len error : ['東G', '東証グロース']
2026-05-28 11:01:14,193 [SKIP] len error : ['東Ｅ', '東証ETF']
2026-05-28 11:01:14,193 [SKIP] len error : ['東EN', '東証ETN']
2026-05-28 11:01:14,193 [SKIP] len error : ['東Ｒ', '東証REIT']
2026-05-28 11:01:14,193 [SKIP] len error : ['東IF', '東証インフラファンド']
2026-05-28 11:01:14,193 [SKIP] len error : ['名Ｐ', '名証プレミア']
2026-05-28 11:01:14,193 [SKIP] len error : ['名M', '名証メイン']
2026-05-28 11:01:14,193 [SKIP] len error : ['名N', '名証ネクスト']
2026-05-28 11:01:14,193 [SKIP] len error : ['名Ｅ', '名証ETF']
2026-05-28 11:01:14,193 [SKIP] len error : ['札Ａ', '札証アンビシャス']
2026-05-28 11:01:14,193 [SKIP] len error : ['福Ｑ', '福証Q-Board']
2026-05-28 11:01:14,193 [SKIP] len error : ['①', '高い', '1,000回以上', '13.9%']
2026-05-28 11:01:14,193 [SKIP] len error : ['②', 'やや高い', '400回〜1,000回', '18.5%']
2026-05-28 11:01:14,193 [SKIP] len error : ['③', '中位', '50回〜400回', '39.0%']
2026-05-28 11:01:14,193 [SKIP] len error : ['④', 'やや低い', '10回〜50回', '17.6%']
2026-05-28 11:01:14,193 [SKIP] len error : ['⑤', '低い', '10回未満', '11.0%']
2026-05-28 11:01:14,194 1260件 / ?件中 20:01
2026-05-28 11:01:14,264 [TOTAL] None
2026-05-28 11:01:14,264 [COUNT] 1260
2026-05-28 11:01:15,280 [PAGE] 64
2026-05-28 11:01:15,562 [SKIP] len error : ['東P', '東証プライム']
2026-05-28 11:01:15,562 [SKIP] len error : ['東S', '東証スタンダード']
2026-05-28 11:01:15,562 [SKIP] len error : ['東G', '東証グロース']
2026-05-28 11:01:15,562 [SKIP] len error : ['東Ｅ', '東証ETF']
2026-05-28 11:01:15,562 [SKIP] len error : ['東EN', '東証ETN']
2026-05-28 11:01:15,562 [SKIP] len error : ['東Ｒ', '東証REIT']
2026-05-28 11:01:15,562 [SKIP] len error : ['東IF', '東証インフラファンド']
2026-05-28 11:01:15,562 [SKIP] len error : ['名Ｐ', '名証プレミア']
2026-05-28 11:01:15,562 [SKIP] len error : ['名M', '名証メイン']
2026-05-28 11:01:15,562 [SKIP] len error : ['名N', '名証ネクスト']
2026-05-28 11:01:15,562 [SKIP] len error : ['名Ｅ', '名証ETF']
2026-05-28 11:01:15,562 [SKIP] len error : ['札Ａ', '札証アンビシャス']
2026-05-28 11:01:15,562 [SKIP] len error : ['福Ｑ', '福証Q-Board']
2026-05-28 11:01:15,562 [SKIP] len error : ['①', '高い', '1,000回以上', '13.9%']
2026-05-28 11:01:15,562 [SKIP] len error : ['②', 'やや高い', '400回〜1,000回', '18.5%']
2026-05-28 11:01:15,562 [SKIP] len error : ['③', '中位', '50回〜400回', '39.0%']
2026-05-28 11:01:15,562 [SKIP] len error : ['④', 'やや低い', '10回〜50回', '17.6%']
2026-05-28 11:01:15,562 [SKIP] len error : ['⑤', '低い', '10回未満', '11.0%']
2026-05-28 11:01:15,562 1280件 / ?件中 20:01
2026-05-28 11:01:15,596 [TOTAL] None
2026-05-28 11:01:15,596 [COUNT] 1280
2026-05-28 11:01:16,230 [PAGE] 65
2026-05-28 11:01:16,507 [SKIP] len error : ['東P', '東証プライム']
2026-05-28 11:01:16,507 [SKIP] len error : ['東S', '東証スタンダード']
2026-05-28 11:01:16,507 [SKIP] len error : ['東G', '東証グロース']
2026-05-28 11:01:16,507 [SKIP] len error : ['東Ｅ', '東証ETF']
2026-05-28 11:01:16,507 [SKIP] len error : ['東EN', '東証ETN']
2026-05-28 11:01:16,507 [SKIP] len error : ['東Ｒ', '東証REIT']
2026-05-28 11:01:16,507 [SKIP] len error : ['東IF', '東証インフラファンド']
2026-05-28 11:01:16,507 [SKIP] len error : ['名Ｐ', '名証プレミア']
2026-05-28 11:01:16,507 [SKIP] len error : ['名M', '名証メイン']
2026-05-28 11:01:16,507 [SKIP] len error : ['名N', '名証ネクスト']
2026-05-28 11:01:16,507 [SKIP] len error : ['名Ｅ', '名証ETF']
2026-05-28 11:01:16,507 [SKIP] len error : ['札Ａ', '札証アンビシャス']
2026-05-28 11:01:16,507 [SKIP] len error : ['福Ｑ', '福証Q-Board']
2026-05-28 11:01:16,507 [SKIP] len error : ['①', '高い', '1,000回以上', '13.9%']
2026-05-28 11:01:16,507 [SKIP] len error : ['②', 'やや高い', '400回〜1,000回', '18.5%']
2026-05-28 11:01:16,507 [SKIP] len error : ['③', '中位', '50回〜400回', '39.0%']
2026-05-28 11:01:16,507 [SKIP] len error : ['④', 'やや低い', '10回〜50回', '17.6%']
2026-05-28 11:01:16,507 [SKIP] len error : ['⑤', '低い', '10回未満', '11.0%']
2026-05-28 11:01:16,507 1300件 / ?件中 20:01
2026-05-28 11:01:16,542 [TOTAL] None
2026-05-28 11:01:16,542 [COUNT] 1300
2026-05-28 11:01:17,710 [PAGE] 66
2026-05-28 11:01:17,988 [SKIP] len error : ['東P', '東証プライム']
2026-05-28 11:01:17,988 [SKIP] len error : ['東S', '東証スタンダード']
2026-05-28 11:01:17,988 [SKIP] len error : ['東G', '東証グロース']
2026-05-28 11:01:17,988 [SKIP] len error : ['東Ｅ', '東証ETF']
2026-05-28 11:01:17,988 [SKIP] len error : ['東EN', '東証ETN']
2026-05-28 11:01:17,988 [SKIP] len error : ['東Ｒ', '東証REIT']
2026-05-28 11:01:17,988 [SKIP] len error : ['東IF', '東証インフラファンド']
2026-05-28 11:01:17,988 [SKIP] len error : ['名Ｐ', '名証プレミア']
2026-05-28 11:01:17,988 [SKIP] len error : ['名M', '名証メイン']
2026-05-28 11:01:17,988 [SKIP] len error : ['名N', '名証ネクスト']
2026-05-28 11:01:17,988 [SKIP] len error : ['名Ｅ', '名証ETF']
2026-05-28 11:01:17,988 [SKIP] len error : ['札Ａ', '札証アンビシャス']
2026-05-28 11:01:17,988 [SKIP] len error : ['福Ｑ', '福証Q-Board']
2026-05-28 11:01:17,988 [SKIP] len error : ['①', '高い', '1,000回以上', '13.9%']
2026-05-28 11:01:17,988 [SKIP] len error : ['②', 'やや高い', '400回〜1,000回', '18.5%']
2026-05-28 11:01:17,988 [SKIP] len error : ['③', '中位', '50回〜400回', '39.0%']
2026-05-28 11:01:17,988 [SKIP] len error : ['④', 'やや低い', '10回〜50回', '17.6%']
2026-05-28 11:01:17,988 [SKIP] len error : ['⑤', '低い', '10回未満', '11.0%']
2026-05-28 11:01:17,989 1320件 / ?件中 20:01
2026-05-28 11:01:18,022 [TOTAL] None
2026-05-28 11:01:18,022 [COUNT] 1320
2026-05-28 11:01:19,442 [PAGE] 67
2026-05-28 11:01:19,717 [SKIP] len error : ['東P', '東証プライム']
2026-05-28 11:01:19,717 [SKIP] len error : ['東S', '東証スタンダード']
2026-05-28 11:01:19,717 [SKIP] len error : ['東G', '東証グロース']
2026-05-28 11:01:19,717 [SKIP] len error : ['東Ｅ', '東証ETF']
2026-05-28 11:01:19,717 [SKIP] len error : ['東EN', '東証ETN']
2026-05-28 11:01:19,717 [SKIP] len error : ['東Ｒ', '東証REIT']
2026-05-28 11:01:19,717 [SKIP] len error : ['東IF', '東証インフラファンド']
2026-05-28 11:01:19,717 [SKIP] len error : ['名Ｐ', '名証プレミア']
2026-05-28 11:01:19,717 [SKIP] len error : ['名M', '名証メイン']
2026-05-28 11:01:19,717 [SKIP] len error : ['名N', '名証ネクスト']
2026-05-28 11:01:19,717 [SKIP] len error : ['名Ｅ', '名証ETF']
2026-05-28 11:01:19,717 [SKIP] len error : ['札Ａ', '札証アンビシャス']
2026-05-28 11:01:19,717 [SKIP] len error : ['福Ｑ', '福証Q-Board']
2026-05-28 11:01:19,717 [SKIP] len error : ['①', '高い', '1,000回以上', '13.9%']
2026-05-28 11:01:19,717 [SKIP] len error : ['②', 'やや高い', '400回〜1,000回', '18.5%']
2026-05-28 11:01:19,718 [SKIP] len error : ['③', '中位', '50回〜400回', '39.0%']
2026-05-28 11:01:19,718 [SKIP] len error : ['④', 'やや低い', '10回〜50回', '17.6%']
2026-05-28 11:01:19,718 [SKIP] len error : ['⑤', '低い', '10回未満', '11.0%']
2026-05-28 11:01:19,718 1340件 / ?件中 20:01
2026-05-28 11:01:19,751 [TOTAL] None
2026-05-28 11:01:19,751 [COUNT] 1340
2026-05-28 11:01:20,732 [PAGE] 68
2026-05-28 11:01:21,013 [SKIP] len error : ['東P', '東証プライム']
2026-05-28 11:01:21,013 [SKIP] len error : ['東S', '東証スタンダード']
2026-05-28 11:01:21,013 [SKIP] len error : ['東G', '東証グロース']
2026-05-28 11:01:21,013 [SKIP] len error : ['東Ｅ', '東証ETF']
2026-05-28 11:01:21,013 [SKIP] len error : ['東EN', '東証ETN']
2026-05-28 11:01:21,013 [SKIP] len error : ['東Ｒ', '東証REIT']
2026-05-28 11:01:21,014 [SKIP] len error : ['東IF', '東証インフラファンド']
2026-05-28 11:01:21,014 [SKIP] len error : ['名Ｐ', '名証プレミア']
2026-05-28 11:01:21,014 [SKIP] len error : ['名M', '名証メイン']
2026-05-28 11:01:21,014 [SKIP] len error : ['名N', '名証ネクスト']
2026-05-28 11:01:21,014 [SKIP] len error : ['名Ｅ', '名証ETF']
2026-05-28 11:01:21,014 [SKIP] len error : ['札Ａ', '札証アンビシャス']
2026-05-28 11:01:21,014 [SKIP] len error : ['福Ｑ', '福証Q-Board']
2026-05-28 11:01:21,014 [SKIP] len error : ['①', '高い', '1,000回以上', '13.9%']
2026-05-28 11:01:21,014 [SKIP] len error : ['②', 'やや高い', '400回〜1,000回', '18.5%']
2026-05-28 11:01:21,014 [SKIP] len error : ['③', '中位', '50回〜400回', '39.0%']
2026-05-28 11:01:21,014 [SKIP] len error : ['④', 'やや低い', '10回〜50回', '17.6%']
2026-05-28 11:01:21,014 [SKIP] len error : ['⑤', '低い', '10回未満', '11.0%']
2026-05-28 11:01:21,014 1360件 / ?件中 20:01
2026-05-28 11:01:21,090 [TOTAL] None
2026-05-28 11:01:21,090 [COUNT] 1360
2026-05-28 11:01:21,759 [PAGE] 69
2026-05-28 11:01:22,031 [SKIP] len error : ['東P', '東証プライム']
2026-05-28 11:01:22,031 [SKIP] len error : ['東S', '東証スタンダード']
2026-05-28 11:01:22,031 [SKIP] len error : ['東G', '東証グロース']
2026-05-28 11:01:22,031 [SKIP] len error : ['東Ｅ', '東証ETF']
2026-05-28 11:01:22,031 [SKIP] len error : ['東EN', '東証ETN']
2026-05-28 11:01:22,031 [SKIP] len error : ['東Ｒ', '東証REIT']
2026-05-28 11:01:22,031 [SKIP] len error : ['東IF', '東証インフラファンド']
2026-05-28 11:01:22,031 [SKIP] len error : ['名Ｐ', '名証プレミア']
2026-05-28 11:01:22,031 [SKIP] len error : ['名M', '名証メイン']
2026-05-28 11:01:22,031 [SKIP] len error : ['名N', '名証ネクスト']
2026-05-28 11:01:22,031 [SKIP] len error : ['名Ｅ', '名証ETF']
2026-05-28 11:01:22,031 [SKIP] len error : ['札Ａ', '札証アンビシャス']
2026-05-28 11:01:22,031 [SKIP] len error : ['福Ｑ', '福証Q-Board']
2026-05-28 11:01:22,031 [SKIP] len error : ['①', '高い', '1,000回以上', '13.9%']
2026-05-28 11:01:22,031 [SKIP] len error : ['②', 'やや高い', '400回〜1,000回', '18.5%']
2026-05-28 11:01:22,031 [SKIP] len error : ['③', '中位', '50回〜400回', '39.0%']
2026-05-28 11:01:22,031 [SKIP] len error : ['④', 'やや低い', '10回〜50回', '17.6%']
2026-05-28 11:01:22,031 [SKIP] len error : ['⑤', '低い', '10回未満', '11.0%']
2026-05-28 11:01:22,031 1380件 / ?件中 20:01
2026-05-28 11:01:22,066 [TOTAL] None
2026-05-28 11:01:22,066 [COUNT] 1380
2026-05-28 11:01:22,573 [PAGE] 70
2026-05-28 11:01:22,840 [SKIP] len error : ['東P', '東証プライム']
2026-05-28 11:01:22,840 [SKIP] len error : ['東S', '東証スタンダード']
2026-05-28 11:01:22,840 [SKIP] len error : ['東G', '東証グロース']
2026-05-28 11:01:22,840 [SKIP] len error : ['東Ｅ', '東証ETF']
2026-05-28 11:01:22,840 [SKIP] len error : ['東EN', '東証ETN']
2026-05-28 11:01:22,840 [SKIP] len error : ['東Ｒ', '東証REIT']
2026-05-28 11:01:22,840 [SKIP] len error : ['東IF', '東証インフラファンド']
2026-05-28 11:01:22,840 [SKIP] len error : ['名Ｐ', '名証プレミア']
2026-05-28 11:01:22,840 [SKIP] len error : ['名M', '名証メイン']
2026-05-28 11:01:22,840 [SKIP] len error : ['名N', '名証ネクスト']
2026-05-28 11:01:22,840 [SKIP] len error : ['名Ｅ', '名証ETF']
2026-05-28 11:01:22,840 [SKIP] len error : ['札Ａ', '札証アンビシャス']
2026-05-28 11:01:22,841 [SKIP] len error : ['福Ｑ', '福証Q-Board']
2026-05-28 11:01:22,841 [SKIP] len error : ['①', '高い', '1,000回以上', '13.9%']
2026-05-28 11:01:22,841 [SKIP] len error : ['②', 'やや高い', '400回〜1,000回', '18.5%']
2026-05-28 11:01:22,841 [SKIP] len error : ['③', '中位', '50回〜400回', '39.0%']
2026-05-28 11:01:22,841 [SKIP] len error : ['④', 'やや低い', '10回〜50回', '17.6%']
2026-05-28 11:01:22,841 [SKIP] len error : ['⑤', '低い', '10回未満', '11.0%']
2026-05-28 11:01:22,841 1400件 / ?件中 20:01
2026-05-28 11:01:22,875 [TOTAL] None
2026-05-28 11:01:22,875 [COUNT] 1400
2026-05-28 11:01:23,916 [PAGE] 71
2026-05-28 11:01:24,186 [SKIP] len error : ['東P', '東証プライム']
2026-05-28 11:01:24,186 [SKIP] len error : ['東S', '東証スタンダード']
2026-05-28 11:01:24,186 [SKIP] len error : ['東G', '東証グロース']
2026-05-28 11:01:24,186 [SKIP] len error : ['東Ｅ', '東証ETF']
2026-05-28 11:01:24,186 [SKIP] len error : ['東EN', '東証ETN']
2026-05-28 11:01:24,186 [SKIP] len error : ['東Ｒ', '東証REIT']
2026-05-28 11:01:24,186 [SKIP] len error : ['東IF', '東証インフラファンド']
2026-05-28 11:01:24,187 [SKIP] len error : ['名Ｐ', '名証プレミア']
2026-05-28 11:01:24,187 [SKIP] len error : ['名M', '名証メイン']
2026-05-28 11:01:24,187 [SKIP] len error : ['名N', '名証ネクスト']
2026-05-28 11:01:24,187 [SKIP] len error : ['名Ｅ', '名証ETF']
2026-05-28 11:01:24,187 [SKIP] len error : ['札Ａ', '札証アンビシャス']
2026-05-28 11:01:24,187 [SKIP] len error : ['福Ｑ', '福証Q-Board']
2026-05-28 11:01:24,187 [SKIP] len error : ['①', '高い', '1,000回以上', '13.9%']
2026-05-28 11:01:24,187 [SKIP] len error : ['②', 'やや高い', '400回〜1,000回', '18.5%']
2026-05-28 11:01:24,187 [SKIP] len error : ['③', '中位', '50回〜400回', '39.0%']
2026-05-28 11:01:24,187 [SKIP] len error : ['④', 'やや低い', '10回〜50回', '17.6%']
2026-05-28 11:01:24,187 [SKIP] len error : ['⑤', '低い', '10回未満', '11.0%']
2026-05-28 11:01:24,187 1420件 / ?件中 20:01
2026-05-28 11:01:24,221 [TOTAL] None
2026-05-28 11:01:24,221 [COUNT] 1420
2026-05-28 11:01:25,143 [PAGE] 72
2026-05-28 11:01:25,413 [SKIP] len error : ['東P', '東証プライム']
2026-05-28 11:01:25,413 [SKIP] len error : ['東S', '東証スタンダード']
2026-05-28 11:01:25,413 [SKIP] len error : ['東G', '東証グロース']
2026-05-28 11:01:25,413 [SKIP] len error : ['東Ｅ', '東証ETF']
2026-05-28 11:01:25,413 [SKIP] len error : ['東EN', '東証ETN']
2026-05-28 11:01:25,413 [SKIP] len error : ['東Ｒ', '東証REIT']
2026-05-28 11:01:25,413 [SKIP] len error : ['東IF', '東証インフラファンド']
2026-05-28 11:01:25,413 [SKIP] len error : ['名Ｐ', '名証プレミア']
2026-05-28 11:01:25,413 [SKIP] len error : ['名M', '名証メイン']
2026-05-28 11:01:25,413 [SKIP] len error : ['名N', '名証ネクスト']
2026-05-28 11:01:25,413 [SKIP] len error : ['名Ｅ', '名証ETF']
2026-05-28 11:01:25,413 [SKIP] len error : ['札Ａ', '札証アンビシャス']
2026-05-28 11:01:25,413 [SKIP] len error : ['福Ｑ', '福証Q-Board']
2026-05-28 11:01:25,413 [SKIP] len error : ['①', '高い', '1,000回以上', '13.9%']
2026-05-28 11:01:25,413 [SKIP] len error : ['②', 'やや高い', '400回〜1,000回', '18.5%']
2026-05-28 11:01:25,413 [SKIP] len error : ['③', '中位', '50回〜400回', '39.0%']
2026-05-28 11:01:25,413 [SKIP] len error : ['④', 'やや低い', '10回〜50回', '17.6%']
2026-05-28 11:01:25,413 [SKIP] len error : ['⑤', '低い', '10回未満', '11.0%']
2026-05-28 11:01:25,414 1440件 / ?件中 20:01
2026-05-28 11:01:25,447 [TOTAL] None
2026-05-28 11:01:25,447 [COUNT] 1440
2026-05-28 11:01:26,830 [PAGE] 73
2026-05-28 11:01:27,131 [SKIP] len error : ['東P', '東証プライム']
2026-05-28 11:01:27,131 [SKIP] len error : ['東S', '東証スタンダード']
2026-05-28 11:01:27,131 [SKIP] len error : ['東G', '東証グロース']
2026-05-28 11:01:27,131 [SKIP] len error : ['東Ｅ', '東証ETF']
2026-05-28 11:01:27,131 [SKIP] len error : ['東EN', '東証ETN']
2026-05-28 11:01:27,131 [SKIP] len error : ['東Ｒ', '東証REIT']
2026-05-28 11:01:27,131 [SKIP] len error : ['東IF', '東証インフラファンド']
2026-05-28 11:01:27,131 [SKIP] len error : ['名Ｐ', '名証プレミア']
2026-05-28 11:01:27,131 [SKIP] len error : ['名M', '名証メイン']
2026-05-28 11:01:27,131 [SKIP] len error : ['名N', '名証ネクスト']
2026-05-28 11:01:27,131 [SKIP] len error : ['名Ｅ', '名証ETF']
2026-05-28 11:01:27,131 [SKIP] len error : ['札Ａ', '札証アンビシャス']
2026-05-28 11:01:27,131 [SKIP] len error : ['福Ｑ', '福証Q-Board']
2026-05-28 11:01:27,131 [SKIP] len error : ['①', '高い', '1,000回以上', '13.9%']
2026-05-28 11:01:27,131 [SKIP] len error : ['②', 'やや高い', '400回〜1,000回', '18.5%']
2026-05-28 11:01:27,131 [SKIP] len error : ['③', '中位', '50回〜400回', '39.0%']
2026-05-28 11:01:27,131 [SKIP] len error : ['④', 'やや低い', '10回〜50回', '17.6%']
2026-05-28 11:01:27,132 [SKIP] len error : ['⑤', '低い', '10回未満', '11.0%']
2026-05-28 11:01:27,132 1460件 / ?件中 20:01
2026-05-28 11:01:27,165 [TOTAL] None
2026-05-28 11:01:27,165 [COUNT] 1460
2026-05-28 11:01:28,651 [PAGE] 74
2026-05-28 11:01:28,926 [SKIP] len error : ['東P', '東証プライム']
2026-05-28 11:01:28,926 [SKIP] len error : ['東S', '東証スタンダード']
2026-05-28 11:01:28,926 [SKIP] len error : ['東G', '東証グロース']
2026-05-28 11:01:28,926 [SKIP] len error : ['東Ｅ', '東証ETF']
2026-05-28 11:01:28,926 [SKIP] len error : ['東EN', '東証ETN']
2026-05-28 11:01:28,926 [SKIP] len error : ['東Ｒ', '東証REIT']
2026-05-28 11:01:28,926 [SKIP] len error : ['東IF', '東証インフラファンド']
2026-05-28 11:01:28,926 [SKIP] len error : ['名Ｐ', '名証プレミア']
2026-05-28 11:01:28,926 [SKIP] len error : ['名M', '名証メイン']
2026-05-28 11:01:28,926 [SKIP] len error : ['名N', '名証ネクスト']
2026-05-28 11:01:28,926 [SKIP] len error : ['名Ｅ', '名証ETF']
2026-05-28 11:01:28,926 [SKIP] len error : ['札Ａ', '札証アンビシャス']
2026-05-28 11:01:28,926 [SKIP] len error : ['福Ｑ', '福証Q-Board']
2026-05-28 11:01:28,926 [SKIP] len error : ['①', '高い', '1,000回以上', '13.9%']
2026-05-28 11:01:28,926 [SKIP] len error : ['②', 'やや高い', '400回〜1,000回', '18.5%']
2026-05-28 11:01:28,926 [SKIP] len error : ['③', '中位', '50回〜400回', '39.0%']
2026-05-28 11:01:28,926 [SKIP] len error : ['④', 'やや低い', '10回〜50回', '17.6%']
2026-05-28 11:01:28,926 [SKIP] len error : ['⑤', '低い', '10回未満', '11.0%']
2026-05-28 11:01:28,926 1480件 / ?件中 20:01
2026-05-28 11:01:28,961 [TOTAL] None
2026-05-28 11:01:28,961 [COUNT] 1480
2026-05-28 11:01:29,868 [PAGE] 75
2026-05-28 11:01:30,141 [SKIP] len error : ['東P', '東証プライム']
2026-05-28 11:01:30,141 [SKIP] len error : ['東S', '東証スタンダード']
2026-05-28 11:01:30,141 [SKIP] len error : ['東G', '東証グロース']
2026-05-28 11:01:30,141 [SKIP] len error : ['東Ｅ', '東証ETF']
2026-05-28 11:01:30,141 [SKIP] len error : ['東EN', '東証ETN']
2026-05-28 11:01:30,141 [SKIP] len error : ['東Ｒ', '東証REIT']
2026-05-28 11:01:30,141 [SKIP] len error : ['東IF', '東証インフラファンド']
2026-05-28 11:01:30,141 [SKIP] len error : ['名Ｐ', '名証プレミア']
2026-05-28 11:01:30,141 [SKIP] len error : ['名M', '名証メイン']
2026-05-28 11:01:30,141 [SKIP] len error : ['名N', '名証ネクスト']
2026-05-28 11:01:30,141 [SKIP] len error : ['名Ｅ', '名証ETF']
2026-05-28 11:01:30,141 [SKIP] len error : ['札Ａ', '札証アンビシャス']
2026-05-28 11:01:30,142 [SKIP] len error : ['福Ｑ', '福証Q-Board']
2026-05-28 11:01:30,142 [SKIP] len error : ['①', '高い', '1,000回以上', '13.9%']
2026-05-28 11:01:30,142 [SKIP] len error : ['②', 'やや高い', '400回〜1,000回', '18.5%']
2026-05-28 11:01:30,142 [SKIP] len error : ['③', '中位', '50回〜400回', '39.0%']
2026-05-28 11:01:30,142 [SKIP] len error : ['④', 'やや低い', '10回〜50回', '17.6%']
2026-05-28 11:01:30,142 [SKIP] len error : ['⑤', '低い', '10回未満', '11.0%']
2026-05-28 11:01:30,142 1500件 / ?件中 20:01
2026-05-28 11:01:30,175 [TOTAL] None
2026-05-28 11:01:30,175 [COUNT] 1500
2026-05-28 11:01:31,129 [PAGE] 76
2026-05-28 11:01:31,437 [SKIP] len error : ['東P', '東証プライム']
2026-05-28 11:01:31,438 [SKIP] len error : ['東S', '東証スタンダード']
2026-05-28 11:01:31,438 [SKIP] len error : ['東G', '東証グロース']
2026-05-28 11:01:31,438 [SKIP] len error : ['東Ｅ', '東証ETF']
2026-05-28 11:01:31,438 [SKIP] len error : ['東EN', '東証ETN']
2026-05-28 11:01:31,438 [SKIP] len error : ['東Ｒ', '東証REIT']
2026-05-28 11:01:31,438 [SKIP] len error : ['東IF', '東証インフラファンド']
2026-05-28 11:01:31,438 [SKIP] len error : ['名Ｐ', '名証プレミア']
2026-05-28 11:01:31,438 [SKIP] len error : ['名M', '名証メイン']
2026-05-28 11:01:31,438 [SKIP] len error : ['名N', '名証ネクスト']
2026-05-28 11:01:31,438 [SKIP] len error : ['名Ｅ', '名証ETF']
2026-05-28 11:01:31,438 [SKIP] len error : ['札Ａ', '札証アンビシャス']
2026-05-28 11:01:31,438 [SKIP] len error : ['福Ｑ', '福証Q-Board']
2026-05-28 11:01:31,438 [SKIP] len error : ['①', '高い', '1,000回以上', '13.9%']
2026-05-28 11:01:31,438 [SKIP] len error : ['②', 'やや高い', '400回〜1,000回', '18.5%']
2026-05-28 11:01:31,438 [SKIP] len error : ['③', '中位', '50回〜400回', '39.0%']
2026-05-28 11:01:31,438 [SKIP] len error : ['④', 'やや低い', '10回〜50回', '17.6%']
2026-05-28 11:01:31,438 [SKIP] len error : ['⑤', '低い', '10回未満', '11.0%']
2026-05-28 11:01:31,438 1520件 / ?件中 20:01
2026-05-28 11:01:31,472 [TOTAL] None
2026-05-28 11:01:31,472 [COUNT] 1520
2026-05-28 11:01:32,340 [PAGE] 77
2026-05-28 11:01:32,600 [SKIP] len error : ['東P', '東証プライム']
2026-05-28 11:01:32,600 [SKIP] len error : ['東S', '東証スタンダード']
2026-05-28 11:01:32,600 [SKIP] len error : ['東G', '東証グロース']
2026-05-28 11:01:32,600 [SKIP] len error : ['東Ｅ', '東証ETF']
2026-05-28 11:01:32,600 [SKIP] len error : ['東EN', '東証ETN']
2026-05-28 11:01:32,600 [SKIP] len error : ['東Ｒ', '東証REIT']
2026-05-28 11:01:32,601 [SKIP] len error : ['東IF', '東証インフラファンド']
2026-05-28 11:01:32,601 [SKIP] len error : ['名Ｐ', '名証プレミア']
2026-05-28 11:01:32,601 [SKIP] len error : ['名M', '名証メイン']
2026-05-28 11:01:32,601 [SKIP] len error : ['名N', '名証ネクスト']
2026-05-28 11:01:32,601 [SKIP] len error : ['名Ｅ', '名証ETF']
2026-05-28 11:01:32,601 [SKIP] len error : ['札Ａ', '札証アンビシャス']
2026-05-28 11:01:32,601 [SKIP] len error : ['福Ｑ', '福証Q-Board']
2026-05-28 11:01:32,601 [SKIP] len error : ['①', '高い', '1,000回以上', '13.9%']
2026-05-28 11:01:32,601 [SKIP] len error : ['②', 'やや高い', '400回〜1,000回', '18.5%']
2026-05-28 11:01:32,601 [SKIP] len error : ['③', '中位', '50回〜400回', '39.0%']
2026-05-28 11:01:32,601 [SKIP] len error : ['④', 'やや低い', '10回〜50回', '17.6%']
2026-05-28 11:01:32,601 [SKIP] len error : ['⑤', '低い', '10回未満', '11.0%']
2026-05-28 11:01:32,601 1540件 / ?件中 20:01
2026-05-28 11:01:32,634 [TOTAL] None
2026-05-28 11:01:32,634 [COUNT] 1540
2026-05-28 11:01:34,122 [PAGE] 78
2026-05-28 11:01:34,446 [SKIP] len error : ['東P', '東証プライム']
2026-05-28 11:01:34,446 [SKIP] len error : ['東S', '東証スタンダード']
2026-05-28 11:01:34,446 [SKIP] len error : ['東G', '東証グロース']
2026-05-28 11:01:34,446 [SKIP] len error : ['東Ｅ', '東証ETF']
2026-05-28 11:01:34,446 [SKIP] len error : ['東EN', '東証ETN']
2026-05-28 11:01:34,446 [SKIP] len error : ['東Ｒ', '東証REIT']
2026-05-28 11:01:34,446 [SKIP] len error : ['東IF', '東証インフラファンド']
2026-05-28 11:01:34,446 [SKIP] len error : ['名Ｐ', '名証プレミア']
2026-05-28 11:01:34,446 [SKIP] len error : ['名M', '名証メイン']
2026-05-28 11:01:34,446 [SKIP] len error : ['名N', '名証ネクスト']
2026-05-28 11:01:34,446 [SKIP] len error : ['名Ｅ', '名証ETF']
2026-05-28 11:01:34,446 [SKIP] len error : ['札Ａ', '札証アンビシャス']
2026-05-28 11:01:34,446 [SKIP] len error : ['福Ｑ', '福証Q-Board']
2026-05-28 11:01:34,446 [SKIP] len error : ['①', '高い', '1,000回以上', '13.9%']
2026-05-28 11:01:34,446 [SKIP] len error : ['②', 'やや高い', '400回〜1,000回', '18.5%']
2026-05-28 11:01:34,446 [SKIP] len error : ['③', '中位', '50回〜400回', '39.0%']
2026-05-28 11:01:34,446 [SKIP] len error : ['④', 'やや低い', '10回〜50回', '17.6%']
2026-05-28 11:01:34,446 [SKIP] len error : ['⑤', '低い', '10回未満', '11.0%']
2026-05-28 11:01:34,447 1560件 / ?件中 20:01
2026-05-28 11:01:34,480 [TOTAL] None
2026-05-28 11:01:34,481 [COUNT] 1560
2026-05-28 11:01:35,417 [PAGE] 79
2026-05-28 11:01:35,684 [SKIP] len error : ['東P', '東証プライム']
2026-05-28 11:01:35,685 [SKIP] len error : ['東S', '東証スタンダード']
2026-05-28 11:01:35,685 [SKIP] len error : ['東G', '東証グロース']
2026-05-28 11:01:35,685 [SKIP] len error : ['東Ｅ', '東証ETF']
2026-05-28 11:01:35,685 [SKIP] len error : ['東EN', '東証ETN']
2026-05-28 11:01:35,685 [SKIP] len error : ['東Ｒ', '東証REIT']
2026-05-28 11:01:35,685 [SKIP] len error : ['東IF', '東証インフラファンド']
2026-05-28 11:01:35,685 [SKIP] len error : ['名Ｐ', '名証プレミア']
2026-05-28 11:01:35,685 [SKIP] len error : ['名M', '名証メイン']
2026-05-28 11:01:35,685 [SKIP] len error : ['名N', '名証ネクスト']
2026-05-28 11:01:35,685 [SKIP] len error : ['名Ｅ', '名証ETF']
2026-05-28 11:01:35,685 [SKIP] len error : ['札Ａ', '札証アンビシャス']
2026-05-28 11:01:35,685 [SKIP] len error : ['福Ｑ', '福証Q-Board']
2026-05-28 11:01:35,685 [SKIP] len error : ['①', '高い', '1,000回以上', '13.9%']
2026-05-28 11:01:35,685 [SKIP] len error : ['②', 'やや高い', '400回〜1,000回', '18.5%']
2026-05-28 11:01:35,685 [SKIP] len error : ['③', '中位', '50回〜400回', '39.0%']
2026-05-28 11:01:35,685 [SKIP] len error : ['④', 'やや低い', '10回〜50回', '17.6%']
2026-05-28 11:01:35,685 [SKIP] len error : ['⑤', '低い', '10回未満', '11.0%']
2026-05-28 11:01:35,685 1580件 / ?件中 20:01
2026-05-28 11:01:35,719 [TOTAL] None
2026-05-28 11:01:35,719 [COUNT] 1580
2026-05-28 11:01:37,174 [PAGE] 80
2026-05-28 11:01:37,442 [SKIP] len error : ['東P', '東証プライム']
2026-05-28 11:01:37,442 [SKIP] len error : ['東S', '東証スタンダード']
2026-05-28 11:01:37,442 [SKIP] len error : ['東G', '東証グロース']
2026-05-28 11:01:37,443 [SKIP] len error : ['東Ｅ', '東証ETF']
2026-05-28 11:01:37,443 [SKIP] len error : ['東EN', '東証ETN']
2026-05-28 11:01:37,443 [SKIP] len error : ['東Ｒ', '東証REIT']
2026-05-28 11:01:37,443 [SKIP] len error : ['東IF', '東証インフラファンド']
2026-05-28 11:01:37,443 [SKIP] len error : ['名Ｐ', '名証プレミア']
2026-05-28 11:01:37,443 [SKIP] len error : ['名M', '名証メイン']
2026-05-28 11:01:37,443 [SKIP] len error : ['名N', '名証ネクスト']
2026-05-28 11:01:37,443 [SKIP] len error : ['名Ｅ', '名証ETF']
2026-05-28 11:01:37,443 [SKIP] len error : ['札Ａ', '札証アンビシャス']
2026-05-28 11:01:37,443 [SKIP] len error : ['福Ｑ', '福証Q-Board']
2026-05-28 11:01:37,443 [SKIP] len error : ['①', '高い', '1,000回以上', '13.9%']
2026-05-28 11:01:37,443 [SKIP] len error : ['②', 'やや高い', '400回〜1,000回', '18.5%']
2026-05-28 11:01:37,443 [SKIP] len error : ['③', '中位', '50回〜400回', '39.0%']
2026-05-28 11:01:37,443 [SKIP] len error : ['④', 'やや低い', '10回〜50回', '17.6%']
2026-05-28 11:01:37,443 [SKIP] len error : ['⑤', '低い', '10回未満', '11.0%']
2026-05-28 11:01:37,443 1600件 / ?件中 20:01
2026-05-28 11:01:37,476 [TOTAL] None
2026-05-28 11:01:37,477 [COUNT] 1600
2026-05-28 11:01:38,922 [PAGE] 81
2026-05-28 11:01:39,205 [SKIP] len error : ['東P', '東証プライム']
2026-05-28 11:01:39,205 [SKIP] len error : ['東S', '東証スタンダード']
2026-05-28 11:01:39,205 [SKIP] len error : ['東G', '東証グロース']
2026-05-28 11:01:39,205 [SKIP] len error : ['東Ｅ', '東証ETF']
2026-05-28 11:01:39,205 [SKIP] len error : ['東EN', '東証ETN']
2026-05-28 11:01:39,205 [SKIP] len error : ['東Ｒ', '東証REIT']
2026-05-28 11:01:39,205 [SKIP] len error : ['東IF', '東証インフラファンド']
2026-05-28 11:01:39,205 [SKIP] len error : ['名Ｐ', '名証プレミア']
2026-05-28 11:01:39,205 [SKIP] len error : ['名M', '名証メイン']
2026-05-28 11:01:39,205 [SKIP] len error : ['名N', '名証ネクスト']
2026-05-28 11:01:39,205 [SKIP] len error : ['名Ｅ', '名証ETF']
2026-05-28 11:01:39,205 [SKIP] len error : ['札Ａ', '札証アンビシャス']
2026-05-28 11:01:39,205 [SKIP] len error : ['福Ｑ', '福証Q-Board']
2026-05-28 11:01:39,205 [SKIP] len error : ['①', '高い', '1,000回以上', '13.9%']
2026-05-28 11:01:39,205 [SKIP] len error : ['②', 'やや高い', '400回〜1,000回', '18.5%']
2026-05-28 11:01:39,205 [SKIP] len error : ['③', '中位', '50回〜400回', '39.0%']
2026-05-28 11:01:39,205 [SKIP] len error : ['④', 'やや低い', '10回〜50回', '17.6%']
2026-05-28 11:01:39,205 [SKIP] len error : ['⑤', '低い', '10回未満', '11.0%']
2026-05-28 11:01:39,205 1620件 / ?件中 20:01
2026-05-28 11:01:39,238 [TOTAL] None
2026-05-28 11:01:39,239 [COUNT] 1620
2026-05-28 11:01:40,119 [PAGE] 82
2026-05-28 11:01:40,424 [SKIP] len error : ['東P', '東証プライム']
2026-05-28 11:01:40,424 [SKIP] len error : ['東S', '東証スタンダード']
2026-05-28 11:01:40,424 [SKIP] len error : ['東G', '東証グロース']
2026-05-28 11:01:40,424 [SKIP] len error : ['東Ｅ', '東証ETF']
2026-05-28 11:01:40,424 [SKIP] len error : ['東EN', '東証ETN']
2026-05-28 11:01:40,424 [SKIP] len error : ['東Ｒ', '東証REIT']
2026-05-28 11:01:40,424 [SKIP] len error : ['東IF', '東証インフラファンド']
2026-05-28 11:01:40,424 [SKIP] len error : ['名Ｐ', '名証プレミア']
2026-05-28 11:01:40,424 [SKIP] len error : ['名M', '名証メイン']
2026-05-28 11:01:40,424 [SKIP] len error : ['名N', '名証ネクスト']
2026-05-28 11:01:40,424 [SKIP] len error : ['名Ｅ', '名証ETF']
2026-05-28 11:01:40,424 [SKIP] len error : ['札Ａ', '札証アンビシャス']
2026-05-28 11:01:40,424 [SKIP] len error : ['福Ｑ', '福証Q-Board']
2026-05-28 11:01:40,424 [SKIP] len error : ['①', '高い', '1,000回以上', '13.9%']
2026-05-28 11:01:40,424 [SKIP] len error : ['②', 'やや高い', '400回〜1,000回', '18.5%']
2026-05-28 11:01:40,424 [SKIP] len error : ['③', '中位', '50回〜400回', '39.0%']
2026-05-28 11:01:40,424 [SKIP] len error : ['④', 'やや低い', '10回〜50回', '17.6%']
2026-05-28 11:01:40,424 [SKIP] len error : ['⑤', '低い', '10回未満', '11.0%']
2026-05-28 11:01:40,425 1640件 / ?件中 20:01
2026-05-28 11:01:40,495 [TOTAL] None
2026-05-28 11:01:40,495 [COUNT] 1640
2026-05-28 11:01:41,325 [PAGE] 83
2026-05-28 11:01:41,598 [SKIP] len error : ['東P', '東証プライム']
2026-05-28 11:01:41,598 [SKIP] len error : ['東S', '東証スタンダード']
2026-05-28 11:01:41,598 [SKIP] len error : ['東G', '東証グロース']
2026-05-28 11:01:41,598 [SKIP] len error : ['東Ｅ', '東証ETF']
2026-05-28 11:01:41,598 [SKIP] len error : ['東EN', '東証ETN']
2026-05-28 11:01:41,598 [SKIP] len error : ['東Ｒ', '東証REIT']
2026-05-28 11:01:41,598 [SKIP] len error : ['東IF', '東証インフラファンド']
2026-05-28 11:01:41,598 [SKIP] len error : ['名Ｐ', '名証プレミア']
2026-05-28 11:01:41,598 [SKIP] len error : ['名M', '名証メイン']
2026-05-28 11:01:41,598 [SKIP] len error : ['名N', '名証ネクスト']
2026-05-28 11:01:41,598 [SKIP] len error : ['名Ｅ', '名証ETF']
2026-05-28 11:01:41,598 [SKIP] len error : ['札Ａ', '札証アンビシャス']
2026-05-28 11:01:41,598 [SKIP] len error : ['福Ｑ', '福証Q-Board']
2026-05-28 11:01:41,599 [SKIP] len error : ['①', '高い', '1,000回以上', '13.9%']
2026-05-28 11:01:41,599 [SKIP] len error : ['②', 'やや高い', '400回〜1,000回', '18.5%']
2026-05-28 11:01:41,599 [SKIP] len error : ['③', '中位', '50回〜400回', '39.0%']
2026-05-28 11:01:41,599 [SKIP] len error : ['④', 'やや低い', '10回〜50回', '17.6%']
2026-05-28 11:01:41,599 [SKIP] len error : ['⑤', '低い', '10回未満', '11.0%']
2026-05-28 11:01:41,599 1660件 / ?件中 20:01
2026-05-28 11:01:41,633 [TOTAL] None
2026-05-28 11:01:41,633 [COUNT] 1660
2026-05-28 11:01:42,765 [PAGE] 84
2026-05-28 11:01:43,028 [SKIP] len error : ['東P', '東証プライム']
2026-05-28 11:01:43,028 [SKIP] len error : ['東S', '東証スタンダード']
2026-05-28 11:01:43,029 [SKIP] len error : ['東G', '東証グロース']
2026-05-28 11:01:43,029 [SKIP] len error : ['東Ｅ', '東証ETF']
2026-05-28 11:01:43,029 [SKIP] len error : ['東EN', '東証ETN']
2026-05-28 11:01:43,029 [SKIP] len error : ['東Ｒ', '東証REIT']
2026-05-28 11:01:43,029 [SKIP] len error : ['東IF', '東証インフラファンド']
2026-05-28 11:01:43,029 [SKIP] len error : ['名Ｐ', '名証プレミア']
2026-05-28 11:01:43,029 [SKIP] len error : ['名M', '名証メイン']
2026-05-28 11:01:43,029 [SKIP] len error : ['名N', '名証ネクスト']
2026-05-28 11:01:43,029 [SKIP] len error : ['名Ｅ', '名証ETF']
2026-05-28 11:01:43,029 [SKIP] len error : ['札Ａ', '札証アンビシャス']
2026-05-28 11:01:43,029 [SKIP] len error : ['福Ｑ', '福証Q-Board']
2026-05-28 11:01:43,029 [SKIP] len error : ['①', '高い', '1,000回以上', '13.9%']
2026-05-28 11:01:43,029 [SKIP] len error : ['②', 'やや高い', '400回〜1,000回', '18.5%']
2026-05-28 11:01:43,029 [SKIP] len error : ['③', '中位', '50回〜400回', '39.0%']
2026-05-28 11:01:43,029 [SKIP] len error : ['④', 'やや低い', '10回〜50回', '17.6%']
2026-05-28 11:01:43,029 [SKIP] len error : ['⑤', '低い', '10回未満', '11.0%']
2026-05-28 11:01:43,029 1680件 / ?件中 20:01
2026-05-28 11:01:43,063 [TOTAL] None
2026-05-28 11:01:43,063 [COUNT] 1680
2026-05-28 11:01:44,323 [PAGE] 85
2026-05-28 11:01:44,627 [SKIP] len error : ['東P', '東証プライム']
2026-05-28 11:01:44,628 [SKIP] len error : ['東S', '東証スタンダード']
2026-05-28 11:01:44,628 [SKIP] len error : ['東G', '東証グロース']
2026-05-28 11:01:44,628 [SKIP] len error : ['東Ｅ', '東証ETF']
2026-05-28 11:01:44,628 [SKIP] len error : ['東EN', '東証ETN']
2026-05-28 11:01:44,628 [SKIP] len error : ['東Ｒ', '東証REIT']
2026-05-28 11:01:44,628 [SKIP] len error : ['東IF', '東証インフラファンド']
2026-05-28 11:01:44,628 [SKIP] len error : ['名Ｐ', '名証プレミア']
2026-05-28 11:01:44,628 [SKIP] len error : ['名M', '名証メイン']
2026-05-28 11:01:44,628 [SKIP] len error : ['名N', '名証ネクスト']
2026-05-28 11:01:44,628 [SKIP] len error : ['名Ｅ', '名証ETF']
2026-05-28 11:01:44,628 [SKIP] len error : ['札Ａ', '札証アンビシャス']
2026-05-28 11:01:44,628 [SKIP] len error : ['福Ｑ', '福証Q-Board']
2026-05-28 11:01:44,628 [SKIP] len error : ['①', '高い', '1,000回以上', '13.9%']
2026-05-28 11:01:44,628 [SKIP] len error : ['②', 'やや高い', '400回〜1,000回', '18.5%']
2026-05-28 11:01:44,628 [SKIP] len error : ['③', '中位', '50回〜400回', '39.0%']
2026-05-28 11:01:44,628 [SKIP] len error : ['④', 'やや低い', '10回〜50回', '17.6%']
2026-05-28 11:01:44,628 [SKIP] len error : ['⑤', '低い', '10回未満', '11.0%']
2026-05-28 11:01:44,628 1700件 / ?件中 20:01
2026-05-28 11:01:44,662 [TOTAL] None
2026-05-28 11:01:44,662 [COUNT] 1700
2026-05-28 11:01:45,971 [PAGE] 86
2026-05-28 11:01:46,254 [SKIP] len error : ['東P', '東証プライム']
2026-05-28 11:01:46,254 [SKIP] len error : ['東S', '東証スタンダード']
2026-05-28 11:01:46,254 [SKIP] len error : ['東G', '東証グロース']
2026-05-28 11:01:46,254 [SKIP] len error : ['東Ｅ', '東証ETF']
2026-05-28 11:01:46,254 [SKIP] len error : ['東EN', '東証ETN']
2026-05-28 11:01:46,254 [SKIP] len error : ['東Ｒ', '東証REIT']
2026-05-28 11:01:46,254 [SKIP] len error : ['東IF', '東証インフラファンド']
2026-05-28 11:01:46,254 [SKIP] len error : ['名Ｐ', '名証プレミア']
2026-05-28 11:01:46,254 [SKIP] len error : ['名M', '名証メイン']
2026-05-28 11:01:46,254 [SKIP] len error : ['名N', '名証ネクスト']
2026-05-28 11:01:46,254 [SKIP] len error : ['名Ｅ', '名証ETF']
2026-05-28 11:01:46,254 [SKIP] len error : ['札Ａ', '札証アンビシャス']
2026-05-28 11:01:46,254 [SKIP] len error : ['福Ｑ', '福証Q-Board']
2026-05-28 11:01:46,254 [SKIP] len error : ['①', '高い', '1,000回以上', '13.9%']
2026-05-28 11:01:46,254 [SKIP] len error : ['②', 'やや高い', '400回〜1,000回', '18.5%']
2026-05-28 11:01:46,254 [SKIP] len error : ['③', '中位', '50回〜400回', '39.0%']
2026-05-28 11:01:46,254 [SKIP] len error : ['④', 'やや低い', '10回〜50回', '17.6%']
2026-05-28 11:01:46,254 [SKIP] len error : ['⑤', '低い', '10回未満', '11.0%']
2026-05-28 11:01:46,254 1720件 / ?件中 20:01
2026-05-28 11:01:46,288 [TOTAL] None
2026-05-28 11:01:46,288 [COUNT] 1720
2026-05-28 11:01:47,541 [PAGE] 87
2026-05-28 11:01:47,829 [SKIP] len error : ['東P', '東証プライム']
2026-05-28 11:01:47,829 [SKIP] len error : ['東S', '東証スタンダード']
2026-05-28 11:01:47,829 [SKIP] len error : ['東G', '東証グロース']
2026-05-28 11:01:47,829 [SKIP] len error : ['東Ｅ', '東証ETF']
2026-05-28 11:01:47,829 [SKIP] len error : ['東EN', '東証ETN']
2026-05-28 11:01:47,829 [SKIP] len error : ['東Ｒ', '東証REIT']
2026-05-28 11:01:47,829 [SKIP] len error : ['東IF', '東証インフラファンド']
2026-05-28 11:01:47,829 [SKIP] len error : ['名Ｐ', '名証プレミア']
2026-05-28 11:01:47,829 [SKIP] len error : ['名M', '名証メイン']
2026-05-28 11:01:47,829 [SKIP] len error : ['名N', '名証ネクスト']
2026-05-28 11:01:47,829 [SKIP] len error : ['名Ｅ', '名証ETF']
2026-05-28 11:01:47,829 [SKIP] len error : ['札Ａ', '札証アンビシャス']
2026-05-28 11:01:47,829 [SKIP] len error : ['福Ｑ', '福証Q-Board']
2026-05-28 11:01:47,829 [SKIP] len error : ['①', '高い', '1,000回以上', '13.9%']
2026-05-28 11:01:47,829 [SKIP] len error : ['②', 'やや高い', '400回〜1,000回', '18.5%']
2026-05-28 11:01:47,829 [SKIP] len error : ['③', '中位', '50回〜400回', '39.0%']
2026-05-28 11:01:47,829 [SKIP] len error : ['④', 'やや低い', '10回〜50回', '17.6%']
2026-05-28 11:01:47,829 [SKIP] len error : ['⑤', '低い', '10回未満', '11.0%']
2026-05-28 11:01:47,830 1740件 / ?件中 20:01
2026-05-28 11:01:47,904 [TOTAL] None
2026-05-28 11:01:47,904 [COUNT] 1740
2026-05-28 11:01:48,754 [PAGE] 88
2026-05-28 11:01:49,036 [SKIP] len error : ['東P', '東証プライム']
2026-05-28 11:01:49,036 [SKIP] len error : ['東S', '東証スタンダード']
2026-05-28 11:01:49,036 [SKIP] len error : ['東G', '東証グロース']
2026-05-28 11:01:49,036 [SKIP] len error : ['東Ｅ', '東証ETF']
2026-05-28 11:01:49,036 [SKIP] len error : ['東EN', '東証ETN']
2026-05-28 11:01:49,036 [SKIP] len error : ['東Ｒ', '東証REIT']
2026-05-28 11:01:49,036 [SKIP] len error : ['東IF', '東証インフラファンド']
2026-05-28 11:01:49,036 [SKIP] len error : ['名Ｐ', '名証プレミア']
2026-05-28 11:01:49,036 [SKIP] len error : ['名M', '名証メイン']
2026-05-28 11:01:49,036 [SKIP] len error : ['名N', '名証ネクスト']
2026-05-28 11:01:49,036 [SKIP] len error : ['名Ｅ', '名証ETF']
2026-05-28 11:01:49,036 [SKIP] len error : ['札Ａ', '札証アンビシャス']
2026-05-28 11:01:49,036 [SKIP] len error : ['福Ｑ', '福証Q-Board']
2026-05-28 11:01:49,036 [SKIP] len error : ['①', '高い', '1,000回以上', '13.9%']
2026-05-28 11:01:49,036 [SKIP] len error : ['②', 'やや高い', '400回〜1,000回', '18.5%']
2026-05-28 11:01:49,036 [SKIP] len error : ['③', '中位', '50回〜400回', '39.0%']
2026-05-28 11:01:49,036 [SKIP] len error : ['④', 'やや低い', '10回〜50回', '17.6%']
2026-05-28 11:01:49,036 [SKIP] len error : ['⑤', '低い', '10回未満', '11.0%']
2026-05-28 11:01:49,037 1760件 / ?件中 20:01
2026-05-28 11:01:49,071 [TOTAL] None
2026-05-28 11:01:49,071 [COUNT] 1760
2026-05-28 11:01:49,870 [PAGE] 89
2026-05-28 11:01:50,136 [SKIP] len error : ['東P', '東証プライム']
2026-05-28 11:01:50,136 [SKIP] len error : ['東S', '東証スタンダード']
2026-05-28 11:01:50,136 [SKIP] len error : ['東G', '東証グロース']
2026-05-28 11:01:50,136 [SKIP] len error : ['東Ｅ', '東証ETF']
2026-05-28 11:01:50,136 [SKIP] len error : ['東EN', '東証ETN']
2026-05-28 11:01:50,136 [SKIP] len error : ['東Ｒ', '東証REIT']
2026-05-28 11:01:50,136 [SKIP] len error : ['東IF', '東証インフラファンド']
2026-05-28 11:01:50,136 [SKIP] len error : ['名Ｐ', '名証プレミア']
2026-05-28 11:01:50,136 [SKIP] len error : ['名M', '名証メイン']
2026-05-28 11:01:50,136 [SKIP] len error : ['名N', '名証ネクスト']
2026-05-28 11:01:50,136 [SKIP] len error : ['名Ｅ', '名証ETF']
2026-05-28 11:01:50,136 [SKIP] len error : ['札Ａ', '札証アンビシャス']
2026-05-28 11:01:50,136 [SKIP] len error : ['福Ｑ', '福証Q-Board']
2026-05-28 11:01:50,136 [SKIP] len error : ['①', '高い', '1,000回以上', '13.9%']
2026-05-28 11:01:50,136 [SKIP] len error : ['②', 'やや高い', '400回〜1,000回', '18.5%']
2026-05-28 11:01:50,136 [SKIP] len error : ['③', '中位', '50回〜400回', '39.0%']
2026-05-28 11:01:50,136 [SKIP] len error : ['④', 'やや低い', '10回〜50回', '17.6%']
2026-05-28 11:01:50,137 [SKIP] len error : ['⑤', '低い', '10回未満', '11.0%']
2026-05-28 11:01:50,137 1780件 / ?件中 20:01
2026-05-28 11:01:50,170 [TOTAL] None
2026-05-28 11:01:50,171 [COUNT] 1780
2026-05-28 11:01:50,817 [PAGE] 90
2026-05-28 11:01:51,090 [SKIP] len error : ['東P', '東証プライム']
2026-05-28 11:01:51,090 [SKIP] len error : ['東S', '東証スタンダード']
2026-05-28 11:01:51,090 [SKIP] len error : ['東G', '東証グロース']
2026-05-28 11:01:51,090 [SKIP] len error : ['東Ｅ', '東証ETF']
2026-05-28 11:01:51,090 [SKIP] len error : ['東EN', '東証ETN']
2026-05-28 11:01:51,090 [SKIP] len error : ['東Ｒ', '東証REIT']
2026-05-28 11:01:51,090 [SKIP] len error : ['東IF', '東証インフラファンド']
2026-05-28 11:01:51,090 [SKIP] len error : ['名Ｐ', '名証プレミア']
2026-05-28 11:01:51,090 [SKIP] len error : ['名M', '名証メイン']
2026-05-28 11:01:51,090 [SKIP] len error : ['名N', '名証ネクスト']
2026-05-28 11:01:51,090 [SKIP] len error : ['名Ｅ', '名証ETF']
2026-05-28 11:01:51,090 [SKIP] len error : ['札Ａ', '札証アンビシャス']
2026-05-28 11:01:51,090 [SKIP] len error : ['福Ｑ', '福証Q-Board']
2026-05-28 11:01:51,091 [SKIP] len error : ['①', '高い', '1,000回以上', '13.9%']
2026-05-28 11:01:51,091 [SKIP] len error : ['②', 'やや高い', '400回〜1,000回', '18.5%']
2026-05-28 11:01:51,091 [SKIP] len error : ['③', '中位', '50回〜400回', '39.0%']
2026-05-28 11:01:51,091 [SKIP] len error : ['④', 'やや低い', '10回〜50回', '17.6%']
2026-05-28 11:01:51,091 [SKIP] len error : ['⑤', '低い', '10回未満', '11.0%']
2026-05-28 11:01:51,091 1800件 / ?件中 20:01
2026-05-28 11:01:51,125 [TOTAL] None
2026-05-28 11:01:51,125 [COUNT] 1800
2026-05-28 11:01:51,897 [PAGE] 91
2026-05-28 11:01:52,169 [SKIP] len error : ['東P', '東証プライム']
2026-05-28 11:01:52,169 [SKIP] len error : ['東S', '東証スタンダード']
2026-05-28 11:01:52,169 [SKIP] len error : ['東G', '東証グロース']
2026-05-28 11:01:52,169 [SKIP] len error : ['東Ｅ', '東証ETF']
2026-05-28 11:01:52,169 [SKIP] len error : ['東EN', '東証ETN']
2026-05-28 11:01:52,169 [SKIP] len error : ['東Ｒ', '東証REIT']
2026-05-28 11:01:52,169 [SKIP] len error : ['東IF', '東証インフラファンド']
2026-05-28 11:01:52,169 [SKIP] len error : ['名Ｐ', '名証プレミア']
2026-05-28 11:01:52,169 [SKIP] len error : ['名M', '名証メイン']
2026-05-28 11:01:52,169 [SKIP] len error : ['名N', '名証ネクスト']
2026-05-28 11:01:52,169 [SKIP] len error : ['名Ｅ', '名証ETF']
2026-05-28 11:01:52,169 [SKIP] len error : ['札Ａ', '札証アンビシャス']
2026-05-28 11:01:52,169 [SKIP] len error : ['福Ｑ', '福証Q-Board']
2026-05-28 11:01:52,169 [SKIP] len error : ['①', '高い', '1,000回以上', '13.9%']
2026-05-28 11:01:52,169 [SKIP] len error : ['②', 'やや高い', '400回〜1,000回', '18.5%']
2026-05-28 11:01:52,169 [SKIP] len error : ['③', '中位', '50回〜400回', '39.0%']
2026-05-28 11:01:52,169 [SKIP] len error : ['④', 'やや低い', '10回〜50回', '17.6%']
2026-05-28 11:01:52,169 [SKIP] len error : ['⑤', '低い', '10回未満', '11.0%']
2026-05-28 11:01:52,169 1820件 / ?件中 20:01
2026-05-28 11:01:52,203 [TOTAL] None
2026-05-28 11:01:52,203 [COUNT] 1820
2026-05-28 11:01:53,612 [PAGE] 92
2026-05-28 11:01:53,916 [SKIP] len error : ['東P', '東証プライム']
2026-05-28 11:01:53,916 [SKIP] len error : ['東S', '東証スタンダード']
2026-05-28 11:01:53,916 [SKIP] len error : ['東G', '東証グロース']
2026-05-28 11:01:53,916 [SKIP] len error : ['東Ｅ', '東証ETF']
2026-05-28 11:01:53,916 [SKIP] len error : ['東EN', '東証ETN']
2026-05-28 11:01:53,916 [SKIP] len error : ['東Ｒ', '東証REIT']
2026-05-28 11:01:53,916 [SKIP] len error : ['東IF', '東証インフラファンド']
2026-05-28 11:01:53,916 [SKIP] len error : ['名Ｐ', '名証プレミア']
2026-05-28 11:01:53,916 [SKIP] len error : ['名M', '名証メイン']
2026-05-28 11:01:53,916 [SKIP] len error : ['名N', '名証ネクスト']
2026-05-28 11:01:53,916 [SKIP] len error : ['名Ｅ', '名証ETF']
2026-05-28 11:01:53,916 [SKIP] len error : ['札Ａ', '札証アンビシャス']
2026-05-28 11:01:53,916 [SKIP] len error : ['福Ｑ', '福証Q-Board']
2026-05-28 11:01:53,916 [SKIP] len error : ['①', '高い', '1,000回以上', '13.9%']
2026-05-28 11:01:53,916 [SKIP] len error : ['②', 'やや高い', '400回〜1,000回', '18.5%']
2026-05-28 11:01:53,916 [SKIP] len error : ['③', '中位', '50回〜400回', '39.0%']
2026-05-28 11:01:53,916 [SKIP] len error : ['④', 'やや低い', '10回〜50回', '17.6%']
2026-05-28 11:01:53,916 [SKIP] len error : ['⑤', '低い', '10回未満', '11.0%']
2026-05-28 11:01:53,917 1840件 / ?件中 20:01
2026-05-28 11:01:53,950 [TOTAL] None
2026-05-28 11:01:53,950 [COUNT] 1840
2026-05-28 11:01:54,876 [PAGE] 93
2026-05-28 11:01:55,176 [SKIP] len error : ['東P', '東証プライム']
2026-05-28 11:01:55,176 [SKIP] len error : ['東S', '東証スタンダード']
2026-05-28 11:01:55,176 [SKIP] len error : ['東G', '東証グロース']
2026-05-28 11:01:55,176 [SKIP] len error : ['東Ｅ', '東証ETF']
2026-05-28 11:01:55,176 [SKIP] len error : ['東EN', '東証ETN']
2026-05-28 11:01:55,176 [SKIP] len error : ['東Ｒ', '東証REIT']
2026-05-28 11:01:55,176 [SKIP] len error : ['東IF', '東証インフラファンド']
2026-05-28 11:01:55,177 [SKIP] len error : ['名Ｐ', '名証プレミア']
2026-05-28 11:01:55,177 [SKIP] len error : ['名M', '名証メイン']
2026-05-28 11:01:55,177 [SKIP] len error : ['名N', '名証ネクスト']
2026-05-28 11:01:55,177 [SKIP] len error : ['名Ｅ', '名証ETF']
2026-05-28 11:01:55,177 [SKIP] len error : ['札Ａ', '札証アンビシャス']
2026-05-28 11:01:55,177 [SKIP] len error : ['福Ｑ', '福証Q-Board']
2026-05-28 11:01:55,177 [SKIP] len error : ['①', '高い', '1,000回以上', '13.9%']
2026-05-28 11:01:55,177 [SKIP] len error : ['②', 'やや高い', '400回〜1,000回', '18.5%']
2026-05-28 11:01:55,177 [SKIP] len error : ['③', '中位', '50回〜400回', '39.0%']
2026-05-28 11:01:55,177 [SKIP] len error : ['④', 'やや低い', '10回〜50回', '17.6%']
2026-05-28 11:01:55,177 [SKIP] len error : ['⑤', '低い', '10回未満', '11.0%']
2026-05-28 11:01:55,177 1860件 / ?件中 20:01
2026-05-28 11:01:55,211 [TOTAL] None
2026-05-28 11:01:55,212 [COUNT] 1860
2026-05-28 11:01:55,799 [PAGE] 94
2026-05-28 11:01:56,090 [SKIP] len error : ['東P', '東証プライム']
2026-05-28 11:01:56,090 [SKIP] len error : ['東S', '東証スタンダード']
2026-05-28 11:01:56,090 [SKIP] len error : ['東G', '東証グロース']
2026-05-28 11:01:56,090 [SKIP] len error : ['東Ｅ', '東証ETF']
2026-05-28 11:01:56,090 [SKIP] len error : ['東EN', '東証ETN']
2026-05-28 11:01:56,090 [SKIP] len error : ['東Ｒ', '東証REIT']
2026-05-28 11:01:56,090 [SKIP] len error : ['東IF', '東証インフラファンド']
2026-05-28 11:01:56,090 [SKIP] len error : ['名Ｐ', '名証プレミア']
2026-05-28 11:01:56,090 [SKIP] len error : ['名M', '名証メイン']
2026-05-28 11:01:56,090 [SKIP] len error : ['名N', '名証ネクスト']
2026-05-28 11:01:56,090 [SKIP] len error : ['名Ｅ', '名証ETF']
2026-05-28 11:01:56,090 [SKIP] len error : ['札Ａ', '札証アンビシャス']
2026-05-28 11:01:56,090 [SKIP] len error : ['福Ｑ', '福証Q-Board']
2026-05-28 11:01:56,090 [SKIP] len error : ['①', '高い', '1,000回以上', '13.9%']
2026-05-28 11:01:56,090 [SKIP] len error : ['②', 'やや高い', '400回〜1,000回', '18.5%']
2026-05-28 11:01:56,090 [SKIP] len error : ['③', '中位', '50回〜400回', '39.0%']
2026-05-28 11:01:56,090 [SKIP] len error : ['④', 'やや低い', '10回〜50回', '17.6%']
2026-05-28 11:01:56,090 [SKIP] len error : ['⑤', '低い', '10回未満', '11.0%']
2026-05-28 11:01:56,091 1880件 / ?件中 20:01
2026-05-28 11:01:56,124 [TOTAL] None
2026-05-28 11:01:56,124 [COUNT] 1880
2026-05-28 11:01:57,239 [PAGE] 95
2026-05-28 11:01:57,534 [SKIP] len error : ['東P', '東証プライム']
2026-05-28 11:01:57,534 [SKIP] len error : ['東S', '東証スタンダード']
2026-05-28 11:01:57,535 [SKIP] len error : ['東G', '東証グロース']
2026-05-28 11:01:57,535 [SKIP] len error : ['東Ｅ', '東証ETF']
2026-05-28 11:01:57,535 [SKIP] len error : ['東EN', '東証ETN']
2026-05-28 11:01:57,535 [SKIP] len error : ['東Ｒ', '東証REIT']
2026-05-28 11:01:57,535 [SKIP] len error : ['東IF', '東証インフラファンド']
2026-05-28 11:01:57,535 [SKIP] len error : ['名Ｐ', '名証プレミア']
2026-05-28 11:01:57,535 [SKIP] len error : ['名M', '名証メイン']
2026-05-28 11:01:57,535 [SKIP] len error : ['名N', '名証ネクスト']
2026-05-28 11:01:57,535 [SKIP] len error : ['名Ｅ', '名証ETF']
2026-05-28 11:01:57,535 [SKIP] len error : ['札Ａ', '札証アンビシャス']
2026-05-28 11:01:57,535 [SKIP] len error : ['福Ｑ', '福証Q-Board']
2026-05-28 11:01:57,535 [SKIP] len error : ['①', '高い', '1,000回以上', '13.9%']
2026-05-28 11:01:57,535 [SKIP] len error : ['②', 'やや高い', '400回〜1,000回', '18.5%']
2026-05-28 11:01:57,535 [SKIP] len error : ['③', '中位', '50回〜400回', '39.0%']
2026-05-28 11:01:57,535 [SKIP] len error : ['④', 'やや低い', '10回〜50回', '17.6%']
2026-05-28 11:01:57,535 [SKIP] len error : ['⑤', '低い', '10回未満', '11.0%']
2026-05-28 11:01:57,535 1900件 / ?件中 20:01
2026-05-28 11:01:57,569 [TOTAL] None
2026-05-28 11:01:57,569 [COUNT] 1900
2026-05-28 11:01:58,406 [PAGE] 96
2026-05-28 11:01:58,684 [SKIP] len error : ['東P', '東証プライム']
2026-05-28 11:01:58,684 [SKIP] len error : ['東S', '東証スタンダード']
2026-05-28 11:01:58,685 [SKIP] len error : ['東G', '東証グロース']
2026-05-28 11:01:58,685 [SKIP] len error : ['東Ｅ', '東証ETF']
2026-05-28 11:01:58,685 [SKIP] len error : ['東EN', '東証ETN']
2026-05-28 11:01:58,685 [SKIP] len error : ['東Ｒ', '東証REIT']
2026-05-28 11:01:58,685 [SKIP] len error : ['東IF', '東証インフラファンド']
2026-05-28 11:01:58,685 [SKIP] len error : ['名Ｐ', '名証プレミア']
2026-05-28 11:01:58,685 [SKIP] len error : ['名M', '名証メイン']
2026-05-28 11:01:58,685 [SKIP] len error : ['名N', '名証ネクスト']
2026-05-28 11:01:58,685 [SKIP] len error : ['名Ｅ', '名証ETF']
2026-05-28 11:01:58,685 [SKIP] len error : ['札Ａ', '札証アンビシャス']
2026-05-28 11:01:58,685 [SKIP] len error : ['福Ｑ', '福証Q-Board']
2026-05-28 11:01:58,685 [SKIP] len error : ['①', '高い', '1,000回以上', '13.9%']
2026-05-28 11:01:58,685 [SKIP] len error : ['②', 'やや高い', '400回〜1,000回', '18.5%']
2026-05-28 11:01:58,685 [SKIP] len error : ['③', '中位', '50回〜400回', '39.0%']
2026-05-28 11:01:58,685 [SKIP] len error : ['④', 'やや低い', '10回〜50回', '17.6%']
2026-05-28 11:01:58,685 [SKIP] len error : ['⑤', '低い', '10回未満', '11.0%']
2026-05-28 11:01:58,685 1920件 / ?件中 20:01
2026-05-28 11:01:58,758 [TOTAL] None
2026-05-28 11:01:58,758 [COUNT] 1920
2026-05-28 11:02:00,162 [PAGE] 97
2026-05-28 11:02:00,434 [SKIP] len error : ['東P', '東証プライム']
2026-05-28 11:02:00,434 [SKIP] len error : ['東S', '東証スタンダード']
2026-05-28 11:02:00,434 [SKIP] len error : ['東G', '東証グロース']
2026-05-28 11:02:00,435 [SKIP] len error : ['東Ｅ', '東証ETF']
2026-05-28 11:02:00,435 [SKIP] len error : ['東EN', '東証ETN']
2026-05-28 11:02:00,435 [SKIP] len error : ['東Ｒ', '東証REIT']
2026-05-28 11:02:00,435 [SKIP] len error : ['東IF', '東証インフラファンド']
2026-05-28 11:02:00,435 [SKIP] len error : ['名Ｐ', '名証プレミア']
2026-05-28 11:02:00,435 [SKIP] len error : ['名M', '名証メイン']
2026-05-28 11:02:00,435 [SKIP] len error : ['名N', '名証ネクスト']
2026-05-28 11:02:00,435 [SKIP] len error : ['名Ｅ', '名証ETF']
2026-05-28 11:02:00,435 [SKIP] len error : ['札Ａ', '札証アンビシャス']
2026-05-28 11:02:00,435 [SKIP] len error : ['福Ｑ', '福証Q-Board']
2026-05-28 11:02:00,435 [SKIP] len error : ['①', '高い', '1,000回以上', '13.9%']
2026-05-28 11:02:00,435 [SKIP] len error : ['②', 'やや高い', '400回〜1,000回', '18.5%']
2026-05-28 11:02:00,435 [SKIP] len error : ['③', '中位', '50回〜400回', '39.0%']
2026-05-28 11:02:00,435 [SKIP] len error : ['④', 'やや低い', '10回〜50回', '17.6%']
2026-05-28 11:02:00,435 [SKIP] len error : ['⑤', '低い', '10回未満', '11.0%']
2026-05-28 11:02:00,435 1940件 / ?件中 20:02
2026-05-28 11:02:00,469 [TOTAL] None
2026-05-28 11:02:00,469 [COUNT] 1940
2026-05-28 11:02:01,327 [PAGE] 98
2026-05-28 11:02:01,601 [SKIP] len error : ['東P', '東証プライム']
2026-05-28 11:02:01,601 [SKIP] len error : ['東S', '東証スタンダード']
2026-05-28 11:02:01,601 [SKIP] len error : ['東G', '東証グロース']
2026-05-28 11:02:01,601 [SKIP] len error : ['東Ｅ', '東証ETF']
2026-05-28 11:02:01,601 [SKIP] len error : ['東EN', '東証ETN']
2026-05-28 11:02:01,601 [SKIP] len error : ['東Ｒ', '東証REIT']
2026-05-28 11:02:01,601 [SKIP] len error : ['東IF', '東証インフラファンド']
2026-05-28 11:02:01,601 [SKIP] len error : ['名Ｐ', '名証プレミア']
2026-05-28 11:02:01,601 [SKIP] len error : ['名M', '名証メイン']
2026-05-28 11:02:01,601 [SKIP] len error : ['名N', '名証ネクスト']
2026-05-28 11:02:01,602 [SKIP] len error : ['名Ｅ', '名証ETF']
2026-05-28 11:02:01,602 [SKIP] len error : ['札Ａ', '札証アンビシャス']
2026-05-28 11:02:01,602 [SKIP] len error : ['福Ｑ', '福証Q-Board']
2026-05-28 11:02:01,602 [SKIP] len error : ['①', '高い', '1,000回以上', '13.9%']
2026-05-28 11:02:01,602 [SKIP] len error : ['②', 'やや高い', '400回〜1,000回', '18.5%']
2026-05-28 11:02:01,602 [SKIP] len error : ['③', '中位', '50回〜400回', '39.0%']
2026-05-28 11:02:01,602 [SKIP] len error : ['④', 'やや低い', '10回〜50回', '17.6%']
2026-05-28 11:02:01,602 [SKIP] len error : ['⑤', '低い', '10回未満', '11.0%']
2026-05-28 11:02:01,602 1960件 / ?件中 20:02
2026-05-28 11:02:01,636 [TOTAL] None
2026-05-28 11:02:01,636 [COUNT] 1960
2026-05-28 11:02:02,755 [PAGE] 99
2026-05-28 11:02:03,014 [SKIP] len error : ['東P', '東証プライム']
2026-05-28 11:02:03,015 [SKIP] len error : ['東S', '東証スタンダード']
2026-05-28 11:02:03,015 [SKIP] len error : ['東G', '東証グロース']
2026-05-28 11:02:03,015 [SKIP] len error : ['東Ｅ', '東証ETF']
2026-05-28 11:02:03,015 [SKIP] len error : ['東EN', '東証ETN']
2026-05-28 11:02:03,015 [SKIP] len error : ['東Ｒ', '東証REIT']
2026-05-28 11:02:03,015 [SKIP] len error : ['東IF', '東証インフラファンド']
2026-05-28 11:02:03,015 [SKIP] len error : ['名Ｐ', '名証プレミア']
2026-05-28 11:02:03,015 [SKIP] len error : ['名M', '名証メイン']
2026-05-28 11:02:03,015 [SKIP] len error : ['名N', '名証ネクスト']
2026-05-28 11:02:03,015 [SKIP] len error : ['名Ｅ', '名証ETF']
2026-05-28 11:02:03,015 [SKIP] len error : ['札Ａ', '札証アンビシャス']
2026-05-28 11:02:03,015 [SKIP] len error : ['福Ｑ', '福証Q-Board']
2026-05-28 11:02:03,015 [SKIP] len error : ['①', '高い', '1,000回以上', '13.9%']
2026-05-28 11:02:03,015 [SKIP] len error : ['②', 'やや高い', '400回〜1,000回', '18.5%']
2026-05-28 11:02:03,015 [SKIP] len error : ['③', '中位', '50回〜400回', '39.0%']
2026-05-28 11:02:03,015 [SKIP] len error : ['④', 'やや低い', '10回〜50回', '17.6%']
2026-05-28 11:02:03,015 [SKIP] len error : ['⑤', '低い', '10回未満', '11.0%']
2026-05-28 11:02:03,015 1980件 / ?件中 20:02
2026-05-28 11:02:03,049 [TOTAL] None
2026-05-28 11:02:03,049 [COUNT] 1980
2026-05-28 11:02:04,071 [PAGE] 100
2026-05-28 11:02:04,339 [SKIP] len error : ['東P', '東証プライム']
2026-05-28 11:02:04,339 [SKIP] len error : ['東S', '東証スタンダード']
2026-05-28 11:02:04,339 [SKIP] len error : ['東G', '東証グロース']
2026-05-28 11:02:04,339 [SKIP] len error : ['東Ｅ', '東証ETF']
2026-05-28 11:02:04,339 [SKIP] len error : ['東EN', '東証ETN']
2026-05-28 11:02:04,339 [SKIP] len error : ['東Ｒ', '東証REIT']
2026-05-28 11:02:04,339 [SKIP] len error : ['東IF', '東証インフラファンド']
2026-05-28 11:02:04,339 [SKIP] len error : ['名Ｐ', '名証プレミア']
2026-05-28 11:02:04,339 [SKIP] len error : ['名M', '名証メイン']
2026-05-28 11:02:04,339 [SKIP] len error : ['名N', '名証ネクスト']
2026-05-28 11:02:04,339 [SKIP] len error : ['名Ｅ', '名証ETF']
2026-05-28 11:02:04,339 [SKIP] len error : ['札Ａ', '札証アンビシャス']
2026-05-28 11:02:04,339 [SKIP] len error : ['福Ｑ', '福証Q-Board']
2026-05-28 11:02:04,339 [SKIP] len error : ['①', '高い', '1,000回以上', '13.9%']
2026-05-28 11:02:04,339 [SKIP] len error : ['②', 'やや高い', '400回〜1,000回', '18.5%']
2026-05-28 11:02:04,339 [SKIP] len error : ['③', '中位', '50回〜400回', '39.0%']
2026-05-28 11:02:04,339 [SKIP] len error : ['④', 'やや低い', '10回〜50回', '17.6%']
2026-05-28 11:02:04,339 [SKIP] len error : ['⑤', '低い', '10回未満', '11.0%']
2026-05-28 11:02:04,339 2000件 / ?件中 20:02
2026-05-28 11:02:04,373 [TOTAL] None
2026-05-28 11:02:04,373 [COUNT] 2000
2026-05-28 11:02:04,941 [SLEEP] 2000件到達 -> 187秒休憩
2026-05-28 11:05:11,941 [PAGE] 101
2026-05-28 11:05:12,857 [SKIP] len error : ['東P', '東証プライム']
2026-05-28 11:05:12,857 [SKIP] len error : ['東S', '東証スタンダード']
2026-05-28 11:05:12,857 [SKIP] len error : ['東G', '東証グロース']
2026-05-28 11:05:12,857 [SKIP] len error : ['東Ｅ', '東証ETF']
2026-05-28 11:05:12,857 [SKIP] len error : ['東EN', '東証ETN']
2026-05-28 11:05:12,857 [SKIP] len error : ['東Ｒ', '東証REIT']
2026-05-28 11:05:12,857 [SKIP] len error : ['東IF', '東証インフラファンド']
2026-05-28 11:05:12,857 [SKIP] len error : ['名Ｐ', '名証プレミア']
2026-05-28 11:05:12,857 [SKIP] len error : ['名M', '名証メイン']
2026-05-28 11:05:12,857 [SKIP] len error : ['名N', '名証ネクスト']
2026-05-28 11:05:12,857 [SKIP] len error : ['名Ｅ', '名証ETF']
2026-05-28 11:05:12,857 [SKIP] len error : ['札Ａ', '札証アンビシャス']
2026-05-28 11:05:12,857 [SKIP] len error : ['福Ｑ', '福証Q-Board']
2026-05-28 11:05:12,857 [SKIP] len error : ['①', '高い', '1,000回以上', '13.9%']
2026-05-28 11:05:12,857 [SKIP] len error : ['②', 'やや高い', '400回〜1,000回', '18.5%']
2026-05-28 11:05:12,857 [SKIP] len error : ['③', '中位', '50回〜400回', '39.0%']
2026-05-28 11:05:12,857 [SKIP] len error : ['④', 'やや低い', '10回〜50回', '17.6%']
2026-05-28 11:05:12,857 [SKIP] len error : ['⑤', '低い', '10回未満', '11.0%']
2026-05-28 11:05:12,857 2020件 / ?件中 20:05
2026-05-28 11:05:12,932 [TOTAL] None
2026-05-28 11:05:12,932 [COUNT] 2020
2026-05-28 11:05:13,785 [PAGE] 102
2026-05-28 11:05:14,055 [SKIP] len error : ['東P', '東証プライム']
2026-05-28 11:05:14,056 [SKIP] len error : ['東S', '東証スタンダード']
2026-05-28 11:05:14,056 [SKIP] len error : ['東G', '東証グロース']
2026-05-28 11:05:14,056 [SKIP] len error : ['東Ｅ', '東証ETF']
2026-05-28 11:05:14,056 [SKIP] len error : ['東EN', '東証ETN']
2026-05-28 11:05:14,056 [SKIP] len error : ['東Ｒ', '東証REIT']
2026-05-28 11:05:14,056 [SKIP] len error : ['東IF', '東証インフラファンド']
2026-05-28 11:05:14,056 [SKIP] len error : ['名Ｐ', '名証プレミア']
2026-05-28 11:05:14,056 [SKIP] len error : ['名M', '名証メイン']
2026-05-28 11:05:14,056 [SKIP] len error : ['名N', '名証ネクスト']
2026-05-28 11:05:14,056 [SKIP] len error : ['名Ｅ', '名証ETF']
2026-05-28 11:05:14,056 [SKIP] len error : ['札Ａ', '札証アンビシャス']
2026-05-28 11:05:14,056 [SKIP] len error : ['福Ｑ', '福証Q-Board']
2026-05-28 11:05:14,056 [SKIP] len error : ['①', '高い', '1,000回以上', '13.9%']
2026-05-28 11:05:14,056 [SKIP] len error : ['②', 'やや高い', '400回〜1,000回', '18.5%']
2026-05-28 11:05:14,056 [SKIP] len error : ['③', '中位', '50回〜400回', '39.0%']
2026-05-28 11:05:14,056 [SKIP] len error : ['④', 'やや低い', '10回〜50回', '17.6%']
2026-05-28 11:05:14,056 [SKIP] len error : ['⑤', '低い', '10回未満', '11.0%']
2026-05-28 11:05:14,056 2040件 / ?件中 20:05
2026-05-28 11:05:14,090 [TOTAL] None
2026-05-28 11:05:14,090 [COUNT] 2040
2026-05-28 11:05:14,808 [PAGE] 103
2026-05-28 11:05:15,104 [SKIP] len error : ['東P', '東証プライム']
2026-05-28 11:05:15,104 [SKIP] len error : ['東S', '東証スタンダード']
2026-05-28 11:05:15,104 [SKIP] len error : ['東G', '東証グロース']
2026-05-28 11:05:15,104 [SKIP] len error : ['東Ｅ', '東証ETF']
2026-05-28 11:05:15,104 [SKIP] len error : ['東EN', '東証ETN']
2026-05-28 11:05:15,104 [SKIP] len error : ['東Ｒ', '東証REIT']
2026-05-28 11:05:15,104 [SKIP] len error : ['東IF', '東証インフラファンド']
2026-05-28 11:05:15,104 [SKIP] len error : ['名Ｐ', '名証プレミア']
2026-05-28 11:05:15,104 [SKIP] len error : ['名M', '名証メイン']
2026-05-28 11:05:15,105 [SKIP] len error : ['名N', '名証ネクスト']
2026-05-28 11:05:15,105 [SKIP] len error : ['名Ｅ', '名証ETF']
2026-05-28 11:05:15,105 [SKIP] len error : ['札Ａ', '札証アンビシャス']
2026-05-28 11:05:15,105 [SKIP] len error : ['福Ｑ', '福証Q-Board']
2026-05-28 11:05:15,105 [SKIP] len error : ['①', '高い', '1,000回以上', '13.9%']
2026-05-28 11:05:15,105 [SKIP] len error : ['②', 'やや高い', '400回〜1,000回', '18.5%']
2026-05-28 11:05:15,105 [SKIP] len error : ['③', '中位', '50回〜400回', '39.0%']
2026-05-28 11:05:15,105 [SKIP] len error : ['④', 'やや低い', '10回〜50回', '17.6%']
2026-05-28 11:05:15,105 [SKIP] len error : ['⑤', '低い', '10回未満', '11.0%']
2026-05-28 11:05:15,105 2060件 / ?件中 20:05
2026-05-28 11:05:15,139 [TOTAL] None
2026-05-28 11:05:15,139 [COUNT] 2060
2026-05-28 11:05:16,288 [PAGE] 104
2026-05-28 11:05:16,563 [SKIP] len error : ['東P', '東証プライム']
2026-05-28 11:05:16,563 [SKIP] len error : ['東S', '東証スタンダード']
2026-05-28 11:05:16,563 [SKIP] len error : ['東G', '東証グロース']
2026-05-28 11:05:16,563 [SKIP] len error : ['東Ｅ', '東証ETF']
2026-05-28 11:05:16,563 [SKIP] len error : ['東EN', '東証ETN']
2026-05-28 11:05:16,563 [SKIP] len error : ['東Ｒ', '東証REIT']
2026-05-28 11:05:16,563 [SKIP] len error : ['東IF', '東証インフラファンド']
2026-05-28 11:05:16,563 [SKIP] len error : ['名Ｐ', '名証プレミア']
2026-05-28 11:05:16,563 [SKIP] len error : ['名M', '名証メイン']
2026-05-28 11:05:16,563 [SKIP] len error : ['名N', '名証ネクスト']
2026-05-28 11:05:16,563 [SKIP] len error : ['名Ｅ', '名証ETF']
2026-05-28 11:05:16,563 [SKIP] len error : ['札Ａ', '札証アンビシャス']
2026-05-28 11:05:16,563 [SKIP] len error : ['福Ｑ', '福証Q-Board']
2026-05-28 11:05:16,563 [SKIP] len error : ['①', '高い', '1,000回以上', '13.9%']
2026-05-28 11:05:16,563 [SKIP] len error : ['②', 'やや高い', '400回〜1,000回', '18.5%']
2026-05-28 11:05:16,563 [SKIP] len error : ['③', '中位', '50回〜400回', '39.0%']
2026-05-28 11:05:16,563 [SKIP] len error : ['④', 'やや低い', '10回〜50回', '17.6%']
2026-05-28 11:05:16,563 [SKIP] len error : ['⑤', '低い', '10回未満', '11.0%']
2026-05-28 11:05:16,563 2080件 / ?件中 20:05
2026-05-28 11:05:16,597 [TOTAL] None
2026-05-28 11:05:16,597 [COUNT] 2080
2026-05-28 11:05:17,869 [PAGE] 105
2026-05-28 11:05:18,178 [SKIP] len error : ['東P', '東証プライム']
2026-05-28 11:05:18,179 [SKIP] len error : ['東S', '東証スタンダード']
2026-05-28 11:05:18,179 [SKIP] len error : ['東G', '東証グロース']
2026-05-28 11:05:18,179 [SKIP] len error : ['東Ｅ', '東証ETF']
2026-05-28 11:05:18,179 [SKIP] len error : ['東EN', '東証ETN']
2026-05-28 11:05:18,179 [SKIP] len error : ['東Ｒ', '東証REIT']
2026-05-28 11:05:18,179 [SKIP] len error : ['東IF', '東証インフラファンド']
2026-05-28 11:05:18,179 [SKIP] len error : ['名Ｐ', '名証プレミア']
2026-05-28 11:05:18,179 [SKIP] len error : ['名M', '名証メイン']
2026-05-28 11:05:18,179 [SKIP] len error : ['名N', '名証ネクスト']
2026-05-28 11:05:18,179 [SKIP] len error : ['名Ｅ', '名証ETF']
2026-05-28 11:05:18,179 [SKIP] len error : ['札Ａ', '札証アンビシャス']
2026-05-28 11:05:18,179 [SKIP] len error : ['福Ｑ', '福証Q-Board']
2026-05-28 11:05:18,179 [SKIP] len error : ['①', '高い', '1,000回以上', '13.9%']
2026-05-28 11:05:18,179 [SKIP] len error : ['②', 'やや高い', '400回〜1,000回', '18.5%']
2026-05-28 11:05:18,179 [SKIP] len error : ['③', '中位', '50回〜400回', '39.0%']
2026-05-28 11:05:18,179 [SKIP] len error : ['④', 'やや低い', '10回〜50回', '17.6%']
2026-05-28 11:05:18,179 [SKIP] len error : ['⑤', '低い', '10回未満', '11.0%']
2026-05-28 11:05:18,179 2100件 / ?件中 20:05
2026-05-28 11:05:18,213 [TOTAL] None
2026-05-28 11:05:18,213 [COUNT] 2100
2026-05-28 11:05:18,975 [PAGE] 106
2026-05-28 11:05:19,276 [SKIP] len error : ['東P', '東証プライム']
2026-05-28 11:05:19,276 [SKIP] len error : ['東S', '東証スタンダード']
2026-05-28 11:05:19,276 [SKIP] len error : ['東G', '東証グロース']
2026-05-28 11:05:19,276 [SKIP] len error : ['東Ｅ', '東証ETF']
2026-05-28 11:05:19,276 [SKIP] len error : ['東EN', '東証ETN']
2026-05-28 11:05:19,276 [SKIP] len error : ['東Ｒ', '東証REIT']
2026-05-28 11:05:19,276 [SKIP] len error : ['東IF', '東証インフラファンド']
2026-05-28 11:05:19,276 [SKIP] len error : ['名Ｐ', '名証プレミア']
2026-05-28 11:05:19,276 [SKIP] len error : ['名M', '名証メイン']
2026-05-28 11:05:19,276 [SKIP] len error : ['名N', '名証ネクスト']
2026-05-28 11:05:19,276 [SKIP] len error : ['名Ｅ', '名証ETF']
2026-05-28 11:05:19,276 [SKIP] len error : ['札Ａ', '札証アンビシャス']
2026-05-28 11:05:19,276 [SKIP] len error : ['福Ｑ', '福証Q-Board']
2026-05-28 11:05:19,276 [SKIP] len error : ['①', '高い', '1,000回以上', '13.9%']
2026-05-28 11:05:19,276 [SKIP] len error : ['②', 'やや高い', '400回〜1,000回', '18.5%']
2026-05-28 11:05:19,276 [SKIP] len error : ['③', '中位', '50回〜400回', '39.0%']
2026-05-28 11:05:19,276 [SKIP] len error : ['④', 'やや低い', '10回〜50回', '17.6%']
2026-05-28 11:05:19,277 [SKIP] len error : ['⑤', '低い', '10回未満', '11.0%']
2026-05-28 11:05:19,277 2120件 / ?件中 20:05
2026-05-28 11:05:19,310 [TOTAL] None
2026-05-28 11:05:19,310 [COUNT] 2120
2026-05-28 11:05:19,935 [PAGE] 107
2026-05-28 11:05:20,204 [SKIP] len error : ['東P', '東証プライム']
2026-05-28 11:05:20,205 [SKIP] len error : ['東S', '東証スタンダード']
2026-05-28 11:05:20,205 [SKIP] len error : ['東G', '東証グロース']
2026-05-28 11:05:20,205 [SKIP] len error : ['東Ｅ', '東証ETF']
2026-05-28 11:05:20,205 [SKIP] len error : ['東EN', '東証ETN']
2026-05-28 11:05:20,205 [SKIP] len error : ['東Ｒ', '東証REIT']
2026-05-28 11:05:20,205 [SKIP] len error : ['東IF', '東証インフラファンド']
2026-05-28 11:05:20,205 [SKIP] len error : ['名Ｐ', '名証プレミア']
2026-05-28 11:05:20,205 [SKIP] len error : ['名M', '名証メイン']
2026-05-28 11:05:20,205 [SKIP] len error : ['名N', '名証ネクスト']
2026-05-28 11:05:20,205 [SKIP] len error : ['名Ｅ', '名証ETF']
2026-05-28 11:05:20,205 [SKIP] len error : ['札Ａ', '札証アンビシャス']
2026-05-28 11:05:20,205 [SKIP] len error : ['福Ｑ', '福証Q-Board']
2026-05-28 11:05:20,205 [SKIP] len error : ['①', '高い', '1,000回以上', '13.9%']
2026-05-28 11:05:20,205 [SKIP] len error : ['②', 'やや高い', '400回〜1,000回', '18.5%']
2026-05-28 11:05:20,205 [SKIP] len error : ['③', '中位', '50回〜400回', '39.0%']
2026-05-28 11:05:20,205 [SKIP] len error : ['④', 'やや低い', '10回〜50回', '17.6%']
2026-05-28 11:05:20,205 [SKIP] len error : ['⑤', '低い', '10回未満', '11.0%']
2026-05-28 11:05:20,205 2140件 / ?件中 20:05
2026-05-28 11:05:20,239 [TOTAL] None
2026-05-28 11:05:20,239 [COUNT] 2140
2026-05-28 11:05:21,515 [PAGE] 108
2026-05-28 11:05:21,788 [SKIP] len error : ['東P', '東証プライム']
2026-05-28 11:05:21,788 [SKIP] len error : ['東S', '東証スタンダード']
2026-05-28 11:05:21,788 [SKIP] len error : ['東G', '東証グロース']
2026-05-28 11:05:21,788 [SKIP] len error : ['東Ｅ', '東証ETF']
2026-05-28 11:05:21,788 [SKIP] len error : ['東EN', '東証ETN']
2026-05-28 11:05:21,788 [SKIP] len error : ['東Ｒ', '東証REIT']
2026-05-28 11:05:21,788 [SKIP] len error : ['東IF', '東証インフラファンド']
2026-05-28 11:05:21,788 [SKIP] len error : ['名Ｐ', '名証プレミア']
2026-05-28 11:05:21,788 [SKIP] len error : ['名M', '名証メイン']
2026-05-28 11:05:21,788 [SKIP] len error : ['名N', '名証ネクスト']
2026-05-28 11:05:21,788 [SKIP] len error : ['名Ｅ', '名証ETF']
2026-05-28 11:05:21,788 [SKIP] len error : ['札Ａ', '札証アンビシャス']
2026-05-28 11:05:21,788 [SKIP] len error : ['福Ｑ', '福証Q-Board']
2026-05-28 11:05:21,788 [SKIP] len error : ['①', '高い', '1,000回以上', '13.9%']
2026-05-28 11:05:21,788 [SKIP] len error : ['②', 'やや高い', '400回〜1,000回', '18.5%']
2026-05-28 11:05:21,788 [SKIP] len error : ['③', '中位', '50回〜400回', '39.0%']
2026-05-28 11:05:21,788 [SKIP] len error : ['④', 'やや低い', '10回〜50回', '17.6%']
2026-05-28 11:05:21,788 [SKIP] len error : ['⑤', '低い', '10回未満', '11.0%']
2026-05-28 11:05:21,789 2160件 / ?件中 20:05
2026-05-28 11:05:21,822 [TOTAL] None
2026-05-28 11:05:21,822 [COUNT] 2160
2026-05-28 11:05:23,265 [PAGE] 109
2026-05-28 11:05:23,543 [SKIP] len error : ['東P', '東証プライム']
2026-05-28 11:05:23,543 [SKIP] len error : ['東S', '東証スタンダード']
2026-05-28 11:05:23,543 [SKIP] len error : ['東G', '東証グロース']
2026-05-28 11:05:23,543 [SKIP] len error : ['東Ｅ', '東証ETF']
2026-05-28 11:05:23,543 [SKIP] len error : ['東EN', '東証ETN']
2026-05-28 11:05:23,543 [SKIP] len error : ['東Ｒ', '東証REIT']
2026-05-28 11:05:23,543 [SKIP] len error : ['東IF', '東証インフラファンド']
2026-05-28 11:05:23,543 [SKIP] len error : ['名Ｐ', '名証プレミア']
2026-05-28 11:05:23,543 [SKIP] len error : ['名M', '名証メイン']
2026-05-28 11:05:23,543 [SKIP] len error : ['名N', '名証ネクスト']
2026-05-28 11:05:23,543 [SKIP] len error : ['名Ｅ', '名証ETF']
2026-05-28 11:05:23,543 [SKIP] len error : ['札Ａ', '札証アンビシャス']
2026-05-28 11:05:23,543 [SKIP] len error : ['福Ｑ', '福証Q-Board']
2026-05-28 11:05:23,543 [SKIP] len error : ['①', '高い', '1,000回以上', '13.9%']
2026-05-28 11:05:23,543 [SKIP] len error : ['②', 'やや高い', '400回〜1,000回', '18.5%']
2026-05-28 11:05:23,543 [SKIP] len error : ['③', '中位', '50回〜400回', '39.0%']
2026-05-28 11:05:23,543 [SKIP] len error : ['④', 'やや低い', '10回〜50回', '17.6%']
2026-05-28 11:05:23,543 [SKIP] len error : ['⑤', '低い', '10回未満', '11.0%']
2026-05-28 11:05:23,544 2180件 / ?件中 20:05
2026-05-28 11:05:23,577 [TOTAL] None
2026-05-28 11:05:23,578 [COUNT] 2180
2026-05-28 11:05:24,454 [PAGE] 110
2026-05-28 11:05:24,739 [SKIP] len error : ['東P', '東証プライム']
2026-05-28 11:05:24,739 [SKIP] len error : ['東S', '東証スタンダード']
2026-05-28 11:05:24,739 [SKIP] len error : ['東G', '東証グロース']
2026-05-28 11:05:24,739 [SKIP] len error : ['東Ｅ', '東証ETF']
2026-05-28 11:05:24,739 [SKIP] len error : ['東EN', '東証ETN']
2026-05-28 11:05:24,739 [SKIP] len error : ['東Ｒ', '東証REIT']
2026-05-28 11:05:24,739 [SKIP] len error : ['東IF', '東証インフラファンド']
2026-05-28 11:05:24,739 [SKIP] len error : ['名Ｐ', '名証プレミア']
2026-05-28 11:05:24,739 [SKIP] len error : ['名M', '名証メイン']
2026-05-28 11:05:24,739 [SKIP] len error : ['名N', '名証ネクスト']
2026-05-28 11:05:24,739 [SKIP] len error : ['名Ｅ', '名証ETF']
2026-05-28 11:05:24,739 [SKIP] len error : ['札Ａ', '札証アンビシャス']
2026-05-28 11:05:24,739 [SKIP] len error : ['福Ｑ', '福証Q-Board']
2026-05-28 11:05:24,739 [SKIP] len error : ['①', '高い', '1,000回以上', '13.9%']
2026-05-28 11:05:24,739 [SKIP] len error : ['②', 'やや高い', '400回〜1,000回', '18.5%']
2026-05-28 11:05:24,739 [SKIP] len error : ['③', '中位', '50回〜400回', '39.0%']
2026-05-28 11:05:24,739 [SKIP] len error : ['④', 'やや低い', '10回〜50回', '17.6%']
2026-05-28 11:05:24,739 [SKIP] len error : ['⑤', '低い', '10回未満', '11.0%']
2026-05-28 11:05:24,739 2200件 / ?件中 20:05
2026-05-28 11:05:24,773 [TOTAL] None
2026-05-28 11:05:24,773 [COUNT] 2200
2026-05-28 11:05:26,078 [PAGE] 111
2026-05-28 11:05:26,388 [SKIP] len error : ['東P', '東証プライム']
2026-05-28 11:05:26,388 [SKIP] len error : ['東S', '東証スタンダード']
2026-05-28 11:05:26,388 [SKIP] len error : ['東G', '東証グロース']
2026-05-28 11:05:26,388 [SKIP] len error : ['東Ｅ', '東証ETF']
2026-05-28 11:05:26,388 [SKIP] len error : ['東EN', '東証ETN']
2026-05-28 11:05:26,388 [SKIP] len error : ['東Ｒ', '東証REIT']
2026-05-28 11:05:26,388 [SKIP] len error : ['東IF', '東証インフラファンド']
2026-05-28 11:05:26,388 [SKIP] len error : ['名Ｐ', '名証プレミア']
2026-05-28 11:05:26,388 [SKIP] len error : ['名M', '名証メイン']
2026-05-28 11:05:26,388 [SKIP] len error : ['名N', '名証ネクスト']
2026-05-28 11:05:26,388 [SKIP] len error : ['名Ｅ', '名証ETF']
2026-05-28 11:05:26,388 [SKIP] len error : ['札Ａ', '札証アンビシャス']
2026-05-28 11:05:26,388 [SKIP] len error : ['福Ｑ', '福証Q-Board']
2026-05-28 11:05:26,388 [SKIP] len error : ['①', '高い', '1,000回以上', '13.9%']
2026-05-28 11:05:26,388 [SKIP] len error : ['②', 'やや高い', '400回〜1,000回', '18.5%']
2026-05-28 11:05:26,388 [SKIP] len error : ['③', '中位', '50回〜400回', '39.0%']
2026-05-28 11:05:26,388 [SKIP] len error : ['④', 'やや低い', '10回〜50回', '17.6%']
2026-05-28 11:05:26,388 [SKIP] len error : ['⑤', '低い', '10回未満', '11.0%']
2026-05-28 11:05:26,388 2220件 / ?件中 20:05
2026-05-28 11:05:26,422 [TOTAL] None
2026-05-28 11:05:26,422 [COUNT] 2220
2026-05-28 11:05:27,147 [PAGE] 112
2026-05-28 11:05:27,450 [SKIP] len error : ['東P', '東証プライム']
2026-05-28 11:05:27,450 [SKIP] len error : ['東S', '東証スタンダード']
2026-05-28 11:05:27,450 [SKIP] len error : ['東G', '東証グロース']
2026-05-28 11:05:27,451 [SKIP] len error : ['東Ｅ', '東証ETF']
2026-05-28 11:05:27,451 [SKIP] len error : ['東EN', '東証ETN']
2026-05-28 11:05:27,451 [SKIP] len error : ['東Ｒ', '東証REIT']
2026-05-28 11:05:27,451 [SKIP] len error : ['東IF', '東証インフラファンド']
2026-05-28 11:05:27,451 [SKIP] len error : ['名Ｐ', '名証プレミア']
2026-05-28 11:05:27,451 [SKIP] len error : ['名M', '名証メイン']
2026-05-28 11:05:27,451 [SKIP] len error : ['名N', '名証ネクスト']
2026-05-28 11:05:27,451 [SKIP] len error : ['名Ｅ', '名証ETF']
2026-05-28 11:05:27,451 [SKIP] len error : ['札Ａ', '札証アンビシャス']
2026-05-28 11:05:27,451 [SKIP] len error : ['福Ｑ', '福証Q-Board']
2026-05-28 11:05:27,451 [SKIP] len error : ['①', '高い', '1,000回以上', '13.9%']
2026-05-28 11:05:27,451 [SKIP] len error : ['②', 'やや高い', '400回〜1,000回', '18.5%']
2026-05-28 11:05:27,451 [SKIP] len error : ['③', '中位', '50回〜400回', '39.0%']
2026-05-28 11:05:27,451 [SKIP] len error : ['④', 'やや低い', '10回〜50回', '17.6%']
2026-05-28 11:05:27,451 [SKIP] len error : ['⑤', '低い', '10回未満', '11.0%']
2026-05-28 11:05:27,451 2240件 / ?件中 20:05
2026-05-28 11:05:27,485 [TOTAL] None
2026-05-28 11:05:27,485 [COUNT] 2240
2026-05-28 11:05:28,493 [PAGE] 113
2026-05-28 11:05:28,782 [SKIP] len error : ['東P', '東証プライム']
2026-05-28 11:05:28,782 [SKIP] len error : ['東S', '東証スタンダード']
2026-05-28 11:05:28,783 [SKIP] len error : ['東G', '東証グロース']
2026-05-28 11:05:28,783 [SKIP] len error : ['東Ｅ', '東証ETF']
2026-05-28 11:05:28,783 [SKIP] len error : ['東EN', '東証ETN']
2026-05-28 11:05:28,783 [SKIP] len error : ['東Ｒ', '東証REIT']
2026-05-28 11:05:28,783 [SKIP] len error : ['東IF', '東証インフラファンド']
2026-05-28 11:05:28,783 [SKIP] len error : ['名Ｐ', '名証プレミア']
2026-05-28 11:05:28,783 [SKIP] len error : ['名M', '名証メイン']
2026-05-28 11:05:28,783 [SKIP] len error : ['名N', '名証ネクスト']
2026-05-28 11:05:28,783 [SKIP] len error : ['名Ｅ', '名証ETF']
2026-05-28 11:05:28,783 [SKIP] len error : ['札Ａ', '札証アンビシャス']
2026-05-28 11:05:28,783 [SKIP] len error : ['福Ｑ', '福証Q-Board']
2026-05-28 11:05:28,783 [SKIP] len error : ['①', '高い', '1,000回以上', '13.9%']
2026-05-28 11:05:28,783 [SKIP] len error : ['②', 'やや高い', '400回〜1,000回', '18.5%']
2026-05-28 11:05:28,783 [SKIP] len error : ['③', '中位', '50回〜400回', '39.0%']
2026-05-28 11:05:28,783 [SKIP] len error : ['④', 'やや低い', '10回〜50回', '17.6%']
2026-05-28 11:05:28,783 [SKIP] len error : ['⑤', '低い', '10回未満', '11.0%']
2026-05-28 11:05:28,783 2260件 / ?件中 20:05
2026-05-28 11:05:28,817 [TOTAL] None
2026-05-28 11:05:28,817 [COUNT] 2260
2026-05-28 11:05:29,616 [PAGE] 114
2026-05-28 11:05:29,901 [SKIP] len error : ['東P', '東証プライム']
2026-05-28 11:05:29,901 [SKIP] len error : ['東S', '東証スタンダード']
2026-05-28 11:05:29,901 [SKIP] len error : ['東G', '東証グロース']
2026-05-28 11:05:29,901 [SKIP] len error : ['東Ｅ', '東証ETF']
2026-05-28 11:05:29,901 [SKIP] len error : ['東EN', '東証ETN']
2026-05-28 11:05:29,901 [SKIP] len error : ['東Ｒ', '東証REIT']
2026-05-28 11:05:29,901 [SKIP] len error : ['東IF', '東証インフラファンド']
2026-05-28 11:05:29,901 [SKIP] len error : ['名Ｐ', '名証プレミア']
2026-05-28 11:05:29,901 [SKIP] len error : ['名M', '名証メイン']
2026-05-28 11:05:29,901 [SKIP] len error : ['名N', '名証ネクスト']
2026-05-28 11:05:29,901 [SKIP] len error : ['名Ｅ', '名証ETF']
2026-05-28 11:05:29,901 [SKIP] len error : ['札Ａ', '札証アンビシャス']
2026-05-28 11:05:29,901 [SKIP] len error : ['福Ｑ', '福証Q-Board']
2026-05-28 11:05:29,901 [SKIP] len error : ['①', '高い', '1,000回以上', '13.9%']
2026-05-28 11:05:29,901 [SKIP] len error : ['②', 'やや高い', '400回〜1,000回', '18.5%']
2026-05-28 11:05:29,901 [SKIP] len error : ['③', '中位', '50回〜400回', '39.0%']
2026-05-28 11:05:29,901 [SKIP] len error : ['④', 'やや低い', '10回〜50回', '17.6%']
2026-05-28 11:05:29,901 [SKIP] len error : ['⑤', '低い', '10回未満', '11.0%']
2026-05-28 11:05:29,901 2280件 / ?件中 20:05
2026-05-28 11:05:29,935 [TOTAL] None
2026-05-28 11:05:29,935 [COUNT] 2280
2026-05-28 11:05:30,683 [PAGE] 115
2026-05-28 11:05:30,968 [SKIP] len error : ['東P', '東証プライム']
2026-05-28 11:05:30,968 [SKIP] len error : ['東S', '東証スタンダード']
2026-05-28 11:05:30,968 [SKIP] len error : ['東G', '東証グロース']
2026-05-28 11:05:30,968 [SKIP] len error : ['東Ｅ', '東証ETF']
2026-05-28 11:05:30,968 [SKIP] len error : ['東EN', '東証ETN']
2026-05-28 11:05:30,968 [SKIP] len error : ['東Ｒ', '東証REIT']
2026-05-28 11:05:30,968 [SKIP] len error : ['東IF', '東証インフラファンド']
2026-05-28 11:05:30,968 [SKIP] len error : ['名Ｐ', '名証プレミア']
2026-05-28 11:05:30,968 [SKIP] len error : ['名M', '名証メイン']
2026-05-28 11:05:30,968 [SKIP] len error : ['名N', '名証ネクスト']
2026-05-28 11:05:30,968 [SKIP] len error : ['名Ｅ', '名証ETF']
2026-05-28 11:05:30,968 [SKIP] len error : ['札Ａ', '札証アンビシャス']
2026-05-28 11:05:30,968 [SKIP] len error : ['福Ｑ', '福証Q-Board']
2026-05-28 11:05:30,968 [SKIP] len error : ['①', '高い', '1,000回以上', '13.9%']
2026-05-28 11:05:30,968 [SKIP] len error : ['②', 'やや高い', '400回〜1,000回', '18.5%']
2026-05-28 11:05:30,968 [SKIP] len error : ['③', '中位', '50回〜400回', '39.0%']
2026-05-28 11:05:30,968 [SKIP] len error : ['④', 'やや低い', '10回〜50回', '17.6%']
2026-05-28 11:05:30,968 [SKIP] len error : ['⑤', '低い', '10回未満', '11.0%']
2026-05-28 11:05:30,968 2300件 / ?件中 20:05
2026-05-28 11:05:31,042 [TOTAL] None
2026-05-28 11:05:31,042 [COUNT] 2300
2026-05-28 11:05:32,508 [PAGE] 116
2026-05-28 11:05:32,771 [SKIP] len error : ['東P', '東証プライム']
2026-05-28 11:05:32,771 [SKIP] len error : ['東S', '東証スタンダード']
2026-05-28 11:05:32,771 [SKIP] len error : ['東G', '東証グロース']
2026-05-28 11:05:32,771 [SKIP] len error : ['東Ｅ', '東証ETF']
2026-05-28 11:05:32,771 [SKIP] len error : ['東EN', '東証ETN']
2026-05-28 11:05:32,771 [SKIP] len error : ['東Ｒ', '東証REIT']
2026-05-28 11:05:32,771 [SKIP] len error : ['東IF', '東証インフラファンド']
2026-05-28 11:05:32,771 [SKIP] len error : ['名Ｐ', '名証プレミア']
2026-05-28 11:05:32,771 [SKIP] len error : ['名M', '名証メイン']
2026-05-28 11:05:32,771 [SKIP] len error : ['名N', '名証ネクスト']
2026-05-28 11:05:32,771 [SKIP] len error : ['名Ｅ', '名証ETF']
2026-05-28 11:05:32,771 [SKIP] len error : ['札Ａ', '札証アンビシャス']
2026-05-28 11:05:32,771 [SKIP] len error : ['福Ｑ', '福証Q-Board']
2026-05-28 11:05:32,771 [SKIP] len error : ['①', '高い', '1,000回以上', '13.9%']
2026-05-28 11:05:32,771 [SKIP] len error : ['②', 'やや高い', '400回〜1,000回', '18.5%']
2026-05-28 11:05:32,771 [SKIP] len error : ['③', '中位', '50回〜400回', '39.0%']
2026-05-28 11:05:32,771 [SKIP] len error : ['④', 'やや低い', '10回〜50回', '17.6%']
2026-05-28 11:05:32,771 [SKIP] len error : ['⑤', '低い', '10回未満', '11.0%']
2026-05-28 11:05:32,771 2320件 / ?件中 20:05
2026-05-28 11:05:32,806 [TOTAL] None
2026-05-28 11:05:32,806 [COUNT] 2320
2026-05-28 11:05:33,358 [PAGE] 117
2026-05-28 11:05:33,633 [SKIP] len error : ['東P', '東証プライム']
2026-05-28 11:05:33,634 [SKIP] len error : ['東S', '東証スタンダード']
2026-05-28 11:05:33,634 [SKIP] len error : ['東G', '東証グロース']
2026-05-28 11:05:33,634 [SKIP] len error : ['東Ｅ', '東証ETF']
2026-05-28 11:05:33,634 [SKIP] len error : ['東EN', '東証ETN']
2026-05-28 11:05:33,634 [SKIP] len error : ['東Ｒ', '東証REIT']
2026-05-28 11:05:33,634 [SKIP] len error : ['東IF', '東証インフラファンド']
2026-05-28 11:05:33,634 [SKIP] len error : ['名Ｐ', '名証プレミア']
2026-05-28 11:05:33,634 [SKIP] len error : ['名M', '名証メイン']
2026-05-28 11:05:33,634 [SKIP] len error : ['名N', '名証ネクスト']
2026-05-28 11:05:33,634 [SKIP] len error : ['名Ｅ', '名証ETF']
2026-05-28 11:05:33,634 [SKIP] len error : ['札Ａ', '札証アンビシャス']
2026-05-28 11:05:33,634 [SKIP] len error : ['福Ｑ', '福証Q-Board']
2026-05-28 11:05:33,634 [SKIP] len error : ['①', '高い', '1,000回以上', '13.9%']
2026-05-28 11:05:33,634 [SKIP] len error : ['②', 'やや高い', '400回〜1,000回', '18.5%']
2026-05-28 11:05:33,634 [SKIP] len error : ['③', '中位', '50回〜400回', '39.0%']
2026-05-28 11:05:33,634 [SKIP] len error : ['④', 'やや低い', '10回〜50回', '17.6%']
2026-05-28 11:05:33,634 [SKIP] len error : ['⑤', '低い', '10回未満', '11.0%']
2026-05-28 11:05:33,634 2340件 / ?件中 20:05
2026-05-28 11:05:33,668 [TOTAL] None
2026-05-28 11:05:33,668 [COUNT] 2340
2026-05-28 11:05:34,775 [PAGE] 118
2026-05-28 11:05:35,042 [SKIP] len error : ['東P', '東証プライム']
2026-05-28 11:05:35,042 [SKIP] len error : ['東S', '東証スタンダード']
2026-05-28 11:05:35,042 [SKIP] len error : ['東G', '東証グロース']
2026-05-28 11:05:35,042 [SKIP] len error : ['東Ｅ', '東証ETF']
2026-05-28 11:05:35,042 [SKIP] len error : ['東EN', '東証ETN']
2026-05-28 11:05:35,042 [SKIP] len error : ['東Ｒ', '東証REIT']
2026-05-28 11:05:35,042 [SKIP] len error : ['東IF', '東証インフラファンド']
2026-05-28 11:05:35,042 [SKIP] len error : ['名Ｐ', '名証プレミア']
2026-05-28 11:05:35,042 [SKIP] len error : ['名M', '名証メイン']
2026-05-28 11:05:35,042 [SKIP] len error : ['名N', '名証ネクスト']
2026-05-28 11:05:35,042 [SKIP] len error : ['名Ｅ', '名証ETF']
2026-05-28 11:05:35,042 [SKIP] len error : ['札Ａ', '札証アンビシャス']
2026-05-28 11:05:35,042 [SKIP] len error : ['福Ｑ', '福証Q-Board']
2026-05-28 11:05:35,042 [SKIP] len error : ['①', '高い', '1,000回以上', '13.9%']
2026-05-28 11:05:35,042 [SKIP] len error : ['②', 'やや高い', '400回〜1,000回', '18.5%']
2026-05-28 11:05:35,042 [SKIP] len error : ['③', '中位', '50回〜400回', '39.0%']
2026-05-28 11:05:35,042 [SKIP] len error : ['④', 'やや低い', '10回〜50回', '17.6%']
2026-05-28 11:05:35,043 [SKIP] len error : ['⑤', '低い', '10回未満', '11.0%']
2026-05-28 11:05:35,043 2360件 / ?件中 20:05
2026-05-28 11:05:35,076 [TOTAL] None
2026-05-28 11:05:35,076 [COUNT] 2360
2026-05-28 11:05:35,927 [PAGE] 119
2026-05-28 11:05:36,212 [SKIP] len error : ['東P', '東証プライム']
2026-05-28 11:05:36,212 [SKIP] len error : ['東S', '東証スタンダード']
2026-05-28 11:05:36,212 [SKIP] len error : ['東G', '東証グロース']
2026-05-28 11:05:36,212 [SKIP] len error : ['東Ｅ', '東証ETF']
2026-05-28 11:05:36,212 [SKIP] len error : ['東EN', '東証ETN']
2026-05-28 11:05:36,212 [SKIP] len error : ['東Ｒ', '東証REIT']
2026-05-28 11:05:36,212 [SKIP] len error : ['東IF', '東証インフラファンド']
2026-05-28 11:05:36,212 [SKIP] len error : ['名Ｐ', '名証プレミア']
2026-05-28 11:05:36,212 [SKIP] len error : ['名M', '名証メイン']
2026-05-28 11:05:36,212 [SKIP] len error : ['名N', '名証ネクスト']
2026-05-28 11:05:36,212 [SKIP] len error : ['名Ｅ', '名証ETF']
2026-05-28 11:05:36,212 [SKIP] len error : ['札Ａ', '札証アンビシャス']
2026-05-28 11:05:36,212 [SKIP] len error : ['福Ｑ', '福証Q-Board']
2026-05-28 11:05:36,212 [SKIP] len error : ['①', '高い', '1,000回以上', '13.9%']
2026-05-28 11:05:36,212 [SKIP] len error : ['②', 'やや高い', '400回〜1,000回', '18.5%']
2026-05-28 11:05:36,212 [SKIP] len error : ['③', '中位', '50回〜400回', '39.0%']
2026-05-28 11:05:36,212 [SKIP] len error : ['④', 'やや低い', '10回〜50回', '17.6%']
2026-05-28 11:05:36,212 [SKIP] len error : ['⑤', '低い', '10回未満', '11.0%']
2026-05-28 11:05:36,213 2380件 / ?件中 20:05
2026-05-28 11:05:36,246 [TOTAL] None
2026-05-28 11:05:36,246 [COUNT] 2380
2026-05-28 11:05:36,898 [PAGE] 120
2026-05-28 11:05:37,174 [SKIP] len error : ['東P', '東証プライム']
2026-05-28 11:05:37,174 [SKIP] len error : ['東S', '東証スタンダード']
2026-05-28 11:05:37,174 [SKIP] len error : ['東G', '東証グロース']
2026-05-28 11:05:37,174 [SKIP] len error : ['東Ｅ', '東証ETF']
2026-05-28 11:05:37,174 [SKIP] len error : ['東EN', '東証ETN']
2026-05-28 11:05:37,174 [SKIP] len error : ['東Ｒ', '東証REIT']
2026-05-28 11:05:37,174 [SKIP] len error : ['東IF', '東証インフラファンド']
2026-05-28 11:05:37,174 [SKIP] len error : ['名Ｐ', '名証プレミア']
2026-05-28 11:05:37,174 [SKIP] len error : ['名M', '名証メイン']
2026-05-28 11:05:37,174 [SKIP] len error : ['名N', '名証ネクスト']
2026-05-28 11:05:37,174 [SKIP] len error : ['名Ｅ', '名証ETF']
2026-05-28 11:05:37,174 [SKIP] len error : ['札Ａ', '札証アンビシャス']
2026-05-28 11:05:37,174 [SKIP] len error : ['福Ｑ', '福証Q-Board']
2026-05-28 11:05:37,174 [SKIP] len error : ['①', '高い', '1,000回以上', '13.9%']
2026-05-28 11:05:37,174 [SKIP] len error : ['②', 'やや高い', '400回〜1,000回', '18.5%']
2026-05-28 11:05:37,174 [SKIP] len error : ['③', '中位', '50回〜400回', '39.0%']
2026-05-28 11:05:37,174 [SKIP] len error : ['④', 'やや低い', '10回〜50回', '17.6%']
2026-05-28 11:05:37,174 [SKIP] len error : ['⑤', '低い', '10回未満', '11.0%']
2026-05-28 11:05:37,174 2400件 / ?件中 20:05
2026-05-28 11:05:37,251 [TOTAL] None
2026-05-28 11:05:37,251 [COUNT] 2400
2026-05-28 11:05:38,189 [PAGE] 121
2026-05-28 11:05:38,450 [SKIP] len error : ['東P', '東証プライム']
2026-05-28 11:05:38,450 [SKIP] len error : ['東S', '東証スタンダード']
2026-05-28 11:05:38,450 [SKIP] len error : ['東G', '東証グロース']
2026-05-28 11:05:38,450 [SKIP] len error : ['東Ｅ', '東証ETF']
2026-05-28 11:05:38,450 [SKIP] len error : ['東EN', '東証ETN']
2026-05-28 11:05:38,450 [SKIP] len error : ['東Ｒ', '東証REIT']
2026-05-28 11:05:38,450 [SKIP] len error : ['東IF', '東証インフラファンド']
2026-05-28 11:05:38,450 [SKIP] len error : ['名Ｐ', '名証プレミア']
2026-05-28 11:05:38,450 [SKIP] len error : ['名M', '名証メイン']
2026-05-28 11:05:38,450 [SKIP] len error : ['名N', '名証ネクスト']
2026-05-28 11:05:38,450 [SKIP] len error : ['名Ｅ', '名証ETF']
2026-05-28 11:05:38,450 [SKIP] len error : ['札Ａ', '札証アンビシャス']
2026-05-28 11:05:38,450 [SKIP] len error : ['福Ｑ', '福証Q-Board']
2026-05-28 11:05:38,450 [SKIP] len error : ['①', '高い', '1,000回以上', '13.9%']
2026-05-28 11:05:38,450 [SKIP] len error : ['②', 'やや高い', '400回〜1,000回', '18.5%']
2026-05-28 11:05:38,450 [SKIP] len error : ['③', '中位', '50回〜400回', '39.0%']
2026-05-28 11:05:38,450 [SKIP] len error : ['④', 'やや低い', '10回〜50回', '17.6%']
2026-05-28 11:05:38,450 [SKIP] len error : ['⑤', '低い', '10回未満', '11.0%']
2026-05-28 11:05:38,451 2420件 / ?件中 20:05
2026-05-28 11:05:38,485 [TOTAL] None
2026-05-28 11:05:38,485 [COUNT] 2420
2026-05-28 11:05:39,689 [PAGE] 122
2026-05-28 11:05:39,955 [SKIP] len error : ['東P', '東証プライム']
2026-05-28 11:05:39,955 [SKIP] len error : ['東S', '東証スタンダード']
2026-05-28 11:05:39,955 [SKIP] len error : ['東G', '東証グロース']
2026-05-28 11:05:39,956 [SKIP] len error : ['東Ｅ', '東証ETF']
2026-05-28 11:05:39,956 [SKIP] len error : ['東EN', '東証ETN']
2026-05-28 11:05:39,956 [SKIP] len error : ['東Ｒ', '東証REIT']
2026-05-28 11:05:39,956 [SKIP] len error : ['東IF', '東証インフラファンド']
2026-05-28 11:05:39,956 [SKIP] len error : ['名Ｐ', '名証プレミア']
2026-05-28 11:05:39,956 [SKIP] len error : ['名M', '名証メイン']
2026-05-28 11:05:39,956 [SKIP] len error : ['名N', '名証ネクスト']
2026-05-28 11:05:39,956 [SKIP] len error : ['名Ｅ', '名証ETF']
2026-05-28 11:05:39,956 [SKIP] len error : ['札Ａ', '札証アンビシャス']
2026-05-28 11:05:39,956 [SKIP] len error : ['福Ｑ', '福証Q-Board']
2026-05-28 11:05:39,956 [SKIP] len error : ['①', '高い', '1,000回以上', '13.9%']
2026-05-28 11:05:39,956 [SKIP] len error : ['②', 'やや高い', '400回〜1,000回', '18.5%']
2026-05-28 11:05:39,956 [SKIP] len error : ['③', '中位', '50回〜400回', '39.0%']
2026-05-28 11:05:39,956 [SKIP] len error : ['④', 'やや低い', '10回〜50回', '17.6%']
2026-05-28 11:05:39,956 [SKIP] len error : ['⑤', '低い', '10回未満', '11.0%']
2026-05-28 11:05:39,956 2440件 / ?件中 20:05
2026-05-28 11:05:39,990 [TOTAL] None
2026-05-28 11:05:39,990 [COUNT] 2440
2026-05-28 11:05:40,903 [PAGE] 123
2026-05-28 11:05:41,183 [SKIP] len error : ['東P', '東証プライム']
2026-05-28 11:05:41,184 [SKIP] len error : ['東S', '東証スタンダード']
2026-05-28 11:05:41,184 [SKIP] len error : ['東G', '東証グロース']
2026-05-28 11:05:41,184 [SKIP] len error : ['東Ｅ', '東証ETF']
2026-05-28 11:05:41,184 [SKIP] len error : ['東EN', '東証ETN']
2026-05-28 11:05:41,184 [SKIP] len error : ['東Ｒ', '東証REIT']
2026-05-28 11:05:41,184 [SKIP] len error : ['東IF', '東証インフラファンド']
2026-05-28 11:05:41,184 [SKIP] len error : ['名Ｐ', '名証プレミア']
2026-05-28 11:05:41,184 [SKIP] len error : ['名M', '名証メイン']
2026-05-28 11:05:41,184 [SKIP] len error : ['名N', '名証ネクスト']
2026-05-28 11:05:41,184 [SKIP] len error : ['名Ｅ', '名証ETF']
2026-05-28 11:05:41,184 [SKIP] len error : ['札Ａ', '札証アンビシャス']
2026-05-28 11:05:41,184 [SKIP] len error : ['福Ｑ', '福証Q-Board']
2026-05-28 11:05:41,184 [SKIP] len error : ['①', '高い', '1,000回以上', '13.9%']
2026-05-28 11:05:41,184 [SKIP] len error : ['②', 'やや高い', '400回〜1,000回', '18.5%']
2026-05-28 11:05:41,184 [SKIP] len error : ['③', '中位', '50回〜400回', '39.0%']
2026-05-28 11:05:41,184 [SKIP] len error : ['④', 'やや低い', '10回〜50回', '17.6%']
2026-05-28 11:05:41,184 [SKIP] len error : ['⑤', '低い', '10回未満', '11.0%']
2026-05-28 11:05:41,184 2460件 / ?件中 20:05
2026-05-28 11:05:41,218 [TOTAL] None
2026-05-28 11:05:41,218 [COUNT] 2460
2026-05-28 11:05:42,100 [PAGE] 124
2026-05-28 11:05:42,362 [SKIP] len error : ['東P', '東証プライム']
2026-05-28 11:05:42,362 [SKIP] len error : ['東S', '東証スタンダード']
2026-05-28 11:05:42,362 [SKIP] len error : ['東G', '東証グロース']
2026-05-28 11:05:42,362 [SKIP] len error : ['東Ｅ', '東証ETF']
2026-05-28 11:05:42,362 [SKIP] len error : ['東EN', '東証ETN']
2026-05-28 11:05:42,362 [SKIP] len error : ['東Ｒ', '東証REIT']
2026-05-28 11:05:42,362 [SKIP] len error : ['東IF', '東証インフラファンド']
2026-05-28 11:05:42,362 [SKIP] len error : ['名Ｐ', '名証プレミア']
2026-05-28 11:05:42,362 [SKIP] len error : ['名M', '名証メイン']
2026-05-28 11:05:42,362 [SKIP] len error : ['名N', '名証ネクスト']
2026-05-28 11:05:42,362 [SKIP] len error : ['名Ｅ', '名証ETF']
2026-05-28 11:05:42,362 [SKIP] len error : ['札Ａ', '札証アンビシャス']
2026-05-28 11:05:42,362 [SKIP] len error : ['福Ｑ', '福証Q-Board']
2026-05-28 11:05:42,362 [SKIP] len error : ['①', '高い', '1,000回以上', '13.9%']
2026-05-28 11:05:42,362 [SKIP] len error : ['②', 'やや高い', '400回〜1,000回', '18.5%']
2026-05-28 11:05:42,362 [SKIP] len error : ['③', '中位', '50回〜400回', '39.0%']
2026-05-28 11:05:42,362 [SKIP] len error : ['④', 'やや低い', '10回〜50回', '17.6%']
2026-05-28 11:05:42,362 [SKIP] len error : ['⑤', '低い', '10回未満', '11.0%']
2026-05-28 11:05:42,362 2480件 / ?件中 20:05
2026-05-28 11:05:42,396 [TOTAL] None
2026-05-28 11:05:42,396 [COUNT] 2480
2026-05-28 11:05:43,197 [PAGE] 125
2026-05-28 11:05:43,527 [SKIP] len error : ['東P', '東証プライム']
2026-05-28 11:05:43,527 [SKIP] len error : ['東S', '東証スタンダード']
2026-05-28 11:05:43,527 [SKIP] len error : ['東G', '東証グロース']
2026-05-28 11:05:43,527 [SKIP] len error : ['東Ｅ', '東証ETF']
2026-05-28 11:05:43,527 [SKIP] len error : ['東EN', '東証ETN']
2026-05-28 11:05:43,527 [SKIP] len error : ['東Ｒ', '東証REIT']
2026-05-28 11:05:43,527 [SKIP] len error : ['東IF', '東証インフラファンド']
2026-05-28 11:05:43,527 [SKIP] len error : ['名Ｐ', '名証プレミア']
2026-05-28 11:05:43,527 [SKIP] len error : ['名M', '名証メイン']
2026-05-28 11:05:43,527 [SKIP] len error : ['名N', '名証ネクスト']
2026-05-28 11:05:43,527 [SKIP] len error : ['名Ｅ', '名証ETF']
2026-05-28 11:05:43,527 [SKIP] len error : ['札Ａ', '札証アンビシャス']
2026-05-28 11:05:43,527 [SKIP] len error : ['福Ｑ', '福証Q-Board']
2026-05-28 11:05:43,527 [SKIP] len error : ['①', '高い', '1,000回以上', '13.9%']
2026-05-28 11:05:43,527 [SKIP] len error : ['②', 'やや高い', '400回〜1,000回', '18.5%']
2026-05-28 11:05:43,527 [SKIP] len error : ['③', '中位', '50回〜400回', '39.0%']
2026-05-28 11:05:43,527 [SKIP] len error : ['④', 'やや低い', '10回〜50回', '17.6%']
2026-05-28 11:05:43,527 [SKIP] len error : ['⑤', '低い', '10回未満', '11.0%']
2026-05-28 11:05:43,528 2500件 / ?件中 20:05
2026-05-28 11:05:43,561 [TOTAL] None
2026-05-28 11:05:43,561 [COUNT] 2500
2026-05-28 11:05:44,398 [PAGE] 126
2026-05-28 11:05:44,667 [SKIP] len error : ['東P', '東証プライム']
2026-05-28 11:05:44,667 [SKIP] len error : ['東S', '東証スタンダード']
2026-05-28 11:05:44,667 [SKIP] len error : ['東G', '東証グロース']
2026-05-28 11:05:44,667 [SKIP] len error : ['東Ｅ', '東証ETF']
2026-05-28 11:05:44,667 [SKIP] len error : ['東EN', '東証ETN']
2026-05-28 11:05:44,667 [SKIP] len error : ['東Ｒ', '東証REIT']
2026-05-28 11:05:44,667 [SKIP] len error : ['東IF', '東証インフラファンド']
2026-05-28 11:05:44,667 [SKIP] len error : ['名Ｐ', '名証プレミア']
2026-05-28 11:05:44,667 [SKIP] len error : ['名M', '名証メイン']
2026-05-28 11:05:44,667 [SKIP] len error : ['名N', '名証ネクスト']
2026-05-28 11:05:44,667 [SKIP] len error : ['名Ｅ', '名証ETF']
2026-05-28 11:05:44,667 [SKIP] len error : ['札Ａ', '札証アンビシャス']
2026-05-28 11:05:44,667 [SKIP] len error : ['福Ｑ', '福証Q-Board']
2026-05-28 11:05:44,667 [SKIP] len error : ['①', '高い', '1,000回以上', '13.9%']
2026-05-28 11:05:44,667 [SKIP] len error : ['②', 'やや高い', '400回〜1,000回', '18.5%']
2026-05-28 11:05:44,667 [SKIP] len error : ['③', '中位', '50回〜400回', '39.0%']
2026-05-28 11:05:44,667 [SKIP] len error : ['④', 'やや低い', '10回〜50回', '17.6%']
2026-05-28 11:05:44,668 [SKIP] len error : ['⑤', '低い', '10回未満', '11.0%']
2026-05-28 11:05:44,668 2520件 / ?件中 20:05
2026-05-28 11:05:44,702 [TOTAL] None
2026-05-28 11:05:44,702 [COUNT] 2520
2026-05-28 11:05:45,822 [PAGE] 127
2026-05-28 11:05:46,092 [SKIP] len error : ['東P', '東証プライム']
2026-05-28 11:05:46,092 [SKIP] len error : ['東S', '東証スタンダード']
2026-05-28 11:05:46,092 [SKIP] len error : ['東G', '東証グロース']
2026-05-28 11:05:46,092 [SKIP] len error : ['東Ｅ', '東証ETF']
2026-05-28 11:05:46,092 [SKIP] len error : ['東EN', '東証ETN']
2026-05-28 11:05:46,092 [SKIP] len error : ['東Ｒ', '東証REIT']
2026-05-28 11:05:46,092 [SKIP] len error : ['東IF', '東証インフラファンド']
2026-05-28 11:05:46,093 [SKIP] len error : ['名Ｐ', '名証プレミア']
2026-05-28 11:05:46,093 [SKIP] len error : ['名M', '名証メイン']
2026-05-28 11:05:46,093 [SKIP] len error : ['名N', '名証ネクスト']
2026-05-28 11:05:46,093 [SKIP] len error : ['名Ｅ', '名証ETF']
2026-05-28 11:05:46,093 [SKIP] len error : ['札Ａ', '札証アンビシャス']
2026-05-28 11:05:46,093 [SKIP] len error : ['福Ｑ', '福証Q-Board']
2026-05-28 11:05:46,093 [SKIP] len error : ['①', '高い', '1,000回以上', '13.9%']
2026-05-28 11:05:46,093 [SKIP] len error : ['②', 'やや高い', '400回〜1,000回', '18.5%']
2026-05-28 11:05:46,093 [SKIP] len error : ['③', '中位', '50回〜400回', '39.0%']
2026-05-28 11:05:46,093 [SKIP] len error : ['④', 'やや低い', '10回〜50回', '17.6%']
2026-05-28 11:05:46,093 [SKIP] len error : ['⑤', '低い', '10回未満', '11.0%']
2026-05-28 11:05:46,093 2540件 / ?件中 20:05
2026-05-28 11:05:46,128 [TOTAL] None
2026-05-28 11:05:46,128 [COUNT] 2540
2026-05-28 11:05:46,957 [PAGE] 128
2026-05-28 11:05:47,236 [SKIP] len error : ['東P', '東証プライム']
2026-05-28 11:05:47,236 [SKIP] len error : ['東S', '東証スタンダード']
2026-05-28 11:05:47,236 [SKIP] len error : ['東G', '東証グロース']
2026-05-28 11:05:47,236 [SKIP] len error : ['東Ｅ', '東証ETF']
2026-05-28 11:05:47,236 [SKIP] len error : ['東EN', '東証ETN']
2026-05-28 11:05:47,236 [SKIP] len error : ['東Ｒ', '東証REIT']
2026-05-28 11:05:47,236 [SKIP] len error : ['東IF', '東証インフラファンド']
2026-05-28 11:05:47,236 [SKIP] len error : ['名Ｐ', '名証プレミア']
2026-05-28 11:05:47,236 [SKIP] len error : ['名M', '名証メイン']
2026-05-28 11:05:47,236 [SKIP] len error : ['名N', '名証ネクスト']
2026-05-28 11:05:47,236 [SKIP] len error : ['名Ｅ', '名証ETF']
2026-05-28 11:05:47,236 [SKIP] len error : ['札Ａ', '札証アンビシャス']
2026-05-28 11:05:47,236 [SKIP] len error : ['福Ｑ', '福証Q-Board']
2026-05-28 11:05:47,236 [SKIP] len error : ['①', '高い', '1,000回以上', '13.9%']
2026-05-28 11:05:47,236 [SKIP] len error : ['②', 'やや高い', '400回〜1,000回', '18.5%']
2026-05-28 11:05:47,236 [SKIP] len error : ['③', '中位', '50回〜400回', '39.0%']
2026-05-28 11:05:47,236 [SKIP] len error : ['④', 'やや低い', '10回〜50回', '17.6%']
2026-05-28 11:05:47,236 [SKIP] len error : ['⑤', '低い', '10回未満', '11.0%']
2026-05-28 11:05:47,236 2560件 / ?件中 20:05
2026-05-28 11:05:47,270 [TOTAL] None
2026-05-28 11:05:47,270 [COUNT] 2560
2026-05-28 11:05:47,919 [PAGE] 129
2026-05-28 11:05:48,196 [SKIP] len error : ['東P', '東証プライム']
2026-05-28 11:05:48,196 [SKIP] len error : ['東S', '東証スタンダード']
2026-05-28 11:05:48,196 [SKIP] len error : ['東G', '東証グロース']
2026-05-28 11:05:48,196 [SKIP] len error : ['東Ｅ', '東証ETF']
2026-05-28 11:05:48,196 [SKIP] len error : ['東EN', '東証ETN']
2026-05-28 11:05:48,196 [SKIP] len error : ['東Ｒ', '東証REIT']
2026-05-28 11:05:48,196 [SKIP] len error : ['東IF', '東証インフラファンド']
2026-05-28 11:05:48,196 [SKIP] len error : ['名Ｐ', '名証プレミア']
2026-05-28 11:05:48,196 [SKIP] len error : ['名M', '名証メイン']
2026-05-28 11:05:48,196 [SKIP] len error : ['名N', '名証ネクスト']
2026-05-28 11:05:48,197 [SKIP] len error : ['名Ｅ', '名証ETF']
2026-05-28 11:05:48,197 [SKIP] len error : ['札Ａ', '札証アンビシャス']
2026-05-28 11:05:48,197 [SKIP] len error : ['福Ｑ', '福証Q-Board']
2026-05-28 11:05:48,197 [SKIP] len error : ['①', '高い', '1,000回以上', '13.9%']
2026-05-28 11:05:48,197 [SKIP] len error : ['②', 'やや高い', '400回〜1,000回', '18.5%']
2026-05-28 11:05:48,197 [SKIP] len error : ['③', '中位', '50回〜400回', '39.0%']
2026-05-28 11:05:48,197 [SKIP] len error : ['④', 'やや低い', '10回〜50回', '17.6%']
2026-05-28 11:05:48,197 [SKIP] len error : ['⑤', '低い', '10回未満', '11.0%']
2026-05-28 11:05:48,197 2580件 / ?件中 20:05
2026-05-28 11:05:48,230 [TOTAL] None
2026-05-28 11:05:48,230 [COUNT] 2580
2026-05-28 11:05:49,706 [PAGE] 130
2026-05-28 11:05:50,036 [SKIP] len error : ['東P', '東証プライム']
2026-05-28 11:05:50,036 [SKIP] len error : ['東S', '東証スタンダード']
2026-05-28 11:05:50,036 [SKIP] len error : ['東G', '東証グロース']
2026-05-28 11:05:50,036 [SKIP] len error : ['東Ｅ', '東証ETF']
2026-05-28 11:05:50,036 [SKIP] len error : ['東EN', '東証ETN']
2026-05-28 11:05:50,036 [SKIP] len error : ['東Ｒ', '東証REIT']
2026-05-28 11:05:50,037 [SKIP] len error : ['東IF', '東証インフラファンド']
2026-05-28 11:05:50,037 [SKIP] len error : ['名Ｐ', '名証プレミア']
2026-05-28 11:05:50,037 [SKIP] len error : ['名M', '名証メイン']
2026-05-28 11:05:50,037 [SKIP] len error : ['名N', '名証ネクスト']
2026-05-28 11:05:50,037 [SKIP] len error : ['名Ｅ', '名証ETF']
2026-05-28 11:05:50,037 [SKIP] len error : ['札Ａ', '札証アンビシャス']
2026-05-28 11:05:50,037 [SKIP] len error : ['福Ｑ', '福証Q-Board']
2026-05-28 11:05:50,037 [SKIP] len error : ['①', '高い', '1,000回以上', '13.9%']
2026-05-28 11:05:50,037 [SKIP] len error : ['②', 'やや高い', '400回〜1,000回', '18.5%']
2026-05-28 11:05:50,037 [SKIP] len error : ['③', '中位', '50回〜400回', '39.0%']
2026-05-28 11:05:50,037 [SKIP] len error : ['④', 'やや低い', '10回〜50回', '17.6%']
2026-05-28 11:05:50,037 [SKIP] len error : ['⑤', '低い', '10回未満', '11.0%']
2026-05-28 11:05:50,037 2600件 / ?件中 20:05
2026-05-28 11:05:50,071 [TOTAL] None
2026-05-28 11:05:50,071 [COUNT] 2600
2026-05-28 11:05:50,784 [PAGE] 131
2026-05-28 11:05:51,049 [SKIP] len error : ['東P', '東証プライム']
2026-05-28 11:05:51,049 [SKIP] len error : ['東S', '東証スタンダード']
2026-05-28 11:05:51,049 [SKIP] len error : ['東G', '東証グロース']
2026-05-28 11:05:51,049 [SKIP] len error : ['東Ｅ', '東証ETF']
2026-05-28 11:05:51,049 [SKIP] len error : ['東EN', '東証ETN']
2026-05-28 11:05:51,049 [SKIP] len error : ['東Ｒ', '東証REIT']
2026-05-28 11:05:51,050 [SKIP] len error : ['東IF', '東証インフラファンド']
2026-05-28 11:05:51,050 [SKIP] len error : ['名Ｐ', '名証プレミア']
2026-05-28 11:05:51,050 [SKIP] len error : ['名M', '名証メイン']
2026-05-28 11:05:51,050 [SKIP] len error : ['名N', '名証ネクスト']
2026-05-28 11:05:51,050 [SKIP] len error : ['名Ｅ', '名証ETF']
2026-05-28 11:05:51,050 [SKIP] len error : ['札Ａ', '札証アンビシャス']
2026-05-28 11:05:51,050 [SKIP] len error : ['福Ｑ', '福証Q-Board']
2026-05-28 11:05:51,050 [SKIP] len error : ['①', '高い', '1,000回以上', '13.9%']
2026-05-28 11:05:51,050 [SKIP] len error : ['②', 'やや高い', '400回〜1,000回', '18.5%']
2026-05-28 11:05:51,050 [SKIP] len error : ['③', '中位', '50回〜400回', '39.0%']
2026-05-28 11:05:51,050 [SKIP] len error : ['④', 'やや低い', '10回〜50回', '17.6%']
2026-05-28 11:05:51,050 [SKIP] len error : ['⑤', '低い', '10回未満', '11.0%']
2026-05-28 11:05:51,050 2620件 / ?件中 20:05
2026-05-28 11:05:51,084 [TOTAL] None
2026-05-28 11:05:51,084 [COUNT] 2620
2026-05-28 11:05:52,301 [PAGE] 132
2026-05-28 11:05:52,592 [SKIP] len error : ['東P', '東証プライム']
2026-05-28 11:05:52,592 [SKIP] len error : ['東S', '東証スタンダード']
2026-05-28 11:05:52,592 [SKIP] len error : ['東G', '東証グロース']
2026-05-28 11:05:52,592 [SKIP] len error : ['東Ｅ', '東証ETF']
2026-05-28 11:05:52,592 [SKIP] len error : ['東EN', '東証ETN']
2026-05-28 11:05:52,592 [SKIP] len error : ['東Ｒ', '東証REIT']
2026-05-28 11:05:52,592 [SKIP] len error : ['東IF', '東証インフラファンド']
2026-05-28 11:05:52,592 [SKIP] len error : ['名Ｐ', '名証プレミア']
2026-05-28 11:05:52,592 [SKIP] len error : ['名M', '名証メイン']
2026-05-28 11:05:52,592 [SKIP] len error : ['名N', '名証ネクスト']
2026-05-28 11:05:52,592 [SKIP] len error : ['名Ｅ', '名証ETF']
2026-05-28 11:05:52,592 [SKIP] len error : ['札Ａ', '札証アンビシャス']
2026-05-28 11:05:52,592 [SKIP] len error : ['福Ｑ', '福証Q-Board']
2026-05-28 11:05:52,592 [SKIP] len error : ['①', '高い', '1,000回以上', '13.9%']
2026-05-28 11:05:52,592 [SKIP] len error : ['②', 'やや高い', '400回〜1,000回', '18.5%']
2026-05-28 11:05:52,592 [SKIP] len error : ['③', '中位', '50回〜400回', '39.0%']
2026-05-28 11:05:52,592 [SKIP] len error : ['④', 'やや低い', '10回〜50回', '17.6%']
2026-05-28 11:05:52,592 [SKIP] len error : ['⑤', '低い', '10回未満', '11.0%']
2026-05-28 11:05:52,593 2640件 / ?件中 20:05
2026-05-28 11:05:52,626 [TOTAL] None
2026-05-28 11:05:52,626 [COUNT] 2640
2026-05-28 11:05:54,077 [PAGE] 133
2026-05-28 11:05:54,378 [SKIP] len error : ['東P', '東証プライム']
2026-05-28 11:05:54,378 [SKIP] len error : ['東S', '東証スタンダード']
2026-05-28 11:05:54,378 [SKIP] len error : ['東G', '東証グロース']
2026-05-28 11:05:54,378 [SKIP] len error : ['東Ｅ', '東証ETF']
2026-05-28 11:05:54,378 [SKIP] len error : ['東EN', '東証ETN']
2026-05-28 11:05:54,378 [SKIP] len error : ['東Ｒ', '東証REIT']
2026-05-28 11:05:54,378 [SKIP] len error : ['東IF', '東証インフラファンド']
2026-05-28 11:05:54,378 [SKIP] len error : ['名Ｐ', '名証プレミア']
2026-05-28 11:05:54,378 [SKIP] len error : ['名M', '名証メイン']
2026-05-28 11:05:54,378 [SKIP] len error : ['名N', '名証ネクスト']
2026-05-28 11:05:54,378 [SKIP] len error : ['名Ｅ', '名証ETF']
2026-05-28 11:05:54,378 [SKIP] len error : ['札Ａ', '札証アンビシャス']
2026-05-28 11:05:54,378 [SKIP] len error : ['福Ｑ', '福証Q-Board']
2026-05-28 11:05:54,378 [SKIP] len error : ['①', '高い', '1,000回以上', '13.9%']
2026-05-28 11:05:54,378 [SKIP] len error : ['②', 'やや高い', '400回〜1,000回', '18.5%']
2026-05-28 11:05:54,378 [SKIP] len error : ['③', '中位', '50回〜400回', '39.0%']
2026-05-28 11:05:54,378 [SKIP] len error : ['④', 'やや低い', '10回〜50回', '17.6%']
2026-05-28 11:05:54,378 [SKIP] len error : ['⑤', '低い', '10回未満', '11.0%']
2026-05-28 11:05:54,379 2660件 / ?件中 20:05
2026-05-28 11:05:54,413 [TOTAL] None
2026-05-28 11:05:54,413 [COUNT] 2660
2026-05-28 11:05:55,234 [PAGE] 134
2026-05-28 11:05:55,498 [SKIP] len error : ['東P', '東証プライム']
2026-05-28 11:05:55,498 [SKIP] len error : ['東S', '東証スタンダード']
2026-05-28 11:05:55,498 [SKIP] len error : ['東G', '東証グロース']
2026-05-28 11:05:55,498 [SKIP] len error : ['東Ｅ', '東証ETF']
2026-05-28 11:05:55,498 [SKIP] len error : ['東EN', '東証ETN']
2026-05-28 11:05:55,499 [SKIP] len error : ['東Ｒ', '東証REIT']
2026-05-28 11:05:55,499 [SKIP] len error : ['東IF', '東証インフラファンド']
2026-05-28 11:05:55,499 [SKIP] len error : ['名Ｐ', '名証プレミア']
2026-05-28 11:05:55,499 [SKIP] len error : ['名M', '名証メイン']
2026-05-28 11:05:55,499 [SKIP] len error : ['名N', '名証ネクスト']
2026-05-28 11:05:55,499 [SKIP] len error : ['名Ｅ', '名証ETF']
2026-05-28 11:05:55,499 [SKIP] len error : ['札Ａ', '札証アンビシャス']
2026-05-28 11:05:55,499 [SKIP] len error : ['福Ｑ', '福証Q-Board']
2026-05-28 11:05:55,499 [SKIP] len error : ['①', '高い', '1,000回以上', '13.9%']
2026-05-28 11:05:55,499 [SKIP] len error : ['②', 'やや高い', '400回〜1,000回', '18.5%']
2026-05-28 11:05:55,499 [SKIP] len error : ['③', '中位', '50回〜400回', '39.0%']
2026-05-28 11:05:55,499 [SKIP] len error : ['④', 'やや低い', '10回〜50回', '17.6%']
2026-05-28 11:05:55,499 [SKIP] len error : ['⑤', '低い', '10回未満', '11.0%']
2026-05-28 11:05:55,499 2680件 / ?件中 20:05
2026-05-28 11:05:55,571 [TOTAL] None
2026-05-28 11:05:55,572 [COUNT] 2680
2026-05-28 11:05:56,585 [PAGE] 135
2026-05-28 11:05:56,862 [SKIP] len error : ['東P', '東証プライム']
2026-05-28 11:05:56,862 [SKIP] len error : ['東S', '東証スタンダード']
2026-05-28 11:05:56,862 [SKIP] len error : ['東G', '東証グロース']
2026-05-28 11:05:56,862 [SKIP] len error : ['東Ｅ', '東証ETF']
2026-05-28 11:05:56,862 [SKIP] len error : ['東EN', '東証ETN']
2026-05-28 11:05:56,862 [SKIP] len error : ['東Ｒ', '東証REIT']
2026-05-28 11:05:56,862 [SKIP] len error : ['東IF', '東証インフラファンド']
2026-05-28 11:05:56,862 [SKIP] len error : ['名Ｐ', '名証プレミア']
2026-05-28 11:05:56,862 [SKIP] len error : ['名M', '名証メイン']
2026-05-28 11:05:56,862 [SKIP] len error : ['名N', '名証ネクスト']
2026-05-28 11:05:56,862 [SKIP] len error : ['名Ｅ', '名証ETF']
2026-05-28 11:05:56,862 [SKIP] len error : ['札Ａ', '札証アンビシャス']
2026-05-28 11:05:56,862 [SKIP] len error : ['福Ｑ', '福証Q-Board']
2026-05-28 11:05:56,862 [SKIP] len error : ['①', '高い', '1,000回以上', '13.9%']
2026-05-28 11:05:56,862 [SKIP] len error : ['②', 'やや高い', '400回〜1,000回', '18.5%']
2026-05-28 11:05:56,862 [SKIP] len error : ['③', '中位', '50回〜400回', '39.0%']
2026-05-28 11:05:56,862 [SKIP] len error : ['④', 'やや低い', '10回〜50回', '17.6%']
2026-05-28 11:05:56,862 [SKIP] len error : ['⑤', '低い', '10回未満', '11.0%']
2026-05-28 11:05:56,863 2700件 / ?件中 20:05
2026-05-28 11:05:56,896 [TOTAL] None
2026-05-28 11:05:56,896 [COUNT] 2700
2026-05-28 11:05:57,419 [PAGE] 136
2026-05-28 11:05:57,717 [SKIP] len error : ['東P', '東証プライム']
2026-05-28 11:05:57,717 [SKIP] len error : ['東S', '東証スタンダード']
2026-05-28 11:05:57,717 [SKIP] len error : ['東G', '東証グロース']
2026-05-28 11:05:57,717 [SKIP] len error : ['東Ｅ', '東証ETF']
2026-05-28 11:05:57,717 [SKIP] len error : ['東EN', '東証ETN']
2026-05-28 11:05:57,717 [SKIP] len error : ['東Ｒ', '東証REIT']
2026-05-28 11:05:57,718 [SKIP] len error : ['東IF', '東証インフラファンド']
2026-05-28 11:05:57,718 [SKIP] len error : ['名Ｐ', '名証プレミア']
2026-05-28 11:05:57,718 [SKIP] len error : ['名M', '名証メイン']
2026-05-28 11:05:57,718 [SKIP] len error : ['名N', '名証ネクスト']
2026-05-28 11:05:57,718 [SKIP] len error : ['名Ｅ', '名証ETF']
2026-05-28 11:05:57,718 [SKIP] len error : ['札Ａ', '札証アンビシャス']
2026-05-28 11:05:57,718 [SKIP] len error : ['福Ｑ', '福証Q-Board']
2026-05-28 11:05:57,718 [SKIP] len error : ['①', '高い', '1,000回以上', '13.9%']
2026-05-28 11:05:57,718 [SKIP] len error : ['②', 'やや高い', '400回〜1,000回', '18.5%']
2026-05-28 11:05:57,718 [SKIP] len error : ['③', '中位', '50回〜400回', '39.0%']
2026-05-28 11:05:57,718 [SKIP] len error : ['④', 'やや低い', '10回〜50回', '17.6%']
2026-05-28 11:05:57,718 [SKIP] len error : ['⑤', '低い', '10回未満', '11.0%']
2026-05-28 11:05:57,718 2720件 / ?件中 20:05
2026-05-28 11:05:57,753 [TOTAL] None
2026-05-28 11:05:57,753 [COUNT] 2720
2026-05-28 11:05:59,081 [PAGE] 137
2026-05-28 11:05:59,359 [SKIP] len error : ['東P', '東証プライム']
2026-05-28 11:05:59,359 [SKIP] len error : ['東S', '東証スタンダード']
2026-05-28 11:05:59,359 [SKIP] len error : ['東G', '東証グロース']
2026-05-28 11:05:59,359 [SKIP] len error : ['東Ｅ', '東証ETF']
2026-05-28 11:05:59,359 [SKIP] len error : ['東EN', '東証ETN']
2026-05-28 11:05:59,359 [SKIP] len error : ['東Ｒ', '東証REIT']
2026-05-28 11:05:59,359 [SKIP] len error : ['東IF', '東証インフラファンド']
2026-05-28 11:05:59,359 [SKIP] len error : ['名Ｐ', '名証プレミア']
2026-05-28 11:05:59,359 [SKIP] len error : ['名M', '名証メイン']
2026-05-28 11:05:59,359 [SKIP] len error : ['名N', '名証ネクスト']
2026-05-28 11:05:59,359 [SKIP] len error : ['名Ｅ', '名証ETF']
2026-05-28 11:05:59,359 [SKIP] len error : ['札Ａ', '札証アンビシャス']
2026-05-28 11:05:59,359 [SKIP] len error : ['福Ｑ', '福証Q-Board']
2026-05-28 11:05:59,359 [SKIP] len error : ['①', '高い', '1,000回以上', '13.9%']
2026-05-28 11:05:59,359 [SKIP] len error : ['②', 'やや高い', '400回〜1,000回', '18.5%']
2026-05-28 11:05:59,359 [SKIP] len error : ['③', '中位', '50回〜400回', '39.0%']
2026-05-28 11:05:59,359 [SKIP] len error : ['④', 'やや低い', '10回〜50回', '17.6%']
2026-05-28 11:05:59,359 [SKIP] len error : ['⑤', '低い', '10回未満', '11.0%']
2026-05-28 11:05:59,360 2740件 / ?件中 20:05
2026-05-28 11:05:59,394 [TOTAL] None
2026-05-28 11:05:59,394 [COUNT] 2740
2026-05-28 11:06:00,382 [PAGE] 138
2026-05-28 11:06:00,690 [SKIP] len error : ['東P', '東証プライム']
2026-05-28 11:06:00,690 [SKIP] len error : ['東S', '東証スタンダード']
2026-05-28 11:06:00,690 [SKIP] len error : ['東G', '東証グロース']
2026-05-28 11:06:00,690 [SKIP] len error : ['東Ｅ', '東証ETF']
2026-05-28 11:06:00,690 [SKIP] len error : ['東EN', '東証ETN']
2026-05-28 11:06:00,690 [SKIP] len error : ['東Ｒ', '東証REIT']
2026-05-28 11:06:00,690 [SKIP] len error : ['東IF', '東証インフラファンド']
2026-05-28 11:06:00,690 [SKIP] len error : ['名Ｐ', '名証プレミア']
2026-05-28 11:06:00,690 [SKIP] len error : ['名M', '名証メイン']
2026-05-28 11:06:00,690 [SKIP] len error : ['名N', '名証ネクスト']
2026-05-28 11:06:00,690 [SKIP] len error : ['名Ｅ', '名証ETF']
2026-05-28 11:06:00,690 [SKIP] len error : ['札Ａ', '札証アンビシャス']
2026-05-28 11:06:00,690 [SKIP] len error : ['福Ｑ', '福証Q-Board']
2026-05-28 11:06:00,690 [SKIP] len error : ['①', '高い', '1,000回以上', '13.9%']
2026-05-28 11:06:00,690 [SKIP] len error : ['②', 'やや高い', '400回〜1,000回', '18.5%']
2026-05-28 11:06:00,690 [SKIP] len error : ['③', '中位', '50回〜400回', '39.0%']
2026-05-28 11:06:00,690 [SKIP] len error : ['④', 'やや低い', '10回〜50回', '17.6%']
2026-05-28 11:06:00,690 [SKIP] len error : ['⑤', '低い', '10回未満', '11.0%']
2026-05-28 11:06:00,691 2760件 / ?件中 20:06
2026-05-28 11:06:00,724 [TOTAL] None
2026-05-28 11:06:00,724 [COUNT] 2760
2026-05-28 11:06:01,537 [PAGE] 139
2026-05-28 11:06:01,816 [SKIP] len error : ['東P', '東証プライム']
2026-05-28 11:06:01,816 [SKIP] len error : ['東S', '東証スタンダード']
2026-05-28 11:06:01,816 [SKIP] len error : ['東G', '東証グロース']
2026-05-28 11:06:01,816 [SKIP] len error : ['東Ｅ', '東証ETF']
2026-05-28 11:06:01,816 [SKIP] len error : ['東EN', '東証ETN']
2026-05-28 11:06:01,816 [SKIP] len error : ['東Ｒ', '東証REIT']
2026-05-28 11:06:01,816 [SKIP] len error : ['東IF', '東証インフラファンド']
2026-05-28 11:06:01,816 [SKIP] len error : ['名Ｐ', '名証プレミア']
2026-05-28 11:06:01,816 [SKIP] len error : ['名M', '名証メイン']
2026-05-28 11:06:01,816 [SKIP] len error : ['名N', '名証ネクスト']
2026-05-28 11:06:01,816 [SKIP] len error : ['名Ｅ', '名証ETF']
2026-05-28 11:06:01,816 [SKIP] len error : ['札Ａ', '札証アンビシャス']
2026-05-28 11:06:01,816 [SKIP] len error : ['福Ｑ', '福証Q-Board']
2026-05-28 11:06:01,816 [SKIP] len error : ['①', '高い', '1,000回以上', '13.9%']
2026-05-28 11:06:01,816 [SKIP] len error : ['②', 'やや高い', '400回〜1,000回', '18.5%']
2026-05-28 11:06:01,816 [SKIP] len error : ['③', '中位', '50回〜400回', '39.0%']
2026-05-28 11:06:01,816 [SKIP] len error : ['④', 'やや低い', '10回〜50回', '17.6%']
2026-05-28 11:06:01,816 [SKIP] len error : ['⑤', '低い', '10回未満', '11.0%']
2026-05-28 11:06:01,817 2780件 / ?件中 20:06
2026-05-28 11:06:01,892 [TOTAL] None
2026-05-28 11:06:01,892 [COUNT] 2780
2026-05-28 11:06:02,841 [PAGE] 140
2026-05-28 11:06:03,120 [SKIP] len error : ['東P', '東証プライム']
2026-05-28 11:06:03,120 [SKIP] len error : ['東S', '東証スタンダード']
2026-05-28 11:06:03,120 [SKIP] len error : ['東G', '東証グロース']
2026-05-28 11:06:03,120 [SKIP] len error : ['東Ｅ', '東証ETF']
2026-05-28 11:06:03,120 [SKIP] len error : ['東EN', '東証ETN']
2026-05-28 11:06:03,120 [SKIP] len error : ['東Ｒ', '東証REIT']
2026-05-28 11:06:03,120 [SKIP] len error : ['東IF', '東証インフラファンド']
2026-05-28 11:06:03,120 [SKIP] len error : ['名Ｐ', '名証プレミア']
2026-05-28 11:06:03,120 [SKIP] len error : ['名M', '名証メイン']
2026-05-28 11:06:03,120 [SKIP] len error : ['名N', '名証ネクスト']
2026-05-28 11:06:03,120 [SKIP] len error : ['名Ｅ', '名証ETF']
2026-05-28 11:06:03,120 [SKIP] len error : ['札Ａ', '札証アンビシャス']
2026-05-28 11:06:03,120 [SKIP] len error : ['福Ｑ', '福証Q-Board']
2026-05-28 11:06:03,120 [SKIP] len error : ['①', '高い', '1,000回以上', '13.9%']
2026-05-28 11:06:03,120 [SKIP] len error : ['②', 'やや高い', '400回〜1,000回', '18.5%']
2026-05-28 11:06:03,120 [SKIP] len error : ['③', '中位', '50回〜400回', '39.0%']
2026-05-28 11:06:03,120 [SKIP] len error : ['④', 'やや低い', '10回〜50回', '17.6%']
2026-05-28 11:06:03,120 [SKIP] len error : ['⑤', '低い', '10回未満', '11.0%']
2026-05-28 11:06:03,120 2800件 / ?件中 20:06
2026-05-28 11:06:03,155 [TOTAL] None
2026-05-28 11:06:03,155 [COUNT] 2800
2026-05-28 11:06:03,746 [PAGE] 141
2026-05-28 11:06:04,020 [SKIP] len error : ['東P', '東証プライム']
2026-05-28 11:06:04,020 [SKIP] len error : ['東S', '東証スタンダード']
2026-05-28 11:06:04,020 [SKIP] len error : ['東G', '東証グロース']
2026-05-28 11:06:04,021 [SKIP] len error : ['東Ｅ', '東証ETF']
2026-05-28 11:06:04,021 [SKIP] len error : ['東EN', '東証ETN']
2026-05-28 11:06:04,021 [SKIP] len error : ['東Ｒ', '東証REIT']
2026-05-28 11:06:04,021 [SKIP] len error : ['東IF', '東証インフラファンド']
2026-05-28 11:06:04,021 [SKIP] len error : ['名Ｐ', '名証プレミア']
2026-05-28 11:06:04,021 [SKIP] len error : ['名M', '名証メイン']
2026-05-28 11:06:04,021 [SKIP] len error : ['名N', '名証ネクスト']
2026-05-28 11:06:04,021 [SKIP] len error : ['名Ｅ', '名証ETF']
2026-05-28 11:06:04,021 [SKIP] len error : ['札Ａ', '札証アンビシャス']
2026-05-28 11:06:04,021 [SKIP] len error : ['福Ｑ', '福証Q-Board']
2026-05-28 11:06:04,021 [SKIP] len error : ['①', '高い', '1,000回以上', '13.9%']
2026-05-28 11:06:04,021 [SKIP] len error : ['②', 'やや高い', '400回〜1,000回', '18.5%']
2026-05-28 11:06:04,021 [SKIP] len error : ['③', '中位', '50回〜400回', '39.0%']
2026-05-28 11:06:04,021 [SKIP] len error : ['④', 'やや低い', '10回〜50回', '17.6%']
2026-05-28 11:06:04,021 [SKIP] len error : ['⑤', '低い', '10回未満', '11.0%']
2026-05-28 11:06:04,021 2820件 / ?件中 20:06
2026-05-28 11:06:04,055 [TOTAL] None
2026-05-28 11:06:04,055 [COUNT] 2820
2026-05-28 11:06:05,003 [PAGE] 142
2026-05-28 11:06:05,298 [SKIP] len error : ['東P', '東証プライム']
2026-05-28 11:06:05,298 [SKIP] len error : ['東S', '東証スタンダード']
2026-05-28 11:06:05,298 [SKIP] len error : ['東G', '東証グロース']
2026-05-28 11:06:05,298 [SKIP] len error : ['東Ｅ', '東証ETF']
2026-05-28 11:06:05,298 [SKIP] len error : ['東EN', '東証ETN']
2026-05-28 11:06:05,298 [SKIP] len error : ['東Ｒ', '東証REIT']
2026-05-28 11:06:05,298 [SKIP] len error : ['東IF', '東証インフラファンド']
2026-05-28 11:06:05,298 [SKIP] len error : ['名Ｐ', '名証プレミア']
2026-05-28 11:06:05,298 [SKIP] len error : ['名M', '名証メイン']
2026-05-28 11:06:05,298 [SKIP] len error : ['名N', '名証ネクスト']
2026-05-28 11:06:05,298 [SKIP] len error : ['名Ｅ', '名証ETF']
2026-05-28 11:06:05,298 [SKIP] len error : ['札Ａ', '札証アンビシャス']
2026-05-28 11:06:05,298 [SKIP] len error : ['福Ｑ', '福証Q-Board']
2026-05-28 11:06:05,298 [SKIP] len error : ['①', '高い', '1,000回以上', '13.9%']
2026-05-28 11:06:05,298 [SKIP] len error : ['②', 'やや高い', '400回〜1,000回', '18.5%']
2026-05-28 11:06:05,298 [SKIP] len error : ['③', '中位', '50回〜400回', '39.0%']
2026-05-28 11:06:05,298 [SKIP] len error : ['④', 'やや低い', '10回〜50回', '17.6%']
2026-05-28 11:06:05,298 [SKIP] len error : ['⑤', '低い', '10回未満', '11.0%']
2026-05-28 11:06:05,299 2840件 / ?件中 20:06
2026-05-28 11:06:05,332 [TOTAL] None
2026-05-28 11:06:05,333 [COUNT] 2840
2026-05-28 11:06:06,455 [PAGE] 143
2026-05-28 11:06:06,730 [SKIP] len error : ['東P', '東証プライム']
2026-05-28 11:06:06,730 [SKIP] len error : ['東S', '東証スタンダード']
2026-05-28 11:06:06,730 [SKIP] len error : ['東G', '東証グロース']
2026-05-28 11:06:06,730 [SKIP] len error : ['東Ｅ', '東証ETF']
2026-05-28 11:06:06,730 [SKIP] len error : ['東EN', '東証ETN']
2026-05-28 11:06:06,730 [SKIP] len error : ['東Ｒ', '東証REIT']
2026-05-28 11:06:06,730 [SKIP] len error : ['東IF', '東証インフラファンド']
2026-05-28 11:06:06,730 [SKIP] len error : ['名Ｐ', '名証プレミア']
2026-05-28 11:06:06,730 [SKIP] len error : ['名M', '名証メイン']
2026-05-28 11:06:06,730 [SKIP] len error : ['名N', '名証ネクスト']
2026-05-28 11:06:06,731 [SKIP] len error : ['名Ｅ', '名証ETF']
2026-05-28 11:06:06,731 [SKIP] len error : ['札Ａ', '札証アンビシャス']
2026-05-28 11:06:06,731 [SKIP] len error : ['福Ｑ', '福証Q-Board']
2026-05-28 11:06:06,731 [SKIP] len error : ['①', '高い', '1,000回以上', '13.9%']
2026-05-28 11:06:06,731 [SKIP] len error : ['②', 'やや高い', '400回〜1,000回', '18.5%']
2026-05-28 11:06:06,731 [SKIP] len error : ['③', '中位', '50回〜400回', '39.0%']
2026-05-28 11:06:06,731 [SKIP] len error : ['④', 'やや低い', '10回〜50回', '17.6%']
2026-05-28 11:06:06,731 [SKIP] len error : ['⑤', '低い', '10回未満', '11.0%']
2026-05-28 11:06:06,731 2860件 / ?件中 20:06
2026-05-28 11:06:06,764 [TOTAL] None
2026-05-28 11:06:06,764 [COUNT] 2860
2026-05-28 11:06:07,465 [PAGE] 144
2026-05-28 11:06:07,781 [SKIP] len error : ['東P', '東証プライム']
2026-05-28 11:06:07,782 [SKIP] len error : ['東S', '東証スタンダード']
2026-05-28 11:06:07,782 [SKIP] len error : ['東G', '東証グロース']
2026-05-28 11:06:07,782 [SKIP] len error : ['東Ｅ', '東証ETF']
2026-05-28 11:06:07,782 [SKIP] len error : ['東EN', '東証ETN']
2026-05-28 11:06:07,782 [SKIP] len error : ['東Ｒ', '東証REIT']
2026-05-28 11:06:07,782 [SKIP] len error : ['東IF', '東証インフラファンド']
2026-05-28 11:06:07,782 [SKIP] len error : ['名Ｐ', '名証プレミア']
2026-05-28 11:06:07,782 [SKIP] len error : ['名M', '名証メイン']
2026-05-28 11:06:07,782 [SKIP] len error : ['名N', '名証ネクスト']
2026-05-28 11:06:07,782 [SKIP] len error : ['名Ｅ', '名証ETF']
2026-05-28 11:06:07,782 [SKIP] len error : ['札Ａ', '札証アンビシャス']
2026-05-28 11:06:07,782 [SKIP] len error : ['福Ｑ', '福証Q-Board']
2026-05-28 11:06:07,782 [SKIP] len error : ['①', '高い', '1,000回以上', '13.9%']
2026-05-28 11:06:07,782 [SKIP] len error : ['②', 'やや高い', '400回〜1,000回', '18.5%']
2026-05-28 11:06:07,782 [SKIP] len error : ['③', '中位', '50回〜400回', '39.0%']
2026-05-28 11:06:07,782 [SKIP] len error : ['④', 'やや低い', '10回〜50回', '17.6%']
2026-05-28 11:06:07,782 [SKIP] len error : ['⑤', '低い', '10回未満', '11.0%']
2026-05-28 11:06:07,782 2880件 / ?件中 20:06
2026-05-28 11:06:07,816 [TOTAL] None
2026-05-28 11:06:07,816 [COUNT] 2880
2026-05-28 11:06:09,290 [PAGE] 145
2026-05-28 11:06:09,568 [SKIP] len error : ['東P', '東証プライム']
2026-05-28 11:06:09,568 [SKIP] len error : ['東S', '東証スタンダード']
2026-05-28 11:06:09,568 [SKIP] len error : ['東G', '東証グロース']
2026-05-28 11:06:09,568 [SKIP] len error : ['東Ｅ', '東証ETF']
2026-05-28 11:06:09,568 [SKIP] len error : ['東EN', '東証ETN']
2026-05-28 11:06:09,568 [SKIP] len error : ['東Ｒ', '東証REIT']
2026-05-28 11:06:09,568 [SKIP] len error : ['東IF', '東証インフラファンド']
2026-05-28 11:06:09,568 [SKIP] len error : ['名Ｐ', '名証プレミア']
2026-05-28 11:06:09,568 [SKIP] len error : ['名M', '名証メイン']
2026-05-28 11:06:09,568 [SKIP] len error : ['名N', '名証ネクスト']
2026-05-28 11:06:09,568 [SKIP] len error : ['名Ｅ', '名証ETF']
2026-05-28 11:06:09,568 [SKIP] len error : ['札Ａ', '札証アンビシャス']
2026-05-28 11:06:09,568 [SKIP] len error : ['福Ｑ', '福証Q-Board']
2026-05-28 11:06:09,568 [SKIP] len error : ['①', '高い', '1,000回以上', '13.9%']
2026-05-28 11:06:09,568 [SKIP] len error : ['②', 'やや高い', '400回〜1,000回', '18.5%']
2026-05-28 11:06:09,568 [SKIP] len error : ['③', '中位', '50回〜400回', '39.0%']
2026-05-28 11:06:09,568 [SKIP] len error : ['④', 'やや低い', '10回〜50回', '17.6%']
2026-05-28 11:06:09,568 [SKIP] len error : ['⑤', '低い', '10回未満', '11.0%']
2026-05-28 11:06:09,568 2900件 / ?件中 20:06
2026-05-28 11:06:09,602 [TOTAL] None
2026-05-28 11:06:09,602 [COUNT] 2900
2026-05-28 11:06:10,610 [PAGE] 146
2026-05-28 11:06:10,874 [SKIP] len error : ['東P', '東証プライム']
2026-05-28 11:06:10,874 [SKIP] len error : ['東S', '東証スタンダード']
2026-05-28 11:06:10,874 [SKIP] len error : ['東G', '東証グロース']
2026-05-28 11:06:10,874 [SKIP] len error : ['東Ｅ', '東証ETF']
2026-05-28 11:06:10,874 [SKIP] len error : ['東EN', '東証ETN']
2026-05-28 11:06:10,874 [SKIP] len error : ['東Ｒ', '東証REIT']
2026-05-28 11:06:10,874 [SKIP] len error : ['東IF', '東証インフラファンド']
2026-05-28 11:06:10,874 [SKIP] len error : ['名Ｐ', '名証プレミア']
2026-05-28 11:06:10,874 [SKIP] len error : ['名M', '名証メイン']
2026-05-28 11:06:10,874 [SKIP] len error : ['名N', '名証ネクスト']
2026-05-28 11:06:10,874 [SKIP] len error : ['名Ｅ', '名証ETF']
2026-05-28 11:06:10,874 [SKIP] len error : ['札Ａ', '札証アンビシャス']
2026-05-28 11:06:10,874 [SKIP] len error : ['福Ｑ', '福証Q-Board']
2026-05-28 11:06:10,874 [SKIP] len error : ['①', '高い', '1,000回以上', '13.9%']
2026-05-28 11:06:10,874 [SKIP] len error : ['②', 'やや高い', '400回〜1,000回', '18.5%']
2026-05-28 11:06:10,874 [SKIP] len error : ['③', '中位', '50回〜400回', '39.0%']
2026-05-28 11:06:10,875 [SKIP] len error : ['④', 'やや低い', '10回〜50回', '17.6%']
2026-05-28 11:06:10,875 [SKIP] len error : ['⑤', '低い', '10回未満', '11.0%']
2026-05-28 11:06:10,875 2920件 / ?件中 20:06
2026-05-28 11:06:10,909 [TOTAL] None
2026-05-28 11:06:10,909 [COUNT] 2920
2026-05-28 11:06:12,084 [PAGE] 147
2026-05-28 11:06:12,373 [SKIP] len error : ['東P', '東証プライム']
2026-05-28 11:06:12,373 [SKIP] len error : ['東S', '東証スタンダード']
2026-05-28 11:06:12,373 [SKIP] len error : ['東G', '東証グロース']
2026-05-28 11:06:12,373 [SKIP] len error : ['東Ｅ', '東証ETF']
2026-05-28 11:06:12,373 [SKIP] len error : ['東EN', '東証ETN']
2026-05-28 11:06:12,373 [SKIP] len error : ['東Ｒ', '東証REIT']
2026-05-28 11:06:12,373 [SKIP] len error : ['東IF', '東証インフラファンド']
2026-05-28 11:06:12,373 [SKIP] len error : ['名Ｐ', '名証プレミア']
2026-05-28 11:06:12,373 [SKIP] len error : ['名M', '名証メイン']
2026-05-28 11:06:12,373 [SKIP] len error : ['名N', '名証ネクスト']
2026-05-28 11:06:12,373 [SKIP] len error : ['名Ｅ', '名証ETF']
2026-05-28 11:06:12,373 [SKIP] len error : ['札Ａ', '札証アンビシャス']
2026-05-28 11:06:12,373 [SKIP] len error : ['福Ｑ', '福証Q-Board']
2026-05-28 11:06:12,373 [SKIP] len error : ['①', '高い', '1,000回以上', '13.9%']
2026-05-28 11:06:12,373 [SKIP] len error : ['②', 'やや高い', '400回〜1,000回', '18.5%']
2026-05-28 11:06:12,374 [SKIP] len error : ['③', '中位', '50回〜400回', '39.0%']
2026-05-28 11:06:12,374 [SKIP] len error : ['④', 'やや低い', '10回〜50回', '17.6%']
2026-05-28 11:06:12,374 [SKIP] len error : ['⑤', '低い', '10回未満', '11.0%']
2026-05-28 11:06:12,374 2940件 / ?件中 20:06
2026-05-28 11:06:12,408 [TOTAL] None
2026-05-28 11:06:12,408 [COUNT] 2940
2026-05-28 11:06:13,735 [PAGE] 148
2026-05-28 11:06:14,008 [SKIP] len error : ['東P', '東証プライム']
2026-05-28 11:06:14,008 [SKIP] len error : ['東S', '東証スタンダード']
2026-05-28 11:06:14,008 [SKIP] len error : ['東G', '東証グロース']
2026-05-28 11:06:14,008 [SKIP] len error : ['東Ｅ', '東証ETF']
2026-05-28 11:06:14,008 [SKIP] len error : ['東EN', '東証ETN']
2026-05-28 11:06:14,008 [SKIP] len error : ['東Ｒ', '東証REIT']
2026-05-28 11:06:14,008 [SKIP] len error : ['東IF', '東証インフラファンド']
2026-05-28 11:06:14,008 [SKIP] len error : ['名Ｐ', '名証プレミア']
2026-05-28 11:06:14,008 [SKIP] len error : ['名M', '名証メイン']
2026-05-28 11:06:14,008 [SKIP] len error : ['名N', '名証ネクスト']
2026-05-28 11:06:14,008 [SKIP] len error : ['名Ｅ', '名証ETF']
2026-05-28 11:06:14,008 [SKIP] len error : ['札Ａ', '札証アンビシャス']
2026-05-28 11:06:14,008 [SKIP] len error : ['福Ｑ', '福証Q-Board']
2026-05-28 11:06:14,008 [SKIP] len error : ['①', '高い', '1,000回以上', '13.9%']
2026-05-28 11:06:14,008 [SKIP] len error : ['②', 'やや高い', '400回〜1,000回', '18.5%']
2026-05-28 11:06:14,008 [SKIP] len error : ['③', '中位', '50回〜400回', '39.0%']
2026-05-28 11:06:14,008 [SKIP] len error : ['④', 'やや低い', '10回〜50回', '17.6%']
2026-05-28 11:06:14,008 [SKIP] len error : ['⑤', '低い', '10回未満', '11.0%']
2026-05-28 11:06:14,009 2960件 / ?件中 20:06
2026-05-28 11:06:14,042 [TOTAL] None
2026-05-28 11:06:14,042 [COUNT] 2960
2026-05-28 11:06:15,320 [PAGE] 149
2026-05-28 11:06:15,649 [SKIP] len error : ['東P', '東証プライム']
2026-05-28 11:06:15,649 [SKIP] len error : ['東S', '東証スタンダード']
2026-05-28 11:06:15,649 [SKIP] len error : ['東G', '東証グロース']
2026-05-28 11:06:15,649 [SKIP] len error : ['東Ｅ', '東証ETF']
2026-05-28 11:06:15,649 [SKIP] len error : ['東EN', '東証ETN']
2026-05-28 11:06:15,649 [SKIP] len error : ['東Ｒ', '東証REIT']
2026-05-28 11:06:15,649 [SKIP] len error : ['東IF', '東証インフラファンド']
2026-05-28 11:06:15,649 [SKIP] len error : ['名Ｐ', '名証プレミア']
2026-05-28 11:06:15,649 [SKIP] len error : ['名M', '名証メイン']
2026-05-28 11:06:15,649 [SKIP] len error : ['名N', '名証ネクスト']
2026-05-28 11:06:15,649 [SKIP] len error : ['名Ｅ', '名証ETF']
2026-05-28 11:06:15,649 [SKIP] len error : ['札Ａ', '札証アンビシャス']
2026-05-28 11:06:15,649 [SKIP] len error : ['福Ｑ', '福証Q-Board']
2026-05-28 11:06:15,649 [SKIP] len error : ['①', '高い', '1,000回以上', '13.9%']
2026-05-28 11:06:15,649 [SKIP] len error : ['②', 'やや高い', '400回〜1,000回', '18.5%']
2026-05-28 11:06:15,649 [SKIP] len error : ['③', '中位', '50回〜400回', '39.0%']
2026-05-28 11:06:15,649 [SKIP] len error : ['④', 'やや低い', '10回〜50回', '17.6%']
2026-05-28 11:06:15,649 [SKIP] len error : ['⑤', '低い', '10回未満', '11.0%']
2026-05-28 11:06:15,649 2980件 / ?件中 20:06
2026-05-28 11:06:15,683 [TOTAL] None
2026-05-28 11:06:15,683 [COUNT] 2980
2026-05-28 11:06:16,408 [PAGE] 150
2026-05-28 11:06:16,675 [SKIP] len error : ['東P', '東証プライム']
2026-05-28 11:06:16,675 [SKIP] len error : ['東S', '東証スタンダード']
2026-05-28 11:06:16,675 [SKIP] len error : ['東G', '東証グロース']
2026-05-28 11:06:16,675 [SKIP] len error : ['東Ｅ', '東証ETF']
2026-05-28 11:06:16,675 [SKIP] len error : ['東EN', '東証ETN']
2026-05-28 11:06:16,675 [SKIP] len error : ['東Ｒ', '東証REIT']
2026-05-28 11:06:16,675 [SKIP] len error : ['東IF', '東証インフラファンド']
2026-05-28 11:06:16,675 [SKIP] len error : ['名Ｐ', '名証プレミア']
2026-05-28 11:06:16,675 [SKIP] len error : ['名M', '名証メイン']
2026-05-28 11:06:16,675 [SKIP] len error : ['名N', '名証ネクスト']
2026-05-28 11:06:16,675 [SKIP] len error : ['名Ｅ', '名証ETF']
2026-05-28 11:06:16,675 [SKIP] len error : ['札Ａ', '札証アンビシャス']
2026-05-28 11:06:16,676 [SKIP] len error : ['福Ｑ', '福証Q-Board']
2026-05-28 11:06:16,676 [SKIP] len error : ['①', '高い', '1,000回以上', '13.9%']
2026-05-28 11:06:16,676 [SKIP] len error : ['②', 'やや高い', '400回〜1,000回', '18.5%']
2026-05-28 11:06:16,676 [SKIP] len error : ['③', '中位', '50回〜400回', '39.0%']
2026-05-28 11:06:16,676 [SKIP] len error : ['④', 'やや低い', '10回〜50回', '17.6%']
2026-05-28 11:06:16,676 [SKIP] len error : ['⑤', '低い', '10回未満', '11.0%']
2026-05-28 11:06:16,676 3000件 / ?件中 20:06
2026-05-28 11:06:16,710 [TOTAL] None
2026-05-28 11:06:16,710 [COUNT] 3000
2026-05-28 11:06:17,711 [PAGE] 151
2026-05-28 11:06:17,996 [SKIP] len error : ['東P', '東証プライム']
2026-05-28 11:06:17,996 [SKIP] len error : ['東S', '東証スタンダード']
2026-05-28 11:06:17,996 [SKIP] len error : ['東G', '東証グロース']
2026-05-28 11:06:17,996 [SKIP] len error : ['東Ｅ', '東証ETF']
2026-05-28 11:06:17,996 [SKIP] len error : ['東EN', '東証ETN']
2026-05-28 11:06:17,996 [SKIP] len error : ['東Ｒ', '東証REIT']
2026-05-28 11:06:17,996 [SKIP] len error : ['東IF', '東証インフラファンド']
2026-05-28 11:06:17,997 [SKIP] len error : ['名Ｐ', '名証プレミア']
2026-05-28 11:06:17,997 [SKIP] len error : ['名M', '名証メイン']
2026-05-28 11:06:17,997 [SKIP] len error : ['名N', '名証ネクスト']
2026-05-28 11:06:17,997 [SKIP] len error : ['名Ｅ', '名証ETF']
2026-05-28 11:06:17,997 [SKIP] len error : ['札Ａ', '札証アンビシャス']
2026-05-28 11:06:17,997 [SKIP] len error : ['福Ｑ', '福証Q-Board']
2026-05-28 11:06:17,997 [SKIP] len error : ['①', '高い', '1,000回以上', '13.9%']
2026-05-28 11:06:17,997 [SKIP] len error : ['②', 'やや高い', '400回〜1,000回', '18.5%']
2026-05-28 11:06:17,997 [SKIP] len error : ['③', '中位', '50回〜400回', '39.0%']
2026-05-28 11:06:17,997 [SKIP] len error : ['④', 'やや低い', '10回〜50回', '17.6%']
2026-05-28 11:06:17,997 [SKIP] len error : ['⑤', '低い', '10回未満', '11.0%']
2026-05-28 11:06:17,997 3020件 / ?件中 20:06
2026-05-28 11:06:18,031 [TOTAL] None
2026-05-28 11:06:18,031 [COUNT] 3020
2026-05-28 11:06:19,119 [PAGE] 152
2026-05-28 11:06:19,385 [SKIP] len error : ['東P', '東証プライム']
2026-05-28 11:06:19,385 [SKIP] len error : ['東S', '東証スタンダード']
2026-05-28 11:06:19,385 [SKIP] len error : ['東G', '東証グロース']
2026-05-28 11:06:19,385 [SKIP] len error : ['東Ｅ', '東証ETF']
2026-05-28 11:06:19,385 [SKIP] len error : ['東EN', '東証ETN']
2026-05-28 11:06:19,385 [SKIP] len error : ['東Ｒ', '東証REIT']
2026-05-28 11:06:19,385 [SKIP] len error : ['東IF', '東証インフラファンド']
2026-05-28 11:06:19,385 [SKIP] len error : ['名Ｐ', '名証プレミア']
2026-05-28 11:06:19,385 [SKIP] len error : ['名M', '名証メイン']
2026-05-28 11:06:19,385 [SKIP] len error : ['名N', '名証ネクスト']
2026-05-28 11:06:19,385 [SKIP] len error : ['名Ｅ', '名証ETF']
2026-05-28 11:06:19,385 [SKIP] len error : ['札Ａ', '札証アンビシャス']
2026-05-28 11:06:19,385 [SKIP] len error : ['福Ｑ', '福証Q-Board']
2026-05-28 11:06:19,385 [SKIP] len error : ['①', '高い', '1,000回以上', '13.9%']
2026-05-28 11:06:19,385 [SKIP] len error : ['②', 'やや高い', '400回〜1,000回', '18.5%']
2026-05-28 11:06:19,385 [SKIP] len error : ['③', '中位', '50回〜400回', '39.0%']
2026-05-28 11:06:19,385 [SKIP] len error : ['④', 'やや低い', '10回〜50回', '17.6%']
2026-05-28 11:06:19,385 [SKIP] len error : ['⑤', '低い', '10回未満', '11.0%']
2026-05-28 11:06:19,386 3040件 / ?件中 20:06
2026-05-28 11:06:19,419 [TOTAL] None
2026-05-28 11:06:19,419 [COUNT] 3040
2026-05-28 11:06:20,866 [PAGE] 153
2026-05-28 11:06:21,146 [SKIP] len error : ['東P', '東証プライム']
2026-05-28 11:06:21,146 [SKIP] len error : ['東S', '東証スタンダード']
2026-05-28 11:06:21,146 [SKIP] len error : ['東G', '東証グロース']
2026-05-28 11:06:21,146 [SKIP] len error : ['東Ｅ', '東証ETF']
2026-05-28 11:06:21,146 [SKIP] len error : ['東EN', '東証ETN']
2026-05-28 11:06:21,146 [SKIP] len error : ['東Ｒ', '東証REIT']
2026-05-28 11:06:21,146 [SKIP] len error : ['東IF', '東証インフラファンド']
2026-05-28 11:06:21,146 [SKIP] len error : ['名Ｐ', '名証プレミア']
2026-05-28 11:06:21,146 [SKIP] len error : ['名M', '名証メイン']
2026-05-28 11:06:21,146 [SKIP] len error : ['名N', '名証ネクスト']
2026-05-28 11:06:21,146 [SKIP] len error : ['名Ｅ', '名証ETF']
2026-05-28 11:06:21,146 [SKIP] len error : ['札Ａ', '札証アンビシャス']
2026-05-28 11:06:21,146 [SKIP] len error : ['福Ｑ', '福証Q-Board']
2026-05-28 11:06:21,146 [SKIP] len error : ['①', '高い', '1,000回以上', '13.9%']
2026-05-28 11:06:21,146 [SKIP] len error : ['②', 'やや高い', '400回〜1,000回', '18.5%']
2026-05-28 11:06:21,146 [SKIP] len error : ['③', '中位', '50回〜400回', '39.0%']
2026-05-28 11:06:21,146 [SKIP] len error : ['④', 'やや低い', '10回〜50回', '17.6%']
2026-05-28 11:06:21,146 [SKIP] len error : ['⑤', '低い', '10回未満', '11.0%']
2026-05-28 11:06:21,146 3060件 / ?件中 20:06
2026-05-28 11:06:21,221 [TOTAL] None
2026-05-28 11:06:21,221 [COUNT] 3060
2026-05-28 11:06:22,535 [PAGE] 154
2026-05-28 11:06:22,808 [SKIP] len error : ['東P', '東証プライム']
2026-05-28 11:06:22,809 [SKIP] len error : ['東S', '東証スタンダード']
2026-05-28 11:06:22,809 [SKIP] len error : ['東G', '東証グロース']
2026-05-28 11:06:22,809 [SKIP] len error : ['東Ｅ', '東証ETF']
2026-05-28 11:06:22,809 [SKIP] len error : ['東EN', '東証ETN']
2026-05-28 11:06:22,809 [SKIP] len error : ['東Ｒ', '東証REIT']
2026-05-28 11:06:22,809 [SKIP] len error : ['東IF', '東証インフラファンド']
2026-05-28 11:06:22,809 [SKIP] len error : ['名Ｐ', '名証プレミア']
2026-05-28 11:06:22,809 [SKIP] len error : ['名M', '名証メイン']
2026-05-28 11:06:22,809 [SKIP] len error : ['名N', '名証ネクスト']
2026-05-28 11:06:22,809 [SKIP] len error : ['名Ｅ', '名証ETF']
2026-05-28 11:06:22,809 [SKIP] len error : ['札Ａ', '札証アンビシャス']
2026-05-28 11:06:22,809 [SKIP] len error : ['福Ｑ', '福証Q-Board']
2026-05-28 11:06:22,809 [SKIP] len error : ['①', '高い', '1,000回以上', '13.9%']
2026-05-28 11:06:22,809 [SKIP] len error : ['②', 'やや高い', '400回〜1,000回', '18.5%']
2026-05-28 11:06:22,809 [SKIP] len error : ['③', '中位', '50回〜400回', '39.0%']
2026-05-28 11:06:22,809 [SKIP] len error : ['④', 'やや低い', '10回〜50回', '17.6%']
2026-05-28 11:06:22,809 [SKIP] len error : ['⑤', '低い', '10回未満', '11.0%']
2026-05-28 11:06:22,809 3080件 / ?件中 20:06
2026-05-28 11:06:22,843 [TOTAL] None
2026-05-28 11:06:22,843 [COUNT] 3080
2026-05-28 11:06:24,050 [PAGE] 155
2026-05-28 11:06:24,336 [SKIP] len error : ['東P', '東証プライム']
2026-05-28 11:06:24,336 [SKIP] len error : ['東S', '東証スタンダード']
2026-05-28 11:06:24,336 [SKIP] len error : ['東G', '東証グロース']
2026-05-28 11:06:24,336 [SKIP] len error : ['東Ｅ', '東証ETF']
2026-05-28 11:06:24,336 [SKIP] len error : ['東EN', '東証ETN']
2026-05-28 11:06:24,336 [SKIP] len error : ['東Ｒ', '東証REIT']
2026-05-28 11:06:24,336 [SKIP] len error : ['東IF', '東証インフラファンド']
2026-05-28 11:06:24,337 [SKIP] len error : ['名Ｐ', '名証プレミア']
2026-05-28 11:06:24,337 [SKIP] len error : ['名M', '名証メイン']
2026-05-28 11:06:24,337 [SKIP] len error : ['名N', '名証ネクスト']
2026-05-28 11:06:24,337 [SKIP] len error : ['名Ｅ', '名証ETF']
2026-05-28 11:06:24,337 [SKIP] len error : ['札Ａ', '札証アンビシャス']
2026-05-28 11:06:24,337 [SKIP] len error : ['福Ｑ', '福証Q-Board']
2026-05-28 11:06:24,337 [SKIP] len error : ['①', '高い', '1,000回以上', '13.9%']
2026-05-28 11:06:24,337 [SKIP] len error : ['②', 'やや高い', '400回〜1,000回', '18.5%']
2026-05-28 11:06:24,337 [SKIP] len error : ['③', '中位', '50回〜400回', '39.0%']
2026-05-28 11:06:24,337 [SKIP] len error : ['④', 'やや低い', '10回〜50回', '17.6%']
2026-05-28 11:06:24,337 [SKIP] len error : ['⑤', '低い', '10回未満', '11.0%']
2026-05-28 11:06:24,337 3100件 / ?件中 20:06
2026-05-28 11:06:24,372 [TOTAL] None
2026-05-28 11:06:24,372 [COUNT] 3100
2026-05-28 11:06:25,291 [PAGE] 156
2026-05-28 11:06:25,571 [SKIP] len error : ['東P', '東証プライム']
2026-05-28 11:06:25,571 [SKIP] len error : ['東S', '東証スタンダード']
2026-05-28 11:06:25,571 [SKIP] len error : ['東G', '東証グロース']
2026-05-28 11:06:25,571 [SKIP] len error : ['東Ｅ', '東証ETF']
2026-05-28 11:06:25,571 [SKIP] len error : ['東EN', '東証ETN']
2026-05-28 11:06:25,572 [SKIP] len error : ['東Ｒ', '東証REIT']
2026-05-28 11:06:25,572 [SKIP] len error : ['東IF', '東証インフラファンド']
2026-05-28 11:06:25,572 [SKIP] len error : ['名Ｐ', '名証プレミア']
2026-05-28 11:06:25,572 [SKIP] len error : ['名M', '名証メイン']
2026-05-28 11:06:25,572 [SKIP] len error : ['名N', '名証ネクスト']
2026-05-28 11:06:25,572 [SKIP] len error : ['名Ｅ', '名証ETF']
2026-05-28 11:06:25,572 [SKIP] len error : ['札Ａ', '札証アンビシャス']
2026-05-28 11:06:25,572 [SKIP] len error : ['福Ｑ', '福証Q-Board']
2026-05-28 11:06:25,572 [SKIP] len error : ['①', '高い', '1,000回以上', '13.9%']
2026-05-28 11:06:25,572 [SKIP] len error : ['②', 'やや高い', '400回〜1,000回', '18.5%']
2026-05-28 11:06:25,572 [SKIP] len error : ['③', '中位', '50回〜400回', '39.0%']
2026-05-28 11:06:25,572 [SKIP] len error : ['④', 'やや低い', '10回〜50回', '17.6%']
2026-05-28 11:06:25,572 [SKIP] len error : ['⑤', '低い', '10回未満', '11.0%']
2026-05-28 11:06:25,572 3120件 / ?件中 20:06
2026-05-28 11:06:25,606 [TOTAL] None
2026-05-28 11:06:25,606 [COUNT] 3120
2026-05-28 11:06:26,821 [PAGE] 157
2026-05-28 11:06:27,104 [SKIP] len error : ['東P', '東証プライム']
2026-05-28 11:06:27,104 [SKIP] len error : ['東S', '東証スタンダード']
2026-05-28 11:06:27,104 [SKIP] len error : ['東G', '東証グロース']
2026-05-28 11:06:27,104 [SKIP] len error : ['東Ｅ', '東証ETF']
2026-05-28 11:06:27,104 [SKIP] len error : ['東EN', '東証ETN']
2026-05-28 11:06:27,104 [SKIP] len error : ['東Ｒ', '東証REIT']
2026-05-28 11:06:27,105 [SKIP] len error : ['東IF', '東証インフラファンド']
2026-05-28 11:06:27,105 [SKIP] len error : ['名Ｐ', '名証プレミア']
2026-05-28 11:06:27,105 [SKIP] len error : ['名M', '名証メイン']
2026-05-28 11:06:27,105 [SKIP] len error : ['名N', '名証ネクスト']
2026-05-28 11:06:27,105 [SKIP] len error : ['名Ｅ', '名証ETF']
2026-05-28 11:06:27,105 [SKIP] len error : ['札Ａ', '札証アンビシャス']
2026-05-28 11:06:27,105 [SKIP] len error : ['福Ｑ', '福証Q-Board']
2026-05-28 11:06:27,105 [SKIP] len error : ['①', '高い', '1,000回以上', '13.9%']
2026-05-28 11:06:27,105 [SKIP] len error : ['②', 'やや高い', '400回〜1,000回', '18.5%']
2026-05-28 11:06:27,105 [SKIP] len error : ['③', '中位', '50回〜400回', '39.0%']
2026-05-28 11:06:27,105 [SKIP] len error : ['④', 'やや低い', '10回〜50回', '17.6%']
2026-05-28 11:06:27,105 [SKIP] len error : ['⑤', '低い', '10回未満', '11.0%']
2026-05-28 11:06:27,105 3140件 / ?件中 20:06
2026-05-28 11:06:27,139 [TOTAL] None
2026-05-28 11:06:27,139 [COUNT] 3140
2026-05-28 11:06:28,218 [PAGE] 158
2026-05-28 11:06:28,523 [SKIP] len error : ['東P', '東証プライム']
2026-05-28 11:06:28,523 [SKIP] len error : ['東S', '東証スタンダード']
2026-05-28 11:06:28,523 [SKIP] len error : ['東G', '東証グロース']
2026-05-28 11:06:28,523 [SKIP] len error : ['東Ｅ', '東証ETF']
2026-05-28 11:06:28,523 [SKIP] len error : ['東EN', '東証ETN']
2026-05-28 11:06:28,524 [SKIP] len error : ['東Ｒ', '東証REIT']
2026-05-28 11:06:28,524 [SKIP] len error : ['東IF', '東証インフラファンド']
2026-05-28 11:06:28,524 [SKIP] len error : ['名Ｐ', '名証プレミア']
2026-05-28 11:06:28,524 [SKIP] len error : ['名M', '名証メイン']
2026-05-28 11:06:28,524 [SKIP] len error : ['名N', '名証ネクスト']
2026-05-28 11:06:28,524 [SKIP] len error : ['名Ｅ', '名証ETF']
2026-05-28 11:06:28,524 [SKIP] len error : ['札Ａ', '札証アンビシャス']
2026-05-28 11:06:28,524 [SKIP] len error : ['福Ｑ', '福証Q-Board']
2026-05-28 11:06:28,524 [SKIP] len error : ['①', '高い', '1,000回以上', '13.9%']
2026-05-28 11:06:28,524 [SKIP] len error : ['②', 'やや高い', '400回〜1,000回', '18.5%']
2026-05-28 11:06:28,524 [SKIP] len error : ['③', '中位', '50回〜400回', '39.0%']
2026-05-28 11:06:28,524 [SKIP] len error : ['④', 'やや低い', '10回〜50回', '17.6%']
2026-05-28 11:06:28,524 [SKIP] len error : ['⑤', '低い', '10回未満', '11.0%']
2026-05-28 11:06:28,524 3160件 / ?件中 20:06
2026-05-28 11:06:28,602 [TOTAL] None
2026-05-28 11:06:28,602 [COUNT] 3160
2026-05-28 11:06:29,786 [PAGE] 159
2026-05-28 11:06:30,072 [SKIP] len error : ['東P', '東証プライム']
2026-05-28 11:06:30,072 [SKIP] len error : ['東S', '東証スタンダード']
2026-05-28 11:06:30,072 [SKIP] len error : ['東G', '東証グロース']
2026-05-28 11:06:30,072 [SKIP] len error : ['東Ｅ', '東証ETF']
2026-05-28 11:06:30,072 [SKIP] len error : ['東EN', '東証ETN']
2026-05-28 11:06:30,072 [SKIP] len error : ['東Ｒ', '東証REIT']
2026-05-28 11:06:30,072 [SKIP] len error : ['東IF', '東証インフラファンド']
2026-05-28 11:06:30,072 [SKIP] len error : ['名Ｐ', '名証プレミア']
2026-05-28 11:06:30,073 [SKIP] len error : ['名M', '名証メイン']
2026-05-28 11:06:30,073 [SKIP] len error : ['名N', '名証ネクスト']
2026-05-28 11:06:30,073 [SKIP] len error : ['名Ｅ', '名証ETF']
2026-05-28 11:06:30,073 [SKIP] len error : ['札Ａ', '札証アンビシャス']
2026-05-28 11:06:30,073 [SKIP] len error : ['福Ｑ', '福証Q-Board']
2026-05-28 11:06:30,073 [SKIP] len error : ['①', '高い', '1,000回以上', '13.9%']
2026-05-28 11:06:30,073 [SKIP] len error : ['②', 'やや高い', '400回〜1,000回', '18.5%']
2026-05-28 11:06:30,073 [SKIP] len error : ['③', '中位', '50回〜400回', '39.0%']
2026-05-28 11:06:30,073 [SKIP] len error : ['④', 'やや低い', '10回〜50回', '17.6%']
2026-05-28 11:06:30,073 [SKIP] len error : ['⑤', '低い', '10回未満', '11.0%']
2026-05-28 11:06:30,073 3180件 / ?件中 20:06
2026-05-28 11:06:30,107 [TOTAL] None
2026-05-28 11:06:30,107 [COUNT] 3180
2026-05-28 11:06:31,582 [PAGE] 160
2026-05-28 11:06:31,861 [SKIP] len error : ['東P', '東証プライム']
2026-05-28 11:06:31,861 [SKIP] len error : ['東S', '東証スタンダード']
2026-05-28 11:06:31,861 [SKIP] len error : ['東G', '東証グロース']
2026-05-28 11:06:31,861 [SKIP] len error : ['東Ｅ', '東証ETF']
2026-05-28 11:06:31,861 [SKIP] len error : ['東EN', '東証ETN']
2026-05-28 11:06:31,862 [SKIP] len error : ['東Ｒ', '東証REIT']
2026-05-28 11:06:31,862 [SKIP] len error : ['東IF', '東証インフラファンド']
2026-05-28 11:06:31,862 [SKIP] len error : ['名Ｐ', '名証プレミア']
2026-05-28 11:06:31,862 [SKIP] len error : ['名M', '名証メイン']
2026-05-28 11:06:31,862 [SKIP] len error : ['名N', '名証ネクスト']
2026-05-28 11:06:31,862 [SKIP] len error : ['名Ｅ', '名証ETF']
2026-05-28 11:06:31,862 [SKIP] len error : ['札Ａ', '札証アンビシャス']
2026-05-28 11:06:31,862 [SKIP] len error : ['福Ｑ', '福証Q-Board']
2026-05-28 11:06:31,862 [SKIP] len error : ['①', '高い', '1,000回以上', '13.9%']
2026-05-28 11:06:31,862 [SKIP] len error : ['②', 'やや高い', '400回〜1,000回', '18.5%']
2026-05-28 11:06:31,862 [SKIP] len error : ['③', '中位', '50回〜400回', '39.0%']
2026-05-28 11:06:31,862 [SKIP] len error : ['④', 'やや低い', '10回〜50回', '17.6%']
2026-05-28 11:06:31,862 [SKIP] len error : ['⑤', '低い', '10回未満', '11.0%']
2026-05-28 11:06:31,862 3200件 / ?件中 20:06
2026-05-28 11:06:31,896 [TOTAL] None
2026-05-28 11:06:31,896 [COUNT] 3200
2026-05-28 11:06:32,685 [PAGE] 161
2026-05-28 11:06:32,964 [SKIP] len error : ['東P', '東証プライム']
2026-05-28 11:06:32,964 [SKIP] len error : ['東S', '東証スタンダード']
2026-05-28 11:06:32,964 [SKIP] len error : ['東G', '東証グロース']
2026-05-28 11:06:32,964 [SKIP] len error : ['東Ｅ', '東証ETF']
2026-05-28 11:06:32,964 [SKIP] len error : ['東EN', '東証ETN']
2026-05-28 11:06:32,964 [SKIP] len error : ['東Ｒ', '東証REIT']
2026-05-28 11:06:32,964 [SKIP] len error : ['東IF', '東証インフラファンド']
2026-05-28 11:06:32,964 [SKIP] len error : ['名Ｐ', '名証プレミア']
2026-05-28 11:06:32,965 [SKIP] len error : ['名M', '名証メイン']
2026-05-28 11:06:32,965 [SKIP] len error : ['名N', '名証ネクスト']
2026-05-28 11:06:32,965 [SKIP] len error : ['名Ｅ', '名証ETF']
2026-05-28 11:06:32,965 [SKIP] len error : ['札Ａ', '札証アンビシャス']
2026-05-28 11:06:32,965 [SKIP] len error : ['福Ｑ', '福証Q-Board']
2026-05-28 11:06:32,965 [SKIP] len error : ['①', '高い', '1,000回以上', '13.9%']
2026-05-28 11:06:32,965 [SKIP] len error : ['②', 'やや高い', '400回〜1,000回', '18.5%']
2026-05-28 11:06:32,965 [SKIP] len error : ['③', '中位', '50回〜400回', '39.0%']
2026-05-28 11:06:32,965 [SKIP] len error : ['④', 'やや低い', '10回〜50回', '17.6%']
2026-05-28 11:06:32,965 [SKIP] len error : ['⑤', '低い', '10回未満', '11.0%']
2026-05-28 11:06:32,965 3220件 / ?件中 20:06
2026-05-28 11:06:32,999 [TOTAL] None
2026-05-28 11:06:32,999 [COUNT] 3220
2026-05-28 11:06:33,561 [PAGE] 162
2026-05-28 11:06:33,833 [SKIP] len error : ['東P', '東証プライム']
2026-05-28 11:06:33,833 [SKIP] len error : ['東S', '東証スタンダード']
2026-05-28 11:06:33,833 [SKIP] len error : ['東G', '東証グロース']
2026-05-28 11:06:33,833 [SKIP] len error : ['東Ｅ', '東証ETF']
2026-05-28 11:06:33,833 [SKIP] len error : ['東EN', '東証ETN']
2026-05-28 11:06:33,833 [SKIP] len error : ['東Ｒ', '東証REIT']
2026-05-28 11:06:33,833 [SKIP] len error : ['東IF', '東証インフラファンド']
2026-05-28 11:06:33,833 [SKIP] len error : ['名Ｐ', '名証プレミア']
2026-05-28 11:06:33,833 [SKIP] len error : ['名M', '名証メイン']
2026-05-28 11:06:33,833 [SKIP] len error : ['名N', '名証ネクスト']
2026-05-28 11:06:33,833 [SKIP] len error : ['名Ｅ', '名証ETF']
2026-05-28 11:06:33,833 [SKIP] len error : ['札Ａ', '札証アンビシャス']
2026-05-28 11:06:33,833 [SKIP] len error : ['福Ｑ', '福証Q-Board']
2026-05-28 11:06:33,833 [SKIP] len error : ['①', '高い', '1,000回以上', '13.9%']
2026-05-28 11:06:33,833 [SKIP] len error : ['②', 'やや高い', '400回〜1,000回', '18.5%']
2026-05-28 11:06:33,833 [SKIP] len error : ['③', '中位', '50回〜400回', '39.0%']
2026-05-28 11:06:33,833 [SKIP] len error : ['④', 'やや低い', '10回〜50回', '17.6%']
2026-05-28 11:06:33,833 [SKIP] len error : ['⑤', '低い', '10回未満', '11.0%']
2026-05-28 11:06:33,833 3240件 / ?件中 20:06
2026-05-28 11:06:33,867 [TOTAL] None
2026-05-28 11:06:33,867 [COUNT] 3240
2026-05-28 11:06:35,008 [PAGE] 163
2026-05-28 11:06:35,332 [SKIP] len error : ['東P', '東証プライム']
2026-05-28 11:06:35,332 [SKIP] len error : ['東S', '東証スタンダード']
2026-05-28 11:06:35,332 [SKIP] len error : ['東G', '東証グロース']
2026-05-28 11:06:35,332 [SKIP] len error : ['東Ｅ', '東証ETF']
2026-05-28 11:06:35,332 [SKIP] len error : ['東EN', '東証ETN']
2026-05-28 11:06:35,332 [SKIP] len error : ['東Ｒ', '東証REIT']
2026-05-28 11:06:35,332 [SKIP] len error : ['東IF', '東証インフラファンド']
2026-05-28 11:06:35,332 [SKIP] len error : ['名Ｐ', '名証プレミア']
2026-05-28 11:06:35,332 [SKIP] len error : ['名M', '名証メイン']
2026-05-28 11:06:35,332 [SKIP] len error : ['名N', '名証ネクスト']
2026-05-28 11:06:35,332 [SKIP] len error : ['名Ｅ', '名証ETF']
2026-05-28 11:06:35,332 [SKIP] len error : ['札Ａ', '札証アンビシャス']
2026-05-28 11:06:35,332 [SKIP] len error : ['福Ｑ', '福証Q-Board']
2026-05-28 11:06:35,333 [SKIP] len error : ['①', '高い', '1,000回以上', '13.9%']
2026-05-28 11:06:35,333 [SKIP] len error : ['②', 'やや高い', '400回〜1,000回', '18.5%']
2026-05-28 11:06:35,333 [SKIP] len error : ['③', '中位', '50回〜400回', '39.0%']
2026-05-28 11:06:35,333 [SKIP] len error : ['④', 'やや低い', '10回〜50回', '17.6%']
2026-05-28 11:06:35,333 [SKIP] len error : ['⑤', '低い', '10回未満', '11.0%']
2026-05-28 11:06:35,333 3260件 / ?件中 20:06
2026-05-28 11:06:35,366 [TOTAL] None
2026-05-28 11:06:35,366 [COUNT] 3260
2026-05-28 11:06:35,901 [PAGE] 164
2026-05-28 11:06:36,167 [SKIP] len error : ['東P', '東証プライム']
2026-05-28 11:06:36,167 [SKIP] len error : ['東S', '東証スタンダード']
2026-05-28 11:06:36,167 [SKIP] len error : ['東G', '東証グロース']
2026-05-28 11:06:36,167 [SKIP] len error : ['東Ｅ', '東証ETF']
2026-05-28 11:06:36,167 [SKIP] len error : ['東EN', '東証ETN']
2026-05-28 11:06:36,167 [SKIP] len error : ['東Ｒ', '東証REIT']
2026-05-28 11:06:36,167 [SKIP] len error : ['東IF', '東証インフラファンド']
2026-05-28 11:06:36,167 [SKIP] len error : ['名Ｐ', '名証プレミア']
2026-05-28 11:06:36,167 [SKIP] len error : ['名M', '名証メイン']
2026-05-28 11:06:36,167 [SKIP] len error : ['名N', '名証ネクスト']
2026-05-28 11:06:36,167 [SKIP] len error : ['名Ｅ', '名証ETF']
2026-05-28 11:06:36,167 [SKIP] len error : ['札Ａ', '札証アンビシャス']
2026-05-28 11:06:36,167 [SKIP] len error : ['福Ｑ', '福証Q-Board']
2026-05-28 11:06:36,167 [SKIP] len error : ['①', '高い', '1,000回以上', '13.9%']
2026-05-28 11:06:36,167 [SKIP] len error : ['②', 'やや高い', '400回〜1,000回', '18.5%']
2026-05-28 11:06:36,167 [SKIP] len error : ['③', '中位', '50回〜400回', '39.0%']
2026-05-28 11:06:36,167 [SKIP] len error : ['④', 'やや低い', '10回〜50回', '17.6%']
2026-05-28 11:06:36,167 [SKIP] len error : ['⑤', '低い', '10回未満', '11.0%']
2026-05-28 11:06:36,167 3280件 / ?件中 20:06
2026-05-28 11:06:36,202 [TOTAL] None
2026-05-28 11:06:36,202 [COUNT] 3280
2026-05-28 11:06:37,061 [PAGE] 165
2026-05-28 11:06:37,331 [SKIP] len error : ['東P', '東証プライム']
2026-05-28 11:06:37,331 [SKIP] len error : ['東S', '東証スタンダード']
2026-05-28 11:06:37,331 [SKIP] len error : ['東G', '東証グロース']
2026-05-28 11:06:37,331 [SKIP] len error : ['東Ｅ', '東証ETF']
2026-05-28 11:06:37,331 [SKIP] len error : ['東EN', '東証ETN']
2026-05-28 11:06:37,332 [SKIP] len error : ['東Ｒ', '東証REIT']
2026-05-28 11:06:37,332 [SKIP] len error : ['東IF', '東証インフラファンド']
2026-05-28 11:06:37,332 [SKIP] len error : ['名Ｐ', '名証プレミア']
2026-05-28 11:06:37,332 [SKIP] len error : ['名M', '名証メイン']
2026-05-28 11:06:37,332 [SKIP] len error : ['名N', '名証ネクスト']
2026-05-28 11:06:37,332 [SKIP] len error : ['名Ｅ', '名証ETF']
2026-05-28 11:06:37,332 [SKIP] len error : ['札Ａ', '札証アンビシャス']
2026-05-28 11:06:37,332 [SKIP] len error : ['福Ｑ', '福証Q-Board']
2026-05-28 11:06:37,332 [SKIP] len error : ['①', '高い', '1,000回以上', '13.9%']
2026-05-28 11:06:37,332 [SKIP] len error : ['②', 'やや高い', '400回〜1,000回', '18.5%']
2026-05-28 11:06:37,332 [SKIP] len error : ['③', '中位', '50回〜400回', '39.0%']
2026-05-28 11:06:37,332 [SKIP] len error : ['④', 'やや低い', '10回〜50回', '17.6%']
2026-05-28 11:06:37,332 [SKIP] len error : ['⑤', '低い', '10回未満', '11.0%']
2026-05-28 11:06:37,332 3300件 / ?件中 20:06
2026-05-28 11:06:37,366 [TOTAL] None
2026-05-28 11:06:37,366 [COUNT] 3300
2026-05-28 11:06:38,077 [PAGE] 166
2026-05-28 11:06:38,373 [SKIP] len error : ['東P', '東証プライム']
2026-05-28 11:06:38,373 [SKIP] len error : ['東S', '東証スタンダード']
2026-05-28 11:06:38,373 [SKIP] len error : ['東G', '東証グロース']
2026-05-28 11:06:38,373 [SKIP] len error : ['東Ｅ', '東証ETF']
2026-05-28 11:06:38,373 [SKIP] len error : ['東EN', '東証ETN']
2026-05-28 11:06:38,373 [SKIP] len error : ['東Ｒ', '東証REIT']
2026-05-28 11:06:38,373 [SKIP] len error : ['東IF', '東証インフラファンド']
2026-05-28 11:06:38,373 [SKIP] len error : ['名Ｐ', '名証プレミア']
2026-05-28 11:06:38,373 [SKIP] len error : ['名M', '名証メイン']
2026-05-28 11:06:38,373 [SKIP] len error : ['名N', '名証ネクスト']
2026-05-28 11:06:38,374 [SKIP] len error : ['名Ｅ', '名証ETF']
2026-05-28 11:06:38,374 [SKIP] len error : ['札Ａ', '札証アンビシャス']
2026-05-28 11:06:38,374 [SKIP] len error : ['福Ｑ', '福証Q-Board']
2026-05-28 11:06:38,374 [SKIP] len error : ['①', '高い', '1,000回以上', '13.9%']
2026-05-28 11:06:38,374 [SKIP] len error : ['②', 'やや高い', '400回〜1,000回', '18.5%']
2026-05-28 11:06:38,374 [SKIP] len error : ['③', '中位', '50回〜400回', '39.0%']
2026-05-28 11:06:38,374 [SKIP] len error : ['④', 'やや低い', '10回〜50回', '17.6%']
2026-05-28 11:06:38,374 [SKIP] len error : ['⑤', '低い', '10回未満', '11.0%']
2026-05-28 11:06:38,374 3320件 / ?件中 20:06
2026-05-28 11:06:38,408 [TOTAL] None
2026-05-28 11:06:38,408 [COUNT] 3320
2026-05-28 11:06:39,237 [PAGE] 167
2026-05-28 11:06:39,511 [SKIP] len error : ['東P', '東証プライム']
2026-05-28 11:06:39,511 [SKIP] len error : ['東S', '東証スタンダード']
2026-05-28 11:06:39,511 [SKIP] len error : ['東G', '東証グロース']
2026-05-28 11:06:39,511 [SKIP] len error : ['東Ｅ', '東証ETF']
2026-05-28 11:06:39,511 [SKIP] len error : ['東EN', '東証ETN']
2026-05-28 11:06:39,511 [SKIP] len error : ['東Ｒ', '東証REIT']
2026-05-28 11:06:39,511 [SKIP] len error : ['東IF', '東証インフラファンド']
2026-05-28 11:06:39,511 [SKIP] len error : ['名Ｐ', '名証プレミア']
2026-05-28 11:06:39,511 [SKIP] len error : ['名M', '名証メイン']
2026-05-28 11:06:39,511 [SKIP] len error : ['名N', '名証ネクスト']
2026-05-28 11:06:39,511 [SKIP] len error : ['名Ｅ', '名証ETF']
2026-05-28 11:06:39,512 [SKIP] len error : ['札Ａ', '札証アンビシャス']
2026-05-28 11:06:39,512 [SKIP] len error : ['福Ｑ', '福証Q-Board']
2026-05-28 11:06:39,512 [SKIP] len error : ['①', '高い', '1,000回以上', '13.9%']
2026-05-28 11:06:39,512 [SKIP] len error : ['②', 'やや高い', '400回〜1,000回', '18.5%']
2026-05-28 11:06:39,512 [SKIP] len error : ['③', '中位', '50回〜400回', '39.0%']
2026-05-28 11:06:39,512 [SKIP] len error : ['④', 'やや低い', '10回〜50回', '17.6%']
2026-05-28 11:06:39,512 [SKIP] len error : ['⑤', '低い', '10回未満', '11.0%']
2026-05-28 11:06:39,512 3340件 / ?件中 20:06
2026-05-28 11:06:39,545 [TOTAL] None
2026-05-28 11:06:39,546 [COUNT] 3340
2026-05-28 11:06:40,126 [PAGE] 168
2026-05-28 11:06:40,447 [SKIP] len error : ['東P', '東証プライム']
2026-05-28 11:06:40,447 [SKIP] len error : ['東S', '東証スタンダード']
2026-05-28 11:06:40,447 [SKIP] len error : ['東G', '東証グロース']
2026-05-28 11:06:40,448 [SKIP] len error : ['東Ｅ', '東証ETF']
2026-05-28 11:06:40,448 [SKIP] len error : ['東EN', '東証ETN']
2026-05-28 11:06:40,448 [SKIP] len error : ['東Ｒ', '東証REIT']
2026-05-28 11:06:40,448 [SKIP] len error : ['東IF', '東証インフラファンド']
2026-05-28 11:06:40,448 [SKIP] len error : ['名Ｐ', '名証プレミア']
2026-05-28 11:06:40,448 [SKIP] len error : ['名M', '名証メイン']
2026-05-28 11:06:40,448 [SKIP] len error : ['名N', '名証ネクスト']
2026-05-28 11:06:40,448 [SKIP] len error : ['名Ｅ', '名証ETF']
2026-05-28 11:06:40,448 [SKIP] len error : ['札Ａ', '札証アンビシャス']
2026-05-28 11:06:40,448 [SKIP] len error : ['福Ｑ', '福証Q-Board']
2026-05-28 11:06:40,448 [SKIP] len error : ['①', '高い', '1,000回以上', '13.9%']
2026-05-28 11:06:40,448 [SKIP] len error : ['②', 'やや高い', '400回〜1,000回', '18.5%']
2026-05-28 11:06:40,448 [SKIP] len error : ['③', '中位', '50回〜400回', '39.0%']
2026-05-28 11:06:40,448 [SKIP] len error : ['④', 'やや低い', '10回〜50回', '17.6%']
2026-05-28 11:06:40,448 [SKIP] len error : ['⑤', '低い', '10回未満', '11.0%']
2026-05-28 11:06:40,448 3360件 / ?件中 20:06
2026-05-28 11:06:40,482 [TOTAL] None
2026-05-28 11:06:40,482 [COUNT] 3360
2026-05-28 11:06:41,287 [PAGE] 169
2026-05-28 11:06:41,570 [SKIP] len error : ['東P', '東証プライム']
2026-05-28 11:06:41,570 [SKIP] len error : ['東S', '東証スタンダード']
2026-05-28 11:06:41,570 [SKIP] len error : ['東G', '東証グロース']
2026-05-28 11:06:41,570 [SKIP] len error : ['東Ｅ', '東証ETF']
2026-05-28 11:06:41,570 [SKIP] len error : ['東EN', '東証ETN']
2026-05-28 11:06:41,570 [SKIP] len error : ['東Ｒ', '東証REIT']
2026-05-28 11:06:41,570 [SKIP] len error : ['東IF', '東証インフラファンド']
2026-05-28 11:06:41,570 [SKIP] len error : ['名Ｐ', '名証プレミア']
2026-05-28 11:06:41,570 [SKIP] len error : ['名M', '名証メイン']
2026-05-28 11:06:41,570 [SKIP] len error : ['名N', '名証ネクスト']
2026-05-28 11:06:41,570 [SKIP] len error : ['名Ｅ', '名証ETF']
2026-05-28 11:06:41,570 [SKIP] len error : ['札Ａ', '札証アンビシャス']
2026-05-28 11:06:41,571 [SKIP] len error : ['福Ｑ', '福証Q-Board']
2026-05-28 11:06:41,571 [SKIP] len error : ['①', '高い', '1,000回以上', '13.9%']
2026-05-28 11:06:41,571 [SKIP] len error : ['②', 'やや高い', '400回〜1,000回', '18.5%']
2026-05-28 11:06:41,571 [SKIP] len error : ['③', '中位', '50回〜400回', '39.0%']
2026-05-28 11:06:41,571 [SKIP] len error : ['④', 'やや低い', '10回〜50回', '17.6%']
2026-05-28 11:06:41,571 [SKIP] len error : ['⑤', '低い', '10回未満', '11.0%']
2026-05-28 11:06:41,571 3380件 / ?件中 20:06
2026-05-28 11:06:41,605 [TOTAL] None
2026-05-28 11:06:41,605 [COUNT] 3380
2026-05-28 11:06:42,433 [PAGE] 170
2026-05-28 11:06:42,718 [SKIP] len error : ['東P', '東証プライム']
2026-05-28 11:06:42,718 [SKIP] len error : ['東S', '東証スタンダード']
2026-05-28 11:06:42,718 [SKIP] len error : ['東G', '東証グロース']
2026-05-28 11:06:42,718 [SKIP] len error : ['東Ｅ', '東証ETF']
2026-05-28 11:06:42,718 [SKIP] len error : ['東EN', '東証ETN']
2026-05-28 11:06:42,718 [SKIP] len error : ['東Ｒ', '東証REIT']
2026-05-28 11:06:42,719 [SKIP] len error : ['東IF', '東証インフラファンド']
2026-05-28 11:06:42,719 [SKIP] len error : ['名Ｐ', '名証プレミア']
2026-05-28 11:06:42,719 [SKIP] len error : ['名M', '名証メイン']
2026-05-28 11:06:42,719 [SKIP] len error : ['名N', '名証ネクスト']
2026-05-28 11:06:42,719 [SKIP] len error : ['名Ｅ', '名証ETF']
2026-05-28 11:06:42,719 [SKIP] len error : ['札Ａ', '札証アンビシャス']
2026-05-28 11:06:42,719 [SKIP] len error : ['福Ｑ', '福証Q-Board']
2026-05-28 11:06:42,719 [SKIP] len error : ['①', '高い', '1,000回以上', '13.9%']
2026-05-28 11:06:42,719 [SKIP] len error : ['②', 'やや高い', '400回〜1,000回', '18.5%']
2026-05-28 11:06:42,719 [SKIP] len error : ['③', '中位', '50回〜400回', '39.0%']
2026-05-28 11:06:42,719 [SKIP] len error : ['④', 'やや低い', '10回〜50回', '17.6%']
2026-05-28 11:06:42,719 [SKIP] len error : ['⑤', '低い', '10回未満', '11.0%']
2026-05-28 11:06:42,719 3400件 / ?件中 20:06
2026-05-28 11:06:42,754 [TOTAL] None
2026-05-28 11:06:42,754 [COUNT] 3400
2026-05-28 11:06:44,185 [PAGE] 171
2026-05-28 11:06:44,458 [SKIP] len error : ['東P', '東証プライム']
2026-05-28 11:06:44,458 [SKIP] len error : ['東S', '東証スタンダード']
2026-05-28 11:06:44,458 [SKIP] len error : ['東G', '東証グロース']
2026-05-28 11:06:44,458 [SKIP] len error : ['東Ｅ', '東証ETF']
2026-05-28 11:06:44,458 [SKIP] len error : ['東EN', '東証ETN']
2026-05-28 11:06:44,458 [SKIP] len error : ['東Ｒ', '東証REIT']
2026-05-28 11:06:44,458 [SKIP] len error : ['東IF', '東証インフラファンド']
2026-05-28 11:06:44,458 [SKIP] len error : ['名Ｐ', '名証プレミア']
2026-05-28 11:06:44,458 [SKIP] len error : ['名M', '名証メイン']
2026-05-28 11:06:44,458 [SKIP] len error : ['名N', '名証ネクスト']
2026-05-28 11:06:44,458 [SKIP] len error : ['名Ｅ', '名証ETF']
2026-05-28 11:06:44,458 [SKIP] len error : ['札Ａ', '札証アンビシャス']
2026-05-28 11:06:44,458 [SKIP] len error : ['福Ｑ', '福証Q-Board']
2026-05-28 11:06:44,458 [SKIP] len error : ['①', '高い', '1,000回以上', '13.9%']
2026-05-28 11:06:44,458 [SKIP] len error : ['②', 'やや高い', '400回〜1,000回', '18.5%']
2026-05-28 11:06:44,458 [SKIP] len error : ['③', '中位', '50回〜400回', '39.0%']
2026-05-28 11:06:44,458 [SKIP] len error : ['④', 'やや低い', '10回〜50回', '17.6%']
2026-05-28 11:06:44,458 [SKIP] len error : ['⑤', '低い', '10回未満', '11.0%']
2026-05-28 11:06:44,459 3420件 / ?件中 20:06
2026-05-28 11:06:44,492 [TOTAL] None
2026-05-28 11:06:44,492 [COUNT] 3420
2026-05-28 11:06:45,162 [PAGE] 172
2026-05-28 11:06:45,436 [SKIP] len error : ['東P', '東証プライム']
2026-05-28 11:06:45,436 [SKIP] len error : ['東S', '東証スタンダード']
2026-05-28 11:06:45,436 [SKIP] len error : ['東G', '東証グロース']
2026-05-28 11:06:45,436 [SKIP] len error : ['東Ｅ', '東証ETF']
2026-05-28 11:06:45,436 [SKIP] len error : ['東EN', '東証ETN']
2026-05-28 11:06:45,436 [SKIP] len error : ['東Ｒ', '東証REIT']
2026-05-28 11:06:45,436 [SKIP] len error : ['東IF', '東証インフラファンド']
2026-05-28 11:06:45,436 [SKIP] len error : ['名Ｐ', '名証プレミア']
2026-05-28 11:06:45,436 [SKIP] len error : ['名M', '名証メイン']
2026-05-28 11:06:45,436 [SKIP] len error : ['名N', '名証ネクスト']
2026-05-28 11:06:45,436 [SKIP] len error : ['名Ｅ', '名証ETF']
2026-05-28 11:06:45,436 [SKIP] len error : ['札Ａ', '札証アンビシャス']
2026-05-28 11:06:45,436 [SKIP] len error : ['福Ｑ', '福証Q-Board']
2026-05-28 11:06:45,436 [SKIP] len error : ['①', '高い', '1,000回以上', '13.9%']
2026-05-28 11:06:45,436 [SKIP] len error : ['②', 'やや高い', '400回〜1,000回', '18.5%']
2026-05-28 11:06:45,436 [SKIP] len error : ['③', '中位', '50回〜400回', '39.0%']
2026-05-28 11:06:45,436 [SKIP] len error : ['④', 'やや低い', '10回〜50回', '17.6%']
2026-05-28 11:06:45,436 [SKIP] len error : ['⑤', '低い', '10回未満', '11.0%']
2026-05-28 11:06:45,437 3440件 / ?件中 20:06
2026-05-28 11:06:45,511 [TOTAL] None
2026-05-28 11:06:45,512 [COUNT] 3440
2026-05-28 11:06:46,181 [PAGE] 173
2026-05-28 11:06:46,466 [SKIP] len error : ['東P', '東証プライム']
2026-05-28 11:06:46,466 [SKIP] len error : ['東S', '東証スタンダード']
2026-05-28 11:06:46,466 [SKIP] len error : ['東G', '東証グロース']
2026-05-28 11:06:46,466 [SKIP] len error : ['東Ｅ', '東証ETF']
2026-05-28 11:06:46,466 [SKIP] len error : ['東EN', '東証ETN']
2026-05-28 11:06:46,466 [SKIP] len error : ['東Ｒ', '東証REIT']
2026-05-28 11:06:46,466 [SKIP] len error : ['東IF', '東証インフラファンド']
2026-05-28 11:06:46,466 [SKIP] len error : ['名Ｐ', '名証プレミア']
2026-05-28 11:06:46,466 [SKIP] len error : ['名M', '名証メイン']
2026-05-28 11:06:46,466 [SKIP] len error : ['名N', '名証ネクスト']
2026-05-28 11:06:46,466 [SKIP] len error : ['名Ｅ', '名証ETF']
2026-05-28 11:06:46,466 [SKIP] len error : ['札Ａ', '札証アンビシャス']
2026-05-28 11:06:46,466 [SKIP] len error : ['福Ｑ', '福証Q-Board']
2026-05-28 11:06:46,466 [SKIP] len error : ['①', '高い', '1,000回以上', '13.9%']
2026-05-28 11:06:46,466 [SKIP] len error : ['②', 'やや高い', '400回〜1,000回', '18.5%']
2026-05-28 11:06:46,466 [SKIP] len error : ['③', '中位', '50回〜400回', '39.0%']
2026-05-28 11:06:46,466 [SKIP] len error : ['④', 'やや低い', '10回〜50回', '17.6%']
2026-05-28 11:06:46,466 [SKIP] len error : ['⑤', '低い', '10回未満', '11.0%']
2026-05-28 11:06:46,466 3460件 / ?件中 20:06
2026-05-28 11:06:46,500 [TOTAL] None
2026-05-28 11:06:46,500 [COUNT] 3460
2026-05-28 11:06:47,252 [PAGE] 174
2026-05-28 11:06:47,528 [SKIP] len error : ['東P', '東証プライム']
2026-05-28 11:06:47,528 [SKIP] len error : ['東S', '東証スタンダード']
2026-05-28 11:06:47,528 [SKIP] len error : ['東G', '東証グロース']
2026-05-28 11:06:47,528 [SKIP] len error : ['東Ｅ', '東証ETF']
2026-05-28 11:06:47,528 [SKIP] len error : ['東EN', '東証ETN']
2026-05-28 11:06:47,528 [SKIP] len error : ['東Ｒ', '東証REIT']
2026-05-28 11:06:47,528 [SKIP] len error : ['東IF', '東証インフラファンド']
2026-05-28 11:06:47,528 [SKIP] len error : ['名Ｐ', '名証プレミア']
2026-05-28 11:06:47,528 [SKIP] len error : ['名M', '名証メイン']
2026-05-28 11:06:47,528 [SKIP] len error : ['名N', '名証ネクスト']
2026-05-28 11:06:47,528 [SKIP] len error : ['名Ｅ', '名証ETF']
2026-05-28 11:06:47,528 [SKIP] len error : ['札Ａ', '札証アンビシャス']
2026-05-28 11:06:47,528 [SKIP] len error : ['福Ｑ', '福証Q-Board']
2026-05-28 11:06:47,528 [SKIP] len error : ['①', '高い', '1,000回以上', '13.9%']
2026-05-28 11:06:47,528 [SKIP] len error : ['②', 'やや高い', '400回〜1,000回', '18.5%']
2026-05-28 11:06:47,528 [SKIP] len error : ['③', '中位', '50回〜400回', '39.0%']
2026-05-28 11:06:47,528 [SKIP] len error : ['④', 'やや低い', '10回〜50回', '17.6%']
2026-05-28 11:06:47,528 [SKIP] len error : ['⑤', '低い', '10回未満', '11.0%']
2026-05-28 11:06:47,528 3480件 / ?件中 20:06
2026-05-28 11:06:47,562 [TOTAL] None
2026-05-28 11:06:47,562 [COUNT] 3480
2026-05-28 11:06:48,939 [PAGE] 175
2026-05-28 11:06:49,231 [SKIP] len error : ['東P', '東証プライム']
2026-05-28 11:06:49,231 [SKIP] len error : ['東S', '東証スタンダード']
2026-05-28 11:06:49,231 [SKIP] len error : ['東G', '東証グロース']
2026-05-28 11:06:49,231 [SKIP] len error : ['東Ｅ', '東証ETF']
2026-05-28 11:06:49,231 [SKIP] len error : ['東EN', '東証ETN']
2026-05-28 11:06:49,231 [SKIP] len error : ['東Ｒ', '東証REIT']
2026-05-28 11:06:49,231 [SKIP] len error : ['東IF', '東証インフラファンド']
2026-05-28 11:06:49,231 [SKIP] len error : ['名Ｐ', '名証プレミア']
2026-05-28 11:06:49,231 [SKIP] len error : ['名M', '名証メイン']
2026-05-28 11:06:49,231 [SKIP] len error : ['名N', '名証ネクスト']
2026-05-28 11:06:49,231 [SKIP] len error : ['名Ｅ', '名証ETF']
2026-05-28 11:06:49,231 [SKIP] len error : ['札Ａ', '札証アンビシャス']
2026-05-28 11:06:49,231 [SKIP] len error : ['福Ｑ', '福証Q-Board']
2026-05-28 11:06:49,231 [SKIP] len error : ['①', '高い', '1,000回以上', '13.9%']
2026-05-28 11:06:49,231 [SKIP] len error : ['②', 'やや高い', '400回〜1,000回', '18.5%']
2026-05-28 11:06:49,231 [SKIP] len error : ['③', '中位', '50回〜400回', '39.0%']
2026-05-28 11:06:49,231 [SKIP] len error : ['④', 'やや低い', '10回〜50回', '17.6%']
2026-05-28 11:06:49,231 [SKIP] len error : ['⑤', '低い', '10回未満', '11.0%']
2026-05-28 11:06:49,231 3500件 / ?件中 20:06
2026-05-28 11:06:49,265 [TOTAL] None
2026-05-28 11:06:49,265 [COUNT] 3500
2026-05-28 11:06:50,606 [PAGE] 176
2026-05-28 11:06:50,873 [SKIP] len error : ['東P', '東証プライム']
2026-05-28 11:06:50,873 [SKIP] len error : ['東S', '東証スタンダード']
2026-05-28 11:06:50,874 [SKIP] len error : ['東G', '東証グロース']
2026-05-28 11:06:50,874 [SKIP] len error : ['東Ｅ', '東証ETF']
2026-05-28 11:06:50,874 [SKIP] len error : ['東EN', '東証ETN']
2026-05-28 11:06:50,874 [SKIP] len error : ['東Ｒ', '東証REIT']
2026-05-28 11:06:50,874 [SKIP] len error : ['東IF', '東証インフラファンド']
2026-05-28 11:06:50,874 [SKIP] len error : ['名Ｐ', '名証プレミア']
2026-05-28 11:06:50,874 [SKIP] len error : ['名M', '名証メイン']
2026-05-28 11:06:50,874 [SKIP] len error : ['名N', '名証ネクスト']
2026-05-28 11:06:50,874 [SKIP] len error : ['名Ｅ', '名証ETF']
2026-05-28 11:06:50,874 [SKIP] len error : ['札Ａ', '札証アンビシャス']
2026-05-28 11:06:50,874 [SKIP] len error : ['福Ｑ', '福証Q-Board']
2026-05-28 11:06:50,874 [SKIP] len error : ['①', '高い', '1,000回以上', '13.9%']
2026-05-28 11:06:50,874 [SKIP] len error : ['②', 'やや高い', '400回〜1,000回', '18.5%']
2026-05-28 11:06:50,874 [SKIP] len error : ['③', '中位', '50回〜400回', '39.0%']
2026-05-28 11:06:50,874 [SKIP] len error : ['④', 'やや低い', '10回〜50回', '17.6%']
2026-05-28 11:06:50,874 [SKIP] len error : ['⑤', '低い', '10回未満', '11.0%']
2026-05-28 11:06:50,874 3520件 / ?件中 20:06
2026-05-28 11:06:50,908 [TOTAL] None
2026-05-28 11:06:50,908 [COUNT] 3520
2026-05-28 11:06:51,617 [PAGE] 177
2026-05-28 11:06:51,935 [SKIP] len error : ['東P', '東証プライム']
2026-05-28 11:06:51,936 [SKIP] len error : ['東S', '東証スタンダード']
2026-05-28 11:06:51,936 [SKIP] len error : ['東G', '東証グロース']
2026-05-28 11:06:51,936 [SKIP] len error : ['東Ｅ', '東証ETF']
2026-05-28 11:06:51,936 [SKIP] len error : ['東EN', '東証ETN']
2026-05-28 11:06:51,936 [SKIP] len error : ['東Ｒ', '東証REIT']
2026-05-28 11:06:51,936 [SKIP] len error : ['東IF', '東証インフラファンド']
2026-05-28 11:06:51,936 [SKIP] len error : ['名Ｐ', '名証プレミア']
2026-05-28 11:06:51,936 [SKIP] len error : ['名M', '名証メイン']
2026-05-28 11:06:51,936 [SKIP] len error : ['名N', '名証ネクスト']
2026-05-28 11:06:51,936 [SKIP] len error : ['名Ｅ', '名証ETF']
2026-05-28 11:06:51,936 [SKIP] len error : ['札Ａ', '札証アンビシャス']
2026-05-28 11:06:51,936 [SKIP] len error : ['福Ｑ', '福証Q-Board']
2026-05-28 11:06:51,936 [SKIP] len error : ['①', '高い', '1,000回以上', '13.9%']
2026-05-28 11:06:51,936 [SKIP] len error : ['②', 'やや高い', '400回〜1,000回', '18.5%']
2026-05-28 11:06:51,936 [SKIP] len error : ['③', '中位', '50回〜400回', '39.0%']
2026-05-28 11:06:51,936 [SKIP] len error : ['④', 'やや低い', '10回〜50回', '17.6%']
2026-05-28 11:06:51,936 [SKIP] len error : ['⑤', '低い', '10回未満', '11.0%']
2026-05-28 11:06:51,936 3540件 / ?件中 20:06
2026-05-28 11:06:51,969 [TOTAL] None
2026-05-28 11:06:51,969 [COUNT] 3540
2026-05-28 11:06:53,081 [PAGE] 178
2026-05-28 11:06:53,345 [SKIP] len error : ['東P', '東証プライム']
2026-05-28 11:06:53,346 [SKIP] len error : ['東S', '東証スタンダード']
2026-05-28 11:06:53,346 [SKIP] len error : ['東G', '東証グロース']
2026-05-28 11:06:53,346 [SKIP] len error : ['東Ｅ', '東証ETF']
2026-05-28 11:06:53,346 [SKIP] len error : ['東EN', '東証ETN']
2026-05-28 11:06:53,346 [SKIP] len error : ['東Ｒ', '東証REIT']
2026-05-28 11:06:53,346 [SKIP] len error : ['東IF', '東証インフラファンド']
2026-05-28 11:06:53,346 [SKIP] len error : ['名Ｐ', '名証プレミア']
2026-05-28 11:06:53,346 [SKIP] len error : ['名M', '名証メイン']
2026-05-28 11:06:53,346 [SKIP] len error : ['名N', '名証ネクスト']
2026-05-28 11:06:53,346 [SKIP] len error : ['名Ｅ', '名証ETF']
2026-05-28 11:06:53,346 [SKIP] len error : ['札Ａ', '札証アンビシャス']
2026-05-28 11:06:53,346 [SKIP] len error : ['福Ｑ', '福証Q-Board']
2026-05-28 11:06:53,346 [SKIP] len error : ['①', '高い', '1,000回以上', '13.9%']
2026-05-28 11:06:53,346 [SKIP] len error : ['②', 'やや高い', '400回〜1,000回', '18.5%']
2026-05-28 11:06:53,346 [SKIP] len error : ['③', '中位', '50回〜400回', '39.0%']
2026-05-28 11:06:53,346 [SKIP] len error : ['④', 'やや低い', '10回〜50回', '17.6%']
2026-05-28 11:06:53,346 [SKIP] len error : ['⑤', '低い', '10回未満', '11.0%']
2026-05-28 11:06:53,346 3560件 / ?件中 20:06
2026-05-28 11:06:53,380 [TOTAL] None
2026-05-28 11:06:53,380 [COUNT] 3560
2026-05-28 11:06:54,392 [PAGE] 179
2026-05-28 11:06:54,669 [SKIP] len error : ['東P', '東証プライム']
2026-05-28 11:06:54,669 [SKIP] len error : ['東S', '東証スタンダード']
2026-05-28 11:06:54,669 [SKIP] len error : ['東G', '東証グロース']
2026-05-28 11:06:54,669 [SKIP] len error : ['東Ｅ', '東証ETF']
2026-05-28 11:06:54,669 [SKIP] len error : ['東EN', '東証ETN']
2026-05-28 11:06:54,669 [SKIP] len error : ['東Ｒ', '東証REIT']
2026-05-28 11:06:54,669 [SKIP] len error : ['東IF', '東証インフラファンド']
2026-05-28 11:06:54,669 [SKIP] len error : ['名Ｐ', '名証プレミア']
2026-05-28 11:06:54,669 [SKIP] len error : ['名M', '名証メイン']
2026-05-28 11:06:54,669 [SKIP] len error : ['名N', '名証ネクスト']
2026-05-28 11:06:54,669 [SKIP] len error : ['名Ｅ', '名証ETF']
2026-05-28 11:06:54,669 [SKIP] len error : ['札Ａ', '札証アンビシャス']
2026-05-28 11:06:54,669 [SKIP] len error : ['福Ｑ', '福証Q-Board']
2026-05-28 11:06:54,669 [SKIP] len error : ['①', '高い', '1,000回以上', '13.9%']
2026-05-28 11:06:54,669 [SKIP] len error : ['②', 'やや高い', '400回〜1,000回', '18.5%']
2026-05-28 11:06:54,669 [SKIP] len error : ['③', '中位', '50回〜400回', '39.0%']
2026-05-28 11:06:54,669 [SKIP] len error : ['④', 'やや低い', '10回〜50回', '17.6%']
2026-05-28 11:06:54,669 [SKIP] len error : ['⑤', '低い', '10回未満', '11.0%']
2026-05-28 11:06:54,669 3580件 / ?件中 20:06
2026-05-28 11:06:54,703 [TOTAL] None
2026-05-28 11:06:54,703 [COUNT] 3580
2026-05-28 11:06:55,484 [PAGE] 180
2026-05-28 11:06:55,777 [SKIP] len error : ['東P', '東証プライム']
2026-05-28 11:06:55,777 [SKIP] len error : ['東S', '東証スタンダード']
2026-05-28 11:06:55,777 [SKIP] len error : ['東G', '東証グロース']
2026-05-28 11:06:55,777 [SKIP] len error : ['東Ｅ', '東証ETF']
2026-05-28 11:06:55,777 [SKIP] len error : ['東EN', '東証ETN']
2026-05-28 11:06:55,777 [SKIP] len error : ['東Ｒ', '東証REIT']
2026-05-28 11:06:55,777 [SKIP] len error : ['東IF', '東証インフラファンド']
2026-05-28 11:06:55,777 [SKIP] len error : ['名Ｐ', '名証プレミア']
2026-05-28 11:06:55,777 [SKIP] len error : ['名M', '名証メイン']
2026-05-28 11:06:55,777 [SKIP] len error : ['名N', '名証ネクスト']
2026-05-28 11:06:55,777 [SKIP] len error : ['名Ｅ', '名証ETF']
2026-05-28 11:06:55,777 [SKIP] len error : ['札Ａ', '札証アンビシャス']
2026-05-28 11:06:55,777 [SKIP] len error : ['福Ｑ', '福証Q-Board']
2026-05-28 11:06:55,777 [SKIP] len error : ['①', '高い', '1,000回以上', '13.9%']
2026-05-28 11:06:55,777 [SKIP] len error : ['②', 'やや高い', '400回〜1,000回', '18.5%']
2026-05-28 11:06:55,777 [SKIP] len error : ['③', '中位', '50回〜400回', '39.0%']
2026-05-28 11:06:55,777 [SKIP] len error : ['④', 'やや低い', '10回〜50回', '17.6%']
2026-05-28 11:06:55,777 [SKIP] len error : ['⑤', '低い', '10回未満', '11.0%']
2026-05-28 11:06:55,777 3600件 / ?件中 20:06
2026-05-28 11:06:55,811 [TOTAL] None
2026-05-28 11:06:55,811 [COUNT] 3600
2026-05-28 11:06:57,215 [PAGE] 181
2026-05-28 11:06:57,501 [SKIP] len error : ['東P', '東証プライム']
2026-05-28 11:06:57,501 [SKIP] len error : ['東S', '東証スタンダード']
2026-05-28 11:06:57,501 [SKIP] len error : ['東G', '東証グロース']
2026-05-28 11:06:57,501 [SKIP] len error : ['東Ｅ', '東証ETF']
2026-05-28 11:06:57,501 [SKIP] len error : ['東EN', '東証ETN']
2026-05-28 11:06:57,501 [SKIP] len error : ['東Ｒ', '東証REIT']
2026-05-28 11:06:57,501 [SKIP] len error : ['東IF', '東証インフラファンド']
2026-05-28 11:06:57,501 [SKIP] len error : ['名Ｐ', '名証プレミア']
2026-05-28 11:06:57,501 [SKIP] len error : ['名M', '名証メイン']
2026-05-28 11:06:57,501 [SKIP] len error : ['名N', '名証ネクスト']
2026-05-28 11:06:57,501 [SKIP] len error : ['名Ｅ', '名証ETF']
2026-05-28 11:06:57,501 [SKIP] len error : ['札Ａ', '札証アンビシャス']
2026-05-28 11:06:57,501 [SKIP] len error : ['福Ｑ', '福証Q-Board']
2026-05-28 11:06:57,501 [SKIP] len error : ['①', '高い', '1,000回以上', '13.9%']
2026-05-28 11:06:57,501 [SKIP] len error : ['②', 'やや高い', '400回〜1,000回', '18.5%']
2026-05-28 11:06:57,501 [SKIP] len error : ['③', '中位', '50回〜400回', '39.0%']
2026-05-28 11:06:57,501 [SKIP] len error : ['④', 'やや低い', '10回〜50回', '17.6%']
2026-05-28 11:06:57,501 [SKIP] len error : ['⑤', '低い', '10回未満', '11.0%']
2026-05-28 11:06:57,502 3620件 / ?件中 20:06
2026-05-28 11:06:57,535 [TOTAL] None
2026-05-28 11:06:57,535 [COUNT] 3620
2026-05-28 11:06:58,274 [PAGE] 182
2026-05-28 11:06:58,609 [SKIP] len error : ['東P', '東証プライム']
2026-05-28 11:06:58,609 [SKIP] len error : ['東S', '東証スタンダード']
2026-05-28 11:06:58,609 [SKIP] len error : ['東G', '東証グロース']
2026-05-28 11:06:58,609 [SKIP] len error : ['東Ｅ', '東証ETF']
2026-05-28 11:06:58,609 [SKIP] len error : ['東EN', '東証ETN']
2026-05-28 11:06:58,609 [SKIP] len error : ['東Ｒ', '東証REIT']
2026-05-28 11:06:58,609 [SKIP] len error : ['東IF', '東証インフラファンド']
2026-05-28 11:06:58,609 [SKIP] len error : ['名Ｐ', '名証プレミア']
2026-05-28 11:06:58,609 [SKIP] len error : ['名M', '名証メイン']
2026-05-28 11:06:58,609 [SKIP] len error : ['名N', '名証ネクスト']
2026-05-28 11:06:58,609 [SKIP] len error : ['名Ｅ', '名証ETF']
2026-05-28 11:06:58,609 [SKIP] len error : ['札Ａ', '札証アンビシャス']
2026-05-28 11:06:58,609 [SKIP] len error : ['福Ｑ', '福証Q-Board']
2026-05-28 11:06:58,610 [SKIP] len error : ['①', '高い', '1,000回以上', '13.9%']
2026-05-28 11:06:58,610 [SKIP] len error : ['②', 'やや高い', '400回〜1,000回', '18.5%']
2026-05-28 11:06:58,610 [SKIP] len error : ['③', '中位', '50回〜400回', '39.0%']
2026-05-28 11:06:58,610 [SKIP] len error : ['④', 'やや低い', '10回〜50回', '17.6%']
2026-05-28 11:06:58,610 [SKIP] len error : ['⑤', '低い', '10回未満', '11.0%']
2026-05-28 11:06:58,610 3640件 / ?件中 20:06
2026-05-28 11:06:58,643 [TOTAL] None
2026-05-28 11:06:58,644 [COUNT] 3640
2026-05-28 11:06:59,429 [PAGE] 183
2026-05-28 11:06:59,707 [SKIP] len error : ['東P', '東証プライム']
2026-05-28 11:06:59,707 [SKIP] len error : ['東S', '東証スタンダード']
2026-05-28 11:06:59,707 [SKIP] len error : ['東G', '東証グロース']
2026-05-28 11:06:59,707 [SKIP] len error : ['東Ｅ', '東証ETF']
2026-05-28 11:06:59,707 [SKIP] len error : ['東EN', '東証ETN']
2026-05-28 11:06:59,707 [SKIP] len error : ['東Ｒ', '東証REIT']
2026-05-28 11:06:59,707 [SKIP] len error : ['東IF', '東証インフラファンド']
2026-05-28 11:06:59,707 [SKIP] len error : ['名Ｐ', '名証プレミア']
2026-05-28 11:06:59,707 [SKIP] len error : ['名M', '名証メイン']
2026-05-28 11:06:59,707 [SKIP] len error : ['名N', '名証ネクスト']
2026-05-28 11:06:59,707 [SKIP] len error : ['名Ｅ', '名証ETF']
2026-05-28 11:06:59,707 [SKIP] len error : ['札Ａ', '札証アンビシャス']
2026-05-28 11:06:59,707 [SKIP] len error : ['福Ｑ', '福証Q-Board']
2026-05-28 11:06:59,707 [SKIP] len error : ['①', '高い', '1,000回以上', '13.9%']
2026-05-28 11:06:59,707 [SKIP] len error : ['②', 'やや高い', '400回〜1,000回', '18.5%']
2026-05-28 11:06:59,707 [SKIP] len error : ['③', '中位', '50回〜400回', '39.0%']
2026-05-28 11:06:59,707 [SKIP] len error : ['④', 'やや低い', '10回〜50回', '17.6%']
2026-05-28 11:06:59,707 [SKIP] len error : ['⑤', '低い', '10回未満', '11.0%']
2026-05-28 11:06:59,708 3660件 / ?件中 20:06
2026-05-28 11:06:59,743 [TOTAL] None
2026-05-28 11:06:59,743 [COUNT] 3660
2026-05-28 11:07:00,811 [PAGE] 184
2026-05-28 11:07:01,076 [SKIP] len error : ['東P', '東証プライム']
2026-05-28 11:07:01,076 [SKIP] len error : ['東S', '東証スタンダード']
2026-05-28 11:07:01,076 [SKIP] len error : ['東G', '東証グロース']
2026-05-28 11:07:01,076 [SKIP] len error : ['東Ｅ', '東証ETF']
2026-05-28 11:07:01,076 [SKIP] len error : ['東EN', '東証ETN']
2026-05-28 11:07:01,076 [SKIP] len error : ['東Ｒ', '東証REIT']
2026-05-28 11:07:01,076 [SKIP] len error : ['東IF', '東証インフラファンド']
2026-05-28 11:07:01,076 [SKIP] len error : ['名Ｐ', '名証プレミア']
2026-05-28 11:07:01,076 [SKIP] len error : ['名M', '名証メイン']
2026-05-28 11:07:01,076 [SKIP] len error : ['名N', '名証ネクスト']
2026-05-28 11:07:01,076 [SKIP] len error : ['名Ｅ', '名証ETF']
2026-05-28 11:07:01,076 [SKIP] len error : ['札Ａ', '札証アンビシャス']
2026-05-28 11:07:01,076 [SKIP] len error : ['福Ｑ', '福証Q-Board']
2026-05-28 11:07:01,076 [SKIP] len error : ['①', '高い', '1,000回以上', '13.9%']
2026-05-28 11:07:01,076 [SKIP] len error : ['②', 'やや高い', '400回〜1,000回', '18.5%']
2026-05-28 11:07:01,076 [SKIP] len error : ['③', '中位', '50回〜400回', '39.0%']
2026-05-28 11:07:01,076 [SKIP] len error : ['④', 'やや低い', '10回〜50回', '17.6%']
2026-05-28 11:07:01,076 [SKIP] len error : ['⑤', '低い', '10回未満', '11.0%']
2026-05-28 11:07:01,076 3680件 / ?件中 20:07
2026-05-28 11:07:01,111 [TOTAL] None
2026-05-28 11:07:01,111 [COUNT] 3680
2026-05-28 11:07:02,078 [PAGE] 185
2026-05-28 11:07:02,361 [SKIP] len error : ['東P', '東証プライム']
2026-05-28 11:07:02,361 [SKIP] len error : ['東S', '東証スタンダード']
2026-05-28 11:07:02,362 [SKIP] len error : ['東G', '東証グロース']
2026-05-28 11:07:02,362 [SKIP] len error : ['東Ｅ', '東証ETF']
2026-05-28 11:07:02,362 [SKIP] len error : ['東EN', '東証ETN']
2026-05-28 11:07:02,362 [SKIP] len error : ['東Ｒ', '東証REIT']
2026-05-28 11:07:02,362 [SKIP] len error : ['東IF', '東証インフラファンド']
2026-05-28 11:07:02,362 [SKIP] len error : ['名Ｐ', '名証プレミア']
2026-05-28 11:07:02,362 [SKIP] len error : ['名M', '名証メイン']
2026-05-28 11:07:02,362 [SKIP] len error : ['名N', '名証ネクスト']
2026-05-28 11:07:02,362 [SKIP] len error : ['名Ｅ', '名証ETF']
2026-05-28 11:07:02,362 [SKIP] len error : ['札Ａ', '札証アンビシャス']
2026-05-28 11:07:02,362 [SKIP] len error : ['福Ｑ', '福証Q-Board']
2026-05-28 11:07:02,362 [SKIP] len error : ['①', '高い', '1,000回以上', '13.9%']
2026-05-28 11:07:02,362 [SKIP] len error : ['②', 'やや高い', '400回〜1,000回', '18.5%']
2026-05-28 11:07:02,362 [SKIP] len error : ['③', '中位', '50回〜400回', '39.0%']
2026-05-28 11:07:02,362 [SKIP] len error : ['④', 'やや低い', '10回〜50回', '17.6%']
2026-05-28 11:07:02,362 [SKIP] len error : ['⑤', '低い', '10回未満', '11.0%']
2026-05-28 11:07:02,362 3700件 / ?件中 20:07
2026-05-28 11:07:02,396 [TOTAL] None
2026-05-28 11:07:02,396 [COUNT] 3700
2026-05-28 11:07:02,901 [PAGE] 186
2026-05-28 11:07:03,194 [SKIP] len error : ['東P', '東証プライム']
2026-05-28 11:07:03,194 [SKIP] len error : ['東S', '東証スタンダード']
2026-05-28 11:07:03,194 [SKIP] len error : ['東G', '東証グロース']
2026-05-28 11:07:03,194 [SKIP] len error : ['東Ｅ', '東証ETF']
2026-05-28 11:07:03,194 [SKIP] len error : ['東EN', '東証ETN']
2026-05-28 11:07:03,194 [SKIP] len error : ['東Ｒ', '東証REIT']
2026-05-28 11:07:03,194 [SKIP] len error : ['東IF', '東証インフラファンド']
2026-05-28 11:07:03,194 [SKIP] len error : ['名Ｐ', '名証プレミア']
2026-05-28 11:07:03,194 [SKIP] len error : ['名M', '名証メイン']
2026-05-28 11:07:03,194 [SKIP] len error : ['名N', '名証ネクスト']
2026-05-28 11:07:03,194 [SKIP] len error : ['名Ｅ', '名証ETF']
2026-05-28 11:07:03,194 [SKIP] len error : ['札Ａ', '札証アンビシャス']
2026-05-28 11:07:03,194 [SKIP] len error : ['福Ｑ', '福証Q-Board']
2026-05-28 11:07:03,194 [SKIP] len error : ['①', '高い', '1,000回以上', '13.9%']
2026-05-28 11:07:03,194 [SKIP] len error : ['②', 'やや高い', '400回〜1,000回', '18.5%']
2026-05-28 11:07:03,194 [SKIP] len error : ['③', '中位', '50回〜400回', '39.0%']
2026-05-28 11:07:03,194 [SKIP] len error : ['④', 'やや低い', '10回〜50回', '17.6%']
2026-05-28 11:07:03,194 [SKIP] len error : ['⑤', '低い', '10回未満', '11.0%']
2026-05-28 11:07:03,195 3720件 / ?件中 20:07
2026-05-28 11:07:03,274 [TOTAL] None
2026-05-28 11:07:03,274 [COUNT] 3720
2026-05-28 11:07:04,521 [PAGE] 187
2026-05-28 11:07:04,807 [SKIP] len error : ['東P', '東証プライム']
2026-05-28 11:07:04,807 [SKIP] len error : ['東S', '東証スタンダード']
2026-05-28 11:07:04,807 [SKIP] len error : ['東G', '東証グロース']
2026-05-28 11:07:04,807 [SKIP] len error : ['東Ｅ', '東証ETF']
2026-05-28 11:07:04,807 [SKIP] len error : ['東EN', '東証ETN']
2026-05-28 11:07:04,807 [SKIP] len error : ['東Ｒ', '東証REIT']
2026-05-28 11:07:04,807 [SKIP] len error : ['東IF', '東証インフラファンド']
2026-05-28 11:07:04,807 [SKIP] len error : ['名Ｐ', '名証プレミア']
2026-05-28 11:07:04,807 [SKIP] len error : ['名M', '名証メイン']
2026-05-28 11:07:04,807 [SKIP] len error : ['名N', '名証ネクスト']
2026-05-28 11:07:04,807 [SKIP] len error : ['名Ｅ', '名証ETF']
2026-05-28 11:07:04,807 [SKIP] len error : ['札Ａ', '札証アンビシャス']
2026-05-28 11:07:04,807 [SKIP] len error : ['福Ｑ', '福証Q-Board']
2026-05-28 11:07:04,807 [SKIP] len error : ['①', '高い', '1,000回以上', '13.9%']
2026-05-28 11:07:04,807 [SKIP] len error : ['②', 'やや高い', '400回〜1,000回', '18.5%']
2026-05-28 11:07:04,807 [SKIP] len error : ['③', '中位', '50回〜400回', '39.0%']
2026-05-28 11:07:04,807 [SKIP] len error : ['④', 'やや低い', '10回〜50回', '17.6%']
2026-05-28 11:07:04,807 [SKIP] len error : ['⑤', '低い', '10回未満', '11.0%']
2026-05-28 11:07:04,807 3740件 / ?件中 20:07
2026-05-28 11:07:04,842 [TOTAL] None
2026-05-28 11:07:04,842 [COUNT] 3740
2026-05-28 11:07:05,863 [PAGE] 188
2026-05-28 11:07:06,155 [SKIP] len error : ['東P', '東証プライム']
2026-05-28 11:07:06,155 [SKIP] len error : ['東S', '東証スタンダード']
2026-05-28 11:07:06,155 [SKIP] len error : ['東G', '東証グロース']
2026-05-28 11:07:06,155 [SKIP] len error : ['東Ｅ', '東証ETF']
2026-05-28 11:07:06,155 [SKIP] len error : ['東EN', '東証ETN']
2026-05-28 11:07:06,155 [SKIP] len error : ['東Ｒ', '東証REIT']
2026-05-28 11:07:06,155 [SKIP] len error : ['東IF', '東証インフラファンド']
2026-05-28 11:07:06,155 [SKIP] len error : ['名Ｐ', '名証プレミア']
2026-05-28 11:07:06,155 [SKIP] len error : ['名M', '名証メイン']
2026-05-28 11:07:06,155 [SKIP] len error : ['名N', '名証ネクスト']
2026-05-28 11:07:06,155 [SKIP] len error : ['名Ｅ', '名証ETF']
2026-05-28 11:07:06,155 [SKIP] len error : ['札Ａ', '札証アンビシャス']
2026-05-28 11:07:06,155 [SKIP] len error : ['福Ｑ', '福証Q-Board']
2026-05-28 11:07:06,155 [SKIP] len error : ['①', '高い', '1,000回以上', '13.9%']
2026-05-28 11:07:06,155 [SKIP] len error : ['②', 'やや高い', '400回〜1,000回', '18.5%']
2026-05-28 11:07:06,155 [SKIP] len error : ['③', '中位', '50回〜400回', '39.0%']
2026-05-28 11:07:06,155 [SKIP] len error : ['④', 'やや低い', '10回〜50回', '17.6%']
2026-05-28 11:07:06,155 [SKIP] len error : ['⑤', '低い', '10回未満', '11.0%']
2026-05-28 11:07:06,156 3760件 / ?件中 20:07
2026-05-28 11:07:06,190 [TOTAL] None
2026-05-28 11:07:06,190 [COUNT] 3760
2026-05-28 11:07:06,916 [PAGE] 189
2026-05-28 11:07:07,194 [SKIP] len error : ['東P', '東証プライム']
2026-05-28 11:07:07,194 [SKIP] len error : ['東S', '東証スタンダード']
2026-05-28 11:07:07,194 [SKIP] len error : ['東G', '東証グロース']
2026-05-28 11:07:07,194 [SKIP] len error : ['東Ｅ', '東証ETF']
2026-05-28 11:07:07,194 [SKIP] len error : ['東EN', '東証ETN']
2026-05-28 11:07:07,194 [SKIP] len error : ['東Ｒ', '東証REIT']
2026-05-28 11:07:07,194 [SKIP] len error : ['東IF', '東証インフラファンド']
2026-05-28 11:07:07,194 [SKIP] len error : ['名Ｐ', '名証プレミア']
2026-05-28 11:07:07,194 [SKIP] len error : ['名M', '名証メイン']
2026-05-28 11:07:07,194 [SKIP] len error : ['名N', '名証ネクスト']
2026-05-28 11:07:07,194 [SKIP] len error : ['名Ｅ', '名証ETF']
2026-05-28 11:07:07,194 [SKIP] len error : ['札Ａ', '札証アンビシャス']
2026-05-28 11:07:07,194 [SKIP] len error : ['福Ｑ', '福証Q-Board']
2026-05-28 11:07:07,194 [SKIP] len error : ['①', '高い', '1,000回以上', '13.9%']
2026-05-28 11:07:07,194 [SKIP] len error : ['②', 'やや高い', '400回〜1,000回', '18.5%']
2026-05-28 11:07:07,194 [SKIP] len error : ['③', '中位', '50回〜400回', '39.0%']
2026-05-28 11:07:07,194 [SKIP] len error : ['④', 'やや低い', '10回〜50回', '17.6%']
2026-05-28 11:07:07,194 [SKIP] len error : ['⑤', '低い', '10回未満', '11.0%']
2026-05-28 11:07:07,195 3780件 / ?件中 20:07
2026-05-28 11:07:07,229 [TOTAL] None
2026-05-28 11:07:07,229 [COUNT] 3780
2026-05-28 11:07:08,385 [PAGE] 190
2026-05-28 11:07:08,676 [SKIP] len error : ['東P', '東証プライム']
2026-05-28 11:07:08,676 [SKIP] len error : ['東S', '東証スタンダード']
2026-05-28 11:07:08,677 [SKIP] len error : ['東G', '東証グロース']
2026-05-28 11:07:08,677 [SKIP] len error : ['東Ｅ', '東証ETF']
2026-05-28 11:07:08,677 [SKIP] len error : ['東EN', '東証ETN']
2026-05-28 11:07:08,677 [SKIP] len error : ['東Ｒ', '東証REIT']
2026-05-28 11:07:08,677 [SKIP] len error : ['東IF', '東証インフラファンド']
2026-05-28 11:07:08,677 [SKIP] len error : ['名Ｐ', '名証プレミア']
2026-05-28 11:07:08,677 [SKIP] len error : ['名M', '名証メイン']
2026-05-28 11:07:08,677 [SKIP] len error : ['名N', '名証ネクスト']
2026-05-28 11:07:08,677 [SKIP] len error : ['名Ｅ', '名証ETF']
2026-05-28 11:07:08,677 [SKIP] len error : ['札Ａ', '札証アンビシャス']
2026-05-28 11:07:08,677 [SKIP] len error : ['福Ｑ', '福証Q-Board']
2026-05-28 11:07:08,677 [SKIP] len error : ['①', '高い', '1,000回以上', '13.9%']
2026-05-28 11:07:08,677 [SKIP] len error : ['②', 'やや高い', '400回〜1,000回', '18.5%']
2026-05-28 11:07:08,677 [SKIP] len error : ['③', '中位', '50回〜400回', '39.0%']
2026-05-28 11:07:08,677 [SKIP] len error : ['④', 'やや低い', '10回〜50回', '17.6%']
2026-05-28 11:07:08,677 [SKIP] len error : ['⑤', '低い', '10回未満', '11.0%']
2026-05-28 11:07:08,677 3800件 / ?件中 20:07
2026-05-28 11:07:08,711 [TOTAL] None
2026-05-28 11:07:08,711 [COUNT] 3800
2026-05-28 11:07:09,415 [PAGE] 191
2026-05-28 11:07:09,701 [SKIP] len error : ['東P', '東証プライム']
2026-05-28 11:07:09,701 [SKIP] len error : ['東S', '東証スタンダード']
2026-05-28 11:07:09,701 [SKIP] len error : ['東G', '東証グロース']
2026-05-28 11:07:09,701 [SKIP] len error : ['東Ｅ', '東証ETF']
2026-05-28 11:07:09,701 [SKIP] len error : ['東EN', '東証ETN']
2026-05-28 11:07:09,701 [SKIP] len error : ['東Ｒ', '東証REIT']
2026-05-28 11:07:09,701 [SKIP] len error : ['東IF', '東証インフラファンド']
2026-05-28 11:07:09,701 [SKIP] len error : ['名Ｐ', '名証プレミア']
2026-05-28 11:07:09,701 [SKIP] len error : ['名M', '名証メイン']
2026-05-28 11:07:09,701 [SKIP] len error : ['名N', '名証ネクスト']
2026-05-28 11:07:09,701 [SKIP] len error : ['名Ｅ', '名証ETF']
2026-05-28 11:07:09,701 [SKIP] len error : ['札Ａ', '札証アンビシャス']
2026-05-28 11:07:09,701 [SKIP] len error : ['福Ｑ', '福証Q-Board']
2026-05-28 11:07:09,701 [SKIP] len error : ['①', '高い', '1,000回以上', '13.9%']
2026-05-28 11:07:09,701 [SKIP] len error : ['②', 'やや高い', '400回〜1,000回', '18.5%']
2026-05-28 11:07:09,701 [SKIP] len error : ['③', '中位', '50回〜400回', '39.0%']
2026-05-28 11:07:09,701 [SKIP] len error : ['④', 'やや低い', '10回〜50回', '17.6%']
2026-05-28 11:07:09,701 [SKIP] len error : ['⑤', '低い', '10回未満', '11.0%']
2026-05-28 11:07:09,701 3820件 / ?件中 20:07
2026-05-28 11:07:09,781 [TOTAL] None
2026-05-28 11:07:09,782 [COUNT] 3820
2026-05-28 11:07:10,381 [PAGE] 192
2026-05-28 11:07:10,654 [SKIP] len error : ['東P', '東証プライム']
2026-05-28 11:07:10,654 [SKIP] len error : ['東S', '東証スタンダード']
2026-05-28 11:07:10,654 [SKIP] len error : ['東G', '東証グロース']
2026-05-28 11:07:10,654 [SKIP] len error : ['東Ｅ', '東証ETF']
2026-05-28 11:07:10,654 [SKIP] len error : ['東EN', '東証ETN']
2026-05-28 11:07:10,654 [SKIP] len error : ['東Ｒ', '東証REIT']
2026-05-28 11:07:10,654 [SKIP] len error : ['東IF', '東証インフラファンド']
2026-05-28 11:07:10,655 [SKIP] len error : ['名Ｐ', '名証プレミア']
2026-05-28 11:07:10,655 [SKIP] len error : ['名M', '名証メイン']
2026-05-28 11:07:10,655 [SKIP] len error : ['名N', '名証ネクスト']
2026-05-28 11:07:10,655 [SKIP] len error : ['名Ｅ', '名証ETF']
2026-05-28 11:07:10,655 [SKIP] len error : ['札Ａ', '札証アンビシャス']
2026-05-28 11:07:10,655 [SKIP] len error : ['福Ｑ', '福証Q-Board']
2026-05-28 11:07:10,655 [SKIP] len error : ['①', '高い', '1,000回以上', '13.9%']
2026-05-28 11:07:10,655 [SKIP] len error : ['②', 'やや高い', '400回〜1,000回', '18.5%']
2026-05-28 11:07:10,655 [SKIP] len error : ['③', '中位', '50回〜400回', '39.0%']
2026-05-28 11:07:10,655 [SKIP] len error : ['④', 'やや低い', '10回〜50回', '17.6%']
2026-05-28 11:07:10,655 [SKIP] len error : ['⑤', '低い', '10回未満', '11.0%']
2026-05-28 11:07:10,655 3840件 / ?件中 20:07
2026-05-28 11:07:10,690 [TOTAL] None
2026-05-28 11:07:10,690 [COUNT] 3840
2026-05-28 11:07:11,305 [PAGE] 193
2026-05-28 11:07:11,583 [SKIP] len error : ['東P', '東証プライム']
2026-05-28 11:07:11,583 [SKIP] len error : ['東S', '東証スタンダード']
2026-05-28 11:07:11,583 [SKIP] len error : ['東G', '東証グロース']
2026-05-28 11:07:11,583 [SKIP] len error : ['東Ｅ', '東証ETF']
2026-05-28 11:07:11,583 [SKIP] len error : ['東EN', '東証ETN']
2026-05-28 11:07:11,583 [SKIP] len error : ['東Ｒ', '東証REIT']
2026-05-28 11:07:11,583 [SKIP] len error : ['東IF', '東証インフラファンド']
2026-05-28 11:07:11,583 [SKIP] len error : ['名Ｐ', '名証プレミア']
2026-05-28 11:07:11,583 [SKIP] len error : ['名M', '名証メイン']
2026-05-28 11:07:11,583 [SKIP] len error : ['名N', '名証ネクスト']
2026-05-28 11:07:11,583 [SKIP] len error : ['名Ｅ', '名証ETF']
2026-05-28 11:07:11,583 [SKIP] len error : ['札Ａ', '札証アンビシャス']
2026-05-28 11:07:11,583 [SKIP] len error : ['福Ｑ', '福証Q-Board']
2026-05-28 11:07:11,583 [SKIP] len error : ['①', '高い', '1,000回以上', '13.9%']
2026-05-28 11:07:11,583 [SKIP] len error : ['②', 'やや高い', '400回〜1,000回', '18.5%']
2026-05-28 11:07:11,583 [SKIP] len error : ['③', '中位', '50回〜400回', '39.0%']
2026-05-28 11:07:11,583 [SKIP] len error : ['④', 'やや低い', '10回〜50回', '17.6%']
2026-05-28 11:07:11,583 [SKIP] len error : ['⑤', '低い', '10回未満', '11.0%']
2026-05-28 11:07:11,584 3860件 / ?件中 20:07
2026-05-28 11:07:11,618 [TOTAL] None
2026-05-28 11:07:11,618 [COUNT] 3860
2026-05-28 11:07:12,890 [PAGE] 194
2026-05-28 11:07:13,173 [SKIP] len error : ['東P', '東証プライム']
2026-05-28 11:07:13,174 [SKIP] len error : ['東S', '東証スタンダード']
2026-05-28 11:07:13,174 [SKIP] len error : ['東G', '東証グロース']
2026-05-28 11:07:13,174 [SKIP] len error : ['東Ｅ', '東証ETF']
2026-05-28 11:07:13,174 [SKIP] len error : ['東EN', '東証ETN']
2026-05-28 11:07:13,174 [SKIP] len error : ['東Ｒ', '東証REIT']
2026-05-28 11:07:13,174 [SKIP] len error : ['東IF', '東証インフラファンド']
2026-05-28 11:07:13,174 [SKIP] len error : ['名Ｐ', '名証プレミア']
2026-05-28 11:07:13,174 [SKIP] len error : ['名M', '名証メイン']
2026-05-28 11:07:13,174 [SKIP] len error : ['名N', '名証ネクスト']
2026-05-28 11:07:13,174 [SKIP] len error : ['名Ｅ', '名証ETF']
2026-05-28 11:07:13,174 [SKIP] len error : ['札Ａ', '札証アンビシャス']
2026-05-28 11:07:13,174 [SKIP] len error : ['福Ｑ', '福証Q-Board']
2026-05-28 11:07:13,174 [SKIP] len error : ['①', '高い', '1,000回以上', '13.9%']
2026-05-28 11:07:13,174 [SKIP] len error : ['②', 'やや高い', '400回〜1,000回', '18.5%']
2026-05-28 11:07:13,174 [SKIP] len error : ['③', '中位', '50回〜400回', '39.0%']
2026-05-28 11:07:13,174 [SKIP] len error : ['④', 'やや低い', '10回〜50回', '17.6%']
2026-05-28 11:07:13,174 [SKIP] len error : ['⑤', '低い', '10回未満', '11.0%']
2026-05-28 11:07:13,174 3880件 / ?件中 20:07
2026-05-28 11:07:13,208 [TOTAL] None
2026-05-28 11:07:13,208 [COUNT] 3880
2026-05-28 11:07:14,529 [PAGE] 195
2026-05-28 11:07:14,795 [SKIP] len error : ['東P', '東証プライム']
2026-05-28 11:07:14,795 [SKIP] len error : ['東S', '東証スタンダード']
2026-05-28 11:07:14,795 [SKIP] len error : ['東G', '東証グロース']
2026-05-28 11:07:14,795 [SKIP] len error : ['東Ｅ', '東証ETF']
2026-05-28 11:07:14,795 [SKIP] len error : ['東EN', '東証ETN']
2026-05-28 11:07:14,795 [SKIP] len error : ['東Ｒ', '東証REIT']
2026-05-28 11:07:14,795 [SKIP] len error : ['東IF', '東証インフラファンド']
2026-05-28 11:07:14,795 [SKIP] len error : ['名Ｐ', '名証プレミア']
2026-05-28 11:07:14,795 [SKIP] len error : ['名M', '名証メイン']
2026-05-28 11:07:14,795 [SKIP] len error : ['名N', '名証ネクスト']
2026-05-28 11:07:14,795 [SKIP] len error : ['名Ｅ', '名証ETF']
2026-05-28 11:07:14,795 [SKIP] len error : ['札Ａ', '札証アンビシャス']
2026-05-28 11:07:14,795 [SKIP] len error : ['福Ｑ', '福証Q-Board']
2026-05-28 11:07:14,795 [SKIP] len error : ['①', '高い', '1,000回以上', '13.9%']
2026-05-28 11:07:14,795 [SKIP] len error : ['②', 'やや高い', '400回〜1,000回', '18.5%']
2026-05-28 11:07:14,795 [SKIP] len error : ['③', '中位', '50回〜400回', '39.0%']
2026-05-28 11:07:14,795 [SKIP] len error : ['④', 'やや低い', '10回〜50回', '17.6%']
2026-05-28 11:07:14,795 [SKIP] len error : ['⑤', '低い', '10回未満', '11.0%']
2026-05-28 11:07:14,796 3900件 / ?件中 20:07
2026-05-28 11:07:14,830 [TOTAL] None
2026-05-28 11:07:14,830 [COUNT] 3900
2026-05-28 11:07:15,465 [PAGE] 196
2026-05-28 11:07:15,794 [SKIP] len error : ['東P', '東証プライム']
2026-05-28 11:07:15,795 [SKIP] len error : ['東S', '東証スタンダード']
2026-05-28 11:07:15,795 [SKIP] len error : ['東G', '東証グロース']
2026-05-28 11:07:15,795 [SKIP] len error : ['東Ｅ', '東証ETF']
2026-05-28 11:07:15,795 [SKIP] len error : ['東EN', '東証ETN']
2026-05-28 11:07:15,795 [SKIP] len error : ['東Ｒ', '東証REIT']
2026-05-28 11:07:15,795 [SKIP] len error : ['東IF', '東証インフラファンド']
2026-05-28 11:07:15,795 [SKIP] len error : ['名Ｐ', '名証プレミア']
2026-05-28 11:07:15,795 [SKIP] len error : ['名M', '名証メイン']
2026-05-28 11:07:15,795 [SKIP] len error : ['名N', '名証ネクスト']
2026-05-28 11:07:15,795 [SKIP] len error : ['名Ｅ', '名証ETF']
2026-05-28 11:07:15,795 [SKIP] len error : ['札Ａ', '札証アンビシャス']
2026-05-28 11:07:15,795 [SKIP] len error : ['福Ｑ', '福証Q-Board']
2026-05-28 11:07:15,795 [SKIP] len error : ['①', '高い', '1,000回以上', '13.9%']
2026-05-28 11:07:15,795 [SKIP] len error : ['②', 'やや高い', '400回〜1,000回', '18.5%']
2026-05-28 11:07:15,795 [SKIP] len error : ['③', '中位', '50回〜400回', '39.0%']
2026-05-28 11:07:15,795 [SKIP] len error : ['④', 'やや低い', '10回〜50回', '17.6%']
2026-05-28 11:07:15,795 [SKIP] len error : ['⑤', '低い', '10回未満', '11.0%']
2026-05-28 11:07:15,795 3920件 / ?件中 20:07
2026-05-28 11:07:15,829 [TOTAL] None
2026-05-28 11:07:15,829 [COUNT] 3920
2026-05-28 11:07:16,507 [PAGE] 197
2026-05-28 11:07:16,833 [SKIP] len error : ['東P', '東証プライム']
2026-05-28 11:07:16,833 [SKIP] len error : ['東S', '東証スタンダード']
2026-05-28 11:07:16,833 [SKIP] len error : ['東G', '東証グロース']
2026-05-28 11:07:16,833 [SKIP] len error : ['東Ｅ', '東証ETF']
2026-05-28 11:07:16,833 [SKIP] len error : ['東EN', '東証ETN']
2026-05-28 11:07:16,833 [SKIP] len error : ['東Ｒ', '東証REIT']
2026-05-28 11:07:16,833 [SKIP] len error : ['東IF', '東証インフラファンド']
2026-05-28 11:07:16,833 [SKIP] len error : ['名Ｐ', '名証プレミア']
2026-05-28 11:07:16,833 [SKIP] len error : ['名M', '名証メイン']
2026-05-28 11:07:16,833 [SKIP] len error : ['名N', '名証ネクスト']
2026-05-28 11:07:16,833 [SKIP] len error : ['名Ｅ', '名証ETF']
2026-05-28 11:07:16,833 [SKIP] len error : ['札Ａ', '札証アンビシャス']
2026-05-28 11:07:16,833 [SKIP] len error : ['福Ｑ', '福証Q-Board']
2026-05-28 11:07:16,833 [SKIP] len error : ['①', '高い', '1,000回以上', '13.9%']
2026-05-28 11:07:16,833 [SKIP] len error : ['②', 'やや高い', '400回〜1,000回', '18.5%']
2026-05-28 11:07:16,833 [SKIP] len error : ['③', '中位', '50回〜400回', '39.0%']
2026-05-28 11:07:16,833 [SKIP] len error : ['④', 'やや低い', '10回〜50回', '17.6%']
2026-05-28 11:07:16,833 [SKIP] len error : ['⑤', '低い', '10回未満', '11.0%']
2026-05-28 11:07:16,833 3940件 / ?件中 20:07
2026-05-28 11:07:16,867 [TOTAL] None
2026-05-28 11:07:16,867 [COUNT] 3940
2026-05-28 11:07:17,673 [PAGE] 198
2026-05-28 11:07:17,936 [SKIP] len error : ['東P', '東証プライム']
2026-05-28 11:07:17,936 [SKIP] len error : ['東S', '東証スタンダード']
2026-05-28 11:07:17,936 [SKIP] len error : ['東G', '東証グロース']
2026-05-28 11:07:17,936 [SKIP] len error : ['東Ｅ', '東証ETF']
2026-05-28 11:07:17,936 [SKIP] len error : ['東EN', '東証ETN']
2026-05-28 11:07:17,936 [SKIP] len error : ['東Ｒ', '東証REIT']
2026-05-28 11:07:17,936 [SKIP] len error : ['東IF', '東証インフラファンド']
2026-05-28 11:07:17,936 [SKIP] len error : ['名Ｐ', '名証プレミア']
2026-05-28 11:07:17,936 [SKIP] len error : ['名M', '名証メイン']
2026-05-28 11:07:17,936 [SKIP] len error : ['名N', '名証ネクスト']
2026-05-28 11:07:17,936 [SKIP] len error : ['名Ｅ', '名証ETF']
2026-05-28 11:07:17,936 [SKIP] len error : ['札Ａ', '札証アンビシャス']
2026-05-28 11:07:17,936 [SKIP] len error : ['福Ｑ', '福証Q-Board']
2026-05-28 11:07:17,936 [SKIP] len error : ['①', '高い', '1,000回以上', '13.9%']
2026-05-28 11:07:17,936 [SKIP] len error : ['②', 'やや高い', '400回〜1,000回', '18.5%']
2026-05-28 11:07:17,936 [SKIP] len error : ['③', '中位', '50回〜400回', '39.0%']
2026-05-28 11:07:17,936 [SKIP] len error : ['④', 'やや低い', '10回〜50回', '17.6%']
2026-05-28 11:07:17,936 [SKIP] len error : ['⑤', '低い', '10回未満', '11.0%']
2026-05-28 11:07:17,936 3960件 / ?件中 20:07
2026-05-28 11:07:17,970 [TOTAL] None
2026-05-28 11:07:17,970 [COUNT] 3960
2026-05-28 11:07:18,786 [PAGE] 199
2026-05-28 11:07:19,075 [SKIP] len error : ['東P', '東証プライム']
2026-05-28 11:07:19,075 [SKIP] len error : ['東S', '東証スタンダード']
2026-05-28 11:07:19,075 [SKIP] len error : ['東G', '東証グロース']
2026-05-28 11:07:19,075 [SKIP] len error : ['東Ｅ', '東証ETF']
2026-05-28 11:07:19,075 [SKIP] len error : ['東EN', '東証ETN']
2026-05-28 11:07:19,075 [SKIP] len error : ['東Ｒ', '東証REIT']
2026-05-28 11:07:19,075 [SKIP] len error : ['東IF', '東証インフラファンド']
2026-05-28 11:07:19,075 [SKIP] len error : ['名Ｐ', '名証プレミア']
2026-05-28 11:07:19,075 [SKIP] len error : ['名M', '名証メイン']
2026-05-28 11:07:19,075 [SKIP] len error : ['名N', '名証ネクスト']
2026-05-28 11:07:19,075 [SKIP] len error : ['名Ｅ', '名証ETF']
2026-05-28 11:07:19,075 [SKIP] len error : ['札Ａ', '札証アンビシャス']
2026-05-28 11:07:19,075 [SKIP] len error : ['福Ｑ', '福証Q-Board']
2026-05-28 11:07:19,075 [SKIP] len error : ['①', '高い', '1,000回以上', '13.9%']
2026-05-28 11:07:19,075 [SKIP] len error : ['②', 'やや高い', '400回〜1,000回', '18.5%']
2026-05-28 11:07:19,075 [SKIP] len error : ['③', '中位', '50回〜400回', '39.0%']
2026-05-28 11:07:19,075 [SKIP] len error : ['④', 'やや低い', '10回〜50回', '17.6%']
2026-05-28 11:07:19,075 [SKIP] len error : ['⑤', '低い', '10回未満', '11.0%']
2026-05-28 11:07:19,075 3980件 / ?件中 20:07
2026-05-28 11:07:19,109 [TOTAL] None
2026-05-28 11:07:19,109 [COUNT] 3980
2026-05-28 11:07:20,052 [PAGE] 200
2026-05-28 11:07:20,323 [SKIP] len error : ['東P', '東証プライム']
2026-05-28 11:07:20,324 [SKIP] len error : ['東S', '東証スタンダード']
2026-05-28 11:07:20,324 [SKIP] len error : ['東G', '東証グロース']
2026-05-28 11:07:20,324 [SKIP] len error : ['東Ｅ', '東証ETF']
2026-05-28 11:07:20,324 [SKIP] len error : ['東EN', '東証ETN']
2026-05-28 11:07:20,324 [SKIP] len error : ['東Ｒ', '東証REIT']
2026-05-28 11:07:20,324 [SKIP] len error : ['東IF', '東証インフラファンド']
2026-05-28 11:07:20,324 [SKIP] len error : ['名Ｐ', '名証プレミア']
2026-05-28 11:07:20,324 [SKIP] len error : ['名M', '名証メイン']
2026-05-28 11:07:20,324 [SKIP] len error : ['名N', '名証ネクスト']
2026-05-28 11:07:20,324 [SKIP] len error : ['名Ｅ', '名証ETF']
2026-05-28 11:07:20,324 [SKIP] len error : ['札Ａ', '札証アンビシャス']
2026-05-28 11:07:20,324 [SKIP] len error : ['福Ｑ', '福証Q-Board']
2026-05-28 11:07:20,324 [SKIP] len error : ['①', '高い', '1,000回以上', '13.9%']
2026-05-28 11:07:20,324 [SKIP] len error : ['②', 'やや高い', '400回〜1,000回', '18.5%']
2026-05-28 11:07:20,324 [SKIP] len error : ['③', '中位', '50回〜400回', '39.0%']
2026-05-28 11:07:20,324 [SKIP] len error : ['④', 'やや低い', '10回〜50回', '17.6%']
2026-05-28 11:07:20,324 [SKIP] len error : ['⑤', '低い', '10回未満', '11.0%']
2026-05-28 11:07:20,324 4000件 / ?件中 20:07
2026-05-28 11:07:20,358 [TOTAL] None
2026-05-28 11:07:20,358 [COUNT] 4000
2026-05-28 11:07:21,021 [SLEEP] 2000件到達 -> 188秒休憩
2026-05-28 11:10:29,022 [PAGE] 201
2026-05-28 11:10:29,920 [SKIP] len error : ['東P', '東証プライム']
2026-05-28 11:10:29,920 [SKIP] len error : ['東S', '東証スタンダード']
2026-05-28 11:10:29,920 [SKIP] len error : ['東G', '東証グロース']
2026-05-28 11:10:29,920 [SKIP] len error : ['東Ｅ', '東証ETF']
2026-05-28 11:10:29,920 [SKIP] len error : ['東EN', '東証ETN']
2026-05-28 11:10:29,920 [SKIP] len error : ['東Ｒ', '東証REIT']
2026-05-28 11:10:29,920 [SKIP] len error : ['東IF', '東証インフラファンド']
2026-05-28 11:10:29,920 [SKIP] len error : ['名Ｐ', '名証プレミア']
2026-05-28 11:10:29,920 [SKIP] len error : ['名M', '名証メイン']
2026-05-28 11:10:29,920 [SKIP] len error : ['名N', '名証ネクスト']
2026-05-28 11:10:29,920 [SKIP] len error : ['名Ｅ', '名証ETF']
2026-05-28 11:10:29,920 [SKIP] len error : ['札Ａ', '札証アンビシャス']
2026-05-28 11:10:29,920 [SKIP] len error : ['福Ｑ', '福証Q-Board']
2026-05-28 11:10:29,920 [SKIP] len error : ['①', '高い', '1,000回以上', '13.9%']
2026-05-28 11:10:29,920 [SKIP] len error : ['②', 'やや高い', '400回〜1,000回', '18.5%']
2026-05-28 11:10:29,920 [SKIP] len error : ['③', '中位', '50回〜400回', '39.0%']
2026-05-28 11:10:29,920 [SKIP] len error : ['④', 'やや低い', '10回〜50回', '17.6%']
2026-05-28 11:10:29,920 [SKIP] len error : ['⑤', '低い', '10回未満', '11.0%']
2026-05-28 11:10:29,921 4020件 / ?件中 20:10
2026-05-28 11:10:29,954 [TOTAL] None
2026-05-28 11:10:29,954 [COUNT] 4020
2026-05-28 11:10:30,717 [PAGE] 202
2026-05-28 11:10:30,978 [SKIP] len error : ['東P', '東証プライム']
2026-05-28 11:10:30,978 [SKIP] len error : ['東S', '東証スタンダード']
2026-05-28 11:10:30,978 [SKIP] len error : ['東G', '東証グロース']
2026-05-28 11:10:30,978 [SKIP] len error : ['東Ｅ', '東証ETF']
2026-05-28 11:10:30,978 [SKIP] len error : ['東EN', '東証ETN']
2026-05-28 11:10:30,978 [SKIP] len error : ['東Ｒ', '東証REIT']
2026-05-28 11:10:30,978 [SKIP] len error : ['東IF', '東証インフラファンド']
2026-05-28 11:10:30,978 [SKIP] len error : ['名Ｐ', '名証プレミア']
2026-05-28 11:10:30,978 [SKIP] len error : ['名M', '名証メイン']
2026-05-28 11:10:30,978 [SKIP] len error : ['名N', '名証ネクスト']
2026-05-28 11:10:30,978 [SKIP] len error : ['名Ｅ', '名証ETF']
2026-05-28 11:10:30,978 [SKIP] len error : ['札Ａ', '札証アンビシャス']
2026-05-28 11:10:30,978 [SKIP] len error : ['福Ｑ', '福証Q-Board']
2026-05-28 11:10:30,978 [SKIP] len error : ['①', '高い', '1,000回以上', '13.9%']
2026-05-28 11:10:30,978 [SKIP] len error : ['②', 'やや高い', '400回〜1,000回', '18.5%']
2026-05-28 11:10:30,978 [SKIP] len error : ['③', '中位', '50回〜400回', '39.0%']
2026-05-28 11:10:30,978 [SKIP] len error : ['④', 'やや低い', '10回〜50回', '17.6%']
2026-05-28 11:10:30,978 [SKIP] len error : ['⑤', '低い', '10回未満', '11.0%']
2026-05-28 11:10:30,978 4040件 / ?件中 20:10
2026-05-28 11:10:31,012 [TOTAL] None
2026-05-28 11:10:31,012 [COUNT] 4040
2026-05-28 11:10:32,480 [PAGE] 203
2026-05-28 11:10:32,752 [SKIP] len error : ['東P', '東証プライム']
2026-05-28 11:10:32,752 [SKIP] len error : ['東S', '東証スタンダード']
2026-05-28 11:10:32,752 [SKIP] len error : ['東G', '東証グロース']
2026-05-28 11:10:32,752 [SKIP] len error : ['東Ｅ', '東証ETF']
2026-05-28 11:10:32,752 [SKIP] len error : ['東EN', '東証ETN']
2026-05-28 11:10:32,752 [SKIP] len error : ['東Ｒ', '東証REIT']
2026-05-28 11:10:32,752 [SKIP] len error : ['東IF', '東証インフラファンド']
2026-05-28 11:10:32,752 [SKIP] len error : ['名Ｐ', '名証プレミア']
2026-05-28 11:10:32,752 [SKIP] len error : ['名M', '名証メイン']
2026-05-28 11:10:32,752 [SKIP] len error : ['名N', '名証ネクスト']
2026-05-28 11:10:32,752 [SKIP] len error : ['名Ｅ', '名証ETF']
2026-05-28 11:10:32,752 [SKIP] len error : ['札Ａ', '札証アンビシャス']
2026-05-28 11:10:32,752 [SKIP] len error : ['福Ｑ', '福証Q-Board']
2026-05-28 11:10:32,752 [SKIP] len error : ['①', '高い', '1,000回以上', '13.9%']
2026-05-28 11:10:32,752 [SKIP] len error : ['②', 'やや高い', '400回〜1,000回', '18.5%']
2026-05-28 11:10:32,752 [SKIP] len error : ['③', '中位', '50回〜400回', '39.0%']
2026-05-28 11:10:32,752 [SKIP] len error : ['④', 'やや低い', '10回〜50回', '17.6%']
2026-05-28 11:10:32,752 [SKIP] len error : ['⑤', '低い', '10回未満', '11.0%']
2026-05-28 11:10:32,753 4060件 / ?件中 20:10
2026-05-28 11:10:32,786 [TOTAL] None
2026-05-28 11:10:32,786 [COUNT] 4060
2026-05-28 11:10:34,139 [PAGE] 204
2026-05-28 11:10:34,413 [SKIP] len error : ['東P', '東証プライム']
2026-05-28 11:10:34,414 [SKIP] len error : ['東S', '東証スタンダード']
2026-05-28 11:10:34,414 [SKIP] len error : ['東G', '東証グロース']
2026-05-28 11:10:34,414 [SKIP] len error : ['東Ｅ', '東証ETF']
2026-05-28 11:10:34,414 [SKIP] len error : ['東EN', '東証ETN']
2026-05-28 11:10:34,414 [SKIP] len error : ['東Ｒ', '東証REIT']
2026-05-28 11:10:34,414 [SKIP] len error : ['東IF', '東証インフラファンド']
2026-05-28 11:10:34,414 [SKIP] len error : ['名Ｐ', '名証プレミア']
2026-05-28 11:10:34,414 [SKIP] len error : ['名M', '名証メイン']
2026-05-28 11:10:34,414 [SKIP] len error : ['名N', '名証ネクスト']
2026-05-28 11:10:34,414 [SKIP] len error : ['名Ｅ', '名証ETF']
2026-05-28 11:10:34,414 [SKIP] len error : ['札Ａ', '札証アンビシャス']
2026-05-28 11:10:34,414 [SKIP] len error : ['福Ｑ', '福証Q-Board']
2026-05-28 11:10:34,414 [SKIP] len error : ['①', '高い', '1,000回以上', '13.9%']
2026-05-28 11:10:34,414 [SKIP] len error : ['②', 'やや高い', '400回〜1,000回', '18.5%']
2026-05-28 11:10:34,414 [SKIP] len error : ['③', '中位', '50回〜400回', '39.0%']
2026-05-28 11:10:34,414 [SKIP] len error : ['④', 'やや低い', '10回〜50回', '17.6%']
2026-05-28 11:10:34,414 [SKIP] len error : ['⑤', '低い', '10回未満', '11.0%']
2026-05-28 11:10:34,414 4080件 / ?件中 20:10
2026-05-28 11:10:34,448 [TOTAL] None
2026-05-28 11:10:34,448 [COUNT] 4080
2026-05-28 11:10:35,910 [PAGE] 205
2026-05-28 11:10:36,166 [SKIP] len error : ['東P', '東証プライム']
2026-05-28 11:10:36,166 [SKIP] len error : ['東S', '東証スタンダード']
2026-05-28 11:10:36,166 [SKIP] len error : ['東G', '東証グロース']
2026-05-28 11:10:36,166 [SKIP] len error : ['東Ｅ', '東証ETF']
2026-05-28 11:10:36,166 [SKIP] len error : ['東EN', '東証ETN']
2026-05-28 11:10:36,166 [SKIP] len error : ['東Ｒ', '東証REIT']
2026-05-28 11:10:36,166 [SKIP] len error : ['東IF', '東証インフラファンド']
2026-05-28 11:10:36,166 [SKIP] len error : ['名Ｐ', '名証プレミア']
2026-05-28 11:10:36,166 [SKIP] len error : ['名M', '名証メイン']
2026-05-28 11:10:36,166 [SKIP] len error : ['名N', '名証ネクスト']
2026-05-28 11:10:36,166 [SKIP] len error : ['名Ｅ', '名証ETF']
2026-05-28 11:10:36,166 [SKIP] len error : ['札Ａ', '札証アンビシャス']
2026-05-28 11:10:36,166 [SKIP] len error : ['福Ｑ', '福証Q-Board']
2026-05-28 11:10:36,166 [SKIP] len error : ['①', '高い', '1,000回以上', '13.9%']
2026-05-28 11:10:36,166 [SKIP] len error : ['②', 'やや高い', '400回〜1,000回', '18.5%']
2026-05-28 11:10:36,166 [SKIP] len error : ['③', '中位', '50回〜400回', '39.0%']
2026-05-28 11:10:36,166 [SKIP] len error : ['④', 'やや低い', '10回〜50回', '17.6%']
2026-05-28 11:10:36,166 [SKIP] len error : ['⑤', '低い', '10回未満', '11.0%']
2026-05-28 11:10:36,166 4081件 / ?件中 20:10
2026-05-28 11:10:36,188 [TOTAL] None
2026-05-28 11:10:36,188 [COUNT] 4081
2026-05-28 11:10:37,175 [PAGE] 206
2026-05-28 11:10:37,403 [SKIP] len error : ['東P', '東証プライム']
2026-05-28 11:10:37,403 [SKIP] len error : ['東S', '東証スタンダード']
2026-05-28 11:10:37,403 [SKIP] len error : ['東G', '東証グロース']
2026-05-28 11:10:37,403 [SKIP] len error : ['東Ｅ', '東証ETF']
2026-05-28 11:10:37,403 [SKIP] len error : ['東EN', '東証ETN']
2026-05-28 11:10:37,403 [SKIP] len error : ['東Ｒ', '東証REIT']
2026-05-28 11:10:37,403 [SKIP] len error : ['東IF', '東証インフラファンド']
2026-05-28 11:10:37,403 [SKIP] len error : ['名Ｐ', '名証プレミア']
2026-05-28 11:10:37,403 [SKIP] len error : ['名M', '名証メイン']
2026-05-28 11:10:37,403 [SKIP] len error : ['名N', '名証ネクスト']
2026-05-28 11:10:37,403 [SKIP] len error : ['名Ｅ', '名証ETF']
2026-05-28 11:10:37,403 [SKIP] len error : ['札Ａ', '札証アンビシャス']
2026-05-28 11:10:37,403 [SKIP] len error : ['福Ｑ', '福証Q-Board']
2026-05-28 11:10:37,403 [SKIP] len error : ['①', '高い', '1,000回以上', '13.9%']
2026-05-28 11:10:37,403 [SKIP] len error : ['②', 'やや高い', '400回〜1,000回', '18.5%']
2026-05-28 11:10:37,403 [SKIP] len error : ['③', '中位', '50回〜400回', '39.0%']
2026-05-28 11:10:37,403 [SKIP] len error : ['④', 'やや低い', '10回〜50回', '17.6%']
2026-05-28 11:10:37,403 [SKIP] len error : ['⑤', '低い', '10回未満', '11.0%']
2026-05-28 11:10:37,404 [STOP] no data
2026-05-28 11:10:37,413 ===== END 20:10 =====
2026-05-28 11:10:37,413 [FILE] output/trading_value_ranking_20260528.csv
2026-05-28 11:10:37,413 [ROWS] 4081
2026-05-28 11:10:37,413 [TIME] 10分
2026-05-29 10:51:41,980 start 2026/05/29 19:51
2026-05-29 10:51:41,980 ===== START 19:51 =====
2026-05-29 10:51:41,980 [PAGE] 1
2026-05-29 10:51:42,780 [SKIP] len error : ['東P', '東証プライム']
2026-05-29 10:51:42,780 [SKIP] len error : ['東S', '東証スタンダード']
2026-05-29 10:51:42,780 [SKIP] len error : ['東G', '東証グロース']
2026-05-29 10:51:42,780 [SKIP] len error : ['東Ｅ', '東証ETF']
2026-05-29 10:51:42,780 [SKIP] len error : ['東EN', '東証ETN']
2026-05-29 10:51:42,780 [SKIP] len error : ['東Ｒ', '東証REIT']
2026-05-29 10:51:42,780 [SKIP] len error : ['東IF', '東証インフラファンド']
2026-05-29 10:51:42,781 [SKIP] len error : ['名Ｐ', '名証プレミア']
2026-05-29 10:51:42,781 [SKIP] len error : ['名M', '名証メイン']
2026-05-29 10:51:42,781 [SKIP] len error : ['名N', '名証ネクスト']
2026-05-29 10:51:42,781 [SKIP] len error : ['名Ｅ', '名証ETF']
2026-05-29 10:51:42,781 [SKIP] len error : ['札Ａ', '札証アンビシャス']
2026-05-29 10:51:42,781 [SKIP] len error : ['福Ｑ', '福証Q-Board']
2026-05-29 10:51:42,781 [SKIP] len error : ['①', '高い', '1,000回以上', '13.9%']
2026-05-29 10:51:42,781 [SKIP] len error : ['②', 'やや高い', '400回〜1,000回', '18.5%']
2026-05-29 10:51:42,781 [SKIP] len error : ['③', '中位', '50回〜400回', '39.0%']
2026-05-29 10:51:42,781 [SKIP] len error : ['④', 'やや低い', '10回〜50回', '17.6%']
2026-05-29 10:51:42,781 [SKIP] len error : ['⑤', '低い', '10回未満', '11.0%']
2026-05-29 10:51:42,781 20件 / ?件中 19:51
2026-05-29 10:51:42,831 [TOTAL] None
2026-05-29 10:51:42,831 [COUNT] 20
2026-05-29 10:51:43,857 [PAGE] 2
2026-05-29 10:51:44,164 [SKIP] len error : ['東P', '東証プライム']
2026-05-29 10:51:44,164 [SKIP] len error : ['東S', '東証スタンダード']
2026-05-29 10:51:44,164 [SKIP] len error : ['東G', '東証グロース']
2026-05-29 10:51:44,164 [SKIP] len error : ['東Ｅ', '東証ETF']
2026-05-29 10:51:44,164 [SKIP] len error : ['東EN', '東証ETN']
2026-05-29 10:51:44,164 [SKIP] len error : ['東Ｒ', '東証REIT']
2026-05-29 10:51:44,164 [SKIP] len error : ['東IF', '東証インフラファンド']
2026-05-29 10:51:44,164 [SKIP] len error : ['名Ｐ', '名証プレミア']
2026-05-29 10:51:44,164 [SKIP] len error : ['名M', '名証メイン']
2026-05-29 10:51:44,164 [SKIP] len error : ['名N', '名証ネクスト']
2026-05-29 10:51:44,164 [SKIP] len error : ['名Ｅ', '名証ETF']
2026-05-29 10:51:44,164 [SKIP] len error : ['札Ａ', '札証アンビシャス']
2026-05-29 10:51:44,164 [SKIP] len error : ['福Ｑ', '福証Q-Board']
2026-05-29 10:51:44,164 [SKIP] len error : ['①', '高い', '1,000回以上', '13.9%']
2026-05-29 10:51:44,164 [SKIP] len error : ['②', 'やや高い', '400回〜1,000回', '18.5%']
2026-05-29 10:51:44,164 [SKIP] len error : ['③', '中位', '50回〜400回', '39.0%']
2026-05-29 10:51:44,164 [SKIP] len error : ['④', 'やや低い', '10回〜50回', '17.6%']
2026-05-29 10:51:44,164 [SKIP] len error : ['⑤', '低い', '10回未満', '11.0%']
2026-05-29 10:51:44,164 40件 / ?件中 19:51
2026-05-29 10:51:44,212 [TOTAL] None
2026-05-29 10:51:44,212 [COUNT] 40
2026-05-29 10:51:45,089 [PAGE] 3
2026-05-29 10:51:45,369 [SKIP] len error : ['東P', '東証プライム']
2026-05-29 10:51:45,369 [SKIP] len error : ['東S', '東証スタンダード']
2026-05-29 10:51:45,369 [SKIP] len error : ['東G', '東証グロース']
2026-05-29 10:51:45,369 [SKIP] len error : ['東Ｅ', '東証ETF']
2026-05-29 10:51:45,369 [SKIP] len error : ['東EN', '東証ETN']
2026-05-29 10:51:45,369 [SKIP] len error : ['東Ｒ', '東証REIT']
2026-05-29 10:51:45,369 [SKIP] len error : ['東IF', '東証インフラファンド']
2026-05-29 10:51:45,369 [SKIP] len error : ['名Ｐ', '名証プレミア']
2026-05-29 10:51:45,369 [SKIP] len error : ['名M', '名証メイン']
2026-05-29 10:51:45,370 [SKIP] len error : ['名N', '名証ネクスト']
2026-05-29 10:51:45,370 [SKIP] len error : ['名Ｅ', '名証ETF']
2026-05-29 10:51:45,370 [SKIP] len error : ['札Ａ', '札証アンビシャス']
2026-05-29 10:51:45,370 [SKIP] len error : ['福Ｑ', '福証Q-Board']
2026-05-29 10:51:45,370 [SKIP] len error : ['①', '高い', '1,000回以上', '13.9%']
2026-05-29 10:51:45,370 [SKIP] len error : ['②', 'やや高い', '400回〜1,000回', '18.5%']
2026-05-29 10:51:45,370 [SKIP] len error : ['③', '中位', '50回〜400回', '39.0%']
2026-05-29 10:51:45,370 [SKIP] len error : ['④', 'やや低い', '10回〜50回', '17.6%']
2026-05-29 10:51:45,370 [SKIP] len error : ['⑤', '低い', '10回未満', '11.0%']
2026-05-29 10:51:45,370 60件 / ?件中 19:51
2026-05-29 10:51:45,418 [TOTAL] None
2026-05-29 10:51:45,418 [COUNT] 60
2026-05-29 10:51:46,802 [PAGE] 4
2026-05-29 10:51:47,098 [SKIP] len error : ['東P', '東証プライム']
2026-05-29 10:51:47,098 [SKIP] len error : ['東S', '東証スタンダード']
2026-05-29 10:51:47,098 [SKIP] len error : ['東G', '東証グロース']
2026-05-29 10:51:47,098 [SKIP] len error : ['東Ｅ', '東証ETF']
2026-05-29 10:51:47,098 [SKIP] len error : ['東EN', '東証ETN']
2026-05-29 10:51:47,098 [SKIP] len error : ['東Ｒ', '東証REIT']
2026-05-29 10:51:47,098 [SKIP] len error : ['東IF', '東証インフラファンド']
2026-05-29 10:51:47,098 [SKIP] len error : ['名Ｐ', '名証プレミア']
2026-05-29 10:51:47,098 [SKIP] len error : ['名M', '名証メイン']
2026-05-29 10:51:47,098 [SKIP] len error : ['名N', '名証ネクスト']
2026-05-29 10:51:47,098 [SKIP] len error : ['名Ｅ', '名証ETF']
2026-05-29 10:51:47,098 [SKIP] len error : ['札Ａ', '札証アンビシャス']
2026-05-29 10:51:47,098 [SKIP] len error : ['福Ｑ', '福証Q-Board']
2026-05-29 10:51:47,098 [SKIP] len error : ['①', '高い', '1,000回以上', '13.9%']
2026-05-29 10:51:47,099 [SKIP] len error : ['②', 'やや高い', '400回〜1,000回', '18.5%']
2026-05-29 10:51:47,099 [SKIP] len error : ['③', '中位', '50回〜400回', '39.0%']
2026-05-29 10:51:47,099 [SKIP] len error : ['④', 'やや低い', '10回〜50回', '17.6%']
2026-05-29 10:51:47,099 [SKIP] len error : ['⑤', '低い', '10回未満', '11.0%']
2026-05-29 10:51:47,099 80件 / ?件中 19:51
2026-05-29 10:51:47,149 [TOTAL] None
2026-05-29 10:51:47,149 [COUNT] 80
2026-05-29 10:51:47,988 [PAGE] 5
2026-05-29 10:51:48,295 [SKIP] len error : ['東P', '東証プライム']
2026-05-29 10:51:48,296 [SKIP] len error : ['東S', '東証スタンダード']
2026-05-29 10:51:48,296 [SKIP] len error : ['東G', '東証グロース']
2026-05-29 10:51:48,296 [SKIP] len error : ['東Ｅ', '東証ETF']
2026-05-29 10:51:48,296 [SKIP] len error : ['東EN', '東証ETN']
2026-05-29 10:51:48,296 [SKIP] len error : ['東Ｒ', '東証REIT']
2026-05-29 10:51:48,296 [SKIP] len error : ['東IF', '東証インフラファンド']
2026-05-29 10:51:48,296 [SKIP] len error : ['名Ｐ', '名証プレミア']
2026-05-29 10:51:48,296 [SKIP] len error : ['名M', '名証メイン']
2026-05-29 10:51:48,296 [SKIP] len error : ['名N', '名証ネクスト']
2026-05-29 10:51:48,296 [SKIP] len error : ['名Ｅ', '名証ETF']
2026-05-29 10:51:48,296 [SKIP] len error : ['札Ａ', '札証アンビシャス']
2026-05-29 10:51:48,296 [SKIP] len error : ['福Ｑ', '福証Q-Board']
2026-05-29 10:51:48,296 [SKIP] len error : ['①', '高い', '1,000回以上', '13.9%']
2026-05-29 10:51:48,296 [SKIP] len error : ['②', 'やや高い', '400回〜1,000回', '18.5%']
2026-05-29 10:51:48,296 [SKIP] len error : ['③', '中位', '50回〜400回', '39.0%']
2026-05-29 10:51:48,296 [SKIP] len error : ['④', 'やや低い', '10回〜50回', '17.6%']
2026-05-29 10:51:48,296 [SKIP] len error : ['⑤', '低い', '10回未満', '11.0%']
2026-05-29 10:51:48,296 100件 / ?件中 19:51
2026-05-29 10:51:48,344 [TOTAL] None
2026-05-29 10:51:48,344 [COUNT] 100
2026-05-29 10:51:49,098 [PAGE] 6
2026-05-29 10:51:49,382 [SKIP] len error : ['東P', '東証プライム']
2026-05-29 10:51:49,382 [SKIP] len error : ['東S', '東証スタンダード']
2026-05-29 10:51:49,382 [SKIP] len error : ['東G', '東証グロース']
2026-05-29 10:51:49,383 [SKIP] len error : ['東Ｅ', '東証ETF']
2026-05-29 10:51:49,383 [SKIP] len error : ['東EN', '東証ETN']
2026-05-29 10:51:49,383 [SKIP] len error : ['東Ｒ', '東証REIT']
2026-05-29 10:51:49,383 [SKIP] len error : ['東IF', '東証インフラファンド']
2026-05-29 10:51:49,383 [SKIP] len error : ['名Ｐ', '名証プレミア']
2026-05-29 10:51:49,383 [SKIP] len error : ['名M', '名証メイン']
2026-05-29 10:51:49,383 [SKIP] len error : ['名N', '名証ネクスト']
2026-05-29 10:51:49,383 [SKIP] len error : ['名Ｅ', '名証ETF']
2026-05-29 10:51:49,383 [SKIP] len error : ['札Ａ', '札証アンビシャス']
2026-05-29 10:51:49,383 [SKIP] len error : ['福Ｑ', '福証Q-Board']
2026-05-29 10:51:49,383 [SKIP] len error : ['①', '高い', '1,000回以上', '13.9%']
2026-05-29 10:51:49,383 [SKIP] len error : ['②', 'やや高い', '400回〜1,000回', '18.5%']
2026-05-29 10:51:49,383 [SKIP] len error : ['③', '中位', '50回〜400回', '39.0%']
2026-05-29 10:51:49,383 [SKIP] len error : ['④', 'やや低い', '10回〜50回', '17.6%']
2026-05-29 10:51:49,383 [SKIP] len error : ['⑤', '低い', '10回未満', '11.0%']
2026-05-29 10:51:49,383 120件 / ?件中 19:51
2026-05-29 10:51:49,431 [TOTAL] None
2026-05-29 10:51:49,431 [COUNT] 120
2026-05-29 10:51:50,033 [PAGE] 7
2026-05-29 10:51:50,369 [SKIP] len error : ['東P', '東証プライム']
2026-05-29 10:51:50,369 [SKIP] len error : ['東S', '東証スタンダード']
2026-05-29 10:51:50,369 [SKIP] len error : ['東G', '東証グロース']
2026-05-29 10:51:50,369 [SKIP] len error : ['東Ｅ', '東証ETF']
2026-05-29 10:51:50,369 [SKIP] len error : ['東EN', '東証ETN']
2026-05-29 10:51:50,369 [SKIP] len error : ['東Ｒ', '東証REIT']
2026-05-29 10:51:50,369 [SKIP] len error : ['東IF', '東証インフラファンド']
2026-05-29 10:51:50,369 [SKIP] len error : ['名Ｐ', '名証プレミア']
2026-05-29 10:51:50,369 [SKIP] len error : ['名M', '名証メイン']
2026-05-29 10:51:50,369 [SKIP] len error : ['名N', '名証ネクスト']
2026-05-29 10:51:50,369 [SKIP] len error : ['名Ｅ', '名証ETF']
2026-05-29 10:51:50,369 [SKIP] len error : ['札Ａ', '札証アンビシャス']
2026-05-29 10:51:50,369 [SKIP] len error : ['福Ｑ', '福証Q-Board']
2026-05-29 10:51:50,369 [SKIP] len error : ['①', '高い', '1,000回以上', '13.9%']
2026-05-29 10:51:50,369 [SKIP] len error : ['②', 'やや高い', '400回〜1,000回', '18.5%']
2026-05-29 10:51:50,369 [SKIP] len error : ['③', '中位', '50回〜400回', '39.0%']
2026-05-29 10:51:50,369 [SKIP] len error : ['④', 'やや低い', '10回〜50回', '17.6%']
2026-05-29 10:51:50,369 [SKIP] len error : ['⑤', '低い', '10回未満', '11.0%']
2026-05-29 10:51:50,369 140件 / ?件中 19:51
2026-05-29 10:51:50,416 [TOTAL] None
2026-05-29 10:51:50,416 [COUNT] 140
2026-05-29 10:51:50,925 [PAGE] 8
2026-05-29 10:51:51,220 [SKIP] len error : ['東P', '東証プライム']
2026-05-29 10:51:51,220 [SKIP] len error : ['東S', '東証スタンダード']
2026-05-29 10:51:51,220 [SKIP] len error : ['東G', '東証グロース']
2026-05-29 10:51:51,220 [SKIP] len error : ['東Ｅ', '東証ETF']
2026-05-29 10:51:51,220 [SKIP] len error : ['東EN', '東証ETN']
2026-05-29 10:51:51,220 [SKIP] len error : ['東Ｒ', '東証REIT']
2026-05-29 10:51:51,220 [SKIP] len error : ['東IF', '東証インフラファンド']
2026-05-29 10:51:51,220 [SKIP] len error : ['名Ｐ', '名証プレミア']
2026-05-29 10:51:51,220 [SKIP] len error : ['名M', '名証メイン']
2026-05-29 10:51:51,220 [SKIP] len error : ['名N', '名証ネクスト']
2026-05-29 10:51:51,220 [SKIP] len error : ['名Ｅ', '名証ETF']
2026-05-29 10:51:51,220 [SKIP] len error : ['札Ａ', '札証アンビシャス']
2026-05-29 10:51:51,220 [SKIP] len error : ['福Ｑ', '福証Q-Board']
2026-05-29 10:51:51,220 [SKIP] len error : ['①', '高い', '1,000回以上', '13.9%']
2026-05-29 10:51:51,220 [SKIP] len error : ['②', 'やや高い', '400回〜1,000回', '18.5%']
2026-05-29 10:51:51,220 [SKIP] len error : ['③', '中位', '50回〜400回', '39.0%']
2026-05-29 10:51:51,220 [SKIP] len error : ['④', 'やや低い', '10回〜50回', '17.6%']
2026-05-29 10:51:51,220 [SKIP] len error : ['⑤', '低い', '10回未満', '11.0%']
2026-05-29 10:51:51,220 160件 / ?件中 19:51
2026-05-29 10:51:51,267 [TOTAL] None
2026-05-29 10:51:51,267 [COUNT] 160
2026-05-29 10:51:52,234 [PAGE] 9
2026-05-29 10:51:52,511 [SKIP] len error : ['東P', '東証プライム']
2026-05-29 10:51:52,511 [SKIP] len error : ['東S', '東証スタンダード']
2026-05-29 10:51:52,511 [SKIP] len error : ['東G', '東証グロース']
2026-05-29 10:51:52,511 [SKIP] len error : ['東Ｅ', '東証ETF']
2026-05-29 10:51:52,511 [SKIP] len error : ['東EN', '東証ETN']
2026-05-29 10:51:52,511 [SKIP] len error : ['東Ｒ', '東証REIT']
2026-05-29 10:51:52,511 [SKIP] len error : ['東IF', '東証インフラファンド']
2026-05-29 10:51:52,511 [SKIP] len error : ['名Ｐ', '名証プレミア']
2026-05-29 10:51:52,511 [SKIP] len error : ['名M', '名証メイン']
2026-05-29 10:51:52,511 [SKIP] len error : ['名N', '名証ネクスト']
2026-05-29 10:51:52,511 [SKIP] len error : ['名Ｅ', '名証ETF']
2026-05-29 10:51:52,512 [SKIP] len error : ['札Ａ', '札証アンビシャス']
2026-05-29 10:51:52,512 [SKIP] len error : ['福Ｑ', '福証Q-Board']
2026-05-29 10:51:52,512 [SKIP] len error : ['①', '高い', '1,000回以上', '13.9%']
2026-05-29 10:51:52,512 [SKIP] len error : ['②', 'やや高い', '400回〜1,000回', '18.5%']
2026-05-29 10:51:52,512 [SKIP] len error : ['③', '中位', '50回〜400回', '39.0%']
2026-05-29 10:51:52,512 [SKIP] len error : ['④', 'やや低い', '10回〜50回', '17.6%']
2026-05-29 10:51:52,512 [SKIP] len error : ['⑤', '低い', '10回未満', '11.0%']
2026-05-29 10:51:52,512 180件 / ?件中 19:51
2026-05-29 10:51:52,558 [TOTAL] None
2026-05-29 10:51:52,558 [COUNT] 180
2026-05-29 10:51:53,454 [PAGE] 10
2026-05-29 10:51:53,760 [SKIP] len error : ['東P', '東証プライム']
2026-05-29 10:51:53,760 [SKIP] len error : ['東S', '東証スタンダード']
2026-05-29 10:51:53,760 [SKIP] len error : ['東G', '東証グロース']
2026-05-29 10:51:53,760 [SKIP] len error : ['東Ｅ', '東証ETF']
2026-05-29 10:51:53,760 [SKIP] len error : ['東EN', '東証ETN']
2026-05-29 10:51:53,760 [SKIP] len error : ['東Ｒ', '東証REIT']
2026-05-29 10:51:53,761 [SKIP] len error : ['東IF', '東証インフラファンド']
2026-05-29 10:51:53,761 [SKIP] len error : ['名Ｐ', '名証プレミア']
2026-05-29 10:51:53,761 [SKIP] len error : ['名M', '名証メイン']
2026-05-29 10:51:53,761 [SKIP] len error : ['名N', '名証ネクスト']
2026-05-29 10:51:53,761 [SKIP] len error : ['名Ｅ', '名証ETF']
2026-05-29 10:51:53,761 [SKIP] len error : ['札Ａ', '札証アンビシャス']
2026-05-29 10:51:53,761 [SKIP] len error : ['福Ｑ', '福証Q-Board']
2026-05-29 10:51:53,761 [SKIP] len error : ['①', '高い', '1,000回以上', '13.9%']
2026-05-29 10:51:53,761 [SKIP] len error : ['②', 'やや高い', '400回〜1,000回', '18.5%']
2026-05-29 10:51:53,761 [SKIP] len error : ['③', '中位', '50回〜400回', '39.0%']
2026-05-29 10:51:53,761 [SKIP] len error : ['④', 'やや低い', '10回〜50回', '17.6%']
2026-05-29 10:51:53,761 [SKIP] len error : ['⑤', '低い', '10回未満', '11.0%']
2026-05-29 10:51:53,761 200件 / ?件中 19:51
2026-05-29 10:51:53,808 [TOTAL] None
2026-05-29 10:51:53,808 [COUNT] 200
2026-05-29 10:51:55,116 [PAGE] 11
2026-05-29 10:51:55,409 [SKIP] len error : ['東P', '東証プライム']
2026-05-29 10:51:55,409 [SKIP] len error : ['東S', '東証スタンダード']
2026-05-29 10:51:55,409 [SKIP] len error : ['東G', '東証グロース']
2026-05-29 10:51:55,409 [SKIP] len error : ['東Ｅ', '東証ETF']
2026-05-29 10:51:55,409 [SKIP] len error : ['東EN', '東証ETN']
2026-05-29 10:51:55,409 [SKIP] len error : ['東Ｒ', '東証REIT']
2026-05-29 10:51:55,409 [SKIP] len error : ['東IF', '東証インフラファンド']
2026-05-29 10:51:55,409 [SKIP] len error : ['名Ｐ', '名証プレミア']
2026-05-29 10:51:55,409 [SKIP] len error : ['名M', '名証メイン']
2026-05-29 10:51:55,409 [SKIP] len error : ['名N', '名証ネクスト']
2026-05-29 10:51:55,409 [SKIP] len error : ['名Ｅ', '名証ETF']
2026-05-29 10:51:55,409 [SKIP] len error : ['札Ａ', '札証アンビシャス']
2026-05-29 10:51:55,409 [SKIP] len error : ['福Ｑ', '福証Q-Board']
2026-05-29 10:51:55,409 [SKIP] len error : ['①', '高い', '1,000回以上', '13.9%']
2026-05-29 10:51:55,409 [SKIP] len error : ['②', 'やや高い', '400回〜1,000回', '18.5%']
2026-05-29 10:51:55,410 [SKIP] len error : ['③', '中位', '50回〜400回', '39.0%']
2026-05-29 10:51:55,410 [SKIP] len error : ['④', 'やや低い', '10回〜50回', '17.6%']
2026-05-29 10:51:55,410 [SKIP] len error : ['⑤', '低い', '10回未満', '11.0%']
2026-05-29 10:51:55,410 220件 / ?件中 19:51
2026-05-29 10:51:55,487 [TOTAL] None
2026-05-29 10:51:55,487 [COUNT] 220
2026-05-29 10:51:56,342 [PAGE] 12
2026-05-29 10:51:56,636 [SKIP] len error : ['東P', '東証プライム']
2026-05-29 10:51:56,637 [SKIP] len error : ['東S', '東証スタンダード']
2026-05-29 10:51:56,637 [SKIP] len error : ['東G', '東証グロース']
2026-05-29 10:51:56,637 [SKIP] len error : ['東Ｅ', '東証ETF']
2026-05-29 10:51:56,637 [SKIP] len error : ['東EN', '東証ETN']
2026-05-29 10:51:56,637 [SKIP] len error : ['東Ｒ', '東証REIT']
2026-05-29 10:51:56,637 [SKIP] len error : ['東IF', '東証インフラファンド']
2026-05-29 10:51:56,637 [SKIP] len error : ['名Ｐ', '名証プレミア']
2026-05-29 10:51:56,637 [SKIP] len error : ['名M', '名証メイン']
2026-05-29 10:51:56,637 [SKIP] len error : ['名N', '名証ネクスト']
2026-05-29 10:51:56,637 [SKIP] len error : ['名Ｅ', '名証ETF']
2026-05-29 10:51:56,637 [SKIP] len error : ['札Ａ', '札証アンビシャス']
2026-05-29 10:51:56,637 [SKIP] len error : ['福Ｑ', '福証Q-Board']
2026-05-29 10:51:56,637 [SKIP] len error : ['①', '高い', '1,000回以上', '13.9%']
2026-05-29 10:51:56,637 [SKIP] len error : ['②', 'やや高い', '400回〜1,000回', '18.5%']
2026-05-29 10:51:56,637 [SKIP] len error : ['③', '中位', '50回〜400回', '39.0%']
2026-05-29 10:51:56,637 [SKIP] len error : ['④', 'やや低い', '10回〜50回', '17.6%']
2026-05-29 10:51:56,637 [SKIP] len error : ['⑤', '低い', '10回未満', '11.0%']
2026-05-29 10:51:56,637 240件 / ?件中 19:51
2026-05-29 10:51:56,687 [TOTAL] None
2026-05-29 10:51:56,687 [COUNT] 240
2026-05-29 10:51:57,280 [PAGE] 13
2026-05-29 10:51:57,588 [SKIP] len error : ['東P', '東証プライム']
2026-05-29 10:51:57,589 [SKIP] len error : ['東S', '東証スタンダード']
2026-05-29 10:51:57,589 [SKIP] len error : ['東G', '東証グロース']
2026-05-29 10:51:57,589 [SKIP] len error : ['東Ｅ', '東証ETF']
2026-05-29 10:51:57,589 [SKIP] len error : ['東EN', '東証ETN']
2026-05-29 10:51:57,589 [SKIP] len error : ['東Ｒ', '東証REIT']
2026-05-29 10:51:57,589 [SKIP] len error : ['東IF', '東証インフラファンド']
2026-05-29 10:51:57,589 [SKIP] len error : ['名Ｐ', '名証プレミア']
2026-05-29 10:51:57,589 [SKIP] len error : ['名M', '名証メイン']
2026-05-29 10:51:57,589 [SKIP] len error : ['名N', '名証ネクスト']
2026-05-29 10:51:57,589 [SKIP] len error : ['名Ｅ', '名証ETF']
2026-05-29 10:51:57,589 [SKIP] len error : ['札Ａ', '札証アンビシャス']
2026-05-29 10:51:57,589 [SKIP] len error : ['福Ｑ', '福証Q-Board']
2026-05-29 10:51:57,589 [SKIP] len error : ['①', '高い', '1,000回以上', '13.9%']
2026-05-29 10:51:57,589 [SKIP] len error : ['②', 'やや高い', '400回〜1,000回', '18.5%']
2026-05-29 10:51:57,589 [SKIP] len error : ['③', '中位', '50回〜400回', '39.0%']
2026-05-29 10:51:57,589 [SKIP] len error : ['④', 'やや低い', '10回〜50回', '17.6%']
2026-05-29 10:51:57,589 [SKIP] len error : ['⑤', '低い', '10回未満', '11.0%']
2026-05-29 10:51:57,590 260件 / ?件中 19:51
2026-05-29 10:51:57,637 [TOTAL] None
2026-05-29 10:51:57,637 [COUNT] 260
2026-05-29 10:51:58,894 [PAGE] 14
2026-05-29 10:51:59,200 [SKIP] len error : ['東P', '東証プライム']
2026-05-29 10:51:59,200 [SKIP] len error : ['東S', '東証スタンダード']
2026-05-29 10:51:59,200 [SKIP] len error : ['東G', '東証グロース']
2026-05-29 10:51:59,200 [SKIP] len error : ['東Ｅ', '東証ETF']
2026-05-29 10:51:59,200 [SKIP] len error : ['東EN', '東証ETN']
2026-05-29 10:51:59,200 [SKIP] len error : ['東Ｒ', '東証REIT']
2026-05-29 10:51:59,200 [SKIP] len error : ['東IF', '東証インフラファンド']
2026-05-29 10:51:59,200 [SKIP] len error : ['名Ｐ', '名証プレミア']
2026-05-29 10:51:59,200 [SKIP] len error : ['名M', '名証メイン']
2026-05-29 10:51:59,200 [SKIP] len error : ['名N', '名証ネクスト']
2026-05-29 10:51:59,200 [SKIP] len error : ['名Ｅ', '名証ETF']
2026-05-29 10:51:59,200 [SKIP] len error : ['札Ａ', '札証アンビシャス']
2026-05-29 10:51:59,200 [SKIP] len error : ['福Ｑ', '福証Q-Board']
2026-05-29 10:51:59,200 [SKIP] len error : ['①', '高い', '1,000回以上', '13.9%']
2026-05-29 10:51:59,200 [SKIP] len error : ['②', 'やや高い', '400回〜1,000回', '18.5%']
2026-05-29 10:51:59,200 [SKIP] len error : ['③', '中位', '50回〜400回', '39.0%']
2026-05-29 10:51:59,200 [SKIP] len error : ['④', 'やや低い', '10回〜50回', '17.6%']
2026-05-29 10:51:59,200 [SKIP] len error : ['⑤', '低い', '10回未満', '11.0%']
2026-05-29 10:51:59,201 280件 / ?件中 19:51
2026-05-29 10:51:59,246 [TOTAL] None
2026-05-29 10:51:59,246 [COUNT] 280
2026-05-29 10:52:00,512 [PAGE] 15
2026-05-29 10:52:00,805 [SKIP] len error : ['東P', '東証プライム']
2026-05-29 10:52:00,805 [SKIP] len error : ['東S', '東証スタンダード']
2026-05-29 10:52:00,806 [SKIP] len error : ['東G', '東証グロース']
2026-05-29 10:52:00,806 [SKIP] len error : ['東Ｅ', '東証ETF']
2026-05-29 10:52:00,806 [SKIP] len error : ['東EN', '東証ETN']
2026-05-29 10:52:00,806 [SKIP] len error : ['東Ｒ', '東証REIT']
2026-05-29 10:52:00,806 [SKIP] len error : ['東IF', '東証インフラファンド']
2026-05-29 10:52:00,806 [SKIP] len error : ['名Ｐ', '名証プレミア']
2026-05-29 10:52:00,806 [SKIP] len error : ['名M', '名証メイン']
2026-05-29 10:52:00,806 [SKIP] len error : ['名N', '名証ネクスト']
2026-05-29 10:52:00,806 [SKIP] len error : ['名Ｅ', '名証ETF']
2026-05-29 10:52:00,806 [SKIP] len error : ['札Ａ', '札証アンビシャス']
2026-05-29 10:52:00,806 [SKIP] len error : ['福Ｑ', '福証Q-Board']
2026-05-29 10:52:00,806 [SKIP] len error : ['①', '高い', '1,000回以上', '13.9%']
2026-05-29 10:52:00,806 [SKIP] len error : ['②', 'やや高い', '400回〜1,000回', '18.5%']
2026-05-29 10:52:00,806 [SKIP] len error : ['③', '中位', '50回〜400回', '39.0%']
2026-05-29 10:52:00,806 [SKIP] len error : ['④', 'やや低い', '10回〜50回', '17.6%']
2026-05-29 10:52:00,806 [SKIP] len error : ['⑤', '低い', '10回未満', '11.0%']
2026-05-29 10:52:00,806 300件 / ?件中 19:52
2026-05-29 10:52:00,852 [TOTAL] None
2026-05-29 10:52:00,852 [COUNT] 300
2026-05-29 10:52:01,876 [PAGE] 16
2026-05-29 10:52:02,170 [SKIP] len error : ['東P', '東証プライム']
2026-05-29 10:52:02,171 [SKIP] len error : ['東S', '東証スタンダード']
2026-05-29 10:52:02,171 [SKIP] len error : ['東G', '東証グロース']
2026-05-29 10:52:02,171 [SKIP] len error : ['東Ｅ', '東証ETF']
2026-05-29 10:52:02,171 [SKIP] len error : ['東EN', '東証ETN']
2026-05-29 10:52:02,171 [SKIP] len error : ['東Ｒ', '東証REIT']
2026-05-29 10:52:02,171 [SKIP] len error : ['東IF', '東証インフラファンド']
2026-05-29 10:52:02,171 [SKIP] len error : ['名Ｐ', '名証プレミア']
2026-05-29 10:52:02,171 [SKIP] len error : ['名M', '名証メイン']
2026-05-29 10:52:02,171 [SKIP] len error : ['名N', '名証ネクスト']
2026-05-29 10:52:02,171 [SKIP] len error : ['名Ｅ', '名証ETF']
2026-05-29 10:52:02,171 [SKIP] len error : ['札Ａ', '札証アンビシャス']
2026-05-29 10:52:02,171 [SKIP] len error : ['福Ｑ', '福証Q-Board']
2026-05-29 10:52:02,171 [SKIP] len error : ['①', '高い', '1,000回以上', '13.9%']
2026-05-29 10:52:02,171 [SKIP] len error : ['②', 'やや高い', '400回〜1,000回', '18.5%']
2026-05-29 10:52:02,171 [SKIP] len error : ['③', '中位', '50回〜400回', '39.0%']
2026-05-29 10:52:02,171 [SKIP] len error : ['④', 'やや低い', '10回〜50回', '17.6%']
2026-05-29 10:52:02,171 [SKIP] len error : ['⑤', '低い', '10回未満', '11.0%']
2026-05-29 10:52:02,171 320件 / ?件中 19:52
2026-05-29 10:52:02,249 [TOTAL] None
2026-05-29 10:52:02,249 [COUNT] 320
2026-05-29 10:52:03,475 [PAGE] 17
2026-05-29 10:52:03,784 [SKIP] len error : ['東P', '東証プライム']
2026-05-29 10:52:03,784 [SKIP] len error : ['東S', '東証スタンダード']
2026-05-29 10:52:03,784 [SKIP] len error : ['東G', '東証グロース']
2026-05-29 10:52:03,784 [SKIP] len error : ['東Ｅ', '東証ETF']
2026-05-29 10:52:03,784 [SKIP] len error : ['東EN', '東証ETN']
2026-05-29 10:52:03,784 [SKIP] len error : ['東Ｒ', '東証REIT']
2026-05-29 10:52:03,784 [SKIP] len error : ['東IF', '東証インフラファンド']
2026-05-29 10:52:03,784 [SKIP] len error : ['名Ｐ', '名証プレミア']
2026-05-29 10:52:03,784 [SKIP] len error : ['名M', '名証メイン']
2026-05-29 10:52:03,784 [SKIP] len error : ['名N', '名証ネクスト']
2026-05-29 10:52:03,784 [SKIP] len error : ['名Ｅ', '名証ETF']
2026-05-29 10:52:03,784 [SKIP] len error : ['札Ａ', '札証アンビシャス']
2026-05-29 10:52:03,784 [SKIP] len error : ['福Ｑ', '福証Q-Board']
2026-05-29 10:52:03,784 [SKIP] len error : ['①', '高い', '1,000回以上', '13.9%']
2026-05-29 10:52:03,784 [SKIP] len error : ['②', 'やや高い', '400回〜1,000回', '18.5%']
2026-05-29 10:52:03,784 [SKIP] len error : ['③', '中位', '50回〜400回', '39.0%']
2026-05-29 10:52:03,784 [SKIP] len error : ['④', 'やや低い', '10回〜50回', '17.6%']
2026-05-29 10:52:03,785 [SKIP] len error : ['⑤', '低い', '10回未満', '11.0%']
2026-05-29 10:52:03,785 340件 / ?件中 19:52
2026-05-29 10:52:03,831 [TOTAL] None
2026-05-29 10:52:03,831 [COUNT] 340
2026-05-29 10:52:04,895 [PAGE] 18
2026-05-29 10:52:05,198 [SKIP] len error : ['東P', '東証プライム']
2026-05-29 10:52:05,198 [SKIP] len error : ['東S', '東証スタンダード']
2026-05-29 10:52:05,198 [SKIP] len error : ['東G', '東証グロース']
2026-05-29 10:52:05,198 [SKIP] len error : ['東Ｅ', '東証ETF']
2026-05-29 10:52:05,198 [SKIP] len error : ['東EN', '東証ETN']
2026-05-29 10:52:05,198 [SKIP] len error : ['東Ｒ', '東証REIT']
2026-05-29 10:52:05,198 [SKIP] len error : ['東IF', '東証インフラファンド']
2026-05-29 10:52:05,198 [SKIP] len error : ['名Ｐ', '名証プレミア']
2026-05-29 10:52:05,198 [SKIP] len error : ['名M', '名証メイン']
2026-05-29 10:52:05,198 [SKIP] len error : ['名N', '名証ネクスト']
2026-05-29 10:52:05,198 [SKIP] len error : ['名Ｅ', '名証ETF']
2026-05-29 10:52:05,198 [SKIP] len error : ['札Ａ', '札証アンビシャス']
2026-05-29 10:52:05,198 [SKIP] len error : ['福Ｑ', '福証Q-Board']
2026-05-29 10:52:05,198 [SKIP] len error : ['①', '高い', '1,000回以上', '13.9%']
2026-05-29 10:52:05,198 [SKIP] len error : ['②', 'やや高い', '400回〜1,000回', '18.5%']
2026-05-29 10:52:05,198 [SKIP] len error : ['③', '中位', '50回〜400回', '39.0%']
2026-05-29 10:52:05,198 [SKIP] len error : ['④', 'やや低い', '10回〜50回', '17.6%']
2026-05-29 10:52:05,198 [SKIP] len error : ['⑤', '低い', '10回未満', '11.0%']
2026-05-29 10:52:05,198 360件 / ?件中 19:52
2026-05-29 10:52:05,245 [TOTAL] None
2026-05-29 10:52:05,245 [COUNT] 360
2026-05-29 10:52:06,013 [PAGE] 19
2026-05-29 10:52:06,307 [SKIP] len error : ['東P', '東証プライム']
2026-05-29 10:52:06,307 [SKIP] len error : ['東S', '東証スタンダード']
2026-05-29 10:52:06,307 [SKIP] len error : ['東G', '東証グロース']
2026-05-29 10:52:06,307 [SKIP] len error : ['東Ｅ', '東証ETF']
2026-05-29 10:52:06,308 [SKIP] len error : ['東EN', '東証ETN']
2026-05-29 10:52:06,308 [SKIP] len error : ['東Ｒ', '東証REIT']
2026-05-29 10:52:06,308 [SKIP] len error : ['東IF', '東証インフラファンド']
2026-05-29 10:52:06,308 [SKIP] len error : ['名Ｐ', '名証プレミア']
2026-05-29 10:52:06,308 [SKIP] len error : ['名M', '名証メイン']
2026-05-29 10:52:06,308 [SKIP] len error : ['名N', '名証ネクスト']
2026-05-29 10:52:06,308 [SKIP] len error : ['名Ｅ', '名証ETF']
2026-05-29 10:52:06,308 [SKIP] len error : ['札Ａ', '札証アンビシャス']
2026-05-29 10:52:06,308 [SKIP] len error : ['福Ｑ', '福証Q-Board']
2026-05-29 10:52:06,308 [SKIP] len error : ['①', '高い', '1,000回以上', '13.9%']
2026-05-29 10:52:06,308 [SKIP] len error : ['②', 'やや高い', '400回〜1,000回', '18.5%']
2026-05-29 10:52:06,308 [SKIP] len error : ['③', '中位', '50回〜400回', '39.0%']
2026-05-29 10:52:06,308 [SKIP] len error : ['④', 'やや低い', '10回〜50回', '17.6%']
2026-05-29 10:52:06,308 [SKIP] len error : ['⑤', '低い', '10回未満', '11.0%']
2026-05-29 10:52:06,308 380件 / ?件中 19:52
2026-05-29 10:52:06,355 [TOTAL] None
2026-05-29 10:52:06,355 [COUNT] 380
2026-05-29 10:52:07,173 [PAGE] 20
2026-05-29 10:52:07,451 [SKIP] len error : ['東P', '東証プライム']
2026-05-29 10:52:07,451 [SKIP] len error : ['東S', '東証スタンダード']
2026-05-29 10:52:07,451 [SKIP] len error : ['東G', '東証グロース']
2026-05-29 10:52:07,452 [SKIP] len error : ['東Ｅ', '東証ETF']
2026-05-29 10:52:07,452 [SKIP] len error : ['東EN', '東証ETN']
2026-05-29 10:52:07,452 [SKIP] len error : ['東Ｒ', '東証REIT']
2026-05-29 10:52:07,452 [SKIP] len error : ['東IF', '東証インフラファンド']
2026-05-29 10:52:07,452 [SKIP] len error : ['名Ｐ', '名証プレミア']
2026-05-29 10:52:07,452 [SKIP] len error : ['名M', '名証メイン']
2026-05-29 10:52:07,452 [SKIP] len error : ['名N', '名証ネクスト']
2026-05-29 10:52:07,452 [SKIP] len error : ['名Ｅ', '名証ETF']
2026-05-29 10:52:07,452 [SKIP] len error : ['札Ａ', '札証アンビシャス']
2026-05-29 10:52:07,452 [SKIP] len error : ['福Ｑ', '福証Q-Board']
2026-05-29 10:52:07,452 [SKIP] len error : ['①', '高い', '1,000回以上', '13.9%']
2026-05-29 10:52:07,452 [SKIP] len error : ['②', 'やや高い', '400回〜1,000回', '18.5%']
2026-05-29 10:52:07,452 [SKIP] len error : ['③', '中位', '50回〜400回', '39.0%']
2026-05-29 10:52:07,452 [SKIP] len error : ['④', 'やや低い', '10回〜50回', '17.6%']
2026-05-29 10:52:07,452 [SKIP] len error : ['⑤', '低い', '10回未満', '11.0%']
2026-05-29 10:52:07,452 400件 / ?件中 19:52
2026-05-29 10:52:07,499 [TOTAL] None
2026-05-29 10:52:07,499 [COUNT] 400
2026-05-29 10:52:08,664 [PAGE] 21
2026-05-29 10:52:08,992 [SKIP] len error : ['東P', '東証プライム']
2026-05-29 10:52:08,992 [SKIP] len error : ['東S', '東証スタンダード']
2026-05-29 10:52:08,992 [SKIP] len error : ['東G', '東証グロース']
2026-05-29 10:52:08,992 [SKIP] len error : ['東Ｅ', '東証ETF']
2026-05-29 10:52:08,992 [SKIP] len error : ['東EN', '東証ETN']
2026-05-29 10:52:08,992 [SKIP] len error : ['東Ｒ', '東証REIT']
2026-05-29 10:52:08,992 [SKIP] len error : ['東IF', '東証インフラファンド']
2026-05-29 10:52:08,992 [SKIP] len error : ['名Ｐ', '名証プレミア']
2026-05-29 10:52:08,992 [SKIP] len error : ['名M', '名証メイン']
2026-05-29 10:52:08,992 [SKIP] len error : ['名N', '名証ネクスト']
2026-05-29 10:52:08,992 [SKIP] len error : ['名Ｅ', '名証ETF']
2026-05-29 10:52:08,992 [SKIP] len error : ['札Ａ', '札証アンビシャス']
2026-05-29 10:52:08,992 [SKIP] len error : ['福Ｑ', '福証Q-Board']
2026-05-29 10:52:08,992 [SKIP] len error : ['①', '高い', '1,000回以上', '13.9%']
2026-05-29 10:52:08,992 [SKIP] len error : ['②', 'やや高い', '400回〜1,000回', '18.5%']
2026-05-29 10:52:08,992 [SKIP] len error : ['③', '中位', '50回〜400回', '39.0%']
2026-05-29 10:52:08,992 [SKIP] len error : ['④', 'やや低い', '10回〜50回', '17.6%']
2026-05-29 10:52:08,992 [SKIP] len error : ['⑤', '低い', '10回未満', '11.0%']
2026-05-29 10:52:08,993 420件 / ?件中 19:52
2026-05-29 10:52:09,039 [TOTAL] None
2026-05-29 10:52:09,039 [COUNT] 420
2026-05-29 10:52:09,627 [PAGE] 22
2026-05-29 10:52:09,917 [SKIP] len error : ['東P', '東証プライム']
2026-05-29 10:52:09,917 [SKIP] len error : ['東S', '東証スタンダード']
2026-05-29 10:52:09,917 [SKIP] len error : ['東G', '東証グロース']
2026-05-29 10:52:09,917 [SKIP] len error : ['東Ｅ', '東証ETF']
2026-05-29 10:52:09,917 [SKIP] len error : ['東EN', '東証ETN']
2026-05-29 10:52:09,917 [SKIP] len error : ['東Ｒ', '東証REIT']
2026-05-29 10:52:09,917 [SKIP] len error : ['東IF', '東証インフラファンド']
2026-05-29 10:52:09,917 [SKIP] len error : ['名Ｐ', '名証プレミア']
2026-05-29 10:52:09,917 [SKIP] len error : ['名M', '名証メイン']
2026-05-29 10:52:09,917 [SKIP] len error : ['名N', '名証ネクスト']
2026-05-29 10:52:09,917 [SKIP] len error : ['名Ｅ', '名証ETF']
2026-05-29 10:52:09,917 [SKIP] len error : ['札Ａ', '札証アンビシャス']
2026-05-29 10:52:09,917 [SKIP] len error : ['福Ｑ', '福証Q-Board']
2026-05-29 10:52:09,917 [SKIP] len error : ['①', '高い', '1,000回以上', '13.9%']
2026-05-29 10:52:09,917 [SKIP] len error : ['②', 'やや高い', '400回〜1,000回', '18.5%']
2026-05-29 10:52:09,917 [SKIP] len error : ['③', '中位', '50回〜400回', '39.0%']
2026-05-29 10:52:09,917 [SKIP] len error : ['④', 'やや低い', '10回〜50回', '17.6%']
2026-05-29 10:52:09,918 [SKIP] len error : ['⑤', '低い', '10回未満', '11.0%']
2026-05-29 10:52:09,918 440件 / ?件中 19:52
2026-05-29 10:52:09,963 [TOTAL] None
2026-05-29 10:52:09,963 [COUNT] 440
2026-05-29 10:52:11,208 [PAGE] 23
2026-05-29 10:52:11,507 [SKIP] len error : ['東P', '東証プライム']
2026-05-29 10:52:11,507 [SKIP] len error : ['東S', '東証スタンダード']
2026-05-29 10:52:11,507 [SKIP] len error : ['東G', '東証グロース']
2026-05-29 10:52:11,507 [SKIP] len error : ['東Ｅ', '東証ETF']
2026-05-29 10:52:11,507 [SKIP] len error : ['東EN', '東証ETN']
2026-05-29 10:52:11,507 [SKIP] len error : ['東Ｒ', '東証REIT']
2026-05-29 10:52:11,507 [SKIP] len error : ['東IF', '東証インフラファンド']
2026-05-29 10:52:11,507 [SKIP] len error : ['名Ｐ', '名証プレミア']
2026-05-29 10:52:11,507 [SKIP] len error : ['名M', '名証メイン']
2026-05-29 10:52:11,507 [SKIP] len error : ['名N', '名証ネクスト']
2026-05-29 10:52:11,507 [SKIP] len error : ['名Ｅ', '名証ETF']
2026-05-29 10:52:11,507 [SKIP] len error : ['札Ａ', '札証アンビシャス']
2026-05-29 10:52:11,508 [SKIP] len error : ['福Ｑ', '福証Q-Board']
2026-05-29 10:52:11,508 [SKIP] len error : ['①', '高い', '1,000回以上', '13.9%']
2026-05-29 10:52:11,508 [SKIP] len error : ['②', 'やや高い', '400回〜1,000回', '18.5%']
2026-05-29 10:52:11,508 [SKIP] len error : ['③', '中位', '50回〜400回', '39.0%']
2026-05-29 10:52:11,508 [SKIP] len error : ['④', 'やや低い', '10回〜50回', '17.6%']
2026-05-29 10:52:11,508 [SKIP] len error : ['⑤', '低い', '10回未満', '11.0%']
2026-05-29 10:52:11,508 460件 / ?件中 19:52
2026-05-29 10:52:11,554 [TOTAL] None
2026-05-29 10:52:11,554 [COUNT] 460
2026-05-29 10:52:12,090 [PAGE] 24
2026-05-29 10:52:12,385 [SKIP] len error : ['東P', '東証プライム']
2026-05-29 10:52:12,385 [SKIP] len error : ['東S', '東証スタンダード']
2026-05-29 10:52:12,385 [SKIP] len error : ['東G', '東証グロース']
2026-05-29 10:52:12,385 [SKIP] len error : ['東Ｅ', '東証ETF']
2026-05-29 10:52:12,385 [SKIP] len error : ['東EN', '東証ETN']
2026-05-29 10:52:12,385 [SKIP] len error : ['東Ｒ', '東証REIT']
2026-05-29 10:52:12,385 [SKIP] len error : ['東IF', '東証インフラファンド']
2026-05-29 10:52:12,385 [SKIP] len error : ['名Ｐ', '名証プレミア']
2026-05-29 10:52:12,385 [SKIP] len error : ['名M', '名証メイン']
2026-05-29 10:52:12,385 [SKIP] len error : ['名N', '名証ネクスト']
2026-05-29 10:52:12,385 [SKIP] len error : ['名Ｅ', '名証ETF']
2026-05-29 10:52:12,385 [SKIP] len error : ['札Ａ', '札証アンビシャス']
2026-05-29 10:52:12,385 [SKIP] len error : ['福Ｑ', '福証Q-Board']
2026-05-29 10:52:12,385 [SKIP] len error : ['①', '高い', '1,000回以上', '13.9%']
2026-05-29 10:52:12,385 [SKIP] len error : ['②', 'やや高い', '400回〜1,000回', '18.5%']
2026-05-29 10:52:12,385 [SKIP] len error : ['③', '中位', '50回〜400回', '39.0%']
2026-05-29 10:52:12,385 [SKIP] len error : ['④', 'やや低い', '10回〜50回', '17.6%']
2026-05-29 10:52:12,385 [SKIP] len error : ['⑤', '低い', '10回未満', '11.0%']
2026-05-29 10:52:12,386 480件 / ?件中 19:52
2026-05-29 10:52:12,431 [TOTAL] None
2026-05-29 10:52:12,431 [COUNT] 480
2026-05-29 10:52:13,071 [PAGE] 25
2026-05-29 10:52:13,369 [SKIP] len error : ['東P', '東証プライム']
2026-05-29 10:52:13,369 [SKIP] len error : ['東S', '東証スタンダード']
2026-05-29 10:52:13,369 [SKIP] len error : ['東G', '東証グロース']
2026-05-29 10:52:13,369 [SKIP] len error : ['東Ｅ', '東証ETF']
2026-05-29 10:52:13,369 [SKIP] len error : ['東EN', '東証ETN']
2026-05-29 10:52:13,369 [SKIP] len error : ['東Ｒ', '東証REIT']
2026-05-29 10:52:13,369 [SKIP] len error : ['東IF', '東証インフラファンド']
2026-05-29 10:52:13,369 [SKIP] len error : ['名Ｐ', '名証プレミア']
2026-05-29 10:52:13,369 [SKIP] len error : ['名M', '名証メイン']
2026-05-29 10:52:13,369 [SKIP] len error : ['名N', '名証ネクスト']
2026-05-29 10:52:13,369 [SKIP] len error : ['名Ｅ', '名証ETF']
2026-05-29 10:52:13,369 [SKIP] len error : ['札Ａ', '札証アンビシャス']
2026-05-29 10:52:13,369 [SKIP] len error : ['福Ｑ', '福証Q-Board']
2026-05-29 10:52:13,369 [SKIP] len error : ['①', '高い', '1,000回以上', '13.9%']
2026-05-29 10:52:13,369 [SKIP] len error : ['②', 'やや高い', '400回〜1,000回', '18.5%']
2026-05-29 10:52:13,369 [SKIP] len error : ['③', '中位', '50回〜400回', '39.0%']
2026-05-29 10:52:13,369 [SKIP] len error : ['④', 'やや低い', '10回〜50回', '17.6%']
2026-05-29 10:52:13,369 [SKIP] len error : ['⑤', '低い', '10回未満', '11.0%']
2026-05-29 10:52:13,369 500件 / ?件中 19:52
2026-05-29 10:52:13,416 [TOTAL] None
2026-05-29 10:52:13,416 [COUNT] 500
2026-05-29 10:52:14,535 [PAGE] 26
2026-05-29 10:52:14,871 [SKIP] len error : ['東P', '東証プライム']
2026-05-29 10:52:14,871 [SKIP] len error : ['東S', '東証スタンダード']
2026-05-29 10:52:14,871 [SKIP] len error : ['東G', '東証グロース']
2026-05-29 10:52:14,871 [SKIP] len error : ['東Ｅ', '東証ETF']
2026-05-29 10:52:14,871 [SKIP] len error : ['東EN', '東証ETN']
2026-05-29 10:52:14,871 [SKIP] len error : ['東Ｒ', '東証REIT']
2026-05-29 10:52:14,871 [SKIP] len error : ['東IF', '東証インフラファンド']
2026-05-29 10:52:14,871 [SKIP] len error : ['名Ｐ', '名証プレミア']
2026-05-29 10:52:14,871 [SKIP] len error : ['名M', '名証メイン']
2026-05-29 10:52:14,871 [SKIP] len error : ['名N', '名証ネクスト']
2026-05-29 10:52:14,871 [SKIP] len error : ['名Ｅ', '名証ETF']
2026-05-29 10:52:14,871 [SKIP] len error : ['札Ａ', '札証アンビシャス']
2026-05-29 10:52:14,872 [SKIP] len error : ['福Ｑ', '福証Q-Board']
2026-05-29 10:52:14,872 [SKIP] len error : ['①', '高い', '1,000回以上', '13.9%']
2026-05-29 10:52:14,872 [SKIP] len error : ['②', 'やや高い', '400回〜1,000回', '18.5%']
2026-05-29 10:52:14,872 [SKIP] len error : ['③', '中位', '50回〜400回', '39.0%']
2026-05-29 10:52:14,872 [SKIP] len error : ['④', 'やや低い', '10回〜50回', '17.6%']
2026-05-29 10:52:14,872 [SKIP] len error : ['⑤', '低い', '10回未満', '11.0%']
2026-05-29 10:52:14,872 520件 / ?件中 19:52
2026-05-29 10:52:14,918 [TOTAL] None
2026-05-29 10:52:14,918 [COUNT] 520
2026-05-29 10:52:16,118 [PAGE] 27
2026-05-29 10:52:16,446 [SKIP] len error : ['東P', '東証プライム']
2026-05-29 10:52:16,446 [SKIP] len error : ['東S', '東証スタンダード']
2026-05-29 10:52:16,446 [SKIP] len error : ['東G', '東証グロース']
2026-05-29 10:52:16,446 [SKIP] len error : ['東Ｅ', '東証ETF']
2026-05-29 10:52:16,446 [SKIP] len error : ['東EN', '東証ETN']
2026-05-29 10:52:16,446 [SKIP] len error : ['東Ｒ', '東証REIT']
2026-05-29 10:52:16,446 [SKIP] len error : ['東IF', '東証インフラファンド']
2026-05-29 10:52:16,446 [SKIP] len error : ['名Ｐ', '名証プレミア']
2026-05-29 10:52:16,446 [SKIP] len error : ['名M', '名証メイン']
2026-05-29 10:52:16,446 [SKIP] len error : ['名N', '名証ネクスト']
2026-05-29 10:52:16,446 [SKIP] len error : ['名Ｅ', '名証ETF']
2026-05-29 10:52:16,446 [SKIP] len error : ['札Ａ', '札証アンビシャス']
2026-05-29 10:52:16,446 [SKIP] len error : ['福Ｑ', '福証Q-Board']
2026-05-29 10:52:16,446 [SKIP] len error : ['①', '高い', '1,000回以上', '13.9%']
2026-05-29 10:52:16,446 [SKIP] len error : ['②', 'やや高い', '400回〜1,000回', '18.5%']
2026-05-29 10:52:16,446 [SKIP] len error : ['③', '中位', '50回〜400回', '39.0%']
2026-05-29 10:52:16,446 [SKIP] len error : ['④', 'やや低い', '10回〜50回', '17.6%']
2026-05-29 10:52:16,446 [SKIP] len error : ['⑤', '低い', '10回未満', '11.0%']
2026-05-29 10:52:16,446 540件 / ?件中 19:52
2026-05-29 10:52:16,493 [TOTAL] None
2026-05-29 10:52:16,493 [COUNT] 540
2026-05-29 10:52:17,769 [PAGE] 28
2026-05-29 10:52:18,067 [SKIP] len error : ['東P', '東証プライム']
2026-05-29 10:52:18,067 [SKIP] len error : ['東S', '東証スタンダード']
2026-05-29 10:52:18,067 [SKIP] len error : ['東G', '東証グロース']
2026-05-29 10:52:18,067 [SKIP] len error : ['東Ｅ', '東証ETF']
2026-05-29 10:52:18,068 [SKIP] len error : ['東EN', '東証ETN']
2026-05-29 10:52:18,068 [SKIP] len error : ['東Ｒ', '東証REIT']
2026-05-29 10:52:18,068 [SKIP] len error : ['東IF', '東証インフラファンド']
2026-05-29 10:52:18,068 [SKIP] len error : ['名Ｐ', '名証プレミア']
2026-05-29 10:52:18,068 [SKIP] len error : ['名M', '名証メイン']
2026-05-29 10:52:18,068 [SKIP] len error : ['名N', '名証ネクスト']
2026-05-29 10:52:18,068 [SKIP] len error : ['名Ｅ', '名証ETF']
2026-05-29 10:52:18,068 [SKIP] len error : ['札Ａ', '札証アンビシャス']
2026-05-29 10:52:18,068 [SKIP] len error : ['福Ｑ', '福証Q-Board']
2026-05-29 10:52:18,068 [SKIP] len error : ['①', '高い', '1,000回以上', '13.9%']
2026-05-29 10:52:18,068 [SKIP] len error : ['②', 'やや高い', '400回〜1,000回', '18.5%']
2026-05-29 10:52:18,068 [SKIP] len error : ['③', '中位', '50回〜400回', '39.0%']
2026-05-29 10:52:18,068 [SKIP] len error : ['④', 'やや低い', '10回〜50回', '17.6%']
2026-05-29 10:52:18,068 [SKIP] len error : ['⑤', '低い', '10回未満', '11.0%']
2026-05-29 10:52:18,068 560件 / ?件中 19:52
2026-05-29 10:52:18,114 [TOTAL] None
2026-05-29 10:52:18,114 [COUNT] 560
2026-05-29 10:52:19,367 [PAGE] 29
2026-05-29 10:52:19,671 [SKIP] len error : ['東P', '東証プライム']
2026-05-29 10:52:19,671 [SKIP] len error : ['東S', '東証スタンダード']
2026-05-29 10:52:19,671 [SKIP] len error : ['東G', '東証グロース']
2026-05-29 10:52:19,671 [SKIP] len error : ['東Ｅ', '東証ETF']
2026-05-29 10:52:19,671 [SKIP] len error : ['東EN', '東証ETN']
2026-05-29 10:52:19,671 [SKIP] len error : ['東Ｒ', '東証REIT']
2026-05-29 10:52:19,671 [SKIP] len error : ['東IF', '東証インフラファンド']
2026-05-29 10:52:19,671 [SKIP] len error : ['名Ｐ', '名証プレミア']
2026-05-29 10:52:19,671 [SKIP] len error : ['名M', '名証メイン']
2026-05-29 10:52:19,671 [SKIP] len error : ['名N', '名証ネクスト']
2026-05-29 10:52:19,671 [SKIP] len error : ['名Ｅ', '名証ETF']
2026-05-29 10:52:19,671 [SKIP] len error : ['札Ａ', '札証アンビシャス']
2026-05-29 10:52:19,671 [SKIP] len error : ['福Ｑ', '福証Q-Board']
2026-05-29 10:52:19,671 [SKIP] len error : ['①', '高い', '1,000回以上', '13.9%']
2026-05-29 10:52:19,672 [SKIP] len error : ['②', 'やや高い', '400回〜1,000回', '18.5%']
2026-05-29 10:52:19,672 [SKIP] len error : ['③', '中位', '50回〜400回', '39.0%']
2026-05-29 10:52:19,672 [SKIP] len error : ['④', 'やや低い', '10回〜50回', '17.6%']
2026-05-29 10:52:19,672 [SKIP] len error : ['⑤', '低い', '10回未満', '11.0%']
2026-05-29 10:52:19,672 580件 / ?件中 19:52
2026-05-29 10:52:19,718 [TOTAL] None
2026-05-29 10:52:19,718 [COUNT] 580
2026-05-29 10:52:20,915 [PAGE] 30
2026-05-29 10:52:21,211 [SKIP] len error : ['東P', '東証プライム']
2026-05-29 10:52:21,211 [SKIP] len error : ['東S', '東証スタンダード']
2026-05-29 10:52:21,211 [SKIP] len error : ['東G', '東証グロース']
2026-05-29 10:52:21,211 [SKIP] len error : ['東Ｅ', '東証ETF']
2026-05-29 10:52:21,211 [SKIP] len error : ['東EN', '東証ETN']
2026-05-29 10:52:21,211 [SKIP] len error : ['東Ｒ', '東証REIT']
2026-05-29 10:52:21,211 [SKIP] len error : ['東IF', '東証インフラファンド']
2026-05-29 10:52:21,211 [SKIP] len error : ['名Ｐ', '名証プレミア']
2026-05-29 10:52:21,211 [SKIP] len error : ['名M', '名証メイン']
2026-05-29 10:52:21,211 [SKIP] len error : ['名N', '名証ネクスト']
2026-05-29 10:52:21,211 [SKIP] len error : ['名Ｅ', '名証ETF']
2026-05-29 10:52:21,211 [SKIP] len error : ['札Ａ', '札証アンビシャス']
2026-05-29 10:52:21,211 [SKIP] len error : ['福Ｑ', '福証Q-Board']
2026-05-29 10:52:21,211 [SKIP] len error : ['①', '高い', '1,000回以上', '13.9%']
2026-05-29 10:52:21,211 [SKIP] len error : ['②', 'やや高い', '400回〜1,000回', '18.5%']
2026-05-29 10:52:21,211 [SKIP] len error : ['③', '中位', '50回〜400回', '39.0%']
2026-05-29 10:52:21,211 [SKIP] len error : ['④', 'やや低い', '10回〜50回', '17.6%']
2026-05-29 10:52:21,211 [SKIP] len error : ['⑤', '低い', '10回未満', '11.0%']
2026-05-29 10:52:21,212 600件 / ?件中 19:52
2026-05-29 10:52:21,285 [TOTAL] None
2026-05-29 10:52:21,286 [COUNT] 600
2026-05-29 10:52:21,909 [PAGE] 31
2026-05-29 10:52:22,215 [SKIP] len error : ['東P', '東証プライム']
2026-05-29 10:52:22,215 [SKIP] len error : ['東S', '東証スタンダード']
2026-05-29 10:52:22,215 [SKIP] len error : ['東G', '東証グロース']
2026-05-29 10:52:22,215 [SKIP] len error : ['東Ｅ', '東証ETF']
2026-05-29 10:52:22,215 [SKIP] len error : ['東EN', '東証ETN']
2026-05-29 10:52:22,215 [SKIP] len error : ['東Ｒ', '東証REIT']
2026-05-29 10:52:22,215 [SKIP] len error : ['東IF', '東証インフラファンド']
2026-05-29 10:52:22,215 [SKIP] len error : ['名Ｐ', '名証プレミア']
2026-05-29 10:52:22,215 [SKIP] len error : ['名M', '名証メイン']
2026-05-29 10:52:22,215 [SKIP] len error : ['名N', '名証ネクスト']
2026-05-29 10:52:22,215 [SKIP] len error : ['名Ｅ', '名証ETF']
2026-05-29 10:52:22,215 [SKIP] len error : ['札Ａ', '札証アンビシャス']
2026-05-29 10:52:22,215 [SKIP] len error : ['福Ｑ', '福証Q-Board']
2026-05-29 10:52:22,215 [SKIP] len error : ['①', '高い', '1,000回以上', '13.9%']
2026-05-29 10:52:22,216 [SKIP] len error : ['②', 'やや高い', '400回〜1,000回', '18.5%']
2026-05-29 10:52:22,216 [SKIP] len error : ['③', '中位', '50回〜400回', '39.0%']
2026-05-29 10:52:22,216 [SKIP] len error : ['④', 'やや低い', '10回〜50回', '17.6%']
2026-05-29 10:52:22,216 [SKIP] len error : ['⑤', '低い', '10回未満', '11.0%']
2026-05-29 10:52:22,216 620件 / ?件中 19:52
2026-05-29 10:52:22,263 [TOTAL] None
2026-05-29 10:52:22,263 [COUNT] 620
2026-05-29 10:52:23,499 [PAGE] 32
2026-05-29 10:52:23,796 [SKIP] len error : ['東P', '東証プライム']
2026-05-29 10:52:23,796 [SKIP] len error : ['東S', '東証スタンダード']
2026-05-29 10:52:23,796 [SKIP] len error : ['東G', '東証グロース']
2026-05-29 10:52:23,796 [SKIP] len error : ['東Ｅ', '東証ETF']
2026-05-29 10:52:23,796 [SKIP] len error : ['東EN', '東証ETN']
2026-05-29 10:52:23,796 [SKIP] len error : ['東Ｒ', '東証REIT']
2026-05-29 10:52:23,796 [SKIP] len error : ['東IF', '東証インフラファンド']
2026-05-29 10:52:23,796 [SKIP] len error : ['名Ｐ', '名証プレミア']
2026-05-29 10:52:23,796 [SKIP] len error : ['名M', '名証メイン']
2026-05-29 10:52:23,796 [SKIP] len error : ['名N', '名証ネクスト']
2026-05-29 10:52:23,796 [SKIP] len error : ['名Ｅ', '名証ETF']
2026-05-29 10:52:23,796 [SKIP] len error : ['札Ａ', '札証アンビシャス']
2026-05-29 10:52:23,796 [SKIP] len error : ['福Ｑ', '福証Q-Board']
2026-05-29 10:52:23,796 [SKIP] len error : ['①', '高い', '1,000回以上', '13.9%']
2026-05-29 10:52:23,796 [SKIP] len error : ['②', 'やや高い', '400回〜1,000回', '18.5%']
2026-05-29 10:52:23,796 [SKIP] len error : ['③', '中位', '50回〜400回', '39.0%']
2026-05-29 10:52:23,796 [SKIP] len error : ['④', 'やや低い', '10回〜50回', '17.6%']
2026-05-29 10:52:23,796 [SKIP] len error : ['⑤', '低い', '10回未満', '11.0%']
2026-05-29 10:52:23,796 640件 / ?件中 19:52
2026-05-29 10:52:23,842 [TOTAL] None
2026-05-29 10:52:23,842 [COUNT] 640
2026-05-29 10:52:24,956 [PAGE] 33
2026-05-29 10:52:25,256 [SKIP] len error : ['東P', '東証プライム']
2026-05-29 10:52:25,256 [SKIP] len error : ['東S', '東証スタンダード']
2026-05-29 10:52:25,256 [SKIP] len error : ['東G', '東証グロース']
2026-05-29 10:52:25,256 [SKIP] len error : ['東Ｅ', '東証ETF']
2026-05-29 10:52:25,256 [SKIP] len error : ['東EN', '東証ETN']
2026-05-29 10:52:25,256 [SKIP] len error : ['東Ｒ', '東証REIT']
2026-05-29 10:52:25,256 [SKIP] len error : ['東IF', '東証インフラファンド']
2026-05-29 10:52:25,256 [SKIP] len error : ['名Ｐ', '名証プレミア']
2026-05-29 10:52:25,256 [SKIP] len error : ['名M', '名証メイン']
2026-05-29 10:52:25,256 [SKIP] len error : ['名N', '名証ネクスト']
2026-05-29 10:52:25,256 [SKIP] len error : ['名Ｅ', '名証ETF']
2026-05-29 10:52:25,256 [SKIP] len error : ['札Ａ', '札証アンビシャス']
2026-05-29 10:52:25,256 [SKIP] len error : ['福Ｑ', '福証Q-Board']
2026-05-29 10:52:25,256 [SKIP] len error : ['①', '高い', '1,000回以上', '13.9%']
2026-05-29 10:52:25,256 [SKIP] len error : ['②', 'やや高い', '400回〜1,000回', '18.5%']
2026-05-29 10:52:25,256 [SKIP] len error : ['③', '中位', '50回〜400回', '39.0%']
2026-05-29 10:52:25,256 [SKIP] len error : ['④', 'やや低い', '10回〜50回', '17.6%']
2026-05-29 10:52:25,256 [SKIP] len error : ['⑤', '低い', '10回未満', '11.0%']
2026-05-29 10:52:25,257 660件 / ?件中 19:52
2026-05-29 10:52:25,303 [TOTAL] None
2026-05-29 10:52:25,303 [COUNT] 660
2026-05-29 10:52:25,842 [PAGE] 34
2026-05-29 10:52:26,130 [SKIP] len error : ['東P', '東証プライム']
2026-05-29 10:52:26,130 [SKIP] len error : ['東S', '東証スタンダード']
2026-05-29 10:52:26,130 [SKIP] len error : ['東G', '東証グロース']
2026-05-29 10:52:26,130 [SKIP] len error : ['東Ｅ', '東証ETF']
2026-05-29 10:52:26,130 [SKIP] len error : ['東EN', '東証ETN']
2026-05-29 10:52:26,130 [SKIP] len error : ['東Ｒ', '東証REIT']
2026-05-29 10:52:26,130 [SKIP] len error : ['東IF', '東証インフラファンド']
2026-05-29 10:52:26,130 [SKIP] len error : ['名Ｐ', '名証プレミア']
2026-05-29 10:52:26,130 [SKIP] len error : ['名M', '名証メイン']
2026-05-29 10:52:26,130 [SKIP] len error : ['名N', '名証ネクスト']
2026-05-29 10:52:26,130 [SKIP] len error : ['名Ｅ', '名証ETF']
2026-05-29 10:52:26,130 [SKIP] len error : ['札Ａ', '札証アンビシャス']
2026-05-29 10:52:26,130 [SKIP] len error : ['福Ｑ', '福証Q-Board']
2026-05-29 10:52:26,130 [SKIP] len error : ['①', '高い', '1,000回以上', '13.9%']
2026-05-29 10:52:26,130 [SKIP] len error : ['②', 'やや高い', '400回〜1,000回', '18.5%']
2026-05-29 10:52:26,130 [SKIP] len error : ['③', '中位', '50回〜400回', '39.0%']
2026-05-29 10:52:26,130 [SKIP] len error : ['④', 'やや低い', '10回〜50回', '17.6%']
2026-05-29 10:52:26,130 [SKIP] len error : ['⑤', '低い', '10回未満', '11.0%']
2026-05-29 10:52:26,131 680件 / ?件中 19:52
2026-05-29 10:52:26,177 [TOTAL] None
2026-05-29 10:52:26,177 [COUNT] 680
2026-05-29 10:52:27,154 [PAGE] 35
2026-05-29 10:52:27,470 [SKIP] len error : ['東P', '東証プライム']
2026-05-29 10:52:27,470 [SKIP] len error : ['東S', '東証スタンダード']
2026-05-29 10:52:27,470 [SKIP] len error : ['東G', '東証グロース']
2026-05-29 10:52:27,470 [SKIP] len error : ['東Ｅ', '東証ETF']
2026-05-29 10:52:27,470 [SKIP] len error : ['東EN', '東証ETN']
2026-05-29 10:52:27,470 [SKIP] len error : ['東Ｒ', '東証REIT']
2026-05-29 10:52:27,470 [SKIP] len error : ['東IF', '東証インフラファンド']
2026-05-29 10:52:27,470 [SKIP] len error : ['名Ｐ', '名証プレミア']
2026-05-29 10:52:27,470 [SKIP] len error : ['名M', '名証メイン']
2026-05-29 10:52:27,470 [SKIP] len error : ['名N', '名証ネクスト']
2026-05-29 10:52:27,470 [SKIP] len error : ['名Ｅ', '名証ETF']
2026-05-29 10:52:27,470 [SKIP] len error : ['札Ａ', '札証アンビシャス']
2026-05-29 10:52:27,470 [SKIP] len error : ['福Ｑ', '福証Q-Board']
2026-05-29 10:52:27,470 [SKIP] len error : ['①', '高い', '1,000回以上', '13.9%']
2026-05-29 10:52:27,470 [SKIP] len error : ['②', 'やや高い', '400回〜1,000回', '18.5%']
2026-05-29 10:52:27,470 [SKIP] len error : ['③', '中位', '50回〜400回', '39.0%']
2026-05-29 10:52:27,470 [SKIP] len error : ['④', 'やや低い', '10回〜50回', '17.6%']
2026-05-29 10:52:27,470 [SKIP] len error : ['⑤', '低い', '10回未満', '11.0%']
2026-05-29 10:52:27,471 700件 / ?件中 19:52
2026-05-29 10:52:27,517 [TOTAL] None
2026-05-29 10:52:27,517 [COUNT] 700
2026-05-29 10:52:28,229 [PAGE] 36
2026-05-29 10:52:28,512 [SKIP] len error : ['東P', '東証プライム']
2026-05-29 10:52:28,512 [SKIP] len error : ['東S', '東証スタンダード']
2026-05-29 10:52:28,512 [SKIP] len error : ['東G', '東証グロース']
2026-05-29 10:52:28,512 [SKIP] len error : ['東Ｅ', '東証ETF']
2026-05-29 10:52:28,512 [SKIP] len error : ['東EN', '東証ETN']
2026-05-29 10:52:28,512 [SKIP] len error : ['東Ｒ', '東証REIT']
2026-05-29 10:52:28,512 [SKIP] len error : ['東IF', '東証インフラファンド']
2026-05-29 10:52:28,512 [SKIP] len error : ['名Ｐ', '名証プレミア']
2026-05-29 10:52:28,512 [SKIP] len error : ['名M', '名証メイン']
2026-05-29 10:52:28,512 [SKIP] len error : ['名N', '名証ネクスト']
2026-05-29 10:52:28,512 [SKIP] len error : ['名Ｅ', '名証ETF']
2026-05-29 10:52:28,512 [SKIP] len error : ['札Ａ', '札証アンビシャス']
2026-05-29 10:52:28,512 [SKIP] len error : ['福Ｑ', '福証Q-Board']
2026-05-29 10:52:28,512 [SKIP] len error : ['①', '高い', '1,000回以上', '13.9%']
2026-05-29 10:52:28,512 [SKIP] len error : ['②', 'やや高い', '400回〜1,000回', '18.5%']
2026-05-29 10:52:28,512 [SKIP] len error : ['③', '中位', '50回〜400回', '39.0%']
2026-05-29 10:52:28,512 [SKIP] len error : ['④', 'やや低い', '10回〜50回', '17.6%']
2026-05-29 10:52:28,512 [SKIP] len error : ['⑤', '低い', '10回未満', '11.0%']
2026-05-29 10:52:28,512 720件 / ?件中 19:52
2026-05-29 10:52:28,559 [TOTAL] None
2026-05-29 10:52:28,559 [COUNT] 720
2026-05-29 10:52:29,714 [PAGE] 37
2026-05-29 10:52:30,011 [SKIP] len error : ['東P', '東証プライム']
2026-05-29 10:52:30,011 [SKIP] len error : ['東S', '東証スタンダード']
2026-05-29 10:52:30,011 [SKIP] len error : ['東G', '東証グロース']
2026-05-29 10:52:30,011 [SKIP] len error : ['東Ｅ', '東証ETF']
2026-05-29 10:52:30,011 [SKIP] len error : ['東EN', '東証ETN']
2026-05-29 10:52:30,011 [SKIP] len error : ['東Ｒ', '東証REIT']
2026-05-29 10:52:30,011 [SKIP] len error : ['東IF', '東証インフラファンド']
2026-05-29 10:52:30,011 [SKIP] len error : ['名Ｐ', '名証プレミア']
2026-05-29 10:52:30,011 [SKIP] len error : ['名M', '名証メイン']
2026-05-29 10:52:30,011 [SKIP] len error : ['名N', '名証ネクスト']
2026-05-29 10:52:30,011 [SKIP] len error : ['名Ｅ', '名証ETF']
2026-05-29 10:52:30,011 [SKIP] len error : ['札Ａ', '札証アンビシャス']
2026-05-29 10:52:30,011 [SKIP] len error : ['福Ｑ', '福証Q-Board']
2026-05-29 10:52:30,011 [SKIP] len error : ['①', '高い', '1,000回以上', '13.9%']
2026-05-29 10:52:30,011 [SKIP] len error : ['②', 'やや高い', '400回〜1,000回', '18.5%']
2026-05-29 10:52:30,011 [SKIP] len error : ['③', '中位', '50回〜400回', '39.0%']
2026-05-29 10:52:30,011 [SKIP] len error : ['④', 'やや低い', '10回〜50回', '17.6%']
2026-05-29 10:52:30,011 [SKIP] len error : ['⑤', '低い', '10回未満', '11.0%']
2026-05-29 10:52:30,012 740件 / ?件中 19:52
2026-05-29 10:52:30,057 [TOTAL] None
2026-05-29 10:52:30,057 [COUNT] 740
2026-05-29 10:52:31,135 [PAGE] 38
2026-05-29 10:52:31,421 [SKIP] len error : ['東P', '東証プライム']
2026-05-29 10:52:31,422 [SKIP] len error : ['東S', '東証スタンダード']
2026-05-29 10:52:31,422 [SKIP] len error : ['東G', '東証グロース']
2026-05-29 10:52:31,422 [SKIP] len error : ['東Ｅ', '東証ETF']
2026-05-29 10:52:31,422 [SKIP] len error : ['東EN', '東証ETN']
2026-05-29 10:52:31,422 [SKIP] len error : ['東Ｒ', '東証REIT']
2026-05-29 10:52:31,422 [SKIP] len error : ['東IF', '東証インフラファンド']
2026-05-29 10:52:31,422 [SKIP] len error : ['名Ｐ', '名証プレミア']
2026-05-29 10:52:31,422 [SKIP] len error : ['名M', '名証メイン']
2026-05-29 10:52:31,422 [SKIP] len error : ['名N', '名証ネクスト']
2026-05-29 10:52:31,422 [SKIP] len error : ['名Ｅ', '名証ETF']
2026-05-29 10:52:31,422 [SKIP] len error : ['札Ａ', '札証アンビシャス']
2026-05-29 10:52:31,422 [SKIP] len error : ['福Ｑ', '福証Q-Board']
2026-05-29 10:52:31,422 [SKIP] len error : ['①', '高い', '1,000回以上', '13.9%']
2026-05-29 10:52:31,422 [SKIP] len error : ['②', 'やや高い', '400回〜1,000回', '18.5%']
2026-05-29 10:52:31,422 [SKIP] len error : ['③', '中位', '50回〜400回', '39.0%']
2026-05-29 10:52:31,422 [SKIP] len error : ['④', 'やや低い', '10回〜50回', '17.6%']
2026-05-29 10:52:31,422 [SKIP] len error : ['⑤', '低い', '10回未満', '11.0%']
2026-05-29 10:52:31,422 760件 / ?件中 19:52
2026-05-29 10:52:31,468 [TOTAL] None
2026-05-29 10:52:31,468 [COUNT] 760
2026-05-29 10:52:32,033 [PAGE] 39
2026-05-29 10:52:32,341 [SKIP] len error : ['東P', '東証プライム']
2026-05-29 10:52:32,341 [SKIP] len error : ['東S', '東証スタンダード']
2026-05-29 10:52:32,341 [SKIP] len error : ['東G', '東証グロース']
2026-05-29 10:52:32,341 [SKIP] len error : ['東Ｅ', '東証ETF']
2026-05-29 10:52:32,341 [SKIP] len error : ['東EN', '東証ETN']
2026-05-29 10:52:32,341 [SKIP] len error : ['東Ｒ', '東証REIT']
2026-05-29 10:52:32,341 [SKIP] len error : ['東IF', '東証インフラファンド']
2026-05-29 10:52:32,341 [SKIP] len error : ['名Ｐ', '名証プレミア']
2026-05-29 10:52:32,341 [SKIP] len error : ['名M', '名証メイン']
2026-05-29 10:52:32,341 [SKIP] len error : ['名N', '名証ネクスト']
2026-05-29 10:52:32,341 [SKIP] len error : ['名Ｅ', '名証ETF']
2026-05-29 10:52:32,341 [SKIP] len error : ['札Ａ', '札証アンビシャス']
2026-05-29 10:52:32,341 [SKIP] len error : ['福Ｑ', '福証Q-Board']
2026-05-29 10:52:32,341 [SKIP] len error : ['①', '高い', '1,000回以上', '13.9%']
2026-05-29 10:52:32,341 [SKIP] len error : ['②', 'やや高い', '400回〜1,000回', '18.5%']
2026-05-29 10:52:32,341 [SKIP] len error : ['③', '中位', '50回〜400回', '39.0%']
2026-05-29 10:52:32,341 [SKIP] len error : ['④', 'やや低い', '10回〜50回', '17.6%']
2026-05-29 10:52:32,341 [SKIP] len error : ['⑤', '低い', '10回未満', '11.0%']
2026-05-29 10:52:32,342 780件 / ?件中 19:52
2026-05-29 10:52:32,388 [TOTAL] None
2026-05-29 10:52:32,388 [COUNT] 780
2026-05-29 10:52:33,853 [PAGE] 40
2026-05-29 10:52:34,192 [SKIP] len error : ['東P', '東証プライム']
2026-05-29 10:52:34,192 [SKIP] len error : ['東S', '東証スタンダード']
2026-05-29 10:52:34,192 [SKIP] len error : ['東G', '東証グロース']
2026-05-29 10:52:34,192 [SKIP] len error : ['東Ｅ', '東証ETF']
2026-05-29 10:52:34,192 [SKIP] len error : ['東EN', '東証ETN']
2026-05-29 10:52:34,192 [SKIP] len error : ['東Ｒ', '東証REIT']
2026-05-29 10:52:34,192 [SKIP] len error : ['東IF', '東証インフラファンド']
2026-05-29 10:52:34,192 [SKIP] len error : ['名Ｐ', '名証プレミア']
2026-05-29 10:52:34,192 [SKIP] len error : ['名M', '名証メイン']
2026-05-29 10:52:34,192 [SKIP] len error : ['名N', '名証ネクスト']
2026-05-29 10:52:34,192 [SKIP] len error : ['名Ｅ', '名証ETF']
2026-05-29 10:52:34,192 [SKIP] len error : ['札Ａ', '札証アンビシャス']
2026-05-29 10:52:34,192 [SKIP] len error : ['福Ｑ', '福証Q-Board']
2026-05-29 10:52:34,192 [SKIP] len error : ['①', '高い', '1,000回以上', '13.9%']
2026-05-29 10:52:34,192 [SKIP] len error : ['②', 'やや高い', '400回〜1,000回', '18.5%']
2026-05-29 10:52:34,192 [SKIP] len error : ['③', '中位', '50回〜400回', '39.0%']
2026-05-29 10:52:34,192 [SKIP] len error : ['④', 'やや低い', '10回〜50回', '17.6%']
2026-05-29 10:52:34,192 [SKIP] len error : ['⑤', '低い', '10回未満', '11.0%']
2026-05-29 10:52:34,192 800件 / ?件中 19:52
2026-05-29 10:52:34,238 [TOTAL] None
2026-05-29 10:52:34,238 [COUNT] 800
2026-05-29 10:52:35,449 [PAGE] 41
2026-05-29 10:52:35,730 [SKIP] len error : ['東P', '東証プライム']
2026-05-29 10:52:35,731 [SKIP] len error : ['東S', '東証スタンダード']
2026-05-29 10:52:35,731 [SKIP] len error : ['東G', '東証グロース']
2026-05-29 10:52:35,731 [SKIP] len error : ['東Ｅ', '東証ETF']
2026-05-29 10:52:35,731 [SKIP] len error : ['東EN', '東証ETN']
2026-05-29 10:52:35,731 [SKIP] len error : ['東Ｒ', '東証REIT']
2026-05-29 10:52:35,731 [SKIP] len error : ['東IF', '東証インフラファンド']
2026-05-29 10:52:35,731 [SKIP] len error : ['名Ｐ', '名証プレミア']
2026-05-29 10:52:35,731 [SKIP] len error : ['名M', '名証メイン']
2026-05-29 10:52:35,731 [SKIP] len error : ['名N', '名証ネクスト']
2026-05-29 10:52:35,731 [SKIP] len error : ['名Ｅ', '名証ETF']
2026-05-29 10:52:35,731 [SKIP] len error : ['札Ａ', '札証アンビシャス']
2026-05-29 10:52:35,731 [SKIP] len error : ['福Ｑ', '福証Q-Board']
2026-05-29 10:52:35,731 [SKIP] len error : ['①', '高い', '1,000回以上', '13.9%']
2026-05-29 10:52:35,731 [SKIP] len error : ['②', 'やや高い', '400回〜1,000回', '18.5%']
2026-05-29 10:52:35,731 [SKIP] len error : ['③', '中位', '50回〜400回', '39.0%']
2026-05-29 10:52:35,731 [SKIP] len error : ['④', 'やや低い', '10回〜50回', '17.6%']
2026-05-29 10:52:35,731 [SKIP] len error : ['⑤', '低い', '10回未満', '11.0%']
2026-05-29 10:52:35,731 820件 / ?件中 19:52
2026-05-29 10:52:35,780 [TOTAL] None
2026-05-29 10:52:35,780 [COUNT] 820
2026-05-29 10:52:37,247 [PAGE] 42
2026-05-29 10:52:37,532 [SKIP] len error : ['東P', '東証プライム']
2026-05-29 10:52:37,533 [SKIP] len error : ['東S', '東証スタンダード']
2026-05-29 10:52:37,533 [SKIP] len error : ['東G', '東証グロース']
2026-05-29 10:52:37,533 [SKIP] len error : ['東Ｅ', '東証ETF']
2026-05-29 10:52:37,533 [SKIP] len error : ['東EN', '東証ETN']
2026-05-29 10:52:37,533 [SKIP] len error : ['東Ｒ', '東証REIT']
2026-05-29 10:52:37,533 [SKIP] len error : ['東IF', '東証インフラファンド']
2026-05-29 10:52:37,533 [SKIP] len error : ['名Ｐ', '名証プレミア']
2026-05-29 10:52:37,533 [SKIP] len error : ['名M', '名証メイン']
2026-05-29 10:52:37,533 [SKIP] len error : ['名N', '名証ネクスト']
2026-05-29 10:52:37,533 [SKIP] len error : ['名Ｅ', '名証ETF']
2026-05-29 10:52:37,533 [SKIP] len error : ['札Ａ', '札証アンビシャス']
2026-05-29 10:52:37,533 [SKIP] len error : ['福Ｑ', '福証Q-Board']
2026-05-29 10:52:37,533 [SKIP] len error : ['①', '高い', '1,000回以上', '13.9%']
2026-05-29 10:52:37,533 [SKIP] len error : ['②', 'やや高い', '400回〜1,000回', '18.5%']
2026-05-29 10:52:37,533 [SKIP] len error : ['③', '中位', '50回〜400回', '39.0%']
2026-05-29 10:52:37,533 [SKIP] len error : ['④', 'やや低い', '10回〜50回', '17.6%']
2026-05-29 10:52:37,533 [SKIP] len error : ['⑤', '低い', '10回未満', '11.0%']
2026-05-29 10:52:37,533 840件 / ?件中 19:52
2026-05-29 10:52:37,580 [TOTAL] None
2026-05-29 10:52:37,580 [COUNT] 840
2026-05-29 10:52:38,543 [PAGE] 43
2026-05-29 10:52:38,852 [SKIP] len error : ['東P', '東証プライム']
2026-05-29 10:52:38,852 [SKIP] len error : ['東S', '東証スタンダード']
2026-05-29 10:52:38,852 [SKIP] len error : ['東G', '東証グロース']
2026-05-29 10:52:38,853 [SKIP] len error : ['東Ｅ', '東証ETF']
2026-05-29 10:52:38,853 [SKIP] len error : ['東EN', '東証ETN']
2026-05-29 10:52:38,853 [SKIP] len error : ['東Ｒ', '東証REIT']
2026-05-29 10:52:38,853 [SKIP] len error : ['東IF', '東証インフラファンド']
2026-05-29 10:52:38,853 [SKIP] len error : ['名Ｐ', '名証プレミア']
2026-05-29 10:52:38,853 [SKIP] len error : ['名M', '名証メイン']
2026-05-29 10:52:38,853 [SKIP] len error : ['名N', '名証ネクスト']
2026-05-29 10:52:38,853 [SKIP] len error : ['名Ｅ', '名証ETF']
2026-05-29 10:52:38,853 [SKIP] len error : ['札Ａ', '札証アンビシャス']
2026-05-29 10:52:38,853 [SKIP] len error : ['福Ｑ', '福証Q-Board']
2026-05-29 10:52:38,853 [SKIP] len error : ['①', '高い', '1,000回以上', '13.9%']
2026-05-29 10:52:38,853 [SKIP] len error : ['②', 'やや高い', '400回〜1,000回', '18.5%']
2026-05-29 10:52:38,853 [SKIP] len error : ['③', '中位', '50回〜400回', '39.0%']
2026-05-29 10:52:38,853 [SKIP] len error : ['④', 'やや低い', '10回〜50回', '17.6%']
2026-05-29 10:52:38,853 [SKIP] len error : ['⑤', '低い', '10回未満', '11.0%']
2026-05-29 10:52:38,853 860件 / ?件中 19:52
2026-05-29 10:52:38,900 [TOTAL] None
2026-05-29 10:52:38,900 [COUNT] 860
2026-05-29 10:52:40,125 [PAGE] 44
2026-05-29 10:52:40,437 [SKIP] len error : ['東P', '東証プライム']
2026-05-29 10:52:40,437 [SKIP] len error : ['東S', '東証スタンダード']
2026-05-29 10:52:40,437 [SKIP] len error : ['東G', '東証グロース']
2026-05-29 10:52:40,437 [SKIP] len error : ['東Ｅ', '東証ETF']
2026-05-29 10:52:40,437 [SKIP] len error : ['東EN', '東証ETN']
2026-05-29 10:52:40,437 [SKIP] len error : ['東Ｒ', '東証REIT']
2026-05-29 10:52:40,437 [SKIP] len error : ['東IF', '東証インフラファンド']
2026-05-29 10:52:40,437 [SKIP] len error : ['名Ｐ', '名証プレミア']
2026-05-29 10:52:40,437 [SKIP] len error : ['名M', '名証メイン']
2026-05-29 10:52:40,437 [SKIP] len error : ['名N', '名証ネクスト']
2026-05-29 10:52:40,438 [SKIP] len error : ['名Ｅ', '名証ETF']
2026-05-29 10:52:40,438 [SKIP] len error : ['札Ａ', '札証アンビシャス']
2026-05-29 10:52:40,438 [SKIP] len error : ['福Ｑ', '福証Q-Board']
2026-05-29 10:52:40,438 [SKIP] len error : ['①', '高い', '1,000回以上', '13.9%']
2026-05-29 10:52:40,438 [SKIP] len error : ['②', 'やや高い', '400回〜1,000回', '18.5%']
2026-05-29 10:52:40,438 [SKIP] len error : ['③', '中位', '50回〜400回', '39.0%']
2026-05-29 10:52:40,438 [SKIP] len error : ['④', 'やや低い', '10回〜50回', '17.6%']
2026-05-29 10:52:40,438 [SKIP] len error : ['⑤', '低い', '10回未満', '11.0%']
2026-05-29 10:52:40,438 880件 / ?件中 19:52
2026-05-29 10:52:40,516 [TOTAL] None
2026-05-29 10:52:40,516 [COUNT] 880
2026-05-29 10:52:41,462 [PAGE] 45
2026-05-29 10:52:41,745 [SKIP] len error : ['東P', '東証プライム']
2026-05-29 10:52:41,745 [SKIP] len error : ['東S', '東証スタンダード']
2026-05-29 10:52:41,745 [SKIP] len error : ['東G', '東証グロース']
2026-05-29 10:52:41,745 [SKIP] len error : ['東Ｅ', '東証ETF']
2026-05-29 10:52:41,745 [SKIP] len error : ['東EN', '東証ETN']
2026-05-29 10:52:41,745 [SKIP] len error : ['東Ｒ', '東証REIT']
2026-05-29 10:52:41,745 [SKIP] len error : ['東IF', '東証インフラファンド']
2026-05-29 10:52:41,745 [SKIP] len error : ['名Ｐ', '名証プレミア']
2026-05-29 10:52:41,745 [SKIP] len error : ['名M', '名証メイン']
2026-05-29 10:52:41,745 [SKIP] len error : ['名N', '名証ネクスト']
2026-05-29 10:52:41,745 [SKIP] len error : ['名Ｅ', '名証ETF']
2026-05-29 10:52:41,745 [SKIP] len error : ['札Ａ', '札証アンビシャス']
2026-05-29 10:52:41,745 [SKIP] len error : ['福Ｑ', '福証Q-Board']
2026-05-29 10:52:41,745 [SKIP] len error : ['①', '高い', '1,000回以上', '13.9%']
2026-05-29 10:52:41,745 [SKIP] len error : ['②', 'やや高い', '400回〜1,000回', '18.5%']
2026-05-29 10:52:41,745 [SKIP] len error : ['③', '中位', '50回〜400回', '39.0%']
2026-05-29 10:52:41,746 [SKIP] len error : ['④', 'やや低い', '10回〜50回', '17.6%']
2026-05-29 10:52:41,746 [SKIP] len error : ['⑤', '低い', '10回未満', '11.0%']
2026-05-29 10:52:41,746 900件 / ?件中 19:52
2026-05-29 10:52:41,792 [TOTAL] None
2026-05-29 10:52:41,792 [COUNT] 900
2026-05-29 10:52:42,742 [PAGE] 46
2026-05-29 10:52:43,037 [SKIP] len error : ['東P', '東証プライム']
2026-05-29 10:52:43,037 [SKIP] len error : ['東S', '東証スタンダード']
2026-05-29 10:52:43,037 [SKIP] len error : ['東G', '東証グロース']
2026-05-29 10:52:43,037 [SKIP] len error : ['東Ｅ', '東証ETF']
2026-05-29 10:52:43,037 [SKIP] len error : ['東EN', '東証ETN']
2026-05-29 10:52:43,037 [SKIP] len error : ['東Ｒ', '東証REIT']
2026-05-29 10:52:43,037 [SKIP] len error : ['東IF', '東証インフラファンド']
2026-05-29 10:52:43,037 [SKIP] len error : ['名Ｐ', '名証プレミア']
2026-05-29 10:52:43,037 [SKIP] len error : ['名M', '名証メイン']
2026-05-29 10:52:43,037 [SKIP] len error : ['名N', '名証ネクスト']
2026-05-29 10:52:43,037 [SKIP] len error : ['名Ｅ', '名証ETF']
2026-05-29 10:52:43,037 [SKIP] len error : ['札Ａ', '札証アンビシャス']
2026-05-29 10:52:43,037 [SKIP] len error : ['福Ｑ', '福証Q-Board']
2026-05-29 10:52:43,037 [SKIP] len error : ['①', '高い', '1,000回以上', '13.9%']
2026-05-29 10:52:43,037 [SKIP] len error : ['②', 'やや高い', '400回〜1,000回', '18.5%']
2026-05-29 10:52:43,037 [SKIP] len error : ['③', '中位', '50回〜400回', '39.0%']
2026-05-29 10:52:43,037 [SKIP] len error : ['④', 'やや低い', '10回〜50回', '17.6%']
2026-05-29 10:52:43,037 [SKIP] len error : ['⑤', '低い', '10回未満', '11.0%']
2026-05-29 10:52:43,037 920件 / ?件中 19:52
2026-05-29 10:52:43,084 [TOTAL] None
2026-05-29 10:52:43,084 [COUNT] 920
2026-05-29 10:52:43,705 [PAGE] 47
2026-05-29 10:52:44,045 [SKIP] len error : ['東P', '東証プライム']
2026-05-29 10:52:44,045 [SKIP] len error : ['東S', '東証スタンダード']
2026-05-29 10:52:44,045 [SKIP] len error : ['東G', '東証グロース']
2026-05-29 10:52:44,045 [SKIP] len error : ['東Ｅ', '東証ETF']
2026-05-29 10:52:44,045 [SKIP] len error : ['東EN', '東証ETN']
2026-05-29 10:52:44,045 [SKIP] len error : ['東Ｒ', '東証REIT']
2026-05-29 10:52:44,045 [SKIP] len error : ['東IF', '東証インフラファンド']
2026-05-29 10:52:44,045 [SKIP] len error : ['名Ｐ', '名証プレミア']
2026-05-29 10:52:44,045 [SKIP] len error : ['名M', '名証メイン']
2026-05-29 10:52:44,045 [SKIP] len error : ['名N', '名証ネクスト']
2026-05-29 10:52:44,045 [SKIP] len error : ['名Ｅ', '名証ETF']
2026-05-29 10:52:44,045 [SKIP] len error : ['札Ａ', '札証アンビシャス']
2026-05-29 10:52:44,045 [SKIP] len error : ['福Ｑ', '福証Q-Board']
2026-05-29 10:52:44,045 [SKIP] len error : ['①', '高い', '1,000回以上', '13.9%']
2026-05-29 10:52:44,045 [SKIP] len error : ['②', 'やや高い', '400回〜1,000回', '18.5%']
2026-05-29 10:52:44,045 [SKIP] len error : ['③', '中位', '50回〜400回', '39.0%']
2026-05-29 10:52:44,045 [SKIP] len error : ['④', 'やや低い', '10回〜50回', '17.6%']
2026-05-29 10:52:44,045 [SKIP] len error : ['⑤', '低い', '10回未満', '11.0%']
2026-05-29 10:52:44,046 940件 / ?件中 19:52
2026-05-29 10:52:44,092 [TOTAL] None
2026-05-29 10:52:44,092 [COUNT] 940
2026-05-29 10:52:44,698 [PAGE] 48
2026-05-29 10:52:45,002 [SKIP] len error : ['東P', '東証プライム']
2026-05-29 10:52:45,002 [SKIP] len error : ['東S', '東証スタンダード']
2026-05-29 10:52:45,002 [SKIP] len error : ['東G', '東証グロース']
2026-05-29 10:52:45,002 [SKIP] len error : ['東Ｅ', '東証ETF']
2026-05-29 10:52:45,002 [SKIP] len error : ['東EN', '東証ETN']
2026-05-29 10:52:45,002 [SKIP] len error : ['東Ｒ', '東証REIT']
2026-05-29 10:52:45,003 [SKIP] len error : ['東IF', '東証インフラファンド']
2026-05-29 10:52:45,003 [SKIP] len error : ['名Ｐ', '名証プレミア']
2026-05-29 10:52:45,003 [SKIP] len error : ['名M', '名証メイン']
2026-05-29 10:52:45,003 [SKIP] len error : ['名N', '名証ネクスト']
2026-05-29 10:52:45,003 [SKIP] len error : ['名Ｅ', '名証ETF']
2026-05-29 10:52:45,003 [SKIP] len error : ['札Ａ', '札証アンビシャス']
2026-05-29 10:52:45,003 [SKIP] len error : ['福Ｑ', '福証Q-Board']
2026-05-29 10:52:45,003 [SKIP] len error : ['①', '高い', '1,000回以上', '13.9%']
2026-05-29 10:52:45,003 [SKIP] len error : ['②', 'やや高い', '400回〜1,000回', '18.5%']
2026-05-29 10:52:45,003 [SKIP] len error : ['③', '中位', '50回〜400回', '39.0%']
2026-05-29 10:52:45,003 [SKIP] len error : ['④', 'やや低い', '10回〜50回', '17.6%']
2026-05-29 10:52:45,003 [SKIP] len error : ['⑤', '低い', '10回未満', '11.0%']
2026-05-29 10:52:45,003 960件 / ?件中 19:52
2026-05-29 10:52:45,049 [TOTAL] None
2026-05-29 10:52:45,049 [COUNT] 960
2026-05-29 10:52:45,946 [PAGE] 49
2026-05-29 10:52:46,226 [SKIP] len error : ['東P', '東証プライム']
2026-05-29 10:52:46,226 [SKIP] len error : ['東S', '東証スタンダード']
2026-05-29 10:52:46,226 [SKIP] len error : ['東G', '東証グロース']
2026-05-29 10:52:46,226 [SKIP] len error : ['東Ｅ', '東証ETF']
2026-05-29 10:52:46,226 [SKIP] len error : ['東EN', '東証ETN']
2026-05-29 10:52:46,226 [SKIP] len error : ['東Ｒ', '東証REIT']
2026-05-29 10:52:46,226 [SKIP] len error : ['東IF', '東証インフラファンド']
2026-05-29 10:52:46,227 [SKIP] len error : ['名Ｐ', '名証プレミア']
2026-05-29 10:52:46,227 [SKIP] len error : ['名M', '名証メイン']
2026-05-29 10:52:46,227 [SKIP] len error : ['名N', '名証ネクスト']
2026-05-29 10:52:46,227 [SKIP] len error : ['名Ｅ', '名証ETF']
2026-05-29 10:52:46,227 [SKIP] len error : ['札Ａ', '札証アンビシャス']
2026-05-29 10:52:46,227 [SKIP] len error : ['福Ｑ', '福証Q-Board']
2026-05-29 10:52:46,227 [SKIP] len error : ['①', '高い', '1,000回以上', '13.9%']
2026-05-29 10:52:46,227 [SKIP] len error : ['②', 'やや高い', '400回〜1,000回', '18.5%']
2026-05-29 10:52:46,227 [SKIP] len error : ['③', '中位', '50回〜400回', '39.0%']
2026-05-29 10:52:46,227 [SKIP] len error : ['④', 'やや低い', '10回〜50回', '17.6%']
2026-05-29 10:52:46,227 [SKIP] len error : ['⑤', '低い', '10回未満', '11.0%']
2026-05-29 10:52:46,227 980件 / ?件中 19:52
2026-05-29 10:52:46,307 [TOTAL] None
2026-05-29 10:52:46,307 [COUNT] 980
2026-05-29 10:52:47,714 [PAGE] 50
2026-05-29 10:52:48,018 [SKIP] len error : ['東P', '東証プライム']
2026-05-29 10:52:48,018 [SKIP] len error : ['東S', '東証スタンダード']
2026-05-29 10:52:48,018 [SKIP] len error : ['東G', '東証グロース']
2026-05-29 10:52:48,019 [SKIP] len error : ['東Ｅ', '東証ETF']
2026-05-29 10:52:48,019 [SKIP] len error : ['東EN', '東証ETN']
2026-05-29 10:52:48,019 [SKIP] len error : ['東Ｒ', '東証REIT']
2026-05-29 10:52:48,019 [SKIP] len error : ['東IF', '東証インフラファンド']
2026-05-29 10:52:48,019 [SKIP] len error : ['名Ｐ', '名証プレミア']
2026-05-29 10:52:48,019 [SKIP] len error : ['名M', '名証メイン']
2026-05-29 10:52:48,019 [SKIP] len error : ['名N', '名証ネクスト']
2026-05-29 10:52:48,019 [SKIP] len error : ['名Ｅ', '名証ETF']
2026-05-29 10:52:48,019 [SKIP] len error : ['札Ａ', '札証アンビシャス']
2026-05-29 10:52:48,019 [SKIP] len error : ['福Ｑ', '福証Q-Board']
2026-05-29 10:52:48,019 [SKIP] len error : ['①', '高い', '1,000回以上', '13.9%']
2026-05-29 10:52:48,019 [SKIP] len error : ['②', 'やや高い', '400回〜1,000回', '18.5%']
2026-05-29 10:52:48,019 [SKIP] len error : ['③', '中位', '50回〜400回', '39.0%']
2026-05-29 10:52:48,019 [SKIP] len error : ['④', 'やや低い', '10回〜50回', '17.6%']
2026-05-29 10:52:48,019 [SKIP] len error : ['⑤', '低い', '10回未満', '11.0%']
2026-05-29 10:52:48,019 1000件 / ?件中 19:52
2026-05-29 10:52:48,066 [TOTAL] None
2026-05-29 10:52:48,066 [COUNT] 1000
2026-05-29 10:52:49,050 [PAGE] 51
2026-05-29 10:52:49,340 [SKIP] len error : ['東P', '東証プライム']
2026-05-29 10:52:49,340 [SKIP] len error : ['東S', '東証スタンダード']
2026-05-29 10:52:49,340 [SKIP] len error : ['東G', '東証グロース']
2026-05-29 10:52:49,340 [SKIP] len error : ['東Ｅ', '東証ETF']
2026-05-29 10:52:49,340 [SKIP] len error : ['東EN', '東証ETN']
2026-05-29 10:52:49,340 [SKIP] len error : ['東Ｒ', '東証REIT']
2026-05-29 10:52:49,340 [SKIP] len error : ['東IF', '東証インフラファンド']
2026-05-29 10:52:49,340 [SKIP] len error : ['名Ｐ', '名証プレミア']
2026-05-29 10:52:49,340 [SKIP] len error : ['名M', '名証メイン']
2026-05-29 10:52:49,340 [SKIP] len error : ['名N', '名証ネクスト']
2026-05-29 10:52:49,340 [SKIP] len error : ['名Ｅ', '名証ETF']
2026-05-29 10:52:49,340 [SKIP] len error : ['札Ａ', '札証アンビシャス']
2026-05-29 10:52:49,340 [SKIP] len error : ['福Ｑ', '福証Q-Board']
2026-05-29 10:52:49,340 [SKIP] len error : ['①', '高い', '1,000回以上', '13.9%']
2026-05-29 10:52:49,340 [SKIP] len error : ['②', 'やや高い', '400回〜1,000回', '18.5%']
2026-05-29 10:52:49,340 [SKIP] len error : ['③', '中位', '50回〜400回', '39.0%']
2026-05-29 10:52:49,340 [SKIP] len error : ['④', 'やや低い', '10回〜50回', '17.6%']
2026-05-29 10:52:49,340 [SKIP] len error : ['⑤', '低い', '10回未満', '11.0%']
2026-05-29 10:52:49,340 1020件 / ?件中 19:52
2026-05-29 10:52:49,387 [TOTAL] None
2026-05-29 10:52:49,387 [COUNT] 1020
2026-05-29 10:52:49,892 [PAGE] 52
2026-05-29 10:52:50,189 [SKIP] len error : ['東P', '東証プライム']
2026-05-29 10:52:50,189 [SKIP] len error : ['東S', '東証スタンダード']
2026-05-29 10:52:50,189 [SKIP] len error : ['東G', '東証グロース']
2026-05-29 10:52:50,189 [SKIP] len error : ['東Ｅ', '東証ETF']
2026-05-29 10:52:50,189 [SKIP] len error : ['東EN', '東証ETN']
2026-05-29 10:52:50,189 [SKIP] len error : ['東Ｒ', '東証REIT']
2026-05-29 10:52:50,189 [SKIP] len error : ['東IF', '東証インフラファンド']
2026-05-29 10:52:50,189 [SKIP] len error : ['名Ｐ', '名証プレミア']
2026-05-29 10:52:50,189 [SKIP] len error : ['名M', '名証メイン']
2026-05-29 10:52:50,189 [SKIP] len error : ['名N', '名証ネクスト']
2026-05-29 10:52:50,189 [SKIP] len error : ['名Ｅ', '名証ETF']
2026-05-29 10:52:50,189 [SKIP] len error : ['札Ａ', '札証アンビシャス']
2026-05-29 10:52:50,189 [SKIP] len error : ['福Ｑ', '福証Q-Board']
2026-05-29 10:52:50,189 [SKIP] len error : ['①', '高い', '1,000回以上', '13.9%']
2026-05-29 10:52:50,189 [SKIP] len error : ['②', 'やや高い', '400回〜1,000回', '18.5%']
2026-05-29 10:52:50,190 [SKIP] len error : ['③', '中位', '50回〜400回', '39.0%']
2026-05-29 10:52:50,190 [SKIP] len error : ['④', 'やや低い', '10回〜50回', '17.6%']
2026-05-29 10:52:50,190 [SKIP] len error : ['⑤', '低い', '10回未満', '11.0%']
2026-05-29 10:52:50,190 1040件 / ?件中 19:52
2026-05-29 10:52:50,237 [TOTAL] None
2026-05-29 10:52:50,237 [COUNT] 1040
2026-05-29 10:52:50,761 [PAGE] 53
2026-05-29 10:52:51,050 [SKIP] len error : ['東P', '東証プライム']
2026-05-29 10:52:51,050 [SKIP] len error : ['東S', '東証スタンダード']
2026-05-29 10:52:51,050 [SKIP] len error : ['東G', '東証グロース']
2026-05-29 10:52:51,050 [SKIP] len error : ['東Ｅ', '東証ETF']
2026-05-29 10:52:51,050 [SKIP] len error : ['東EN', '東証ETN']
2026-05-29 10:52:51,050 [SKIP] len error : ['東Ｒ', '東証REIT']
2026-05-29 10:52:51,050 [SKIP] len error : ['東IF', '東証インフラファンド']
2026-05-29 10:52:51,050 [SKIP] len error : ['名Ｐ', '名証プレミア']
2026-05-29 10:52:51,050 [SKIP] len error : ['名M', '名証メイン']
2026-05-29 10:52:51,050 [SKIP] len error : ['名N', '名証ネクスト']
2026-05-29 10:52:51,050 [SKIP] len error : ['名Ｅ', '名証ETF']
2026-05-29 10:52:51,050 [SKIP] len error : ['札Ａ', '札証アンビシャス']
2026-05-29 10:52:51,050 [SKIP] len error : ['福Ｑ', '福証Q-Board']
2026-05-29 10:52:51,050 [SKIP] len error : ['①', '高い', '1,000回以上', '13.9%']
2026-05-29 10:52:51,050 [SKIP] len error : ['②', 'やや高い', '400回〜1,000回', '18.5%']
2026-05-29 10:52:51,050 [SKIP] len error : ['③', '中位', '50回〜400回', '39.0%']
2026-05-29 10:52:51,050 [SKIP] len error : ['④', 'やや低い', '10回〜50回', '17.6%']
2026-05-29 10:52:51,050 [SKIP] len error : ['⑤', '低い', '10回未満', '11.0%']
2026-05-29 10:52:51,051 1060件 / ?件中 19:52
2026-05-29 10:52:51,097 [TOTAL] None
2026-05-29 10:52:51,097 [COUNT] 1060
2026-05-29 10:52:52,533 [PAGE] 54
2026-05-29 10:52:52,863 [SKIP] len error : ['東P', '東証プライム']
2026-05-29 10:52:52,863 [SKIP] len error : ['東S', '東証スタンダード']
2026-05-29 10:52:52,863 [SKIP] len error : ['東G', '東証グロース']
2026-05-29 10:52:52,863 [SKIP] len error : ['東Ｅ', '東証ETF']
2026-05-29 10:52:52,863 [SKIP] len error : ['東EN', '東証ETN']
2026-05-29 10:52:52,863 [SKIP] len error : ['東Ｒ', '東証REIT']
2026-05-29 10:52:52,863 [SKIP] len error : ['東IF', '東証インフラファンド']
2026-05-29 10:52:52,863 [SKIP] len error : ['名Ｐ', '名証プレミア']
2026-05-29 10:52:52,863 [SKIP] len error : ['名M', '名証メイン']
2026-05-29 10:52:52,863 [SKIP] len error : ['名N', '名証ネクスト']
2026-05-29 10:52:52,863 [SKIP] len error : ['名Ｅ', '名証ETF']
2026-05-29 10:52:52,863 [SKIP] len error : ['札Ａ', '札証アンビシャス']
2026-05-29 10:52:52,863 [SKIP] len error : ['福Ｑ', '福証Q-Board']
2026-05-29 10:52:52,863 [SKIP] len error : ['①', '高い', '1,000回以上', '13.9%']
2026-05-29 10:52:52,863 [SKIP] len error : ['②', 'やや高い', '400回〜1,000回', '18.5%']
2026-05-29 10:52:52,863 [SKIP] len error : ['③', '中位', '50回〜400回', '39.0%']
2026-05-29 10:52:52,863 [SKIP] len error : ['④', 'やや低い', '10回〜50回', '17.6%']
2026-05-29 10:52:52,863 [SKIP] len error : ['⑤', '低い', '10回未満', '11.0%']
2026-05-29 10:52:52,863 1080件 / ?件中 19:52
2026-05-29 10:52:52,909 [TOTAL] None
2026-05-29 10:52:52,909 [COUNT] 1080
2026-05-29 10:52:54,343 [PAGE] 55
2026-05-29 10:52:54,648 [SKIP] len error : ['東P', '東証プライム']
2026-05-29 10:52:54,648 [SKIP] len error : ['東S', '東証スタンダード']
2026-05-29 10:52:54,648 [SKIP] len error : ['東G', '東証グロース']
2026-05-29 10:52:54,648 [SKIP] len error : ['東Ｅ', '東証ETF']
2026-05-29 10:52:54,648 [SKIP] len error : ['東EN', '東証ETN']
2026-05-29 10:52:54,648 [SKIP] len error : ['東Ｒ', '東証REIT']
2026-05-29 10:52:54,648 [SKIP] len error : ['東IF', '東証インフラファンド']
2026-05-29 10:52:54,648 [SKIP] len error : ['名Ｐ', '名証プレミア']
2026-05-29 10:52:54,648 [SKIP] len error : ['名M', '名証メイン']
2026-05-29 10:52:54,648 [SKIP] len error : ['名N', '名証ネクスト']
2026-05-29 10:52:54,648 [SKIP] len error : ['名Ｅ', '名証ETF']
2026-05-29 10:52:54,648 [SKIP] len error : ['札Ａ', '札証アンビシャス']
2026-05-29 10:52:54,648 [SKIP] len error : ['福Ｑ', '福証Q-Board']
2026-05-29 10:52:54,648 [SKIP] len error : ['①', '高い', '1,000回以上', '13.9%']
2026-05-29 10:52:54,648 [SKIP] len error : ['②', 'やや高い', '400回〜1,000回', '18.5%']
2026-05-29 10:52:54,648 [SKIP] len error : ['③', '中位', '50回〜400回', '39.0%']
2026-05-29 10:52:54,648 [SKIP] len error : ['④', 'やや低い', '10回〜50回', '17.6%']
2026-05-29 10:52:54,648 [SKIP] len error : ['⑤', '低い', '10回未満', '11.0%']
2026-05-29 10:52:54,648 1100件 / ?件中 19:52
2026-05-29 10:52:54,695 [TOTAL] None
2026-05-29 10:52:54,695 [COUNT] 1100
2026-05-29 10:52:55,890 [PAGE] 56
2026-05-29 10:52:56,199 [SKIP] len error : ['東P', '東証プライム']
2026-05-29 10:52:56,199 [SKIP] len error : ['東S', '東証スタンダード']
2026-05-29 10:52:56,199 [SKIP] len error : ['東G', '東証グロース']
2026-05-29 10:52:56,199 [SKIP] len error : ['東Ｅ', '東証ETF']
2026-05-29 10:52:56,199 [SKIP] len error : ['東EN', '東証ETN']
2026-05-29 10:52:56,199 [SKIP] len error : ['東Ｒ', '東証REIT']
2026-05-29 10:52:56,199 [SKIP] len error : ['東IF', '東証インフラファンド']
2026-05-29 10:52:56,199 [SKIP] len error : ['名Ｐ', '名証プレミア']
2026-05-29 10:52:56,199 [SKIP] len error : ['名M', '名証メイン']
2026-05-29 10:52:56,199 [SKIP] len error : ['名N', '名証ネクスト']
2026-05-29 10:52:56,199 [SKIP] len error : ['名Ｅ', '名証ETF']
2026-05-29 10:52:56,199 [SKIP] len error : ['札Ａ', '札証アンビシャス']
2026-05-29 10:52:56,199 [SKIP] len error : ['福Ｑ', '福証Q-Board']
2026-05-29 10:52:56,199 [SKIP] len error : ['①', '高い', '1,000回以上', '13.9%']
2026-05-29 10:52:56,199 [SKIP] len error : ['②', 'やや高い', '400回〜1,000回', '18.5%']
2026-05-29 10:52:56,199 [SKIP] len error : ['③', '中位', '50回〜400回', '39.0%']
2026-05-29 10:52:56,199 [SKIP] len error : ['④', 'やや低い', '10回〜50回', '17.6%']
2026-05-29 10:52:56,199 [SKIP] len error : ['⑤', '低い', '10回未満', '11.0%']
2026-05-29 10:52:56,199 1120件 / ?件中 19:52
2026-05-29 10:52:56,247 [TOTAL] None
2026-05-29 10:52:56,247 [COUNT] 1120
2026-05-29 10:52:56,947 [PAGE] 57
2026-05-29 10:52:57,235 [SKIP] len error : ['東P', '東証プライム']
2026-05-29 10:52:57,235 [SKIP] len error : ['東S', '東証スタンダード']
2026-05-29 10:52:57,236 [SKIP] len error : ['東G', '東証グロース']
2026-05-29 10:52:57,236 [SKIP] len error : ['東Ｅ', '東証ETF']
2026-05-29 10:52:57,236 [SKIP] len error : ['東EN', '東証ETN']
2026-05-29 10:52:57,236 [SKIP] len error : ['東Ｒ', '東証REIT']
2026-05-29 10:52:57,236 [SKIP] len error : ['東IF', '東証インフラファンド']
2026-05-29 10:52:57,236 [SKIP] len error : ['名Ｐ', '名証プレミア']
2026-05-29 10:52:57,236 [SKIP] len error : ['名M', '名証メイン']
2026-05-29 10:52:57,236 [SKIP] len error : ['名N', '名証ネクスト']
2026-05-29 10:52:57,236 [SKIP] len error : ['名Ｅ', '名証ETF']
2026-05-29 10:52:57,236 [SKIP] len error : ['札Ａ', '札証アンビシャス']
2026-05-29 10:52:57,236 [SKIP] len error : ['福Ｑ', '福証Q-Board']
2026-05-29 10:52:57,236 [SKIP] len error : ['①', '高い', '1,000回以上', '13.9%']
2026-05-29 10:52:57,236 [SKIP] len error : ['②', 'やや高い', '400回〜1,000回', '18.5%']
2026-05-29 10:52:57,236 [SKIP] len error : ['③', '中位', '50回〜400回', '39.0%']
2026-05-29 10:52:57,236 [SKIP] len error : ['④', 'やや低い', '10回〜50回', '17.6%']
2026-05-29 10:52:57,236 [SKIP] len error : ['⑤', '低い', '10回未満', '11.0%']
2026-05-29 10:52:57,236 1140件 / ?件中 19:52
2026-05-29 10:52:57,282 [TOTAL] None
2026-05-29 10:52:57,282 [COUNT] 1140
2026-05-29 10:52:58,435 [PAGE] 58
2026-05-29 10:52:58,728 [SKIP] len error : ['東P', '東証プライム']
2026-05-29 10:52:58,728 [SKIP] len error : ['東S', '東証スタンダード']
2026-05-29 10:52:58,728 [SKIP] len error : ['東G', '東証グロース']
2026-05-29 10:52:58,728 [SKIP] len error : ['東Ｅ', '東証ETF']
2026-05-29 10:52:58,728 [SKIP] len error : ['東EN', '東証ETN']
2026-05-29 10:52:58,728 [SKIP] len error : ['東Ｒ', '東証REIT']
2026-05-29 10:52:58,728 [SKIP] len error : ['東IF', '東証インフラファンド']
2026-05-29 10:52:58,729 [SKIP] len error : ['名Ｐ', '名証プレミア']
2026-05-29 10:52:58,729 [SKIP] len error : ['名M', '名証メイン']
2026-05-29 10:52:58,729 [SKIP] len error : ['名N', '名証ネクスト']
2026-05-29 10:52:58,729 [SKIP] len error : ['名Ｅ', '名証ETF']
2026-05-29 10:52:58,729 [SKIP] len error : ['札Ａ', '札証アンビシャス']
2026-05-29 10:52:58,729 [SKIP] len error : ['福Ｑ', '福証Q-Board']
2026-05-29 10:52:58,729 [SKIP] len error : ['①', '高い', '1,000回以上', '13.9%']
2026-05-29 10:52:58,729 [SKIP] len error : ['②', 'やや高い', '400回〜1,000回', '18.5%']
2026-05-29 10:52:58,729 [SKIP] len error : ['③', '中位', '50回〜400回', '39.0%']
2026-05-29 10:52:58,729 [SKIP] len error : ['④', 'やや低い', '10回〜50回', '17.6%']
2026-05-29 10:52:58,729 [SKIP] len error : ['⑤', '低い', '10回未満', '11.0%']
2026-05-29 10:52:58,729 1160件 / ?件中 19:52
2026-05-29 10:52:58,775 [TOTAL] None
2026-05-29 10:52:58,775 [COUNT] 1160
2026-05-29 10:52:59,381 [PAGE] 59
2026-05-29 10:52:59,695 [SKIP] len error : ['東P', '東証プライム']
2026-05-29 10:52:59,696 [SKIP] len error : ['東S', '東証スタンダード']
2026-05-29 10:52:59,696 [SKIP] len error : ['東G', '東証グロース']
2026-05-29 10:52:59,696 [SKIP] len error : ['東Ｅ', '東証ETF']
2026-05-29 10:52:59,696 [SKIP] len error : ['東EN', '東証ETN']
2026-05-29 10:52:59,696 [SKIP] len error : ['東Ｒ', '東証REIT']
2026-05-29 10:52:59,696 [SKIP] len error : ['東IF', '東証インフラファンド']
2026-05-29 10:52:59,696 [SKIP] len error : ['名Ｐ', '名証プレミア']
2026-05-29 10:52:59,696 [SKIP] len error : ['名M', '名証メイン']
2026-05-29 10:52:59,696 [SKIP] len error : ['名N', '名証ネクスト']
2026-05-29 10:52:59,696 [SKIP] len error : ['名Ｅ', '名証ETF']
2026-05-29 10:52:59,696 [SKIP] len error : ['札Ａ', '札証アンビシャス']
2026-05-29 10:52:59,696 [SKIP] len error : ['福Ｑ', '福証Q-Board']
2026-05-29 10:52:59,696 [SKIP] len error : ['①', '高い', '1,000回以上', '13.9%']
2026-05-29 10:52:59,696 [SKIP] len error : ['②', 'やや高い', '400回〜1,000回', '18.5%']
2026-05-29 10:52:59,696 [SKIP] len error : ['③', '中位', '50回〜400回', '39.0%']
2026-05-29 10:52:59,696 [SKIP] len error : ['④', 'やや低い', '10回〜50回', '17.6%']
2026-05-29 10:52:59,696 [SKIP] len error : ['⑤', '低い', '10回未満', '11.0%']
2026-05-29 10:52:59,696 1180件 / ?件中 19:52
2026-05-29 10:52:59,743 [TOTAL] None
2026-05-29 10:52:59,743 [COUNT] 1180
2026-05-29 10:53:00,291 [PAGE] 60
2026-05-29 10:53:00,576 [SKIP] len error : ['東P', '東証プライム']
2026-05-29 10:53:00,577 [SKIP] len error : ['東S', '東証スタンダード']
2026-05-29 10:53:00,577 [SKIP] len error : ['東G', '東証グロース']
2026-05-29 10:53:00,577 [SKIP] len error : ['東Ｅ', '東証ETF']
2026-05-29 10:53:00,577 [SKIP] len error : ['東EN', '東証ETN']
2026-05-29 10:53:00,577 [SKIP] len error : ['東Ｒ', '東証REIT']
2026-05-29 10:53:00,577 [SKIP] len error : ['東IF', '東証インフラファンド']
2026-05-29 10:53:00,577 [SKIP] len error : ['名Ｐ', '名証プレミア']
2026-05-29 10:53:00,577 [SKIP] len error : ['名M', '名証メイン']
2026-05-29 10:53:00,577 [SKIP] len error : ['名N', '名証ネクスト']
2026-05-29 10:53:00,577 [SKIP] len error : ['名Ｅ', '名証ETF']
2026-05-29 10:53:00,577 [SKIP] len error : ['札Ａ', '札証アンビシャス']
2026-05-29 10:53:00,577 [SKIP] len error : ['福Ｑ', '福証Q-Board']
2026-05-29 10:53:00,577 [SKIP] len error : ['①', '高い', '1,000回以上', '13.9%']
2026-05-29 10:53:00,577 [SKIP] len error : ['②', 'やや高い', '400回〜1,000回', '18.5%']
2026-05-29 10:53:00,577 [SKIP] len error : ['③', '中位', '50回〜400回', '39.0%']
2026-05-29 10:53:00,577 [SKIP] len error : ['④', 'やや低い', '10回〜50回', '17.6%']
2026-05-29 10:53:00,577 [SKIP] len error : ['⑤', '低い', '10回未満', '11.0%']
2026-05-29 10:53:00,577 1200件 / ?件中 19:53
2026-05-29 10:53:00,624 [TOTAL] None
2026-05-29 10:53:00,624 [COUNT] 1200
2026-05-29 10:53:02,028 [PAGE] 61
2026-05-29 10:53:02,324 [SKIP] len error : ['東P', '東証プライム']
2026-05-29 10:53:02,324 [SKIP] len error : ['東S', '東証スタンダード']
2026-05-29 10:53:02,324 [SKIP] len error : ['東G', '東証グロース']
2026-05-29 10:53:02,324 [SKIP] len error : ['東Ｅ', '東証ETF']
2026-05-29 10:53:02,324 [SKIP] len error : ['東EN', '東証ETN']
2026-05-29 10:53:02,324 [SKIP] len error : ['東Ｒ', '東証REIT']
2026-05-29 10:53:02,324 [SKIP] len error : ['東IF', '東証インフラファンド']
2026-05-29 10:53:02,324 [SKIP] len error : ['名Ｐ', '名証プレミア']
2026-05-29 10:53:02,324 [SKIP] len error : ['名M', '名証メイン']
2026-05-29 10:53:02,324 [SKIP] len error : ['名N', '名証ネクスト']
2026-05-29 10:53:02,324 [SKIP] len error : ['名Ｅ', '名証ETF']
2026-05-29 10:53:02,324 [SKIP] len error : ['札Ａ', '札証アンビシャス']
2026-05-29 10:53:02,324 [SKIP] len error : ['福Ｑ', '福証Q-Board']
2026-05-29 10:53:02,324 [SKIP] len error : ['①', '高い', '1,000回以上', '13.9%']
2026-05-29 10:53:02,324 [SKIP] len error : ['②', 'やや高い', '400回〜1,000回', '18.5%']
2026-05-29 10:53:02,324 [SKIP] len error : ['③', '中位', '50回〜400回', '39.0%']
2026-05-29 10:53:02,324 [SKIP] len error : ['④', 'やや低い', '10回〜50回', '17.6%']
2026-05-29 10:53:02,324 [SKIP] len error : ['⑤', '低い', '10回未満', '11.0%']
2026-05-29 10:53:02,325 1220件 / ?件中 19:53
2026-05-29 10:53:02,371 [TOTAL] None
2026-05-29 10:53:02,371 [COUNT] 1220
2026-05-29 10:53:03,125 [PAGE] 62
2026-05-29 10:53:03,419 [SKIP] len error : ['東P', '東証プライム']
2026-05-29 10:53:03,420 [SKIP] len error : ['東S', '東証スタンダード']
2026-05-29 10:53:03,420 [SKIP] len error : ['東G', '東証グロース']
2026-05-29 10:53:03,420 [SKIP] len error : ['東Ｅ', '東証ETF']
2026-05-29 10:53:03,420 [SKIP] len error : ['東EN', '東証ETN']
2026-05-29 10:53:03,420 [SKIP] len error : ['東Ｒ', '東証REIT']
2026-05-29 10:53:03,420 [SKIP] len error : ['東IF', '東証インフラファンド']
2026-05-29 10:53:03,420 [SKIP] len error : ['名Ｐ', '名証プレミア']
2026-05-29 10:53:03,420 [SKIP] len error : ['名M', '名証メイン']
2026-05-29 10:53:03,420 [SKIP] len error : ['名N', '名証ネクスト']
2026-05-29 10:53:03,420 [SKIP] len error : ['名Ｅ', '名証ETF']
2026-05-29 10:53:03,420 [SKIP] len error : ['札Ａ', '札証アンビシャス']
2026-05-29 10:53:03,420 [SKIP] len error : ['福Ｑ', '福証Q-Board']
2026-05-29 10:53:03,420 [SKIP] len error : ['①', '高い', '1,000回以上', '13.9%']
2026-05-29 10:53:03,420 [SKIP] len error : ['②', 'やや高い', '400回〜1,000回', '18.5%']
2026-05-29 10:53:03,420 [SKIP] len error : ['③', '中位', '50回〜400回', '39.0%']
2026-05-29 10:53:03,420 [SKIP] len error : ['④', 'やや低い', '10回〜50回', '17.6%']
2026-05-29 10:53:03,420 [SKIP] len error : ['⑤', '低い', '10回未満', '11.0%']
2026-05-29 10:53:03,420 1240件 / ?件中 19:53
2026-05-29 10:53:03,467 [TOTAL] None
2026-05-29 10:53:03,467 [COUNT] 1240
2026-05-29 10:53:04,448 [PAGE] 63
2026-05-29 10:53:04,729 [SKIP] len error : ['東P', '東証プライム']
2026-05-29 10:53:04,729 [SKIP] len error : ['東S', '東証スタンダード']
2026-05-29 10:53:04,729 [SKIP] len error : ['東G', '東証グロース']
2026-05-29 10:53:04,729 [SKIP] len error : ['東Ｅ', '東証ETF']
2026-05-29 10:53:04,729 [SKIP] len error : ['東EN', '東証ETN']
2026-05-29 10:53:04,729 [SKIP] len error : ['東Ｒ', '東証REIT']
2026-05-29 10:53:04,729 [SKIP] len error : ['東IF', '東証インフラファンド']
2026-05-29 10:53:04,729 [SKIP] len error : ['名Ｐ', '名証プレミア']
2026-05-29 10:53:04,729 [SKIP] len error : ['名M', '名証メイン']
2026-05-29 10:53:04,729 [SKIP] len error : ['名N', '名証ネクスト']
2026-05-29 10:53:04,729 [SKIP] len error : ['名Ｅ', '名証ETF']
2026-05-29 10:53:04,729 [SKIP] len error : ['札Ａ', '札証アンビシャス']
2026-05-29 10:53:04,729 [SKIP] len error : ['福Ｑ', '福証Q-Board']
2026-05-29 10:53:04,729 [SKIP] len error : ['①', '高い', '1,000回以上', '13.9%']
2026-05-29 10:53:04,729 [SKIP] len error : ['②', 'やや高い', '400回〜1,000回', '18.5%']
2026-05-29 10:53:04,729 [SKIP] len error : ['③', '中位', '50回〜400回', '39.0%']
2026-05-29 10:53:04,729 [SKIP] len error : ['④', 'やや低い', '10回〜50回', '17.6%']
2026-05-29 10:53:04,729 [SKIP] len error : ['⑤', '低い', '10回未満', '11.0%']
2026-05-29 10:53:04,729 1260件 / ?件中 19:53
2026-05-29 10:53:04,809 [TOTAL] None
2026-05-29 10:53:04,809 [COUNT] 1260
2026-05-29 10:53:05,647 [PAGE] 64
2026-05-29 10:53:05,928 [SKIP] len error : ['東P', '東証プライム']
2026-05-29 10:53:05,928 [SKIP] len error : ['東S', '東証スタンダード']
2026-05-29 10:53:05,928 [SKIP] len error : ['東G', '東証グロース']
2026-05-29 10:53:05,928 [SKIP] len error : ['東Ｅ', '東証ETF']
2026-05-29 10:53:05,928 [SKIP] len error : ['東EN', '東証ETN']
2026-05-29 10:53:05,928 [SKIP] len error : ['東Ｒ', '東証REIT']
2026-05-29 10:53:05,928 [SKIP] len error : ['東IF', '東証インフラファンド']
2026-05-29 10:53:05,928 [SKIP] len error : ['名Ｐ', '名証プレミア']
2026-05-29 10:53:05,928 [SKIP] len error : ['名M', '名証メイン']
2026-05-29 10:53:05,928 [SKIP] len error : ['名N', '名証ネクスト']
2026-05-29 10:53:05,928 [SKIP] len error : ['名Ｅ', '名証ETF']
2026-05-29 10:53:05,928 [SKIP] len error : ['札Ａ', '札証アンビシャス']
2026-05-29 10:53:05,928 [SKIP] len error : ['福Ｑ', '福証Q-Board']
2026-05-29 10:53:05,928 [SKIP] len error : ['①', '高い', '1,000回以上', '13.9%']
2026-05-29 10:53:05,928 [SKIP] len error : ['②', 'やや高い', '400回〜1,000回', '18.5%']
2026-05-29 10:53:05,928 [SKIP] len error : ['③', '中位', '50回〜400回', '39.0%']
2026-05-29 10:53:05,928 [SKIP] len error : ['④', 'やや低い', '10回〜50回', '17.6%']
2026-05-29 10:53:05,928 [SKIP] len error : ['⑤', '低い', '10回未満', '11.0%']
2026-05-29 10:53:05,929 1280件 / ?件中 19:53
2026-05-29 10:53:05,975 [TOTAL] None
2026-05-29 10:53:05,975 [COUNT] 1280
2026-05-29 10:53:07,379 [PAGE] 65
2026-05-29 10:53:07,693 [SKIP] len error : ['東P', '東証プライム']
2026-05-29 10:53:07,693 [SKIP] len error : ['東S', '東証スタンダード']
2026-05-29 10:53:07,693 [SKIP] len error : ['東G', '東証グロース']
2026-05-29 10:53:07,693 [SKIP] len error : ['東Ｅ', '東証ETF']
2026-05-29 10:53:07,693 [SKIP] len error : ['東EN', '東証ETN']
2026-05-29 10:53:07,693 [SKIP] len error : ['東Ｒ', '東証REIT']
2026-05-29 10:53:07,694 [SKIP] len error : ['東IF', '東証インフラファンド']
2026-05-29 10:53:07,694 [SKIP] len error : ['名Ｐ', '名証プレミア']
2026-05-29 10:53:07,694 [SKIP] len error : ['名M', '名証メイン']
2026-05-29 10:53:07,694 [SKIP] len error : ['名N', '名証ネクスト']
2026-05-29 10:53:07,694 [SKIP] len error : ['名Ｅ', '名証ETF']
2026-05-29 10:53:07,694 [SKIP] len error : ['札Ａ', '札証アンビシャス']
2026-05-29 10:53:07,694 [SKIP] len error : ['福Ｑ', '福証Q-Board']
2026-05-29 10:53:07,694 [SKIP] len error : ['①', '高い', '1,000回以上', '13.9%']
2026-05-29 10:53:07,694 [SKIP] len error : ['②', 'やや高い', '400回〜1,000回', '18.5%']
2026-05-29 10:53:07,694 [SKIP] len error : ['③', '中位', '50回〜400回', '39.0%']
2026-05-29 10:53:07,694 [SKIP] len error : ['④', 'やや低い', '10回〜50回', '17.6%']
2026-05-29 10:53:07,694 [SKIP] len error : ['⑤', '低い', '10回未満', '11.0%']
2026-05-29 10:53:07,694 1300件 / ?件中 19:53
2026-05-29 10:53:07,748 [TOTAL] None
2026-05-29 10:53:07,748 [COUNT] 1300
2026-05-29 10:53:08,839 [PAGE] 66
2026-05-29 10:53:09,135 [SKIP] len error : ['東P', '東証プライム']
2026-05-29 10:53:09,135 [SKIP] len error : ['東S', '東証スタンダード']
2026-05-29 10:53:09,135 [SKIP] len error : ['東G', '東証グロース']
2026-05-29 10:53:09,135 [SKIP] len error : ['東Ｅ', '東証ETF']
2026-05-29 10:53:09,135 [SKIP] len error : ['東EN', '東証ETN']
2026-05-29 10:53:09,135 [SKIP] len error : ['東Ｒ', '東証REIT']
2026-05-29 10:53:09,135 [SKIP] len error : ['東IF', '東証インフラファンド']
2026-05-29 10:53:09,135 [SKIP] len error : ['名Ｐ', '名証プレミア']
2026-05-29 10:53:09,135 [SKIP] len error : ['名M', '名証メイン']
2026-05-29 10:53:09,135 [SKIP] len error : ['名N', '名証ネクスト']
2026-05-29 10:53:09,135 [SKIP] len error : ['名Ｅ', '名証ETF']
2026-05-29 10:53:09,135 [SKIP] len error : ['札Ａ', '札証アンビシャス']
2026-05-29 10:53:09,135 [SKIP] len error : ['福Ｑ', '福証Q-Board']
2026-05-29 10:53:09,135 [SKIP] len error : ['①', '高い', '1,000回以上', '13.9%']
2026-05-29 10:53:09,135 [SKIP] len error : ['②', 'やや高い', '400回〜1,000回', '18.5%']
2026-05-29 10:53:09,135 [SKIP] len error : ['③', '中位', '50回〜400回', '39.0%']
2026-05-29 10:53:09,135 [SKIP] len error : ['④', 'やや低い', '10回〜50回', '17.6%']
2026-05-29 10:53:09,135 [SKIP] len error : ['⑤', '低い', '10回未満', '11.0%']
2026-05-29 10:53:09,136 1320件 / ?件中 19:53
2026-05-29 10:53:09,182 [TOTAL] None
2026-05-29 10:53:09,182 [COUNT] 1320
2026-05-29 10:53:09,776 [PAGE] 67
2026-05-29 10:53:10,072 [SKIP] len error : ['東P', '東証プライム']
2026-05-29 10:53:10,072 [SKIP] len error : ['東S', '東証スタンダード']
2026-05-29 10:53:10,072 [SKIP] len error : ['東G', '東証グロース']
2026-05-29 10:53:10,072 [SKIP] len error : ['東Ｅ', '東証ETF']
2026-05-29 10:53:10,072 [SKIP] len error : ['東EN', '東証ETN']
2026-05-29 10:53:10,072 [SKIP] len error : ['東Ｒ', '東証REIT']
2026-05-29 10:53:10,072 [SKIP] len error : ['東IF', '東証インフラファンド']
2026-05-29 10:53:10,073 [SKIP] len error : ['名Ｐ', '名証プレミア']
2026-05-29 10:53:10,073 [SKIP] len error : ['名M', '名証メイン']
2026-05-29 10:53:10,073 [SKIP] len error : ['名N', '名証ネクスト']
2026-05-29 10:53:10,073 [SKIP] len error : ['名Ｅ', '名証ETF']
2026-05-29 10:53:10,073 [SKIP] len error : ['札Ａ', '札証アンビシャス']
2026-05-29 10:53:10,073 [SKIP] len error : ['福Ｑ', '福証Q-Board']
2026-05-29 10:53:10,073 [SKIP] len error : ['①', '高い', '1,000回以上', '13.9%']
2026-05-29 10:53:10,073 [SKIP] len error : ['②', 'やや高い', '400回〜1,000回', '18.5%']
2026-05-29 10:53:10,073 [SKIP] len error : ['③', '中位', '50回〜400回', '39.0%']
2026-05-29 10:53:10,073 [SKIP] len error : ['④', 'やや低い', '10回〜50回', '17.6%']
2026-05-29 10:53:10,073 [SKIP] len error : ['⑤', '低い', '10回未満', '11.0%']
2026-05-29 10:53:10,073 1340件 / ?件中 19:53
2026-05-29 10:53:10,119 [TOTAL] None
2026-05-29 10:53:10,119 [COUNT] 1340
2026-05-29 10:53:10,896 [PAGE] 68
2026-05-29 10:53:11,184 [SKIP] len error : ['東P', '東証プライム']
2026-05-29 10:53:11,184 [SKIP] len error : ['東S', '東証スタンダード']
2026-05-29 10:53:11,184 [SKIP] len error : ['東G', '東証グロース']
2026-05-29 10:53:11,184 [SKIP] len error : ['東Ｅ', '東証ETF']
2026-05-29 10:53:11,184 [SKIP] len error : ['東EN', '東証ETN']
2026-05-29 10:53:11,184 [SKIP] len error : ['東Ｒ', '東証REIT']
2026-05-29 10:53:11,184 [SKIP] len error : ['東IF', '東証インフラファンド']
2026-05-29 10:53:11,184 [SKIP] len error : ['名Ｐ', '名証プレミア']
2026-05-29 10:53:11,184 [SKIP] len error : ['名M', '名証メイン']
2026-05-29 10:53:11,184 [SKIP] len error : ['名N', '名証ネクスト']
2026-05-29 10:53:11,184 [SKIP] len error : ['名Ｅ', '名証ETF']
2026-05-29 10:53:11,184 [SKIP] len error : ['札Ａ', '札証アンビシャス']
2026-05-29 10:53:11,184 [SKIP] len error : ['福Ｑ', '福証Q-Board']
2026-05-29 10:53:11,184 [SKIP] len error : ['①', '高い', '1,000回以上', '13.9%']
2026-05-29 10:53:11,184 [SKIP] len error : ['②', 'やや高い', '400回〜1,000回', '18.5%']
2026-05-29 10:53:11,184 [SKIP] len error : ['③', '中位', '50回〜400回', '39.0%']
2026-05-29 10:53:11,184 [SKIP] len error : ['④', 'やや低い', '10回〜50回', '17.6%']
2026-05-29 10:53:11,184 [SKIP] len error : ['⑤', '低い', '10回未満', '11.0%']
2026-05-29 10:53:11,184 1360件 / ?件中 19:53
2026-05-29 10:53:11,268 [TOTAL] None
2026-05-29 10:53:11,268 [COUNT] 1360
2026-05-29 10:53:11,853 [PAGE] 69
2026-05-29 10:53:12,147 [SKIP] len error : ['東P', '東証プライム']
2026-05-29 10:53:12,147 [SKIP] len error : ['東S', '東証スタンダード']
2026-05-29 10:53:12,147 [SKIP] len error : ['東G', '東証グロース']
2026-05-29 10:53:12,147 [SKIP] len error : ['東Ｅ', '東証ETF']
2026-05-29 10:53:12,147 [SKIP] len error : ['東EN', '東証ETN']
2026-05-29 10:53:12,147 [SKIP] len error : ['東Ｒ', '東証REIT']
2026-05-29 10:53:12,148 [SKIP] len error : ['東IF', '東証インフラファンド']
2026-05-29 10:53:12,148 [SKIP] len error : ['名Ｐ', '名証プレミア']
2026-05-29 10:53:12,148 [SKIP] len error : ['名M', '名証メイン']
2026-05-29 10:53:12,148 [SKIP] len error : ['名N', '名証ネクスト']
2026-05-29 10:53:12,148 [SKIP] len error : ['名Ｅ', '名証ETF']
2026-05-29 10:53:12,148 [SKIP] len error : ['札Ａ', '札証アンビシャス']
2026-05-29 10:53:12,148 [SKIP] len error : ['福Ｑ', '福証Q-Board']
2026-05-29 10:53:12,148 [SKIP] len error : ['①', '高い', '1,000回以上', '13.9%']
2026-05-29 10:53:12,148 [SKIP] len error : ['②', 'やや高い', '400回〜1,000回', '18.5%']
2026-05-29 10:53:12,148 [SKIP] len error : ['③', '中位', '50回〜400回', '39.0%']
2026-05-29 10:53:12,148 [SKIP] len error : ['④', 'やや低い', '10回〜50回', '17.6%']
2026-05-29 10:53:12,148 [SKIP] len error : ['⑤', '低い', '10回未満', '11.0%']
2026-05-29 10:53:12,148 1380件 / ?件中 19:53
2026-05-29 10:53:12,194 [TOTAL] None
2026-05-29 10:53:12,194 [COUNT] 1380
2026-05-29 10:53:13,521 [PAGE] 70
2026-05-29 10:53:13,810 [SKIP] len error : ['東P', '東証プライム']
2026-05-29 10:53:13,811 [SKIP] len error : ['東S', '東証スタンダード']
2026-05-29 10:53:13,811 [SKIP] len error : ['東G', '東証グロース']
2026-05-29 10:53:13,811 [SKIP] len error : ['東Ｅ', '東証ETF']
2026-05-29 10:53:13,811 [SKIP] len error : ['東EN', '東証ETN']
2026-05-29 10:53:13,811 [SKIP] len error : ['東Ｒ', '東証REIT']
2026-05-29 10:53:13,811 [SKIP] len error : ['東IF', '東証インフラファンド']
2026-05-29 10:53:13,811 [SKIP] len error : ['名Ｐ', '名証プレミア']
2026-05-29 10:53:13,811 [SKIP] len error : ['名M', '名証メイン']
2026-05-29 10:53:13,811 [SKIP] len error : ['名N', '名証ネクスト']
2026-05-29 10:53:13,811 [SKIP] len error : ['名Ｅ', '名証ETF']
2026-05-29 10:53:13,811 [SKIP] len error : ['札Ａ', '札証アンビシャス']
2026-05-29 10:53:13,811 [SKIP] len error : ['福Ｑ', '福証Q-Board']
2026-05-29 10:53:13,811 [SKIP] len error : ['①', '高い', '1,000回以上', '13.9%']
2026-05-29 10:53:13,811 [SKIP] len error : ['②', 'やや高い', '400回〜1,000回', '18.5%']
2026-05-29 10:53:13,811 [SKIP] len error : ['③', '中位', '50回〜400回', '39.0%']
2026-05-29 10:53:13,811 [SKIP] len error : ['④', 'やや低い', '10回〜50回', '17.6%']
2026-05-29 10:53:13,811 [SKIP] len error : ['⑤', '低い', '10回未満', '11.0%']
2026-05-29 10:53:13,811 1400件 / ?件中 19:53
2026-05-29 10:53:13,857 [TOTAL] None
2026-05-29 10:53:13,858 [COUNT] 1400
2026-05-29 10:53:14,777 [PAGE] 71
2026-05-29 10:53:15,072 [SKIP] len error : ['東P', '東証プライム']
2026-05-29 10:53:15,072 [SKIP] len error : ['東S', '東証スタンダード']
2026-05-29 10:53:15,072 [SKIP] len error : ['東G', '東証グロース']
2026-05-29 10:53:15,072 [SKIP] len error : ['東Ｅ', '東証ETF']
2026-05-29 10:53:15,072 [SKIP] len error : ['東EN', '東証ETN']
2026-05-29 10:53:15,072 [SKIP] len error : ['東Ｒ', '東証REIT']
2026-05-29 10:53:15,072 [SKIP] len error : ['東IF', '東証インフラファンド']
2026-05-29 10:53:15,072 [SKIP] len error : ['名Ｐ', '名証プレミア']
2026-05-29 10:53:15,072 [SKIP] len error : ['名M', '名証メイン']
2026-05-29 10:53:15,072 [SKIP] len error : ['名N', '名証ネクスト']
2026-05-29 10:53:15,072 [SKIP] len error : ['名Ｅ', '名証ETF']
2026-05-29 10:53:15,072 [SKIP] len error : ['札Ａ', '札証アンビシャス']
2026-05-29 10:53:15,072 [SKIP] len error : ['福Ｑ', '福証Q-Board']
2026-05-29 10:53:15,072 [SKIP] len error : ['①', '高い', '1,000回以上', '13.9%']
2026-05-29 10:53:15,072 [SKIP] len error : ['②', 'やや高い', '400回〜1,000回', '18.5%']
2026-05-29 10:53:15,072 [SKIP] len error : ['③', '中位', '50回〜400回', '39.0%']
2026-05-29 10:53:15,072 [SKIP] len error : ['④', 'やや低い', '10回〜50回', '17.6%']
2026-05-29 10:53:15,072 [SKIP] len error : ['⑤', '低い', '10回未満', '11.0%']
2026-05-29 10:53:15,073 1420件 / ?件中 19:53
2026-05-29 10:53:15,119 [TOTAL] None
2026-05-29 10:53:15,119 [COUNT] 1420
2026-05-29 10:53:16,475 [PAGE] 72
2026-05-29 10:53:16,761 [SKIP] len error : ['東P', '東証プライム']
2026-05-29 10:53:16,761 [SKIP] len error : ['東S', '東証スタンダード']
2026-05-29 10:53:16,761 [SKIP] len error : ['東G', '東証グロース']
2026-05-29 10:53:16,761 [SKIP] len error : ['東Ｅ', '東証ETF']
2026-05-29 10:53:16,761 [SKIP] len error : ['東EN', '東証ETN']
2026-05-29 10:53:16,761 [SKIP] len error : ['東Ｒ', '東証REIT']
2026-05-29 10:53:16,762 [SKIP] len error : ['東IF', '東証インフラファンド']
2026-05-29 10:53:16,762 [SKIP] len error : ['名Ｐ', '名証プレミア']
2026-05-29 10:53:16,762 [SKIP] len error : ['名M', '名証メイン']
2026-05-29 10:53:16,762 [SKIP] len error : ['名N', '名証ネクスト']
2026-05-29 10:53:16,762 [SKIP] len error : ['名Ｅ', '名証ETF']
2026-05-29 10:53:16,762 [SKIP] len error : ['札Ａ', '札証アンビシャス']
2026-05-29 10:53:16,762 [SKIP] len error : ['福Ｑ', '福証Q-Board']
2026-05-29 10:53:16,762 [SKIP] len error : ['①', '高い', '1,000回以上', '13.9%']
2026-05-29 10:53:16,762 [SKIP] len error : ['②', 'やや高い', '400回〜1,000回', '18.5%']
2026-05-29 10:53:16,762 [SKIP] len error : ['③', '中位', '50回〜400回', '39.0%']
2026-05-29 10:53:16,762 [SKIP] len error : ['④', 'やや低い', '10回〜50回', '17.6%']
2026-05-29 10:53:16,762 [SKIP] len error : ['⑤', '低い', '10回未満', '11.0%']
2026-05-29 10:53:16,762 1440件 / ?件中 19:53
2026-05-29 10:53:16,808 [TOTAL] None
2026-05-29 10:53:16,808 [COUNT] 1440
2026-05-29 10:53:18,222 [PAGE] 73
2026-05-29 10:53:18,553 [SKIP] len error : ['東P', '東証プライム']
2026-05-29 10:53:18,553 [SKIP] len error : ['東S', '東証スタンダード']
2026-05-29 10:53:18,553 [SKIP] len error : ['東G', '東証グロース']
2026-05-29 10:53:18,553 [SKIP] len error : ['東Ｅ', '東証ETF']
2026-05-29 10:53:18,553 [SKIP] len error : ['東EN', '東証ETN']
2026-05-29 10:53:18,553 [SKIP] len error : ['東Ｒ', '東証REIT']
2026-05-29 10:53:18,553 [SKIP] len error : ['東IF', '東証インフラファンド']
2026-05-29 10:53:18,553 [SKIP] len error : ['名Ｐ', '名証プレミア']
2026-05-29 10:53:18,553 [SKIP] len error : ['名M', '名証メイン']
2026-05-29 10:53:18,553 [SKIP] len error : ['名N', '名証ネクスト']
2026-05-29 10:53:18,553 [SKIP] len error : ['名Ｅ', '名証ETF']
2026-05-29 10:53:18,553 [SKIP] len error : ['札Ａ', '札証アンビシャス']
2026-05-29 10:53:18,553 [SKIP] len error : ['福Ｑ', '福証Q-Board']
2026-05-29 10:53:18,553 [SKIP] len error : ['①', '高い', '1,000回以上', '13.9%']
2026-05-29 10:53:18,553 [SKIP] len error : ['②', 'やや高い', '400回〜1,000回', '18.5%']
2026-05-29 10:53:18,553 [SKIP] len error : ['③', '中位', '50回〜400回', '39.0%']
2026-05-29 10:53:18,553 [SKIP] len error : ['④', 'やや低い', '10回〜50回', '17.6%']
2026-05-29 10:53:18,553 [SKIP] len error : ['⑤', '低い', '10回未満', '11.0%']
2026-05-29 10:53:18,554 1460件 / ?件中 19:53
2026-05-29 10:53:18,599 [TOTAL] None
2026-05-29 10:53:18,599 [COUNT] 1460
2026-05-29 10:53:19,718 [PAGE] 74
2026-05-29 10:53:20,026 [SKIP] len error : ['東P', '東証プライム']
2026-05-29 10:53:20,026 [SKIP] len error : ['東S', '東証スタンダード']
2026-05-29 10:53:20,026 [SKIP] len error : ['東G', '東証グロース']
2026-05-29 10:53:20,026 [SKIP] len error : ['東Ｅ', '東証ETF']
2026-05-29 10:53:20,026 [SKIP] len error : ['東EN', '東証ETN']
2026-05-29 10:53:20,026 [SKIP] len error : ['東Ｒ', '東証REIT']
2026-05-29 10:53:20,026 [SKIP] len error : ['東IF', '東証インフラファンド']
2026-05-29 10:53:20,026 [SKIP] len error : ['名Ｐ', '名証プレミア']
2026-05-29 10:53:20,026 [SKIP] len error : ['名M', '名証メイン']
2026-05-29 10:53:20,026 [SKIP] len error : ['名N', '名証ネクスト']
2026-05-29 10:53:20,026 [SKIP] len error : ['名Ｅ', '名証ETF']
2026-05-29 10:53:20,027 [SKIP] len error : ['札Ａ', '札証アンビシャス']
2026-05-29 10:53:20,027 [SKIP] len error : ['福Ｑ', '福証Q-Board']
2026-05-29 10:53:20,027 [SKIP] len error : ['①', '高い', '1,000回以上', '13.9%']
2026-05-29 10:53:20,027 [SKIP] len error : ['②', 'やや高い', '400回〜1,000回', '18.5%']
2026-05-29 10:53:20,027 [SKIP] len error : ['③', '中位', '50回〜400回', '39.0%']
2026-05-29 10:53:20,027 [SKIP] len error : ['④', 'やや低い', '10回〜50回', '17.6%']
2026-05-29 10:53:20,027 [SKIP] len error : ['⑤', '低い', '10回未満', '11.0%']
2026-05-29 10:53:20,027 1480件 / ?件中 19:53
2026-05-29 10:53:20,073 [TOTAL] None
2026-05-29 10:53:20,073 [COUNT] 1480
2026-05-29 10:53:21,468 [PAGE] 75
2026-05-29 10:53:21,767 [SKIP] len error : ['東P', '東証プライム']
2026-05-29 10:53:21,767 [SKIP] len error : ['東S', '東証スタンダード']
2026-05-29 10:53:21,767 [SKIP] len error : ['東G', '東証グロース']
2026-05-29 10:53:21,767 [SKIP] len error : ['東Ｅ', '東証ETF']
2026-05-29 10:53:21,767 [SKIP] len error : ['東EN', '東証ETN']
2026-05-29 10:53:21,767 [SKIP] len error : ['東Ｒ', '東証REIT']
2026-05-29 10:53:21,767 [SKIP] len error : ['東IF', '東証インフラファンド']
2026-05-29 10:53:21,767 [SKIP] len error : ['名Ｐ', '名証プレミア']
2026-05-29 10:53:21,767 [SKIP] len error : ['名M', '名証メイン']
2026-05-29 10:53:21,767 [SKIP] len error : ['名N', '名証ネクスト']
2026-05-29 10:53:21,768 [SKIP] len error : ['名Ｅ', '名証ETF']
2026-05-29 10:53:21,768 [SKIP] len error : ['札Ａ', '札証アンビシャス']
2026-05-29 10:53:21,768 [SKIP] len error : ['福Ｑ', '福証Q-Board']
2026-05-29 10:53:21,768 [SKIP] len error : ['①', '高い', '1,000回以上', '13.9%']
2026-05-29 10:53:21,768 [SKIP] len error : ['②', 'やや高い', '400回〜1,000回', '18.5%']
2026-05-29 10:53:21,768 [SKIP] len error : ['③', '中位', '50回〜400回', '39.0%']
2026-05-29 10:53:21,768 [SKIP] len error : ['④', 'やや低い', '10回〜50回', '17.6%']
2026-05-29 10:53:21,768 [SKIP] len error : ['⑤', '低い', '10回未満', '11.0%']
2026-05-29 10:53:21,768 1500件 / ?件中 19:53
2026-05-29 10:53:21,815 [TOTAL] None
2026-05-29 10:53:21,815 [COUNT] 1500
2026-05-29 10:53:23,191 [PAGE] 76
2026-05-29 10:53:23,489 [SKIP] len error : ['東P', '東証プライム']
2026-05-29 10:53:23,489 [SKIP] len error : ['東S', '東証スタンダード']
2026-05-29 10:53:23,489 [SKIP] len error : ['東G', '東証グロース']
2026-05-29 10:53:23,489 [SKIP] len error : ['東Ｅ', '東証ETF']
2026-05-29 10:53:23,489 [SKIP] len error : ['東EN', '東証ETN']
2026-05-29 10:53:23,489 [SKIP] len error : ['東Ｒ', '東証REIT']
2026-05-29 10:53:23,489 [SKIP] len error : ['東IF', '東証インフラファンド']
2026-05-29 10:53:23,489 [SKIP] len error : ['名Ｐ', '名証プレミア']
2026-05-29 10:53:23,489 [SKIP] len error : ['名M', '名証メイン']
2026-05-29 10:53:23,489 [SKIP] len error : ['名N', '名証ネクスト']
2026-05-29 10:53:23,489 [SKIP] len error : ['名Ｅ', '名証ETF']
2026-05-29 10:53:23,489 [SKIP] len error : ['札Ａ', '札証アンビシャス']
2026-05-29 10:53:23,489 [SKIP] len error : ['福Ｑ', '福証Q-Board']
2026-05-29 10:53:23,489 [SKIP] len error : ['①', '高い', '1,000回以上', '13.9%']
2026-05-29 10:53:23,489 [SKIP] len error : ['②', 'やや高い', '400回〜1,000回', '18.5%']
2026-05-29 10:53:23,489 [SKIP] len error : ['③', '中位', '50回〜400回', '39.0%']
2026-05-29 10:53:23,489 [SKIP] len error : ['④', 'やや低い', '10回〜50回', '17.6%']
2026-05-29 10:53:23,489 [SKIP] len error : ['⑤', '低い', '10回未満', '11.0%']
2026-05-29 10:53:23,490 1520件 / ?件中 19:53
2026-05-29 10:53:23,535 [TOTAL] None
2026-05-29 10:53:23,535 [COUNT] 1520
2026-05-29 10:53:24,423 [PAGE] 77
2026-05-29 10:53:24,726 [SKIP] len error : ['東P', '東証プライム']
2026-05-29 10:53:24,726 [SKIP] len error : ['東S', '東証スタンダード']
2026-05-29 10:53:24,726 [SKIP] len error : ['東G', '東証グロース']
2026-05-29 10:53:24,726 [SKIP] len error : ['東Ｅ', '東証ETF']
2026-05-29 10:53:24,726 [SKIP] len error : ['東EN', '東証ETN']
2026-05-29 10:53:24,726 [SKIP] len error : ['東Ｒ', '東証REIT']
2026-05-29 10:53:24,726 [SKIP] len error : ['東IF', '東証インフラファンド']
2026-05-29 10:53:24,726 [SKIP] len error : ['名Ｐ', '名証プレミア']
2026-05-29 10:53:24,726 [SKIP] len error : ['名M', '名証メイン']
2026-05-29 10:53:24,726 [SKIP] len error : ['名N', '名証ネクスト']
2026-05-29 10:53:24,726 [SKIP] len error : ['名Ｅ', '名証ETF']
2026-05-29 10:53:24,726 [SKIP] len error : ['札Ａ', '札証アンビシャス']
2026-05-29 10:53:24,726 [SKIP] len error : ['福Ｑ', '福証Q-Board']
2026-05-29 10:53:24,726 [SKIP] len error : ['①', '高い', '1,000回以上', '13.9%']
2026-05-29 10:53:24,726 [SKIP] len error : ['②', 'やや高い', '400回〜1,000回', '18.5%']
2026-05-29 10:53:24,726 [SKIP] len error : ['③', '中位', '50回〜400回', '39.0%']
2026-05-29 10:53:24,727 [SKIP] len error : ['④', 'やや低い', '10回〜50回', '17.6%']
2026-05-29 10:53:24,727 [SKIP] len error : ['⑤', '低い', '10回未満', '11.0%']
2026-05-29 10:53:24,727 1540件 / ?件中 19:53
2026-05-29 10:53:24,774 [TOTAL] None
2026-05-29 10:53:24,774 [COUNT] 1540
2026-05-29 10:53:26,230 [PAGE] 78
2026-05-29 10:53:26,563 [SKIP] len error : ['東P', '東証プライム']
2026-05-29 10:53:26,563 [SKIP] len error : ['東S', '東証スタンダード']
2026-05-29 10:53:26,563 [SKIP] len error : ['東G', '東証グロース']
2026-05-29 10:53:26,563 [SKIP] len error : ['東Ｅ', '東証ETF']
2026-05-29 10:53:26,563 [SKIP] len error : ['東EN', '東証ETN']
2026-05-29 10:53:26,563 [SKIP] len error : ['東Ｒ', '東証REIT']
2026-05-29 10:53:26,563 [SKIP] len error : ['東IF', '東証インフラファンド']
2026-05-29 10:53:26,563 [SKIP] len error : ['名Ｐ', '名証プレミア']
2026-05-29 10:53:26,563 [SKIP] len error : ['名M', '名証メイン']
2026-05-29 10:53:26,563 [SKIP] len error : ['名N', '名証ネクスト']
2026-05-29 10:53:26,564 [SKIP] len error : ['名Ｅ', '名証ETF']
2026-05-29 10:53:26,564 [SKIP] len error : ['札Ａ', '札証アンビシャス']
2026-05-29 10:53:26,564 [SKIP] len error : ['福Ｑ', '福証Q-Board']
2026-05-29 10:53:26,564 [SKIP] len error : ['①', '高い', '1,000回以上', '13.9%']
2026-05-29 10:53:26,564 [SKIP] len error : ['②', 'やや高い', '400回〜1,000回', '18.5%']
2026-05-29 10:53:26,564 [SKIP] len error : ['③', '中位', '50回〜400回', '39.0%']
2026-05-29 10:53:26,564 [SKIP] len error : ['④', 'やや低い', '10回〜50回', '17.6%']
2026-05-29 10:53:26,564 [SKIP] len error : ['⑤', '低い', '10回未満', '11.0%']
2026-05-29 10:53:26,564 1560件 / ?件中 19:53
2026-05-29 10:53:26,609 [TOTAL] None
2026-05-29 10:53:26,609 [COUNT] 1560
2026-05-29 10:53:27,564 [PAGE] 79
2026-05-29 10:53:27,886 [SKIP] len error : ['東P', '東証プライム']
2026-05-29 10:53:27,887 [SKIP] len error : ['東S', '東証スタンダード']
2026-05-29 10:53:27,887 [SKIP] len error : ['東G', '東証グロース']
2026-05-29 10:53:27,887 [SKIP] len error : ['東Ｅ', '東証ETF']
2026-05-29 10:53:27,887 [SKIP] len error : ['東EN', '東証ETN']
2026-05-29 10:53:27,887 [SKIP] len error : ['東Ｒ', '東証REIT']
2026-05-29 10:53:27,887 [SKIP] len error : ['東IF', '東証インフラファンド']
2026-05-29 10:53:27,887 [SKIP] len error : ['名Ｐ', '名証プレミア']
2026-05-29 10:53:27,887 [SKIP] len error : ['名M', '名証メイン']
2026-05-29 10:53:27,887 [SKIP] len error : ['名N', '名証ネクスト']
2026-05-29 10:53:27,887 [SKIP] len error : ['名Ｅ', '名証ETF']
2026-05-29 10:53:27,887 [SKIP] len error : ['札Ａ', '札証アンビシャス']
2026-05-29 10:53:27,887 [SKIP] len error : ['福Ｑ', '福証Q-Board']
2026-05-29 10:53:27,887 [SKIP] len error : ['①', '高い', '1,000回以上', '13.9%']
2026-05-29 10:53:27,887 [SKIP] len error : ['②', 'やや高い', '400回〜1,000回', '18.5%']
2026-05-29 10:53:27,887 [SKIP] len error : ['③', '中位', '50回〜400回', '39.0%']
2026-05-29 10:53:27,887 [SKIP] len error : ['④', 'やや低い', '10回〜50回', '17.6%']
2026-05-29 10:53:27,887 [SKIP] len error : ['⑤', '低い', '10回未満', '11.0%']
2026-05-29 10:53:27,887 1580件 / ?件中 19:53
2026-05-29 10:53:27,934 [TOTAL] None
2026-05-29 10:53:27,934 [COUNT] 1580
2026-05-29 10:53:29,296 [PAGE] 80
2026-05-29 10:53:29,580 [SKIP] len error : ['東P', '東証プライム']
2026-05-29 10:53:29,580 [SKIP] len error : ['東S', '東証スタンダード']
2026-05-29 10:53:29,580 [SKIP] len error : ['東G', '東証グロース']
2026-05-29 10:53:29,580 [SKIP] len error : ['東Ｅ', '東証ETF']
2026-05-29 10:53:29,580 [SKIP] len error : ['東EN', '東証ETN']
2026-05-29 10:53:29,580 [SKIP] len error : ['東Ｒ', '東証REIT']
2026-05-29 10:53:29,580 [SKIP] len error : ['東IF', '東証インフラファンド']
2026-05-29 10:53:29,580 [SKIP] len error : ['名Ｐ', '名証プレミア']
2026-05-29 10:53:29,580 [SKIP] len error : ['名M', '名証メイン']
2026-05-29 10:53:29,580 [SKIP] len error : ['名N', '名証ネクスト']
2026-05-29 10:53:29,580 [SKIP] len error : ['名Ｅ', '名証ETF']
2026-05-29 10:53:29,580 [SKIP] len error : ['札Ａ', '札証アンビシャス']
2026-05-29 10:53:29,580 [SKIP] len error : ['福Ｑ', '福証Q-Board']
2026-05-29 10:53:29,580 [SKIP] len error : ['①', '高い', '1,000回以上', '13.9%']
2026-05-29 10:53:29,580 [SKIP] len error : ['②', 'やや高い', '400回〜1,000回', '18.5%']
2026-05-29 10:53:29,580 [SKIP] len error : ['③', '中位', '50回〜400回', '39.0%']
2026-05-29 10:53:29,581 [SKIP] len error : ['④', 'やや低い', '10回〜50回', '17.6%']
2026-05-29 10:53:29,581 [SKIP] len error : ['⑤', '低い', '10回未満', '11.0%']
2026-05-29 10:53:29,581 1600件 / ?件中 19:53
2026-05-29 10:53:29,628 [TOTAL] None
2026-05-29 10:53:29,628 [COUNT] 1600
2026-05-29 10:53:30,760 [PAGE] 81
2026-05-29 10:53:31,085 [SKIP] len error : ['東P', '東証プライム']
2026-05-29 10:53:31,085 [SKIP] len error : ['東S', '東証スタンダード']
2026-05-29 10:53:31,085 [SKIP] len error : ['東G', '東証グロース']
2026-05-29 10:53:31,085 [SKIP] len error : ['東Ｅ', '東証ETF']
2026-05-29 10:53:31,085 [SKIP] len error : ['東EN', '東証ETN']
2026-05-29 10:53:31,085 [SKIP] len error : ['東Ｒ', '東証REIT']
2026-05-29 10:53:31,085 [SKIP] len error : ['東IF', '東証インフラファンド']
2026-05-29 10:53:31,085 [SKIP] len error : ['名Ｐ', '名証プレミア']
2026-05-29 10:53:31,085 [SKIP] len error : ['名M', '名証メイン']
2026-05-29 10:53:31,085 [SKIP] len error : ['名N', '名証ネクスト']
2026-05-29 10:53:31,085 [SKIP] len error : ['名Ｅ', '名証ETF']
2026-05-29 10:53:31,085 [SKIP] len error : ['札Ａ', '札証アンビシャス']
2026-05-29 10:53:31,085 [SKIP] len error : ['福Ｑ', '福証Q-Board']
2026-05-29 10:53:31,085 [SKIP] len error : ['①', '高い', '1,000回以上', '13.9%']
2026-05-29 10:53:31,085 [SKIP] len error : ['②', 'やや高い', '400回〜1,000回', '18.5%']
2026-05-29 10:53:31,085 [SKIP] len error : ['③', '中位', '50回〜400回', '39.0%']
2026-05-29 10:53:31,085 [SKIP] len error : ['④', 'やや低い', '10回〜50回', '17.6%']
2026-05-29 10:53:31,085 [SKIP] len error : ['⑤', '低い', '10回未満', '11.0%']
2026-05-29 10:53:31,085 1620件 / ?件中 19:53
2026-05-29 10:53:31,131 [TOTAL] None
2026-05-29 10:53:31,131 [COUNT] 1620
2026-05-29 10:53:31,909 [PAGE] 82
2026-05-29 10:53:32,203 [SKIP] len error : ['東P', '東証プライム']
2026-05-29 10:53:32,203 [SKIP] len error : ['東S', '東証スタンダード']
2026-05-29 10:53:32,203 [SKIP] len error : ['東G', '東証グロース']
2026-05-29 10:53:32,203 [SKIP] len error : ['東Ｅ', '東証ETF']
2026-05-29 10:53:32,203 [SKIP] len error : ['東EN', '東証ETN']
2026-05-29 10:53:32,203 [SKIP] len error : ['東Ｒ', '東証REIT']
2026-05-29 10:53:32,203 [SKIP] len error : ['東IF', '東証インフラファンド']
2026-05-29 10:53:32,203 [SKIP] len error : ['名Ｐ', '名証プレミア']
2026-05-29 10:53:32,203 [SKIP] len error : ['名M', '名証メイン']
2026-05-29 10:53:32,203 [SKIP] len error : ['名N', '名証ネクスト']
2026-05-29 10:53:32,203 [SKIP] len error : ['名Ｅ', '名証ETF']
2026-05-29 10:53:32,203 [SKIP] len error : ['札Ａ', '札証アンビシャス']
2026-05-29 10:53:32,203 [SKIP] len error : ['福Ｑ', '福証Q-Board']
2026-05-29 10:53:32,203 [SKIP] len error : ['①', '高い', '1,000回以上', '13.9%']
2026-05-29 10:53:32,203 [SKIP] len error : ['②', 'やや高い', '400回〜1,000回', '18.5%']
2026-05-29 10:53:32,203 [SKIP] len error : ['③', '中位', '50回〜400回', '39.0%']
2026-05-29 10:53:32,204 [SKIP] len error : ['④', 'やや低い', '10回〜50回', '17.6%']
2026-05-29 10:53:32,204 [SKIP] len error : ['⑤', '低い', '10回未満', '11.0%']
2026-05-29 10:53:32,204 1640件 / ?件中 19:53
2026-05-29 10:53:32,283 [TOTAL] None
2026-05-29 10:53:32,283 [COUNT] 1640
2026-05-29 10:53:33,706 [PAGE] 83
2026-05-29 10:53:34,029 [SKIP] len error : ['東P', '東証プライム']
2026-05-29 10:53:34,029 [SKIP] len error : ['東S', '東証スタンダード']
2026-05-29 10:53:34,029 [SKIP] len error : ['東G', '東証グロース']
2026-05-29 10:53:34,029 [SKIP] len error : ['東Ｅ', '東証ETF']
2026-05-29 10:53:34,029 [SKIP] len error : ['東EN', '東証ETN']
2026-05-29 10:53:34,029 [SKIP] len error : ['東Ｒ', '東証REIT']
2026-05-29 10:53:34,029 [SKIP] len error : ['東IF', '東証インフラファンド']
2026-05-29 10:53:34,029 [SKIP] len error : ['名Ｐ', '名証プレミア']
2026-05-29 10:53:34,029 [SKIP] len error : ['名M', '名証メイン']
2026-05-29 10:53:34,029 [SKIP] len error : ['名N', '名証ネクスト']
2026-05-29 10:53:34,029 [SKIP] len error : ['名Ｅ', '名証ETF']
2026-05-29 10:53:34,029 [SKIP] len error : ['札Ａ', '札証アンビシャス']
2026-05-29 10:53:34,029 [SKIP] len error : ['福Ｑ', '福証Q-Board']
2026-05-29 10:53:34,029 [SKIP] len error : ['①', '高い', '1,000回以上', '13.9%']
2026-05-29 10:53:34,029 [SKIP] len error : ['②', 'やや高い', '400回〜1,000回', '18.5%']
2026-05-29 10:53:34,029 [SKIP] len error : ['③', '中位', '50回〜400回', '39.0%']
2026-05-29 10:53:34,029 [SKIP] len error : ['④', 'やや低い', '10回〜50回', '17.6%']
2026-05-29 10:53:34,029 [SKIP] len error : ['⑤', '低い', '10回未満', '11.0%']
2026-05-29 10:53:34,030 1660件 / ?件中 19:53
2026-05-29 10:53:34,075 [TOTAL] None
2026-05-29 10:53:34,075 [COUNT] 1660
2026-05-29 10:53:35,189 [PAGE] 84
2026-05-29 10:53:35,504 [SKIP] len error : ['東P', '東証プライム']
2026-05-29 10:53:35,504 [SKIP] len error : ['東S', '東証スタンダード']
2026-05-29 10:53:35,504 [SKIP] len error : ['東G', '東証グロース']
2026-05-29 10:53:35,504 [SKIP] len error : ['東Ｅ', '東証ETF']
2026-05-29 10:53:35,504 [SKIP] len error : ['東EN', '東証ETN']
2026-05-29 10:53:35,504 [SKIP] len error : ['東Ｒ', '東証REIT']
2026-05-29 10:53:35,504 [SKIP] len error : ['東IF', '東証インフラファンド']
2026-05-29 10:53:35,504 [SKIP] len error : ['名Ｐ', '名証プレミア']
2026-05-29 10:53:35,504 [SKIP] len error : ['名M', '名証メイン']
2026-05-29 10:53:35,504 [SKIP] len error : ['名N', '名証ネクスト']
2026-05-29 10:53:35,504 [SKIP] len error : ['名Ｅ', '名証ETF']
2026-05-29 10:53:35,504 [SKIP] len error : ['札Ａ', '札証アンビシャス']
2026-05-29 10:53:35,504 [SKIP] len error : ['福Ｑ', '福証Q-Board']
2026-05-29 10:53:35,504 [SKIP] len error : ['①', '高い', '1,000回以上', '13.9%']
2026-05-29 10:53:35,504 [SKIP] len error : ['②', 'やや高い', '400回〜1,000回', '18.5%']
2026-05-29 10:53:35,504 [SKIP] len error : ['③', '中位', '50回〜400回', '39.0%']
2026-05-29 10:53:35,504 [SKIP] len error : ['④', 'やや低い', '10回〜50回', '17.6%']
2026-05-29 10:53:35,504 [SKIP] len error : ['⑤', '低い', '10回未満', '11.0%']
2026-05-29 10:53:35,504 1680件 / ?件中 19:53
2026-05-29 10:53:35,551 [TOTAL] None
2026-05-29 10:53:35,551 [COUNT] 1680
2026-05-29 10:53:36,248 [PAGE] 85
2026-05-29 10:53:36,542 [SKIP] len error : ['東P', '東証プライム']
2026-05-29 10:53:36,542 [SKIP] len error : ['東S', '東証スタンダード']
2026-05-29 10:53:36,542 [SKIP] len error : ['東G', '東証グロース']
2026-05-29 10:53:36,542 [SKIP] len error : ['東Ｅ', '東証ETF']
2026-05-29 10:53:36,542 [SKIP] len error : ['東EN', '東証ETN']
2026-05-29 10:53:36,542 [SKIP] len error : ['東Ｒ', '東証REIT']
2026-05-29 10:53:36,542 [SKIP] len error : ['東IF', '東証インフラファンド']
2026-05-29 10:53:36,542 [SKIP] len error : ['名Ｐ', '名証プレミア']
2026-05-29 10:53:36,542 [SKIP] len error : ['名M', '名証メイン']
2026-05-29 10:53:36,542 [SKIP] len error : ['名N', '名証ネクスト']
2026-05-29 10:53:36,542 [SKIP] len error : ['名Ｅ', '名証ETF']
2026-05-29 10:53:36,542 [SKIP] len error : ['札Ａ', '札証アンビシャス']
2026-05-29 10:53:36,542 [SKIP] len error : ['福Ｑ', '福証Q-Board']
2026-05-29 10:53:36,542 [SKIP] len error : ['①', '高い', '1,000回以上', '13.9%']
2026-05-29 10:53:36,542 [SKIP] len error : ['②', 'やや高い', '400回〜1,000回', '18.5%']
2026-05-29 10:53:36,542 [SKIP] len error : ['③', '中位', '50回〜400回', '39.0%']
2026-05-29 10:53:36,542 [SKIP] len error : ['④', 'やや低い', '10回〜50回', '17.6%']
2026-05-29 10:53:36,542 [SKIP] len error : ['⑤', '低い', '10回未満', '11.0%']
2026-05-29 10:53:36,543 1700件 / ?件中 19:53
2026-05-29 10:53:36,588 [TOTAL] None
2026-05-29 10:53:36,588 [COUNT] 1700
2026-05-29 10:53:37,712 [PAGE] 86
2026-05-29 10:53:38,008 [SKIP] len error : ['東P', '東証プライム']
2026-05-29 10:53:38,008 [SKIP] len error : ['東S', '東証スタンダード']
2026-05-29 10:53:38,008 [SKIP] len error : ['東G', '東証グロース']
2026-05-29 10:53:38,009 [SKIP] len error : ['東Ｅ', '東証ETF']
2026-05-29 10:53:38,009 [SKIP] len error : ['東EN', '東証ETN']
2026-05-29 10:53:38,009 [SKIP] len error : ['東Ｒ', '東証REIT']
2026-05-29 10:53:38,009 [SKIP] len error : ['東IF', '東証インフラファンド']
2026-05-29 10:53:38,009 [SKIP] len error : ['名Ｐ', '名証プレミア']
2026-05-29 10:53:38,009 [SKIP] len error : ['名M', '名証メイン']
2026-05-29 10:53:38,009 [SKIP] len error : ['名N', '名証ネクスト']
2026-05-29 10:53:38,009 [SKIP] len error : ['名Ｅ', '名証ETF']
2026-05-29 10:53:38,009 [SKIP] len error : ['札Ａ', '札証アンビシャス']
2026-05-29 10:53:38,009 [SKIP] len error : ['福Ｑ', '福証Q-Board']
2026-05-29 10:53:38,009 [SKIP] len error : ['①', '高い', '1,000回以上', '13.9%']
2026-05-29 10:53:38,009 [SKIP] len error : ['②', 'やや高い', '400回〜1,000回', '18.5%']
2026-05-29 10:53:38,009 [SKIP] len error : ['③', '中位', '50回〜400回', '39.0%']
2026-05-29 10:53:38,009 [SKIP] len error : ['④', 'やや低い', '10回〜50回', '17.6%']
2026-05-29 10:53:38,009 [SKIP] len error : ['⑤', '低い', '10回未満', '11.0%']
2026-05-29 10:53:38,009 1720件 / ?件中 19:53
2026-05-29 10:53:38,055 [TOTAL] None
2026-05-29 10:53:38,055 [COUNT] 1720
2026-05-29 10:53:38,564 [PAGE] 87
2026-05-29 10:53:38,863 [SKIP] len error : ['東P', '東証プライム']
2026-05-29 10:53:38,863 [SKIP] len error : ['東S', '東証スタンダード']
2026-05-29 10:53:38,863 [SKIP] len error : ['東G', '東証グロース']
2026-05-29 10:53:38,863 [SKIP] len error : ['東Ｅ', '東証ETF']
2026-05-29 10:53:38,863 [SKIP] len error : ['東EN', '東証ETN']
2026-05-29 10:53:38,863 [SKIP] len error : ['東Ｒ', '東証REIT']
2026-05-29 10:53:38,863 [SKIP] len error : ['東IF', '東証インフラファンド']
2026-05-29 10:53:38,863 [SKIP] len error : ['名Ｐ', '名証プレミア']
2026-05-29 10:53:38,863 [SKIP] len error : ['名M', '名証メイン']
2026-05-29 10:53:38,863 [SKIP] len error : ['名N', '名証ネクスト']
2026-05-29 10:53:38,863 [SKIP] len error : ['名Ｅ', '名証ETF']
2026-05-29 10:53:38,863 [SKIP] len error : ['札Ａ', '札証アンビシャス']
2026-05-29 10:53:38,863 [SKIP] len error : ['福Ｑ', '福証Q-Board']
2026-05-29 10:53:38,863 [SKIP] len error : ['①', '高い', '1,000回以上', '13.9%']
2026-05-29 10:53:38,863 [SKIP] len error : ['②', 'やや高い', '400回〜1,000回', '18.5%']
2026-05-29 10:53:38,863 [SKIP] len error : ['③', '中位', '50回〜400回', '39.0%']
2026-05-29 10:53:38,863 [SKIP] len error : ['④', 'やや低い', '10回〜50回', '17.6%']
2026-05-29 10:53:38,863 [SKIP] len error : ['⑤', '低い', '10回未満', '11.0%']
2026-05-29 10:53:38,864 1740件 / ?件中 19:53
2026-05-29 10:53:38,953 [TOTAL] None
2026-05-29 10:53:38,953 [COUNT] 1740
2026-05-29 10:53:40,429 [PAGE] 88
2026-05-29 10:53:40,760 [SKIP] len error : ['東P', '東証プライム']
2026-05-29 10:53:40,760 [SKIP] len error : ['東S', '東証スタンダード']
2026-05-29 10:53:40,760 [SKIP] len error : ['東G', '東証グロース']
2026-05-29 10:53:40,760 [SKIP] len error : ['東Ｅ', '東証ETF']
2026-05-29 10:53:40,760 [SKIP] len error : ['東EN', '東証ETN']
2026-05-29 10:53:40,761 [SKIP] len error : ['東Ｒ', '東証REIT']
2026-05-29 10:53:40,761 [SKIP] len error : ['東IF', '東証インフラファンド']
2026-05-29 10:53:40,761 [SKIP] len error : ['名Ｐ', '名証プレミア']
2026-05-29 10:53:40,761 [SKIP] len error : ['名M', '名証メイン']
2026-05-29 10:53:40,761 [SKIP] len error : ['名N', '名証ネクスト']
2026-05-29 10:53:40,761 [SKIP] len error : ['名Ｅ', '名証ETF']
2026-05-29 10:53:40,761 [SKIP] len error : ['札Ａ', '札証アンビシャス']
2026-05-29 10:53:40,761 [SKIP] len error : ['福Ｑ', '福証Q-Board']
2026-05-29 10:53:40,761 [SKIP] len error : ['①', '高い', '1,000回以上', '13.9%']
2026-05-29 10:53:40,761 [SKIP] len error : ['②', 'やや高い', '400回〜1,000回', '18.5%']
2026-05-29 10:53:40,761 [SKIP] len error : ['③', '中位', '50回〜400回', '39.0%']
2026-05-29 10:53:40,761 [SKIP] len error : ['④', 'やや低い', '10回〜50回', '17.6%']
2026-05-29 10:53:40,761 [SKIP] len error : ['⑤', '低い', '10回未満', '11.0%']
2026-05-29 10:53:40,761 1760件 / ?件中 19:53
2026-05-29 10:53:40,807 [TOTAL] None
2026-05-29 10:53:40,807 [COUNT] 1760
2026-05-29 10:53:41,414 [PAGE] 89
2026-05-29 10:53:41,697 [SKIP] len error : ['東P', '東証プライム']
2026-05-29 10:53:41,697 [SKIP] len error : ['東S', '東証スタンダード']
2026-05-29 10:53:41,697 [SKIP] len error : ['東G', '東証グロース']
2026-05-29 10:53:41,697 [SKIP] len error : ['東Ｅ', '東証ETF']
2026-05-29 10:53:41,697 [SKIP] len error : ['東EN', '東証ETN']
2026-05-29 10:53:41,697 [SKIP] len error : ['東Ｒ', '東証REIT']
2026-05-29 10:53:41,697 [SKIP] len error : ['東IF', '東証インフラファンド']
2026-05-29 10:53:41,697 [SKIP] len error : ['名Ｐ', '名証プレミア']
2026-05-29 10:53:41,697 [SKIP] len error : ['名M', '名証メイン']
2026-05-29 10:53:41,697 [SKIP] len error : ['名N', '名証ネクスト']
2026-05-29 10:53:41,697 [SKIP] len error : ['名Ｅ', '名証ETF']
2026-05-29 10:53:41,697 [SKIP] len error : ['札Ａ', '札証アンビシャス']
2026-05-29 10:53:41,697 [SKIP] len error : ['福Ｑ', '福証Q-Board']
2026-05-29 10:53:41,697 [SKIP] len error : ['①', '高い', '1,000回以上', '13.9%']
2026-05-29 10:53:41,697 [SKIP] len error : ['②', 'やや高い', '400回〜1,000回', '18.5%']
2026-05-29 10:53:41,697 [SKIP] len error : ['③', '中位', '50回〜400回', '39.0%']
2026-05-29 10:53:41,697 [SKIP] len error : ['④', 'やや低い', '10回〜50回', '17.6%']
2026-05-29 10:53:41,697 [SKIP] len error : ['⑤', '低い', '10回未満', '11.0%']
2026-05-29 10:53:41,698 1780件 / ?件中 19:53
2026-05-29 10:53:41,744 [TOTAL] None
2026-05-29 10:53:41,744 [COUNT] 1780
2026-05-29 10:53:42,688 [PAGE] 90
2026-05-29 10:53:42,972 [SKIP] len error : ['東P', '東証プライム']
2026-05-29 10:53:42,972 [SKIP] len error : ['東S', '東証スタンダード']
2026-05-29 10:53:42,972 [SKIP] len error : ['東G', '東証グロース']
2026-05-29 10:53:42,973 [SKIP] len error : ['東Ｅ', '東証ETF']
2026-05-29 10:53:42,973 [SKIP] len error : ['東EN', '東証ETN']
2026-05-29 10:53:42,973 [SKIP] len error : ['東Ｒ', '東証REIT']
2026-05-29 10:53:42,973 [SKIP] len error : ['東IF', '東証インフラファンド']
2026-05-29 10:53:42,973 [SKIP] len error : ['名Ｐ', '名証プレミア']
2026-05-29 10:53:42,973 [SKIP] len error : ['名M', '名証メイン']
2026-05-29 10:53:42,973 [SKIP] len error : ['名N', '名証ネクスト']
2026-05-29 10:53:42,973 [SKIP] len error : ['名Ｅ', '名証ETF']
2026-05-29 10:53:42,973 [SKIP] len error : ['札Ａ', '札証アンビシャス']
2026-05-29 10:53:42,973 [SKIP] len error : ['福Ｑ', '福証Q-Board']
2026-05-29 10:53:42,973 [SKIP] len error : ['①', '高い', '1,000回以上', '13.9%']
2026-05-29 10:53:42,973 [SKIP] len error : ['②', 'やや高い', '400回〜1,000回', '18.5%']
2026-05-29 10:53:42,973 [SKIP] len error : ['③', '中位', '50回〜400回', '39.0%']
2026-05-29 10:53:42,973 [SKIP] len error : ['④', 'やや低い', '10回〜50回', '17.6%']
2026-05-29 10:53:42,973 [SKIP] len error : ['⑤', '低い', '10回未満', '11.0%']
2026-05-29 10:53:42,973 1800件 / ?件中 19:53
2026-05-29 10:53:43,021 [TOTAL] None
2026-05-29 10:53:43,021 [COUNT] 1800
2026-05-29 10:53:44,211 [PAGE] 91
2026-05-29 10:53:44,516 [SKIP] len error : ['東P', '東証プライム']
2026-05-29 10:53:44,516 [SKIP] len error : ['東S', '東証スタンダード']
2026-05-29 10:53:44,516 [SKIP] len error : ['東G', '東証グロース']
2026-05-29 10:53:44,516 [SKIP] len error : ['東Ｅ', '東証ETF']
2026-05-29 10:53:44,516 [SKIP] len error : ['東EN', '東証ETN']
2026-05-29 10:53:44,516 [SKIP] len error : ['東Ｒ', '東証REIT']
2026-05-29 10:53:44,516 [SKIP] len error : ['東IF', '東証インフラファンド']
2026-05-29 10:53:44,516 [SKIP] len error : ['名Ｐ', '名証プレミア']
2026-05-29 10:53:44,516 [SKIP] len error : ['名M', '名証メイン']
2026-05-29 10:53:44,516 [SKIP] len error : ['名N', '名証ネクスト']
2026-05-29 10:53:44,516 [SKIP] len error : ['名Ｅ', '名証ETF']
2026-05-29 10:53:44,516 [SKIP] len error : ['札Ａ', '札証アンビシャス']
2026-05-29 10:53:44,516 [SKIP] len error : ['福Ｑ', '福証Q-Board']
2026-05-29 10:53:44,516 [SKIP] len error : ['①', '高い', '1,000回以上', '13.9%']
2026-05-29 10:53:44,516 [SKIP] len error : ['②', 'やや高い', '400回〜1,000回', '18.5%']
2026-05-29 10:53:44,516 [SKIP] len error : ['③', '中位', '50回〜400回', '39.0%']
2026-05-29 10:53:44,516 [SKIP] len error : ['④', 'やや低い', '10回〜50回', '17.6%']
2026-05-29 10:53:44,516 [SKIP] len error : ['⑤', '低い', '10回未満', '11.0%']
2026-05-29 10:53:44,517 1820件 / ?件中 19:53
2026-05-29 10:53:44,563 [TOTAL] None
2026-05-29 10:53:44,563 [COUNT] 1820
2026-05-29 10:53:45,229 [PAGE] 92
2026-05-29 10:53:45,565 [SKIP] len error : ['東P', '東証プライム']
2026-05-29 10:53:45,565 [SKIP] len error : ['東S', '東証スタンダード']
2026-05-29 10:53:45,565 [SKIP] len error : ['東G', '東証グロース']
2026-05-29 10:53:45,565 [SKIP] len error : ['東Ｅ', '東証ETF']
2026-05-29 10:53:45,565 [SKIP] len error : ['東EN', '東証ETN']
2026-05-29 10:53:45,565 [SKIP] len error : ['東Ｒ', '東証REIT']
2026-05-29 10:53:45,565 [SKIP] len error : ['東IF', '東証インフラファンド']
2026-05-29 10:53:45,565 [SKIP] len error : ['名Ｐ', '名証プレミア']
2026-05-29 10:53:45,565 [SKIP] len error : ['名M', '名証メイン']
2026-05-29 10:53:45,565 [SKIP] len error : ['名N', '名証ネクスト']
2026-05-29 10:53:45,565 [SKIP] len error : ['名Ｅ', '名証ETF']
2026-05-29 10:53:45,565 [SKIP] len error : ['札Ａ', '札証アンビシャス']
2026-05-29 10:53:45,565 [SKIP] len error : ['福Ｑ', '福証Q-Board']
2026-05-29 10:53:45,565 [SKIP] len error : ['①', '高い', '1,000回以上', '13.9%']
2026-05-29 10:53:45,565 [SKIP] len error : ['②', 'やや高い', '400回〜1,000回', '18.5%']
2026-05-29 10:53:45,565 [SKIP] len error : ['③', '中位', '50回〜400回', '39.0%']
2026-05-29 10:53:45,565 [SKIP] len error : ['④', 'やや低い', '10回〜50回', '17.6%']
2026-05-29 10:53:45,565 [SKIP] len error : ['⑤', '低い', '10回未満', '11.0%']
2026-05-29 10:53:45,565 1840件 / ?件中 19:53
2026-05-29 10:53:45,611 [TOTAL] None
2026-05-29 10:53:45,611 [COUNT] 1840
2026-05-29 10:53:47,017 [PAGE] 93
2026-05-29 10:53:47,318 [SKIP] len error : ['東P', '東証プライム']
2026-05-29 10:53:47,318 [SKIP] len error : ['東S', '東証スタンダード']
2026-05-29 10:53:47,318 [SKIP] len error : ['東G', '東証グロース']
2026-05-29 10:53:47,318 [SKIP] len error : ['東Ｅ', '東証ETF']
2026-05-29 10:53:47,318 [SKIP] len error : ['東EN', '東証ETN']
2026-05-29 10:53:47,318 [SKIP] len error : ['東Ｒ', '東証REIT']
2026-05-29 10:53:47,318 [SKIP] len error : ['東IF', '東証インフラファンド']
2026-05-29 10:53:47,318 [SKIP] len error : ['名Ｐ', '名証プレミア']
2026-05-29 10:53:47,318 [SKIP] len error : ['名M', '名証メイン']
2026-05-29 10:53:47,318 [SKIP] len error : ['名N', '名証ネクスト']
2026-05-29 10:53:47,318 [SKIP] len error : ['名Ｅ', '名証ETF']
2026-05-29 10:53:47,318 [SKIP] len error : ['札Ａ', '札証アンビシャス']
2026-05-29 10:53:47,318 [SKIP] len error : ['福Ｑ', '福証Q-Board']
2026-05-29 10:53:47,319 [SKIP] len error : ['①', '高い', '1,000回以上', '13.9%']
2026-05-29 10:53:47,319 [SKIP] len error : ['②', 'やや高い', '400回〜1,000回', '18.5%']
2026-05-29 10:53:47,319 [SKIP] len error : ['③', '中位', '50回〜400回', '39.0%']
2026-05-29 10:53:47,319 [SKIP] len error : ['④', 'やや低い', '10回〜50回', '17.6%']
2026-05-29 10:53:47,319 [SKIP] len error : ['⑤', '低い', '10回未満', '11.0%']
2026-05-29 10:53:47,319 1860件 / ?件中 19:53
2026-05-29 10:53:47,365 [TOTAL] None
2026-05-29 10:53:47,365 [COUNT] 1860
2026-05-29 10:53:47,889 [PAGE] 94
2026-05-29 10:53:48,185 [SKIP] len error : ['東P', '東証プライム']
2026-05-29 10:53:48,185 [SKIP] len error : ['東S', '東証スタンダード']
2026-05-29 10:53:48,185 [SKIP] len error : ['東G', '東証グロース']
2026-05-29 10:53:48,185 [SKIP] len error : ['東Ｅ', '東証ETF']
2026-05-29 10:53:48,185 [SKIP] len error : ['東EN', '東証ETN']
2026-05-29 10:53:48,185 [SKIP] len error : ['東Ｒ', '東証REIT']
2026-05-29 10:53:48,185 [SKIP] len error : ['東IF', '東証インフラファンド']
2026-05-29 10:53:48,185 [SKIP] len error : ['名Ｐ', '名証プレミア']
2026-05-29 10:53:48,185 [SKIP] len error : ['名M', '名証メイン']
2026-05-29 10:53:48,185 [SKIP] len error : ['名N', '名証ネクスト']
2026-05-29 10:53:48,185 [SKIP] len error : ['名Ｅ', '名証ETF']
2026-05-29 10:53:48,185 [SKIP] len error : ['札Ａ', '札証アンビシャス']
2026-05-29 10:53:48,185 [SKIP] len error : ['福Ｑ', '福証Q-Board']
2026-05-29 10:53:48,185 [SKIP] len error : ['①', '高い', '1,000回以上', '13.9%']
2026-05-29 10:53:48,185 [SKIP] len error : ['②', 'やや高い', '400回〜1,000回', '18.5%']
2026-05-29 10:53:48,185 [SKIP] len error : ['③', '中位', '50回〜400回', '39.0%']
2026-05-29 10:53:48,185 [SKIP] len error : ['④', 'やや低い', '10回〜50回', '17.6%']
2026-05-29 10:53:48,185 [SKIP] len error : ['⑤', '低い', '10回未満', '11.0%']
2026-05-29 10:53:48,185 1880件 / ?件中 19:53
2026-05-29 10:53:48,231 [TOTAL] None
2026-05-29 10:53:48,232 [COUNT] 1880
2026-05-29 10:53:49,497 [PAGE] 95
2026-05-29 10:53:49,791 [SKIP] len error : ['東P', '東証プライム']
2026-05-29 10:53:49,791 [SKIP] len error : ['東S', '東証スタンダード']
2026-05-29 10:53:49,791 [SKIP] len error : ['東G', '東証グロース']
2026-05-29 10:53:49,791 [SKIP] len error : ['東Ｅ', '東証ETF']
2026-05-29 10:53:49,791 [SKIP] len error : ['東EN', '東証ETN']
2026-05-29 10:53:49,791 [SKIP] len error : ['東Ｒ', '東証REIT']
2026-05-29 10:53:49,791 [SKIP] len error : ['東IF', '東証インフラファンド']
2026-05-29 10:53:49,791 [SKIP] len error : ['名Ｐ', '名証プレミア']
2026-05-29 10:53:49,791 [SKIP] len error : ['名M', '名証メイン']
2026-05-29 10:53:49,791 [SKIP] len error : ['名N', '名証ネクスト']
2026-05-29 10:53:49,791 [SKIP] len error : ['名Ｅ', '名証ETF']
2026-05-29 10:53:49,791 [SKIP] len error : ['札Ａ', '札証アンビシャス']
2026-05-29 10:53:49,791 [SKIP] len error : ['福Ｑ', '福証Q-Board']
2026-05-29 10:53:49,791 [SKIP] len error : ['①', '高い', '1,000回以上', '13.9%']
2026-05-29 10:53:49,791 [SKIP] len error : ['②', 'やや高い', '400回〜1,000回', '18.5%']
2026-05-29 10:53:49,791 [SKIP] len error : ['③', '中位', '50回〜400回', '39.0%']
2026-05-29 10:53:49,791 [SKIP] len error : ['④', 'やや低い', '10回〜50回', '17.6%']
2026-05-29 10:53:49,792 [SKIP] len error : ['⑤', '低い', '10回未満', '11.0%']
2026-05-29 10:53:49,792 1900件 / ?件中 19:53
2026-05-29 10:53:49,838 [TOTAL] None
2026-05-29 10:53:49,838 [COUNT] 1900
2026-05-29 10:53:51,007 [PAGE] 96
2026-05-29 10:53:51,303 [SKIP] len error : ['東P', '東証プライム']
2026-05-29 10:53:51,303 [SKIP] len error : ['東S', '東証スタンダード']
2026-05-29 10:53:51,303 [SKIP] len error : ['東G', '東証グロース']
2026-05-29 10:53:51,303 [SKIP] len error : ['東Ｅ', '東証ETF']
2026-05-29 10:53:51,304 [SKIP] len error : ['東EN', '東証ETN']
2026-05-29 10:53:51,304 [SKIP] len error : ['東Ｒ', '東証REIT']
2026-05-29 10:53:51,304 [SKIP] len error : ['東IF', '東証インフラファンド']
2026-05-29 10:53:51,304 [SKIP] len error : ['名Ｐ', '名証プレミア']
2026-05-29 10:53:51,304 [SKIP] len error : ['名M', '名証メイン']
2026-05-29 10:53:51,304 [SKIP] len error : ['名N', '名証ネクスト']
2026-05-29 10:53:51,304 [SKIP] len error : ['名Ｅ', '名証ETF']
2026-05-29 10:53:51,304 [SKIP] len error : ['札Ａ', '札証アンビシャス']
2026-05-29 10:53:51,304 [SKIP] len error : ['福Ｑ', '福証Q-Board']
2026-05-29 10:53:51,304 [SKIP] len error : ['①', '高い', '1,000回以上', '13.9%']
2026-05-29 10:53:51,304 [SKIP] len error : ['②', 'やや高い', '400回〜1,000回', '18.5%']
2026-05-29 10:53:51,304 [SKIP] len error : ['③', '中位', '50回〜400回', '39.0%']
2026-05-29 10:53:51,304 [SKIP] len error : ['④', 'やや低い', '10回〜50回', '17.6%']
2026-05-29 10:53:51,304 [SKIP] len error : ['⑤', '低い', '10回未満', '11.0%']
2026-05-29 10:53:51,304 1920件 / ?件中 19:53
2026-05-29 10:53:51,389 [TOTAL] None
2026-05-29 10:53:51,389 [COUNT] 1920
2026-05-29 10:53:52,715 [PAGE] 97
2026-05-29 10:53:52,999 [SKIP] len error : ['東P', '東証プライム']
2026-05-29 10:53:52,999 [SKIP] len error : ['東S', '東証スタンダード']
2026-05-29 10:53:52,999 [SKIP] len error : ['東G', '東証グロース']
2026-05-29 10:53:52,999 [SKIP] len error : ['東Ｅ', '東証ETF']
2026-05-29 10:53:52,999 [SKIP] len error : ['東EN', '東証ETN']
2026-05-29 10:53:53,000 [SKIP] len error : ['東Ｒ', '東証REIT']
2026-05-29 10:53:53,000 [SKIP] len error : ['東IF', '東証インフラファンド']
2026-05-29 10:53:53,000 [SKIP] len error : ['名Ｐ', '名証プレミア']
2026-05-29 10:53:53,000 [SKIP] len error : ['名M', '名証メイン']
2026-05-29 10:53:53,000 [SKIP] len error : ['名N', '名証ネクスト']
2026-05-29 10:53:53,000 [SKIP] len error : ['名Ｅ', '名証ETF']
2026-05-29 10:53:53,000 [SKIP] len error : ['札Ａ', '札証アンビシャス']
2026-05-29 10:53:53,000 [SKIP] len error : ['福Ｑ', '福証Q-Board']
2026-05-29 10:53:53,000 [SKIP] len error : ['①', '高い', '1,000回以上', '13.9%']
2026-05-29 10:53:53,000 [SKIP] len error : ['②', 'やや高い', '400回〜1,000回', '18.5%']
2026-05-29 10:53:53,000 [SKIP] len error : ['③', '中位', '50回〜400回', '39.0%']
2026-05-29 10:53:53,000 [SKIP] len error : ['④', 'やや低い', '10回〜50回', '17.6%']
2026-05-29 10:53:53,000 [SKIP] len error : ['⑤', '低い', '10回未満', '11.0%']
2026-05-29 10:53:53,000 1940件 / ?件中 19:53
2026-05-29 10:53:53,046 [TOTAL] None
2026-05-29 10:53:53,046 [COUNT] 1940
2026-05-29 10:53:54,336 [PAGE] 98
2026-05-29 10:53:54,631 [SKIP] len error : ['東P', '東証プライム']
2026-05-29 10:53:54,631 [SKIP] len error : ['東S', '東証スタンダード']
2026-05-29 10:53:54,631 [SKIP] len error : ['東G', '東証グロース']
2026-05-29 10:53:54,631 [SKIP] len error : ['東Ｅ', '東証ETF']
2026-05-29 10:53:54,631 [SKIP] len error : ['東EN', '東証ETN']
2026-05-29 10:53:54,631 [SKIP] len error : ['東Ｒ', '東証REIT']
2026-05-29 10:53:54,631 [SKIP] len error : ['東IF', '東証インフラファンド']
2026-05-29 10:53:54,631 [SKIP] len error : ['名Ｐ', '名証プレミア']
2026-05-29 10:53:54,631 [SKIP] len error : ['名M', '名証メイン']
2026-05-29 10:53:54,631 [SKIP] len error : ['名N', '名証ネクスト']
2026-05-29 10:53:54,631 [SKIP] len error : ['名Ｅ', '名証ETF']
2026-05-29 10:53:54,631 [SKIP] len error : ['札Ａ', '札証アンビシャス']
2026-05-29 10:53:54,631 [SKIP] len error : ['福Ｑ', '福証Q-Board']
2026-05-29 10:53:54,631 [SKIP] len error : ['①', '高い', '1,000回以上', '13.9%']
2026-05-29 10:53:54,631 [SKIP] len error : ['②', 'やや高い', '400回〜1,000回', '18.5%']
2026-05-29 10:53:54,631 [SKIP] len error : ['③', '中位', '50回〜400回', '39.0%']
2026-05-29 10:53:54,631 [SKIP] len error : ['④', 'やや低い', '10回〜50回', '17.6%']
2026-05-29 10:53:54,631 [SKIP] len error : ['⑤', '低い', '10回未満', '11.0%']
2026-05-29 10:53:54,632 1960件 / ?件中 19:53
2026-05-29 10:53:54,678 [TOTAL] None
2026-05-29 10:53:54,678 [COUNT] 1960
2026-05-29 10:53:56,140 [PAGE] 99
2026-05-29 10:53:56,453 [SKIP] len error : ['東P', '東証プライム']
2026-05-29 10:53:56,453 [SKIP] len error : ['東S', '東証スタンダード']
2026-05-29 10:53:56,453 [SKIP] len error : ['東G', '東証グロース']
2026-05-29 10:53:56,453 [SKIP] len error : ['東Ｅ', '東証ETF']
2026-05-29 10:53:56,453 [SKIP] len error : ['東EN', '東証ETN']
2026-05-29 10:53:56,453 [SKIP] len error : ['東Ｒ', '東証REIT']
2026-05-29 10:53:56,453 [SKIP] len error : ['東IF', '東証インフラファンド']
2026-05-29 10:53:56,453 [SKIP] len error : ['名Ｐ', '名証プレミア']
2026-05-29 10:53:56,453 [SKIP] len error : ['名M', '名証メイン']
2026-05-29 10:53:56,453 [SKIP] len error : ['名N', '名証ネクスト']
2026-05-29 10:53:56,453 [SKIP] len error : ['名Ｅ', '名証ETF']
2026-05-29 10:53:56,453 [SKIP] len error : ['札Ａ', '札証アンビシャス']
2026-05-29 10:53:56,453 [SKIP] len error : ['福Ｑ', '福証Q-Board']
2026-05-29 10:53:56,453 [SKIP] len error : ['①', '高い', '1,000回以上', '13.9%']
2026-05-29 10:53:56,453 [SKIP] len error : ['②', 'やや高い', '400回〜1,000回', '18.5%']
2026-05-29 10:53:56,453 [SKIP] len error : ['③', '中位', '50回〜400回', '39.0%']
2026-05-29 10:53:56,453 [SKIP] len error : ['④', 'やや低い', '10回〜50回', '17.6%']
2026-05-29 10:53:56,453 [SKIP] len error : ['⑤', '低い', '10回未満', '11.0%']
2026-05-29 10:53:56,454 1980件 / ?件中 19:53
2026-05-29 10:53:56,500 [TOTAL] None
2026-05-29 10:53:56,500 [COUNT] 1980
2026-05-29 10:53:57,386 [PAGE] 100
2026-05-29 10:53:57,682 [SKIP] len error : ['東P', '東証プライム']
2026-05-29 10:53:57,682 [SKIP] len error : ['東S', '東証スタンダード']
2026-05-29 10:53:57,682 [SKIP] len error : ['東G', '東証グロース']
2026-05-29 10:53:57,682 [SKIP] len error : ['東Ｅ', '東証ETF']
2026-05-29 10:53:57,682 [SKIP] len error : ['東EN', '東証ETN']
2026-05-29 10:53:57,682 [SKIP] len error : ['東Ｒ', '東証REIT']
2026-05-29 10:53:57,682 [SKIP] len error : ['東IF', '東証インフラファンド']
2026-05-29 10:53:57,682 [SKIP] len error : ['名Ｐ', '名証プレミア']
2026-05-29 10:53:57,682 [SKIP] len error : ['名M', '名証メイン']
2026-05-29 10:53:57,682 [SKIP] len error : ['名N', '名証ネクスト']
2026-05-29 10:53:57,682 [SKIP] len error : ['名Ｅ', '名証ETF']
2026-05-29 10:53:57,682 [SKIP] len error : ['札Ａ', '札証アンビシャス']
2026-05-29 10:53:57,682 [SKIP] len error : ['福Ｑ', '福証Q-Board']
2026-05-29 10:53:57,682 [SKIP] len error : ['①', '高い', '1,000回以上', '13.9%']
2026-05-29 10:53:57,682 [SKIP] len error : ['②', 'やや高い', '400回〜1,000回', '18.5%']
2026-05-29 10:53:57,682 [SKIP] len error : ['③', '中位', '50回〜400回', '39.0%']
2026-05-29 10:53:57,682 [SKIP] len error : ['④', 'やや低い', '10回〜50回', '17.6%']
2026-05-29 10:53:57,682 [SKIP] len error : ['⑤', '低い', '10回未満', '11.0%']
2026-05-29 10:53:57,683 2000件 / ?件中 19:53
2026-05-29 10:53:57,728 [TOTAL] None
2026-05-29 10:53:57,728 [COUNT] 2000
2026-05-29 10:53:59,052 [SLEEP] 2000件到達 -> 208秒休憩
2026-05-29 10:57:27,053 [PAGE] 101
2026-05-29 10:57:27,886 [SKIP] len error : ['東P', '東証プライム']
2026-05-29 10:57:27,886 [SKIP] len error : ['東S', '東証スタンダード']
2026-05-29 10:57:27,886 [SKIP] len error : ['東G', '東証グロース']
2026-05-29 10:57:27,886 [SKIP] len error : ['東Ｅ', '東証ETF']
2026-05-29 10:57:27,886 [SKIP] len error : ['東EN', '東証ETN']
2026-05-29 10:57:27,886 [SKIP] len error : ['東Ｒ', '東証REIT']
2026-05-29 10:57:27,886 [SKIP] len error : ['東IF', '東証インフラファンド']
2026-05-29 10:57:27,886 [SKIP] len error : ['名Ｐ', '名証プレミア']
2026-05-29 10:57:27,886 [SKIP] len error : ['名M', '名証メイン']
2026-05-29 10:57:27,886 [SKIP] len error : ['名N', '名証ネクスト']
2026-05-29 10:57:27,886 [SKIP] len error : ['名Ｅ', '名証ETF']
2026-05-29 10:57:27,886 [SKIP] len error : ['札Ａ', '札証アンビシャス']
2026-05-29 10:57:27,886 [SKIP] len error : ['福Ｑ', '福証Q-Board']
2026-05-29 10:57:27,886 [SKIP] len error : ['①', '高い', '1,000回以上', '13.9%']
2026-05-29 10:57:27,886 [SKIP] len error : ['②', 'やや高い', '400回〜1,000回', '18.5%']
2026-05-29 10:57:27,887 [SKIP] len error : ['③', '中位', '50回〜400回', '39.0%']
2026-05-29 10:57:27,887 [SKIP] len error : ['④', 'やや低い', '10回〜50回', '17.6%']
2026-05-29 10:57:27,887 [SKIP] len error : ['⑤', '低い', '10回未満', '11.0%']
2026-05-29 10:57:27,887 2020件 / ?件中 19:57
2026-05-29 10:57:27,975 [TOTAL] None
2026-05-29 10:57:27,975 [COUNT] 2020
2026-05-29 10:57:28,639 [PAGE] 102
2026-05-29 10:57:28,947 [SKIP] len error : ['東P', '東証プライム']
2026-05-29 10:57:28,947 [SKIP] len error : ['東S', '東証スタンダード']
2026-05-29 10:57:28,947 [SKIP] len error : ['東G', '東証グロース']
2026-05-29 10:57:28,947 [SKIP] len error : ['東Ｅ', '東証ETF']
2026-05-29 10:57:28,947 [SKIP] len error : ['東EN', '東証ETN']
2026-05-29 10:57:28,947 [SKIP] len error : ['東Ｒ', '東証REIT']
2026-05-29 10:57:28,947 [SKIP] len error : ['東IF', '東証インフラファンド']
2026-05-29 10:57:28,947 [SKIP] len error : ['名Ｐ', '名証プレミア']
2026-05-29 10:57:28,947 [SKIP] len error : ['名M', '名証メイン']
2026-05-29 10:57:28,947 [SKIP] len error : ['名N', '名証ネクスト']
2026-05-29 10:57:28,947 [SKIP] len error : ['名Ｅ', '名証ETF']
2026-05-29 10:57:28,947 [SKIP] len error : ['札Ａ', '札証アンビシャス']
2026-05-29 10:57:28,947 [SKIP] len error : ['福Ｑ', '福証Q-Board']
2026-05-29 10:57:28,947 [SKIP] len error : ['①', '高い', '1,000回以上', '13.9%']
2026-05-29 10:57:28,947 [SKIP] len error : ['②', 'やや高い', '400回〜1,000回', '18.5%']
2026-05-29 10:57:28,947 [SKIP] len error : ['③', '中位', '50回〜400回', '39.0%']
2026-05-29 10:57:28,947 [SKIP] len error : ['④', 'やや低い', '10回〜50回', '17.6%']
2026-05-29 10:57:28,947 [SKIP] len error : ['⑤', '低い', '10回未満', '11.0%']
2026-05-29 10:57:28,947 2040件 / ?件中 19:57
2026-05-29 10:57:28,995 [TOTAL] None
2026-05-29 10:57:28,995 [COUNT] 2040
2026-05-29 10:57:29,950 [PAGE] 103
2026-05-29 10:57:30,260 [SKIP] len error : ['東P', '東証プライム']
2026-05-29 10:57:30,260 [SKIP] len error : ['東S', '東証スタンダード']
2026-05-29 10:57:30,260 [SKIP] len error : ['東G', '東証グロース']
2026-05-29 10:57:30,260 [SKIP] len error : ['東Ｅ', '東証ETF']
2026-05-29 10:57:30,260 [SKIP] len error : ['東EN', '東証ETN']
2026-05-29 10:57:30,260 [SKIP] len error : ['東Ｒ', '東証REIT']
2026-05-29 10:57:30,260 [SKIP] len error : ['東IF', '東証インフラファンド']
2026-05-29 10:57:30,260 [SKIP] len error : ['名Ｐ', '名証プレミア']
2026-05-29 10:57:30,260 [SKIP] len error : ['名M', '名証メイン']
2026-05-29 10:57:30,260 [SKIP] len error : ['名N', '名証ネクスト']
2026-05-29 10:57:30,260 [SKIP] len error : ['名Ｅ', '名証ETF']
2026-05-29 10:57:30,260 [SKIP] len error : ['札Ａ', '札証アンビシャス']
2026-05-29 10:57:30,260 [SKIP] len error : ['福Ｑ', '福証Q-Board']
2026-05-29 10:57:30,260 [SKIP] len error : ['①', '高い', '1,000回以上', '13.9%']
2026-05-29 10:57:30,260 [SKIP] len error : ['②', 'やや高い', '400回〜1,000回', '18.5%']
2026-05-29 10:57:30,261 [SKIP] len error : ['③', '中位', '50回〜400回', '39.0%']
2026-05-29 10:57:30,261 [SKIP] len error : ['④', 'やや低い', '10回〜50回', '17.6%']
2026-05-29 10:57:30,261 [SKIP] len error : ['⑤', '低い', '10回未満', '11.0%']
2026-05-29 10:57:30,261 2060件 / ?件中 19:57
2026-05-29 10:57:30,307 [TOTAL] None
2026-05-29 10:57:30,307 [COUNT] 2060
2026-05-29 10:57:31,016 [PAGE] 104
2026-05-29 10:57:31,301 [SKIP] len error : ['東P', '東証プライム']
2026-05-29 10:57:31,301 [SKIP] len error : ['東S', '東証スタンダード']
2026-05-29 10:57:31,301 [SKIP] len error : ['東G', '東証グロース']
2026-05-29 10:57:31,301 [SKIP] len error : ['東Ｅ', '東証ETF']
2026-05-29 10:57:31,302 [SKIP] len error : ['東EN', '東証ETN']
2026-05-29 10:57:31,302 [SKIP] len error : ['東Ｒ', '東証REIT']
2026-05-29 10:57:31,302 [SKIP] len error : ['東IF', '東証インフラファンド']
2026-05-29 10:57:31,302 [SKIP] len error : ['名Ｐ', '名証プレミア']
2026-05-29 10:57:31,302 [SKIP] len error : ['名M', '名証メイン']
2026-05-29 10:57:31,302 [SKIP] len error : ['名N', '名証ネクスト']
2026-05-29 10:57:31,302 [SKIP] len error : ['名Ｅ', '名証ETF']
2026-05-29 10:57:31,302 [SKIP] len error : ['札Ａ', '札証アンビシャス']
2026-05-29 10:57:31,302 [SKIP] len error : ['福Ｑ', '福証Q-Board']
2026-05-29 10:57:31,302 [SKIP] len error : ['①', '高い', '1,000回以上', '13.9%']
2026-05-29 10:57:31,302 [SKIP] len error : ['②', 'やや高い', '400回〜1,000回', '18.5%']
2026-05-29 10:57:31,302 [SKIP] len error : ['③', '中位', '50回〜400回', '39.0%']
2026-05-29 10:57:31,302 [SKIP] len error : ['④', 'やや低い', '10回〜50回', '17.6%']
2026-05-29 10:57:31,302 [SKIP] len error : ['⑤', '低い', '10回未満', '11.0%']
2026-05-29 10:57:31,302 2080件 / ?件中 19:57
2026-05-29 10:57:31,349 [TOTAL] None
2026-05-29 10:57:31,349 [COUNT] 2080
2026-05-29 10:57:32,550 [PAGE] 105
2026-05-29 10:57:32,853 [SKIP] len error : ['東P', '東証プライム']
2026-05-29 10:57:32,853 [SKIP] len error : ['東S', '東証スタンダード']
2026-05-29 10:57:32,853 [SKIP] len error : ['東G', '東証グロース']
2026-05-29 10:57:32,853 [SKIP] len error : ['東Ｅ', '東証ETF']
2026-05-29 10:57:32,853 [SKIP] len error : ['東EN', '東証ETN']
2026-05-29 10:57:32,853 [SKIP] len error : ['東Ｒ', '東証REIT']
2026-05-29 10:57:32,853 [SKIP] len error : ['東IF', '東証インフラファンド']
2026-05-29 10:57:32,853 [SKIP] len error : ['名Ｐ', '名証プレミア']
2026-05-29 10:57:32,853 [SKIP] len error : ['名M', '名証メイン']
2026-05-29 10:57:32,853 [SKIP] len error : ['名N', '名証ネクスト']
2026-05-29 10:57:32,853 [SKIP] len error : ['名Ｅ', '名証ETF']
2026-05-29 10:57:32,853 [SKIP] len error : ['札Ａ', '札証アンビシャス']
2026-05-29 10:57:32,853 [SKIP] len error : ['福Ｑ', '福証Q-Board']
2026-05-29 10:57:32,853 [SKIP] len error : ['①', '高い', '1,000回以上', '13.9%']
2026-05-29 10:57:32,853 [SKIP] len error : ['②', 'やや高い', '400回〜1,000回', '18.5%']
2026-05-29 10:57:32,853 [SKIP] len error : ['③', '中位', '50回〜400回', '39.0%']
2026-05-29 10:57:32,853 [SKIP] len error : ['④', 'やや低い', '10回〜50回', '17.6%']
2026-05-29 10:57:32,853 [SKIP] len error : ['⑤', '低い', '10回未満', '11.0%']
2026-05-29 10:57:32,853 2100件 / ?件中 19:57
2026-05-29 10:57:32,899 [TOTAL] None
2026-05-29 10:57:32,899 [COUNT] 2100
2026-05-29 10:57:34,008 [PAGE] 106
2026-05-29 10:57:34,342 [SKIP] len error : ['東P', '東証プライム']
2026-05-29 10:57:34,343 [SKIP] len error : ['東S', '東証スタンダード']
2026-05-29 10:57:34,343 [SKIP] len error : ['東G', '東証グロース']
2026-05-29 10:57:34,343 [SKIP] len error : ['東Ｅ', '東証ETF']
2026-05-29 10:57:34,343 [SKIP] len error : ['東EN', '東証ETN']
2026-05-29 10:57:34,343 [SKIP] len error : ['東Ｒ', '東証REIT']
2026-05-29 10:57:34,343 [SKIP] len error : ['東IF', '東証インフラファンド']
2026-05-29 10:57:34,343 [SKIP] len error : ['名Ｐ', '名証プレミア']
2026-05-29 10:57:34,343 [SKIP] len error : ['名M', '名証メイン']
2026-05-29 10:57:34,343 [SKIP] len error : ['名N', '名証ネクスト']
2026-05-29 10:57:34,343 [SKIP] len error : ['名Ｅ', '名証ETF']
2026-05-29 10:57:34,343 [SKIP] len error : ['札Ａ', '札証アンビシャス']
2026-05-29 10:57:34,343 [SKIP] len error : ['福Ｑ', '福証Q-Board']
2026-05-29 10:57:34,343 [SKIP] len error : ['①', '高い', '1,000回以上', '13.9%']
2026-05-29 10:57:34,343 [SKIP] len error : ['②', 'やや高い', '400回〜1,000回', '18.5%']
2026-05-29 10:57:34,343 [SKIP] len error : ['③', '中位', '50回〜400回', '39.0%']
2026-05-29 10:57:34,343 [SKIP] len error : ['④', 'やや低い', '10回〜50回', '17.6%']
2026-05-29 10:57:34,343 [SKIP] len error : ['⑤', '低い', '10回未満', '11.0%']
2026-05-29 10:57:34,343 2120件 / ?件中 19:57
2026-05-29 10:57:34,389 [TOTAL] None
2026-05-29 10:57:34,389 [COUNT] 2120
2026-05-29 10:57:34,952 [PAGE] 107
2026-05-29 10:57:35,240 [SKIP] len error : ['東P', '東証プライム']
2026-05-29 10:57:35,240 [SKIP] len error : ['東S', '東証スタンダード']
2026-05-29 10:57:35,240 [SKIP] len error : ['東G', '東証グロース']
2026-05-29 10:57:35,240 [SKIP] len error : ['東Ｅ', '東証ETF']
2026-05-29 10:57:35,240 [SKIP] len error : ['東EN', '東証ETN']
2026-05-29 10:57:35,240 [SKIP] len error : ['東Ｒ', '東証REIT']
2026-05-29 10:57:35,240 [SKIP] len error : ['東IF', '東証インフラファンド']
2026-05-29 10:57:35,240 [SKIP] len error : ['名Ｐ', '名証プレミア']
2026-05-29 10:57:35,240 [SKIP] len error : ['名M', '名証メイン']
2026-05-29 10:57:35,240 [SKIP] len error : ['名N', '名証ネクスト']
2026-05-29 10:57:35,240 [SKIP] len error : ['名Ｅ', '名証ETF']
2026-05-29 10:57:35,240 [SKIP] len error : ['札Ａ', '札証アンビシャス']
2026-05-29 10:57:35,240 [SKIP] len error : ['福Ｑ', '福証Q-Board']
2026-05-29 10:57:35,240 [SKIP] len error : ['①', '高い', '1,000回以上', '13.9%']
2026-05-29 10:57:35,240 [SKIP] len error : ['②', 'やや高い', '400回〜1,000回', '18.5%']
2026-05-29 10:57:35,240 [SKIP] len error : ['③', '中位', '50回〜400回', '39.0%']
2026-05-29 10:57:35,240 [SKIP] len error : ['④', 'やや低い', '10回〜50回', '17.6%']
2026-05-29 10:57:35,240 [SKIP] len error : ['⑤', '低い', '10回未満', '11.0%']
2026-05-29 10:57:35,240 2140件 / ?件中 19:57
2026-05-29 10:57:35,287 [TOTAL] None
2026-05-29 10:57:35,287 [COUNT] 2140
2026-05-29 10:57:36,594 [PAGE] 108
2026-05-29 10:57:36,896 [SKIP] len error : ['東P', '東証プライム']
2026-05-29 10:57:36,896 [SKIP] len error : ['東S', '東証スタンダード']
2026-05-29 10:57:36,896 [SKIP] len error : ['東G', '東証グロース']
2026-05-29 10:57:36,896 [SKIP] len error : ['東Ｅ', '東証ETF']
2026-05-29 10:57:36,896 [SKIP] len error : ['東EN', '東証ETN']
2026-05-29 10:57:36,896 [SKIP] len error : ['東Ｒ', '東証REIT']
2026-05-29 10:57:36,896 [SKIP] len error : ['東IF', '東証インフラファンド']
2026-05-29 10:57:36,896 [SKIP] len error : ['名Ｐ', '名証プレミア']
2026-05-29 10:57:36,896 [SKIP] len error : ['名M', '名証メイン']
2026-05-29 10:57:36,896 [SKIP] len error : ['名N', '名証ネクスト']
2026-05-29 10:57:36,896 [SKIP] len error : ['名Ｅ', '名証ETF']
2026-05-29 10:57:36,896 [SKIP] len error : ['札Ａ', '札証アンビシャス']
2026-05-29 10:57:36,896 [SKIP] len error : ['福Ｑ', '福証Q-Board']
2026-05-29 10:57:36,896 [SKIP] len error : ['①', '高い', '1,000回以上', '13.9%']
2026-05-29 10:57:36,896 [SKIP] len error : ['②', 'やや高い', '400回〜1,000回', '18.5%']
2026-05-29 10:57:36,896 [SKIP] len error : ['③', '中位', '50回〜400回', '39.0%']
2026-05-29 10:57:36,896 [SKIP] len error : ['④', 'やや低い', '10回〜50回', '17.6%']
2026-05-29 10:57:36,896 [SKIP] len error : ['⑤', '低い', '10回未満', '11.0%']
2026-05-29 10:57:36,896 2160件 / ?件中 19:57
2026-05-29 10:57:36,942 [TOTAL] None
2026-05-29 10:57:36,942 [COUNT] 2160
2026-05-29 10:57:38,345 [PAGE] 109
2026-05-29 10:57:38,661 [SKIP] len error : ['東P', '東証プライム']
2026-05-29 10:57:38,661 [SKIP] len error : ['東S', '東証スタンダード']
2026-05-29 10:57:38,661 [SKIP] len error : ['東G', '東証グロース']
2026-05-29 10:57:38,661 [SKIP] len error : ['東Ｅ', '東証ETF']
2026-05-29 10:57:38,661 [SKIP] len error : ['東EN', '東証ETN']
2026-05-29 10:57:38,661 [SKIP] len error : ['東Ｒ', '東証REIT']
2026-05-29 10:57:38,661 [SKIP] len error : ['東IF', '東証インフラファンド']
2026-05-29 10:57:38,661 [SKIP] len error : ['名Ｐ', '名証プレミア']
2026-05-29 10:57:38,661 [SKIP] len error : ['名M', '名証メイン']
2026-05-29 10:57:38,661 [SKIP] len error : ['名N', '名証ネクスト']
2026-05-29 10:57:38,661 [SKIP] len error : ['名Ｅ', '名証ETF']
2026-05-29 10:57:38,661 [SKIP] len error : ['札Ａ', '札証アンビシャス']
2026-05-29 10:57:38,661 [SKIP] len error : ['福Ｑ', '福証Q-Board']
2026-05-29 10:57:38,661 [SKIP] len error : ['①', '高い', '1,000回以上', '13.9%']
2026-05-29 10:57:38,661 [SKIP] len error : ['②', 'やや高い', '400回〜1,000回', '18.5%']
2026-05-29 10:57:38,662 [SKIP] len error : ['③', '中位', '50回〜400回', '39.0%']
2026-05-29 10:57:38,662 [SKIP] len error : ['④', 'やや低い', '10回〜50回', '17.6%']
2026-05-29 10:57:38,662 [SKIP] len error : ['⑤', '低い', '10回未満', '11.0%']
2026-05-29 10:57:38,662 2180件 / ?件中 19:57
2026-05-29 10:57:38,707 [TOTAL] None
2026-05-29 10:57:38,707 [COUNT] 2180
2026-05-29 10:57:40,109 [PAGE] 110
2026-05-29 10:57:40,425 [SKIP] len error : ['東P', '東証プライム']
2026-05-29 10:57:40,425 [SKIP] len error : ['東S', '東証スタンダード']
2026-05-29 10:57:40,425 [SKIP] len error : ['東G', '東証グロース']
2026-05-29 10:57:40,425 [SKIP] len error : ['東Ｅ', '東証ETF']
2026-05-29 10:57:40,425 [SKIP] len error : ['東EN', '東証ETN']
2026-05-29 10:57:40,425 [SKIP] len error : ['東Ｒ', '東証REIT']
2026-05-29 10:57:40,425 [SKIP] len error : ['東IF', '東証インフラファンド']
2026-05-29 10:57:40,425 [SKIP] len error : ['名Ｐ', '名証プレミア']
2026-05-29 10:57:40,425 [SKIP] len error : ['名M', '名証メイン']
2026-05-29 10:57:40,425 [SKIP] len error : ['名N', '名証ネクスト']
2026-05-29 10:57:40,425 [SKIP] len error : ['名Ｅ', '名証ETF']
2026-05-29 10:57:40,425 [SKIP] len error : ['札Ａ', '札証アンビシャス']
2026-05-29 10:57:40,425 [SKIP] len error : ['福Ｑ', '福証Q-Board']
2026-05-29 10:57:40,425 [SKIP] len error : ['①', '高い', '1,000回以上', '13.9%']
2026-05-29 10:57:40,425 [SKIP] len error : ['②', 'やや高い', '400回〜1,000回', '18.5%']
2026-05-29 10:57:40,425 [SKIP] len error : ['③', '中位', '50回〜400回', '39.0%']
2026-05-29 10:57:40,425 [SKIP] len error : ['④', 'やや低い', '10回〜50回', '17.6%']
2026-05-29 10:57:40,425 [SKIP] len error : ['⑤', '低い', '10回未満', '11.0%']
2026-05-29 10:57:40,426 2200件 / ?件中 19:57
2026-05-29 10:57:40,471 [TOTAL] None
2026-05-29 10:57:40,471 [COUNT] 2200
2026-05-29 10:57:41,736 [PAGE] 111
2026-05-29 10:57:42,057 [SKIP] len error : ['東P', '東証プライム']
2026-05-29 10:57:42,057 [SKIP] len error : ['東S', '東証スタンダード']
2026-05-29 10:57:42,057 [SKIP] len error : ['東G', '東証グロース']
2026-05-29 10:57:42,057 [SKIP] len error : ['東Ｅ', '東証ETF']
2026-05-29 10:57:42,057 [SKIP] len error : ['東EN', '東証ETN']
2026-05-29 10:57:42,057 [SKIP] len error : ['東Ｒ', '東証REIT']
2026-05-29 10:57:42,057 [SKIP] len error : ['東IF', '東証インフラファンド']
2026-05-29 10:57:42,057 [SKIP] len error : ['名Ｐ', '名証プレミア']
2026-05-29 10:57:42,057 [SKIP] len error : ['名M', '名証メイン']
2026-05-29 10:57:42,057 [SKIP] len error : ['名N', '名証ネクスト']
2026-05-29 10:57:42,057 [SKIP] len error : ['名Ｅ', '名証ETF']
2026-05-29 10:57:42,057 [SKIP] len error : ['札Ａ', '札証アンビシャス']
2026-05-29 10:57:42,057 [SKIP] len error : ['福Ｑ', '福証Q-Board']
2026-05-29 10:57:42,057 [SKIP] len error : ['①', '高い', '1,000回以上', '13.9%']
2026-05-29 10:57:42,057 [SKIP] len error : ['②', 'やや高い', '400回〜1,000回', '18.5%']
2026-05-29 10:57:42,057 [SKIP] len error : ['③', '中位', '50回〜400回', '39.0%']
2026-05-29 10:57:42,057 [SKIP] len error : ['④', 'やや低い', '10回〜50回', '17.6%']
2026-05-29 10:57:42,057 [SKIP] len error : ['⑤', '低い', '10回未満', '11.0%']
2026-05-29 10:57:42,058 2220件 / ?件中 19:57
2026-05-29 10:57:42,103 [TOTAL] None
2026-05-29 10:57:42,103 [COUNT] 2220
2026-05-29 10:57:43,470 [PAGE] 112
2026-05-29 10:57:43,769 [SKIP] len error : ['東P', '東証プライム']
2026-05-29 10:57:43,770 [SKIP] len error : ['東S', '東証スタンダード']
2026-05-29 10:57:43,770 [SKIP] len error : ['東G', '東証グロース']
2026-05-29 10:57:43,770 [SKIP] len error : ['東Ｅ', '東証ETF']
2026-05-29 10:57:43,770 [SKIP] len error : ['東EN', '東証ETN']
2026-05-29 10:57:43,770 [SKIP] len error : ['東Ｒ', '東証REIT']
2026-05-29 10:57:43,770 [SKIP] len error : ['東IF', '東証インフラファンド']
2026-05-29 10:57:43,770 [SKIP] len error : ['名Ｐ', '名証プレミア']
2026-05-29 10:57:43,770 [SKIP] len error : ['名M', '名証メイン']
2026-05-29 10:57:43,770 [SKIP] len error : ['名N', '名証ネクスト']
2026-05-29 10:57:43,770 [SKIP] len error : ['名Ｅ', '名証ETF']
2026-05-29 10:57:43,770 [SKIP] len error : ['札Ａ', '札証アンビシャス']
2026-05-29 10:57:43,770 [SKIP] len error : ['福Ｑ', '福証Q-Board']
2026-05-29 10:57:43,770 [SKIP] len error : ['①', '高い', '1,000回以上', '13.9%']
2026-05-29 10:57:43,770 [SKIP] len error : ['②', 'やや高い', '400回〜1,000回', '18.5%']
2026-05-29 10:57:43,770 [SKIP] len error : ['③', '中位', '50回〜400回', '39.0%']
2026-05-29 10:57:43,770 [SKIP] len error : ['④', 'やや低い', '10回〜50回', '17.6%']
2026-05-29 10:57:43,770 [SKIP] len error : ['⑤', '低い', '10回未満', '11.0%']
2026-05-29 10:57:43,770 2240件 / ?件中 19:57
2026-05-29 10:57:43,818 [TOTAL] None
2026-05-29 10:57:43,818 [COUNT] 2240
2026-05-29 10:57:44,746 [PAGE] 113
2026-05-29 10:57:45,059 [SKIP] len error : ['東P', '東証プライム']
2026-05-29 10:57:45,059 [SKIP] len error : ['東S', '東証スタンダード']
2026-05-29 10:57:45,059 [SKIP] len error : ['東G', '東証グロース']
2026-05-29 10:57:45,059 [SKIP] len error : ['東Ｅ', '東証ETF']
2026-05-29 10:57:45,059 [SKIP] len error : ['東EN', '東証ETN']
2026-05-29 10:57:45,059 [SKIP] len error : ['東Ｒ', '東証REIT']
2026-05-29 10:57:45,059 [SKIP] len error : ['東IF', '東証インフラファンド']
2026-05-29 10:57:45,059 [SKIP] len error : ['名Ｐ', '名証プレミア']
2026-05-29 10:57:45,059 [SKIP] len error : ['名M', '名証メイン']
2026-05-29 10:57:45,059 [SKIP] len error : ['名N', '名証ネクスト']
2026-05-29 10:57:45,060 [SKIP] len error : ['名Ｅ', '名証ETF']
2026-05-29 10:57:45,060 [SKIP] len error : ['札Ａ', '札証アンビシャス']
2026-05-29 10:57:45,060 [SKIP] len error : ['福Ｑ', '福証Q-Board']
2026-05-29 10:57:45,060 [SKIP] len error : ['①', '高い', '1,000回以上', '13.9%']
2026-05-29 10:57:45,060 [SKIP] len error : ['②', 'やや高い', '400回〜1,000回', '18.5%']
2026-05-29 10:57:45,060 [SKIP] len error : ['③', '中位', '50回〜400回', '39.0%']
2026-05-29 10:57:45,060 [SKIP] len error : ['④', 'やや低い', '10回〜50回', '17.6%']
2026-05-29 10:57:45,060 [SKIP] len error : ['⑤', '低い', '10回未満', '11.0%']
2026-05-29 10:57:45,060 2260件 / ?件中 19:57
2026-05-29 10:57:45,107 [TOTAL] None
2026-05-29 10:57:45,107 [COUNT] 2260
2026-05-29 10:57:46,479 [PAGE] 114
2026-05-29 10:57:46,772 [SKIP] len error : ['東P', '東証プライム']
2026-05-29 10:57:46,772 [SKIP] len error : ['東S', '東証スタンダード']
2026-05-29 10:57:46,773 [SKIP] len error : ['東G', '東証グロース']
2026-05-29 10:57:46,773 [SKIP] len error : ['東Ｅ', '東証ETF']
2026-05-29 10:57:46,773 [SKIP] len error : ['東EN', '東証ETN']
2026-05-29 10:57:46,773 [SKIP] len error : ['東Ｒ', '東証REIT']
2026-05-29 10:57:46,773 [SKIP] len error : ['東IF', '東証インフラファンド']
2026-05-29 10:57:46,773 [SKIP] len error : ['名Ｐ', '名証プレミア']
2026-05-29 10:57:46,773 [SKIP] len error : ['名M', '名証メイン']
2026-05-29 10:57:46,773 [SKIP] len error : ['名N', '名証ネクスト']
2026-05-29 10:57:46,773 [SKIP] len error : ['名Ｅ', '名証ETF']
2026-05-29 10:57:46,773 [SKIP] len error : ['札Ａ', '札証アンビシャス']
2026-05-29 10:57:46,773 [SKIP] len error : ['福Ｑ', '福証Q-Board']
2026-05-29 10:57:46,773 [SKIP] len error : ['①', '高い', '1,000回以上', '13.9%']
2026-05-29 10:57:46,773 [SKIP] len error : ['②', 'やや高い', '400回〜1,000回', '18.5%']
2026-05-29 10:57:46,773 [SKIP] len error : ['③', '中位', '50回〜400回', '39.0%']
2026-05-29 10:57:46,773 [SKIP] len error : ['④', 'やや低い', '10回〜50回', '17.6%']
2026-05-29 10:57:46,773 [SKIP] len error : ['⑤', '低い', '10回未満', '11.0%']
2026-05-29 10:57:46,773 2280件 / ?件中 19:57
2026-05-29 10:57:46,819 [TOTAL] None
2026-05-29 10:57:46,819 [COUNT] 2280
2026-05-29 10:57:48,224 [PAGE] 115
2026-05-29 10:57:48,524 [SKIP] len error : ['東P', '東証プライム']
2026-05-29 10:57:48,524 [SKIP] len error : ['東S', '東証スタンダード']
2026-05-29 10:57:48,524 [SKIP] len error : ['東G', '東証グロース']
2026-05-29 10:57:48,524 [SKIP] len error : ['東Ｅ', '東証ETF']
2026-05-29 10:57:48,524 [SKIP] len error : ['東EN', '東証ETN']
2026-05-29 10:57:48,524 [SKIP] len error : ['東Ｒ', '東証REIT']
2026-05-29 10:57:48,524 [SKIP] len error : ['東IF', '東証インフラファンド']
2026-05-29 10:57:48,524 [SKIP] len error : ['名Ｐ', '名証プレミア']
2026-05-29 10:57:48,524 [SKIP] len error : ['名M', '名証メイン']
2026-05-29 10:57:48,524 [SKIP] len error : ['名N', '名証ネクスト']
2026-05-29 10:57:48,524 [SKIP] len error : ['名Ｅ', '名証ETF']
2026-05-29 10:57:48,524 [SKIP] len error : ['札Ａ', '札証アンビシャス']
2026-05-29 10:57:48,524 [SKIP] len error : ['福Ｑ', '福証Q-Board']
2026-05-29 10:57:48,524 [SKIP] len error : ['①', '高い', '1,000回以上', '13.9%']
2026-05-29 10:57:48,524 [SKIP] len error : ['②', 'やや高い', '400回〜1,000回', '18.5%']
2026-05-29 10:57:48,524 [SKIP] len error : ['③', '中位', '50回〜400回', '39.0%']
2026-05-29 10:57:48,524 [SKIP] len error : ['④', 'やや低い', '10回〜50回', '17.6%']
2026-05-29 10:57:48,524 [SKIP] len error : ['⑤', '低い', '10回未満', '11.0%']
2026-05-29 10:57:48,525 2300件 / ?件中 19:57
2026-05-29 10:57:48,605 [TOTAL] None
2026-05-29 10:57:48,605 [COUNT] 2300
2026-05-29 10:57:49,395 [PAGE] 116
2026-05-29 10:57:49,695 [SKIP] len error : ['東P', '東証プライム']
2026-05-29 10:57:49,695 [SKIP] len error : ['東S', '東証スタンダード']
2026-05-29 10:57:49,695 [SKIP] len error : ['東G', '東証グロース']
2026-05-29 10:57:49,695 [SKIP] len error : ['東Ｅ', '東証ETF']
2026-05-29 10:57:49,695 [SKIP] len error : ['東EN', '東証ETN']
2026-05-29 10:57:49,695 [SKIP] len error : ['東Ｒ', '東証REIT']
2026-05-29 10:57:49,695 [SKIP] len error : ['東IF', '東証インフラファンド']
2026-05-29 10:57:49,695 [SKIP] len error : ['名Ｐ', '名証プレミア']
2026-05-29 10:57:49,695 [SKIP] len error : ['名M', '名証メイン']
2026-05-29 10:57:49,695 [SKIP] len error : ['名N', '名証ネクスト']
2026-05-29 10:57:49,695 [SKIP] len error : ['名Ｅ', '名証ETF']
2026-05-29 10:57:49,695 [SKIP] len error : ['札Ａ', '札証アンビシャス']
2026-05-29 10:57:49,695 [SKIP] len error : ['福Ｑ', '福証Q-Board']
2026-05-29 10:57:49,695 [SKIP] len error : ['①', '高い', '1,000回以上', '13.9%']
2026-05-29 10:57:49,695 [SKIP] len error : ['②', 'やや高い', '400回〜1,000回', '18.5%']
2026-05-29 10:57:49,695 [SKIP] len error : ['③', '中位', '50回〜400回', '39.0%']
2026-05-29 10:57:49,695 [SKIP] len error : ['④', 'やや低い', '10回〜50回', '17.6%']
2026-05-29 10:57:49,696 [SKIP] len error : ['⑤', '低い', '10回未満', '11.0%']
2026-05-29 10:57:49,696 2320件 / ?件中 19:57
2026-05-29 10:57:49,742 [TOTAL] None
2026-05-29 10:57:49,742 [COUNT] 2320
2026-05-29 10:57:50,933 [PAGE] 117
2026-05-29 10:57:51,246 [SKIP] len error : ['東P', '東証プライム']
2026-05-29 10:57:51,246 [SKIP] len error : ['東S', '東証スタンダード']
2026-05-29 10:57:51,246 [SKIP] len error : ['東G', '東証グロース']
2026-05-29 10:57:51,246 [SKIP] len error : ['東Ｅ', '東証ETF']
2026-05-29 10:57:51,246 [SKIP] len error : ['東EN', '東証ETN']
2026-05-29 10:57:51,246 [SKIP] len error : ['東Ｒ', '東証REIT']
2026-05-29 10:57:51,246 [SKIP] len error : ['東IF', '東証インフラファンド']
2026-05-29 10:57:51,246 [SKIP] len error : ['名Ｐ', '名証プレミア']
2026-05-29 10:57:51,246 [SKIP] len error : ['名M', '名証メイン']
2026-05-29 10:57:51,246 [SKIP] len error : ['名N', '名証ネクスト']
2026-05-29 10:57:51,246 [SKIP] len error : ['名Ｅ', '名証ETF']
2026-05-29 10:57:51,246 [SKIP] len error : ['札Ａ', '札証アンビシャス']
2026-05-29 10:57:51,246 [SKIP] len error : ['福Ｑ', '福証Q-Board']
2026-05-29 10:57:51,246 [SKIP] len error : ['①', '高い', '1,000回以上', '13.9%']
2026-05-29 10:57:51,246 [SKIP] len error : ['②', 'やや高い', '400回〜1,000回', '18.5%']
2026-05-29 10:57:51,246 [SKIP] len error : ['③', '中位', '50回〜400回', '39.0%']
2026-05-29 10:57:51,246 [SKIP] len error : ['④', 'やや低い', '10回〜50回', '17.6%']
2026-05-29 10:57:51,246 [SKIP] len error : ['⑤', '低い', '10回未満', '11.0%']
2026-05-29 10:57:51,246 2340件 / ?件中 19:57
2026-05-29 10:57:51,292 [TOTAL] None
2026-05-29 10:57:51,292 [COUNT] 2340
2026-05-29 10:57:52,372 [PAGE] 118
2026-05-29 10:57:52,713 [SKIP] len error : ['東P', '東証プライム']
2026-05-29 10:57:52,713 [SKIP] len error : ['東S', '東証スタンダード']
2026-05-29 10:57:52,713 [SKIP] len error : ['東G', '東証グロース']
2026-05-29 10:57:52,713 [SKIP] len error : ['東Ｅ', '東証ETF']
2026-05-29 10:57:52,713 [SKIP] len error : ['東EN', '東証ETN']
2026-05-29 10:57:52,714 [SKIP] len error : ['東Ｒ', '東証REIT']
2026-05-29 10:57:52,714 [SKIP] len error : ['東IF', '東証インフラファンド']
2026-05-29 10:57:52,714 [SKIP] len error : ['名Ｐ', '名証プレミア']
2026-05-29 10:57:52,714 [SKIP] len error : ['名M', '名証メイン']
2026-05-29 10:57:52,714 [SKIP] len error : ['名N', '名証ネクスト']
2026-05-29 10:57:52,714 [SKIP] len error : ['名Ｅ', '名証ETF']
2026-05-29 10:57:52,714 [SKIP] len error : ['札Ａ', '札証アンビシャス']
2026-05-29 10:57:52,714 [SKIP] len error : ['福Ｑ', '福証Q-Board']
2026-05-29 10:57:52,714 [SKIP] len error : ['①', '高い', '1,000回以上', '13.9%']
2026-05-29 10:57:52,714 [SKIP] len error : ['②', 'やや高い', '400回〜1,000回', '18.5%']
2026-05-29 10:57:52,714 [SKIP] len error : ['③', '中位', '50回〜400回', '39.0%']
2026-05-29 10:57:52,714 [SKIP] len error : ['④', 'やや低い', '10回〜50回', '17.6%']
2026-05-29 10:57:52,714 [SKIP] len error : ['⑤', '低い', '10回未満', '11.0%']
2026-05-29 10:57:52,714 2360件 / ?件中 19:57
2026-05-29 10:57:52,760 [TOTAL] None
2026-05-29 10:57:52,760 [COUNT] 2360
2026-05-29 10:57:53,864 [PAGE] 119
2026-05-29 10:57:54,162 [SKIP] len error : ['東P', '東証プライム']
2026-05-29 10:57:54,162 [SKIP] len error : ['東S', '東証スタンダード']
2026-05-29 10:57:54,162 [SKIP] len error : ['東G', '東証グロース']
2026-05-29 10:57:54,162 [SKIP] len error : ['東Ｅ', '東証ETF']
2026-05-29 10:57:54,162 [SKIP] len error : ['東EN', '東証ETN']
2026-05-29 10:57:54,162 [SKIP] len error : ['東Ｒ', '東証REIT']
2026-05-29 10:57:54,162 [SKIP] len error : ['東IF', '東証インフラファンド']
2026-05-29 10:57:54,162 [SKIP] len error : ['名Ｐ', '名証プレミア']
2026-05-29 10:57:54,162 [SKIP] len error : ['名M', '名証メイン']
2026-05-29 10:57:54,162 [SKIP] len error : ['名N', '名証ネクスト']
2026-05-29 10:57:54,162 [SKIP] len error : ['名Ｅ', '名証ETF']
2026-05-29 10:57:54,162 [SKIP] len error : ['札Ａ', '札証アンビシャス']
2026-05-29 10:57:54,162 [SKIP] len error : ['福Ｑ', '福証Q-Board']
2026-05-29 10:57:54,162 [SKIP] len error : ['①', '高い', '1,000回以上', '13.9%']
2026-05-29 10:57:54,162 [SKIP] len error : ['②', 'やや高い', '400回〜1,000回', '18.5%']
2026-05-29 10:57:54,162 [SKIP] len error : ['③', '中位', '50回〜400回', '39.0%']
2026-05-29 10:57:54,162 [SKIP] len error : ['④', 'やや低い', '10回〜50回', '17.6%']
2026-05-29 10:57:54,162 [SKIP] len error : ['⑤', '低い', '10回未満', '11.0%']
2026-05-29 10:57:54,162 2380件 / ?件中 19:57
2026-05-29 10:57:54,208 [TOTAL] None
2026-05-29 10:57:54,208 [COUNT] 2380
2026-05-29 10:57:55,445 [PAGE] 120
2026-05-29 10:57:55,749 [SKIP] len error : ['東P', '東証プライム']
2026-05-29 10:57:55,749 [SKIP] len error : ['東S', '東証スタンダード']
2026-05-29 10:57:55,749 [SKIP] len error : ['東G', '東証グロース']
2026-05-29 10:57:55,749 [SKIP] len error : ['東Ｅ', '東証ETF']
2026-05-29 10:57:55,749 [SKIP] len error : ['東EN', '東証ETN']
2026-05-29 10:57:55,749 [SKIP] len error : ['東Ｒ', '東証REIT']
2026-05-29 10:57:55,749 [SKIP] len error : ['東IF', '東証インフラファンド']
2026-05-29 10:57:55,749 [SKIP] len error : ['名Ｐ', '名証プレミア']
2026-05-29 10:57:55,749 [SKIP] len error : ['名M', '名証メイン']
2026-05-29 10:57:55,749 [SKIP] len error : ['名N', '名証ネクスト']
2026-05-29 10:57:55,749 [SKIP] len error : ['名Ｅ', '名証ETF']
2026-05-29 10:57:55,749 [SKIP] len error : ['札Ａ', '札証アンビシャス']
2026-05-29 10:57:55,749 [SKIP] len error : ['福Ｑ', '福証Q-Board']
2026-05-29 10:57:55,749 [SKIP] len error : ['①', '高い', '1,000回以上', '13.9%']
2026-05-29 10:57:55,749 [SKIP] len error : ['②', 'やや高い', '400回〜1,000回', '18.5%']
2026-05-29 10:57:55,749 [SKIP] len error : ['③', '中位', '50回〜400回', '39.0%']
2026-05-29 10:57:55,749 [SKIP] len error : ['④', 'やや低い', '10回〜50回', '17.6%']
2026-05-29 10:57:55,749 [SKIP] len error : ['⑤', '低い', '10回未満', '11.0%']
2026-05-29 10:57:55,750 2400件 / ?件中 19:57
2026-05-29 10:57:55,831 [TOTAL] None
2026-05-29 10:57:55,831 [COUNT] 2400
2026-05-29 10:57:56,510 [PAGE] 121
2026-05-29 10:57:56,817 [SKIP] len error : ['東P', '東証プライム']
2026-05-29 10:57:56,817 [SKIP] len error : ['東S', '東証スタンダード']
2026-05-29 10:57:56,817 [SKIP] len error : ['東G', '東証グロース']
2026-05-29 10:57:56,817 [SKIP] len error : ['東Ｅ', '東証ETF']
2026-05-29 10:57:56,817 [SKIP] len error : ['東EN', '東証ETN']
2026-05-29 10:57:56,817 [SKIP] len error : ['東Ｒ', '東証REIT']
2026-05-29 10:57:56,817 [SKIP] len error : ['東IF', '東証インフラファンド']
2026-05-29 10:57:56,817 [SKIP] len error : ['名Ｐ', '名証プレミア']
2026-05-29 10:57:56,817 [SKIP] len error : ['名M', '名証メイン']
2026-05-29 10:57:56,817 [SKIP] len error : ['名N', '名証ネクスト']
2026-05-29 10:57:56,817 [SKIP] len error : ['名Ｅ', '名証ETF']
2026-05-29 10:57:56,817 [SKIP] len error : ['札Ａ', '札証アンビシャス']
2026-05-29 10:57:56,817 [SKIP] len error : ['福Ｑ', '福証Q-Board']
2026-05-29 10:57:56,817 [SKIP] len error : ['①', '高い', '1,000回以上', '13.9%']
2026-05-29 10:57:56,817 [SKIP] len error : ['②', 'やや高い', '400回〜1,000回', '18.5%']
2026-05-29 10:57:56,817 [SKIP] len error : ['③', '中位', '50回〜400回', '39.0%']
2026-05-29 10:57:56,817 [SKIP] len error : ['④', 'やや低い', '10回〜50回', '17.6%']
2026-05-29 10:57:56,817 [SKIP] len error : ['⑤', '低い', '10回未満', '11.0%']
2026-05-29 10:57:56,818 2420件 / ?件中 19:57
2026-05-29 10:57:56,863 [TOTAL] None
2026-05-29 10:57:56,863 [COUNT] 2420
2026-05-29 10:57:57,944 [PAGE] 122
2026-05-29 10:57:58,252 [SKIP] len error : ['東P', '東証プライム']
2026-05-29 10:57:58,252 [SKIP] len error : ['東S', '東証スタンダード']
2026-05-29 10:57:58,252 [SKIP] len error : ['東G', '東証グロース']
2026-05-29 10:57:58,252 [SKIP] len error : ['東Ｅ', '東証ETF']
2026-05-29 10:57:58,252 [SKIP] len error : ['東EN', '東証ETN']
2026-05-29 10:57:58,252 [SKIP] len error : ['東Ｒ', '東証REIT']
2026-05-29 10:57:58,252 [SKIP] len error : ['東IF', '東証インフラファンド']
2026-05-29 10:57:58,252 [SKIP] len error : ['名Ｐ', '名証プレミア']
2026-05-29 10:57:58,252 [SKIP] len error : ['名M', '名証メイン']
2026-05-29 10:57:58,252 [SKIP] len error : ['名N', '名証ネクスト']
2026-05-29 10:57:58,252 [SKIP] len error : ['名Ｅ', '名証ETF']
2026-05-29 10:57:58,252 [SKIP] len error : ['札Ａ', '札証アンビシャス']
2026-05-29 10:57:58,252 [SKIP] len error : ['福Ｑ', '福証Q-Board']
2026-05-29 10:57:58,252 [SKIP] len error : ['①', '高い', '1,000回以上', '13.9%']
2026-05-29 10:57:58,252 [SKIP] len error : ['②', 'やや高い', '400回〜1,000回', '18.5%']
2026-05-29 10:57:58,252 [SKIP] len error : ['③', '中位', '50回〜400回', '39.0%']
2026-05-29 10:57:58,252 [SKIP] len error : ['④', 'やや低い', '10回〜50回', '17.6%']
2026-05-29 10:57:58,252 [SKIP] len error : ['⑤', '低い', '10回未満', '11.0%']
2026-05-29 10:57:58,253 2440件 / ?件中 19:57
2026-05-29 10:57:58,299 [TOTAL] None
2026-05-29 10:57:58,299 [COUNT] 2440
2026-05-29 10:57:59,197 [PAGE] 123
2026-05-29 10:57:59,490 [SKIP] len error : ['東P', '東証プライム']
2026-05-29 10:57:59,490 [SKIP] len error : ['東S', '東証スタンダード']
2026-05-29 10:57:59,490 [SKIP] len error : ['東G', '東証グロース']
2026-05-29 10:57:59,490 [SKIP] len error : ['東Ｅ', '東証ETF']
2026-05-29 10:57:59,490 [SKIP] len error : ['東EN', '東証ETN']
2026-05-29 10:57:59,490 [SKIP] len error : ['東Ｒ', '東証REIT']
2026-05-29 10:57:59,490 [SKIP] len error : ['東IF', '東証インフラファンド']
2026-05-29 10:57:59,490 [SKIP] len error : ['名Ｐ', '名証プレミア']
2026-05-29 10:57:59,490 [SKIP] len error : ['名M', '名証メイン']
2026-05-29 10:57:59,491 [SKIP] len error : ['名N', '名証ネクスト']
2026-05-29 10:57:59,491 [SKIP] len error : ['名Ｅ', '名証ETF']
2026-05-29 10:57:59,491 [SKIP] len error : ['札Ａ', '札証アンビシャス']
2026-05-29 10:57:59,491 [SKIP] len error : ['福Ｑ', '福証Q-Board']
2026-05-29 10:57:59,491 [SKIP] len error : ['①', '高い', '1,000回以上', '13.9%']
2026-05-29 10:57:59,491 [SKIP] len error : ['②', 'やや高い', '400回〜1,000回', '18.5%']
2026-05-29 10:57:59,491 [SKIP] len error : ['③', '中位', '50回〜400回', '39.0%']
2026-05-29 10:57:59,491 [SKIP] len error : ['④', 'やや低い', '10回〜50回', '17.6%']
2026-05-29 10:57:59,491 [SKIP] len error : ['⑤', '低い', '10回未満', '11.0%']
2026-05-29 10:57:59,491 2460件 / ?件中 19:57
2026-05-29 10:57:59,536 [TOTAL] None
2026-05-29 10:57:59,536 [COUNT] 2460
2026-05-29 10:58:00,204 [PAGE] 124
2026-05-29 10:58:00,519 [SKIP] len error : ['東P', '東証プライム']
2026-05-29 10:58:00,519 [SKIP] len error : ['東S', '東証スタンダード']
2026-05-29 10:58:00,519 [SKIP] len error : ['東G', '東証グロース']
2026-05-29 10:58:00,519 [SKIP] len error : ['東Ｅ', '東証ETF']
2026-05-29 10:58:00,519 [SKIP] len error : ['東EN', '東証ETN']
2026-05-29 10:58:00,519 [SKIP] len error : ['東Ｒ', '東証REIT']
2026-05-29 10:58:00,519 [SKIP] len error : ['東IF', '東証インフラファンド']
2026-05-29 10:58:00,519 [SKIP] len error : ['名Ｐ', '名証プレミア']
2026-05-29 10:58:00,519 [SKIP] len error : ['名M', '名証メイン']
2026-05-29 10:58:00,519 [SKIP] len error : ['名N', '名証ネクスト']
2026-05-29 10:58:00,519 [SKIP] len error : ['名Ｅ', '名証ETF']
2026-05-29 10:58:00,519 [SKIP] len error : ['札Ａ', '札証アンビシャス']
2026-05-29 10:58:00,519 [SKIP] len error : ['福Ｑ', '福証Q-Board']
2026-05-29 10:58:00,520 [SKIP] len error : ['①', '高い', '1,000回以上', '13.9%']
2026-05-29 10:58:00,520 [SKIP] len error : ['②', 'やや高い', '400回〜1,000回', '18.5%']
2026-05-29 10:58:00,520 [SKIP] len error : ['③', '中位', '50回〜400回', '39.0%']
2026-05-29 10:58:00,520 [SKIP] len error : ['④', 'やや低い', '10回〜50回', '17.6%']
2026-05-29 10:58:00,520 [SKIP] len error : ['⑤', '低い', '10回未満', '11.0%']
2026-05-29 10:58:00,520 2480件 / ?件中 19:58
2026-05-29 10:58:00,566 [TOTAL] None
2026-05-29 10:58:00,567 [COUNT] 2480
2026-05-29 10:58:01,206 [PAGE] 125
2026-05-29 10:58:01,549 [SKIP] len error : ['東P', '東証プライム']
2026-05-29 10:58:01,549 [SKIP] len error : ['東S', '東証スタンダード']
2026-05-29 10:58:01,549 [SKIP] len error : ['東G', '東証グロース']
2026-05-29 10:58:01,549 [SKIP] len error : ['東Ｅ', '東証ETF']
2026-05-29 10:58:01,549 [SKIP] len error : ['東EN', '東証ETN']
2026-05-29 10:58:01,549 [SKIP] len error : ['東Ｒ', '東証REIT']
2026-05-29 10:58:01,549 [SKIP] len error : ['東IF', '東証インフラファンド']
2026-05-29 10:58:01,549 [SKIP] len error : ['名Ｐ', '名証プレミア']
2026-05-29 10:58:01,549 [SKIP] len error : ['名M', '名証メイン']
2026-05-29 10:58:01,549 [SKIP] len error : ['名N', '名証ネクスト']
2026-05-29 10:58:01,550 [SKIP] len error : ['名Ｅ', '名証ETF']
2026-05-29 10:58:01,550 [SKIP] len error : ['札Ａ', '札証アンビシャス']
2026-05-29 10:58:01,550 [SKIP] len error : ['福Ｑ', '福証Q-Board']
2026-05-29 10:58:01,550 [SKIP] len error : ['①', '高い', '1,000回以上', '13.9%']
2026-05-29 10:58:01,550 [SKIP] len error : ['②', 'やや高い', '400回〜1,000回', '18.5%']
2026-05-29 10:58:01,550 [SKIP] len error : ['③', '中位', '50回〜400回', '39.0%']
2026-05-29 10:58:01,550 [SKIP] len error : ['④', 'やや低い', '10回〜50回', '17.6%']
2026-05-29 10:58:01,550 [SKIP] len error : ['⑤', '低い', '10回未満', '11.0%']
2026-05-29 10:58:01,550 2500件 / ?件中 19:58
2026-05-29 10:58:01,596 [TOTAL] None
2026-05-29 10:58:01,596 [COUNT] 2500
2026-05-29 10:58:02,584 [PAGE] 126
2026-05-29 10:58:02,903 [SKIP] len error : ['東P', '東証プライム']
2026-05-29 10:58:02,903 [SKIP] len error : ['東S', '東証スタンダード']
2026-05-29 10:58:02,903 [SKIP] len error : ['東G', '東証グロース']
2026-05-29 10:58:02,903 [SKIP] len error : ['東Ｅ', '東証ETF']
2026-05-29 10:58:02,903 [SKIP] len error : ['東EN', '東証ETN']
2026-05-29 10:58:02,904 [SKIP] len error : ['東Ｒ', '東証REIT']
2026-05-29 10:58:02,904 [SKIP] len error : ['東IF', '東証インフラファンド']
2026-05-29 10:58:02,904 [SKIP] len error : ['名Ｐ', '名証プレミア']
2026-05-29 10:58:02,904 [SKIP] len error : ['名M', '名証メイン']
2026-05-29 10:58:02,904 [SKIP] len error : ['名N', '名証ネクスト']
2026-05-29 10:58:02,904 [SKIP] len error : ['名Ｅ', '名証ETF']
2026-05-29 10:58:02,904 [SKIP] len error : ['札Ａ', '札証アンビシャス']
2026-05-29 10:58:02,904 [SKIP] len error : ['福Ｑ', '福証Q-Board']
2026-05-29 10:58:02,904 [SKIP] len error : ['①', '高い', '1,000回以上', '13.9%']
2026-05-29 10:58:02,904 [SKIP] len error : ['②', 'やや高い', '400回〜1,000回', '18.5%']
2026-05-29 10:58:02,904 [SKIP] len error : ['③', '中位', '50回〜400回', '39.0%']
2026-05-29 10:58:02,904 [SKIP] len error : ['④', 'やや低い', '10回〜50回', '17.6%']
2026-05-29 10:58:02,904 [SKIP] len error : ['⑤', '低い', '10回未満', '11.0%']
2026-05-29 10:58:02,904 2520件 / ?件中 19:58
2026-05-29 10:58:02,951 [TOTAL] None
2026-05-29 10:58:02,951 [COUNT] 2520
2026-05-29 10:58:04,174 [PAGE] 127
2026-05-29 10:58:04,510 [SKIP] len error : ['東P', '東証プライム']
2026-05-29 10:58:04,510 [SKIP] len error : ['東S', '東証スタンダード']
2026-05-29 10:58:04,510 [SKIP] len error : ['東G', '東証グロース']
2026-05-29 10:58:04,510 [SKIP] len error : ['東Ｅ', '東証ETF']
2026-05-29 10:58:04,510 [SKIP] len error : ['東EN', '東証ETN']
2026-05-29 10:58:04,510 [SKIP] len error : ['東Ｒ', '東証REIT']
2026-05-29 10:58:04,510 [SKIP] len error : ['東IF', '東証インフラファンド']
2026-05-29 10:58:04,510 [SKIP] len error : ['名Ｐ', '名証プレミア']
2026-05-29 10:58:04,510 [SKIP] len error : ['名M', '名証メイン']
2026-05-29 10:58:04,510 [SKIP] len error : ['名N', '名証ネクスト']
2026-05-29 10:58:04,510 [SKIP] len error : ['名Ｅ', '名証ETF']
2026-05-29 10:58:04,510 [SKIP] len error : ['札Ａ', '札証アンビシャス']
2026-05-29 10:58:04,510 [SKIP] len error : ['福Ｑ', '福証Q-Board']
2026-05-29 10:58:04,510 [SKIP] len error : ['①', '高い', '1,000回以上', '13.9%']
2026-05-29 10:58:04,510 [SKIP] len error : ['②', 'やや高い', '400回〜1,000回', '18.5%']
2026-05-29 10:58:04,510 [SKIP] len error : ['③', '中位', '50回〜400回', '39.0%']
2026-05-29 10:58:04,510 [SKIP] len error : ['④', 'やや低い', '10回〜50回', '17.6%']
2026-05-29 10:58:04,510 [SKIP] len error : ['⑤', '低い', '10回未満', '11.0%']
2026-05-29 10:58:04,511 2540件 / ?件中 19:58
2026-05-29 10:58:04,558 [TOTAL] None
2026-05-29 10:58:04,558 [COUNT] 2540
2026-05-29 10:58:05,075 [PAGE] 128
2026-05-29 10:58:05,378 [SKIP] len error : ['東P', '東証プライム']
2026-05-29 10:58:05,378 [SKIP] len error : ['東S', '東証スタンダード']
2026-05-29 10:58:05,378 [SKIP] len error : ['東G', '東証グロース']
2026-05-29 10:58:05,378 [SKIP] len error : ['東Ｅ', '東証ETF']
2026-05-29 10:58:05,378 [SKIP] len error : ['東EN', '東証ETN']
2026-05-29 10:58:05,378 [SKIP] len error : ['東Ｒ', '東証REIT']
2026-05-29 10:58:05,378 [SKIP] len error : ['東IF', '東証インフラファンド']
2026-05-29 10:58:05,378 [SKIP] len error : ['名Ｐ', '名証プレミア']
2026-05-29 10:58:05,378 [SKIP] len error : ['名M', '名証メイン']
2026-05-29 10:58:05,378 [SKIP] len error : ['名N', '名証ネクスト']
2026-05-29 10:58:05,378 [SKIP] len error : ['名Ｅ', '名証ETF']
2026-05-29 10:58:05,379 [SKIP] len error : ['札Ａ', '札証アンビシャス']
2026-05-29 10:58:05,379 [SKIP] len error : ['福Ｑ', '福証Q-Board']
2026-05-29 10:58:05,379 [SKIP] len error : ['①', '高い', '1,000回以上', '13.9%']
2026-05-29 10:58:05,379 [SKIP] len error : ['②', 'やや高い', '400回〜1,000回', '18.5%']
2026-05-29 10:58:05,379 [SKIP] len error : ['③', '中位', '50回〜400回', '39.0%']
2026-05-29 10:58:05,379 [SKIP] len error : ['④', 'やや低い', '10回〜50回', '17.6%']
2026-05-29 10:58:05,379 [SKIP] len error : ['⑤', '低い', '10回未満', '11.0%']
2026-05-29 10:58:05,379 2560件 / ?件中 19:58
2026-05-29 10:58:05,425 [TOTAL] None
2026-05-29 10:58:05,425 [COUNT] 2560
2026-05-29 10:58:06,546 [PAGE] 129
2026-05-29 10:58:06,860 [SKIP] len error : ['東P', '東証プライム']
2026-05-29 10:58:06,860 [SKIP] len error : ['東S', '東証スタンダード']
2026-05-29 10:58:06,860 [SKIP] len error : ['東G', '東証グロース']
2026-05-29 10:58:06,860 [SKIP] len error : ['東Ｅ', '東証ETF']
2026-05-29 10:58:06,860 [SKIP] len error : ['東EN', '東証ETN']
2026-05-29 10:58:06,860 [SKIP] len error : ['東Ｒ', '東証REIT']
2026-05-29 10:58:06,860 [SKIP] len error : ['東IF', '東証インフラファンド']
2026-05-29 10:58:06,860 [SKIP] len error : ['名Ｐ', '名証プレミア']
2026-05-29 10:58:06,860 [SKIP] len error : ['名M', '名証メイン']
2026-05-29 10:58:06,860 [SKIP] len error : ['名N', '名証ネクスト']
2026-05-29 10:58:06,860 [SKIP] len error : ['名Ｅ', '名証ETF']
2026-05-29 10:58:06,860 [SKIP] len error : ['札Ａ', '札証アンビシャス']
2026-05-29 10:58:06,860 [SKIP] len error : ['福Ｑ', '福証Q-Board']
2026-05-29 10:58:06,860 [SKIP] len error : ['①', '高い', '1,000回以上', '13.9%']
2026-05-29 10:58:06,860 [SKIP] len error : ['②', 'やや高い', '400回〜1,000回', '18.5%']
2026-05-29 10:58:06,860 [SKIP] len error : ['③', '中位', '50回〜400回', '39.0%']
2026-05-29 10:58:06,860 [SKIP] len error : ['④', 'やや低い', '10回〜50回', '17.6%']
2026-05-29 10:58:06,860 [SKIP] len error : ['⑤', '低い', '10回未満', '11.0%']
2026-05-29 10:58:06,860 2580件 / ?件中 19:58
2026-05-29 10:58:06,906 [TOTAL] None
2026-05-29 10:58:06,906 [COUNT] 2580
2026-05-29 10:58:08,001 [PAGE] 130
2026-05-29 10:58:08,332 [SKIP] len error : ['東P', '東証プライム']
2026-05-29 10:58:08,332 [SKIP] len error : ['東S', '東証スタンダード']
2026-05-29 10:58:08,332 [SKIP] len error : ['東G', '東証グロース']
2026-05-29 10:58:08,332 [SKIP] len error : ['東Ｅ', '東証ETF']
2026-05-29 10:58:08,332 [SKIP] len error : ['東EN', '東証ETN']
2026-05-29 10:58:08,332 [SKIP] len error : ['東Ｒ', '東証REIT']
2026-05-29 10:58:08,332 [SKIP] len error : ['東IF', '東証インフラファンド']
2026-05-29 10:58:08,333 [SKIP] len error : ['名Ｐ', '名証プレミア']
2026-05-29 10:58:08,333 [SKIP] len error : ['名M', '名証メイン']
2026-05-29 10:58:08,333 [SKIP] len error : ['名N', '名証ネクスト']
2026-05-29 10:58:08,333 [SKIP] len error : ['名Ｅ', '名証ETF']
2026-05-29 10:58:08,333 [SKIP] len error : ['札Ａ', '札証アンビシャス']
2026-05-29 10:58:08,333 [SKIP] len error : ['福Ｑ', '福証Q-Board']
2026-05-29 10:58:08,333 [SKIP] len error : ['①', '高い', '1,000回以上', '13.9%']
2026-05-29 10:58:08,333 [SKIP] len error : ['②', 'やや高い', '400回〜1,000回', '18.5%']
2026-05-29 10:58:08,333 [SKIP] len error : ['③', '中位', '50回〜400回', '39.0%']
2026-05-29 10:58:08,333 [SKIP] len error : ['④', 'やや低い', '10回〜50回', '17.6%']
2026-05-29 10:58:08,333 [SKIP] len error : ['⑤', '低い', '10回未満', '11.0%']
2026-05-29 10:58:08,333 2600件 / ?件中 19:58
2026-05-29 10:58:08,379 [TOTAL] None
2026-05-29 10:58:08,379 [COUNT] 2600
2026-05-29 10:58:08,942 [PAGE] 131
2026-05-29 10:58:09,242 [SKIP] len error : ['東P', '東証プライム']
2026-05-29 10:58:09,242 [SKIP] len error : ['東S', '東証スタンダード']
2026-05-29 10:58:09,242 [SKIP] len error : ['東G', '東証グロース']
2026-05-29 10:58:09,242 [SKIP] len error : ['東Ｅ', '東証ETF']
2026-05-29 10:58:09,242 [SKIP] len error : ['東EN', '東証ETN']
2026-05-29 10:58:09,242 [SKIP] len error : ['東Ｒ', '東証REIT']
2026-05-29 10:58:09,242 [SKIP] len error : ['東IF', '東証インフラファンド']
2026-05-29 10:58:09,242 [SKIP] len error : ['名Ｐ', '名証プレミア']
2026-05-29 10:58:09,242 [SKIP] len error : ['名M', '名証メイン']
2026-05-29 10:58:09,242 [SKIP] len error : ['名N', '名証ネクスト']
2026-05-29 10:58:09,242 [SKIP] len error : ['名Ｅ', '名証ETF']
2026-05-29 10:58:09,242 [SKIP] len error : ['札Ａ', '札証アンビシャス']
2026-05-29 10:58:09,243 [SKIP] len error : ['福Ｑ', '福証Q-Board']
2026-05-29 10:58:09,243 [SKIP] len error : ['①', '高い', '1,000回以上', '13.9%']
2026-05-29 10:58:09,243 [SKIP] len error : ['②', 'やや高い', '400回〜1,000回', '18.5%']
2026-05-29 10:58:09,243 [SKIP] len error : ['③', '中位', '50回〜400回', '39.0%']
2026-05-29 10:58:09,243 [SKIP] len error : ['④', 'やや低い', '10回〜50回', '17.6%']
2026-05-29 10:58:09,243 [SKIP] len error : ['⑤', '低い', '10回未満', '11.0%']
2026-05-29 10:58:09,243 2620件 / ?件中 19:58
2026-05-29 10:58:09,289 [TOTAL] None
2026-05-29 10:58:09,289 [COUNT] 2620
2026-05-29 10:58:10,171 [PAGE] 132
2026-05-29 10:58:10,473 [SKIP] len error : ['東P', '東証プライム']
2026-05-29 10:58:10,473 [SKIP] len error : ['東S', '東証スタンダード']
2026-05-29 10:58:10,473 [SKIP] len error : ['東G', '東証グロース']
2026-05-29 10:58:10,473 [SKIP] len error : ['東Ｅ', '東証ETF']
2026-05-29 10:58:10,473 [SKIP] len error : ['東EN', '東証ETN']
2026-05-29 10:58:10,473 [SKIP] len error : ['東Ｒ', '東証REIT']
2026-05-29 10:58:10,473 [SKIP] len error : ['東IF', '東証インフラファンド']
2026-05-29 10:58:10,473 [SKIP] len error : ['名Ｐ', '名証プレミア']
2026-05-29 10:58:10,473 [SKIP] len error : ['名M', '名証メイン']
2026-05-29 10:58:10,473 [SKIP] len error : ['名N', '名証ネクスト']
2026-05-29 10:58:10,473 [SKIP] len error : ['名Ｅ', '名証ETF']
2026-05-29 10:58:10,473 [SKIP] len error : ['札Ａ', '札証アンビシャス']
2026-05-29 10:58:10,474 [SKIP] len error : ['福Ｑ', '福証Q-Board']
2026-05-29 10:58:10,474 [SKIP] len error : ['①', '高い', '1,000回以上', '13.9%']
2026-05-29 10:58:10,474 [SKIP] len error : ['②', 'やや高い', '400回〜1,000回', '18.5%']
2026-05-29 10:58:10,474 [SKIP] len error : ['③', '中位', '50回〜400回', '39.0%']
2026-05-29 10:58:10,474 [SKIP] len error : ['④', 'やや低い', '10回〜50回', '17.6%']
2026-05-29 10:58:10,474 [SKIP] len error : ['⑤', '低い', '10回未満', '11.0%']
2026-05-29 10:58:10,474 2640件 / ?件中 19:58
2026-05-29 10:58:10,520 [TOTAL] None
2026-05-29 10:58:10,520 [COUNT] 2640
2026-05-29 10:58:11,529 [PAGE] 133
2026-05-29 10:58:11,836 [SKIP] len error : ['東P', '東証プライム']
2026-05-29 10:58:11,836 [SKIP] len error : ['東S', '東証スタンダード']
2026-05-29 10:58:11,836 [SKIP] len error : ['東G', '東証グロース']
2026-05-29 10:58:11,836 [SKIP] len error : ['東Ｅ', '東証ETF']
2026-05-29 10:58:11,836 [SKIP] len error : ['東EN', '東証ETN']
2026-05-29 10:58:11,836 [SKIP] len error : ['東Ｒ', '東証REIT']
2026-05-29 10:58:11,836 [SKIP] len error : ['東IF', '東証インフラファンド']
2026-05-29 10:58:11,836 [SKIP] len error : ['名Ｐ', '名証プレミア']
2026-05-29 10:58:11,836 [SKIP] len error : ['名M', '名証メイン']
2026-05-29 10:58:11,836 [SKIP] len error : ['名N', '名証ネクスト']
2026-05-29 10:58:11,836 [SKIP] len error : ['名Ｅ', '名証ETF']
2026-05-29 10:58:11,836 [SKIP] len error : ['札Ａ', '札証アンビシャス']
2026-05-29 10:58:11,836 [SKIP] len error : ['福Ｑ', '福証Q-Board']
2026-05-29 10:58:11,836 [SKIP] len error : ['①', '高い', '1,000回以上', '13.9%']
2026-05-29 10:58:11,836 [SKIP] len error : ['②', 'やや高い', '400回〜1,000回', '18.5%']
2026-05-29 10:58:11,836 [SKIP] len error : ['③', '中位', '50回〜400回', '39.0%']
2026-05-29 10:58:11,836 [SKIP] len error : ['④', 'やや低い', '10回〜50回', '17.6%']
2026-05-29 10:58:11,836 [SKIP] len error : ['⑤', '低い', '10回未満', '11.0%']
2026-05-29 10:58:11,837 2660件 / ?件中 19:58
2026-05-29 10:58:11,883 [TOTAL] None
2026-05-29 10:58:11,883 [COUNT] 2660
2026-05-29 10:58:12,701 [PAGE] 134
2026-05-29 10:58:12,991 [SKIP] len error : ['東P', '東証プライム']
2026-05-29 10:58:12,991 [SKIP] len error : ['東S', '東証スタンダード']
2026-05-29 10:58:12,991 [SKIP] len error : ['東G', '東証グロース']
2026-05-29 10:58:12,991 [SKIP] len error : ['東Ｅ', '東証ETF']
2026-05-29 10:58:12,991 [SKIP] len error : ['東EN', '東証ETN']
2026-05-29 10:58:12,991 [SKIP] len error : ['東Ｒ', '東証REIT']
2026-05-29 10:58:12,991 [SKIP] len error : ['東IF', '東証インフラファンド']
2026-05-29 10:58:12,992 [SKIP] len error : ['名Ｐ', '名証プレミア']
2026-05-29 10:58:12,992 [SKIP] len error : ['名M', '名証メイン']
2026-05-29 10:58:12,992 [SKIP] len error : ['名N', '名証ネクスト']
2026-05-29 10:58:12,992 [SKIP] len error : ['名Ｅ', '名証ETF']
2026-05-29 10:58:12,992 [SKIP] len error : ['札Ａ', '札証アンビシャス']
2026-05-29 10:58:12,992 [SKIP] len error : ['福Ｑ', '福証Q-Board']
2026-05-29 10:58:12,992 [SKIP] len error : ['①', '高い', '1,000回以上', '13.9%']
2026-05-29 10:58:12,992 [SKIP] len error : ['②', 'やや高い', '400回〜1,000回', '18.5%']
2026-05-29 10:58:12,992 [SKIP] len error : ['③', '中位', '50回〜400回', '39.0%']
2026-05-29 10:58:12,992 [SKIP] len error : ['④', 'やや低い', '10回〜50回', '17.6%']
2026-05-29 10:58:12,992 [SKIP] len error : ['⑤', '低い', '10回未満', '11.0%']
2026-05-29 10:58:12,992 2680件 / ?件中 19:58
2026-05-29 10:58:13,076 [TOTAL] None
2026-05-29 10:58:13,076 [COUNT] 2680
2026-05-29 10:58:14,438 [PAGE] 135
2026-05-29 10:58:14,743 [SKIP] len error : ['東P', '東証プライム']
2026-05-29 10:58:14,743 [SKIP] len error : ['東S', '東証スタンダード']
2026-05-29 10:58:14,743 [SKIP] len error : ['東G', '東証グロース']
2026-05-29 10:58:14,743 [SKIP] len error : ['東Ｅ', '東証ETF']
2026-05-29 10:58:14,743 [SKIP] len error : ['東EN', '東証ETN']
2026-05-29 10:58:14,743 [SKIP] len error : ['東Ｒ', '東証REIT']
2026-05-29 10:58:14,743 [SKIP] len error : ['東IF', '東証インフラファンド']
2026-05-29 10:58:14,743 [SKIP] len error : ['名Ｐ', '名証プレミア']
2026-05-29 10:58:14,743 [SKIP] len error : ['名M', '名証メイン']
2026-05-29 10:58:14,743 [SKIP] len error : ['名N', '名証ネクスト']
2026-05-29 10:58:14,743 [SKIP] len error : ['名Ｅ', '名証ETF']
2026-05-29 10:58:14,743 [SKIP] len error : ['札Ａ', '札証アンビシャス']
2026-05-29 10:58:14,743 [SKIP] len error : ['福Ｑ', '福証Q-Board']
2026-05-29 10:58:14,743 [SKIP] len error : ['①', '高い', '1,000回以上', '13.9%']
2026-05-29 10:58:14,743 [SKIP] len error : ['②', 'やや高い', '400回〜1,000回', '18.5%']
2026-05-29 10:58:14,743 [SKIP] len error : ['③', '中位', '50回〜400回', '39.0%']
2026-05-29 10:58:14,743 [SKIP] len error : ['④', 'やや低い', '10回〜50回', '17.6%']
2026-05-29 10:58:14,743 [SKIP] len error : ['⑤', '低い', '10回未満', '11.0%']
2026-05-29 10:58:14,744 2700件 / ?件中 19:58
2026-05-29 10:58:14,790 [TOTAL] None
2026-05-29 10:58:14,790 [COUNT] 2700
2026-05-29 10:58:15,444 [PAGE] 136
2026-05-29 10:58:15,733 [SKIP] len error : ['東P', '東証プライム']
2026-05-29 10:58:15,733 [SKIP] len error : ['東S', '東証スタンダード']
2026-05-29 10:58:15,733 [SKIP] len error : ['東G', '東証グロース']
2026-05-29 10:58:15,733 [SKIP] len error : ['東Ｅ', '東証ETF']
2026-05-29 10:58:15,733 [SKIP] len error : ['東EN', '東証ETN']
2026-05-29 10:58:15,733 [SKIP] len error : ['東Ｒ', '東証REIT']
2026-05-29 10:58:15,733 [SKIP] len error : ['東IF', '東証インフラファンド']
2026-05-29 10:58:15,733 [SKIP] len error : ['名Ｐ', '名証プレミア']
2026-05-29 10:58:15,733 [SKIP] len error : ['名M', '名証メイン']
2026-05-29 10:58:15,733 [SKIP] len error : ['名N', '名証ネクスト']
2026-05-29 10:58:15,733 [SKIP] len error : ['名Ｅ', '名証ETF']
2026-05-29 10:58:15,733 [SKIP] len error : ['札Ａ', '札証アンビシャス']
2026-05-29 10:58:15,733 [SKIP] len error : ['福Ｑ', '福証Q-Board']
2026-05-29 10:58:15,733 [SKIP] len error : ['①', '高い', '1,000回以上', '13.9%']
2026-05-29 10:58:15,733 [SKIP] len error : ['②', 'やや高い', '400回〜1,000回', '18.5%']
2026-05-29 10:58:15,733 [SKIP] len error : ['③', '中位', '50回〜400回', '39.0%']
2026-05-29 10:58:15,733 [SKIP] len error : ['④', 'やや低い', '10回〜50回', '17.6%']
2026-05-29 10:58:15,733 [SKIP] len error : ['⑤', '低い', '10回未満', '11.0%']
2026-05-29 10:58:15,734 2720件 / ?件中 19:58
2026-05-29 10:58:15,780 [TOTAL] None
2026-05-29 10:58:15,780 [COUNT] 2720
2026-05-29 10:58:17,277 [PAGE] 137
2026-05-29 10:58:17,581 [SKIP] len error : ['東P', '東証プライム']
2026-05-29 10:58:17,581 [SKIP] len error : ['東S', '東証スタンダード']
2026-05-29 10:58:17,581 [SKIP] len error : ['東G', '東証グロース']
2026-05-29 10:58:17,581 [SKIP] len error : ['東Ｅ', '東証ETF']
2026-05-29 10:58:17,581 [SKIP] len error : ['東EN', '東証ETN']
2026-05-29 10:58:17,581 [SKIP] len error : ['東Ｒ', '東証REIT']
2026-05-29 10:58:17,581 [SKIP] len error : ['東IF', '東証インフラファンド']
2026-05-29 10:58:17,581 [SKIP] len error : ['名Ｐ', '名証プレミア']
2026-05-29 10:58:17,581 [SKIP] len error : ['名M', '名証メイン']
2026-05-29 10:58:17,582 [SKIP] len error : ['名N', '名証ネクスト']
2026-05-29 10:58:17,582 [SKIP] len error : ['名Ｅ', '名証ETF']
2026-05-29 10:58:17,582 [SKIP] len error : ['札Ａ', '札証アンビシャス']
2026-05-29 10:58:17,582 [SKIP] len error : ['福Ｑ', '福証Q-Board']
2026-05-29 10:58:17,582 [SKIP] len error : ['①', '高い', '1,000回以上', '13.9%']
2026-05-29 10:58:17,582 [SKIP] len error : ['②', 'やや高い', '400回〜1,000回', '18.5%']
2026-05-29 10:58:17,582 [SKIP] len error : ['③', '中位', '50回〜400回', '39.0%']
2026-05-29 10:58:17,582 [SKIP] len error : ['④', 'やや低い', '10回〜50回', '17.6%']
2026-05-29 10:58:17,582 [SKIP] len error : ['⑤', '低い', '10回未満', '11.0%']
2026-05-29 10:58:17,582 2740件 / ?件中 19:58
2026-05-29 10:58:17,634 [TOTAL] None
2026-05-29 10:58:17,634 [COUNT] 2740
2026-05-29 10:58:18,638 [PAGE] 138
2026-05-29 10:58:18,943 [SKIP] len error : ['東P', '東証プライム']
2026-05-29 10:58:18,943 [SKIP] len error : ['東S', '東証スタンダード']
2026-05-29 10:58:18,943 [SKIP] len error : ['東G', '東証グロース']
2026-05-29 10:58:18,943 [SKIP] len error : ['東Ｅ', '東証ETF']
2026-05-29 10:58:18,943 [SKIP] len error : ['東EN', '東証ETN']
2026-05-29 10:58:18,943 [SKIP] len error : ['東Ｒ', '東証REIT']
2026-05-29 10:58:18,943 [SKIP] len error : ['東IF', '東証インフラファンド']
2026-05-29 10:58:18,943 [SKIP] len error : ['名Ｐ', '名証プレミア']
2026-05-29 10:58:18,943 [SKIP] len error : ['名M', '名証メイン']
2026-05-29 10:58:18,943 [SKIP] len error : ['名N', '名証ネクスト']
2026-05-29 10:58:18,943 [SKIP] len error : ['名Ｅ', '名証ETF']
2026-05-29 10:58:18,943 [SKIP] len error : ['札Ａ', '札証アンビシャス']
2026-05-29 10:58:18,943 [SKIP] len error : ['福Ｑ', '福証Q-Board']
2026-05-29 10:58:18,943 [SKIP] len error : ['①', '高い', '1,000回以上', '13.9%']
2026-05-29 10:58:18,943 [SKIP] len error : ['②', 'やや高い', '400回〜1,000回', '18.5%']
2026-05-29 10:58:18,943 [SKIP] len error : ['③', '中位', '50回〜400回', '39.0%']
2026-05-29 10:58:18,943 [SKIP] len error : ['④', 'やや低い', '10回〜50回', '17.6%']
2026-05-29 10:58:18,943 [SKIP] len error : ['⑤', '低い', '10回未満', '11.0%']
2026-05-29 10:58:18,944 2760件 / ?件中 19:58
2026-05-29 10:58:18,990 [TOTAL] None
2026-05-29 10:58:18,990 [COUNT] 2760
2026-05-29 10:58:19,621 [PAGE] 139
2026-05-29 10:58:19,962 [SKIP] len error : ['東P', '東証プライム']
2026-05-29 10:58:19,962 [SKIP] len error : ['東S', '東証スタンダード']
2026-05-29 10:58:19,962 [SKIP] len error : ['東G', '東証グロース']
2026-05-29 10:58:19,963 [SKIP] len error : ['東Ｅ', '東証ETF']
2026-05-29 10:58:19,963 [SKIP] len error : ['東EN', '東証ETN']
2026-05-29 10:58:19,963 [SKIP] len error : ['東Ｒ', '東証REIT']
2026-05-29 10:58:19,963 [SKIP] len error : ['東IF', '東証インフラファンド']
2026-05-29 10:58:19,963 [SKIP] len error : ['名Ｐ', '名証プレミア']
2026-05-29 10:58:19,963 [SKIP] len error : ['名M', '名証メイン']
2026-05-29 10:58:19,963 [SKIP] len error : ['名N', '名証ネクスト']
2026-05-29 10:58:19,963 [SKIP] len error : ['名Ｅ', '名証ETF']
2026-05-29 10:58:19,963 [SKIP] len error : ['札Ａ', '札証アンビシャス']
2026-05-29 10:58:19,963 [SKIP] len error : ['福Ｑ', '福証Q-Board']
2026-05-29 10:58:19,963 [SKIP] len error : ['①', '高い', '1,000回以上', '13.9%']
2026-05-29 10:58:19,963 [SKIP] len error : ['②', 'やや高い', '400回〜1,000回', '18.5%']
2026-05-29 10:58:19,963 [SKIP] len error : ['③', '中位', '50回〜400回', '39.0%']
2026-05-29 10:58:19,963 [SKIP] len error : ['④', 'やや低い', '10回〜50回', '17.6%']
2026-05-29 10:58:19,963 [SKIP] len error : ['⑤', '低い', '10回未満', '11.0%']
2026-05-29 10:58:19,963 2780件 / ?件中 19:58
2026-05-29 10:58:20,054 [TOTAL] None
2026-05-29 10:58:20,054 [COUNT] 2780
2026-05-29 10:58:20,916 [PAGE] 140
2026-05-29 10:58:21,208 [SKIP] len error : ['東P', '東証プライム']
2026-05-29 10:58:21,208 [SKIP] len error : ['東S', '東証スタンダード']
2026-05-29 10:58:21,208 [SKIP] len error : ['東G', '東証グロース']
2026-05-29 10:58:21,208 [SKIP] len error : ['東Ｅ', '東証ETF']
2026-05-29 10:58:21,208 [SKIP] len error : ['東EN', '東証ETN']
2026-05-29 10:58:21,208 [SKIP] len error : ['東Ｒ', '東証REIT']
2026-05-29 10:58:21,208 [SKIP] len error : ['東IF', '東証インフラファンド']
2026-05-29 10:58:21,208 [SKIP] len error : ['名Ｐ', '名証プレミア']
2026-05-29 10:58:21,208 [SKIP] len error : ['名M', '名証メイン']
2026-05-29 10:58:21,208 [SKIP] len error : ['名N', '名証ネクスト']
2026-05-29 10:58:21,209 [SKIP] len error : ['名Ｅ', '名証ETF']
2026-05-29 10:58:21,209 [SKIP] len error : ['札Ａ', '札証アンビシャス']
2026-05-29 10:58:21,209 [SKIP] len error : ['福Ｑ', '福証Q-Board']
2026-05-29 10:58:21,209 [SKIP] len error : ['①', '高い', '1,000回以上', '13.9%']
2026-05-29 10:58:21,209 [SKIP] len error : ['②', 'やや高い', '400回〜1,000回', '18.5%']
2026-05-29 10:58:21,209 [SKIP] len error : ['③', '中位', '50回〜400回', '39.0%']
2026-05-29 10:58:21,209 [SKIP] len error : ['④', 'やや低い', '10回〜50回', '17.6%']
2026-05-29 10:58:21,209 [SKIP] len error : ['⑤', '低い', '10回未満', '11.0%']
2026-05-29 10:58:21,209 2800件 / ?件中 19:58
2026-05-29 10:58:21,255 [TOTAL] None
2026-05-29 10:58:21,255 [COUNT] 2800
2026-05-29 10:58:21,913 [PAGE] 141
2026-05-29 10:58:22,222 [SKIP] len error : ['東P', '東証プライム']
2026-05-29 10:58:22,222 [SKIP] len error : ['東S', '東証スタンダード']
2026-05-29 10:58:22,222 [SKIP] len error : ['東G', '東証グロース']
2026-05-29 10:58:22,222 [SKIP] len error : ['東Ｅ', '東証ETF']
2026-05-29 10:58:22,222 [SKIP] len error : ['東EN', '東証ETN']
2026-05-29 10:58:22,222 [SKIP] len error : ['東Ｒ', '東証REIT']
2026-05-29 10:58:22,222 [SKIP] len error : ['東IF', '東証インフラファンド']
2026-05-29 10:58:22,223 [SKIP] len error : ['名Ｐ', '名証プレミア']
2026-05-29 10:58:22,223 [SKIP] len error : ['名M', '名証メイン']
2026-05-29 10:58:22,223 [SKIP] len error : ['名N', '名証ネクスト']
2026-05-29 10:58:22,223 [SKIP] len error : ['名Ｅ', '名証ETF']
2026-05-29 10:58:22,223 [SKIP] len error : ['札Ａ', '札証アンビシャス']
2026-05-29 10:58:22,223 [SKIP] len error : ['福Ｑ', '福証Q-Board']
2026-05-29 10:58:22,223 [SKIP] len error : ['①', '高い', '1,000回以上', '13.9%']
2026-05-29 10:58:22,223 [SKIP] len error : ['②', 'やや高い', '400回〜1,000回', '18.5%']
2026-05-29 10:58:22,223 [SKIP] len error : ['③', '中位', '50回〜400回', '39.0%']
2026-05-29 10:58:22,223 [SKIP] len error : ['④', 'やや低い', '10回〜50回', '17.6%']
2026-05-29 10:58:22,223 [SKIP] len error : ['⑤', '低い', '10回未満', '11.0%']
2026-05-29 10:58:22,223 2820件 / ?件中 19:58
2026-05-29 10:58:22,270 [TOTAL] None
2026-05-29 10:58:22,270 [COUNT] 2820
2026-05-29 10:58:23,174 [PAGE] 142
2026-05-29 10:58:23,510 [SKIP] len error : ['東P', '東証プライム']
2026-05-29 10:58:23,510 [SKIP] len error : ['東S', '東証スタンダード']
2026-05-29 10:58:23,510 [SKIP] len error : ['東G', '東証グロース']
2026-05-29 10:58:23,510 [SKIP] len error : ['東Ｅ', '東証ETF']
2026-05-29 10:58:23,510 [SKIP] len error : ['東EN', '東証ETN']
2026-05-29 10:58:23,510 [SKIP] len error : ['東Ｒ', '東証REIT']
2026-05-29 10:58:23,510 [SKIP] len error : ['東IF', '東証インフラファンド']
2026-05-29 10:58:23,510 [SKIP] len error : ['名Ｐ', '名証プレミア']
2026-05-29 10:58:23,510 [SKIP] len error : ['名M', '名証メイン']
2026-05-29 10:58:23,510 [SKIP] len error : ['名N', '名証ネクスト']
2026-05-29 10:58:23,510 [SKIP] len error : ['名Ｅ', '名証ETF']
2026-05-29 10:58:23,510 [SKIP] len error : ['札Ａ', '札証アンビシャス']
2026-05-29 10:58:23,510 [SKIP] len error : ['福Ｑ', '福証Q-Board']
2026-05-29 10:58:23,510 [SKIP] len error : ['①', '高い', '1,000回以上', '13.9%']
2026-05-29 10:58:23,510 [SKIP] len error : ['②', 'やや高い', '400回〜1,000回', '18.5%']
2026-05-29 10:58:23,510 [SKIP] len error : ['③', '中位', '50回〜400回', '39.0%']
2026-05-29 10:58:23,510 [SKIP] len error : ['④', 'やや低い', '10回〜50回', '17.6%']
2026-05-29 10:58:23,510 [SKIP] len error : ['⑤', '低い', '10回未満', '11.0%']
2026-05-29 10:58:23,511 2840件 / ?件中 19:58
2026-05-29 10:58:23,556 [TOTAL] None
2026-05-29 10:58:23,556 [COUNT] 2840
2026-05-29 10:58:24,419 [PAGE] 143
2026-05-29 10:58:24,731 [SKIP] len error : ['東P', '東証プライム']
2026-05-29 10:58:24,731 [SKIP] len error : ['東S', '東証スタンダード']
2026-05-29 10:58:24,731 [SKIP] len error : ['東G', '東証グロース']
2026-05-29 10:58:24,731 [SKIP] len error : ['東Ｅ', '東証ETF']
2026-05-29 10:58:24,732 [SKIP] len error : ['東EN', '東証ETN']
2026-05-29 10:58:24,732 [SKIP] len error : ['東Ｒ', '東証REIT']
2026-05-29 10:58:24,732 [SKIP] len error : ['東IF', '東証インフラファンド']
2026-05-29 10:58:24,732 [SKIP] len error : ['名Ｐ', '名証プレミア']
2026-05-29 10:58:24,732 [SKIP] len error : ['名M', '名証メイン']
2026-05-29 10:58:24,732 [SKIP] len error : ['名N', '名証ネクスト']
2026-05-29 10:58:24,732 [SKIP] len error : ['名Ｅ', '名証ETF']
2026-05-29 10:58:24,732 [SKIP] len error : ['札Ａ', '札証アンビシャス']
2026-05-29 10:58:24,732 [SKIP] len error : ['福Ｑ', '福証Q-Board']
2026-05-29 10:58:24,732 [SKIP] len error : ['①', '高い', '1,000回以上', '13.9%']
2026-05-29 10:58:24,732 [SKIP] len error : ['②', 'やや高い', '400回〜1,000回', '18.5%']
2026-05-29 10:58:24,732 [SKIP] len error : ['③', '中位', '50回〜400回', '39.0%']
2026-05-29 10:58:24,732 [SKIP] len error : ['④', 'やや低い', '10回〜50回', '17.6%']
2026-05-29 10:58:24,732 [SKIP] len error : ['⑤', '低い', '10回未満', '11.0%']
2026-05-29 10:58:24,732 2860件 / ?件中 19:58
2026-05-29 10:58:24,778 [TOTAL] None
2026-05-29 10:58:24,778 [COUNT] 2860
2026-05-29 10:58:25,443 [PAGE] 144
2026-05-29 10:58:25,808 [SKIP] len error : ['東P', '東証プライム']
2026-05-29 10:58:25,808 [SKIP] len error : ['東S', '東証スタンダード']
2026-05-29 10:58:25,808 [SKIP] len error : ['東G', '東証グロース']
2026-05-29 10:58:25,808 [SKIP] len error : ['東Ｅ', '東証ETF']
2026-05-29 10:58:25,808 [SKIP] len error : ['東EN', '東証ETN']
2026-05-29 10:58:25,808 [SKIP] len error : ['東Ｒ', '東証REIT']
2026-05-29 10:58:25,808 [SKIP] len error : ['東IF', '東証インフラファンド']
2026-05-29 10:58:25,809 [SKIP] len error : ['名Ｐ', '名証プレミア']
2026-05-29 10:58:25,809 [SKIP] len error : ['名M', '名証メイン']
2026-05-29 10:58:25,809 [SKIP] len error : ['名N', '名証ネクスト']
2026-05-29 10:58:25,809 [SKIP] len error : ['名Ｅ', '名証ETF']
2026-05-29 10:58:25,809 [SKIP] len error : ['札Ａ', '札証アンビシャス']
2026-05-29 10:58:25,809 [SKIP] len error : ['福Ｑ', '福証Q-Board']
2026-05-29 10:58:25,809 [SKIP] len error : ['①', '高い', '1,000回以上', '13.9%']
2026-05-29 10:58:25,809 [SKIP] len error : ['②', 'やや高い', '400回〜1,000回', '18.5%']
2026-05-29 10:58:25,809 [SKIP] len error : ['③', '中位', '50回〜400回', '39.0%']
2026-05-29 10:58:25,809 [SKIP] len error : ['④', 'やや低い', '10回〜50回', '17.6%']
2026-05-29 10:58:25,809 [SKIP] len error : ['⑤', '低い', '10回未満', '11.0%']
2026-05-29 10:58:25,809 2880件 / ?件中 19:58
2026-05-29 10:58:25,856 [TOTAL] None
2026-05-29 10:58:25,856 [COUNT] 2880
2026-05-29 10:58:26,915 [PAGE] 145
2026-05-29 10:58:27,233 [SKIP] len error : ['東P', '東証プライム']
2026-05-29 10:58:27,233 [SKIP] len error : ['東S', '東証スタンダード']
2026-05-29 10:58:27,233 [SKIP] len error : ['東G', '東証グロース']
2026-05-29 10:58:27,233 [SKIP] len error : ['東Ｅ', '東証ETF']
2026-05-29 10:58:27,233 [SKIP] len error : ['東EN', '東証ETN']
2026-05-29 10:58:27,233 [SKIP] len error : ['東Ｒ', '東証REIT']
2026-05-29 10:58:27,233 [SKIP] len error : ['東IF', '東証インフラファンド']
2026-05-29 10:58:27,233 [SKIP] len error : ['名Ｐ', '名証プレミア']
2026-05-29 10:58:27,233 [SKIP] len error : ['名M', '名証メイン']
2026-05-29 10:58:27,233 [SKIP] len error : ['名N', '名証ネクスト']
2026-05-29 10:58:27,233 [SKIP] len error : ['名Ｅ', '名証ETF']
2026-05-29 10:58:27,233 [SKIP] len error : ['札Ａ', '札証アンビシャス']
2026-05-29 10:58:27,233 [SKIP] len error : ['福Ｑ', '福証Q-Board']
2026-05-29 10:58:27,233 [SKIP] len error : ['①', '高い', '1,000回以上', '13.9%']
2026-05-29 10:58:27,233 [SKIP] len error : ['②', 'やや高い', '400回〜1,000回', '18.5%']
2026-05-29 10:58:27,233 [SKIP] len error : ['③', '中位', '50回〜400回', '39.0%']
2026-05-29 10:58:27,233 [SKIP] len error : ['④', 'やや低い', '10回〜50回', '17.6%']
2026-05-29 10:58:27,233 [SKIP] len error : ['⑤', '低い', '10回未満', '11.0%']
2026-05-29 10:58:27,234 2900件 / ?件中 19:58
2026-05-29 10:58:27,280 [TOTAL] None
2026-05-29 10:58:27,280 [COUNT] 2900
2026-05-29 10:58:27,810 [PAGE] 146
2026-05-29 10:58:28,119 [SKIP] len error : ['東P', '東証プライム']
2026-05-29 10:58:28,119 [SKIP] len error : ['東S', '東証スタンダード']
2026-05-29 10:58:28,119 [SKIP] len error : ['東G', '東証グロース']
2026-05-29 10:58:28,119 [SKIP] len error : ['東Ｅ', '東証ETF']
2026-05-29 10:58:28,119 [SKIP] len error : ['東EN', '東証ETN']
2026-05-29 10:58:28,119 [SKIP] len error : ['東Ｒ', '東証REIT']
2026-05-29 10:58:28,119 [SKIP] len error : ['東IF', '東証インフラファンド']
2026-05-29 10:58:28,119 [SKIP] len error : ['名Ｐ', '名証プレミア']
2026-05-29 10:58:28,119 [SKIP] len error : ['名M', '名証メイン']
2026-05-29 10:58:28,119 [SKIP] len error : ['名N', '名証ネクスト']
2026-05-29 10:58:28,119 [SKIP] len error : ['名Ｅ', '名証ETF']
2026-05-29 10:58:28,119 [SKIP] len error : ['札Ａ', '札証アンビシャス']
2026-05-29 10:58:28,119 [SKIP] len error : ['福Ｑ', '福証Q-Board']
2026-05-29 10:58:28,119 [SKIP] len error : ['①', '高い', '1,000回以上', '13.9%']
2026-05-29 10:58:28,119 [SKIP] len error : ['②', 'やや高い', '400回〜1,000回', '18.5%']
2026-05-29 10:58:28,119 [SKIP] len error : ['③', '中位', '50回〜400回', '39.0%']
2026-05-29 10:58:28,119 [SKIP] len error : ['④', 'やや低い', '10回〜50回', '17.6%']
2026-05-29 10:58:28,119 [SKIP] len error : ['⑤', '低い', '10回未満', '11.0%']
2026-05-29 10:58:28,119 2920件 / ?件中 19:58
2026-05-29 10:58:28,166 [TOTAL] None
2026-05-29 10:58:28,166 [COUNT] 2920
2026-05-29 10:58:28,735 [PAGE] 147
2026-05-29 10:58:29,037 [SKIP] len error : ['東P', '東証プライム']
2026-05-29 10:58:29,037 [SKIP] len error : ['東S', '東証スタンダード']
2026-05-29 10:58:29,037 [SKIP] len error : ['東G', '東証グロース']
2026-05-29 10:58:29,037 [SKIP] len error : ['東Ｅ', '東証ETF']
2026-05-29 10:58:29,037 [SKIP] len error : ['東EN', '東証ETN']
2026-05-29 10:58:29,038 [SKIP] len error : ['東Ｒ', '東証REIT']
2026-05-29 10:58:29,038 [SKIP] len error : ['東IF', '東証インフラファンド']
2026-05-29 10:58:29,038 [SKIP] len error : ['名Ｐ', '名証プレミア']
2026-05-29 10:58:29,038 [SKIP] len error : ['名M', '名証メイン']
2026-05-29 10:58:29,038 [SKIP] len error : ['名N', '名証ネクスト']
2026-05-29 10:58:29,038 [SKIP] len error : ['名Ｅ', '名証ETF']
2026-05-29 10:58:29,038 [SKIP] len error : ['札Ａ', '札証アンビシャス']
2026-05-29 10:58:29,038 [SKIP] len error : ['福Ｑ', '福証Q-Board']
2026-05-29 10:58:29,038 [SKIP] len error : ['①', '高い', '1,000回以上', '13.9%']
2026-05-29 10:58:29,038 [SKIP] len error : ['②', 'やや高い', '400回〜1,000回', '18.5%']
2026-05-29 10:58:29,038 [SKIP] len error : ['③', '中位', '50回〜400回', '39.0%']
2026-05-29 10:58:29,038 [SKIP] len error : ['④', 'やや低い', '10回〜50回', '17.6%']
2026-05-29 10:58:29,038 [SKIP] len error : ['⑤', '低い', '10回未満', '11.0%']
2026-05-29 10:58:29,038 2940件 / ?件中 19:58
2026-05-29 10:58:29,084 [TOTAL] None
2026-05-29 10:58:29,084 [COUNT] 2940
2026-05-29 10:58:30,028 [PAGE] 148
2026-05-29 10:58:30,341 [SKIP] len error : ['東P', '東証プライム']
2026-05-29 10:58:30,341 [SKIP] len error : ['東S', '東証スタンダード']
2026-05-29 10:58:30,341 [SKIP] len error : ['東G', '東証グロース']
2026-05-29 10:58:30,341 [SKIP] len error : ['東Ｅ', '東証ETF']
2026-05-29 10:58:30,341 [SKIP] len error : ['東EN', '東証ETN']
2026-05-29 10:58:30,341 [SKIP] len error : ['東Ｒ', '東証REIT']
2026-05-29 10:58:30,341 [SKIP] len error : ['東IF', '東証インフラファンド']
2026-05-29 10:58:30,341 [SKIP] len error : ['名Ｐ', '名証プレミア']
2026-05-29 10:58:30,341 [SKIP] len error : ['名M', '名証メイン']
2026-05-29 10:58:30,341 [SKIP] len error : ['名N', '名証ネクスト']
2026-05-29 10:58:30,341 [SKIP] len error : ['名Ｅ', '名証ETF']
2026-05-29 10:58:30,341 [SKIP] len error : ['札Ａ', '札証アンビシャス']
2026-05-29 10:58:30,341 [SKIP] len error : ['福Ｑ', '福証Q-Board']
2026-05-29 10:58:30,341 [SKIP] len error : ['①', '高い', '1,000回以上', '13.9%']
2026-05-29 10:58:30,341 [SKIP] len error : ['②', 'やや高い', '400回〜1,000回', '18.5%']
2026-05-29 10:58:30,341 [SKIP] len error : ['③', '中位', '50回〜400回', '39.0%']
2026-05-29 10:58:30,341 [SKIP] len error : ['④', 'やや低い', '10回〜50回', '17.6%']
2026-05-29 10:58:30,341 [SKIP] len error : ['⑤', '低い', '10回未満', '11.0%']
2026-05-29 10:58:30,342 2960件 / ?件中 19:58
2026-05-29 10:58:30,387 [TOTAL] None
2026-05-29 10:58:30,388 [COUNT] 2960
2026-05-29 10:58:31,274 [PAGE] 149
2026-05-29 10:58:31,617 [SKIP] len error : ['東P', '東証プライム']
2026-05-29 10:58:31,617 [SKIP] len error : ['東S', '東証スタンダード']
2026-05-29 10:58:31,617 [SKIP] len error : ['東G', '東証グロース']
2026-05-29 10:58:31,617 [SKIP] len error : ['東Ｅ', '東証ETF']
2026-05-29 10:58:31,617 [SKIP] len error : ['東EN', '東証ETN']
2026-05-29 10:58:31,617 [SKIP] len error : ['東Ｒ', '東証REIT']
2026-05-29 10:58:31,617 [SKIP] len error : ['東IF', '東証インフラファンド']
2026-05-29 10:58:31,617 [SKIP] len error : ['名Ｐ', '名証プレミア']
2026-05-29 10:58:31,617 [SKIP] len error : ['名M', '名証メイン']
2026-05-29 10:58:31,617 [SKIP] len error : ['名N', '名証ネクスト']
2026-05-29 10:58:31,618 [SKIP] len error : ['名Ｅ', '名証ETF']
2026-05-29 10:58:31,618 [SKIP] len error : ['札Ａ', '札証アンビシャス']
2026-05-29 10:58:31,618 [SKIP] len error : ['福Ｑ', '福証Q-Board']
2026-05-29 10:58:31,618 [SKIP] len error : ['①', '高い', '1,000回以上', '13.9%']
2026-05-29 10:58:31,618 [SKIP] len error : ['②', 'やや高い', '400回〜1,000回', '18.5%']
2026-05-29 10:58:31,618 [SKIP] len error : ['③', '中位', '50回〜400回', '39.0%']
2026-05-29 10:58:31,618 [SKIP] len error : ['④', 'やや低い', '10回〜50回', '17.6%']
2026-05-29 10:58:31,618 [SKIP] len error : ['⑤', '低い', '10回未満', '11.0%']
2026-05-29 10:58:31,618 2980件 / ?件中 19:58
2026-05-29 10:58:31,666 [TOTAL] None
2026-05-29 10:58:31,666 [COUNT] 2980
2026-05-29 10:58:32,431 [PAGE] 150
2026-05-29 10:58:32,730 [SKIP] len error : ['東P', '東証プライム']
2026-05-29 10:58:32,730 [SKIP] len error : ['東S', '東証スタンダード']
2026-05-29 10:58:32,730 [SKIP] len error : ['東G', '東証グロース']
2026-05-29 10:58:32,730 [SKIP] len error : ['東Ｅ', '東証ETF']
2026-05-29 10:58:32,730 [SKIP] len error : ['東EN', '東証ETN']
2026-05-29 10:58:32,730 [SKIP] len error : ['東Ｒ', '東証REIT']
2026-05-29 10:58:32,730 [SKIP] len error : ['東IF', '東証インフラファンド']
2026-05-29 10:58:32,731 [SKIP] len error : ['名Ｐ', '名証プレミア']
2026-05-29 10:58:32,731 [SKIP] len error : ['名M', '名証メイン']
2026-05-29 10:58:32,731 [SKIP] len error : ['名N', '名証ネクスト']
2026-05-29 10:58:32,731 [SKIP] len error : ['名Ｅ', '名証ETF']
2026-05-29 10:58:32,731 [SKIP] len error : ['札Ａ', '札証アンビシャス']
2026-05-29 10:58:32,731 [SKIP] len error : ['福Ｑ', '福証Q-Board']
2026-05-29 10:58:32,731 [SKIP] len error : ['①', '高い', '1,000回以上', '13.9%']
2026-05-29 10:58:32,731 [SKIP] len error : ['②', 'やや高い', '400回〜1,000回', '18.5%']
2026-05-29 10:58:32,731 [SKIP] len error : ['③', '中位', '50回〜400回', '39.0%']
2026-05-29 10:58:32,731 [SKIP] len error : ['④', 'やや低い', '10回〜50回', '17.6%']
2026-05-29 10:58:32,731 [SKIP] len error : ['⑤', '低い', '10回未満', '11.0%']
2026-05-29 10:58:32,731 3000件 / ?件中 19:58
2026-05-29 10:58:32,777 [TOTAL] None
2026-05-29 10:58:32,777 [COUNT] 3000
2026-05-29 10:58:33,523 [PAGE] 151
2026-05-29 10:58:33,819 [SKIP] len error : ['東P', '東証プライム']
2026-05-29 10:58:33,819 [SKIP] len error : ['東S', '東証スタンダード']
2026-05-29 10:58:33,819 [SKIP] len error : ['東G', '東証グロース']
2026-05-29 10:58:33,819 [SKIP] len error : ['東Ｅ', '東証ETF']
2026-05-29 10:58:33,819 [SKIP] len error : ['東EN', '東証ETN']
2026-05-29 10:58:33,819 [SKIP] len error : ['東Ｒ', '東証REIT']
2026-05-29 10:58:33,819 [SKIP] len error : ['東IF', '東証インフラファンド']
2026-05-29 10:58:33,819 [SKIP] len error : ['名Ｐ', '名証プレミア']
2026-05-29 10:58:33,819 [SKIP] len error : ['名M', '名証メイン']
2026-05-29 10:58:33,819 [SKIP] len error : ['名N', '名証ネクスト']
2026-05-29 10:58:33,819 [SKIP] len error : ['名Ｅ', '名証ETF']
2026-05-29 10:58:33,819 [SKIP] len error : ['札Ａ', '札証アンビシャス']
2026-05-29 10:58:33,819 [SKIP] len error : ['福Ｑ', '福証Q-Board']
2026-05-29 10:58:33,819 [SKIP] len error : ['①', '高い', '1,000回以上', '13.9%']
2026-05-29 10:58:33,819 [SKIP] len error : ['②', 'やや高い', '400回〜1,000回', '18.5%']
2026-05-29 10:58:33,819 [SKIP] len error : ['③', '中位', '50回〜400回', '39.0%']
2026-05-29 10:58:33,819 [SKIP] len error : ['④', 'やや低い', '10回〜50回', '17.6%']
2026-05-29 10:58:33,819 [SKIP] len error : ['⑤', '低い', '10回未満', '11.0%']
2026-05-29 10:58:33,820 3020件 / ?件中 19:58
2026-05-29 10:58:33,867 [TOTAL] None
2026-05-29 10:58:33,867 [COUNT] 3020
2026-05-29 10:58:34,617 [PAGE] 152
2026-05-29 10:58:34,917 [SKIP] len error : ['東P', '東証プライム']
2026-05-29 10:58:34,917 [SKIP] len error : ['東S', '東証スタンダード']
2026-05-29 10:58:34,917 [SKIP] len error : ['東G', '東証グロース']
2026-05-29 10:58:34,917 [SKIP] len error : ['東Ｅ', '東証ETF']
2026-05-29 10:58:34,917 [SKIP] len error : ['東EN', '東証ETN']
2026-05-29 10:58:34,917 [SKIP] len error : ['東Ｒ', '東証REIT']
2026-05-29 10:58:34,917 [SKIP] len error : ['東IF', '東証インフラファンド']
2026-05-29 10:58:34,917 [SKIP] len error : ['名Ｐ', '名証プレミア']
2026-05-29 10:58:34,917 [SKIP] len error : ['名M', '名証メイン']
2026-05-29 10:58:34,917 [SKIP] len error : ['名N', '名証ネクスト']
2026-05-29 10:58:34,917 [SKIP] len error : ['名Ｅ', '名証ETF']
2026-05-29 10:58:34,917 [SKIP] len error : ['札Ａ', '札証アンビシャス']
2026-05-29 10:58:34,917 [SKIP] len error : ['福Ｑ', '福証Q-Board']
2026-05-29 10:58:34,917 [SKIP] len error : ['①', '高い', '1,000回以上', '13.9%']
2026-05-29 10:58:34,917 [SKIP] len error : ['②', 'やや高い', '400回〜1,000回', '18.5%']
2026-05-29 10:58:34,917 [SKIP] len error : ['③', '中位', '50回〜400回', '39.0%']
2026-05-29 10:58:34,917 [SKIP] len error : ['④', 'やや低い', '10回〜50回', '17.6%']
2026-05-29 10:58:34,917 [SKIP] len error : ['⑤', '低い', '10回未満', '11.0%']
2026-05-29 10:58:34,917 3040件 / ?件中 19:58
2026-05-29 10:58:34,963 [TOTAL] None
2026-05-29 10:58:34,964 [COUNT] 3040
2026-05-29 10:58:35,735 [PAGE] 153
2026-05-29 10:58:36,042 [SKIP] len error : ['東P', '東証プライム']
2026-05-29 10:58:36,042 [SKIP] len error : ['東S', '東証スタンダード']
2026-05-29 10:58:36,042 [SKIP] len error : ['東G', '東証グロース']
2026-05-29 10:58:36,042 [SKIP] len error : ['東Ｅ', '東証ETF']
2026-05-29 10:58:36,042 [SKIP] len error : ['東EN', '東証ETN']
2026-05-29 10:58:36,042 [SKIP] len error : ['東Ｒ', '東証REIT']
2026-05-29 10:58:36,042 [SKIP] len error : ['東IF', '東証インフラファンド']
2026-05-29 10:58:36,042 [SKIP] len error : ['名Ｐ', '名証プレミア']
2026-05-29 10:58:36,042 [SKIP] len error : ['名M', '名証メイン']
2026-05-29 10:58:36,042 [SKIP] len error : ['名N', '名証ネクスト']
2026-05-29 10:58:36,042 [SKIP] len error : ['名Ｅ', '名証ETF']
2026-05-29 10:58:36,042 [SKIP] len error : ['札Ａ', '札証アンビシャス']
2026-05-29 10:58:36,042 [SKIP] len error : ['福Ｑ', '福証Q-Board']
2026-05-29 10:58:36,042 [SKIP] len error : ['①', '高い', '1,000回以上', '13.9%']
2026-05-29 10:58:36,042 [SKIP] len error : ['②', 'やや高い', '400回〜1,000回', '18.5%']
2026-05-29 10:58:36,042 [SKIP] len error : ['③', '中位', '50回〜400回', '39.0%']
2026-05-29 10:58:36,042 [SKIP] len error : ['④', 'やや低い', '10回〜50回', '17.6%']
2026-05-29 10:58:36,042 [SKIP] len error : ['⑤', '低い', '10回未満', '11.0%']
2026-05-29 10:58:36,043 3060件 / ?件中 19:58
2026-05-29 10:58:36,132 [TOTAL] None
2026-05-29 10:58:36,132 [COUNT] 3060
2026-05-29 10:58:37,467 [PAGE] 154
2026-05-29 10:58:37,758 [SKIP] len error : ['東P', '東証プライム']
2026-05-29 10:58:37,758 [SKIP] len error : ['東S', '東証スタンダード']
2026-05-29 10:58:37,758 [SKIP] len error : ['東G', '東証グロース']
2026-05-29 10:58:37,758 [SKIP] len error : ['東Ｅ', '東証ETF']
2026-05-29 10:58:37,758 [SKIP] len error : ['東EN', '東証ETN']
2026-05-29 10:58:37,758 [SKIP] len error : ['東Ｒ', '東証REIT']
2026-05-29 10:58:37,758 [SKIP] len error : ['東IF', '東証インフラファンド']
2026-05-29 10:58:37,758 [SKIP] len error : ['名Ｐ', '名証プレミア']
2026-05-29 10:58:37,758 [SKIP] len error : ['名M', '名証メイン']
2026-05-29 10:58:37,758 [SKIP] len error : ['名N', '名証ネクスト']
2026-05-29 10:58:37,758 [SKIP] len error : ['名Ｅ', '名証ETF']
2026-05-29 10:58:37,758 [SKIP] len error : ['札Ａ', '札証アンビシャス']
2026-05-29 10:58:37,759 [SKIP] len error : ['福Ｑ', '福証Q-Board']
2026-05-29 10:58:37,759 [SKIP] len error : ['①', '高い', '1,000回以上', '13.9%']
2026-05-29 10:58:37,759 [SKIP] len error : ['②', 'やや高い', '400回〜1,000回', '18.5%']
2026-05-29 10:58:37,759 [SKIP] len error : ['③', '中位', '50回〜400回', '39.0%']
2026-05-29 10:58:37,759 [SKIP] len error : ['④', 'やや低い', '10回〜50回', '17.6%']
2026-05-29 10:58:37,759 [SKIP] len error : ['⑤', '低い', '10回未満', '11.0%']
2026-05-29 10:58:37,759 3080件 / ?件中 19:58
2026-05-29 10:58:37,806 [TOTAL] None
2026-05-29 10:58:37,806 [COUNT] 3080
2026-05-29 10:58:38,628 [PAGE] 155
2026-05-29 10:58:38,927 [SKIP] len error : ['東P', '東証プライム']
2026-05-29 10:58:38,927 [SKIP] len error : ['東S', '東証スタンダード']
2026-05-29 10:58:38,927 [SKIP] len error : ['東G', '東証グロース']
2026-05-29 10:58:38,927 [SKIP] len error : ['東Ｅ', '東証ETF']
2026-05-29 10:58:38,927 [SKIP] len error : ['東EN', '東証ETN']
2026-05-29 10:58:38,927 [SKIP] len error : ['東Ｒ', '東証REIT']
2026-05-29 10:58:38,927 [SKIP] len error : ['東IF', '東証インフラファンド']
2026-05-29 10:58:38,927 [SKIP] len error : ['名Ｐ', '名証プレミア']
2026-05-29 10:58:38,927 [SKIP] len error : ['名M', '名証メイン']
2026-05-29 10:58:38,927 [SKIP] len error : ['名N', '名証ネクスト']
2026-05-29 10:58:38,927 [SKIP] len error : ['名Ｅ', '名証ETF']
2026-05-29 10:58:38,927 [SKIP] len error : ['札Ａ', '札証アンビシャス']
2026-05-29 10:58:38,927 [SKIP] len error : ['福Ｑ', '福証Q-Board']
2026-05-29 10:58:38,927 [SKIP] len error : ['①', '高い', '1,000回以上', '13.9%']
2026-05-29 10:58:38,927 [SKIP] len error : ['②', 'やや高い', '400回〜1,000回', '18.5%']
2026-05-29 10:58:38,927 [SKIP] len error : ['③', '中位', '50回〜400回', '39.0%']
2026-05-29 10:58:38,927 [SKIP] len error : ['④', 'やや低い', '10回〜50回', '17.6%']
2026-05-29 10:58:38,927 [SKIP] len error : ['⑤', '低い', '10回未満', '11.0%']
2026-05-29 10:58:38,927 3100件 / ?件中 19:58
2026-05-29 10:58:38,975 [TOTAL] None
2026-05-29 10:58:38,975 [COUNT] 3100
2026-05-29 10:58:39,728 [PAGE] 156
2026-05-29 10:58:40,074 [SKIP] len error : ['東P', '東証プライム']
2026-05-29 10:58:40,074 [SKIP] len error : ['東S', '東証スタンダード']
2026-05-29 10:58:40,074 [SKIP] len error : ['東G', '東証グロース']
2026-05-29 10:58:40,074 [SKIP] len error : ['東Ｅ', '東証ETF']
2026-05-29 10:58:40,074 [SKIP] len error : ['東EN', '東証ETN']
2026-05-29 10:58:40,074 [SKIP] len error : ['東Ｒ', '東証REIT']
2026-05-29 10:58:40,074 [SKIP] len error : ['東IF', '東証インフラファンド']
2026-05-29 10:58:40,074 [SKIP] len error : ['名Ｐ', '名証プレミア']
2026-05-29 10:58:40,074 [SKIP] len error : ['名M', '名証メイン']
2026-05-29 10:58:40,074 [SKIP] len error : ['名N', '名証ネクスト']
2026-05-29 10:58:40,074 [SKIP] len error : ['名Ｅ', '名証ETF']
2026-05-29 10:58:40,074 [SKIP] len error : ['札Ａ', '札証アンビシャス']
2026-05-29 10:58:40,074 [SKIP] len error : ['福Ｑ', '福証Q-Board']
2026-05-29 10:58:40,074 [SKIP] len error : ['①', '高い', '1,000回以上', '13.9%']
2026-05-29 10:58:40,074 [SKIP] len error : ['②', 'やや高い', '400回〜1,000回', '18.5%']
2026-05-29 10:58:40,074 [SKIP] len error : ['③', '中位', '50回〜400回', '39.0%']
2026-05-29 10:58:40,074 [SKIP] len error : ['④', 'やや低い', '10回〜50回', '17.6%']
2026-05-29 10:58:40,074 [SKIP] len error : ['⑤', '低い', '10回未満', '11.0%']
2026-05-29 10:58:40,074 3120件 / ?件中 19:58
2026-05-29 10:58:40,121 [TOTAL] None
2026-05-29 10:58:40,121 [COUNT] 3120
2026-05-29 10:58:41,001 [PAGE] 157
2026-05-29 10:58:41,300 [SKIP] len error : ['東P', '東証プライム']
2026-05-29 10:58:41,300 [SKIP] len error : ['東S', '東証スタンダード']
2026-05-29 10:58:41,300 [SKIP] len error : ['東G', '東証グロース']
2026-05-29 10:58:41,300 [SKIP] len error : ['東Ｅ', '東証ETF']
2026-05-29 10:58:41,300 [SKIP] len error : ['東EN', '東証ETN']
2026-05-29 10:58:41,300 [SKIP] len error : ['東Ｒ', '東証REIT']
2026-05-29 10:58:41,300 [SKIP] len error : ['東IF', '東証インフラファンド']
2026-05-29 10:58:41,300 [SKIP] len error : ['名Ｐ', '名証プレミア']
2026-05-29 10:58:41,300 [SKIP] len error : ['名M', '名証メイン']
2026-05-29 10:58:41,300 [SKIP] len error : ['名N', '名証ネクスト']
2026-05-29 10:58:41,300 [SKIP] len error : ['名Ｅ', '名証ETF']
2026-05-29 10:58:41,300 [SKIP] len error : ['札Ａ', '札証アンビシャス']
2026-05-29 10:58:41,300 [SKIP] len error : ['福Ｑ', '福証Q-Board']
2026-05-29 10:58:41,300 [SKIP] len error : ['①', '高い', '1,000回以上', '13.9%']
2026-05-29 10:58:41,300 [SKIP] len error : ['②', 'やや高い', '400回〜1,000回', '18.5%']
2026-05-29 10:58:41,300 [SKIP] len error : ['③', '中位', '50回〜400回', '39.0%']
2026-05-29 10:58:41,300 [SKIP] len error : ['④', 'やや低い', '10回〜50回', '17.6%']
2026-05-29 10:58:41,300 [SKIP] len error : ['⑤', '低い', '10回未満', '11.0%']
2026-05-29 10:58:41,300 3140件 / ?件中 19:58
2026-05-29 10:58:41,347 [TOTAL] None
2026-05-29 10:58:41,347 [COUNT] 3140
2026-05-29 10:58:42,722 [PAGE] 158
2026-05-29 10:58:43,040 [SKIP] len error : ['東P', '東証プライム']
2026-05-29 10:58:43,040 [SKIP] len error : ['東S', '東証スタンダード']
2026-05-29 10:58:43,040 [SKIP] len error : ['東G', '東証グロース']
2026-05-29 10:58:43,040 [SKIP] len error : ['東Ｅ', '東証ETF']
2026-05-29 10:58:43,040 [SKIP] len error : ['東EN', '東証ETN']
2026-05-29 10:58:43,040 [SKIP] len error : ['東Ｒ', '東証REIT']
2026-05-29 10:58:43,040 [SKIP] len error : ['東IF', '東証インフラファンド']
2026-05-29 10:58:43,040 [SKIP] len error : ['名Ｐ', '名証プレミア']
2026-05-29 10:58:43,040 [SKIP] len error : ['名M', '名証メイン']
2026-05-29 10:58:43,040 [SKIP] len error : ['名N', '名証ネクスト']
2026-05-29 10:58:43,040 [SKIP] len error : ['名Ｅ', '名証ETF']
2026-05-29 10:58:43,040 [SKIP] len error : ['札Ａ', '札証アンビシャス']
2026-05-29 10:58:43,040 [SKIP] len error : ['福Ｑ', '福証Q-Board']
2026-05-29 10:58:43,040 [SKIP] len error : ['①', '高い', '1,000回以上', '13.9%']
2026-05-29 10:58:43,040 [SKIP] len error : ['②', 'やや高い', '400回〜1,000回', '18.5%']
2026-05-29 10:58:43,040 [SKIP] len error : ['③', '中位', '50回〜400回', '39.0%']
2026-05-29 10:58:43,040 [SKIP] len error : ['④', 'やや低い', '10回〜50回', '17.6%']
2026-05-29 10:58:43,040 [SKIP] len error : ['⑤', '低い', '10回未満', '11.0%']
2026-05-29 10:58:43,041 3160件 / ?件中 19:58
2026-05-29 10:58:43,128 [TOTAL] None
2026-05-29 10:58:43,128 [COUNT] 3160
2026-05-29 10:58:43,702 [PAGE] 159
2026-05-29 10:58:43,997 [SKIP] len error : ['東P', '東証プライム']
2026-05-29 10:58:43,997 [SKIP] len error : ['東S', '東証スタンダード']
2026-05-29 10:58:43,997 [SKIP] len error : ['東G', '東証グロース']
2026-05-29 10:58:43,997 [SKIP] len error : ['東Ｅ', '東証ETF']
2026-05-29 10:58:43,997 [SKIP] len error : ['東EN', '東証ETN']
2026-05-29 10:58:43,997 [SKIP] len error : ['東Ｒ', '東証REIT']
2026-05-29 10:58:43,997 [SKIP] len error : ['東IF', '東証インフラファンド']
2026-05-29 10:58:43,997 [SKIP] len error : ['名Ｐ', '名証プレミア']
2026-05-29 10:58:43,998 [SKIP] len error : ['名M', '名証メイン']
2026-05-29 10:58:43,998 [SKIP] len error : ['名N', '名証ネクスト']
2026-05-29 10:58:43,998 [SKIP] len error : ['名Ｅ', '名証ETF']
2026-05-29 10:58:43,998 [SKIP] len error : ['札Ａ', '札証アンビシャス']
2026-05-29 10:58:43,998 [SKIP] len error : ['福Ｑ', '福証Q-Board']
2026-05-29 10:58:43,998 [SKIP] len error : ['①', '高い', '1,000回以上', '13.9%']
2026-05-29 10:58:43,998 [SKIP] len error : ['②', 'やや高い', '400回〜1,000回', '18.5%']
2026-05-29 10:58:43,998 [SKIP] len error : ['③', '中位', '50回〜400回', '39.0%']
2026-05-29 10:58:43,998 [SKIP] len error : ['④', 'やや低い', '10回〜50回', '17.6%']
2026-05-29 10:58:43,998 [SKIP] len error : ['⑤', '低い', '10回未満', '11.0%']
2026-05-29 10:58:43,998 3180件 / ?件中 19:58
2026-05-29 10:58:44,045 [TOTAL] None
2026-05-29 10:58:44,045 [COUNT] 3180
2026-05-29 10:58:44,546 [PAGE] 160
2026-05-29 10:58:44,845 [SKIP] len error : ['東P', '東証プライム']
2026-05-29 10:58:44,845 [SKIP] len error : ['東S', '東証スタンダード']
2026-05-29 10:58:44,845 [SKIP] len error : ['東G', '東証グロース']
2026-05-29 10:58:44,845 [SKIP] len error : ['東Ｅ', '東証ETF']
2026-05-29 10:58:44,845 [SKIP] len error : ['東EN', '東証ETN']
2026-05-29 10:58:44,845 [SKIP] len error : ['東Ｒ', '東証REIT']
2026-05-29 10:58:44,845 [SKIP] len error : ['東IF', '東証インフラファンド']
2026-05-29 10:58:44,845 [SKIP] len error : ['名Ｐ', '名証プレミア']
2026-05-29 10:58:44,845 [SKIP] len error : ['名M', '名証メイン']
2026-05-29 10:58:44,845 [SKIP] len error : ['名N', '名証ネクスト']
2026-05-29 10:58:44,845 [SKIP] len error : ['名Ｅ', '名証ETF']
2026-05-29 10:58:44,845 [SKIP] len error : ['札Ａ', '札証アンビシャス']
2026-05-29 10:58:44,846 [SKIP] len error : ['福Ｑ', '福証Q-Board']
2026-05-29 10:58:44,846 [SKIP] len error : ['①', '高い', '1,000回以上', '13.9%']
2026-05-29 10:58:44,846 [SKIP] len error : ['②', 'やや高い', '400回〜1,000回', '18.5%']
2026-05-29 10:58:44,846 [SKIP] len error : ['③', '中位', '50回〜400回', '39.0%']
2026-05-29 10:58:44,846 [SKIP] len error : ['④', 'やや低い', '10回〜50回', '17.6%']
2026-05-29 10:58:44,846 [SKIP] len error : ['⑤', '低い', '10回未満', '11.0%']
2026-05-29 10:58:44,846 3200件 / ?件中 19:58
2026-05-29 10:58:44,892 [TOTAL] None
2026-05-29 10:58:44,892 [COUNT] 3200
2026-05-29 10:58:46,300 [PAGE] 161
2026-05-29 10:58:46,609 [SKIP] len error : ['東P', '東証プライム']
2026-05-29 10:58:46,609 [SKIP] len error : ['東S', '東証スタンダード']
2026-05-29 10:58:46,609 [SKIP] len error : ['東G', '東証グロース']
2026-05-29 10:58:46,609 [SKIP] len error : ['東Ｅ', '東証ETF']
2026-05-29 10:58:46,609 [SKIP] len error : ['東EN', '東証ETN']
2026-05-29 10:58:46,609 [SKIP] len error : ['東Ｒ', '東証REIT']
2026-05-29 10:58:46,609 [SKIP] len error : ['東IF', '東証インフラファンド']
2026-05-29 10:58:46,609 [SKIP] len error : ['名Ｐ', '名証プレミア']
2026-05-29 10:58:46,609 [SKIP] len error : ['名M', '名証メイン']
2026-05-29 10:58:46,609 [SKIP] len error : ['名N', '名証ネクスト']
2026-05-29 10:58:46,609 [SKIP] len error : ['名Ｅ', '名証ETF']
2026-05-29 10:58:46,609 [SKIP] len error : ['札Ａ', '札証アンビシャス']
2026-05-29 10:58:46,609 [SKIP] len error : ['福Ｑ', '福証Q-Board']
2026-05-29 10:58:46,609 [SKIP] len error : ['①', '高い', '1,000回以上', '13.9%']
2026-05-29 10:58:46,610 [SKIP] len error : ['②', 'やや高い', '400回〜1,000回', '18.5%']
2026-05-29 10:58:46,610 [SKIP] len error : ['③', '中位', '50回〜400回', '39.0%']
2026-05-29 10:58:46,610 [SKIP] len error : ['④', 'やや低い', '10回〜50回', '17.6%']
2026-05-29 10:58:46,610 [SKIP] len error : ['⑤', '低い', '10回未満', '11.0%']
2026-05-29 10:58:46,610 3220件 / ?件中 19:58
2026-05-29 10:58:46,657 [TOTAL] None
2026-05-29 10:58:46,657 [COUNT] 3220
2026-05-29 10:58:47,850 [PAGE] 162
2026-05-29 10:58:48,138 [SKIP] len error : ['東P', '東証プライム']
2026-05-29 10:58:48,139 [SKIP] len error : ['東S', '東証スタンダード']
2026-05-29 10:58:48,139 [SKIP] len error : ['東G', '東証グロース']
2026-05-29 10:58:48,139 [SKIP] len error : ['東Ｅ', '東証ETF']
2026-05-29 10:58:48,139 [SKIP] len error : ['東EN', '東証ETN']
2026-05-29 10:58:48,139 [SKIP] len error : ['東Ｒ', '東証REIT']
2026-05-29 10:58:48,139 [SKIP] len error : ['東IF', '東証インフラファンド']
2026-05-29 10:58:48,139 [SKIP] len error : ['名Ｐ', '名証プレミア']
2026-05-29 10:58:48,139 [SKIP] len error : ['名M', '名証メイン']
2026-05-29 10:58:48,139 [SKIP] len error : ['名N', '名証ネクスト']
2026-05-29 10:58:48,139 [SKIP] len error : ['名Ｅ', '名証ETF']
2026-05-29 10:58:48,139 [SKIP] len error : ['札Ａ', '札証アンビシャス']
2026-05-29 10:58:48,139 [SKIP] len error : ['福Ｑ', '福証Q-Board']
2026-05-29 10:58:48,139 [SKIP] len error : ['①', '高い', '1,000回以上', '13.9%']
2026-05-29 10:58:48,139 [SKIP] len error : ['②', 'やや高い', '400回〜1,000回', '18.5%']
2026-05-29 10:58:48,139 [SKIP] len error : ['③', '中位', '50回〜400回', '39.0%']
2026-05-29 10:58:48,139 [SKIP] len error : ['④', 'やや低い', '10回〜50回', '17.6%']
2026-05-29 10:58:48,139 [SKIP] len error : ['⑤', '低い', '10回未満', '11.0%']
2026-05-29 10:58:48,139 3240件 / ?件中 19:58
2026-05-29 10:58:48,185 [TOTAL] None
2026-05-29 10:58:48,185 [COUNT] 3240
2026-05-29 10:58:49,276 [PAGE] 163
2026-05-29 10:58:49,631 [SKIP] len error : ['東P', '東証プライム']
2026-05-29 10:58:49,631 [SKIP] len error : ['東S', '東証スタンダード']
2026-05-29 10:58:49,631 [SKIP] len error : ['東G', '東証グロース']
2026-05-29 10:58:49,632 [SKIP] len error : ['東Ｅ', '東証ETF']
2026-05-29 10:58:49,632 [SKIP] len error : ['東EN', '東証ETN']
2026-05-29 10:58:49,632 [SKIP] len error : ['東Ｒ', '東証REIT']
2026-05-29 10:58:49,632 [SKIP] len error : ['東IF', '東証インフラファンド']
2026-05-29 10:58:49,632 [SKIP] len error : ['名Ｐ', '名証プレミア']
2026-05-29 10:58:49,632 [SKIP] len error : ['名M', '名証メイン']
2026-05-29 10:58:49,632 [SKIP] len error : ['名N', '名証ネクスト']
2026-05-29 10:58:49,632 [SKIP] len error : ['名Ｅ', '名証ETF']
2026-05-29 10:58:49,632 [SKIP] len error : ['札Ａ', '札証アンビシャス']
2026-05-29 10:58:49,632 [SKIP] len error : ['福Ｑ', '福証Q-Board']
2026-05-29 10:58:49,632 [SKIP] len error : ['①', '高い', '1,000回以上', '13.9%']
2026-05-29 10:58:49,632 [SKIP] len error : ['②', 'やや高い', '400回〜1,000回', '18.5%']
2026-05-29 10:58:49,632 [SKIP] len error : ['③', '中位', '50回〜400回', '39.0%']
2026-05-29 10:58:49,632 [SKIP] len error : ['④', 'やや低い', '10回〜50回', '17.6%']
2026-05-29 10:58:49,632 [SKIP] len error : ['⑤', '低い', '10回未満', '11.0%']
2026-05-29 10:58:49,632 3260件 / ?件中 19:58
2026-05-29 10:58:49,678 [TOTAL] None
2026-05-29 10:58:49,678 [COUNT] 3260
2026-05-29 10:58:51,020 [PAGE] 164
2026-05-29 10:58:51,316 [SKIP] len error : ['東P', '東証プライム']
2026-05-29 10:58:51,316 [SKIP] len error : ['東S', '東証スタンダード']
2026-05-29 10:58:51,316 [SKIP] len error : ['東G', '東証グロース']
2026-05-29 10:58:51,316 [SKIP] len error : ['東Ｅ', '東証ETF']
2026-05-29 10:58:51,316 [SKIP] len error : ['東EN', '東証ETN']
2026-05-29 10:58:51,316 [SKIP] len error : ['東Ｒ', '東証REIT']
2026-05-29 10:58:51,316 [SKIP] len error : ['東IF', '東証インフラファンド']
2026-05-29 10:58:51,316 [SKIP] len error : ['名Ｐ', '名証プレミア']
2026-05-29 10:58:51,316 [SKIP] len error : ['名M', '名証メイン']
2026-05-29 10:58:51,316 [SKIP] len error : ['名N', '名証ネクスト']
2026-05-29 10:58:51,316 [SKIP] len error : ['名Ｅ', '名証ETF']
2026-05-29 10:58:51,316 [SKIP] len error : ['札Ａ', '札証アンビシャス']
2026-05-29 10:58:51,316 [SKIP] len error : ['福Ｑ', '福証Q-Board']
2026-05-29 10:58:51,316 [SKIP] len error : ['①', '高い', '1,000回以上', '13.9%']
2026-05-29 10:58:51,316 [SKIP] len error : ['②', 'やや高い', '400回〜1,000回', '18.5%']
2026-05-29 10:58:51,316 [SKIP] len error : ['③', '中位', '50回〜400回', '39.0%']
2026-05-29 10:58:51,316 [SKIP] len error : ['④', 'やや低い', '10回〜50回', '17.6%']
2026-05-29 10:58:51,316 [SKIP] len error : ['⑤', '低い', '10回未満', '11.0%']
2026-05-29 10:58:51,317 3280件 / ?件中 19:58
2026-05-29 10:58:51,364 [TOTAL] None
2026-05-29 10:58:51,364 [COUNT] 3280
2026-05-29 10:58:51,906 [PAGE] 165
2026-05-29 10:58:52,209 [SKIP] len error : ['東P', '東証プライム']
2026-05-29 10:58:52,209 [SKIP] len error : ['東S', '東証スタンダード']
2026-05-29 10:58:52,209 [SKIP] len error : ['東G', '東証グロース']
2026-05-29 10:58:52,209 [SKIP] len error : ['東Ｅ', '東証ETF']
2026-05-29 10:58:52,209 [SKIP] len error : ['東EN', '東証ETN']
2026-05-29 10:58:52,209 [SKIP] len error : ['東Ｒ', '東証REIT']
2026-05-29 10:58:52,209 [SKIP] len error : ['東IF', '東証インフラファンド']
2026-05-29 10:58:52,209 [SKIP] len error : ['名Ｐ', '名証プレミア']
2026-05-29 10:58:52,209 [SKIP] len error : ['名M', '名証メイン']
2026-05-29 10:58:52,209 [SKIP] len error : ['名N', '名証ネクスト']
2026-05-29 10:58:52,209 [SKIP] len error : ['名Ｅ', '名証ETF']
2026-05-29 10:58:52,210 [SKIP] len error : ['札Ａ', '札証アンビシャス']
2026-05-29 10:58:52,210 [SKIP] len error : ['福Ｑ', '福証Q-Board']
2026-05-29 10:58:52,210 [SKIP] len error : ['①', '高い', '1,000回以上', '13.9%']
2026-05-29 10:58:52,210 [SKIP] len error : ['②', 'やや高い', '400回〜1,000回', '18.5%']
2026-05-29 10:58:52,210 [SKIP] len error : ['③', '中位', '50回〜400回', '39.0%']
2026-05-29 10:58:52,210 [SKIP] len error : ['④', 'やや低い', '10回〜50回', '17.6%']
2026-05-29 10:58:52,210 [SKIP] len error : ['⑤', '低い', '10回未満', '11.0%']
2026-05-29 10:58:52,210 3300件 / ?件中 19:58
2026-05-29 10:58:52,257 [TOTAL] None
2026-05-29 10:58:52,257 [COUNT] 3300
2026-05-29 10:58:53,115 [PAGE] 166
2026-05-29 10:58:53,424 [SKIP] len error : ['東P', '東証プライム']
2026-05-29 10:58:53,424 [SKIP] len error : ['東S', '東証スタンダード']
2026-05-29 10:58:53,424 [SKIP] len error : ['東G', '東証グロース']
2026-05-29 10:58:53,424 [SKIP] len error : ['東Ｅ', '東証ETF']
2026-05-29 10:58:53,424 [SKIP] len error : ['東EN', '東証ETN']
2026-05-29 10:58:53,425 [SKIP] len error : ['東Ｒ', '東証REIT']
2026-05-29 10:58:53,425 [SKIP] len error : ['東IF', '東証インフラファンド']
2026-05-29 10:58:53,425 [SKIP] len error : ['名Ｐ', '名証プレミア']
2026-05-29 10:58:53,425 [SKIP] len error : ['名M', '名証メイン']
2026-05-29 10:58:53,425 [SKIP] len error : ['名N', '名証ネクスト']
2026-05-29 10:58:53,425 [SKIP] len error : ['名Ｅ', '名証ETF']
2026-05-29 10:58:53,425 [SKIP] len error : ['札Ａ', '札証アンビシャス']
2026-05-29 10:58:53,425 [SKIP] len error : ['福Ｑ', '福証Q-Board']
2026-05-29 10:58:53,425 [SKIP] len error : ['①', '高い', '1,000回以上', '13.9%']
2026-05-29 10:58:53,425 [SKIP] len error : ['②', 'やや高い', '400回〜1,000回', '18.5%']
2026-05-29 10:58:53,425 [SKIP] len error : ['③', '中位', '50回〜400回', '39.0%']
2026-05-29 10:58:53,425 [SKIP] len error : ['④', 'やや低い', '10回〜50回', '17.6%']
2026-05-29 10:58:53,425 [SKIP] len error : ['⑤', '低い', '10回未満', '11.0%']
2026-05-29 10:58:53,425 3320件 / ?件中 19:58
2026-05-29 10:58:53,472 [TOTAL] None
2026-05-29 10:58:53,472 [COUNT] 3320
2026-05-29 10:58:54,512 [PAGE] 167
2026-05-29 10:58:54,824 [SKIP] len error : ['東P', '東証プライム']
2026-05-29 10:58:54,824 [SKIP] len error : ['東S', '東証スタンダード']
2026-05-29 10:58:54,824 [SKIP] len error : ['東G', '東証グロース']
2026-05-29 10:58:54,824 [SKIP] len error : ['東Ｅ', '東証ETF']
2026-05-29 10:58:54,824 [SKIP] len error : ['東EN', '東証ETN']
2026-05-29 10:58:54,824 [SKIP] len error : ['東Ｒ', '東証REIT']
2026-05-29 10:58:54,824 [SKIP] len error : ['東IF', '東証インフラファンド']
2026-05-29 10:58:54,824 [SKIP] len error : ['名Ｐ', '名証プレミア']
2026-05-29 10:58:54,824 [SKIP] len error : ['名M', '名証メイン']
2026-05-29 10:58:54,824 [SKIP] len error : ['名N', '名証ネクスト']
2026-05-29 10:58:54,824 [SKIP] len error : ['名Ｅ', '名証ETF']
2026-05-29 10:58:54,824 [SKIP] len error : ['札Ａ', '札証アンビシャス']
2026-05-29 10:58:54,824 [SKIP] len error : ['福Ｑ', '福証Q-Board']
2026-05-29 10:58:54,824 [SKIP] len error : ['①', '高い', '1,000回以上', '13.9%']
2026-05-29 10:58:54,824 [SKIP] len error : ['②', 'やや高い', '400回〜1,000回', '18.5%']
2026-05-29 10:58:54,825 [SKIP] len error : ['③', '中位', '50回〜400回', '39.0%']
2026-05-29 10:58:54,825 [SKIP] len error : ['④', 'やや低い', '10回〜50回', '17.6%']
2026-05-29 10:58:54,825 [SKIP] len error : ['⑤', '低い', '10回未満', '11.0%']
2026-05-29 10:58:54,825 3340件 / ?件中 19:58
2026-05-29 10:58:54,870 [TOTAL] None
2026-05-29 10:58:54,870 [COUNT] 3340
2026-05-29 10:58:56,342 [PAGE] 168
2026-05-29 10:58:56,680 [SKIP] len error : ['東P', '東証プライム']
2026-05-29 10:58:56,680 [SKIP] len error : ['東S', '東証スタンダード']
2026-05-29 10:58:56,680 [SKIP] len error : ['東G', '東証グロース']
2026-05-29 10:58:56,680 [SKIP] len error : ['東Ｅ', '東証ETF']
2026-05-29 10:58:56,680 [SKIP] len error : ['東EN', '東証ETN']
2026-05-29 10:58:56,680 [SKIP] len error : ['東Ｒ', '東証REIT']
2026-05-29 10:58:56,680 [SKIP] len error : ['東IF', '東証インフラファンド']
2026-05-29 10:58:56,680 [SKIP] len error : ['名Ｐ', '名証プレミア']
2026-05-29 10:58:56,680 [SKIP] len error : ['名M', '名証メイン']
2026-05-29 10:58:56,680 [SKIP] len error : ['名N', '名証ネクスト']
2026-05-29 10:58:56,680 [SKIP] len error : ['名Ｅ', '名証ETF']
2026-05-29 10:58:56,680 [SKIP] len error : ['札Ａ', '札証アンビシャス']
2026-05-29 10:58:56,680 [SKIP] len error : ['福Ｑ', '福証Q-Board']
2026-05-29 10:58:56,680 [SKIP] len error : ['①', '高い', '1,000回以上', '13.9%']
2026-05-29 10:58:56,680 [SKIP] len error : ['②', 'やや高い', '400回〜1,000回', '18.5%']
2026-05-29 10:58:56,680 [SKIP] len error : ['③', '中位', '50回〜400回', '39.0%']
2026-05-29 10:58:56,680 [SKIP] len error : ['④', 'やや低い', '10回〜50回', '17.6%']
2026-05-29 10:58:56,680 [SKIP] len error : ['⑤', '低い', '10回未満', '11.0%']
2026-05-29 10:58:56,681 3360件 / ?件中 19:58
2026-05-29 10:58:56,728 [TOTAL] None
2026-05-29 10:58:56,728 [COUNT] 3360
2026-05-29 10:58:58,216 [PAGE] 169
2026-05-29 10:58:58,515 [SKIP] len error : ['東P', '東証プライム']
2026-05-29 10:58:58,515 [SKIP] len error : ['東S', '東証スタンダード']
2026-05-29 10:58:58,515 [SKIP] len error : ['東G', '東証グロース']
2026-05-29 10:58:58,515 [SKIP] len error : ['東Ｅ', '東証ETF']
2026-05-29 10:58:58,515 [SKIP] len error : ['東EN', '東証ETN']
2026-05-29 10:58:58,515 [SKIP] len error : ['東Ｒ', '東証REIT']
2026-05-29 10:58:58,515 [SKIP] len error : ['東IF', '東証インフラファンド']
2026-05-29 10:58:58,515 [SKIP] len error : ['名Ｐ', '名証プレミア']
2026-05-29 10:58:58,515 [SKIP] len error : ['名M', '名証メイン']
2026-05-29 10:58:58,515 [SKIP] len error : ['名N', '名証ネクスト']
2026-05-29 10:58:58,515 [SKIP] len error : ['名Ｅ', '名証ETF']
2026-05-29 10:58:58,515 [SKIP] len error : ['札Ａ', '札証アンビシャス']
2026-05-29 10:58:58,515 [SKIP] len error : ['福Ｑ', '福証Q-Board']
2026-05-29 10:58:58,515 [SKIP] len error : ['①', '高い', '1,000回以上', '13.9%']
2026-05-29 10:58:58,515 [SKIP] len error : ['②', 'やや高い', '400回〜1,000回', '18.5%']
2026-05-29 10:58:58,515 [SKIP] len error : ['③', '中位', '50回〜400回', '39.0%']
2026-05-29 10:58:58,515 [SKIP] len error : ['④', 'やや低い', '10回〜50回', '17.6%']
2026-05-29 10:58:58,516 [SKIP] len error : ['⑤', '低い', '10回未満', '11.0%']
2026-05-29 10:58:58,516 3380件 / ?件中 19:58
2026-05-29 10:58:58,562 [TOTAL] None
2026-05-29 10:58:58,562 [COUNT] 3380
2026-05-29 10:58:59,636 [PAGE] 170
2026-05-29 10:58:59,943 [SKIP] len error : ['東P', '東証プライム']
2026-05-29 10:58:59,943 [SKIP] len error : ['東S', '東証スタンダード']
2026-05-29 10:58:59,943 [SKIP] len error : ['東G', '東証グロース']
2026-05-29 10:58:59,943 [SKIP] len error : ['東Ｅ', '東証ETF']
2026-05-29 10:58:59,943 [SKIP] len error : ['東EN', '東証ETN']
2026-05-29 10:58:59,943 [SKIP] len error : ['東Ｒ', '東証REIT']
2026-05-29 10:58:59,943 [SKIP] len error : ['東IF', '東証インフラファンド']
2026-05-29 10:58:59,943 [SKIP] len error : ['名Ｐ', '名証プレミア']
2026-05-29 10:58:59,943 [SKIP] len error : ['名M', '名証メイン']
2026-05-29 10:58:59,943 [SKIP] len error : ['名N', '名証ネクスト']
2026-05-29 10:58:59,943 [SKIP] len error : ['名Ｅ', '名証ETF']
2026-05-29 10:58:59,943 [SKIP] len error : ['札Ａ', '札証アンビシャス']
2026-05-29 10:58:59,943 [SKIP] len error : ['福Ｑ', '福証Q-Board']
2026-05-29 10:58:59,943 [SKIP] len error : ['①', '高い', '1,000回以上', '13.9%']
2026-05-29 10:58:59,943 [SKIP] len error : ['②', 'やや高い', '400回〜1,000回', '18.5%']
2026-05-29 10:58:59,943 [SKIP] len error : ['③', '中位', '50回〜400回', '39.0%']
2026-05-29 10:58:59,943 [SKIP] len error : ['④', 'やや低い', '10回〜50回', '17.6%']
2026-05-29 10:58:59,943 [SKIP] len error : ['⑤', '低い', '10回未満', '11.0%']
2026-05-29 10:58:59,944 3400件 / ?件中 19:58
2026-05-29 10:58:59,990 [TOTAL] None
2026-05-29 10:58:59,990 [COUNT] 3400
2026-05-29 10:59:01,291 [PAGE] 171
2026-05-29 10:59:01,602 [SKIP] len error : ['東P', '東証プライム']
2026-05-29 10:59:01,603 [SKIP] len error : ['東S', '東証スタンダード']
2026-05-29 10:59:01,603 [SKIP] len error : ['東G', '東証グロース']
2026-05-29 10:59:01,603 [SKIP] len error : ['東Ｅ', '東証ETF']
2026-05-29 10:59:01,603 [SKIP] len error : ['東EN', '東証ETN']
2026-05-29 10:59:01,603 [SKIP] len error : ['東Ｒ', '東証REIT']
2026-05-29 10:59:01,603 [SKIP] len error : ['東IF', '東証インフラファンド']
2026-05-29 10:59:01,603 [SKIP] len error : ['名Ｐ', '名証プレミア']
2026-05-29 10:59:01,603 [SKIP] len error : ['名M', '名証メイン']
2026-05-29 10:59:01,603 [SKIP] len error : ['名N', '名証ネクスト']
2026-05-29 10:59:01,603 [SKIP] len error : ['名Ｅ', '名証ETF']
2026-05-29 10:59:01,603 [SKIP] len error : ['札Ａ', '札証アンビシャス']
2026-05-29 10:59:01,603 [SKIP] len error : ['福Ｑ', '福証Q-Board']
2026-05-29 10:59:01,603 [SKIP] len error : ['①', '高い', '1,000回以上', '13.9%']
2026-05-29 10:59:01,603 [SKIP] len error : ['②', 'やや高い', '400回〜1,000回', '18.5%']
2026-05-29 10:59:01,603 [SKIP] len error : ['③', '中位', '50回〜400回', '39.0%']
2026-05-29 10:59:01,603 [SKIP] len error : ['④', 'やや低い', '10回〜50回', '17.6%']
2026-05-29 10:59:01,603 [SKIP] len error : ['⑤', '低い', '10回未満', '11.0%']
2026-05-29 10:59:01,603 3420件 / ?件中 19:59
2026-05-29 10:59:01,650 [TOTAL] None
2026-05-29 10:59:01,650 [COUNT] 3420
2026-05-29 10:59:02,839 [PAGE] 172
2026-05-29 10:59:03,150 [SKIP] len error : ['東P', '東証プライム']
2026-05-29 10:59:03,150 [SKIP] len error : ['東S', '東証スタンダード']
2026-05-29 10:59:03,150 [SKIP] len error : ['東G', '東証グロース']
2026-05-29 10:59:03,150 [SKIP] len error : ['東Ｅ', '東証ETF']
2026-05-29 10:59:03,150 [SKIP] len error : ['東EN', '東証ETN']
2026-05-29 10:59:03,151 [SKIP] len error : ['東Ｒ', '東証REIT']
2026-05-29 10:59:03,151 [SKIP] len error : ['東IF', '東証インフラファンド']
2026-05-29 10:59:03,151 [SKIP] len error : ['名Ｐ', '名証プレミア']
2026-05-29 10:59:03,151 [SKIP] len error : ['名M', '名証メイン']
2026-05-29 10:59:03,151 [SKIP] len error : ['名N', '名証ネクスト']
2026-05-29 10:59:03,151 [SKIP] len error : ['名Ｅ', '名証ETF']
2026-05-29 10:59:03,151 [SKIP] len error : ['札Ａ', '札証アンビシャス']
2026-05-29 10:59:03,151 [SKIP] len error : ['福Ｑ', '福証Q-Board']
2026-05-29 10:59:03,151 [SKIP] len error : ['①', '高い', '1,000回以上', '13.9%']
2026-05-29 10:59:03,151 [SKIP] len error : ['②', 'やや高い', '400回〜1,000回', '18.5%']
2026-05-29 10:59:03,151 [SKIP] len error : ['③', '中位', '50回〜400回', '39.0%']
2026-05-29 10:59:03,151 [SKIP] len error : ['④', 'やや低い', '10回〜50回', '17.6%']
2026-05-29 10:59:03,151 [SKIP] len error : ['⑤', '低い', '10回未満', '11.0%']
2026-05-29 10:59:03,151 3440件 / ?件中 19:59
2026-05-29 10:59:03,239 [TOTAL] None
2026-05-29 10:59:03,239 [COUNT] 3440
2026-05-29 10:59:03,979 [PAGE] 173
2026-05-29 10:59:04,299 [SKIP] len error : ['東P', '東証プライム']
2026-05-29 10:59:04,299 [SKIP] len error : ['東S', '東証スタンダード']
2026-05-29 10:59:04,299 [SKIP] len error : ['東G', '東証グロース']
2026-05-29 10:59:04,299 [SKIP] len error : ['東Ｅ', '東証ETF']
2026-05-29 10:59:04,299 [SKIP] len error : ['東EN', '東証ETN']
2026-05-29 10:59:04,300 [SKIP] len error : ['東Ｒ', '東証REIT']
2026-05-29 10:59:04,300 [SKIP] len error : ['東IF', '東証インフラファンド']
2026-05-29 10:59:04,300 [SKIP] len error : ['名Ｐ', '名証プレミア']
2026-05-29 10:59:04,300 [SKIP] len error : ['名M', '名証メイン']
2026-05-29 10:59:04,300 [SKIP] len error : ['名N', '名証ネクスト']
2026-05-29 10:59:04,300 [SKIP] len error : ['名Ｅ', '名証ETF']
2026-05-29 10:59:04,300 [SKIP] len error : ['札Ａ', '札証アンビシャス']
2026-05-29 10:59:04,300 [SKIP] len error : ['福Ｑ', '福証Q-Board']
2026-05-29 10:59:04,300 [SKIP] len error : ['①', '高い', '1,000回以上', '13.9%']
2026-05-29 10:59:04,300 [SKIP] len error : ['②', 'やや高い', '400回〜1,000回', '18.5%']
2026-05-29 10:59:04,300 [SKIP] len error : ['③', '中位', '50回〜400回', '39.0%']
2026-05-29 10:59:04,300 [SKIP] len error : ['④', 'やや低い', '10回〜50回', '17.6%']
2026-05-29 10:59:04,300 [SKIP] len error : ['⑤', '低い', '10回未満', '11.0%']
2026-05-29 10:59:04,300 3460件 / ?件中 19:59
2026-05-29 10:59:04,346 [TOTAL] None
2026-05-29 10:59:04,346 [COUNT] 3460
2026-05-29 10:59:05,054 [PAGE] 174
2026-05-29 10:59:05,371 [SKIP] len error : ['東P', '東証プライム']
2026-05-29 10:59:05,371 [SKIP] len error : ['東S', '東証スタンダード']
2026-05-29 10:59:05,371 [SKIP] len error : ['東G', '東証グロース']
2026-05-29 10:59:05,371 [SKIP] len error : ['東Ｅ', '東証ETF']
2026-05-29 10:59:05,371 [SKIP] len error : ['東EN', '東証ETN']
2026-05-29 10:59:05,371 [SKIP] len error : ['東Ｒ', '東証REIT']
2026-05-29 10:59:05,371 [SKIP] len error : ['東IF', '東証インフラファンド']
2026-05-29 10:59:05,371 [SKIP] len error : ['名Ｐ', '名証プレミア']
2026-05-29 10:59:05,372 [SKIP] len error : ['名M', '名証メイン']
2026-05-29 10:59:05,372 [SKIP] len error : ['名N', '名証ネクスト']
2026-05-29 10:59:05,372 [SKIP] len error : ['名Ｅ', '名証ETF']
2026-05-29 10:59:05,372 [SKIP] len error : ['札Ａ', '札証アンビシャス']
2026-05-29 10:59:05,372 [SKIP] len error : ['福Ｑ', '福証Q-Board']
2026-05-29 10:59:05,372 [SKIP] len error : ['①', '高い', '1,000回以上', '13.9%']
2026-05-29 10:59:05,372 [SKIP] len error : ['②', 'やや高い', '400回〜1,000回', '18.5%']
2026-05-29 10:59:05,372 [SKIP] len error : ['③', '中位', '50回〜400回', '39.0%']
2026-05-29 10:59:05,372 [SKIP] len error : ['④', 'やや低い', '10回〜50回', '17.6%']
2026-05-29 10:59:05,372 [SKIP] len error : ['⑤', '低い', '10回未満', '11.0%']
2026-05-29 10:59:05,372 3480件 / ?件中 19:59
2026-05-29 10:59:05,418 [TOTAL] None
2026-05-29 10:59:05,418 [COUNT] 3480
2026-05-29 10:59:06,334 [PAGE] 175
2026-05-29 10:59:06,631 [SKIP] len error : ['東P', '東証プライム']
2026-05-29 10:59:06,631 [SKIP] len error : ['東S', '東証スタンダード']
2026-05-29 10:59:06,631 [SKIP] len error : ['東G', '東証グロース']
2026-05-29 10:59:06,631 [SKIP] len error : ['東Ｅ', '東証ETF']
2026-05-29 10:59:06,631 [SKIP] len error : ['東EN', '東証ETN']
2026-05-29 10:59:06,631 [SKIP] len error : ['東Ｒ', '東証REIT']
2026-05-29 10:59:06,631 [SKIP] len error : ['東IF', '東証インフラファンド']
2026-05-29 10:59:06,631 [SKIP] len error : ['名Ｐ', '名証プレミア']
2026-05-29 10:59:06,631 [SKIP] len error : ['名M', '名証メイン']
2026-05-29 10:59:06,631 [SKIP] len error : ['名N', '名証ネクスト']
2026-05-29 10:59:06,631 [SKIP] len error : ['名Ｅ', '名証ETF']
2026-05-29 10:59:06,631 [SKIP] len error : ['札Ａ', '札証アンビシャス']
2026-05-29 10:59:06,631 [SKIP] len error : ['福Ｑ', '福証Q-Board']
2026-05-29 10:59:06,631 [SKIP] len error : ['①', '高い', '1,000回以上', '13.9%']
2026-05-29 10:59:06,631 [SKIP] len error : ['②', 'やや高い', '400回〜1,000回', '18.5%']
2026-05-29 10:59:06,631 [SKIP] len error : ['③', '中位', '50回〜400回', '39.0%']
2026-05-29 10:59:06,631 [SKIP] len error : ['④', 'やや低い', '10回〜50回', '17.6%']
2026-05-29 10:59:06,631 [SKIP] len error : ['⑤', '低い', '10回未満', '11.0%']
2026-05-29 10:59:06,631 3500件 / ?件中 19:59
2026-05-29 10:59:06,678 [TOTAL] None
2026-05-29 10:59:06,678 [COUNT] 3500
2026-05-29 10:59:07,436 [PAGE] 176
2026-05-29 10:59:07,767 [SKIP] len error : ['東P', '東証プライム']
2026-05-29 10:59:07,767 [SKIP] len error : ['東S', '東証スタンダード']
2026-05-29 10:59:07,767 [SKIP] len error : ['東G', '東証グロース']
2026-05-29 10:59:07,768 [SKIP] len error : ['東Ｅ', '東証ETF']
2026-05-29 10:59:07,768 [SKIP] len error : ['東EN', '東証ETN']
2026-05-29 10:59:07,768 [SKIP] len error : ['東Ｒ', '東証REIT']
2026-05-29 10:59:07,768 [SKIP] len error : ['東IF', '東証インフラファンド']
2026-05-29 10:59:07,768 [SKIP] len error : ['名Ｐ', '名証プレミア']
2026-05-29 10:59:07,768 [SKIP] len error : ['名M', '名証メイン']
2026-05-29 10:59:07,768 [SKIP] len error : ['名N', '名証ネクスト']
2026-05-29 10:59:07,768 [SKIP] len error : ['名Ｅ', '名証ETF']
2026-05-29 10:59:07,768 [SKIP] len error : ['札Ａ', '札証アンビシャス']
2026-05-29 10:59:07,768 [SKIP] len error : ['福Ｑ', '福証Q-Board']
2026-05-29 10:59:07,768 [SKIP] len error : ['①', '高い', '1,000回以上', '13.9%']
2026-05-29 10:59:07,768 [SKIP] len error : ['②', 'やや高い', '400回〜1,000回', '18.5%']
2026-05-29 10:59:07,768 [SKIP] len error : ['③', '中位', '50回〜400回', '39.0%']
2026-05-29 10:59:07,768 [SKIP] len error : ['④', 'やや低い', '10回〜50回', '17.6%']
2026-05-29 10:59:07,768 [SKIP] len error : ['⑤', '低い', '10回未満', '11.0%']
2026-05-29 10:59:07,768 3520件 / ?件中 19:59
2026-05-29 10:59:07,814 [TOTAL] None
2026-05-29 10:59:07,814 [COUNT] 3520
2026-05-29 10:59:08,531 [PAGE] 177
2026-05-29 10:59:08,879 [SKIP] len error : ['東P', '東証プライム']
2026-05-29 10:59:08,879 [SKIP] len error : ['東S', '東証スタンダード']
2026-05-29 10:59:08,879 [SKIP] len error : ['東G', '東証グロース']
2026-05-29 10:59:08,879 [SKIP] len error : ['東Ｅ', '東証ETF']
2026-05-29 10:59:08,879 [SKIP] len error : ['東EN', '東証ETN']
2026-05-29 10:59:08,879 [SKIP] len error : ['東Ｒ', '東証REIT']
2026-05-29 10:59:08,879 [SKIP] len error : ['東IF', '東証インフラファンド']
2026-05-29 10:59:08,879 [SKIP] len error : ['名Ｐ', '名証プレミア']
2026-05-29 10:59:08,879 [SKIP] len error : ['名M', '名証メイン']
2026-05-29 10:59:08,879 [SKIP] len error : ['名N', '名証ネクスト']
2026-05-29 10:59:08,879 [SKIP] len error : ['名Ｅ', '名証ETF']
2026-05-29 10:59:08,879 [SKIP] len error : ['札Ａ', '札証アンビシャス']
2026-05-29 10:59:08,879 [SKIP] len error : ['福Ｑ', '福証Q-Board']
2026-05-29 10:59:08,879 [SKIP] len error : ['①', '高い', '1,000回以上', '13.9%']
2026-05-29 10:59:08,879 [SKIP] len error : ['②', 'やや高い', '400回〜1,000回', '18.5%']
2026-05-29 10:59:08,879 [SKIP] len error : ['③', '中位', '50回〜400回', '39.0%']
2026-05-29 10:59:08,879 [SKIP] len error : ['④', 'やや低い', '10回〜50回', '17.6%']
2026-05-29 10:59:08,879 [SKIP] len error : ['⑤', '低い', '10回未満', '11.0%']
2026-05-29 10:59:08,879 3540件 / ?件中 19:59
2026-05-29 10:59:08,925 [TOTAL] None
2026-05-29 10:59:08,925 [COUNT] 3540
2026-05-29 10:59:09,690 [PAGE] 178
2026-05-29 10:59:10,007 [SKIP] len error : ['東P', '東証プライム']
2026-05-29 10:59:10,007 [SKIP] len error : ['東S', '東証スタンダード']
2026-05-29 10:59:10,007 [SKIP] len error : ['東G', '東証グロース']
2026-05-29 10:59:10,007 [SKIP] len error : ['東Ｅ', '東証ETF']
2026-05-29 10:59:10,007 [SKIP] len error : ['東EN', '東証ETN']
2026-05-29 10:59:10,007 [SKIP] len error : ['東Ｒ', '東証REIT']
2026-05-29 10:59:10,007 [SKIP] len error : ['東IF', '東証インフラファンド']
2026-05-29 10:59:10,007 [SKIP] len error : ['名Ｐ', '名証プレミア']
2026-05-29 10:59:10,007 [SKIP] len error : ['名M', '名証メイン']
2026-05-29 10:59:10,007 [SKIP] len error : ['名N', '名証ネクスト']
2026-05-29 10:59:10,007 [SKIP] len error : ['名Ｅ', '名証ETF']
2026-05-29 10:59:10,007 [SKIP] len error : ['札Ａ', '札証アンビシャス']
2026-05-29 10:59:10,007 [SKIP] len error : ['福Ｑ', '福証Q-Board']
2026-05-29 10:59:10,007 [SKIP] len error : ['①', '高い', '1,000回以上', '13.9%']
2026-05-29 10:59:10,007 [SKIP] len error : ['②', 'やや高い', '400回〜1,000回', '18.5%']
2026-05-29 10:59:10,007 [SKIP] len error : ['③', '中位', '50回〜400回', '39.0%']
2026-05-29 10:59:10,007 [SKIP] len error : ['④', 'やや低い', '10回〜50回', '17.6%']
2026-05-29 10:59:10,007 [SKIP] len error : ['⑤', '低い', '10回未満', '11.0%']
2026-05-29 10:59:10,007 3560件 / ?件中 19:59
2026-05-29 10:59:10,055 [TOTAL] None
2026-05-29 10:59:10,055 [COUNT] 3560
2026-05-29 10:59:10,990 [PAGE] 179
2026-05-29 10:59:11,282 [SKIP] len error : ['東P', '東証プライム']
2026-05-29 10:59:11,282 [SKIP] len error : ['東S', '東証スタンダード']
2026-05-29 10:59:11,282 [SKIP] len error : ['東G', '東証グロース']
2026-05-29 10:59:11,282 [SKIP] len error : ['東Ｅ', '東証ETF']
2026-05-29 10:59:11,282 [SKIP] len error : ['東EN', '東証ETN']
2026-05-29 10:59:11,282 [SKIP] len error : ['東Ｒ', '東証REIT']
2026-05-29 10:59:11,282 [SKIP] len error : ['東IF', '東証インフラファンド']
2026-05-29 10:59:11,282 [SKIP] len error : ['名Ｐ', '名証プレミア']
2026-05-29 10:59:11,282 [SKIP] len error : ['名M', '名証メイン']
2026-05-29 10:59:11,282 [SKIP] len error : ['名N', '名証ネクスト']
2026-05-29 10:59:11,282 [SKIP] len error : ['名Ｅ', '名証ETF']
2026-05-29 10:59:11,282 [SKIP] len error : ['札Ａ', '札証アンビシャス']
2026-05-29 10:59:11,282 [SKIP] len error : ['福Ｑ', '福証Q-Board']
2026-05-29 10:59:11,282 [SKIP] len error : ['①', '高い', '1,000回以上', '13.9%']
2026-05-29 10:59:11,282 [SKIP] len error : ['②', 'やや高い', '400回〜1,000回', '18.5%']
2026-05-29 10:59:11,282 [SKIP] len error : ['③', '中位', '50回〜400回', '39.0%']
2026-05-29 10:59:11,282 [SKIP] len error : ['④', 'やや低い', '10回〜50回', '17.6%']
2026-05-29 10:59:11,282 [SKIP] len error : ['⑤', '低い', '10回未満', '11.0%']
2026-05-29 10:59:11,282 3580件 / ?件中 19:59
2026-05-29 10:59:11,328 [TOTAL] None
2026-05-29 10:59:11,328 [COUNT] 3580
2026-05-29 10:59:12,121 [PAGE] 180
2026-05-29 10:59:12,409 [SKIP] len error : ['東P', '東証プライム']
2026-05-29 10:59:12,409 [SKIP] len error : ['東S', '東証スタンダード']
2026-05-29 10:59:12,409 [SKIP] len error : ['東G', '東証グロース']
2026-05-29 10:59:12,409 [SKIP] len error : ['東Ｅ', '東証ETF']
2026-05-29 10:59:12,409 [SKIP] len error : ['東EN', '東証ETN']
2026-05-29 10:59:12,409 [SKIP] len error : ['東Ｒ', '東証REIT']
2026-05-29 10:59:12,409 [SKIP] len error : ['東IF', '東証インフラファンド']
2026-05-29 10:59:12,409 [SKIP] len error : ['名Ｐ', '名証プレミア']
2026-05-29 10:59:12,409 [SKIP] len error : ['名M', '名証メイン']
2026-05-29 10:59:12,409 [SKIP] len error : ['名N', '名証ネクスト']
2026-05-29 10:59:12,409 [SKIP] len error : ['名Ｅ', '名証ETF']
2026-05-29 10:59:12,409 [SKIP] len error : ['札Ａ', '札証アンビシャス']
2026-05-29 10:59:12,409 [SKIP] len error : ['福Ｑ', '福証Q-Board']
2026-05-29 10:59:12,409 [SKIP] len error : ['①', '高い', '1,000回以上', '13.9%']
2026-05-29 10:59:12,409 [SKIP] len error : ['②', 'やや高い', '400回〜1,000回', '18.5%']
2026-05-29 10:59:12,409 [SKIP] len error : ['③', '中位', '50回〜400回', '39.0%']
2026-05-29 10:59:12,409 [SKIP] len error : ['④', 'やや低い', '10回〜50回', '17.6%']
2026-05-29 10:59:12,409 [SKIP] len error : ['⑤', '低い', '10回未満', '11.0%']
2026-05-29 10:59:12,409 3600件 / ?件中 19:59
2026-05-29 10:59:12,455 [TOTAL] None
2026-05-29 10:59:12,455 [COUNT] 3600
2026-05-29 10:59:13,856 [PAGE] 181
2026-05-29 10:59:14,151 [SKIP] len error : ['東P', '東証プライム']
2026-05-29 10:59:14,151 [SKIP] len error : ['東S', '東証スタンダード']
2026-05-29 10:59:14,151 [SKIP] len error : ['東G', '東証グロース']
2026-05-29 10:59:14,151 [SKIP] len error : ['東Ｅ', '東証ETF']
2026-05-29 10:59:14,151 [SKIP] len error : ['東EN', '東証ETN']
2026-05-29 10:59:14,151 [SKIP] len error : ['東Ｒ', '東証REIT']
2026-05-29 10:59:14,152 [SKIP] len error : ['東IF', '東証インフラファンド']
2026-05-29 10:59:14,152 [SKIP] len error : ['名Ｐ', '名証プレミア']
2026-05-29 10:59:14,152 [SKIP] len error : ['名M', '名証メイン']
2026-05-29 10:59:14,152 [SKIP] len error : ['名N', '名証ネクスト']
2026-05-29 10:59:14,152 [SKIP] len error : ['名Ｅ', '名証ETF']
2026-05-29 10:59:14,152 [SKIP] len error : ['札Ａ', '札証アンビシャス']
2026-05-29 10:59:14,152 [SKIP] len error : ['福Ｑ', '福証Q-Board']
2026-05-29 10:59:14,152 [SKIP] len error : ['①', '高い', '1,000回以上', '13.9%']
2026-05-29 10:59:14,152 [SKIP] len error : ['②', 'やや高い', '400回〜1,000回', '18.5%']
2026-05-29 10:59:14,152 [SKIP] len error : ['③', '中位', '50回〜400回', '39.0%']
2026-05-29 10:59:14,152 [SKIP] len error : ['④', 'やや低い', '10回〜50回', '17.6%']
2026-05-29 10:59:14,152 [SKIP] len error : ['⑤', '低い', '10回未満', '11.0%']
2026-05-29 10:59:14,152 3620件 / ?件中 19:59
2026-05-29 10:59:14,197 [TOTAL] None
2026-05-29 10:59:14,197 [COUNT] 3620
2026-05-29 10:59:14,848 [PAGE] 182
2026-05-29 10:59:15,190 [SKIP] len error : ['東P', '東証プライム']
2026-05-29 10:59:15,190 [SKIP] len error : ['東S', '東証スタンダード']
2026-05-29 10:59:15,190 [SKIP] len error : ['東G', '東証グロース']
2026-05-29 10:59:15,190 [SKIP] len error : ['東Ｅ', '東証ETF']
2026-05-29 10:59:15,190 [SKIP] len error : ['東EN', '東証ETN']
2026-05-29 10:59:15,190 [SKIP] len error : ['東Ｒ', '東証REIT']
2026-05-29 10:59:15,190 [SKIP] len error : ['東IF', '東証インフラファンド']
2026-05-29 10:59:15,190 [SKIP] len error : ['名Ｐ', '名証プレミア']
2026-05-29 10:59:15,190 [SKIP] len error : ['名M', '名証メイン']
2026-05-29 10:59:15,190 [SKIP] len error : ['名N', '名証ネクスト']
2026-05-29 10:59:15,190 [SKIP] len error : ['名Ｅ', '名証ETF']
2026-05-29 10:59:15,190 [SKIP] len error : ['札Ａ', '札証アンビシャス']
2026-05-29 10:59:15,190 [SKIP] len error : ['福Ｑ', '福証Q-Board']
2026-05-29 10:59:15,190 [SKIP] len error : ['①', '高い', '1,000回以上', '13.9%']
2026-05-29 10:59:15,190 [SKIP] len error : ['②', 'やや高い', '400回〜1,000回', '18.5%']
2026-05-29 10:59:15,190 [SKIP] len error : ['③', '中位', '50回〜400回', '39.0%']
2026-05-29 10:59:15,190 [SKIP] len error : ['④', 'やや低い', '10回〜50回', '17.6%']
2026-05-29 10:59:15,190 [SKIP] len error : ['⑤', '低い', '10回未満', '11.0%']
2026-05-29 10:59:15,190 3640件 / ?件中 19:59
2026-05-29 10:59:15,236 [TOTAL] None
2026-05-29 10:59:15,236 [COUNT] 3640
2026-05-29 10:59:16,677 [PAGE] 183
2026-05-29 10:59:16,978 [SKIP] len error : ['東P', '東証プライム']
2026-05-29 10:59:16,978 [SKIP] len error : ['東S', '東証スタンダード']
2026-05-29 10:59:16,978 [SKIP] len error : ['東G', '東証グロース']
2026-05-29 10:59:16,978 [SKIP] len error : ['東Ｅ', '東証ETF']
2026-05-29 10:59:16,978 [SKIP] len error : ['東EN', '東証ETN']
2026-05-29 10:59:16,979 [SKIP] len error : ['東Ｒ', '東証REIT']
2026-05-29 10:59:16,979 [SKIP] len error : ['東IF', '東証インフラファンド']
2026-05-29 10:59:16,979 [SKIP] len error : ['名Ｐ', '名証プレミア']
2026-05-29 10:59:16,979 [SKIP] len error : ['名M', '名証メイン']
2026-05-29 10:59:16,979 [SKIP] len error : ['名N', '名証ネクスト']
2026-05-29 10:59:16,979 [SKIP] len error : ['名Ｅ', '名証ETF']
2026-05-29 10:59:16,979 [SKIP] len error : ['札Ａ', '札証アンビシャス']
2026-05-29 10:59:16,979 [SKIP] len error : ['福Ｑ', '福証Q-Board']
2026-05-29 10:59:16,979 [SKIP] len error : ['①', '高い', '1,000回以上', '13.9%']
2026-05-29 10:59:16,979 [SKIP] len error : ['②', 'やや高い', '400回〜1,000回', '18.5%']
2026-05-29 10:59:16,979 [SKIP] len error : ['③', '中位', '50回〜400回', '39.0%']
2026-05-29 10:59:16,979 [SKIP] len error : ['④', 'やや低い', '10回〜50回', '17.6%']
2026-05-29 10:59:16,979 [SKIP] len error : ['⑤', '低い', '10回未満', '11.0%']
2026-05-29 10:59:16,979 3660件 / ?件中 19:59
2026-05-29 10:59:17,026 [TOTAL] None
2026-05-29 10:59:17,026 [COUNT] 3660
2026-05-29 10:59:17,639 [PAGE] 184
2026-05-29 10:59:17,939 [SKIP] len error : ['東P', '東証プライム']
2026-05-29 10:59:17,939 [SKIP] len error : ['東S', '東証スタンダード']
2026-05-29 10:59:17,939 [SKIP] len error : ['東G', '東証グロース']
2026-05-29 10:59:17,939 [SKIP] len error : ['東Ｅ', '東証ETF']
2026-05-29 10:59:17,939 [SKIP] len error : ['東EN', '東証ETN']
2026-05-29 10:59:17,939 [SKIP] len error : ['東Ｒ', '東証REIT']
2026-05-29 10:59:17,939 [SKIP] len error : ['東IF', '東証インフラファンド']
2026-05-29 10:59:17,939 [SKIP] len error : ['名Ｐ', '名証プレミア']
2026-05-29 10:59:17,939 [SKIP] len error : ['名M', '名証メイン']
2026-05-29 10:59:17,939 [SKIP] len error : ['名N', '名証ネクスト']
2026-05-29 10:59:17,939 [SKIP] len error : ['名Ｅ', '名証ETF']
2026-05-29 10:59:17,939 [SKIP] len error : ['札Ａ', '札証アンビシャス']
2026-05-29 10:59:17,939 [SKIP] len error : ['福Ｑ', '福証Q-Board']
2026-05-29 10:59:17,939 [SKIP] len error : ['①', '高い', '1,000回以上', '13.9%']
2026-05-29 10:59:17,939 [SKIP] len error : ['②', 'やや高い', '400回〜1,000回', '18.5%']
2026-05-29 10:59:17,940 [SKIP] len error : ['③', '中位', '50回〜400回', '39.0%']
2026-05-29 10:59:17,940 [SKIP] len error : ['④', 'やや低い', '10回〜50回', '17.6%']
2026-05-29 10:59:17,940 [SKIP] len error : ['⑤', '低い', '10回未満', '11.0%']
2026-05-29 10:59:17,940 3680件 / ?件中 19:59
2026-05-29 10:59:17,985 [TOTAL] None
2026-05-29 10:59:17,986 [COUNT] 3680
2026-05-29 10:59:19,015 [PAGE] 185
2026-05-29 10:59:19,332 [SKIP] len error : ['東P', '東証プライム']
2026-05-29 10:59:19,333 [SKIP] len error : ['東S', '東証スタンダード']
2026-05-29 10:59:19,333 [SKIP] len error : ['東G', '東証グロース']
2026-05-29 10:59:19,333 [SKIP] len error : ['東Ｅ', '東証ETF']
2026-05-29 10:59:19,333 [SKIP] len error : ['東EN', '東証ETN']
2026-05-29 10:59:19,333 [SKIP] len error : ['東Ｒ', '東証REIT']
2026-05-29 10:59:19,333 [SKIP] len error : ['東IF', '東証インフラファンド']
2026-05-29 10:59:19,333 [SKIP] len error : ['名Ｐ', '名証プレミア']
2026-05-29 10:59:19,333 [SKIP] len error : ['名M', '名証メイン']
2026-05-29 10:59:19,333 [SKIP] len error : ['名N', '名証ネクスト']
2026-05-29 10:59:19,333 [SKIP] len error : ['名Ｅ', '名証ETF']
2026-05-29 10:59:19,333 [SKIP] len error : ['札Ａ', '札証アンビシャス']
2026-05-29 10:59:19,333 [SKIP] len error : ['福Ｑ', '福証Q-Board']
2026-05-29 10:59:19,333 [SKIP] len error : ['①', '高い', '1,000回以上', '13.9%']
2026-05-29 10:59:19,333 [SKIP] len error : ['②', 'やや高い', '400回〜1,000回', '18.5%']
2026-05-29 10:59:19,333 [SKIP] len error : ['③', '中位', '50回〜400回', '39.0%']
2026-05-29 10:59:19,333 [SKIP] len error : ['④', 'やや低い', '10回〜50回', '17.6%']
2026-05-29 10:59:19,333 [SKIP] len error : ['⑤', '低い', '10回未満', '11.0%']
2026-05-29 10:59:19,333 3700件 / ?件中 19:59
2026-05-29 10:59:19,379 [TOTAL] None
2026-05-29 10:59:19,379 [COUNT] 3700
2026-05-29 10:59:20,800 [PAGE] 186
2026-05-29 10:59:21,100 [SKIP] len error : ['東P', '東証プライム']
2026-05-29 10:59:21,101 [SKIP] len error : ['東S', '東証スタンダード']
2026-05-29 10:59:21,101 [SKIP] len error : ['東G', '東証グロース']
2026-05-29 10:59:21,101 [SKIP] len error : ['東Ｅ', '東証ETF']
2026-05-29 10:59:21,101 [SKIP] len error : ['東EN', '東証ETN']
2026-05-29 10:59:21,101 [SKIP] len error : ['東Ｒ', '東証REIT']
2026-05-29 10:59:21,101 [SKIP] len error : ['東IF', '東証インフラファンド']
2026-05-29 10:59:21,101 [SKIP] len error : ['名Ｐ', '名証プレミア']
2026-05-29 10:59:21,101 [SKIP] len error : ['名M', '名証メイン']
2026-05-29 10:59:21,101 [SKIP] len error : ['名N', '名証ネクスト']
2026-05-29 10:59:21,101 [SKIP] len error : ['名Ｅ', '名証ETF']
2026-05-29 10:59:21,101 [SKIP] len error : ['札Ａ', '札証アンビシャス']
2026-05-29 10:59:21,101 [SKIP] len error : ['福Ｑ', '福証Q-Board']
2026-05-29 10:59:21,101 [SKIP] len error : ['①', '高い', '1,000回以上', '13.9%']
2026-05-29 10:59:21,101 [SKIP] len error : ['②', 'やや高い', '400回〜1,000回', '18.5%']
2026-05-29 10:59:21,101 [SKIP] len error : ['③', '中位', '50回〜400回', '39.0%']
2026-05-29 10:59:21,101 [SKIP] len error : ['④', 'やや低い', '10回〜50回', '17.6%']
2026-05-29 10:59:21,101 [SKIP] len error : ['⑤', '低い', '10回未満', '11.0%']
2026-05-29 10:59:21,101 3720件 / ?件中 19:59
2026-05-29 10:59:21,186 [TOTAL] None
2026-05-29 10:59:21,186 [COUNT] 3720
2026-05-29 10:59:21,929 [PAGE] 187
2026-05-29 10:59:22,238 [SKIP] len error : ['東P', '東証プライム']
2026-05-29 10:59:22,238 [SKIP] len error : ['東S', '東証スタンダード']
2026-05-29 10:59:22,238 [SKIP] len error : ['東G', '東証グロース']
2026-05-29 10:59:22,238 [SKIP] len error : ['東Ｅ', '東証ETF']
2026-05-29 10:59:22,238 [SKIP] len error : ['東EN', '東証ETN']
2026-05-29 10:59:22,238 [SKIP] len error : ['東Ｒ', '東証REIT']
2026-05-29 10:59:22,238 [SKIP] len error : ['東IF', '東証インフラファンド']
2026-05-29 10:59:22,238 [SKIP] len error : ['名Ｐ', '名証プレミア']
2026-05-29 10:59:22,238 [SKIP] len error : ['名M', '名証メイン']
2026-05-29 10:59:22,238 [SKIP] len error : ['名N', '名証ネクスト']
2026-05-29 10:59:22,238 [SKIP] len error : ['名Ｅ', '名証ETF']
2026-05-29 10:59:22,238 [SKIP] len error : ['札Ａ', '札証アンビシャス']
2026-05-29 10:59:22,238 [SKIP] len error : ['福Ｑ', '福証Q-Board']
2026-05-29 10:59:22,238 [SKIP] len error : ['①', '高い', '1,000回以上', '13.9%']
2026-05-29 10:59:22,238 [SKIP] len error : ['②', 'やや高い', '400回〜1,000回', '18.5%']
2026-05-29 10:59:22,239 [SKIP] len error : ['③', '中位', '50回〜400回', '39.0%']
2026-05-29 10:59:22,239 [SKIP] len error : ['④', 'やや低い', '10回〜50回', '17.6%']
2026-05-29 10:59:22,239 [SKIP] len error : ['⑤', '低い', '10回未満', '11.0%']
2026-05-29 10:59:22,239 3740件 / ?件中 19:59
2026-05-29 10:59:22,285 [TOTAL] None
2026-05-29 10:59:22,285 [COUNT] 3740
2026-05-29 10:59:22,848 [PAGE] 188
2026-05-29 10:59:23,137 [SKIP] len error : ['東P', '東証プライム']
2026-05-29 10:59:23,137 [SKIP] len error : ['東S', '東証スタンダード']
2026-05-29 10:59:23,137 [SKIP] len error : ['東G', '東証グロース']
2026-05-29 10:59:23,137 [SKIP] len error : ['東Ｅ', '東証ETF']
2026-05-29 10:59:23,137 [SKIP] len error : ['東EN', '東証ETN']
2026-05-29 10:59:23,137 [SKIP] len error : ['東Ｒ', '東証REIT']
2026-05-29 10:59:23,137 [SKIP] len error : ['東IF', '東証インフラファンド']
2026-05-29 10:59:23,137 [SKIP] len error : ['名Ｐ', '名証プレミア']
2026-05-29 10:59:23,137 [SKIP] len error : ['名M', '名証メイン']
2026-05-29 10:59:23,137 [SKIP] len error : ['名N', '名証ネクスト']
2026-05-29 10:59:23,137 [SKIP] len error : ['名Ｅ', '名証ETF']
2026-05-29 10:59:23,137 [SKIP] len error : ['札Ａ', '札証アンビシャス']
2026-05-29 10:59:23,137 [SKIP] len error : ['福Ｑ', '福証Q-Board']
2026-05-29 10:59:23,137 [SKIP] len error : ['①', '高い', '1,000回以上', '13.9%']
2026-05-29 10:59:23,137 [SKIP] len error : ['②', 'やや高い', '400回〜1,000回', '18.5%']
2026-05-29 10:59:23,137 [SKIP] len error : ['③', '中位', '50回〜400回', '39.0%']
2026-05-29 10:59:23,137 [SKIP] len error : ['④', 'やや低い', '10回〜50回', '17.6%']
2026-05-29 10:59:23,137 [SKIP] len error : ['⑤', '低い', '10回未満', '11.0%']
2026-05-29 10:59:23,138 3760件 / ?件中 19:59
2026-05-29 10:59:23,184 [TOTAL] None
2026-05-29 10:59:23,184 [COUNT] 3760
2026-05-29 10:59:23,686 [PAGE] 189
2026-05-29 10:59:24,008 [SKIP] len error : ['東P', '東証プライム']
2026-05-29 10:59:24,008 [SKIP] len error : ['東S', '東証スタンダード']
2026-05-29 10:59:24,008 [SKIP] len error : ['東G', '東証グロース']
2026-05-29 10:59:24,008 [SKIP] len error : ['東Ｅ', '東証ETF']
2026-05-29 10:59:24,008 [SKIP] len error : ['東EN', '東証ETN']
2026-05-29 10:59:24,008 [SKIP] len error : ['東Ｒ', '東証REIT']
2026-05-29 10:59:24,008 [SKIP] len error : ['東IF', '東証インフラファンド']
2026-05-29 10:59:24,008 [SKIP] len error : ['名Ｐ', '名証プレミア']
2026-05-29 10:59:24,008 [SKIP] len error : ['名M', '名証メイン']
2026-05-29 10:59:24,008 [SKIP] len error : ['名N', '名証ネクスト']
2026-05-29 10:59:24,008 [SKIP] len error : ['名Ｅ', '名証ETF']
2026-05-29 10:59:24,008 [SKIP] len error : ['札Ａ', '札証アンビシャス']
2026-05-29 10:59:24,008 [SKIP] len error : ['福Ｑ', '福証Q-Board']
2026-05-29 10:59:24,008 [SKIP] len error : ['①', '高い', '1,000回以上', '13.9%']
2026-05-29 10:59:24,008 [SKIP] len error : ['②', 'やや高い', '400回〜1,000回', '18.5%']
2026-05-29 10:59:24,008 [SKIP] len error : ['③', '中位', '50回〜400回', '39.0%']
2026-05-29 10:59:24,008 [SKIP] len error : ['④', 'やや低い', '10回〜50回', '17.6%']
2026-05-29 10:59:24,008 [SKIP] len error : ['⑤', '低い', '10回未満', '11.0%']
2026-05-29 10:59:24,008 3780件 / ?件中 19:59
2026-05-29 10:59:24,055 [TOTAL] None
2026-05-29 10:59:24,055 [COUNT] 3780
2026-05-29 10:59:25,538 [PAGE] 190
2026-05-29 10:59:25,842 [SKIP] len error : ['東P', '東証プライム']
2026-05-29 10:59:25,842 [SKIP] len error : ['東S', '東証スタンダード']
2026-05-29 10:59:25,842 [SKIP] len error : ['東G', '東証グロース']
2026-05-29 10:59:25,842 [SKIP] len error : ['東Ｅ', '東証ETF']
2026-05-29 10:59:25,842 [SKIP] len error : ['東EN', '東証ETN']
2026-05-29 10:59:25,842 [SKIP] len error : ['東Ｒ', '東証REIT']
2026-05-29 10:59:25,842 [SKIP] len error : ['東IF', '東証インフラファンド']
2026-05-29 10:59:25,842 [SKIP] len error : ['名Ｐ', '名証プレミア']
2026-05-29 10:59:25,842 [SKIP] len error : ['名M', '名証メイン']
2026-05-29 10:59:25,842 [SKIP] len error : ['名N', '名証ネクスト']
2026-05-29 10:59:25,842 [SKIP] len error : ['名Ｅ', '名証ETF']
2026-05-29 10:59:25,842 [SKIP] len error : ['札Ａ', '札証アンビシャス']
2026-05-29 10:59:25,842 [SKIP] len error : ['福Ｑ', '福証Q-Board']
2026-05-29 10:59:25,842 [SKIP] len error : ['①', '高い', '1,000回以上', '13.9%']
2026-05-29 10:59:25,842 [SKIP] len error : ['②', 'やや高い', '400回〜1,000回', '18.5%']
2026-05-29 10:59:25,842 [SKIP] len error : ['③', '中位', '50回〜400回', '39.0%']
2026-05-29 10:59:25,842 [SKIP] len error : ['④', 'やや低い', '10回〜50回', '17.6%']
2026-05-29 10:59:25,842 [SKIP] len error : ['⑤', '低い', '10回未満', '11.0%']
2026-05-29 10:59:25,842 3800件 / ?件中 19:59
2026-05-29 10:59:25,889 [TOTAL] None
2026-05-29 10:59:25,889 [COUNT] 3800
2026-05-29 10:59:26,601 [PAGE] 191
2026-05-29 10:59:26,903 [SKIP] len error : ['東P', '東証プライム']
2026-05-29 10:59:26,903 [SKIP] len error : ['東S', '東証スタンダード']
2026-05-29 10:59:26,903 [SKIP] len error : ['東G', '東証グロース']
2026-05-29 10:59:26,903 [SKIP] len error : ['東Ｅ', '東証ETF']
2026-05-29 10:59:26,903 [SKIP] len error : ['東EN', '東証ETN']
2026-05-29 10:59:26,903 [SKIP] len error : ['東Ｒ', '東証REIT']
2026-05-29 10:59:26,903 [SKIP] len error : ['東IF', '東証インフラファンド']
2026-05-29 10:59:26,903 [SKIP] len error : ['名Ｐ', '名証プレミア']
2026-05-29 10:59:26,903 [SKIP] len error : ['名M', '名証メイン']
2026-05-29 10:59:26,903 [SKIP] len error : ['名N', '名証ネクスト']
2026-05-29 10:59:26,903 [SKIP] len error : ['名Ｅ', '名証ETF']
2026-05-29 10:59:26,903 [SKIP] len error : ['札Ａ', '札証アンビシャス']
2026-05-29 10:59:26,903 [SKIP] len error : ['福Ｑ', '福証Q-Board']
2026-05-29 10:59:26,903 [SKIP] len error : ['①', '高い', '1,000回以上', '13.9%']
2026-05-29 10:59:26,903 [SKIP] len error : ['②', 'やや高い', '400回〜1,000回', '18.5%']
2026-05-29 10:59:26,903 [SKIP] len error : ['③', '中位', '50回〜400回', '39.0%']
2026-05-29 10:59:26,903 [SKIP] len error : ['④', 'やや低い', '10回〜50回', '17.6%']
2026-05-29 10:59:26,903 [SKIP] len error : ['⑤', '低い', '10回未満', '11.0%']
2026-05-29 10:59:26,903 3820件 / ?件中 19:59
2026-05-29 10:59:26,991 [TOTAL] None
2026-05-29 10:59:26,991 [COUNT] 3820
2026-05-29 10:59:27,629 [PAGE] 192
2026-05-29 10:59:27,977 [SKIP] len error : ['東P', '東証プライム']
2026-05-29 10:59:27,977 [SKIP] len error : ['東S', '東証スタンダード']
2026-05-29 10:59:27,977 [SKIP] len error : ['東G', '東証グロース']
2026-05-29 10:59:27,977 [SKIP] len error : ['東Ｅ', '東証ETF']
2026-05-29 10:59:27,977 [SKIP] len error : ['東EN', '東証ETN']
2026-05-29 10:59:27,977 [SKIP] len error : ['東Ｒ', '東証REIT']
2026-05-29 10:59:27,977 [SKIP] len error : ['東IF', '東証インフラファンド']
2026-05-29 10:59:27,977 [SKIP] len error : ['名Ｐ', '名証プレミア']
2026-05-29 10:59:27,977 [SKIP] len error : ['名M', '名証メイン']
2026-05-29 10:59:27,977 [SKIP] len error : ['名N', '名証ネクスト']
2026-05-29 10:59:27,977 [SKIP] len error : ['名Ｅ', '名証ETF']
2026-05-29 10:59:27,977 [SKIP] len error : ['札Ａ', '札証アンビシャス']
2026-05-29 10:59:27,977 [SKIP] len error : ['福Ｑ', '福証Q-Board']
2026-05-29 10:59:27,977 [SKIP] len error : ['①', '高い', '1,000回以上', '13.9%']
2026-05-29 10:59:27,977 [SKIP] len error : ['②', 'やや高い', '400回〜1,000回', '18.5%']
2026-05-29 10:59:27,978 [SKIP] len error : ['③', '中位', '50回〜400回', '39.0%']
2026-05-29 10:59:27,978 [SKIP] len error : ['④', 'やや低い', '10回〜50回', '17.6%']
2026-05-29 10:59:27,978 [SKIP] len error : ['⑤', '低い', '10回未満', '11.0%']
2026-05-29 10:59:27,978 3840件 / ?件中 19:59
2026-05-29 10:59:28,026 [TOTAL] None
2026-05-29 10:59:28,026 [COUNT] 3840
2026-05-29 10:59:28,928 [PAGE] 193
2026-05-29 10:59:29,215 [SKIP] len error : ['東P', '東証プライム']
2026-05-29 10:59:29,215 [SKIP] len error : ['東S', '東証スタンダード']
2026-05-29 10:59:29,215 [SKIP] len error : ['東G', '東証グロース']
2026-05-29 10:59:29,215 [SKIP] len error : ['東Ｅ', '東証ETF']
2026-05-29 10:59:29,215 [SKIP] len error : ['東EN', '東証ETN']
2026-05-29 10:59:29,215 [SKIP] len error : ['東Ｒ', '東証REIT']
2026-05-29 10:59:29,215 [SKIP] len error : ['東IF', '東証インフラファンド']
2026-05-29 10:59:29,215 [SKIP] len error : ['名Ｐ', '名証プレミア']
2026-05-29 10:59:29,215 [SKIP] len error : ['名M', '名証メイン']
2026-05-29 10:59:29,215 [SKIP] len error : ['名N', '名証ネクスト']
2026-05-29 10:59:29,215 [SKIP] len error : ['名Ｅ', '名証ETF']
2026-05-29 10:59:29,215 [SKIP] len error : ['札Ａ', '札証アンビシャス']
2026-05-29 10:59:29,215 [SKIP] len error : ['福Ｑ', '福証Q-Board']
2026-05-29 10:59:29,215 [SKIP] len error : ['①', '高い', '1,000回以上', '13.9%']
2026-05-29 10:59:29,215 [SKIP] len error : ['②', 'やや高い', '400回〜1,000回', '18.5%']
2026-05-29 10:59:29,215 [SKIP] len error : ['③', '中位', '50回〜400回', '39.0%']
2026-05-29 10:59:29,215 [SKIP] len error : ['④', 'やや低い', '10回〜50回', '17.6%']
2026-05-29 10:59:29,215 [SKIP] len error : ['⑤', '低い', '10回未満', '11.0%']
2026-05-29 10:59:29,215 3860件 / ?件中 19:59
2026-05-29 10:59:29,261 [TOTAL] None
2026-05-29 10:59:29,261 [COUNT] 3860
2026-05-29 10:59:30,428 [PAGE] 194
2026-05-29 10:59:30,729 [SKIP] len error : ['東P', '東証プライム']
2026-05-29 10:59:30,729 [SKIP] len error : ['東S', '東証スタンダード']
2026-05-29 10:59:30,729 [SKIP] len error : ['東G', '東証グロース']
2026-05-29 10:59:30,729 [SKIP] len error : ['東Ｅ', '東証ETF']
2026-05-29 10:59:30,729 [SKIP] len error : ['東EN', '東証ETN']
2026-05-29 10:59:30,729 [SKIP] len error : ['東Ｒ', '東証REIT']
2026-05-29 10:59:30,729 [SKIP] len error : ['東IF', '東証インフラファンド']
2026-05-29 10:59:30,729 [SKIP] len error : ['名Ｐ', '名証プレミア']
2026-05-29 10:59:30,729 [SKIP] len error : ['名M', '名証メイン']
2026-05-29 10:59:30,730 [SKIP] len error : ['名N', '名証ネクスト']
2026-05-29 10:59:30,730 [SKIP] len error : ['名Ｅ', '名証ETF']
2026-05-29 10:59:30,730 [SKIP] len error : ['札Ａ', '札証アンビシャス']
2026-05-29 10:59:30,730 [SKIP] len error : ['福Ｑ', '福証Q-Board']
2026-05-29 10:59:30,730 [SKIP] len error : ['①', '高い', '1,000回以上', '13.9%']
2026-05-29 10:59:30,730 [SKIP] len error : ['②', 'やや高い', '400回〜1,000回', '18.5%']
2026-05-29 10:59:30,730 [SKIP] len error : ['③', '中位', '50回〜400回', '39.0%']
2026-05-29 10:59:30,730 [SKIP] len error : ['④', 'やや低い', '10回〜50回', '17.6%']
2026-05-29 10:59:30,730 [SKIP] len error : ['⑤', '低い', '10回未満', '11.0%']
2026-05-29 10:59:30,730 3880件 / ?件中 19:59
2026-05-29 10:59:30,776 [TOTAL] None
2026-05-29 10:59:30,776 [COUNT] 3880
2026-05-29 10:59:31,364 [PAGE] 195
2026-05-29 10:59:31,703 [SKIP] len error : ['東P', '東証プライム']
2026-05-29 10:59:31,703 [SKIP] len error : ['東S', '東証スタンダード']
2026-05-29 10:59:31,703 [SKIP] len error : ['東G', '東証グロース']
2026-05-29 10:59:31,703 [SKIP] len error : ['東Ｅ', '東証ETF']
2026-05-29 10:59:31,703 [SKIP] len error : ['東EN', '東証ETN']
2026-05-29 10:59:31,703 [SKIP] len error : ['東Ｒ', '東証REIT']
2026-05-29 10:59:31,703 [SKIP] len error : ['東IF', '東証インフラファンド']
2026-05-29 10:59:31,703 [SKIP] len error : ['名Ｐ', '名証プレミア']
2026-05-29 10:59:31,703 [SKIP] len error : ['名M', '名証メイン']
2026-05-29 10:59:31,703 [SKIP] len error : ['名N', '名証ネクスト']
2026-05-29 10:59:31,703 [SKIP] len error : ['名Ｅ', '名証ETF']
2026-05-29 10:59:31,703 [SKIP] len error : ['札Ａ', '札証アンビシャス']
2026-05-29 10:59:31,703 [SKIP] len error : ['福Ｑ', '福証Q-Board']
2026-05-29 10:59:31,703 [SKIP] len error : ['①', '高い', '1,000回以上', '13.9%']
2026-05-29 10:59:31,703 [SKIP] len error : ['②', 'やや高い', '400回〜1,000回', '18.5%']
2026-05-29 10:59:31,703 [SKIP] len error : ['③', '中位', '50回〜400回', '39.0%']
2026-05-29 10:59:31,703 [SKIP] len error : ['④', 'やや低い', '10回〜50回', '17.6%']
2026-05-29 10:59:31,703 [SKIP] len error : ['⑤', '低い', '10回未満', '11.0%']
2026-05-29 10:59:31,703 3900件 / ?件中 19:59
2026-05-29 10:59:31,749 [TOTAL] None
2026-05-29 10:59:31,750 [COUNT] 3900
2026-05-29 10:59:32,615 [PAGE] 196
2026-05-29 10:59:32,967 [SKIP] len error : ['東P', '東証プライム']
2026-05-29 10:59:32,967 [SKIP] len error : ['東S', '東証スタンダード']
2026-05-29 10:59:32,967 [SKIP] len error : ['東G', '東証グロース']
2026-05-29 10:59:32,967 [SKIP] len error : ['東Ｅ', '東証ETF']
2026-05-29 10:59:32,967 [SKIP] len error : ['東EN', '東証ETN']
2026-05-29 10:59:32,967 [SKIP] len error : ['東Ｒ', '東証REIT']
2026-05-29 10:59:32,967 [SKIP] len error : ['東IF', '東証インフラファンド']
2026-05-29 10:59:32,967 [SKIP] len error : ['名Ｐ', '名証プレミア']
2026-05-29 10:59:32,967 [SKIP] len error : ['名M', '名証メイン']
2026-05-29 10:59:32,967 [SKIP] len error : ['名N', '名証ネクスト']
2026-05-29 10:59:32,967 [SKIP] len error : ['名Ｅ', '名証ETF']
2026-05-29 10:59:32,967 [SKIP] len error : ['札Ａ', '札証アンビシャス']
2026-05-29 10:59:32,968 [SKIP] len error : ['福Ｑ', '福証Q-Board']
2026-05-29 10:59:32,968 [SKIP] len error : ['①', '高い', '1,000回以上', '13.9%']
2026-05-29 10:59:32,968 [SKIP] len error : ['②', 'やや高い', '400回〜1,000回', '18.5%']
2026-05-29 10:59:32,968 [SKIP] len error : ['③', '中位', '50回〜400回', '39.0%']
2026-05-29 10:59:32,968 [SKIP] len error : ['④', 'やや低い', '10回〜50回', '17.6%']
2026-05-29 10:59:32,968 [SKIP] len error : ['⑤', '低い', '10回未満', '11.0%']
2026-05-29 10:59:32,968 3920件 / ?件中 19:59
2026-05-29 10:59:33,013 [TOTAL] None
2026-05-29 10:59:33,013 [COUNT] 3920
2026-05-29 10:59:33,954 [PAGE] 197
2026-05-29 10:59:34,269 [SKIP] len error : ['東P', '東証プライム']
2026-05-29 10:59:34,269 [SKIP] len error : ['東S', '東証スタンダード']
2026-05-29 10:59:34,269 [SKIP] len error : ['東G', '東証グロース']
2026-05-29 10:59:34,270 [SKIP] len error : ['東Ｅ', '東証ETF']
2026-05-29 10:59:34,270 [SKIP] len error : ['東EN', '東証ETN']
2026-05-29 10:59:34,270 [SKIP] len error : ['東Ｒ', '東証REIT']
2026-05-29 10:59:34,270 [SKIP] len error : ['東IF', '東証インフラファンド']
2026-05-29 10:59:34,270 [SKIP] len error : ['名Ｐ', '名証プレミア']
2026-05-29 10:59:34,270 [SKIP] len error : ['名M', '名証メイン']
2026-05-29 10:59:34,270 [SKIP] len error : ['名N', '名証ネクスト']
2026-05-29 10:59:34,270 [SKIP] len error : ['名Ｅ', '名証ETF']
2026-05-29 10:59:34,270 [SKIP] len error : ['札Ａ', '札証アンビシャス']
2026-05-29 10:59:34,270 [SKIP] len error : ['福Ｑ', '福証Q-Board']
2026-05-29 10:59:34,270 [SKIP] len error : ['①', '高い', '1,000回以上', '13.9%']
2026-05-29 10:59:34,270 [SKIP] len error : ['②', 'やや高い', '400回〜1,000回', '18.5%']
2026-05-29 10:59:34,270 [SKIP] len error : ['③', '中位', '50回〜400回', '39.0%']
2026-05-29 10:59:34,270 [SKIP] len error : ['④', 'やや低い', '10回〜50回', '17.6%']
2026-05-29 10:59:34,270 [SKIP] len error : ['⑤', '低い', '10回未満', '11.0%']
2026-05-29 10:59:34,270 3940件 / ?件中 19:59
2026-05-29 10:59:34,317 [TOTAL] None
2026-05-29 10:59:34,317 [COUNT] 3940
2026-05-29 10:59:35,347 [PAGE] 198
2026-05-29 10:59:35,648 [SKIP] len error : ['東P', '東証プライム']
2026-05-29 10:59:35,648 [SKIP] len error : ['東S', '東証スタンダード']
2026-05-29 10:59:35,649 [SKIP] len error : ['東G', '東証グロース']
2026-05-29 10:59:35,649 [SKIP] len error : ['東Ｅ', '東証ETF']
2026-05-29 10:59:35,649 [SKIP] len error : ['東EN', '東証ETN']
2026-05-29 10:59:35,649 [SKIP] len error : ['東Ｒ', '東証REIT']
2026-05-29 10:59:35,649 [SKIP] len error : ['東IF', '東証インフラファンド']
2026-05-29 10:59:35,649 [SKIP] len error : ['名Ｐ', '名証プレミア']
2026-05-29 10:59:35,649 [SKIP] len error : ['名M', '名証メイン']
2026-05-29 10:59:35,649 [SKIP] len error : ['名N', '名証ネクスト']
2026-05-29 10:59:35,649 [SKIP] len error : ['名Ｅ', '名証ETF']
2026-05-29 10:59:35,649 [SKIP] len error : ['札Ａ', '札証アンビシャス']
2026-05-29 10:59:35,649 [SKIP] len error : ['福Ｑ', '福証Q-Board']
2026-05-29 10:59:35,649 [SKIP] len error : ['①', '高い', '1,000回以上', '13.9%']
2026-05-29 10:59:35,649 [SKIP] len error : ['②', 'やや高い', '400回〜1,000回', '18.5%']
2026-05-29 10:59:35,649 [SKIP] len error : ['③', '中位', '50回〜400回', '39.0%']
2026-05-29 10:59:35,649 [SKIP] len error : ['④', 'やや低い', '10回〜50回', '17.6%']
2026-05-29 10:59:35,649 [SKIP] len error : ['⑤', '低い', '10回未満', '11.0%']
2026-05-29 10:59:35,649 3960件 / ?件中 19:59
2026-05-29 10:59:35,696 [TOTAL] None
2026-05-29 10:59:35,696 [COUNT] 3960
2026-05-29 10:59:36,970 [PAGE] 199
2026-05-29 10:59:37,307 [SKIP] len error : ['東P', '東証プライム']
2026-05-29 10:59:37,307 [SKIP] len error : ['東S', '東証スタンダード']
2026-05-29 10:59:37,307 [SKIP] len error : ['東G', '東証グロース']
2026-05-29 10:59:37,308 [SKIP] len error : ['東Ｅ', '東証ETF']
2026-05-29 10:59:37,308 [SKIP] len error : ['東EN', '東証ETN']
2026-05-29 10:59:37,308 [SKIP] len error : ['東Ｒ', '東証REIT']
2026-05-29 10:59:37,308 [SKIP] len error : ['東IF', '東証インフラファンド']
2026-05-29 10:59:37,308 [SKIP] len error : ['名Ｐ', '名証プレミア']
2026-05-29 10:59:37,308 [SKIP] len error : ['名M', '名証メイン']
2026-05-29 10:59:37,308 [SKIP] len error : ['名N', '名証ネクスト']
2026-05-29 10:59:37,308 [SKIP] len error : ['名Ｅ', '名証ETF']
2026-05-29 10:59:37,308 [SKIP] len error : ['札Ａ', '札証アンビシャス']
2026-05-29 10:59:37,308 [SKIP] len error : ['福Ｑ', '福証Q-Board']
2026-05-29 10:59:37,308 [SKIP] len error : ['①', '高い', '1,000回以上', '13.9%']
2026-05-29 10:59:37,308 [SKIP] len error : ['②', 'やや高い', '400回〜1,000回', '18.5%']
2026-05-29 10:59:37,308 [SKIP] len error : ['③', '中位', '50回〜400回', '39.0%']
2026-05-29 10:59:37,308 [SKIP] len error : ['④', 'やや低い', '10回〜50回', '17.6%']
2026-05-29 10:59:37,308 [SKIP] len error : ['⑤', '低い', '10回未満', '11.0%']
2026-05-29 10:59:37,308 3980件 / ?件中 19:59
2026-05-29 10:59:37,354 [TOTAL] None
2026-05-29 10:59:37,354 [COUNT] 3980
2026-05-29 10:59:38,487 [PAGE] 200
2026-05-29 10:59:38,789 [SKIP] len error : ['東P', '東証プライム']
2026-05-29 10:59:38,789 [SKIP] len error : ['東S', '東証スタンダード']
2026-05-29 10:59:38,789 [SKIP] len error : ['東G', '東証グロース']
2026-05-29 10:59:38,789 [SKIP] len error : ['東Ｅ', '東証ETF']
2026-05-29 10:59:38,789 [SKIP] len error : ['東EN', '東証ETN']
2026-05-29 10:59:38,789 [SKIP] len error : ['東Ｒ', '東証REIT']
2026-05-29 10:59:38,789 [SKIP] len error : ['東IF', '東証インフラファンド']
2026-05-29 10:59:38,789 [SKIP] len error : ['名Ｐ', '名証プレミア']
2026-05-29 10:59:38,789 [SKIP] len error : ['名M', '名証メイン']
2026-05-29 10:59:38,789 [SKIP] len error : ['名N', '名証ネクスト']
2026-05-29 10:59:38,789 [SKIP] len error : ['名Ｅ', '名証ETF']
2026-05-29 10:59:38,789 [SKIP] len error : ['札Ａ', '札証アンビシャス']
2026-05-29 10:59:38,789 [SKIP] len error : ['福Ｑ', '福証Q-Board']
2026-05-29 10:59:38,789 [SKIP] len error : ['①', '高い', '1,000回以上', '13.9%']
2026-05-29 10:59:38,789 [SKIP] len error : ['②', 'やや高い', '400回〜1,000回', '18.5%']
2026-05-29 10:59:38,789 [SKIP] len error : ['③', '中位', '50回〜400回', '39.0%']
2026-05-29 10:59:38,789 [SKIP] len error : ['④', 'やや低い', '10回〜50回', '17.6%']
2026-05-29 10:59:38,789 [SKIP] len error : ['⑤', '低い', '10回未満', '11.0%']
2026-05-29 10:59:38,790 4000件 / ?件中 19:59
2026-05-29 10:59:38,836 [TOTAL] None
2026-05-29 10:59:38,836 [COUNT] 4000
2026-05-29 10:59:40,278 [SLEEP] 2000件到達 -> 168秒休憩
2026-05-29 11:02:28,278 [PAGE] 201
2026-05-29 11:02:29,129 [SKIP] len error : ['東P', '東証プライム']
2026-05-29 11:02:29,129 [SKIP] len error : ['東S', '東証スタンダード']
2026-05-29 11:02:29,129 [SKIP] len error : ['東G', '東証グロース']
2026-05-29 11:02:29,129 [SKIP] len error : ['東Ｅ', '東証ETF']
2026-05-29 11:02:29,129 [SKIP] len error : ['東EN', '東証ETN']
2026-05-29 11:02:29,129 [SKIP] len error : ['東Ｒ', '東証REIT']
2026-05-29 11:02:29,129 [SKIP] len error : ['東IF', '東証インフラファンド']
2026-05-29 11:02:29,129 [SKIP] len error : ['名Ｐ', '名証プレミア']
2026-05-29 11:02:29,129 [SKIP] len error : ['名M', '名証メイン']
2026-05-29 11:02:29,129 [SKIP] len error : ['名N', '名証ネクスト']
2026-05-29 11:02:29,129 [SKIP] len error : ['名Ｅ', '名証ETF']
2026-05-29 11:02:29,129 [SKIP] len error : ['札Ａ', '札証アンビシャス']
2026-05-29 11:02:29,129 [SKIP] len error : ['福Ｑ', '福証Q-Board']
2026-05-29 11:02:29,129 [SKIP] len error : ['①', '高い', '1,000回以上', '13.9%']
2026-05-29 11:02:29,130 [SKIP] len error : ['②', 'やや高い', '400回〜1,000回', '18.5%']
2026-05-29 11:02:29,130 [SKIP] len error : ['③', '中位', '50回〜400回', '39.0%']
2026-05-29 11:02:29,130 [SKIP] len error : ['④', 'やや低い', '10回〜50回', '17.6%']
2026-05-29 11:02:29,130 [SKIP] len error : ['⑤', '低い', '10回未満', '11.0%']
2026-05-29 11:02:29,130 4020件 / ?件中 20:02
2026-05-29 11:02:29,176 [TOTAL] None
2026-05-29 11:02:29,176 [COUNT] 4020
2026-05-29 11:02:29,716 [PAGE] 202
2026-05-29 11:02:30,050 [SKIP] len error : ['東P', '東証プライム']
2026-05-29 11:02:30,050 [SKIP] len error : ['東S', '東証スタンダード']
2026-05-29 11:02:30,050 [SKIP] len error : ['東G', '東証グロース']
2026-05-29 11:02:30,050 [SKIP] len error : ['東Ｅ', '東証ETF']
2026-05-29 11:02:30,050 [SKIP] len error : ['東EN', '東証ETN']
2026-05-29 11:02:30,050 [SKIP] len error : ['東Ｒ', '東証REIT']
2026-05-29 11:02:30,050 [SKIP] len error : ['東IF', '東証インフラファンド']
2026-05-29 11:02:30,050 [SKIP] len error : ['名Ｐ', '名証プレミア']
2026-05-29 11:02:30,050 [SKIP] len error : ['名M', '名証メイン']
2026-05-29 11:02:30,050 [SKIP] len error : ['名N', '名証ネクスト']
2026-05-29 11:02:30,050 [SKIP] len error : ['名Ｅ', '名証ETF']
2026-05-29 11:02:30,050 [SKIP] len error : ['札Ａ', '札証アンビシャス']
2026-05-29 11:02:30,050 [SKIP] len error : ['福Ｑ', '福証Q-Board']
2026-05-29 11:02:30,050 [SKIP] len error : ['①', '高い', '1,000回以上', '13.9%']
2026-05-29 11:02:30,050 [SKIP] len error : ['②', 'やや高い', '400回〜1,000回', '18.5%']
2026-05-29 11:02:30,050 [SKIP] len error : ['③', '中位', '50回〜400回', '39.0%']
2026-05-29 11:02:30,050 [SKIP] len error : ['④', 'やや低い', '10回〜50回', '17.6%']
2026-05-29 11:02:30,050 [SKIP] len error : ['⑤', '低い', '10回未満', '11.0%']
2026-05-29 11:02:30,050 4040件 / ?件中 20:02
2026-05-29 11:02:30,097 [TOTAL] None
2026-05-29 11:02:30,097 [COUNT] 4040
2026-05-29 11:02:31,461 [PAGE] 203
2026-05-29 11:02:31,753 [SKIP] len error : ['東P', '東証プライム']
2026-05-29 11:02:31,754 [SKIP] len error : ['東S', '東証スタンダード']
2026-05-29 11:02:31,754 [SKIP] len error : ['東G', '東証グロース']
2026-05-29 11:02:31,754 [SKIP] len error : ['東Ｅ', '東証ETF']
2026-05-29 11:02:31,754 [SKIP] len error : ['東EN', '東証ETN']
2026-05-29 11:02:31,754 [SKIP] len error : ['東Ｒ', '東証REIT']
2026-05-29 11:02:31,754 [SKIP] len error : ['東IF', '東証インフラファンド']
2026-05-29 11:02:31,754 [SKIP] len error : ['名Ｐ', '名証プレミア']
2026-05-29 11:02:31,754 [SKIP] len error : ['名M', '名証メイン']
2026-05-29 11:02:31,754 [SKIP] len error : ['名N', '名証ネクスト']
2026-05-29 11:02:31,754 [SKIP] len error : ['名Ｅ', '名証ETF']
2026-05-29 11:02:31,754 [SKIP] len error : ['札Ａ', '札証アンビシャス']
2026-05-29 11:02:31,754 [SKIP] len error : ['福Ｑ', '福証Q-Board']
2026-05-29 11:02:31,754 [SKIP] len error : ['①', '高い', '1,000回以上', '13.9%']
2026-05-29 11:02:31,754 [SKIP] len error : ['②', 'やや高い', '400回〜1,000回', '18.5%']
2026-05-29 11:02:31,754 [SKIP] len error : ['③', '中位', '50回〜400回', '39.0%']
2026-05-29 11:02:31,754 [SKIP] len error : ['④', 'やや低い', '10回〜50回', '17.6%']
2026-05-29 11:02:31,754 [SKIP] len error : ['⑤', '低い', '10回未満', '11.0%']
2026-05-29 11:02:31,754 4060件 / ?件中 20:02
2026-05-29 11:02:31,801 [TOTAL] None
2026-05-29 11:02:31,801 [COUNT] 4060
2026-05-29 11:02:33,190 [PAGE] 204
2026-05-29 11:02:33,491 [SKIP] len error : ['東P', '東証プライム']
2026-05-29 11:02:33,491 [SKIP] len error : ['東S', '東証スタンダード']
2026-05-29 11:02:33,491 [SKIP] len error : ['東G', '東証グロース']
2026-05-29 11:02:33,491 [SKIP] len error : ['東Ｅ', '東証ETF']
2026-05-29 11:02:33,491 [SKIP] len error : ['東EN', '東証ETN']
2026-05-29 11:02:33,491 [SKIP] len error : ['東Ｒ', '東証REIT']
2026-05-29 11:02:33,491 [SKIP] len error : ['東IF', '東証インフラファンド']
2026-05-29 11:02:33,491 [SKIP] len error : ['名Ｐ', '名証プレミア']
2026-05-29 11:02:33,491 [SKIP] len error : ['名M', '名証メイン']
2026-05-29 11:02:33,491 [SKIP] len error : ['名N', '名証ネクスト']
2026-05-29 11:02:33,491 [SKIP] len error : ['名Ｅ', '名証ETF']
2026-05-29 11:02:33,491 [SKIP] len error : ['札Ａ', '札証アンビシャス']
2026-05-29 11:02:33,491 [SKIP] len error : ['福Ｑ', '福証Q-Board']
2026-05-29 11:02:33,491 [SKIP] len error : ['①', '高い', '1,000回以上', '13.9%']
2026-05-29 11:02:33,491 [SKIP] len error : ['②', 'やや高い', '400回〜1,000回', '18.5%']
2026-05-29 11:02:33,491 [SKIP] len error : ['③', '中位', '50回〜400回', '39.0%']
2026-05-29 11:02:33,491 [SKIP] len error : ['④', 'やや低い', '10回〜50回', '17.6%']
2026-05-29 11:02:33,491 [SKIP] len error : ['⑤', '低い', '10回未満', '11.0%']
2026-05-29 11:02:33,491 4080件 / ?件中 20:02
2026-05-29 11:02:33,537 [TOTAL] None
2026-05-29 11:02:33,537 [COUNT] 4080
2026-05-29 11:02:34,715 [PAGE] 205
2026-05-29 11:02:35,034 [SKIP] len error : ['東P', '東証プライム']
2026-05-29 11:02:35,034 [SKIP] len error : ['東S', '東証スタンダード']
2026-05-29 11:02:35,034 [SKIP] len error : ['東G', '東証グロース']
2026-05-29 11:02:35,034 [SKIP] len error : ['東Ｅ', '東証ETF']
2026-05-29 11:02:35,034 [SKIP] len error : ['東EN', '東証ETN']
2026-05-29 11:02:35,034 [SKIP] len error : ['東Ｒ', '東証REIT']
2026-05-29 11:02:35,034 [SKIP] len error : ['東IF', '東証インフラファンド']
2026-05-29 11:02:35,034 [SKIP] len error : ['名Ｐ', '名証プレミア']
2026-05-29 11:02:35,034 [SKIP] len error : ['名M', '名証メイン']
2026-05-29 11:02:35,034 [SKIP] len error : ['名N', '名証ネクスト']
2026-05-29 11:02:35,034 [SKIP] len error : ['名Ｅ', '名証ETF']
2026-05-29 11:02:35,034 [SKIP] len error : ['札Ａ', '札証アンビシャス']
2026-05-29 11:02:35,034 [SKIP] len error : ['福Ｑ', '福証Q-Board']
2026-05-29 11:02:35,034 [SKIP] len error : ['①', '高い', '1,000回以上', '13.9%']
2026-05-29 11:02:35,035 [SKIP] len error : ['②', 'やや高い', '400回〜1,000回', '18.5%']
2026-05-29 11:02:35,035 [SKIP] len error : ['③', '中位', '50回〜400回', '39.0%']
2026-05-29 11:02:35,035 [SKIP] len error : ['④', 'やや低い', '10回〜50回', '17.6%']
2026-05-29 11:02:35,035 [SKIP] len error : ['⑤', '低い', '10回未満', '11.0%']
2026-05-29 11:02:35,035 4100件 / ?件中 20:02
2026-05-29 11:02:35,122 [TOTAL] None
2026-05-29 11:02:35,122 [COUNT] 4100
2026-05-29 11:02:36,022 [PAGE] 206
2026-05-29 11:02:36,333 [SKIP] len error : ['東P', '東証プライム']
2026-05-29 11:02:36,333 [SKIP] len error : ['東S', '東証スタンダード']
2026-05-29 11:02:36,333 [SKIP] len error : ['東G', '東証グロース']
2026-05-29 11:02:36,333 [SKIP] len error : ['東Ｅ', '東証ETF']
2026-05-29 11:02:36,333 [SKIP] len error : ['東EN', '東証ETN']
2026-05-29 11:02:36,333 [SKIP] len error : ['東Ｒ', '東証REIT']
2026-05-29 11:02:36,333 [SKIP] len error : ['東IF', '東証インフラファンド']
2026-05-29 11:02:36,333 [SKIP] len error : ['名Ｐ', '名証プレミア']
2026-05-29 11:02:36,333 [SKIP] len error : ['名M', '名証メイン']
2026-05-29 11:02:36,333 [SKIP] len error : ['名N', '名証ネクスト']
2026-05-29 11:02:36,333 [SKIP] len error : ['名Ｅ', '名証ETF']
2026-05-29 11:02:36,333 [SKIP] len error : ['札Ａ', '札証アンビシャス']
2026-05-29 11:02:36,333 [SKIP] len error : ['福Ｑ', '福証Q-Board']
2026-05-29 11:02:36,333 [SKIP] len error : ['①', '高い', '1,000回以上', '13.9%']
2026-05-29 11:02:36,333 [SKIP] len error : ['②', 'やや高い', '400回〜1,000回', '18.5%']
2026-05-29 11:02:36,333 [SKIP] len error : ['③', '中位', '50回〜400回', '39.0%']
2026-05-29 11:02:36,333 [SKIP] len error : ['④', 'やや低い', '10回〜50回', '17.6%']
2026-05-29 11:02:36,333 [SKIP] len error : ['⑤', '低い', '10回未満', '11.0%']
2026-05-29 11:02:36,334 4120件 / ?件中 20:02
2026-05-29 11:02:36,380 [TOTAL] None
2026-05-29 11:02:36,380 [COUNT] 4120
2026-05-29 11:02:37,575 [PAGE] 207
2026-05-29 11:02:37,870 [SKIP] len error : ['東P', '東証プライム']
2026-05-29 11:02:37,870 [SKIP] len error : ['東S', '東証スタンダード']
2026-05-29 11:02:37,870 [SKIP] len error : ['東G', '東証グロース']
2026-05-29 11:02:37,870 [SKIP] len error : ['東Ｅ', '東証ETF']
2026-05-29 11:02:37,870 [SKIP] len error : ['東EN', '東証ETN']
2026-05-29 11:02:37,870 [SKIP] len error : ['東Ｒ', '東証REIT']
2026-05-29 11:02:37,870 [SKIP] len error : ['東IF', '東証インフラファンド']
2026-05-29 11:02:37,870 [SKIP] len error : ['名Ｐ', '名証プレミア']
2026-05-29 11:02:37,870 [SKIP] len error : ['名M', '名証メイン']
2026-05-29 11:02:37,870 [SKIP] len error : ['名N', '名証ネクスト']
2026-05-29 11:02:37,870 [SKIP] len error : ['名Ｅ', '名証ETF']
2026-05-29 11:02:37,870 [SKIP] len error : ['札Ａ', '札証アンビシャス']
2026-05-29 11:02:37,870 [SKIP] len error : ['福Ｑ', '福証Q-Board']
2026-05-29 11:02:37,870 [SKIP] len error : ['①', '高い', '1,000回以上', '13.9%']
2026-05-29 11:02:37,870 [SKIP] len error : ['②', 'やや高い', '400回〜1,000回', '18.5%']
2026-05-29 11:02:37,870 [SKIP] len error : ['③', '中位', '50回〜400回', '39.0%']
2026-05-29 11:02:37,870 [SKIP] len error : ['④', 'やや低い', '10回〜50回', '17.6%']
2026-05-29 11:02:37,871 [SKIP] len error : ['⑤', '低い', '10回未満', '11.0%']
2026-05-29 11:02:37,871 4129件 / ?件中 20:02
2026-05-29 11:02:37,907 [TOTAL] None
2026-05-29 11:02:37,907 [COUNT] 4129
2026-05-29 11:02:38,913 [PAGE] 208
2026-05-29 11:02:39,161 [SKIP] len error : ['東P', '東証プライム']
2026-05-29 11:02:39,161 [SKIP] len error : ['東S', '東証スタンダード']
2026-05-29 11:02:39,162 [SKIP] len error : ['東G', '東証グロース']
2026-05-29 11:02:39,162 [SKIP] len error : ['東Ｅ', '東証ETF']
2026-05-29 11:02:39,162 [SKIP] len error : ['東EN', '東証ETN']
2026-05-29 11:02:39,162 [SKIP] len error : ['東Ｒ', '東証REIT']
2026-05-29 11:02:39,162 [SKIP] len error : ['東IF', '東証インフラファンド']
2026-05-29 11:02:39,162 [SKIP] len error : ['名Ｐ', '名証プレミア']
2026-05-29 11:02:39,162 [SKIP] len error : ['名M', '名証メイン']
2026-05-29 11:02:39,162 [SKIP] len error : ['名N', '名証ネクスト']
2026-05-29 11:02:39,162 [SKIP] len error : ['名Ｅ', '名証ETF']
2026-05-29 11:02:39,162 [SKIP] len error : ['札Ａ', '札証アンビシャス']
2026-05-29 11:02:39,162 [SKIP] len error : ['福Ｑ', '福証Q-Board']
2026-05-29 11:02:39,162 [SKIP] len error : ['①', '高い', '1,000回以上', '13.9%']
2026-05-29 11:02:39,162 [SKIP] len error : ['②', 'やや高い', '400回〜1,000回', '18.5%']
2026-05-29 11:02:39,162 [SKIP] len error : ['③', '中位', '50回〜400回', '39.0%']
2026-05-29 11:02:39,162 [SKIP] len error : ['④', 'やや低い', '10回〜50回', '17.6%']
2026-05-29 11:02:39,162 [SKIP] len error : ['⑤', '低い', '10回未満', '11.0%']
2026-05-29 11:02:39,162 [STOP] no data
2026-05-29 11:02:39,171 ===== END 20:02 =====
2026-05-29 11:02:39,171 [FILE] output/trading_value_ranking_20260529.csv
2026-05-29 11:02:39,172 [ROWS] 4129
2026-05-29 11:02:39,172 [TIME] 10分
2026-05-30 14:48:23,964 start 2026/05/30 23:48
2026-05-30 14:48:23,964 ===== START 23:48 =====
2026-05-30 14:48:23,964 [PAGE] 1
2026-05-30 14:48:24,959 [SKIP] len error : ['東P', '東証プライム']
2026-05-30 14:48:24,959 [SKIP] len error : ['東S', '東証スタンダード']
2026-05-30 14:48:24,959 [SKIP] len error : ['東G', '東証グロース']
2026-05-30 14:48:24,959 [SKIP] len error : ['東Ｅ', '東証ETF']
2026-05-30 14:48:24,959 [SKIP] len error : ['東EN', '東証ETN']
2026-05-30 14:48:24,959 [SKIP] len error : ['東Ｒ', '東証REIT']
2026-05-30 14:48:24,959 [SKIP] len error : ['東IF', '東証インフラファンド']
2026-05-30 14:48:24,959 [SKIP] len error : ['名Ｐ', '名証プレミア']
2026-05-30 14:48:24,959 [SKIP] len error : ['名M', '名証メイン']
2026-05-30 14:48:24,959 [SKIP] len error : ['名N', '名証ネクスト']
2026-05-30 14:48:24,959 [SKIP] len error : ['名Ｅ', '名証ETF']
2026-05-30 14:48:24,959 [SKIP] len error : ['札Ａ', '札証アンビシャス']
2026-05-30 14:48:24,959 [SKIP] len error : ['福Ｑ', '福証Q-Board']
2026-05-30 14:48:24,959 [SKIP] len error : ['①', '高い', '1,000回以上', '13.9%']
2026-05-30 14:48:24,959 [SKIP] len error : ['②', 'やや高い', '400回〜1,000回', '18.5%']
2026-05-30 14:48:24,959 [SKIP] len error : ['③', '中位', '50回〜400回', '39.0%']
2026-05-30 14:48:24,959 [SKIP] len error : ['④', 'やや低い', '10回〜50回', '17.6%']
2026-05-30 14:48:24,959 [SKIP] len error : ['⑤', '低い', '10回未満', '11.0%']
2026-05-30 14:48:24,960 20件 / ?件中 23:48
2026-05-30 14:48:24,996 [TOTAL] None
2026-05-30 14:48:24,996 [COUNT] 20
2026-05-30 14:48:25,949 [PAGE] 2
2026-05-30 14:48:26,263 [SKIP] len error : ['東P', '東証プライム']
2026-05-30 14:48:26,263 [SKIP] len error : ['東S', '東証スタンダード']
2026-05-30 14:48:26,264 [SKIP] len error : ['東G', '東証グロース']
2026-05-30 14:48:26,264 [SKIP] len error : ['東Ｅ', '東証ETF']
2026-05-30 14:48:26,264 [SKIP] len error : ['東EN', '東証ETN']
2026-05-30 14:48:26,264 [SKIP] len error : ['東Ｒ', '東証REIT']
2026-05-30 14:48:26,264 [SKIP] len error : ['東IF', '東証インフラファンド']
2026-05-30 14:48:26,264 [SKIP] len error : ['名Ｐ', '名証プレミア']
2026-05-30 14:48:26,264 [SKIP] len error : ['名M', '名証メイン']
2026-05-30 14:48:26,264 [SKIP] len error : ['名N', '名証ネクスト']
2026-05-30 14:48:26,264 [SKIP] len error : ['名Ｅ', '名証ETF']
2026-05-30 14:48:26,264 [SKIP] len error : ['札Ａ', '札証アンビシャス']
2026-05-30 14:48:26,264 [SKIP] len error : ['福Ｑ', '福証Q-Board']
2026-05-30 14:48:26,264 [SKIP] len error : ['①', '高い', '1,000回以上', '13.9%']
2026-05-30 14:48:26,264 [SKIP] len error : ['②', 'やや高い', '400回〜1,000回', '18.5%']
2026-05-30 14:48:26,264 [SKIP] len error : ['③', '中位', '50回〜400回', '39.0%']
2026-05-30 14:48:26,264 [SKIP] len error : ['④', 'やや低い', '10回〜50回', '17.6%']
2026-05-30 14:48:26,264 [SKIP] len error : ['⑤', '低い', '10回未満', '11.0%']
2026-05-30 14:48:26,264 40件 / ?件中 23:48
2026-05-30 14:48:26,298 [TOTAL] None
2026-05-30 14:48:26,298 [COUNT] 40
2026-05-30 14:48:27,666 [PAGE] 3
2026-05-30 14:48:27,962 [SKIP] len error : ['東P', '東証プライム']
2026-05-30 14:48:27,962 [SKIP] len error : ['東S', '東証スタンダード']
2026-05-30 14:48:27,962 [SKIP] len error : ['東G', '東証グロース']
2026-05-30 14:48:27,962 [SKIP] len error : ['東Ｅ', '東証ETF']
2026-05-30 14:48:27,962 [SKIP] len error : ['東EN', '東証ETN']
2026-05-30 14:48:27,962 [SKIP] len error : ['東Ｒ', '東証REIT']
2026-05-30 14:48:27,962 [SKIP] len error : ['東IF', '東証インフラファンド']
2026-05-30 14:48:27,962 [SKIP] len error : ['名Ｐ', '名証プレミア']
2026-05-30 14:48:27,962 [SKIP] len error : ['名M', '名証メイン']
2026-05-30 14:48:27,962 [SKIP] len error : ['名N', '名証ネクスト']
2026-05-30 14:48:27,962 [SKIP] len error : ['名Ｅ', '名証ETF']
2026-05-30 14:48:27,963 [SKIP] len error : ['札Ａ', '札証アンビシャス']
2026-05-30 14:48:27,963 [SKIP] len error : ['福Ｑ', '福証Q-Board']
2026-05-30 14:48:27,963 [SKIP] len error : ['①', '高い', '1,000回以上', '13.9%']
2026-05-30 14:48:27,963 [SKIP] len error : ['②', 'やや高い', '400回〜1,000回', '18.5%']
2026-05-30 14:48:27,963 [SKIP] len error : ['③', '中位', '50回〜400回', '39.0%']
2026-05-30 14:48:27,963 [SKIP] len error : ['④', 'やや低い', '10回〜50回', '17.6%']
2026-05-30 14:48:27,963 [SKIP] len error : ['⑤', '低い', '10回未満', '11.0%']
2026-05-30 14:48:27,963 60件 / ?件中 23:48
2026-05-30 14:48:27,997 [TOTAL] None
2026-05-30 14:48:27,997 [COUNT] 60
2026-05-30 14:48:28,798 [PAGE] 4
2026-05-30 14:48:29,110 [SKIP] len error : ['東P', '東証プライム']
2026-05-30 14:48:29,110 [SKIP] len error : ['東S', '東証スタンダード']
2026-05-30 14:48:29,110 [SKIP] len error : ['東G', '東証グロース']
2026-05-30 14:48:29,110 [SKIP] len error : ['東Ｅ', '東証ETF']
2026-05-30 14:48:29,110 [SKIP] len error : ['東EN', '東証ETN']
2026-05-30 14:48:29,110 [SKIP] len error : ['東Ｒ', '東証REIT']
2026-05-30 14:48:29,110 [SKIP] len error : ['東IF', '東証インフラファンド']
2026-05-30 14:48:29,110 [SKIP] len error : ['名Ｐ', '名証プレミア']
2026-05-30 14:48:29,110 [SKIP] len error : ['名M', '名証メイン']
2026-05-30 14:48:29,110 [SKIP] len error : ['名N', '名証ネクスト']
2026-05-30 14:48:29,110 [SKIP] len error : ['名Ｅ', '名証ETF']
2026-05-30 14:48:29,110 [SKIP] len error : ['札Ａ', '札証アンビシャス']
2026-05-30 14:48:29,110 [SKIP] len error : ['福Ｑ', '福証Q-Board']
2026-05-30 14:48:29,110 [SKIP] len error : ['①', '高い', '1,000回以上', '13.9%']
2026-05-30 14:48:29,110 [SKIP] len error : ['②', 'やや高い', '400回〜1,000回', '18.5%']
2026-05-30 14:48:29,110 [SKIP] len error : ['③', '中位', '50回〜400回', '39.0%']
2026-05-30 14:48:29,110 [SKIP] len error : ['④', 'やや低い', '10回〜50回', '17.6%']
2026-05-30 14:48:29,110 [SKIP] len error : ['⑤', '低い', '10回未満', '11.0%']
2026-05-30 14:48:29,111 80件 / ?件中 23:48
2026-05-30 14:48:29,145 [TOTAL] None
2026-05-30 14:48:29,146 [COUNT] 80
2026-05-30 14:48:30,118 [PAGE] 5
2026-05-30 14:48:30,448 [SKIP] len error : ['東P', '東証プライム']
2026-05-30 14:48:30,448 [SKIP] len error : ['東S', '東証スタンダード']
2026-05-30 14:48:30,448 [SKIP] len error : ['東G', '東証グロース']
2026-05-30 14:48:30,448 [SKIP] len error : ['東Ｅ', '東証ETF']
2026-05-30 14:48:30,448 [SKIP] len error : ['東EN', '東証ETN']
2026-05-30 14:48:30,448 [SKIP] len error : ['東Ｒ', '東証REIT']
2026-05-30 14:48:30,448 [SKIP] len error : ['東IF', '東証インフラファンド']
2026-05-30 14:48:30,448 [SKIP] len error : ['名Ｐ', '名証プレミア']
2026-05-30 14:48:30,448 [SKIP] len error : ['名M', '名証メイン']
2026-05-30 14:48:30,448 [SKIP] len error : ['名N', '名証ネクスト']
2026-05-30 14:48:30,448 [SKIP] len error : ['名Ｅ', '名証ETF']
2026-05-30 14:48:30,448 [SKIP] len error : ['札Ａ', '札証アンビシャス']
2026-05-30 14:48:30,449 [SKIP] len error : ['福Ｑ', '福証Q-Board']
2026-05-30 14:48:30,449 [SKIP] len error : ['①', '高い', '1,000回以上', '13.9%']
2026-05-30 14:48:30,449 [SKIP] len error : ['②', 'やや高い', '400回〜1,000回', '18.5%']
2026-05-30 14:48:30,449 [SKIP] len error : ['③', '中位', '50回〜400回', '39.0%']
2026-05-30 14:48:30,449 [SKIP] len error : ['④', 'やや低い', '10回〜50回', '17.6%']
2026-05-30 14:48:30,449 [SKIP] len error : ['⑤', '低い', '10回未満', '11.0%']
2026-05-30 14:48:30,449 100件 / ?件中 23:48
2026-05-30 14:48:30,483 [TOTAL] None
2026-05-30 14:48:30,483 [COUNT] 100
2026-05-30 14:48:31,892 [PAGE] 6
2026-05-30 14:48:32,186 [SKIP] len error : ['東P', '東証プライム']
2026-05-30 14:48:32,186 [SKIP] len error : ['東S', '東証スタンダード']
2026-05-30 14:48:32,186 [SKIP] len error : ['東G', '東証グロース']
2026-05-30 14:48:32,186 [SKIP] len error : ['東Ｅ', '東証ETF']
2026-05-30 14:48:32,186 [SKIP] len error : ['東EN', '東証ETN']
2026-05-30 14:48:32,186 [SKIP] len error : ['東Ｒ', '東証REIT']
2026-05-30 14:48:32,186 [SKIP] len error : ['東IF', '東証インフラファンド']
2026-05-30 14:48:32,186 [SKIP] len error : ['名Ｐ', '名証プレミア']
2026-05-30 14:48:32,186 [SKIP] len error : ['名M', '名証メイン']
2026-05-30 14:48:32,186 [SKIP] len error : ['名N', '名証ネクスト']
2026-05-30 14:48:32,186 [SKIP] len error : ['名Ｅ', '名証ETF']
2026-05-30 14:48:32,186 [SKIP] len error : ['札Ａ', '札証アンビシャス']
2026-05-30 14:48:32,186 [SKIP] len error : ['福Ｑ', '福証Q-Board']
2026-05-30 14:48:32,186 [SKIP] len error : ['①', '高い', '1,000回以上', '13.9%']
2026-05-30 14:48:32,186 [SKIP] len error : ['②', 'やや高い', '400回〜1,000回', '18.5%']
2026-05-30 14:48:32,186 [SKIP] len error : ['③', '中位', '50回〜400回', '39.0%']
2026-05-30 14:48:32,186 [SKIP] len error : ['④', 'やや低い', '10回〜50回', '17.6%']
2026-05-30 14:48:32,186 [SKIP] len error : ['⑤', '低い', '10回未満', '11.0%']
2026-05-30 14:48:32,187 120件 / ?件中 23:48
2026-05-30 14:48:32,221 [TOTAL] None
2026-05-30 14:48:32,221 [COUNT] 120
2026-05-30 14:48:32,732 [PAGE] 7
2026-05-30 14:48:33,085 [SKIP] len error : ['東P', '東証プライム']
2026-05-30 14:48:33,085 [SKIP] len error : ['東S', '東証スタンダード']
2026-05-30 14:48:33,085 [SKIP] len error : ['東G', '東証グロース']
2026-05-30 14:48:33,085 [SKIP] len error : ['東Ｅ', '東証ETF']
2026-05-30 14:48:33,085 [SKIP] len error : ['東EN', '東証ETN']
2026-05-30 14:48:33,085 [SKIP] len error : ['東Ｒ', '東証REIT']
2026-05-30 14:48:33,085 [SKIP] len error : ['東IF', '東証インフラファンド']
2026-05-30 14:48:33,085 [SKIP] len error : ['名Ｐ', '名証プレミア']
2026-05-30 14:48:33,085 [SKIP] len error : ['名M', '名証メイン']
2026-05-30 14:48:33,085 [SKIP] len error : ['名N', '名証ネクスト']
2026-05-30 14:48:33,085 [SKIP] len error : ['名Ｅ', '名証ETF']
2026-05-30 14:48:33,085 [SKIP] len error : ['札Ａ', '札証アンビシャス']
2026-05-30 14:48:33,085 [SKIP] len error : ['福Ｑ', '福証Q-Board']
2026-05-30 14:48:33,085 [SKIP] len error : ['①', '高い', '1,000回以上', '13.9%']
2026-05-30 14:48:33,085 [SKIP] len error : ['②', 'やや高い', '400回〜1,000回', '18.5%']
2026-05-30 14:48:33,085 [SKIP] len error : ['③', '中位', '50回〜400回', '39.0%']
2026-05-30 14:48:33,085 [SKIP] len error : ['④', 'やや低い', '10回〜50回', '17.6%']
2026-05-30 14:48:33,085 [SKIP] len error : ['⑤', '低い', '10回未満', '11.0%']
2026-05-30 14:48:33,086 140件 / ?件中 23:48
2026-05-30 14:48:33,119 [TOTAL] None
2026-05-30 14:48:33,120 [COUNT] 140
2026-05-30 14:48:34,166 [PAGE] 8
2026-05-30 14:48:34,476 [SKIP] len error : ['東P', '東証プライム']
2026-05-30 14:48:34,476 [SKIP] len error : ['東S', '東証スタンダード']
2026-05-30 14:48:34,476 [SKIP] len error : ['東G', '東証グロース']
2026-05-30 14:48:34,476 [SKIP] len error : ['東Ｅ', '東証ETF']
2026-05-30 14:48:34,476 [SKIP] len error : ['東EN', '東証ETN']
2026-05-30 14:48:34,476 [SKIP] len error : ['東Ｒ', '東証REIT']
2026-05-30 14:48:34,476 [SKIP] len error : ['東IF', '東証インフラファンド']
2026-05-30 14:48:34,477 [SKIP] len error : ['名Ｐ', '名証プレミア']
2026-05-30 14:48:34,477 [SKIP] len error : ['名M', '名証メイン']
2026-05-30 14:48:34,477 [SKIP] len error : ['名N', '名証ネクスト']
2026-05-30 14:48:34,477 [SKIP] len error : ['名Ｅ', '名証ETF']
2026-05-30 14:48:34,477 [SKIP] len error : ['札Ａ', '札証アンビシャス']
2026-05-30 14:48:34,477 [SKIP] len error : ['福Ｑ', '福証Q-Board']
2026-05-30 14:48:34,477 [SKIP] len error : ['①', '高い', '1,000回以上', '13.9%']
2026-05-30 14:48:34,477 [SKIP] len error : ['②', 'やや高い', '400回〜1,000回', '18.5%']
2026-05-30 14:48:34,477 [SKIP] len error : ['③', '中位', '50回〜400回', '39.0%']
2026-05-30 14:48:34,477 [SKIP] len error : ['④', 'やや低い', '10回〜50回', '17.6%']
2026-05-30 14:48:34,477 [SKIP] len error : ['⑤', '低い', '10回未満', '11.0%']
2026-05-30 14:48:34,477 160件 / ?件中 23:48
2026-05-30 14:48:34,511 [TOTAL] None
2026-05-30 14:48:34,511 [COUNT] 160
2026-05-30 14:48:35,685 [PAGE] 9
2026-05-30 14:48:35,989 [SKIP] len error : ['東P', '東証プライム']
2026-05-30 14:48:35,989 [SKIP] len error : ['東S', '東証スタンダード']
2026-05-30 14:48:35,989 [SKIP] len error : ['東G', '東証グロース']
2026-05-30 14:48:35,989 [SKIP] len error : ['東Ｅ', '東証ETF']
2026-05-30 14:48:35,989 [SKIP] len error : ['東EN', '東証ETN']
2026-05-30 14:48:35,989 [SKIP] len error : ['東Ｒ', '東証REIT']
2026-05-30 14:48:35,989 [SKIP] len error : ['東IF', '東証インフラファンド']
2026-05-30 14:48:35,989 [SKIP] len error : ['名Ｐ', '名証プレミア']
2026-05-30 14:48:35,989 [SKIP] len error : ['名M', '名証メイン']
2026-05-30 14:48:35,989 [SKIP] len error : ['名N', '名証ネクスト']
2026-05-30 14:48:35,989 [SKIP] len error : ['名Ｅ', '名証ETF']
2026-05-30 14:48:35,989 [SKIP] len error : ['札Ａ', '札証アンビシャス']
2026-05-30 14:48:35,989 [SKIP] len error : ['福Ｑ', '福証Q-Board']
2026-05-30 14:48:35,989 [SKIP] len error : ['①', '高い', '1,000回以上', '13.9%']
2026-05-30 14:48:35,989 [SKIP] len error : ['②', 'やや高い', '400回〜1,000回', '18.5%']
2026-05-30 14:48:35,989 [SKIP] len error : ['③', '中位', '50回〜400回', '39.0%']
2026-05-30 14:48:35,989 [SKIP] len error : ['④', 'やや低い', '10回〜50回', '17.6%']
2026-05-30 14:48:35,989 [SKIP] len error : ['⑤', '低い', '10回未満', '11.0%']
2026-05-30 14:48:35,989 180件 / ?件中 23:48
2026-05-30 14:48:36,022 [TOTAL] None
2026-05-30 14:48:36,022 [COUNT] 180
2026-05-30 14:48:36,775 [PAGE] 10
2026-05-30 14:48:37,107 [SKIP] len error : ['東P', '東証プライム']
2026-05-30 14:48:37,107 [SKIP] len error : ['東S', '東証スタンダード']
2026-05-30 14:48:37,107 [SKIP] len error : ['東G', '東証グロース']
2026-05-30 14:48:37,107 [SKIP] len error : ['東Ｅ', '東証ETF']
2026-05-30 14:48:37,107 [SKIP] len error : ['東EN', '東証ETN']
2026-05-30 14:48:37,108 [SKIP] len error : ['東Ｒ', '東証REIT']
2026-05-30 14:48:37,108 [SKIP] len error : ['東IF', '東証インフラファンド']
2026-05-30 14:48:37,108 [SKIP] len error : ['名Ｐ', '名証プレミア']
2026-05-30 14:48:37,108 [SKIP] len error : ['名M', '名証メイン']
2026-05-30 14:48:37,108 [SKIP] len error : ['名N', '名証ネクスト']
2026-05-30 14:48:37,108 [SKIP] len error : ['名Ｅ', '名証ETF']
2026-05-30 14:48:37,108 [SKIP] len error : ['札Ａ', '札証アンビシャス']
2026-05-30 14:48:37,108 [SKIP] len error : ['福Ｑ', '福証Q-Board']
2026-05-30 14:48:37,108 [SKIP] len error : ['①', '高い', '1,000回以上', '13.9%']
2026-05-30 14:48:37,108 [SKIP] len error : ['②', 'やや高い', '400回〜1,000回', '18.5%']
2026-05-30 14:48:37,108 [SKIP] len error : ['③', '中位', '50回〜400回', '39.0%']
2026-05-30 14:48:37,108 [SKIP] len error : ['④', 'やや低い', '10回〜50回', '17.6%']
2026-05-30 14:48:37,108 [SKIP] len error : ['⑤', '低い', '10回未満', '11.0%']
2026-05-30 14:48:37,108 200件 / ?件中 23:48
2026-05-30 14:48:37,142 [TOTAL] None
2026-05-30 14:48:37,142 [COUNT] 200
2026-05-30 14:48:37,918 [PAGE] 11
2026-05-30 14:48:38,224 [SKIP] len error : ['東P', '東証プライム']
2026-05-30 14:48:38,224 [SKIP] len error : ['東S', '東証スタンダード']
2026-05-30 14:48:38,224 [SKIP] len error : ['東G', '東証グロース']
2026-05-30 14:48:38,224 [SKIP] len error : ['東Ｅ', '東証ETF']
2026-05-30 14:48:38,224 [SKIP] len error : ['東EN', '東証ETN']
2026-05-30 14:48:38,224 [SKIP] len error : ['東Ｒ', '東証REIT']
2026-05-30 14:48:38,224 [SKIP] len error : ['東IF', '東証インフラファンド']
2026-05-30 14:48:38,224 [SKIP] len error : ['名Ｐ', '名証プレミア']
2026-05-30 14:48:38,224 [SKIP] len error : ['名M', '名証メイン']
2026-05-30 14:48:38,224 [SKIP] len error : ['名N', '名証ネクスト']
2026-05-30 14:48:38,224 [SKIP] len error : ['名Ｅ', '名証ETF']
2026-05-30 14:48:38,224 [SKIP] len error : ['札Ａ', '札証アンビシャス']
2026-05-30 14:48:38,224 [SKIP] len error : ['福Ｑ', '福証Q-Board']
2026-05-30 14:48:38,224 [SKIP] len error : ['①', '高い', '1,000回以上', '13.9%']
2026-05-30 14:48:38,224 [SKIP] len error : ['②', 'やや高い', '400回〜1,000回', '18.5%']
2026-05-30 14:48:38,224 [SKIP] len error : ['③', '中位', '50回〜400回', '39.0%']
2026-05-30 14:48:38,224 [SKIP] len error : ['④', 'やや低い', '10回〜50回', '17.6%']
2026-05-30 14:48:38,224 [SKIP] len error : ['⑤', '低い', '10回未満', '11.0%']
2026-05-30 14:48:38,225 220件 / ?件中 23:48
2026-05-30 14:48:38,298 [TOTAL] None
2026-05-30 14:48:38,298 [COUNT] 220
2026-05-30 14:48:38,933 [PAGE] 12
2026-05-30 14:48:39,224 [SKIP] len error : ['東P', '東証プライム']
2026-05-30 14:48:39,224 [SKIP] len error : ['東S', '東証スタンダード']
2026-05-30 14:48:39,224 [SKIP] len error : ['東G', '東証グロース']
2026-05-30 14:48:39,224 [SKIP] len error : ['東Ｅ', '東証ETF']
2026-05-30 14:48:39,224 [SKIP] len error : ['東EN', '東証ETN']
2026-05-30 14:48:39,224 [SKIP] len error : ['東Ｒ', '東証REIT']
2026-05-30 14:48:39,224 [SKIP] len error : ['東IF', '東証インフラファンド']
2026-05-30 14:48:39,224 [SKIP] len error : ['名Ｐ', '名証プレミア']
2026-05-30 14:48:39,224 [SKIP] len error : ['名M', '名証メイン']
2026-05-30 14:48:39,224 [SKIP] len error : ['名N', '名証ネクスト']
2026-05-30 14:48:39,224 [SKIP] len error : ['名Ｅ', '名証ETF']
2026-05-30 14:48:39,224 [SKIP] len error : ['札Ａ', '札証アンビシャス']
2026-05-30 14:48:39,224 [SKIP] len error : ['福Ｑ', '福証Q-Board']
2026-05-30 14:48:39,224 [SKIP] len error : ['①', '高い', '1,000回以上', '13.9%']
2026-05-30 14:48:39,224 [SKIP] len error : ['②', 'やや高い', '400回〜1,000回', '18.5%']
2026-05-30 14:48:39,224 [SKIP] len error : ['③', '中位', '50回〜400回', '39.0%']
2026-05-30 14:48:39,224 [SKIP] len error : ['④', 'やや低い', '10回〜50回', '17.6%']
2026-05-30 14:48:39,225 [SKIP] len error : ['⑤', '低い', '10回未満', '11.0%']
2026-05-30 14:48:39,225 240件 / ?件中 23:48
2026-05-30 14:48:39,258 [TOTAL] None
2026-05-30 14:48:39,258 [COUNT] 240
2026-05-30 14:48:40,107 [PAGE] 13
2026-05-30 14:48:40,415 [SKIP] len error : ['東P', '東証プライム']
2026-05-30 14:48:40,415 [SKIP] len error : ['東S', '東証スタンダード']
2026-05-30 14:48:40,415 [SKIP] len error : ['東G', '東証グロース']
2026-05-30 14:48:40,415 [SKIP] len error : ['東Ｅ', '東証ETF']
2026-05-30 14:48:40,415 [SKIP] len error : ['東EN', '東証ETN']
2026-05-30 14:48:40,415 [SKIP] len error : ['東Ｒ', '東証REIT']
2026-05-30 14:48:40,415 [SKIP] len error : ['東IF', '東証インフラファンド']
2026-05-30 14:48:40,415 [SKIP] len error : ['名Ｐ', '名証プレミア']
2026-05-30 14:48:40,415 [SKIP] len error : ['名M', '名証メイン']
2026-05-30 14:48:40,415 [SKIP] len error : ['名N', '名証ネクスト']
2026-05-30 14:48:40,415 [SKIP] len error : ['名Ｅ', '名証ETF']
2026-05-30 14:48:40,415 [SKIP] len error : ['札Ａ', '札証アンビシャス']
2026-05-30 14:48:40,415 [SKIP] len error : ['福Ｑ', '福証Q-Board']
2026-05-30 14:48:40,415 [SKIP] len error : ['①', '高い', '1,000回以上', '13.9%']
2026-05-30 14:48:40,415 [SKIP] len error : ['②', 'やや高い', '400回〜1,000回', '18.5%']
2026-05-30 14:48:40,415 [SKIP] len error : ['③', '中位', '50回〜400回', '39.0%']
2026-05-30 14:48:40,416 [SKIP] len error : ['④', 'やや低い', '10回〜50回', '17.6%']
2026-05-30 14:48:40,416 [SKIP] len error : ['⑤', '低い', '10回未満', '11.0%']
2026-05-30 14:48:40,416 260件 / ?件中 23:48
2026-05-30 14:48:40,452 [TOTAL] None
2026-05-30 14:48:40,452 [COUNT] 260
2026-05-30 14:48:41,347 [PAGE] 14
2026-05-30 14:48:41,663 [SKIP] len error : ['東P', '東証プライム']
2026-05-30 14:48:41,663 [SKIP] len error : ['東S', '東証スタンダード']
2026-05-30 14:48:41,663 [SKIP] len error : ['東G', '東証グロース']
2026-05-30 14:48:41,663 [SKIP] len error : ['東Ｅ', '東証ETF']
2026-05-30 14:48:41,663 [SKIP] len error : ['東EN', '東証ETN']
2026-05-30 14:48:41,663 [SKIP] len error : ['東Ｒ', '東証REIT']
2026-05-30 14:48:41,663 [SKIP] len error : ['東IF', '東証インフラファンド']
2026-05-30 14:48:41,663 [SKIP] len error : ['名Ｐ', '名証プレミア']
2026-05-30 14:48:41,663 [SKIP] len error : ['名M', '名証メイン']
2026-05-30 14:48:41,663 [SKIP] len error : ['名N', '名証ネクスト']
2026-05-30 14:48:41,663 [SKIP] len error : ['名Ｅ', '名証ETF']
2026-05-30 14:48:41,663 [SKIP] len error : ['札Ａ', '札証アンビシャス']
2026-05-30 14:48:41,663 [SKIP] len error : ['福Ｑ', '福証Q-Board']
2026-05-30 14:48:41,663 [SKIP] len error : ['①', '高い', '1,000回以上', '13.9%']
2026-05-30 14:48:41,663 [SKIP] len error : ['②', 'やや高い', '400回〜1,000回', '18.5%']
2026-05-30 14:48:41,663 [SKIP] len error : ['③', '中位', '50回〜400回', '39.0%']
2026-05-30 14:48:41,663 [SKIP] len error : ['④', 'やや低い', '10回〜50回', '17.6%']
2026-05-30 14:48:41,663 [SKIP] len error : ['⑤', '低い', '10回未満', '11.0%']
2026-05-30 14:48:41,664 280件 / ?件中 23:48
2026-05-30 14:48:41,697 [TOTAL] None
2026-05-30 14:48:41,697 [COUNT] 280
2026-05-30 14:48:42,430 [PAGE] 15
2026-05-30 14:48:42,733 [SKIP] len error : ['東P', '東証プライム']
2026-05-30 14:48:42,733 [SKIP] len error : ['東S', '東証スタンダード']
2026-05-30 14:48:42,733 [SKIP] len error : ['東G', '東証グロース']
2026-05-30 14:48:42,733 [SKIP] len error : ['東Ｅ', '東証ETF']
2026-05-30 14:48:42,733 [SKIP] len error : ['東EN', '東証ETN']
2026-05-30 14:48:42,733 [SKIP] len error : ['東Ｒ', '東証REIT']
2026-05-30 14:48:42,733 [SKIP] len error : ['東IF', '東証インフラファンド']
2026-05-30 14:48:42,733 [SKIP] len error : ['名Ｐ', '名証プレミア']
2026-05-30 14:48:42,733 [SKIP] len error : ['名M', '名証メイン']
2026-05-30 14:48:42,733 [SKIP] len error : ['名N', '名証ネクスト']
2026-05-30 14:48:42,733 [SKIP] len error : ['名Ｅ', '名証ETF']
2026-05-30 14:48:42,733 [SKIP] len error : ['札Ａ', '札証アンビシャス']
2026-05-30 14:48:42,733 [SKIP] len error : ['福Ｑ', '福証Q-Board']
2026-05-30 14:48:42,733 [SKIP] len error : ['①', '高い', '1,000回以上', '13.9%']
2026-05-30 14:48:42,733 [SKIP] len error : ['②', 'やや高い', '400回〜1,000回', '18.5%']
2026-05-30 14:48:42,733 [SKIP] len error : ['③', '中位', '50回〜400回', '39.0%']
2026-05-30 14:48:42,733 [SKIP] len error : ['④', 'やや低い', '10回〜50回', '17.6%']
2026-05-30 14:48:42,733 [SKIP] len error : ['⑤', '低い', '10回未満', '11.0%']
2026-05-30 14:48:42,733 300件 / ?件中 23:48
2026-05-30 14:48:42,767 [TOTAL] None
2026-05-30 14:48:42,767 [COUNT] 300
2026-05-30 14:48:44,201 [PAGE] 16
2026-05-30 14:48:44,540 [SKIP] len error : ['東P', '東証プライム']
2026-05-30 14:48:44,540 [SKIP] len error : ['東S', '東証スタンダード']
2026-05-30 14:48:44,540 [SKIP] len error : ['東G', '東証グロース']
2026-05-30 14:48:44,540 [SKIP] len error : ['東Ｅ', '東証ETF']
2026-05-30 14:48:44,540 [SKIP] len error : ['東EN', '東証ETN']
2026-05-30 14:48:44,540 [SKIP] len error : ['東Ｒ', '東証REIT']
2026-05-30 14:48:44,540 [SKIP] len error : ['東IF', '東証インフラファンド']
2026-05-30 14:48:44,540 [SKIP] len error : ['名Ｐ', '名証プレミア']
2026-05-30 14:48:44,540 [SKIP] len error : ['名M', '名証メイン']
2026-05-30 14:48:44,540 [SKIP] len error : ['名N', '名証ネクスト']
2026-05-30 14:48:44,540 [SKIP] len error : ['名Ｅ', '名証ETF']
2026-05-30 14:48:44,540 [SKIP] len error : ['札Ａ', '札証アンビシャス']
2026-05-30 14:48:44,540 [SKIP] len error : ['福Ｑ', '福証Q-Board']
2026-05-30 14:48:44,541 [SKIP] len error : ['①', '高い', '1,000回以上', '13.9%']
2026-05-30 14:48:44,541 [SKIP] len error : ['②', 'やや高い', '400回〜1,000回', '18.5%']
2026-05-30 14:48:44,541 [SKIP] len error : ['③', '中位', '50回〜400回', '39.0%']
2026-05-30 14:48:44,541 [SKIP] len error : ['④', 'やや低い', '10回〜50回', '17.6%']
2026-05-30 14:48:44,541 [SKIP] len error : ['⑤', '低い', '10回未満', '11.0%']
2026-05-30 14:48:44,541 320件 / ?件中 23:48
2026-05-30 14:48:44,619 [TOTAL] None
2026-05-30 14:48:44,619 [COUNT] 320
2026-05-30 14:48:46,090 [PAGE] 17
2026-05-30 14:48:46,403 [SKIP] len error : ['東P', '東証プライム']
2026-05-30 14:48:46,403 [SKIP] len error : ['東S', '東証スタンダード']
2026-05-30 14:48:46,403 [SKIP] len error : ['東G', '東証グロース']
2026-05-30 14:48:46,403 [SKIP] len error : ['東Ｅ', '東証ETF']
2026-05-30 14:48:46,403 [SKIP] len error : ['東EN', '東証ETN']
2026-05-30 14:48:46,403 [SKIP] len error : ['東Ｒ', '東証REIT']
2026-05-30 14:48:46,403 [SKIP] len error : ['東IF', '東証インフラファンド']
2026-05-30 14:48:46,403 [SKIP] len error : ['名Ｐ', '名証プレミア']
2026-05-30 14:48:46,403 [SKIP] len error : ['名M', '名証メイン']
2026-05-30 14:48:46,403 [SKIP] len error : ['名N', '名証ネクスト']
2026-05-30 14:48:46,403 [SKIP] len error : ['名Ｅ', '名証ETF']
2026-05-30 14:48:46,403 [SKIP] len error : ['札Ａ', '札証アンビシャス']
2026-05-30 14:48:46,403 [SKIP] len error : ['福Ｑ', '福証Q-Board']
2026-05-30 14:48:46,404 [SKIP] len error : ['①', '高い', '1,000回以上', '13.9%']
2026-05-30 14:48:46,404 [SKIP] len error : ['②', 'やや高い', '400回〜1,000回', '18.5%']
2026-05-30 14:48:46,404 [SKIP] len error : ['③', '中位', '50回〜400回', '39.0%']
2026-05-30 14:48:46,404 [SKIP] len error : ['④', 'やや低い', '10回〜50回', '17.6%']
2026-05-30 14:48:46,404 [SKIP] len error : ['⑤', '低い', '10回未満', '11.0%']
2026-05-30 14:48:46,404 340件 / ?件中 23:48
2026-05-30 14:48:46,438 [TOTAL] None
2026-05-30 14:48:46,438 [COUNT] 340
2026-05-30 14:48:47,921 [PAGE] 18
2026-05-30 14:48:48,238 [SKIP] len error : ['東P', '東証プライム']
2026-05-30 14:48:48,239 [SKIP] len error : ['東S', '東証スタンダード']
2026-05-30 14:48:48,239 [SKIP] len error : ['東G', '東証グロース']
2026-05-30 14:48:48,239 [SKIP] len error : ['東Ｅ', '東証ETF']
2026-05-30 14:48:48,239 [SKIP] len error : ['東EN', '東証ETN']
2026-05-30 14:48:48,239 [SKIP] len error : ['東Ｒ', '東証REIT']
2026-05-30 14:48:48,239 [SKIP] len error : ['東IF', '東証インフラファンド']
2026-05-30 14:48:48,239 [SKIP] len error : ['名Ｐ', '名証プレミア']
2026-05-30 14:48:48,239 [SKIP] len error : ['名M', '名証メイン']
2026-05-30 14:48:48,239 [SKIP] len error : ['名N', '名証ネクスト']
2026-05-30 14:48:48,239 [SKIP] len error : ['名Ｅ', '名証ETF']
2026-05-30 14:48:48,239 [SKIP] len error : ['札Ａ', '札証アンビシャス']
2026-05-30 14:48:48,239 [SKIP] len error : ['福Ｑ', '福証Q-Board']
2026-05-30 14:48:48,239 [SKIP] len error : ['①', '高い', '1,000回以上', '13.9%']
2026-05-30 14:48:48,239 [SKIP] len error : ['②', 'やや高い', '400回〜1,000回', '18.5%']
2026-05-30 14:48:48,239 [SKIP] len error : ['③', '中位', '50回〜400回', '39.0%']
2026-05-30 14:48:48,239 [SKIP] len error : ['④', 'やや低い', '10回〜50回', '17.6%']
2026-05-30 14:48:48,239 [SKIP] len error : ['⑤', '低い', '10回未満', '11.0%']
2026-05-30 14:48:48,239 360件 / ?件中 23:48
2026-05-30 14:48:48,272 [TOTAL] None
2026-05-30 14:48:48,272 [COUNT] 360
2026-05-30 14:48:48,854 [PAGE] 19
2026-05-30 14:48:49,167 [SKIP] len error : ['東P', '東証プライム']
2026-05-30 14:48:49,167 [SKIP] len error : ['東S', '東証スタンダード']
2026-05-30 14:48:49,167 [SKIP] len error : ['東G', '東証グロース']
2026-05-30 14:48:49,167 [SKIP] len error : ['東Ｅ', '東証ETF']
2026-05-30 14:48:49,167 [SKIP] len error : ['東EN', '東証ETN']
2026-05-30 14:48:49,167 [SKIP] len error : ['東Ｒ', '東証REIT']
2026-05-30 14:48:49,167 [SKIP] len error : ['東IF', '東証インフラファンド']
2026-05-30 14:48:49,167 [SKIP] len error : ['名Ｐ', '名証プレミア']
2026-05-30 14:48:49,167 [SKIP] len error : ['名M', '名証メイン']
2026-05-30 14:48:49,167 [SKIP] len error : ['名N', '名証ネクスト']
2026-05-30 14:48:49,167 [SKIP] len error : ['名Ｅ', '名証ETF']
2026-05-30 14:48:49,167 [SKIP] len error : ['札Ａ', '札証アンビシャス']
2026-05-30 14:48:49,167 [SKIP] len error : ['福Ｑ', '福証Q-Board']
2026-05-30 14:48:49,167 [SKIP] len error : ['①', '高い', '1,000回以上', '13.9%']
2026-05-30 14:48:49,167 [SKIP] len error : ['②', 'やや高い', '400回〜1,000回', '18.5%']
2026-05-30 14:48:49,167 [SKIP] len error : ['③', '中位', '50回〜400回', '39.0%']
2026-05-30 14:48:49,167 [SKIP] len error : ['④', 'やや低い', '10回〜50回', '17.6%']
2026-05-30 14:48:49,167 [SKIP] len error : ['⑤', '低い', '10回未満', '11.0%']
2026-05-30 14:48:49,167 380件 / ?件中 23:48
2026-05-30 14:48:49,201 [TOTAL] None
2026-05-30 14:48:49,201 [COUNT] 380
2026-05-30 14:48:50,009 [PAGE] 20
2026-05-30 14:48:50,322 [SKIP] len error : ['東P', '東証プライム']
2026-05-30 14:48:50,323 [SKIP] len error : ['東S', '東証スタンダード']
2026-05-30 14:48:50,323 [SKIP] len error : ['東G', '東証グロース']
2026-05-30 14:48:50,323 [SKIP] len error : ['東Ｅ', '東証ETF']
2026-05-30 14:48:50,323 [SKIP] len error : ['東EN', '東証ETN']
2026-05-30 14:48:50,323 [SKIP] len error : ['東Ｒ', '東証REIT']
2026-05-30 14:48:50,323 [SKIP] len error : ['東IF', '東証インフラファンド']
2026-05-30 14:48:50,323 [SKIP] len error : ['名Ｐ', '名証プレミア']
2026-05-30 14:48:50,323 [SKIP] len error : ['名M', '名証メイン']
2026-05-30 14:48:50,323 [SKIP] len error : ['名N', '名証ネクスト']
2026-05-30 14:48:50,323 [SKIP] len error : ['名Ｅ', '名証ETF']
2026-05-30 14:48:50,323 [SKIP] len error : ['札Ａ', '札証アンビシャス']
2026-05-30 14:48:50,323 [SKIP] len error : ['福Ｑ', '福証Q-Board']
2026-05-30 14:48:50,323 [SKIP] len error : ['①', '高い', '1,000回以上', '13.9%']
2026-05-30 14:48:50,323 [SKIP] len error : ['②', 'やや高い', '400回〜1,000回', '18.5%']
2026-05-30 14:48:50,323 [SKIP] len error : ['③', '中位', '50回〜400回', '39.0%']
2026-05-30 14:48:50,323 [SKIP] len error : ['④', 'やや低い', '10回〜50回', '17.6%']
2026-05-30 14:48:50,323 [SKIP] len error : ['⑤', '低い', '10回未満', '11.0%']
2026-05-30 14:48:50,323 400件 / ?件中 23:48
2026-05-30 14:48:50,356 [TOTAL] None
2026-05-30 14:48:50,356 [COUNT] 400
2026-05-30 14:48:51,275 [PAGE] 21
2026-05-30 14:48:51,632 [SKIP] len error : ['東P', '東証プライム']
2026-05-30 14:48:51,632 [SKIP] len error : ['東S', '東証スタンダード']
2026-05-30 14:48:51,632 [SKIP] len error : ['東G', '東証グロース']
2026-05-30 14:48:51,632 [SKIP] len error : ['東Ｅ', '東証ETF']
2026-05-30 14:48:51,632 [SKIP] len error : ['東EN', '東証ETN']
2026-05-30 14:48:51,632 [SKIP] len error : ['東Ｒ', '東証REIT']
2026-05-30 14:48:51,632 [SKIP] len error : ['東IF', '東証インフラファンド']
2026-05-30 14:48:51,632 [SKIP] len error : ['名Ｐ', '名証プレミア']
2026-05-30 14:48:51,632 [SKIP] len error : ['名M', '名証メイン']
2026-05-30 14:48:51,632 [SKIP] len error : ['名N', '名証ネクスト']
2026-05-30 14:48:51,632 [SKIP] len error : ['名Ｅ', '名証ETF']
2026-05-30 14:48:51,632 [SKIP] len error : ['札Ａ', '札証アンビシャス']
2026-05-30 14:48:51,632 [SKIP] len error : ['福Ｑ', '福証Q-Board']
2026-05-30 14:48:51,632 [SKIP] len error : ['①', '高い', '1,000回以上', '13.9%']
2026-05-30 14:48:51,632 [SKIP] len error : ['②', 'やや高い', '400回〜1,000回', '18.5%']
2026-05-30 14:48:51,632 [SKIP] len error : ['③', '中位', '50回〜400回', '39.0%']
2026-05-30 14:48:51,632 [SKIP] len error : ['④', 'やや低い', '10回〜50回', '17.6%']
2026-05-30 14:48:51,632 [SKIP] len error : ['⑤', '低い', '10回未満', '11.0%']
2026-05-30 14:48:51,632 420件 / ?件中 23:48
2026-05-30 14:48:51,666 [TOTAL] None
2026-05-30 14:48:51,666 [COUNT] 420
2026-05-30 14:48:52,624 [PAGE] 22
2026-05-30 14:48:52,937 [SKIP] len error : ['東P', '東証プライム']
2026-05-30 14:48:52,937 [SKIP] len error : ['東S', '東証スタンダード']
2026-05-30 14:48:52,937 [SKIP] len error : ['東G', '東証グロース']
2026-05-30 14:48:52,937 [SKIP] len error : ['東Ｅ', '東証ETF']
2026-05-30 14:48:52,937 [SKIP] len error : ['東EN', '東証ETN']
2026-05-30 14:48:52,937 [SKIP] len error : ['東Ｒ', '東証REIT']
2026-05-30 14:48:52,937 [SKIP] len error : ['東IF', '東証インフラファンド']
2026-05-30 14:48:52,937 [SKIP] len error : ['名Ｐ', '名証プレミア']
2026-05-30 14:48:52,937 [SKIP] len error : ['名M', '名証メイン']
2026-05-30 14:48:52,937 [SKIP] len error : ['名N', '名証ネクスト']
2026-05-30 14:48:52,937 [SKIP] len error : ['名Ｅ', '名証ETF']
2026-05-30 14:48:52,937 [SKIP] len error : ['札Ａ', '札証アンビシャス']
2026-05-30 14:48:52,937 [SKIP] len error : ['福Ｑ', '福証Q-Board']
2026-05-30 14:48:52,937 [SKIP] len error : ['①', '高い', '1,000回以上', '13.9%']
2026-05-30 14:48:52,937 [SKIP] len error : ['②', 'やや高い', '400回〜1,000回', '18.5%']
2026-05-30 14:48:52,938 [SKIP] len error : ['③', '中位', '50回〜400回', '39.0%']
2026-05-30 14:48:52,938 [SKIP] len error : ['④', 'やや低い', '10回〜50回', '17.6%']
2026-05-30 14:48:52,938 [SKIP] len error : ['⑤', '低い', '10回未満', '11.0%']
2026-05-30 14:48:52,938 440件 / ?件中 23:48
2026-05-30 14:48:52,974 [TOTAL] None
2026-05-30 14:48:52,974 [COUNT] 440
2026-05-30 14:48:53,866 [PAGE] 23
2026-05-30 14:48:54,161 [SKIP] len error : ['東P', '東証プライム']
2026-05-30 14:48:54,161 [SKIP] len error : ['東S', '東証スタンダード']
2026-05-30 14:48:54,161 [SKIP] len error : ['東G', '東証グロース']
2026-05-30 14:48:54,161 [SKIP] len error : ['東Ｅ', '東証ETF']
2026-05-30 14:48:54,161 [SKIP] len error : ['東EN', '東証ETN']
2026-05-30 14:48:54,161 [SKIP] len error : ['東Ｒ', '東証REIT']
2026-05-30 14:48:54,161 [SKIP] len error : ['東IF', '東証インフラファンド']
2026-05-30 14:48:54,161 [SKIP] len error : ['名Ｐ', '名証プレミア']
2026-05-30 14:48:54,161 [SKIP] len error : ['名M', '名証メイン']
2026-05-30 14:48:54,161 [SKIP] len error : ['名N', '名証ネクスト']
2026-05-30 14:48:54,162 [SKIP] len error : ['名Ｅ', '名証ETF']
2026-05-30 14:48:54,162 [SKIP] len error : ['札Ａ', '札証アンビシャス']
2026-05-30 14:48:54,162 [SKIP] len error : ['福Ｑ', '福証Q-Board']
2026-05-30 14:48:54,162 [SKIP] len error : ['①', '高い', '1,000回以上', '13.9%']
2026-05-30 14:48:54,162 [SKIP] len error : ['②', 'やや高い', '400回〜1,000回', '18.5%']
2026-05-30 14:48:54,162 [SKIP] len error : ['③', '中位', '50回〜400回', '39.0%']
2026-05-30 14:48:54,162 [SKIP] len error : ['④', 'やや低い', '10回〜50回', '17.6%']
2026-05-30 14:48:54,162 [SKIP] len error : ['⑤', '低い', '10回未満', '11.0%']
2026-05-30 14:48:54,162 460件 / ?件中 23:48
2026-05-30 14:48:54,195 [TOTAL] None
2026-05-30 14:48:54,195 [COUNT] 460
2026-05-30 14:48:55,644 [PAGE] 24
2026-05-30 14:48:55,948 [SKIP] len error : ['東P', '東証プライム']
2026-05-30 14:48:55,948 [SKIP] len error : ['東S', '東証スタンダード']
2026-05-30 14:48:55,948 [SKIP] len error : ['東G', '東証グロース']
2026-05-30 14:48:55,948 [SKIP] len error : ['東Ｅ', '東証ETF']
2026-05-30 14:48:55,948 [SKIP] len error : ['東EN', '東証ETN']
2026-05-30 14:48:55,948 [SKIP] len error : ['東Ｒ', '東証REIT']
2026-05-30 14:48:55,948 [SKIP] len error : ['東IF', '東証インフラファンド']
2026-05-30 14:48:55,948 [SKIP] len error : ['名Ｐ', '名証プレミア']
2026-05-30 14:48:55,948 [SKIP] len error : ['名M', '名証メイン']
2026-05-30 14:48:55,948 [SKIP] len error : ['名N', '名証ネクスト']
2026-05-30 14:48:55,948 [SKIP] len error : ['名Ｅ', '名証ETF']
2026-05-30 14:48:55,948 [SKIP] len error : ['札Ａ', '札証アンビシャス']
2026-05-30 14:48:55,948 [SKIP] len error : ['福Ｑ', '福証Q-Board']
2026-05-30 14:48:55,948 [SKIP] len error : ['①', '高い', '1,000回以上', '13.9%']
2026-05-30 14:48:55,948 [SKIP] len error : ['②', 'やや高い', '400回〜1,000回', '18.5%']
2026-05-30 14:48:55,948 [SKIP] len error : ['③', '中位', '50回〜400回', '39.0%']
2026-05-30 14:48:55,948 [SKIP] len error : ['④', 'やや低い', '10回〜50回', '17.6%']
2026-05-30 14:48:55,948 [SKIP] len error : ['⑤', '低い', '10回未満', '11.0%']
2026-05-30 14:48:55,949 480件 / ?件中 23:48
2026-05-30 14:48:55,982 [TOTAL] None
2026-05-30 14:48:55,982 [COUNT] 480
2026-05-30 14:48:56,558 [PAGE] 25
2026-05-30 14:48:56,854 [SKIP] len error : ['東P', '東証プライム']
2026-05-30 14:48:56,854 [SKIP] len error : ['東S', '東証スタンダード']
2026-05-30 14:48:56,854 [SKIP] len error : ['東G', '東証グロース']
2026-05-30 14:48:56,854 [SKIP] len error : ['東Ｅ', '東証ETF']
2026-05-30 14:48:56,854 [SKIP] len error : ['東EN', '東証ETN']
2026-05-30 14:48:56,854 [SKIP] len error : ['東Ｒ', '東証REIT']
2026-05-30 14:48:56,854 [SKIP] len error : ['東IF', '東証インフラファンド']
2026-05-30 14:48:56,854 [SKIP] len error : ['名Ｐ', '名証プレミア']
2026-05-30 14:48:56,854 [SKIP] len error : ['名M', '名証メイン']
2026-05-30 14:48:56,854 [SKIP] len error : ['名N', '名証ネクスト']
2026-05-30 14:48:56,854 [SKIP] len error : ['名Ｅ', '名証ETF']
2026-05-30 14:48:56,854 [SKIP] len error : ['札Ａ', '札証アンビシャス']
2026-05-30 14:48:56,854 [SKIP] len error : ['福Ｑ', '福証Q-Board']
2026-05-30 14:48:56,854 [SKIP] len error : ['①', '高い', '1,000回以上', '13.9%']
2026-05-30 14:48:56,854 [SKIP] len error : ['②', 'やや高い', '400回〜1,000回', '18.5%']
2026-05-30 14:48:56,854 [SKIP] len error : ['③', '中位', '50回〜400回', '39.0%']
2026-05-30 14:48:56,854 [SKIP] len error : ['④', 'やや低い', '10回〜50回', '17.6%']
2026-05-30 14:48:56,854 [SKIP] len error : ['⑤', '低い', '10回未満', '11.0%']
2026-05-30 14:48:56,855 500件 / ?件中 23:48
2026-05-30 14:48:56,888 [TOTAL] None
2026-05-30 14:48:56,888 [COUNT] 500
2026-05-30 14:48:57,430 [PAGE] 26
2026-05-30 14:48:57,773 [SKIP] len error : ['東P', '東証プライム']
2026-05-30 14:48:57,773 [SKIP] len error : ['東S', '東証スタンダード']
2026-05-30 14:48:57,773 [SKIP] len error : ['東G', '東証グロース']
2026-05-30 14:48:57,773 [SKIP] len error : ['東Ｅ', '東証ETF']
2026-05-30 14:48:57,773 [SKIP] len error : ['東EN', '東証ETN']
2026-05-30 14:48:57,773 [SKIP] len error : ['東Ｒ', '東証REIT']
2026-05-30 14:48:57,773 [SKIP] len error : ['東IF', '東証インフラファンド']
2026-05-30 14:48:57,773 [SKIP] len error : ['名Ｐ', '名証プレミア']
2026-05-30 14:48:57,773 [SKIP] len error : ['名M', '名証メイン']
2026-05-30 14:48:57,773 [SKIP] len error : ['名N', '名証ネクスト']
2026-05-30 14:48:57,773 [SKIP] len error : ['名Ｅ', '名証ETF']
2026-05-30 14:48:57,773 [SKIP] len error : ['札Ａ', '札証アンビシャス']
2026-05-30 14:48:57,773 [SKIP] len error : ['福Ｑ', '福証Q-Board']
2026-05-30 14:48:57,773 [SKIP] len error : ['①', '高い', '1,000回以上', '13.9%']
2026-05-30 14:48:57,773 [SKIP] len error : ['②', 'やや高い', '400回〜1,000回', '18.5%']
2026-05-30 14:48:57,773 [SKIP] len error : ['③', '中位', '50回〜400回', '39.0%']
2026-05-30 14:48:57,773 [SKIP] len error : ['④', 'やや低い', '10回〜50回', '17.6%']
2026-05-30 14:48:57,773 [SKIP] len error : ['⑤', '低い', '10回未満', '11.0%']
2026-05-30 14:48:57,774 520件 / ?件中 23:48
2026-05-30 14:48:57,807 [TOTAL] None
2026-05-30 14:48:57,807 [COUNT] 520
2026-05-30 14:48:59,271 [PAGE] 27
2026-05-30 14:48:59,585 [SKIP] len error : ['東P', '東証プライム']
2026-05-30 14:48:59,585 [SKIP] len error : ['東S', '東証スタンダード']
2026-05-30 14:48:59,585 [SKIP] len error : ['東G', '東証グロース']
2026-05-30 14:48:59,585 [SKIP] len error : ['東Ｅ', '東証ETF']
2026-05-30 14:48:59,585 [SKIP] len error : ['東EN', '東証ETN']
2026-05-30 14:48:59,585 [SKIP] len error : ['東Ｒ', '東証REIT']
2026-05-30 14:48:59,585 [SKIP] len error : ['東IF', '東証インフラファンド']
2026-05-30 14:48:59,585 [SKIP] len error : ['名Ｐ', '名証プレミア']
2026-05-30 14:48:59,585 [SKIP] len error : ['名M', '名証メイン']
2026-05-30 14:48:59,585 [SKIP] len error : ['名N', '名証ネクスト']
2026-05-30 14:48:59,585 [SKIP] len error : ['名Ｅ', '名証ETF']
2026-05-30 14:48:59,585 [SKIP] len error : ['札Ａ', '札証アンビシャス']
2026-05-30 14:48:59,585 [SKIP] len error : ['福Ｑ', '福証Q-Board']
2026-05-30 14:48:59,585 [SKIP] len error : ['①', '高い', '1,000回以上', '13.9%']
2026-05-30 14:48:59,585 [SKIP] len error : ['②', 'やや高い', '400回〜1,000回', '18.5%']
2026-05-30 14:48:59,586 [SKIP] len error : ['③', '中位', '50回〜400回', '39.0%']
2026-05-30 14:48:59,586 [SKIP] len error : ['④', 'やや低い', '10回〜50回', '17.6%']
2026-05-30 14:48:59,586 [SKIP] len error : ['⑤', '低い', '10回未満', '11.0%']
2026-05-30 14:48:59,586 540件 / ?件中 23:48
2026-05-30 14:48:59,619 [TOTAL] None
2026-05-30 14:48:59,619 [COUNT] 540
2026-05-30 14:49:01,052 [PAGE] 28
2026-05-30 14:49:01,373 [SKIP] len error : ['東P', '東証プライム']
2026-05-30 14:49:01,373 [SKIP] len error : ['東S', '東証スタンダード']
2026-05-30 14:49:01,373 [SKIP] len error : ['東G', '東証グロース']
2026-05-30 14:49:01,373 [SKIP] len error : ['東Ｅ', '東証ETF']
2026-05-30 14:49:01,373 [SKIP] len error : ['東EN', '東証ETN']
2026-05-30 14:49:01,373 [SKIP] len error : ['東Ｒ', '東証REIT']
2026-05-30 14:49:01,373 [SKIP] len error : ['東IF', '東証インフラファンド']
2026-05-30 14:49:01,373 [SKIP] len error : ['名Ｐ', '名証プレミア']
2026-05-30 14:49:01,373 [SKIP] len error : ['名M', '名証メイン']
2026-05-30 14:49:01,373 [SKIP] len error : ['名N', '名証ネクスト']
2026-05-30 14:49:01,373 [SKIP] len error : ['名Ｅ', '名証ETF']
2026-05-30 14:49:01,373 [SKIP] len error : ['札Ａ', '札証アンビシャス']
2026-05-30 14:49:01,373 [SKIP] len error : ['福Ｑ', '福証Q-Board']
2026-05-30 14:49:01,374 [SKIP] len error : ['①', '高い', '1,000回以上', '13.9%']
2026-05-30 14:49:01,374 [SKIP] len error : ['②', 'やや高い', '400回〜1,000回', '18.5%']
2026-05-30 14:49:01,374 [SKIP] len error : ['③', '中位', '50回〜400回', '39.0%']
2026-05-30 14:49:01,374 [SKIP] len error : ['④', 'やや低い', '10回〜50回', '17.6%']
2026-05-30 14:49:01,374 [SKIP] len error : ['⑤', '低い', '10回未満', '11.0%']
2026-05-30 14:49:01,374 560件 / ?件中 23:49
2026-05-30 14:49:01,412 [TOTAL] None
2026-05-30 14:49:01,412 [COUNT] 560
2026-05-30 14:49:02,680 [PAGE] 29
2026-05-30 14:49:02,992 [SKIP] len error : ['東P', '東証プライム']
2026-05-30 14:49:02,992 [SKIP] len error : ['東S', '東証スタンダード']
2026-05-30 14:49:02,992 [SKIP] len error : ['東G', '東証グロース']
2026-05-30 14:49:02,992 [SKIP] len error : ['東Ｅ', '東証ETF']
2026-05-30 14:49:02,992 [SKIP] len error : ['東EN', '東証ETN']
2026-05-30 14:49:02,992 [SKIP] len error : ['東Ｒ', '東証REIT']
2026-05-30 14:49:02,992 [SKIP] len error : ['東IF', '東証インフラファンド']
2026-05-30 14:49:02,992 [SKIP] len error : ['名Ｐ', '名証プレミア']
2026-05-30 14:49:02,992 [SKIP] len error : ['名M', '名証メイン']
2026-05-30 14:49:02,992 [SKIP] len error : ['名N', '名証ネクスト']
2026-05-30 14:49:02,992 [SKIP] len error : ['名Ｅ', '名証ETF']
2026-05-30 14:49:02,992 [SKIP] len error : ['札Ａ', '札証アンビシャス']
2026-05-30 14:49:02,992 [SKIP] len error : ['福Ｑ', '福証Q-Board']
2026-05-30 14:49:02,992 [SKIP] len error : ['①', '高い', '1,000回以上', '13.9%']
2026-05-30 14:49:02,992 [SKIP] len error : ['②', 'やや高い', '400回〜1,000回', '18.5%']
2026-05-30 14:49:02,992 [SKIP] len error : ['③', '中位', '50回〜400回', '39.0%']
2026-05-30 14:49:02,992 [SKIP] len error : ['④', 'やや低い', '10回〜50回', '17.6%']
2026-05-30 14:49:02,992 [SKIP] len error : ['⑤', '低い', '10回未満', '11.0%']
2026-05-30 14:49:02,992 580件 / ?件中 23:49
2026-05-30 14:49:03,025 [TOTAL] None
2026-05-30 14:49:03,025 [COUNT] 580
2026-05-30 14:49:03,708 [PAGE] 30
2026-05-30 14:49:04,009 [SKIP] len error : ['東P', '東証プライム']
2026-05-30 14:49:04,009 [SKIP] len error : ['東S', '東証スタンダード']
2026-05-30 14:49:04,009 [SKIP] len error : ['東G', '東証グロース']
2026-05-30 14:49:04,009 [SKIP] len error : ['東Ｅ', '東証ETF']
2026-05-30 14:49:04,009 [SKIP] len error : ['東EN', '東証ETN']
2026-05-30 14:49:04,009 [SKIP] len error : ['東Ｒ', '東証REIT']
2026-05-30 14:49:04,010 [SKIP] len error : ['東IF', '東証インフラファンド']
2026-05-30 14:49:04,010 [SKIP] len error : ['名Ｐ', '名証プレミア']
2026-05-30 14:49:04,010 [SKIP] len error : ['名M', '名証メイン']
2026-05-30 14:49:04,010 [SKIP] len error : ['名N', '名証ネクスト']
2026-05-30 14:49:04,010 [SKIP] len error : ['名Ｅ', '名証ETF']
2026-05-30 14:49:04,010 [SKIP] len error : ['札Ａ', '札証アンビシャス']
2026-05-30 14:49:04,010 [SKIP] len error : ['福Ｑ', '福証Q-Board']
2026-05-30 14:49:04,010 [SKIP] len error : ['①', '高い', '1,000回以上', '13.9%']
2026-05-30 14:49:04,010 [SKIP] len error : ['②', 'やや高い', '400回〜1,000回', '18.5%']
2026-05-30 14:49:04,010 [SKIP] len error : ['③', '中位', '50回〜400回', '39.0%']
2026-05-30 14:49:04,010 [SKIP] len error : ['④', 'やや低い', '10回〜50回', '17.6%']
2026-05-30 14:49:04,010 [SKIP] len error : ['⑤', '低い', '10回未満', '11.0%']
2026-05-30 14:49:04,010 600件 / ?件中 23:49
2026-05-30 14:49:04,078 [TOTAL] None
2026-05-30 14:49:04,078 [COUNT] 600
2026-05-30 14:49:05,271 [PAGE] 31
2026-05-30 14:49:05,580 [SKIP] len error : ['東P', '東証プライム']
2026-05-30 14:49:05,580 [SKIP] len error : ['東S', '東証スタンダード']
2026-05-30 14:49:05,580 [SKIP] len error : ['東G', '東証グロース']
2026-05-30 14:49:05,580 [SKIP] len error : ['東Ｅ', '東証ETF']
2026-05-30 14:49:05,580 [SKIP] len error : ['東EN', '東証ETN']
2026-05-30 14:49:05,580 [SKIP] len error : ['東Ｒ', '東証REIT']
2026-05-30 14:49:05,580 [SKIP] len error : ['東IF', '東証インフラファンド']
2026-05-30 14:49:05,580 [SKIP] len error : ['名Ｐ', '名証プレミア']
2026-05-30 14:49:05,580 [SKIP] len error : ['名M', '名証メイン']
2026-05-30 14:49:05,580 [SKIP] len error : ['名N', '名証ネクスト']
2026-05-30 14:49:05,580 [SKIP] len error : ['名Ｅ', '名証ETF']
2026-05-30 14:49:05,580 [SKIP] len error : ['札Ａ', '札証アンビシャス']
2026-05-30 14:49:05,580 [SKIP] len error : ['福Ｑ', '福証Q-Board']
2026-05-30 14:49:05,580 [SKIP] len error : ['①', '高い', '1,000回以上', '13.9%']
2026-05-30 14:49:05,580 [SKIP] len error : ['②', 'やや高い', '400回〜1,000回', '18.5%']
2026-05-30 14:49:05,580 [SKIP] len error : ['③', '中位', '50回〜400回', '39.0%']
2026-05-30 14:49:05,580 [SKIP] len error : ['④', 'やや低い', '10回〜50回', '17.6%']
2026-05-30 14:49:05,580 [SKIP] len error : ['⑤', '低い', '10回未満', '11.0%']
2026-05-30 14:49:05,580 620件 / ?件中 23:49
2026-05-30 14:49:05,614 [TOTAL] None
2026-05-30 14:49:05,614 [COUNT] 620
2026-05-30 14:49:06,824 [PAGE] 32
2026-05-30 14:49:07,142 [SKIP] len error : ['東P', '東証プライム']
2026-05-30 14:49:07,143 [SKIP] len error : ['東S', '東証スタンダード']
2026-05-30 14:49:07,143 [SKIP] len error : ['東G', '東証グロース']
2026-05-30 14:49:07,143 [SKIP] len error : ['東Ｅ', '東証ETF']
2026-05-30 14:49:07,143 [SKIP] len error : ['東EN', '東証ETN']
2026-05-30 14:49:07,143 [SKIP] len error : ['東Ｒ', '東証REIT']
2026-05-30 14:49:07,143 [SKIP] len error : ['東IF', '東証インフラファンド']
2026-05-30 14:49:07,143 [SKIP] len error : ['名Ｐ', '名証プレミア']
2026-05-30 14:49:07,143 [SKIP] len error : ['名M', '名証メイン']
2026-05-30 14:49:07,143 [SKIP] len error : ['名N', '名証ネクスト']
2026-05-30 14:49:07,143 [SKIP] len error : ['名Ｅ', '名証ETF']
2026-05-30 14:49:07,143 [SKIP] len error : ['札Ａ', '札証アンビシャス']
2026-05-30 14:49:07,143 [SKIP] len error : ['福Ｑ', '福証Q-Board']
2026-05-30 14:49:07,143 [SKIP] len error : ['①', '高い', '1,000回以上', '13.9%']
2026-05-30 14:49:07,143 [SKIP] len error : ['②', 'やや高い', '400回〜1,000回', '18.5%']
2026-05-30 14:49:07,143 [SKIP] len error : ['③', '中位', '50回〜400回', '39.0%']
2026-05-30 14:49:07,143 [SKIP] len error : ['④', 'やや低い', '10回〜50回', '17.6%']
2026-05-30 14:49:07,143 [SKIP] len error : ['⑤', '低い', '10回未満', '11.0%']
2026-05-30 14:49:07,143 640件 / ?件中 23:49
2026-05-30 14:49:07,176 [TOTAL] None
2026-05-30 14:49:07,176 [COUNT] 640
2026-05-30 14:49:08,070 [PAGE] 33
2026-05-30 14:49:08,366 [SKIP] len error : ['東P', '東証プライム']
2026-05-30 14:49:08,366 [SKIP] len error : ['東S', '東証スタンダード']
2026-05-30 14:49:08,366 [SKIP] len error : ['東G', '東証グロース']
2026-05-30 14:49:08,366 [SKIP] len error : ['東Ｅ', '東証ETF']
2026-05-30 14:49:08,366 [SKIP] len error : ['東EN', '東証ETN']
2026-05-30 14:49:08,366 [SKIP] len error : ['東Ｒ', '東証REIT']
2026-05-30 14:49:08,366 [SKIP] len error : ['東IF', '東証インフラファンド']
2026-05-30 14:49:08,366 [SKIP] len error : ['名Ｐ', '名証プレミア']
2026-05-30 14:49:08,366 [SKIP] len error : ['名M', '名証メイン']
2026-05-30 14:49:08,366 [SKIP] len error : ['名N', '名証ネクスト']
2026-05-30 14:49:08,366 [SKIP] len error : ['名Ｅ', '名証ETF']
2026-05-30 14:49:08,366 [SKIP] len error : ['札Ａ', '札証アンビシャス']
2026-05-30 14:49:08,366 [SKIP] len error : ['福Ｑ', '福証Q-Board']
2026-05-30 14:49:08,366 [SKIP] len error : ['①', '高い', '1,000回以上', '13.9%']
2026-05-30 14:49:08,366 [SKIP] len error : ['②', 'やや高い', '400回〜1,000回', '18.5%']
2026-05-30 14:49:08,367 [SKIP] len error : ['③', '中位', '50回〜400回', '39.0%']
2026-05-30 14:49:08,367 [SKIP] len error : ['④', 'やや低い', '10回〜50回', '17.6%']
2026-05-30 14:49:08,367 [SKIP] len error : ['⑤', '低い', '10回未満', '11.0%']
2026-05-30 14:49:08,367 660件 / ?件中 23:49
2026-05-30 14:49:08,400 [TOTAL] None
2026-05-30 14:49:08,400 [COUNT] 660
2026-05-30 14:49:09,803 [PAGE] 34
2026-05-30 14:49:10,108 [SKIP] len error : ['東P', '東証プライム']
2026-05-30 14:49:10,108 [SKIP] len error : ['東S', '東証スタンダード']
2026-05-30 14:49:10,108 [SKIP] len error : ['東G', '東証グロース']
2026-05-30 14:49:10,108 [SKIP] len error : ['東Ｅ', '東証ETF']
2026-05-30 14:49:10,108 [SKIP] len error : ['東EN', '東証ETN']
2026-05-30 14:49:10,108 [SKIP] len error : ['東Ｒ', '東証REIT']
2026-05-30 14:49:10,108 [SKIP] len error : ['東IF', '東証インフラファンド']
2026-05-30 14:49:10,108 [SKIP] len error : ['名Ｐ', '名証プレミア']
2026-05-30 14:49:10,108 [SKIP] len error : ['名M', '名証メイン']
2026-05-30 14:49:10,108 [SKIP] len error : ['名N', '名証ネクスト']
2026-05-30 14:49:10,108 [SKIP] len error : ['名Ｅ', '名証ETF']
2026-05-30 14:49:10,108 [SKIP] len error : ['札Ａ', '札証アンビシャス']
2026-05-30 14:49:10,108 [SKIP] len error : ['福Ｑ', '福証Q-Board']
2026-05-30 14:49:10,108 [SKIP] len error : ['①', '高い', '1,000回以上', '13.9%']
2026-05-30 14:49:10,108 [SKIP] len error : ['②', 'やや高い', '400回〜1,000回', '18.5%']
2026-05-30 14:49:10,108 [SKIP] len error : ['③', '中位', '50回〜400回', '39.0%']
2026-05-30 14:49:10,108 [SKIP] len error : ['④', 'やや低い', '10回〜50回', '17.6%']
2026-05-30 14:49:10,108 [SKIP] len error : ['⑤', '低い', '10回未満', '11.0%']
2026-05-30 14:49:10,109 680件 / ?件中 23:49
2026-05-30 14:49:10,142 [TOTAL] None
2026-05-30 14:49:10,142 [COUNT] 680
2026-05-30 14:49:10,869 [PAGE] 35
2026-05-30 14:49:11,223 [SKIP] len error : ['東P', '東証プライム']
2026-05-30 14:49:11,224 [SKIP] len error : ['東S', '東証スタンダード']
2026-05-30 14:49:11,224 [SKIP] len error : ['東G', '東証グロース']
2026-05-30 14:49:11,224 [SKIP] len error : ['東Ｅ', '東証ETF']
2026-05-30 14:49:11,224 [SKIP] len error : ['東EN', '東証ETN']
2026-05-30 14:49:11,224 [SKIP] len error : ['東Ｒ', '東証REIT']
2026-05-30 14:49:11,224 [SKIP] len error : ['東IF', '東証インフラファンド']
2026-05-30 14:49:11,224 [SKIP] len error : ['名Ｐ', '名証プレミア']
2026-05-30 14:49:11,224 [SKIP] len error : ['名M', '名証メイン']
2026-05-30 14:49:11,224 [SKIP] len error : ['名N', '名証ネクスト']
2026-05-30 14:49:11,224 [SKIP] len error : ['名Ｅ', '名証ETF']
2026-05-30 14:49:11,224 [SKIP] len error : ['札Ａ', '札証アンビシャス']
2026-05-30 14:49:11,224 [SKIP] len error : ['福Ｑ', '福証Q-Board']
2026-05-30 14:49:11,224 [SKIP] len error : ['①', '高い', '1,000回以上', '13.9%']
2026-05-30 14:49:11,224 [SKIP] len error : ['②', 'やや高い', '400回〜1,000回', '18.5%']
2026-05-30 14:49:11,224 [SKIP] len error : ['③', '中位', '50回〜400回', '39.0%']
2026-05-30 14:49:11,224 [SKIP] len error : ['④', 'やや低い', '10回〜50回', '17.6%']
2026-05-30 14:49:11,224 [SKIP] len error : ['⑤', '低い', '10回未満', '11.0%']
2026-05-30 14:49:11,224 700件 / ?件中 23:49
2026-05-30 14:49:11,258 [TOTAL] None
2026-05-30 14:49:11,258 [COUNT] 700
2026-05-30 14:49:12,075 [PAGE] 36
2026-05-30 14:49:12,384 [SKIP] len error : ['東P', '東証プライム']
2026-05-30 14:49:12,384 [SKIP] len error : ['東S', '東証スタンダード']
2026-05-30 14:49:12,384 [SKIP] len error : ['東G', '東証グロース']
2026-05-30 14:49:12,384 [SKIP] len error : ['東Ｅ', '東証ETF']
2026-05-30 14:49:12,384 [SKIP] len error : ['東EN', '東証ETN']
2026-05-30 14:49:12,384 [SKIP] len error : ['東Ｒ', '東証REIT']
2026-05-30 14:49:12,384 [SKIP] len error : ['東IF', '東証インフラファンド']
2026-05-30 14:49:12,384 [SKIP] len error : ['名Ｐ', '名証プレミア']
2026-05-30 14:49:12,384 [SKIP] len error : ['名M', '名証メイン']
2026-05-30 14:49:12,384 [SKIP] len error : ['名N', '名証ネクスト']
2026-05-30 14:49:12,384 [SKIP] len error : ['名Ｅ', '名証ETF']
2026-05-30 14:49:12,384 [SKIP] len error : ['札Ａ', '札証アンビシャス']
2026-05-30 14:49:12,384 [SKIP] len error : ['福Ｑ', '福証Q-Board']
2026-05-30 14:49:12,384 [SKIP] len error : ['①', '高い', '1,000回以上', '13.9%']
2026-05-30 14:49:12,384 [SKIP] len error : ['②', 'やや高い', '400回〜1,000回', '18.5%']
2026-05-30 14:49:12,384 [SKIP] len error : ['③', '中位', '50回〜400回', '39.0%']
2026-05-30 14:49:12,385 [SKIP] len error : ['④', 'やや低い', '10回〜50回', '17.6%']
2026-05-30 14:49:12,385 [SKIP] len error : ['⑤', '低い', '10回未満', '11.0%']
2026-05-30 14:49:12,385 720件 / ?件中 23:49
2026-05-30 14:49:12,419 [TOTAL] None
2026-05-30 14:49:12,419 [COUNT] 720
2026-05-30 14:49:13,779 [PAGE] 37
2026-05-30 14:49:14,109 [SKIP] len error : ['東P', '東証プライム']
2026-05-30 14:49:14,109 [SKIP] len error : ['東S', '東証スタンダード']
2026-05-30 14:49:14,109 [SKIP] len error : ['東G', '東証グロース']
2026-05-30 14:49:14,109 [SKIP] len error : ['東Ｅ', '東証ETF']
2026-05-30 14:49:14,109 [SKIP] len error : ['東EN', '東証ETN']
2026-05-30 14:49:14,109 [SKIP] len error : ['東Ｒ', '東証REIT']
2026-05-30 14:49:14,109 [SKIP] len error : ['東IF', '東証インフラファンド']
2026-05-30 14:49:14,109 [SKIP] len error : ['名Ｐ', '名証プレミア']
2026-05-30 14:49:14,109 [SKIP] len error : ['名M', '名証メイン']
2026-05-30 14:49:14,109 [SKIP] len error : ['名N', '名証ネクスト']
2026-05-30 14:49:14,109 [SKIP] len error : ['名Ｅ', '名証ETF']
2026-05-30 14:49:14,109 [SKIP] len error : ['札Ａ', '札証アンビシャス']
2026-05-30 14:49:14,109 [SKIP] len error : ['福Ｑ', '福証Q-Board']
2026-05-30 14:49:14,109 [SKIP] len error : ['①', '高い', '1,000回以上', '13.9%']
2026-05-30 14:49:14,109 [SKIP] len error : ['②', 'やや高い', '400回〜1,000回', '18.5%']
2026-05-30 14:49:14,109 [SKIP] len error : ['③', '中位', '50回〜400回', '39.0%']
2026-05-30 14:49:14,109 [SKIP] len error : ['④', 'やや低い', '10回〜50回', '17.6%']
2026-05-30 14:49:14,109 [SKIP] len error : ['⑤', '低い', '10回未満', '11.0%']
2026-05-30 14:49:14,109 740件 / ?件中 23:49
2026-05-30 14:49:14,143 [TOTAL] None
2026-05-30 14:49:14,143 [COUNT] 740
2026-05-30 14:49:14,794 [PAGE] 38
2026-05-30 14:49:15,109 [SKIP] len error : ['東P', '東証プライム']
2026-05-30 14:49:15,109 [SKIP] len error : ['東S', '東証スタンダード']
2026-05-30 14:49:15,109 [SKIP] len error : ['東G', '東証グロース']
2026-05-30 14:49:15,109 [SKIP] len error : ['東Ｅ', '東証ETF']
2026-05-30 14:49:15,109 [SKIP] len error : ['東EN', '東証ETN']
2026-05-30 14:49:15,109 [SKIP] len error : ['東Ｒ', '東証REIT']
2026-05-30 14:49:15,109 [SKIP] len error : ['東IF', '東証インフラファンド']
2026-05-30 14:49:15,109 [SKIP] len error : ['名Ｐ', '名証プレミア']
2026-05-30 14:49:15,109 [SKIP] len error : ['名M', '名証メイン']
2026-05-30 14:49:15,109 [SKIP] len error : ['名N', '名証ネクスト']
2026-05-30 14:49:15,109 [SKIP] len error : ['名Ｅ', '名証ETF']
2026-05-30 14:49:15,109 [SKIP] len error : ['札Ａ', '札証アンビシャス']
2026-05-30 14:49:15,109 [SKIP] len error : ['福Ｑ', '福証Q-Board']
2026-05-30 14:49:15,109 [SKIP] len error : ['①', '高い', '1,000回以上', '13.9%']
2026-05-30 14:49:15,109 [SKIP] len error : ['②', 'やや高い', '400回〜1,000回', '18.5%']
2026-05-30 14:49:15,109 [SKIP] len error : ['③', '中位', '50回〜400回', '39.0%']
2026-05-30 14:49:15,109 [SKIP] len error : ['④', 'やや低い', '10回〜50回', '17.6%']
2026-05-30 14:49:15,109 [SKIP] len error : ['⑤', '低い', '10回未満', '11.0%']
2026-05-30 14:49:15,110 760件 / ?件中 23:49
2026-05-30 14:49:15,143 [TOTAL] None
2026-05-30 14:49:15,143 [COUNT] 760
2026-05-30 14:49:16,244 [PAGE] 39
2026-05-30 14:49:16,550 [SKIP] len error : ['東P', '東証プライム']
2026-05-30 14:49:16,550 [SKIP] len error : ['東S', '東証スタンダード']
2026-05-30 14:49:16,550 [SKIP] len error : ['東G', '東証グロース']
2026-05-30 14:49:16,550 [SKIP] len error : ['東Ｅ', '東証ETF']
2026-05-30 14:49:16,550 [SKIP] len error : ['東EN', '東証ETN']
2026-05-30 14:49:16,550 [SKIP] len error : ['東Ｒ', '東証REIT']
2026-05-30 14:49:16,550 [SKIP] len error : ['東IF', '東証インフラファンド']
2026-05-30 14:49:16,550 [SKIP] len error : ['名Ｐ', '名証プレミア']
2026-05-30 14:49:16,550 [SKIP] len error : ['名M', '名証メイン']
2026-05-30 14:49:16,550 [SKIP] len error : ['名N', '名証ネクスト']
2026-05-30 14:49:16,550 [SKIP] len error : ['名Ｅ', '名証ETF']
2026-05-30 14:49:16,550 [SKIP] len error : ['札Ａ', '札証アンビシャス']
2026-05-30 14:49:16,551 [SKIP] len error : ['福Ｑ', '福証Q-Board']
2026-05-30 14:49:16,551 [SKIP] len error : ['①', '高い', '1,000回以上', '13.9%']
2026-05-30 14:49:16,551 [SKIP] len error : ['②', 'やや高い', '400回〜1,000回', '18.5%']
2026-05-30 14:49:16,551 [SKIP] len error : ['③', '中位', '50回〜400回', '39.0%']
2026-05-30 14:49:16,551 [SKIP] len error : ['④', 'やや低い', '10回〜50回', '17.6%']
2026-05-30 14:49:16,551 [SKIP] len error : ['⑤', '低い', '10回未満', '11.0%']
2026-05-30 14:49:16,551 780件 / ?件中 23:49
2026-05-30 14:49:16,584 [TOTAL] None
2026-05-30 14:49:16,584 [COUNT] 780
2026-05-30 14:49:17,727 [PAGE] 40
2026-05-30 14:49:18,109 [SKIP] len error : ['東P', '東証プライム']
2026-05-30 14:49:18,109 [SKIP] len error : ['東S', '東証スタンダード']
2026-05-30 14:49:18,109 [SKIP] len error : ['東G', '東証グロース']
2026-05-30 14:49:18,109 [SKIP] len error : ['東Ｅ', '東証ETF']
2026-05-30 14:49:18,109 [SKIP] len error : ['東EN', '東証ETN']
2026-05-30 14:49:18,109 [SKIP] len error : ['東Ｒ', '東証REIT']
2026-05-30 14:49:18,109 [SKIP] len error : ['東IF', '東証インフラファンド']
2026-05-30 14:49:18,109 [SKIP] len error : ['名Ｐ', '名証プレミア']
2026-05-30 14:49:18,109 [SKIP] len error : ['名M', '名証メイン']
2026-05-30 14:49:18,110 [SKIP] len error : ['名N', '名証ネクスト']
2026-05-30 14:49:18,110 [SKIP] len error : ['名Ｅ', '名証ETF']
2026-05-30 14:49:18,110 [SKIP] len error : ['札Ａ', '札証アンビシャス']
2026-05-30 14:49:18,110 [SKIP] len error : ['福Ｑ', '福証Q-Board']
2026-05-30 14:49:18,110 [SKIP] len error : ['①', '高い', '1,000回以上', '13.9%']
2026-05-30 14:49:18,110 [SKIP] len error : ['②', 'やや高い', '400回〜1,000回', '18.5%']
2026-05-30 14:49:18,110 [SKIP] len error : ['③', '中位', '50回〜400回', '39.0%']
2026-05-30 14:49:18,110 [SKIP] len error : ['④', 'やや低い', '10回〜50回', '17.6%']
2026-05-30 14:49:18,110 [SKIP] len error : ['⑤', '低い', '10回未満', '11.0%']
2026-05-30 14:49:18,110 800件 / ?件中 23:49
2026-05-30 14:49:18,144 [TOTAL] None
2026-05-30 14:49:18,144 [COUNT] 800
2026-05-30 14:49:19,539 [PAGE] 41
2026-05-30 14:49:19,845 [SKIP] len error : ['東P', '東証プライム']
2026-05-30 14:49:19,845 [SKIP] len error : ['東S', '東証スタンダード']
2026-05-30 14:49:19,845 [SKIP] len error : ['東G', '東証グロース']
2026-05-30 14:49:19,845 [SKIP] len error : ['東Ｅ', '東証ETF']
2026-05-30 14:49:19,845 [SKIP] len error : ['東EN', '東証ETN']
2026-05-30 14:49:19,845 [SKIP] len error : ['東Ｒ', '東証REIT']
2026-05-30 14:49:19,845 [SKIP] len error : ['東IF', '東証インフラファンド']
2026-05-30 14:49:19,845 [SKIP] len error : ['名Ｐ', '名証プレミア']
2026-05-30 14:49:19,845 [SKIP] len error : ['名M', '名証メイン']
2026-05-30 14:49:19,845 [SKIP] len error : ['名N', '名証ネクスト']
2026-05-30 14:49:19,845 [SKIP] len error : ['名Ｅ', '名証ETF']
2026-05-30 14:49:19,845 [SKIP] len error : ['札Ａ', '札証アンビシャス']
2026-05-30 14:49:19,845 [SKIP] len error : ['福Ｑ', '福証Q-Board']
2026-05-30 14:49:19,845 [SKIP] len error : ['①', '高い', '1,000回以上', '13.9%']
2026-05-30 14:49:19,845 [SKIP] len error : ['②', 'やや高い', '400回〜1,000回', '18.5%']
2026-05-30 14:49:19,845 [SKIP] len error : ['③', '中位', '50回〜400回', '39.0%']
2026-05-30 14:49:19,845 [SKIP] len error : ['④', 'やや低い', '10回〜50回', '17.6%']
2026-05-30 14:49:19,845 [SKIP] len error : ['⑤', '低い', '10回未満', '11.0%']
2026-05-30 14:49:19,846 820件 / ?件中 23:49
2026-05-30 14:49:19,880 [TOTAL] None
2026-05-30 14:49:19,880 [COUNT] 820
2026-05-30 14:49:20,483 [PAGE] 42
2026-05-30 14:49:20,799 [SKIP] len error : ['東P', '東証プライム']
2026-05-30 14:49:20,799 [SKIP] len error : ['東S', '東証スタンダード']
2026-05-30 14:49:20,799 [SKIP] len error : ['東G', '東証グロース']
2026-05-30 14:49:20,799 [SKIP] len error : ['東Ｅ', '東証ETF']
2026-05-30 14:49:20,799 [SKIP] len error : ['東EN', '東証ETN']
2026-05-30 14:49:20,799 [SKIP] len error : ['東Ｒ', '東証REIT']
2026-05-30 14:49:20,800 [SKIP] len error : ['東IF', '東証インフラファンド']
2026-05-30 14:49:20,800 [SKIP] len error : ['名Ｐ', '名証プレミア']
2026-05-30 14:49:20,800 [SKIP] len error : ['名M', '名証メイン']
2026-05-30 14:49:20,800 [SKIP] len error : ['名N', '名証ネクスト']
2026-05-30 14:49:20,800 [SKIP] len error : ['名Ｅ', '名証ETF']
2026-05-30 14:49:20,800 [SKIP] len error : ['札Ａ', '札証アンビシャス']
2026-05-30 14:49:20,800 [SKIP] len error : ['福Ｑ', '福証Q-Board']
2026-05-30 14:49:20,800 [SKIP] len error : ['①', '高い', '1,000回以上', '13.9%']
2026-05-30 14:49:20,800 [SKIP] len error : ['②', 'やや高い', '400回〜1,000回', '18.5%']
2026-05-30 14:49:20,800 [SKIP] len error : ['③', '中位', '50回〜400回', '39.0%']
2026-05-30 14:49:20,800 [SKIP] len error : ['④', 'やや低い', '10回〜50回', '17.6%']
2026-05-30 14:49:20,800 [SKIP] len error : ['⑤', '低い', '10回未満', '11.0%']
2026-05-30 14:49:20,800 840件 / ?件中 23:49
2026-05-30 14:49:20,833 [TOTAL] None
2026-05-30 14:49:20,833 [COUNT] 840
2026-05-30 14:49:21,983 [PAGE] 43
2026-05-30 14:49:22,294 [SKIP] len error : ['東P', '東証プライム']
2026-05-30 14:49:22,295 [SKIP] len error : ['東S', '東証スタンダード']
2026-05-30 14:49:22,295 [SKIP] len error : ['東G', '東証グロース']
2026-05-30 14:49:22,295 [SKIP] len error : ['東Ｅ', '東証ETF']
2026-05-30 14:49:22,295 [SKIP] len error : ['東EN', '東証ETN']
2026-05-30 14:49:22,295 [SKIP] len error : ['東Ｒ', '東証REIT']
2026-05-30 14:49:22,295 [SKIP] len error : ['東IF', '東証インフラファンド']
2026-05-30 14:49:22,295 [SKIP] len error : ['名Ｐ', '名証プレミア']
2026-05-30 14:49:22,295 [SKIP] len error : ['名M', '名証メイン']
2026-05-30 14:49:22,295 [SKIP] len error : ['名N', '名証ネクスト']
2026-05-30 14:49:22,295 [SKIP] len error : ['名Ｅ', '名証ETF']
2026-05-30 14:49:22,295 [SKIP] len error : ['札Ａ', '札証アンビシャス']
2026-05-30 14:49:22,295 [SKIP] len error : ['福Ｑ', '福証Q-Board']
2026-05-30 14:49:22,295 [SKIP] len error : ['①', '高い', '1,000回以上', '13.9%']
2026-05-30 14:49:22,295 [SKIP] len error : ['②', 'やや高い', '400回〜1,000回', '18.5%']
2026-05-30 14:49:22,295 [SKIP] len error : ['③', '中位', '50回〜400回', '39.0%']
2026-05-30 14:49:22,295 [SKIP] len error : ['④', 'やや低い', '10回〜50回', '17.6%']
2026-05-30 14:49:22,295 [SKIP] len error : ['⑤', '低い', '10回未満', '11.0%']
2026-05-30 14:49:22,295 860件 / ?件中 23:49
2026-05-30 14:49:22,329 [TOTAL] None
2026-05-30 14:49:22,329 [COUNT] 860
2026-05-30 14:49:23,439 [PAGE] 44
2026-05-30 14:49:23,745 [SKIP] len error : ['東P', '東証プライム']
2026-05-30 14:49:23,745 [SKIP] len error : ['東S', '東証スタンダード']
2026-05-30 14:49:23,745 [SKIP] len error : ['東G', '東証グロース']
2026-05-30 14:49:23,745 [SKIP] len error : ['東Ｅ', '東証ETF']
2026-05-30 14:49:23,745 [SKIP] len error : ['東EN', '東証ETN']
2026-05-30 14:49:23,745 [SKIP] len error : ['東Ｒ', '東証REIT']
2026-05-30 14:49:23,746 [SKIP] len error : ['東IF', '東証インフラファンド']
2026-05-30 14:49:23,746 [SKIP] len error : ['名Ｐ', '名証プレミア']
2026-05-30 14:49:23,746 [SKIP] len error : ['名M', '名証メイン']
2026-05-30 14:49:23,746 [SKIP] len error : ['名N', '名証ネクスト']
2026-05-30 14:49:23,746 [SKIP] len error : ['名Ｅ', '名証ETF']
2026-05-30 14:49:23,746 [SKIP] len error : ['札Ａ', '札証アンビシャス']
2026-05-30 14:49:23,746 [SKIP] len error : ['福Ｑ', '福証Q-Board']
2026-05-30 14:49:23,746 [SKIP] len error : ['①', '高い', '1,000回以上', '13.9%']
2026-05-30 14:49:23,746 [SKIP] len error : ['②', 'やや高い', '400回〜1,000回', '18.5%']
2026-05-30 14:49:23,746 [SKIP] len error : ['③', '中位', '50回〜400回', '39.0%']
2026-05-30 14:49:23,746 [SKIP] len error : ['④', 'やや低い', '10回〜50回', '17.6%']
2026-05-30 14:49:23,746 [SKIP] len error : ['⑤', '低い', '10回未満', '11.0%']
2026-05-30 14:49:23,746 880件 / ?件中 23:49
2026-05-30 14:49:23,820 [TOTAL] None
2026-05-30 14:49:23,820 [COUNT] 880
2026-05-30 14:49:25,215 [PAGE] 45
2026-05-30 14:49:25,531 [SKIP] len error : ['東P', '東証プライム']
2026-05-30 14:49:25,531 [SKIP] len error : ['東S', '東証スタンダード']
2026-05-30 14:49:25,531 [SKIP] len error : ['東G', '東証グロース']
2026-05-30 14:49:25,531 [SKIP] len error : ['東Ｅ', '東証ETF']
2026-05-30 14:49:25,531 [SKIP] len error : ['東EN', '東証ETN']
2026-05-30 14:49:25,531 [SKIP] len error : ['東Ｒ', '東証REIT']
2026-05-30 14:49:25,531 [SKIP] len error : ['東IF', '東証インフラファンド']
2026-05-30 14:49:25,531 [SKIP] len error : ['名Ｐ', '名証プレミア']
2026-05-30 14:49:25,531 [SKIP] len error : ['名M', '名証メイン']
2026-05-30 14:49:25,531 [SKIP] len error : ['名N', '名証ネクスト']
2026-05-30 14:49:25,531 [SKIP] len error : ['名Ｅ', '名証ETF']
2026-05-30 14:49:25,531 [SKIP] len error : ['札Ａ', '札証アンビシャス']
2026-05-30 14:49:25,531 [SKIP] len error : ['福Ｑ', '福証Q-Board']
2026-05-30 14:49:25,531 [SKIP] len error : ['①', '高い', '1,000回以上', '13.9%']
2026-05-30 14:49:25,531 [SKIP] len error : ['②', 'やや高い', '400回〜1,000回', '18.5%']
2026-05-30 14:49:25,531 [SKIP] len error : ['③', '中位', '50回〜400回', '39.0%']
2026-05-30 14:49:25,531 [SKIP] len error : ['④', 'やや低い', '10回〜50回', '17.6%']
2026-05-30 14:49:25,531 [SKIP] len error : ['⑤', '低い', '10回未満', '11.0%']
2026-05-30 14:49:25,531 900件 / ?件中 23:49
2026-05-30 14:49:25,565 [TOTAL] None
2026-05-30 14:49:25,565 [COUNT] 900
2026-05-30 14:49:26,560 [PAGE] 46
2026-05-30 14:49:26,863 [SKIP] len error : ['東P', '東証プライム']
2026-05-30 14:49:26,864 [SKIP] len error : ['東S', '東証スタンダード']
2026-05-30 14:49:26,864 [SKIP] len error : ['東G', '東証グロース']
2026-05-30 14:49:26,864 [SKIP] len error : ['東Ｅ', '東証ETF']
2026-05-30 14:49:26,864 [SKIP] len error : ['東EN', '東証ETN']
2026-05-30 14:49:26,864 [SKIP] len error : ['東Ｒ', '東証REIT']
2026-05-30 14:49:26,864 [SKIP] len error : ['東IF', '東証インフラファンド']
2026-05-30 14:49:26,864 [SKIP] len error : ['名Ｐ', '名証プレミア']
2026-05-30 14:49:26,864 [SKIP] len error : ['名M', '名証メイン']
2026-05-30 14:49:26,864 [SKIP] len error : ['名N', '名証ネクスト']
2026-05-30 14:49:26,864 [SKIP] len error : ['名Ｅ', '名証ETF']
2026-05-30 14:49:26,864 [SKIP] len error : ['札Ａ', '札証アンビシャス']
2026-05-30 14:49:26,864 [SKIP] len error : ['福Ｑ', '福証Q-Board']
2026-05-30 14:49:26,864 [SKIP] len error : ['①', '高い', '1,000回以上', '13.9%']
2026-05-30 14:49:26,864 [SKIP] len error : ['②', 'やや高い', '400回〜1,000回', '18.5%']
2026-05-30 14:49:26,864 [SKIP] len error : ['③', '中位', '50回〜400回', '39.0%']
2026-05-30 14:49:26,864 [SKIP] len error : ['④', 'やや低い', '10回〜50回', '17.6%']
2026-05-30 14:49:26,864 [SKIP] len error : ['⑤', '低い', '10回未満', '11.0%']
2026-05-30 14:49:26,864 920件 / ?件中 23:49
2026-05-30 14:49:26,898 [TOTAL] None
2026-05-30 14:49:26,898 [COUNT] 920
2026-05-30 14:49:27,597 [PAGE] 47
2026-05-30 14:49:27,922 [SKIP] len error : ['東P', '東証プライム']
2026-05-30 14:49:27,922 [SKIP] len error : ['東S', '東証スタンダード']
2026-05-30 14:49:27,922 [SKIP] len error : ['東G', '東証グロース']
2026-05-30 14:49:27,922 [SKIP] len error : ['東Ｅ', '東証ETF']
2026-05-30 14:49:27,922 [SKIP] len error : ['東EN', '東証ETN']
2026-05-30 14:49:27,922 [SKIP] len error : ['東Ｒ', '東証REIT']
2026-05-30 14:49:27,922 [SKIP] len error : ['東IF', '東証インフラファンド']
2026-05-30 14:49:27,922 [SKIP] len error : ['名Ｐ', '名証プレミア']
2026-05-30 14:49:27,922 [SKIP] len error : ['名M', '名証メイン']
2026-05-30 14:49:27,922 [SKIP] len error : ['名N', '名証ネクスト']
2026-05-30 14:49:27,922 [SKIP] len error : ['名Ｅ', '名証ETF']
2026-05-30 14:49:27,922 [SKIP] len error : ['札Ａ', '札証アンビシャス']
2026-05-30 14:49:27,922 [SKIP] len error : ['福Ｑ', '福証Q-Board']
2026-05-30 14:49:27,922 [SKIP] len error : ['①', '高い', '1,000回以上', '13.9%']
2026-05-30 14:49:27,922 [SKIP] len error : ['②', 'やや高い', '400回〜1,000回', '18.5%']
2026-05-30 14:49:27,922 [SKIP] len error : ['③', '中位', '50回〜400回', '39.0%']
2026-05-30 14:49:27,922 [SKIP] len error : ['④', 'やや低い', '10回〜50回', '17.6%']
2026-05-30 14:49:27,922 [SKIP] len error : ['⑤', '低い', '10回未満', '11.0%']
2026-05-30 14:49:27,923 940件 / ?件中 23:49
2026-05-30 14:49:27,957 [TOTAL] None
2026-05-30 14:49:27,957 [COUNT] 940
2026-05-30 14:49:29,076 [PAGE] 48
2026-05-30 14:49:29,389 [SKIP] len error : ['東P', '東証プライム']
2026-05-30 14:49:29,389 [SKIP] len error : ['東S', '東証スタンダード']
2026-05-30 14:49:29,389 [SKIP] len error : ['東G', '東証グロース']
2026-05-30 14:49:29,389 [SKIP] len error : ['東Ｅ', '東証ETF']
2026-05-30 14:49:29,389 [SKIP] len error : ['東EN', '東証ETN']
2026-05-30 14:49:29,389 [SKIP] len error : ['東Ｒ', '東証REIT']
2026-05-30 14:49:29,389 [SKIP] len error : ['東IF', '東証インフラファンド']
2026-05-30 14:49:29,389 [SKIP] len error : ['名Ｐ', '名証プレミア']
2026-05-30 14:49:29,389 [SKIP] len error : ['名M', '名証メイン']
2026-05-30 14:49:29,389 [SKIP] len error : ['名N', '名証ネクスト']
2026-05-30 14:49:29,389 [SKIP] len error : ['名Ｅ', '名証ETF']
2026-05-30 14:49:29,389 [SKIP] len error : ['札Ａ', '札証アンビシャス']
2026-05-30 14:49:29,389 [SKIP] len error : ['福Ｑ', '福証Q-Board']
2026-05-30 14:49:29,389 [SKIP] len error : ['①', '高い', '1,000回以上', '13.9%']
2026-05-30 14:49:29,389 [SKIP] len error : ['②', 'やや高い', '400回〜1,000回', '18.5%']
2026-05-30 14:49:29,389 [SKIP] len error : ['③', '中位', '50回〜400回', '39.0%']
2026-05-30 14:49:29,389 [SKIP] len error : ['④', 'やや低い', '10回〜50回', '17.6%']
2026-05-30 14:49:29,389 [SKIP] len error : ['⑤', '低い', '10回未満', '11.0%']
2026-05-30 14:49:29,390 960件 / ?件中 23:49
2026-05-30 14:49:29,423 [TOTAL] None
2026-05-30 14:49:29,423 [COUNT] 960
2026-05-30 14:49:30,622 [PAGE] 49
2026-05-30 14:49:30,931 [SKIP] len error : ['東P', '東証プライム']
2026-05-30 14:49:30,931 [SKIP] len error : ['東S', '東証スタンダード']
2026-05-30 14:49:30,931 [SKIP] len error : ['東G', '東証グロース']
2026-05-30 14:49:30,931 [SKIP] len error : ['東Ｅ', '東証ETF']
2026-05-30 14:49:30,931 [SKIP] len error : ['東EN', '東証ETN']
2026-05-30 14:49:30,931 [SKIP] len error : ['東Ｒ', '東証REIT']
2026-05-30 14:49:30,931 [SKIP] len error : ['東IF', '東証インフラファンド']
2026-05-30 14:49:30,931 [SKIP] len error : ['名Ｐ', '名証プレミア']
2026-05-30 14:49:30,931 [SKIP] len error : ['名M', '名証メイン']
2026-05-30 14:49:30,931 [SKIP] len error : ['名N', '名証ネクスト']
2026-05-30 14:49:30,931 [SKIP] len error : ['名Ｅ', '名証ETF']
2026-05-30 14:49:30,931 [SKIP] len error : ['札Ａ', '札証アンビシャス']
2026-05-30 14:49:30,931 [SKIP] len error : ['福Ｑ', '福証Q-Board']
2026-05-30 14:49:30,931 [SKIP] len error : ['①', '高い', '1,000回以上', '13.9%']
2026-05-30 14:49:30,931 [SKIP] len error : ['②', 'やや高い', '400回〜1,000回', '18.5%']
2026-05-30 14:49:30,931 [SKIP] len error : ['③', '中位', '50回〜400回', '39.0%']
2026-05-30 14:49:30,931 [SKIP] len error : ['④', 'やや低い', '10回〜50回', '17.6%']
2026-05-30 14:49:30,931 [SKIP] len error : ['⑤', '低い', '10回未満', '11.0%']
2026-05-30 14:49:30,932 980件 / ?件中 23:49
2026-05-30 14:49:31,006 [TOTAL] None
2026-05-30 14:49:31,006 [COUNT] 980
2026-05-30 14:49:32,246 [PAGE] 50
2026-05-30 14:49:32,548 [SKIP] len error : ['東P', '東証プライム']
2026-05-30 14:49:32,548 [SKIP] len error : ['東S', '東証スタンダード']
2026-05-30 14:49:32,548 [SKIP] len error : ['東G', '東証グロース']
2026-05-30 14:49:32,548 [SKIP] len error : ['東Ｅ', '東証ETF']
2026-05-30 14:49:32,548 [SKIP] len error : ['東EN', '東証ETN']
2026-05-30 14:49:32,548 [SKIP] len error : ['東Ｒ', '東証REIT']
2026-05-30 14:49:32,548 [SKIP] len error : ['東IF', '東証インフラファンド']
2026-05-30 14:49:32,549 [SKIP] len error : ['名Ｐ', '名証プレミア']
2026-05-30 14:49:32,549 [SKIP] len error : ['名M', '名証メイン']
2026-05-30 14:49:32,549 [SKIP] len error : ['名N', '名証ネクスト']
2026-05-30 14:49:32,549 [SKIP] len error : ['名Ｅ', '名証ETF']
2026-05-30 14:49:32,549 [SKIP] len error : ['札Ａ', '札証アンビシャス']
2026-05-30 14:49:32,549 [SKIP] len error : ['福Ｑ', '福証Q-Board']
2026-05-30 14:49:32,549 [SKIP] len error : ['①', '高い', '1,000回以上', '13.9%']
2026-05-30 14:49:32,549 [SKIP] len error : ['②', 'やや高い', '400回〜1,000回', '18.5%']
2026-05-30 14:49:32,549 [SKIP] len error : ['③', '中位', '50回〜400回', '39.0%']
2026-05-30 14:49:32,549 [SKIP] len error : ['④', 'やや低い', '10回〜50回', '17.6%']
2026-05-30 14:49:32,549 [SKIP] len error : ['⑤', '低い', '10回未満', '11.0%']
2026-05-30 14:49:32,549 1000件 / ?件中 23:49
2026-05-30 14:49:32,584 [TOTAL] None
2026-05-30 14:49:32,584 [COUNT] 1000
2026-05-30 14:49:33,879 [PAGE] 51
2026-05-30 14:49:34,176 [SKIP] len error : ['東P', '東証プライム']
2026-05-30 14:49:34,176 [SKIP] len error : ['東S', '東証スタンダード']
2026-05-30 14:49:34,176 [SKIP] len error : ['東G', '東証グロース']
2026-05-30 14:49:34,176 [SKIP] len error : ['東Ｅ', '東証ETF']
2026-05-30 14:49:34,176 [SKIP] len error : ['東EN', '東証ETN']
2026-05-30 14:49:34,176 [SKIP] len error : ['東Ｒ', '東証REIT']
2026-05-30 14:49:34,176 [SKIP] len error : ['東IF', '東証インフラファンド']
2026-05-30 14:49:34,177 [SKIP] len error : ['名Ｐ', '名証プレミア']
2026-05-30 14:49:34,177 [SKIP] len error : ['名M', '名証メイン']
2026-05-30 14:49:34,177 [SKIP] len error : ['名N', '名証ネクスト']
2026-05-30 14:49:34,177 [SKIP] len error : ['名Ｅ', '名証ETF']
2026-05-30 14:49:34,177 [SKIP] len error : ['札Ａ', '札証アンビシャス']
2026-05-30 14:49:34,177 [SKIP] len error : ['福Ｑ', '福証Q-Board']
2026-05-30 14:49:34,177 [SKIP] len error : ['①', '高い', '1,000回以上', '13.9%']
2026-05-30 14:49:34,177 [SKIP] len error : ['②', 'やや高い', '400回〜1,000回', '18.5%']
2026-05-30 14:49:34,177 [SKIP] len error : ['③', '中位', '50回〜400回', '39.0%']
2026-05-30 14:49:34,177 [SKIP] len error : ['④', 'やや低い', '10回〜50回', '17.6%']
2026-05-30 14:49:34,177 [SKIP] len error : ['⑤', '低い', '10回未満', '11.0%']
2026-05-30 14:49:34,177 1020件 / ?件中 23:49
2026-05-30 14:49:34,211 [TOTAL] None
2026-05-30 14:49:34,211 [COUNT] 1020
2026-05-30 14:49:35,688 [PAGE] 52
2026-05-30 14:49:35,996 [SKIP] len error : ['東P', '東証プライム']
2026-05-30 14:49:35,996 [SKIP] len error : ['東S', '東証スタンダード']
2026-05-30 14:49:35,996 [SKIP] len error : ['東G', '東証グロース']
2026-05-30 14:49:35,996 [SKIP] len error : ['東Ｅ', '東証ETF']
2026-05-30 14:49:35,996 [SKIP] len error : ['東EN', '東証ETN']
2026-05-30 14:49:35,996 [SKIP] len error : ['東Ｒ', '東証REIT']
2026-05-30 14:49:35,996 [SKIP] len error : ['東IF', '東証インフラファンド']
2026-05-30 14:49:35,996 [SKIP] len error : ['名Ｐ', '名証プレミア']
2026-05-30 14:49:35,996 [SKIP] len error : ['名M', '名証メイン']
2026-05-30 14:49:35,996 [SKIP] len error : ['名N', '名証ネクスト']
2026-05-30 14:49:35,996 [SKIP] len error : ['名Ｅ', '名証ETF']
2026-05-30 14:49:35,996 [SKIP] len error : ['札Ａ', '札証アンビシャス']
2026-05-30 14:49:35,996 [SKIP] len error : ['福Ｑ', '福証Q-Board']
2026-05-30 14:49:35,996 [SKIP] len error : ['①', '高い', '1,000回以上', '13.9%']
2026-05-30 14:49:35,997 [SKIP] len error : ['②', 'やや高い', '400回〜1,000回', '18.5%']
2026-05-30 14:49:35,997 [SKIP] len error : ['③', '中位', '50回〜400回', '39.0%']
2026-05-30 14:49:35,997 [SKIP] len error : ['④', 'やや低い', '10回〜50回', '17.6%']
2026-05-30 14:49:35,997 [SKIP] len error : ['⑤', '低い', '10回未満', '11.0%']
2026-05-30 14:49:35,997 1040件 / ?件中 23:49
2026-05-30 14:49:36,030 [TOTAL] None
2026-05-30 14:49:36,030 [COUNT] 1040
2026-05-30 14:49:37,439 [PAGE] 53
2026-05-30 14:49:37,743 [SKIP] len error : ['東P', '東証プライム']
2026-05-30 14:49:37,743 [SKIP] len error : ['東S', '東証スタンダード']
2026-05-30 14:49:37,743 [SKIP] len error : ['東G', '東証グロース']
2026-05-30 14:49:37,743 [SKIP] len error : ['東Ｅ', '東証ETF']
2026-05-30 14:49:37,743 [SKIP] len error : ['東EN', '東証ETN']
2026-05-30 14:49:37,743 [SKIP] len error : ['東Ｒ', '東証REIT']
2026-05-30 14:49:37,743 [SKIP] len error : ['東IF', '東証インフラファンド']
2026-05-30 14:49:37,743 [SKIP] len error : ['名Ｐ', '名証プレミア']
2026-05-30 14:49:37,743 [SKIP] len error : ['名M', '名証メイン']
2026-05-30 14:49:37,743 [SKIP] len error : ['名N', '名証ネクスト']
2026-05-30 14:49:37,743 [SKIP] len error : ['名Ｅ', '名証ETF']
2026-05-30 14:49:37,743 [SKIP] len error : ['札Ａ', '札証アンビシャス']
2026-05-30 14:49:37,743 [SKIP] len error : ['福Ｑ', '福証Q-Board']
2026-05-30 14:49:37,743 [SKIP] len error : ['①', '高い', '1,000回以上', '13.9%']
2026-05-30 14:49:37,743 [SKIP] len error : ['②', 'やや高い', '400回〜1,000回', '18.5%']
2026-05-30 14:49:37,743 [SKIP] len error : ['③', '中位', '50回〜400回', '39.0%']
2026-05-30 14:49:37,743 [SKIP] len error : ['④', 'やや低い', '10回〜50回', '17.6%']
2026-05-30 14:49:37,743 [SKIP] len error : ['⑤', '低い', '10回未満', '11.0%']
2026-05-30 14:49:37,744 1060件 / ?件中 23:49
2026-05-30 14:49:37,778 [TOTAL] None
2026-05-30 14:49:37,778 [COUNT] 1060
2026-05-30 14:49:38,340 [PAGE] 54
2026-05-30 14:49:38,681 [SKIP] len error : ['東P', '東証プライム']
2026-05-30 14:49:38,681 [SKIP] len error : ['東S', '東証スタンダード']
2026-05-30 14:49:38,681 [SKIP] len error : ['東G', '東証グロース']
2026-05-30 14:49:38,681 [SKIP] len error : ['東Ｅ', '東証ETF']
2026-05-30 14:49:38,681 [SKIP] len error : ['東EN', '東証ETN']
2026-05-30 14:49:38,681 [SKIP] len error : ['東Ｒ', '東証REIT']
2026-05-30 14:49:38,681 [SKIP] len error : ['東IF', '東証インフラファンド']
2026-05-30 14:49:38,681 [SKIP] len error : ['名Ｐ', '名証プレミア']
2026-05-30 14:49:38,682 [SKIP] len error : ['名M', '名証メイン']
2026-05-30 14:49:38,682 [SKIP] len error : ['名N', '名証ネクスト']
2026-05-30 14:49:38,682 [SKIP] len error : ['名Ｅ', '名証ETF']
2026-05-30 14:49:38,682 [SKIP] len error : ['札Ａ', '札証アンビシャス']
2026-05-30 14:49:38,682 [SKIP] len error : ['福Ｑ', '福証Q-Board']
2026-05-30 14:49:38,682 [SKIP] len error : ['①', '高い', '1,000回以上', '13.9%']
2026-05-30 14:49:38,682 [SKIP] len error : ['②', 'やや高い', '400回〜1,000回', '18.5%']
2026-05-30 14:49:38,682 [SKIP] len error : ['③', '中位', '50回〜400回', '39.0%']
2026-05-30 14:49:38,682 [SKIP] len error : ['④', 'やや低い', '10回〜50回', '17.6%']
2026-05-30 14:49:38,682 [SKIP] len error : ['⑤', '低い', '10回未満', '11.0%']
2026-05-30 14:49:38,682 1080件 / ?件中 23:49
2026-05-30 14:49:38,715 [TOTAL] None
2026-05-30 14:49:38,715 [COUNT] 1080
2026-05-30 14:49:40,121 [PAGE] 55
2026-05-30 14:49:40,421 [SKIP] len error : ['東P', '東証プライム']
2026-05-30 14:49:40,421 [SKIP] len error : ['東S', '東証スタンダード']
2026-05-30 14:49:40,421 [SKIP] len error : ['東G', '東証グロース']
2026-05-30 14:49:40,421 [SKIP] len error : ['東Ｅ', '東証ETF']
2026-05-30 14:49:40,421 [SKIP] len error : ['東EN', '東証ETN']
2026-05-30 14:49:40,421 [SKIP] len error : ['東Ｒ', '東証REIT']
2026-05-30 14:49:40,422 [SKIP] len error : ['東IF', '東証インフラファンド']
2026-05-30 14:49:40,422 [SKIP] len error : ['名Ｐ', '名証プレミア']
2026-05-30 14:49:40,422 [SKIP] len error : ['名M', '名証メイン']
2026-05-30 14:49:40,422 [SKIP] len error : ['名N', '名証ネクスト']
2026-05-30 14:49:40,422 [SKIP] len error : ['名Ｅ', '名証ETF']
2026-05-30 14:49:40,422 [SKIP] len error : ['札Ａ', '札証アンビシャス']
2026-05-30 14:49:40,422 [SKIP] len error : ['福Ｑ', '福証Q-Board']
2026-05-30 14:49:40,422 [SKIP] len error : ['①', '高い', '1,000回以上', '13.9%']
2026-05-30 14:49:40,422 [SKIP] len error : ['②', 'やや高い', '400回〜1,000回', '18.5%']
2026-05-30 14:49:40,422 [SKIP] len error : ['③', '中位', '50回〜400回', '39.0%']
2026-05-30 14:49:40,422 [SKIP] len error : ['④', 'やや低い', '10回〜50回', '17.6%']
2026-05-30 14:49:40,422 [SKIP] len error : ['⑤', '低い', '10回未満', '11.0%']
2026-05-30 14:49:40,422 1100件 / ?件中 23:49
2026-05-30 14:49:40,456 [TOTAL] None
2026-05-30 14:49:40,456 [COUNT] 1100
2026-05-30 14:49:41,899 [PAGE] 56
2026-05-30 14:49:42,214 [SKIP] len error : ['東P', '東証プライム']
2026-05-30 14:49:42,214 [SKIP] len error : ['東S', '東証スタンダード']
2026-05-30 14:49:42,214 [SKIP] len error : ['東G', '東証グロース']
2026-05-30 14:49:42,214 [SKIP] len error : ['東Ｅ', '東証ETF']
2026-05-30 14:49:42,214 [SKIP] len error : ['東EN', '東証ETN']
2026-05-30 14:49:42,214 [SKIP] len error : ['東Ｒ', '東証REIT']
2026-05-30 14:49:42,214 [SKIP] len error : ['東IF', '東証インフラファンド']
2026-05-30 14:49:42,214 [SKIP] len error : ['名Ｐ', '名証プレミア']
2026-05-30 14:49:42,214 [SKIP] len error : ['名M', '名証メイン']
2026-05-30 14:49:42,214 [SKIP] len error : ['名N', '名証ネクスト']
2026-05-30 14:49:42,214 [SKIP] len error : ['名Ｅ', '名証ETF']
2026-05-30 14:49:42,214 [SKIP] len error : ['札Ａ', '札証アンビシャス']
2026-05-30 14:49:42,214 [SKIP] len error : ['福Ｑ', '福証Q-Board']
2026-05-30 14:49:42,214 [SKIP] len error : ['①', '高い', '1,000回以上', '13.9%']
2026-05-30 14:49:42,214 [SKIP] len error : ['②', 'やや高い', '400回〜1,000回', '18.5%']
2026-05-30 14:49:42,214 [SKIP] len error : ['③', '中位', '50回〜400回', '39.0%']
2026-05-30 14:49:42,214 [SKIP] len error : ['④', 'やや低い', '10回〜50回', '17.6%']
2026-05-30 14:49:42,214 [SKIP] len error : ['⑤', '低い', '10回未満', '11.0%']
2026-05-30 14:49:42,215 1120件 / ?件中 23:49
2026-05-30 14:49:42,249 [TOTAL] None
2026-05-30 14:49:42,249 [COUNT] 1120
2026-05-30 14:49:43,115 [PAGE] 57
2026-05-30 14:49:43,417 [SKIP] len error : ['東P', '東証プライム']
2026-05-30 14:49:43,418 [SKIP] len error : ['東S', '東証スタンダード']
2026-05-30 14:49:43,418 [SKIP] len error : ['東G', '東証グロース']
2026-05-30 14:49:43,418 [SKIP] len error : ['東Ｅ', '東証ETF']
2026-05-30 14:49:43,418 [SKIP] len error : ['東EN', '東証ETN']
2026-05-30 14:49:43,418 [SKIP] len error : ['東Ｒ', '東証REIT']
2026-05-30 14:49:43,418 [SKIP] len error : ['東IF', '東証インフラファンド']
2026-05-30 14:49:43,418 [SKIP] len error : ['名Ｐ', '名証プレミア']
2026-05-30 14:49:43,418 [SKIP] len error : ['名M', '名証メイン']
2026-05-30 14:49:43,418 [SKIP] len error : ['名N', '名証ネクスト']
2026-05-30 14:49:43,418 [SKIP] len error : ['名Ｅ', '名証ETF']
2026-05-30 14:49:43,418 [SKIP] len error : ['札Ａ', '札証アンビシャス']
2026-05-30 14:49:43,418 [SKIP] len error : ['福Ｑ', '福証Q-Board']
2026-05-30 14:49:43,418 [SKIP] len error : ['①', '高い', '1,000回以上', '13.9%']
2026-05-30 14:49:43,418 [SKIP] len error : ['②', 'やや高い', '400回〜1,000回', '18.5%']
2026-05-30 14:49:43,418 [SKIP] len error : ['③', '中位', '50回〜400回', '39.0%']
2026-05-30 14:49:43,418 [SKIP] len error : ['④', 'やや低い', '10回〜50回', '17.6%']
2026-05-30 14:49:43,418 [SKIP] len error : ['⑤', '低い', '10回未満', '11.0%']
2026-05-30 14:49:43,418 1140件 / ?件中 23:49
2026-05-30 14:49:43,451 [TOTAL] None
2026-05-30 14:49:43,451 [COUNT] 1140
2026-05-30 14:49:43,968 [PAGE] 58
2026-05-30 14:49:44,273 [SKIP] len error : ['東P', '東証プライム']
2026-05-30 14:49:44,273 [SKIP] len error : ['東S', '東証スタンダード']
2026-05-30 14:49:44,274 [SKIP] len error : ['東G', '東証グロース']
2026-05-30 14:49:44,274 [SKIP] len error : ['東Ｅ', '東証ETF']
2026-05-30 14:49:44,274 [SKIP] len error : ['東EN', '東証ETN']
2026-05-30 14:49:44,274 [SKIP] len error : ['東Ｒ', '東証REIT']
2026-05-30 14:49:44,274 [SKIP] len error : ['東IF', '東証インフラファンド']
2026-05-30 14:49:44,274 [SKIP] len error : ['名Ｐ', '名証プレミア']
2026-05-30 14:49:44,274 [SKIP] len error : ['名M', '名証メイン']
2026-05-30 14:49:44,274 [SKIP] len error : ['名N', '名証ネクスト']
2026-05-30 14:49:44,274 [SKIP] len error : ['名Ｅ', '名証ETF']
2026-05-30 14:49:44,274 [SKIP] len error : ['札Ａ', '札証アンビシャス']
2026-05-30 14:49:44,274 [SKIP] len error : ['福Ｑ', '福証Q-Board']
2026-05-30 14:49:44,274 [SKIP] len error : ['①', '高い', '1,000回以上', '13.9%']
2026-05-30 14:49:44,274 [SKIP] len error : ['②', 'やや高い', '400回〜1,000回', '18.5%']
2026-05-30 14:49:44,274 [SKIP] len error : ['③', '中位', '50回〜400回', '39.0%']
2026-05-30 14:49:44,274 [SKIP] len error : ['④', 'やや低い', '10回〜50回', '17.6%']
2026-05-30 14:49:44,274 [SKIP] len error : ['⑤', '低い', '10回未満', '11.0%']
2026-05-30 14:49:44,274 1160件 / ?件中 23:49
2026-05-30 14:49:44,307 [TOTAL] None
2026-05-30 14:49:44,307 [COUNT] 1160
2026-05-30 14:49:45,157 [PAGE] 59
2026-05-30 14:49:45,521 [SKIP] len error : ['東P', '東証プライム']
2026-05-30 14:49:45,521 [SKIP] len error : ['東S', '東証スタンダード']
2026-05-30 14:49:45,521 [SKIP] len error : ['東G', '東証グロース']
2026-05-30 14:49:45,521 [SKIP] len error : ['東Ｅ', '東証ETF']
2026-05-30 14:49:45,521 [SKIP] len error : ['東EN', '東証ETN']
2026-05-30 14:49:45,521 [SKIP] len error : ['東Ｒ', '東証REIT']
2026-05-30 14:49:45,521 [SKIP] len error : ['東IF', '東証インフラファンド']
2026-05-30 14:49:45,522 [SKIP] len error : ['名Ｐ', '名証プレミア']
2026-05-30 14:49:45,522 [SKIP] len error : ['名M', '名証メイン']
2026-05-30 14:49:45,522 [SKIP] len error : ['名N', '名証ネクスト']
2026-05-30 14:49:45,522 [SKIP] len error : ['名Ｅ', '名証ETF']
2026-05-30 14:49:45,522 [SKIP] len error : ['札Ａ', '札証アンビシャス']
2026-05-30 14:49:45,522 [SKIP] len error : ['福Ｑ', '福証Q-Board']
2026-05-30 14:49:45,522 [SKIP] len error : ['①', '高い', '1,000回以上', '13.9%']
2026-05-30 14:49:45,522 [SKIP] len error : ['②', 'やや高い', '400回〜1,000回', '18.5%']
2026-05-30 14:49:45,522 [SKIP] len error : ['③', '中位', '50回〜400回', '39.0%']
2026-05-30 14:49:45,522 [SKIP] len error : ['④', 'やや低い', '10回〜50回', '17.6%']
2026-05-30 14:49:45,522 [SKIP] len error : ['⑤', '低い', '10回未満', '11.0%']
2026-05-30 14:49:45,522 1180件 / ?件中 23:49
2026-05-30 14:49:45,556 [TOTAL] None
2026-05-30 14:49:45,556 [COUNT] 1180
2026-05-30 14:49:46,134 [PAGE] 60
2026-05-30 14:49:46,451 [SKIP] len error : ['東P', '東証プライム']
2026-05-30 14:49:46,451 [SKIP] len error : ['東S', '東証スタンダード']
2026-05-30 14:49:46,451 [SKIP] len error : ['東G', '東証グロース']
2026-05-30 14:49:46,451 [SKIP] len error : ['東Ｅ', '東証ETF']
2026-05-30 14:49:46,451 [SKIP] len error : ['東EN', '東証ETN']
2026-05-30 14:49:46,451 [SKIP] len error : ['東Ｒ', '東証REIT']
2026-05-30 14:49:46,451 [SKIP] len error : ['東IF', '東証インフラファンド']
2026-05-30 14:49:46,451 [SKIP] len error : ['名Ｐ', '名証プレミア']
2026-05-30 14:49:46,451 [SKIP] len error : ['名M', '名証メイン']
2026-05-30 14:49:46,451 [SKIP] len error : ['名N', '名証ネクスト']
2026-05-30 14:49:46,451 [SKIP] len error : ['名Ｅ', '名証ETF']
2026-05-30 14:49:46,451 [SKIP] len error : ['札Ａ', '札証アンビシャス']
2026-05-30 14:49:46,451 [SKIP] len error : ['福Ｑ', '福証Q-Board']
2026-05-30 14:49:46,451 [SKIP] len error : ['①', '高い', '1,000回以上', '13.9%']
2026-05-30 14:49:46,451 [SKIP] len error : ['②', 'やや高い', '400回〜1,000回', '18.5%']
2026-05-30 14:49:46,451 [SKIP] len error : ['③', '中位', '50回〜400回', '39.0%']
2026-05-30 14:49:46,451 [SKIP] len error : ['④', 'やや低い', '10回〜50回', '17.6%']
2026-05-30 14:49:46,451 [SKIP] len error : ['⑤', '低い', '10回未満', '11.0%']
2026-05-30 14:49:46,451 1200件 / ?件中 23:49
2026-05-30 14:49:46,485 [TOTAL] None
2026-05-30 14:49:46,486 [COUNT] 1200
2026-05-30 14:49:47,881 [PAGE] 61
2026-05-30 14:49:48,201 [SKIP] len error : ['東P', '東証プライム']
2026-05-30 14:49:48,201 [SKIP] len error : ['東S', '東証スタンダード']
2026-05-30 14:49:48,201 [SKIP] len error : ['東G', '東証グロース']
2026-05-30 14:49:48,201 [SKIP] len error : ['東Ｅ', '東証ETF']
2026-05-30 14:49:48,201 [SKIP] len error : ['東EN', '東証ETN']
2026-05-30 14:49:48,201 [SKIP] len error : ['東Ｒ', '東証REIT']
2026-05-30 14:49:48,201 [SKIP] len error : ['東IF', '東証インフラファンド']
2026-05-30 14:49:48,201 [SKIP] len error : ['名Ｐ', '名証プレミア']
2026-05-30 14:49:48,201 [SKIP] len error : ['名M', '名証メイン']
2026-05-30 14:49:48,201 [SKIP] len error : ['名N', '名証ネクスト']
2026-05-30 14:49:48,201 [SKIP] len error : ['名Ｅ', '名証ETF']
2026-05-30 14:49:48,201 [SKIP] len error : ['札Ａ', '札証アンビシャス']
2026-05-30 14:49:48,201 [SKIP] len error : ['福Ｑ', '福証Q-Board']
2026-05-30 14:49:48,201 [SKIP] len error : ['①', '高い', '1,000回以上', '13.9%']
2026-05-30 14:49:48,201 [SKIP] len error : ['②', 'やや高い', '400回〜1,000回', '18.5%']
2026-05-30 14:49:48,201 [SKIP] len error : ['③', '中位', '50回〜400回', '39.0%']
2026-05-30 14:49:48,201 [SKIP] len error : ['④', 'やや低い', '10回〜50回', '17.6%']
2026-05-30 14:49:48,201 [SKIP] len error : ['⑤', '低い', '10回未満', '11.0%']
2026-05-30 14:49:48,201 1220件 / ?件中 23:49
2026-05-30 14:49:48,235 [TOTAL] None
2026-05-30 14:49:48,235 [COUNT] 1220
2026-05-30 14:49:49,346 [PAGE] 62
2026-05-30 14:49:49,651 [SKIP] len error : ['東P', '東証プライム']
2026-05-30 14:49:49,651 [SKIP] len error : ['東S', '東証スタンダード']
2026-05-30 14:49:49,651 [SKIP] len error : ['東G', '東証グロース']
2026-05-30 14:49:49,652 [SKIP] len error : ['東Ｅ', '東証ETF']
2026-05-30 14:49:49,652 [SKIP] len error : ['東EN', '東証ETN']
2026-05-30 14:49:49,652 [SKIP] len error : ['東Ｒ', '東証REIT']
2026-05-30 14:49:49,652 [SKIP] len error : ['東IF', '東証インフラファンド']
2026-05-30 14:49:49,652 [SKIP] len error : ['名Ｐ', '名証プレミア']
2026-05-30 14:49:49,652 [SKIP] len error : ['名M', '名証メイン']
2026-05-30 14:49:49,652 [SKIP] len error : ['名N', '名証ネクスト']
2026-05-30 14:49:49,652 [SKIP] len error : ['名Ｅ', '名証ETF']
2026-05-30 14:49:49,652 [SKIP] len error : ['札Ａ', '札証アンビシャス']
2026-05-30 14:49:49,652 [SKIP] len error : ['福Ｑ', '福証Q-Board']
2026-05-30 14:49:49,652 [SKIP] len error : ['①', '高い', '1,000回以上', '13.9%']
2026-05-30 14:49:49,652 [SKIP] len error : ['②', 'やや高い', '400回〜1,000回', '18.5%']
2026-05-30 14:49:49,652 [SKIP] len error : ['③', '中位', '50回〜400回', '39.0%']
2026-05-30 14:49:49,652 [SKIP] len error : ['④', 'やや低い', '10回〜50回', '17.6%']
2026-05-30 14:49:49,652 [SKIP] len error : ['⑤', '低い', '10回未満', '11.0%']
2026-05-30 14:49:49,652 1240件 / ?件中 23:49
2026-05-30 14:49:49,686 [TOTAL] None
2026-05-30 14:49:49,686 [COUNT] 1240
2026-05-30 14:49:50,336 [PAGE] 63
2026-05-30 14:49:50,655 [SKIP] len error : ['東P', '東証プライム']
2026-05-30 14:49:50,655 [SKIP] len error : ['東S', '東証スタンダード']
2026-05-30 14:49:50,655 [SKIP] len error : ['東G', '東証グロース']
2026-05-30 14:49:50,655 [SKIP] len error : ['東Ｅ', '東証ETF']
2026-05-30 14:49:50,656 [SKIP] len error : ['東EN', '東証ETN']
2026-05-30 14:49:50,656 [SKIP] len error : ['東Ｒ', '東証REIT']
2026-05-30 14:49:50,656 [SKIP] len error : ['東IF', '東証インフラファンド']
2026-05-30 14:49:50,656 [SKIP] len error : ['名Ｐ', '名証プレミア']
2026-05-30 14:49:50,656 [SKIP] len error : ['名M', '名証メイン']
2026-05-30 14:49:50,656 [SKIP] len error : ['名N', '名証ネクスト']
2026-05-30 14:49:50,656 [SKIP] len error : ['名Ｅ', '名証ETF']
2026-05-30 14:49:50,656 [SKIP] len error : ['札Ａ', '札証アンビシャス']
2026-05-30 14:49:50,656 [SKIP] len error : ['福Ｑ', '福証Q-Board']
2026-05-30 14:49:50,656 [SKIP] len error : ['①', '高い', '1,000回以上', '13.9%']
2026-05-30 14:49:50,656 [SKIP] len error : ['②', 'やや高い', '400回〜1,000回', '18.5%']
2026-05-30 14:49:50,656 [SKIP] len error : ['③', '中位', '50回〜400回', '39.0%']
2026-05-30 14:49:50,656 [SKIP] len error : ['④', 'やや低い', '10回〜50回', '17.6%']
2026-05-30 14:49:50,656 [SKIP] len error : ['⑤', '低い', '10回未満', '11.0%']
2026-05-30 14:49:50,656 1260件 / ?件中 23:49
2026-05-30 14:49:50,729 [TOTAL] None
2026-05-30 14:49:50,730 [COUNT] 1260
2026-05-30 14:49:52,167 [PAGE] 64
2026-05-30 14:49:52,501 [SKIP] len error : ['東P', '東証プライム']
2026-05-30 14:49:52,501 [SKIP] len error : ['東S', '東証スタンダード']
2026-05-30 14:49:52,501 [SKIP] len error : ['東G', '東証グロース']
2026-05-30 14:49:52,501 [SKIP] len error : ['東Ｅ', '東証ETF']
2026-05-30 14:49:52,501 [SKIP] len error : ['東EN', '東証ETN']
2026-05-30 14:49:52,501 [SKIP] len error : ['東Ｒ', '東証REIT']
2026-05-30 14:49:52,501 [SKIP] len error : ['東IF', '東証インフラファンド']
2026-05-30 14:49:52,501 [SKIP] len error : ['名Ｐ', '名証プレミア']
2026-05-30 14:49:52,501 [SKIP] len error : ['名M', '名証メイン']
2026-05-30 14:49:52,501 [SKIP] len error : ['名N', '名証ネクスト']
2026-05-30 14:49:52,501 [SKIP] len error : ['名Ｅ', '名証ETF']
2026-05-30 14:49:52,501 [SKIP] len error : ['札Ａ', '札証アンビシャス']
2026-05-30 14:49:52,501 [SKIP] len error : ['福Ｑ', '福証Q-Board']
2026-05-30 14:49:52,501 [SKIP] len error : ['①', '高い', '1,000回以上', '13.9%']
2026-05-30 14:49:52,501 [SKIP] len error : ['②', 'やや高い', '400回〜1,000回', '18.5%']
2026-05-30 14:49:52,501 [SKIP] len error : ['③', '中位', '50回〜400回', '39.0%']
2026-05-30 14:49:52,501 [SKIP] len error : ['④', 'やや低い', '10回〜50回', '17.6%']
2026-05-30 14:49:52,501 [SKIP] len error : ['⑤', '低い', '10回未満', '11.0%']
2026-05-30 14:49:52,502 1280件 / ?件中 23:49
2026-05-30 14:49:52,535 [TOTAL] None
2026-05-30 14:49:52,536 [COUNT] 1280
2026-05-30 14:49:53,524 [PAGE] 65
2026-05-30 14:49:53,829 [SKIP] len error : ['東P', '東証プライム']
2026-05-30 14:49:53,829 [SKIP] len error : ['東S', '東証スタンダード']
2026-05-30 14:49:53,829 [SKIP] len error : ['東G', '東証グロース']
2026-05-30 14:49:53,829 [SKIP] len error : ['東Ｅ', '東証ETF']
2026-05-30 14:49:53,829 [SKIP] len error : ['東EN', '東証ETN']
2026-05-30 14:49:53,829 [SKIP] len error : ['東Ｒ', '東証REIT']
2026-05-30 14:49:53,829 [SKIP] len error : ['東IF', '東証インフラファンド']
2026-05-30 14:49:53,829 [SKIP] len error : ['名Ｐ', '名証プレミア']
2026-05-30 14:49:53,829 [SKIP] len error : ['名M', '名証メイン']
2026-05-30 14:49:53,829 [SKIP] len error : ['名N', '名証ネクスト']
2026-05-30 14:49:53,829 [SKIP] len error : ['名Ｅ', '名証ETF']
2026-05-30 14:49:53,829 [SKIP] len error : ['札Ａ', '札証アンビシャス']
2026-05-30 14:49:53,829 [SKIP] len error : ['福Ｑ', '福証Q-Board']
2026-05-30 14:49:53,829 [SKIP] len error : ['①', '高い', '1,000回以上', '13.9%']
2026-05-30 14:49:53,829 [SKIP] len error : ['②', 'やや高い', '400回〜1,000回', '18.5%']
2026-05-30 14:49:53,830 [SKIP] len error : ['③', '中位', '50回〜400回', '39.0%']
2026-05-30 14:49:53,830 [SKIP] len error : ['④', 'やや低い', '10回〜50回', '17.6%']
2026-05-30 14:49:53,830 [SKIP] len error : ['⑤', '低い', '10回未満', '11.0%']
2026-05-30 14:49:53,830 1300件 / ?件中 23:49
2026-05-30 14:49:53,863 [TOTAL] None
2026-05-30 14:49:53,863 [COUNT] 1300
2026-05-30 14:49:54,522 [PAGE] 66
2026-05-30 14:49:54,860 [SKIP] len error : ['東P', '東証プライム']
2026-05-30 14:49:54,860 [SKIP] len error : ['東S', '東証スタンダード']
2026-05-30 14:49:54,860 [SKIP] len error : ['東G', '東証グロース']
2026-05-30 14:49:54,861 [SKIP] len error : ['東Ｅ', '東証ETF']
2026-05-30 14:49:54,861 [SKIP] len error : ['東EN', '東証ETN']
2026-05-30 14:49:54,861 [SKIP] len error : ['東Ｒ', '東証REIT']
2026-05-30 14:49:54,861 [SKIP] len error : ['東IF', '東証インフラファンド']
2026-05-30 14:49:54,861 [SKIP] len error : ['名Ｐ', '名証プレミア']
2026-05-30 14:49:54,861 [SKIP] len error : ['名M', '名証メイン']
2026-05-30 14:49:54,861 [SKIP] len error : ['名N', '名証ネクスト']
2026-05-30 14:49:54,861 [SKIP] len error : ['名Ｅ', '名証ETF']
2026-05-30 14:49:54,861 [SKIP] len error : ['札Ａ', '札証アンビシャス']
2026-05-30 14:49:54,861 [SKIP] len error : ['福Ｑ', '福証Q-Board']
2026-05-30 14:49:54,861 [SKIP] len error : ['①', '高い', '1,000回以上', '13.9%']
2026-05-30 14:49:54,861 [SKIP] len error : ['②', 'やや高い', '400回〜1,000回', '18.5%']
2026-05-30 14:49:54,861 [SKIP] len error : ['③', '中位', '50回〜400回', '39.0%']
2026-05-30 14:49:54,861 [SKIP] len error : ['④', 'やや低い', '10回〜50回', '17.6%']
2026-05-30 14:49:54,861 [SKIP] len error : ['⑤', '低い', '10回未満', '11.0%']
2026-05-30 14:49:54,861 1320件 / ?件中 23:49
2026-05-30 14:49:54,895 [TOTAL] None
2026-05-30 14:49:54,895 [COUNT] 1320
2026-05-30 14:49:55,727 [PAGE] 67
2026-05-30 14:49:56,032 [SKIP] len error : ['東P', '東証プライム']
2026-05-30 14:49:56,032 [SKIP] len error : ['東S', '東証スタンダード']
2026-05-30 14:49:56,032 [SKIP] len error : ['東G', '東証グロース']
2026-05-30 14:49:56,032 [SKIP] len error : ['東Ｅ', '東証ETF']
2026-05-30 14:49:56,032 [SKIP] len error : ['東EN', '東証ETN']
2026-05-30 14:49:56,032 [SKIP] len error : ['東Ｒ', '東証REIT']
2026-05-30 14:49:56,032 [SKIP] len error : ['東IF', '東証インフラファンド']
2026-05-30 14:49:56,032 [SKIP] len error : ['名Ｐ', '名証プレミア']
2026-05-30 14:49:56,032 [SKIP] len error : ['名M', '名証メイン']
2026-05-30 14:49:56,032 [SKIP] len error : ['名N', '名証ネクスト']
2026-05-30 14:49:56,032 [SKIP] len error : ['名Ｅ', '名証ETF']
2026-05-30 14:49:56,032 [SKIP] len error : ['札Ａ', '札証アンビシャス']
2026-05-30 14:49:56,032 [SKIP] len error : ['福Ｑ', '福証Q-Board']
2026-05-30 14:49:56,032 [SKIP] len error : ['①', '高い', '1,000回以上', '13.9%']
2026-05-30 14:49:56,032 [SKIP] len error : ['②', 'やや高い', '400回〜1,000回', '18.5%']
2026-05-30 14:49:56,032 [SKIP] len error : ['③', '中位', '50回〜400回', '39.0%']
2026-05-30 14:49:56,032 [SKIP] len error : ['④', 'やや低い', '10回〜50回', '17.6%']
2026-05-30 14:49:56,032 [SKIP] len error : ['⑤', '低い', '10回未満', '11.0%']
2026-05-30 14:49:56,032 1340件 / ?件中 23:49
2026-05-30 14:49:56,066 [TOTAL] None
2026-05-30 14:49:56,066 [COUNT] 1340
2026-05-30 14:49:57,244 [PAGE] 68
2026-05-30 14:49:57,572 [SKIP] len error : ['東P', '東証プライム']
2026-05-30 14:49:57,572 [SKIP] len error : ['東S', '東証スタンダード']
2026-05-30 14:49:57,572 [SKIP] len error : ['東G', '東証グロース']
2026-05-30 14:49:57,572 [SKIP] len error : ['東Ｅ', '東証ETF']
2026-05-30 14:49:57,572 [SKIP] len error : ['東EN', '東証ETN']
2026-05-30 14:49:57,572 [SKIP] len error : ['東Ｒ', '東証REIT']
2026-05-30 14:49:57,572 [SKIP] len error : ['東IF', '東証インフラファンド']
2026-05-30 14:49:57,572 [SKIP] len error : ['名Ｐ', '名証プレミア']
2026-05-30 14:49:57,572 [SKIP] len error : ['名M', '名証メイン']
2026-05-30 14:49:57,572 [SKIP] len error : ['名N', '名証ネクスト']
2026-05-30 14:49:57,572 [SKIP] len error : ['名Ｅ', '名証ETF']
2026-05-30 14:49:57,572 [SKIP] len error : ['札Ａ', '札証アンビシャス']
2026-05-30 14:49:57,572 [SKIP] len error : ['福Ｑ', '福証Q-Board']
2026-05-30 14:49:57,572 [SKIP] len error : ['①', '高い', '1,000回以上', '13.9%']
2026-05-30 14:49:57,572 [SKIP] len error : ['②', 'やや高い', '400回〜1,000回', '18.5%']
2026-05-30 14:49:57,572 [SKIP] len error : ['③', '中位', '50回〜400回', '39.0%']
2026-05-30 14:49:57,572 [SKIP] len error : ['④', 'やや低い', '10回〜50回', '17.6%']
2026-05-30 14:49:57,572 [SKIP] len error : ['⑤', '低い', '10回未満', '11.0%']
2026-05-30 14:49:57,573 1360件 / ?件中 23:49
2026-05-30 14:49:57,653 [TOTAL] None
2026-05-30 14:49:57,654 [COUNT] 1360
2026-05-30 14:49:58,349 [PAGE] 69
2026-05-30 14:49:58,663 [SKIP] len error : ['東P', '東証プライム']
2026-05-30 14:49:58,663 [SKIP] len error : ['東S', '東証スタンダード']
2026-05-30 14:49:58,663 [SKIP] len error : ['東G', '東証グロース']
2026-05-30 14:49:58,663 [SKIP] len error : ['東Ｅ', '東証ETF']
2026-05-30 14:49:58,663 [SKIP] len error : ['東EN', '東証ETN']
2026-05-30 14:49:58,663 [SKIP] len error : ['東Ｒ', '東証REIT']
2026-05-30 14:49:58,663 [SKIP] len error : ['東IF', '東証インフラファンド']
2026-05-30 14:49:58,663 [SKIP] len error : ['名Ｐ', '名証プレミア']
2026-05-30 14:49:58,663 [SKIP] len error : ['名M', '名証メイン']
2026-05-30 14:49:58,663 [SKIP] len error : ['名N', '名証ネクスト']
2026-05-30 14:49:58,663 [SKIP] len error : ['名Ｅ', '名証ETF']
2026-05-30 14:49:58,663 [SKIP] len error : ['札Ａ', '札証アンビシャス']
2026-05-30 14:49:58,663 [SKIP] len error : ['福Ｑ', '福証Q-Board']
2026-05-30 14:49:58,663 [SKIP] len error : ['①', '高い', '1,000回以上', '13.9%']
2026-05-30 14:49:58,663 [SKIP] len error : ['②', 'やや高い', '400回〜1,000回', '18.5%']
2026-05-30 14:49:58,663 [SKIP] len error : ['③', '中位', '50回〜400回', '39.0%']
2026-05-30 14:49:58,663 [SKIP] len error : ['④', 'やや低い', '10回〜50回', '17.6%']
2026-05-30 14:49:58,663 [SKIP] len error : ['⑤', '低い', '10回未満', '11.0%']
2026-05-30 14:49:58,664 1380件 / ?件中 23:49
2026-05-30 14:49:58,697 [TOTAL] None
2026-05-30 14:49:58,697 [COUNT] 1380
2026-05-30 14:50:00,197 [PAGE] 70
2026-05-30 14:50:00,519 [SKIP] len error : ['東P', '東証プライム']
2026-05-30 14:50:00,519 [SKIP] len error : ['東S', '東証スタンダード']
2026-05-30 14:50:00,520 [SKIP] len error : ['東G', '東証グロース']
2026-05-30 14:50:00,520 [SKIP] len error : ['東Ｅ', '東証ETF']
2026-05-30 14:50:00,520 [SKIP] len error : ['東EN', '東証ETN']
2026-05-30 14:50:00,520 [SKIP] len error : ['東Ｒ', '東証REIT']
2026-05-30 14:50:00,520 [SKIP] len error : ['東IF', '東証インフラファンド']
2026-05-30 14:50:00,520 [SKIP] len error : ['名Ｐ', '名証プレミア']
2026-05-30 14:50:00,520 [SKIP] len error : ['名M', '名証メイン']
2026-05-30 14:50:00,520 [SKIP] len error : ['名N', '名証ネクスト']
2026-05-30 14:50:00,520 [SKIP] len error : ['名Ｅ', '名証ETF']
2026-05-30 14:50:00,520 [SKIP] len error : ['札Ａ', '札証アンビシャス']
2026-05-30 14:50:00,520 [SKIP] len error : ['福Ｑ', '福証Q-Board']
2026-05-30 14:50:00,520 [SKIP] len error : ['①', '高い', '1,000回以上', '13.9%']
2026-05-30 14:50:00,520 [SKIP] len error : ['②', 'やや高い', '400回〜1,000回', '18.5%']
2026-05-30 14:50:00,520 [SKIP] len error : ['③', '中位', '50回〜400回', '39.0%']
2026-05-30 14:50:00,520 [SKIP] len error : ['④', 'やや低い', '10回〜50回', '17.6%']
2026-05-30 14:50:00,520 [SKIP] len error : ['⑤', '低い', '10回未満', '11.0%']
2026-05-30 14:50:00,520 1400件 / ?件中 23:50
2026-05-30 14:50:00,554 [TOTAL] None
2026-05-30 14:50:00,554 [COUNT] 1400
2026-05-30 14:50:01,398 [PAGE] 71
2026-05-30 14:50:01,714 [SKIP] len error : ['東P', '東証プライム']
2026-05-30 14:50:01,714 [SKIP] len error : ['東S', '東証スタンダード']
2026-05-30 14:50:01,715 [SKIP] len error : ['東G', '東証グロース']
2026-05-30 14:50:01,715 [SKIP] len error : ['東Ｅ', '東証ETF']
2026-05-30 14:50:01,715 [SKIP] len error : ['東EN', '東証ETN']
2026-05-30 14:50:01,715 [SKIP] len error : ['東Ｒ', '東証REIT']
2026-05-30 14:50:01,715 [SKIP] len error : ['東IF', '東証インフラファンド']
2026-05-30 14:50:01,715 [SKIP] len error : ['名Ｐ', '名証プレミア']
2026-05-30 14:50:01,715 [SKIP] len error : ['名M', '名証メイン']
2026-05-30 14:50:01,715 [SKIP] len error : ['名N', '名証ネクスト']
2026-05-30 14:50:01,715 [SKIP] len error : ['名Ｅ', '名証ETF']
2026-05-30 14:50:01,715 [SKIP] len error : ['札Ａ', '札証アンビシャス']
2026-05-30 14:50:01,715 [SKIP] len error : ['福Ｑ', '福証Q-Board']
2026-05-30 14:50:01,715 [SKIP] len error : ['①', '高い', '1,000回以上', '13.9%']
2026-05-30 14:50:01,715 [SKIP] len error : ['②', 'やや高い', '400回〜1,000回', '18.5%']
2026-05-30 14:50:01,715 [SKIP] len error : ['③', '中位', '50回〜400回', '39.0%']
2026-05-30 14:50:01,715 [SKIP] len error : ['④', 'やや低い', '10回〜50回', '17.6%']
2026-05-30 14:50:01,715 [SKIP] len error : ['⑤', '低い', '10回未満', '11.0%']
2026-05-30 14:50:01,715 1420件 / ?件中 23:50
2026-05-30 14:50:01,748 [TOTAL] None
2026-05-30 14:50:01,748 [COUNT] 1420
2026-05-30 14:50:02,378 [PAGE] 72
2026-05-30 14:50:02,699 [SKIP] len error : ['東P', '東証プライム']
2026-05-30 14:50:02,699 [SKIP] len error : ['東S', '東証スタンダード']
2026-05-30 14:50:02,699 [SKIP] len error : ['東G', '東証グロース']
2026-05-30 14:50:02,699 [SKIP] len error : ['東Ｅ', '東証ETF']
2026-05-30 14:50:02,699 [SKIP] len error : ['東EN', '東証ETN']
2026-05-30 14:50:02,699 [SKIP] len error : ['東Ｒ', '東証REIT']
2026-05-30 14:50:02,699 [SKIP] len error : ['東IF', '東証インフラファンド']
2026-05-30 14:50:02,699 [SKIP] len error : ['名Ｐ', '名証プレミア']
2026-05-30 14:50:02,699 [SKIP] len error : ['名M', '名証メイン']
2026-05-30 14:50:02,699 [SKIP] len error : ['名N', '名証ネクスト']
2026-05-30 14:50:02,699 [SKIP] len error : ['名Ｅ', '名証ETF']
2026-05-30 14:50:02,699 [SKIP] len error : ['札Ａ', '札証アンビシャス']
2026-05-30 14:50:02,699 [SKIP] len error : ['福Ｑ', '福証Q-Board']
2026-05-30 14:50:02,699 [SKIP] len error : ['①', '高い', '1,000回以上', '13.9%']
2026-05-30 14:50:02,699 [SKIP] len error : ['②', 'やや高い', '400回〜1,000回', '18.5%']
2026-05-30 14:50:02,699 [SKIP] len error : ['③', '中位', '50回〜400回', '39.0%']
2026-05-30 14:50:02,699 [SKIP] len error : ['④', 'やや低い', '10回〜50回', '17.6%']
2026-05-30 14:50:02,699 [SKIP] len error : ['⑤', '低い', '10回未満', '11.0%']
2026-05-30 14:50:02,700 1440件 / ?件中 23:50
2026-05-30 14:50:02,733 [TOTAL] None
2026-05-30 14:50:02,733 [COUNT] 1440
2026-05-30 14:50:03,536 [PAGE] 73
2026-05-30 14:50:03,875 [SKIP] len error : ['東P', '東証プライム']
2026-05-30 14:50:03,875 [SKIP] len error : ['東S', '東証スタンダード']
2026-05-30 14:50:03,875 [SKIP] len error : ['東G', '東証グロース']
2026-05-30 14:50:03,875 [SKIP] len error : ['東Ｅ', '東証ETF']
2026-05-30 14:50:03,875 [SKIP] len error : ['東EN', '東証ETN']
2026-05-30 14:50:03,875 [SKIP] len error : ['東Ｒ', '東証REIT']
2026-05-30 14:50:03,875 [SKIP] len error : ['東IF', '東証インフラファンド']
2026-05-30 14:50:03,875 [SKIP] len error : ['名Ｐ', '名証プレミア']
2026-05-30 14:50:03,875 [SKIP] len error : ['名M', '名証メイン']
2026-05-30 14:50:03,875 [SKIP] len error : ['名N', '名証ネクスト']
2026-05-30 14:50:03,875 [SKIP] len error : ['名Ｅ', '名証ETF']
2026-05-30 14:50:03,875 [SKIP] len error : ['札Ａ', '札証アンビシャス']
2026-05-30 14:50:03,875 [SKIP] len error : ['福Ｑ', '福証Q-Board']
2026-05-30 14:50:03,875 [SKIP] len error : ['①', '高い', '1,000回以上', '13.9%']
2026-05-30 14:50:03,875 [SKIP] len error : ['②', 'やや高い', '400回〜1,000回', '18.5%']
2026-05-30 14:50:03,875 [SKIP] len error : ['③', '中位', '50回〜400回', '39.0%']
2026-05-30 14:50:03,875 [SKIP] len error : ['④', 'やや低い', '10回〜50回', '17.6%']
2026-05-30 14:50:03,875 [SKIP] len error : ['⑤', '低い', '10回未満', '11.0%']
2026-05-30 14:50:03,875 1460件 / ?件中 23:50
2026-05-30 14:50:03,909 [TOTAL] None
2026-05-30 14:50:03,909 [COUNT] 1460
2026-05-30 14:50:04,745 [PAGE] 74
2026-05-30 14:50:05,036 [SKIP] len error : ['東P', '東証プライム']
2026-05-30 14:50:05,036 [SKIP] len error : ['東S', '東証スタンダード']
2026-05-30 14:50:05,036 [SKIP] len error : ['東G', '東証グロース']
2026-05-30 14:50:05,036 [SKIP] len error : ['東Ｅ', '東証ETF']
2026-05-30 14:50:05,036 [SKIP] len error : ['東EN', '東証ETN']
2026-05-30 14:50:05,036 [SKIP] len error : ['東Ｒ', '東証REIT']
2026-05-30 14:50:05,036 [SKIP] len error : ['東IF', '東証インフラファンド']
2026-05-30 14:50:05,036 [SKIP] len error : ['名Ｐ', '名証プレミア']
2026-05-30 14:50:05,036 [SKIP] len error : ['名M', '名証メイン']
2026-05-30 14:50:05,036 [SKIP] len error : ['名N', '名証ネクスト']
2026-05-30 14:50:05,036 [SKIP] len error : ['名Ｅ', '名証ETF']
2026-05-30 14:50:05,036 [SKIP] len error : ['札Ａ', '札証アンビシャス']
2026-05-30 14:50:05,036 [SKIP] len error : ['福Ｑ', '福証Q-Board']
2026-05-30 14:50:05,036 [SKIP] len error : ['①', '高い', '1,000回以上', '13.9%']
2026-05-30 14:50:05,036 [SKIP] len error : ['②', 'やや高い', '400回〜1,000回', '18.5%']
2026-05-30 14:50:05,036 [SKIP] len error : ['③', '中位', '50回〜400回', '39.0%']
2026-05-30 14:50:05,036 [SKIP] len error : ['④', 'やや低い', '10回〜50回', '17.6%']
2026-05-30 14:50:05,036 [SKIP] len error : ['⑤', '低い', '10回未満', '11.0%']
2026-05-30 14:50:05,037 1480件 / ?件中 23:50
2026-05-30 14:50:05,070 [TOTAL] None
2026-05-30 14:50:05,070 [COUNT] 1480
2026-05-30 14:50:06,121 [PAGE] 75
2026-05-30 14:50:06,463 [SKIP] len error : ['東P', '東証プライム']
2026-05-30 14:50:06,463 [SKIP] len error : ['東S', '東証スタンダード']
2026-05-30 14:50:06,463 [SKIP] len error : ['東G', '東証グロース']
2026-05-30 14:50:06,463 [SKIP] len error : ['東Ｅ', '東証ETF']
2026-05-30 14:50:06,463 [SKIP] len error : ['東EN', '東証ETN']
2026-05-30 14:50:06,463 [SKIP] len error : ['東Ｒ', '東証REIT']
2026-05-30 14:50:06,463 [SKIP] len error : ['東IF', '東証インフラファンド']
2026-05-30 14:50:06,463 [SKIP] len error : ['名Ｐ', '名証プレミア']
2026-05-30 14:50:06,463 [SKIP] len error : ['名M', '名証メイン']
2026-05-30 14:50:06,464 [SKIP] len error : ['名N', '名証ネクスト']
2026-05-30 14:50:06,464 [SKIP] len error : ['名Ｅ', '名証ETF']
2026-05-30 14:50:06,464 [SKIP] len error : ['札Ａ', '札証アンビシャス']
2026-05-30 14:50:06,464 [SKIP] len error : ['福Ｑ', '福証Q-Board']
2026-05-30 14:50:06,464 [SKIP] len error : ['①', '高い', '1,000回以上', '13.9%']
2026-05-30 14:50:06,464 [SKIP] len error : ['②', 'やや高い', '400回〜1,000回', '18.5%']
2026-05-30 14:50:06,464 [SKIP] len error : ['③', '中位', '50回〜400回', '39.0%']
2026-05-30 14:50:06,464 [SKIP] len error : ['④', 'やや低い', '10回〜50回', '17.6%']
2026-05-30 14:50:06,464 [SKIP] len error : ['⑤', '低い', '10回未満', '11.0%']
2026-05-30 14:50:06,464 1500件 / ?件中 23:50
2026-05-30 14:50:06,498 [TOTAL] None
2026-05-30 14:50:06,498 [COUNT] 1500
2026-05-30 14:50:07,293 [PAGE] 76
2026-05-30 14:50:07,601 [SKIP] len error : ['東P', '東証プライム']
2026-05-30 14:50:07,601 [SKIP] len error : ['東S', '東証スタンダード']
2026-05-30 14:50:07,601 [SKIP] len error : ['東G', '東証グロース']
2026-05-30 14:50:07,601 [SKIP] len error : ['東Ｅ', '東証ETF']
2026-05-30 14:50:07,601 [SKIP] len error : ['東EN', '東証ETN']
2026-05-30 14:50:07,601 [SKIP] len error : ['東Ｒ', '東証REIT']
2026-05-30 14:50:07,601 [SKIP] len error : ['東IF', '東証インフラファンド']
2026-05-30 14:50:07,601 [SKIP] len error : ['名Ｐ', '名証プレミア']
2026-05-30 14:50:07,601 [SKIP] len error : ['名M', '名証メイン']
2026-05-30 14:50:07,601 [SKIP] len error : ['名N', '名証ネクスト']
2026-05-30 14:50:07,601 [SKIP] len error : ['名Ｅ', '名証ETF']
2026-05-30 14:50:07,601 [SKIP] len error : ['札Ａ', '札証アンビシャス']
2026-05-30 14:50:07,602 [SKIP] len error : ['福Ｑ', '福証Q-Board']
2026-05-30 14:50:07,602 [SKIP] len error : ['①', '高い', '1,000回以上', '13.9%']
2026-05-30 14:50:07,602 [SKIP] len error : ['②', 'やや高い', '400回〜1,000回', '18.5%']
2026-05-30 14:50:07,602 [SKIP] len error : ['③', '中位', '50回〜400回', '39.0%']
2026-05-30 14:50:07,602 [SKIP] len error : ['④', 'やや低い', '10回〜50回', '17.6%']
2026-05-30 14:50:07,602 [SKIP] len error : ['⑤', '低い', '10回未満', '11.0%']
2026-05-30 14:50:07,602 1520件 / ?件中 23:50
2026-05-30 14:50:07,635 [TOTAL] None
2026-05-30 14:50:07,635 [COUNT] 1520
2026-05-30 14:50:08,219 [PAGE] 77
2026-05-30 14:50:08,529 [SKIP] len error : ['東P', '東証プライム']
2026-05-30 14:50:08,530 [SKIP] len error : ['東S', '東証スタンダード']
2026-05-30 14:50:08,530 [SKIP] len error : ['東G', '東証グロース']
2026-05-30 14:50:08,530 [SKIP] len error : ['東Ｅ', '東証ETF']
2026-05-30 14:50:08,530 [SKIP] len error : ['東EN', '東証ETN']
2026-05-30 14:50:08,530 [SKIP] len error : ['東Ｒ', '東証REIT']
2026-05-30 14:50:08,530 [SKIP] len error : ['東IF', '東証インフラファンド']
2026-05-30 14:50:08,530 [SKIP] len error : ['名Ｐ', '名証プレミア']
2026-05-30 14:50:08,530 [SKIP] len error : ['名M', '名証メイン']
2026-05-30 14:50:08,530 [SKIP] len error : ['名N', '名証ネクスト']
2026-05-30 14:50:08,530 [SKIP] len error : ['名Ｅ', '名証ETF']
2026-05-30 14:50:08,530 [SKIP] len error : ['札Ａ', '札証アンビシャス']
2026-05-30 14:50:08,530 [SKIP] len error : ['福Ｑ', '福証Q-Board']
2026-05-30 14:50:08,530 [SKIP] len error : ['①', '高い', '1,000回以上', '13.9%']
2026-05-30 14:50:08,530 [SKIP] len error : ['②', 'やや高い', '400回〜1,000回', '18.5%']
2026-05-30 14:50:08,530 [SKIP] len error : ['③', '中位', '50回〜400回', '39.0%']
2026-05-30 14:50:08,530 [SKIP] len error : ['④', 'やや低い', '10回〜50回', '17.6%']
2026-05-30 14:50:08,530 [SKIP] len error : ['⑤', '低い', '10回未満', '11.0%']
2026-05-30 14:50:08,530 1540件 / ?件中 23:50
2026-05-30 14:50:08,563 [TOTAL] None
2026-05-30 14:50:08,563 [COUNT] 1540
2026-05-30 14:50:10,060 [PAGE] 78
2026-05-30 14:50:10,413 [SKIP] len error : ['東P', '東証プライム']
2026-05-30 14:50:10,413 [SKIP] len error : ['東S', '東証スタンダード']
2026-05-30 14:50:10,413 [SKIP] len error : ['東G', '東証グロース']
2026-05-30 14:50:10,413 [SKIP] len error : ['東Ｅ', '東証ETF']
2026-05-30 14:50:10,413 [SKIP] len error : ['東EN', '東証ETN']
2026-05-30 14:50:10,413 [SKIP] len error : ['東Ｒ', '東証REIT']
2026-05-30 14:50:10,413 [SKIP] len error : ['東IF', '東証インフラファンド']
2026-05-30 14:50:10,413 [SKIP] len error : ['名Ｐ', '名証プレミア']
2026-05-30 14:50:10,413 [SKIP] len error : ['名M', '名証メイン']
2026-05-30 14:50:10,413 [SKIP] len error : ['名N', '名証ネクスト']
2026-05-30 14:50:10,413 [SKIP] len error : ['名Ｅ', '名証ETF']
2026-05-30 14:50:10,413 [SKIP] len error : ['札Ａ', '札証アンビシャス']
2026-05-30 14:50:10,413 [SKIP] len error : ['福Ｑ', '福証Q-Board']
2026-05-30 14:50:10,413 [SKIP] len error : ['①', '高い', '1,000回以上', '13.9%']
2026-05-30 14:50:10,413 [SKIP] len error : ['②', 'やや高い', '400回〜1,000回', '18.5%']
2026-05-30 14:50:10,413 [SKIP] len error : ['③', '中位', '50回〜400回', '39.0%']
2026-05-30 14:50:10,413 [SKIP] len error : ['④', 'やや低い', '10回〜50回', '17.6%']
2026-05-30 14:50:10,413 [SKIP] len error : ['⑤', '低い', '10回未満', '11.0%']
2026-05-30 14:50:10,414 1560件 / ?件中 23:50
2026-05-30 14:50:10,447 [TOTAL] None
2026-05-30 14:50:10,447 [COUNT] 1560
2026-05-30 14:50:11,155 [PAGE] 79
2026-05-30 14:50:11,477 [SKIP] len error : ['東P', '東証プライム']
2026-05-30 14:50:11,477 [SKIP] len error : ['東S', '東証スタンダード']
2026-05-30 14:50:11,477 [SKIP] len error : ['東G', '東証グロース']
2026-05-30 14:50:11,477 [SKIP] len error : ['東Ｅ', '東証ETF']
2026-05-30 14:50:11,477 [SKIP] len error : ['東EN', '東証ETN']
2026-05-30 14:50:11,477 [SKIP] len error : ['東Ｒ', '東証REIT']
2026-05-30 14:50:11,477 [SKIP] len error : ['東IF', '東証インフラファンド']
2026-05-30 14:50:11,477 [SKIP] len error : ['名Ｐ', '名証プレミア']
2026-05-30 14:50:11,477 [SKIP] len error : ['名M', '名証メイン']
2026-05-30 14:50:11,477 [SKIP] len error : ['名N', '名証ネクスト']
2026-05-30 14:50:11,477 [SKIP] len error : ['名Ｅ', '名証ETF']
2026-05-30 14:50:11,477 [SKIP] len error : ['札Ａ', '札証アンビシャス']
2026-05-30 14:50:11,477 [SKIP] len error : ['福Ｑ', '福証Q-Board']
2026-05-30 14:50:11,477 [SKIP] len error : ['①', '高い', '1,000回以上', '13.9%']
2026-05-30 14:50:11,477 [SKIP] len error : ['②', 'やや高い', '400回〜1,000回', '18.5%']
2026-05-30 14:50:11,477 [SKIP] len error : ['③', '中位', '50回〜400回', '39.0%']
2026-05-30 14:50:11,477 [SKIP] len error : ['④', 'やや低い', '10回〜50回', '17.6%']
2026-05-30 14:50:11,477 [SKIP] len error : ['⑤', '低い', '10回未満', '11.0%']
2026-05-30 14:50:11,477 1580件 / ?件中 23:50
2026-05-30 14:50:11,511 [TOTAL] None
2026-05-30 14:50:11,511 [COUNT] 1580
2026-05-30 14:50:12,074 [PAGE] 80
2026-05-30 14:50:12,401 [SKIP] len error : ['東P', '東証プライム']
2026-05-30 14:50:12,402 [SKIP] len error : ['東S', '東証スタンダード']
2026-05-30 14:50:12,402 [SKIP] len error : ['東G', '東証グロース']
2026-05-30 14:50:12,402 [SKIP] len error : ['東Ｅ', '東証ETF']
2026-05-30 14:50:12,402 [SKIP] len error : ['東EN', '東証ETN']
2026-05-30 14:50:12,402 [SKIP] len error : ['東Ｒ', '東証REIT']
2026-05-30 14:50:12,402 [SKIP] len error : ['東IF', '東証インフラファンド']
2026-05-30 14:50:12,402 [SKIP] len error : ['名Ｐ', '名証プレミア']
2026-05-30 14:50:12,402 [SKIP] len error : ['名M', '名証メイン']
2026-05-30 14:50:12,402 [SKIP] len error : ['名N', '名証ネクスト']
2026-05-30 14:50:12,402 [SKIP] len error : ['名Ｅ', '名証ETF']
2026-05-30 14:50:12,402 [SKIP] len error : ['札Ａ', '札証アンビシャス']
2026-05-30 14:50:12,402 [SKIP] len error : ['福Ｑ', '福証Q-Board']
2026-05-30 14:50:12,402 [SKIP] len error : ['①', '高い', '1,000回以上', '13.9%']
2026-05-30 14:50:12,402 [SKIP] len error : ['②', 'やや高い', '400回〜1,000回', '18.5%']
2026-05-30 14:50:12,402 [SKIP] len error : ['③', '中位', '50回〜400回', '39.0%']
2026-05-30 14:50:12,402 [SKIP] len error : ['④', 'やや低い', '10回〜50回', '17.6%']
2026-05-30 14:50:12,402 [SKIP] len error : ['⑤', '低い', '10回未満', '11.0%']
2026-05-30 14:50:12,402 1600件 / ?件中 23:50
2026-05-30 14:50:12,436 [TOTAL] None
2026-05-30 14:50:12,436 [COUNT] 1600
2026-05-30 14:50:13,934 [PAGE] 81
2026-05-30 14:50:14,253 [SKIP] len error : ['東P', '東証プライム']
2026-05-30 14:50:14,253 [SKIP] len error : ['東S', '東証スタンダード']
2026-05-30 14:50:14,253 [SKIP] len error : ['東G', '東証グロース']
2026-05-30 14:50:14,253 [SKIP] len error : ['東Ｅ', '東証ETF']
2026-05-30 14:50:14,253 [SKIP] len error : ['東EN', '東証ETN']
2026-05-30 14:50:14,253 [SKIP] len error : ['東Ｒ', '東証REIT']
2026-05-30 14:50:14,253 [SKIP] len error : ['東IF', '東証インフラファンド']
2026-05-30 14:50:14,253 [SKIP] len error : ['名Ｐ', '名証プレミア']
2026-05-30 14:50:14,253 [SKIP] len error : ['名M', '名証メイン']
2026-05-30 14:50:14,253 [SKIP] len error : ['名N', '名証ネクスト']
2026-05-30 14:50:14,253 [SKIP] len error : ['名Ｅ', '名証ETF']
2026-05-30 14:50:14,253 [SKIP] len error : ['札Ａ', '札証アンビシャス']
2026-05-30 14:50:14,253 [SKIP] len error : ['福Ｑ', '福証Q-Board']
2026-05-30 14:50:14,253 [SKIP] len error : ['①', '高い', '1,000回以上', '13.9%']
2026-05-30 14:50:14,253 [SKIP] len error : ['②', 'やや高い', '400回〜1,000回', '18.5%']
2026-05-30 14:50:14,253 [SKIP] len error : ['③', '中位', '50回〜400回', '39.0%']
2026-05-30 14:50:14,253 [SKIP] len error : ['④', 'やや低い', '10回〜50回', '17.6%']
2026-05-30 14:50:14,253 [SKIP] len error : ['⑤', '低い', '10回未満', '11.0%']
2026-05-30 14:50:14,253 1620件 / ?件中 23:50
2026-05-30 14:50:14,286 [TOTAL] None
2026-05-30 14:50:14,286 [COUNT] 1620
2026-05-30 14:50:15,265 [PAGE] 82
2026-05-30 14:50:15,558 [SKIP] len error : ['東P', '東証プライム']
2026-05-30 14:50:15,558 [SKIP] len error : ['東S', '東証スタンダード']
2026-05-30 14:50:15,558 [SKIP] len error : ['東G', '東証グロース']
2026-05-30 14:50:15,558 [SKIP] len error : ['東Ｅ', '東証ETF']
2026-05-30 14:50:15,558 [SKIP] len error : ['東EN', '東証ETN']
2026-05-30 14:50:15,558 [SKIP] len error : ['東Ｒ', '東証REIT']
2026-05-30 14:50:15,558 [SKIP] len error : ['東IF', '東証インフラファンド']
2026-05-30 14:50:15,558 [SKIP] len error : ['名Ｐ', '名証プレミア']
2026-05-30 14:50:15,558 [SKIP] len error : ['名M', '名証メイン']
2026-05-30 14:50:15,558 [SKIP] len error : ['名N', '名証ネクスト']
2026-05-30 14:50:15,558 [SKIP] len error : ['名Ｅ', '名証ETF']
2026-05-30 14:50:15,558 [SKIP] len error : ['札Ａ', '札証アンビシャス']
2026-05-30 14:50:15,558 [SKIP] len error : ['福Ｑ', '福証Q-Board']
2026-05-30 14:50:15,558 [SKIP] len error : ['①', '高い', '1,000回以上', '13.9%']
2026-05-30 14:50:15,558 [SKIP] len error : ['②', 'やや高い', '400回〜1,000回', '18.5%']
2026-05-30 14:50:15,558 [SKIP] len error : ['③', '中位', '50回〜400回', '39.0%']
2026-05-30 14:50:15,558 [SKIP] len error : ['④', 'やや低い', '10回〜50回', '17.6%']
2026-05-30 14:50:15,558 [SKIP] len error : ['⑤', '低い', '10回未満', '11.0%']
2026-05-30 14:50:15,558 1640件 / ?件中 23:50
2026-05-30 14:50:15,628 [TOTAL] None
2026-05-30 14:50:15,628 [COUNT] 1640
2026-05-30 14:50:17,075 [PAGE] 83
2026-05-30 14:50:17,391 [SKIP] len error : ['東P', '東証プライム']
2026-05-30 14:50:17,391 [SKIP] len error : ['東S', '東証スタンダード']
2026-05-30 14:50:17,391 [SKIP] len error : ['東G', '東証グロース']
2026-05-30 14:50:17,391 [SKIP] len error : ['東Ｅ', '東証ETF']
2026-05-30 14:50:17,391 [SKIP] len error : ['東EN', '東証ETN']
2026-05-30 14:50:17,391 [SKIP] len error : ['東Ｒ', '東証REIT']
2026-05-30 14:50:17,391 [SKIP] len error : ['東IF', '東証インフラファンド']
2026-05-30 14:50:17,391 [SKIP] len error : ['名Ｐ', '名証プレミア']
2026-05-30 14:50:17,391 [SKIP] len error : ['名M', '名証メイン']
2026-05-30 14:50:17,392 [SKIP] len error : ['名N', '名証ネクスト']
2026-05-30 14:50:17,392 [SKIP] len error : ['名Ｅ', '名証ETF']
2026-05-30 14:50:17,392 [SKIP] len error : ['札Ａ', '札証アンビシャス']
2026-05-30 14:50:17,392 [SKIP] len error : ['福Ｑ', '福証Q-Board']
2026-05-30 14:50:17,392 [SKIP] len error : ['①', '高い', '1,000回以上', '13.9%']
2026-05-30 14:50:17,392 [SKIP] len error : ['②', 'やや高い', '400回〜1,000回', '18.5%']
2026-05-30 14:50:17,392 [SKIP] len error : ['③', '中位', '50回〜400回', '39.0%']
2026-05-30 14:50:17,392 [SKIP] len error : ['④', 'やや低い', '10回〜50回', '17.6%']
2026-05-30 14:50:17,392 [SKIP] len error : ['⑤', '低い', '10回未満', '11.0%']
2026-05-30 14:50:17,392 1660件 / ?件中 23:50
2026-05-30 14:50:17,426 [TOTAL] None
2026-05-30 14:50:17,426 [COUNT] 1660
2026-05-30 14:50:18,820 [PAGE] 84
2026-05-30 14:50:19,156 [SKIP] len error : ['東P', '東証プライム']
2026-05-30 14:50:19,156 [SKIP] len error : ['東S', '東証スタンダード']
2026-05-30 14:50:19,156 [SKIP] len error : ['東G', '東証グロース']
2026-05-30 14:50:19,156 [SKIP] len error : ['東Ｅ', '東証ETF']
2026-05-30 14:50:19,156 [SKIP] len error : ['東EN', '東証ETN']
2026-05-30 14:50:19,156 [SKIP] len error : ['東Ｒ', '東証REIT']
2026-05-30 14:50:19,156 [SKIP] len error : ['東IF', '東証インフラファンド']
2026-05-30 14:50:19,156 [SKIP] len error : ['名Ｐ', '名証プレミア']
2026-05-30 14:50:19,156 [SKIP] len error : ['名M', '名証メイン']
2026-05-30 14:50:19,156 [SKIP] len error : ['名N', '名証ネクスト']
2026-05-30 14:50:19,156 [SKIP] len error : ['名Ｅ', '名証ETF']
2026-05-30 14:50:19,156 [SKIP] len error : ['札Ａ', '札証アンビシャス']
2026-05-30 14:50:19,156 [SKIP] len error : ['福Ｑ', '福証Q-Board']
2026-05-30 14:50:19,156 [SKIP] len error : ['①', '高い', '1,000回以上', '13.9%']
2026-05-30 14:50:19,157 [SKIP] len error : ['②', 'やや高い', '400回〜1,000回', '18.5%']
2026-05-30 14:50:19,157 [SKIP] len error : ['③', '中位', '50回〜400回', '39.0%']
2026-05-30 14:50:19,157 [SKIP] len error : ['④', 'やや低い', '10回〜50回', '17.6%']
2026-05-30 14:50:19,157 [SKIP] len error : ['⑤', '低い', '10回未満', '11.0%']
2026-05-30 14:50:19,157 1680件 / ?件中 23:50
2026-05-30 14:50:19,190 [TOTAL] None
2026-05-30 14:50:19,191 [COUNT] 1680
2026-05-30 14:50:19,917 [PAGE] 85
2026-05-30 14:50:20,242 [SKIP] len error : ['東P', '東証プライム']
2026-05-30 14:50:20,243 [SKIP] len error : ['東S', '東証スタンダード']
2026-05-30 14:50:20,243 [SKIP] len error : ['東G', '東証グロース']
2026-05-30 14:50:20,243 [SKIP] len error : ['東Ｅ', '東証ETF']
2026-05-30 14:50:20,243 [SKIP] len error : ['東EN', '東証ETN']
2026-05-30 14:50:20,243 [SKIP] len error : ['東Ｒ', '東証REIT']
2026-05-30 14:50:20,243 [SKIP] len error : ['東IF', '東証インフラファンド']
2026-05-30 14:50:20,243 [SKIP] len error : ['名Ｐ', '名証プレミア']
2026-05-30 14:50:20,243 [SKIP] len error : ['名M', '名証メイン']
2026-05-30 14:50:20,243 [SKIP] len error : ['名N', '名証ネクスト']
2026-05-30 14:50:20,243 [SKIP] len error : ['名Ｅ', '名証ETF']
2026-05-30 14:50:20,243 [SKIP] len error : ['札Ａ', '札証アンビシャス']
2026-05-30 14:50:20,243 [SKIP] len error : ['福Ｑ', '福証Q-Board']
2026-05-30 14:50:20,243 [SKIP] len error : ['①', '高い', '1,000回以上', '13.9%']
2026-05-30 14:50:20,243 [SKIP] len error : ['②', 'やや高い', '400回〜1,000回', '18.5%']
2026-05-30 14:50:20,243 [SKIP] len error : ['③', '中位', '50回〜400回', '39.0%']
2026-05-30 14:50:20,243 [SKIP] len error : ['④', 'やや低い', '10回〜50回', '17.6%']
2026-05-30 14:50:20,243 [SKIP] len error : ['⑤', '低い', '10回未満', '11.0%']
2026-05-30 14:50:20,243 1700件 / ?件中 23:50
2026-05-30 14:50:20,277 [TOTAL] None
2026-05-30 14:50:20,277 [COUNT] 1700
2026-05-30 14:50:21,516 [PAGE] 86
2026-05-30 14:50:21,835 [SKIP] len error : ['東P', '東証プライム']
2026-05-30 14:50:21,835 [SKIP] len error : ['東S', '東証スタンダード']
2026-05-30 14:50:21,835 [SKIP] len error : ['東G', '東証グロース']
2026-05-30 14:50:21,835 [SKIP] len error : ['東Ｅ', '東証ETF']
2026-05-30 14:50:21,835 [SKIP] len error : ['東EN', '東証ETN']
2026-05-30 14:50:21,835 [SKIP] len error : ['東Ｒ', '東証REIT']
2026-05-30 14:50:21,835 [SKIP] len error : ['東IF', '東証インフラファンド']
2026-05-30 14:50:21,835 [SKIP] len error : ['名Ｐ', '名証プレミア']
2026-05-30 14:50:21,835 [SKIP] len error : ['名M', '名証メイン']
2026-05-30 14:50:21,835 [SKIP] len error : ['名N', '名証ネクスト']
2026-05-30 14:50:21,835 [SKIP] len error : ['名Ｅ', '名証ETF']
2026-05-30 14:50:21,835 [SKIP] len error : ['札Ａ', '札証アンビシャス']
2026-05-30 14:50:21,835 [SKIP] len error : ['福Ｑ', '福証Q-Board']
2026-05-30 14:50:21,835 [SKIP] len error : ['①', '高い', '1,000回以上', '13.9%']
2026-05-30 14:50:21,835 [SKIP] len error : ['②', 'やや高い', '400回〜1,000回', '18.5%']
2026-05-30 14:50:21,835 [SKIP] len error : ['③', '中位', '50回〜400回', '39.0%']
2026-05-30 14:50:21,835 [SKIP] len error : ['④', 'やや低い', '10回〜50回', '17.6%']
2026-05-30 14:50:21,835 [SKIP] len error : ['⑤', '低い', '10回未満', '11.0%']
2026-05-30 14:50:21,835 1720件 / ?件中 23:50
2026-05-30 14:50:21,869 [TOTAL] None
2026-05-30 14:50:21,869 [COUNT] 1720
2026-05-30 14:50:23,215 [PAGE] 87
2026-05-30 14:50:23,537 [SKIP] len error : ['東P', '東証プライム']
2026-05-30 14:50:23,538 [SKIP] len error : ['東S', '東証スタンダード']
2026-05-30 14:50:23,538 [SKIP] len error : ['東G', '東証グロース']
2026-05-30 14:50:23,538 [SKIP] len error : ['東Ｅ', '東証ETF']
2026-05-30 14:50:23,538 [SKIP] len error : ['東EN', '東証ETN']
2026-05-30 14:50:23,538 [SKIP] len error : ['東Ｒ', '東証REIT']
2026-05-30 14:50:23,538 [SKIP] len error : ['東IF', '東証インフラファンド']
2026-05-30 14:50:23,538 [SKIP] len error : ['名Ｐ', '名証プレミア']
2026-05-30 14:50:23,538 [SKIP] len error : ['名M', '名証メイン']
2026-05-30 14:50:23,538 [SKIP] len error : ['名N', '名証ネクスト']
2026-05-30 14:50:23,538 [SKIP] len error : ['名Ｅ', '名証ETF']
2026-05-30 14:50:23,538 [SKIP] len error : ['札Ａ', '札証アンビシャス']
2026-05-30 14:50:23,538 [SKIP] len error : ['福Ｑ', '福証Q-Board']
2026-05-30 14:50:23,538 [SKIP] len error : ['①', '高い', '1,000回以上', '13.9%']
2026-05-30 14:50:23,538 [SKIP] len error : ['②', 'やや高い', '400回〜1,000回', '18.5%']
2026-05-30 14:50:23,538 [SKIP] len error : ['③', '中位', '50回〜400回', '39.0%']
2026-05-30 14:50:23,538 [SKIP] len error : ['④', 'やや低い', '10回〜50回', '17.6%']
2026-05-30 14:50:23,538 [SKIP] len error : ['⑤', '低い', '10回未満', '11.0%']
2026-05-30 14:50:23,538 1740件 / ?件中 23:50
2026-05-30 14:50:23,612 [TOTAL] None
2026-05-30 14:50:23,612 [COUNT] 1740
2026-05-30 14:50:25,064 [PAGE] 88
2026-05-30 14:50:25,367 [SKIP] len error : ['東P', '東証プライム']
2026-05-30 14:50:25,367 [SKIP] len error : ['東S', '東証スタンダード']
2026-05-30 14:50:25,367 [SKIP] len error : ['東G', '東証グロース']
2026-05-30 14:50:25,367 [SKIP] len error : ['東Ｅ', '東証ETF']
2026-05-30 14:50:25,367 [SKIP] len error : ['東EN', '東証ETN']
2026-05-30 14:50:25,367 [SKIP] len error : ['東Ｒ', '東証REIT']
2026-05-30 14:50:25,367 [SKIP] len error : ['東IF', '東証インフラファンド']
2026-05-30 14:50:25,367 [SKIP] len error : ['名Ｐ', '名証プレミア']
2026-05-30 14:50:25,367 [SKIP] len error : ['名M', '名証メイン']
2026-05-30 14:50:25,367 [SKIP] len error : ['名N', '名証ネクスト']
2026-05-30 14:50:25,368 [SKIP] len error : ['名Ｅ', '名証ETF']
2026-05-30 14:50:25,368 [SKIP] len error : ['札Ａ', '札証アンビシャス']
2026-05-30 14:50:25,368 [SKIP] len error : ['福Ｑ', '福証Q-Board']
2026-05-30 14:50:25,368 [SKIP] len error : ['①', '高い', '1,000回以上', '13.9%']
2026-05-30 14:50:25,368 [SKIP] len error : ['②', 'やや高い', '400回〜1,000回', '18.5%']
2026-05-30 14:50:25,368 [SKIP] len error : ['③', '中位', '50回〜400回', '39.0%']
2026-05-30 14:50:25,368 [SKIP] len error : ['④', 'やや低い', '10回〜50回', '17.6%']
2026-05-30 14:50:25,368 [SKIP] len error : ['⑤', '低い', '10回未満', '11.0%']
2026-05-30 14:50:25,368 1760件 / ?件中 23:50
2026-05-30 14:50:25,402 [TOTAL] None
2026-05-30 14:50:25,402 [COUNT] 1760
2026-05-30 14:50:26,576 [PAGE] 89
2026-05-30 14:50:26,890 [SKIP] len error : ['東P', '東証プライム']
2026-05-30 14:50:26,890 [SKIP] len error : ['東S', '東証スタンダード']
2026-05-30 14:50:26,890 [SKIP] len error : ['東G', '東証グロース']
2026-05-30 14:50:26,890 [SKIP] len error : ['東Ｅ', '東証ETF']
2026-05-30 14:50:26,890 [SKIP] len error : ['東EN', '東証ETN']
2026-05-30 14:50:26,890 [SKIP] len error : ['東Ｒ', '東証REIT']
2026-05-30 14:50:26,890 [SKIP] len error : ['東IF', '東証インフラファンド']
2026-05-30 14:50:26,890 [SKIP] len error : ['名Ｐ', '名証プレミア']
2026-05-30 14:50:26,890 [SKIP] len error : ['名M', '名証メイン']
2026-05-30 14:50:26,890 [SKIP] len error : ['名N', '名証ネクスト']
2026-05-30 14:50:26,890 [SKIP] len error : ['名Ｅ', '名証ETF']
2026-05-30 14:50:26,890 [SKIP] len error : ['札Ａ', '札証アンビシャス']
2026-05-30 14:50:26,890 [SKIP] len error : ['福Ｑ', '福証Q-Board']
2026-05-30 14:50:26,890 [SKIP] len error : ['①', '高い', '1,000回以上', '13.9%']
2026-05-30 14:50:26,890 [SKIP] len error : ['②', 'やや高い', '400回〜1,000回', '18.5%']
2026-05-30 14:50:26,891 [SKIP] len error : ['③', '中位', '50回〜400回', '39.0%']
2026-05-30 14:50:26,891 [SKIP] len error : ['④', 'やや低い', '10回〜50回', '17.6%']
2026-05-30 14:50:26,891 [SKIP] len error : ['⑤', '低い', '10回未満', '11.0%']
2026-05-30 14:50:26,891 1780件 / ?件中 23:50
2026-05-30 14:50:26,924 [TOTAL] None
2026-05-30 14:50:26,925 [COUNT] 1780
2026-05-30 14:50:28,096 [PAGE] 90
2026-05-30 14:50:28,404 [SKIP] len error : ['東P', '東証プライム']
2026-05-30 14:50:28,404 [SKIP] len error : ['東S', '東証スタンダード']
2026-05-30 14:50:28,404 [SKIP] len error : ['東G', '東証グロース']
2026-05-30 14:50:28,404 [SKIP] len error : ['東Ｅ', '東証ETF']
2026-05-30 14:50:28,404 [SKIP] len error : ['東EN', '東証ETN']
2026-05-30 14:50:28,404 [SKIP] len error : ['東Ｒ', '東証REIT']
2026-05-30 14:50:28,404 [SKIP] len error : ['東IF', '東証インフラファンド']
2026-05-30 14:50:28,404 [SKIP] len error : ['名Ｐ', '名証プレミア']
2026-05-30 14:50:28,404 [SKIP] len error : ['名M', '名証メイン']
2026-05-30 14:50:28,404 [SKIP] len error : ['名N', '名証ネクスト']
2026-05-30 14:50:28,404 [SKIP] len error : ['名Ｅ', '名証ETF']
2026-05-30 14:50:28,404 [SKIP] len error : ['札Ａ', '札証アンビシャス']
2026-05-30 14:50:28,404 [SKIP] len error : ['福Ｑ', '福証Q-Board']
2026-05-30 14:50:28,404 [SKIP] len error : ['①', '高い', '1,000回以上', '13.9%']
2026-05-30 14:50:28,404 [SKIP] len error : ['②', 'やや高い', '400回〜1,000回', '18.5%']
2026-05-30 14:50:28,404 [SKIP] len error : ['③', '中位', '50回〜400回', '39.0%']
2026-05-30 14:50:28,404 [SKIP] len error : ['④', 'やや低い', '10回〜50回', '17.6%']
2026-05-30 14:50:28,404 [SKIP] len error : ['⑤', '低い', '10回未満', '11.0%']
2026-05-30 14:50:28,405 1800件 / ?件中 23:50
2026-05-30 14:50:28,441 [TOTAL] None
2026-05-30 14:50:28,441 [COUNT] 1800
2026-05-30 14:50:29,415 [PAGE] 91
2026-05-30 14:50:29,714 [SKIP] len error : ['東P', '東証プライム']
2026-05-30 14:50:29,714 [SKIP] len error : ['東S', '東証スタンダード']
2026-05-30 14:50:29,715 [SKIP] len error : ['東G', '東証グロース']
2026-05-30 14:50:29,715 [SKIP] len error : ['東Ｅ', '東証ETF']
2026-05-30 14:50:29,715 [SKIP] len error : ['東EN', '東証ETN']
2026-05-30 14:50:29,715 [SKIP] len error : ['東Ｒ', '東証REIT']
2026-05-30 14:50:29,715 [SKIP] len error : ['東IF', '東証インフラファンド']
2026-05-30 14:50:29,715 [SKIP] len error : ['名Ｐ', '名証プレミア']
2026-05-30 14:50:29,715 [SKIP] len error : ['名M', '名証メイン']
2026-05-30 14:50:29,715 [SKIP] len error : ['名N', '名証ネクスト']
2026-05-30 14:50:29,715 [SKIP] len error : ['名Ｅ', '名証ETF']
2026-05-30 14:50:29,715 [SKIP] len error : ['札Ａ', '札証アンビシャス']
2026-05-30 14:50:29,715 [SKIP] len error : ['福Ｑ', '福証Q-Board']
2026-05-30 14:50:29,715 [SKIP] len error : ['①', '高い', '1,000回以上', '13.9%']
2026-05-30 14:50:29,715 [SKIP] len error : ['②', 'やや高い', '400回〜1,000回', '18.5%']
2026-05-30 14:50:29,715 [SKIP] len error : ['③', '中位', '50回〜400回', '39.0%']
2026-05-30 14:50:29,715 [SKIP] len error : ['④', 'やや低い', '10回〜50回', '17.6%']
2026-05-30 14:50:29,715 [SKIP] len error : ['⑤', '低い', '10回未満', '11.0%']
2026-05-30 14:50:29,715 1820件 / ?件中 23:50
2026-05-30 14:50:29,748 [TOTAL] None
2026-05-30 14:50:29,748 [COUNT] 1820
2026-05-30 14:50:30,465 [PAGE] 92
2026-05-30 14:50:30,829 [SKIP] len error : ['東P', '東証プライム']
2026-05-30 14:50:30,829 [SKIP] len error : ['東S', '東証スタンダード']
2026-05-30 14:50:30,829 [SKIP] len error : ['東G', '東証グロース']
2026-05-30 14:50:30,829 [SKIP] len error : ['東Ｅ', '東証ETF']
2026-05-30 14:50:30,829 [SKIP] len error : ['東EN', '東証ETN']
2026-05-30 14:50:30,829 [SKIP] len error : ['東Ｒ', '東証REIT']
2026-05-30 14:50:30,829 [SKIP] len error : ['東IF', '東証インフラファンド']
2026-05-30 14:50:30,829 [SKIP] len error : ['名Ｐ', '名証プレミア']
2026-05-30 14:50:30,829 [SKIP] len error : ['名M', '名証メイン']
2026-05-30 14:50:30,829 [SKIP] len error : ['名N', '名証ネクスト']
2026-05-30 14:50:30,829 [SKIP] len error : ['名Ｅ', '名証ETF']
2026-05-30 14:50:30,829 [SKIP] len error : ['札Ａ', '札証アンビシャス']
2026-05-30 14:50:30,829 [SKIP] len error : ['福Ｑ', '福証Q-Board']
2026-05-30 14:50:30,829 [SKIP] len error : ['①', '高い', '1,000回以上', '13.9%']
2026-05-30 14:50:30,829 [SKIP] len error : ['②', 'やや高い', '400回〜1,000回', '18.5%']
2026-05-30 14:50:30,829 [SKIP] len error : ['③', '中位', '50回〜400回', '39.0%']
2026-05-30 14:50:30,829 [SKIP] len error : ['④', 'やや低い', '10回〜50回', '17.6%']
2026-05-30 14:50:30,829 [SKIP] len error : ['⑤', '低い', '10回未満', '11.0%']
2026-05-30 14:50:30,830 1840件 / ?件中 23:50
2026-05-30 14:50:30,863 [TOTAL] None
2026-05-30 14:50:30,863 [COUNT] 1840
2026-05-30 14:50:31,575 [PAGE] 93
2026-05-30 14:50:31,887 [SKIP] len error : ['東P', '東証プライム']
2026-05-30 14:50:31,887 [SKIP] len error : ['東S', '東証スタンダード']
2026-05-30 14:50:31,887 [SKIP] len error : ['東G', '東証グロース']
2026-05-30 14:50:31,887 [SKIP] len error : ['東Ｅ', '東証ETF']
2026-05-30 14:50:31,887 [SKIP] len error : ['東EN', '東証ETN']
2026-05-30 14:50:31,887 [SKIP] len error : ['東Ｒ', '東証REIT']
2026-05-30 14:50:31,887 [SKIP] len error : ['東IF', '東証インフラファンド']
2026-05-30 14:50:31,887 [SKIP] len error : ['名Ｐ', '名証プレミア']
2026-05-30 14:50:31,887 [SKIP] len error : ['名M', '名証メイン']
2026-05-30 14:50:31,887 [SKIP] len error : ['名N', '名証ネクスト']
2026-05-30 14:50:31,887 [SKIP] len error : ['名Ｅ', '名証ETF']
2026-05-30 14:50:31,887 [SKIP] len error : ['札Ａ', '札証アンビシャス']
2026-05-30 14:50:31,887 [SKIP] len error : ['福Ｑ', '福証Q-Board']
2026-05-30 14:50:31,888 [SKIP] len error : ['①', '高い', '1,000回以上', '13.9%']
2026-05-30 14:50:31,888 [SKIP] len error : ['②', 'やや高い', '400回〜1,000回', '18.5%']
2026-05-30 14:50:31,888 [SKIP] len error : ['③', '中位', '50回〜400回', '39.0%']
2026-05-30 14:50:31,888 [SKIP] len error : ['④', 'やや低い', '10回〜50回', '17.6%']
2026-05-30 14:50:31,888 [SKIP] len error : ['⑤', '低い', '10回未満', '11.0%']
2026-05-30 14:50:31,888 1860件 / ?件中 23:50
2026-05-30 14:50:31,922 [TOTAL] None
2026-05-30 14:50:31,922 [COUNT] 1860
2026-05-30 14:50:32,764 [PAGE] 94
2026-05-30 14:50:33,083 [SKIP] len error : ['東P', '東証プライム']
2026-05-30 14:50:33,083 [SKIP] len error : ['東S', '東証スタンダード']
2026-05-30 14:50:33,083 [SKIP] len error : ['東G', '東証グロース']
2026-05-30 14:50:33,083 [SKIP] len error : ['東Ｅ', '東証ETF']
2026-05-30 14:50:33,083 [SKIP] len error : ['東EN', '東証ETN']
2026-05-30 14:50:33,083 [SKIP] len error : ['東Ｒ', '東証REIT']
2026-05-30 14:50:33,083 [SKIP] len error : ['東IF', '東証インフラファンド']
2026-05-30 14:50:33,083 [SKIP] len error : ['名Ｐ', '名証プレミア']
2026-05-30 14:50:33,083 [SKIP] len error : ['名M', '名証メイン']
2026-05-30 14:50:33,083 [SKIP] len error : ['名N', '名証ネクスト']
2026-05-30 14:50:33,083 [SKIP] len error : ['名Ｅ', '名証ETF']
2026-05-30 14:50:33,083 [SKIP] len error : ['札Ａ', '札証アンビシャス']
2026-05-30 14:50:33,083 [SKIP] len error : ['福Ｑ', '福証Q-Board']
2026-05-30 14:50:33,083 [SKIP] len error : ['①', '高い', '1,000回以上', '13.9%']
2026-05-30 14:50:33,083 [SKIP] len error : ['②', 'やや高い', '400回〜1,000回', '18.5%']
2026-05-30 14:50:33,083 [SKIP] len error : ['③', '中位', '50回〜400回', '39.0%']
2026-05-30 14:50:33,083 [SKIP] len error : ['④', 'やや低い', '10回〜50回', '17.6%']
2026-05-30 14:50:33,083 [SKIP] len error : ['⑤', '低い', '10回未満', '11.0%']
2026-05-30 14:50:33,084 1880件 / ?件中 23:50
2026-05-30 14:50:33,117 [TOTAL] None
2026-05-30 14:50:33,117 [COUNT] 1880
2026-05-30 14:50:33,626 [PAGE] 95
2026-05-30 14:50:33,940 [SKIP] len error : ['東P', '東証プライム']
2026-05-30 14:50:33,940 [SKIP] len error : ['東S', '東証スタンダード']
2026-05-30 14:50:33,940 [SKIP] len error : ['東G', '東証グロース']
2026-05-30 14:50:33,940 [SKIP] len error : ['東Ｅ', '東証ETF']
2026-05-30 14:50:33,940 [SKIP] len error : ['東EN', '東証ETN']
2026-05-30 14:50:33,940 [SKIP] len error : ['東Ｒ', '東証REIT']
2026-05-30 14:50:33,940 [SKIP] len error : ['東IF', '東証インフラファンド']
2026-05-30 14:50:33,940 [SKIP] len error : ['名Ｐ', '名証プレミア']
2026-05-30 14:50:33,940 [SKIP] len error : ['名M', '名証メイン']
2026-05-30 14:50:33,940 [SKIP] len error : ['名N', '名証ネクスト']
2026-05-30 14:50:33,940 [SKIP] len error : ['名Ｅ', '名証ETF']
2026-05-30 14:50:33,940 [SKIP] len error : ['札Ａ', '札証アンビシャス']
2026-05-30 14:50:33,940 [SKIP] len error : ['福Ｑ', '福証Q-Board']
2026-05-30 14:50:33,940 [SKIP] len error : ['①', '高い', '1,000回以上', '13.9%']
2026-05-30 14:50:33,940 [SKIP] len error : ['②', 'やや高い', '400回〜1,000回', '18.5%']
2026-05-30 14:50:33,940 [SKIP] len error : ['③', '中位', '50回〜400回', '39.0%']
2026-05-30 14:50:33,940 [SKIP] len error : ['④', 'やや低い', '10回〜50回', '17.6%']
2026-05-30 14:50:33,940 [SKIP] len error : ['⑤', '低い', '10回未満', '11.0%']
2026-05-30 14:50:33,940 1900件 / ?件中 23:50
2026-05-30 14:50:33,973 [TOTAL] None
2026-05-30 14:50:33,973 [COUNT] 1900
2026-05-30 14:50:35,155 [PAGE] 96
2026-05-30 14:50:35,475 [SKIP] len error : ['東P', '東証プライム']
2026-05-30 14:50:35,475 [SKIP] len error : ['東S', '東証スタンダード']
2026-05-30 14:50:35,475 [SKIP] len error : ['東G', '東証グロース']
2026-05-30 14:50:35,475 [SKIP] len error : ['東Ｅ', '東証ETF']
2026-05-30 14:50:35,475 [SKIP] len error : ['東EN', '東証ETN']
2026-05-30 14:50:35,475 [SKIP] len error : ['東Ｒ', '東証REIT']
2026-05-30 14:50:35,475 [SKIP] len error : ['東IF', '東証インフラファンド']
2026-05-30 14:50:35,475 [SKIP] len error : ['名Ｐ', '名証プレミア']
2026-05-30 14:50:35,475 [SKIP] len error : ['名M', '名証メイン']
2026-05-30 14:50:35,475 [SKIP] len error : ['名N', '名証ネクスト']
2026-05-30 14:50:35,475 [SKIP] len error : ['名Ｅ', '名証ETF']
2026-05-30 14:50:35,475 [SKIP] len error : ['札Ａ', '札証アンビシャス']
2026-05-30 14:50:35,475 [SKIP] len error : ['福Ｑ', '福証Q-Board']
2026-05-30 14:50:35,475 [SKIP] len error : ['①', '高い', '1,000回以上', '13.9%']
2026-05-30 14:50:35,475 [SKIP] len error : ['②', 'やや高い', '400回〜1,000回', '18.5%']
2026-05-30 14:50:35,475 [SKIP] len error : ['③', '中位', '50回〜400回', '39.0%']
2026-05-30 14:50:35,475 [SKIP] len error : ['④', 'やや低い', '10回〜50回', '17.6%']
2026-05-30 14:50:35,475 [SKIP] len error : ['⑤', '低い', '10回未満', '11.0%']
2026-05-30 14:50:35,475 1920件 / ?件中 23:50
2026-05-30 14:50:35,549 [TOTAL] None
2026-05-30 14:50:35,549 [COUNT] 1920
2026-05-30 14:50:36,407 [PAGE] 97
2026-05-30 14:50:36,724 [SKIP] len error : ['東P', '東証プライム']
2026-05-30 14:50:36,724 [SKIP] len error : ['東S', '東証スタンダード']
2026-05-30 14:50:36,724 [SKIP] len error : ['東G', '東証グロース']
2026-05-30 14:50:36,724 [SKIP] len error : ['東Ｅ', '東証ETF']
2026-05-30 14:50:36,724 [SKIP] len error : ['東EN', '東証ETN']
2026-05-30 14:50:36,724 [SKIP] len error : ['東Ｒ', '東証REIT']
2026-05-30 14:50:36,724 [SKIP] len error : ['東IF', '東証インフラファンド']
2026-05-30 14:50:36,724 [SKIP] len error : ['名Ｐ', '名証プレミア']
2026-05-30 14:50:36,724 [SKIP] len error : ['名M', '名証メイン']
2026-05-30 14:50:36,724 [SKIP] len error : ['名N', '名証ネクスト']
2026-05-30 14:50:36,724 [SKIP] len error : ['名Ｅ', '名証ETF']
2026-05-30 14:50:36,724 [SKIP] len error : ['札Ａ', '札証アンビシャス']
2026-05-30 14:50:36,724 [SKIP] len error : ['福Ｑ', '福証Q-Board']
2026-05-30 14:50:36,724 [SKIP] len error : ['①', '高い', '1,000回以上', '13.9%']
2026-05-30 14:50:36,724 [SKIP] len error : ['②', 'やや高い', '400回〜1,000回', '18.5%']
2026-05-30 14:50:36,724 [SKIP] len error : ['③', '中位', '50回〜400回', '39.0%']
2026-05-30 14:50:36,724 [SKIP] len error : ['④', 'やや低い', '10回〜50回', '17.6%']
2026-05-30 14:50:36,724 [SKIP] len error : ['⑤', '低い', '10回未満', '11.0%']
2026-05-30 14:50:36,724 1940件 / ?件中 23:50
2026-05-30 14:50:36,758 [TOTAL] None
2026-05-30 14:50:36,758 [COUNT] 1940
2026-05-30 14:50:37,957 [PAGE] 98
2026-05-30 14:50:38,266 [SKIP] len error : ['東P', '東証プライム']
2026-05-30 14:50:38,266 [SKIP] len error : ['東S', '東証スタンダード']
2026-05-30 14:50:38,266 [SKIP] len error : ['東G', '東証グロース']
2026-05-30 14:50:38,266 [SKIP] len error : ['東Ｅ', '東証ETF']
2026-05-30 14:50:38,266 [SKIP] len error : ['東EN', '東証ETN']
2026-05-30 14:50:38,266 [SKIP] len error : ['東Ｒ', '東証REIT']
2026-05-30 14:50:38,266 [SKIP] len error : ['東IF', '東証インフラファンド']
2026-05-30 14:50:38,266 [SKIP] len error : ['名Ｐ', '名証プレミア']
2026-05-30 14:50:38,266 [SKIP] len error : ['名M', '名証メイン']
2026-05-30 14:50:38,266 [SKIP] len error : ['名N', '名証ネクスト']
2026-05-30 14:50:38,266 [SKIP] len error : ['名Ｅ', '名証ETF']
2026-05-30 14:50:38,266 [SKIP] len error : ['札Ａ', '札証アンビシャス']
2026-05-30 14:50:38,266 [SKIP] len error : ['福Ｑ', '福証Q-Board']
2026-05-30 14:50:38,266 [SKIP] len error : ['①', '高い', '1,000回以上', '13.9%']
2026-05-30 14:50:38,266 [SKIP] len error : ['②', 'やや高い', '400回〜1,000回', '18.5%']
2026-05-30 14:50:38,266 [SKIP] len error : ['③', '中位', '50回〜400回', '39.0%']
2026-05-30 14:50:38,266 [SKIP] len error : ['④', 'やや低い', '10回〜50回', '17.6%']
2026-05-30 14:50:38,266 [SKIP] len error : ['⑤', '低い', '10回未満', '11.0%']
2026-05-30 14:50:38,267 1960件 / ?件中 23:50
2026-05-30 14:50:38,300 [TOTAL] None
2026-05-30 14:50:38,301 [COUNT] 1960
2026-05-30 14:50:39,583 [PAGE] 99
2026-05-30 14:50:39,889 [SKIP] len error : ['東P', '東証プライム']
2026-05-30 14:50:39,889 [SKIP] len error : ['東S', '東証スタンダード']
2026-05-30 14:50:39,889 [SKIP] len error : ['東G', '東証グロース']
2026-05-30 14:50:39,889 [SKIP] len error : ['東Ｅ', '東証ETF']
2026-05-30 14:50:39,889 [SKIP] len error : ['東EN', '東証ETN']
2026-05-30 14:50:39,889 [SKIP] len error : ['東Ｒ', '東証REIT']
2026-05-30 14:50:39,889 [SKIP] len error : ['東IF', '東証インフラファンド']
2026-05-30 14:50:39,889 [SKIP] len error : ['名Ｐ', '名証プレミア']
2026-05-30 14:50:39,889 [SKIP] len error : ['名M', '名証メイン']
2026-05-30 14:50:39,889 [SKIP] len error : ['名N', '名証ネクスト']
2026-05-30 14:50:39,889 [SKIP] len error : ['名Ｅ', '名証ETF']
2026-05-30 14:50:39,889 [SKIP] len error : ['札Ａ', '札証アンビシャス']
2026-05-30 14:50:39,889 [SKIP] len error : ['福Ｑ', '福証Q-Board']
2026-05-30 14:50:39,890 [SKIP] len error : ['①', '高い', '1,000回以上', '13.9%']
2026-05-30 14:50:39,890 [SKIP] len error : ['②', 'やや高い', '400回〜1,000回', '18.5%']
2026-05-30 14:50:39,890 [SKIP] len error : ['③', '中位', '50回〜400回', '39.0%']
2026-05-30 14:50:39,890 [SKIP] len error : ['④', 'やや低い', '10回〜50回', '17.6%']
2026-05-30 14:50:39,890 [SKIP] len error : ['⑤', '低い', '10回未満', '11.0%']
2026-05-30 14:50:39,890 1980件 / ?件中 23:50
2026-05-30 14:50:39,924 [TOTAL] None
2026-05-30 14:50:39,924 [COUNT] 1980
2026-05-30 14:50:40,595 [PAGE] 100
2026-05-30 14:50:40,884 [SKIP] len error : ['東P', '東証プライム']
2026-05-30 14:50:40,884 [SKIP] len error : ['東S', '東証スタンダード']
2026-05-30 14:50:40,884 [SKIP] len error : ['東G', '東証グロース']
2026-05-30 14:50:40,884 [SKIP] len error : ['東Ｅ', '東証ETF']
2026-05-30 14:50:40,884 [SKIP] len error : ['東EN', '東証ETN']
2026-05-30 14:50:40,884 [SKIP] len error : ['東Ｒ', '東証REIT']
2026-05-30 14:50:40,884 [SKIP] len error : ['東IF', '東証インフラファンド']
2026-05-30 14:50:40,884 [SKIP] len error : ['名Ｐ', '名証プレミア']
2026-05-30 14:50:40,884 [SKIP] len error : ['名M', '名証メイン']
2026-05-30 14:50:40,884 [SKIP] len error : ['名N', '名証ネクスト']
2026-05-30 14:50:40,884 [SKIP] len error : ['名Ｅ', '名証ETF']
2026-05-30 14:50:40,884 [SKIP] len error : ['札Ａ', '札証アンビシャス']
2026-05-30 14:50:40,884 [SKIP] len error : ['福Ｑ', '福証Q-Board']
2026-05-30 14:50:40,884 [SKIP] len error : ['①', '高い', '1,000回以上', '13.9%']
2026-05-30 14:50:40,884 [SKIP] len error : ['②', 'やや高い', '400回〜1,000回', '18.5%']
2026-05-30 14:50:40,884 [SKIP] len error : ['③', '中位', '50回〜400回', '39.0%']
2026-05-30 14:50:40,884 [SKIP] len error : ['④', 'やや低い', '10回〜50回', '17.6%']
2026-05-30 14:50:40,884 [SKIP] len error : ['⑤', '低い', '10回未満', '11.0%']
2026-05-30 14:50:40,884 2000件 / ?件中 23:50
2026-05-30 14:50:40,917 [TOTAL] None
2026-05-30 14:50:40,917 [COUNT] 2000
2026-05-30 14:50:41,953 [SLEEP] 2000件到達 -> 199秒休憩
2026-05-30 14:54:00,953 [PAGE] 101
2026-05-30 14:54:01,844 [SKIP] len error : ['東P', '東証プライム']
2026-05-30 14:54:01,844 [SKIP] len error : ['東S', '東証スタンダード']
2026-05-30 14:54:01,844 [SKIP] len error : ['東G', '東証グロース']
2026-05-30 14:54:01,844 [SKIP] len error : ['東Ｅ', '東証ETF']
2026-05-30 14:54:01,844 [SKIP] len error : ['東EN', '東証ETN']
2026-05-30 14:54:01,844 [SKIP] len error : ['東Ｒ', '東証REIT']
2026-05-30 14:54:01,844 [SKIP] len error : ['東IF', '東証インフラファンド']
2026-05-30 14:54:01,844 [SKIP] len error : ['名Ｐ', '名証プレミア']
2026-05-30 14:54:01,844 [SKIP] len error : ['名M', '名証メイン']
2026-05-30 14:54:01,844 [SKIP] len error : ['名N', '名証ネクスト']
2026-05-30 14:54:01,844 [SKIP] len error : ['名Ｅ', '名証ETF']
2026-05-30 14:54:01,844 [SKIP] len error : ['札Ａ', '札証アンビシャス']
2026-05-30 14:54:01,844 [SKIP] len error : ['福Ｑ', '福証Q-Board']
2026-05-30 14:54:01,844 [SKIP] len error : ['①', '高い', '1,000回以上', '13.9%']
2026-05-30 14:54:01,844 [SKIP] len error : ['②', 'やや高い', '400回〜1,000回', '18.5%']
2026-05-30 14:54:01,844 [SKIP] len error : ['③', '中位', '50回〜400回', '39.0%']
2026-05-30 14:54:01,844 [SKIP] len error : ['④', 'やや低い', '10回〜50回', '17.6%']
2026-05-30 14:54:01,844 [SKIP] len error : ['⑤', '低い', '10回未満', '11.0%']
2026-05-30 14:54:01,845 2020件 / ?件中 23:54
2026-05-30 14:54:01,924 [TOTAL] None
2026-05-30 14:54:01,924 [COUNT] 2020
2026-05-30 14:54:03,234 [PAGE] 102
2026-05-30 14:54:03,532 [SKIP] len error : ['東P', '東証プライム']
2026-05-30 14:54:03,532 [SKIP] len error : ['東S', '東証スタンダード']
2026-05-30 14:54:03,532 [SKIP] len error : ['東G', '東証グロース']
2026-05-30 14:54:03,533 [SKIP] len error : ['東Ｅ', '東証ETF']
2026-05-30 14:54:03,533 [SKIP] len error : ['東EN', '東証ETN']
2026-05-30 14:54:03,533 [SKIP] len error : ['東Ｒ', '東証REIT']
2026-05-30 14:54:03,533 [SKIP] len error : ['東IF', '東証インフラファンド']
2026-05-30 14:54:03,533 [SKIP] len error : ['名Ｐ', '名証プレミア']
2026-05-30 14:54:03,533 [SKIP] len error : ['名M', '名証メイン']
2026-05-30 14:54:03,533 [SKIP] len error : ['名N', '名証ネクスト']
2026-05-30 14:54:03,533 [SKIP] len error : ['名Ｅ', '名証ETF']
2026-05-30 14:54:03,533 [SKIP] len error : ['札Ａ', '札証アンビシャス']
2026-05-30 14:54:03,533 [SKIP] len error : ['福Ｑ', '福証Q-Board']
2026-05-30 14:54:03,533 [SKIP] len error : ['①', '高い', '1,000回以上', '13.9%']
2026-05-30 14:54:03,533 [SKIP] len error : ['②', 'やや高い', '400回〜1,000回', '18.5%']
2026-05-30 14:54:03,533 [SKIP] len error : ['③', '中位', '50回〜400回', '39.0%']
2026-05-30 14:54:03,533 [SKIP] len error : ['④', 'やや低い', '10回〜50回', '17.6%']
2026-05-30 14:54:03,533 [SKIP] len error : ['⑤', '低い', '10回未満', '11.0%']
2026-05-30 14:54:03,533 2040件 / ?件中 23:54
2026-05-30 14:54:03,567 [TOTAL] None
2026-05-30 14:54:03,568 [COUNT] 2040
2026-05-30 14:54:04,093 [PAGE] 103
2026-05-30 14:54:04,389 [SKIP] len error : ['東P', '東証プライム']
2026-05-30 14:54:04,389 [SKIP] len error : ['東S', '東証スタンダード']
2026-05-30 14:54:04,390 [SKIP] len error : ['東G', '東証グロース']
2026-05-30 14:54:04,390 [SKIP] len error : ['東Ｅ', '東証ETF']
2026-05-30 14:54:04,390 [SKIP] len error : ['東EN', '東証ETN']
2026-05-30 14:54:04,390 [SKIP] len error : ['東Ｒ', '東証REIT']
2026-05-30 14:54:04,390 [SKIP] len error : ['東IF', '東証インフラファンド']
2026-05-30 14:54:04,390 [SKIP] len error : ['名Ｐ', '名証プレミア']
2026-05-30 14:54:04,390 [SKIP] len error : ['名M', '名証メイン']
2026-05-30 14:54:04,390 [SKIP] len error : ['名N', '名証ネクスト']
2026-05-30 14:54:04,390 [SKIP] len error : ['名Ｅ', '名証ETF']
2026-05-30 14:54:04,390 [SKIP] len error : ['札Ａ', '札証アンビシャス']
2026-05-30 14:54:04,390 [SKIP] len error : ['福Ｑ', '福証Q-Board']
2026-05-30 14:54:04,390 [SKIP] len error : ['①', '高い', '1,000回以上', '13.9%']
2026-05-30 14:54:04,390 [SKIP] len error : ['②', 'やや高い', '400回〜1,000回', '18.5%']
2026-05-30 14:54:04,390 [SKIP] len error : ['③', '中位', '50回〜400回', '39.0%']
2026-05-30 14:54:04,390 [SKIP] len error : ['④', 'やや低い', '10回〜50回', '17.6%']
2026-05-30 14:54:04,390 [SKIP] len error : ['⑤', '低い', '10回未満', '11.0%']
2026-05-30 14:54:04,390 2060件 / ?件中 23:54
2026-05-30 14:54:04,424 [TOTAL] None
2026-05-30 14:54:04,424 [COUNT] 2060
2026-05-30 14:54:05,630 [PAGE] 104
2026-05-30 14:54:05,930 [SKIP] len error : ['東P', '東証プライム']
2026-05-30 14:54:05,930 [SKIP] len error : ['東S', '東証スタンダード']
2026-05-30 14:54:05,930 [SKIP] len error : ['東G', '東証グロース']
2026-05-30 14:54:05,930 [SKIP] len error : ['東Ｅ', '東証ETF']
2026-05-30 14:54:05,930 [SKIP] len error : ['東EN', '東証ETN']
2026-05-30 14:54:05,930 [SKIP] len error : ['東Ｒ', '東証REIT']
2026-05-30 14:54:05,931 [SKIP] len error : ['東IF', '東証インフラファンド']
2026-05-30 14:54:05,931 [SKIP] len error : ['名Ｐ', '名証プレミア']
2026-05-30 14:54:05,931 [SKIP] len error : ['名M', '名証メイン']
2026-05-30 14:54:05,931 [SKIP] len error : ['名N', '名証ネクスト']
2026-05-30 14:54:05,931 [SKIP] len error : ['名Ｅ', '名証ETF']
2026-05-30 14:54:05,931 [SKIP] len error : ['札Ａ', '札証アンビシャス']
2026-05-30 14:54:05,931 [SKIP] len error : ['福Ｑ', '福証Q-Board']
2026-05-30 14:54:05,931 [SKIP] len error : ['①', '高い', '1,000回以上', '13.9%']
2026-05-30 14:54:05,931 [SKIP] len error : ['②', 'やや高い', '400回〜1,000回', '18.5%']
2026-05-30 14:54:05,931 [SKIP] len error : ['③', '中位', '50回〜400回', '39.0%']
2026-05-30 14:54:05,931 [SKIP] len error : ['④', 'やや低い', '10回〜50回', '17.6%']
2026-05-30 14:54:05,931 [SKIP] len error : ['⑤', '低い', '10回未満', '11.0%']
2026-05-30 14:54:05,931 2080件 / ?件中 23:54
2026-05-30 14:54:05,965 [TOTAL] None
2026-05-30 14:54:05,965 [COUNT] 2080
2026-05-30 14:54:06,728 [PAGE] 105
2026-05-30 14:54:07,045 [SKIP] len error : ['東P', '東証プライム']
2026-05-30 14:54:07,045 [SKIP] len error : ['東S', '東証スタンダード']
2026-05-30 14:54:07,045 [SKIP] len error : ['東G', '東証グロース']
2026-05-30 14:54:07,045 [SKIP] len error : ['東Ｅ', '東証ETF']
2026-05-30 14:54:07,045 [SKIP] len error : ['東EN', '東証ETN']
2026-05-30 14:54:07,045 [SKIP] len error : ['東Ｒ', '東証REIT']
2026-05-30 14:54:07,045 [SKIP] len error : ['東IF', '東証インフラファンド']
2026-05-30 14:54:07,045 [SKIP] len error : ['名Ｐ', '名証プレミア']
2026-05-30 14:54:07,045 [SKIP] len error : ['名M', '名証メイン']
2026-05-30 14:54:07,045 [SKIP] len error : ['名N', '名証ネクスト']
2026-05-30 14:54:07,045 [SKIP] len error : ['名Ｅ', '名証ETF']
2026-05-30 14:54:07,045 [SKIP] len error : ['札Ａ', '札証アンビシャス']
2026-05-30 14:54:07,045 [SKIP] len error : ['福Ｑ', '福証Q-Board']
2026-05-30 14:54:07,045 [SKIP] len error : ['①', '高い', '1,000回以上', '13.9%']
2026-05-30 14:54:07,045 [SKIP] len error : ['②', 'やや高い', '400回〜1,000回', '18.5%']
2026-05-30 14:54:07,045 [SKIP] len error : ['③', '中位', '50回〜400回', '39.0%']
2026-05-30 14:54:07,045 [SKIP] len error : ['④', 'やや低い', '10回〜50回', '17.6%']
2026-05-30 14:54:07,045 [SKIP] len error : ['⑤', '低い', '10回未満', '11.0%']
2026-05-30 14:54:07,045 2100件 / ?件中 23:54
2026-05-30 14:54:07,079 [TOTAL] None
2026-05-30 14:54:07,079 [COUNT] 2100
2026-05-30 14:54:07,613 [PAGE] 106
2026-05-30 14:54:07,988 [SKIP] len error : ['東P', '東証プライム']
2026-05-30 14:54:07,988 [SKIP] len error : ['東S', '東証スタンダード']
2026-05-30 14:54:07,988 [SKIP] len error : ['東G', '東証グロース']
2026-05-30 14:54:07,988 [SKIP] len error : ['東Ｅ', '東証ETF']
2026-05-30 14:54:07,988 [SKIP] len error : ['東EN', '東証ETN']
2026-05-30 14:54:07,988 [SKIP] len error : ['東Ｒ', '東証REIT']
2026-05-30 14:54:07,988 [SKIP] len error : ['東IF', '東証インフラファンド']
2026-05-30 14:54:07,988 [SKIP] len error : ['名Ｐ', '名証プレミア']
2026-05-30 14:54:07,988 [SKIP] len error : ['名M', '名証メイン']
2026-05-30 14:54:07,988 [SKIP] len error : ['名N', '名証ネクスト']
2026-05-30 14:54:07,988 [SKIP] len error : ['名Ｅ', '名証ETF']
2026-05-30 14:54:07,988 [SKIP] len error : ['札Ａ', '札証アンビシャス']
2026-05-30 14:54:07,988 [SKIP] len error : ['福Ｑ', '福証Q-Board']
2026-05-30 14:54:07,988 [SKIP] len error : ['①', '高い', '1,000回以上', '13.9%']
2026-05-30 14:54:07,988 [SKIP] len error : ['②', 'やや高い', '400回〜1,000回', '18.5%']
2026-05-30 14:54:07,988 [SKIP] len error : ['③', '中位', '50回〜400回', '39.0%']
2026-05-30 14:54:07,988 [SKIP] len error : ['④', 'やや低い', '10回〜50回', '17.6%']
2026-05-30 14:54:07,988 [SKIP] len error : ['⑤', '低い', '10回未満', '11.0%']
2026-05-30 14:54:07,988 2120件 / ?件中 23:54
2026-05-30 14:54:08,021 [TOTAL] None
2026-05-30 14:54:08,021 [COUNT] 2120
2026-05-30 14:54:08,843 [PAGE] 107
2026-05-30 14:54:09,142 [SKIP] len error : ['東P', '東証プライム']
2026-05-30 14:54:09,142 [SKIP] len error : ['東S', '東証スタンダード']
2026-05-30 14:54:09,142 [SKIP] len error : ['東G', '東証グロース']
2026-05-30 14:54:09,142 [SKIP] len error : ['東Ｅ', '東証ETF']
2026-05-30 14:54:09,142 [SKIP] len error : ['東EN', '東証ETN']
2026-05-30 14:54:09,142 [SKIP] len error : ['東Ｒ', '東証REIT']
2026-05-30 14:54:09,142 [SKIP] len error : ['東IF', '東証インフラファンド']
2026-05-30 14:54:09,142 [SKIP] len error : ['名Ｐ', '名証プレミア']
2026-05-30 14:54:09,142 [SKIP] len error : ['名M', '名証メイン']
2026-05-30 14:54:09,142 [SKIP] len error : ['名N', '名証ネクスト']
2026-05-30 14:54:09,142 [SKIP] len error : ['名Ｅ', '名証ETF']
2026-05-30 14:54:09,142 [SKIP] len error : ['札Ａ', '札証アンビシャス']
2026-05-30 14:54:09,142 [SKIP] len error : ['福Ｑ', '福証Q-Board']
2026-05-30 14:54:09,142 [SKIP] len error : ['①', '高い', '1,000回以上', '13.9%']
2026-05-30 14:54:09,142 [SKIP] len error : ['②', 'やや高い', '400回〜1,000回', '18.5%']
2026-05-30 14:54:09,142 [SKIP] len error : ['③', '中位', '50回〜400回', '39.0%']
2026-05-30 14:54:09,142 [SKIP] len error : ['④', 'やや低い', '10回〜50回', '17.6%']
2026-05-30 14:54:09,142 [SKIP] len error : ['⑤', '低い', '10回未満', '11.0%']
2026-05-30 14:54:09,143 2140件 / ?件中 23:54
2026-05-30 14:54:09,176 [TOTAL] None
2026-05-30 14:54:09,176 [COUNT] 2140
2026-05-30 14:54:10,351 [PAGE] 108
2026-05-30 14:54:10,651 [SKIP] len error : ['東P', '東証プライム']
2026-05-30 14:54:10,651 [SKIP] len error : ['東S', '東証スタンダード']
2026-05-30 14:54:10,651 [SKIP] len error : ['東G', '東証グロース']
2026-05-30 14:54:10,651 [SKIP] len error : ['東Ｅ', '東証ETF']
2026-05-30 14:54:10,651 [SKIP] len error : ['東EN', '東証ETN']
2026-05-30 14:54:10,651 [SKIP] len error : ['東Ｒ', '東証REIT']
2026-05-30 14:54:10,651 [SKIP] len error : ['東IF', '東証インフラファンド']
2026-05-30 14:54:10,651 [SKIP] len error : ['名Ｐ', '名証プレミア']
2026-05-30 14:54:10,651 [SKIP] len error : ['名M', '名証メイン']
2026-05-30 14:54:10,651 [SKIP] len error : ['名N', '名証ネクスト']
2026-05-30 14:54:10,651 [SKIP] len error : ['名Ｅ', '名証ETF']
2026-05-30 14:54:10,651 [SKIP] len error : ['札Ａ', '札証アンビシャス']
2026-05-30 14:54:10,651 [SKIP] len error : ['福Ｑ', '福証Q-Board']
2026-05-30 14:54:10,651 [SKIP] len error : ['①', '高い', '1,000回以上', '13.9%']
2026-05-30 14:54:10,651 [SKIP] len error : ['②', 'やや高い', '400回〜1,000回', '18.5%']
2026-05-30 14:54:10,651 [SKIP] len error : ['③', '中位', '50回〜400回', '39.0%']
2026-05-30 14:54:10,651 [SKIP] len error : ['④', 'やや低い', '10回〜50回', '17.6%']
2026-05-30 14:54:10,651 [SKIP] len error : ['⑤', '低い', '10回未満', '11.0%']
2026-05-30 14:54:10,652 2160件 / ?件中 23:54
2026-05-30 14:54:10,690 [TOTAL] None
2026-05-30 14:54:10,690 [COUNT] 2160
2026-05-30 14:54:12,010 [PAGE] 109
2026-05-30 14:54:12,321 [SKIP] len error : ['東P', '東証プライム']
2026-05-30 14:54:12,321 [SKIP] len error : ['東S', '東証スタンダード']
2026-05-30 14:54:12,321 [SKIP] len error : ['東G', '東証グロース']
2026-05-30 14:54:12,321 [SKIP] len error : ['東Ｅ', '東証ETF']
2026-05-30 14:54:12,321 [SKIP] len error : ['東EN', '東証ETN']
2026-05-30 14:54:12,321 [SKIP] len error : ['東Ｒ', '東証REIT']
2026-05-30 14:54:12,321 [SKIP] len error : ['東IF', '東証インフラファンド']
2026-05-30 14:54:12,321 [SKIP] len error : ['名Ｐ', '名証プレミア']
2026-05-30 14:54:12,321 [SKIP] len error : ['名M', '名証メイン']
2026-05-30 14:54:12,321 [SKIP] len error : ['名N', '名証ネクスト']
2026-05-30 14:54:12,321 [SKIP] len error : ['名Ｅ', '名証ETF']
2026-05-30 14:54:12,321 [SKIP] len error : ['札Ａ', '札証アンビシャス']
2026-05-30 14:54:12,321 [SKIP] len error : ['福Ｑ', '福証Q-Board']
2026-05-30 14:54:12,321 [SKIP] len error : ['①', '高い', '1,000回以上', '13.9%']
2026-05-30 14:54:12,321 [SKIP] len error : ['②', 'やや高い', '400回〜1,000回', '18.5%']
2026-05-30 14:54:12,322 [SKIP] len error : ['③', '中位', '50回〜400回', '39.0%']
2026-05-30 14:54:12,322 [SKIP] len error : ['④', 'やや低い', '10回〜50回', '17.6%']
2026-05-30 14:54:12,322 [SKIP] len error : ['⑤', '低い', '10回未満', '11.0%']
2026-05-30 14:54:12,322 2180件 / ?件中 23:54
2026-05-30 14:54:12,355 [TOTAL] None
2026-05-30 14:54:12,355 [COUNT] 2180
2026-05-30 14:54:13,157 [PAGE] 110
2026-05-30 14:54:13,460 [SKIP] len error : ['東P', '東証プライム']
2026-05-30 14:54:13,460 [SKIP] len error : ['東S', '東証スタンダード']
2026-05-30 14:54:13,460 [SKIP] len error : ['東G', '東証グロース']
2026-05-30 14:54:13,460 [SKIP] len error : ['東Ｅ', '東証ETF']
2026-05-30 14:54:13,460 [SKIP] len error : ['東EN', '東証ETN']
2026-05-30 14:54:13,460 [SKIP] len error : ['東Ｒ', '東証REIT']
2026-05-30 14:54:13,460 [SKIP] len error : ['東IF', '東証インフラファンド']
2026-05-30 14:54:13,460 [SKIP] len error : ['名Ｐ', '名証プレミア']
2026-05-30 14:54:13,460 [SKIP] len error : ['名M', '名証メイン']
2026-05-30 14:54:13,460 [SKIP] len error : ['名N', '名証ネクスト']
2026-05-30 14:54:13,461 [SKIP] len error : ['名Ｅ', '名証ETF']
2026-05-30 14:54:13,461 [SKIP] len error : ['札Ａ', '札証アンビシャス']
2026-05-30 14:54:13,461 [SKIP] len error : ['福Ｑ', '福証Q-Board']
2026-05-30 14:54:13,461 [SKIP] len error : ['①', '高い', '1,000回以上', '13.9%']
2026-05-30 14:54:13,461 [SKIP] len error : ['②', 'やや高い', '400回〜1,000回', '18.5%']
2026-05-30 14:54:13,461 [SKIP] len error : ['③', '中位', '50回〜400回', '39.0%']
2026-05-30 14:54:13,461 [SKIP] len error : ['④', 'やや低い', '10回〜50回', '17.6%']
2026-05-30 14:54:13,461 [SKIP] len error : ['⑤', '低い', '10回未満', '11.0%']
2026-05-30 14:54:13,461 2200件 / ?件中 23:54
2026-05-30 14:54:13,494 [TOTAL] None
2026-05-30 14:54:13,494 [COUNT] 2200
2026-05-30 14:54:14,604 [PAGE] 111
2026-05-30 14:54:14,992 [SKIP] len error : ['東P', '東証プライム']
2026-05-30 14:54:14,992 [SKIP] len error : ['東S', '東証スタンダード']
2026-05-30 14:54:14,992 [SKIP] len error : ['東G', '東証グロース']
2026-05-30 14:54:14,992 [SKIP] len error : ['東Ｅ', '東証ETF']
2026-05-30 14:54:14,992 [SKIP] len error : ['東EN', '東証ETN']
2026-05-30 14:54:14,992 [SKIP] len error : ['東Ｒ', '東証REIT']
2026-05-30 14:54:14,992 [SKIP] len error : ['東IF', '東証インフラファンド']
2026-05-30 14:54:14,992 [SKIP] len error : ['名Ｐ', '名証プレミア']
2026-05-30 14:54:14,992 [SKIP] len error : ['名M', '名証メイン']
2026-05-30 14:54:14,992 [SKIP] len error : ['名N', '名証ネクスト']
2026-05-30 14:54:14,992 [SKIP] len error : ['名Ｅ', '名証ETF']
2026-05-30 14:54:14,992 [SKIP] len error : ['札Ａ', '札証アンビシャス']
2026-05-30 14:54:14,992 [SKIP] len error : ['福Ｑ', '福証Q-Board']
2026-05-30 14:54:14,992 [SKIP] len error : ['①', '高い', '1,000回以上', '13.9%']
2026-05-30 14:54:14,992 [SKIP] len error : ['②', 'やや高い', '400回〜1,000回', '18.5%']
2026-05-30 14:54:14,992 [SKIP] len error : ['③', '中位', '50回〜400回', '39.0%']
2026-05-30 14:54:14,992 [SKIP] len error : ['④', 'やや低い', '10回〜50回', '17.6%']
2026-05-30 14:54:14,992 [SKIP] len error : ['⑤', '低い', '10回未満', '11.0%']
2026-05-30 14:54:14,992 2220件 / ?件中 23:54
2026-05-30 14:54:15,027 [TOTAL] None
2026-05-30 14:54:15,027 [COUNT] 2220
2026-05-30 14:54:15,720 [PAGE] 112
2026-05-30 14:54:16,019 [SKIP] len error : ['東P', '東証プライム']
2026-05-30 14:54:16,019 [SKIP] len error : ['東S', '東証スタンダード']
2026-05-30 14:54:16,019 [SKIP] len error : ['東G', '東証グロース']
2026-05-30 14:54:16,019 [SKIP] len error : ['東Ｅ', '東証ETF']
2026-05-30 14:54:16,019 [SKIP] len error : ['東EN', '東証ETN']
2026-05-30 14:54:16,019 [SKIP] len error : ['東Ｒ', '東証REIT']
2026-05-30 14:54:16,019 [SKIP] len error : ['東IF', '東証インフラファンド']
2026-05-30 14:54:16,019 [SKIP] len error : ['名Ｐ', '名証プレミア']
2026-05-30 14:54:16,019 [SKIP] len error : ['名M', '名証メイン']
2026-05-30 14:54:16,019 [SKIP] len error : ['名N', '名証ネクスト']
2026-05-30 14:54:16,019 [SKIP] len error : ['名Ｅ', '名証ETF']
2026-05-30 14:54:16,020 [SKIP] len error : ['札Ａ', '札証アンビシャス']
2026-05-30 14:54:16,020 [SKIP] len error : ['福Ｑ', '福証Q-Board']
2026-05-30 14:54:16,020 [SKIP] len error : ['①', '高い', '1,000回以上', '13.9%']
2026-05-30 14:54:16,020 [SKIP] len error : ['②', 'やや高い', '400回〜1,000回', '18.5%']
2026-05-30 14:54:16,020 [SKIP] len error : ['③', '中位', '50回〜400回', '39.0%']
2026-05-30 14:54:16,020 [SKIP] len error : ['④', 'やや低い', '10回〜50回', '17.6%']
2026-05-30 14:54:16,020 [SKIP] len error : ['⑤', '低い', '10回未満', '11.0%']
2026-05-30 14:54:16,020 2240件 / ?件中 23:54
2026-05-30 14:54:16,053 [TOTAL] None
2026-05-30 14:54:16,054 [COUNT] 2240
2026-05-30 14:54:17,206 [PAGE] 113
2026-05-30 14:54:17,519 [SKIP] len error : ['東P', '東証プライム']
2026-05-30 14:54:17,520 [SKIP] len error : ['東S', '東証スタンダード']
2026-05-30 14:54:17,520 [SKIP] len error : ['東G', '東証グロース']
2026-05-30 14:54:17,520 [SKIP] len error : ['東Ｅ', '東証ETF']
2026-05-30 14:54:17,520 [SKIP] len error : ['東EN', '東証ETN']
2026-05-30 14:54:17,520 [SKIP] len error : ['東Ｒ', '東証REIT']
2026-05-30 14:54:17,520 [SKIP] len error : ['東IF', '東証インフラファンド']
2026-05-30 14:54:17,520 [SKIP] len error : ['名Ｐ', '名証プレミア']
2026-05-30 14:54:17,520 [SKIP] len error : ['名M', '名証メイン']
2026-05-30 14:54:17,520 [SKIP] len error : ['名N', '名証ネクスト']
2026-05-30 14:54:17,520 [SKIP] len error : ['名Ｅ', '名証ETF']
2026-05-30 14:54:17,520 [SKIP] len error : ['札Ａ', '札証アンビシャス']
2026-05-30 14:54:17,520 [SKIP] len error : ['福Ｑ', '福証Q-Board']
2026-05-30 14:54:17,520 [SKIP] len error : ['①', '高い', '1,000回以上', '13.9%']
2026-05-30 14:54:17,520 [SKIP] len error : ['②', 'やや高い', '400回〜1,000回', '18.5%']
2026-05-30 14:54:17,520 [SKIP] len error : ['③', '中位', '50回〜400回', '39.0%']
2026-05-30 14:54:17,520 [SKIP] len error : ['④', 'やや低い', '10回〜50回', '17.6%']
2026-05-30 14:54:17,520 [SKIP] len error : ['⑤', '低い', '10回未満', '11.0%']
2026-05-30 14:54:17,520 2260件 / ?件中 23:54
2026-05-30 14:54:17,554 [TOTAL] None
2026-05-30 14:54:17,554 [COUNT] 2260
2026-05-30 14:54:18,410 [PAGE] 114
2026-05-30 14:54:18,724 [SKIP] len error : ['東P', '東証プライム']
2026-05-30 14:54:18,724 [SKIP] len error : ['東S', '東証スタンダード']
2026-05-30 14:54:18,724 [SKIP] len error : ['東G', '東証グロース']
2026-05-30 14:54:18,724 [SKIP] len error : ['東Ｅ', '東証ETF']
2026-05-30 14:54:18,724 [SKIP] len error : ['東EN', '東証ETN']
2026-05-30 14:54:18,724 [SKIP] len error : ['東Ｒ', '東証REIT']
2026-05-30 14:54:18,724 [SKIP] len error : ['東IF', '東証インフラファンド']
2026-05-30 14:54:18,724 [SKIP] len error : ['名Ｐ', '名証プレミア']
2026-05-30 14:54:18,724 [SKIP] len error : ['名M', '名証メイン']
2026-05-30 14:54:18,724 [SKIP] len error : ['名N', '名証ネクスト']
2026-05-30 14:54:18,725 [SKIP] len error : ['名Ｅ', '名証ETF']
2026-05-30 14:54:18,725 [SKIP] len error : ['札Ａ', '札証アンビシャス']
2026-05-30 14:54:18,725 [SKIP] len error : ['福Ｑ', '福証Q-Board']
2026-05-30 14:54:18,725 [SKIP] len error : ['①', '高い', '1,000回以上', '13.9%']
2026-05-30 14:54:18,725 [SKIP] len error : ['②', 'やや高い', '400回〜1,000回', '18.5%']
2026-05-30 14:54:18,725 [SKIP] len error : ['③', '中位', '50回〜400回', '39.0%']
2026-05-30 14:54:18,725 [SKIP] len error : ['④', 'やや低い', '10回〜50回', '17.6%']
2026-05-30 14:54:18,725 [SKIP] len error : ['⑤', '低い', '10回未満', '11.0%']
2026-05-30 14:54:18,725 2280件 / ?件中 23:54
2026-05-30 14:54:18,758 [TOTAL] None
2026-05-30 14:54:18,759 [COUNT] 2280
2026-05-30 14:54:19,488 [PAGE] 115
2026-05-30 14:54:19,792 [SKIP] len error : ['東P', '東証プライム']
2026-05-30 14:54:19,792 [SKIP] len error : ['東S', '東証スタンダード']
2026-05-30 14:54:19,792 [SKIP] len error : ['東G', '東証グロース']
2026-05-30 14:54:19,792 [SKIP] len error : ['東Ｅ', '東証ETF']
2026-05-30 14:54:19,792 [SKIP] len error : ['東EN', '東証ETN']
2026-05-30 14:54:19,792 [SKIP] len error : ['東Ｒ', '東証REIT']
2026-05-30 14:54:19,792 [SKIP] len error : ['東IF', '東証インフラファンド']
2026-05-30 14:54:19,792 [SKIP] len error : ['名Ｐ', '名証プレミア']
2026-05-30 14:54:19,792 [SKIP] len error : ['名M', '名証メイン']
2026-05-30 14:54:19,792 [SKIP] len error : ['名N', '名証ネクスト']
2026-05-30 14:54:19,792 [SKIP] len error : ['名Ｅ', '名証ETF']
2026-05-30 14:54:19,792 [SKIP] len error : ['札Ａ', '札証アンビシャス']
2026-05-30 14:54:19,792 [SKIP] len error : ['福Ｑ', '福証Q-Board']
2026-05-30 14:54:19,792 [SKIP] len error : ['①', '高い', '1,000回以上', '13.9%']
2026-05-30 14:54:19,793 [SKIP] len error : ['②', 'やや高い', '400回〜1,000回', '18.5%']
2026-05-30 14:54:19,793 [SKIP] len error : ['③', '中位', '50回〜400回', '39.0%']
2026-05-30 14:54:19,793 [SKIP] len error : ['④', 'やや低い', '10回〜50回', '17.6%']
2026-05-30 14:54:19,793 [SKIP] len error : ['⑤', '低い', '10回未満', '11.0%']
2026-05-30 14:54:19,793 2300件 / ?件中 23:54
2026-05-30 14:54:19,874 [TOTAL] None
2026-05-30 14:54:19,874 [COUNT] 2300
2026-05-30 14:54:20,484 [PAGE] 116
2026-05-30 14:54:20,816 [SKIP] len error : ['東P', '東証プライム']
2026-05-30 14:54:20,816 [SKIP] len error : ['東S', '東証スタンダード']
2026-05-30 14:54:20,816 [SKIP] len error : ['東G', '東証グロース']
2026-05-30 14:54:20,816 [SKIP] len error : ['東Ｅ', '東証ETF']
2026-05-30 14:54:20,816 [SKIP] len error : ['東EN', '東証ETN']
2026-05-30 14:54:20,816 [SKIP] len error : ['東Ｒ', '東証REIT']
2026-05-30 14:54:20,816 [SKIP] len error : ['東IF', '東証インフラファンド']
2026-05-30 14:54:20,816 [SKIP] len error : ['名Ｐ', '名証プレミア']
2026-05-30 14:54:20,816 [SKIP] len error : ['名M', '名証メイン']
2026-05-30 14:54:20,816 [SKIP] len error : ['名N', '名証ネクスト']
2026-05-30 14:54:20,816 [SKIP] len error : ['名Ｅ', '名証ETF']
2026-05-30 14:54:20,816 [SKIP] len error : ['札Ａ', '札証アンビシャス']
2026-05-30 14:54:20,816 [SKIP] len error : ['福Ｑ', '福証Q-Board']
2026-05-30 14:54:20,816 [SKIP] len error : ['①', '高い', '1,000回以上', '13.9%']
2026-05-30 14:54:20,816 [SKIP] len error : ['②', 'やや高い', '400回〜1,000回', '18.5%']
2026-05-30 14:54:20,816 [SKIP] len error : ['③', '中位', '50回〜400回', '39.0%']
2026-05-30 14:54:20,816 [SKIP] len error : ['④', 'やや低い', '10回〜50回', '17.6%']
2026-05-30 14:54:20,816 [SKIP] len error : ['⑤', '低い', '10回未満', '11.0%']
2026-05-30 14:54:20,816 2320件 / ?件中 23:54
2026-05-30 14:54:20,850 [TOTAL] None
2026-05-30 14:54:20,850 [COUNT] 2320
2026-05-30 14:54:21,740 [PAGE] 117
2026-05-30 14:54:22,059 [SKIP] len error : ['東P', '東証プライム']
2026-05-30 14:54:22,059 [SKIP] len error : ['東S', '東証スタンダード']
2026-05-30 14:54:22,059 [SKIP] len error : ['東G', '東証グロース']
2026-05-30 14:54:22,059 [SKIP] len error : ['東Ｅ', '東証ETF']
2026-05-30 14:54:22,059 [SKIP] len error : ['東EN', '東証ETN']
2026-05-30 14:54:22,059 [SKIP] len error : ['東Ｒ', '東証REIT']
2026-05-30 14:54:22,059 [SKIP] len error : ['東IF', '東証インフラファンド']
2026-05-30 14:54:22,059 [SKIP] len error : ['名Ｐ', '名証プレミア']
2026-05-30 14:54:22,060 [SKIP] len error : ['名M', '名証メイン']
2026-05-30 14:54:22,060 [SKIP] len error : ['名N', '名証ネクスト']
2026-05-30 14:54:22,060 [SKIP] len error : ['名Ｅ', '名証ETF']
2026-05-30 14:54:22,060 [SKIP] len error : ['札Ａ', '札証アンビシャス']
2026-05-30 14:54:22,060 [SKIP] len error : ['福Ｑ', '福証Q-Board']
2026-05-30 14:54:22,060 [SKIP] len error : ['①', '高い', '1,000回以上', '13.9%']
2026-05-30 14:54:22,060 [SKIP] len error : ['②', 'やや高い', '400回〜1,000回', '18.5%']
2026-05-30 14:54:22,060 [SKIP] len error : ['③', '中位', '50回〜400回', '39.0%']
2026-05-30 14:54:22,060 [SKIP] len error : ['④', 'やや低い', '10回〜50回', '17.6%']
2026-05-30 14:54:22,060 [SKIP] len error : ['⑤', '低い', '10回未満', '11.0%']
2026-05-30 14:54:22,060 2340件 / ?件中 23:54
2026-05-30 14:54:22,093 [TOTAL] None
2026-05-30 14:54:22,093 [COUNT] 2340
2026-05-30 14:54:23,298 [PAGE] 118
2026-05-30 14:54:23,613 [SKIP] len error : ['東P', '東証プライム']
2026-05-30 14:54:23,613 [SKIP] len error : ['東S', '東証スタンダード']
2026-05-30 14:54:23,613 [SKIP] len error : ['東G', '東証グロース']
2026-05-30 14:54:23,613 [SKIP] len error : ['東Ｅ', '東証ETF']
2026-05-30 14:54:23,613 [SKIP] len error : ['東EN', '東証ETN']
2026-05-30 14:54:23,613 [SKIP] len error : ['東Ｒ', '東証REIT']
2026-05-30 14:54:23,613 [SKIP] len error : ['東IF', '東証インフラファンド']
2026-05-30 14:54:23,613 [SKIP] len error : ['名Ｐ', '名証プレミア']
2026-05-30 14:54:23,613 [SKIP] len error : ['名M', '名証メイン']
2026-05-30 14:54:23,613 [SKIP] len error : ['名N', '名証ネクスト']
2026-05-30 14:54:23,613 [SKIP] len error : ['名Ｅ', '名証ETF']
2026-05-30 14:54:23,613 [SKIP] len error : ['札Ａ', '札証アンビシャス']
2026-05-30 14:54:23,613 [SKIP] len error : ['福Ｑ', '福証Q-Board']
2026-05-30 14:54:23,613 [SKIP] len error : ['①', '高い', '1,000回以上', '13.9%']
2026-05-30 14:54:23,613 [SKIP] len error : ['②', 'やや高い', '400回〜1,000回', '18.5%']
2026-05-30 14:54:23,613 [SKIP] len error : ['③', '中位', '50回〜400回', '39.0%']
2026-05-30 14:54:23,613 [SKIP] len error : ['④', 'やや低い', '10回〜50回', '17.6%']
2026-05-30 14:54:23,613 [SKIP] len error : ['⑤', '低い', '10回未満', '11.0%']
2026-05-30 14:54:23,614 2360件 / ?件中 23:54
2026-05-30 14:54:23,648 [TOTAL] None
2026-05-30 14:54:23,648 [COUNT] 2360
2026-05-30 14:54:25,024 [PAGE] 119
2026-05-30 14:54:25,335 [SKIP] len error : ['東P', '東証プライム']
2026-05-30 14:54:25,336 [SKIP] len error : ['東S', '東証スタンダード']
2026-05-30 14:54:25,336 [SKIP] len error : ['東G', '東証グロース']
2026-05-30 14:54:25,336 [SKIP] len error : ['東Ｅ', '東証ETF']
2026-05-30 14:54:25,336 [SKIP] len error : ['東EN', '東証ETN']
2026-05-30 14:54:25,336 [SKIP] len error : ['東Ｒ', '東証REIT']
2026-05-30 14:54:25,336 [SKIP] len error : ['東IF', '東証インフラファンド']
2026-05-30 14:54:25,336 [SKIP] len error : ['名Ｐ', '名証プレミア']
2026-05-30 14:54:25,336 [SKIP] len error : ['名M', '名証メイン']
2026-05-30 14:54:25,336 [SKIP] len error : ['名N', '名証ネクスト']
2026-05-30 14:54:25,336 [SKIP] len error : ['名Ｅ', '名証ETF']
2026-05-30 14:54:25,336 [SKIP] len error : ['札Ａ', '札証アンビシャス']
2026-05-30 14:54:25,336 [SKIP] len error : ['福Ｑ', '福証Q-Board']
2026-05-30 14:54:25,336 [SKIP] len error : ['①', '高い', '1,000回以上', '13.9%']
2026-05-30 14:54:25,336 [SKIP] len error : ['②', 'やや高い', '400回〜1,000回', '18.5%']
2026-05-30 14:54:25,336 [SKIP] len error : ['③', '中位', '50回〜400回', '39.0%']
2026-05-30 14:54:25,336 [SKIP] len error : ['④', 'やや低い', '10回〜50回', '17.6%']
2026-05-30 14:54:25,336 [SKIP] len error : ['⑤', '低い', '10回未満', '11.0%']
2026-05-30 14:54:25,336 2380件 / ?件中 23:54
2026-05-30 14:54:25,370 [TOTAL] None
2026-05-30 14:54:25,370 [COUNT] 2380
2026-05-30 14:54:26,147 [PAGE] 120
2026-05-30 14:54:26,453 [SKIP] len error : ['東P', '東証プライム']
2026-05-30 14:54:26,453 [SKIP] len error : ['東S', '東証スタンダード']
2026-05-30 14:54:26,453 [SKIP] len error : ['東G', '東証グロース']
2026-05-30 14:54:26,453 [SKIP] len error : ['東Ｅ', '東証ETF']
2026-05-30 14:54:26,453 [SKIP] len error : ['東EN', '東証ETN']
2026-05-30 14:54:26,453 [SKIP] len error : ['東Ｒ', '東証REIT']
2026-05-30 14:54:26,453 [SKIP] len error : ['東IF', '東証インフラファンド']
2026-05-30 14:54:26,453 [SKIP] len error : ['名Ｐ', '名証プレミア']
2026-05-30 14:54:26,453 [SKIP] len error : ['名M', '名証メイン']
2026-05-30 14:54:26,453 [SKIP] len error : ['名N', '名証ネクスト']
2026-05-30 14:54:26,454 [SKIP] len error : ['名Ｅ', '名証ETF']
2026-05-30 14:54:26,454 [SKIP] len error : ['札Ａ', '札証アンビシャス']
2026-05-30 14:54:26,454 [SKIP] len error : ['福Ｑ', '福証Q-Board']
2026-05-30 14:54:26,454 [SKIP] len error : ['①', '高い', '1,000回以上', '13.9%']
2026-05-30 14:54:26,454 [SKIP] len error : ['②', 'やや高い', '400回〜1,000回', '18.5%']
2026-05-30 14:54:26,454 [SKIP] len error : ['③', '中位', '50回〜400回', '39.0%']
2026-05-30 14:54:26,454 [SKIP] len error : ['④', 'やや低い', '10回〜50回', '17.6%']
2026-05-30 14:54:26,454 [SKIP] len error : ['⑤', '低い', '10回未満', '11.0%']
2026-05-30 14:54:26,454 2400件 / ?件中 23:54
2026-05-30 14:54:26,532 [TOTAL] None
2026-05-30 14:54:26,532 [COUNT] 2400
2026-05-30 14:54:27,513 [PAGE] 121
2026-05-30 14:54:27,796 [SKIP] len error : ['東P', '東証プライム']
2026-05-30 14:54:27,796 [SKIP] len error : ['東S', '東証スタンダード']
2026-05-30 14:54:27,796 [SKIP] len error : ['東G', '東証グロース']
2026-05-30 14:54:27,796 [SKIP] len error : ['東Ｅ', '東証ETF']
2026-05-30 14:54:27,796 [SKIP] len error : ['東EN', '東証ETN']
2026-05-30 14:54:27,796 [SKIP] len error : ['東Ｒ', '東証REIT']
2026-05-30 14:54:27,796 [SKIP] len error : ['東IF', '東証インフラファンド']
2026-05-30 14:54:27,796 [SKIP] len error : ['名Ｐ', '名証プレミア']
2026-05-30 14:54:27,796 [SKIP] len error : ['名M', '名証メイン']
2026-05-30 14:54:27,796 [SKIP] len error : ['名N', '名証ネクスト']
2026-05-30 14:54:27,796 [SKIP] len error : ['名Ｅ', '名証ETF']
2026-05-30 14:54:27,796 [SKIP] len error : ['札Ａ', '札証アンビシャス']
2026-05-30 14:54:27,796 [SKIP] len error : ['福Ｑ', '福証Q-Board']
2026-05-30 14:54:27,796 [SKIP] len error : ['①', '高い', '1,000回以上', '13.9%']
2026-05-30 14:54:27,796 [SKIP] len error : ['②', 'やや高い', '400回〜1,000回', '18.5%']
2026-05-30 14:54:27,796 [SKIP] len error : ['③', '中位', '50回〜400回', '39.0%']
2026-05-30 14:54:27,796 [SKIP] len error : ['④', 'やや低い', '10回〜50回', '17.6%']
2026-05-30 14:54:27,796 [SKIP] len error : ['⑤', '低い', '10回未満', '11.0%']
2026-05-30 14:54:27,797 2420件 / ?件中 23:54
2026-05-30 14:54:27,830 [TOTAL] None
2026-05-30 14:54:27,830 [COUNT] 2420
2026-05-30 14:54:28,749 [PAGE] 122
2026-05-30 14:54:29,038 [SKIP] len error : ['東P', '東証プライム']
2026-05-30 14:54:29,038 [SKIP] len error : ['東S', '東証スタンダード']
2026-05-30 14:54:29,038 [SKIP] len error : ['東G', '東証グロース']
2026-05-30 14:54:29,038 [SKIP] len error : ['東Ｅ', '東証ETF']
2026-05-30 14:54:29,038 [SKIP] len error : ['東EN', '東証ETN']
2026-05-30 14:54:29,038 [SKIP] len error : ['東Ｒ', '東証REIT']
2026-05-30 14:54:29,038 [SKIP] len error : ['東IF', '東証インフラファンド']
2026-05-30 14:54:29,038 [SKIP] len error : ['名Ｐ', '名証プレミア']
2026-05-30 14:54:29,038 [SKIP] len error : ['名M', '名証メイン']
2026-05-30 14:54:29,038 [SKIP] len error : ['名N', '名証ネクスト']
2026-05-30 14:54:29,038 [SKIP] len error : ['名Ｅ', '名証ETF']
2026-05-30 14:54:29,038 [SKIP] len error : ['札Ａ', '札証アンビシャス']
2026-05-30 14:54:29,038 [SKIP] len error : ['福Ｑ', '福証Q-Board']
2026-05-30 14:54:29,038 [SKIP] len error : ['①', '高い', '1,000回以上', '13.9%']
2026-05-30 14:54:29,038 [SKIP] len error : ['②', 'やや高い', '400回〜1,000回', '18.5%']
2026-05-30 14:54:29,038 [SKIP] len error : ['③', '中位', '50回〜400回', '39.0%']
2026-05-30 14:54:29,038 [SKIP] len error : ['④', 'やや低い', '10回〜50回', '17.6%']
2026-05-30 14:54:29,038 [SKIP] len error : ['⑤', '低い', '10回未満', '11.0%']
2026-05-30 14:54:29,039 2440件 / ?件中 23:54
2026-05-30 14:54:29,072 [TOTAL] None
2026-05-30 14:54:29,072 [COUNT] 2440
2026-05-30 14:54:30,108 [PAGE] 123
2026-05-30 14:54:30,421 [SKIP] len error : ['東P', '東証プライム']
2026-05-30 14:54:30,421 [SKIP] len error : ['東S', '東証スタンダード']
2026-05-30 14:54:30,421 [SKIP] len error : ['東G', '東証グロース']
2026-05-30 14:54:30,421 [SKIP] len error : ['東Ｅ', '東証ETF']
2026-05-30 14:54:30,421 [SKIP] len error : ['東EN', '東証ETN']
2026-05-30 14:54:30,421 [SKIP] len error : ['東Ｒ', '東証REIT']
2026-05-30 14:54:30,421 [SKIP] len error : ['東IF', '東証インフラファンド']
2026-05-30 14:54:30,421 [SKIP] len error : ['名Ｐ', '名証プレミア']
2026-05-30 14:54:30,421 [SKIP] len error : ['名M', '名証メイン']
2026-05-30 14:54:30,421 [SKIP] len error : ['名N', '名証ネクスト']
2026-05-30 14:54:30,421 [SKIP] len error : ['名Ｅ', '名証ETF']
2026-05-30 14:54:30,421 [SKIP] len error : ['札Ａ', '札証アンビシャス']
2026-05-30 14:54:30,421 [SKIP] len error : ['福Ｑ', '福証Q-Board']
2026-05-30 14:54:30,421 [SKIP] len error : ['①', '高い', '1,000回以上', '13.9%']
2026-05-30 14:54:30,421 [SKIP] len error : ['②', 'やや高い', '400回〜1,000回', '18.5%']
2026-05-30 14:54:30,421 [SKIP] len error : ['③', '中位', '50回〜400回', '39.0%']
2026-05-30 14:54:30,421 [SKIP] len error : ['④', 'やや低い', '10回〜50回', '17.6%']
2026-05-30 14:54:30,421 [SKIP] len error : ['⑤', '低い', '10回未満', '11.0%']
2026-05-30 14:54:30,422 2460件 / ?件中 23:54
2026-05-30 14:54:30,455 [TOTAL] None
2026-05-30 14:54:30,455 [COUNT] 2460
2026-05-30 14:54:31,186 [PAGE] 124
2026-05-30 14:54:31,498 [SKIP] len error : ['東P', '東証プライム']
2026-05-30 14:54:31,498 [SKIP] len error : ['東S', '東証スタンダード']
2026-05-30 14:54:31,498 [SKIP] len error : ['東G', '東証グロース']
2026-05-30 14:54:31,498 [SKIP] len error : ['東Ｅ', '東証ETF']
2026-05-30 14:54:31,498 [SKIP] len error : ['東EN', '東証ETN']
2026-05-30 14:54:31,498 [SKIP] len error : ['東Ｒ', '東証REIT']
2026-05-30 14:54:31,498 [SKIP] len error : ['東IF', '東証インフラファンド']
2026-05-30 14:54:31,498 [SKIP] len error : ['名Ｐ', '名証プレミア']
2026-05-30 14:54:31,498 [SKIP] len error : ['名M', '名証メイン']
2026-05-30 14:54:31,498 [SKIP] len error : ['名N', '名証ネクスト']
2026-05-30 14:54:31,498 [SKIP] len error : ['名Ｅ', '名証ETF']
2026-05-30 14:54:31,498 [SKIP] len error : ['札Ａ', '札証アンビシャス']
2026-05-30 14:54:31,498 [SKIP] len error : ['福Ｑ', '福証Q-Board']
2026-05-30 14:54:31,498 [SKIP] len error : ['①', '高い', '1,000回以上', '13.9%']
2026-05-30 14:54:31,498 [SKIP] len error : ['②', 'やや高い', '400回〜1,000回', '18.5%']
2026-05-30 14:54:31,498 [SKIP] len error : ['③', '中位', '50回〜400回', '39.0%']
2026-05-30 14:54:31,498 [SKIP] len error : ['④', 'やや低い', '10回〜50回', '17.6%']
2026-05-30 14:54:31,498 [SKIP] len error : ['⑤', '低い', '10回未満', '11.0%']
2026-05-30 14:54:31,498 2480件 / ?件中 23:54
2026-05-30 14:54:31,531 [TOTAL] None
2026-05-30 14:54:31,531 [COUNT] 2480
2026-05-30 14:54:32,848 [PAGE] 125
2026-05-30 14:54:33,209 [SKIP] len error : ['東P', '東証プライム']
2026-05-30 14:54:33,210 [SKIP] len error : ['東S', '東証スタンダード']
2026-05-30 14:54:33,210 [SKIP] len error : ['東G', '東証グロース']
2026-05-30 14:54:33,210 [SKIP] len error : ['東Ｅ', '東証ETF']
2026-05-30 14:54:33,210 [SKIP] len error : ['東EN', '東証ETN']
2026-05-30 14:54:33,210 [SKIP] len error : ['東Ｒ', '東証REIT']
2026-05-30 14:54:33,210 [SKIP] len error : ['東IF', '東証インフラファンド']
2026-05-30 14:54:33,210 [SKIP] len error : ['名Ｐ', '名証プレミア']
2026-05-30 14:54:33,210 [SKIP] len error : ['名M', '名証メイン']
2026-05-30 14:54:33,210 [SKIP] len error : ['名N', '名証ネクスト']
2026-05-30 14:54:33,210 [SKIP] len error : ['名Ｅ', '名証ETF']
2026-05-30 14:54:33,210 [SKIP] len error : ['札Ａ', '札証アンビシャス']
2026-05-30 14:54:33,210 [SKIP] len error : ['福Ｑ', '福証Q-Board']
2026-05-30 14:54:33,210 [SKIP] len error : ['①', '高い', '1,000回以上', '13.9%']
2026-05-30 14:54:33,210 [SKIP] len error : ['②', 'やや高い', '400回〜1,000回', '18.5%']
2026-05-30 14:54:33,210 [SKIP] len error : ['③', '中位', '50回〜400回', '39.0%']
2026-05-30 14:54:33,210 [SKIP] len error : ['④', 'やや低い', '10回〜50回', '17.6%']
2026-05-30 14:54:33,210 [SKIP] len error : ['⑤', '低い', '10回未満', '11.0%']
2026-05-30 14:54:33,210 2500件 / ?件中 23:54
2026-05-30 14:54:33,243 [TOTAL] None
2026-05-30 14:54:33,243 [COUNT] 2500
2026-05-30 14:54:34,517 [PAGE] 126
2026-05-30 14:54:34,829 [SKIP] len error : ['東P', '東証プライム']
2026-05-30 14:54:34,829 [SKIP] len error : ['東S', '東証スタンダード']
2026-05-30 14:54:34,829 [SKIP] len error : ['東G', '東証グロース']
2026-05-30 14:54:34,829 [SKIP] len error : ['東Ｅ', '東証ETF']
2026-05-30 14:54:34,829 [SKIP] len error : ['東EN', '東証ETN']
2026-05-30 14:54:34,829 [SKIP] len error : ['東Ｒ', '東証REIT']
2026-05-30 14:54:34,829 [SKIP] len error : ['東IF', '東証インフラファンド']
2026-05-30 14:54:34,829 [SKIP] len error : ['名Ｐ', '名証プレミア']
2026-05-30 14:54:34,829 [SKIP] len error : ['名M', '名証メイン']
2026-05-30 14:54:34,829 [SKIP] len error : ['名N', '名証ネクスト']
2026-05-30 14:54:34,829 [SKIP] len error : ['名Ｅ', '名証ETF']
2026-05-30 14:54:34,829 [SKIP] len error : ['札Ａ', '札証アンビシャス']
2026-05-30 14:54:34,829 [SKIP] len error : ['福Ｑ', '福証Q-Board']
2026-05-30 14:54:34,829 [SKIP] len error : ['①', '高い', '1,000回以上', '13.9%']
2026-05-30 14:54:34,829 [SKIP] len error : ['②', 'やや高い', '400回〜1,000回', '18.5%']
2026-05-30 14:54:34,829 [SKIP] len error : ['③', '中位', '50回〜400回', '39.0%']
2026-05-30 14:54:34,829 [SKIP] len error : ['④', 'やや低い', '10回〜50回', '17.6%']
2026-05-30 14:54:34,829 [SKIP] len error : ['⑤', '低い', '10回未満', '11.0%']
2026-05-30 14:54:34,830 2520件 / ?件中 23:54
2026-05-30 14:54:34,864 [TOTAL] None
2026-05-30 14:54:34,864 [COUNT] 2520
2026-05-30 14:54:36,262 [PAGE] 127
2026-05-30 14:54:36,581 [SKIP] len error : ['東P', '東証プライム']
2026-05-30 14:54:36,581 [SKIP] len error : ['東S', '東証スタンダード']
2026-05-30 14:54:36,581 [SKIP] len error : ['東G', '東証グロース']
2026-05-30 14:54:36,581 [SKIP] len error : ['東Ｅ', '東証ETF']
2026-05-30 14:54:36,581 [SKIP] len error : ['東EN', '東証ETN']
2026-05-30 14:54:36,581 [SKIP] len error : ['東Ｒ', '東証REIT']
2026-05-30 14:54:36,581 [SKIP] len error : ['東IF', '東証インフラファンド']
2026-05-30 14:54:36,581 [SKIP] len error : ['名Ｐ', '名証プレミア']
2026-05-30 14:54:36,581 [SKIP] len error : ['名M', '名証メイン']
2026-05-30 14:54:36,581 [SKIP] len error : ['名N', '名証ネクスト']
2026-05-30 14:54:36,581 [SKIP] len error : ['名Ｅ', '名証ETF']
2026-05-30 14:54:36,581 [SKIP] len error : ['札Ａ', '札証アンビシャス']
2026-05-30 14:54:36,581 [SKIP] len error : ['福Ｑ', '福証Q-Board']
2026-05-30 14:54:36,581 [SKIP] len error : ['①', '高い', '1,000回以上', '13.9%']
2026-05-30 14:54:36,582 [SKIP] len error : ['②', 'やや高い', '400回〜1,000回', '18.5%']
2026-05-30 14:54:36,582 [SKIP] len error : ['③', '中位', '50回〜400回', '39.0%']
2026-05-30 14:54:36,582 [SKIP] len error : ['④', 'やや低い', '10回〜50回', '17.6%']
2026-05-30 14:54:36,582 [SKIP] len error : ['⑤', '低い', '10回未満', '11.0%']
2026-05-30 14:54:36,582 2540件 / ?件中 23:54
2026-05-30 14:54:36,616 [TOTAL] None
2026-05-30 14:54:36,616 [COUNT] 2540
2026-05-30 14:54:37,179 [PAGE] 128
2026-05-30 14:54:37,476 [SKIP] len error : ['東P', '東証プライム']
2026-05-30 14:54:37,476 [SKIP] len error : ['東S', '東証スタンダード']
2026-05-30 14:54:37,476 [SKIP] len error : ['東G', '東証グロース']
2026-05-30 14:54:37,476 [SKIP] len error : ['東Ｅ', '東証ETF']
2026-05-30 14:54:37,476 [SKIP] len error : ['東EN', '東証ETN']
2026-05-30 14:54:37,476 [SKIP] len error : ['東Ｒ', '東証REIT']
2026-05-30 14:54:37,476 [SKIP] len error : ['東IF', '東証インフラファンド']
2026-05-30 14:54:37,476 [SKIP] len error : ['名Ｐ', '名証プレミア']
2026-05-30 14:54:37,476 [SKIP] len error : ['名M', '名証メイン']
2026-05-30 14:54:37,476 [SKIP] len error : ['名N', '名証ネクスト']
2026-05-30 14:54:37,476 [SKIP] len error : ['名Ｅ', '名証ETF']
2026-05-30 14:54:37,476 [SKIP] len error : ['札Ａ', '札証アンビシャス']
2026-05-30 14:54:37,477 [SKIP] len error : ['福Ｑ', '福証Q-Board']
2026-05-30 14:54:37,477 [SKIP] len error : ['①', '高い', '1,000回以上', '13.9%']
2026-05-30 14:54:37,477 [SKIP] len error : ['②', 'やや高い', '400回〜1,000回', '18.5%']
2026-05-30 14:54:37,477 [SKIP] len error : ['③', '中位', '50回〜400回', '39.0%']
2026-05-30 14:54:37,477 [SKIP] len error : ['④', 'やや低い', '10回〜50回', '17.6%']
2026-05-30 14:54:37,477 [SKIP] len error : ['⑤', '低い', '10回未満', '11.0%']
2026-05-30 14:54:37,477 2560件 / ?件中 23:54
2026-05-30 14:54:37,510 [TOTAL] None
2026-05-30 14:54:37,510 [COUNT] 2560
2026-05-30 14:54:38,803 [PAGE] 129
2026-05-30 14:54:39,111 [SKIP] len error : ['東P', '東証プライム']
2026-05-30 14:54:39,111 [SKIP] len error : ['東S', '東証スタンダード']
2026-05-30 14:54:39,111 [SKIP] len error : ['東G', '東証グロース']
2026-05-30 14:54:39,111 [SKIP] len error : ['東Ｅ', '東証ETF']
2026-05-30 14:54:39,111 [SKIP] len error : ['東EN', '東証ETN']
2026-05-30 14:54:39,111 [SKIP] len error : ['東Ｒ', '東証REIT']
2026-05-30 14:54:39,111 [SKIP] len error : ['東IF', '東証インフラファンド']
2026-05-30 14:54:39,111 [SKIP] len error : ['名Ｐ', '名証プレミア']
2026-05-30 14:54:39,111 [SKIP] len error : ['名M', '名証メイン']
2026-05-30 14:54:39,111 [SKIP] len error : ['名N', '名証ネクスト']
2026-05-30 14:54:39,111 [SKIP] len error : ['名Ｅ', '名証ETF']
2026-05-30 14:54:39,111 [SKIP] len error : ['札Ａ', '札証アンビシャス']
2026-05-30 14:54:39,111 [SKIP] len error : ['福Ｑ', '福証Q-Board']
2026-05-30 14:54:39,111 [SKIP] len error : ['①', '高い', '1,000回以上', '13.9%']
2026-05-30 14:54:39,111 [SKIP] len error : ['②', 'やや高い', '400回〜1,000回', '18.5%']
2026-05-30 14:54:39,111 [SKIP] len error : ['③', '中位', '50回〜400回', '39.0%']
2026-05-30 14:54:39,111 [SKIP] len error : ['④', 'やや低い', '10回〜50回', '17.6%']
2026-05-30 14:54:39,111 [SKIP] len error : ['⑤', '低い', '10回未満', '11.0%']
2026-05-30 14:54:39,112 2580件 / ?件中 23:54
2026-05-30 14:54:39,145 [TOTAL] None
2026-05-30 14:54:39,145 [COUNT] 2580
2026-05-30 14:54:40,330 [PAGE] 130
2026-05-30 14:54:40,675 [SKIP] len error : ['東P', '東証プライム']
2026-05-30 14:54:40,675 [SKIP] len error : ['東S', '東証スタンダード']
2026-05-30 14:54:40,675 [SKIP] len error : ['東G', '東証グロース']
2026-05-30 14:54:40,675 [SKIP] len error : ['東Ｅ', '東証ETF']
2026-05-30 14:54:40,675 [SKIP] len error : ['東EN', '東証ETN']
2026-05-30 14:54:40,675 [SKIP] len error : ['東Ｒ', '東証REIT']
2026-05-30 14:54:40,675 [SKIP] len error : ['東IF', '東証インフラファンド']
2026-05-30 14:54:40,675 [SKIP] len error : ['名Ｐ', '名証プレミア']
2026-05-30 14:54:40,675 [SKIP] len error : ['名M', '名証メイン']
2026-05-30 14:54:40,675 [SKIP] len error : ['名N', '名証ネクスト']
2026-05-30 14:54:40,675 [SKIP] len error : ['名Ｅ', '名証ETF']
2026-05-30 14:54:40,675 [SKIP] len error : ['札Ａ', '札証アンビシャス']
2026-05-30 14:54:40,675 [SKIP] len error : ['福Ｑ', '福証Q-Board']
2026-05-30 14:54:40,675 [SKIP] len error : ['①', '高い', '1,000回以上', '13.9%']
2026-05-30 14:54:40,675 [SKIP] len error : ['②', 'やや高い', '400回〜1,000回', '18.5%']
2026-05-30 14:54:40,675 [SKIP] len error : ['③', '中位', '50回〜400回', '39.0%']
2026-05-30 14:54:40,675 [SKIP] len error : ['④', 'やや低い', '10回〜50回', '17.6%']
2026-05-30 14:54:40,675 [SKIP] len error : ['⑤', '低い', '10回未満', '11.0%']
2026-05-30 14:54:40,675 2600件 / ?件中 23:54
2026-05-30 14:54:40,710 [TOTAL] None
2026-05-30 14:54:40,710 [COUNT] 2600
2026-05-30 14:54:42,126 [PAGE] 131
2026-05-30 14:54:42,439 [SKIP] len error : ['東P', '東証プライム']
2026-05-30 14:54:42,439 [SKIP] len error : ['東S', '東証スタンダード']
2026-05-30 14:54:42,439 [SKIP] len error : ['東G', '東証グロース']
2026-05-30 14:54:42,439 [SKIP] len error : ['東Ｅ', '東証ETF']
2026-05-30 14:54:42,439 [SKIP] len error : ['東EN', '東証ETN']
2026-05-30 14:54:42,439 [SKIP] len error : ['東Ｒ', '東証REIT']
2026-05-30 14:54:42,439 [SKIP] len error : ['東IF', '東証インフラファンド']
2026-05-30 14:54:42,439 [SKIP] len error : ['名Ｐ', '名証プレミア']
2026-05-30 14:54:42,439 [SKIP] len error : ['名M', '名証メイン']
2026-05-30 14:54:42,439 [SKIP] len error : ['名N', '名証ネクスト']
2026-05-30 14:54:42,439 [SKIP] len error : ['名Ｅ', '名証ETF']
2026-05-30 14:54:42,439 [SKIP] len error : ['札Ａ', '札証アンビシャス']
2026-05-30 14:54:42,439 [SKIP] len error : ['福Ｑ', '福証Q-Board']
2026-05-30 14:54:42,439 [SKIP] len error : ['①', '高い', '1,000回以上', '13.9%']
2026-05-30 14:54:42,439 [SKIP] len error : ['②', 'やや高い', '400回〜1,000回', '18.5%']
2026-05-30 14:54:42,439 [SKIP] len error : ['③', '中位', '50回〜400回', '39.0%']
2026-05-30 14:54:42,439 [SKIP] len error : ['④', 'やや低い', '10回〜50回', '17.6%']
2026-05-30 14:54:42,439 [SKIP] len error : ['⑤', '低い', '10回未満', '11.0%']
2026-05-30 14:54:42,439 2620件 / ?件中 23:54
2026-05-30 14:54:42,473 [TOTAL] None
2026-05-30 14:54:42,473 [COUNT] 2620
2026-05-30 14:54:43,570 [PAGE] 132
2026-05-30 14:54:43,865 [SKIP] len error : ['東P', '東証プライム']
2026-05-30 14:54:43,865 [SKIP] len error : ['東S', '東証スタンダード']
2026-05-30 14:54:43,865 [SKIP] len error : ['東G', '東証グロース']
2026-05-30 14:54:43,865 [SKIP] len error : ['東Ｅ', '東証ETF']
2026-05-30 14:54:43,865 [SKIP] len error : ['東EN', '東証ETN']
2026-05-30 14:54:43,865 [SKIP] len error : ['東Ｒ', '東証REIT']
2026-05-30 14:54:43,865 [SKIP] len error : ['東IF', '東証インフラファンド']
2026-05-30 14:54:43,865 [SKIP] len error : ['名Ｐ', '名証プレミア']
2026-05-30 14:54:43,865 [SKIP] len error : ['名M', '名証メイン']
2026-05-30 14:54:43,865 [SKIP] len error : ['名N', '名証ネクスト']
2026-05-30 14:54:43,865 [SKIP] len error : ['名Ｅ', '名証ETF']
2026-05-30 14:54:43,865 [SKIP] len error : ['札Ａ', '札証アンビシャス']
2026-05-30 14:54:43,865 [SKIP] len error : ['福Ｑ', '福証Q-Board']
2026-05-30 14:54:43,865 [SKIP] len error : ['①', '高い', '1,000回以上', '13.9%']
2026-05-30 14:54:43,865 [SKIP] len error : ['②', 'やや高い', '400回〜1,000回', '18.5%']
2026-05-30 14:54:43,865 [SKIP] len error : ['③', '中位', '50回〜400回', '39.0%']
2026-05-30 14:54:43,865 [SKIP] len error : ['④', 'やや低い', '10回〜50回', '17.6%']
2026-05-30 14:54:43,865 [SKIP] len error : ['⑤', '低い', '10回未満', '11.0%']
2026-05-30 14:54:43,865 2640件 / ?件中 23:54
2026-05-30 14:54:43,899 [TOTAL] None
2026-05-30 14:54:43,899 [COUNT] 2640
2026-05-30 14:54:44,674 [PAGE] 133
2026-05-30 14:54:44,984 [SKIP] len error : ['東P', '東証プライム']
2026-05-30 14:54:44,984 [SKIP] len error : ['東S', '東証スタンダード']
2026-05-30 14:54:44,984 [SKIP] len error : ['東G', '東証グロース']
2026-05-30 14:54:44,984 [SKIP] len error : ['東Ｅ', '東証ETF']
2026-05-30 14:54:44,984 [SKIP] len error : ['東EN', '東証ETN']
2026-05-30 14:54:44,984 [SKIP] len error : ['東Ｒ', '東証REIT']
2026-05-30 14:54:44,984 [SKIP] len error : ['東IF', '東証インフラファンド']
2026-05-30 14:54:44,984 [SKIP] len error : ['名Ｐ', '名証プレミア']
2026-05-30 14:54:44,984 [SKIP] len error : ['名M', '名証メイン']
2026-05-30 14:54:44,984 [SKIP] len error : ['名N', '名証ネクスト']
2026-05-30 14:54:44,984 [SKIP] len error : ['名Ｅ', '名証ETF']
2026-05-30 14:54:44,984 [SKIP] len error : ['札Ａ', '札証アンビシャス']
2026-05-30 14:54:44,984 [SKIP] len error : ['福Ｑ', '福証Q-Board']
2026-05-30 14:54:44,984 [SKIP] len error : ['①', '高い', '1,000回以上', '13.9%']
2026-05-30 14:54:44,984 [SKIP] len error : ['②', 'やや高い', '400回〜1,000回', '18.5%']
2026-05-30 14:54:44,984 [SKIP] len error : ['③', '中位', '50回〜400回', '39.0%']
2026-05-30 14:54:44,984 [SKIP] len error : ['④', 'やや低い', '10回〜50回', '17.6%']
2026-05-30 14:54:44,984 [SKIP] len error : ['⑤', '低い', '10回未満', '11.0%']
2026-05-30 14:54:44,985 2660件 / ?件中 23:54
2026-05-30 14:54:45,019 [TOTAL] None
2026-05-30 14:54:45,019 [COUNT] 2660
2026-05-30 14:54:46,127 [PAGE] 134
2026-05-30 14:54:46,423 [SKIP] len error : ['東P', '東証プライム']
2026-05-30 14:54:46,423 [SKIP] len error : ['東S', '東証スタンダード']
2026-05-30 14:54:46,423 [SKIP] len error : ['東G', '東証グロース']
2026-05-30 14:54:46,424 [SKIP] len error : ['東Ｅ', '東証ETF']
2026-05-30 14:54:46,424 [SKIP] len error : ['東EN', '東証ETN']
2026-05-30 14:54:46,424 [SKIP] len error : ['東Ｒ', '東証REIT']
2026-05-30 14:54:46,424 [SKIP] len error : ['東IF', '東証インフラファンド']
2026-05-30 14:54:46,424 [SKIP] len error : ['名Ｐ', '名証プレミア']
2026-05-30 14:54:46,424 [SKIP] len error : ['名M', '名証メイン']
2026-05-30 14:54:46,424 [SKIP] len error : ['名N', '名証ネクスト']
2026-05-30 14:54:46,424 [SKIP] len error : ['名Ｅ', '名証ETF']
2026-05-30 14:54:46,424 [SKIP] len error : ['札Ａ', '札証アンビシャス']
2026-05-30 14:54:46,424 [SKIP] len error : ['福Ｑ', '福証Q-Board']
2026-05-30 14:54:46,424 [SKIP] len error : ['①', '高い', '1,000回以上', '13.9%']
2026-05-30 14:54:46,424 [SKIP] len error : ['②', 'やや高い', '400回〜1,000回', '18.5%']
2026-05-30 14:54:46,424 [SKIP] len error : ['③', '中位', '50回〜400回', '39.0%']
2026-05-30 14:54:46,424 [SKIP] len error : ['④', 'やや低い', '10回〜50回', '17.6%']
2026-05-30 14:54:46,424 [SKIP] len error : ['⑤', '低い', '10回未満', '11.0%']
2026-05-30 14:54:46,424 2680件 / ?件中 23:54
2026-05-30 14:54:46,503 [TOTAL] None
2026-05-30 14:54:46,503 [COUNT] 2680
2026-05-30 14:54:47,118 [PAGE] 135
2026-05-30 14:54:47,432 [SKIP] len error : ['東P', '東証プライム']
2026-05-30 14:54:47,432 [SKIP] len error : ['東S', '東証スタンダード']
2026-05-30 14:54:47,432 [SKIP] len error : ['東G', '東証グロース']
2026-05-30 14:54:47,432 [SKIP] len error : ['東Ｅ', '東証ETF']
2026-05-30 14:54:47,432 [SKIP] len error : ['東EN', '東証ETN']
2026-05-30 14:54:47,432 [SKIP] len error : ['東Ｒ', '東証REIT']
2026-05-30 14:54:47,432 [SKIP] len error : ['東IF', '東証インフラファンド']
2026-05-30 14:54:47,432 [SKIP] len error : ['名Ｐ', '名証プレミア']
2026-05-30 14:54:47,432 [SKIP] len error : ['名M', '名証メイン']
2026-05-30 14:54:47,432 [SKIP] len error : ['名N', '名証ネクスト']
2026-05-30 14:54:47,432 [SKIP] len error : ['名Ｅ', '名証ETF']
2026-05-30 14:54:47,432 [SKIP] len error : ['札Ａ', '札証アンビシャス']
2026-05-30 14:54:47,432 [SKIP] len error : ['福Ｑ', '福証Q-Board']
2026-05-30 14:54:47,432 [SKIP] len error : ['①', '高い', '1,000回以上', '13.9%']
2026-05-30 14:54:47,432 [SKIP] len error : ['②', 'やや高い', '400回〜1,000回', '18.5%']
2026-05-30 14:54:47,432 [SKIP] len error : ['③', '中位', '50回〜400回', '39.0%']
2026-05-30 14:54:47,432 [SKIP] len error : ['④', 'やや低い', '10回〜50回', '17.6%']
2026-05-30 14:54:47,432 [SKIP] len error : ['⑤', '低い', '10回未満', '11.0%']
2026-05-30 14:54:47,432 2700件 / ?件中 23:54
2026-05-30 14:54:47,466 [TOTAL] None
2026-05-30 14:54:47,466 [COUNT] 2700
2026-05-30 14:54:48,965 [PAGE] 136
2026-05-30 14:54:49,264 [SKIP] len error : ['東P', '東証プライム']
2026-05-30 14:54:49,264 [SKIP] len error : ['東S', '東証スタンダード']
2026-05-30 14:54:49,264 [SKIP] len error : ['東G', '東証グロース']
2026-05-30 14:54:49,264 [SKIP] len error : ['東Ｅ', '東証ETF']
2026-05-30 14:54:49,264 [SKIP] len error : ['東EN', '東証ETN']
2026-05-30 14:54:49,264 [SKIP] len error : ['東Ｒ', '東証REIT']
2026-05-30 14:54:49,264 [SKIP] len error : ['東IF', '東証インフラファンド']
2026-05-30 14:54:49,264 [SKIP] len error : ['名Ｐ', '名証プレミア']
2026-05-30 14:54:49,264 [SKIP] len error : ['名M', '名証メイン']
2026-05-30 14:54:49,264 [SKIP] len error : ['名N', '名証ネクスト']
2026-05-30 14:54:49,264 [SKIP] len error : ['名Ｅ', '名証ETF']
2026-05-30 14:54:49,264 [SKIP] len error : ['札Ａ', '札証アンビシャス']
2026-05-30 14:54:49,265 [SKIP] len error : ['福Ｑ', '福証Q-Board']
2026-05-30 14:54:49,265 [SKIP] len error : ['①', '高い', '1,000回以上', '13.9%']
2026-05-30 14:54:49,265 [SKIP] len error : ['②', 'やや高い', '400回〜1,000回', '18.5%']
2026-05-30 14:54:49,265 [SKIP] len error : ['③', '中位', '50回〜400回', '39.0%']
2026-05-30 14:54:49,265 [SKIP] len error : ['④', 'やや低い', '10回〜50回', '17.6%']
2026-05-30 14:54:49,265 [SKIP] len error : ['⑤', '低い', '10回未満', '11.0%']
2026-05-30 14:54:49,265 2720件 / ?件中 23:54
2026-05-30 14:54:49,299 [TOTAL] None
2026-05-30 14:54:49,299 [COUNT] 2720
2026-05-30 14:54:49,872 [PAGE] 137
2026-05-30 14:54:50,184 [SKIP] len error : ['東P', '東証プライム']
2026-05-30 14:54:50,184 [SKIP] len error : ['東S', '東証スタンダード']
2026-05-30 14:54:50,184 [SKIP] len error : ['東G', '東証グロース']
2026-05-30 14:54:50,184 [SKIP] len error : ['東Ｅ', '東証ETF']
2026-05-30 14:54:50,184 [SKIP] len error : ['東EN', '東証ETN']
2026-05-30 14:54:50,184 [SKIP] len error : ['東Ｒ', '東証REIT']
2026-05-30 14:54:50,184 [SKIP] len error : ['東IF', '東証インフラファンド']
2026-05-30 14:54:50,184 [SKIP] len error : ['名Ｐ', '名証プレミア']
2026-05-30 14:54:50,184 [SKIP] len error : ['名M', '名証メイン']
2026-05-30 14:54:50,184 [SKIP] len error : ['名N', '名証ネクスト']
2026-05-30 14:54:50,184 [SKIP] len error : ['名Ｅ', '名証ETF']
2026-05-30 14:54:50,184 [SKIP] len error : ['札Ａ', '札証アンビシャス']
2026-05-30 14:54:50,184 [SKIP] len error : ['福Ｑ', '福証Q-Board']
2026-05-30 14:54:50,184 [SKIP] len error : ['①', '高い', '1,000回以上', '13.9%']
2026-05-30 14:54:50,184 [SKIP] len error : ['②', 'やや高い', '400回〜1,000回', '18.5%']
2026-05-30 14:54:50,184 [SKIP] len error : ['③', '中位', '50回〜400回', '39.0%']
2026-05-30 14:54:50,184 [SKIP] len error : ['④', 'やや低い', '10回〜50回', '17.6%']
2026-05-30 14:54:50,184 [SKIP] len error : ['⑤', '低い', '10回未満', '11.0%']
2026-05-30 14:54:50,184 2740件 / ?件中 23:54
2026-05-30 14:54:50,219 [TOTAL] None
2026-05-30 14:54:50,219 [COUNT] 2740
2026-05-30 14:54:51,482 [PAGE] 138
2026-05-30 14:54:51,767 [SKIP] len error : ['東P', '東証プライム']
2026-05-30 14:54:51,767 [SKIP] len error : ['東S', '東証スタンダード']
2026-05-30 14:54:51,767 [SKIP] len error : ['東G', '東証グロース']
2026-05-30 14:54:51,767 [SKIP] len error : ['東Ｅ', '東証ETF']
2026-05-30 14:54:51,767 [SKIP] len error : ['東EN', '東証ETN']
2026-05-30 14:54:51,767 [SKIP] len error : ['東Ｒ', '東証REIT']
2026-05-30 14:54:51,767 [SKIP] len error : ['東IF', '東証インフラファンド']
2026-05-30 14:54:51,767 [SKIP] len error : ['名Ｐ', '名証プレミア']
2026-05-30 14:54:51,767 [SKIP] len error : ['名M', '名証メイン']
2026-05-30 14:54:51,767 [SKIP] len error : ['名N', '名証ネクスト']
2026-05-30 14:54:51,767 [SKIP] len error : ['名Ｅ', '名証ETF']
2026-05-30 14:54:51,767 [SKIP] len error : ['札Ａ', '札証アンビシャス']
2026-05-30 14:54:51,767 [SKIP] len error : ['福Ｑ', '福証Q-Board']
2026-05-30 14:54:51,768 [SKIP] len error : ['①', '高い', '1,000回以上', '13.9%']
2026-05-30 14:54:51,768 [SKIP] len error : ['②', 'やや高い', '400回〜1,000回', '18.5%']
2026-05-30 14:54:51,768 [SKIP] len error : ['③', '中位', '50回〜400回', '39.0%']
2026-05-30 14:54:51,768 [SKIP] len error : ['④', 'やや低い', '10回〜50回', '17.6%']
2026-05-30 14:54:51,768 [SKIP] len error : ['⑤', '低い', '10回未満', '11.0%']
2026-05-30 14:54:51,768 2760件 / ?件中 23:54
2026-05-30 14:54:51,801 [TOTAL] None
2026-05-30 14:54:51,801 [COUNT] 2760
2026-05-30 14:54:52,367 [PAGE] 139
2026-05-30 14:54:52,666 [SKIP] len error : ['東P', '東証プライム']
2026-05-30 14:54:52,666 [SKIP] len error : ['東S', '東証スタンダード']
2026-05-30 14:54:52,666 [SKIP] len error : ['東G', '東証グロース']
2026-05-30 14:54:52,666 [SKIP] len error : ['東Ｅ', '東証ETF']
2026-05-30 14:54:52,666 [SKIP] len error : ['東EN', '東証ETN']
2026-05-30 14:54:52,666 [SKIP] len error : ['東Ｒ', '東証REIT']
2026-05-30 14:54:52,666 [SKIP] len error : ['東IF', '東証インフラファンド']
2026-05-30 14:54:52,666 [SKIP] len error : ['名Ｐ', '名証プレミア']
2026-05-30 14:54:52,666 [SKIP] len error : ['名M', '名証メイン']
2026-05-30 14:54:52,666 [SKIP] len error : ['名N', '名証ネクスト']
2026-05-30 14:54:52,666 [SKIP] len error : ['名Ｅ', '名証ETF']
2026-05-30 14:54:52,666 [SKIP] len error : ['札Ａ', '札証アンビシャス']
2026-05-30 14:54:52,666 [SKIP] len error : ['福Ｑ', '福証Q-Board']
2026-05-30 14:54:52,666 [SKIP] len error : ['①', '高い', '1,000回以上', '13.9%']
2026-05-30 14:54:52,666 [SKIP] len error : ['②', 'やや高い', '400回〜1,000回', '18.5%']
2026-05-30 14:54:52,666 [SKIP] len error : ['③', '中位', '50回〜400回', '39.0%']
2026-05-30 14:54:52,666 [SKIP] len error : ['④', 'やや低い', '10回〜50回', '17.6%']
2026-05-30 14:54:52,666 [SKIP] len error : ['⑤', '低い', '10回未満', '11.0%']
2026-05-30 14:54:52,666 2780件 / ?件中 23:54
2026-05-30 14:54:52,768 [TOTAL] None
2026-05-30 14:54:52,768 [COUNT] 2780
2026-05-30 14:54:53,469 [PAGE] 140
2026-05-30 14:54:53,786 [SKIP] len error : ['東P', '東証プライム']
2026-05-30 14:54:53,786 [SKIP] len error : ['東S', '東証スタンダード']
2026-05-30 14:54:53,786 [SKIP] len error : ['東G', '東証グロース']
2026-05-30 14:54:53,786 [SKIP] len error : ['東Ｅ', '東証ETF']
2026-05-30 14:54:53,786 [SKIP] len error : ['東EN', '東証ETN']
2026-05-30 14:54:53,786 [SKIP] len error : ['東Ｒ', '東証REIT']
2026-05-30 14:54:53,786 [SKIP] len error : ['東IF', '東証インフラファンド']
2026-05-30 14:54:53,786 [SKIP] len error : ['名Ｐ', '名証プレミア']
2026-05-30 14:54:53,787 [SKIP] len error : ['名M', '名証メイン']
2026-05-30 14:54:53,787 [SKIP] len error : ['名N', '名証ネクスト']
2026-05-30 14:54:53,787 [SKIP] len error : ['名Ｅ', '名証ETF']
2026-05-30 14:54:53,787 [SKIP] len error : ['札Ａ', '札証アンビシャス']
2026-05-30 14:54:53,787 [SKIP] len error : ['福Ｑ', '福証Q-Board']
2026-05-30 14:54:53,787 [SKIP] len error : ['①', '高い', '1,000回以上', '13.9%']
2026-05-30 14:54:53,787 [SKIP] len error : ['②', 'やや高い', '400回〜1,000回', '18.5%']
2026-05-30 14:54:53,787 [SKIP] len error : ['③', '中位', '50回〜400回', '39.0%']
2026-05-30 14:54:53,787 [SKIP] len error : ['④', 'やや低い', '10回〜50回', '17.6%']
2026-05-30 14:54:53,787 [SKIP] len error : ['⑤', '低い', '10回未満', '11.0%']
2026-05-30 14:54:53,787 2800件 / ?件中 23:54
2026-05-30 14:54:53,820 [TOTAL] None
2026-05-30 14:54:53,820 [COUNT] 2800
2026-05-30 14:54:54,798 [PAGE] 141
2026-05-30 14:54:55,121 [SKIP] len error : ['東P', '東証プライム']
2026-05-30 14:54:55,122 [SKIP] len error : ['東S', '東証スタンダード']
2026-05-30 14:54:55,122 [SKIP] len error : ['東G', '東証グロース']
2026-05-30 14:54:55,122 [SKIP] len error : ['東Ｅ', '東証ETF']
2026-05-30 14:54:55,122 [SKIP] len error : ['東EN', '東証ETN']
2026-05-30 14:54:55,122 [SKIP] len error : ['東Ｒ', '東証REIT']
2026-05-30 14:54:55,122 [SKIP] len error : ['東IF', '東証インフラファンド']
2026-05-30 14:54:55,122 [SKIP] len error : ['名Ｐ', '名証プレミア']
2026-05-30 14:54:55,122 [SKIP] len error : ['名M', '名証メイン']
2026-05-30 14:54:55,122 [SKIP] len error : ['名N', '名証ネクスト']
2026-05-30 14:54:55,122 [SKIP] len error : ['名Ｅ', '名証ETF']
2026-05-30 14:54:55,122 [SKIP] len error : ['札Ａ', '札証アンビシャス']
2026-05-30 14:54:55,122 [SKIP] len error : ['福Ｑ', '福証Q-Board']
2026-05-30 14:54:55,122 [SKIP] len error : ['①', '高い', '1,000回以上', '13.9%']
2026-05-30 14:54:55,122 [SKIP] len error : ['②', 'やや高い', '400回〜1,000回', '18.5%']
2026-05-30 14:54:55,122 [SKIP] len error : ['③', '中位', '50回〜400回', '39.0%']
2026-05-30 14:54:55,122 [SKIP] len error : ['④', 'やや低い', '10回〜50回', '17.6%']
2026-05-30 14:54:55,122 [SKIP] len error : ['⑤', '低い', '10回未満', '11.0%']
2026-05-30 14:54:55,122 2820件 / ?件中 23:54
2026-05-30 14:54:55,155 [TOTAL] None
2026-05-30 14:54:55,156 [COUNT] 2820
2026-05-30 14:54:56,465 [PAGE] 142
2026-05-30 14:54:56,767 [SKIP] len error : ['東P', '東証プライム']
2026-05-30 14:54:56,767 [SKIP] len error : ['東S', '東証スタンダード']
2026-05-30 14:54:56,767 [SKIP] len error : ['東G', '東証グロース']
2026-05-30 14:54:56,767 [SKIP] len error : ['東Ｅ', '東証ETF']
2026-05-30 14:54:56,767 [SKIP] len error : ['東EN', '東証ETN']
2026-05-30 14:54:56,767 [SKIP] len error : ['東Ｒ', '東証REIT']
2026-05-30 14:54:56,767 [SKIP] len error : ['東IF', '東証インフラファンド']
2026-05-30 14:54:56,767 [SKIP] len error : ['名Ｐ', '名証プレミア']
2026-05-30 14:54:56,767 [SKIP] len error : ['名M', '名証メイン']
2026-05-30 14:54:56,767 [SKIP] len error : ['名N', '名証ネクスト']
2026-05-30 14:54:56,767 [SKIP] len error : ['名Ｅ', '名証ETF']
2026-05-30 14:54:56,767 [SKIP] len error : ['札Ａ', '札証アンビシャス']
2026-05-30 14:54:56,767 [SKIP] len error : ['福Ｑ', '福証Q-Board']
2026-05-30 14:54:56,767 [SKIP] len error : ['①', '高い', '1,000回以上', '13.9%']
2026-05-30 14:54:56,767 [SKIP] len error : ['②', 'やや高い', '400回〜1,000回', '18.5%']
2026-05-30 14:54:56,767 [SKIP] len error : ['③', '中位', '50回〜400回', '39.0%']
2026-05-30 14:54:56,768 [SKIP] len error : ['④', 'やや低い', '10回〜50回', '17.6%']
2026-05-30 14:54:56,768 [SKIP] len error : ['⑤', '低い', '10回未満', '11.0%']
2026-05-30 14:54:56,768 2840件 / ?件中 23:54
2026-05-30 14:54:56,801 [TOTAL] None
2026-05-30 14:54:56,801 [COUNT] 2840
2026-05-30 14:54:57,746 [PAGE] 143
2026-05-30 14:54:58,042 [SKIP] len error : ['東P', '東証プライム']
2026-05-30 14:54:58,042 [SKIP] len error : ['東S', '東証スタンダード']
2026-05-30 14:54:58,042 [SKIP] len error : ['東G', '東証グロース']
2026-05-30 14:54:58,042 [SKIP] len error : ['東Ｅ', '東証ETF']
2026-05-30 14:54:58,042 [SKIP] len error : ['東EN', '東証ETN']
2026-05-30 14:54:58,042 [SKIP] len error : ['東Ｒ', '東証REIT']
2026-05-30 14:54:58,042 [SKIP] len error : ['東IF', '東証インフラファンド']
2026-05-30 14:54:58,042 [SKIP] len error : ['名Ｐ', '名証プレミア']
2026-05-30 14:54:58,042 [SKIP] len error : ['名M', '名証メイン']
2026-05-30 14:54:58,042 [SKIP] len error : ['名N', '名証ネクスト']
2026-05-30 14:54:58,042 [SKIP] len error : ['名Ｅ', '名証ETF']
2026-05-30 14:54:58,042 [SKIP] len error : ['札Ａ', '札証アンビシャス']
2026-05-30 14:54:58,042 [SKIP] len error : ['福Ｑ', '福証Q-Board']
2026-05-30 14:54:58,042 [SKIP] len error : ['①', '高い', '1,000回以上', '13.9%']
2026-05-30 14:54:58,042 [SKIP] len error : ['②', 'やや高い', '400回〜1,000回', '18.5%']
2026-05-30 14:54:58,042 [SKIP] len error : ['③', '中位', '50回〜400回', '39.0%']
2026-05-30 14:54:58,042 [SKIP] len error : ['④', 'やや低い', '10回〜50回', '17.6%']
2026-05-30 14:54:58,042 [SKIP] len error : ['⑤', '低い', '10回未満', '11.0%']
2026-05-30 14:54:58,043 2860件 / ?件中 23:54
2026-05-30 14:54:58,075 [TOTAL] None
2026-05-30 14:54:58,076 [COUNT] 2860
2026-05-30 14:54:59,360 [PAGE] 144
2026-05-30 14:54:59,710 [SKIP] len error : ['東P', '東証プライム']
2026-05-30 14:54:59,711 [SKIP] len error : ['東S', '東証スタンダード']
2026-05-30 14:54:59,711 [SKIP] len error : ['東G', '東証グロース']
2026-05-30 14:54:59,711 [SKIP] len error : ['東Ｅ', '東証ETF']
2026-05-30 14:54:59,711 [SKIP] len error : ['東EN', '東証ETN']
2026-05-30 14:54:59,711 [SKIP] len error : ['東Ｒ', '東証REIT']
2026-05-30 14:54:59,711 [SKIP] len error : ['東IF', '東証インフラファンド']
2026-05-30 14:54:59,711 [SKIP] len error : ['名Ｐ', '名証プレミア']
2026-05-30 14:54:59,711 [SKIP] len error : ['名M', '名証メイン']
2026-05-30 14:54:59,711 [SKIP] len error : ['名N', '名証ネクスト']
2026-05-30 14:54:59,711 [SKIP] len error : ['名Ｅ', '名証ETF']
2026-05-30 14:54:59,711 [SKIP] len error : ['札Ａ', '札証アンビシャス']
2026-05-30 14:54:59,711 [SKIP] len error : ['福Ｑ', '福証Q-Board']
2026-05-30 14:54:59,711 [SKIP] len error : ['①', '高い', '1,000回以上', '13.9%']
2026-05-30 14:54:59,711 [SKIP] len error : ['②', 'やや高い', '400回〜1,000回', '18.5%']
2026-05-30 14:54:59,711 [SKIP] len error : ['③', '中位', '50回〜400回', '39.0%']
2026-05-30 14:54:59,711 [SKIP] len error : ['④', 'やや低い', '10回〜50回', '17.6%']
2026-05-30 14:54:59,711 [SKIP] len error : ['⑤', '低い', '10回未満', '11.0%']
2026-05-30 14:54:59,711 2880件 / ?件中 23:54
2026-05-30 14:54:59,744 [TOTAL] None
2026-05-30 14:54:59,744 [COUNT] 2880
2026-05-30 14:55:00,266 [PAGE] 145
2026-05-30 14:55:00,568 [SKIP] len error : ['東P', '東証プライム']
2026-05-30 14:55:00,568 [SKIP] len error : ['東S', '東証スタンダード']
2026-05-30 14:55:00,568 [SKIP] len error : ['東G', '東証グロース']
2026-05-30 14:55:00,568 [SKIP] len error : ['東Ｅ', '東証ETF']
2026-05-30 14:55:00,568 [SKIP] len error : ['東EN', '東証ETN']
2026-05-30 14:55:00,568 [SKIP] len error : ['東Ｒ', '東証REIT']
2026-05-30 14:55:00,568 [SKIP] len error : ['東IF', '東証インフラファンド']
2026-05-30 14:55:00,568 [SKIP] len error : ['名Ｐ', '名証プレミア']
2026-05-30 14:55:00,568 [SKIP] len error : ['名M', '名証メイン']
2026-05-30 14:55:00,568 [SKIP] len error : ['名N', '名証ネクスト']
2026-05-30 14:55:00,568 [SKIP] len error : ['名Ｅ', '名証ETF']
2026-05-30 14:55:00,568 [SKIP] len error : ['札Ａ', '札証アンビシャス']
2026-05-30 14:55:00,568 [SKIP] len error : ['福Ｑ', '福証Q-Board']
2026-05-30 14:55:00,568 [SKIP] len error : ['①', '高い', '1,000回以上', '13.9%']
2026-05-30 14:55:00,568 [SKIP] len error : ['②', 'やや高い', '400回〜1,000回', '18.5%']
2026-05-30 14:55:00,568 [SKIP] len error : ['③', '中位', '50回〜400回', '39.0%']
2026-05-30 14:55:00,568 [SKIP] len error : ['④', 'やや低い', '10回〜50回', '17.6%']
2026-05-30 14:55:00,568 [SKIP] len error : ['⑤', '低い', '10回未満', '11.0%']
2026-05-30 14:55:00,568 2900件 / ?件中 23:55
2026-05-30 14:55:00,602 [TOTAL] None
2026-05-30 14:55:00,602 [COUNT] 2900
2026-05-30 14:55:01,812 [PAGE] 146
2026-05-30 14:55:02,112 [SKIP] len error : ['東P', '東証プライム']
2026-05-30 14:55:02,112 [SKIP] len error : ['東S', '東証スタンダード']
2026-05-30 14:55:02,112 [SKIP] len error : ['東G', '東証グロース']
2026-05-30 14:55:02,112 [SKIP] len error : ['東Ｅ', '東証ETF']
2026-05-30 14:55:02,112 [SKIP] len error : ['東EN', '東証ETN']
2026-05-30 14:55:02,112 [SKIP] len error : ['東Ｒ', '東証REIT']
2026-05-30 14:55:02,112 [SKIP] len error : ['東IF', '東証インフラファンド']
2026-05-30 14:55:02,112 [SKIP] len error : ['名Ｐ', '名証プレミア']
2026-05-30 14:55:02,112 [SKIP] len error : ['名M', '名証メイン']
2026-05-30 14:55:02,112 [SKIP] len error : ['名N', '名証ネクスト']
2026-05-30 14:55:02,112 [SKIP] len error : ['名Ｅ', '名証ETF']
2026-05-30 14:55:02,112 [SKIP] len error : ['札Ａ', '札証アンビシャス']
2026-05-30 14:55:02,112 [SKIP] len error : ['福Ｑ', '福証Q-Board']
2026-05-30 14:55:02,112 [SKIP] len error : ['①', '高い', '1,000回以上', '13.9%']
2026-05-30 14:55:02,112 [SKIP] len error : ['②', 'やや高い', '400回〜1,000回', '18.5%']
2026-05-30 14:55:02,112 [SKIP] len error : ['③', '中位', '50回〜400回', '39.0%']
2026-05-30 14:55:02,112 [SKIP] len error : ['④', 'やや低い', '10回〜50回', '17.6%']
2026-05-30 14:55:02,112 [SKIP] len error : ['⑤', '低い', '10回未満', '11.0%']
2026-05-30 14:55:02,112 2920件 / ?件中 23:55
2026-05-30 14:55:02,146 [TOTAL] None
2026-05-30 14:55:02,146 [COUNT] 2920
2026-05-30 14:55:02,733 [PAGE] 147
2026-05-30 14:55:03,045 [SKIP] len error : ['東P', '東証プライム']
2026-05-30 14:55:03,046 [SKIP] len error : ['東S', '東証スタンダード']
2026-05-30 14:55:03,046 [SKIP] len error : ['東G', '東証グロース']
2026-05-30 14:55:03,046 [SKIP] len error : ['東Ｅ', '東証ETF']
2026-05-30 14:55:03,046 [SKIP] len error : ['東EN', '東証ETN']
2026-05-30 14:55:03,046 [SKIP] len error : ['東Ｒ', '東証REIT']
2026-05-30 14:55:03,046 [SKIP] len error : ['東IF', '東証インフラファンド']
2026-05-30 14:55:03,046 [SKIP] len error : ['名Ｐ', '名証プレミア']
2026-05-30 14:55:03,046 [SKIP] len error : ['名M', '名証メイン']
2026-05-30 14:55:03,046 [SKIP] len error : ['名N', '名証ネクスト']
2026-05-30 14:55:03,046 [SKIP] len error : ['名Ｅ', '名証ETF']
2026-05-30 14:55:03,046 [SKIP] len error : ['札Ａ', '札証アンビシャス']
2026-05-30 14:55:03,046 [SKIP] len error : ['福Ｑ', '福証Q-Board']
2026-05-30 14:55:03,046 [SKIP] len error : ['①', '高い', '1,000回以上', '13.9%']
2026-05-30 14:55:03,046 [SKIP] len error : ['②', 'やや高い', '400回〜1,000回', '18.5%']
2026-05-30 14:55:03,046 [SKIP] len error : ['③', '中位', '50回〜400回', '39.0%']
2026-05-30 14:55:03,046 [SKIP] len error : ['④', 'やや低い', '10回〜50回', '17.6%']
2026-05-30 14:55:03,046 [SKIP] len error : ['⑤', '低い', '10回未満', '11.0%']
2026-05-30 14:55:03,046 2940件 / ?件中 23:55
2026-05-30 14:55:03,079 [TOTAL] None
2026-05-30 14:55:03,079 [COUNT] 2940
2026-05-30 14:55:03,811 [PAGE] 148
2026-05-30 14:55:04,127 [SKIP] len error : ['東P', '東証プライム']
2026-05-30 14:55:04,127 [SKIP] len error : ['東S', '東証スタンダード']
2026-05-30 14:55:04,128 [SKIP] len error : ['東G', '東証グロース']
2026-05-30 14:55:04,128 [SKIP] len error : ['東Ｅ', '東証ETF']
2026-05-30 14:55:04,128 [SKIP] len error : ['東EN', '東証ETN']
2026-05-30 14:55:04,128 [SKIP] len error : ['東Ｒ', '東証REIT']
2026-05-30 14:55:04,128 [SKIP] len error : ['東IF', '東証インフラファンド']
2026-05-30 14:55:04,128 [SKIP] len error : ['名Ｐ', '名証プレミア']
2026-05-30 14:55:04,128 [SKIP] len error : ['名M', '名証メイン']
2026-05-30 14:55:04,128 [SKIP] len error : ['名N', '名証ネクスト']
2026-05-30 14:55:04,128 [SKIP] len error : ['名Ｅ', '名証ETF']
2026-05-30 14:55:04,128 [SKIP] len error : ['札Ａ', '札証アンビシャス']
2026-05-30 14:55:04,128 [SKIP] len error : ['福Ｑ', '福証Q-Board']
2026-05-30 14:55:04,128 [SKIP] len error : ['①', '高い', '1,000回以上', '13.9%']
2026-05-30 14:55:04,128 [SKIP] len error : ['②', 'やや高い', '400回〜1,000回', '18.5%']
2026-05-30 14:55:04,128 [SKIP] len error : ['③', '中位', '50回〜400回', '39.0%']
2026-05-30 14:55:04,128 [SKIP] len error : ['④', 'やや低い', '10回〜50回', '17.6%']
2026-05-30 14:55:04,128 [SKIP] len error : ['⑤', '低い', '10回未満', '11.0%']
2026-05-30 14:55:04,128 2960件 / ?件中 23:55
2026-05-30 14:55:04,161 [TOTAL] None
2026-05-30 14:55:04,161 [COUNT] 2960
2026-05-30 14:55:04,831 [PAGE] 149
2026-05-30 14:55:05,179 [SKIP] len error : ['東P', '東証プライム']
2026-05-30 14:55:05,179 [SKIP] len error : ['東S', '東証スタンダード']
2026-05-30 14:55:05,179 [SKIP] len error : ['東G', '東証グロース']
2026-05-30 14:55:05,179 [SKIP] len error : ['東Ｅ', '東証ETF']
2026-05-30 14:55:05,179 [SKIP] len error : ['東EN', '東証ETN']
2026-05-30 14:55:05,179 [SKIP] len error : ['東Ｒ', '東証REIT']
2026-05-30 14:55:05,179 [SKIP] len error : ['東IF', '東証インフラファンド']
2026-05-30 14:55:05,179 [SKIP] len error : ['名Ｐ', '名証プレミア']
2026-05-30 14:55:05,179 [SKIP] len error : ['名M', '名証メイン']
2026-05-30 14:55:05,179 [SKIP] len error : ['名N', '名証ネクスト']
2026-05-30 14:55:05,179 [SKIP] len error : ['名Ｅ', '名証ETF']
2026-05-30 14:55:05,179 [SKIP] len error : ['札Ａ', '札証アンビシャス']
2026-05-30 14:55:05,179 [SKIP] len error : ['福Ｑ', '福証Q-Board']
2026-05-30 14:55:05,179 [SKIP] len error : ['①', '高い', '1,000回以上', '13.9%']
2026-05-30 14:55:05,179 [SKIP] len error : ['②', 'やや高い', '400回〜1,000回', '18.5%']
2026-05-30 14:55:05,179 [SKIP] len error : ['③', '中位', '50回〜400回', '39.0%']
2026-05-30 14:55:05,179 [SKIP] len error : ['④', 'やや低い', '10回〜50回', '17.6%']
2026-05-30 14:55:05,179 [SKIP] len error : ['⑤', '低い', '10回未満', '11.0%']
2026-05-30 14:55:05,179 2980件 / ?件中 23:55
2026-05-30 14:55:05,212 [TOTAL] None
2026-05-30 14:55:05,212 [COUNT] 2980
2026-05-30 14:55:06,403 [PAGE] 150
2026-05-30 14:55:06,701 [SKIP] len error : ['東P', '東証プライム']
2026-05-30 14:55:06,701 [SKIP] len error : ['東S', '東証スタンダード']
2026-05-30 14:55:06,701 [SKIP] len error : ['東G', '東証グロース']
2026-05-30 14:55:06,701 [SKIP] len error : ['東Ｅ', '東証ETF']
2026-05-30 14:55:06,701 [SKIP] len error : ['東EN', '東証ETN']
2026-05-30 14:55:06,701 [SKIP] len error : ['東Ｒ', '東証REIT']
2026-05-30 14:55:06,701 [SKIP] len error : ['東IF', '東証インフラファンド']
2026-05-30 14:55:06,701 [SKIP] len error : ['名Ｐ', '名証プレミア']
2026-05-30 14:55:06,701 [SKIP] len error : ['名M', '名証メイン']
2026-05-30 14:55:06,701 [SKIP] len error : ['名N', '名証ネクスト']
2026-05-30 14:55:06,701 [SKIP] len error : ['名Ｅ', '名証ETF']
2026-05-30 14:55:06,701 [SKIP] len error : ['札Ａ', '札証アンビシャス']
2026-05-30 14:55:06,701 [SKIP] len error : ['福Ｑ', '福証Q-Board']
2026-05-30 14:55:06,701 [SKIP] len error : ['①', '高い', '1,000回以上', '13.9%']
2026-05-30 14:55:06,701 [SKIP] len error : ['②', 'やや高い', '400回〜1,000回', '18.5%']
2026-05-30 14:55:06,701 [SKIP] len error : ['③', '中位', '50回〜400回', '39.0%']
2026-05-30 14:55:06,701 [SKIP] len error : ['④', 'やや低い', '10回〜50回', '17.6%']
2026-05-30 14:55:06,701 [SKIP] len error : ['⑤', '低い', '10回未満', '11.0%']
2026-05-30 14:55:06,701 3000件 / ?件中 23:55
2026-05-30 14:55:06,735 [TOTAL] None
2026-05-30 14:55:06,735 [COUNT] 3000
2026-05-30 14:55:07,606 [PAGE] 151
2026-05-30 14:55:07,918 [SKIP] len error : ['東P', '東証プライム']
2026-05-30 14:55:07,918 [SKIP] len error : ['東S', '東証スタンダード']
2026-05-30 14:55:07,918 [SKIP] len error : ['東G', '東証グロース']
2026-05-30 14:55:07,918 [SKIP] len error : ['東Ｅ', '東証ETF']
2026-05-30 14:55:07,918 [SKIP] len error : ['東EN', '東証ETN']
2026-05-30 14:55:07,918 [SKIP] len error : ['東Ｒ', '東証REIT']
2026-05-30 14:55:07,918 [SKIP] len error : ['東IF', '東証インフラファンド']
2026-05-30 14:55:07,919 [SKIP] len error : ['名Ｐ', '名証プレミア']
2026-05-30 14:55:07,919 [SKIP] len error : ['名M', '名証メイン']
2026-05-30 14:55:07,919 [SKIP] len error : ['名N', '名証ネクスト']
2026-05-30 14:55:07,919 [SKIP] len error : ['名Ｅ', '名証ETF']
2026-05-30 14:55:07,919 [SKIP] len error : ['札Ａ', '札証アンビシャス']
2026-05-30 14:55:07,919 [SKIP] len error : ['福Ｑ', '福証Q-Board']
2026-05-30 14:55:07,919 [SKIP] len error : ['①', '高い', '1,000回以上', '13.9%']
2026-05-30 14:55:07,919 [SKIP] len error : ['②', 'やや高い', '400回〜1,000回', '18.5%']
2026-05-30 14:55:07,919 [SKIP] len error : ['③', '中位', '50回〜400回', '39.0%']
2026-05-30 14:55:07,919 [SKIP] len error : ['④', 'やや低い', '10回〜50回', '17.6%']
2026-05-30 14:55:07,919 [SKIP] len error : ['⑤', '低い', '10回未満', '11.0%']
2026-05-30 14:55:07,919 3020件 / ?件中 23:55
2026-05-30 14:55:07,953 [TOTAL] None
2026-05-30 14:55:07,953 [COUNT] 3020
2026-05-30 14:55:08,840 [PAGE] 152
2026-05-30 14:55:09,158 [SKIP] len error : ['東P', '東証プライム']
2026-05-30 14:55:09,158 [SKIP] len error : ['東S', '東証スタンダード']
2026-05-30 14:55:09,158 [SKIP] len error : ['東G', '東証グロース']
2026-05-30 14:55:09,158 [SKIP] len error : ['東Ｅ', '東証ETF']
2026-05-30 14:55:09,158 [SKIP] len error : ['東EN', '東証ETN']
2026-05-30 14:55:09,158 [SKIP] len error : ['東Ｒ', '東証REIT']
2026-05-30 14:55:09,159 [SKIP] len error : ['東IF', '東証インフラファンド']
2026-05-30 14:55:09,159 [SKIP] len error : ['名Ｐ', '名証プレミア']
2026-05-30 14:55:09,159 [SKIP] len error : ['名M', '名証メイン']
2026-05-30 14:55:09,159 [SKIP] len error : ['名N', '名証ネクスト']
2026-05-30 14:55:09,159 [SKIP] len error : ['名Ｅ', '名証ETF']
2026-05-30 14:55:09,159 [SKIP] len error : ['札Ａ', '札証アンビシャス']
2026-05-30 14:55:09,159 [SKIP] len error : ['福Ｑ', '福証Q-Board']
2026-05-30 14:55:09,159 [SKIP] len error : ['①', '高い', '1,000回以上', '13.9%']
2026-05-30 14:55:09,159 [SKIP] len error : ['②', 'やや高い', '400回〜1,000回', '18.5%']
2026-05-30 14:55:09,159 [SKIP] len error : ['③', '中位', '50回〜400回', '39.0%']
2026-05-30 14:55:09,159 [SKIP] len error : ['④', 'やや低い', '10回〜50回', '17.6%']
2026-05-30 14:55:09,159 [SKIP] len error : ['⑤', '低い', '10回未満', '11.0%']
2026-05-30 14:55:09,159 3040件 / ?件中 23:55
2026-05-30 14:55:09,192 [TOTAL] None
2026-05-30 14:55:09,192 [COUNT] 3040
2026-05-30 14:55:10,685 [PAGE] 153
2026-05-30 14:55:10,999 [SKIP] len error : ['東P', '東証プライム']
2026-05-30 14:55:10,999 [SKIP] len error : ['東S', '東証スタンダード']
2026-05-30 14:55:10,999 [SKIP] len error : ['東G', '東証グロース']
2026-05-30 14:55:10,999 [SKIP] len error : ['東Ｅ', '東証ETF']
2026-05-30 14:55:10,999 [SKIP] len error : ['東EN', '東証ETN']
2026-05-30 14:55:10,999 [SKIP] len error : ['東Ｒ', '東証REIT']
2026-05-30 14:55:10,999 [SKIP] len error : ['東IF', '東証インフラファンド']
2026-05-30 14:55:10,999 [SKIP] len error : ['名Ｐ', '名証プレミア']
2026-05-30 14:55:10,999 [SKIP] len error : ['名M', '名証メイン']
2026-05-30 14:55:10,999 [SKIP] len error : ['名N', '名証ネクスト']
2026-05-30 14:55:10,999 [SKIP] len error : ['名Ｅ', '名証ETF']
2026-05-30 14:55:10,999 [SKIP] len error : ['札Ａ', '札証アンビシャス']
2026-05-30 14:55:10,999 [SKIP] len error : ['福Ｑ', '福証Q-Board']
2026-05-30 14:55:10,999 [SKIP] len error : ['①', '高い', '1,000回以上', '13.9%']
2026-05-30 14:55:10,999 [SKIP] len error : ['②', 'やや高い', '400回〜1,000回', '18.5%']
2026-05-30 14:55:10,999 [SKIP] len error : ['③', '中位', '50回〜400回', '39.0%']
2026-05-30 14:55:10,999 [SKIP] len error : ['④', 'やや低い', '10回〜50回', '17.6%']
2026-05-30 14:55:10,999 [SKIP] len error : ['⑤', '低い', '10回未満', '11.0%']
2026-05-30 14:55:10,999 3060件 / ?件中 23:55
2026-05-30 14:55:11,083 [TOTAL] None
2026-05-30 14:55:11,083 [COUNT] 3060
2026-05-30 14:55:12,197 [PAGE] 154
2026-05-30 14:55:12,513 [SKIP] len error : ['東P', '東証プライム']
2026-05-30 14:55:12,513 [SKIP] len error : ['東S', '東証スタンダード']
2026-05-30 14:55:12,513 [SKIP] len error : ['東G', '東証グロース']
2026-05-30 14:55:12,514 [SKIP] len error : ['東Ｅ', '東証ETF']
2026-05-30 14:55:12,514 [SKIP] len error : ['東EN', '東証ETN']
2026-05-30 14:55:12,514 [SKIP] len error : ['東Ｒ', '東証REIT']
2026-05-30 14:55:12,514 [SKIP] len error : ['東IF', '東証インフラファンド']
2026-05-30 14:55:12,514 [SKIP] len error : ['名Ｐ', '名証プレミア']
2026-05-30 14:55:12,514 [SKIP] len error : ['名M', '名証メイン']
2026-05-30 14:55:12,514 [SKIP] len error : ['名N', '名証ネクスト']
2026-05-30 14:55:12,514 [SKIP] len error : ['名Ｅ', '名証ETF']
2026-05-30 14:55:12,514 [SKIP] len error : ['札Ａ', '札証アンビシャス']
2026-05-30 14:55:12,514 [SKIP] len error : ['福Ｑ', '福証Q-Board']
2026-05-30 14:55:12,514 [SKIP] len error : ['①', '高い', '1,000回以上', '13.9%']
2026-05-30 14:55:12,514 [SKIP] len error : ['②', 'やや高い', '400回〜1,000回', '18.5%']
2026-05-30 14:55:12,514 [SKIP] len error : ['③', '中位', '50回〜400回', '39.0%']
2026-05-30 14:55:12,514 [SKIP] len error : ['④', 'やや低い', '10回〜50回', '17.6%']
2026-05-30 14:55:12,514 [SKIP] len error : ['⑤', '低い', '10回未満', '11.0%']
2026-05-30 14:55:12,514 3080件 / ?件中 23:55
2026-05-30 14:55:12,548 [TOTAL] None
2026-05-30 14:55:12,548 [COUNT] 3080
2026-05-30 14:55:13,623 [PAGE] 155
2026-05-30 14:55:13,922 [SKIP] len error : ['東P', '東証プライム']
2026-05-30 14:55:13,922 [SKIP] len error : ['東S', '東証スタンダード']
2026-05-30 14:55:13,922 [SKIP] len error : ['東G', '東証グロース']
2026-05-30 14:55:13,922 [SKIP] len error : ['東Ｅ', '東証ETF']
2026-05-30 14:55:13,922 [SKIP] len error : ['東EN', '東証ETN']
2026-05-30 14:55:13,922 [SKIP] len error : ['東Ｒ', '東証REIT']
2026-05-30 14:55:13,922 [SKIP] len error : ['東IF', '東証インフラファンド']
2026-05-30 14:55:13,922 [SKIP] len error : ['名Ｐ', '名証プレミア']
2026-05-30 14:55:13,922 [SKIP] len error : ['名M', '名証メイン']
2026-05-30 14:55:13,922 [SKIP] len error : ['名N', '名証ネクスト']
2026-05-30 14:55:13,922 [SKIP] len error : ['名Ｅ', '名証ETF']
2026-05-30 14:55:13,922 [SKIP] len error : ['札Ａ', '札証アンビシャス']
2026-05-30 14:55:13,922 [SKIP] len error : ['福Ｑ', '福証Q-Board']
2026-05-30 14:55:13,922 [SKIP] len error : ['①', '高い', '1,000回以上', '13.9%']
2026-05-30 14:55:13,922 [SKIP] len error : ['②', 'やや高い', '400回〜1,000回', '18.5%']
2026-05-30 14:55:13,922 [SKIP] len error : ['③', '中位', '50回〜400回', '39.0%']
2026-05-30 14:55:13,922 [SKIP] len error : ['④', 'やや低い', '10回〜50回', '17.6%']
2026-05-30 14:55:13,922 [SKIP] len error : ['⑤', '低い', '10回未満', '11.0%']
2026-05-30 14:55:13,923 3100件 / ?件中 23:55
2026-05-30 14:55:13,957 [TOTAL] None
2026-05-30 14:55:13,957 [COUNT] 3100
2026-05-30 14:55:14,900 [PAGE] 156
2026-05-30 14:55:15,218 [SKIP] len error : ['東P', '東証プライム']
2026-05-30 14:55:15,218 [SKIP] len error : ['東S', '東証スタンダード']
2026-05-30 14:55:15,218 [SKIP] len error : ['東G', '東証グロース']
2026-05-30 14:55:15,218 [SKIP] len error : ['東Ｅ', '東証ETF']
2026-05-30 14:55:15,218 [SKIP] len error : ['東EN', '東証ETN']
2026-05-30 14:55:15,218 [SKIP] len error : ['東Ｒ', '東証REIT']
2026-05-30 14:55:15,218 [SKIP] len error : ['東IF', '東証インフラファンド']
2026-05-30 14:55:15,218 [SKIP] len error : ['名Ｐ', '名証プレミア']
2026-05-30 14:55:15,218 [SKIP] len error : ['名M', '名証メイン']
2026-05-30 14:55:15,218 [SKIP] len error : ['名N', '名証ネクスト']
2026-05-30 14:55:15,218 [SKIP] len error : ['名Ｅ', '名証ETF']
2026-05-30 14:55:15,218 [SKIP] len error : ['札Ａ', '札証アンビシャス']
2026-05-30 14:55:15,218 [SKIP] len error : ['福Ｑ', '福証Q-Board']
2026-05-30 14:55:15,218 [SKIP] len error : ['①', '高い', '1,000回以上', '13.9%']
2026-05-30 14:55:15,218 [SKIP] len error : ['②', 'やや高い', '400回〜1,000回', '18.5%']
2026-05-30 14:55:15,218 [SKIP] len error : ['③', '中位', '50回〜400回', '39.0%']
2026-05-30 14:55:15,218 [SKIP] len error : ['④', 'やや低い', '10回〜50回', '17.6%']
2026-05-30 14:55:15,218 [SKIP] len error : ['⑤', '低い', '10回未満', '11.0%']
2026-05-30 14:55:15,219 3120件 / ?件中 23:55
2026-05-30 14:55:15,253 [TOTAL] None
2026-05-30 14:55:15,253 [COUNT] 3120
2026-05-30 14:55:16,494 [PAGE] 157
2026-05-30 14:55:16,797 [SKIP] len error : ['東P', '東証プライム']
2026-05-30 14:55:16,797 [SKIP] len error : ['東S', '東証スタンダード']
2026-05-30 14:55:16,797 [SKIP] len error : ['東G', '東証グロース']
2026-05-30 14:55:16,797 [SKIP] len error : ['東Ｅ', '東証ETF']
2026-05-30 14:55:16,797 [SKIP] len error : ['東EN', '東証ETN']
2026-05-30 14:55:16,797 [SKIP] len error : ['東Ｒ', '東証REIT']
2026-05-30 14:55:16,797 [SKIP] len error : ['東IF', '東証インフラファンド']
2026-05-30 14:55:16,797 [SKIP] len error : ['名Ｐ', '名証プレミア']
2026-05-30 14:55:16,797 [SKIP] len error : ['名M', '名証メイン']
2026-05-30 14:55:16,797 [SKIP] len error : ['名N', '名証ネクスト']
2026-05-30 14:55:16,797 [SKIP] len error : ['名Ｅ', '名証ETF']
2026-05-30 14:55:16,797 [SKIP] len error : ['札Ａ', '札証アンビシャス']
2026-05-30 14:55:16,797 [SKIP] len error : ['福Ｑ', '福証Q-Board']
2026-05-30 14:55:16,797 [SKIP] len error : ['①', '高い', '1,000回以上', '13.9%']
2026-05-30 14:55:16,797 [SKIP] len error : ['②', 'やや高い', '400回〜1,000回', '18.5%']
2026-05-30 14:55:16,797 [SKIP] len error : ['③', '中位', '50回〜400回', '39.0%']
2026-05-30 14:55:16,797 [SKIP] len error : ['④', 'やや低い', '10回〜50回', '17.6%']
2026-05-30 14:55:16,797 [SKIP] len error : ['⑤', '低い', '10回未満', '11.0%']
2026-05-30 14:55:16,798 3140件 / ?件中 23:55
2026-05-30 14:55:16,831 [TOTAL] None
2026-05-30 14:55:16,831 [COUNT] 3140
2026-05-30 14:55:17,707 [PAGE] 158
2026-05-30 14:55:18,012 [SKIP] len error : ['東P', '東証プライム']
2026-05-30 14:55:18,012 [SKIP] len error : ['東S', '東証スタンダード']
2026-05-30 14:55:18,012 [SKIP] len error : ['東G', '東証グロース']
2026-05-30 14:55:18,012 [SKIP] len error : ['東Ｅ', '東証ETF']
2026-05-30 14:55:18,012 [SKIP] len error : ['東EN', '東証ETN']
2026-05-30 14:55:18,012 [SKIP] len error : ['東Ｒ', '東証REIT']
2026-05-30 14:55:18,012 [SKIP] len error : ['東IF', '東証インフラファンド']
2026-05-30 14:55:18,012 [SKIP] len error : ['名Ｐ', '名証プレミア']
2026-05-30 14:55:18,012 [SKIP] len error : ['名M', '名証メイン']
2026-05-30 14:55:18,012 [SKIP] len error : ['名N', '名証ネクスト']
2026-05-30 14:55:18,012 [SKIP] len error : ['名Ｅ', '名証ETF']
2026-05-30 14:55:18,012 [SKIP] len error : ['札Ａ', '札証アンビシャス']
2026-05-30 14:55:18,012 [SKIP] len error : ['福Ｑ', '福証Q-Board']
2026-05-30 14:55:18,012 [SKIP] len error : ['①', '高い', '1,000回以上', '13.9%']
2026-05-30 14:55:18,012 [SKIP] len error : ['②', 'やや高い', '400回〜1,000回', '18.5%']
2026-05-30 14:55:18,012 [SKIP] len error : ['③', '中位', '50回〜400回', '39.0%']
2026-05-30 14:55:18,012 [SKIP] len error : ['④', 'やや低い', '10回〜50回', '17.6%']
2026-05-30 14:55:18,012 [SKIP] len error : ['⑤', '低い', '10回未満', '11.0%']
2026-05-30 14:55:18,012 3160件 / ?件中 23:55
2026-05-30 14:55:18,106 [TOTAL] None
2026-05-30 14:55:18,106 [COUNT] 3160
2026-05-30 14:55:19,599 [PAGE] 159
2026-05-30 14:55:19,899 [SKIP] len error : ['東P', '東証プライム']
2026-05-30 14:55:19,900 [SKIP] len error : ['東S', '東証スタンダード']
2026-05-30 14:55:19,900 [SKIP] len error : ['東G', '東証グロース']
2026-05-30 14:55:19,900 [SKIP] len error : ['東Ｅ', '東証ETF']
2026-05-30 14:55:19,900 [SKIP] len error : ['東EN', '東証ETN']
2026-05-30 14:55:19,900 [SKIP] len error : ['東Ｒ', '東証REIT']
2026-05-30 14:55:19,900 [SKIP] len error : ['東IF', '東証インフラファンド']
2026-05-30 14:55:19,900 [SKIP] len error : ['名Ｐ', '名証プレミア']
2026-05-30 14:55:19,900 [SKIP] len error : ['名M', '名証メイン']
2026-05-30 14:55:19,900 [SKIP] len error : ['名N', '名証ネクスト']
2026-05-30 14:55:19,900 [SKIP] len error : ['名Ｅ', '名証ETF']
2026-05-30 14:55:19,900 [SKIP] len error : ['札Ａ', '札証アンビシャス']
2026-05-30 14:55:19,900 [SKIP] len error : ['福Ｑ', '福証Q-Board']
2026-05-30 14:55:19,900 [SKIP] len error : ['①', '高い', '1,000回以上', '13.9%']
2026-05-30 14:55:19,900 [SKIP] len error : ['②', 'やや高い', '400回〜1,000回', '18.5%']
2026-05-30 14:55:19,900 [SKIP] len error : ['③', '中位', '50回〜400回', '39.0%']
2026-05-30 14:55:19,900 [SKIP] len error : ['④', 'やや低い', '10回〜50回', '17.6%']
2026-05-30 14:55:19,900 [SKIP] len error : ['⑤', '低い', '10回未満', '11.0%']
2026-05-30 14:55:19,900 3180件 / ?件中 23:55
2026-05-30 14:55:19,934 [TOTAL] None
2026-05-30 14:55:19,934 [COUNT] 3180
2026-05-30 14:55:21,389 [PAGE] 160
2026-05-30 14:55:21,700 [SKIP] len error : ['東P', '東証プライム']
2026-05-30 14:55:21,700 [SKIP] len error : ['東S', '東証スタンダード']
2026-05-30 14:55:21,701 [SKIP] len error : ['東G', '東証グロース']
2026-05-30 14:55:21,701 [SKIP] len error : ['東Ｅ', '東証ETF']
2026-05-30 14:55:21,701 [SKIP] len error : ['東EN', '東証ETN']
2026-05-30 14:55:21,701 [SKIP] len error : ['東Ｒ', '東証REIT']
2026-05-30 14:55:21,701 [SKIP] len error : ['東IF', '東証インフラファンド']
2026-05-30 14:55:21,701 [SKIP] len error : ['名Ｐ', '名証プレミア']
2026-05-30 14:55:21,701 [SKIP] len error : ['名M', '名証メイン']
2026-05-30 14:55:21,701 [SKIP] len error : ['名N', '名証ネクスト']
2026-05-30 14:55:21,701 [SKIP] len error : ['名Ｅ', '名証ETF']
2026-05-30 14:55:21,701 [SKIP] len error : ['札Ａ', '札証アンビシャス']
2026-05-30 14:55:21,701 [SKIP] len error : ['福Ｑ', '福証Q-Board']
2026-05-30 14:55:21,701 [SKIP] len error : ['①', '高い', '1,000回以上', '13.9%']
2026-05-30 14:55:21,701 [SKIP] len error : ['②', 'やや高い', '400回〜1,000回', '18.5%']
2026-05-30 14:55:21,701 [SKIP] len error : ['③', '中位', '50回〜400回', '39.0%']
2026-05-30 14:55:21,701 [SKIP] len error : ['④', 'やや低い', '10回〜50回', '17.6%']
2026-05-30 14:55:21,701 [SKIP] len error : ['⑤', '低い', '10回未満', '11.0%']
2026-05-30 14:55:21,701 3200件 / ?件中 23:55
2026-05-30 14:55:21,735 [TOTAL] None
2026-05-30 14:55:21,735 [COUNT] 3200
2026-05-30 14:55:22,797 [PAGE] 161
2026-05-30 14:55:23,112 [SKIP] len error : ['東P', '東証プライム']
2026-05-30 14:55:23,112 [SKIP] len error : ['東S', '東証スタンダード']
2026-05-30 14:55:23,112 [SKIP] len error : ['東G', '東証グロース']
2026-05-30 14:55:23,112 [SKIP] len error : ['東Ｅ', '東証ETF']
2026-05-30 14:55:23,112 [SKIP] len error : ['東EN', '東証ETN']
2026-05-30 14:55:23,113 [SKIP] len error : ['東Ｒ', '東証REIT']
2026-05-30 14:55:23,113 [SKIP] len error : ['東IF', '東証インフラファンド']
2026-05-30 14:55:23,113 [SKIP] len error : ['名Ｐ', '名証プレミア']
2026-05-30 14:55:23,113 [SKIP] len error : ['名M', '名証メイン']
2026-05-30 14:55:23,113 [SKIP] len error : ['名N', '名証ネクスト']
2026-05-30 14:55:23,113 [SKIP] len error : ['名Ｅ', '名証ETF']
2026-05-30 14:55:23,113 [SKIP] len error : ['札Ａ', '札証アンビシャス']
2026-05-30 14:55:23,113 [SKIP] len error : ['福Ｑ', '福証Q-Board']
2026-05-30 14:55:23,113 [SKIP] len error : ['①', '高い', '1,000回以上', '13.9%']
2026-05-30 14:55:23,113 [SKIP] len error : ['②', 'やや高い', '400回〜1,000回', '18.5%']
2026-05-30 14:55:23,113 [SKIP] len error : ['③', '中位', '50回〜400回', '39.0%']
2026-05-30 14:55:23,113 [SKIP] len error : ['④', 'やや低い', '10回〜50回', '17.6%']
2026-05-30 14:55:23,113 [SKIP] len error : ['⑤', '低い', '10回未満', '11.0%']
2026-05-30 14:55:23,113 3220件 / ?件中 23:55
2026-05-30 14:55:23,147 [TOTAL] None
2026-05-30 14:55:23,147 [COUNT] 3220
2026-05-30 14:55:23,701 [PAGE] 162
2026-05-30 14:55:24,000 [SKIP] len error : ['東P', '東証プライム']
2026-05-30 14:55:24,000 [SKIP] len error : ['東S', '東証スタンダード']
2026-05-30 14:55:24,000 [SKIP] len error : ['東G', '東証グロース']
2026-05-30 14:55:24,000 [SKIP] len error : ['東Ｅ', '東証ETF']
2026-05-30 14:55:24,000 [SKIP] len error : ['東EN', '東証ETN']
2026-05-30 14:55:24,000 [SKIP] len error : ['東Ｒ', '東証REIT']
2026-05-30 14:55:24,000 [SKIP] len error : ['東IF', '東証インフラファンド']
2026-05-30 14:55:24,000 [SKIP] len error : ['名Ｐ', '名証プレミア']
2026-05-30 14:55:24,000 [SKIP] len error : ['名M', '名証メイン']
2026-05-30 14:55:24,000 [SKIP] len error : ['名N', '名証ネクスト']
2026-05-30 14:55:24,000 [SKIP] len error : ['名Ｅ', '名証ETF']
2026-05-30 14:55:24,000 [SKIP] len error : ['札Ａ', '札証アンビシャス']
2026-05-30 14:55:24,000 [SKIP] len error : ['福Ｑ', '福証Q-Board']
2026-05-30 14:55:24,000 [SKIP] len error : ['①', '高い', '1,000回以上', '13.9%']
2026-05-30 14:55:24,000 [SKIP] len error : ['②', 'やや高い', '400回〜1,000回', '18.5%']
2026-05-30 14:55:24,000 [SKIP] len error : ['③', '中位', '50回〜400回', '39.0%']
2026-05-30 14:55:24,000 [SKIP] len error : ['④', 'やや低い', '10回〜50回', '17.6%']
2026-05-30 14:55:24,000 [SKIP] len error : ['⑤', '低い', '10回未満', '11.0%']
2026-05-30 14:55:24,001 3240件 / ?件中 23:55
2026-05-30 14:55:24,033 [TOTAL] None
2026-05-30 14:55:24,034 [COUNT] 3240
2026-05-30 14:55:24,555 [PAGE] 163
2026-05-30 14:55:24,914 [SKIP] len error : ['東P', '東証プライム']
2026-05-30 14:55:24,914 [SKIP] len error : ['東S', '東証スタンダード']
2026-05-30 14:55:24,914 [SKIP] len error : ['東G', '東証グロース']
2026-05-30 14:55:24,914 [SKIP] len error : ['東Ｅ', '東証ETF']
2026-05-30 14:55:24,914 [SKIP] len error : ['東EN', '東証ETN']
2026-05-30 14:55:24,914 [SKIP] len error : ['東Ｒ', '東証REIT']
2026-05-30 14:55:24,914 [SKIP] len error : ['東IF', '東証インフラファンド']
2026-05-30 14:55:24,914 [SKIP] len error : ['名Ｐ', '名証プレミア']
2026-05-30 14:55:24,914 [SKIP] len error : ['名M', '名証メイン']
2026-05-30 14:55:24,914 [SKIP] len error : ['名N', '名証ネクスト']
2026-05-30 14:55:24,914 [SKIP] len error : ['名Ｅ', '名証ETF']
2026-05-30 14:55:24,914 [SKIP] len error : ['札Ａ', '札証アンビシャス']
2026-05-30 14:55:24,914 [SKIP] len error : ['福Ｑ', '福証Q-Board']
2026-05-30 14:55:24,914 [SKIP] len error : ['①', '高い', '1,000回以上', '13.9%']
2026-05-30 14:55:24,914 [SKIP] len error : ['②', 'やや高い', '400回〜1,000回', '18.5%']
2026-05-30 14:55:24,914 [SKIP] len error : ['③', '中位', '50回〜400回', '39.0%']
2026-05-30 14:55:24,914 [SKIP] len error : ['④', 'やや低い', '10回〜50回', '17.6%']
2026-05-30 14:55:24,914 [SKIP] len error : ['⑤', '低い', '10回未満', '11.0%']
2026-05-30 14:55:24,915 3260件 / ?件中 23:55
2026-05-30 14:55:24,947 [TOTAL] None
2026-05-30 14:55:24,948 [COUNT] 3260
2026-05-30 14:55:25,927 [PAGE] 164
2026-05-30 14:55:26,229 [SKIP] len error : ['東P', '東証プライム']
2026-05-30 14:55:26,229 [SKIP] len error : ['東S', '東証スタンダード']
2026-05-30 14:55:26,229 [SKIP] len error : ['東G', '東証グロース']
2026-05-30 14:55:26,229 [SKIP] len error : ['東Ｅ', '東証ETF']
2026-05-30 14:55:26,229 [SKIP] len error : ['東EN', '東証ETN']
2026-05-30 14:55:26,229 [SKIP] len error : ['東Ｒ', '東証REIT']
2026-05-30 14:55:26,229 [SKIP] len error : ['東IF', '東証インフラファンド']
2026-05-30 14:55:26,229 [SKIP] len error : ['名Ｐ', '名証プレミア']
2026-05-30 14:55:26,229 [SKIP] len error : ['名M', '名証メイン']
2026-05-30 14:55:26,229 [SKIP] len error : ['名N', '名証ネクスト']
2026-05-30 14:55:26,229 [SKIP] len error : ['名Ｅ', '名証ETF']
2026-05-30 14:55:26,229 [SKIP] len error : ['札Ａ', '札証アンビシャス']
2026-05-30 14:55:26,229 [SKIP] len error : ['福Ｑ', '福証Q-Board']
2026-05-30 14:55:26,230 [SKIP] len error : ['①', '高い', '1,000回以上', '13.9%']
2026-05-30 14:55:26,230 [SKIP] len error : ['②', 'やや高い', '400回〜1,000回', '18.5%']
2026-05-30 14:55:26,230 [SKIP] len error : ['③', '中位', '50回〜400回', '39.0%']
2026-05-30 14:55:26,230 [SKIP] len error : ['④', 'やや低い', '10回〜50回', '17.6%']
2026-05-30 14:55:26,230 [SKIP] len error : ['⑤', '低い', '10回未満', '11.0%']
2026-05-30 14:55:26,230 3280件 / ?件中 23:55
2026-05-30 14:55:26,264 [TOTAL] None
2026-05-30 14:55:26,264 [COUNT] 3280
2026-05-30 14:55:27,625 [PAGE] 165
2026-05-30 14:55:27,935 [SKIP] len error : ['東P', '東証プライム']
2026-05-30 14:55:27,935 [SKIP] len error : ['東S', '東証スタンダード']
2026-05-30 14:55:27,935 [SKIP] len error : ['東G', '東証グロース']
2026-05-30 14:55:27,935 [SKIP] len error : ['東Ｅ', '東証ETF']
2026-05-30 14:55:27,935 [SKIP] len error : ['東EN', '東証ETN']
2026-05-30 14:55:27,935 [SKIP] len error : ['東Ｒ', '東証REIT']
2026-05-30 14:55:27,935 [SKIP] len error : ['東IF', '東証インフラファンド']
2026-05-30 14:55:27,935 [SKIP] len error : ['名Ｐ', '名証プレミア']
2026-05-30 14:55:27,935 [SKIP] len error : ['名M', '名証メイン']
2026-05-30 14:55:27,935 [SKIP] len error : ['名N', '名証ネクスト']
2026-05-30 14:55:27,935 [SKIP] len error : ['名Ｅ', '名証ETF']
2026-05-30 14:55:27,935 [SKIP] len error : ['札Ａ', '札証アンビシャス']
2026-05-30 14:55:27,935 [SKIP] len error : ['福Ｑ', '福証Q-Board']
2026-05-30 14:55:27,935 [SKIP] len error : ['①', '高い', '1,000回以上', '13.9%']
2026-05-30 14:55:27,935 [SKIP] len error : ['②', 'やや高い', '400回〜1,000回', '18.5%']
2026-05-30 14:55:27,935 [SKIP] len error : ['③', '中位', '50回〜400回', '39.0%']
2026-05-30 14:55:27,935 [SKIP] len error : ['④', 'やや低い', '10回〜50回', '17.6%']
2026-05-30 14:55:27,935 [SKIP] len error : ['⑤', '低い', '10回未満', '11.0%']
2026-05-30 14:55:27,935 3300件 / ?件中 23:55
2026-05-30 14:55:27,969 [TOTAL] None
2026-05-30 14:55:27,969 [COUNT] 3300
2026-05-30 14:55:28,928 [PAGE] 166
2026-05-30 14:55:29,227 [SKIP] len error : ['東P', '東証プライム']
2026-05-30 14:55:29,227 [SKIP] len error : ['東S', '東証スタンダード']
2026-05-30 14:55:29,227 [SKIP] len error : ['東G', '東証グロース']
2026-05-30 14:55:29,227 [SKIP] len error : ['東Ｅ', '東証ETF']
2026-05-30 14:55:29,227 [SKIP] len error : ['東EN', '東証ETN']
2026-05-30 14:55:29,227 [SKIP] len error : ['東Ｒ', '東証REIT']
2026-05-30 14:55:29,227 [SKIP] len error : ['東IF', '東証インフラファンド']
2026-05-30 14:55:29,227 [SKIP] len error : ['名Ｐ', '名証プレミア']
2026-05-30 14:55:29,227 [SKIP] len error : ['名M', '名証メイン']
2026-05-30 14:55:29,227 [SKIP] len error : ['名N', '名証ネクスト']
2026-05-30 14:55:29,227 [SKIP] len error : ['名Ｅ', '名証ETF']
2026-05-30 14:55:29,227 [SKIP] len error : ['札Ａ', '札証アンビシャス']
2026-05-30 14:55:29,227 [SKIP] len error : ['福Ｑ', '福証Q-Board']
2026-05-30 14:55:29,227 [SKIP] len error : ['①', '高い', '1,000回以上', '13.9%']
2026-05-30 14:55:29,227 [SKIP] len error : ['②', 'やや高い', '400回〜1,000回', '18.5%']
2026-05-30 14:55:29,227 [SKIP] len error : ['③', '中位', '50回〜400回', '39.0%']
2026-05-30 14:55:29,227 [SKIP] len error : ['④', 'やや低い', '10回〜50回', '17.6%']
2026-05-30 14:55:29,227 [SKIP] len error : ['⑤', '低い', '10回未満', '11.0%']
2026-05-30 14:55:29,228 3320件 / ?件中 23:55
2026-05-30 14:55:29,261 [TOTAL] None
2026-05-30 14:55:29,261 [COUNT] 3320
2026-05-30 14:55:30,281 [PAGE] 167
2026-05-30 14:55:30,604 [SKIP] len error : ['東P', '東証プライム']
2026-05-30 14:55:30,604 [SKIP] len error : ['東S', '東証スタンダード']
2026-05-30 14:55:30,604 [SKIP] len error : ['東G', '東証グロース']
2026-05-30 14:55:30,604 [SKIP] len error : ['東Ｅ', '東証ETF']
2026-05-30 14:55:30,604 [SKIP] len error : ['東EN', '東証ETN']
2026-05-30 14:55:30,604 [SKIP] len error : ['東Ｒ', '東証REIT']
2026-05-30 14:55:30,604 [SKIP] len error : ['東IF', '東証インフラファンド']
2026-05-30 14:55:30,604 [SKIP] len error : ['名Ｐ', '名証プレミア']
2026-05-30 14:55:30,604 [SKIP] len error : ['名M', '名証メイン']
2026-05-30 14:55:30,604 [SKIP] len error : ['名N', '名証ネクスト']
2026-05-30 14:55:30,604 [SKIP] len error : ['名Ｅ', '名証ETF']
2026-05-30 14:55:30,604 [SKIP] len error : ['札Ａ', '札証アンビシャス']
2026-05-30 14:55:30,604 [SKIP] len error : ['福Ｑ', '福証Q-Board']
2026-05-30 14:55:30,604 [SKIP] len error : ['①', '高い', '1,000回以上', '13.9%']
2026-05-30 14:55:30,604 [SKIP] len error : ['②', 'やや高い', '400回〜1,000回', '18.5%']
2026-05-30 14:55:30,604 [SKIP] len error : ['③', '中位', '50回〜400回', '39.0%']
2026-05-30 14:55:30,604 [SKIP] len error : ['④', 'やや低い', '10回〜50回', '17.6%']
2026-05-30 14:55:30,604 [SKIP] len error : ['⑤', '低い', '10回未満', '11.0%']
2026-05-30 14:55:30,604 3340件 / ?件中 23:55
2026-05-30 14:55:30,638 [TOTAL] None
2026-05-30 14:55:30,638 [COUNT] 3340
2026-05-30 14:55:31,202 [PAGE] 168
2026-05-30 14:55:31,553 [SKIP] len error : ['東P', '東証プライム']
2026-05-30 14:55:31,553 [SKIP] len error : ['東S', '東証スタンダード']
2026-05-30 14:55:31,553 [SKIP] len error : ['東G', '東証グロース']
2026-05-30 14:55:31,553 [SKIP] len error : ['東Ｅ', '東証ETF']
2026-05-30 14:55:31,553 [SKIP] len error : ['東EN', '東証ETN']
2026-05-30 14:55:31,553 [SKIP] len error : ['東Ｒ', '東証REIT']
2026-05-30 14:55:31,553 [SKIP] len error : ['東IF', '東証インフラファンド']
2026-05-30 14:55:31,553 [SKIP] len error : ['名Ｐ', '名証プレミア']
2026-05-30 14:55:31,553 [SKIP] len error : ['名M', '名証メイン']
2026-05-30 14:55:31,553 [SKIP] len error : ['名N', '名証ネクスト']
2026-05-30 14:55:31,553 [SKIP] len error : ['名Ｅ', '名証ETF']
2026-05-30 14:55:31,553 [SKIP] len error : ['札Ａ', '札証アンビシャス']
2026-05-30 14:55:31,553 [SKIP] len error : ['福Ｑ', '福証Q-Board']
2026-05-30 14:55:31,553 [SKIP] len error : ['①', '高い', '1,000回以上', '13.9%']
2026-05-30 14:55:31,553 [SKIP] len error : ['②', 'やや高い', '400回〜1,000回', '18.5%']
2026-05-30 14:55:31,553 [SKIP] len error : ['③', '中位', '50回〜400回', '39.0%']
2026-05-30 14:55:31,553 [SKIP] len error : ['④', 'やや低い', '10回〜50回', '17.6%']
2026-05-30 14:55:31,553 [SKIP] len error : ['⑤', '低い', '10回未満', '11.0%']
2026-05-30 14:55:31,554 3360件 / ?件中 23:55
2026-05-30 14:55:31,586 [TOTAL] None
2026-05-30 14:55:31,586 [COUNT] 3360
2026-05-30 14:55:32,175 [PAGE] 169
2026-05-30 14:55:32,481 [SKIP] len error : ['東P', '東証プライム']
2026-05-30 14:55:32,481 [SKIP] len error : ['東S', '東証スタンダード']
2026-05-30 14:55:32,481 [SKIP] len error : ['東G', '東証グロース']
2026-05-30 14:55:32,481 [SKIP] len error : ['東Ｅ', '東証ETF']
2026-05-30 14:55:32,481 [SKIP] len error : ['東EN', '東証ETN']
2026-05-30 14:55:32,481 [SKIP] len error : ['東Ｒ', '東証REIT']
2026-05-30 14:55:32,481 [SKIP] len error : ['東IF', '東証インフラファンド']
2026-05-30 14:55:32,481 [SKIP] len error : ['名Ｐ', '名証プレミア']
2026-05-30 14:55:32,481 [SKIP] len error : ['名M', '名証メイン']
2026-05-30 14:55:32,481 [SKIP] len error : ['名N', '名証ネクスト']
2026-05-30 14:55:32,481 [SKIP] len error : ['名Ｅ', '名証ETF']
2026-05-30 14:55:32,481 [SKIP] len error : ['札Ａ', '札証アンビシャス']
2026-05-30 14:55:32,481 [SKIP] len error : ['福Ｑ', '福証Q-Board']
2026-05-30 14:55:32,481 [SKIP] len error : ['①', '高い', '1,000回以上', '13.9%']
2026-05-30 14:55:32,481 [SKIP] len error : ['②', 'やや高い', '400回〜1,000回', '18.5%']
2026-05-30 14:55:32,481 [SKIP] len error : ['③', '中位', '50回〜400回', '39.0%']
2026-05-30 14:55:32,481 [SKIP] len error : ['④', 'やや低い', '10回〜50回', '17.6%']
2026-05-30 14:55:32,481 [SKIP] len error : ['⑤', '低い', '10回未満', '11.0%']
2026-05-30 14:55:32,481 3380件 / ?件中 23:55
2026-05-30 14:55:32,515 [TOTAL] None
2026-05-30 14:55:32,515 [COUNT] 3380
2026-05-30 14:55:33,030 [PAGE] 170
2026-05-30 14:55:33,337 [SKIP] len error : ['東P', '東証プライム']
2026-05-30 14:55:33,337 [SKIP] len error : ['東S', '東証スタンダード']
2026-05-30 14:55:33,337 [SKIP] len error : ['東G', '東証グロース']
2026-05-30 14:55:33,337 [SKIP] len error : ['東Ｅ', '東証ETF']
2026-05-30 14:55:33,337 [SKIP] len error : ['東EN', '東証ETN']
2026-05-30 14:55:33,337 [SKIP] len error : ['東Ｒ', '東証REIT']
2026-05-30 14:55:33,337 [SKIP] len error : ['東IF', '東証インフラファンド']
2026-05-30 14:55:33,337 [SKIP] len error : ['名Ｐ', '名証プレミア']
2026-05-30 14:55:33,337 [SKIP] len error : ['名M', '名証メイン']
2026-05-30 14:55:33,337 [SKIP] len error : ['名N', '名証ネクスト']
2026-05-30 14:55:33,337 [SKIP] len error : ['名Ｅ', '名証ETF']
2026-05-30 14:55:33,337 [SKIP] len error : ['札Ａ', '札証アンビシャス']
2026-05-30 14:55:33,337 [SKIP] len error : ['福Ｑ', '福証Q-Board']
2026-05-30 14:55:33,337 [SKIP] len error : ['①', '高い', '1,000回以上', '13.9%']
2026-05-30 14:55:33,337 [SKIP] len error : ['②', 'やや高い', '400回〜1,000回', '18.5%']
2026-05-30 14:55:33,337 [SKIP] len error : ['③', '中位', '50回〜400回', '39.0%']
2026-05-30 14:55:33,337 [SKIP] len error : ['④', 'やや低い', '10回〜50回', '17.6%']
2026-05-30 14:55:33,337 [SKIP] len error : ['⑤', '低い', '10回未満', '11.0%']
2026-05-30 14:55:33,338 3400件 / ?件中 23:55
2026-05-30 14:55:33,371 [TOTAL] None
2026-05-30 14:55:33,371 [COUNT] 3400
2026-05-30 14:55:34,510 [PAGE] 171
2026-05-30 14:55:34,821 [SKIP] len error : ['東P', '東証プライム']
2026-05-30 14:55:34,821 [SKIP] len error : ['東S', '東証スタンダード']
2026-05-30 14:55:34,821 [SKIP] len error : ['東G', '東証グロース']
2026-05-30 14:55:34,821 [SKIP] len error : ['東Ｅ', '東証ETF']
2026-05-30 14:55:34,821 [SKIP] len error : ['東EN', '東証ETN']
2026-05-30 14:55:34,821 [SKIP] len error : ['東Ｒ', '東証REIT']
2026-05-30 14:55:34,821 [SKIP] len error : ['東IF', '東証インフラファンド']
2026-05-30 14:55:34,821 [SKIP] len error : ['名Ｐ', '名証プレミア']
2026-05-30 14:55:34,821 [SKIP] len error : ['名M', '名証メイン']
2026-05-30 14:55:34,821 [SKIP] len error : ['名N', '名証ネクスト']
2026-05-30 14:55:34,821 [SKIP] len error : ['名Ｅ', '名証ETF']
2026-05-30 14:55:34,821 [SKIP] len error : ['札Ａ', '札証アンビシャス']
2026-05-30 14:55:34,821 [SKIP] len error : ['福Ｑ', '福証Q-Board']
2026-05-30 14:55:34,821 [SKIP] len error : ['①', '高い', '1,000回以上', '13.9%']
2026-05-30 14:55:34,821 [SKIP] len error : ['②', 'やや高い', '400回〜1,000回', '18.5%']
2026-05-30 14:55:34,821 [SKIP] len error : ['③', '中位', '50回〜400回', '39.0%']
2026-05-30 14:55:34,822 [SKIP] len error : ['④', 'やや低い', '10回〜50回', '17.6%']
2026-05-30 14:55:34,822 [SKIP] len error : ['⑤', '低い', '10回未満', '11.0%']
2026-05-30 14:55:34,822 3420件 / ?件中 23:55
2026-05-30 14:55:34,855 [TOTAL] None
2026-05-30 14:55:34,855 [COUNT] 3420
2026-05-30 14:55:35,819 [PAGE] 172
2026-05-30 14:55:36,111 [SKIP] len error : ['東P', '東証プライム']
2026-05-30 14:55:36,111 [SKIP] len error : ['東S', '東証スタンダード']
2026-05-30 14:55:36,111 [SKIP] len error : ['東G', '東証グロース']
2026-05-30 14:55:36,111 [SKIP] len error : ['東Ｅ', '東証ETF']
2026-05-30 14:55:36,111 [SKIP] len error : ['東EN', '東証ETN']
2026-05-30 14:55:36,111 [SKIP] len error : ['東Ｒ', '東証REIT']
2026-05-30 14:55:36,111 [SKIP] len error : ['東IF', '東証インフラファンド']
2026-05-30 14:55:36,111 [SKIP] len error : ['名Ｐ', '名証プレミア']
2026-05-30 14:55:36,111 [SKIP] len error : ['名M', '名証メイン']
2026-05-30 14:55:36,111 [SKIP] len error : ['名N', '名証ネクスト']
2026-05-30 14:55:36,111 [SKIP] len error : ['名Ｅ', '名証ETF']
2026-05-30 14:55:36,111 [SKIP] len error : ['札Ａ', '札証アンビシャス']
2026-05-30 14:55:36,111 [SKIP] len error : ['福Ｑ', '福証Q-Board']
2026-05-30 14:55:36,111 [SKIP] len error : ['①', '高い', '1,000回以上', '13.9%']
2026-05-30 14:55:36,111 [SKIP] len error : ['②', 'やや高い', '400回〜1,000回', '18.5%']
2026-05-30 14:55:36,111 [SKIP] len error : ['③', '中位', '50回〜400回', '39.0%']
2026-05-30 14:55:36,111 [SKIP] len error : ['④', 'やや低い', '10回〜50回', '17.6%']
2026-05-30 14:55:36,111 [SKIP] len error : ['⑤', '低い', '10回未満', '11.0%']
2026-05-30 14:55:36,112 3440件 / ?件中 23:55
2026-05-30 14:55:36,186 [TOTAL] None
2026-05-30 14:55:36,186 [COUNT] 3440
2026-05-30 14:55:37,124 [PAGE] 173
2026-05-30 14:55:37,415 [SKIP] len error : ['東P', '東証プライム']
2026-05-30 14:55:37,415 [SKIP] len error : ['東S', '東証スタンダード']
2026-05-30 14:55:37,415 [SKIP] len error : ['東G', '東証グロース']
2026-05-30 14:55:37,415 [SKIP] len error : ['東Ｅ', '東証ETF']
2026-05-30 14:55:37,415 [SKIP] len error : ['東EN', '東証ETN']
2026-05-30 14:55:37,415 [SKIP] len error : ['東Ｒ', '東証REIT']
2026-05-30 14:55:37,416 [SKIP] len error : ['東IF', '東証インフラファンド']
2026-05-30 14:55:37,416 [SKIP] len error : ['名Ｐ', '名証プレミア']
2026-05-30 14:55:37,416 [SKIP] len error : ['名M', '名証メイン']
2026-05-30 14:55:37,416 [SKIP] len error : ['名N', '名証ネクスト']
2026-05-30 14:55:37,416 [SKIP] len error : ['名Ｅ', '名証ETF']
2026-05-30 14:55:37,416 [SKIP] len error : ['札Ａ', '札証アンビシャス']
2026-05-30 14:55:37,416 [SKIP] len error : ['福Ｑ', '福証Q-Board']
2026-05-30 14:55:37,416 [SKIP] len error : ['①', '高い', '1,000回以上', '13.9%']
2026-05-30 14:55:37,416 [SKIP] len error : ['②', 'やや高い', '400回〜1,000回', '18.5%']
2026-05-30 14:55:37,416 [SKIP] len error : ['③', '中位', '50回〜400回', '39.0%']
2026-05-30 14:55:37,416 [SKIP] len error : ['④', 'やや低い', '10回〜50回', '17.6%']
2026-05-30 14:55:37,416 [SKIP] len error : ['⑤', '低い', '10回未満', '11.0%']
2026-05-30 14:55:37,416 3460件 / ?件中 23:55
2026-05-30 14:55:37,449 [TOTAL] None
2026-05-30 14:55:37,449 [COUNT] 3460
2026-05-30 14:55:38,767 [PAGE] 174
2026-05-30 14:55:39,085 [SKIP] len error : ['東P', '東証プライム']
2026-05-30 14:55:39,085 [SKIP] len error : ['東S', '東証スタンダード']
2026-05-30 14:55:39,085 [SKIP] len error : ['東G', '東証グロース']
2026-05-30 14:55:39,085 [SKIP] len error : ['東Ｅ', '東証ETF']
2026-05-30 14:55:39,086 [SKIP] len error : ['東EN', '東証ETN']
2026-05-30 14:55:39,086 [SKIP] len error : ['東Ｒ', '東証REIT']
2026-05-30 14:55:39,086 [SKIP] len error : ['東IF', '東証インフラファンド']
2026-05-30 14:55:39,086 [SKIP] len error : ['名Ｐ', '名証プレミア']
2026-05-30 14:55:39,086 [SKIP] len error : ['名M', '名証メイン']
2026-05-30 14:55:39,086 [SKIP] len error : ['名N', '名証ネクスト']
2026-05-30 14:55:39,086 [SKIP] len error : ['名Ｅ', '名証ETF']
2026-05-30 14:55:39,086 [SKIP] len error : ['札Ａ', '札証アンビシャス']
2026-05-30 14:55:39,086 [SKIP] len error : ['福Ｑ', '福証Q-Board']
2026-05-30 14:55:39,086 [SKIP] len error : ['①', '高い', '1,000回以上', '13.9%']
2026-05-30 14:55:39,086 [SKIP] len error : ['②', 'やや高い', '400回〜1,000回', '18.5%']
2026-05-30 14:55:39,086 [SKIP] len error : ['③', '中位', '50回〜400回', '39.0%']
2026-05-30 14:55:39,086 [SKIP] len error : ['④', 'やや低い', '10回〜50回', '17.6%']
2026-05-30 14:55:39,086 [SKIP] len error : ['⑤', '低い', '10回未満', '11.0%']
2026-05-30 14:55:39,086 3480件 / ?件中 23:55
2026-05-30 14:55:39,120 [TOTAL] None
2026-05-30 14:55:39,120 [COUNT] 3480
2026-05-30 14:55:39,771 [PAGE] 175
2026-05-30 14:55:40,089 [SKIP] len error : ['東P', '東証プライム']
2026-05-30 14:55:40,089 [SKIP] len error : ['東S', '東証スタンダード']
2026-05-30 14:55:40,089 [SKIP] len error : ['東G', '東証グロース']
2026-05-30 14:55:40,089 [SKIP] len error : ['東Ｅ', '東証ETF']
2026-05-30 14:55:40,089 [SKIP] len error : ['東EN', '東証ETN']
2026-05-30 14:55:40,089 [SKIP] len error : ['東Ｒ', '東証REIT']
2026-05-30 14:55:40,089 [SKIP] len error : ['東IF', '東証インフラファンド']
2026-05-30 14:55:40,089 [SKIP] len error : ['名Ｐ', '名証プレミア']
2026-05-30 14:55:40,089 [SKIP] len error : ['名M', '名証メイン']
2026-05-30 14:55:40,089 [SKIP] len error : ['名N', '名証ネクスト']
2026-05-30 14:55:40,089 [SKIP] len error : ['名Ｅ', '名証ETF']
2026-05-30 14:55:40,089 [SKIP] len error : ['札Ａ', '札証アンビシャス']
2026-05-30 14:55:40,089 [SKIP] len error : ['福Ｑ', '福証Q-Board']
2026-05-30 14:55:40,089 [SKIP] len error : ['①', '高い', '1,000回以上', '13.9%']
2026-05-30 14:55:40,089 [SKIP] len error : ['②', 'やや高い', '400回〜1,000回', '18.5%']
2026-05-30 14:55:40,089 [SKIP] len error : ['③', '中位', '50回〜400回', '39.0%']
2026-05-30 14:55:40,089 [SKIP] len error : ['④', 'やや低い', '10回〜50回', '17.6%']
2026-05-30 14:55:40,089 [SKIP] len error : ['⑤', '低い', '10回未満', '11.0%']
2026-05-30 14:55:40,090 3500件 / ?件中 23:55
2026-05-30 14:55:40,124 [TOTAL] None
2026-05-30 14:55:40,124 [COUNT] 3500
2026-05-30 14:55:41,518 [PAGE] 176
2026-05-30 14:55:41,824 [SKIP] len error : ['東P', '東証プライム']
2026-05-30 14:55:41,824 [SKIP] len error : ['東S', '東証スタンダード']
2026-05-30 14:55:41,824 [SKIP] len error : ['東G', '東証グロース']
2026-05-30 14:55:41,824 [SKIP] len error : ['東Ｅ', '東証ETF']
2026-05-30 14:55:41,824 [SKIP] len error : ['東EN', '東証ETN']
2026-05-30 14:55:41,824 [SKIP] len error : ['東Ｒ', '東証REIT']
2026-05-30 14:55:41,824 [SKIP] len error : ['東IF', '東証インフラファンド']
2026-05-30 14:55:41,824 [SKIP] len error : ['名Ｐ', '名証プレミア']
2026-05-30 14:55:41,824 [SKIP] len error : ['名M', '名証メイン']
2026-05-30 14:55:41,824 [SKIP] len error : ['名N', '名証ネクスト']
2026-05-30 14:55:41,824 [SKIP] len error : ['名Ｅ', '名証ETF']
2026-05-30 14:55:41,824 [SKIP] len error : ['札Ａ', '札証アンビシャス']
2026-05-30 14:55:41,824 [SKIP] len error : ['福Ｑ', '福証Q-Board']
2026-05-30 14:55:41,824 [SKIP] len error : ['①', '高い', '1,000回以上', '13.9%']
2026-05-30 14:55:41,824 [SKIP] len error : ['②', 'やや高い', '400回〜1,000回', '18.5%']
2026-05-30 14:55:41,824 [SKIP] len error : ['③', '中位', '50回〜400回', '39.0%']
2026-05-30 14:55:41,824 [SKIP] len error : ['④', 'やや低い', '10回〜50回', '17.6%']
2026-05-30 14:55:41,824 [SKIP] len error : ['⑤', '低い', '10回未満', '11.0%']
2026-05-30 14:55:41,825 3520件 / ?件中 23:55
2026-05-30 14:55:41,858 [TOTAL] None
2026-05-30 14:55:41,858 [COUNT] 3520
2026-05-30 14:55:43,193 [PAGE] 177
2026-05-30 14:55:43,553 [SKIP] len error : ['東P', '東証プライム']
2026-05-30 14:55:43,553 [SKIP] len error : ['東S', '東証スタンダード']
2026-05-30 14:55:43,554 [SKIP] len error : ['東G', '東証グロース']
2026-05-30 14:55:43,554 [SKIP] len error : ['東Ｅ', '東証ETF']
2026-05-30 14:55:43,554 [SKIP] len error : ['東EN', '東証ETN']
2026-05-30 14:55:43,554 [SKIP] len error : ['東Ｒ', '東証REIT']
2026-05-30 14:55:43,554 [SKIP] len error : ['東IF', '東証インフラファンド']
2026-05-30 14:55:43,554 [SKIP] len error : ['名Ｐ', '名証プレミア']
2026-05-30 14:55:43,554 [SKIP] len error : ['名M', '名証メイン']
2026-05-30 14:55:43,554 [SKIP] len error : ['名N', '名証ネクスト']
2026-05-30 14:55:43,554 [SKIP] len error : ['名Ｅ', '名証ETF']
2026-05-30 14:55:43,554 [SKIP] len error : ['札Ａ', '札証アンビシャス']
2026-05-30 14:55:43,554 [SKIP] len error : ['福Ｑ', '福証Q-Board']
2026-05-30 14:55:43,554 [SKIP] len error : ['①', '高い', '1,000回以上', '13.9%']
2026-05-30 14:55:43,554 [SKIP] len error : ['②', 'やや高い', '400回〜1,000回', '18.5%']
2026-05-30 14:55:43,554 [SKIP] len error : ['③', '中位', '50回〜400回', '39.0%']
2026-05-30 14:55:43,554 [SKIP] len error : ['④', 'やや低い', '10回〜50回', '17.6%']
2026-05-30 14:55:43,554 [SKIP] len error : ['⑤', '低い', '10回未満', '11.0%']
2026-05-30 14:55:43,554 3540件 / ?件中 23:55
2026-05-30 14:55:43,587 [TOTAL] None
2026-05-30 14:55:43,587 [COUNT] 3540
2026-05-30 14:55:44,971 [PAGE] 178
2026-05-30 14:55:45,293 [SKIP] len error : ['東P', '東証プライム']
2026-05-30 14:55:45,293 [SKIP] len error : ['東S', '東証スタンダード']
2026-05-30 14:55:45,293 [SKIP] len error : ['東G', '東証グロース']
2026-05-30 14:55:45,294 [SKIP] len error : ['東Ｅ', '東証ETF']
2026-05-30 14:55:45,294 [SKIP] len error : ['東EN', '東証ETN']
2026-05-30 14:55:45,294 [SKIP] len error : ['東Ｒ', '東証REIT']
2026-05-30 14:55:45,294 [SKIP] len error : ['東IF', '東証インフラファンド']
2026-05-30 14:55:45,294 [SKIP] len error : ['名Ｐ', '名証プレミア']
2026-05-30 14:55:45,294 [SKIP] len error : ['名M', '名証メイン']
2026-05-30 14:55:45,294 [SKIP] len error : ['名N', '名証ネクスト']
2026-05-30 14:55:45,294 [SKIP] len error : ['名Ｅ', '名証ETF']
2026-05-30 14:55:45,294 [SKIP] len error : ['札Ａ', '札証アンビシャス']
2026-05-30 14:55:45,294 [SKIP] len error : ['福Ｑ', '福証Q-Board']
2026-05-30 14:55:45,294 [SKIP] len error : ['①', '高い', '1,000回以上', '13.9%']
2026-05-30 14:55:45,294 [SKIP] len error : ['②', 'やや高い', '400回〜1,000回', '18.5%']
2026-05-30 14:55:45,294 [SKIP] len error : ['③', '中位', '50回〜400回', '39.0%']
2026-05-30 14:55:45,294 [SKIP] len error : ['④', 'やや低い', '10回〜50回', '17.6%']
2026-05-30 14:55:45,294 [SKIP] len error : ['⑤', '低い', '10回未満', '11.0%']
2026-05-30 14:55:45,294 3560件 / ?件中 23:55
2026-05-30 14:55:45,328 [TOTAL] None
2026-05-30 14:55:45,328 [COUNT] 3560
2026-05-30 14:55:46,385 [PAGE] 179
2026-05-30 14:55:46,685 [SKIP] len error : ['東P', '東証プライム']
2026-05-30 14:55:46,685 [SKIP] len error : ['東S', '東証スタンダード']
2026-05-30 14:55:46,685 [SKIP] len error : ['東G', '東証グロース']
2026-05-30 14:55:46,685 [SKIP] len error : ['東Ｅ', '東証ETF']
2026-05-30 14:55:46,685 [SKIP] len error : ['東EN', '東証ETN']
2026-05-30 14:55:46,685 [SKIP] len error : ['東Ｒ', '東証REIT']
2026-05-30 14:55:46,685 [SKIP] len error : ['東IF', '東証インフラファンド']
2026-05-30 14:55:46,685 [SKIP] len error : ['名Ｐ', '名証プレミア']
2026-05-30 14:55:46,685 [SKIP] len error : ['名M', '名証メイン']
2026-05-30 14:55:46,685 [SKIP] len error : ['名N', '名証ネクスト']
2026-05-30 14:55:46,685 [SKIP] len error : ['名Ｅ', '名証ETF']
2026-05-30 14:55:46,685 [SKIP] len error : ['札Ａ', '札証アンビシャス']
2026-05-30 14:55:46,685 [SKIP] len error : ['福Ｑ', '福証Q-Board']
2026-05-30 14:55:46,685 [SKIP] len error : ['①', '高い', '1,000回以上', '13.9%']
2026-05-30 14:55:46,685 [SKIP] len error : ['②', 'やや高い', '400回〜1,000回', '18.5%']
2026-05-30 14:55:46,685 [SKIP] len error : ['③', '中位', '50回〜400回', '39.0%']
2026-05-30 14:55:46,685 [SKIP] len error : ['④', 'やや低い', '10回〜50回', '17.6%']
2026-05-30 14:55:46,685 [SKIP] len error : ['⑤', '低い', '10回未満', '11.0%']
2026-05-30 14:55:46,686 3580件 / ?件中 23:55
2026-05-30 14:55:46,719 [TOTAL] None
2026-05-30 14:55:46,719 [COUNT] 3580
2026-05-30 14:55:47,643 [PAGE] 180
2026-05-30 14:55:47,935 [SKIP] len error : ['東P', '東証プライム']
2026-05-30 14:55:47,935 [SKIP] len error : ['東S', '東証スタンダード']
2026-05-30 14:55:47,935 [SKIP] len error : ['東G', '東証グロース']
2026-05-30 14:55:47,935 [SKIP] len error : ['東Ｅ', '東証ETF']
2026-05-30 14:55:47,935 [SKIP] len error : ['東EN', '東証ETN']
2026-05-30 14:55:47,935 [SKIP] len error : ['東Ｒ', '東証REIT']
2026-05-30 14:55:47,935 [SKIP] len error : ['東IF', '東証インフラファンド']
2026-05-30 14:55:47,935 [SKIP] len error : ['名Ｐ', '名証プレミア']
2026-05-30 14:55:47,935 [SKIP] len error : ['名M', '名証メイン']
2026-05-30 14:55:47,935 [SKIP] len error : ['名N', '名証ネクスト']
2026-05-30 14:55:47,935 [SKIP] len error : ['名Ｅ', '名証ETF']
2026-05-30 14:55:47,935 [SKIP] len error : ['札Ａ', '札証アンビシャス']
2026-05-30 14:55:47,935 [SKIP] len error : ['福Ｑ', '福証Q-Board']
2026-05-30 14:55:47,935 [SKIP] len error : ['①', '高い', '1,000回以上', '13.9%']
2026-05-30 14:55:47,935 [SKIP] len error : ['②', 'やや高い', '400回〜1,000回', '18.5%']
2026-05-30 14:55:47,935 [SKIP] len error : ['③', '中位', '50回〜400回', '39.0%']
2026-05-30 14:55:47,935 [SKIP] len error : ['④', 'やや低い', '10回〜50回', '17.6%']
2026-05-30 14:55:47,935 [SKIP] len error : ['⑤', '低い', '10回未満', '11.0%']
2026-05-30 14:55:47,935 3600件 / ?件中 23:55
2026-05-30 14:55:47,968 [TOTAL] None
2026-05-30 14:55:47,968 [COUNT] 3600
2026-05-30 14:55:48,780 [PAGE] 181
2026-05-30 14:55:49,100 [SKIP] len error : ['東P', '東証プライム']
2026-05-30 14:55:49,100 [SKIP] len error : ['東S', '東証スタンダード']
2026-05-30 14:55:49,100 [SKIP] len error : ['東G', '東証グロース']
2026-05-30 14:55:49,100 [SKIP] len error : ['東Ｅ', '東証ETF']
2026-05-30 14:55:49,100 [SKIP] len error : ['東EN', '東証ETN']
2026-05-30 14:55:49,101 [SKIP] len error : ['東Ｒ', '東証REIT']
2026-05-30 14:55:49,101 [SKIP] len error : ['東IF', '東証インフラファンド']
2026-05-30 14:55:49,101 [SKIP] len error : ['名Ｐ', '名証プレミア']
2026-05-30 14:55:49,101 [SKIP] len error : ['名M', '名証メイン']
2026-05-30 14:55:49,101 [SKIP] len error : ['名N', '名証ネクスト']
2026-05-30 14:55:49,101 [SKIP] len error : ['名Ｅ', '名証ETF']
2026-05-30 14:55:49,101 [SKIP] len error : ['札Ａ', '札証アンビシャス']
2026-05-30 14:55:49,101 [SKIP] len error : ['福Ｑ', '福証Q-Board']
2026-05-30 14:55:49,101 [SKIP] len error : ['①', '高い', '1,000回以上', '13.9%']
2026-05-30 14:55:49,101 [SKIP] len error : ['②', 'やや高い', '400回〜1,000回', '18.5%']
2026-05-30 14:55:49,101 [SKIP] len error : ['③', '中位', '50回〜400回', '39.0%']
2026-05-30 14:55:49,101 [SKIP] len error : ['④', 'やや低い', '10回〜50回', '17.6%']
2026-05-30 14:55:49,101 [SKIP] len error : ['⑤', '低い', '10回未満', '11.0%']
2026-05-30 14:55:49,101 3620件 / ?件中 23:55
2026-05-30 14:55:49,134 [TOTAL] None
2026-05-30 14:55:49,134 [COUNT] 3620
2026-05-30 14:55:50,539 [PAGE] 182
2026-05-30 14:55:50,911 [SKIP] len error : ['東P', '東証プライム']
2026-05-30 14:55:50,911 [SKIP] len error : ['東S', '東証スタンダード']
2026-05-30 14:55:50,911 [SKIP] len error : ['東G', '東証グロース']
2026-05-30 14:55:50,911 [SKIP] len error : ['東Ｅ', '東証ETF']
2026-05-30 14:55:50,911 [SKIP] len error : ['東EN', '東証ETN']
2026-05-30 14:55:50,911 [SKIP] len error : ['東Ｒ', '東証REIT']
2026-05-30 14:55:50,911 [SKIP] len error : ['東IF', '東証インフラファンド']
2026-05-30 14:55:50,911 [SKIP] len error : ['名Ｐ', '名証プレミア']
2026-05-30 14:55:50,911 [SKIP] len error : ['名M', '名証メイン']
2026-05-30 14:55:50,911 [SKIP] len error : ['名N', '名証ネクスト']
2026-05-30 14:55:50,911 [SKIP] len error : ['名Ｅ', '名証ETF']
2026-05-30 14:55:50,911 [SKIP] len error : ['札Ａ', '札証アンビシャス']
2026-05-30 14:55:50,911 [SKIP] len error : ['福Ｑ', '福証Q-Board']
2026-05-30 14:55:50,911 [SKIP] len error : ['①', '高い', '1,000回以上', '13.9%']
2026-05-30 14:55:50,911 [SKIP] len error : ['②', 'やや高い', '400回〜1,000回', '18.5%']
2026-05-30 14:55:50,911 [SKIP] len error : ['③', '中位', '50回〜400回', '39.0%']
2026-05-30 14:55:50,911 [SKIP] len error : ['④', 'やや低い', '10回〜50回', '17.6%']
2026-05-30 14:55:50,911 [SKIP] len error : ['⑤', '低い', '10回未満', '11.0%']
2026-05-30 14:55:50,911 3640件 / ?件中 23:55
2026-05-30 14:55:50,944 [TOTAL] None
2026-05-30 14:55:50,944 [COUNT] 3640
2026-05-30 14:55:52,065 [PAGE] 183
2026-05-30 14:55:52,353 [SKIP] len error : ['東P', '東証プライム']
2026-05-30 14:55:52,353 [SKIP] len error : ['東S', '東証スタンダード']
2026-05-30 14:55:52,353 [SKIP] len error : ['東G', '東証グロース']
2026-05-30 14:55:52,353 [SKIP] len error : ['東Ｅ', '東証ETF']
2026-05-30 14:55:52,353 [SKIP] len error : ['東EN', '東証ETN']
2026-05-30 14:55:52,353 [SKIP] len error : ['東Ｒ', '東証REIT']
2026-05-30 14:55:52,353 [SKIP] len error : ['東IF', '東証インフラファンド']
2026-05-30 14:55:52,353 [SKIP] len error : ['名Ｐ', '名証プレミア']
2026-05-30 14:55:52,353 [SKIP] len error : ['名M', '名証メイン']
2026-05-30 14:55:52,353 [SKIP] len error : ['名N', '名証ネクスト']
2026-05-30 14:55:52,353 [SKIP] len error : ['名Ｅ', '名証ETF']
2026-05-30 14:55:52,353 [SKIP] len error : ['札Ａ', '札証アンビシャス']
2026-05-30 14:55:52,353 [SKIP] len error : ['福Ｑ', '福証Q-Board']
2026-05-30 14:55:52,353 [SKIP] len error : ['①', '高い', '1,000回以上', '13.9%']
2026-05-30 14:55:52,353 [SKIP] len error : ['②', 'やや高い', '400回〜1,000回', '18.5%']
2026-05-30 14:55:52,353 [SKIP] len error : ['③', '中位', '50回〜400回', '39.0%']
2026-05-30 14:55:52,353 [SKIP] len error : ['④', 'やや低い', '10回〜50回', '17.6%']
2026-05-30 14:55:52,353 [SKIP] len error : ['⑤', '低い', '10回未満', '11.0%']
2026-05-30 14:55:52,353 3660件 / ?件中 23:55
2026-05-30 14:55:52,387 [TOTAL] None
2026-05-30 14:55:52,387 [COUNT] 3660
2026-05-30 14:55:53,561 [PAGE] 184
2026-05-30 14:55:53,874 [SKIP] len error : ['東P', '東証プライム']
2026-05-30 14:55:53,874 [SKIP] len error : ['東S', '東証スタンダード']
2026-05-30 14:55:53,874 [SKIP] len error : ['東G', '東証グロース']
2026-05-30 14:55:53,874 [SKIP] len error : ['東Ｅ', '東証ETF']
2026-05-30 14:55:53,874 [SKIP] len error : ['東EN', '東証ETN']
2026-05-30 14:55:53,874 [SKIP] len error : ['東Ｒ', '東証REIT']
2026-05-30 14:55:53,874 [SKIP] len error : ['東IF', '東証インフラファンド']
2026-05-30 14:55:53,874 [SKIP] len error : ['名Ｐ', '名証プレミア']
2026-05-30 14:55:53,874 [SKIP] len error : ['名M', '名証メイン']
2026-05-30 14:55:53,874 [SKIP] len error : ['名N', '名証ネクスト']
2026-05-30 14:55:53,874 [SKIP] len error : ['名Ｅ', '名証ETF']
2026-05-30 14:55:53,874 [SKIP] len error : ['札Ａ', '札証アンビシャス']
2026-05-30 14:55:53,874 [SKIP] len error : ['福Ｑ', '福証Q-Board']
2026-05-30 14:55:53,874 [SKIP] len error : ['①', '高い', '1,000回以上', '13.9%']
2026-05-30 14:55:53,874 [SKIP] len error : ['②', 'やや高い', '400回〜1,000回', '18.5%']
2026-05-30 14:55:53,874 [SKIP] len error : ['③', '中位', '50回〜400回', '39.0%']
2026-05-30 14:55:53,874 [SKIP] len error : ['④', 'やや低い', '10回〜50回', '17.6%']
2026-05-30 14:55:53,875 [SKIP] len error : ['⑤', '低い', '10回未満', '11.0%']
2026-05-30 14:55:53,875 3680件 / ?件中 23:55
2026-05-30 14:55:53,908 [TOTAL] None
2026-05-30 14:55:53,908 [COUNT] 3680
2026-05-30 14:55:54,776 [PAGE] 185
2026-05-30 14:55:55,110 [SKIP] len error : ['東P', '東証プライム']
2026-05-30 14:55:55,110 [SKIP] len error : ['東S', '東証スタンダード']
2026-05-30 14:55:55,110 [SKIP] len error : ['東G', '東証グロース']
2026-05-30 14:55:55,110 [SKIP] len error : ['東Ｅ', '東証ETF']
2026-05-30 14:55:55,110 [SKIP] len error : ['東EN', '東証ETN']
2026-05-30 14:55:55,110 [SKIP] len error : ['東Ｒ', '東証REIT']
2026-05-30 14:55:55,110 [SKIP] len error : ['東IF', '東証インフラファンド']
2026-05-30 14:55:55,110 [SKIP] len error : ['名Ｐ', '名証プレミア']
2026-05-30 14:55:55,110 [SKIP] len error : ['名M', '名証メイン']
2026-05-30 14:55:55,110 [SKIP] len error : ['名N', '名証ネクスト']
2026-05-30 14:55:55,110 [SKIP] len error : ['名Ｅ', '名証ETF']
2026-05-30 14:55:55,110 [SKIP] len error : ['札Ａ', '札証アンビシャス']
2026-05-30 14:55:55,110 [SKIP] len error : ['福Ｑ', '福証Q-Board']
2026-05-30 14:55:55,110 [SKIP] len error : ['①', '高い', '1,000回以上', '13.9%']
2026-05-30 14:55:55,110 [SKIP] len error : ['②', 'やや高い', '400回〜1,000回', '18.5%']
2026-05-30 14:55:55,110 [SKIP] len error : ['③', '中位', '50回〜400回', '39.0%']
2026-05-30 14:55:55,110 [SKIP] len error : ['④', 'やや低い', '10回〜50回', '17.6%']
2026-05-30 14:55:55,110 [SKIP] len error : ['⑤', '低い', '10回未満', '11.0%']
2026-05-30 14:55:55,111 3700件 / ?件中 23:55
2026-05-30 14:55:55,144 [TOTAL] None
2026-05-30 14:55:55,144 [COUNT] 3700
2026-05-30 14:55:56,171 [PAGE] 186
2026-05-30 14:55:56,487 [SKIP] len error : ['東P', '東証プライム']
2026-05-30 14:55:56,487 [SKIP] len error : ['東S', '東証スタンダード']
2026-05-30 14:55:56,487 [SKIP] len error : ['東G', '東証グロース']
2026-05-30 14:55:56,487 [SKIP] len error : ['東Ｅ', '東証ETF']
2026-05-30 14:55:56,487 [SKIP] len error : ['東EN', '東証ETN']
2026-05-30 14:55:56,487 [SKIP] len error : ['東Ｒ', '東証REIT']
2026-05-30 14:55:56,488 [SKIP] len error : ['東IF', '東証インフラファンド']
2026-05-30 14:55:56,488 [SKIP] len error : ['名Ｐ', '名証プレミア']
2026-05-30 14:55:56,488 [SKIP] len error : ['名M', '名証メイン']
2026-05-30 14:55:56,488 [SKIP] len error : ['名N', '名証ネクスト']
2026-05-30 14:55:56,488 [SKIP] len error : ['名Ｅ', '名証ETF']
2026-05-30 14:55:56,488 [SKIP] len error : ['札Ａ', '札証アンビシャス']
2026-05-30 14:55:56,488 [SKIP] len error : ['福Ｑ', '福証Q-Board']
2026-05-30 14:55:56,488 [SKIP] len error : ['①', '高い', '1,000回以上', '13.9%']
2026-05-30 14:55:56,488 [SKIP] len error : ['②', 'やや高い', '400回〜1,000回', '18.5%']
2026-05-30 14:55:56,488 [SKIP] len error : ['③', '中位', '50回〜400回', '39.0%']
2026-05-30 14:55:56,488 [SKIP] len error : ['④', 'やや低い', '10回〜50回', '17.6%']
2026-05-30 14:55:56,488 [SKIP] len error : ['⑤', '低い', '10回未満', '11.0%']
2026-05-30 14:55:56,488 3720件 / ?件中 23:55
2026-05-30 14:55:56,565 [TOTAL] None
2026-05-30 14:55:56,565 [COUNT] 3720
2026-05-30 14:55:58,042 [PAGE] 187
2026-05-30 14:55:58,324 [SKIP] len error : ['東P', '東証プライム']
2026-05-30 14:55:58,325 [SKIP] len error : ['東S', '東証スタンダード']
2026-05-30 14:55:58,325 [SKIP] len error : ['東G', '東証グロース']
2026-05-30 14:55:58,325 [SKIP] len error : ['東Ｅ', '東証ETF']
2026-05-30 14:55:58,325 [SKIP] len error : ['東EN', '東証ETN']
2026-05-30 14:55:58,325 [SKIP] len error : ['東Ｒ', '東証REIT']
2026-05-30 14:55:58,325 [SKIP] len error : ['東IF', '東証インフラファンド']
2026-05-30 14:55:58,325 [SKIP] len error : ['名Ｐ', '名証プレミア']
2026-05-30 14:55:58,325 [SKIP] len error : ['名M', '名証メイン']
2026-05-30 14:55:58,325 [SKIP] len error : ['名N', '名証ネクスト']
2026-05-30 14:55:58,325 [SKIP] len error : ['名Ｅ', '名証ETF']
2026-05-30 14:55:58,325 [SKIP] len error : ['札Ａ', '札証アンビシャス']
2026-05-30 14:55:58,325 [SKIP] len error : ['福Ｑ', '福証Q-Board']
2026-05-30 14:55:58,325 [SKIP] len error : ['①', '高い', '1,000回以上', '13.9%']
2026-05-30 14:55:58,325 [SKIP] len error : ['②', 'やや高い', '400回〜1,000回', '18.5%']
2026-05-30 14:55:58,325 [SKIP] len error : ['③', '中位', '50回〜400回', '39.0%']
2026-05-30 14:55:58,325 [SKIP] len error : ['④', 'やや低い', '10回〜50回', '17.6%']
2026-05-30 14:55:58,325 [SKIP] len error : ['⑤', '低い', '10回未満', '11.0%']
2026-05-30 14:55:58,325 3740件 / ?件中 23:55
2026-05-30 14:55:58,359 [TOTAL] None
2026-05-30 14:55:58,359 [COUNT] 3740
2026-05-30 14:55:59,468 [PAGE] 188
2026-05-30 14:55:59,756 [SKIP] len error : ['東P', '東証プライム']
2026-05-30 14:55:59,756 [SKIP] len error : ['東S', '東証スタンダード']
2026-05-30 14:55:59,756 [SKIP] len error : ['東G', '東証グロース']
2026-05-30 14:55:59,756 [SKIP] len error : ['東Ｅ', '東証ETF']
2026-05-30 14:55:59,756 [SKIP] len error : ['東EN', '東証ETN']
2026-05-30 14:55:59,756 [SKIP] len error : ['東Ｒ', '東証REIT']
2026-05-30 14:55:59,756 [SKIP] len error : ['東IF', '東証インフラファンド']
2026-05-30 14:55:59,756 [SKIP] len error : ['名Ｐ', '名証プレミア']
2026-05-30 14:55:59,756 [SKIP] len error : ['名M', '名証メイン']
2026-05-30 14:55:59,756 [SKIP] len error : ['名N', '名証ネクスト']
2026-05-30 14:55:59,756 [SKIP] len error : ['名Ｅ', '名証ETF']
2026-05-30 14:55:59,756 [SKIP] len error : ['札Ａ', '札証アンビシャス']
2026-05-30 14:55:59,756 [SKIP] len error : ['福Ｑ', '福証Q-Board']
2026-05-30 14:55:59,756 [SKIP] len error : ['①', '高い', '1,000回以上', '13.9%']
2026-05-30 14:55:59,756 [SKIP] len error : ['②', 'やや高い', '400回〜1,000回', '18.5%']
2026-05-30 14:55:59,756 [SKIP] len error : ['③', '中位', '50回〜400回', '39.0%']
2026-05-30 14:55:59,756 [SKIP] len error : ['④', 'やや低い', '10回〜50回', '17.6%']
2026-05-30 14:55:59,756 [SKIP] len error : ['⑤', '低い', '10回未満', '11.0%']
2026-05-30 14:55:59,757 3760件 / ?件中 23:55
2026-05-30 14:55:59,790 [TOTAL] None
2026-05-30 14:55:59,790 [COUNT] 3760
2026-05-30 14:56:00,642 [PAGE] 189
2026-05-30 14:56:00,929 [SKIP] len error : ['東P', '東証プライム']
2026-05-30 14:56:00,929 [SKIP] len error : ['東S', '東証スタンダード']
2026-05-30 14:56:00,929 [SKIP] len error : ['東G', '東証グロース']
2026-05-30 14:56:00,929 [SKIP] len error : ['東Ｅ', '東証ETF']
2026-05-30 14:56:00,929 [SKIP] len error : ['東EN', '東証ETN']
2026-05-30 14:56:00,929 [SKIP] len error : ['東Ｒ', '東証REIT']
2026-05-30 14:56:00,929 [SKIP] len error : ['東IF', '東証インフラファンド']
2026-05-30 14:56:00,929 [SKIP] len error : ['名Ｐ', '名証プレミア']
2026-05-30 14:56:00,929 [SKIP] len error : ['名M', '名証メイン']
2026-05-30 14:56:00,930 [SKIP] len error : ['名N', '名証ネクスト']
2026-05-30 14:56:00,930 [SKIP] len error : ['名Ｅ', '名証ETF']
2026-05-30 14:56:00,930 [SKIP] len error : ['札Ａ', '札証アンビシャス']
2026-05-30 14:56:00,930 [SKIP] len error : ['福Ｑ', '福証Q-Board']
2026-05-30 14:56:00,930 [SKIP] len error : ['①', '高い', '1,000回以上', '13.9%']
2026-05-30 14:56:00,930 [SKIP] len error : ['②', 'やや高い', '400回〜1,000回', '18.5%']
2026-05-30 14:56:00,930 [SKIP] len error : ['③', '中位', '50回〜400回', '39.0%']
2026-05-30 14:56:00,930 [SKIP] len error : ['④', 'やや低い', '10回〜50回', '17.6%']
2026-05-30 14:56:00,930 [SKIP] len error : ['⑤', '低い', '10回未満', '11.0%']
2026-05-30 14:56:00,930 3780件 / ?件中 23:56
2026-05-30 14:56:00,964 [TOTAL] None
2026-05-30 14:56:00,964 [COUNT] 3780
2026-05-30 14:56:01,685 [PAGE] 190
2026-05-30 14:56:01,984 [SKIP] len error : ['東P', '東証プライム']
2026-05-30 14:56:01,985 [SKIP] len error : ['東S', '東証スタンダード']
2026-05-30 14:56:01,985 [SKIP] len error : ['東G', '東証グロース']
2026-05-30 14:56:01,985 [SKIP] len error : ['東Ｅ', '東証ETF']
2026-05-30 14:56:01,985 [SKIP] len error : ['東EN', '東証ETN']
2026-05-30 14:56:01,985 [SKIP] len error : ['東Ｒ', '東証REIT']
2026-05-30 14:56:01,985 [SKIP] len error : ['東IF', '東証インフラファンド']
2026-05-30 14:56:01,985 [SKIP] len error : ['名Ｐ', '名証プレミア']
2026-05-30 14:56:01,985 [SKIP] len error : ['名M', '名証メイン']
2026-05-30 14:56:01,985 [SKIP] len error : ['名N', '名証ネクスト']
2026-05-30 14:56:01,985 [SKIP] len error : ['名Ｅ', '名証ETF']
2026-05-30 14:56:01,985 [SKIP] len error : ['札Ａ', '札証アンビシャス']
2026-05-30 14:56:01,985 [SKIP] len error : ['福Ｑ', '福証Q-Board']
2026-05-30 14:56:01,985 [SKIP] len error : ['①', '高い', '1,000回以上', '13.9%']
2026-05-30 14:56:01,985 [SKIP] len error : ['②', 'やや高い', '400回〜1,000回', '18.5%']
2026-05-30 14:56:01,985 [SKIP] len error : ['③', '中位', '50回〜400回', '39.0%']
2026-05-30 14:56:01,985 [SKIP] len error : ['④', 'やや低い', '10回〜50回', '17.6%']
2026-05-30 14:56:01,985 [SKIP] len error : ['⑤', '低い', '10回未満', '11.0%']
2026-05-30 14:56:01,985 3800件 / ?件中 23:56
2026-05-30 14:56:02,018 [TOTAL] None
2026-05-30 14:56:02,018 [COUNT] 3800
2026-05-30 14:56:02,627 [PAGE] 191
2026-05-30 14:56:02,930 [SKIP] len error : ['東P', '東証プライム']
2026-05-30 14:56:02,930 [SKIP] len error : ['東S', '東証スタンダード']
2026-05-30 14:56:02,930 [SKIP] len error : ['東G', '東証グロース']
2026-05-30 14:56:02,930 [SKIP] len error : ['東Ｅ', '東証ETF']
2026-05-30 14:56:02,930 [SKIP] len error : ['東EN', '東証ETN']
2026-05-30 14:56:02,930 [SKIP] len error : ['東Ｒ', '東証REIT']
2026-05-30 14:56:02,930 [SKIP] len error : ['東IF', '東証インフラファンド']
2026-05-30 14:56:02,930 [SKIP] len error : ['名Ｐ', '名証プレミア']
2026-05-30 14:56:02,930 [SKIP] len error : ['名M', '名証メイン']
2026-05-30 14:56:02,930 [SKIP] len error : ['名N', '名証ネクスト']
2026-05-30 14:56:02,930 [SKIP] len error : ['名Ｅ', '名証ETF']
2026-05-30 14:56:02,930 [SKIP] len error : ['札Ａ', '札証アンビシャス']
2026-05-30 14:56:02,930 [SKIP] len error : ['福Ｑ', '福証Q-Board']
2026-05-30 14:56:02,930 [SKIP] len error : ['①', '高い', '1,000回以上', '13.9%']
2026-05-30 14:56:02,930 [SKIP] len error : ['②', 'やや高い', '400回〜1,000回', '18.5%']
2026-05-30 14:56:02,930 [SKIP] len error : ['③', '中位', '50回〜400回', '39.0%']
2026-05-30 14:56:02,930 [SKIP] len error : ['④', 'やや低い', '10回〜50回', '17.6%']
2026-05-30 14:56:02,930 [SKIP] len error : ['⑤', '低い', '10回未満', '11.0%']
2026-05-30 14:56:02,931 3820件 / ?件中 23:56
2026-05-30 14:56:03,009 [TOTAL] None
2026-05-30 14:56:03,009 [COUNT] 3820
2026-05-30 14:56:04,436 [PAGE] 192
2026-05-30 14:56:04,756 [SKIP] len error : ['東P', '東証プライム']
2026-05-30 14:56:04,756 [SKIP] len error : ['東S', '東証スタンダード']
2026-05-30 14:56:04,756 [SKIP] len error : ['東G', '東証グロース']
2026-05-30 14:56:04,756 [SKIP] len error : ['東Ｅ', '東証ETF']
2026-05-30 14:56:04,756 [SKIP] len error : ['東EN', '東証ETN']
2026-05-30 14:56:04,756 [SKIP] len error : ['東Ｒ', '東証REIT']
2026-05-30 14:56:04,756 [SKIP] len error : ['東IF', '東証インフラファンド']
2026-05-30 14:56:04,756 [SKIP] len error : ['名Ｐ', '名証プレミア']
2026-05-30 14:56:04,756 [SKIP] len error : ['名M', '名証メイン']
2026-05-30 14:56:04,756 [SKIP] len error : ['名N', '名証ネクスト']
2026-05-30 14:56:04,756 [SKIP] len error : ['名Ｅ', '名証ETF']
2026-05-30 14:56:04,756 [SKIP] len error : ['札Ａ', '札証アンビシャス']
2026-05-30 14:56:04,756 [SKIP] len error : ['福Ｑ', '福証Q-Board']
2026-05-30 14:56:04,756 [SKIP] len error : ['①', '高い', '1,000回以上', '13.9%']
2026-05-30 14:56:04,756 [SKIP] len error : ['②', 'やや高い', '400回〜1,000回', '18.5%']
2026-05-30 14:56:04,757 [SKIP] len error : ['③', '中位', '50回〜400回', '39.0%']
2026-05-30 14:56:04,757 [SKIP] len error : ['④', 'やや低い', '10回〜50回', '17.6%']
2026-05-30 14:56:04,757 [SKIP] len error : ['⑤', '低い', '10回未満', '11.0%']
2026-05-30 14:56:04,757 3840件 / ?件中 23:56
2026-05-30 14:56:04,791 [TOTAL] None
2026-05-30 14:56:04,791 [COUNT] 3840
2026-05-30 14:56:05,900 [PAGE] 193
2026-05-30 14:56:06,202 [SKIP] len error : ['東P', '東証プライム']
2026-05-30 14:56:06,203 [SKIP] len error : ['東S', '東証スタンダード']
2026-05-30 14:56:06,203 [SKIP] len error : ['東G', '東証グロース']
2026-05-30 14:56:06,203 [SKIP] len error : ['東Ｅ', '東証ETF']
2026-05-30 14:56:06,203 [SKIP] len error : ['東EN', '東証ETN']
2026-05-30 14:56:06,203 [SKIP] len error : ['東Ｒ', '東証REIT']
2026-05-30 14:56:06,203 [SKIP] len error : ['東IF', '東証インフラファンド']
2026-05-30 14:56:06,203 [SKIP] len error : ['名Ｐ', '名証プレミア']
2026-05-30 14:56:06,203 [SKIP] len error : ['名M', '名証メイン']
2026-05-30 14:56:06,203 [SKIP] len error : ['名N', '名証ネクスト']
2026-05-30 14:56:06,203 [SKIP] len error : ['名Ｅ', '名証ETF']
2026-05-30 14:56:06,203 [SKIP] len error : ['札Ａ', '札証アンビシャス']
2026-05-30 14:56:06,203 [SKIP] len error : ['福Ｑ', '福証Q-Board']
2026-05-30 14:56:06,203 [SKIP] len error : ['①', '高い', '1,000回以上', '13.9%']
2026-05-30 14:56:06,203 [SKIP] len error : ['②', 'やや高い', '400回〜1,000回', '18.5%']
2026-05-30 14:56:06,203 [SKIP] len error : ['③', '中位', '50回〜400回', '39.0%']
2026-05-30 14:56:06,203 [SKIP] len error : ['④', 'やや低い', '10回〜50回', '17.6%']
2026-05-30 14:56:06,203 [SKIP] len error : ['⑤', '低い', '10回未満', '11.0%']
2026-05-30 14:56:06,203 3860件 / ?件中 23:56
2026-05-30 14:56:06,237 [TOTAL] None
2026-05-30 14:56:06,237 [COUNT] 3860
2026-05-30 14:56:06,858 [PAGE] 194
2026-05-30 14:56:07,156 [SKIP] len error : ['東P', '東証プライム']
2026-05-30 14:56:07,156 [SKIP] len error : ['東S', '東証スタンダード']
2026-05-30 14:56:07,156 [SKIP] len error : ['東G', '東証グロース']
2026-05-30 14:56:07,156 [SKIP] len error : ['東Ｅ', '東証ETF']
2026-05-30 14:56:07,156 [SKIP] len error : ['東EN', '東証ETN']
2026-05-30 14:56:07,156 [SKIP] len error : ['東Ｒ', '東証REIT']
2026-05-30 14:56:07,156 [SKIP] len error : ['東IF', '東証インフラファンド']
2026-05-30 14:56:07,156 [SKIP] len error : ['名Ｐ', '名証プレミア']
2026-05-30 14:56:07,156 [SKIP] len error : ['名M', '名証メイン']
2026-05-30 14:56:07,156 [SKIP] len error : ['名N', '名証ネクスト']
2026-05-30 14:56:07,156 [SKIP] len error : ['名Ｅ', '名証ETF']
2026-05-30 14:56:07,156 [SKIP] len error : ['札Ａ', '札証アンビシャス']
2026-05-30 14:56:07,156 [SKIP] len error : ['福Ｑ', '福証Q-Board']
2026-05-30 14:56:07,156 [SKIP] len error : ['①', '高い', '1,000回以上', '13.9%']
2026-05-30 14:56:07,156 [SKIP] len error : ['②', 'やや高い', '400回〜1,000回', '18.5%']
2026-05-30 14:56:07,156 [SKIP] len error : ['③', '中位', '50回〜400回', '39.0%']
2026-05-30 14:56:07,156 [SKIP] len error : ['④', 'やや低い', '10回〜50回', '17.6%']
2026-05-30 14:56:07,156 [SKIP] len error : ['⑤', '低い', '10回未満', '11.0%']
2026-05-30 14:56:07,157 3880件 / ?件中 23:56
2026-05-30 14:56:07,190 [TOTAL] None
2026-05-30 14:56:07,190 [COUNT] 3880
2026-05-30 14:56:08,099 [PAGE] 195
2026-05-30 14:56:08,413 [SKIP] len error : ['東P', '東証プライム']
2026-05-30 14:56:08,413 [SKIP] len error : ['東S', '東証スタンダード']
2026-05-30 14:56:08,413 [SKIP] len error : ['東G', '東証グロース']
2026-05-30 14:56:08,413 [SKIP] len error : ['東Ｅ', '東証ETF']
2026-05-30 14:56:08,413 [SKIP] len error : ['東EN', '東証ETN']
2026-05-30 14:56:08,413 [SKIP] len error : ['東Ｒ', '東証REIT']
2026-05-30 14:56:08,413 [SKIP] len error : ['東IF', '東証インフラファンド']
2026-05-30 14:56:08,413 [SKIP] len error : ['名Ｐ', '名証プレミア']
2026-05-30 14:56:08,413 [SKIP] len error : ['名M', '名証メイン']
2026-05-30 14:56:08,413 [SKIP] len error : ['名N', '名証ネクスト']
2026-05-30 14:56:08,413 [SKIP] len error : ['名Ｅ', '名証ETF']
2026-05-30 14:56:08,413 [SKIP] len error : ['札Ａ', '札証アンビシャス']
2026-05-30 14:56:08,413 [SKIP] len error : ['福Ｑ', '福証Q-Board']
2026-05-30 14:56:08,413 [SKIP] len error : ['①', '高い', '1,000回以上', '13.9%']
2026-05-30 14:56:08,413 [SKIP] len error : ['②', 'やや高い', '400回〜1,000回', '18.5%']
2026-05-30 14:56:08,413 [SKIP] len error : ['③', '中位', '50回〜400回', '39.0%']
2026-05-30 14:56:08,413 [SKIP] len error : ['④', 'やや低い', '10回〜50回', '17.6%']
2026-05-30 14:56:08,413 [SKIP] len error : ['⑤', '低い', '10回未満', '11.0%']
2026-05-30 14:56:08,414 3900件 / ?件中 23:56
2026-05-30 14:56:08,448 [TOTAL] None
2026-05-30 14:56:08,448 [COUNT] 3900
2026-05-30 14:56:09,041 [PAGE] 196
2026-05-30 14:56:09,395 [SKIP] len error : ['東P', '東証プライム']
2026-05-30 14:56:09,395 [SKIP] len error : ['東S', '東証スタンダード']
2026-05-30 14:56:09,395 [SKIP] len error : ['東G', '東証グロース']
2026-05-30 14:56:09,395 [SKIP] len error : ['東Ｅ', '東証ETF']
2026-05-30 14:56:09,395 [SKIP] len error : ['東EN', '東証ETN']
2026-05-30 14:56:09,395 [SKIP] len error : ['東Ｒ', '東証REIT']
2026-05-30 14:56:09,395 [SKIP] len error : ['東IF', '東証インフラファンド']
2026-05-30 14:56:09,395 [SKIP] len error : ['名Ｐ', '名証プレミア']
2026-05-30 14:56:09,395 [SKIP] len error : ['名M', '名証メイン']
2026-05-30 14:56:09,395 [SKIP] len error : ['名N', '名証ネクスト']
2026-05-30 14:56:09,395 [SKIP] len error : ['名Ｅ', '名証ETF']
2026-05-30 14:56:09,395 [SKIP] len error : ['札Ａ', '札証アンビシャス']
2026-05-30 14:56:09,395 [SKIP] len error : ['福Ｑ', '福証Q-Board']
2026-05-30 14:56:09,395 [SKIP] len error : ['①', '高い', '1,000回以上', '13.9%']
2026-05-30 14:56:09,395 [SKIP] len error : ['②', 'やや高い', '400回〜1,000回', '18.5%']
2026-05-30 14:56:09,395 [SKIP] len error : ['③', '中位', '50回〜400回', '39.0%']
2026-05-30 14:56:09,396 [SKIP] len error : ['④', 'やや低い', '10回〜50回', '17.6%']
2026-05-30 14:56:09,396 [SKIP] len error : ['⑤', '低い', '10回未満', '11.0%']
2026-05-30 14:56:09,396 3920件 / ?件中 23:56
2026-05-30 14:56:09,429 [TOTAL] None
2026-05-30 14:56:09,429 [COUNT] 3920
2026-05-30 14:56:10,380 [PAGE] 197
2026-05-30 14:56:10,697 [SKIP] len error : ['東P', '東証プライム']
2026-05-30 14:56:10,697 [SKIP] len error : ['東S', '東証スタンダード']
2026-05-30 14:56:10,697 [SKIP] len error : ['東G', '東証グロース']
2026-05-30 14:56:10,697 [SKIP] len error : ['東Ｅ', '東証ETF']
2026-05-30 14:56:10,697 [SKIP] len error : ['東EN', '東証ETN']
2026-05-30 14:56:10,697 [SKIP] len error : ['東Ｒ', '東証REIT']
2026-05-30 14:56:10,697 [SKIP] len error : ['東IF', '東証インフラファンド']
2026-05-30 14:56:10,697 [SKIP] len error : ['名Ｐ', '名証プレミア']
2026-05-30 14:56:10,697 [SKIP] len error : ['名M', '名証メイン']
2026-05-30 14:56:10,697 [SKIP] len error : ['名N', '名証ネクスト']
2026-05-30 14:56:10,697 [SKIP] len error : ['名Ｅ', '名証ETF']
2026-05-30 14:56:10,697 [SKIP] len error : ['札Ａ', '札証アンビシャス']
2026-05-30 14:56:10,697 [SKIP] len error : ['福Ｑ', '福証Q-Board']
2026-05-30 14:56:10,697 [SKIP] len error : ['①', '高い', '1,000回以上', '13.9%']
2026-05-30 14:56:10,697 [SKIP] len error : ['②', 'やや高い', '400回〜1,000回', '18.5%']
2026-05-30 14:56:10,697 [SKIP] len error : ['③', '中位', '50回〜400回', '39.0%']
2026-05-30 14:56:10,697 [SKIP] len error : ['④', 'やや低い', '10回〜50回', '17.6%']
2026-05-30 14:56:10,697 [SKIP] len error : ['⑤', '低い', '10回未満', '11.0%']
2026-05-30 14:56:10,698 3940件 / ?件中 23:56
2026-05-30 14:56:10,731 [TOTAL] None
2026-05-30 14:56:10,732 [COUNT] 3940
2026-05-30 14:56:11,449 [PAGE] 198
2026-05-30 14:56:11,764 [SKIP] len error : ['東P', '東証プライム']
2026-05-30 14:56:11,764 [SKIP] len error : ['東S', '東証スタンダード']
2026-05-30 14:56:11,764 [SKIP] len error : ['東G', '東証グロース']
2026-05-30 14:56:11,764 [SKIP] len error : ['東Ｅ', '東証ETF']
2026-05-30 14:56:11,764 [SKIP] len error : ['東EN', '東証ETN']
2026-05-30 14:56:11,764 [SKIP] len error : ['東Ｒ', '東証REIT']
2026-05-30 14:56:11,764 [SKIP] len error : ['東IF', '東証インフラファンド']
2026-05-30 14:56:11,764 [SKIP] len error : ['名Ｐ', '名証プレミア']
2026-05-30 14:56:11,764 [SKIP] len error : ['名M', '名証メイン']
2026-05-30 14:56:11,764 [SKIP] len error : ['名N', '名証ネクスト']
2026-05-30 14:56:11,764 [SKIP] len error : ['名Ｅ', '名証ETF']
2026-05-30 14:56:11,764 [SKIP] len error : ['札Ａ', '札証アンビシャス']
2026-05-30 14:56:11,764 [SKIP] len error : ['福Ｑ', '福証Q-Board']
2026-05-30 14:56:11,764 [SKIP] len error : ['①', '高い', '1,000回以上', '13.9%']
2026-05-30 14:56:11,764 [SKIP] len error : ['②', 'やや高い', '400回〜1,000回', '18.5%']
2026-05-30 14:56:11,764 [SKIP] len error : ['③', '中位', '50回〜400回', '39.0%']
2026-05-30 14:56:11,764 [SKIP] len error : ['④', 'やや低い', '10回〜50回', '17.6%']
2026-05-30 14:56:11,764 [SKIP] len error : ['⑤', '低い', '10回未満', '11.0%']
2026-05-30 14:56:11,765 3960件 / ?件中 23:56
2026-05-30 14:56:11,798 [TOTAL] None
2026-05-30 14:56:11,798 [COUNT] 3960
2026-05-30 14:56:13,242 [PAGE] 199
2026-05-30 14:56:13,559 [SKIP] len error : ['東P', '東証プライム']
2026-05-30 14:56:13,559 [SKIP] len error : ['東S', '東証スタンダード']
2026-05-30 14:56:13,559 [SKIP] len error : ['東G', '東証グロース']
2026-05-30 14:56:13,559 [SKIP] len error : ['東Ｅ', '東証ETF']
2026-05-30 14:56:13,559 [SKIP] len error : ['東EN', '東証ETN']
2026-05-30 14:56:13,559 [SKIP] len error : ['東Ｒ', '東証REIT']
2026-05-30 14:56:13,559 [SKIP] len error : ['東IF', '東証インフラファンド']
2026-05-30 14:56:13,559 [SKIP] len error : ['名Ｐ', '名証プレミア']
2026-05-30 14:56:13,559 [SKIP] len error : ['名M', '名証メイン']
2026-05-30 14:56:13,559 [SKIP] len error : ['名N', '名証ネクスト']
2026-05-30 14:56:13,559 [SKIP] len error : ['名Ｅ', '名証ETF']
2026-05-30 14:56:13,559 [SKIP] len error : ['札Ａ', '札証アンビシャス']
2026-05-30 14:56:13,559 [SKIP] len error : ['福Ｑ', '福証Q-Board']
2026-05-30 14:56:13,559 [SKIP] len error : ['①', '高い', '1,000回以上', '13.9%']
2026-05-30 14:56:13,559 [SKIP] len error : ['②', 'やや高い', '400回〜1,000回', '18.5%']
2026-05-30 14:56:13,559 [SKIP] len error : ['③', '中位', '50回〜400回', '39.0%']
2026-05-30 14:56:13,559 [SKIP] len error : ['④', 'やや低い', '10回〜50回', '17.6%']
2026-05-30 14:56:13,559 [SKIP] len error : ['⑤', '低い', '10回未満', '11.0%']
2026-05-30 14:56:13,559 3980件 / ?件中 23:56
2026-05-30 14:56:13,593 [TOTAL] None
2026-05-30 14:56:13,593 [COUNT] 3980
2026-05-30 14:56:14,948 [PAGE] 200
2026-05-30 14:56:15,249 [SKIP] len error : ['東P', '東証プライム']
2026-05-30 14:56:15,249 [SKIP] len error : ['東S', '東証スタンダード']
2026-05-30 14:56:15,249 [SKIP] len error : ['東G', '東証グロース']
2026-05-30 14:56:15,249 [SKIP] len error : ['東Ｅ', '東証ETF']
2026-05-30 14:56:15,249 [SKIP] len error : ['東EN', '東証ETN']
2026-05-30 14:56:15,249 [SKIP] len error : ['東Ｒ', '東証REIT']
2026-05-30 14:56:15,249 [SKIP] len error : ['東IF', '東証インフラファンド']
2026-05-30 14:56:15,249 [SKIP] len error : ['名Ｐ', '名証プレミア']
2026-05-30 14:56:15,249 [SKIP] len error : ['名M', '名証メイン']
2026-05-30 14:56:15,249 [SKIP] len error : ['名N', '名証ネクスト']
2026-05-30 14:56:15,249 [SKIP] len error : ['名Ｅ', '名証ETF']
2026-05-30 14:56:15,249 [SKIP] len error : ['札Ａ', '札証アンビシャス']
2026-05-30 14:56:15,249 [SKIP] len error : ['福Ｑ', '福証Q-Board']
2026-05-30 14:56:15,249 [SKIP] len error : ['①', '高い', '1,000回以上', '13.9%']
2026-05-30 14:56:15,249 [SKIP] len error : ['②', 'やや高い', '400回〜1,000回', '18.5%']
2026-05-30 14:56:15,249 [SKIP] len error : ['③', '中位', '50回〜400回', '39.0%']
2026-05-30 14:56:15,249 [SKIP] len error : ['④', 'やや低い', '10回〜50回', '17.6%']
2026-05-30 14:56:15,249 [SKIP] len error : ['⑤', '低い', '10回未満', '11.0%']
2026-05-30 14:56:15,249 4000件 / ?件中 23:56
2026-05-30 14:56:15,282 [TOTAL] None
2026-05-30 14:56:15,282 [COUNT] 4000
2026-05-30 14:56:15,829 [SLEEP] 2000件到達 -> 176秒休憩
2026-05-30 14:59:11,830 [PAGE] 201
2026-05-30 14:59:12,814 [SKIP] len error : ['東P', '東証プライム']
2026-05-30 14:59:12,814 [SKIP] len error : ['東S', '東証スタンダード']
2026-05-30 14:59:12,814 [SKIP] len error : ['東G', '東証グロース']
2026-05-30 14:59:12,814 [SKIP] len error : ['東Ｅ', '東証ETF']
2026-05-30 14:59:12,814 [SKIP] len error : ['東EN', '東証ETN']
2026-05-30 14:59:12,814 [SKIP] len error : ['東Ｒ', '東証REIT']
2026-05-30 14:59:12,814 [SKIP] len error : ['東IF', '東証インフラファンド']
2026-05-30 14:59:12,814 [SKIP] len error : ['名Ｐ', '名証プレミア']
2026-05-30 14:59:12,814 [SKIP] len error : ['名M', '名証メイン']
2026-05-30 14:59:12,814 [SKIP] len error : ['名N', '名証ネクスト']
2026-05-30 14:59:12,814 [SKIP] len error : ['名Ｅ', '名証ETF']
2026-05-30 14:59:12,814 [SKIP] len error : ['札Ａ', '札証アンビシャス']
2026-05-30 14:59:12,814 [SKIP] len error : ['福Ｑ', '福証Q-Board']
2026-05-30 14:59:12,814 [SKIP] len error : ['①', '高い', '1,000回以上', '13.9%']
2026-05-30 14:59:12,814 [SKIP] len error : ['②', 'やや高い', '400回〜1,000回', '18.5%']
2026-05-30 14:59:12,814 [SKIP] len error : ['③', '中位', '50回〜400回', '39.0%']
2026-05-30 14:59:12,814 [SKIP] len error : ['④', 'やや低い', '10回〜50回', '17.6%']
2026-05-30 14:59:12,814 [SKIP] len error : ['⑤', '低い', '10回未満', '11.0%']
2026-05-30 14:59:12,814 4020件 / ?件中 23:59
2026-05-30 14:59:12,848 [TOTAL] None
2026-05-30 14:59:12,848 [COUNT] 4020
2026-05-30 14:59:14,125 [PAGE] 202
2026-05-30 14:59:14,416 [SKIP] len error : ['東P', '東証プライム']
2026-05-30 14:59:14,416 [SKIP] len error : ['東S', '東証スタンダード']
2026-05-30 14:59:14,416 [SKIP] len error : ['東G', '東証グロース']
2026-05-30 14:59:14,416 [SKIP] len error : ['東Ｅ', '東証ETF']
2026-05-30 14:59:14,416 [SKIP] len error : ['東EN', '東証ETN']
2026-05-30 14:59:14,416 [SKIP] len error : ['東Ｒ', '東証REIT']
2026-05-30 14:59:14,416 [SKIP] len error : ['東IF', '東証インフラファンド']
2026-05-30 14:59:14,416 [SKIP] len error : ['名Ｐ', '名証プレミア']
2026-05-30 14:59:14,416 [SKIP] len error : ['名M', '名証メイン']
2026-05-30 14:59:14,416 [SKIP] len error : ['名N', '名証ネクスト']
2026-05-30 14:59:14,416 [SKIP] len error : ['名Ｅ', '名証ETF']
2026-05-30 14:59:14,416 [SKIP] len error : ['札Ａ', '札証アンビシャス']
2026-05-30 14:59:14,416 [SKIP] len error : ['福Ｑ', '福証Q-Board']
2026-05-30 14:59:14,416 [SKIP] len error : ['①', '高い', '1,000回以上', '13.9%']
2026-05-30 14:59:14,416 [SKIP] len error : ['②', 'やや高い', '400回〜1,000回', '18.5%']
2026-05-30 14:59:14,416 [SKIP] len error : ['③', '中位', '50回〜400回', '39.0%']
2026-05-30 14:59:14,416 [SKIP] len error : ['④', 'やや低い', '10回〜50回', '17.6%']
2026-05-30 14:59:14,416 [SKIP] len error : ['⑤', '低い', '10回未満', '11.0%']
2026-05-30 14:59:14,417 4040件 / ?件中 23:59
2026-05-30 14:59:14,453 [TOTAL] None
2026-05-30 14:59:14,453 [COUNT] 4040
2026-05-30 14:59:15,149 [PAGE] 203
2026-05-30 14:59:15,470 [SKIP] len error : ['東P', '東証プライム']
2026-05-30 14:59:15,470 [SKIP] len error : ['東S', '東証スタンダード']
2026-05-30 14:59:15,470 [SKIP] len error : ['東G', '東証グロース']
2026-05-30 14:59:15,470 [SKIP] len error : ['東Ｅ', '東証ETF']
2026-05-30 14:59:15,470 [SKIP] len error : ['東EN', '東証ETN']
2026-05-30 14:59:15,470 [SKIP] len error : ['東Ｒ', '東証REIT']
2026-05-30 14:59:15,470 [SKIP] len error : ['東IF', '東証インフラファンド']
2026-05-30 14:59:15,470 [SKIP] len error : ['名Ｐ', '名証プレミア']
2026-05-30 14:59:15,470 [SKIP] len error : ['名M', '名証メイン']
2026-05-30 14:59:15,470 [SKIP] len error : ['名N', '名証ネクスト']
2026-05-30 14:59:15,470 [SKIP] len error : ['名Ｅ', '名証ETF']
2026-05-30 14:59:15,470 [SKIP] len error : ['札Ａ', '札証アンビシャス']
2026-05-30 14:59:15,470 [SKIP] len error : ['福Ｑ', '福証Q-Board']
2026-05-30 14:59:15,470 [SKIP] len error : ['①', '高い', '1,000回以上', '13.9%']
2026-05-30 14:59:15,470 [SKIP] len error : ['②', 'やや高い', '400回〜1,000回', '18.5%']
2026-05-30 14:59:15,470 [SKIP] len error : ['③', '中位', '50回〜400回', '39.0%']
2026-05-30 14:59:15,470 [SKIP] len error : ['④', 'やや低い', '10回〜50回', '17.6%']
2026-05-30 14:59:15,470 [SKIP] len error : ['⑤', '低い', '10回未満', '11.0%']
2026-05-30 14:59:15,470 4060件 / ?件中 23:59
2026-05-30 14:59:15,504 [TOTAL] None
2026-05-30 14:59:15,504 [COUNT] 4060
2026-05-30 14:59:16,394 [PAGE] 204
2026-05-30 14:59:16,700 [SKIP] len error : ['東P', '東証プライム']
2026-05-30 14:59:16,700 [SKIP] len error : ['東S', '東証スタンダード']
2026-05-30 14:59:16,700 [SKIP] len error : ['東G', '東証グロース']
2026-05-30 14:59:16,700 [SKIP] len error : ['東Ｅ', '東証ETF']
2026-05-30 14:59:16,700 [SKIP] len error : ['東EN', '東証ETN']
2026-05-30 14:59:16,700 [SKIP] len error : ['東Ｒ', '東証REIT']
2026-05-30 14:59:16,700 [SKIP] len error : ['東IF', '東証インフラファンド']
2026-05-30 14:59:16,700 [SKIP] len error : ['名Ｐ', '名証プレミア']
2026-05-30 14:59:16,700 [SKIP] len error : ['名M', '名証メイン']
2026-05-30 14:59:16,700 [SKIP] len error : ['名N', '名証ネクスト']
2026-05-30 14:59:16,700 [SKIP] len error : ['名Ｅ', '名証ETF']
2026-05-30 14:59:16,700 [SKIP] len error : ['札Ａ', '札証アンビシャス']
2026-05-30 14:59:16,700 [SKIP] len error : ['福Ｑ', '福証Q-Board']
2026-05-30 14:59:16,700 [SKIP] len error : ['①', '高い', '1,000回以上', '13.9%']
2026-05-30 14:59:16,700 [SKIP] len error : ['②', 'やや高い', '400回〜1,000回', '18.5%']
2026-05-30 14:59:16,700 [SKIP] len error : ['③', '中位', '50回〜400回', '39.0%']
2026-05-30 14:59:16,700 [SKIP] len error : ['④', 'やや低い', '10回〜50回', '17.6%']
2026-05-30 14:59:16,700 [SKIP] len error : ['⑤', '低い', '10回未満', '11.0%']
2026-05-30 14:59:16,701 4080件 / ?件中 23:59
2026-05-30 14:59:16,735 [TOTAL] None
2026-05-30 14:59:16,735 [COUNT] 4080
2026-05-30 14:59:17,817 [PAGE] 205
2026-05-30 14:59:18,134 [SKIP] len error : ['東P', '東証プライム']
2026-05-30 14:59:18,134 [SKIP] len error : ['東S', '東証スタンダード']
2026-05-30 14:59:18,134 [SKIP] len error : ['東G', '東証グロース']
2026-05-30 14:59:18,134 [SKIP] len error : ['東Ｅ', '東証ETF']
2026-05-30 14:59:18,135 [SKIP] len error : ['東EN', '東証ETN']
2026-05-30 14:59:18,135 [SKIP] len error : ['東Ｒ', '東証REIT']
2026-05-30 14:59:18,135 [SKIP] len error : ['東IF', '東証インフラファンド']
2026-05-30 14:59:18,135 [SKIP] len error : ['名Ｐ', '名証プレミア']
2026-05-30 14:59:18,135 [SKIP] len error : ['名M', '名証メイン']
2026-05-30 14:59:18,135 [SKIP] len error : ['名N', '名証ネクスト']
2026-05-30 14:59:18,135 [SKIP] len error : ['名Ｅ', '名証ETF']
2026-05-30 14:59:18,135 [SKIP] len error : ['札Ａ', '札証アンビシャス']
2026-05-30 14:59:18,135 [SKIP] len error : ['福Ｑ', '福証Q-Board']
2026-05-30 14:59:18,135 [SKIP] len error : ['①', '高い', '1,000回以上', '13.9%']
2026-05-30 14:59:18,135 [SKIP] len error : ['②', 'やや高い', '400回〜1,000回', '18.5%']
2026-05-30 14:59:18,135 [SKIP] len error : ['③', '中位', '50回〜400回', '39.0%']
2026-05-30 14:59:18,135 [SKIP] len error : ['④', 'やや低い', '10回〜50回', '17.6%']
2026-05-30 14:59:18,135 [SKIP] len error : ['⑤', '低い', '10回未満', '11.0%']
2026-05-30 14:59:18,135 4100件 / ?件中 23:59
2026-05-30 14:59:18,221 [TOTAL] None
2026-05-30 14:59:18,221 [COUNT] 4100
2026-05-30 14:59:18,891 [PAGE] 206
2026-05-30 14:59:19,203 [SKIP] len error : ['東P', '東証プライム']
2026-05-30 14:59:19,203 [SKIP] len error : ['東S', '東証スタンダード']
2026-05-30 14:59:19,203 [SKIP] len error : ['東G', '東証グロース']
2026-05-30 14:59:19,203 [SKIP] len error : ['東Ｅ', '東証ETF']
2026-05-30 14:59:19,203 [SKIP] len error : ['東EN', '東証ETN']
2026-05-30 14:59:19,203 [SKIP] len error : ['東Ｒ', '東証REIT']
2026-05-30 14:59:19,203 [SKIP] len error : ['東IF', '東証インフラファンド']
2026-05-30 14:59:19,203 [SKIP] len error : ['名Ｐ', '名証プレミア']
2026-05-30 14:59:19,203 [SKIP] len error : ['名M', '名証メイン']
2026-05-30 14:59:19,203 [SKIP] len error : ['名N', '名証ネクスト']
2026-05-30 14:59:19,203 [SKIP] len error : ['名Ｅ', '名証ETF']
2026-05-30 14:59:19,203 [SKIP] len error : ['札Ａ', '札証アンビシャス']
2026-05-30 14:59:19,203 [SKIP] len error : ['福Ｑ', '福証Q-Board']
2026-05-30 14:59:19,203 [SKIP] len error : ['①', '高い', '1,000回以上', '13.9%']
2026-05-30 14:59:19,203 [SKIP] len error : ['②', 'やや高い', '400回〜1,000回', '18.5%']
2026-05-30 14:59:19,203 [SKIP] len error : ['③', '中位', '50回〜400回', '39.0%']
2026-05-30 14:59:19,203 [SKIP] len error : ['④', 'やや低い', '10回〜50回', '17.6%']
2026-05-30 14:59:19,203 [SKIP] len error : ['⑤', '低い', '10回未満', '11.0%']
2026-05-30 14:59:19,204 4120件 / ?件中 23:59
2026-05-30 14:59:19,237 [TOTAL] None
2026-05-30 14:59:19,237 [COUNT] 4120
2026-05-30 14:59:20,150 [PAGE] 207
2026-05-30 14:59:20,440 [SKIP] len error : ['東P', '東証プライム']
2026-05-30 14:59:20,441 [SKIP] len error : ['東S', '東証スタンダード']
2026-05-30 14:59:20,441 [SKIP] len error : ['東G', '東証グロース']
2026-05-30 14:59:20,441 [SKIP] len error : ['東Ｅ', '東証ETF']
2026-05-30 14:59:20,441 [SKIP] len error : ['東EN', '東証ETN']
2026-05-30 14:59:20,441 [SKIP] len error : ['東Ｒ', '東証REIT']
2026-05-30 14:59:20,441 [SKIP] len error : ['東IF', '東証インフラファンド']
2026-05-30 14:59:20,441 [SKIP] len error : ['名Ｐ', '名証プレミア']
2026-05-30 14:59:20,441 [SKIP] len error : ['名M', '名証メイン']
2026-05-30 14:59:20,441 [SKIP] len error : ['名N', '名証ネクスト']
2026-05-30 14:59:20,441 [SKIP] len error : ['名Ｅ', '名証ETF']
2026-05-30 14:59:20,441 [SKIP] len error : ['札Ａ', '札証アンビシャス']
2026-05-30 14:59:20,441 [SKIP] len error : ['福Ｑ', '福証Q-Board']
2026-05-30 14:59:20,441 [SKIP] len error : ['①', '高い', '1,000回以上', '13.9%']
2026-05-30 14:59:20,441 [SKIP] len error : ['②', 'やや高い', '400回〜1,000回', '18.5%']
2026-05-30 14:59:20,441 [SKIP] len error : ['③', '中位', '50回〜400回', '39.0%']
2026-05-30 14:59:20,441 [SKIP] len error : ['④', 'やや低い', '10回〜50回', '17.6%']
2026-05-30 14:59:20,441 [SKIP] len error : ['⑤', '低い', '10回未満', '11.0%']
2026-05-30 14:59:20,441 4129件 / ?件中 23:59
2026-05-30 14:59:20,468 [TOTAL] None
2026-05-30 14:59:20,468 [COUNT] 4129
2026-05-30 14:59:21,040 [PAGE] 208
2026-05-30 14:59:21,315 [SKIP] len error : ['東P', '東証プライム']
2026-05-30 14:59:21,315 [SKIP] len error : ['東S', '東証スタンダード']
2026-05-30 14:59:21,315 [SKIP] len error : ['東G', '東証グロース']
2026-05-30 14:59:21,315 [SKIP] len error : ['東Ｅ', '東証ETF']
2026-05-30 14:59:21,315 [SKIP] len error : ['東EN', '東証ETN']
2026-05-30 14:59:21,315 [SKIP] len error : ['東Ｒ', '東証REIT']
2026-05-30 14:59:21,315 [SKIP] len error : ['東IF', '東証インフラファンド']
2026-05-30 14:59:21,315 [SKIP] len error : ['名Ｐ', '名証プレミア']
2026-05-30 14:59:21,315 [SKIP] len error : ['名M', '名証メイン']
2026-05-30 14:59:21,315 [SKIP] len error : ['名N', '名証ネクスト']
2026-05-30 14:59:21,315 [SKIP] len error : ['名Ｅ', '名証ETF']
2026-05-30 14:59:21,315 [SKIP] len error : ['札Ａ', '札証アンビシャス']
2026-05-30 14:59:21,315 [SKIP] len error : ['福Ｑ', '福証Q-Board']
2026-05-30 14:59:21,315 [SKIP] len error : ['①', '高い', '1,000回以上', '13.9%']
2026-05-30 14:59:21,315 [SKIP] len error : ['②', 'やや高い', '400回〜1,000回', '18.5%']
2026-05-30 14:59:21,315 [SKIP] len error : ['③', '中位', '50回〜400回', '39.0%']
2026-05-30 14:59:21,315 [SKIP] len error : ['④', 'やや低い', '10回〜50回', '17.6%']
2026-05-30 14:59:21,315 [SKIP] len error : ['⑤', '低い', '10回未満', '11.0%']
2026-05-30 14:59:21,315 [STOP] no data
2026-05-30 14:59:21,327 ===== END 23:59 =====
2026-05-30 14:59:21,327 [FILE] output/trading_value_ranking_20260530.csv
2026-05-30 14:59:21,327 [ROWS] 4129
2026-05-30 14:59:21,327 [TIME] 10分
