2026-05-25 11:14:34,470 start 2026/05/25 20:14
2026-05-25 11:14:34,470 ===== START 20:14 =====
2026-05-25 11:14:34,470 [PAGE] 1
2026-05-25 11:14:35,074 [SKIP] len error : ['東P', '東証プライム']
2026-05-25 11:14:35,074 [SKIP] len error : ['東S', '東証スタンダード']
2026-05-25 11:14:35,074 [SKIP] len error : ['東G', '東証グロース']
2026-05-25 11:14:35,074 [SKIP] len error : ['東Ｅ', '東証ETF']
2026-05-25 11:14:35,074 [SKIP] len error : ['東EN', '東証ETN']
2026-05-25 11:14:35,074 [SKIP] len error : ['東Ｒ', '東証REIT']
2026-05-25 11:14:35,074 [SKIP] len error : ['東IF', '東証インフラファンド']
2026-05-25 11:14:35,074 [SKIP] len error : ['名Ｐ', '名証プレミア']
2026-05-25 11:14:35,075 [SKIP] len error : ['名M', '名証メイン']
2026-05-25 11:14:35,075 [SKIP] len error : ['名N', '名証ネクスト']
2026-05-25 11:14:35,075 [SKIP] len error : ['名Ｅ', '名証ETF']
2026-05-25 11:14:35,075 [SKIP] len error : ['札Ａ', '札証アンビシャス']
2026-05-25 11:14:35,075 [SKIP] len error : ['福Ｑ', '福証Q-Board']
2026-05-25 11:14:35,075 [SKIP] len error : ['①', '高い', '1,000回以上', '13.9%']
2026-05-25 11:14:35,075 [SKIP] len error : ['②', 'やや高い', '400回〜1,000回', '18.5%']
2026-05-25 11:14:35,075 [SKIP] len error : ['③', '中位', '50回〜400回', '39.0%']
2026-05-25 11:14:35,075 [SKIP] len error : ['④', 'やや低い', '10回〜50回', '17.6%']
2026-05-25 11:14:35,075 [SKIP] len error : ['⑤', '低い', '10回未満', '11.0%']
2026-05-25 11:14:35,075 20件 / ?件中 20:14
2026-05-25 11:14:35,125 [TOTAL] None
2026-05-25 11:14:35,125 [COUNT] 20
2026-05-25 11:14:35,889 [PAGE] 2
2026-05-25 11:14:36,176 [SKIP] len error : ['東P', '東証プライム']
2026-05-25 11:14:36,176 [SKIP] len error : ['東S', '東証スタンダード']
2026-05-25 11:14:36,176 [SKIP] len error : ['東G', '東証グロース']
2026-05-25 11:14:36,176 [SKIP] len error : ['東Ｅ', '東証ETF']
2026-05-25 11:14:36,176 [SKIP] len error : ['東EN', '東証ETN']
2026-05-25 11:14:36,176 [SKIP] len error : ['東Ｒ', '東証REIT']
2026-05-25 11:14:36,176 [SKIP] len error : ['東IF', '東証インフラファンド']
2026-05-25 11:14:36,177 [SKIP] len error : ['名Ｐ', '名証プレミア']
2026-05-25 11:14:36,177 [SKIP] len error : ['名M', '名証メイン']
2026-05-25 11:14:36,177 [SKIP] len error : ['名N', '名証ネクスト']
2026-05-25 11:14:36,177 [SKIP] len error : ['名Ｅ', '名証ETF']
2026-05-25 11:14:36,177 [SKIP] len error : ['札Ａ', '札証アンビシャス']
2026-05-25 11:14:36,177 [SKIP] len error : ['福Ｑ', '福証Q-Board']
2026-05-25 11:14:36,177 [SKIP] len error : ['①', '高い', '1,000回以上', '13.9%']
2026-05-25 11:14:36,177 [SKIP] len error : ['②', 'やや高い', '400回〜1,000回', '18.5%']
2026-05-25 11:14:36,177 [SKIP] len error : ['③', '中位', '50回〜400回', '39.0%']
2026-05-25 11:14:36,177 [SKIP] len error : ['④', 'やや低い', '10回〜50回', '17.6%']
2026-05-25 11:14:36,177 [SKIP] len error : ['⑤', '低い', '10回未満', '11.0%']
2026-05-25 11:14:36,177 40件 / ?件中 20:14
2026-05-25 11:14:36,224 [TOTAL] None
2026-05-25 11:14:36,224 [COUNT] 40
2026-05-25 11:14:36,900 [PAGE] 3
2026-05-25 11:14:37,189 [SKIP] len error : ['東P', '東証プライム']
2026-05-25 11:14:37,189 [SKIP] len error : ['東S', '東証スタンダード']
2026-05-25 11:14:37,189 [SKIP] len error : ['東G', '東証グロース']
2026-05-25 11:14:37,189 [SKIP] len error : ['東Ｅ', '東証ETF']
2026-05-25 11:14:37,189 [SKIP] len error : ['東EN', '東証ETN']
2026-05-25 11:14:37,189 [SKIP] len error : ['東Ｒ', '東証REIT']
2026-05-25 11:14:37,189 [SKIP] len error : ['東IF', '東証インフラファンド']
2026-05-25 11:14:37,189 [SKIP] len error : ['名Ｐ', '名証プレミア']
2026-05-25 11:14:37,189 [SKIP] len error : ['名M', '名証メイン']
2026-05-25 11:14:37,189 [SKIP] len error : ['名N', '名証ネクスト']
2026-05-25 11:14:37,189 [SKIP] len error : ['名Ｅ', '名証ETF']
2026-05-25 11:14:37,189 [SKIP] len error : ['札Ａ', '札証アンビシャス']
2026-05-25 11:14:37,190 [SKIP] len error : ['福Ｑ', '福証Q-Board']
2026-05-25 11:14:37,190 [SKIP] len error : ['①', '高い', '1,000回以上', '13.9%']
2026-05-25 11:14:37,190 [SKIP] len error : ['②', 'やや高い', '400回〜1,000回', '18.5%']
2026-05-25 11:14:37,190 [SKIP] len error : ['③', '中位', '50回〜400回', '39.0%']
2026-05-25 11:14:37,190 [SKIP] len error : ['④', 'やや低い', '10回〜50回', '17.6%']
2026-05-25 11:14:37,190 [SKIP] len error : ['⑤', '低い', '10回未満', '11.0%']
2026-05-25 11:14:37,190 60件 / ?件中 20:14
2026-05-25 11:14:37,237 [TOTAL] None
2026-05-25 11:14:37,237 [COUNT] 60
2026-05-25 11:14:37,826 [PAGE] 4
2026-05-25 11:14:38,068 [SKIP] len error : ['東P', '東証プライム']
2026-05-25 11:14:38,068 [SKIP] len error : ['東S', '東証スタンダード']
2026-05-25 11:14:38,068 [SKIP] len error : ['東G', '東証グロース']
2026-05-25 11:14:38,068 [SKIP] len error : ['東Ｅ', '東証ETF']
2026-05-25 11:14:38,068 [SKIP] len error : ['東EN', '東証ETN']
2026-05-25 11:14:38,068 [SKIP] len error : ['東Ｒ', '東証REIT']
2026-05-25 11:14:38,068 [SKIP] len error : ['東IF', '東証インフラファンド']
2026-05-25 11:14:38,068 [SKIP] len error : ['名Ｐ', '名証プレミア']
2026-05-25 11:14:38,068 [SKIP] len error : ['名M', '名証メイン']
2026-05-25 11:14:38,068 [SKIP] len error : ['名N', '名証ネクスト']
2026-05-25 11:14:38,068 [SKIP] len error : ['名Ｅ', '名証ETF']
2026-05-25 11:14:38,068 [SKIP] len error : ['札Ａ', '札証アンビシャス']
2026-05-25 11:14:38,069 [SKIP] len error : ['福Ｑ', '福証Q-Board']
2026-05-25 11:14:38,069 [SKIP] len error : ['①', '高い', '1,000回以上', '13.9%']
2026-05-25 11:14:38,069 [SKIP] len error : ['②', 'やや高い', '400回〜1,000回', '18.5%']
2026-05-25 11:14:38,069 [SKIP] len error : ['③', '中位', '50回〜400回', '39.0%']
2026-05-25 11:14:38,069 [SKIP] len error : ['④', 'やや低い', '10回〜50回', '17.6%']
2026-05-25 11:14:38,069 [SKIP] len error : ['⑤', '低い', '10回未満', '11.0%']
2026-05-25 11:14:38,069 80件 / ?件中 20:14
2026-05-25 11:14:38,118 [TOTAL] None
2026-05-25 11:14:38,118 [COUNT] 80
2026-05-25 11:14:38,770 [PAGE] 5
2026-05-25 11:14:39,078 [SKIP] len error : ['東P', '東証プライム']
2026-05-25 11:14:39,079 [SKIP] len error : ['東S', '東証スタンダード']
2026-05-25 11:14:39,079 [SKIP] len error : ['東G', '東証グロース']
2026-05-25 11:14:39,079 [SKIP] len error : ['東Ｅ', '東証ETF']
2026-05-25 11:14:39,079 [SKIP] len error : ['東EN', '東証ETN']
2026-05-25 11:14:39,079 [SKIP] len error : ['東Ｒ', '東証REIT']
2026-05-25 11:14:39,079 [SKIP] len error : ['東IF', '東証インフラファンド']
2026-05-25 11:14:39,079 [SKIP] len error : ['名Ｐ', '名証プレミア']
2026-05-25 11:14:39,079 [SKIP] len error : ['名M', '名証メイン']
2026-05-25 11:14:39,079 [SKIP] len error : ['名N', '名証ネクスト']
2026-05-25 11:14:39,079 [SKIP] len error : ['名Ｅ', '名証ETF']
2026-05-25 11:14:39,079 [SKIP] len error : ['札Ａ', '札証アンビシャス']
2026-05-25 11:14:39,079 [SKIP] len error : ['福Ｑ', '福証Q-Board']
2026-05-25 11:14:39,079 [SKIP] len error : ['①', '高い', '1,000回以上', '13.9%']
2026-05-25 11:14:39,079 [SKIP] len error : ['②', 'やや高い', '400回〜1,000回', '18.5%']
2026-05-25 11:14:39,079 [SKIP] len error : ['③', '中位', '50回〜400回', '39.0%']
2026-05-25 11:14:39,079 [SKIP] len error : ['④', 'やや低い', '10回〜50回', '17.6%']
2026-05-25 11:14:39,079 [SKIP] len error : ['⑤', '低い', '10回未満', '11.0%']
2026-05-25 11:14:39,079 100件 / ?件中 20:14
2026-05-25 11:14:39,127 [TOTAL] None
2026-05-25 11:14:39,128 [COUNT] 100
2026-05-25 11:14:40,396 [PAGE] 6
2026-05-25 11:14:40,676 [SKIP] len error : ['東P', '東証プライム']
2026-05-25 11:14:40,676 [SKIP] len error : ['東S', '東証スタンダード']
2026-05-25 11:14:40,676 [SKIP] len error : ['東G', '東証グロース']
2026-05-25 11:14:40,676 [SKIP] len error : ['東Ｅ', '東証ETF']
2026-05-25 11:14:40,676 [SKIP] len error : ['東EN', '東証ETN']
2026-05-25 11:14:40,676 [SKIP] len error : ['東Ｒ', '東証REIT']
2026-05-25 11:14:40,676 [SKIP] len error : ['東IF', '東証インフラファンド']
2026-05-25 11:14:40,676 [SKIP] len error : ['名Ｐ', '名証プレミア']
2026-05-25 11:14:40,676 [SKIP] len error : ['名M', '名証メイン']
2026-05-25 11:14:40,677 [SKIP] len error : ['名N', '名証ネクスト']
2026-05-25 11:14:40,677 [SKIP] len error : ['名Ｅ', '名証ETF']
2026-05-25 11:14:40,677 [SKIP] len error : ['札Ａ', '札証アンビシャス']
2026-05-25 11:14:40,677 [SKIP] len error : ['福Ｑ', '福証Q-Board']
2026-05-25 11:14:40,677 [SKIP] len error : ['①', '高い', '1,000回以上', '13.9%']
2026-05-25 11:14:40,677 [SKIP] len error : ['②', 'やや高い', '400回〜1,000回', '18.5%']
2026-05-25 11:14:40,677 [SKIP] len error : ['③', '中位', '50回〜400回', '39.0%']
2026-05-25 11:14:40,677 [SKIP] len error : ['④', 'やや低い', '10回〜50回', '17.6%']
2026-05-25 11:14:40,677 [SKIP] len error : ['⑤', '低い', '10回未満', '11.0%']
2026-05-25 11:14:40,677 120件 / ?件中 20:14
2026-05-25 11:14:40,725 [TOTAL] None
2026-05-25 11:14:40,725 [COUNT] 120
2026-05-25 11:14:42,048 [PAGE] 7
2026-05-25 11:14:42,324 [SKIP] len error : ['東P', '東証プライム']
2026-05-25 11:14:42,325 [SKIP] len error : ['東S', '東証スタンダード']
2026-05-25 11:14:42,325 [SKIP] len error : ['東G', '東証グロース']
2026-05-25 11:14:42,325 [SKIP] len error : ['東Ｅ', '東証ETF']
2026-05-25 11:14:42,325 [SKIP] len error : ['東EN', '東証ETN']
2026-05-25 11:14:42,325 [SKIP] len error : ['東Ｒ', '東証REIT']
2026-05-25 11:14:42,325 [SKIP] len error : ['東IF', '東証インフラファンド']
2026-05-25 11:14:42,325 [SKIP] len error : ['名Ｐ', '名証プレミア']
2026-05-25 11:14:42,325 [SKIP] len error : ['名M', '名証メイン']
2026-05-25 11:14:42,325 [SKIP] len error : ['名N', '名証ネクスト']
2026-05-25 11:14:42,325 [SKIP] len error : ['名Ｅ', '名証ETF']
2026-05-25 11:14:42,325 [SKIP] len error : ['札Ａ', '札証アンビシャス']
2026-05-25 11:14:42,325 [SKIP] len error : ['福Ｑ', '福証Q-Board']
2026-05-25 11:14:42,325 [SKIP] len error : ['①', '高い', '1,000回以上', '13.9%']
2026-05-25 11:14:42,325 [SKIP] len error : ['②', 'やや高い', '400回〜1,000回', '18.5%']
2026-05-25 11:14:42,325 [SKIP] len error : ['③', '中位', '50回〜400回', '39.0%']
2026-05-25 11:14:42,325 [SKIP] len error : ['④', 'やや低い', '10回〜50回', '17.6%']
2026-05-25 11:14:42,325 [SKIP] len error : ['⑤', '低い', '10回未満', '11.0%']
2026-05-25 11:14:42,325 140件 / ?件中 20:14
2026-05-25 11:14:42,372 [TOTAL] None
2026-05-25 11:14:42,372 [COUNT] 140
2026-05-25 11:14:42,892 [PAGE] 8
2026-05-25 11:14:43,130 [SKIP] len error : ['東P', '東証プライム']
2026-05-25 11:14:43,130 [SKIP] len error : ['東S', '東証スタンダード']
2026-05-25 11:14:43,130 [SKIP] len error : ['東G', '東証グロース']
2026-05-25 11:14:43,130 [SKIP] len error : ['東Ｅ', '東証ETF']
2026-05-25 11:14:43,130 [SKIP] len error : ['東EN', '東証ETN']
2026-05-25 11:14:43,130 [SKIP] len error : ['東Ｒ', '東証REIT']
2026-05-25 11:14:43,130 [SKIP] len error : ['東IF', '東証インフラファンド']
2026-05-25 11:14:43,130 [SKIP] len error : ['名Ｐ', '名証プレミア']
2026-05-25 11:14:43,131 [SKIP] len error : ['名M', '名証メイン']
2026-05-25 11:14:43,131 [SKIP] len error : ['名N', '名証ネクスト']
2026-05-25 11:14:43,131 [SKIP] len error : ['名Ｅ', '名証ETF']
2026-05-25 11:14:43,131 [SKIP] len error : ['札Ａ', '札証アンビシャス']
2026-05-25 11:14:43,131 [SKIP] len error : ['福Ｑ', '福証Q-Board']
2026-05-25 11:14:43,131 [SKIP] len error : ['①', '高い', '1,000回以上', '13.9%']
2026-05-25 11:14:43,131 [SKIP] len error : ['②', 'やや高い', '400回〜1,000回', '18.5%']
2026-05-25 11:14:43,131 [SKIP] len error : ['③', '中位', '50回〜400回', '39.0%']
2026-05-25 11:14:43,131 [SKIP] len error : ['④', 'やや低い', '10回〜50回', '17.6%']
2026-05-25 11:14:43,131 [SKIP] len error : ['⑤', '低い', '10回未満', '11.0%']
2026-05-25 11:14:43,131 160件 / ?件中 20:14
2026-05-25 11:14:43,178 [TOTAL] None
2026-05-25 11:14:43,178 [COUNT] 160
2026-05-25 11:14:44,303 [PAGE] 9
2026-05-25 11:14:44,562 [SKIP] len error : ['東P', '東証プライム']
2026-05-25 11:14:44,562 [SKIP] len error : ['東S', '東証スタンダード']
2026-05-25 11:14:44,562 [SKIP] len error : ['東G', '東証グロース']
2026-05-25 11:14:44,562 [SKIP] len error : ['東Ｅ', '東証ETF']
2026-05-25 11:14:44,562 [SKIP] len error : ['東EN', '東証ETN']
2026-05-25 11:14:44,562 [SKIP] len error : ['東Ｒ', '東証REIT']
2026-05-25 11:14:44,562 [SKIP] len error : ['東IF', '東証インフラファンド']
2026-05-25 11:14:44,562 [SKIP] len error : ['名Ｐ', '名証プレミア']
2026-05-25 11:14:44,562 [SKIP] len error : ['名M', '名証メイン']
2026-05-25 11:14:44,562 [SKIP] len error : ['名N', '名証ネクスト']
2026-05-25 11:14:44,562 [SKIP] len error : ['名Ｅ', '名証ETF']
2026-05-25 11:14:44,562 [SKIP] len error : ['札Ａ', '札証アンビシャス']
2026-05-25 11:14:44,562 [SKIP] len error : ['福Ｑ', '福証Q-Board']
2026-05-25 11:14:44,562 [SKIP] len error : ['①', '高い', '1,000回以上', '13.9%']
2026-05-25 11:14:44,562 [SKIP] len error : ['②', 'やや高い', '400回〜1,000回', '18.5%']
2026-05-25 11:14:44,562 [SKIP] len error : ['③', '中位', '50回〜400回', '39.0%']
2026-05-25 11:14:44,563 [SKIP] len error : ['④', 'やや低い', '10回〜50回', '17.6%']
2026-05-25 11:14:44,563 [SKIP] len error : ['⑤', '低い', '10回未満', '11.0%']
2026-05-25 11:14:44,563 180件 / ?件中 20:14
2026-05-25 11:14:44,609 [TOTAL] None
2026-05-25 11:14:44,609 [COUNT] 180
2026-05-25 11:14:45,155 [PAGE] 10
2026-05-25 11:14:45,412 [SKIP] len error : ['東P', '東証プライム']
2026-05-25 11:14:45,412 [SKIP] len error : ['東S', '東証スタンダード']
2026-05-25 11:14:45,412 [SKIP] len error : ['東G', '東証グロース']
2026-05-25 11:14:45,412 [SKIP] len error : ['東Ｅ', '東証ETF']
2026-05-25 11:14:45,412 [SKIP] len error : ['東EN', '東証ETN']
2026-05-25 11:14:45,412 [SKIP] len error : ['東Ｒ', '東証REIT']
2026-05-25 11:14:45,412 [SKIP] len error : ['東IF', '東証インフラファンド']
2026-05-25 11:14:45,412 [SKIP] len error : ['名Ｐ', '名証プレミア']
2026-05-25 11:14:45,412 [SKIP] len error : ['名M', '名証メイン']
2026-05-25 11:14:45,412 [SKIP] len error : ['名N', '名証ネクスト']
2026-05-25 11:14:45,412 [SKIP] len error : ['名Ｅ', '名証ETF']
2026-05-25 11:14:45,412 [SKIP] len error : ['札Ａ', '札証アンビシャス']
2026-05-25 11:14:45,412 [SKIP] len error : ['福Ｑ', '福証Q-Board']
2026-05-25 11:14:45,412 [SKIP] len error : ['①', '高い', '1,000回以上', '13.9%']
2026-05-25 11:14:45,412 [SKIP] len error : ['②', 'やや高い', '400回〜1,000回', '18.5%']
2026-05-25 11:14:45,412 [SKIP] len error : ['③', '中位', '50回〜400回', '39.0%']
2026-05-25 11:14:45,412 [SKIP] len error : ['④', 'やや低い', '10回〜50回', '17.6%']
2026-05-25 11:14:45,412 [SKIP] len error : ['⑤', '低い', '10回未満', '11.0%']
2026-05-25 11:14:45,412 200件 / ?件中 20:14
2026-05-25 11:14:45,458 [TOTAL] None
2026-05-25 11:14:45,459 [COUNT] 200
2026-05-25 11:14:46,585 [PAGE] 11
2026-05-25 11:14:46,861 [SKIP] len error : ['東P', '東証プライム']
2026-05-25 11:14:46,862 [SKIP] len error : ['東S', '東証スタンダード']
2026-05-25 11:14:46,862 [SKIP] len error : ['東G', '東証グロース']
2026-05-25 11:14:46,862 [SKIP] len error : ['東Ｅ', '東証ETF']
2026-05-25 11:14:46,862 [SKIP] len error : ['東EN', '東証ETN']
2026-05-25 11:14:46,862 [SKIP] len error : ['東Ｒ', '東証REIT']
2026-05-25 11:14:46,862 [SKIP] len error : ['東IF', '東証インフラファンド']
2026-05-25 11:14:46,862 [SKIP] len error : ['名Ｐ', '名証プレミア']
2026-05-25 11:14:46,862 [SKIP] len error : ['名M', '名証メイン']
2026-05-25 11:14:46,862 [SKIP] len error : ['名N', '名証ネクスト']
2026-05-25 11:14:46,862 [SKIP] len error : ['名Ｅ', '名証ETF']
2026-05-25 11:14:46,862 [SKIP] len error : ['札Ａ', '札証アンビシャス']
2026-05-25 11:14:46,862 [SKIP] len error : ['福Ｑ', '福証Q-Board']
2026-05-25 11:14:46,862 [SKIP] len error : ['①', '高い', '1,000回以上', '13.9%']
2026-05-25 11:14:46,862 [SKIP] len error : ['②', 'やや高い', '400回〜1,000回', '18.5%']
2026-05-25 11:14:46,862 [SKIP] len error : ['③', '中位', '50回〜400回', '39.0%']
2026-05-25 11:14:46,862 [SKIP] len error : ['④', 'やや低い', '10回〜50回', '17.6%']
2026-05-25 11:14:46,862 [SKIP] len error : ['⑤', '低い', '10回未満', '11.0%']
2026-05-25 11:14:46,863 220件 / ?件中 20:14
2026-05-25 11:14:46,939 [TOTAL] None
2026-05-25 11:14:46,939 [COUNT] 220
2026-05-25 11:14:47,652 [PAGE] 12
2026-05-25 11:14:47,918 [SKIP] len error : ['東P', '東証プライム']
2026-05-25 11:14:47,918 [SKIP] len error : ['東S', '東証スタンダード']
2026-05-25 11:14:47,918 [SKIP] len error : ['東G', '東証グロース']
2026-05-25 11:14:47,918 [SKIP] len error : ['東Ｅ', '東証ETF']
2026-05-25 11:14:47,918 [SKIP] len error : ['東EN', '東証ETN']
2026-05-25 11:14:47,918 [SKIP] len error : ['東Ｒ', '東証REIT']
2026-05-25 11:14:47,918 [SKIP] len error : ['東IF', '東証インフラファンド']
2026-05-25 11:14:47,918 [SKIP] len error : ['名Ｐ', '名証プレミア']
2026-05-25 11:14:47,918 [SKIP] len error : ['名M', '名証メイン']
2026-05-25 11:14:47,918 [SKIP] len error : ['名N', '名証ネクスト']
2026-05-25 11:14:47,918 [SKIP] len error : ['名Ｅ', '名証ETF']
2026-05-25 11:14:47,918 [SKIP] len error : ['札Ａ', '札証アンビシャス']
2026-05-25 11:14:47,918 [SKIP] len error : ['福Ｑ', '福証Q-Board']
2026-05-25 11:14:47,918 [SKIP] len error : ['①', '高い', '1,000回以上', '13.9%']
2026-05-25 11:14:47,918 [SKIP] len error : ['②', 'やや高い', '400回〜1,000回', '18.5%']
2026-05-25 11:14:47,918 [SKIP] len error : ['③', '中位', '50回〜400回', '39.0%']
2026-05-25 11:14:47,918 [SKIP] len error : ['④', 'やや低い', '10回〜50回', '17.6%']
2026-05-25 11:14:47,918 [SKIP] len error : ['⑤', '低い', '10回未満', '11.0%']
2026-05-25 11:14:47,919 240件 / ?件中 20:14
2026-05-25 11:14:47,964 [TOTAL] None
2026-05-25 11:14:47,964 [COUNT] 240
2026-05-25 11:14:48,934 [PAGE] 13
2026-05-25 11:14:49,193 [SKIP] len error : ['東P', '東証プライム']
2026-05-25 11:14:49,193 [SKIP] len error : ['東S', '東証スタンダード']
2026-05-25 11:14:49,193 [SKIP] len error : ['東G', '東証グロース']
2026-05-25 11:14:49,193 [SKIP] len error : ['東Ｅ', '東証ETF']
2026-05-25 11:14:49,193 [SKIP] len error : ['東EN', '東証ETN']
2026-05-25 11:14:49,193 [SKIP] len error : ['東Ｒ', '東証REIT']
2026-05-25 11:14:49,193 [SKIP] len error : ['東IF', '東証インフラファンド']
2026-05-25 11:14:49,193 [SKIP] len error : ['名Ｐ', '名証プレミア']
2026-05-25 11:14:49,193 [SKIP] len error : ['名M', '名証メイン']
2026-05-25 11:14:49,193 [SKIP] len error : ['名N', '名証ネクスト']
2026-05-25 11:14:49,193 [SKIP] len error : ['名Ｅ', '名証ETF']
2026-05-25 11:14:49,193 [SKIP] len error : ['札Ａ', '札証アンビシャス']
2026-05-25 11:14:49,193 [SKIP] len error : ['福Ｑ', '福証Q-Board']
2026-05-25 11:14:49,193 [SKIP] len error : ['①', '高い', '1,000回以上', '13.9%']
2026-05-25 11:14:49,193 [SKIP] len error : ['②', 'やや高い', '400回〜1,000回', '18.5%']
2026-05-25 11:14:49,193 [SKIP] len error : ['③', '中位', '50回〜400回', '39.0%']
2026-05-25 11:14:49,193 [SKIP] len error : ['④', 'やや低い', '10回〜50回', '17.6%']
2026-05-25 11:14:49,193 [SKIP] len error : ['⑤', '低い', '10回未満', '11.0%']
2026-05-25 11:14:49,194 260件 / ?件中 20:14
2026-05-25 11:14:49,240 [TOTAL] None
2026-05-25 11:14:49,240 [COUNT] 260
2026-05-25 11:14:49,996 [PAGE] 14
2026-05-25 11:14:50,268 [SKIP] len error : ['東P', '東証プライム']
2026-05-25 11:14:50,269 [SKIP] len error : ['東S', '東証スタンダード']
2026-05-25 11:14:50,269 [SKIP] len error : ['東G', '東証グロース']
2026-05-25 11:14:50,269 [SKIP] len error : ['東Ｅ', '東証ETF']
2026-05-25 11:14:50,269 [SKIP] len error : ['東EN', '東証ETN']
2026-05-25 11:14:50,269 [SKIP] len error : ['東Ｒ', '東証REIT']
2026-05-25 11:14:50,269 [SKIP] len error : ['東IF', '東証インフラファンド']
2026-05-25 11:14:50,269 [SKIP] len error : ['名Ｐ', '名証プレミア']
2026-05-25 11:14:50,269 [SKIP] len error : ['名M', '名証メイン']
2026-05-25 11:14:50,269 [SKIP] len error : ['名N', '名証ネクスト']
2026-05-25 11:14:50,269 [SKIP] len error : ['名Ｅ', '名証ETF']
2026-05-25 11:14:50,269 [SKIP] len error : ['札Ａ', '札証アンビシャス']
2026-05-25 11:14:50,269 [SKIP] len error : ['福Ｑ', '福証Q-Board']
2026-05-25 11:14:50,269 [SKIP] len error : ['①', '高い', '1,000回以上', '13.9%']
2026-05-25 11:14:50,269 [SKIP] len error : ['②', 'やや高い', '400回〜1,000回', '18.5%']
2026-05-25 11:14:50,269 [SKIP] len error : ['③', '中位', '50回〜400回', '39.0%']
2026-05-25 11:14:50,269 [SKIP] len error : ['④', 'やや低い', '10回〜50回', '17.6%']
2026-05-25 11:14:50,269 [SKIP] len error : ['⑤', '低い', '10回未満', '11.0%']
2026-05-25 11:14:50,269 280件 / ?件中 20:14
2026-05-25 11:14:50,316 [TOTAL] None
2026-05-25 11:14:50,316 [COUNT] 280
2026-05-25 11:14:50,902 [PAGE] 15
2026-05-25 11:14:51,150 [SKIP] len error : ['東P', '東証プライム']
2026-05-25 11:14:51,150 [SKIP] len error : ['東S', '東証スタンダード']
2026-05-25 11:14:51,150 [SKIP] len error : ['東G', '東証グロース']
2026-05-25 11:14:51,150 [SKIP] len error : ['東Ｅ', '東証ETF']
2026-05-25 11:14:51,150 [SKIP] len error : ['東EN', '東証ETN']
2026-05-25 11:14:51,150 [SKIP] len error : ['東Ｒ', '東証REIT']
2026-05-25 11:14:51,150 [SKIP] len error : ['東IF', '東証インフラファンド']
2026-05-25 11:14:51,150 [SKIP] len error : ['名Ｐ', '名証プレミア']
2026-05-25 11:14:51,150 [SKIP] len error : ['名M', '名証メイン']
2026-05-25 11:14:51,150 [SKIP] len error : ['名N', '名証ネクスト']
2026-05-25 11:14:51,150 [SKIP] len error : ['名Ｅ', '名証ETF']
2026-05-25 11:14:51,150 [SKIP] len error : ['札Ａ', '札証アンビシャス']
2026-05-25 11:14:51,150 [SKIP] len error : ['福Ｑ', '福証Q-Board']
2026-05-25 11:14:51,150 [SKIP] len error : ['①', '高い', '1,000回以上', '13.9%']
2026-05-25 11:14:51,150 [SKIP] len error : ['②', 'やや高い', '400回〜1,000回', '18.5%']
2026-05-25 11:14:51,150 [SKIP] len error : ['③', '中位', '50回〜400回', '39.0%']
2026-05-25 11:14:51,150 [SKIP] len error : ['④', 'やや低い', '10回〜50回', '17.6%']
2026-05-25 11:14:51,150 [SKIP] len error : ['⑤', '低い', '10回未満', '11.0%']
2026-05-25 11:14:51,151 300件 / ?件中 20:14
2026-05-25 11:14:51,197 [TOTAL] None
2026-05-25 11:14:51,197 [COUNT] 300
2026-05-25 11:14:52,370 [PAGE] 16
2026-05-25 11:14:52,647 [SKIP] len error : ['東P', '東証プライム']
2026-05-25 11:14:52,647 [SKIP] len error : ['東S', '東証スタンダード']
2026-05-25 11:14:52,647 [SKIP] len error : ['東G', '東証グロース']
2026-05-25 11:14:52,647 [SKIP] len error : ['東Ｅ', '東証ETF']
2026-05-25 11:14:52,647 [SKIP] len error : ['東EN', '東証ETN']
2026-05-25 11:14:52,647 [SKIP] len error : ['東Ｒ', '東証REIT']
2026-05-25 11:14:52,647 [SKIP] len error : ['東IF', '東証インフラファンド']
2026-05-25 11:14:52,647 [SKIP] len error : ['名Ｐ', '名証プレミア']
2026-05-25 11:14:52,648 [SKIP] len error : ['名M', '名証メイン']
2026-05-25 11:14:52,648 [SKIP] len error : ['名N', '名証ネクスト']
2026-05-25 11:14:52,648 [SKIP] len error : ['名Ｅ', '名証ETF']
2026-05-25 11:14:52,648 [SKIP] len error : ['札Ａ', '札証アンビシャス']
2026-05-25 11:14:52,648 [SKIP] len error : ['福Ｑ', '福証Q-Board']
2026-05-25 11:14:52,648 [SKIP] len error : ['①', '高い', '1,000回以上', '13.9%']
2026-05-25 11:14:52,648 [SKIP] len error : ['②', 'やや高い', '400回〜1,000回', '18.5%']
2026-05-25 11:14:52,648 [SKIP] len error : ['③', '中位', '50回〜400回', '39.0%']
2026-05-25 11:14:52,648 [SKIP] len error : ['④', 'やや低い', '10回〜50回', '17.6%']
2026-05-25 11:14:52,648 [SKIP] len error : ['⑤', '低い', '10回未満', '11.0%']
2026-05-25 11:14:52,648 320件 / ?件中 20:14
2026-05-25 11:14:52,733 [TOTAL] None
2026-05-25 11:14:52,733 [COUNT] 320
2026-05-25 11:14:53,311 [PAGE] 17
2026-05-25 11:14:53,559 [SKIP] len error : ['東P', '東証プライム']
2026-05-25 11:14:53,559 [SKIP] len error : ['東S', '東証スタンダード']
2026-05-25 11:14:53,559 [SKIP] len error : ['東G', '東証グロース']
2026-05-25 11:14:53,559 [SKIP] len error : ['東Ｅ', '東証ETF']
2026-05-25 11:14:53,559 [SKIP] len error : ['東EN', '東証ETN']
2026-05-25 11:14:53,559 [SKIP] len error : ['東Ｒ', '東証REIT']
2026-05-25 11:14:53,559 [SKIP] len error : ['東IF', '東証インフラファンド']
2026-05-25 11:14:53,559 [SKIP] len error : ['名Ｐ', '名証プレミア']
2026-05-25 11:14:53,559 [SKIP] len error : ['名M', '名証メイン']
2026-05-25 11:14:53,559 [SKIP] len error : ['名N', '名証ネクスト']
2026-05-25 11:14:53,559 [SKIP] len error : ['名Ｅ', '名証ETF']
2026-05-25 11:14:53,559 [SKIP] len error : ['札Ａ', '札証アンビシャス']
2026-05-25 11:14:53,559 [SKIP] len error : ['福Ｑ', '福証Q-Board']
2026-05-25 11:14:53,559 [SKIP] len error : ['①', '高い', '1,000回以上', '13.9%']
2026-05-25 11:14:53,559 [SKIP] len error : ['②', 'やや高い', '400回〜1,000回', '18.5%']
2026-05-25 11:14:53,559 [SKIP] len error : ['③', '中位', '50回〜400回', '39.0%']
2026-05-25 11:14:53,559 [SKIP] len error : ['④', 'やや低い', '10回〜50回', '17.6%']
2026-05-25 11:14:53,559 [SKIP] len error : ['⑤', '低い', '10回未満', '11.0%']
2026-05-25 11:14:53,560 340件 / ?件中 20:14
2026-05-25 11:14:53,606 [TOTAL] None
2026-05-25 11:14:53,606 [COUNT] 340
2026-05-25 11:14:54,588 [PAGE] 18
2026-05-25 11:14:54,847 [SKIP] len error : ['東P', '東証プライム']
2026-05-25 11:14:54,847 [SKIP] len error : ['東S', '東証スタンダード']
2026-05-25 11:14:54,848 [SKIP] len error : ['東G', '東証グロース']
2026-05-25 11:14:54,848 [SKIP] len error : ['東Ｅ', '東証ETF']
2026-05-25 11:14:54,848 [SKIP] len error : ['東EN', '東証ETN']
2026-05-25 11:14:54,848 [SKIP] len error : ['東Ｒ', '東証REIT']
2026-05-25 11:14:54,848 [SKIP] len error : ['東IF', '東証インフラファンド']
2026-05-25 11:14:54,848 [SKIP] len error : ['名Ｐ', '名証プレミア']
2026-05-25 11:14:54,848 [SKIP] len error : ['名M', '名証メイン']
2026-05-25 11:14:54,848 [SKIP] len error : ['名N', '名証ネクスト']
2026-05-25 11:14:54,848 [SKIP] len error : ['名Ｅ', '名証ETF']
2026-05-25 11:14:54,848 [SKIP] len error : ['札Ａ', '札証アンビシャス']
2026-05-25 11:14:54,848 [SKIP] len error : ['福Ｑ', '福証Q-Board']
2026-05-25 11:14:54,848 [SKIP] len error : ['①', '高い', '1,000回以上', '13.9%']
2026-05-25 11:14:54,848 [SKIP] len error : ['②', 'やや高い', '400回〜1,000回', '18.5%']
2026-05-25 11:14:54,848 [SKIP] len error : ['③', '中位', '50回〜400回', '39.0%']
2026-05-25 11:14:54,848 [SKIP] len error : ['④', 'やや低い', '10回〜50回', '17.6%']
2026-05-25 11:14:54,848 [SKIP] len error : ['⑤', '低い', '10回未満', '11.0%']
2026-05-25 11:14:54,848 360件 / ?件中 20:14
2026-05-25 11:14:54,895 [TOTAL] None
2026-05-25 11:14:54,895 [COUNT] 360
2026-05-25 11:14:55,777 [PAGE] 19
2026-05-25 11:14:56,045 [SKIP] len error : ['東P', '東証プライム']
2026-05-25 11:14:56,045 [SKIP] len error : ['東S', '東証スタンダード']
2026-05-25 11:14:56,045 [SKIP] len error : ['東G', '東証グロース']
2026-05-25 11:14:56,045 [SKIP] len error : ['東Ｅ', '東証ETF']
2026-05-25 11:14:56,045 [SKIP] len error : ['東EN', '東証ETN']
2026-05-25 11:14:56,045 [SKIP] len error : ['東Ｒ', '東証REIT']
2026-05-25 11:14:56,045 [SKIP] len error : ['東IF', '東証インフラファンド']
2026-05-25 11:14:56,045 [SKIP] len error : ['名Ｐ', '名証プレミア']
2026-05-25 11:14:56,045 [SKIP] len error : ['名M', '名証メイン']
2026-05-25 11:14:56,045 [SKIP] len error : ['名N', '名証ネクスト']
2026-05-25 11:14:56,045 [SKIP] len error : ['名Ｅ', '名証ETF']
2026-05-25 11:14:56,045 [SKIP] len error : ['札Ａ', '札証アンビシャス']
2026-05-25 11:14:56,045 [SKIP] len error : ['福Ｑ', '福証Q-Board']
2026-05-25 11:14:56,045 [SKIP] len error : ['①', '高い', '1,000回以上', '13.9%']
2026-05-25 11:14:56,046 [SKIP] len error : ['②', 'やや高い', '400回〜1,000回', '18.5%']
2026-05-25 11:14:56,046 [SKIP] len error : ['③', '中位', '50回〜400回', '39.0%']
2026-05-25 11:14:56,046 [SKIP] len error : ['④', 'やや低い', '10回〜50回', '17.6%']
2026-05-25 11:14:56,046 [SKIP] len error : ['⑤', '低い', '10回未満', '11.0%']
2026-05-25 11:14:56,046 380件 / ?件中 20:14
2026-05-25 11:14:56,092 [TOTAL] None
2026-05-25 11:14:56,092 [COUNT] 380
2026-05-25 11:14:57,072 [PAGE] 20
2026-05-25 11:14:57,332 [SKIP] len error : ['東P', '東証プライム']
2026-05-25 11:14:57,332 [SKIP] len error : ['東S', '東証スタンダード']
2026-05-25 11:14:57,332 [SKIP] len error : ['東G', '東証グロース']
2026-05-25 11:14:57,332 [SKIP] len error : ['東Ｅ', '東証ETF']
2026-05-25 11:14:57,332 [SKIP] len error : ['東EN', '東証ETN']
2026-05-25 11:14:57,332 [SKIP] len error : ['東Ｒ', '東証REIT']
2026-05-25 11:14:57,332 [SKIP] len error : ['東IF', '東証インフラファンド']
2026-05-25 11:14:57,332 [SKIP] len error : ['名Ｐ', '名証プレミア']
2026-05-25 11:14:57,332 [SKIP] len error : ['名M', '名証メイン']
2026-05-25 11:14:57,332 [SKIP] len error : ['名N', '名証ネクスト']
2026-05-25 11:14:57,332 [SKIP] len error : ['名Ｅ', '名証ETF']
2026-05-25 11:14:57,332 [SKIP] len error : ['札Ａ', '札証アンビシャス']
2026-05-25 11:14:57,332 [SKIP] len error : ['福Ｑ', '福証Q-Board']
2026-05-25 11:14:57,332 [SKIP] len error : ['①', '高い', '1,000回以上', '13.9%']
2026-05-25 11:14:57,332 [SKIP] len error : ['②', 'やや高い', '400回〜1,000回', '18.5%']
2026-05-25 11:14:57,332 [SKIP] len error : ['③', '中位', '50回〜400回', '39.0%']
2026-05-25 11:14:57,332 [SKIP] len error : ['④', 'やや低い', '10回〜50回', '17.6%']
2026-05-25 11:14:57,332 [SKIP] len error : ['⑤', '低い', '10回未満', '11.0%']
2026-05-25 11:14:57,333 400件 / ?件中 20:14
2026-05-25 11:14:57,379 [TOTAL] None
2026-05-25 11:14:57,379 [COUNT] 400
2026-05-25 11:14:58,273 [PAGE] 21
2026-05-25 11:14:58,566 [SKIP] len error : ['東P', '東証プライム']
2026-05-25 11:14:58,566 [SKIP] len error : ['東S', '東証スタンダード']
2026-05-25 11:14:58,566 [SKIP] len error : ['東G', '東証グロース']
2026-05-25 11:14:58,566 [SKIP] len error : ['東Ｅ', '東証ETF']
2026-05-25 11:14:58,566 [SKIP] len error : ['東EN', '東証ETN']
2026-05-25 11:14:58,566 [SKIP] len error : ['東Ｒ', '東証REIT']
2026-05-25 11:14:58,567 [SKIP] len error : ['東IF', '東証インフラファンド']
2026-05-25 11:14:58,567 [SKIP] len error : ['名Ｐ', '名証プレミア']
2026-05-25 11:14:58,567 [SKIP] len error : ['名M', '名証メイン']
2026-05-25 11:14:58,567 [SKIP] len error : ['名N', '名証ネクスト']
2026-05-25 11:14:58,567 [SKIP] len error : ['名Ｅ', '名証ETF']
2026-05-25 11:14:58,567 [SKIP] len error : ['札Ａ', '札証アンビシャス']
2026-05-25 11:14:58,567 [SKIP] len error : ['福Ｑ', '福証Q-Board']
2026-05-25 11:14:58,567 [SKIP] len error : ['①', '高い', '1,000回以上', '13.9%']
2026-05-25 11:14:58,567 [SKIP] len error : ['②', 'やや高い', '400回〜1,000回', '18.5%']
2026-05-25 11:14:58,567 [SKIP] len error : ['③', '中位', '50回〜400回', '39.0%']
2026-05-25 11:14:58,567 [SKIP] len error : ['④', 'やや低い', '10回〜50回', '17.6%']
2026-05-25 11:14:58,567 [SKIP] len error : ['⑤', '低い', '10回未満', '11.0%']
2026-05-25 11:14:58,567 420件 / ?件中 20:14
2026-05-25 11:14:58,613 [TOTAL] None
2026-05-25 11:14:58,613 [COUNT] 420
2026-05-25 11:14:59,391 [PAGE] 22
2026-05-25 11:14:59,646 [SKIP] len error : ['東P', '東証プライム']
2026-05-25 11:14:59,646 [SKIP] len error : ['東S', '東証スタンダード']
2026-05-25 11:14:59,646 [SKIP] len error : ['東G', '東証グロース']
2026-05-25 11:14:59,646 [SKIP] len error : ['東Ｅ', '東証ETF']
2026-05-25 11:14:59,646 [SKIP] len error : ['東EN', '東証ETN']
2026-05-25 11:14:59,646 [SKIP] len error : ['東Ｒ', '東証REIT']
2026-05-25 11:14:59,646 [SKIP] len error : ['東IF', '東証インフラファンド']
2026-05-25 11:14:59,646 [SKIP] len error : ['名Ｐ', '名証プレミア']
2026-05-25 11:14:59,647 [SKIP] len error : ['名M', '名証メイン']
2026-05-25 11:14:59,647 [SKIP] len error : ['名N', '名証ネクスト']
2026-05-25 11:14:59,647 [SKIP] len error : ['名Ｅ', '名証ETF']
2026-05-25 11:14:59,647 [SKIP] len error : ['札Ａ', '札証アンビシャス']
2026-05-25 11:14:59,647 [SKIP] len error : ['福Ｑ', '福証Q-Board']
2026-05-25 11:14:59,647 [SKIP] len error : ['①', '高い', '1,000回以上', '13.9%']
2026-05-25 11:14:59,647 [SKIP] len error : ['②', 'やや高い', '400回〜1,000回', '18.5%']
2026-05-25 11:14:59,647 [SKIP] len error : ['③', '中位', '50回〜400回', '39.0%']
2026-05-25 11:14:59,647 [SKIP] len error : ['④', 'やや低い', '10回〜50回', '17.6%']
2026-05-25 11:14:59,647 [SKIP] len error : ['⑤', '低い', '10回未満', '11.0%']
2026-05-25 11:14:59,647 440件 / ?件中 20:14
2026-05-25 11:14:59,692 [TOTAL] None
2026-05-25 11:14:59,692 [COUNT] 440
2026-05-25 11:15:00,319 [PAGE] 23
2026-05-25 11:15:00,582 [SKIP] len error : ['東P', '東証プライム']
2026-05-25 11:15:00,582 [SKIP] len error : ['東S', '東証スタンダード']
2026-05-25 11:15:00,582 [SKIP] len error : ['東G', '東証グロース']
2026-05-25 11:15:00,582 [SKIP] len error : ['東Ｅ', '東証ETF']
2026-05-25 11:15:00,582 [SKIP] len error : ['東EN', '東証ETN']
2026-05-25 11:15:00,582 [SKIP] len error : ['東Ｒ', '東証REIT']
2026-05-25 11:15:00,582 [SKIP] len error : ['東IF', '東証インフラファンド']
2026-05-25 11:15:00,582 [SKIP] len error : ['名Ｐ', '名証プレミア']
2026-05-25 11:15:00,582 [SKIP] len error : ['名M', '名証メイン']
2026-05-25 11:15:00,582 [SKIP] len error : ['名N', '名証ネクスト']
2026-05-25 11:15:00,582 [SKIP] len error : ['名Ｅ', '名証ETF']
2026-05-25 11:15:00,582 [SKIP] len error : ['札Ａ', '札証アンビシャス']
2026-05-25 11:15:00,582 [SKIP] len error : ['福Ｑ', '福証Q-Board']
2026-05-25 11:15:00,582 [SKIP] len error : ['①', '高い', '1,000回以上', '13.9%']
2026-05-25 11:15:00,582 [SKIP] len error : ['②', 'やや高い', '400回〜1,000回', '18.5%']
2026-05-25 11:15:00,582 [SKIP] len error : ['③', '中位', '50回〜400回', '39.0%']
2026-05-25 11:15:00,582 [SKIP] len error : ['④', 'やや低い', '10回〜50回', '17.6%']
2026-05-25 11:15:00,582 [SKIP] len error : ['⑤', '低い', '10回未満', '11.0%']
2026-05-25 11:15:00,583 460件 / ?件中 20:15
2026-05-25 11:15:00,628 [TOTAL] None
2026-05-25 11:15:00,628 [COUNT] 460
2026-05-25 11:15:01,504 [PAGE] 24
2026-05-25 11:15:01,771 [SKIP] len error : ['東P', '東証プライム']
2026-05-25 11:15:01,771 [SKIP] len error : ['東S', '東証スタンダード']
2026-05-25 11:15:01,771 [SKIP] len error : ['東G', '東証グロース']
2026-05-25 11:15:01,771 [SKIP] len error : ['東Ｅ', '東証ETF']
2026-05-25 11:15:01,771 [SKIP] len error : ['東EN', '東証ETN']
2026-05-25 11:15:01,771 [SKIP] len error : ['東Ｒ', '東証REIT']
2026-05-25 11:15:01,771 [SKIP] len error : ['東IF', '東証インフラファンド']
2026-05-25 11:15:01,771 [SKIP] len error : ['名Ｐ', '名証プレミア']
2026-05-25 11:15:01,771 [SKIP] len error : ['名M', '名証メイン']
2026-05-25 11:15:01,771 [SKIP] len error : ['名N', '名証ネクスト']
2026-05-25 11:15:01,771 [SKIP] len error : ['名Ｅ', '名証ETF']
2026-05-25 11:15:01,771 [SKIP] len error : ['札Ａ', '札証アンビシャス']
2026-05-25 11:15:01,771 [SKIP] len error : ['福Ｑ', '福証Q-Board']
2026-05-25 11:15:01,771 [SKIP] len error : ['①', '高い', '1,000回以上', '13.9%']
2026-05-25 11:15:01,772 [SKIP] len error : ['②', 'やや高い', '400回〜1,000回', '18.5%']
2026-05-25 11:15:01,772 [SKIP] len error : ['③', '中位', '50回〜400回', '39.0%']
2026-05-25 11:15:01,772 [SKIP] len error : ['④', 'やや低い', '10回〜50回', '17.6%']
2026-05-25 11:15:01,772 [SKIP] len error : ['⑤', '低い', '10回未満', '11.0%']
2026-05-25 11:15:01,772 480件 / ?件中 20:15
2026-05-25 11:15:01,819 [TOTAL] None
2026-05-25 11:15:01,819 [COUNT] 480
2026-05-25 11:15:02,446 [PAGE] 25
2026-05-25 11:15:02,707 [SKIP] len error : ['東P', '東証プライム']
2026-05-25 11:15:02,707 [SKIP] len error : ['東S', '東証スタンダード']
2026-05-25 11:15:02,707 [SKIP] len error : ['東G', '東証グロース']
2026-05-25 11:15:02,707 [SKIP] len error : ['東Ｅ', '東証ETF']
2026-05-25 11:15:02,707 [SKIP] len error : ['東EN', '東証ETN']
2026-05-25 11:15:02,707 [SKIP] len error : ['東Ｒ', '東証REIT']
2026-05-25 11:15:02,707 [SKIP] len error : ['東IF', '東証インフラファンド']
2026-05-25 11:15:02,707 [SKIP] len error : ['名Ｐ', '名証プレミア']
2026-05-25 11:15:02,708 [SKIP] len error : ['名M', '名証メイン']
2026-05-25 11:15:02,708 [SKIP] len error : ['名N', '名証ネクスト']
2026-05-25 11:15:02,708 [SKIP] len error : ['名Ｅ', '名証ETF']
2026-05-25 11:15:02,708 [SKIP] len error : ['札Ａ', '札証アンビシャス']
2026-05-25 11:15:02,708 [SKIP] len error : ['福Ｑ', '福証Q-Board']
2026-05-25 11:15:02,708 [SKIP] len error : ['①', '高い', '1,000回以上', '13.9%']
2026-05-25 11:15:02,708 [SKIP] len error : ['②', 'やや高い', '400回〜1,000回', '18.5%']
2026-05-25 11:15:02,708 [SKIP] len error : ['③', '中位', '50回〜400回', '39.0%']
2026-05-25 11:15:02,708 [SKIP] len error : ['④', 'やや低い', '10回〜50回', '17.6%']
2026-05-25 11:15:02,708 [SKIP] len error : ['⑤', '低い', '10回未満', '11.0%']
2026-05-25 11:15:02,708 500件 / ?件中 20:15
2026-05-25 11:15:02,753 [TOTAL] None
2026-05-25 11:15:02,753 [COUNT] 500
2026-05-25 11:15:04,146 [PAGE] 26
2026-05-25 11:15:04,439 [SKIP] len error : ['東P', '東証プライム']
2026-05-25 11:15:04,439 [SKIP] len error : ['東S', '東証スタンダード']
2026-05-25 11:15:04,439 [SKIP] len error : ['東G', '東証グロース']
2026-05-25 11:15:04,439 [SKIP] len error : ['東Ｅ', '東証ETF']
2026-05-25 11:15:04,439 [SKIP] len error : ['東EN', '東証ETN']
2026-05-25 11:15:04,439 [SKIP] len error : ['東Ｒ', '東証REIT']
2026-05-25 11:15:04,439 [SKIP] len error : ['東IF', '東証インフラファンド']
2026-05-25 11:15:04,439 [SKIP] len error : ['名Ｐ', '名証プレミア']
2026-05-25 11:15:04,439 [SKIP] len error : ['名M', '名証メイン']
2026-05-25 11:15:04,439 [SKIP] len error : ['名N', '名証ネクスト']
2026-05-25 11:15:04,439 [SKIP] len error : ['名Ｅ', '名証ETF']
2026-05-25 11:15:04,439 [SKIP] len error : ['札Ａ', '札証アンビシャス']
2026-05-25 11:15:04,439 [SKIP] len error : ['福Ｑ', '福証Q-Board']
2026-05-25 11:15:04,439 [SKIP] len error : ['①', '高い', '1,000回以上', '13.9%']
2026-05-25 11:15:04,439 [SKIP] len error : ['②', 'やや高い', '400回〜1,000回', '18.5%']
2026-05-25 11:15:04,439 [SKIP] len error : ['③', '中位', '50回〜400回', '39.0%']
2026-05-25 11:15:04,439 [SKIP] len error : ['④', 'やや低い', '10回〜50回', '17.6%']
2026-05-25 11:15:04,439 [SKIP] len error : ['⑤', '低い', '10回未満', '11.0%']
2026-05-25 11:15:04,440 520件 / ?件中 20:15
2026-05-25 11:15:04,485 [TOTAL] None
2026-05-25 11:15:04,485 [COUNT] 520
2026-05-25 11:15:05,389 [PAGE] 27
2026-05-25 11:15:05,648 [SKIP] len error : ['東P', '東証プライム']
2026-05-25 11:15:05,648 [SKIP] len error : ['東S', '東証スタンダード']
2026-05-25 11:15:05,648 [SKIP] len error : ['東G', '東証グロース']
2026-05-25 11:15:05,648 [SKIP] len error : ['東Ｅ', '東証ETF']
2026-05-25 11:15:05,648 [SKIP] len error : ['東EN', '東証ETN']
2026-05-25 11:15:05,649 [SKIP] len error : ['東Ｒ', '東証REIT']
2026-05-25 11:15:05,649 [SKIP] len error : ['東IF', '東証インフラファンド']
2026-05-25 11:15:05,649 [SKIP] len error : ['名Ｐ', '名証プレミア']
2026-05-25 11:15:05,649 [SKIP] len error : ['名M', '名証メイン']
2026-05-25 11:15:05,649 [SKIP] len error : ['名N', '名証ネクスト']
2026-05-25 11:15:05,649 [SKIP] len error : ['名Ｅ', '名証ETF']
2026-05-25 11:15:05,649 [SKIP] len error : ['札Ａ', '札証アンビシャス']
2026-05-25 11:15:05,649 [SKIP] len error : ['福Ｑ', '福証Q-Board']
2026-05-25 11:15:05,649 [SKIP] len error : ['①', '高い', '1,000回以上', '13.9%']
2026-05-25 11:15:05,649 [SKIP] len error : ['②', 'やや高い', '400回〜1,000回', '18.5%']
2026-05-25 11:15:05,649 [SKIP] len error : ['③', '中位', '50回〜400回', '39.0%']
2026-05-25 11:15:05,649 [SKIP] len error : ['④', 'やや低い', '10回〜50回', '17.6%']
2026-05-25 11:15:05,649 [SKIP] len error : ['⑤', '低い', '10回未満', '11.0%']
2026-05-25 11:15:05,649 540件 / ?件中 20:15
2026-05-25 11:15:05,695 [TOTAL] None
2026-05-25 11:15:05,695 [COUNT] 540
2026-05-25 11:15:07,126 [PAGE] 28
2026-05-25 11:15:07,387 [SKIP] len error : ['東P', '東証プライム']
2026-05-25 11:15:07,387 [SKIP] len error : ['東S', '東証スタンダード']
2026-05-25 11:15:07,387 [SKIP] len error : ['東G', '東証グロース']
2026-05-25 11:15:07,387 [SKIP] len error : ['東Ｅ', '東証ETF']
2026-05-25 11:15:07,387 [SKIP] len error : ['東EN', '東証ETN']
2026-05-25 11:15:07,387 [SKIP] len error : ['東Ｒ', '東証REIT']
2026-05-25 11:15:07,387 [SKIP] len error : ['東IF', '東証インフラファンド']
2026-05-25 11:15:07,387 [SKIP] len error : ['名Ｐ', '名証プレミア']
2026-05-25 11:15:07,387 [SKIP] len error : ['名M', '名証メイン']
2026-05-25 11:15:07,387 [SKIP] len error : ['名N', '名証ネクスト']
2026-05-25 11:15:07,387 [SKIP] len error : ['名Ｅ', '名証ETF']
2026-05-25 11:15:07,387 [SKIP] len error : ['札Ａ', '札証アンビシャス']
2026-05-25 11:15:07,387 [SKIP] len error : ['福Ｑ', '福証Q-Board']
2026-05-25 11:15:07,387 [SKIP] len error : ['①', '高い', '1,000回以上', '13.9%']
2026-05-25 11:15:07,387 [SKIP] len error : ['②', 'やや高い', '400回〜1,000回', '18.5%']
2026-05-25 11:15:07,387 [SKIP] len error : ['③', '中位', '50回〜400回', '39.0%']
2026-05-25 11:15:07,387 [SKIP] len error : ['④', 'やや低い', '10回〜50回', '17.6%']
2026-05-25 11:15:07,387 [SKIP] len error : ['⑤', '低い', '10回未満', '11.0%']
2026-05-25 11:15:07,387 560件 / ?件中 20:15
2026-05-25 11:15:07,433 [TOTAL] None
2026-05-25 11:15:07,433 [COUNT] 560
2026-05-25 11:15:08,709 [PAGE] 29
2026-05-25 11:15:08,951 [SKIP] len error : ['東P', '東証プライム']
2026-05-25 11:15:08,951 [SKIP] len error : ['東S', '東証スタンダード']
2026-05-25 11:15:08,951 [SKIP] len error : ['東G', '東証グロース']
2026-05-25 11:15:08,951 [SKIP] len error : ['東Ｅ', '東証ETF']
2026-05-25 11:15:08,951 [SKIP] len error : ['東EN', '東証ETN']
2026-05-25 11:15:08,952 [SKIP] len error : ['東Ｒ', '東証REIT']
2026-05-25 11:15:08,952 [SKIP] len error : ['東IF', '東証インフラファンド']
2026-05-25 11:15:08,952 [SKIP] len error : ['名Ｐ', '名証プレミア']
2026-05-25 11:15:08,952 [SKIP] len error : ['名M', '名証メイン']
2026-05-25 11:15:08,952 [SKIP] len error : ['名N', '名証ネクスト']
2026-05-25 11:15:08,952 [SKIP] len error : ['名Ｅ', '名証ETF']
2026-05-25 11:15:08,952 [SKIP] len error : ['札Ａ', '札証アンビシャス']
2026-05-25 11:15:08,952 [SKIP] len error : ['福Ｑ', '福証Q-Board']
2026-05-25 11:15:08,952 [SKIP] len error : ['①', '高い', '1,000回以上', '13.9%']
2026-05-25 11:15:08,952 [SKIP] len error : ['②', 'やや高い', '400回〜1,000回', '18.5%']
2026-05-25 11:15:08,952 [SKIP] len error : ['③', '中位', '50回〜400回', '39.0%']
2026-05-25 11:15:08,952 [SKIP] len error : ['④', 'やや低い', '10回〜50回', '17.6%']
2026-05-25 11:15:08,952 [SKIP] len error : ['⑤', '低い', '10回未満', '11.0%']
2026-05-25 11:15:08,952 580件 / ?件中 20:15
2026-05-25 11:15:08,998 [TOTAL] None
2026-05-25 11:15:08,998 [COUNT] 580
2026-05-25 11:15:09,563 [PAGE] 30
2026-05-25 11:15:09,834 [SKIP] len error : ['東P', '東証プライム']
2026-05-25 11:15:09,834 [SKIP] len error : ['東S', '東証スタンダード']
2026-05-25 11:15:09,834 [SKIP] len error : ['東G', '東証グロース']
2026-05-25 11:15:09,834 [SKIP] len error : ['東Ｅ', '東証ETF']
2026-05-25 11:15:09,835 [SKIP] len error : ['東EN', '東証ETN']
2026-05-25 11:15:09,835 [SKIP] len error : ['東Ｒ', '東証REIT']
2026-05-25 11:15:09,835 [SKIP] len error : ['東IF', '東証インフラファンド']
2026-05-25 11:15:09,835 [SKIP] len error : ['名Ｐ', '名証プレミア']
2026-05-25 11:15:09,835 [SKIP] len error : ['名M', '名証メイン']
2026-05-25 11:15:09,835 [SKIP] len error : ['名N', '名証ネクスト']
2026-05-25 11:15:09,835 [SKIP] len error : ['名Ｅ', '名証ETF']
2026-05-25 11:15:09,835 [SKIP] len error : ['札Ａ', '札証アンビシャス']
2026-05-25 11:15:09,835 [SKIP] len error : ['福Ｑ', '福証Q-Board']
2026-05-25 11:15:09,835 [SKIP] len error : ['①', '高い', '1,000回以上', '13.9%']
2026-05-25 11:15:09,835 [SKIP] len error : ['②', 'やや高い', '400回〜1,000回', '18.5%']
2026-05-25 11:15:09,835 [SKIP] len error : ['③', '中位', '50回〜400回', '39.0%']
2026-05-25 11:15:09,835 [SKIP] len error : ['④', 'やや低い', '10回〜50回', '17.6%']
2026-05-25 11:15:09,835 [SKIP] len error : ['⑤', '低い', '10回未満', '11.0%']
2026-05-25 11:15:09,835 600件 / ?件中 20:15
2026-05-25 11:15:09,910 [TOTAL] None
2026-05-25 11:15:09,910 [COUNT] 600
2026-05-25 11:15:11,391 [PAGE] 31
2026-05-25 11:15:11,632 [SKIP] len error : ['東P', '東証プライム']
2026-05-25 11:15:11,632 [SKIP] len error : ['東S', '東証スタンダード']
2026-05-25 11:15:11,632 [SKIP] len error : ['東G', '東証グロース']
2026-05-25 11:15:11,632 [SKIP] len error : ['東Ｅ', '東証ETF']
2026-05-25 11:15:11,632 [SKIP] len error : ['東EN', '東証ETN']
2026-05-25 11:15:11,632 [SKIP] len error : ['東Ｒ', '東証REIT']
2026-05-25 11:15:11,632 [SKIP] len error : ['東IF', '東証インフラファンド']
2026-05-25 11:15:11,632 [SKIP] len error : ['名Ｐ', '名証プレミア']
2026-05-25 11:15:11,632 [SKIP] len error : ['名M', '名証メイン']
2026-05-25 11:15:11,632 [SKIP] len error : ['名N', '名証ネクスト']
2026-05-25 11:15:11,632 [SKIP] len error : ['名Ｅ', '名証ETF']
2026-05-25 11:15:11,632 [SKIP] len error : ['札Ａ', '札証アンビシャス']
2026-05-25 11:15:11,632 [SKIP] len error : ['福Ｑ', '福証Q-Board']
2026-05-25 11:15:11,632 [SKIP] len error : ['①', '高い', '1,000回以上', '13.9%']
2026-05-25 11:15:11,632 [SKIP] len error : ['②', 'やや高い', '400回〜1,000回', '18.5%']
2026-05-25 11:15:11,632 [SKIP] len error : ['③', '中位', '50回〜400回', '39.0%']
2026-05-25 11:15:11,632 [SKIP] len error : ['④', 'やや低い', '10回〜50回', '17.6%']
2026-05-25 11:15:11,632 [SKIP] len error : ['⑤', '低い', '10回未満', '11.0%']
2026-05-25 11:15:11,633 620件 / ?件中 20:15
2026-05-25 11:15:11,678 [TOTAL] None
2026-05-25 11:15:11,678 [COUNT] 620
2026-05-25 11:15:12,828 [PAGE] 32
2026-05-25 11:15:13,075 [SKIP] len error : ['東P', '東証プライム']
2026-05-25 11:15:13,076 [SKIP] len error : ['東S', '東証スタンダード']
2026-05-25 11:15:13,076 [SKIP] len error : ['東G', '東証グロース']
2026-05-25 11:15:13,076 [SKIP] len error : ['東Ｅ', '東証ETF']
2026-05-25 11:15:13,076 [SKIP] len error : ['東EN', '東証ETN']
2026-05-25 11:15:13,076 [SKIP] len error : ['東Ｒ', '東証REIT']
2026-05-25 11:15:13,076 [SKIP] len error : ['東IF', '東証インフラファンド']
2026-05-25 11:15:13,076 [SKIP] len error : ['名Ｐ', '名証プレミア']
2026-05-25 11:15:13,076 [SKIP] len error : ['名M', '名証メイン']
2026-05-25 11:15:13,076 [SKIP] len error : ['名N', '名証ネクスト']
2026-05-25 11:15:13,076 [SKIP] len error : ['名Ｅ', '名証ETF']
2026-05-25 11:15:13,076 [SKIP] len error : ['札Ａ', '札証アンビシャス']
2026-05-25 11:15:13,076 [SKIP] len error : ['福Ｑ', '福証Q-Board']
2026-05-25 11:15:13,076 [SKIP] len error : ['①', '高い', '1,000回以上', '13.9%']
2026-05-25 11:15:13,076 [SKIP] len error : ['②', 'やや高い', '400回〜1,000回', '18.5%']
2026-05-25 11:15:13,076 [SKIP] len error : ['③', '中位', '50回〜400回', '39.0%']
2026-05-25 11:15:13,076 [SKIP] len error : ['④', 'やや低い', '10回〜50回', '17.6%']
2026-05-25 11:15:13,076 [SKIP] len error : ['⑤', '低い', '10回未満', '11.0%']
2026-05-25 11:15:13,076 640件 / ?件中 20:15
2026-05-25 11:15:13,122 [TOTAL] None
2026-05-25 11:15:13,122 [COUNT] 640
2026-05-25 11:15:14,538 [PAGE] 33
2026-05-25 11:15:14,794 [SKIP] len error : ['東P', '東証プライム']
2026-05-25 11:15:14,794 [SKIP] len error : ['東S', '東証スタンダード']
2026-05-25 11:15:14,794 [SKIP] len error : ['東G', '東証グロース']
2026-05-25 11:15:14,794 [SKIP] len error : ['東Ｅ', '東証ETF']
2026-05-25 11:15:14,794 [SKIP] len error : ['東EN', '東証ETN']
2026-05-25 11:15:14,794 [SKIP] len error : ['東Ｒ', '東証REIT']
2026-05-25 11:15:14,794 [SKIP] len error : ['東IF', '東証インフラファンド']
2026-05-25 11:15:14,794 [SKIP] len error : ['名Ｐ', '名証プレミア']
2026-05-25 11:15:14,794 [SKIP] len error : ['名M', '名証メイン']
2026-05-25 11:15:14,794 [SKIP] len error : ['名N', '名証ネクスト']
2026-05-25 11:15:14,794 [SKIP] len error : ['名Ｅ', '名証ETF']
2026-05-25 11:15:14,794 [SKIP] len error : ['札Ａ', '札証アンビシャス']
2026-05-25 11:15:14,794 [SKIP] len error : ['福Ｑ', '福証Q-Board']
2026-05-25 11:15:14,794 [SKIP] len error : ['①', '高い', '1,000回以上', '13.9%']
2026-05-25 11:15:14,794 [SKIP] len error : ['②', 'やや高い', '400回〜1,000回', '18.5%']
2026-05-25 11:15:14,794 [SKIP] len error : ['③', '中位', '50回〜400回', '39.0%']
2026-05-25 11:15:14,794 [SKIP] len error : ['④', 'やや低い', '10回〜50回', '17.6%']
2026-05-25 11:15:14,794 [SKIP] len error : ['⑤', '低い', '10回未満', '11.0%']
2026-05-25 11:15:14,794 660件 / ?件中 20:15
2026-05-25 11:15:14,840 [TOTAL] None
2026-05-25 11:15:14,840 [COUNT] 660
2026-05-25 11:15:15,491 [PAGE] 34
2026-05-25 11:15:15,761 [SKIP] len error : ['東P', '東証プライム']
2026-05-25 11:15:15,761 [SKIP] len error : ['東S', '東証スタンダード']
2026-05-25 11:15:15,761 [SKIP] len error : ['東G', '東証グロース']
2026-05-25 11:15:15,761 [SKIP] len error : ['東Ｅ', '東証ETF']
2026-05-25 11:15:15,761 [SKIP] len error : ['東EN', '東証ETN']
2026-05-25 11:15:15,761 [SKIP] len error : ['東Ｒ', '東証REIT']
2026-05-25 11:15:15,761 [SKIP] len error : ['東IF', '東証インフラファンド']
2026-05-25 11:15:15,761 [SKIP] len error : ['名Ｐ', '名証プレミア']
2026-05-25 11:15:15,761 [SKIP] len error : ['名M', '名証メイン']
2026-05-25 11:15:15,761 [SKIP] len error : ['名N', '名証ネクスト']
2026-05-25 11:15:15,761 [SKIP] len error : ['名Ｅ', '名証ETF']
2026-05-25 11:15:15,761 [SKIP] len error : ['札Ａ', '札証アンビシャス']
2026-05-25 11:15:15,761 [SKIP] len error : ['福Ｑ', '福証Q-Board']
2026-05-25 11:15:15,761 [SKIP] len error : ['①', '高い', '1,000回以上', '13.9%']
2026-05-25 11:15:15,761 [SKIP] len error : ['②', 'やや高い', '400回〜1,000回', '18.5%']
2026-05-25 11:15:15,761 [SKIP] len error : ['③', '中位', '50回〜400回', '39.0%']
2026-05-25 11:15:15,761 [SKIP] len error : ['④', 'やや低い', '10回〜50回', '17.6%']
2026-05-25 11:15:15,761 [SKIP] len error : ['⑤', '低い', '10回未満', '11.0%']
2026-05-25 11:15:15,762 680件 / ?件中 20:15
2026-05-25 11:15:15,807 [TOTAL] None
2026-05-25 11:15:15,807 [COUNT] 680
2026-05-25 11:15:16,593 [PAGE] 35
2026-05-25 11:15:16,881 [SKIP] len error : ['東P', '東証プライム']
2026-05-25 11:15:16,881 [SKIP] len error : ['東S', '東証スタンダード']
2026-05-25 11:15:16,881 [SKIP] len error : ['東G', '東証グロース']
2026-05-25 11:15:16,881 [SKIP] len error : ['東Ｅ', '東証ETF']
2026-05-25 11:15:16,881 [SKIP] len error : ['東EN', '東証ETN']
2026-05-25 11:15:16,881 [SKIP] len error : ['東Ｒ', '東証REIT']
2026-05-25 11:15:16,881 [SKIP] len error : ['東IF', '東証インフラファンド']
2026-05-25 11:15:16,881 [SKIP] len error : ['名Ｐ', '名証プレミア']
2026-05-25 11:15:16,881 [SKIP] len error : ['名M', '名証メイン']
2026-05-25 11:15:16,881 [SKIP] len error : ['名N', '名証ネクスト']
2026-05-25 11:15:16,881 [SKIP] len error : ['名Ｅ', '名証ETF']
2026-05-25 11:15:16,881 [SKIP] len error : ['札Ａ', '札証アンビシャス']
2026-05-25 11:15:16,881 [SKIP] len error : ['福Ｑ', '福証Q-Board']
2026-05-25 11:15:16,881 [SKIP] len error : ['①', '高い', '1,000回以上', '13.9%']
2026-05-25 11:15:16,881 [SKIP] len error : ['②', 'やや高い', '400回〜1,000回', '18.5%']
2026-05-25 11:15:16,881 [SKIP] len error : ['③', '中位', '50回〜400回', '39.0%']
2026-05-25 11:15:16,881 [SKIP] len error : ['④', 'やや低い', '10回〜50回', '17.6%']
2026-05-25 11:15:16,881 [SKIP] len error : ['⑤', '低い', '10回未満', '11.0%']
2026-05-25 11:15:16,882 700件 / ?件中 20:15
2026-05-25 11:15:16,926 [TOTAL] None
2026-05-25 11:15:16,926 [COUNT] 700
2026-05-25 11:15:18,079 [PAGE] 36
2026-05-25 11:15:18,346 [SKIP] len error : ['東P', '東証プライム']
2026-05-25 11:15:18,346 [SKIP] len error : ['東S', '東証スタンダード']
2026-05-25 11:15:18,346 [SKIP] len error : ['東G', '東証グロース']
2026-05-25 11:15:18,346 [SKIP] len error : ['東Ｅ', '東証ETF']
2026-05-25 11:15:18,346 [SKIP] len error : ['東EN', '東証ETN']
2026-05-25 11:15:18,346 [SKIP] len error : ['東Ｒ', '東証REIT']
2026-05-25 11:15:18,346 [SKIP] len error : ['東IF', '東証インフラファンド']
2026-05-25 11:15:18,346 [SKIP] len error : ['名Ｐ', '名証プレミア']
2026-05-25 11:15:18,346 [SKIP] len error : ['名M', '名証メイン']
2026-05-25 11:15:18,346 [SKIP] len error : ['名N', '名証ネクスト']
2026-05-25 11:15:18,346 [SKIP] len error : ['名Ｅ', '名証ETF']
2026-05-25 11:15:18,346 [SKIP] len error : ['札Ａ', '札証アンビシャス']
2026-05-25 11:15:18,346 [SKIP] len error : ['福Ｑ', '福証Q-Board']
2026-05-25 11:15:18,346 [SKIP] len error : ['①', '高い', '1,000回以上', '13.9%']
2026-05-25 11:15:18,346 [SKIP] len error : ['②', 'やや高い', '400回〜1,000回', '18.5%']
2026-05-25 11:15:18,346 [SKIP] len error : ['③', '中位', '50回〜400回', '39.0%']
2026-05-25 11:15:18,346 [SKIP] len error : ['④', 'やや低い', '10回〜50回', '17.6%']
2026-05-25 11:15:18,346 [SKIP] len error : ['⑤', '低い', '10回未満', '11.0%']
2026-05-25 11:15:18,347 720件 / ?件中 20:15
2026-05-25 11:15:18,392 [TOTAL] None
2026-05-25 11:15:18,392 [COUNT] 720
2026-05-25 11:15:19,695 [PAGE] 37
2026-05-25 11:15:19,967 [SKIP] len error : ['東P', '東証プライム']
2026-05-25 11:15:19,967 [SKIP] len error : ['東S', '東証スタンダード']
2026-05-25 11:15:19,967 [SKIP] len error : ['東G', '東証グロース']
2026-05-25 11:15:19,967 [SKIP] len error : ['東Ｅ', '東証ETF']
2026-05-25 11:15:19,967 [SKIP] len error : ['東EN', '東証ETN']
2026-05-25 11:15:19,967 [SKIP] len error : ['東Ｒ', '東証REIT']
2026-05-25 11:15:19,967 [SKIP] len error : ['東IF', '東証インフラファンド']
2026-05-25 11:15:19,968 [SKIP] len error : ['名Ｐ', '名証プレミア']
2026-05-25 11:15:19,968 [SKIP] len error : ['名M', '名証メイン']
2026-05-25 11:15:19,968 [SKIP] len error : ['名N', '名証ネクスト']
2026-05-25 11:15:19,968 [SKIP] len error : ['名Ｅ', '名証ETF']
2026-05-25 11:15:19,968 [SKIP] len error : ['札Ａ', '札証アンビシャス']
2026-05-25 11:15:19,968 [SKIP] len error : ['福Ｑ', '福証Q-Board']
2026-05-25 11:15:19,968 [SKIP] len error : ['①', '高い', '1,000回以上', '13.9%']
2026-05-25 11:15:19,968 [SKIP] len error : ['②', 'やや高い', '400回〜1,000回', '18.5%']
2026-05-25 11:15:19,968 [SKIP] len error : ['③', '中位', '50回〜400回', '39.0%']
2026-05-25 11:15:19,968 [SKIP] len error : ['④', 'やや低い', '10回〜50回', '17.6%']
2026-05-25 11:15:19,968 [SKIP] len error : ['⑤', '低い', '10回未満', '11.0%']
2026-05-25 11:15:19,968 740件 / ?件中 20:15
2026-05-25 11:15:20,014 [TOTAL] None
2026-05-25 11:15:20,014 [COUNT] 740
2026-05-25 11:15:20,735 [PAGE] 38
2026-05-25 11:15:20,997 [SKIP] len error : ['東P', '東証プライム']
2026-05-25 11:15:20,997 [SKIP] len error : ['東S', '東証スタンダード']
2026-05-25 11:15:20,997 [SKIP] len error : ['東G', '東証グロース']
2026-05-25 11:15:20,997 [SKIP] len error : ['東Ｅ', '東証ETF']
2026-05-25 11:15:20,997 [SKIP] len error : ['東EN', '東証ETN']
2026-05-25 11:15:20,997 [SKIP] len error : ['東Ｒ', '東証REIT']
2026-05-25 11:15:20,997 [SKIP] len error : ['東IF', '東証インフラファンド']
2026-05-25 11:15:20,997 [SKIP] len error : ['名Ｐ', '名証プレミア']
2026-05-25 11:15:20,997 [SKIP] len error : ['名M', '名証メイン']
2026-05-25 11:15:20,997 [SKIP] len error : ['名N', '名証ネクスト']
2026-05-25 11:15:20,997 [SKIP] len error : ['名Ｅ', '名証ETF']
2026-05-25 11:15:20,997 [SKIP] len error : ['札Ａ', '札証アンビシャス']
2026-05-25 11:15:20,997 [SKIP] len error : ['福Ｑ', '福証Q-Board']
2026-05-25 11:15:20,997 [SKIP] len error : ['①', '高い', '1,000回以上', '13.9%']
2026-05-25 11:15:20,997 [SKIP] len error : ['②', 'やや高い', '400回〜1,000回', '18.5%']
2026-05-25 11:15:20,997 [SKIP] len error : ['③', '中位', '50回〜400回', '39.0%']
2026-05-25 11:15:20,997 [SKIP] len error : ['④', 'やや低い', '10回〜50回', '17.6%']
2026-05-25 11:15:20,997 [SKIP] len error : ['⑤', '低い', '10回未満', '11.0%']
2026-05-25 11:15:20,997 760件 / ?件中 20:15
2026-05-25 11:15:21,043 [TOTAL] None
2026-05-25 11:15:21,043 [COUNT] 760
2026-05-25 11:15:22,222 [PAGE] 39
2026-05-25 11:15:22,481 [SKIP] len error : ['東P', '東証プライム']
2026-05-25 11:15:22,481 [SKIP] len error : ['東S', '東証スタンダード']
2026-05-25 11:15:22,481 [SKIP] len error : ['東G', '東証グロース']
2026-05-25 11:15:22,481 [SKIP] len error : ['東Ｅ', '東証ETF']
2026-05-25 11:15:22,481 [SKIP] len error : ['東EN', '東証ETN']
2026-05-25 11:15:22,481 [SKIP] len error : ['東Ｒ', '東証REIT']
2026-05-25 11:15:22,481 [SKIP] len error : ['東IF', '東証インフラファンド']
2026-05-25 11:15:22,481 [SKIP] len error : ['名Ｐ', '名証プレミア']
2026-05-25 11:15:22,481 [SKIP] len error : ['名M', '名証メイン']
2026-05-25 11:15:22,481 [SKIP] len error : ['名N', '名証ネクスト']
2026-05-25 11:15:22,481 [SKIP] len error : ['名Ｅ', '名証ETF']
2026-05-25 11:15:22,481 [SKIP] len error : ['札Ａ', '札証アンビシャス']
2026-05-25 11:15:22,481 [SKIP] len error : ['福Ｑ', '福証Q-Board']
2026-05-25 11:15:22,481 [SKIP] len error : ['①', '高い', '1,000回以上', '13.9%']
2026-05-25 11:15:22,481 [SKIP] len error : ['②', 'やや高い', '400回〜1,000回', '18.5%']
2026-05-25 11:15:22,481 [SKIP] len error : ['③', '中位', '50回〜400回', '39.0%']
2026-05-25 11:15:22,481 [SKIP] len error : ['④', 'やや低い', '10回〜50回', '17.6%']
2026-05-25 11:15:22,481 [SKIP] len error : ['⑤', '低い', '10回未満', '11.0%']
2026-05-25 11:15:22,482 780件 / ?件中 20:15
2026-05-25 11:15:22,528 [TOTAL] None
2026-05-25 11:15:22,528 [COUNT] 780
2026-05-25 11:15:23,420 [PAGE] 40
2026-05-25 11:15:23,710 [SKIP] len error : ['東P', '東証プライム']
2026-05-25 11:15:23,710 [SKIP] len error : ['東S', '東証スタンダード']
2026-05-25 11:15:23,710 [SKIP] len error : ['東G', '東証グロース']
2026-05-25 11:15:23,710 [SKIP] len error : ['東Ｅ', '東証ETF']
2026-05-25 11:15:23,710 [SKIP] len error : ['東EN', '東証ETN']
2026-05-25 11:15:23,710 [SKIP] len error : ['東Ｒ', '東証REIT']
2026-05-25 11:15:23,710 [SKIP] len error : ['東IF', '東証インフラファンド']
2026-05-25 11:15:23,710 [SKIP] len error : ['名Ｐ', '名証プレミア']
2026-05-25 11:15:23,710 [SKIP] len error : ['名M', '名証メイン']
2026-05-25 11:15:23,710 [SKIP] len error : ['名N', '名証ネクスト']
2026-05-25 11:15:23,710 [SKIP] len error : ['名Ｅ', '名証ETF']
2026-05-25 11:15:23,710 [SKIP] len error : ['札Ａ', '札証アンビシャス']
2026-05-25 11:15:23,710 [SKIP] len error : ['福Ｑ', '福証Q-Board']
2026-05-25 11:15:23,710 [SKIP] len error : ['①', '高い', '1,000回以上', '13.9%']
2026-05-25 11:15:23,710 [SKIP] len error : ['②', 'やや高い', '400回〜1,000回', '18.5%']
2026-05-25 11:15:23,710 [SKIP] len error : ['③', '中位', '50回〜400回', '39.0%']
2026-05-25 11:15:23,710 [SKIP] len error : ['④', 'やや低い', '10回〜50回', '17.6%']
2026-05-25 11:15:23,710 [SKIP] len error : ['⑤', '低い', '10回未満', '11.0%']
2026-05-25 11:15:23,711 800件 / ?件中 20:15
2026-05-25 11:15:23,755 [TOTAL] None
2026-05-25 11:15:23,755 [COUNT] 800
2026-05-25 11:15:24,256 [PAGE] 41
2026-05-25 11:15:24,497 [SKIP] len error : ['東P', '東証プライム']
2026-05-25 11:15:24,497 [SKIP] len error : ['東S', '東証スタンダード']
2026-05-25 11:15:24,497 [SKIP] len error : ['東G', '東証グロース']
2026-05-25 11:15:24,497 [SKIP] len error : ['東Ｅ', '東証ETF']
2026-05-25 11:15:24,497 [SKIP] len error : ['東EN', '東証ETN']
2026-05-25 11:15:24,497 [SKIP] len error : ['東Ｒ', '東証REIT']
2026-05-25 11:15:24,497 [SKIP] len error : ['東IF', '東証インフラファンド']
2026-05-25 11:15:24,498 [SKIP] len error : ['名Ｐ', '名証プレミア']
2026-05-25 11:15:24,498 [SKIP] len error : ['名M', '名証メイン']
2026-05-25 11:15:24,498 [SKIP] len error : ['名N', '名証ネクスト']
2026-05-25 11:15:24,498 [SKIP] len error : ['名Ｅ', '名証ETF']
2026-05-25 11:15:24,498 [SKIP] len error : ['札Ａ', '札証アンビシャス']
2026-05-25 11:15:24,498 [SKIP] len error : ['福Ｑ', '福証Q-Board']
2026-05-25 11:15:24,498 [SKIP] len error : ['①', '高い', '1,000回以上', '13.9%']
2026-05-25 11:15:24,498 [SKIP] len error : ['②', 'やや高い', '400回〜1,000回', '18.5%']
2026-05-25 11:15:24,498 [SKIP] len error : ['③', '中位', '50回〜400回', '39.0%']
2026-05-25 11:15:24,498 [SKIP] len error : ['④', 'やや低い', '10回〜50回', '17.6%']
2026-05-25 11:15:24,498 [SKIP] len error : ['⑤', '低い', '10回未満', '11.0%']
2026-05-25 11:15:24,498 820件 / ?件中 20:15
2026-05-25 11:15:24,543 [TOTAL] None
2026-05-25 11:15:24,543 [COUNT] 820
2026-05-25 11:15:25,691 [PAGE] 42
2026-05-25 11:15:25,960 [SKIP] len error : ['東P', '東証プライム']
2026-05-25 11:15:25,960 [SKIP] len error : ['東S', '東証スタンダード']
2026-05-25 11:15:25,960 [SKIP] len error : ['東G', '東証グロース']
2026-05-25 11:15:25,960 [SKIP] len error : ['東Ｅ', '東証ETF']
2026-05-25 11:15:25,960 [SKIP] len error : ['東EN', '東証ETN']
2026-05-25 11:15:25,960 [SKIP] len error : ['東Ｒ', '東証REIT']
2026-05-25 11:15:25,960 [SKIP] len error : ['東IF', '東証インフラファンド']
2026-05-25 11:15:25,960 [SKIP] len error : ['名Ｐ', '名証プレミア']
2026-05-25 11:15:25,960 [SKIP] len error : ['名M', '名証メイン']
2026-05-25 11:15:25,960 [SKIP] len error : ['名N', '名証ネクスト']
2026-05-25 11:15:25,960 [SKIP] len error : ['名Ｅ', '名証ETF']
2026-05-25 11:15:25,960 [SKIP] len error : ['札Ａ', '札証アンビシャス']
2026-05-25 11:15:25,960 [SKIP] len error : ['福Ｑ', '福証Q-Board']
2026-05-25 11:15:25,960 [SKIP] len error : ['①', '高い', '1,000回以上', '13.9%']
2026-05-25 11:15:25,960 [SKIP] len error : ['②', 'やや高い', '400回〜1,000回', '18.5%']
2026-05-25 11:15:25,960 [SKIP] len error : ['③', '中位', '50回〜400回', '39.0%']
2026-05-25 11:15:25,960 [SKIP] len error : ['④', 'やや低い', '10回〜50回', '17.6%']
2026-05-25 11:15:25,960 [SKIP] len error : ['⑤', '低い', '10回未満', '11.0%']
2026-05-25 11:15:25,961 840件 / ?件中 20:15
2026-05-25 11:15:26,006 [TOTAL] None
2026-05-25 11:15:26,007 [COUNT] 840
2026-05-25 11:15:27,076 [PAGE] 43
2026-05-25 11:15:27,331 [SKIP] len error : ['東P', '東証プライム']
2026-05-25 11:15:27,332 [SKIP] len error : ['東S', '東証スタンダード']
2026-05-25 11:15:27,332 [SKIP] len error : ['東G', '東証グロース']
2026-05-25 11:15:27,332 [SKIP] len error : ['東Ｅ', '東証ETF']
2026-05-25 11:15:27,332 [SKIP] len error : ['東EN', '東証ETN']
2026-05-25 11:15:27,332 [SKIP] len error : ['東Ｒ', '東証REIT']
2026-05-25 11:15:27,332 [SKIP] len error : ['東IF', '東証インフラファンド']
2026-05-25 11:15:27,332 [SKIP] len error : ['名Ｐ', '名証プレミア']
2026-05-25 11:15:27,332 [SKIP] len error : ['名M', '名証メイン']
2026-05-25 11:15:27,332 [SKIP] len error : ['名N', '名証ネクスト']
2026-05-25 11:15:27,332 [SKIP] len error : ['名Ｅ', '名証ETF']
2026-05-25 11:15:27,332 [SKIP] len error : ['札Ａ', '札証アンビシャス']
2026-05-25 11:15:27,332 [SKIP] len error : ['福Ｑ', '福証Q-Board']
2026-05-25 11:15:27,332 [SKIP] len error : ['①', '高い', '1,000回以上', '13.9%']
2026-05-25 11:15:27,332 [SKIP] len error : ['②', 'やや高い', '400回〜1,000回', '18.5%']
2026-05-25 11:15:27,332 [SKIP] len error : ['③', '中位', '50回〜400回', '39.0%']
2026-05-25 11:15:27,332 [SKIP] len error : ['④', 'やや低い', '10回〜50回', '17.6%']
2026-05-25 11:15:27,332 [SKIP] len error : ['⑤', '低い', '10回未満', '11.0%']
2026-05-25 11:15:27,332 860件 / ?件中 20:15
2026-05-25 11:15:27,378 [TOTAL] None
2026-05-25 11:15:27,378 [COUNT] 860
2026-05-25 11:15:28,627 [PAGE] 44
2026-05-25 11:15:28,867 [SKIP] len error : ['東P', '東証プライム']
2026-05-25 11:15:28,867 [SKIP] len error : ['東S', '東証スタンダード']
2026-05-25 11:15:28,867 [SKIP] len error : ['東G', '東証グロース']
2026-05-25 11:15:28,868 [SKIP] len error : ['東Ｅ', '東証ETF']
2026-05-25 11:15:28,868 [SKIP] len error : ['東EN', '東証ETN']
2026-05-25 11:15:28,868 [SKIP] len error : ['東Ｒ', '東証REIT']
2026-05-25 11:15:28,868 [SKIP] len error : ['東IF', '東証インフラファンド']
2026-05-25 11:15:28,868 [SKIP] len error : ['名Ｐ', '名証プレミア']
2026-05-25 11:15:28,868 [SKIP] len error : ['名M', '名証メイン']
2026-05-25 11:15:28,868 [SKIP] len error : ['名N', '名証ネクスト']
2026-05-25 11:15:28,868 [SKIP] len error : ['名Ｅ', '名証ETF']
2026-05-25 11:15:28,868 [SKIP] len error : ['札Ａ', '札証アンビシャス']
2026-05-25 11:15:28,868 [SKIP] len error : ['福Ｑ', '福証Q-Board']
2026-05-25 11:15:28,868 [SKIP] len error : ['①', '高い', '1,000回以上', '13.9%']
2026-05-25 11:15:28,868 [SKIP] len error : ['②', 'やや高い', '400回〜1,000回', '18.5%']
2026-05-25 11:15:28,868 [SKIP] len error : ['③', '中位', '50回〜400回', '39.0%']
2026-05-25 11:15:28,868 [SKIP] len error : ['④', 'やや低い', '10回〜50回', '17.6%']
2026-05-25 11:15:28,868 [SKIP] len error : ['⑤', '低い', '10回未満', '11.0%']
2026-05-25 11:15:28,868 880件 / ?件中 20:15
2026-05-25 11:15:28,945 [TOTAL] None
2026-05-25 11:15:28,945 [COUNT] 880
2026-05-25 11:15:30,061 [PAGE] 45
2026-05-25 11:15:30,324 [SKIP] len error : ['東P', '東証プライム']
2026-05-25 11:15:30,324 [SKIP] len error : ['東S', '東証スタンダード']
2026-05-25 11:15:30,324 [SKIP] len error : ['東G', '東証グロース']
2026-05-25 11:15:30,324 [SKIP] len error : ['東Ｅ', '東証ETF']
2026-05-25 11:15:30,324 [SKIP] len error : ['東EN', '東証ETN']
2026-05-25 11:15:30,324 [SKIP] len error : ['東Ｒ', '東証REIT']
2026-05-25 11:15:30,324 [SKIP] len error : ['東IF', '東証インフラファンド']
2026-05-25 11:15:30,324 [SKIP] len error : ['名Ｐ', '名証プレミア']
2026-05-25 11:15:30,324 [SKIP] len error : ['名M', '名証メイン']
2026-05-25 11:15:30,324 [SKIP] len error : ['名N', '名証ネクスト']
2026-05-25 11:15:30,324 [SKIP] len error : ['名Ｅ', '名証ETF']
2026-05-25 11:15:30,324 [SKIP] len error : ['札Ａ', '札証アンビシャス']
2026-05-25 11:15:30,324 [SKIP] len error : ['福Ｑ', '福証Q-Board']
2026-05-25 11:15:30,324 [SKIP] len error : ['①', '高い', '1,000回以上', '13.9%']
2026-05-25 11:15:30,324 [SKIP] len error : ['②', 'やや高い', '400回〜1,000回', '18.5%']
2026-05-25 11:15:30,324 [SKIP] len error : ['③', '中位', '50回〜400回', '39.0%']
2026-05-25 11:15:30,324 [SKIP] len error : ['④', 'やや低い', '10回〜50回', '17.6%']
2026-05-25 11:15:30,324 [SKIP] len error : ['⑤', '低い', '10回未満', '11.0%']
2026-05-25 11:15:30,325 900件 / ?件中 20:15
2026-05-25 11:15:30,370 [TOTAL] None
2026-05-25 11:15:30,370 [COUNT] 900
2026-05-25 11:15:31,080 [PAGE] 46
2026-05-25 11:15:31,337 [SKIP] len error : ['東P', '東証プライム']
2026-05-25 11:15:31,337 [SKIP] len error : ['東S', '東証スタンダード']
2026-05-25 11:15:31,337 [SKIP] len error : ['東G', '東証グロース']
2026-05-25 11:15:31,337 [SKIP] len error : ['東Ｅ', '東証ETF']
2026-05-25 11:15:31,337 [SKIP] len error : ['東EN', '東証ETN']
2026-05-25 11:15:31,337 [SKIP] len error : ['東Ｒ', '東証REIT']
2026-05-25 11:15:31,337 [SKIP] len error : ['東IF', '東証インフラファンド']
2026-05-25 11:15:31,337 [SKIP] len error : ['名Ｐ', '名証プレミア']
2026-05-25 11:15:31,337 [SKIP] len error : ['名M', '名証メイン']
2026-05-25 11:15:31,337 [SKIP] len error : ['名N', '名証ネクスト']
2026-05-25 11:15:31,337 [SKIP] len error : ['名Ｅ', '名証ETF']
2026-05-25 11:15:31,337 [SKIP] len error : ['札Ａ', '札証アンビシャス']
2026-05-25 11:15:31,337 [SKIP] len error : ['福Ｑ', '福証Q-Board']
2026-05-25 11:15:31,337 [SKIP] len error : ['①', '高い', '1,000回以上', '13.9%']
2026-05-25 11:15:31,337 [SKIP] len error : ['②', 'やや高い', '400回〜1,000回', '18.5%']
2026-05-25 11:15:31,337 [SKIP] len error : ['③', '中位', '50回〜400回', '39.0%']
2026-05-25 11:15:31,337 [SKIP] len error : ['④', 'やや低い', '10回〜50回', '17.6%']
2026-05-25 11:15:31,337 [SKIP] len error : ['⑤', '低い', '10回未満', '11.0%']
2026-05-25 11:15:31,337 920件 / ?件中 20:15
2026-05-25 11:15:31,383 [TOTAL] None
2026-05-25 11:15:31,383 [COUNT] 920
2026-05-25 11:15:32,732 [PAGE] 47
2026-05-25 11:15:32,993 [SKIP] len error : ['東P', '東証プライム']
2026-05-25 11:15:32,993 [SKIP] len error : ['東S', '東証スタンダード']
2026-05-25 11:15:32,993 [SKIP] len error : ['東G', '東証グロース']
2026-05-25 11:15:32,993 [SKIP] len error : ['東Ｅ', '東証ETF']
2026-05-25 11:15:32,993 [SKIP] len error : ['東EN', '東証ETN']
2026-05-25 11:15:32,993 [SKIP] len error : ['東Ｒ', '東証REIT']
2026-05-25 11:15:32,993 [SKIP] len error : ['東IF', '東証インフラファンド']
2026-05-25 11:15:32,993 [SKIP] len error : ['名Ｐ', '名証プレミア']
2026-05-25 11:15:32,993 [SKIP] len error : ['名M', '名証メイン']
2026-05-25 11:15:32,993 [SKIP] len error : ['名N', '名証ネクスト']
2026-05-25 11:15:32,993 [SKIP] len error : ['名Ｅ', '名証ETF']
2026-05-25 11:15:32,993 [SKIP] len error : ['札Ａ', '札証アンビシャス']
2026-05-25 11:15:32,993 [SKIP] len error : ['福Ｑ', '福証Q-Board']
2026-05-25 11:15:32,993 [SKIP] len error : ['①', '高い', '1,000回以上', '13.9%']
2026-05-25 11:15:32,993 [SKIP] len error : ['②', 'やや高い', '400回〜1,000回', '18.5%']
2026-05-25 11:15:32,994 [SKIP] len error : ['③', '中位', '50回〜400回', '39.0%']
2026-05-25 11:15:32,994 [SKIP] len error : ['④', 'やや低い', '10回〜50回', '17.6%']
2026-05-25 11:15:32,994 [SKIP] len error : ['⑤', '低い', '10回未満', '11.0%']
2026-05-25 11:15:32,994 940件 / ?件中 20:15
2026-05-25 11:15:33,039 [TOTAL] None
2026-05-25 11:15:33,039 [COUNT] 940
2026-05-25 11:15:34,126 [PAGE] 48
2026-05-25 11:15:34,368 [SKIP] len error : ['東P', '東証プライム']
2026-05-25 11:15:34,368 [SKIP] len error : ['東S', '東証スタンダード']
2026-05-25 11:15:34,368 [SKIP] len error : ['東G', '東証グロース']
2026-05-25 11:15:34,368 [SKIP] len error : ['東Ｅ', '東証ETF']
2026-05-25 11:15:34,368 [SKIP] len error : ['東EN', '東証ETN']
2026-05-25 11:15:34,368 [SKIP] len error : ['東Ｒ', '東証REIT']
2026-05-25 11:15:34,368 [SKIP] len error : ['東IF', '東証インフラファンド']
2026-05-25 11:15:34,368 [SKIP] len error : ['名Ｐ', '名証プレミア']
2026-05-25 11:15:34,368 [SKIP] len error : ['名M', '名証メイン']
2026-05-25 11:15:34,368 [SKIP] len error : ['名N', '名証ネクスト']
2026-05-25 11:15:34,368 [SKIP] len error : ['名Ｅ', '名証ETF']
2026-05-25 11:15:34,368 [SKIP] len error : ['札Ａ', '札証アンビシャス']
2026-05-25 11:15:34,369 [SKIP] len error : ['福Ｑ', '福証Q-Board']
2026-05-25 11:15:34,369 [SKIP] len error : ['①', '高い', '1,000回以上', '13.9%']
2026-05-25 11:15:34,369 [SKIP] len error : ['②', 'やや高い', '400回〜1,000回', '18.5%']
2026-05-25 11:15:34,369 [SKIP] len error : ['③', '中位', '50回〜400回', '39.0%']
2026-05-25 11:15:34,369 [SKIP] len error : ['④', 'やや低い', '10回〜50回', '17.6%']
2026-05-25 11:15:34,369 [SKIP] len error : ['⑤', '低い', '10回未満', '11.0%']
2026-05-25 11:15:34,369 960件 / ?件中 20:15
2026-05-25 11:15:34,415 [TOTAL] None
2026-05-25 11:15:34,415 [COUNT] 960
2026-05-25 11:15:35,224 [PAGE] 49
2026-05-25 11:15:35,481 [SKIP] len error : ['東P', '東証プライム']
2026-05-25 11:15:35,481 [SKIP] len error : ['東S', '東証スタンダード']
2026-05-25 11:15:35,481 [SKIP] len error : ['東G', '東証グロース']
2026-05-25 11:15:35,481 [SKIP] len error : ['東Ｅ', '東証ETF']
2026-05-25 11:15:35,481 [SKIP] len error : ['東EN', '東証ETN']
2026-05-25 11:15:35,481 [SKIP] len error : ['東Ｒ', '東証REIT']
2026-05-25 11:15:35,481 [SKIP] len error : ['東IF', '東証インフラファンド']
2026-05-25 11:15:35,481 [SKIP] len error : ['名Ｐ', '名証プレミア']
2026-05-25 11:15:35,481 [SKIP] len error : ['名M', '名証メイン']
2026-05-25 11:15:35,481 [SKIP] len error : ['名N', '名証ネクスト']
2026-05-25 11:15:35,481 [SKIP] len error : ['名Ｅ', '名証ETF']
2026-05-25 11:15:35,481 [SKIP] len error : ['札Ａ', '札証アンビシャス']
2026-05-25 11:15:35,481 [SKIP] len error : ['福Ｑ', '福証Q-Board']
2026-05-25 11:15:35,482 [SKIP] len error : ['①', '高い', '1,000回以上', '13.9%']
2026-05-25 11:15:35,482 [SKIP] len error : ['②', 'やや高い', '400回〜1,000回', '18.5%']
2026-05-25 11:15:35,482 [SKIP] len error : ['③', '中位', '50回〜400回', '39.0%']
2026-05-25 11:15:35,482 [SKIP] len error : ['④', 'やや低い', '10回〜50回', '17.6%']
2026-05-25 11:15:35,482 [SKIP] len error : ['⑤', '低い', '10回未満', '11.0%']
2026-05-25 11:15:35,482 980件 / ?件中 20:15
2026-05-25 11:15:35,560 [TOTAL] None
2026-05-25 11:15:35,560 [COUNT] 980
2026-05-25 11:15:36,721 [PAGE] 50
2026-05-25 11:15:36,980 [SKIP] len error : ['東P', '東証プライム']
2026-05-25 11:15:36,980 [SKIP] len error : ['東S', '東証スタンダード']
2026-05-25 11:15:36,981 [SKIP] len error : ['東G', '東証グロース']
2026-05-25 11:15:36,981 [SKIP] len error : ['東Ｅ', '東証ETF']
2026-05-25 11:15:36,981 [SKIP] len error : ['東EN', '東証ETN']
2026-05-25 11:15:36,981 [SKIP] len error : ['東Ｒ', '東証REIT']
2026-05-25 11:15:36,981 [SKIP] len error : ['東IF', '東証インフラファンド']
2026-05-25 11:15:36,981 [SKIP] len error : ['名Ｐ', '名証プレミア']
2026-05-25 11:15:36,981 [SKIP] len error : ['名M', '名証メイン']
2026-05-25 11:15:36,981 [SKIP] len error : ['名N', '名証ネクスト']
2026-05-25 11:15:36,981 [SKIP] len error : ['名Ｅ', '名証ETF']
2026-05-25 11:15:36,981 [SKIP] len error : ['札Ａ', '札証アンビシャス']
2026-05-25 11:15:36,981 [SKIP] len error : ['福Ｑ', '福証Q-Board']
2026-05-25 11:15:36,981 [SKIP] len error : ['①', '高い', '1,000回以上', '13.9%']
2026-05-25 11:15:36,981 [SKIP] len error : ['②', 'やや高い', '400回〜1,000回', '18.5%']
2026-05-25 11:15:36,981 [SKIP] len error : ['③', '中位', '50回〜400回', '39.0%']
2026-05-25 11:15:36,981 [SKIP] len error : ['④', 'やや低い', '10回〜50回', '17.6%']
2026-05-25 11:15:36,981 [SKIP] len error : ['⑤', '低い', '10回未満', '11.0%']
2026-05-25 11:15:36,981 1000件 / ?件中 20:15
2026-05-25 11:15:37,027 [TOTAL] None
2026-05-25 11:15:37,027 [COUNT] 1000
2026-05-25 11:15:38,015 [PAGE] 51
2026-05-25 11:15:38,276 [SKIP] len error : ['東P', '東証プライム']
2026-05-25 11:15:38,276 [SKIP] len error : ['東S', '東証スタンダード']
2026-05-25 11:15:38,276 [SKIP] len error : ['東G', '東証グロース']
2026-05-25 11:15:38,276 [SKIP] len error : ['東Ｅ', '東証ETF']
2026-05-25 11:15:38,276 [SKIP] len error : ['東EN', '東証ETN']
2026-05-25 11:15:38,276 [SKIP] len error : ['東Ｒ', '東証REIT']
2026-05-25 11:15:38,276 [SKIP] len error : ['東IF', '東証インフラファンド']
2026-05-25 11:15:38,276 [SKIP] len error : ['名Ｐ', '名証プレミア']
2026-05-25 11:15:38,276 [SKIP] len error : ['名M', '名証メイン']
2026-05-25 11:15:38,276 [SKIP] len error : ['名N', '名証ネクスト']
2026-05-25 11:15:38,276 [SKIP] len error : ['名Ｅ', '名証ETF']
2026-05-25 11:15:38,276 [SKIP] len error : ['札Ａ', '札証アンビシャス']
2026-05-25 11:15:38,276 [SKIP] len error : ['福Ｑ', '福証Q-Board']
2026-05-25 11:15:38,276 [SKIP] len error : ['①', '高い', '1,000回以上', '13.9%']
2026-05-25 11:15:38,276 [SKIP] len error : ['②', 'やや高い', '400回〜1,000回', '18.5%']
2026-05-25 11:15:38,276 [SKIP] len error : ['③', '中位', '50回〜400回', '39.0%']
2026-05-25 11:15:38,276 [SKIP] len error : ['④', 'やや低い', '10回〜50回', '17.6%']
2026-05-25 11:15:38,276 [SKIP] len error : ['⑤', '低い', '10回未満', '11.0%']
2026-05-25 11:15:38,276 1020件 / ?件中 20:15
2026-05-25 11:15:38,322 [TOTAL] None
2026-05-25 11:15:38,323 [COUNT] 1020
2026-05-25 11:15:39,576 [PAGE] 52
2026-05-25 11:15:39,822 [SKIP] len error : ['東P', '東証プライム']
2026-05-25 11:15:39,822 [SKIP] len error : ['東S', '東証スタンダード']
2026-05-25 11:15:39,822 [SKIP] len error : ['東G', '東証グロース']
2026-05-25 11:15:39,822 [SKIP] len error : ['東Ｅ', '東証ETF']
2026-05-25 11:15:39,822 [SKIP] len error : ['東EN', '東証ETN']
2026-05-25 11:15:39,822 [SKIP] len error : ['東Ｒ', '東証REIT']
2026-05-25 11:15:39,822 [SKIP] len error : ['東IF', '東証インフラファンド']
2026-05-25 11:15:39,822 [SKIP] len error : ['名Ｐ', '名証プレミア']
2026-05-25 11:15:39,822 [SKIP] len error : ['名M', '名証メイン']
2026-05-25 11:15:39,822 [SKIP] len error : ['名N', '名証ネクスト']
2026-05-25 11:15:39,822 [SKIP] len error : ['名Ｅ', '名証ETF']
2026-05-25 11:15:39,822 [SKIP] len error : ['札Ａ', '札証アンビシャス']
2026-05-25 11:15:39,822 [SKIP] len error : ['福Ｑ', '福証Q-Board']
2026-05-25 11:15:39,822 [SKIP] len error : ['①', '高い', '1,000回以上', '13.9%']
2026-05-25 11:15:39,822 [SKIP] len error : ['②', 'やや高い', '400回〜1,000回', '18.5%']
2026-05-25 11:15:39,822 [SKIP] len error : ['③', '中位', '50回〜400回', '39.0%']
2026-05-25 11:15:39,822 [SKIP] len error : ['④', 'やや低い', '10回〜50回', '17.6%']
2026-05-25 11:15:39,822 [SKIP] len error : ['⑤', '低い', '10回未満', '11.0%']
2026-05-25 11:15:39,823 1040件 / ?件中 20:15
2026-05-25 11:15:39,868 [TOTAL] None
2026-05-25 11:15:39,868 [COUNT] 1040
2026-05-25 11:15:40,903 [PAGE] 53
2026-05-25 11:15:41,163 [SKIP] len error : ['東P', '東証プライム']
2026-05-25 11:15:41,163 [SKIP] len error : ['東S', '東証スタンダード']
2026-05-25 11:15:41,163 [SKIP] len error : ['東G', '東証グロース']
2026-05-25 11:15:41,163 [SKIP] len error : ['東Ｅ', '東証ETF']
2026-05-25 11:15:41,163 [SKIP] len error : ['東EN', '東証ETN']
2026-05-25 11:15:41,163 [SKIP] len error : ['東Ｒ', '東証REIT']
2026-05-25 11:15:41,163 [SKIP] len error : ['東IF', '東証インフラファンド']
2026-05-25 11:15:41,163 [SKIP] len error : ['名Ｐ', '名証プレミア']
2026-05-25 11:15:41,163 [SKIP] len error : ['名M', '名証メイン']
2026-05-25 11:15:41,163 [SKIP] len error : ['名N', '名証ネクスト']
2026-05-25 11:15:41,163 [SKIP] len error : ['名Ｅ', '名証ETF']
2026-05-25 11:15:41,163 [SKIP] len error : ['札Ａ', '札証アンビシャス']
2026-05-25 11:15:41,163 [SKIP] len error : ['福Ｑ', '福証Q-Board']
2026-05-25 11:15:41,163 [SKIP] len error : ['①', '高い', '1,000回以上', '13.9%']
2026-05-25 11:15:41,163 [SKIP] len error : ['②', 'やや高い', '400回〜1,000回', '18.5%']
2026-05-25 11:15:41,163 [SKIP] len error : ['③', '中位', '50回〜400回', '39.0%']
2026-05-25 11:15:41,163 [SKIP] len error : ['④', 'やや低い', '10回〜50回', '17.6%']
2026-05-25 11:15:41,163 [SKIP] len error : ['⑤', '低い', '10回未満', '11.0%']
2026-05-25 11:15:41,163 1060件 / ?件中 20:15
2026-05-25 11:15:41,209 [TOTAL] None
2026-05-25 11:15:41,209 [COUNT] 1060
2026-05-25 11:15:41,990 [PAGE] 54
2026-05-25 11:15:42,284 [SKIP] len error : ['東P', '東証プライム']
2026-05-25 11:15:42,284 [SKIP] len error : ['東S', '東証スタンダード']
2026-05-25 11:15:42,284 [SKIP] len error : ['東G', '東証グロース']
2026-05-25 11:15:42,284 [SKIP] len error : ['東Ｅ', '東証ETF']
2026-05-25 11:15:42,284 [SKIP] len error : ['東EN', '東証ETN']
2026-05-25 11:15:42,284 [SKIP] len error : ['東Ｒ', '東証REIT']
2026-05-25 11:15:42,284 [SKIP] len error : ['東IF', '東証インフラファンド']
2026-05-25 11:15:42,284 [SKIP] len error : ['名Ｐ', '名証プレミア']
2026-05-25 11:15:42,285 [SKIP] len error : ['名M', '名証メイン']
2026-05-25 11:15:42,285 [SKIP] len error : ['名N', '名証ネクスト']
2026-05-25 11:15:42,285 [SKIP] len error : ['名Ｅ', '名証ETF']
2026-05-25 11:15:42,285 [SKIP] len error : ['札Ａ', '札証アンビシャス']
2026-05-25 11:15:42,285 [SKIP] len error : ['福Ｑ', '福証Q-Board']
2026-05-25 11:15:42,285 [SKIP] len error : ['①', '高い', '1,000回以上', '13.9%']
2026-05-25 11:15:42,285 [SKIP] len error : ['②', 'やや高い', '400回〜1,000回', '18.5%']
2026-05-25 11:15:42,285 [SKIP] len error : ['③', '中位', '50回〜400回', '39.0%']
2026-05-25 11:15:42,285 [SKIP] len error : ['④', 'やや低い', '10回〜50回', '17.6%']
2026-05-25 11:15:42,285 [SKIP] len error : ['⑤', '低い', '10回未満', '11.0%']
2026-05-25 11:15:42,285 1080件 / ?件中 20:15
2026-05-25 11:15:42,330 [TOTAL] None
2026-05-25 11:15:42,330 [COUNT] 1080
2026-05-25 11:15:43,001 [PAGE] 55
2026-05-25 11:15:43,301 [SKIP] len error : ['東P', '東証プライム']
2026-05-25 11:15:43,302 [SKIP] len error : ['東S', '東証スタンダード']
2026-05-25 11:15:43,302 [SKIP] len error : ['東G', '東証グロース']
2026-05-25 11:15:43,302 [SKIP] len error : ['東Ｅ', '東証ETF']
2026-05-25 11:15:43,302 [SKIP] len error : ['東EN', '東証ETN']
2026-05-25 11:15:43,302 [SKIP] len error : ['東Ｒ', '東証REIT']
2026-05-25 11:15:43,302 [SKIP] len error : ['東IF', '東証インフラファンド']
2026-05-25 11:15:43,302 [SKIP] len error : ['名Ｐ', '名証プレミア']
2026-05-25 11:15:43,302 [SKIP] len error : ['名M', '名証メイン']
2026-05-25 11:15:43,302 [SKIP] len error : ['名N', '名証ネクスト']
2026-05-25 11:15:43,302 [SKIP] len error : ['名Ｅ', '名証ETF']
2026-05-25 11:15:43,302 [SKIP] len error : ['札Ａ', '札証アンビシャス']
2026-05-25 11:15:43,302 [SKIP] len error : ['福Ｑ', '福証Q-Board']
2026-05-25 11:15:43,302 [SKIP] len error : ['①', '高い', '1,000回以上', '13.9%']
2026-05-25 11:15:43,302 [SKIP] len error : ['②', 'やや高い', '400回〜1,000回', '18.5%']
2026-05-25 11:15:43,302 [SKIP] len error : ['③', '中位', '50回〜400回', '39.0%']
2026-05-25 11:15:43,302 [SKIP] len error : ['④', 'やや低い', '10回〜50回', '17.6%']
2026-05-25 11:15:43,302 [SKIP] len error : ['⑤', '低い', '10回未満', '11.0%']
2026-05-25 11:15:43,302 1100件 / ?件中 20:15
2026-05-25 11:15:43,348 [TOTAL] None
2026-05-25 11:15:43,348 [COUNT] 1100
2026-05-25 11:15:44,367 [PAGE] 56
2026-05-25 11:15:44,628 [SKIP] len error : ['東P', '東証プライム']
2026-05-25 11:15:44,628 [SKIP] len error : ['東S', '東証スタンダード']
2026-05-25 11:15:44,628 [SKIP] len error : ['東G', '東証グロース']
2026-05-25 11:15:44,628 [SKIP] len error : ['東Ｅ', '東証ETF']
2026-05-25 11:15:44,628 [SKIP] len error : ['東EN', '東証ETN']
2026-05-25 11:15:44,628 [SKIP] len error : ['東Ｒ', '東証REIT']
2026-05-25 11:15:44,628 [SKIP] len error : ['東IF', '東証インフラファンド']
2026-05-25 11:15:44,628 [SKIP] len error : ['名Ｐ', '名証プレミア']
2026-05-25 11:15:44,628 [SKIP] len error : ['名M', '名証メイン']
2026-05-25 11:15:44,628 [SKIP] len error : ['名N', '名証ネクスト']
2026-05-25 11:15:44,628 [SKIP] len error : ['名Ｅ', '名証ETF']
2026-05-25 11:15:44,628 [SKIP] len error : ['札Ａ', '札証アンビシャス']
2026-05-25 11:15:44,628 [SKIP] len error : ['福Ｑ', '福証Q-Board']
2026-05-25 11:15:44,628 [SKIP] len error : ['①', '高い', '1,000回以上', '13.9%']
2026-05-25 11:15:44,628 [SKIP] len error : ['②', 'やや高い', '400回〜1,000回', '18.5%']
2026-05-25 11:15:44,628 [SKIP] len error : ['③', '中位', '50回〜400回', '39.0%']
2026-05-25 11:15:44,628 [SKIP] len error : ['④', 'やや低い', '10回〜50回', '17.6%']
2026-05-25 11:15:44,628 [SKIP] len error : ['⑤', '低い', '10回未満', '11.0%']
2026-05-25 11:15:44,629 1120件 / ?件中 20:15
2026-05-25 11:15:44,677 [TOTAL] None
2026-05-25 11:15:44,678 [COUNT] 1120
2026-05-25 11:15:45,505 [PAGE] 57
2026-05-25 11:15:45,777 [SKIP] len error : ['東P', '東証プライム']
2026-05-25 11:15:45,777 [SKIP] len error : ['東S', '東証スタンダード']
2026-05-25 11:15:45,777 [SKIP] len error : ['東G', '東証グロース']
2026-05-25 11:15:45,777 [SKIP] len error : ['東Ｅ', '東証ETF']
2026-05-25 11:15:45,778 [SKIP] len error : ['東EN', '東証ETN']
2026-05-25 11:15:45,778 [SKIP] len error : ['東Ｒ', '東証REIT']
2026-05-25 11:15:45,778 [SKIP] len error : ['東IF', '東証インフラファンド']
2026-05-25 11:15:45,778 [SKIP] len error : ['名Ｐ', '名証プレミア']
2026-05-25 11:15:45,778 [SKIP] len error : ['名M', '名証メイン']
2026-05-25 11:15:45,778 [SKIP] len error : ['名N', '名証ネクスト']
2026-05-25 11:15:45,778 [SKIP] len error : ['名Ｅ', '名証ETF']
2026-05-25 11:15:45,778 [SKIP] len error : ['札Ａ', '札証アンビシャス']
2026-05-25 11:15:45,778 [SKIP] len error : ['福Ｑ', '福証Q-Board']
2026-05-25 11:15:45,778 [SKIP] len error : ['①', '高い', '1,000回以上', '13.9%']
2026-05-25 11:15:45,778 [SKIP] len error : ['②', 'やや高い', '400回〜1,000回', '18.5%']
2026-05-25 11:15:45,778 [SKIP] len error : ['③', '中位', '50回〜400回', '39.0%']
2026-05-25 11:15:45,778 [SKIP] len error : ['④', 'やや低い', '10回〜50回', '17.6%']
2026-05-25 11:15:45,778 [SKIP] len error : ['⑤', '低い', '10回未満', '11.0%']
2026-05-25 11:15:45,778 1140件 / ?件中 20:15
2026-05-25 11:15:45,824 [TOTAL] None
2026-05-25 11:15:45,824 [COUNT] 1140
2026-05-25 11:15:46,816 [PAGE] 58
2026-05-25 11:15:47,067 [SKIP] len error : ['東P', '東証プライム']
2026-05-25 11:15:47,067 [SKIP] len error : ['東S', '東証スタンダード']
2026-05-25 11:15:47,067 [SKIP] len error : ['東G', '東証グロース']
2026-05-25 11:15:47,067 [SKIP] len error : ['東Ｅ', '東証ETF']
2026-05-25 11:15:47,067 [SKIP] len error : ['東EN', '東証ETN']
2026-05-25 11:15:47,067 [SKIP] len error : ['東Ｒ', '東証REIT']
2026-05-25 11:15:47,067 [SKIP] len error : ['東IF', '東証インフラファンド']
2026-05-25 11:15:47,067 [SKIP] len error : ['名Ｐ', '名証プレミア']
2026-05-25 11:15:47,067 [SKIP] len error : ['名M', '名証メイン']
2026-05-25 11:15:47,067 [SKIP] len error : ['名N', '名証ネクスト']
2026-05-25 11:15:47,067 [SKIP] len error : ['名Ｅ', '名証ETF']
2026-05-25 11:15:47,067 [SKIP] len error : ['札Ａ', '札証アンビシャス']
2026-05-25 11:15:47,067 [SKIP] len error : ['福Ｑ', '福証Q-Board']
2026-05-25 11:15:47,067 [SKIP] len error : ['①', '高い', '1,000回以上', '13.9%']
2026-05-25 11:15:47,067 [SKIP] len error : ['②', 'やや高い', '400回〜1,000回', '18.5%']
2026-05-25 11:15:47,067 [SKIP] len error : ['③', '中位', '50回〜400回', '39.0%']
2026-05-25 11:15:47,067 [SKIP] len error : ['④', 'やや低い', '10回〜50回', '17.6%']
2026-05-25 11:15:47,067 [SKIP] len error : ['⑤', '低い', '10回未満', '11.0%']
2026-05-25 11:15:47,067 1160件 / ?件中 20:15
2026-05-25 11:15:47,113 [TOTAL] None
2026-05-25 11:15:47,113 [COUNT] 1160
2026-05-25 11:15:48,407 [PAGE] 59
2026-05-25 11:15:48,703 [SKIP] len error : ['東P', '東証プライム']
2026-05-25 11:15:48,703 [SKIP] len error : ['東S', '東証スタンダード']
2026-05-25 11:15:48,703 [SKIP] len error : ['東G', '東証グロース']
2026-05-25 11:15:48,703 [SKIP] len error : ['東Ｅ', '東証ETF']
2026-05-25 11:15:48,703 [SKIP] len error : ['東EN', '東証ETN']
2026-05-25 11:15:48,703 [SKIP] len error : ['東Ｒ', '東証REIT']
2026-05-25 11:15:48,703 [SKIP] len error : ['東IF', '東証インフラファンド']
2026-05-25 11:15:48,703 [SKIP] len error : ['名Ｐ', '名証プレミア']
2026-05-25 11:15:48,703 [SKIP] len error : ['名M', '名証メイン']
2026-05-25 11:15:48,703 [SKIP] len error : ['名N', '名証ネクスト']
2026-05-25 11:15:48,703 [SKIP] len error : ['名Ｅ', '名証ETF']
2026-05-25 11:15:48,703 [SKIP] len error : ['札Ａ', '札証アンビシャス']
2026-05-25 11:15:48,703 [SKIP] len error : ['福Ｑ', '福証Q-Board']
2026-05-25 11:15:48,703 [SKIP] len error : ['①', '高い', '1,000回以上', '13.9%']
2026-05-25 11:15:48,703 [SKIP] len error : ['②', 'やや高い', '400回〜1,000回', '18.5%']
2026-05-25 11:15:48,703 [SKIP] len error : ['③', '中位', '50回〜400回', '39.0%']
2026-05-25 11:15:48,703 [SKIP] len error : ['④', 'やや低い', '10回〜50回', '17.6%']
2026-05-25 11:15:48,703 [SKIP] len error : ['⑤', '低い', '10回未満', '11.0%']
2026-05-25 11:15:48,704 1180件 / ?件中 20:15
2026-05-25 11:15:48,750 [TOTAL] None
2026-05-25 11:15:48,750 [COUNT] 1180
2026-05-25 11:15:50,184 [PAGE] 60
2026-05-25 11:15:50,469 [SKIP] len error : ['東P', '東証プライム']
2026-05-25 11:15:50,469 [SKIP] len error : ['東S', '東証スタンダード']
2026-05-25 11:15:50,469 [SKIP] len error : ['東G', '東証グロース']
2026-05-25 11:15:50,469 [SKIP] len error : ['東Ｅ', '東証ETF']
2026-05-25 11:15:50,469 [SKIP] len error : ['東EN', '東証ETN']
2026-05-25 11:15:50,469 [SKIP] len error : ['東Ｒ', '東証REIT']
2026-05-25 11:15:50,469 [SKIP] len error : ['東IF', '東証インフラファンド']
2026-05-25 11:15:50,469 [SKIP] len error : ['名Ｐ', '名証プレミア']
2026-05-25 11:15:50,469 [SKIP] len error : ['名M', '名証メイン']
2026-05-25 11:15:50,469 [SKIP] len error : ['名N', '名証ネクスト']
2026-05-25 11:15:50,469 [SKIP] len error : ['名Ｅ', '名証ETF']
2026-05-25 11:15:50,469 [SKIP] len error : ['札Ａ', '札証アンビシャス']
2026-05-25 11:15:50,469 [SKIP] len error : ['福Ｑ', '福証Q-Board']
2026-05-25 11:15:50,469 [SKIP] len error : ['①', '高い', '1,000回以上', '13.9%']
2026-05-25 11:15:50,469 [SKIP] len error : ['②', 'やや高い', '400回〜1,000回', '18.5%']
2026-05-25 11:15:50,469 [SKIP] len error : ['③', '中位', '50回〜400回', '39.0%']
2026-05-25 11:15:50,469 [SKIP] len error : ['④', 'やや低い', '10回〜50回', '17.6%']
2026-05-25 11:15:50,469 [SKIP] len error : ['⑤', '低い', '10回未満', '11.0%']
2026-05-25 11:15:50,470 1200件 / ?件中 20:15
2026-05-25 11:15:50,518 [TOTAL] None
2026-05-25 11:15:50,518 [COUNT] 1200
2026-05-25 11:15:51,833 [PAGE] 61
2026-05-25 11:15:52,109 [SKIP] len error : ['東P', '東証プライム']
2026-05-25 11:15:52,110 [SKIP] len error : ['東S', '東証スタンダード']
2026-05-25 11:15:52,110 [SKIP] len error : ['東G', '東証グロース']
2026-05-25 11:15:52,110 [SKIP] len error : ['東Ｅ', '東証ETF']
2026-05-25 11:15:52,110 [SKIP] len error : ['東EN', '東証ETN']
2026-05-25 11:15:52,110 [SKIP] len error : ['東Ｒ', '東証REIT']
2026-05-25 11:15:52,110 [SKIP] len error : ['東IF', '東証インフラファンド']
2026-05-25 11:15:52,110 [SKIP] len error : ['名Ｐ', '名証プレミア']
2026-05-25 11:15:52,110 [SKIP] len error : ['名M', '名証メイン']
2026-05-25 11:15:52,110 [SKIP] len error : ['名N', '名証ネクスト']
2026-05-25 11:15:52,110 [SKIP] len error : ['名Ｅ', '名証ETF']
2026-05-25 11:15:52,110 [SKIP] len error : ['札Ａ', '札証アンビシャス']
2026-05-25 11:15:52,110 [SKIP] len error : ['福Ｑ', '福証Q-Board']
2026-05-25 11:15:52,110 [SKIP] len error : ['①', '高い', '1,000回以上', '13.9%']
2026-05-25 11:15:52,110 [SKIP] len error : ['②', 'やや高い', '400回〜1,000回', '18.5%']
2026-05-25 11:15:52,110 [SKIP] len error : ['③', '中位', '50回〜400回', '39.0%']
2026-05-25 11:15:52,110 [SKIP] len error : ['④', 'やや低い', '10回〜50回', '17.6%']
2026-05-25 11:15:52,110 [SKIP] len error : ['⑤', '低い', '10回未満', '11.0%']
2026-05-25 11:15:52,110 1220件 / ?件中 20:15
2026-05-25 11:15:52,156 [TOTAL] None
2026-05-25 11:15:52,156 [COUNT] 1220
2026-05-25 11:15:52,948 [PAGE] 62
2026-05-25 11:15:53,232 [SKIP] len error : ['東P', '東証プライム']
2026-05-25 11:15:53,232 [SKIP] len error : ['東S', '東証スタンダード']
2026-05-25 11:15:53,232 [SKIP] len error : ['東G', '東証グロース']
2026-05-25 11:15:53,232 [SKIP] len error : ['東Ｅ', '東証ETF']
2026-05-25 11:15:53,232 [SKIP] len error : ['東EN', '東証ETN']
2026-05-25 11:15:53,232 [SKIP] len error : ['東Ｒ', '東証REIT']
2026-05-25 11:15:53,232 [SKIP] len error : ['東IF', '東証インフラファンド']
2026-05-25 11:15:53,232 [SKIP] len error : ['名Ｐ', '名証プレミア']
2026-05-25 11:15:53,232 [SKIP] len error : ['名M', '名証メイン']
2026-05-25 11:15:53,232 [SKIP] len error : ['名N', '名証ネクスト']
2026-05-25 11:15:53,232 [SKIP] len error : ['名Ｅ', '名証ETF']
2026-05-25 11:15:53,232 [SKIP] len error : ['札Ａ', '札証アンビシャス']
2026-05-25 11:15:53,232 [SKIP] len error : ['福Ｑ', '福証Q-Board']
2026-05-25 11:15:53,233 [SKIP] len error : ['①', '高い', '1,000回以上', '13.9%']
2026-05-25 11:15:53,233 [SKIP] len error : ['②', 'やや高い', '400回〜1,000回', '18.5%']
2026-05-25 11:15:53,233 [SKIP] len error : ['③', '中位', '50回〜400回', '39.0%']
2026-05-25 11:15:53,233 [SKIP] len error : ['④', 'やや低い', '10回〜50回', '17.6%']
2026-05-25 11:15:53,233 [SKIP] len error : ['⑤', '低い', '10回未満', '11.0%']
2026-05-25 11:15:53,233 1240件 / ?件中 20:15
2026-05-25 11:15:53,279 [TOTAL] None
2026-05-25 11:15:53,279 [COUNT] 1240
2026-05-25 11:15:54,387 [PAGE] 63
2026-05-25 11:15:54,666 [SKIP] len error : ['東P', '東証プライム']
2026-05-25 11:15:54,666 [SKIP] len error : ['東S', '東証スタンダード']
2026-05-25 11:15:54,666 [SKIP] len error : ['東G', '東証グロース']
2026-05-25 11:15:54,666 [SKIP] len error : ['東Ｅ', '東証ETF']
2026-05-25 11:15:54,666 [SKIP] len error : ['東EN', '東証ETN']
2026-05-25 11:15:54,666 [SKIP] len error : ['東Ｒ', '東証REIT']
2026-05-25 11:15:54,666 [SKIP] len error : ['東IF', '東証インフラファンド']
2026-05-25 11:15:54,666 [SKIP] len error : ['名Ｐ', '名証プレミア']
2026-05-25 11:15:54,666 [SKIP] len error : ['名M', '名証メイン']
2026-05-25 11:15:54,666 [SKIP] len error : ['名N', '名証ネクスト']
2026-05-25 11:15:54,666 [SKIP] len error : ['名Ｅ', '名証ETF']
2026-05-25 11:15:54,666 [SKIP] len error : ['札Ａ', '札証アンビシャス']
2026-05-25 11:15:54,666 [SKIP] len error : ['福Ｑ', '福証Q-Board']
2026-05-25 11:15:54,666 [SKIP] len error : ['①', '高い', '1,000回以上', '13.9%']
2026-05-25 11:15:54,666 [SKIP] len error : ['②', 'やや高い', '400回〜1,000回', '18.5%']
2026-05-25 11:15:54,666 [SKIP] len error : ['③', '中位', '50回〜400回', '39.0%']
2026-05-25 11:15:54,666 [SKIP] len error : ['④', 'やや低い', '10回〜50回', '17.6%']
2026-05-25 11:15:54,666 [SKIP] len error : ['⑤', '低い', '10回未満', '11.0%']
2026-05-25 11:15:54,667 1260件 / ?件中 20:15
2026-05-25 11:15:54,754 [TOTAL] None
2026-05-25 11:15:54,754 [COUNT] 1260
2026-05-25 11:15:55,325 [PAGE] 64
2026-05-25 11:15:55,594 [SKIP] len error : ['東P', '東証プライム']
2026-05-25 11:15:55,594 [SKIP] len error : ['東S', '東証スタンダード']
2026-05-25 11:15:55,594 [SKIP] len error : ['東G', '東証グロース']
2026-05-25 11:15:55,595 [SKIP] len error : ['東Ｅ', '東証ETF']
2026-05-25 11:15:55,595 [SKIP] len error : ['東EN', '東証ETN']
2026-05-25 11:15:55,595 [SKIP] len error : ['東Ｒ', '東証REIT']
2026-05-25 11:15:55,595 [SKIP] len error : ['東IF', '東証インフラファンド']
2026-05-25 11:15:55,595 [SKIP] len error : ['名Ｐ', '名証プレミア']
2026-05-25 11:15:55,595 [SKIP] len error : ['名M', '名証メイン']
2026-05-25 11:15:55,595 [SKIP] len error : ['名N', '名証ネクスト']
2026-05-25 11:15:55,595 [SKIP] len error : ['名Ｅ', '名証ETF']
2026-05-25 11:15:55,595 [SKIP] len error : ['札Ａ', '札証アンビシャス']
2026-05-25 11:15:55,595 [SKIP] len error : ['福Ｑ', '福証Q-Board']
2026-05-25 11:15:55,595 [SKIP] len error : ['①', '高い', '1,000回以上', '13.9%']
2026-05-25 11:15:55,595 [SKIP] len error : ['②', 'やや高い', '400回〜1,000回', '18.5%']
2026-05-25 11:15:55,595 [SKIP] len error : ['③', '中位', '50回〜400回', '39.0%']
2026-05-25 11:15:55,595 [SKIP] len error : ['④', 'やや低い', '10回〜50回', '17.6%']
2026-05-25 11:15:55,595 [SKIP] len error : ['⑤', '低い', '10回未満', '11.0%']
2026-05-25 11:15:55,595 1280件 / ?件中 20:15
2026-05-25 11:15:55,640 [TOTAL] None
2026-05-25 11:15:55,641 [COUNT] 1280
2026-05-25 11:15:56,461 [PAGE] 65
2026-05-25 11:15:56,748 [SKIP] len error : ['東P', '東証プライム']
2026-05-25 11:15:56,748 [SKIP] len error : ['東S', '東証スタンダード']
2026-05-25 11:15:56,748 [SKIP] len error : ['東G', '東証グロース']
2026-05-25 11:15:56,748 [SKIP] len error : ['東Ｅ', '東証ETF']
2026-05-25 11:15:56,748 [SKIP] len error : ['東EN', '東証ETN']
2026-05-25 11:15:56,748 [SKIP] len error : ['東Ｒ', '東証REIT']
2026-05-25 11:15:56,748 [SKIP] len error : ['東IF', '東証インフラファンド']
2026-05-25 11:15:56,748 [SKIP] len error : ['名Ｐ', '名証プレミア']
2026-05-25 11:15:56,748 [SKIP] len error : ['名M', '名証メイン']
2026-05-25 11:15:56,748 [SKIP] len error : ['名N', '名証ネクスト']
2026-05-25 11:15:56,748 [SKIP] len error : ['名Ｅ', '名証ETF']
2026-05-25 11:15:56,748 [SKIP] len error : ['札Ａ', '札証アンビシャス']
2026-05-25 11:15:56,748 [SKIP] len error : ['福Ｑ', '福証Q-Board']
2026-05-25 11:15:56,748 [SKIP] len error : ['①', '高い', '1,000回以上', '13.9%']
2026-05-25 11:15:56,748 [SKIP] len error : ['②', 'やや高い', '400回〜1,000回', '18.5%']
2026-05-25 11:15:56,748 [SKIP] len error : ['③', '中位', '50回〜400回', '39.0%']
2026-05-25 11:15:56,748 [SKIP] len error : ['④', 'やや低い', '10回〜50回', '17.6%']
2026-05-25 11:15:56,748 [SKIP] len error : ['⑤', '低い', '10回未満', '11.0%']
2026-05-25 11:15:56,748 1300件 / ?件中 20:15
2026-05-25 11:15:56,797 [TOTAL] None
2026-05-25 11:15:56,797 [COUNT] 1300
2026-05-25 11:15:57,334 [PAGE] 66
2026-05-25 11:15:57,573 [SKIP] len error : ['東P', '東証プライム']
2026-05-25 11:15:57,573 [SKIP] len error : ['東S', '東証スタンダード']
2026-05-25 11:15:57,573 [SKIP] len error : ['東G', '東証グロース']
2026-05-25 11:15:57,573 [SKIP] len error : ['東Ｅ', '東証ETF']
2026-05-25 11:15:57,573 [SKIP] len error : ['東EN', '東証ETN']
2026-05-25 11:15:57,573 [SKIP] len error : ['東Ｒ', '東証REIT']
2026-05-25 11:15:57,573 [SKIP] len error : ['東IF', '東証インフラファンド']
2026-05-25 11:15:57,573 [SKIP] len error : ['名Ｐ', '名証プレミア']
2026-05-25 11:15:57,573 [SKIP] len error : ['名M', '名証メイン']
2026-05-25 11:15:57,573 [SKIP] len error : ['名N', '名証ネクスト']
2026-05-25 11:15:57,573 [SKIP] len error : ['名Ｅ', '名証ETF']
2026-05-25 11:15:57,573 [SKIP] len error : ['札Ａ', '札証アンビシャス']
2026-05-25 11:15:57,573 [SKIP] len error : ['福Ｑ', '福証Q-Board']
2026-05-25 11:15:57,573 [SKIP] len error : ['①', '高い', '1,000回以上', '13.9%']
2026-05-25 11:15:57,573 [SKIP] len error : ['②', 'やや高い', '400回〜1,000回', '18.5%']
2026-05-25 11:15:57,573 [SKIP] len error : ['③', '中位', '50回〜400回', '39.0%']
2026-05-25 11:15:57,573 [SKIP] len error : ['④', 'やや低い', '10回〜50回', '17.6%']
2026-05-25 11:15:57,573 [SKIP] len error : ['⑤', '低い', '10回未満', '11.0%']
2026-05-25 11:15:57,574 1320件 / ?件中 20:15
2026-05-25 11:15:57,620 [TOTAL] None
2026-05-25 11:15:57,620 [COUNT] 1320
2026-05-25 11:15:58,680 [PAGE] 67
2026-05-25 11:15:58,956 [SKIP] len error : ['東P', '東証プライム']
2026-05-25 11:15:58,956 [SKIP] len error : ['東S', '東証スタンダード']
2026-05-25 11:15:58,956 [SKIP] len error : ['東G', '東証グロース']
2026-05-25 11:15:58,956 [SKIP] len error : ['東Ｅ', '東証ETF']
2026-05-25 11:15:58,956 [SKIP] len error : ['東EN', '東証ETN']
2026-05-25 11:15:58,957 [SKIP] len error : ['東Ｒ', '東証REIT']
2026-05-25 11:15:58,957 [SKIP] len error : ['東IF', '東証インフラファンド']
2026-05-25 11:15:58,957 [SKIP] len error : ['名Ｐ', '名証プレミア']
2026-05-25 11:15:58,957 [SKIP] len error : ['名M', '名証メイン']
2026-05-25 11:15:58,957 [SKIP] len error : ['名N', '名証ネクスト']
2026-05-25 11:15:58,957 [SKIP] len error : ['名Ｅ', '名証ETF']
2026-05-25 11:15:58,957 [SKIP] len error : ['札Ａ', '札証アンビシャス']
2026-05-25 11:15:58,957 [SKIP] len error : ['福Ｑ', '福証Q-Board']
2026-05-25 11:15:58,957 [SKIP] len error : ['①', '高い', '1,000回以上', '13.9%']
2026-05-25 11:15:58,957 [SKIP] len error : ['②', 'やや高い', '400回〜1,000回', '18.5%']
2026-05-25 11:15:58,957 [SKIP] len error : ['③', '中位', '50回〜400回', '39.0%']
2026-05-25 11:15:58,957 [SKIP] len error : ['④', 'やや低い', '10回〜50回', '17.6%']
2026-05-25 11:15:58,957 [SKIP] len error : ['⑤', '低い', '10回未満', '11.0%']
2026-05-25 11:15:58,957 1340件 / ?件中 20:15
2026-05-25 11:15:59,004 [TOTAL] None
2026-05-25 11:15:59,004 [COUNT] 1340
2026-05-25 11:15:59,601 [PAGE] 68
2026-05-25 11:15:59,851 [SKIP] len error : ['東P', '東証プライム']
2026-05-25 11:15:59,852 [SKIP] len error : ['東S', '東証スタンダード']
2026-05-25 11:15:59,852 [SKIP] len error : ['東G', '東証グロース']
2026-05-25 11:15:59,852 [SKIP] len error : ['東Ｅ', '東証ETF']
2026-05-25 11:15:59,852 [SKIP] len error : ['東EN', '東証ETN']
2026-05-25 11:15:59,852 [SKIP] len error : ['東Ｒ', '東証REIT']
2026-05-25 11:15:59,852 [SKIP] len error : ['東IF', '東証インフラファンド']
2026-05-25 11:15:59,852 [SKIP] len error : ['名Ｐ', '名証プレミア']
2026-05-25 11:15:59,852 [SKIP] len error : ['名M', '名証メイン']
2026-05-25 11:15:59,852 [SKIP] len error : ['名N', '名証ネクスト']
2026-05-25 11:15:59,852 [SKIP] len error : ['名Ｅ', '名証ETF']
2026-05-25 11:15:59,852 [SKIP] len error : ['札Ａ', '札証アンビシャス']
2026-05-25 11:15:59,852 [SKIP] len error : ['福Ｑ', '福証Q-Board']
2026-05-25 11:15:59,852 [SKIP] len error : ['①', '高い', '1,000回以上', '13.9%']
2026-05-25 11:15:59,852 [SKIP] len error : ['②', 'やや高い', '400回〜1,000回', '18.5%']
2026-05-25 11:15:59,852 [SKIP] len error : ['③', '中位', '50回〜400回', '39.0%']
2026-05-25 11:15:59,852 [SKIP] len error : ['④', 'やや低い', '10回〜50回', '17.6%']
2026-05-25 11:15:59,852 [SKIP] len error : ['⑤', '低い', '10回未満', '11.0%']
2026-05-25 11:15:59,852 1360件 / ?件中 20:15
2026-05-25 11:15:59,939 [TOTAL] None
2026-05-25 11:15:59,940 [COUNT] 1360
2026-05-25 11:16:01,215 [PAGE] 69
2026-05-25 11:16:01,472 [SKIP] len error : ['東P', '東証プライム']
2026-05-25 11:16:01,472 [SKIP] len error : ['東S', '東証スタンダード']
2026-05-25 11:16:01,472 [SKIP] len error : ['東G', '東証グロース']
2026-05-25 11:16:01,472 [SKIP] len error : ['東Ｅ', '東証ETF']
2026-05-25 11:16:01,472 [SKIP] len error : ['東EN', '東証ETN']
2026-05-25 11:16:01,472 [SKIP] len error : ['東Ｒ', '東証REIT']
2026-05-25 11:16:01,472 [SKIP] len error : ['東IF', '東証インフラファンド']
2026-05-25 11:16:01,473 [SKIP] len error : ['名Ｐ', '名証プレミア']
2026-05-25 11:16:01,473 [SKIP] len error : ['名M', '名証メイン']
2026-05-25 11:16:01,473 [SKIP] len error : ['名N', '名証ネクスト']
2026-05-25 11:16:01,473 [SKIP] len error : ['名Ｅ', '名証ETF']
2026-05-25 11:16:01,473 [SKIP] len error : ['札Ａ', '札証アンビシャス']
2026-05-25 11:16:01,473 [SKIP] len error : ['福Ｑ', '福証Q-Board']
2026-05-25 11:16:01,473 [SKIP] len error : ['①', '高い', '1,000回以上', '13.9%']
2026-05-25 11:16:01,473 [SKIP] len error : ['②', 'やや高い', '400回〜1,000回', '18.5%']
2026-05-25 11:16:01,473 [SKIP] len error : ['③', '中位', '50回〜400回', '39.0%']
2026-05-25 11:16:01,473 [SKIP] len error : ['④', 'やや低い', '10回〜50回', '17.6%']
2026-05-25 11:16:01,473 [SKIP] len error : ['⑤', '低い', '10回未満', '11.0%']
2026-05-25 11:16:01,473 1380件 / ?件中 20:16
2026-05-25 11:16:01,519 [TOTAL] None
2026-05-25 11:16:01,519 [COUNT] 1380
2026-05-25 11:16:02,491 [PAGE] 70
2026-05-25 11:16:02,731 [SKIP] len error : ['東P', '東証プライム']
2026-05-25 11:16:02,731 [SKIP] len error : ['東S', '東証スタンダード']
2026-05-25 11:16:02,731 [SKIP] len error : ['東G', '東証グロース']
2026-05-25 11:16:02,731 [SKIP] len error : ['東Ｅ', '東証ETF']
2026-05-25 11:16:02,731 [SKIP] len error : ['東EN', '東証ETN']
2026-05-25 11:16:02,731 [SKIP] len error : ['東Ｒ', '東証REIT']
2026-05-25 11:16:02,731 [SKIP] len error : ['東IF', '東証インフラファンド']
2026-05-25 11:16:02,731 [SKIP] len error : ['名Ｐ', '名証プレミア']
2026-05-25 11:16:02,731 [SKIP] len error : ['名M', '名証メイン']
2026-05-25 11:16:02,731 [SKIP] len error : ['名N', '名証ネクスト']
2026-05-25 11:16:02,731 [SKIP] len error : ['名Ｅ', '名証ETF']
2026-05-25 11:16:02,731 [SKIP] len error : ['札Ａ', '札証アンビシャス']
2026-05-25 11:16:02,731 [SKIP] len error : ['福Ｑ', '福証Q-Board']
2026-05-25 11:16:02,731 [SKIP] len error : ['①', '高い', '1,000回以上', '13.9%']
2026-05-25 11:16:02,731 [SKIP] len error : ['②', 'やや高い', '400回〜1,000回', '18.5%']
2026-05-25 11:16:02,731 [SKIP] len error : ['③', '中位', '50回〜400回', '39.0%']
2026-05-25 11:16:02,731 [SKIP] len error : ['④', 'やや低い', '10回〜50回', '17.6%']
2026-05-25 11:16:02,731 [SKIP] len error : ['⑤', '低い', '10回未満', '11.0%']
2026-05-25 11:16:02,732 1400件 / ?件中 20:16
2026-05-25 11:16:02,777 [TOTAL] None
2026-05-25 11:16:02,777 [COUNT] 1400
2026-05-25 11:16:04,100 [PAGE] 71
2026-05-25 11:16:04,363 [SKIP] len error : ['東P', '東証プライム']
2026-05-25 11:16:04,363 [SKIP] len error : ['東S', '東証スタンダード']
2026-05-25 11:16:04,363 [SKIP] len error : ['東G', '東証グロース']
2026-05-25 11:16:04,363 [SKIP] len error : ['東Ｅ', '東証ETF']
2026-05-25 11:16:04,363 [SKIP] len error : ['東EN', '東証ETN']
2026-05-25 11:16:04,363 [SKIP] len error : ['東Ｒ', '東証REIT']
2026-05-25 11:16:04,363 [SKIP] len error : ['東IF', '東証インフラファンド']
2026-05-25 11:16:04,363 [SKIP] len error : ['名Ｐ', '名証プレミア']
2026-05-25 11:16:04,363 [SKIP] len error : ['名M', '名証メイン']
2026-05-25 11:16:04,363 [SKIP] len error : ['名N', '名証ネクスト']
2026-05-25 11:16:04,363 [SKIP] len error : ['名Ｅ', '名証ETF']
2026-05-25 11:16:04,363 [SKIP] len error : ['札Ａ', '札証アンビシャス']
2026-05-25 11:16:04,363 [SKIP] len error : ['福Ｑ', '福証Q-Board']
2026-05-25 11:16:04,364 [SKIP] len error : ['①', '高い', '1,000回以上', '13.9%']
2026-05-25 11:16:04,364 [SKIP] len error : ['②', 'やや高い', '400回〜1,000回', '18.5%']
2026-05-25 11:16:04,364 [SKIP] len error : ['③', '中位', '50回〜400回', '39.0%']
2026-05-25 11:16:04,364 [SKIP] len error : ['④', 'やや低い', '10回〜50回', '17.6%']
2026-05-25 11:16:04,364 [SKIP] len error : ['⑤', '低い', '10回未満', '11.0%']
2026-05-25 11:16:04,364 1420件 / ?件中 20:16
2026-05-25 11:16:04,409 [TOTAL] None
2026-05-25 11:16:04,409 [COUNT] 1420
2026-05-25 11:16:05,256 [PAGE] 72
2026-05-25 11:16:05,523 [SKIP] len error : ['東P', '東証プライム']
2026-05-25 11:16:05,523 [SKIP] len error : ['東S', '東証スタンダード']
2026-05-25 11:16:05,523 [SKIP] len error : ['東G', '東証グロース']
2026-05-25 11:16:05,523 [SKIP] len error : ['東Ｅ', '東証ETF']
2026-05-25 11:16:05,523 [SKIP] len error : ['東EN', '東証ETN']
2026-05-25 11:16:05,523 [SKIP] len error : ['東Ｒ', '東証REIT']
2026-05-25 11:16:05,523 [SKIP] len error : ['東IF', '東証インフラファンド']
2026-05-25 11:16:05,523 [SKIP] len error : ['名Ｐ', '名証プレミア']
2026-05-25 11:16:05,523 [SKIP] len error : ['名M', '名証メイン']
2026-05-25 11:16:05,523 [SKIP] len error : ['名N', '名証ネクスト']
2026-05-25 11:16:05,523 [SKIP] len error : ['名Ｅ', '名証ETF']
2026-05-25 11:16:05,523 [SKIP] len error : ['札Ａ', '札証アンビシャス']
2026-05-25 11:16:05,523 [SKIP] len error : ['福Ｑ', '福証Q-Board']
2026-05-25 11:16:05,523 [SKIP] len error : ['①', '高い', '1,000回以上', '13.9%']
2026-05-25 11:16:05,523 [SKIP] len error : ['②', 'やや高い', '400回〜1,000回', '18.5%']
2026-05-25 11:16:05,523 [SKIP] len error : ['③', '中位', '50回〜400回', '39.0%']
2026-05-25 11:16:05,523 [SKIP] len error : ['④', 'やや低い', '10回〜50回', '17.6%']
2026-05-25 11:16:05,523 [SKIP] len error : ['⑤', '低い', '10回未満', '11.0%']
2026-05-25 11:16:05,524 1440件 / ?件中 20:16
2026-05-25 11:16:05,568 [TOTAL] None
2026-05-25 11:16:05,568 [COUNT] 1440
2026-05-25 11:16:06,341 [PAGE] 73
2026-05-25 11:16:06,643 [SKIP] len error : ['東P', '東証プライム']
2026-05-25 11:16:06,643 [SKIP] len error : ['東S', '東証スタンダード']
2026-05-25 11:16:06,643 [SKIP] len error : ['東G', '東証グロース']
2026-05-25 11:16:06,643 [SKIP] len error : ['東Ｅ', '東証ETF']
2026-05-25 11:16:06,643 [SKIP] len error : ['東EN', '東証ETN']
2026-05-25 11:16:06,643 [SKIP] len error : ['東Ｒ', '東証REIT']
2026-05-25 11:16:06,643 [SKIP] len error : ['東IF', '東証インフラファンド']
2026-05-25 11:16:06,643 [SKIP] len error : ['名Ｐ', '名証プレミア']
2026-05-25 11:16:06,643 [SKIP] len error : ['名M', '名証メイン']
2026-05-25 11:16:06,643 [SKIP] len error : ['名N', '名証ネクスト']
2026-05-25 11:16:06,643 [SKIP] len error : ['名Ｅ', '名証ETF']
2026-05-25 11:16:06,643 [SKIP] len error : ['札Ａ', '札証アンビシャス']
2026-05-25 11:16:06,643 [SKIP] len error : ['福Ｑ', '福証Q-Board']
2026-05-25 11:16:06,643 [SKIP] len error : ['①', '高い', '1,000回以上', '13.9%']
2026-05-25 11:16:06,643 [SKIP] len error : ['②', 'やや高い', '400回〜1,000回', '18.5%']
2026-05-25 11:16:06,643 [SKIP] len error : ['③', '中位', '50回〜400回', '39.0%']
2026-05-25 11:16:06,643 [SKIP] len error : ['④', 'やや低い', '10回〜50回', '17.6%']
2026-05-25 11:16:06,643 [SKIP] len error : ['⑤', '低い', '10回未満', '11.0%']
2026-05-25 11:16:06,644 1460件 / ?件中 20:16
2026-05-25 11:16:06,689 [TOTAL] None
2026-05-25 11:16:06,689 [COUNT] 1460
2026-05-25 11:16:07,254 [PAGE] 74
2026-05-25 11:16:07,499 [SKIP] len error : ['東P', '東証プライム']
2026-05-25 11:16:07,499 [SKIP] len error : ['東S', '東証スタンダード']
2026-05-25 11:16:07,499 [SKIP] len error : ['東G', '東証グロース']
2026-05-25 11:16:07,499 [SKIP] len error : ['東Ｅ', '東証ETF']
2026-05-25 11:16:07,499 [SKIP] len error : ['東EN', '東証ETN']
2026-05-25 11:16:07,499 [SKIP] len error : ['東Ｒ', '東証REIT']
2026-05-25 11:16:07,500 [SKIP] len error : ['東IF', '東証インフラファンド']
2026-05-25 11:16:07,500 [SKIP] len error : ['名Ｐ', '名証プレミア']
2026-05-25 11:16:07,500 [SKIP] len error : ['名M', '名証メイン']
2026-05-25 11:16:07,500 [SKIP] len error : ['名N', '名証ネクスト']
2026-05-25 11:16:07,500 [SKIP] len error : ['名Ｅ', '名証ETF']
2026-05-25 11:16:07,500 [SKIP] len error : ['札Ａ', '札証アンビシャス']
2026-05-25 11:16:07,500 [SKIP] len error : ['福Ｑ', '福証Q-Board']
2026-05-25 11:16:07,500 [SKIP] len error : ['①', '高い', '1,000回以上', '13.9%']
2026-05-25 11:16:07,500 [SKIP] len error : ['②', 'やや高い', '400回〜1,000回', '18.5%']
2026-05-25 11:16:07,500 [SKIP] len error : ['③', '中位', '50回〜400回', '39.0%']
2026-05-25 11:16:07,500 [SKIP] len error : ['④', 'やや低い', '10回〜50回', '17.6%']
2026-05-25 11:16:07,500 [SKIP] len error : ['⑤', '低い', '10回未満', '11.0%']
2026-05-25 11:16:07,500 1480件 / ?件中 20:16
2026-05-25 11:16:07,546 [TOTAL] None
2026-05-25 11:16:07,546 [COUNT] 1480
2026-05-25 11:16:08,474 [PAGE] 75
2026-05-25 11:16:08,736 [SKIP] len error : ['東P', '東証プライム']
2026-05-25 11:16:08,737 [SKIP] len error : ['東S', '東証スタンダード']
2026-05-25 11:16:08,737 [SKIP] len error : ['東G', '東証グロース']
2026-05-25 11:16:08,737 [SKIP] len error : ['東Ｅ', '東証ETF']
2026-05-25 11:16:08,737 [SKIP] len error : ['東EN', '東証ETN']
2026-05-25 11:16:08,737 [SKIP] len error : ['東Ｒ', '東証REIT']
2026-05-25 11:16:08,737 [SKIP] len error : ['東IF', '東証インフラファンド']
2026-05-25 11:16:08,737 [SKIP] len error : ['名Ｐ', '名証プレミア']
2026-05-25 11:16:08,737 [SKIP] len error : ['名M', '名証メイン']
2026-05-25 11:16:08,737 [SKIP] len error : ['名N', '名証ネクスト']
2026-05-25 11:16:08,737 [SKIP] len error : ['名Ｅ', '名証ETF']
2026-05-25 11:16:08,737 [SKIP] len error : ['札Ａ', '札証アンビシャス']
2026-05-25 11:16:08,737 [SKIP] len error : ['福Ｑ', '福証Q-Board']
2026-05-25 11:16:08,737 [SKIP] len error : ['①', '高い', '1,000回以上', '13.9%']
2026-05-25 11:16:08,737 [SKIP] len error : ['②', 'やや高い', '400回〜1,000回', '18.5%']
2026-05-25 11:16:08,737 [SKIP] len error : ['③', '中位', '50回〜400回', '39.0%']
2026-05-25 11:16:08,737 [SKIP] len error : ['④', 'やや低い', '10回〜50回', '17.6%']
2026-05-25 11:16:08,737 [SKIP] len error : ['⑤', '低い', '10回未満', '11.0%']
2026-05-25 11:16:08,737 1500件 / ?件中 20:16
2026-05-25 11:16:08,783 [TOTAL] None
2026-05-25 11:16:08,783 [COUNT] 1500
2026-05-25 11:16:09,953 [PAGE] 76
2026-05-25 11:16:10,224 [SKIP] len error : ['東P', '東証プライム']
2026-05-25 11:16:10,224 [SKIP] len error : ['東S', '東証スタンダード']
2026-05-25 11:16:10,224 [SKIP] len error : ['東G', '東証グロース']
2026-05-25 11:16:10,224 [SKIP] len error : ['東Ｅ', '東証ETF']
2026-05-25 11:16:10,224 [SKIP] len error : ['東EN', '東証ETN']
2026-05-25 11:16:10,224 [SKIP] len error : ['東Ｒ', '東証REIT']
2026-05-25 11:16:10,224 [SKIP] len error : ['東IF', '東証インフラファンド']
2026-05-25 11:16:10,224 [SKIP] len error : ['名Ｐ', '名証プレミア']
2026-05-25 11:16:10,224 [SKIP] len error : ['名M', '名証メイン']
2026-05-25 11:16:10,224 [SKIP] len error : ['名N', '名証ネクスト']
2026-05-25 11:16:10,224 [SKIP] len error : ['名Ｅ', '名証ETF']
2026-05-25 11:16:10,224 [SKIP] len error : ['札Ａ', '札証アンビシャス']
2026-05-25 11:16:10,224 [SKIP] len error : ['福Ｑ', '福証Q-Board']
2026-05-25 11:16:10,224 [SKIP] len error : ['①', '高い', '1,000回以上', '13.9%']
2026-05-25 11:16:10,224 [SKIP] len error : ['②', 'やや高い', '400回〜1,000回', '18.5%']
2026-05-25 11:16:10,224 [SKIP] len error : ['③', '中位', '50回〜400回', '39.0%']
2026-05-25 11:16:10,224 [SKIP] len error : ['④', 'やや低い', '10回〜50回', '17.6%']
2026-05-25 11:16:10,224 [SKIP] len error : ['⑤', '低い', '10回未満', '11.0%']
2026-05-25 11:16:10,225 1520件 / ?件中 20:16
2026-05-25 11:16:10,271 [TOTAL] None
2026-05-25 11:16:10,271 [COUNT] 1520
2026-05-25 11:16:11,004 [PAGE] 77
2026-05-25 11:16:11,277 [SKIP] len error : ['東P', '東証プライム']
2026-05-25 11:16:11,277 [SKIP] len error : ['東S', '東証スタンダード']
2026-05-25 11:16:11,277 [SKIP] len error : ['東G', '東証グロース']
2026-05-25 11:16:11,277 [SKIP] len error : ['東Ｅ', '東証ETF']
2026-05-25 11:16:11,277 [SKIP] len error : ['東EN', '東証ETN']
2026-05-25 11:16:11,277 [SKIP] len error : ['東Ｒ', '東証REIT']
2026-05-25 11:16:11,277 [SKIP] len error : ['東IF', '東証インフラファンド']
2026-05-25 11:16:11,277 [SKIP] len error : ['名Ｐ', '名証プレミア']
2026-05-25 11:16:11,277 [SKIP] len error : ['名M', '名証メイン']
2026-05-25 11:16:11,277 [SKIP] len error : ['名N', '名証ネクスト']
2026-05-25 11:16:11,277 [SKIP] len error : ['名Ｅ', '名証ETF']
2026-05-25 11:16:11,277 [SKIP] len error : ['札Ａ', '札証アンビシャス']
2026-05-25 11:16:11,277 [SKIP] len error : ['福Ｑ', '福証Q-Board']
2026-05-25 11:16:11,277 [SKIP] len error : ['①', '高い', '1,000回以上', '13.9%']
2026-05-25 11:16:11,278 [SKIP] len error : ['②', 'やや高い', '400回〜1,000回', '18.5%']
2026-05-25 11:16:11,278 [SKIP] len error : ['③', '中位', '50回〜400回', '39.0%']
2026-05-25 11:16:11,278 [SKIP] len error : ['④', 'やや低い', '10回〜50回', '17.6%']
2026-05-25 11:16:11,278 [SKIP] len error : ['⑤', '低い', '10回未満', '11.0%']
2026-05-25 11:16:11,278 1540件 / ?件中 20:16
2026-05-25 11:16:11,324 [TOTAL] None
2026-05-25 11:16:11,324 [COUNT] 1540
2026-05-25 11:16:12,562 [PAGE] 78
2026-05-25 11:16:12,874 [SKIP] len error : ['東P', '東証プライム']
2026-05-25 11:16:12,874 [SKIP] len error : ['東S', '東証スタンダード']
2026-05-25 11:16:12,874 [SKIP] len error : ['東G', '東証グロース']
2026-05-25 11:16:12,874 [SKIP] len error : ['東Ｅ', '東証ETF']
2026-05-25 11:16:12,874 [SKIP] len error : ['東EN', '東証ETN']
2026-05-25 11:16:12,874 [SKIP] len error : ['東Ｒ', '東証REIT']
2026-05-25 11:16:12,874 [SKIP] len error : ['東IF', '東証インフラファンド']
2026-05-25 11:16:12,874 [SKIP] len error : ['名Ｐ', '名証プレミア']
2026-05-25 11:16:12,874 [SKIP] len error : ['名M', '名証メイン']
2026-05-25 11:16:12,874 [SKIP] len error : ['名N', '名証ネクスト']
2026-05-25 11:16:12,874 [SKIP] len error : ['名Ｅ', '名証ETF']
2026-05-25 11:16:12,874 [SKIP] len error : ['札Ａ', '札証アンビシャス']
2026-05-25 11:16:12,874 [SKIP] len error : ['福Ｑ', '福証Q-Board']
2026-05-25 11:16:12,874 [SKIP] len error : ['①', '高い', '1,000回以上', '13.9%']
2026-05-25 11:16:12,874 [SKIP] len error : ['②', 'やや高い', '400回〜1,000回', '18.5%']
2026-05-25 11:16:12,874 [SKIP] len error : ['③', '中位', '50回〜400回', '39.0%']
2026-05-25 11:16:12,874 [SKIP] len error : ['④', 'やや低い', '10回〜50回', '17.6%']
2026-05-25 11:16:12,874 [SKIP] len error : ['⑤', '低い', '10回未満', '11.0%']
2026-05-25 11:16:12,875 1560件 / ?件中 20:16
2026-05-25 11:16:12,920 [TOTAL] None
2026-05-25 11:16:12,920 [COUNT] 1560
2026-05-25 11:16:13,626 [PAGE] 79
2026-05-25 11:16:13,887 [SKIP] len error : ['東P', '東証プライム']
2026-05-25 11:16:13,888 [SKIP] len error : ['東S', '東証スタンダード']
2026-05-25 11:16:13,888 [SKIP] len error : ['東G', '東証グロース']
2026-05-25 11:16:13,888 [SKIP] len error : ['東Ｅ', '東証ETF']
2026-05-25 11:16:13,888 [SKIP] len error : ['東EN', '東証ETN']
2026-05-25 11:16:13,888 [SKIP] len error : ['東Ｒ', '東証REIT']
2026-05-25 11:16:13,888 [SKIP] len error : ['東IF', '東証インフラファンド']
2026-05-25 11:16:13,888 [SKIP] len error : ['名Ｐ', '名証プレミア']
2026-05-25 11:16:13,888 [SKIP] len error : ['名M', '名証メイン']
2026-05-25 11:16:13,888 [SKIP] len error : ['名N', '名証ネクスト']
2026-05-25 11:16:13,888 [SKIP] len error : ['名Ｅ', '名証ETF']
2026-05-25 11:16:13,888 [SKIP] len error : ['札Ａ', '札証アンビシャス']
2026-05-25 11:16:13,888 [SKIP] len error : ['福Ｑ', '福証Q-Board']
2026-05-25 11:16:13,888 [SKIP] len error : ['①', '高い', '1,000回以上', '13.9%']
2026-05-25 11:16:13,888 [SKIP] len error : ['②', 'やや高い', '400回〜1,000回', '18.5%']
2026-05-25 11:16:13,888 [SKIP] len error : ['③', '中位', '50回〜400回', '39.0%']
2026-05-25 11:16:13,888 [SKIP] len error : ['④', 'やや低い', '10回〜50回', '17.6%']
2026-05-25 11:16:13,888 [SKIP] len error : ['⑤', '低い', '10回未満', '11.0%']
2026-05-25 11:16:13,888 1580件 / ?件中 20:16
2026-05-25 11:16:13,935 [TOTAL] None
2026-05-25 11:16:13,935 [COUNT] 1580
2026-05-25 11:16:15,107 [PAGE] 80
2026-05-25 11:16:15,377 [SKIP] len error : ['東P', '東証プライム']
2026-05-25 11:16:15,377 [SKIP] len error : ['東S', '東証スタンダード']
2026-05-25 11:16:15,377 [SKIP] len error : ['東G', '東証グロース']
2026-05-25 11:16:15,377 [SKIP] len error : ['東Ｅ', '東証ETF']
2026-05-25 11:16:15,377 [SKIP] len error : ['東EN', '東証ETN']
2026-05-25 11:16:15,377 [SKIP] len error : ['東Ｒ', '東証REIT']
2026-05-25 11:16:15,377 [SKIP] len error : ['東IF', '東証インフラファンド']
2026-05-25 11:16:15,377 [SKIP] len error : ['名Ｐ', '名証プレミア']
2026-05-25 11:16:15,377 [SKIP] len error : ['名M', '名証メイン']
2026-05-25 11:16:15,377 [SKIP] len error : ['名N', '名証ネクスト']
2026-05-25 11:16:15,377 [SKIP] len error : ['名Ｅ', '名証ETF']
2026-05-25 11:16:15,377 [SKIP] len error : ['札Ａ', '札証アンビシャス']
2026-05-25 11:16:15,377 [SKIP] len error : ['福Ｑ', '福証Q-Board']
2026-05-25 11:16:15,377 [SKIP] len error : ['①', '高い', '1,000回以上', '13.9%']
2026-05-25 11:16:15,377 [SKIP] len error : ['②', 'やや高い', '400回〜1,000回', '18.5%']
2026-05-25 11:16:15,377 [SKIP] len error : ['③', '中位', '50回〜400回', '39.0%']
2026-05-25 11:16:15,377 [SKIP] len error : ['④', 'やや低い', '10回〜50回', '17.6%']
2026-05-25 11:16:15,377 [SKIP] len error : ['⑤', '低い', '10回未満', '11.0%']
2026-05-25 11:16:15,378 1600件 / ?件中 20:16
2026-05-25 11:16:15,424 [TOTAL] None
2026-05-25 11:16:15,424 [COUNT] 1600
2026-05-25 11:16:16,628 [PAGE] 81
2026-05-25 11:16:16,893 [SKIP] len error : ['東P', '東証プライム']
2026-05-25 11:16:16,893 [SKIP] len error : ['東S', '東証スタンダード']
2026-05-25 11:16:16,893 [SKIP] len error : ['東G', '東証グロース']
2026-05-25 11:16:16,893 [SKIP] len error : ['東Ｅ', '東証ETF']
2026-05-25 11:16:16,893 [SKIP] len error : ['東EN', '東証ETN']
2026-05-25 11:16:16,893 [SKIP] len error : ['東Ｒ', '東証REIT']
2026-05-25 11:16:16,893 [SKIP] len error : ['東IF', '東証インフラファンド']
2026-05-25 11:16:16,893 [SKIP] len error : ['名Ｐ', '名証プレミア']
2026-05-25 11:16:16,893 [SKIP] len error : ['名M', '名証メイン']
2026-05-25 11:16:16,893 [SKIP] len error : ['名N', '名証ネクスト']
2026-05-25 11:16:16,893 [SKIP] len error : ['名Ｅ', '名証ETF']
2026-05-25 11:16:16,893 [SKIP] len error : ['札Ａ', '札証アンビシャス']
2026-05-25 11:16:16,893 [SKIP] len error : ['福Ｑ', '福証Q-Board']
2026-05-25 11:16:16,893 [SKIP] len error : ['①', '高い', '1,000回以上', '13.9%']
2026-05-25 11:16:16,893 [SKIP] len error : ['②', 'やや高い', '400回〜1,000回', '18.5%']
2026-05-25 11:16:16,893 [SKIP] len error : ['③', '中位', '50回〜400回', '39.0%']
2026-05-25 11:16:16,893 [SKIP] len error : ['④', 'やや低い', '10回〜50回', '17.6%']
2026-05-25 11:16:16,893 [SKIP] len error : ['⑤', '低い', '10回未満', '11.0%']
2026-05-25 11:16:16,894 1620件 / ?件中 20:16
2026-05-25 11:16:16,939 [TOTAL] None
2026-05-25 11:16:16,939 [COUNT] 1620
2026-05-25 11:16:17,540 [PAGE] 82
2026-05-25 11:16:17,836 [SKIP] len error : ['東P', '東証プライム']
2026-05-25 11:16:17,836 [SKIP] len error : ['東S', '東証スタンダード']
2026-05-25 11:16:17,836 [SKIP] len error : ['東G', '東証グロース']
2026-05-25 11:16:17,836 [SKIP] len error : ['東Ｅ', '東証ETF']
2026-05-25 11:16:17,836 [SKIP] len error : ['東EN', '東証ETN']
2026-05-25 11:16:17,836 [SKIP] len error : ['東Ｒ', '東証REIT']
2026-05-25 11:16:17,836 [SKIP] len error : ['東IF', '東証インフラファンド']
2026-05-25 11:16:17,836 [SKIP] len error : ['名Ｐ', '名証プレミア']
2026-05-25 11:16:17,836 [SKIP] len error : ['名M', '名証メイン']
2026-05-25 11:16:17,836 [SKIP] len error : ['名N', '名証ネクスト']
2026-05-25 11:16:17,836 [SKIP] len error : ['名Ｅ', '名証ETF']
2026-05-25 11:16:17,836 [SKIP] len error : ['札Ａ', '札証アンビシャス']
2026-05-25 11:16:17,836 [SKIP] len error : ['福Ｑ', '福証Q-Board']
2026-05-25 11:16:17,836 [SKIP] len error : ['①', '高い', '1,000回以上', '13.9%']
2026-05-25 11:16:17,836 [SKIP] len error : ['②', 'やや高い', '400回〜1,000回', '18.5%']
2026-05-25 11:16:17,836 [SKIP] len error : ['③', '中位', '50回〜400回', '39.0%']
2026-05-25 11:16:17,836 [SKIP] len error : ['④', 'やや低い', '10回〜50回', '17.6%']
2026-05-25 11:16:17,836 [SKIP] len error : ['⑤', '低い', '10回未満', '11.0%']
2026-05-25 11:16:17,837 1640件 / ?件中 20:16
2026-05-25 11:16:17,917 [TOTAL] None
2026-05-25 11:16:17,917 [COUNT] 1640
2026-05-25 11:16:18,686 [PAGE] 83
2026-05-25 11:16:18,946 [SKIP] len error : ['東P', '東証プライム']
2026-05-25 11:16:18,946 [SKIP] len error : ['東S', '東証スタンダード']
2026-05-25 11:16:18,947 [SKIP] len error : ['東G', '東証グロース']
2026-05-25 11:16:18,947 [SKIP] len error : ['東Ｅ', '東証ETF']
2026-05-25 11:16:18,947 [SKIP] len error : ['東EN', '東証ETN']
2026-05-25 11:16:18,947 [SKIP] len error : ['東Ｒ', '東証REIT']
2026-05-25 11:16:18,947 [SKIP] len error : ['東IF', '東証インフラファンド']
2026-05-25 11:16:18,947 [SKIP] len error : ['名Ｐ', '名証プレミア']
2026-05-25 11:16:18,947 [SKIP] len error : ['名M', '名証メイン']
2026-05-25 11:16:18,947 [SKIP] len error : ['名N', '名証ネクスト']
2026-05-25 11:16:18,947 [SKIP] len error : ['名Ｅ', '名証ETF']
2026-05-25 11:16:18,947 [SKIP] len error : ['札Ａ', '札証アンビシャス']
2026-05-25 11:16:18,947 [SKIP] len error : ['福Ｑ', '福証Q-Board']
2026-05-25 11:16:18,947 [SKIP] len error : ['①', '高い', '1,000回以上', '13.9%']
2026-05-25 11:16:18,947 [SKIP] len error : ['②', 'やや高い', '400回〜1,000回', '18.5%']
2026-05-25 11:16:18,947 [SKIP] len error : ['③', '中位', '50回〜400回', '39.0%']
2026-05-25 11:16:18,947 [SKIP] len error : ['④', 'やや低い', '10回〜50回', '17.6%']
2026-05-25 11:16:18,947 [SKIP] len error : ['⑤', '低い', '10回未満', '11.0%']
2026-05-25 11:16:18,947 1660件 / ?件中 20:16
2026-05-25 11:16:18,992 [TOTAL] None
2026-05-25 11:16:18,992 [COUNT] 1660
2026-05-25 11:16:19,550 [PAGE] 84
2026-05-25 11:16:19,812 [SKIP] len error : ['東P', '東証プライム']
2026-05-25 11:16:19,812 [SKIP] len error : ['東S', '東証スタンダード']
2026-05-25 11:16:19,812 [SKIP] len error : ['東G', '東証グロース']
2026-05-25 11:16:19,812 [SKIP] len error : ['東Ｅ', '東証ETF']
2026-05-25 11:16:19,812 [SKIP] len error : ['東EN', '東証ETN']
2026-05-25 11:16:19,812 [SKIP] len error : ['東Ｒ', '東証REIT']
2026-05-25 11:16:19,812 [SKIP] len error : ['東IF', '東証インフラファンド']
2026-05-25 11:16:19,812 [SKIP] len error : ['名Ｐ', '名証プレミア']
2026-05-25 11:16:19,812 [SKIP] len error : ['名M', '名証メイン']
2026-05-25 11:16:19,812 [SKIP] len error : ['名N', '名証ネクスト']
2026-05-25 11:16:19,812 [SKIP] len error : ['名Ｅ', '名証ETF']
2026-05-25 11:16:19,812 [SKIP] len error : ['札Ａ', '札証アンビシャス']
2026-05-25 11:16:19,812 [SKIP] len error : ['福Ｑ', '福証Q-Board']
2026-05-25 11:16:19,812 [SKIP] len error : ['①', '高い', '1,000回以上', '13.9%']
2026-05-25 11:16:19,812 [SKIP] len error : ['②', 'やや高い', '400回〜1,000回', '18.5%']
2026-05-25 11:16:19,812 [SKIP] len error : ['③', '中位', '50回〜400回', '39.0%']
2026-05-25 11:16:19,812 [SKIP] len error : ['④', 'やや低い', '10回〜50回', '17.6%']
2026-05-25 11:16:19,813 [SKIP] len error : ['⑤', '低い', '10回未満', '11.0%']
2026-05-25 11:16:19,813 1680件 / ?件中 20:16
2026-05-25 11:16:19,859 [TOTAL] None
2026-05-25 11:16:19,859 [COUNT] 1680
2026-05-25 11:16:20,626 [PAGE] 85
2026-05-25 11:16:20,869 [SKIP] len error : ['東P', '東証プライム']
2026-05-25 11:16:20,869 [SKIP] len error : ['東S', '東証スタンダード']
2026-05-25 11:16:20,869 [SKIP] len error : ['東G', '東証グロース']
2026-05-25 11:16:20,869 [SKIP] len error : ['東Ｅ', '東証ETF']
2026-05-25 11:16:20,869 [SKIP] len error : ['東EN', '東証ETN']
2026-05-25 11:16:20,869 [SKIP] len error : ['東Ｒ', '東証REIT']
2026-05-25 11:16:20,869 [SKIP] len error : ['東IF', '東証インフラファンド']
2026-05-25 11:16:20,869 [SKIP] len error : ['名Ｐ', '名証プレミア']
2026-05-25 11:16:20,869 [SKIP] len error : ['名M', '名証メイン']
2026-05-25 11:16:20,869 [SKIP] len error : ['名N', '名証ネクスト']
2026-05-25 11:16:20,869 [SKIP] len error : ['名Ｅ', '名証ETF']
2026-05-25 11:16:20,869 [SKIP] len error : ['札Ａ', '札証アンビシャス']
2026-05-25 11:16:20,869 [SKIP] len error : ['福Ｑ', '福証Q-Board']
2026-05-25 11:16:20,869 [SKIP] len error : ['①', '高い', '1,000回以上', '13.9%']
2026-05-25 11:16:20,869 [SKIP] len error : ['②', 'やや高い', '400回〜1,000回', '18.5%']
2026-05-25 11:16:20,869 [SKIP] len error : ['③', '中位', '50回〜400回', '39.0%']
2026-05-25 11:16:20,869 [SKIP] len error : ['④', 'やや低い', '10回〜50回', '17.6%']
2026-05-25 11:16:20,869 [SKIP] len error : ['⑤', '低い', '10回未満', '11.0%']
2026-05-25 11:16:20,869 1700件 / ?件中 20:16
2026-05-25 11:16:20,915 [TOTAL] None
2026-05-25 11:16:20,915 [COUNT] 1700
2026-05-25 11:16:21,433 [PAGE] 86
2026-05-25 11:16:21,695 [SKIP] len error : ['東P', '東証プライム']
2026-05-25 11:16:21,695 [SKIP] len error : ['東S', '東証スタンダード']
2026-05-25 11:16:21,695 [SKIP] len error : ['東G', '東証グロース']
2026-05-25 11:16:21,695 [SKIP] len error : ['東Ｅ', '東証ETF']
2026-05-25 11:16:21,695 [SKIP] len error : ['東EN', '東証ETN']
2026-05-25 11:16:21,695 [SKIP] len error : ['東Ｒ', '東証REIT']
2026-05-25 11:16:21,695 [SKIP] len error : ['東IF', '東証インフラファンド']
2026-05-25 11:16:21,695 [SKIP] len error : ['名Ｐ', '名証プレミア']
2026-05-25 11:16:21,695 [SKIP] len error : ['名M', '名証メイン']
2026-05-25 11:16:21,695 [SKIP] len error : ['名N', '名証ネクスト']
2026-05-25 11:16:21,695 [SKIP] len error : ['名Ｅ', '名証ETF']
2026-05-25 11:16:21,695 [SKIP] len error : ['札Ａ', '札証アンビシャス']
2026-05-25 11:16:21,695 [SKIP] len error : ['福Ｑ', '福証Q-Board']
2026-05-25 11:16:21,695 [SKIP] len error : ['①', '高い', '1,000回以上', '13.9%']
2026-05-25 11:16:21,696 [SKIP] len error : ['②', 'やや高い', '400回〜1,000回', '18.5%']
2026-05-25 11:16:21,696 [SKIP] len error : ['③', '中位', '50回〜400回', '39.0%']
2026-05-25 11:16:21,696 [SKIP] len error : ['④', 'やや低い', '10回〜50回', '17.6%']
2026-05-25 11:16:21,696 [SKIP] len error : ['⑤', '低い', '10回未満', '11.0%']
2026-05-25 11:16:21,696 1720件 / ?件中 20:16
2026-05-25 11:16:21,741 [TOTAL] None
2026-05-25 11:16:21,741 [COUNT] 1720
2026-05-25 11:16:22,842 [PAGE] 87
2026-05-25 11:16:23,108 [SKIP] len error : ['東P', '東証プライム']
2026-05-25 11:16:23,108 [SKIP] len error : ['東S', '東証スタンダード']
2026-05-25 11:16:23,108 [SKIP] len error : ['東G', '東証グロース']
2026-05-25 11:16:23,108 [SKIP] len error : ['東Ｅ', '東証ETF']
2026-05-25 11:16:23,108 [SKIP] len error : ['東EN', '東証ETN']
2026-05-25 11:16:23,108 [SKIP] len error : ['東Ｒ', '東証REIT']
2026-05-25 11:16:23,108 [SKIP] len error : ['東IF', '東証インフラファンド']
2026-05-25 11:16:23,108 [SKIP] len error : ['名Ｐ', '名証プレミア']
2026-05-25 11:16:23,108 [SKIP] len error : ['名M', '名証メイン']
2026-05-25 11:16:23,108 [SKIP] len error : ['名N', '名証ネクスト']
2026-05-25 11:16:23,108 [SKIP] len error : ['名Ｅ', '名証ETF']
2026-05-25 11:16:23,108 [SKIP] len error : ['札Ａ', '札証アンビシャス']
2026-05-25 11:16:23,108 [SKIP] len error : ['福Ｑ', '福証Q-Board']
2026-05-25 11:16:23,108 [SKIP] len error : ['①', '高い', '1,000回以上', '13.9%']
2026-05-25 11:16:23,108 [SKIP] len error : ['②', 'やや高い', '400回〜1,000回', '18.5%']
2026-05-25 11:16:23,108 [SKIP] len error : ['③', '中位', '50回〜400回', '39.0%']
2026-05-25 11:16:23,108 [SKIP] len error : ['④', 'やや低い', '10回〜50回', '17.6%']
2026-05-25 11:16:23,108 [SKIP] len error : ['⑤', '低い', '10回未満', '11.0%']
2026-05-25 11:16:23,108 1740件 / ?件中 20:16
2026-05-25 11:16:23,202 [TOTAL] None
2026-05-25 11:16:23,202 [COUNT] 1740
2026-05-25 11:16:24,268 [PAGE] 88
2026-05-25 11:16:24,535 [SKIP] len error : ['東P', '東証プライム']
2026-05-25 11:16:24,535 [SKIP] len error : ['東S', '東証スタンダード']
2026-05-25 11:16:24,535 [SKIP] len error : ['東G', '東証グロース']
2026-05-25 11:16:24,535 [SKIP] len error : ['東Ｅ', '東証ETF']
2026-05-25 11:16:24,535 [SKIP] len error : ['東EN', '東証ETN']
2026-05-25 11:16:24,535 [SKIP] len error : ['東Ｒ', '東証REIT']
2026-05-25 11:16:24,535 [SKIP] len error : ['東IF', '東証インフラファンド']
2026-05-25 11:16:24,535 [SKIP] len error : ['名Ｐ', '名証プレミア']
2026-05-25 11:16:24,535 [SKIP] len error : ['名M', '名証メイン']
2026-05-25 11:16:24,535 [SKIP] len error : ['名N', '名証ネクスト']
2026-05-25 11:16:24,535 [SKIP] len error : ['名Ｅ', '名証ETF']
2026-05-25 11:16:24,535 [SKIP] len error : ['札Ａ', '札証アンビシャス']
2026-05-25 11:16:24,535 [SKIP] len error : ['福Ｑ', '福証Q-Board']
2026-05-25 11:16:24,535 [SKIP] len error : ['①', '高い', '1,000回以上', '13.9%']
2026-05-25 11:16:24,535 [SKIP] len error : ['②', 'やや高い', '400回〜1,000回', '18.5%']
2026-05-25 11:16:24,535 [SKIP] len error : ['③', '中位', '50回〜400回', '39.0%']
2026-05-25 11:16:24,536 [SKIP] len error : ['④', 'やや低い', '10回〜50回', '17.6%']
2026-05-25 11:16:24,536 [SKIP] len error : ['⑤', '低い', '10回未満', '11.0%']
2026-05-25 11:16:24,536 1760件 / ?件中 20:16
2026-05-25 11:16:24,582 [TOTAL] None
2026-05-25 11:16:24,582 [COUNT] 1760
2026-05-25 11:16:25,241 [PAGE] 89
2026-05-25 11:16:25,538 [SKIP] len error : ['東P', '東証プライム']
2026-05-25 11:16:25,538 [SKIP] len error : ['東S', '東証スタンダード']
2026-05-25 11:16:25,538 [SKIP] len error : ['東G', '東証グロース']
2026-05-25 11:16:25,538 [SKIP] len error : ['東Ｅ', '東証ETF']
2026-05-25 11:16:25,538 [SKIP] len error : ['東EN', '東証ETN']
2026-05-25 11:16:25,538 [SKIP] len error : ['東Ｒ', '東証REIT']
2026-05-25 11:16:25,538 [SKIP] len error : ['東IF', '東証インフラファンド']
2026-05-25 11:16:25,538 [SKIP] len error : ['名Ｐ', '名証プレミア']
2026-05-25 11:16:25,538 [SKIP] len error : ['名M', '名証メイン']
2026-05-25 11:16:25,538 [SKIP] len error : ['名N', '名証ネクスト']
2026-05-25 11:16:25,538 [SKIP] len error : ['名Ｅ', '名証ETF']
2026-05-25 11:16:25,538 [SKIP] len error : ['札Ａ', '札証アンビシャス']
2026-05-25 11:16:25,539 [SKIP] len error : ['福Ｑ', '福証Q-Board']
2026-05-25 11:16:25,539 [SKIP] len error : ['①', '高い', '1,000回以上', '13.9%']
2026-05-25 11:16:25,539 [SKIP] len error : ['②', 'やや高い', '400回〜1,000回', '18.5%']
2026-05-25 11:16:25,539 [SKIP] len error : ['③', '中位', '50回〜400回', '39.0%']
2026-05-25 11:16:25,539 [SKIP] len error : ['④', 'やや低い', '10回〜50回', '17.6%']
2026-05-25 11:16:25,539 [SKIP] len error : ['⑤', '低い', '10回未満', '11.0%']
2026-05-25 11:16:25,539 1780件 / ?件中 20:16
2026-05-25 11:16:25,585 [TOTAL] None
2026-05-25 11:16:25,585 [COUNT] 1780
2026-05-25 11:16:26,965 [PAGE] 90
2026-05-25 11:16:27,212 [SKIP] len error : ['東P', '東証プライム']
2026-05-25 11:16:27,212 [SKIP] len error : ['東S', '東証スタンダード']
2026-05-25 11:16:27,212 [SKIP] len error : ['東G', '東証グロース']
2026-05-25 11:16:27,212 [SKIP] len error : ['東Ｅ', '東証ETF']
2026-05-25 11:16:27,212 [SKIP] len error : ['東EN', '東証ETN']
2026-05-25 11:16:27,212 [SKIP] len error : ['東Ｒ', '東証REIT']
2026-05-25 11:16:27,212 [SKIP] len error : ['東IF', '東証インフラファンド']
2026-05-25 11:16:27,212 [SKIP] len error : ['名Ｐ', '名証プレミア']
2026-05-25 11:16:27,212 [SKIP] len error : ['名M', '名証メイン']
2026-05-25 11:16:27,212 [SKIP] len error : ['名N', '名証ネクスト']
2026-05-25 11:16:27,213 [SKIP] len error : ['名Ｅ', '名証ETF']
2026-05-25 11:16:27,213 [SKIP] len error : ['札Ａ', '札証アンビシャス']
2026-05-25 11:16:27,213 [SKIP] len error : ['福Ｑ', '福証Q-Board']
2026-05-25 11:16:27,213 [SKIP] len error : ['①', '高い', '1,000回以上', '13.9%']
2026-05-25 11:16:27,213 [SKIP] len error : ['②', 'やや高い', '400回〜1,000回', '18.5%']
2026-05-25 11:16:27,213 [SKIP] len error : ['③', '中位', '50回〜400回', '39.0%']
2026-05-25 11:16:27,213 [SKIP] len error : ['④', 'やや低い', '10回〜50回', '17.6%']
2026-05-25 11:16:27,213 [SKIP] len error : ['⑤', '低い', '10回未満', '11.0%']
2026-05-25 11:16:27,213 1800件 / ?件中 20:16
2026-05-25 11:16:27,259 [TOTAL] None
2026-05-25 11:16:27,259 [COUNT] 1800
2026-05-25 11:16:28,493 [PAGE] 91
2026-05-25 11:16:28,777 [SKIP] len error : ['東P', '東証プライム']
2026-05-25 11:16:28,777 [SKIP] len error : ['東S', '東証スタンダード']
2026-05-25 11:16:28,777 [SKIP] len error : ['東G', '東証グロース']
2026-05-25 11:16:28,777 [SKIP] len error : ['東Ｅ', '東証ETF']
2026-05-25 11:16:28,777 [SKIP] len error : ['東EN', '東証ETN']
2026-05-25 11:16:28,777 [SKIP] len error : ['東Ｒ', '東証REIT']
2026-05-25 11:16:28,777 [SKIP] len error : ['東IF', '東証インフラファンド']
2026-05-25 11:16:28,777 [SKIP] len error : ['名Ｐ', '名証プレミア']
2026-05-25 11:16:28,777 [SKIP] len error : ['名M', '名証メイン']
2026-05-25 11:16:28,777 [SKIP] len error : ['名N', '名証ネクスト']
2026-05-25 11:16:28,777 [SKIP] len error : ['名Ｅ', '名証ETF']
2026-05-25 11:16:28,777 [SKIP] len error : ['札Ａ', '札証アンビシャス']
2026-05-25 11:16:28,777 [SKIP] len error : ['福Ｑ', '福証Q-Board']
2026-05-25 11:16:28,777 [SKIP] len error : ['①', '高い', '1,000回以上', '13.9%']
2026-05-25 11:16:28,777 [SKIP] len error : ['②', 'やや高い', '400回〜1,000回', '18.5%']
2026-05-25 11:16:28,777 [SKIP] len error : ['③', '中位', '50回〜400回', '39.0%']
2026-05-25 11:16:28,777 [SKIP] len error : ['④', 'やや低い', '10回〜50回', '17.6%']
2026-05-25 11:16:28,777 [SKIP] len error : ['⑤', '低い', '10回未満', '11.0%']
2026-05-25 11:16:28,777 1820件 / ?件中 20:16
2026-05-25 11:16:28,823 [TOTAL] None
2026-05-25 11:16:28,823 [COUNT] 1820
2026-05-25 11:16:29,606 [PAGE] 92
2026-05-25 11:16:29,922 [SKIP] len error : ['東P', '東証プライム']
2026-05-25 11:16:29,922 [SKIP] len error : ['東S', '東証スタンダード']
2026-05-25 11:16:29,922 [SKIP] len error : ['東G', '東証グロース']
2026-05-25 11:16:29,922 [SKIP] len error : ['東Ｅ', '東証ETF']
2026-05-25 11:16:29,922 [SKIP] len error : ['東EN', '東証ETN']
2026-05-25 11:16:29,922 [SKIP] len error : ['東Ｒ', '東証REIT']
2026-05-25 11:16:29,922 [SKIP] len error : ['東IF', '東証インフラファンド']
2026-05-25 11:16:29,922 [SKIP] len error : ['名Ｐ', '名証プレミア']
2026-05-25 11:16:29,922 [SKIP] len error : ['名M', '名証メイン']
2026-05-25 11:16:29,922 [SKIP] len error : ['名N', '名証ネクスト']
2026-05-25 11:16:29,922 [SKIP] len error : ['名Ｅ', '名証ETF']
2026-05-25 11:16:29,922 [SKIP] len error : ['札Ａ', '札証アンビシャス']
2026-05-25 11:16:29,922 [SKIP] len error : ['福Ｑ', '福証Q-Board']
2026-05-25 11:16:29,922 [SKIP] len error : ['①', '高い', '1,000回以上', '13.9%']
2026-05-25 11:16:29,922 [SKIP] len error : ['②', 'やや高い', '400回〜1,000回', '18.5%']
2026-05-25 11:16:29,922 [SKIP] len error : ['③', '中位', '50回〜400回', '39.0%']
2026-05-25 11:16:29,922 [SKIP] len error : ['④', 'やや低い', '10回〜50回', '17.6%']
2026-05-25 11:16:29,922 [SKIP] len error : ['⑤', '低い', '10回未満', '11.0%']
2026-05-25 11:16:29,923 1840件 / ?件中 20:16
2026-05-25 11:16:29,968 [TOTAL] None
2026-05-25 11:16:29,969 [COUNT] 1840
2026-05-25 11:16:31,231 [PAGE] 93
2026-05-25 11:16:31,489 [SKIP] len error : ['東P', '東証プライム']
2026-05-25 11:16:31,489 [SKIP] len error : ['東S', '東証スタンダード']
2026-05-25 11:16:31,489 [SKIP] len error : ['東G', '東証グロース']
2026-05-25 11:16:31,490 [SKIP] len error : ['東Ｅ', '東証ETF']
2026-05-25 11:16:31,490 [SKIP] len error : ['東EN', '東証ETN']
2026-05-25 11:16:31,490 [SKIP] len error : ['東Ｒ', '東証REIT']
2026-05-25 11:16:31,490 [SKIP] len error : ['東IF', '東証インフラファンド']
2026-05-25 11:16:31,490 [SKIP] len error : ['名Ｐ', '名証プレミア']
2026-05-25 11:16:31,490 [SKIP] len error : ['名M', '名証メイン']
2026-05-25 11:16:31,490 [SKIP] len error : ['名N', '名証ネクスト']
2026-05-25 11:16:31,490 [SKIP] len error : ['名Ｅ', '名証ETF']
2026-05-25 11:16:31,490 [SKIP] len error : ['札Ａ', '札証アンビシャス']
2026-05-25 11:16:31,490 [SKIP] len error : ['福Ｑ', '福証Q-Board']
2026-05-25 11:16:31,490 [SKIP] len error : ['①', '高い', '1,000回以上', '13.9%']
2026-05-25 11:16:31,490 [SKIP] len error : ['②', 'やや高い', '400回〜1,000回', '18.5%']
2026-05-25 11:16:31,490 [SKIP] len error : ['③', '中位', '50回〜400回', '39.0%']
2026-05-25 11:16:31,490 [SKIP] len error : ['④', 'やや低い', '10回〜50回', '17.6%']
2026-05-25 11:16:31,490 [SKIP] len error : ['⑤', '低い', '10回未満', '11.0%']
2026-05-25 11:16:31,490 1860件 / ?件中 20:16
2026-05-25 11:16:31,537 [TOTAL] None
2026-05-25 11:16:31,537 [COUNT] 1860
2026-05-25 11:16:32,351 [PAGE] 94
2026-05-25 11:16:32,611 [SKIP] len error : ['東P', '東証プライム']
2026-05-25 11:16:32,611 [SKIP] len error : ['東S', '東証スタンダード']
2026-05-25 11:16:32,611 [SKIP] len error : ['東G', '東証グロース']
2026-05-25 11:16:32,611 [SKIP] len error : ['東Ｅ', '東証ETF']
2026-05-25 11:16:32,611 [SKIP] len error : ['東EN', '東証ETN']
2026-05-25 11:16:32,611 [SKIP] len error : ['東Ｒ', '東証REIT']
2026-05-25 11:16:32,611 [SKIP] len error : ['東IF', '東証インフラファンド']
2026-05-25 11:16:32,611 [SKIP] len error : ['名Ｐ', '名証プレミア']
2026-05-25 11:16:32,611 [SKIP] len error : ['名M', '名証メイン']
2026-05-25 11:16:32,611 [SKIP] len error : ['名N', '名証ネクスト']
2026-05-25 11:16:32,611 [SKIP] len error : ['名Ｅ', '名証ETF']
2026-05-25 11:16:32,611 [SKIP] len error : ['札Ａ', '札証アンビシャス']
2026-05-25 11:16:32,611 [SKIP] len error : ['福Ｑ', '福証Q-Board']
2026-05-25 11:16:32,611 [SKIP] len error : ['①', '高い', '1,000回以上', '13.9%']
2026-05-25 11:16:32,611 [SKIP] len error : ['②', 'やや高い', '400回〜1,000回', '18.5%']
2026-05-25 11:16:32,611 [SKIP] len error : ['③', '中位', '50回〜400回', '39.0%']
2026-05-25 11:16:32,611 [SKIP] len error : ['④', 'やや低い', '10回〜50回', '17.6%']
2026-05-25 11:16:32,611 [SKIP] len error : ['⑤', '低い', '10回未満', '11.0%']
2026-05-25 11:16:32,612 1880件 / ?件中 20:16
2026-05-25 11:16:32,657 [TOTAL] None
2026-05-25 11:16:32,657 [COUNT] 1880
2026-05-25 11:16:34,136 [PAGE] 95
2026-05-25 11:16:34,381 [SKIP] len error : ['東P', '東証プライム']
2026-05-25 11:16:34,381 [SKIP] len error : ['東S', '東証スタンダード']
2026-05-25 11:16:34,381 [SKIP] len error : ['東G', '東証グロース']
2026-05-25 11:16:34,381 [SKIP] len error : ['東Ｅ', '東証ETF']
2026-05-25 11:16:34,381 [SKIP] len error : ['東EN', '東証ETN']
2026-05-25 11:16:34,381 [SKIP] len error : ['東Ｒ', '東証REIT']
2026-05-25 11:16:34,381 [SKIP] len error : ['東IF', '東証インフラファンド']
2026-05-25 11:16:34,381 [SKIP] len error : ['名Ｐ', '名証プレミア']
2026-05-25 11:16:34,381 [SKIP] len error : ['名M', '名証メイン']
2026-05-25 11:16:34,381 [SKIP] len error : ['名N', '名証ネクスト']
2026-05-25 11:16:34,381 [SKIP] len error : ['名Ｅ', '名証ETF']
2026-05-25 11:16:34,381 [SKIP] len error : ['札Ａ', '札証アンビシャス']
2026-05-25 11:16:34,381 [SKIP] len error : ['福Ｑ', '福証Q-Board']
2026-05-25 11:16:34,381 [SKIP] len error : ['①', '高い', '1,000回以上', '13.9%']
2026-05-25 11:16:34,382 [SKIP] len error : ['②', 'やや高い', '400回〜1,000回', '18.5%']
2026-05-25 11:16:34,382 [SKIP] len error : ['③', '中位', '50回〜400回', '39.0%']
2026-05-25 11:16:34,382 [SKIP] len error : ['④', 'やや低い', '10回〜50回', '17.6%']
2026-05-25 11:16:34,382 [SKIP] len error : ['⑤', '低い', '10回未満', '11.0%']
2026-05-25 11:16:34,382 1900件 / ?件中 20:16
2026-05-25 11:16:34,428 [TOTAL] None
2026-05-25 11:16:34,428 [COUNT] 1900
2026-05-25 11:16:35,376 [PAGE] 96
2026-05-25 11:16:35,646 [SKIP] len error : ['東P', '東証プライム']
2026-05-25 11:16:35,646 [SKIP] len error : ['東S', '東証スタンダード']
2026-05-25 11:16:35,646 [SKIP] len error : ['東G', '東証グロース']
2026-05-25 11:16:35,646 [SKIP] len error : ['東Ｅ', '東証ETF']
2026-05-25 11:16:35,646 [SKIP] len error : ['東EN', '東証ETN']
2026-05-25 11:16:35,646 [SKIP] len error : ['東Ｒ', '東証REIT']
2026-05-25 11:16:35,646 [SKIP] len error : ['東IF', '東証インフラファンド']
2026-05-25 11:16:35,646 [SKIP] len error : ['名Ｐ', '名証プレミア']
2026-05-25 11:16:35,646 [SKIP] len error : ['名M', '名証メイン']
2026-05-25 11:16:35,646 [SKIP] len error : ['名N', '名証ネクスト']
2026-05-25 11:16:35,646 [SKIP] len error : ['名Ｅ', '名証ETF']
2026-05-25 11:16:35,646 [SKIP] len error : ['札Ａ', '札証アンビシャス']
2026-05-25 11:16:35,646 [SKIP] len error : ['福Ｑ', '福証Q-Board']
2026-05-25 11:16:35,647 [SKIP] len error : ['①', '高い', '1,000回以上', '13.9%']
2026-05-25 11:16:35,647 [SKIP] len error : ['②', 'やや高い', '400回〜1,000回', '18.5%']
2026-05-25 11:16:35,647 [SKIP] len error : ['③', '中位', '50回〜400回', '39.0%']
2026-05-25 11:16:35,647 [SKIP] len error : ['④', 'やや低い', '10回〜50回', '17.6%']
2026-05-25 11:16:35,647 [SKIP] len error : ['⑤', '低い', '10回未満', '11.0%']
2026-05-25 11:16:35,647 1920件 / ?件中 20:16
2026-05-25 11:16:35,746 [TOTAL] None
2026-05-25 11:16:35,746 [COUNT] 1920
2026-05-25 11:16:36,928 [PAGE] 97
2026-05-25 11:16:37,188 [SKIP] len error : ['東P', '東証プライム']
2026-05-25 11:16:37,188 [SKIP] len error : ['東S', '東証スタンダード']
2026-05-25 11:16:37,188 [SKIP] len error : ['東G', '東証グロース']
2026-05-25 11:16:37,188 [SKIP] len error : ['東Ｅ', '東証ETF']
2026-05-25 11:16:37,188 [SKIP] len error : ['東EN', '東証ETN']
2026-05-25 11:16:37,188 [SKIP] len error : ['東Ｒ', '東証REIT']
2026-05-25 11:16:37,188 [SKIP] len error : ['東IF', '東証インフラファンド']
2026-05-25 11:16:37,188 [SKIP] len error : ['名Ｐ', '名証プレミア']
2026-05-25 11:16:37,188 [SKIP] len error : ['名M', '名証メイン']
2026-05-25 11:16:37,188 [SKIP] len error : ['名N', '名証ネクスト']
2026-05-25 11:16:37,188 [SKIP] len error : ['名Ｅ', '名証ETF']
2026-05-25 11:16:37,188 [SKIP] len error : ['札Ａ', '札証アンビシャス']
2026-05-25 11:16:37,188 [SKIP] len error : ['福Ｑ', '福証Q-Board']
2026-05-25 11:16:37,189 [SKIP] len error : ['①', '高い', '1,000回以上', '13.9%']
2026-05-25 11:16:37,189 [SKIP] len error : ['②', 'やや高い', '400回〜1,000回', '18.5%']
2026-05-25 11:16:37,189 [SKIP] len error : ['③', '中位', '50回〜400回', '39.0%']
2026-05-25 11:16:37,189 [SKIP] len error : ['④', 'やや低い', '10回〜50回', '17.6%']
2026-05-25 11:16:37,189 [SKIP] len error : ['⑤', '低い', '10回未満', '11.0%']
2026-05-25 11:16:37,189 1940件 / ?件中 20:16
2026-05-25 11:16:37,234 [TOTAL] None
2026-05-25 11:16:37,234 [COUNT] 1940
2026-05-25 11:16:38,066 [PAGE] 98
2026-05-25 11:16:38,327 [SKIP] len error : ['東P', '東証プライム']
2026-05-25 11:16:38,327 [SKIP] len error : ['東S', '東証スタンダード']
2026-05-25 11:16:38,327 [SKIP] len error : ['東G', '東証グロース']
2026-05-25 11:16:38,327 [SKIP] len error : ['東Ｅ', '東証ETF']
2026-05-25 11:16:38,327 [SKIP] len error : ['東EN', '東証ETN']
2026-05-25 11:16:38,327 [SKIP] len error : ['東Ｒ', '東証REIT']
2026-05-25 11:16:38,327 [SKIP] len error : ['東IF', '東証インフラファンド']
2026-05-25 11:16:38,327 [SKIP] len error : ['名Ｐ', '名証プレミア']
2026-05-25 11:16:38,327 [SKIP] len error : ['名M', '名証メイン']
2026-05-25 11:16:38,327 [SKIP] len error : ['名N', '名証ネクスト']
2026-05-25 11:16:38,327 [SKIP] len error : ['名Ｅ', '名証ETF']
2026-05-25 11:16:38,327 [SKIP] len error : ['札Ａ', '札証アンビシャス']
2026-05-25 11:16:38,327 [SKIP] len error : ['福Ｑ', '福証Q-Board']
2026-05-25 11:16:38,327 [SKIP] len error : ['①', '高い', '1,000回以上', '13.9%']
2026-05-25 11:16:38,327 [SKIP] len error : ['②', 'やや高い', '400回〜1,000回', '18.5%']
2026-05-25 11:16:38,327 [SKIP] len error : ['③', '中位', '50回〜400回', '39.0%']
2026-05-25 11:16:38,327 [SKIP] len error : ['④', 'やや低い', '10回〜50回', '17.6%']
2026-05-25 11:16:38,327 [SKIP] len error : ['⑤', '低い', '10回未満', '11.0%']
2026-05-25 11:16:38,328 1960件 / ?件中 20:16
2026-05-25 11:16:38,374 [TOTAL] None
2026-05-25 11:16:38,374 [COUNT] 1960
2026-05-25 11:16:39,175 [PAGE] 99
2026-05-25 11:16:39,422 [SKIP] len error : ['東P', '東証プライム']
2026-05-25 11:16:39,422 [SKIP] len error : ['東S', '東証スタンダード']
2026-05-25 11:16:39,422 [SKIP] len error : ['東G', '東証グロース']
2026-05-25 11:16:39,422 [SKIP] len error : ['東Ｅ', '東証ETF']
2026-05-25 11:16:39,422 [SKIP] len error : ['東EN', '東証ETN']
2026-05-25 11:16:39,422 [SKIP] len error : ['東Ｒ', '東証REIT']
2026-05-25 11:16:39,422 [SKIP] len error : ['東IF', '東証インフラファンド']
2026-05-25 11:16:39,422 [SKIP] len error : ['名Ｐ', '名証プレミア']
2026-05-25 11:16:39,422 [SKIP] len error : ['名M', '名証メイン']
2026-05-25 11:16:39,422 [SKIP] len error : ['名N', '名証ネクスト']
2026-05-25 11:16:39,422 [SKIP] len error : ['名Ｅ', '名証ETF']
2026-05-25 11:16:39,422 [SKIP] len error : ['札Ａ', '札証アンビシャス']
2026-05-25 11:16:39,422 [SKIP] len error : ['福Ｑ', '福証Q-Board']
2026-05-25 11:16:39,422 [SKIP] len error : ['①', '高い', '1,000回以上', '13.9%']
2026-05-25 11:16:39,422 [SKIP] len error : ['②', 'やや高い', '400回〜1,000回', '18.5%']
2026-05-25 11:16:39,422 [SKIP] len error : ['③', '中位', '50回〜400回', '39.0%']
2026-05-25 11:16:39,422 [SKIP] len error : ['④', 'やや低い', '10回〜50回', '17.6%']
2026-05-25 11:16:39,422 [SKIP] len error : ['⑤', '低い', '10回未満', '11.0%']
2026-05-25 11:16:39,422 1980件 / ?件中 20:16
2026-05-25 11:16:39,469 [TOTAL] None
2026-05-25 11:16:39,469 [COUNT] 1980
2026-05-25 11:16:40,845 [PAGE] 100
2026-05-25 11:16:41,140 [SKIP] len error : ['東P', '東証プライム']
2026-05-25 11:16:41,141 [SKIP] len error : ['東S', '東証スタンダード']
2026-05-25 11:16:41,141 [SKIP] len error : ['東G', '東証グロース']
2026-05-25 11:16:41,141 [SKIP] len error : ['東Ｅ', '東証ETF']
2026-05-25 11:16:41,141 [SKIP] len error : ['東EN', '東証ETN']
2026-05-25 11:16:41,141 [SKIP] len error : ['東Ｒ', '東証REIT']
2026-05-25 11:16:41,141 [SKIP] len error : ['東IF', '東証インフラファンド']
2026-05-25 11:16:41,141 [SKIP] len error : ['名Ｐ', '名証プレミア']
2026-05-25 11:16:41,141 [SKIP] len error : ['名M', '名証メイン']
2026-05-25 11:16:41,141 [SKIP] len error : ['名N', '名証ネクスト']
2026-05-25 11:16:41,141 [SKIP] len error : ['名Ｅ', '名証ETF']
2026-05-25 11:16:41,141 [SKIP] len error : ['札Ａ', '札証アンビシャス']
2026-05-25 11:16:41,141 [SKIP] len error : ['福Ｑ', '福証Q-Board']
2026-05-25 11:16:41,141 [SKIP] len error : ['①', '高い', '1,000回以上', '13.9%']
2026-05-25 11:16:41,141 [SKIP] len error : ['②', 'やや高い', '400回〜1,000回', '18.5%']
2026-05-25 11:16:41,141 [SKIP] len error : ['③', '中位', '50回〜400回', '39.0%']
2026-05-25 11:16:41,141 [SKIP] len error : ['④', 'やや低い', '10回〜50回', '17.6%']
2026-05-25 11:16:41,141 [SKIP] len error : ['⑤', '低い', '10回未満', '11.0%']
2026-05-25 11:16:41,141 2000件 / ?件中 20:16
2026-05-25 11:16:41,187 [TOTAL] None
2026-05-25 11:16:41,187 [COUNT] 2000
2026-05-25 11:16:42,640 [SLEEP] 2000件到達 -> 193秒休憩
2026-05-25 11:19:55,640 [PAGE] 101
2026-05-25 11:19:56,265 [SKIP] len error : ['東P', '東証プライム']
2026-05-25 11:19:56,266 [SKIP] len error : ['東S', '東証スタンダード']
2026-05-25 11:19:56,266 [SKIP] len error : ['東G', '東証グロース']
2026-05-25 11:19:56,266 [SKIP] len error : ['東Ｅ', '東証ETF']
2026-05-25 11:19:56,266 [SKIP] len error : ['東EN', '東証ETN']
2026-05-25 11:19:56,266 [SKIP] len error : ['東Ｒ', '東証REIT']
2026-05-25 11:19:56,266 [SKIP] len error : ['東IF', '東証インフラファンド']
2026-05-25 11:19:56,266 [SKIP] len error : ['名Ｐ', '名証プレミア']
2026-05-25 11:19:56,266 [SKIP] len error : ['名M', '名証メイン']
2026-05-25 11:19:56,266 [SKIP] len error : ['名N', '名証ネクスト']
2026-05-25 11:19:56,266 [SKIP] len error : ['名Ｅ', '名証ETF']
2026-05-25 11:19:56,266 [SKIP] len error : ['札Ａ', '札証アンビシャス']
2026-05-25 11:19:56,266 [SKIP] len error : ['福Ｑ', '福証Q-Board']
2026-05-25 11:19:56,266 [SKIP] len error : ['①', '高い', '1,000回以上', '13.9%']
2026-05-25 11:19:56,266 [SKIP] len error : ['②', 'やや高い', '400回〜1,000回', '18.5%']
2026-05-25 11:19:56,266 [SKIP] len error : ['③', '中位', '50回〜400回', '39.0%']
2026-05-25 11:19:56,266 [SKIP] len error : ['④', 'やや低い', '10回〜50回', '17.6%']
2026-05-25 11:19:56,266 [SKIP] len error : ['⑤', '低い', '10回未満', '11.0%']
2026-05-25 11:19:56,266 2020件 / ?件中 20:19
2026-05-25 11:19:56,361 [TOTAL] None
2026-05-25 11:19:56,361 [COUNT] 2020
2026-05-25 11:19:57,759 [PAGE] 102
2026-05-25 11:19:58,027 [SKIP] len error : ['東P', '東証プライム']
2026-05-25 11:19:58,027 [SKIP] len error : ['東S', '東証スタンダード']
2026-05-25 11:19:58,028 [SKIP] len error : ['東G', '東証グロース']
2026-05-25 11:19:58,028 [SKIP] len error : ['東Ｅ', '東証ETF']
2026-05-25 11:19:58,028 [SKIP] len error : ['東EN', '東証ETN']
2026-05-25 11:19:58,028 [SKIP] len error : ['東Ｒ', '東証REIT']
2026-05-25 11:19:58,028 [SKIP] len error : ['東IF', '東証インフラファンド']
2026-05-25 11:19:58,028 [SKIP] len error : ['名Ｐ', '名証プレミア']
2026-05-25 11:19:58,028 [SKIP] len error : ['名M', '名証メイン']
2026-05-25 11:19:58,028 [SKIP] len error : ['名N', '名証ネクスト']
2026-05-25 11:19:58,028 [SKIP] len error : ['名Ｅ', '名証ETF']
2026-05-25 11:19:58,028 [SKIP] len error : ['札Ａ', '札証アンビシャス']
2026-05-25 11:19:58,028 [SKIP] len error : ['福Ｑ', '福証Q-Board']
2026-05-25 11:19:58,028 [SKIP] len error : ['①', '高い', '1,000回以上', '13.9%']
2026-05-25 11:19:58,028 [SKIP] len error : ['②', 'やや高い', '400回〜1,000回', '18.5%']
2026-05-25 11:19:58,028 [SKIP] len error : ['③', '中位', '50回〜400回', '39.0%']
2026-05-25 11:19:58,028 [SKIP] len error : ['④', 'やや低い', '10回〜50回', '17.6%']
2026-05-25 11:19:58,028 [SKIP] len error : ['⑤', '低い', '10回未満', '11.0%']
2026-05-25 11:19:58,028 2040件 / ?件中 20:19
2026-05-25 11:19:58,074 [TOTAL] None
2026-05-25 11:19:58,074 [COUNT] 2040
2026-05-25 11:19:58,737 [PAGE] 103
2026-05-25 11:19:59,002 [SKIP] len error : ['東P', '東証プライム']
2026-05-25 11:19:59,002 [SKIP] len error : ['東S', '東証スタンダード']
2026-05-25 11:19:59,002 [SKIP] len error : ['東G', '東証グロース']
2026-05-25 11:19:59,002 [SKIP] len error : ['東Ｅ', '東証ETF']
2026-05-25 11:19:59,002 [SKIP] len error : ['東EN', '東証ETN']
2026-05-25 11:19:59,003 [SKIP] len error : ['東Ｒ', '東証REIT']
2026-05-25 11:19:59,003 [SKIP] len error : ['東IF', '東証インフラファンド']
2026-05-25 11:19:59,003 [SKIP] len error : ['名Ｐ', '名証プレミア']
2026-05-25 11:19:59,003 [SKIP] len error : ['名M', '名証メイン']
2026-05-25 11:19:59,003 [SKIP] len error : ['名N', '名証ネクスト']
2026-05-25 11:19:59,003 [SKIP] len error : ['名Ｅ', '名証ETF']
2026-05-25 11:19:59,003 [SKIP] len error : ['札Ａ', '札証アンビシャス']
2026-05-25 11:19:59,003 [SKIP] len error : ['福Ｑ', '福証Q-Board']
2026-05-25 11:19:59,003 [SKIP] len error : ['①', '高い', '1,000回以上', '13.9%']
2026-05-25 11:19:59,003 [SKIP] len error : ['②', 'やや高い', '400回〜1,000回', '18.5%']
2026-05-25 11:19:59,003 [SKIP] len error : ['③', '中位', '50回〜400回', '39.0%']
2026-05-25 11:19:59,003 [SKIP] len error : ['④', 'やや低い', '10回〜50回', '17.6%']
2026-05-25 11:19:59,003 [SKIP] len error : ['⑤', '低い', '10回未満', '11.0%']
2026-05-25 11:19:59,003 2060件 / ?件中 20:19
2026-05-25 11:19:59,049 [TOTAL] None
2026-05-25 11:19:59,049 [COUNT] 2060
2026-05-25 11:19:59,728 [PAGE] 104
2026-05-25 11:20:00,004 [SKIP] len error : ['東P', '東証プライム']
2026-05-25 11:20:00,004 [SKIP] len error : ['東S', '東証スタンダード']
2026-05-25 11:20:00,004 [SKIP] len error : ['東G', '東証グロース']
2026-05-25 11:20:00,004 [SKIP] len error : ['東Ｅ', '東証ETF']
2026-05-25 11:20:00,004 [SKIP] len error : ['東EN', '東証ETN']
2026-05-25 11:20:00,004 [SKIP] len error : ['東Ｒ', '東証REIT']
2026-05-25 11:20:00,004 [SKIP] len error : ['東IF', '東証インフラファンド']
2026-05-25 11:20:00,004 [SKIP] len error : ['名Ｐ', '名証プレミア']
2026-05-25 11:20:00,004 [SKIP] len error : ['名M', '名証メイン']
2026-05-25 11:20:00,004 [SKIP] len error : ['名N', '名証ネクスト']
2026-05-25 11:20:00,004 [SKIP] len error : ['名Ｅ', '名証ETF']
2026-05-25 11:20:00,005 [SKIP] len error : ['札Ａ', '札証アンビシャス']
2026-05-25 11:20:00,005 [SKIP] len error : ['福Ｑ', '福証Q-Board']
2026-05-25 11:20:00,005 [SKIP] len error : ['①', '高い', '1,000回以上', '13.9%']
2026-05-25 11:20:00,005 [SKIP] len error : ['②', 'やや高い', '400回〜1,000回', '18.5%']
2026-05-25 11:20:00,005 [SKIP] len error : ['③', '中位', '50回〜400回', '39.0%']
2026-05-25 11:20:00,005 [SKIP] len error : ['④', 'やや低い', '10回〜50回', '17.6%']
2026-05-25 11:20:00,005 [SKIP] len error : ['⑤', '低い', '10回未満', '11.0%']
2026-05-25 11:20:00,005 2080件 / ?件中 20:20
2026-05-25 11:20:00,052 [TOTAL] None
2026-05-25 11:20:00,052 [COUNT] 2080
2026-05-25 11:20:01,214 [PAGE] 105
2026-05-25 11:20:01,505 [SKIP] len error : ['東P', '東証プライム']
2026-05-25 11:20:01,505 [SKIP] len error : ['東S', '東証スタンダード']
2026-05-25 11:20:01,505 [SKIP] len error : ['東G', '東証グロース']
2026-05-25 11:20:01,505 [SKIP] len error : ['東Ｅ', '東証ETF']
2026-05-25 11:20:01,505 [SKIP] len error : ['東EN', '東証ETN']
2026-05-25 11:20:01,505 [SKIP] len error : ['東Ｒ', '東証REIT']
2026-05-25 11:20:01,505 [SKIP] len error : ['東IF', '東証インフラファンド']
2026-05-25 11:20:01,505 [SKIP] len error : ['名Ｐ', '名証プレミア']
2026-05-25 11:20:01,505 [SKIP] len error : ['名M', '名証メイン']
2026-05-25 11:20:01,505 [SKIP] len error : ['名N', '名証ネクスト']
2026-05-25 11:20:01,505 [SKIP] len error : ['名Ｅ', '名証ETF']
2026-05-25 11:20:01,505 [SKIP] len error : ['札Ａ', '札証アンビシャス']
2026-05-25 11:20:01,505 [SKIP] len error : ['福Ｑ', '福証Q-Board']
2026-05-25 11:20:01,505 [SKIP] len error : ['①', '高い', '1,000回以上', '13.9%']
2026-05-25 11:20:01,505 [SKIP] len error : ['②', 'やや高い', '400回〜1,000回', '18.5%']
2026-05-25 11:20:01,505 [SKIP] len error : ['③', '中位', '50回〜400回', '39.0%']
2026-05-25 11:20:01,505 [SKIP] len error : ['④', 'やや低い', '10回〜50回', '17.6%']
2026-05-25 11:20:01,505 [SKIP] len error : ['⑤', '低い', '10回未満', '11.0%']
2026-05-25 11:20:01,506 2100件 / ?件中 20:20
2026-05-25 11:20:01,552 [TOTAL] None
2026-05-25 11:20:01,552 [COUNT] 2100
2026-05-25 11:20:02,641 [PAGE] 106
2026-05-25 11:20:02,950 [SKIP] len error : ['東P', '東証プライム']
2026-05-25 11:20:02,950 [SKIP] len error : ['東S', '東証スタンダード']
2026-05-25 11:20:02,951 [SKIP] len error : ['東G', '東証グロース']
2026-05-25 11:20:02,951 [SKIP] len error : ['東Ｅ', '東証ETF']
2026-05-25 11:20:02,951 [SKIP] len error : ['東EN', '東証ETN']
2026-05-25 11:20:02,951 [SKIP] len error : ['東Ｒ', '東証REIT']
2026-05-25 11:20:02,951 [SKIP] len error : ['東IF', '東証インフラファンド']
2026-05-25 11:20:02,951 [SKIP] len error : ['名Ｐ', '名証プレミア']
2026-05-25 11:20:02,951 [SKIP] len error : ['名M', '名証メイン']
2026-05-25 11:20:02,951 [SKIP] len error : ['名N', '名証ネクスト']
2026-05-25 11:20:02,951 [SKIP] len error : ['名Ｅ', '名証ETF']
2026-05-25 11:20:02,951 [SKIP] len error : ['札Ａ', '札証アンビシャス']
2026-05-25 11:20:02,951 [SKIP] len error : ['福Ｑ', '福証Q-Board']
2026-05-25 11:20:02,951 [SKIP] len error : ['①', '高い', '1,000回以上', '13.9%']
2026-05-25 11:20:02,951 [SKIP] len error : ['②', 'やや高い', '400回〜1,000回', '18.5%']
2026-05-25 11:20:02,951 [SKIP] len error : ['③', '中位', '50回〜400回', '39.0%']
2026-05-25 11:20:02,951 [SKIP] len error : ['④', 'やや低い', '10回〜50回', '17.6%']
2026-05-25 11:20:02,951 [SKIP] len error : ['⑤', '低い', '10回未満', '11.0%']
2026-05-25 11:20:02,951 2120件 / ?件中 20:20
2026-05-25 11:20:02,998 [TOTAL] None
2026-05-25 11:20:02,998 [COUNT] 2120
2026-05-25 11:20:03,658 [PAGE] 107
2026-05-25 11:20:03,927 [SKIP] len error : ['東P', '東証プライム']
2026-05-25 11:20:03,927 [SKIP] len error : ['東S', '東証スタンダード']
2026-05-25 11:20:03,927 [SKIP] len error : ['東G', '東証グロース']
2026-05-25 11:20:03,927 [SKIP] len error : ['東Ｅ', '東証ETF']
2026-05-25 11:20:03,927 [SKIP] len error : ['東EN', '東証ETN']
2026-05-25 11:20:03,927 [SKIP] len error : ['東Ｒ', '東証REIT']
2026-05-25 11:20:03,927 [SKIP] len error : ['東IF', '東証インフラファンド']
2026-05-25 11:20:03,927 [SKIP] len error : ['名Ｐ', '名証プレミア']
2026-05-25 11:20:03,927 [SKIP] len error : ['名M', '名証メイン']
2026-05-25 11:20:03,927 [SKIP] len error : ['名N', '名証ネクスト']
2026-05-25 11:20:03,927 [SKIP] len error : ['名Ｅ', '名証ETF']
2026-05-25 11:20:03,927 [SKIP] len error : ['札Ａ', '札証アンビシャス']
2026-05-25 11:20:03,927 [SKIP] len error : ['福Ｑ', '福証Q-Board']
2026-05-25 11:20:03,927 [SKIP] len error : ['①', '高い', '1,000回以上', '13.9%']
2026-05-25 11:20:03,927 [SKIP] len error : ['②', 'やや高い', '400回〜1,000回', '18.5%']
2026-05-25 11:20:03,927 [SKIP] len error : ['③', '中位', '50回〜400回', '39.0%']
2026-05-25 11:20:03,927 [SKIP] len error : ['④', 'やや低い', '10回〜50回', '17.6%']
2026-05-25 11:20:03,927 [SKIP] len error : ['⑤', '低い', '10回未満', '11.0%']
2026-05-25 11:20:03,927 2140件 / ?件中 20:20
2026-05-25 11:20:03,972 [TOTAL] None
2026-05-25 11:20:03,973 [COUNT] 2140
2026-05-25 11:20:04,640 [PAGE] 108
2026-05-25 11:20:04,900 [SKIP] len error : ['東P', '東証プライム']
2026-05-25 11:20:04,900 [SKIP] len error : ['東S', '東証スタンダード']
2026-05-25 11:20:04,900 [SKIP] len error : ['東G', '東証グロース']
2026-05-25 11:20:04,900 [SKIP] len error : ['東Ｅ', '東証ETF']
2026-05-25 11:20:04,900 [SKIP] len error : ['東EN', '東証ETN']
2026-05-25 11:20:04,900 [SKIP] len error : ['東Ｒ', '東証REIT']
2026-05-25 11:20:04,900 [SKIP] len error : ['東IF', '東証インフラファンド']
2026-05-25 11:20:04,900 [SKIP] len error : ['名Ｐ', '名証プレミア']
2026-05-25 11:20:04,900 [SKIP] len error : ['名M', '名証メイン']
2026-05-25 11:20:04,900 [SKIP] len error : ['名N', '名証ネクスト']
2026-05-25 11:20:04,900 [SKIP] len error : ['名Ｅ', '名証ETF']
2026-05-25 11:20:04,900 [SKIP] len error : ['札Ａ', '札証アンビシャス']
2026-05-25 11:20:04,900 [SKIP] len error : ['福Ｑ', '福証Q-Board']
2026-05-25 11:20:04,900 [SKIP] len error : ['①', '高い', '1,000回以上', '13.9%']
2026-05-25 11:20:04,901 [SKIP] len error : ['②', 'やや高い', '400回〜1,000回', '18.5%']
2026-05-25 11:20:04,901 [SKIP] len error : ['③', '中位', '50回〜400回', '39.0%']
2026-05-25 11:20:04,901 [SKIP] len error : ['④', 'やや低い', '10回〜50回', '17.6%']
2026-05-25 11:20:04,901 [SKIP] len error : ['⑤', '低い', '10回未満', '11.0%']
2026-05-25 11:20:04,901 2160件 / ?件中 20:20
2026-05-25 11:20:04,947 [TOTAL] None
2026-05-25 11:20:04,947 [COUNT] 2160
2026-05-25 11:20:06,166 [PAGE] 109
2026-05-25 11:20:06,438 [SKIP] len error : ['東P', '東証プライム']
2026-05-25 11:20:06,438 [SKIP] len error : ['東S', '東証スタンダード']
2026-05-25 11:20:06,438 [SKIP] len error : ['東G', '東証グロース']
2026-05-25 11:20:06,438 [SKIP] len error : ['東Ｅ', '東証ETF']
2026-05-25 11:20:06,438 [SKIP] len error : ['東EN', '東証ETN']
2026-05-25 11:20:06,438 [SKIP] len error : ['東Ｒ', '東証REIT']
2026-05-25 11:20:06,438 [SKIP] len error : ['東IF', '東証インフラファンド']
2026-05-25 11:20:06,439 [SKIP] len error : ['名Ｐ', '名証プレミア']
2026-05-25 11:20:06,439 [SKIP] len error : ['名M', '名証メイン']
2026-05-25 11:20:06,439 [SKIP] len error : ['名N', '名証ネクスト']
2026-05-25 11:20:06,439 [SKIP] len error : ['名Ｅ', '名証ETF']
2026-05-25 11:20:06,439 [SKIP] len error : ['札Ａ', '札証アンビシャス']
2026-05-25 11:20:06,439 [SKIP] len error : ['福Ｑ', '福証Q-Board']
2026-05-25 11:20:06,439 [SKIP] len error : ['①', '高い', '1,000回以上', '13.9%']
2026-05-25 11:20:06,439 [SKIP] len error : ['②', 'やや高い', '400回〜1,000回', '18.5%']
2026-05-25 11:20:06,439 [SKIP] len error : ['③', '中位', '50回〜400回', '39.0%']
2026-05-25 11:20:06,439 [SKIP] len error : ['④', 'やや低い', '10回〜50回', '17.6%']
2026-05-25 11:20:06,439 [SKIP] len error : ['⑤', '低い', '10回未満', '11.0%']
2026-05-25 11:20:06,439 2180件 / ?件中 20:20
2026-05-25 11:20:06,485 [TOTAL] None
2026-05-25 11:20:06,485 [COUNT] 2180
2026-05-25 11:20:07,693 [PAGE] 110
2026-05-25 11:20:07,953 [SKIP] len error : ['東P', '東証プライム']
2026-05-25 11:20:07,953 [SKIP] len error : ['東S', '東証スタンダード']
2026-05-25 11:20:07,953 [SKIP] len error : ['東G', '東証グロース']
2026-05-25 11:20:07,953 [SKIP] len error : ['東Ｅ', '東証ETF']
2026-05-25 11:20:07,953 [SKIP] len error : ['東EN', '東証ETN']
2026-05-25 11:20:07,953 [SKIP] len error : ['東Ｒ', '東証REIT']
2026-05-25 11:20:07,953 [SKIP] len error : ['東IF', '東証インフラファンド']
2026-05-25 11:20:07,953 [SKIP] len error : ['名Ｐ', '名証プレミア']
2026-05-25 11:20:07,953 [SKIP] len error : ['名M', '名証メイン']
2026-05-25 11:20:07,954 [SKIP] len error : ['名N', '名証ネクスト']
2026-05-25 11:20:07,954 [SKIP] len error : ['名Ｅ', '名証ETF']
2026-05-25 11:20:07,954 [SKIP] len error : ['札Ａ', '札証アンビシャス']
2026-05-25 11:20:07,954 [SKIP] len error : ['福Ｑ', '福証Q-Board']
2026-05-25 11:20:07,954 [SKIP] len error : ['①', '高い', '1,000回以上', '13.9%']
2026-05-25 11:20:07,954 [SKIP] len error : ['②', 'やや高い', '400回〜1,000回', '18.5%']
2026-05-25 11:20:07,954 [SKIP] len error : ['③', '中位', '50回〜400回', '39.0%']
2026-05-25 11:20:07,954 [SKIP] len error : ['④', 'やや低い', '10回〜50回', '17.6%']
2026-05-25 11:20:07,954 [SKIP] len error : ['⑤', '低い', '10回未満', '11.0%']
2026-05-25 11:20:07,954 2200件 / ?件中 20:20
2026-05-25 11:20:08,000 [TOTAL] None
2026-05-25 11:20:08,000 [COUNT] 2200
2026-05-25 11:20:09,489 [PAGE] 111
2026-05-25 11:20:09,786 [SKIP] len error : ['東P', '東証プライム']
2026-05-25 11:20:09,786 [SKIP] len error : ['東S', '東証スタンダード']
2026-05-25 11:20:09,786 [SKIP] len error : ['東G', '東証グロース']
2026-05-25 11:20:09,786 [SKIP] len error : ['東Ｅ', '東証ETF']
2026-05-25 11:20:09,787 [SKIP] len error : ['東EN', '東証ETN']
2026-05-25 11:20:09,787 [SKIP] len error : ['東Ｒ', '東証REIT']
2026-05-25 11:20:09,787 [SKIP] len error : ['東IF', '東証インフラファンド']
2026-05-25 11:20:09,787 [SKIP] len error : ['名Ｐ', '名証プレミア']
2026-05-25 11:20:09,787 [SKIP] len error : ['名M', '名証メイン']
2026-05-25 11:20:09,787 [SKIP] len error : ['名N', '名証ネクスト']
2026-05-25 11:20:09,787 [SKIP] len error : ['名Ｅ', '名証ETF']
2026-05-25 11:20:09,787 [SKIP] len error : ['札Ａ', '札証アンビシャス']
2026-05-25 11:20:09,787 [SKIP] len error : ['福Ｑ', '福証Q-Board']
2026-05-25 11:20:09,787 [SKIP] len error : ['①', '高い', '1,000回以上', '13.9%']
2026-05-25 11:20:09,787 [SKIP] len error : ['②', 'やや高い', '400回〜1,000回', '18.5%']
2026-05-25 11:20:09,787 [SKIP] len error : ['③', '中位', '50回〜400回', '39.0%']
2026-05-25 11:20:09,787 [SKIP] len error : ['④', 'やや低い', '10回〜50回', '17.6%']
2026-05-25 11:20:09,787 [SKIP] len error : ['⑤', '低い', '10回未満', '11.0%']
2026-05-25 11:20:09,787 2220件 / ?件中 20:20
2026-05-25 11:20:09,832 [TOTAL] None
2026-05-25 11:20:09,832 [COUNT] 2220
2026-05-25 11:20:10,793 [PAGE] 112
2026-05-25 11:20:11,059 [SKIP] len error : ['東P', '東証プライム']
2026-05-25 11:20:11,059 [SKIP] len error : ['東S', '東証スタンダード']
2026-05-25 11:20:11,059 [SKIP] len error : ['東G', '東証グロース']
2026-05-25 11:20:11,059 [SKIP] len error : ['東Ｅ', '東証ETF']
2026-05-25 11:20:11,059 [SKIP] len error : ['東EN', '東証ETN']
2026-05-25 11:20:11,059 [SKIP] len error : ['東Ｒ', '東証REIT']
2026-05-25 11:20:11,059 [SKIP] len error : ['東IF', '東証インフラファンド']
2026-05-25 11:20:11,059 [SKIP] len error : ['名Ｐ', '名証プレミア']
2026-05-25 11:20:11,059 [SKIP] len error : ['名M', '名証メイン']
2026-05-25 11:20:11,059 [SKIP] len error : ['名N', '名証ネクスト']
2026-05-25 11:20:11,060 [SKIP] len error : ['名Ｅ', '名証ETF']
2026-05-25 11:20:11,060 [SKIP] len error : ['札Ａ', '札証アンビシャス']
2026-05-25 11:20:11,060 [SKIP] len error : ['福Ｑ', '福証Q-Board']
2026-05-25 11:20:11,060 [SKIP] len error : ['①', '高い', '1,000回以上', '13.9%']
2026-05-25 11:20:11,060 [SKIP] len error : ['②', 'やや高い', '400回〜1,000回', '18.5%']
2026-05-25 11:20:11,060 [SKIP] len error : ['③', '中位', '50回〜400回', '39.0%']
2026-05-25 11:20:11,060 [SKIP] len error : ['④', 'やや低い', '10回〜50回', '17.6%']
2026-05-25 11:20:11,060 [SKIP] len error : ['⑤', '低い', '10回未満', '11.0%']
2026-05-25 11:20:11,060 2240件 / ?件中 20:20
2026-05-25 11:20:11,110 [TOTAL] None
2026-05-25 11:20:11,110 [COUNT] 2240
2026-05-25 11:20:12,570 [PAGE] 113
2026-05-25 11:20:12,818 [SKIP] len error : ['東P', '東証プライム']
2026-05-25 11:20:12,818 [SKIP] len error : ['東S', '東証スタンダード']
2026-05-25 11:20:12,818 [SKIP] len error : ['東G', '東証グロース']
2026-05-25 11:20:12,818 [SKIP] len error : ['東Ｅ', '東証ETF']
2026-05-25 11:20:12,818 [SKIP] len error : ['東EN', '東証ETN']
2026-05-25 11:20:12,818 [SKIP] len error : ['東Ｒ', '東証REIT']
2026-05-25 11:20:12,818 [SKIP] len error : ['東IF', '東証インフラファンド']
2026-05-25 11:20:12,818 [SKIP] len error : ['名Ｐ', '名証プレミア']
2026-05-25 11:20:12,818 [SKIP] len error : ['名M', '名証メイン']
2026-05-25 11:20:12,819 [SKIP] len error : ['名N', '名証ネクスト']
2026-05-25 11:20:12,819 [SKIP] len error : ['名Ｅ', '名証ETF']
2026-05-25 11:20:12,819 [SKIP] len error : ['札Ａ', '札証アンビシャス']
2026-05-25 11:20:12,819 [SKIP] len error : ['福Ｑ', '福証Q-Board']
2026-05-25 11:20:12,819 [SKIP] len error : ['①', '高い', '1,000回以上', '13.9%']
2026-05-25 11:20:12,819 [SKIP] len error : ['②', 'やや高い', '400回〜1,000回', '18.5%']
2026-05-25 11:20:12,819 [SKIP] len error : ['③', '中位', '50回〜400回', '39.0%']
2026-05-25 11:20:12,819 [SKIP] len error : ['④', 'やや低い', '10回〜50回', '17.6%']
2026-05-25 11:20:12,819 [SKIP] len error : ['⑤', '低い', '10回未満', '11.0%']
2026-05-25 11:20:12,819 2260件 / ?件中 20:20
2026-05-25 11:20:12,865 [TOTAL] None
2026-05-25 11:20:12,865 [COUNT] 2260
2026-05-25 11:20:14,056 [PAGE] 114
2026-05-25 11:20:14,321 [SKIP] len error : ['東P', '東証プライム']
2026-05-25 11:20:14,321 [SKIP] len error : ['東S', '東証スタンダード']
2026-05-25 11:20:14,321 [SKIP] len error : ['東G', '東証グロース']
2026-05-25 11:20:14,321 [SKIP] len error : ['東Ｅ', '東証ETF']
2026-05-25 11:20:14,321 [SKIP] len error : ['東EN', '東証ETN']
2026-05-25 11:20:14,321 [SKIP] len error : ['東Ｒ', '東証REIT']
2026-05-25 11:20:14,321 [SKIP] len error : ['東IF', '東証インフラファンド']
2026-05-25 11:20:14,321 [SKIP] len error : ['名Ｐ', '名証プレミア']
2026-05-25 11:20:14,321 [SKIP] len error : ['名M', '名証メイン']
2026-05-25 11:20:14,321 [SKIP] len error : ['名N', '名証ネクスト']
2026-05-25 11:20:14,322 [SKIP] len error : ['名Ｅ', '名証ETF']
2026-05-25 11:20:14,322 [SKIP] len error : ['札Ａ', '札証アンビシャス']
2026-05-25 11:20:14,322 [SKIP] len error : ['福Ｑ', '福証Q-Board']
2026-05-25 11:20:14,322 [SKIP] len error : ['①', '高い', '1,000回以上', '13.9%']
2026-05-25 11:20:14,322 [SKIP] len error : ['②', 'やや高い', '400回〜1,000回', '18.5%']
2026-05-25 11:20:14,322 [SKIP] len error : ['③', '中位', '50回〜400回', '39.0%']
2026-05-25 11:20:14,322 [SKIP] len error : ['④', 'やや低い', '10回〜50回', '17.6%']
2026-05-25 11:20:14,322 [SKIP] len error : ['⑤', '低い', '10回未満', '11.0%']
2026-05-25 11:20:14,322 2280件 / ?件中 20:20
2026-05-25 11:20:14,367 [TOTAL] None
2026-05-25 11:20:14,367 [COUNT] 2280
2026-05-25 11:20:15,565 [PAGE] 115
2026-05-25 11:20:15,836 [SKIP] len error : ['東P', '東証プライム']
2026-05-25 11:20:15,836 [SKIP] len error : ['東S', '東証スタンダード']
2026-05-25 11:20:15,836 [SKIP] len error : ['東G', '東証グロース']
2026-05-25 11:20:15,836 [SKIP] len error : ['東Ｅ', '東証ETF']
2026-05-25 11:20:15,836 [SKIP] len error : ['東EN', '東証ETN']
2026-05-25 11:20:15,836 [SKIP] len error : ['東Ｒ', '東証REIT']
2026-05-25 11:20:15,836 [SKIP] len error : ['東IF', '東証インフラファンド']
2026-05-25 11:20:15,836 [SKIP] len error : ['名Ｐ', '名証プレミア']
2026-05-25 11:20:15,836 [SKIP] len error : ['名M', '名証メイン']
2026-05-25 11:20:15,837 [SKIP] len error : ['名N', '名証ネクスト']
2026-05-25 11:20:15,837 [SKIP] len error : ['名Ｅ', '名証ETF']
2026-05-25 11:20:15,837 [SKIP] len error : ['札Ａ', '札証アンビシャス']
2026-05-25 11:20:15,837 [SKIP] len error : ['福Ｑ', '福証Q-Board']
2026-05-25 11:20:15,837 [SKIP] len error : ['①', '高い', '1,000回以上', '13.9%']
2026-05-25 11:20:15,837 [SKIP] len error : ['②', 'やや高い', '400回〜1,000回', '18.5%']
2026-05-25 11:20:15,837 [SKIP] len error : ['③', '中位', '50回〜400回', '39.0%']
2026-05-25 11:20:15,837 [SKIP] len error : ['④', 'やや低い', '10回〜50回', '17.6%']
2026-05-25 11:20:15,837 [SKIP] len error : ['⑤', '低い', '10回未満', '11.0%']
2026-05-25 11:20:15,837 2300件 / ?件中 20:20
2026-05-25 11:20:15,919 [TOTAL] None
2026-05-25 11:20:15,919 [COUNT] 2300
2026-05-25 11:20:16,775 [PAGE] 116
2026-05-25 11:20:17,018 [SKIP] len error : ['東P', '東証プライム']
2026-05-25 11:20:17,018 [SKIP] len error : ['東S', '東証スタンダード']
2026-05-25 11:20:17,018 [SKIP] len error : ['東G', '東証グロース']
2026-05-25 11:20:17,018 [SKIP] len error : ['東Ｅ', '東証ETF']
2026-05-25 11:20:17,018 [SKIP] len error : ['東EN', '東証ETN']
2026-05-25 11:20:17,018 [SKIP] len error : ['東Ｒ', '東証REIT']
2026-05-25 11:20:17,018 [SKIP] len error : ['東IF', '東証インフラファンド']
2026-05-25 11:20:17,018 [SKIP] len error : ['名Ｐ', '名証プレミア']
2026-05-25 11:20:17,018 [SKIP] len error : ['名M', '名証メイン']
2026-05-25 11:20:17,018 [SKIP] len error : ['名N', '名証ネクスト']
2026-05-25 11:20:17,018 [SKIP] len error : ['名Ｅ', '名証ETF']
2026-05-25 11:20:17,018 [SKIP] len error : ['札Ａ', '札証アンビシャス']
2026-05-25 11:20:17,018 [SKIP] len error : ['福Ｑ', '福証Q-Board']
2026-05-25 11:20:17,018 [SKIP] len error : ['①', '高い', '1,000回以上', '13.9%']
2026-05-25 11:20:17,018 [SKIP] len error : ['②', 'やや高い', '400回〜1,000回', '18.5%']
2026-05-25 11:20:17,018 [SKIP] len error : ['③', '中位', '50回〜400回', '39.0%']
2026-05-25 11:20:17,018 [SKIP] len error : ['④', 'やや低い', '10回〜50回', '17.6%']
2026-05-25 11:20:17,018 [SKIP] len error : ['⑤', '低い', '10回未満', '11.0%']
2026-05-25 11:20:17,019 2320件 / ?件中 20:20
2026-05-25 11:20:17,065 [TOTAL] None
2026-05-25 11:20:17,065 [COUNT] 2320
2026-05-25 11:20:18,062 [PAGE] 117
2026-05-25 11:20:18,309 [SKIP] len error : ['東P', '東証プライム']
2026-05-25 11:20:18,309 [SKIP] len error : ['東S', '東証スタンダード']
2026-05-25 11:20:18,309 [SKIP] len error : ['東G', '東証グロース']
2026-05-25 11:20:18,309 [SKIP] len error : ['東Ｅ', '東証ETF']
2026-05-25 11:20:18,310 [SKIP] len error : ['東EN', '東証ETN']
2026-05-25 11:20:18,310 [SKIP] len error : ['東Ｒ', '東証REIT']
2026-05-25 11:20:18,310 [SKIP] len error : ['東IF', '東証インフラファンド']
2026-05-25 11:20:18,310 [SKIP] len error : ['名Ｐ', '名証プレミア']
2026-05-25 11:20:18,310 [SKIP] len error : ['名M', '名証メイン']
2026-05-25 11:20:18,310 [SKIP] len error : ['名N', '名証ネクスト']
2026-05-25 11:20:18,310 [SKIP] len error : ['名Ｅ', '名証ETF']
2026-05-25 11:20:18,310 [SKIP] len error : ['札Ａ', '札証アンビシャス']
2026-05-25 11:20:18,310 [SKIP] len error : ['福Ｑ', '福証Q-Board']
2026-05-25 11:20:18,310 [SKIP] len error : ['①', '高い', '1,000回以上', '13.9%']
2026-05-25 11:20:18,310 [SKIP] len error : ['②', 'やや高い', '400回〜1,000回', '18.5%']
2026-05-25 11:20:18,310 [SKIP] len error : ['③', '中位', '50回〜400回', '39.0%']
2026-05-25 11:20:18,310 [SKIP] len error : ['④', 'やや低い', '10回〜50回', '17.6%']
2026-05-25 11:20:18,310 [SKIP] len error : ['⑤', '低い', '10回未満', '11.0%']
2026-05-25 11:20:18,310 2340件 / ?件中 20:20
2026-05-25 11:20:18,356 [TOTAL] None
2026-05-25 11:20:18,356 [COUNT] 2340
2026-05-25 11:20:19,532 [PAGE] 118
2026-05-25 11:20:19,807 [SKIP] len error : ['東P', '東証プライム']
2026-05-25 11:20:19,808 [SKIP] len error : ['東S', '東証スタンダード']
2026-05-25 11:20:19,808 [SKIP] len error : ['東G', '東証グロース']
2026-05-25 11:20:19,808 [SKIP] len error : ['東Ｅ', '東証ETF']
2026-05-25 11:20:19,808 [SKIP] len error : ['東EN', '東証ETN']
2026-05-25 11:20:19,808 [SKIP] len error : ['東Ｒ', '東証REIT']
2026-05-25 11:20:19,808 [SKIP] len error : ['東IF', '東証インフラファンド']
2026-05-25 11:20:19,808 [SKIP] len error : ['名Ｐ', '名証プレミア']
2026-05-25 11:20:19,808 [SKIP] len error : ['名M', '名証メイン']
2026-05-25 11:20:19,808 [SKIP] len error : ['名N', '名証ネクスト']
2026-05-25 11:20:19,808 [SKIP] len error : ['名Ｅ', '名証ETF']
2026-05-25 11:20:19,808 [SKIP] len error : ['札Ａ', '札証アンビシャス']
2026-05-25 11:20:19,808 [SKIP] len error : ['福Ｑ', '福証Q-Board']
2026-05-25 11:20:19,808 [SKIP] len error : ['①', '高い', '1,000回以上', '13.9%']
2026-05-25 11:20:19,808 [SKIP] len error : ['②', 'やや高い', '400回〜1,000回', '18.5%']
2026-05-25 11:20:19,808 [SKIP] len error : ['③', '中位', '50回〜400回', '39.0%']
2026-05-25 11:20:19,808 [SKIP] len error : ['④', 'やや低い', '10回〜50回', '17.6%']
2026-05-25 11:20:19,808 [SKIP] len error : ['⑤', '低い', '10回未満', '11.0%']
2026-05-25 11:20:19,808 2360件 / ?件中 20:20
2026-05-25 11:20:19,855 [TOTAL] None
2026-05-25 11:20:19,855 [COUNT] 2360
2026-05-25 11:20:20,381 [PAGE] 119
2026-05-25 11:20:20,652 [SKIP] len error : ['東P', '東証プライム']
2026-05-25 11:20:20,653 [SKIP] len error : ['東S', '東証スタンダード']
2026-05-25 11:20:20,653 [SKIP] len error : ['東G', '東証グロース']
2026-05-25 11:20:20,653 [SKIP] len error : ['東Ｅ', '東証ETF']
2026-05-25 11:20:20,653 [SKIP] len error : ['東EN', '東証ETN']
2026-05-25 11:20:20,653 [SKIP] len error : ['東Ｒ', '東証REIT']
2026-05-25 11:20:20,653 [SKIP] len error : ['東IF', '東証インフラファンド']
2026-05-25 11:20:20,653 [SKIP] len error : ['名Ｐ', '名証プレミア']
2026-05-25 11:20:20,653 [SKIP] len error : ['名M', '名証メイン']
2026-05-25 11:20:20,653 [SKIP] len error : ['名N', '名証ネクスト']
2026-05-25 11:20:20,653 [SKIP] len error : ['名Ｅ', '名証ETF']
2026-05-25 11:20:20,653 [SKIP] len error : ['札Ａ', '札証アンビシャス']
2026-05-25 11:20:20,653 [SKIP] len error : ['福Ｑ', '福証Q-Board']
2026-05-25 11:20:20,653 [SKIP] len error : ['①', '高い', '1,000回以上', '13.9%']
2026-05-25 11:20:20,653 [SKIP] len error : ['②', 'やや高い', '400回〜1,000回', '18.5%']
2026-05-25 11:20:20,653 [SKIP] len error : ['③', '中位', '50回〜400回', '39.0%']
2026-05-25 11:20:20,653 [SKIP] len error : ['④', 'やや低い', '10回〜50回', '17.6%']
2026-05-25 11:20:20,653 [SKIP] len error : ['⑤', '低い', '10回未満', '11.0%']
2026-05-25 11:20:20,653 2380件 / ?件中 20:20
2026-05-25 11:20:20,698 [TOTAL] None
2026-05-25 11:20:20,698 [COUNT] 2380
2026-05-25 11:20:21,291 [PAGE] 120
2026-05-25 11:20:21,554 [SKIP] len error : ['東P', '東証プライム']
2026-05-25 11:20:21,554 [SKIP] len error : ['東S', '東証スタンダード']
2026-05-25 11:20:21,554 [SKIP] len error : ['東G', '東証グロース']
2026-05-25 11:20:21,554 [SKIP] len error : ['東Ｅ', '東証ETF']
2026-05-25 11:20:21,554 [SKIP] len error : ['東EN', '東証ETN']
2026-05-25 11:20:21,554 [SKIP] len error : ['東Ｒ', '東証REIT']
2026-05-25 11:20:21,554 [SKIP] len error : ['東IF', '東証インフラファンド']
2026-05-25 11:20:21,554 [SKIP] len error : ['名Ｐ', '名証プレミア']
2026-05-25 11:20:21,554 [SKIP] len error : ['名M', '名証メイン']
2026-05-25 11:20:21,554 [SKIP] len error : ['名N', '名証ネクスト']
2026-05-25 11:20:21,554 [SKIP] len error : ['名Ｅ', '名証ETF']
2026-05-25 11:20:21,554 [SKIP] len error : ['札Ａ', '札証アンビシャス']
2026-05-25 11:20:21,554 [SKIP] len error : ['福Ｑ', '福証Q-Board']
2026-05-25 11:20:21,554 [SKIP] len error : ['①', '高い', '1,000回以上', '13.9%']
2026-05-25 11:20:21,554 [SKIP] len error : ['②', 'やや高い', '400回〜1,000回', '18.5%']
2026-05-25 11:20:21,554 [SKIP] len error : ['③', '中位', '50回〜400回', '39.0%']
2026-05-25 11:20:21,554 [SKIP] len error : ['④', 'やや低い', '10回〜50回', '17.6%']
2026-05-25 11:20:21,554 [SKIP] len error : ['⑤', '低い', '10回未満', '11.0%']
2026-05-25 11:20:21,555 2400件 / ?件中 20:20
2026-05-25 11:20:21,649 [TOTAL] None
2026-05-25 11:20:21,649 [COUNT] 2400
2026-05-25 11:20:22,686 [PAGE] 121
2026-05-25 11:20:22,959 [SKIP] len error : ['東P', '東証プライム']
2026-05-25 11:20:22,960 [SKIP] len error : ['東S', '東証スタンダード']
2026-05-25 11:20:22,960 [SKIP] len error : ['東G', '東証グロース']
2026-05-25 11:20:22,960 [SKIP] len error : ['東Ｅ', '東証ETF']
2026-05-25 11:20:22,960 [SKIP] len error : ['東EN', '東証ETN']
2026-05-25 11:20:22,960 [SKIP] len error : ['東Ｒ', '東証REIT']
2026-05-25 11:20:22,960 [SKIP] len error : ['東IF', '東証インフラファンド']
2026-05-25 11:20:22,960 [SKIP] len error : ['名Ｐ', '名証プレミア']
2026-05-25 11:20:22,960 [SKIP] len error : ['名M', '名証メイン']
2026-05-25 11:20:22,960 [SKIP] len error : ['名N', '名証ネクスト']
2026-05-25 11:20:22,960 [SKIP] len error : ['名Ｅ', '名証ETF']
2026-05-25 11:20:22,960 [SKIP] len error : ['札Ａ', '札証アンビシャス']
2026-05-25 11:20:22,960 [SKIP] len error : ['福Ｑ', '福証Q-Board']
2026-05-25 11:20:22,960 [SKIP] len error : ['①', '高い', '1,000回以上', '13.9%']
2026-05-25 11:20:22,960 [SKIP] len error : ['②', 'やや高い', '400回〜1,000回', '18.5%']
2026-05-25 11:20:22,960 [SKIP] len error : ['③', '中位', '50回〜400回', '39.0%']
2026-05-25 11:20:22,960 [SKIP] len error : ['④', 'やや低い', '10回〜50回', '17.6%']
2026-05-25 11:20:22,960 [SKIP] len error : ['⑤', '低い', '10回未満', '11.0%']
2026-05-25 11:20:22,960 2420件 / ?件中 20:20
2026-05-25 11:20:23,006 [TOTAL] None
2026-05-25 11:20:23,006 [COUNT] 2420
2026-05-25 11:20:24,141 [PAGE] 122
2026-05-25 11:20:24,400 [SKIP] len error : ['東P', '東証プライム']
2026-05-25 11:20:24,400 [SKIP] len error : ['東S', '東証スタンダード']
2026-05-25 11:20:24,400 [SKIP] len error : ['東G', '東証グロース']
2026-05-25 11:20:24,400 [SKIP] len error : ['東Ｅ', '東証ETF']
2026-05-25 11:20:24,400 [SKIP] len error : ['東EN', '東証ETN']
2026-05-25 11:20:24,400 [SKIP] len error : ['東Ｒ', '東証REIT']
2026-05-25 11:20:24,400 [SKIP] len error : ['東IF', '東証インフラファンド']
2026-05-25 11:20:24,400 [SKIP] len error : ['名Ｐ', '名証プレミア']
2026-05-25 11:20:24,400 [SKIP] len error : ['名M', '名証メイン']
2026-05-25 11:20:24,400 [SKIP] len error : ['名N', '名証ネクスト']
2026-05-25 11:20:24,400 [SKIP] len error : ['名Ｅ', '名証ETF']
2026-05-25 11:20:24,400 [SKIP] len error : ['札Ａ', '札証アンビシャス']
2026-05-25 11:20:24,401 [SKIP] len error : ['福Ｑ', '福証Q-Board']
2026-05-25 11:20:24,401 [SKIP] len error : ['①', '高い', '1,000回以上', '13.9%']
2026-05-25 11:20:24,401 [SKIP] len error : ['②', 'やや高い', '400回〜1,000回', '18.5%']
2026-05-25 11:20:24,401 [SKIP] len error : ['③', '中位', '50回〜400回', '39.0%']
2026-05-25 11:20:24,401 [SKIP] len error : ['④', 'やや低い', '10回〜50回', '17.6%']
2026-05-25 11:20:24,401 [SKIP] len error : ['⑤', '低い', '10回未満', '11.0%']
2026-05-25 11:20:24,401 2440件 / ?件中 20:20
2026-05-25 11:20:24,450 [TOTAL] None
2026-05-25 11:20:24,451 [COUNT] 2440
2026-05-25 11:20:25,479 [PAGE] 123
2026-05-25 11:20:25,747 [SKIP] len error : ['東P', '東証プライム']
2026-05-25 11:20:25,747 [SKIP] len error : ['東S', '東証スタンダード']
2026-05-25 11:20:25,747 [SKIP] len error : ['東G', '東証グロース']
2026-05-25 11:20:25,747 [SKIP] len error : ['東Ｅ', '東証ETF']
2026-05-25 11:20:25,747 [SKIP] len error : ['東EN', '東証ETN']
2026-05-25 11:20:25,747 [SKIP] len error : ['東Ｒ', '東証REIT']
2026-05-25 11:20:25,747 [SKIP] len error : ['東IF', '東証インフラファンド']
2026-05-25 11:20:25,747 [SKIP] len error : ['名Ｐ', '名証プレミア']
2026-05-25 11:20:25,747 [SKIP] len error : ['名M', '名証メイン']
2026-05-25 11:20:25,747 [SKIP] len error : ['名N', '名証ネクスト']
2026-05-25 11:20:25,748 [SKIP] len error : ['名Ｅ', '名証ETF']
2026-05-25 11:20:25,748 [SKIP] len error : ['札Ａ', '札証アンビシャス']
2026-05-25 11:20:25,748 [SKIP] len error : ['福Ｑ', '福証Q-Board']
2026-05-25 11:20:25,748 [SKIP] len error : ['①', '高い', '1,000回以上', '13.9%']
2026-05-25 11:20:25,748 [SKIP] len error : ['②', 'やや高い', '400回〜1,000回', '18.5%']
2026-05-25 11:20:25,748 [SKIP] len error : ['③', '中位', '50回〜400回', '39.0%']
2026-05-25 11:20:25,748 [SKIP] len error : ['④', 'やや低い', '10回〜50回', '17.6%']
2026-05-25 11:20:25,748 [SKIP] len error : ['⑤', '低い', '10回未満', '11.0%']
2026-05-25 11:20:25,748 2460件 / ?件中 20:20
2026-05-25 11:20:25,793 [TOTAL] None
2026-05-25 11:20:25,793 [COUNT] 2460
2026-05-25 11:20:26,915 [PAGE] 124
2026-05-25 11:20:27,185 [SKIP] len error : ['東P', '東証プライム']
2026-05-25 11:20:27,185 [SKIP] len error : ['東S', '東証スタンダード']
2026-05-25 11:20:27,185 [SKIP] len error : ['東G', '東証グロース']
2026-05-25 11:20:27,185 [SKIP] len error : ['東Ｅ', '東証ETF']
2026-05-25 11:20:27,185 [SKIP] len error : ['東EN', '東証ETN']
2026-05-25 11:20:27,185 [SKIP] len error : ['東Ｒ', '東証REIT']
2026-05-25 11:20:27,185 [SKIP] len error : ['東IF', '東証インフラファンド']
2026-05-25 11:20:27,185 [SKIP] len error : ['名Ｐ', '名証プレミア']
2026-05-25 11:20:27,185 [SKIP] len error : ['名M', '名証メイン']
2026-05-25 11:20:27,185 [SKIP] len error : ['名N', '名証ネクスト']
2026-05-25 11:20:27,185 [SKIP] len error : ['名Ｅ', '名証ETF']
2026-05-25 11:20:27,185 [SKIP] len error : ['札Ａ', '札証アンビシャス']
2026-05-25 11:20:27,185 [SKIP] len error : ['福Ｑ', '福証Q-Board']
2026-05-25 11:20:27,185 [SKIP] len error : ['①', '高い', '1,000回以上', '13.9%']
2026-05-25 11:20:27,185 [SKIP] len error : ['②', 'やや高い', '400回〜1,000回', '18.5%']
2026-05-25 11:20:27,185 [SKIP] len error : ['③', '中位', '50回〜400回', '39.0%']
2026-05-25 11:20:27,185 [SKIP] len error : ['④', 'やや低い', '10回〜50回', '17.6%']
2026-05-25 11:20:27,185 [SKIP] len error : ['⑤', '低い', '10回未満', '11.0%']
2026-05-25 11:20:27,185 2480件 / ?件中 20:20
2026-05-25 11:20:27,230 [TOTAL] None
2026-05-25 11:20:27,230 [COUNT] 2480
2026-05-25 11:20:28,274 [PAGE] 125
2026-05-25 11:20:28,581 [SKIP] len error : ['東P', '東証プライム']
2026-05-25 11:20:28,581 [SKIP] len error : ['東S', '東証スタンダード']
2026-05-25 11:20:28,581 [SKIP] len error : ['東G', '東証グロース']
2026-05-25 11:20:28,581 [SKIP] len error : ['東Ｅ', '東証ETF']
2026-05-25 11:20:28,581 [SKIP] len error : ['東EN', '東証ETN']
2026-05-25 11:20:28,581 [SKIP] len error : ['東Ｒ', '東証REIT']
2026-05-25 11:20:28,581 [SKIP] len error : ['東IF', '東証インフラファンド']
2026-05-25 11:20:28,581 [SKIP] len error : ['名Ｐ', '名証プレミア']
2026-05-25 11:20:28,581 [SKIP] len error : ['名M', '名証メイン']
2026-05-25 11:20:28,581 [SKIP] len error : ['名N', '名証ネクスト']
2026-05-25 11:20:28,581 [SKIP] len error : ['名Ｅ', '名証ETF']
2026-05-25 11:20:28,581 [SKIP] len error : ['札Ａ', '札証アンビシャス']
2026-05-25 11:20:28,581 [SKIP] len error : ['福Ｑ', '福証Q-Board']
2026-05-25 11:20:28,581 [SKIP] len error : ['①', '高い', '1,000回以上', '13.9%']
2026-05-25 11:20:28,581 [SKIP] len error : ['②', 'やや高い', '400回〜1,000回', '18.5%']
2026-05-25 11:20:28,581 [SKIP] len error : ['③', '中位', '50回〜400回', '39.0%']
2026-05-25 11:20:28,581 [SKIP] len error : ['④', 'やや低い', '10回〜50回', '17.6%']
2026-05-25 11:20:28,582 [SKIP] len error : ['⑤', '低い', '10回未満', '11.0%']
2026-05-25 11:20:28,582 2500件 / ?件中 20:20
2026-05-25 11:20:28,627 [TOTAL] None
2026-05-25 11:20:28,627 [COUNT] 2500
2026-05-25 11:20:29,830 [PAGE] 126
2026-05-25 11:20:30,105 [SKIP] len error : ['東P', '東証プライム']
2026-05-25 11:20:30,105 [SKIP] len error : ['東S', '東証スタンダード']
2026-05-25 11:20:30,105 [SKIP] len error : ['東G', '東証グロース']
2026-05-25 11:20:30,105 [SKIP] len error : ['東Ｅ', '東証ETF']
2026-05-25 11:20:30,105 [SKIP] len error : ['東EN', '東証ETN']
2026-05-25 11:20:30,105 [SKIP] len error : ['東Ｒ', '東証REIT']
2026-05-25 11:20:30,105 [SKIP] len error : ['東IF', '東証インフラファンド']
2026-05-25 11:20:30,105 [SKIP] len error : ['名Ｐ', '名証プレミア']
2026-05-25 11:20:30,105 [SKIP] len error : ['名M', '名証メイン']
2026-05-25 11:20:30,105 [SKIP] len error : ['名N', '名証ネクスト']
2026-05-25 11:20:30,105 [SKIP] len error : ['名Ｅ', '名証ETF']
2026-05-25 11:20:30,105 [SKIP] len error : ['札Ａ', '札証アンビシャス']
2026-05-25 11:20:30,105 [SKIP] len error : ['福Ｑ', '福証Q-Board']
2026-05-25 11:20:30,105 [SKIP] len error : ['①', '高い', '1,000回以上', '13.9%']
2026-05-25 11:20:30,105 [SKIP] len error : ['②', 'やや高い', '400回〜1,000回', '18.5%']
2026-05-25 11:20:30,105 [SKIP] len error : ['③', '中位', '50回〜400回', '39.0%']
2026-05-25 11:20:30,105 [SKIP] len error : ['④', 'やや低い', '10回〜50回', '17.6%']
2026-05-25 11:20:30,105 [SKIP] len error : ['⑤', '低い', '10回未満', '11.0%']
2026-05-25 11:20:30,106 2520件 / ?件中 20:20
2026-05-25 11:20:30,154 [TOTAL] None
2026-05-25 11:20:30,154 [COUNT] 2520
2026-05-25 11:20:31,544 [PAGE] 127
2026-05-25 11:20:31,821 [SKIP] len error : ['東P', '東証プライム']
2026-05-25 11:20:31,821 [SKIP] len error : ['東S', '東証スタンダード']
2026-05-25 11:20:31,821 [SKIP] len error : ['東G', '東証グロース']
2026-05-25 11:20:31,821 [SKIP] len error : ['東Ｅ', '東証ETF']
2026-05-25 11:20:31,821 [SKIP] len error : ['東EN', '東証ETN']
2026-05-25 11:20:31,821 [SKIP] len error : ['東Ｒ', '東証REIT']
2026-05-25 11:20:31,821 [SKIP] len error : ['東IF', '東証インフラファンド']
2026-05-25 11:20:31,821 [SKIP] len error : ['名Ｐ', '名証プレミア']
2026-05-25 11:20:31,821 [SKIP] len error : ['名M', '名証メイン']
2026-05-25 11:20:31,821 [SKIP] len error : ['名N', '名証ネクスト']
2026-05-25 11:20:31,821 [SKIP] len error : ['名Ｅ', '名証ETF']
2026-05-25 11:20:31,821 [SKIP] len error : ['札Ａ', '札証アンビシャス']
2026-05-25 11:20:31,821 [SKIP] len error : ['福Ｑ', '福証Q-Board']
2026-05-25 11:20:31,821 [SKIP] len error : ['①', '高い', '1,000回以上', '13.9%']
2026-05-25 11:20:31,821 [SKIP] len error : ['②', 'やや高い', '400回〜1,000回', '18.5%']
2026-05-25 11:20:31,822 [SKIP] len error : ['③', '中位', '50回〜400回', '39.0%']
2026-05-25 11:20:31,822 [SKIP] len error : ['④', 'やや低い', '10回〜50回', '17.6%']
2026-05-25 11:20:31,822 [SKIP] len error : ['⑤', '低い', '10回未満', '11.0%']
2026-05-25 11:20:31,822 2540件 / ?件中 20:20
2026-05-25 11:20:31,867 [TOTAL] None
2026-05-25 11:20:31,867 [COUNT] 2540
2026-05-25 11:20:32,804 [PAGE] 128
2026-05-25 11:20:33,097 [SKIP] len error : ['東P', '東証プライム']
2026-05-25 11:20:33,097 [SKIP] len error : ['東S', '東証スタンダード']
2026-05-25 11:20:33,097 [SKIP] len error : ['東G', '東証グロース']
2026-05-25 11:20:33,097 [SKIP] len error : ['東Ｅ', '東証ETF']
2026-05-25 11:20:33,097 [SKIP] len error : ['東EN', '東証ETN']
2026-05-25 11:20:33,097 [SKIP] len error : ['東Ｒ', '東証REIT']
2026-05-25 11:20:33,097 [SKIP] len error : ['東IF', '東証インフラファンド']
2026-05-25 11:20:33,097 [SKIP] len error : ['名Ｐ', '名証プレミア']
2026-05-25 11:20:33,097 [SKIP] len error : ['名M', '名証メイン']
2026-05-25 11:20:33,097 [SKIP] len error : ['名N', '名証ネクスト']
2026-05-25 11:20:33,097 [SKIP] len error : ['名Ｅ', '名証ETF']
2026-05-25 11:20:33,097 [SKIP] len error : ['札Ａ', '札証アンビシャス']
2026-05-25 11:20:33,097 [SKIP] len error : ['福Ｑ', '福証Q-Board']
2026-05-25 11:20:33,097 [SKIP] len error : ['①', '高い', '1,000回以上', '13.9%']
2026-05-25 11:20:33,097 [SKIP] len error : ['②', 'やや高い', '400回〜1,000回', '18.5%']
2026-05-25 11:20:33,097 [SKIP] len error : ['③', '中位', '50回〜400回', '39.0%']
2026-05-25 11:20:33,097 [SKIP] len error : ['④', 'やや低い', '10回〜50回', '17.6%']
2026-05-25 11:20:33,097 [SKIP] len error : ['⑤', '低い', '10回未満', '11.0%']
2026-05-25 11:20:33,098 2560件 / ?件中 20:20
2026-05-25 11:20:33,143 [TOTAL] None
2026-05-25 11:20:33,143 [COUNT] 2560
2026-05-25 11:20:34,168 [PAGE] 129
2026-05-25 11:20:34,449 [SKIP] len error : ['東P', '東証プライム']
2026-05-25 11:20:34,449 [SKIP] len error : ['東S', '東証スタンダード']
2026-05-25 11:20:34,449 [SKIP] len error : ['東G', '東証グロース']
2026-05-25 11:20:34,449 [SKIP] len error : ['東Ｅ', '東証ETF']
2026-05-25 11:20:34,449 [SKIP] len error : ['東EN', '東証ETN']
2026-05-25 11:20:34,449 [SKIP] len error : ['東Ｒ', '東証REIT']
2026-05-25 11:20:34,449 [SKIP] len error : ['東IF', '東証インフラファンド']
2026-05-25 11:20:34,449 [SKIP] len error : ['名Ｐ', '名証プレミア']
2026-05-25 11:20:34,449 [SKIP] len error : ['名M', '名証メイン']
2026-05-25 11:20:34,449 [SKIP] len error : ['名N', '名証ネクスト']
2026-05-25 11:20:34,449 [SKIP] len error : ['名Ｅ', '名証ETF']
2026-05-25 11:20:34,449 [SKIP] len error : ['札Ａ', '札証アンビシャス']
2026-05-25 11:20:34,449 [SKIP] len error : ['福Ｑ', '福証Q-Board']
2026-05-25 11:20:34,449 [SKIP] len error : ['①', '高い', '1,000回以上', '13.9%']
2026-05-25 11:20:34,449 [SKIP] len error : ['②', 'やや高い', '400回〜1,000回', '18.5%']
2026-05-25 11:20:34,449 [SKIP] len error : ['③', '中位', '50回〜400回', '39.0%']
2026-05-25 11:20:34,449 [SKIP] len error : ['④', 'やや低い', '10回〜50回', '17.6%']
2026-05-25 11:20:34,449 [SKIP] len error : ['⑤', '低い', '10回未満', '11.0%']
2026-05-25 11:20:34,450 2580件 / ?件中 20:20
2026-05-25 11:20:34,494 [TOTAL] None
2026-05-25 11:20:34,494 [COUNT] 2580
2026-05-25 11:20:35,814 [PAGE] 130
2026-05-25 11:20:36,148 [SKIP] len error : ['東P', '東証プライム']
2026-05-25 11:20:36,148 [SKIP] len error : ['東S', '東証スタンダード']
2026-05-25 11:20:36,148 [SKIP] len error : ['東G', '東証グロース']
2026-05-25 11:20:36,148 [SKIP] len error : ['東Ｅ', '東証ETF']
2026-05-25 11:20:36,148 [SKIP] len error : ['東EN', '東証ETN']
2026-05-25 11:20:36,148 [SKIP] len error : ['東Ｒ', '東証REIT']
2026-05-25 11:20:36,148 [SKIP] len error : ['東IF', '東証インフラファンド']
2026-05-25 11:20:36,148 [SKIP] len error : ['名Ｐ', '名証プレミア']
2026-05-25 11:20:36,148 [SKIP] len error : ['名M', '名証メイン']
2026-05-25 11:20:36,148 [SKIP] len error : ['名N', '名証ネクスト']
2026-05-25 11:20:36,148 [SKIP] len error : ['名Ｅ', '名証ETF']
2026-05-25 11:20:36,148 [SKIP] len error : ['札Ａ', '札証アンビシャス']
2026-05-25 11:20:36,148 [SKIP] len error : ['福Ｑ', '福証Q-Board']
2026-05-25 11:20:36,148 [SKIP] len error : ['①', '高い', '1,000回以上', '13.9%']
2026-05-25 11:20:36,148 [SKIP] len error : ['②', 'やや高い', '400回〜1,000回', '18.5%']
2026-05-25 11:20:36,148 [SKIP] len error : ['③', '中位', '50回〜400回', '39.0%']
2026-05-25 11:20:36,148 [SKIP] len error : ['④', 'やや低い', '10回〜50回', '17.6%']
2026-05-25 11:20:36,148 [SKIP] len error : ['⑤', '低い', '10回未満', '11.0%']
2026-05-25 11:20:36,148 2600件 / ?件中 20:20
2026-05-25 11:20:36,195 [TOTAL] None
2026-05-25 11:20:36,195 [COUNT] 2600
2026-05-25 11:20:36,758 [PAGE] 131
2026-05-25 11:20:37,031 [SKIP] len error : ['東P', '東証プライム']
2026-05-25 11:20:37,031 [SKIP] len error : ['東S', '東証スタンダード']
2026-05-25 11:20:37,031 [SKIP] len error : ['東G', '東証グロース']
2026-05-25 11:20:37,031 [SKIP] len error : ['東Ｅ', '東証ETF']
2026-05-25 11:20:37,031 [SKIP] len error : ['東EN', '東証ETN']
2026-05-25 11:20:37,031 [SKIP] len error : ['東Ｒ', '東証REIT']
2026-05-25 11:20:37,031 [SKIP] len error : ['東IF', '東証インフラファンド']
2026-05-25 11:20:37,031 [SKIP] len error : ['名Ｐ', '名証プレミア']
2026-05-25 11:20:37,031 [SKIP] len error : ['名M', '名証メイン']
2026-05-25 11:20:37,031 [SKIP] len error : ['名N', '名証ネクスト']
2026-05-25 11:20:37,031 [SKIP] len error : ['名Ｅ', '名証ETF']
2026-05-25 11:20:37,031 [SKIP] len error : ['札Ａ', '札証アンビシャス']
2026-05-25 11:20:37,031 [SKIP] len error : ['福Ｑ', '福証Q-Board']
2026-05-25 11:20:37,031 [SKIP] len error : ['①', '高い', '1,000回以上', '13.9%']
2026-05-25 11:20:37,031 [SKIP] len error : ['②', 'やや高い', '400回〜1,000回', '18.5%']
2026-05-25 11:20:37,031 [SKIP] len error : ['③', '中位', '50回〜400回', '39.0%']
2026-05-25 11:20:37,031 [SKIP] len error : ['④', 'やや低い', '10回〜50回', '17.6%']
2026-05-25 11:20:37,031 [SKIP] len error : ['⑤', '低い', '10回未満', '11.0%']
2026-05-25 11:20:37,032 2620件 / ?件中 20:20
2026-05-25 11:20:37,078 [TOTAL] None
2026-05-25 11:20:37,078 [COUNT] 2620
2026-05-25 11:20:38,490 [PAGE] 132
2026-05-25 11:20:38,751 [SKIP] len error : ['東P', '東証プライム']
2026-05-25 11:20:38,751 [SKIP] len error : ['東S', '東証スタンダード']
2026-05-25 11:20:38,751 [SKIP] len error : ['東G', '東証グロース']
2026-05-25 11:20:38,751 [SKIP] len error : ['東Ｅ', '東証ETF']
2026-05-25 11:20:38,751 [SKIP] len error : ['東EN', '東証ETN']
2026-05-25 11:20:38,751 [SKIP] len error : ['東Ｒ', '東証REIT']
2026-05-25 11:20:38,751 [SKIP] len error : ['東IF', '東証インフラファンド']
2026-05-25 11:20:38,752 [SKIP] len error : ['名Ｐ', '名証プレミア']
2026-05-25 11:20:38,752 [SKIP] len error : ['名M', '名証メイン']
2026-05-25 11:20:38,752 [SKIP] len error : ['名N', '名証ネクスト']
2026-05-25 11:20:38,752 [SKIP] len error : ['名Ｅ', '名証ETF']
2026-05-25 11:20:38,752 [SKIP] len error : ['札Ａ', '札証アンビシャス']
2026-05-25 11:20:38,752 [SKIP] len error : ['福Ｑ', '福証Q-Board']
2026-05-25 11:20:38,752 [SKIP] len error : ['①', '高い', '1,000回以上', '13.9%']
2026-05-25 11:20:38,752 [SKIP] len error : ['②', 'やや高い', '400回〜1,000回', '18.5%']
2026-05-25 11:20:38,752 [SKIP] len error : ['③', '中位', '50回〜400回', '39.0%']
2026-05-25 11:20:38,752 [SKIP] len error : ['④', 'やや低い', '10回〜50回', '17.6%']
2026-05-25 11:20:38,752 [SKIP] len error : ['⑤', '低い', '10回未満', '11.0%']
2026-05-25 11:20:38,752 2640件 / ?件中 20:20
2026-05-25 11:20:38,798 [TOTAL] None
2026-05-25 11:20:38,798 [COUNT] 2640
2026-05-25 11:20:39,979 [PAGE] 133
2026-05-25 11:20:40,246 [SKIP] len error : ['東P', '東証プライム']
2026-05-25 11:20:40,246 [SKIP] len error : ['東S', '東証スタンダード']
2026-05-25 11:20:40,246 [SKIP] len error : ['東G', '東証グロース']
2026-05-25 11:20:40,247 [SKIP] len error : ['東Ｅ', '東証ETF']
2026-05-25 11:20:40,247 [SKIP] len error : ['東EN', '東証ETN']
2026-05-25 11:20:40,247 [SKIP] len error : ['東Ｒ', '東証REIT']
2026-05-25 11:20:40,247 [SKIP] len error : ['東IF', '東証インフラファンド']
2026-05-25 11:20:40,247 [SKIP] len error : ['名Ｐ', '名証プレミア']
2026-05-25 11:20:40,247 [SKIP] len error : ['名M', '名証メイン']
2026-05-25 11:20:40,247 [SKIP] len error : ['名N', '名証ネクスト']
2026-05-25 11:20:40,247 [SKIP] len error : ['名Ｅ', '名証ETF']
2026-05-25 11:20:40,247 [SKIP] len error : ['札Ａ', '札証アンビシャス']
2026-05-25 11:20:40,247 [SKIP] len error : ['福Ｑ', '福証Q-Board']
2026-05-25 11:20:40,247 [SKIP] len error : ['①', '高い', '1,000回以上', '13.9%']
2026-05-25 11:20:40,247 [SKIP] len error : ['②', 'やや高い', '400回〜1,000回', '18.5%']
2026-05-25 11:20:40,247 [SKIP] len error : ['③', '中位', '50回〜400回', '39.0%']
2026-05-25 11:20:40,247 [SKIP] len error : ['④', 'やや低い', '10回〜50回', '17.6%']
2026-05-25 11:20:40,247 [SKIP] len error : ['⑤', '低い', '10回未満', '11.0%']
2026-05-25 11:20:40,247 2660件 / ?件中 20:20
2026-05-25 11:20:40,293 [TOTAL] None
2026-05-25 11:20:40,293 [COUNT] 2660
2026-05-25 11:20:41,000 [PAGE] 134
2026-05-25 11:20:41,256 [SKIP] len error : ['東P', '東証プライム']
2026-05-25 11:20:41,256 [SKIP] len error : ['東S', '東証スタンダード']
2026-05-25 11:20:41,256 [SKIP] len error : ['東G', '東証グロース']
2026-05-25 11:20:41,256 [SKIP] len error : ['東Ｅ', '東証ETF']
2026-05-25 11:20:41,256 [SKIP] len error : ['東EN', '東証ETN']
2026-05-25 11:20:41,256 [SKIP] len error : ['東Ｒ', '東証REIT']
2026-05-25 11:20:41,256 [SKIP] len error : ['東IF', '東証インフラファンド']
2026-05-25 11:20:41,256 [SKIP] len error : ['名Ｐ', '名証プレミア']
2026-05-25 11:20:41,256 [SKIP] len error : ['名M', '名証メイン']
2026-05-25 11:20:41,256 [SKIP] len error : ['名N', '名証ネクスト']
2026-05-25 11:20:41,256 [SKIP] len error : ['名Ｅ', '名証ETF']
2026-05-25 11:20:41,256 [SKIP] len error : ['札Ａ', '札証アンビシャス']
2026-05-25 11:20:41,256 [SKIP] len error : ['福Ｑ', '福証Q-Board']
2026-05-25 11:20:41,256 [SKIP] len error : ['①', '高い', '1,000回以上', '13.9%']
2026-05-25 11:20:41,256 [SKIP] len error : ['②', 'やや高い', '400回〜1,000回', '18.5%']
2026-05-25 11:20:41,256 [SKIP] len error : ['③', '中位', '50回〜400回', '39.0%']
2026-05-25 11:20:41,256 [SKIP] len error : ['④', 'やや低い', '10回〜50回', '17.6%']
2026-05-25 11:20:41,256 [SKIP] len error : ['⑤', '低い', '10回未満', '11.0%']
2026-05-25 11:20:41,257 2680件 / ?件中 20:20
2026-05-25 11:20:41,339 [TOTAL] None
2026-05-25 11:20:41,339 [COUNT] 2680
2026-05-25 11:20:41,999 [PAGE] 135
2026-05-25 11:20:42,261 [SKIP] len error : ['東P', '東証プライム']
2026-05-25 11:20:42,261 [SKIP] len error : ['東S', '東証スタンダード']
2026-05-25 11:20:42,261 [SKIP] len error : ['東G', '東証グロース']
2026-05-25 11:20:42,261 [SKIP] len error : ['東Ｅ', '東証ETF']
2026-05-25 11:20:42,261 [SKIP] len error : ['東EN', '東証ETN']
2026-05-25 11:20:42,261 [SKIP] len error : ['東Ｒ', '東証REIT']
2026-05-25 11:20:42,261 [SKIP] len error : ['東IF', '東証インフラファンド']
2026-05-25 11:20:42,261 [SKIP] len error : ['名Ｐ', '名証プレミア']
2026-05-25 11:20:42,261 [SKIP] len error : ['名M', '名証メイン']
2026-05-25 11:20:42,261 [SKIP] len error : ['名N', '名証ネクスト']
2026-05-25 11:20:42,261 [SKIP] len error : ['名Ｅ', '名証ETF']
2026-05-25 11:20:42,261 [SKIP] len error : ['札Ａ', '札証アンビシャス']
2026-05-25 11:20:42,261 [SKIP] len error : ['福Ｑ', '福証Q-Board']
2026-05-25 11:20:42,261 [SKIP] len error : ['①', '高い', '1,000回以上', '13.9%']
2026-05-25 11:20:42,262 [SKIP] len error : ['②', 'やや高い', '400回〜1,000回', '18.5%']
2026-05-25 11:20:42,262 [SKIP] len error : ['③', '中位', '50回〜400回', '39.0%']
2026-05-25 11:20:42,262 [SKIP] len error : ['④', 'やや低い', '10回〜50回', '17.6%']
2026-05-25 11:20:42,262 [SKIP] len error : ['⑤', '低い', '10回未満', '11.0%']
2026-05-25 11:20:42,262 2700件 / ?件中 20:20
2026-05-25 11:20:42,308 [TOTAL] None
2026-05-25 11:20:42,308 [COUNT] 2700
2026-05-25 11:20:43,701 [PAGE] 136
2026-05-25 11:20:43,964 [SKIP] len error : ['東P', '東証プライム']
2026-05-25 11:20:43,964 [SKIP] len error : ['東S', '東証スタンダード']
2026-05-25 11:20:43,964 [SKIP] len error : ['東G', '東証グロース']
2026-05-25 11:20:43,964 [SKIP] len error : ['東Ｅ', '東証ETF']
2026-05-25 11:20:43,964 [SKIP] len error : ['東EN', '東証ETN']
2026-05-25 11:20:43,965 [SKIP] len error : ['東Ｒ', '東証REIT']
2026-05-25 11:20:43,965 [SKIP] len error : ['東IF', '東証インフラファンド']
2026-05-25 11:20:43,965 [SKIP] len error : ['名Ｐ', '名証プレミア']
2026-05-25 11:20:43,965 [SKIP] len error : ['名M', '名証メイン']
2026-05-25 11:20:43,965 [SKIP] len error : ['名N', '名証ネクスト']
2026-05-25 11:20:43,965 [SKIP] len error : ['名Ｅ', '名証ETF']
2026-05-25 11:20:43,965 [SKIP] len error : ['札Ａ', '札証アンビシャス']
2026-05-25 11:20:43,965 [SKIP] len error : ['福Ｑ', '福証Q-Board']
2026-05-25 11:20:43,965 [SKIP] len error : ['①', '高い', '1,000回以上', '13.9%']
2026-05-25 11:20:43,965 [SKIP] len error : ['②', 'やや高い', '400回〜1,000回', '18.5%']
2026-05-25 11:20:43,965 [SKIP] len error : ['③', '中位', '50回〜400回', '39.0%']
2026-05-25 11:20:43,965 [SKIP] len error : ['④', 'やや低い', '10回〜50回', '17.6%']
2026-05-25 11:20:43,965 [SKIP] len error : ['⑤', '低い', '10回未満', '11.0%']
2026-05-25 11:20:43,965 2720件 / ?件中 20:20
2026-05-25 11:20:44,011 [TOTAL] None
2026-05-25 11:20:44,011 [COUNT] 2720
2026-05-25 11:20:44,892 [PAGE] 137
2026-05-25 11:20:45,164 [SKIP] len error : ['東P', '東証プライム']
2026-05-25 11:20:45,164 [SKIP] len error : ['東S', '東証スタンダード']
2026-05-25 11:20:45,164 [SKIP] len error : ['東G', '東証グロース']
2026-05-25 11:20:45,164 [SKIP] len error : ['東Ｅ', '東証ETF']
2026-05-25 11:20:45,164 [SKIP] len error : ['東EN', '東証ETN']
2026-05-25 11:20:45,164 [SKIP] len error : ['東Ｒ', '東証REIT']
2026-05-25 11:20:45,164 [SKIP] len error : ['東IF', '東証インフラファンド']
2026-05-25 11:20:45,164 [SKIP] len error : ['名Ｐ', '名証プレミア']
2026-05-25 11:20:45,164 [SKIP] len error : ['名M', '名証メイン']
2026-05-25 11:20:45,164 [SKIP] len error : ['名N', '名証ネクスト']
2026-05-25 11:20:45,165 [SKIP] len error : ['名Ｅ', '名証ETF']
2026-05-25 11:20:45,165 [SKIP] len error : ['札Ａ', '札証アンビシャス']
2026-05-25 11:20:45,165 [SKIP] len error : ['福Ｑ', '福証Q-Board']
2026-05-25 11:20:45,165 [SKIP] len error : ['①', '高い', '1,000回以上', '13.9%']
2026-05-25 11:20:45,165 [SKIP] len error : ['②', 'やや高い', '400回〜1,000回', '18.5%']
2026-05-25 11:20:45,165 [SKIP] len error : ['③', '中位', '50回〜400回', '39.0%']
2026-05-25 11:20:45,165 [SKIP] len error : ['④', 'やや低い', '10回〜50回', '17.6%']
2026-05-25 11:20:45,165 [SKIP] len error : ['⑤', '低い', '10回未満', '11.0%']
2026-05-25 11:20:45,165 2740件 / ?件中 20:20
2026-05-25 11:20:45,210 [TOTAL] None
2026-05-25 11:20:45,210 [COUNT] 2740
2026-05-25 11:20:46,271 [PAGE] 138
2026-05-25 11:20:46,545 [SKIP] len error : ['東P', '東証プライム']
2026-05-25 11:20:46,545 [SKIP] len error : ['東S', '東証スタンダード']
2026-05-25 11:20:46,545 [SKIP] len error : ['東G', '東証グロース']
2026-05-25 11:20:46,545 [SKIP] len error : ['東Ｅ', '東証ETF']
2026-05-25 11:20:46,545 [SKIP] len error : ['東EN', '東証ETN']
2026-05-25 11:20:46,545 [SKIP] len error : ['東Ｒ', '東証REIT']
2026-05-25 11:20:46,545 [SKIP] len error : ['東IF', '東証インフラファンド']
2026-05-25 11:20:46,545 [SKIP] len error : ['名Ｐ', '名証プレミア']
2026-05-25 11:20:46,545 [SKIP] len error : ['名M', '名証メイン']
2026-05-25 11:20:46,545 [SKIP] len error : ['名N', '名証ネクスト']
2026-05-25 11:20:46,545 [SKIP] len error : ['名Ｅ', '名証ETF']
2026-05-25 11:20:46,545 [SKIP] len error : ['札Ａ', '札証アンビシャス']
2026-05-25 11:20:46,545 [SKIP] len error : ['福Ｑ', '福証Q-Board']
2026-05-25 11:20:46,545 [SKIP] len error : ['①', '高い', '1,000回以上', '13.9%']
2026-05-25 11:20:46,545 [SKIP] len error : ['②', 'やや高い', '400回〜1,000回', '18.5%']
2026-05-25 11:20:46,545 [SKIP] len error : ['③', '中位', '50回〜400回', '39.0%']
2026-05-25 11:20:46,545 [SKIP] len error : ['④', 'やや低い', '10回〜50回', '17.6%']
2026-05-25 11:20:46,545 [SKIP] len error : ['⑤', '低い', '10回未満', '11.0%']
2026-05-25 11:20:46,546 2760件 / ?件中 20:20
2026-05-25 11:20:46,591 [TOTAL] None
2026-05-25 11:20:46,591 [COUNT] 2760
2026-05-25 11:20:47,151 [PAGE] 139
2026-05-25 11:20:47,416 [SKIP] len error : ['東P', '東証プライム']
2026-05-25 11:20:47,416 [SKIP] len error : ['東S', '東証スタンダード']
2026-05-25 11:20:47,416 [SKIP] len error : ['東G', '東証グロース']
2026-05-25 11:20:47,416 [SKIP] len error : ['東Ｅ', '東証ETF']
2026-05-25 11:20:47,416 [SKIP] len error : ['東EN', '東証ETN']
2026-05-25 11:20:47,416 [SKIP] len error : ['東Ｒ', '東証REIT']
2026-05-25 11:20:47,416 [SKIP] len error : ['東IF', '東証インフラファンド']
2026-05-25 11:20:47,416 [SKIP] len error : ['名Ｐ', '名証プレミア']
2026-05-25 11:20:47,416 [SKIP] len error : ['名M', '名証メイン']
2026-05-25 11:20:47,416 [SKIP] len error : ['名N', '名証ネクスト']
2026-05-25 11:20:47,416 [SKIP] len error : ['名Ｅ', '名証ETF']
2026-05-25 11:20:47,416 [SKIP] len error : ['札Ａ', '札証アンビシャス']
2026-05-25 11:20:47,416 [SKIP] len error : ['福Ｑ', '福証Q-Board']
2026-05-25 11:20:47,416 [SKIP] len error : ['①', '高い', '1,000回以上', '13.9%']
2026-05-25 11:20:47,416 [SKIP] len error : ['②', 'やや高い', '400回〜1,000回', '18.5%']
2026-05-25 11:20:47,416 [SKIP] len error : ['③', '中位', '50回〜400回', '39.0%']
2026-05-25 11:20:47,416 [SKIP] len error : ['④', 'やや低い', '10回〜50回', '17.6%']
2026-05-25 11:20:47,416 [SKIP] len error : ['⑤', '低い', '10回未満', '11.0%']
2026-05-25 11:20:47,417 2780件 / ?件中 20:20
2026-05-25 11:20:47,509 [TOTAL] None
2026-05-25 11:20:47,509 [COUNT] 2780
2026-05-25 11:20:48,328 [PAGE] 140
2026-05-25 11:20:48,593 [SKIP] len error : ['東P', '東証プライム']
2026-05-25 11:20:48,593 [SKIP] len error : ['東S', '東証スタンダード']
2026-05-25 11:20:48,593 [SKIP] len error : ['東G', '東証グロース']
2026-05-25 11:20:48,593 [SKIP] len error : ['東Ｅ', '東証ETF']
2026-05-25 11:20:48,593 [SKIP] len error : ['東EN', '東証ETN']
2026-05-25 11:20:48,593 [SKIP] len error : ['東Ｒ', '東証REIT']
2026-05-25 11:20:48,593 [SKIP] len error : ['東IF', '東証インフラファンド']
2026-05-25 11:20:48,593 [SKIP] len error : ['名Ｐ', '名証プレミア']
2026-05-25 11:20:48,593 [SKIP] len error : ['名M', '名証メイン']
2026-05-25 11:20:48,593 [SKIP] len error : ['名N', '名証ネクスト']
2026-05-25 11:20:48,594 [SKIP] len error : ['名Ｅ', '名証ETF']
2026-05-25 11:20:48,594 [SKIP] len error : ['札Ａ', '札証アンビシャス']
2026-05-25 11:20:48,594 [SKIP] len error : ['福Ｑ', '福証Q-Board']
2026-05-25 11:20:48,594 [SKIP] len error : ['①', '高い', '1,000回以上', '13.9%']
2026-05-25 11:20:48,594 [SKIP] len error : ['②', 'やや高い', '400回〜1,000回', '18.5%']
2026-05-25 11:20:48,594 [SKIP] len error : ['③', '中位', '50回〜400回', '39.0%']
2026-05-25 11:20:48,594 [SKIP] len error : ['④', 'やや低い', '10回〜50回', '17.6%']
2026-05-25 11:20:48,594 [SKIP] len error : ['⑤', '低い', '10回未満', '11.0%']
2026-05-25 11:20:48,594 2800件 / ?件中 20:20
2026-05-25 11:20:48,641 [TOTAL] None
2026-05-25 11:20:48,641 [COUNT] 2800
2026-05-25 11:20:49,644 [PAGE] 141
2026-05-25 11:20:49,912 [SKIP] len error : ['東P', '東証プライム']
2026-05-25 11:20:49,912 [SKIP] len error : ['東S', '東証スタンダード']
2026-05-25 11:20:49,912 [SKIP] len error : ['東G', '東証グロース']
2026-05-25 11:20:49,912 [SKIP] len error : ['東Ｅ', '東証ETF']
2026-05-25 11:20:49,913 [SKIP] len error : ['東EN', '東証ETN']
2026-05-25 11:20:49,913 [SKIP] len error : ['東Ｒ', '東証REIT']
2026-05-25 11:20:49,913 [SKIP] len error : ['東IF', '東証インフラファンド']
2026-05-25 11:20:49,913 [SKIP] len error : ['名Ｐ', '名証プレミア']
2026-05-25 11:20:49,913 [SKIP] len error : ['名M', '名証メイン']
2026-05-25 11:20:49,913 [SKIP] len error : ['名N', '名証ネクスト']
2026-05-25 11:20:49,913 [SKIP] len error : ['名Ｅ', '名証ETF']
2026-05-25 11:20:49,913 [SKIP] len error : ['札Ａ', '札証アンビシャス']
2026-05-25 11:20:49,913 [SKIP] len error : ['福Ｑ', '福証Q-Board']
2026-05-25 11:20:49,913 [SKIP] len error : ['①', '高い', '1,000回以上', '13.9%']
2026-05-25 11:20:49,913 [SKIP] len error : ['②', 'やや高い', '400回〜1,000回', '18.5%']
2026-05-25 11:20:49,913 [SKIP] len error : ['③', '中位', '50回〜400回', '39.0%']
2026-05-25 11:20:49,913 [SKIP] len error : ['④', 'やや低い', '10回〜50回', '17.6%']
2026-05-25 11:20:49,913 [SKIP] len error : ['⑤', '低い', '10回未満', '11.0%']
2026-05-25 11:20:49,913 2820件 / ?件中 20:20
2026-05-25 11:20:49,959 [TOTAL] None
2026-05-25 11:20:49,959 [COUNT] 2820
2026-05-25 11:20:51,437 [PAGE] 142
2026-05-25 11:20:51,702 [SKIP] len error : ['東P', '東証プライム']
2026-05-25 11:20:51,702 [SKIP] len error : ['東S', '東証スタンダード']
2026-05-25 11:20:51,702 [SKIP] len error : ['東G', '東証グロース']
2026-05-25 11:20:51,702 [SKIP] len error : ['東Ｅ', '東証ETF']
2026-05-25 11:20:51,702 [SKIP] len error : ['東EN', '東証ETN']
2026-05-25 11:20:51,702 [SKIP] len error : ['東Ｒ', '東証REIT']
2026-05-25 11:20:51,702 [SKIP] len error : ['東IF', '東証インフラファンド']
2026-05-25 11:20:51,702 [SKIP] len error : ['名Ｐ', '名証プレミア']
2026-05-25 11:20:51,702 [SKIP] len error : ['名M', '名証メイン']
2026-05-25 11:20:51,702 [SKIP] len error : ['名N', '名証ネクスト']
2026-05-25 11:20:51,703 [SKIP] len error : ['名Ｅ', '名証ETF']
2026-05-25 11:20:51,703 [SKIP] len error : ['札Ａ', '札証アンビシャス']
2026-05-25 11:20:51,703 [SKIP] len error : ['福Ｑ', '福証Q-Board']
2026-05-25 11:20:51,703 [SKIP] len error : ['①', '高い', '1,000回以上', '13.9%']
2026-05-25 11:20:51,703 [SKIP] len error : ['②', 'やや高い', '400回〜1,000回', '18.5%']
2026-05-25 11:20:51,703 [SKIP] len error : ['③', '中位', '50回〜400回', '39.0%']
2026-05-25 11:20:51,703 [SKIP] len error : ['④', 'やや低い', '10回〜50回', '17.6%']
2026-05-25 11:20:51,703 [SKIP] len error : ['⑤', '低い', '10回未満', '11.0%']
2026-05-25 11:20:51,703 2840件 / ?件中 20:20
2026-05-25 11:20:51,749 [TOTAL] None
2026-05-25 11:20:51,750 [COUNT] 2840
2026-05-25 11:20:52,347 [PAGE] 143
2026-05-25 11:20:52,608 [SKIP] len error : ['東P', '東証プライム']
2026-05-25 11:20:52,608 [SKIP] len error : ['東S', '東証スタンダード']
2026-05-25 11:20:52,608 [SKIP] len error : ['東G', '東証グロース']
2026-05-25 11:20:52,608 [SKIP] len error : ['東Ｅ', '東証ETF']
2026-05-25 11:20:52,608 [SKIP] len error : ['東EN', '東証ETN']
2026-05-25 11:20:52,608 [SKIP] len error : ['東Ｒ', '東証REIT']
2026-05-25 11:20:52,608 [SKIP] len error : ['東IF', '東証インフラファンド']
2026-05-25 11:20:52,608 [SKIP] len error : ['名Ｐ', '名証プレミア']
2026-05-25 11:20:52,608 [SKIP] len error : ['名M', '名証メイン']
2026-05-25 11:20:52,608 [SKIP] len error : ['名N', '名証ネクスト']
2026-05-25 11:20:52,608 [SKIP] len error : ['名Ｅ', '名証ETF']
2026-05-25 11:20:52,608 [SKIP] len error : ['札Ａ', '札証アンビシャス']
2026-05-25 11:20:52,608 [SKIP] len error : ['福Ｑ', '福証Q-Board']
2026-05-25 11:20:52,608 [SKIP] len error : ['①', '高い', '1,000回以上', '13.9%']
2026-05-25 11:20:52,608 [SKIP] len error : ['②', 'やや高い', '400回〜1,000回', '18.5%']
2026-05-25 11:20:52,608 [SKIP] len error : ['③', '中位', '50回〜400回', '39.0%']
2026-05-25 11:20:52,609 [SKIP] len error : ['④', 'やや低い', '10回〜50回', '17.6%']
2026-05-25 11:20:52,609 [SKIP] len error : ['⑤', '低い', '10回未満', '11.0%']
2026-05-25 11:20:52,609 2860件 / ?件中 20:20
2026-05-25 11:20:52,654 [TOTAL] None
2026-05-25 11:20:52,654 [COUNT] 2860
2026-05-25 11:20:53,266 [PAGE] 144
2026-05-25 11:20:53,592 [SKIP] len error : ['東P', '東証プライム']
2026-05-25 11:20:53,592 [SKIP] len error : ['東S', '東証スタンダード']
2026-05-25 11:20:53,592 [SKIP] len error : ['東G', '東証グロース']
2026-05-25 11:20:53,592 [SKIP] len error : ['東Ｅ', '東証ETF']
2026-05-25 11:20:53,592 [SKIP] len error : ['東EN', '東証ETN']
2026-05-25 11:20:53,592 [SKIP] len error : ['東Ｒ', '東証REIT']
2026-05-25 11:20:53,592 [SKIP] len error : ['東IF', '東証インフラファンド']
2026-05-25 11:20:53,592 [SKIP] len error : ['名Ｐ', '名証プレミア']
2026-05-25 11:20:53,592 [SKIP] len error : ['名M', '名証メイン']
2026-05-25 11:20:53,592 [SKIP] len error : ['名N', '名証ネクスト']
2026-05-25 11:20:53,592 [SKIP] len error : ['名Ｅ', '名証ETF']
2026-05-25 11:20:53,592 [SKIP] len error : ['札Ａ', '札証アンビシャス']
2026-05-25 11:20:53,592 [SKIP] len error : ['福Ｑ', '福証Q-Board']
2026-05-25 11:20:53,592 [SKIP] len error : ['①', '高い', '1,000回以上', '13.9%']
2026-05-25 11:20:53,592 [SKIP] len error : ['②', 'やや高い', '400回〜1,000回', '18.5%']
2026-05-25 11:20:53,592 [SKIP] len error : ['③', '中位', '50回〜400回', '39.0%']
2026-05-25 11:20:53,592 [SKIP] len error : ['④', 'やや低い', '10回〜50回', '17.6%']
2026-05-25 11:20:53,592 [SKIP] len error : ['⑤', '低い', '10回未満', '11.0%']
2026-05-25 11:20:53,592 2880件 / ?件中 20:20
2026-05-25 11:20:53,637 [TOTAL] None
2026-05-25 11:20:53,637 [COUNT] 2880
2026-05-25 11:20:55,100 [PAGE] 145
2026-05-25 11:20:55,367 [SKIP] len error : ['東P', '東証プライム']
2026-05-25 11:20:55,367 [SKIP] len error : ['東S', '東証スタンダード']
2026-05-25 11:20:55,367 [SKIP] len error : ['東G', '東証グロース']
2026-05-25 11:20:55,367 [SKIP] len error : ['東Ｅ', '東証ETF']
2026-05-25 11:20:55,367 [SKIP] len error : ['東EN', '東証ETN']
2026-05-25 11:20:55,367 [SKIP] len error : ['東Ｒ', '東証REIT']
2026-05-25 11:20:55,367 [SKIP] len error : ['東IF', '東証インフラファンド']
2026-05-25 11:20:55,367 [SKIP] len error : ['名Ｐ', '名証プレミア']
2026-05-25 11:20:55,367 [SKIP] len error : ['名M', '名証メイン']
2026-05-25 11:20:55,367 [SKIP] len error : ['名N', '名証ネクスト']
2026-05-25 11:20:55,367 [SKIP] len error : ['名Ｅ', '名証ETF']
2026-05-25 11:20:55,367 [SKIP] len error : ['札Ａ', '札証アンビシャス']
2026-05-25 11:20:55,367 [SKIP] len error : ['福Ｑ', '福証Q-Board']
2026-05-25 11:20:55,367 [SKIP] len error : ['①', '高い', '1,000回以上', '13.9%']
2026-05-25 11:20:55,367 [SKIP] len error : ['②', 'やや高い', '400回〜1,000回', '18.5%']
2026-05-25 11:20:55,367 [SKIP] len error : ['③', '中位', '50回〜400回', '39.0%']
2026-05-25 11:20:55,367 [SKIP] len error : ['④', 'やや低い', '10回〜50回', '17.6%']
2026-05-25 11:20:55,367 [SKIP] len error : ['⑤', '低い', '10回未満', '11.0%']
2026-05-25 11:20:55,368 2900件 / ?件中 20:20
2026-05-25 11:20:55,413 [TOTAL] None
2026-05-25 11:20:55,413 [COUNT] 2900
2026-05-25 11:20:56,883 [PAGE] 146
2026-05-25 11:20:57,159 [SKIP] len error : ['東P', '東証プライム']
2026-05-25 11:20:57,159 [SKIP] len error : ['東S', '東証スタンダード']
2026-05-25 11:20:57,159 [SKIP] len error : ['東G', '東証グロース']
2026-05-25 11:20:57,159 [SKIP] len error : ['東Ｅ', '東証ETF']
2026-05-25 11:20:57,159 [SKIP] len error : ['東EN', '東証ETN']
2026-05-25 11:20:57,159 [SKIP] len error : ['東Ｒ', '東証REIT']
2026-05-25 11:20:57,159 [SKIP] len error : ['東IF', '東証インフラファンド']
2026-05-25 11:20:57,159 [SKIP] len error : ['名Ｐ', '名証プレミア']
2026-05-25 11:20:57,159 [SKIP] len error : ['名M', '名証メイン']
2026-05-25 11:20:57,159 [SKIP] len error : ['名N', '名証ネクスト']
2026-05-25 11:20:57,159 [SKIP] len error : ['名Ｅ', '名証ETF']
2026-05-25 11:20:57,159 [SKIP] len error : ['札Ａ', '札証アンビシャス']
2026-05-25 11:20:57,159 [SKIP] len error : ['福Ｑ', '福証Q-Board']
2026-05-25 11:20:57,159 [SKIP] len error : ['①', '高い', '1,000回以上', '13.9%']
2026-05-25 11:20:57,159 [SKIP] len error : ['②', 'やや高い', '400回〜1,000回', '18.5%']
2026-05-25 11:20:57,159 [SKIP] len error : ['③', '中位', '50回〜400回', '39.0%']
2026-05-25 11:20:57,159 [SKIP] len error : ['④', 'やや低い', '10回〜50回', '17.6%']
2026-05-25 11:20:57,159 [SKIP] len error : ['⑤', '低い', '10回未満', '11.0%']
2026-05-25 11:20:57,160 2920件 / ?件中 20:20
2026-05-25 11:20:57,205 [TOTAL] None
2026-05-25 11:20:57,205 [COUNT] 2920
2026-05-25 11:20:57,860 [PAGE] 147
2026-05-25 11:20:58,141 [SKIP] len error : ['東P', '東証プライム']
2026-05-25 11:20:58,141 [SKIP] len error : ['東S', '東証スタンダード']
2026-05-25 11:20:58,142 [SKIP] len error : ['東G', '東証グロース']
2026-05-25 11:20:58,142 [SKIP] len error : ['東Ｅ', '東証ETF']
2026-05-25 11:20:58,142 [SKIP] len error : ['東EN', '東証ETN']
2026-05-25 11:20:58,142 [SKIP] len error : ['東Ｒ', '東証REIT']
2026-05-25 11:20:58,142 [SKIP] len error : ['東IF', '東証インフラファンド']
2026-05-25 11:20:58,142 [SKIP] len error : ['名Ｐ', '名証プレミア']
2026-05-25 11:20:58,142 [SKIP] len error : ['名M', '名証メイン']
2026-05-25 11:20:58,142 [SKIP] len error : ['名N', '名証ネクスト']
2026-05-25 11:20:58,142 [SKIP] len error : ['名Ｅ', '名証ETF']
2026-05-25 11:20:58,142 [SKIP] len error : ['札Ａ', '札証アンビシャス']
2026-05-25 11:20:58,142 [SKIP] len error : ['福Ｑ', '福証Q-Board']
2026-05-25 11:20:58,142 [SKIP] len error : ['①', '高い', '1,000回以上', '13.9%']
2026-05-25 11:20:58,142 [SKIP] len error : ['②', 'やや高い', '400回〜1,000回', '18.5%']
2026-05-25 11:20:58,142 [SKIP] len error : ['③', '中位', '50回〜400回', '39.0%']
2026-05-25 11:20:58,142 [SKIP] len error : ['④', 'やや低い', '10回〜50回', '17.6%']
2026-05-25 11:20:58,142 [SKIP] len error : ['⑤', '低い', '10回未満', '11.0%']
2026-05-25 11:20:58,142 2940件 / ?件中 20:20
2026-05-25 11:20:58,188 [TOTAL] None
2026-05-25 11:20:58,188 [COUNT] 2940
2026-05-25 11:20:59,337 [PAGE] 148
2026-05-25 11:20:59,607 [SKIP] len error : ['東P', '東証プライム']
2026-05-25 11:20:59,607 [SKIP] len error : ['東S', '東証スタンダード']
2026-05-25 11:20:59,607 [SKIP] len error : ['東G', '東証グロース']
2026-05-25 11:20:59,607 [SKIP] len error : ['東Ｅ', '東証ETF']
2026-05-25 11:20:59,607 [SKIP] len error : ['東EN', '東証ETN']
2026-05-25 11:20:59,607 [SKIP] len error : ['東Ｒ', '東証REIT']
2026-05-25 11:20:59,607 [SKIP] len error : ['東IF', '東証インフラファンド']
2026-05-25 11:20:59,607 [SKIP] len error : ['名Ｐ', '名証プレミア']
2026-05-25 11:20:59,607 [SKIP] len error : ['名M', '名証メイン']
2026-05-25 11:20:59,607 [SKIP] len error : ['名N', '名証ネクスト']
2026-05-25 11:20:59,607 [SKIP] len error : ['名Ｅ', '名証ETF']
2026-05-25 11:20:59,607 [SKIP] len error : ['札Ａ', '札証アンビシャス']
2026-05-25 11:20:59,607 [SKIP] len error : ['福Ｑ', '福証Q-Board']
2026-05-25 11:20:59,607 [SKIP] len error : ['①', '高い', '1,000回以上', '13.9%']
2026-05-25 11:20:59,607 [SKIP] len error : ['②', 'やや高い', '400回〜1,000回', '18.5%']
2026-05-25 11:20:59,607 [SKIP] len error : ['③', '中位', '50回〜400回', '39.0%']
2026-05-25 11:20:59,607 [SKIP] len error : ['④', 'やや低い', '10回〜50回', '17.6%']
2026-05-25 11:20:59,608 [SKIP] len error : ['⑤', '低い', '10回未満', '11.0%']
2026-05-25 11:20:59,608 2960件 / ?件中 20:20
2026-05-25 11:20:59,653 [TOTAL] None
2026-05-25 11:20:59,653 [COUNT] 2960
2026-05-25 11:21:00,548 [PAGE] 149
2026-05-25 11:21:00,867 [SKIP] len error : ['東P', '東証プライム']
2026-05-25 11:21:00,867 [SKIP] len error : ['東S', '東証スタンダード']
2026-05-25 11:21:00,867 [SKIP] len error : ['東G', '東証グロース']
2026-05-25 11:21:00,867 [SKIP] len error : ['東Ｅ', '東証ETF']
2026-05-25 11:21:00,867 [SKIP] len error : ['東EN', '東証ETN']
2026-05-25 11:21:00,867 [SKIP] len error : ['東Ｒ', '東証REIT']
2026-05-25 11:21:00,867 [SKIP] len error : ['東IF', '東証インフラファンド']
2026-05-25 11:21:00,867 [SKIP] len error : ['名Ｐ', '名証プレミア']
2026-05-25 11:21:00,867 [SKIP] len error : ['名M', '名証メイン']
2026-05-25 11:21:00,867 [SKIP] len error : ['名N', '名証ネクスト']
2026-05-25 11:21:00,867 [SKIP] len error : ['名Ｅ', '名証ETF']
2026-05-25 11:21:00,867 [SKIP] len error : ['札Ａ', '札証アンビシャス']
2026-05-25 11:21:00,868 [SKIP] len error : ['福Ｑ', '福証Q-Board']
2026-05-25 11:21:00,868 [SKIP] len error : ['①', '高い', '1,000回以上', '13.9%']
2026-05-25 11:21:00,868 [SKIP] len error : ['②', 'やや高い', '400回〜1,000回', '18.5%']
2026-05-25 11:21:00,868 [SKIP] len error : ['③', '中位', '50回〜400回', '39.0%']
2026-05-25 11:21:00,868 [SKIP] len error : ['④', 'やや低い', '10回〜50回', '17.6%']
2026-05-25 11:21:00,868 [SKIP] len error : ['⑤', '低い', '10回未満', '11.0%']
2026-05-25 11:21:00,868 2980件 / ?件中 20:21
2026-05-25 11:21:00,914 [TOTAL] None
2026-05-25 11:21:00,914 [COUNT] 2980
2026-05-25 11:21:02,087 [PAGE] 150
2026-05-25 11:21:02,340 [SKIP] len error : ['東P', '東証プライム']
2026-05-25 11:21:02,340 [SKIP] len error : ['東S', '東証スタンダード']
2026-05-25 11:21:02,340 [SKIP] len error : ['東G', '東証グロース']
2026-05-25 11:21:02,340 [SKIP] len error : ['東Ｅ', '東証ETF']
2026-05-25 11:21:02,340 [SKIP] len error : ['東EN', '東証ETN']
2026-05-25 11:21:02,340 [SKIP] len error : ['東Ｒ', '東証REIT']
2026-05-25 11:21:02,340 [SKIP] len error : ['東IF', '東証インフラファンド']
2026-05-25 11:21:02,340 [SKIP] len error : ['名Ｐ', '名証プレミア']
2026-05-25 11:21:02,340 [SKIP] len error : ['名M', '名証メイン']
2026-05-25 11:21:02,340 [SKIP] len error : ['名N', '名証ネクスト']
2026-05-25 11:21:02,340 [SKIP] len error : ['名Ｅ', '名証ETF']
2026-05-25 11:21:02,340 [SKIP] len error : ['札Ａ', '札証アンビシャス']
2026-05-25 11:21:02,340 [SKIP] len error : ['福Ｑ', '福証Q-Board']
2026-05-25 11:21:02,340 [SKIP] len error : ['①', '高い', '1,000回以上', '13.9%']
2026-05-25 11:21:02,340 [SKIP] len error : ['②', 'やや高い', '400回〜1,000回', '18.5%']
2026-05-25 11:21:02,341 [SKIP] len error : ['③', '中位', '50回〜400回', '39.0%']
2026-05-25 11:21:02,341 [SKIP] len error : ['④', 'やや低い', '10回〜50回', '17.6%']
2026-05-25 11:21:02,341 [SKIP] len error : ['⑤', '低い', '10回未満', '11.0%']
2026-05-25 11:21:02,341 3000件 / ?件中 20:21
2026-05-25 11:21:02,386 [TOTAL] None
2026-05-25 11:21:02,386 [COUNT] 3000
2026-05-25 11:21:03,837 [PAGE] 151
2026-05-25 11:21:04,089 [SKIP] len error : ['東P', '東証プライム']
2026-05-25 11:21:04,089 [SKIP] len error : ['東S', '東証スタンダード']
2026-05-25 11:21:04,089 [SKIP] len error : ['東G', '東証グロース']
2026-05-25 11:21:04,089 [SKIP] len error : ['東Ｅ', '東証ETF']
2026-05-25 11:21:04,089 [SKIP] len error : ['東EN', '東証ETN']
2026-05-25 11:21:04,089 [SKIP] len error : ['東Ｒ', '東証REIT']
2026-05-25 11:21:04,089 [SKIP] len error : ['東IF', '東証インフラファンド']
2026-05-25 11:21:04,089 [SKIP] len error : ['名Ｐ', '名証プレミア']
2026-05-25 11:21:04,089 [SKIP] len error : ['名M', '名証メイン']
2026-05-25 11:21:04,089 [SKIP] len error : ['名N', '名証ネクスト']
2026-05-25 11:21:04,089 [SKIP] len error : ['名Ｅ', '名証ETF']
2026-05-25 11:21:04,089 [SKIP] len error : ['札Ａ', '札証アンビシャス']
2026-05-25 11:21:04,089 [SKIP] len error : ['福Ｑ', '福証Q-Board']
2026-05-25 11:21:04,089 [SKIP] len error : ['①', '高い', '1,000回以上', '13.9%']
2026-05-25 11:21:04,090 [SKIP] len error : ['②', 'やや高い', '400回〜1,000回', '18.5%']
2026-05-25 11:21:04,090 [SKIP] len error : ['③', '中位', '50回〜400回', '39.0%']
2026-05-25 11:21:04,090 [SKIP] len error : ['④', 'やや低い', '10回〜50回', '17.6%']
2026-05-25 11:21:04,090 [SKIP] len error : ['⑤', '低い', '10回未満', '11.0%']
2026-05-25 11:21:04,090 3020件 / ?件中 20:21
2026-05-25 11:21:04,135 [TOTAL] None
2026-05-25 11:21:04,135 [COUNT] 3020
2026-05-25 11:21:05,615 [PAGE] 152
2026-05-25 11:21:05,885 [SKIP] len error : ['東P', '東証プライム']
2026-05-25 11:21:05,885 [SKIP] len error : ['東S', '東証スタンダード']
2026-05-25 11:21:05,885 [SKIP] len error : ['東G', '東証グロース']
2026-05-25 11:21:05,885 [SKIP] len error : ['東Ｅ', '東証ETF']
2026-05-25 11:21:05,885 [SKIP] len error : ['東EN', '東証ETN']
2026-05-25 11:21:05,885 [SKIP] len error : ['東Ｒ', '東証REIT']
2026-05-25 11:21:05,885 [SKIP] len error : ['東IF', '東証インフラファンド']
2026-05-25 11:21:05,885 [SKIP] len error : ['名Ｐ', '名証プレミア']
2026-05-25 11:21:05,885 [SKIP] len error : ['名M', '名証メイン']
2026-05-25 11:21:05,885 [SKIP] len error : ['名N', '名証ネクスト']
2026-05-25 11:21:05,885 [SKIP] len error : ['名Ｅ', '名証ETF']
2026-05-25 11:21:05,885 [SKIP] len error : ['札Ａ', '札証アンビシャス']
2026-05-25 11:21:05,885 [SKIP] len error : ['福Ｑ', '福証Q-Board']
2026-05-25 11:21:05,885 [SKIP] len error : ['①', '高い', '1,000回以上', '13.9%']
2026-05-25 11:21:05,885 [SKIP] len error : ['②', 'やや高い', '400回〜1,000回', '18.5%']
2026-05-25 11:21:05,885 [SKIP] len error : ['③', '中位', '50回〜400回', '39.0%']
2026-05-25 11:21:05,885 [SKIP] len error : ['④', 'やや低い', '10回〜50回', '17.6%']
2026-05-25 11:21:05,885 [SKIP] len error : ['⑤', '低い', '10回未満', '11.0%']
2026-05-25 11:21:05,886 3040件 / ?件中 20:21
2026-05-25 11:21:05,931 [TOTAL] None
2026-05-25 11:21:05,931 [COUNT] 3040
2026-05-25 11:21:06,799 [PAGE] 153
2026-05-25 11:21:07,046 [SKIP] len error : ['東P', '東証プライム']
2026-05-25 11:21:07,046 [SKIP] len error : ['東S', '東証スタンダード']
2026-05-25 11:21:07,046 [SKIP] len error : ['東G', '東証グロース']
2026-05-25 11:21:07,046 [SKIP] len error : ['東Ｅ', '東証ETF']
2026-05-25 11:21:07,046 [SKIP] len error : ['東EN', '東証ETN']
2026-05-25 11:21:07,046 [SKIP] len error : ['東Ｒ', '東証REIT']
2026-05-25 11:21:07,047 [SKIP] len error : ['東IF', '東証インフラファンド']
2026-05-25 11:21:07,047 [SKIP] len error : ['名Ｐ', '名証プレミア']
2026-05-25 11:21:07,047 [SKIP] len error : ['名M', '名証メイン']
2026-05-25 11:21:07,047 [SKIP] len error : ['名N', '名証ネクスト']
2026-05-25 11:21:07,047 [SKIP] len error : ['名Ｅ', '名証ETF']
2026-05-25 11:21:07,047 [SKIP] len error : ['札Ａ', '札証アンビシャス']
2026-05-25 11:21:07,047 [SKIP] len error : ['福Ｑ', '福証Q-Board']
2026-05-25 11:21:07,047 [SKIP] len error : ['①', '高い', '1,000回以上', '13.9%']
2026-05-25 11:21:07,047 [SKIP] len error : ['②', 'やや高い', '400回〜1,000回', '18.5%']
2026-05-25 11:21:07,047 [SKIP] len error : ['③', '中位', '50回〜400回', '39.0%']
2026-05-25 11:21:07,047 [SKIP] len error : ['④', 'やや低い', '10回〜50回', '17.6%']
2026-05-25 11:21:07,047 [SKIP] len error : ['⑤', '低い', '10回未満', '11.0%']
2026-05-25 11:21:07,047 3060件 / ?件中 20:21
2026-05-25 11:21:07,131 [TOTAL] None
2026-05-25 11:21:07,131 [COUNT] 3060
2026-05-25 11:21:07,680 [PAGE] 154
2026-05-25 11:21:07,950 [SKIP] len error : ['東P', '東証プライム']
2026-05-25 11:21:07,950 [SKIP] len error : ['東S', '東証スタンダード']
2026-05-25 11:21:07,951 [SKIP] len error : ['東G', '東証グロース']
2026-05-25 11:21:07,951 [SKIP] len error : ['東Ｅ', '東証ETF']
2026-05-25 11:21:07,951 [SKIP] len error : ['東EN', '東証ETN']
2026-05-25 11:21:07,951 [SKIP] len error : ['東Ｒ', '東証REIT']
2026-05-25 11:21:07,951 [SKIP] len error : ['東IF', '東証インフラファンド']
2026-05-25 11:21:07,951 [SKIP] len error : ['名Ｐ', '名証プレミア']
2026-05-25 11:21:07,951 [SKIP] len error : ['名M', '名証メイン']
2026-05-25 11:21:07,951 [SKIP] len error : ['名N', '名証ネクスト']
2026-05-25 11:21:07,951 [SKIP] len error : ['名Ｅ', '名証ETF']
2026-05-25 11:21:07,951 [SKIP] len error : ['札Ａ', '札証アンビシャス']
2026-05-25 11:21:07,951 [SKIP] len error : ['福Ｑ', '福証Q-Board']
2026-05-25 11:21:07,951 [SKIP] len error : ['①', '高い', '1,000回以上', '13.9%']
2026-05-25 11:21:07,951 [SKIP] len error : ['②', 'やや高い', '400回〜1,000回', '18.5%']
2026-05-25 11:21:07,951 [SKIP] len error : ['③', '中位', '50回〜400回', '39.0%']
2026-05-25 11:21:07,951 [SKIP] len error : ['④', 'やや低い', '10回〜50回', '17.6%']
2026-05-25 11:21:07,951 [SKIP] len error : ['⑤', '低い', '10回未満', '11.0%']
2026-05-25 11:21:07,951 3080件 / ?件中 20:21
2026-05-25 11:21:07,997 [TOTAL] None
2026-05-25 11:21:07,997 [COUNT] 3080
2026-05-25 11:21:08,628 [PAGE] 155
2026-05-25 11:21:08,897 [SKIP] len error : ['東P', '東証プライム']
2026-05-25 11:21:08,897 [SKIP] len error : ['東S', '東証スタンダード']
2026-05-25 11:21:08,897 [SKIP] len error : ['東G', '東証グロース']
2026-05-25 11:21:08,898 [SKIP] len error : ['東Ｅ', '東証ETF']
2026-05-25 11:21:08,898 [SKIP] len error : ['東EN', '東証ETN']
2026-05-25 11:21:08,898 [SKIP] len error : ['東Ｒ', '東証REIT']
2026-05-25 11:21:08,898 [SKIP] len error : ['東IF', '東証インフラファンド']
2026-05-25 11:21:08,898 [SKIP] len error : ['名Ｐ', '名証プレミア']
2026-05-25 11:21:08,898 [SKIP] len error : ['名M', '名証メイン']
2026-05-25 11:21:08,898 [SKIP] len error : ['名N', '名証ネクスト']
2026-05-25 11:21:08,898 [SKIP] len error : ['名Ｅ', '名証ETF']
2026-05-25 11:21:08,898 [SKIP] len error : ['札Ａ', '札証アンビシャス']
2026-05-25 11:21:08,898 [SKIP] len error : ['福Ｑ', '福証Q-Board']
2026-05-25 11:21:08,898 [SKIP] len error : ['①', '高い', '1,000回以上', '13.9%']
2026-05-25 11:21:08,898 [SKIP] len error : ['②', 'やや高い', '400回〜1,000回', '18.5%']
2026-05-25 11:21:08,898 [SKIP] len error : ['③', '中位', '50回〜400回', '39.0%']
2026-05-25 11:21:08,898 [SKIP] len error : ['④', 'やや低い', '10回〜50回', '17.6%']
2026-05-25 11:21:08,898 [SKIP] len error : ['⑤', '低い', '10回未満', '11.0%']
2026-05-25 11:21:08,898 3100件 / ?件中 20:21
2026-05-25 11:21:08,944 [TOTAL] None
2026-05-25 11:21:08,944 [COUNT] 3100
2026-05-25 11:21:10,141 [PAGE] 156
2026-05-25 11:21:10,391 [SKIP] len error : ['東P', '東証プライム']
2026-05-25 11:21:10,392 [SKIP] len error : ['東S', '東証スタンダード']
2026-05-25 11:21:10,392 [SKIP] len error : ['東G', '東証グロース']
2026-05-25 11:21:10,392 [SKIP] len error : ['東Ｅ', '東証ETF']
2026-05-25 11:21:10,392 [SKIP] len error : ['東EN', '東証ETN']
2026-05-25 11:21:10,392 [SKIP] len error : ['東Ｒ', '東証REIT']
2026-05-25 11:21:10,392 [SKIP] len error : ['東IF', '東証インフラファンド']
2026-05-25 11:21:10,392 [SKIP] len error : ['名Ｐ', '名証プレミア']
2026-05-25 11:21:10,392 [SKIP] len error : ['名M', '名証メイン']
2026-05-25 11:21:10,392 [SKIP] len error : ['名N', '名証ネクスト']
2026-05-25 11:21:10,392 [SKIP] len error : ['名Ｅ', '名証ETF']
2026-05-25 11:21:10,392 [SKIP] len error : ['札Ａ', '札証アンビシャス']
2026-05-25 11:21:10,392 [SKIP] len error : ['福Ｑ', '福証Q-Board']
2026-05-25 11:21:10,392 [SKIP] len error : ['①', '高い', '1,000回以上', '13.9%']
2026-05-25 11:21:10,392 [SKIP] len error : ['②', 'やや高い', '400回〜1,000回', '18.5%']
2026-05-25 11:21:10,392 [SKIP] len error : ['③', '中位', '50回〜400回', '39.0%']
2026-05-25 11:21:10,392 [SKIP] len error : ['④', 'やや低い', '10回〜50回', '17.6%']
2026-05-25 11:21:10,392 [SKIP] len error : ['⑤', '低い', '10回未満', '11.0%']
2026-05-25 11:21:10,392 3120件 / ?件中 20:21
2026-05-25 11:21:10,439 [TOTAL] None
2026-05-25 11:21:10,439 [COUNT] 3120
2026-05-25 11:21:11,415 [PAGE] 157
2026-05-25 11:21:11,691 [SKIP] len error : ['東P', '東証プライム']
2026-05-25 11:21:11,691 [SKIP] len error : ['東S', '東証スタンダード']
2026-05-25 11:21:11,691 [SKIP] len error : ['東G', '東証グロース']
2026-05-25 11:21:11,691 [SKIP] len error : ['東Ｅ', '東証ETF']
2026-05-25 11:21:11,691 [SKIP] len error : ['東EN', '東証ETN']
2026-05-25 11:21:11,691 [SKIP] len error : ['東Ｒ', '東証REIT']
2026-05-25 11:21:11,691 [SKIP] len error : ['東IF', '東証インフラファンド']
2026-05-25 11:21:11,691 [SKIP] len error : ['名Ｐ', '名証プレミア']
2026-05-25 11:21:11,691 [SKIP] len error : ['名M', '名証メイン']
2026-05-25 11:21:11,691 [SKIP] len error : ['名N', '名証ネクスト']
2026-05-25 11:21:11,691 [SKIP] len error : ['名Ｅ', '名証ETF']
2026-05-25 11:21:11,692 [SKIP] len error : ['札Ａ', '札証アンビシャス']
2026-05-25 11:21:11,692 [SKIP] len error : ['福Ｑ', '福証Q-Board']
2026-05-25 11:21:11,692 [SKIP] len error : ['①', '高い', '1,000回以上', '13.9%']
2026-05-25 11:21:11,692 [SKIP] len error : ['②', 'やや高い', '400回〜1,000回', '18.5%']
2026-05-25 11:21:11,692 [SKIP] len error : ['③', '中位', '50回〜400回', '39.0%']
2026-05-25 11:21:11,692 [SKIP] len error : ['④', 'やや低い', '10回〜50回', '17.6%']
2026-05-25 11:21:11,692 [SKIP] len error : ['⑤', '低い', '10回未満', '11.0%']
2026-05-25 11:21:11,692 3140件 / ?件中 20:21
2026-05-25 11:21:11,737 [TOTAL] None
2026-05-25 11:21:11,737 [COUNT] 3140
2026-05-25 11:21:12,919 [PAGE] 158
2026-05-25 11:21:13,241 [SKIP] len error : ['東P', '東証プライム']
2026-05-25 11:21:13,241 [SKIP] len error : ['東S', '東証スタンダード']
2026-05-25 11:21:13,241 [SKIP] len error : ['東G', '東証グロース']
2026-05-25 11:21:13,241 [SKIP] len error : ['東Ｅ', '東証ETF']
2026-05-25 11:21:13,241 [SKIP] len error : ['東EN', '東証ETN']
2026-05-25 11:21:13,241 [SKIP] len error : ['東Ｒ', '東証REIT']
2026-05-25 11:21:13,241 [SKIP] len error : ['東IF', '東証インフラファンド']
2026-05-25 11:21:13,241 [SKIP] len error : ['名Ｐ', '名証プレミア']
2026-05-25 11:21:13,241 [SKIP] len error : ['名M', '名証メイン']
2026-05-25 11:21:13,241 [SKIP] len error : ['名N', '名証ネクスト']
2026-05-25 11:21:13,242 [SKIP] len error : ['名Ｅ', '名証ETF']
2026-05-25 11:21:13,242 [SKIP] len error : ['札Ａ', '札証アンビシャス']
2026-05-25 11:21:13,242 [SKIP] len error : ['福Ｑ', '福証Q-Board']
2026-05-25 11:21:13,242 [SKIP] len error : ['①', '高い', '1,000回以上', '13.9%']
2026-05-25 11:21:13,242 [SKIP] len error : ['②', 'やや高い', '400回〜1,000回', '18.5%']
2026-05-25 11:21:13,242 [SKIP] len error : ['③', '中位', '50回〜400回', '39.0%']
2026-05-25 11:21:13,242 [SKIP] len error : ['④', 'やや低い', '10回〜50回', '17.6%']
2026-05-25 11:21:13,242 [SKIP] len error : ['⑤', '低い', '10回未満', '11.0%']
2026-05-25 11:21:13,242 3160件 / ?件中 20:21
2026-05-25 11:21:13,287 [TOTAL] None
2026-05-25 11:21:13,287 [COUNT] 3160
2026-05-25 11:21:14,361 [PAGE] 159
2026-05-25 11:21:14,611 [SKIP] len error : ['東P', '東証プライム']
2026-05-25 11:21:14,611 [SKIP] len error : ['東S', '東証スタンダード']
2026-05-25 11:21:14,611 [SKIP] len error : ['東G', '東証グロース']
2026-05-25 11:21:14,611 [SKIP] len error : ['東Ｅ', '東証ETF']
2026-05-25 11:21:14,611 [SKIP] len error : ['東EN', '東証ETN']
2026-05-25 11:21:14,611 [SKIP] len error : ['東Ｒ', '東証REIT']
2026-05-25 11:21:14,611 [SKIP] len error : ['東IF', '東証インフラファンド']
2026-05-25 11:21:14,611 [SKIP] len error : ['名Ｐ', '名証プレミア']
2026-05-25 11:21:14,611 [SKIP] len error : ['名M', '名証メイン']
2026-05-25 11:21:14,611 [SKIP] len error : ['名N', '名証ネクスト']
2026-05-25 11:21:14,611 [SKIP] len error : ['名Ｅ', '名証ETF']
2026-05-25 11:21:14,611 [SKIP] len error : ['札Ａ', '札証アンビシャス']
2026-05-25 11:21:14,612 [SKIP] len error : ['福Ｑ', '福証Q-Board']
2026-05-25 11:21:14,612 [SKIP] len error : ['①', '高い', '1,000回以上', '13.9%']
2026-05-25 11:21:14,612 [SKIP] len error : ['②', 'やや高い', '400回〜1,000回', '18.5%']
2026-05-25 11:21:14,612 [SKIP] len error : ['③', '中位', '50回〜400回', '39.0%']
2026-05-25 11:21:14,612 [SKIP] len error : ['④', 'やや低い', '10回〜50回', '17.6%']
2026-05-25 11:21:14,612 [SKIP] len error : ['⑤', '低い', '10回未満', '11.0%']
2026-05-25 11:21:14,612 3180件 / ?件中 20:21
2026-05-25 11:21:14,658 [TOTAL] None
2026-05-25 11:21:14,658 [COUNT] 3180
2026-05-25 11:21:15,337 [PAGE] 160
2026-05-25 11:21:15,612 [SKIP] len error : ['東P', '東証プライム']
2026-05-25 11:21:15,612 [SKIP] len error : ['東S', '東証スタンダード']
2026-05-25 11:21:15,612 [SKIP] len error : ['東G', '東証グロース']
2026-05-25 11:21:15,612 [SKIP] len error : ['東Ｅ', '東証ETF']
2026-05-25 11:21:15,612 [SKIP] len error : ['東EN', '東証ETN']
2026-05-25 11:21:15,612 [SKIP] len error : ['東Ｒ', '東証REIT']
2026-05-25 11:21:15,612 [SKIP] len error : ['東IF', '東証インフラファンド']
2026-05-25 11:21:15,612 [SKIP] len error : ['名Ｐ', '名証プレミア']
2026-05-25 11:21:15,612 [SKIP] len error : ['名M', '名証メイン']
2026-05-25 11:21:15,612 [SKIP] len error : ['名N', '名証ネクスト']
2026-05-25 11:21:15,612 [SKIP] len error : ['名Ｅ', '名証ETF']
2026-05-25 11:21:15,612 [SKIP] len error : ['札Ａ', '札証アンビシャス']
2026-05-25 11:21:15,612 [SKIP] len error : ['福Ｑ', '福証Q-Board']
2026-05-25 11:21:15,612 [SKIP] len error : ['①', '高い', '1,000回以上', '13.9%']
2026-05-25 11:21:15,612 [SKIP] len error : ['②', 'やや高い', '400回〜1,000回', '18.5%']
2026-05-25 11:21:15,612 [SKIP] len error : ['③', '中位', '50回〜400回', '39.0%']
2026-05-25 11:21:15,612 [SKIP] len error : ['④', 'やや低い', '10回〜50回', '17.6%']
2026-05-25 11:21:15,612 [SKIP] len error : ['⑤', '低い', '10回未満', '11.0%']
2026-05-25 11:21:15,613 3200件 / ?件中 20:21
2026-05-25 11:21:15,658 [TOTAL] None
2026-05-25 11:21:15,658 [COUNT] 3200
2026-05-25 11:21:16,872 [PAGE] 161
2026-05-25 11:21:17,153 [SKIP] len error : ['東P', '東証プライム']
2026-05-25 11:21:17,153 [SKIP] len error : ['東S', '東証スタンダード']
2026-05-25 11:21:17,153 [SKIP] len error : ['東G', '東証グロース']
2026-05-25 11:21:17,153 [SKIP] len error : ['東Ｅ', '東証ETF']
2026-05-25 11:21:17,153 [SKIP] len error : ['東EN', '東証ETN']
2026-05-25 11:21:17,153 [SKIP] len error : ['東Ｒ', '東証REIT']
2026-05-25 11:21:17,153 [SKIP] len error : ['東IF', '東証インフラファンド']
2026-05-25 11:21:17,153 [SKIP] len error : ['名Ｐ', '名証プレミア']
2026-05-25 11:21:17,153 [SKIP] len error : ['名M', '名証メイン']
2026-05-25 11:21:17,153 [SKIP] len error : ['名N', '名証ネクスト']
2026-05-25 11:21:17,153 [SKIP] len error : ['名Ｅ', '名証ETF']
2026-05-25 11:21:17,153 [SKIP] len error : ['札Ａ', '札証アンビシャス']
2026-05-25 11:21:17,153 [SKIP] len error : ['福Ｑ', '福証Q-Board']
2026-05-25 11:21:17,153 [SKIP] len error : ['①', '高い', '1,000回以上', '13.9%']
2026-05-25 11:21:17,153 [SKIP] len error : ['②', 'やや高い', '400回〜1,000回', '18.5%']
2026-05-25 11:21:17,153 [SKIP] len error : ['③', '中位', '50回〜400回', '39.0%']
2026-05-25 11:21:17,153 [SKIP] len error : ['④', 'やや低い', '10回〜50回', '17.6%']
2026-05-25 11:21:17,153 [SKIP] len error : ['⑤', '低い', '10回未満', '11.0%']
2026-05-25 11:21:17,154 3220件 / ?件中 20:21
2026-05-25 11:21:17,200 [TOTAL] None
2026-05-25 11:21:17,200 [COUNT] 3220
2026-05-25 11:21:18,419 [PAGE] 162
2026-05-25 11:21:18,688 [SKIP] len error : ['東P', '東証プライム']
2026-05-25 11:21:18,688 [SKIP] len error : ['東S', '東証スタンダード']
2026-05-25 11:21:18,689 [SKIP] len error : ['東G', '東証グロース']
2026-05-25 11:21:18,689 [SKIP] len error : ['東Ｅ', '東証ETF']
2026-05-25 11:21:18,689 [SKIP] len error : ['東EN', '東証ETN']
2026-05-25 11:21:18,689 [SKIP] len error : ['東Ｒ', '東証REIT']
2026-05-25 11:21:18,689 [SKIP] len error : ['東IF', '東証インフラファンド']
2026-05-25 11:21:18,689 [SKIP] len error : ['名Ｐ', '名証プレミア']
2026-05-25 11:21:18,689 [SKIP] len error : ['名M', '名証メイン']
2026-05-25 11:21:18,689 [SKIP] len error : ['名N', '名証ネクスト']
2026-05-25 11:21:18,689 [SKIP] len error : ['名Ｅ', '名証ETF']
2026-05-25 11:21:18,689 [SKIP] len error : ['札Ａ', '札証アンビシャス']
2026-05-25 11:21:18,689 [SKIP] len error : ['福Ｑ', '福証Q-Board']
2026-05-25 11:21:18,689 [SKIP] len error : ['①', '高い', '1,000回以上', '13.9%']
2026-05-25 11:21:18,689 [SKIP] len error : ['②', 'やや高い', '400回〜1,000回', '18.5%']
2026-05-25 11:21:18,689 [SKIP] len error : ['③', '中位', '50回〜400回', '39.0%']
2026-05-25 11:21:18,689 [SKIP] len error : ['④', 'やや低い', '10回〜50回', '17.6%']
2026-05-25 11:21:18,689 [SKIP] len error : ['⑤', '低い', '10回未満', '11.0%']
2026-05-25 11:21:18,689 3240件 / ?件中 20:21
2026-05-25 11:21:18,734 [TOTAL] None
2026-05-25 11:21:18,734 [COUNT] 3240
2026-05-25 11:21:19,637 [PAGE] 163
2026-05-25 11:21:19,956 [SKIP] len error : ['東P', '東証プライム']
2026-05-25 11:21:19,956 [SKIP] len error : ['東S', '東証スタンダード']
2026-05-25 11:21:19,956 [SKIP] len error : ['東G', '東証グロース']
2026-05-25 11:21:19,956 [SKIP] len error : ['東Ｅ', '東証ETF']
2026-05-25 11:21:19,956 [SKIP] len error : ['東EN', '東証ETN']
2026-05-25 11:21:19,956 [SKIP] len error : ['東Ｒ', '東証REIT']
2026-05-25 11:21:19,956 [SKIP] len error : ['東IF', '東証インフラファンド']
2026-05-25 11:21:19,956 [SKIP] len error : ['名Ｐ', '名証プレミア']
2026-05-25 11:21:19,956 [SKIP] len error : ['名M', '名証メイン']
2026-05-25 11:21:19,956 [SKIP] len error : ['名N', '名証ネクスト']
2026-05-25 11:21:19,956 [SKIP] len error : ['名Ｅ', '名証ETF']
2026-05-25 11:21:19,956 [SKIP] len error : ['札Ａ', '札証アンビシャス']
2026-05-25 11:21:19,956 [SKIP] len error : ['福Ｑ', '福証Q-Board']
2026-05-25 11:21:19,957 [SKIP] len error : ['①', '高い', '1,000回以上', '13.9%']
2026-05-25 11:21:19,957 [SKIP] len error : ['②', 'やや高い', '400回〜1,000回', '18.5%']
2026-05-25 11:21:19,957 [SKIP] len error : ['③', '中位', '50回〜400回', '39.0%']
2026-05-25 11:21:19,957 [SKIP] len error : ['④', 'やや低い', '10回〜50回', '17.6%']
2026-05-25 11:21:19,957 [SKIP] len error : ['⑤', '低い', '10回未満', '11.0%']
2026-05-25 11:21:19,957 3260件 / ?件中 20:21
2026-05-25 11:21:20,002 [TOTAL] None
2026-05-25 11:21:20,002 [COUNT] 3260
2026-05-25 11:21:21,362 [PAGE] 164
2026-05-25 11:21:21,659 [SKIP] len error : ['東P', '東証プライム']
2026-05-25 11:21:21,659 [SKIP] len error : ['東S', '東証スタンダード']
2026-05-25 11:21:21,660 [SKIP] len error : ['東G', '東証グロース']
2026-05-25 11:21:21,660 [SKIP] len error : ['東Ｅ', '東証ETF']
2026-05-25 11:21:21,660 [SKIP] len error : ['東EN', '東証ETN']
2026-05-25 11:21:21,660 [SKIP] len error : ['東Ｒ', '東証REIT']
2026-05-25 11:21:21,660 [SKIP] len error : ['東IF', '東証インフラファンド']
2026-05-25 11:21:21,660 [SKIP] len error : ['名Ｐ', '名証プレミア']
2026-05-25 11:21:21,660 [SKIP] len error : ['名M', '名証メイン']
2026-05-25 11:21:21,660 [SKIP] len error : ['名N', '名証ネクスト']
2026-05-25 11:21:21,660 [SKIP] len error : ['名Ｅ', '名証ETF']
2026-05-25 11:21:21,660 [SKIP] len error : ['札Ａ', '札証アンビシャス']
2026-05-25 11:21:21,660 [SKIP] len error : ['福Ｑ', '福証Q-Board']
2026-05-25 11:21:21,660 [SKIP] len error : ['①', '高い', '1,000回以上', '13.9%']
2026-05-25 11:21:21,660 [SKIP] len error : ['②', 'やや高い', '400回〜1,000回', '18.5%']
2026-05-25 11:21:21,660 [SKIP] len error : ['③', '中位', '50回〜400回', '39.0%']
2026-05-25 11:21:21,660 [SKIP] len error : ['④', 'やや低い', '10回〜50回', '17.6%']
2026-05-25 11:21:21,660 [SKIP] len error : ['⑤', '低い', '10回未満', '11.0%']
2026-05-25 11:21:21,660 3280件 / ?件中 20:21
2026-05-25 11:21:21,706 [TOTAL] None
2026-05-25 11:21:21,706 [COUNT] 3280
2026-05-25 11:21:22,295 [PAGE] 165
2026-05-25 11:21:22,551 [SKIP] len error : ['東P', '東証プライム']
2026-05-25 11:21:22,552 [SKIP] len error : ['東S', '東証スタンダード']
2026-05-25 11:21:22,552 [SKIP] len error : ['東G', '東証グロース']
2026-05-25 11:21:22,552 [SKIP] len error : ['東Ｅ', '東証ETF']
2026-05-25 11:21:22,552 [SKIP] len error : ['東EN', '東証ETN']
2026-05-25 11:21:22,552 [SKIP] len error : ['東Ｒ', '東証REIT']
2026-05-25 11:21:22,552 [SKIP] len error : ['東IF', '東証インフラファンド']
2026-05-25 11:21:22,552 [SKIP] len error : ['名Ｐ', '名証プレミア']
2026-05-25 11:21:22,552 [SKIP] len error : ['名M', '名証メイン']
2026-05-25 11:21:22,552 [SKIP] len error : ['名N', '名証ネクスト']
2026-05-25 11:21:22,552 [SKIP] len error : ['名Ｅ', '名証ETF']
2026-05-25 11:21:22,552 [SKIP] len error : ['札Ａ', '札証アンビシャス']
2026-05-25 11:21:22,552 [SKIP] len error : ['福Ｑ', '福証Q-Board']
2026-05-25 11:21:22,552 [SKIP] len error : ['①', '高い', '1,000回以上', '13.9%']
2026-05-25 11:21:22,552 [SKIP] len error : ['②', 'やや高い', '400回〜1,000回', '18.5%']
2026-05-25 11:21:22,552 [SKIP] len error : ['③', '中位', '50回〜400回', '39.0%']
2026-05-25 11:21:22,552 [SKIP] len error : ['④', 'やや低い', '10回〜50回', '17.6%']
2026-05-25 11:21:22,552 [SKIP] len error : ['⑤', '低い', '10回未満', '11.0%']
2026-05-25 11:21:22,552 3300件 / ?件中 20:21
2026-05-25 11:21:22,598 [TOTAL] None
2026-05-25 11:21:22,598 [COUNT] 3300
2026-05-25 11:21:23,794 [PAGE] 166
2026-05-25 11:21:24,075 [SKIP] len error : ['東P', '東証プライム']
2026-05-25 11:21:24,075 [SKIP] len error : ['東S', '東証スタンダード']
2026-05-25 11:21:24,075 [SKIP] len error : ['東G', '東証グロース']
2026-05-25 11:21:24,075 [SKIP] len error : ['東Ｅ', '東証ETF']
2026-05-25 11:21:24,075 [SKIP] len error : ['東EN', '東証ETN']
2026-05-25 11:21:24,075 [SKIP] len error : ['東Ｒ', '東証REIT']
2026-05-25 11:21:24,075 [SKIP] len error : ['東IF', '東証インフラファンド']
2026-05-25 11:21:24,076 [SKIP] len error : ['名Ｐ', '名証プレミア']
2026-05-25 11:21:24,076 [SKIP] len error : ['名M', '名証メイン']
2026-05-25 11:21:24,076 [SKIP] len error : ['名N', '名証ネクスト']
2026-05-25 11:21:24,076 [SKIP] len error : ['名Ｅ', '名証ETF']
2026-05-25 11:21:24,076 [SKIP] len error : ['札Ａ', '札証アンビシャス']
2026-05-25 11:21:24,076 [SKIP] len error : ['福Ｑ', '福証Q-Board']
2026-05-25 11:21:24,076 [SKIP] len error : ['①', '高い', '1,000回以上', '13.9%']
2026-05-25 11:21:24,076 [SKIP] len error : ['②', 'やや高い', '400回〜1,000回', '18.5%']
2026-05-25 11:21:24,076 [SKIP] len error : ['③', '中位', '50回〜400回', '39.0%']
2026-05-25 11:21:24,076 [SKIP] len error : ['④', 'やや低い', '10回〜50回', '17.6%']
2026-05-25 11:21:24,076 [SKIP] len error : ['⑤', '低い', '10回未満', '11.0%']
2026-05-25 11:21:24,076 3320件 / ?件中 20:21
2026-05-25 11:21:24,122 [TOTAL] None
2026-05-25 11:21:24,122 [COUNT] 3320
2026-05-25 11:21:25,210 [PAGE] 167
2026-05-25 11:21:25,477 [SKIP] len error : ['東P', '東証プライム']
2026-05-25 11:21:25,477 [SKIP] len error : ['東S', '東証スタンダード']
2026-05-25 11:21:25,477 [SKIP] len error : ['東G', '東証グロース']
2026-05-25 11:21:25,477 [SKIP] len error : ['東Ｅ', '東証ETF']
2026-05-25 11:21:25,477 [SKIP] len error : ['東EN', '東証ETN']
2026-05-25 11:21:25,477 [SKIP] len error : ['東Ｒ', '東証REIT']
2026-05-25 11:21:25,477 [SKIP] len error : ['東IF', '東証インフラファンド']
2026-05-25 11:21:25,477 [SKIP] len error : ['名Ｐ', '名証プレミア']
2026-05-25 11:21:25,477 [SKIP] len error : ['名M', '名証メイン']
2026-05-25 11:21:25,477 [SKIP] len error : ['名N', '名証ネクスト']
2026-05-25 11:21:25,477 [SKIP] len error : ['名Ｅ', '名証ETF']
2026-05-25 11:21:25,477 [SKIP] len error : ['札Ａ', '札証アンビシャス']
2026-05-25 11:21:25,477 [SKIP] len error : ['福Ｑ', '福証Q-Board']
2026-05-25 11:21:25,477 [SKIP] len error : ['①', '高い', '1,000回以上', '13.9%']
2026-05-25 11:21:25,477 [SKIP] len error : ['②', 'やや高い', '400回〜1,000回', '18.5%']
2026-05-25 11:21:25,477 [SKIP] len error : ['③', '中位', '50回〜400回', '39.0%']
2026-05-25 11:21:25,477 [SKIP] len error : ['④', 'やや低い', '10回〜50回', '17.6%']
2026-05-25 11:21:25,477 [SKIP] len error : ['⑤', '低い', '10回未満', '11.0%']
2026-05-25 11:21:25,478 3340件 / ?件中 20:21
2026-05-25 11:21:25,565 [TOTAL] None
2026-05-25 11:21:25,565 [COUNT] 3340
2026-05-25 11:21:26,581 [PAGE] 168
2026-05-25 11:21:26,893 [SKIP] len error : ['東P', '東証プライム']
2026-05-25 11:21:26,893 [SKIP] len error : ['東S', '東証スタンダード']
2026-05-25 11:21:26,893 [SKIP] len error : ['東G', '東証グロース']
2026-05-25 11:21:26,893 [SKIP] len error : ['東Ｅ', '東証ETF']
2026-05-25 11:21:26,893 [SKIP] len error : ['東EN', '東証ETN']
2026-05-25 11:21:26,893 [SKIP] len error : ['東Ｒ', '東証REIT']
2026-05-25 11:21:26,893 [SKIP] len error : ['東IF', '東証インフラファンド']
2026-05-25 11:21:26,894 [SKIP] len error : ['名Ｐ', '名証プレミア']
2026-05-25 11:21:26,894 [SKIP] len error : ['名M', '名証メイン']
2026-05-25 11:21:26,894 [SKIP] len error : ['名N', '名証ネクスト']
2026-05-25 11:21:26,894 [SKIP] len error : ['名Ｅ', '名証ETF']
2026-05-25 11:21:26,894 [SKIP] len error : ['札Ａ', '札証アンビシャス']
2026-05-25 11:21:26,894 [SKIP] len error : ['福Ｑ', '福証Q-Board']
2026-05-25 11:21:26,894 [SKIP] len error : ['①', '高い', '1,000回以上', '13.9%']
2026-05-25 11:21:26,894 [SKIP] len error : ['②', 'やや高い', '400回〜1,000回', '18.5%']
2026-05-25 11:21:26,894 [SKIP] len error : ['③', '中位', '50回〜400回', '39.0%']
2026-05-25 11:21:26,894 [SKIP] len error : ['④', 'やや低い', '10回〜50回', '17.6%']
2026-05-25 11:21:26,894 [SKIP] len error : ['⑤', '低い', '10回未満', '11.0%']
2026-05-25 11:21:26,894 3360件 / ?件中 20:21
2026-05-25 11:21:26,939 [TOTAL] None
2026-05-25 11:21:26,940 [COUNT] 3360
2026-05-25 11:21:28,424 [PAGE] 169
2026-05-25 11:21:28,676 [SKIP] len error : ['東P', '東証プライム']
2026-05-25 11:21:28,677 [SKIP] len error : ['東S', '東証スタンダード']
2026-05-25 11:21:28,677 [SKIP] len error : ['東G', '東証グロース']
2026-05-25 11:21:28,677 [SKIP] len error : ['東Ｅ', '東証ETF']
2026-05-25 11:21:28,677 [SKIP] len error : ['東EN', '東証ETN']
2026-05-25 11:21:28,677 [SKIP] len error : ['東Ｒ', '東証REIT']
2026-05-25 11:21:28,677 [SKIP] len error : ['東IF', '東証インフラファンド']
2026-05-25 11:21:28,677 [SKIP] len error : ['名Ｐ', '名証プレミア']
2026-05-25 11:21:28,677 [SKIP] len error : ['名M', '名証メイン']
2026-05-25 11:21:28,677 [SKIP] len error : ['名N', '名証ネクスト']
2026-05-25 11:21:28,677 [SKIP] len error : ['名Ｅ', '名証ETF']
2026-05-25 11:21:28,677 [SKIP] len error : ['札Ａ', '札証アンビシャス']
2026-05-25 11:21:28,677 [SKIP] len error : ['福Ｑ', '福証Q-Board']
2026-05-25 11:21:28,677 [SKIP] len error : ['①', '高い', '1,000回以上', '13.9%']
2026-05-25 11:21:28,677 [SKIP] len error : ['②', 'やや高い', '400回〜1,000回', '18.5%']
2026-05-25 11:21:28,677 [SKIP] len error : ['③', '中位', '50回〜400回', '39.0%']
2026-05-25 11:21:28,677 [SKIP] len error : ['④', 'やや低い', '10回〜50回', '17.6%']
2026-05-25 11:21:28,677 [SKIP] len error : ['⑤', '低い', '10回未満', '11.0%']
2026-05-25 11:21:28,677 3380件 / ?件中 20:21
2026-05-25 11:21:28,722 [TOTAL] None
2026-05-25 11:21:28,722 [COUNT] 3380
2026-05-25 11:21:29,928 [PAGE] 170
2026-05-25 11:21:30,214 [SKIP] len error : ['東P', '東証プライム']
2026-05-25 11:21:30,214 [SKIP] len error : ['東S', '東証スタンダード']
2026-05-25 11:21:30,214 [SKIP] len error : ['東G', '東証グロース']
2026-05-25 11:21:30,214 [SKIP] len error : ['東Ｅ', '東証ETF']
2026-05-25 11:21:30,214 [SKIP] len error : ['東EN', '東証ETN']
2026-05-25 11:21:30,214 [SKIP] len error : ['東Ｒ', '東証REIT']
2026-05-25 11:21:30,214 [SKIP] len error : ['東IF', '東証インフラファンド']
2026-05-25 11:21:30,214 [SKIP] len error : ['名Ｐ', '名証プレミア']
2026-05-25 11:21:30,214 [SKIP] len error : ['名M', '名証メイン']
2026-05-25 11:21:30,214 [SKIP] len error : ['名N', '名証ネクスト']
2026-05-25 11:21:30,214 [SKIP] len error : ['名Ｅ', '名証ETF']
2026-05-25 11:21:30,214 [SKIP] len error : ['札Ａ', '札証アンビシャス']
2026-05-25 11:21:30,214 [SKIP] len error : ['福Ｑ', '福証Q-Board']
2026-05-25 11:21:30,214 [SKIP] len error : ['①', '高い', '1,000回以上', '13.9%']
2026-05-25 11:21:30,214 [SKIP] len error : ['②', 'やや高い', '400回〜1,000回', '18.5%']
2026-05-25 11:21:30,214 [SKIP] len error : ['③', '中位', '50回〜400回', '39.0%']
2026-05-25 11:21:30,214 [SKIP] len error : ['④', 'やや低い', '10回〜50回', '17.6%']
2026-05-25 11:21:30,215 [SKIP] len error : ['⑤', '低い', '10回未満', '11.0%']
2026-05-25 11:21:30,215 3400件 / ?件中 20:21
2026-05-25 11:21:30,260 [TOTAL] None
2026-05-25 11:21:30,260 [COUNT] 3400
2026-05-25 11:21:31,545 [PAGE] 171
2026-05-25 11:21:31,835 [SKIP] len error : ['東P', '東証プライム']
2026-05-25 11:21:31,835 [SKIP] len error : ['東S', '東証スタンダード']
2026-05-25 11:21:31,835 [SKIP] len error : ['東G', '東証グロース']
2026-05-25 11:21:31,835 [SKIP] len error : ['東Ｅ', '東証ETF']
2026-05-25 11:21:31,835 [SKIP] len error : ['東EN', '東証ETN']
2026-05-25 11:21:31,835 [SKIP] len error : ['東Ｒ', '東証REIT']
2026-05-25 11:21:31,835 [SKIP] len error : ['東IF', '東証インフラファンド']
2026-05-25 11:21:31,835 [SKIP] len error : ['名Ｐ', '名証プレミア']
2026-05-25 11:21:31,835 [SKIP] len error : ['名M', '名証メイン']
2026-05-25 11:21:31,836 [SKIP] len error : ['名N', '名証ネクスト']
2026-05-25 11:21:31,836 [SKIP] len error : ['名Ｅ', '名証ETF']
2026-05-25 11:21:31,836 [SKIP] len error : ['札Ａ', '札証アンビシャス']
2026-05-25 11:21:31,836 [SKIP] len error : ['福Ｑ', '福証Q-Board']
2026-05-25 11:21:31,836 [SKIP] len error : ['①', '高い', '1,000回以上', '13.9%']
2026-05-25 11:21:31,836 [SKIP] len error : ['②', 'やや高い', '400回〜1,000回', '18.5%']
2026-05-25 11:21:31,836 [SKIP] len error : ['③', '中位', '50回〜400回', '39.0%']
2026-05-25 11:21:31,836 [SKIP] len error : ['④', 'やや低い', '10回〜50回', '17.6%']
2026-05-25 11:21:31,836 [SKIP] len error : ['⑤', '低い', '10回未満', '11.0%']
2026-05-25 11:21:31,836 3420件 / ?件中 20:21
2026-05-25 11:21:31,882 [TOTAL] None
2026-05-25 11:21:31,882 [COUNT] 3420
2026-05-25 11:21:33,086 [PAGE] 172
2026-05-25 11:21:33,343 [SKIP] len error : ['東P', '東証プライム']
2026-05-25 11:21:33,343 [SKIP] len error : ['東S', '東証スタンダード']
2026-05-25 11:21:33,343 [SKIP] len error : ['東G', '東証グロース']
2026-05-25 11:21:33,343 [SKIP] len error : ['東Ｅ', '東証ETF']
2026-05-25 11:21:33,343 [SKIP] len error : ['東EN', '東証ETN']
2026-05-25 11:21:33,343 [SKIP] len error : ['東Ｒ', '東証REIT']
2026-05-25 11:21:33,343 [SKIP] len error : ['東IF', '東証インフラファンド']
2026-05-25 11:21:33,343 [SKIP] len error : ['名Ｐ', '名証プレミア']
2026-05-25 11:21:33,344 [SKIP] len error : ['名M', '名証メイン']
2026-05-25 11:21:33,344 [SKIP] len error : ['名N', '名証ネクスト']
2026-05-25 11:21:33,344 [SKIP] len error : ['名Ｅ', '名証ETF']
2026-05-25 11:21:33,344 [SKIP] len error : ['札Ａ', '札証アンビシャス']
2026-05-25 11:21:33,344 [SKIP] len error : ['福Ｑ', '福証Q-Board']
2026-05-25 11:21:33,344 [SKIP] len error : ['①', '高い', '1,000回以上', '13.9%']
2026-05-25 11:21:33,344 [SKIP] len error : ['②', 'やや高い', '400回〜1,000回', '18.5%']
2026-05-25 11:21:33,344 [SKIP] len error : ['③', '中位', '50回〜400回', '39.0%']
2026-05-25 11:21:33,344 [SKIP] len error : ['④', 'やや低い', '10回〜50回', '17.6%']
2026-05-25 11:21:33,344 [SKIP] len error : ['⑤', '低い', '10回未満', '11.0%']
2026-05-25 11:21:33,344 3440件 / ?件中 20:21
2026-05-25 11:21:33,435 [TOTAL] None
2026-05-25 11:21:33,435 [COUNT] 3440
2026-05-25 11:21:34,638 [PAGE] 173
2026-05-25 11:21:34,917 [SKIP] len error : ['東P', '東証プライム']
2026-05-25 11:21:34,917 [SKIP] len error : ['東S', '東証スタンダード']
2026-05-25 11:21:34,917 [SKIP] len error : ['東G', '東証グロース']
2026-05-25 11:21:34,917 [SKIP] len error : ['東Ｅ', '東証ETF']
2026-05-25 11:21:34,917 [SKIP] len error : ['東EN', '東証ETN']
2026-05-25 11:21:34,917 [SKIP] len error : ['東Ｒ', '東証REIT']
2026-05-25 11:21:34,917 [SKIP] len error : ['東IF', '東証インフラファンド']
2026-05-25 11:21:34,917 [SKIP] len error : ['名Ｐ', '名証プレミア']
2026-05-25 11:21:34,917 [SKIP] len error : ['名M', '名証メイン']
2026-05-25 11:21:34,917 [SKIP] len error : ['名N', '名証ネクスト']
2026-05-25 11:21:34,917 [SKIP] len error : ['名Ｅ', '名証ETF']
2026-05-25 11:21:34,917 [SKIP] len error : ['札Ａ', '札証アンビシャス']
2026-05-25 11:21:34,917 [SKIP] len error : ['福Ｑ', '福証Q-Board']
2026-05-25 11:21:34,917 [SKIP] len error : ['①', '高い', '1,000回以上', '13.9%']
2026-05-25 11:21:34,917 [SKIP] len error : ['②', 'やや高い', '400回〜1,000回', '18.5%']
2026-05-25 11:21:34,917 [SKIP] len error : ['③', '中位', '50回〜400回', '39.0%']
2026-05-25 11:21:34,917 [SKIP] len error : ['④', 'やや低い', '10回〜50回', '17.6%']
2026-05-25 11:21:34,917 [SKIP] len error : ['⑤', '低い', '10回未満', '11.0%']
2026-05-25 11:21:34,918 3460件 / ?件中 20:21
2026-05-25 11:21:34,964 [TOTAL] None
2026-05-25 11:21:34,964 [COUNT] 3460
2026-05-25 11:21:35,825 [PAGE] 174
2026-05-25 11:21:36,094 [SKIP] len error : ['東P', '東証プライム']
2026-05-25 11:21:36,094 [SKIP] len error : ['東S', '東証スタンダード']
2026-05-25 11:21:36,094 [SKIP] len error : ['東G', '東証グロース']
2026-05-25 11:21:36,094 [SKIP] len error : ['東Ｅ', '東証ETF']
2026-05-25 11:21:36,094 [SKIP] len error : ['東EN', '東証ETN']
2026-05-25 11:21:36,094 [SKIP] len error : ['東Ｒ', '東証REIT']
2026-05-25 11:21:36,094 [SKIP] len error : ['東IF', '東証インフラファンド']
2026-05-25 11:21:36,094 [SKIP] len error : ['名Ｐ', '名証プレミア']
2026-05-25 11:21:36,094 [SKIP] len error : ['名M', '名証メイン']
2026-05-25 11:21:36,095 [SKIP] len error : ['名N', '名証ネクスト']
2026-05-25 11:21:36,095 [SKIP] len error : ['名Ｅ', '名証ETF']
2026-05-25 11:21:36,095 [SKIP] len error : ['札Ａ', '札証アンビシャス']
2026-05-25 11:21:36,095 [SKIP] len error : ['福Ｑ', '福証Q-Board']
2026-05-25 11:21:36,095 [SKIP] len error : ['①', '高い', '1,000回以上', '13.9%']
2026-05-25 11:21:36,095 [SKIP] len error : ['②', 'やや高い', '400回〜1,000回', '18.5%']
2026-05-25 11:21:36,095 [SKIP] len error : ['③', '中位', '50回〜400回', '39.0%']
2026-05-25 11:21:36,095 [SKIP] len error : ['④', 'やや低い', '10回〜50回', '17.6%']
2026-05-25 11:21:36,095 [SKIP] len error : ['⑤', '低い', '10回未満', '11.0%']
2026-05-25 11:21:36,095 3480件 / ?件中 20:21
2026-05-25 11:21:36,140 [TOTAL] None
2026-05-25 11:21:36,140 [COUNT] 3480
2026-05-25 11:21:37,551 [PAGE] 175
2026-05-25 11:21:37,817 [SKIP] len error : ['東P', '東証プライム']
2026-05-25 11:21:37,817 [SKIP] len error : ['東S', '東証スタンダード']
2026-05-25 11:21:37,817 [SKIP] len error : ['東G', '東証グロース']
2026-05-25 11:21:37,817 [SKIP] len error : ['東Ｅ', '東証ETF']
2026-05-25 11:21:37,817 [SKIP] len error : ['東EN', '東証ETN']
2026-05-25 11:21:37,817 [SKIP] len error : ['東Ｒ', '東証REIT']
2026-05-25 11:21:37,817 [SKIP] len error : ['東IF', '東証インフラファンド']
2026-05-25 11:21:37,818 [SKIP] len error : ['名Ｐ', '名証プレミア']
2026-05-25 11:21:37,818 [SKIP] len error : ['名M', '名証メイン']
2026-05-25 11:21:37,818 [SKIP] len error : ['名N', '名証ネクスト']
2026-05-25 11:21:37,818 [SKIP] len error : ['名Ｅ', '名証ETF']
2026-05-25 11:21:37,818 [SKIP] len error : ['札Ａ', '札証アンビシャス']
2026-05-25 11:21:37,818 [SKIP] len error : ['福Ｑ', '福証Q-Board']
2026-05-25 11:21:37,818 [SKIP] len error : ['①', '高い', '1,000回以上', '13.9%']
2026-05-25 11:21:37,818 [SKIP] len error : ['②', 'やや高い', '400回〜1,000回', '18.5%']
2026-05-25 11:21:37,818 [SKIP] len error : ['③', '中位', '50回〜400回', '39.0%']
2026-05-25 11:21:37,818 [SKIP] len error : ['④', 'やや低い', '10回〜50回', '17.6%']
2026-05-25 11:21:37,818 [SKIP] len error : ['⑤', '低い', '10回未満', '11.0%']
2026-05-25 11:21:37,818 3500件 / ?件中 20:21
2026-05-25 11:21:37,864 [TOTAL] None
2026-05-25 11:21:37,864 [COUNT] 3500
2026-05-25 11:21:38,630 [PAGE] 176
2026-05-25 11:21:38,893 [SKIP] len error : ['東P', '東証プライム']
2026-05-25 11:21:38,893 [SKIP] len error : ['東S', '東証スタンダード']
2026-05-25 11:21:38,893 [SKIP] len error : ['東G', '東証グロース']
2026-05-25 11:21:38,893 [SKIP] len error : ['東Ｅ', '東証ETF']
2026-05-25 11:21:38,893 [SKIP] len error : ['東EN', '東証ETN']
2026-05-25 11:21:38,893 [SKIP] len error : ['東Ｒ', '東証REIT']
2026-05-25 11:21:38,893 [SKIP] len error : ['東IF', '東証インフラファンド']
2026-05-25 11:21:38,893 [SKIP] len error : ['名Ｐ', '名証プレミア']
2026-05-25 11:21:38,893 [SKIP] len error : ['名M', '名証メイン']
2026-05-25 11:21:38,893 [SKIP] len error : ['名N', '名証ネクスト']
2026-05-25 11:21:38,893 [SKIP] len error : ['名Ｅ', '名証ETF']
2026-05-25 11:21:38,893 [SKIP] len error : ['札Ａ', '札証アンビシャス']
2026-05-25 11:21:38,893 [SKIP] len error : ['福Ｑ', '福証Q-Board']
2026-05-25 11:21:38,893 [SKIP] len error : ['①', '高い', '1,000回以上', '13.9%']
2026-05-25 11:21:38,893 [SKIP] len error : ['②', 'やや高い', '400回〜1,000回', '18.5%']
2026-05-25 11:21:38,893 [SKIP] len error : ['③', '中位', '50回〜400回', '39.0%']
2026-05-25 11:21:38,893 [SKIP] len error : ['④', 'やや低い', '10回〜50回', '17.6%']
2026-05-25 11:21:38,893 [SKIP] len error : ['⑤', '低い', '10回未満', '11.0%']
2026-05-25 11:21:38,894 3520件 / ?件中 20:21
2026-05-25 11:21:38,939 [TOTAL] None
2026-05-25 11:21:38,939 [COUNT] 3520
2026-05-25 11:21:40,370 [PAGE] 177
2026-05-25 11:21:40,663 [SKIP] len error : ['東P', '東証プライム']
2026-05-25 11:21:40,663 [SKIP] len error : ['東S', '東証スタンダード']
2026-05-25 11:21:40,663 [SKIP] len error : ['東G', '東証グロース']
2026-05-25 11:21:40,663 [SKIP] len error : ['東Ｅ', '東証ETF']
2026-05-25 11:21:40,663 [SKIP] len error : ['東EN', '東証ETN']
2026-05-25 11:21:40,663 [SKIP] len error : ['東Ｒ', '東証REIT']
2026-05-25 11:21:40,663 [SKIP] len error : ['東IF', '東証インフラファンド']
2026-05-25 11:21:40,663 [SKIP] len error : ['名Ｐ', '名証プレミア']
2026-05-25 11:21:40,663 [SKIP] len error : ['名M', '名証メイン']
2026-05-25 11:21:40,663 [SKIP] len error : ['名N', '名証ネクスト']
2026-05-25 11:21:40,663 [SKIP] len error : ['名Ｅ', '名証ETF']
2026-05-25 11:21:40,663 [SKIP] len error : ['札Ａ', '札証アンビシャス']
2026-05-25 11:21:40,663 [SKIP] len error : ['福Ｑ', '福証Q-Board']
2026-05-25 11:21:40,663 [SKIP] len error : ['①', '高い', '1,000回以上', '13.9%']
2026-05-25 11:21:40,663 [SKIP] len error : ['②', 'やや高い', '400回〜1,000回', '18.5%']
2026-05-25 11:21:40,663 [SKIP] len error : ['③', '中位', '50回〜400回', '39.0%']
2026-05-25 11:21:40,663 [SKIP] len error : ['④', 'やや低い', '10回〜50回', '17.6%']
2026-05-25 11:21:40,663 [SKIP] len error : ['⑤', '低い', '10回未満', '11.0%']
2026-05-25 11:21:40,663 3540件 / ?件中 20:21
2026-05-25 11:21:40,708 [TOTAL] None
2026-05-25 11:21:40,708 [COUNT] 3540
2026-05-25 11:21:42,132 [PAGE] 178
2026-05-25 11:21:42,397 [SKIP] len error : ['東P', '東証プライム']
2026-05-25 11:21:42,397 [SKIP] len error : ['東S', '東証スタンダード']
2026-05-25 11:21:42,397 [SKIP] len error : ['東G', '東証グロース']
2026-05-25 11:21:42,397 [SKIP] len error : ['東Ｅ', '東証ETF']
2026-05-25 11:21:42,397 [SKIP] len error : ['東EN', '東証ETN']
2026-05-25 11:21:42,397 [SKIP] len error : ['東Ｒ', '東証REIT']
2026-05-25 11:21:42,397 [SKIP] len error : ['東IF', '東証インフラファンド']
2026-05-25 11:21:42,397 [SKIP] len error : ['名Ｐ', '名証プレミア']
2026-05-25 11:21:42,397 [SKIP] len error : ['名M', '名証メイン']
2026-05-25 11:21:42,397 [SKIP] len error : ['名N', '名証ネクスト']
2026-05-25 11:21:42,397 [SKIP] len error : ['名Ｅ', '名証ETF']
2026-05-25 11:21:42,397 [SKIP] len error : ['札Ａ', '札証アンビシャス']
2026-05-25 11:21:42,397 [SKIP] len error : ['福Ｑ', '福証Q-Board']
2026-05-25 11:21:42,397 [SKIP] len error : ['①', '高い', '1,000回以上', '13.9%']
2026-05-25 11:21:42,397 [SKIP] len error : ['②', 'やや高い', '400回〜1,000回', '18.5%']
2026-05-25 11:21:42,397 [SKIP] len error : ['③', '中位', '50回〜400回', '39.0%']
2026-05-25 11:21:42,397 [SKIP] len error : ['④', 'やや低い', '10回〜50回', '17.6%']
2026-05-25 11:21:42,397 [SKIP] len error : ['⑤', '低い', '10回未満', '11.0%']
2026-05-25 11:21:42,397 3560件 / ?件中 20:21
2026-05-25 11:21:42,443 [TOTAL] None
2026-05-25 11:21:42,444 [COUNT] 3560
2026-05-25 11:21:42,990 [PAGE] 179
2026-05-25 11:21:43,277 [SKIP] len error : ['東P', '東証プライム']
2026-05-25 11:21:43,277 [SKIP] len error : ['東S', '東証スタンダード']
2026-05-25 11:21:43,277 [SKIP] len error : ['東G', '東証グロース']
2026-05-25 11:21:43,277 [SKIP] len error : ['東Ｅ', '東証ETF']
2026-05-25 11:21:43,277 [SKIP] len error : ['東EN', '東証ETN']
2026-05-25 11:21:43,277 [SKIP] len error : ['東Ｒ', '東証REIT']
2026-05-25 11:21:43,277 [SKIP] len error : ['東IF', '東証インフラファンド']
2026-05-25 11:21:43,277 [SKIP] len error : ['名Ｐ', '名証プレミア']
2026-05-25 11:21:43,277 [SKIP] len error : ['名M', '名証メイン']
2026-05-25 11:21:43,277 [SKIP] len error : ['名N', '名証ネクスト']
2026-05-25 11:21:43,277 [SKIP] len error : ['名Ｅ', '名証ETF']
2026-05-25 11:21:43,277 [SKIP] len error : ['札Ａ', '札証アンビシャス']
2026-05-25 11:21:43,277 [SKIP] len error : ['福Ｑ', '福証Q-Board']
2026-05-25 11:21:43,277 [SKIP] len error : ['①', '高い', '1,000回以上', '13.9%']
2026-05-25 11:21:43,277 [SKIP] len error : ['②', 'やや高い', '400回〜1,000回', '18.5%']
2026-05-25 11:21:43,277 [SKIP] len error : ['③', '中位', '50回〜400回', '39.0%']
2026-05-25 11:21:43,277 [SKIP] len error : ['④', 'やや低い', '10回〜50回', '17.6%']
2026-05-25 11:21:43,277 [SKIP] len error : ['⑤', '低い', '10回未満', '11.0%']
2026-05-25 11:21:43,278 3580件 / ?件中 20:21
2026-05-25 11:21:43,324 [TOTAL] None
2026-05-25 11:21:43,324 [COUNT] 3580
2026-05-25 11:21:44,434 [PAGE] 180
2026-05-25 11:21:44,713 [SKIP] len error : ['東P', '東証プライム']
2026-05-25 11:21:44,713 [SKIP] len error : ['東S', '東証スタンダード']
2026-05-25 11:21:44,713 [SKIP] len error : ['東G', '東証グロース']
2026-05-25 11:21:44,713 [SKIP] len error : ['東Ｅ', '東証ETF']
2026-05-25 11:21:44,713 [SKIP] len error : ['東EN', '東証ETN']
2026-05-25 11:21:44,713 [SKIP] len error : ['東Ｒ', '東証REIT']
2026-05-25 11:21:44,713 [SKIP] len error : ['東IF', '東証インフラファンド']
2026-05-25 11:21:44,713 [SKIP] len error : ['名Ｐ', '名証プレミア']
2026-05-25 11:21:44,713 [SKIP] len error : ['名M', '名証メイン']
2026-05-25 11:21:44,714 [SKIP] len error : ['名N', '名証ネクスト']
2026-05-25 11:21:44,714 [SKIP] len error : ['名Ｅ', '名証ETF']
2026-05-25 11:21:44,714 [SKIP] len error : ['札Ａ', '札証アンビシャス']
2026-05-25 11:21:44,714 [SKIP] len error : ['福Ｑ', '福証Q-Board']
2026-05-25 11:21:44,714 [SKIP] len error : ['①', '高い', '1,000回以上', '13.9%']
2026-05-25 11:21:44,714 [SKIP] len error : ['②', 'やや高い', '400回〜1,000回', '18.5%']
2026-05-25 11:21:44,714 [SKIP] len error : ['③', '中位', '50回〜400回', '39.0%']
2026-05-25 11:21:44,714 [SKIP] len error : ['④', 'やや低い', '10回〜50回', '17.6%']
2026-05-25 11:21:44,714 [SKIP] len error : ['⑤', '低い', '10回未満', '11.0%']
2026-05-25 11:21:44,714 3600件 / ?件中 20:21
2026-05-25 11:21:44,759 [TOTAL] None
2026-05-25 11:21:44,759 [COUNT] 3600
2026-05-25 11:21:45,682 [PAGE] 181
2026-05-25 11:21:45,941 [SKIP] len error : ['東P', '東証プライム']
2026-05-25 11:21:45,941 [SKIP] len error : ['東S', '東証スタンダード']
2026-05-25 11:21:45,941 [SKIP] len error : ['東G', '東証グロース']
2026-05-25 11:21:45,941 [SKIP] len error : ['東Ｅ', '東証ETF']
2026-05-25 11:21:45,941 [SKIP] len error : ['東EN', '東証ETN']
2026-05-25 11:21:45,941 [SKIP] len error : ['東Ｒ', '東証REIT']
2026-05-25 11:21:45,941 [SKIP] len error : ['東IF', '東証インフラファンド']
2026-05-25 11:21:45,941 [SKIP] len error : ['名Ｐ', '名証プレミア']
2026-05-25 11:21:45,941 [SKIP] len error : ['名M', '名証メイン']
2026-05-25 11:21:45,941 [SKIP] len error : ['名N', '名証ネクスト']
2026-05-25 11:21:45,941 [SKIP] len error : ['名Ｅ', '名証ETF']
2026-05-25 11:21:45,941 [SKIP] len error : ['札Ａ', '札証アンビシャス']
2026-05-25 11:21:45,941 [SKIP] len error : ['福Ｑ', '福証Q-Board']
2026-05-25 11:21:45,941 [SKIP] len error : ['①', '高い', '1,000回以上', '13.9%']
2026-05-25 11:21:45,941 [SKIP] len error : ['②', 'やや高い', '400回〜1,000回', '18.5%']
2026-05-25 11:21:45,941 [SKIP] len error : ['③', '中位', '50回〜400回', '39.0%']
2026-05-25 11:21:45,942 [SKIP] len error : ['④', 'やや低い', '10回〜50回', '17.6%']
2026-05-25 11:21:45,942 [SKIP] len error : ['⑤', '低い', '10回未満', '11.0%']
2026-05-25 11:21:45,942 3620件 / ?件中 20:21
2026-05-25 11:21:45,987 [TOTAL] None
2026-05-25 11:21:45,987 [COUNT] 3620
2026-05-25 11:21:46,769 [PAGE] 182
2026-05-25 11:21:47,080 [SKIP] len error : ['東P', '東証プライム']
2026-05-25 11:21:47,081 [SKIP] len error : ['東S', '東証スタンダード']
2026-05-25 11:21:47,081 [SKIP] len error : ['東G', '東証グロース']
2026-05-25 11:21:47,081 [SKIP] len error : ['東Ｅ', '東証ETF']
2026-05-25 11:21:47,081 [SKIP] len error : ['東EN', '東証ETN']
2026-05-25 11:21:47,081 [SKIP] len error : ['東Ｒ', '東証REIT']
2026-05-25 11:21:47,081 [SKIP] len error : ['東IF', '東証インフラファンド']
2026-05-25 11:21:47,081 [SKIP] len error : ['名Ｐ', '名証プレミア']
2026-05-25 11:21:47,081 [SKIP] len error : ['名M', '名証メイン']
2026-05-25 11:21:47,081 [SKIP] len error : ['名N', '名証ネクスト']
2026-05-25 11:21:47,081 [SKIP] len error : ['名Ｅ', '名証ETF']
2026-05-25 11:21:47,081 [SKIP] len error : ['札Ａ', '札証アンビシャス']
2026-05-25 11:21:47,081 [SKIP] len error : ['福Ｑ', '福証Q-Board']
2026-05-25 11:21:47,081 [SKIP] len error : ['①', '高い', '1,000回以上', '13.9%']
2026-05-25 11:21:47,081 [SKIP] len error : ['②', 'やや高い', '400回〜1,000回', '18.5%']
2026-05-25 11:21:47,081 [SKIP] len error : ['③', '中位', '50回〜400回', '39.0%']
2026-05-25 11:21:47,081 [SKIP] len error : ['④', 'やや低い', '10回〜50回', '17.6%']
2026-05-25 11:21:47,081 [SKIP] len error : ['⑤', '低い', '10回未満', '11.0%']
2026-05-25 11:21:47,081 3640件 / ?件中 20:21
2026-05-25 11:21:47,127 [TOTAL] None
2026-05-25 11:21:47,127 [COUNT] 3640
2026-05-25 11:21:47,835 [PAGE] 183
2026-05-25 11:21:48,091 [SKIP] len error : ['東P', '東証プライム']
2026-05-25 11:21:48,091 [SKIP] len error : ['東S', '東証スタンダード']
2026-05-25 11:21:48,091 [SKIP] len error : ['東G', '東証グロース']
2026-05-25 11:21:48,091 [SKIP] len error : ['東Ｅ', '東証ETF']
2026-05-25 11:21:48,091 [SKIP] len error : ['東EN', '東証ETN']
2026-05-25 11:21:48,091 [SKIP] len error : ['東Ｒ', '東証REIT']
2026-05-25 11:21:48,092 [SKIP] len error : ['東IF', '東証インフラファンド']
2026-05-25 11:21:48,092 [SKIP] len error : ['名Ｐ', '名証プレミア']
2026-05-25 11:21:48,092 [SKIP] len error : ['名M', '名証メイン']
2026-05-25 11:21:48,092 [SKIP] len error : ['名N', '名証ネクスト']
2026-05-25 11:21:48,092 [SKIP] len error : ['名Ｅ', '名証ETF']
2026-05-25 11:21:48,092 [SKIP] len error : ['札Ａ', '札証アンビシャス']
2026-05-25 11:21:48,092 [SKIP] len error : ['福Ｑ', '福証Q-Board']
2026-05-25 11:21:48,092 [SKIP] len error : ['①', '高い', '1,000回以上', '13.9%']
2026-05-25 11:21:48,092 [SKIP] len error : ['②', 'やや高い', '400回〜1,000回', '18.5%']
2026-05-25 11:21:48,092 [SKIP] len error : ['③', '中位', '50回〜400回', '39.0%']
2026-05-25 11:21:48,092 [SKIP] len error : ['④', 'やや低い', '10回〜50回', '17.6%']
2026-05-25 11:21:48,092 [SKIP] len error : ['⑤', '低い', '10回未満', '11.0%']
2026-05-25 11:21:48,092 3660件 / ?件中 20:21
2026-05-25 11:21:48,137 [TOTAL] None
2026-05-25 11:21:48,138 [COUNT] 3660
2026-05-25 11:21:48,836 [PAGE] 184
2026-05-25 11:21:49,085 [SKIP] len error : ['東P', '東証プライム']
2026-05-25 11:21:49,085 [SKIP] len error : ['東S', '東証スタンダード']
2026-05-25 11:21:49,085 [SKIP] len error : ['東G', '東証グロース']
2026-05-25 11:21:49,085 [SKIP] len error : ['東Ｅ', '東証ETF']
2026-05-25 11:21:49,085 [SKIP] len error : ['東EN', '東証ETN']
2026-05-25 11:21:49,085 [SKIP] len error : ['東Ｒ', '東証REIT']
2026-05-25 11:21:49,085 [SKIP] len error : ['東IF', '東証インフラファンド']
2026-05-25 11:21:49,085 [SKIP] len error : ['名Ｐ', '名証プレミア']
2026-05-25 11:21:49,085 [SKIP] len error : ['名M', '名証メイン']
2026-05-25 11:21:49,085 [SKIP] len error : ['名N', '名証ネクスト']
2026-05-25 11:21:49,085 [SKIP] len error : ['名Ｅ', '名証ETF']
2026-05-25 11:21:49,085 [SKIP] len error : ['札Ａ', '札証アンビシャス']
2026-05-25 11:21:49,085 [SKIP] len error : ['福Ｑ', '福証Q-Board']
2026-05-25 11:21:49,085 [SKIP] len error : ['①', '高い', '1,000回以上', '13.9%']
2026-05-25 11:21:49,085 [SKIP] len error : ['②', 'やや高い', '400回〜1,000回', '18.5%']
2026-05-25 11:21:49,085 [SKIP] len error : ['③', '中位', '50回〜400回', '39.0%']
2026-05-25 11:21:49,086 [SKIP] len error : ['④', 'やや低い', '10回〜50回', '17.6%']
2026-05-25 11:21:49,086 [SKIP] len error : ['⑤', '低い', '10回未満', '11.0%']
2026-05-25 11:21:49,086 3680件 / ?件中 20:21
2026-05-25 11:21:49,131 [TOTAL] None
2026-05-25 11:21:49,131 [COUNT] 3680
2026-05-25 11:21:49,882 [PAGE] 185
2026-05-25 11:21:50,144 [SKIP] len error : ['東P', '東証プライム']
2026-05-25 11:21:50,144 [SKIP] len error : ['東S', '東証スタンダード']
2026-05-25 11:21:50,144 [SKIP] len error : ['東G', '東証グロース']
2026-05-25 11:21:50,144 [SKIP] len error : ['東Ｅ', '東証ETF']
2026-05-25 11:21:50,144 [SKIP] len error : ['東EN', '東証ETN']
2026-05-25 11:21:50,144 [SKIP] len error : ['東Ｒ', '東証REIT']
2026-05-25 11:21:50,144 [SKIP] len error : ['東IF', '東証インフラファンド']
2026-05-25 11:21:50,144 [SKIP] len error : ['名Ｐ', '名証プレミア']
2026-05-25 11:21:50,144 [SKIP] len error : ['名M', '名証メイン']
2026-05-25 11:21:50,144 [SKIP] len error : ['名N', '名証ネクスト']
2026-05-25 11:21:50,144 [SKIP] len error : ['名Ｅ', '名証ETF']
2026-05-25 11:21:50,144 [SKIP] len error : ['札Ａ', '札証アンビシャス']
2026-05-25 11:21:50,144 [SKIP] len error : ['福Ｑ', '福証Q-Board']
2026-05-25 11:21:50,144 [SKIP] len error : ['①', '高い', '1,000回以上', '13.9%']
2026-05-25 11:21:50,144 [SKIP] len error : ['②', 'やや高い', '400回〜1,000回', '18.5%']
2026-05-25 11:21:50,144 [SKIP] len error : ['③', '中位', '50回〜400回', '39.0%']
2026-05-25 11:21:50,145 [SKIP] len error : ['④', 'やや低い', '10回〜50回', '17.6%']
2026-05-25 11:21:50,145 [SKIP] len error : ['⑤', '低い', '10回未満', '11.0%']
2026-05-25 11:21:50,145 3700件 / ?件中 20:21
2026-05-25 11:21:50,190 [TOTAL] None
2026-05-25 11:21:50,191 [COUNT] 3700
2026-05-25 11:21:50,981 [PAGE] 186
2026-05-25 11:21:51,233 [SKIP] len error : ['東P', '東証プライム']
2026-05-25 11:21:51,233 [SKIP] len error : ['東S', '東証スタンダード']
2026-05-25 11:21:51,234 [SKIP] len error : ['東G', '東証グロース']
2026-05-25 11:21:51,234 [SKIP] len error : ['東Ｅ', '東証ETF']
2026-05-25 11:21:51,234 [SKIP] len error : ['東EN', '東証ETN']
2026-05-25 11:21:51,234 [SKIP] len error : ['東Ｒ', '東証REIT']
2026-05-25 11:21:51,234 [SKIP] len error : ['東IF', '東証インフラファンド']
2026-05-25 11:21:51,234 [SKIP] len error : ['名Ｐ', '名証プレミア']
2026-05-25 11:21:51,234 [SKIP] len error : ['名M', '名証メイン']
2026-05-25 11:21:51,234 [SKIP] len error : ['名N', '名証ネクスト']
2026-05-25 11:21:51,234 [SKIP] len error : ['名Ｅ', '名証ETF']
2026-05-25 11:21:51,234 [SKIP] len error : ['札Ａ', '札証アンビシャス']
2026-05-25 11:21:51,234 [SKIP] len error : ['福Ｑ', '福証Q-Board']
2026-05-25 11:21:51,234 [SKIP] len error : ['①', '高い', '1,000回以上', '13.9%']
2026-05-25 11:21:51,234 [SKIP] len error : ['②', 'やや高い', '400回〜1,000回', '18.5%']
2026-05-25 11:21:51,234 [SKIP] len error : ['③', '中位', '50回〜400回', '39.0%']
2026-05-25 11:21:51,234 [SKIP] len error : ['④', 'やや低い', '10回〜50回', '17.6%']
2026-05-25 11:21:51,234 [SKIP] len error : ['⑤', '低い', '10回未満', '11.0%']
2026-05-25 11:21:51,234 3720件 / ?件中 20:21
2026-05-25 11:21:51,319 [TOTAL] None
2026-05-25 11:21:51,319 [COUNT] 3720
2026-05-25 11:21:52,008 [PAGE] 187
2026-05-25 11:21:52,282 [SKIP] len error : ['東P', '東証プライム']
2026-05-25 11:21:52,282 [SKIP] len error : ['東S', '東証スタンダード']
2026-05-25 11:21:52,282 [SKIP] len error : ['東G', '東証グロース']
2026-05-25 11:21:52,282 [SKIP] len error : ['東Ｅ', '東証ETF']
2026-05-25 11:21:52,282 [SKIP] len error : ['東EN', '東証ETN']
2026-05-25 11:21:52,282 [SKIP] len error : ['東Ｒ', '東証REIT']
2026-05-25 11:21:52,282 [SKIP] len error : ['東IF', '東証インフラファンド']
2026-05-25 11:21:52,282 [SKIP] len error : ['名Ｐ', '名証プレミア']
2026-05-25 11:21:52,282 [SKIP] len error : ['名M', '名証メイン']
2026-05-25 11:21:52,282 [SKIP] len error : ['名N', '名証ネクスト']
2026-05-25 11:21:52,282 [SKIP] len error : ['名Ｅ', '名証ETF']
2026-05-25 11:21:52,282 [SKIP] len error : ['札Ａ', '札証アンビシャス']
2026-05-25 11:21:52,282 [SKIP] len error : ['福Ｑ', '福証Q-Board']
2026-05-25 11:21:52,282 [SKIP] len error : ['①', '高い', '1,000回以上', '13.9%']
2026-05-25 11:21:52,282 [SKIP] len error : ['②', 'やや高い', '400回〜1,000回', '18.5%']
2026-05-25 11:21:52,282 [SKIP] len error : ['③', '中位', '50回〜400回', '39.0%']
2026-05-25 11:21:52,282 [SKIP] len error : ['④', 'やや低い', '10回〜50回', '17.6%']
2026-05-25 11:21:52,282 [SKIP] len error : ['⑤', '低い', '10回未満', '11.0%']
2026-05-25 11:21:52,283 3740件 / ?件中 20:21
2026-05-25 11:21:52,328 [TOTAL] None
2026-05-25 11:21:52,328 [COUNT] 3740
2026-05-25 11:21:53,032 [PAGE] 188
2026-05-25 11:21:53,312 [SKIP] len error : ['東P', '東証プライム']
2026-05-25 11:21:53,312 [SKIP] len error : ['東S', '東証スタンダード']
2026-05-25 11:21:53,312 [SKIP] len error : ['東G', '東証グロース']
2026-05-25 11:21:53,312 [SKIP] len error : ['東Ｅ', '東証ETF']
2026-05-25 11:21:53,312 [SKIP] len error : ['東EN', '東証ETN']
2026-05-25 11:21:53,312 [SKIP] len error : ['東Ｒ', '東証REIT']
2026-05-25 11:21:53,312 [SKIP] len error : ['東IF', '東証インフラファンド']
2026-05-25 11:21:53,312 [SKIP] len error : ['名Ｐ', '名証プレミア']
2026-05-25 11:21:53,312 [SKIP] len error : ['名M', '名証メイン']
2026-05-25 11:21:53,312 [SKIP] len error : ['名N', '名証ネクスト']
2026-05-25 11:21:53,312 [SKIP] len error : ['名Ｅ', '名証ETF']
2026-05-25 11:21:53,312 [SKIP] len error : ['札Ａ', '札証アンビシャス']
2026-05-25 11:21:53,312 [SKIP] len error : ['福Ｑ', '福証Q-Board']
2026-05-25 11:21:53,312 [SKIP] len error : ['①', '高い', '1,000回以上', '13.9%']
2026-05-25 11:21:53,312 [SKIP] len error : ['②', 'やや高い', '400回〜1,000回', '18.5%']
2026-05-25 11:21:53,312 [SKIP] len error : ['③', '中位', '50回〜400回', '39.0%']
2026-05-25 11:21:53,312 [SKIP] len error : ['④', 'やや低い', '10回〜50回', '17.6%']
2026-05-25 11:21:53,312 [SKIP] len error : ['⑤', '低い', '10回未満', '11.0%']
2026-05-25 11:21:53,313 3760件 / ?件中 20:21
2026-05-25 11:21:53,358 [TOTAL] None
2026-05-25 11:21:53,358 [COUNT] 3760
2026-05-25 11:21:54,478 [PAGE] 189
2026-05-25 11:21:54,752 [SKIP] len error : ['東P', '東証プライム']
2026-05-25 11:21:54,752 [SKIP] len error : ['東S', '東証スタンダード']
2026-05-25 11:21:54,752 [SKIP] len error : ['東G', '東証グロース']
2026-05-25 11:21:54,753 [SKIP] len error : ['東Ｅ', '東証ETF']
2026-05-25 11:21:54,753 [SKIP] len error : ['東EN', '東証ETN']
2026-05-25 11:21:54,753 [SKIP] len error : ['東Ｒ', '東証REIT']
2026-05-25 11:21:54,753 [SKIP] len error : ['東IF', '東証インフラファンド']
2026-05-25 11:21:54,753 [SKIP] len error : ['名Ｐ', '名証プレミア']
2026-05-25 11:21:54,753 [SKIP] len error : ['名M', '名証メイン']
2026-05-25 11:21:54,753 [SKIP] len error : ['名N', '名証ネクスト']
2026-05-25 11:21:54,753 [SKIP] len error : ['名Ｅ', '名証ETF']
2026-05-25 11:21:54,753 [SKIP] len error : ['札Ａ', '札証アンビシャス']
2026-05-25 11:21:54,753 [SKIP] len error : ['福Ｑ', '福証Q-Board']
2026-05-25 11:21:54,753 [SKIP] len error : ['①', '高い', '1,000回以上', '13.9%']
2026-05-25 11:21:54,753 [SKIP] len error : ['②', 'やや高い', '400回〜1,000回', '18.5%']
2026-05-25 11:21:54,753 [SKIP] len error : ['③', '中位', '50回〜400回', '39.0%']
2026-05-25 11:21:54,753 [SKIP] len error : ['④', 'やや低い', '10回〜50回', '17.6%']
2026-05-25 11:21:54,753 [SKIP] len error : ['⑤', '低い', '10回未満', '11.0%']
2026-05-25 11:21:54,753 3780件 / ?件中 20:21
2026-05-25 11:21:54,799 [TOTAL] None
2026-05-25 11:21:54,799 [COUNT] 3780
2026-05-25 11:21:55,765 [PAGE] 190
2026-05-25 11:21:56,039 [SKIP] len error : ['東P', '東証プライム']
2026-05-25 11:21:56,039 [SKIP] len error : ['東S', '東証スタンダード']
2026-05-25 11:21:56,040 [SKIP] len error : ['東G', '東証グロース']
2026-05-25 11:21:56,040 [SKIP] len error : ['東Ｅ', '東証ETF']
2026-05-25 11:21:56,040 [SKIP] len error : ['東EN', '東証ETN']
2026-05-25 11:21:56,040 [SKIP] len error : ['東Ｒ', '東証REIT']
2026-05-25 11:21:56,040 [SKIP] len error : ['東IF', '東証インフラファンド']
2026-05-25 11:21:56,040 [SKIP] len error : ['名Ｐ', '名証プレミア']
2026-05-25 11:21:56,040 [SKIP] len error : ['名M', '名証メイン']
2026-05-25 11:21:56,040 [SKIP] len error : ['名N', '名証ネクスト']
2026-05-25 11:21:56,040 [SKIP] len error : ['名Ｅ', '名証ETF']
2026-05-25 11:21:56,040 [SKIP] len error : ['札Ａ', '札証アンビシャス']
2026-05-25 11:21:56,040 [SKIP] len error : ['福Ｑ', '福証Q-Board']
2026-05-25 11:21:56,040 [SKIP] len error : ['①', '高い', '1,000回以上', '13.9%']
2026-05-25 11:21:56,040 [SKIP] len error : ['②', 'やや高い', '400回〜1,000回', '18.5%']
2026-05-25 11:21:56,040 [SKIP] len error : ['③', '中位', '50回〜400回', '39.0%']
2026-05-25 11:21:56,040 [SKIP] len error : ['④', 'やや低い', '10回〜50回', '17.6%']
2026-05-25 11:21:56,040 [SKIP] len error : ['⑤', '低い', '10回未満', '11.0%']
2026-05-25 11:21:56,040 3800件 / ?件中 20:21
2026-05-25 11:21:56,087 [TOTAL] None
2026-05-25 11:21:56,087 [COUNT] 3800
2026-05-25 11:21:57,003 [PAGE] 191
2026-05-25 11:21:57,267 [SKIP] len error : ['東P', '東証プライム']
2026-05-25 11:21:57,267 [SKIP] len error : ['東S', '東証スタンダード']
2026-05-25 11:21:57,267 [SKIP] len error : ['東G', '東証グロース']
2026-05-25 11:21:57,267 [SKIP] len error : ['東Ｅ', '東証ETF']
2026-05-25 11:21:57,267 [SKIP] len error : ['東EN', '東証ETN']
2026-05-25 11:21:57,267 [SKIP] len error : ['東Ｒ', '東証REIT']
2026-05-25 11:21:57,267 [SKIP] len error : ['東IF', '東証インフラファンド']
2026-05-25 11:21:57,267 [SKIP] len error : ['名Ｐ', '名証プレミア']
2026-05-25 11:21:57,267 [SKIP] len error : ['名M', '名証メイン']
2026-05-25 11:21:57,267 [SKIP] len error : ['名N', '名証ネクスト']
2026-05-25 11:21:57,267 [SKIP] len error : ['名Ｅ', '名証ETF']
2026-05-25 11:21:57,267 [SKIP] len error : ['札Ａ', '札証アンビシャス']
2026-05-25 11:21:57,267 [SKIP] len error : ['福Ｑ', '福証Q-Board']
2026-05-25 11:21:57,267 [SKIP] len error : ['①', '高い', '1,000回以上', '13.9%']
2026-05-25 11:21:57,268 [SKIP] len error : ['②', 'やや高い', '400回〜1,000回', '18.5%']
2026-05-25 11:21:57,268 [SKIP] len error : ['③', '中位', '50回〜400回', '39.0%']
2026-05-25 11:21:57,268 [SKIP] len error : ['④', 'やや低い', '10回〜50回', '17.6%']
2026-05-25 11:21:57,268 [SKIP] len error : ['⑤', '低い', '10回未満', '11.0%']
2026-05-25 11:21:57,268 3820件 / ?件中 20:21
2026-05-25 11:21:57,362 [TOTAL] None
2026-05-25 11:21:57,362 [COUNT] 3820
2026-05-25 11:21:58,006 [PAGE] 192
2026-05-25 11:21:58,287 [SKIP] len error : ['東P', '東証プライム']
2026-05-25 11:21:58,287 [SKIP] len error : ['東S', '東証スタンダード']
2026-05-25 11:21:58,287 [SKIP] len error : ['東G', '東証グロース']
2026-05-25 11:21:58,287 [SKIP] len error : ['東Ｅ', '東証ETF']
2026-05-25 11:21:58,287 [SKIP] len error : ['東EN', '東証ETN']
2026-05-25 11:21:58,287 [SKIP] len error : ['東Ｒ', '東証REIT']
2026-05-25 11:21:58,287 [SKIP] len error : ['東IF', '東証インフラファンド']
2026-05-25 11:21:58,287 [SKIP] len error : ['名Ｐ', '名証プレミア']
2026-05-25 11:21:58,287 [SKIP] len error : ['名M', '名証メイン']
2026-05-25 11:21:58,287 [SKIP] len error : ['名N', '名証ネクスト']
2026-05-25 11:21:58,287 [SKIP] len error : ['名Ｅ', '名証ETF']
2026-05-25 11:21:58,287 [SKIP] len error : ['札Ａ', '札証アンビシャス']
2026-05-25 11:21:58,287 [SKIP] len error : ['福Ｑ', '福証Q-Board']
2026-05-25 11:21:58,287 [SKIP] len error : ['①', '高い', '1,000回以上', '13.9%']
2026-05-25 11:21:58,288 [SKIP] len error : ['②', 'やや高い', '400回〜1,000回', '18.5%']
2026-05-25 11:21:58,288 [SKIP] len error : ['③', '中位', '50回〜400回', '39.0%']
2026-05-25 11:21:58,288 [SKIP] len error : ['④', 'やや低い', '10回〜50回', '17.6%']
2026-05-25 11:21:58,288 [SKIP] len error : ['⑤', '低い', '10回未満', '11.0%']
2026-05-25 11:21:58,288 3840件 / ?件中 20:21
2026-05-25 11:21:58,334 [TOTAL] None
2026-05-25 11:21:58,334 [COUNT] 3840
2026-05-25 11:21:59,280 [PAGE] 193
2026-05-25 11:21:59,545 [SKIP] len error : ['東P', '東証プライム']
2026-05-25 11:21:59,545 [SKIP] len error : ['東S', '東証スタンダード']
2026-05-25 11:21:59,545 [SKIP] len error : ['東G', '東証グロース']
2026-05-25 11:21:59,545 [SKIP] len error : ['東Ｅ', '東証ETF']
2026-05-25 11:21:59,545 [SKIP] len error : ['東EN', '東証ETN']
2026-05-25 11:21:59,546 [SKIP] len error : ['東Ｒ', '東証REIT']
2026-05-25 11:21:59,546 [SKIP] len error : ['東IF', '東証インフラファンド']
2026-05-25 11:21:59,546 [SKIP] len error : ['名Ｐ', '名証プレミア']
2026-05-25 11:21:59,546 [SKIP] len error : ['名M', '名証メイン']
2026-05-25 11:21:59,546 [SKIP] len error : ['名N', '名証ネクスト']
2026-05-25 11:21:59,546 [SKIP] len error : ['名Ｅ', '名証ETF']
2026-05-25 11:21:59,546 [SKIP] len error : ['札Ａ', '札証アンビシャス']
2026-05-25 11:21:59,546 [SKIP] len error : ['福Ｑ', '福証Q-Board']
2026-05-25 11:21:59,546 [SKIP] len error : ['①', '高い', '1,000回以上', '13.9%']
2026-05-25 11:21:59,546 [SKIP] len error : ['②', 'やや高い', '400回〜1,000回', '18.5%']
2026-05-25 11:21:59,546 [SKIP] len error : ['③', '中位', '50回〜400回', '39.0%']
2026-05-25 11:21:59,546 [SKIP] len error : ['④', 'やや低い', '10回〜50回', '17.6%']
2026-05-25 11:21:59,546 [SKIP] len error : ['⑤', '低い', '10回未満', '11.0%']
2026-05-25 11:21:59,546 3860件 / ?件中 20:21
2026-05-25 11:21:59,592 [TOTAL] None
2026-05-25 11:21:59,592 [COUNT] 3860
2026-05-25 11:22:01,070 [PAGE] 194
2026-05-25 11:22:01,348 [SKIP] len error : ['東P', '東証プライム']
2026-05-25 11:22:01,348 [SKIP] len error : ['東S', '東証スタンダード']
2026-05-25 11:22:01,348 [SKIP] len error : ['東G', '東証グロース']
2026-05-25 11:22:01,348 [SKIP] len error : ['東Ｅ', '東証ETF']
2026-05-25 11:22:01,348 [SKIP] len error : ['東EN', '東証ETN']
2026-05-25 11:22:01,348 [SKIP] len error : ['東Ｒ', '東証REIT']
2026-05-25 11:22:01,348 [SKIP] len error : ['東IF', '東証インフラファンド']
2026-05-25 11:22:01,348 [SKIP] len error : ['名Ｐ', '名証プレミア']
2026-05-25 11:22:01,348 [SKIP] len error : ['名M', '名証メイン']
2026-05-25 11:22:01,348 [SKIP] len error : ['名N', '名証ネクスト']
2026-05-25 11:22:01,348 [SKIP] len error : ['名Ｅ', '名証ETF']
2026-05-25 11:22:01,348 [SKIP] len error : ['札Ａ', '札証アンビシャス']
2026-05-25 11:22:01,348 [SKIP] len error : ['福Ｑ', '福証Q-Board']
2026-05-25 11:22:01,348 [SKIP] len error : ['①', '高い', '1,000回以上', '13.9%']
2026-05-25 11:22:01,348 [SKIP] len error : ['②', 'やや高い', '400回〜1,000回', '18.5%']
2026-05-25 11:22:01,348 [SKIP] len error : ['③', '中位', '50回〜400回', '39.0%']
2026-05-25 11:22:01,348 [SKIP] len error : ['④', 'やや低い', '10回〜50回', '17.6%']
2026-05-25 11:22:01,348 [SKIP] len error : ['⑤', '低い', '10回未満', '11.0%']
2026-05-25 11:22:01,348 3880件 / ?件中 20:22
2026-05-25 11:22:01,394 [TOTAL] None
2026-05-25 11:22:01,394 [COUNT] 3880
2026-05-25 11:22:02,361 [PAGE] 195
2026-05-25 11:22:02,625 [SKIP] len error : ['東P', '東証プライム']
2026-05-25 11:22:02,625 [SKIP] len error : ['東S', '東証スタンダード']
2026-05-25 11:22:02,625 [SKIP] len error : ['東G', '東証グロース']
2026-05-25 11:22:02,625 [SKIP] len error : ['東Ｅ', '東証ETF']
2026-05-25 11:22:02,625 [SKIP] len error : ['東EN', '東証ETN']
2026-05-25 11:22:02,625 [SKIP] len error : ['東Ｒ', '東証REIT']
2026-05-25 11:22:02,625 [SKIP] len error : ['東IF', '東証インフラファンド']
2026-05-25 11:22:02,625 [SKIP] len error : ['名Ｐ', '名証プレミア']
2026-05-25 11:22:02,625 [SKIP] len error : ['名M', '名証メイン']
2026-05-25 11:22:02,625 [SKIP] len error : ['名N', '名証ネクスト']
2026-05-25 11:22:02,625 [SKIP] len error : ['名Ｅ', '名証ETF']
2026-05-25 11:22:02,625 [SKIP] len error : ['札Ａ', '札証アンビシャス']
2026-05-25 11:22:02,625 [SKIP] len error : ['福Ｑ', '福証Q-Board']
2026-05-25 11:22:02,625 [SKIP] len error : ['①', '高い', '1,000回以上', '13.9%']
2026-05-25 11:22:02,625 [SKIP] len error : ['②', 'やや高い', '400回〜1,000回', '18.5%']
2026-05-25 11:22:02,625 [SKIP] len error : ['③', '中位', '50回〜400回', '39.0%']
2026-05-25 11:22:02,625 [SKIP] len error : ['④', 'やや低い', '10回〜50回', '17.6%']
2026-05-25 11:22:02,625 [SKIP] len error : ['⑤', '低い', '10回未満', '11.0%']
2026-05-25 11:22:02,625 3900件 / ?件中 20:22
2026-05-25 11:22:02,671 [TOTAL] None
2026-05-25 11:22:02,671 [COUNT] 3900
2026-05-25 11:22:04,090 [PAGE] 196
2026-05-25 11:22:04,402 [SKIP] len error : ['東P', '東証プライム']
2026-05-25 11:22:04,402 [SKIP] len error : ['東S', '東証スタンダード']
2026-05-25 11:22:04,402 [SKIP] len error : ['東G', '東証グロース']
2026-05-25 11:22:04,402 [SKIP] len error : ['東Ｅ', '東証ETF']
2026-05-25 11:22:04,402 [SKIP] len error : ['東EN', '東証ETN']
2026-05-25 11:22:04,402 [SKIP] len error : ['東Ｒ', '東証REIT']
2026-05-25 11:22:04,402 [SKIP] len error : ['東IF', '東証インフラファンド']
2026-05-25 11:22:04,402 [SKIP] len error : ['名Ｐ', '名証プレミア']
2026-05-25 11:22:04,402 [SKIP] len error : ['名M', '名証メイン']
2026-05-25 11:22:04,402 [SKIP] len error : ['名N', '名証ネクスト']
2026-05-25 11:22:04,402 [SKIP] len error : ['名Ｅ', '名証ETF']
2026-05-25 11:22:04,402 [SKIP] len error : ['札Ａ', '札証アンビシャス']
2026-05-25 11:22:04,402 [SKIP] len error : ['福Ｑ', '福証Q-Board']
2026-05-25 11:22:04,402 [SKIP] len error : ['①', '高い', '1,000回以上', '13.9%']
2026-05-25 11:22:04,402 [SKIP] len error : ['②', 'やや高い', '400回〜1,000回', '18.5%']
2026-05-25 11:22:04,402 [SKIP] len error : ['③', '中位', '50回〜400回', '39.0%']
2026-05-25 11:22:04,402 [SKIP] len error : ['④', 'やや低い', '10回〜50回', '17.6%']
2026-05-25 11:22:04,402 [SKIP] len error : ['⑤', '低い', '10回未満', '11.0%']
2026-05-25 11:22:04,403 3920件 / ?件中 20:22
2026-05-25 11:22:04,448 [TOTAL] None
2026-05-25 11:22:04,448 [COUNT] 3920
2026-05-25 11:22:05,580 [PAGE] 197
2026-05-25 11:22:05,855 [SKIP] len error : ['東P', '東証プライム']
2026-05-25 11:22:05,855 [SKIP] len error : ['東S', '東証スタンダード']
2026-05-25 11:22:05,855 [SKIP] len error : ['東G', '東証グロース']
2026-05-25 11:22:05,855 [SKIP] len error : ['東Ｅ', '東証ETF']
2026-05-25 11:22:05,855 [SKIP] len error : ['東EN', '東証ETN']
2026-05-25 11:22:05,855 [SKIP] len error : ['東Ｒ', '東証REIT']
2026-05-25 11:22:05,855 [SKIP] len error : ['東IF', '東証インフラファンド']
2026-05-25 11:22:05,855 [SKIP] len error : ['名Ｐ', '名証プレミア']
2026-05-25 11:22:05,855 [SKIP] len error : ['名M', '名証メイン']
2026-05-25 11:22:05,855 [SKIP] len error : ['名N', '名証ネクスト']
2026-05-25 11:22:05,855 [SKIP] len error : ['名Ｅ', '名証ETF']
2026-05-25 11:22:05,855 [SKIP] len error : ['札Ａ', '札証アンビシャス']
2026-05-25 11:22:05,855 [SKIP] len error : ['福Ｑ', '福証Q-Board']
2026-05-25 11:22:05,855 [SKIP] len error : ['①', '高い', '1,000回以上', '13.9%']
2026-05-25 11:22:05,855 [SKIP] len error : ['②', 'やや高い', '400回〜1,000回', '18.5%']
2026-05-25 11:22:05,855 [SKIP] len error : ['③', '中位', '50回〜400回', '39.0%']
2026-05-25 11:22:05,855 [SKIP] len error : ['④', 'やや低い', '10回〜50回', '17.6%']
2026-05-25 11:22:05,855 [SKIP] len error : ['⑤', '低い', '10回未満', '11.0%']
2026-05-25 11:22:05,855 3940件 / ?件中 20:22
2026-05-25 11:22:05,902 [TOTAL] None
2026-05-25 11:22:05,902 [COUNT] 3940
2026-05-25 11:22:06,541 [PAGE] 198
2026-05-25 11:22:06,802 [SKIP] len error : ['東P', '東証プライム']
2026-05-25 11:22:06,803 [SKIP] len error : ['東S', '東証スタンダード']
2026-05-25 11:22:06,803 [SKIP] len error : ['東G', '東証グロース']
2026-05-25 11:22:06,803 [SKIP] len error : ['東Ｅ', '東証ETF']
2026-05-25 11:22:06,803 [SKIP] len error : ['東EN', '東証ETN']
2026-05-25 11:22:06,803 [SKIP] len error : ['東Ｒ', '東証REIT']
2026-05-25 11:22:06,803 [SKIP] len error : ['東IF', '東証インフラファンド']
2026-05-25 11:22:06,803 [SKIP] len error : ['名Ｐ', '名証プレミア']
2026-05-25 11:22:06,803 [SKIP] len error : ['名M', '名証メイン']
2026-05-25 11:22:06,803 [SKIP] len error : ['名N', '名証ネクスト']
2026-05-25 11:22:06,803 [SKIP] len error : ['名Ｅ', '名証ETF']
2026-05-25 11:22:06,803 [SKIP] len error : ['札Ａ', '札証アンビシャス']
2026-05-25 11:22:06,803 [SKIP] len error : ['福Ｑ', '福証Q-Board']
2026-05-25 11:22:06,803 [SKIP] len error : ['①', '高い', '1,000回以上', '13.9%']
2026-05-25 11:22:06,803 [SKIP] len error : ['②', 'やや高い', '400回〜1,000回', '18.5%']
2026-05-25 11:22:06,803 [SKIP] len error : ['③', '中位', '50回〜400回', '39.0%']
2026-05-25 11:22:06,803 [SKIP] len error : ['④', 'やや低い', '10回〜50回', '17.6%']
2026-05-25 11:22:06,803 [SKIP] len error : ['⑤', '低い', '10回未満', '11.0%']
2026-05-25 11:22:06,803 3960件 / ?件中 20:22
2026-05-25 11:22:06,849 [TOTAL] None
2026-05-25 11:22:06,849 [COUNT] 3960
2026-05-25 11:22:08,081 [PAGE] 199
2026-05-25 11:22:08,351 [SKIP] len error : ['東P', '東証プライム']
2026-05-25 11:22:08,351 [SKIP] len error : ['東S', '東証スタンダード']
2026-05-25 11:22:08,351 [SKIP] len error : ['東G', '東証グロース']
2026-05-25 11:22:08,352 [SKIP] len error : ['東Ｅ', '東証ETF']
2026-05-25 11:22:08,352 [SKIP] len error : ['東EN', '東証ETN']
2026-05-25 11:22:08,352 [SKIP] len error : ['東Ｒ', '東証REIT']
2026-05-25 11:22:08,352 [SKIP] len error : ['東IF', '東証インフラファンド']
2026-05-25 11:22:08,352 [SKIP] len error : ['名Ｐ', '名証プレミア']
2026-05-25 11:22:08,352 [SKIP] len error : ['名M', '名証メイン']
2026-05-25 11:22:08,352 [SKIP] len error : ['名N', '名証ネクスト']
2026-05-25 11:22:08,352 [SKIP] len error : ['名Ｅ', '名証ETF']
2026-05-25 11:22:08,352 [SKIP] len error : ['札Ａ', '札証アンビシャス']
2026-05-25 11:22:08,352 [SKIP] len error : ['福Ｑ', '福証Q-Board']
2026-05-25 11:22:08,352 [SKIP] len error : ['①', '高い', '1,000回以上', '13.9%']
2026-05-25 11:22:08,352 [SKIP] len error : ['②', 'やや高い', '400回〜1,000回', '18.5%']
2026-05-25 11:22:08,352 [SKIP] len error : ['③', '中位', '50回〜400回', '39.0%']
2026-05-25 11:22:08,352 [SKIP] len error : ['④', 'やや低い', '10回〜50回', '17.6%']
2026-05-25 11:22:08,352 [SKIP] len error : ['⑤', '低い', '10回未満', '11.0%']
2026-05-25 11:22:08,353 3980件 / ?件中 20:22
2026-05-25 11:22:08,401 [TOTAL] None
2026-05-25 11:22:08,401 [COUNT] 3980
2026-05-25 11:22:09,154 [PAGE] 200
2026-05-25 11:22:09,472 [SKIP] len error : ['東P', '東証プライム']
2026-05-25 11:22:09,472 [SKIP] len error : ['東S', '東証スタンダード']
2026-05-25 11:22:09,472 [SKIP] len error : ['東G', '東証グロース']
2026-05-25 11:22:09,472 [SKIP] len error : ['東Ｅ', '東証ETF']
2026-05-25 11:22:09,472 [SKIP] len error : ['東EN', '東証ETN']
2026-05-25 11:22:09,472 [SKIP] len error : ['東Ｒ', '東証REIT']
2026-05-25 11:22:09,472 [SKIP] len error : ['東IF', '東証インフラファンド']
2026-05-25 11:22:09,472 [SKIP] len error : ['名Ｐ', '名証プレミア']
2026-05-25 11:22:09,472 [SKIP] len error : ['名M', '名証メイン']
2026-05-25 11:22:09,472 [SKIP] len error : ['名N', '名証ネクスト']
2026-05-25 11:22:09,472 [SKIP] len error : ['名Ｅ', '名証ETF']
2026-05-25 11:22:09,472 [SKIP] len error : ['札Ａ', '札証アンビシャス']
2026-05-25 11:22:09,472 [SKIP] len error : ['福Ｑ', '福証Q-Board']
2026-05-25 11:22:09,473 [SKIP] len error : ['①', '高い', '1,000回以上', '13.9%']
2026-05-25 11:22:09,473 [SKIP] len error : ['②', 'やや高い', '400回〜1,000回', '18.5%']
2026-05-25 11:22:09,473 [SKIP] len error : ['③', '中位', '50回〜400回', '39.0%']
2026-05-25 11:22:09,473 [SKIP] len error : ['④', 'やや低い', '10回〜50回', '17.6%']
2026-05-25 11:22:09,473 [SKIP] len error : ['⑤', '低い', '10回未満', '11.0%']
2026-05-25 11:22:09,473 4000件 / ?件中 20:22
2026-05-25 11:22:09,518 [TOTAL] None
2026-05-25 11:22:09,518 [COUNT] 4000
2026-05-25 11:22:10,907 [SLEEP] 2000件到達 -> 185秒休憩
2026-05-25 11:25:15,907 [PAGE] 201
2026-05-25 11:25:16,573 [SKIP] len error : ['東P', '東証プライム']
2026-05-25 11:25:16,573 [SKIP] len error : ['東S', '東証スタンダード']
2026-05-25 11:25:16,573 [SKIP] len error : ['東G', '東証グロース']
2026-05-25 11:25:16,573 [SKIP] len error : ['東Ｅ', '東証ETF']
2026-05-25 11:25:16,573 [SKIP] len error : ['東EN', '東証ETN']
2026-05-25 11:25:16,573 [SKIP] len error : ['東Ｒ', '東証REIT']
2026-05-25 11:25:16,573 [SKIP] len error : ['東IF', '東証インフラファンド']
2026-05-25 11:25:16,573 [SKIP] len error : ['名Ｐ', '名証プレミア']
2026-05-25 11:25:16,573 [SKIP] len error : ['名M', '名証メイン']
2026-05-25 11:25:16,573 [SKIP] len error : ['名N', '名証ネクスト']
2026-05-25 11:25:16,573 [SKIP] len error : ['名Ｅ', '名証ETF']
2026-05-25 11:25:16,573 [SKIP] len error : ['札Ａ', '札証アンビシャス']
2026-05-25 11:25:16,573 [SKIP] len error : ['福Ｑ', '福証Q-Board']
2026-05-25 11:25:16,573 [SKIP] len error : ['①', '高い', '1,000回以上', '13.9%']
2026-05-25 11:25:16,573 [SKIP] len error : ['②', 'やや高い', '400回〜1,000回', '18.5%']
2026-05-25 11:25:16,573 [SKIP] len error : ['③', '中位', '50回〜400回', '39.0%']
2026-05-25 11:25:16,573 [SKIP] len error : ['④', 'やや低い', '10回〜50回', '17.6%']
2026-05-25 11:25:16,573 [SKIP] len error : ['⑤', '低い', '10回未満', '11.0%']
2026-05-25 11:25:16,574 4020件 / ?件中 20:25
2026-05-25 11:25:16,618 [TOTAL] None
2026-05-25 11:25:16,619 [COUNT] 4020
2026-05-25 11:25:17,405 [PAGE] 202
2026-05-25 11:25:17,670 [SKIP] len error : ['東P', '東証プライム']
2026-05-25 11:25:17,670 [SKIP] len error : ['東S', '東証スタンダード']
2026-05-25 11:25:17,670 [SKIP] len error : ['東G', '東証グロース']
2026-05-25 11:25:17,670 [SKIP] len error : ['東Ｅ', '東証ETF']
2026-05-25 11:25:17,670 [SKIP] len error : ['東EN', '東証ETN']
2026-05-25 11:25:17,670 [SKIP] len error : ['東Ｒ', '東証REIT']
2026-05-25 11:25:17,670 [SKIP] len error : ['東IF', '東証インフラファンド']
2026-05-25 11:25:17,670 [SKIP] len error : ['名Ｐ', '名証プレミア']
2026-05-25 11:25:17,670 [SKIP] len error : ['名M', '名証メイン']
2026-05-25 11:25:17,670 [SKIP] len error : ['名N', '名証ネクスト']
2026-05-25 11:25:17,670 [SKIP] len error : ['名Ｅ', '名証ETF']
2026-05-25 11:25:17,670 [SKIP] len error : ['札Ａ', '札証アンビシャス']
2026-05-25 11:25:17,670 [SKIP] len error : ['福Ｑ', '福証Q-Board']
2026-05-25 11:25:17,670 [SKIP] len error : ['①', '高い', '1,000回以上', '13.9%']
2026-05-25 11:25:17,670 [SKIP] len error : ['②', 'やや高い', '400回〜1,000回', '18.5%']
2026-05-25 11:25:17,670 [SKIP] len error : ['③', '中位', '50回〜400回', '39.0%']
2026-05-25 11:25:17,670 [SKIP] len error : ['④', 'やや低い', '10回〜50回', '17.6%']
2026-05-25 11:25:17,670 [SKIP] len error : ['⑤', '低い', '10回未満', '11.0%']
2026-05-25 11:25:17,671 4040件 / ?件中 20:25
2026-05-25 11:25:17,717 [TOTAL] None
2026-05-25 11:25:17,717 [COUNT] 4040
2026-05-25 11:25:18,247 [PAGE] 203
2026-05-25 11:25:18,525 [SKIP] len error : ['東P', '東証プライム']
2026-05-25 11:25:18,525 [SKIP] len error : ['東S', '東証スタンダード']
2026-05-25 11:25:18,525 [SKIP] len error : ['東G', '東証グロース']
2026-05-25 11:25:18,525 [SKIP] len error : ['東Ｅ', '東証ETF']
2026-05-25 11:25:18,525 [SKIP] len error : ['東EN', '東証ETN']
2026-05-25 11:25:18,525 [SKIP] len error : ['東Ｒ', '東証REIT']
2026-05-25 11:25:18,526 [SKIP] len error : ['東IF', '東証インフラファンド']
2026-05-25 11:25:18,526 [SKIP] len error : ['名Ｐ', '名証プレミア']
2026-05-25 11:25:18,526 [SKIP] len error : ['名M', '名証メイン']
2026-05-25 11:25:18,526 [SKIP] len error : ['名N', '名証ネクスト']
2026-05-25 11:25:18,526 [SKIP] len error : ['名Ｅ', '名証ETF']
2026-05-25 11:25:18,526 [SKIP] len error : ['札Ａ', '札証アンビシャス']
2026-05-25 11:25:18,526 [SKIP] len error : ['福Ｑ', '福証Q-Board']
2026-05-25 11:25:18,526 [SKIP] len error : ['①', '高い', '1,000回以上', '13.9%']
2026-05-25 11:25:18,526 [SKIP] len error : ['②', 'やや高い', '400回〜1,000回', '18.5%']
2026-05-25 11:25:18,526 [SKIP] len error : ['③', '中位', '50回〜400回', '39.0%']
2026-05-25 11:25:18,526 [SKIP] len error : ['④', 'やや低い', '10回〜50回', '17.6%']
2026-05-25 11:25:18,526 [SKIP] len error : ['⑤', '低い', '10回未満', '11.0%']
2026-05-25 11:25:18,526 4060件 / ?件中 20:25
2026-05-25 11:25:18,571 [TOTAL] None
2026-05-25 11:25:18,571 [COUNT] 4060
2026-05-25 11:25:19,984 [PAGE] 204
2026-05-25 11:25:20,265 [SKIP] len error : ['東P', '東証プライム']
2026-05-25 11:25:20,265 [SKIP] len error : ['東S', '東証スタンダード']
2026-05-25 11:25:20,265 [SKIP] len error : ['東G', '東証グロース']
2026-05-25 11:25:20,265 [SKIP] len error : ['東Ｅ', '東証ETF']
2026-05-25 11:25:20,265 [SKIP] len error : ['東EN', '東証ETN']
2026-05-25 11:25:20,265 [SKIP] len error : ['東Ｒ', '東証REIT']
2026-05-25 11:25:20,265 [SKIP] len error : ['東IF', '東証インフラファンド']
2026-05-25 11:25:20,265 [SKIP] len error : ['名Ｐ', '名証プレミア']
2026-05-25 11:25:20,265 [SKIP] len error : ['名M', '名証メイン']
2026-05-25 11:25:20,265 [SKIP] len error : ['名N', '名証ネクスト']
2026-05-25 11:25:20,265 [SKIP] len error : ['名Ｅ', '名証ETF']
2026-05-25 11:25:20,265 [SKIP] len error : ['札Ａ', '札証アンビシャス']
2026-05-25 11:25:20,265 [SKIP] len error : ['福Ｑ', '福証Q-Board']
2026-05-25 11:25:20,265 [SKIP] len error : ['①', '高い', '1,000回以上', '13.9%']
2026-05-25 11:25:20,265 [SKIP] len error : ['②', 'やや高い', '400回〜1,000回', '18.5%']
2026-05-25 11:25:20,265 [SKIP] len error : ['③', '中位', '50回〜400回', '39.0%']
2026-05-25 11:25:20,265 [SKIP] len error : ['④', 'やや低い', '10回〜50回', '17.6%']
2026-05-25 11:25:20,265 [SKIP] len error : ['⑤', '低い', '10回未満', '11.0%']
2026-05-25 11:25:20,266 4080件 / ?件中 20:25
2026-05-25 11:25:20,312 [TOTAL] None
2026-05-25 11:25:20,312 [COUNT] 4080
2026-05-25 11:25:21,788 [PAGE] 205
2026-05-25 11:25:22,036 [SKIP] len error : ['東P', '東証プライム']
2026-05-25 11:25:22,036 [SKIP] len error : ['東S', '東証スタンダード']
2026-05-25 11:25:22,036 [SKIP] len error : ['東G', '東証グロース']
2026-05-25 11:25:22,036 [SKIP] len error : ['東Ｅ', '東証ETF']
2026-05-25 11:25:22,036 [SKIP] len error : ['東EN', '東証ETN']
2026-05-25 11:25:22,036 [SKIP] len error : ['東Ｒ', '東証REIT']
2026-05-25 11:25:22,036 [SKIP] len error : ['東IF', '東証インフラファンド']
2026-05-25 11:25:22,036 [SKIP] len error : ['名Ｐ', '名証プレミア']
2026-05-25 11:25:22,036 [SKIP] len error : ['名M', '名証メイン']
2026-05-25 11:25:22,036 [SKIP] len error : ['名N', '名証ネクスト']
2026-05-25 11:25:22,036 [SKIP] len error : ['名Ｅ', '名証ETF']
2026-05-25 11:25:22,036 [SKIP] len error : ['札Ａ', '札証アンビシャス']
2026-05-25 11:25:22,036 [SKIP] len error : ['福Ｑ', '福証Q-Board']
2026-05-25 11:25:22,036 [SKIP] len error : ['①', '高い', '1,000回以上', '13.9%']
2026-05-25 11:25:22,036 [SKIP] len error : ['②', 'やや高い', '400回〜1,000回', '18.5%']
2026-05-25 11:25:22,036 [SKIP] len error : ['③', '中位', '50回〜400回', '39.0%']
2026-05-25 11:25:22,036 [SKIP] len error : ['④', 'やや低い', '10回〜50回', '17.6%']
2026-05-25 11:25:22,037 [SKIP] len error : ['⑤', '低い', '10回未満', '11.0%']
2026-05-25 11:25:22,037 4100件 / ?件中 20:25
2026-05-25 11:25:22,120 [TOTAL] None
2026-05-25 11:25:22,120 [COUNT] 4100
2026-05-25 11:25:23,337 [PAGE] 206
2026-05-25 11:25:23,607 [SKIP] len error : ['東P', '東証プライム']
2026-05-25 11:25:23,608 [SKIP] len error : ['東S', '東証スタンダード']
2026-05-25 11:25:23,608 [SKIP] len error : ['東G', '東証グロース']
2026-05-25 11:25:23,608 [SKIP] len error : ['東Ｅ', '東証ETF']
2026-05-25 11:25:23,608 [SKIP] len error : ['東EN', '東証ETN']
2026-05-25 11:25:23,608 [SKIP] len error : ['東Ｒ', '東証REIT']
2026-05-25 11:25:23,608 [SKIP] len error : ['東IF', '東証インフラファンド']
2026-05-25 11:25:23,608 [SKIP] len error : ['名Ｐ', '名証プレミア']
2026-05-25 11:25:23,608 [SKIP] len error : ['名M', '名証メイン']
2026-05-25 11:25:23,608 [SKIP] len error : ['名N', '名証ネクスト']
2026-05-25 11:25:23,608 [SKIP] len error : ['名Ｅ', '名証ETF']
2026-05-25 11:25:23,608 [SKIP] len error : ['札Ａ', '札証アンビシャス']
2026-05-25 11:25:23,608 [SKIP] len error : ['福Ｑ', '福証Q-Board']
2026-05-25 11:25:23,608 [SKIP] len error : ['①', '高い', '1,000回以上', '13.9%']
2026-05-25 11:25:23,608 [SKIP] len error : ['②', 'やや高い', '400回〜1,000回', '18.5%']
2026-05-25 11:25:23,608 [SKIP] len error : ['③', '中位', '50回〜400回', '39.0%']
2026-05-25 11:25:23,608 [SKIP] len error : ['④', 'やや低い', '10回〜50回', '17.6%']
2026-05-25 11:25:23,608 [SKIP] len error : ['⑤', '低い', '10回未満', '11.0%']
2026-05-25 11:25:23,608 4120件 / ?件中 20:25
2026-05-25 11:25:23,654 [TOTAL] None
2026-05-25 11:25:23,654 [COUNT] 4120
2026-05-25 11:25:24,760 [PAGE] 207
2026-05-25 11:25:25,016 [SKIP] len error : ['東P', '東証プライム']
2026-05-25 11:25:25,016 [SKIP] len error : ['東S', '東証スタンダード']
2026-05-25 11:25:25,017 [SKIP] len error : ['東G', '東証グロース']
2026-05-25 11:25:25,017 [SKIP] len error : ['東Ｅ', '東証ETF']
2026-05-25 11:25:25,017 [SKIP] len error : ['東EN', '東証ETN']
2026-05-25 11:25:25,017 [SKIP] len error : ['東Ｒ', '東証REIT']
2026-05-25 11:25:25,017 [SKIP] len error : ['東IF', '東証インフラファンド']
2026-05-25 11:25:25,017 [SKIP] len error : ['名Ｐ', '名証プレミア']
2026-05-25 11:25:25,017 [SKIP] len error : ['名M', '名証メイン']
2026-05-25 11:25:25,017 [SKIP] len error : ['名N', '名証ネクスト']
2026-05-25 11:25:25,017 [SKIP] len error : ['名Ｅ', '名証ETF']
2026-05-25 11:25:25,017 [SKIP] len error : ['札Ａ', '札証アンビシャス']
2026-05-25 11:25:25,017 [SKIP] len error : ['福Ｑ', '福証Q-Board']
2026-05-25 11:25:25,017 [SKIP] len error : ['①', '高い', '1,000回以上', '13.9%']
2026-05-25 11:25:25,017 [SKIP] len error : ['②', 'やや高い', '400回〜1,000回', '18.5%']
2026-05-25 11:25:25,017 [SKIP] len error : ['③', '中位', '50回〜400回', '39.0%']
2026-05-25 11:25:25,017 [SKIP] len error : ['④', 'やや低い', '10回〜50回', '17.6%']
2026-05-25 11:25:25,017 [SKIP] len error : ['⑤', '低い', '10回未満', '11.0%']
2026-05-25 11:25:25,018 4140件 / ?件中 20:25
2026-05-25 11:25:25,066 [TOTAL] None
2026-05-25 11:25:25,066 [COUNT] 4140
2026-05-25 11:25:25,653 [PAGE] 208
2026-05-25 11:25:25,921 [SKIP] len error : ['東P', '東証プライム']
2026-05-25 11:25:25,921 [SKIP] len error : ['東S', '東証スタンダード']
2026-05-25 11:25:25,921 [SKIP] len error : ['東G', '東証グロース']
2026-05-25 11:25:25,921 [SKIP] len error : ['東Ｅ', '東証ETF']
2026-05-25 11:25:25,921 [SKIP] len error : ['東EN', '東証ETN']
2026-05-25 11:25:25,921 [SKIP] len error : ['東Ｒ', '東証REIT']
2026-05-25 11:25:25,921 [SKIP] len error : ['東IF', '東証インフラファンド']
2026-05-25 11:25:25,921 [SKIP] len error : ['名Ｐ', '名証プレミア']
2026-05-25 11:25:25,921 [SKIP] len error : ['名M', '名証メイン']
2026-05-25 11:25:25,921 [SKIP] len error : ['名N', '名証ネクスト']
2026-05-25 11:25:25,921 [SKIP] len error : ['名Ｅ', '名証ETF']
2026-05-25 11:25:25,921 [SKIP] len error : ['札Ａ', '札証アンビシャス']
2026-05-25 11:25:25,921 [SKIP] len error : ['福Ｑ', '福証Q-Board']
2026-05-25 11:25:25,921 [SKIP] len error : ['①', '高い', '1,000回以上', '13.9%']
2026-05-25 11:25:25,921 [SKIP] len error : ['②', 'やや高い', '400回〜1,000回', '18.5%']
2026-05-25 11:25:25,921 [SKIP] len error : ['③', '中位', '50回〜400回', '39.0%']
2026-05-25 11:25:25,921 [SKIP] len error : ['④', 'やや低い', '10回〜50回', '17.6%']
2026-05-25 11:25:25,921 [SKIP] len error : ['⑤', '低い', '10回未満', '11.0%']
2026-05-25 11:25:25,922 4160件 / ?件中 20:25
2026-05-25 11:25:25,967 [TOTAL] None
2026-05-25 11:25:25,967 [COUNT] 4160
2026-05-25 11:25:27,090 [PAGE] 209
2026-05-25 11:25:27,339 [SKIP] len error : ['東P', '東証プライム']
2026-05-25 11:25:27,339 [SKIP] len error : ['東S', '東証スタンダード']
2026-05-25 11:25:27,339 [SKIP] len error : ['東G', '東証グロース']
2026-05-25 11:25:27,339 [SKIP] len error : ['東Ｅ', '東証ETF']
2026-05-25 11:25:27,339 [SKIP] len error : ['東EN', '東証ETN']
2026-05-25 11:25:27,339 [SKIP] len error : ['東Ｒ', '東証REIT']
2026-05-25 11:25:27,339 [SKIP] len error : ['東IF', '東証インフラファンド']
2026-05-25 11:25:27,339 [SKIP] len error : ['名Ｐ', '名証プレミア']
2026-05-25 11:25:27,339 [SKIP] len error : ['名M', '名証メイン']
2026-05-25 11:25:27,339 [SKIP] len error : ['名N', '名証ネクスト']
2026-05-25 11:25:27,339 [SKIP] len error : ['名Ｅ', '名証ETF']
2026-05-25 11:25:27,339 [SKIP] len error : ['札Ａ', '札証アンビシャス']
2026-05-25 11:25:27,339 [SKIP] len error : ['福Ｑ', '福証Q-Board']
2026-05-25 11:25:27,340 [SKIP] len error : ['①', '高い', '1,000回以上', '13.9%']
2026-05-25 11:25:27,340 [SKIP] len error : ['②', 'やや高い', '400回〜1,000回', '18.5%']
2026-05-25 11:25:27,340 [SKIP] len error : ['③', '中位', '50回〜400回', '39.0%']
2026-05-25 11:25:27,340 [SKIP] len error : ['④', 'やや低い', '10回〜50回', '17.6%']
2026-05-25 11:25:27,340 [SKIP] len error : ['⑤', '低い', '10回未満', '11.0%']
2026-05-25 11:25:27,340 4180件 / ?件中 20:25
2026-05-25 11:25:27,385 [TOTAL] None
2026-05-25 11:25:27,385 [COUNT] 4180
2026-05-25 11:25:28,488 [PAGE] 210
2026-05-25 11:25:28,742 [SKIP] len error : ['東P', '東証プライム']
2026-05-25 11:25:28,742 [SKIP] len error : ['東S', '東証スタンダード']
2026-05-25 11:25:28,742 [SKIP] len error : ['東G', '東証グロース']
2026-05-25 11:25:28,742 [SKIP] len error : ['東Ｅ', '東証ETF']
2026-05-25 11:25:28,742 [SKIP] len error : ['東EN', '東証ETN']
2026-05-25 11:25:28,742 [SKIP] len error : ['東Ｒ', '東証REIT']
2026-05-25 11:25:28,742 [SKIP] len error : ['東IF', '東証インフラファンド']
2026-05-25 11:25:28,742 [SKIP] len error : ['名Ｐ', '名証プレミア']
2026-05-25 11:25:28,742 [SKIP] len error : ['名M', '名証メイン']
2026-05-25 11:25:28,742 [SKIP] len error : ['名N', '名証ネクスト']
2026-05-25 11:25:28,742 [SKIP] len error : ['名Ｅ', '名証ETF']
2026-05-25 11:25:28,742 [SKIP] len error : ['札Ａ', '札証アンビシャス']
2026-05-25 11:25:28,742 [SKIP] len error : ['福Ｑ', '福証Q-Board']
2026-05-25 11:25:28,742 [SKIP] len error : ['①', '高い', '1,000回以上', '13.9%']
2026-05-25 11:25:28,742 [SKIP] len error : ['②', 'やや高い', '400回〜1,000回', '18.5%']
2026-05-25 11:25:28,742 [SKIP] len error : ['③', '中位', '50回〜400回', '39.0%']
2026-05-25 11:25:28,742 [SKIP] len error : ['④', 'やや低い', '10回〜50回', '17.6%']
2026-05-25 11:25:28,742 [SKIP] len error : ['⑤', '低い', '10回未満', '11.0%']
2026-05-25 11:25:28,743 4200件 / ?件中 20:25
2026-05-25 11:25:28,826 [TOTAL] None
2026-05-25 11:25:28,826 [COUNT] 4200
2026-05-25 11:25:29,817 [PAGE] 211
2026-05-25 11:25:30,066 [SKIP] len error : ['東P', '東証プライム']
2026-05-25 11:25:30,066 [SKIP] len error : ['東S', '東証スタンダード']
2026-05-25 11:25:30,067 [SKIP] len error : ['東G', '東証グロース']
2026-05-25 11:25:30,067 [SKIP] len error : ['東Ｅ', '東証ETF']
2026-05-25 11:25:30,067 [SKIP] len error : ['東EN', '東証ETN']
2026-05-25 11:25:30,067 [SKIP] len error : ['東Ｒ', '東証REIT']
2026-05-25 11:25:30,067 [SKIP] len error : ['東IF', '東証インフラファンド']
2026-05-25 11:25:30,067 [SKIP] len error : ['名Ｐ', '名証プレミア']
2026-05-25 11:25:30,067 [SKIP] len error : ['名M', '名証メイン']
2026-05-25 11:25:30,067 [SKIP] len error : ['名N', '名証ネクスト']
2026-05-25 11:25:30,067 [SKIP] len error : ['名Ｅ', '名証ETF']
2026-05-25 11:25:30,067 [SKIP] len error : ['札Ａ', '札証アンビシャス']
2026-05-25 11:25:30,067 [SKIP] len error : ['福Ｑ', '福証Q-Board']
2026-05-25 11:25:30,067 [SKIP] len error : ['①', '高い', '1,000回以上', '13.9%']
2026-05-25 11:25:30,067 [SKIP] len error : ['②', 'やや高い', '400回〜1,000回', '18.5%']
2026-05-25 11:25:30,067 [SKIP] len error : ['③', '中位', '50回〜400回', '39.0%']
2026-05-25 11:25:30,067 [SKIP] len error : ['④', 'やや低い', '10回〜50回', '17.6%']
2026-05-25 11:25:30,067 [SKIP] len error : ['⑤', '低い', '10回未満', '11.0%']
2026-05-25 11:25:30,067 4205件 / ?件中 20:25
2026-05-25 11:25:30,099 [TOTAL] None
2026-05-25 11:25:30,099 [COUNT] 4205
2026-05-25 11:25:31,161 [PAGE] 212
2026-05-25 11:25:31,388 [SKIP] len error : ['東P', '東証プライム']
2026-05-25 11:25:31,388 [SKIP] len error : ['東S', '東証スタンダード']
2026-05-25 11:25:31,388 [SKIP] len error : ['東G', '東証グロース']
2026-05-25 11:25:31,388 [SKIP] len error : ['東Ｅ', '東証ETF']
2026-05-25 11:25:31,388 [SKIP] len error : ['東EN', '東証ETN']
2026-05-25 11:25:31,388 [SKIP] len error : ['東Ｒ', '東証REIT']
2026-05-25 11:25:31,388 [SKIP] len error : ['東IF', '東証インフラファンド']
2026-05-25 11:25:31,388 [SKIP] len error : ['名Ｐ', '名証プレミア']
2026-05-25 11:25:31,388 [SKIP] len error : ['名M', '名証メイン']
2026-05-25 11:25:31,388 [SKIP] len error : ['名N', '名証ネクスト']
2026-05-25 11:25:31,388 [SKIP] len error : ['名Ｅ', '名証ETF']
2026-05-25 11:25:31,388 [SKIP] len error : ['札Ａ', '札証アンビシャス']
2026-05-25 11:25:31,388 [SKIP] len error : ['福Ｑ', '福証Q-Board']
2026-05-25 11:25:31,388 [SKIP] len error : ['①', '高い', '1,000回以上', '13.9%']
2026-05-25 11:25:31,388 [SKIP] len error : ['②', 'やや高い', '400回〜1,000回', '18.5%']
2026-05-25 11:25:31,388 [SKIP] len error : ['③', '中位', '50回〜400回', '39.0%']
2026-05-25 11:25:31,388 [SKIP] len error : ['④', 'やや低い', '10回〜50回', '17.6%']
2026-05-25 11:25:31,388 [SKIP] len error : ['⑤', '低い', '10回未満', '11.0%']
2026-05-25 11:25:31,388 [STOP] no data
2026-05-25 11:25:31,398 ===== END 20:25 =====
2026-05-25 11:25:31,398 [FILE] output/trading_value_ranking_20260525.csv
2026-05-25 11:25:31,398 [ROWS] 4205
2026-05-25 11:25:31,398 [TIME] 10分
