2026-05-27 09:39:09,760 start 2026/05/27 18:39
2026-05-27 09:39:09,760 ===== START 18:39 =====
2026-05-27 09:39:09,760 [PAGE] 1
2026-05-27 09:39:10,449 [SKIP] len error : ['東P', '東証プライム']
2026-05-27 09:39:10,449 [SKIP] len error : ['東S', '東証スタンダード']
2026-05-27 09:39:10,449 [SKIP] len error : ['東G', '東証グロース']
2026-05-27 09:39:10,450 [SKIP] len error : ['東Ｅ', '東証ETF']
2026-05-27 09:39:10,450 [SKIP] len error : ['東EN', '東証ETN']
2026-05-27 09:39:10,450 [SKIP] len error : ['東Ｒ', '東証REIT']
2026-05-27 09:39:10,450 [SKIP] len error : ['東IF', '東証インフラファンド']
2026-05-27 09:39:10,450 [SKIP] len error : ['名Ｐ', '名証プレミア']
2026-05-27 09:39:10,450 [SKIP] len error : ['名M', '名証メイン']
2026-05-27 09:39:10,450 [SKIP] len error : ['名N', '名証ネクスト']
2026-05-27 09:39:10,450 [SKIP] len error : ['名Ｅ', '名証ETF']
2026-05-27 09:39:10,450 [SKIP] len error : ['札Ａ', '札証アンビシャス']
2026-05-27 09:39:10,450 [SKIP] len error : ['福Ｑ', '福証Q-Board']
2026-05-27 09:39:10,450 [SKIP] len error : ['①', '高い', '1,000回以上', '13.9%']
2026-05-27 09:39:10,450 [SKIP] len error : ['②', 'やや高い', '400回〜1,000回', '18.5%']
2026-05-27 09:39:10,450 [SKIP] len error : ['③', '中位', '50回〜400回', '39.0%']
2026-05-27 09:39:10,450 [SKIP] len error : ['④', 'やや低い', '10回〜50回', '17.6%']
2026-05-27 09:39:10,450 [SKIP] len error : ['⑤', '低い', '10回未満', '11.0%']
2026-05-27 09:39:10,450 20件 / ?件中 18:39
2026-05-27 09:39:10,486 [TOTAL] None
2026-05-27 09:39:10,486 [COUNT] 20
2026-05-27 09:39:11,838 [PAGE] 2
2026-05-27 09:39:12,114 [SKIP] len error : ['東P', '東証プライム']
2026-05-27 09:39:12,114 [SKIP] len error : ['東S', '東証スタンダード']
2026-05-27 09:39:12,114 [SKIP] len error : ['東G', '東証グロース']
2026-05-27 09:39:12,114 [SKIP] len error : ['東Ｅ', '東証ETF']
2026-05-27 09:39:12,114 [SKIP] len error : ['東EN', '東証ETN']
2026-05-27 09:39:12,114 [SKIP] len error : ['東Ｒ', '東証REIT']
2026-05-27 09:39:12,114 [SKIP] len error : ['東IF', '東証インフラファンド']
2026-05-27 09:39:12,114 [SKIP] len error : ['名Ｐ', '名証プレミア']
2026-05-27 09:39:12,114 [SKIP] len error : ['名M', '名証メイン']
2026-05-27 09:39:12,114 [SKIP] len error : ['名N', '名証ネクスト']
2026-05-27 09:39:12,114 [SKIP] len error : ['名Ｅ', '名証ETF']
2026-05-27 09:39:12,114 [SKIP] len error : ['札Ａ', '札証アンビシャス']
2026-05-27 09:39:12,114 [SKIP] len error : ['福Ｑ', '福証Q-Board']
2026-05-27 09:39:12,114 [SKIP] len error : ['①', '高い', '1,000回以上', '13.9%']
2026-05-27 09:39:12,115 [SKIP] len error : ['②', 'やや高い', '400回〜1,000回', '18.5%']
2026-05-27 09:39:12,115 [SKIP] len error : ['③', '中位', '50回〜400回', '39.0%']
2026-05-27 09:39:12,115 [SKIP] len error : ['④', 'やや低い', '10回〜50回', '17.6%']
2026-05-27 09:39:12,115 [SKIP] len error : ['⑤', '低い', '10回未満', '11.0%']
2026-05-27 09:39:12,115 40件 / ?件中 18:39
2026-05-27 09:39:12,148 [TOTAL] None
2026-05-27 09:39:12,149 [COUNT] 40
2026-05-27 09:39:12,689 [PAGE] 3
2026-05-27 09:39:12,972 [SKIP] len error : ['東P', '東証プライム']
2026-05-27 09:39:12,972 [SKIP] len error : ['東S', '東証スタンダード']
2026-05-27 09:39:12,972 [SKIP] len error : ['東G', '東証グロース']
2026-05-27 09:39:12,972 [SKIP] len error : ['東Ｅ', '東証ETF']
2026-05-27 09:39:12,972 [SKIP] len error : ['東EN', '東証ETN']
2026-05-27 09:39:12,972 [SKIP] len error : ['東Ｒ', '東証REIT']
2026-05-27 09:39:12,972 [SKIP] len error : ['東IF', '東証インフラファンド']
2026-05-27 09:39:12,972 [SKIP] len error : ['名Ｐ', '名証プレミア']
2026-05-27 09:39:12,972 [SKIP] len error : ['名M', '名証メイン']
2026-05-27 09:39:12,972 [SKIP] len error : ['名N', '名証ネクスト']
2026-05-27 09:39:12,972 [SKIP] len error : ['名Ｅ', '名証ETF']
2026-05-27 09:39:12,972 [SKIP] len error : ['札Ａ', '札証アンビシャス']
2026-05-27 09:39:12,972 [SKIP] len error : ['福Ｑ', '福証Q-Board']
2026-05-27 09:39:12,972 [SKIP] len error : ['①', '高い', '1,000回以上', '13.9%']
2026-05-27 09:39:12,972 [SKIP] len error : ['②', 'やや高い', '400回〜1,000回', '18.5%']
2026-05-27 09:39:12,972 [SKIP] len error : ['③', '中位', '50回〜400回', '39.0%']
2026-05-27 09:39:12,972 [SKIP] len error : ['④', 'やや低い', '10回〜50回', '17.6%']
2026-05-27 09:39:12,972 [SKIP] len error : ['⑤', '低い', '10回未満', '11.0%']
2026-05-27 09:39:12,973 60件 / ?件中 18:39
2026-05-27 09:39:13,007 [TOTAL] None
2026-05-27 09:39:13,007 [COUNT] 60
2026-05-27 09:39:14,333 [PAGE] 4
2026-05-27 09:39:14,590 [SKIP] len error : ['東P', '東証プライム']
2026-05-27 09:39:14,590 [SKIP] len error : ['東S', '東証スタンダード']
2026-05-27 09:39:14,590 [SKIP] len error : ['東G', '東証グロース']
2026-05-27 09:39:14,590 [SKIP] len error : ['東Ｅ', '東証ETF']
2026-05-27 09:39:14,590 [SKIP] len error : ['東EN', '東証ETN']
2026-05-27 09:39:14,590 [SKIP] len error : ['東Ｒ', '東証REIT']
2026-05-27 09:39:14,590 [SKIP] len error : ['東IF', '東証インフラファンド']
2026-05-27 09:39:14,590 [SKIP] len error : ['名Ｐ', '名証プレミア']
2026-05-27 09:39:14,590 [SKIP] len error : ['名M', '名証メイン']
2026-05-27 09:39:14,590 [SKIP] len error : ['名N', '名証ネクスト']
2026-05-27 09:39:14,590 [SKIP] len error : ['名Ｅ', '名証ETF']
2026-05-27 09:39:14,590 [SKIP] len error : ['札Ａ', '札証アンビシャス']
2026-05-27 09:39:14,590 [SKIP] len error : ['福Ｑ', '福証Q-Board']
2026-05-27 09:39:14,590 [SKIP] len error : ['①', '高い', '1,000回以上', '13.9%']
2026-05-27 09:39:14,590 [SKIP] len error : ['②', 'やや高い', '400回〜1,000回', '18.5%']
2026-05-27 09:39:14,590 [SKIP] len error : ['③', '中位', '50回〜400回', '39.0%']
2026-05-27 09:39:14,590 [SKIP] len error : ['④', 'やや低い', '10回〜50回', '17.6%']
2026-05-27 09:39:14,591 [SKIP] len error : ['⑤', '低い', '10回未満', '11.0%']
2026-05-27 09:39:14,591 80件 / ?件中 18:39
2026-05-27 09:39:14,626 [TOTAL] None
2026-05-27 09:39:14,626 [COUNT] 80
2026-05-27 09:39:15,191 [PAGE] 5
2026-05-27 09:39:15,449 [SKIP] len error : ['東P', '東証プライム']
2026-05-27 09:39:15,449 [SKIP] len error : ['東S', '東証スタンダード']
2026-05-27 09:39:15,449 [SKIP] len error : ['東G', '東証グロース']
2026-05-27 09:39:15,449 [SKIP] len error : ['東Ｅ', '東証ETF']
2026-05-27 09:39:15,449 [SKIP] len error : ['東EN', '東証ETN']
2026-05-27 09:39:15,449 [SKIP] len error : ['東Ｒ', '東証REIT']
2026-05-27 09:39:15,449 [SKIP] len error : ['東IF', '東証インフラファンド']
2026-05-27 09:39:15,450 [SKIP] len error : ['名Ｐ', '名証プレミア']
2026-05-27 09:39:15,450 [SKIP] len error : ['名M', '名証メイン']
2026-05-27 09:39:15,450 [SKIP] len error : ['名N', '名証ネクスト']
2026-05-27 09:39:15,450 [SKIP] len error : ['名Ｅ', '名証ETF']
2026-05-27 09:39:15,450 [SKIP] len error : ['札Ａ', '札証アンビシャス']
2026-05-27 09:39:15,450 [SKIP] len error : ['福Ｑ', '福証Q-Board']
2026-05-27 09:39:15,450 [SKIP] len error : ['①', '高い', '1,000回以上', '13.9%']
2026-05-27 09:39:15,450 [SKIP] len error : ['②', 'やや高い', '400回〜1,000回', '18.5%']
2026-05-27 09:39:15,450 [SKIP] len error : ['③', '中位', '50回〜400回', '39.0%']
2026-05-27 09:39:15,450 [SKIP] len error : ['④', 'やや低い', '10回〜50回', '17.6%']
2026-05-27 09:39:15,450 [SKIP] len error : ['⑤', '低い', '10回未満', '11.0%']
2026-05-27 09:39:15,450 100件 / ?件中 18:39
2026-05-27 09:39:15,484 [TOTAL] None
2026-05-27 09:39:15,484 [COUNT] 100
2026-05-27 09:39:16,702 [PAGE] 6
2026-05-27 09:39:16,965 [SKIP] len error : ['東P', '東証プライム']
2026-05-27 09:39:16,966 [SKIP] len error : ['東S', '東証スタンダード']
2026-05-27 09:39:16,966 [SKIP] len error : ['東G', '東証グロース']
2026-05-27 09:39:16,966 [SKIP] len error : ['東Ｅ', '東証ETF']
2026-05-27 09:39:16,966 [SKIP] len error : ['東EN', '東証ETN']
2026-05-27 09:39:16,966 [SKIP] len error : ['東Ｒ', '東証REIT']
2026-05-27 09:39:16,966 [SKIP] len error : ['東IF', '東証インフラファンド']
2026-05-27 09:39:16,966 [SKIP] len error : ['名Ｐ', '名証プレミア']
2026-05-27 09:39:16,966 [SKIP] len error : ['名M', '名証メイン']
2026-05-27 09:39:16,966 [SKIP] len error : ['名N', '名証ネクスト']
2026-05-27 09:39:16,966 [SKIP] len error : ['名Ｅ', '名証ETF']
2026-05-27 09:39:16,966 [SKIP] len error : ['札Ａ', '札証アンビシャス']
2026-05-27 09:39:16,966 [SKIP] len error : ['福Ｑ', '福証Q-Board']
2026-05-27 09:39:16,966 [SKIP] len error : ['①', '高い', '1,000回以上', '13.9%']
2026-05-27 09:39:16,966 [SKIP] len error : ['②', 'やや高い', '400回〜1,000回', '18.5%']
2026-05-27 09:39:16,966 [SKIP] len error : ['③', '中位', '50回〜400回', '39.0%']
2026-05-27 09:39:16,966 [SKIP] len error : ['④', 'やや低い', '10回〜50回', '17.6%']
2026-05-27 09:39:16,966 [SKIP] len error : ['⑤', '低い', '10回未満', '11.0%']
2026-05-27 09:39:16,966 120件 / ?件中 18:39
2026-05-27 09:39:17,003 [TOTAL] None
2026-05-27 09:39:17,003 [COUNT] 120
2026-05-27 09:39:17,930 [PAGE] 7
2026-05-27 09:39:18,221 [SKIP] len error : ['東P', '東証プライム']
2026-05-27 09:39:18,221 [SKIP] len error : ['東S', '東証スタンダード']
2026-05-27 09:39:18,221 [SKIP] len error : ['東G', '東証グロース']
2026-05-27 09:39:18,221 [SKIP] len error : ['東Ｅ', '東証ETF']
2026-05-27 09:39:18,221 [SKIP] len error : ['東EN', '東証ETN']
2026-05-27 09:39:18,221 [SKIP] len error : ['東Ｒ', '東証REIT']
2026-05-27 09:39:18,221 [SKIP] len error : ['東IF', '東証インフラファンド']
2026-05-27 09:39:18,221 [SKIP] len error : ['名Ｐ', '名証プレミア']
2026-05-27 09:39:18,221 [SKIP] len error : ['名M', '名証メイン']
2026-05-27 09:39:18,221 [SKIP] len error : ['名N', '名証ネクスト']
2026-05-27 09:39:18,221 [SKIP] len error : ['名Ｅ', '名証ETF']
2026-05-27 09:39:18,221 [SKIP] len error : ['札Ａ', '札証アンビシャス']
2026-05-27 09:39:18,221 [SKIP] len error : ['福Ｑ', '福証Q-Board']
2026-05-27 09:39:18,221 [SKIP] len error : ['①', '高い', '1,000回以上', '13.9%']
2026-05-27 09:39:18,221 [SKIP] len error : ['②', 'やや高い', '400回〜1,000回', '18.5%']
2026-05-27 09:39:18,221 [SKIP] len error : ['③', '中位', '50回〜400回', '39.0%']
2026-05-27 09:39:18,221 [SKIP] len error : ['④', 'やや低い', '10回〜50回', '17.6%']
2026-05-27 09:39:18,221 [SKIP] len error : ['⑤', '低い', '10回未満', '11.0%']
2026-05-27 09:39:18,221 140件 / ?件中 18:39
2026-05-27 09:39:18,255 [TOTAL] None
2026-05-27 09:39:18,255 [COUNT] 140
2026-05-27 09:39:19,451 [PAGE] 8
2026-05-27 09:39:19,713 [SKIP] len error : ['東P', '東証プライム']
2026-05-27 09:39:19,713 [SKIP] len error : ['東S', '東証スタンダード']
2026-05-27 09:39:19,713 [SKIP] len error : ['東G', '東証グロース']
2026-05-27 09:39:19,713 [SKIP] len error : ['東Ｅ', '東証ETF']
2026-05-27 09:39:19,713 [SKIP] len error : ['東EN', '東証ETN']
2026-05-27 09:39:19,713 [SKIP] len error : ['東Ｒ', '東証REIT']
2026-05-27 09:39:19,713 [SKIP] len error : ['東IF', '東証インフラファンド']
2026-05-27 09:39:19,713 [SKIP] len error : ['名Ｐ', '名証プレミア']
2026-05-27 09:39:19,713 [SKIP] len error : ['名M', '名証メイン']
2026-05-27 09:39:19,713 [SKIP] len error : ['名N', '名証ネクスト']
2026-05-27 09:39:19,713 [SKIP] len error : ['名Ｅ', '名証ETF']
2026-05-27 09:39:19,713 [SKIP] len error : ['札Ａ', '札証アンビシャス']
2026-05-27 09:39:19,713 [SKIP] len error : ['福Ｑ', '福証Q-Board']
2026-05-27 09:39:19,713 [SKIP] len error : ['①', '高い', '1,000回以上', '13.9%']
2026-05-27 09:39:19,713 [SKIP] len error : ['②', 'やや高い', '400回〜1,000回', '18.5%']
2026-05-27 09:39:19,713 [SKIP] len error : ['③', '中位', '50回〜400回', '39.0%']
2026-05-27 09:39:19,714 [SKIP] len error : ['④', 'やや低い', '10回〜50回', '17.6%']
2026-05-27 09:39:19,714 [SKIP] len error : ['⑤', '低い', '10回未満', '11.0%']
2026-05-27 09:39:19,714 160件 / ?件中 18:39
2026-05-27 09:39:19,750 [TOTAL] None
2026-05-27 09:39:19,750 [COUNT] 160
2026-05-27 09:39:20,658 [PAGE] 9
2026-05-27 09:39:20,928 [SKIP] len error : ['東P', '東証プライム']
2026-05-27 09:39:20,928 [SKIP] len error : ['東S', '東証スタンダード']
2026-05-27 09:39:20,928 [SKIP] len error : ['東G', '東証グロース']
2026-05-27 09:39:20,928 [SKIP] len error : ['東Ｅ', '東証ETF']
2026-05-27 09:39:20,928 [SKIP] len error : ['東EN', '東証ETN']
2026-05-27 09:39:20,928 [SKIP] len error : ['東Ｒ', '東証REIT']
2026-05-27 09:39:20,928 [SKIP] len error : ['東IF', '東証インフラファンド']
2026-05-27 09:39:20,928 [SKIP] len error : ['名Ｐ', '名証プレミア']
2026-05-27 09:39:20,928 [SKIP] len error : ['名M', '名証メイン']
2026-05-27 09:39:20,928 [SKIP] len error : ['名N', '名証ネクスト']
2026-05-27 09:39:20,928 [SKIP] len error : ['名Ｅ', '名証ETF']
2026-05-27 09:39:20,928 [SKIP] len error : ['札Ａ', '札証アンビシャス']
2026-05-27 09:39:20,928 [SKIP] len error : ['福Ｑ', '福証Q-Board']
2026-05-27 09:39:20,928 [SKIP] len error : ['①', '高い', '1,000回以上', '13.9%']
2026-05-27 09:39:20,928 [SKIP] len error : ['②', 'やや高い', '400回〜1,000回', '18.5%']
2026-05-27 09:39:20,928 [SKIP] len error : ['③', '中位', '50回〜400回', '39.0%']
2026-05-27 09:39:20,928 [SKIP] len error : ['④', 'やや低い', '10回〜50回', '17.6%']
2026-05-27 09:39:20,928 [SKIP] len error : ['⑤', '低い', '10回未満', '11.0%']
2026-05-27 09:39:20,929 180件 / ?件中 18:39
2026-05-27 09:39:20,961 [TOTAL] None
2026-05-27 09:39:20,962 [COUNT] 180
2026-05-27 09:39:22,142 [PAGE] 10
2026-05-27 09:39:22,400 [SKIP] len error : ['東P', '東証プライム']
2026-05-27 09:39:22,401 [SKIP] len error : ['東S', '東証スタンダード']
2026-05-27 09:39:22,401 [SKIP] len error : ['東G', '東証グロース']
2026-05-27 09:39:22,401 [SKIP] len error : ['東Ｅ', '東証ETF']
2026-05-27 09:39:22,401 [SKIP] len error : ['東EN', '東証ETN']
2026-05-27 09:39:22,401 [SKIP] len error : ['東Ｒ', '東証REIT']
2026-05-27 09:39:22,401 [SKIP] len error : ['東IF', '東証インフラファンド']
2026-05-27 09:39:22,401 [SKIP] len error : ['名Ｐ', '名証プレミア']
2026-05-27 09:39:22,401 [SKIP] len error : ['名M', '名証メイン']
2026-05-27 09:39:22,401 [SKIP] len error : ['名N', '名証ネクスト']
2026-05-27 09:39:22,401 [SKIP] len error : ['名Ｅ', '名証ETF']
2026-05-27 09:39:22,401 [SKIP] len error : ['札Ａ', '札証アンビシャス']
2026-05-27 09:39:22,401 [SKIP] len error : ['福Ｑ', '福証Q-Board']
2026-05-27 09:39:22,401 [SKIP] len error : ['①', '高い', '1,000回以上', '13.9%']
2026-05-27 09:39:22,401 [SKIP] len error : ['②', 'やや高い', '400回〜1,000回', '18.5%']
2026-05-27 09:39:22,401 [SKIP] len error : ['③', '中位', '50回〜400回', '39.0%']
2026-05-27 09:39:22,401 [SKIP] len error : ['④', 'やや低い', '10回〜50回', '17.6%']
2026-05-27 09:39:22,401 [SKIP] len error : ['⑤', '低い', '10回未満', '11.0%']
2026-05-27 09:39:22,401 200件 / ?件中 18:39
2026-05-27 09:39:22,435 [TOTAL] None
2026-05-27 09:39:22,435 [COUNT] 200
2026-05-27 09:39:23,500 [PAGE] 11
2026-05-27 09:39:23,773 [SKIP] len error : ['東P', '東証プライム']
2026-05-27 09:39:23,773 [SKIP] len error : ['東S', '東証スタンダード']
2026-05-27 09:39:23,773 [SKIP] len error : ['東G', '東証グロース']
2026-05-27 09:39:23,773 [SKIP] len error : ['東Ｅ', '東証ETF']
2026-05-27 09:39:23,773 [SKIP] len error : ['東EN', '東証ETN']
2026-05-27 09:39:23,773 [SKIP] len error : ['東Ｒ', '東証REIT']
2026-05-27 09:39:23,773 [SKIP] len error : ['東IF', '東証インフラファンド']
2026-05-27 09:39:23,773 [SKIP] len error : ['名Ｐ', '名証プレミア']
2026-05-27 09:39:23,773 [SKIP] len error : ['名M', '名証メイン']
2026-05-27 09:39:23,773 [SKIP] len error : ['名N', '名証ネクスト']
2026-05-27 09:39:23,773 [SKIP] len error : ['名Ｅ', '名証ETF']
2026-05-27 09:39:23,773 [SKIP] len error : ['札Ａ', '札証アンビシャス']
2026-05-27 09:39:23,773 [SKIP] len error : ['福Ｑ', '福証Q-Board']
2026-05-27 09:39:23,773 [SKIP] len error : ['①', '高い', '1,000回以上', '13.9%']
2026-05-27 09:39:23,773 [SKIP] len error : ['②', 'やや高い', '400回〜1,000回', '18.5%']
2026-05-27 09:39:23,773 [SKIP] len error : ['③', '中位', '50回〜400回', '39.0%']
2026-05-27 09:39:23,773 [SKIP] len error : ['④', 'やや低い', '10回〜50回', '17.6%']
2026-05-27 09:39:23,773 [SKIP] len error : ['⑤', '低い', '10回未満', '11.0%']
2026-05-27 09:39:23,774 220件 / ?件中 18:39
2026-05-27 09:39:23,842 [TOTAL] None
2026-05-27 09:39:23,842 [COUNT] 220
2026-05-27 09:39:24,350 [PAGE] 12
2026-05-27 09:39:24,598 [SKIP] len error : ['東P', '東証プライム']
2026-05-27 09:39:24,598 [SKIP] len error : ['東S', '東証スタンダード']
2026-05-27 09:39:24,598 [SKIP] len error : ['東G', '東証グロース']
2026-05-27 09:39:24,598 [SKIP] len error : ['東Ｅ', '東証ETF']
2026-05-27 09:39:24,598 [SKIP] len error : ['東EN', '東証ETN']
2026-05-27 09:39:24,598 [SKIP] len error : ['東Ｒ', '東証REIT']
2026-05-27 09:39:24,598 [SKIP] len error : ['東IF', '東証インフラファンド']
2026-05-27 09:39:24,598 [SKIP] len error : ['名Ｐ', '名証プレミア']
2026-05-27 09:39:24,598 [SKIP] len error : ['名M', '名証メイン']
2026-05-27 09:39:24,598 [SKIP] len error : ['名N', '名証ネクスト']
2026-05-27 09:39:24,598 [SKIP] len error : ['名Ｅ', '名証ETF']
2026-05-27 09:39:24,598 [SKIP] len error : ['札Ａ', '札証アンビシャス']
2026-05-27 09:39:24,598 [SKIP] len error : ['福Ｑ', '福証Q-Board']
2026-05-27 09:39:24,598 [SKIP] len error : ['①', '高い', '1,000回以上', '13.9%']
2026-05-27 09:39:24,598 [SKIP] len error : ['②', 'やや高い', '400回〜1,000回', '18.5%']
2026-05-27 09:39:24,598 [SKIP] len error : ['③', '中位', '50回〜400回', '39.0%']
2026-05-27 09:39:24,598 [SKIP] len error : ['④', 'やや低い', '10回〜50回', '17.6%']
2026-05-27 09:39:24,598 [SKIP] len error : ['⑤', '低い', '10回未満', '11.0%']
2026-05-27 09:39:24,599 240件 / ?件中 18:39
2026-05-27 09:39:24,632 [TOTAL] None
2026-05-27 09:39:24,632 [COUNT] 240
2026-05-27 09:39:25,510 [PAGE] 13
2026-05-27 09:39:25,772 [SKIP] len error : ['東P', '東証プライム']
2026-05-27 09:39:25,772 [SKIP] len error : ['東S', '東証スタンダード']
2026-05-27 09:39:25,772 [SKIP] len error : ['東G', '東証グロース']
2026-05-27 09:39:25,772 [SKIP] len error : ['東Ｅ', '東証ETF']
2026-05-27 09:39:25,772 [SKIP] len error : ['東EN', '東証ETN']
2026-05-27 09:39:25,772 [SKIP] len error : ['東Ｒ', '東証REIT']
2026-05-27 09:39:25,772 [SKIP] len error : ['東IF', '東証インフラファンド']
2026-05-27 09:39:25,772 [SKIP] len error : ['名Ｐ', '名証プレミア']
2026-05-27 09:39:25,772 [SKIP] len error : ['名M', '名証メイン']
2026-05-27 09:39:25,772 [SKIP] len error : ['名N', '名証ネクスト']
2026-05-27 09:39:25,772 [SKIP] len error : ['名Ｅ', '名証ETF']
2026-05-27 09:39:25,772 [SKIP] len error : ['札Ａ', '札証アンビシャス']
2026-05-27 09:39:25,772 [SKIP] len error : ['福Ｑ', '福証Q-Board']
2026-05-27 09:39:25,772 [SKIP] len error : ['①', '高い', '1,000回以上', '13.9%']
2026-05-27 09:39:25,772 [SKIP] len error : ['②', 'やや高い', '400回〜1,000回', '18.5%']
2026-05-27 09:39:25,772 [SKIP] len error : ['③', '中位', '50回〜400回', '39.0%']
2026-05-27 09:39:25,772 [SKIP] len error : ['④', 'やや低い', '10回〜50回', '17.6%']
2026-05-27 09:39:25,772 [SKIP] len error : ['⑤', '低い', '10回未満', '11.0%']
2026-05-27 09:39:25,772 260件 / ?件中 18:39
2026-05-27 09:39:25,806 [TOTAL] None
2026-05-27 09:39:25,806 [COUNT] 260
2026-05-27 09:39:26,985 [PAGE] 14
2026-05-27 09:39:27,251 [SKIP] len error : ['東P', '東証プライム']
2026-05-27 09:39:27,251 [SKIP] len error : ['東S', '東証スタンダード']
2026-05-27 09:39:27,251 [SKIP] len error : ['東G', '東証グロース']
2026-05-27 09:39:27,251 [SKIP] len error : ['東Ｅ', '東証ETF']
2026-05-27 09:39:27,251 [SKIP] len error : ['東EN', '東証ETN']
2026-05-27 09:39:27,251 [SKIP] len error : ['東Ｒ', '東証REIT']
2026-05-27 09:39:27,251 [SKIP] len error : ['東IF', '東証インフラファンド']
2026-05-27 09:39:27,251 [SKIP] len error : ['名Ｐ', '名証プレミア']
2026-05-27 09:39:27,251 [SKIP] len error : ['名M', '名証メイン']
2026-05-27 09:39:27,251 [SKIP] len error : ['名N', '名証ネクスト']
2026-05-27 09:39:27,251 [SKIP] len error : ['名Ｅ', '名証ETF']
2026-05-27 09:39:27,251 [SKIP] len error : ['札Ａ', '札証アンビシャス']
2026-05-27 09:39:27,251 [SKIP] len error : ['福Ｑ', '福証Q-Board']
2026-05-27 09:39:27,251 [SKIP] len error : ['①', '高い', '1,000回以上', '13.9%']
2026-05-27 09:39:27,251 [SKIP] len error : ['②', 'やや高い', '400回〜1,000回', '18.5%']
2026-05-27 09:39:27,251 [SKIP] len error : ['③', '中位', '50回〜400回', '39.0%']
2026-05-27 09:39:27,251 [SKIP] len error : ['④', 'やや低い', '10回〜50回', '17.6%']
2026-05-27 09:39:27,251 [SKIP] len error : ['⑤', '低い', '10回未満', '11.0%']
2026-05-27 09:39:27,251 280件 / ?件中 18:39
2026-05-27 09:39:27,285 [TOTAL] None
2026-05-27 09:39:27,285 [COUNT] 280
2026-05-27 09:39:28,567 [PAGE] 15
2026-05-27 09:39:28,818 [SKIP] len error : ['東P', '東証プライム']
2026-05-27 09:39:28,818 [SKIP] len error : ['東S', '東証スタンダード']
2026-05-27 09:39:28,818 [SKIP] len error : ['東G', '東証グロース']
2026-05-27 09:39:28,818 [SKIP] len error : ['東Ｅ', '東証ETF']
2026-05-27 09:39:28,818 [SKIP] len error : ['東EN', '東証ETN']
2026-05-27 09:39:28,818 [SKIP] len error : ['東Ｒ', '東証REIT']
2026-05-27 09:39:28,818 [SKIP] len error : ['東IF', '東証インフラファンド']
2026-05-27 09:39:28,818 [SKIP] len error : ['名Ｐ', '名証プレミア']
2026-05-27 09:39:28,818 [SKIP] len error : ['名M', '名証メイン']
2026-05-27 09:39:28,818 [SKIP] len error : ['名N', '名証ネクスト']
2026-05-27 09:39:28,818 [SKIP] len error : ['名Ｅ', '名証ETF']
2026-05-27 09:39:28,818 [SKIP] len error : ['札Ａ', '札証アンビシャス']
2026-05-27 09:39:28,818 [SKIP] len error : ['福Ｑ', '福証Q-Board']
2026-05-27 09:39:28,818 [SKIP] len error : ['①', '高い', '1,000回以上', '13.9%']
2026-05-27 09:39:28,818 [SKIP] len error : ['②', 'やや高い', '400回〜1,000回', '18.5%']
2026-05-27 09:39:28,818 [SKIP] len error : ['③', '中位', '50回〜400回', '39.0%']
2026-05-27 09:39:28,818 [SKIP] len error : ['④', 'やや低い', '10回〜50回', '17.6%']
2026-05-27 09:39:28,818 [SKIP] len error : ['⑤', '低い', '10回未満', '11.0%']
2026-05-27 09:39:28,819 300件 / ?件中 18:39
2026-05-27 09:39:28,854 [TOTAL] None
2026-05-27 09:39:28,854 [COUNT] 300
2026-05-27 09:39:30,258 [PAGE] 16
2026-05-27 09:39:30,536 [SKIP] len error : ['東P', '東証プライム']
2026-05-27 09:39:30,536 [SKIP] len error : ['東S', '東証スタンダード']
2026-05-27 09:39:30,536 [SKIP] len error : ['東G', '東証グロース']
2026-05-27 09:39:30,536 [SKIP] len error : ['東Ｅ', '東証ETF']
2026-05-27 09:39:30,536 [SKIP] len error : ['東EN', '東証ETN']
2026-05-27 09:39:30,536 [SKIP] len error : ['東Ｒ', '東証REIT']
2026-05-27 09:39:30,536 [SKIP] len error : ['東IF', '東証インフラファンド']
2026-05-27 09:39:30,536 [SKIP] len error : ['名Ｐ', '名証プレミア']
2026-05-27 09:39:30,536 [SKIP] len error : ['名M', '名証メイン']
2026-05-27 09:39:30,536 [SKIP] len error : ['名N', '名証ネクスト']
2026-05-27 09:39:30,536 [SKIP] len error : ['名Ｅ', '名証ETF']
2026-05-27 09:39:30,536 [SKIP] len error : ['札Ａ', '札証アンビシャス']
2026-05-27 09:39:30,537 [SKIP] len error : ['福Ｑ', '福証Q-Board']
2026-05-27 09:39:30,537 [SKIP] len error : ['①', '高い', '1,000回以上', '13.9%']
2026-05-27 09:39:30,537 [SKIP] len error : ['②', 'やや高い', '400回〜1,000回', '18.5%']
2026-05-27 09:39:30,537 [SKIP] len error : ['③', '中位', '50回〜400回', '39.0%']
2026-05-27 09:39:30,537 [SKIP] len error : ['④', 'やや低い', '10回〜50回', '17.6%']
2026-05-27 09:39:30,537 [SKIP] len error : ['⑤', '低い', '10回未満', '11.0%']
2026-05-27 09:39:30,537 320件 / ?件中 18:39
2026-05-27 09:39:30,612 [TOTAL] None
2026-05-27 09:39:30,612 [COUNT] 320
2026-05-27 09:39:31,836 [PAGE] 17
2026-05-27 09:39:32,125 [SKIP] len error : ['東P', '東証プライム']
2026-05-27 09:39:32,125 [SKIP] len error : ['東S', '東証スタンダード']
2026-05-27 09:39:32,125 [SKIP] len error : ['東G', '東証グロース']
2026-05-27 09:39:32,125 [SKIP] len error : ['東Ｅ', '東証ETF']
2026-05-27 09:39:32,125 [SKIP] len error : ['東EN', '東証ETN']
2026-05-27 09:39:32,125 [SKIP] len error : ['東Ｒ', '東証REIT']
2026-05-27 09:39:32,125 [SKIP] len error : ['東IF', '東証インフラファンド']
2026-05-27 09:39:32,125 [SKIP] len error : ['名Ｐ', '名証プレミア']
2026-05-27 09:39:32,125 [SKIP] len error : ['名M', '名証メイン']
2026-05-27 09:39:32,125 [SKIP] len error : ['名N', '名証ネクスト']
2026-05-27 09:39:32,125 [SKIP] len error : ['名Ｅ', '名証ETF']
2026-05-27 09:39:32,125 [SKIP] len error : ['札Ａ', '札証アンビシャス']
2026-05-27 09:39:32,125 [SKIP] len error : ['福Ｑ', '福証Q-Board']
2026-05-27 09:39:32,125 [SKIP] len error : ['①', '高い', '1,000回以上', '13.9%']
2026-05-27 09:39:32,126 [SKIP] len error : ['②', 'やや高い', '400回〜1,000回', '18.5%']
2026-05-27 09:39:32,126 [SKIP] len error : ['③', '中位', '50回〜400回', '39.0%']
2026-05-27 09:39:32,126 [SKIP] len error : ['④', 'やや低い', '10回〜50回', '17.6%']
2026-05-27 09:39:32,126 [SKIP] len error : ['⑤', '低い', '10回未満', '11.0%']
2026-05-27 09:39:32,126 340件 / ?件中 18:39
2026-05-27 09:39:32,159 [TOTAL] None
2026-05-27 09:39:32,159 [COUNT] 340
2026-05-27 09:39:33,093 [PAGE] 18
2026-05-27 09:39:33,351 [SKIP] len error : ['東P', '東証プライム']
2026-05-27 09:39:33,351 [SKIP] len error : ['東S', '東証スタンダード']
2026-05-27 09:39:33,351 [SKIP] len error : ['東G', '東証グロース']
2026-05-27 09:39:33,351 [SKIP] len error : ['東Ｅ', '東証ETF']
2026-05-27 09:39:33,351 [SKIP] len error : ['東EN', '東証ETN']
2026-05-27 09:39:33,351 [SKIP] len error : ['東Ｒ', '東証REIT']
2026-05-27 09:39:33,352 [SKIP] len error : ['東IF', '東証インフラファンド']
2026-05-27 09:39:33,352 [SKIP] len error : ['名Ｐ', '名証プレミア']
2026-05-27 09:39:33,352 [SKIP] len error : ['名M', '名証メイン']
2026-05-27 09:39:33,352 [SKIP] len error : ['名N', '名証ネクスト']
2026-05-27 09:39:33,352 [SKIP] len error : ['名Ｅ', '名証ETF']
2026-05-27 09:39:33,352 [SKIP] len error : ['札Ａ', '札証アンビシャス']
2026-05-27 09:39:33,352 [SKIP] len error : ['福Ｑ', '福証Q-Board']
2026-05-27 09:39:33,352 [SKIP] len error : ['①', '高い', '1,000回以上', '13.9%']
2026-05-27 09:39:33,352 [SKIP] len error : ['②', 'やや高い', '400回〜1,000回', '18.5%']
2026-05-27 09:39:33,352 [SKIP] len error : ['③', '中位', '50回〜400回', '39.0%']
2026-05-27 09:39:33,352 [SKIP] len error : ['④', 'やや低い', '10回〜50回', '17.6%']
2026-05-27 09:39:33,352 [SKIP] len error : ['⑤', '低い', '10回未満', '11.0%']
2026-05-27 09:39:33,352 360件 / ?件中 18:39
2026-05-27 09:39:33,385 [TOTAL] None
2026-05-27 09:39:33,385 [COUNT] 360
2026-05-27 09:39:33,986 [PAGE] 19
2026-05-27 09:39:34,237 [SKIP] len error : ['東P', '東証プライム']
2026-05-27 09:39:34,237 [SKIP] len error : ['東S', '東証スタンダード']
2026-05-27 09:39:34,237 [SKIP] len error : ['東G', '東証グロース']
2026-05-27 09:39:34,237 [SKIP] len error : ['東Ｅ', '東証ETF']
2026-05-27 09:39:34,237 [SKIP] len error : ['東EN', '東証ETN']
2026-05-27 09:39:34,237 [SKIP] len error : ['東Ｒ', '東証REIT']
2026-05-27 09:39:34,237 [SKIP] len error : ['東IF', '東証インフラファンド']
2026-05-27 09:39:34,237 [SKIP] len error : ['名Ｐ', '名証プレミア']
2026-05-27 09:39:34,237 [SKIP] len error : ['名M', '名証メイン']
2026-05-27 09:39:34,237 [SKIP] len error : ['名N', '名証ネクスト']
2026-05-27 09:39:34,237 [SKIP] len error : ['名Ｅ', '名証ETF']
2026-05-27 09:39:34,237 [SKIP] len error : ['札Ａ', '札証アンビシャス']
2026-05-27 09:39:34,237 [SKIP] len error : ['福Ｑ', '福証Q-Board']
2026-05-27 09:39:34,237 [SKIP] len error : ['①', '高い', '1,000回以上', '13.9%']
2026-05-27 09:39:34,237 [SKIP] len error : ['②', 'やや高い', '400回〜1,000回', '18.5%']
2026-05-27 09:39:34,237 [SKIP] len error : ['③', '中位', '50回〜400回', '39.0%']
2026-05-27 09:39:34,237 [SKIP] len error : ['④', 'やや低い', '10回〜50回', '17.6%']
2026-05-27 09:39:34,237 [SKIP] len error : ['⑤', '低い', '10回未満', '11.0%']
2026-05-27 09:39:34,238 380件 / ?件中 18:39
2026-05-27 09:39:34,271 [TOTAL] None
2026-05-27 09:39:34,271 [COUNT] 380
2026-05-27 09:39:34,830 [PAGE] 20
2026-05-27 09:39:35,079 [SKIP] len error : ['東P', '東証プライム']
2026-05-27 09:39:35,079 [SKIP] len error : ['東S', '東証スタンダード']
2026-05-27 09:39:35,079 [SKIP] len error : ['東G', '東証グロース']
2026-05-27 09:39:35,079 [SKIP] len error : ['東Ｅ', '東証ETF']
2026-05-27 09:39:35,079 [SKIP] len error : ['東EN', '東証ETN']
2026-05-27 09:39:35,079 [SKIP] len error : ['東Ｒ', '東証REIT']
2026-05-27 09:39:35,079 [SKIP] len error : ['東IF', '東証インフラファンド']
2026-05-27 09:39:35,079 [SKIP] len error : ['名Ｐ', '名証プレミア']
2026-05-27 09:39:35,079 [SKIP] len error : ['名M', '名証メイン']
2026-05-27 09:39:35,079 [SKIP] len error : ['名N', '名証ネクスト']
2026-05-27 09:39:35,079 [SKIP] len error : ['名Ｅ', '名証ETF']
2026-05-27 09:39:35,079 [SKIP] len error : ['札Ａ', '札証アンビシャス']
2026-05-27 09:39:35,079 [SKIP] len error : ['福Ｑ', '福証Q-Board']
2026-05-27 09:39:35,079 [SKIP] len error : ['①', '高い', '1,000回以上', '13.9%']
2026-05-27 09:39:35,079 [SKIP] len error : ['②', 'やや高い', '400回〜1,000回', '18.5%']
2026-05-27 09:39:35,079 [SKIP] len error : ['③', '中位', '50回〜400回', '39.0%']
2026-05-27 09:39:35,079 [SKIP] len error : ['④', 'やや低い', '10回〜50回', '17.6%']
2026-05-27 09:39:35,079 [SKIP] len error : ['⑤', '低い', '10回未満', '11.0%']
2026-05-27 09:39:35,080 400件 / ?件中 18:39
2026-05-27 09:39:35,113 [TOTAL] None
2026-05-27 09:39:35,113 [COUNT] 400
2026-05-27 09:39:35,662 [PAGE] 21
2026-05-27 09:39:35,956 [SKIP] len error : ['東P', '東証プライム']
2026-05-27 09:39:35,956 [SKIP] len error : ['東S', '東証スタンダード']
2026-05-27 09:39:35,957 [SKIP] len error : ['東G', '東証グロース']
2026-05-27 09:39:35,957 [SKIP] len error : ['東Ｅ', '東証ETF']
2026-05-27 09:39:35,957 [SKIP] len error : ['東EN', '東証ETN']
2026-05-27 09:39:35,957 [SKIP] len error : ['東Ｒ', '東証REIT']
2026-05-27 09:39:35,957 [SKIP] len error : ['東IF', '東証インフラファンド']
2026-05-27 09:39:35,957 [SKIP] len error : ['名Ｐ', '名証プレミア']
2026-05-27 09:39:35,957 [SKIP] len error : ['名M', '名証メイン']
2026-05-27 09:39:35,957 [SKIP] len error : ['名N', '名証ネクスト']
2026-05-27 09:39:35,957 [SKIP] len error : ['名Ｅ', '名証ETF']
2026-05-27 09:39:35,957 [SKIP] len error : ['札Ａ', '札証アンビシャス']
2026-05-27 09:39:35,957 [SKIP] len error : ['福Ｑ', '福証Q-Board']
2026-05-27 09:39:35,957 [SKIP] len error : ['①', '高い', '1,000回以上', '13.9%']
2026-05-27 09:39:35,957 [SKIP] len error : ['②', 'やや高い', '400回〜1,000回', '18.5%']
2026-05-27 09:39:35,957 [SKIP] len error : ['③', '中位', '50回〜400回', '39.0%']
2026-05-27 09:39:35,957 [SKIP] len error : ['④', 'やや低い', '10回〜50回', '17.6%']
2026-05-27 09:39:35,957 [SKIP] len error : ['⑤', '低い', '10回未満', '11.0%']
2026-05-27 09:39:35,957 420件 / ?件中 18:39
2026-05-27 09:39:35,991 [TOTAL] None
2026-05-27 09:39:35,991 [COUNT] 420
2026-05-27 09:39:36,751 [PAGE] 22
2026-05-27 09:39:37,009 [SKIP] len error : ['東P', '東証プライム']
2026-05-27 09:39:37,009 [SKIP] len error : ['東S', '東証スタンダード']
2026-05-27 09:39:37,009 [SKIP] len error : ['東G', '東証グロース']
2026-05-27 09:39:37,009 [SKIP] len error : ['東Ｅ', '東証ETF']
2026-05-27 09:39:37,009 [SKIP] len error : ['東EN', '東証ETN']
2026-05-27 09:39:37,009 [SKIP] len error : ['東Ｒ', '東証REIT']
2026-05-27 09:39:37,009 [SKIP] len error : ['東IF', '東証インフラファンド']
2026-05-27 09:39:37,009 [SKIP] len error : ['名Ｐ', '名証プレミア']
2026-05-27 09:39:37,009 [SKIP] len error : ['名M', '名証メイン']
2026-05-27 09:39:37,009 [SKIP] len error : ['名N', '名証ネクスト']
2026-05-27 09:39:37,009 [SKIP] len error : ['名Ｅ', '名証ETF']
2026-05-27 09:39:37,009 [SKIP] len error : ['札Ａ', '札証アンビシャス']
2026-05-27 09:39:37,009 [SKIP] len error : ['福Ｑ', '福証Q-Board']
2026-05-27 09:39:37,009 [SKIP] len error : ['①', '高い', '1,000回以上', '13.9%']
2026-05-27 09:39:37,009 [SKIP] len error : ['②', 'やや高い', '400回〜1,000回', '18.5%']
2026-05-27 09:39:37,009 [SKIP] len error : ['③', '中位', '50回〜400回', '39.0%']
2026-05-27 09:39:37,009 [SKIP] len error : ['④', 'やや低い', '10回〜50回', '17.6%']
2026-05-27 09:39:37,009 [SKIP] len error : ['⑤', '低い', '10回未満', '11.0%']
2026-05-27 09:39:37,010 440件 / ?件中 18:39
2026-05-27 09:39:37,043 [TOTAL] None
2026-05-27 09:39:37,043 [COUNT] 440
2026-05-27 09:39:37,911 [PAGE] 23
2026-05-27 09:39:38,164 [SKIP] len error : ['東P', '東証プライム']
2026-05-27 09:39:38,164 [SKIP] len error : ['東S', '東証スタンダード']
2026-05-27 09:39:38,164 [SKIP] len error : ['東G', '東証グロース']
2026-05-27 09:39:38,164 [SKIP] len error : ['東Ｅ', '東証ETF']
2026-05-27 09:39:38,164 [SKIP] len error : ['東EN', '東証ETN']
2026-05-27 09:39:38,164 [SKIP] len error : ['東Ｒ', '東証REIT']
2026-05-27 09:39:38,164 [SKIP] len error : ['東IF', '東証インフラファンド']
2026-05-27 09:39:38,164 [SKIP] len error : ['名Ｐ', '名証プレミア']
2026-05-27 09:39:38,164 [SKIP] len error : ['名M', '名証メイン']
2026-05-27 09:39:38,164 [SKIP] len error : ['名N', '名証ネクスト']
2026-05-27 09:39:38,164 [SKIP] len error : ['名Ｅ', '名証ETF']
2026-05-27 09:39:38,164 [SKIP] len error : ['札Ａ', '札証アンビシャス']
2026-05-27 09:39:38,164 [SKIP] len error : ['福Ｑ', '福証Q-Board']
2026-05-27 09:39:38,164 [SKIP] len error : ['①', '高い', '1,000回以上', '13.9%']
2026-05-27 09:39:38,164 [SKIP] len error : ['②', 'やや高い', '400回〜1,000回', '18.5%']
2026-05-27 09:39:38,164 [SKIP] len error : ['③', '中位', '50回〜400回', '39.0%']
2026-05-27 09:39:38,164 [SKIP] len error : ['④', 'やや低い', '10回〜50回', '17.6%']
2026-05-27 09:39:38,164 [SKIP] len error : ['⑤', '低い', '10回未満', '11.0%']
2026-05-27 09:39:38,164 460件 / ?件中 18:39
2026-05-27 09:39:38,198 [TOTAL] None
2026-05-27 09:39:38,198 [COUNT] 460
2026-05-27 09:39:39,275 [PAGE] 24
2026-05-27 09:39:39,523 [SKIP] len error : ['東P', '東証プライム']
2026-05-27 09:39:39,523 [SKIP] len error : ['東S', '東証スタンダード']
2026-05-27 09:39:39,524 [SKIP] len error : ['東G', '東証グロース']
2026-05-27 09:39:39,524 [SKIP] len error : ['東Ｅ', '東証ETF']
2026-05-27 09:39:39,524 [SKIP] len error : ['東EN', '東証ETN']
2026-05-27 09:39:39,524 [SKIP] len error : ['東Ｒ', '東証REIT']
2026-05-27 09:39:39,524 [SKIP] len error : ['東IF', '東証インフラファンド']
2026-05-27 09:39:39,524 [SKIP] len error : ['名Ｐ', '名証プレミア']
2026-05-27 09:39:39,524 [SKIP] len error : ['名M', '名証メイン']
2026-05-27 09:39:39,524 [SKIP] len error : ['名N', '名証ネクスト']
2026-05-27 09:39:39,524 [SKIP] len error : ['名Ｅ', '名証ETF']
2026-05-27 09:39:39,524 [SKIP] len error : ['札Ａ', '札証アンビシャス']
2026-05-27 09:39:39,524 [SKIP] len error : ['福Ｑ', '福証Q-Board']
2026-05-27 09:39:39,524 [SKIP] len error : ['①', '高い', '1,000回以上', '13.9%']
2026-05-27 09:39:39,524 [SKIP] len error : ['②', 'やや高い', '400回〜1,000回', '18.5%']
2026-05-27 09:39:39,524 [SKIP] len error : ['③', '中位', '50回〜400回', '39.0%']
2026-05-27 09:39:39,524 [SKIP] len error : ['④', 'やや低い', '10回〜50回', '17.6%']
2026-05-27 09:39:39,524 [SKIP] len error : ['⑤', '低い', '10回未満', '11.0%']
2026-05-27 09:39:39,524 480件 / ?件中 18:39
2026-05-27 09:39:39,558 [TOTAL] None
2026-05-27 09:39:39,558 [COUNT] 480
2026-05-27 09:39:40,596 [PAGE] 25
2026-05-27 09:39:40,859 [SKIP] len error : ['東P', '東証プライム']
2026-05-27 09:39:40,859 [SKIP] len error : ['東S', '東証スタンダード']
2026-05-27 09:39:40,859 [SKIP] len error : ['東G', '東証グロース']
2026-05-27 09:39:40,859 [SKIP] len error : ['東Ｅ', '東証ETF']
2026-05-27 09:39:40,859 [SKIP] len error : ['東EN', '東証ETN']
2026-05-27 09:39:40,859 [SKIP] len error : ['東Ｒ', '東証REIT']
2026-05-27 09:39:40,859 [SKIP] len error : ['東IF', '東証インフラファンド']
2026-05-27 09:39:40,859 [SKIP] len error : ['名Ｐ', '名証プレミア']
2026-05-27 09:39:40,859 [SKIP] len error : ['名M', '名証メイン']
2026-05-27 09:39:40,859 [SKIP] len error : ['名N', '名証ネクスト']
2026-05-27 09:39:40,859 [SKIP] len error : ['名Ｅ', '名証ETF']
2026-05-27 09:39:40,859 [SKIP] len error : ['札Ａ', '札証アンビシャス']
2026-05-27 09:39:40,859 [SKIP] len error : ['福Ｑ', '福証Q-Board']
2026-05-27 09:39:40,859 [SKIP] len error : ['①', '高い', '1,000回以上', '13.9%']
2026-05-27 09:39:40,859 [SKIP] len error : ['②', 'やや高い', '400回〜1,000回', '18.5%']
2026-05-27 09:39:40,859 [SKIP] len error : ['③', '中位', '50回〜400回', '39.0%']
2026-05-27 09:39:40,859 [SKIP] len error : ['④', 'やや低い', '10回〜50回', '17.6%']
2026-05-27 09:39:40,859 [SKIP] len error : ['⑤', '低い', '10回未満', '11.0%']
2026-05-27 09:39:40,860 500件 / ?件中 18:39
2026-05-27 09:39:40,893 [TOTAL] None
2026-05-27 09:39:40,893 [COUNT] 500
2026-05-27 09:39:41,728 [PAGE] 26
2026-05-27 09:39:42,027 [SKIP] len error : ['東P', '東証プライム']
2026-05-27 09:39:42,028 [SKIP] len error : ['東S', '東証スタンダード']
2026-05-27 09:39:42,028 [SKIP] len error : ['東G', '東証グロース']
2026-05-27 09:39:42,028 [SKIP] len error : ['東Ｅ', '東証ETF']
2026-05-27 09:39:42,028 [SKIP] len error : ['東EN', '東証ETN']
2026-05-27 09:39:42,028 [SKIP] len error : ['東Ｒ', '東証REIT']
2026-05-27 09:39:42,028 [SKIP] len error : ['東IF', '東証インフラファンド']
2026-05-27 09:39:42,028 [SKIP] len error : ['名Ｐ', '名証プレミア']
2026-05-27 09:39:42,028 [SKIP] len error : ['名M', '名証メイン']
2026-05-27 09:39:42,028 [SKIP] len error : ['名N', '名証ネクスト']
2026-05-27 09:39:42,028 [SKIP] len error : ['名Ｅ', '名証ETF']
2026-05-27 09:39:42,028 [SKIP] len error : ['札Ａ', '札証アンビシャス']
2026-05-27 09:39:42,028 [SKIP] len error : ['福Ｑ', '福証Q-Board']
2026-05-27 09:39:42,028 [SKIP] len error : ['①', '高い', '1,000回以上', '13.9%']
2026-05-27 09:39:42,028 [SKIP] len error : ['②', 'やや高い', '400回〜1,000回', '18.5%']
2026-05-27 09:39:42,028 [SKIP] len error : ['③', '中位', '50回〜400回', '39.0%']
2026-05-27 09:39:42,028 [SKIP] len error : ['④', 'やや低い', '10回〜50回', '17.6%']
2026-05-27 09:39:42,028 [SKIP] len error : ['⑤', '低い', '10回未満', '11.0%']
2026-05-27 09:39:42,028 520件 / ?件中 18:39
2026-05-27 09:39:42,062 [TOTAL] None
2026-05-27 09:39:42,062 [COUNT] 520
2026-05-27 09:39:42,572 [PAGE] 27
2026-05-27 09:39:42,819 [SKIP] len error : ['東P', '東証プライム']
2026-05-27 09:39:42,819 [SKIP] len error : ['東S', '東証スタンダード']
2026-05-27 09:39:42,819 [SKIP] len error : ['東G', '東証グロース']
2026-05-27 09:39:42,819 [SKIP] len error : ['東Ｅ', '東証ETF']
2026-05-27 09:39:42,819 [SKIP] len error : ['東EN', '東証ETN']
2026-05-27 09:39:42,819 [SKIP] len error : ['東Ｒ', '東証REIT']
2026-05-27 09:39:42,819 [SKIP] len error : ['東IF', '東証インフラファンド']
2026-05-27 09:39:42,819 [SKIP] len error : ['名Ｐ', '名証プレミア']
2026-05-27 09:39:42,819 [SKIP] len error : ['名M', '名証メイン']
2026-05-27 09:39:42,819 [SKIP] len error : ['名N', '名証ネクスト']
2026-05-27 09:39:42,819 [SKIP] len error : ['名Ｅ', '名証ETF']
2026-05-27 09:39:42,819 [SKIP] len error : ['札Ａ', '札証アンビシャス']
2026-05-27 09:39:42,819 [SKIP] len error : ['福Ｑ', '福証Q-Board']
2026-05-27 09:39:42,819 [SKIP] len error : ['①', '高い', '1,000回以上', '13.9%']
2026-05-27 09:39:42,819 [SKIP] len error : ['②', 'やや高い', '400回〜1,000回', '18.5%']
2026-05-27 09:39:42,819 [SKIP] len error : ['③', '中位', '50回〜400回', '39.0%']
2026-05-27 09:39:42,819 [SKIP] len error : ['④', 'やや低い', '10回〜50回', '17.6%']
2026-05-27 09:39:42,819 [SKIP] len error : ['⑤', '低い', '10回未満', '11.0%']
2026-05-27 09:39:42,819 540件 / ?件中 18:39
2026-05-27 09:39:42,853 [TOTAL] None
2026-05-27 09:39:42,853 [COUNT] 540
2026-05-27 09:39:44,096 [PAGE] 28
2026-05-27 09:39:44,383 [SKIP] len error : ['東P', '東証プライム']
2026-05-27 09:39:44,383 [SKIP] len error : ['東S', '東証スタンダード']
2026-05-27 09:39:44,383 [SKIP] len error : ['東G', '東証グロース']
2026-05-27 09:39:44,383 [SKIP] len error : ['東Ｅ', '東証ETF']
2026-05-27 09:39:44,383 [SKIP] len error : ['東EN', '東証ETN']
2026-05-27 09:39:44,383 [SKIP] len error : ['東Ｒ', '東証REIT']
2026-05-27 09:39:44,383 [SKIP] len error : ['東IF', '東証インフラファンド']
2026-05-27 09:39:44,383 [SKIP] len error : ['名Ｐ', '名証プレミア']
2026-05-27 09:39:44,383 [SKIP] len error : ['名M', '名証メイン']
2026-05-27 09:39:44,383 [SKIP] len error : ['名N', '名証ネクスト']
2026-05-27 09:39:44,383 [SKIP] len error : ['名Ｅ', '名証ETF']
2026-05-27 09:39:44,383 [SKIP] len error : ['札Ａ', '札証アンビシャス']
2026-05-27 09:39:44,383 [SKIP] len error : ['福Ｑ', '福証Q-Board']
2026-05-27 09:39:44,383 [SKIP] len error : ['①', '高い', '1,000回以上', '13.9%']
2026-05-27 09:39:44,383 [SKIP] len error : ['②', 'やや高い', '400回〜1,000回', '18.5%']
2026-05-27 09:39:44,383 [SKIP] len error : ['③', '中位', '50回〜400回', '39.0%']
2026-05-27 09:39:44,383 [SKIP] len error : ['④', 'やや低い', '10回〜50回', '17.6%']
2026-05-27 09:39:44,383 [SKIP] len error : ['⑤', '低い', '10回未満', '11.0%']
2026-05-27 09:39:44,384 560件 / ?件中 18:39
2026-05-27 09:39:44,417 [TOTAL] None
2026-05-27 09:39:44,417 [COUNT] 560
2026-05-27 09:39:45,286 [PAGE] 29
2026-05-27 09:39:45,536 [SKIP] len error : ['東P', '東証プライム']
2026-05-27 09:39:45,537 [SKIP] len error : ['東S', '東証スタンダード']
2026-05-27 09:39:45,537 [SKIP] len error : ['東G', '東証グロース']
2026-05-27 09:39:45,537 [SKIP] len error : ['東Ｅ', '東証ETF']
2026-05-27 09:39:45,537 [SKIP] len error : ['東EN', '東証ETN']
2026-05-27 09:39:45,537 [SKIP] len error : ['東Ｒ', '東証REIT']
2026-05-27 09:39:45,537 [SKIP] len error : ['東IF', '東証インフラファンド']
2026-05-27 09:39:45,537 [SKIP] len error : ['名Ｐ', '名証プレミア']
2026-05-27 09:39:45,537 [SKIP] len error : ['名M', '名証メイン']
2026-05-27 09:39:45,537 [SKIP] len error : ['名N', '名証ネクスト']
2026-05-27 09:39:45,537 [SKIP] len error : ['名Ｅ', '名証ETF']
2026-05-27 09:39:45,537 [SKIP] len error : ['札Ａ', '札証アンビシャス']
2026-05-27 09:39:45,537 [SKIP] len error : ['福Ｑ', '福証Q-Board']
2026-05-27 09:39:45,537 [SKIP] len error : ['①', '高い', '1,000回以上', '13.9%']
2026-05-27 09:39:45,537 [SKIP] len error : ['②', 'やや高い', '400回〜1,000回', '18.5%']
2026-05-27 09:39:45,537 [SKIP] len error : ['③', '中位', '50回〜400回', '39.0%']
2026-05-27 09:39:45,537 [SKIP] len error : ['④', 'やや低い', '10回〜50回', '17.6%']
2026-05-27 09:39:45,537 [SKIP] len error : ['⑤', '低い', '10回未満', '11.0%']
2026-05-27 09:39:45,537 580件 / ?件中 18:39
2026-05-27 09:39:45,571 [TOTAL] None
2026-05-27 09:39:45,571 [COUNT] 580
2026-05-27 09:39:46,506 [PAGE] 30
2026-05-27 09:39:46,766 [SKIP] len error : ['東P', '東証プライム']
2026-05-27 09:39:46,766 [SKIP] len error : ['東S', '東証スタンダード']
2026-05-27 09:39:46,766 [SKIP] len error : ['東G', '東証グロース']
2026-05-27 09:39:46,767 [SKIP] len error : ['東Ｅ', '東証ETF']
2026-05-27 09:39:46,767 [SKIP] len error : ['東EN', '東証ETN']
2026-05-27 09:39:46,767 [SKIP] len error : ['東Ｒ', '東証REIT']
2026-05-27 09:39:46,767 [SKIP] len error : ['東IF', '東証インフラファンド']
2026-05-27 09:39:46,767 [SKIP] len error : ['名Ｐ', '名証プレミア']
2026-05-27 09:39:46,767 [SKIP] len error : ['名M', '名証メイン']
2026-05-27 09:39:46,767 [SKIP] len error : ['名N', '名証ネクスト']
2026-05-27 09:39:46,767 [SKIP] len error : ['名Ｅ', '名証ETF']
2026-05-27 09:39:46,767 [SKIP] len error : ['札Ａ', '札証アンビシャス']
2026-05-27 09:39:46,767 [SKIP] len error : ['福Ｑ', '福証Q-Board']
2026-05-27 09:39:46,767 [SKIP] len error : ['①', '高い', '1,000回以上', '13.9%']
2026-05-27 09:39:46,767 [SKIP] len error : ['②', 'やや高い', '400回〜1,000回', '18.5%']
2026-05-27 09:39:46,767 [SKIP] len error : ['③', '中位', '50回〜400回', '39.0%']
2026-05-27 09:39:46,767 [SKIP] len error : ['④', 'やや低い', '10回〜50回', '17.6%']
2026-05-27 09:39:46,767 [SKIP] len error : ['⑤', '低い', '10回未満', '11.0%']
2026-05-27 09:39:46,767 600件 / ?件中 18:39
2026-05-27 09:39:46,838 [TOTAL] None
2026-05-27 09:39:46,838 [COUNT] 600
2026-05-27 09:39:47,969 [PAGE] 31
2026-05-27 09:39:48,231 [SKIP] len error : ['東P', '東証プライム']
2026-05-27 09:39:48,231 [SKIP] len error : ['東S', '東証スタンダード']
2026-05-27 09:39:48,231 [SKIP] len error : ['東G', '東証グロース']
2026-05-27 09:39:48,232 [SKIP] len error : ['東Ｅ', '東証ETF']
2026-05-27 09:39:48,232 [SKIP] len error : ['東EN', '東証ETN']
2026-05-27 09:39:48,232 [SKIP] len error : ['東Ｒ', '東証REIT']
2026-05-27 09:39:48,232 [SKIP] len error : ['東IF', '東証インフラファンド']
2026-05-27 09:39:48,232 [SKIP] len error : ['名Ｐ', '名証プレミア']
2026-05-27 09:39:48,232 [SKIP] len error : ['名M', '名証メイン']
2026-05-27 09:39:48,232 [SKIP] len error : ['名N', '名証ネクスト']
2026-05-27 09:39:48,232 [SKIP] len error : ['名Ｅ', '名証ETF']
2026-05-27 09:39:48,232 [SKIP] len error : ['札Ａ', '札証アンビシャス']
2026-05-27 09:39:48,232 [SKIP] len error : ['福Ｑ', '福証Q-Board']
2026-05-27 09:39:48,232 [SKIP] len error : ['①', '高い', '1,000回以上', '13.9%']
2026-05-27 09:39:48,232 [SKIP] len error : ['②', 'やや高い', '400回〜1,000回', '18.5%']
2026-05-27 09:39:48,232 [SKIP] len error : ['③', '中位', '50回〜400回', '39.0%']
2026-05-27 09:39:48,232 [SKIP] len error : ['④', 'やや低い', '10回〜50回', '17.6%']
2026-05-27 09:39:48,232 [SKIP] len error : ['⑤', '低い', '10回未満', '11.0%']
2026-05-27 09:39:48,232 620件 / ?件中 18:39
2026-05-27 09:39:48,266 [TOTAL] None
2026-05-27 09:39:48,266 [COUNT] 620
2026-05-27 09:39:48,960 [PAGE] 32
2026-05-27 09:39:49,236 [SKIP] len error : ['東P', '東証プライム']
2026-05-27 09:39:49,236 [SKIP] len error : ['東S', '東証スタンダード']
2026-05-27 09:39:49,236 [SKIP] len error : ['東G', '東証グロース']
2026-05-27 09:39:49,236 [SKIP] len error : ['東Ｅ', '東証ETF']
2026-05-27 09:39:49,236 [SKIP] len error : ['東EN', '東証ETN']
2026-05-27 09:39:49,236 [SKIP] len error : ['東Ｒ', '東証REIT']
2026-05-27 09:39:49,236 [SKIP] len error : ['東IF', '東証インフラファンド']
2026-05-27 09:39:49,236 [SKIP] len error : ['名Ｐ', '名証プレミア']
2026-05-27 09:39:49,236 [SKIP] len error : ['名M', '名証メイン']
2026-05-27 09:39:49,236 [SKIP] len error : ['名N', '名証ネクスト']
2026-05-27 09:39:49,236 [SKIP] len error : ['名Ｅ', '名証ETF']
2026-05-27 09:39:49,236 [SKIP] len error : ['札Ａ', '札証アンビシャス']
2026-05-27 09:39:49,236 [SKIP] len error : ['福Ｑ', '福証Q-Board']
2026-05-27 09:39:49,236 [SKIP] len error : ['①', '高い', '1,000回以上', '13.9%']
2026-05-27 09:39:49,236 [SKIP] len error : ['②', 'やや高い', '400回〜1,000回', '18.5%']
2026-05-27 09:39:49,236 [SKIP] len error : ['③', '中位', '50回〜400回', '39.0%']
2026-05-27 09:39:49,236 [SKIP] len error : ['④', 'やや低い', '10回〜50回', '17.6%']
2026-05-27 09:39:49,236 [SKIP] len error : ['⑤', '低い', '10回未満', '11.0%']
2026-05-27 09:39:49,237 640件 / ?件中 18:39
2026-05-27 09:39:49,270 [TOTAL] None
2026-05-27 09:39:49,270 [COUNT] 640
2026-05-27 09:39:50,127 [PAGE] 33
2026-05-27 09:39:50,414 [SKIP] len error : ['東P', '東証プライム']
2026-05-27 09:39:50,414 [SKIP] len error : ['東S', '東証スタンダード']
2026-05-27 09:39:50,414 [SKIP] len error : ['東G', '東証グロース']
2026-05-27 09:39:50,414 [SKIP] len error : ['東Ｅ', '東証ETF']
2026-05-27 09:39:50,414 [SKIP] len error : ['東EN', '東証ETN']
2026-05-27 09:39:50,414 [SKIP] len error : ['東Ｒ', '東証REIT']
2026-05-27 09:39:50,414 [SKIP] len error : ['東IF', '東証インフラファンド']
2026-05-27 09:39:50,414 [SKIP] len error : ['名Ｐ', '名証プレミア']
2026-05-27 09:39:50,414 [SKIP] len error : ['名M', '名証メイン']
2026-05-27 09:39:50,414 [SKIP] len error : ['名N', '名証ネクスト']
2026-05-27 09:39:50,414 [SKIP] len error : ['名Ｅ', '名証ETF']
2026-05-27 09:39:50,414 [SKIP] len error : ['札Ａ', '札証アンビシャス']
2026-05-27 09:39:50,414 [SKIP] len error : ['福Ｑ', '福証Q-Board']
2026-05-27 09:39:50,414 [SKIP] len error : ['①', '高い', '1,000回以上', '13.9%']
2026-05-27 09:39:50,414 [SKIP] len error : ['②', 'やや高い', '400回〜1,000回', '18.5%']
2026-05-27 09:39:50,414 [SKIP] len error : ['③', '中位', '50回〜400回', '39.0%']
2026-05-27 09:39:50,414 [SKIP] len error : ['④', 'やや低い', '10回〜50回', '17.6%']
2026-05-27 09:39:50,414 [SKIP] len error : ['⑤', '低い', '10回未満', '11.0%']
2026-05-27 09:39:50,415 660件 / ?件中 18:39
2026-05-27 09:39:50,448 [TOTAL] None
2026-05-27 09:39:50,448 [COUNT] 660
2026-05-27 09:39:51,783 [PAGE] 34
2026-05-27 09:39:52,061 [SKIP] len error : ['東P', '東証プライム']
2026-05-27 09:39:52,061 [SKIP] len error : ['東S', '東証スタンダード']
2026-05-27 09:39:52,061 [SKIP] len error : ['東G', '東証グロース']
2026-05-27 09:39:52,061 [SKIP] len error : ['東Ｅ', '東証ETF']
2026-05-27 09:39:52,061 [SKIP] len error : ['東EN', '東証ETN']
2026-05-27 09:39:52,061 [SKIP] len error : ['東Ｒ', '東証REIT']
2026-05-27 09:39:52,061 [SKIP] len error : ['東IF', '東証インフラファンド']
2026-05-27 09:39:52,061 [SKIP] len error : ['名Ｐ', '名証プレミア']
2026-05-27 09:39:52,061 [SKIP] len error : ['名M', '名証メイン']
2026-05-27 09:39:52,061 [SKIP] len error : ['名N', '名証ネクスト']
2026-05-27 09:39:52,061 [SKIP] len error : ['名Ｅ', '名証ETF']
2026-05-27 09:39:52,061 [SKIP] len error : ['札Ａ', '札証アンビシャス']
2026-05-27 09:39:52,061 [SKIP] len error : ['福Ｑ', '福証Q-Board']
2026-05-27 09:39:52,061 [SKIP] len error : ['①', '高い', '1,000回以上', '13.9%']
2026-05-27 09:39:52,061 [SKIP] len error : ['②', 'やや高い', '400回〜1,000回', '18.5%']
2026-05-27 09:39:52,061 [SKIP] len error : ['③', '中位', '50回〜400回', '39.0%']
2026-05-27 09:39:52,061 [SKIP] len error : ['④', 'やや低い', '10回〜50回', '17.6%']
2026-05-27 09:39:52,061 [SKIP] len error : ['⑤', '低い', '10回未満', '11.0%']
2026-05-27 09:39:52,062 680件 / ?件中 18:39
2026-05-27 09:39:52,096 [TOTAL] None
2026-05-27 09:39:52,096 [COUNT] 680
2026-05-27 09:39:53,413 [PAGE] 35
2026-05-27 09:39:53,725 [SKIP] len error : ['東P', '東証プライム']
2026-05-27 09:39:53,726 [SKIP] len error : ['東S', '東証スタンダード']
2026-05-27 09:39:53,726 [SKIP] len error : ['東G', '東証グロース']
2026-05-27 09:39:53,726 [SKIP] len error : ['東Ｅ', '東証ETF']
2026-05-27 09:39:53,726 [SKIP] len error : ['東EN', '東証ETN']
2026-05-27 09:39:53,726 [SKIP] len error : ['東Ｒ', '東証REIT']
2026-05-27 09:39:53,726 [SKIP] len error : ['東IF', '東証インフラファンド']
2026-05-27 09:39:53,726 [SKIP] len error : ['名Ｐ', '名証プレミア']
2026-05-27 09:39:53,726 [SKIP] len error : ['名M', '名証メイン']
2026-05-27 09:39:53,726 [SKIP] len error : ['名N', '名証ネクスト']
2026-05-27 09:39:53,726 [SKIP] len error : ['名Ｅ', '名証ETF']
2026-05-27 09:39:53,726 [SKIP] len error : ['札Ａ', '札証アンビシャス']
2026-05-27 09:39:53,726 [SKIP] len error : ['福Ｑ', '福証Q-Board']
2026-05-27 09:39:53,726 [SKIP] len error : ['①', '高い', '1,000回以上', '13.9%']
2026-05-27 09:39:53,726 [SKIP] len error : ['②', 'やや高い', '400回〜1,000回', '18.5%']
2026-05-27 09:39:53,726 [SKIP] len error : ['③', '中位', '50回〜400回', '39.0%']
2026-05-27 09:39:53,726 [SKIP] len error : ['④', 'やや低い', '10回〜50回', '17.6%']
2026-05-27 09:39:53,726 [SKIP] len error : ['⑤', '低い', '10回未満', '11.0%']
2026-05-27 09:39:53,726 700件 / ?件中 18:39
2026-05-27 09:39:53,759 [TOTAL] None
2026-05-27 09:39:53,760 [COUNT] 700
2026-05-27 09:39:54,519 [PAGE] 36
2026-05-27 09:39:54,806 [SKIP] len error : ['東P', '東証プライム']
2026-05-27 09:39:54,806 [SKIP] len error : ['東S', '東証スタンダード']
2026-05-27 09:39:54,806 [SKIP] len error : ['東G', '東証グロース']
2026-05-27 09:39:54,806 [SKIP] len error : ['東Ｅ', '東証ETF']
2026-05-27 09:39:54,806 [SKIP] len error : ['東EN', '東証ETN']
2026-05-27 09:39:54,806 [SKIP] len error : ['東Ｒ', '東証REIT']
2026-05-27 09:39:54,806 [SKIP] len error : ['東IF', '東証インフラファンド']
2026-05-27 09:39:54,806 [SKIP] len error : ['名Ｐ', '名証プレミア']
2026-05-27 09:39:54,806 [SKIP] len error : ['名M', '名証メイン']
2026-05-27 09:39:54,806 [SKIP] len error : ['名N', '名証ネクスト']
2026-05-27 09:39:54,807 [SKIP] len error : ['名Ｅ', '名証ETF']
2026-05-27 09:39:54,807 [SKIP] len error : ['札Ａ', '札証アンビシャス']
2026-05-27 09:39:54,807 [SKIP] len error : ['福Ｑ', '福証Q-Board']
2026-05-27 09:39:54,807 [SKIP] len error : ['①', '高い', '1,000回以上', '13.9%']
2026-05-27 09:39:54,807 [SKIP] len error : ['②', 'やや高い', '400回〜1,000回', '18.5%']
2026-05-27 09:39:54,807 [SKIP] len error : ['③', '中位', '50回〜400回', '39.0%']
2026-05-27 09:39:54,807 [SKIP] len error : ['④', 'やや低い', '10回〜50回', '17.6%']
2026-05-27 09:39:54,807 [SKIP] len error : ['⑤', '低い', '10回未満', '11.0%']
2026-05-27 09:39:54,807 720件 / ?件中 18:39
2026-05-27 09:39:54,841 [TOTAL] None
2026-05-27 09:39:54,841 [COUNT] 720
2026-05-27 09:39:55,787 [PAGE] 37
2026-05-27 09:39:56,062 [SKIP] len error : ['東P', '東証プライム']
2026-05-27 09:39:56,062 [SKIP] len error : ['東S', '東証スタンダード']
2026-05-27 09:39:56,062 [SKIP] len error : ['東G', '東証グロース']
2026-05-27 09:39:56,062 [SKIP] len error : ['東Ｅ', '東証ETF']
2026-05-27 09:39:56,062 [SKIP] len error : ['東EN', '東証ETN']
2026-05-27 09:39:56,062 [SKIP] len error : ['東Ｒ', '東証REIT']
2026-05-27 09:39:56,062 [SKIP] len error : ['東IF', '東証インフラファンド']
2026-05-27 09:39:56,062 [SKIP] len error : ['名Ｐ', '名証プレミア']
2026-05-27 09:39:56,062 [SKIP] len error : ['名M', '名証メイン']
2026-05-27 09:39:56,062 [SKIP] len error : ['名N', '名証ネクスト']
2026-05-27 09:39:56,062 [SKIP] len error : ['名Ｅ', '名証ETF']
2026-05-27 09:39:56,062 [SKIP] len error : ['札Ａ', '札証アンビシャス']
2026-05-27 09:39:56,062 [SKIP] len error : ['福Ｑ', '福証Q-Board']
2026-05-27 09:39:56,062 [SKIP] len error : ['①', '高い', '1,000回以上', '13.9%']
2026-05-27 09:39:56,062 [SKIP] len error : ['②', 'やや高い', '400回〜1,000回', '18.5%']
2026-05-27 09:39:56,062 [SKIP] len error : ['③', '中位', '50回〜400回', '39.0%']
2026-05-27 09:39:56,062 [SKIP] len error : ['④', 'やや低い', '10回〜50回', '17.6%']
2026-05-27 09:39:56,062 [SKIP] len error : ['⑤', '低い', '10回未満', '11.0%']
2026-05-27 09:39:56,062 740件 / ?件中 18:39
2026-05-27 09:39:56,096 [TOTAL] None
2026-05-27 09:39:56,096 [COUNT] 740
2026-05-27 09:39:56,762 [PAGE] 38
2026-05-27 09:39:57,045 [SKIP] len error : ['東P', '東証プライム']
2026-05-27 09:39:57,045 [SKIP] len error : ['東S', '東証スタンダード']
2026-05-27 09:39:57,045 [SKIP] len error : ['東G', '東証グロース']
2026-05-27 09:39:57,045 [SKIP] len error : ['東Ｅ', '東証ETF']
2026-05-27 09:39:57,045 [SKIP] len error : ['東EN', '東証ETN']
2026-05-27 09:39:57,045 [SKIP] len error : ['東Ｒ', '東証REIT']
2026-05-27 09:39:57,045 [SKIP] len error : ['東IF', '東証インフラファンド']
2026-05-27 09:39:57,045 [SKIP] len error : ['名Ｐ', '名証プレミア']
2026-05-27 09:39:57,045 [SKIP] len error : ['名M', '名証メイン']
2026-05-27 09:39:57,045 [SKIP] len error : ['名N', '名証ネクスト']
2026-05-27 09:39:57,045 [SKIP] len error : ['名Ｅ', '名証ETF']
2026-05-27 09:39:57,045 [SKIP] len error : ['札Ａ', '札証アンビシャス']
2026-05-27 09:39:57,045 [SKIP] len error : ['福Ｑ', '福証Q-Board']
2026-05-27 09:39:57,045 [SKIP] len error : ['①', '高い', '1,000回以上', '13.9%']
2026-05-27 09:39:57,045 [SKIP] len error : ['②', 'やや高い', '400回〜1,000回', '18.5%']
2026-05-27 09:39:57,045 [SKIP] len error : ['③', '中位', '50回〜400回', '39.0%']
2026-05-27 09:39:57,045 [SKIP] len error : ['④', 'やや低い', '10回〜50回', '17.6%']
2026-05-27 09:39:57,045 [SKIP] len error : ['⑤', '低い', '10回未満', '11.0%']
2026-05-27 09:39:57,045 760件 / ?件中 18:39
2026-05-27 09:39:57,078 [TOTAL] None
2026-05-27 09:39:57,078 [COUNT] 760
2026-05-27 09:39:57,856 [PAGE] 39
2026-05-27 09:39:58,127 [SKIP] len error : ['東P', '東証プライム']
2026-05-27 09:39:58,127 [SKIP] len error : ['東S', '東証スタンダード']
2026-05-27 09:39:58,127 [SKIP] len error : ['東G', '東証グロース']
2026-05-27 09:39:58,127 [SKIP] len error : ['東Ｅ', '東証ETF']
2026-05-27 09:39:58,127 [SKIP] len error : ['東EN', '東証ETN']
2026-05-27 09:39:58,127 [SKIP] len error : ['東Ｒ', '東証REIT']
2026-05-27 09:39:58,127 [SKIP] len error : ['東IF', '東証インフラファンド']
2026-05-27 09:39:58,127 [SKIP] len error : ['名Ｐ', '名証プレミア']
2026-05-27 09:39:58,127 [SKIP] len error : ['名M', '名証メイン']
2026-05-27 09:39:58,127 [SKIP] len error : ['名N', '名証ネクスト']
2026-05-27 09:39:58,127 [SKIP] len error : ['名Ｅ', '名証ETF']
2026-05-27 09:39:58,127 [SKIP] len error : ['札Ａ', '札証アンビシャス']
2026-05-27 09:39:58,127 [SKIP] len error : ['福Ｑ', '福証Q-Board']
2026-05-27 09:39:58,127 [SKIP] len error : ['①', '高い', '1,000回以上', '13.9%']
2026-05-27 09:39:58,127 [SKIP] len error : ['②', 'やや高い', '400回〜1,000回', '18.5%']
2026-05-27 09:39:58,127 [SKIP] len error : ['③', '中位', '50回〜400回', '39.0%']
2026-05-27 09:39:58,127 [SKIP] len error : ['④', 'やや低い', '10回〜50回', '17.6%']
2026-05-27 09:39:58,127 [SKIP] len error : ['⑤', '低い', '10回未満', '11.0%']
2026-05-27 09:39:58,128 780件 / ?件中 18:39
2026-05-27 09:39:58,161 [TOTAL] None
2026-05-27 09:39:58,161 [COUNT] 780
2026-05-27 09:39:58,684 [PAGE] 40
2026-05-27 09:39:59,042 [SKIP] len error : ['東P', '東証プライム']
2026-05-27 09:39:59,042 [SKIP] len error : ['東S', '東証スタンダード']
2026-05-27 09:39:59,042 [SKIP] len error : ['東G', '東証グロース']
2026-05-27 09:39:59,042 [SKIP] len error : ['東Ｅ', '東証ETF']
2026-05-27 09:39:59,042 [SKIP] len error : ['東EN', '東証ETN']
2026-05-27 09:39:59,042 [SKIP] len error : ['東Ｒ', '東証REIT']
2026-05-27 09:39:59,042 [SKIP] len error : ['東IF', '東証インフラファンド']
2026-05-27 09:39:59,042 [SKIP] len error : ['名Ｐ', '名証プレミア']
2026-05-27 09:39:59,042 [SKIP] len error : ['名M', '名証メイン']
2026-05-27 09:39:59,042 [SKIP] len error : ['名N', '名証ネクスト']
2026-05-27 09:39:59,042 [SKIP] len error : ['名Ｅ', '名証ETF']
2026-05-27 09:39:59,042 [SKIP] len error : ['札Ａ', '札証アンビシャス']
2026-05-27 09:39:59,042 [SKIP] len error : ['福Ｑ', '福証Q-Board']
2026-05-27 09:39:59,042 [SKIP] len error : ['①', '高い', '1,000回以上', '13.9%']
2026-05-27 09:39:59,042 [SKIP] len error : ['②', 'やや高い', '400回〜1,000回', '18.5%']
2026-05-27 09:39:59,042 [SKIP] len error : ['③', '中位', '50回〜400回', '39.0%']
2026-05-27 09:39:59,042 [SKIP] len error : ['④', 'やや低い', '10回〜50回', '17.6%']
2026-05-27 09:39:59,042 [SKIP] len error : ['⑤', '低い', '10回未満', '11.0%']
2026-05-27 09:39:59,042 800件 / ?件中 18:39
2026-05-27 09:39:59,077 [TOTAL] None
2026-05-27 09:39:59,077 [COUNT] 800
2026-05-27 09:39:59,876 [PAGE] 41
2026-05-27 09:40:00,150 [SKIP] len error : ['東P', '東証プライム']
2026-05-27 09:40:00,150 [SKIP] len error : ['東S', '東証スタンダード']
2026-05-27 09:40:00,150 [SKIP] len error : ['東G', '東証グロース']
2026-05-27 09:40:00,150 [SKIP] len error : ['東Ｅ', '東証ETF']
2026-05-27 09:40:00,150 [SKIP] len error : ['東EN', '東証ETN']
2026-05-27 09:40:00,150 [SKIP] len error : ['東Ｒ', '東証REIT']
2026-05-27 09:40:00,150 [SKIP] len error : ['東IF', '東証インフラファンド']
2026-05-27 09:40:00,150 [SKIP] len error : ['名Ｐ', '名証プレミア']
2026-05-27 09:40:00,150 [SKIP] len error : ['名M', '名証メイン']
2026-05-27 09:40:00,151 [SKIP] len error : ['名N', '名証ネクスト']
2026-05-27 09:40:00,151 [SKIP] len error : ['名Ｅ', '名証ETF']
2026-05-27 09:40:00,151 [SKIP] len error : ['札Ａ', '札証アンビシャス']
2026-05-27 09:40:00,151 [SKIP] len error : ['福Ｑ', '福証Q-Board']
2026-05-27 09:40:00,151 [SKIP] len error : ['①', '高い', '1,000回以上', '13.9%']
2026-05-27 09:40:00,151 [SKIP] len error : ['②', 'やや高い', '400回〜1,000回', '18.5%']
2026-05-27 09:40:00,151 [SKIP] len error : ['③', '中位', '50回〜400回', '39.0%']
2026-05-27 09:40:00,151 [SKIP] len error : ['④', 'やや低い', '10回〜50回', '17.6%']
2026-05-27 09:40:00,151 [SKIP] len error : ['⑤', '低い', '10回未満', '11.0%']
2026-05-27 09:40:00,151 820件 / ?件中 18:40
2026-05-27 09:40:00,185 [TOTAL] None
2026-05-27 09:40:00,185 [COUNT] 820
2026-05-27 09:40:01,047 [PAGE] 42
2026-05-27 09:40:01,305 [SKIP] len error : ['東P', '東証プライム']
2026-05-27 09:40:01,305 [SKIP] len error : ['東S', '東証スタンダード']
2026-05-27 09:40:01,306 [SKIP] len error : ['東G', '東証グロース']
2026-05-27 09:40:01,306 [SKIP] len error : ['東Ｅ', '東証ETF']
2026-05-27 09:40:01,306 [SKIP] len error : ['東EN', '東証ETN']
2026-05-27 09:40:01,306 [SKIP] len error : ['東Ｒ', '東証REIT']
2026-05-27 09:40:01,306 [SKIP] len error : ['東IF', '東証インフラファンド']
2026-05-27 09:40:01,306 [SKIP] len error : ['名Ｐ', '名証プレミア']
2026-05-27 09:40:01,306 [SKIP] len error : ['名M', '名証メイン']
2026-05-27 09:40:01,306 [SKIP] len error : ['名N', '名証ネクスト']
2026-05-27 09:40:01,306 [SKIP] len error : ['名Ｅ', '名証ETF']
2026-05-27 09:40:01,306 [SKIP] len error : ['札Ａ', '札証アンビシャス']
2026-05-27 09:40:01,306 [SKIP] len error : ['福Ｑ', '福証Q-Board']
2026-05-27 09:40:01,306 [SKIP] len error : ['①', '高い', '1,000回以上', '13.9%']
2026-05-27 09:40:01,306 [SKIP] len error : ['②', 'やや高い', '400回〜1,000回', '18.5%']
2026-05-27 09:40:01,306 [SKIP] len error : ['③', '中位', '50回〜400回', '39.0%']
2026-05-27 09:40:01,306 [SKIP] len error : ['④', 'やや低い', '10回〜50回', '17.6%']
2026-05-27 09:40:01,306 [SKIP] len error : ['⑤', '低い', '10回未満', '11.0%']
2026-05-27 09:40:01,306 840件 / ?件中 18:40
2026-05-27 09:40:01,340 [TOTAL] None
2026-05-27 09:40:01,340 [COUNT] 840
2026-05-27 09:40:02,482 [PAGE] 43
2026-05-27 09:40:02,746 [SKIP] len error : ['東P', '東証プライム']
2026-05-27 09:40:02,746 [SKIP] len error : ['東S', '東証スタンダード']
2026-05-27 09:40:02,746 [SKIP] len error : ['東G', '東証グロース']
2026-05-27 09:40:02,746 [SKIP] len error : ['東Ｅ', '東証ETF']
2026-05-27 09:40:02,746 [SKIP] len error : ['東EN', '東証ETN']
2026-05-27 09:40:02,746 [SKIP] len error : ['東Ｒ', '東証REIT']
2026-05-27 09:40:02,746 [SKIP] len error : ['東IF', '東証インフラファンド']
2026-05-27 09:40:02,746 [SKIP] len error : ['名Ｐ', '名証プレミア']
2026-05-27 09:40:02,746 [SKIP] len error : ['名M', '名証メイン']
2026-05-27 09:40:02,746 [SKIP] len error : ['名N', '名証ネクスト']
2026-05-27 09:40:02,746 [SKIP] len error : ['名Ｅ', '名証ETF']
2026-05-27 09:40:02,746 [SKIP] len error : ['札Ａ', '札証アンビシャス']
2026-05-27 09:40:02,746 [SKIP] len error : ['福Ｑ', '福証Q-Board']
2026-05-27 09:40:02,746 [SKIP] len error : ['①', '高い', '1,000回以上', '13.9%']
2026-05-27 09:40:02,746 [SKIP] len error : ['②', 'やや高い', '400回〜1,000回', '18.5%']
2026-05-27 09:40:02,746 [SKIP] len error : ['③', '中位', '50回〜400回', '39.0%']
2026-05-27 09:40:02,746 [SKIP] len error : ['④', 'やや低い', '10回〜50回', '17.6%']
2026-05-27 09:40:02,746 [SKIP] len error : ['⑤', '低い', '10回未満', '11.0%']
2026-05-27 09:40:02,747 860件 / ?件中 18:40
2026-05-27 09:40:02,780 [TOTAL] None
2026-05-27 09:40:02,780 [COUNT] 860
2026-05-27 09:40:03,908 [PAGE] 44
2026-05-27 09:40:04,171 [SKIP] len error : ['東P', '東証プライム']
2026-05-27 09:40:04,171 [SKIP] len error : ['東S', '東証スタンダード']
2026-05-27 09:40:04,171 [SKIP] len error : ['東G', '東証グロース']
2026-05-27 09:40:04,171 [SKIP] len error : ['東Ｅ', '東証ETF']
2026-05-27 09:40:04,171 [SKIP] len error : ['東EN', '東証ETN']
2026-05-27 09:40:04,171 [SKIP] len error : ['東Ｒ', '東証REIT']
2026-05-27 09:40:04,171 [SKIP] len error : ['東IF', '東証インフラファンド']
2026-05-27 09:40:04,171 [SKIP] len error : ['名Ｐ', '名証プレミア']
2026-05-27 09:40:04,171 [SKIP] len error : ['名M', '名証メイン']
2026-05-27 09:40:04,171 [SKIP] len error : ['名N', '名証ネクスト']
2026-05-27 09:40:04,171 [SKIP] len error : ['名Ｅ', '名証ETF']
2026-05-27 09:40:04,171 [SKIP] len error : ['札Ａ', '札証アンビシャス']
2026-05-27 09:40:04,171 [SKIP] len error : ['福Ｑ', '福証Q-Board']
2026-05-27 09:40:04,171 [SKIP] len error : ['①', '高い', '1,000回以上', '13.9%']
2026-05-27 09:40:04,171 [SKIP] len error : ['②', 'やや高い', '400回〜1,000回', '18.5%']
2026-05-27 09:40:04,171 [SKIP] len error : ['③', '中位', '50回〜400回', '39.0%']
2026-05-27 09:40:04,171 [SKIP] len error : ['④', 'やや低い', '10回〜50回', '17.6%']
2026-05-27 09:40:04,171 [SKIP] len error : ['⑤', '低い', '10回未満', '11.0%']
2026-05-27 09:40:04,171 880件 / ?件中 18:40
2026-05-27 09:40:04,245 [TOTAL] None
2026-05-27 09:40:04,245 [COUNT] 880
2026-05-27 09:40:05,150 [PAGE] 45
2026-05-27 09:40:05,431 [SKIP] len error : ['東P', '東証プライム']
2026-05-27 09:40:05,431 [SKIP] len error : ['東S', '東証スタンダード']
2026-05-27 09:40:05,431 [SKIP] len error : ['東G', '東証グロース']
2026-05-27 09:40:05,431 [SKIP] len error : ['東Ｅ', '東証ETF']
2026-05-27 09:40:05,431 [SKIP] len error : ['東EN', '東証ETN']
2026-05-27 09:40:05,431 [SKIP] len error : ['東Ｒ', '東証REIT']
2026-05-27 09:40:05,431 [SKIP] len error : ['東IF', '東証インフラファンド']
2026-05-27 09:40:05,431 [SKIP] len error : ['名Ｐ', '名証プレミア']
2026-05-27 09:40:05,431 [SKIP] len error : ['名M', '名証メイン']
2026-05-27 09:40:05,431 [SKIP] len error : ['名N', '名証ネクスト']
2026-05-27 09:40:05,431 [SKIP] len error : ['名Ｅ', '名証ETF']
2026-05-27 09:40:05,431 [SKIP] len error : ['札Ａ', '札証アンビシャス']
2026-05-27 09:40:05,431 [SKIP] len error : ['福Ｑ', '福証Q-Board']
2026-05-27 09:40:05,431 [SKIP] len error : ['①', '高い', '1,000回以上', '13.9%']
2026-05-27 09:40:05,431 [SKIP] len error : ['②', 'やや高い', '400回〜1,000回', '18.5%']
2026-05-27 09:40:05,431 [SKIP] len error : ['③', '中位', '50回〜400回', '39.0%']
2026-05-27 09:40:05,431 [SKIP] len error : ['④', 'やや低い', '10回〜50回', '17.6%']
2026-05-27 09:40:05,431 [SKIP] len error : ['⑤', '低い', '10回未満', '11.0%']
2026-05-27 09:40:05,431 900件 / ?件中 18:40
2026-05-27 09:40:05,465 [TOTAL] None
2026-05-27 09:40:05,466 [COUNT] 900
2026-05-27 09:40:06,212 [PAGE] 46
2026-05-27 09:40:06,476 [SKIP] len error : ['東P', '東証プライム']
2026-05-27 09:40:06,476 [SKIP] len error : ['東S', '東証スタンダード']
2026-05-27 09:40:06,476 [SKIP] len error : ['東G', '東証グロース']
2026-05-27 09:40:06,476 [SKIP] len error : ['東Ｅ', '東証ETF']
2026-05-27 09:40:06,476 [SKIP] len error : ['東EN', '東証ETN']
2026-05-27 09:40:06,476 [SKIP] len error : ['東Ｒ', '東証REIT']
2026-05-27 09:40:06,476 [SKIP] len error : ['東IF', '東証インフラファンド']
2026-05-27 09:40:06,476 [SKIP] len error : ['名Ｐ', '名証プレミア']
2026-05-27 09:40:06,476 [SKIP] len error : ['名M', '名証メイン']
2026-05-27 09:40:06,476 [SKIP] len error : ['名N', '名証ネクスト']
2026-05-27 09:40:06,476 [SKIP] len error : ['名Ｅ', '名証ETF']
2026-05-27 09:40:06,476 [SKIP] len error : ['札Ａ', '札証アンビシャス']
2026-05-27 09:40:06,476 [SKIP] len error : ['福Ｑ', '福証Q-Board']
2026-05-27 09:40:06,476 [SKIP] len error : ['①', '高い', '1,000回以上', '13.9%']
2026-05-27 09:40:06,476 [SKIP] len error : ['②', 'やや高い', '400回〜1,000回', '18.5%']
2026-05-27 09:40:06,477 [SKIP] len error : ['③', '中位', '50回〜400回', '39.0%']
2026-05-27 09:40:06,477 [SKIP] len error : ['④', 'やや低い', '10回〜50回', '17.6%']
2026-05-27 09:40:06,477 [SKIP] len error : ['⑤', '低い', '10回未満', '11.0%']
2026-05-27 09:40:06,477 920件 / ?件中 18:40
2026-05-27 09:40:06,511 [TOTAL] None
2026-05-27 09:40:06,511 [COUNT] 920
2026-05-27 09:40:07,680 [PAGE] 47
2026-05-27 09:40:07,952 [SKIP] len error : ['東P', '東証プライム']
2026-05-27 09:40:07,952 [SKIP] len error : ['東S', '東証スタンダード']
2026-05-27 09:40:07,952 [SKIP] len error : ['東G', '東証グロース']
2026-05-27 09:40:07,952 [SKIP] len error : ['東Ｅ', '東証ETF']
2026-05-27 09:40:07,952 [SKIP] len error : ['東EN', '東証ETN']
2026-05-27 09:40:07,952 [SKIP] len error : ['東Ｒ', '東証REIT']
2026-05-27 09:40:07,952 [SKIP] len error : ['東IF', '東証インフラファンド']
2026-05-27 09:40:07,952 [SKIP] len error : ['名Ｐ', '名証プレミア']
2026-05-27 09:40:07,952 [SKIP] len error : ['名M', '名証メイン']
2026-05-27 09:40:07,952 [SKIP] len error : ['名N', '名証ネクスト']
2026-05-27 09:40:07,952 [SKIP] len error : ['名Ｅ', '名証ETF']
2026-05-27 09:40:07,952 [SKIP] len error : ['札Ａ', '札証アンビシャス']
2026-05-27 09:40:07,952 [SKIP] len error : ['福Ｑ', '福証Q-Board']
2026-05-27 09:40:07,952 [SKIP] len error : ['①', '高い', '1,000回以上', '13.9%']
2026-05-27 09:40:07,952 [SKIP] len error : ['②', 'やや高い', '400回〜1,000回', '18.5%']
2026-05-27 09:40:07,952 [SKIP] len error : ['③', '中位', '50回〜400回', '39.0%']
2026-05-27 09:40:07,952 [SKIP] len error : ['④', 'やや低い', '10回〜50回', '17.6%']
2026-05-27 09:40:07,952 [SKIP] len error : ['⑤', '低い', '10回未満', '11.0%']
2026-05-27 09:40:07,953 940件 / ?件中 18:40
2026-05-27 09:40:07,987 [TOTAL] None
2026-05-27 09:40:07,987 [COUNT] 940
2026-05-27 09:40:08,734 [PAGE] 48
2026-05-27 09:40:09,011 [SKIP] len error : ['東P', '東証プライム']
2026-05-27 09:40:09,011 [SKIP] len error : ['東S', '東証スタンダード']
2026-05-27 09:40:09,011 [SKIP] len error : ['東G', '東証グロース']
2026-05-27 09:40:09,011 [SKIP] len error : ['東Ｅ', '東証ETF']
2026-05-27 09:40:09,011 [SKIP] len error : ['東EN', '東証ETN']
2026-05-27 09:40:09,011 [SKIP] len error : ['東Ｒ', '東証REIT']
2026-05-27 09:40:09,011 [SKIP] len error : ['東IF', '東証インフラファンド']
2026-05-27 09:40:09,011 [SKIP] len error : ['名Ｐ', '名証プレミア']
2026-05-27 09:40:09,011 [SKIP] len error : ['名M', '名証メイン']
2026-05-27 09:40:09,011 [SKIP] len error : ['名N', '名証ネクスト']
2026-05-27 09:40:09,011 [SKIP] len error : ['名Ｅ', '名証ETF']
2026-05-27 09:40:09,011 [SKIP] len error : ['札Ａ', '札証アンビシャス']
2026-05-27 09:40:09,011 [SKIP] len error : ['福Ｑ', '福証Q-Board']
2026-05-27 09:40:09,011 [SKIP] len error : ['①', '高い', '1,000回以上', '13.9%']
2026-05-27 09:40:09,011 [SKIP] len error : ['②', 'やや高い', '400回〜1,000回', '18.5%']
2026-05-27 09:40:09,011 [SKIP] len error : ['③', '中位', '50回〜400回', '39.0%']
2026-05-27 09:40:09,011 [SKIP] len error : ['④', 'やや低い', '10回〜50回', '17.6%']
2026-05-27 09:40:09,012 [SKIP] len error : ['⑤', '低い', '10回未満', '11.0%']
2026-05-27 09:40:09,012 960件 / ?件中 18:40
2026-05-27 09:40:09,049 [TOTAL] None
2026-05-27 09:40:09,049 [COUNT] 960
2026-05-27 09:40:09,764 [PAGE] 49
2026-05-27 09:40:10,022 [SKIP] len error : ['東P', '東証プライム']
2026-05-27 09:40:10,022 [SKIP] len error : ['東S', '東証スタンダード']
2026-05-27 09:40:10,022 [SKIP] len error : ['東G', '東証グロース']
2026-05-27 09:40:10,022 [SKIP] len error : ['東Ｅ', '東証ETF']
2026-05-27 09:40:10,022 [SKIP] len error : ['東EN', '東証ETN']
2026-05-27 09:40:10,022 [SKIP] len error : ['東Ｒ', '東証REIT']
2026-05-27 09:40:10,022 [SKIP] len error : ['東IF', '東証インフラファンド']
2026-05-27 09:40:10,022 [SKIP] len error : ['名Ｐ', '名証プレミア']
2026-05-27 09:40:10,022 [SKIP] len error : ['名M', '名証メイン']
2026-05-27 09:40:10,022 [SKIP] len error : ['名N', '名証ネクスト']
2026-05-27 09:40:10,022 [SKIP] len error : ['名Ｅ', '名証ETF']
2026-05-27 09:40:10,023 [SKIP] len error : ['札Ａ', '札証アンビシャス']
2026-05-27 09:40:10,023 [SKIP] len error : ['福Ｑ', '福証Q-Board']
2026-05-27 09:40:10,023 [SKIP] len error : ['①', '高い', '1,000回以上', '13.9%']
2026-05-27 09:40:10,023 [SKIP] len error : ['②', 'やや高い', '400回〜1,000回', '18.5%']
2026-05-27 09:40:10,023 [SKIP] len error : ['③', '中位', '50回〜400回', '39.0%']
2026-05-27 09:40:10,023 [SKIP] len error : ['④', 'やや低い', '10回〜50回', '17.6%']
2026-05-27 09:40:10,023 [SKIP] len error : ['⑤', '低い', '10回未満', '11.0%']
2026-05-27 09:40:10,023 980件 / ?件中 18:40
2026-05-27 09:40:10,105 [TOTAL] None
2026-05-27 09:40:10,105 [COUNT] 980
2026-05-27 09:40:11,155 [PAGE] 50
2026-05-27 09:40:11,429 [SKIP] len error : ['東P', '東証プライム']
2026-05-27 09:40:11,429 [SKIP] len error : ['東S', '東証スタンダード']
2026-05-27 09:40:11,429 [SKIP] len error : ['東G', '東証グロース']
2026-05-27 09:40:11,429 [SKIP] len error : ['東Ｅ', '東証ETF']
2026-05-27 09:40:11,429 [SKIP] len error : ['東EN', '東証ETN']
2026-05-27 09:40:11,429 [SKIP] len error : ['東Ｒ', '東証REIT']
2026-05-27 09:40:11,429 [SKIP] len error : ['東IF', '東証インフラファンド']
2026-05-27 09:40:11,429 [SKIP] len error : ['名Ｐ', '名証プレミア']
2026-05-27 09:40:11,429 [SKIP] len error : ['名M', '名証メイン']
2026-05-27 09:40:11,429 [SKIP] len error : ['名N', '名証ネクスト']
2026-05-27 09:40:11,429 [SKIP] len error : ['名Ｅ', '名証ETF']
2026-05-27 09:40:11,429 [SKIP] len error : ['札Ａ', '札証アンビシャス']
2026-05-27 09:40:11,429 [SKIP] len error : ['福Ｑ', '福証Q-Board']
2026-05-27 09:40:11,429 [SKIP] len error : ['①', '高い', '1,000回以上', '13.9%']
2026-05-27 09:40:11,429 [SKIP] len error : ['②', 'やや高い', '400回〜1,000回', '18.5%']
2026-05-27 09:40:11,429 [SKIP] len error : ['③', '中位', '50回〜400回', '39.0%']
2026-05-27 09:40:11,429 [SKIP] len error : ['④', 'やや低い', '10回〜50回', '17.6%']
2026-05-27 09:40:11,429 [SKIP] len error : ['⑤', '低い', '10回未満', '11.0%']
2026-05-27 09:40:11,429 1000件 / ?件中 18:40
2026-05-27 09:40:11,464 [TOTAL] None
2026-05-27 09:40:11,464 [COUNT] 1000
2026-05-27 09:40:12,278 [PAGE] 51
2026-05-27 09:40:12,528 [SKIP] len error : ['東P', '東証プライム']
2026-05-27 09:40:12,528 [SKIP] len error : ['東S', '東証スタンダード']
2026-05-27 09:40:12,528 [SKIP] len error : ['東G', '東証グロース']
2026-05-27 09:40:12,528 [SKIP] len error : ['東Ｅ', '東証ETF']
2026-05-27 09:40:12,528 [SKIP] len error : ['東EN', '東証ETN']
2026-05-27 09:40:12,528 [SKIP] len error : ['東Ｒ', '東証REIT']
2026-05-27 09:40:12,528 [SKIP] len error : ['東IF', '東証インフラファンド']
2026-05-27 09:40:12,528 [SKIP] len error : ['名Ｐ', '名証プレミア']
2026-05-27 09:40:12,528 [SKIP] len error : ['名M', '名証メイン']
2026-05-27 09:40:12,528 [SKIP] len error : ['名N', '名証ネクスト']
2026-05-27 09:40:12,528 [SKIP] len error : ['名Ｅ', '名証ETF']
2026-05-27 09:40:12,528 [SKIP] len error : ['札Ａ', '札証アンビシャス']
2026-05-27 09:40:12,528 [SKIP] len error : ['福Ｑ', '福証Q-Board']
2026-05-27 09:40:12,528 [SKIP] len error : ['①', '高い', '1,000回以上', '13.9%']
2026-05-27 09:40:12,528 [SKIP] len error : ['②', 'やや高い', '400回〜1,000回', '18.5%']
2026-05-27 09:40:12,528 [SKIP] len error : ['③', '中位', '50回〜400回', '39.0%']
2026-05-27 09:40:12,528 [SKIP] len error : ['④', 'やや低い', '10回〜50回', '17.6%']
2026-05-27 09:40:12,529 [SKIP] len error : ['⑤', '低い', '10回未満', '11.0%']
2026-05-27 09:40:12,529 1020件 / ?件中 18:40
2026-05-27 09:40:12,563 [TOTAL] None
2026-05-27 09:40:12,563 [COUNT] 1020
2026-05-27 09:40:13,181 [PAGE] 52
2026-05-27 09:40:13,444 [SKIP] len error : ['東P', '東証プライム']
2026-05-27 09:40:13,445 [SKIP] len error : ['東S', '東証スタンダード']
2026-05-27 09:40:13,445 [SKIP] len error : ['東G', '東証グロース']
2026-05-27 09:40:13,445 [SKIP] len error : ['東Ｅ', '東証ETF']
2026-05-27 09:40:13,445 [SKIP] len error : ['東EN', '東証ETN']
2026-05-27 09:40:13,445 [SKIP] len error : ['東Ｒ', '東証REIT']
2026-05-27 09:40:13,445 [SKIP] len error : ['東IF', '東証インフラファンド']
2026-05-27 09:40:13,445 [SKIP] len error : ['名Ｐ', '名証プレミア']
2026-05-27 09:40:13,445 [SKIP] len error : ['名M', '名証メイン']
2026-05-27 09:40:13,445 [SKIP] len error : ['名N', '名証ネクスト']
2026-05-27 09:40:13,445 [SKIP] len error : ['名Ｅ', '名証ETF']
2026-05-27 09:40:13,445 [SKIP] len error : ['札Ａ', '札証アンビシャス']
2026-05-27 09:40:13,445 [SKIP] len error : ['福Ｑ', '福証Q-Board']
2026-05-27 09:40:13,445 [SKIP] len error : ['①', '高い', '1,000回以上', '13.9%']
2026-05-27 09:40:13,445 [SKIP] len error : ['②', 'やや高い', '400回〜1,000回', '18.5%']
2026-05-27 09:40:13,445 [SKIP] len error : ['③', '中位', '50回〜400回', '39.0%']
2026-05-27 09:40:13,445 [SKIP] len error : ['④', 'やや低い', '10回〜50回', '17.6%']
2026-05-27 09:40:13,445 [SKIP] len error : ['⑤', '低い', '10回未満', '11.0%']
2026-05-27 09:40:13,445 1040件 / ?件中 18:40
2026-05-27 09:40:13,479 [TOTAL] None
2026-05-27 09:40:13,479 [COUNT] 1040
2026-05-27 09:40:14,666 [PAGE] 53
2026-05-27 09:40:14,940 [SKIP] len error : ['東P', '東証プライム']
2026-05-27 09:40:14,940 [SKIP] len error : ['東S', '東証スタンダード']
2026-05-27 09:40:14,940 [SKIP] len error : ['東G', '東証グロース']
2026-05-27 09:40:14,940 [SKIP] len error : ['東Ｅ', '東証ETF']
2026-05-27 09:40:14,940 [SKIP] len error : ['東EN', '東証ETN']
2026-05-27 09:40:14,940 [SKIP] len error : ['東Ｒ', '東証REIT']
2026-05-27 09:40:14,940 [SKIP] len error : ['東IF', '東証インフラファンド']
2026-05-27 09:40:14,940 [SKIP] len error : ['名Ｐ', '名証プレミア']
2026-05-27 09:40:14,940 [SKIP] len error : ['名M', '名証メイン']
2026-05-27 09:40:14,940 [SKIP] len error : ['名N', '名証ネクスト']
2026-05-27 09:40:14,940 [SKIP] len error : ['名Ｅ', '名証ETF']
2026-05-27 09:40:14,940 [SKIP] len error : ['札Ａ', '札証アンビシャス']
2026-05-27 09:40:14,940 [SKIP] len error : ['福Ｑ', '福証Q-Board']
2026-05-27 09:40:14,940 [SKIP] len error : ['①', '高い', '1,000回以上', '13.9%']
2026-05-27 09:40:14,940 [SKIP] len error : ['②', 'やや高い', '400回〜1,000回', '18.5%']
2026-05-27 09:40:14,940 [SKIP] len error : ['③', '中位', '50回〜400回', '39.0%']
2026-05-27 09:40:14,940 [SKIP] len error : ['④', 'やや低い', '10回〜50回', '17.6%']
2026-05-27 09:40:14,940 [SKIP] len error : ['⑤', '低い', '10回未満', '11.0%']
2026-05-27 09:40:14,940 1060件 / ?件中 18:40
2026-05-27 09:40:14,975 [TOTAL] None
2026-05-27 09:40:14,975 [COUNT] 1060
2026-05-27 09:40:16,254 [PAGE] 54
2026-05-27 09:40:16,553 [SKIP] len error : ['東P', '東証プライム']
2026-05-27 09:40:16,553 [SKIP] len error : ['東S', '東証スタンダード']
2026-05-27 09:40:16,553 [SKIP] len error : ['東G', '東証グロース']
2026-05-27 09:40:16,553 [SKIP] len error : ['東Ｅ', '東証ETF']
2026-05-27 09:40:16,553 [SKIP] len error : ['東EN', '東証ETN']
2026-05-27 09:40:16,553 [SKIP] len error : ['東Ｒ', '東証REIT']
2026-05-27 09:40:16,553 [SKIP] len error : ['東IF', '東証インフラファンド']
2026-05-27 09:40:16,553 [SKIP] len error : ['名Ｐ', '名証プレミア']
2026-05-27 09:40:16,553 [SKIP] len error : ['名M', '名証メイン']
2026-05-27 09:40:16,553 [SKIP] len error : ['名N', '名証ネクスト']
2026-05-27 09:40:16,553 [SKIP] len error : ['名Ｅ', '名証ETF']
2026-05-27 09:40:16,553 [SKIP] len error : ['札Ａ', '札証アンビシャス']
2026-05-27 09:40:16,553 [SKIP] len error : ['福Ｑ', '福証Q-Board']
2026-05-27 09:40:16,553 [SKIP] len error : ['①', '高い', '1,000回以上', '13.9%']
2026-05-27 09:40:16,554 [SKIP] len error : ['②', 'やや高い', '400回〜1,000回', '18.5%']
2026-05-27 09:40:16,554 [SKIP] len error : ['③', '中位', '50回〜400回', '39.0%']
2026-05-27 09:40:16,554 [SKIP] len error : ['④', 'やや低い', '10回〜50回', '17.6%']
2026-05-27 09:40:16,554 [SKIP] len error : ['⑤', '低い', '10回未満', '11.0%']
2026-05-27 09:40:16,554 1080件 / ?件中 18:40
2026-05-27 09:40:16,587 [TOTAL] None
2026-05-27 09:40:16,587 [COUNT] 1080
2026-05-27 09:40:17,377 [PAGE] 55
2026-05-27 09:40:17,678 [SKIP] len error : ['東P', '東証プライム']
2026-05-27 09:40:17,679 [SKIP] len error : ['東S', '東証スタンダード']
2026-05-27 09:40:17,679 [SKIP] len error : ['東G', '東証グロース']
2026-05-27 09:40:17,679 [SKIP] len error : ['東Ｅ', '東証ETF']
2026-05-27 09:40:17,679 [SKIP] len error : ['東EN', '東証ETN']
2026-05-27 09:40:17,679 [SKIP] len error : ['東Ｒ', '東証REIT']
2026-05-27 09:40:17,679 [SKIP] len error : ['東IF', '東証インフラファンド']
2026-05-27 09:40:17,679 [SKIP] len error : ['名Ｐ', '名証プレミア']
2026-05-27 09:40:17,679 [SKIP] len error : ['名M', '名証メイン']
2026-05-27 09:40:17,679 [SKIP] len error : ['名N', '名証ネクスト']
2026-05-27 09:40:17,679 [SKIP] len error : ['名Ｅ', '名証ETF']
2026-05-27 09:40:17,679 [SKIP] len error : ['札Ａ', '札証アンビシャス']
2026-05-27 09:40:17,679 [SKIP] len error : ['福Ｑ', '福証Q-Board']
2026-05-27 09:40:17,679 [SKIP] len error : ['①', '高い', '1,000回以上', '13.9%']
2026-05-27 09:40:17,679 [SKIP] len error : ['②', 'やや高い', '400回〜1,000回', '18.5%']
2026-05-27 09:40:17,679 [SKIP] len error : ['③', '中位', '50回〜400回', '39.0%']
2026-05-27 09:40:17,679 [SKIP] len error : ['④', 'やや低い', '10回〜50回', '17.6%']
2026-05-27 09:40:17,679 [SKIP] len error : ['⑤', '低い', '10回未満', '11.0%']
2026-05-27 09:40:17,679 1100件 / ?件中 18:40
2026-05-27 09:40:17,713 [TOTAL] None
2026-05-27 09:40:17,713 [COUNT] 1100
2026-05-27 09:40:18,516 [PAGE] 56
2026-05-27 09:40:18,793 [SKIP] len error : ['東P', '東証プライム']
2026-05-27 09:40:18,793 [SKIP] len error : ['東S', '東証スタンダード']
2026-05-27 09:40:18,793 [SKIP] len error : ['東G', '東証グロース']
2026-05-27 09:40:18,793 [SKIP] len error : ['東Ｅ', '東証ETF']
2026-05-27 09:40:18,793 [SKIP] len error : ['東EN', '東証ETN']
2026-05-27 09:40:18,793 [SKIP] len error : ['東Ｒ', '東証REIT']
2026-05-27 09:40:18,793 [SKIP] len error : ['東IF', '東証インフラファンド']
2026-05-27 09:40:18,793 [SKIP] len error : ['名Ｐ', '名証プレミア']
2026-05-27 09:40:18,793 [SKIP] len error : ['名M', '名証メイン']
2026-05-27 09:40:18,793 [SKIP] len error : ['名N', '名証ネクスト']
2026-05-27 09:40:18,793 [SKIP] len error : ['名Ｅ', '名証ETF']
2026-05-27 09:40:18,793 [SKIP] len error : ['札Ａ', '札証アンビシャス']
2026-05-27 09:40:18,793 [SKIP] len error : ['福Ｑ', '福証Q-Board']
2026-05-27 09:40:18,793 [SKIP] len error : ['①', '高い', '1,000回以上', '13.9%']
2026-05-27 09:40:18,793 [SKIP] len error : ['②', 'やや高い', '400回〜1,000回', '18.5%']
2026-05-27 09:40:18,793 [SKIP] len error : ['③', '中位', '50回〜400回', '39.0%']
2026-05-27 09:40:18,793 [SKIP] len error : ['④', 'やや低い', '10回〜50回', '17.6%']
2026-05-27 09:40:18,793 [SKIP] len error : ['⑤', '低い', '10回未満', '11.0%']
2026-05-27 09:40:18,794 1120件 / ?件中 18:40
2026-05-27 09:40:18,828 [TOTAL] None
2026-05-27 09:40:18,828 [COUNT] 1120
2026-05-27 09:40:19,926 [PAGE] 57
2026-05-27 09:40:20,210 [SKIP] len error : ['東P', '東証プライム']
2026-05-27 09:40:20,210 [SKIP] len error : ['東S', '東証スタンダード']
2026-05-27 09:40:20,210 [SKIP] len error : ['東G', '東証グロース']
2026-05-27 09:40:20,210 [SKIP] len error : ['東Ｅ', '東証ETF']
2026-05-27 09:40:20,210 [SKIP] len error : ['東EN', '東証ETN']
2026-05-27 09:40:20,210 [SKIP] len error : ['東Ｒ', '東証REIT']
2026-05-27 09:40:20,210 [SKIP] len error : ['東IF', '東証インフラファンド']
2026-05-27 09:40:20,210 [SKIP] len error : ['名Ｐ', '名証プレミア']
2026-05-27 09:40:20,210 [SKIP] len error : ['名M', '名証メイン']
2026-05-27 09:40:20,210 [SKIP] len error : ['名N', '名証ネクスト']
2026-05-27 09:40:20,210 [SKIP] len error : ['名Ｅ', '名証ETF']
2026-05-27 09:40:20,210 [SKIP] len error : ['札Ａ', '札証アンビシャス']
2026-05-27 09:40:20,210 [SKIP] len error : ['福Ｑ', '福証Q-Board']
2026-05-27 09:40:20,210 [SKIP] len error : ['①', '高い', '1,000回以上', '13.9%']
2026-05-27 09:40:20,210 [SKIP] len error : ['②', 'やや高い', '400回〜1,000回', '18.5%']
2026-05-27 09:40:20,210 [SKIP] len error : ['③', '中位', '50回〜400回', '39.0%']
2026-05-27 09:40:20,211 [SKIP] len error : ['④', 'やや低い', '10回〜50回', '17.6%']
2026-05-27 09:40:20,211 [SKIP] len error : ['⑤', '低い', '10回未満', '11.0%']
2026-05-27 09:40:20,211 1140件 / ?件中 18:40
2026-05-27 09:40:20,244 [TOTAL] None
2026-05-27 09:40:20,244 [COUNT] 1140
2026-05-27 09:40:20,849 [PAGE] 58
2026-05-27 09:40:21,109 [SKIP] len error : ['東P', '東証プライム']
2026-05-27 09:40:21,109 [SKIP] len error : ['東S', '東証スタンダード']
2026-05-27 09:40:21,109 [SKIP] len error : ['東G', '東証グロース']
2026-05-27 09:40:21,109 [SKIP] len error : ['東Ｅ', '東証ETF']
2026-05-27 09:40:21,109 [SKIP] len error : ['東EN', '東証ETN']
2026-05-27 09:40:21,110 [SKIP] len error : ['東Ｒ', '東証REIT']
2026-05-27 09:40:21,110 [SKIP] len error : ['東IF', '東証インフラファンド']
2026-05-27 09:40:21,110 [SKIP] len error : ['名Ｐ', '名証プレミア']
2026-05-27 09:40:21,110 [SKIP] len error : ['名M', '名証メイン']
2026-05-27 09:40:21,110 [SKIP] len error : ['名N', '名証ネクスト']
2026-05-27 09:40:21,110 [SKIP] len error : ['名Ｅ', '名証ETF']
2026-05-27 09:40:21,110 [SKIP] len error : ['札Ａ', '札証アンビシャス']
2026-05-27 09:40:21,110 [SKIP] len error : ['福Ｑ', '福証Q-Board']
2026-05-27 09:40:21,110 [SKIP] len error : ['①', '高い', '1,000回以上', '13.9%']
2026-05-27 09:40:21,110 [SKIP] len error : ['②', 'やや高い', '400回〜1,000回', '18.5%']
2026-05-27 09:40:21,110 [SKIP] len error : ['③', '中位', '50回〜400回', '39.0%']
2026-05-27 09:40:21,110 [SKIP] len error : ['④', 'やや低い', '10回〜50回', '17.6%']
2026-05-27 09:40:21,110 [SKIP] len error : ['⑤', '低い', '10回未満', '11.0%']
2026-05-27 09:40:21,110 1160件 / ?件中 18:40
2026-05-27 09:40:21,143 [TOTAL] None
2026-05-27 09:40:21,143 [COUNT] 1160
2026-05-27 09:40:22,421 [PAGE] 59
2026-05-27 09:40:22,726 [SKIP] len error : ['東P', '東証プライム']
2026-05-27 09:40:22,726 [SKIP] len error : ['東S', '東証スタンダード']
2026-05-27 09:40:22,726 [SKIP] len error : ['東G', '東証グロース']
2026-05-27 09:40:22,726 [SKIP] len error : ['東Ｅ', '東証ETF']
2026-05-27 09:40:22,726 [SKIP] len error : ['東EN', '東証ETN']
2026-05-27 09:40:22,727 [SKIP] len error : ['東Ｒ', '東証REIT']
2026-05-27 09:40:22,727 [SKIP] len error : ['東IF', '東証インフラファンド']
2026-05-27 09:40:22,727 [SKIP] len error : ['名Ｐ', '名証プレミア']
2026-05-27 09:40:22,727 [SKIP] len error : ['名M', '名証メイン']
2026-05-27 09:40:22,727 [SKIP] len error : ['名N', '名証ネクスト']
2026-05-27 09:40:22,727 [SKIP] len error : ['名Ｅ', '名証ETF']
2026-05-27 09:40:22,727 [SKIP] len error : ['札Ａ', '札証アンビシャス']
2026-05-27 09:40:22,727 [SKIP] len error : ['福Ｑ', '福証Q-Board']
2026-05-27 09:40:22,727 [SKIP] len error : ['①', '高い', '1,000回以上', '13.9%']
2026-05-27 09:40:22,727 [SKIP] len error : ['②', 'やや高い', '400回〜1,000回', '18.5%']
2026-05-27 09:40:22,727 [SKIP] len error : ['③', '中位', '50回〜400回', '39.0%']
2026-05-27 09:40:22,727 [SKIP] len error : ['④', 'やや低い', '10回〜50回', '17.6%']
2026-05-27 09:40:22,727 [SKIP] len error : ['⑤', '低い', '10回未満', '11.0%']
2026-05-27 09:40:22,727 1180件 / ?件中 18:40
2026-05-27 09:40:22,762 [TOTAL] None
2026-05-27 09:40:22,762 [COUNT] 1180
2026-05-27 09:40:23,387 [PAGE] 60
2026-05-27 09:40:23,637 [SKIP] len error : ['東P', '東証プライム']
2026-05-27 09:40:23,637 [SKIP] len error : ['東S', '東証スタンダード']
2026-05-27 09:40:23,637 [SKIP] len error : ['東G', '東証グロース']
2026-05-27 09:40:23,637 [SKIP] len error : ['東Ｅ', '東証ETF']
2026-05-27 09:40:23,637 [SKIP] len error : ['東EN', '東証ETN']
2026-05-27 09:40:23,637 [SKIP] len error : ['東Ｒ', '東証REIT']
2026-05-27 09:40:23,637 [SKIP] len error : ['東IF', '東証インフラファンド']
2026-05-27 09:40:23,637 [SKIP] len error : ['名Ｐ', '名証プレミア']
2026-05-27 09:40:23,637 [SKIP] len error : ['名M', '名証メイン']
2026-05-27 09:40:23,637 [SKIP] len error : ['名N', '名証ネクスト']
2026-05-27 09:40:23,637 [SKIP] len error : ['名Ｅ', '名証ETF']
2026-05-27 09:40:23,637 [SKIP] len error : ['札Ａ', '札証アンビシャス']
2026-05-27 09:40:23,637 [SKIP] len error : ['福Ｑ', '福証Q-Board']
2026-05-27 09:40:23,638 [SKIP] len error : ['①', '高い', '1,000回以上', '13.9%']
2026-05-27 09:40:23,638 [SKIP] len error : ['②', 'やや高い', '400回〜1,000回', '18.5%']
2026-05-27 09:40:23,638 [SKIP] len error : ['③', '中位', '50回〜400回', '39.0%']
2026-05-27 09:40:23,638 [SKIP] len error : ['④', 'やや低い', '10回〜50回', '17.6%']
2026-05-27 09:40:23,638 [SKIP] len error : ['⑤', '低い', '10回未満', '11.0%']
2026-05-27 09:40:23,638 1200件 / ?件中 18:40
2026-05-27 09:40:23,672 [TOTAL] None
2026-05-27 09:40:23,672 [COUNT] 1200
2026-05-27 09:40:24,352 [PAGE] 61
2026-05-27 09:40:24,603 [SKIP] len error : ['東P', '東証プライム']
2026-05-27 09:40:24,603 [SKIP] len error : ['東S', '東証スタンダード']
2026-05-27 09:40:24,603 [SKIP] len error : ['東G', '東証グロース']
2026-05-27 09:40:24,603 [SKIP] len error : ['東Ｅ', '東証ETF']
2026-05-27 09:40:24,603 [SKIP] len error : ['東EN', '東証ETN']
2026-05-27 09:40:24,603 [SKIP] len error : ['東Ｒ', '東証REIT']
2026-05-27 09:40:24,603 [SKIP] len error : ['東IF', '東証インフラファンド']
2026-05-27 09:40:24,603 [SKIP] len error : ['名Ｐ', '名証プレミア']
2026-05-27 09:40:24,603 [SKIP] len error : ['名M', '名証メイン']
2026-05-27 09:40:24,603 [SKIP] len error : ['名N', '名証ネクスト']
2026-05-27 09:40:24,603 [SKIP] len error : ['名Ｅ', '名証ETF']
2026-05-27 09:40:24,603 [SKIP] len error : ['札Ａ', '札証アンビシャス']
2026-05-27 09:40:24,603 [SKIP] len error : ['福Ｑ', '福証Q-Board']
2026-05-27 09:40:24,603 [SKIP] len error : ['①', '高い', '1,000回以上', '13.9%']
2026-05-27 09:40:24,603 [SKIP] len error : ['②', 'やや高い', '400回〜1,000回', '18.5%']
2026-05-27 09:40:24,603 [SKIP] len error : ['③', '中位', '50回〜400回', '39.0%']
2026-05-27 09:40:24,603 [SKIP] len error : ['④', 'やや低い', '10回〜50回', '17.6%']
2026-05-27 09:40:24,603 [SKIP] len error : ['⑤', '低い', '10回未満', '11.0%']
2026-05-27 09:40:24,604 1220件 / ?件中 18:40
2026-05-27 09:40:24,637 [TOTAL] None
2026-05-27 09:40:24,637 [COUNT] 1220
2026-05-27 09:40:26,096 [PAGE] 62
2026-05-27 09:40:26,366 [SKIP] len error : ['東P', '東証プライム']
2026-05-27 09:40:26,366 [SKIP] len error : ['東S', '東証スタンダード']
2026-05-27 09:40:26,366 [SKIP] len error : ['東G', '東証グロース']
2026-05-27 09:40:26,366 [SKIP] len error : ['東Ｅ', '東証ETF']
2026-05-27 09:40:26,367 [SKIP] len error : ['東EN', '東証ETN']
2026-05-27 09:40:26,367 [SKIP] len error : ['東Ｒ', '東証REIT']
2026-05-27 09:40:26,367 [SKIP] len error : ['東IF', '東証インフラファンド']
2026-05-27 09:40:26,367 [SKIP] len error : ['名Ｐ', '名証プレミア']
2026-05-27 09:40:26,367 [SKIP] len error : ['名M', '名証メイン']
2026-05-27 09:40:26,367 [SKIP] len error : ['名N', '名証ネクスト']
2026-05-27 09:40:26,367 [SKIP] len error : ['名Ｅ', '名証ETF']
2026-05-27 09:40:26,367 [SKIP] len error : ['札Ａ', '札証アンビシャス']
2026-05-27 09:40:26,367 [SKIP] len error : ['福Ｑ', '福証Q-Board']
2026-05-27 09:40:26,367 [SKIP] len error : ['①', '高い', '1,000回以上', '13.9%']
2026-05-27 09:40:26,367 [SKIP] len error : ['②', 'やや高い', '400回〜1,000回', '18.5%']
2026-05-27 09:40:26,367 [SKIP] len error : ['③', '中位', '50回〜400回', '39.0%']
2026-05-27 09:40:26,367 [SKIP] len error : ['④', 'やや低い', '10回〜50回', '17.6%']
2026-05-27 09:40:26,367 [SKIP] len error : ['⑤', '低い', '10回未満', '11.0%']
2026-05-27 09:40:26,367 1240件 / ?件中 18:40
2026-05-27 09:40:26,402 [TOTAL] None
2026-05-27 09:40:26,402 [COUNT] 1240
2026-05-27 09:40:27,555 [PAGE] 63
2026-05-27 09:40:27,818 [SKIP] len error : ['東P', '東証プライム']
2026-05-27 09:40:27,818 [SKIP] len error : ['東S', '東証スタンダード']
2026-05-27 09:40:27,818 [SKIP] len error : ['東G', '東証グロース']
2026-05-27 09:40:27,818 [SKIP] len error : ['東Ｅ', '東証ETF']
2026-05-27 09:40:27,818 [SKIP] len error : ['東EN', '東証ETN']
2026-05-27 09:40:27,818 [SKIP] len error : ['東Ｒ', '東証REIT']
2026-05-27 09:40:27,818 [SKIP] len error : ['東IF', '東証インフラファンド']
2026-05-27 09:40:27,818 [SKIP] len error : ['名Ｐ', '名証プレミア']
2026-05-27 09:40:27,818 [SKIP] len error : ['名M', '名証メイン']
2026-05-27 09:40:27,818 [SKIP] len error : ['名N', '名証ネクスト']
2026-05-27 09:40:27,818 [SKIP] len error : ['名Ｅ', '名証ETF']
2026-05-27 09:40:27,818 [SKIP] len error : ['札Ａ', '札証アンビシャス']
2026-05-27 09:40:27,818 [SKIP] len error : ['福Ｑ', '福証Q-Board']
2026-05-27 09:40:27,818 [SKIP] len error : ['①', '高い', '1,000回以上', '13.9%']
2026-05-27 09:40:27,818 [SKIP] len error : ['②', 'やや高い', '400回〜1,000回', '18.5%']
2026-05-27 09:40:27,818 [SKIP] len error : ['③', '中位', '50回〜400回', '39.0%']
2026-05-27 09:40:27,818 [SKIP] len error : ['④', 'やや低い', '10回〜50回', '17.6%']
2026-05-27 09:40:27,818 [SKIP] len error : ['⑤', '低い', '10回未満', '11.0%']
2026-05-27 09:40:27,818 1260件 / ?件中 18:40
2026-05-27 09:40:27,900 [TOTAL] None
2026-05-27 09:40:27,900 [COUNT] 1260
2026-05-27 09:40:29,233 [PAGE] 64
2026-05-27 09:40:29,498 [SKIP] len error : ['東P', '東証プライム']
2026-05-27 09:40:29,498 [SKIP] len error : ['東S', '東証スタンダード']
2026-05-27 09:40:29,498 [SKIP] len error : ['東G', '東証グロース']
2026-05-27 09:40:29,498 [SKIP] len error : ['東Ｅ', '東証ETF']
2026-05-27 09:40:29,498 [SKIP] len error : ['東EN', '東証ETN']
2026-05-27 09:40:29,499 [SKIP] len error : ['東Ｒ', '東証REIT']
2026-05-27 09:40:29,499 [SKIP] len error : ['東IF', '東証インフラファンド']
2026-05-27 09:40:29,499 [SKIP] len error : ['名Ｐ', '名証プレミア']
2026-05-27 09:40:29,499 [SKIP] len error : ['名M', '名証メイン']
2026-05-27 09:40:29,499 [SKIP] len error : ['名N', '名証ネクスト']
2026-05-27 09:40:29,499 [SKIP] len error : ['名Ｅ', '名証ETF']
2026-05-27 09:40:29,499 [SKIP] len error : ['札Ａ', '札証アンビシャス']
2026-05-27 09:40:29,499 [SKIP] len error : ['福Ｑ', '福証Q-Board']
2026-05-27 09:40:29,499 [SKIP] len error : ['①', '高い', '1,000回以上', '13.9%']
2026-05-27 09:40:29,499 [SKIP] len error : ['②', 'やや高い', '400回〜1,000回', '18.5%']
2026-05-27 09:40:29,499 [SKIP] len error : ['③', '中位', '50回〜400回', '39.0%']
2026-05-27 09:40:29,499 [SKIP] len error : ['④', 'やや低い', '10回〜50回', '17.6%']
2026-05-27 09:40:29,499 [SKIP] len error : ['⑤', '低い', '10回未満', '11.0%']
2026-05-27 09:40:29,499 1280件 / ?件中 18:40
2026-05-27 09:40:29,533 [TOTAL] None
2026-05-27 09:40:29,533 [COUNT] 1280
2026-05-27 09:40:31,003 [PAGE] 65
2026-05-27 09:40:31,276 [SKIP] len error : ['東P', '東証プライム']
2026-05-27 09:40:31,276 [SKIP] len error : ['東S', '東証スタンダード']
2026-05-27 09:40:31,276 [SKIP] len error : ['東G', '東証グロース']
2026-05-27 09:40:31,276 [SKIP] len error : ['東Ｅ', '東証ETF']
2026-05-27 09:40:31,276 [SKIP] len error : ['東EN', '東証ETN']
2026-05-27 09:40:31,276 [SKIP] len error : ['東Ｒ', '東証REIT']
2026-05-27 09:40:31,276 [SKIP] len error : ['東IF', '東証インフラファンド']
2026-05-27 09:40:31,276 [SKIP] len error : ['名Ｐ', '名証プレミア']
2026-05-27 09:40:31,276 [SKIP] len error : ['名M', '名証メイン']
2026-05-27 09:40:31,276 [SKIP] len error : ['名N', '名証ネクスト']
2026-05-27 09:40:31,276 [SKIP] len error : ['名Ｅ', '名証ETF']
2026-05-27 09:40:31,276 [SKIP] len error : ['札Ａ', '札証アンビシャス']
2026-05-27 09:40:31,276 [SKIP] len error : ['福Ｑ', '福証Q-Board']
2026-05-27 09:40:31,276 [SKIP] len error : ['①', '高い', '1,000回以上', '13.9%']
2026-05-27 09:40:31,276 [SKIP] len error : ['②', 'やや高い', '400回〜1,000回', '18.5%']
2026-05-27 09:40:31,276 [SKIP] len error : ['③', '中位', '50回〜400回', '39.0%']
2026-05-27 09:40:31,276 [SKIP] len error : ['④', 'やや低い', '10回〜50回', '17.6%']
2026-05-27 09:40:31,276 [SKIP] len error : ['⑤', '低い', '10回未満', '11.0%']
2026-05-27 09:40:31,277 1300件 / ?件中 18:40
2026-05-27 09:40:31,311 [TOTAL] None
2026-05-27 09:40:31,311 [COUNT] 1300
2026-05-27 09:40:32,185 [PAGE] 66
2026-05-27 09:40:32,496 [SKIP] len error : ['東P', '東証プライム']
2026-05-27 09:40:32,496 [SKIP] len error : ['東S', '東証スタンダード']
2026-05-27 09:40:32,496 [SKIP] len error : ['東G', '東証グロース']
2026-05-27 09:40:32,497 [SKIP] len error : ['東Ｅ', '東証ETF']
2026-05-27 09:40:32,497 [SKIP] len error : ['東EN', '東証ETN']
2026-05-27 09:40:32,497 [SKIP] len error : ['東Ｒ', '東証REIT']
2026-05-27 09:40:32,497 [SKIP] len error : ['東IF', '東証インフラファンド']
2026-05-27 09:40:32,497 [SKIP] len error : ['名Ｐ', '名証プレミア']
2026-05-27 09:40:32,497 [SKIP] len error : ['名M', '名証メイン']
2026-05-27 09:40:32,497 [SKIP] len error : ['名N', '名証ネクスト']
2026-05-27 09:40:32,497 [SKIP] len error : ['名Ｅ', '名証ETF']
2026-05-27 09:40:32,497 [SKIP] len error : ['札Ａ', '札証アンビシャス']
2026-05-27 09:40:32,497 [SKIP] len error : ['福Ｑ', '福証Q-Board']
2026-05-27 09:40:32,497 [SKIP] len error : ['①', '高い', '1,000回以上', '13.9%']
2026-05-27 09:40:32,497 [SKIP] len error : ['②', 'やや高い', '400回〜1,000回', '18.5%']
2026-05-27 09:40:32,497 [SKIP] len error : ['③', '中位', '50回〜400回', '39.0%']
2026-05-27 09:40:32,497 [SKIP] len error : ['④', 'やや低い', '10回〜50回', '17.6%']
2026-05-27 09:40:32,497 [SKIP] len error : ['⑤', '低い', '10回未満', '11.0%']
2026-05-27 09:40:32,497 1320件 / ?件中 18:40
2026-05-27 09:40:32,530 [TOTAL] None
2026-05-27 09:40:32,530 [COUNT] 1320
2026-05-27 09:40:33,995 [PAGE] 67
2026-05-27 09:40:34,261 [SKIP] len error : ['東P', '東証プライム']
2026-05-27 09:40:34,261 [SKIP] len error : ['東S', '東証スタンダード']
2026-05-27 09:40:34,261 [SKIP] len error : ['東G', '東証グロース']
2026-05-27 09:40:34,261 [SKIP] len error : ['東Ｅ', '東証ETF']
2026-05-27 09:40:34,261 [SKIP] len error : ['東EN', '東証ETN']
2026-05-27 09:40:34,261 [SKIP] len error : ['東Ｒ', '東証REIT']
2026-05-27 09:40:34,261 [SKIP] len error : ['東IF', '東証インフラファンド']
2026-05-27 09:40:34,261 [SKIP] len error : ['名Ｐ', '名証プレミア']
2026-05-27 09:40:34,262 [SKIP] len error : ['名M', '名証メイン']
2026-05-27 09:40:34,262 [SKIP] len error : ['名N', '名証ネクスト']
2026-05-27 09:40:34,262 [SKIP] len error : ['名Ｅ', '名証ETF']
2026-05-27 09:40:34,262 [SKIP] len error : ['札Ａ', '札証アンビシャス']
2026-05-27 09:40:34,262 [SKIP] len error : ['福Ｑ', '福証Q-Board']
2026-05-27 09:40:34,262 [SKIP] len error : ['①', '高い', '1,000回以上', '13.9%']
2026-05-27 09:40:34,262 [SKIP] len error : ['②', 'やや高い', '400回〜1,000回', '18.5%']
2026-05-27 09:40:34,262 [SKIP] len error : ['③', '中位', '50回〜400回', '39.0%']
2026-05-27 09:40:34,262 [SKIP] len error : ['④', 'やや低い', '10回〜50回', '17.6%']
2026-05-27 09:40:34,262 [SKIP] len error : ['⑤', '低い', '10回未満', '11.0%']
2026-05-27 09:40:34,262 1340件 / ?件中 18:40
2026-05-27 09:40:34,295 [TOTAL] None
2026-05-27 09:40:34,295 [COUNT] 1340
2026-05-27 09:40:35,494 [PAGE] 68
2026-05-27 09:40:35,762 [SKIP] len error : ['東P', '東証プライム']
2026-05-27 09:40:35,762 [SKIP] len error : ['東S', '東証スタンダード']
2026-05-27 09:40:35,762 [SKIP] len error : ['東G', '東証グロース']
2026-05-27 09:40:35,762 [SKIP] len error : ['東Ｅ', '東証ETF']
2026-05-27 09:40:35,762 [SKIP] len error : ['東EN', '東証ETN']
2026-05-27 09:40:35,763 [SKIP] len error : ['東Ｒ', '東証REIT']
2026-05-27 09:40:35,763 [SKIP] len error : ['東IF', '東証インフラファンド']
2026-05-27 09:40:35,763 [SKIP] len error : ['名Ｐ', '名証プレミア']
2026-05-27 09:40:35,763 [SKIP] len error : ['名M', '名証メイン']
2026-05-27 09:40:35,763 [SKIP] len error : ['名N', '名証ネクスト']
2026-05-27 09:40:35,763 [SKIP] len error : ['名Ｅ', '名証ETF']
2026-05-27 09:40:35,763 [SKIP] len error : ['札Ａ', '札証アンビシャス']
2026-05-27 09:40:35,763 [SKIP] len error : ['福Ｑ', '福証Q-Board']
2026-05-27 09:40:35,763 [SKIP] len error : ['①', '高い', '1,000回以上', '13.9%']
2026-05-27 09:40:35,763 [SKIP] len error : ['②', 'やや高い', '400回〜1,000回', '18.5%']
2026-05-27 09:40:35,763 [SKIP] len error : ['③', '中位', '50回〜400回', '39.0%']
2026-05-27 09:40:35,763 [SKIP] len error : ['④', 'やや低い', '10回〜50回', '17.6%']
2026-05-27 09:40:35,763 [SKIP] len error : ['⑤', '低い', '10回未満', '11.0%']
2026-05-27 09:40:35,763 1360件 / ?件中 18:40
2026-05-27 09:40:35,855 [TOTAL] None
2026-05-27 09:40:35,855 [COUNT] 1360
2026-05-27 09:40:37,156 [PAGE] 69
2026-05-27 09:40:37,425 [SKIP] len error : ['東P', '東証プライム']
2026-05-27 09:40:37,426 [SKIP] len error : ['東S', '東証スタンダード']
2026-05-27 09:40:37,426 [SKIP] len error : ['東G', '東証グロース']
2026-05-27 09:40:37,426 [SKIP] len error : ['東Ｅ', '東証ETF']
2026-05-27 09:40:37,426 [SKIP] len error : ['東EN', '東証ETN']
2026-05-27 09:40:37,426 [SKIP] len error : ['東Ｒ', '東証REIT']
2026-05-27 09:40:37,426 [SKIP] len error : ['東IF', '東証インフラファンド']
2026-05-27 09:40:37,426 [SKIP] len error : ['名Ｐ', '名証プレミア']
2026-05-27 09:40:37,426 [SKIP] len error : ['名M', '名証メイン']
2026-05-27 09:40:37,426 [SKIP] len error : ['名N', '名証ネクスト']
2026-05-27 09:40:37,426 [SKIP] len error : ['名Ｅ', '名証ETF']
2026-05-27 09:40:37,426 [SKIP] len error : ['札Ａ', '札証アンビシャス']
2026-05-27 09:40:37,426 [SKIP] len error : ['福Ｑ', '福証Q-Board']
2026-05-27 09:40:37,426 [SKIP] len error : ['①', '高い', '1,000回以上', '13.9%']
2026-05-27 09:40:37,426 [SKIP] len error : ['②', 'やや高い', '400回〜1,000回', '18.5%']
2026-05-27 09:40:37,426 [SKIP] len error : ['③', '中位', '50回〜400回', '39.0%']
2026-05-27 09:40:37,426 [SKIP] len error : ['④', 'やや低い', '10回〜50回', '17.6%']
2026-05-27 09:40:37,426 [SKIP] len error : ['⑤', '低い', '10回未満', '11.0%']
2026-05-27 09:40:37,426 1380件 / ?件中 18:40
2026-05-27 09:40:37,460 [TOTAL] None
2026-05-27 09:40:37,460 [COUNT] 1380
2026-05-27 09:40:38,363 [PAGE] 70
2026-05-27 09:40:38,615 [SKIP] len error : ['東P', '東証プライム']
2026-05-27 09:40:38,615 [SKIP] len error : ['東S', '東証スタンダード']
2026-05-27 09:40:38,615 [SKIP] len error : ['東G', '東証グロース']
2026-05-27 09:40:38,615 [SKIP] len error : ['東Ｅ', '東証ETF']
2026-05-27 09:40:38,615 [SKIP] len error : ['東EN', '東証ETN']
2026-05-27 09:40:38,615 [SKIP] len error : ['東Ｒ', '東証REIT']
2026-05-27 09:40:38,615 [SKIP] len error : ['東IF', '東証インフラファンド']
2026-05-27 09:40:38,615 [SKIP] len error : ['名Ｐ', '名証プレミア']
2026-05-27 09:40:38,615 [SKIP] len error : ['名M', '名証メイン']
2026-05-27 09:40:38,615 [SKIP] len error : ['名N', '名証ネクスト']
2026-05-27 09:40:38,615 [SKIP] len error : ['名Ｅ', '名証ETF']
2026-05-27 09:40:38,615 [SKIP] len error : ['札Ａ', '札証アンビシャス']
2026-05-27 09:40:38,615 [SKIP] len error : ['福Ｑ', '福証Q-Board']
2026-05-27 09:40:38,615 [SKIP] len error : ['①', '高い', '1,000回以上', '13.9%']
2026-05-27 09:40:38,615 [SKIP] len error : ['②', 'やや高い', '400回〜1,000回', '18.5%']
2026-05-27 09:40:38,615 [SKIP] len error : ['③', '中位', '50回〜400回', '39.0%']
2026-05-27 09:40:38,615 [SKIP] len error : ['④', 'やや低い', '10回〜50回', '17.6%']
2026-05-27 09:40:38,615 [SKIP] len error : ['⑤', '低い', '10回未満', '11.0%']
2026-05-27 09:40:38,616 1400件 / ?件中 18:40
2026-05-27 09:40:38,649 [TOTAL] None
2026-05-27 09:40:38,650 [COUNT] 1400
2026-05-27 09:40:39,444 [PAGE] 71
2026-05-27 09:40:39,719 [SKIP] len error : ['東P', '東証プライム']
2026-05-27 09:40:39,719 [SKIP] len error : ['東S', '東証スタンダード']
2026-05-27 09:40:39,719 [SKIP] len error : ['東G', '東証グロース']
2026-05-27 09:40:39,719 [SKIP] len error : ['東Ｅ', '東証ETF']
2026-05-27 09:40:39,719 [SKIP] len error : ['東EN', '東証ETN']
2026-05-27 09:40:39,719 [SKIP] len error : ['東Ｒ', '東証REIT']
2026-05-27 09:40:39,720 [SKIP] len error : ['東IF', '東証インフラファンド']
2026-05-27 09:40:39,720 [SKIP] len error : ['名Ｐ', '名証プレミア']
2026-05-27 09:40:39,720 [SKIP] len error : ['名M', '名証メイン']
2026-05-27 09:40:39,720 [SKIP] len error : ['名N', '名証ネクスト']
2026-05-27 09:40:39,720 [SKIP] len error : ['名Ｅ', '名証ETF']
2026-05-27 09:40:39,720 [SKIP] len error : ['札Ａ', '札証アンビシャス']
2026-05-27 09:40:39,720 [SKIP] len error : ['福Ｑ', '福証Q-Board']
2026-05-27 09:40:39,720 [SKIP] len error : ['①', '高い', '1,000回以上', '13.9%']
2026-05-27 09:40:39,720 [SKIP] len error : ['②', 'やや高い', '400回〜1,000回', '18.5%']
2026-05-27 09:40:39,720 [SKIP] len error : ['③', '中位', '50回〜400回', '39.0%']
2026-05-27 09:40:39,720 [SKIP] len error : ['④', 'やや低い', '10回〜50回', '17.6%']
2026-05-27 09:40:39,720 [SKIP] len error : ['⑤', '低い', '10回未満', '11.0%']
2026-05-27 09:40:39,720 1420件 / ?件中 18:40
2026-05-27 09:40:39,754 [TOTAL] None
2026-05-27 09:40:39,754 [COUNT] 1420
2026-05-27 09:40:40,620 [PAGE] 72
2026-05-27 09:40:40,876 [SKIP] len error : ['東P', '東証プライム']
2026-05-27 09:40:40,876 [SKIP] len error : ['東S', '東証スタンダード']
2026-05-27 09:40:40,876 [SKIP] len error : ['東G', '東証グロース']
2026-05-27 09:40:40,876 [SKIP] len error : ['東Ｅ', '東証ETF']
2026-05-27 09:40:40,876 [SKIP] len error : ['東EN', '東証ETN']
2026-05-27 09:40:40,876 [SKIP] len error : ['東Ｒ', '東証REIT']
2026-05-27 09:40:40,876 [SKIP] len error : ['東IF', '東証インフラファンド']
2026-05-27 09:40:40,876 [SKIP] len error : ['名Ｐ', '名証プレミア']
2026-05-27 09:40:40,876 [SKIP] len error : ['名M', '名証メイン']
2026-05-27 09:40:40,876 [SKIP] len error : ['名N', '名証ネクスト']
2026-05-27 09:40:40,876 [SKIP] len error : ['名Ｅ', '名証ETF']
2026-05-27 09:40:40,876 [SKIP] len error : ['札Ａ', '札証アンビシャス']
2026-05-27 09:40:40,876 [SKIP] len error : ['福Ｑ', '福証Q-Board']
2026-05-27 09:40:40,876 [SKIP] len error : ['①', '高い', '1,000回以上', '13.9%']
2026-05-27 09:40:40,876 [SKIP] len error : ['②', 'やや高い', '400回〜1,000回', '18.5%']
2026-05-27 09:40:40,876 [SKIP] len error : ['③', '中位', '50回〜400回', '39.0%']
2026-05-27 09:40:40,876 [SKIP] len error : ['④', 'やや低い', '10回〜50回', '17.6%']
2026-05-27 09:40:40,876 [SKIP] len error : ['⑤', '低い', '10回未満', '11.0%']
2026-05-27 09:40:40,877 1440件 / ?件中 18:40
2026-05-27 09:40:40,911 [TOTAL] None
2026-05-27 09:40:40,911 [COUNT] 1440
2026-05-27 09:40:42,082 [PAGE] 73
2026-05-27 09:40:42,399 [SKIP] len error : ['東P', '東証プライム']
2026-05-27 09:40:42,399 [SKIP] len error : ['東S', '東証スタンダード']
2026-05-27 09:40:42,399 [SKIP] len error : ['東G', '東証グロース']
2026-05-27 09:40:42,399 [SKIP] len error : ['東Ｅ', '東証ETF']
2026-05-27 09:40:42,399 [SKIP] len error : ['東EN', '東証ETN']
2026-05-27 09:40:42,399 [SKIP] len error : ['東Ｒ', '東証REIT']
2026-05-27 09:40:42,399 [SKIP] len error : ['東IF', '東証インフラファンド']
2026-05-27 09:40:42,399 [SKIP] len error : ['名Ｐ', '名証プレミア']
2026-05-27 09:40:42,399 [SKIP] len error : ['名M', '名証メイン']
2026-05-27 09:40:42,399 [SKIP] len error : ['名N', '名証ネクスト']
2026-05-27 09:40:42,399 [SKIP] len error : ['名Ｅ', '名証ETF']
2026-05-27 09:40:42,399 [SKIP] len error : ['札Ａ', '札証アンビシャス']
2026-05-27 09:40:42,399 [SKIP] len error : ['福Ｑ', '福証Q-Board']
2026-05-27 09:40:42,399 [SKIP] len error : ['①', '高い', '1,000回以上', '13.9%']
2026-05-27 09:40:42,399 [SKIP] len error : ['②', 'やや高い', '400回〜1,000回', '18.5%']
2026-05-27 09:40:42,399 [SKIP] len error : ['③', '中位', '50回〜400回', '39.0%']
2026-05-27 09:40:42,399 [SKIP] len error : ['④', 'やや低い', '10回〜50回', '17.6%']
2026-05-27 09:40:42,399 [SKIP] len error : ['⑤', '低い', '10回未満', '11.0%']
2026-05-27 09:40:42,400 1460件 / ?件中 18:40
2026-05-27 09:40:42,433 [TOTAL] None
2026-05-27 09:40:42,433 [COUNT] 1460
2026-05-27 09:40:42,961 [PAGE] 74
2026-05-27 09:40:43,222 [SKIP] len error : ['東P', '東証プライム']
2026-05-27 09:40:43,222 [SKIP] len error : ['東S', '東証スタンダード']
2026-05-27 09:40:43,222 [SKIP] len error : ['東G', '東証グロース']
2026-05-27 09:40:43,222 [SKIP] len error : ['東Ｅ', '東証ETF']
2026-05-27 09:40:43,222 [SKIP] len error : ['東EN', '東証ETN']
2026-05-27 09:40:43,222 [SKIP] len error : ['東Ｒ', '東証REIT']
2026-05-27 09:40:43,222 [SKIP] len error : ['東IF', '東証インフラファンド']
2026-05-27 09:40:43,222 [SKIP] len error : ['名Ｐ', '名証プレミア']
2026-05-27 09:40:43,222 [SKIP] len error : ['名M', '名証メイン']
2026-05-27 09:40:43,222 [SKIP] len error : ['名N', '名証ネクスト']
2026-05-27 09:40:43,222 [SKIP] len error : ['名Ｅ', '名証ETF']
2026-05-27 09:40:43,222 [SKIP] len error : ['札Ａ', '札証アンビシャス']
2026-05-27 09:40:43,222 [SKIP] len error : ['福Ｑ', '福証Q-Board']
2026-05-27 09:40:43,222 [SKIP] len error : ['①', '高い', '1,000回以上', '13.9%']
2026-05-27 09:40:43,222 [SKIP] len error : ['②', 'やや高い', '400回〜1,000回', '18.5%']
2026-05-27 09:40:43,222 [SKIP] len error : ['③', '中位', '50回〜400回', '39.0%']
2026-05-27 09:40:43,222 [SKIP] len error : ['④', 'やや低い', '10回〜50回', '17.6%']
2026-05-27 09:40:43,222 [SKIP] len error : ['⑤', '低い', '10回未満', '11.0%']
2026-05-27 09:40:43,223 1480件 / ?件中 18:40
2026-05-27 09:40:43,257 [TOTAL] None
2026-05-27 09:40:43,257 [COUNT] 1480
2026-05-27 09:40:44,099 [PAGE] 75
2026-05-27 09:40:44,370 [SKIP] len error : ['東P', '東証プライム']
2026-05-27 09:40:44,370 [SKIP] len error : ['東S', '東証スタンダード']
2026-05-27 09:40:44,370 [SKIP] len error : ['東G', '東証グロース']
2026-05-27 09:40:44,370 [SKIP] len error : ['東Ｅ', '東証ETF']
2026-05-27 09:40:44,370 [SKIP] len error : ['東EN', '東証ETN']
2026-05-27 09:40:44,370 [SKIP] len error : ['東Ｒ', '東証REIT']
2026-05-27 09:40:44,370 [SKIP] len error : ['東IF', '東証インフラファンド']
2026-05-27 09:40:44,370 [SKIP] len error : ['名Ｐ', '名証プレミア']
2026-05-27 09:40:44,370 [SKIP] len error : ['名M', '名証メイン']
2026-05-27 09:40:44,370 [SKIP] len error : ['名N', '名証ネクスト']
2026-05-27 09:40:44,370 [SKIP] len error : ['名Ｅ', '名証ETF']
2026-05-27 09:40:44,370 [SKIP] len error : ['札Ａ', '札証アンビシャス']
2026-05-27 09:40:44,370 [SKIP] len error : ['福Ｑ', '福証Q-Board']
2026-05-27 09:40:44,370 [SKIP] len error : ['①', '高い', '1,000回以上', '13.9%']
2026-05-27 09:40:44,370 [SKIP] len error : ['②', 'やや高い', '400回〜1,000回', '18.5%']
2026-05-27 09:40:44,370 [SKIP] len error : ['③', '中位', '50回〜400回', '39.0%']
2026-05-27 09:40:44,370 [SKIP] len error : ['④', 'やや低い', '10回〜50回', '17.6%']
2026-05-27 09:40:44,370 [SKIP] len error : ['⑤', '低い', '10回未満', '11.0%']
2026-05-27 09:40:44,371 1500件 / ?件中 18:40
2026-05-27 09:40:44,404 [TOTAL] None
2026-05-27 09:40:44,404 [COUNT] 1500
2026-05-27 09:40:45,746 [PAGE] 76
2026-05-27 09:40:46,022 [SKIP] len error : ['東P', '東証プライム']
2026-05-27 09:40:46,022 [SKIP] len error : ['東S', '東証スタンダード']
2026-05-27 09:40:46,022 [SKIP] len error : ['東G', '東証グロース']
2026-05-27 09:40:46,022 [SKIP] len error : ['東Ｅ', '東証ETF']
2026-05-27 09:40:46,022 [SKIP] len error : ['東EN', '東証ETN']
2026-05-27 09:40:46,022 [SKIP] len error : ['東Ｒ', '東証REIT']
2026-05-27 09:40:46,022 [SKIP] len error : ['東IF', '東証インフラファンド']
2026-05-27 09:40:46,022 [SKIP] len error : ['名Ｐ', '名証プレミア']
2026-05-27 09:40:46,022 [SKIP] len error : ['名M', '名証メイン']
2026-05-27 09:40:46,022 [SKIP] len error : ['名N', '名証ネクスト']
2026-05-27 09:40:46,022 [SKIP] len error : ['名Ｅ', '名証ETF']
2026-05-27 09:40:46,022 [SKIP] len error : ['札Ａ', '札証アンビシャス']
2026-05-27 09:40:46,022 [SKIP] len error : ['福Ｑ', '福証Q-Board']
2026-05-27 09:40:46,022 [SKIP] len error : ['①', '高い', '1,000回以上', '13.9%']
2026-05-27 09:40:46,022 [SKIP] len error : ['②', 'やや高い', '400回〜1,000回', '18.5%']
2026-05-27 09:40:46,022 [SKIP] len error : ['③', '中位', '50回〜400回', '39.0%']
2026-05-27 09:40:46,022 [SKIP] len error : ['④', 'やや低い', '10回〜50回', '17.6%']
2026-05-27 09:40:46,022 [SKIP] len error : ['⑤', '低い', '10回未満', '11.0%']
2026-05-27 09:40:46,023 1520件 / ?件中 18:40
2026-05-27 09:40:46,056 [TOTAL] None
2026-05-27 09:40:46,056 [COUNT] 1520
2026-05-27 09:40:46,960 [PAGE] 77
2026-05-27 09:40:47,229 [SKIP] len error : ['東P', '東証プライム']
2026-05-27 09:40:47,229 [SKIP] len error : ['東S', '東証スタンダード']
2026-05-27 09:40:47,229 [SKIP] len error : ['東G', '東証グロース']
2026-05-27 09:40:47,229 [SKIP] len error : ['東Ｅ', '東証ETF']
2026-05-27 09:40:47,229 [SKIP] len error : ['東EN', '東証ETN']
2026-05-27 09:40:47,229 [SKIP] len error : ['東Ｒ', '東証REIT']
2026-05-27 09:40:47,229 [SKIP] len error : ['東IF', '東証インフラファンド']
2026-05-27 09:40:47,229 [SKIP] len error : ['名Ｐ', '名証プレミア']
2026-05-27 09:40:47,229 [SKIP] len error : ['名M', '名証メイン']
2026-05-27 09:40:47,229 [SKIP] len error : ['名N', '名証ネクスト']
2026-05-27 09:40:47,229 [SKIP] len error : ['名Ｅ', '名証ETF']
2026-05-27 09:40:47,229 [SKIP] len error : ['札Ａ', '札証アンビシャス']
2026-05-27 09:40:47,230 [SKIP] len error : ['福Ｑ', '福証Q-Board']
2026-05-27 09:40:47,230 [SKIP] len error : ['①', '高い', '1,000回以上', '13.9%']
2026-05-27 09:40:47,230 [SKIP] len error : ['②', 'やや高い', '400回〜1,000回', '18.5%']
2026-05-27 09:40:47,230 [SKIP] len error : ['③', '中位', '50回〜400回', '39.0%']
2026-05-27 09:40:47,230 [SKIP] len error : ['④', 'やや低い', '10回〜50回', '17.6%']
2026-05-27 09:40:47,230 [SKIP] len error : ['⑤', '低い', '10回未満', '11.0%']
2026-05-27 09:40:47,230 1540件 / ?件中 18:40
2026-05-27 09:40:47,263 [TOTAL] None
2026-05-27 09:40:47,263 [COUNT] 1540
2026-05-27 09:40:47,794 [PAGE] 78
2026-05-27 09:40:48,107 [SKIP] len error : ['東P', '東証プライム']
2026-05-27 09:40:48,107 [SKIP] len error : ['東S', '東証スタンダード']
2026-05-27 09:40:48,107 [SKIP] len error : ['東G', '東証グロース']
2026-05-27 09:40:48,107 [SKIP] len error : ['東Ｅ', '東証ETF']
2026-05-27 09:40:48,107 [SKIP] len error : ['東EN', '東証ETN']
2026-05-27 09:40:48,107 [SKIP] len error : ['東Ｒ', '東証REIT']
2026-05-27 09:40:48,107 [SKIP] len error : ['東IF', '東証インフラファンド']
2026-05-27 09:40:48,107 [SKIP] len error : ['名Ｐ', '名証プレミア']
2026-05-27 09:40:48,107 [SKIP] len error : ['名M', '名証メイン']
2026-05-27 09:40:48,107 [SKIP] len error : ['名N', '名証ネクスト']
2026-05-27 09:40:48,107 [SKIP] len error : ['名Ｅ', '名証ETF']
2026-05-27 09:40:48,107 [SKIP] len error : ['札Ａ', '札証アンビシャス']
2026-05-27 09:40:48,107 [SKIP] len error : ['福Ｑ', '福証Q-Board']
2026-05-27 09:40:48,107 [SKIP] len error : ['①', '高い', '1,000回以上', '13.9%']
2026-05-27 09:40:48,107 [SKIP] len error : ['②', 'やや高い', '400回〜1,000回', '18.5%']
2026-05-27 09:40:48,107 [SKIP] len error : ['③', '中位', '50回〜400回', '39.0%']
2026-05-27 09:40:48,108 [SKIP] len error : ['④', 'やや低い', '10回〜50回', '17.6%']
2026-05-27 09:40:48,108 [SKIP] len error : ['⑤', '低い', '10回未満', '11.0%']
2026-05-27 09:40:48,108 1560件 / ?件中 18:40
2026-05-27 09:40:48,142 [TOTAL] None
2026-05-27 09:40:48,142 [COUNT] 1560
2026-05-27 09:40:48,696 [PAGE] 79
2026-05-27 09:40:48,963 [SKIP] len error : ['東P', '東証プライム']
2026-05-27 09:40:48,963 [SKIP] len error : ['東S', '東証スタンダード']
2026-05-27 09:40:48,963 [SKIP] len error : ['東G', '東証グロース']
2026-05-27 09:40:48,963 [SKIP] len error : ['東Ｅ', '東証ETF']
2026-05-27 09:40:48,963 [SKIP] len error : ['東EN', '東証ETN']
2026-05-27 09:40:48,963 [SKIP] len error : ['東Ｒ', '東証REIT']
2026-05-27 09:40:48,963 [SKIP] len error : ['東IF', '東証インフラファンド']
2026-05-27 09:40:48,963 [SKIP] len error : ['名Ｐ', '名証プレミア']
2026-05-27 09:40:48,963 [SKIP] len error : ['名M', '名証メイン']
2026-05-27 09:40:48,963 [SKIP] len error : ['名N', '名証ネクスト']
2026-05-27 09:40:48,963 [SKIP] len error : ['名Ｅ', '名証ETF']
2026-05-27 09:40:48,963 [SKIP] len error : ['札Ａ', '札証アンビシャス']
2026-05-27 09:40:48,963 [SKIP] len error : ['福Ｑ', '福証Q-Board']
2026-05-27 09:40:48,963 [SKIP] len error : ['①', '高い', '1,000回以上', '13.9%']
2026-05-27 09:40:48,963 [SKIP] len error : ['②', 'やや高い', '400回〜1,000回', '18.5%']
2026-05-27 09:40:48,963 [SKIP] len error : ['③', '中位', '50回〜400回', '39.0%']
2026-05-27 09:40:48,963 [SKIP] len error : ['④', 'やや低い', '10回〜50回', '17.6%']
2026-05-27 09:40:48,963 [SKIP] len error : ['⑤', '低い', '10回未満', '11.0%']
2026-05-27 09:40:48,964 1580件 / ?件中 18:40
2026-05-27 09:40:48,997 [TOTAL] None
2026-05-27 09:40:48,997 [COUNT] 1580
2026-05-27 09:40:50,421 [PAGE] 80
2026-05-27 09:40:50,684 [SKIP] len error : ['東P', '東証プライム']
2026-05-27 09:40:50,684 [SKIP] len error : ['東S', '東証スタンダード']
2026-05-27 09:40:50,684 [SKIP] len error : ['東G', '東証グロース']
2026-05-27 09:40:50,684 [SKIP] len error : ['東Ｅ', '東証ETF']
2026-05-27 09:40:50,684 [SKIP] len error : ['東EN', '東証ETN']
2026-05-27 09:40:50,684 [SKIP] len error : ['東Ｒ', '東証REIT']
2026-05-27 09:40:50,684 [SKIP] len error : ['東IF', '東証インフラファンド']
2026-05-27 09:40:50,684 [SKIP] len error : ['名Ｐ', '名証プレミア']
2026-05-27 09:40:50,684 [SKIP] len error : ['名M', '名証メイン']
2026-05-27 09:40:50,684 [SKIP] len error : ['名N', '名証ネクスト']
2026-05-27 09:40:50,684 [SKIP] len error : ['名Ｅ', '名証ETF']
2026-05-27 09:40:50,684 [SKIP] len error : ['札Ａ', '札証アンビシャス']
2026-05-27 09:40:50,684 [SKIP] len error : ['福Ｑ', '福証Q-Board']
2026-05-27 09:40:50,684 [SKIP] len error : ['①', '高い', '1,000回以上', '13.9%']
2026-05-27 09:40:50,684 [SKIP] len error : ['②', 'やや高い', '400回〜1,000回', '18.5%']
2026-05-27 09:40:50,684 [SKIP] len error : ['③', '中位', '50回〜400回', '39.0%']
2026-05-27 09:40:50,684 [SKIP] len error : ['④', 'やや低い', '10回〜50回', '17.6%']
2026-05-27 09:40:50,684 [SKIP] len error : ['⑤', '低い', '10回未満', '11.0%']
2026-05-27 09:40:50,685 1600件 / ?件中 18:40
2026-05-27 09:40:50,719 [TOTAL] None
2026-05-27 09:40:50,719 [COUNT] 1600
2026-05-27 09:40:51,708 [PAGE] 81
2026-05-27 09:40:51,974 [SKIP] len error : ['東P', '東証プライム']
2026-05-27 09:40:51,974 [SKIP] len error : ['東S', '東証スタンダード']
2026-05-27 09:40:51,974 [SKIP] len error : ['東G', '東証グロース']
2026-05-27 09:40:51,975 [SKIP] len error : ['東Ｅ', '東証ETF']
2026-05-27 09:40:51,975 [SKIP] len error : ['東EN', '東証ETN']
2026-05-27 09:40:51,975 [SKIP] len error : ['東Ｒ', '東証REIT']
2026-05-27 09:40:51,975 [SKIP] len error : ['東IF', '東証インフラファンド']
2026-05-27 09:40:51,975 [SKIP] len error : ['名Ｐ', '名証プレミア']
2026-05-27 09:40:51,975 [SKIP] len error : ['名M', '名証メイン']
2026-05-27 09:40:51,975 [SKIP] len error : ['名N', '名証ネクスト']
2026-05-27 09:40:51,975 [SKIP] len error : ['名Ｅ', '名証ETF']
2026-05-27 09:40:51,975 [SKIP] len error : ['札Ａ', '札証アンビシャス']
2026-05-27 09:40:51,975 [SKIP] len error : ['福Ｑ', '福証Q-Board']
2026-05-27 09:40:51,975 [SKIP] len error : ['①', '高い', '1,000回以上', '13.9%']
2026-05-27 09:40:51,975 [SKIP] len error : ['②', 'やや高い', '400回〜1,000回', '18.5%']
2026-05-27 09:40:51,975 [SKIP] len error : ['③', '中位', '50回〜400回', '39.0%']
2026-05-27 09:40:51,975 [SKIP] len error : ['④', 'やや低い', '10回〜50回', '17.6%']
2026-05-27 09:40:51,975 [SKIP] len error : ['⑤', '低い', '10回未満', '11.0%']
2026-05-27 09:40:51,975 1620件 / ?件中 18:40
2026-05-27 09:40:52,009 [TOTAL] None
2026-05-27 09:40:52,009 [COUNT] 1620
2026-05-27 09:40:53,249 [PAGE] 82
2026-05-27 09:40:53,513 [SKIP] len error : ['東P', '東証プライム']
2026-05-27 09:40:53,513 [SKIP] len error : ['東S', '東証スタンダード']
2026-05-27 09:40:53,513 [SKIP] len error : ['東G', '東証グロース']
2026-05-27 09:40:53,513 [SKIP] len error : ['東Ｅ', '東証ETF']
2026-05-27 09:40:53,513 [SKIP] len error : ['東EN', '東証ETN']
2026-05-27 09:40:53,513 [SKIP] len error : ['東Ｒ', '東証REIT']
2026-05-27 09:40:53,513 [SKIP] len error : ['東IF', '東証インフラファンド']
2026-05-27 09:40:53,513 [SKIP] len error : ['名Ｐ', '名証プレミア']
2026-05-27 09:40:53,513 [SKIP] len error : ['名M', '名証メイン']
2026-05-27 09:40:53,513 [SKIP] len error : ['名N', '名証ネクスト']
2026-05-27 09:40:53,513 [SKIP] len error : ['名Ｅ', '名証ETF']
2026-05-27 09:40:53,513 [SKIP] len error : ['札Ａ', '札証アンビシャス']
2026-05-27 09:40:53,513 [SKIP] len error : ['福Ｑ', '福証Q-Board']
2026-05-27 09:40:53,513 [SKIP] len error : ['①', '高い', '1,000回以上', '13.9%']
2026-05-27 09:40:53,513 [SKIP] len error : ['②', 'やや高い', '400回〜1,000回', '18.5%']
2026-05-27 09:40:53,513 [SKIP] len error : ['③', '中位', '50回〜400回', '39.0%']
2026-05-27 09:40:53,513 [SKIP] len error : ['④', 'やや低い', '10回〜50回', '17.6%']
2026-05-27 09:40:53,513 [SKIP] len error : ['⑤', '低い', '10回未満', '11.0%']
2026-05-27 09:40:53,514 1640件 / ?件中 18:40
2026-05-27 09:40:53,590 [TOTAL] None
2026-05-27 09:40:53,591 [COUNT] 1640
2026-05-27 09:40:54,767 [PAGE] 83
2026-05-27 09:40:55,039 [SKIP] len error : ['東P', '東証プライム']
2026-05-27 09:40:55,039 [SKIP] len error : ['東S', '東証スタンダード']
2026-05-27 09:40:55,039 [SKIP] len error : ['東G', '東証グロース']
2026-05-27 09:40:55,039 [SKIP] len error : ['東Ｅ', '東証ETF']
2026-05-27 09:40:55,039 [SKIP] len error : ['東EN', '東証ETN']
2026-05-27 09:40:55,039 [SKIP] len error : ['東Ｒ', '東証REIT']
2026-05-27 09:40:55,039 [SKIP] len error : ['東IF', '東証インフラファンド']
2026-05-27 09:40:55,039 [SKIP] len error : ['名Ｐ', '名証プレミア']
2026-05-27 09:40:55,039 [SKIP] len error : ['名M', '名証メイン']
2026-05-27 09:40:55,039 [SKIP] len error : ['名N', '名証ネクスト']
2026-05-27 09:40:55,039 [SKIP] len error : ['名Ｅ', '名証ETF']
2026-05-27 09:40:55,039 [SKIP] len error : ['札Ａ', '札証アンビシャス']
2026-05-27 09:40:55,039 [SKIP] len error : ['福Ｑ', '福証Q-Board']
2026-05-27 09:40:55,039 [SKIP] len error : ['①', '高い', '1,000回以上', '13.9%']
2026-05-27 09:40:55,039 [SKIP] len error : ['②', 'やや高い', '400回〜1,000回', '18.5%']
2026-05-27 09:40:55,039 [SKIP] len error : ['③', '中位', '50回〜400回', '39.0%']
2026-05-27 09:40:55,039 [SKIP] len error : ['④', 'やや低い', '10回〜50回', '17.6%']
2026-05-27 09:40:55,039 [SKIP] len error : ['⑤', '低い', '10回未満', '11.0%']
2026-05-27 09:40:55,040 1660件 / ?件中 18:40
2026-05-27 09:40:55,073 [TOTAL] None
2026-05-27 09:40:55,073 [COUNT] 1660
2026-05-27 09:40:55,773 [PAGE] 84
2026-05-27 09:40:56,087 [SKIP] len error : ['東P', '東証プライム']
2026-05-27 09:40:56,087 [SKIP] len error : ['東S', '東証スタンダード']
2026-05-27 09:40:56,087 [SKIP] len error : ['東G', '東証グロース']
2026-05-27 09:40:56,087 [SKIP] len error : ['東Ｅ', '東証ETF']
2026-05-27 09:40:56,087 [SKIP] len error : ['東EN', '東証ETN']
2026-05-27 09:40:56,087 [SKIP] len error : ['東Ｒ', '東証REIT']
2026-05-27 09:40:56,087 [SKIP] len error : ['東IF', '東証インフラファンド']
2026-05-27 09:40:56,087 [SKIP] len error : ['名Ｐ', '名証プレミア']
2026-05-27 09:40:56,087 [SKIP] len error : ['名M', '名証メイン']
2026-05-27 09:40:56,087 [SKIP] len error : ['名N', '名証ネクスト']
2026-05-27 09:40:56,087 [SKIP] len error : ['名Ｅ', '名証ETF']
2026-05-27 09:40:56,087 [SKIP] len error : ['札Ａ', '札証アンビシャス']
2026-05-27 09:40:56,087 [SKIP] len error : ['福Ｑ', '福証Q-Board']
2026-05-27 09:40:56,087 [SKIP] len error : ['①', '高い', '1,000回以上', '13.9%']
2026-05-27 09:40:56,087 [SKIP] len error : ['②', 'やや高い', '400回〜1,000回', '18.5%']
2026-05-27 09:40:56,087 [SKIP] len error : ['③', '中位', '50回〜400回', '39.0%']
2026-05-27 09:40:56,087 [SKIP] len error : ['④', 'やや低い', '10回〜50回', '17.6%']
2026-05-27 09:40:56,087 [SKIP] len error : ['⑤', '低い', '10回未満', '11.0%']
2026-05-27 09:40:56,087 1680件 / ?件中 18:40
2026-05-27 09:40:56,121 [TOTAL] None
2026-05-27 09:40:56,121 [COUNT] 1680
2026-05-27 09:40:57,566 [PAGE] 85
2026-05-27 09:40:57,837 [SKIP] len error : ['東P', '東証プライム']
2026-05-27 09:40:57,837 [SKIP] len error : ['東S', '東証スタンダード']
2026-05-27 09:40:57,837 [SKIP] len error : ['東G', '東証グロース']
2026-05-27 09:40:57,837 [SKIP] len error : ['東Ｅ', '東証ETF']
2026-05-27 09:40:57,837 [SKIP] len error : ['東EN', '東証ETN']
2026-05-27 09:40:57,837 [SKIP] len error : ['東Ｒ', '東証REIT']
2026-05-27 09:40:57,837 [SKIP] len error : ['東IF', '東証インフラファンド']
2026-05-27 09:40:57,837 [SKIP] len error : ['名Ｐ', '名証プレミア']
2026-05-27 09:40:57,837 [SKIP] len error : ['名M', '名証メイン']
2026-05-27 09:40:57,837 [SKIP] len error : ['名N', '名証ネクスト']
2026-05-27 09:40:57,837 [SKIP] len error : ['名Ｅ', '名証ETF']
2026-05-27 09:40:57,837 [SKIP] len error : ['札Ａ', '札証アンビシャス']
2026-05-27 09:40:57,837 [SKIP] len error : ['福Ｑ', '福証Q-Board']
2026-05-27 09:40:57,837 [SKIP] len error : ['①', '高い', '1,000回以上', '13.9%']
2026-05-27 09:40:57,837 [SKIP] len error : ['②', 'やや高い', '400回〜1,000回', '18.5%']
2026-05-27 09:40:57,837 [SKIP] len error : ['③', '中位', '50回〜400回', '39.0%']
2026-05-27 09:40:57,837 [SKIP] len error : ['④', 'やや低い', '10回〜50回', '17.6%']
2026-05-27 09:40:57,837 [SKIP] len error : ['⑤', '低い', '10回未満', '11.0%']
2026-05-27 09:40:57,838 1700件 / ?件中 18:40
2026-05-27 09:40:57,871 [TOTAL] None
2026-05-27 09:40:57,871 [COUNT] 1700
2026-05-27 09:40:59,119 [PAGE] 86
2026-05-27 09:40:59,386 [SKIP] len error : ['東P', '東証プライム']
2026-05-27 09:40:59,386 [SKIP] len error : ['東S', '東証スタンダード']
2026-05-27 09:40:59,386 [SKIP] len error : ['東G', '東証グロース']
2026-05-27 09:40:59,386 [SKIP] len error : ['東Ｅ', '東証ETF']
2026-05-27 09:40:59,386 [SKIP] len error : ['東EN', '東証ETN']
2026-05-27 09:40:59,386 [SKIP] len error : ['東Ｒ', '東証REIT']
2026-05-27 09:40:59,386 [SKIP] len error : ['東IF', '東証インフラファンド']
2026-05-27 09:40:59,386 [SKIP] len error : ['名Ｐ', '名証プレミア']
2026-05-27 09:40:59,386 [SKIP] len error : ['名M', '名証メイン']
2026-05-27 09:40:59,386 [SKIP] len error : ['名N', '名証ネクスト']
2026-05-27 09:40:59,386 [SKIP] len error : ['名Ｅ', '名証ETF']
2026-05-27 09:40:59,386 [SKIP] len error : ['札Ａ', '札証アンビシャス']
2026-05-27 09:40:59,386 [SKIP] len error : ['福Ｑ', '福証Q-Board']
2026-05-27 09:40:59,387 [SKIP] len error : ['①', '高い', '1,000回以上', '13.9%']
2026-05-27 09:40:59,387 [SKIP] len error : ['②', 'やや高い', '400回〜1,000回', '18.5%']
2026-05-27 09:40:59,387 [SKIP] len error : ['③', '中位', '50回〜400回', '39.0%']
2026-05-27 09:40:59,387 [SKIP] len error : ['④', 'やや低い', '10回〜50回', '17.6%']
2026-05-27 09:40:59,387 [SKIP] len error : ['⑤', '低い', '10回未満', '11.0%']
2026-05-27 09:40:59,387 1720件 / ?件中 18:40
2026-05-27 09:40:59,420 [TOTAL] None
2026-05-27 09:40:59,420 [COUNT] 1720
2026-05-27 09:41:00,072 [PAGE] 87
2026-05-27 09:41:00,350 [SKIP] len error : ['東P', '東証プライム']
2026-05-27 09:41:00,350 [SKIP] len error : ['東S', '東証スタンダード']
2026-05-27 09:41:00,350 [SKIP] len error : ['東G', '東証グロース']
2026-05-27 09:41:00,350 [SKIP] len error : ['東Ｅ', '東証ETF']
2026-05-27 09:41:00,350 [SKIP] len error : ['東EN', '東証ETN']
2026-05-27 09:41:00,350 [SKIP] len error : ['東Ｒ', '東証REIT']
2026-05-27 09:41:00,350 [SKIP] len error : ['東IF', '東証インフラファンド']
2026-05-27 09:41:00,350 [SKIP] len error : ['名Ｐ', '名証プレミア']
2026-05-27 09:41:00,350 [SKIP] len error : ['名M', '名証メイン']
2026-05-27 09:41:00,350 [SKIP] len error : ['名N', '名証ネクスト']
2026-05-27 09:41:00,350 [SKIP] len error : ['名Ｅ', '名証ETF']
2026-05-27 09:41:00,350 [SKIP] len error : ['札Ａ', '札証アンビシャス']
2026-05-27 09:41:00,350 [SKIP] len error : ['福Ｑ', '福証Q-Board']
2026-05-27 09:41:00,350 [SKIP] len error : ['①', '高い', '1,000回以上', '13.9%']
2026-05-27 09:41:00,350 [SKIP] len error : ['②', 'やや高い', '400回〜1,000回', '18.5%']
2026-05-27 09:41:00,350 [SKIP] len error : ['③', '中位', '50回〜400回', '39.0%']
2026-05-27 09:41:00,350 [SKIP] len error : ['④', 'やや低い', '10回〜50回', '17.6%']
2026-05-27 09:41:00,350 [SKIP] len error : ['⑤', '低い', '10回未満', '11.0%']
2026-05-27 09:41:00,350 1740件 / ?件中 18:41
2026-05-27 09:41:00,439 [TOTAL] None
2026-05-27 09:41:00,439 [COUNT] 1740
2026-05-27 09:41:01,198 [PAGE] 88
2026-05-27 09:41:01,462 [SKIP] len error : ['東P', '東証プライム']
2026-05-27 09:41:01,462 [SKIP] len error : ['東S', '東証スタンダード']
2026-05-27 09:41:01,462 [SKIP] len error : ['東G', '東証グロース']
2026-05-27 09:41:01,462 [SKIP] len error : ['東Ｅ', '東証ETF']
2026-05-27 09:41:01,462 [SKIP] len error : ['東EN', '東証ETN']
2026-05-27 09:41:01,462 [SKIP] len error : ['東Ｒ', '東証REIT']
2026-05-27 09:41:01,462 [SKIP] len error : ['東IF', '東証インフラファンド']
2026-05-27 09:41:01,462 [SKIP] len error : ['名Ｐ', '名証プレミア']
2026-05-27 09:41:01,462 [SKIP] len error : ['名M', '名証メイン']
2026-05-27 09:41:01,462 [SKIP] len error : ['名N', '名証ネクスト']
2026-05-27 09:41:01,462 [SKIP] len error : ['名Ｅ', '名証ETF']
2026-05-27 09:41:01,462 [SKIP] len error : ['札Ａ', '札証アンビシャス']
2026-05-27 09:41:01,462 [SKIP] len error : ['福Ｑ', '福証Q-Board']
2026-05-27 09:41:01,462 [SKIP] len error : ['①', '高い', '1,000回以上', '13.9%']
2026-05-27 09:41:01,462 [SKIP] len error : ['②', 'やや高い', '400回〜1,000回', '18.5%']
2026-05-27 09:41:01,462 [SKIP] len error : ['③', '中位', '50回〜400回', '39.0%']
2026-05-27 09:41:01,462 [SKIP] len error : ['④', 'やや低い', '10回〜50回', '17.6%']
2026-05-27 09:41:01,462 [SKIP] len error : ['⑤', '低い', '10回未満', '11.0%']
2026-05-27 09:41:01,463 1760件 / ?件中 18:41
2026-05-27 09:41:01,497 [TOTAL] None
2026-05-27 09:41:01,497 [COUNT] 1760
2026-05-27 09:41:02,015 [PAGE] 89
2026-05-27 09:41:02,268 [SKIP] len error : ['東P', '東証プライム']
2026-05-27 09:41:02,268 [SKIP] len error : ['東S', '東証スタンダード']
2026-05-27 09:41:02,268 [SKIP] len error : ['東G', '東証グロース']
2026-05-27 09:41:02,268 [SKIP] len error : ['東Ｅ', '東証ETF']
2026-05-27 09:41:02,268 [SKIP] len error : ['東EN', '東証ETN']
2026-05-27 09:41:02,268 [SKIP] len error : ['東Ｒ', '東証REIT']
2026-05-27 09:41:02,268 [SKIP] len error : ['東IF', '東証インフラファンド']
2026-05-27 09:41:02,268 [SKIP] len error : ['名Ｐ', '名証プレミア']
2026-05-27 09:41:02,268 [SKIP] len error : ['名M', '名証メイン']
2026-05-27 09:41:02,268 [SKIP] len error : ['名N', '名証ネクスト']
2026-05-27 09:41:02,268 [SKIP] len error : ['名Ｅ', '名証ETF']
2026-05-27 09:41:02,268 [SKIP] len error : ['札Ａ', '札証アンビシャス']
2026-05-27 09:41:02,268 [SKIP] len error : ['福Ｑ', '福証Q-Board']
2026-05-27 09:41:02,268 [SKIP] len error : ['①', '高い', '1,000回以上', '13.9%']
2026-05-27 09:41:02,268 [SKIP] len error : ['②', 'やや高い', '400回〜1,000回', '18.5%']
2026-05-27 09:41:02,268 [SKIP] len error : ['③', '中位', '50回〜400回', '39.0%']
2026-05-27 09:41:02,268 [SKIP] len error : ['④', 'やや低い', '10回〜50回', '17.6%']
2026-05-27 09:41:02,269 [SKIP] len error : ['⑤', '低い', '10回未満', '11.0%']
2026-05-27 09:41:02,269 1780件 / ?件中 18:41
2026-05-27 09:41:02,303 [TOTAL] None
2026-05-27 09:41:02,303 [COUNT] 1780
2026-05-27 09:41:03,073 [PAGE] 90
2026-05-27 09:41:03,341 [SKIP] len error : ['東P', '東証プライム']
2026-05-27 09:41:03,341 [SKIP] len error : ['東S', '東証スタンダード']
2026-05-27 09:41:03,341 [SKIP] len error : ['東G', '東証グロース']
2026-05-27 09:41:03,341 [SKIP] len error : ['東Ｅ', '東証ETF']
2026-05-27 09:41:03,341 [SKIP] len error : ['東EN', '東証ETN']
2026-05-27 09:41:03,341 [SKIP] len error : ['東Ｒ', '東証REIT']
2026-05-27 09:41:03,341 [SKIP] len error : ['東IF', '東証インフラファンド']
2026-05-27 09:41:03,341 [SKIP] len error : ['名Ｐ', '名証プレミア']
2026-05-27 09:41:03,341 [SKIP] len error : ['名M', '名証メイン']
2026-05-27 09:41:03,341 [SKIP] len error : ['名N', '名証ネクスト']
2026-05-27 09:41:03,341 [SKIP] len error : ['名Ｅ', '名証ETF']
2026-05-27 09:41:03,341 [SKIP] len error : ['札Ａ', '札証アンビシャス']
2026-05-27 09:41:03,341 [SKIP] len error : ['福Ｑ', '福証Q-Board']
2026-05-27 09:41:03,341 [SKIP] len error : ['①', '高い', '1,000回以上', '13.9%']
2026-05-27 09:41:03,342 [SKIP] len error : ['②', 'やや高い', '400回〜1,000回', '18.5%']
2026-05-27 09:41:03,342 [SKIP] len error : ['③', '中位', '50回〜400回', '39.0%']
2026-05-27 09:41:03,342 [SKIP] len error : ['④', 'やや低い', '10回〜50回', '17.6%']
2026-05-27 09:41:03,342 [SKIP] len error : ['⑤', '低い', '10回未満', '11.0%']
2026-05-27 09:41:03,342 1800件 / ?件中 18:41
2026-05-27 09:41:03,376 [TOTAL] None
2026-05-27 09:41:03,376 [COUNT] 1800
2026-05-27 09:41:04,870 [PAGE] 91
2026-05-27 09:41:05,144 [SKIP] len error : ['東P', '東証プライム']
2026-05-27 09:41:05,144 [SKIP] len error : ['東S', '東証スタンダード']
2026-05-27 09:41:05,144 [SKIP] len error : ['東G', '東証グロース']
2026-05-27 09:41:05,144 [SKIP] len error : ['東Ｅ', '東証ETF']
2026-05-27 09:41:05,144 [SKIP] len error : ['東EN', '東証ETN']
2026-05-27 09:41:05,144 [SKIP] len error : ['東Ｒ', '東証REIT']
2026-05-27 09:41:05,144 [SKIP] len error : ['東IF', '東証インフラファンド']
2026-05-27 09:41:05,145 [SKIP] len error : ['名Ｐ', '名証プレミア']
2026-05-27 09:41:05,145 [SKIP] len error : ['名M', '名証メイン']
2026-05-27 09:41:05,145 [SKIP] len error : ['名N', '名証ネクスト']
2026-05-27 09:41:05,145 [SKIP] len error : ['名Ｅ', '名証ETF']
2026-05-27 09:41:05,145 [SKIP] len error : ['札Ａ', '札証アンビシャス']
2026-05-27 09:41:05,145 [SKIP] len error : ['福Ｑ', '福証Q-Board']
2026-05-27 09:41:05,145 [SKIP] len error : ['①', '高い', '1,000回以上', '13.9%']
2026-05-27 09:41:05,145 [SKIP] len error : ['②', 'やや高い', '400回〜1,000回', '18.5%']
2026-05-27 09:41:05,145 [SKIP] len error : ['③', '中位', '50回〜400回', '39.0%']
2026-05-27 09:41:05,145 [SKIP] len error : ['④', 'やや低い', '10回〜50回', '17.6%']
2026-05-27 09:41:05,145 [SKIP] len error : ['⑤', '低い', '10回未満', '11.0%']
2026-05-27 09:41:05,145 1820件 / ?件中 18:41
2026-05-27 09:41:05,178 [TOTAL] None
2026-05-27 09:41:05,178 [COUNT] 1820
2026-05-27 09:41:05,752 [PAGE] 92
2026-05-27 09:41:06,084 [SKIP] len error : ['東P', '東証プライム']
2026-05-27 09:41:06,084 [SKIP] len error : ['東S', '東証スタンダード']
2026-05-27 09:41:06,084 [SKIP] len error : ['東G', '東証グロース']
2026-05-27 09:41:06,084 [SKIP] len error : ['東Ｅ', '東証ETF']
2026-05-27 09:41:06,084 [SKIP] len error : ['東EN', '東証ETN']
2026-05-27 09:41:06,084 [SKIP] len error : ['東Ｒ', '東証REIT']
2026-05-27 09:41:06,084 [SKIP] len error : ['東IF', '東証インフラファンド']
2026-05-27 09:41:06,084 [SKIP] len error : ['名Ｐ', '名証プレミア']
2026-05-27 09:41:06,084 [SKIP] len error : ['名M', '名証メイン']
2026-05-27 09:41:06,084 [SKIP] len error : ['名N', '名証ネクスト']
2026-05-27 09:41:06,084 [SKIP] len error : ['名Ｅ', '名証ETF']
2026-05-27 09:41:06,084 [SKIP] len error : ['札Ａ', '札証アンビシャス']
2026-05-27 09:41:06,084 [SKIP] len error : ['福Ｑ', '福証Q-Board']
2026-05-27 09:41:06,085 [SKIP] len error : ['①', '高い', '1,000回以上', '13.9%']
2026-05-27 09:41:06,085 [SKIP] len error : ['②', 'やや高い', '400回〜1,000回', '18.5%']
2026-05-27 09:41:06,085 [SKIP] len error : ['③', '中位', '50回〜400回', '39.0%']
2026-05-27 09:41:06,085 [SKIP] len error : ['④', 'やや低い', '10回〜50回', '17.6%']
2026-05-27 09:41:06,085 [SKIP] len error : ['⑤', '低い', '10回未満', '11.0%']
2026-05-27 09:41:06,085 1840件 / ?件中 18:41
2026-05-27 09:41:06,119 [TOTAL] None
2026-05-27 09:41:06,119 [COUNT] 1840
2026-05-27 09:41:06,697 [PAGE] 93
2026-05-27 09:41:06,972 [SKIP] len error : ['東P', '東証プライム']
2026-05-27 09:41:06,973 [SKIP] len error : ['東S', '東証スタンダード']
2026-05-27 09:41:06,973 [SKIP] len error : ['東G', '東証グロース']
2026-05-27 09:41:06,973 [SKIP] len error : ['東Ｅ', '東証ETF']
2026-05-27 09:41:06,973 [SKIP] len error : ['東EN', '東証ETN']
2026-05-27 09:41:06,973 [SKIP] len error : ['東Ｒ', '東証REIT']
2026-05-27 09:41:06,973 [SKIP] len error : ['東IF', '東証インフラファンド']
2026-05-27 09:41:06,973 [SKIP] len error : ['名Ｐ', '名証プレミア']
2026-05-27 09:41:06,973 [SKIP] len error : ['名M', '名証メイン']
2026-05-27 09:41:06,973 [SKIP] len error : ['名N', '名証ネクスト']
2026-05-27 09:41:06,973 [SKIP] len error : ['名Ｅ', '名証ETF']
2026-05-27 09:41:06,973 [SKIP] len error : ['札Ａ', '札証アンビシャス']
2026-05-27 09:41:06,973 [SKIP] len error : ['福Ｑ', '福証Q-Board']
2026-05-27 09:41:06,973 [SKIP] len error : ['①', '高い', '1,000回以上', '13.9%']
2026-05-27 09:41:06,973 [SKIP] len error : ['②', 'やや高い', '400回〜1,000回', '18.5%']
2026-05-27 09:41:06,973 [SKIP] len error : ['③', '中位', '50回〜400回', '39.0%']
2026-05-27 09:41:06,973 [SKIP] len error : ['④', 'やや低い', '10回〜50回', '17.6%']
2026-05-27 09:41:06,973 [SKIP] len error : ['⑤', '低い', '10回未満', '11.0%']
2026-05-27 09:41:06,973 1860件 / ?件中 18:41
2026-05-27 09:41:07,007 [TOTAL] None
2026-05-27 09:41:07,008 [COUNT] 1860
2026-05-27 09:41:07,806 [PAGE] 94
2026-05-27 09:41:08,062 [SKIP] len error : ['東P', '東証プライム']
2026-05-27 09:41:08,062 [SKIP] len error : ['東S', '東証スタンダード']
2026-05-27 09:41:08,062 [SKIP] len error : ['東G', '東証グロース']
2026-05-27 09:41:08,063 [SKIP] len error : ['東Ｅ', '東証ETF']
2026-05-27 09:41:08,063 [SKIP] len error : ['東EN', '東証ETN']
2026-05-27 09:41:08,063 [SKIP] len error : ['東Ｒ', '東証REIT']
2026-05-27 09:41:08,063 [SKIP] len error : ['東IF', '東証インフラファンド']
2026-05-27 09:41:08,063 [SKIP] len error : ['名Ｐ', '名証プレミア']
2026-05-27 09:41:08,063 [SKIP] len error : ['名M', '名証メイン']
2026-05-27 09:41:08,063 [SKIP] len error : ['名N', '名証ネクスト']
2026-05-27 09:41:08,063 [SKIP] len error : ['名Ｅ', '名証ETF']
2026-05-27 09:41:08,063 [SKIP] len error : ['札Ａ', '札証アンビシャス']
2026-05-27 09:41:08,063 [SKIP] len error : ['福Ｑ', '福証Q-Board']
2026-05-27 09:41:08,063 [SKIP] len error : ['①', '高い', '1,000回以上', '13.9%']
2026-05-27 09:41:08,063 [SKIP] len error : ['②', 'やや高い', '400回〜1,000回', '18.5%']
2026-05-27 09:41:08,063 [SKIP] len error : ['③', '中位', '50回〜400回', '39.0%']
2026-05-27 09:41:08,063 [SKIP] len error : ['④', 'やや低い', '10回〜50回', '17.6%']
2026-05-27 09:41:08,063 [SKIP] len error : ['⑤', '低い', '10回未満', '11.0%']
2026-05-27 09:41:08,063 1880件 / ?件中 18:41
2026-05-27 09:41:08,097 [TOTAL] None
2026-05-27 09:41:08,097 [COUNT] 1880
2026-05-27 09:41:09,535 [PAGE] 95
2026-05-27 09:41:09,800 [SKIP] len error : ['東P', '東証プライム']
2026-05-27 09:41:09,800 [SKIP] len error : ['東S', '東証スタンダード']
2026-05-27 09:41:09,800 [SKIP] len error : ['東G', '東証グロース']
2026-05-27 09:41:09,800 [SKIP] len error : ['東Ｅ', '東証ETF']
2026-05-27 09:41:09,800 [SKIP] len error : ['東EN', '東証ETN']
2026-05-27 09:41:09,800 [SKIP] len error : ['東Ｒ', '東証REIT']
2026-05-27 09:41:09,800 [SKIP] len error : ['東IF', '東証インフラファンド']
2026-05-27 09:41:09,800 [SKIP] len error : ['名Ｐ', '名証プレミア']
2026-05-27 09:41:09,800 [SKIP] len error : ['名M', '名証メイン']
2026-05-27 09:41:09,800 [SKIP] len error : ['名N', '名証ネクスト']
2026-05-27 09:41:09,800 [SKIP] len error : ['名Ｅ', '名証ETF']
2026-05-27 09:41:09,800 [SKIP] len error : ['札Ａ', '札証アンビシャス']
2026-05-27 09:41:09,800 [SKIP] len error : ['福Ｑ', '福証Q-Board']
2026-05-27 09:41:09,800 [SKIP] len error : ['①', '高い', '1,000回以上', '13.9%']
2026-05-27 09:41:09,800 [SKIP] len error : ['②', 'やや高い', '400回〜1,000回', '18.5%']
2026-05-27 09:41:09,800 [SKIP] len error : ['③', '中位', '50回〜400回', '39.0%']
2026-05-27 09:41:09,800 [SKIP] len error : ['④', 'やや低い', '10回〜50回', '17.6%']
2026-05-27 09:41:09,800 [SKIP] len error : ['⑤', '低い', '10回未満', '11.0%']
2026-05-27 09:41:09,801 1900件 / ?件中 18:41
2026-05-27 09:41:09,834 [TOTAL] None
2026-05-27 09:41:09,834 [COUNT] 1900
2026-05-27 09:41:11,006 [PAGE] 96
2026-05-27 09:41:11,274 [SKIP] len error : ['東P', '東証プライム']
2026-05-27 09:41:11,274 [SKIP] len error : ['東S', '東証スタンダード']
2026-05-27 09:41:11,275 [SKIP] len error : ['東G', '東証グロース']
2026-05-27 09:41:11,275 [SKIP] len error : ['東Ｅ', '東証ETF']
2026-05-27 09:41:11,275 [SKIP] len error : ['東EN', '東証ETN']
2026-05-27 09:41:11,275 [SKIP] len error : ['東Ｒ', '東証REIT']
2026-05-27 09:41:11,275 [SKIP] len error : ['東IF', '東証インフラファンド']
2026-05-27 09:41:11,275 [SKIP] len error : ['名Ｐ', '名証プレミア']
2026-05-27 09:41:11,275 [SKIP] len error : ['名M', '名証メイン']
2026-05-27 09:41:11,275 [SKIP] len error : ['名N', '名証ネクスト']
2026-05-27 09:41:11,275 [SKIP] len error : ['名Ｅ', '名証ETF']
2026-05-27 09:41:11,275 [SKIP] len error : ['札Ａ', '札証アンビシャス']
2026-05-27 09:41:11,275 [SKIP] len error : ['福Ｑ', '福証Q-Board']
2026-05-27 09:41:11,275 [SKIP] len error : ['①', '高い', '1,000回以上', '13.9%']
2026-05-27 09:41:11,275 [SKIP] len error : ['②', 'やや高い', '400回〜1,000回', '18.5%']
2026-05-27 09:41:11,275 [SKIP] len error : ['③', '中位', '50回〜400回', '39.0%']
2026-05-27 09:41:11,275 [SKIP] len error : ['④', 'やや低い', '10回〜50回', '17.6%']
2026-05-27 09:41:11,275 [SKIP] len error : ['⑤', '低い', '10回未満', '11.0%']
2026-05-27 09:41:11,275 1920件 / ?件中 18:41
2026-05-27 09:41:11,372 [TOTAL] None
2026-05-27 09:41:11,372 [COUNT] 1920
2026-05-27 09:41:12,002 [PAGE] 97
2026-05-27 09:41:12,258 [SKIP] len error : ['東P', '東証プライム']
2026-05-27 09:41:12,258 [SKIP] len error : ['東S', '東証スタンダード']
2026-05-27 09:41:12,258 [SKIP] len error : ['東G', '東証グロース']
2026-05-27 09:41:12,258 [SKIP] len error : ['東Ｅ', '東証ETF']
2026-05-27 09:41:12,258 [SKIP] len error : ['東EN', '東証ETN']
2026-05-27 09:41:12,258 [SKIP] len error : ['東Ｒ', '東証REIT']
2026-05-27 09:41:12,258 [SKIP] len error : ['東IF', '東証インフラファンド']
2026-05-27 09:41:12,258 [SKIP] len error : ['名Ｐ', '名証プレミア']
2026-05-27 09:41:12,258 [SKIP] len error : ['名M', '名証メイン']
2026-05-27 09:41:12,258 [SKIP] len error : ['名N', '名証ネクスト']
2026-05-27 09:41:12,258 [SKIP] len error : ['名Ｅ', '名証ETF']
2026-05-27 09:41:12,258 [SKIP] len error : ['札Ａ', '札証アンビシャス']
2026-05-27 09:41:12,258 [SKIP] len error : ['福Ｑ', '福証Q-Board']
2026-05-27 09:41:12,258 [SKIP] len error : ['①', '高い', '1,000回以上', '13.9%']
2026-05-27 09:41:12,258 [SKIP] len error : ['②', 'やや高い', '400回〜1,000回', '18.5%']
2026-05-27 09:41:12,258 [SKIP] len error : ['③', '中位', '50回〜400回', '39.0%']
2026-05-27 09:41:12,258 [SKIP] len error : ['④', 'やや低い', '10回〜50回', '17.6%']
2026-05-27 09:41:12,258 [SKIP] len error : ['⑤', '低い', '10回未満', '11.0%']
2026-05-27 09:41:12,258 1940件 / ?件中 18:41
2026-05-27 09:41:12,293 [TOTAL] None
2026-05-27 09:41:12,293 [COUNT] 1940
2026-05-27 09:41:12,796 [PAGE] 98
2026-05-27 09:41:13,086 [SKIP] len error : ['東P', '東証プライム']
2026-05-27 09:41:13,086 [SKIP] len error : ['東S', '東証スタンダード']
2026-05-27 09:41:13,087 [SKIP] len error : ['東G', '東証グロース']
2026-05-27 09:41:13,087 [SKIP] len error : ['東Ｅ', '東証ETF']
2026-05-27 09:41:13,087 [SKIP] len error : ['東EN', '東証ETN']
2026-05-27 09:41:13,087 [SKIP] len error : ['東Ｒ', '東証REIT']
2026-05-27 09:41:13,087 [SKIP] len error : ['東IF', '東証インフラファンド']
2026-05-27 09:41:13,087 [SKIP] len error : ['名Ｐ', '名証プレミア']
2026-05-27 09:41:13,087 [SKIP] len error : ['名M', '名証メイン']
2026-05-27 09:41:13,087 [SKIP] len error : ['名N', '名証ネクスト']
2026-05-27 09:41:13,087 [SKIP] len error : ['名Ｅ', '名証ETF']
2026-05-27 09:41:13,087 [SKIP] len error : ['札Ａ', '札証アンビシャス']
2026-05-27 09:41:13,087 [SKIP] len error : ['福Ｑ', '福証Q-Board']
2026-05-27 09:41:13,087 [SKIP] len error : ['①', '高い', '1,000回以上', '13.9%']
2026-05-27 09:41:13,087 [SKIP] len error : ['②', 'やや高い', '400回〜1,000回', '18.5%']
2026-05-27 09:41:13,087 [SKIP] len error : ['③', '中位', '50回〜400回', '39.0%']
2026-05-27 09:41:13,087 [SKIP] len error : ['④', 'やや低い', '10回〜50回', '17.6%']
2026-05-27 09:41:13,087 [SKIP] len error : ['⑤', '低い', '10回未満', '11.0%']
2026-05-27 09:41:13,087 1960件 / ?件中 18:41
2026-05-27 09:41:13,121 [TOTAL] None
2026-05-27 09:41:13,121 [COUNT] 1960
2026-05-27 09:41:14,171 [PAGE] 99
2026-05-27 09:41:14,454 [SKIP] len error : ['東P', '東証プライム']
2026-05-27 09:41:14,455 [SKIP] len error : ['東S', '東証スタンダード']
2026-05-27 09:41:14,455 [SKIP] len error : ['東G', '東証グロース']
2026-05-27 09:41:14,455 [SKIP] len error : ['東Ｅ', '東証ETF']
2026-05-27 09:41:14,455 [SKIP] len error : ['東EN', '東証ETN']
2026-05-27 09:41:14,455 [SKIP] len error : ['東Ｒ', '東証REIT']
2026-05-27 09:41:14,455 [SKIP] len error : ['東IF', '東証インフラファンド']
2026-05-27 09:41:14,455 [SKIP] len error : ['名Ｐ', '名証プレミア']
2026-05-27 09:41:14,455 [SKIP] len error : ['名M', '名証メイン']
2026-05-27 09:41:14,455 [SKIP] len error : ['名N', '名証ネクスト']
2026-05-27 09:41:14,455 [SKIP] len error : ['名Ｅ', '名証ETF']
2026-05-27 09:41:14,455 [SKIP] len error : ['札Ａ', '札証アンビシャス']
2026-05-27 09:41:14,455 [SKIP] len error : ['福Ｑ', '福証Q-Board']
2026-05-27 09:41:14,455 [SKIP] len error : ['①', '高い', '1,000回以上', '13.9%']
2026-05-27 09:41:14,455 [SKIP] len error : ['②', 'やや高い', '400回〜1,000回', '18.5%']
2026-05-27 09:41:14,455 [SKIP] len error : ['③', '中位', '50回〜400回', '39.0%']
2026-05-27 09:41:14,455 [SKIP] len error : ['④', 'やや低い', '10回〜50回', '17.6%']
2026-05-27 09:41:14,455 [SKIP] len error : ['⑤', '低い', '10回未満', '11.0%']
2026-05-27 09:41:14,455 1980件 / ?件中 18:41
2026-05-27 09:41:14,489 [TOTAL] None
2026-05-27 09:41:14,489 [COUNT] 1980
2026-05-27 09:41:15,717 [PAGE] 100
2026-05-27 09:41:16,001 [SKIP] len error : ['東P', '東証プライム']
2026-05-27 09:41:16,001 [SKIP] len error : ['東S', '東証スタンダード']
2026-05-27 09:41:16,001 [SKIP] len error : ['東G', '東証グロース']
2026-05-27 09:41:16,001 [SKIP] len error : ['東Ｅ', '東証ETF']
2026-05-27 09:41:16,001 [SKIP] len error : ['東EN', '東証ETN']
2026-05-27 09:41:16,001 [SKIP] len error : ['東Ｒ', '東証REIT']
2026-05-27 09:41:16,001 [SKIP] len error : ['東IF', '東証インフラファンド']
2026-05-27 09:41:16,001 [SKIP] len error : ['名Ｐ', '名証プレミア']
2026-05-27 09:41:16,001 [SKIP] len error : ['名M', '名証メイン']
2026-05-27 09:41:16,001 [SKIP] len error : ['名N', '名証ネクスト']
2026-05-27 09:41:16,001 [SKIP] len error : ['名Ｅ', '名証ETF']
2026-05-27 09:41:16,001 [SKIP] len error : ['札Ａ', '札証アンビシャス']
2026-05-27 09:41:16,001 [SKIP] len error : ['福Ｑ', '福証Q-Board']
2026-05-27 09:41:16,001 [SKIP] len error : ['①', '高い', '1,000回以上', '13.9%']
2026-05-27 09:41:16,001 [SKIP] len error : ['②', 'やや高い', '400回〜1,000回', '18.5%']
2026-05-27 09:41:16,001 [SKIP] len error : ['③', '中位', '50回〜400回', '39.0%']
2026-05-27 09:41:16,001 [SKIP] len error : ['④', 'やや低い', '10回〜50回', '17.6%']
2026-05-27 09:41:16,001 [SKIP] len error : ['⑤', '低い', '10回未満', '11.0%']
2026-05-27 09:41:16,001 2000件 / ?件中 18:41
2026-05-27 09:41:16,034 [TOTAL] None
2026-05-27 09:41:16,034 [COUNT] 2000
2026-05-27 09:41:16,948 [SLEEP] 2000件到達 -> 155秒休憩
2026-05-27 09:43:51,948 [PAGE] 101
2026-05-27 09:43:52,730 [SKIP] len error : ['東P', '東証プライム']
2026-05-27 09:43:52,730 [SKIP] len error : ['東S', '東証スタンダード']
2026-05-27 09:43:52,730 [SKIP] len error : ['東G', '東証グロース']
2026-05-27 09:43:52,730 [SKIP] len error : ['東Ｅ', '東証ETF']
2026-05-27 09:43:52,730 [SKIP] len error : ['東EN', '東証ETN']
2026-05-27 09:43:52,730 [SKIP] len error : ['東Ｒ', '東証REIT']
2026-05-27 09:43:52,730 [SKIP] len error : ['東IF', '東証インフラファンド']
2026-05-27 09:43:52,730 [SKIP] len error : ['名Ｐ', '名証プレミア']
2026-05-27 09:43:52,730 [SKIP] len error : ['名M', '名証メイン']
2026-05-27 09:43:52,731 [SKIP] len error : ['名N', '名証ネクスト']
2026-05-27 09:43:52,731 [SKIP] len error : ['名Ｅ', '名証ETF']
2026-05-27 09:43:52,731 [SKIP] len error : ['札Ａ', '札証アンビシャス']
2026-05-27 09:43:52,731 [SKIP] len error : ['福Ｑ', '福証Q-Board']
2026-05-27 09:43:52,731 [SKIP] len error : ['①', '高い', '1,000回以上', '13.9%']
2026-05-27 09:43:52,731 [SKIP] len error : ['②', 'やや高い', '400回〜1,000回', '18.5%']
2026-05-27 09:43:52,731 [SKIP] len error : ['③', '中位', '50回〜400回', '39.0%']
2026-05-27 09:43:52,731 [SKIP] len error : ['④', 'やや低い', '10回〜50回', '17.6%']
2026-05-27 09:43:52,731 [SKIP] len error : ['⑤', '低い', '10回未満', '11.0%']
2026-05-27 09:43:52,731 2020件 / ?件中 18:43
2026-05-27 09:43:52,847 [TOTAL] None
2026-05-27 09:43:52,847 [COUNT] 2020
2026-05-27 09:43:53,856 [PAGE] 102
2026-05-27 09:43:54,119 [SKIP] len error : ['東P', '東証プライム']
2026-05-27 09:43:54,120 [SKIP] len error : ['東S', '東証スタンダード']
2026-05-27 09:43:54,120 [SKIP] len error : ['東G', '東証グロース']
2026-05-27 09:43:54,120 [SKIP] len error : ['東Ｅ', '東証ETF']
2026-05-27 09:43:54,120 [SKIP] len error : ['東EN', '東証ETN']
2026-05-27 09:43:54,120 [SKIP] len error : ['東Ｒ', '東証REIT']
2026-05-27 09:43:54,120 [SKIP] len error : ['東IF', '東証インフラファンド']
2026-05-27 09:43:54,120 [SKIP] len error : ['名Ｐ', '名証プレミア']
2026-05-27 09:43:54,120 [SKIP] len error : ['名M', '名証メイン']
2026-05-27 09:43:54,120 [SKIP] len error : ['名N', '名証ネクスト']
2026-05-27 09:43:54,120 [SKIP] len error : ['名Ｅ', '名証ETF']
2026-05-27 09:43:54,120 [SKIP] len error : ['札Ａ', '札証アンビシャス']
2026-05-27 09:43:54,120 [SKIP] len error : ['福Ｑ', '福証Q-Board']
2026-05-27 09:43:54,120 [SKIP] len error : ['①', '高い', '1,000回以上', '13.9%']
2026-05-27 09:43:54,120 [SKIP] len error : ['②', 'やや高い', '400回〜1,000回', '18.5%']
2026-05-27 09:43:54,120 [SKIP] len error : ['③', '中位', '50回〜400回', '39.0%']
2026-05-27 09:43:54,120 [SKIP] len error : ['④', 'やや低い', '10回〜50回', '17.6%']
2026-05-27 09:43:54,120 [SKIP] len error : ['⑤', '低い', '10回未満', '11.0%']
2026-05-27 09:43:54,120 2040件 / ?件中 18:43
2026-05-27 09:43:54,154 [TOTAL] None
2026-05-27 09:43:54,154 [COUNT] 2040
2026-05-27 09:43:54,721 [PAGE] 103
2026-05-27 09:43:54,985 [SKIP] len error : ['東P', '東証プライム']
2026-05-27 09:43:54,985 [SKIP] len error : ['東S', '東証スタンダード']
2026-05-27 09:43:54,985 [SKIP] len error : ['東G', '東証グロース']
2026-05-27 09:43:54,985 [SKIP] len error : ['東Ｅ', '東証ETF']
2026-05-27 09:43:54,985 [SKIP] len error : ['東EN', '東証ETN']
2026-05-27 09:43:54,985 [SKIP] len error : ['東Ｒ', '東証REIT']
2026-05-27 09:43:54,985 [SKIP] len error : ['東IF', '東証インフラファンド']
2026-05-27 09:43:54,985 [SKIP] len error : ['名Ｐ', '名証プレミア']
2026-05-27 09:43:54,985 [SKIP] len error : ['名M', '名証メイン']
2026-05-27 09:43:54,985 [SKIP] len error : ['名N', '名証ネクスト']
2026-05-27 09:43:54,985 [SKIP] len error : ['名Ｅ', '名証ETF']
2026-05-27 09:43:54,985 [SKIP] len error : ['札Ａ', '札証アンビシャス']
2026-05-27 09:43:54,985 [SKIP] len error : ['福Ｑ', '福証Q-Board']
2026-05-27 09:43:54,985 [SKIP] len error : ['①', '高い', '1,000回以上', '13.9%']
2026-05-27 09:43:54,985 [SKIP] len error : ['②', 'やや高い', '400回〜1,000回', '18.5%']
2026-05-27 09:43:54,985 [SKIP] len error : ['③', '中位', '50回〜400回', '39.0%']
2026-05-27 09:43:54,985 [SKIP] len error : ['④', 'やや低い', '10回〜50回', '17.6%']
2026-05-27 09:43:54,985 [SKIP] len error : ['⑤', '低い', '10回未満', '11.0%']
2026-05-27 09:43:54,986 2060件 / ?件中 18:43
2026-05-27 09:43:55,019 [TOTAL] None
2026-05-27 09:43:55,019 [COUNT] 2060
2026-05-27 09:43:56,252 [PAGE] 104
2026-05-27 09:43:56,537 [SKIP] len error : ['東P', '東証プライム']
2026-05-27 09:43:56,537 [SKIP] len error : ['東S', '東証スタンダード']
2026-05-27 09:43:56,537 [SKIP] len error : ['東G', '東証グロース']
2026-05-27 09:43:56,537 [SKIP] len error : ['東Ｅ', '東証ETF']
2026-05-27 09:43:56,537 [SKIP] len error : ['東EN', '東証ETN']
2026-05-27 09:43:56,537 [SKIP] len error : ['東Ｒ', '東証REIT']
2026-05-27 09:43:56,537 [SKIP] len error : ['東IF', '東証インフラファンド']
2026-05-27 09:43:56,537 [SKIP] len error : ['名Ｐ', '名証プレミア']
2026-05-27 09:43:56,537 [SKIP] len error : ['名M', '名証メイン']
2026-05-27 09:43:56,537 [SKIP] len error : ['名N', '名証ネクスト']
2026-05-27 09:43:56,537 [SKIP] len error : ['名Ｅ', '名証ETF']
2026-05-27 09:43:56,537 [SKIP] len error : ['札Ａ', '札証アンビシャス']
2026-05-27 09:43:56,537 [SKIP] len error : ['福Ｑ', '福証Q-Board']
2026-05-27 09:43:56,537 [SKIP] len error : ['①', '高い', '1,000回以上', '13.9%']
2026-05-27 09:43:56,537 [SKIP] len error : ['②', 'やや高い', '400回〜1,000回', '18.5%']
2026-05-27 09:43:56,537 [SKIP] len error : ['③', '中位', '50回〜400回', '39.0%']
2026-05-27 09:43:56,537 [SKIP] len error : ['④', 'やや低い', '10回〜50回', '17.6%']
2026-05-27 09:43:56,537 [SKIP] len error : ['⑤', '低い', '10回未満', '11.0%']
2026-05-27 09:43:56,538 2080件 / ?件中 18:43
2026-05-27 09:43:56,571 [TOTAL] None
2026-05-27 09:43:56,571 [COUNT] 2080
2026-05-27 09:43:57,497 [PAGE] 105
2026-05-27 09:43:57,746 [SKIP] len error : ['東P', '東証プライム']
2026-05-27 09:43:57,747 [SKIP] len error : ['東S', '東証スタンダード']
2026-05-27 09:43:57,747 [SKIP] len error : ['東G', '東証グロース']
2026-05-27 09:43:57,747 [SKIP] len error : ['東Ｅ', '東証ETF']
2026-05-27 09:43:57,747 [SKIP] len error : ['東EN', '東証ETN']
2026-05-27 09:43:57,747 [SKIP] len error : ['東Ｒ', '東証REIT']
2026-05-27 09:43:57,747 [SKIP] len error : ['東IF', '東証インフラファンド']
2026-05-27 09:43:57,747 [SKIP] len error : ['名Ｐ', '名証プレミア']
2026-05-27 09:43:57,747 [SKIP] len error : ['名M', '名証メイン']
2026-05-27 09:43:57,747 [SKIP] len error : ['名N', '名証ネクスト']
2026-05-27 09:43:57,747 [SKIP] len error : ['名Ｅ', '名証ETF']
2026-05-27 09:43:57,747 [SKIP] len error : ['札Ａ', '札証アンビシャス']
2026-05-27 09:43:57,747 [SKIP] len error : ['福Ｑ', '福証Q-Board']
2026-05-27 09:43:57,747 [SKIP] len error : ['①', '高い', '1,000回以上', '13.9%']
2026-05-27 09:43:57,747 [SKIP] len error : ['②', 'やや高い', '400回〜1,000回', '18.5%']
2026-05-27 09:43:57,747 [SKIP] len error : ['③', '中位', '50回〜400回', '39.0%']
2026-05-27 09:43:57,747 [SKIP] len error : ['④', 'やや低い', '10回〜50回', '17.6%']
2026-05-27 09:43:57,747 [SKIP] len error : ['⑤', '低い', '10回未満', '11.0%']
2026-05-27 09:43:57,747 2100件 / ?件中 18:43
2026-05-27 09:43:57,781 [TOTAL] None
2026-05-27 09:43:57,781 [COUNT] 2100
2026-05-27 09:43:58,383 [PAGE] 106
2026-05-27 09:43:58,711 [SKIP] len error : ['東P', '東証プライム']
2026-05-27 09:43:58,711 [SKIP] len error : ['東S', '東証スタンダード']
2026-05-27 09:43:58,711 [SKIP] len error : ['東G', '東証グロース']
2026-05-27 09:43:58,711 [SKIP] len error : ['東Ｅ', '東証ETF']
2026-05-27 09:43:58,711 [SKIP] len error : ['東EN', '東証ETN']
2026-05-27 09:43:58,711 [SKIP] len error : ['東Ｒ', '東証REIT']
2026-05-27 09:43:58,711 [SKIP] len error : ['東IF', '東証インフラファンド']
2026-05-27 09:43:58,711 [SKIP] len error : ['名Ｐ', '名証プレミア']
2026-05-27 09:43:58,711 [SKIP] len error : ['名M', '名証メイン']
2026-05-27 09:43:58,711 [SKIP] len error : ['名N', '名証ネクスト']
2026-05-27 09:43:58,711 [SKIP] len error : ['名Ｅ', '名証ETF']
2026-05-27 09:43:58,711 [SKIP] len error : ['札Ａ', '札証アンビシャス']
2026-05-27 09:43:58,711 [SKIP] len error : ['福Ｑ', '福証Q-Board']
2026-05-27 09:43:58,711 [SKIP] len error : ['①', '高い', '1,000回以上', '13.9%']
2026-05-27 09:43:58,711 [SKIP] len error : ['②', 'やや高い', '400回〜1,000回', '18.5%']
2026-05-27 09:43:58,711 [SKIP] len error : ['③', '中位', '50回〜400回', '39.0%']
2026-05-27 09:43:58,712 [SKIP] len error : ['④', 'やや低い', '10回〜50回', '17.6%']
2026-05-27 09:43:58,712 [SKIP] len error : ['⑤', '低い', '10回未満', '11.0%']
2026-05-27 09:43:58,712 2120件 / ?件中 18:43
2026-05-27 09:43:58,745 [TOTAL] None
2026-05-27 09:43:58,745 [COUNT] 2120
2026-05-27 09:43:59,281 [PAGE] 107
2026-05-27 09:43:59,554 [SKIP] len error : ['東P', '東証プライム']
2026-05-27 09:43:59,555 [SKIP] len error : ['東S', '東証スタンダード']
2026-05-27 09:43:59,555 [SKIP] len error : ['東G', '東証グロース']
2026-05-27 09:43:59,555 [SKIP] len error : ['東Ｅ', '東証ETF']
2026-05-27 09:43:59,555 [SKIP] len error : ['東EN', '東証ETN']
2026-05-27 09:43:59,555 [SKIP] len error : ['東Ｒ', '東証REIT']
2026-05-27 09:43:59,555 [SKIP] len error : ['東IF', '東証インフラファンド']
2026-05-27 09:43:59,555 [SKIP] len error : ['名Ｐ', '名証プレミア']
2026-05-27 09:43:59,555 [SKIP] len error : ['名M', '名証メイン']
2026-05-27 09:43:59,555 [SKIP] len error : ['名N', '名証ネクスト']
2026-05-27 09:43:59,555 [SKIP] len error : ['名Ｅ', '名証ETF']
2026-05-27 09:43:59,555 [SKIP] len error : ['札Ａ', '札証アンビシャス']
2026-05-27 09:43:59,555 [SKIP] len error : ['福Ｑ', '福証Q-Board']
2026-05-27 09:43:59,555 [SKIP] len error : ['①', '高い', '1,000回以上', '13.9%']
2026-05-27 09:43:59,555 [SKIP] len error : ['②', 'やや高い', '400回〜1,000回', '18.5%']
2026-05-27 09:43:59,555 [SKIP] len error : ['③', '中位', '50回〜400回', '39.0%']
2026-05-27 09:43:59,555 [SKIP] len error : ['④', 'やや低い', '10回〜50回', '17.6%']
2026-05-27 09:43:59,555 [SKIP] len error : ['⑤', '低い', '10回未満', '11.0%']
2026-05-27 09:43:59,555 2140件 / ?件中 18:43
2026-05-27 09:43:59,590 [TOTAL] None
2026-05-27 09:43:59,590 [COUNT] 2140
2026-05-27 09:44:00,199 [PAGE] 108
2026-05-27 09:44:00,449 [SKIP] len error : ['東P', '東証プライム']
2026-05-27 09:44:00,449 [SKIP] len error : ['東S', '東証スタンダード']
2026-05-27 09:44:00,449 [SKIP] len error : ['東G', '東証グロース']
2026-05-27 09:44:00,449 [SKIP] len error : ['東Ｅ', '東証ETF']
2026-05-27 09:44:00,449 [SKIP] len error : ['東EN', '東証ETN']
2026-05-27 09:44:00,449 [SKIP] len error : ['東Ｒ', '東証REIT']
2026-05-27 09:44:00,449 [SKIP] len error : ['東IF', '東証インフラファンド']
2026-05-27 09:44:00,449 [SKIP] len error : ['名Ｐ', '名証プレミア']
2026-05-27 09:44:00,449 [SKIP] len error : ['名M', '名証メイン']
2026-05-27 09:44:00,449 [SKIP] len error : ['名N', '名証ネクスト']
2026-05-27 09:44:00,449 [SKIP] len error : ['名Ｅ', '名証ETF']
2026-05-27 09:44:00,449 [SKIP] len error : ['札Ａ', '札証アンビシャス']
2026-05-27 09:44:00,449 [SKIP] len error : ['福Ｑ', '福証Q-Board']
2026-05-27 09:44:00,449 [SKIP] len error : ['①', '高い', '1,000回以上', '13.9%']
2026-05-27 09:44:00,449 [SKIP] len error : ['②', 'やや高い', '400回〜1,000回', '18.5%']
2026-05-27 09:44:00,449 [SKIP] len error : ['③', '中位', '50回〜400回', '39.0%']
2026-05-27 09:44:00,449 [SKIP] len error : ['④', 'やや低い', '10回〜50回', '17.6%']
2026-05-27 09:44:00,449 [SKIP] len error : ['⑤', '低い', '10回未満', '11.0%']
2026-05-27 09:44:00,450 2160件 / ?件中 18:44
2026-05-27 09:44:00,483 [TOTAL] None
2026-05-27 09:44:00,483 [COUNT] 2160
2026-05-27 09:44:01,721 [PAGE] 109
2026-05-27 09:44:01,993 [SKIP] len error : ['東P', '東証プライム']
2026-05-27 09:44:01,993 [SKIP] len error : ['東S', '東証スタンダード']
2026-05-27 09:44:01,993 [SKIP] len error : ['東G', '東証グロース']
2026-05-27 09:44:01,994 [SKIP] len error : ['東Ｅ', '東証ETF']
2026-05-27 09:44:01,994 [SKIP] len error : ['東EN', '東証ETN']
2026-05-27 09:44:01,994 [SKIP] len error : ['東Ｒ', '東証REIT']
2026-05-27 09:44:01,994 [SKIP] len error : ['東IF', '東証インフラファンド']
2026-05-27 09:44:01,994 [SKIP] len error : ['名Ｐ', '名証プレミア']
2026-05-27 09:44:01,994 [SKIP] len error : ['名M', '名証メイン']
2026-05-27 09:44:01,994 [SKIP] len error : ['名N', '名証ネクスト']
2026-05-27 09:44:01,994 [SKIP] len error : ['名Ｅ', '名証ETF']
2026-05-27 09:44:01,994 [SKIP] len error : ['札Ａ', '札証アンビシャス']
2026-05-27 09:44:01,994 [SKIP] len error : ['福Ｑ', '福証Q-Board']
2026-05-27 09:44:01,994 [SKIP] len error : ['①', '高い', '1,000回以上', '13.9%']
2026-05-27 09:44:01,994 [SKIP] len error : ['②', 'やや高い', '400回〜1,000回', '18.5%']
2026-05-27 09:44:01,994 [SKIP] len error : ['③', '中位', '50回〜400回', '39.0%']
2026-05-27 09:44:01,994 [SKIP] len error : ['④', 'やや低い', '10回〜50回', '17.6%']
2026-05-27 09:44:01,994 [SKIP] len error : ['⑤', '低い', '10回未満', '11.0%']
2026-05-27 09:44:01,994 2180件 / ?件中 18:44
2026-05-27 09:44:02,027 [TOTAL] None
2026-05-27 09:44:02,027 [COUNT] 2180
2026-05-27 09:44:03,126 [PAGE] 110
2026-05-27 09:44:03,394 [SKIP] len error : ['東P', '東証プライム']
2026-05-27 09:44:03,394 [SKIP] len error : ['東S', '東証スタンダード']
2026-05-27 09:44:03,394 [SKIP] len error : ['東G', '東証グロース']
2026-05-27 09:44:03,394 [SKIP] len error : ['東Ｅ', '東証ETF']
2026-05-27 09:44:03,394 [SKIP] len error : ['東EN', '東証ETN']
2026-05-27 09:44:03,394 [SKIP] len error : ['東Ｒ', '東証REIT']
2026-05-27 09:44:03,394 [SKIP] len error : ['東IF', '東証インフラファンド']
2026-05-27 09:44:03,394 [SKIP] len error : ['名Ｐ', '名証プレミア']
2026-05-27 09:44:03,394 [SKIP] len error : ['名M', '名証メイン']
2026-05-27 09:44:03,394 [SKIP] len error : ['名N', '名証ネクスト']
2026-05-27 09:44:03,394 [SKIP] len error : ['名Ｅ', '名証ETF']
2026-05-27 09:44:03,394 [SKIP] len error : ['札Ａ', '札証アンビシャス']
2026-05-27 09:44:03,394 [SKIP] len error : ['福Ｑ', '福証Q-Board']
2026-05-27 09:44:03,394 [SKIP] len error : ['①', '高い', '1,000回以上', '13.9%']
2026-05-27 09:44:03,394 [SKIP] len error : ['②', 'やや高い', '400回〜1,000回', '18.5%']
2026-05-27 09:44:03,394 [SKIP] len error : ['③', '中位', '50回〜400回', '39.0%']
2026-05-27 09:44:03,394 [SKIP] len error : ['④', 'やや低い', '10回〜50回', '17.6%']
2026-05-27 09:44:03,394 [SKIP] len error : ['⑤', '低い', '10回未満', '11.0%']
2026-05-27 09:44:03,395 2200件 / ?件中 18:44
2026-05-27 09:44:03,427 [TOTAL] None
2026-05-27 09:44:03,428 [COUNT] 2200
2026-05-27 09:44:04,454 [PAGE] 111
2026-05-27 09:44:04,808 [SKIP] len error : ['東P', '東証プライム']
2026-05-27 09:44:04,808 [SKIP] len error : ['東S', '東証スタンダード']
2026-05-27 09:44:04,808 [SKIP] len error : ['東G', '東証グロース']
2026-05-27 09:44:04,808 [SKIP] len error : ['東Ｅ', '東証ETF']
2026-05-27 09:44:04,808 [SKIP] len error : ['東EN', '東証ETN']
2026-05-27 09:44:04,808 [SKIP] len error : ['東Ｒ', '東証REIT']
2026-05-27 09:44:04,808 [SKIP] len error : ['東IF', '東証インフラファンド']
2026-05-27 09:44:04,808 [SKIP] len error : ['名Ｐ', '名証プレミア']
2026-05-27 09:44:04,808 [SKIP] len error : ['名M', '名証メイン']
2026-05-27 09:44:04,808 [SKIP] len error : ['名N', '名証ネクスト']
2026-05-27 09:44:04,808 [SKIP] len error : ['名Ｅ', '名証ETF']
2026-05-27 09:44:04,808 [SKIP] len error : ['札Ａ', '札証アンビシャス']
2026-05-27 09:44:04,808 [SKIP] len error : ['福Ｑ', '福証Q-Board']
2026-05-27 09:44:04,808 [SKIP] len error : ['①', '高い', '1,000回以上', '13.9%']
2026-05-27 09:44:04,808 [SKIP] len error : ['②', 'やや高い', '400回〜1,000回', '18.5%']
2026-05-27 09:44:04,808 [SKIP] len error : ['③', '中位', '50回〜400回', '39.0%']
2026-05-27 09:44:04,808 [SKIP] len error : ['④', 'やや低い', '10回〜50回', '17.6%']
2026-05-27 09:44:04,808 [SKIP] len error : ['⑤', '低い', '10回未満', '11.0%']
2026-05-27 09:44:04,809 2220件 / ?件中 18:44
2026-05-27 09:44:04,842 [TOTAL] None
2026-05-27 09:44:04,842 [COUNT] 2220
2026-05-27 09:44:05,623 [PAGE] 112
2026-05-27 09:44:05,890 [SKIP] len error : ['東P', '東証プライム']
2026-05-27 09:44:05,890 [SKIP] len error : ['東S', '東証スタンダード']
2026-05-27 09:44:05,890 [SKIP] len error : ['東G', '東証グロース']
2026-05-27 09:44:05,890 [SKIP] len error : ['東Ｅ', '東証ETF']
2026-05-27 09:44:05,890 [SKIP] len error : ['東EN', '東証ETN']
2026-05-27 09:44:05,890 [SKIP] len error : ['東Ｒ', '東証REIT']
2026-05-27 09:44:05,890 [SKIP] len error : ['東IF', '東証インフラファンド']
2026-05-27 09:44:05,890 [SKIP] len error : ['名Ｐ', '名証プレミア']
2026-05-27 09:44:05,890 [SKIP] len error : ['名M', '名証メイン']
2026-05-27 09:44:05,890 [SKIP] len error : ['名N', '名証ネクスト']
2026-05-27 09:44:05,890 [SKIP] len error : ['名Ｅ', '名証ETF']
2026-05-27 09:44:05,890 [SKIP] len error : ['札Ａ', '札証アンビシャス']
2026-05-27 09:44:05,890 [SKIP] len error : ['福Ｑ', '福証Q-Board']
2026-05-27 09:44:05,890 [SKIP] len error : ['①', '高い', '1,000回以上', '13.9%']
2026-05-27 09:44:05,890 [SKIP] len error : ['②', 'やや高い', '400回〜1,000回', '18.5%']
2026-05-27 09:44:05,890 [SKIP] len error : ['③', '中位', '50回〜400回', '39.0%']
2026-05-27 09:44:05,890 [SKIP] len error : ['④', 'やや低い', '10回〜50回', '17.6%']
2026-05-27 09:44:05,890 [SKIP] len error : ['⑤', '低い', '10回未満', '11.0%']
2026-05-27 09:44:05,891 2240件 / ?件中 18:44
2026-05-27 09:44:05,924 [TOTAL] None
2026-05-27 09:44:05,924 [COUNT] 2240
2026-05-27 09:44:06,771 [PAGE] 113
2026-05-27 09:44:07,065 [SKIP] len error : ['東P', '東証プライム']
2026-05-27 09:44:07,065 [SKIP] len error : ['東S', '東証スタンダード']
2026-05-27 09:44:07,065 [SKIP] len error : ['東G', '東証グロース']
2026-05-27 09:44:07,065 [SKIP] len error : ['東Ｅ', '東証ETF']
2026-05-27 09:44:07,065 [SKIP] len error : ['東EN', '東証ETN']
2026-05-27 09:44:07,065 [SKIP] len error : ['東Ｒ', '東証REIT']
2026-05-27 09:44:07,065 [SKIP] len error : ['東IF', '東証インフラファンド']
2026-05-27 09:44:07,065 [SKIP] len error : ['名Ｐ', '名証プレミア']
2026-05-27 09:44:07,065 [SKIP] len error : ['名M', '名証メイン']
2026-05-27 09:44:07,065 [SKIP] len error : ['名N', '名証ネクスト']
2026-05-27 09:44:07,065 [SKIP] len error : ['名Ｅ', '名証ETF']
2026-05-27 09:44:07,065 [SKIP] len error : ['札Ａ', '札証アンビシャス']
2026-05-27 09:44:07,065 [SKIP] len error : ['福Ｑ', '福証Q-Board']
2026-05-27 09:44:07,065 [SKIP] len error : ['①', '高い', '1,000回以上', '13.9%']
2026-05-27 09:44:07,065 [SKIP] len error : ['②', 'やや高い', '400回〜1,000回', '18.5%']
2026-05-27 09:44:07,065 [SKIP] len error : ['③', '中位', '50回〜400回', '39.0%']
2026-05-27 09:44:07,065 [SKIP] len error : ['④', 'やや低い', '10回〜50回', '17.6%']
2026-05-27 09:44:07,065 [SKIP] len error : ['⑤', '低い', '10回未満', '11.0%']
2026-05-27 09:44:07,066 2260件 / ?件中 18:44
2026-05-27 09:44:07,099 [TOTAL] None
2026-05-27 09:44:07,099 [COUNT] 2260
2026-05-27 09:44:08,406 [PAGE] 114
2026-05-27 09:44:08,669 [SKIP] len error : ['東P', '東証プライム']
2026-05-27 09:44:08,669 [SKIP] len error : ['東S', '東証スタンダード']
2026-05-27 09:44:08,669 [SKIP] len error : ['東G', '東証グロース']
2026-05-27 09:44:08,669 [SKIP] len error : ['東Ｅ', '東証ETF']
2026-05-27 09:44:08,669 [SKIP] len error : ['東EN', '東証ETN']
2026-05-27 09:44:08,669 [SKIP] len error : ['東Ｒ', '東証REIT']
2026-05-27 09:44:08,669 [SKIP] len error : ['東IF', '東証インフラファンド']
2026-05-27 09:44:08,669 [SKIP] len error : ['名Ｐ', '名証プレミア']
2026-05-27 09:44:08,669 [SKIP] len error : ['名M', '名証メイン']
2026-05-27 09:44:08,669 [SKIP] len error : ['名N', '名証ネクスト']
2026-05-27 09:44:08,669 [SKIP] len error : ['名Ｅ', '名証ETF']
2026-05-27 09:44:08,669 [SKIP] len error : ['札Ａ', '札証アンビシャス']
2026-05-27 09:44:08,669 [SKIP] len error : ['福Ｑ', '福証Q-Board']
2026-05-27 09:44:08,669 [SKIP] len error : ['①', '高い', '1,000回以上', '13.9%']
2026-05-27 09:44:08,669 [SKIP] len error : ['②', 'やや高い', '400回〜1,000回', '18.5%']
2026-05-27 09:44:08,669 [SKIP] len error : ['③', '中位', '50回〜400回', '39.0%']
2026-05-27 09:44:08,669 [SKIP] len error : ['④', 'やや低い', '10回〜50回', '17.6%']
2026-05-27 09:44:08,669 [SKIP] len error : ['⑤', '低い', '10回未満', '11.0%']
2026-05-27 09:44:08,670 2280件 / ?件中 18:44
2026-05-27 09:44:08,703 [TOTAL] None
2026-05-27 09:44:08,703 [COUNT] 2280
2026-05-27 09:44:09,832 [PAGE] 115
2026-05-27 09:44:10,103 [SKIP] len error : ['東P', '東証プライム']
2026-05-27 09:44:10,103 [SKIP] len error : ['東S', '東証スタンダード']
2026-05-27 09:44:10,103 [SKIP] len error : ['東G', '東証グロース']
2026-05-27 09:44:10,103 [SKIP] len error : ['東Ｅ', '東証ETF']
2026-05-27 09:44:10,103 [SKIP] len error : ['東EN', '東証ETN']
2026-05-27 09:44:10,103 [SKIP] len error : ['東Ｒ', '東証REIT']
2026-05-27 09:44:10,103 [SKIP] len error : ['東IF', '東証インフラファンド']
2026-05-27 09:44:10,103 [SKIP] len error : ['名Ｐ', '名証プレミア']
2026-05-27 09:44:10,103 [SKIP] len error : ['名M', '名証メイン']
2026-05-27 09:44:10,103 [SKIP] len error : ['名N', '名証ネクスト']
2026-05-27 09:44:10,103 [SKIP] len error : ['名Ｅ', '名証ETF']
2026-05-27 09:44:10,103 [SKIP] len error : ['札Ａ', '札証アンビシャス']
2026-05-27 09:44:10,103 [SKIP] len error : ['福Ｑ', '福証Q-Board']
2026-05-27 09:44:10,103 [SKIP] len error : ['①', '高い', '1,000回以上', '13.9%']
2026-05-27 09:44:10,103 [SKIP] len error : ['②', 'やや高い', '400回〜1,000回', '18.5%']
2026-05-27 09:44:10,103 [SKIP] len error : ['③', '中位', '50回〜400回', '39.0%']
2026-05-27 09:44:10,103 [SKIP] len error : ['④', 'やや低い', '10回〜50回', '17.6%']
2026-05-27 09:44:10,103 [SKIP] len error : ['⑤', '低い', '10回未満', '11.0%']
2026-05-27 09:44:10,104 2300件 / ?件中 18:44
2026-05-27 09:44:10,196 [TOTAL] None
2026-05-27 09:44:10,196 [COUNT] 2300
2026-05-27 09:44:10,973 [PAGE] 116
2026-05-27 09:44:11,252 [SKIP] len error : ['東P', '東証プライム']
2026-05-27 09:44:11,252 [SKIP] len error : ['東S', '東証スタンダード']
2026-05-27 09:44:11,252 [SKIP] len error : ['東G', '東証グロース']
2026-05-27 09:44:11,252 [SKIP] len error : ['東Ｅ', '東証ETF']
2026-05-27 09:44:11,252 [SKIP] len error : ['東EN', '東証ETN']
2026-05-27 09:44:11,252 [SKIP] len error : ['東Ｒ', '東証REIT']
2026-05-27 09:44:11,252 [SKIP] len error : ['東IF', '東証インフラファンド']
2026-05-27 09:44:11,252 [SKIP] len error : ['名Ｐ', '名証プレミア']
2026-05-27 09:44:11,252 [SKIP] len error : ['名M', '名証メイン']
2026-05-27 09:44:11,252 [SKIP] len error : ['名N', '名証ネクスト']
2026-05-27 09:44:11,252 [SKIP] len error : ['名Ｅ', '名証ETF']
2026-05-27 09:44:11,252 [SKIP] len error : ['札Ａ', '札証アンビシャス']
2026-05-27 09:44:11,252 [SKIP] len error : ['福Ｑ', '福証Q-Board']
2026-05-27 09:44:11,252 [SKIP] len error : ['①', '高い', '1,000回以上', '13.9%']
2026-05-27 09:44:11,252 [SKIP] len error : ['②', 'やや高い', '400回〜1,000回', '18.5%']
2026-05-27 09:44:11,252 [SKIP] len error : ['③', '中位', '50回〜400回', '39.0%']
2026-05-27 09:44:11,252 [SKIP] len error : ['④', 'やや低い', '10回〜50回', '17.6%']
2026-05-27 09:44:11,252 [SKIP] len error : ['⑤', '低い', '10回未満', '11.0%']
2026-05-27 09:44:11,252 2320件 / ?件中 18:44
2026-05-27 09:44:11,286 [TOTAL] None
2026-05-27 09:44:11,286 [COUNT] 2320
2026-05-27 09:44:12,674 [PAGE] 117
2026-05-27 09:44:12,944 [SKIP] len error : ['東P', '東証プライム']
2026-05-27 09:44:12,944 [SKIP] len error : ['東S', '東証スタンダード']
2026-05-27 09:44:12,944 [SKIP] len error : ['東G', '東証グロース']
2026-05-27 09:44:12,944 [SKIP] len error : ['東Ｅ', '東証ETF']
2026-05-27 09:44:12,944 [SKIP] len error : ['東EN', '東証ETN']
2026-05-27 09:44:12,944 [SKIP] len error : ['東Ｒ', '東証REIT']
2026-05-27 09:44:12,944 [SKIP] len error : ['東IF', '東証インフラファンド']
2026-05-27 09:44:12,944 [SKIP] len error : ['名Ｐ', '名証プレミア']
2026-05-27 09:44:12,944 [SKIP] len error : ['名M', '名証メイン']
2026-05-27 09:44:12,944 [SKIP] len error : ['名N', '名証ネクスト']
2026-05-27 09:44:12,944 [SKIP] len error : ['名Ｅ', '名証ETF']
2026-05-27 09:44:12,944 [SKIP] len error : ['札Ａ', '札証アンビシャス']
2026-05-27 09:44:12,944 [SKIP] len error : ['福Ｑ', '福証Q-Board']
2026-05-27 09:44:12,944 [SKIP] len error : ['①', '高い', '1,000回以上', '13.9%']
2026-05-27 09:44:12,944 [SKIP] len error : ['②', 'やや高い', '400回〜1,000回', '18.5%']
2026-05-27 09:44:12,944 [SKIP] len error : ['③', '中位', '50回〜400回', '39.0%']
2026-05-27 09:44:12,944 [SKIP] len error : ['④', 'やや低い', '10回〜50回', '17.6%']
2026-05-27 09:44:12,944 [SKIP] len error : ['⑤', '低い', '10回未満', '11.0%']
2026-05-27 09:44:12,944 2340件 / ?件中 18:44
2026-05-27 09:44:12,978 [TOTAL] None
2026-05-27 09:44:12,978 [COUNT] 2340
2026-05-27 09:44:13,641 [PAGE] 118
2026-05-27 09:44:13,931 [SKIP] len error : ['東P', '東証プライム']
2026-05-27 09:44:13,931 [SKIP] len error : ['東S', '東証スタンダード']
2026-05-27 09:44:13,931 [SKIP] len error : ['東G', '東証グロース']
2026-05-27 09:44:13,931 [SKIP] len error : ['東Ｅ', '東証ETF']
2026-05-27 09:44:13,931 [SKIP] len error : ['東EN', '東証ETN']
2026-05-27 09:44:13,931 [SKIP] len error : ['東Ｒ', '東証REIT']
2026-05-27 09:44:13,931 [SKIP] len error : ['東IF', '東証インフラファンド']
2026-05-27 09:44:13,931 [SKIP] len error : ['名Ｐ', '名証プレミア']
2026-05-27 09:44:13,931 [SKIP] len error : ['名M', '名証メイン']
2026-05-27 09:44:13,931 [SKIP] len error : ['名N', '名証ネクスト']
2026-05-27 09:44:13,931 [SKIP] len error : ['名Ｅ', '名証ETF']
2026-05-27 09:44:13,931 [SKIP] len error : ['札Ａ', '札証アンビシャス']
2026-05-27 09:44:13,931 [SKIP] len error : ['福Ｑ', '福証Q-Board']
2026-05-27 09:44:13,931 [SKIP] len error : ['①', '高い', '1,000回以上', '13.9%']
2026-05-27 09:44:13,931 [SKIP] len error : ['②', 'やや高い', '400回〜1,000回', '18.5%']
2026-05-27 09:44:13,931 [SKIP] len error : ['③', '中位', '50回〜400回', '39.0%']
2026-05-27 09:44:13,931 [SKIP] len error : ['④', 'やや低い', '10回〜50回', '17.6%']
2026-05-27 09:44:13,932 [SKIP] len error : ['⑤', '低い', '10回未満', '11.0%']
2026-05-27 09:44:13,932 2360件 / ?件中 18:44
2026-05-27 09:44:13,965 [TOTAL] None
2026-05-27 09:44:13,965 [COUNT] 2360
2026-05-27 09:44:14,482 [PAGE] 119
2026-05-27 09:44:14,801 [SKIP] len error : ['東P', '東証プライム']
2026-05-27 09:44:14,801 [SKIP] len error : ['東S', '東証スタンダード']
2026-05-27 09:44:14,801 [SKIP] len error : ['東G', '東証グロース']
2026-05-27 09:44:14,801 [SKIP] len error : ['東Ｅ', '東証ETF']
2026-05-27 09:44:14,801 [SKIP] len error : ['東EN', '東証ETN']
2026-05-27 09:44:14,801 [SKIP] len error : ['東Ｒ', '東証REIT']
2026-05-27 09:44:14,801 [SKIP] len error : ['東IF', '東証インフラファンド']
2026-05-27 09:44:14,801 [SKIP] len error : ['名Ｐ', '名証プレミア']
2026-05-27 09:44:14,801 [SKIP] len error : ['名M', '名証メイン']
2026-05-27 09:44:14,801 [SKIP] len error : ['名N', '名証ネクスト']
2026-05-27 09:44:14,801 [SKIP] len error : ['名Ｅ', '名証ETF']
2026-05-27 09:44:14,801 [SKIP] len error : ['札Ａ', '札証アンビシャス']
2026-05-27 09:44:14,801 [SKIP] len error : ['福Ｑ', '福証Q-Board']
2026-05-27 09:44:14,802 [SKIP] len error : ['①', '高い', '1,000回以上', '13.9%']
2026-05-27 09:44:14,802 [SKIP] len error : ['②', 'やや高い', '400回〜1,000回', '18.5%']
2026-05-27 09:44:14,802 [SKIP] len error : ['③', '中位', '50回〜400回', '39.0%']
2026-05-27 09:44:14,802 [SKIP] len error : ['④', 'やや低い', '10回〜50回', '17.6%']
2026-05-27 09:44:14,802 [SKIP] len error : ['⑤', '低い', '10回未満', '11.0%']
2026-05-27 09:44:14,802 2380件 / ?件中 18:44
2026-05-27 09:44:14,835 [TOTAL] None
2026-05-27 09:44:14,835 [COUNT] 2380
2026-05-27 09:44:15,871 [PAGE] 120
2026-05-27 09:44:16,146 [SKIP] len error : ['東P', '東証プライム']
2026-05-27 09:44:16,146 [SKIP] len error : ['東S', '東証スタンダード']
2026-05-27 09:44:16,146 [SKIP] len error : ['東G', '東証グロース']
2026-05-27 09:44:16,146 [SKIP] len error : ['東Ｅ', '東証ETF']
2026-05-27 09:44:16,146 [SKIP] len error : ['東EN', '東証ETN']
2026-05-27 09:44:16,146 [SKIP] len error : ['東Ｒ', '東証REIT']
2026-05-27 09:44:16,146 [SKIP] len error : ['東IF', '東証インフラファンド']
2026-05-27 09:44:16,146 [SKIP] len error : ['名Ｐ', '名証プレミア']
2026-05-27 09:44:16,146 [SKIP] len error : ['名M', '名証メイン']
2026-05-27 09:44:16,146 [SKIP] len error : ['名N', '名証ネクスト']
2026-05-27 09:44:16,146 [SKIP] len error : ['名Ｅ', '名証ETF']
2026-05-27 09:44:16,146 [SKIP] len error : ['札Ａ', '札証アンビシャス']
2026-05-27 09:44:16,146 [SKIP] len error : ['福Ｑ', '福証Q-Board']
2026-05-27 09:44:16,146 [SKIP] len error : ['①', '高い', '1,000回以上', '13.9%']
2026-05-27 09:44:16,146 [SKIP] len error : ['②', 'やや高い', '400回〜1,000回', '18.5%']
2026-05-27 09:44:16,146 [SKIP] len error : ['③', '中位', '50回〜400回', '39.0%']
2026-05-27 09:44:16,146 [SKIP] len error : ['④', 'やや低い', '10回〜50回', '17.6%']
2026-05-27 09:44:16,146 [SKIP] len error : ['⑤', '低い', '10回未満', '11.0%']
2026-05-27 09:44:16,147 2400件 / ?件中 18:44
2026-05-27 09:44:16,233 [TOTAL] None
2026-05-27 09:44:16,233 [COUNT] 2400
2026-05-27 09:44:17,439 [PAGE] 121
2026-05-27 09:44:17,727 [SKIP] len error : ['東P', '東証プライム']
2026-05-27 09:44:17,727 [SKIP] len error : ['東S', '東証スタンダード']
2026-05-27 09:44:17,727 [SKIP] len error : ['東G', '東証グロース']
2026-05-27 09:44:17,727 [SKIP] len error : ['東Ｅ', '東証ETF']
2026-05-27 09:44:17,727 [SKIP] len error : ['東EN', '東証ETN']
2026-05-27 09:44:17,727 [SKIP] len error : ['東Ｒ', '東証REIT']
2026-05-27 09:44:17,727 [SKIP] len error : ['東IF', '東証インフラファンド']
2026-05-27 09:44:17,727 [SKIP] len error : ['名Ｐ', '名証プレミア']
2026-05-27 09:44:17,727 [SKIP] len error : ['名M', '名証メイン']
2026-05-27 09:44:17,727 [SKIP] len error : ['名N', '名証ネクスト']
2026-05-27 09:44:17,727 [SKIP] len error : ['名Ｅ', '名証ETF']
2026-05-27 09:44:17,727 [SKIP] len error : ['札Ａ', '札証アンビシャス']
2026-05-27 09:44:17,727 [SKIP] len error : ['福Ｑ', '福証Q-Board']
2026-05-27 09:44:17,727 [SKIP] len error : ['①', '高い', '1,000回以上', '13.9%']
2026-05-27 09:44:17,727 [SKIP] len error : ['②', 'やや高い', '400回〜1,000回', '18.5%']
2026-05-27 09:44:17,727 [SKIP] len error : ['③', '中位', '50回〜400回', '39.0%']
2026-05-27 09:44:17,727 [SKIP] len error : ['④', 'やや低い', '10回〜50回', '17.6%']
2026-05-27 09:44:17,727 [SKIP] len error : ['⑤', '低い', '10回未満', '11.0%']
2026-05-27 09:44:17,727 2420件 / ?件中 18:44
2026-05-27 09:44:17,762 [TOTAL] None
2026-05-27 09:44:17,762 [COUNT] 2420
2026-05-27 09:44:18,278 [PAGE] 122
2026-05-27 09:44:18,531 [SKIP] len error : ['東P', '東証プライム']
2026-05-27 09:44:18,532 [SKIP] len error : ['東S', '東証スタンダード']
2026-05-27 09:44:18,532 [SKIP] len error : ['東G', '東証グロース']
2026-05-27 09:44:18,532 [SKIP] len error : ['東Ｅ', '東証ETF']
2026-05-27 09:44:18,532 [SKIP] len error : ['東EN', '東証ETN']
2026-05-27 09:44:18,532 [SKIP] len error : ['東Ｒ', '東証REIT']
2026-05-27 09:44:18,532 [SKIP] len error : ['東IF', '東証インフラファンド']
2026-05-27 09:44:18,532 [SKIP] len error : ['名Ｐ', '名証プレミア']
2026-05-27 09:44:18,532 [SKIP] len error : ['名M', '名証メイン']
2026-05-27 09:44:18,532 [SKIP] len error : ['名N', '名証ネクスト']
2026-05-27 09:44:18,532 [SKIP] len error : ['名Ｅ', '名証ETF']
2026-05-27 09:44:18,532 [SKIP] len error : ['札Ａ', '札証アンビシャス']
2026-05-27 09:44:18,532 [SKIP] len error : ['福Ｑ', '福証Q-Board']
2026-05-27 09:44:18,532 [SKIP] len error : ['①', '高い', '1,000回以上', '13.9%']
2026-05-27 09:44:18,532 [SKIP] len error : ['②', 'やや高い', '400回〜1,000回', '18.5%']
2026-05-27 09:44:18,532 [SKIP] len error : ['③', '中位', '50回〜400回', '39.0%']
2026-05-27 09:44:18,532 [SKIP] len error : ['④', 'やや低い', '10回〜50回', '17.6%']
2026-05-27 09:44:18,532 [SKIP] len error : ['⑤', '低い', '10回未満', '11.0%']
2026-05-27 09:44:18,532 2440件 / ?件中 18:44
2026-05-27 09:44:18,565 [TOTAL] None
2026-05-27 09:44:18,565 [COUNT] 2440
2026-05-27 09:44:19,184 [PAGE] 123
2026-05-27 09:44:19,469 [SKIP] len error : ['東P', '東証プライム']
2026-05-27 09:44:19,469 [SKIP] len error : ['東S', '東証スタンダード']
2026-05-27 09:44:19,469 [SKIP] len error : ['東G', '東証グロース']
2026-05-27 09:44:19,469 [SKIP] len error : ['東Ｅ', '東証ETF']
2026-05-27 09:44:19,469 [SKIP] len error : ['東EN', '東証ETN']
2026-05-27 09:44:19,469 [SKIP] len error : ['東Ｒ', '東証REIT']
2026-05-27 09:44:19,469 [SKIP] len error : ['東IF', '東証インフラファンド']
2026-05-27 09:44:19,469 [SKIP] len error : ['名Ｐ', '名証プレミア']
2026-05-27 09:44:19,469 [SKIP] len error : ['名M', '名証メイン']
2026-05-27 09:44:19,469 [SKIP] len error : ['名N', '名証ネクスト']
2026-05-27 09:44:19,469 [SKIP] len error : ['名Ｅ', '名証ETF']
2026-05-27 09:44:19,469 [SKIP] len error : ['札Ａ', '札証アンビシャス']
2026-05-27 09:44:19,469 [SKIP] len error : ['福Ｑ', '福証Q-Board']
2026-05-27 09:44:19,469 [SKIP] len error : ['①', '高い', '1,000回以上', '13.9%']
2026-05-27 09:44:19,469 [SKIP] len error : ['②', 'やや高い', '400回〜1,000回', '18.5%']
2026-05-27 09:44:19,469 [SKIP] len error : ['③', '中位', '50回〜400回', '39.0%']
2026-05-27 09:44:19,469 [SKIP] len error : ['④', 'やや低い', '10回〜50回', '17.6%']
2026-05-27 09:44:19,469 [SKIP] len error : ['⑤', '低い', '10回未満', '11.0%']
2026-05-27 09:44:19,469 2460件 / ?件中 18:44
2026-05-27 09:44:19,503 [TOTAL] None
2026-05-27 09:44:19,503 [COUNT] 2460
2026-05-27 09:44:20,994 [PAGE] 124
2026-05-27 09:44:21,274 [SKIP] len error : ['東P', '東証プライム']
2026-05-27 09:44:21,274 [SKIP] len error : ['東S', '東証スタンダード']
2026-05-27 09:44:21,274 [SKIP] len error : ['東G', '東証グロース']
2026-05-27 09:44:21,274 [SKIP] len error : ['東Ｅ', '東証ETF']
2026-05-27 09:44:21,274 [SKIP] len error : ['東EN', '東証ETN']
2026-05-27 09:44:21,274 [SKIP] len error : ['東Ｒ', '東証REIT']
2026-05-27 09:44:21,274 [SKIP] len error : ['東IF', '東証インフラファンド']
2026-05-27 09:44:21,274 [SKIP] len error : ['名Ｐ', '名証プレミア']
2026-05-27 09:44:21,274 [SKIP] len error : ['名M', '名証メイン']
2026-05-27 09:44:21,274 [SKIP] len error : ['名N', '名証ネクスト']
2026-05-27 09:44:21,274 [SKIP] len error : ['名Ｅ', '名証ETF']
2026-05-27 09:44:21,274 [SKIP] len error : ['札Ａ', '札証アンビシャス']
2026-05-27 09:44:21,274 [SKIP] len error : ['福Ｑ', '福証Q-Board']
2026-05-27 09:44:21,274 [SKIP] len error : ['①', '高い', '1,000回以上', '13.9%']
2026-05-27 09:44:21,274 [SKIP] len error : ['②', 'やや高い', '400回〜1,000回', '18.5%']
2026-05-27 09:44:21,274 [SKIP] len error : ['③', '中位', '50回〜400回', '39.0%']
2026-05-27 09:44:21,274 [SKIP] len error : ['④', 'やや低い', '10回〜50回', '17.6%']
2026-05-27 09:44:21,274 [SKIP] len error : ['⑤', '低い', '10回未満', '11.0%']
2026-05-27 09:44:21,274 2480件 / ?件中 18:44
2026-05-27 09:44:21,307 [TOTAL] None
2026-05-27 09:44:21,307 [COUNT] 2480
2026-05-27 09:44:22,062 [PAGE] 125
2026-05-27 09:44:22,377 [SKIP] len error : ['東P', '東証プライム']
2026-05-27 09:44:22,377 [SKIP] len error : ['東S', '東証スタンダード']
2026-05-27 09:44:22,377 [SKIP] len error : ['東G', '東証グロース']
2026-05-27 09:44:22,377 [SKIP] len error : ['東Ｅ', '東証ETF']
2026-05-27 09:44:22,377 [SKIP] len error : ['東EN', '東証ETN']
2026-05-27 09:44:22,378 [SKIP] len error : ['東Ｒ', '東証REIT']
2026-05-27 09:44:22,378 [SKIP] len error : ['東IF', '東証インフラファンド']
2026-05-27 09:44:22,378 [SKIP] len error : ['名Ｐ', '名証プレミア']
2026-05-27 09:44:22,378 [SKIP] len error : ['名M', '名証メイン']
2026-05-27 09:44:22,378 [SKIP] len error : ['名N', '名証ネクスト']
2026-05-27 09:44:22,378 [SKIP] len error : ['名Ｅ', '名証ETF']
2026-05-27 09:44:22,378 [SKIP] len error : ['札Ａ', '札証アンビシャス']
2026-05-27 09:44:22,378 [SKIP] len error : ['福Ｑ', '福証Q-Board']
2026-05-27 09:44:22,378 [SKIP] len error : ['①', '高い', '1,000回以上', '13.9%']
2026-05-27 09:44:22,378 [SKIP] len error : ['②', 'やや高い', '400回〜1,000回', '18.5%']
2026-05-27 09:44:22,378 [SKIP] len error : ['③', '中位', '50回〜400回', '39.0%']
2026-05-27 09:44:22,378 [SKIP] len error : ['④', 'やや低い', '10回〜50回', '17.6%']
2026-05-27 09:44:22,378 [SKIP] len error : ['⑤', '低い', '10回未満', '11.0%']
2026-05-27 09:44:22,378 2500件 / ?件中 18:44
2026-05-27 09:44:22,411 [TOTAL] None
2026-05-27 09:44:22,411 [COUNT] 2500
2026-05-27 09:44:23,061 [PAGE] 126
2026-05-27 09:44:23,311 [SKIP] len error : ['東P', '東証プライム']
2026-05-27 09:44:23,311 [SKIP] len error : ['東S', '東証スタンダード']
2026-05-27 09:44:23,311 [SKIP] len error : ['東G', '東証グロース']
2026-05-27 09:44:23,311 [SKIP] len error : ['東Ｅ', '東証ETF']
2026-05-27 09:44:23,311 [SKIP] len error : ['東EN', '東証ETN']
2026-05-27 09:44:23,311 [SKIP] len error : ['東Ｒ', '東証REIT']
2026-05-27 09:44:23,311 [SKIP] len error : ['東IF', '東証インフラファンド']
2026-05-27 09:44:23,311 [SKIP] len error : ['名Ｐ', '名証プレミア']
2026-05-27 09:44:23,311 [SKIP] len error : ['名M', '名証メイン']
2026-05-27 09:44:23,311 [SKIP] len error : ['名N', '名証ネクスト']
2026-05-27 09:44:23,311 [SKIP] len error : ['名Ｅ', '名証ETF']
2026-05-27 09:44:23,311 [SKIP] len error : ['札Ａ', '札証アンビシャス']
2026-05-27 09:44:23,311 [SKIP] len error : ['福Ｑ', '福証Q-Board']
2026-05-27 09:44:23,311 [SKIP] len error : ['①', '高い', '1,000回以上', '13.9%']
2026-05-27 09:44:23,311 [SKIP] len error : ['②', 'やや高い', '400回〜1,000回', '18.5%']
2026-05-27 09:44:23,311 [SKIP] len error : ['③', '中位', '50回〜400回', '39.0%']
2026-05-27 09:44:23,311 [SKIP] len error : ['④', 'やや低い', '10回〜50回', '17.6%']
2026-05-27 09:44:23,311 [SKIP] len error : ['⑤', '低い', '10回未満', '11.0%']
2026-05-27 09:44:23,312 2520件 / ?件中 18:44
2026-05-27 09:44:23,345 [TOTAL] None
2026-05-27 09:44:23,346 [COUNT] 2520
2026-05-27 09:44:24,183 [PAGE] 127
2026-05-27 09:44:24,437 [SKIP] len error : ['東P', '東証プライム']
2026-05-27 09:44:24,437 [SKIP] len error : ['東S', '東証スタンダード']
2026-05-27 09:44:24,437 [SKIP] len error : ['東G', '東証グロース']
2026-05-27 09:44:24,437 [SKIP] len error : ['東Ｅ', '東証ETF']
2026-05-27 09:44:24,437 [SKIP] len error : ['東EN', '東証ETN']
2026-05-27 09:44:24,437 [SKIP] len error : ['東Ｒ', '東証REIT']
2026-05-27 09:44:24,437 [SKIP] len error : ['東IF', '東証インフラファンド']
2026-05-27 09:44:24,437 [SKIP] len error : ['名Ｐ', '名証プレミア']
2026-05-27 09:44:24,437 [SKIP] len error : ['名M', '名証メイン']
2026-05-27 09:44:24,437 [SKIP] len error : ['名N', '名証ネクスト']
2026-05-27 09:44:24,437 [SKIP] len error : ['名Ｅ', '名証ETF']
2026-05-27 09:44:24,437 [SKIP] len error : ['札Ａ', '札証アンビシャス']
2026-05-27 09:44:24,437 [SKIP] len error : ['福Ｑ', '福証Q-Board']
2026-05-27 09:44:24,437 [SKIP] len error : ['①', '高い', '1,000回以上', '13.9%']
2026-05-27 09:44:24,437 [SKIP] len error : ['②', 'やや高い', '400回〜1,000回', '18.5%']
2026-05-27 09:44:24,437 [SKIP] len error : ['③', '中位', '50回〜400回', '39.0%']
2026-05-27 09:44:24,437 [SKIP] len error : ['④', 'やや低い', '10回〜50回', '17.6%']
2026-05-27 09:44:24,437 [SKIP] len error : ['⑤', '低い', '10回未満', '11.0%']
2026-05-27 09:44:24,438 2540件 / ?件中 18:44
2026-05-27 09:44:24,473 [TOTAL] None
2026-05-27 09:44:24,473 [COUNT] 2540
2026-05-27 09:44:25,377 [PAGE] 128
2026-05-27 09:44:25,655 [SKIP] len error : ['東P', '東証プライム']
2026-05-27 09:44:25,655 [SKIP] len error : ['東S', '東証スタンダード']
2026-05-27 09:44:25,655 [SKIP] len error : ['東G', '東証グロース']
2026-05-27 09:44:25,655 [SKIP] len error : ['東Ｅ', '東証ETF']
2026-05-27 09:44:25,655 [SKIP] len error : ['東EN', '東証ETN']
2026-05-27 09:44:25,655 [SKIP] len error : ['東Ｒ', '東証REIT']
2026-05-27 09:44:25,655 [SKIP] len error : ['東IF', '東証インフラファンド']
2026-05-27 09:44:25,655 [SKIP] len error : ['名Ｐ', '名証プレミア']
2026-05-27 09:44:25,655 [SKIP] len error : ['名M', '名証メイン']
2026-05-27 09:44:25,655 [SKIP] len error : ['名N', '名証ネクスト']
2026-05-27 09:44:25,655 [SKIP] len error : ['名Ｅ', '名証ETF']
2026-05-27 09:44:25,655 [SKIP] len error : ['札Ａ', '札証アンビシャス']
2026-05-27 09:44:25,655 [SKIP] len error : ['福Ｑ', '福証Q-Board']
2026-05-27 09:44:25,655 [SKIP] len error : ['①', '高い', '1,000回以上', '13.9%']
2026-05-27 09:44:25,655 [SKIP] len error : ['②', 'やや高い', '400回〜1,000回', '18.5%']
2026-05-27 09:44:25,655 [SKIP] len error : ['③', '中位', '50回〜400回', '39.0%']
2026-05-27 09:44:25,655 [SKIP] len error : ['④', 'やや低い', '10回〜50回', '17.6%']
2026-05-27 09:44:25,655 [SKIP] len error : ['⑤', '低い', '10回未満', '11.0%']
2026-05-27 09:44:25,656 2560件 / ?件中 18:44
2026-05-27 09:44:25,689 [TOTAL] None
2026-05-27 09:44:25,689 [COUNT] 2560
2026-05-27 09:44:26,824 [PAGE] 129
2026-05-27 09:44:27,076 [SKIP] len error : ['東P', '東証プライム']
2026-05-27 09:44:27,077 [SKIP] len error : ['東S', '東証スタンダード']
2026-05-27 09:44:27,077 [SKIP] len error : ['東G', '東証グロース']
2026-05-27 09:44:27,077 [SKIP] len error : ['東Ｅ', '東証ETF']
2026-05-27 09:44:27,077 [SKIP] len error : ['東EN', '東証ETN']
2026-05-27 09:44:27,077 [SKIP] len error : ['東Ｒ', '東証REIT']
2026-05-27 09:44:27,077 [SKIP] len error : ['東IF', '東証インフラファンド']
2026-05-27 09:44:27,077 [SKIP] len error : ['名Ｐ', '名証プレミア']
2026-05-27 09:44:27,077 [SKIP] len error : ['名M', '名証メイン']
2026-05-27 09:44:27,077 [SKIP] len error : ['名N', '名証ネクスト']
2026-05-27 09:44:27,077 [SKIP] len error : ['名Ｅ', '名証ETF']
2026-05-27 09:44:27,077 [SKIP] len error : ['札Ａ', '札証アンビシャス']
2026-05-27 09:44:27,077 [SKIP] len error : ['福Ｑ', '福証Q-Board']
2026-05-27 09:44:27,077 [SKIP] len error : ['①', '高い', '1,000回以上', '13.9%']
2026-05-27 09:44:27,077 [SKIP] len error : ['②', 'やや高い', '400回〜1,000回', '18.5%']
2026-05-27 09:44:27,077 [SKIP] len error : ['③', '中位', '50回〜400回', '39.0%']
2026-05-27 09:44:27,077 [SKIP] len error : ['④', 'やや低い', '10回〜50回', '17.6%']
2026-05-27 09:44:27,077 [SKIP] len error : ['⑤', '低い', '10回未満', '11.0%']
2026-05-27 09:44:27,077 2580件 / ?件中 18:44
2026-05-27 09:44:27,110 [TOTAL] None
2026-05-27 09:44:27,110 [COUNT] 2580
2026-05-27 09:44:27,700 [PAGE] 130
2026-05-27 09:44:28,029 [SKIP] len error : ['東P', '東証プライム']
2026-05-27 09:44:28,029 [SKIP] len error : ['東S', '東証スタンダード']
2026-05-27 09:44:28,029 [SKIP] len error : ['東G', '東証グロース']
2026-05-27 09:44:28,029 [SKIP] len error : ['東Ｅ', '東証ETF']
2026-05-27 09:44:28,030 [SKIP] len error : ['東EN', '東証ETN']
2026-05-27 09:44:28,030 [SKIP] len error : ['東Ｒ', '東証REIT']
2026-05-27 09:44:28,030 [SKIP] len error : ['東IF', '東証インフラファンド']
2026-05-27 09:44:28,030 [SKIP] len error : ['名Ｐ', '名証プレミア']
2026-05-27 09:44:28,030 [SKIP] len error : ['名M', '名証メイン']
2026-05-27 09:44:28,030 [SKIP] len error : ['名N', '名証ネクスト']
2026-05-27 09:44:28,030 [SKIP] len error : ['名Ｅ', '名証ETF']
2026-05-27 09:44:28,030 [SKIP] len error : ['札Ａ', '札証アンビシャス']
2026-05-27 09:44:28,030 [SKIP] len error : ['福Ｑ', '福証Q-Board']
2026-05-27 09:44:28,030 [SKIP] len error : ['①', '高い', '1,000回以上', '13.9%']
2026-05-27 09:44:28,030 [SKIP] len error : ['②', 'やや高い', '400回〜1,000回', '18.5%']
2026-05-27 09:44:28,030 [SKIP] len error : ['③', '中位', '50回〜400回', '39.0%']
2026-05-27 09:44:28,030 [SKIP] len error : ['④', 'やや低い', '10回〜50回', '17.6%']
2026-05-27 09:44:28,030 [SKIP] len error : ['⑤', '低い', '10回未満', '11.0%']
2026-05-27 09:44:28,030 2600件 / ?件中 18:44
2026-05-27 09:44:28,064 [TOTAL] None
2026-05-27 09:44:28,064 [COUNT] 2600
2026-05-27 09:44:29,486 [PAGE] 131
2026-05-27 09:44:29,748 [SKIP] len error : ['東P', '東証プライム']
2026-05-27 09:44:29,748 [SKIP] len error : ['東S', '東証スタンダード']
2026-05-27 09:44:29,748 [SKIP] len error : ['東G', '東証グロース']
2026-05-27 09:44:29,748 [SKIP] len error : ['東Ｅ', '東証ETF']
2026-05-27 09:44:29,749 [SKIP] len error : ['東EN', '東証ETN']
2026-05-27 09:44:29,749 [SKIP] len error : ['東Ｒ', '東証REIT']
2026-05-27 09:44:29,749 [SKIP] len error : ['東IF', '東証インフラファンド']
2026-05-27 09:44:29,749 [SKIP] len error : ['名Ｐ', '名証プレミア']
2026-05-27 09:44:29,749 [SKIP] len error : ['名M', '名証メイン']
2026-05-27 09:44:29,749 [SKIP] len error : ['名N', '名証ネクスト']
2026-05-27 09:44:29,749 [SKIP] len error : ['名Ｅ', '名証ETF']
2026-05-27 09:44:29,749 [SKIP] len error : ['札Ａ', '札証アンビシャス']
2026-05-27 09:44:29,749 [SKIP] len error : ['福Ｑ', '福証Q-Board']
2026-05-27 09:44:29,749 [SKIP] len error : ['①', '高い', '1,000回以上', '13.9%']
2026-05-27 09:44:29,749 [SKIP] len error : ['②', 'やや高い', '400回〜1,000回', '18.5%']
2026-05-27 09:44:29,749 [SKIP] len error : ['③', '中位', '50回〜400回', '39.0%']
2026-05-27 09:44:29,749 [SKIP] len error : ['④', 'やや低い', '10回〜50回', '17.6%']
2026-05-27 09:44:29,749 [SKIP] len error : ['⑤', '低い', '10回未満', '11.0%']
2026-05-27 09:44:29,749 2620件 / ?件中 18:44
2026-05-27 09:44:29,784 [TOTAL] None
2026-05-27 09:44:29,784 [COUNT] 2620
2026-05-27 09:44:30,483 [PAGE] 132
2026-05-27 09:44:30,740 [SKIP] len error : ['東P', '東証プライム']
2026-05-27 09:44:30,740 [SKIP] len error : ['東S', '東証スタンダード']
2026-05-27 09:44:30,740 [SKIP] len error : ['東G', '東証グロース']
2026-05-27 09:44:30,740 [SKIP] len error : ['東Ｅ', '東証ETF']
2026-05-27 09:44:30,740 [SKIP] len error : ['東EN', '東証ETN']
2026-05-27 09:44:30,740 [SKIP] len error : ['東Ｒ', '東証REIT']
2026-05-27 09:44:30,740 [SKIP] len error : ['東IF', '東証インフラファンド']
2026-05-27 09:44:30,740 [SKIP] len error : ['名Ｐ', '名証プレミア']
2026-05-27 09:44:30,740 [SKIP] len error : ['名M', '名証メイン']
2026-05-27 09:44:30,740 [SKIP] len error : ['名N', '名証ネクスト']
2026-05-27 09:44:30,740 [SKIP] len error : ['名Ｅ', '名証ETF']
2026-05-27 09:44:30,740 [SKIP] len error : ['札Ａ', '札証アンビシャス']
2026-05-27 09:44:30,740 [SKIP] len error : ['福Ｑ', '福証Q-Board']
2026-05-27 09:44:30,740 [SKIP] len error : ['①', '高い', '1,000回以上', '13.9%']
2026-05-27 09:44:30,740 [SKIP] len error : ['②', 'やや高い', '400回〜1,000回', '18.5%']
2026-05-27 09:44:30,740 [SKIP] len error : ['③', '中位', '50回〜400回', '39.0%']
2026-05-27 09:44:30,740 [SKIP] len error : ['④', 'やや低い', '10回〜50回', '17.6%']
2026-05-27 09:44:30,740 [SKIP] len error : ['⑤', '低い', '10回未満', '11.0%']
2026-05-27 09:44:30,740 2640件 / ?件中 18:44
2026-05-27 09:44:30,775 [TOTAL] None
2026-05-27 09:44:30,775 [COUNT] 2640
2026-05-27 09:44:31,940 [PAGE] 133
2026-05-27 09:44:32,216 [SKIP] len error : ['東P', '東証プライム']
2026-05-27 09:44:32,216 [SKIP] len error : ['東S', '東証スタンダード']
2026-05-27 09:44:32,216 [SKIP] len error : ['東G', '東証グロース']
2026-05-27 09:44:32,216 [SKIP] len error : ['東Ｅ', '東証ETF']
2026-05-27 09:44:32,216 [SKIP] len error : ['東EN', '東証ETN']
2026-05-27 09:44:32,216 [SKIP] len error : ['東Ｒ', '東証REIT']
2026-05-27 09:44:32,216 [SKIP] len error : ['東IF', '東証インフラファンド']
2026-05-27 09:44:32,216 [SKIP] len error : ['名Ｐ', '名証プレミア']
2026-05-27 09:44:32,216 [SKIP] len error : ['名M', '名証メイン']
2026-05-27 09:44:32,216 [SKIP] len error : ['名N', '名証ネクスト']
2026-05-27 09:44:32,216 [SKIP] len error : ['名Ｅ', '名証ETF']
2026-05-27 09:44:32,216 [SKIP] len error : ['札Ａ', '札証アンビシャス']
2026-05-27 09:44:32,216 [SKIP] len error : ['福Ｑ', '福証Q-Board']
2026-05-27 09:44:32,216 [SKIP] len error : ['①', '高い', '1,000回以上', '13.9%']
2026-05-27 09:44:32,216 [SKIP] len error : ['②', 'やや高い', '400回〜1,000回', '18.5%']
2026-05-27 09:44:32,216 [SKIP] len error : ['③', '中位', '50回〜400回', '39.0%']
2026-05-27 09:44:32,216 [SKIP] len error : ['④', 'やや低い', '10回〜50回', '17.6%']
2026-05-27 09:44:32,216 [SKIP] len error : ['⑤', '低い', '10回未満', '11.0%']
2026-05-27 09:44:32,216 2660件 / ?件中 18:44
2026-05-27 09:44:32,250 [TOTAL] None
2026-05-27 09:44:32,250 [COUNT] 2660
2026-05-27 09:44:33,262 [PAGE] 134
2026-05-27 09:44:33,531 [SKIP] len error : ['東P', '東証プライム']
2026-05-27 09:44:33,532 [SKIP] len error : ['東S', '東証スタンダード']
2026-05-27 09:44:33,532 [SKIP] len error : ['東G', '東証グロース']
2026-05-27 09:44:33,532 [SKIP] len error : ['東Ｅ', '東証ETF']
2026-05-27 09:44:33,532 [SKIP] len error : ['東EN', '東証ETN']
2026-05-27 09:44:33,532 [SKIP] len error : ['東Ｒ', '東証REIT']
2026-05-27 09:44:33,532 [SKIP] len error : ['東IF', '東証インフラファンド']
2026-05-27 09:44:33,532 [SKIP] len error : ['名Ｐ', '名証プレミア']
2026-05-27 09:44:33,532 [SKIP] len error : ['名M', '名証メイン']
2026-05-27 09:44:33,532 [SKIP] len error : ['名N', '名証ネクスト']
2026-05-27 09:44:33,532 [SKIP] len error : ['名Ｅ', '名証ETF']
2026-05-27 09:44:33,532 [SKIP] len error : ['札Ａ', '札証アンビシャス']
2026-05-27 09:44:33,532 [SKIP] len error : ['福Ｑ', '福証Q-Board']
2026-05-27 09:44:33,532 [SKIP] len error : ['①', '高い', '1,000回以上', '13.9%']
2026-05-27 09:44:33,532 [SKIP] len error : ['②', 'やや高い', '400回〜1,000回', '18.5%']
2026-05-27 09:44:33,532 [SKIP] len error : ['③', '中位', '50回〜400回', '39.0%']
2026-05-27 09:44:33,532 [SKIP] len error : ['④', 'やや低い', '10回〜50回', '17.6%']
2026-05-27 09:44:33,532 [SKIP] len error : ['⑤', '低い', '10回未満', '11.0%']
2026-05-27 09:44:33,532 2680件 / ?件中 18:44
2026-05-27 09:44:33,623 [TOTAL] None
2026-05-27 09:44:33,623 [COUNT] 2680
2026-05-27 09:44:35,095 [PAGE] 135
2026-05-27 09:44:35,387 [SKIP] len error : ['東P', '東証プライム']
2026-05-27 09:44:35,387 [SKIP] len error : ['東S', '東証スタンダード']
2026-05-27 09:44:35,387 [SKIP] len error : ['東G', '東証グロース']
2026-05-27 09:44:35,387 [SKIP] len error : ['東Ｅ', '東証ETF']
2026-05-27 09:44:35,387 [SKIP] len error : ['東EN', '東証ETN']
2026-05-27 09:44:35,387 [SKIP] len error : ['東Ｒ', '東証REIT']
2026-05-27 09:44:35,387 [SKIP] len error : ['東IF', '東証インフラファンド']
2026-05-27 09:44:35,387 [SKIP] len error : ['名Ｐ', '名証プレミア']
2026-05-27 09:44:35,387 [SKIP] len error : ['名M', '名証メイン']
2026-05-27 09:44:35,387 [SKIP] len error : ['名N', '名証ネクスト']
2026-05-27 09:44:35,387 [SKIP] len error : ['名Ｅ', '名証ETF']
2026-05-27 09:44:35,387 [SKIP] len error : ['札Ａ', '札証アンビシャス']
2026-05-27 09:44:35,387 [SKIP] len error : ['福Ｑ', '福証Q-Board']
2026-05-27 09:44:35,387 [SKIP] len error : ['①', '高い', '1,000回以上', '13.9%']
2026-05-27 09:44:35,388 [SKIP] len error : ['②', 'やや高い', '400回〜1,000回', '18.5%']
2026-05-27 09:44:35,388 [SKIP] len error : ['③', '中位', '50回〜400回', '39.0%']
2026-05-27 09:44:35,388 [SKIP] len error : ['④', 'やや低い', '10回〜50回', '17.6%']
2026-05-27 09:44:35,388 [SKIP] len error : ['⑤', '低い', '10回未満', '11.0%']
2026-05-27 09:44:35,388 2700件 / ?件中 18:44
2026-05-27 09:44:35,422 [TOTAL] None
2026-05-27 09:44:35,422 [COUNT] 2700
2026-05-27 09:44:36,285 [PAGE] 136
2026-05-27 09:44:36,551 [SKIP] len error : ['東P', '東証プライム']
2026-05-27 09:44:36,551 [SKIP] len error : ['東S', '東証スタンダード']
2026-05-27 09:44:36,551 [SKIP] len error : ['東G', '東証グロース']
2026-05-27 09:44:36,551 [SKIP] len error : ['東Ｅ', '東証ETF']
2026-05-27 09:44:36,551 [SKIP] len error : ['東EN', '東証ETN']
2026-05-27 09:44:36,551 [SKIP] len error : ['東Ｒ', '東証REIT']
2026-05-27 09:44:36,551 [SKIP] len error : ['東IF', '東証インフラファンド']
2026-05-27 09:44:36,551 [SKIP] len error : ['名Ｐ', '名証プレミア']
2026-05-27 09:44:36,551 [SKIP] len error : ['名M', '名証メイン']
2026-05-27 09:44:36,551 [SKIP] len error : ['名N', '名証ネクスト']
2026-05-27 09:44:36,551 [SKIP] len error : ['名Ｅ', '名証ETF']
2026-05-27 09:44:36,551 [SKIP] len error : ['札Ａ', '札証アンビシャス']
2026-05-27 09:44:36,551 [SKIP] len error : ['福Ｑ', '福証Q-Board']
2026-05-27 09:44:36,551 [SKIP] len error : ['①', '高い', '1,000回以上', '13.9%']
2026-05-27 09:44:36,551 [SKIP] len error : ['②', 'やや高い', '400回〜1,000回', '18.5%']
2026-05-27 09:44:36,551 [SKIP] len error : ['③', '中位', '50回〜400回', '39.0%']
2026-05-27 09:44:36,551 [SKIP] len error : ['④', 'やや低い', '10回〜50回', '17.6%']
2026-05-27 09:44:36,551 [SKIP] len error : ['⑤', '低い', '10回未満', '11.0%']
2026-05-27 09:44:36,552 2720件 / ?件中 18:44
2026-05-27 09:44:36,587 [TOTAL] None
2026-05-27 09:44:36,587 [COUNT] 2720
2026-05-27 09:44:37,629 [PAGE] 137
2026-05-27 09:44:37,906 [SKIP] len error : ['東P', '東証プライム']
2026-05-27 09:44:37,906 [SKIP] len error : ['東S', '東証スタンダード']
2026-05-27 09:44:37,906 [SKIP] len error : ['東G', '東証グロース']
2026-05-27 09:44:37,906 [SKIP] len error : ['東Ｅ', '東証ETF']
2026-05-27 09:44:37,906 [SKIP] len error : ['東EN', '東証ETN']
2026-05-27 09:44:37,906 [SKIP] len error : ['東Ｒ', '東証REIT']
2026-05-27 09:44:37,906 [SKIP] len error : ['東IF', '東証インフラファンド']
2026-05-27 09:44:37,906 [SKIP] len error : ['名Ｐ', '名証プレミア']
2026-05-27 09:44:37,906 [SKIP] len error : ['名M', '名証メイン']
2026-05-27 09:44:37,906 [SKIP] len error : ['名N', '名証ネクスト']
2026-05-27 09:44:37,906 [SKIP] len error : ['名Ｅ', '名証ETF']
2026-05-27 09:44:37,906 [SKIP] len error : ['札Ａ', '札証アンビシャス']
2026-05-27 09:44:37,906 [SKIP] len error : ['福Ｑ', '福証Q-Board']
2026-05-27 09:44:37,906 [SKIP] len error : ['①', '高い', '1,000回以上', '13.9%']
2026-05-27 09:44:37,906 [SKIP] len error : ['②', 'やや高い', '400回〜1,000回', '18.5%']
2026-05-27 09:44:37,906 [SKIP] len error : ['③', '中位', '50回〜400回', '39.0%']
2026-05-27 09:44:37,906 [SKIP] len error : ['④', 'やや低い', '10回〜50回', '17.6%']
2026-05-27 09:44:37,906 [SKIP] len error : ['⑤', '低い', '10回未満', '11.0%']
2026-05-27 09:44:37,906 2740件 / ?件中 18:44
2026-05-27 09:44:37,941 [TOTAL] None
2026-05-27 09:44:37,941 [COUNT] 2740
2026-05-27 09:44:38,494 [PAGE] 138
2026-05-27 09:44:38,747 [SKIP] len error : ['東P', '東証プライム']
2026-05-27 09:44:38,748 [SKIP] len error : ['東S', '東証スタンダード']
2026-05-27 09:44:38,748 [SKIP] len error : ['東G', '東証グロース']
2026-05-27 09:44:38,748 [SKIP] len error : ['東Ｅ', '東証ETF']
2026-05-27 09:44:38,748 [SKIP] len error : ['東EN', '東証ETN']
2026-05-27 09:44:38,748 [SKIP] len error : ['東Ｒ', '東証REIT']
2026-05-27 09:44:38,748 [SKIP] len error : ['東IF', '東証インフラファンド']
2026-05-27 09:44:38,748 [SKIP] len error : ['名Ｐ', '名証プレミア']
2026-05-27 09:44:38,748 [SKIP] len error : ['名M', '名証メイン']
2026-05-27 09:44:38,748 [SKIP] len error : ['名N', '名証ネクスト']
2026-05-27 09:44:38,748 [SKIP] len error : ['名Ｅ', '名証ETF']
2026-05-27 09:44:38,748 [SKIP] len error : ['札Ａ', '札証アンビシャス']
2026-05-27 09:44:38,748 [SKIP] len error : ['福Ｑ', '福証Q-Board']
2026-05-27 09:44:38,748 [SKIP] len error : ['①', '高い', '1,000回以上', '13.9%']
2026-05-27 09:44:38,748 [SKIP] len error : ['②', 'やや高い', '400回〜1,000回', '18.5%']
2026-05-27 09:44:38,748 [SKIP] len error : ['③', '中位', '50回〜400回', '39.0%']
2026-05-27 09:44:38,748 [SKIP] len error : ['④', 'やや低い', '10回〜50回', '17.6%']
2026-05-27 09:44:38,748 [SKIP] len error : ['⑤', '低い', '10回未満', '11.0%']
2026-05-27 09:44:38,748 2760件 / ?件中 18:44
2026-05-27 09:44:38,781 [TOTAL] None
2026-05-27 09:44:38,781 [COUNT] 2760
2026-05-27 09:44:39,833 [PAGE] 139
2026-05-27 09:44:40,112 [SKIP] len error : ['東P', '東証プライム']
2026-05-27 09:44:40,112 [SKIP] len error : ['東S', '東証スタンダード']
2026-05-27 09:44:40,112 [SKIP] len error : ['東G', '東証グロース']
2026-05-27 09:44:40,112 [SKIP] len error : ['東Ｅ', '東証ETF']
2026-05-27 09:44:40,112 [SKIP] len error : ['東EN', '東証ETN']
2026-05-27 09:44:40,112 [SKIP] len error : ['東Ｒ', '東証REIT']
2026-05-27 09:44:40,112 [SKIP] len error : ['東IF', '東証インフラファンド']
2026-05-27 09:44:40,112 [SKIP] len error : ['名Ｐ', '名証プレミア']
2026-05-27 09:44:40,112 [SKIP] len error : ['名M', '名証メイン']
2026-05-27 09:44:40,112 [SKIP] len error : ['名N', '名証ネクスト']
2026-05-27 09:44:40,112 [SKIP] len error : ['名Ｅ', '名証ETF']
2026-05-27 09:44:40,112 [SKIP] len error : ['札Ａ', '札証アンビシャス']
2026-05-27 09:44:40,112 [SKIP] len error : ['福Ｑ', '福証Q-Board']
2026-05-27 09:44:40,112 [SKIP] len error : ['①', '高い', '1,000回以上', '13.9%']
2026-05-27 09:44:40,112 [SKIP] len error : ['②', 'やや高い', '400回〜1,000回', '18.5%']
2026-05-27 09:44:40,112 [SKIP] len error : ['③', '中位', '50回〜400回', '39.0%']
2026-05-27 09:44:40,112 [SKIP] len error : ['④', 'やや低い', '10回〜50回', '17.6%']
2026-05-27 09:44:40,112 [SKIP] len error : ['⑤', '低い', '10回未満', '11.0%']
2026-05-27 09:44:40,113 2780件 / ?件中 18:44
2026-05-27 09:44:40,200 [TOTAL] None
2026-05-27 09:44:40,200 [COUNT] 2780
2026-05-27 09:44:40,774 [PAGE] 140
2026-05-27 09:44:41,043 [SKIP] len error : ['東P', '東証プライム']
2026-05-27 09:44:41,043 [SKIP] len error : ['東S', '東証スタンダード']
2026-05-27 09:44:41,043 [SKIP] len error : ['東G', '東証グロース']
2026-05-27 09:44:41,043 [SKIP] len error : ['東Ｅ', '東証ETF']
2026-05-27 09:44:41,043 [SKIP] len error : ['東EN', '東証ETN']
2026-05-27 09:44:41,043 [SKIP] len error : ['東Ｒ', '東証REIT']
2026-05-27 09:44:41,043 [SKIP] len error : ['東IF', '東証インフラファンド']
2026-05-27 09:44:41,043 [SKIP] len error : ['名Ｐ', '名証プレミア']
2026-05-27 09:44:41,043 [SKIP] len error : ['名M', '名証メイン']
2026-05-27 09:44:41,043 [SKIP] len error : ['名N', '名証ネクスト']
2026-05-27 09:44:41,043 [SKIP] len error : ['名Ｅ', '名証ETF']
2026-05-27 09:44:41,043 [SKIP] len error : ['札Ａ', '札証アンビシャス']
2026-05-27 09:44:41,043 [SKIP] len error : ['福Ｑ', '福証Q-Board']
2026-05-27 09:44:41,044 [SKIP] len error : ['①', '高い', '1,000回以上', '13.9%']
2026-05-27 09:44:41,044 [SKIP] len error : ['②', 'やや高い', '400回〜1,000回', '18.5%']
2026-05-27 09:44:41,044 [SKIP] len error : ['③', '中位', '50回〜400回', '39.0%']
2026-05-27 09:44:41,044 [SKIP] len error : ['④', 'やや低い', '10回〜50回', '17.6%']
2026-05-27 09:44:41,044 [SKIP] len error : ['⑤', '低い', '10回未満', '11.0%']
2026-05-27 09:44:41,044 2800件 / ?件中 18:44
2026-05-27 09:44:41,078 [TOTAL] None
2026-05-27 09:44:41,079 [COUNT] 2800
2026-05-27 09:44:41,724 [PAGE] 141
2026-05-27 09:44:41,993 [SKIP] len error : ['東P', '東証プライム']
2026-05-27 09:44:41,994 [SKIP] len error : ['東S', '東証スタンダード']
2026-05-27 09:44:41,994 [SKIP] len error : ['東G', '東証グロース']
2026-05-27 09:44:41,994 [SKIP] len error : ['東Ｅ', '東証ETF']
2026-05-27 09:44:41,994 [SKIP] len error : ['東EN', '東証ETN']
2026-05-27 09:44:41,994 [SKIP] len error : ['東Ｒ', '東証REIT']
2026-05-27 09:44:41,994 [SKIP] len error : ['東IF', '東証インフラファンド']
2026-05-27 09:44:41,994 [SKIP] len error : ['名Ｐ', '名証プレミア']
2026-05-27 09:44:41,994 [SKIP] len error : ['名M', '名証メイン']
2026-05-27 09:44:41,994 [SKIP] len error : ['名N', '名証ネクスト']
2026-05-27 09:44:41,994 [SKIP] len error : ['名Ｅ', '名証ETF']
2026-05-27 09:44:41,994 [SKIP] len error : ['札Ａ', '札証アンビシャス']
2026-05-27 09:44:41,994 [SKIP] len error : ['福Ｑ', '福証Q-Board']
2026-05-27 09:44:41,994 [SKIP] len error : ['①', '高い', '1,000回以上', '13.9%']
2026-05-27 09:44:41,994 [SKIP] len error : ['②', 'やや高い', '400回〜1,000回', '18.5%']
2026-05-27 09:44:41,994 [SKIP] len error : ['③', '中位', '50回〜400回', '39.0%']
2026-05-27 09:44:41,994 [SKIP] len error : ['④', 'やや低い', '10回〜50回', '17.6%']
2026-05-27 09:44:41,994 [SKIP] len error : ['⑤', '低い', '10回未満', '11.0%']
2026-05-27 09:44:41,994 2820件 / ?件中 18:44
2026-05-27 09:44:42,029 [TOTAL] None
2026-05-27 09:44:42,029 [COUNT] 2820
2026-05-27 09:44:43,527 [PAGE] 142
2026-05-27 09:44:43,809 [SKIP] len error : ['東P', '東証プライム']
2026-05-27 09:44:43,809 [SKIP] len error : ['東S', '東証スタンダード']
2026-05-27 09:44:43,809 [SKIP] len error : ['東G', '東証グロース']
2026-05-27 09:44:43,809 [SKIP] len error : ['東Ｅ', '東証ETF']
2026-05-27 09:44:43,809 [SKIP] len error : ['東EN', '東証ETN']
2026-05-27 09:44:43,809 [SKIP] len error : ['東Ｒ', '東証REIT']
2026-05-27 09:44:43,809 [SKIP] len error : ['東IF', '東証インフラファンド']
2026-05-27 09:44:43,810 [SKIP] len error : ['名Ｐ', '名証プレミア']
2026-05-27 09:44:43,810 [SKIP] len error : ['名M', '名証メイン']
2026-05-27 09:44:43,810 [SKIP] len error : ['名N', '名証ネクスト']
2026-05-27 09:44:43,810 [SKIP] len error : ['名Ｅ', '名証ETF']
2026-05-27 09:44:43,810 [SKIP] len error : ['札Ａ', '札証アンビシャス']
2026-05-27 09:44:43,810 [SKIP] len error : ['福Ｑ', '福証Q-Board']
2026-05-27 09:44:43,810 [SKIP] len error : ['①', '高い', '1,000回以上', '13.9%']
2026-05-27 09:44:43,810 [SKIP] len error : ['②', 'やや高い', '400回〜1,000回', '18.5%']
2026-05-27 09:44:43,810 [SKIP] len error : ['③', '中位', '50回〜400回', '39.0%']
2026-05-27 09:44:43,810 [SKIP] len error : ['④', 'やや低い', '10回〜50回', '17.6%']
2026-05-27 09:44:43,810 [SKIP] len error : ['⑤', '低い', '10回未満', '11.0%']
2026-05-27 09:44:43,810 2840件 / ?件中 18:44
2026-05-27 09:44:43,844 [TOTAL] None
2026-05-27 09:44:43,844 [COUNT] 2840
2026-05-27 09:44:44,959 [PAGE] 143
2026-05-27 09:44:45,232 [SKIP] len error : ['東P', '東証プライム']
2026-05-27 09:44:45,232 [SKIP] len error : ['東S', '東証スタンダード']
2026-05-27 09:44:45,232 [SKIP] len error : ['東G', '東証グロース']
2026-05-27 09:44:45,232 [SKIP] len error : ['東Ｅ', '東証ETF']
2026-05-27 09:44:45,232 [SKIP] len error : ['東EN', '東証ETN']
2026-05-27 09:44:45,232 [SKIP] len error : ['東Ｒ', '東証REIT']
2026-05-27 09:44:45,232 [SKIP] len error : ['東IF', '東証インフラファンド']
2026-05-27 09:44:45,232 [SKIP] len error : ['名Ｐ', '名証プレミア']
2026-05-27 09:44:45,233 [SKIP] len error : ['名M', '名証メイン']
2026-05-27 09:44:45,233 [SKIP] len error : ['名N', '名証ネクスト']
2026-05-27 09:44:45,233 [SKIP] len error : ['名Ｅ', '名証ETF']
2026-05-27 09:44:45,233 [SKIP] len error : ['札Ａ', '札証アンビシャス']
2026-05-27 09:44:45,233 [SKIP] len error : ['福Ｑ', '福証Q-Board']
2026-05-27 09:44:45,233 [SKIP] len error : ['①', '高い', '1,000回以上', '13.9%']
2026-05-27 09:44:45,233 [SKIP] len error : ['②', 'やや高い', '400回〜1,000回', '18.5%']
2026-05-27 09:44:45,233 [SKIP] len error : ['③', '中位', '50回〜400回', '39.0%']
2026-05-27 09:44:45,233 [SKIP] len error : ['④', 'やや低い', '10回〜50回', '17.6%']
2026-05-27 09:44:45,233 [SKIP] len error : ['⑤', '低い', '10回未満', '11.0%']
2026-05-27 09:44:45,233 2860件 / ?件中 18:44
2026-05-27 09:44:45,267 [TOTAL] None
2026-05-27 09:44:45,267 [COUNT] 2860
2026-05-27 09:44:46,455 [PAGE] 144
2026-05-27 09:44:46,762 [SKIP] len error : ['東P', '東証プライム']
2026-05-27 09:44:46,763 [SKIP] len error : ['東S', '東証スタンダード']
2026-05-27 09:44:46,763 [SKIP] len error : ['東G', '東証グロース']
2026-05-27 09:44:46,763 [SKIP] len error : ['東Ｅ', '東証ETF']
2026-05-27 09:44:46,763 [SKIP] len error : ['東EN', '東証ETN']
2026-05-27 09:44:46,763 [SKIP] len error : ['東Ｒ', '東証REIT']
2026-05-27 09:44:46,763 [SKIP] len error : ['東IF', '東証インフラファンド']
2026-05-27 09:44:46,763 [SKIP] len error : ['名Ｐ', '名証プレミア']
2026-05-27 09:44:46,763 [SKIP] len error : ['名M', '名証メイン']
2026-05-27 09:44:46,763 [SKIP] len error : ['名N', '名証ネクスト']
2026-05-27 09:44:46,763 [SKIP] len error : ['名Ｅ', '名証ETF']
2026-05-27 09:44:46,763 [SKIP] len error : ['札Ａ', '札証アンビシャス']
2026-05-27 09:44:46,763 [SKIP] len error : ['福Ｑ', '福証Q-Board']
2026-05-27 09:44:46,763 [SKIP] len error : ['①', '高い', '1,000回以上', '13.9%']
2026-05-27 09:44:46,763 [SKIP] len error : ['②', 'やや高い', '400回〜1,000回', '18.5%']
2026-05-27 09:44:46,763 [SKIP] len error : ['③', '中位', '50回〜400回', '39.0%']
2026-05-27 09:44:46,763 [SKIP] len error : ['④', 'やや低い', '10回〜50回', '17.6%']
2026-05-27 09:44:46,763 [SKIP] len error : ['⑤', '低い', '10回未満', '11.0%']
2026-05-27 09:44:46,763 2880件 / ?件中 18:44
2026-05-27 09:44:46,798 [TOTAL] None
2026-05-27 09:44:46,798 [COUNT] 2880
2026-05-27 09:44:47,684 [PAGE] 145
2026-05-27 09:44:47,963 [SKIP] len error : ['東P', '東証プライム']
2026-05-27 09:44:47,963 [SKIP] len error : ['東S', '東証スタンダード']
2026-05-27 09:44:47,963 [SKIP] len error : ['東G', '東証グロース']
2026-05-27 09:44:47,963 [SKIP] len error : ['東Ｅ', '東証ETF']
2026-05-27 09:44:47,963 [SKIP] len error : ['東EN', '東証ETN']
2026-05-27 09:44:47,963 [SKIP] len error : ['東Ｒ', '東証REIT']
2026-05-27 09:44:47,963 [SKIP] len error : ['東IF', '東証インフラファンド']
2026-05-27 09:44:47,963 [SKIP] len error : ['名Ｐ', '名証プレミア']
2026-05-27 09:44:47,963 [SKIP] len error : ['名M', '名証メイン']
2026-05-27 09:44:47,964 [SKIP] len error : ['名N', '名証ネクスト']
2026-05-27 09:44:47,964 [SKIP] len error : ['名Ｅ', '名証ETF']
2026-05-27 09:44:47,964 [SKIP] len error : ['札Ａ', '札証アンビシャス']
2026-05-27 09:44:47,964 [SKIP] len error : ['福Ｑ', '福証Q-Board']
2026-05-27 09:44:47,964 [SKIP] len error : ['①', '高い', '1,000回以上', '13.9%']
2026-05-27 09:44:47,964 [SKIP] len error : ['②', 'やや高い', '400回〜1,000回', '18.5%']
2026-05-27 09:44:47,964 [SKIP] len error : ['③', '中位', '50回〜400回', '39.0%']
2026-05-27 09:44:47,964 [SKIP] len error : ['④', 'やや低い', '10回〜50回', '17.6%']
2026-05-27 09:44:47,964 [SKIP] len error : ['⑤', '低い', '10回未満', '11.0%']
2026-05-27 09:44:47,964 2900件 / ?件中 18:44
2026-05-27 09:44:48,002 [TOTAL] None
2026-05-27 09:44:48,003 [COUNT] 2900
2026-05-27 09:44:49,008 [PAGE] 146
2026-05-27 09:44:49,264 [SKIP] len error : ['東P', '東証プライム']
2026-05-27 09:44:49,264 [SKIP] len error : ['東S', '東証スタンダード']
2026-05-27 09:44:49,264 [SKIP] len error : ['東G', '東証グロース']
2026-05-27 09:44:49,264 [SKIP] len error : ['東Ｅ', '東証ETF']
2026-05-27 09:44:49,264 [SKIP] len error : ['東EN', '東証ETN']
2026-05-27 09:44:49,264 [SKIP] len error : ['東Ｒ', '東証REIT']
2026-05-27 09:44:49,264 [SKIP] len error : ['東IF', '東証インフラファンド']
2026-05-27 09:44:49,264 [SKIP] len error : ['名Ｐ', '名証プレミア']
2026-05-27 09:44:49,264 [SKIP] len error : ['名M', '名証メイン']
2026-05-27 09:44:49,264 [SKIP] len error : ['名N', '名証ネクスト']
2026-05-27 09:44:49,264 [SKIP] len error : ['名Ｅ', '名証ETF']
2026-05-27 09:44:49,264 [SKIP] len error : ['札Ａ', '札証アンビシャス']
2026-05-27 09:44:49,264 [SKIP] len error : ['福Ｑ', '福証Q-Board']
2026-05-27 09:44:49,264 [SKIP] len error : ['①', '高い', '1,000回以上', '13.9%']
2026-05-27 09:44:49,264 [SKIP] len error : ['②', 'やや高い', '400回〜1,000回', '18.5%']
2026-05-27 09:44:49,264 [SKIP] len error : ['③', '中位', '50回〜400回', '39.0%']
2026-05-27 09:44:49,264 [SKIP] len error : ['④', 'やや低い', '10回〜50回', '17.6%']
2026-05-27 09:44:49,264 [SKIP] len error : ['⑤', '低い', '10回未満', '11.0%']
2026-05-27 09:44:49,265 2920件 / ?件中 18:44
2026-05-27 09:44:49,298 [TOTAL] None
2026-05-27 09:44:49,298 [COUNT] 2920
2026-05-27 09:44:50,674 [PAGE] 147
2026-05-27 09:44:50,946 [SKIP] len error : ['東P', '東証プライム']
2026-05-27 09:44:50,946 [SKIP] len error : ['東S', '東証スタンダード']
2026-05-27 09:44:50,946 [SKIP] len error : ['東G', '東証グロース']
2026-05-27 09:44:50,946 [SKIP] len error : ['東Ｅ', '東証ETF']
2026-05-27 09:44:50,946 [SKIP] len error : ['東EN', '東証ETN']
2026-05-27 09:44:50,946 [SKIP] len error : ['東Ｒ', '東証REIT']
2026-05-27 09:44:50,946 [SKIP] len error : ['東IF', '東証インフラファンド']
2026-05-27 09:44:50,946 [SKIP] len error : ['名Ｐ', '名証プレミア']
2026-05-27 09:44:50,946 [SKIP] len error : ['名M', '名証メイン']
2026-05-27 09:44:50,946 [SKIP] len error : ['名N', '名証ネクスト']
2026-05-27 09:44:50,946 [SKIP] len error : ['名Ｅ', '名証ETF']
2026-05-27 09:44:50,946 [SKIP] len error : ['札Ａ', '札証アンビシャス']
2026-05-27 09:44:50,946 [SKIP] len error : ['福Ｑ', '福証Q-Board']
2026-05-27 09:44:50,946 [SKIP] len error : ['①', '高い', '1,000回以上', '13.9%']
2026-05-27 09:44:50,946 [SKIP] len error : ['②', 'やや高い', '400回〜1,000回', '18.5%']
2026-05-27 09:44:50,946 [SKIP] len error : ['③', '中位', '50回〜400回', '39.0%']
2026-05-27 09:44:50,946 [SKIP] len error : ['④', 'やや低い', '10回〜50回', '17.6%']
2026-05-27 09:44:50,946 [SKIP] len error : ['⑤', '低い', '10回未満', '11.0%']
2026-05-27 09:44:50,946 2940件 / ?件中 18:44
2026-05-27 09:44:50,980 [TOTAL] None
2026-05-27 09:44:50,980 [COUNT] 2940
2026-05-27 09:44:51,483 [PAGE] 148
2026-05-27 09:44:51,764 [SKIP] len error : ['東P', '東証プライム']
2026-05-27 09:44:51,764 [SKIP] len error : ['東S', '東証スタンダード']
2026-05-27 09:44:51,764 [SKIP] len error : ['東G', '東証グロース']
2026-05-27 09:44:51,764 [SKIP] len error : ['東Ｅ', '東証ETF']
2026-05-27 09:44:51,764 [SKIP] len error : ['東EN', '東証ETN']
2026-05-27 09:44:51,764 [SKIP] len error : ['東Ｒ', '東証REIT']
2026-05-27 09:44:51,764 [SKIP] len error : ['東IF', '東証インフラファンド']
2026-05-27 09:44:51,764 [SKIP] len error : ['名Ｐ', '名証プレミア']
2026-05-27 09:44:51,764 [SKIP] len error : ['名M', '名証メイン']
2026-05-27 09:44:51,764 [SKIP] len error : ['名N', '名証ネクスト']
2026-05-27 09:44:51,764 [SKIP] len error : ['名Ｅ', '名証ETF']
2026-05-27 09:44:51,764 [SKIP] len error : ['札Ａ', '札証アンビシャス']
2026-05-27 09:44:51,764 [SKIP] len error : ['福Ｑ', '福証Q-Board']
2026-05-27 09:44:51,764 [SKIP] len error : ['①', '高い', '1,000回以上', '13.9%']
2026-05-27 09:44:51,764 [SKIP] len error : ['②', 'やや高い', '400回〜1,000回', '18.5%']
2026-05-27 09:44:51,764 [SKIP] len error : ['③', '中位', '50回〜400回', '39.0%']
2026-05-27 09:44:51,764 [SKIP] len error : ['④', 'やや低い', '10回〜50回', '17.6%']
2026-05-27 09:44:51,764 [SKIP] len error : ['⑤', '低い', '10回未満', '11.0%']
2026-05-27 09:44:51,764 2960件 / ?件中 18:44
2026-05-27 09:44:51,797 [TOTAL] None
2026-05-27 09:44:51,797 [COUNT] 2960
2026-05-27 09:44:53,138 [PAGE] 149
2026-05-27 09:44:53,446 [SKIP] len error : ['東P', '東証プライム']
2026-05-27 09:44:53,446 [SKIP] len error : ['東S', '東証スタンダード']
2026-05-27 09:44:53,447 [SKIP] len error : ['東G', '東証グロース']
2026-05-27 09:44:53,447 [SKIP] len error : ['東Ｅ', '東証ETF']
2026-05-27 09:44:53,447 [SKIP] len error : ['東EN', '東証ETN']
2026-05-27 09:44:53,447 [SKIP] len error : ['東Ｒ', '東証REIT']
2026-05-27 09:44:53,447 [SKIP] len error : ['東IF', '東証インフラファンド']
2026-05-27 09:44:53,447 [SKIP] len error : ['名Ｐ', '名証プレミア']
2026-05-27 09:44:53,447 [SKIP] len error : ['名M', '名証メイン']
2026-05-27 09:44:53,447 [SKIP] len error : ['名N', '名証ネクスト']
2026-05-27 09:44:53,447 [SKIP] len error : ['名Ｅ', '名証ETF']
2026-05-27 09:44:53,447 [SKIP] len error : ['札Ａ', '札証アンビシャス']
2026-05-27 09:44:53,447 [SKIP] len error : ['福Ｑ', '福証Q-Board']
2026-05-27 09:44:53,447 [SKIP] len error : ['①', '高い', '1,000回以上', '13.9%']
2026-05-27 09:44:53,447 [SKIP] len error : ['②', 'やや高い', '400回〜1,000回', '18.5%']
2026-05-27 09:44:53,447 [SKIP] len error : ['③', '中位', '50回〜400回', '39.0%']
2026-05-27 09:44:53,447 [SKIP] len error : ['④', 'やや低い', '10回〜50回', '17.6%']
2026-05-27 09:44:53,447 [SKIP] len error : ['⑤', '低い', '10回未満', '11.0%']
2026-05-27 09:44:53,447 2980件 / ?件中 18:44
2026-05-27 09:44:53,481 [TOTAL] None
2026-05-27 09:44:53,481 [COUNT] 2980
2026-05-27 09:44:54,171 [PAGE] 150
2026-05-27 09:44:54,470 [SKIP] len error : ['東P', '東証プライム']
2026-05-27 09:44:54,470 [SKIP] len error : ['東S', '東証スタンダード']
2026-05-27 09:44:54,470 [SKIP] len error : ['東G', '東証グロース']
2026-05-27 09:44:54,470 [SKIP] len error : ['東Ｅ', '東証ETF']
2026-05-27 09:44:54,470 [SKIP] len error : ['東EN', '東証ETN']
2026-05-27 09:44:54,470 [SKIP] len error : ['東Ｒ', '東証REIT']
2026-05-27 09:44:54,470 [SKIP] len error : ['東IF', '東証インフラファンド']
2026-05-27 09:44:54,471 [SKIP] len error : ['名Ｐ', '名証プレミア']
2026-05-27 09:44:54,471 [SKIP] len error : ['名M', '名証メイン']
2026-05-27 09:44:54,471 [SKIP] len error : ['名N', '名証ネクスト']
2026-05-27 09:44:54,471 [SKIP] len error : ['名Ｅ', '名証ETF']
2026-05-27 09:44:54,471 [SKIP] len error : ['札Ａ', '札証アンビシャス']
2026-05-27 09:44:54,471 [SKIP] len error : ['福Ｑ', '福証Q-Board']
2026-05-27 09:44:54,471 [SKIP] len error : ['①', '高い', '1,000回以上', '13.9%']
2026-05-27 09:44:54,471 [SKIP] len error : ['②', 'やや高い', '400回〜1,000回', '18.5%']
2026-05-27 09:44:54,471 [SKIP] len error : ['③', '中位', '50回〜400回', '39.0%']
2026-05-27 09:44:54,471 [SKIP] len error : ['④', 'やや低い', '10回〜50回', '17.6%']
2026-05-27 09:44:54,471 [SKIP] len error : ['⑤', '低い', '10回未満', '11.0%']
2026-05-27 09:44:54,471 3000件 / ?件中 18:44
2026-05-27 09:44:54,506 [TOTAL] None
2026-05-27 09:44:54,506 [COUNT] 3000
2026-05-27 09:44:55,124 [PAGE] 151
2026-05-27 09:44:55,379 [SKIP] len error : ['東P', '東証プライム']
2026-05-27 09:44:55,379 [SKIP] len error : ['東S', '東証スタンダード']
2026-05-27 09:44:55,379 [SKIP] len error : ['東G', '東証グロース']
2026-05-27 09:44:55,379 [SKIP] len error : ['東Ｅ', '東証ETF']
2026-05-27 09:44:55,379 [SKIP] len error : ['東EN', '東証ETN']
2026-05-27 09:44:55,379 [SKIP] len error : ['東Ｒ', '東証REIT']
2026-05-27 09:44:55,379 [SKIP] len error : ['東IF', '東証インフラファンド']
2026-05-27 09:44:55,379 [SKIP] len error : ['名Ｐ', '名証プレミア']
2026-05-27 09:44:55,379 [SKIP] len error : ['名M', '名証メイン']
2026-05-27 09:44:55,379 [SKIP] len error : ['名N', '名証ネクスト']
2026-05-27 09:44:55,379 [SKIP] len error : ['名Ｅ', '名証ETF']
2026-05-27 09:44:55,379 [SKIP] len error : ['札Ａ', '札証アンビシャス']
2026-05-27 09:44:55,379 [SKIP] len error : ['福Ｑ', '福証Q-Board']
2026-05-27 09:44:55,379 [SKIP] len error : ['①', '高い', '1,000回以上', '13.9%']
2026-05-27 09:44:55,379 [SKIP] len error : ['②', 'やや高い', '400回〜1,000回', '18.5%']
2026-05-27 09:44:55,379 [SKIP] len error : ['③', '中位', '50回〜400回', '39.0%']
2026-05-27 09:44:55,379 [SKIP] len error : ['④', 'やや低い', '10回〜50回', '17.6%']
2026-05-27 09:44:55,379 [SKIP] len error : ['⑤', '低い', '10回未満', '11.0%']
2026-05-27 09:44:55,379 3020件 / ?件中 18:44
2026-05-27 09:44:55,416 [TOTAL] None
2026-05-27 09:44:55,416 [COUNT] 3020
2026-05-27 09:44:56,896 [PAGE] 152
2026-05-27 09:44:57,173 [SKIP] len error : ['東P', '東証プライム']
2026-05-27 09:44:57,173 [SKIP] len error : ['東S', '東証スタンダード']
2026-05-27 09:44:57,174 [SKIP] len error : ['東G', '東証グロース']
2026-05-27 09:44:57,174 [SKIP] len error : ['東Ｅ', '東証ETF']
2026-05-27 09:44:57,174 [SKIP] len error : ['東EN', '東証ETN']
2026-05-27 09:44:57,174 [SKIP] len error : ['東Ｒ', '東証REIT']
2026-05-27 09:44:57,174 [SKIP] len error : ['東IF', '東証インフラファンド']
2026-05-27 09:44:57,174 [SKIP] len error : ['名Ｐ', '名証プレミア']
2026-05-27 09:44:57,174 [SKIP] len error : ['名M', '名証メイン']
2026-05-27 09:44:57,174 [SKIP] len error : ['名N', '名証ネクスト']
2026-05-27 09:44:57,174 [SKIP] len error : ['名Ｅ', '名証ETF']
2026-05-27 09:44:57,174 [SKIP] len error : ['札Ａ', '札証アンビシャス']
2026-05-27 09:44:57,174 [SKIP] len error : ['福Ｑ', '福証Q-Board']
2026-05-27 09:44:57,174 [SKIP] len error : ['①', '高い', '1,000回以上', '13.9%']
2026-05-27 09:44:57,174 [SKIP] len error : ['②', 'やや高い', '400回〜1,000回', '18.5%']
2026-05-27 09:44:57,174 [SKIP] len error : ['③', '中位', '50回〜400回', '39.0%']
2026-05-27 09:44:57,174 [SKIP] len error : ['④', 'やや低い', '10回〜50回', '17.6%']
2026-05-27 09:44:57,174 [SKIP] len error : ['⑤', '低い', '10回未満', '11.0%']
2026-05-27 09:44:57,174 3040件 / ?件中 18:44
2026-05-27 09:44:57,207 [TOTAL] None
2026-05-27 09:44:57,207 [COUNT] 3040
2026-05-27 09:44:58,489 [PAGE] 153
2026-05-27 09:44:58,761 [SKIP] len error : ['東P', '東証プライム']
2026-05-27 09:44:58,761 [SKIP] len error : ['東S', '東証スタンダード']
2026-05-27 09:44:58,761 [SKIP] len error : ['東G', '東証グロース']
2026-05-27 09:44:58,761 [SKIP] len error : ['東Ｅ', '東証ETF']
2026-05-27 09:44:58,761 [SKIP] len error : ['東EN', '東証ETN']
2026-05-27 09:44:58,761 [SKIP] len error : ['東Ｒ', '東証REIT']
2026-05-27 09:44:58,761 [SKIP] len error : ['東IF', '東証インフラファンド']
2026-05-27 09:44:58,761 [SKIP] len error : ['名Ｐ', '名証プレミア']
2026-05-27 09:44:58,761 [SKIP] len error : ['名M', '名証メイン']
2026-05-27 09:44:58,761 [SKIP] len error : ['名N', '名証ネクスト']
2026-05-27 09:44:58,761 [SKIP] len error : ['名Ｅ', '名証ETF']
2026-05-27 09:44:58,761 [SKIP] len error : ['札Ａ', '札証アンビシャス']
2026-05-27 09:44:58,761 [SKIP] len error : ['福Ｑ', '福証Q-Board']
2026-05-27 09:44:58,761 [SKIP] len error : ['①', '高い', '1,000回以上', '13.9%']
2026-05-27 09:44:58,761 [SKIP] len error : ['②', 'やや高い', '400回〜1,000回', '18.5%']
2026-05-27 09:44:58,761 [SKIP] len error : ['③', '中位', '50回〜400回', '39.0%']
2026-05-27 09:44:58,761 [SKIP] len error : ['④', 'やや低い', '10回〜50回', '17.6%']
2026-05-27 09:44:58,762 [SKIP] len error : ['⑤', '低い', '10回未満', '11.0%']
2026-05-27 09:44:58,762 3060件 / ?件中 18:44
2026-05-27 09:44:58,843 [TOTAL] None
2026-05-27 09:44:58,843 [COUNT] 3060
2026-05-27 09:44:59,498 [PAGE] 154
2026-05-27 09:44:59,761 [SKIP] len error : ['東P', '東証プライム']
2026-05-27 09:44:59,761 [SKIP] len error : ['東S', '東証スタンダード']
2026-05-27 09:44:59,761 [SKIP] len error : ['東G', '東証グロース']
2026-05-27 09:44:59,761 [SKIP] len error : ['東Ｅ', '東証ETF']
2026-05-27 09:44:59,761 [SKIP] len error : ['東EN', '東証ETN']
2026-05-27 09:44:59,761 [SKIP] len error : ['東Ｒ', '東証REIT']
2026-05-27 09:44:59,761 [SKIP] len error : ['東IF', '東証インフラファンド']
2026-05-27 09:44:59,761 [SKIP] len error : ['名Ｐ', '名証プレミア']
2026-05-27 09:44:59,761 [SKIP] len error : ['名M', '名証メイン']
2026-05-27 09:44:59,761 [SKIP] len error : ['名N', '名証ネクスト']
2026-05-27 09:44:59,761 [SKIP] len error : ['名Ｅ', '名証ETF']
2026-05-27 09:44:59,761 [SKIP] len error : ['札Ａ', '札証アンビシャス']
2026-05-27 09:44:59,761 [SKIP] len error : ['福Ｑ', '福証Q-Board']
2026-05-27 09:44:59,761 [SKIP] len error : ['①', '高い', '1,000回以上', '13.9%']
2026-05-27 09:44:59,761 [SKIP] len error : ['②', 'やや高い', '400回〜1,000回', '18.5%']
2026-05-27 09:44:59,761 [SKIP] len error : ['③', '中位', '50回〜400回', '39.0%']
2026-05-27 09:44:59,761 [SKIP] len error : ['④', 'やや低い', '10回〜50回', '17.6%']
2026-05-27 09:44:59,761 [SKIP] len error : ['⑤', '低い', '10回未満', '11.0%']
2026-05-27 09:44:59,762 3080件 / ?件中 18:44
2026-05-27 09:44:59,795 [TOTAL] None
2026-05-27 09:44:59,795 [COUNT] 3080
2026-05-27 09:45:00,590 [PAGE] 155
2026-05-27 09:45:00,981 [SKIP] len error : ['東P', '東証プライム']
2026-05-27 09:45:00,981 [SKIP] len error : ['東S', '東証スタンダード']
2026-05-27 09:45:00,981 [SKIP] len error : ['東G', '東証グロース']
2026-05-27 09:45:00,981 [SKIP] len error : ['東Ｅ', '東証ETF']
2026-05-27 09:45:00,981 [SKIP] len error : ['東EN', '東証ETN']
2026-05-27 09:45:00,981 [SKIP] len error : ['東Ｒ', '東証REIT']
2026-05-27 09:45:00,981 [SKIP] len error : ['東IF', '東証インフラファンド']
2026-05-27 09:45:00,981 [SKIP] len error : ['名Ｐ', '名証プレミア']
2026-05-27 09:45:00,981 [SKIP] len error : ['名M', '名証メイン']
2026-05-27 09:45:00,981 [SKIP] len error : ['名N', '名証ネクスト']
2026-05-27 09:45:00,981 [SKIP] len error : ['名Ｅ', '名証ETF']
2026-05-27 09:45:00,981 [SKIP] len error : ['札Ａ', '札証アンビシャス']
2026-05-27 09:45:00,981 [SKIP] len error : ['福Ｑ', '福証Q-Board']
2026-05-27 09:45:00,981 [SKIP] len error : ['①', '高い', '1,000回以上', '13.9%']
2026-05-27 09:45:00,982 [SKIP] len error : ['②', 'やや高い', '400回〜1,000回', '18.5%']
2026-05-27 09:45:00,982 [SKIP] len error : ['③', '中位', '50回〜400回', '39.0%']
2026-05-27 09:45:00,982 [SKIP] len error : ['④', 'やや低い', '10回〜50回', '17.6%']
2026-05-27 09:45:00,982 [SKIP] len error : ['⑤', '低い', '10回未満', '11.0%']
2026-05-27 09:45:00,982 3100件 / ?件中 18:45
2026-05-27 09:45:01,016 [TOTAL] None
2026-05-27 09:45:01,016 [COUNT] 3100
2026-05-27 09:45:01,943 [PAGE] 156
2026-05-27 09:45:02,219 [SKIP] len error : ['東P', '東証プライム']
2026-05-27 09:45:02,219 [SKIP] len error : ['東S', '東証スタンダード']
2026-05-27 09:45:02,219 [SKIP] len error : ['東G', '東証グロース']
2026-05-27 09:45:02,219 [SKIP] len error : ['東Ｅ', '東証ETF']
2026-05-27 09:45:02,219 [SKIP] len error : ['東EN', '東証ETN']
2026-05-27 09:45:02,219 [SKIP] len error : ['東Ｒ', '東証REIT']
2026-05-27 09:45:02,219 [SKIP] len error : ['東IF', '東証インフラファンド']
2026-05-27 09:45:02,219 [SKIP] len error : ['名Ｐ', '名証プレミア']
2026-05-27 09:45:02,219 [SKIP] len error : ['名M', '名証メイン']
2026-05-27 09:45:02,219 [SKIP] len error : ['名N', '名証ネクスト']
2026-05-27 09:45:02,219 [SKIP] len error : ['名Ｅ', '名証ETF']
2026-05-27 09:45:02,219 [SKIP] len error : ['札Ａ', '札証アンビシャス']
2026-05-27 09:45:02,219 [SKIP] len error : ['福Ｑ', '福証Q-Board']
2026-05-27 09:45:02,219 [SKIP] len error : ['①', '高い', '1,000回以上', '13.9%']
2026-05-27 09:45:02,219 [SKIP] len error : ['②', 'やや高い', '400回〜1,000回', '18.5%']
2026-05-27 09:45:02,219 [SKIP] len error : ['③', '中位', '50回〜400回', '39.0%']
2026-05-27 09:45:02,219 [SKIP] len error : ['④', 'やや低い', '10回〜50回', '17.6%']
2026-05-27 09:45:02,219 [SKIP] len error : ['⑤', '低い', '10回未満', '11.0%']
2026-05-27 09:45:02,220 3120件 / ?件中 18:45
2026-05-27 09:45:02,254 [TOTAL] None
2026-05-27 09:45:02,254 [COUNT] 3120
2026-05-27 09:45:02,900 [PAGE] 157
2026-05-27 09:45:03,193 [SKIP] len error : ['東P', '東証プライム']
2026-05-27 09:45:03,193 [SKIP] len error : ['東S', '東証スタンダード']
2026-05-27 09:45:03,193 [SKIP] len error : ['東G', '東証グロース']
2026-05-27 09:45:03,193 [SKIP] len error : ['東Ｅ', '東証ETF']
2026-05-27 09:45:03,193 [SKIP] len error : ['東EN', '東証ETN']
2026-05-27 09:45:03,193 [SKIP] len error : ['東Ｒ', '東証REIT']
2026-05-27 09:45:03,193 [SKIP] len error : ['東IF', '東証インフラファンド']
2026-05-27 09:45:03,193 [SKIP] len error : ['名Ｐ', '名証プレミア']
2026-05-27 09:45:03,193 [SKIP] len error : ['名M', '名証メイン']
2026-05-27 09:45:03,193 [SKIP] len error : ['名N', '名証ネクスト']
2026-05-27 09:45:03,193 [SKIP] len error : ['名Ｅ', '名証ETF']
2026-05-27 09:45:03,193 [SKIP] len error : ['札Ａ', '札証アンビシャス']
2026-05-27 09:45:03,193 [SKIP] len error : ['福Ｑ', '福証Q-Board']
2026-05-27 09:45:03,193 [SKIP] len error : ['①', '高い', '1,000回以上', '13.9%']
2026-05-27 09:45:03,193 [SKIP] len error : ['②', 'やや高い', '400回〜1,000回', '18.5%']
2026-05-27 09:45:03,193 [SKIP] len error : ['③', '中位', '50回〜400回', '39.0%']
2026-05-27 09:45:03,193 [SKIP] len error : ['④', 'やや低い', '10回〜50回', '17.6%']
2026-05-27 09:45:03,193 [SKIP] len error : ['⑤', '低い', '10回未満', '11.0%']
2026-05-27 09:45:03,194 3140件 / ?件中 18:45
2026-05-27 09:45:03,227 [TOTAL] None
2026-05-27 09:45:03,227 [COUNT] 3140
2026-05-27 09:45:04,028 [PAGE] 158
2026-05-27 09:45:04,278 [SKIP] len error : ['東P', '東証プライム']
2026-05-27 09:45:04,278 [SKIP] len error : ['東S', '東証スタンダード']
2026-05-27 09:45:04,278 [SKIP] len error : ['東G', '東証グロース']
2026-05-27 09:45:04,279 [SKIP] len error : ['東Ｅ', '東証ETF']
2026-05-27 09:45:04,279 [SKIP] len error : ['東EN', '東証ETN']
2026-05-27 09:45:04,279 [SKIP] len error : ['東Ｒ', '東証REIT']
2026-05-27 09:45:04,279 [SKIP] len error : ['東IF', '東証インフラファンド']
2026-05-27 09:45:04,279 [SKIP] len error : ['名Ｐ', '名証プレミア']
2026-05-27 09:45:04,279 [SKIP] len error : ['名M', '名証メイン']
2026-05-27 09:45:04,279 [SKIP] len error : ['名N', '名証ネクスト']
2026-05-27 09:45:04,279 [SKIP] len error : ['名Ｅ', '名証ETF']
2026-05-27 09:45:04,279 [SKIP] len error : ['札Ａ', '札証アンビシャス']
2026-05-27 09:45:04,279 [SKIP] len error : ['福Ｑ', '福証Q-Board']
2026-05-27 09:45:04,279 [SKIP] len error : ['①', '高い', '1,000回以上', '13.9%']
2026-05-27 09:45:04,279 [SKIP] len error : ['②', 'やや高い', '400回〜1,000回', '18.5%']
2026-05-27 09:45:04,279 [SKIP] len error : ['③', '中位', '50回〜400回', '39.0%']
2026-05-27 09:45:04,279 [SKIP] len error : ['④', 'やや低い', '10回〜50回', '17.6%']
2026-05-27 09:45:04,279 [SKIP] len error : ['⑤', '低い', '10回未満', '11.0%']
2026-05-27 09:45:04,279 3160件 / ?件中 18:45
2026-05-27 09:45:04,367 [TOTAL] None
2026-05-27 09:45:04,367 [COUNT] 3160
2026-05-27 09:45:05,394 [PAGE] 159
2026-05-27 09:45:05,670 [SKIP] len error : ['東P', '東証プライム']
2026-05-27 09:45:05,670 [SKIP] len error : ['東S', '東証スタンダード']
2026-05-27 09:45:05,670 [SKIP] len error : ['東G', '東証グロース']
2026-05-27 09:45:05,670 [SKIP] len error : ['東Ｅ', '東証ETF']
2026-05-27 09:45:05,670 [SKIP] len error : ['東EN', '東証ETN']
2026-05-27 09:45:05,670 [SKIP] len error : ['東Ｒ', '東証REIT']
2026-05-27 09:45:05,670 [SKIP] len error : ['東IF', '東証インフラファンド']
2026-05-27 09:45:05,670 [SKIP] len error : ['名Ｐ', '名証プレミア']
2026-05-27 09:45:05,670 [SKIP] len error : ['名M', '名証メイン']
2026-05-27 09:45:05,670 [SKIP] len error : ['名N', '名証ネクスト']
2026-05-27 09:45:05,670 [SKIP] len error : ['名Ｅ', '名証ETF']
2026-05-27 09:45:05,670 [SKIP] len error : ['札Ａ', '札証アンビシャス']
2026-05-27 09:45:05,670 [SKIP] len error : ['福Ｑ', '福証Q-Board']
2026-05-27 09:45:05,670 [SKIP] len error : ['①', '高い', '1,000回以上', '13.9%']
2026-05-27 09:45:05,670 [SKIP] len error : ['②', 'やや高い', '400回〜1,000回', '18.5%']
2026-05-27 09:45:05,670 [SKIP] len error : ['③', '中位', '50回〜400回', '39.0%']
2026-05-27 09:45:05,670 [SKIP] len error : ['④', 'やや低い', '10回〜50回', '17.6%']
2026-05-27 09:45:05,670 [SKIP] len error : ['⑤', '低い', '10回未満', '11.0%']
2026-05-27 09:45:05,670 3180件 / ?件中 18:45
2026-05-27 09:45:05,705 [TOTAL] None
2026-05-27 09:45:05,705 [COUNT] 3180
2026-05-27 09:45:06,631 [PAGE] 160
2026-05-27 09:45:06,910 [SKIP] len error : ['東P', '東証プライム']
2026-05-27 09:45:06,910 [SKIP] len error : ['東S', '東証スタンダード']
2026-05-27 09:45:06,910 [SKIP] len error : ['東G', '東証グロース']
2026-05-27 09:45:06,910 [SKIP] len error : ['東Ｅ', '東証ETF']
2026-05-27 09:45:06,910 [SKIP] len error : ['東EN', '東証ETN']
2026-05-27 09:45:06,910 [SKIP] len error : ['東Ｒ', '東証REIT']
2026-05-27 09:45:06,910 [SKIP] len error : ['東IF', '東証インフラファンド']
2026-05-27 09:45:06,910 [SKIP] len error : ['名Ｐ', '名証プレミア']
2026-05-27 09:45:06,910 [SKIP] len error : ['名M', '名証メイン']
2026-05-27 09:45:06,910 [SKIP] len error : ['名N', '名証ネクスト']
2026-05-27 09:45:06,910 [SKIP] len error : ['名Ｅ', '名証ETF']
2026-05-27 09:45:06,910 [SKIP] len error : ['札Ａ', '札証アンビシャス']
2026-05-27 09:45:06,910 [SKIP] len error : ['福Ｑ', '福証Q-Board']
2026-05-27 09:45:06,910 [SKIP] len error : ['①', '高い', '1,000回以上', '13.9%']
2026-05-27 09:45:06,910 [SKIP] len error : ['②', 'やや高い', '400回〜1,000回', '18.5%']
2026-05-27 09:45:06,910 [SKIP] len error : ['③', '中位', '50回〜400回', '39.0%']
2026-05-27 09:45:06,910 [SKIP] len error : ['④', 'やや低い', '10回〜50回', '17.6%']
2026-05-27 09:45:06,910 [SKIP] len error : ['⑤', '低い', '10回未満', '11.0%']
2026-05-27 09:45:06,910 3200件 / ?件中 18:45
2026-05-27 09:45:06,945 [TOTAL] None
2026-05-27 09:45:06,945 [COUNT] 3200
2026-05-27 09:45:08,110 [PAGE] 161
2026-05-27 09:45:08,374 [SKIP] len error : ['東P', '東証プライム']
2026-05-27 09:45:08,375 [SKIP] len error : ['東S', '東証スタンダード']
2026-05-27 09:45:08,375 [SKIP] len error : ['東G', '東証グロース']
2026-05-27 09:45:08,375 [SKIP] len error : ['東Ｅ', '東証ETF']
2026-05-27 09:45:08,375 [SKIP] len error : ['東EN', '東証ETN']
2026-05-27 09:45:08,375 [SKIP] len error : ['東Ｒ', '東証REIT']
2026-05-27 09:45:08,375 [SKIP] len error : ['東IF', '東証インフラファンド']
2026-05-27 09:45:08,375 [SKIP] len error : ['名Ｐ', '名証プレミア']
2026-05-27 09:45:08,375 [SKIP] len error : ['名M', '名証メイン']
2026-05-27 09:45:08,375 [SKIP] len error : ['名N', '名証ネクスト']
2026-05-27 09:45:08,375 [SKIP] len error : ['名Ｅ', '名証ETF']
2026-05-27 09:45:08,375 [SKIP] len error : ['札Ａ', '札証アンビシャス']
2026-05-27 09:45:08,375 [SKIP] len error : ['福Ｑ', '福証Q-Board']
2026-05-27 09:45:08,375 [SKIP] len error : ['①', '高い', '1,000回以上', '13.9%']
2026-05-27 09:45:08,375 [SKIP] len error : ['②', 'やや高い', '400回〜1,000回', '18.5%']
2026-05-27 09:45:08,375 [SKIP] len error : ['③', '中位', '50回〜400回', '39.0%']
2026-05-27 09:45:08,375 [SKIP] len error : ['④', 'やや低い', '10回〜50回', '17.6%']
2026-05-27 09:45:08,375 [SKIP] len error : ['⑤', '低い', '10回未満', '11.0%']
2026-05-27 09:45:08,375 3220件 / ?件中 18:45
2026-05-27 09:45:08,410 [TOTAL] None
2026-05-27 09:45:08,410 [COUNT] 3220
2026-05-27 09:45:09,278 [PAGE] 162
2026-05-27 09:45:09,548 [SKIP] len error : ['東P', '東証プライム']
2026-05-27 09:45:09,548 [SKIP] len error : ['東S', '東証スタンダード']
2026-05-27 09:45:09,548 [SKIP] len error : ['東G', '東証グロース']
2026-05-27 09:45:09,548 [SKIP] len error : ['東Ｅ', '東証ETF']
2026-05-27 09:45:09,548 [SKIP] len error : ['東EN', '東証ETN']
2026-05-27 09:45:09,548 [SKIP] len error : ['東Ｒ', '東証REIT']
2026-05-27 09:45:09,548 [SKIP] len error : ['東IF', '東証インフラファンド']
2026-05-27 09:45:09,548 [SKIP] len error : ['名Ｐ', '名証プレミア']
2026-05-27 09:45:09,548 [SKIP] len error : ['名M', '名証メイン']
2026-05-27 09:45:09,548 [SKIP] len error : ['名N', '名証ネクスト']
2026-05-27 09:45:09,548 [SKIP] len error : ['名Ｅ', '名証ETF']
2026-05-27 09:45:09,548 [SKIP] len error : ['札Ａ', '札証アンビシャス']
2026-05-27 09:45:09,548 [SKIP] len error : ['福Ｑ', '福証Q-Board']
2026-05-27 09:45:09,548 [SKIP] len error : ['①', '高い', '1,000回以上', '13.9%']
2026-05-27 09:45:09,548 [SKIP] len error : ['②', 'やや高い', '400回〜1,000回', '18.5%']
2026-05-27 09:45:09,548 [SKIP] len error : ['③', '中位', '50回〜400回', '39.0%']
2026-05-27 09:45:09,548 [SKIP] len error : ['④', 'やや低い', '10回〜50回', '17.6%']
2026-05-27 09:45:09,548 [SKIP] len error : ['⑤', '低い', '10回未満', '11.0%']
2026-05-27 09:45:09,548 3240件 / ?件中 18:45
2026-05-27 09:45:09,581 [TOTAL] None
2026-05-27 09:45:09,581 [COUNT] 3240
2026-05-27 09:45:10,429 [PAGE] 163
2026-05-27 09:45:10,761 [SKIP] len error : ['東P', '東証プライム']
2026-05-27 09:45:10,761 [SKIP] len error : ['東S', '東証スタンダード']
2026-05-27 09:45:10,761 [SKIP] len error : ['東G', '東証グロース']
2026-05-27 09:45:10,761 [SKIP] len error : ['東Ｅ', '東証ETF']
2026-05-27 09:45:10,761 [SKIP] len error : ['東EN', '東証ETN']
2026-05-27 09:45:10,761 [SKIP] len error : ['東Ｒ', '東証REIT']
2026-05-27 09:45:10,761 [SKIP] len error : ['東IF', '東証インフラファンド']
2026-05-27 09:45:10,761 [SKIP] len error : ['名Ｐ', '名証プレミア']
2026-05-27 09:45:10,761 [SKIP] len error : ['名M', '名証メイン']
2026-05-27 09:45:10,761 [SKIP] len error : ['名N', '名証ネクスト']
2026-05-27 09:45:10,761 [SKIP] len error : ['名Ｅ', '名証ETF']
2026-05-27 09:45:10,761 [SKIP] len error : ['札Ａ', '札証アンビシャス']
2026-05-27 09:45:10,761 [SKIP] len error : ['福Ｑ', '福証Q-Board']
2026-05-27 09:45:10,761 [SKIP] len error : ['①', '高い', '1,000回以上', '13.9%']
2026-05-27 09:45:10,761 [SKIP] len error : ['②', 'やや高い', '400回〜1,000回', '18.5%']
2026-05-27 09:45:10,761 [SKIP] len error : ['③', '中位', '50回〜400回', '39.0%']
2026-05-27 09:45:10,761 [SKIP] len error : ['④', 'やや低い', '10回〜50回', '17.6%']
2026-05-27 09:45:10,761 [SKIP] len error : ['⑤', '低い', '10回未満', '11.0%']
2026-05-27 09:45:10,762 3260件 / ?件中 18:45
2026-05-27 09:45:10,796 [TOTAL] None
2026-05-27 09:45:10,796 [COUNT] 3260
2026-05-27 09:45:11,877 [PAGE] 164
2026-05-27 09:45:12,165 [SKIP] len error : ['東P', '東証プライム']
2026-05-27 09:45:12,165 [SKIP] len error : ['東S', '東証スタンダード']
2026-05-27 09:45:12,165 [SKIP] len error : ['東G', '東証グロース']
2026-05-27 09:45:12,165 [SKIP] len error : ['東Ｅ', '東証ETF']
2026-05-27 09:45:12,165 [SKIP] len error : ['東EN', '東証ETN']
2026-05-27 09:45:12,165 [SKIP] len error : ['東Ｒ', '東証REIT']
2026-05-27 09:45:12,165 [SKIP] len error : ['東IF', '東証インフラファンド']
2026-05-27 09:45:12,165 [SKIP] len error : ['名Ｐ', '名証プレミア']
2026-05-27 09:45:12,165 [SKIP] len error : ['名M', '名証メイン']
2026-05-27 09:45:12,165 [SKIP] len error : ['名N', '名証ネクスト']
2026-05-27 09:45:12,165 [SKIP] len error : ['名Ｅ', '名証ETF']
2026-05-27 09:45:12,165 [SKIP] len error : ['札Ａ', '札証アンビシャス']
2026-05-27 09:45:12,165 [SKIP] len error : ['福Ｑ', '福証Q-Board']
2026-05-27 09:45:12,165 [SKIP] len error : ['①', '高い', '1,000回以上', '13.9%']
2026-05-27 09:45:12,166 [SKIP] len error : ['②', 'やや高い', '400回〜1,000回', '18.5%']
2026-05-27 09:45:12,166 [SKIP] len error : ['③', '中位', '50回〜400回', '39.0%']
2026-05-27 09:45:12,166 [SKIP] len error : ['④', 'やや低い', '10回〜50回', '17.6%']
2026-05-27 09:45:12,166 [SKIP] len error : ['⑤', '低い', '10回未満', '11.0%']
2026-05-27 09:45:12,166 3280件 / ?件中 18:45
2026-05-27 09:45:12,201 [TOTAL] None
2026-05-27 09:45:12,201 [COUNT] 3280
2026-05-27 09:45:13,336 [PAGE] 165
2026-05-27 09:45:13,609 [SKIP] len error : ['東P', '東証プライム']
2026-05-27 09:45:13,609 [SKIP] len error : ['東S', '東証スタンダード']
2026-05-27 09:45:13,609 [SKIP] len error : ['東G', '東証グロース']
2026-05-27 09:45:13,609 [SKIP] len error : ['東Ｅ', '東証ETF']
2026-05-27 09:45:13,609 [SKIP] len error : ['東EN', '東証ETN']
2026-05-27 09:45:13,609 [SKIP] len error : ['東Ｒ', '東証REIT']
2026-05-27 09:45:13,609 [SKIP] len error : ['東IF', '東証インフラファンド']
2026-05-27 09:45:13,609 [SKIP] len error : ['名Ｐ', '名証プレミア']
2026-05-27 09:45:13,609 [SKIP] len error : ['名M', '名証メイン']
2026-05-27 09:45:13,609 [SKIP] len error : ['名N', '名証ネクスト']
2026-05-27 09:45:13,609 [SKIP] len error : ['名Ｅ', '名証ETF']
2026-05-27 09:45:13,609 [SKIP] len error : ['札Ａ', '札証アンビシャス']
2026-05-27 09:45:13,609 [SKIP] len error : ['福Ｑ', '福証Q-Board']
2026-05-27 09:45:13,609 [SKIP] len error : ['①', '高い', '1,000回以上', '13.9%']
2026-05-27 09:45:13,609 [SKIP] len error : ['②', 'やや高い', '400回〜1,000回', '18.5%']
2026-05-27 09:45:13,609 [SKIP] len error : ['③', '中位', '50回〜400回', '39.0%']
2026-05-27 09:45:13,609 [SKIP] len error : ['④', 'やや低い', '10回〜50回', '17.6%']
2026-05-27 09:45:13,609 [SKIP] len error : ['⑤', '低い', '10回未満', '11.0%']
2026-05-27 09:45:13,609 3300件 / ?件中 18:45
2026-05-27 09:45:13,644 [TOTAL] None
2026-05-27 09:45:13,644 [COUNT] 3300
2026-05-27 09:45:14,314 [PAGE] 166
2026-05-27 09:45:14,590 [SKIP] len error : ['東P', '東証プライム']
2026-05-27 09:45:14,591 [SKIP] len error : ['東S', '東証スタンダード']
2026-05-27 09:45:14,591 [SKIP] len error : ['東G', '東証グロース']
2026-05-27 09:45:14,591 [SKIP] len error : ['東Ｅ', '東証ETF']
2026-05-27 09:45:14,591 [SKIP] len error : ['東EN', '東証ETN']
2026-05-27 09:45:14,591 [SKIP] len error : ['東Ｒ', '東証REIT']
2026-05-27 09:45:14,591 [SKIP] len error : ['東IF', '東証インフラファンド']
2026-05-27 09:45:14,591 [SKIP] len error : ['名Ｐ', '名証プレミア']
2026-05-27 09:45:14,591 [SKIP] len error : ['名M', '名証メイン']
2026-05-27 09:45:14,591 [SKIP] len error : ['名N', '名証ネクスト']
2026-05-27 09:45:14,591 [SKIP] len error : ['名Ｅ', '名証ETF']
2026-05-27 09:45:14,591 [SKIP] len error : ['札Ａ', '札証アンビシャス']
2026-05-27 09:45:14,591 [SKIP] len error : ['福Ｑ', '福証Q-Board']
2026-05-27 09:45:14,591 [SKIP] len error : ['①', '高い', '1,000回以上', '13.9%']
2026-05-27 09:45:14,591 [SKIP] len error : ['②', 'やや高い', '400回〜1,000回', '18.5%']
2026-05-27 09:45:14,591 [SKIP] len error : ['③', '中位', '50回〜400回', '39.0%']
2026-05-27 09:45:14,591 [SKIP] len error : ['④', 'やや低い', '10回〜50回', '17.6%']
2026-05-27 09:45:14,591 [SKIP] len error : ['⑤', '低い', '10回未満', '11.0%']
2026-05-27 09:45:14,591 3320件 / ?件中 18:45
2026-05-27 09:45:14,626 [TOTAL] None
2026-05-27 09:45:14,626 [COUNT] 3320
2026-05-27 09:45:15,894 [PAGE] 167
2026-05-27 09:45:16,168 [SKIP] len error : ['東P', '東証プライム']
2026-05-27 09:45:16,168 [SKIP] len error : ['東S', '東証スタンダード']
2026-05-27 09:45:16,168 [SKIP] len error : ['東G', '東証グロース']
2026-05-27 09:45:16,168 [SKIP] len error : ['東Ｅ', '東証ETF']
2026-05-27 09:45:16,168 [SKIP] len error : ['東EN', '東証ETN']
2026-05-27 09:45:16,168 [SKIP] len error : ['東Ｒ', '東証REIT']
2026-05-27 09:45:16,168 [SKIP] len error : ['東IF', '東証インフラファンド']
2026-05-27 09:45:16,168 [SKIP] len error : ['名Ｐ', '名証プレミア']
2026-05-27 09:45:16,168 [SKIP] len error : ['名M', '名証メイン']
2026-05-27 09:45:16,168 [SKIP] len error : ['名N', '名証ネクスト']
2026-05-27 09:45:16,168 [SKIP] len error : ['名Ｅ', '名証ETF']
2026-05-27 09:45:16,168 [SKIP] len error : ['札Ａ', '札証アンビシャス']
2026-05-27 09:45:16,168 [SKIP] len error : ['福Ｑ', '福証Q-Board']
2026-05-27 09:45:16,168 [SKIP] len error : ['①', '高い', '1,000回以上', '13.9%']
2026-05-27 09:45:16,168 [SKIP] len error : ['②', 'やや高い', '400回〜1,000回', '18.5%']
2026-05-27 09:45:16,168 [SKIP] len error : ['③', '中位', '50回〜400回', '39.0%']
2026-05-27 09:45:16,168 [SKIP] len error : ['④', 'やや低い', '10回〜50回', '17.6%']
2026-05-27 09:45:16,168 [SKIP] len error : ['⑤', '低い', '10回未満', '11.0%']
2026-05-27 09:45:16,169 3340件 / ?件中 18:45
2026-05-27 09:45:16,204 [TOTAL] None
2026-05-27 09:45:16,204 [COUNT] 3340
2026-05-27 09:45:17,330 [PAGE] 168
2026-05-27 09:45:17,645 [SKIP] len error : ['東P', '東証プライム']
2026-05-27 09:45:17,645 [SKIP] len error : ['東S', '東証スタンダード']
2026-05-27 09:45:17,645 [SKIP] len error : ['東G', '東証グロース']
2026-05-27 09:45:17,645 [SKIP] len error : ['東Ｅ', '東証ETF']
2026-05-27 09:45:17,645 [SKIP] len error : ['東EN', '東証ETN']
2026-05-27 09:45:17,645 [SKIP] len error : ['東Ｒ', '東証REIT']
2026-05-27 09:45:17,645 [SKIP] len error : ['東IF', '東証インフラファンド']
2026-05-27 09:45:17,645 [SKIP] len error : ['名Ｐ', '名証プレミア']
2026-05-27 09:45:17,645 [SKIP] len error : ['名M', '名証メイン']
2026-05-27 09:45:17,645 [SKIP] len error : ['名N', '名証ネクスト']
2026-05-27 09:45:17,645 [SKIP] len error : ['名Ｅ', '名証ETF']
2026-05-27 09:45:17,645 [SKIP] len error : ['札Ａ', '札証アンビシャス']
2026-05-27 09:45:17,645 [SKIP] len error : ['福Ｑ', '福証Q-Board']
2026-05-27 09:45:17,645 [SKIP] len error : ['①', '高い', '1,000回以上', '13.9%']
2026-05-27 09:45:17,645 [SKIP] len error : ['②', 'やや高い', '400回〜1,000回', '18.5%']
2026-05-27 09:45:17,645 [SKIP] len error : ['③', '中位', '50回〜400回', '39.0%']
2026-05-27 09:45:17,645 [SKIP] len error : ['④', 'やや低い', '10回〜50回', '17.6%']
2026-05-27 09:45:17,645 [SKIP] len error : ['⑤', '低い', '10回未満', '11.0%']
2026-05-27 09:45:17,646 3360件 / ?件中 18:45
2026-05-27 09:45:17,680 [TOTAL] None
2026-05-27 09:45:17,680 [COUNT] 3360
2026-05-27 09:45:18,709 [PAGE] 169
2026-05-27 09:45:18,979 [SKIP] len error : ['東P', '東証プライム']
2026-05-27 09:45:18,979 [SKIP] len error : ['東S', '東証スタンダード']
2026-05-27 09:45:18,979 [SKIP] len error : ['東G', '東証グロース']
2026-05-27 09:45:18,979 [SKIP] len error : ['東Ｅ', '東証ETF']
2026-05-27 09:45:18,979 [SKIP] len error : ['東EN', '東証ETN']
2026-05-27 09:45:18,980 [SKIP] len error : ['東Ｒ', '東証REIT']
2026-05-27 09:45:18,980 [SKIP] len error : ['東IF', '東証インフラファンド']
2026-05-27 09:45:18,980 [SKIP] len error : ['名Ｐ', '名証プレミア']
2026-05-27 09:45:18,980 [SKIP] len error : ['名M', '名証メイン']
2026-05-27 09:45:18,980 [SKIP] len error : ['名N', '名証ネクスト']
2026-05-27 09:45:18,980 [SKIP] len error : ['名Ｅ', '名証ETF']
2026-05-27 09:45:18,980 [SKIP] len error : ['札Ａ', '札証アンビシャス']
2026-05-27 09:45:18,980 [SKIP] len error : ['福Ｑ', '福証Q-Board']
2026-05-27 09:45:18,980 [SKIP] len error : ['①', '高い', '1,000回以上', '13.9%']
2026-05-27 09:45:18,980 [SKIP] len error : ['②', 'やや高い', '400回〜1,000回', '18.5%']
2026-05-27 09:45:18,980 [SKIP] len error : ['③', '中位', '50回〜400回', '39.0%']
2026-05-27 09:45:18,980 [SKIP] len error : ['④', 'やや低い', '10回〜50回', '17.6%']
2026-05-27 09:45:18,980 [SKIP] len error : ['⑤', '低い', '10回未満', '11.0%']
2026-05-27 09:45:18,980 3380件 / ?件中 18:45
2026-05-27 09:45:19,015 [TOTAL] None
2026-05-27 09:45:19,015 [COUNT] 3380
2026-05-27 09:45:19,628 [PAGE] 170
2026-05-27 09:45:19,892 [SKIP] len error : ['東P', '東証プライム']
2026-05-27 09:45:19,892 [SKIP] len error : ['東S', '東証スタンダード']
2026-05-27 09:45:19,892 [SKIP] len error : ['東G', '東証グロース']
2026-05-27 09:45:19,893 [SKIP] len error : ['東Ｅ', '東証ETF']
2026-05-27 09:45:19,893 [SKIP] len error : ['東EN', '東証ETN']
2026-05-27 09:45:19,893 [SKIP] len error : ['東Ｒ', '東証REIT']
2026-05-27 09:45:19,893 [SKIP] len error : ['東IF', '東証インフラファンド']
2026-05-27 09:45:19,893 [SKIP] len error : ['名Ｐ', '名証プレミア']
2026-05-27 09:45:19,893 [SKIP] len error : ['名M', '名証メイン']
2026-05-27 09:45:19,893 [SKIP] len error : ['名N', '名証ネクスト']
2026-05-27 09:45:19,893 [SKIP] len error : ['名Ｅ', '名証ETF']
2026-05-27 09:45:19,893 [SKIP] len error : ['札Ａ', '札証アンビシャス']
2026-05-27 09:45:19,893 [SKIP] len error : ['福Ｑ', '福証Q-Board']
2026-05-27 09:45:19,893 [SKIP] len error : ['①', '高い', '1,000回以上', '13.9%']
2026-05-27 09:45:19,893 [SKIP] len error : ['②', 'やや高い', '400回〜1,000回', '18.5%']
2026-05-27 09:45:19,893 [SKIP] len error : ['③', '中位', '50回〜400回', '39.0%']
2026-05-27 09:45:19,893 [SKIP] len error : ['④', 'やや低い', '10回〜50回', '17.6%']
2026-05-27 09:45:19,893 [SKIP] len error : ['⑤', '低い', '10回未満', '11.0%']
2026-05-27 09:45:19,893 3400件 / ?件中 18:45
2026-05-27 09:45:19,927 [TOTAL] None
2026-05-27 09:45:19,927 [COUNT] 3400
2026-05-27 09:45:20,847 [PAGE] 171
2026-05-27 09:45:21,113 [SKIP] len error : ['東P', '東証プライム']
2026-05-27 09:45:21,113 [SKIP] len error : ['東S', '東証スタンダード']
2026-05-27 09:45:21,113 [SKIP] len error : ['東G', '東証グロース']
2026-05-27 09:45:21,113 [SKIP] len error : ['東Ｅ', '東証ETF']
2026-05-27 09:45:21,113 [SKIP] len error : ['東EN', '東証ETN']
2026-05-27 09:45:21,113 [SKIP] len error : ['東Ｒ', '東証REIT']
2026-05-27 09:45:21,113 [SKIP] len error : ['東IF', '東証インフラファンド']
2026-05-27 09:45:21,113 [SKIP] len error : ['名Ｐ', '名証プレミア']
2026-05-27 09:45:21,113 [SKIP] len error : ['名M', '名証メイン']
2026-05-27 09:45:21,113 [SKIP] len error : ['名N', '名証ネクスト']
2026-05-27 09:45:21,113 [SKIP] len error : ['名Ｅ', '名証ETF']
2026-05-27 09:45:21,113 [SKIP] len error : ['札Ａ', '札証アンビシャス']
2026-05-27 09:45:21,113 [SKIP] len error : ['福Ｑ', '福証Q-Board']
2026-05-27 09:45:21,114 [SKIP] len error : ['①', '高い', '1,000回以上', '13.9%']
2026-05-27 09:45:21,114 [SKIP] len error : ['②', 'やや高い', '400回〜1,000回', '18.5%']
2026-05-27 09:45:21,114 [SKIP] len error : ['③', '中位', '50回〜400回', '39.0%']
2026-05-27 09:45:21,114 [SKIP] len error : ['④', 'やや低い', '10回〜50回', '17.6%']
2026-05-27 09:45:21,114 [SKIP] len error : ['⑤', '低い', '10回未満', '11.0%']
2026-05-27 09:45:21,114 3420件 / ?件中 18:45
2026-05-27 09:45:21,148 [TOTAL] None
2026-05-27 09:45:21,149 [COUNT] 3420
2026-05-27 09:45:21,680 [PAGE] 172
2026-05-27 09:45:21,951 [SKIP] len error : ['東P', '東証プライム']
2026-05-27 09:45:21,951 [SKIP] len error : ['東S', '東証スタンダード']
2026-05-27 09:45:21,951 [SKIP] len error : ['東G', '東証グロース']
2026-05-27 09:45:21,951 [SKIP] len error : ['東Ｅ', '東証ETF']
2026-05-27 09:45:21,951 [SKIP] len error : ['東EN', '東証ETN']
2026-05-27 09:45:21,951 [SKIP] len error : ['東Ｒ', '東証REIT']
2026-05-27 09:45:21,951 [SKIP] len error : ['東IF', '東証インフラファンド']
2026-05-27 09:45:21,951 [SKIP] len error : ['名Ｐ', '名証プレミア']
2026-05-27 09:45:21,951 [SKIP] len error : ['名M', '名証メイン']
2026-05-27 09:45:21,951 [SKIP] len error : ['名N', '名証ネクスト']
2026-05-27 09:45:21,951 [SKIP] len error : ['名Ｅ', '名証ETF']
2026-05-27 09:45:21,951 [SKIP] len error : ['札Ａ', '札証アンビシャス']
2026-05-27 09:45:21,951 [SKIP] len error : ['福Ｑ', '福証Q-Board']
2026-05-27 09:45:21,951 [SKIP] len error : ['①', '高い', '1,000回以上', '13.9%']
2026-05-27 09:45:21,951 [SKIP] len error : ['②', 'やや高い', '400回〜1,000回', '18.5%']
2026-05-27 09:45:21,951 [SKIP] len error : ['③', '中位', '50回〜400回', '39.0%']
2026-05-27 09:45:21,951 [SKIP] len error : ['④', 'やや低い', '10回〜50回', '17.6%']
2026-05-27 09:45:21,951 [SKIP] len error : ['⑤', '低い', '10回未満', '11.0%']
2026-05-27 09:45:21,951 3440件 / ?件中 18:45
2026-05-27 09:45:22,040 [TOTAL] None
2026-05-27 09:45:22,040 [COUNT] 3440
2026-05-27 09:45:22,782 [PAGE] 173
2026-05-27 09:45:23,048 [SKIP] len error : ['東P', '東証プライム']
2026-05-27 09:45:23,048 [SKIP] len error : ['東S', '東証スタンダード']
2026-05-27 09:45:23,048 [SKIP] len error : ['東G', '東証グロース']
2026-05-27 09:45:23,048 [SKIP] len error : ['東Ｅ', '東証ETF']
2026-05-27 09:45:23,048 [SKIP] len error : ['東EN', '東証ETN']
2026-05-27 09:45:23,048 [SKIP] len error : ['東Ｒ', '東証REIT']
2026-05-27 09:45:23,048 [SKIP] len error : ['東IF', '東証インフラファンド']
2026-05-27 09:45:23,048 [SKIP] len error : ['名Ｐ', '名証プレミア']
2026-05-27 09:45:23,048 [SKIP] len error : ['名M', '名証メイン']
2026-05-27 09:45:23,048 [SKIP] len error : ['名N', '名証ネクスト']
2026-05-27 09:45:23,048 [SKIP] len error : ['名Ｅ', '名証ETF']
2026-05-27 09:45:23,048 [SKIP] len error : ['札Ａ', '札証アンビシャス']
2026-05-27 09:45:23,048 [SKIP] len error : ['福Ｑ', '福証Q-Board']
2026-05-27 09:45:23,048 [SKIP] len error : ['①', '高い', '1,000回以上', '13.9%']
2026-05-27 09:45:23,048 [SKIP] len error : ['②', 'やや高い', '400回〜1,000回', '18.5%']
2026-05-27 09:45:23,048 [SKIP] len error : ['③', '中位', '50回〜400回', '39.0%']
2026-05-27 09:45:23,048 [SKIP] len error : ['④', 'やや低い', '10回〜50回', '17.6%']
2026-05-27 09:45:23,048 [SKIP] len error : ['⑤', '低い', '10回未満', '11.0%']
2026-05-27 09:45:23,049 3460件 / ?件中 18:45
2026-05-27 09:45:23,083 [TOTAL] None
2026-05-27 09:45:23,084 [COUNT] 3460
2026-05-27 09:45:23,964 [PAGE] 174
2026-05-27 09:45:24,219 [SKIP] len error : ['東P', '東証プライム']
2026-05-27 09:45:24,219 [SKIP] len error : ['東S', '東証スタンダード']
2026-05-27 09:45:24,219 [SKIP] len error : ['東G', '東証グロース']
2026-05-27 09:45:24,219 [SKIP] len error : ['東Ｅ', '東証ETF']
2026-05-27 09:45:24,219 [SKIP] len error : ['東EN', '東証ETN']
2026-05-27 09:45:24,219 [SKIP] len error : ['東Ｒ', '東証REIT']
2026-05-27 09:45:24,219 [SKIP] len error : ['東IF', '東証インフラファンド']
2026-05-27 09:45:24,219 [SKIP] len error : ['名Ｐ', '名証プレミア']
2026-05-27 09:45:24,219 [SKIP] len error : ['名M', '名証メイン']
2026-05-27 09:45:24,219 [SKIP] len error : ['名N', '名証ネクスト']
2026-05-27 09:45:24,219 [SKIP] len error : ['名Ｅ', '名証ETF']
2026-05-27 09:45:24,219 [SKIP] len error : ['札Ａ', '札証アンビシャス']
2026-05-27 09:45:24,219 [SKIP] len error : ['福Ｑ', '福証Q-Board']
2026-05-27 09:45:24,219 [SKIP] len error : ['①', '高い', '1,000回以上', '13.9%']
2026-05-27 09:45:24,219 [SKIP] len error : ['②', 'やや高い', '400回〜1,000回', '18.5%']
2026-05-27 09:45:24,219 [SKIP] len error : ['③', '中位', '50回〜400回', '39.0%']
2026-05-27 09:45:24,219 [SKIP] len error : ['④', 'やや低い', '10回〜50回', '17.6%']
2026-05-27 09:45:24,219 [SKIP] len error : ['⑤', '低い', '10回未満', '11.0%']
2026-05-27 09:45:24,219 3480件 / ?件中 18:45
2026-05-27 09:45:24,254 [TOTAL] None
2026-05-27 09:45:24,254 [COUNT] 3480
2026-05-27 09:45:24,794 [PAGE] 175
2026-05-27 09:45:25,075 [SKIP] len error : ['東P', '東証プライム']
2026-05-27 09:45:25,075 [SKIP] len error : ['東S', '東証スタンダード']
2026-05-27 09:45:25,075 [SKIP] len error : ['東G', '東証グロース']
2026-05-27 09:45:25,075 [SKIP] len error : ['東Ｅ', '東証ETF']
2026-05-27 09:45:25,075 [SKIP] len error : ['東EN', '東証ETN']
2026-05-27 09:45:25,075 [SKIP] len error : ['東Ｒ', '東証REIT']
2026-05-27 09:45:25,075 [SKIP] len error : ['東IF', '東証インフラファンド']
2026-05-27 09:45:25,075 [SKIP] len error : ['名Ｐ', '名証プレミア']
2026-05-27 09:45:25,075 [SKIP] len error : ['名M', '名証メイン']
2026-05-27 09:45:25,075 [SKIP] len error : ['名N', '名証ネクスト']
2026-05-27 09:45:25,075 [SKIP] len error : ['名Ｅ', '名証ETF']
2026-05-27 09:45:25,075 [SKIP] len error : ['札Ａ', '札証アンビシャス']
2026-05-27 09:45:25,075 [SKIP] len error : ['福Ｑ', '福証Q-Board']
2026-05-27 09:45:25,076 [SKIP] len error : ['①', '高い', '1,000回以上', '13.9%']
2026-05-27 09:45:25,076 [SKIP] len error : ['②', 'やや高い', '400回〜1,000回', '18.5%']
2026-05-27 09:45:25,076 [SKIP] len error : ['③', '中位', '50回〜400回', '39.0%']
2026-05-27 09:45:25,076 [SKIP] len error : ['④', 'やや低い', '10回〜50回', '17.6%']
2026-05-27 09:45:25,076 [SKIP] len error : ['⑤', '低い', '10回未満', '11.0%']
2026-05-27 09:45:25,076 3500件 / ?件中 18:45
2026-05-27 09:45:25,114 [TOTAL] None
2026-05-27 09:45:25,114 [COUNT] 3500
2026-05-27 09:45:25,975 [PAGE] 176
2026-05-27 09:45:26,254 [SKIP] len error : ['東P', '東証プライム']
2026-05-27 09:45:26,254 [SKIP] len error : ['東S', '東証スタンダード']
2026-05-27 09:45:26,254 [SKIP] len error : ['東G', '東証グロース']
2026-05-27 09:45:26,254 [SKIP] len error : ['東Ｅ', '東証ETF']
2026-05-27 09:45:26,254 [SKIP] len error : ['東EN', '東証ETN']
2026-05-27 09:45:26,254 [SKIP] len error : ['東Ｒ', '東証REIT']
2026-05-27 09:45:26,254 [SKIP] len error : ['東IF', '東証インフラファンド']
2026-05-27 09:45:26,254 [SKIP] len error : ['名Ｐ', '名証プレミア']
2026-05-27 09:45:26,254 [SKIP] len error : ['名M', '名証メイン']
2026-05-27 09:45:26,254 [SKIP] len error : ['名N', '名証ネクスト']
2026-05-27 09:45:26,254 [SKIP] len error : ['名Ｅ', '名証ETF']
2026-05-27 09:45:26,254 [SKIP] len error : ['札Ａ', '札証アンビシャス']
2026-05-27 09:45:26,254 [SKIP] len error : ['福Ｑ', '福証Q-Board']
2026-05-27 09:45:26,254 [SKIP] len error : ['①', '高い', '1,000回以上', '13.9%']
2026-05-27 09:45:26,254 [SKIP] len error : ['②', 'やや高い', '400回〜1,000回', '18.5%']
2026-05-27 09:45:26,255 [SKIP] len error : ['③', '中位', '50回〜400回', '39.0%']
2026-05-27 09:45:26,255 [SKIP] len error : ['④', 'やや低い', '10回〜50回', '17.6%']
2026-05-27 09:45:26,255 [SKIP] len error : ['⑤', '低い', '10回未満', '11.0%']
2026-05-27 09:45:26,255 3520件 / ?件中 18:45
2026-05-27 09:45:26,289 [TOTAL] None
2026-05-27 09:45:26,289 [COUNT] 3520
2026-05-27 09:45:27,380 [PAGE] 177
2026-05-27 09:45:27,710 [SKIP] len error : ['東P', '東証プライム']
2026-05-27 09:45:27,710 [SKIP] len error : ['東S', '東証スタンダード']
2026-05-27 09:45:27,710 [SKIP] len error : ['東G', '東証グロース']
2026-05-27 09:45:27,710 [SKIP] len error : ['東Ｅ', '東証ETF']
2026-05-27 09:45:27,710 [SKIP] len error : ['東EN', '東証ETN']
2026-05-27 09:45:27,710 [SKIP] len error : ['東Ｒ', '東証REIT']
2026-05-27 09:45:27,710 [SKIP] len error : ['東IF', '東証インフラファンド']
2026-05-27 09:45:27,710 [SKIP] len error : ['名Ｐ', '名証プレミア']
2026-05-27 09:45:27,710 [SKIP] len error : ['名M', '名証メイン']
2026-05-27 09:45:27,710 [SKIP] len error : ['名N', '名証ネクスト']
2026-05-27 09:45:27,710 [SKIP] len error : ['名Ｅ', '名証ETF']
2026-05-27 09:45:27,710 [SKIP] len error : ['札Ａ', '札証アンビシャス']
2026-05-27 09:45:27,710 [SKIP] len error : ['福Ｑ', '福証Q-Board']
2026-05-27 09:45:27,710 [SKIP] len error : ['①', '高い', '1,000回以上', '13.9%']
2026-05-27 09:45:27,710 [SKIP] len error : ['②', 'やや高い', '400回〜1,000回', '18.5%']
2026-05-27 09:45:27,710 [SKIP] len error : ['③', '中位', '50回〜400回', '39.0%']
2026-05-27 09:45:27,710 [SKIP] len error : ['④', 'やや低い', '10回〜50回', '17.6%']
2026-05-27 09:45:27,710 [SKIP] len error : ['⑤', '低い', '10回未満', '11.0%']
2026-05-27 09:45:27,710 3540件 / ?件中 18:45
2026-05-27 09:45:27,745 [TOTAL] None
2026-05-27 09:45:27,745 [COUNT] 3540
2026-05-27 09:45:28,926 [PAGE] 178
2026-05-27 09:45:29,224 [SKIP] len error : ['東P', '東証プライム']
2026-05-27 09:45:29,224 [SKIP] len error : ['東S', '東証スタンダード']
2026-05-27 09:45:29,224 [SKIP] len error : ['東G', '東証グロース']
2026-05-27 09:45:29,224 [SKIP] len error : ['東Ｅ', '東証ETF']
2026-05-27 09:45:29,224 [SKIP] len error : ['東EN', '東証ETN']
2026-05-27 09:45:29,224 [SKIP] len error : ['東Ｒ', '東証REIT']
2026-05-27 09:45:29,224 [SKIP] len error : ['東IF', '東証インフラファンド']
2026-05-27 09:45:29,224 [SKIP] len error : ['名Ｐ', '名証プレミア']
2026-05-27 09:45:29,224 [SKIP] len error : ['名M', '名証メイン']
2026-05-27 09:45:29,224 [SKIP] len error : ['名N', '名証ネクスト']
2026-05-27 09:45:29,224 [SKIP] len error : ['名Ｅ', '名証ETF']
2026-05-27 09:45:29,224 [SKIP] len error : ['札Ａ', '札証アンビシャス']
2026-05-27 09:45:29,224 [SKIP] len error : ['福Ｑ', '福証Q-Board']
2026-05-27 09:45:29,224 [SKIP] len error : ['①', '高い', '1,000回以上', '13.9%']
2026-05-27 09:45:29,224 [SKIP] len error : ['②', 'やや高い', '400回〜1,000回', '18.5%']
2026-05-27 09:45:29,224 [SKIP] len error : ['③', '中位', '50回〜400回', '39.0%']
2026-05-27 09:45:29,224 [SKIP] len error : ['④', 'やや低い', '10回〜50回', '17.6%']
2026-05-27 09:45:29,224 [SKIP] len error : ['⑤', '低い', '10回未満', '11.0%']
2026-05-27 09:45:29,224 3560件 / ?件中 18:45
2026-05-27 09:45:29,259 [TOTAL] None
2026-05-27 09:45:29,259 [COUNT] 3560
2026-05-27 09:45:30,571 [PAGE] 179
2026-05-27 09:45:30,838 [SKIP] len error : ['東P', '東証プライム']
2026-05-27 09:45:30,838 [SKIP] len error : ['東S', '東証スタンダード']
2026-05-27 09:45:30,838 [SKIP] len error : ['東G', '東証グロース']
2026-05-27 09:45:30,838 [SKIP] len error : ['東Ｅ', '東証ETF']
2026-05-27 09:45:30,838 [SKIP] len error : ['東EN', '東証ETN']
2026-05-27 09:45:30,838 [SKIP] len error : ['東Ｒ', '東証REIT']
2026-05-27 09:45:30,839 [SKIP] len error : ['東IF', '東証インフラファンド']
2026-05-27 09:45:30,839 [SKIP] len error : ['名Ｐ', '名証プレミア']
2026-05-27 09:45:30,839 [SKIP] len error : ['名M', '名証メイン']
2026-05-27 09:45:30,839 [SKIP] len error : ['名N', '名証ネクスト']
2026-05-27 09:45:30,839 [SKIP] len error : ['名Ｅ', '名証ETF']
2026-05-27 09:45:30,839 [SKIP] len error : ['札Ａ', '札証アンビシャス']
2026-05-27 09:45:30,839 [SKIP] len error : ['福Ｑ', '福証Q-Board']
2026-05-27 09:45:30,839 [SKIP] len error : ['①', '高い', '1,000回以上', '13.9%']
2026-05-27 09:45:30,839 [SKIP] len error : ['②', 'やや高い', '400回〜1,000回', '18.5%']
2026-05-27 09:45:30,839 [SKIP] len error : ['③', '中位', '50回〜400回', '39.0%']
2026-05-27 09:45:30,839 [SKIP] len error : ['④', 'やや低い', '10回〜50回', '17.6%']
2026-05-27 09:45:30,839 [SKIP] len error : ['⑤', '低い', '10回未満', '11.0%']
2026-05-27 09:45:30,839 3580件 / ?件中 18:45
2026-05-27 09:45:30,874 [TOTAL] None
2026-05-27 09:45:30,874 [COUNT] 3580
2026-05-27 09:45:32,129 [PAGE] 180
2026-05-27 09:45:32,414 [SKIP] len error : ['東P', '東証プライム']
2026-05-27 09:45:32,414 [SKIP] len error : ['東S', '東証スタンダード']
2026-05-27 09:45:32,414 [SKIP] len error : ['東G', '東証グロース']
2026-05-27 09:45:32,414 [SKIP] len error : ['東Ｅ', '東証ETF']
2026-05-27 09:45:32,414 [SKIP] len error : ['東EN', '東証ETN']
2026-05-27 09:45:32,414 [SKIP] len error : ['東Ｒ', '東証REIT']
2026-05-27 09:45:32,414 [SKIP] len error : ['東IF', '東証インフラファンド']
2026-05-27 09:45:32,414 [SKIP] len error : ['名Ｐ', '名証プレミア']
2026-05-27 09:45:32,414 [SKIP] len error : ['名M', '名証メイン']
2026-05-27 09:45:32,414 [SKIP] len error : ['名N', '名証ネクスト']
2026-05-27 09:45:32,414 [SKIP] len error : ['名Ｅ', '名証ETF']
2026-05-27 09:45:32,414 [SKIP] len error : ['札Ａ', '札証アンビシャス']
2026-05-27 09:45:32,414 [SKIP] len error : ['福Ｑ', '福証Q-Board']
2026-05-27 09:45:32,414 [SKIP] len error : ['①', '高い', '1,000回以上', '13.9%']
2026-05-27 09:45:32,414 [SKIP] len error : ['②', 'やや高い', '400回〜1,000回', '18.5%']
2026-05-27 09:45:32,414 [SKIP] len error : ['③', '中位', '50回〜400回', '39.0%']
2026-05-27 09:45:32,414 [SKIP] len error : ['④', 'やや低い', '10回〜50回', '17.6%']
2026-05-27 09:45:32,414 [SKIP] len error : ['⑤', '低い', '10回未満', '11.0%']
2026-05-27 09:45:32,415 3600件 / ?件中 18:45
2026-05-27 09:45:32,450 [TOTAL] None
2026-05-27 09:45:32,450 [COUNT] 3600
2026-05-27 09:45:33,753 [PAGE] 181
2026-05-27 09:45:34,013 [SKIP] len error : ['東P', '東証プライム']
2026-05-27 09:45:34,013 [SKIP] len error : ['東S', '東証スタンダード']
2026-05-27 09:45:34,013 [SKIP] len error : ['東G', '東証グロース']
2026-05-27 09:45:34,013 [SKIP] len error : ['東Ｅ', '東証ETF']
2026-05-27 09:45:34,013 [SKIP] len error : ['東EN', '東証ETN']
2026-05-27 09:45:34,013 [SKIP] len error : ['東Ｒ', '東証REIT']
2026-05-27 09:45:34,013 [SKIP] len error : ['東IF', '東証インフラファンド']
2026-05-27 09:45:34,013 [SKIP] len error : ['名Ｐ', '名証プレミア']
2026-05-27 09:45:34,013 [SKIP] len error : ['名M', '名証メイン']
2026-05-27 09:45:34,013 [SKIP] len error : ['名N', '名証ネクスト']
2026-05-27 09:45:34,013 [SKIP] len error : ['名Ｅ', '名証ETF']
2026-05-27 09:45:34,013 [SKIP] len error : ['札Ａ', '札証アンビシャス']
2026-05-27 09:45:34,013 [SKIP] len error : ['福Ｑ', '福証Q-Board']
2026-05-27 09:45:34,013 [SKIP] len error : ['①', '高い', '1,000回以上', '13.9%']
2026-05-27 09:45:34,013 [SKIP] len error : ['②', 'やや高い', '400回〜1,000回', '18.5%']
2026-05-27 09:45:34,013 [SKIP] len error : ['③', '中位', '50回〜400回', '39.0%']
2026-05-27 09:45:34,013 [SKIP] len error : ['④', 'やや低い', '10回〜50回', '17.6%']
2026-05-27 09:45:34,013 [SKIP] len error : ['⑤', '低い', '10回未満', '11.0%']
2026-05-27 09:45:34,014 3620件 / ?件中 18:45
2026-05-27 09:45:34,047 [TOTAL] None
2026-05-27 09:45:34,047 [COUNT] 3620
2026-05-27 09:45:34,917 [PAGE] 182
2026-05-27 09:45:35,261 [SKIP] len error : ['東P', '東証プライム']
2026-05-27 09:45:35,261 [SKIP] len error : ['東S', '東証スタンダード']
2026-05-27 09:45:35,261 [SKIP] len error : ['東G', '東証グロース']
2026-05-27 09:45:35,261 [SKIP] len error : ['東Ｅ', '東証ETF']
2026-05-27 09:45:35,261 [SKIP] len error : ['東EN', '東証ETN']
2026-05-27 09:45:35,261 [SKIP] len error : ['東Ｒ', '東証REIT']
2026-05-27 09:45:35,261 [SKIP] len error : ['東IF', '東証インフラファンド']
2026-05-27 09:45:35,261 [SKIP] len error : ['名Ｐ', '名証プレミア']
2026-05-27 09:45:35,261 [SKIP] len error : ['名M', '名証メイン']
2026-05-27 09:45:35,261 [SKIP] len error : ['名N', '名証ネクスト']
2026-05-27 09:45:35,261 [SKIP] len error : ['名Ｅ', '名証ETF']
2026-05-27 09:45:35,261 [SKIP] len error : ['札Ａ', '札証アンビシャス']
2026-05-27 09:45:35,261 [SKIP] len error : ['福Ｑ', '福証Q-Board']
2026-05-27 09:45:35,261 [SKIP] len error : ['①', '高い', '1,000回以上', '13.9%']
2026-05-27 09:45:35,261 [SKIP] len error : ['②', 'やや高い', '400回〜1,000回', '18.5%']
2026-05-27 09:45:35,261 [SKIP] len error : ['③', '中位', '50回〜400回', '39.0%']
2026-05-27 09:45:35,261 [SKIP] len error : ['④', 'やや低い', '10回〜50回', '17.6%']
2026-05-27 09:45:35,261 [SKIP] len error : ['⑤', '低い', '10回未満', '11.0%']
2026-05-27 09:45:35,262 3640件 / ?件中 18:45
2026-05-27 09:45:35,296 [TOTAL] None
2026-05-27 09:45:35,297 [COUNT] 3640
2026-05-27 09:45:36,351 [PAGE] 183
2026-05-27 09:45:36,610 [SKIP] len error : ['東P', '東証プライム']
2026-05-27 09:45:36,610 [SKIP] len error : ['東S', '東証スタンダード']
2026-05-27 09:45:36,610 [SKIP] len error : ['東G', '東証グロース']
2026-05-27 09:45:36,610 [SKIP] len error : ['東Ｅ', '東証ETF']
2026-05-27 09:45:36,610 [SKIP] len error : ['東EN', '東証ETN']
2026-05-27 09:45:36,610 [SKIP] len error : ['東Ｒ', '東証REIT']
2026-05-27 09:45:36,610 [SKIP] len error : ['東IF', '東証インフラファンド']
2026-05-27 09:45:36,610 [SKIP] len error : ['名Ｐ', '名証プレミア']
2026-05-27 09:45:36,610 [SKIP] len error : ['名M', '名証メイン']
2026-05-27 09:45:36,610 [SKIP] len error : ['名N', '名証ネクスト']
2026-05-27 09:45:36,611 [SKIP] len error : ['名Ｅ', '名証ETF']
2026-05-27 09:45:36,611 [SKIP] len error : ['札Ａ', '札証アンビシャス']
2026-05-27 09:45:36,611 [SKIP] len error : ['福Ｑ', '福証Q-Board']
2026-05-27 09:45:36,611 [SKIP] len error : ['①', '高い', '1,000回以上', '13.9%']
2026-05-27 09:45:36,611 [SKIP] len error : ['②', 'やや高い', '400回〜1,000回', '18.5%']
2026-05-27 09:45:36,611 [SKIP] len error : ['③', '中位', '50回〜400回', '39.0%']
2026-05-27 09:45:36,611 [SKIP] len error : ['④', 'やや低い', '10回〜50回', '17.6%']
2026-05-27 09:45:36,611 [SKIP] len error : ['⑤', '低い', '10回未満', '11.0%']
2026-05-27 09:45:36,611 3660件 / ?件中 18:45
2026-05-27 09:45:36,647 [TOTAL] None
2026-05-27 09:45:36,647 [COUNT] 3660
2026-05-27 09:45:37,978 [PAGE] 184
2026-05-27 09:45:38,256 [SKIP] len error : ['東P', '東証プライム']
2026-05-27 09:45:38,256 [SKIP] len error : ['東S', '東証スタンダード']
2026-05-27 09:45:38,256 [SKIP] len error : ['東G', '東証グロース']
2026-05-27 09:45:38,256 [SKIP] len error : ['東Ｅ', '東証ETF']
2026-05-27 09:45:38,256 [SKIP] len error : ['東EN', '東証ETN']
2026-05-27 09:45:38,256 [SKIP] len error : ['東Ｒ', '東証REIT']
2026-05-27 09:45:38,256 [SKIP] len error : ['東IF', '東証インフラファンド']
2026-05-27 09:45:38,256 [SKIP] len error : ['名Ｐ', '名証プレミア']
2026-05-27 09:45:38,256 [SKIP] len error : ['名M', '名証メイン']
2026-05-27 09:45:38,256 [SKIP] len error : ['名N', '名証ネクスト']
2026-05-27 09:45:38,256 [SKIP] len error : ['名Ｅ', '名証ETF']
2026-05-27 09:45:38,256 [SKIP] len error : ['札Ａ', '札証アンビシャス']
2026-05-27 09:45:38,256 [SKIP] len error : ['福Ｑ', '福証Q-Board']
2026-05-27 09:45:38,256 [SKIP] len error : ['①', '高い', '1,000回以上', '13.9%']
2026-05-27 09:45:38,256 [SKIP] len error : ['②', 'やや高い', '400回〜1,000回', '18.5%']
2026-05-27 09:45:38,256 [SKIP] len error : ['③', '中位', '50回〜400回', '39.0%']
2026-05-27 09:45:38,256 [SKIP] len error : ['④', 'やや低い', '10回〜50回', '17.6%']
2026-05-27 09:45:38,256 [SKIP] len error : ['⑤', '低い', '10回未満', '11.0%']
2026-05-27 09:45:38,256 3680件 / ?件中 18:45
2026-05-27 09:45:38,291 [TOTAL] None
2026-05-27 09:45:38,291 [COUNT] 3680
2026-05-27 09:45:38,840 [PAGE] 185
2026-05-27 09:45:39,122 [SKIP] len error : ['東P', '東証プライム']
2026-05-27 09:45:39,122 [SKIP] len error : ['東S', '東証スタンダード']
2026-05-27 09:45:39,122 [SKIP] len error : ['東G', '東証グロース']
2026-05-27 09:45:39,122 [SKIP] len error : ['東Ｅ', '東証ETF']
2026-05-27 09:45:39,122 [SKIP] len error : ['東EN', '東証ETN']
2026-05-27 09:45:39,122 [SKIP] len error : ['東Ｒ', '東証REIT']
2026-05-27 09:45:39,122 [SKIP] len error : ['東IF', '東証インフラファンド']
2026-05-27 09:45:39,122 [SKIP] len error : ['名Ｐ', '名証プレミア']
2026-05-27 09:45:39,122 [SKIP] len error : ['名M', '名証メイン']
2026-05-27 09:45:39,122 [SKIP] len error : ['名N', '名証ネクスト']
2026-05-27 09:45:39,123 [SKIP] len error : ['名Ｅ', '名証ETF']
2026-05-27 09:45:39,123 [SKIP] len error : ['札Ａ', '札証アンビシャス']
2026-05-27 09:45:39,123 [SKIP] len error : ['福Ｑ', '福証Q-Board']
2026-05-27 09:45:39,123 [SKIP] len error : ['①', '高い', '1,000回以上', '13.9%']
2026-05-27 09:45:39,123 [SKIP] len error : ['②', 'やや高い', '400回〜1,000回', '18.5%']
2026-05-27 09:45:39,123 [SKIP] len error : ['③', '中位', '50回〜400回', '39.0%']
2026-05-27 09:45:39,123 [SKIP] len error : ['④', 'やや低い', '10回〜50回', '17.6%']
2026-05-27 09:45:39,123 [SKIP] len error : ['⑤', '低い', '10回未満', '11.0%']
2026-05-27 09:45:39,123 3700件 / ?件中 18:45
2026-05-27 09:45:39,158 [TOTAL] None
2026-05-27 09:45:39,158 [COUNT] 3700
2026-05-27 09:45:39,948 [PAGE] 186
2026-05-27 09:45:40,221 [SKIP] len error : ['東P', '東証プライム']
2026-05-27 09:45:40,221 [SKIP] len error : ['東S', '東証スタンダード']
2026-05-27 09:45:40,221 [SKIP] len error : ['東G', '東証グロース']
2026-05-27 09:45:40,221 [SKIP] len error : ['東Ｅ', '東証ETF']
2026-05-27 09:45:40,221 [SKIP] len error : ['東EN', '東証ETN']
2026-05-27 09:45:40,221 [SKIP] len error : ['東Ｒ', '東証REIT']
2026-05-27 09:45:40,221 [SKIP] len error : ['東IF', '東証インフラファンド']
2026-05-27 09:45:40,221 [SKIP] len error : ['名Ｐ', '名証プレミア']
2026-05-27 09:45:40,221 [SKIP] len error : ['名M', '名証メイン']
2026-05-27 09:45:40,221 [SKIP] len error : ['名N', '名証ネクスト']
2026-05-27 09:45:40,221 [SKIP] len error : ['名Ｅ', '名証ETF']
2026-05-27 09:45:40,221 [SKIP] len error : ['札Ａ', '札証アンビシャス']
2026-05-27 09:45:40,221 [SKIP] len error : ['福Ｑ', '福証Q-Board']
2026-05-27 09:45:40,221 [SKIP] len error : ['①', '高い', '1,000回以上', '13.9%']
2026-05-27 09:45:40,221 [SKIP] len error : ['②', 'やや高い', '400回〜1,000回', '18.5%']
2026-05-27 09:45:40,221 [SKIP] len error : ['③', '中位', '50回〜400回', '39.0%']
2026-05-27 09:45:40,221 [SKIP] len error : ['④', 'やや低い', '10回〜50回', '17.6%']
2026-05-27 09:45:40,222 [SKIP] len error : ['⑤', '低い', '10回未満', '11.0%']
2026-05-27 09:45:40,222 3720件 / ?件中 18:45
2026-05-27 09:45:40,312 [TOTAL] None
2026-05-27 09:45:40,312 [COUNT] 3720
2026-05-27 09:45:41,186 [PAGE] 187
2026-05-27 09:45:41,459 [SKIP] len error : ['東P', '東証プライム']
2026-05-27 09:45:41,459 [SKIP] len error : ['東S', '東証スタンダード']
2026-05-27 09:45:41,459 [SKIP] len error : ['東G', '東証グロース']
2026-05-27 09:45:41,459 [SKIP] len error : ['東Ｅ', '東証ETF']
2026-05-27 09:45:41,459 [SKIP] len error : ['東EN', '東証ETN']
2026-05-27 09:45:41,459 [SKIP] len error : ['東Ｒ', '東証REIT']
2026-05-27 09:45:41,459 [SKIP] len error : ['東IF', '東証インフラファンド']
2026-05-27 09:45:41,459 [SKIP] len error : ['名Ｐ', '名証プレミア']
2026-05-27 09:45:41,459 [SKIP] len error : ['名M', '名証メイン']
2026-05-27 09:45:41,459 [SKIP] len error : ['名N', '名証ネクスト']
2026-05-27 09:45:41,459 [SKIP] len error : ['名Ｅ', '名証ETF']
2026-05-27 09:45:41,459 [SKIP] len error : ['札Ａ', '札証アンビシャス']
2026-05-27 09:45:41,459 [SKIP] len error : ['福Ｑ', '福証Q-Board']
2026-05-27 09:45:41,459 [SKIP] len error : ['①', '高い', '1,000回以上', '13.9%']
2026-05-27 09:45:41,459 [SKIP] len error : ['②', 'やや高い', '400回〜1,000回', '18.5%']
2026-05-27 09:45:41,459 [SKIP] len error : ['③', '中位', '50回〜400回', '39.0%']
2026-05-27 09:45:41,459 [SKIP] len error : ['④', 'やや低い', '10回〜50回', '17.6%']
2026-05-27 09:45:41,459 [SKIP] len error : ['⑤', '低い', '10回未満', '11.0%']
2026-05-27 09:45:41,460 3740件 / ?件中 18:45
2026-05-27 09:45:41,494 [TOTAL] None
2026-05-27 09:45:41,494 [COUNT] 3740
2026-05-27 09:45:42,984 [PAGE] 188
2026-05-27 09:45:43,242 [SKIP] len error : ['東P', '東証プライム']
2026-05-27 09:45:43,242 [SKIP] len error : ['東S', '東証スタンダード']
2026-05-27 09:45:43,242 [SKIP] len error : ['東G', '東証グロース']
2026-05-27 09:45:43,242 [SKIP] len error : ['東Ｅ', '東証ETF']
2026-05-27 09:45:43,242 [SKIP] len error : ['東EN', '東証ETN']
2026-05-27 09:45:43,242 [SKIP] len error : ['東Ｒ', '東証REIT']
2026-05-27 09:45:43,242 [SKIP] len error : ['東IF', '東証インフラファンド']
2026-05-27 09:45:43,242 [SKIP] len error : ['名Ｐ', '名証プレミア']
2026-05-27 09:45:43,242 [SKIP] len error : ['名M', '名証メイン']
2026-05-27 09:45:43,242 [SKIP] len error : ['名N', '名証ネクスト']
2026-05-27 09:45:43,242 [SKIP] len error : ['名Ｅ', '名証ETF']
2026-05-27 09:45:43,242 [SKIP] len error : ['札Ａ', '札証アンビシャス']
2026-05-27 09:45:43,242 [SKIP] len error : ['福Ｑ', '福証Q-Board']
2026-05-27 09:45:43,242 [SKIP] len error : ['①', '高い', '1,000回以上', '13.9%']
2026-05-27 09:45:43,242 [SKIP] len error : ['②', 'やや高い', '400回〜1,000回', '18.5%']
2026-05-27 09:45:43,242 [SKIP] len error : ['③', '中位', '50回〜400回', '39.0%']
2026-05-27 09:45:43,242 [SKIP] len error : ['④', 'やや低い', '10回〜50回', '17.6%']
2026-05-27 09:45:43,242 [SKIP] len error : ['⑤', '低い', '10回未満', '11.0%']
2026-05-27 09:45:43,243 3760件 / ?件中 18:45
2026-05-27 09:45:43,277 [TOTAL] None
2026-05-27 09:45:43,277 [COUNT] 3760
2026-05-27 09:45:44,121 [PAGE] 189
2026-05-27 09:45:44,392 [SKIP] len error : ['東P', '東証プライム']
2026-05-27 09:45:44,392 [SKIP] len error : ['東S', '東証スタンダード']
2026-05-27 09:45:44,392 [SKIP] len error : ['東G', '東証グロース']
2026-05-27 09:45:44,392 [SKIP] len error : ['東Ｅ', '東証ETF']
2026-05-27 09:45:44,392 [SKIP] len error : ['東EN', '東証ETN']
2026-05-27 09:45:44,392 [SKIP] len error : ['東Ｒ', '東証REIT']
2026-05-27 09:45:44,392 [SKIP] len error : ['東IF', '東証インフラファンド']
2026-05-27 09:45:44,392 [SKIP] len error : ['名Ｐ', '名証プレミア']
2026-05-27 09:45:44,392 [SKIP] len error : ['名M', '名証メイン']
2026-05-27 09:45:44,392 [SKIP] len error : ['名N', '名証ネクスト']
2026-05-27 09:45:44,392 [SKIP] len error : ['名Ｅ', '名証ETF']
2026-05-27 09:45:44,392 [SKIP] len error : ['札Ａ', '札証アンビシャス']
2026-05-27 09:45:44,392 [SKIP] len error : ['福Ｑ', '福証Q-Board']
2026-05-27 09:45:44,392 [SKIP] len error : ['①', '高い', '1,000回以上', '13.9%']
2026-05-27 09:45:44,392 [SKIP] len error : ['②', 'やや高い', '400回〜1,000回', '18.5%']
2026-05-27 09:45:44,392 [SKIP] len error : ['③', '中位', '50回〜400回', '39.0%']
2026-05-27 09:45:44,392 [SKIP] len error : ['④', 'やや低い', '10回〜50回', '17.6%']
2026-05-27 09:45:44,392 [SKIP] len error : ['⑤', '低い', '10回未満', '11.0%']
2026-05-27 09:45:44,393 3780件 / ?件中 18:45
2026-05-27 09:45:44,428 [TOTAL] None
2026-05-27 09:45:44,428 [COUNT] 3780
2026-05-27 09:45:44,981 [PAGE] 190
2026-05-27 09:45:45,252 [SKIP] len error : ['東P', '東証プライム']
2026-05-27 09:45:45,253 [SKIP] len error : ['東S', '東証スタンダード']
2026-05-27 09:45:45,253 [SKIP] len error : ['東G', '東証グロース']
2026-05-27 09:45:45,253 [SKIP] len error : ['東Ｅ', '東証ETF']
2026-05-27 09:45:45,253 [SKIP] len error : ['東EN', '東証ETN']
2026-05-27 09:45:45,253 [SKIP] len error : ['東Ｒ', '東証REIT']
2026-05-27 09:45:45,253 [SKIP] len error : ['東IF', '東証インフラファンド']
2026-05-27 09:45:45,253 [SKIP] len error : ['名Ｐ', '名証プレミア']
2026-05-27 09:45:45,253 [SKIP] len error : ['名M', '名証メイン']
2026-05-27 09:45:45,253 [SKIP] len error : ['名N', '名証ネクスト']
2026-05-27 09:45:45,253 [SKIP] len error : ['名Ｅ', '名証ETF']
2026-05-27 09:45:45,253 [SKIP] len error : ['札Ａ', '札証アンビシャス']
2026-05-27 09:45:45,253 [SKIP] len error : ['福Ｑ', '福証Q-Board']
2026-05-27 09:45:45,253 [SKIP] len error : ['①', '高い', '1,000回以上', '13.9%']
2026-05-27 09:45:45,253 [SKIP] len error : ['②', 'やや高い', '400回〜1,000回', '18.5%']
2026-05-27 09:45:45,253 [SKIP] len error : ['③', '中位', '50回〜400回', '39.0%']
2026-05-27 09:45:45,253 [SKIP] len error : ['④', 'やや低い', '10回〜50回', '17.6%']
2026-05-27 09:45:45,253 [SKIP] len error : ['⑤', '低い', '10回未満', '11.0%']
2026-05-27 09:45:45,253 3800件 / ?件中 18:45
2026-05-27 09:45:45,287 [TOTAL] None
2026-05-27 09:45:45,287 [COUNT] 3800
2026-05-27 09:45:46,691 [PAGE] 191
2026-05-27 09:45:46,959 [SKIP] len error : ['東P', '東証プライム']
2026-05-27 09:45:46,959 [SKIP] len error : ['東S', '東証スタンダード']
2026-05-27 09:45:46,959 [SKIP] len error : ['東G', '東証グロース']
2026-05-27 09:45:46,959 [SKIP] len error : ['東Ｅ', '東証ETF']
2026-05-27 09:45:46,959 [SKIP] len error : ['東EN', '東証ETN']
2026-05-27 09:45:46,959 [SKIP] len error : ['東Ｒ', '東証REIT']
2026-05-27 09:45:46,959 [SKIP] len error : ['東IF', '東証インフラファンド']
2026-05-27 09:45:46,960 [SKIP] len error : ['名Ｐ', '名証プレミア']
2026-05-27 09:45:46,960 [SKIP] len error : ['名M', '名証メイン']
2026-05-27 09:45:46,960 [SKIP] len error : ['名N', '名証ネクスト']
2026-05-27 09:45:46,960 [SKIP] len error : ['名Ｅ', '名証ETF']
2026-05-27 09:45:46,960 [SKIP] len error : ['札Ａ', '札証アンビシャス']
2026-05-27 09:45:46,960 [SKIP] len error : ['福Ｑ', '福証Q-Board']
2026-05-27 09:45:46,960 [SKIP] len error : ['①', '高い', '1,000回以上', '13.9%']
2026-05-27 09:45:46,960 [SKIP] len error : ['②', 'やや高い', '400回〜1,000回', '18.5%']
2026-05-27 09:45:46,960 [SKIP] len error : ['③', '中位', '50回〜400回', '39.0%']
2026-05-27 09:45:46,960 [SKIP] len error : ['④', 'やや低い', '10回〜50回', '17.6%']
2026-05-27 09:45:46,960 [SKIP] len error : ['⑤', '低い', '10回未満', '11.0%']
2026-05-27 09:45:46,960 3820件 / ?件中 18:45
2026-05-27 09:45:47,068 [TOTAL] None
2026-05-27 09:45:47,069 [COUNT] 3820
2026-05-27 09:45:47,783 [PAGE] 192
2026-05-27 09:45:48,036 [SKIP] len error : ['東P', '東証プライム']
2026-05-27 09:45:48,036 [SKIP] len error : ['東S', '東証スタンダード']
2026-05-27 09:45:48,036 [SKIP] len error : ['東G', '東証グロース']
2026-05-27 09:45:48,036 [SKIP] len error : ['東Ｅ', '東証ETF']
2026-05-27 09:45:48,036 [SKIP] len error : ['東EN', '東証ETN']
2026-05-27 09:45:48,036 [SKIP] len error : ['東Ｒ', '東証REIT']
2026-05-27 09:45:48,036 [SKIP] len error : ['東IF', '東証インフラファンド']
2026-05-27 09:45:48,036 [SKIP] len error : ['名Ｐ', '名証プレミア']
2026-05-27 09:45:48,036 [SKIP] len error : ['名M', '名証メイン']
2026-05-27 09:45:48,036 [SKIP] len error : ['名N', '名証ネクスト']
2026-05-27 09:45:48,036 [SKIP] len error : ['名Ｅ', '名証ETF']
2026-05-27 09:45:48,037 [SKIP] len error : ['札Ａ', '札証アンビシャス']
2026-05-27 09:45:48,037 [SKIP] len error : ['福Ｑ', '福証Q-Board']
2026-05-27 09:45:48,037 [SKIP] len error : ['①', '高い', '1,000回以上', '13.9%']
2026-05-27 09:45:48,037 [SKIP] len error : ['②', 'やや高い', '400回〜1,000回', '18.5%']
2026-05-27 09:45:48,037 [SKIP] len error : ['③', '中位', '50回〜400回', '39.0%']
2026-05-27 09:45:48,037 [SKIP] len error : ['④', 'やや低い', '10回〜50回', '17.6%']
2026-05-27 09:45:48,037 [SKIP] len error : ['⑤', '低い', '10回未満', '11.0%']
2026-05-27 09:45:48,037 3840件 / ?件中 18:45
2026-05-27 09:45:48,072 [TOTAL] None
2026-05-27 09:45:48,072 [COUNT] 3840
2026-05-27 09:45:48,590 [PAGE] 193
2026-05-27 09:45:48,861 [SKIP] len error : ['東P', '東証プライム']
2026-05-27 09:45:48,862 [SKIP] len error : ['東S', '東証スタンダード']
2026-05-27 09:45:48,862 [SKIP] len error : ['東G', '東証グロース']
2026-05-27 09:45:48,862 [SKIP] len error : ['東Ｅ', '東証ETF']
2026-05-27 09:45:48,862 [SKIP] len error : ['東EN', '東証ETN']
2026-05-27 09:45:48,862 [SKIP] len error : ['東Ｒ', '東証REIT']
2026-05-27 09:45:48,862 [SKIP] len error : ['東IF', '東証インフラファンド']
2026-05-27 09:45:48,862 [SKIP] len error : ['名Ｐ', '名証プレミア']
2026-05-27 09:45:48,862 [SKIP] len error : ['名M', '名証メイン']
2026-05-27 09:45:48,862 [SKIP] len error : ['名N', '名証ネクスト']
2026-05-27 09:45:48,862 [SKIP] len error : ['名Ｅ', '名証ETF']
2026-05-27 09:45:48,862 [SKIP] len error : ['札Ａ', '札証アンビシャス']
2026-05-27 09:45:48,862 [SKIP] len error : ['福Ｑ', '福証Q-Board']
2026-05-27 09:45:48,862 [SKIP] len error : ['①', '高い', '1,000回以上', '13.9%']
2026-05-27 09:45:48,862 [SKIP] len error : ['②', 'やや高い', '400回〜1,000回', '18.5%']
2026-05-27 09:45:48,862 [SKIP] len error : ['③', '中位', '50回〜400回', '39.0%']
2026-05-27 09:45:48,862 [SKIP] len error : ['④', 'やや低い', '10回〜50回', '17.6%']
2026-05-27 09:45:48,862 [SKIP] len error : ['⑤', '低い', '10回未満', '11.0%']
2026-05-27 09:45:48,862 3860件 / ?件中 18:45
2026-05-27 09:45:48,897 [TOTAL] None
2026-05-27 09:45:48,897 [COUNT] 3860
2026-05-27 09:45:49,700 [PAGE] 194
2026-05-27 09:45:49,958 [SKIP] len error : ['東P', '東証プライム']
2026-05-27 09:45:49,958 [SKIP] len error : ['東S', '東証スタンダード']
2026-05-27 09:45:49,958 [SKIP] len error : ['東G', '東証グロース']
2026-05-27 09:45:49,958 [SKIP] len error : ['東Ｅ', '東証ETF']
2026-05-27 09:45:49,958 [SKIP] len error : ['東EN', '東証ETN']
2026-05-27 09:45:49,958 [SKIP] len error : ['東Ｒ', '東証REIT']
2026-05-27 09:45:49,958 [SKIP] len error : ['東IF', '東証インフラファンド']
2026-05-27 09:45:49,958 [SKIP] len error : ['名Ｐ', '名証プレミア']
2026-05-27 09:45:49,958 [SKIP] len error : ['名M', '名証メイン']
2026-05-27 09:45:49,958 [SKIP] len error : ['名N', '名証ネクスト']
2026-05-27 09:45:49,958 [SKIP] len error : ['名Ｅ', '名証ETF']
2026-05-27 09:45:49,958 [SKIP] len error : ['札Ａ', '札証アンビシャス']
2026-05-27 09:45:49,958 [SKIP] len error : ['福Ｑ', '福証Q-Board']
2026-05-27 09:45:49,958 [SKIP] len error : ['①', '高い', '1,000回以上', '13.9%']
2026-05-27 09:45:49,958 [SKIP] len error : ['②', 'やや高い', '400回〜1,000回', '18.5%']
2026-05-27 09:45:49,958 [SKIP] len error : ['③', '中位', '50回〜400回', '39.0%']
2026-05-27 09:45:49,958 [SKIP] len error : ['④', 'やや低い', '10回〜50回', '17.6%']
2026-05-27 09:45:49,958 [SKIP] len error : ['⑤', '低い', '10回未満', '11.0%']
2026-05-27 09:45:49,958 3880件 / ?件中 18:45
2026-05-27 09:45:49,993 [TOTAL] None
2026-05-27 09:45:49,993 [COUNT] 3880
2026-05-27 09:45:50,677 [PAGE] 195
2026-05-27 09:45:50,932 [SKIP] len error : ['東P', '東証プライム']
2026-05-27 09:45:50,932 [SKIP] len error : ['東S', '東証スタンダード']
2026-05-27 09:45:50,932 [SKIP] len error : ['東G', '東証グロース']
2026-05-27 09:45:50,932 [SKIP] len error : ['東Ｅ', '東証ETF']
2026-05-27 09:45:50,932 [SKIP] len error : ['東EN', '東証ETN']
2026-05-27 09:45:50,932 [SKIP] len error : ['東Ｒ', '東証REIT']
2026-05-27 09:45:50,932 [SKIP] len error : ['東IF', '東証インフラファンド']
2026-05-27 09:45:50,932 [SKIP] len error : ['名Ｐ', '名証プレミア']
2026-05-27 09:45:50,932 [SKIP] len error : ['名M', '名証メイン']
2026-05-27 09:45:50,932 [SKIP] len error : ['名N', '名証ネクスト']
2026-05-27 09:45:50,932 [SKIP] len error : ['名Ｅ', '名証ETF']
2026-05-27 09:45:50,932 [SKIP] len error : ['札Ａ', '札証アンビシャス']
2026-05-27 09:45:50,932 [SKIP] len error : ['福Ｑ', '福証Q-Board']
2026-05-27 09:45:50,932 [SKIP] len error : ['①', '高い', '1,000回以上', '13.9%']
2026-05-27 09:45:50,932 [SKIP] len error : ['②', 'やや高い', '400回〜1,000回', '18.5%']
2026-05-27 09:45:50,932 [SKIP] len error : ['③', '中位', '50回〜400回', '39.0%']
2026-05-27 09:45:50,932 [SKIP] len error : ['④', 'やや低い', '10回〜50回', '17.6%']
2026-05-27 09:45:50,932 [SKIP] len error : ['⑤', '低い', '10回未満', '11.0%']
2026-05-27 09:45:50,932 3900件 / ?件中 18:45
2026-05-27 09:45:50,967 [TOTAL] None
2026-05-27 09:45:50,967 [COUNT] 3900
2026-05-27 09:45:52,180 [PAGE] 196
2026-05-27 09:45:52,536 [SKIP] len error : ['東P', '東証プライム']
2026-05-27 09:45:52,536 [SKIP] len error : ['東S', '東証スタンダード']
2026-05-27 09:45:52,536 [SKIP] len error : ['東G', '東証グロース']
2026-05-27 09:45:52,536 [SKIP] len error : ['東Ｅ', '東証ETF']
2026-05-27 09:45:52,536 [SKIP] len error : ['東EN', '東証ETN']
2026-05-27 09:45:52,536 [SKIP] len error : ['東Ｒ', '東証REIT']
2026-05-27 09:45:52,536 [SKIP] len error : ['東IF', '東証インフラファンド']
2026-05-27 09:45:52,536 [SKIP] len error : ['名Ｐ', '名証プレミア']
2026-05-27 09:45:52,536 [SKIP] len error : ['名M', '名証メイン']
2026-05-27 09:45:52,536 [SKIP] len error : ['名N', '名証ネクスト']
2026-05-27 09:45:52,536 [SKIP] len error : ['名Ｅ', '名証ETF']
2026-05-27 09:45:52,536 [SKIP] len error : ['札Ａ', '札証アンビシャス']
2026-05-27 09:45:52,536 [SKIP] len error : ['福Ｑ', '福証Q-Board']
2026-05-27 09:45:52,536 [SKIP] len error : ['①', '高い', '1,000回以上', '13.9%']
2026-05-27 09:45:52,536 [SKIP] len error : ['②', 'やや高い', '400回〜1,000回', '18.5%']
2026-05-27 09:45:52,537 [SKIP] len error : ['③', '中位', '50回〜400回', '39.0%']
2026-05-27 09:45:52,537 [SKIP] len error : ['④', 'やや低い', '10回〜50回', '17.6%']
2026-05-27 09:45:52,537 [SKIP] len error : ['⑤', '低い', '10回未満', '11.0%']
2026-05-27 09:45:52,537 3920件 / ?件中 18:45
2026-05-27 09:45:52,572 [TOTAL] None
2026-05-27 09:45:52,572 [COUNT] 3920
2026-05-27 09:45:54,006 [PAGE] 197
2026-05-27 09:45:54,270 [SKIP] len error : ['東P', '東証プライム']
2026-05-27 09:45:54,270 [SKIP] len error : ['東S', '東証スタンダード']
2026-05-27 09:45:54,270 [SKIP] len error : ['東G', '東証グロース']
2026-05-27 09:45:54,270 [SKIP] len error : ['東Ｅ', '東証ETF']
2026-05-27 09:45:54,270 [SKIP] len error : ['東EN', '東証ETN']
2026-05-27 09:45:54,270 [SKIP] len error : ['東Ｒ', '東証REIT']
2026-05-27 09:45:54,270 [SKIP] len error : ['東IF', '東証インフラファンド']
2026-05-27 09:45:54,270 [SKIP] len error : ['名Ｐ', '名証プレミア']
2026-05-27 09:45:54,270 [SKIP] len error : ['名M', '名証メイン']
2026-05-27 09:45:54,270 [SKIP] len error : ['名N', '名証ネクスト']
2026-05-27 09:45:54,270 [SKIP] len error : ['名Ｅ', '名証ETF']
2026-05-27 09:45:54,270 [SKIP] len error : ['札Ａ', '札証アンビシャス']
2026-05-27 09:45:54,270 [SKIP] len error : ['福Ｑ', '福証Q-Board']
2026-05-27 09:45:54,270 [SKIP] len error : ['①', '高い', '1,000回以上', '13.9%']
2026-05-27 09:45:54,270 [SKIP] len error : ['②', 'やや高い', '400回〜1,000回', '18.5%']
2026-05-27 09:45:54,271 [SKIP] len error : ['③', '中位', '50回〜400回', '39.0%']
2026-05-27 09:45:54,271 [SKIP] len error : ['④', 'やや低い', '10回〜50回', '17.6%']
2026-05-27 09:45:54,271 [SKIP] len error : ['⑤', '低い', '10回未満', '11.0%']
2026-05-27 09:45:54,271 3940件 / ?件中 18:45
2026-05-27 09:45:54,305 [TOTAL] None
2026-05-27 09:45:54,305 [COUNT] 3940
2026-05-27 09:45:55,296 [PAGE] 198
2026-05-27 09:45:55,597 [SKIP] len error : ['東P', '東証プライム']
2026-05-27 09:45:55,597 [SKIP] len error : ['東S', '東証スタンダード']
2026-05-27 09:45:55,597 [SKIP] len error : ['東G', '東証グロース']
2026-05-27 09:45:55,597 [SKIP] len error : ['東Ｅ', '東証ETF']
2026-05-27 09:45:55,597 [SKIP] len error : ['東EN', '東証ETN']
2026-05-27 09:45:55,597 [SKIP] len error : ['東Ｒ', '東証REIT']
2026-05-27 09:45:55,597 [SKIP] len error : ['東IF', '東証インフラファンド']
2026-05-27 09:45:55,597 [SKIP] len error : ['名Ｐ', '名証プレミア']
2026-05-27 09:45:55,597 [SKIP] len error : ['名M', '名証メイン']
2026-05-27 09:45:55,597 [SKIP] len error : ['名N', '名証ネクスト']
2026-05-27 09:45:55,597 [SKIP] len error : ['名Ｅ', '名証ETF']
2026-05-27 09:45:55,597 [SKIP] len error : ['札Ａ', '札証アンビシャス']
2026-05-27 09:45:55,597 [SKIP] len error : ['福Ｑ', '福証Q-Board']
2026-05-27 09:45:55,597 [SKIP] len error : ['①', '高い', '1,000回以上', '13.9%']
2026-05-27 09:45:55,597 [SKIP] len error : ['②', 'やや高い', '400回〜1,000回', '18.5%']
2026-05-27 09:45:55,597 [SKIP] len error : ['③', '中位', '50回〜400回', '39.0%']
2026-05-27 09:45:55,597 [SKIP] len error : ['④', 'やや低い', '10回〜50回', '17.6%']
2026-05-27 09:45:55,597 [SKIP] len error : ['⑤', '低い', '10回未満', '11.0%']
2026-05-27 09:45:55,597 3960件 / ?件中 18:45
2026-05-27 09:45:55,632 [TOTAL] None
2026-05-27 09:45:55,633 [COUNT] 3960
2026-05-27 09:45:57,108 [PAGE] 199
2026-05-27 09:45:57,400 [SKIP] len error : ['東P', '東証プライム']
2026-05-27 09:45:57,400 [SKIP] len error : ['東S', '東証スタンダード']
2026-05-27 09:45:57,400 [SKIP] len error : ['東G', '東証グロース']
2026-05-27 09:45:57,401 [SKIP] len error : ['東Ｅ', '東証ETF']
2026-05-27 09:45:57,401 [SKIP] len error : ['東EN', '東証ETN']
2026-05-27 09:45:57,401 [SKIP] len error : ['東Ｒ', '東証REIT']
2026-05-27 09:45:57,401 [SKIP] len error : ['東IF', '東証インフラファンド']
2026-05-27 09:45:57,401 [SKIP] len error : ['名Ｐ', '名証プレミア']
2026-05-27 09:45:57,401 [SKIP] len error : ['名M', '名証メイン']
2026-05-27 09:45:57,401 [SKIP] len error : ['名N', '名証ネクスト']
2026-05-27 09:45:57,401 [SKIP] len error : ['名Ｅ', '名証ETF']
2026-05-27 09:45:57,401 [SKIP] len error : ['札Ａ', '札証アンビシャス']
2026-05-27 09:45:57,401 [SKIP] len error : ['福Ｑ', '福証Q-Board']
2026-05-27 09:45:57,401 [SKIP] len error : ['①', '高い', '1,000回以上', '13.9%']
2026-05-27 09:45:57,401 [SKIP] len error : ['②', 'やや高い', '400回〜1,000回', '18.5%']
2026-05-27 09:45:57,401 [SKIP] len error : ['③', '中位', '50回〜400回', '39.0%']
2026-05-27 09:45:57,401 [SKIP] len error : ['④', 'やや低い', '10回〜50回', '17.6%']
2026-05-27 09:45:57,401 [SKIP] len error : ['⑤', '低い', '10回未満', '11.0%']
2026-05-27 09:45:57,401 3980件 / ?件中 18:45
2026-05-27 09:45:57,435 [TOTAL] None
2026-05-27 09:45:57,435 [COUNT] 3980
2026-05-27 09:45:58,215 [PAGE] 200
2026-05-27 09:45:58,489 [SKIP] len error : ['東P', '東証プライム']
2026-05-27 09:45:58,489 [SKIP] len error : ['東S', '東証スタンダード']
2026-05-27 09:45:58,489 [SKIP] len error : ['東G', '東証グロース']
2026-05-27 09:45:58,489 [SKIP] len error : ['東Ｅ', '東証ETF']
2026-05-27 09:45:58,489 [SKIP] len error : ['東EN', '東証ETN']
2026-05-27 09:45:58,489 [SKIP] len error : ['東Ｒ', '東証REIT']
2026-05-27 09:45:58,489 [SKIP] len error : ['東IF', '東証インフラファンド']
2026-05-27 09:45:58,489 [SKIP] len error : ['名Ｐ', '名証プレミア']
2026-05-27 09:45:58,490 [SKIP] len error : ['名M', '名証メイン']
2026-05-27 09:45:58,490 [SKIP] len error : ['名N', '名証ネクスト']
2026-05-27 09:45:58,490 [SKIP] len error : ['名Ｅ', '名証ETF']
2026-05-27 09:45:58,490 [SKIP] len error : ['札Ａ', '札証アンビシャス']
2026-05-27 09:45:58,490 [SKIP] len error : ['福Ｑ', '福証Q-Board']
2026-05-27 09:45:58,490 [SKIP] len error : ['①', '高い', '1,000回以上', '13.9%']
2026-05-27 09:45:58,490 [SKIP] len error : ['②', 'やや高い', '400回〜1,000回', '18.5%']
2026-05-27 09:45:58,490 [SKIP] len error : ['③', '中位', '50回〜400回', '39.0%']
2026-05-27 09:45:58,490 [SKIP] len error : ['④', 'やや低い', '10回〜50回', '17.6%']
2026-05-27 09:45:58,490 [SKIP] len error : ['⑤', '低い', '10回未満', '11.0%']
2026-05-27 09:45:58,490 4000件 / ?件中 18:45
2026-05-27 09:45:58,524 [TOTAL] None
2026-05-27 09:45:58,524 [COUNT] 4000
2026-05-27 09:45:59,820 [SLEEP] 2000件到達 -> 198秒休憩
2026-05-27 09:49:17,820 [PAGE] 201
2026-05-27 09:49:18,642 [SKIP] len error : ['東P', '東証プライム']
2026-05-27 09:49:18,642 [SKIP] len error : ['東S', '東証スタンダード']
2026-05-27 09:49:18,643 [SKIP] len error : ['東G', '東証グロース']
2026-05-27 09:49:18,643 [SKIP] len error : ['東Ｅ', '東証ETF']
2026-05-27 09:49:18,643 [SKIP] len error : ['東EN', '東証ETN']
2026-05-27 09:49:18,643 [SKIP] len error : ['東Ｒ', '東証REIT']
2026-05-27 09:49:18,643 [SKIP] len error : ['東IF', '東証インフラファンド']
2026-05-27 09:49:18,643 [SKIP] len error : ['名Ｐ', '名証プレミア']
2026-05-27 09:49:18,643 [SKIP] len error : ['名M', '名証メイン']
2026-05-27 09:49:18,643 [SKIP] len error : ['名N', '名証ネクスト']
2026-05-27 09:49:18,643 [SKIP] len error : ['名Ｅ', '名証ETF']
2026-05-27 09:49:18,643 [SKIP] len error : ['札Ａ', '札証アンビシャス']
2026-05-27 09:49:18,643 [SKIP] len error : ['福Ｑ', '福証Q-Board']
2026-05-27 09:49:18,643 [SKIP] len error : ['①', '高い', '1,000回以上', '13.9%']
2026-05-27 09:49:18,643 [SKIP] len error : ['②', 'やや高い', '400回〜1,000回', '18.5%']
2026-05-27 09:49:18,643 [SKIP] len error : ['③', '中位', '50回〜400回', '39.0%']
2026-05-27 09:49:18,643 [SKIP] len error : ['④', 'やや低い', '10回〜50回', '17.6%']
2026-05-27 09:49:18,643 [SKIP] len error : ['⑤', '低い', '10回未満', '11.0%']
2026-05-27 09:49:18,643 4020件 / ?件中 18:49
2026-05-27 09:49:18,677 [TOTAL] None
2026-05-27 09:49:18,677 [COUNT] 4020
2026-05-27 09:49:19,819 [PAGE] 202
2026-05-27 09:49:20,103 [SKIP] len error : ['東P', '東証プライム']
2026-05-27 09:49:20,103 [SKIP] len error : ['東S', '東証スタンダード']
2026-05-27 09:49:20,103 [SKIP] len error : ['東G', '東証グロース']
2026-05-27 09:49:20,103 [SKIP] len error : ['東Ｅ', '東証ETF']
2026-05-27 09:49:20,103 [SKIP] len error : ['東EN', '東証ETN']
2026-05-27 09:49:20,103 [SKIP] len error : ['東Ｒ', '東証REIT']
2026-05-27 09:49:20,103 [SKIP] len error : ['東IF', '東証インフラファンド']
2026-05-27 09:49:20,103 [SKIP] len error : ['名Ｐ', '名証プレミア']
2026-05-27 09:49:20,103 [SKIP] len error : ['名M', '名証メイン']
2026-05-27 09:49:20,104 [SKIP] len error : ['名N', '名証ネクスト']
2026-05-27 09:49:20,104 [SKIP] len error : ['名Ｅ', '名証ETF']
2026-05-27 09:49:20,104 [SKIP] len error : ['札Ａ', '札証アンビシャス']
2026-05-27 09:49:20,104 [SKIP] len error : ['福Ｑ', '福証Q-Board']
2026-05-27 09:49:20,104 [SKIP] len error : ['①', '高い', '1,000回以上', '13.9%']
2026-05-27 09:49:20,104 [SKIP] len error : ['②', 'やや高い', '400回〜1,000回', '18.5%']
2026-05-27 09:49:20,104 [SKIP] len error : ['③', '中位', '50回〜400回', '39.0%']
2026-05-27 09:49:20,104 [SKIP] len error : ['④', 'やや低い', '10回〜50回', '17.6%']
2026-05-27 09:49:20,104 [SKIP] len error : ['⑤', '低い', '10回未満', '11.0%']
2026-05-27 09:49:20,104 4040件 / ?件中 18:49
2026-05-27 09:49:20,138 [TOTAL] None
2026-05-27 09:49:20,138 [COUNT] 4040
2026-05-27 09:49:21,635 [PAGE] 203
2026-05-27 09:49:21,890 [SKIP] len error : ['東P', '東証プライム']
2026-05-27 09:49:21,890 [SKIP] len error : ['東S', '東証スタンダード']
2026-05-27 09:49:21,890 [SKIP] len error : ['東G', '東証グロース']
2026-05-27 09:49:21,890 [SKIP] len error : ['東Ｅ', '東証ETF']
2026-05-27 09:49:21,890 [SKIP] len error : ['東EN', '東証ETN']
2026-05-27 09:49:21,890 [SKIP] len error : ['東Ｒ', '東証REIT']
2026-05-27 09:49:21,890 [SKIP] len error : ['東IF', '東証インフラファンド']
2026-05-27 09:49:21,890 [SKIP] len error : ['名Ｐ', '名証プレミア']
2026-05-27 09:49:21,890 [SKIP] len error : ['名M', '名証メイン']
2026-05-27 09:49:21,890 [SKIP] len error : ['名N', '名証ネクスト']
2026-05-27 09:49:21,890 [SKIP] len error : ['名Ｅ', '名証ETF']
2026-05-27 09:49:21,890 [SKIP] len error : ['札Ａ', '札証アンビシャス']
2026-05-27 09:49:21,890 [SKIP] len error : ['福Ｑ', '福証Q-Board']
2026-05-27 09:49:21,890 [SKIP] len error : ['①', '高い', '1,000回以上', '13.9%']
2026-05-27 09:49:21,890 [SKIP] len error : ['②', 'やや高い', '400回〜1,000回', '18.5%']
2026-05-27 09:49:21,890 [SKIP] len error : ['③', '中位', '50回〜400回', '39.0%']
2026-05-27 09:49:21,890 [SKIP] len error : ['④', 'やや低い', '10回〜50回', '17.6%']
2026-05-27 09:49:21,890 [SKIP] len error : ['⑤', '低い', '10回未満', '11.0%']
2026-05-27 09:49:21,891 4060件 / ?件中 18:49
2026-05-27 09:49:21,924 [TOTAL] None
2026-05-27 09:49:21,925 [COUNT] 4060
2026-05-27 09:49:23,358 [PAGE] 204
2026-05-27 09:49:23,619 [SKIP] len error : ['東P', '東証プライム']
2026-05-27 09:49:23,619 [SKIP] len error : ['東S', '東証スタンダード']
2026-05-27 09:49:23,620 [SKIP] len error : ['東G', '東証グロース']
2026-05-27 09:49:23,620 [SKIP] len error : ['東Ｅ', '東証ETF']
2026-05-27 09:49:23,620 [SKIP] len error : ['東EN', '東証ETN']
2026-05-27 09:49:23,620 [SKIP] len error : ['東Ｒ', '東証REIT']
2026-05-27 09:49:23,620 [SKIP] len error : ['東IF', '東証インフラファンド']
2026-05-27 09:49:23,620 [SKIP] len error : ['名Ｐ', '名証プレミア']
2026-05-27 09:49:23,620 [SKIP] len error : ['名M', '名証メイン']
2026-05-27 09:49:23,620 [SKIP] len error : ['名N', '名証ネクスト']
2026-05-27 09:49:23,620 [SKIP] len error : ['名Ｅ', '名証ETF']
2026-05-27 09:49:23,620 [SKIP] len error : ['札Ａ', '札証アンビシャス']
2026-05-27 09:49:23,620 [SKIP] len error : ['福Ｑ', '福証Q-Board']
2026-05-27 09:49:23,620 [SKIP] len error : ['①', '高い', '1,000回以上', '13.9%']
2026-05-27 09:49:23,620 [SKIP] len error : ['②', 'やや高い', '400回〜1,000回', '18.5%']
2026-05-27 09:49:23,620 [SKIP] len error : ['③', '中位', '50回〜400回', '39.0%']
2026-05-27 09:49:23,620 [SKIP] len error : ['④', 'やや低い', '10回〜50回', '17.6%']
2026-05-27 09:49:23,620 [SKIP] len error : ['⑤', '低い', '10回未満', '11.0%']
2026-05-27 09:49:23,620 4080件 / ?件中 18:49
2026-05-27 09:49:23,654 [TOTAL] None
2026-05-27 09:49:23,654 [COUNT] 4080
2026-05-27 09:49:24,267 [PAGE] 205
2026-05-27 09:49:24,543 [SKIP] len error : ['東P', '東証プライム']
2026-05-27 09:49:24,543 [SKIP] len error : ['東S', '東証スタンダード']
2026-05-27 09:49:24,543 [SKIP] len error : ['東G', '東証グロース']
2026-05-27 09:49:24,543 [SKIP] len error : ['東Ｅ', '東証ETF']
2026-05-27 09:49:24,543 [SKIP] len error : ['東EN', '東証ETN']
2026-05-27 09:49:24,543 [SKIP] len error : ['東Ｒ', '東証REIT']
2026-05-27 09:49:24,543 [SKIP] len error : ['東IF', '東証インフラファンド']
2026-05-27 09:49:24,543 [SKIP] len error : ['名Ｐ', '名証プレミア']
2026-05-27 09:49:24,543 [SKIP] len error : ['名M', '名証メイン']
2026-05-27 09:49:24,543 [SKIP] len error : ['名N', '名証ネクスト']
2026-05-27 09:49:24,543 [SKIP] len error : ['名Ｅ', '名証ETF']
2026-05-27 09:49:24,543 [SKIP] len error : ['札Ａ', '札証アンビシャス']
2026-05-27 09:49:24,543 [SKIP] len error : ['福Ｑ', '福証Q-Board']
2026-05-27 09:49:24,543 [SKIP] len error : ['①', '高い', '1,000回以上', '13.9%']
2026-05-27 09:49:24,543 [SKIP] len error : ['②', 'やや高い', '400回〜1,000回', '18.5%']
2026-05-27 09:49:24,543 [SKIP] len error : ['③', '中位', '50回〜400回', '39.0%']
2026-05-27 09:49:24,543 [SKIP] len error : ['④', 'やや低い', '10回〜50回', '17.6%']
2026-05-27 09:49:24,543 [SKIP] len error : ['⑤', '低い', '10回未満', '11.0%']
2026-05-27 09:49:24,543 4100件 / ?件中 18:49
2026-05-27 09:49:24,636 [TOTAL] None
2026-05-27 09:49:24,637 [COUNT] 4100
2026-05-27 09:49:25,149 [PAGE] 206
2026-05-27 09:49:25,419 [SKIP] len error : ['東P', '東証プライム']
2026-05-27 09:49:25,419 [SKIP] len error : ['東S', '東証スタンダード']
2026-05-27 09:49:25,419 [SKIP] len error : ['東G', '東証グロース']
2026-05-27 09:49:25,419 [SKIP] len error : ['東Ｅ', '東証ETF']
2026-05-27 09:49:25,419 [SKIP] len error : ['東EN', '東証ETN']
2026-05-27 09:49:25,419 [SKIP] len error : ['東Ｒ', '東証REIT']
2026-05-27 09:49:25,419 [SKIP] len error : ['東IF', '東証インフラファンド']
2026-05-27 09:49:25,419 [SKIP] len error : ['名Ｐ', '名証プレミア']
2026-05-27 09:49:25,419 [SKIP] len error : ['名M', '名証メイン']
2026-05-27 09:49:25,419 [SKIP] len error : ['名N', '名証ネクスト']
2026-05-27 09:49:25,419 [SKIP] len error : ['名Ｅ', '名証ETF']
2026-05-27 09:49:25,419 [SKIP] len error : ['札Ａ', '札証アンビシャス']
2026-05-27 09:49:25,419 [SKIP] len error : ['福Ｑ', '福証Q-Board']
2026-05-27 09:49:25,419 [SKIP] len error : ['①', '高い', '1,000回以上', '13.9%']
2026-05-27 09:49:25,419 [SKIP] len error : ['②', 'やや高い', '400回〜1,000回', '18.5%']
2026-05-27 09:49:25,419 [SKIP] len error : ['③', '中位', '50回〜400回', '39.0%']
2026-05-27 09:49:25,419 [SKIP] len error : ['④', 'やや低い', '10回〜50回', '17.6%']
2026-05-27 09:49:25,419 [SKIP] len error : ['⑤', '低い', '10回未満', '11.0%']
2026-05-27 09:49:25,419 4120件 / ?件中 18:49
2026-05-27 09:49:25,453 [TOTAL] None
2026-05-27 09:49:25,453 [COUNT] 4120
2026-05-27 09:49:26,330 [PAGE] 207
2026-05-27 09:49:26,603 [SKIP] len error : ['東P', '東証プライム']
2026-05-27 09:49:26,604 [SKIP] len error : ['東S', '東証スタンダード']
2026-05-27 09:49:26,604 [SKIP] len error : ['東G', '東証グロース']
2026-05-27 09:49:26,604 [SKIP] len error : ['東Ｅ', '東証ETF']
2026-05-27 09:49:26,604 [SKIP] len error : ['東EN', '東証ETN']
2026-05-27 09:49:26,604 [SKIP] len error : ['東Ｒ', '東証REIT']
2026-05-27 09:49:26,604 [SKIP] len error : ['東IF', '東証インフラファンド']
2026-05-27 09:49:26,604 [SKIP] len error : ['名Ｐ', '名証プレミア']
2026-05-27 09:49:26,604 [SKIP] len error : ['名M', '名証メイン']
2026-05-27 09:49:26,604 [SKIP] len error : ['名N', '名証ネクスト']
2026-05-27 09:49:26,604 [SKIP] len error : ['名Ｅ', '名証ETF']
2026-05-27 09:49:26,604 [SKIP] len error : ['札Ａ', '札証アンビシャス']
2026-05-27 09:49:26,604 [SKIP] len error : ['福Ｑ', '福証Q-Board']
2026-05-27 09:49:26,604 [SKIP] len error : ['①', '高い', '1,000回以上', '13.9%']
2026-05-27 09:49:26,604 [SKIP] len error : ['②', 'やや高い', '400回〜1,000回', '18.5%']
2026-05-27 09:49:26,604 [SKIP] len error : ['③', '中位', '50回〜400回', '39.0%']
2026-05-27 09:49:26,604 [SKIP] len error : ['④', 'やや低い', '10回〜50回', '17.6%']
2026-05-27 09:49:26,604 [SKIP] len error : ['⑤', '低い', '10回未満', '11.0%']
2026-05-27 09:49:26,604 4140件 / ?件中 18:49
2026-05-27 09:49:26,639 [TOTAL] None
2026-05-27 09:49:26,639 [COUNT] 4140
2026-05-27 09:49:27,628 [PAGE] 208
2026-05-27 09:49:27,877 [SKIP] len error : ['東P', '東証プライム']
2026-05-27 09:49:27,877 [SKIP] len error : ['東S', '東証スタンダード']
2026-05-27 09:49:27,877 [SKIP] len error : ['東G', '東証グロース']
2026-05-27 09:49:27,877 [SKIP] len error : ['東Ｅ', '東証ETF']
2026-05-27 09:49:27,877 [SKIP] len error : ['東EN', '東証ETN']
2026-05-27 09:49:27,877 [SKIP] len error : ['東Ｒ', '東証REIT']
2026-05-27 09:49:27,877 [SKIP] len error : ['東IF', '東証インフラファンド']
2026-05-27 09:49:27,877 [SKIP] len error : ['名Ｐ', '名証プレミア']
2026-05-27 09:49:27,877 [SKIP] len error : ['名M', '名証メイン']
2026-05-27 09:49:27,877 [SKIP] len error : ['名N', '名証ネクスト']
2026-05-27 09:49:27,877 [SKIP] len error : ['名Ｅ', '名証ETF']
2026-05-27 09:49:27,877 [SKIP] len error : ['札Ａ', '札証アンビシャス']
2026-05-27 09:49:27,877 [SKIP] len error : ['福Ｑ', '福証Q-Board']
2026-05-27 09:49:27,877 [SKIP] len error : ['①', '高い', '1,000回以上', '13.9%']
2026-05-27 09:49:27,877 [SKIP] len error : ['②', 'やや高い', '400回〜1,000回', '18.5%']
2026-05-27 09:49:27,877 [SKIP] len error : ['③', '中位', '50回〜400回', '39.0%']
2026-05-27 09:49:27,877 [SKIP] len error : ['④', 'やや低い', '10回〜50回', '17.6%']
2026-05-27 09:49:27,877 [SKIP] len error : ['⑤', '低い', '10回未満', '11.0%']
2026-05-27 09:49:27,877 4146件 / ?件中 18:49
2026-05-27 09:49:27,902 [TOTAL] None
2026-05-27 09:49:27,902 [COUNT] 4146
2026-05-27 09:49:28,838 [PAGE] 209
2026-05-27 09:49:29,069 [SKIP] len error : ['東P', '東証プライム']
2026-05-27 09:49:29,069 [SKIP] len error : ['東S', '東証スタンダード']
2026-05-27 09:49:29,069 [SKIP] len error : ['東G', '東証グロース']
2026-05-27 09:49:29,069 [SKIP] len error : ['東Ｅ', '東証ETF']
2026-05-27 09:49:29,069 [SKIP] len error : ['東EN', '東証ETN']
2026-05-27 09:49:29,069 [SKIP] len error : ['東Ｒ', '東証REIT']
2026-05-27 09:49:29,069 [SKIP] len error : ['東IF', '東証インフラファンド']
2026-05-27 09:49:29,069 [SKIP] len error : ['名Ｐ', '名証プレミア']
2026-05-27 09:49:29,069 [SKIP] len error : ['名M', '名証メイン']
2026-05-27 09:49:29,069 [SKIP] len error : ['名N', '名証ネクスト']
2026-05-27 09:49:29,069 [SKIP] len error : ['名Ｅ', '名証ETF']
2026-05-27 09:49:29,069 [SKIP] len error : ['札Ａ', '札証アンビシャス']
2026-05-27 09:49:29,069 [SKIP] len error : ['福Ｑ', '福証Q-Board']
2026-05-27 09:49:29,069 [SKIP] len error : ['①', '高い', '1,000回以上', '13.9%']
2026-05-27 09:49:29,069 [SKIP] len error : ['②', 'やや高い', '400回〜1,000回', '18.5%']
2026-05-27 09:49:29,069 [SKIP] len error : ['③', '中位', '50回〜400回', '39.0%']
2026-05-27 09:49:29,069 [SKIP] len error : ['④', 'やや低い', '10回〜50回', '17.6%']
2026-05-27 09:49:29,069 [SKIP] len error : ['⑤', '低い', '10回未満', '11.0%']
2026-05-27 09:49:29,069 [STOP] no data
2026-05-27 09:49:29,079 ===== END 18:49 =====
2026-05-27 09:49:29,080 [FILE] output/trading_value_ranking_20260527.csv
2026-05-27 09:49:29,080 [ROWS] 4146
2026-05-27 09:49:29,080 [TIME] 10分
