日付,順位,銘柄名,コード,市場,状態,株価,前日差,騰落率,売買代金,PER,PBR,配当利回り
20260722,1,キオクシア,285A,東P,,"64,270","+3,210",+5.26%,"3,331,508",ー倍,25.2倍,ー%
20260722,2,太陽誘電,6976,東P,,"12,535",+790,+6.73%,"397,328",90.7倍,4.74倍,0.72%
20260722,3,アドテスト,6857,東P,,"29,585",-45,-0.15%,"283,394",46.0倍,26.9倍,ー%
20260722,4,東エレク,8035,東P,,"65,960",-610,-0.92%,"274,467",ー倍,14.7倍,ー%
20260722,5,村田製,6981,東P,,"8,317",+316,+3.95%,"271,787",51.7倍,5.57倍,0.84%
20260722,6,ＳＢＧ,9984,東P,,"5,703",-48,-0.83%,"243,799",ー倍,1.84倍,0.19%
20260722,7,日経レバ,1570,東Ｅ,,"69,780",-300,-0.43%,"211,277",ー倍,ー倍,ー%
20260722,8,イビデン,4062,東P,,"18,250",+835,+4.79%,"192,847",87.9倍,9.27倍,0.19%
20260722,9,フジクラ,5803,東P,,"4,751",+79,+1.69%,"187,388",34.4倍,14.0倍,0.80%
20260722,10,ディスコ,6146,東P,,"68,590","+1,750",+2.62%,"161,195",ー倍,12.7倍,ー%
20260722,11,三菱ＵＦＪ,8306,東P,,"3,668.0",+88.0,+2.46%,"146,784",15.3倍,1.85倍,2.62%
20260722,12,レーザーテク,6920,東P,,"42,990",+320,+0.75%,"140,012",53.5倍,17.1倍,0.77%
20260722,13,みずほＦＧ,8411,東P,,"8,529",+227,+2.73%,"100,945",16.0倍,1.83倍,1.76%
20260722,14,ファストリ,9983,東P,,"78,580","-2,260",-2.80%,"95,810",48.2倍,8.84倍,0.81%
20260722,15,コクサイエレ,6525,東P,,"8,741",-259,-2.88%,"94,132",52.6倍,9.31倍,0.54%
20260722,16,三井住友ＦＧ,8316,東P,,"7,072",+121,+1.74%,"93,228",15.8倍,1.70倍,2.55%
20260722,17,ＪＸ金属,5016,東P,,"3,771.0",+106.0,+2.89%,"86,927",29.6倍,4.64倍,0.53%
20260722,18,ＳＵＭＣＯ,3436,東P,,"3,785",-115,-2.95%,"80,925",ー倍,2.32倍,ー%
20260722,19,トヨタ,7203,東P,,"2,939.0",-5.5,-0.19%,"72,524",11.6倍,0.87倍,3.40%
20260722,20,古河電,5801,東P,,"3,525.0",+106.0,+3.10%,"63,117",30.2倍,5.95倍,0.62%
20260722,21,ルネサス,6723,東P,,"4,175",+140,+3.47%,"62,727",ー倍,2.98倍,ー%
20260722,22,スクリン,7735,東P,,"16,500",-480,-2.83%,"61,771",28.4倍,6.41倍,1.06%
20260722,23,住友電,5802,東P,,"2,451.0",+114.5,+4.90%,"61,188",23.9倍,2.79倍,1.59%
20260722,24,三菱商,8058,東P,,"4,888",+224,+4.80%,"60,348",16.3倍,1.90倍,2.56%
20260722,25,リクルート,6098,東P,,"12,305",-615,-4.76%,"60,343",27.4倍,10.8倍,0.21%
20260722,26,任天堂,7974,東P,,"7,003",+10,+0.14%,"59,376",26.0倍,2.73倍,2.31%
20260722,27,三井金属,5706,東P,,"33,600","+2,310",+7.38%,"57,216",25.6倍,4.67倍,0.83%
20260722,28,三菱重,7011,東P,,"3,892",+40,+1.04%,"53,261",34.4倍,4.23倍,0.75%
20260722,29,キーエンス,6861,東P,,"72,110",+150,+0.21%,"52,020",ー倍,5.04倍,0.76%
20260722,30,ファナック,6954,東P,,"6,873",+97,+1.43%,"51,949",34.7倍,3.44倍,ー%
20260722,31,ソニーＧ,6758,東P,,"3,444.0",-14.0,-0.40%,"51,542",17.4倍,2.49倍,1.02%
20260722,32,安川電,6506,東P,,"5,213",+94,+1.84%,"50,036",28.8倍,2.79倍,1.38%
20260722,33,パナＨＤ,6752,東P,,"4,095",+22,+0.54%,"46,593",22.8倍,1.83倍,1.32%
20260722,34,信越化,4063,東P,,"7,075",-130,-1.80%,"45,253",ー倍,2.93倍,ー%
20260722,35,日立,6501,東P,,"4,807",+15,+0.31%,"44,029",25.3倍,3.27倍,ー%
20260722,36,川重,7012,東P,,"2,736.5",+60.5,+2.26%,"43,260",20.8倍,2.60倍,1.46%
20260722,37,東京海上,8766,東P,,"7,971",+97,+1.23%,"39,728",18.2倍,1.90倍,3.07%
20260722,38,レゾナック,4004,東P,,"15,250",+670,+4.60%,"39,063",37.0倍,4.02倍,0.43%
20260722,39,三井物,8031,東P,,"4,911",+87,+1.80%,"36,237",15.1倍,1.59倍,2.85%
20260722,40,ＮＴＴ,9432,東P,,152.0,+0.3,+0.20%,"35,657",12.6倍,1.27倍,3.55%
20260722,41,テラドローン,278A,東G,,"15,550",+180,+1.17%,"33,816",ー倍,34.1倍,ー%
20260722,42,ダイキン,6367,東P,,"24,240",-280,-1.14%,"32,688",24.3倍,2.08倍,1.49%
20260722,43,日経Ｄインバ,1357,東Ｅ,,"2,821",+10,+0.36%,"31,836",ー倍,ー倍,ー%
20260722,44,ＴＤＫ,6762,東P,,"3,107.0",+34.0,+1.11%,"30,780",26.2倍,2.70倍,1.29%
20260722,45,京セラ,6971,東P,,"3,780.0",+114.0,+3.11%,"30,450",34.8倍,1.47倍,1.48%
20260722,46,三菱電,6503,東P,,"5,629",+38,+0.68%,"29,951",24.3倍,2.57倍,1.07%
20260722,47,ＪＴ,2914,東P,,"6,458",+33,+0.51%,"27,228",20.1倍,2.81倍,3.75%
20260722,48,住友鉱,5713,東P,,"7,521",+204,+2.79%,"27,176",14.5倍,0.97倍,2.75%
20260722,49,ゆうちょ銀,7182,東P,,"3,411.0",+63.0,+1.88%,"26,627",18.4倍,1.32倍,2.73%
20260722,50,サンリオ,8136,東P,,"1,131.5",-48.5,-4.11%,"26,447",21.5倍,8.81倍,1.41%
20260722,51,富士通,6702,東P,,"3,311.0",+2.0,+0.06%,"26,111",18.5倍,2.84倍,1.66%
20260722,52,ローム,6963,東P,,"4,785",+51,+1.08%,"25,921",63.7倍,2.44倍,1.04%
20260722,53,ソシオネクス,6526,東P,,"2,486.5",+14.0,+0.57%,"25,728",43.6倍,3.28倍,2.01%
20260722,54,ＭＳ＆ＡＤ,8725,東P,,"4,801",+61,+1.29%,"25,653",16.3倍,1.08倍,3.54%
20260722,55,ＫＤＤＩ,9433,東P,,"2,875.5",-6.0,-0.21%,"25,608",ー倍,2.10倍,2.92%
20260722,56,ＩＨＩ,7013,東P,,"2,779.0",-1.0,-0.04%,"25,273",17.9倍,4.52倍,0.83%
20260722,57,伊藤忠,8001,東P,,"1,964.0",+17.5,+0.90%,"24,318",14.5倍,2.08倍,2.24%
20260722,58,武田,4502,東P,,"5,552",-3,-0.05%,"23,604",53.4倍,1.19倍,3.67%
20260722,59,日本製鉄,5401,東P,,599.0,+0.4,+0.07%,"23,126",14.2倍,0.57倍,4.01%
20260722,60,野村日経平均,1321,東Ｅ,,"68,310",-140,-0.20%,"22,953",ー倍,ー倍,ー%
20260722,61,日本マイクロ,6871,東P,,"15,630",+660,+4.41%,"22,916",ー倍,8.19倍,ー%
20260722,62,ＯＬＣ,4661,東P,,"2,673.5",-61.5,-2.25%,"22,249",38.5倍,3.99倍,0.60%
20260722,63,荏原,6361,東P,,"5,593",+6,+0.11%,"21,430",25.6倍,4.92倍,1.18%
20260722,64,野村日半導,200A,東Ｅ,,"4,885",+73,+1.52%,"21,041",ー倍,ー倍,ー%
20260722,65,ＨＯＹＡ,7741,東P,,"25,045",-405,-1.59%,"20,959",ー倍,8.21倍,ー%
20260722,66,味の素,2802,東P,,"5,253",+1,+0.02%,"20,859",41.8倍,6.51倍,0.95%
20260722,67,ＳＯＭＰＯ,8630,東P,,"6,906",-40,-0.58%,"20,812",12.6倍,1.19倍,2.90%
20260722,68,第一ライフ,8750,東P,,"1,897.0",+19.5,+1.04%,"20,712",13.3倍,1.61倍,3.80%
20260722,69,オリックス,8591,東P,,"6,582",+80,+1.23%,"20,657",13.6倍,1.61倍,2.85%
20260722,70,丸紅,8002,東P,,"5,260",+66,+1.27%,"19,700",14.8倍,1.96倍,2.19%
20260722,71,ティアフォー,593A,東G,,"1,015",ー,ー%,"19,599",ー倍,5.61倍,ー%
20260722,72,資生堂,4911,東P,,"3,040.0",-173.0,-5.38%,"19,498",28.9倍,2.00倍,1.97%
20260722,73,ＮＥＣ,6701,東P,,"4,352",-55,-1.25%,"19,105",ー倍,2.63倍,0.92%
20260722,74,ローツェ,6323,東P,,"4,496",+153,+3.52%,"18,884",28.0倍,5.71倍,0.44%
20260722,75,ＧＯ,581A,東G,,"3,030",+224,+7.98%,"18,567",22.0倍,9.90倍,ー%
20260722,76,ホンダ,7267,東P,,"1,559.0",+2.0,+0.13%,"18,406",23.3倍,0.51倍,4.49%
20260722,77,りそなＨＤ,8308,東P,,"2,322.0",+36.0,+1.57%,"18,258",16.8倍,1.79倍,1.59%
20260722,78,良品計画,7453,東P,,"4,161",-83,-1.96%,"18,175",33.0倍,5.57倍,0.77%
20260722,79,ＳＭＣ,6273,東P,,"71,850","+1,390",+1.97%,"17,490",26.6倍,2.14倍,1.39%
20260722,80,アステラス,4503,東P,,"2,175.5",-21.0,-0.96%,"17,420",13.0倍,2.13倍,3.68%
20260722,81,キヤノン,7751,東P,,"4,536",+36,+0.80%,"17,305",11.6倍,1.12倍,3.53%
20260722,82,セブン＆アイ,3382,東P,,"2,092.0",+18.0,+0.87%,"17,115",17.4倍,1.31倍,2.87%
20260722,83,住友商,8053,東P,,"1,604.0",+30.5,+1.94%,"16,659",12.1倍,1.64倍,2.49%
20260722,84,ＡＩメカ,6227,東S,,"6,630",-290,-4.19%,"16,466",40.5倍,9.20倍,0.26%
20260722,85,ブリヂストン,5108,東P,,"3,769",-9,-0.24%,"16,356",13.8倍,1.27倍,3.32%
20260722,86,コマツ,6301,東P,,"6,447",+29,+0.45%,"16,314",18.1倍,1.64倍,2.95%
20260722,87,メルカリ,4385,東P,,"4,417",-150,-3.28%,"15,910",ー倍,6.07倍,ー%
20260722,88,ＴＯＷＡ,6315,東P,,"2,860",+12,+0.42%,"15,888",30.7倍,3.04倍,0.84%
20260722,89,イオン,8267,東P,,"1,357.5",-9.0,-0.66%,"15,816",51.5倍,3.11倍,1.10%
20260722,90,日東紡,3110,東P,,"3,180",+70,+2.25%,"15,746",34.1倍,3.33倍,0.88%
20260722,91,スズキ,7269,東P,,"2,056.0",+5.0,+0.24%,"15,551",10.4倍,1.17倍,2.48%
20260722,92,中外薬,4519,東P,,"7,306",-91,-1.23%,"15,135",ー倍,6.30倍,1.81%
20260722,93,東電ＨＤ,9501,東P,,505.3,+1.9,+0.38%,"14,976",ー倍,0.34倍,ー%
20260722,94,野村,8604,東P,,"1,603.0",+16.5,+1.04%,"14,888",ー倍,1.25倍,ー%
20260722,95,ＳＢ,9434,東P,,221.4,-0.7,-0.32%,"14,790",19.2倍,4.02倍,3.97%
20260722,96,第一三共,4568,東P,,"2,761.5",-53.5,-1.90%,"14,663",19.3倍,3.02倍,3.62%
20260722,97,アサヒ,2502,東P,,"1,629.5",+1.0,+0.06%,"14,618",12.3倍,0.79倍,3.50%
20260722,98,豊田通商,8015,東P,,"6,454",-50,-0.77%,"14,596",15.1倍,1.92倍,1.94%
20260722,99,三井住友トラ,8309,東P,,"6,844",+110,+1.63%,"14,469",12.4倍,1.32倍,2.78%
20260722,100,ＩＮＰＥＸ,1605,東P,,"3,615.0",+35.0,+0.98%,"14,469",10.5倍,0.86倍,2.99%
20260722,101,野村東証指数,1306,東Ｅ,,420.3,+2.0,+0.48%,"14,321",ー倍,ー倍,ー%
20260722,102,郵船,9101,東P,,"5,818",+72,+1.25%,"13,956",12.0倍,0.76倍,3.44%
20260722,103,商船三井,9104,東P,,"5,783",+113,+1.99%,"13,272",11.7倍,0.69倍,3.54%
20260722,104,野村総研,4307,東P,,"4,981",-124,-2.43%,"12,991",23.4倍,6.43倍,1.69%
20260722,105,富士フイルム,4901,東P,,"3,665.0",-6.0,-0.16%,"12,392",15.7倍,1.14倍,2.05%
20260722,106,楽天Ｗブル,1458,東Ｅ,,"83,290",-390,-0.47%,"12,138",ー倍,ー倍,ー%
20260722,107,日本郵政,6178,東P,,"2,453.5",+35.0,+1.45%,"12,061",17.7倍,0.69倍,2.45%
20260722,108,ハーモニック,6324,東P,,"6,880",+310,+4.72%,"11,730",145倍,8.10倍,0.29%
20260722,109,ミネベア,6479,東P,,"3,950",+48,+1.23%,"11,516",19.1倍,1.76倍,1.52%
20260722,110,デンソー,6902,東P,,"1,989.5",-3.0,-0.15%,"11,503",13.1倍,0.91倍,3.72%
20260722,111,富士電機,6504,東P,,"12,935",+360,+2.86%,"11,472",18.0倍,2.36倍,ー%
20260722,112,ＪＡＬ,9201,東P,,"2,863.0",-41.0,-1.41%,"11,452",11.2倍,0.95倍,3.35%
20260722,113,ダイフク,6383,東P,,"6,379",+13,+0.20%,"11,364",29.3倍,5.12倍,1.29%
20260722,114,ＹＥデジタル,2354,東S,,"1,220",-139,-10.23%,"11,148",13.8倍,2.88倍,2.46%
20260722,115,日経ブル２,1579,東Ｅ,,753.0,-3.7,-0.49%,"11,027",ー倍,ー倍,ー%
20260722,116,アシックス,7936,東P,,"4,753",-100,-2.06%,"10,987",30.6倍,10.7倍,0.80%
20260722,117,ＪＲ東日本,9020,東P,,"3,617.0",-33.0,-0.90%,"10,975",16.0倍,1.34倍,2.32%
20260722,118,ＪＦＥ,5411,東P,,"1,714.5",-24.5,-1.41%,"10,918",7.27倍,0.42倍,4.67%
20260722,119,オービック,4684,東P,,"4,176",-50,-1.18%,"10,798",22.0倍,3.65倍,2.25%
20260722,120,リコー,7752,東P,,"1,551.5",+22.0,+1.44%,"10,620",14.1倍,0.76倍,2.84%
20260722,121,カプコン,9697,東P,,"3,362.0",-48.0,-1.41%,"10,494",24.3倍,5.26倍,1.37%
20260722,122,特殊陶,5334,東P,,"9,750",+72,+0.74%,"10,459",18.1倍,2.48倍,2.15%
20260722,123,Ｆ＆ＬＣ,3563,東P,,"5,328",-17,-0.32%,"10,431",40.4倍,10.6倍,0.38%
20260722,124,芝浦,6590,東P,,"5,320",-40,-0.75%,"10,249",29.4倍,6.28倍,1.20%
20260722,125,菱地所,8802,東P,,"4,204",-48,-1.13%,"10,244",21.5倍,1.88倍,1.17%
20260722,126,ニデック,6594,東P,,"2,480",+13,+0.53%,"10,058",ー倍,1.62倍,ー%
20260722,127,大塚ＨＤ,4578,東P,,"10,970",-110,-0.99%,"10,048",21.8倍,1.85倍,1.28%
20260722,128,花王,4452,東P,,"3,230.0",-40.0,-1.22%,"10,046",22.5倍,2.72倍,2.41%
20260722,129,ベイカレント,6532,東P,,"6,220",-237,-3.67%,"9,997",19.1倍,8.37倍,2.09%
20260722,130,バンナムＨＤ,7832,東P,,"4,095",-92,-2.20%,"9,970",20.2倍,3.05倍,ー%
20260722,131,日産自,7201,東P,,334.3,+2.0,+0.60%,"9,949",58.4倍,0.24倍,ー%
20260722,132,ソニーＦＧ,8729,東P,,159.8,+0.4,+0.25%,"9,906",ー倍,1.70倍,5.01%
20260722,133,コナミＧ,9766,東P,,"18,490",-10,-0.05%,"9,826",24.8倍,4.44倍,1.21%
20260722,134,積水ハウス,1928,東P,,"3,527.0",-22.0,-0.62%,"9,777",10.5倍,1.06倍,4.11%
20260722,135,ＥＮＥＯＳ,5020,東P,,"1,320.0",+19.5,+1.50%,"9,726",8.48倍,1.04倍,2.58%
20260722,136,三井不,8801,東P,,"1,557.0",-17.5,-1.11%,"9,723",14.7倍,1.28倍,2.38%
20260722,137,セコム,9735,東P,,"6,735",0,0.00%,"9,715",25.5倍,2.05倍,1.78%
20260722,138,ＮＧＫ,5333,東P,,"6,219",+110,+1.80%,"9,696",21.4倍,2.17倍,1.70%
20260722,139,ＳＢＩ,8473,東P,,"2,814.5",+0.5,+0.02%,"9,669",ー倍,1.01倍,ー%
20260722,140,ＳＵＢＡＲＵ,7270,東P,,"2,583.0",-8.0,-0.31%,"9,667",14.0倍,0.65倍,4.49%
20260722,141,ニトリＨＤ,9843,東P,,"2,379.5",-80.5,-3.27%,"9,663",14.8倍,1.36倍,1.34%
20260722,142,クボタ,6326,東P,,"2,763.5",+10.5,+0.38%,"9,591",14.8倍,1.16倍,1.88%
20260722,143,ＪＲ東海,9022,東P,,"3,796",-42,-1.09%,"9,581",8.07倍,0.71倍,0.84%
20260722,144,日経ベア２,1360,東Ｅ,,69.3,+0.3,+0.43%,"9,468",ー倍,ー倍,ー%
20260722,145,フェローテク,6890,東S,,"7,440",+240,+3.33%,"9,444",ー倍,1.55倍,3.58%
20260722,146,ＰｏｗｅｒＸ,485A,東G,,"1,865",-52,-2.71%,"9,268",171倍,30.6倍,ー%
20260722,147,三菱マ,5711,東P,,"4,204",+80,+1.94%,"9,196",11.2倍,0.75倍,2.76%
20260722,148,住友化,4005,東P,,548.0,+11.6,+2.16%,"9,176",12.9倍,0.90倍,2.92%
20260722,149,テルモ,4543,東P,,"2,199.0",-41.5,-1.85%,"9,028",19.6倍,2.05倍,1.64%
20260722,150,日東電,6988,東P,,"3,294.0",+10.0,+0.30%,"9,027",15.5倍,1.91倍,1.94%
20260722,151,サイゼリヤ,7581,東P,,"7,120",-160,-2.20%,"8,891",29.7倍,2.68倍,0.49%
20260722,152,三菱ケミＧ,4188,東P,,"1,195.5",+2.5,+0.21%,"8,845",12.8倍,0.92倍,2.68%
20260722,153,大和ハウス,1925,東P,,"4,605",-34,-0.73%,"8,844",12.6倍,0.98倍,3.82%
20260722,154,メイコー,6787,東P,,"24,390",+860,+3.65%,"8,724",23.5倍,4.85倍,0.66%
20260722,155,ＳＨＩＦＴ,3697,東P,,766.5,+0.7,+0.09%,"8,723",ー倍,5.15倍,0.53%
20260722,156,ＴＯＴＯ,5332,東P,,"7,606",+73,+0.97%,"8,658",27.2倍,2.37倍,1.58%
20260722,157,ＴＯＰＰＡＮ,7911,東P,,"4,794",+64,+1.35%,"8,572",24.5倍,1.01倍,1.21%
20260722,158,川崎汽,9107,東P,,"2,764.0",+14.0,+0.51%,"8,475",17.6倍,0.93倍,4.34%
20260722,159,大和,8601,東P,,"1,852.5",+5.5,+0.30%,"8,460",ー倍,1.46倍,ー%
20260722,160,ＪＲ西日本,9021,東P,,"2,939.0",-46.0,-1.54%,"8,444",13.4倍,1.11倍,3.32%
20260722,161,日本取引所,8697,東P,,"2,218.0",-37.5,-1.66%,"8,442",29.2倍,6.55倍,2.75%
20260722,162,住友不,8830,東P,,"3,793",-51,-1.33%,"8,304",15.7倍,1.42倍,1.37%
20260722,163,ヒロセ電,6806,東P,,"28,150","+1,070",+3.95%,"8,178",27.1倍,2.44倍,1.85%
20260722,164,東京精,7729,東P,,"18,255",+70,+0.38%,"8,163",26.5倍,3.88倍,1.51%
20260722,165,西武ＨＤ,9024,東P,,"3,540.0",-34.0,-0.95%,"8,040",33.3倍,1.58倍,1.19%
20260722,166,楽天グループ,4755,東P,,790.3,-11.7,-1.46%,"7,993",ー倍,1.91倍,ー%
20260722,167,シマノ,7309,東P,,"18,530",+135,+0.73%,"7,937",37.5倍,1.82倍,1.96%
20260722,168,オリンパス,7733,東P,,"1,726.0",-29.0,-1.65%,"7,935",17.9倍,2.26倍,1.74%
20260722,169,ＴＨＫ,6481,東P,,"7,058",+203,+2.96%,"7,911",34.9倍,3.13倍,2.61%
20260722,170,ＯＢＣ,4733,東P,,"6,840",+251,+3.81%,"7,790",26.6倍,3.05倍,1.90%
20260722,171,エムスリー,2413,東P,,"1,839.0",-68.5,-3.59%,"7,642",23.2倍,3.01倍,ー%
20260722,172,三越伊勢丹,3099,東P,,"3,847",-24,-0.62%,"7,414",21.8倍,2.17倍,2.08%
20260722,173,ＡＧＣ,5201,東P,,"6,344",+87,+1.39%,"7,385",17.5倍,0.90倍,3.31%
20260722,174,双日,2768,東P,,"5,389",+112,+2.12%,"7,377",8.62倍,1.03倍,3.34%
20260722,175,中部電,9502,東P,,"2,967.0",+15.5,+0.53%,"7,354",ー倍,0.71倍,2.36%
20260722,176,キリンＨＤ,2503,東P,,"2,906.0",-15.5,-0.53%,"7,353",14.8倍,1.76倍,2.62%
20260722,177,東応化,4186,東P,,"10,290",+245,+2.44%,"7,171",35.3倍,5.25倍,0.78%
20260722,178,キッコマン,2801,東P,,"1,619.5",-6.0,-0.37%,"7,134",24.5倍,2.68倍,1.54%
20260722,179,エーザイ,4523,東P,,"4,550",+68,+1.52%,"7,121",24.5倍,1.43倍,3.52%
20260722,180,ヤマハ発,7272,東P,,"1,309.5",+16.0,+1.24%,"7,033",12.7倍,1.09倍,3.82%
20260722,181,三井Ｅ＆Ｓ,7003,東P,,"4,682",+68,+1.47%,"7,030",15.8倍,2.06倍,1.28%
20260722,182,旭化成,3407,東P,,"1,857.0",-5.0,-0.27%,"6,946",15.6倍,1.20倍,2.37%
20260722,183,名村造,7014,東S,,"4,160",+265,+6.80%,"6,907",13.1倍,2.11倍,1.44%
20260722,184,東ガス,9531,東P,,"6,151",+24,+0.39%,"6,863",14.8倍,1.18倍,1.95%
20260722,185,ＧＳユアサ,6674,東P,,"5,914",+190,+3.32%,"6,714",16.5倍,1.50倍,1.66%
20260722,186,リガクＨＤ,268A,東P,,"2,256",+16,+0.71%,"6,551",40.9倍,5.84倍,0.84%
20260722,187,ＺＯＺＯ,3092,東P,,"1,135.0",-32.5,-2.78%,"6,545",20.1倍,9.37倍,3.52%
20260722,188,Ｔ＆Ｄ,8795,東P,,"5,068",+72,+1.44%,"6,541",18.0倍,1.50倍,3.24%
20260722,189,メタプラ,3350,東S,,253,+10,+4.12%,"6,493",ー倍,0.81倍,ー%
20260722,190,東宝,9602,東P,,"1,375.5",-59.5,-4.15%,"6,409",27.9倍,2.28倍,1.60%
20260722,191,ホトニクス,6965,東P,,"2,402.0",+66.5,+2.85%,"6,402",42.3倍,2.16倍,1.58%
20260722,192,大林組,1802,東P,,"3,261.0",+19.0,+0.59%,"6,328",14.3倍,1.78倍,2.88%
20260722,193,オムロン,6645,東P,,"5,463",+105,+1.96%,"6,295",39.1倍,1.29倍,2.01%
20260722,194,横浜ＦＧ,7186,東P,,"1,899.0",+33.0,+1.77%,"6,222",16.4倍,1.50倍,2.47%
20260722,195,ＳＷＣＣ,5805,東P,,"11,220",+470,+4.37%,"6,208",18.0倍,3.38倍,2.23%
20260722,196,浜ゴム,5101,東P,,"7,704",-135,-1.72%,"6,196",11.2倍,1.16倍,2.23%
20260722,197,日立建機,6305,東P,,"5,294",+87,+1.67%,"6,192",14.1倍,1.25倍,3.59%
20260722,198,ＭＡＲＵＷＡ,5344,東P,,"57,940","+1,470",+2.60%,"6,187",ー倍,4.86倍,0.19%
20260722,199,塩野義,4507,東P,,"2,876.0",-24.0,-0.83%,"6,181",11.7倍,1.45倍,2.64%
20260722,200,ＧＸ半導日株,2644,東Ｅ,,"4,396",+13,+0.30%,"6,180",ー倍,ー倍,ー%
20260722,201,アンリツ,6754,東P,,"3,934",+108,+2.82%,"6,163",33.6倍,3.79倍,1.27%
20260722,202,ＡＮＡＨＤ,9202,東P,,"3,007.0",-45.0,-1.47%,"6,152",13.9倍,1.01倍,2.00%
20260722,203,関西電,9503,東P,,"2,351.5",-4.0,-0.17%,"6,078",8.45倍,0.76倍,3.40%
20260722,204,パンパシＨＤ,7532,東P,,866.3,-14.6,-1.66%,"6,052",24.4倍,3.82倍,0.98%
20260722,205,三菱ＨＣキャ,8593,東P,,"1,437.0",-3.0,-0.21%,"5,974",12.9倍,1.04倍,3.55%
20260722,206,マツダ,7261,東P,,"1,160.5",-5.0,-0.43%,"5,951",8.13倍,0.38倍,4.74%
20260722,207,ラインヤフー,4689,東P,,442.6,-6.6,-1.47%,"5,875",ー倍,1.01倍,2.49%
20260722,208,しずおかＦＧ,5831,東P,,"3,338.0",+75.0,+2.30%,"5,647",16.9倍,1.44倍,2.94%
20260722,209,千葉銀,8331,東P,,"2,708.0",+49.0,+1.84%,"5,624",17.5倍,1.49倍,2.36%
20260722,210,鹿島,1812,東P,,"5,598",-6,-0.11%,"5,486",15.1倍,1.82倍,2.61%
20260722,211,三井海洋,6269,東P,,"10,020",-160,-1.57%,"5,482",11.8倍,2.83倍,2.00%
20260722,212,アストロＨＤ,186A,東G,,"1,014",+19,+1.91%,"5,472",ー倍,18.8倍,ー%
20260722,213,横河電,6841,東P,,"5,727",+20,+0.35%,"5,425",24.5倍,2.76倍,1.61%
20260722,214,ＱＤレーザ,6613,東G,,"1,655",-21,-1.25%,"5,346",158倍,14.2倍,ー%
20260722,215,ユニオンツル,6278,東P,,"18,420",+690,+3.89%,"5,324",37.8倍,4.35倍,0.71%
20260722,216,ニチレイ,2871,東P,,"2,120.0",-14.0,-0.66%,"5,310",ー倍,1.86倍,3.14%
20260722,217,古野電,6814,東P,,"7,470",+180,+2.47%,"5,301",18.2倍,2.57倍,2.14%
20260722,218,サイバー,4751,東P,,"1,412.0",-36.5,-2.52%,"5,299",26.0倍,3.68倍,1.35%
20260722,219,住友ゴ,5110,東P,,"2,208.0",-53.0,-2.34%,"5,277",10.6倍,0.80倍,3.80%
20260722,220,大成建,1801,東P,,"13,630",-15,-0.11%,"5,253",14.7倍,2.34倍,2.79%
20260722,221,めぶきＦＧ,7167,東P,,"1,499.0",+24.5,+1.66%,"5,190",14.8倍,1.31倍,2.67%
20260722,222,ユニチャーム,8113,東P,,960.6,-5.4,-0.56%,"5,189",19.1倍,2.11倍,2.29%
20260722,223,ラウンドワン,4680,東P,,"1,204.0",-66.0,-5.20%,"5,181",17.3倍,3.83倍,1.50%
20260722,224,ネクソン,3659,東P,,"2,229.0",-44.5,-1.96%,"5,181",ー倍,1.65倍,2.69%
20260722,225,住友林,1911,東P,,"1,327.0",-24.5,-1.81%,"5,180",8.57倍,0.78倍,3.77%
20260722,226,大塚商会,4768,東P,,"3,011.0",-57.0,-1.86%,"5,161",18.7倍,2.91倍,3.16%
20260722,227,阪急阪神,9042,東P,,"4,680",-49,-1.04%,"5,144",13.7倍,0.98倍,2.14%
20260722,228,電子材料,6855,東S,,"6,500",+140,+2.20%,"5,123",17.3倍,2.12倍,1.23%
20260722,229,かんぽ生命,7181,東P,,"1,728.0",+42.0,+2.49%,"5,062",13.3倍,0.45倍,2.89%
20260722,230,日製鋼,5631,東P,,"7,507",+43,+0.58%,"5,060",29.1倍,2.60倍,1.23%
20260722,231,東洋エンジ,6330,東P,,"1,903",+33,+1.76%,"5,001",18.6倍,2.87倍,1.31%
20260722,232,精工技研,6834,東S,,"21,250","+1,260",+6.30%,"4,998",29.7倍,5.61倍,0.56%
20260722,233,関電工,1942,東P,,"5,959",+20,+0.34%,"4,961",18.3倍,3.04倍,2.18%
20260722,234,アマダ,6113,東P,,"2,866.5",+17.5,+0.61%,"4,954",26.2倍,1.66倍,2.23%
20260722,235,デクセリ,4980,東P,,"3,692.0",+79.0,+2.19%,"4,889",22.5倍,5.66倍,1.73%
20260722,236,ビルファンド,8951,東Ｒ,,"135,100",0,0.00%,"4,887",ー倍,1.63倍,3.64%
20260722,237,高島屋,8233,東P,,"2,402.5",-124.0,-4.91%,"4,876",18.5倍,1.55倍,1.66%
20260722,238,きんでん,1944,東P,,"7,340",+124,+1.72%,"4,852",17.3倍,1.83倍,3.27%
20260722,239,大東建,1878,東P,,"3,224.0",-52.0,-1.59%,"4,842",9.72倍,2.10倍,5.06%
20260722,240,ナブテスコ,6268,東P,,"4,938",+31,+0.63%,"4,817",31.1倍,2.11倍,1.66%
20260722,241,トレンド,4704,東P,,"6,319",-45,-0.71%,"4,802",22.4倍,7.39倍,ー%
20260722,242,データセク,3905,東G,,"2,419",-92,-3.66%,"4,800",8.86倍,4.16倍,ー%
20260722,243,大ガス,9532,東P,,"5,409",-27,-0.50%,"4,712",14.2倍,1.14倍,2.40%
20260722,244,ＣＫＤ,6407,東P,,"6,570",-30,-0.45%,"4,686",26.9倍,2.86倍,1.45%
20260722,245,ゼンショＨＤ,7550,東P,,"9,160",-90,-0.97%,"4,661",30.3倍,5.50倍,0.87%
20260722,246,出光興産,5019,東P,,"1,316.0",+23.5,+1.82%,"4,639",21.0倍,0.82倍,2.74%
20260722,247,ＤＯＷＡ,5714,東P,,"8,457",+186,+2.25%,"4,612",8.78倍,1.10倍,4.00%
20260722,248,ＦＵＪＩ,6134,東P,,"7,453",+23,+0.31%,"4,558",19.9倍,2.82倍,2.55%
20260722,249,アイシン,7259,東P,,"2,310.5",+17.0,+0.74%,"4,526",10.8倍,0.74倍,3.25%
20260722,250,清水建,1803,東P,,"2,473.5",+10.0,+0.41%,"4,525",12.9倍,1.72倍,3.11%
20260722,251,北川精機,6327,東S,,"4,035",-35,-0.86%,"4,516",54.0倍,5.83倍,0.50%
20260722,252,ＤＭＧ森精機,6141,東P,,"3,505.0",+107.0,+3.15%,"4,494",33.0倍,1.48倍,3.00%
20260722,253,ニッパツ,5991,東P,,"3,642.0",+61.0,+1.70%,"4,466",16.4倍,1.69倍,1.89%
20260722,254,ｉＳ日経,1329,東Ｅ,,"6,869",-28,-0.41%,"4,443",ー倍,ー倍,ー%
20260722,255,住友ファーマ,4506,東P,,"1,286.0",-18.0,-1.38%,"4,442",7.49倍,1.97倍,ー%
20260722,256,三井化学,4183,東P,,"2,202.5",+51.5,+2.39%,"4,429",17.7倍,0.92倍,3.41%
20260722,257,栗田工,6370,東P,,"8,911",+105,+1.19%,"4,415",22.9倍,2.82倍,1.50%
20260722,258,いすゞ,7202,東P,,"2,329.0",-0.5,-0.02%,"4,369",10.0倍,1.08倍,4.04%
20260722,259,明治ＨＤ,2269,東P,,"3,729",-22,-0.59%,"4,338",16.2倍,1.31倍,2.95%
20260722,260,テクセンド,429A,東P,,"3,760",+110,+3.01%,"4,330",15.8倍,2.14倍,1.86%
20260722,261,楽天銀,5838,東P,,"5,486",+146,+2.73%,"4,317",11.8倍,2.58倍,ー%
20260722,262,朝日インテク,7747,東P,,"3,415.0",-111.0,-3.15%,"4,302",29.7倍,5.45倍,1.35%
20260722,263,積水化,4204,東P,,"2,654.0",+10.5,+0.40%,"4,268",14.1倍,1.26倍,3.05%
20260722,264,タカラトミー,7867,東P,,"3,455.0",-235.0,-6.37%,"4,221",16.5倍,2.68倍,2.03%
20260722,265,ふくおかＦＧ,8354,東P,,"7,551",+144,+1.94%,"4,217",14.3倍,1.33倍,2.78%
20260722,266,エプソン,6724,東P,,"2,937.0",+67.5,+2.35%,"4,212",16.0倍,1.10倍,2.72%
20260722,267,神戸物産,3038,東P,,"2,623.5",-19.5,-0.74%,"4,169",19.7倍,3.47倍,1.22%
20260722,268,ＴＩＳＩ,3626,東P,,"3,463.0",-48.0,-1.37%,"4,141",12.7倍,2.24倍,2.60%
20260722,269,大日印,7912,東P,,"3,153.0",-18.0,-0.57%,"4,137",14.2倍,1.14倍,1.30%
20260722,270,ヤマダＨＤ,9831,東P,,706.5,-21.6,-2.97%,"4,131",16.9倍,0.74倍,2.41%
20260722,271,ＬＩＸＩＬ,5938,東P,,"1,830.5",-31.0,-1.67%,"4,087",43.9倍,0.79倍,4.92%
20260722,272,マクドナルド,2702,東S,,"7,540",-40,-0.53%,"4,064",29.1倍,3.53倍,0.85%
20260722,273,ミスミＧ,9962,東P,,"3,711",-12,-0.32%,"4,016",26.2倍,2.58倍,1.43%
20260722,274,東建物,8804,東P,,"3,484.0",-35.0,-0.99%,"3,938",11.5倍,1.22倍,3.50%
20260722,275,シスメックス,6869,東P,,"1,549.0",-53.0,-3.31%,"3,933",26.0倍,1.86倍,2.58%
20260722,276,日産化,4021,東P,,"7,882",-32,-0.40%,"3,907",20.4倍,4.12倍,2.69%
20260722,277,堀場製,6856,東P,,"27,165",+270,+1.00%,"3,901",23.5倍,3.32倍,1.80%
20260722,278,スギＨＤ,7649,東P,,"2,927.0",+47.5,+1.65%,"3,901",16.2倍,1.80倍,1.20%
20260722,279,ｓａｎｔｅｃ,6777,東S,,"19,090",+180,+0.95%,"3,883",25.5倍,8.07倍,1.20%
20260722,280,菱ガス化,4182,東P,,"4,533",+80,+1.80%,"3,869",19.2倍,1.37倍,2.43%
20260722,281,ＮＸＨＤ,9147,東P,,"5,521",-24,-0.43%,"3,866",22.0倍,1.60倍,1.81%
20260722,282,電通グループ,4324,東P,,"3,366.0",-99.0,-2.86%,"3,860",12.5倍,2.09倍,ー%
20260722,283,東洋水,2875,東P,,"10,700",-140,-1.29%,"3,851",15.8倍,1.95倍,2.06%
20260722,284,小田急,9007,東P,,"1,719.5",-27.0,-1.55%,"3,796",15.4倍,1.16倍,3.49%
20260722,285,東ソー,4042,東P,,"2,811.0",+44.5,+1.61%,"3,793",ー倍,1.04倍,3.56%
20260722,286,オンコセラピ,4564,東G,,19,-1,-5.00%,"3,784",ー倍,3.75倍,ー%
20260722,287,八十二長野,8359,東P,,"2,619.5",+41.0,+1.59%,"3,752",16.4倍,1.04倍,2.48%
20260722,288,野村マイクロ,6254,東P,,"4,100",-15,-0.36%,"3,721",14.1倍,3.99倍,2.07%
20260722,289,住友重,6302,東P,,"5,218",+137,+2.70%,"3,699",18.2倍,0.91倍,2.78%
20260722,290,日本ペＨＤ,4612,東P,,"1,098.0",-14.5,-1.30%,"3,695",12.9倍,1.34倍,1.55%
20260722,291,島津,7701,東P,,"4,058",-55,-1.34%,"3,691",21.3倍,2.07倍,1.72%
20260722,292,ランド,8918,東S,,10,0,0.00%,"3,686",11.4倍,1.62倍,ー%
20260722,293,オルガノ,6368,東P,,"15,310",-125,-0.81%,"3,604",23.5倍,4.92倍,1.44%
20260722,294,神戸鋼,5406,東P,,"1,984.5",+15.0,+0.76%,"3,577",7.85倍,0.62倍,4.03%
20260722,295,日ケミコン,6997,東P,,"3,345",+245,+7.90%,"3,543",22.9倍,1.87倍,0.75%
20260722,296,サントリＢＦ,2587,東P,,"4,636",+12,+0.26%,"3,539",16.1倍,1.09倍,2.59%
20260722,297,東急,9005,東P,,"1,748.0",-15.5,-0.88%,"3,534",11.0倍,1.08倍,1.83%
20260722,298,マキタ,6586,東P,,"5,657",+20,+0.35%,"3,533",18.0倍,1.46倍,ー%
20260722,299,太平洋セメ,5233,東P,,"4,203",+111,+2.71%,"3,524",7.29倍,0.67倍,2.86%
20260722,300,コスモス薬品,3349,東P,,"6,181",-69,-1.10%,"3,517",16.0倍,1.73倍,1.36%
20260722,301,ヒューリック,3003,東P,,"1,807.5",-18.0,-0.99%,"3,485",11.3倍,1.51倍,3.71%
20260722,302,東レ,3402,東P,,"1,169.5",+4.5,+0.39%,"3,475",18.9倍,0.95倍,2.22%
20260722,303,メック,4971,東P,,"8,770",+350,+4.16%,"3,461",28.9倍,5.06倍,1.25%
20260722,304,ニコン,7731,東P,,"2,212.5",+45.0,+2.08%,"3,431",72.9倍,1.24倍,0.90%
20260722,305,カバー,5253,東G,,"1,692",+59,+3.61%,"3,418",22.0倍,5.40倍,ー%
20260722,306,シチズン,7762,東P,,"2,256",+18,+0.80%,"3,407",20.0倍,1.88倍,2.22%
20260722,307,Ｊフロント,3086,東P,,"3,116.0",-190.0,-5.75%,"3,406",26.3倍,1.85倍,1.80%
20260722,308,ツルハＨＤ,3391,東P,,"2,376.5",-4.0,-0.17%,"3,395",26.0倍,1.23倍,2.02%
20260722,309,日清食ＨＤ,2897,東P,,"2,887.0",-31.0,-1.06%,"3,380",17.7倍,1.60倍,2.42%
20260722,310,純金信託,1540,東Ｅ,,"20,210",+340,+1.71%,"3,358",ー倍,ー倍,ー%
20260722,311,スカＪＳＡＴ,9412,東P,,"2,299",+14,+0.61%,"3,336",24.1倍,2.15倍,2.09%
20260722,312,ＳＢＩ新生銀,8303,東P,,"1,443.0",+2.5,+0.17%,"3,331",ー倍,1.04倍,2.91%
20260722,313,すかいらーく,3197,東P,,"2,982.5",-42.5,-1.40%,"3,285",34.8倍,3.57倍,0.87%
20260722,314,野村東証銀行,1615,東Ｅ,,760.5,+15.7,+2.11%,"3,278",ー倍,ー倍,ー%
20260722,315,モノタロウ,3064,東P,,"1,863.0",-52.0,-2.72%,"3,262",25.3倍,7.95倍,1.99%
20260722,316,日ハム,2282,東P,,"6,229",-22,-0.35%,"3,215",15.4倍,1.09倍,2.89%
20260722,317,いよぎんＨＤ,5830,東P,,"3,450.0",+91.0,+2.71%,"3,199",12.9倍,1.13倍,2.32%
20260722,318,ニチコン,6996,東P,,"3,080",+84,+2.80%,"3,198",30.9倍,1.73倍,1.27%
20260722,319,三菱自,7211,東P,,383.7,-5.8,-1.49%,"3,187",20.5倍,0.56倍,2.61%
20260722,320,あおぞら銀,8304,東P,,"3,004.0",+21.5,+0.72%,"3,186",15.4倍,0.87倍,3.33%
20260722,321,ツガミ,6101,東P,,"6,750",-50,-0.74%,"3,152",18.5倍,3.92倍,1.45%
20260722,322,京都ＦＧ,5844,東P,,"4,618",+118,+2.62%,"3,105",25.1倍,1.15倍,2.27%
20260722,323,ダイヘン,6622,東P,,"14,850",+280,+1.92%,"3,062",21.3倍,2.28倍,1.41%
20260722,324,霞ヶ関Ｃ,3498,東P,,"6,910",+70,+1.02%,"3,039",10.3倍,2.27倍,2.39%
20260722,325,マツキヨココ,3088,東P,,"2,465.5",-23.0,-0.92%,"3,021",16.4倍,1.78倍,2.27%
20260722,326,インフロニア,5076,東P,,"2,836.0",-8.0,-0.28%,"3,014",12.4倍,1.41倍,3.53%
20260722,327,日電波,6779,東P,,"2,850",+83,+3.00%,"3,010",28.4倍,2.05倍,1.05%
20260722,328,ラクス,3923,東P,,971.8,-39.2,-3.88%,"2,994",13.7倍,13.2倍,0.82%
20260722,329,東北電,9506,東P,,"1,140.5",-5.5,-0.48%,"2,982",ー倍,0.51倍,3.51%
20260722,330,小野薬,4528,東P,,"2,405.0",+8.0,+0.33%,"2,981",15.9倍,1.33倍,3.33%
20260722,331,ＱＰＳＨＤ,464A,東G,,"1,621",-24,-1.46%,"2,974",47.7倍,2.86倍,ー%
20260722,332,アルバック,6728,東P,,"9,800",0,0.00%,"2,968",26.1倍,2.10倍,1.55%
20260722,333,野村不ＨＤ,3231,東P,,957.2,-7.5,-0.78%,"2,934",9.51倍,1.02倍,4.60%
20260722,334,協和キリン,4151,東P,,"2,627.0",-30.0,-1.13%,"2,932",18.3倍,1.54倍,2.66%
20260722,335,オープンＨ,3288,東P,,"8,503",-53,-0.62%,"2,893",7.99倍,1.61倍,2.35%
20260722,336,日本化,4092,東P,,"5,510",+320,+6.17%,"2,890",15.9倍,0.95倍,ー%
20260722,337,ＷＴＩ原油,1671,東Ｅ,,"5,405",+252,+4.89%,"2,885",ー倍,ー倍,ー%
20260722,338,共立メンテ,9616,東P,,"3,093.0",-32.0,-1.02%,"2,859",15.6倍,1.93倍,1.49%
20260722,339,日揮ＨＤ,1963,東P,,"2,289.0",+11.5,+0.50%,"2,853",12.0倍,1.29倍,2.27%
20260722,340,ＧＭＯ－ＰＧ,3769,東P,,"9,511",-418,-4.21%,"2,845",30.9倍,6.16倍,1.79%
20260722,341,ヤクルト,2267,東P,,"2,775.5",-16.5,-0.59%,"2,843",17.2倍,1.32倍,2.59%
20260722,342,上場日経平均,1330,東Ｅ,,"68,470",-50,-0.07%,"2,827",ー倍,ー倍,ー%
20260722,343,日電硝,5214,東P,,"5,718",+80,+1.42%,"2,787",18.3倍,0.85倍,2.80%
20260722,344,丸井Ｇ,8252,東P,,"2,958.5",-34.0,-1.14%,"2,786",17.9倍,2.17倍,4.53%
20260722,345,武蔵精密,7220,東P,,"3,175",+55,+1.76%,"2,768",32.0倍,1.71倍,1.26%
20260722,346,日電子,6951,東P,,"8,351",+2,+0.02%,"2,756",19.1倍,2.81倍,1.58%
20260722,347,東急不ＨＤ,3289,東P,,"1,338.5",-8.0,-0.59%,"2,752",9.54倍,1.06倍,3.74%
20260722,348,ソレイジア,4597,東G,,28,+1,+3.70%,"2,742",ー倍,4.47倍,ー%
20260722,349,群馬銀,8334,東P,,"2,586.0",+54.0,+2.13%,"2,732",15.1倍,1.58倍,2.71%
20260722,350,山一電機,6941,東P,,"9,380",+380,+4.22%,"2,730",18.8倍,3.72倍,1.60%
20260722,351,ブラザー,6448,東P,,"3,927",+23,+0.59%,"2,703",13.5倍,1.27倍,2.55%
20260722,352,東京メトロ,9023,東P,,"1,447.0",-9.0,-0.62%,"2,696",16.8倍,1.14倍,3.04%
20260722,353,セイコーＧ,8050,東P,,"7,760",+90,+1.17%,"2,686",27.6倍,3.61倍,1.16%
20260722,354,クオリプス,4894,東G,,"4,185",-470,-10.10%,"2,678",ー倍,7.37倍,ー%
20260722,355,Ｓａｎｓａｎ,4443,東P,,"1,790",-5,-0.28%,"2,674",24.1倍,11.2倍,0.28%
20260722,356,光通信,9435,東P,,"37,280",-370,-0.98%,"2,664",13.6倍,1.38倍,2.09%
20260722,357,ウエストＨＤ,1407,東S,,"2,641",-93,-3.40%,"2,660",15.9倍,2.99倍,2.65%
20260722,358,日本酸素ＨＤ,4091,東P,,"5,969",-56,-0.93%,"2,639",19.7倍,2.12倍,1.11%
20260722,359,コカＢＪＨ,2579,東P,,"4,221",-61,-1.42%,"2,605",30.4倍,1.85倍,1.71%
20260722,360,ＪＩＮＳＨＤ,3046,東P,,"6,540",-90,-1.36%,"2,602",17.7倍,4.28倍,1.76%
20260722,361,王子ＨＤ,3861,東P,,857.9,+4.1,+0.48%,"2,596",20.8倍,0.66倍,4.20%
20260722,362,高砂熱,1969,東P,,"4,455",-74,-1.63%,"2,551",14.6倍,2.78倍,2.76%
20260722,363,クレセゾン,8253,東P,,"4,713",-15,-0.32%,"2,542",8.97倍,0.89倍,3.39%
20260722,364,大同特鋼,5471,東P,,"2,375.5",+13.5,+0.57%,"2,492",17.3倍,1.00倍,2.19%
20260722,365,ＵＳＳ,4732,東P,,"1,973.5",-24.0,-1.20%,"2,472",21.5倍,4.33倍,2.79%
20260722,366,サッポロ,2501,東P,,"2,017.5",-16.5,-0.81%,"2,448",2.66倍,3.66倍,1.98%
20260722,367,スクエニＨＤ,9684,東P,,"2,510.5",-30.5,-1.20%,"2,448",29.2倍,2.60倍,1.71%
20260722,368,ＩＩＪ,3774,東P,,"3,443.0",-98.0,-2.77%,"2,428",24.4倍,3.87倍,1.25%
20260722,369,インフォＭＴ,2492,東P,,525,-6,-1.13%,"2,418",45.2倍,4.74倍,1.25%
20260722,370,ニッスイ,1332,東P,,"1,282.5",+16.5,+1.30%,"2,400",13.4倍,1.30倍,2.50%
20260722,371,滋賀銀,8366,東P,,"2,710",+13,+0.48%,"2,398",21.9倍,1.22倍,1.85%
20260722,372,ホシザキ,6465,東P,,"5,337",-18,-0.34%,"2,384",19.6倍,1.91倍,2.15%
20260722,373,ほくほくＦＧ,8377,東P,,"7,540",+133,+1.80%,"2,378",14.6倍,1.24倍,1.99%
20260722,374,ヤマハ,7951,東P,,"1,222.5",-1.0,-0.08%,"2,373",19.2倍,1.12倍,2.13%
20260722,375,インソース,6200,東P,,690,+59,+9.35%,"2,370",13.2倍,4.29倍,5.07%
20260722,376,マネックスＧ,8698,東P,,761,+4,+0.53%,"2,363",ー倍,1.51倍,4.05%
20260722,377,ラサ工,4022,東P,,"1,941",+72,+3.85%,"2,347",17.6倍,2.38倍,1.85%
20260722,378,関電化,4047,東P,,"2,914",+119,+4.26%,"2,347",24.6倍,2.31倍,1.24%
20260722,379,ＫＯＡ,6999,東P,,"2,525",+147,+6.18%,"2,338",19.6倍,1.06倍,1.54%
20260722,380,森永乳,2264,東P,,"1,204.0",+10.0,+0.84%,"2,325",19.4倍,1.41倍,2.08%
20260722,381,長谷工,1808,東P,,"2,811.5",-17.5,-0.62%,"2,324",11.3倍,1.32倍,3.56%
20260722,382,ＴＯＹＯ,5105,東P,,"4,031",-93,-2.26%,"2,317",11.5倍,1.17倍,3.35%
20260722,383,石油資源,1662,東P,,"1,734",+16,+0.93%,"2,314",7.40倍,0.71倍,2.60%
20260722,384,フルヤ金属,7826,東P,,"6,920",+70,+1.02%,"2,314",11.4倍,2.30倍,2.24%
20260722,385,ヤマトＨＤ,9064,東P,,"2,017.0",-5.0,-0.25%,"2,312",39.9倍,1.12倍,2.28%
20260722,386,Ｖテク,7717,東P,,"6,530",+150,+2.35%,"2,308",20.6倍,1.71倍,1.23%
20260722,387,日本オラクル,4716,東S,,"8,346",-89,-1.06%,"2,306",ー倍,5.23倍,ー%
20260722,388,あいちＦＧ,7389,東P,,"1,815",-9,-0.49%,"2,306",19.2倍,1.03倍,1.65%
20260722,389,日精工,6471,東P,,"1,133.5",+15.0,+1.34%,"2,302",23.1倍,0.83倍,3.00%
20260722,390,ＵＢＥ,4208,東P,,"3,241.0",+8.0,+0.25%,"2,295",12.9倍,0.72倍,4.94%
20260722,391,東京きらぼし,7173,東P,,"1,737",+11,+0.64%,"2,290",12.6倍,1.35倍,1.73%
20260722,392,九州電,9508,東P,,"1,789.5",+8.0,+0.45%,"2,279",6.81倍,0.85倍,2.79%
20260722,393,コスモＨＤ,5021,東P,,"3,944",+14,+0.36%,"2,275",14.2倍,1.03倍,4.18%
20260722,394,ネクステージ,3186,東P,,"3,440",-20,-0.58%,"2,261",15.8倍,3.18倍,1.45%
20260722,395,明電舎,6508,東P,,"8,970",+210,+2.40%,"2,254",18.5倍,2.33倍,ー%
20260722,396,クラレ,3405,東P,,"1,804.5",-3.0,-0.17%,"2,247",13.6倍,0.73倍,3.55%
20260722,397,キユーピー,2809,東P,,"4,565",-84,-1.81%,"2,239",24.3倍,1.90倍,1.42%
20260722,398,太陽ＨＤ,4626,東P,,"4,798",-7,-0.15%,"2,230",22.2倍,4.61倍,ー%
20260722,399,アルプスアル,6770,東P,,"2,126.0",+23.5,+1.12%,"2,220",13.8倍,0.93倍,3.01%
20260722,400,寿スピリッツ,2222,東P,,"2,466.0",-88.0,-3.45%,"2,208",27.6倍,7.95倍,1.42%
20260722,401,しまむら,8227,東P,,"3,314.0",-27.0,-0.81%,"2,192",14.5倍,1.40倍,2.41%
20260722,402,パーソルＨＤ,2181,東P,,259.5,-7.7,-2.88%,"2,188",13.0倍,2.64倍,5.01%
20260722,403,ＯＫＩ,6703,東P,,"3,295",+15,+0.46%,"2,186",15.9倍,1.59倍,1.97%
20260722,404,渋沢倉,9304,東P,,"1,838",-298,-13.95%,"2,186",16.0倍,1.52倍,3.81%
20260722,405,デンカ,4061,東P,,"3,724.0",+40.0,+1.09%,"2,184",20.1倍,1.03倍,2.69%
20260722,406,京成,9009,東P,,"1,246.0",-21.5,-1.70%,"2,182",15.3倍,1.08倍,1.77%
20260722,407,フジミインコ,5384,東P,,"4,180",+175,+4.37%,"2,168",29.8倍,3.70倍,1.84%
20260722,408,野村ＲＥＩＴ,1343,東Ｅ,,"2,017.5",-3.5,-0.17%,"2,137",ー倍,ー倍,ー%
20260722,409,フューチャー,4722,東P,,"2,206",-70,-3.08%,"2,137",16.6倍,3.09倍,2.18%
20260722,410,トクヤマ,4043,東P,,"4,685",+92,+2.00%,"2,127",ー倍,1.19倍,ー%
20260722,411,日機装,6376,東P,,"3,965",-155,-3.76%,"2,121",19.9倍,1.58倍,1.26%
20260722,412,参天薬,4536,東P,,"1,987.0",-35.5,-1.76%,"2,106",16.0倍,2.15倍,2.11%
20260722,413,北洋銀,8524,東P,,"1,201",+8,+0.67%,"2,104",15.3倍,1.16倍,2.66%
20260722,414,ジャパンＲＥ,8952,東Ｒ,,"122,300","-1,000",-0.81%,"2,098",ー倍,1.64倍,4.19%
20260722,415,小糸製,7276,東P,,"2,493.5",+18.0,+0.73%,"2,091",16.6倍,1.06倍,2.33%
20260722,416,扶桑化学,4368,東P,,"4,050",+75,+1.89%,"2,079",22.3倍,3.66倍,0.69%
20260722,417,住友ベ,4203,東P,,"7,082",+6,+0.08%,"2,077",21.8倍,1.79倍,1.69%
20260722,418,カドカワ,9468,東P,,"3,575.0",-63.0,-1.73%,"2,073",90.6倍,2.14倍,0.84%
20260722,419,マネフォ,3994,東P,,"5,325",+70,+1.33%,"2,064",ー倍,7.16倍,ー%
20260722,420,ユニチカ,3103,東S,,906,+22,+2.49%,"2,058",11.0倍,1.56倍,ー%
20260722,421,日経高配５０,1489,東Ｅ,,"3,394",+14,+0.41%,"2,058",ー倍,ー倍,ー%
20260722,422,ｉＦ日経年１,1320,東Ｅ,,"68,030",-250,-0.37%,"2,054",ー倍,ー倍,ー%
20260722,423,Ｓｙｎｓ,290A,東G,,"1,192",+22,+1.88%,"2,054",60.4倍,4.41倍,ー%
20260722,424,ディーエヌエ,2432,東P,,"2,429.5",-1.5,-0.06%,"2,047",ー倍,0.96倍,ー%
20260722,425,ＪＲ九州,9142,東P,,"3,624.0",-29.0,-0.79%,"2,039",10.8倍,1.13倍,3.34%
20260722,426,ＯＳＧ,6136,東P,,"3,751",-39,-1.03%,"2,026",14.7倍,1.61倍,3.07%
20260722,427,ピジョン,7956,東P,,"1,994.0",-34.5,-1.70%,"2,008",26.1倍,2.92倍,3.81%
20260722,428,マクニカＨＤ,3132,東P,,"3,369.0",+85.0,+2.59%,"2,002",18.8倍,2.16倍,2.37%
20260722,429,ＧＭＯ,9449,東P,,"3,950",-108,-2.66%,"1,980",ー倍,3.43倍,ー%
20260722,430,セブン銀,8410,東P,,314.7,+3.4,+1.09%,"1,976",21.6倍,1.31倍,3.50%
20260722,431,さくらネット,3778,東P,,"2,906",+84,+2.98%,"1,972",137倍,3.87倍,0.19%
20260722,432,ホテルリート,8985,東Ｒ,,"82,500",+200,+0.24%,"1,970",9.39倍,1.66倍,6.76%
20260722,433,ＡＢＣマート,2670,東P,,"2,627.0",-19.0,-0.72%,"1,967",14.0倍,1.62倍,3.05%
20260722,434,ＡＣＳＬ,6232,東G,,"1,877",+72,+3.99%,"1,967",ー倍,13.2倍,ー%
20260722,435,五洋建,1893,東P,,"1,593.0",+5.0,+0.31%,"1,965",12.3倍,2.17倍,3.26%
20260722,436,ダイセル,4202,東P,,"1,474.5",-8.0,-0.54%,"1,954",11.8倍,1.06倍,4.75%
20260722,437,ＳＧＨＤ,9143,東P,,"1,580.5",-21.5,-1.34%,"1,941",15.7倍,1.73倍,3.42%
20260722,438,テラプローブ,6627,東S,,"11,380",+400,+3.64%,"1,933",ー倍,2.55倍,ー%
20260722,439,吉野家ＨＤ,9861,東P,,"3,539.0",-46.0,-1.28%,"1,931",46.8倍,3.30倍,0.62%
20260722,440,北海電,9509,東P,,"1,018.5",+1.0,+0.10%,"1,902",10.2倍,0.51倍,3.24%
20260722,441,パルＨＤ,2726,東P,,"1,374",-14,-1.01%,"1,891",12.5倍,2.91倍,2.91%
20260722,442,三井ハイテク,6966,東P,,923,+7,+0.76%,"1,886",16.9倍,1.43倍,2.06%
20260722,443,東海カーボン,5301,東P,,"1,649.0",+11.0,+0.67%,"1,880",27.8倍,1.05倍,2.43%
20260722,444,エンプラス,6961,東P,,"12,370",+400,+3.34%,"1,876",22.4倍,1.79倍,0.73%
20260722,445,関西ペ,4613,東P,,"2,673.0",-7.5,-0.28%,"1,863",17.4倍,1.57倍,4.12%
20260722,446,日鉄鉱,1515,東P,,"2,815",+38,+1.37%,"1,860",18.2倍,1.39倍,2.20%
20260722,447,オークマ,6103,東P,,"4,890",+15,+0.31%,"1,858",22.1倍,1.17倍,2.04%
20260722,448,東京センチュ,8439,東P,,"2,678.0",+6.0,+0.22%,"1,855",10.6倍,1.17倍,3.36%
20260722,449,テクノフレ,3449,東S,,"5,110",+205,+4.18%,"1,848",22.9倍,3.56倍,1.25%
20260722,450,大和工,5444,東P,,"12,820",-160,-1.23%,"1,847",16.3倍,1.41倍,3.12%
20260722,451,リンテック,7966,東P,,"6,680",+60,+0.91%,"1,845",22.4倍,1.70倍,1.80%
20260722,452,三和ＨＤ,5929,東P,,"3,764",-12,-0.32%,"1,843",13.1倍,2.26倍,3.88%
20260722,453,ＩＮＶ,8963,東Ｒ,,"61,600",0,0.00%,"1,842",ー倍,1.33倍,6.15%
20260722,454,京王,9008,東P,,791.0,-8.0,-1.00%,"1,842",10.7倍,1.03倍,2.78%
20260722,455,Ｊパワー,9513,東P,,"3,804",+39,+1.04%,"1,832",8.27倍,0.48倍,2.76%
20260722,456,ロート,4527,東P,,"2,380.0",-55.0,-2.26%,"1,831",15.6倍,1.78倍,2.10%
20260722,457,ＧＸ半導体,2243,東Ｅ,,"4,651",-9,-0.19%,"1,829",ー倍,ー倍,ー%
20260722,458,ＰＩＬＬＡＲ,6490,東P,,"10,120",+200,+2.02%,"1,824",21.6倍,2.91倍,1.86%
20260722,459,都市ファンド,8953,東Ｒ,,"118,000",0,0.00%,"1,818",ー倍,1.30倍,5.05%
20260722,460,近鉄ＧＨＤ,9041,東P,,"3,459.0",-30.0,-0.86%,"1,816",14.0倍,1.08倍,2.02%
20260722,461,ＤＩＣ,4631,東P,,"4,565",+65,+1.44%,"1,813",13.1倍,0.90倍,3.07%
20260722,462,ゼオン,4205,東P,,"2,256.5",+15.5,+0.69%,"1,809",12.0倍,1.14倍,3.50%
20260722,463,山パン,2212,東P,,"3,326.0",-46.0,-1.36%,"1,802",15.4倍,1.42倍,1.80%
20260722,464,コムシスＨＤ,1721,東P,,"5,229",+32,+0.62%,"1,793",15.9倍,1.50倍,2.58%
20260722,465,エニーカラー,5032,東P,,"2,490",+55,+2.26%,"1,775",11.5倍,5.53倍,2.49%
20260722,466,スルガ銀,8358,東P,,"2,701",+26,+0.97%,"1,774",14.4倍,1.42倍,2.22%
20260722,467,七十七,8341,東P,,"3,560.0",+63.0,+1.80%,"1,763",12.9倍,1.15倍,2.92%
20260722,468,豊田合,7282,東P,,"5,039",+58,+1.16%,"1,758",10.4倍,1.04倍,3.47%
20260722,469,マルマエ,6264,東P,,"2,008",+24,+1.21%,"1,753",17.3倍,3.75倍,2.24%
20260722,470,名鉄,9048,東P,,"1,915.5",-17.0,-0.88%,"1,742",9.63倍,0.77倍,3.13%
20260722,471,ＭＸ２２５,1346,東Ｅ,,"68,250",-180,-0.26%,"1,738",ー倍,ー倍,ー%
20260722,472,筑波銀,8338,東P,,672,+35,+5.49%,"1,737",8.37倍,0.78倍,0.74%
20260722,473,日清紡ＨＤ,3105,東P,,"2,259.0",-38.5,-1.68%,"1,731",35.3倍,1.16倍,1.59%
20260722,474,セガサミー,6460,東P,,"2,460.0",-40.0,-1.60%,"1,722",15.3倍,1.41倍,2.24%
20260722,475,ＲＳテクノ,3445,東P,,"6,480",-100,-1.52%,"1,721",17.2倍,2.04倍,0.85%
20260722,476,パーク２４,4666,東P,,"1,974.0",-30.5,-1.52%,"1,718",7.66倍,3.05倍,3.29%
20260722,477,アスタリスク,6522,東G,,"1,486",+177,+13.52%,"1,717",184倍,6.30倍,ー%
20260722,478,ＵＡＣＪ,5741,東P,,"2,381",+3,+0.13%,"1,717",15.4倍,1.24倍,2.44%
20260722,479,ウイングアク,4432,東P,,"2,873",-27,-0.93%,"1,714",13.5倍,2.19倍,3.76%
20260722,480,サンドラッグ,9989,東P,,"3,820",+2,+0.05%,"1,709",13.9倍,1.56倍,3.46%
20260722,481,エアウォータ,4088,東P,,"2,558",+5,+0.20%,"1,708",ー倍,1.32倍,2.93%
20260722,482,九州ＦＧ,7180,東P,,"1,585.0",+33.0,+2.13%,"1,708",14.9倍,0.88倍,2.40%
20260722,483,ＰＡＬＴＡＣ,8283,東P,,"6,610",+7,+0.11%,"1,706",ー倍,1.33倍,ー%
20260722,484,山九,9065,東P,,"9,200",+50,+0.55%,"1,704",14.0倍,1.52倍,2.87%
20260722,485,スタンレー,6923,東P,,"3,518.0",-2.0,-0.06%,"1,702",12.7倍,0.95倍,3.16%
20260722,486,東武,9001,東P,,"3,044.0",-17.0,-0.56%,"1,699",10.6倍,0.97倍,2.46%
20260722,487,牧野フ,6135,東P,,"14,490",+80,+0.56%,"1,697",15.3倍,1.30倍,2.35%
20260722,488,十六ＦＧ,7380,東P,,"2,532",+88,+3.60%,"1,697",15.0倍,0.96倍,2.09%
20260722,489,ＡＲＣＨＩＯ,543A,東P,,304,+3,+1.00%,"1,684",11.2倍,1.71倍,2.63%
20260722,490,コニカミノル,4902,東P,,639.1,+5.6,+0.88%,"1,675",11.1倍,0.59倍,2.82%
20260722,491,ＴＰＸブル,1568,東Ｅ,,975.5,+8.5,+0.88%,"1,674",ー倍,ー倍,ー%
20260722,492,フジＨＤ,4676,東P,,"4,100",-14,-0.34%,"1,674",22.4倍,1.07倍,4.88%
20260722,493,ムニノバＨＤ,547A,東P,,461,+17,+3.83%,"1,673",6.98倍,0.93倍,4.34%
20260722,494,ニッカトー,5367,東S,,"1,232",+77,+6.67%,"1,660",18.4倍,1.04倍,1.87%
20260722,495,山口ＦＧ,8418,東P,,"3,085.0",+37.0,+1.21%,"1,657",13.8倍,0.93倍,3.11%
20260722,496,ｉＦ日経Ｗブ,1365,東Ｅ,,"4,305",-14,-0.32%,"1,645",ー倍,ー倍,ー%
20260722,497,第四北越ＦＧ,7327,東P,,"2,325",+38,+1.66%,"1,639",12.2倍,1.07倍,3.27%
20260722,498,千代建,6366,東S,,690,0,0.00%,"1,638",25.8倍,5.37倍,ー%
20260722,499,ビプロジー,8056,東P,,"4,595",-53,-1.14%,"1,622",13.8倍,2.48倍,3.05%
20260722,500,ニフコ,7988,東P,,"5,125",+26,+0.51%,"1,620",14.0倍,1.61倍,2.19%
20260722,501,松井,8628,東P,,"1,109",+23,+2.12%,"1,604",ー倍,3.48倍,ー%
20260722,502,上場日経２倍,1358,東Ｅ,,"132,800",-700,-0.52%,"1,603",ー倍,ー倍,ー%
20260722,503,純銀信託,1542,東Ｅ,,"28,200",+385,+1.38%,"1,602",ー倍,ー倍,ー%
20260722,504,戸田建,1860,東P,,"1,523.5",-1.0,-0.07%,"1,596",12.9倍,1.15倍,3.94%
20260722,505,西日本ＦＨ,7189,東P,,"4,376",+47,+1.09%,"1,590",12.7倍,0.99倍,3.20%
20260722,506,ＡＬＳＯＫ,2331,東P,,"1,148.0",-2.0,-0.17%,"1,581",15.0倍,1.45倍,2.87%
20260722,507,ニチアス,5393,東P,,"3,311.0",+33.0,+1.01%,"1,577",19.5倍,2.62倍,1.96%
20260722,508,ＡＲＥＨＤ,5857,東P,,"3,065",+35,+1.16%,"1,574",9.08倍,1.14倍,4.40%
20260722,509,ジャパンエン,6016,東S,,"9,120",+470,+5.43%,"1,572",15.3倍,4.16倍,1.10%
20260722,510,ひろぎんＨＤ,7337,東P,,"2,250.5",+42.0,+1.90%,"1,567",13.1倍,1.17倍,3.11%
20260722,511,シンフォニア,6507,東P,,"13,930",+70,+0.51%,"1,563",26.2倍,3.97倍,1.16%
20260722,512,古河機金,5715,東P,,"3,695",+50,+1.37%,"1,561",23.5倍,0.81倍,2.17%
20260722,513,シャープ,6753,東P,,622.2,-1.6,-0.26%,"1,546",9.62倍,1.44倍,ー%
20260722,514,アズビル,6845,東P,,"1,641.0",-0.5,-0.03%,"1,545",23.3倍,3.25倍,3.05%
20260722,515,日本紙,3863,東P,,"1,518",0,0.00%,"1,545",17.5倍,0.34倍,0.99%
20260722,516,コーセーＨＤ,4922,東P,,"5,472",-108,-1.94%,"1,544",25.7倍,1.11倍,2.74%
20260722,517,Ｊマテリアル,6055,東P,,"2,313",-7,-0.30%,"1,542",22.0倍,3.79倍,1.51%
20260722,518,東京計器,7721,東P,,"6,430",+20,+0.31%,"1,539",21.1倍,2.32倍,0.75%
20260722,519,上組,9364,東P,,"5,142",-36,-0.70%,"1,534",18.6倍,1.28倍,3.99%
20260722,520,ＪＭＤＣ,4483,東P,,"3,290",+20,+0.61%,"1,526",30.3倍,2.57倍,ー%
20260722,521,トーメンデバ,2737,東P,,"16,760",+580,+3.58%,"1,525",10.4倍,1.92倍,3.58%
20260722,522,サンケン,6707,東P,,"9,677",+314,+3.35%,"1,513",193倍,1.61倍,ー%
20260722,523,令和ＡＨ,296A,東G,,930,+29,+3.22%,"1,494",24.2倍,15.4倍,3.55%
20260722,524,オプトラン,6235,東P,,"3,305",+130,+4.09%,"1,493",23.5倍,1.64倍,1.69%
20260722,525,カカクコム,2371,東P,,"3,625.0",+8.0,+0.22%,"1,484",34.7倍,11.0倍,ー%
20260722,526,クラフティア,1959,東P,,"8,712",+57,+0.66%,"1,475",15.2倍,1.77倍,2.53%
20260722,527,伊藤園,2593,東P,,"3,008.0",-46.0,-1.51%,"1,465",31.5倍,1.97倍,1.73%
20260722,528,マブチ,6592,東P,,"1,619.0",+1.5,+0.09%,"1,459",18.1倍,1.15倍,3.46%
20260722,529,大垣共立,8361,東P,,"7,720",-30,-0.39%,"1,457",15.4倍,0.87倍,1.94%
20260722,530,ＪＳＨ,150A,東G,,697,+12,+1.75%,"1,440",20.6倍,2.04倍,ー%
20260722,531,タイミー,215A,東G,,"1,373",-52,-3.65%,"1,440",21.2倍,8.58倍,ー%
20260722,532,日本空港ビル,9706,東P,,"5,287",-53,-0.99%,"1,436",20.3倍,2.33倍,1.80%
20260722,533,京葉銀,8544,東P,,"2,673",+55,+2.10%,"1,430",16.6倍,0.97倍,2.47%
20260722,534,エスエムエス,2175,東P,,"2,457",-21,-0.85%,"1,427",32.7倍,7.61倍,1.24%
20260722,535,カシオ,6952,東P,,"1,801.0",+1.0,+0.06%,"1,420",21.6倍,1.70倍,ー%
20260722,536,ジェイテクト,6473,東P,,"2,062.5",+12.0,+0.59%,"1,411",13.1倍,0.83倍,3.39%
20260722,537,バイセル,7685,東G,,"3,215",-135,-4.03%,"1,410",21.2倍,8.47倍,0.68%
20260722,538,ウシオ電,6925,東P,,"4,104",+56,+1.38%,"1,406",31.0倍,1.64倍,1.71%
20260722,539,住友大阪,5232,東P,,"5,715",-13,-0.23%,"1,404",18.1倍,0.93倍,2.10%
20260722,540,ｉＳＴＰＸ,1475,東Ｅ,,418.5,+2.4,+0.58%,"1,404",ー倍,ー倍,ー%
20260722,541,百五銀,8368,東P,,"2,058",+34,+1.68%,"1,401",17.2倍,0.96倍,2.04%
20260722,542,中国電,9504,東P,,941.3,+0.5,+0.05%,"1,401",10.9倍,0.44倍,3.19%
20260722,543,日本ドライ,1909,東S,,"3,695",+5,+0.14%,"1,400",ー倍,3.19倍,ー%
20260722,544,コーテクＨＤ,3635,東P,,"1,521.0",-15.5,-1.01%,"1,395",16.4倍,1.87倍,3.16%
20260722,545,全国保証,7164,東P,,"3,076.0",-42.0,-1.35%,"1,390",12.5倍,1.67倍,4.00%
20260722,546,テスＨＤ,5074,東P,,761,-15,-1.93%,"1,382",44.8倍,1.09倍,0.76%
20260722,547,ビジョナル,4194,東P,,"8,403",-139,-1.63%,"1,376",21.1倍,4.17倍,ー%
20260722,548,グリコ,2206,東P,,"5,093",-26,-0.51%,"1,376",31.2倍,1.13倍,1.87%
20260722,549,岩谷産,8088,東P,,"1,994.5",+19.5,+0.99%,"1,375",10.1倍,1.05倍,2.36%
20260722,550,メディパル,7459,東P,,"2,872.5",+20.5,+0.72%,"1,372",13.7倍,0.90倍,3.06%
20260722,551,湖北工業,6524,東S,,"4,735",+170,+3.72%,"1,372",34.7倍,5.17倍,0.84%
20260722,552,トリケミカル,4369,東P,,"3,340",+65,+1.98%,"1,361",23.6倍,2.95倍,1.05%
20260722,553,ワークマン,7564,東S,,"5,580",-50,-0.89%,"1,361",20.4倍,2.97倍,1.59%
20260722,554,ＵＮＥＸＴ,9418,東P,,"1,670",-48,-2.79%,"1,343",16.3倍,2.82倍,1.02%
20260722,555,日テレＨＤ,9404,東P,,"2,857.5",-24.5,-0.85%,"1,337",13.6倍,0.70倍,1.57%
20260722,556,ジーエヌアイ,2160,東G,,"2,499",-3,-0.12%,"1,327",ー倍,3.29倍,ー%
20260722,557,ボードルア,4413,東P,,"2,979",-101,-3.28%,"1,326",29.7倍,11.5倍,0.34%
20260722,558,ＧＬＰ,3281,東Ｒ,,"144,200",-100,-0.07%,"1,325",ー倍,1.53倍,4.60%
20260722,559,トヨタ紡織,3116,東P,,"2,266.0",+2.5,+0.11%,"1,320",8.44倍,0.83倍,3.80%
20260722,560,ＧＸ半導１０,282A,東Ｅ,,"2,603",+18,+0.70%,"1,309",ー倍,ー倍,ー%
20260722,561,ライオン,4912,東P,,"1,671.5",-22.0,-1.30%,"1,308",18.5倍,1.43倍,2.03%
20260722,562,大阪チタ,5726,東P,,"2,633",+12,+0.46%,"1,306",53.8倍,2.19倍,0.49%
20260722,563,三機工,1961,東P,,"2,489",+14,+0.57%,"1,306",15.0倍,3.13倍,2.61%
20260722,564,大黒屋,6993,東S,,75,-1,-1.32%,"1,305",89.3倍,10.4倍,ー%
20260722,565,京急,9006,東P,,"1,569.0",-23.5,-1.48%,"1,305",13.9倍,1.07倍,2.93%
20260722,566,カネカ,4118,東P,,"5,740",+75,+1.32%,"1,305",11.0倍,0.69倍,3.66%
20260722,567,Ｈ２Ｏリテイ,8242,東P,,"2,797.5",-57.5,-2.01%,"1,303",13.8倍,1.02倍,1.72%
20260722,568,ＳＡＮＫＹＯ,6417,東P,,"1,685.5",+4.5,+0.27%,"1,297",8.32倍,1.34倍,4.75%
20260722,569,百十四,8386,東P,,"2,865",+48,+1.70%,"1,295",15.4倍,0.84倍,2.44%
20260722,570,ケーズＨＤ,8282,東P,,"1,829.0",+14.0,+0.77%,"1,292",14.1倍,1.14倍,2.62%
20260722,571,東光高岳,6617,東P,,"8,110",+240,+3.05%,"1,291",12.8倍,1.89倍,1.65%
20260722,572,電通総研,4812,東P,,"2,666",-4,-0.15%,"1,280",28.9倍,5.16倍,1.69%
20260722,573,レンゴー,3941,東P,,"1,464.5",+1.0,+0.07%,"1,278",11.6倍,0.73倍,3.41%
20260722,574,東洋合成,4970,東S,,"15,550",+890,+6.07%,"1,269",38.6倍,4.50倍,0.32%
20260722,575,アクセルＨＤ,402A,東G,,478,+21,+4.60%,"1,260",ー倍,4.57倍,ー%
20260722,576,金先物Ｗブル,2036,東EN,,"153,550","+7,450",+5.10%,"1,243",ー倍,ー倍,ー%
20260722,577,産業ファンド,3249,東Ｒ,,"147,000",-800,-0.54%,"1,242",ー倍,1.50倍,5.44%
20260722,578,メガチップス,6875,東P,,"9,570",+170,+1.81%,"1,239",4.06倍,0.72倍,2.72%
20260722,579,堺化学,4078,東P,,"4,070",+70,+1.75%,"1,234",15.6倍,0.88倍,3.93%
20260722,580,ＫＤＸ不動産,8972,東Ｒ,,"158,600",-200,-0.13%,"1,232",ー倍,1.01倍,5.33%
20260722,581,高度紙,3891,東S,,"7,430",+250,+3.48%,"1,230",24.5倍,2.99倍,1.48%
20260722,582,タツモ,6266,東P,,"4,695",+45,+0.97%,"1,229",27.2倍,2.59倍,0.72%
20260722,583,シンプレクス,4373,東P,,"1,049",-22,-2.05%,"1,220",18.9倍,4.57倍,2.29%
20260722,584,ＴＢＳＨＤ,9401,東P,,"6,216",-37,-0.59%,"1,213",19.8倍,0.85倍,1.61%
20260722,585,三菱倉,9301,東P,,"1,606.0",+7.0,+0.44%,"1,210",23.8倍,1.44倍,2.74%
20260722,586,富士紡ＨＤ,3104,東P,,"4,085",+345,+9.22%,"1,210",21.9倍,2.66倍,1.91%
20260722,587,ユナイテッド,8960,東Ｒ,,"163,600",+500,+0.31%,"1,205",ー倍,1.36倍,5.67%
20260722,588,プロロジスＲ,3283,東Ｒ,,"89,700",-200,-0.22%,"1,203",ー倍,1.52倍,4.32%
20260722,589,フリー,4478,東G,,"2,412",-38,-1.55%,"1,196",ー倍,7.07倍,ー%
20260722,590,トライアル,141A,東G,,"3,005",-10,-0.33%,"1,193",738倍,2.82倍,0.53%
20260722,591,一工薬,4461,東P,,"10,990",+400,+3.78%,"1,193",17.4倍,2.24倍,1.36%
20260722,592,メイテックＧ,9744,東P,,"3,246.0",-28.0,-0.86%,"1,179",18.0倍,5.14倍,5.58%
20260722,593,ハウス食Ｇ,2810,東P,,"3,883",-13,-0.33%,"1,179",20.5倍,1.19倍,2.58%
20260722,594,アインＨＤ,9627,東P,,"5,847",+25,+0.43%,"1,178",13.7倍,1.29倍,1.71%
20260722,595,竹内製作所,6432,東P,,"7,280",+110,+1.53%,"1,166",13.0倍,1.80倍,3.02%
20260722,596,日本光電,6849,東P,,"1,543.5",-11.0,-0.71%,"1,163",16.5倍,1.37倍,2.14%
20260722,597,日経ベア,1580,東Ｅ,,792.4,+2.4,+0.30%,"1,160",ー倍,ー倍,ー%
20260722,598,ＦＩＧ,4392,東P,,"1,065",-5,-0.47%,"1,158",53.2倍,4.13倍,0.94%
20260722,599,ＪＳＢ,3480,東P,,"9,010",+20,+0.22%,"1,157",32.0倍,4.12倍,ー%
20260722,600,トリドール,3397,東P,,"4,065",-106,-2.54%,"1,153",51.1倍,3.87倍,0.30%
20260722,601,バローＨＤ,9956,東P,,"3,240",-40,-1.22%,"1,153",11.3倍,1.00倍,2.47%
20260722,602,ベクトル,6058,東P,,"1,710",-4,-0.23%,"1,152",14.6倍,3.66倍,2.11%
20260722,603,日油,4403,東P,,"2,743.0",+5.0,+0.18%,"1,151",15.8倍,2.09倍,2.55%
20260722,604,セイノーＨＤ,9076,東P,,"2,711.5",+12.0,+0.44%,"1,148",16.0倍,0.99倍,3.84%
20260722,605,カナデビア,7004,東P,,"1,216",+24,+2.01%,"1,145",9.74倍,1.04倍,3.13%
20260722,606,東映アニメ,4816,東S,,"2,668",-87,-3.16%,"1,144",30.1倍,3.19倍,1.65%
20260722,607,三菱紙,3864,東P,,"1,175",-51,-4.16%,"1,140",7.92倍,0.50倍,1.70%
20260722,608,安藤ハザマ,1719,東P,,"1,826.5",+4.0,+0.22%,"1,137",12.9倍,1.38倍,4.60%
20260722,609,ノート,5243,東G,,"1,930",-112,-5.48%,"1,128",31.2倍,4.88倍,ー%
20260722,610,ＵＴ,2146,東P,,179,-3,-1.65%,"1,125",16.7倍,4.03倍,5.72%
20260722,611,ダイダン,1980,東P,,"2,624",+16,+0.61%,"1,123",12.4倍,2.60倍,3.24%
20260722,612,Ｆスターズ,3687,東P,,"2,124",-33,-1.53%,"1,114",35.2倍,7.84倍,0.89%
20260722,613,リンナイ,5947,東P,,"3,587.0",-36.0,-0.99%,"1,102",13.6倍,1.13倍,2.96%
20260722,614,ＮＴＮ,6472,東P,,385.0,+0.6,+0.16%,"1,094",15.3倍,0.77倍,3.38%
20260722,615,野村マスター,3462,東Ｒ,,"154,900",-800,-0.51%,"1,093",ー倍,1.20倍,4.77%
20260722,616,ノースサンド,446A,東G,,"1,478",-103,-6.51%,"1,089",15.9倍,5.73倍,2.23%
20260722,617,ドトル日レス,3087,東P,,"3,085",+108,+3.63%,"1,083",17.2倍,1.22倍,1.94%
20260722,618,楽天Ｗベア,1459,東Ｅ,,114,0,0.00%,"1,082",ー倍,ー倍,ー%
20260722,619,みずほリース,8425,東P,,"1,326",+8,+0.61%,"1,078",7.14倍,0.87倍,3.92%
20260722,620,農中Ｊリート,1595,東Ｅ,,"1,897",0,0.00%,"1,077",ー倍,ー倍,ー%
20260722,621,日清粉Ｇ,2002,東P,,"2,041.0",-2.0,-0.10%,"1,075",13.9倍,1.10倍,3.18%
20260722,622,小林製薬,4967,東P,,"5,450",-47,-0.86%,"1,075",40.5倍,1.95倍,1.94%
20260722,623,上村工,4966,東S,,"23,910",-70,-0.29%,"1,074",26.3倍,3.28倍,1.21%
20260722,624,ブシロード,7803,東G,,376,-21,-5.29%,"1,067",11.1倍,1.86倍,0.66%
20260722,625,飯田ＧＨＤ,3291,東P,,"2,250.5",-6.0,-0.27%,"1,066",9.49倍,0.61倍,4.09%
20260722,626,ＳＲＥＨＤ,2980,東P,,"2,531",-37,-1.44%,"1,064",14.4倍,2.67倍,0.79%
20260722,627,ＨＩＯＫＩ,6866,東P,,"11,590",+420,+3.76%,"1,047",20.6倍,3.39倍,2.07%
20260722,628,四国化ＨＤ,4099,東P,,"2,814",+79,+2.89%,"1,047",24.3倍,2.52倍,1.07%
20260722,629,サンコール,5985,東S,,"1,300",-16,-1.22%,"1,039",9.38倍,1.15倍,2.31%
20260722,630,リログループ,8876,東P,,"2,014.0",-6.0,-0.30%,"1,037",13.6倍,3.61倍,3.72%
20260722,631,セリア,2782,東S,,"3,765",+15,+0.40%,"1,037",15.9倍,2.54倍,2.12%
20260722,632,クリレスＨＤ,3387,東P,,781,-9,-1.14%,"1,024",61.8倍,7.75倍,0.64%
20260722,633,丸一管,5463,東P,,"1,798.0",-28.5,-1.56%,"1,022",15.5倍,1.14倍,2.89%
20260722,634,エクセディ,7278,東P,,"5,980",+20,+0.34%,"1,014",15.5倍,1.12倍,5.85%
20260722,635,ツムラ,4540,東P,,"3,861",-19,-0.49%,"1,013",11.0倍,0.89倍,4.09%
20260722,636,テンシャル,325A,東G,,"1,714",-85,-4.72%,"1,012",15.3倍,6.54倍,ー%
20260722,637,ニッコンＨＤ,9072,東P,,"5,351",+15,+0.28%,"1,010",28.2倍,2.64倍,2.09%
20260722,638,日本駐車場,2353,東P,,258,-4,-1.53%,"1,009",14.1倍,4.12倍,3.49%
20260722,639,アドバンスＲ,3269,東Ｒ,,"152,900",+600,+0.39%,"1,007",ー倍,1.77倍,4.14%
20260722,640,トムソン,6480,東P,,"1,787",+3,+0.17%,"1,004",18.3倍,1.50倍,1.79%
20260722,641,エクシオＧ,1951,東P,,"2,589.5",-7.5,-0.29%,"1,002",14.8倍,1.54倍,3.09%
20260722,642,ちゅうぎんＦ,5832,東P,,"3,356.0",+46.0,+1.39%,992,13.3倍,0.96倍,3.04%
20260722,643,ＡＤＥＫＡ,4401,東P,,"4,118",+39,+0.96%,990,13.9倍,1.28倍,2.91%
20260722,644,日本新薬,4516,東P,,"4,019",+11,+0.27%,986,8.94倍,0.93倍,3.09%
20260722,645,兼松,8020,東P,,"2,128.5",+13.5,+0.64%,983,10.1倍,1.70倍,3.29%
20260722,646,宝ＨＬＤ,2531,東P,,"2,180.0",-19.0,-0.86%,981,35.1倍,1.61倍,1.42%
20260722,647,野村ナスＨ無,1545,東Ｅ,,238.1,+0.4,+0.17%,980,ー倍,ー倍,ー%
20260722,648,ノジマ,7419,東P,,"1,363",-19,-1.37%,979,8.22倍,1.63倍,1.47%
20260722,649,アーキテクツ,6085,東G,,128,-41,-24.26%,977,388倍,-37倍,ー%
20260722,650,積水ハウスＲ,3309,東Ｒ,,"77,800",-400,-0.51%,971,ー倍,1.15倍,4.90%
20260722,651,三浦工,6005,東P,,"3,189.0",-11.0,-0.34%,969,13.0倍,1.52倍,2.32%
20260722,652,ＭＸ全世界株,2559,東Ｅ,,"2,991",+21,+0.71%,968,ー倍,ー倍,ー%
20260722,653,野村商社卸売,1629,東Ｅ,,261.5,+5.1,+1.99%,967,ー倍,ー倍,ー%
20260722,654,大気社,1979,東P,,"4,540",+25,+0.55%,965,15.9倍,1.78倍,2.62%
20260722,655,ヨコオ,6800,東P,,"4,540",+195,+4.49%,965,23.5倍,1.76倍,1.41%
20260722,656,博報堂ＤＹ,2433,東P,,"1,237.5",-22.5,-1.79%,965,17.1倍,1.14倍,2.59%
20260722,657,スズケン,9987,東P,,"5,196",+21,+0.41%,961,14.1倍,0.85倍,2.31%
20260722,658,栃木銀,8550,東P,,"1,010",+28,+2.85%,954,11.7倍,0.64倍,2.97%
20260722,659,クレハ,4023,東P,,"4,230",-10,-0.24%,951,21.6倍,0.98倍,5.11%
20260722,660,グローリー,6457,東P,,"4,353",+91,+2.14%,949,11.6倍,1.06倍,3.54%
20260722,661,三井不ロジ,3471,東Ｒ,,"111,700",-300,-0.27%,947,ー倍,1.11倍,4.48%
20260722,662,エレメンツ,5246,東G,,766,+1,+0.13%,936,83.4倍,5.92倍,ー%
20260722,663,日触媒,4114,東P,,"2,122.0",+17.0,+0.81%,929,ー倍,0.79倍,ー%
20260722,664,アルフレッサ,2784,東P,,"2,331.0",-6.0,-0.26%,928,19.7倍,0.81倍,3.05%
20260722,665,ＩＤＯＭ,7599,東P,,"1,289",-9,-0.69%,919,9.11倍,1.44倍,3.29%
20260722,666,物語コーポ,3097,東P,,"5,030",-100,-1.95%,917,26.1倍,4.37倍,0.80%
20260722,667,日化薬,4272,東P,,"1,985.5",+7.0,+0.35%,914,13.1倍,1.05倍,3.32%
20260722,668,芝浦機,6104,東P,,"4,430",+5,+0.11%,900,52.4倍,0.88倍,3.16%
20260722,669,池田泉州ＨＤ,8714,東P,,"1,050",+27,+2.64%,894,15.3倍,1.17倍,2.62%
20260722,670,大有機,4187,東P,,"5,300",+170,+3.31%,891,20.7倍,1.98倍,1.62%
20260722,671,東洋紡,3101,東P,,"1,656",-2,-0.12%,887,ー倍,0.69倍,ー%
20260722,672,日本Ｍ＆Ａ,2127,東P,,664.4,-12.1,-1.79%,882,15.7倍,4.20倍,4.36%
20260722,673,ＫＬａｂ,3656,東P,,212,-3,-1.40%,882,ー倍,1.71倍,ー%
20260722,674,キヤノンＭＪ,8060,東P,,"3,577.0",-26.0,-0.72%,878,17.5倍,1.86倍,2.52%
20260722,675,ＡＰＩ,3279,東Ｒ,,"142,000","+1,100",+0.78%,875,ー倍,1.26倍,4.62%
20260722,676,カルビー,2229,東P,,"2,948.0",-32.0,-1.07%,873,20.6倍,1.70倍,2.34%
20260722,677,トーモク,3946,東P,,"4,465",-15,-0.33%,869,9.11倍,0.72倍,3.81%
20260722,678,技術承継機構,319A,東G,,"16,020",-230,-1.42%,868,ー倍,14.0倍,ー%
20260722,679,Ｊディスプレ,6740,東P,,47,-1,-2.08%,866,ー倍,-5.3倍,ー%
20260722,680,山梨銀,8360,東P,,"6,710",+120,+1.82%,865,16.5倍,0.88倍,2.43%
20260722,681,ビックカメラ,3048,東P,,"1,705.0",-10.5,-0.61%,864,15.9倍,1.61倍,2.52%
20260722,682,阿波銀,8388,東P,,"8,170",+180,+2.25%,859,18.1倍,0.79倍,2.33%
20260722,683,ＮＡＮＫＡＩ,9044,東P,,"2,941.5",-29.5,-0.99%,857,13.4倍,0.95倍,1.87%
20260722,684,丹青社,9743,東P,,"1,406",-5,-0.35%,857,11.7倍,1.77倍,5.69%
20260722,685,ＳＭＤリート,1398,東Ｅ,,"1,921.0",+7.0,+0.37%,856,ー倍,ー倍,ー%
20260722,686,イオンリート,3292,東Ｒ,,"126,100",-600,-0.47%,855,ー倍,1.09倍,5.38%
20260722,687,日本高純度,4973,東P,,"5,150",+235,+4.78%,853,13.8倍,1.66倍,4.47%
20260722,688,ｉＳゴールド,314A,東Ｅ,,317.9,+4.8,+1.53%,851,ー倍,ー倍,ー%
20260722,689,デジアーツ,2326,東P,,"4,035",-45,-1.10%,842,14.3倍,2.93倍,2.48%
20260722,690,邦ガス,9533,東P,,"1,214.0",+10.5,+0.87%,841,18.9倍,0.91倍,1.85%
20260722,691,石原産,4028,東P,,"3,015",+31,+1.04%,841,12.7倍,0.89倍,4.31%
20260722,692,大阪ソーダ,4046,東P,,"1,813",+21,+1.17%,838,16.2倍,1.71倍,1.54%
20260722,693,ＮＯＫ,7240,東P,,"3,004.0",+54.5,+1.85%,834,10.3倍,0.76倍,4.66%
20260722,694,オリックスＦ,8954,東Ｒ,,"100,800",-200,-0.20%,834,ー倍,1.57倍,4.86%
20260722,695,ミライニＨＤ,546A,東P,,"2,252",+69,+3.16%,832,5.26倍,ー倍,4.26%
20260722,696,フィナＨＤ,4419,東G,,"1,585",-22,-1.37%,829,35.4倍,7.82倍,ー%
20260722,697,ジャフコＧ,8595,東P,,"2,312.0",+2.5,+0.11%,828,ー倍,0.91倍,5.75%
20260722,698,帝人,3401,東P,,"1,710.5",+1.0,+0.06%,827,7.34倍,0.91倍,2.92%
20260722,699,エスペック,6859,東P,,"4,340",+160,+3.83%,825,15.6倍,1.49倍,2.65%
20260722,700,ブックオフＧ,9278,東P,,"2,543",-95,-3.60%,825,15.9倍,2.11倍,1.57%
20260722,701,三十三ＦＧ,7322,東P,,"1,946",+14,+0.72%,822,13.5倍,0.88倍,2.26%
20260722,702,東京製鉄,5423,東P,,"1,708",-13,-0.76%,818,174倍,0.80倍,2.34%
20260722,703,ペプドリ,4587,東P,,954.4,-20.1,-2.06%,817,40.9倍,2.47倍,ー%
20260722,704,ＭＸ日半導体,221A,東Ｅ,,"1,271.5",+17.5,+1.40%,816,ー倍,ー倍,ー%
20260722,705,グロービング,277A,東P,,"1,678",-10,-0.59%,812,14.2倍,5.95倍,2.12%
20260722,706,四国電,9507,東P,,"1,527.0",+7.5,+0.49%,810,10.4倍,0.66倍,3.60%
20260722,707,ゴルドウイン,8111,東P,,"2,282.0",-19.5,-0.85%,807,12.2倍,2.41倍,3.07%
20260722,708,パークシャ,3993,東P,,"2,821",-93,-3.19%,803,30.6倍,2.44倍,ー%
20260722,709,ＡＤプラズマ,6668,東S,,"3,290",+180,+5.79%,801,15.2倍,1.92倍,0.91%
20260722,710,ダイワボウ,3107,東P,,"3,481.0",+3.0,+0.09%,800,11.9倍,1.77倍,3.16%
20260722,711,洋缶ＨＤ,5901,東P,,"4,119",-1,-0.02%,797,20.7倍,0.89倍,4.52%
20260722,712,サワイＧＨＤ,4887,東P,,"1,680.5",-0.5,-0.03%,795,10.4倍,1.09倍,3.33%
20260722,713,コロワイド,7616,東P,,"1,963.0",-18.0,-0.91%,794,98.9倍,3.04倍,0.25%
20260722,714,熊谷組,1861,東P,,"1,465",-1,-0.07%,793,12.2倍,1.33倍,3.41%
20260722,715,オンコリス,4588,東G,,"2,415",-72,-2.90%,790,ー倍,19.7倍,ー%
20260722,716,Ｊエレベータ,6544,東P,,"1,675.5",-2.0,-0.12%,786,36.5倍,12.2倍,ー%
20260722,717,ラサールロジ,3466,東Ｒ,,"152,700","+1,000",+0.66%,781,ー倍,1.24倍,5.29%
20260722,718,日証金,8511,東P,,"2,433",-7,-0.29%,779,17.9倍,1.43倍,3.86%
20260722,719,山陰合銀,8381,東P,,"2,461",+32,+1.32%,777,14.5倍,1.15倍,2.76%
20260722,720,コクヨ,7984,東P,,860.7,-2.9,-0.34%,776,17.9倍,1.41倍,2.85%
20260722,721,コンフォリア,3282,東Ｒ,,"105,000",-800,-0.76%,775,ー倍,1.52倍,4.00%
20260722,722,ライト,1926,東P,,"3,870",-25,-0.64%,774,13.5倍,1.77倍,3.77%
20260722,723,日本アビオ,6946,東S,,"4,875",+90,+1.88%,772,17.2倍,4.48倍,0.31%
20260722,724,ＴＫＰ,3479,東G,,"1,816",+42,+2.37%,771,17.0倍,1.33倍,ー%
20260722,725,日軽金ＨＤ,5703,東P,,"2,702",-9,-0.33%,771,10.1倍,0.67倍,3.70%
20260722,726,長瀬産,8012,東P,,"1,196.0",+20.5,+1.74%,764,14.1倍,1.15倍,2.26%
20260722,727,京阪ＨＤ,9045,東P,,"3,221.0",-36.0,-1.11%,764,11.2倍,0.95倍,2.67%
20260722,728,Ｊｏｓｈｉｎ,8173,東P,,"3,790",+110,+2.99%,759,28.0倍,0.93倍,2.64%
20260722,729,東邦銀,8346,東P,,885,+17,+1.96%,757,17.0倍,1.02倍,2.37%
20260722,730,トーカロ,3433,東P,,"2,964",+19,+0.65%,757,17.2倍,2.64倍,2.90%
20260722,731,森永,2201,東P,,"2,658.0",-16.0,-0.60%,756,13.5倍,1.57倍,2.63%
20260722,732,サムコ,6387,東P,,"10,360",+120,+1.17%,755,43.4倍,5.68倍,0.72%
20260722,733,上場半導体株,213A,東Ｅ,,450.7,+6.5,+1.46%,753,ー倍,ー倍,ー%
20260722,734,ＮＳＳＯＬ,2327,東P,,"3,777",-79,-2.05%,752,21.9倍,2.48倍,2.30%
20260722,735,Ｊプライム,8955,東Ｒ,,"97,500",-400,-0.41%,750,ー倍,1.38倍,4.39%
20260722,736,イワキポンプ,6237,東P,,"4,800",+55,+1.16%,749,20.7倍,2.58倍,1.92%
20260722,737,中国塗,4617,東P,,"3,670",+15,+0.41%,749,16.6倍,1.91倍,2.72%
20260722,738,ＬｉＮＫＸ,584A,東G,,"2,566",-234,-8.36%,747,76.5倍,11.5倍,ー%
20260722,739,オキサイド,6521,東G,,"3,340",-85,-2.48%,747,65.0倍,8.11倍,ー%
20260722,740,タムラ,6768,東P,,918,+27,+3.03%,745,16.2倍,1.16倍,1.74%
20260722,741,ＧＭＯインタ,4784,東P,,510,-9,-1.73%,744,26.3倍,11.4倍,4.22%
20260722,742,イオンＦＳ,8570,東P,,"1,580.5",+11.0,+0.70%,744,22.8倍,0.73倍,3.35%
20260722,743,富山第一銀,7184,東P,,"2,969",+72,+2.49%,744,13.9倍,0.91倍,2.53%
20260722,744,福山運,9075,東P,,"6,160",-210,-3.30%,740,12.8倍,0.77倍,1.62%
20260722,745,東洋炭素,5310,東P,,"6,740",+80,+1.20%,738,28.3倍,1.48倍,2.15%
20260722,746,アマノ,6436,東P,,"3,832",-30,-0.78%,732,15.1倍,1.91倍,4.70%
20260722,747,サンゲツ,8130,東P,,"3,030",+30,+1.00%,729,13.2倍,1.47倍,5.12%
20260722,748,リベラウェア,218A,東G,,"1,035",-15,-1.43%,728,ー倍,30.2倍,ー%
20260722,749,アンドＳＴ,2685,東P,,"3,395",+10,+0.30%,728,14.9倍,1.88倍,2.65%
20260722,750,平田機工,6258,東P,,"2,928",+41,+1.42%,723,13.8倍,1.17倍,2.56%
20260722,751,ヨネックス,7906,東S,,"2,547",-32,-1.24%,721,16.5倍,2.71倍,1.10%
20260722,752,東海東京,8616,東P,,812,+10,+1.25%,721,ー倍,1.05倍,ー%
20260722,753,ノリタケ,5331,東P,,"3,455",+40,+1.17%,719,13.1倍,1.14倍,2.89%
20260722,754,サクシード,9256,東G,Ｓ,"3,320",-700,-17.41%,717,45.7倍,4.56倍,0.48%
20260722,755,エクサＷｉｚ,4259,東G,,804,-8,-0.99%,714,ー倍,16.9倍,0.62%
20260722,756,東合成,4045,東P,,"1,771.0",+26.0,+1.49%,711,16.3倍,0.88倍,3.95%
20260722,757,ＪＶＣケンウ,6632,東P,,"1,125.0",-2.5,-0.22%,709,10.6倍,1.11倍,1.78%
20260722,758,不二越,6474,東P,,"5,760",+20,+0.35%,706,16.7倍,0.71倍,1.91%
20260722,759,不二製油,2607,東P,,"3,886",-20,-0.51%,705,17.1倍,1.39倍,1.60%
20260722,760,Ｕｍｉｏｓ,1333,東P,,"1,319.5",-13.0,-0.98%,703,13.3倍,0.81倍,3.41%
20260722,761,マニー,7730,東P,,"1,560",-23,-1.45%,703,22.6倍,2.68倍,2.63%
20260722,762,大和オフィス,8976,東Ｒ,,"337,500","+2,500",+0.75%,701,ー倍,1.30倍,4.25%
20260722,763,農中東証指数,2524,東Ｅ,,"4,168",+13,+0.31%,699,ー倍,ー倍,ー%
20260722,764,チャットプラ,598A,東G,Ｓ,"2,284",-500,-17.96%,699,33.0倍,15.3倍,0.13%
20260722,765,森ヒルズＲ,3234,東Ｒ,,"131,600",-400,-0.30%,696,ー倍,1.22倍,4.71%
20260722,766,ＥＩＺＯ,6737,東P,,"2,750",+86,+3.23%,688,16.7倍,0.79倍,4.18%
20260722,767,ＧＸＮデカバ,563A,東Ｅ,,"1,075",0,0.00%,687,ー倍,ー倍,ー%
20260722,768,ＪＣＵ,4975,東P,,"6,450",+110,+1.74%,687,18.1倍,2.91倍,2.79%
20260722,769,伊藤米久ＨＤ,2296,東P,,"4,875",+20,+0.41%,683,15.0倍,0.94倍,3.18%
20260722,770,円谷フィＨＤ,2767,東P,,"1,455",-33,-2.22%,683,6.71倍,1.49倍,4.81%
20260722,771,クスリアオキ,3549,東S,,"3,822",-34,-0.88%,682,19.1倍,2.57倍,1.67%
20260722,772,Ａｍａｚｉａ,4424,東G,Ｓ,357,+80,+28.88%,681,ー倍,3.11倍,ー%
20260722,773,三桜工,6584,東P,,852,+24,+2.90%,678,20.3倍,0.64倍,3.29%
20260722,774,ハウスリート,8984,東Ｒ,,"124,000",-600,-0.48%,678,ー倍,1.14倍,4.71%
20260722,775,化工機,6331,東P,,"3,300",+45,+1.38%,674,11.0倍,1.67倍,3.64%
20260722,776,南都銀,8367,東P,,"1,900",+26,+1.39%,672,13.6倍,0.99倍,2.95%
20260722,777,ＭＸ米株ＳＰ,2558,東Ｅ,,"3,500",+6,+0.17%,672,ー倍,ー倍,ー%
20260722,778,松竹,9601,東P,,"11,160",-230,-2.02%,670,69.7倍,1.45倍,0.27%
20260722,779,三井不アコモ,3226,東Ｒ,,"123,000",-400,-0.32%,669,ー倍,2.03倍,3.90%
20260722,780,ＨＵグループ,4544,東P,,"3,344.0",-32.0,-0.95%,668,36.8倍,1.34倍,3.74%
20260722,781,レノバ,9519,東P,,997,+12,+1.22%,667,26.5倍,0.73倍,ー%
20260722,782,加賀電子,8154,東P,,"4,245",+50,+1.19%,665,10.1倍,1.10倍,3.30%
20260722,783,阪和興,8078,東P,,"1,724",+23,+1.35%,664,8.33倍,0.78倍,3.83%
20260722,784,リベルタ,4935,東S,,278,-2,-0.71%,663,68.1倍,6.73倍,0.72%
20260722,785,東亜建,1885,東P,,"2,038",+12,+0.59%,663,10.9倍,1.35倍,3.78%
20260722,786,信越ポリ,7970,東P,,"2,488",+43,+1.76%,661,ー倍,1.55倍,ー%
20260722,787,ショーボンド,1414,東P,,"1,271.5",-4.5,-0.35%,657,16.7倍,2.45倍,3.58%
20260722,788,レナ,4889,東G,,"1,566",+16,+1.03%,657,ー倍,6.52倍,ー%
20260722,789,北陸電,9505,東P,,939.7,+2.1,+0.22%,655,7.85倍,0.44倍,2.66%
20260722,790,山洋電,6516,東P,,"5,740",+90,+1.59%,654,17.0倍,1.59倍,2.96%
20260722,791,ソディック,6143,東P,,"1,763",+6,+0.34%,653,17.3倍,0.96倍,1.99%
20260722,792,ジャックス,8584,東P,,"3,780",-75,-1.95%,652,16.9倍,0.57倍,5.29%
20260722,793,アイカ,4206,東P,,"3,661.0",-20.0,-0.54%,647,12.5倍,1.22倍,3.82%
20260722,794,ザイン,6769,東S,,"1,072",+113,+11.78%,645,105倍,1.36倍,1.40%
20260722,795,西松屋チェ,7545,東P,,"1,959",-26,-1.31%,642,14.0倍,1.18倍,1.63%
20260722,796,松屋,8237,東P,,"1,741",-145,-7.69%,639,177倍,3.38倍,0.69%
20260722,797,タダノ,6395,東P,,"1,280",+12,+0.95%,638,11.6倍,0.79倍,2.66%
20260722,798,ＰＡコンサル,4071,東P,,"2,315",-32,-1.36%,638,18.9倍,6.11倍,2.16%
20260722,799,エディオン,2730,東P,,"2,456",-38,-1.52%,636,16.5倍,1.11倍,2.04%
20260722,800,レオパレス,8848,東P,,668,-7,-1.04%,631,9.56倍,5.22倍,2.25%
20260722,801,サンバイオ,4592,東G,,"1,005",-34,-3.27%,631,ー倍,6.32倍,ー%
20260722,802,カゴメ,2811,東P,,"2,716.0",-26.5,-0.97%,630,18.3倍,1.30倍,2.14%
20260722,803,上場東証指数,1308,東Ｅ,,"4,155",+27,+0.65%,626,ー倍,ー倍,ー%
20260722,804,Ａｐｐｉｅｒ,4180,東P,,900,-8,-0.88%,626,26.5倍,2.44倍,0.26%
20260722,805,半導体日本株,163A,東EN,,"20,715",-205,-0.98%,626,ー倍,ー倍,ー%
20260722,806,コメダ,3543,東P,,"2,838",-1,-0.04%,624,18.7倍,2.57倍,2.18%
20260722,807,ＭＩＸＩ,2121,東P,,"2,907",-53,-1.79%,624,14.1倍,1.05倍,4.30%
20260722,808,航空電子,6807,東P,,"2,471",+23,+0.94%,622,27.8倍,1.16倍,2.02%
20260722,809,西鉄,9031,東P,,"3,130.0",-28.0,-0.89%,622,10.5倍,0.83倍,2.88%
20260722,810,奥村組,1833,東P,,"5,670",0,0.00%,620,13.2倍,1.03倍,5.29%
20260722,811,コスピブル,2033,東EN,,"78,090",0,0.00%,613,ー倍,ー倍,ー%
20260722,812,キッツ,6498,東P,,"2,309",+19,+0.83%,613,15.8倍,1.67倍,2.56%
20260722,813,東急ＲＥ,8957,東Ｒ,,"193,200",-300,-0.16%,610,ー倍,1.49倍,4.15%
20260722,814,Ｌドリンク,2585,東P,,"1,439",-9,-0.62%,610,17.8倍,4.54倍,1.04%
20260722,815,ミライトワン,1417,東P,,"3,668.0",+1.0,+0.03%,609,12.7倍,1.15倍,2.59%
20260722,816,大同メ,7245,東P,,"1,332",+21,+1.60%,608,12.4倍,0.75倍,2.70%
20260722,817,トモニＨＤ,8600,東P,,987,+26,+2.71%,608,10.6倍,0.64倍,3.04%
20260722,818,大分銀,8392,東P,,"2,684",+66,+2.52%,603,16.6倍,0.83倍,1.86%
20260722,819,相鉄ＨＤ,9003,東P,,"2,564.0",-35.5,-1.37%,602,11.1倍,1.21倍,2.73%
20260722,820,リゾートトラ,4681,東P,,"1,724.0",-10.0,-0.58%,601,17.4倍,2.28倍,2.09%
20260722,821,ＳＰＤＲ,1326,東Ｅ,,"61,640",+970,+1.60%,600,ー倍,ー倍,ー%
20260722,822,ＢＴＣＪＰＮ,8105,東S,,101,-3,-2.88%,599,ー倍,1.78倍,ー%
20260722,823,日本ロジ,8967,東Ｒ,,"99,900",+200,+0.20%,599,ー倍,1.95倍,4.73%
20260722,824,ＫＰＰＧＨＤ,9274,東P,,"1,109",+36,+3.36%,599,13.8倍,0.77倍,3.61%
20260722,825,３ＤＭ,7777,東G,,342,-14,-3.93%,599,27.5倍,6.70倍,ー%
20260722,826,芙蓉リース,8424,東P,,"4,432",+7,+0.16%,598,8.33倍,0.79倍,3.88%
20260722,827,アコム,8572,東S,,492.1,+2.6,+0.53%,592,12.1倍,1.07倍,4.47%
20260722,828,ダイセキ,9793,東P,,"3,760",-20,-0.53%,591,15.9倍,2.15倍,2.29%
20260722,829,ＦＰＧ,7148,東P,,"1,588",+10,+0.63%,589,8.57倍,2.22倍,5.84%
20260722,830,ＴＲＥＨＤ,9247,東P,,"2,159",-4,-0.18%,589,24.8倍,1.22倍,2.32%
20260722,831,ワコム,6727,東P,,756,+11,+1.48%,587,10.0倍,2.68倍,3.17%
20260722,832,ノーリツ鋼機,7744,東P,,"1,993",+7,+0.35%,584,12.6倍,0.92倍,3.76%
20260722,833,オカムラ,7994,東P,,"2,291",-6,-0.26%,584,10.3倍,1.06倍,4.58%
20260722,834,名古屋銀,8522,東P,,"6,630",+60,+0.91%,583,14.2倍,1.04倍,3.02%
20260722,835,サイボウズ,4776,東P,,"2,532",-78,-2.99%,583,15.4倍,6.54倍,1.97%
20260722,836,宮崎銀,8393,東P,,"2,398",+35,+1.48%,582,13.9倍,0.91倍,2.34%
20260722,837,岡野バ,6492,東S,,"14,980",-120,-0.79%,582,17.2倍,1.81倍,0.53%
20260722,838,オプテクスＧ,6914,東P,,"3,620",+5,+0.14%,581,19.5倍,2.26倍,1.80%
20260722,839,ＮＴＴ都市Ｒ,8956,東Ｒ,,"136,700",-300,-0.22%,581,ー倍,1.36倍,4.54%
20260722,840,トレファク,3093,東P,,"2,089",+2,+0.10%,581,13.8倍,3.64倍,2.20%
20260722,841,日清オイリオ,2602,東P,,"1,966",+6,+0.31%,580,15.0倍,0.86倍,3.05%
20260722,842,ライフコーポ,8194,東P,,"2,463",-13,-0.53%,580,11.2倍,1.35倍,2.84%
20260722,843,ＭＴＧ,7806,東G,,"7,670",-240,-3.03%,578,30.2倍,5.16倍,0.43%
20260722,844,Ｏｎｅ２２５,1369,東Ｅ,,"66,320",-160,-0.24%,574,ー倍,ー倍,ー%
20260722,845,紀陽銀,8370,東P,,"4,780",+55,+1.16%,573,12.3倍,1.24倍,3.26%
20260722,846,Ａｉロボ,247A,東G,,791,-12,-1.49%,571,ー倍,8.50倍,ー%
20260722,847,ＢＢタワー,3776,東S,,241,-11,-4.37%,567,30.9倍,1.69倍,0.83%
20260722,848,タクマ,6013,東P,,"3,400",+15,+0.44%,564,16.0倍,2.19倍,3.18%
20260722,849,ジェイエイシ,2124,東P,,915,-14,-1.51%,563,16.9倍,7.30倍,4.15%
20260722,850,ＪＩＡ,7172,東P,,"2,118",+4,+0.19%,562,10.1倍,1.70倍,5.10%
20260722,851,コーナン,7516,東P,,"4,165",-25,-0.60%,562,9.63倍,0.68倍,3.36%
20260722,852,タマホーム,1419,東P,,"3,000",+59,+2.01%,561,21.7倍,2.93倍,4.33%
20260722,853,ポーラＨＤ,4927,東P,,"1,319.0",-14.5,-1.09%,558,32.4倍,1.85倍,3.94%
20260722,854,ニプロ,8086,東P,,"1,590.5",-8.5,-0.53%,557,17.3倍,0.95倍,2.01%
20260722,855,武蔵銀,8336,東P,,"2,685",+27,+1.02%,557,13.4倍,0.93倍,3.05%
20260722,856,地盤ＨＤ,6072,東S,,898,+1,+0.11%,556,ー倍,14.1倍,ー%
20260722,857,ＣＣＩＧ,7381,東P,,"1,163",+26,+2.29%,556,15.1倍,1.05倍,2.58%
20260722,858,東芝テック,6588,東P,,"3,150",+135,+4.48%,555,23.8倍,1.77倍,1.27%
20260722,859,日本コークス,3315,東P,,98,+2,+2.08%,554,57.0倍,0.82倍,ー%
20260722,860,有沢製,5208,東P,,"2,540",+71,+2.88%,554,20.8倍,1.64倍,3.86%
20260722,861,ＧＥＮＤＡ,9166,東G,,583,+1,+0.17%,554,ー倍,1.62倍,1.37%
20260722,862,ａｒｔｉｅｎ,4634,東P,,"4,585",+25,+0.55%,553,10.2倍,0.81倍,2.62%
20260722,863,ブロンコＢ,3091,東P,,"2,398",-22,-0.91%,553,27.5倍,3.14倍,0.83%
20260722,864,王将フード,9936,東P,,"2,945",+6,+0.20%,552,21.8倍,2.38倍,1.90%
20260722,865,東エレデバ,2760,東P,,"3,860",+45,+1.18%,551,14.5倍,2.15倍,2.80%
20260722,866,野村原油,1699,東Ｅ,,645.0,+17.0,+2.71%,551,ー倍,ー倍,ー%
20260722,867,アズワン,7476,東P,,"2,458.5",-26.5,-1.07%,547,19.5倍,2.47倍,2.68%
20260722,868,伊勢化,4107,東S,,"3,495",-10,-0.29%,547,33.0倍,4.41倍,1.14%
20260722,869,スマレジ,4431,東G,,"3,025",-55,-1.79%,542,21.0倍,6.06倍,0.96%
20260722,870,バルカー,7995,東P,,"6,500",+40,+0.62%,542,16.1倍,2.14倍,3.08%
20260722,871,ｉＳ米国株,1655,東Ｅ,,882.0,+3.8,+0.43%,541,ー倍,ー倍,ー%
20260722,872,京阪神ビル,8818,東P,,"1,105",+25,+2.31%,540,21.5倍,1.30倍,2.71%
20260722,873,守谷輸送機,6226,東S,,"2,592",+68,+2.69%,539,20.7倍,6.14倍,1.47%
20260722,874,三井不商業,8964,東Ｒ,,"82,700",-200,-0.24%,538,ー倍,1.27倍,5.32%
20260722,875,ＴＳテック,7313,東P,,"1,784.5",+7.5,+0.42%,537,26.0倍,0.67倍,5.16%
20260722,876,アークランズ,9842,東P,,"1,880",-28,-1.47%,534,11.8倍,0.92倍,2.13%
20260722,877,センコーＨＤ,9069,東P,,"2,200.5",-25.0,-1.12%,529,15.7倍,1.62倍,2.54%
20260722,878,日ガス,8174,東P,,"2,858.5",-11.0,-0.38%,528,21.7倍,4.54倍,3.85%
20260722,879,旭ダイヤ,6140,東P,,"1,149",+13,+1.14%,528,21.3倍,0.89倍,2.96%
20260722,880,ｉＦＴＰ年１,1305,東Ｅ,,"4,248",+22,+0.52%,526,ー倍,ー倍,ー%
20260722,881,西松建,1820,東P,,"5,353",+47,+0.89%,525,10.3倍,1.08倍,4.67%
20260722,882,大栄環境,9336,東P,,"3,800",-20,-0.52%,521,23.1倍,3.46倍,1.45%
20260722,883,上場豪債ヘ有,2843,東Ｅ,,"3,724",-7,-0.19%,520,ー倍,ー倍,ー%
20260722,884,フクダ電,6960,東S,,"11,490",-80,-0.69%,519,17.5倍,1.64倍,2.00%
20260722,885,東海理,6995,東P,,"3,190",+75,+2.41%,518,13.6倍,0.78倍,3.76%
20260722,886,メディアＬ,6659,東S,,50,-4,-7.41%,517,ー倍,1.59倍,ー%
20260722,887,第一興商,7458,東P,,"1,768.5",-32.5,-1.80%,516,15.0倍,1.48倍,3.85%
20260722,888,ＳＦＯＯＤＳ,2292,東P,,"2,761",+9,+0.33%,514,13.5倍,0.67倍,3.98%
20260722,889,三井倉ＨＤ,9302,東P,,"3,570.0",-37.0,-1.03%,513,21.3倍,1.87倍,1.40%
20260722,890,ナカニシ,7716,東S,,"3,040",-35,-1.14%,510,22.6倍,2.18倍,1.97%
20260722,891,船井総研ＨＤ,9757,東P,,"1,116",-5,-0.45%,505,15.9倍,4.24倍,4.30%
20260722,892,ニップン,2001,東P,,"2,809",-16,-0.57%,502,11.0倍,0.82倍,2.42%
20260722,893,コシダカＨＤ,2157,東P,,"1,056",-12,-1.12%,501,11.9倍,2.27倍,2.65%
20260722,894,いちご,2337,東P,,423,+6,+1.44%,500,9.21倍,1.53倍,3.66%
20260722,895,ハピネット,7552,東P,,"3,095",-70,-2.21%,499,12.8倍,2.24倍,ー%
20260722,896,住友倉,9303,東P,,"3,980",-25,-0.62%,497,17.6倍,0.96倍,2.59%
20260722,897,岩手銀,8345,東P,,"2,215",+39,+1.79%,496,15.3倍,0.79倍,2.62%
20260722,898,ディップ,2379,東P,,"1,805",-10,-0.55%,495,20.3倍,2.71倍,5.37%
20260722,899,東邦ＨＤ,8129,東P,,"4,023",-12,-0.30%,488,20.2倍,0.96倍,4.47%
20260722,900,ベル２４ＨＤ,6183,東P,,"1,368",-12,-0.87%,487,12.0倍,1.37倍,4.39%
20260722,901,ＨＵＬＩＣＲ,3295,東Ｒ,,"159,500",0,0.00%,487,ー倍,1.14倍,5.02%
20260722,902,水戸,8622,東P,,779,+26,+3.45%,485,ー倍,1.10倍,ー%
20260722,903,サンエー,2659,東P,,"3,175",+10,+0.32%,484,17.4倍,1.28倍,3.46%
20260722,904,エフピコ,7947,東P,,"2,508",-24,-0.95%,483,ー倍,1.23倍,2.91%
20260722,905,愛媛銀,8541,東P,,"2,484",+47,+1.93%,482,14.9倍,0.67倍,1.93%
20260722,906,松田産業,7456,東P,,"5,510",+60,+1.10%,482,8.33倍,1.20倍,2.00%
20260722,907,ゲオＨＤ,2681,東P,,"2,088",-16,-0.76%,482,13.8倍,0.85倍,1.63%
20260722,908,イオレ,2334,東G,,500,-8,-1.57%,481,16.9倍,6.17倍,ー%
20260722,909,アリアケ,2815,東P,,"5,220",-20,-0.38%,479,17.4倍,1.25倍,5.75%
20260722,910,富士急,9010,東P,,"2,628",-27,-1.02%,478,24.3倍,3.34倍,1.26%
20260722,911,森トラストＲ,8961,東Ｒ,,"76,900",-100,-0.13%,477,ー倍,1.17倍,4.72%
20260722,912,雪印メグ,2270,東P,,"3,715",+5,+0.13%,476,9.12倍,0.94倍,2.69%
20260722,913,日本電設,1950,東P,,"4,060",+65,+1.63%,475,12.8倍,1.10倍,3.13%
20260722,914,日東工,6651,東P,,"4,345",-15,-0.34%,475,14.2倍,1.33倍,3.54%
20260722,915,ｉＦＦＡＮＧ,316A,東Ｅ,,"2,607",+5,+0.19%,473,ー倍,ー倍,ー%
20260722,916,ＮＳＤ,9759,東P,,"2,677.5",-12.0,-0.45%,473,15.5倍,2.75倍,3.62%
20260722,917,ハイデ日高,7611,東P,,"2,775",-18,-0.64%,473,22.2倍,3.96倍,1.87%
20260722,918,ブルーゾーン,417A,東P,,"1,757.0",-8.5,-0.48%,469,15.0倍,1.79倍,1.82%
20260722,919,愛知鋼,5482,東P,,"3,085",-5,-0.16%,466,17.5倍,0.84倍,4.86%
20260722,920,ダイナマップ,336A,東G,,807,-65,-7.45%,464,ー倍,2.65倍,ー%
20260722,921,イリソ電子,6908,東P,,"2,789",+11,+0.40%,463,12.4倍,0.79倍,3.59%
20260722,922,テレ朝ＨＤ,9409,東P,,"3,140",-30,-0.95%,463,12.6倍,0.68倍,3.18%
20260722,923,オリコ,8585,東P,,921,-2,-0.22%,460,12.1倍,0.63倍,4.34%
20260722,924,アイザワ証Ｇ,8708,東P,,"1,653",+36,+2.23%,460,ー倍,1.09倍,ー%
20260722,925,ＨＥＮＮＧＥ,4475,東G,,"1,334",-4,-0.30%,459,26.1倍,11.3倍,0.45%
20260722,926,ガンホー,3765,東P,,"2,308",-43,-1.83%,459,ー倍,1.05倍,ー%
20260722,927,ホシデン,6804,東P,,"2,763",-3,-0.11%,459,10.9倍,0.91倍,2.79%
20260722,928,ロードスター,3482,東P,,"2,750",+39,+1.44%,457,6.08倍,1.60倍,2.97%
20260722,929,秋田銀,8343,東P,,"7,250",+180,+2.55%,456,15.2倍,0.72倍,2.76%
20260722,930,ＪＥＨ,5889,東P,,"2,451",+39,+1.62%,454,13.5倍,3.25倍,3.51%
20260722,931,サツドラＨＤ,3544,東S,,"1,258",+1,+0.08%,453,ー倍,1.72倍,ー%
20260722,932,多木化,4025,東P,,"5,380",+465,+9.46%,452,17.0倍,1.00倍,1.49%
20260722,933,東和薬品,4553,東P,,"4,205",-60,-1.41%,451,9.63倍,1.16倍,2.02%
20260722,934,冶金工,5480,東P,,"5,120",+20,+0.39%,451,8.87倍,0.70倍,4.30%
20260722,935,平和,6412,東P,,"2,036",0,0.00%,448,9.89倍,0.81倍,3.93%
20260722,936,科研薬,4521,東P,,"3,890",-10,-0.26%,446,22.7倍,1.00倍,4.88%
20260722,937,ＡＢＥＪＡ,5574,東G,,"2,337",+26,+1.13%,445,27.4倍,4.40倍,ー%
20260722,938,サカタＩＮＸ,4633,東P,,"2,477",-4,-0.16%,443,10.2倍,1.00倍,4.04%
20260722,939,大和証券リビ,8986,東Ｒ,,"99,200",-500,-0.50%,443,ー倍,1.26倍,5.06%
20260722,940,ＨＩＳ,9603,東P,,"1,000",+10,+1.01%,443,ー倍,1.25倍,2.50%
20260722,941,ＴＰＸベア２,1356,東Ｅ,,109.8,-0.8,-0.72%,439,ー倍,ー倍,ー%
20260722,942,綜研化学,4972,東S,,"3,780",+180,+5.00%,438,14.6倍,1.51倍,ー%
20260722,943,岡本硝子,7746,東S,,765,-6,-0.78%,438,297倍,8.46倍,ー%
20260722,944,イズミ,8273,東P,,990,-12,-1.20%,437,12.0倍,0.70倍,3.03%
20260722,945,ＳＢＳＨＤ,2384,東P,,"4,610",-70,-1.50%,435,13.6倍,1.80倍,2.28%
20260722,946,岩井コスモ,8707,東P,,"4,240",-65,-1.51%,434,ー倍,1.34倍,ー%
20260722,947,平和不リート,8966,東Ｒ,,"135,800",+100,+0.07%,431,ー倍,1.36倍,5.94%
20260722,948,Ｊトラスト,8508,東S,,844,-11,-1.29%,430,13.8倍,0.70倍,2.01%
20260722,949,ヒュマメイド,456A,東G,,"1,456",-25,-1.69%,429,40.4倍,10.5倍,ー%
20260722,950,上場豪債ヘ無,2844,東Ｅ,,"5,680",+7,+0.12%,427,ー倍,ー倍,ー%
20260722,951,日経インバ,1571,東Ｅ,,299,+1,+0.34%,427,ー倍,ー倍,ー%
20260722,952,多摩川ＨＤ,6838,東S,,"1,399",+44,+3.25%,427,6.95倍,1.40倍,0.71%
20260722,953,ブロドリーフ,3673,東P,,422,-24,-5.38%,426,23.9倍,3.11倍,1.84%
20260722,954,ＷＮＩウェザ,4825,東P,,"1,944",-11,-0.56%,426,22.4倍,3.62倍,2.57%
20260722,955,マックス,6454,東P,,"1,709",-11,-0.64%,425,21.6倍,2.66倍,2.34%
20260722,956,アース製薬,4985,東P,,"4,650",-25,-0.53%,424,16.4倍,1.33倍,2.80%
20260722,957,ヨコレイ,2874,東P,,"2,240",-26,-1.15%,424,27.6倍,1.54倍,1.21%
20260722,958,ＤＴＳ,9682,東P,,"1,082",0,0.00%,424,14.5倍,2.67倍,3.51%
20260722,959,タムロン,7740,東P,,"1,133",-8,-0.70%,423,13.4倍,2.15倍,4.50%
20260722,960,ＪＭＨＤ,3539,東P,,"1,335",+13,+0.98%,422,9.72倍,1.42倍,1.80%
20260722,961,アイモバイル,6535,東P,,533,-13,-2.38%,421,9.41倍,1.72倍,5.07%
20260722,962,岡三,8609,東P,,"1,064",+16,+1.53%,421,ー倍,0.92倍,ー%
20260722,963,アスクル,2678,東P,,"1,241",-5,-0.40%,420,27.8倍,2.32倍,1.61%
20260722,964,野村電機精密,1625,東Ｅ,,"64,220",+720,+1.13%,420,ー倍,ー倍,ー%
20260722,965,Ｄガレージ,4819,東P,,"2,250",-91,-3.89%,418,ー倍,1.38倍,ー%
20260722,966,野村金連動,1328,東Ｅ,,"15,890",+240,+1.53%,417,ー倍,ー倍,ー%
20260722,967,新日本空調,1952,東P,,"3,485",+10,+0.29%,415,12.4倍,1.92倍,3.44%
20260722,968,青山商,8219,東P,,720,-5,-0.69%,415,13.5倍,0.58倍,5.28%
20260722,969,おきなわＦＧ,7350,東P,,"7,110",+50,+0.71%,415,12.7倍,0.94倍,2.81%
20260722,970,サカタタネ,1377,東P,,"4,335",-65,-1.48%,414,18.3倍,1.03倍,2.08%
20260722,971,カチタス,8919,東P,,"3,245",+20,+0.62%,414,18.1倍,4.79倍,2.77%
20260722,972,シップＨＤ,3360,東P,,"2,369.0",+3.0,+0.13%,412,13.6倍,1.44倍,2.74%
20260722,973,アイスペース,9348,東G,,415,+2,+0.48%,411,ー倍,4.03倍,ー%
20260722,974,シュッピン,3179,東P,,"1,263",+29,+2.35%,410,14.5倍,2.61倍,3.17%
20260722,975,極東開発,7226,東P,,"2,333",+9,+0.39%,408,18.0倍,0.79倍,5.14%
20260722,976,リケンＮＰＲ,6209,東P,,"3,980",+20,+0.51%,407,11.9倍,0.67倍,5.28%
20260722,977,サインポスト,3996,東S,,201,+5,+2.55%,407,28.9倍,1.36倍,2.49%
20260722,978,テクニスコ,2962,東S,,"1,357",-153,-10.13%,406,416倍,7.86倍,ー%
20260722,979,荒川化,4968,東P,,"2,071",-48,-2.27%,406,18.3倍,0.66倍,2.66%
20260722,980,オンワード,8016,東P,,742,-3,-0.40%,405,9.03倍,1.07倍,4.45%
20260722,981,ミズノ,8022,東P,,"3,610",-55,-1.50%,402,14.5倍,1.58倍,1.83%
20260722,982,アニコムＨＤ,8715,東P,,"1,202",-11,-0.91%,402,27.1倍,3.03倍,1.12%
20260722,983,ギフトＨＤ,9279,東P,,"4,805",-130,-2.63%,401,33.5倍,7.99倍,0.54%
20260722,984,コジマ,7513,東P,,"1,360",-2,-0.15%,401,19.9倍,1.43倍,2.06%
20260722,985,東映,9605,東P,,"5,730",-80,-1.38%,399,28.4倍,1.23倍,0.21%
20260722,986,ティラド,7236,東P,,"1,524",-13,-0.85%,397,9.59倍,1.63倍,5.25%
20260722,987,ＡＯＫＩＨＤ,8214,東P,,"1,708",-15,-0.87%,396,14.4倍,0.99倍,5.27%
20260722,988,カーブスＨＤ,7085,東P,,938,-16,-1.68%,395,17.4倍,3.52倍,3.20%
20260722,989,野村鉄鋼非鉄,1623,東Ｅ,,"61,700","+1,340",+2.22%,395,ー倍,ー倍,ー%
20260722,990,テクノ菱和,1965,東S,,"6,190",+140,+2.31%,395,10.8倍,1.91倍,2.84%
20260722,991,ＧＸＵテック,2244,東Ｅ,,"3,585",-3,-0.08%,394,ー倍,ー倍,ー%
20260722,992,新明和,7224,東P,,"1,981",-5,-0.25%,394,12.5倍,1.05倍,2.93%
20260722,993,愛三工,7283,東P,,"2,284",+15,+0.66%,393,10.9倍,0.92倍,3.50%
20260722,994,クラボウ,3106,東P,,"10,340",-30,-0.29%,393,12.6倍,1.24倍,3.20%
20260722,995,イトーキ,7972,東P,,"2,856",-2,-0.07%,391,12.6倍,2.39倍,3.15%
20260722,996,四国銀,8387,東P,,"3,280",+45,+1.39%,391,15.6倍,0.72倍,2.62%
20260722,997,カナモト,9678,東P,,"5,110",+30,+0.59%,391,13.5倍,1.14倍,2.15%
20260722,998,大平金,5541,東P,,"2,300",+11,+0.48%,390,253倍,0.64倍,5.65%
20260722,999,東洋証券,8614,東P,,675,+3,+0.45%,387,ー倍,1.50倍,ー%
20260722,1000,ネクセラ,4565,東P,,921,+9,+0.99%,387,ー倍,1.34倍,ー%
20260722,1001,ｉＳ米２０Ｈ,2621,東Ｅ,,"1,010",-4,-0.39%,387,ー倍,ー倍,ー%
20260722,1002,ホーチキ,6745,東P,,"1,909",-27,-1.39%,387,15.8倍,2.08倍,2.10%
20260722,1003,ダスキン,4665,東P,,"4,514",-3,-0.07%,386,21.7倍,1.35倍,2.77%
20260722,1004,グンゼ,3002,東P,,"3,980",+5,+0.13%,383,24.0倍,1.12倍,5.43%
20260722,1005,カーリット,4275,東P,,"2,364",+44,+1.90%,382,17.4倍,1.31倍,1.78%
20260722,1006,乃村工芸社,9716,東P,,"1,189",0,0.00%,381,14.4倍,2.28倍,3.70%
20260722,1007,チェンジＨＤ,3962,東P,,941,-12,-1.26%,380,9.35倍,1.40倍,2.76%
20260722,1008,ケアサプライ,2393,東S,,"4,110",-250,-5.73%,380,27.8倍,3.43倍,1.80%
20260722,1009,ミラースＲ,3492,東Ｒ,,"82,800",-100,-0.12%,380,ー倍,0.93倍,6.52%
20260722,1010,サガミＨＤ,9900,東P,,"1,915",+100,+5.51%,379,48.3倍,2.95倍,0.63%
20260722,1011,山岡家,3399,東S,,"3,565",-70,-1.93%,378,19.2倍,6.61倍,0.84%
20260722,1012,板硝子,5202,東P,,483,0,0.00%,378,22.9倍,0.45倍,ー%
20260722,1013,わらべ日洋,2918,東P,,"2,745",+53,+1.97%,378,9.92倍,0.80倍,4.37%
20260722,1014,テクマト,3762,東P,,"1,882",-28,-1.47%,377,14.1倍,2.87倍,2.87%
20260722,1015,ミナトＨＤ,6862,東S,,"1,870",+7,+0.38%,377,6.44倍,1.71倍,1.60%
20260722,1016,椿本チ,6371,東P,,"2,613",+13,+0.50%,376,12.1倍,0.90倍,3.06%
20260722,1017,ＤＣＭ,3050,東P,,"1,501",-6,-0.40%,376,11.8倍,0.72倍,3.20%
20260722,1018,三星ベ,5192,東P,,"4,090",+20,+0.49%,376,12.7倍,1.12倍,4.67%
20260722,1019,東亜道,1882,東P,,"1,609",-4,-0.25%,374,17.7倍,1.39倍,5.59%
20260722,1020,鉄建建設,1815,東P,,"4,505",+5,+0.11%,372,9.96倍,0.80倍,5.11%
20260722,1021,沖縄セルラー,9436,東S,,"3,785",0,0.00%,372,26.3倍,3.51倍,1.85%
20260722,1022,コメ兵ＨＤ,2780,東S,,"5,130",-80,-1.54%,372,9.64倍,1.51倍,2.11%
20260722,1023,星野Ｒリート,3287,東Ｒ,,"245,200",+300,+0.12%,372,ー倍,0.98倍,5.46%
20260722,1024,ＷＩＺＥ,3664,東G,,23,+1,+4.55%,372,ー倍,1.91倍,ー%
20260722,1025,琉球銀,8399,東P,,"2,880",+34,+1.19%,370,11.8倍,0.81倍,3.40%
20260722,1026,因幡電産,9934,東P,,"2,790.5",+22.5,+0.81%,370,13.2倍,1.59倍,3.05%
20260722,1027,日本電技,1723,東S,,"2,162",+41,+1.93%,369,15.8倍,2.94倍,2.59%
20260722,1028,グロービー,5575,東G,,"1,226",+139,+12.79%,367,14.3倍,5.53倍,ー%
20260722,1029,キッセイ,4547,東P,,"4,190",-5,-0.12%,366,12.0倍,0.75倍,4.06%
20260722,1030,パイロット,7846,東P,,"1,781.0",-14.5,-0.81%,366,13.4倍,1.37倍,2.36%
20260722,1031,ワコールＨＤ,3591,東P,,"4,466",-34,-0.76%,365,123倍,1.05倍,2.24%
20260722,1032,ワールド,3612,東P,,"1,601",-16,-0.99%,364,9.69倍,1.23倍,4.18%
20260722,1033,渋谷工,6340,東P,,"4,310",+40,+0.94%,364,12.8倍,1.06倍,2.20%
20260722,1034,ロイヤルＨＤ,8179,東P,,"1,267",-15,-1.17%,364,21.9倍,2.30倍,1.38%
20260722,1035,日比谷設,1982,東P,,"2,888",+41,+1.44%,362,13.7倍,1.50倍,3.81%
20260722,1036,Ｕアローズ,7606,東P,,"2,406",-26,-1.07%,362,10.7倍,1.57倍,3.82%
20260722,1037,松屋フーズ,9887,東P,,"4,905",-15,-0.30%,361,26.6倍,1.75倍,0.53%
20260722,1038,山形銀,8344,東P,,"3,875",+115,+3.06%,360,16.0倍,0.80倍,2.53%
20260722,1039,平和不,8803,東P,,"2,363",+2,+0.08%,360,13.6倍,1.23倍,4.36%
20260722,1040,ＧＬテクノ,255A,東S,,"5,510",+70,+1.29%,359,13.0倍,1.43倍,2.29%
20260722,1041,エムアップ,3661,東P,,733,-5,-0.68%,357,14.6倍,5.43倍,3.27%
20260722,1042,リョー菱ＨＤ,167A,東P,,"2,806",+7,+0.25%,355,ー倍,0.82倍,4.99%
20260722,1043,ｉＦ高配５０,354A,東Ｅ,,"3,210",+30,+0.94%,355,ー倍,ー倍,ー%
20260722,1044,ヴレインＳ,135A,東G,,"3,810",-15,-0.39%,354,40.2倍,18.9倍,ー%
20260722,1045,品川リフラ,5351,東P,,"2,069",+13,+0.63%,353,9.44倍,0.88倍,4.59%
20260722,1046,ＩＤＥＣ,6652,東P,,"3,250",+5,+0.15%,353,16.0倍,1.39倍,4.00%
20260722,1047,ＫｅｅＰｅｒ,6036,東P,,"2,786",-45,-1.59%,352,8.14倍,3.17倍,3.59%
20260722,1048,クリエイトＳ,3148,東P,,"3,330",-15,-0.45%,352,12.7倍,1.39倍,2.88%
20260722,1049,ＰＨＣＨＤ,6523,東P,,"1,102",-14,-1.25%,351,9.10倍,0.87倍,3.81%
20260722,1050,飛島ＨＤ,256A,東P,,"2,069",+34,+1.67%,349,8.26倍,0.73倍,5.32%
20260722,1051,ＷＳＣＯＰＥ,6619,東P,,154,+1,+0.65%,349,ー倍,0.23倍,ー%
20260722,1052,大紀ア,5702,東P,,"1,486",+3,+0.20%,349,6.65倍,0.77倍,4.71%
20260722,1053,日セラ,6929,東P,,"3,700",+10,+0.27%,348,16.3倍,1.74倍,4.46%
20260722,1054,グロバワン,8958,東Ｒ,,"112,400",-300,-0.27%,347,ー倍,1.23倍,5.69%
20260722,1055,ゲンキＧＤＣ,9828,東S,,"3,325",-125,-3.62%,346,17.8倍,3.02倍,2.11%
20260722,1056,大真空,6962,東P,,758,+10,+1.34%,346,241倍,0.62倍,3.69%
20260722,1057,日曹達,4041,東P,,"3,760",+20,+0.53%,346,12.7倍,0.98倍,4.26%
20260722,1058,ＴＫＣ,9746,東P,,"3,655",+10,+0.27%,343,14.7倍,1.66倍,3.01%
20260722,1059,ＯｎｅＪリト,2556,東Ｅ,,"1,900.0",-8.0,-0.42%,342,ー倍,ー倍,ー%
20260722,1060,内海造,7018,東S,,"10,910",+980,+9.87%,342,18.5倍,1.37倍,0.37%
20260722,1061,くら寿司,2695,東P,,"1,606",-6,-0.37%,342,42.6倍,1.99倍,0.93%
20260722,1062,システナ,2317,東P,,422,+1,+0.24%,341,14.2倍,3.81倍,4.27%
20260722,1063,東建コーポ,1766,東P,,"13,050",+100,+0.77%,341,9.94倍,1.25倍,3.07%
20260722,1064,トーホー,8142,東P,,"1,351",-32,-2.31%,341,8.98倍,1.23倍,4.52%
20260722,1065,メタウォータ,9551,東P,,"3,210",+40,+1.26%,340,14.0倍,1.57倍,2.49%
20260722,1066,プロクレＨＤ,7384,東P,,"4,115",+90,+2.24%,340,16.7倍,0.72倍,2.43%
20260722,1067,ローランド,7944,東P,,"4,040",-60,-1.46%,339,14.8倍,2.59倍,4.21%
20260722,1068,Ｔホライゾン,6629,東S,,"1,018",+20,+2.00%,339,8.07倍,1.12倍,3.24%
20260722,1069,ミルボン,4919,東P,,"2,804",-44,-1.54%,339,20.7倍,1.83倍,3.14%
20260722,1070,丸三,8613,東P,,"1,147",+7,+0.61%,338,ー倍,1.48倍,ー%
20260722,1071,フジシール,7864,東P,,"3,015",-10,-0.33%,338,10.5倍,1.00倍,2.89%
20260722,1072,ダイトロン,7609,東P,,"3,520",+135,+3.99%,337,14.1倍,2.04倍,2.70%
20260722,1073,メニコン,7780,東P,,"1,664",-38,-2.23%,336,19.0倍,1.31倍,1.68%
20260722,1074,新電元,6844,東P,,"3,560",+105,+3.04%,336,13.4倍,0.50倍,2.81%
20260722,1075,鴻池運輸,9025,東P,,"2,888",+23,+0.80%,335,11.0倍,0.96倍,3.81%
20260722,1076,ビジョン,9416,東P,,999,-7,-0.70%,335,9.33倍,2.33倍,5.11%
20260722,1077,イノテック,9880,東P,,"3,390",+60,+1.80%,334,8.41倍,1.55倍,3.83%
20260722,1078,津田駒,6217,東S,,751,+34,+4.74%,334,48.0倍,1.90倍,ー%
20260722,1079,指月電,6994,東S,,"1,068",+32,+3.09%,334,13.5倍,1.06倍,2.25%
20260722,1080,日本ＣＭＫ,6958,東P,,652,+9,+1.40%,333,23.2倍,0.56倍,4.29%
20260722,1081,セーレン,3569,東P,,"3,195",+10,+0.31%,332,12.5倍,1.16倍,2.38%
20260722,1082,ｉＦ日経ベ,1456,東Ｅ,,"1,272",+4,+0.32%,331,ー倍,ー倍,ー%
20260722,1083,あいＨＤ,3076,東P,,"2,707",-17,-0.62%,331,14.0倍,1.26倍,4.62%
20260722,1084,長野計器,7715,東P,,"3,850",+65,+1.72%,330,16.6倍,1.49倍,1.56%
20260722,1085,ＦＦＲＩ,3692,東G,,"4,950",-35,-0.70%,329,34.6倍,10.4倍,0.36%
20260722,1086,スターマイカ,2975,東P,,"1,568",+47,+3.09%,328,9.87倍,1.77倍,3.25%
20260722,1087,極東証券,8706,東P,,"1,780",+25,+1.42%,328,ー倍,1.07倍,ー%
20260722,1088,ｉＦ日本配当,435A,東Ｅ,,"2,651",-11,-0.41%,327,ー倍,ー倍,ー%
20260722,1089,タスキＨＤ,166A,東P,,"1,077",0,0.00%,327,11.5倍,2.09倍,4.64%
20260722,1090,モスフード,8153,東P,,"3,795",-20,-0.52%,326,32.5倍,1.98倍,0.90%
20260722,1091,西華産,8061,東P,,"2,631",+29,+1.11%,325,12.3倍,1.73倍,3.53%
20260722,1092,ジョイ本田,3191,東P,,"2,285",-15,-0.65%,324,15.7倍,1.10倍,3.68%
20260722,1093,セルシス,3663,東P,,"1,890",-33,-1.72%,324,25.6倍,12.2倍,2.65%
20260722,1094,ニッタ,5186,東P,,"6,420",-140,-2.13%,324,14.3倍,1.07倍,2.65%
20260722,1095,トーセイ,8923,東P,,"1,787",-7,-0.39%,323,11.4倍,1.56倍,3.08%
20260722,1096,スターアジア,3468,東Ｒ,,"56,400",+300,+0.53%,323,ー倍,1.05倍,5.85%
20260722,1097,東競馬,9672,東P,,"4,895",-35,-0.71%,322,11.8倍,1.34倍,2.98%
20260722,1098,レイズネク,6379,東P,,"2,548",+22,+0.87%,322,15.3倍,1.50倍,4.59%
20260722,1099,ＧＸ銀行高配,315A,東Ｅ,,"1,970",+35,+1.81%,321,ー倍,ー倍,ー%
20260722,1100,内田洋,8057,東P,,"2,102",-40,-1.87%,321,9.01倍,1.27倍,3.43%
20260722,1101,福井銀,8362,東P,,"5,920",+90,+1.54%,321,15.6倍,0.92倍,2.53%
20260722,1102,日精機,7287,東S,,"2,385",-7,-0.29%,320,13.7倍,0.59倍,3.77%
20260722,1103,泉州電,9824,東P,,"6,200",-50,-0.80%,320,12.5倍,1.71倍,2.58%
20260722,1104,ミマキエンジ,6638,東P,,"2,213",+89,+4.19%,318,10.5倍,1.61倍,2.49%
20260722,1105,スミダコーポ,6817,東P,,"1,327",+13,+0.99%,317,12.0倍,0.70倍,3.99%
20260722,1106,黒田グループ,287A,東S,,"1,088",-1,-0.09%,317,11.3倍,1.12倍,5.79%
20260722,1107,リンガハット,8200,東P,,"2,285",+20,+0.88%,316,49.3倍,3.86倍,0.57%
20260722,1108,Ｋ＆Ｏエナジ,1663,東P,,"1,824",+2,+0.11%,316,15.5倍,0.91倍,1.64%
20260722,1109,エレコム,6750,東P,,"1,833",+3,+0.16%,316,12.9倍,1.37倍,3.16%
20260722,1110,旭有機材,4216,東P,,"6,290",+80,+1.29%,314,19.4倍,1.46倍,2.07%
20260722,1111,インターメス,262A,東P,,"1,842",+5,+0.27%,313,11.9倍,2.17倍,2.77%
20260722,1112,壱番屋,7630,東P,,904,-1,-0.11%,313,53.1倍,4.54倍,1.77%
20260722,1113,稀元素,4082,東P,,"1,853",+53,+2.94%,312,29.8倍,1.16倍,1.62%
20260722,1114,セプテニＨＤ,4293,東S,,504,+3,+0.60%,310,19.9倍,1.60倍,3.57%
20260722,1115,サイバダイン,7779,東G,,222,0,0.00%,309,ー倍,0.75倍,ー%
20260722,1116,東和銀,8558,東P,,"1,400",+9,+0.65%,309,9.02倍,0.55倍,3.57%
20260722,1117,インターアク,7725,東P,,"1,749",+14,+0.81%,308,16.9倍,1.64倍,3.14%
20260722,1118,Ｍ＆Ａキャピ,6080,東P,,"3,705",0,0.00%,308,16.3倍,2.59倍,1.84%
20260722,1119,ＬＡホールデ,2986,東G,,"2,734",-7,-0.26%,306,5.41倍,2.16倍,6.36%
20260722,1120,カーボン,5302,東P,,"4,770",+85,+1.81%,305,19.1倍,0.96倍,4.19%
20260722,1121,安田倉,9324,東P,,"2,569",-63,-2.39%,305,11.9倍,0.68倍,2.88%
20260722,1122,新日本電工,5563,東P,,421,-2,-0.47%,304,ー倍,0.73倍,3.09%
20260722,1123,イーグル工,6486,東P,,"2,960",+28,+0.95%,304,14.2倍,1.01倍,ー%
20260722,1124,リコーリース,8566,東P,,"6,820",+50,+0.74%,303,17.7倍,0.87倍,3.75%
20260722,1125,寺崎電気,6637,東S,,"3,950",+105,+2.73%,301,12.9倍,0.87倍,1.42%
20260722,1126,ベース,4481,東P,,"3,085",-30,-0.96%,301,12.3倍,3.95倍,6.03%
20260722,1127,マクセル,6810,東P,,"2,100",+4,+0.19%,300,11.6倍,0.89倍,2.67%
20260722,1128,リミックス,3825,東S,,203,0,0.00%,300,3.55倍,1.24倍,1.48%
20260722,1129,酉島,6363,東P,,"2,848",+9,+0.32%,299,10.6倍,1.25倍,2.39%
20260722,1130,稲畑産,8098,東P,,"4,035",+25,+0.62%,299,10.3倍,0.91倍,3.54%
20260722,1131,岡本工,6125,東S,,"5,140",-80,-1.53%,298,17.0倍,0.80倍,3.11%
20260722,1132,ＵＳＭＨ,3222,東S,,813,+2,+0.25%,297,"1,129倍",0.82倍,1.97%
20260722,1133,北越コーポ,3865,東P,,951,-5,-0.52%,297,30.2倍,0.60倍,2.73%
20260722,1134,正興電,6653,東P,,"2,220",+22,+1.00%,297,13.1倍,1.56倍,2.48%
20260722,1135,イエロハット,9882,東P,,"1,803",-22,-1.21%,296,12.5倍,1.24倍,3.77%
20260722,1136,ＶＩＸＥＴＦ,318A,東Ｅ,,443.6,+0.8,+0.18%,294,ー倍,ー倍,ー%
20260722,1137,藤田観,9722,東P,,"1,930",-27,-1.38%,293,10.1倍,2.92倍,1.04%
20260722,1138,パーカライ,4095,東P,,"1,672",+4,+0.24%,292,12.6倍,0.88倍,2.99%
20260722,1139,ステラケミ,4109,東P,,"5,570",+40,+0.72%,292,20.0倍,1.42倍,3.23%
20260722,1140,ノエビアＨＤ,4928,東P,,"4,600",+15,+0.33%,292,19.2倍,3.22倍,5.00%
20260722,1141,ダイハツイン,6023,東S,,"2,766",+78,+2.90%,292,12.4倍,1.43倍,2.49%
20260722,1142,東邦鉛,5707,東P,,829,+16,+1.97%,291,4.38倍,1.11倍,ー%
20260722,1143,４℃ホールデ,8008,東P,,"2,070",-66,-3.09%,291,16.8倍,1.11倍,4.11%
20260722,1144,トランスコス,9715,東P,,"3,700",+15,+0.41%,291,10.3倍,1.08倍,3.92%
20260722,1145,ＥＤＰ,7794,東G,,939,+13,+1.40%,291,ー倍,9.05倍,ー%
20260722,1146,タウンズ,197A,東S,,476,-5,-1.04%,291,8.92倍,3.11倍,5.88%
20260722,1147,ＺＡＣＲＯＳ,7917,東P,,"1,393",-27,-1.90%,290,15.3倍,1.05倍,2.58%
20260722,1148,東鉄工,1835,東P,,"4,085",-20,-0.49%,290,10.8倍,1.06倍,3.72%
20260722,1149,浅沼組,1852,東P,,866,-1,-0.12%,289,13.5倍,1.40倍,5.20%
20260722,1150,ＧＸＮカバコ,2865,東Ｅ,,"1,280",+2,+0.16%,289,ー倍,ー倍,ー%
20260722,1151,ｉＦナ百Ｗブ,2869,東Ｅ,,"2,880",-30,-1.03%,289,ー倍,ー倍,ー%
20260722,1152,太平電,1968,東P,,"2,455",+2,+0.08%,287,12.9倍,1.23倍,3.05%
20260722,1153,ＦＣＣ,7296,東P,,"3,600",+25,+0.70%,287,11.4倍,0.83倍,4.44%
20260722,1154,アステリア,3853,東P,,"1,117",+27,+2.48%,286,ー倍,2.43倍,0.90%
20260722,1155,東京エネシス,1945,東P,,"2,016",+40,+2.02%,285,12.9倍,0.92倍,3.82%
20260722,1156,大倉工,4221,東P,,"5,120",+50,+0.99%,285,13.5倍,0.92倍,4.30%
20260722,1157,北日銀,8551,東P,,"6,490",+190,+3.02%,285,11.8倍,0.56倍,2.96%
20260722,1158,純プラ信託,1541,東Ｅ,,"7,900",+217,+2.82%,284,ー倍,ー倍,ー%
20260722,1159,東急建設,1720,東P,,"1,173",-1,-0.09%,284,11.3倍,1.12倍,3.67%
20260722,1160,ディアライフ,3245,東P,,"1,087",-5,-0.46%,284,8.05倍,1.68倍,5.89%
20260722,1161,ＳＨＯＥＩ,7839,東P,,"1,881",-6,-0.32%,284,16.2倍,3.17倍,3.19%
20260722,1162,ＮＩＴＴＯＫ,6145,東S,,"2,625",-43,-1.61%,283,13.4倍,1.10倍,3.12%
20260722,1163,ＫＨネオケム,4189,東P,,"3,055",+20,+0.66%,283,12.3倍,1.54倍,3.60%
20260722,1164,ＴＳＩＨＤ,3608,東P,,"1,234",+3,+0.24%,282,9.00倍,0.75倍,5.67%
20260722,1165,クラウドＷ,3900,東G,,675,+43,+6.80%,282,ー倍,1.65倍,ー%
20260722,1166,オートバクス,9832,東P,,"1,506",-7,-0.46%,282,13.1倍,0.87倍,3.98%
20260722,1167,日本信号,6741,東P,,"1,592",-8,-0.50%,281,9.94倍,0.87倍,3.52%
20260722,1168,クオールＨＤ,3034,東P,,"2,090",-9,-0.43%,281,10.1倍,1.37倍,2.58%
20260722,1169,フォスター,6794,東P,,"2,864",-1,-0.03%,279,12.9倍,0.95倍,4.02%
20260722,1170,ｉＦＲＥＩＴ,1488,東Ｅ,,"1,926",-6,-0.31%,277,ー倍,ー倍,ー%
20260722,1171,栄研化,4549,東P,,"2,562",-14,-0.54%,277,40.8倍,1.92倍,2.26%
20260722,1172,ＤｙＤｏ,2590,東P,,"2,917",-8,-0.27%,277,18.5倍,1.41倍,1.03%
20260722,1173,東プレ,5975,東P,,"2,731",+78,+2.94%,277,8.81倍,0.54倍,3.66%
20260722,1174,いちごオフィ,8975,東Ｒ,,"95,400",+100,+0.10%,276,ー倍,1.41倍,11.9%
20260722,1175,スクロール,8005,東P,,"1,721",-21,-1.21%,276,13.6倍,1.55倍,5.93%
20260722,1176,ヒーハイスト,6433,東S,,"1,011",-71,-6.56%,276,68.5倍,3.00倍,0.20%
20260722,1177,ハートシード,219A,東G,,"1,614",+14,+0.88%,276,ー倍,5.17倍,ー%
20260722,1178,菱地所物流Ｒ,3481,東Ｒ,,"124,300",+400,+0.32%,275,ー倍,1.18倍,5.01%
20260722,1179,地主,3252,東P,,"2,927",0,0.00%,274,7.57倍,1.22倍,4.44%
20260722,1180,飯野海,9119,東P,,"1,492",+17,+1.15%,274,13.1倍,1.00倍,3.08%
20260722,1181,シーイーシー,9692,東P,,"2,228",-5,-0.22%,274,12.3倍,1.62倍,3.82%
20260722,1182,東テク,9960,東P,,"4,035",+40,+1.00%,274,12.1倍,2.25倍,3.17%
20260722,1183,オークネット,3964,東P,,"1,420",+4,+0.28%,272,17.2倍,4.80倍,2.96%
20260722,1184,ＦＥＡＳＹ,212A,東P,,"2,722",+4,+0.15%,271,18.4倍,6.91倍,1.87%
20260722,1185,ｉＦ高配４０,1651,東Ｅ,,"3,184",+10,+0.32%,270,ー倍,ー倍,ー%
20260722,1186,オープンＵＰ,2154,東P,,"1,987",-14,-0.70%,269,14.3倍,2.17倍,4.28%
20260722,1187,ＧＸ中小日株,2837,東Ｅ,,"4,931",+92,+1.90%,268,ー倍,ー倍,ー%
20260722,1188,コロプラ,3668,東P,,388,0,0.00%,267,ー倍,0.75倍,ー%
20260722,1189,シークス,7613,東P,,"1,405",+12,+0.86%,267,11.0倍,0.63倍,3.56%
20260722,1190,ベルーナ,9997,東P,,"1,069",-5,-0.47%,267,8.57倍,0.68倍,3.65%
20260722,1191,三菱総研,3636,東P,,"4,730",+20,+0.42%,266,11.3倍,0.94倍,3.49%
20260722,1192,大崎電,6644,東P,,"1,508",+14,+0.94%,266,13.8倍,1.17倍,3.25%
20260722,1193,ネットプロ,7383,東P,,410,+2,+0.49%,266,18.6倍,1.94倍,ー%
20260722,1194,ムービン,421A,東G,,"3,905",-195,-4.76%,264,18.8倍,7.93倍,ー%
20260722,1195,放電精密,6469,東S,,"2,497",-10,-0.40%,263,30.8倍,3.06倍,0.80%
20260722,1196,豊和工,6203,東S,,"1,440",-25,-1.71%,263,16.1倍,0.83倍,1.39%
20260722,1197,メドレー,4480,東P,,"2,082",-18,-0.86%,263,34.8倍,4.79倍,ー%
20260722,1198,トーエネク,1946,東P,,"2,080",+5,+0.24%,262,10.8倍,1.27倍,3.65%
20260722,1199,ジェリビンズ,3070,東G,,81,0,0.00%,262,41.1倍,1.33倍,ー%
20260722,1200,サカイ引越,9039,東P,,"2,913",-63,-2.12%,260,13.4倍,1.18倍,4.02%
20260722,1201,帝ホテル,9708,東S,,986,-11,-1.10%,260,63.1倍,2.38倍,0.61%
20260722,1202,長府製,5946,東P,,"2,088",+26,+1.26%,259,18.7倍,0.51倍,2.20%
20260722,1203,ユニソルＨＤ,7128,東P,,"2,659",+58,+2.23%,259,30.5倍,0.89倍,6.81%
20260722,1204,ジャスト,4686,東P,,"3,735",-60,-1.58%,258,ー倍,2.02倍,0.80%
20260722,1205,テラスカイ,3915,東P,,"2,195",+30,+1.39%,258,18.6倍,2.27倍,0.77%
20260722,1206,宝＆ＣＯ,7921,東P,,"4,395",-20,-0.45%,258,16.2倍,1.75倍,4.10%
20260722,1207,西川ゴム,5161,東S,,"3,160",+25,+0.80%,258,17.6倍,1.30倍,5.82%
20260722,1208,バリュエンス,9270,東G,,"2,023",-76,-3.62%,258,8.89倍,2.54倍,2.22%
20260722,1209,ユナイテド海,9110,東P,,"7,220",+90,+1.26%,257,7.37倍,0.91倍,4.09%
20260722,1210,三洋化,4471,東P,,"4,985",-35,-0.70%,257,12.3倍,0.69倍,3.51%
20260722,1211,ＢＭＬ,4694,東P,,"3,585",-10,-0.28%,256,19.2倍,1.05倍,3.49%
20260722,1212,日ギア,6356,東S,,"1,412",+37,+2.69%,256,11.4倍,1.39倍,0.71%
20260722,1213,Ｔ－ＢＡＳＥ,3415,東P,,423,+16,+3.93%,256,12.0倍,2.86倍,1.65%
20260722,1214,アイスタイル,3660,東P,,412,+7,+1.73%,256,15.6倍,1.92倍,0.24%
20260722,1215,ソシラ物流,2979,東Ｒ,,"109,300","-1,500",-1.35%,256,ー倍,1.02倍,4.94%
20260722,1216,ＴＯＫＡＩ,3167,東P,,"1,147",+1,+0.09%,255,13.4倍,1.45倍,3.31%
20260722,1217,ライフネット,7157,東P,,"1,660",-4,-0.24%,255,16.3倍,1.40倍,ー%
20260722,1218,ワキタ,8125,東P,,"1,883",+2,+0.11%,255,26.0倍,0.96倍,5.31%
20260722,1219,Ｒみらい,3476,東Ｒ,,"41,950",+50,+0.12%,254,ー倍,0.91倍,6.15%
20260722,1220,加藤産,9869,東P,,"6,240",+50,+0.81%,254,13.2倍,1.07倍,2.56%
20260722,1221,原油先Ｗブル,2038,東EN,,"2,444",+92,+3.91%,254,ー倍,ー倍,ー%
20260722,1222,大末建,1814,東P,,"3,620",+15,+0.42%,253,9.66倍,1.48倍,5.14%
20260722,1223,スターツ,8850,東P,,"4,725",-5,-0.11%,253,8.60倍,1.19倍,3.17%
20260722,1224,日伝,9902,東P,,"2,811",-5,-0.18%,253,15.1倍,0.90倍,3.56%
20260722,1225,アイサンテク,4667,東S,,"1,838",-192,-9.46%,252,17.7倍,1.49倍,2.01%
20260722,1226,月島ＨＤ,6332,東P,,"2,621",-12,-0.46%,251,12.2倍,1.06倍,3.36%
20260722,1227,松風,7979,東P,,"2,159",-26,-1.19%,251,16.2倍,1.58倍,2.83%
20260722,1228,タカラスタ,7981,東P,,"3,100",+15,+0.49%,251,12.7倍,1.00倍,4.00%
20260722,1229,フィーチャ,4052,東G,Ｓ,312,+80,+34.48%,250,131倍,2.64倍,ー%
20260722,1230,能美防災,6744,東P,,"4,280",+10,+0.23%,250,18.9倍,1.82倍,2.71%
20260722,1231,ＭＸナスダク,2631,東Ｅ,,"33,690",+50,+0.15%,249,ー倍,ー倍,ー%
20260722,1232,プリマ,2281,東P,,"2,416",0,0.00%,249,16.2倍,1.00倍,3.31%
20260722,1233,レスター,3156,東P,,"3,545",-5,-0.14%,248,9.97倍,1.07倍,3.81%
20260722,1234,コメリ,8218,東P,,"3,490",-45,-1.27%,248,10.9倍,0.64倍,1.66%
20260722,1235,サンフロ不,8934,東P,,"2,544",+12,+0.47%,248,8.36倍,1.21倍,3.14%
20260722,1236,セック,3741,東P,,"2,983",+39,+1.32%,248,19.3倍,2.95倍,2.08%
20260722,1237,やまびこ,6250,東P,,"3,790",-25,-0.66%,247,10.3倍,1.25倍,2.90%
20260722,1238,あらた,2733,東P,,"2,588",-5,-0.19%,246,12.4倍,0.70倍,4.33%
20260722,1239,サトー,6287,東P,,"2,467",0,0.00%,245,10.8倍,0.94倍,3.24%
20260722,1240,第一実,8059,東P,,"3,470",+80,+2.36%,245,11.7倍,1.22倍,3.60%
20260722,1241,ＮＳグループ,471A,東P,,"1,515",-1,-0.07%,245,9.34倍,2.54倍,5.02%
20260722,1242,福岡リート,8968,東Ｒ,,"179,500",0,0.00%,245,ー倍,1.37倍,4.46%
20260722,1243,ｉＳ高配当,1478,東Ｅ,,"5,247",+25,+0.48%,245,ー倍,ー倍,ー%
20260722,1244,大王紙,3880,東P,,981,-3,-0.30%,245,12.6倍,0.67倍,1.43%
20260722,1245,ＡＳＢ機械,6284,東P,,"9,200",-30,-0.33%,244,15.2倍,2.23倍,2.61%
20260722,1246,カヤバ,7242,東P,,"4,315",+20,+0.47%,244,10.9倍,0.73倍,3.75%
20260722,1247,矢作建,1870,東P,,"1,916",+10,+0.52%,242,10.1倍,1.09倍,5.22%
20260722,1248,ＴＰＲ,6463,東P,,"1,440",+13,+0.91%,241,11.4倍,0.53倍,3.89%
20260722,1249,ｉＦ日経年４,2624,東Ｅ,,"6,650",-3,-0.05%,241,ー倍,ー倍,ー%
20260722,1250,ＣＡＩＣＡＤ,2315,東S,,63,-1,-1.56%,240,124倍,1.84倍,ー%
20260722,1251,ワールドＨＤ,2429,東P,,"2,752",+36,+1.33%,240,6.97倍,1.01倍,4.95%
20260722,1252,ワイエイシイ,6298,東P,,"1,202",+5,+0.42%,240,10.6倍,1.25倍,3.74%
20260722,1253,リョービ,5851,東P,,"2,521",+20,+0.80%,240,6.97倍,0.44倍,4.13%
20260722,1254,中電工,1941,東P,,"5,090",+20,+0.39%,240,13.7倍,1.10倍,2.75%
20260722,1255,ＪＣＲファ,4552,東P,,522,-1,-0.19%,239,318倍,1.36倍,3.83%
20260722,1256,ストライクＧ,6196,東P,,"1,340",-8,-0.59%,239,15.4倍,3.87倍,4.85%
20260722,1257,ＧＭＯ－ＦＨ,7177,東S,,"1,051",-1,-0.10%,239,ー倍,2.21倍,5.21%
20260722,1258,ヤマシン―Ｆ,6240,東P,,538,+16,+3.07%,239,18.7倍,1.64倍,3.72%
20260722,1259,日本リート,3296,東Ｒ,,"84,400",-300,-0.35%,237,ー倍,1.16倍,5.74%
20260722,1260,ヨドコウ,5451,東P,,"1,368",-1,-0.07%,237,19.6倍,0.97倍,3.87%
20260722,1261,サイバーセキ,4493,東G,,"1,797",-43,-2.34%,236,21.0倍,3.92倍,0.33%
20260722,1262,北興化,4992,東S,,"1,986",-2,-0.10%,235,11.5倍,0.84倍,2.72%
20260722,1263,新晃工,6458,東P,,"1,243",-1,-0.08%,235,11.6倍,1.32倍,4.02%
20260722,1264,パソナＧ,2168,東P,,"1,569",-21,-1.32%,235,ー倍,0.46倍,4.78%
20260722,1265,エアロエッジ,7409,東G,,"1,458",-5,-0.34%,235,51.6倍,7.85倍,ー%
20260722,1266,インテグラル,5842,東G,,"2,792",-40,-1.41%,235,ー倍,1.39倍,1.33%
20260722,1267,ＰＩ,4290,東P,,662,-5,-0.75%,235,14.0倍,1.71倍,4.23%
20260722,1268,フタバ,7241,東P,,"1,019",+12,+1.19%,235,6.50倍,0.66倍,4.42%
20260722,1269,助川電気,7711,東S,,"4,675",+80,+1.74%,234,28.6倍,4.75倍,1.11%
20260722,1270,井関農,6310,東P,,"1,902",+30,+1.60%,234,14.4倍,0.57倍,2.37%
20260722,1271,ＩＭＶ,7760,東S,,"2,392",+31,+1.31%,233,20.6倍,2.93倍,1.25%
20260722,1272,紙パル商,8032,東P,,"1,138",+14,+1.25%,232,15.6倍,0.97倍,3.16%
20260722,1273,平和堂,8276,東P,,"2,591",+2,+0.08%,232,13.1倍,0.65倍,2.55%
20260722,1274,ソフトウェア,3733,東S,,"10,410",-100,-0.95%,232,8.60倍,1.27倍,1.63%
20260722,1275,レダックス,7602,東S,,161,-11,-6.40%,231,19.1倍,0.71倍,1.24%
20260722,1276,テレ東ＨＤ,9413,東P,,"3,520",-45,-1.26%,231,11.8倍,0.88倍,2.84%
20260722,1277,阪急阪神Ｒ,8977,東Ｒ,,"140,300","+1,100",+0.79%,230,ー倍,1.12倍,4.85%
20260722,1278,ｉＳＪリート,1476,東Ｅ,,"1,938",+8,+0.41%,230,ー倍,ー倍,ー%
20260722,1279,トラスコ中山,9830,東P,,"2,349",+5,+0.21%,228,10.7倍,0.82倍,2.49%
20260722,1280,ＳＭＤトピク,2557,東Ｅ,,"4,092",+39,+0.96%,228,ー倍,ー倍,ー%
20260722,1281,アカツキ,3932,東P,,"2,891",+1,+0.03%,228,ー倍,0.77倍,ー%
20260722,1282,エスケーエレ,6677,東S,,"3,395",+55,+1.65%,227,11.0倍,0.99倍,4.48%
20260722,1283,スパークス,8739,東P,,"2,261",-6,-0.26%,227,ー倍,2.28倍,4.16%
20260722,1284,セ硝子,4044,東P,,"4,165",+10,+0.24%,226,14.3倍,0.84倍,4.08%
20260722,1285,藤コンポ,5121,東P,,"2,490",-31,-1.23%,225,12.1倍,1.19倍,3.45%
20260722,1286,ＣＲＥロジ,3487,東Ｒ,,"143,500",-200,-0.14%,225,ー倍,1.06倍,5.36%
20260722,1287,エイベックス,7860,東P,,"1,266",-14,-1.09%,225,16.8倍,1.04倍,3.95%
20260722,1288,リオン,6823,東P,,"3,405",-20,-0.58%,225,12.2倍,1.21倍,2.64%
20260722,1289,大黒天,2791,東P,,"4,535",-20,-0.44%,225,12.9倍,1.00倍,0.86%
20260722,1290,グリーＨＤ,3632,東P,,394,-2,-0.51%,224,ー倍,0.73倍,5.46%
20260722,1291,エネクス,8133,東P,,"2,085",+11,+0.53%,224,14.3倍,1.30倍,3.26%
20260722,1292,中部鋼鈑,5461,東P,,"2,085",+8,+0.39%,224,62.1倍,0.75倍,5.42%
20260722,1293,エクセレント,8987,東Ｒ,,"143,000",+100,+0.07%,224,ー倍,1.26倍,4.27%
20260722,1294,アークス,9948,東P,,"3,490",-35,-0.99%,224,15.0倍,0.95倍,2.35%
20260722,1295,ＴＯＡ,6809,東P,,"1,620",+5,+0.31%,224,16.5倍,0.96倍,5.25%
20260722,1296,ＪＭＡＣＳ,5817,東S,,937,-63,-6.30%,223,21.3倍,0.92倍,1.60%
20260722,1297,アルペン,3028,東P,,"2,186",-16,-0.73%,223,14.7倍,0.68倍,2.52%
20260722,1298,ＩＧポート,3791,東S,,993,-9,-0.90%,223,64.6倍,2.01倍,1.31%
20260722,1299,ＳＲＡＨＤ,3817,東P,,"4,590",-50,-1.08%,223,10.3倍,1.68倍,4.79%
20260722,1300,伯東,7433,東P,,"4,555",+65,+1.45%,223,15.1倍,1.25倍,4.83%
20260722,1301,トランザク,7818,東P,,"1,229",-41,-3.23%,223,16.3倍,3.18倍,2.52%
20260722,1302,理計器,7734,東P,,"3,365",-5,-0.15%,222,15.9倍,1.79倍,1.78%
20260722,1303,理ビタ,4526,東P,,"3,165",+10,+0.32%,222,12.3倍,1.10倍,3.48%
20260722,1304,ホットランド,3196,東P,,"1,621",+15,+0.93%,222,52.5倍,3.67倍,0.80%
20260722,1305,ベルク,9974,東P,,"6,410",-10,-0.16%,221,10.2倍,1.10倍,2.06%
20260722,1306,アルゴグラフ,7595,東P,,"1,297",+5,+0.39%,220,12.4倍,1.83倍,5.01%
20260722,1307,野村銀行１７,1631,東Ｅ,,"41,100",+900,+2.24%,220,ー倍,ー倍,ー%
20260722,1308,小森,6349,東P,,"1,645",+9,+0.55%,220,12.1倍,0.71倍,4.56%
20260722,1309,ＥＭシステム,4820,東P,,543,+23,+4.42%,220,17.2倍,1.97倍,4.24%
20260722,1310,地銀業界改革,395A,東Ｅ,,"1,006.5",-16.5,-1.61%,220,ー倍,ー倍,ー%
20260722,1311,ＳＢＩＧＡＭ,4765,東P,,574,-2,-0.35%,220,ー倍,2.44倍,ー%
20260722,1312,フジ,8278,東P,,"1,989",-4,-0.20%,219,24.6倍,0.77倍,1.51%
20260722,1313,プリモＧＨＤ,367A,東S,,"2,688",+32,+1.20%,219,10.9倍,1.16倍,4.46%
20260722,1314,Ｇｅｎｋｙ,9267,東P,,"3,695",-55,-1.47%,218,14.4倍,1.91倍,0.35%
20260722,1315,ＧＸテック日,2854,東Ｅ,,"2,643",+81,+3.16%,218,ー倍,ー倍,ー%
20260722,1316,ＴＭＨ,280A,東G,,"1,037",+48,+4.85%,218,ー倍,2.76倍,ー%
20260722,1317,亀田製菓,2220,東P,,"1,240",-9,-0.72%,217,18.2倍,0.76倍,1.94%
20260722,1318,ハードオフ,2674,東P,,"2,834",-29,-1.01%,217,12.0倍,1.95倍,3.25%
20260722,1319,エン,4849,東P,,"1,242",-22,-1.74%,217,8.58倍,1.50倍,5.50%
20260722,1320,ＭＸトピクス,1348,東Ｅ,,"4,185",+15,+0.36%,217,ー倍,ー倍,ー%
20260722,1321,前田工繊,7821,東P,,"1,840",-2,-0.11%,216,16.1倍,1.64倍,1.52%
20260722,1322,ユニバーサル,6425,東S,,643,-2,-0.31%,216,24.9倍,0.39倍,ー%
20260722,1323,三愛オブリ,8097,東P,,"2,277",+15,+0.66%,216,17.2倍,1.22倍,4.39%
20260722,1324,栗本鉄,5602,東P,,"1,480",-2,-0.13%,215,12.5倍,0.95倍,4.05%
20260722,1325,ＤＮＣ,4246,東P,,"1,007",+4,+0.40%,215,7.12倍,0.74倍,5.66%
20260722,1326,オリエン白石,1786,東P,,363,+3,+0.83%,214,17.0倍,0.88倍,3.99%
20260722,1327,プレス工,7246,東P,,836,+1,+0.12%,213,11.7倍,0.68倍,5.26%
20260722,1328,ＬＩＮＫ＆Ｍ,2170,東P,,606,+1,+0.17%,213,18.6倍,5.16倍,2.71%
20260722,1329,トヨカネツ,6369,東P,,"2,429",+6,+0.25%,212,14.0倍,0.94倍,4.32%
20260722,1330,Ａ＆Ｄホロン,7745,東P,,"2,865",+18,+0.63%,211,17.4倍,1.59倍,2.09%
20260722,1331,日本国土開発,1887,東P,,514,-1,-0.19%,211,10.3倍,0.58倍,4.86%
20260722,1332,中外炉,1964,東P,,"4,070",+95,+2.39%,210,11.3倍,0.91倍,4.42%
20260722,1333,ＮＩＳＳＨＡ,7915,東P,,"1,354",+7,+0.52%,210,20.1倍,0.55倍,3.69%
20260722,1334,木曽路,8160,東P,,"2,394",+10,+0.42%,210,32.1倍,2.13倍,1.25%
20260722,1335,アルコニクス,3036,東P,,"2,555",+49,+1.96%,210,11.6倍,0.97倍,3.52%
20260722,1336,農中日経平均,2525,東Ｅ,,"67,160",+270,+0.40%,208,ー倍,ー倍,ー%
20260722,1337,エスビー,2805,東S,,"6,130",+40,+0.66%,208,18.3倍,1.57倍,0.98%
20260722,1338,日山村硝,5210,東S,,"2,855",+7,+0.25%,208,12.7倍,0.51倍,5.25%
20260722,1339,シグマクシス,6088,東P,,569,-1,-0.18%,208,10.3倍,3.22倍,4.57%
20260722,1340,ＭＸナスヘ有,2632,東Ｅ,,"17,615",-40,-0.23%,208,ー倍,ー倍,ー%
20260722,1341,ブレーキ,7238,東P,,110,+1,+0.92%,208,11.9倍,0.93倍,ー%
20260722,1342,川田テク,3443,東P,,"1,296",-11,-0.84%,208,9.36倍,0.67倍,3.24%
20260722,1343,ＡＺ丸和ＨＤ,9090,東P,,867,-5,-0.57%,208,14.1倍,1.87倍,3.69%
20260722,1344,沖縄電,9511,東P,,936,+10,+1.08%,208,ー倍,0.39倍,ー%
20260722,1345,アイダ,6118,東P,,"1,208",+13,+1.09%,207,15.3倍,0.76倍,3.23%
20260722,1346,正栄食,8079,東P,,"4,390",-10,-0.23%,207,18.2倍,1.24倍,2.05%
20260722,1347,Ｇセキュリ,4417,東G,,"4,300",-150,-3.37%,207,32.3倍,14.7倍,1.14%
20260722,1348,丸全運,9068,東P,,"7,610",-50,-0.65%,206,11.3倍,1.03倍,2.76%
20260722,1349,ヘリオス,4593,東G,,254,-7,-2.68%,206,ー倍,4.54倍,ー%
20260722,1350,図研,6947,東P,,"4,585",+45,+0.99%,206,17.0倍,2.34倍,3.27%
20260722,1351,ＴＯＲＩＣＯ,7138,東G,,148,-12,-7.50%,205,ー倍,1.46倍,ー%
20260722,1352,ＧＸ防衛日株,513A,東Ｅ,,844,+6,+0.72%,205,ー倍,ー倍,ー%
20260722,1353,クミアイ化,4996,東P,,736,+5,+0.68%,204,13.9倍,0.58倍,3.26%
20260722,1354,中発条,5992,東S,,"3,835",+170,+4.64%,204,40.3倍,1.10倍,2.35%
20260722,1355,ザ・パック,3950,東P,,"1,451",+16,+1.11%,204,15.1倍,1.04倍,2.89%
20260722,1356,中央自,8117,東S,,"2,107",-3,-0.14%,204,12.3倍,1.85倍,2.99%
20260722,1357,ＪＢＣＣＨＤ,9889,東P,,"1,443",-11,-0.76%,204,14.5倍,3.52倍,3.47%
20260722,1358,ヤマエＧＨＤ,7130,東P,,"3,005",-20,-0.66%,203,6.67倍,0.77倍,2.66%
20260722,1359,象印,7965,東P,,"1,395",-10,-0.71%,203,18.5倍,0.97倍,3.30%
20260722,1360,合同鉄,5410,東P,,"2,728",+10,+0.37%,203,9.28倍,0.28倍,3.67%
20260722,1361,ＯＢＡＲＡＧ,6877,東S,,"5,780",-20,-0.34%,202,11.0倍,1.12倍,2.60%
20260722,1362,イーレックス,9517,東P,,876,-17,-1.90%,201,12.6倍,0.97倍,2.51%
20260722,1363,ユアテック,1934,東P,,"2,333",-9,-0.38%,200,12.1倍,1.03倍,3.34%
20260722,1364,三光合成,7888,東P,,948,-6,-0.63%,200,6.42倍,0.83倍,3.38%
20260722,1365,佐賀銀,8395,東P,,"5,770",+100,+1.76%,200,10.5倍,0.77倍,1.91%
20260722,1366,菱鉛筆,7976,東P,,"2,628",-41,-1.54%,199,17.0倍,0.93倍,2.09%
20260722,1367,アクシアル,8255,東P,,"1,196",-14,-1.16%,199,13.1倍,1.10倍,2.42%
20260722,1368,朝日工,1975,東P,,"4,070",+50,+1.24%,199,11.4倍,2.07倍,3.54%
20260722,1369,カーバイド,4064,東P,,"3,385",+25,+0.74%,199,10.2倍,0.82倍,3.96%
20260722,1370,ＢＵＦ,6676,東S,,"2,741",+46,+1.71%,198,14.4倍,1.51倍,2.19%
20260722,1371,三協フロンテ,9639,東S,,"2,256",+12,+0.53%,197,8.57倍,0.95倍,3.99%
20260722,1372,セレンＨＤ,7318,東G,,"1,984",+53,+2.74%,197,16.4倍,2.67倍,ー%
20260722,1373,ゼリア新薬,4559,東P,,"2,108",+21,+1.01%,196,9.29倍,0.86倍,2.37%
20260722,1374,応用地質,9755,東P,,"2,830",+35,+1.25%,196,16.5倍,0.82倍,3.89%
20260722,1375,ＲＹＯＤＥＮ,8084,東P,,"3,920",+5,+0.13%,196,17.9倍,0.89倍,3.83%
20260722,1376,イオン北海道,7512,東S,,845,-6,-0.71%,195,39.2倍,1.62倍,1.89%
20260722,1377,ＭＸＪリート,1597,東Ｅ,,"1,918",+3,+0.16%,195,ー倍,ー倍,ー%
20260722,1378,双葉電,6986,東P,,587,+3,+0.51%,194,ー倍,0.30倍,ー%
20260722,1379,木村化,6378,東S,,"1,217",+15,+1.25%,193,12.6倍,1.14倍,3.37%
20260722,1380,鈴木,6785,東P,,"3,070",-40,-1.29%,193,11.8倍,1.41倍,3.42%
20260722,1381,住石ＨＤ,1514,東S,,595,+13,+2.23%,193,22.3倍,1.22倍,2.52%
20260722,1382,ＶＴＨＤ,7593,東P,,483,+2,+0.42%,192,8.02倍,0.79倍,4.97%
20260722,1383,三陽商,8011,東P,,"4,515",+20,+0.44%,192,11.1倍,1.15倍,4.08%
20260722,1384,東洋電,6505,東S,,"2,382",-37,-1.53%,192,8.27倍,0.70倍,4.87%
20260722,1385,高速,7504,東P,,"3,725",-5,-0.13%,191,18.2倍,1.71倍,3.22%
20260722,1386,ｉＦ日経Ｗベ,1366,東Ｅ,,71,0,0.00%,191,ー倍,ー倍,ー%
20260722,1387,世紀東急,1898,東P,,"1,476",+1,+0.07%,191,11.5倍,1.22倍,5.08%
20260722,1388,バリューＣ,9238,東G,,457,-15,-3.18%,191,ー倍,-16倍,ー%
20260722,1389,山善,8051,東P,,"1,755",+5,+0.29%,191,15.9倍,1.04倍,3.19%
20260722,1390,ゼンリン,9474,東P,,914,-1,-0.11%,191,19.5倍,1.00倍,4.60%
20260722,1391,ＪＤＳＣ,4418,東G,,845,-29,-3.32%,190,25.7倍,2.17倍,ー%
20260722,1392,巴工業,6309,東P,,"1,890",-35,-1.82%,190,12.6倍,1.27倍,4.02%
20260722,1393,新日本科学,2395,東P,,"1,294",-6,-0.46%,190,15.4倍,1.25倍,3.86%
20260722,1394,ユーグレナ,2931,東P,,343,+1,+0.29%,190,ー倍,1.46倍,ー%
20260722,1395,いちよし,8624,東P,,"1,569",+22,+1.42%,190,ー倍,1.63倍,ー%
20260722,1396,グロブライド,7990,東P,,"2,485",+10,+0.40%,189,9.58倍,0.81倍,4.02%
20260722,1397,ＡＩＲＭＡＮ,6364,東P,,"1,986",-11,-0.55%,189,13.5倍,1.19倍,3.63%
20260722,1398,ＳＭＤ２２５,1397,東Ｅ,,"66,830",-100,-0.15%,189,ー倍,ー倍,ー%
20260722,1399,明星工,1976,東P,,"1,898",+14,+0.74%,188,15.6倍,1.26倍,3.42%
20260722,1400,ＪＰＭＣ,3276,東P,,"1,787",+13,+0.73%,188,15.1倍,3.21倍,3.58%
20260722,1401,ＧＭＯ－ＦＧ,4051,東P,,"6,510",-50,-0.76%,186,28.7倍,8.28倍,1.92%
20260722,1402,サンマルク,3395,東P,,"2,554",-13,-0.51%,185,18.9倍,1.74倍,2.11%
20260722,1403,日ヒュム,5262,東P,,"1,018",+3,+0.30%,185,15.2倍,0.99倍,2.55%
20260722,1404,持田薬,4534,東P,,"3,140",-5,-0.16%,185,11.1倍,0.79倍,2.71%
20260722,1405,Ｋｕｄａｎ,4425,東G,,"1,831",+17,+0.94%,184,ー倍,7.90倍,ー%
20260722,1406,前沢ＨＤ,575A,東P,,"1,817",-1,-0.06%,184,3.62倍,ー倍,3.47%
20260722,1407,横河ブＨＤ,5911,東P,,"2,925",+5,+0.17%,184,14.0倍,0.86倍,4.44%
20260722,1408,ユニプレス,5949,東P,,"1,312",+17,+1.31%,183,13.0倍,0.44倍,5.34%
20260722,1409,ジェイドＧ,3558,東G,,"1,670",+45,+2.77%,183,ー倍,2.22倍,ー%
20260722,1410,クレオス,8101,東P,,"2,723",+69,+2.60%,183,12.7倍,1.03倍,3.89%
20260722,1411,コーセル,6905,東P,,"1,293",-5,-0.39%,183,33.2倍,1.02倍,4.64%
20260722,1412,プレミアＧ,7199,東P,,"2,070",-35,-1.66%,183,11.6倍,3.17倍,3.09%
20260722,1413,アジアパイル,5288,東P,,"1,534",+5,+0.33%,182,7.59倍,1.12倍,4.56%
20260722,1414,静ガス,9543,東P,,"1,259",+15,+1.21%,182,10.4倍,0.69倍,3.49%
20260722,1415,ｉＳＢＡＩ,408A,東Ｅ,,299.4,+2.4,+0.81%,182,ー倍,ー倍,ー%
20260722,1416,サーラ,2734,東P,,"1,145",-13,-1.12%,182,12.3倍,0.76倍,2.97%
20260722,1417,東証グロース,2516,東Ｅ,,554.7,-5.7,-1.02%,181,ー倍,ー倍,ー%
20260722,1418,ケイアイ不,3465,東P,,"3,670",-40,-1.08%,181,6.51倍,1.56倍,3.81%
20260722,1419,スターゼン,8043,東P,,"1,312",+5,+0.38%,180,8.82倍,0.78倍,3.81%
20260722,1420,ＧＸ中国テク,380A,東Ｅ,,"1,021",-18,-1.73%,180,ー倍,ー倍,ー%
20260722,1421,上場ＳＰ５百,1547,東Ｅ,,"13,275",+70,+0.53%,180,ー倍,ー倍,ー%
20260722,1422,ＨＰＣシス,6597,東G,,"3,595",+175,+5.12%,179,29.0倍,5.65倍,0.89%
20260722,1423,八洲電機,3153,東P,,"2,849",+48,+1.71%,179,11.0倍,1.67倍,1.97%
20260722,1424,藤倉化,4620,東S,,960,0,0.00%,178,ー倍,0.57倍,ー%
20260722,1425,エスコン,8892,東P,,"1,116",+2,+0.18%,178,7.64倍,1.23倍,4.75%
20260722,1426,千葉興,8337,東P,,"2,634",+57,+2.21%,177,17.0倍,0.99倍,0.76%
20260722,1427,コムチュア,3844,東P,,"1,354",-14,-1.02%,177,13.4倍,2.14倍,3.84%
20260722,1428,日リーテック,1938,東P,,"2,516",+9,+0.36%,177,10.2倍,0.90倍,3.86%
20260722,1429,リケンテクノ,4220,東P,,"1,823",+11,+0.61%,177,12.8倍,1.28倍,2.96%
20260722,1430,ジーデップ,5885,東S,,"2,683",+78,+2.99%,177,17.8倍,4.18倍,1.79%
20260722,1431,ノーリツ,5943,東P,,"2,356",+1,+0.04%,176,12.5倍,0.75倍,3.99%
20260722,1432,野村高配７０,1577,東Ｅ,,"58,240",+540,+0.94%,176,ー倍,ー倍,ー%
20260722,1433,菊池製作,3444,東S,,978,-2,-0.20%,175,86.2倍,1.97倍,1.02%
20260722,1434,アイル,3854,東P,,"2,310",-20,-0.86%,175,14.3倍,4.61倍,2.86%
20260722,1435,サンワテク,8137,東P,,"3,765",+45,+1.21%,175,13.9倍,1.11倍,3.45%
20260722,1436,アトム,7412,東S,,382,-8,-2.05%,174,ー倍,21.3倍,ー%
20260722,1437,ビーエンジ,4828,東P,,"1,168",-7,-0.60%,174,15.2倍,4.33倍,3.60%
20260722,1438,日農薬,4997,東P,,"1,042",+20,+1.96%,174,11.0倍,0.96倍,3.65%
20260722,1439,杏林製薬,4569,東P,,"1,167",-3,-0.26%,174,44.7倍,0.47倍,2.14%
20260722,1440,ＲＳＣ,4664,東S,,934,+37,+4.12%,174,41.3倍,1.17倍,2.57%
20260722,1441,クオンツ総研,9552,東P,,878,+16,+1.86%,173,12.9倍,6.51倍,ー%
20260722,1442,積水樹,4212,東P,,"2,702",+46,+1.73%,172,18.4倍,0.82倍,3.03%
20260722,1443,グリーンエナ,1436,東G,,"1,287",-36,-2.72%,172,19.9倍,2.80倍,0.47%
20260722,1444,昭和産,2004,東P,,"3,495",-5,-0.14%,172,12.0倍,0.76倍,4.01%
20260722,1445,ＧＸロボ日株,2638,東Ｅ,,"2,625",0,0.00%,171,ー倍,ー倍,ー%
20260722,1446,石井表記,6336,東S,,"1,761",-15,-0.84%,170,14.9倍,1.30倍,2.04%
20260722,1447,ＡＣＣＥＳＳ,4813,東P,,340,-6,-1.73%,170,21.0倍,1.89倍,ー%
20260722,1448,エターナルＧ,3193,東P,,"2,899",-28,-0.96%,170,15.8倍,3.09倍,1.59%
20260722,1449,Ｏｎｅリート,3290,東Ｒ,,"76,500",-900,-1.16%,169,ー倍,1.21倍,6.38%
20260722,1450,イメージ情報,3803,東G,Ｓ,532,+80,+17.70%,169,ー倍,2.80倍,ー%
20260722,1451,シェアテク,3989,東G,,"1,420",-10,-0.70%,169,13.6倍,6.92倍,3.87%
20260722,1452,ＳＰＤＲ５百,1557,東Ｅ,,"121,850",+650,+0.54%,169,ー倍,ー倍,ー%
20260722,1453,トピー,7231,東P,,"2,914",+6,+0.21%,169,10.5倍,0.44倍,4.63%
20260722,1454,ｉＦＦＮＧ金,521A,東Ｅ,,"1,856",+17,+0.92%,169,ー倍,ー倍,ー%
20260722,1455,イー・ギャラ,8771,東P,,"1,855",-30,-1.59%,168,21.7倍,4.07倍,4.53%
20260722,1456,海帆,3133,東G,,91,-8,-8.08%,168,ー倍,23.2倍,ー%
20260722,1457,オイレス,6282,東P,,"2,823",+4,+0.14%,168,16.2倍,1.02倍,3.37%
20260722,1458,ＰＣＡ,9629,東P,,"1,420",-11,-0.77%,168,35.7倍,1.66倍,2.82%
20260722,1459,くすりの窓口,5592,東G,,"2,288",-19,-0.82%,167,8.41倍,2.30倍,1.75%
20260722,1460,テイツー,7610,東S,,147,+1,+0.68%,167,11.5倍,1.34倍,2.72%
20260722,1461,ＣＳＨＤ,3810,東S,,163,+4,+2.52%,166,ー倍,2.52倍,ー%
20260722,1462,プレイド,4165,東G,,567,-30,-5.03%,166,ー倍,4.53倍,ー%
20260722,1463,ＳＲＳＨＤ,8163,東P,,"1,305",+7,+0.54%,166,30.0倍,3.03倍,0.77%
20260722,1464,平河ヒューテ,5821,東P,,"3,135",+85,+2.79%,166,14.3倍,1.15倍,1.69%
20260722,1465,富士製薬,4554,東P,,"1,906",-19,-0.99%,165,22.2倍,0.97倍,2.57%
20260722,1466,ニッケ,3201,東P,,"1,863",-9,-0.48%,165,12.8倍,0.90倍,2.68%
20260722,1467,学情,2301,東P,,"1,632",-23,-1.39%,165,10.9倍,1.48倍,4.60%
20260722,1468,オープンＧ,6572,東P,,254,-9,-3.42%,165,21.9倍,1.34倍,2.56%
20260722,1469,三井松島ＨＤ,1518,東P,,"1,553",-1,-0.06%,165,6.70倍,1.03倍,8.37%
20260722,1470,特種東海,3708,東P,,"2,127",+25,+1.19%,164,16.1倍,0.89倍,4.42%
20260722,1471,遠藤照明,6932,東S,,"2,581",+57,+2.26%,164,8.66倍,0.76倍,3.41%
20260722,1472,ポート,7047,東G,,"2,487",-52,-2.05%,163,9.86倍,3.09倍,0.52%
20260722,1473,高砂香,4914,東P,,"1,201",+3,+0.25%,163,12.5倍,0.76倍,4.33%
20260722,1474,京三,6742,東P,,910,+22,+2.48%,162,13.4倍,1.01倍,2.97%
20260722,1475,ＹＵＡＳＡ,8074,東P,,"5,600",+10,+0.18%,162,10.3倍,0.98倍,3.39%
20260722,1476,日本ライフＬ,7575,東P,,"1,382",0,0.00%,161,12.1倍,1.47倍,4.05%
20260722,1477,タチエス,7239,東P,,"2,177",-1,-0.05%,160,8.69倍,0.71倍,5.28%
20260722,1478,ミツバ,7280,東P,,"1,171",+11,+0.95%,160,5.02倍,0.49倍,2.56%
20260722,1479,明和産,8103,東P,,910,0,0.00%,160,9.34倍,0.84倍,5.16%
20260722,1480,日本通信,9424,東P,,112,-3,-2.61%,160,ー倍,4.15倍,ー%
20260722,1481,あさひ,3333,東P,,"1,348",-7,-0.52%,160,12.9倍,0.84倍,3.71%
20260722,1482,内外テック,3374,東S,,"3,375",+80,+2.43%,160,11.8倍,0.93倍,3.26%
20260722,1483,ＳＢＩリーシ,5834,東G,,"2,787",+17,+0.61%,160,7.28倍,1.55倍,4.13%
20260722,1484,東海道リート,2989,東Ｒ,,"103,200","+1,000",+0.98%,159,ー倍,1.20倍,6.26%
20260722,1485,高松グループ,1762,東P,,"3,760",+30,+0.80%,159,10.5倍,0.89倍,3.83%
20260722,1486,ハマキョウ,9037,東P,,"1,830",-1,-0.05%,158,12.6倍,1.38倍,2.51%
20260722,1487,カッパクリエ,7421,東P,,"1,536",-13,-0.84%,158,81.0倍,7.42倍,ー%
20260722,1488,ドウシシャ,7483,東P,,"2,972",+1,+0.03%,158,12.5倍,1.12倍,3.70%
20260722,1489,チヨダ,8185,東P,,997,+1,+0.10%,158,30.8倍,0.68倍,5.42%
20260722,1490,アネスト岩田,6381,東P,,"1,756",+14,+0.80%,158,17.4倍,1.36倍,5.30%
20260722,1491,丸文,7537,東P,,"1,701",+15,+0.89%,157,11.2倍,0.78倍,4.53%
20260722,1492,ＢＡＳＥ,4477,東G,,306,-3,-0.97%,157,23.5倍,2.42倍,1.63%
20260722,1493,ゴールドクレ,8871,東S,,"3,365",0,0.00%,156,11.8倍,0.82倍,4.75%
20260722,1494,ナガイレーベ,7447,東P,,"1,751",-1,-0.06%,155,18.1倍,1.33倍,4.00%
20260722,1495,シグマ光機,7713,東S,,"2,026",+96,+4.97%,155,14.7倍,0.77倍,2.47%
20260722,1496,マースＧＨＤ,6419,東P,,"3,140",-15,-0.48%,155,8.40倍,0.66倍,4.78%
20260722,1497,ＴＯＲＥＸ,6616,東P,,"1,896",+23,+1.23%,154,14.4倍,1.07倍,2.95%
20260722,1498,コスピベア,2034,東EN,,"2,127",+111,+5.51%,154,ー倍,ー倍,ー%
20260722,1499,木村工機,6231,東S,,"12,630",-240,-1.86%,154,12.9倍,3.17倍,1.58%
20260722,1500,ジーテクト,5970,東P,,"2,139",+5,+0.23%,154,7.04倍,0.41倍,4.58%
20260722,1501,ＪＵＫＩ,6440,東P,,535,+1,+0.19%,153,10.5倍,0.49倍,2.80%
20260722,1502,ｉＦＥナ百無,2840,東Ｅ,,"2,716",+7,+0.26%,153,ー倍,ー倍,ー%
20260722,1503,アーレスティ,5852,東P,,725,+8,+1.12%,152,36.3倍,0.32倍,4.69%
20260722,1504,アオイ電子,6832,東S,,"2,445",+116,+4.98%,152,119倍,0.63倍,2.21%
20260722,1505,ＡＫＩＢＡ,6840,東S,,676,+16,+2.42%,152,ー倍,1.41倍,ー%
20260722,1506,日本ＭＤＭ,7600,東P,,941,-3,-0.32%,151,413倍,0.98倍,1.81%
20260722,1507,東陽テク,8151,東P,,"1,964",+24,+1.24%,151,16.3倍,1.43倍,3.56%
20260722,1508,農中Ｊリコア,2527,東Ｅ,,"1,140",+1,+0.09%,151,ー倍,ー倍,ー%
20260722,1509,フリュー,6238,東P,,"1,356",-23,-1.67%,150,14.4倍,1.52倍,2.95%
20260722,1510,大光銀,8537,東S,,"2,777",+34,+1.24%,150,8.02倍,0.33倍,3.82%
20260722,1511,上場リート隔,1345,東Ｅ,,"1,887",-1,-0.05%,150,ー倍,ー倍,ー%
20260722,1512,セレス,3696,東P,,"2,138",+6,+0.28%,150,4.18倍,1.87倍,4.21%
20260722,1513,Ｇｕｎｏｓｙ,6047,東S,,352,-20,-5.38%,150,ー倍,0.79倍,3.69%
20260722,1514,中村超硬,6166,東G,,665,-10,-1.48%,150,ー倍,6.70倍,ー%
20260722,1515,ＧＡテクノ,3491,東G,,"1,345",-17,-1.25%,149,10.1倍,1.68倍,0.97%
20260722,1516,ＤＩＴ,3916,東P,,932,-33,-3.42%,149,12.5倍,3.19倍,4.02%
20260722,1517,小松ウオール,7949,東P,,"2,650",+25,+0.95%,149,15.3倍,1.19倍,5.09%
20260722,1518,ホクト,1379,東P,,"1,934",+4,+0.21%,149,11.5倍,0.93倍,3.21%
20260722,1519,バイタルＫＳ,3151,東P,,"1,668",0,0.00%,148,10.7倍,0.68倍,4.20%
20260722,1520,ニシオＨＤ,9699,東P,,"4,155",0,0.00%,148,9.46倍,0.80倍,3.18%
20260722,1521,新光商,8141,東P,,"1,590",+9,+0.57%,148,32.4倍,0.86倍,ー%
20260722,1522,島精機,6222,東P,,876,-6,-0.68%,148,33.0倍,0.36倍,2.28%
20260722,1523,ホソミクロン,6277,東P,,"4,895",+5,+0.10%,148,13.8倍,1.01倍,2.86%
20260722,1524,ムゲンＥ,3299,東S,,"1,999",-7,-0.35%,148,6.21倍,1.37倍,6.50%
20260722,1525,帝国繊維,3302,東P,,"3,340",+25,+0.75%,147,22.5倍,1.13倍,1.95%
20260722,1526,理経,8226,東S,,355,-16,-4.31%,147,12.8倍,0.89倍,1.97%
20260722,1527,フルキャスト,4848,東P,,"1,654",-16,-0.96%,147,10.6倍,1.87倍,3.87%
20260722,1528,ビープラッツ,4381,東G,,354,-60,-14.49%,146,25.3倍,-2.4倍,ー%
20260722,1529,カルナバイオ,4572,東G,,311,-24,-7.16%,146,ー倍,-36倍,ー%
20260722,1530,西部ガスＨＤ,9536,東P,,"2,366",+17,+0.72%,146,10.6倍,0.74倍,2.96%
20260722,1531,アズーム,3496,東P,,"4,500",+10,+0.22%,146,25.2倍,8.47倍,2.80%
20260722,1532,ＤＧ,350A,東G,,779,-7,-0.89%,145,16.9倍,3.15倍,ー%
20260722,1533,ＷＴ銅,1693,東Ｅ,,"9,060",+85,+0.95%,145,ー倍,ー倍,ー%
20260722,1534,新日本建,1879,東P,,"2,076",+22,+1.07%,145,6.94倍,0.90倍,3.71%
20260722,1535,極洋,1301,東P,,"4,535",+10,+0.22%,144,7.48倍,0.70倍,3.53%
20260722,1536,長谷川香料,4958,東P,,"3,275",0,0.00%,144,18.2倍,1.01倍,3.05%
20260722,1537,オカモト,5122,東P,,"5,510",+100,+1.85%,143,19.5倍,0.85倍,2.18%
20260722,1538,ＩＢＪ,6071,東P,,829,-11,-1.31%,143,13.5倍,2.91倍,1.57%
20260722,1539,りたりこ,7366,東P,,"1,594",-45,-2.75%,142,16.5倍,3.78倍,0.94%
20260722,1540,ワンキャリア,4377,東G,,"2,020",-32,-1.56%,142,17.5倍,6.73倍,1.68%
20260722,1541,じげん,3679,東P,,408,-6,-1.45%,142,9.22倍,1.80倍,3.31%
20260722,1542,上場高配当,1698,東Ｅ,,"4,289",+32,+0.75%,141,ー倍,ー倍,ー%
20260722,1543,ネイス,589A,東G,,"1,210",+8,+0.67%,141,11.8倍,7.50倍,ー%
20260722,1544,リバーエレク,6666,東S,,745,+36,+5.08%,141,"3,104倍",1.34倍,1.34%
20260722,1545,共英製鋼,5440,東P,,"1,884",+4,+0.21%,140,9.10倍,0.39倍,3.72%
20260722,1546,ナガセ,9733,東S,,"2,368",+16,+0.68%,140,12.9倍,1.53倍,5.07%
20260722,1547,住友精化,4008,東P,,"1,297",+11,+0.86%,140,ー倍,0.81倍,3.70%
20260722,1548,ミライアル,4238,東S,,"1,625",-22,-1.34%,139,ー倍,0.63倍,ー%
20260722,1549,Ｅ・ＪＨＤ,2153,東P,,"1,757",-5,-0.28%,139,8.54倍,0.78倍,4.67%
20260722,1550,ＭＥＲＦ,3168,東S,,"1,231",+51,+4.32%,139,6.19倍,1.45倍,2.44%
20260722,1551,日経エンタメ,586A,東Ｅ,,211.6,-1.8,-0.84%,139,ー倍,ー倍,ー%
20260722,1552,ホドルワン,2345,東S,,95,-12,-11.21%,138,ー倍,10.2倍,ー%
20260722,1553,カワチ薬品,2664,東P,,"3,360",-20,-0.59%,138,25.0倍,0.65倍,2.98%
20260722,1554,ニチハ,7943,東P,,"3,015",-15,-0.50%,138,12.5倍,0.82倍,3.78%
20260722,1555,ミラースＨＤ,8897,東P,,417,+2,+0.48%,138,6.97倍,0.67倍,5.52%
20260722,1556,不動テトラ,1813,東P,,"2,736",+10,+0.37%,137,13.0倍,1.09倍,4.20%
20260722,1557,クレスコ,4674,東P,,"1,557",-3,-0.19%,137,11.3倍,1.87倍,4.50%
20260722,1558,サン電子,6736,東S,,"8,990",-290,-3.13%,137,25.5倍,4.02倍,ー%
20260722,1559,カナディアン,9284,東IF,,"77,700",+800,+1.04%,137,ー倍,0.75倍,7.68%
20260722,1560,テイカ,4027,東P,,"2,427",+20,+0.83%,136,30.6倍,0.90倍,3.30%
20260722,1561,ククレブ,276A,東G,,"3,635",+15,+0.41%,136,26.6倍,3.87倍,0.83%
20260722,1562,オリオン,409A,東P,,"1,220",+10,+0.83%,136,17.6倍,2.78倍,2.79%
20260722,1563,建設技研,9621,東P,,"2,940",-32,-1.08%,135,11.5倍,1.18倍,2.65%
20260722,1564,日本管財ＨＤ,9347,東P,,"2,785",+1,+0.04%,135,13.9倍,1.35倍,2.15%
20260722,1565,ＧＸ高配３０,235A,東Ｅ,,"1,371",+8,+0.59%,135,ー倍,ー倍,ー%
20260722,1566,アイチコーポ,6345,東P,,"1,400",+4,+0.29%,135,13.5倍,1.20倍,4.64%
20260722,1567,デンヨー,6517,東P,,"3,610",+10,+0.28%,134,12.3倍,0.89倍,3.32%
20260722,1568,福田組,1899,東P,,"3,840",+40,+1.05%,134,12.7倍,0.71倍,3.39%
20260722,1569,ＪＲＣ,6224,東G,,"1,150",-65,-5.35%,134,11.9倍,2.52倍,2.96%
20260722,1570,グリムス,3150,東P,,"2,589",-30,-1.15%,134,11.1倍,3.07倍,3.59%
20260722,1571,アドソル日進,3837,東P,,"1,485",-19,-1.26%,133,15.5倍,3.71倍,3.23%
20260722,1572,セイワＨＤ,523A,東G,,"1,480",-46,-3.01%,133,ー倍,4.51倍,ー%
20260722,1573,Ａｉｍｉｎｇ,3911,東G,,202,+1,+0.50%,132,ー倍,1.34倍,ー%
20260722,1574,ＧＸデジ日株,2626,東Ｅ,,"3,014",+14,+0.47%,132,ー倍,ー倍,ー%
20260722,1575,ＧＸＵＳ配当,2236,東Ｅ,,"1,506",+7,+0.47%,132,ー倍,ー倍,ー%
20260722,1576,野村Ａ高配,2084,東Ｅ,,"3,737",+3,+0.08%,132,ー倍,ー倍,ー%
20260722,1577,アルバリンク,5537,東G,,"2,901",-27,-0.92%,132,18.9倍,11.4倍,ー%
20260722,1578,ハイレックス,7279,東S,,"2,187",+11,+0.51%,131,2.19倍,0.38倍,3.66%
20260722,1579,アイピーエス,4390,東P,,"3,570",-5,-0.14%,131,11.1倍,2.48倍,1.12%
20260722,1580,学研ＨＤ,9470,東P,,"1,019",-8,-0.78%,130,10.6倍,0.80倍,2.85%
20260722,1581,神鋼商,8075,東P,,"2,533",+29,+1.16%,129,7.44倍,0.68倍,5.13%
20260722,1582,大戸屋ＨＤ,2705,東S,,"8,020",+70,+0.88%,129,41.6倍,14.2倍,0.25%
20260722,1583,ストレジ王,2997,東G,,"1,337",+1,+0.07%,129,18.5倍,2.15倍,ー%
20260722,1584,オイシックス,3182,東P,,"1,565",+11,+0.71%,128,11.8倍,1.99倍,1.66%
20260722,1585,モリタＨＤ,6455,東P,,"2,452",+14,+0.57%,128,10.4倍,0.99倍,2.61%
20260722,1586,上場銀行１０,540A,東Ｅ,,"2,075",+36,+1.77%,128,ー倍,ー倍,ー%
20260722,1587,ヤマタネ,9305,東P,,"2,120",0,0.00%,128,10.2倍,0.71倍,4.01%
20260722,1588,サンケイＲＥ,2972,東Ｒ,,"110,100",-900,-0.81%,128,ー倍,1.13倍,6.47%
20260722,1589,マイポックス,5381,東S,,852,0,0.00%,128,17.0倍,1.33倍,1.17%
20260722,1590,パイオラック,5988,東P,,"1,685",-9,-0.53%,127,57.9倍,0.62倍,5.46%
20260722,1591,山王,3441,東S,,"2,701",-67,-2.42%,127,8.95倍,1.39倍,0.93%
20260722,1592,あさくま,7678,東S,,"6,400",-150,-2.29%,127,82.1倍,9.74倍,ー%
20260722,1593,あすか薬ＨＤ,4886,東P,,"2,223",-27,-1.20%,127,13.2倍,0.90倍,2.92%
20260722,1594,ミタチ産業,3321,東S,,"1,546",-20,-1.28%,126,8.22倍,0.69倍,4.53%
20260722,1595,メタルアート,5644,東S,,"7,710",0,0.00%,126,16.1倍,0.85倍,ー%
20260722,1596,トレイダーズ,8704,東S,,"1,252",-17,-1.34%,125,6.88倍,1.67倍,3.59%
20260722,1597,クラシル,299A,東G,,"1,052",-33,-3.04%,125,18.3倍,3.41倍,ー%
20260722,1598,丸大食,2288,東P,,"2,288",-10,-0.44%,125,8.55倍,0.72倍,3.50%
20260722,1599,ＪＰＨＤ,2749,東P,,619,-1,-0.16%,125,12.2倍,2.31倍,2.18%
20260722,1600,フジオフード,2752,東P,,"1,088",-7,-0.64%,125,508倍,6.37倍,0.28%
20260722,1601,ピーエス,1871,東P,,"2,203",-7,-0.32%,125,13.2倍,1.58倍,4.58%
20260722,1602,四電工,1939,東P,,"1,973",+16,+0.82%,125,14.2倍,1.31倍,4.26%
20260722,1603,ギフティＧ,590A,東P,,991,-7,-0.70%,124,ー倍,3.46倍,1.61%
20260722,1604,佐藤商,8065,東P,,"3,040",+5,+0.16%,123,9.54倍,0.82倍,2.86%
20260722,1605,スピー,4499,東S,,"2,160",-27,-1.23%,123,ー倍,3.64倍,ー%
20260722,1606,フージャース,3284,東P,,"1,236",-4,-0.32%,123,7.02倍,0.95倍,6.07%
20260722,1607,ホテルレジＲ,3472,東Ｒ,,"65,800",-700,-1.05%,123,ー倍,0.81倍,6.05%
20260722,1608,日車両,7102,東P,,"3,655",0,0.00%,123,7.03倍,0.64倍,1.37%
20260722,1609,リンクユーＧ,4446,東S,,777,-27,-3.36%,122,62.9倍,4.07倍,ー%
20260722,1610,イオンファン,4343,東P,,"2,631",-3,-0.11%,122,17.4倍,6.64倍,0.76%
20260722,1611,ＩＴＦＯＲ,4743,東P,,"1,663",-16,-0.95%,121,12.9倍,2.13倍,4.81%
20260722,1612,コスモスイニ,8844,東S,,"1,368",-40,-2.84%,121,6.41倍,0.81倍,3.87%
20260722,1613,日特建,1929,東P,,"1,132",+5,+0.44%,121,12.8倍,1.25倍,4.42%
20260722,1614,オーバラップ,414A,東G,,855,+7,+0.83%,121,11.0倍,2.01倍,5.15%
20260722,1615,エネチェンジ,4169,東G,,228,+5,+2.24%,121,17.8倍,2.07倍,ー%
20260722,1616,広済堂ＨＤ,7868,東P,,528,0,0.00%,120,16.9倍,1.58倍,2.53%
20260722,1617,保土谷,4112,東P,,"2,126",+57,+2.75%,120,26.0倍,0.64倍,2.82%
20260722,1618,東計電算,4746,東S,,"4,835",+25,+0.52%,120,15.8倍,1.71倍,3.58%
20260722,1619,ＪＥＳＣＯ,1434,東S,,"1,713",-33,-1.89%,119,10.8倍,1.42倍,2.80%
20260722,1620,Ｏｎｅトピ,1473,東Ｅ,,"4,106",+11,+0.27%,119,ー倍,ー倍,ー%
20260722,1621,オリチェン,6380,東S,,"3,670",-275,-6.97%,119,66.6倍,3.18倍,0.54%
20260722,1622,霞ヶ関ホテル,401A,東Ｒ,,"98,200",+500,+0.51%,119,ー倍,0.99倍,5.97%
20260722,1623,野村ＳＰ配貴,364A,東Ｅ,,"2,546",+17,+0.67%,119,ー倍,ー倍,ー%
20260722,1624,乾汽船,9308,東S,,"1,682",+12,+0.72%,119,14.5倍,1.13倍,2.06%
20260722,1625,ｉＳ米国株Ｈ,2563,東Ｅ,,397.5,+0.2,+0.05%,118,ー倍,ー倍,ー%
20260722,1626,文化シヤタ,5930,東P,,"1,932",-9,-0.46%,118,10.5倍,1.13倍,3.83%
20260722,1627,ＦＰパートナ,7388,東P,,"2,206",+32,+1.47%,118,31.5倍,4.60倍,4.26%
20260722,1628,ガリレイ,6420,東P,,"3,290",0,0.00%,118,10.7倍,1.16倍,2.71%
20260722,1629,ハニーズＨＤ,2792,東P,,"1,427",+4,+0.28%,118,15.9倍,0.81倍,3.85%
20260722,1630,Ｊオイル,2613,東P,,"2,094",-9,-0.43%,117,13.9倍,0.63倍,3.82%
20260722,1631,セグエＧ,3968,東P,,588,-7,-1.18%,117,15.2倍,3.01倍,3.06%
20260722,1632,窪田製薬ＨＤ,4596,東G,,63,-3,-4.55%,117,ー倍,5.76倍,ー%
20260722,1633,電気興,6706,東P,,"3,010",+81,+2.77%,117,11.4倍,0.71倍,3.49%
20260722,1634,コロンビア,146A,東S,,"3,245",0,0.00%,117,5.91倍,1.42倍,2.90%
20260722,1635,東京鉄,5445,東P,,"1,943",+8,+0.41%,117,6.85倍,0.77倍,5.15%
20260722,1636,ＤＭ三井製糖,2109,東P,,"3,370",+10,+0.30%,116,13.6倍,0.94倍,4.15%
20260722,1637,荏原実業,6328,東P,,"2,392",+38,+1.61%,116,12.5倍,1.87倍,3.14%
20260722,1638,リボミック,4591,東G,,75,0,0.00%,115,ー倍,1.49倍,ー%
20260722,1639,メドレックス,4586,東G,,60,0,0.00%,114,ー倍,2.03倍,ー%
20260722,1640,エスプール,2471,東P,,269,-3,-1.10%,114,12.7倍,2.16倍,3.72%
20260722,1641,アルファＰ,9467,東G,,"1,025",-23,-2.19%,114,11.6倍,1.91倍,2.63%
20260722,1642,鶴見製,6351,東P,,"2,203",-23,-1.03%,114,18.8倍,1.03倍,1.63%
20260722,1643,ロゴスＨＤ,205A,東G,,"1,930",-59,-2.97%,114,6.53倍,1.87倍,4.60%
20260722,1644,三谷セキ,5273,東S,,"1,765",+4,+0.23%,113,12.2倍,1.22倍,2.46%
20260722,1645,アバントＧ,3836,東P,,"1,213",-12,-0.98%,113,11.9倍,2.91倍,2.64%
20260722,1646,日産東ＨＤ,8291,東S,,563,+10,+1.81%,112,9.57倍,0.57倍,4.80%
20260722,1647,都築電,8157,東P,,"4,030",+40,+1.00%,111,12.8倍,1.52倍,4.71%
20260722,1648,ＣＡＮＢＡＳ,4575,東G,,714,-24,-3.25%,111,ー倍,6.91倍,ー%
20260722,1649,弁護士ＣＯＭ,6027,東P,,"2,287",-26,-1.12%,110,26.1倍,7.32倍,ー%
20260722,1650,グッドコムＡ,3475,東P,,"1,485",+3,+0.20%,110,9.39倍,3.04倍,3.10%
20260722,1651,エフ・コード,9211,東G,,"1,389",-16,-1.14%,109,8.98倍,2.13倍,ー%
20260722,1652,三社電機,6882,東S,,"1,157",+34,+3.03%,109,16.9倍,0.62倍,3.46%
20260722,1653,日阪製,6247,東P,,"1,652",-4,-0.24%,108,18.0倍,0.69倍,3.33%
20260722,1654,キーコーヒー,2594,東P,,"1,987",+11,+0.56%,108,56.8倍,1.34倍,0.60%
20260722,1655,東京綱,5981,東P,,"1,955",+5,+0.26%,108,10.1倍,0.73倍,3.58%
20260722,1656,ＰＲＴＩＭＥ,3922,東P,,"2,100",+2,+0.10%,107,12.9倍,3.03倍,0.80%
20260722,1657,戸田工,4100,東S,,"1,465",+63,+4.49%,106,17.0倍,0.94倍,ー%
20260722,1658,群栄化,4229,東P,,"4,745",+245,+5.44%,106,ー倍,0.58倍,ー%
20260722,1659,エンビプロ,5698,東S,,798,+2,+0.25%,106,12.6倍,1.26倍,2.76%
20260722,1660,ｅｎｉｓｈ,3667,東S,,30,+1,+3.45%,106,ー倍,1.87倍,ー%
20260722,1661,フィデアＨＤ,8713,東P,,"2,095",+18,+0.87%,106,11.8倍,0.44倍,3.58%
20260722,1662,ＧＭＳ,544A,東P,,360,+1,+0.28%,106,ー倍,ー倍,ー%
20260722,1663,バンクオブイ,4393,東G,,"4,770",-85,-1.75%,105,ー倍,2.85倍,ー%
20260722,1664,日本空調,4658,東P,,"1,605",-10,-0.62%,105,14.3倍,1.82倍,3.55%
20260722,1665,技研製,6289,東P,,"1,848",0,0.00%,105,21.3倍,1.20倍,2.92%
20260722,1666,だいわ,6459,東P,,"1,667",+14,+0.85%,105,14.6倍,1.17倍,3.60%
20260722,1667,ｍｅｉｔｏ,2207,東P,,"3,155",+10,+0.32%,105,24.5倍,0.83倍,2.54%
20260722,1668,ｉＦＴＰＷブ,1367,東Ｅ,,"3,013",+44,+1.48%,104,ー倍,ー倍,ー%
20260722,1669,野村インド株,1678,東Ｅ,,319.5,-1.4,-0.44%,104,ー倍,ー倍,ー%
20260722,1670,フロンテオ,2158,東G,,657,+5,+0.77%,104,172倍,7.04倍,ー%
20260722,1671,ユーザーロカ,3984,東P,,"1,774",-7,-0.39%,104,18.3倍,2.94倍,1.35%
20260722,1672,ヒラノテク,6245,東S,,"1,650",+1,+0.06%,104,22.7倍,0.63倍,5.09%
20260722,1673,日工,6306,東P,,953,+4,+0.42%,103,13.9倍,0.98倍,4.41%
20260722,1674,エイチーム,3662,東P,,"1,016",-7,-0.68%,103,31.5倍,2.17倍,2.76%
20260722,1675,北里,368A,東P,,"1,352",-14,-1.02%,103,13.3倍,2.64倍,3.03%
20260722,1676,リアルゲイト,5532,東G,,"3,575",-20,-0.56%,103,32.0倍,5.84倍,ー%
20260722,1677,三信電,8150,東P,,"2,911",+34,+1.18%,103,9.90倍,0.78倍,4.81%
20260722,1678,テーオーシー,8841,東S,,918,+12,+1.32%,103,26.1倍,0.78倍,1.09%
20260722,1679,ＡＤＷＧ,2982,東P,,415,+3,+0.73%,103,6.63倍,0.95倍,4.82%
20260722,1680,コニシ,4956,東P,,"1,462",+17,+1.18%,102,11.1倍,1.03倍,2.60%
20260722,1681,バンドー,5195,東P,,"2,300",+31,+1.37%,102,11.7倍,1.01倍,4.35%
20260722,1682,ツバキナカ,6464,東P,,370,-2,-0.54%,102,28.3倍,0.37倍,ー%
20260722,1683,倉元,5216,東S,,157,-6,-3.68%,101,ー倍,14.1倍,ー%
20260722,1684,アサカ理研,5724,東S,,"2,392",+48,+2.05%,101,15.3倍,2.23倍,0.50%
20260722,1685,いちごホテル,3463,東Ｒ,,"122,500","+1,200",+0.99%,101,ー倍,0.98倍,5.82%
20260722,1686,カメイ,8037,東P,,"3,715",+5,+0.13%,101,10.3倍,0.66倍,3.50%
20260722,1687,大日精,4116,東P,,"1,092",+8,+0.74%,101,11.3倍,0.54倍,5.04%
20260722,1688,アルプス技,4641,東P,,826,+6,+0.73%,101,11.0倍,2.14倍,4.36%
20260722,1689,ｉＦＥナ百ベ,2842,東Ｅ,,"12,505",+75,+0.60%,100,ー倍,ー倍,ー%
20260722,1690,ＤＭＰ,3652,東G,,"2,137",-56,-2.55%,100,224倍,2.06倍,ー%
20260722,1691,宮地エンジ,3431,東P,,"1,563",+17,+1.10%,99,20.7倍,0.97倍,4.80%
20260722,1692,ミラティブ,472A,東G,,545,-13,-2.33%,99,9.61倍,2.45倍,ー%
20260722,1693,東京衡機,7719,東S,,434,-25,-5.45%,99,13.2倍,1.76倍,ー%
20260722,1694,中山鋼,5408,東P,,632,+4,+0.64%,99,9.79倍,0.31倍,3.16%
20260722,1695,エイチワン,5989,東P,,"1,596",-4,-0.25%,99,4.08倍,0.57倍,4.39%
20260722,1696,小池工,6137,東S,,"1,505",+34,+2.31%,99,9.34倍,0.68倍,3.32%
20260722,1697,国際計測,7722,東S,,795,0,0.00%,98,10.7倍,0.86倍,5.03%
20260722,1698,ＧＷ,3936,東G,,159,+3,+1.92%,98,48.6倍,6.47倍,ー%
20260722,1699,クイック,4318,東P,,775,-2,-0.26%,98,15.4倍,2.22倍,4.90%
20260722,1700,ＮＪＳ,2325,東P,,"4,390",+65,+1.50%,98,17.1倍,1.38倍,2.51%
20260722,1701,カナデン,8081,東P,,"2,513",+13,+0.52%,98,14.0倍,1.10倍,3.98%
20260722,1702,アンジェス,4563,東G,,48,0,0.00%,97,ー倍,9.88倍,ー%
20260722,1703,オーナンバ,5816,東S,,"1,571",+2,+0.13%,97,10.1倍,0.67倍,4.46%
20260722,1704,まんだらけ,2652,東S,,444,-21,-4.52%,97,10.2倍,1.12倍,0.23%
20260722,1705,神島化,4026,東S,,"1,555",+8,+0.52%,96,ー倍,0.96倍,ー%
20260722,1706,積化成,4228,東P,,522,0,0.00%,96,9.52倍,0.47倍,3.26%
20260722,1707,福島銀,8562,東S,,349,-1,-0.29%,96,13.5倍,0.51倍,1.43%
20260722,1708,新東工,6339,東P,,"1,161",+2,+0.17%,96,10.9倍,0.55倍,4.13%
20260722,1709,ダイコク電,6430,東P,,"2,381",+5,+0.21%,96,11.2倍,0.70倍,4.20%
20260722,1710,清水銀,8364,東P,,"2,658",+63,+2.43%,95,12.0倍,0.38倍,2.26%
20260722,1711,カンロ,2216,東S,,"1,200",-21,-1.72%,95,14.7倍,2.63倍,2.75%
20260722,1712,スタ・アリス,2305,東S,,"1,961",-9,-0.46%,94,26.6倍,1.13倍,2.55%
20260722,1713,フジッコ,2908,東P,,"1,554",-7,-0.45%,94,35.7倍,0.64倍,2.96%
20260722,1714,かわでん,6648,東S,,"1,770",-14,-0.78%,94,9.64倍,1.40倍,3.73%
20260722,1715,ＣＩＪ,4826,東P,,509,+2,+0.39%,94,16.9倍,1.91倍,3.93%
20260722,1716,ＥＲＩＨＤ,6083,東S,,"1,499",+30,+2.04%,94,10.3倍,3.96倍,2.94%
20260722,1717,キユソ流通,9369,東S,,"2,960",-15,-0.50%,94,35.0倍,1.57倍,0.81%
20260722,1718,ミニストップ,9946,東P,,"1,827",+1,+0.05%,94,530倍,2.22倍,1.09%
20260722,1719,ｍｏｎｏＡＩ,5240,東G,,168,+5,+3.07%,94,ー倍,1.91倍,ー%
20260722,1720,椿本興,8052,東P,,"2,858",0,0.00%,93,9.91倍,1.05倍,3.15%
20260722,1721,ＧＸＵＳＴ配,283A,東Ｅ,,"1,345",+9,+0.67%,92,ー倍,ー倍,ー%
20260722,1722,ダイドー,3205,東S,,751,-12,-1.57%,92,26.4倍,2.04倍,6.66%
20260722,1723,ＧＸ純金,425A,東Ｅ,,358.5,+4.4,+1.24%,92,ー倍,ー倍,ー%
20260722,1724,エヌピーシー,6255,東G,,661,-3,-0.45%,92,26.1倍,1.36倍,1.51%
20260722,1725,エノモト,6928,東S,,"2,590",-16,-0.61%,92,12.2倍,0.74倍,2.97%
20260722,1726,アンビスＨＤ,7071,東P,,379,+3,+0.80%,92,17.7倍,0.98倍,1.06%
20260722,1727,網屋,4258,東G,,"4,295",-15,-0.35%,92,41.6倍,17.7倍,ー%
20260722,1728,三和油化工業,4125,東S,,"3,545",-20,-0.56%,92,13.9倍,1.15倍,1.41%
20260722,1729,近鉄百,8244,東S,,"1,845",-21,-1.13%,91,19.1倍,1.60倍,1.08%
20260722,1730,ｉＳ米増配株,2014,東Ｅ,,322.2,+3.0,+0.94%,91,ー倍,ー倍,ー%
20260722,1731,ミズホメディ,4595,東S,,"1,668",+1,+0.06%,91,9.87倍,1.73倍,6.00%
20260722,1732,テセック,6337,東S,,"2,339",+40,+1.74%,91,22.2倍,0.84倍,4.28%
20260722,1733,ネツレン,5976,東P,,"1,354",+13,+0.97%,91,29.1倍,0.75倍,5.24%
20260722,1734,ユシロ,5013,東S,,"2,987",+40,+1.36%,90,9.80倍,0.80倍,ー%
20260722,1735,石川製,6208,東S,,"1,639",-1,-0.06%,90,16.0倍,1.67倍,1.22%
20260722,1736,Ａｒｅｎｔ,5254,東G,,"4,070",-55,-1.33%,90,17.7倍,3.91倍,ー%
20260722,1737,リテールＰＡ,8167,東P,,"1,359",-6,-0.44%,90,10.8倍,0.64倍,2.94%
20260722,1738,マイクロ波,9227,東G,,811,0,0.00%,90,ー倍,34.1倍,ー%
20260722,1739,ＣＡＣ,4725,東P,,"1,824",-7,-0.38%,90,ー倍,0.92倍,5.48%
20260722,1740,ハローズ,2742,東P,,"3,745",-25,-0.66%,89,9.23倍,1.02倍,1.92%
20260722,1741,ゼンムテック,338A,東G,,"2,032",-73,-3.47%,89,18.3倍,7.05倍,ー%
20260722,1742,小野建,7414,東P,,"1,430",+19,+1.35%,89,8.52倍,0.38倍,4.83%
20260722,1743,スクイーズ,558A,東G,,"4,395",-155,-3.41%,89,27.9倍,8.51倍,ー%
20260722,1744,ユトリ,5892,東G,,"2,021",-5,-0.25%,88,13.8倍,4.58倍,ー%
20260722,1745,メディアドゥ,3678,東P,,"1,250",-26,-2.04%,88,15.8倍,1.02倍,3.20%
20260722,1746,ＵＬＳグルプ,3798,東S,,551,-12,-2.13%,88,13.6倍,2.66倍,1.49%
20260722,1747,日シス技術,4323,東P,,"1,802",-9,-0.50%,88,15.1倍,2.66倍,2.77%
20260722,1748,児玉化,4222,東S,,615,+5,+0.82%,87,6.83倍,0.34倍,1.63%
20260722,1749,第一建設,1799,東S,,"3,370",+60,+1.81%,87,13.9倍,0.80倍,4.75%
20260722,1750,エスリード,8877,東P,,"5,260",+30,+0.57%,87,7.06倍,1.00倍,4.56%
20260722,1751,ｉＦナ百Ｗベ,2870,東Ｅ,,"7,930",+12,+0.15%,87,ー倍,ー倍,ー%
20260722,1752,エアトリ,6191,東P,,875,-10,-1.13%,87,32.2倍,1.13倍,ー%
20260722,1753,ジモティー,7082,東G,,"1,404",0,0.00%,87,36.1倍,7.53倍,ー%
20260722,1754,エネクスＩＦ,9286,東IF,,"48,300",+150,+0.31%,87,ー倍,0.58倍,6.26%
20260722,1755,ＭＨグループ,9439,東S,,234,-16,-6.40%,86,ー倍,6.59倍,ー%
20260722,1756,レント,372A,東S,,"5,480",+10,+0.18%,86,7.05倍,1.06倍,4.29%
20260722,1757,ｉＳＳＰカバ,452A,東Ｅ,,825.0,+1.4,+0.17%,86,ー倍,ー倍,ー%
20260722,1758,共同印,7914,東P,,"1,644",-4,-0.24%,86,10.8倍,0.70倍,4.87%
20260722,1759,野村医薬品,1621,東Ｅ,,"29,400",-145,-0.49%,86,ー倍,ー倍,ー%
20260722,1760,マクビープラ,7095,東P,,"1,169",+13,+1.12%,86,7.67倍,1.15倍,4.70%
20260722,1761,フマキラ,4998,東S,,"1,205",+15,+1.26%,86,12.2倍,0.74倍,1.99%
20260722,1762,セントラルＲ,3488,東Ｒ,,"105,700",-100,-0.09%,85,ー倍,1.05倍,6.33%
20260722,1763,中越パ,3877,東P,,"2,170",+42,+1.97%,85,17.0倍,0.45倍,5.53%
20260722,1764,神奈交,9081,東P,,"3,875",+70,+1.84%,85,12.8倍,0.75倍,2.32%
20260722,1765,ＭＳＯＬ,7033,東P,,"1,379",-6,-0.43%,85,10.7倍,3.61倍,3.63%
20260722,1766,マリモリート,3470,東Ｒ,,"105,500",0,0.00%,84,ー倍,0.99倍,6.64%
20260722,1767,ｉＳ米高配当,2013,東Ｅ,,311.3,+3.3,+1.07%,84,ー倍,ー倍,ー%
20260722,1768,トランシティ,9310,東P,,"1,294",-3,-0.23%,84,11.9倍,0.79倍,3.36%
20260722,1769,マイクロアド,9553,東G,,581,-6,-1.02%,84,22.7倍,3.92倍,ー%
20260722,1770,甜菜糖,2108,東P,,"4,705",+5,+0.11%,84,46.1倍,0.71倍,5.53%
20260722,1771,サムティＲ,3459,東Ｒ,,"95,300",+500,+0.53%,83,ー倍,0.95倍,5.46%
20260722,1772,アツギ,3529,東S,,"1,073",-29,-2.63%,83,ー倍,0.54倍,ー%
20260722,1773,ＳＢＩアルヒ,7198,東P,,801,-5,-0.62%,83,17.1倍,0.85倍,4.99%
20260722,1774,石原ケミ,4462,東P,,"3,015",+47,+1.58%,83,14.9倍,1.67倍,1.59%
20260722,1775,オロ,3983,東P,,"2,174",-26,-1.18%,82,15.5倍,3.28倍,2.30%
20260722,1776,河西工,7256,東S,,429,+11,+2.63%,82,4.64倍,1.61倍,ー%
20260722,1777,中部飼,2053,東P,,"1,964",+14,+0.72%,82,8.17倍,0.78倍,3.87%
20260722,1778,オハラ,5218,東S,,"1,439",+37,+2.64%,82,24.4倍,0.65倍,1.74%
20260722,1779,不二家,2211,東P,,"2,444",-20,-0.81%,82,30.0倍,1.06倍,1.23%
20260722,1780,ソリトン,3040,東P,,"1,999",-11,-0.55%,82,15.8倍,2.77倍,3.00%
20260722,1781,ニチレキＧ,5011,東P,,"2,159",-13,-0.60%,81,14.3倍,0.77倍,3.94%
20260722,1782,アイドマＨＤ,7373,東G,,"1,009",-7,-0.69%,81,12.5倍,1.94倍,2.97%
20260722,1783,グリーンズ,6547,東S,,"2,180",+32,+1.49%,81,6.77倍,3.70倍,2.39%
20260722,1784,三洋貿易,3176,東P,,836,+1,+0.12%,80,10.0倍,0.89倍,3.59%
20260722,1785,ｇｕｍｉ,3903,東P,,244,0,0.00%,80,ー倍,0.63倍,ー%
20260722,1786,エリアリンク,8914,東S,,887,-16,-1.77%,80,12.2倍,1.53倍,2.99%
20260722,1787,ゼビオＨＤ,8281,東P,,"1,109",+1,+0.09%,79,6.12倍,0.39倍,3.16%
20260722,1788,ＨＳＨＤ,8699,東S,,"1,153",+1,+0.09%,79,ー倍,0.35倍,ー%
20260722,1789,ＦＪネクＨＤ,8935,東P,,"1,833",+20,+1.10%,79,5.72倍,0.74倍,4.36%
20260722,1790,ポールＨＤ,3657,東P,,335,+1,+0.30%,79,16.9倍,1.47倍,4.78%
20260722,1791,アバール,6918,東S,,"3,260",+60,+1.88%,79,20.8倍,0.93倍,3.25%
20260722,1792,イーソル,4420,東S,,768,-34,-4.24%,79,18.4倍,2.51倍,0.72%
20260722,1793,東北新社,2329,東S,,500,+1,+0.20%,79,ー倍,0.80倍,ー%
20260722,1794,出前館,2484,東S,,132,+2,+1.54%,79,ー倍,0.66倍,ー%
20260722,1795,エニマインド,5027,東G,,536,-17,-3.07%,79,19.6倍,1.84倍,0.37%
20260722,1796,ＯＢシステム,5576,東S,,"3,065",+70,+2.34%,79,9.92倍,1.26倍,4.08%
20260722,1797,菱製鋼,5632,東P,,"2,148",+9,+0.42%,79,10.5倍,0.67倍,4.84%
20260722,1798,フィンテック,8789,東S,,132,0,0.00%,78,5.53倍,1.86倍,3.79%
20260722,1799,野村ダウＨ無,1546,東Ｅ,,"83,150",+300,+0.36%,78,ー倍,ー倍,ー%
20260722,1800,北陸電工,1930,東P,,"1,582",-3,-0.19%,78,10.6倍,0.94倍,3.03%
20260722,1801,蝶理,8014,東P,,"3,945",+40,+1.02%,77,9.26倍,0.95倍,4.33%
20260722,1802,インフ,438A,東G,,830,-8,-0.95%,77,36.1倍,3.11倍,ー%
20260722,1803,ミーク,332A,東G,,990,-22,-2.17%,77,11.7倍,1.92倍,ー%
20260722,1804,片倉,3001,東S,,"2,644",-6,-0.23%,77,11.5倍,0.83倍,2.27%
20260722,1805,ラクトＪ,3139,東P,,"3,510",+5,+0.14%,77,10.2倍,1.05倍,3.76%
20260722,1806,ミツウロコＧ,8131,東S,,"2,083",-10,-0.48%,76,19.0倍,1.08倍,3.17%
20260722,1807,Ｄｅｆコン,4833,東G,,45,-2,-4.26%,76,2.44倍,1.36倍,ー%
20260722,1808,チャームケア,6062,東P,,"1,362",+9,+0.67%,76,12.5倍,2.07倍,3.16%
20260722,1809,ｉＳ米２５,237A,東Ｅ,,154.3,-0.8,-0.52%,76,ー倍,ー倍,ー%
20260722,1810,ＧＸ高配日株,2564,東Ｅ,,"3,512",+22,+0.63%,76,ー倍,ー倍,ー%
20260722,1811,薬王堂ＨＤ,7679,東P,,"1,730",-36,-2.04%,75,8.35倍,0.83倍,1.73%
20260722,1812,田岡化,4113,東S,,823,+4,+0.49%,75,47.2倍,0.60倍,0.73%
20260722,1813,ＭＸ高利Ｊリ,1660,東Ｅ,,"10,610",-205,-1.90%,75,ー倍,ー倍,ー%
20260722,1814,福井コン,9790,東P,,"3,125",+20,+0.64%,75,14.2倍,2.15倍,2.46%
20260722,1815,ＵＥＸ,9888,東S,,"1,012",+14,+1.40%,74,3.79倍,0.55倍,ー%
20260722,1816,ＴＤＣソフト,4687,東P,,996,-14,-1.39%,74,11.9倍,1.98倍,3.41%
20260722,1817,ＮＩＴＴＡＮ,6493,東S,,478,0,0.00%,74,7.65倍,0.44倍,4.18%
20260722,1818,ソフトクリエ,3371,東P,,"2,024",+5,+0.25%,74,12.2倍,2.04倍,3.06%
20260722,1819,フォースタ,7089,東G,,"1,641",+84,+5.39%,74,11.3倍,3.85倍,ー%
20260722,1820,Ｄｍミックス,7354,東S,,345,-2,-0.58%,74,8.98倍,1.06倍,2.75%
20260722,1821,ｉＦプ１５０,2017,東Ｅ,,"1,495",+5,+0.34%,74,ー倍,ー倍,ー%
20260722,1822,ＡＩＦＣＧ,254A,東S,,"1,289",-27,-2.05%,74,22.4倍,2.40倍,ー%
20260722,1823,免疫生物研,4570,東G,,980,-5,-0.51%,73,26.3倍,4.95倍,0.77%
20260722,1824,ダイト,4577,東P,,"1,271",-23,-1.78%,73,12.0倍,0.68倍,3.54%
20260722,1825,マミーマート,9823,東S,,"1,039",-10,-0.95%,73,9.81倍,1.15倍,2.04%
20260722,1826,レオン,6272,東P,,"1,519",-8,-0.52%,73,10.2倍,0.95倍,3.95%
20260722,1827,コンヴァノ,6574,東G,,88,-1,-1.12%,73,7.54倍,4.03倍,1.14%
20260722,1828,エヌエフＨＤ,6864,東S,,"1,542",+34,+2.25%,73,15.5倍,0.83倍,2.33%
20260722,1829,バトンズ,554A,東G,,"1,494",+43,+2.96%,73,26.2倍,9.99倍,ー%
20260722,1830,モリト,9837,東P,,"1,806",+1,+0.06%,72,14.9倍,1.10倍,3.99%
20260722,1831,ｉＳ米２５ヘ,238A,東Ｅ,,124.3,-0.7,-0.56%,72,ー倍,ー倍,ー%
20260722,1832,立花エレ,8159,東P,,"3,360",+30,+0.90%,72,12.3倍,0.70倍,3.57%
20260722,1833,イントランス,3237,東G,,96,-5,-4.95%,72,132倍,22.2倍,ー%
20260722,1834,ＸＮＥＴ,4762,東S,,"1,867",-123,-6.18%,72,17.3倍,2.40倍,3.75%
20260722,1835,ＳＡＡＦＨＤ,1447,東G,,360,+22,+6.51%,72,19.9倍,3.59倍,1.33%
20260722,1836,ワイズＨＤ,5955,東S,,83,-1,-1.19%,72,29.9倍,0.92倍,1.20%
20260722,1837,ニチリン,5184,東S,,"4,085",+15,+0.37%,71,9.59倍,0.88倍,4.65%
20260722,1838,綿半ＨＤ,3199,東P,,"1,366",+20,+1.49%,71,11.1倍,1.05倍,2.27%
20260722,1839,ＪＢＳ,5036,東P,,"1,567",+7,+0.45%,71,10.1倍,2.48倍,3.19%
20260722,1840,ＲｅＹｕｕ,9425,東S,,199,-4,-1.97%,71,ー倍,1.08倍,ー%
20260722,1841,極東貿易,8093,東P,,"1,776",+4,+0.23%,71,8.65倍,0.67倍,4.17%
20260722,1842,九州リース,8596,東S,,"1,502",+23,+1.56%,71,8.09倍,0.75倍,4.13%
20260722,1843,スズデン,7480,東S,,"2,440",+3,+0.12%,71,17.8倍,1.85倍,4.30%
20260722,1844,原油先物ベア,2039,東EN,,508,-9,-1.74%,71,ー倍,ー倍,ー%
20260722,1845,リソー教育Ｇ,4714,東P,,197,-2,-1.01%,71,19.8倍,3.26倍,5.08%
20260722,1846,ＴＥＩＫＯＫ,6333,東P,,"3,200",+5,+0.16%,71,13.1倍,1.56倍,4.13%
20260722,1847,アライドＨＤ,6835,東S,,247,+2,+0.82%,70,12.1倍,1.19倍,3.64%
20260722,1848,日東精,5957,東P,,772,+9,+1.18%,70,12.2倍,0.77倍,3.11%
20260722,1849,ジェコス,9991,東P,,"1,634",-3,-0.18%,70,9.65倍,0.77倍,4.22%
20260722,1850,アイズ,5242,東G,,"1,590",+161,+11.27%,70,545倍,2.71倍,ー%
20260722,1851,オエノンＨＤ,2533,東P,,506,0,0.00%,70,9.72倍,1.06倍,2.37%
20260722,1852,カナミックＮ,3939,東P,,483,-11,-2.23%,70,16.7倍,4.58倍,1.86%
20260722,1853,Ｔ＆Ｇニーズ,4331,東P,,676,-1,-0.15%,70,17.3倍,0.55倍,5.92%
20260722,1854,サニックスＨ,4651,東S,,257,+2,+0.78%,69,12.3倍,1.12倍,1.17%
20260722,1855,トーセイＲ,3451,東Ｒ,,"134,000",-300,-0.22%,69,ー倍,1.18倍,5.71%
20260722,1856,燦ＨＤ,9628,東P,,"1,430",-4,-0.28%,69,ー倍,0.88倍,2.81%
20260722,1857,ＳＥＣカーボ,5304,東S,,"2,531",+34,+1.36%,69,16.7倍,0.65倍,3.95%
20260722,1858,ＧＸ超短米債,133A,東Ｅ,,"1,109",+4,+0.36%,68,ー倍,ー倍,ー%
20260722,1859,アセンテック,3565,東S,,436,+8,+1.87%,68,13.1倍,3.09倍,3.44%
20260722,1860,生化学,4548,東P,,740,+10,+1.37%,68,18.0倍,0.54倍,4.05%
20260722,1861,フォーカス,4662,東P,,"1,751",-26,-1.46%,68,10.4倍,1.67倍,3.88%
20260722,1862,ソースネクス,4344,東P,,109,+1,+0.93%,67,ー倍,2.97倍,ー%
20260722,1863,早稲アカ,4718,東P,,"2,429",-37,-1.50%,67,16.3倍,2.71倍,3.09%
20260722,1864,Ｃ＆Ｒ,4763,東P,,"1,497",-3,-0.20%,67,9.19倍,1.63倍,3.41%
20260722,1865,イチネンＨＤ,9619,東P,,"2,400",+12,+0.50%,67,8.22倍,0.79倍,3.75%
20260722,1866,愛眼,9854,東S,,277,-11,-3.82%,67,27.6倍,0.44倍,ー%
20260722,1867,ｊｉｇ．ｊｐ,5244,東G,,174,-6,-3.33%,67,6.18倍,1.43倍,1.68%
20260722,1868,ミダックＨＤ,6564,東P,,"2,188",+5,+0.23%,67,18.1倍,3.37倍,0.91%
20260722,1869,フルッタ,2586,東G,,92,-2,-2.13%,67,107倍,1.51倍,ー%
20260722,1870,白銅,7637,東P,,"3,330",+40,+1.22%,67,11.8倍,1.48倍,3.84%
20260722,1871,萩原工業,7856,東P,,"1,787",-6,-0.33%,67,16.8倍,0.79倍,4.20%
20260722,1872,ナレルＧ,9163,東G,,"2,280",+5,+0.22%,66,9.55倍,1.34倍,5.04%
20260722,1873,マツオカ,3611,東S,,"2,539",-27,-1.05%,66,7.84倍,0.67倍,4.53%
20260722,1874,アクセルＭ,3624,東G,,69,+4,+6.15%,66,ー倍,10.9倍,ー%
20260722,1875,川崎地質,4673,東S,,"4,755",+235,+5.20%,66,5.62倍,0.71倍,2.52%
20260722,1876,日金銭,6418,東P,,"1,081",+2,+0.19%,66,12.8倍,0.82倍,4.26%
20260722,1877,大豊建,1822,東S,,790,-1,-0.13%,66,14.2倍,0.88倍,4.81%
20260722,1878,Ｉｎｅ,4933,東P,,"1,243",-17,-1.35%,66,ー倍,1.21倍,1.21%
20260722,1879,セーフィー,4375,東G,,650,-5,-0.76%,66,ー倍,3.93倍,ー%
20260722,1880,ＡＩクロス,4476,東G,,"1,073",+73,+7.30%,65,11.3倍,2.06倍,ー%
20260722,1881,恵和,4251,東P,,"1,222",+3,+0.25%,65,7.41倍,0.94倍,4.09%
20260722,1882,進和,7607,東P,,"3,115",+5,+0.16%,65,13.5倍,0.90倍,3.98%
20260722,1883,トリプラ,5136,東G,,"1,752",-19,-1.07%,65,17.3倍,5.10倍,ー%
20260722,1884,共栄タ,9130,東S,,"1,528",+72,+4.95%,65,8.99倍,0.45倍,2.62%
20260722,1885,ビート,9399,東S,,14,+1,+7.69%,65,ー倍,ー倍,ー%
20260722,1886,ナガワ,9663,東P,,"5,120",-20,-0.39%,65,24.1倍,1.15倍,1.17%
20260722,1887,ＭＯＲＥＳＣ,5018,東S,,"2,160",-24,-1.10%,65,12.8倍,0.82倍,2.55%
20260722,1888,ジャノメ,6445,東P,,"1,331",-12,-0.89%,65,11.1倍,0.64倍,4.51%
20260722,1889,三精テクノロ,6357,東S,,"2,391",-5,-0.21%,64,8.00倍,0.83倍,3.97%
20260722,1890,稲葉製作,3421,東S,,"1,772",+2,+0.11%,64,14.9倍,0.63倍,2.48%
20260722,1891,プロシップ,3763,東P,,"1,760",-17,-0.96%,64,19.3倍,3.97倍,2.39%
20260722,1892,西部技研,6223,東S,,"2,056",-24,-1.15%,64,10.3倍,1.27倍,3.40%
20260722,1893,松尾電,6969,東S,,"1,086",-18,-1.63%,64,8.86倍,1.33倍,1.38%
20260722,1894,サーバワクス,4434,東S,,"1,833",-19,-1.03%,64,15.0倍,1.35倍,1.64%
20260722,1895,Ｏｎｅ高配当,1494,東Ｅ,,"44,150",+290,+0.66%,64,ー倍,ー倍,ー%
20260722,1896,野村金融,1632,東Ｅ,,"43,340",+390,+0.91%,63,ー倍,ー倍,ー%
20260722,1897,フィードワン,2060,東P,,"1,289",+5,+0.39%,63,7.59倍,0.80倍,4.03%
20260722,1898,プラスゼロ,5132,東G,,"2,021",-9,-0.44%,63,33.2倍,9.87倍,ー%
20260722,1899,ｉＳ米債３月,2012,東Ｅ,,247.2,+1.0,+0.41%,63,ー倍,ー倍,ー%
20260722,1900,ミロク情報,9928,東P,,"1,808",+2,+0.11%,63,11.3倍,1.63倍,3.60%
20260722,1901,ヨシックス,3221,東P,,"3,200",+15,+0.47%,63,13.9倍,2.47倍,1.00%
20260722,1902,野村ナスＨ有,2845,東Ｅ,,"3,479",-10,-0.29%,63,ー倍,ー倍,ー%
20260722,1903,ＣＴＳ,4345,東P,,855,0,0.00%,63,12.9倍,2.24倍,3.51%
20260722,1904,岡部,5959,東P,,908,+5,+0.55%,63,10.8倍,0.65倍,4.63%
20260722,1905,ライク,2462,東P,,"1,518",0,0.00%,63,11.4倍,1.53倍,3.95%
20260722,1906,今村証券,7175,東S,,"1,590",-39,-2.39%,63,ー倍,0.62倍,ー%
20260722,1907,オーバル,7727,東S,,728,+2,+0.28%,62,10.4倍,0.94倍,3.85%
20260722,1908,野村小売,1630,東Ｅ,,"37,790",-460,-1.20%,62,ー倍,ー倍,ー%
20260722,1909,システムサポ,4396,東P,,"1,091",-6,-0.55%,62,12.3倍,3.29倍,2.84%
20260722,1910,ワシントンＨ,4691,東S,,"2,355",-1,-0.04%,62,12.3倍,2.32倍,1.91%
20260722,1911,電算システム,4072,東P,,"2,886",+25,+0.87%,62,11.8倍,1.24倍,3.47%
20260722,1912,ＡｎｄＤｏ,3457,東P,,939,+3,+0.32%,61,12.1倍,0.98倍,4.90%
20260722,1913,力の源ＨＤ,3561,東P,,"1,595",-5,-0.31%,61,26.6倍,3.96倍,1.50%
20260722,1914,アステナＨＤ,8095,東P,,515,+1,+0.19%,61,8.86倍,0.73倍,3.50%
20260722,1915,オークワ,8217,東P,,794,0,0.00%,61,49.7倍,0.44倍,3.27%
20260722,1916,北ガス,9534,東P,,784,+2,+0.26%,61,7.37倍,0.71倍,3.44%
20260722,1917,野村機械,1624,東Ｅ,,"86,890",+350,+0.40%,61,ー倍,ー倍,ー%
20260722,1918,インタライフ,1418,東S,,599,+12,+2.04%,60,11.4倍,1.90倍,5.01%
20260722,1919,Ｏｎｅ４００,1474,東Ｅ,,"36,930",+270,+0.74%,60,ー倍,ー倍,ー%
20260722,1920,ＪＳＰ,7942,東P,,"2,492",+10,+0.40%,60,13.1倍,0.60倍,4.01%
20260722,1921,東祥,8920,東S,,770,-7,-0.90%,60,8.41倍,0.72倍,1.30%
20260722,1922,じもとＨＤ,7161,東S,,530,+7,+1.34%,60,4.14倍,1.51倍,0.94%
20260722,1923,ＮＴＴＤイン,3850,東S,,"3,040",-30,-0.98%,60,14.3倍,2.52倍,2.47%
20260722,1924,太洋物産,9941,東S,,"1,312",-53,-3.88%,60,17.5倍,2.95倍,ー%
20260722,1925,ぴあ,4337,東P,,"2,771",-32,-1.14%,60,28.4倍,3.96倍,1.08%
20260722,1926,明光ネット,4668,東P,,779,0,0.00%,60,19.6倍,1.62倍,3.72%
20260722,1927,Ｖコマース,2491,東P,,452,-3,-0.66%,60,ー倍,0.85倍,3.54%
20260722,1928,ＷＯＷＯＷ,4839,東P,,"1,019",+4,+0.39%,60,48.2倍,0.42倍,2.94%
20260722,1929,アトラエ,6194,東P,,836,-4,-0.48%,59,20.6倍,5.04倍,4.07%
20260722,1930,タングス,6998,東S,,"1,955",+50,+2.62%,59,13.2倍,0.71倍,3.07%
20260722,1931,ＧセブンＨＤ,7508,東P,,"1,419",+3,+0.21%,59,10.7倍,1.75倍,4.93%
20260722,1932,アシロ,7378,東G,,"1,515",-92,-5.72%,59,10.9倍,3.76倍,4.29%
20260722,1933,河合楽,7952,東P,,"3,280",-20,-0.61%,59,17.6倍,0.60倍,2.90%
20260722,1934,ＭｒＭａｘ,8203,東P,,791,-7,-0.88%,59,8.51倍,0.69倍,3.67%
20260722,1935,イントループ,9556,東G,,"1,812",-36,-1.95%,59,26.3倍,2.70倍,ー%
20260722,1936,ＧＸＵＳＤＶ,2253,東Ｅ,,"1,400",+20,+1.45%,59,ー倍,ー倍,ー%
20260722,1937,日化産,4094,東S,,"2,105",+34,+1.64%,59,32.8倍,0.81倍,4.28%
20260722,1938,クリナップ,7955,東P,,933,0,0.00%,58,9.27倍,0.54倍,3.54%
20260722,1939,高島,8007,東P,,792,+7,+0.89%,58,16.9倍,1.16倍,5.81%
20260722,1940,ＭＶ東海,8198,東S,,"3,240",-10,-0.31%,58,11.1倍,1.08倍,2.62%
20260722,1941,ＬＩＦＵＬＬ,2120,東P,,201,0,0.00%,58,13.6倍,0.95倍,2.59%
20260722,1942,トヨクモ,4058,東G,,"2,114",-83,-3.78%,58,17.6倍,5.57倍,1.28%
20260722,1943,オカムラ食品,2938,東S,,"1,218",-4,-0.33%,58,23.8倍,3.22倍,0.66%
20260722,1944,上場米債０ラ,2093,東Ｅ,,"5,443",+25,+0.46%,58,ー倍,ー倍,ー%
20260722,1945,スターツプロ,8979,東Ｒ,,"189,900",+600,+0.32%,58,ー倍,1.11倍,5.74%
20260722,1946,いであ,9768,東S,,"3,340",-15,-0.45%,58,9.94倍,0.77倍,3.53%
20260722,1947,ヘルスケアＭ,3455,東Ｒ,,"110,300",+500,+0.46%,58,ー倍,1.02倍,5.73%
20260722,1948,ユニシアＨＤ,3547,東S,,"1,775",0,0.00%,58,38.5倍,2.61倍,ー%
20260722,1949,野村電力ガス,1627,東Ｅ,,"11,410",-60,-0.52%,57,ー倍,ー倍,ー%
20260722,1950,松本油脂,4365,東S,,"19,640",-190,-0.96%,57,ー倍,0.64倍,ー%
20260722,1951,日特塗,4619,東S,,"2,445",+26,+1.07%,57,9.82倍,0.86倍,5.32%
20260722,1952,伊沢タオル,365A,東S,,798,+17,+2.18%,57,11.4倍,1.91倍,5.26%
20260722,1953,ベルテクス,5290,東S,,"1,339",+18,+1.36%,57,14.0倍,1.49倍,2.99%
20260722,1954,冨士ダイス,6167,東P,,951,-2,-0.21%,57,35.8倍,0.91倍,4.21%
20260722,1955,ＮＥＣキャピ,8793,東P,,"4,115",+30,+0.73%,57,8.87倍,0.68倍,3.65%
20260722,1956,青山財産,8929,東S,,"1,282",-13,-1.00%,57,11.6倍,2.68倍,4.52%
20260722,1957,ニホンフラ,7820,東P,,724,+3,+0.42%,57,18.3倍,0.52倍,4.97%
20260722,1958,サクサ,6675,東S,,"1,999",+13,+0.65%,57,2.11倍,1.06倍,6.25%
20260722,1959,ｉＳ米２０,2255,東Ｅ,,207.7,-0.2,-0.10%,57,ー倍,ー倍,ー%
20260722,1960,ライズＣＧ,9168,東G,,396,-2,-0.50%,56,14.4倍,1.41倍,5.30%
20260722,1961,ＧＸＡＩビグ,223A,東Ｅ,,"1,747",-5,-0.29%,56,ー倍,ー倍,ー%
20260722,1962,トヨコー,341A,東G,,"1,938",-22,-1.12%,56,40.4倍,8.87倍,ー%
20260722,1963,ワタミ,7522,東P,,944,-4,-0.42%,56,ー倍,2.14倍,ー%
20260722,1964,リズム,7769,東P,,"3,905",+25,+0.64%,56,18.3倍,0.92倍,4.29%
20260722,1965,ファインデ,3649,東P,,845,-21,-2.42%,56,15.9倍,3.66倍,3.20%
20260722,1966,フコク,5185,東P,,"1,857",+2,+0.11%,56,11.5倍,0.65倍,5.39%
20260722,1967,ヨータイ,5357,東P,,"1,771",+5,+0.28%,56,12.6倍,0.95倍,5.08%
20260722,1968,ジーネクスト,4179,東G,,385,-10,-2.53%,56,ー倍,27.5倍,ー%
20260722,1969,ＭＸ米債ヘ無,2838,東Ｅ,,"8,999",+2,+0.02%,56,ー倍,ー倍,ー%
20260722,1970,スターシーズ,3083,東S,,921,-14,-1.50%,56,13.3倍,2.93倍,1.09%
20260722,1971,ラサ商事,3023,東S,,"1,898",+35,+1.88%,55,10.0倍,0.85倍,4.21%
20260722,1972,グロバルＬＭ,3486,東P,,"1,932",-9,-0.46%,55,6.02倍,2.08倍,5.18%
20260722,1973,ＧＭＯ－ＧＳ,3788,東P,,"2,175",+10,+0.46%,55,23.7倍,2.49倍,2.74%
20260722,1974,ｉＦ高リート,210A,東Ｅ,,"1,636",+6,+0.37%,55,ー倍,ー倍,ー%
20260722,1975,ｉシェア４百,1364,東Ｅ,,"3,764",+34,+0.91%,55,ー倍,ー倍,ー%
20260722,1976,上場２２５Ｍ,1578,東Ｅ,,"5,267",-13,-0.25%,55,ー倍,ー倍,ー%
20260722,1977,ｉＦＥＳＧセ,1653,東Ｅ,,"5,164",+50,+0.98%,55,ー倍,ー倍,ー%
20260722,1978,弘電社,1948,東S,,"11,410",0,0.00%,55,41.5倍,3.98倍,ー%
20260722,1979,アイケイケイ,2198,東P,,769,+4,+0.52%,55,31.2倍,1.87倍,3.12%
20260722,1980,新家工,7305,東S,,"2,643",+13,+0.49%,55,14.8倍,0.73倍,5.68%
20260722,1981,ブラインド,7989,東P,,"2,557",+1,+0.04%,55,15.7倍,0.91倍,4.69%
20260722,1982,ＣＣＴ,4371,東G,,"1,370",-9,-0.65%,55,16.7倍,4.91倍,1.53%
20260722,1983,小野測器,6858,東S,,890,+15,+1.71%,55,11.5倍,0.56倍,3.37%
20260722,1984,アイネス,9742,東P,,"2,153",-22,-1.01%,55,26.4倍,1.21倍,2.55%
20260722,1985,ＦＤＫ,6955,東S,,414,+8,+1.97%,54,19.0倍,0.75倍,ー%
20260722,1986,高圧ガス,4097,東P,,"1,126",0,0.00%,54,13.5倍,0.74倍,3.55%
20260722,1987,インテージＨ,4326,東P,,"1,895",-12,-0.63%,54,22.6倍,2.07倍,2.53%
20260722,1988,日精化,4362,東P,,"2,611",+3,+0.12%,54,10.9倍,1.10倍,3.98%
20260722,1989,ラクオリア,4579,東G,,454,-8,-1.73%,54,ー倍,1.47倍,ー%
20260722,1990,キャリアデザ,2410,東P,,"2,872",0,0.00%,54,11.9倍,3.26倍,5.57%
20260722,1991,農中ＤＷ３Ｈ,2088,東Ｅ,,"2,623",+13,+0.50%,54,ー倍,ー倍,ー%
20260722,1992,インフォメテ,281A,東G,,467,-5,-1.06%,54,ー倍,3.18倍,ー%
20260722,1993,Ｔ＆Ｓ・Ｇ,4055,東G,,"1,551",+3,+0.19%,54,21.5倍,3.69倍,0.71%
20260722,1994,ヘッドウォ,4011,東G,,"1,970",+24,+1.23%,54,30.8倍,8.99倍,ー%
20260722,1995,日神ＧＨＤ,8881,東P,,685,+7,+1.03%,54,9.14倍,0.45倍,5.40%
20260722,1996,三協立山,5932,東P,,654,+5,+0.77%,54,20.5倍,0.23倍,3.82%
20260722,1997,コプロＨＤ,7059,東P,,814,+8,+0.99%,53,18.8倍,3.15倍,5.53%
20260722,1998,ＡＩストーム,3719,東S,,161,-2,-1.23%,53,24.9倍,2.27倍,1.86%
20260722,1999,Ｍラインズ,3901,東P,,"1,356",-9,-0.66%,53,10.4倍,2.75倍,4.28%
20260722,2000,Ｄｅｎｋｅｉ,9908,東S,,"2,689",+15,+0.56%,53,8.72倍,0.93倍,4.05%
20260722,2001,ＡＲアドバン,5578,東G,,789,-12,-1.50%,53,10.6倍,2.99倍,0.89%
20260722,2002,ソラコム,147A,東G,,"1,001",-13,-1.28%,53,64.9倍,4.15倍,ー%
20260722,2003,Ｇモンスター,157A,東G,,830,-22,-2.58%,53,ー倍,2.08倍,1.20%
20260722,2004,ｉＳ日本国債,2561,東Ｅ,,"2,004",-1,-0.05%,53,ー倍,ー倍,ー%
20260722,2005,明治電機工業,3388,東P,,"2,238",+12,+0.54%,52,9.22倍,0.74倍,4.29%
20260722,2006,イオン九州,2653,東S,,"2,835",+6,+0.21%,52,14.9倍,1.62倍,1.76%
20260722,2007,Ｒフィールド,2910,東P,,"1,352",+6,+0.45%,52,113倍,1.24倍,1.78%
20260722,2008,Ｊグループ,3063,東G,,"1,207",-26,-2.11%,52,54.9倍,17.9倍,0.41%
20260722,2009,エクストリム,6033,東G,,"1,650",+29,+1.79%,52,9.60倍,1.28倍,4.12%
20260722,2010,トビラシステ,4441,東S,,"1,585",+15,+0.96%,52,30.8倍,5.65倍,1.26%
20260722,2011,上場高配５０,399A,東Ｅ,,"2,265",+25,+1.12%,52,ー倍,ー倍,ー%
20260722,2012,梅乃宿酒造,559A,東S,,"1,206",-26,-2.11%,52,23.1倍,2.07倍,1.74%
20260722,2013,上場ＳＰレ２,2239,東Ｅ,,"25,600",+45,+0.18%,52,ー倍,ー倍,ー%
20260722,2014,未来工業,7931,東P,,"3,245",+10,+0.31%,52,ー倍,0.95倍,3.08%
20260722,2015,インスペック,6656,東S,,"1,094",-7,-0.64%,52,54.9倍,5.32倍,ー%
20260722,2016,日本トリム,6788,東P,,"4,625",-15,-0.32%,52,15.6倍,1.45倍,2.81%
20260722,2017,ＮＳＷ,9739,東P,,"2,535",-13,-0.51%,52,10.1倍,1.00倍,4.93%
20260722,2018,トーカイ,9729,東P,,"2,431",+2,+0.08%,51,12.3倍,0.90倍,3.29%
20260722,2019,大日塗,4611,東P,,"1,388",+10,+0.73%,51,11.7倍,0.59倍,4.18%
20260722,2020,デジハＨＤ,3676,東P,,733,+2,+0.27%,51,8.84倍,1.70倍,3.41%
20260722,2021,ジェイリース,7187,東P,,"1,368",-8,-0.58%,51,9.67倍,3.30倍,4.39%
20260722,2022,チノー,6850,東P,,"1,612",+2,+0.12%,51,12.4倍,1.14倍,3.72%
20260722,2023,アイホン,6718,東P,,"2,806",-4,-0.14%,50,14.4倍,0.66倍,4.63%
20260722,2024,オプティム,3694,東P,,396,0,0.00%,50,ー倍,2.32倍,ー%
20260722,2025,グランディ,8999,東P,,549,+5,+0.92%,50,14.5倍,0.63倍,5.83%
20260722,2026,アキレス,5142,東P,,"1,275",+32,+2.57%,50,13.4倍,0.40倍,2.35%
20260722,2027,オートＷ,2666,東S,,189,+9,+5.00%,50,11.3倍,0.60倍,2.12%
20260722,2028,ＹＫＴ,2693,東S,,386,-13,-3.26%,50,26.4倍,0.55倍,1.30%
20260722,2029,北電工,6989,東S,,"2,456",+4,+0.16%,50,16.1倍,0.75倍,3.87%
20260722,2030,コンドー,7438,東P,,"1,534",+8,+0.52%,50,11.6倍,1.02倍,3.78%
20260722,2031,ＰＢＲ１解消,2080,東Ｅ,,"2,032",+16,+0.79%,50,ー倍,ー倍,ー%
20260722,2032,ｉＳ米債カバ,453A,東Ｅ,,788.5,+0.1,+0.01%,50,ー倍,ー倍,ー%
20260722,2033,東京産,8070,東P,,846,+11,+1.32%,50,13.0倍,0.88倍,4.73%
20260722,2034,ＪＦＥシステ,4832,東S,,"2,005",-38,-1.86%,49,14.4倍,1.78倍,3.49%
20260722,2035,日進工具,6157,東S,,952,-15,-1.55%,49,ー倍,1.27倍,ー%
20260722,2036,鎌倉新書,6184,東P,,521,-9,-1.70%,49,19.5倍,3.93倍,3.84%
20260722,2037,タカトリ,6338,東S,,"1,585",+24,+1.54%,49,25.6倍,0.86倍,2.52%
20260722,2038,ＴＶＥ,6466,東S,,"4,220",+50,+1.20%,49,19.0倍,0.76倍,0.95%
20260722,2039,ハリマ化成Ｇ,4410,東P,,"1,047",+13,+1.26%,49,9.60倍,0.62倍,4.01%
20260722,2040,ｉＦＥ科創板,2628,東Ｅ,,"4,320",-40,-0.92%,49,ー倍,ー倍,ー%
