日付,順位,銘柄名,コード,市場,状態,株価,前日差,騰落率,売買代金,PER,PBR,配当利回り
20261008,1,キオクシア,285A,東P,,"17,900",0,0.00%,"737,652",ー倍,11.9倍,ー%
20261008,2,アドテスト,6857,東P,,"40,930",-360,-0.87%,"531,218",44.8倍,28.3倍,ー%
20261008,3,太陽誘電,6976,東P,,"10,955",-505,-4.41%,"346,902",50.0倍,3.94倍,0.82%
20261008,4,ＳＢＧ,9984,東P,,"6,040",-270,-4.28%,"231,161",ー倍,1.87倍,0.18%
20261008,5,レーザーテク,6920,東P,,"46,610",-90,-0.19%,"218,349",46.4倍,16.9倍,0.75%
20261008,6,村田製,6981,東P,,"8,267",-416,-4.79%,"174,116",44.3倍,5.42倍,0.85%
20261008,7,日経レバ,1570,東Ｅ,,"76,020","-2,160",-2.76%,"171,532",ー倍,ー倍,ー%
20261008,8,フジクラ,5803,東P,,"5,512",-188,-3.30%,"165,397",28.0倍,15.0倍,0.69%
20261008,9,三菱ＵＦＪ,8306,東P,,"3,504.0",-118.0,-3.26%,"130,423",14.6倍,1.74倍,2.74%
20261008,10,ディスコ,6146,東P,,"61,140",-240,-0.39%,"115,541",ー倍,11.4倍,ー%
20261008,11,ティアフォー,593A,東G,,"2,476",+341,+15.97%,"113,086",ー倍,16.1倍,ー%
20261008,12,東エレク,8035,東P,,"12,190",-310,-2.48%,"109,173",ー倍,13.0倍,ー%
20261008,13,イビデン,4062,東P,,"11,810",-460,-3.75%,"96,461",79.5倍,11.7倍,0.15%
20261008,14,古河電,5801,東P,,"4,220",-224,-5.04%,"91,733",28.3倍,6.79倍,0.52%
20261008,15,みずほＦＧ,8411,東P,,"8,350",-294,-3.40%,"77,492",14.4倍,1.75倍,1.80%
20261008,16,リクルート,6098,東P,,"17,200",+200,+1.18%,"69,317",31.5倍,13.4倍,0.15%
20261008,17,ファストリ,9983,東P,,"74,800",+20,+0.03%,"69,113",41.0倍,8.07倍,1.20%
20261008,18,トヨタ,7203,東P,,"2,902.0",+1.5,+0.05%,"63,858",10.5倍,0.92倍,3.45%
20261008,19,三菱重,7011,東P,,"3,680",-131,-3.44%,"63,477",32.6倍,3.90倍,0.79%
20261008,20,三井住友ＦＧ,8316,東P,,"3,297.0",-75.0,-2.22%,"59,800",14.7倍,1.55倍,2.73%
20261008,21,ＪＸ金属,5016,東P,,"3,618",-179,-4.71%,"58,473",22.9倍,5.03倍,0.55%
20261008,22,コクサイエレ,6525,東P,,"9,814",-16,-0.16%,"58,249",41.2倍,10.2倍,0.66%
20261008,23,東京海上,8766,東P,,518.1,+2.1,+0.41%,"53,535",17.7倍,1.79倍,3.15%
20261008,24,三井金属,5706,東P,,"2,715.0",-62.5,-2.25%,"49,927",19.4倍,3.68倍,1.03%
20261008,25,任天堂,7974,東P,,"7,851",+76,+0.98%,"48,062",29.2倍,3.10倍,2.06%
20261008,26,ＳＵＭＣＯ,3436,東P,,"3,473.0",-211.0,-5.73%,"45,192",ー倍,2.14倍,ー%
20261008,27,日立,6501,東P,,"5,597",-52,-0.92%,"45,047",27.6倍,3.78倍,ー%
20261008,28,コマツ,6301,東P,,"7,397",-432,-5.52%,"43,506",18.8倍,1.86倍,2.57%
20261008,29,ＴＤＫ,6762,東P,,"3,353.0",-177.0,-5.01%,"43,260",28.3倍,2.77倍,1.19%
20261008,30,キーエンス,6861,東P,,"80,000","-1,560",-1.91%,"42,737",ー倍,5.47倍,0.69%
20261008,31,レゾナック,4004,東P,,"17,435",-640,-3.54%,"42,547",29.4倍,4.20倍,0.37%
20261008,32,ルネサス,6723,東P,,"3,750",-174,-4.43%,"41,501",ー倍,2.40倍,ー%
20261008,33,三井物,8031,東P,,"4,764",-143,-2.91%,"41,180",14.6倍,1.50倍,2.94%
20261008,34,三菱商,8058,東P,,"4,590",-86,-1.84%,"40,056",15.3倍,1.74倍,2.72%
20261008,35,パナＨＤ,6752,東P,,"4,493",-175,-3.75%,"39,875",23.3倍,1.94倍,1.20%
20261008,36,ソニーＧ,6758,東P,,"3,706",-37,-0.99%,"39,035",17.9倍,2.58倍,0.94%
20261008,37,住友電,5802,東P,,"2,398.0",-84.0,-3.38%,"37,142",22.0倍,2.64倍,1.63%
20261008,38,ＮＥＣ,6701,東P,,"5,078",+28,+0.55%,"36,978",ー倍,3.01倍,0.79%
20261008,39,ＩＨＩ,7013,東P,,"2,590.0",-101.0,-3.75%,"35,861",16.0倍,3.94倍,0.89%
20261008,40,富士通,6702,東P,,"4,125",-2,-0.05%,"34,260",23.0倍,3.50倍,1.33%
20261008,41,スクリン,7735,東P,,"15,910",-5,-0.03%,"33,977",26.2倍,6.05倍,1.15%
20261008,42,川重,7012,東P,,"2,270.0",-102.5,-4.32%,"33,528",17.2倍,2.24倍,1.76%
20261008,43,三菱電,6503,東P,,"5,051",-234,-4.43%,"32,507",20.9倍,2.26倍,1.19%
20261008,44,信越化,4063,東P,,"6,121",-113,-1.81%,"31,918",21.2倍,2.44倍,2.22%
20261008,45,ＨＯＹＡ,7741,東P,,"25,025",-110,-0.44%,"31,195",ー倍,8.19倍,ー%
20261008,46,伊藤忠,8001,東P,,"2,138.5",-23.0,-1.06%,"30,690",15.5倍,2.18倍,2.06%
20261008,47,ホンダ,7267,東P,,"1,712.5",+29.0,+1.72%,"30,682",16.7倍,0.54倍,4.09%
20261008,48,日本マイクロ,6871,東P,,"16,320",-440,-2.63%,"29,869",27.5倍,6.93倍,1.09%
20261008,49,ＮＴＴ,9432,東P,,172.1,0,0.00%,"29,062",14.2倍,1.41倍,3.14%
20261008,50,武田,4502,東P,,"5,816",+50,+0.87%,"26,364",56.0倍,1.23倍,3.51%
20261008,51,トレンド,4704,東P,,"7,232",+271,+3.89%,"26,043",30.6倍,8.11倍,ー%
20261008,52,住友鉱,5713,東P,,"9,263",-380,-3.94%,"25,757",11.5倍,1.17倍,2.23%
20261008,53,ダイキン,6367,東P,,"20,990",-80,-0.38%,"24,873",21.0倍,1.96倍,1.72%
20261008,54,りそなＨＤ,8308,東P,,"2,439.5",-73.0,-2.91%,"24,685",16.5倍,1.81倍,1.52%
20261008,55,ニデック,6594,東P,,"2,140",-25,-1.15%,"24,044",24.5倍,3.09倍,ー%
20261008,56,ＪＴ,2914,東P,,"6,960",-30,-0.43%,"23,753",19.2倍,2.81倍,3.91%
20261008,57,ＦＦＲＩ,3692,東G,Ｓ,"9,960","+1,500",+17.73%,"22,718",69.5倍,21.0倍,0.18%
20261008,58,ＫＤＤＩ,9433,東P,,"2,905.0",+28.0,+0.97%,"21,894",15.1倍,2.15倍,2.89%
20261008,59,ＭＳ＆ＡＤ,8725,東P,,"4,856",0,0.00%,"21,810",16.2倍,1.03倍,3.50%
20261008,60,ファナック,6954,東P,,"6,019",-145,-2.35%,"21,755",28.1倍,2.94倍,ー%
20261008,61,郵船,9101,東P,,"7,226",+134,+1.89%,"20,941",12.2倍,0.94倍,3.32%
20261008,62,第一三共,4568,東P,,"2,653.5",-49.0,-1.81%,"20,795",19.2倍,2.84倍,3.77%
20261008,63,住友商,8053,東P,,"1,699.5",-17.5,-1.02%,"20,660",12.8倍,1.70倍,2.35%
20261008,64,ゆうちょ銀,7182,東P,,"3,247.0",-117.0,-3.48%,"20,554",17.5倍,1.25倍,2.86%
20261008,65,ＳＭＣ,6273,東P,,"71,780","-2,080",-2.82%,"20,498",26.4倍,2.08倍,1.39%
20261008,66,オリックス,8591,東P,,"5,751",-126,-2.14%,"20,370",11.7倍,1.32倍,3.26%
20261008,67,商船三井,9104,東P,,"7,118",+60,+0.85%,"20,322",10.2倍,0.82倍,2.88%
20261008,68,野村総研,4307,東P,,"5,341",+152,+2.93%,"20,259",25.1倍,8.01倍,1.57%
20261008,69,日本製鉄,5401,東P,,631.3,-9.9,-1.54%,"19,346",11.4倍,0.59倍,3.80%
20261008,70,セブン＆アイ,3382,東P,,"1,987.5",+20.0,+1.02%,"19,293",16.2倍,1.22倍,3.02%
20261008,71,菱地所,8802,東P,,"3,442.0",-37.0,-1.06%,"19,232",17.5倍,1.51倍,1.42%
20261008,72,丸紅,8002,東P,,"4,710",-77,-1.61%,"19,197",13.2倍,1.71倍,2.44%
20261008,73,日経Ｄインバ,1357,東Ｅ,,"2,455",+67,+2.81%,"19,181",ー倍,ー倍,ー%
20261008,74,スズキ,7269,東P,,"2,049.5",+10.0,+0.49%,"19,144",9.41倍,1.12倍,2.49%
20261008,75,ＩＮＰＥＸ,1605,東P,,"3,625.0",-23.0,-0.63%,"18,555",8.17倍,0.82倍,3.09%
20261008,76,イオン,8267,東P,,"1,201.5",-16.0,-1.31%,"18,191",45.6倍,2.75倍,1.25%
20261008,77,フェローテク,6890,東S,,"11,400",-770,-6.33%,"17,919",12.8倍,1.90倍,2.34%
20261008,78,東電ＨＤ,9501,東P,,514.6,-2.3,-0.44%,"17,918",ー倍,0.35倍,ー%
20261008,79,三井不,8801,東P,,"1,425.0",+10.0,+0.71%,"17,586",13.5倍,1.18倍,2.60%
20261008,80,サンリオ,8136,東P,,"1,202.0",-8.5,-0.70%,"17,511",22.8倍,8.93倍,1.33%
20261008,81,クボタ,6326,東P,,"2,624.5",-150.5,-5.42%,"17,251",10.2倍,1.06倍,1.98%
20261008,82,安川電,6506,東P,,"4,789",-157,-3.17%,"17,028",26.4倍,2.56倍,1.50%
20261008,83,ＳＢ,9434,東P,,241.3,+0.6,+0.25%,"16,854",21.0倍,4.38倍,3.65%
20261008,84,アシックス,7936,東P,,"4,449",-1,-0.02%,"16,660",26.1倍,8.74倍,0.99%
20261008,85,ＥＮＥＯＳ,5020,東P,,"1,356.5",-15.0,-1.09%,"16,297",8.66倍,0.96倍,2.51%
20261008,86,豊田通商,8015,東P,,"7,209",-199,-2.69%,"16,154",15.7倍,2.61倍,1.73%
20261008,87,楽天グループ,4755,東P,,650.2,+10.6,+1.66%,"16,151",ー倍,1.55倍,ー%
20261008,88,パンパシＨＤ,7532,東P,,680.2,+0.3,+0.04%,"16,061",18.6倍,2.91倍,1.47%
20261008,89,ローム,6963,東P,,"5,096",-279,-5.19%,"15,774",67.8倍,2.54倍,0.98%
20261008,90,ＳＯＭＰＯ,8630,東P,,"6,545",-16,-0.24%,"15,513",11.8倍,1.09倍,3.06%
20261008,91,第一ライフ,8750,東P,,"1,793.5",-44.0,-2.39%,"15,132",12.6倍,1.41倍,4.01%
20261008,92,日本郵政,6178,東P,,"2,374.5",-55.0,-2.26%,"14,949",17.1倍,0.65倍,2.53%
20261008,93,大塚ＨＤ,4578,東P,,"11,680",+205,+1.79%,"14,571",17.2倍,1.89倍,1.71%
20261008,94,中部電,9502,東P,,"2,640.5",-35.5,-1.33%,"14,442",12.5倍,0.63倍,2.65%
20261008,95,ＳＢＩ,8473,東P,,"2,965.0",-73.0,-2.40%,"14,418",ー倍,1.03倍,ー%
20261008,96,三井住友トラ,8309,東P,,"1,704.0",-50.5,-2.88%,"14,360",12.4倍,1.28倍,2.79%
20261008,97,日東電,6988,東P,,"3,526.0",-22.0,-0.62%,"13,917",16.3倍,2.02倍,1.82%
20261008,98,バンナムＨＤ,7832,東P,,"5,721",+82,+1.45%,"13,858",28.2倍,4.14倍,ー%
20261008,99,富士フイルム,4901,東P,,"3,416.0",-13.0,-0.38%,"13,804",14.6倍,1.05倍,2.20%
20261008,100,カプコン,9697,東P,,"4,300",-121,-2.74%,"13,639",31.0倍,6.28倍,1.07%
20261008,101,アサヒ,2502,東P,,"1,559.0",-18.0,-1.14%,"13,548",11.8倍,0.72倍,3.66%
20261008,102,デンソー,6902,東P,,"1,826.0",-14.5,-0.79%,"13,283",12.0倍,0.90倍,4.05%
20261008,103,キヤノン,7751,東P,,"4,635",+16,+0.35%,"13,151",11.4倍,1.11倍,3.45%
20261008,104,中外薬,4519,東P,,"6,107",+6,+0.10%,"13,037",ー倍,4.96倍,2.16%
20261008,105,ＯＬＣ,4661,東P,,"2,933.0",+44.5,+1.54%,"12,956",42.3倍,4.26倍,0.55%
20261008,106,Ｆ＆ＬＣ,3563,東P,,"5,390",-117,-2.12%,"12,746",38.9倍,9.83倍,0.37%
20261008,107,野村,8604,東P,,"1,490.0",-29.5,-1.94%,"12,638",ー倍,1.14倍,ー%
20261008,108,京セラ,6971,東P,,"3,752",-75,-1.96%,"12,342",29.7倍,1.43倍,1.49%
20261008,109,ブリヂストン,5108,東P,,"3,882",+51,+1.33%,"12,302",14.1倍,1.27倍,3.22%
20261008,110,アステラス,4503,東P,,"2,248.0",-7.5,-0.33%,"12,296",13.4倍,2.07倍,3.56%
20261008,111,日東紡,3110,東P,,"3,525",-150,-4.08%,"12,238",32.1倍,3.62倍,0.79%
20261008,112,東応化,4186,東P,,"9,342",+63,+0.68%,"12,111",26.3倍,4.52倍,0.86%
20261008,113,川崎汽,9107,東P,,"3,279.0",+41.0,+1.27%,"12,069",14.3倍,1.11倍,3.66%
20261008,114,千葉銀,8331,東P,,"2,706.5",-92.0,-3.29%,"12,063",17.4倍,1.44倍,2.36%
20261008,115,ＰｏｗｅｒＸ,485A,東G,,"2,021",-147,-6.78%,"12,029",189倍,36.5倍,ー%
20261008,116,メイコー,6787,東P,,"25,900","-1,000",-3.72%,"11,875",24.9倍,5.15倍,0.62%
20261008,117,大林組,1802,東P,,"2,848.0",-81.0,-2.77%,"11,855",12.5倍,1.57倍,3.30%
20261008,118,野村日経平均,1321,東Ｅ,,719.5,-10.2,-1.40%,"11,713",ー倍,ー倍,ー%
20261008,119,ツルハＨＤ,3391,東P,,"2,132.0",+47.0,+2.25%,"11,527",23.3倍,1.08倍,2.25%
20261008,120,楽天Ｗブル,1458,東Ｅ,,"90,770","-2,710",-2.90%,"11,484",ー倍,ー倍,ー%
20261008,121,キリンＨＤ,2503,東P,,"2,750.5",-21.0,-0.76%,"11,447",13.6倍,1.60倍,2.76%
20261008,122,ミネベア,6479,東P,,"3,680",-167,-4.34%,"11,168",17.0倍,1.59倍,1.63%
20261008,123,大和,8601,東P,,"1,742.0",-19.5,-1.11%,"11,126",ー倍,1.35倍,2.53%
20261008,124,ＡＩメカ,6227,東S,,"8,490",-100,-1.16%,"10,938",32.2倍,11.0倍,0.26%
20261008,125,荏原,6361,東P,,"4,718",-116,-2.40%,"10,730",21.6倍,4.04倍,1.40%
20261008,126,三井Ｅ＆Ｓ,7003,東P,,"3,926",-159,-3.89%,"10,666",12.8倍,1.77倍,1.53%
20261008,127,良品計画,7453,東P,,"4,380",+1,+0.02%,"10,642",34.7倍,5.86倍,0.73%
20261008,128,富士電機,6504,東P,,"14,660",-520,-3.43%,"10,620",19.2倍,2.71倍,ー%
20261008,129,ＪＲ東日本,9020,東P,,"3,350.0",+22.0,+0.66%,"10,544",14.8倍,1.24倍,2.51%
20261008,130,大成建,1801,東P,,"11,775",-335,-2.77%,"10,508",12.7倍,2.06倍,3.23%
20261008,131,鹿島,1812,東P,,"4,757",-65,-1.35%,"10,489",12.9倍,1.60倍,3.07%
20261008,132,花王,4452,東P,,"3,522.0",+11.0,+0.31%,"10,407",23.6倍,2.85倍,2.21%
20261008,133,住友不,8830,東P,,"3,075.0",-11.0,-0.36%,"10,278",12.7倍,1.11倍,1.69%
20261008,134,関西電,9503,東P,,"2,644.5",-11.0,-0.41%,"10,276",9.50倍,0.83倍,3.03%
20261008,135,日産自,7201,東P,,283.0,-2.1,-0.74%,"10,023",49.5倍,0.20倍,ー%
20261008,136,味の素,2802,東P,,"5,293",-53,-0.99%,"10,016",40.8倍,6.50倍,0.94%
20261008,137,大和ハウス,1925,東P,,"2,166.0",+13.0,+0.60%,"9,831",10.1倍,0.92倍,4.11%
20261008,138,ローツェ,6323,東P,,"4,434",-46,-1.03%,"9,815",20.4倍,5.25倍,0.63%
20261008,139,ゼンショＨＤ,7550,東P,,"11,315",-210,-1.82%,"9,799",34.5倍,6.44倍,0.71%
20261008,140,大塚商会,4768,東P,,"3,842",+99,+2.64%,"9,620",22.5倍,3.52倍,2.73%
20261008,141,日経ブル２,1579,東Ｅ,,821.0,-24.0,-2.84%,"9,600",ー倍,ー倍,ー%
20261008,142,積水ハウス,1928,東P,,"3,334.0",+15.0,+0.45%,"9,576",9.65倍,0.96倍,4.35%
20261008,143,オンコリス,4588,東G,,"6,170",-180,-2.83%,"9,531",ー倍,56.0倍,ー%
20261008,144,資生堂,4911,東P,,"3,244.0",-19.0,-0.58%,"9,508",30.9倍,2.04倍,1.85%
20261008,145,テラドローン,278A,東G,,"7,820",-320,-3.93%,"9,356",ー倍,17.1倍,ー%
20261008,146,塩野義,4507,東P,,"2,769.0",+6.5,+0.24%,"9,301",11.2倍,1.33倍,2.74%
20261008,147,ＪＲ東海,9022,東P,,"3,632.0",+32.0,+0.89%,"9,263",7.71倍,0.67倍,0.88%
20261008,148,オービック,4684,東P,,"5,174",+64,+1.25%,"9,251",27.0倍,4.50倍,1.82%
20261008,149,ＴＯＷＡ,6315,東P,,"2,519",-66,-2.55%,"9,207",27.0倍,2.50倍,0.95%
20261008,150,サイバＳＯＬ,436A,東G,Ｓ,"2,061",+400,+24.08%,"9,167",27.3倍,7.01倍,1.84%
20261008,151,コナミＧ,9766,東P,,"22,330",+160,+0.72%,"9,075",30.0倍,5.22倍,1.00%
20261008,152,東ガス,9531,東P,,"5,899",-141,-2.33%,"9,016",14.0倍,1.11倍,2.03%
20261008,153,特殊陶,5334,東P,,"3,854",-154,-3.84%,"9,006",14.3倍,1.77倍,2.72%
20261008,154,Ｇセキュリ,4417,東G,,"6,610",+750,+12.80%,"8,909",49.7倍,22.3倍,0.74%
20261008,155,テルモ,4543,東P,,"2,308.5",-16.0,-0.69%,"8,807",17.6倍,2.05倍,1.56%
20261008,156,阪急阪神,9042,東P,,"4,476",-19,-0.42%,"8,799",13.1倍,0.93倍,2.23%
20261008,157,三菱マ,5711,東P,,"4,795",-233,-4.63%,"8,745",4.48倍,0.81倍,2.42%
20261008,158,ベイカレント,6532,東P,,"8,346",+136,+1.66%,"8,744",25.5倍,11.2倍,1.56%
20261008,159,ＧＯ,581A,東G,,"3,670",-60,-1.61%,"8,713",26.9倍,12.1倍,ー%
20261008,160,清水建,1803,東P,,"2,038.5",-49.0,-2.35%,"8,708",8.29倍,1.35倍,3.78%
20261008,161,ソニーＦＧ,8729,東P,,146.5,-2.3,-1.55%,"8,587",42.7倍,1.12倍,5.46%
20261008,162,三菱ケミＧ,4188,東P,,"1,156.5",-22.5,-1.91%,"8,547",12.4倍,0.86倍,2.77%
20261008,163,三菱ＨＣキャ,8593,東P,,"1,295.0",-5.0,-0.38%,"8,526",11.6倍,0.92倍,3.94%
20261008,164,島津,7701,東P,,"4,223",+9,+0.21%,"8,525",20.7倍,2.12倍,1.66%
20261008,165,マクニカＨＤ,3132,東P,,"4,529",+109,+2.47%,"8,492",25.3倍,2.82倍,1.77%
20261008,166,ヤマハ発,7272,東P,,"1,829.5",-3.0,-0.16%,"8,423",10.5倍,1.42倍,2.73%
20261008,167,ＡＧＣ,5201,東P,,"5,805",-141,-2.37%,"8,214",16.0倍,0.81倍,3.62%
20261008,168,ダイフク,6383,東P,,"5,716",-159,-2.71%,"8,173",24.6倍,4.24倍,1.57%
20261008,169,ＪＦＥ,5411,東P,,"1,676.5",-28.5,-1.67%,"8,168",7.11倍,0.40倍,4.77%
20261008,170,菱ガス化,4182,東P,,"3,909",-180,-4.40%,"8,063",13.9倍,1.15倍,2.81%
20261008,171,ＮＧＫ,5333,東P,,"5,610",-291,-4.93%,"8,017",19.3倍,1.95倍,1.89%
20261008,172,オリンパス,7733,東P,,"1,990.0",-10.0,-0.50%,"7,963",20.7倍,2.83倍,1.51%
20261008,173,アストロＨＤ,186A,東G,,"1,119",-92,-7.60%,"7,908",ー倍,12.4倍,ー%
20261008,174,メルカリ,4385,東P,,"3,646.0",+46.0,+1.28%,"7,883",ー倍,4.34倍,ー%
20261008,175,オムロン,6645,東P,,"6,339",-147,-2.27%,"7,880",30.8倍,1.50倍,1.74%
20261008,176,日立建機,6305,東P,,"5,550",-243,-4.19%,"7,861",13.7倍,1.25倍,3.42%
20261008,177,楽天銀,5838,東P,,"6,196",-254,-3.94%,"7,860",12.3倍,2.75倍,ー%
20261008,178,出光興産,5019,東P,,"1,496.5",-41.5,-2.70%,"7,859",23.9倍,1.09倍,2.41%
20261008,179,大東建,1878,東P,,"3,111.0",-32.0,-1.02%,"7,854",9.40倍,2.04倍,5.24%
20261008,180,三井海洋,6269,東P,,"8,460",-334,-3.80%,"7,824",9.98倍,2.16倍,2.36%
20261008,181,住友ベ,4203,東P,,"9,237",-196,-2.08%,"7,816",28.4倍,2.25倍,1.30%
20261008,182,ソシオネクス,6526,東P,,"2,140.0",-100.0,-4.46%,"7,815",37.5倍,2.92倍,2.34%
20261008,183,野村日半導,200A,東Ｅ,,"4,740",-57,-1.19%,"7,802",ー倍,ー倍,ー%
20261008,184,インフロニア,5076,東P,,"2,260.0",-73.5,-3.15%,"7,742",6.86倍,1.12倍,5.84%
20261008,185,ハーモニック,6324,東P,,"6,160",-470,-7.09%,"7,584",97.2倍,7.17倍,0.32%
20261008,186,神戸物産,3038,東P,,"2,953.5",+26.5,+0.91%,"7,577",21.5倍,3.63倍,1.08%
20261008,187,東洋エンジ,6330,東P,,"2,422",-139,-5.43%,"7,536",23.7倍,3.65倍,1.03%
20261008,188,日製鋼,5631,東P,,"6,920",-354,-4.87%,"7,490",26.8倍,2.38倍,1.33%
20261008,189,双日,2768,東P,,"5,342",-110,-2.02%,"7,457",8.55倍,0.97倍,3.37%
20261008,190,日本ペＨＤ,4612,東P,,"1,229.5",0,0.00%,"7,415",15.1倍,1.42倍,1.38%
20261008,191,Ｆ－ブレイン,3927,東S,,"1,300",+283,+27.83%,"7,365",21.1倍,3.28倍,1.23%
20261008,192,ラインヤフー,4689,東P,,493.0,-5.0,-1.00%,"7,361",ー倍,1.13倍,2.23%
20261008,193,横河電,6841,東P,,"4,565",-102,-2.19%,"7,348",19.4倍,2.24倍,2.02%
20261008,194,ＡＮＡＨＤ,9202,東P,,"2,907.0",-3.0,-0.10%,"7,318",13.2倍,1.03倍,2.06%
20261008,195,ＣＫＤ,6407,東P,,"5,630",-300,-5.06%,"7,301",19.8倍,2.35倍,1.99%
20261008,196,いすゞ,7202,東P,,"2,113.0",+7.5,+0.36%,"7,279",9.08倍,0.96倍,4.45%
20261008,197,ＴＨＫ,6481,東P,,"6,491",-306,-4.50%,"7,274",13.3倍,2.64倍,3.00%
20261008,198,デクセリ,4980,東P,,"3,564.0",-50.0,-1.38%,"7,259",21.7倍,5.36倍,1.80%
20261008,199,ふくおかＦＧ,8354,東P,,"7,546",-210,-2.71%,"7,226",14.3倍,1.27倍,2.78%
20261008,200,ニトリＨＤ,9843,東P,,"3,116.0",-9.0,-0.29%,"7,212",19.4倍,1.75倍,1.03%
20261008,201,アキッパ,627A,東S,,"1,557",+77,+5.20%,"7,169",32.3倍,15.5倍,ー%
20261008,202,日経ベア２,1360,東Ｅ,,60.1,+1.7,+2.91%,"7,138",ー倍,ー倍,ー%
20261008,203,ジーエヌアイ,2160,東G,,"3,150",-305,-8.83%,"7,060",ー倍,5.13倍,ー%
20261008,204,キッコマン,2801,東P,,"1,736.5",-5.5,-0.32%,"7,052",26.3倍,2.80倍,1.44%
20261008,205,メタプラ,3350,東S,,258,-27,-9.47%,"7,003",ー倍,1.02倍,ー%
20261008,206,マクドナルド,2702,東S,,"7,620",-70,-0.91%,"6,986",29.0倍,3.46倍,0.84%
20261008,207,旭化成,3407,東P,,"1,650.5",-13.5,-0.81%,"6,973",13.8倍,1.04倍,2.67%
20261008,208,横浜ＦＧ,7186,東P,,"1,837.0",-45.0,-2.39%,"6,934",15.7倍,1.39倍,2.56%
20261008,209,データセク,3905,東G,,"1,656",-162,-8.91%,"6,870",7.28倍,2.52倍,ー%
20261008,210,セコム,9735,東P,,"6,323",+66,+1.05%,"6,839",23.6倍,1.91倍,1.90%
20261008,211,東洋水,2875,東P,,"10,065",+75,+0.75%,"6,827",14.5倍,1.78倍,2.19%
20261008,212,ＪＲ西日本,9021,東P,,"2,868.0",+22.5,+0.79%,"6,790",13.1倍,1.07倍,3.40%
20261008,213,しずおかＦＧ,5831,東P,,"3,430.0",-110.0,-3.11%,"6,688",15.6倍,1.40倍,3.15%
20261008,214,日本取引所,8697,東P,,"2,251.5",-29.5,-1.29%,"6,647",21.8倍,7.14倍,3.64%
20261008,215,東レ,3402,東P,,"1,227.0",-25.0,-2.00%,"6,646",19.9倍,0.98倍,2.12%
20261008,216,ユニチカ,3103,東S,,"1,441",-81,-5.32%,"6,645",17.5倍,2.48倍,ー%
20261008,217,網屋,4258,東G,,"6,150",+90,+1.49%,"6,541",58.3倍,21.2倍,0.33%
20261008,218,大ガス,9532,東P,,"5,521",-142,-2.51%,"6,512",14.3倍,1.14倍,2.35%
20261008,219,アイシン,7259,東P,,"2,196.0",-22.5,-1.01%,"6,481",10.2倍,0.72倍,3.42%
20261008,220,ＴＯＴＯ,5332,東P,,"6,053",-198,-3.17%,"6,381",21.6倍,1.86倍,1.98%
20261008,221,サイバー,4751,東P,,"1,221.0",-18.5,-1.49%,"6,367",15.1倍,3.02倍,1.64%
20261008,222,ＡＲＣＨＩＯ,543A,東P,,295,+3,+1.03%,"6,226",2.51倍,0.81倍,2.71%
20261008,223,大日印,7912,東P,,"2,930.5",-41.0,-1.38%,"6,138",13.1倍,1.01倍,1.40%
20261008,224,マツダ,7261,東P,,"1,082.5",+5.5,+0.51%,"6,064",7.59倍,0.36倍,5.08%
20261008,225,ユニチャーム,8113,東P,,951.0,+13.0,+1.39%,"5,957",23.4倍,2.02倍,2.31%
20261008,226,精工技研,6834,東S,,"6,810",-460,-6.33%,"5,950",33.1倍,8.55倍,0.44%
20261008,227,日本空港ビル,9706,東P,,"5,487",+85,+1.57%,"5,904",21.1倍,2.38倍,1.73%
20261008,228,ＡＢＣマート,2670,東P,,"2,868.5",+100.5,+3.63%,"5,873",14.9倍,1.72倍,2.79%
20261008,229,Ｔ＆Ｄ,8795,東P,,"4,735",-125,-2.57%,"5,839",16.6倍,1.34倍,3.46%
20261008,230,サントリＢＦ,2587,東P,,"4,618",+59,+1.29%,"5,832",16.0倍,1.05倍,2.60%
20261008,231,ＳＵＢＡＲＵ,7270,東P,,"2,544.5",+5.0,+0.20%,"5,828",13.5倍,0.63倍,4.56%
20261008,232,東京精,7729,東P,,"20,225",-185,-0.91%,"5,816",26.7倍,4.32倍,1.50%
20261008,233,住友化,4005,東P,,572.9,-16.9,-2.87%,"5,768",13.6倍,0.86倍,2.79%
20261008,234,野村東証指数,1306,東Ｅ,,429.5,-7.5,-1.72%,"5,760",ー倍,ー倍,ー%
20261008,235,浜ゴム,5101,東P,,"7,284",-64,-0.87%,"5,732",9.82倍,1.02倍,3.06%
20261008,236,ＪＡＬ,9201,東P,,"3,003.0",-6.0,-0.20%,"5,683",11.7倍,0.89倍,3.20%
20261008,237,マキタ,6586,東P,,"5,170",-127,-2.40%,"5,648",16.5倍,1.32倍,ー%
20261008,238,名村造,7014,東S,,"4,435",-150,-3.27%,"5,564",14.0倍,2.24倍,1.35%
20261008,239,ビルファンド,8951,東Ｒ,,"117,200",+300,+0.26%,"5,521",25.9倍,1.37倍,4.21%
20261008,240,ＳＢＩ新生銀,8303,東P,,"1,448.0",-25.5,-1.73%,"5,512",ー倍,1.05倍,ー%
20261008,241,アマダ,6113,東P,,"2,580.5",-68.0,-2.57%,"5,510",23.0倍,1.46倍,2.48%
20261008,242,三越伊勢丹,3099,東P,,"1,730.0",-17.0,-0.97%,"5,507",19.0倍,2.00倍,2.31%
20261008,243,ホトニクス,6965,東P,,"2,375.0",-98.0,-3.96%,"5,475",39.1倍,2.16倍,1.60%
20261008,244,ＱＤレーザ,6613,東G,,"2,147",-107,-4.75%,"5,431",205倍,18.5倍,ー%
20261008,245,ＦＵＪＩ,6134,東P,,"8,182",-343,-4.02%,"5,324",16.4倍,2.96倍,2.32%
20261008,246,ＳＷＣＣ,5805,東P,,"2,834",-112,-3.80%,"5,310",18.3倍,4.15倍,2.19%
20261008,247,東急,9005,東P,,"1,577.0",-8.0,-0.50%,"5,296",9.78倍,0.94倍,2.03%
20261008,248,関電工,1942,東P,,"5,321",-209,-3.78%,"5,281",16.3倍,2.75倍,2.44%
20261008,249,エムスリー,2413,東P,,"1,851.5",+6.0,+0.33%,"5,279",23.3倍,3.03倍,ー%
20261008,250,住友林,1911,東P,,"1,171.0",-12.0,-1.01%,"5,248",12.0倍,0.66倍,4.27%
20261008,251,ＴＯＰＰＡＮ,7911,東P,,"2,360.5",-92.0,-3.75%,"5,247",23.8倍,0.95倍,1.23%
20261008,252,東宝,9602,東P,,"1,542.0",+21.5,+1.41%,"5,223",31.3倍,2.56倍,1.43%
20261008,253,ミスミＧ,9962,東P,,"4,027",-110,-2.66%,"5,186",23.4倍,2.73倍,1.48%
20261008,254,ヒューリック,3003,東P,,"1,649.0",-14.5,-0.87%,"5,170",10.4倍,1.32倍,4.06%
20261008,255,住友ファーマ,4506,東P,,"1,583.0",-27.0,-1.68%,"5,153",9.22倍,1.74倍,ー%
20261008,256,ブラザー,6448,東P,,"4,601",-102,-2.17%,"5,150",14.6倍,1.40倍,2.17%
20261008,257,ナブテスコ,6268,東P,,"4,795",-215,-4.29%,"5,137",23.0倍,1.94倍,1.71%
20261008,258,住友重,6302,東P,,"5,893",-331,-5.32%,"5,129",20.0倍,0.99倍,2.46%
20261008,259,エプソン,6724,東P,,"3,387.0",+21.0,+0.62%,"5,105",15.6倍,1.24倍,2.36%
20261008,260,ネクソン,3659,東P,,"2,600.0",-16.5,-0.63%,"5,098",ー倍,1.88倍,18.3%
20261008,261,Ｊフロント,3086,東P,,"2,743.5",+15.5,+0.57%,"4,982",23.1倍,1.63倍,2.04%
20261008,262,朝日インテク,7747,東P,,"3,374.0",-84.0,-2.43%,"4,920",23.7倍,5.16倍,1.48%
20261008,263,エーザイ,4523,東P,,"4,631",-9,-0.19%,"4,913",25.0倍,1.44倍,3.45%
20261008,264,オンコセラピ,4564,東G,,20,0,0.00%,"4,900",ー倍,3.58倍,ー%
20261008,265,モノタロウ,3064,東P,,"2,147.5",+13.5,+0.63%,"4,886",29.2倍,8.74倍,1.72%
20261008,266,ＭＡＲＵＷＡ,5344,東P,,"58,460","-1,100",-1.85%,"4,852",ー倍,4.77倍,0.19%
20261008,267,セガサミー,6460,東P,,"3,207.0",+39.0,+1.23%,"4,833",20.0倍,1.83倍,1.71%
20261008,268,きんでん,1944,東P,,"6,580",-272,-3.97%,"4,815",15.5倍,2.50倍,3.65%
20261008,269,電子材料,6855,東S,,"8,560",-30,-0.35%,"4,759",18.7倍,2.70倍,1.17%
20261008,270,ＮＸＨＤ,9147,東P,,"5,581",-9,-0.16%,"4,739",18.7倍,1.57倍,1.79%
20261008,271,トーメンデバ,2737,東P,,"37,950","-1,100",-2.82%,"4,709",8.60倍,3.66倍,4.32%
20261008,272,日産化,4021,東P,,"9,020",-25,-0.28%,"4,691",23.4倍,4.79倍,2.35%
20261008,273,ノート,5243,東G,,"2,979",-171,-5.43%,"4,691",48.2倍,7.15倍,ー%
20261008,274,かんぽ生命,7181,東P,,"1,675.5",-29.0,-1.70%,"4,656",12.9倍,0.39倍,2.98%
20261008,275,シスメックス,6869,東P,,"1,882.0",-17.0,-0.90%,"4,651",30.6倍,2.33倍,2.13%
20261008,276,東急不ＨＤ,3289,東P,,"1,181.5",-7.5,-0.63%,"4,616",8.43倍,0.93倍,4.23%
20261008,277,パーク２４,4666,東P,,"1,727.0",-52.5,-2.95%,"4,608",6.70倍,2.50倍,3.76%
20261008,278,ラウンドワン,4680,東P,,"1,293.0",+5.0,+0.39%,"4,581",18.6倍,3.96倍,1.39%
20261008,279,スカＪＳＡＴ,9412,東P,,"1,879",-66,-3.39%,"4,571",19.7倍,1.74倍,2.55%
20261008,280,光通信,9435,東P,,"36,320",-170,-0.47%,"4,557",13.3倍,1.27倍,2.20%
20261008,281,協和キリン,4151,東P,,"2,209.0",0,0.00%,"4,557",15.4倍,1.26倍,3.17%
20261008,282,クレセゾン,8253,東P,,"4,263",-48,-1.11%,"4,556",8.11倍,0.79倍,3.75%
20261008,283,ダイナマップ,336A,東G,,"1,489",-7,-0.47%,"4,466",ー倍,5.57倍,ー%
20261008,284,堀場製,6856,東P,,"25,560",-580,-2.22%,"4,458",21.5倍,2.95倍,3.09%
20261008,285,ユニオンツル,6278,東P,,"16,190",-630,-3.75%,"4,415",25.7倍,2.64倍,0.93%
20261008,286,テクマト,3762,東P,,"2,969",+232,+8.48%,"4,415",22.0倍,4.50倍,1.82%
20261008,287,めぶきＦＧ,7167,東P,,"1,657.5",-35.0,-2.07%,"4,379",14.8倍,1.40倍,2.65%
20261008,288,日本酸素ＨＤ,4091,東P,,"5,471",-87,-1.57%,"4,356",18.1倍,1.87倍,1.21%
20261008,289,ＤＭＧ森精機,6141,東P,,"2,786.0",-100.5,-3.48%,"4,333",28.1倍,1.23倍,3.77%
20261008,290,オルガノ,6368,東P,,"2,713.0",-53.5,-1.93%,"4,294",20.8倍,4.40倍,1.62%
20261008,291,リコー,7752,東P,,"1,709.5",+39.0,+2.33%,"4,268",15.4倍,0.81倍,2.57%
20261008,292,コムシスＨＤ,1721,東P,,"5,539",-98,-1.74%,"4,261",16.7倍,1.60倍,2.44%
20261008,293,群馬銀,8334,東P,,"2,944.5",-99.5,-3.27%,"4,248",17.2倍,1.76倍,2.38%
20261008,294,小野薬,4528,東P,,"2,247.0",-10.5,-0.47%,"4,240",14.9倍,1.22倍,3.56%
20261008,295,いよぎんＨＤ,5830,東P,,"3,716",-105,-2.75%,"4,237",13.7倍,1.14倍,2.15%
20261008,296,京都ＦＧ,5844,東P,,"4,599",-79,-1.69%,"4,226",24.7倍,0.93倍,2.28%
20261008,297,神戸鋼,5406,東P,,"1,976.0",-31.0,-1.54%,"4,223",7.87倍,0.63倍,4.05%
20261008,298,高砂熱,1969,東P,,"4,412",-215,-4.65%,"4,099",14.4倍,2.79倍,2.79%
20261008,299,あおぞら銀,8304,東P,,"3,308.0",-79.0,-2.33%,"4,096",17.0倍,0.92倍,3.02%
20261008,300,ＧＸ半導日株,2644,東Ｅ,,"4,459",-73,-1.61%,"3,985",ー倍,ー倍,ー%
20261008,301,東北電,9506,東P,,"1,263.0",+1.0,+0.08%,"3,981",ー倍,0.56倍,3.17%
20261008,302,霞ヶ関Ｃ,3498,東P,,"7,620",-160,-2.06%,"3,965",7.80倍,2.16倍,2.62%
20261008,303,ＬＩＸＩＬ,5938,東P,,"1,672.0",-6.0,-0.36%,"3,959",40.1倍,0.74倍,5.38%
20261008,304,辻本郷ＩＴＣ,476A,東S,Ｓ,"2,480",-500,-16.78%,"3,948",16.7倍,2.95倍,ー%
20261008,305,野村東証銀行,1615,東Ｅ,,754.5,-23.9,-3.07%,"3,938",ー倍,ー倍,ー%
20261008,306,東ソー,4042,東P,,"2,584.5",-49.5,-1.88%,"3,891",13.5倍,0.95倍,3.87%
20261008,307,積水化,4204,東P,,"2,531.5",-3.5,-0.14%,"3,847",13.5倍,1.20倍,3.20%
20261008,308,三井化学,4183,東P,,"2,116.5",-47.0,-2.17%,"3,839",17.0倍,0.88倍,3.54%
20261008,309,ｓａｎｔｅｃ,6777,東S,,"23,300","-2,000",-7.91%,"3,822",31.1倍,9.50倍,0.99%
20261008,310,純金信託,1540,東Ｅ,,"19,470",-90,-0.46%,"3,778",ー倍,ー倍,ー%
20261008,311,シマノ,7309,東P,,"17,585",+105,+0.60%,"3,762",34.4倍,1.69倍,2.06%
20261008,312,アンリツ,6754,東P,,"3,540.0",-123.0,-3.36%,"3,748",30.2倍,3.40倍,1.41%
20261008,313,さくらネット,3778,東P,,"3,720",-245,-6.18%,"3,733",99.3倍,4.84倍,0.15%
20261008,314,ＨＥＮＮＧＥ,4475,東G,,"1,735",-17,-0.97%,"3,700",33.9倍,13.3倍,0.63%
20261008,315,野村不ＨＤ,3231,東P,,842.2,-4.7,-0.55%,"3,697",8.39倍,0.90倍,5.22%
20261008,316,ワークマン,7564,東S,,"5,290",+40,+0.76%,"3,696",19.3倍,2.80倍,1.68%
20261008,317,リガクＨＤ,268A,東P,,"1,781",-81,-4.35%,"3,687",32.3倍,4.52倍,1.07%
20261008,318,日揮ＨＤ,1963,東P,,"2,140.0",-98.5,-4.40%,"3,683",11.3倍,1.22倍,2.43%
20261008,319,大和工,5444,東P,,"12,590",0,0.00%,"3,681",13.1倍,1.38倍,3.18%
20261008,320,第四北越ＦＧ,7327,東P,,"2,645",-72,-2.65%,"3,676",13.1倍,1.16倍,3.02%
20261008,321,ほくほくＦＧ,8377,東P,,847.6,-23.6,-2.71%,"3,657",16.3倍,1.34倍,1.77%
20261008,322,ＤＯＷＡ,5714,東P,,"8,405",-268,-3.09%,"3,625",8.72倍,1.08倍,4.02%
20261008,323,ゼンムテック,338A,東G,Ｓ,"5,690",+700,+14.03%,"3,618",51.4倍,20.3倍,ー%
20261008,324,古野電,6814,東P,,"7,990",-440,-5.22%,"3,558",19.4倍,2.75倍,2.00%
20261008,325,芝浦,6590,東P,,"4,235",-35,-0.82%,"3,552",23.4倍,5.19倍,1.51%
20261008,326,栗田工,6370,東P,,"7,738",-266,-3.32%,"3,551",16.1倍,2.43倍,1.73%
20261008,327,八十二長野,8359,東P,,"2,676.5",-77.0,-2.80%,"3,542",16.7倍,1.01倍,2.43%
20261008,328,アルプスアル,6770,東P,,"2,208.0",-20.0,-0.90%,"3,524",14.1倍,0.95倍,2.90%
20261008,329,サンコール,5985,東S,,"2,558",-319,-11.09%,"3,508",12.3倍,2.19倍,1.37%
20261008,330,Ｎｏ．１,3562,東S,,"1,732",+112,+6.91%,"3,472",11.5倍,2.80倍,4.56%
20261008,331,セリア,2782,東S,,"4,180",-95,-2.22%,"3,444",17.0倍,2.77倍,1.91%
20261008,332,山一電機,6941,東P,,"9,710",-440,-4.33%,"3,424",17.4倍,3.65倍,1.73%
20261008,333,テクセンド,429A,東P,,"3,800",-175,-4.40%,"3,421",15.9倍,2.13倍,1.84%
20261008,334,宝ＨＬＤ,2531,東P,,"2,502.0",-34.5,-1.36%,"3,420",40.3倍,1.85倍,1.24%
20261008,335,マツキヨココ,3088,東P,,"2,460.5",+21.5,+0.88%,"3,413",16.4倍,1.80倍,2.28%
20261008,336,ゼオン,4205,東P,,"2,408.5",-65.0,-2.63%,"3,413",12.8倍,1.17倍,3.28%
20261008,337,上場日経平均,1330,東Ｅ,,"72,000","-1,110",-1.52%,"3,408",ー倍,ー倍,ー%
20261008,338,セイコーＧ,8050,東P,,"10,590",-410,-3.73%,"3,400",30.9倍,4.56倍,0.99%
20261008,339,フジＨＤ,4676,東P,,"3,965",+97,+2.51%,"3,390",21.7倍,1.05倍,5.04%
20261008,340,ＧＳユアサ,6674,東P,,"5,511",-197,-3.45%,"3,373",14.0倍,1.40倍,1.78%
20261008,341,スギＨＤ,7649,東P,,"1,254.0",+11.5,+0.93%,"3,373",17.0倍,1.48倍,1.40%
20261008,342,王子ＨＤ,3861,東P,,828.4,-1.1,-0.13%,"3,338",20.1倍,0.65倍,4.35%
20261008,343,ニッパツ,5991,東P,,"3,843",-99,-2.51%,"3,336",17.3倍,1.72倍,1.80%
20261008,344,東京きらぼし,7173,東P,,"1,637",-69,-4.04%,"3,331",11.9倍,1.27倍,1.83%
20261008,345,ＴＯＹＯ,5105,東P,,"3,995",-32,-0.79%,"3,324",7.94倍,0.90倍,3.38%
20261008,346,ＴＩＳＩ,3626,東P,,"4,038",+29,+0.72%,"3,315",14.9倍,2.90倍,2.23%
20261008,347,ヒロセ電,6806,東P,,"25,290",-505,-1.96%,"3,297",23.2倍,2.14倍,2.06%
20261008,348,キューデン,642A,東P,,"1,923.0",-36.0,-1.84%,"3,277",ー倍,0.73倍,ー%
20261008,349,リンテック,7966,東P,,"5,790",-230,-3.82%,"3,251",17.8倍,1.33倍,2.07%
20261008,350,キユーピー,2809,東P,,"4,360",+3,+0.07%,"3,237",23.1倍,1.80倍,1.49%
20261008,351,フルヤ金属,7826,東P,,"11,250",-540,-4.58%,"3,231",15.6倍,3.53倍,1.60%
20261008,352,日ハム,2282,東P,,"2,007.0",-1.5,-0.07%,"3,223",14.4倍,1.02倍,2.99%
20261008,353,デジアーツ,2326,東P,,"5,650",+320,+6.00%,"3,217",19.9倍,4.13倍,1.77%
20261008,354,七十七,8341,東P,,"4,005",-120,-2.91%,"3,216",14.5倍,1.18倍,2.60%
20261008,355,テリロジＨＤ,5133,東S,,395,+35,+9.72%,"3,203",15.3倍,2.08倍,1.37%
20261008,356,ＨＥＲＯＺ,4382,東S,,"1,050",+74,+7.58%,"3,193",62.5倍,3.25倍,ー%
20261008,357,アルバック,6728,東P,,"8,249",-127,-1.52%,"3,174",21.4倍,1.68倍,1.84%
20261008,358,明治ＨＤ,2269,東P,,"4,176",+10,+0.24%,"3,171",18.1倍,1.47倍,2.63%
20261008,359,西武ＨＤ,9024,東P,,"3,593.0",+19.0,+0.53%,"3,167",33.8倍,1.59倍,1.17%
20261008,360,日テレＨＤ,9404,東P,,"2,798.5",-6.5,-0.23%,"3,167",13.2倍,0.64倍,1.61%
20261008,361,ヤクルト,2267,東P,,"2,758.5",+25.5,+0.93%,"3,162",16.8倍,1.30倍,2.61%
20261008,362,マネフォ,3994,東P,,"6,307",-37,-0.58%,"3,136",ー倍,8.48倍,ー%
20261008,363,東映アニメ,4816,東S,,"2,829",-94,-3.22%,"3,103",31.9倍,3.43倍,1.56%
20261008,364,ひろぎんＨＤ,7337,東P,,"2,355.0",-38.0,-1.59%,"3,073",13.7倍,1.15倍,2.97%
20261008,365,野村ＲＥＩＴ,1343,東Ｅ,,"1,793.0",-7.0,-0.39%,"3,073",ー倍,ー倍,ー%
20261008,366,東海カーボン,5301,東P,,"2,297.5",-78.5,-3.30%,"3,061",21.1倍,1.45倍,1.74%
20261008,367,Ｓｙｎｓ,290A,東G,,"1,374",-126,-8.40%,"3,056",70.4倍,5.05倍,ー%
20261008,368,コカＢＪＨ,2579,東P,,"3,754",-22,-0.58%,"3,048",26.8倍,1.65倍,1.92%
20261008,369,スルガ銀,8358,東P,,"2,900",-55,-1.86%,"3,046",11.1倍,1.47倍,2.76%
20261008,370,トライアル,141A,東G,,"3,715",-215,-5.47%,"3,028",42.6倍,3.48倍,0.46%
20261008,371,ＭＸトピクス,1348,東Ｅ,,"4,279",-73,-1.68%,"3,022",ー倍,ー倍,ー%
20261008,372,寿スピリッツ,2222,東P,,"2,490.0",-36.0,-1.43%,"3,005",27.9倍,8.50倍,1.81%
20261008,373,Ｊパワー,9513,東P,,"3,937",-30,-0.76%,"2,999",8.56倍,0.48倍,2.67%
20261008,374,ＲＳテクノ,3445,東P,,"6,140",-350,-5.39%,"2,964",16.3倍,1.82倍,0.90%
20261008,375,タイミー,215A,東G,,"1,404",-31,-2.16%,"2,956",21.7倍,8.23倍,ー%
20261008,376,シチズン,7762,東P,,"2,355",-76,-3.13%,"2,942",18.0倍,1.93倍,2.25%
20261008,377,タカラトミー,7867,東P,,"4,210",+37,+0.89%,"2,939",20.1倍,3.32倍,1.66%
20261008,378,ジェイテクト,6473,東P,,"2,130.0",-76.0,-3.45%,"2,923",13.6倍,0.84倍,3.29%
20261008,379,日電硝,5214,東P,,"5,219",-109,-2.05%,"2,916",25.2倍,0.76倍,3.07%
20261008,380,サンドラッグ,9989,東P,,"3,559.0",+22.0,+0.62%,"2,902",13.0倍,1.45倍,3.71%
20261008,381,ＵＳＳ,4732,東P,,"1,794.0",-6.0,-0.33%,"2,896",19.1倍,4.37倍,3.14%
20261008,382,コスモＨＤ,5021,東P,,"4,016",-116,-2.81%,"2,872",14.5倍,0.94倍,4.11%
20261008,383,ダイヘン,6622,東P,,"2,828",-130,-4.39%,"2,868",20.2倍,2.13倍,1.49%
20261008,384,滋賀銀,8366,東P,,"3,045",-80,-2.56%,"2,867",24.6倍,1.08倍,1.64%
20261008,385,千代建,6366,東S,,643,-30,-4.46%,"2,866",24.1倍,5.00倍,ー%
20261008,386,高島屋,8233,東P,,"2,140.5",-33.5,-1.54%,"2,865",16.5倍,1.38倍,1.87%
20261008,387,関西ペ,4613,東P,,"2,839.5",+9.5,+0.34%,"2,862",17.8倍,1.67倍,4.09%
20261008,388,住友ゴ,5110,東P,,"2,008.5",-35.0,-1.71%,"2,860",9.60倍,0.70倍,4.18%
20261008,389,ランド,8918,東S,,11,+1,+10.00%,"2,848",12.5倍,1.73倍,ー%
20261008,390,ヤマダＨＤ,9831,東P,,695.0,-1.0,-0.14%,"2,845",16.6倍,0.73倍,2.45%
20261008,391,ｉＳ日経,1329,東Ｅ,,"7,202",-105,-1.44%,"2,843",ー倍,ー倍,ー%
20261008,392,沖縄セルラー,9436,東S,,"3,815",-280,-6.84%,"2,836",26.3倍,3.52倍,1.83%
20261008,393,ダイダン,1980,東P,,"2,966",-89,-2.91%,"2,822",14.1倍,2.95倍,2.87%
20261008,394,ヤマハ,7951,東P,,"1,188.5",-3.5,-0.29%,"2,806",16.9倍,1.06倍,2.19%
20261008,395,日本電技,1723,東S,,"2,232",-119,-5.06%,"2,802",16.4倍,3.02倍,2.51%
20261008,396,ＰＨＣＨＤ,6523,東P,,"1,561",-34,-2.13%,"2,798",12.9倍,1.17倍,2.69%
20261008,397,ＳＨＩＦＴ,3697,東P,,880.0,+2.1,+0.24%,"2,791",ー倍,5.91倍,0.47%
20261008,398,中央自,8117,東S,,"2,018",-102,-4.81%,"2,751",11.8倍,1.76倍,3.12%
20261008,399,ＩＮＶ,8963,東Ｒ,,"57,300",-900,-1.55%,"2,748",14.6倍,1.24倍,7.63%
20261008,400,ＭＴＧ,7806,東G,,"8,950",-400,-4.28%,"2,746",32.1倍,5.84倍,0.41%
20261008,401,ＩＩＪ,3774,東P,,"3,584.0",+84.0,+2.40%,"2,706",25.4倍,3.95倍,1.20%
20261008,402,スクエニＨＤ,9684,東P,,"2,795.0",+4.5,+0.16%,"2,705",32.5倍,2.85倍,1.54%
20261008,403,石油資源,1662,東P,,"1,683",-31,-1.81%,"2,702",6.63倍,0.73倍,2.67%
20261008,404,ビーエイブル,604A,東S,,"1,637",-129,-7.30%,"2,671",17.8倍,2.24倍,1.22%
20261008,405,豊田合,7282,東P,,"1,054.5",-19.5,-1.82%,"2,670",10.9倍,1.06倍,3.32%
20261008,406,電通グループ,4324,東P,,"3,571.0",+45.0,+1.28%,"2,641",13.3倍,2.18倍,ー%
20261008,407,一工薬,4461,東P,,"15,890",-840,-5.02%,"2,629",21.9倍,3.07倍,0.94%
20261008,408,参天薬,4536,東P,,"1,685.0",+8.0,+0.48%,"2,615",13.5倍,1.80倍,2.49%
20261008,409,ヤマトＨＤ,9064,東P,,"2,024.0",+41.5,+2.09%,"2,607",40.1倍,1.14倍,2.27%
20261008,410,ＱＰＳＨＤ,464A,東G,,"1,496",-110,-6.85%,"2,604",44.1倍,2.64倍,ー%
20261008,411,ビプロジー,8056,東P,,"4,700",-6,-0.13%,"2,600",14.1倍,2.57倍,2.98%
20261008,412,ソリトン,3040,東P,,"2,904",+63,+2.22%,"2,597",20.2倍,3.80倍,2.48%
20261008,413,日電子,6951,東P,,"8,041",-184,-2.24%,"2,590",18.4倍,2.78倍,1.64%
20261008,414,日清紡ＨＤ,3105,東P,,"2,717.5",-94.5,-3.36%,"2,579",30.3倍,1.33倍,1.32%
20261008,415,京成,9009,東P,,"1,299.5",+4.5,+0.35%,"2,571",16.0倍,1.11倍,1.69%
20261008,416,東京計器,7721,東P,,"6,840",-520,-7.07%,"2,560",20.8倍,2.48倍,0.70%
20261008,417,共立メンテ,9616,東P,,"3,211.0",-15.0,-0.46%,"2,552",16.2倍,1.99倍,1.43%
20261008,418,竹内製作所,6432,東P,,"7,270",-260,-3.45%,"2,549",13.0倍,1.80倍,3.03%
20261008,419,上村工,4966,東S,,"21,120","-1,020",-4.61%,"2,549",23.2倍,2.94倍,1.37%
20261008,420,ニチレイ,2871,東P,,"2,070.5",-30.5,-1.45%,"2,541",19.1倍,1.80倍,3.22%
20261008,421,アズビル,6845,東P,,"1,476.5",-16.0,-1.07%,"2,532",20.8倍,3.14倍,3.39%
20261008,422,山口ＦＧ,8418,東P,,"3,441.0",-91.0,-2.58%,"2,518",15.4倍,1.01倍,2.79%
20261008,423,ロート,4527,東P,,"2,707.5",-22.0,-0.81%,"2,511",17.3倍,1.97倍,1.85%
20261008,424,太平洋セメ,5233,東P,,"4,113",-92,-2.19%,"2,504",7.11倍,0.66倍,2.92%
20261008,425,ＺＯＺＯ,3092,東P,,"1,131.0",+11.0,+0.98%,"2,504",19.7倍,9.95倍,3.54%
20261008,426,東京メトロ,9023,東P,,"1,437.0",-0.5,-0.03%,"2,494",16.7倍,1.13倍,3.06%
20261008,427,西日本ＦＨ,7189,東P,,"4,807",-128,-2.59%,"2,488",14.0倍,1.05倍,2.91%
20261008,428,東建物,8804,東P,,"3,157.0",-36.0,-1.13%,"2,476",10.1倍,1.08倍,3.99%
20261008,429,ソレイジア,4597,東G,,31,-2,-6.06%,"2,446",ー倍,5.83倍,ー%
20261008,430,五洋建,1893,東P,,"1,385.0",-33.0,-2.33%,"2,437",10.7倍,1.95倍,3.75%
20261008,431,丸井Ｇ,8252,東P,,"2,745.5",-14.5,-0.53%,"2,435",16.2倍,2.02倍,4.88%
20261008,432,サイゼリヤ,7581,東P,,"6,570",-80,-1.20%,"2,429",27.4倍,2.47倍,0.53%
20261008,433,レオパレス,8848,東P,,"1,001",-1,-0.10%,"2,427",14.9倍,6.61倍,ー%
20261008,434,明電舎,6508,東P,,"11,850",-470,-3.81%,"2,383",21.5倍,3.03倍,ー%
20261008,435,ニッスイ,1332,東P,,"1,082.5",-24.0,-2.17%,"2,368",11.3倍,1.07倍,2.96%
20261008,436,ＪＲ九州,9142,東P,,"3,326.0",-25.0,-0.75%,"2,357",9.92倍,1.03倍,3.64%
20261008,437,ＧＭＯ－ＰＧ,3769,東P,,"8,571",-42,-0.49%,"2,338",27.8倍,5.20倍,1.98%
20261008,438,日鉄鉱,1515,東P,,"3,050",-155,-4.84%,"2,333",19.5倍,1.48倍,2.03%
20261008,439,あいちＦＧ,7389,東P,,"1,915",-84,-4.20%,"2,327",20.3倍,1.01倍,1.57%
20261008,440,扶桑化学,4368,東P,,"3,370",-105,-3.02%,"2,325",18.6倍,2.90倍,0.83%
20261008,441,クラサス,646A,東S,,208.8,-10.2,-4.66%,"2,320",28.8倍,0.71倍,5.75%
20261008,442,カシオ,6952,東P,,"2,217.0",-56.0,-2.46%,"2,310",20.7倍,2.06倍,ー%
20261008,443,小田急,9007,東P,,"1,716.5",+7.0,+0.41%,"2,299",15.1倍,1.14倍,3.50%
20261008,444,ＵＡＣＪ,5741,東P,,"2,112",-119,-5.33%,"2,289",9.11倍,1.00倍,3.31%
20261008,445,ラクス,3923,東P,,"1,083.5",+18.0,+1.69%,"2,280",15.2倍,10.0倍,0.74%
20261008,446,ツガミ,6101,東P,,"5,580",-220,-3.79%,"2,269",15.2倍,2.96倍,1.76%
20261008,447,シンフォニア,6507,東P,,"13,640",-900,-6.19%,"2,261",25.7倍,3.78倍,1.18%
20261008,448,Ｓａｎｓａｎ,4443,東P,,"2,133",-1,-0.05%,"2,255",28.8倍,13.4倍,0.23%
20261008,449,エレメンツ,5246,東G,,915,-8,-0.87%,"2,255",99.8倍,7.08倍,ー%
20261008,450,ニチコン,6996,東P,,"2,668",-74,-2.70%,"2,250",26.0倍,1.39倍,1.46%
20261008,451,三菱自,7211,東P,,343.5,+1.5,+0.44%,"2,244",18.4倍,0.50倍,2.91%
20261008,452,すかいらーく,3197,東P,,"3,236.0",+30.0,+0.94%,"2,243",35.9倍,3.78倍,0.83%
20261008,453,ＮＯＫＧ,641A,東P,,"2,775.5",-45.0,-1.60%,"2,231",ー倍,ー倍,ー%
20261008,454,航空電子,6807,東P,,"2,837",+60,+2.16%,"2,230",31.9倍,1.33倍,1.76%
20261008,455,ビジョナル,4194,東P,,"9,362",+229,+2.51%,"2,222",20.4倍,4.41倍,ー%
20261008,456,ニコン,7731,東P,,"1,892.5",-18.0,-0.94%,"2,218",62.3倍,1.05倍,1.06%
20261008,457,シャープ,6753,東P,,622.4,-7.7,-1.22%,"2,203",16.2倍,1.38倍,ー%
20261008,458,ジャパンＲＥ,8952,東Ｒ,,"105,000",-800,-0.76%,"2,192",20.0倍,1.41倍,4.88%
20261008,459,日精工,6471,東P,,"1,074.0",-43.0,-3.85%,"2,178",18.1倍,0.77倍,3.17%
20261008,460,フクダ電,6960,東S,,"11,310",-510,-4.31%,"2,134",17.3倍,1.59倍,2.03%
20261008,461,ニチアス,5393,東P,,"3,697",-21,-0.56%,"2,131",19.8倍,2.85倍,1.76%
20261008,462,阿波銀,8388,東P,,"2,152",-109,-4.82%,"2,125",20.9倍,1.01倍,1.95%
20261008,463,コニカミノル,4902,東P,,643.2,+4.3,+0.67%,"2,123",11.2倍,0.58倍,2.80%
20261008,464,山パン,2212,東P,,"3,653.0",+45.0,+1.25%,"2,121",16.9倍,1.53倍,1.64%
20261008,465,日電波,6779,東P,,"3,445",-190,-5.23%,"2,118",24.7倍,2.40倍,0.87%
20261008,466,ＤＩＣ,4631,東P,,"4,999",-103,-2.02%,"2,110",9.77倍,0.92倍,3.00%
20261008,467,三和ＨＤ,5929,東P,,"3,464.0",0,0.00%,"2,096",12.0倍,2.12倍,4.21%
20261008,468,日油,4403,東P,,"2,538.0",-35.5,-1.38%,"2,092",14.5倍,1.93倍,2.76%
20261008,469,コスモス薬品,3349,東P,,"6,359",+32,+0.51%,"2,091",16.4倍,1.78倍,1.32%
20261008,470,太陽ＨＤ,4626,東P,,"4,802",-1,-0.02%,"2,082",21.0倍,4.23倍,ー%
20261008,471,山陰合銀,8381,東P,,"2,498",-72,-2.80%,"2,071",14.6倍,1.15倍,2.72%
20261008,472,ＪＶＣケンウ,6632,東P,,976.4,-19.5,-1.96%,"2,070",9.03倍,0.93倍,2.05%
20261008,473,日ケミコン,6997,東P,,"2,247",-108,-4.59%,"2,065",15.4倍,1.26倍,1.11%
20261008,474,大阪チタ,5726,東P,,"2,280",-110,-4.60%,"2,062",59.9倍,2.28倍,0.57%
20261008,475,ＡＤＥＫＡ,4401,東P,,"4,808",+1,+0.02%,"2,059",14.6倍,1.45倍,2.75%
20261008,476,ナカニシ,7716,東S,,"1,449",-62,-4.10%,"2,053",17.5倍,1.95倍,2.07%
20261008,477,メック,4971,東P,,"7,340",-170,-2.26%,"2,051",22.3倍,3.71倍,1.50%
20261008,478,九州ＦＧ,7180,東P,,"1,682.0",-31.5,-1.84%,"2,042",15.7倍,0.90倍,2.26%
20261008,479,十六ＦＧ,7380,東P,,"2,731",-118,-4.14%,"2,040",16.1倍,0.94倍,2.12%
20261008,480,コーテクＨＤ,3635,東P,,"1,600.0",-29.5,-1.81%,"2,035",17.3倍,1.92倍,3.00%
20261008,481,小糸製,7276,東P,,"2,732.0",-20.0,-0.73%,"1,987",17.7倍,1.12倍,2.12%
20261008,482,中国電,9504,東P,,994.4,-1.6,-0.16%,"1,984",11.5倍,0.46倍,3.02%
20261008,483,ＫＤＸ不動産,8972,東Ｒ,,"139,600","-1,200",-0.85%,"1,974",17.8倍,0.88倍,6.11%
20261008,484,小林製薬,4967,東P,,"7,206",+53,+0.74%,"1,971",53.6倍,2.56倍,1.47%
20261008,485,ディーエヌエ,2432,東P,,"2,481.5",-13.5,-0.54%,"1,961",ー倍,1.05倍,ー%
20261008,486,サンケン,6707,東P,,"6,777",-313,-4.41%,"1,960",135倍,1.14倍,ー%
20261008,487,オープンＨ,3288,東P,,"7,460",+39,+0.53%,"1,944",6.91倍,1.40倍,2.75%
20261008,488,吉野家ＨＤ,9861,東P,,"3,747",+19,+0.51%,"1,934",40.3倍,3.49倍,0.64%
20261008,489,ヨネックス,7906,東S,,"2,361",-29,-1.21%,"1,931",14.2倍,2.37倍,1.19%
20261008,490,都市ファンド,8953,東Ｒ,,"102,800",-700,-0.68%,"1,924",16.5倍,1.13倍,5.80%
20261008,491,ＧＭＯ,9449,東P,,"3,878",-44,-1.12%,"1,924",ー倍,2.31倍,ー%
20261008,492,牧野フ,6135,東P,,"3,285",-100,-2.95%,"1,923",17.8倍,1.47倍,2.07%
20261008,493,百五銀,8368,東P,,"2,512",-128,-4.85%,"1,922",21.0倍,1.16倍,1.67%
20261008,494,メイテックＧ,9744,東P,,"3,244.0",+34.0,+1.06%,"1,920",18.0倍,5.68倍,5.58%
20261008,495,長瀬産,8012,東P,,"1,199.0",+8.5,+0.71%,"1,905",14.1倍,1.09倍,2.25%
20261008,496,アズジェント,4288,東S,,614,+61,+11.03%,"1,899",46.9倍,5.25倍,ー%
20261008,497,日精機,7287,東S,,"2,608",-217,-7.68%,"1,899",14.1倍,0.60倍,3.45%
20261008,498,近鉄ＧＨＤ,9041,東P,,"3,437.0",+24.0,+0.70%,"1,895",13.9倍,1.05倍,2.04%
20261008,499,洋缶ＨＤ,5901,東P,,"4,350",-87,-1.96%,"1,894",20.7倍,0.92倍,4.28%
20261008,500,大同特鋼,5471,東P,,"2,452.5",-108.0,-4.22%,"1,881",17.8倍,1.01倍,2.12%
20261008,501,森永乳,2264,東P,,"1,046.0",-15.0,-1.41%,"1,879",16.1倍,1.22倍,2.39%
20261008,502,ホテルリート,8985,東Ｒ,,"78,600",-900,-1.13%,"1,874",8.91倍,1.36倍,7.39%
20261008,503,インフォＭＴ,2492,東P,,715,-17,-2.32%,"1,873",61.5倍,6.34倍,0.92%
20261008,504,日本オラクル,4716,東S,,"9,856",-24,-0.24%,"1,864",ー倍,11.2倍,ー%
20261008,505,ネクステージ,3186,東P,,"2,632",0,0.00%,"1,861",12.1倍,2.30倍,1.90%
20261008,506,北洋銀,8524,東P,,"1,303",-52,-3.84%,"1,853",16.6倍,1.24倍,2.46%
20261008,507,サッポロ,2501,東P,,"1,821.0",-20.0,-1.09%,"1,846",2.40倍,1.38倍,2.20%
20261008,508,しまむら,8227,東P,,"3,282.0",+21.0,+0.64%,"1,842",14.4倍,1.35倍,2.44%
20261008,509,日清食ＨＤ,2897,東P,,"2,871.5",+16.5,+0.58%,"1,841",17.6倍,1.57倍,2.44%
20261008,510,ちゅうぎんＦ,5832,東P,,"3,683",-120,-3.16%,"1,833",14.6倍,0.97倍,2.77%
20261008,511,秋田銀,8343,東P,,"1,791",-125,-6.52%,"1,828",18.8倍,0.85倍,2.23%
20261008,512,パルＨＤ,2726,東P,,"1,425",-21,-1.45%,"1,823",13.0倍,2.90倍,2.81%
20261008,513,上組,9364,東P,,"4,677",+15,+0.32%,"1,818",16.6倍,1.17倍,4.38%
20261008,514,デンカ,4061,東P,,"3,238.0",-99.0,-2.97%,"1,816",17.5倍,0.90倍,3.09%
20261008,515,三井ハイテク,6966,東P,,920,-25,-2.65%,"1,808",11.6倍,1.35倍,2.07%
20261008,516,ショーボンド,1414,東P,,"1,204.5",-12.0,-0.99%,"1,797",15.6倍,2.26倍,3.86%
20261008,517,兼松,8020,東P,,"2,230.5",-45.5,-2.00%,"1,796",10.6倍,1.74倍,3.14%
20261008,518,クラレ,3405,東P,,"1,806.5",-16.0,-0.88%,"1,789",13.6倍,0.72倍,3.54%
20261008,519,豊和工,6203,東S,,"2,280",-42,-1.81%,"1,787",25.4倍,1.23倍,0.88%
20261008,520,東京センチュ,8439,東P,,"2,551.0",-46.5,-1.79%,"1,777",10.1倍,1.08倍,3.53%
20261008,521,山九,9065,東P,,"1,587.0",+5.0,+0.32%,"1,764",12.1倍,1.30倍,3.33%
20261008,522,北海電,9509,東P,,"1,087.0",+0.5,+0.05%,"1,758",7.07倍,0.55倍,3.04%
20261008,523,大垣共立,8361,東P,,"1,818",-53,-2.83%,"1,757",18.1倍,0.89倍,1.65%
20261008,524,ジィ・シィ,4073,東G,,771,-130,-14.43%,"1,756",29.5倍,5.57倍,ー%
20261008,525,四国化ＨＤ,4099,東P,,"2,550",-99,-3.74%,"1,753",17.5倍,2.16倍,1.57%
20261008,526,トリケミカル,4369,東P,,"3,405",-55,-1.59%,"1,753",16.8倍,2.89倍,1.03%
20261008,527,四国電,9507,東P,,"2,122.0",-4.0,-0.19%,"1,750",14.3倍,0.88倍,2.59%
20261008,528,エアウォータ,4088,東P,,"2,834",-17,-0.60%,"1,740",23.2倍,1.67倍,ー%
20261008,529,ホシザキ,6465,東P,,"5,218",-54,-1.02%,"1,739",19.0倍,1.82倍,2.20%
20261008,530,日経高配５０,1489,東Ｅ,,"3,449",-24,-0.69%,"1,730",ー倍,ー倍,ー%
20261008,531,ジャパンエン,6016,東S,,"11,730",-770,-6.16%,"1,719",19.6倍,5.12倍,0.85%
20261008,532,パーソルＨＤ,2181,東P,,280.2,+1.5,+0.54%,"1,709",14.1倍,2.84倍,4.64%
20261008,533,ダイセル,4202,東P,,"1,440.0",-20.5,-1.40%,"1,705",11.5倍,1.00倍,4.86%
20261008,534,安藤ハザマ,1719,東P,,"1,715.0",-33.5,-1.92%,"1,704",12.1倍,1.25倍,4.90%
20261008,535,タムロン,7740,東P,,"1,510",-40,-2.58%,"1,694",17.8倍,2.73倍,3.38%
20261008,536,ＳＧＨＤ,9143,東P,,"1,441.5",+6.0,+0.42%,"1,692",14.3倍,1.58倍,3.75%
20261008,537,ショーケース,3909,東S,,309,+61,+24.60%,"1,690",24.1倍,1.59倍,ー%
20261008,538,岩手銀,8345,東P,,"2,489",-195,-7.27%,"1,677",17.2倍,0.86倍,2.33%
20261008,539,トクヤマ,4043,東P,,"4,065",-119,-2.84%,"1,677",11.3倍,1.02倍,3.25%
20261008,540,伊勢化,4107,東S,,"3,725",-200,-5.10%,"1,670",35.2倍,4.53倍,1.07%
20261008,541,ケーズＨＤ,8282,東P,,"1,645.0",-37.5,-2.23%,"1,669",12.7倍,1.00倍,2.92%
20261008,542,ウインテスト,6721,東S,,78,+13,+20.00%,"1,663",88.6倍,12.6倍,ー%
20261008,543,ＴＢＳＨＤ,9401,東P,,"5,901",+32,+0.55%,"1,660",18.5倍,0.56倍,1.69%
20261008,544,東武,9001,東P,,"2,765.5",+1.0,+0.04%,"1,655",9.66倍,0.86倍,2.71%
20261008,545,ＧＬＰ,3281,東Ｒ,,"127,500",-700,-0.55%,"1,653",19.7倍,1.35倍,5.69%
20261008,546,マブチ,6592,東P,,"1,760.5",-25.0,-1.40%,"1,638",18.6倍,1.20倍,3.98%
20261008,547,ＰＩＬＬＡＲ,6490,東P,,"12,230",-240,-1.92%,"1,630",20.0倍,3.34倍,2.00%
20261008,548,ハピネット,7552,東P,,"5,210",+110,+2.16%,"1,630",21.5倍,3.84倍,ー%
20261008,549,日触媒,4114,東P,,"2,522.0",-23.5,-0.92%,"1,630",18.2倍,0.93倍,5.55%
20261008,550,クスリアオキ,3549,東S,,"4,116",0,0.00%,"1,625",20.6倍,2.69倍,1.55%
20261008,551,武蔵精密,7220,東P,,"3,020",-70,-2.27%,"1,621",30.5倍,1.58倍,1.32%
20261008,552,ＴＰＸブル,1568,東Ｅ,,"1,010.5",-33.0,-3.16%,"1,618",ー倍,ー倍,ー%
20261008,553,長谷工,1808,東P,,"2,550.0",-23.0,-0.89%,"1,604",10.2倍,1.19倍,3.92%
20261008,554,レンゴー,3941,東P,,"1,490.0",-35.5,-2.33%,"1,604",11.5倍,0.71倍,3.36%
20261008,555,サンエー,2659,東P,,"3,075",-60,-1.91%,"1,603",16.5倍,1.23倍,3.58%
20261008,556,野村マイクロ,6254,東P,,"3,685",-115,-3.03%,"1,589",12.8倍,3.75倍,2.31%
20261008,557,Ｆスターズ,3687,東P,,"2,163",-78,-3.48%,"1,585",35.8倍,7.68倍,0.88%
20261008,558,フリー,4478,東G,,"3,530",+20,+0.57%,"1,582",ー倍,9.92倍,ー%
20261008,559,大倉工,4221,東P,,"5,440",-40,-0.73%,"1,570",10.7倍,0.94倍,4.41%
20261008,560,カナデビア,7004,東P,,"1,112",-50,-4.30%,"1,550",8.91倍,0.95倍,3.42%
20261008,561,マネックスＧ,8698,東P,,661,-24,-3.50%,"1,547",ー倍,1.28倍,4.66%
20261008,562,ｉＳＴＰＸ,1475,東Ｅ,,423.7,-6.7,-1.56%,"1,542",ー倍,ー倍,ー%
20261008,563,サイバトラス,4498,東G,,"1,272",+8,+0.63%,"1,539",16.9倍,2.79倍,1.10%
20261008,564,ＵＢＥ,4208,東P,,"3,339.0",-70.0,-2.05%,"1,534",13.2倍,0.74倍,4.79%
20261008,565,プロロジスＲ,3283,東Ｒ,,"79,300",-500,-0.63%,"1,521",20.9倍,1.33倍,4.97%
20261008,566,メガチップス,6875,東P,,"10,930",-340,-3.02%,"1,517",4.52倍,0.44倍,2.38%
20261008,567,エクシオＧ,1951,東P,,"2,516.5",-27.0,-1.06%,"1,501",14.4倍,1.49倍,3.18%
20261008,568,ＡＲＥＨＤ,5857,東P,,"3,440",-85,-2.41%,"1,493",10.2倍,1.31倍,3.92%
20261008,569,トリドール,3397,東P,,"4,216",+29,+0.69%,"1,489",53.0倍,3.88倍,0.28%
20261008,570,四国銀,8387,東P,,"4,335",-365,-7.77%,"1,485",20.7倍,0.92倍,1.98%
20261008,571,日清粉Ｇ,2002,東P,,"1,982.5",+11.5,+0.58%,"1,480",13.5倍,1.07倍,3.28%
20261008,572,エスエムエス,2175,東P,,"2,576",-62,-2.35%,"1,465",34.3倍,7.54倍,1.18%
20261008,573,セグエＧ,3968,東P,,780,+25,+3.31%,"1,465",17.8倍,3.77倍,2.31%
20261008,574,岩谷産,8088,東P,,"1,952.5",-45.5,-2.28%,"1,463",9.88倍,0.94倍,2.41%
20261008,575,ニフコ,7988,東P,,"2,472.5",+22.0,+0.90%,"1,453",12.5倍,1.42倍,2.26%
20261008,576,エンプラス,6961,東P,,"11,110",-660,-5.61%,"1,453",20.1倍,1.56倍,0.81%
20261008,577,コーセーＨＤ,4922,東P,,"5,437",+4,+0.07%,"1,450",25.5倍,1.08倍,2.76%
20261008,578,京王,9008,東P,,746.9,-0.7,-0.09%,"1,443",10.1倍,0.95倍,2.95%
20261008,579,セブン銀,8410,東P,,340.3,-0.3,-0.09%,"1,428",19.9倍,1.42倍,3.23%
20261008,580,ＡＬＳＯＫ,2331,東P,,"1,153.0",+2.5,+0.22%,"1,424",14.8倍,1.43倍,2.86%
20261008,581,ｉＦ日本配当,435A,東Ｅ,,"2,692",-19,-0.70%,"1,421",ー倍,ー倍,ー%
20261008,582,カウリス,153A,東G,Ｓ,"2,767",+500,+22.06%,"1,418",51.1倍,11.6倍,0.20%
20261008,583,ＳＡＮＫＹＯ,6417,東P,,"2,045.5",-4.0,-0.20%,"1,418",10.1倍,1.63倍,4.89%
20261008,584,三菱倉,9301,東P,,"1,460.5",+9.0,+0.62%,"1,416",21.5倍,1.30倍,3.01%
20261008,585,三機工,1961,東P,,"2,583",-40,-1.52%,"1,411",15.0倍,3.33倍,2.52%
20261008,586,ニッコンＨＤ,9072,東P,,"4,486",-134,-2.90%,"1,400",25.0倍,2.22倍,2.50%
20261008,587,野村マスター,3462,東Ｒ,,"134,300",-200,-0.15%,"1,398",20.7倍,1.04倍,5.50%
20261008,588,テクニスコ,2962,東S,,"2,443",-317,-11.49%,"1,396",112倍,12.7倍,ー%
20261008,589,ノースサンド,446A,東G,,"2,513",-79,-3.05%,"1,394",25.4倍,9.01倍,1.39%
20261008,590,サンバイオ,4592,東G,,869,-51,-5.54%,"1,393",ー倍,5.92倍,ー%
20261008,591,スカイフォル,625A,東G,,"1,658",+18,+1.10%,"1,387",15.0倍,4.57倍,ー%
20261008,592,クラフティア,1959,東P,,"7,763",-221,-2.77%,"1,384",13.6倍,1.58倍,2.83%
20261008,593,大阪ソーダ,4046,東P,,"2,124",-46,-2.12%,"1,376",17.3倍,1.96倍,1.41%
20261008,594,福井銀,8362,東P,,"7,780",-630,-7.49%,"1,371",20.5倍,1.14倍,1.93%
20261008,595,ライフコーポ,8194,東P,,"2,479",-80,-3.13%,"1,370",11.3倍,1.33倍,2.82%
20261008,596,サイバーセキ,4493,東G,Ｓ,"3,360",+502,+17.56%,"1,368",39.1倍,7.45倍,0.18%
20261008,597,関電化,4047,東P,,"2,437",-77,-3.06%,"1,362",18.4倍,1.84倍,1.48%
20261008,598,ＯＳＧ,6136,東P,,"3,663",-110,-2.92%,"1,359",14.3倍,1.57倍,3.14%
20261008,599,わらべ日洋,2918,東P,,"2,510",-103,-3.94%,"1,358",12.5倍,0.71倍,4.78%
20261008,600,ハウスリート,8984,東Ｒ,,"107,700",-700,-0.65%,"1,357",20.4倍,0.99倍,5.70%
20261008,601,キヤノンＭＪ,8060,東P,,"3,784",+31,+0.83%,"1,350",17.7倍,2.00倍,2.51%
20261008,602,グリコ,2206,東P,,"4,993",-28,-0.56%,"1,346",33.0倍,1.10倍,1.90%
20261008,603,湖北工業,6524,東S,,"5,770",-150,-2.53%,"1,341",32.4倍,5.86倍,0.69%
20261008,604,日本Ｍ＆Ａ,2127,東P,,616.5,-4.2,-0.68%,"1,329",14.6倍,4.11倍,4.70%
20261008,605,Ｖテク,7717,東P,,"6,740",-180,-2.60%,"1,325",21.3倍,1.71倍,1.19%
20261008,606,ヒュマメイド,456A,東G,,"2,024",-25,-1.22%,"1,322",50.2倍,13.7倍,ー%
20261008,607,上場日経２倍,1358,東Ｅ,,"145,100","-4,250",-2.85%,"1,320",ー倍,ー倍,ー%
20261008,608,Ｊトラスト,8508,東S,,775,-13,-1.65%,"1,315",12.4倍,0.62倍,2.19%
20261008,609,テクノ菱和,1965,東S,,"2,183",-191,-8.05%,"1,310",11.4倍,1.99倍,2.72%
20261008,610,芙蓉リース,8424,東P,,"4,175",-50,-1.18%,"1,305",7.85倍,0.74倍,4.12%
20261008,611,Ｊマテリアル,6055,東P,,"2,383",-19,-0.79%,"1,292",22.7倍,3.89倍,1.47%
20261008,612,住友大阪,5232,東P,,"1,802.5",-111.0,-5.80%,"1,291",17.2倍,0.88倍,2.22%
20261008,613,日証金,8511,東P,,"2,216",-53,-2.34%,"1,290",16.2倍,1.27倍,4.24%
20261008,614,日本新薬,4516,東P,,"3,368.0",+1.0,+0.03%,"1,286",7.49倍,0.77倍,3.68%
20261008,615,カドカワ,9468,東P,,"3,632.0",+19.0,+0.53%,"1,285",534倍,2.27倍,0.83%
20261008,616,岡本硝子,7746,東S,,920,+9,+0.99%,"1,284",379倍,11.2倍,ー%
20261008,617,ＢＢＳｅｃ,4398,東S,Ｓ,"2,822",+500,+21.53%,"1,282",26.5倍,5.14倍,0.60%
20261008,618,オークマ,6103,東P,,"4,700",-225,-4.57%,"1,282",13.7倍,1.09倍,2.55%
20261008,619,アイスペース,9348,東G,,377,-19,-4.80%,"1,282",ー倍,6.45倍,ー%
20261008,620,ｉＦ日経年１,1320,東Ｅ,,"71,770","-1,040",-1.43%,"1,281",ー倍,ー倍,ー%
20261008,621,ユナイテッド,8960,東Ｒ,,"150,300",-200,-0.13%,"1,274",16.3倍,1.25倍,6.17%
20261008,622,ピジョン,7956,東P,,"2,067.5",-16.5,-0.79%,"1,268",27.0倍,2.89倍,3.68%
20261008,623,ニプロ,8086,東P,,"1,330.5",-16.5,-1.22%,"1,268",14.7倍,0.78倍,2.41%
20261008,624,日機装,6376,東P,,"3,680",-195,-5.03%,"1,255",15.2倍,1.40倍,1.63%
20261008,625,スタンレー,6923,東P,,"3,503.0",-22.0,-0.62%,"1,254",12.7倍,0.94倍,3.17%
20261008,626,熊谷組,1861,東P,,"1,193",-24,-1.97%,"1,244",9.94倍,1.10倍,4.19%
20261008,627,日化薬,4272,東P,,"2,113.5",-25.0,-1.17%,"1,244",13.3倍,1.07倍,3.12%
20261008,628,日ガス,8174,東P,,925.6,-10.5,-1.12%,"1,243",21.1倍,4.60倍,3.98%
20261008,629,ＯＢＣ,4733,東P,,"8,513",+111,+1.32%,"1,241",33.1倍,3.79倍,1.53%
20261008,630,ウシオ電,6925,東P,,"4,155",-133,-3.10%,"1,240",31.4倍,1.48倍,1.68%
20261008,631,ツムラ,4540,東P,,"3,745",-4,-0.11%,"1,238",10.7倍,0.85倍,4.22%
20261008,632,京葉銀,8544,東P,,"2,857",-99,-3.35%,"1,236",17.4倍,1.02倍,2.31%
20261008,633,京急,9006,東P,,"1,516.5",+5.0,+0.33%,"1,233",13.2倍,1.05倍,3.03%
20261008,634,ミライトワン,1417,東P,,"3,334.0",-69.0,-2.03%,"1,232",11.4倍,1.05倍,2.85%
20261008,635,戸田建,1860,東P,,"1,334.0",-31.0,-2.27%,"1,232",11.3倍,0.82倍,4.50%
20261008,636,北川精機,6327,東S,,"3,090",-370,-10.69%,"1,230",31.2倍,4.00倍,0.81%
20261008,637,三浦工,6005,東P,,"2,994.0",-37.0,-1.22%,"1,229",12.2倍,1.41倍,2.47%
20261008,638,リログループ,8876,東P,,"2,394.0",+24.0,+1.01%,"1,223",16.1倍,4.61倍,3.13%
20261008,639,エクセディ,7278,東P,,"5,730",-50,-0.87%,"1,223",14.6倍,1.07倍,6.11%
20261008,640,ＮＡＮＫＡＩ,9044,東P,,"3,069.0",+54.0,+1.79%,"1,218",14.0倍,0.97倍,1.79%
20261008,641,イオンＦＳ,8570,東P,,"1,466.0",-34.5,-2.30%,"1,208",21.1倍,0.68倍,3.62%
20261008,642,古河機金,5715,東P,,"3,835",-170,-4.24%,"1,203",8.40倍,0.76倍,2.09%
20261008,643,栃木銀,8550,東P,,"1,126",-55,-4.66%,"1,193",13.0倍,0.71倍,2.66%
20261008,644,百十四,8386,東P,,"3,105",-135,-4.17%,"1,190",16.7倍,0.90倍,2.25%
20261008,645,ＫＯＡ,6999,東P,,"2,412",-100,-3.98%,"1,183",11.6倍,0.98倍,2.61%
20261008,646,松井,8628,東P,,"1,110",-20,-1.77%,"1,179",ー倍,3.52倍,ー%
20261008,647,平田機工,6258,東P,,"3,925",-145,-3.56%,"1,179",18.5倍,1.54倍,1.91%
20261008,648,プロクレＨＤ,7384,東P,,"5,490",-340,-5.83%,"1,177",22.2倍,0.91倍,1.82%
20261008,649,ＧＸ２２５,632A,東Ｅ,,"69,510","-1,060",-1.50%,"1,177",ー倍,ー倍,ー%
20261008,650,名鉄,9048,東P,,"1,839.0",-4.5,-0.24%,"1,173",9.25倍,0.73倍,3.26%
20261008,651,阪和興,8078,東P,,"1,841",0,0.00%,"1,164",8.83倍,0.81倍,3.59%
20261008,652,Ｈ２Ｏリテイ,8242,東P,,"2,790.0",-22.5,-0.80%,"1,164",13.5倍,1.03倍,1.72%
20261008,653,ＧＸ半導体,2243,東Ｅ,,"4,860",-89,-1.80%,"1,161",ー倍,ー倍,ー%
20261008,654,相鉄ＨＤ,9003,東P,,"2,502.0",-1.0,-0.04%,"1,161",10.9倍,1.15倍,2.80%
20261008,655,ハートシード,219A,東G,,"2,650",-83,-3.04%,"1,159",ー倍,9.12倍,ー%
20261008,656,マルマエ,6264,東P,,"2,084",-94,-4.32%,"1,155",17.9倍,3.89倍,2.16%
20261008,657,アクセルＨＤ,402A,東G,,285,-17,-5.63%,"1,153",ー倍,2.73倍,ー%
20261008,658,アイカ,4206,東P,,"4,283",-9,-0.21%,"1,151",13.9倍,1.40倍,3.36%
20261008,659,クレハ,4023,東P,,"3,910",-10,-0.26%,"1,141",19.9倍,0.88倍,5.52%
20261008,660,エスビー,2805,東S,,"6,620",-190,-2.79%,"1,141",19.8倍,1.62倍,0.91%
20261008,661,ＮＳＳＯＬ,2327,東P,,"3,872",+88,+2.33%,"1,139",21.9倍,2.56倍,2.25%
20261008,662,Ａｐｐｉｅｒ,4180,東P,,"1,324",-12,-0.90%,"1,138",32.8倍,3.39倍,0.17%
20261008,663,アドバンスＲ,3269,東Ｒ,,"133,600",0,0.00%,"1,130",23.3倍,1.55倍,4.87%
20261008,664,トムソン,6480,東P,,"1,844",-103,-5.29%,"1,126",13.4倍,1.46倍,1.74%
20261008,665,ムニノバＨＤ,547A,東P,,417,-3,-0.71%,"1,121",6.24倍,0.82倍,4.80%
20261008,666,フジミインコ,5384,東P,,"3,610",-95,-2.56%,"1,119",25.8倍,3.15倍,2.13%
20261008,667,ＯＫＩ,6703,東P,,"2,608",-142,-5.16%,"1,118",12.6倍,1.32倍,2.49%
20261008,668,産業ファンド,3249,東Ｒ,,"125,600",-800,-0.63%,"1,115",16.4倍,1.29倍,6.37%
20261008,669,帝人,3401,東P,,"1,640.5",-6.0,-0.36%,"1,113",7.04倍,0.76倍,3.05%
20261008,670,かっこ,4166,東G,,792,+57,+7.76%,"1,112",ー倍,3.54倍,ー%
20261008,671,全国保証,7164,東P,,"3,037.0",+21.0,+0.70%,"1,111",12.3倍,1.66倍,4.05%
20261008,672,ビックカメラ,3048,東P,,"1,631.5",-16.5,-1.00%,"1,110",15.2倍,1.54倍,2.64%
20261008,673,ネクセラ,4565,東P,,"1,212",-44,-3.50%,"1,110",ー倍,1.71倍,ー%
20261008,674,ダイワボウ,3107,東P,,"3,521.0",-103.0,-2.84%,"1,104",11.9倍,1.77倍,3.12%
20261008,675,エクサＷｉｚ,4259,東G,,801,-20,-2.44%,"1,103",ー倍,7.60倍,0.62%
20261008,676,アマノ,6436,東P,,"3,753",-13,-0.35%,"1,097",14.8倍,1.99倍,4.80%
20261008,677,ＮＴＮ,6472,東P,,375.0,-14.8,-3.80%,"1,096",14.9倍,0.74倍,3.47%
20261008,678,物語コーポ,3097,東P,,"5,430",+30,+0.56%,"1,094",23.8倍,4.43倍,0.85%
20261008,679,電通総研,4812,東P,,"2,866",-1,-0.03%,"1,093",31.1倍,5.31倍,0.79%
20261008,680,セイノーＨＤ,9076,東P,,"2,601.5",-3.0,-0.12%,"1,092",15.4倍,0.92倍,4.00%
20261008,681,カバー,5253,東G,,"1,530",-22,-1.42%,"1,090",19.9倍,5.61倍,ー%
20261008,682,Ａｉロボ,247A,東G,,927,+21,+2.32%,"1,086",ー倍,10.8倍,ー%
20261008,683,芝浦機,6104,東P,,"4,810",-200,-3.99%,"1,080",56.9倍,0.97倍,2.91%
20261008,684,タツモ,6266,東P,,"4,395",-75,-1.68%,"1,079",25.5倍,2.41倍,0.77%
20261008,685,奥村組,1833,東P,,"5,230",-50,-0.95%,"1,079",12.2倍,0.98倍,5.74%
20261008,686,名古屋銀,8522,東P,,"6,850",-230,-3.25%,"1,078",14.7倍,1.07倍,2.92%
20261008,687,メディパル,7459,東P,,"2,949.0",+7.5,+0.25%,"1,075",14.0倍,0.93倍,2.98%
20261008,688,ハウス食Ｇ,2810,東P,,"4,043",+12,+0.30%,"1,075",20.9倍,1.23倍,2.47%
20261008,689,テラプローブ,6627,東S,,"2,677",-28,-1.04%,"1,073",20.3倍,2.86倍,ー%
20261008,690,サムコ,6387,東P,,"9,150",-350,-3.68%,"1,071",26.8倍,4.70倍,0.82%
20261008,691,邦ガス,9533,東P,,"1,196.0",-40.5,-3.28%,"1,071",18.3倍,0.85倍,1.88%
20261008,692,カネカ,4118,東P,,"5,971",-91,-1.50%,"1,066",11.3倍,0.71倍,3.52%
20261008,693,ライオン,4912,東P,,"1,748.5",-6.0,-0.34%,"1,063",19.4倍,1.45倍,1.94%
20261008,694,フジシール,7864,東P,,"3,465",+45,+1.32%,"1,060",12.1倍,1.12倍,2.51%
20261008,695,東邦銀,8346,東P,,"1,082",-42,-3.74%,"1,055",16.9倍,1.20倍,2.40%
20261008,696,純銀信託,1542,東Ｅ,,"27,135",-700,-2.51%,"1,049",ー倍,ー倍,ー%
20261008,697,化工機,6331,東P,,"2,903",-112,-3.71%,"1,049",9.65倍,1.47倍,4.13%
20261008,698,放電精密,6469,東S,,"2,729",-244,-8.21%,"1,045",25.3倍,3.20倍,0.92%
20261008,699,オリックスＦ,8954,東Ｒ,,"89,100",-400,-0.45%,"1,039",16.8倍,1.39倍,5.50%
20261008,700,リンナイ,5947,東P,,"3,350.0",-21.0,-0.62%,"1,038",12.7倍,1.06倍,3.16%
20261008,701,紀陽銀,8370,東P,,"1,705",-45,-2.57%,"1,036",13.2倍,1.33倍,3.05%
20261008,702,三井不ロジ,3471,東Ｒ,,"96,200",-900,-0.93%,"1,032",22.1倍,0.97倍,5.45%
20261008,703,ＪＩＮＳＨＤ,3046,東P,,"5,590",-80,-1.41%,"1,028",15.1倍,3.66倍,2.06%
20261008,704,池田泉州ＨＤ,8714,東P,,"1,110",-33,-2.89%,"1,028",16.2倍,1.23倍,2.48%
20261008,705,レイヤード,634A,東S,,"2,490",-118,-4.52%,"1,023",23.3倍,11.3倍,ー%
20261008,706,Ｕｍｉｏｓ,1333,東P,,"1,192.5",-5.0,-0.42%,"1,023",11.9倍,0.73倍,3.77%
20261008,707,カカクコム,2371,東P,,"3,805",+1,+0.03%,"1,022",36.4倍,11.6倍,ー%
20261008,708,ＣＣＩＧ,7381,東P,,"1,256",-77,-5.78%,"1,020",16.2倍,1.05倍,2.39%
20261008,709,ＩＤＯＭ,7599,東P,,"1,145",-8,-0.69%,"1,018",8.10倍,1.28倍,3.71%
20261008,710,キッツ,6498,東P,,"2,008",-63,-3.04%,"1,017",13.0倍,1.41倍,3.09%
20261008,711,ＴＷＯＳＴ,7352,東G,Ｓ,362,+80,+28.37%,"1,013",37.8倍,4.34倍,0.28%
20261008,712,不二越,6474,東P,,"5,700",-210,-3.55%,"1,012",16.6倍,0.68倍,1.93%
20261008,713,ヨコオ,6800,東P,,"4,685",-155,-3.20%,"1,008",19.5倍,1.75倍,1.37%
20261008,714,山形銀,8344,東P,,"5,300",-400,-7.02%,"1,007",21.9倍,1.05倍,1.85%
20261008,715,ＪＢＣＣＨＤ,9889,東P,,"1,838",+96,+5.51%,999,18.4倍,4.51倍,3.26%
20261008,716,西川ゴム,5161,東S,,"3,400",-40,-1.16%,997,19.0倍,1.42倍,5.41%
20261008,717,筑波銀,8338,東P,,806,-26,-3.13%,997,10.0倍,0.94倍,0.62%
20261008,718,ラサールロジ,3466,東Ｒ,,"141,500","-2,400",-1.67%,993,18.5倍,1.14倍,5.71%
20261008,719,西松建,1820,東P,,"5,111",-69,-1.33%,987,9.84倍,1.05倍,4.89%
20261008,720,ウエストＨＤ,1407,東S,,"2,175",-46,-2.07%,983,13.1倍,2.46倍,3.22%
20261008,721,ＶＬＣセキュ,2467,名N,,325,+68,+26.46%,974,22.5倍,4.22倍,ー%
20261008,722,山梨銀,8360,東P,,"1,469",-56,-3.67%,972,18.0倍,0.94倍,2.22%
20261008,723,日本光電,6849,東P,,"1,604.5",-25.0,-1.53%,966,17.1倍,1.45倍,2.06%
20261008,724,Ｓ＆Ｊ,5599,東G,Ｓ,"1,675",+300,+21.82%,964,23.0倍,4.39倍,1.01%
20261008,725,アコム,8572,東S,,452.8,-3.2,-0.70%,961,11.1倍,0.99倍,4.86%
20261008,726,東海東京,8616,東P,,868,-13,-1.48%,958,ー倍,1.12倍,ー%
20261008,727,ｉＦ日経Ｗブ,1365,東Ｅ,,"4,689",-140,-2.90%,958,ー倍,ー倍,ー%
20261008,728,センコーＨＤ,9069,東P,,"2,352.0",+17.0,+0.73%,956,16.9倍,1.71倍,2.38%
20261008,729,宮崎銀,8393,東P,,"2,754",-151,-5.20%,954,15.9倍,1.00倍,2.03%
20261008,730,不二製油,2607,東P,,"4,331",-8,-0.18%,951,19.1倍,1.50倍,1.43%
20261008,731,ラサ工,4022,東P,,"2,025",-103,-4.84%,948,18.4倍,2.46倍,1.78%
20261008,732,アイピーエス,4390,東P,,"3,400",-35,-1.02%,945,10.6倍,2.21倍,1.18%
20261008,733,テレ朝ＨＤ,9409,東P,,"2,972",+20,+0.68%,944,12.0倍,0.63倍,3.36%
20261008,734,リゾートトラ,4681,東P,,"1,720.0",+5.5,+0.32%,943,17.4倍,2.24倍,2.09%
20261008,735,みずほリース,8425,東P,,"1,251",-17,-1.34%,940,6.74倍,0.78倍,4.16%
20261008,736,東京製鉄,5423,東P,,"1,624",-49,-2.93%,933,164倍,0.75倍,2.46%
20261008,737,南都銀,8367,東P,,"1,967",-55,-2.72%,930,14.0倍,1.01倍,2.85%
20261008,738,ＡＰＩ,3279,東Ｒ,,"123,400","-1,000",-0.80%,929,17.0倍,1.09倍,5.31%
20261008,739,東亜建,1885,東P,,"2,000",-61,-2.96%,928,10.7倍,1.33倍,3.85%
20261008,740,ミズノ,8022,東P,,"4,280",-50,-1.15%,927,17.1倍,1.83倍,1.54%
20261008,741,ＭＸ２２５,1346,東Ｅ,,"71,920","-1,040",-1.43%,926,ー倍,ー倍,ー%
20261008,742,サカタタネ,1377,東P,,"4,160",-5,-0.12%,925,17.5倍,0.96倍,2.16%
20261008,743,渋沢倉,9304,東P,,"1,988",-101,-4.83%,925,15.1倍,1.51倍,4.53%
20261008,744,飯田ＧＨＤ,3291,東P,,"2,136.0",+5.5,+0.26%,922,9.01倍,0.58倍,4.31%
20261008,745,北陸電,9505,東P,,"1,057.5",-7.0,-0.66%,914,8.84倍,0.47倍,2.36%
20261008,746,愛知鋼,5482,東P,,"2,818",-126,-4.28%,910,16.0倍,0.77倍,5.32%
20261008,747,ＡＣＳＬ,6232,東G,,"1,200",-50,-4.00%,910,ー倍,10.1倍,ー%
20261008,748,フィーチャ,4052,東G,,999,+28,+2.88%,909,133倍,8.04倍,ー%
20261008,749,ハンモック,173A,東G,Ｓ,"2,162",+400,+22.70%,904,15.6倍,2.92倍,3.01%
20261008,750,大分銀,8392,東P,,"3,140",-165,-4.99%,896,18.3倍,0.90倍,1.59%
20261008,751,ミナトＨＤ,6862,東S,,"4,995",-245,-4.68%,895,6.20倍,3.19倍,0.84%
20261008,752,ｉＦＦＡＮＧ,316A,東Ｅ,,"2,858",+8,+0.28%,891,ー倍,ー倍,ー%
20261008,753,日本ＣＭＫ,6958,東P,,812,-13,-1.58%,890,19.3倍,0.70倍,3.45%
20261008,754,東エレデバ,2760,東P,,"4,820",+10,+0.21%,885,15.1倍,2.66倍,2.68%
20261008,755,月島ＨＤ,6332,東P,,"2,491",-90,-3.49%,885,11.6倍,1.02倍,3.53%
20261008,756,丸一管,5463,東P,,"1,644.5",-33.5,-2.00%,884,14.1倍,1.03倍,3.16%
20261008,757,ソディック,6143,東P,,"1,711",-77,-4.31%,883,11.6倍,0.90倍,2.05%
20261008,758,ｉＳ米国株,1655,東Ｅ,,887.5,-4.9,-0.55%,881,ー倍,ー倍,ー%
20261008,759,王将フード,9936,東P,,"2,887",+23,+0.80%,877,21.4倍,2.36倍,1.94%
20261008,760,技術承継機構,319A,東G,,"23,550",-360,-1.51%,876,ー倍,19.4倍,ー%
20261008,761,愛媛銀,8541,東P,,"3,290",-230,-6.53%,865,19.8倍,0.89倍,1.46%
20261008,762,東洋炭素,5310,東P,,"7,800",-250,-3.11%,862,32.7倍,1.68倍,1.86%
20261008,763,因幡電産,9934,東P,,"3,067.0",-56.0,-1.79%,861,14.6倍,1.66倍,2.77%
20261008,764,コロワイド,7616,東P,,"2,009.5",-7.5,-0.37%,859,101倍,3.11倍,0.25%
20261008,765,積水ハウスＲ,3309,東Ｒ,,"66,200",-500,-0.75%,859,17.6倍,0.98倍,5.76%
20261008,766,アイグリッド,603A,東G,,998,-48,-4.59%,855,17.0倍,4.26倍,ー%
20261008,767,レノバ,9519,東P,,830,+2,+0.24%,854,22.1倍,0.57倍,ー%
20261008,768,極東開発,7226,東P,,"2,120",-38,-1.76%,849,16.3倍,0.73倍,5.66%
20261008,769,シンプレクス,4373,東P,,"1,147",-14,-1.21%,849,20.7倍,5.17倍,2.09%
20261008,770,エヌピーシー,6255,東G,,711,-45,-5.95%,849,18.0倍,1.40倍,1.55%
20261008,771,日本アビオ,6946,東S,,"6,780",-540,-7.38%,843,23.9倍,5.87倍,0.22%
20261008,772,ＭＸナスダク,2631,東Ｅ,,"35,130",-240,-0.68%,841,ー倍,ー倍,ー%
20261008,773,アンドＳＴ,2685,東P,,"3,040",+20,+0.66%,837,13.4倍,1.64倍,2.96%
20261008,774,タムラ,6768,東P,,937,-36,-3.70%,831,14.3倍,1.15倍,1.71%
20261008,775,サワイＧＨＤ,4887,東P,,"1,613.0",-6.5,-0.40%,831,10.0倍,1.05倍,3.47%
20261008,776,ステラファ,4888,東G,,384,-68,-15.04%,830,ー倍,4.43倍,ー%
20261008,777,グローリー,6457,東P,,"4,522",-34,-0.75%,830,11.8倍,1.09倍,3.41%
20261008,778,Ｊエレベータ,6544,東P,,"1,430.0",-45.5,-3.08%,829,31.2倍,11.2倍,ー%
20261008,779,カゴメ,2811,東P,,"2,678.5",+23.5,+0.89%,829,23.1倍,1.26倍,2.17%
20261008,780,三協立山,5932,東P,Ｓ,729,+100,+15.90%,827,22.9倍,0.25倍,3.43%
20261008,781,ゴルドウイン,8111,東P,,"2,152.5",+10.0,+0.47%,826,11.5倍,2.33倍,3.25%
20261008,782,円谷フィＨＤ,2767,東P,,"2,393",-25,-1.03%,826,9.93倍,2.44倍,5.85%
20261008,783,ＨＵグループ,4544,東P,,"3,585.0",+33.0,+0.93%,825,38.8倍,1.44倍,3.49%
20261008,784,ノジマ,7419,東P,,"1,246",0,0.00%,825,7.52倍,1.42倍,1.61%
20261008,785,大有機,4187,東P,,"4,640",-55,-1.17%,823,18.2倍,1.74倍,1.85%
20261008,786,農中日経平均,2525,東Ｅ,,"70,310",-900,-1.26%,822,ー倍,ー倍,ー%
20261008,787,ダイセキ,9793,東P,,"3,560",+10,+0.28%,815,15.0倍,1.96倍,2.42%
20261008,788,ＧＲＣＳ,9250,東G,,"1,597",+257,+19.18%,814,35.7倍,-82倍,ー%
20261008,789,山岡家,3399,東S,,"4,380",+140,+3.30%,808,23.6倍,7.81倍,0.68%
20261008,790,オプトラン,6235,東P,,"2,755",-97,-3.40%,796,19.6倍,1.17倍,2.03%
20261008,791,森永,2201,東P,,"2,368.5",+2.5,+0.11%,795,12.1倍,1.38倍,2.96%
20261008,792,武蔵銀,8336,東P,,"2,842",-94,-3.20%,793,14.1倍,1.00倍,2.89%
20261008,793,西鉄,9031,東P,,"2,787.5",-26.0,-0.92%,793,9.36倍,0.72倍,3.23%
20261008,794,３ＤＭ,7777,東G,,400,-19,-4.53%,789,32.2倍,7.37倍,ー%
20261008,795,バイセル,7685,東G,,"2,731",-34,-1.23%,788,17.2倍,6.37倍,0.99%
20261008,796,ＪＭＤＣ,4483,東P,,"3,660",-30,-0.81%,783,33.7倍,2.88倍,ー%
20261008,797,スズケン,9987,東P,,"2,590.5",-9.5,-0.37%,783,13.8倍,0.83倍,2.32%
20261008,798,平和不,8803,東P,,"2,200",-15,-0.68%,781,12.6倍,1.18倍,4.68%
20261008,799,ＧＸ半導１０,282A,東Ｅ,,"2,612",-38,-1.43%,778,ー倍,ー倍,ー%
20261008,800,東洋合成,4970,東S,,"10,620",-410,-3.72%,776,22.2倍,2.92倍,0.47%
20261008,801,京阪ＨＤ,9045,東P,,"3,124.0",+9.0,+0.29%,776,10.9倍,0.92倍,2.75%
20261008,802,東光高岳,6617,東P,,"7,440",-350,-4.49%,774,11.5倍,1.62倍,1.80%
20261008,803,加賀電子,8154,東P,,"5,310",-150,-2.75%,773,8.73倍,1.32倍,3.01%
20261008,804,アリアケ,2815,東P,,"5,130",+10,+0.20%,772,16.8倍,1.22倍,5.85%
20261008,805,三井倉ＨＤ,9302,東P,,"3,294.0",+23.0,+0.70%,771,19.7倍,1.81倍,1.52%
20261008,806,大栄環境,9336,東P,,"3,680",-25,-0.67%,767,22.4倍,3.31倍,1.49%
20261008,807,ノーリツ鋼機,7744,東P,,"2,039",+19,+0.94%,766,12.9倍,0.93倍,3.68%
20261008,808,エスペック,6859,東P,,"4,390",-70,-1.57%,765,15.5倍,1.53倍,2.62%
20261008,809,エディオン,2730,東P,,"2,329",-57,-2.39%,763,15.7倍,1.03倍,2.15%
20261008,810,フォスター,6794,東P,,"3,540",+35,+1.00%,762,15.9倍,1.18倍,3.25%
20261008,811,カルビー,2229,東P,,"3,040.0",+3.0,+0.10%,759,21.3倍,1.78倍,2.27%
20261008,812,ＷＮＩウェザ,4825,東P,,"1,947",-13,-0.66%,757,22.5倍,3.99倍,2.57%
20261008,813,助川電気,7711,東S,,"4,830",-320,-6.21%,755,29.5倍,4.77倍,1.08%
20261008,814,大和証券リビ,8986,東Ｒ,,"84,700",-400,-0.47%,754,17.1倍,1.07倍,5.93%
20261008,815,ＭＩＸＩ,2121,東P,,"3,695",0,0.00%,754,9.65倍,1.28倍,4.19%
20261008,816,稀元素,4082,東P,,"2,082",-68,-3.16%,753,33.5倍,1.29倍,1.44%
20261008,817,エニーカラー,5032,東P,,"3,035",-5,-0.16%,750,13.9倍,6.26倍,2.04%
20261008,818,ＦＰＧ,7148,東P,,"1,599",-1,-0.06%,742,8.63倍,2.23倍,5.80%
20261008,819,Ｌドリンク,2585,東P,,"1,282",-49,-3.68%,740,15.9倍,3.94倍,1.17%
20261008,820,アスタリスク,6522,東G,,"1,046",-122,-10.45%,738,ー倍,5.07倍,ー%
20261008,821,ベクトル,6058,東P,,"1,924",-58,-2.93%,737,16.4倍,4.12倍,1.87%
20261008,822,伊藤園,2593,東P,,"3,089.0",-2.0,-0.06%,736,32.4倍,2.02倍,1.68%
20261008,823,金先物Ｗブル,2036,東EN,,"139,850","-2,350",-1.65%,733,ー倍,ー倍,ー%
20261008,824,ＧＸＮデカバ,563A,東Ｅ,,"1,075",-15,-1.38%,731,ー倍,ー倍,ー%
20261008,825,ジャックス,8584,東P,,"3,430",0,0.00%,724,15.4倍,0.51倍,5.83%
20261008,826,森ヒルズＲ,3234,東Ｒ,,"118,000",-300,-0.25%,724,20.0倍,1.10倍,5.25%
20261008,827,ＮＳＤ,9759,東P,,"2,971.5",+21.0,+0.71%,722,16.8倍,3.27倍,3.37%
20261008,828,ＦＩＧ,4392,東P,,853,-44,-4.91%,718,44.1倍,2.65倍,1.17%
20261008,829,東映,9605,東P,,"5,770",-30,-0.52%,717,28.6倍,1.22倍,0.21%
20261008,830,三十三ＦＧ,7322,東P,,"2,150",-97,-4.32%,714,13.1倍,0.96倍,2.33%
20261008,831,第一興商,7458,東P,,"1,720.0",-17.0,-0.98%,712,14.1倍,1.44倍,3.95%
20261008,832,コンフォリア,3282,東Ｒ,,"90,300",-700,-0.77%,712,20.1倍,1.36倍,4.74%
20261008,833,トヨタ紡織,3116,東P,,"2,149.5",-18.5,-0.85%,709,8.35倍,0.78倍,4.00%
20261008,834,富山第一銀,7184,東P,,"3,625",-140,-3.72%,709,17.0倍,1.14倍,2.07%
20261008,835,日本コークス,3315,東P,,93,-1,-1.06%,707,54.1倍,0.80倍,ー%
20261008,836,ＪＡＦＣＯ,8595,東P,,"2,215.0",+6.0,+0.27%,706,ー倍,0.87倍,6.00%
20261008,837,アルフレッサ,2784,東P,,"2,226.0",-13.5,-0.60%,706,18.8倍,0.80倍,3.19%
20261008,838,大和オフィス,8976,東Ｒ,,"291,700",-400,-0.14%,705,20.8倍,1.12倍,4.92%
20261008,839,乃村工芸社,9716,東P,,"1,176",-19,-1.59%,705,14.2倍,2.16倍,3.74%
20261008,840,富士急,9010,東P,,"2,654",+54,+2.08%,704,24.5倍,3.37倍,1.24%
20261008,841,クリレスＨＤ,3387,東P,,785,+6,+0.77%,698,62.1倍,7.79倍,0.64%
20261008,842,ＲｅＹｕｕ,9425,東S,,263,+1,+0.38%,697,ー倍,1.51倍,ー%
20261008,843,平和ＨＤ,6412,東P,,"2,039",+17,+0.84%,697,9.91倍,0.80倍,3.92%
20261008,844,大気社,1979,東P,,"3,745",-75,-1.96%,696,13.0倍,1.34倍,3.18%
20261008,845,おきなわＦＧ,7350,東P,,"7,520",-220,-2.84%,694,13.4倍,0.97倍,2.66%
20261008,846,日本ロジ,8967,東Ｒ,,"87,100",-100,-0.11%,693,20.2倍,1.69倍,5.05%
20261008,847,東洋紡,3101,東P,,"1,640",-25,-1.50%,691,20.7倍,0.68倍,2.44%
20261008,848,クオリプス,4894,東G,,"6,050",-250,-3.97%,689,ー倍,12.3倍,ー%
20261008,849,メドレー,4480,東P,,"2,412",+8,+0.33%,689,40.5倍,4.87倍,0.75%
20261008,850,レスター,3156,東P,,"6,220",-90,-1.43%,686,13.0倍,1.79倍,2.33%
20261008,851,いちごオフィ,8975,東Ｒ,,"89,600","-1,000",-1.10%,685,6.15倍,1.31倍,16.3%
20261008,852,ミラースＲ,3492,東Ｒ,,"76,500",-300,-0.39%,681,15.3倍,0.86倍,7.06%
20261008,853,シェアテク,3989,東G,,"1,546",-1,-0.06%,681,14.8倍,6.56倍,1.78%
20261008,854,オカムラ,7994,東P,,"2,166",-8,-0.37%,678,9.72倍,1.00倍,4.85%
20261008,855,ギフトＨＤ,9279,東P,,"2,097",-56,-2.60%,677,27.9倍,6.70倍,0.69%
20261008,856,パイロット,7846,東P,,"2,133.0",+14.0,+0.66%,676,14.9倍,1.54倍,2.11%
20261008,857,松田産業,7456,東P,,"6,410",-290,-4.33%,675,8.04倍,1.32倍,1.87%
20261008,858,平和不リート,8966,東Ｒ,,"123,400",-600,-0.48%,672,23.8倍,1.23倍,6.53%
20261008,859,ＡＤプラズマ,6668,東S,,"4,660",-280,-5.67%,672,21.5倍,2.72倍,0.64%
20261008,860,博報堂ＤＹ,2433,東P,,"1,295.5",+8.0,+0.62%,669,17.9倍,1.21倍,2.47%
20261008,861,東亜道,1882,東P,,"1,537",-7,-0.45%,668,17.0倍,1.39倍,5.86%
20261008,862,Ｊプライム,8955,東Ｒ,,"87,900",-600,-0.68%,667,22.2倍,1.24倍,4.89%
20261008,863,セキュアヴェ,3042,東S,Ｓ,533,+80,+17.66%,666,41.4倍,3.30倍,0.56%
20261008,864,エルテス,3967,東G,,751,+53,+7.59%,666,25.8倍,2.62倍,ー%
20261008,865,トモニＨＤ,8600,東P,,"1,146",-48,-4.02%,659,12.3倍,0.73倍,2.62%
20261008,866,岡三,8609,東P,,"1,196",-28,-2.29%,658,ー倍,1.02倍,ー%
20261008,867,フジボウＨＤ,3104,東P,,"3,625",-90,-2.42%,655,18.0倍,2.33倍,2.32%
20261008,868,ファルコム,3723,東G,,"2,533",-67,-2.58%,654,13.2倍,2.28倍,2.37%
20261008,869,セーレン,3569,東P,,"3,440",-25,-0.72%,653,12.8倍,1.21倍,2.21%
20261008,870,ブシロード,7803,東G,,474,+11,+2.38%,652,15.1倍,2.21倍,0.63%
20261008,871,ドトル日レス,3087,東P,,"3,100",-45,-1.43%,652,17.3倍,1.22倍,1.94%
20261008,872,ペプドリ,4587,東P,,"1,052.5",-8.0,-0.75%,651,45.1倍,2.79倍,ー%
20261008,873,オリコ,8585,東P,,777,-5,-0.64%,649,10.2倍,0.54倍,5.15%
20261008,874,Ｊｏｓｈｉｎ,8173,東P,,"4,285",+30,+0.71%,646,31.7倍,1.04倍,2.33%
20261008,875,メタウォータ,9551,東P,,"3,155",-35,-1.10%,646,13.8倍,1.57倍,2.54%
20261008,876,ＭＸＪリート,1597,東Ｅ,,"1,695",-12,-0.70%,645,ー倍,ー倍,ー%
20261008,877,タダノ,6395,東P,,"1,301",-73,-5.31%,643,11.8倍,0.76倍,2.61%
20261008,878,イオンリート,3292,東Ｒ,,"106,400",-500,-0.47%,642,18.3倍,0.92倍,5.98%
20261008,879,コンペイトウ,618A,東G,,"1,939",-111,-5.41%,636,17.0倍,14.2倍,ー%
20261008,880,泉州電,9824,東P,,"8,010",-410,-4.87%,632,14.9倍,2.18倍,2.12%
20261008,881,岡野バ,6492,東S,,"14,260","-1,130",-7.34%,632,16.4倍,1.66倍,0.56%
20261008,882,飛島ＨＤ,256A,東P,,"2,252",-16,-0.71%,629,9.01倍,0.81倍,4.88%
20261008,883,西松屋チェ,7545,東P,,"1,900",-31,-1.61%,627,13.6倍,1.13倍,1.74%
20261008,884,日軽金ＨＤ,5703,東P,,"2,739",-69,-2.46%,624,9.92倍,0.67倍,4.02%
20261008,885,トーカロ,3433,東P,,"3,050",-85,-2.71%,619,16.7倍,2.72倍,3.02%
20261008,886,グロバワン,8958,東Ｒ,,"104,300","-1,700",-1.60%,616,16.2倍,1.14倍,6.14%
20261008,887,ＵＮＥＸＴ,9418,東P,,"1,781",+6,+0.34%,616,17.4倍,3.00倍,0.95%
20261008,888,アインＨＤ,9627,東P,,"5,420",-12,-0.22%,615,12.7倍,1.21倍,1.85%
20261008,889,いちご,2337,東P,,387,+3,+0.78%,612,8.43倍,1.40倍,4.01%
20261008,890,ＤＣＭ,3050,東P,,"1,518",0,0.00%,608,11.9倍,0.71倍,3.16%
20261008,891,三井不商業,8964,東Ｒ,,"72,300",-400,-0.55%,608,16.4倍,1.11倍,6.14%
20261008,892,ワールド,3612,東P,,"1,560",+15,+0.97%,601,9.44倍,1.19倍,4.29%
20261008,893,日本紙,3863,東P,,"1,254",-14,-1.10%,601,ー倍,0.28倍,1.20%
20261008,894,高度紙,3891,東S,,"7,290",-310,-4.08%,601,18.3倍,2.84倍,1.51%
20261008,895,野村ＳＰＨ有,2634,東Ｅ,,"3,215",+1,+0.03%,593,ー倍,ー倍,ー%
20261008,896,ＩＤＥＣ,6652,東P,,"4,030",-145,-3.47%,592,13.9倍,1.63倍,3.23%
20261008,897,ミマキエンジ,6638,東P,,"2,295",+35,+1.55%,588,10.9倍,1.62倍,2.40%
20261008,898,星野Ｒリート,3287,東Ｒ,,"226,300","-1,400",-0.61%,588,16.9倍,0.91倍,5.92%
20261008,899,大同メ,7245,東P,,"1,219",-78,-6.01%,588,11.2倍,0.69倍,2.95%
20261008,900,正栄食,8079,東P,,"4,205",-55,-1.29%,585,17.4倍,1.17倍,2.14%
20261008,901,稲畑産,8098,東P,,"4,285",-70,-1.61%,582,10.9倍,0.95倍,3.34%
20261008,902,ＨＰＣシス,6597,東G,,"3,605",-270,-6.97%,582,22.5倍,5.78倍,1.00%
20261008,903,ＫＬａｂ,3656,東P,,164,-9,-5.20%,581,ー倍,1.19倍,ー%
20261008,904,サンフロ不,8934,東P,,"2,111",-78,-3.56%,580,6.94倍,0.89倍,3.79%
20261008,905,オキサイド,6521,東G,,"3,285",-165,-4.78%,579,64.0倍,7.99倍,ー%
20261008,906,ホシデン,6804,東P,,"2,383",-49,-2.01%,579,9.39倍,0.76倍,3.23%
20261008,907,三井松島ＨＤ,1518,東P,,"2,257",-18,-0.79%,578,9.72倍,1.44倍,5.76%
20261008,908,三井不アコモ,3226,東Ｒ,,"109,600",-400,-0.36%,578,20.6倍,1.80倍,4.37%
20261008,909,ｉＳＪリート,1476,東Ｅ,,"1,719",-6,-0.35%,577,ー倍,ー倍,ー%
20261008,910,やまびこ,6250,東P,,"4,275",-170,-3.82%,576,10.6倍,1.33倍,2.57%
20261008,911,フィナＨＤ,4419,東G,,"1,494",-9,-0.60%,576,33.4倍,7.00倍,ー%
20261008,912,東和薬品,4553,東P,,"3,545",-40,-1.12%,574,8.12倍,0.96倍,2.40%
20261008,913,ＧＭＯインタ,4784,東P,,497,-11,-2.17%,574,25.6倍,4.48倍,4.33%
20261008,914,東テク,9960,東P,,"4,105",-225,-5.20%,573,12.3倍,2.26倍,3.12%
20261008,915,スターマイカ,2975,東P,,"1,239",-22,-1.74%,571,7.80倍,1.14倍,4.12%
20261008,916,オンワード,8016,東P,,699,-4,-0.57%,571,8.51倍,0.99倍,5.15%
20261008,917,トーセイ,8923,東P,,"1,625",-29,-1.75%,571,9.93倍,1.40倍,3.57%
20261008,918,ＨＵＬＩＣＲ,3295,東Ｒ,,"139,000",0,0.00%,569,17.8倍,0.99倍,5.76%
20261008,919,福山運,9075,東P,,"5,880",-30,-0.51%,567,12.2倍,0.73倍,1.70%
20261008,920,三洋化,4471,東P,,"1,629",-71,-4.18%,567,13.0倍,0.88倍,3.07%
20261008,921,グンゼ,3002,東P,,"4,065",0,0.00%,567,24.5倍,1.18倍,5.31%
20261008,922,ＴＯＫＡＩ,3167,東P,,"1,315",-15,-1.13%,565,15.2倍,1.62倍,2.89%
20261008,923,ＫｅｅＰｅｒ,6036,東P,,"3,700",-35,-0.94%,562,16.2倍,4.02倍,2.70%
20261008,924,楽天Ｗベア,1459,東Ｅ,,99,+3,+3.13%,560,ー倍,ー倍,ー%
20261008,925,中電工,1941,東P,,"5,040",-60,-1.18%,559,13.6倍,1.06倍,2.78%
20261008,926,フジ,8278,東P,,"1,919",-61,-3.08%,554,23.8倍,0.73倍,1.56%
20261008,927,ヨコレイ,2874,東P,,"1,815",-40,-2.16%,553,17.0倍,1.26倍,1.49%
20261008,928,鉄建建設,1815,東P,,"2,168",-22,-1.00%,552,9.59倍,0.80倍,5.30%
20261008,929,Ｄガレージ,4819,東P,,"2,377",+12,+0.51%,551,ー倍,1.50倍,ー%
20261008,930,リョービ,5851,東P,,"2,662",-47,-1.73%,551,6.96倍,0.45倍,3.98%
20261008,931,ＴＳテック,7313,東P,,"1,751.0",-2.5,-0.14%,551,25.6倍,0.66倍,5.25%
20261008,932,北日銀,8551,東P,,"2,859",-81,-2.76%,547,15.3倍,0.72倍,2.24%
20261008,933,コシダカＨＤ,2157,東P,,984,-1,-0.10%,547,11.5倍,2.19倍,2.85%
20261008,934,クラボウ,3106,東P,,"2,496",+31,+1.26%,546,13.3倍,1.45倍,2.65%
20261008,935,モスフード,8153,東P,,"3,865",+50,+1.31%,545,33.0倍,2.03倍,0.88%
20261008,936,オークネット,3964,東P,,"1,327",-32,-2.35%,545,15.5倍,4.06倍,6.18%
20261008,937,大紀ア,5702,東P,,"1,671",-43,-2.51%,542,5.44倍,0.84倍,5.39%
20261008,938,ＴＲＥＨＤ,9247,東P,,"1,741",-71,-3.92%,541,16.4倍,0.99倍,2.87%
20261008,939,ヴレインＳ,135A,東G,,"4,830",-230,-4.55%,540,51.0倍,24.0倍,ー%
20261008,940,丹青社,9743,東P,,"1,369",-11,-0.80%,537,11.0倍,1.63倍,5.84%
20261008,941,エン,4849,東P,,"1,774",+51,+2.96%,535,12.3倍,1.95倍,3.85%
20261008,942,大平金,5541,東P,,"2,373",-109,-4.39%,535,308倍,0.67倍,5.48%
20261008,943,メニコン,7780,東P,,"1,852",+30,+1.65%,534,21.2倍,1.44倍,1.51%
20261008,944,東邦ＨＤ,8129,東P,,"3,674.0",+17.0,+0.46%,534,18.6倍,0.90倍,4.90%
20261008,945,ストライクＧ,6196,東P,,"1,398",-5,-0.36%,533,14.1倍,3.76倍,4.65%
20261008,946,テクノフレ,3449,東S,,"4,650",-100,-2.11%,533,20.8倍,3.07倍,1.38%
20261008,947,山洋電,6516,東P,,"5,560",-200,-3.47%,532,16.5倍,1.48倍,3.06%
20261008,948,日本駐車場,2353,東P,,257,0,0.00%,531,13.2倍,3.91倍,3.89%
20261008,949,オリバー,619A,東S,,313,-6,-1.88%,531,12.0倍,1.78倍,5.86%
20261008,950,テスＨＤ,5074,東P,,510,-17,-3.23%,531,20.0倍,0.69倍,1.88%
20261008,951,コメダ,3543,東P,,"2,789",-13,-0.46%,528,18.4倍,2.52倍,2.22%
20261008,952,サムティＲ,3459,東Ｒ,,"80,400",-200,-0.25%,527,16.5倍,0.81倍,6.93%
20261008,953,原油先Ｗブル,2038,東EN,,"3,373",+146,+4.52%,527,ー倍,ー倍,ー%
20261008,954,山善,8051,東P,,"1,913",-70,-3.53%,526,16.4倍,1.14倍,2.93%
20261008,955,オプティマス,9268,東S,,350,-63,-15.25%,526,7.49倍,0.56倍,5.14%
20261008,956,ハイデ日高,7611,東P,,"2,946",-26,-0.87%,525,22.8倍,3.85倍,1.90%
20261008,957,ワコールＨＤ,3591,東P,,"3,533.0",-26.0,-0.73%,523,97.1倍,0.82倍,2.83%
20261008,958,岩井コスモ,8707,東P,,"4,550",-85,-1.83%,522,ー倍,1.44倍,ー%
20261008,959,ｉＦナ百Ｗブ,2869,東Ｅ,,"3,215",-34,-1.05%,521,ー倍,ー倍,ー%
20261008,960,スターツ,8850,東P,,"4,500",-20,-0.44%,520,8.20倍,1.12倍,3.33%
20261008,961,中国塗,4617,東P,,"3,610",-45,-1.23%,519,16.3倍,1.85倍,2.77%
20261008,962,東海道リート,2989,東Ｒ,,"86,900",-300,-0.34%,519,14.4倍,0.83倍,6.97%
20261008,963,バローＨＤ,9956,東P,,"1,543",-42,-2.65%,519,10.9倍,0.95倍,2.59%
20261008,964,クミアイ化,4996,東P,,652,-5,-0.76%,518,19.6倍,0.53倍,3.68%
20261008,965,ノリタケ,5331,東P,,"3,625",-145,-3.85%,517,11.7倍,1.11倍,3.31%
20261008,966,石原産,4028,東P,,"2,777",-63,-2.22%,514,ー倍,0.83倍,4.68%
20261008,967,ｉＳゴールド,314A,東Ｅ,,308.6,-1.1,-0.36%,514,ー倍,ー倍,ー%
20261008,968,ワコム,6727,東P,,853,+1,+0.12%,514,11.3倍,3.08倍,2.81%
20261008,969,石川製,6208,東S,,"1,645",-55,-3.24%,513,16.0倍,1.67倍,1.22%
20261008,970,高砂香,4914,東P,,"1,267",-8,-0.63%,512,13.1倍,0.79倍,4.10%
20261008,971,雪印メグ,2270,東P,,"3,445",-40,-1.15%,512,8.34倍,0.84倍,2.90%
20261008,972,ライト,1926,東P,,934,-11,-1.16%,511,13.0倍,1.82倍,3.91%
20261008,973,新日本空調,1952,東P,,"3,005",-110,-3.53%,510,10.7倍,1.69倍,3.99%
20261008,974,ブルーゾーン,417A,東P,,"1,820.0",-21.0,-1.14%,510,15.4倍,1.80倍,1.76%
20261008,975,ＭＸ全世界株,2559,東Ｅ,,"2,974",-20,-0.67%,509,ー倍,ー倍,ー%
20261008,976,カヤバ,7242,東P,,"1,546",-23,-1.47%,509,11.7倍,0.80倍,3.49%
20261008,977,オプテクスＧ,6914,東P,,"3,250",-120,-3.56%,508,15.0倍,1.95倍,2.34%
20261008,978,ヘリオス,4593,東G,,300,-5,-1.64%,508,ー倍,4.64倍,ー%
20261008,979,酉島,6363,東P,,"2,874",-166,-5.46%,507,10.7倍,1.23倍,2.37%
20261008,980,東急建設,1720,東P,,"1,146",-21,-1.80%,507,11.1倍,1.10倍,3.75%
20261008,981,ＨＩＳ,9603,東P,,"1,059",+10,+0.95%,501,ー倍,1.43倍,2.36%
20261008,982,川田テク,3443,東P,,"1,310",-27,-2.02%,501,9.28倍,0.67倍,3.21%
20261008,983,上場東証指数,1308,東Ｅ,,"4,246",-70,-1.62%,498,ー倍,ー倍,ー%
20261008,984,カチタス,8919,東P,,"3,425",-25,-0.72%,495,19.2倍,5.01倍,2.63%
20261008,985,オートバクス,9832,東P,,"1,501",-7,-0.46%,494,10.5倍,0.87倍,4.00%
20261008,986,エフピコ,7947,東P,,"2,783",+7,+0.25%,491,ー倍,1.37倍,2.62%
20261008,987,ＵＴ,2146,東P,,238,-3,-1.24%,490,22.4倍,5.44倍,4.30%
20261008,988,サン電子,6736,東S,,"9,620",-190,-1.94%,489,27.3倍,4.20倍,ー%
20261008,989,コクヨ,7984,東P,,854.2,-3.2,-0.37%,487,17.4倍,1.38倍,2.87%
20261008,990,ニップン,2001,東P,,"2,783",-25,-0.89%,487,10.9倍,0.82倍,2.44%
20261008,991,壱番屋,7630,東P,,"1,027",+1,+0.10%,486,60.3倍,5.09倍,1.56%
20261008,992,リベルタ,4935,東S,,184,-22,-10.68%,485,ー倍,4.21倍,ー%
20261008,993,地主,3252,東P,,"2,656",-25,-0.93%,483,6.87倍,1.08倍,4.89%
20261008,994,シップＨＤ,3360,東P,,"2,450.0",-4.0,-0.16%,483,13.8倍,1.51倍,2.65%
20261008,995,ＤＴＳ,9682,東P,,"1,092",+3,+0.28%,482,14.4倍,2.82倍,3.48%
20261008,996,ポーラＨＤ,4927,東P,,"1,370.5",0,0.00%,481,33.7倍,1.88倍,3.79%
20261008,997,ニシオＨＤ,9699,東P,,"4,010",-145,-3.49%,480,8.98倍,0.76倍,3.29%
20261008,998,椿本チ,6371,東P,,"2,586",-62,-2.34%,479,11.9倍,0.88倍,3.09%
20261008,999,有沢製,5208,東P,,"2,857",-81,-2.76%,478,20.8倍,1.89倍,3.85%
20261008,1000,ジャスト,4686,東P,,"4,690",+75,+1.63%,477,ー倍,2.47倍,0.64%
20261008,1001,東計電算,4746,東S,,"2,034",+30,+1.50%,477,17.1倍,2.53倍,5.86%
20261008,1002,新日本建,1879,東P,,"2,112",-35,-1.63%,476,7.06倍,0.91倍,3.79%
20261008,1003,スマレジ,4431,東G,,"3,890",+55,+1.43%,474,27.0倍,7.62倍,0.75%
20261008,1004,パークシャ,3993,東P,,"3,365",-20,-0.59%,473,36.2倍,2.88倍,0.30%
20261008,1005,共栄タ,9130,東S,,"1,667",+56,+3.48%,473,3.45倍,0.46倍,2.40%
20261008,1006,アイスタイル,3660,東P,,459,-3,-0.65%,472,31.0倍,1.92倍,0.44%
20261008,1007,イリソ電子,6908,東P,,"2,764",-119,-4.13%,471,36.9倍,0.79倍,ー%
20261008,1008,ａｒｔｉｅｎ,4634,東P,,"5,010",-100,-1.96%,470,11.2倍,0.84倍,2.40%
20261008,1009,東急ＲＥ,8957,東Ｒ,,"179,400",-300,-0.17%,469,29.5倍,1.36倍,4.49%
20261008,1010,内海造,7018,東S,,"11,570",-800,-6.47%,468,19.6倍,1.37倍,0.35%
20261008,1011,ヘルスケアＭ,3455,東Ｒ,,"91,400","-1,400",-1.51%,467,12.9倍,1.08倍,7.53%
20261008,1012,セカリテ,2681,東P,,"2,079",-50,-2.35%,467,13.8倍,0.82倍,1.64%
20261008,1013,ＪＣＲファ,4552,東P,,483,+2,+0.42%,467,295倍,1.37倍,4.14%
20261008,1014,琉球銀,8399,東P,,"3,075",-110,-3.45%,467,12.6倍,0.86倍,3.19%
20261008,1015,アスクル,2678,東P,,"1,174",-1,-0.09%,465,26.3倍,2.27倍,1.70%
20261008,1016,藤田観,9722,東P,,"3,100",+10,+0.32%,465,14.9倍,4.32倍,0.65%
20261008,1017,ＴＡＢＡＹＡ,7606,東P,,"2,404",-15,-0.62%,464,10.4倍,1.54倍,4.66%
20261008,1018,ＨＩＯＫＩ,6866,東P,,"11,140",-430,-3.72%,464,19.8倍,3.26倍,2.15%
20261008,1019,荒川化,4968,東P,,"2,391",-114,-4.55%,464,21.1倍,0.73倍,2.30%
20261008,1020,Ｋ＆Ｏエナジ,1663,東P,,"1,810",-74,-3.93%,463,14.2倍,0.88倍,2.43%
20261008,1021,アトム,7412,東S,,297,-18,-5.71%,461,ー倍,16.5倍,ー%
20261008,1022,佐賀銀,8395,東P,,"6,820",-290,-4.08%,461,12.4倍,0.88倍,1.61%
20261008,1023,イエロハット,9882,東P,,"1,597",-11,-0.68%,460,10.9倍,1.08倍,4.26%
20261008,1024,ブレーキ,7238,東P,,102,-3,-2.86%,458,11.1倍,0.54倍,ー%
20261008,1025,ライフネット,7157,東P,,"1,491",-12,-0.80%,456,14.6倍,1.27倍,ー%
20261008,1026,タクマ,6013,東P,,"2,925",-80,-2.66%,456,13.6倍,1.90倍,3.69%
20261008,1027,住友倉,9303,東P,,"4,125",+15,+0.36%,456,18.1倍,0.99倍,2.50%
20261008,1028,クリエイトＳ,3148,東P,,"3,075",-15,-0.49%,456,11.7倍,1.28倍,3.12%
20261008,1029,ジェイエイシ,2124,東P,,"1,061",+16,+1.53%,455,19.3倍,7.61倍,3.58%
20261008,1030,ブックオフＧ,9278,東P,,"2,733",-147,-5.10%,455,17.1倍,2.27倍,1.46%
20261008,1031,スターアジア,3468,東Ｒ,,"52,500",-200,-0.38%,454,13.6倍,0.98倍,6.69%
20261008,1032,ＯＢＡＲＡＧ,6877,東S,,"6,380",-120,-1.85%,454,12.1倍,1.19倍,2.35%
20261008,1033,アイサンテク,4667,東S,,985,-20,-1.99%,454,28.6倍,2.49倍,1.52%
20261008,1034,八洲電機,3153,東P,,"2,954",-176,-5.62%,453,11.5倍,1.77倍,1.90%
20261008,1035,科研薬,4521,東P,,"3,740",-15,-0.40%,451,21.8倍,0.93倍,5.08%
20261008,1036,アークス,9948,東P,,"3,520",+5,+0.14%,451,15.1倍,0.96倍,2.33%
20261008,1037,ＣＡＩＣＡＤ,2315,東S,,60,-6,-9.09%,450,113倍,1.88倍,ー%
20261008,1038,森トラストＲ,8961,東Ｒ,,"66,300",-500,-0.75%,448,18.3倍,1.01倍,5.47%
20261008,1039,ＳＲＥＨＤ,2980,東P,,"2,288",-9,-0.39%,447,13.0倍,2.29倍,0.87%
20261008,1040,ＧＸＵテック,2244,東Ｅ,,"3,828",-19,-0.49%,446,ー倍,ー倍,ー%
20261008,1041,ダスキン,4665,東P,,"4,601",-38,-0.82%,445,20.5倍,1.39倍,2.93%
20261008,1042,オーディオＳ,621A,東G,,"1,308",-23,-1.73%,445,16.6倍,4.80倍,ー%
20261008,1043,Ｗｅｌｂｙ,4438,東G,,319,+42,+15.16%,444,ー倍,48.6倍,ー%
20261008,1044,ディップ,2379,東P,,"1,769",+11,+0.63%,443,19.9倍,2.66倍,5.48%
20261008,1045,ＣＲＥロジ,3487,東Ｒ,,"129,500","-1,000",-0.77%,442,19.3倍,0.97倍,5.74%
20261008,1046,ＴＳＩＨＤ,3608,東P,,"1,196",-7,-0.58%,442,8.73倍,0.72倍,5.85%
20261008,1047,ＭＸ米株ＳＰ,2558,東Ｅ,,"3,549",-20,-0.56%,442,ー倍,ー倍,ー%
20261008,1048,シリコンスタ,3907,東S,,"1,740",+31,+1.81%,441,ー倍,3.13倍,ー%
20261008,1049,ガンホー,3765,東P,,"2,338",-13,-0.55%,440,ー倍,1.07倍,ー%
20261008,1050,ディアライフ,3245,東P,,936,-4,-0.43%,439,11.4倍,1.38倍,6.84%
20261008,1051,ドウシシャ,7483,東P,,"2,986",+8,+0.27%,439,12.6倍,1.13倍,3.68%
20261008,1052,新日本科学,2395,東P,,"1,425",-14,-0.97%,439,17.0倍,1.42倍,3.51%
20261008,1053,Ｔホライゾン,6629,東S,,"1,011",-28,-2.69%,439,8.01倍,1.10倍,3.26%
20261008,1054,ダイトロン,7609,東P,,"4,570",-140,-2.97%,438,14.9倍,2.38倍,2.63%
20261008,1055,ハイレックス,7279,東S,,"2,331",-145,-5.86%,437,2.30倍,0.39倍,3.43%
20261008,1056,ホソミクロン,6277,東P,,"6,480",0,0.00%,436,29.7倍,1.32倍,2.16%
20261008,1057,タスキＨＤ,166A,東P,,970,-10,-1.02%,433,10.3倍,1.85倍,5.15%
20261008,1058,ミルボン,4919,東P,,"3,280",-40,-1.20%,433,22.5倍,2.06倍,2.68%
20261008,1059,マックス,6454,東P,,"1,895",-12,-0.63%,432,22.1倍,2.95倍,2.11%
20261008,1060,菱地所物流Ｒ,3481,東Ｒ,,"107,400",-500,-0.46%,431,19.0倍,1.02倍,5.80%
20261008,1061,旭有機材,4216,東P,,"7,250",-130,-1.76%,429,16.6倍,1.66倍,2.48%
20261008,1062,ｉＦＴＰ年１,1305,東Ｅ,,"4,350",-63,-1.43%,429,ー倍,ー倍,ー%
20261008,1063,サイボウズ,4776,東P,,"2,972",-24,-0.80%,428,18.0倍,7.64倍,1.68%
20261008,1064,東京エネシス,1945,東P,,"2,079",-27,-1.28%,424,13.3倍,0.96倍,3.70%
20261008,1065,ＡＢＥＪＡ,5574,東G,,"2,795",-105,-3.62%,424,32.9倍,5.30倍,ー%
20261008,1066,栗本鉄,5602,東P,,"1,580",-13,-0.82%,422,12.4倍,0.98倍,3.80%
20261008,1067,コジマ,7513,東P,,"1,410",-30,-2.08%,422,18.7倍,1.48倍,2.13%
20261008,1068,マニー,7730,東P,,"1,475",-6,-0.41%,421,21.4倍,2.54倍,2.78%
20261008,1069,ユアテック,1934,東P,,"2,446",-36,-1.45%,421,12.7倍,1.09倍,3.19%
20261008,1070,ヨドコウ,5451,東P,,"1,388",+12,+0.87%,419,16.9倍,1.01倍,4.47%
20261008,1071,菱鉛筆,7976,東P,,"3,490",+5,+0.14%,419,21.8倍,1.27倍,1.63%
20261008,1072,日本化,4092,東P,,"5,510",-150,-2.65%,419,10.6倍,0.85倍,4.36%
20261008,1073,マイポックス,5381,東S,,"1,188",-20,-1.66%,417,18.4倍,1.82倍,0.84%
20261008,1074,ボードルア,4413,東P,,"2,985",+15,+0.51%,417,29.7倍,11.5倍,ー%
20261008,1075,ＦＥＡＳＹ,212A,東P,,"2,788",-10,-0.36%,417,18.8倍,6.88倍,1.83%
20261008,1076,アズーム,3496,東P,,"4,455",-130,-2.84%,417,25.0倍,8.71倍,2.83%
20261008,1077,ＦＣＣ,7296,東P,,"4,085",-35,-0.85%,417,11.4倍,0.93倍,4.41%
20261008,1078,日本リート,3296,東Ｒ,,"74,900",-900,-1.19%,413,16.6倍,0.98倍,6.14%
20261008,1079,ＳＰＤＲ,1326,東Ｅ,,"59,640",-300,-0.50%,412,ー倍,ー倍,ー%
20261008,1080,ネットプロ,7383,東P,,366,-3,-0.81%,410,16.7倍,1.69倍,ー%
20261008,1081,リコーリース,8566,東P,,"6,200",-120,-1.90%,410,16.1倍,0.79倍,4.13%
20261008,1082,イオレ,2334,東G,,568,-22,-3.73%,409,19.3倍,5.51倍,ー%
20261008,1083,ＳＦＯＯＤＳ,2292,東P,,"2,642",+10,+0.38%,407,12.9倍,0.64倍,4.16%
20261008,1084,日比谷設,1982,東P,,"3,195",-15,-0.47%,406,15.2倍,1.83倍,3.44%
20261008,1085,トラスコ中山,9830,東P,,"2,381",-14,-0.58%,406,10.4倍,0.81倍,2.56%
20261008,1086,イノテック,9880,東P,,"3,735",-150,-3.86%,406,8.59倍,1.65倍,3.48%
20261008,1087,東芝テック,6588,東P,,"2,904",+8,+0.28%,406,22.0倍,1.62倍,1.38%
20261008,1088,ケイアイ不,3465,東P,,"3,095",-25,-0.80%,405,4.98倍,1.26倍,4.85%
20261008,1089,青山商,8219,東P,,725,+4,+0.55%,404,13.5倍,0.59倍,5.24%
20261008,1090,タカラスタ,7981,東P,,"2,962",-48,-1.59%,401,13.1倍,0.95倍,4.19%
20261008,1091,冶金工,5480,東P,,"5,180",-80,-1.52%,400,7.98倍,0.70倍,4.25%
20261008,1092,エアトリ,6191,東P,,"1,404",-12,-0.85%,400,14.3倍,1.65倍,11.4%
20261008,1093,日東工,6651,東P,,"4,385",-160,-3.52%,399,14.3倍,1.35倍,3.51%
20261008,1094,東鉄工,1835,東P,,"3,730",-40,-1.06%,397,9.88倍,0.98倍,4.08%
20261008,1095,カナモト,9678,東P,,"5,240",-160,-2.96%,397,13.7倍,1.15倍,2.10%
20261008,1096,バルカー,7995,東P,,"7,190",-190,-2.57%,396,14.6倍,2.26倍,2.78%
20261008,1097,ヒーハイスト,6433,東S,,"1,127",-45,-3.84%,393,76.4倍,3.34倍,0.18%
20261008,1098,日曹達,4041,東P,,"3,670",-45,-1.21%,392,12.4倍,0.93倍,4.36%
20261008,1099,伊藤米久ＨＤ,2296,東P,,"4,845",-5,-0.10%,392,14.9倍,0.94倍,3.20%
20261008,1100,ピーエス,1871,東P,,"2,020",-23,-1.13%,390,12.1倍,1.47倍,5.00%
20261008,1101,新明和,7224,東P,,"1,812",-62,-3.31%,389,11.4倍,0.97倍,3.20%
20261008,1102,京阪神ビル,8818,東P,,950,-14,-1.45%,387,13.0倍,1.07倍,3.16%
20261008,1103,リョー菱ＨＤ,167A,東P,,"3,235",-15,-0.46%,387,17.3倍,0.94倍,4.33%
20261008,1104,セ硝子,4044,東P,,"4,570",-105,-2.25%,386,14.2倍,0.89倍,3.72%
20261008,1105,ＮＴＴ都市Ｒ,8956,東Ｒ,,"120,800",-500,-0.41%,385,19.7倍,1.19倍,5.13%
20261008,1106,ＪＣＵ,4975,東P,,"6,090",-140,-2.25%,384,17.0倍,2.67倍,2.96%
20261008,1107,日農薬,4997,東P,,"1,088",+7,+0.65%,383,11.5倍,0.96倍,3.49%
20261008,1108,イー・ギャラ,8771,東P,,"1,735",-7,-0.40%,381,20.3倍,3.96倍,4.84%
20261008,1109,いちよし,8624,東P,,"1,531",-75,-4.67%,379,ー倍,1.60倍,ー%
20261008,1110,日本電設,1950,東P,,"3,790",-90,-2.32%,379,11.7倍,1.04倍,3.35%
20261008,1111,カワチ薬品,2664,東P,,"3,785",+30,+0.80%,378,27.5倍,0.72倍,2.64%
20261008,1112,イトーキ,7972,東P,,"2,428",-36,-1.46%,378,10.7倍,1.94倍,3.71%
20261008,1113,木村工機,6231,東S,,"12,120",-130,-1.06%,378,12.3倍,2.91倍,1.65%
20261008,1114,スターシーズ,3083,東S,,"1,134",+27,+2.44%,377,16.1倍,4.05倍,0.88%
20261008,1115,野村ナスＨ無,1545,東Ｅ,,247.4,-2.2,-0.88%,376,ー倍,ー倍,ー%
20261008,1116,伯東,7433,東P,,"1,869",-8,-0.43%,376,16.5倍,1.53倍,4.55%
20261008,1117,トーエネク,1946,東P,,"2,050",-78,-3.67%,375,10.7倍,1.23倍,3.71%
20261008,1118,パーカライ,4095,東P,,"1,781",-15,-0.84%,373,13.4倍,0.92倍,2.81%
20261008,1119,ＳＨＯＥＩ,7839,東P,,"2,228",+9,+0.41%,372,19.2倍,3.52倍,2.69%
20261008,1120,三桜工,6584,東P,,733,-27,-3.55%,372,17.5倍,0.54倍,3.82%
20261008,1121,亀田製菓,2220,東P,,"1,267",+14,+1.12%,371,18.6倍,0.77倍,1.89%
20261008,1122,東合成,4045,東P,,"1,791.0",-24.0,-1.32%,370,16.0倍,0.86倍,4.02%
20261008,1123,黒田グループ,287A,東S,,"1,131",-26,-2.25%,370,11.8倍,1.15倍,5.57%
20261008,1124,信越ポリ,7970,東P,,"2,427",-51,-2.06%,370,18.6倍,1.50倍,2.72%
20261008,1125,巴工業,6309,東P,,"1,918",-29,-1.49%,369,12.8倍,1.29倍,3.96%
20261008,1126,横河ブＨＤ,5911,東P,,"2,828",-32,-1.12%,369,13.5倍,0.84倍,4.60%
20261008,1127,エレコム,6750,東P,,"1,950",-50,-2.50%,368,13.7倍,1.43倍,2.97%
20261008,1128,プリマ,2281,東P,,"2,270",-6,-0.26%,368,15.2倍,0.94倍,3.52%
20261008,1129,イズミ,8273,東P,,931,-4,-0.43%,366,11.3倍,0.66倍,3.22%
20261008,1130,松竹,9601,東P,,"10,570",+50,+0.48%,365,66.1倍,1.38倍,0.28%
20261008,1131,応用地質,9755,東P,,"2,724",-34,-1.23%,364,15.9倍,0.79倍,4.04%
20261008,1132,西華産,8061,東P,,"2,938",-147,-4.76%,364,12.3倍,1.94倍,3.57%
20261008,1133,サンゲツ,8130,東P,,"3,125",-20,-0.64%,363,13.6倍,1.51倍,4.96%
20261008,1134,飯野海,9119,東P,,"1,624",-32,-1.93%,363,12.3倍,1.02倍,3.26%
20261008,1135,乾汽船,9308,東S,,"2,191",-49,-2.19%,363,14.5倍,1.44倍,2.08%
20261008,1136,日清オイリオ,2602,東P,,"1,985",+1,+0.05%,362,15.1倍,0.86倍,3.02%
20261008,1137,アイダ,6118,東P,,"1,206",-22,-1.79%,362,15.0倍,0.74倍,3.23%
20261008,1138,太平電,1968,東P,,"2,418",-28,-1.14%,362,12.7倍,1.22倍,3.10%
20261008,1139,ｉＦＲＥＩＴ,1488,東Ｅ,,"1,703",-11,-0.64%,361,ー倍,ー倍,ー%
20261008,1140,図研,6947,東P,,"5,560",+20,+0.36%,361,20.6倍,2.85倍,2.70%
20261008,1141,前沢ＨＤ,575A,東P,,"1,919",+54,+2.90%,361,3.82倍,ー倍,3.28%
20261008,1142,日本高純度,4973,東P,,"4,860",-190,-3.76%,359,13.0倍,1.27倍,4.73%
20261008,1143,アジアパイル,5288,東P,,"1,395",-19,-1.34%,359,6.90倍,0.98倍,5.02%
20261008,1144,ダイハツイン,6023,東S,,"3,260",-140,-4.12%,359,11.7倍,1.69倍,2.55%
20261008,1145,デンヨー,6517,東P,,"3,955",-40,-1.00%,359,13.4倍,0.95倍,4.30%
20261008,1146,ティラド,7236,東P,,"1,438",-45,-3.03%,359,8.57倍,1.53倍,5.70%
20261008,1147,セルシス,3663,東P,,"1,756",-13,-0.73%,359,19.5倍,9.69倍,2.96%
20261008,1148,リケンテクノ,4220,東P,,"2,380",-57,-2.34%,358,11.2倍,1.55倍,3.57%
20261008,1149,大崎電,6644,東P,,"1,393",-49,-3.40%,358,12.6倍,1.07倍,3.52%
20261008,1150,能美防災,6744,東P,,"3,915",-75,-1.88%,358,17.3倍,1.71倍,2.96%
20261008,1151,エクセレント,8987,東Ｒ,,"124,100","-1,000",-0.80%,356,14.5倍,1.09倍,5.00%
20261008,1152,ＧＭＯ－ＦＨ,7177,東S,,"1,107",-34,-2.98%,356,ー倍,2.31倍,5.15%
20261008,1153,弁護士ＣＯＭ,6027,東P,,"5,040",-60,-1.18%,355,57.4倍,15.7倍,ー%
20261008,1154,アニコムＨＤ,8715,東P,,"1,019",-20,-1.92%,355,22.9倍,2.52倍,1.32%
20261008,1155,ＰＡコンサル,4071,東P,,"2,129",+20,+0.95%,355,17.2倍,5.18倍,2.35%
20261008,1156,ＧＥＮＤＡ,9166,東G,,643,-4,-0.62%,355,ー倍,1.81倍,1.24%
20261008,1157,コーセル,6905,東P,,"1,445",-38,-2.56%,354,22.9倍,1.15倍,4.15%
20261008,1158,アルコニクス,3036,東P,,"3,155",-150,-4.54%,354,10.3倍,0.84倍,3.01%
20261008,1159,ＮＩＳＳＨＡ,7915,東P,,"1,102",-3,-0.27%,352,ー倍,0.46倍,4.54%
20261008,1160,スパークス,8739,東P,,"2,603",-45,-1.70%,351,ー倍,2.53倍,4.23%
20261008,1161,日ギア,6356,東S,,"1,311",-85,-6.09%,351,10.6倍,1.25倍,0.76%
20261008,1162,ＥＲＴＨ,6072,東S,,"1,109",-31,-2.72%,351,ー倍,17.9倍,ー%
20261008,1163,ベル２４ＨＤ,6183,東P,,"1,265",-6,-0.47%,350,11.1倍,1.27倍,4.74%
20261008,1164,ＵＳＭＨ,3222,東S,,792,-8,-1.00%,350,"1,100倍",0.80倍,2.02%
20261008,1165,ＴＰＸベア２,1356,東Ｅ,,103.3,+3.3,+3.30%,349,ー倍,ー倍,ー%
20261008,1166,ミライニＨＤ,546A,東P,,"2,575",-79,-2.98%,347,5.83倍,1.00倍,3.73%
20261008,1167,ＰＩ,4290,東P,,666,+5,+0.76%,346,13.9倍,1.70倍,4.20%
20261008,1168,長野計器,7715,東P,,"4,405",-105,-2.33%,343,19.0倍,1.62倍,1.36%
20261008,1169,ステラケミ,4109,東P,,"5,380",-180,-3.24%,342,18.9倍,1.35倍,3.35%
20261008,1170,ブロドリーフ,3673,東P,,479,+14,+3.01%,342,27.1倍,3.45倍,1.62%
20261008,1171,テンシャル,325A,東G,,"1,977",-40,-1.98%,342,17.4倍,7.47倍,ー%
20261008,1172,ＧＭＯ－ＧＳ,3788,東P,,"2,237",+95,+4.44%,341,24.4倍,2.48倍,2.67%
20261008,1173,東和銀,8558,東P,,"1,475",-52,-3.41%,341,9.53倍,0.61倍,3.39%
20261008,1174,栄研化,4549,東P,,"2,363",-4,-0.17%,341,37.7倍,1.80倍,2.45%
20261008,1175,三洋貿易,3176,東P,,"1,161",-28,-2.35%,341,11.0倍,1.19倍,3.45%
20261008,1176,紙パル商,8032,東P,,"1,207",-19,-1.55%,340,16.4倍,1.00倍,2.98%
20261008,1177,東邦鉛,5707,東P,,849,-39,-4.39%,339,4.66倍,0.88倍,ー%
20261008,1178,理計器,7734,東P,,"3,580",-85,-2.32%,339,17.0倍,1.86倍,1.68%
20261008,1179,萩原工業,7856,東P,,"1,992",-31,-1.53%,339,19.4倍,0.91倍,3.77%
20261008,1180,千葉興,8337,東P,,"2,680",-80,-2.90%,338,17.4倍,1.00倍,0.75%
20261008,1181,エネクス,8133,東P,,"2,192",-30,-1.35%,336,15.0倍,1.32倍,3.10%
20261008,1182,ニッタ,5186,東P,,"6,930",-140,-1.98%,336,12.7倍,1.13倍,2.45%
20261008,1183,フージャース,3284,東P,,"1,187",-14,-1.17%,336,6.74倍,0.95倍,6.32%
20261008,1184,ＹＥデジタル,2354,東S,,"1,145",-23,-1.97%,335,12.9倍,2.63倍,2.62%
20261008,1185,新晃工,6458,東P,,"1,207",-8,-0.66%,335,11.3倍,1.24倍,4.14%
20261008,1186,Ｒみらい,3476,東Ｒ,,"38,400",-300,-0.78%,332,14.9倍,0.83倍,6.72%
20261008,1187,シンデンハイ,3131,東S,,"8,520",-180,-2.07%,331,8.03倍,2.04倍,2.76%
20261008,1188,ワキタ,8125,東P,,"1,812",-50,-2.69%,330,25.0倍,0.92倍,5.52%
20261008,1189,キッセイ,4547,東P,,"3,695",0,0.00%,330,11.6倍,0.67倍,4.60%
20261008,1190,ＷＴＩ原油,1671,東Ｅ,,"6,083",+33,+0.55%,329,ー倍,ー倍,ー%
20261008,1191,セレス,3696,東P,,"2,223",-77,-3.35%,328,4.28倍,1.93倍,4.05%
20261008,1192,ヒューマンＴ,5621,東G,,"1,617",-6,-0.37%,326,13.9倍,2.95倍,2.16%
20261008,1193,プレミアＧ,7199,東P,,"2,110",-23,-1.08%,326,11.9倍,3.20倍,3.03%
20261008,1194,ホーチキ,6745,東P,,"1,905",-60,-3.05%,326,15.8倍,2.09倍,2.10%
20261008,1195,コメリ,8218,東P,,"3,735",0,0.00%,325,11.5倍,0.66倍,1.55%
20261008,1196,バンクオブイ,4393,東G,,"6,230",-240,-3.71%,324,14.6倍,3.63倍,ー%
20261008,1197,アーキテクツ,6085,東G,,99,-5,-4.81%,321,300倍,-28倍,ー%
20261008,1198,東海理,6995,東P,,"3,035",-30,-0.98%,321,12.9倍,0.74倍,3.95%
20261008,1199,アイチコーポ,6345,東P,,"1,405",-33,-2.29%,321,13.5倍,1.22倍,4.63%
20261008,1200,東競馬,9672,東P,,"4,665",-45,-0.96%,321,11.3倍,1.24倍,3.13%
20261008,1201,アークランズ,9842,東P,,"1,848",-1,-0.05%,321,11.6倍,0.91倍,2.16%
20261008,1202,北越コーポ,3865,東P,,849,-3,-0.35%,320,27.0倍,0.54倍,3.06%
20261008,1203,日リーテック,1938,東P,,"2,482",-52,-2.05%,320,10.0倍,0.91倍,3.91%
20261008,1204,クオールＨＤ,3034,東P,,"2,344",-19,-0.80%,320,11.3倍,1.48倍,2.30%
20261008,1205,堺化学,4078,東P,,"3,635",-95,-2.55%,318,12.7倍,0.68倍,4.40%
20261008,1206,ＮＳグループ,471A,東P,,"1,496",-16,-1.06%,317,9.55倍,2.80倍,5.08%
20261008,1207,ヤマエＧＨＤ,7130,東P,,"2,625",-4,-0.15%,317,5.84倍,0.66倍,3.05%
20261008,1208,インターメス,262A,東P,,"1,645",-37,-2.20%,315,10.6倍,1.82倍,3.10%
20261008,1209,佐藤商,8065,東P,,"2,912",-81,-2.71%,314,7.45倍,0.77倍,3.61%
20261008,1210,三愛オブリ,8097,東P,,"2,369",-9,-0.38%,314,17.8倍,1.26倍,4.22%
20261008,1211,宮地エンジ,3431,東P,,"1,411",-26,-1.81%,314,18.5倍,0.88倍,5.32%
20261008,1212,ＥＩＺＯ,6737,東P,,"3,130",-75,-2.34%,312,18.1倍,0.59倍,3.67%
20261008,1213,Ｊディスプレ,6740,東P,,40,-1,-2.44%,312,ー倍,-4.6倍,ー%
20261008,1214,マクセル,6810,東P,,"2,560",-73,-2.77%,311,14.1倍,1.04倍,2.19%
20261008,1215,原田工業,6904,東S,,875,-58,-6.22%,310,30.8倍,1.22倍,1.14%
20261008,1216,守谷輸送機,6226,東S,,"2,233",-36,-1.59%,310,17.8倍,5.14倍,1.70%
20261008,1217,くら寿司,2695,東P,,"1,671",+7,+0.42%,310,44.3倍,2.05倍,0.90%
20261008,1218,ＪＩＡ,7172,東P,,"2,119",-14,-0.66%,310,10.1倍,1.60倍,5.10%
20261008,1219,不動テトラ,1813,東P,,"2,717",-65,-2.34%,308,12.9倍,1.11倍,4.23%
20261008,1220,浅沼組,1852,東P,,836,-15,-1.76%,306,12.9倍,1.37倍,5.38%
20261008,1221,世紀東急,1898,東P,,"1,414",-11,-0.77%,306,11.0倍,1.20倍,5.30%
20261008,1222,ＫＨネオケム,4189,東P,,"3,335",-125,-3.61%,306,13.4倍,1.56倍,3.90%
20261008,1223,旭ダイヤ,6140,東P,,"1,123",-32,-2.77%,305,14.6倍,0.84倍,3.03%
20261008,1224,藤コンポ,5121,東P,,"3,015",-35,-1.15%,304,14.6倍,1.40倍,2.85%
20261008,1225,ビジョン,9416,東P,,"1,021",+5,+0.49%,304,9.56倍,2.45倍,5.00%
20261008,1226,ヴィッツ,4440,東S,,"2,390",-42,-1.73%,303,21.2倍,3.00倍,0.75%
20261008,1227,サイバダイン,7779,東G,,209,-10,-4.57%,303,ー倍,0.70倍,ー%
20261008,1228,平和堂,8276,東P,,"2,495",-23,-0.91%,302,12.6倍,0.62倍,2.65%
20261008,1229,帝国繊維,3302,東P,,"2,916",-20,-0.68%,302,19.7倍,1.01倍,2.23%
20261008,1230,アズワン,7476,東P,,"2,477.5",-0.5,-0.02%,301,19.0倍,2.33倍,2.66%
20261008,1231,極東証券,8706,東P,,"1,709",-17,-0.98%,300,ー倍,1.03倍,ー%
20261008,1232,ノエビアＨＤ,4928,東P,,"4,455",-5,-0.11%,299,18.6倍,2.98倍,5.16%
20261008,1233,レイズネク,6379,東P,,967,-7,-0.72%,298,17.4倍,1.77倍,4.07%
20261008,1234,日本通信,9424,東P,,119,0,0.00%,297,ー倍,4.26倍,ー%
20261008,1235,オリエン白石,1786,東P,,323,-8,-2.42%,297,15.1倍,0.79倍,4.49%
20261008,1236,かどや製油,2612,東S,,"2,839",-1,-0.04%,297,38.3倍,2.12倍,ー%
20261008,1237,ＧＸＮカバコ,2865,東Ｅ,,"1,297",-15,-1.14%,296,ー倍,ー倍,ー%
20261008,1238,四電工,1939,東P,,"2,181",-34,-1.53%,296,15.7倍,1.46倍,3.85%
20261008,1239,朝日工,1975,東P,,"3,785",-105,-2.70%,296,10.6倍,1.92倍,3.80%
20261008,1240,ＪＵＫＩ,6440,東P,,760,-47,-5.82%,295,15.0倍,0.67倍,1.97%
20261008,1241,日セラ,6929,東P,,"3,680",-60,-1.60%,294,15.8倍,1.62倍,4.48%
20261008,1242,西部ガスＨＤ,9536,東P,,"2,360",-48,-1.99%,293,10.6倍,0.69倍,2.97%
20261008,1243,京三,6742,東P,,"1,150",-29,-2.46%,292,16.9倍,1.31倍,2.35%
20261008,1244,リミックス,3825,東S,,245,-1,-0.41%,288,3.51倍,1.67倍,1.22%
20261008,1245,矢作建,1870,東P,,"2,025",-23,-1.12%,288,9.40倍,1.15倍,5.43%
20261008,1246,スバル,9632,東S,,"4,925",+65,+1.34%,288,20.5倍,1.67倍,1.62%
20261008,1247,三陽商,8011,東P,,"1,295",+19,+1.49%,287,8.55倍,0.93倍,4.35%
20261008,1248,フィデアＨＤ,8713,東P,,"2,634",-119,-4.32%,287,14.8倍,0.52倍,2.85%
20261008,1249,昭和産,2004,東P,,"3,705",-5,-0.13%,287,12.7倍,0.79倍,3.78%
20261008,1250,Ｕｂｉｃｏｍ,3937,東S,,"1,115",+4,+0.36%,286,12.8倍,2.32倍,ー%
20261008,1251,ＬＡホールデ,2986,東G,,"2,766",-6,-0.22%,286,5.47倍,2.16倍,6.29%
20261008,1252,日ヒュム,5262,東P,,"1,039",-9,-0.86%,285,15.6倍,0.98倍,2.50%
20261008,1253,東洋証券,8614,東P,,689,-5,-0.72%,285,ー倍,1.64倍,ー%
20261008,1254,サカタＩＮＸ,4633,東P,,"2,599",-24,-0.91%,284,10.7倍,1.00倍,3.85%
20261008,1255,プレス工,7246,東P,,965,-14,-1.43%,283,11.8倍,0.78倍,5.18%
20261008,1256,小森,6349,東P,,"1,952",-29,-1.46%,283,14.1倍,0.81倍,5.12%
20261008,1257,アライドＨＤ,6835,東S,,287,-2,-0.69%,283,10.2倍,1.39倍,3.14%
20261008,1258,バイタルＫＳ,3151,東P,,"1,464",-60,-3.94%,282,9.27倍,0.61倍,4.78%
20261008,1259,松屋,8237,東P,,"2,131",-39,-1.80%,282,216倍,4.14倍,0.56%
20261008,1260,サトー,6287,東P,,"2,634",+3,+0.11%,281,11.0倍,0.96倍,3.04%
20261008,1261,ハマキョウ,9037,東P,,"1,799",+6,+0.33%,281,12.3倍,1.34倍,2.56%
20261008,1262,ＡＣＣＥＳＳ,4813,東P,,362,-5,-1.36%,281,22.3倍,2.24倍,ー%
20261008,1263,ＪＥＨ,5889,東P,,"2,148",-15,-0.69%,280,11.8倍,2.67倍,4.00%
20261008,1264,エスリード,8877,東P,,"4,885",-25,-0.51%,278,6.55倍,0.91倍,4.91%
20261008,1265,コムチュア,3844,東P,,"1,251",+5,+0.40%,278,17.7倍,2.07倍,4.16%
20261008,1266,ロードスター,3482,東P,,"2,450",+1,+0.04%,277,5.42倍,1.39倍,4.00%
20261008,1267,愛三工,7283,東P,,"2,108",-32,-1.50%,276,8.97倍,0.84倍,3.94%
20261008,1268,ＷＳＣＯＰＥ,6619,東P,,149,+1,+0.68%,275,ー倍,0.23倍,ー%
20261008,1269,システナ,2317,東P,,425,0,0.00%,275,14.3倍,3.85倍,4.24%
20261008,1270,ＫＰＰＧＨＤ,9274,東P,,"1,086",-19,-1.72%,275,13.1倍,0.73倍,3.68%
20261008,1271,阪急阪神Ｒ,8977,東Ｒ,,"124,800",-900,-0.72%,274,19.2倍,1.00倍,5.45%
20261008,1272,日経インバ,1571,東Ｅ,,281,+5,+1.81%,274,ー倍,ー倍,ー%
20261008,1273,ソシラ物流,2979,東Ｒ,,"95,700","-1,000",-1.03%,274,20.3倍,0.89倍,5.64%
20261008,1274,オープンＵＰ,2154,東P,,"1,971",+16,+0.82%,273,13.6倍,2.09倍,4.57%
20261008,1275,シークス,7613,東P,,"1,633",-11,-0.67%,273,9.39倍,0.70倍,3.06%
20261008,1276,アクシアル,8255,東P,,"1,248",-18,-1.42%,273,13.6倍,1.14倍,2.32%
20261008,1277,丸三,8613,東P,,"1,187",-16,-1.33%,272,ー倍,1.48倍,ー%
20261008,1278,ｉＦＴＰＷブ,1367,東Ｅ,,"3,125",-93,-2.89%,272,ー倍,ー倍,ー%
20261008,1279,内田洋,8057,東P,,"2,257",-3,-0.13%,271,10.6倍,1.30倍,3.37%
20261008,1280,スピー,4499,東S,,"2,194",-74,-3.26%,271,ー倍,3.85倍,ー%
20261008,1281,Ｋｕｄａｎ,4425,東G,,"1,351",-65,-4.59%,271,ー倍,6.13倍,ー%
20261008,1282,カーリット,4275,東P,,"1,808",-56,-3.00%,270,13.0倍,1.03倍,2.32%
20261008,1283,加藤産,9869,東P,,"6,640",-40,-0.60%,270,14.0倍,1.16倍,2.41%
20261008,1284,新東工,6339,東P,,"1,079",-52,-4.60%,270,10.1倍,0.49倍,4.45%
20261008,1285,ＢＭＬ,4694,東P,,"3,580",+5,+0.14%,269,19.2倍,1.06倍,3.49%
20261008,1286,水戸,8622,東P,,819,-24,-2.85%,269,ー倍,1.13倍,ー%
20261008,1287,アンビスＨＤ,7071,東P,,402,+20,+5.24%,268,18.8倍,1.02倍,1.00%
20261008,1288,船井総研ＨＤ,9757,東P,,"1,166",+2,+0.17%,268,16.6倍,4.11倍,4.12%
20261008,1289,ＹＵＡＳＡ,8074,東P,,"5,950",-110,-1.82%,267,10.9倍,1.02倍,3.19%
20261008,1290,野村商社卸売,1629,東Ｅ,,267.5,-4.3,-1.58%,267,ー倍,ー倍,ー%
20261008,1291,ゴールドクレ,8871,東S,,"2,914",-25,-0.85%,266,10.2倍,0.69倍,5.49%
20261008,1292,あらた,2733,東P,,"2,476",-24,-0.96%,266,11.9倍,0.67倍,4.52%
20261008,1293,沖縄電,9511,東P,,"1,130",-12,-1.05%,264,18.1倍,0.50倍,4.42%
20261008,1294,タングス,6998,東S,,"3,925",-255,-6.10%,264,26.6倍,1.38倍,2.29%
20261008,1295,インテグラル,5842,東G,,"2,726",-74,-2.64%,264,ー倍,1.32倍,1.36%
20261008,1296,東プレ,5975,東P,,"3,335",-45,-1.33%,264,10.8倍,0.65倍,3.00%
20261008,1297,ウイングアク,4432,東P,,"3,345",-35,-1.04%,264,15.6倍,2.55倍,3.23%
20261008,1298,フタバ,7241,東P,,"1,045",-1,-0.10%,263,6.67倍,0.67倍,4.31%
20261008,1299,ＳＢＳＨＤ,2384,東P,,"5,190",0,0.00%,263,14.2倍,1.97倍,2.31%
20261008,1300,Ｍ＆Ａキャピ,6080,東P,,"4,390",-20,-0.45%,263,18.2倍,2.92倍,1.65%
20261008,1301,ユニソルＨＤ,7128,東P,,"2,831",-80,-2.75%,262,31.9倍,0.92倍,6.39%
20261008,1302,クオンツ総研,9552,東P,,"1,072",-6,-0.56%,262,16.0倍,14.5倍,ー%
20261008,1303,新電元,6844,東P,,"2,996",-109,-3.51%,261,11.3倍,0.42倍,3.34%
20261008,1304,ソースネクス,4344,東P,,101,0,0.00%,260,ー倍,2.96倍,ー%
20261008,1305,日本ライフＬ,7575,東P,,"1,467",-13,-0.88%,260,12.9倍,1.60倍,5.52%
20261008,1306,グロブライド,7990,東P,,"2,327",-11,-0.47%,260,8.97倍,0.76倍,4.30%
20261008,1307,住友精化,4008,東P,,"1,480",-12,-0.80%,259,11.8倍,0.90倍,4.73%
20261008,1308,エムアップ,3661,東P,,814,-11,-1.33%,259,16.3倍,6.74倍,2.95%
20261008,1309,ＥＤＰ,7794,東G,,"1,000",-38,-3.66%,259,ー倍,7.68倍,ー%
20261008,1310,アカツキ,3932,東P,,"1,246",-27,-2.12%,258,ー倍,1.17倍,ー%
20261008,1311,スターゼン,8043,東P,,"1,488",+20,+1.36%,258,9.84倍,0.87倍,3.49%
20261008,1312,シーイーシー,9692,東P,,"2,215",-1,-0.05%,258,11.4倍,1.56倍,3.84%
20261008,1313,クラウドＷ,3900,東G,,742,+69,+10.25%,258,ー倍,1.82倍,ー%
20261008,1314,大王紙,3880,東P,,930,-8,-0.85%,257,12.0倍,0.63倍,1.51%
20261008,1315,テラスカイ,3915,東P,,"2,136",-76,-3.44%,257,18.1倍,2.20倍,0.80%
20261008,1316,テセック,6337,東S,,"4,090",+25,+0.62%,257,19.9倍,1.45倍,2.44%
20261008,1317,オリオン,409A,東P,,"1,052",+4,+0.38%,257,15.3倍,2.52倍,3.23%
20261008,1318,フォーカス,4662,東P,,"1,656",+33,+2.03%,256,9.87倍,1.65倍,4.11%
20261008,1319,クレスコ,4674,東P,,"1,882",-46,-2.39%,256,13.4倍,2.22倍,4.25%
20261008,1320,渋谷工,6340,東P,,"5,680",-180,-3.07%,256,14.3倍,1.32倍,2.11%
20261008,1321,ヤマシン―Ｆ,6240,東P,,496,-10,-1.98%,255,17.2倍,1.57倍,4.03%
20261008,1322,ローランド,7944,東P,,"3,645",-35,-0.95%,255,13.4倍,2.21倍,4.66%
20261008,1323,ニッカトー,5367,東S,,"1,424",-50,-3.39%,255,18.9倍,1.16倍,1.90%
20261008,1324,新日本電工,5563,東P,,418,-13,-3.02%,255,105倍,0.76倍,4.07%
20261008,1325,安田倉,9324,東P,,"2,569",+4,+0.16%,255,11.8倍,0.70倍,2.88%
20261008,1326,共英製鋼,5440,東P,,"1,841",-8,-0.43%,254,9.52倍,0.38倍,3.80%
20261008,1327,双葉電,6986,東P,,697,-9,-1.27%,254,ー倍,0.36倍,ー%
20261008,1328,大真空,6962,東P,,852,-48,-5.33%,253,271倍,0.69倍,3.29%
20261008,1329,文化シヤタ,5930,東P,,"1,825",+17,+0.94%,253,9.87倍,1.10倍,4.05%
20261008,1330,パイオラック,5988,東P,,"1,624",-3,-0.18%,251,55.3倍,0.60倍,5.67%
20261008,1331,オイレス,6282,東P,,"2,708",-82,-2.94%,251,15.2倍,0.96倍,3.51%
20261008,1332,三菱総研,3636,東P,,"4,840",+70,+1.47%,251,11.6倍,0.99倍,3.41%
20261008,1333,ｉＦＦＮＧ金,521A,東Ｅ,,"1,998",-2,-0.10%,250,ー倍,ー倍,ー%
20261008,1334,極洋,1301,東P,,"4,465",-30,-0.67%,250,7.37倍,0.67倍,3.58%
20261008,1335,ｉＳ米２０Ｈ,2621,東Ｅ,,925,-11,-1.18%,250,ー倍,ー倍,ー%
20261008,1336,ロイヤルＨＤ,8179,東P,,"1,292",-1,-0.08%,250,22.3倍,2.27倍,1.35%
20261008,1337,児玉化,4222,東S,,623,-16,-2.50%,250,6.93倍,0.34倍,1.61%
20261008,1338,ＤＮＣ,4246,東P,,"1,061",-2,-0.19%,249,6.79倍,0.77倍,5.47%
20261008,1339,エアロエッジ,7409,東G,,"1,389",-71,-4.86%,249,36.1倍,7.23倍,ー%
20261008,1340,ＶＩＸＥＴＦ,318A,東Ｅ,,336.0,+3.2,+0.96%,249,ー倍,ー倍,ー%
20261008,1341,コーナン,7516,東P,,"4,340",-25,-0.57%,249,10.0倍,0.70倍,3.23%
20261008,1342,アルゴグラフ,7595,東P,,"1,232",+6,+0.49%,249,11.8倍,1.79倍,5.28%
20261008,1343,日本信号,6741,東P,,"1,794",-35,-1.91%,248,11.2倍,0.99倍,3.12%
20261008,1344,大末建,1814,東P,,"3,355",-70,-2.04%,248,8.95倍,1.35倍,5.54%
20261008,1345,リケンＮＰＲ,6209,東P,,"3,825",-55,-1.42%,248,11.5倍,0.62倍,5.49%
20261008,1346,フューチャー,4722,東P,,"2,426",-1,-0.04%,247,18.2倍,3.24倍,0.99%
20261008,1347,セック,3741,東P,,"3,045",-100,-3.18%,247,19.7倍,3.09倍,2.04%
20261008,1348,中部鋼鈑,5461,東P,,"2,114",-16,-0.75%,247,186倍,0.76倍,5.35%
20261008,1349,鈴木,6785,東P,,"3,500",-70,-1.96%,246,12.6倍,1.58倍,3.20%
20261008,1350,高松グループ,1762,東P,,"3,845",-110,-2.78%,246,10.7倍,0.91倍,3.75%
20261008,1351,東建コーポ,1766,東P,,"12,550",-200,-1.57%,245,9.56倍,1.21倍,3.19%
20261008,1352,あいＨＤ,3076,東P,,"2,962",-24,-0.80%,245,17.6倍,1.34倍,4.73%
20261008,1353,ＧＬテクノ,255A,東S,,"5,480",-220,-3.86%,244,12.9倍,1.44倍,2.30%
20261008,1354,エリアリンク,8914,東S,,839,+6,+0.72%,244,11.2倍,1.38倍,3.28%
20261008,1355,三星ベ,5192,東P,,"4,100",-55,-1.32%,243,11.6倍,1.11倍,4.71%
20261008,1356,ベルーナ,9997,東P,,"1,013",-7,-0.69%,243,8.13倍,0.65倍,3.85%
20261008,1357,ＩＭＶ,7760,東S,,"1,985",-92,-4.43%,243,17.1倍,2.41倍,1.51%
20261008,1358,リベラウェア,218A,東G,,998,-50,-4.77%,243,ー倍,15.9倍,ー%
20261008,1359,半導体日本株,163A,東EN,,"21,045",-405,-1.89%,242,ー倍,ー倍,ー%
20261008,1360,野村金連動,1328,東Ｅ,,"15,365",-85,-0.55%,241,ー倍,ー倍,ー%
20261008,1361,丸大食,2288,東P,,"2,132",+1,+0.05%,240,7.99倍,0.69倍,3.75%
20261008,1362,Ｇｅｎｋｙ,9267,東P,,"3,435",+35,+1.03%,240,12.8倍,1.71倍,0.38%
20261008,1363,ＡＳＢ機械,6284,東P,,"8,140",-340,-4.01%,240,13.4倍,1.88倍,2.95%
20261008,1364,カメイ,8037,東P,,"4,515",-140,-3.01%,239,11.5倍,0.77倍,3.01%
20261008,1365,サーラ,2734,東P,,"1,091",-32,-2.85%,239,11.7倍,0.72倍,3.12%
20261008,1366,シュッピン,3179,東P,,"1,125",-56,-4.74%,238,12.9倍,2.58倍,3.56%
20261008,1367,カーブスＨＤ,7085,東P,,922,-4,-0.43%,238,16.9倍,3.43倍,3.25%
20261008,1368,アルペン,3028,東P,,"2,333",-1,-0.04%,237,14.1倍,0.71倍,2.57%
20261008,1369,ワタミ,7522,東P,,842,-21,-2.43%,237,ー倍,1.91倍,ー%
20261008,1370,福岡リート,8968,東Ｒ,,"166,000",-500,-0.30%,237,19.4倍,1.27倍,4.82%
20261008,1371,カーバイド,4064,東P,,"3,655",-150,-3.94%,236,11.0倍,0.88倍,3.67%
20261008,1372,タチエス,7239,東P,,"2,250",-40,-1.75%,236,8.98倍,0.71倍,5.11%
20261008,1373,ＡＫＩＢＡ,6840,東S,,821,-43,-4.98%,235,ー倍,1.61倍,ー%
20261008,1374,純プラ信託,1541,東Ｅ,,"7,631",-127,-1.64%,235,ー倍,ー倍,ー%
20261008,1375,共和コーポ,6570,東S,,"4,520",-30,-0.66%,234,22.2倍,4.31倍,0.88%
20261008,1376,アセンテック,3565,東S,,496,+2,+0.40%,233,14.9倍,3.24倍,3.02%
20261008,1377,霞ヶ関ホテル,401A,東Ｒ,,"92,300",-800,-0.86%,233,14.4倍,0.93倍,7.46%
20261008,1378,エスコン,8892,東P,,"1,048",+1,+0.10%,233,7.18倍,1.22倍,5.06%
20261008,1379,ベルク,9974,東P,,"6,480",+10,+0.15%,232,10.3倍,1.11倍,2.04%
20261008,1380,スズデン,7480,東S,,"3,730",-120,-3.12%,231,17.0倍,2.86倍,4.72%
20261008,1381,ＢＡＳＥ,4477,東G,,370,-12,-3.14%,231,28.5倍,2.88倍,1.35%
20261008,1382,ＧＸ防衛日株,513A,東Ｅ,,819,-26,-3.08%,231,ー倍,ー倍,ー%
20261008,1383,リソー教育Ｇ,4714,東P,,208,+2,+0.97%,231,20.9倍,3.44倍,4.81%
20261008,1384,ＳＢＩＧＡＭ,4765,東P,,596,-5,-0.83%,231,ー倍,2.55倍,ー%
20261008,1385,コメ兵ＨＤ,2780,東S,,"4,450",-60,-1.33%,231,8.36倍,1.25倍,2.43%
20261008,1386,ユーグレナ,2931,東P,,335,-2,-0.59%,231,ー倍,1.41倍,ー%
20261008,1387,サンワテク,8137,東P,,"4,705",-65,-1.36%,230,17.5倍,1.31倍,2.76%
20261008,1388,ユビＡＩ,3858,東S,,361,+25,+7.44%,230,ー倍,1.83倍,ー%
20261008,1389,トーモク,3946,東P,,"4,330",-10,-0.23%,230,8.66倍,0.69倍,3.93%
20261008,1390,前田工繊,7821,東P,,"1,953",-14,-0.71%,229,13.6倍,1.71倍,1.64%
20261008,1391,サカイ引越,9039,東P,,"2,963",-12,-0.40%,229,13.7倍,1.19倍,3.95%
20261008,1392,アトラエ,6194,東P,,918,-22,-2.34%,229,16.9倍,5.05倍,4.25%
20261008,1393,イーレックス,9517,東P,,781,-17,-2.13%,228,11.3倍,0.86倍,2.82%
20261008,1394,日本国土開発,1887,東P,,507,-7,-1.36%,228,10.1倍,0.57倍,4.93%
20261008,1395,レナ,4889,東G,,"1,020",-31,-2.95%,228,ー倍,4.35倍,ー%
20261008,1396,ＳＢＩリーシ,5834,東G,,"2,640",-84,-3.08%,227,6.90倍,1.38倍,4.36%
20261008,1397,フライト,3753,東S,,243,+16,+7.05%,226,14.9倍,3.98倍,ー%
20261008,1398,コロプラ,3668,東P,,381,-6,-1.55%,225,ー倍,0.73倍,ー%
20261008,1399,菱製鋼,5632,東P,,"2,351",-75,-3.09%,225,11.5倍,0.73倍,4.42%
20261008,1400,ＤＭ三井製糖,2109,東P,,"3,655",-90,-2.40%,225,14.8倍,1.01倍,3.83%
20261008,1401,ＴＫＣ,9746,東P,,"4,045",+20,+0.50%,224,15.4倍,1.78倍,3.11%
20261008,1402,ＭｒＭａｘ,8203,東P,,710,-8,-1.11%,224,7.64倍,0.60倍,4.08%
20261008,1403,指月電,6994,東S,,"1,363",-68,-4.75%,224,15.7倍,1.23倍,1.94%
20261008,1404,チェンジＨＤ,3962,東P,,"1,011",+17,+1.71%,224,10.0倍,1.55倍,2.57%
20261008,1405,蝶理,8014,東P,,"4,165",-20,-0.48%,223,9.78倍,0.98倍,4.11%
20261008,1406,神鋼商,8075,東P,,"2,990",-35,-1.16%,223,8.32倍,0.77倍,4.62%
20261008,1407,ビジ太田昭,9658,東P,,"1,176",+37,+3.25%,223,13.4倍,1.26倍,4.00%
20261008,1408,河西工,7256,東S,,451,-3,-0.66%,222,19.9倍,1.69倍,ー%
20261008,1409,ミツウロコＧ,8131,東S,,"2,311",-108,-4.46%,221,21.0倍,1.19倍,2.86%
20261008,1410,日精化,4362,東P,,"2,774",+28,+1.02%,221,11.6倍,1.18倍,3.75%
20261008,1411,ＢＵＦ,6676,東S,,"3,475",-20,-0.57%,221,13.3倍,1.86倍,1.73%
20261008,1412,ｉＦＳＰ無,2247,東Ｅ,,"2,314",-14,-0.60%,221,ー倍,ー倍,ー%
20261008,1413,ジョイ本田,3191,東P,,"2,195",-12,-0.54%,219,20.1倍,1.05倍,ー%
20261008,1414,アオイ電子,6832,東S,,"2,848",+2,+0.07%,219,143倍,0.76倍,1.90%
20261008,1415,生化学,4548,東P,,570,-5,-0.87%,218,ー倍,0.42倍,3.51%
20261008,1416,ＧＡテクノ,3491,東G,,"1,286",-30,-2.28%,218,9.67倍,1.57倍,1.01%
20261008,1417,シグマクシス,6088,東P,,592,+6,+1.02%,218,10.7倍,3.68倍,4.39%
20261008,1418,ＧＸテック日,2854,東Ｅ,,"2,898",-52,-1.76%,218,ー倍,ー倍,ー%
20261008,1419,野村銀行１７,1631,東Ｅ,,"40,890","-1,200",-2.85%,217,ー倍,ー倍,ー%
20261008,1420,木曽路,8160,東P,,"2,314",+13,+0.56%,217,31.0倍,2.09倍,1.30%
20261008,1421,丸文,7537,東P,,"1,932",+7,+0.36%,217,12.7倍,0.88倍,3.99%
20261008,1422,イーソル,4420,東S,,819,0,0.00%,217,34.6倍,2.63倍,0.18%
20261008,1423,ゼリア新薬,4559,東P,,"1,929",+6,+0.31%,217,8.50倍,0.79倍,2.59%
20261008,1424,アクリート,4395,東G,,742,+34,+4.80%,216,13.3倍,1.59倍,1.35%
20261008,1425,ワシントンＨ,4691,東S,,"1,898",-102,-5.10%,216,9.90倍,1.85倍,2.37%
20261008,1426,品川リフラ,5351,東P,,"1,935",-15,-0.77%,216,8.42倍,0.80倍,4.91%
20261008,1427,ＡｎｄＤｏ,3457,東P,,818,+8,+0.99%,216,18.3倍,0.86倍,5.62%
20261008,1428,トランスコス,9715,東P,,"3,360",0,0.00%,215,9.33倍,1.00倍,4.32%
20261008,1429,カーボン,5302,東P,,"5,180",-190,-3.54%,215,20.2倍,1.00倍,3.86%
20261008,1430,ｉＦＥナ百無,2840,東Ｅ,,"2,831",-15,-0.53%,215,ー倍,ー倍,ー%
20261008,1431,インソース,6200,東P,,680,+7,+1.04%,214,13.0倍,4.10倍,5.15%
20261008,1432,モリタＨＤ,6455,東P,,"2,434",-7,-0.29%,213,10.3倍,0.98倍,3.29%
20261008,1433,サンケイＲＥ,2972,東Ｒ,,"125,000",0,0.00%,213,17.0倍,1.29倍,5.89%
20261008,1434,日金銭,6418,東P,,"1,230",-28,-2.23%,212,14.5倍,0.90倍,3.74%
20261008,1435,ＪＭＨＤ,3539,東P,,"1,444",+3,+0.21%,212,11.0倍,1.49倍,1.80%
20261008,1436,ＤＩＴ,3916,東P,,971,+10,+1.04%,212,13.1倍,3.16倍,4.33%
20261008,1437,スクロール,8005,東P,,"1,716",-2,-0.12%,212,12.0倍,1.47倍,5.94%
20261008,1438,ムゲンＥ,3299,東S,,"1,586",-14,-0.88%,211,7.84倍,1.05倍,6.56%
20261008,1439,中山鋼,5408,東P,,595,-11,-1.82%,211,10.3倍,0.36倍,3.36%
20261008,1440,ＪＴＰ,2488,東S,,"1,450",+59,+4.24%,210,11.1倍,2.07倍,3.45%
20261008,1441,大黒天,2791,東P,,"4,195",-90,-2.10%,209,12.0倍,0.92倍,0.93%
20261008,1442,長谷川香料,4958,東P,,"3,340",+15,+0.45%,209,18.5倍,1.01倍,2.99%
20261008,1443,コスピブル,2033,東EN,,"73,720","-3,730",-4.82%,209,ー倍,ー倍,ー%
20261008,1444,トレファク,3093,東P,,"1,924",-33,-1.69%,208,12.7倍,3.35倍,2.39%
20261008,1445,ユナイテド海,9110,東P,,"10,520",+10,+0.10%,208,9.92倍,1.31倍,ー%
20261008,1446,多摩川ＨＤ,6838,東S,,"1,394",-71,-4.85%,207,6.93倍,1.34倍,0.72%
20261008,1447,菊池製作,3444,東S,,"1,073",-54,-4.79%,206,94.6倍,2.29倍,0.93%
20261008,1448,トピー,7231,東P,,"2,940",-54,-1.80%,206,10.4倍,0.44倍,4.59%
20261008,1449,マリモリート,3470,東Ｒ,,"92,100",-600,-0.65%,205,14.8倍,0.86倍,7.73%
20261008,1450,カナディアン,9284,東IF,,"70,300",-700,-0.99%,204,11.1倍,0.69倍,9.02%
20261008,1451,日経ベア,1580,東Ｅ,,743.1,+9.1,+1.24%,204,ー倍,ー倍,ー%
20261008,1452,藤倉化,4620,東S,,"1,113",-15,-1.33%,204,11.9倍,0.61倍,1.80%
20261008,1453,北興化,4992,東S,,"1,936",-38,-1.93%,204,10.9倍,0.80倍,2.79%
20261008,1454,野村ＪＰＸ,1591,東Ｅ,,"37,100",-360,-0.96%,203,ー倍,ー倍,ー%
20261008,1455,静ガス,9543,東P,,"1,268",-20,-1.55%,203,10.5倍,0.68倍,3.55%
20261008,1456,テレ東ＨＤ,9413,東P,,"3,255",-5,-0.15%,202,10.9倍,0.82倍,3.07%
20261008,1457,松屋フーズ,9887,東P,,"5,090",-60,-1.17%,202,27.6倍,1.81倍,0.51%
20261008,1458,ニチハ,7943,東P,,"2,755",-47,-1.68%,202,11.2倍,0.73倍,4.39%
20261008,1459,エイチワン,5989,東P,,"1,374",-25,-1.79%,201,3.50倍,0.47倍,5.09%
20261008,1460,アドソル日進,3837,東P,,"1,358",-7,-0.51%,201,14.2倍,3.47倍,3.53%
20261008,1461,あさひ,3333,東P,,"1,231",-5,-0.40%,200,11.7倍,0.77倍,4.06%
20261008,1462,グリーＨＤ,3632,東P,,410,-2,-0.49%,200,ー倍,0.74倍,5.37%
20261008,1463,ニッテン,2108,東P,,"1,756",+3,+0.17%,200,12.7倍,0.80倍,5.13%
20261008,1464,ＧＸロジ日Ｒ,2565,東Ｅ,,824,-10,-1.20%,199,ー倍,ー倍,ー%
20261008,1465,４℃ホールデ,8008,東P,,"2,091",-45,-2.11%,199,17.0倍,1.12倍,4.07%
20261008,1466,清水銀,8364,東P,,"3,080",-180,-5.52%,199,14.0倍,0.43倍,1.95%
20261008,1467,ＤＩシステム,4421,東S,,"1,000",+92,+10.13%,199,11.4倍,1.72倍,2.80%
20261008,1468,ＧＸ超短円債,502A,東Ｅ,,902.4,+0.2,+0.02%,199,ー倍,ー倍,ー%
20261008,1469,上場銀行１０,540A,東Ｅ,,"2,033",-59,-2.82%,199,ー倍,ー倍,ー%
20261008,1470,アイザワ証Ｇ,8708,東P,,"1,618",-22,-1.34%,197,ー倍,1.06倍,ー%
20261008,1471,中発条,5992,東S,,"3,595",0,0.00%,197,37.8倍,1.05倍,2.50%
20261008,1472,ＧＸ銀行高配,315A,東Ｅ,,"1,912",-53,-2.70%,197,ー倍,ー倍,ー%
20261008,1473,農中Ｊリート,1595,東Ｅ,,"1,712",0,0.00%,197,ー倍,ー倍,ー%
20261008,1474,オカモト,5122,東P,,"6,220",+90,+1.47%,196,18.5倍,0.96倍,2.09%
20261008,1475,アクセル,6730,東S,,"1,691",+3,+0.18%,196,10.8倍,1.31倍,4.67%
20261008,1476,椿本興,8052,東P,,"3,010",-20,-0.66%,195,10.4倍,1.08倍,2.99%
20261008,1477,ミラースＨＤ,8897,東P,,420,-3,-0.71%,195,7.02倍,0.68倍,5.48%
20261008,1478,住石ＨＤ,1514,東S,,601,-23,-3.69%,194,21.9倍,1.25倍,2.50%
20261008,1479,ワイエイシイ,6298,東P,,"1,224",-36,-2.86%,193,10.8倍,1.34倍,3.68%
20261008,1480,トヨカネツ,6369,東P,,"2,250",-60,-2.60%,193,12.3倍,0.84倍,4.67%
20261008,1481,東陽テク,8151,東P,,"1,874",-11,-0.58%,192,15.1倍,1.35倍,3.74%
20261008,1482,アルバリンク,5537,東G,,"4,070",+60,+1.50%,192,23.4倍,13.3倍,ー%
20261008,1483,トライアイズ,4840,東S,,889,-2,-0.22%,192,32.4倍,1.64倍,1.24%
20261008,1484,ジーテクト,5970,東P,,"2,159",-27,-1.24%,191,7.11倍,0.41倍,4.54%
20261008,1485,ＮＩＴＴＯＫ,6145,東S,,"2,733",-124,-4.34%,191,14.0倍,1.14倍,3.00%
20261008,1486,北里,368A,東P,,"1,392",-2,-0.14%,191,13.7倍,2.80倍,2.95%
20261008,1487,ユトリ,5892,東G,,"2,959",-41,-1.37%,191,20.2倍,8.39倍,ー%
20261008,1488,学情,2301,東P,,"1,695",-5,-0.29%,191,11.1倍,1.53倍,4.42%
20261008,1489,ミツバ,7280,東P,,"1,286",-17,-1.30%,190,5.52倍,0.54倍,2.33%
20261008,1490,高速,7504,東P,,"4,505",+50,+1.12%,189,21.8倍,2.05倍,2.66%
20261008,1491,ＡＺ丸和ＨＤ,9090,東P,,842,+15,+1.81%,189,13.7倍,1.85倍,3.80%
20261008,1492,ブロンコＢ,3091,東P,,"2,774",-58,-2.05%,189,31.8倍,3.63倍,0.72%
20261008,1493,東証グロース,2516,東Ｅ,,631.9,-8.2,-1.28%,188,ー倍,ー倍,ー%
20261008,1494,アステリア,3853,東P,,"1,025",-5,-0.49%,188,ー倍,1.84倍,0.98%
20261008,1495,合同鉄,5410,東P,,"2,793",-25,-0.89%,188,9.33倍,0.28倍,3.58%
20261008,1496,ユニプレス,5949,東P,,"1,264",-22,-1.71%,188,12.6倍,0.43倍,5.54%
20261008,1497,平河ヒューテ,5821,東P,,"3,230",-155,-4.58%,186,12.3倍,1.13倍,1.76%
20261008,1498,アース製薬,4985,東P,,"4,680",0,0.00%,185,16.6倍,1.27倍,2.78%
20261008,1499,メディアＬ,6659,東S,,38,0,0.00%,185,ー倍,1.20倍,ー%
20261008,1500,岡本工,6125,東S,,"4,910",-220,-4.29%,184,16.2倍,0.77倍,3.26%
20261008,1501,ＳＢＩアルヒ,7198,東P,,772,-2,-0.26%,184,16.5倍,0.82倍,5.18%
20261008,1502,積水樹,4212,東P,,"2,918",+10,+0.34%,184,16.2倍,0.87倍,3.43%
20261008,1503,ＮＡＮＯＨＤ,4571,東G,,81,-12,-12.90%,184,ー倍,2.23倍,ー%
20261008,1504,島精機,6222,東P,,867,-18,-2.03%,183,32.7倍,0.36倍,2.31%
20261008,1505,エスケーエレ,6677,東S,,"3,070",-65,-2.07%,183,9.97倍,0.85倍,4.95%
20261008,1506,ギフティＧ,590A,東P,,"1,058",-29,-2.67%,183,ー倍,3.36倍,1.51%
20261008,1507,上場ＳＰ５百,1547,東Ｅ,,"13,390",-85,-0.63%,182,ー倍,ー倍,ー%
20261008,1508,タマホーム,1419,東P,,"2,836",+12,+0.42%,181,20.6倍,2.77倍,4.58%
20261008,1509,パソナＧ,2168,東P,,"1,445",-23,-1.57%,181,ー倍,0.43倍,5.19%
20261008,1510,ＡＯＫＩＨＤ,8214,東P,,"1,682",+3,+0.18%,181,14.2倍,1.01倍,5.35%
20261008,1511,ベース,4481,東P,,"3,155",-5,-0.16%,181,12.6倍,3.78倍,5.90%
20261008,1512,ビーエンジ,4828,東P,,"1,337",+11,+0.83%,180,17.4倍,4.78倍,3.14%
20261008,1513,エスコンＪＰ,2971,東Ｒ,,"100,100",-500,-0.50%,180,14.3倍,0.89倍,6.99%
20261008,1514,クリングル,4884,東G,,548,-52,-8.67%,179,ー倍,3.87倍,ー%
20261008,1515,免疫生物研,4570,東G,,"1,062",-57,-5.09%,178,28.5倍,5.24倍,0.71%
20261008,1516,ＬＩＮＫ＆Ｍ,2170,東P,,609,+1,+0.16%,178,18.0倍,5.08倍,2.69%
20261008,1517,ＫＴＫ,3035,東S,,740,+6,+0.82%,177,9.53倍,0.81倍,2.97%
20261008,1518,ブラインド,7989,東P,,"2,558",-46,-1.77%,177,15.7倍,0.89倍,4.69%
20261008,1519,ホテルレジＲ,3472,東Ｒ,,"64,600",-600,-0.92%,177,16.3倍,0.80倍,6.16%
20261008,1520,モルフォ,3653,東G,,939,-33,-3.40%,177,ー倍,1.78倍,ー%
20261008,1521,ＡＩＲＭＡＮ,6364,東P,,"2,388",-86,-3.48%,177,10.6倍,1.39倍,3.02%
20261008,1522,丸全運,9068,東P,,"3,565",+15,+0.42%,177,10.6倍,0.95倍,3.09%
20261008,1523,カッパクリエ,7421,東P,,"1,478",-7,-0.47%,176,78.0倍,7.73倍,ー%
20261008,1524,情報戦略テク,155A,東G,,776,+17,+2.24%,176,18.6倍,4.14倍,ー%
20261008,1525,トランザク,7818,東P,,"1,184",-17,-1.42%,175,14.8倍,3.07倍,2.74%
20261008,1526,持田薬,4534,東P,,"3,080",-30,-0.96%,174,10.8倍,0.77倍,2.76%
20261008,1527,北川鉄,6317,東S,,"2,412",-72,-2.90%,174,6.71倍,0.49倍,4.56%
20261008,1528,オーケストラ,6533,東P,,"2,154",+54,+2.57%,174,21.0倍,3.00倍,2.32%
20261008,1529,正興電,6653,東P,,"2,024",-96,-4.53%,174,11.0倍,1.40倍,2.96%
20261008,1530,Ｏｎｅリート,3290,東Ｒ,,"74,400",-800,-1.06%,174,15.2倍,1.17倍,6.56%
20261008,1531,エネクスＩＦ,9286,東IF,,"41,400",-400,-0.96%,174,14.0倍,0.50倍,7.30%
20261008,1532,象印,7965,東P,,"1,420",-13,-0.91%,173,18.8倍,0.99倍,3.24%
20261008,1533,ＧＸＣカバコ,576A,東Ｅ,,828,-33,-3.83%,173,ー倍,ー倍,ー%
20261008,1534,東京鉄,5445,東P,,"1,927",-29,-1.48%,173,6.79倍,0.77倍,5.19%
20261008,1535,じげん,3679,東P,,430,+3,+0.70%,173,9.73倍,1.91倍,3.14%
20261008,1536,テイカ,4027,東P,,"2,248",-63,-2.73%,173,27.9倍,0.82倍,3.56%
20261008,1537,荏原実業,6328,東P,,"2,438",-67,-2.67%,173,12.7倍,1.76倍,3.08%
20261008,1538,ヒラノテク,6245,東S,,"1,742",-73,-4.02%,172,24.0倍,0.67倍,4.82%
20261008,1539,鶴見製,6351,東P,,"2,572",-64,-2.43%,172,16.8倍,1.18倍,1.40%
20261008,1540,サイプレス,428A,東S,,"1,624",-86,-5.03%,172,28.1倍,6.57倍,0.74%
20261008,1541,鴻池運輸,9025,東P,,"2,755",+13,+0.47%,172,10.5倍,0.91倍,3.99%
20261008,1542,コロンビア,146A,東S,,"3,585",-30,-0.83%,172,6.53倍,1.47倍,2.62%
20261008,1543,ＤＧ,350A,東G,,667,-13,-1.91%,172,16.9倍,2.68倍,ー%
20261008,1544,イワキポンプ,6237,東P,,"4,070",-50,-1.21%,171,17.6倍,2.16倍,2.26%
20261008,1545,井関農,6310,東P,,"1,840",-64,-3.36%,171,13.9倍,0.53倍,2.45%
20261008,1546,ホクト,1379,東P,,"2,000",-3,-0.15%,171,12.0倍,0.97倍,3.10%
20261008,1547,野村インド株,1678,東Ｅ,,283.0,-4.7,-1.63%,170,ー倍,ー倍,ー%
20261008,1548,リッジアイ,5572,東G,,"3,225",+95,+3.04%,170,31.0倍,3.77倍,ー%
20261008,1549,ベルテックス,623A,東S,,621,-5,-0.80%,169,5.59倍,1.28倍,4.03%
20261008,1550,日車両,7102,東P,,"3,330",-160,-4.58%,169,6.41倍,0.57倍,1.50%
20261008,1551,都築電,8157,東P,,"4,160",-50,-1.19%,169,13.2倍,1.62倍,4.57%
20261008,1552,リンクユーＧ,4446,東S,,709,+1,+0.14%,169,37.7倍,4.39倍,ー%
20261008,1553,建設技研,9621,東P,,"3,275",-50,-1.50%,169,12.7倍,1.30倍,3.36%
20261008,1554,ゲンキＧＤＣ,9828,東S,,"3,315",-55,-1.63%,169,17.7倍,2.95倍,2.11%
20261008,1555,ＣＩＪ,4826,東P,,540,+11,+2.08%,169,16.2倍,2.01倍,3.89%
20261008,1556,シグマ光機,7713,東S,,"2,600",-124,-4.55%,168,18.9倍,0.99倍,1.92%
20261008,1557,ぴあ,4337,東P,,"2,443",+30,+1.24%,168,25.0倍,3.48倍,1.23%
20261008,1558,杏林製薬,4569,東P,,"1,060",+8,+0.76%,168,40.6倍,0.43倍,2.36%
20261008,1559,グロバルＬＭ,3486,東P,,"1,831",-54,-2.86%,168,5.65倍,1.86倍,5.46%
20261008,1560,内外テック,3374,東S,,"5,160",-60,-1.15%,167,10.8倍,1.37倍,2.79%
20261008,1561,第一実,8059,東P,,"3,410",-105,-2.99%,166,11.4倍,1.16倍,3.67%
20261008,1562,立花エレ,8159,東P,,"4,295",-30,-0.69%,165,13.5倍,0.86倍,2.79%
20261008,1563,ＳＲＳＨＤ,8163,東P,,"1,424",-11,-0.77%,165,32.7倍,3.33倍,0.70%
20261008,1564,マースＧＨＤ,6419,東P,,"3,005",-10,-0.33%,165,7.74倍,0.61倍,4.99%
20261008,1565,ニチレキＧ,5011,東P,,"2,123",-62,-2.84%,165,14.1倍,0.77倍,4.00%
20261008,1566,ハローズ,2742,東P,,"3,660",+5,+0.14%,165,9.02倍,0.97倍,1.97%
20261008,1567,理ビタ,4526,東P,,"3,090",-25,-0.80%,165,11.8倍,1.05倍,3.56%
20261008,1568,ＧＭＯ－ＦＧ,4051,東P,,"5,990",+20,+0.34%,165,26.0倍,7.12倍,2.12%
20261008,1569,イオンファン,4343,東P,,"2,672",-17,-0.63%,164,17.6倍,6.74倍,0.75%
20261008,1570,ＧＸ超短米債,133A,東Ｅ,,"1,068",+1,+0.09%,163,ー倍,ー倍,ー%
20261008,1571,松風,7979,東P,,"2,246",-10,-0.44%,163,16.9倍,1.57倍,2.98%
20261008,1572,小松ウオール,7949,東P,,"2,669",-38,-1.40%,162,15.4倍,1.22倍,5.06%
20261008,1573,大光銀,8537,東S,,"3,180",-110,-3.34%,162,9.14倍,0.37倍,3.33%
20261008,1574,ホットランド,3196,東P,,"1,610",-1,-0.06%,162,52.2倍,2.25倍,0.81%
20261008,1575,クエスト,2332,東S,,"1,850",+90,+5.11%,162,11.1倍,1.30倍,3.30%
20261008,1576,ガリレイ,6420,東P,,"3,300",-75,-2.22%,161,10.7倍,1.18倍,2.70%
20261008,1577,ミロク情報,9928,東P,,"2,174",+49,+2.31%,161,13.5倍,2.01倍,2.99%
20261008,1578,Ｊオイル,2613,東P,,"2,188",+4,+0.18%,160,14.5倍,0.66倍,3.66%
20261008,1579,ＺＡＣＲＯＳ,7917,東P,,"1,199",-18,-1.48%,160,13.2倍,0.89倍,3.00%
20261008,1580,アネスト岩田,6381,東P,,"1,832",-36,-1.93%,160,17.9倍,1.41倍,5.08%
20261008,1581,薬王堂ＨＤ,7679,東P,,"1,530",-10,-0.65%,160,7.38倍,0.71倍,1.96%
20261008,1582,オイシックス,3182,東P,,"1,628",+22,+1.37%,159,10.9倍,2.00倍,1.84%
20261008,1583,トーセイＲ,3451,東Ｒ,,"121,500",-900,-0.74%,158,15.9倍,1.07倍,6.30%
20261008,1584,グロービング,277A,東P,,"1,834",-39,-2.08%,158,15.5倍,6.85倍,1.94%
20261008,1585,ユシロ,5013,東S,,"3,145",+10,+0.32%,158,10.3倍,0.83倍,ー%
20261008,1586,サンマルク,3395,東P,,"2,440",-5,-0.20%,157,18.1倍,1.68倍,2.21%
20261008,1587,日伝,9902,東P,,"3,170",-75,-2.31%,157,15.1倍,0.96倍,3.79%
20261008,1588,フィンテック,8789,東S,,153,-3,-1.92%,157,6.27倍,1.95倍,3.27%
20261008,1589,Ｏｎｅ２２５,1369,東Ｅ,,"69,900","-1,030",-1.45%,156,ー倍,ー倍,ー%
20261008,1590,原油先物ベア,2039,東EN,,422,-10,-2.31%,156,ー倍,ー倍,ー%
20261008,1591,キユソ流通,9369,東S,,"2,983",+86,+2.97%,156,35.3倍,1.59倍,0.80%
20261008,1592,エイベックス,7860,東P,,"1,224",-5,-0.41%,156,16.3倍,1.02倍,4.08%
20261008,1593,小松マテーレ,3580,東P,,696,0,0.00%,155,12.9倍,0.65倍,3.88%
20261008,1594,ＴＯＲＥＸ,6616,東P,,"1,898",-80,-4.04%,155,12.6倍,1.03倍,2.95%
20261008,1595,ユニバーサル,6425,東S,,636,-6,-0.93%,154,24.6倍,0.38倍,ー%
20261008,1596,オハラ,5218,東S,,"1,693",-54,-3.09%,154,25.1倍,0.75倍,1.48%
20261008,1597,エニグモ,3665,東P,,404,-1,-0.25%,154,32.5倍,1.65倍,7.43%
20261008,1598,誠建設,8995,東S,,"1,715",-193,-10.12%,154,49.3倍,0.83倍,1.46%
20261008,1599,くすりの窓口,5592,東G,,"2,532",-10,-0.39%,153,9.13倍,2.49倍,1.58%
20261008,1600,ｉＳ米２５,237A,東Ｅ,,128.2,-4.0,-3.03%,153,ー倍,ー倍,ー%
20261008,1601,ＶＴＨＤ,7593,東P,,505,-1,-0.20%,153,8.18倍,0.81倍,4.75%
20261008,1602,アサンテ,6073,東P,,"1,261",-42,-3.22%,153,352倍,1.31倍,4.92%
20261008,1603,恵和,4251,東P,,"1,180",-18,-1.50%,153,10.5倍,0.87倍,4.24%
20261008,1604,アバール,6918,東S,,"4,345",-90,-2.03%,152,13.4倍,1.17倍,2.44%
20261008,1605,あみやき,2753,東P,,"1,263",-17,-1.33%,152,24.3倍,1.15倍,2.69%
20261008,1606,トレイダーズ,8704,東S,,"1,339",-31,-2.26%,151,7.41倍,1.73倍,3.36%
20261008,1607,日シス技術,4323,東P,,"1,839",-36,-1.92%,151,15.2倍,2.79倍,2.72%
20261008,1608,インターアク,7725,東P,,"1,760",-56,-3.08%,151,17.0倍,1.65倍,3.13%
20261008,1609,グリムス,3150,東P,,"2,348",-28,-1.18%,150,10.1倍,2.81倍,3.96%
20261008,1610,ＧＭＳ,544A,東P,,319,+3,+0.95%,150,3.06倍,0.36倍,ー%
20261008,1611,アイル,3854,東P,,"2,087",+15,+0.72%,150,14.7倍,3.76倍,3.35%
20261008,1612,ＬＩＦＵＬＬ,2120,東P,,233,-1,-0.43%,150,12.0倍,1.07倍,2.88%
20261008,1613,ＷＴ天然ガス,1689,東Ｅ,,785,+22,+2.88%,149,ー倍,ー倍,ー%
20261008,1614,フロンテオ,2158,東G,,675,-5,-0.74%,149,176倍,7.43倍,ー%
20261008,1615,木村化,6378,東S,,"1,128",-38,-3.26%,149,11.7倍,1.08倍,3.63%
20261008,1616,ＴＰＲ,6463,東P,,"1,485",-21,-1.39%,149,10.8倍,0.53倍,4.04%
20261008,1617,明和産,8103,東P,,984,-14,-1.40%,149,9.92倍,0.91倍,4.78%
20261008,1618,リオン,6823,東P,,"3,455",-90,-2.54%,148,12.4倍,1.21倍,2.60%
20261008,1619,富士製薬,4554,東P,,"1,748",-31,-1.74%,148,20.4倍,0.88倍,2.80%
20261008,1620,ナガワ,9663,東P,,"4,735",-45,-0.94%,147,22.2倍,1.09倍,1.27%
20261008,1621,じもとＨＤ,7161,東S,,658,-33,-4.78%,147,5.14倍,1.88倍,0.76%
20261008,1622,ミニストップ,9946,東P,,"1,756",-31,-1.73%,146,ー倍,2.30倍,1.14%
20261008,1623,フィードワン,2060,東P,,"1,409",-4,-0.28%,146,8.30倍,0.86倍,3.69%
20261008,1624,特種東海,3708,東P,,"2,072",+7,+0.34%,146,15.3倍,0.84倍,4.54%
20261008,1625,長府製,5946,東P,,"1,965",-9,-0.46%,146,20.9倍,0.48倍,2.34%
20261008,1626,サガミＨＤ,9900,東P,,"1,031",-2,-0.19%,145,52.0倍,3.16倍,0.58%
20261008,1627,いちごホテル,3463,東Ｒ,,"100,300",-200,-0.20%,145,16.2倍,0.80倍,6.16%
20261008,1628,ＳＰＤＲ５百,1557,東Ｅ,,"122,700",-700,-0.57%,145,ー倍,ー倍,ー%
20261008,1629,日本管財ＨＤ,9347,東P,,"2,835",-16,-0.56%,144,14.1倍,1.34倍,2.12%
20261008,1630,大東銀,8563,東S,,"1,313",-37,-2.74%,144,10.4倍,0.59倍,3.05%
20261008,1631,技研製,6289,東P,,"1,937",-31,-1.58%,144,22.3倍,1.26倍,2.79%
20261008,1632,ｉＳ米国株Ｈ,2563,東Ｅ,,410.1,-1.8,-0.44%,143,ー倍,ー倍,ー%
20261008,1633,Ｅ・ＪＨＤ,2153,東P,,"1,822",-27,-1.46%,143,8.85倍,0.81倍,4.50%
20261008,1634,ＦＪネクＨＤ,8935,東P,,"1,886",-38,-1.98%,143,5.88倍,0.74倍,4.24%
20261008,1635,力の源ＨＤ,3561,東P,,"1,366",+10,+0.74%,143,22.8倍,3.42倍,1.76%
20261008,1636,明治電機工業,3388,東P,,"2,088",-35,-1.65%,142,8.61倍,0.69倍,4.60%
20261008,1637,ＮＪＳ,2325,東P,,"4,330",-125,-2.81%,142,16.8倍,1.34倍,2.54%
20261008,1638,やまみ,2820,東S,,"6,700",-60,-0.89%,142,22.6倍,3.94倍,1.49%
20261008,1639,東京産,8070,東P,,980,-36,-3.54%,142,15.1倍,0.98倍,4.08%
20261008,1640,日神ＧＨＤ,8881,東P,,627,-6,-0.95%,141,8.37倍,0.42倍,5.90%
20261008,1641,エターナルＧ,3193,東P,,"1,315",+16,+1.23%,141,16.0倍,2.85倍,1.75%
20261008,1642,エスケー化研,4628,東S,,"10,040",-470,-4.47%,141,14.3倍,0.77倍,1.79%
20261008,1643,ムービン,421A,東G,,"4,100",-40,-0.97%,141,17.5倍,7.29倍,ー%
20261008,1644,プロシップ,3763,東P,,"2,001",-54,-2.63%,140,22.0倍,4.72倍,2.10%
20261008,1645,ノーリツ,5943,東P,,"2,138",-22,-1.02%,140,11.3倍,0.68倍,4.40%
20261008,1646,レオン,6272,東P,,"1,435",-28,-1.91%,140,9.58倍,0.89倍,4.18%
20261008,1647,スミダコーポ,6817,東P,,"1,261",-28,-2.17%,140,11.4倍,0.66倍,4.20%
20261008,1648,北ガス,9534,東P,,830,-19,-2.24%,140,7.70倍,0.73倍,3.25%
20261008,1649,三洋工,5958,東S,,"4,395",+45,+1.03%,139,9.50倍,0.60倍,4.78%
20261008,1650,松尾電,6969,東S,,"1,248",+9,+0.73%,139,10.2倍,1.29倍,1.20%
20261008,1651,東洋電,6505,東S,,"2,304",-55,-2.33%,139,8.51倍,0.72倍,5.03%
20261008,1652,大日精,4116,東P,,"1,281",-25,-1.91%,139,9.64倍,0.60倍,4.29%
20261008,1653,石原ケミ,4462,東P,,"3,095",-90,-2.83%,139,15.3倍,1.66倍,1.55%
20261008,1654,ＧＸロボ日株,2638,東Ｅ,,"2,743",-92,-3.25%,138,ー倍,ー倍,ー%
20261008,1655,大黒屋,6993,東S,,86,-1,-1.15%,138,102倍,11.8倍,ー%
20261008,1656,アサカ理研,5724,東S,,"2,701",-124,-4.39%,137,17.3倍,2.33倍,0.44%
20261008,1657,Ｉｎｅ,4933,東P,,"2,224",+22,+1.00%,137,ー倍,2.23倍,0.67%
20261008,1658,Ａ＆Ｄホロン,7745,東P,,"2,892",-73,-2.46%,136,17.6倍,1.59倍,2.07%
20261008,1659,保土谷,4112,東P,,"2,010",-96,-4.56%,136,24.6倍,0.59倍,2.99%
20261008,1660,スペース,9622,東P,,"1,382",-16,-1.14%,136,10.3倍,0.95倍,5.21%
20261008,1661,ヨータイ,5357,東P,,"1,665",-31,-1.83%,136,11.8倍,0.89倍,5.41%
20261008,1662,ハードオフ,2674,東P,,"2,486",-41,-1.62%,136,10.5倍,1.74倍,3.70%
20261008,1663,ジーデップ,5885,東S,,"2,995",-155,-4.92%,135,19.9倍,4.67倍,1.60%
20261008,1664,シード,7743,東S,,793,0,0.00%,135,17.8倍,1.26倍,ー%
20261008,1665,カナデン,8081,東P,,"2,554",-36,-1.39%,135,14.2倍,1.11倍,3.92%
20261008,1666,三信電,8150,東P,,"3,300",-45,-1.35%,134,11.2倍,0.89倍,4.24%
20261008,1667,ｉＳ米２０,2255,東Ｅ,,185.1,-3.5,-1.86%,134,ー倍,ー倍,ー%
20261008,1668,ＤｙＤｏ,2590,東P,,"2,884",+5,+0.17%,134,15.2倍,1.32倍,1.04%
20261008,1669,ジェイドＧ,3558,東G,,"1,817",-15,-0.82%,134,ー倍,2.42倍,ー%
20261008,1670,太洋テクノ,6663,東S,,318,+12,+3.92%,134,25.7倍,0.69倍,0.94%
20261008,1671,ヤマタネ,9305,東P,,"2,014",-7,-0.35%,134,9.72倍,0.68倍,4.22%
20261008,1672,キーコーヒー,2594,東P,,"1,958",-2,-0.10%,133,55.9倍,1.30倍,0.61%
20261008,1673,三光合成,7888,東P,,894,-17,-1.87%,133,6.06倍,0.78倍,3.58%
20261008,1674,ＧＸ韓半導体,633A,東Ｅ,,"1,056",-20,-1.86%,132,ー倍,ー倍,ー%
20261008,1675,だいわ,6459,東P,,"1,608",-40,-2.43%,132,14.1倍,1.11倍,4.04%
20261008,1676,ＴＯＡ,6809,東P,,"1,708",-20,-1.16%,132,17.4倍,1.02倍,4.98%
20261008,1677,上場リート隔,1345,東Ｅ,,"1,676",-6,-0.36%,132,ー倍,ー倍,ー%
20261008,1678,福田組,1899,東P,,"4,620",-70,-1.49%,132,11.5倍,0.80倍,3.03%
20261008,1679,大豊建,1822,東S,,785,-1,-0.13%,131,14.1倍,0.96倍,4.84%
20261008,1680,トーホー,8142,東P,,"1,396",+2,+0.14%,131,9.28倍,1.23倍,4.37%
20261008,1681,ゼビオＨＤ,8281,東P,,"1,077",+11,+1.03%,131,5.94倍,0.37倍,3.25%
20261008,1682,ＪＰＨＤ,2749,東P,,636,0,0.00%,131,12.6倍,2.37倍,2.12%
20261008,1683,ミズホメディ,4595,東S,,"1,690",-15,-0.88%,131,10.0倍,1.74倍,5.92%
20261008,1684,日本空調,4658,東P,,"1,553",-14,-0.89%,131,13.8倍,1.71倍,3.67%
20261008,1685,Ｊファーマ,520A,東G,,398,-27,-6.35%,131,ー倍,2.05倍,ー%
20261008,1686,セントラルＲ,3488,東Ｒ,,"104,600",+100,+0.10%,131,15.7倍,1.04倍,6.39%
20261008,1687,日特建,1929,東P,,"1,145",-17,-1.46%,130,12.9倍,1.29倍,4.37%
20261008,1688,中部飼,2053,東P,,"1,910",-4,-0.21%,130,7.95倍,0.73倍,3.98%
20261008,1689,ポート,7047,東G,,"2,141",-15,-0.70%,130,9.25倍,2.79倍,0.61%
20261008,1690,たけびし,7510,東P,,"2,867",-38,-1.31%,129,13.3倍,1.01倍,3.31%
20261008,1691,りたりこ,7366,東P,,"1,974",-15,-0.75%,129,20.4倍,4.79倍,0.76%
20261008,1692,ＪＩＧＳＡＷ,3914,東G,,"2,694",+153,+6.02%,129,ー倍,4.94倍,ー%
20261008,1693,データセンタ,643A,東EN,,"11,445",-115,-0.99%,129,ー倍,ー倍,ー%
20261008,1694,セイワＨＤ,523A,東G,,"1,794",-104,-5.48%,128,ー倍,5.47倍,ー%
20261008,1695,綜研化学,4972,東S,,"4,410",-20,-0.45%,128,17.0倍,1.73倍,ー%
20261008,1696,岡部,5959,東P,,901,-12,-1.31%,127,10.7倍,0.63倍,4.66%
20261008,1697,ＡＤＷＧ,2982,東P,,395,-6,-1.50%,127,6.32倍,0.88倍,5.06%
20261008,1698,フジコピアン,7957,東S,,"2,028",-33,-1.60%,127,2.51倍,0.36倍,8.38%
20261008,1699,ナガイレーベ,7447,東P,,"1,682",-4,-0.24%,127,18.6倍,1.27倍,4.16%
20261008,1700,イチネンＨＤ,9619,東P,,"2,628",-38,-1.43%,127,5.23倍,0.79倍,3.42%
20261008,1701,ＰＢＲ１解消,2080,東Ｅ,,"2,031",-29,-1.41%,127,ー倍,ー倍,ー%
20261008,1702,ＡＩストーム,3719,東S,,91,-11,-10.78%,127,14.1倍,1.28倍,3.30%
20261008,1703,ＳＲＡＨＤ,3817,東P,,"4,640",-10,-0.22%,126,10.4倍,1.66倍,4.74%
20261008,1704,ＲＹＯＤＥＮ,8084,東P,,"2,425",-46,-1.86%,126,17.2倍,1.08倍,3.51%
20261008,1705,三谷商,8066,東S,,"3,205",-285,-8.17%,125,12.6倍,1.42倍,2.75%
20261008,1706,グッドコムＡ,3475,東P,,"1,460",-4,-0.27%,125,9.23倍,3.00倍,3.15%
20261008,1707,戸田工,4100,東S,,"1,770",-80,-4.32%,125,20.5倍,0.90倍,ー%
20261008,1708,ＩＴＦＯＲ,4743,東P,,"1,600",-6,-0.37%,124,12.5倍,2.11倍,5.00%
20261008,1709,トマト銀,8542,東S,,"1,855",-83,-4.28%,124,11.7倍,0.45倍,2.70%
20261008,1710,ＩＢＪ,6071,東P,,910,+2,+0.22%,124,13.7倍,3.15倍,2.09%
20261008,1711,中外炉,1964,東P,,"3,755",-75,-1.96%,124,10.4倍,0.90倍,4.79%
20261008,1712,ＪＤＳＣ,4418,東G,,"1,066",-42,-3.79%,124,16.0倍,2.55倍,ー%
20261008,1713,ビーロット,3452,東S,,"1,363",-9,-0.66%,124,5.13倍,1.16倍,5.87%
20261008,1714,アバントＧ,3836,東P,,"1,200",+21,+1.78%,124,12.0倍,2.84倍,2.83%
20261008,1715,三菱紙,3864,東P,,"1,226",-4,-0.33%,124,8.27倍,0.52倍,1.63%
20261008,1716,日工,6306,東P,,986,-12,-1.20%,124,14.4倍,1.03倍,4.26%
20261008,1717,ＴＥＩＫＯＫ,6333,東P,,"3,445",-105,-2.96%,124,14.1倍,1.69倍,3.83%
20261008,1718,ｍｅｉｔｏ,2207,東P,,"3,375",+5,+0.15%,123,11.8倍,0.83倍,2.37%
20261008,1719,大戸屋ＨＤ,2705,東S,,"8,900",-30,-0.34%,123,46.2倍,15.1倍,0.22%
20261008,1720,Ｊティッシュ,7774,東G,,778,-46,-5.58%,123,316倍,6.14倍,ー%
20261008,1721,ヨシックス,3221,東P,,"2,861",-22,-0.76%,123,12.3倍,2.14倍,1.12%
20261008,1722,ｇｕｍｉ,3903,東P,,191,-5,-2.55%,123,ー倍,0.54倍,ー%
20261008,1723,ＪＳＰ,7942,東P,,"2,918",-97,-3.22%,122,10.2倍,0.69倍,3.43%
20261008,1724,明星工,1976,東P,,"1,655",-22,-1.31%,122,13.6倍,1.12倍,3.93%
20261008,1725,ジェコス,9991,東P,,"1,715",-32,-1.83%,122,10.1倍,0.81倍,4.02%
20261008,1726,ネツレン,5976,東P,,"1,425",-16,-1.11%,122,20.7倍,0.79倍,4.98%
20261008,1727,北浜ＣＰ,2134,東S,,17,-1,-5.56%,121,5.36倍,1.97倍,ー%
20261008,1728,三重交ＨＤ,3232,東P,,558,+3,+0.54%,121,9.37倍,0.77倍,3.58%
20261008,1729,上場高配当,1698,東Ｅ,,"4,259",-38,-0.88%,120,ー倍,ー倍,ー%
20261008,1730,ツバキナカ,6464,東P,,310,-11,-3.43%,120,23.7倍,0.30倍,ー%
20261008,1731,ＭＷＣＣ,9227,東G,,771,-30,-3.75%,120,"3,084倍",102倍,ー%
20261008,1732,ヌーラボ,5033,東G,,"1,295",+54,+4.35%,120,17.0倍,4.02倍,ー%
20261008,1733,上場半導体株,213A,東Ｅ,,439.5,-4.6,-1.04%,120,ー倍,ー倍,ー%
20261008,1734,ｉＳ米２５ヘ,238A,東Ｅ,,105.3,-3.9,-3.57%,119,ー倍,ー倍,ー%
20261008,1735,ニッケ,3201,東P,,"1,889",-32,-1.67%,119,13.0倍,0.91倍,2.65%
20261008,1736,バンドー,5195,東P,,"2,442",-32,-1.29%,119,12.3倍,1.06倍,4.10%
20261008,1737,トランシティ,9310,東P,,"1,355",-7,-0.51%,119,12.3倍,0.79倍,3.21%
20261008,1738,エフ・コード,9211,東G,,"1,419",-22,-1.53%,119,9.17倍,2.07倍,ー%
20261008,1739,ｉＦＳＰ有,2248,東Ｅ,,"2,785",-10,-0.36%,118,ー倍,ー倍,ー%
20261008,1740,リンガハット,8200,東P,,"2,286",-6,-0.26%,118,49.4倍,3.86倍,0.57%
20261008,1741,スクイーズ,558A,東G,,"6,090",+150,+2.53%,118,38.7倍,8.32倍,ー%
20261008,1742,日本トリム,6788,東P,,"5,240",-10,-0.19%,118,17.7倍,1.68倍,2.48%
20261008,1743,日東精,5957,東P,,742,-17,-2.24%,117,11.7倍,0.73倍,3.23%
20261008,1744,福井コン,9790,東P,,"3,045",-5,-0.16%,117,13.9倍,2.10倍,2.53%
20261008,1745,キャリアデザ,2410,東P,,"2,501",-51,-2.00%,116,10.4倍,2.60倍,6.40%
20261008,1746,ソラコム,147A,東G,,948,-25,-2.57%,116,61.7倍,3.87倍,ー%
20261008,1747,東京綱,5981,東P,,"1,795",-43,-2.34%,116,9.24倍,0.67倍,3.90%
20261008,1748,ゼンリン,9474,東P,,888,0,0.00%,115,19.0倍,0.99倍,4.73%
20261008,1749,ＳＫジャパン,7608,東S,,974,+31,+3.29%,115,12.0倍,2.43倍,2.46%
20261008,1750,イオン北海道,7512,東S,,840,+2,+0.24%,114,39.0倍,1.61倍,1.90%
20261008,1751,モロゾフ,2217,東P,,"1,417",-33,-2.28%,114,97.9倍,1.42倍,0.71%
20261008,1752,ブライトパス,4594,東G,,43,-2,-4.44%,114,ー倍,3.29倍,ー%
20261008,1753,ＳＭＤリート,1398,東Ｅ,,"1,688.5",-13.0,-0.76%,113,ー倍,ー倍,ー%
20261008,1754,野村原油,1699,東Ｅ,,721.9,+3.8,+0.53%,113,ー倍,ー倍,ー%
20261008,1755,石井表記,6336,東S,,"1,585",-109,-6.43%,113,11.8倍,1.13倍,2.59%
20261008,1756,エンビプロ,5698,東S,,681,-25,-3.54%,113,9.24倍,1.03倍,3.23%
20261008,1757,日進工具,6157,東S,,792,-15,-1.86%,113,23.9倍,1.05倍,3.79%
20261008,1758,ｉＳ国債〇一,570A,東Ｅ,,902.0,+0.1,+0.01%,113,ー倍,ー倍,ー%
20261008,1759,福島銀,8562,東S,,397,-14,-3.41%,113,15.4倍,0.57倍,1.26%
20261008,1760,ランビジネス,8944,東S,,282,-14,-4.73%,113,10.9倍,0.32倍,2.13%
20261008,1761,野村国内債券,2510,東Ｅ,,791.7,+1.7,+0.22%,112,ー倍,ー倍,ー%
20261008,1762,Ｔ－ＢＡＳＥ,3415,東P,,344,-2,-0.58%,112,9.77倍,2.43倍,2.03%
20261008,1763,トリプラ,5136,東G,,"2,526",-51,-1.98%,112,19.6倍,6.58倍,ー%
20261008,1764,中村屋,2204,東S,,"3,005",-15,-0.50%,111,18.1倍,0.62倍,2.50%
20261008,1765,進和,7607,東P,,"2,955",-45,-1.50%,111,12.8倍,0.85倍,4.20%
20261008,1766,寺崎電気,6637,東S,,"4,255",-45,-1.05%,111,13.9倍,0.93倍,1.32%
20261008,1767,ソフィア,6942,東S,,"1,410",-5,-0.35%,110,934倍,2.17倍,ー%
20261008,1768,ＭＸ高利Ｊリ,1660,東Ｅ,,"9,628",-184,-1.88%,110,ー倍,ー倍,ー%
20261008,1769,ＷＩＺＥ,3664,東G,,18,-2,-10.00%,110,ー倍,1.62倍,ー%
20261008,1770,デジハＨＤ,3676,東P,,"1,050",+1,+0.10%,110,12.7倍,2.37倍,ー%
20261008,1771,ゼロ,9028,東S,,"3,060",-45,-1.45%,110,7.04倍,1.07倍,4.63%
20261008,1772,ＷＯＷＯＷ,4839,東P,,921,-2,-0.22%,110,44.8倍,0.39倍,3.26%
20261008,1773,ドーン,2303,東S,,"1,333",-7,-0.52%,109,16.3倍,2.65倍,1.20%
20261008,1774,ＬｉＮＫＸ,584A,東G,,"2,400",-42,-1.72%,109,34.5倍,9.78倍,ー%
20261008,1775,オーバル,7727,東S,,918,-33,-3.47%,108,13.2倍,1.19倍,3.05%
20261008,1776,広済堂ＨＤ,7868,東P,,532,-2,-0.37%,108,17.1倍,1.60倍,2.51%
20261008,1777,ＩＤＨＤ,4709,東P,,"1,076",+12,+1.13%,108,12.2倍,2.44倍,4.65%
20261008,1778,フリュー,6238,東P,,"1,405",-13,-0.92%,108,14.9倍,1.60倍,2.85%
20261008,1779,アピリッツ,4174,東S,,998,-20,-1.96%,108,18.7倍,2.25倍,2.91%
20261008,1780,ブレインズ,4075,東G,,"1,378",-31,-2.20%,108,46.6倍,4.37倍,ー%
20261008,1781,ＯｎｅＪリト,2556,東Ｅ,,"1,695.0",-12.0,-0.70%,107,ー倍,ー倍,ー%
20261008,1782,東インキ,4635,東S,,"1,931",-51,-2.57%,107,9.00倍,0.75倍,4.92%
20261008,1783,モリト,9837,東P,,"1,802",-9,-0.50%,107,14.9倍,1.10倍,4.00%
20261008,1784,アクセルＭ,3624,東G,,82,-4,-4.65%,107,ー倍,16.1倍,ー%
20261008,1785,ＡＢ＆Ｃ,9251,東G,,"1,531",-11,-0.71%,106,14.8倍,2.32倍,3.92%
20261008,1786,ＴＯＲＩＣＯ,7138,東G,,129,-11,-7.86%,106,ー倍,1.49倍,ー%
20261008,1787,前沢給装,6485,東S,,"1,530",-88,-5.44%,106,15.3倍,0.77倍,3.92%
20261008,1788,市光工,7244,東P,,542,-8,-1.45%,106,10.4倍,0.63倍,3.32%
20261008,1789,アルビス,7475,東P,,"3,770",0,0.00%,106,27.0倍,0.95倍,ー%
20261008,1790,スターツプロ,8979,東Ｒ,,"174,000","-1,200",-0.68%,106,17.2倍,1.02倍,6.26%
20261008,1791,ｉＦナ百Ｗベ,2870,東Ｅ,,"6,849",+95,+1.41%,105,ー倍,ー倍,ー%
20261008,1792,フルキャスト,4848,東P,,"1,774",+2,+0.11%,105,11.3倍,1.91倍,3.61%
20261008,1793,チャームケア,6062,東P,,"1,386",-19,-1.35%,105,11.2倍,1.97倍,3.46%
20261008,1794,メンバーズ,2130,東P,,701,+8,+1.15%,105,60.0倍,1.51倍,4.99%
20261008,1795,アミューズ,4301,東P,,"1,821",+14,+0.77%,105,23.6倍,0.82倍,3.51%
20261008,1796,多木化,4025,東P,,"5,840",-40,-0.68%,104,13.9倍,1.04倍,1.80%
20261008,1797,ＲＩＺＡＰ,2928,札Ａ,,170,-2,-1.16%,104,20.2倍,2.02倍,0.79%
20261008,1798,上場高配５０,399A,東Ｅ,,"2,288",-7,-0.31%,104,ー倍,ー倍,ー%
20261008,1799,電気興,6706,東P,,"3,275",-50,-1.50%,104,12.4倍,0.76倍,3.21%
20261008,1800,あすか薬ＨＤ,4886,東P,,"1,985",-29,-1.44%,104,11.8倍,0.80倍,3.27%
20261008,1801,ＢＴＣＪＰＮ,8105,東S,,63,-2,-3.08%,104,ー倍,0.91倍,ー%
20261008,1802,リプロセル,4978,東G,,128,-6,-4.48%,104,ー倍,1.47倍,ー%
20261008,1803,空港施設,8864,東S,,898,-7,-0.77%,103,13.1倍,0.72倍,4.68%
20261008,1804,ＮＥＣキャピ,8793,東P,,"4,005",-15,-0.37%,102,8.63倍,0.66倍,3.75%
20261008,1805,アルファ,4719,東P,,"3,160",-70,-2.17%,102,12.2倍,0.98倍,4.43%
20261008,1806,Ｃ＆Ｒ,4763,東P,,"1,495",-15,-0.99%,102,8.92倍,1.57倍,3.48%
20261008,1807,アイホン,6718,東P,,"2,691",-4,-0.15%,102,13.8倍,0.62倍,4.83%
20261008,1808,コニシ,4956,東P,,"1,449",-9,-0.62%,102,10.9倍,0.98倍,2.62%
20261008,1809,イクヨ,7273,東S,,585,+13,+2.27%,102,280倍,1.31倍,0.51%
20261008,1810,ＭＥＲＦ,3168,東S,,"1,215",-47,-3.72%,102,6.11倍,1.43倍,3.29%
20261008,1811,ｉシェア４百,1364,東Ｅ,,"3,790",-77,-1.99%,102,ー倍,ー倍,ー%
20261008,1812,野村高配７０,1577,東Ｅ,,"58,510",-600,-1.02%,102,ー倍,ー倍,ー%
20261008,1813,グリーンエナ,1436,東G,,"1,705",-115,-6.32%,101,22.0倍,3.62倍,0.35%
20261008,1814,ＴＤＣソフト,4687,東P,,"1,091",+10,+0.93%,101,13.0倍,2.25倍,3.12%
20261008,1815,ＪＢＳ,5036,東P,,"1,600",+9,+0.57%,101,10.3倍,2.52倍,3.13%
20261008,1816,コンヴァノ,6574,東G,,130,-1,-0.76%,101,11.1倍,5.34倍,0.77%
20261008,1817,ウェルネオＳ,2117,東P,,"2,673",-11,-0.41%,100,13.5倍,1.13倍,4.45%
20261008,1818,極東貿易,8093,東P,,"1,727",-22,-1.26%,100,8.31倍,0.62倍,4.28%
20261008,1819,クレオス,8101,東P,,"2,417",-43,-1.75%,100,11.2倍,0.86倍,4.39%
20261008,1820,イントラマト,3850,東S,,"3,825",+15,+0.39%,100,17.9倍,3.18倍,1.96%
20261008,1821,ワールドＨＤ,2429,東P,,"2,823",-4,-0.14%,100,7.15倍,1.02倍,4.83%
20261008,1822,Ｒフィールド,2910,東P,,"1,341",-10,-0.74%,100,112倍,1.23倍,1.79%
20261008,1823,ニッピ,7932,東S,,"11,170",-60,-0.53%,99,11.2倍,0.78倍,6.28%
20261008,1824,学研ＨＤ,9470,東P,,995,-3,-0.30%,99,11.1倍,0.83倍,2.91%
20261008,1825,ＵＥＸ,9888,東S,,"1,169",-18,-1.52%,99,4.01倍,0.63倍,ー%
20261008,1826,電算システム,4072,東P,,"3,155",+30,+0.96%,99,12.9倍,1.32倍,3.17%
20261008,1827,日阪製,6247,東P,,"1,579",-40,-2.47%,99,17.3倍,0.65倍,3.48%
20261008,1828,三谷セキ,5273,東S,,"1,962",-18,-0.91%,99,13.5倍,1.29倍,2.22%
20261008,1829,大阪製鉄,5449,東S,,"2,263",-88,-3.74%,99,226倍,0.61倍,ー%
20261008,1830,バリュエンス,9270,東G,,"1,840",-40,-2.13%,98,8.09倍,2.31倍,2.45%
20261008,1831,エーアイテイ,9381,東P,,"2,166",-37,-1.68%,97,15.0倍,2.52倍,5.08%
20261008,1832,ファーマＦ,2929,東P,,673,-14,-2.04%,97,8.88倍,1.48倍,3.71%
20261008,1833,オプティム,3694,東P,,469,-4,-0.85%,97,22.5倍,2.71倍,ー%
20261008,1834,システムリサ,3771,東P,,"1,894",+7,+0.37%,96,11.1倍,2.48倍,4.22%
20261008,1835,ハリマ化成Ｇ,4410,東P,,"1,106",-31,-2.73%,96,10.2倍,0.64倍,3.80%
20261008,1836,ｉＳ高配当,1478,東Ｅ,,"5,295",-35,-0.66%,96,ー倍,ー倍,ー%
20261008,1837,カンロ,2216,東S,,"1,024",-15,-1.44%,96,14.0倍,2.13倍,3.22%
20261008,1838,スマートＤ,5137,東G,,297,+1,+0.34%,96,12.4倍,8.01倍,ー%
20261008,1839,ｉＦ高配４０,1651,東Ｅ,,"3,248",-42,-1.28%,95,ー倍,ー倍,ー%
20261008,1840,ファンタジス,1783,東S,,70,0,0.00%,94,48.3倍,1.77倍,ー%
20261008,1841,セプテニＨＤ,4293,東S,,487,+1,+0.21%,94,16.6倍,1.53倍,3.70%
20261008,1842,ＪＰＭＣ,3276,東P,,"2,252",-10,-0.44%,94,19.0倍,3.84倍,ー%
20261008,1843,エブレン,6599,東S,,"4,115",-300,-6.80%,94,15.5倍,1.20倍,1.41%
20261008,1844,グリーンズ,6547,東S,,"2,014",-30,-1.47%,94,6.15倍,2.18倍,2.83%
20261008,1845,ニホンフラ,7820,東P,,650,-18,-2.69%,94,16.4倍,0.46倍,5.54%
20261008,1846,日産車体,7222,東S,,890,-11,-1.22%,93,8.61倍,0.65倍,ー%
20261008,1847,インテリＷ,4847,東P,,"1,517",+16,+1.07%,93,26.0倍,3.95倍,2.44%
20261008,1848,エニマインド,5027,東G,,782,+2,+0.26%,93,28.5倍,2.62倍,0.26%
20261008,1849,上場リートＭ,2552,東Ｅ,,"1,772",-14,-0.78%,93,ー倍,ー倍,ー%
20261008,1850,ザ・パック,3950,東P,,"1,430",+1,+0.07%,92,14.6倍,1.00倍,2.94%
20261008,1851,アキレス,5142,東P,,"1,938",+13,+0.68%,92,12.0倍,0.60倍,2.58%
20261008,1852,日精線,5659,東P,,"1,355",-27,-1.95%,92,14.9倍,0.98倍,3.39%
20261008,1853,理想科学,6413,東P,,"1,019",-6,-0.59%,92,15.5倍,0.94倍,4.91%
20261008,1854,ポピンズ,7358,東S,,"1,890",-20,-1.05%,92,11.9倍,1.87倍,2.86%
20261008,1855,クリアル,2998,東G,,438,-23,-4.99%,92,7.44倍,1.47倍,1.83%
20261008,1856,ラクトＪ,3139,東P,,"3,385",-10,-0.29%,91,9.82倍,1.02倍,3.90%
20261008,1857,シモジマ,7482,東P,,"1,397",-25,-1.76%,91,12.6倍,0.88倍,4.22%
20261008,1858,ＧＸ純金,425A,東Ｅ,,347.5,-2.2,-0.63%,91,ー倍,ー倍,ー%
20261008,1859,酒井重,6358,東P,,"2,024",-30,-1.46%,91,15.9倍,0.55倍,5.43%
20261008,1860,アイモバイル,6535,東P,,482,0,0.00%,91,8.46倍,1.56倍,5.60%
20261008,1861,カルナバイオ,4572,東G,,361,+1,+0.28%,91,ー倍,-18倍,ー%
20261008,1862,ＭＸ日半導体,221A,東Ｅ,,"1,225.5",-39.0,-3.08%,91,ー倍,ー倍,ー%
20261008,1863,クラシル,299A,東G,,"1,202",-30,-2.44%,90,21.0倍,3.72倍,ー%
20261008,1864,山陽電,9052,東P,,"1,900",+1,+0.05%,90,14.0倍,0.65倍,2.63%
20261008,1865,グルメ杵屋,9850,東P,,913,-2,-0.22%,90,80.2倍,2.35倍,0.77%
20261008,1866,ラサ商事,3023,東S,,"1,999",-57,-2.77%,90,10.4倍,0.89倍,4.00%
20261008,1867,Ｏｎｅ高配当,1494,東Ｅ,,"42,080",-390,-0.92%,90,ー倍,ー倍,ー%
20261008,1868,イチケン,1847,東S,,"3,290",-15,-0.45%,90,6.54倍,1.17倍,5.47%
20261008,1869,不二家,2211,東P,,"2,490",+15,+0.61%,90,30.6倍,1.07倍,1.20%
20261008,1870,アルプス技,4641,東P,,866,+6,+0.70%,90,13.1倍,2.42倍,4.16%
20261008,1871,ミダックＨＤ,6564,東P,,"1,963",-17,-0.86%,90,16.3倍,2.97倍,1.02%
20261008,1872,エスプール,2471,東P,,270,0,0.00%,89,12.7倍,2.17倍,3.70%
20261008,1873,Ｂガレージ,3180,東P,,"1,666",-3,-0.18%,89,15.5倍,2.45倍,1.08%
20261008,1874,東京衡機,7719,東S,,470,-28,-5.62%,89,14.4倍,1.90倍,ー%
20261008,1875,ＷＨＤＣ,3823,東S,,39,0,0.00%,89,ー倍,3.52倍,ー%
20261008,1876,宝＆ＣＯ,7921,東P,,"4,185",+10,+0.24%,89,15.4倍,1.62倍,4.30%
20261008,1877,リファバスＧ,7375,東G,,"1,207",-18,-1.47%,89,10.1倍,8.65倍,ー%
20261008,1878,ユーザーロカ,3984,東P,,"1,491",-43,-2.80%,89,15.5倍,2.47倍,2.01%
20261008,1879,ＰＲＯＮＩ,479A,東G,,"1,910",-32,-1.65%,89,9.42倍,4.15倍,ー%
20261008,1880,ｉＳＢＡＩ,408A,東Ｅ,,315.9,-5.1,-1.59%,88,ー倍,ー倍,ー%
20261008,1881,バードマン,7063,東G,,53,-1,-1.85%,88,16.0倍,2.64倍,ー%
20261008,1882,ＧセブンＨＤ,7508,東P,,"1,365",-7,-0.51%,88,10.3倍,1.74倍,5.13%
20261008,1883,白銅,7637,東P,,"3,435",-90,-2.55%,88,10.9倍,1.49倍,4.16%
20261008,1884,ＪＡＬＣＯ,6625,東S,,335,+2,+0.60%,88,34.9倍,2.21倍,5.37%
20261008,1885,アスモ,2654,東S,,389,-3,-0.77%,88,13.4倍,0.76倍,2.57%
20261008,1886,ジェリビンズ,3070,東G,,39,-4,-9.30%,88,19.8倍,0.73倍,ー%
20261008,1887,ＢＳ１１,9414,東S,,935,-12,-1.27%,88,10.8倍,0.66倍,3.74%
20261008,1888,ウルフハンド,194A,東G,,"1,598",-35,-2.14%,88,12.5倍,3.39倍,1.63%
20261008,1889,ククレブ,276A,東G,,"4,340",+40,+0.93%,88,31.9倍,4.64倍,0.69%
20261008,1890,Ｔ＆Ｓ・Ｇ,4055,東G,,"1,523",-87,-5.40%,88,21.1倍,2.81倍,0.72%
20261008,1891,プレイド,4165,東G,,707,-7,-0.98%,88,59.5倍,5.61倍,ー%
20261008,1892,アイネス,9742,東P,,"2,217",+12,+0.54%,87,27.2倍,1.26倍,2.48%
20261008,1893,共同印,7914,東P,,"1,655",-12,-0.72%,87,10.9倍,0.66倍,4.83%
20261008,1894,ＢＢタワー,3776,東S,,273,+5,+1.87%,87,35.0倍,1.84倍,0.73%
20261008,1895,ダイコク電,6430,東P,,"2,265",-6,-0.26%,87,10.7倍,0.66倍,4.42%
20261008,1896,日特塗,4619,東S,,"2,552",-48,-1.85%,87,10.3倍,0.89倍,5.09%
20261008,1897,Ｄｅｆコン,4833,東G,,50,-3,-5.66%,87,2.71倍,1.92倍,ー%
20261008,1898,トランヴィア,545A,東P,,887,+16,+1.84%,86,14.6倍,1.42倍,4.51%
20261008,1899,ヨシムラＨＤ,2884,東P,,580,-8,-1.36%,86,9.90倍,1.06倍,ー%
20261008,1900,日本アクア,1429,東P,,771,-7,-0.90%,86,12.6倍,2.20倍,4.54%
20261008,1901,ニレコ,6863,東S,,"1,076",-22,-2.00%,86,15.4倍,1.37倍,3.25%
20261008,1902,テイツー,7610,東S,,134,-1,-0.74%,85,8.35倍,1.22倍,2.99%
20261008,1903,ワイズＨＤ,5955,東S,,80,-1,-1.23%,85,28.8倍,0.89倍,1.25%
20261008,1904,中村超硬,6166,東G,,575,-22,-3.69%,85,ー倍,6.89倍,ー%
20261008,1905,ＳＩＧＧ,4386,東S,,990,+79,+8.67%,85,11.3倍,1.98倍,3.33%
20261008,1906,エノモト,6928,東S,,"3,290",-125,-3.66%,84,12.1倍,0.88倍,2.43%
20261008,1907,日本精密,7771,東S,,237,-11,-4.44%,84,28.4倍,2.50倍,ー%
20261008,1908,新光商,8141,東P,,"1,566",0,0.00%,84,31.9倍,0.84倍,ー%
20261008,1909,日山村硝,5210,東S,,"2,725",-53,-1.91%,84,9.60倍,0.48倍,5.50%
20261008,1910,Ａｒｅｎｔ,5254,東G,,"4,020",-100,-2.43%,84,27.1倍,3.78倍,ー%
20261008,1911,Ｖコマース,2491,東P,,445,+7,+1.60%,84,ー倍,0.85倍,3.60%
20261008,1912,ＤＭＳ,9782,東S,,"3,235",+15,+0.47%,83,16.0倍,1.13倍,7.17%
20261008,1913,テーオーシー,8841,東S,,951,-10,-1.04%,83,27.1倍,0.80倍,1.16%
20261008,1914,バーチャレク,6193,東G,,"1,120",-105,-8.57%,83,12.2倍,1.91倍,1.34%
20261008,1915,地銀業界改革,395A,東Ｅ,,"1,084.0",-31.0,-2.78%,82,ー倍,ー倍,ー%
20261008,1916,セレンＨＤ,7318,東G,,"1,286",-50,-3.74%,82,11.0倍,1.81倍,ー%
20261008,1917,ヒュウガプラ,7133,東G,,"2,106",+1,+0.05%,82,23.8倍,5.43倍,ー%
20261008,1918,日本ＭＤＭ,7600,東P,,619,-9,-1.43%,82,271倍,0.66倍,2.75%
20261008,1919,ソーダニッカ,8158,東P,,"1,333",+16,+1.21%,82,12.4倍,0.83倍,3.30%
20261008,1920,チヨダ,8185,東P,,986,-6,-0.60%,82,30.4倍,0.67倍,5.48%
20261008,1921,ＹＵＳＨＩＮ,6482,東S,,671,-29,-4.14%,81,23.4倍,0.62倍,ー%
20261008,1922,アイコム,6820,東P,,"3,460",+55,+1.62%,81,16.0倍,0.67倍,2.51%
20261008,1923,Ｔ＆Ｇニーズ,4331,東P,,838,-8,-0.95%,81,15.3倍,0.68倍,4.77%
20261008,1924,ダイトーケミ,4366,東S,,529,-22,-3.99%,81,20.1倍,1.01倍,1.70%
20261008,1925,大日塗,4611,東P,,"1,572",-32,-2.00%,81,13.2倍,0.68倍,3.69%
20261008,1926,ＣＡＣ,4725,東P,,"1,911",-1,-0.05%,81,ー倍,0.91倍,5.23%
20261008,1927,シマダヤ,250A,東S,,"1,516",-12,-0.79%,81,8.35倍,1.16倍,3.56%
20261008,1928,ＷＴ銅,1693,東Ｅ,,"9,016",+110,+1.24%,81,ー倍,ー倍,ー%
20261008,1929,北陸電工,1930,東P,,"1,500",-32,-2.09%,81,10.1倍,0.89倍,3.20%
20261008,1930,ポールＨＤ,3657,東P,,324,-4,-1.22%,80,16.4倍,1.37倍,4.94%
20261008,1931,ＵＬＳグルプ,3798,東S,,515,-4,-0.77%,80,13.1倍,2.51倍,1.59%
20261008,1932,日産東ＨＤ,8291,東S,,534,-10,-1.84%,80,9.07倍,0.54倍,5.06%
20261008,1933,プリモＧＨＤ,367A,東S,,"2,787",-83,-2.89%,80,11.5倍,1.23倍,4.31%
20261008,1934,プロＨＤ,9246,東G,,"2,194",-1,-0.05%,80,77.7倍,5.12倍,ー%
20261008,1935,サイエンスＡ,4412,東G,,"1,415",-132,-8.53%,80,61.1倍,7.45倍,0.07%
20261008,1936,リズム,7769,東P,,"3,740",-40,-1.06%,80,17.5倍,0.87倍,4.48%
20261008,1937,ｉＳ米債７Ｈ,1482,東Ｅ,,"1,462",-17,-1.15%,79,ー倍,ー倍,ー%
20261008,1938,ｅＷｅＬＬ,5038,東G,,"2,295",-28,-1.21%,79,26.1倍,9.82倍,0.92%
20261008,1939,サーバワクス,4434,東S,,"2,427",+27,+1.13%,79,20.0倍,1.79倍,1.24%
20261008,1940,森六,4249,東P,,"2,676",-62,-2.26%,78,7.11倍,0.55倍,4.67%
20261008,1941,ＣＥＨＤ,4320,東S,,"1,631",+2,+0.12%,78,31.3倍,3.33倍,ー%
20261008,1942,デルタフライ,4598,東G,,100,-5,-4.76%,78,ー倍,-7.5倍,ー%
20261008,1943,大豊工業,6470,東S,,"1,157",-12,-1.03%,78,9.14倍,0.51倍,2.59%
20261008,1944,帝通工,6763,東P,,"2,751",-106,-3.71%,78,17.9倍,0.87倍,4.54%
20261008,1945,東北新社,2329,東S,,469,-4,-0.85%,78,ー倍,0.66倍,5.77%
20261008,1946,ＴＫＰ,3479,東G,,"1,820",-40,-2.15%,78,16.5倍,1.29倍,ー%
20261008,1947,フリービット,3843,東P,,"1,711",-36,-2.06%,78,10.7倍,4.21倍,2.40%
20261008,1948,Ｍラインズ,3901,東P,,"1,509",-12,-0.79%,78,11.3倍,2.67倍,3.84%
20261008,1949,ＰＢシステム,4447,東G,,495,+1,+0.20%,78,17.5倍,2.76倍,4.55%
20261008,1950,若築建,1888,東P,,"3,450",-95,-2.68%,78,9.99倍,0.83倍,4.20%
20261008,1951,エネチェンジ,4169,東G,,258,-3,-1.15%,78,18.6倍,2.14倍,ー%
20261008,1952,Ｓクリプトエ,5721,東S,,49,-2,-3.92%,77,ー倍,1.94倍,ー%
20261008,1953,ＥＲＩＨＤ,6083,東S,,"1,415",+15,+1.07%,77,9.68倍,3.74倍,3.11%
20261008,1954,ｉＦ日経Ｗベ,1366,東Ｅ,,61,+1,+1.67%,77,ー倍,ー倍,ー%
20261008,1955,ｉＦ日経ベ,1456,東Ｅ,,"1,195",+20,+1.70%,77,ー倍,ー倍,ー%
20261008,1956,ウネリー,5034,東G,,"2,595",+142,+5.79%,77,23.7倍,3.82倍,ー%
20261008,1957,トヨコー,341A,東G,,"2,019",-7,-0.35%,76,42.2倍,8.87倍,ー%
20261008,1958,ワンキャリア,4377,東G,,"2,446",-26,-1.05%,76,21.0倍,6.64倍,1.43%
20261008,1959,ツカダＧＨＤ,2418,東S,,569,-6,-1.04%,76,4.45倍,0.68倍,2.46%
20261008,1960,ミライアル,4238,東S,,"2,000",-66,-3.19%,76,ー倍,0.78倍,ー%
20261008,1961,ダイト,4577,東P,,"1,309",-1,-0.08%,76,12.3倍,0.70倍,3.44%
20261008,1962,サクサ,6675,東S,,"2,073",-16,-0.77%,76,2.20倍,0.77倍,6.03%
20261008,1963,トーカイ,9729,東P,,"2,535",-15,-0.59%,76,12.8倍,0.93倍,3.16%
20261008,1964,ＮＳＷ,9739,東P,,"2,644",0,0.00%,76,10.5倍,1.06倍,4.73%
20261008,1965,燦ＨＤ,9628,東P,,"1,305",+8,+0.62%,75,9.61倍,0.80倍,3.08%
20261008,1966,クイック,4318,東P,,831,0,0.00%,75,16.5倍,2.30倍,4.57%
20261008,1967,アールプラン,2983,東G,,"1,523",-78,-4.87%,75,5.01倍,1.76倍,3.61%
20261008,1968,フュージック,5256,東G,,"4,000",+225,+5.96%,75,28.5倍,4.20倍,ー%
20261008,1969,日水コン,261A,東S,,"1,920",-25,-1.29%,75,13.7倍,1.49倍,3.85%
20261008,1970,山王,3441,東S,,"1,770",-70,-3.80%,75,11.1倍,0.93倍,2.54%
20261008,1971,ソフトクリエ,3371,東P,,"2,169",+16,+0.74%,74,13.1倍,2.13倍,2.86%
20261008,1972,ダイニック,3551,東S,,"1,550",-1,-0.06%,74,6.31倍,0.40倍,2.97%
20261008,1973,インテージＨ,4326,東P,,"1,896",+21,+1.12%,74,18.1倍,2.13倍,2.64%
20261008,1974,有機薬,4531,東S,,373,+4,+1.08%,74,13.5倍,0.60倍,2.68%
20261008,1975,高島,8007,東P,,764,-12,-1.55%,74,16.3倍,1.14倍,6.02%
20261008,1976,三谷産業,8285,東S,,771,-24,-3.02%,74,18.3倍,0.83倍,1.69%
20261008,1977,ｉＳＳＰカバ,452A,東Ｅ,,821.5,-0.5,-0.06%,74,ー倍,ー倍,ー%
20261008,1978,中北製,6496,東S,,"5,110",-260,-4.84%,74,11.2倍,0.63倍,2.25%
20261008,1979,ヘッドウォ,4011,東G,,"2,356",-44,-1.83%,73,36.9倍,2.35倍,ー%
20261008,1980,ＳＢＩＩＧ,7326,東G,,"2,078",-22,-1.05%,73,14.3倍,1.03倍,2.84%
20261008,1981,システムソフ,7527,東S,,47,+1,+2.17%,73,224倍,0.95倍,ー%
20261008,1982,ミンカブ,4436,東G,,614,+3,+0.49%,73,3.15倍,6.88倍,ー%
20261008,1983,ウェッジＨＤ,2388,東G,,15,+3,+25.00%,73,ー倍,0.82倍,ー%
20261008,1984,高千穂交易,2676,東P,,"2,024",-18,-0.88%,73,22.9倍,2.25倍,3.75%
20261008,1985,ＧＭＯ－ＰＰ,3695,東G,,"1,510",-16,-1.05%,73,16.0倍,2.68倍,4.69%
20261008,1986,犬猫生活,556A,東G,,"2,862",-47,-1.62%,73,16.8倍,3.64倍,ー%
20261008,1987,ＪＳＨ,150A,東G,,795,-18,-2.21%,73,21.5倍,2.07倍,0.38%
20261008,1988,ＯＡＴアグリ,4979,東S,,"2,778",-30,-1.07%,73,11.7倍,1.32倍,2.16%
20261008,1989,ＪＭＡＣＳ,5817,東S,,"1,116",-58,-4.94%,73,25.3倍,1.10倍,1.34%
20261008,1990,ニチリン,5184,東S,,"4,110",-80,-1.91%,72,9.56倍,0.85倍,4.62%
20261008,1991,ベルテクス,5290,東S,,"1,212",-38,-3.04%,72,12.6倍,1.37倍,3.30%
20261008,1992,ケンコーマヨ,2915,東P,,"1,971",0,0.00%,72,10.0倍,0.68倍,3.55%
20261008,1993,ザイン,6769,東S,,"1,168",-82,-6.56%,72,115倍,1.43倍,1.28%
20261008,1994,ＫＮＴＣＴ,9726,東S,,"2,019",+28,+1.41%,72,9.64倍,2.86倍,0.50%
20261008,1995,積化成,4228,東P,,604,-17,-2.74%,72,11.0倍,0.53倍,2.81%
20261008,1996,ラクオリア,4579,東G,,606,-13,-2.10%,72,ー倍,2.03倍,ー%
20261008,1997,アイドマＨＤ,7373,東G,,840,-9,-1.06%,72,10.1倍,1.56倍,3.57%
20261008,1998,リックス,7525,東P,,"3,450",-55,-1.57%,72,9.33倍,0.97倍,4.70%
20261008,1999,ＰＳＳ,7707,東G,,227,+1,+0.44%,72,21.4倍,1.52倍,1.32%
20261008,2000,ロゴスＨＤ,205A,東G,,"1,575",-33,-2.05%,72,5.33倍,1.53倍,5.63%
20261008,2001,ＷＴ銀,1673,東Ｅ,,"8,470",-238,-2.73%,72,ー倍,ー倍,ー%
20261008,2002,新日本製薬,4931,東P,,"1,963",-4,-0.20%,71,12.2倍,1.72倍,2.90%
20261008,2003,ハニーズＨＤ,2792,東P,,"1,392",+5,+0.36%,71,15.5倍,0.80倍,3.95%
20261008,2004,フコク,5185,東P,,"1,912",-19,-0.98%,71,11.8倍,0.66倍,5.23%
20261008,2005,日コン,5269,東P,,346,-9,-2.54%,71,7.22倍,0.42倍,2.89%
20261008,2006,ホッカン,5902,東P,,"2,532",-19,-0.74%,71,8.91倍,0.51倍,3.95%
20261008,2007,ＣＡＮＢＡＳ,4575,東G,,759,-21,-2.69%,71,ー倍,9.33倍,ー%
20261008,2008,加藤製,6390,東P,,"1,256",-28,-2.18%,71,ー倍,0.34倍,5.57%
20261008,2009,ＮＩＴＴＡＮ,6493,東S,,478,-17,-3.43%,71,7.66倍,0.43倍,4.18%
20261008,2010,マミーマート,9823,東S,,966,-14,-1.43%,71,9.12倍,1.05倍,2.19%
20261008,2011,バロック,3548,東P,,632,+6,+0.96%,71,30.7倍,1.70倍,6.01%
20261008,2012,新家工,7305,東S,,"2,629",-43,-1.61%,71,14.8倍,0.73倍,5.71%
20261008,2013,魚力,7596,東P,,"2,096",-14,-0.66%,70,27.1倍,1.54倍,2.48%
20261008,2014,マクビープラ,7095,東P,,"1,130",+5,+0.44%,70,7.41倍,1.15倍,4.87%
20261008,2015,ベステラ,1433,東P,,"1,194",-31,-2.53%,70,20.0倍,2.02倍,3.35%
20261008,2016,リテールＰＡ,8167,東P,,"1,407",-9,-0.64%,70,10.9倍,0.64倍,2.84%
20261008,2017,フジッコ,2908,東P,,"1,567",+7,+0.45%,70,36.0倍,0.65倍,2.94%
20261008,2018,ＣＯＴＡ,4923,東P,,"1,100",-25,-2.22%,70,24.8倍,2.77倍,1.82%
20261008,2019,キャリアＬ,6070,東P,,"2,463",-27,-1.08%,70,10.4倍,1.87倍,4.87%
20261008,2020,綿半ＨＤ,3199,東P,,"1,235",-6,-0.48%,70,10.1倍,0.95倍,2.51%
20261008,2021,ＳＭＤ高配当,2011,東Ｅ,,844.3,-12.9,-1.50%,70,ー倍,ー倍,ー%
20261008,2022,野村メモリ,639A,東Ｅ,,202.0,-0.7,-0.35%,70,ー倍,ー倍,ー%
20261008,2023,六甲バタ,2266,東P,,"1,073",-6,-0.56%,69,14.1倍,0.61倍,2.84%
20261008,2024,上場ＳＰヘ有,2521,東Ｅ,,"2,194",-8,-0.36%,69,ー倍,ー倍,ー%
20261008,2025,安永,7271,東S,,797,-12,-1.48%,69,6.32倍,0.56倍,4.77%
20261008,2026,大幸薬品,4574,東P,,263,+5,+1.94%,69,24.1倍,1.57倍,1.33%
20261008,2027,ジェイリース,7187,東P,,"1,324",-9,-0.68%,68,9.36倍,3.20倍,4.53%
20261008,2028,愛時計,7723,東P,,"2,822",-36,-1.26%,68,12.1倍,0.85倍,4.25%
20261008,2029,コア,2359,東P,,"1,976",-17,-0.85%,68,9.48倍,1.37倍,3.29%
20261008,2030,フジ住,8860,東P,,695,-6,-0.86%,68,5.40倍,0.42倍,4.60%
20261008,2031,第一建設,1799,東S,,"3,305",-30,-0.90%,68,13.6倍,0.81倍,4.84%
20261008,2032,イントループ,9556,東G,,"2,401",+1,+0.04%,68,9.23倍,3.40倍,ー%
20261008,2033,ティムス,4891,東G,,122,-8,-6.15%,68,ー倍,2.46倍,ー%
20261008,2034,ナレルＧ,9163,東G,,"2,346",-13,-0.55%,68,9.83倍,1.37倍,4.90%
20261008,2035,ｉＳ仏国債Ｈ,2259,東Ｅ,,169.7,-2.0,-1.16%,67,ー倍,ー倍,ー%
20261008,2036,ｉＳ米債３月,2012,東Ｅ,,241.4,-0.4,-0.17%,67,ー倍,ー倍,ー%
20261008,2037,河合楽,7952,東P,,"3,350",-100,-2.90%,67,18.0倍,0.63倍,2.84%
20261008,2038,アドバンＲＭ,8769,東S,,500,-5,-0.99%,67,9.31倍,1.86倍,3.80%
20261008,2039,千代田インテ,6915,東S,,"3,500",-40,-1.13%,67,8.41倍,0.76倍,4.57%
20261008,2040,ｉＦＥＧＢＡ,2629,東Ｅ,,"3,426",-24,-0.70%,67,ー倍,ー倍,ー%
20261008,2041,アドウェイズ,2489,東S,,410,-5,-1.20%,67,10.7倍,1.13倍,2.94%
20261008,2042,コプロＨＤ,7059,東P,,907,-8,-0.87%,67,20.9倍,3.74倍,5.51%
20261008,2043,ヨロズ,7294,東P,,825,-13,-1.55%,67,15.6倍,0.31倍,4.00%
20261008,2044,セルシード,7776,東G,,204,-10,-4.67%,67,ー倍,4.57倍,ー%
20261008,2045,ＩＴメディア,2148,東P,,"1,115",+2,+0.18%,67,15.8倍,3.08倍,4.48%
20261008,2046,ＭＯＲＥＳＣ,5018,東S,,"2,480",+45,+1.85%,67,14.7倍,0.94倍,2.22%
20261008,2047,イーガーディ,6050,東P,,"1,637",+12,+0.74%,67,18.4倍,1.55倍,2.32%
20261008,2048,オエノンＨＤ,2533,東P,,467,-4,-0.85%,66,8.83倍,0.93倍,2.57%
20261008,2049,未来工業,7931,東P,,"3,480",-95,-2.66%,66,13.0倍,1.02倍,3.88%
20261008,2050,三精テクノロ,6357,東S,,"2,532",-70,-2.69%,66,8.49倍,0.89倍,3.75%
20261008,2051,三社電機,6882,東S,,"1,141",-57,-4.76%,66,16.7倍,0.61倍,3.51%
20261008,2052,ＤＭＰ,3652,東G,,"3,025",-40,-1.31%,66,317倍,3.02倍,ー%
20261008,2053,エイチーム,3662,東P,,904,-16,-1.74%,66,56.0倍,1.94倍,3.10%
20261008,2054,アルファＰ,9467,東G,,"1,035",-2,-0.19%,66,11.8倍,1.92倍,2.61%
20261008,2055,帝ホテル,9708,東S,,940,-8,-0.84%,66,60.1倍,2.27倍,0.64%
20261008,2056,鳥取銀,8383,東S,,"1,868",-71,-3.66%,65,10.9倍,0.34倍,2.68%
20261008,2057,エブリー,607A,東G,,247,-3,-1.20%,65,11.0倍,3.12倍,ー%
20261008,2058,ＭＩＣ,300A,東S,,"2,746",-15,-0.54%,65,14.5倍,2.15倍,2.80%
20261008,2059,ＳＭＤ２２５,1397,東Ｅ,,"69,920","-1,040",-1.47%,65,ー倍,ー倍,ー%
20261008,2060,野村鉄鋼非鉄,1623,東Ｅ,,"65,560","-2,900",-4.24%,64,ー倍,ー倍,ー%
20261008,2061,近鉄百,8244,東S,,"1,897",-1,-0.05%,64,19.6倍,1.65倍,1.05%
20261008,2062,明和地所,8869,東S,,784,+3,+0.38%,64,6.34倍,0.49倍,5.10%
20261008,2063,冨士ダイス,6167,東P,,987,-22,-2.18%,64,31.2倍,0.96倍,4.05%
20261008,2064,ＫＯＺＯＨＤ,9973,東S,,18,-1,-5.26%,64,100倍,11.4倍,ー%
20261008,2065,シャノン,3976,東G,,483,-28,-5.48%,64,4.77倍,2.07倍,ー%
20261008,2066,群栄化,4229,東P,,"4,155",-120,-2.81%,63,16.2倍,0.48倍,2.89%
20261008,2067,プロネクサス,7893,東P,,"1,031",-10,-0.96%,63,12.7倍,1.01倍,4.27%
20261008,2068,明豊エンタ,8927,東S,,487,-9,-1.81%,63,5.32倍,1.20倍,3.49%
20261008,2069,フルッタ,2586,東G,,54,-4,-6.90%,63,62.8倍,0.85倍,ー%
20261008,2070,フジオフード,2752,東P,,"1,145",-3,-0.26%,63,535倍,6.89倍,0.26%
20261008,2071,ノイル,4893,東G,,100,-5,-4.76%,63,ー倍,1.22倍,ー%
20261008,2072,ｉＦ高配５０,354A,東Ｅ,,"3,214",-19,-0.59%,63,ー倍,ー倍,ー%
20261008,2073,小野建,7414,東P,,"1,351",-11,-0.81%,63,8.06倍,0.36倍,5.11%
20261008,2074,ジャノメ,6445,東P,,"1,302",-18,-1.36%,63,10.9倍,0.62倍,4.61%
20261008,2075,かわでん,6648,東S,,"1,618",-62,-3.69%,63,8.81倍,1.25倍,4.08%
20261008,2076,ペガサス,6262,東S,,503,-13,-2.52%,62,48.3倍,0.37倍,ー%
20261008,2077,理経,8226,東S,,371,-15,-3.89%,62,13.4倍,0.94倍,1.89%
20261008,2078,金２倍ブル,606A,東Ｅ,,"19,055",-445,-2.28%,62,ー倍,ー倍,ー%
20261008,2079,ＮＥＸＹＺ．,4346,東S,,836,-25,-2.90%,62,11.5倍,3.20倍,3.59%
20261008,2080,ネクスウェア,4814,東S,,168,0,0.00%,62,71.2倍,3.13倍,ー%
20261008,2081,ＪＦＥシステ,4832,東S,,"1,838",+38,+2.11%,62,13.2倍,1.66倍,3.81%
20261008,2082,楽待,6037,東S,,"1,049",-22,-2.05%,62,13.1倍,3.82倍,1.53%
20261008,2083,中越パ,3877,東P,,"2,110",-18,-0.85%,62,16.6倍,0.44倍,5.69%
20261008,2084,Ｓａｐｅｅｔ,269A,東G,,"2,972",-238,-7.41%,62,35.9倍,6.89倍,ー%
20261008,2085,システムサポ,4396,東P,,"1,374",+8,+0.59%,61,13.1倍,3.94倍,3.06%
20261008,2086,日理化,4406,東S,,226,-6,-2.59%,61,10.5倍,0.41倍,1.99%
20261008,2087,いであ,9768,東S,,"3,615",-70,-1.90%,61,10.8倍,0.82倍,3.26%
20261008,2088,日東富士,2003,東S,,"1,846",-3,-0.16%,61,20.4倍,1.36倍,3.79%
20261008,2089,防衛日本株,644A,東EN,,"10,005",-315,-3.05%,61,ー倍,ー倍,ー%
20261008,2090,レック,7874,東P,,947,-12,-1.25%,61,10.2倍,0.82倍,2.96%
20261008,2091,勤次郎,4013,東G,,733,+28,+3.97%,61,13.8倍,1.37倍,1.36%
20261008,2092,ＣＳＨＤ,3810,東S,,178,0,0.00%,61,ー倍,2.23倍,ー%
20261008,2093,ＰＲＴＩＭＥ,3922,東P,,"2,064",-6,-0.29%,61,12.7倍,2.98倍,0.81%
20261008,2094,タカミヤ,2445,東S,,380,-2,-0.52%,61,9.42倍,0.76倍,4.21%
20261008,2095,ヨシコン,5280,東S,,"2,125",-40,-1.85%,61,5.28倍,0.53倍,4.24%
20261008,2096,動物高度医療,6039,東G,,"1,005",-3,-0.30%,61,14.6倍,2.62倍,1.29%
20261008,2097,ＳＥＣカーボ,5304,東S,,"2,313",-63,-2.65%,60,15.2倍,0.59倍,4.32%
20261008,2098,Ｔワークス,3997,東S,,440,+11,+2.56%,60,59.5倍,7.08倍,0.45%
20261008,2099,カイオム,4583,東G,,96,-3,-3.03%,60,ー倍,5.03倍,ー%
20261008,2100,ＦＰパートナ,7388,東P,,"2,270",-2,-0.09%,60,32.4倍,4.73倍,4.14%
20261008,2101,西部技研,6223,東S,,"1,910",-25,-1.29%,60,9.59倍,1.13倍,3.66%
20261008,2102,神奈交,9081,東P,,"3,670",0,0.00%,60,12.1倍,0.68倍,2.45%
20261008,2103,アイエスビー,9702,東P,,"2,403",-2,-0.08%,60,14.9倍,1.85倍,2.91%
20261008,2104,柿安本店,2294,東P,,"2,434",-16,-0.65%,60,29.2倍,1.58倍,3.49%
20261008,2105,ファンコミ,2461,東P,,376,-3,-0.79%,59,36.0倍,1.52倍,5.59%
20261008,2106,ＧＸＳカバコ,2868,東Ｅ,,"1,145",-10,-0.87%,59,ー倍,ー倍,ー%
20261008,2107,ＭＦＳ,196A,東G,,376,+11,+3.01%,59,10.4倍,1.36倍,ー%
20261008,2108,エヌエフＨＤ,6864,東S,,"1,527",-50,-3.17%,59,15.3倍,0.83倍,2.36%
20261008,2109,早稲アカ,4718,東P,,"2,395",+4,+0.17%,59,15.6倍,2.71倍,3.13%
20261008,2110,中本パックス,7811,東S,,"2,185",-78,-3.45%,59,7.53倍,0.91倍,3.75%
20261008,2111,北の達人,2930,東P,,129,-5,-3.73%,58,24.6倍,2.33倍,2.71%
20261008,2112,ブランジスタ,6176,東S,,967,-21,-2.13%,58,7.00倍,2.31倍,6.72%
20261008,2113,ＪＥＳＣＯ,1434,東S,,"1,588",-28,-1.73%,58,10.1倍,1.32倍,3.02%
20261008,2114,ｉＦＥ科創板,2628,東Ｅ,,"3,220",-185,-5.43%,58,ー倍,ー倍,ー%
20261008,2115,ＳＥＩＭＡＨ,3306,東S,,559,-37,-6.21%,58,"1,141倍",1.61倍,0.72%
20261008,2116,スタティアＨ,3393,東P,,"3,075",-20,-0.65%,58,12.3倍,3.59倍,4.72%
20261008,2117,ラクーンＨＤ,3031,東P,,687,-11,-1.58%,57,44.4倍,3.32倍,3.20%
20261008,2118,ＳＳ米株,449A,東Ｅ,,838.9,-4.3,-0.51%,57,ー倍,ー倍,ー%
20261008,2119,イノバセル,504A,東G,,546,-33,-5.70%,57,ー倍,2.58倍,ー%
20261008,2120,ｉＦプ１５０,2017,東Ｅ,,"1,535",-26,-1.67%,57,ー倍,ー倍,ー%
20261008,2121,タウンズ,197A,東S,,518,-3,-0.58%,57,18.7倍,2.85倍,5.60%
20261008,2122,サスメド,4263,東G,,398,-2,-0.50%,57,ー倍,1.69倍,ー%
20261008,2123,東証リート,2555,東Ｅ,,"1,694.5",-35.0,-2.02%,56,ー倍,ー倍,ー%
20261008,2124,ココナラ,4176,東G,,268,-4,-1.47%,56,16.7倍,2.69倍,ー%
20261008,2125,オークワ,8217,東P,,762,-5,-0.65%,56,620倍,0.42倍,3.41%
20261008,2126,ルネサンス,2378,東P,,973,+7,+0.72%,56,38.3倍,2.40倍,1.34%
20261008,2127,出前館,2484,東S,,145,-6,-3.97%,56,ー倍,0.72倍,ー%
20261008,2128,アーレスティ,5852,東P,,617,-15,-2.37%,56,ー倍,0.28倍,5.51%
20261008,2129,ソケッツ,3634,東S,,644,-28,-4.17%,56,28.1倍,2.67倍,0.93%
20261008,2130,アンジェス,4563,東G,,34,-1,-2.86%,56,ー倍,106倍,ー%
20261008,2131,ＰＣＡ,9629,東P,,"1,513",-25,-1.63%,56,38.1倍,1.77倍,2.64%
20261008,2132,杉本商,9932,東P,,"1,288",-21,-1.60%,55,13.0倍,0.64倍,4.19%
20261008,2133,鎌倉新書,6184,東P,,590,-13,-2.16%,55,22.1倍,4.20倍,3.39%
20261008,2134,チノー,6850,東P,,"1,765",-51,-2.81%,55,13.4倍,1.25倍,3.40%
20261008,2135,スパイダー,4192,東G,,320,-4,-1.23%,55,ー倍,4.20倍,ー%
20261008,2136,紀文食品,2933,東P,,"1,035",-14,-1.33%,55,9.23倍,0.95倍,2.22%
20261008,2137,ＢＣＣ,7376,東G,,701,-9,-1.27%,55,ー倍,3.00倍,ー%
20261008,2138,青山財産,8929,東S,,"1,304",+5,+0.38%,55,11.8倍,2.54倍,4.45%
20261008,2139,ミタチ産業,3321,東S,,"1,710",-35,-2.01%,55,7.17倍,0.75倍,4.09%
20261008,2140,マイクロアド,9553,東G,,602,-11,-1.79%,55,23.5倍,4.02倍,ー%
20261008,2141,第一カッタ,1716,東S,,"1,297",-24,-1.82%,55,9.99倍,0.72倍,3.47%
20261008,2142,ヤマウラ,1780,東P,,"1,422",-3,-0.21%,55,9.51倍,1.00倍,2.53%
20261008,2143,野村ダウＨ無,1546,東Ｅ,,"78,480",-740,-0.93%,54,ー倍,ー倍,ー%
20261008,2144,ｉＳ米債７,1656,東Ｅ,,293.7,-3.5,-1.18%,54,ー倍,ー倍,ー%
20261008,2145,ＣＳＰ,9740,東P,,"2,580",-5,-0.19%,54,15.7倍,0.87倍,3.14%
20261008,2146,マーベラス,7844,東P,,507,-1,-0.20%,54,14.2倍,1.02倍,2.96%
20261008,2147,船場,6540,東S,,"1,480",-7,-0.47%,54,9.90倍,1.12倍,5.27%
20261008,2148,ダイヤＨＤ,6699,東S,,476,-7,-1.45%,54,603倍,0.41倍,5.25%
20261008,2149,報国マテリア,5542,東S,,"1,201",-89,-6.90%,54,12.5倍,1.34倍,2.50%
20261008,2150,クリナップ,7955,東P,,882,-14,-1.56%,54,8.76倍,0.52倍,3.74%
20261008,2151,菱友システム,4685,東S,,"2,781",-39,-1.38%,54,9.86倍,1.61倍,3.60%
20261008,2152,サツドラＨＤ,3544,東S,,"1,246",0,0.00%,54,ー倍,1.73倍,ー%
20261008,2153,ＭＳジャパン,6539,東P,,967,+2,+0.21%,53,22.2倍,2.81倍,5.79%
20261008,2154,オーハシテク,7628,東P,,"1,110",-17,-1.51%,53,13.5倍,0.69倍,4.05%
20261008,2155,コーア商ＨＤ,9273,東P,,780,-6,-0.76%,53,9.15倍,1.05倍,2.44%
20261008,2156,ＧＷ,3936,東G,,125,-5,-3.85%,53,38.3倍,3.97倍,ー%
20261008,2157,エステー,4951,東P,,"1,491",-9,-0.60%,53,16.0倍,0.86倍,3.09%
20261008,2158,フイルコン,5942,東S,,697,-10,-1.41%,53,11.6倍,0.57倍,4.02%
20261008,2159,リアルゲイト,5532,東G,,"3,380",-30,-0.88%,53,30.3倍,3.43倍,ー%
20261008,2160,ツツミ,7937,東S,,"2,384",-29,-1.20%,53,13.3倍,0.54倍,4.82%
20261008,2161,アステナＨＤ,8095,東P,,541,-5,-0.92%,53,9.31倍,0.77倍,3.33%
20261008,2162,遠藤照明,6932,東S,,"2,459",-28,-1.13%,52,8.26倍,0.72倍,3.58%
20261008,2163,ＭＳＯＬ,7033,東P,,"1,565",-9,-0.57%,52,12.1倍,3.76倍,3.19%
20261008,2164,コンドー,7438,東P,,"1,636",+16,+0.99%,52,12.4倍,1.09倍,3.55%
20261008,2165,インタライフ,1418,東S,,597,-4,-0.67%,52,11.4倍,1.90倍,5.03%
20261008,2166,ＧＸ高配日株,2564,東Ｅ,,"3,633",-26,-0.71%,52,ー倍,ー倍,ー%
20261008,2167,ｉＦ日経年４,2624,東Ｅ,,"6,958",-138,-1.94%,52,ー倍,ー倍,ー%
20261008,2168,ＴＨＥＣＯＯ,4255,東G,,"3,210",-15,-0.47%,52,11.1倍,8.13倍,ー%
20261008,2169,サイフューズ,4892,東G,,612,-18,-2.86%,52,ー倍,2.47倍,ー%
20261008,2170,ＣＴＳ,4345,東P,,807,-11,-1.34%,52,12.2倍,2.01倍,3.72%
20261008,2171,ファルコＨＤ,4671,東S,,"2,650",-46,-1.71%,52,12.9倍,1.03倍,4.83%
20261008,2172,山田コンサル,4792,東P,,"1,707",+2,+0.12%,52,11.3倍,1.66倍,4.51%
20261008,2173,ＣＫサンエツ,5757,東P,,"4,780",-160,-3.24%,52,6.08倍,0.71倍,2.09%
20261008,2174,大盛工業,1844,東S,,419,-11,-2.56%,51,15.5倍,1.24倍,2.86%
20261008,2175,Ｊテック・Ｃ,3446,東S,,"1,440",-97,-6.31%,51,106倍,2.98倍,ー%
20261008,2176,マツオカ,3611,東S,,"2,388",-10,-0.42%,51,7.37倍,0.63倍,4.82%
20261008,2177,神島化,4026,東S,,"1,574",-36,-2.24%,51,8.90倍,0.96倍,3.30%
20261008,2178,セーフィー,4375,東G,,653,-12,-1.80%,51,ー倍,3.97倍,ー%
20261008,2179,エフオン,9514,東S,,333,-4,-1.19%,51,5.42倍,0.36倍,2.40%
20261008,2180,日本ナレッジ,5252,東G,,"1,027",+23,+2.29%,51,40.7倍,3.72倍,0.68%
20261008,2181,ＳＨＩＮＫＯ,7120,東S,,937,-19,-1.99%,50,6.47倍,2.26倍,4.70%
20261008,2182,ミーク,332A,東G,,"1,111",-31,-2.71%,50,12.5倍,1.97倍,ー%
20261008,2183,幸楽苑,7554,東P,,"1,168",+8,+0.69%,50,17.9倍,3.14倍,1.28%
20261008,2184,ＧＸ防衛テク,466A,東Ｅ,,972,-19,-1.92%,50,ー倍,ー倍,ー%
20261008,2185,ヤマックス,5285,東S,,"1,267",-22,-1.71%,50,7.35倍,1.28倍,4.74%
20261008,2186,日本プロセス,9651,東S,,"1,895",-44,-2.27%,50,13.5倍,1.69倍,4.85%
20261008,2187,神東塗,4615,東S,,134,+1,+0.75%,50,22.8倍,0.35倍,ー%
20261008,2188,トヨクモ,4058,東G,,"2,194",-16,-0.72%,50,17.0倍,5.37倍,1.23%
20261008,2189,サンアスタ,4053,東P,,502,-11,-2.14%,49,14.1倍,1.66倍,1.99%
20261008,2190,日経エンタメ,586A,東Ｅ,,241.4,-2.8,-1.15%,49,ー倍,ー倍,ー%
20261008,2191,ＧＸ優先証券,2866,東Ｅ,,931,-10,-1.06%,49,ー倍,ー倍,ー%
20261008,2192,井村屋Ｇ,2209,東P,,"2,272",-11,-0.48%,49,12.1倍,1.16倍,1.67%
20261008,2193,フラベッドＨ,7840,東P,,"1,271",-14,-1.09%,49,13.8倍,1.06倍,3.30%
20261008,2194,キューブシス,2335,東P,,"1,010",-1,-0.10%,49,10.2倍,1.37倍,4.55%
20261008,2195,ホリイフード,3077,東S,,"1,425",-98,-6.43%,49,15.7倍,7.29倍,ー%
20261008,2196,シキボウ,3109,東P,,"1,012",-8,-0.78%,49,21.4倍,0.35倍,4.94%
20261008,2197,ＳＥＭＴＥＣ,6626,東S,,"2,701",-49,-1.78%,49,12.6倍,1.05倍,2.07%
20261008,2198,高圧ガス,4097,東P,,"1,177",-15,-1.26%,49,14.1倍,0.76倍,3.40%
20261008,2199,扶桑薬,4538,東P,,"2,115",-28,-1.31%,49,13.9倍,0.51倍,4.26%
20261008,2200,明光ネット,4668,東P,,735,+6,+0.82%,49,18.5倍,1.53倍,3.95%
20261008,2201,ドリコム,3793,東G,,534,-13,-2.38%,49,25.2倍,2.91倍,0.94%
20261008,2202,朝日放送ＨＤ,9405,東P,,781,-5,-0.64%,49,12.0倍,0.40倍,2.56%
20261008,2203,神電鉄,9046,東S,,"2,322",-13,-0.56%,48,15.4倍,0.71倍,1.08%
20261008,2204,中央倉,9319,東P,,"1,667",-33,-1.94%,48,14.1倍,0.59倍,2.52%
20261008,2205,ｉＳ米債カバ,453A,東Ｅ,,711.1,-1.5,-0.21%,48,ー倍,ー倍,ー%
20261008,2206,人・夢・技術,9248,東S,,"1,531",-20,-1.29%,48,11.0倍,0.62倍,3.92%
20261008,2207,ビーウィズ,9216,東P,,"1,592",-16,-1.00%,48,24.1倍,2.63倍,4.84%
20261008,2208,日本ＩＳＫ,7986,東S,,"2,232",+236,+11.82%,48,7.61倍,0.70倍,1.34%
20261008,2209,ＳＰＫ,7466,東P,,"1,438",-12,-0.83%,48,10.6倍,0.98倍,2.85%
20261008,2210,松井建,1810,東S,,"1,366",-20,-1.44%,48,9.74倍,0.68倍,5.12%
20261008,2211,信和,3447,東S,,936,-14,-1.47%,48,7.93倍,0.74倍,3.85%
20261008,2212,フエルト,3512,東S,,"1,020",-4,-0.39%,48,33.4倍,0.72倍,2.75%
20261008,2213,ファインデ,3649,東P,,843,-12,-1.40%,48,15.8倍,3.64倍,3.20%
20261008,2214,ＳＭＫ,6798,東P,,"3,345",-25,-0.74%,48,26.5倍,0.68倍,2.99%
20261008,2215,三ッ星,5820,東S,,839,-38,-4.33%,48,12.2倍,0.46倍,2.03%
20261008,2216,エラン,6099,東P,,697,-4,-0.57%,47,13.2倍,2.75倍,2.30%
20261008,2217,扶桑電通,7505,東S,,"1,926",+11,+0.57%,47,8.68倍,1.23倍,4.62%
20261008,2218,ヒビノ,2469,東S,,"1,389",-76,-5.19%,47,10.6倍,1.98倍,3.24%
20261008,2219,野村外リート,2515,東Ｅ,,"1,521",-28,-1.81%,47,ー倍,ー倍,ー%
20261008,2220,片倉,3001,東S,,"2,896",-47,-1.60%,47,12.3倍,0.92倍,2.07%
20261008,2221,丸善ＣＨＩ,3159,東S,,370,-5,-1.33%,47,13.9倍,0.60倍,1.62%
20261008,2222,学究社,9769,東P,,"2,475",-40,-1.59%,47,12.3倍,3.55倍,5.13%
20261008,2223,サックスバー,9990,東P,,742,-7,-0.93%,47,10.3倍,0.72倍,4.72%
20261008,2224,戸上電,6643,東S,,"5,490",-220,-3.85%,47,8.93倍,1.04倍,2.55%
20261008,2225,アンビＤＸ,3300,東G,,"1,810",-24,-1.31%,47,5.17倍,1.38倍,6.19%
20261008,2226,メディアドゥ,3678,東P,,"1,170",-5,-0.43%,46,14.8倍,0.96倍,3.42%
20261008,2227,ＩＧポート,3791,東S,,"1,095",-13,-1.17%,46,70.6倍,2.20倍,1.19%
20261008,2228,ライク,2462,東P,,"1,479",-12,-0.80%,46,11.1倍,1.49倍,4.06%
20261008,2229,ウィルＧ,6089,東P,,"1,114",-8,-0.71%,46,11.6倍,1.28倍,3.95%
20261008,2230,東北銀,8349,東S,,"1,558",-52,-3.23%,46,9.35倍,0.63倍,3.21%
20261008,2231,九州リース,8596,東S,,"1,479",-19,-1.27%,46,7.97倍,0.73倍,4.19%
20261008,2232,ＧＥＮＯＶＡ,9341,東P,,594,-10,-1.66%,46,8.66倍,1.70倍,5.05%
20261008,2233,オカムラ食品,2938,東S,,"1,218",-11,-0.90%,46,22.6倍,3.11倍,0.74%
20261008,2234,モイ,5031,東G,,385,-3,-0.77%,46,ー倍,2.21倍,ー%
20261008,2235,津田駒,6217,東S,,750,-37,-4.70%,46,47.9倍,1.90倍,ー%
20261008,2236,やまや,9994,東S,,"1,964",-26,-1.31%,46,10.2倍,0.58倍,3.67%
20261008,2237,野村不動産,1633,東Ｅ,,"46,690",-50,-0.11%,46,ー倍,ー倍,ー%
20261008,2238,ダブスタ,3925,東P,,"1,290",-3,-0.23%,46,14.6倍,2.93倍,5.43%
20261008,2239,川口化,4361,東S,,"1,693",+13,+0.77%,46,5.89倍,0.60倍,4.13%
20261008,2240,ＮＣＤ,4783,東S,,"2,385",-30,-1.24%,45,10.5倍,2.39倍,5.03%
20261008,2241,ＧＸ住宅日Ｒ,2097,東Ｅ,,870,+2,+0.23%,45,ー倍,ー倍,ー%
20261008,2242,レカム,3323,東S,,89,-3,-3.26%,45,22.7倍,1.24倍,1.35%
20261008,2243,ＧＭＯペパボ,3633,東S,,"2,628",-22,-0.83%,45,10.3倍,4.11倍,6.35%
20261008,2244,高知銀,8416,東S,,"1,117",-72,-6.06%,45,25.1倍,0.29倍,2.24%
20261008,2245,ロボホーム,1435,東S,,167,-2,-1.18%,45,7.42倍,1.33倍,1.20%
20261008,2246,野村建設資材,1619,東Ｅ,,"44,640",-550,-1.22%,45,ー倍,ー倍,ー%
20261008,2247,ヤマト,1967,東S,,"2,132",-10,-0.47%,45,11.1倍,1.11倍,3.61%
20261008,2248,コンバム,6265,東S,,"3,310",+85,+2.64%,45,18.0倍,0.83倍,2.42%
20261008,2249,フルハシＥ,9221,東S,,"1,111",-25,-2.20%,45,14.5倍,2.08倍,2.88%
20261008,2250,ＪＫＨＤ,9896,東S,,"1,313",-22,-1.65%,45,8.36倍,0.54倍,4.57%
20261008,2251,ケーユーＨＤ,9856,東S,,"1,157",-7,-0.60%,44,6.54倍,0.53倍,5.01%
20261008,2252,エイビック,9554,東G,,"1,717",-56,-3.16%,44,14.3倍,3.77倍,ー%
20261008,2253,ケミプロ,4960,東S,,516,-21,-3.91%,44,52.0倍,1.67倍,0.58%
20261008,2254,日金属,5491,東S,,876,-11,-1.24%,44,11.1倍,0.19倍,0.57%
20261008,2255,Ｄｍミックス,7354,東S,,355,-7,-1.93%,44,9.24倍,1.04倍,2.68%
20261008,2256,セキュア,4264,東G,,"1,360",-30,-2.16%,44,20.6倍,2.12倍,ー%
20261008,2257,ＭＸ４００,1593,東Ｅ,,"38,260",-510,-1.32%,44,ー倍,ー倍,ー%
20261008,2258,大成温調,1904,東S,,"1,212",-29,-2.34%,44,5.69倍,0.98倍,4.08%
20261008,2259,ドリームＩ,4310,東P,,"2,520",+2,+0.08%,43,ー倍,2.06倍,5.44%
20261008,2260,キッズバイオ,4584,東G,,159,-6,-3.64%,43,ー倍,4.47倍,ー%
20261008,2261,エコス,7520,東P,,"2,389",-98,-3.94%,43,7.47倍,0.89倍,2.93%
20261008,2262,タナベＣＧ,9644,東P,,672,-5,-0.74%,43,18.6倍,2.11倍,4.32%
20261008,2263,海帆,3133,東G,,34,0,0.00%,43,ー倍,3.44倍,ー%
20261008,2264,モバファク,3912,東S,,"1,040",-5,-0.48%,43,8.25倍,2.70倍,4.90%
20261008,2265,ステムリム,4599,東G,,160,-5,-3.03%,43,ー倍,2.41倍,ー%
20261008,2266,新田ゼラチン,4977,東S,,"1,149",-13,-1.12%,43,8.73倍,0.83倍,3.48%
20261008,2267,ムトー精工,7927,東S,,"2,345",-5,-0.21%,43,5.42倍,0.77倍,4.99%
20261008,2268,東リ,7971,東S,,650,-11,-1.66%,43,10.9倍,0.71倍,5.23%
20261008,2269,重松製,7980,東S,,886,+26,+3.02%,42,8.63倍,0.65倍,1.69%
20261008,2270,ケアサプライ,2393,東S,,"4,290",-75,-1.72%,42,29.0倍,3.71倍,1.72%
20261008,2271,ニＳＰＥＷ無,426A,東Ｅ,,"1,190",-6,-0.50%,42,ー倍,ー倍,ー%
20261008,2272,ＮＩＳＳＯ,9332,東P,,651,+1,+0.15%,42,10.5倍,1.22倍,3.84%
20261008,2273,サニックスＨ,4651,東S,,236,+3,+1.29%,42,11.3倍,1.03倍,1.27%
20261008,2274,抵抗器,6977,東S,,"1,897",0,0.00%,42,23.5倍,1.99倍,0.79%
20261008,2275,小池工,6137,東S,,"1,512",-23,-1.50%,42,9.40倍,0.68倍,3.31%
20261008,2276,パンチ,6165,東S,,554,-8,-1.42%,42,12.7倍,0.63倍,3.63%
20261008,2277,ラストワンＭ,9252,東G,,"4,290",-15,-0.35%,42,10.2倍,2.16倍,0.70%
20261008,2278,アツギ,3529,東S,,"1,007",-15,-1.47%,42,ー倍,0.51倍,ー%
20261008,2279,ユニシアＨＤ,3547,東S,,"1,947",-5,-0.26%,42,42.2倍,2.87倍,ー%
20261008,2280,フィスコ,3807,東G,,83,-4,-4.60%,41,213倍,18.8倍,ー%
20261008,2281,細火工,4274,東S,,"1,066",-35,-3.18%,41,19.4倍,1.23倍,1.22%
20261008,2282,メディシス,4350,東S,,522,-2,-0.38%,41,15.3倍,0.90倍,2.30%
20261008,2283,セントラルＳ,4801,東P,,"2,306",-7,-0.30%,41,17.6倍,0.97倍,1.73%
20261008,2284,イートアンド,2882,東P,,"2,000",-11,-0.55%,41,50.0倍,1.99倍,0.75%
20261008,2285,ＰＣＮＥＴ,3021,東S,,"1,594",-8,-0.50%,41,9.48倍,2.10倍,4.08%
20261008,2286,マツモト,7901,東S,,897,-47,-4.98%,41,21.2倍,1.11倍,ー%
20261008,2287,ｕｎｂａｎｋ,8746,東S,,105,-3,-2.78%,41,ー倍,0.46倍,ー%
20261008,2288,グリッド,5582,東G,,"1,997",-49,-2.39%,41,24.0倍,2.24倍,ー%
20261008,2289,明海グループ,9115,東S,,"1,007",+6,+0.60%,41,16.3倍,0.62倍,ー%
20261008,2290,広ガス,9535,東P,,403,-10,-2.42%,41,12.6倍,0.39倍,2.98%
20261008,2291,ＧＸ純金Ｈ,424A,東Ｅ,,312.1,-1.2,-0.38%,41,ー倍,ー倍,ー%
20261008,2292,ユーソナー,431A,東G,,"2,530",+45,+1.81%,41,19.8倍,4.20倍,ー%
20261008,2293,モダリス,4883,東G,,31,0,0.00%,41,ー倍,1.36倍,ー%
20261008,2294,ユキグニ,1375,東P,,"1,131",-7,-0.62%,41,17.8倍,3.29倍,1.77%
20261008,2295,ペルセウス,4882,東G,,150,-7,-4.46%,41,ー倍,2.42倍,ー%
20261008,2296,ジオスター,5282,東S,,373,-10,-2.61%,41,6.18倍,0.46倍,2.68%
20261008,2297,小田原エンジ,6149,東S,,"2,064",-48,-2.27%,41,13.8倍,0.61倍,3.39%
20261008,2298,エアーテック,6291,東S,,"1,303",-32,-2.40%,41,12.1倍,0.87倍,4.22%
20261008,2299,新コスモス,6824,東S,,"3,810",-45,-1.17%,40,11.6倍,0.88倍,2.49%
20261008,2300,カナミックＮ,3939,東P,,497,+3,+0.61%,40,17.2倍,4.40倍,1.81%
20261008,2301,トビラシステ,4441,東S,,"1,556",+74,+4.99%,40,30.2倍,5.22倍,2.57%
20261008,2302,稲葉製作,3421,東S,,"1,560",-16,-1.02%,40,17.8倍,0.55倍,2.82%
20261008,2303,朝日ネット,3834,東P,,584,-5,-0.85%,40,11.7倍,1.17倍,4.28%
20261008,2304,リンカーズ,5131,東G,,135,-5,-3.57%,40,ー倍,4.66倍,ー%
20261008,2305,コーディア,190A,東G,,57,-3,-5.00%,40,ー倍,1.89倍,ー%
20261008,2306,ペッパー,3053,東S,,197,-2,-1.01%,40,75.8倍,3.47倍,ー%
20261008,2307,フォーバル,8275,東S,,"1,046",-17,-1.60%,40,12.4倍,1.49倍,3.06%
20261008,2308,ＥＭシステム,4820,東P,,558,-1,-0.18%,40,17.6倍,1.94倍,4.12%
20261008,2309,アルインコ,5933,東P,,"1,059",-15,-1.40%,40,9.57倍,0.62倍,4.25%
20261008,2310,アトネイチャ,7823,東S,,762,-6,-0.78%,40,20.5倍,0.91倍,3.67%
20261008,2311,ヘリオスＴＨ,6927,東S,,971,-19,-1.92%,39,14.7倍,1.11倍,6.08%
20261008,2312,ブルドック,2804,東P,,"1,831",+3,+0.16%,39,23.5倍,0.88倍,2.46%
20261008,2313,なとり,2922,東P,,"1,946",-15,-0.76%,39,16.8倍,0.87倍,1.54%
20261008,2314,瑞光,6279,東P,,883,-19,-2.11%,39,17.9倍,0.64倍,2.27%
20261008,2315,ＴＶＥ,6466,東S,,"4,270",-60,-1.39%,39,12.2倍,0.78倍,1.29%
20261008,2316,菊水ＨＤ,6912,東S,,"2,753",-158,-5.43%,39,12.7倍,1.45倍,2.14%
20261008,2317,ＧＸＵＳ中小,2252,東Ｅ,,"1,355",-16,-1.17%,39,ー倍,ー倍,ー%
20261008,2318,ブルーイノベ,5597,東G,,"1,259",-18,-1.41%,39,ー倍,101倍,ー%
20261008,2319,ｉＳインド株,201A,東Ｅ,,166.2,-1.8,-1.07%,39,ー倍,ー倍,ー%
20261008,2320,オロ,3983,東P,,"1,904",+2,+0.11%,39,13.4倍,2.88倍,2.63%
20261008,2321,リボミック,4591,東G,,72,-2,-2.70%,39,ー倍,1.48倍,ー%
20261008,2322,日本一ソフト,3851,東S,,"1,380",-25,-1.78%,39,9.73倍,0.89倍,0.36%
20261008,2323,ナカバヤシ,7987,東S,,535,-4,-0.74%,39,7.44倍,0.46倍,4.11%
20261008,2324,ニチモウ,8091,東P,,"2,265",-46,-1.99%,39,7.32倍,0.54倍,4.42%
20261008,2325,ＭＶ東海,8198,東S,,"3,185",-45,-1.39%,39,10.9倍,1.06倍,2.67%
20261008,2326,ｉＳＱＴＯＰ,392A,東Ｅ,,294.7,-1.1,-0.37%,39,ー倍,ー倍,ー%
20261008,2327,ＳＳ金,447A,東Ｅ,,259.2,-1.1,-0.42%,39,ー倍,ー倍,ー%
20261008,2328,ネイス,589A,東G,,"1,366",+11,+0.81%,39,13.9倍,8.88倍,ー%
20261008,2329,ニューラルＧ,4056,東G,,193,-8,-3.98%,39,ー倍,2.20倍,ー%
20261008,2330,カネコ種,1376,東S,,"1,492",-10,-0.67%,38,9.92倍,0.60倍,3.22%
20261008,2331,クックパッド,2193,東S,,120,-2,-1.64%,38,ー倍,0.65倍,ー%
20261008,2332,Ｄサイクル,5888,東G,,"2,662",+71,+2.74%,38,7.30倍,1.10倍,2.74%
20261008,2333,ぐるなび,2440,東S,,109,-3,-2.68%,38,ー倍,1.19倍,ー%
20261008,2334,ＵＭＣエレ,6615,東S,,219,-7,-3.10%,38,ー倍,0.56倍,ー%
20261008,2335,ティアック,6803,東S,,96,0,0.00%,38,9.21倍,0.68倍,1.04%
20261008,2336,環境フレンド,3777,東G,,48,-1,-2.04%,38,ー倍,3.22倍,ー%
20261008,2337,リソル,5261,東P,,"7,500",-50,-0.66%,38,21.4倍,2.27倍,1.60%
20261008,2338,ＩＲジャパン,6035,東S,,734,-3,-0.41%,38,ー倍,2.02倍,ー%
20261008,2339,ＯＵＧＨＤ,8041,東S,,"4,225",-85,-1.97%,38,7.13倍,0.55倍,4.07%
20261008,2340,ファースト住,8917,東S,,"1,061",-12,-1.12%,37,9.84倍,0.36倍,4.05%
20261008,2341,東祥,8920,東S,,662,-3,-0.45%,37,7.18倍,0.62倍,1.51%
20261008,2342,ＴＯＷ,4767,東S,,392,-2,-0.51%,37,11.2倍,1.50倍,5.28%
20261008,2343,ナック,9788,東P,,497,-3,-0.60%,37,12.0倍,0.95倍,4.43%
20261008,2344,プラスゼロ,5132,東G,,"1,835",-87,-4.53%,37,30.2倍,8.66倍,ー%
20261008,2345,ｊｉｇ．ｊｐ,5244,東G,,182,+1,+0.55%,37,6.48倍,1.45倍,1.61%
20261008,2346,ファーストＡ,5588,東G,,686,-30,-4.19%,37,36.7倍,4.73倍,0.57%
20261008,2347,三晃金,1972,東S,,"1,251",-24,-1.88%,37,9.84倍,0.89倍,5.12%
20261008,2348,スカラ,4845,東S,,325,-2,-0.61%,37,10.3倍,1.17倍,5.54%
20261008,2349,ＴＹＫ,5363,東S,,715,-8,-1.11%,37,7.01倍,0.63倍,4.28%
20261008,2350,ＧＸ純銀Ｈ,578A,東Ｅ,,225.9,-6.8,-2.92%,37,ー倍,ー倍,ー%
20261008,2351,クリヤマＨＤ,3355,東S,,"1,776",-39,-2.15%,37,9.25倍,0.67倍,3.43%
20261008,2352,ウインＰ,3183,東P,,"1,218",-11,-0.90%,36,15.2倍,1.51倍,4.52%
20261008,2353,共和レ,3553,東S,,865,-15,-1.70%,36,ー倍,0.57倍,6.01%
20261008,2354,ピックルス,2935,東P,,"1,155",-12,-1.03%,36,11.8倍,0.71倍,2.77%
20261008,2355,ＴＭＮ,5258,東G,,414,-7,-1.66%,36,20.5倍,1.80倍,ー%
20261008,2356,ひらまつ,2764,東S,,160,+4,+2.56%,36,39.2倍,1.85倍,0.76%
20261008,2357,歌舞伎,9661,東S,,"4,040",-45,-1.10%,36,207倍,4.41倍,0.12%
20261008,2358,ステップ,9795,東P,,"2,161",-19,-0.87%,36,12.2倍,1.22倍,4.07%
20261008,2359,ニチバン,4218,東P,,"1,852",-25,-1.33%,36,16.3倍,0.85倍,2.16%
20261008,2360,野村電力ガス,1627,東Ｅ,,"11,870",-195,-1.62%,36,ー倍,ー倍,ー%
20261008,2361,オカアイヨン,6294,東P,,"1,895",-22,-1.15%,36,8.99倍,0.85倍,4.01%
20261008,2362,ＱＢＮＨＤ,6571,東P,,"1,247",-3,-0.24%,36,17.8倍,1.09倍,3.21%
20261008,2363,ヤーマン,6630,東P,,772,-2,-0.26%,36,121倍,1.74倍,1.17%
20261008,2364,パラカ,4809,東P,,"1,949",-22,-1.12%,36,8.66倍,0.92倍,3.69%
20261008,2365,モリ工業,5464,東S,,857,-17,-1.95%,36,10.2倍,0.55倍,3.97%
20261008,2366,日精蝋,5010,東S,,311,-5,-1.58%,35,3.07倍,0.81倍,ー%
20261008,2367,プロパスト,3236,東S,,267,-6,-2.20%,35,5.47倍,0.65倍,3.75%
20261008,2368,村上開明,7292,東S,,"6,730",-40,-0.59%,35,13.2倍,0.82倍,3.57%
20261008,2369,富山銀,8365,東S,,"2,278",-87,-3.68%,35,11.6倍,0.38倍,2.41%
20261008,2370,ＨＳＨＤ,8699,東S,,"1,114",-9,-0.80%,35,ー倍,0.32倍,ー%
20261008,2371,アルバイトＴ,2341,東S,,170,-10,-5.56%,35,18.6倍,1.08倍,2.94%
20261008,2372,手間いらず,2477,東S,,"3,255",0,0.00%,35,14.3倍,2.86倍,1.63%
20261008,2373,ＧＸゲー日株,2640,東Ｅ,,"4,224",-4,-0.09%,35,ー倍,ー倍,ー%
20261008,2374,藤商事,6257,東S,,"1,000",-3,-0.30%,35,9.97倍,0.50倍,5.50%
20261008,2375,丸山製,6316,東S,,"2,732",-117,-4.11%,35,2.76倍,0.47倍,2.93%
20261008,2376,ＧＸ宇宙テク,610A,東Ｅ,,"1,090",-35,-3.11%,35,ー倍,ー倍,ー%
20261008,2377,野村コア３０,1311,東Ｅ,,"2,189",-7,-0.32%,35,ー倍,ー倍,ー%
20261008,2378,日本ハウス,1873,東P,,310,-1,-0.32%,35,3.43倍,0.55倍,3.87%
20261008,2379,ＮＹダウブル,2040,東EN,,"36,470",-430,-1.17%,35,ー倍,ー倍,ー%
20261008,2380,中外鉱,1491,東S,,681,-17,-2.44%,34,9.78倍,1.18倍,ー%
20261008,2381,エンカレッジ,3682,東S,,646,+12,+1.89%,34,19.3倍,1.27倍,4.18%
20261008,2382,大成ラミック,4994,東S,,"2,500",-34,-1.34%,34,10.1倍,0.57倍,2.80%
20261008,2383,アドバネクス,5998,東S,,"2,919",-86,-2.86%,34,5.99倍,1.15倍,1.71%
20261008,2384,タカショー,7590,東S,,395,-1,-0.25%,34,55.5倍,0.51倍,1.27%
20261008,2385,ＡＩＡＩ,6557,東G,,649,-2,-0.31%,34,6.08倍,1.22倍,ー%
20261008,2386,メドレックス,4586,東S,,58,-2,-3.33%,34,ー倍,2.59倍,ー%
20261008,2387,ＲＳＣ,4664,東S,,"1,148",+17,+1.50%,34,51.0倍,1.50倍,2.09%
20261008,2388,オープンＧ,6572,東P,,258,-3,-1.15%,34,22.2倍,1.36倍,2.52%
20261008,2389,リバーエレク,6666,東S,,812,-37,-4.36%,34,"3,383倍",1.46倍,1.23%
20261008,2390,ケイヒン,9312,東S,,"3,160",+45,+1.44%,33,6.07倍,0.59倍,4.43%
20261008,2391,ビート,9399,東S,,11,0,0.00%,33,ー倍,ー倍,ー%
20261008,2392,総医研ＨＤ,2385,東G,,216,-6,-2.70%,33,22.6倍,0.92倍,4.63%
20261008,2393,プラップＪ,2449,東S,,"1,160",-23,-1.94%,33,10.3倍,0.93倍,3.53%
20261008,2394,テンポスＨＤ,2751,東S,,"3,590",-25,-0.69%,33,16.1倍,2.40倍,0.25%
20261008,2395,オーウイル,3143,東S,,"1,080",-9,-0.83%,33,14.0倍,1.58倍,2.04%
20261008,2396,アゼアス,3161,東S,,719,+19,+2.71%,33,23.3倍,0.61倍,3.20%
20261008,2397,上場ＳＰレ２,2239,東Ｅ,,"27,000",-440,-1.60%,33,ー倍,ー倍,ー%
20261008,2398,ラボロＡＩ,5586,東G,,894,-22,-2.40%,33,53.3倍,5.22倍,ー%
20261008,2399,ｉＦ高リート,210A,東Ｅ,,"1,462",-9,-0.61%,33,ー倍,ー倍,ー%
20261008,2400,ＧＸ高配３０,235A,東Ｅ,,"1,439",+7,+0.49%,33,ー倍,ー倍,ー%
20261008,2401,日化産,4094,東S,,"2,180",-32,-1.45%,33,34.0倍,0.82倍,4.13%
20261008,2402,ＷＡ,7683,東P,,"1,401",-6,-0.43%,33,30.4倍,2.44倍,1.21%
20261008,2403,ｉＦＥナ百有,2841,東Ｅ,,"1,776",-10,-0.56%,32,ー倍,ー倍,ー%
20261008,2404,ベクターＨＤ,2656,東S,,143,-7,-4.67%,32,13.9倍,3.21倍,ー%
20261008,2405,野村金融,1632,東Ｅ,,"42,020",-420,-0.99%,32,ー倍,ー倍,ー%
20261008,2406,植木組,1867,東S,,"2,698",-12,-0.44%,32,8.26倍,0.56倍,4.08%
20261008,2407,塩水糖,2112,東S,,444,-7,-1.55%,32,6.81倍,0.56倍,3.60%
20261008,2408,駒井ハルテク,5915,東S,,"2,200",-85,-3.72%,32,67.3倍,0.29倍,3.18%
20261008,2409,アライドアキ,6081,東G,,143,-4,-2.72%,32,127倍,1.26倍,ー%
20261008,2410,ミトラＧ,6093,東S,,154,-4,-2.53%,32,15.8倍,2.01倍,3.90%
20261008,2411,日東工器,6151,東P,,"1,673",-43,-2.51%,32,21.4倍,0.51倍,1.91%
20261008,2412,ルックＨＤ,8029,東S,,"2,721",-27,-0.98%,32,12.8倍,0.49倍,3.68%
20261008,2413,シナネンＨＤ,8132,東P,,"7,270",0,0.00%,32,15.1倍,1.32倍,1.65%
20261008,2414,自重堂,3597,東S,,"8,740",-60,-0.68%,32,16.8倍,0.65倍,5.72%
20261008,2415,電算,3640,東S,,"2,692",-58,-2.11%,32,8.81倍,0.95倍,3.71%
20261008,2416,プロパテクノ,5527,東G,,788,+13,+1.68%,32,7.56倍,1.13倍,3.17%
20261008,2417,ｉＳＨＹ社債,2258,東Ｅ,,216.7,-4.3,-1.95%,32,ー倍,ー倍,ー%
20261008,2418,ｉＳ国債７,236A,東Ｅ,,431.7,-0.9,-0.21%,32,ー倍,ー倍,ー%
20261008,2419,ＪＥＴ,6228,東S,,698,+7,+1.01%,31,ー倍,1.05倍,ー%
20261008,2420,全保連,5845,東S,,"1,176",-18,-1.51%,31,11.1倍,3.97倍,4.59%
20261008,2421,ＧＸウラン,224A,東Ｅ,,"1,443",-70,-4.63%,31,ー倍,ー倍,ー%
20261008,2422,キャンドゥ,2698,東S,,"3,220",+5,+0.16%,31,115倍,4.78倍,0.53%
20261008,2423,あさくま,7678,東S,,"3,560",-110,-3.00%,31,91.4倍,12.2倍,ー%
20261008,2424,ネオマーケ,4196,東S,,"1,345",-27,-1.97%,31,11.8倍,4.10倍,ー%
20261008,2425,ＭＸ米債ヘ無,2838,東Ｅ,,"8,329",+2,+0.02%,31,ー倍,ー倍,ー%
20261008,2426,三和油化工業,4125,東S,,"3,650",-145,-3.82%,31,14.3倍,1.14倍,1.37%
20261008,2427,石塚硝,5204,東S,,"3,020",-30,-0.98%,31,5.88倍,0.32倍,2.38%
20261008,2428,ミラタップ,3187,東G,,380,-17,-4.28%,31,29.1倍,2.36倍,1.05%
20261008,2429,アドヴァンＧ,7463,東S,,915,-10,-1.08%,31,ー倍,0.51倍,4.37%
20261008,2430,野村高配ＣＦ,518A,東Ｅ,,"2,087",+29,+1.41%,31,ー倍,ー倍,ー%
20261008,2431,レント,372A,東S,,"5,500",-60,-1.08%,30,7.12倍,1.07倍,4.27%
20261008,2432,ＧＭＯコマス,410A,東G,,"1,288",+10,+0.78%,30,16.0倍,2.66倍,4.05%
20261008,2433,インフ,438A,東G,,"1,067",-12,-1.11%,30,46.9倍,4.01倍,ー%
20261008,2434,ネクストーン,7094,東G,,"1,805",-18,-0.99%,30,17.6倍,3.09倍,1.22%
20261008,2435,ライズＣＧ,9168,東G,,415,-1,-0.24%,30,15.1倍,1.48倍,5.06%
20261008,2436,ミガロＨＤ,5535,東P,,281,-2,-0.71%,30,12.1倍,1.18倍,3.20%
20261008,2437,構造計画ＨＤ,208A,東S,,"2,805",-45,-1.58%,30,11.5倍,2.56倍,3.92%
20261008,2438,コスモスイニ,8844,東S,,"1,158",-4,-0.34%,30,5.44倍,0.70倍,4.58%
20261008,2439,スタ・アリス,2305,東S,,"1,776",-9,-0.50%,30,24.1倍,1.02倍,2.82%
20261008,2440,ＷＤＢ,2475,東P,,"1,719",-17,-0.98%,30,11.9倍,1.01倍,5.47%
20261008,2441,いちごグリン,9282,東IF,,"26,320","-1,400",-5.05%,30,26.1倍,0.86倍,6.99%
20261008,2442,オオバ,9765,東P,,"1,149",-16,-1.37%,30,12.5倍,1.29倍,3.83%
20261008,2443,野村電機精密,1625,東Ｅ,,"68,040","-1,440",-2.07%,30,ー倍,ー倍,ー%
20261008,2444,ビリングシス,3623,東G,,"1,261",+27,+2.19%,30,13.5倍,2.46倍,2.58%
20261008,2445,サイバーリン,3683,東S,,"1,083",+3,+0.28%,30,9.31倍,1.25倍,3.23%
20261008,2446,メディシノバ,4875,東S,,241,-11,-4.37%,30,ー倍,ー倍,ー%
20261008,2447,モリテック,5986,東S,,280,-4,-1.41%,29,6.21倍,0.38倍,2.14%
20261008,2448,西部電機,6144,東S,,"2,629",-81,-2.99%,29,13.2倍,1.12倍,3.42%
20261008,2449,野村ＳＰＨ無,2633,東Ｅ,,567.0,-3.7,-0.65%,29,ー倍,ー倍,ー%
20261008,2450,愛電機,6623,名P,,"8,970",-130,-1.43%,29,9.69倍,0.97倍,3.12%
20261008,2451,ワッツ,2735,東S,,716,-20,-2.72%,29,9.50倍,0.70倍,3.21%
20261008,2452,ＡＩＦＣＧ,254A,東S,,"1,118",-27,-2.36%,29,19.5倍,2.24倍,ー%
20261008,2453,三共興,8018,東S,,816,-12,-1.45%,29,15.1倍,0.50倍,3.31%
20261008,2454,シーラＨＤ,8887,東S,,344,-6,-1.71%,29,8.55倍,0.72倍,4.07%
20261008,2455,フェイスＮＷ,3489,東S,,730,-10,-1.35%,29,5.67倍,1.93倍,6.16%
20261008,2456,純パラ信託,1543,東Ｅ,,"52,000","-1,020",-1.92%,29,ー倍,ー倍,ー%
20261008,2457,栄電子,7567,東S,,633,-34,-5.10%,29,15.8倍,0.62倍,2.05%
20261008,2458,今仙電機,7266,東S,,950,-13,-1.35%,28,8.78倍,0.36倍,3.37%
20261008,2459,日エンター,4829,東S,,105,0,0.00%,28,47.5倍,0.86倍,2.86%
20261008,2460,メタルアート,5644,東S,,"7,250",-30,-0.41%,28,12.9倍,0.79倍,2.21%
20261008,2461,ティア,2485,東S,,429,-2,-0.46%,28,19.3倍,1.11倍,5.36%
20261008,2462,ＦフォースＧ,7068,東G,,583,+10,+1.75%,28,9.13倍,3.71倍,3.43%
20261008,2463,巴川コーポ,3878,東S,,911,-30,-3.19%,28,12.8倍,0.48倍,1.65%
20261008,2464,ネオジャパン,3921,東P,,"1,586",-1,-0.06%,28,11.9倍,2.77倍,3.40%
20261008,2465,ビープラッツ,4381,東G,,198,-16,-7.48%,28,20.5倍,-2.1倍,ー%
20261008,2466,サンエー化研,4234,東S,,998,-34,-3.29%,27,6.03倍,0.42倍,1.80%
20261008,2467,オリコンＨＤ,2498,東S,,"3,005",+17,+0.57%,27,8.98倍,1.14倍,4.33%
20261008,2468,イメージワン,2667,東S,,103,+2,+1.98%,27,ー倍,1.84倍,ー%
20261008,2469,焼肉坂井ＨＤ,2694,東S,,70,0,0.00%,27,156倍,2.68倍,ー%
20261008,2470,モンラボ,5255,東G,,78,-3,-3.70%,27,ー倍,7.64倍,ー%
20261008,2471,シーユーシー,9158,東G,,758,-20,-2.57%,27,20.2倍,0.66倍,ー%
20261008,2472,野村Ａ高配,2084,東Ｅ,,"3,871",-22,-0.57%,27,ー倍,ー倍,ー%
20261008,2473,ダイブＧ,151A,東G,,606,-19,-3.04%,27,8.08倍,1.84倍,ー%
20261008,2474,東京インフラ,9285,東IF,,"36,700",-300,-0.81%,27,13.3倍,0.45倍,8.05%
20261008,2475,ラックランド,9612,東P,,"1,230",-21,-1.68%,27,5.51倍,1.03倍,3.25%
20261008,2476,ＢＲＡＮＵ,460A,東G,,"1,145",+34,+3.06%,27,17.7倍,4.90倍,ー%
20261008,2477,ｉＳ円高ハン,488A,東Ｅ,,769.6,+1.0,+0.13%,27,ー倍,ー倍,ー%
20261008,2478,テクノクラフ,622A,東S,,521,+6,+1.17%,27,12.3倍,1.32倍,ー%
20261008,2479,セラク,6199,東S,,"1,330",0,0.00%,27,9.19倍,1.75倍,1.31%
20261008,2480,ＮＥＷＡＲＴ,7638,東S,,"1,349",-5,-0.37%,27,9.26倍,2.11倍,5.93%
20261008,2481,宮越ＨＤ,6620,東P,,618,-10,-1.59%,27,74.9倍,1.00倍,ー%
20261008,2482,京写,6837,東S,,434,-7,-1.59%,27,14.5倍,0.61倍,2.07%
20261008,2483,インタートレ,3747,東S,,426,-12,-2.74%,27,39.2倍,2.59倍,ー%
20261008,2484,サンテック,1960,東S,,"1,649",-61,-3.57%,27,11.0倍,0.75倍,3.34%
20261008,2485,アルトナー,2163,東P,,930,-8,-0.85%,27,15.8倍,3.57倍,4.62%
20261008,2486,竹田ｉＰ,7875,東S,,917,-16,-1.71%,27,10.4倍,0.73倍,2.56%
20261008,2487,のむら産業,7131,東S,,"3,685",-45,-1.21%,27,6.98倍,1.74倍,3.31%
20261008,2488,日本インシュ,5368,東S,,983,-13,-1.31%,26,11.6倍,0.58倍,4.07%
20261008,2489,伊沢タオル,365A,東S,,765,-7,-0.91%,26,10.9倍,1.83倍,5.49%
20261008,2490,田岡化,4113,東S,,852,-16,-1.84%,26,48.8倍,0.63倍,0.70%
20261008,2491,メディネット,2370,東G,,23,-1,-4.17%,26,ー倍,1.93倍,ー%
20261008,2492,ライドオンＥ,6082,東S,,979,-9,-0.91%,26,24.2倍,1.06倍,1.53%
20261008,2493,ナガセ,9733,東S,,"2,205",-15,-0.68%,26,12.0倍,1.96倍,5.44%
20261008,2494,大庄,9979,東S,,"1,004",-3,-0.30%,26,22.9倍,1.81倍,1.39%
20261008,2495,ｉＦ台湾テク,413A,東Ｅ,,"3,820",-94,-2.40%,26,ー倍,ー倍,ー%
20261008,2496,ＮＦＫＨＤ,6494,東S,,100,0,0.00%,26,46.5倍,0.83倍,ー%
20261008,2497,ホクリヨウ,1384,東S,,"2,073",-18,-0.86%,26,7.72倍,1.02倍,3.86%
20261008,2498,１ｓｔコーポ,1430,東S,,"1,085",-8,-0.73%,26,6.60倍,1.23倍,4.70%
20261008,2499,コスピベア,2034,東EN,,"1,992",+52,+2.68%,26,ー倍,ー倍,ー%
20261008,2500,アミタＨＤ,2195,東G,,359,-26,-6.75%,26,19.3倍,2.33倍,1.39%
20261008,2501,ＷＴ小麦,1695,東Ｅ,,"3,397",-125,-3.55%,25,ー倍,ー倍,ー%
20261008,2502,田辺工業,1828,東S,,"2,315",-54,-2.28%,25,9.01倍,0.88倍,4.32%
20261008,2503,鳥越粉,2009,東S,,"1,149",+11,+0.97%,25,23.9倍,0.72倍,4.26%
20261008,2504,ｉＳ米総合債,2256,東Ｅ,,211.8,-2.2,-1.03%,25,ー倍,ー倍,ー%
20261008,2505,ヤマノＨＤ,7571,東S,,82,0,0.00%,25,22.3倍,2.12倍,1.83%
20261008,2506,パワーソリュ,4450,東G,,"2,352",-29,-1.22%,25,34.0倍,1.99倍,1.11%
20261008,2507,ビイングＨＤ,9145,東S,,549,+11,+2.04%,25,9.38倍,1.56倍,2.73%
20261008,2508,ＭＸナスヘ有,2632,東Ｅ,,"18,835",-115,-0.61%,25,ー倍,ー倍,ー%
20261008,2509,アマテイ,5952,東S,,180,-7,-3.74%,25,15.8倍,1.37倍,2.78%
20261008,2510,ダイジェト,6138,東S,,"1,892",-78,-3.96%,25,6.61倍,0.56倍,3.70%
20261008,2511,ノムラシス,3940,東S,,130,0,0.00%,25,16.3倍,1.70倍,2.73%
20261008,2512,農中Ｊリコア,2527,東Ｅ,,"1,017",-9,-0.88%,25,ー倍,ー倍,ー%
20261008,2513,鈴茂器工,6405,東S,,"1,284",-16,-1.23%,25,22.7倍,1.11倍,2.73%
20261008,2514,ＬＴＳ,6560,東P,,"1,784",-32,-1.76%,25,7.39倍,1.55倍,2.24%
20261008,2515,小野測器,6858,東S,,850,-28,-3.19%,25,11.0倍,0.52倍,3.53%
20261008,2516,興研,7963,東S,,"1,850",+35,+1.93%,25,10.8倍,0.65倍,1.89%
20261008,2517,ＡＮＡＰＨＤ,3189,東S,,82,-4,-4.65%,25,ー倍,1.30倍,ー%
20261008,2518,チャットプラ,598A,東G,,"1,367",-28,-2.01%,25,18.4倍,8.75倍,0.66%
20261008,2519,ｉＳシルバー,568A,東Ｅ,,152.8,-4.3,-2.74%,24,ー倍,ー倍,ー%
20261008,2520,ＣＬＨＤ,4286,東S,,"1,280",-16,-1.23%,24,12.5倍,1.68倍,2.42%
20261008,2521,ミヨシ,4404,東S,,"2,184",-1,-0.05%,24,14.8倍,0.51倍,3.21%
20261008,2522,バルテスＨＤ,4442,東G,,420,+8,+1.94%,24,13.7倍,2.43倍,0.95%
20261008,2523,ＪＲＣ,6224,東G,,"1,121",-20,-1.75%,24,11.8倍,2.51倍,3.03%
20261008,2524,ネットスタズ,5590,東G,,712,+1,+0.14%,24,24.5倍,1.52倍,ー%
20261008,2525,ｉＳ米増配株,2014,東Ｅ,,309.6,-1.6,-0.51%,24,ー倍,ー倍,ー%
20261008,2526,ＭＴＩ,9438,東P,,595,-10,-1.65%,24,12.3倍,1.69倍,3.36%
20261008,2527,ヤマウＨＤ,5284,東S,,"2,205",-7,-0.32%,24,5.94倍,1.00倍,5.08%
20261008,2528,岡谷鋼機,7485,名P,,"5,130",-20,-0.39%,24,6.17倍,0.39倍,1.75%
20261008,2529,ブロードＥ,4415,東G,,"1,480",+6,+0.41%,24,ー倍,4.18倍,1.43%
20261008,2530,ｅＢＡＳＥ,3835,東P,,428,0,0.00%,24,17.6倍,2.77倍,3.55%
20261008,2531,クロスキャト,2307,東P,,"1,044",-2,-0.19%,24,9.50倍,2.27倍,3.74%
20261008,2532,ウェルネット,2428,東S,,616,-2,-0.32%,24,10.2倍,1.27倍,4.95%
20261008,2533,エバラ食品,2819,東S,,"2,450",-15,-0.61%,24,23.9倍,0.65倍,2.04%
20261008,2534,ＫＩＭＯＴＯ,7908,東S,,239,-2,-0.83%,24,13.1倍,0.54倍,2.93%
20261008,2535,ベルトラ,7048,東G,,138,-1,-0.72%,23,14.9倍,2.09倍,ー%
20261008,2536,日本モゲジＳ,7192,東S,,668,-6,-0.89%,23,10.8倍,1.05倍,4.49%
20261008,2537,永大産業,7822,東S,,243,-7,-2.80%,23,5.37倍,0.25倍,4.12%
20261008,2538,エータイ,369A,東G,,"2,647",-48,-1.78%,23,19.8倍,3.45倍,2.04%
20261008,2539,フツパー,478A,東G,,709,-11,-1.53%,23,20.9倍,3.43倍,ー%
20261008,2540,リブコンサル,480A,東G,,"1,010",-11,-1.08%,23,11.5倍,1.75倍,ー%
20261008,2541,ＴＯブックス,500A,東S,,"3,405",-20,-0.58%,23,9.31倍,1.66倍,2.23%
20261008,2542,Ｏｎｅ高配グ,541A,東Ｅ,,"1,117.5",-15.5,-1.37%,23,ー倍,ー倍,ー%
20261008,2543,野村機械,1624,東Ｅ,,"84,090","-2,270",-2.63%,23,ー倍,ー倍,ー%
20261008,2544,富士ＰＳ,1848,東S,,857,-7,-0.81%,23,15.0倍,1.14倍,2.92%
20261008,2545,日基技,1914,東S,,768,-27,-3.40%,23,9.31倍,0.57倍,3.91%
20261008,2546,インドブル,2046,東EN,,"20,745",-655,-3.06%,23,ー倍,ー倍,ー%
20261008,2547,バリューＨＲ,6078,東P,,"1,516",+6,+0.40%,23,38.6倍,6.00倍,1.85%
20261008,2548,プログリット,9560,東G,,885,-11,-1.23%,23,10.3倍,3.81倍,2.49%
20261008,2549,グランディ,8999,東P,,546,-8,-1.44%,23,14.4倍,0.64倍,5.86%
20261008,2550,ＮＣＳ＆Ａ,9709,東S,,"1,227",+14,+1.15%,23,9.95倍,1.34倍,4.73%
20261008,2551,イオン九州,2653,東S,,"2,741",-3,-0.11%,23,14.4倍,1.57倍,1.82%
20261008,2552,ジーネクスト,4179,東G,,329,-5,-1.50%,23,ー倍,23.5倍,ー%
20261008,2553,ＣＣＴ,4371,東G,,"1,524",-1,-0.07%,23,18.6倍,4.75倍,1.38%
20261008,2554,タカトリ,6338,東S,,"1,700",-39,-2.24%,23,27.5倍,0.92倍,2.35%
20261008,2555,シリウスＶ,6276,東S,,320,-23,-6.71%,22,2.87倍,0.71倍,ー%
20261008,2556,東京機,6335,東S,,562,-13,-2.26%,22,7.95倍,0.49倍,ー%
20261008,2557,トミタ電機,6898,東S,,"5,260",+310,+6.26%,22,85.9倍,1.05倍,ー%
20261008,2558,近畿車,7122,東S,,"2,305",-35,-1.50%,22,15.9倍,0.45倍,2.17%
20261008,2559,東ラヂ,7235,東S,,"1,512",-25,-1.63%,22,8.08倍,0.59倍,5.09%
20261008,2560,ロンシール,4224,東S,,"2,104",-14,-0.66%,22,9.23倍,0.49倍,4.04%
20261008,2561,ヒトコムＨＤ,4433,東P,,833,-1,-0.12%,22,97.8倍,0.88倍,4.50%
20261008,2562,ＳＳＳＫＨＤ,4838,東S,,693,-4,-0.57%,22,9.21倍,1.29倍,4.33%
20261008,2563,コロナ,5909,東S,,916,-12,-1.29%,22,44.7倍,0.35倍,3.06%
20261008,2564,アップバンク,6177,東G,,81,-3,-3.57%,22,ー倍,2.97倍,ー%
20261008,2565,ヒット,378A,東G,,901,-4,-0.44%,22,12.9倍,2.22倍,2.33%
20261008,2566,野村台湾テク,412A,東Ｅ,,"4,681",-94,-1.97%,22,ー倍,ー倍,ー%
20261008,2567,ミラティブ,472A,東G,,542,-9,-1.63%,22,9.57倍,2.32倍,ー%
20261008,2568,ＧＸ商社資源,609A,東Ｅ,,"1,033",-21,-1.99%,22,ー倍,ー倍,ー%
20261008,2569,Ｏｎｅ中国５,2553,東Ｅ,,"2,283.0",+1.0,+0.04%,22,ー倍,ー倍,ー%
20261008,2570,リビングＰＦ,7091,東G,,"1,153",-10,-0.86%,22,12.1倍,1.99倍,0.43%
20261008,2571,フォトシンス,4379,東G,,484,-16,-3.20%,22,25.4倍,2.90倍,ー%
20261008,2572,野村外国株式,2513,東Ｅ,,"3,574",-31,-0.86%,22,ー倍,ー倍,ー%
20261008,2573,ファイバーＧ,9450,東S,,758,+3,+0.40%,22,13.4倍,2.18倍,3.56%
20261008,2574,ダイドー,3205,東S,,738,-2,-0.27%,22,26.0倍,2.29倍,6.78%
20261008,2575,ＤＬＥ,3686,東S,,55,-1,-1.79%,22,15.9倍,1.88倍,ー%
20261008,2576,デジプラ,3691,東G,,"1,773",-62,-3.38%,22,ー倍,9.66倍,ー%
20261008,2577,ＡＭＩ,3773,東G,,"1,031",-19,-1.81%,21,13.7倍,1.19倍,2.13%
20261008,2578,サンデン,6444,東S,,179,-6,-3.24%,21,40.5倍,0.65倍,ー%
20261008,2579,ＡＳＴＩ,6899,東S,,"2,157",-29,-1.33%,21,9.63倍,0.27倍,3.71%
20261008,2580,ジオマテック,6907,東S,,808,0,0.00%,21,12.6倍,0.62倍,ー%
20261008,2581,ＲＥＩＴイン,2094,東Ｅ,,843,+4,+0.48%,21,ー倍,ー倍,ー%
20261008,2582,ＥＴＳ・Ｇ,253A,東S,,"1,015",-23,-2.22%,21,11.5倍,1.67倍,2.27%
20261008,2583,ユカリア,286A,東G,,755,-25,-3.21%,21,16.3倍,1.28倍,ー%
20261008,2584,北電工,6989,東S,,"2,292",-37,-1.59%,21,15.0倍,0.69倍,4.14%
20261008,2585,サノヤスＨＤ,7022,東S,,332,-2,-0.60%,21,14.1倍,0.92倍,2.26%
20261008,2586,Ｆインタ,7050,東G,,"1,413",-34,-2.35%,21,9.75倍,1.34倍,5.17%
20261008,2587,クオンタムＳ,2338,東S,,102,-3,-2.86%,21,ー倍,-7.9倍,ー%
20261008,2588,ＭＸＪリコア,2517,東Ｅ,,"1,002.0",-10.0,-0.99%,20,ー倍,ー倍,ー%
20261008,2589,Ｗディッシュ,2901,東S,,126,-3,-2.33%,20,12.0倍,0.61倍,3.17%
20261008,2590,マテリアルＧ,156A,東G,,858,-4,-0.46%,20,13.3倍,3.48倍,3.04%
20261008,2591,ＴＭＨ,280A,東G,,"1,072",-19,-1.74%,20,ー倍,2.87倍,ー%
20261008,2592,野村米半導,346A,東Ｅ,,"5,422",-33,-0.60%,20,ー倍,ー倍,ー%
20261008,2593,アーバネット,3242,東S,,534,-4,-0.74%,20,9.17倍,1.01倍,4.49%
20261008,2594,バイク王,3377,東S,,418,+1,+0.24%,20,7.98倍,0.78倍,2.63%
20261008,2595,Ａ＆ＡＭ,5391,東S,,"1,459",-16,-1.08%,20,6.72倍,0.48倍,4.80%
20261008,2596,マルゼン,5982,東S,,"4,045",+45,+1.13%,20,12.2倍,1.23倍,3.09%
20261008,2597,ｉＦＷＩＮ,1652,東Ｅ,,"5,054",-97,-1.88%,20,ー倍,ー倍,ー%
20261008,2598,ナカノフドー,1827,東S,,"1,364",-41,-2.92%,20,16.2倍,0.94倍,1.83%
20261008,2599,イントラスト,7191,東S,,"1,140",-12,-1.04%,20,13.9倍,3.16倍,4.34%
20261008,2600,いつも,7694,東G,,616,-45,-6.81%,20,19.6倍,1.46倍,ー%
20261008,2601,ファブリカ,4193,東S,,"2,006",0,0.00%,20,11.5倍,2.82倍,2.59%
20261008,2602,ｉＦＥナ百ベ,2842,東Ｅ,,"11,590",+75,+0.65%,20,ー倍,ー倍,ー%
20261008,2603,ＧＸ中テ１０,404A,東Ｅ,,"1,132",-38,-3.25%,20,ー倍,ー倍,ー%
20261008,2604,かがやきＨＤ,624A,名N,,990,+12,+1.23%,20,9.58倍,2.46倍,ー%
20261008,2605,会舘,9701,東S,,"4,765",+100,+2.14%,20,15.6倍,1.16倍,1.05%
20261008,2606,キムラユニテ,9368,東S,,910,-14,-1.52%,19,9.73倍,0.84倍,4.18%
20261008,2607,ベルパーク,9441,東S,,"2,968",-31,-1.03%,19,7.81倍,1.22倍,4.85%
20261008,2608,丸建リース,9763,東S,,"1,209",-29,-2.34%,19,8.22倍,0.63倍,4.47%
20261008,2609,太洋物産,9941,東S,,"1,043",-35,-3.25%,19,14.1倍,2.30倍,ー%
20261008,2610,美濃窯,5356,東S,,"1,199",-8,-0.66%,19,8.35倍,0.72倍,4.34%
20261008,2611,スカイマーク,9204,東G,,424,-2,-0.47%,19,31.9倍,0.91倍,ー%
20261008,2612,ハルメク,7119,東G,,"1,875",-21,-1.11%,19,17.3倍,2.26倍,2.13%
20261008,2613,第一交通,9035,福証,,751,-1,-0.13%,19,11.2倍,0.56倍,3.33%
20261008,2614,インフォメテ,281A,東G,,379,-16,-4.05%,19,ー倍,2.79倍,ー%
20261008,2615,まんだらけ,2652,東S,,414,-2,-0.48%,19,9.52倍,1.03倍,0.24%
20261008,2616,篠崎屋,2926,東S,,105,-3,-2.78%,19,22.9倍,1.30倍,3.81%
20261008,2617,ホクシン,7897,東S,,112,-2,-1.75%,19,24.4倍,0.54倍,1.79%
20261008,2618,キングジム,7962,東P,,767,-3,-0.39%,19,20.5倍,0.83倍,1.96%
20261008,2619,豊トラスティ,8747,東S,,"2,100",-38,-1.78%,19,ー倍,0.69倍,ー%
20261008,2620,デリカフＨＤ,3392,東S,,752,-13,-1.70%,19,6.99倍,1.17倍,3.59%
20261008,2621,テックファム,3625,東G,,728,+30,+4.30%,19,10.4倍,1.65倍,1.10%
20261008,2622,ソフトウェア,3733,東S,,"11,850",-30,-0.25%,19,9.00倍,1.45倍,1.43%
20261008,2623,アイフリーク,3845,東S,,341,+5,+1.49%,19,"8,525倍",7.71倍,ー%
20261008,2624,ニイタカ,4465,東S,,"2,476",-15,-0.60%,19,11.2倍,0.88倍,3.39%
20261008,2625,ＷＡＳＨハウ,6537,東G,,283,-17,-5.67%,19,22.8倍,1.20倍,ー%
20261008,2626,ファンディノ,462A,東G,,247,-7,-2.76%,19,ー倍,1.35倍,ー%
20261008,2627,日本ホスピス,7061,東G,,464,-4,-0.85%,19,ー倍,1.07倍,ー%
20261008,2628,ｕｐｒ,7065,東S,,924,-9,-0.96%,19,9.69倍,0.73倍,4.00%
20261008,2629,南陽,7417,東S,,"1,706",+4,+0.24%,19,9.12倍,0.74倍,3.81%
20261008,2630,ＮａＩＴＯ,7624,東S,,175,-5,-2.78%,19,10.7倍,0.71倍,2.29%
20261008,2631,ｉＳＨＹ債Ｈ,1497,東Ｅ,,"1,666",-25,-1.48%,19,ー倍,ー倍,ー%
20261008,2632,ｉＳ新興国株,1658,東Ｅ,,"4,331",-69,-1.57%,19,ー倍,ー倍,ー%
20261008,2633,銭高組,1811,東S,,"7,170",-160,-2.18%,19,34.0倍,0.43倍,ー%
20261008,2634,セルソース,4880,東S,,307,-4,-1.29%,19,ー倍,1.02倍,ー%
20261008,2635,ヴィス,5071,東S,,"1,375",-15,-1.08%,19,9.38倍,1.53倍,4.29%
20261008,2636,ｉ３,4495,東G,,"2,062",-2,-0.10%,19,12.7倍,3.31倍,1.94%
20261008,2637,上場ＮＱヘ無,2568,東Ｅ,,"8,410",-67,-0.79%,19,ー倍,ー倍,ー%
20261008,2638,フォースタ,7089,東G,,"1,559",-10,-0.64%,18,10.7倍,3.31倍,ー%
20261008,2639,ヤプリ,4168,東G,,777,-11,-1.40%,18,10.7倍,2.89倍,1.93%
20261008,2640,コラントッテ,7792,東G,,"1,475",-14,-0.94%,18,9.61倍,2.26倍,3.39%
20261008,2641,オープンドア,3926,東S,,404,-23,-5.39%,18,ー倍,3.71倍,ー%
20261008,2642,ｉＳ米債３Ｈ,2856,東Ｅ,,616.7,-15.5,-2.45%,18,ー倍,ー倍,ー%
20261008,2643,ポスプラ,198A,東G,,155,-4,-2.52%,18,ー倍,2.48倍,ー%
20261008,2644,シルバライフ,9262,東S,,663,-9,-1.34%,18,8.56倍,0.95倍,3.02%
20261008,2645,ポエック,9264,東S,,"1,598",-20,-1.24%,18,10.5倍,1.66倍,4.69%
20261008,2646,ファイズＨＤ,9325,東S,,"1,036",-1,-0.10%,18,7.96倍,2.37倍,3.67%
20261008,2647,天満屋ス,9846,東S,,971,-10,-1.02%,18,7.98倍,0.39倍,2.06%
20261008,2648,Ｄｅｎｋｅｉ,9908,東S,,"2,818",-71,-2.46%,18,9.14倍,0.96倍,3.87%
20261008,2649,ハチバン,9950,東S,,"3,320",-10,-0.30%,18,105倍,2.52倍,0.60%
20261008,2650,イトヨーギョ,5287,東S,,822,-35,-4.08%,18,12.2倍,0.61倍,2.43%
20261008,2651,イントランス,3237,東G,,91,-1,-1.09%,18,125倍,35.0倍,ー%
20261008,2652,Ａｉｍｉｎｇ,3911,東G,,167,-1,-0.60%,18,ー倍,1.07倍,ー%
20261008,2653,日食品,2892,東S,,"4,925",0,0.00%,18,15.5倍,0.77倍,3.05%
20261008,2654,Ｊグループ,3063,東G,,"1,108",-14,-1.25%,18,50.6倍,16.5倍,0.45%
20261008,2655,ウェルネス,366A,東G,,"1,170",-10,-0.85%,18,12.7倍,2.63倍,3.42%
20261008,2656,ＵＮＩＣＯＮ,407A,東S,,881,-15,-1.67%,18,7.92倍,2.10倍,5.11%
20261008,2657,オーバラップ,414A,東G,,820,-7,-0.85%,18,10.5倍,1.93倍,5.37%
20261008,2658,テクノメデカ,6678,東S,,"1,975",-3,-0.15%,18,16.3倍,0.91倍,4.71%
20261008,2659,ＦＤＫ,6955,東S,,400,-8,-1.96%,18,18.4倍,0.71倍,ー%
20261008,2660,ヤギ,7460,東S,,"1,655",-21,-1.25%,17,10.8倍,0.83倍,3.63%
20261008,2661,橋本総業ＨＤ,7570,東S,,"1,322",-35,-2.58%,17,6.96倍,0.68倍,3.93%
20261008,2662,エスポア,3260,名N,,25,-5,-16.67%,17,ー倍,6.70倍,ー%
20261008,2663,サンセイラン,3277,東S,,794,-22,-2.70%,17,5.90倍,0.87倍,4.72%
20261008,2664,リネットＪ,3556,東G,,770,+1,+0.13%,17,9.44倍,7.16倍,ー%
20261008,2665,ｍｏｎｏＡＩ,5240,東G,,169,0,0.00%,17,ー倍,2.14倍,ー%
20261008,2666,Ａパーチェス,7115,東S,,"1,397",-26,-1.83%,17,12.2倍,1.98倍,2.65%
20261008,2667,南海化学,4040,東S,,"4,005",-50,-1.23%,17,6.35倍,0.70倍,1.62%
20261008,2668,クオルテック,9165,東G,,"1,744",-34,-1.91%,17,10.4倍,1.15倍,2.69%
20261008,2669,アヴィレン,5591,東G,,800,-24,-2.91%,17,22.1倍,5.88倍,ー%
20261008,2670,ｉＳ米高配当,2013,東Ｅ,,301.4,-1.2,-0.40%,17,ー倍,ー倍,ー%
20261008,2671,ｉＦ印Ｎ５０,233A,東Ｅ,,"1,709",-24,-1.38%,17,ー倍,ー倍,ー%
20261008,2672,ｉＳＳＴ２０,313A,東Ｅ,,278.1,-0.5,-0.18%,17,ー倍,ー倍,ー%
20261008,2673,ｉＳ日本国債,2561,東Ｅ,,"1,949",-10,-0.51%,17,ー倍,ー倍,ー%
20261008,2674,ｉＳ米債１３,2620,東Ｅ,,363.2,-2.5,-0.68%,17,ー倍,ー倍,ー%
20261008,2675,ブルーミーム,4069,東G,,516,-27,-4.97%,17,ー倍,0.70倍,ー%
20261008,2676,片倉コープ,4031,東S,,"1,007",-32,-3.08%,17,18.1倍,0.39倍,2.78%
20261008,2677,ＵＦＨＤ,4235,東S,,672,-8,-1.18%,17,25.5倍,0.71倍,5.21%
20261008,2678,Ｆ＆Ｍ,4771,東S,,"2,640",+20,+0.76%,17,13.6倍,2.52倍,2.27%
20261008,2679,オーナンバ,5816,東S,,"1,466",-15,-1.01%,17,9.40倍,0.60倍,4.77%
20261008,2680,サンリツ,9366,東S,,"1,139",-72,-5.95%,17,9.23倍,0.52倍,3.34%
20261008,2681,サンメッセ,7883,東S,,431,-11,-2.49%,17,27.9倍,0.37倍,2.09%
20261008,2682,タカノ,7885,東S,,"1,044",-18,-1.69%,17,21.8倍,0.49倍,1.92%
20261008,2683,宮入バ,6495,東S,,100,-4,-3.85%,17,61.7倍,1.25倍,2.00%
20261008,2684,ジーニー,6562,東G,,"1,010",-2,-0.20%,17,9.60倍,ー倍,ー%
20261008,2685,共和電,6853,東S,,781,-12,-1.51%,17,16.3倍,1.04倍,2.69%
20261008,2686,カネ美食品,2669,東S,,"3,885",+5,+0.13%,17,20.8倍,1.22倍,0.98%
20261008,2687,アップル,2788,東S,,399,-13,-3.16%,17,6.42倍,0.48倍,3.76%
20261008,2688,上場ＭＳコク,1680,東Ｅ,,"8,310",-70,-0.84%,17,ー倍,ー倍,ー%
20261008,2689,ギークリー,505A,東S,,"1,322",-11,-0.83%,17,9.39倍,3.88倍,4.31%
20261008,2690,ヒトトヒトＨ,549A,東S,,448,-4,-0.88%,16,ー倍,1.99倍,4.78%
20261008,2691,三協フロンテ,9639,東S,,"2,311",-36,-1.53%,16,8.78倍,0.98倍,4.33%
20261008,2692,ＦＩＸＥＲ,5129,東G,,242,+3,+1.26%,16,ー倍,1.64倍,ー%
20261008,2693,アイビス,9343,東G,,769,-7,-0.90%,16,15.1倍,4.55倍,1.56%
20261008,2694,ＡＲアドバン,5578,東G,,906,-13,-1.41%,16,12.2倍,3.43倍,1.10%
20261008,2695,令和ＡＨ,296A,東G,,"1,112",-12,-1.07%,16,28.9倍,18.5倍,3.28%
20261008,2696,野村ＳＰ配貴,364A,東Ｅ,,"2,368",-27,-1.13%,16,ー倍,ー倍,ー%
20261008,2697,ブリッジ－Ｇ,7039,東G,,"1,351",-9,-0.66%,16,52.0倍,1.01倍,6.29%
20261008,2698,ＴＢＫ,7277,東S,,321,-7,-2.13%,16,17.0倍,0.32倍,2.49%
20261008,2699,ナ・デックス,7435,東S,,"1,309",-51,-3.75%,16,9.78倍,0.51倍,3.06%
20261008,2700,遠藤製作所,7841,東S,,"1,068",+4,+0.38%,16,9.41倍,0.41倍,3.75%
20261008,2701,ＰＣＩ,3918,東S,,"1,140",-17,-1.47%,16,8.98倍,1.20倍,5.09%
20261008,2702,エクストリム,6033,東G,,"1,587",-39,-2.40%,16,9.24倍,1.26倍,4.28%
20261008,2703,ユニバー園芸,6061,東S,,"3,135",-25,-0.79%,16,11.6倍,1.93倍,0.41%
20261008,2704,シンメンテ,6086,東G,,992,-6,-0.60%,16,14.2倍,4.14倍,2.22%
20261008,2705,ＧＸメタ日株,2646,東Ｅ,,"3,741",-122,-3.16%,16,ー倍,ー倍,ー%
20261008,2706,朝日印刷,3951,東S,,882,-5,-0.56%,16,10.8倍,0.50倍,4.31%
20261008,2707,フジプレアム,4237,東S,,331,-15,-4.34%,16,33.1倍,1.25倍,1.81%
20261008,2708,日華化学,4463,東S,,"2,007",+7,+0.35%,16,8.43倍,0.86倍,3.49%
20261008,2709,ＤＷセラピ研,4576,東G,,71,0,0.00%,16,ー倍,2.90倍,ー%
20261008,2710,ゲームカード,6249,東S,,"2,640",-49,-1.82%,16,15.4倍,0.61倍,3.79%
20261008,2711,トリニ工,6382,東S,,"1,209",-3,-0.25%,16,10.0倍,0.57倍,5.05%
20261008,2712,ＩＩＦ,6545,東G,,755,-9,-1.18%,16,9.41倍,2.26倍,3.31%
20261008,2713,アクモス,6888,東S,,526,-4,-0.75%,16,12.2倍,1.52倍,4.75%
20261008,2714,千趣会,8165,東S,,100,-1,-0.99%,16,ー倍,0.27倍,ー%
20261008,2715,フォーサイド,2330,東S,,81,0,0.00%,16,44.0倍,1.18倍,ー%
20261008,2716,共同ＰＲ,2436,東S,,593,+3,+0.51%,16,11.3倍,2.28倍,1.35%
20261008,2717,ＡＦＣ－ＨＤ,2927,東S,,846,+2,+0.24%,16,7.97倍,0.76倍,4.73%
20261008,2718,マーチャント,3121,東S,,248,-2,-0.80%,16,31.8倍,1.68倍,1.21%
20261008,2719,ソフトフロン,2321,東G,,136,-2,-1.45%,15,ー倍,4.25倍,ー%
20261008,2720,トランスＧＧ,2342,東S,,232,-7,-2.93%,15,25.8倍,0.79倍,ー%
20261008,2721,木徳神糧,2700,東S,,"1,764",-18,-1.01%,15,4.81倍,0.70倍,2.83%
20261008,2722,メディアス,3154,東P,,763,-20,-2.55%,15,12.1倍,0.82倍,2.62%
20261008,2723,スマイルＨＤ,7084,東G,,"2,744",-37,-1.33%,15,39.8倍,1.44倍,3.83%
20261008,2724,上場ＥＳＧリ,2566,東Ｅ,,938,0,0.00%,15,ー倍,ー倍,ー%
20261008,2725,上場ＮＱヘ有,2569,東Ｅ,,"4,523",-18,-0.40%,15,ー倍,ー倍,ー%
20261008,2726,アシロ,7378,東G,,"1,527",-25,-1.61%,15,11.0倍,3.82倍,4.26%
20261008,2727,デジタリフト,9244,東G,,"1,080",-12,-1.10%,15,14.0倍,1.98倍,ー%
20261008,2728,上場ダウヘ無,2235,東Ｅ,,"3,498",-58,-1.63%,15,ー倍,ー倍,ー%
20261008,2729,Ｈｍｃｏｍｍ,265A,東G,,751,-13,-1.70%,15,97.7倍,1.81倍,ー%
20261008,2730,ｉＦリート２,443A,東Ｅ,,"1,716",-10,-0.58%,15,ー倍,ー倍,ー%
20261008,2731,スタートＬ,477A,東G,,777,-18,-2.26%,15,10.4倍,1.66倍,ー%
20261008,2732,ＣＢＣ,9402,名P,,"1,269",-7,-0.55%,15,21.3倍,0.41倍,1.97%
20261008,2733,ＩＸナレッジ,9753,東S,,"1,430",+7,+0.49%,15,8.48倍,1.18倍,3.50%
20261008,2734,文教堂ＧＨＤ,9978,東S,,46,+2,+4.55%,15,170倍,-5.7倍,ー%
20261008,2735,日亜鋼,5658,東S,,403,0,0.00%,15,15.1倍,0.33倍,2.48%
20261008,2736,プロレド,7034,東P,,299,-17,-5.38%,15,ー倍,0.49倍,ー%
20261008,2737,今村証券,7175,東S,,"1,861",-42,-2.21%,15,ー倍,0.70倍,ー%
20261008,2738,小津産業,7487,東S,,"1,889",+12,+0.64%,15,36.1倍,0.81倍,1.43%
20261008,2739,ハークスレイ,7561,東S,,665,-10,-1.48%,15,7.69倍,0.47倍,4.51%
20261008,2740,ジーイエット,7603,東S,,32,-1,-3.03%,15,ー倍,0.90倍,ー%
20261008,2741,ＪＭＳ,7702,東S,,441,-7,-1.56%,15,18.0倍,0.26倍,3.85%
20261008,2742,大研医器,7775,東S,,420,+3,+0.72%,15,20.5倍,1.59倍,4.76%
20261008,2743,ＳＭＩＮＯＥ,3501,東P,,"1,167",+1,+0.09%,15,10.7倍,0.47倍,3.60%
20261008,2744,クロスマーケ,3675,東S,,582,-5,-0.85%,15,8.32倍,1.29倍,2.75%
20261008,2745,穴吹興産,8928,東S,,"2,311",-14,-0.60%,15,5.48倍,0.52倍,3.46%
20261008,2746,Ｊストリーム,4308,東G,,351,-4,-1.13%,15,16.3倍,0.83倍,3.99%
20261008,2747,ブロメディア,4347,東S,,"1,872",+12,+0.65%,15,15.0倍,2.75倍,3.47%
20261008,2748,加地テック,6391,東S,,"5,070",-30,-0.59%,15,11.5倍,0.99倍,1.38%
20261008,2749,星和電,6748,東S,,770,-9,-1.16%,15,7.46倍,0.48倍,2.60%
20261008,2750,オリジン,6513,東S,,"1,259",-32,-2.48%,14,64.6倍,0.27倍,3.18%
20261008,2751,ベストワン,6577,東G,,"1,250",-27,-2.11%,14,24.9倍,1.41倍,1.68%
20261008,2752,ピアラ,7044,東S,,602,-3,-0.50%,14,19.8倍,6.34倍,ー%
20261008,2753,尾家産,7481,東S,,"2,473",-36,-1.43%,14,7.19倍,1.19倍,4.21%
20261008,2754,ＫＹＯＲＩＴ,7795,東S,,201,-3,-1.47%,14,11.3倍,0.48倍,3.98%
20261008,2755,ｉＦＳＰＷブ,2237,東Ｅ,,"2,490",-22,-0.88%,14,ー倍,ー倍,ー%
20261008,2756,ケイファーマ,4896,東G,,744,-16,-2.11%,14,ー倍,11.2倍,ー%
20261008,2757,シンワワイズ,2437,東S,,607,-25,-3.96%,14,65.6倍,3.18倍,ー%
20261008,2758,ナフコ,2790,東S,,"1,990",-25,-1.24%,14,38.5倍,0.32倍,2.91%
20261008,2759,ＪＦＬＡＨＤ,3069,東S,,155,-1,-0.64%,14,ー倍,1.21倍,ー%
20261008,2760,Ｈａｍｅｅ,3134,東S,,293,0,0.00%,14,20.5倍,0.67倍,1.02%
20261008,2761,ＳＴＩＦＨＤ,2932,東S,,"1,099",-10,-0.90%,14,11.5倍,1.87倍,3.64%
20261008,2762,オーケーエム,6229,東S,,"1,471",-25,-1.67%,14,8.81倍,0.59倍,3.40%
20261008,2763,コリー,4175,東G,,"2,770",-71,-2.50%,14,ー倍,3.29倍,ー%
20261008,2764,Ｓイノベ,4178,東G,,958,+27,+2.90%,14,89.7倍,2.17倍,ー%
20261008,2765,セイファート,9213,東S,,"1,059",+33,+3.22%,14,ー倍,1.87倍,ー%
20261008,2766,ノバック,5079,東S,,"2,573",-2,-0.08%,14,17.2倍,0.72倍,4.66%
20261008,2767,倉元,5216,東S,,129,-4,-3.01%,14,ー倍,7.22倍,ー%
20261008,2768,ノザワ,5237,東S,,"1,104",-22,-1.95%,14,8.43倍,0.60倍,3.89%
20261008,2769,ＭＲＴ,6034,東G,,549,-13,-2.31%,14,23.3倍,0.63倍,0.91%
20261008,2770,レントラクス,6045,東G,,"2,035",-20,-0.97%,14,17.7倍,2.46倍,1.23%
20261008,2771,トレンダ,6069,東G,,641,+4,+0.63%,14,11.1倍,1.23倍,5.62%
20261008,2772,富士ユナイト,416A,東S,,"1,305",-28,-2.10%,14,14.4倍,0.84倍,4.75%
20261008,2773,インテリクス,463A,東S,,956,-10,-1.04%,14,5.72倍,0.58倍,5.02%
20261008,2774,ベーシック,519A,東G,,403,-13,-3.13%,14,7.13倍,1.59倍,ー%
20261008,2775,ｉＳ国債二十,573A,東Ｅ,,491.6,+9.6,+1.99%,14,ー倍,ー倍,ー%
20261008,2776,川西倉,9322,東S,,"2,310",-5,-0.22%,14,27.3倍,0.83倍,5.71%
20261008,2777,シンクロ,3963,東P,,309,+5,+1.64%,14,61.4倍,1.99倍,4.85%
20261008,2778,エクスＭ,4394,東G,,709,-4,-0.56%,14,32.3倍,2.53倍,1.76%
20261008,2779,ＶＮＸ,4422,東G,,482,-10,-2.03%,14,ー倍,4.91倍,ー%
20261008,2780,窪田製薬ＨＤ,4596,東G,,63,0,0.00%,14,ー倍,6.38倍,ー%
20261008,2781,イメージ情報,3803,東G,,586,-9,-1.51%,14,ー倍,3.24倍,ー%
20261008,2782,Ｏｎｅトピ,1473,東Ｅ,,"4,204",-68,-1.59%,14,ー倍,ー倍,ー%
20261008,2783,ｉＳ最小分散,1477,東Ｅ,,"3,373",-5,-0.15%,14,ー倍,ー倍,ー%
20261008,2784,ｉＳＩＧ債Ｈ,1496,東Ｅ,,"1,553",-19,-1.21%,14,ー倍,ー倍,ー%
20261008,2785,野村エネ資源,1618,東Ｅ,,"34,930",-630,-1.77%,14,ー倍,ー倍,ー%
20261008,2786,上場ＭＳエマ,1681,東Ｅ,,"3,365",-48,-1.41%,14,ー倍,ー倍,ー%
20261008,2787,オーテック,1736,東S,,"2,499",-20,-0.79%,14,10.2倍,1.46倍,3.92%
20261008,2788,Ａクリエイト,8798,東P,,69,-1,-1.43%,14,ー倍,-9.2倍,ー%
20261008,2789,レボリュー,8894,東S,,14,-1,-6.67%,14,ー倍,2.83倍,ー%
20261008,2790,南プラ,7887,東S,,"1,476",+11,+0.75%,13,4.78倍,0.27倍,2.71%
20261008,2791,信金中央,8421,東証,,"187,600",-300,-0.16%,13,ー倍,ー倍,3.46%
20261008,2792,あかつき本社,8737,東S,,571,-10,-1.72%,13,5.24倍,0.82倍,5.25%
20261008,2793,クラシコム,7110,東G,,"1,812",-6,-0.33%,13,12.0倍,2.23倍,ー%
20261008,2794,野村Ｐ１５０,159A,東Ｅ,,740.9,-11.1,-1.48%,13,ー倍,ー倍,ー%
20261008,2795,アズパートナ,160A,東S,,"1,942",-10,-0.51%,13,5.34倍,1.35倍,4.12%
20261008,2796,ＧＸ印１０＋,188A,東Ｅ,,788,-13,-1.62%,13,ー倍,ー倍,ー%
20261008,2797,インスペック,6656,東S,,796,-5,-0.62%,13,40.1倍,3.89倍,ー%
20261008,2798,フロンティＭ,7038,東P,,568,-5,-0.87%,13,134倍,4.20倍,ー%
20261008,2799,ヒロセ通商,7185,東S,,"3,630",-40,-1.09%,13,ー倍,1.02倍,ー%
20261008,2800,エフテック,7212,東S,,732,-2,-0.27%,13,17.0倍,0.23倍,2.73%
20261008,2801,Ｓｏｌｖｖｙ,7320,東G,,"1,383",-19,-1.36%,13,9.00倍,2.88倍,2.17%
20261008,2802,ヤガミ,7488,名M,,"5,360",-60,-1.11%,13,19.1倍,2.10倍,5.22%
20261008,2803,ウェッズ,7551,東S,,643,-7,-1.08%,13,9.55倍,0.58倍,3.42%
20261008,2804,アドベンチャ,6030,東G,,"1,480",-36,-2.37%,13,9.66倍,1.18倍,ー%
20261008,2805,エンバイオＨ,6092,東S,,758,-18,-2.32%,13,8.92倍,0.65倍,3.17%
20261008,2806,極楽湯ＨＤ,2340,東S,,507,-4,-0.78%,13,ー倍,3.59倍,1.18%
20261008,2807,新都ＨＤ,2776,東S,,90,-5,-5.26%,13,24.9倍,1.42倍,ー%
20261008,2808,サトウ食品,2923,東S,,"7,170",-30,-0.42%,13,17.6倍,1.46倍,1.05%
20261008,2809,サイバーバズ,7069,東G,,492,0,0.00%,13,10.9倍,4.24倍,ー%
20261008,2810,アディッシュ,7093,東G,,675,+11,+1.66%,13,24.2倍,2.50倍,ー%
20261008,2811,エムビーエス,1401,東G,,"1,430",-23,-1.58%,13,ー倍,2.55倍,ー%
20261008,2812,リブワーク,1431,東G,,627,-2,-0.32%,13,52.1倍,3.12倍,1.02%
20261008,2813,技研ＨＤ,1443,東S,,266,-5,-1.85%,13,6.75倍,0.33倍,0.41%
20261008,2814,ＮＹダウベア,2041,東EN,,"2,021",+9,+0.45%,13,ー倍,ー倍,ー%
20261008,2815,東海ソフト,4430,東S,,"1,730",-7,-0.40%,13,9.22倍,1.22倍,3.87%
20261008,2816,川崎地質,4673,東S,,"4,865",+5,+0.10%,13,5.75倍,0.72倍,2.47%
20261008,2817,日石輸,9074,東S,,"2,310",-57,-2.41%,13,11.6倍,0.52倍,2.60%
20261008,2818,夢展望,3185,東G,,105,-3,-2.78%,13,ー倍,-41倍,ー%
20261008,2819,フェリシモ,3396,東S,,847,-14,-1.63%,13,20.2倍,0.31倍,2.95%
20261008,2820,Ｊ－ＭＡＸ,3422,東S,,661,-12,-1.78%,13,7.59倍,0.37倍,1.21%
20261008,2821,アグレ都市,3467,東S,,"2,663",-48,-1.77%,13,6.68倍,1.85倍,5.26%
20261008,2822,ウェルス,3772,東S,,"1,051",-1,-0.10%,13,11.2倍,1.17倍,ー%
20261008,2823,昭栄薬品,3537,東S,,"1,697",-16,-0.93%,12,13.3倍,0.60倍,2.42%
20261008,2824,ソフトＭＡＸ,3671,東S,,316,+1,+0.32%,12,13.1倍,1.93倍,3.16%
20261008,2825,ホドルワン,2345,東S,,84,-4,-4.55%,12,ー倍,22.0倍,ー%
20261008,2826,ジェイテック,2479,東S,,249,-7,-2.73%,12,11.1倍,1.44倍,ー%
20261008,2827,ｉＳロボット,2522,東Ｅ,,"9,300",-160,-1.69%,12,ー倍,ー倍,ー%
20261008,2828,シノブフズ,2903,東S,,"1,517",+36,+2.43%,12,9.45倍,1.09倍,2.24%
20261008,2829,ポラリスＨＤ,3010,東S,,189,0,0.00%,12,27.6倍,1.41倍,5.29%
20261008,2830,チムニー,3178,東S,,"1,108",-3,-0.27%,12,85.5倍,3.35倍,0.45%
20261008,2831,ＭＸＮＹダウ,2241,東Ｅ,,900.2,-6.0,-0.66%,12,ー倍,ー倍,ー%
20261008,2832,サキガケＨＤ,5891,東S,,"1,706",-4,-0.23%,12,38.6倍,1.99倍,1.35%
20261008,2833,ジンジブ,142A,東G,,974,-14,-1.42%,12,8.02倍,4.85倍,ー%
20261008,2834,エルイズビー,145A,東G,,845,-33,-3.76%,12,24.2倍,2.20倍,ー%
20261008,2835,ＧＸ超長米債,180A,東Ｅ,,262.0,-3.2,-1.21%,12,ー倍,ー倍,ー%
20261008,2836,マスカットＧ,195A,東G,,670,-20,-2.90%,12,ー倍,2.63倍,ー%
20261008,2837,ＰＲＩＳＭバ,206A,東G,,136,-5,-3.55%,12,ー倍,2.69倍,ー%
20261008,2838,ソフトテック,550A,東S,,"2,340",+40,+1.74%,12,10.2倍,1.36倍,3.21%
20261008,2839,上場リ高３０,608A,東Ｅ,,"1,384",-14,-1.00%,12,ー倍,ー倍,ー%
20261008,2840,タカキュー,8166,東S,,77,-1,-1.28%,12,24.7倍,1.78倍,ー%
20261008,2841,滝上工,5918,東S,,"7,670",-60,-0.78%,12,9.33倍,0.30倍,1.30%
20261008,2842,Ｇｕｎｏｓｙ,6047,東S,,360,+2,+0.56%,12,ー倍,0.69倍,3.61%
20261008,2843,Ｔスマート,6246,東S,,"1,769",-22,-1.23%,12,14.5倍,0.97倍,5.20%
20261008,2844,カワタ,6292,東S,,807,-9,-1.10%,12,14.8倍,0.43倍,4.71%
20261008,2845,昭和真空,6384,東S,,"1,730",-35,-1.98%,12,19.1倍,0.92倍,4.05%
20261008,2846,日新商,7490,東S,,"2,192",0,0.00%,12,ー倍,0.55倍,ー%
20261008,2847,うかい,7621,東S,,"3,215",-40,-1.23%,12,ー倍,3.70倍,0.47%
20261008,2848,黒田精,7726,東S,,"1,434",-27,-1.85%,12,24.4倍,0.67倍,1.39%
20261008,2849,粧美堂,7819,東S,,954,-4,-0.42%,12,11.5倍,1.67倍,3.46%
20261008,2850,アルメディオ,7859,東S,,250,-5,-1.96%,12,ー倍,0.64倍,ー%
20261008,2851,東部ネット,9036,東S,,"1,170",-8,-0.68%,12,24.7倍,0.30倍,1.71%
20261008,2852,和心,9271,東G,,944,-21,-2.18%,12,11.9倍,3.99倍,1.27%
20261008,2853,フォーバルＲ,9423,東S,,103,-1,-0.96%,12,20.0倍,3.61倍,2.91%
20261008,2854,英和,9857,東S,,"2,600",+20,+0.78%,12,8.23倍,0.85倍,3.69%
20261008,2855,上場米債ヘ無,1486,東Ｅ,,"22,625",-50,-0.22%,12,ー倍,ー倍,ー%
20261008,2856,ＴＰＸベア,1569,東Ｅ,,729.5,+10.5,+1.46%,12,ー倍,ー倍,ー%
20261008,2857,浜木綿,7682,東S,,"3,715",-5,-0.13%,12,93.7倍,5.01倍,0.46%
20261008,2858,ひとまいる,7686,東S,,427,-6,-1.39%,12,19.3倍,2.52倍,4.68%
20261008,2859,Ｃマネージ,4491,東S,,"2,967",-21,-0.70%,12,11.8倍,1.40倍,2.02%
20261008,2860,ｉＦＴＰ年４,2625,東Ｅ,,"4,102",-100,-2.38%,12,ー倍,ー倍,ー%
20261008,2861,スタメン,4019,東G,,605,+4,+0.67%,12,14.5倍,3.35倍,1.65%
20261008,2862,カイゼン,4170,東G,,109,0,0.00%,12,93.2倍,0.64倍,ー%
20261008,2863,東京通信Ｇ,7359,東G,,245,-3,-1.21%,12,22.4倍,2.75倍,ー%
20261008,2864,アクシージア,4936,東S,,285,-1,-0.35%,12,ー倍,0.91倍,3.51%
20261008,2865,ＧＸリー日株,2641,東Ｅ,,"4,535",-40,-0.87%,12,ー倍,ー倍,ー%
20261008,2866,ワクー,4937,東G,,"2,327",-42,-1.77%,12,20.2倍,3.32倍,ー%
20261008,2867,ジェイフロ,2934,東G,,"1,999",-4,-0.20%,12,19.4倍,8.69倍,ー%
20261008,2868,モビルス,4370,東G,,353,-13,-3.55%,12,ー倍,1.56倍,ー%
20261008,2869,タイガポリ,4231,東S,,993,-5,-0.50%,12,7.98倍,0.40倍,3.83%
20261008,2870,シンバイオ,4582,東G,,55,-1,-1.79%,11,ー倍,-5.2倍,ー%
20261008,2871,川上塗,4616,東S,,"3,030",-65,-2.10%,11,16.6倍,0.86倍,1.49%
20261008,2872,キタック,4707,東S,,397,-1,-0.25%,11,13.1倍,0.60倍,1.76%
20261008,2873,三相電機,6518,東S,,"1,716",-36,-2.05%,11,9.25倍,0.61倍,1.46%
20261008,2874,オプトエレ,6664,東S,,252,-12,-4.55%,11,ー倍,0.49倍,ー%
20261008,2875,ぷらっと,6836,東S,,893,-15,-1.65%,11,84.7倍,9.02倍,ー%
20261008,2876,アイズ,5242,東G,,"1,982",+53,+2.75%,11,679倍,3.34倍,ー%
20261008,2877,テクノロジー,5248,東G,,502,-8,-1.57%,11,ー倍,5.62倍,ー%
20261008,2878,ＭＸ高配日ア,2085,東Ｅ,,757.9,-11.7,-1.52%,11,ー倍,ー倍,ー%
20261008,2879,Ｓｃｈｏｏ,264A,東G,,274,-7,-2.49%,11,15.1倍,1.89倍,ー%
20261008,2880,アズ企画設計,3490,東S,,"3,200",+5,+0.16%,11,9.18倍,1.11倍,0.94%
20261008,2881,ｆｏｎｆｕｎ,2323,東S,,339,-13,-3.69%,11,16.0倍,5.08倍,ー%
20261008,2882,ケア２１,2373,東S,,421,-11,-2.55%,11,114倍,1.22倍,4.04%
20261008,2883,夢みつけ隊,2673,東S,,100,-3,-2.91%,11,ー倍,0.35倍,ー%
20261008,2884,Ｔアルファ,3089,東S,,"1,005",-10,-0.99%,11,ー倍,0.76倍,3.48%
20261008,2885,フマキラ,4998,東S,,"1,144",-13,-1.12%,11,11.6倍,0.69倍,2.10%
20261008,2886,日精鉱,5729,東S,,"1,678",-27,-1.58%,11,14.7倍,1.08倍,3.58%
20261008,2887,フジマック,5965,東S,,"1,191",+1,+0.08%,11,3.72倍,0.54倍,5.04%
20261008,2888,メタリアル,6182,東G,,495,-6,-1.20%,11,33.7倍,2.74倍,ー%
20261008,2889,ＧＬ・再エネ,509A,東IF,,"71,000",-300,-0.42%,11,12.1倍,0.89倍,8.30%
20261008,2890,シスエグゼ,548A,東S,,940,-2,-0.21%,11,8.49倍,0.84倍,4.73%
20261008,2891,ＧＸ先進ＣＦ,564A,東Ｅ,,"1,118",-7,-0.62%,11,ー倍,ー倍,ー%
20261008,2892,ＱＱＱ,587A,東Ｅ,,"119,750",-450,-0.37%,11,ー倍,ー倍,ー%
20261008,2893,ＡＳＮＯＶＡ,640A,東G,,384,-2,-0.52%,11,ー倍,1.62倍,0.52%
20261008,2894,光・彩,7878,東S,,"1,010",-9,-0.88%,11,4.96倍,0.84倍,3.47%
20261008,2895,リーガル,7938,東S,,"2,085",-6,-0.29%,11,6.32倍,0.45倍,3.92%
20261008,2896,ナガホリ,8139,東S,,"2,274",-62,-2.65%,11,58.1倍,2.50倍,0.66%
20261008,2897,アサックス,8772,東S,,911,-13,-1.41%,11,7.29倍,0.56倍,2.41%
20261008,2898,マクアケ,4479,東G,,957,-11,-1.14%,11,16.5倍,2.02倍,ー%
20261008,2899,ＡＩｉｎｓ,4488,東G,,"2,081",-15,-0.72%,11,22.9倍,1.61倍,ー%
20261008,2900,アクシス,4012,東S,,"1,715",-13,-0.75%,11,10.5倍,1.73倍,3.32%
20261008,2901,ＭＨＴ,9218,東G,,815,0,0.00%,11,29.9倍,6.06倍,1.23%
20261008,2902,アールビバン,7523,東S,,"1,877",+1,+0.05%,11,12.3倍,1.05倍,ー%
20261008,2903,国際計測,7722,東S,,742,-9,-1.20%,11,10.0倍,0.81倍,5.39%
20261008,2904,クロスフォー,7810,東S,,146,-4,-2.67%,11,51.8倍,1.34倍,0.58%
20261008,2905,グロースコア,1563,東Ｅ,,"2,389",-81,-3.28%,11,ー倍,ー倍,ー%
20261008,2906,野村医薬品,1621,東Ｅ,,"29,840",+80,+0.27%,11,ー倍,ー倍,ー%
20261008,2907,ＳＡＡＦＨＤ,1447,東G,,321,-2,-0.62%,10,17.7倍,4.68倍,ー%
20261008,2908,ＷＴプラチナ,1674,東Ｅ,,"23,840",-280,-1.16%,10,ー倍,ー倍,ー%
20261008,2909,明豊ファシリ,1717,東S,,921,0,0.00%,10,11.6倍,1.87倍,4.78%
20261008,2910,アイケイケイ,2198,東P,,757,0,0.00%,10,30.7倍,1.79倍,3.17%
20261008,2911,ＧＸ中国テク,380A,東Ｅ,,870,-12,-1.36%,10,ー倍,ー倍,ー%
20261008,2912,ＦＣＥ,9564,東S,,553,-11,-1.95%,10,13.5倍,2.75倍,1.99%
20261008,2913,ジョイフル,9942,福証,,"1,293",-1,-0.08%,10,9.05倍,2.58倍,0.77%
20261008,2914,ドリムアーツ,4811,東G,,920,-47,-4.86%,10,17.4倍,3.47倍,2.17%
20261008,2915,ナルネット,5870,東G,,878,-1,-0.11%,10,9.14倍,1.22倍,3.42%
20261008,2916,シンカ,149A,東G,,800,-5,-0.62%,10,ー倍,2.92倍,ー%
20261008,2917,ダイナパック,3947,東S,,"2,464",-16,-0.65%,10,7.08倍,0.49倍,3.65%
20261008,2918,ニーズウェル,3992,東P,,431,+1,+0.23%,10,17.7倍,3.33倍,3.25%
20261008,2919,東名,4439,東S,,862,+27,+3.23%,10,10.0倍,2.32倍,1.51%
20261008,2920,ナガオカ,6239,東S,,"1,423",+14,+0.99%,10,8.97倍,1.24倍,2.46%
20261008,2921,ゲームウィズ,6552,東S,,166,-3,-1.78%,10,ー倍,1.07倍,ー%
20261008,2922,エスユーエス,6554,東G,,"1,068",+1,+0.09%,10,9.67倍,2.02倍,4.68%
20261008,2923,シライ電子,6658,東S,,450,-12,-2.60%,10,11.3倍,0.63倍,4.44%
20261008,2924,ピクセラ,6731,東S,,95,0,0.00%,10,ー倍,3.58倍,ー%
20261008,2925,大同信,6743,東S,,"1,045",-20,-1.88%,10,7.66倍,0.53倍,3.44%
20261008,2926,池上通,6771,東S,,693,+15,+2.21%,10,8.90倍,0.34倍,2.16%
20261008,2927,ツインバード,6897,東S,,530,-25,-4.50%,10,126倍,0.86倍,2.45%
20261008,2928,ダントーＨＤ,5337,東S,,789,-71,-8.26%,10,ー倍,3.22倍,ー%
20261008,2929,虹技,5603,東S,,"1,262",-23,-1.79%,10,10.4倍,0.26倍,3.17%
20261008,2930,鋳鉄管,5612,東S,,"1,567",-14,-0.89%,10,24.0倍,0.52倍,1.60%
20261008,2931,エーワン精密,6156,東S,,"1,862",-26,-1.38%,10,37.1倍,1.27倍,5.37%
20261008,2932,フィルＣ,3267,東S,,616,-2,-0.32%,10,12.3倍,1.01倍,4.06%
20261008,2933,ベガコーポ,3542,東G,,"1,504",-27,-1.76%,10,17.4倍,2.20倍,1.20%
20261008,2934,岡山製紙,3892,東S,,"1,622",+2,+0.12%,10,12.0倍,0.52倍,3.08%
20261008,2935,翻訳センター,2483,東S,,"2,224",-8,-0.36%,10,15.0倍,1.14倍,6.29%
20261008,2936,野村外国債券,2511,東Ｅ,,"1,118.0",-6.5,-0.58%,10,ー倍,ー倍,ー%
20261008,2937,石光商事,2750,東S,,"1,305",-12,-0.91%,10,5.87倍,0.73倍,4.21%
20261008,2938,エコーＴＤ,7427,東S,,827,+1,+0.12%,10,6.68倍,0.42倍,3.63%
20261008,2939,オービス,7827,東S,,"1,786",-6,-0.33%,10,8.99倍,0.56倍,3.47%
20261008,2940,丸藤パ,8046,東S,,930,-8,-0.85%,10,9.16倍,0.49倍,4.09%
20261008,2941,ヤマトインタ,8127,東S,,500,-10,-1.96%,10,50.9倍,0.59倍,2.80%
20261008,2942,ａｂｃ,8783,東S,,44,+1,+2.33%,10,ー倍,0.27倍,ー%
20261008,2943,太平発,8835,東S,,768,-9,-1.16%,10,12.7倍,0.38倍,5.27%
20261008,2944,ヒガシＨＤ,9029,東S,,"1,875",+4,+0.21%,10,9.11倍,1.51倍,3.31%
20261008,2945,神姫バ,9083,東S,,"1,932",-2,-0.10%,10,10.6倍,0.44倍,2.33%
20261008,2946,玉井船,9127,東S,,"3,560",+90,+2.59%,10,9.73倍,0.68倍,3.09%
20261008,2947,アジア航,9233,東S,,"1,110",-10,-0.89%,10,12.2倍,0.92倍,3.96%
20261008,2948,名港海,9357,名M,,"2,415",-26,-1.07%,10,12.0倍,0.50倍,4.14%
20261008,2949,パーカー,9845,東S,,"1,318",-29,-2.15%,10,7.50倍,0.64倍,4.02%
20261008,2950,ウィルズ,4482,東G,,739,-6,-0.81%,10,15.7倍,4.78倍,2.44%
20261008,2951,ゼネテック,4492,東S,,385,-10,-2.53%,10,12.2倍,1.74倍,3.25%
20261008,2952,リベロ,9245,東G,,"2,060",-29,-1.39%,10,14.7倍,3.49倍,2.04%
20261008,2953,トゥルーＤ,4416,東G,,401,-1,-0.25%,10,30.8倍,1.66倍,ー%
20261008,2954,サインド,4256,東G,,"1,198",-11,-0.91%,10,38.7倍,2.06倍,ー%
20261008,2955,ＧＥＩ,9212,東S,,268,-5,-1.83%,10,20.9倍,1.78倍,ー%
20261008,2956,ＩＧＳ,4265,東G,,248,+1,+0.40%,10,169倍,3.04倍,ー%
20261008,2957,Ｂ＆Ｐ,7804,東S,,"2,576",+14,+0.55%,9,11.9倍,1.50倍,3.38%
20261008,2958,ＡＨＣ,7083,東G,,"1,396",-50,-3.46%,9,30.8倍,2.42倍,0.86%
20261008,2959,リフォームＴ,7695,東G,,822,-5,-0.60%,9,24.6倍,2.91倍,ー%
20261008,2960,サクシード,9256,東G,,962,-6,-0.62%,9,13.3倍,1.31倍,1.66%
20261008,2961,サンウェルズ,9229,東P,,110,+1,+0.92%,9,ー倍,0.56倍,ー%
20261008,2962,白鳩,3192,東S,,216,-9,-4.00%,9,103倍,0.59倍,ー%
20261008,2963,バルニバービ,3418,東G,,"1,048",-3,-0.29%,9,34.7倍,1.89倍,0.72%
20261008,2964,デュアルＴ,3469,東S,,845,-1,-0.12%,9,61.6倍,1.40倍,1.48%
20261008,2965,リスモン,3768,東S,,560,+7,+1.27%,9,17.5倍,0.73倍,2.95%
20261008,2966,ハビックス,3895,東S,,419,-2,-0.48%,9,9.42倍,0.43倍,3.82%
20261008,2967,ＧｒｅｅｎＢ,3913,東S,,"1,089",+14,+1.30%,9,12.2倍,1.83倍,ー%
20261008,2968,ｉＦＳＰベ,2238,東Ｅ,,"5,186",+26,+0.50%,9,ー倍,ー倍,ー%
20261008,2969,ジェノバ,5570,東G,,600,+1,+0.17%,9,14.6倍,2.17倍,1.17%
20261008,2970,北海電工,1832,札証,,"1,393",-7,-0.50%,9,8.39倍,0.77倍,1.44%
20261008,2971,野村Ａ成長,2083,東Ｅ,,"4,052",-55,-1.34%,9,ー倍,ー倍,ー%
20261008,2972,ＧＸＡＩビグ,223A,東Ｅ,,"1,876",-20,-1.05%,9,ー倍,ー倍,ー%
20261008,2973,リスキル,291A,東G,,"2,030",-9,-0.44%,9,10.4倍,1.74倍,ー%
20261008,2974,Ｊ４百ベア２,1469,東Ｅ,,181.7,+7.4,+4.25%,9,ー倍,ー倍,ー%
20261008,2975,ＷＴ金,1672,東Ｅ,,"60,360",-460,-0.76%,9,ー倍,ー倍,ー%
20261008,2976,南海辰村,1850,東S,,416,-4,-0.95%,9,7.11倍,0.60倍,1.92%
20261008,2977,ライオン事務,423A,東S,,307,0,0.00%,9,10.5倍,0.78倍,4.89%
20261008,2978,梅乃宿酒造,559A,東S,,"1,125",-10,-0.88%,9,18.9倍,1.92倍,2.12%
20261008,2979,共和工業,5971,東S,,"8,750",-60,-0.68%,9,18.5倍,0.65倍,0.91%
20261008,2980,イワブチ,5983,東S,,"15,000",0,0.00%,9,22.6倍,0.74倍,2.20%
20261008,2981,ライトアップ,6580,東G,,823,+11,+1.35%,9,8.48倍,1.33倍,2.31%
20261008,2982,天昇電,6776,東S,,287,-3,-1.03%,9,8.14倍,0.43倍,1.74%
20261008,2983,南総通運,9034,東S,,"1,625",-4,-0.25%,9,11.2倍,0.67倍,4.92%
20261008,2984,遠州トラック,9057,東S,,"3,180",-30,-0.93%,9,11.3倍,0.95倍,3.02%
20261008,2985,東陽倉,9306,東S,,"1,991",-11,-0.55%,9,13.0倍,0.51倍,3.77%
20261008,2986,進学会ＨＤ,9760,東S,,113,-1,-0.88%,9,62.8倍,0.30倍,ー%
20261008,2987,タキヒヨー,9982,東S,,"2,772",-18,-0.65%,9,14.4倍,0.72倍,1.80%
20261008,2988,識学,7049,東G,,760,-9,-1.17%,9,ー倍,2.12倍,ー%
20261008,2989,島根銀行,7150,東S,,497,-9,-1.78%,9,26.5倍,0.76倍,2.01%
20261008,2990,レシップＨＤ,7213,東S,,638,-9,-1.39%,9,7.50倍,0.88倍,4.08%
20261008,2991,東邦レマック,7422,東S,,520,-35,-6.31%,9,37.3倍,0.59倍,2.19%
20261008,2992,中山福,7442,東S,,470,-5,-1.05%,9,14.8倍,0.38倍,2.55%
20261008,2993,アイナボＨＤ,7539,東S,,755,-5,-0.66%,9,11.0倍,0.64倍,3.71%
20261008,2994,田中商事,7619,東S,,999,+2,+0.20%,9,7.08倍,0.51倍,3.80%
20261008,2995,林兼,2286,東S,,888,-3,-0.34%,9,6.06倍,0.55倍,5.07%
20261008,2996,ＵＮＩＴＥＤ,2497,東G,,490,-4,-0.81%,9,731倍,1.11倍,4.49%
20261008,2997,オルバＤＶｘ,2689,東S,,"1,905",-25,-1.30%,9,ー倍,1.51倍,ー%
20261008,2998,ジーエルシー,2970,東S,,"1,138",-29,-2.49%,9,13.5倍,2.98倍,ー%
20261008,2999,神栄,3004,東S,,"2,013",-32,-1.56%,9,6.32倍,0.70倍,5.46%
20261008,3000,アプライド,3020,東S,,"4,940",+5,+0.10%,9,6.21倍,0.95倍,2.02%
20261008,3001,銚子丸,3075,東S,,"1,715",-4,-0.23%,9,17.6倍,2.37倍,0.93%
20261008,3002,キムラタン,8107,東S,,31,+1,+3.33%,9,344倍,5.32倍,ー%
20261008,3003,和田興産,8931,東S,,"1,259",-21,-1.64%,9,6.57倍,0.39倍,5.32%
20261008,3004,ノダ,7879,東S,,667,-3,-0.45%,8,48.8倍,0.29倍,4.50%
20261008,3005,菊水化,7953,東S,,397,-3,-0.75%,8,10.2倍,0.48倍,4.28%
20261008,3006,リヒトラブ,7975,東S,,"1,163",-4,-0.34%,8,49.3倍,0.35倍,2.15%
20261008,3007,ＤＡＩＫＯＸ,8023,東S,,"1,047",+6,+0.58%,8,7.52倍,0.99倍,3.63%
20261008,3008,はせがわ,8230,東S,,299,-2,-0.66%,8,9.71倍,0.44倍,5.02%
20261008,3009,東北鋼,5484,東S,,"4,460",+5,+0.11%,8,ー倍,1.10倍,ー%
20261008,3010,不二サッシ,5940,東S,,727,-6,-0.82%,8,5.70倍,0.37倍,4.13%
20261008,3011,兼房,5984,東S,,790,+12,+1.54%,8,12.2倍,0.35倍,2.91%
20261008,3012,ＺＥＴＡ,6031,東S,,274,-1,-0.36%,8,18.3倍,6.63倍,1.64%
20261008,3013,オープンＷ,5139,東G,,907,-12,-1.31%,8,19.5倍,2.47倍,0.99%
20261008,3014,ＧＸ中国ＥＶ,2254,東Ｅ,,947,-11,-1.15%,8,ー倍,ー倍,ー%
20261008,3015,筑邦銀,8398,福証,,"2,464",-46,-1.83%,8,9.31倍,0.38倍,2.44%
20261008,3016,豊和銀,8559,福証,,485,-9,-1.82%,8,6.89倍,0.53倍,2.06%
20261008,3017,インバＰＦ,5587,東G,,855,+15,+1.79%,8,12.5倍,1.81倍,ー%
20261008,3018,ＧＸホリ日Ｒ,2098,東Ｅ,,907,-7,-0.77%,8,ー倍,ー倍,ー%
20261008,3019,ＧＸ革新優良,178A,東Ｅ,,"1,700",-7,-0.41%,8,ー倍,ー倍,ー%
20261008,3020,カドスＣ,211A,東S,,"3,085",-30,-0.96%,8,9.41倍,0.69倍,5.83%
20261008,3021,ガーデン,274A,東S,,"2,230",-10,-0.45%,8,19.0倍,2.15倍,4.04%
20261008,3022,ＶＰＪ,334A,東G,,"1,126",-29,-2.51%,8,18.3倍,2.82倍,ー%
20261008,3023,ＩＡＣＥトラ,343A,東S,,"1,240",-6,-0.48%,8,9.85倍,1.38倍,3.06%
20261008,3024,ｋｕｂｅｌｌ,4448,東G,,359,+3,+0.84%,8,25.2倍,5.93倍,ー%
20261008,3025,コパ,7689,東G,,332,-24,-6.74%,8,976倍,1.32倍,ー%
20261008,3026,Ｅインフィニ,7692,東S,,75,-2,-2.60%,8,13.4倍,5.82倍,4.00%
20261008,3027,ジオコード,7357,東S,,"1,680",-20,-1.18%,8,43.9倍,4.32倍,1.49%
20261008,3028,Ｚｅｎｋｅｎ,7371,東G,,792,-5,-0.63%,8,17.2倍,0.76倍,3.41%
20261008,3029,アルマード,4932,東S,,768,-11,-1.41%,8,13.2倍,5.77倍,ー%
20261008,3030,ＧＸ中小日株,2837,東Ｅ,,"4,961",-39,-0.78%,8,ー倍,ー倍,ー%
20261008,3031,アジアＱ,4261,東G,,"2,997",-23,-0.76%,8,44.7倍,2.27倍,ー%
20261008,3032,トリプルアイ,5026,東G,,613,+3,+0.49%,8,ー倍,3.64倍,ー%
20261008,3033,東和フード,3329,東S,,"2,139",+1,+0.05%,8,30.3倍,2.20倍,0.94%
20261008,3034,オルトＰＨＤ,3672,東S,,27,-1,-3.57%,8,ー倍,1.88倍,ー%
20261008,3035,ケイブ,3760,東S,,714,-15,-2.06%,8,3.67倍,1.72倍,ー%
20261008,3036,キーウェア,3799,東S,,"1,117",+27,+2.48%,8,11.6倍,1.19倍,3.58%
20261008,3037,ヴィクトン,3840,東S,,61,0,0.00%,8,ー倍,2.80倍,ー%
20261008,3038,ＮＥ,441A,東G,,264,0,0.00%,8,8.65倍,1.82倍,ー%
20261008,3039,ＳＳ米高配,451A,東Ｅ,,274.1,-2.7,-0.98%,8,ー倍,ー倍,ー%
20261008,3040,ビタブリッド,542A,東G,,"1,105",-10,-0.90%,8,8.34倍,1.19倍,ー%
20261008,3041,ナトコ,4627,東S,,"2,095",-69,-3.19%,8,10.9倍,0.62倍,2.58%
20261008,3042,大伸化学,4629,東S,,"2,310",-35,-1.49%,8,8.26倍,0.59倍,1.95%
20261008,3043,昭和システム,4752,東S,,"1,578",-34,-2.11%,8,9.36倍,1.15倍,3.87%
20261008,3044,野村ボベスパ,1325,東Ｅ,,333.3,-6.5,-1.91%,8,ー倍,ー倍,ー%
20261008,3045,上場ＭＳ世界,1554,東Ｅ,,"6,808",-74,-1.08%,8,ー倍,ー倍,ー%
20261008,3046,上場２２５Ｍ,1578,東Ｅ,,"5,552",-81,-1.44%,8,ー倍,ー倍,ー%
20261008,3047,野村情通サ他,1626,東Ｅ,,"49,000",+40,+0.08%,8,ー倍,ー倍,ー%
20261008,3048,佐田建,1826,東S,,"1,056",-14,-1.31%,8,14.0倍,1.17倍,5.68%
20261008,3049,米国配当貴族,2044,東EN,,"32,870",-320,-0.96%,8,ー倍,ー倍,ー%
20261008,3050,セーラー広告,2156,東S,,267,-2,-0.74%,8,ー倍,0.62倍,2.25%
20261008,3051,博展,2173,東G,,772,-9,-1.15%,8,7.40倍,2.25倍,3.50%
20261008,3052,ＫＧ情報,2408,東S,,828,0,0.00%,8,12.4倍,1.00倍,4.47%
20261008,3053,プレミアムＷ,2588,東S,,"3,625",0,0.00%,8,8.64倍,3.49倍,3.31%
20261008,3054,ＳＡＮＫＯ,2762,東S,,68,-1,-1.45%,8,ー倍,47.6倍,ー%
20261008,3055,大和自,9082,東S,,"2,420",-80,-3.20%,8,122倍,1.25倍,0.41%
20261008,3056,東海運,9380,東S,,449,-5,-1.10%,8,15.0倍,0.65倍,2.00%
20261008,3057,セゾンテク,9640,東S,,"1,920",+2,+0.10%,8,31.1倍,2.30倍,4.69%
20261008,3058,アゴーラＨＧ,9704,東S,,27,+1,+3.85%,8,28.7倍,1.29倍,ー%
20261008,3059,日邦産業,9913,東S,,"3,715",-15,-0.40%,8,23.9倍,1.97倍,2.13%
20261008,3060,ＭＲＫＨＬＤ,9980,東S,,90,0,0.00%,8,6.28倍,0.55倍,1.11%
20261008,3061,不二精機,6400,東S,,312,-4,-1.27%,8,6.88倍,0.61倍,3.21%
20261008,3062,ＧＭＢ,7214,東S,,"1,132",-9,-0.79%,8,6.05倍,0.27倍,4.15%
20261008,3063,ミクニ,7247,東S,,360,-3,-0.83%,8,7.12倍,0.29倍,4.17%
20261008,3064,オータケ,7434,東S,,"1,704",-4,-0.23%,8,7.83倍,0.39倍,2.35%
20261008,3065,ＮＡＴＴＹ,7674,東G,,"2,772",+7,+0.25%,8,683倍,5.20倍,ー%
20261008,3066,ＮＫＫ,6943,東S,,"6,250",-140,-2.19%,7,16.7倍,0.36倍,1.60%
20261008,3067,ＴＤＳＥ,7046,東G,,"1,297",-31,-2.33%,7,32.4倍,1.16倍,0.77%
20261008,3068,フジオーゼ,7299,東S,,"1,758",-1,-0.06%,7,10.2倍,0.53倍,3.07%
20261008,3069,トップカルチ,7640,東S,,199,0,0.00%,7,ー倍,25.8倍,ー%
20261008,3070,メディキット,7749,東S,,"2,735",-5,-0.18%,7,13.9倍,0.85倍,3.66%
20261008,3071,アビックス,7836,東S,,72,0,0.00%,7,14.6倍,1.34倍,ー%
20261008,3072,スターツ出版,7849,東S,,"2,997",0,0.00%,7,11.1倍,1.06倍,4.34%
20261008,3073,サインポスト,3996,東S,,212,-2,-0.93%,7,30.5倍,1.43倍,2.36%
20261008,3074,ハイマックス,4299,東S,,"1,170",-25,-2.09%,7,15.7倍,1.13倍,4.36%
20261008,3075,チムスピ,4397,東G,,370,+3,+0.82%,7,17.6倍,4.29倍,ー%
20261008,3076,イマジニア,4644,東S,,"1,027",+2,+0.20%,7,19.8倍,0.81倍,5.84%
20261008,3077,さくらＫＣＳ,4761,東S,,"1,452",-14,-0.95%,7,13.1倍,0.79倍,4.27%
20261008,3078,ジャパニアス,9558,東G,,"1,990",-10,-0.50%,7,9.96倍,2.35倍,5.08%
20261008,3079,アクシスＣ,9344,東G,,"1,456",-6,-0.41%,7,14.5倍,2.15倍,2.82%
20261008,3080,ｉＦＳＰＷベ,2249,東Ｅ,,"9,175",+94,+1.04%,7,ー倍,ー倍,ー%
20261008,3081,ＱＬＳＨＤ,7075,東G,,"1,000",-7,-0.70%,7,10.3倍,3.30倍,1.10%
20261008,3082,ＷＴＯＫＹＯ,9159,東G,,"1,838",-28,-1.50%,7,17.8倍,2.61倍,ー%
20261008,3083,南日銀,8554,福証,,"1,424",-19,-1.32%,7,7.95倍,0.30倍,3.51%
20261008,3084,売れるＧ,9235,東G,,389,-5,-1.27%,7,28.8倍,-30倍,ー%
20261008,3085,ｉＳＩＧ社債,2257,東Ｅ,,212.2,-2.7,-1.26%,7,ー倍,ー倍,ー%
20261008,3086,早稲田学習研,5869,東S,,"1,269",-1,-0.08%,7,12.3倍,1.76倍,5.12%
20261008,3087,マミヤＯＰ,7991,東S,,"1,046",-1,-0.10%,7,9.00倍,0.42倍,4.78%
20261008,3088,ゼット,8135,東S,,424,0,0.00%,7,10.0倍,0.54倍,4.25%
20261008,3089,さいか屋,8254,東S,,337,-2,-0.59%,7,17.9倍,1.53倍,1.48%
20261008,3090,日産証券Ｇ,8705,東S,,211,-4,-1.86%,7,ー倍,0.83倍,ー%
20261008,3091,日本色材,4920,東S,,"1,118",-79,-6.60%,7,22.7倍,0.54倍,2.68%
20261008,3092,クリエート,5187,東S,,"1,127",-6,-0.53%,7,16.0倍,0.54倍,4.17%
20261008,3093,アサヒエイト,5341,東S,,125,-2,-1.57%,7,ー倍,0.80倍,ー%
20261008,3094,Ｇキッズ,6189,東S,,977,-7,-0.71%,7,13.3倍,1.14倍,4.09%
20261008,3095,インバウンド,497A,東EN,,"10,075",-135,-1.32%,7,ー倍,ー倍,ー%
20261008,3096,ＧＸ銅ビジ,580A,東Ｅ,,958,-20,-2.04%,7,ー倍,ー倍,ー%
20261008,3097,ＮＴ中小型,2050,東EN,,"33,030",-10,-0.03%,7,ー倍,ー倍,ー%
20261008,3098,ペイクラウド,4015,東G,,533,+3,+0.57%,7,22.8倍,1.78倍,ー%
20261008,3099,ＨＣＨ,7361,東G,,"1,181",0,0.00%,7,8.43倍,2.39倍,3.81%
20261008,3100,ｉ－ｐｌｕｇ,4177,東G,,"1,369",-6,-0.44%,7,9.91倍,3.86倍,3.94%
20261008,3101,コンフインタ,7374,東G,,"1,493",-11,-0.73%,7,10.0倍,1.53倍,5.69%
20261008,3102,ロボペイ,4374,東G,,"1,173",+2,+0.17%,7,15.5倍,5.98倍,1.32%
20261008,3103,坪田ラボ,4890,東G,,256,-3,-1.16%,7,97.7倍,9.12倍,ー%
20261008,3104,ジェネパ,3195,東S,,439,+5,+1.15%,7,19.9倍,1.73倍,ー%
20261008,3105,セントラル総,3238,東S,,379,-4,-1.04%,7,9.11倍,0.35倍,3.43%
20261008,3106,クロスプラス,3320,東S,,"1,296",-7,-0.54%,7,10.4倍,0.49倍,4.63%
20261008,3107,ｃｏｔｔａ,3359,東G,,489,-4,-0.81%,7,8.26倍,1.07倍,2.04%
20261008,3108,大木ヘルス,3417,東S,,"1,019",+15,+1.49%,7,ー倍,0.41倍,2.94%
20261008,3109,アルファＣｏ,3434,東S,,"1,204",-7,-0.58%,7,11.6倍,0.30倍,4.24%
20261008,3110,イノベＨＤ,3484,東S,,"1,228",+3,+0.24%,7,16.2倍,4.46倍,2.77%
20261008,3111,ウイルプラス,3538,東S,,"1,000",0,0.00%,7,7.24倍,0.78倍,5.37%
20261008,3112,ネットイヤー,3622,東S,,493,+1,+0.20%,7,14.2倍,1.29倍,1.42%
20261008,3113,アスリナ,3647,東S,,113,0,0.00%,7,ー倍,3.00倍,ー%
20261008,3114,システムズＤ,3766,東S,,"1,480",-28,-1.86%,7,12.2倍,1.08倍,4.05%
20261008,3115,ハマイ,6497,東S,,"1,445",-51,-3.41%,7,14.9倍,0.57倍,3.11%
20261008,3116,ＲＶＨ,6786,東S,,44,-2,-4.35%,7,ー倍,1.48倍,ー%
20261008,3117,協立電機,6874,東S,,"2,325",-32,-1.36%,7,8.52倍,0.85倍,3.96%
20261008,3118,サーティワン,2268,東S,,"4,050",0,0.00%,7,21.7倍,2.54倍,1.48%
20261008,3119,ヒューマン,2415,東S,,"1,599",-3,-0.19%,7,6.77倍,0.86倍,4.44%
20261008,3120,アスカネット,2438,東G,,332,-8,-2.35%,7,15.8倍,0.96倍,2.11%
20261008,3121,ｉＦＪリコア,2528,東Ｅ,,993,-9,-0.90%,7,ー倍,ー倍,ー%
20261008,3122,太陽化,2902,名M,,"2,801",+49,+1.78%,7,9.77倍,0.85倍,3.61%
20261008,3123,ハブ,3030,東S,,891,-5,-0.56%,7,34.0倍,3.32倍,1.12%
20261008,3124,ＷＤＩ,3068,東S,,"3,110",+15,+0.48%,7,55.8倍,2.94倍,0.55%
20261008,3125,マーケットＥ,3135,東S,,"1,121",-12,-1.06%,7,34.5倍,4.62倍,ー%
20261008,3126,上場Ａリート,1555,東Ｅ,,"2,209",-14,-0.63%,7,ー倍,ー倍,ー%
20261008,3127,ｉＳ米リート,1659,東Ｅ,,"3,574",-71,-1.95%,7,ー倍,ー倍,ー%
20261008,3128,ＳＤＳＨＤ,1711,東S,,231,-4,-1.70%,7,398倍,4.70倍,ー%
20261008,3129,北野建,1866,東S,,"1,060",-20,-1.85%,7,7.38倍,0.49倍,2.83%
20261008,3130,フジ日本,2114,東S,,631,-3,-0.47%,7,13.0倍,1.16倍,3.01%
20261008,3131,岩塚製菓,2221,東S,,"3,015",0,0.00%,7,23.2倍,0.50倍,1.06%
20261008,3132,東洋埠頭,9351,東S,,"1,919",+4,+0.21%,7,9.72倍,0.43倍,4.17%
20261008,3133,テアトル,9633,東S,,"1,690",+1,+0.06%,7,4.24倍,0.59倍,1.78%
20261008,3134,グランド,9720,東S,,"6,590",0,0.00%,7,23.4倍,1.86倍,0.38%
20261008,3135,日建工学,9767,東S,,"1,631",-70,-4.12%,7,8.49倍,0.59倍,1.84%
20261008,3136,旭情報,9799,東S,,937,-12,-1.26%,7,11.7倍,1.18倍,3.63%
20261008,3137,広電鉄,9033,東S,,619,-7,-1.12%,6,18.8倍,0.41倍,1.29%
20261008,3138,ウィルソンＷ,9610,東S,,104,-4,-3.70%,6,ー倍,1.77倍,ー%
20261008,3139,ビステム,9780,東S,,"1,119",-2,-0.18%,6,9.54倍,0.93倍,3.22%
20261008,3140,愛眼,9854,東S,,262,-6,-2.24%,6,26.1倍,0.41倍,ー%
20261008,3141,北恵,9872,東S,,962,+1,+0.10%,6,16.0倍,0.63倍,2.91%
20261008,3142,コックス,9876,東S,,222,-3,-1.33%,6,5.68倍,0.58倍,ー%
20261008,3143,セキド,9878,東S,,380,+1,+0.26%,6,623倍,-11倍,ー%
20261008,3144,ＩＮＣＨＤ,7078,東G,,335,-3,-0.89%,6,ー倍,2.32倍,ー%
20261008,3145,ウイルテック,7087,東S,,"1,355",-6,-0.44%,6,9.32倍,0.99倍,3.17%
20261008,3146,Ｈｉクラテス,4172,東S,,"2,240",-54,-2.35%,6,10.4倍,1.13倍,4.20%
20261008,3147,ＧＸデジ日株,2626,東Ｅ,,"3,366",+3,+0.09%,6,ー倍,ー倍,ー%
20261008,3148,室町ケミカル,4885,東S,,900,-5,-0.55%,6,10.4倍,1.41倍,2.89%
20261008,3149,エコシステム,9249,東S,,"1,580",-4,-0.25%,6,23.9倍,2.23倍,1.14%
20261008,3150,野村ナスＨ有,2845,東Ｅ,,"3,715",-21,-0.56%,6,ー倍,ー倍,ー%
20261008,3151,グラッドＣ,9561,東G,,414,-9,-2.13%,6,69.2倍,4.59倍,ー%
20261008,3152,ベースフード,2936,東G,,273,-3,-1.09%,6,ー倍,12.9倍,ー%
20261008,3153,サンクゼール,2937,東G,,"1,701",-5,-0.29%,6,39.3倍,3.21倍,2.06%
20261008,3154,グロービー,5575,東G,,"1,230",-87,-6.61%,6,14.2倍,5.48倍,ー%
20261008,3155,インシュア,5843,東S,,"2,281",-13,-0.57%,6,9.15倍,2.14倍,1.10%
20261008,3156,Ｇモンスター,157A,東G,,745,-23,-2.99%,6,ー倍,2.30倍,ー%
20261008,3157,ＩＮＧＳ,245A,東G,,"2,507",+26,+1.05%,6,18.7倍,2.79倍,ー%
20261008,3158,プログレス,339A,東G,,912,-11,-1.19%,6,6.91倍,1.20倍,3.29%
20261008,3159,アンファク,7035,東S,,217,-3,-1.36%,6,ー倍,2.88倍,ー%
20261008,3160,アストマクス,7162,東S,,292,-2,-0.68%,6,ー倍,0.58倍,ー%
20261008,3161,エイケン工業,7265,東S,,"3,485",-20,-0.57%,6,11.9倍,0.58倍,3.16%
20261008,3162,安楽亭,7562,東S,,"3,735",0,0.00%,6,22.6倍,2.06倍,0.40%
20261008,3163,オーエムツー,7614,東S,,"1,544",+3,+0.19%,6,10.3倍,0.56倍,2.33%
20261008,3164,京都友禅ＨＤ,7615,東S,,93,0,0.00%,6,18.6倍,0.62倍,1.61%
20261008,3165,ＰＬＡＮＴ,7646,東S,,"1,757",+1,+0.06%,6,11.0倍,0.78倍,5.41%
20261008,3166,グラファイト,7847,東S,,705,-6,-0.84%,6,13.7倍,0.90倍,4.26%
20261008,3167,ベネフィＪ,3934,東S,,"2,245",-9,-0.40%,6,11.7倍,1.54倍,4.32%
20261008,3168,エディア,3935,東S,,721,+3,+0.42%,6,8.17倍,2.53倍,2.36%
20261008,3169,キャピタルＡ,3965,東S,,851,0,0.00%,6,9.24倍,1.27倍,3.06%
20261008,3170,ジャストプラ,4287,東S,,498,+4,+0.81%,6,8.27倍,1.47倍,2.61%
20261008,3171,エデュラボ,4427,東G,,212,-11,-4.93%,6,216倍,1.69倍,ー%
20261008,3172,アトミクス,4625,東S,,886,-1,-0.11%,6,9.44倍,0.42倍,2.26%
20261008,3173,トーセ,4728,東S,,650,+3,+0.46%,6,17.6倍,0.73倍,3.85%
20261008,3174,京進,4735,東S,,278,-8,-2.80%,6,10.7倍,0.58倍,2.81%
20261008,3175,ｉＳＳ除金融,491A,東Ｅ,,565.2,ー,ー%,6,ー倍,ー倍,ー%
20261008,3176,ｉＦ独３短国,613A,東Ｅ,,"1,896",-13,-0.68%,6,ー倍,ー倍,ー%
20261008,3177,ウッドワン,7898,東S,,908,-22,-2.37%,6,21.1倍,0.19倍,2.64%
20261008,3178,くろ工,7997,東S,,"1,175",-8,-0.68%,6,21.8倍,0.41倍,3.40%
20261008,3179,カノークス,8076,東S,,"2,021",-5,-0.25%,6,9.63倍,0.59倍,5.24%
20261008,3180,クワザワＨＤ,8104,東S,,783,-12,-1.51%,6,10.1倍,0.68倍,3.83%
20261008,3181,ソマール,8152,東S,,"7,350",-30,-0.41%,6,5.67倍,0.61倍,1.36%
20261008,3182,テンアライド,8207,東S,,290,0,0.00%,6,242倍,9.86倍,ー%
20261008,3183,ＡＭＧＨＤ,8891,東S,,"2,072",-34,-1.61%,6,6.75倍,0.47倍,3.86%
20261008,3184,毎コムネット,8908,東S,,858,-12,-1.38%,6,7.73倍,1.05倍,4.55%
20261008,3185,相模ゴ,5194,東S,,618,-5,-0.80%,6,112倍,0.56倍,1.62%
20261008,3186,新東,5380,東S,,"1,170",+1,+0.09%,6,27.1倍,0.26倍,3.21%
20261008,3187,日鋳造,5609,東S,,931,-14,-1.48%,6,9.35倍,0.39倍,3.22%
20261008,3188,イボキン,5699,東S,,"1,530",-21,-1.35%,6,9.60倍,0.94倍,2.09%
20261008,3189,ダイニチ工業,5951,東S,,"1,089",-31,-2.77%,6,14.7倍,0.61倍,2.57%
20261008,3190,ｉＦＴＰＷベ,1368,東Ｅ,,150,+6,+4.17%,6,ー倍,ー倍,ー%
20261008,3191,サンヨーＨ,1420,東S,,630,0,0.00%,6,5.59倍,0.48倍,3.97%
20261008,3192,名工建,1869,名M,,"1,894",-1,-0.05%,6,8.69倍,0.55倍,3.48%
20261008,3193,高橋ウォール,1994,東S,,603,-7,-1.15%,6,8.63倍,0.43倍,3.65%
20261008,3194,地域新聞社,2164,東S,,100,-4,-3.85%,6,ー倍,2.32倍,ー%
20261008,3195,リニカル,2183,東S,,202,-1,-0.49%,6,25.4倍,1.42倍,3.96%
20261008,3196,シイエムシイ,2185,東S,,"1,880",+2,+0.11%,6,11.0倍,1.05倍,3.03%
20261008,3197,ヨシタケ,6488,東S,,"1,010",-1,-0.10%,6,9.24倍,0.70倍,3.56%
20261008,3198,ディスラプタ,6538,東S,,234,-2,-0.85%,6,7.86倍,1.73倍,2.14%
20261008,3199,ハナツアーＪ,6561,東G,,820,+1,+0.12%,6,7.22倍,2.19倍,5.12%
20261008,3200,森尾電,6647,東S,,"3,360",+10,+0.30%,6,14.8倍,0.72倍,1.79%
20261008,3201,フェンオール,6870,東S,,"2,081",-57,-2.67%,6,13.3倍,0.75倍,3.75%
20261008,3202,ケル,6919,東S,,"1,404",-9,-0.64%,6,78.6倍,0.67倍,5.70%
20261008,3203,コスモバイオ,3386,東S,,"1,250",-10,-0.79%,6,22.3倍,0.73倍,4.00%
20261008,3204,丸八ＨＤ,3504,名M,,"1,421",-37,-2.54%,6,11.9倍,0.38倍,3.52%
20261008,3205,ほぼ日,3560,東S,,"5,120",-100,-1.92%,6,16.1倍,2.12倍,1.76%
20261008,3206,クラウディア,3607,東S,,352,+5,+1.44%,6,5.80倍,0.73倍,2.84%
20261008,3207,テクミラ,3627,東S,,269,+4,+1.51%,6,21.6倍,0.54倍,1.86%
20261008,3208,ｅｎｉｓｈ,3667,東S,,26,0,0.00%,6,ー倍,1.86倍,ー%
20261008,3209,サイオス,3744,東S,,460,-6,-1.29%,6,10.8倍,2.10倍,1.09%
20261008,3210,アイリッジ,3917,東G,,481,-8,-1.64%,6,12.6倍,1.30倍,ー%
20261008,3211,アイビーシー,3920,東S,,"1,015",+19,+1.91%,6,13.1倍,2.36倍,2.17%
20261008,3212,コモ,2224,東S,,"3,770",-30,-0.79%,6,63.9倍,5.96倍,0.19%
20261008,3213,野村新興国株,2520,東Ｅ,,"2,327",-47,-1.98%,6,ー倍,ー倍,ー%
20261008,3214,株主還元７０,2529,東Ｅ,,"2,355",-7,-0.30%,6,ー倍,ー倍,ー%
20261008,3215,北海コカ,2573,東S,,"4,110",-5,-0.12%,6,50.8倍,1.28倍,0.73%
20261008,3216,和弘食品,2813,東S,,"3,950",+20,+0.51%,6,8.73倍,0.95倍,2.78%
20261008,3217,ハイパー,3054,東S,,379,-6,-1.56%,6,15.3倍,1.15倍,1.85%
20261008,3218,ストリーム,3071,東S,,101,-2,-1.94%,6,14.5倍,0.94倍,2.97%
20261008,3219,ＢＲＵＮＯ,3140,東G,,"1,024",-1,-0.10%,6,20.7倍,2.44倍,1.12%
20261008,3220,ＯＣＨＩＨＤ,3166,東S,,"1,401",-17,-1.20%,6,14.0倍,0.73倍,3.93%
20261008,3221,ＡＰＨＤ,3175,東S,,938,+4,+0.43%,6,21.1倍,-52倍,ー%
20261008,3222,ありがとうＳ,3177,東S,,"4,770",+135,+2.91%,6,8.95倍,1.24倍,2.83%
20261008,3223,コイケヤ,2226,東S,,"4,705",-15,-0.32%,5,19.3倍,2.35倍,1.17%
20261008,3224,ＣＳＳ,2304,東S,,895,-3,-0.33%,5,7.53倍,1.33倍,3.91%
20261008,3225,エプコ,2311,東S,,777,-6,-0.77%,5,14.3倍,1.48倍,4.50%
20261008,3226,農中東証指数,2524,東Ｅ,,"4,231",-57,-1.33%,5,ー倍,ー倍,ー%
20261008,3227,オートＷ,2666,東S,,188,-2,-1.05%,5,11.3倍,0.60倍,2.13%
20261008,3228,ＹＫＴ,2693,東S,,274,-3,-1.08%,5,63.6倍,0.40倍,1.82%
20261008,3229,パレモ・ＨＤ,2778,東S,,120,-5,-4.00%,5,56.9倍,0.92倍,ー%
20261008,3230,ダイショー,2816,東S,,"1,402",0,0.00%,5,32.2倍,1.36倍,1.43%
20261008,3231,大冷,2883,東S,,"1,956",-2,-0.10%,5,21.8倍,1.35倍,3.07%
20261008,3232,イフジ産業,2924,東S,,"1,846",-29,-1.55%,5,7.45倍,1.19倍,3.74%
20261008,3233,きちりＨＤ,3082,東S,,989,0,0.00%,5,31.9倍,5.34倍,0.76%
20261008,3234,大光,3160,東S,,577,-1,-0.17%,5,20.6倍,1.34倍,2.60%
20261008,3235,ユアサフナ,8006,東S,,"1,459",-26,-1.75%,5,10.3倍,0.58倍,2.26%
20261008,3236,ラオックス,8202,東S,,147,-1,-0.68%,5,21.3倍,0.63倍,2.72%
20261008,3237,大和デ,8247,東S,,334,-3,-0.89%,5,18.7倍,0.34倍,ー%
20261008,3238,アバンティア,8904,東S,,823,+2,+0.24%,5,9.95倍,0.43倍,4.62%
20261008,3239,キューブ,7112,東G,,541,-9,-1.64%,5,50.2倍,0.84倍,ー%
20261008,3240,ＧＸＵＳ配当,2236,東Ｅ,,"1,400",-16,-1.13%,5,ー倍,ー倍,ー%
20261008,3241,クラダシ,5884,東G,,611,-6,-0.97%,5,24.5倍,4.39倍,ー%
20261008,3242,オンザページ,9160,東S,,330,-3,-0.90%,5,7.69倍,0.91倍,ー%
20261008,3243,アスマーク,4197,東S,,"2,441",+31,+1.29%,5,20.2倍,1.75倍,3.20%
20261008,3244,ＳＯＬＩＺＥ,5871,東S,,"1,335",+5,+0.38%,5,23.9倍,0.64倍,4.12%
20261008,3245,ウェリタス,130A,東G,,425,-6,-1.39%,5,ー倍,1.97倍,ー%
20261008,3246,ＲＯＸＸ,241A,東G,,451,-25,-5.25%,5,"3,221倍",2.24倍,ー%
20261008,3247,ラクサス,288A,東G,,93,-2,-2.11%,5,15.9倍,0.77倍,ー%
20261008,3248,ブッキングＲ,324A,東G,,702,-3,-0.43%,5,10.1倍,2.07倍,ー%
20261008,3249,ＭＸ読売日株,348A,東Ｅ,,302.6,-0.8,-0.26%,5,ー倍,ー倍,ー%
20261008,3250,伊勢湾,9359,名M,,949,+1,+0.11%,5,9.67倍,0.47倍,3.16%
20261008,3251,協和コンサル,9647,東S,,"6,720",-30,-0.44%,5,5.86倍,0.80倍,0.45%
20261008,3252,ロイヤルホ,9713,東S,,910,+2,+0.22%,5,17.4倍,0.79倍,0.66%
20261008,3253,リリカラ,9827,東S,,651,-9,-1.36%,5,12.0倍,1.06倍,5.53%
20261008,3254,マキヤ,9890,東S,,"1,400",-10,-0.71%,5,6.60倍,0.44倍,2.71%
20261008,3255,カンセキ,9903,東S,,870,-32,-3.55%,5,20.3倍,0.98倍,2.30%
20261008,3256,藤井産業ＨＤ,9906,東S,,"4,040",-15,-0.37%,5,8.99倍,0.82倍,3.96%
20261008,3257,アルテック,9972,東S,,283,-2,-0.70%,5,9.74倍,0.43倍,2.47%
20261008,3258,アミファ,7800,東S,,952,+3,+0.32%,5,4.51倍,1.07倍,3.15%
20261008,3259,ＡＩクロス,4476,東G,,"1,081",-6,-0.55%,5,11.4倍,1.97倍,ー%
20261008,3260,レンティア,7081,東S,,"1,299",0,0.00%,5,8.57倍,1.10倍,2.85%
20261008,3261,ビザスク,4490,東G,,677,-12,-1.74%,5,8.38倍,3.18倍,ー%
20261008,3262,日本情報Ｃ,4054,東G,,517,-1,-0.19%,5,19.8倍,1.68倍,2.51%
20261008,3263,ファンペップ,4881,東G,,45,-1,-2.17%,5,ー倍,1.38倍,ー%
20261008,3264,シキノＨＴ,6614,東S,,891,+2,+0.22%,5,47.8倍,1.74倍,1.68%
20261008,3265,ＧＸクリ日株,2637,東Ｅ,,"2,712",-72,-2.59%,5,ー倍,ー倍,ー%
20261008,3266,ワンプラ,4199,東G,,799,+9,+1.14%,5,ー倍,6.72倍,ー%
20261008,3267,デコルテＨＤ,7372,東G,,430,+3,+0.70%,5,9.24倍,0.41倍,ー%
20261008,3268,ランドネット,2991,東S,,509,-1,-0.20%,5,3.92倍,0.92倍,2.55%
20261008,3269,フレクト,4414,東G,,"1,122",+2,+0.18%,5,8.09倍,2.65倍,ー%
20261008,3270,ラバブルＭＧ,9254,東G,,966,-34,-3.40%,5,ー倍,1.86倍,ー%
20261008,3271,ニフティＬＳ,4262,東G,,"1,373",-11,-0.79%,5,10.5倍,1.43倍,4.66%
20261008,3272,ホームポジ,2999,東S,,516,-4,-0.77%,5,8.98倍,0.81倍,1.94%
20261008,3273,ウリドキ,418A,名N,,"1,350",+2,+0.15%,5,20.3倍,9.56倍,ー%
20261008,3274,ＧＸ日経株主,465A,東Ｅ,,"1,320",+1,+0.08%,5,ー倍,ー倍,ー%
20261008,3275,防衛航空欧州,498A,東EN,,"8,224",-208,-2.47%,5,ー倍,ー倍,ー%
20261008,3276,ＨＫＳ,7219,東S,,"2,500",ー,ー%,5,7.07倍,0.32倍,2.60%
20261008,3277,ＭＵＲＯ,7264,東S,,"1,306",-14,-1.06%,5,6.51倍,0.35倍,3.60%
20261008,3278,ムラキ,7477,東S,,"1,567",-33,-2.06%,5,ー倍,0.81倍,ー%
20261008,3279,スリーエフ,7544,東S,,555,-3,-0.54%,5,14.0倍,0.98倍,3.24%
20261008,3280,梅の花Ｇ,7604,東S,,912,0,0.00%,5,29.1倍,4.05倍,1.10%
20261008,3281,寿屋,7809,東S,,"1,322",-11,-0.83%,5,21.4倍,1.29倍,3.40%
20261008,3282,Ｖゴルフ,3931,東G,,"1,450",-11,-0.75%,5,23.8倍,2.54倍,1.72%
20261008,3283,ＳＣＡＴ,3974,東S,,670,-1,-0.15%,5,35.2倍,1.01倍,2.16%
20261008,3284,ビーグリー,3981,東S,,"1,220",-19,-1.53%,5,25.2倍,0.85倍,3.69%
20261008,3285,タカギセイコ,4242,東S,,"1,686",-29,-1.69%,5,7.63倍,0.36倍,3.56%
20261008,3286,Ｄ・アクシス,4245,東S,,722,-3,-0.41%,5,17.8倍,0.93倍,3.32%
20261008,3287,ソルクシーズ,4284,東S,,451,-4,-0.88%,5,9.05倍,1.34倍,3.10%
20261008,3288,東邦化,4409,東S,,831,-15,-1.77%,5,9.45倍,0.70倍,3.01%
20261008,3289,ＸＮＥＴ,4762,東S,,"1,000",-4,-0.40%,5,16.1倍,2.56倍,3.75%
20261008,3290,ガーラ,4777,東S,,198,-2,-1.00%,5,ー倍,7.96倍,ー%
20261008,3291,トラストＨＤ,3286,東S,,865,-6,-0.69%,5,16.7倍,7.39倍,2.08%
20261008,3292,メディ一光Ｇ,3353,東S,,"2,804",-11,-0.39%,5,8.12倍,0.67倍,4.28%
20261008,3293,Ｆブラザーズ,3454,東S,,"1,265",-12,-0.94%,5,6.77倍,0.63倍,2.92%
20261008,3294,パルマ,3461,東S,,553,-14,-2.47%,5,27.9倍,1.54倍,2.35%
20261008,3295,イチカワ,3513,東S,,"3,595",-65,-1.78%,5,16.8倍,0.60倍,2.78%
20261008,3296,アクサスＨＤ,3536,東S,,126,-2,-1.56%,5,15.3倍,1.55倍,1.59%
20261008,3297,ホットリンク,3680,東G,,202,-2,-0.98%,5,34.8倍,0.79倍,3.07%
20261008,3298,タナケン,1450,東S,,"1,495",-18,-1.19%,5,9.29倍,1.41倍,3.68%
20261008,3299,上場新興国債,1566,東Ｅ,,"52,160",-180,-0.34%,5,ー倍,ー倍,ー%
20261008,3300,野村食品,1617,東Ｅ,,"47,730",-190,-0.40%,5,ー倍,ー倍,ー%
20261008,3301,ｉＳ先進国株,1657,東Ｅ,,"7,271",-50,-0.68%,5,ー倍,ー倍,ー%
20261008,3302,ＷＴ穀物,1688,東Ｅ,,596.3,-16.1,-2.63%,5,ー倍,ー倍,ー%
20261008,3303,川崎設備,1777,名M,,"2,315",-20,-0.86%,5,8.04倍,1.69倍,4.10%
20261008,3304,土屋ＨＤ,1840,東S,,260,-1,-0.38%,5,ー倍,0.56倍,3.85%
20261008,3305,金下建,1897,東S,,"3,570",+75,+2.15%,5,22.8倍,0.37倍,1.40%
20261008,3306,暁飯島工業,1997,東S,,"4,290",+60,+1.42%,5,9.13倍,1.05倍,3.15%
20261008,3307,インタスペス,2122,東S,,"1,310",-7,-0.53%,5,19.6倍,1.41倍,2.29%
20261008,3308,クニミネ,5388,東S,,"1,338",-18,-1.33%,5,11.2倍,0.73倍,2.99%
20261008,3309,北越メ,5446,東S,,"1,060",-9,-0.84%,5,ー倍,0.22倍,ー%
20261008,3310,サンユウ,5697,東S,,800,-8,-0.99%,5,7.80倍,0.46倍,3.75%
20261008,3311,中西製,5941,東S,,"2,695",-1,-0.04%,5,8.38倍,0.79倍,3.71%
20261008,3312,ＴＯＮＥ,5967,東S,,439,-2,-0.45%,5,9.07倍,0.79倍,2.96%
20261008,3313,オーネックス,5987,東S,,"1,600",-45,-2.74%,5,12.3倍,0.47倍,1.25%
20261008,3314,ファインシン,5994,東S,,971,-2,-0.21%,5,8.31倍,0.29倍,2.57%
20261008,3315,アトラＧ,6029,東S,,189,+1,+0.53%,5,134倍,1.22倍,ー%
20261008,3316,日本スキー,6040,東G,,465,-2,-0.43%,5,13.7倍,2.10倍,1.08%
20261008,3317,フリークＨＤ,6094,東G,,501,+2,+0.40%,5,11.0倍,0.73倍,ー%
20261008,3318,兼松エンジ,6402,東S,,"1,563",-16,-1.01%,5,11.7倍,0.98倍,2.88%
20261008,3319,ツナグＧＨＤ,6551,東S,,610,-1,-0.16%,5,7.38倍,2.13倍,3.28%
20261008,3320,ＣＲＡＶＩＡ,6573,東G,,23,0,0.00%,5,ー倍,3.43倍,ー%
20261008,3321,ズーム,6694,東S,,833,+8,+0.97%,5,9.00倍,0.61倍,3.84%
20261008,3322,ＴＢグループ,6775,東S,,135,0,0.00%,5,201倍,4.22倍,ー%
20261008,3323,伊豆シャボ,6819,東S,,465,-1,-0.21%,5,8.80倍,1.42倍,4.30%
20261008,3324,大井電気,6822,東S,,"5,000",0,0.00%,5,2.30倍,0.67倍,1.60%
20261008,3325,フリージア,6343,東S,,149,0,0.00%,4,4.19倍,0.40倍,0.40%
20261008,3326,神戸天然物化,6568,東G,,"1,239",+16,+1.31%,4,14.8倍,0.67倍,2.66%
20261008,3327,大日光,6635,東S,,650,-12,-1.81%,4,6.07倍,0.57倍,2.46%
20261008,3328,不二電機,6654,東S,,"1,089",-1,-0.09%,4,25.3倍,0.53倍,2.94%
20261008,3329,アルチザ,6778,東S,,614,-12,-1.92%,4,19.6倍,0.79倍,4.07%
20261008,3330,ニッチツ,7021,東S,,"2,423",+63,+2.67%,4,39.7倍,0.37倍,1.24%
20261008,3331,スプリックス,7030,東S,,971,-7,-0.72%,4,12.2倍,1.69倍,3.91%
20261008,3332,ピアズ,7066,東G,,439,-10,-2.23%,4,14.6倍,1.40倍,3.87%
20261008,3333,Ｃａｓａ,7196,東S,,733,-1,-0.14%,4,35.6倍,1.05倍,2.73%
20261008,3334,東北化学,7446,東S,,"4,405",ー,ー%,4,7.78倍,0.45倍,2.38%
20261008,3335,ニチリョク,7578,東S,,67,+2,+3.08%,4,10.3倍,0.46倍,ー%
20261008,3336,ハンズマン,7636,東S,,790,-2,-0.25%,4,9.88倍,0.58倍,3.80%
20261008,3337,野村欧州株Ｈ,2859,東Ｅ,,"3,094",-43,-1.37%,4,ー倍,ー倍,ー%
20261008,3338,野村独株Ｈ有,2860,東Ｅ,,"3,154",-19,-0.60%,4,ー倍,ー倍,ー%
20261008,3339,ＩＮＥＳＴ,7111,東S,,580,-10,-1.69%,4,14.1倍,0.82倍,ー%
20261008,3340,ＰＯＰＥＲ,5134,東G,,447,-5,-1.11%,4,31.5倍,1.96倍,ー%
20261008,3341,アソインター,9340,東S,,799,-3,-0.37%,4,14.2倍,2.43倍,3.50%
20261008,3342,アメイズ,6076,福証,,"1,337",-13,-0.96%,4,8.15倍,1.03倍,2.62%
20261008,3343,宮崎太銀,8560,福証,,"2,503",-56,-2.19%,4,8.78倍,0.31倍,2.00%
20261008,3344,ロココ,5868,東S,,"1,008",-14,-1.37%,4,9.19倍,1.31倍,3.97%
20261008,3345,ＳＴＧ,5858,東G,,"1,156",-2,-0.17%,4,9.49倍,0.69倍,1.73%
20261008,3346,インテＧ,192A,東G,,"1,311",-11,-0.83%,4,13.2倍,1.48倍,3.81%
20261008,3347,ＳＭＴ厳選投,257A,東Ｅ,,"3,472",-56,-1.59%,4,ー倍,ー倍,ー%
20261008,3348,グロースｘＰ,244A,東G,,"1,234",-16,-1.28%,4,10.9倍,1.11倍,ー%
20261008,3349,アルピコＨＤ,297A,東S,,209,0,0.00%,4,9.39倍,1.15倍,2.39%
20261008,3350,ＧＸＳＰＣＦ,356A,東Ｅ,,"1,600",-14,-0.87%,4,ー倍,ー倍,ー%
20261008,3351,プラネット,2391,東S,,"1,166",0,0.00%,4,21.5倍,1.40倍,3.82%
20261008,3352,野村外国債Ｈ,2512,東Ｅ,,703.5,-0.5,-0.07%,4,ー倍,ー倍,ー%
20261008,3353,フェスタリア,2736,東S,,591,-7,-1.17%,4,13.3倍,1.26倍,1.18%
20261008,3354,セイヒョー,2872,東S,,"1,900",-2,-0.11%,4,28.1倍,1.86倍,0.95%
20261008,3355,三洋堂ＨＤ,3058,東S,,713,0,0.00%,4,34.6倍,1.63倍,0.14%
20261008,3356,オーシャンシ,3096,東S,,"1,502",-8,-0.53%,4,9.26倍,1.14倍,1.33%
20261008,3357,ジオリーブＧ,3157,東S,,"1,376",-29,-2.06%,4,7.78倍,0.73倍,4.00%
20261008,3358,コミニックス,3173,東S,,"1,468",+10,+0.69%,4,9.16倍,1.09倍,3.41%
20261008,3359,ヴィアＨＤ,7918,東S,,105,0,0.00%,4,159倍,-1.1倍,ー%
20261008,3360,中央魚,8030,東S,,"3,900",0,0.00%,4,7.10倍,0.41倍,3.08%
20261008,3361,築地魚,8039,東S,,"3,515",+25,+0.72%,4,15.7倍,1.09倍,1.00%
20261008,3362,ムーンバット,8115,東S,,"1,300",-18,-1.37%,4,9.77倍,0.95倍,4.15%
20261008,3363,リップス,373A,東G,,"1,534",-22,-1.41%,4,8.12倍,1.00倍,ー%
20261008,3364,ＭＸＳＰ等ウ,383A,東Ｅ,,"2,532",-36,-1.40%,4,ー倍,ー倍,ー%
20261008,3365,ＡＩＧＨＤ,377A,名M,,"1,129",-21,-1.83%,4,23.2倍,1.55倍,ー%
20261008,3366,ＧＭＯテック,415A,東G,,"5,660",-30,-0.53%,4,20.2倍,2.32倍,4.89%
20261008,3367,ＭＸ高配５０,461A,東Ｅ,,"2,610",-28,-1.06%,4,ー倍,ー倍,ー%
20261008,3368,ＯｎｅＪ３,493A,東Ｅ,,995.2,+1.5,+0.15%,4,ー倍,ー倍,ー%
20261008,3369,ＭＸ米株ＡＩ,552A,東Ｅ,,"2,536",-22,-0.86%,4,ー倍,ー倍,ー%
20261008,3370,バトンズ,554A,東G,,"1,349",-28,-2.03%,4,23.7倍,6.68倍,ー%
20261008,3371,ＧＸ銀ビジ,579A,東Ｅ,,910,-13,-1.41%,4,ー倍,ー倍,ー%
20261008,3372,野村政策,605A,東Ｅ,,203.5,-4.5,-2.16%,4,ー倍,ー倍,ー%
20261008,3373,エイシアンＳ,8946,東S,,72,0,0.00%,4,16.0倍,0.91倍,ー%
20261008,3374,東京汽,9193,東S,,852,-8,-0.93%,4,229倍,0.30倍,3.52%
20261008,3375,ショーエイ,9385,東S,,734,-4,-0.54%,4,5.84倍,1.11倍,4.77%
20261008,3376,ワイヤレスＧ,9419,東S,,297,+1,+0.34%,4,12.9倍,1.89倍,ー%
20261008,3377,クレオ,9698,東S,,"1,260",-19,-1.49%,4,11.7倍,1.31倍,4.44%
20261008,3378,東海リース,9761,東S,,"2,309",-26,-1.11%,4,9.11倍,0.46倍,5.20%
20261008,3379,ベリテ,9904,東S,,228,-2,-0.87%,4,14.8倍,1.46倍,2.63%
20261008,3380,北沢産,9930,東S,,387,-1,-0.26%,4,23.2倍,0.65倍,2.58%
20261008,3381,蔵王産業,9986,東S,,"2,495",+5,+0.20%,4,18.1倍,1.05倍,4.01%
20261008,3382,日創グループ,3440,東S,,841,-6,-0.71%,4,9.96倍,0.43倍,4.99%
20261008,3383,ランディクス,2981,東G,,"2,261",+1,+0.04%,4,6.84倍,1.22倍,2.48%
20261008,3384,ＷＤＢココ,7079,東G,,"2,591",-1,-0.04%,4,9.16倍,1.33倍,3.86%
20261008,3385,スポーツＦ,7080,東G,,889,-4,-0.45%,4,7.72倍,2.32倍,2.59%
20261008,3386,さくらさく,7097,東G,,"2,787",+1,+0.04%,4,15.7倍,1.99倍,1.15%
20261008,3387,ココペリ,4167,東G,,322,-6,-1.83%,4,49.0倍,1.67倍,ー%
20261008,3388,ＭＸ米ＳＰ有,2630,東Ｅ,,"16,260",-80,-0.49%,4,ー倍,ー倍,ー%
20261008,3389,ＡＩＰＦ,7345,東G,,940,+1,+0.11%,4,ー倍,4.20倍,ー%
20261008,3390,ＤＮＨＤ,7377,東S,,"1,710",-15,-0.87%,4,7.61倍,0.82倍,4.39%
20261008,3391,ＭＣＰｓ,4360,東S,,"1,001",-5,-0.50%,4,ー倍,0.71倍,1.50%
20261008,3392,一家ＨＤ,7127,東S,,686,-3,-0.44%,4,22.1倍,4.89倍,ー%
20261008,3393,セカンドＸ,5028,東G,,343,-7,-2.00%,4,20.0倍,2.69倍,ー%
20261008,3394,ヤマイチ,2984,東S,,764,0,0.00%,4,5.69倍,0.48倍,4.06%
20261008,3395,トーヨアサノ,5271,東S,,"2,274",0,0.00%,4,ー倍,0.77倍,3.74%
20261008,3396,日本興業,5279,東S,,"1,198",-1,-0.08%,4,8.59倍,0.41倍,3.76%
20261008,3397,日伸銅,5753,東S,,"2,519",-20,-0.79%,4,5.13倍,0.41倍,0.60%
20261008,3398,那須鉄,5922,東S,,"19,990",-10,-0.05%,4,13.3倍,0.68倍,2.25%
20261008,3399,パワーファス,5950,東S,,143,+1,+0.70%,4,28.2倍,0.89倍,1.75%
20261008,3400,赤阪鉄,6022,東S,,"2,830",-2,-0.07%,4,42.1倍,0.36倍,ー%
20261008,3401,ニッキ,6042,東S,,"3,850",+5,+0.13%,4,9.62倍,0.51倍,3.12%
20261008,3402,リンクバル,6046,東S,,141,-1,-0.70%,4,"2,820倍",3.34倍,ー%
20261008,3403,アビスト,6087,東S,,"3,330",0,0.00%,4,22.5倍,1.86倍,3.06%
20261008,3404,タメニー,6181,東G,,81,-3,-3.57%,4,11.3倍,3.13倍,ー%
20261008,3405,買取王国,3181,東S,,"1,055",-15,-1.40%,4,9.65倍,1.11倍,1.04%
20261008,3406,ダイトウボウ,3202,東S,,127,0,0.00%,4,31.6倍,0.77倍,2.36%
20261008,3407,コーセーＲＥ,3246,東S,,692,0,0.00%,4,16.0倍,0.68倍,3.47%
20261008,3408,東武住販,3297,東S,,"1,149",-11,-0.95%,4,8.65倍,0.66倍,3.74%
20261008,3409,ランシステム,3326,東S,,648,-2,-0.31%,4,25.0倍,8.45倍,ー%
20261008,3410,北紡,3409,東S,,74,-2,-2.63%,4,117倍,1.55倍,ー%
20261008,3411,ＡＴＡＯ,3550,東G,,216,-3,-1.37%,4,13.6倍,1.16倍,2.31%
20261008,3412,Ｕ＆Ｃ,3557,東G,,489,-1,-0.20%,4,"1,223倍",4.93倍,ー%
20261008,3413,フォーシーズ,3726,東S,,336,-1,-0.30%,4,ー倍,2.25倍,ー%
20261008,3414,アプリックス,3727,東G,,158,-3,-1.86%,4,ー倍,1.04倍,1.27%
20261008,3415,Ｊエスコム,3779,東S,,118,-3,-2.48%,4,ー倍,2.75倍,ー%
20261008,3416,いい生活,3796,東S,,284,-6,-2.07%,4,20.1倍,2.01倍,1.06%
20261008,3417,ネクスジェン,3842,東S,,"1,321",-11,-0.83%,4,14.6倍,1.63倍,2.27%
20261008,3418,阿波製紙,3896,東S,,411,-2,-0.48%,4,27.4倍,0.64倍,ー%
20261008,3419,チエル,3933,東S,,503,-13,-2.52%,4,9.39倍,1.05倍,4.57%
20261008,3420,大村紙業,3953,東S,,781,-7,-0.89%,4,9.53倍,0.54倍,3.84%
20261008,3421,エイトレッド,3969,東S,,"1,389",+3,+0.22%,4,13.3倍,1.87倍,2.59%
20261008,3422,チタン,4098,東S,,988,-14,-1.40%,4,14.0倍,0.55倍,1.21%
20261008,3423,クラスター,4240,東S,,301,-3,-0.99%,4,37.3倍,0.99倍,1.66%
20261008,3424,アテクト,4241,東S,,715,-24,-3.25%,4,26.3倍,1.71倍,1.40%
20261008,3425,ニックス,4243,東S,,999,-11,-1.09%,4,12.2倍,0.48倍,2.00%
20261008,3426,竹本容器,4248,東S,,880,-2,-0.23%,4,11.8倍,0.85倍,4.32%
20261008,3427,ロジザード,4391,東G,,"1,125",-17,-1.49%,4,12.7倍,1.50倍,1.69%
20261008,3428,Ａｍａｚｉａ,4424,東G,,301,+2,+0.67%,4,ー倍,2.55倍,ー%
20261008,3429,ソフト９９,4464,東S,,"4,050",0,0.00%,4,28.2倍,1.47倍,1.68%
20261008,3430,ＫｅｙＨ,4712,東S,,807,-1,-0.12%,4,15.2倍,0.66倍,1.36%
20261008,3431,ホーブ,1382,東S,,830,+77,+10.23%,4,35.1倍,0.92倍,6.02%
20261008,3432,ベルグアース,1383,東S,,"3,040",+20,+0.66%,4,90.1倍,2.26倍,0.33%
20261008,3433,Ｈ株ブル,1572,東Ｅ,,"6,391",-57,-0.88%,4,ー倍,ー倍,ー%
20261008,3434,野村素材化学,1620,東Ｅ,,"37,710",-730,-1.90%,4,ー倍,ー倍,ー%
20261008,3435,ＷＴパラジ,1675,東Ｅ,,"16,490",-240,-1.43%,4,ー倍,ー倍,ー%
20261008,3436,ＷＴガソリン,1691,東Ｅ,,"17,045",-400,-2.29%,4,ー倍,ー倍,ー%
20261008,3437,巴,1921,東S,,"1,932",+4,+0.21%,4,24.9倍,0.86倍,1.24%
20261008,3438,ＣＤＳ,2169,東S,,"1,750",+8,+0.46%,4,18.0倍,1.35倍,4.23%
20261008,3439,野村上証５０,1309,東Ｅ,,"53,260",-290,-0.54%,3,ー倍,ー倍,ー%
20261008,3440,上場パ中国Ａ,1322,東Ｅ,,"11,050",-70,-0.63%,3,ー倍,ー倍,ー%
20261008,3441,キャンディル,1446,東S,,538,-2,-0.37%,3,25.1倍,1.62倍,1.86%
20261008,3442,ｉＦＴＰベ,1457,東Ｅ,,"1,747",+27,+1.57%,3,ー倍,ー倍,ー%
20261008,3443,Ｏｎｅ４００,1474,東Ｅ,,"37,600",-500,-1.31%,3,ー倍,ー倍,ー%
20261008,3444,ＭＸ海外株式,1550,東Ｅ,,"8,095",-47,-0.58%,3,ー倍,ー倍,ー%
20261008,3445,野村小売,1630,東Ｅ,,"36,990",-10,-0.03%,3,ー倍,ー倍,ー%
20261008,3446,ＷＴ貴金属,1676,東Ｅ,,"39,930",-390,-0.97%,3,ー倍,ー倍,ー%
20261008,3447,上場外債毎月,1677,東Ｅ,,"57,500",-340,-0.59%,3,ー倍,ー倍,ー%
20261008,3448,美樹工業,1718,東S,,"2,302",0,0.00%,3,6.74倍,0.42倍,4.34%
20261008,3449,藤田エンジ,1770,東S,,"2,120",-12,-0.56%,3,9.75倍,0.88倍,3.21%
20261008,3450,高田工,1966,東S,,"1,720",-10,-0.58%,3,13.9倍,0.59倍,4.07%
20261008,3451,グロス２５０,2042,東EN,,"8,454",+55,+0.65%,3,ー倍,ー倍,ー%
20261008,3452,ブルボン,2208,東S,,"3,010",-5,-0.17%,3,17.8倍,1.07倍,1.46%
20261008,3453,サンネクスタ,8945,東S,,"1,086",-2,-0.18%,3,27.5倍,1.27倍,4.05%
20261008,3454,秩父鉄,9012,東S,,"2,180",-60,-2.68%,3,14.1倍,0.57倍,ー%
20261008,3455,カンダ,9059,東S,,915,0,0.00%,3,7.67倍,0.69倍,2.84%
20261008,3456,岡県運送,9063,東S,,"4,050",-10,-0.25%,3,7.26倍,0.30倍,1.73%
20261008,3457,東海汽,9173,東S,,"2,854",+17,+0.60%,3,39.1倍,1.34倍,ー%
20261008,3458,ブティックス,9272,東G,,"1,506",-18,-1.18%,3,10.3倍,5.77倍,ー%
20261008,3459,鈴与シンワ,9360,東S,,"2,792",-8,-0.29%,3,6.62倍,1.45倍,4.30%
20261008,3460,武蔵野,9635,東S,,"2,519",-11,-0.43%,3,87.8倍,0.66倍,ー%
20261008,3461,東洋テク,9686,東S,,"1,620",-4,-0.25%,3,13.6倍,0.74倍,4.38%
20261008,3462,ＫＳＫ,9687,東S,,"1,528",-1,-0.07%,3,12.1倍,1.55倍,4.19%
20261008,3463,両毛システム,9691,東S,,"5,160",0,0.00%,3,ー倍,1.10倍,ー%
20261008,3464,ビケンテクノ,9791,東S,,"1,150",-2,-0.17%,3,7.89倍,0.38倍,3.13%
20261008,3465,アシードＨＤ,9959,東S,,904,-8,-0.88%,3,11.2倍,1.37倍,2.65%
20261008,3466,ヤマザワ,9993,東S,,"1,145",+3,+0.26%,3,26.1倍,0.44倍,2.36%
20261008,3467,ＧＸ日カバコ,2858,東Ｅ,,"1,551",0,0.00%,3,ー倍,ー倍,ー%
20261008,3468,ポーターズ,5126,東G,,"1,337",-35,-2.55%,3,ー倍,1.47倍,ー%
20261008,3469,アトラスＴ,9563,東G,,357,+3,+0.85%,3,36.0倍,1.45倍,1.96%
20261008,3470,トリドリ,9337,東G,,"1,472",-13,-0.88%,3,10.8倍,2.71倍,ー%
20261008,3471,フリーダム,8996,東S,,"1,089",-20,-1.80%,3,6.18倍,1.06倍,5.05%
20261008,3472,ＭＸダウへ有,2242,東Ｅ,,655.7,-5.3,-0.80%,3,ー倍,ー倍,ー%
20261008,3473,ノバシステム,5257,東S,,"2,812",-12,-0.42%,3,8.70倍,1.58倍,3.73%
20261008,3474,エキサイト,5571,東S,,"1,050",-1,-0.10%,3,14.4倍,1.47倍,3.11%
20261008,3475,ＯＢシステム,5576,東S,,"3,070",+20,+0.66%,3,9.94倍,1.27倍,4.07%
20261008,3476,ＧＸＵＳＤＶ,2253,東Ｅ,,"1,276",-16,-1.24%,3,ー倍,ー倍,ー%
20261008,3477,トラックワン,3047,福Ｑ,,904,+54,+6.35%,3,6.57倍,1.23倍,1.22%
20261008,3478,ジャパンＭＡ,9236,東G,,"1,498",+16,+1.08%,3,15.5倍,3.29倍,0.67%
20261008,3479,ハッチワーク,148A,東G,,"1,798",-25,-1.37%,3,16.0倍,3.20倍,ー%
20261008,3480,ＧＸ超長米Ｈ,179A,東Ｅ,,224.2,-0.6,-0.27%,3,ー倍,ー倍,ー%
20261008,3481,学びエイド,184A,東G,,330,+2,+0.61%,3,13.6倍,2.29倍,ー%
20261008,3482,ＤＭカンパニ,189A,東G,,"1,058",-6,-0.56%,3,9.92倍,1.05倍,1.89%
20261008,3483,アスア,246A,東G,,"1,082",-18,-1.64%,3,34.3倍,2.67倍,ー%
20261008,3484,タレントＸ,330A,東G,,522,-1,-0.19%,3,26.6倍,3.08倍,ー%
20261008,3485,高配当成長,345A,東EN,,"15,285",-65,-0.42%,3,ー倍,ー倍,ー%
20261008,3486,ロイブ,352A,東G,,520,-18,-3.35%,3,168倍,2.97倍,ー%
20261008,3487,静甲,6286,東S,,"1,495",-4,-0.27%,3,9.66倍,0.54倍,1.87%
20261008,3488,電業社,6365,東S,,"5,610",-20,-0.36%,3,9.14倍,0.75倍,3.39%
20261008,3489,油研工,6393,東S,,"3,005",0,0.00%,3,10.7倍,0.44倍,4.99%
20261008,3490,ＫＶＫ,6484,東S,,"2,200",-10,-0.45%,3,8.03倍,0.57倍,3.86%
20261008,3491,要興業,6566,東S,,"1,238",+8,+0.65%,3,12.8倍,0.94倍,ー%
20261008,3492,ＪＮグループ,6634,東S,,66,-2,-2.94%,3,27.5倍,1.23倍,ー%
20261008,3493,トラースＯＰ,6696,東G,,290,-11,-3.65%,3,ー倍,4.78倍,ー%
20261008,3494,名古屋電機,6797,東S,,"1,202",-18,-1.48%,3,25.3倍,0.60倍,4.16%
20261008,3495,東亜ＤＫＫ,6848,東S,,840,-5,-0.59%,3,18.0倍,0.70倍,2.62%
20261008,3496,サンコー,6964,東S,,695,0,0.00%,3,11.0倍,0.38倍,2.88%
20261008,3497,テノ．ＨＤ,7037,東S,,799,0,0.00%,3,12.6倍,1.91倍,1.25%
20261008,3498,サンライフＨ,7040,東S,,948,-5,-0.52%,3,7.36倍,0.84倍,3.69%
20261008,3499,共栄セキュリ,7058,東S,,"3,050",-5,-0.16%,3,6.31倍,0.87倍,3.93%
20261008,3500,カネミツ,7208,東S,,"1,217",-11,-0.90%,3,9.15倍,0.49倍,3.37%
20261008,3501,ハリマ共和,7444,東S,,"1,977",+1,+0.05%,3,8.65倍,0.41倍,3.03%
20261008,3502,ＣＡＰＩＴＡ,7462,東S,,391,+1,+0.26%,3,16.1倍,1.76倍,2.56%
20261008,3503,鳥羽洋行,7472,東S,,"3,775",-40,-1.05%,3,11.8倍,0.66倍,3.18%
20261008,3504,コナカ,7494,東S,,227,-3,-1.30%,3,4.84倍,0.45倍,4.41%
20261008,3505,ヒマラヤ,7514,東S,,852,-1,-0.12%,3,32.6倍,0.66倍,3.05%
20261008,3506,レダックス,7602,東S,,166,-1,-0.60%,3,19.7倍,0.75倍,1.20%
20261008,3507,Ｇダイニング,7625,東S,,441,-4,-0.90%,3,6.67倍,0.75倍,1.13%
20261008,3508,オーウエル,7670,東S,,"1,201",-20,-1.64%,3,6.37倍,0.51倍,4.58%
20261008,3509,平山,7781,東S,,886,-1,-0.11%,3,8.47倍,2.31倍,4.74%
20261008,3510,プラッツ,7813,東S,,921,+6,+0.66%,3,13.5倍,0.92倍,2.28%
20261008,3511,日本創発Ｇ,7814,東S,,632,+2,+0.32%,3,15.2倍,1.53倍,2.37%
20261008,3512,フクビ,7871,東S,,"1,003",-4,-0.40%,3,10.1倍,0.48倍,3.09%
20261008,3513,フラー,387A,東G,,901,-17,-1.85%,3,9.79倍,1.28倍,ー%
20261008,3514,フィットクル,469A,東G,,"1,629",-7,-0.43%,3,11.8倍,2.03倍,ー%
20261008,3515,野村欧州株,486A,東Ｅ,,"2,080",-30,-1.42%,3,ー倍,ー倍,ー%
20261008,3516,テラテクノ,483A,東S,,"2,115",-13,-0.61%,3,8.55倍,1.33倍,4.26%
20261008,3517,ｉＳプラチナ,569A,東Ｅ,,164.5,-2.3,-1.38%,3,ー倍,ー倍,ー%
20261008,3518,ｉＦ金米国債,626A,東Ｅ,,"1,820",-7,-0.38%,3,ー倍,ー倍,ー%
20261008,3519,ギグワークス,2375,東S,,207,-1,-0.48%,3,82.5倍,1.57倍,0.97%
20261008,3520,鉄人化ＨＤ,2404,東S,,529,0,0.00%,3,17.3倍,6.71倍,ー%
20261008,3521,オルアバウト,2454,東S,,325,-3,-0.91%,3,ー倍,1.32倍,ー%
20261008,3522,アウン,2459,東S,,173,0,0.00%,3,ー倍,4.23倍,ー%
20261008,3523,シスロケ,2480,東S,,"1,720",-32,-1.83%,3,14.9倍,1.49倍,2.21%
20261008,3524,イーサポート,2493,東S,,940,-5,-0.53%,3,ー倍,1.13倍,0.53%
20261008,3525,野村新興国債,2519,東Ｅ,,"1,118.5",-1.0,-0.09%,3,ー倍,ー倍,ー%
20261008,3526,ユニカフェ,2597,東S,,"1,303",-4,-0.31%,3,24.9倍,2.34倍,ー%
20261008,3527,アイケイＨＤ,2722,東S,,358,-2,-0.56%,3,17.0倍,1.07倍,2.51%
20261008,3528,はごろも,2831,東S,,"3,565",+15,+0.42%,3,11.2倍,0.67倍,1.96%
20261008,3529,あじかん,2907,東S,,"1,459",-9,-0.61%,3,9.50倍,0.60倍,3.98%
20261008,3530,バナーズ,3011,東S,,141,0,0.00%,3,8.85倍,0.80倍,3.55%
20261008,3531,ゴルフ・ドゥ,3032,名N,,200,-5,-2.44%,3,11.2倍,1.15倍,2.00%
20261008,3532,ビューテＨＤ,3041,東S,,397,-1,-0.25%,3,325倍,3.90倍,ー%
20261008,3533,ＪＢイレブン,3066,名M,,617,-2,-0.32%,3,269倍,2.90倍,0.41%
20261008,3534,ＵＮＩＶＡ,3113,東S,,79,-1,-1.25%,3,41.6倍,3.37倍,ー%
20261008,3535,永大化工,7877,東S,,"2,197",+63,+2.95%,3,7.72倍,0.36倍,3.19%
20261008,3536,ソノコム,7902,東S,,"1,124",+8,+0.72%,3,22.9倍,0.43倍,1.16%
20261008,3537,野崎紙,7919,東S,,221,+2,+0.91%,3,5.86倍,0.75倍,3.48%
20261008,3538,ナイガイ,8013,東S,,379,-1,-0.26%,3,42.3倍,0.41倍,ー%
20261008,3539,トルク,8077,東S,,209,-3,-1.42%,3,8.59倍,0.33倍,2.87%
20261008,3540,ナラサキ,8085,東S,,"4,400",-25,-0.56%,3,8.86倍,0.75倍,3.18%
20261008,3541,アジア投資,8518,東S,,143,-3,-2.05%,3,ー倍,0.51倍,ー%
20261008,3542,光世,8617,東S,,598,-6,-0.99%,3,ー倍,0.34倍,ー%
20261008,3543,丸八証券,8700,東S,,"2,037",-23,-1.12%,3,ー倍,0.91倍,ー%
20261008,3544,センチュ２１,8898,東S,,"1,120",0,0.00%,3,13.9倍,1.68倍,4.73%
20261008,3545,エリアクエス,8912,東S,,156,0,0.00%,3,16.4倍,1.72倍,2.56%
20261008,3546,Ｓワイヤー,3929,東G,,243,+1,+0.41%,3,8.70倍,1.58倍,ー%
20261008,3547,はてな,3930,東G,,757,-9,-1.17%,3,19.4倍,1.24倍,ー%
20261008,3548,スパバッグ,3945,東S,,"2,204",-1,-0.05%,3,4.62倍,0.59倍,4.99%
20261008,3549,イムラ,3955,東S,,873,+5,+0.58%,3,19.0倍,0.48倍,3.44%
20261008,3550,うるる,3979,東G,,486,-6,-1.22%,3,17.1倍,3.59倍,0.88%
20261008,3551,プロパテＤＢ,4389,東G,,"1,043",-4,-0.38%,3,12.2倍,3.47倍,3.07%
20261008,3552,わかもと,4512,東S,,300,0,0.00%,3,45.3倍,0.89倍,1.17%
20261008,3553,仁丹,4524,東S,,"2,229",+8,+0.36%,3,17.3倍,0.71倍,2.92%
20261008,3554,ＳＭＥＪ,4772,東G,,74,0,0.00%,3,33.9倍,1.23倍,1.35%
20261008,3555,アイビー,4918,東S,,297,-5,-1.66%,3,7.18倍,1.14倍,5.05%
20261008,3556,ＢＰカストロ,5015,東S,,997,-1,-0.10%,3,20.0倍,2.23倍,5.02%
20261008,3557,カナレ電気,5819,東S,,"1,727",0,0.00%,3,10.0倍,0.60倍,3.82%
20261008,3558,天竜製鋸,5945,東S,,"2,264",-33,-1.44%,3,30.2倍,0.51倍,3.67%
20261008,3559,浅香工,5962,東S,,"2,235",+60,+2.76%,3,12.6倍,0.46倍,2.24%
20261008,3560,スーパツール,5990,東S,,"1,964",+38,+1.97%,3,27.3倍,0.45倍,3.05%
20261008,3561,イード,6038,東G,,830,-2,-0.24%,3,ー倍,0.83倍,2.89%
20261008,3562,ウエスコＨＤ,6091,東S,,926,-3,-0.32%,3,14.3倍,0.72倍,4.32%
20261008,3563,エスティック,6161,東S,,"1,030",-8,-0.77%,3,8.42倍,0.90倍,3.01%
20261008,3564,ＧＭＯメディ,6180,東G,,"3,750",-10,-0.27%,3,11.6倍,2.33倍,5.60%
20261008,3565,フェニクスＢ,6190,東G,,321,+12,+3.88%,3,17.2倍,0.90倍,ー%
20261008,3566,ホープ,6195,東G,,201,-1,-0.50%,3,8.92倍,3.09倍,4.18%
20261008,3567,ＭＸ中国株投,2530,東Ｅ,,"16,600",-340,-2.01%,3,ー倍,ー倍,ー%
20261008,3568,ツクルバ,2978,東G,,316,+3,+0.96%,3,44.3倍,2.58倍,ー%
20261008,3569,インテＭ,7072,東G,,"1,094",-26,-2.32%,3,18.6倍,2.02倍,ー%
20261008,3570,名南Ｍ＆Ａ,7076,名M,,893,+3,+0.34%,3,20.7倍,1.71倍,0.97%
20261008,3571,上場ダウヘ有,2562,東Ｅ,,"3,536",-31,-0.87%,3,ー倍,ー倍,ー%
20261008,3572,カラダノート,4014,東G,,438,-3,-0.68%,3,10.6倍,3.98倍,ー%
20261008,3573,ミット,4016,東S,,"1,091",-4,-0.37%,3,12.7倍,3.03倍,2.75%
20261008,3574,バルミューダ,6612,東G,,565,-2,-0.35%,3,483倍,1.94倍,ー%
20261008,3575,ベビカレ,7363,東G,,"1,413",+58,+4.28%,3,18.0倍,1.65倍,ー%
20261008,3576,セルム,7367,東S,,324,-4,-1.22%,3,11.5倍,2.46倍,4.78%
20261008,3577,アイスコ,7698,東S,,"2,670",-5,-0.19%,3,21.5倍,2.50倍,0.79%
20261008,3578,マーキュリア,7347,東P,,806,0,0.00%,3,15.6倍,0.89倍,2.73%
20261008,3579,シイエヌエス,4076,東G,,"1,981",0,0.00%,3,8.48倍,1.33倍,3.53%
20261008,3580,くふうカンパ,4376,東G,,175,0,0.00%,3,ー倍,1.27倍,ー%
20261008,3581,ミアヘルサ,7129,東S,,"1,108",-3,-0.27%,3,8.62倍,0.80倍,2.71%
20261008,3582,スローガン,9253,東G,,722,+2,+0.28%,3,9.28倍,0.99倍,ー%
20261008,3583,アップガレＧ,7134,東S,,"1,452",+6,+0.41%,3,12.7倍,2.29倍,2.93%
20261008,3584,タカヨシＨＤ,9259,東G,,821,0,0.00%,3,8.86倍,1.35倍,3.65%
20261008,3585,上場豪債ヘ無,2844,東Ｅ,,"5,305",-14,-0.26%,3,ー倍,ー倍,ー%
20261008,3586,ＢｅｅＸ,4270,東G,,"1,908",+18,+0.95%,3,9.47倍,1.39倍,1.31%
20261008,3587,野村ダウＨ有,2846,東Ｅ,,"2,455",-23,-0.93%,3,ー倍,ー倍,ー%
20261008,3588,ＧＸ高配Ｅ日,2849,東Ｅ,,"5,485",-13,-0.24%,3,ー倍,ー倍,ー%
20261008,3589,トーア紡,3204,東S,,500,+1,+0.20%,3,8.39倍,0.30倍,3.00%
20261008,3590,フジタコーポ,3370,東S,,459,-2,-0.43%,3,12.5倍,6.20倍,0.65%
20261008,3591,関門海,3372,東S,,215,0,0.00%,3,24.5倍,2.23倍,ー%
20261008,3592,ＰバンＣＯＭ,3559,東S,,475,0,0.00%,3,17.5倍,1.59倍,2.11%
20261008,3593,ユニネク,3566,東G,,695,+8,+1.16%,3,11.7倍,1.73倍,0.86%
20261008,3594,ソトー,3571,東S,,695,-5,-0.71%,3,ー倍,0.56倍,5.76%
20261008,3595,データＨＲ,3628,東G,,714,-10,-1.38%,3,34.9倍,62.1倍,ー%
20261008,3596,ＡＧＳ,3648,東S,,"1,059",+4,+0.38%,3,9.67倍,1.10倍,3.40%
20261008,3597,協立情報通信,3670,名M,,"1,636",-14,-0.85%,3,5.88倍,0.83倍,3.97%
20261008,3598,イルグルム,3690,東S,,541,-5,-0.92%,3,12.6倍,1.83倍,1.48%
20261008,3599,ＣＲＩ,3698,東S,,"1,222",-8,-0.65%,3,13.8倍,1.53倍,2.21%
20261008,3600,ＡＤＲバイオ,3750,東S,,770,-10,-1.28%,3,344倍,-97倍,ー%
20261008,3601,アエリア,3758,東S,,244,0,0.00%,3,9.81倍,0.57倍,ー%
20261008,3602,ＳＩ,3826,東S,,489,-2,-0.41%,3,13.4倍,1.21倍,2.25%
20261008,3603,Ｇオイスター,3224,東G,,655,-1,-0.15%,2,103倍,2.40倍,1.53%
20261008,3604,ファンクリＧ,3266,東S,,78,-1,-1.27%,2,8.51倍,0.91倍,1.28%
20261008,3605,エストラスト,3280,東S,,929,-4,-0.43%,2,5.66倍,0.53倍,3.66%
20261008,3606,アズマハウス,3293,東S,,744,+1,+0.13%,2,9.40倍,0.35倍,4.70%
20261008,3607,Ｔｒａｉｌ,3358,東S,,92,-1,-1.08%,2,64.8倍,1.58倍,2.17%
20261008,3608,トーエル,3361,東S,,910,+2,+0.22%,2,12.8倍,0.77倍,2.53%
20261008,3609,ケーエフシー,3420,東S,,"1,546",-2,-0.13%,2,10.5倍,0.51倍,4.53%
20261008,3610,アトムリビン,3426,東S,,"1,301",-10,-0.76%,2,12.7倍,0.48倍,2.54%
20261008,3611,フォーライフ,3477,東S,,875,-7,-0.79%,2,5.38倍,0.80倍,3.71%
20261008,3612,日東網,3524,東S,,"1,480",+6,+0.41%,2,12.8倍,0.47倍,3.38%
20261008,3613,メディカルＮ,3645,東S,,253,-4,-1.56%,2,16.7倍,1.23倍,1.19%
20261008,3614,オークファン,3674,東G,,327,-3,-0.91%,2,172倍,0.84倍,ー%
20261008,3615,情報企画,3712,東S,,916,+11,+1.22%,2,12.6倍,1.85倍,2.62%
20261008,3616,ユニリタ,3800,東S,,"1,961",-2,-0.10%,2,12.4倍,1.13倍,3.82%
20261008,3617,ＯＫＷＥＢ,3808,名N,,22,-1,-4.35%,2,ー倍,5.03倍,ー%
20261008,3618,メディア工房,3815,東G,,429,-1,-0.23%,2,ー倍,8.03倍,ー%
20261008,3619,カヤック,3904,東G,,427,-2,-0.47%,2,11.0倍,1.12倍,1.82%
20261008,3620,福留ハ,2291,東S,,507,-1,-0.20%,2,12.1倍,0.69倍,ー%
20261008,3621,ＡＳＪ,2351,東S,,323,-9,-2.71%,2,25.2倍,0.86倍,0.93%
20261008,3622,ゲンダイ,2411,東S,,453,-5,-1.09%,2,9.53倍,1.29倍,5.52%
20261008,3623,日本和装,2499,東S,,310,-1,-0.32%,2,10.7倍,0.76倍,4.52%
20261008,3624,ＵＯＧ,2683,東S,,993,0,0.00%,2,83.5倍,2.78倍,1.01%
20261008,3625,ＪＨＤ,2721,東S,,100,0,0.00%,2,ー倍,4.33倍,ー%
20261008,3626,ヴィレッジＶ,2769,東S,,938,+4,+0.43%,2,"1,218倍",8.78倍,ー%
20261008,3627,カルラ,2789,東S,,477,0,0.00%,2,41.7倍,1.23倍,1.05%
20261008,3628,プリメックス,2795,東S,,996,+1,+0.10%,2,13.7倍,0.60倍,2.51%
20261008,3629,ファマライズ,2796,東S,,506,-3,-0.59%,2,538倍,0.92倍,2.77%
20261008,3630,Ｙｓテーブル,2798,東S,,"3,000",+7,+0.23%,2,15.7倍,7.77倍,ー%
20261008,3631,ユタカフーズ,2806,東S,,"1,946",-32,-1.62%,2,126倍,0.59倍,2.06%
20261008,3632,佐藤食品,2814,東S,,"1,800",+7,+0.39%,2,35.1倍,0.62倍,1.39%
20261008,3633,一正蒲鉾,2904,東S,,752,-2,-0.27%,2,28.7倍,0.92倍,1.86%
20261008,3634,大森屋,2917,東S,,891,-8,-0.89%,2,22.6倍,0.38倍,ー%
20261008,3635,ヒラキ,3059,東S,,709,+1,+0.14%,2,34.5倍,0.57倍,2.82%
20261008,3636,ジェーソン,3080,東S,,842,+3,+0.36%,2,71.9倍,1.84倍,1.54%
20261008,3637,サイボー,3123,東S,,633,0,0.00%,2,8.19倍,0.40倍,2.84%
20261008,3638,富士山ＭＳ,3138,東S,,"1,204",+4,+0.33%,2,332倍,1.73倍,1.33%
20261008,3639,ハピネス＆Ｄ,3174,東S,,335,0,0.00%,2,ー倍,3.81倍,ー%
20261008,3640,エアクロ,9557,東G,,257,-2,-0.77%,2,78.8倍,7.22倍,ー%
20261008,3641,ファインズ,5125,東G,,580,-2,-0.34%,2,13.8倍,1.18倍,ー%
20261008,3642,コーチエィ,9339,東S,,"1,473",-10,-0.67%,2,28.1倍,1.11倍,1.36%
20261008,3643,ココルポート,9346,東G,,"1,830",0,0.00%,2,10.6倍,2.05倍,4.70%
20261008,3644,野村国債Ｄイ,2251,東Ｅ,,924.0,-4.5,-0.48%,2,ー倍,ー倍,ー%
20261008,3645,日本乾溜工,1771,福証,,918,-2,-0.22%,2,17.3倍,1.17倍,3.92%
20261008,3646,大英産業,2974,福証,,879,-3,-0.34%,2,6.29倍,0.35倍,2.73%
20261008,3647,オートサーバ,5589,東S,,"2,969",+3,+0.10%,2,14.4倍,1.60倍,2.26%
20261008,3648,ＧＸオフ日Ｒ,2096,東Ｅ,,935,-5,-0.53%,2,ー倍,ー倍,ー%
20261008,3649,笑美面,9237,東G,,831,-22,-2.58%,2,19.6倍,4.20倍,ー%
20261008,3650,エスネット,5867,東G,,"1,326",-14,-1.04%,2,10.4倍,2.18倍,ー%
20261008,3651,ＧＸ優証隔月,2019,東Ｅ,,957,-3,-0.31%,2,ー倍,ー倍,ー%
20261008,3652,光フードＳ,138A,東G,,"3,140",-15,-0.48%,2,24.5倍,2.21倍,1.53%
20261008,3653,ウィルスマ,175A,東G,,614,-5,-0.81%,2,33.1倍,4.56倍,ー%
20261008,3654,ＧＸＣＦキン,234A,東Ｅ,,"1,470",+1,+0.07%,2,ー倍,ー倍,ー%
20261008,3655,ＧＶＡテック,298A,東G,,306,-2,-0.65%,2,712倍,11.4倍,ー%
20261008,3656,フォルシア,304A,東G,,"2,132",-42,-1.93%,2,9.55倍,1.29倍,ー%
20261008,3657,パパネッツ,9388,福Ｑ,,943,-9,-0.95%,2,8.53倍,1.66倍,2.65%
20261008,3658,フライヤー,323A,東G,,382,-1,-0.26%,2,22.5倍,4.27倍,ー%
20261008,3659,ジグザグ,340A,東G,,328,-7,-2.09%,2,18.6倍,1.86倍,ー%
20261008,3660,ｉＦ英１００,363A,東Ｅ,,"2,584",-57,-2.16%,2,ー倍,ー倍,ー%
20261008,3661,アクシーズ,1381,東S,,"3,555",-15,-0.42%,2,11.1倍,0.83倍,3.38%
20261008,3662,スタンダ２０,1551,東Ｅ,,"7,144",-110,-1.52%,2,ー倍,ー倍,ー%
20261008,3663,ｉＦＥＸ－Ｆ,1585,東Ｅ,,"2,699.5",-47.5,-1.73%,2,ー倍,ー倍,ー%
20261008,3664,上場ＪＰＸ日,1592,東Ｅ,,"3,415",-47,-1.36%,2,ー倍,ー倍,ー%
20261008,3665,野村自動車,1622,東Ｅ,,"34,100",+100,+0.29%,2,ー倍,ー倍,ー%
20261008,3666,ＷＴコーン,1696,東Ｅ,,"3,087",-23,-0.74%,2,ー倍,ー倍,ー%
20261008,3667,太洋基礎,1758,東S,,"2,307",-43,-1.83%,2,9.72倍,0.47倍,2.82%
20261008,3668,ソネック,1768,東S,,"1,023",-2,-0.20%,2,9.08倍,0.73倍,4.89%
20261008,3669,テノックス,1905,東S,,"1,450",+10,+0.69%,2,9.74倍,0.73倍,4.28%
20261008,3670,ハンセンブル,2031,東EN,,"6,886",-185,-2.62%,2,ー倍,ー倍,ー%
20261008,3671,金先物ベア,2037,東EN,,"1,322",-4,-0.30%,2,ー倍,ー倍,ー%
20261008,3672,インドベア,2047,東EN,,"3,593",ー,ー%,2,ー倍,ー倍,ー%
20261008,3673,中広,2139,東S,,484,-2,-0.41%,2,11.0倍,1.54倍,2.89%
20261008,3674,ソーバル,2186,東S,,894,-1,-0.11%,2,16.7倍,1.57倍,3.69%
20261008,3675,一パン,2215,東S,,618,+6,+0.98%,2,23.8倍,0.49倍,ー%
20261008,3676,ＳＦＪ,9206,東S,,"1,900",-10,-0.52%,2,24.3倍,-3.2倍,ー%
20261008,3677,杉村倉,9307,東S,,950,0,0.00%,2,18.1倍,0.88倍,1.58%
20261008,3678,兵機海,9362,東S,,"3,700",-70,-1.86%,2,11.1倍,0.77倍,2.97%
20261008,3679,大運,9363,東S,,512,-5,-0.97%,2,7.30倍,0.56倍,3.13%
20261008,3680,大東港運,9367,東S,,"2,000",-2,-0.10%,2,21.6倍,1.62倍,1.55%
20261008,3681,エヌジェイ,9421,東S,,530,+14,+2.71%,2,16.5倍,1.88倍,ー%
20261008,3682,トーシンＨＤ,9444,東S,,259,0,0.00%,2,ー倍,7.09倍,ー%
20261008,3683,サカイＨＤ,9446,東S,,667,-6,-0.89%,2,5.49倍,1.01倍,5.25%
20261008,3684,ＳＥＨＩ,9478,東S,,495,-4,-0.80%,2,14.8倍,0.62倍,0.81%
20261008,3685,セレスポ,9625,東S,,901,0,0.00%,2,7.28倍,0.52倍,5.55%
20261008,3686,きんえい,9636,東S,,"4,240",0,0.00%,2,65.7倍,4.19倍,0.24%
20261008,3687,グリンランド,9656,東S,,597,-3,-0.50%,2,12.3倍,0.58倍,2.51%
20261008,3688,御園座,9664,名M,,"1,500",+4,+0.27%,2,115倍,1.61倍,ー%
20261008,3689,白洋舎,9731,東S,,"3,345",+10,+0.30%,2,5.12倍,0.89倍,2.99%
20261008,3690,テーオーＨＤ,9812,東S,,231,-7,-2.94%,2,296倍,3.92倍,0.22%
20261008,3691,ストライダズ,9816,東S,,246,-4,-1.60%,2,14.9倍,0.79倍,2.03%
20261008,3692,ヨンキュウ,9955,東S,,"2,687",-18,-0.67%,2,ー倍,0.80倍,ー%
20261008,3693,野村高利Ｊリ,459A,東Ｅ,,"9,401",-88,-0.93%,2,ー倍,ー倍,ー%
20261008,3694,ギミック,475A,東S,,668,-7,-1.04%,2,15.1倍,1.39倍,ー%
20261008,3695,ＧＸステコイ,512A,東Ｅ,,"1,143",-28,-2.39%,2,ー倍,ー倍,ー%
20261008,3696,ＧＸ純銀,577A,東Ｅ,,229.0,-6.7,-2.84%,2,ー倍,ー倍,ー%
20261008,3697,ニＴＰＸ４,630A,東Ｅ,,"1,510",-25,-1.63%,2,ー倍,ー倍,ー%
20261008,3698,サンセイ,6307,東S,,445,-10,-2.20%,2,8.65倍,0.67倍,3.37%
20261008,3699,タクミナ,6322,東S,,"1,595",+8,+0.50%,2,8.94倍,0.98倍,3.39%
20261008,3700,ニチダイ,6467,東S,,342,-4,-1.16%,2,308倍,0.29倍,1.75%
20261008,3701,ＭＳコンサル,6555,東S,,423,+1,+0.24%,2,8.68倍,0.65倍,ー%
20261008,3702,みらいＷＫＳ,6563,東G,,443,-11,-2.42%,2,16.1倍,1.65倍,ー%
20261008,3703,コレックＨＤ,6578,東S,,486,+1,+0.21%,2,17.3倍,3.96倍,1.85%
20261008,3704,ＣＲＧＨＤ,7041,東G,,319,0,0.00%,2,17.8倍,0.60倍,2.82%
20261008,3705,ギークス,7060,東S,,598,-2,-0.33%,2,9.64倍,2.10倍,5.35%
20261008,3706,フレアス,7062,東G,,687,-3,-0.43%,2,5.43倍,0.82倍,1.54%
20261008,3707,日本プラスト,7291,東S,,450,-6,-1.32%,2,5.29倍,0.22倍,5.56%
20261008,3708,はるやまＨＤ,7416,東S,,667,-3,-0.45%,2,105倍,0.48倍,2.32%
20261008,3709,ハウスローゼ,7506,東S,,"1,364",-1,-0.07%,2,458倍,1.23倍,1.83%
20261008,3710,マルシェ,7524,東S,,177,-6,-3.28%,2,76.6倍,7.31倍,ー%
20261008,3711,大水,7538,東S,,388,-4,-1.02%,2,7.31倍,0.37倍,1.80%
20261008,3712,ダイコー通産,7673,東S,,"1,691",-29,-1.69%,2,9.49倍,1.00倍,4.26%
20261008,3713,プリントＮ,7805,東S,,701,0,0.00%,2,9.16倍,0.76倍,1.85%
20261008,3714,幸和製,7807,東S,,888,+8,+0.91%,2,7.59倍,1.02倍,1.46%
20261008,3715,インフォネＧ,4444,東G,,920,-10,-1.08%,2,31.2倍,2.28倍,ー%
20261008,3716,リビンＴ,4445,東G,,"1,711",-10,-0.58%,2,31.1倍,2.87倍,ー%
20261008,3717,ユナイト,4486,東G,,682,0,0.00%,2,11.1倍,2.22倍,2.35%
20261008,3718,スペースマ,4487,東G,,212,+2,+0.95%,2,17.0倍,2.63倍,ー%
20261008,3719,ミクリード,7687,東G,,477,-1,-0.21%,2,10.6倍,1.91倍,1.91%
20261008,3720,コマースワン,4496,東G,,754,-4,-0.53%,2,15.9倍,2.00倍,5.57%
20261008,3721,グッドパッチ,7351,東G,,470,0,0.00%,2,9.92倍,0.93倍,2.13%
20261008,3722,ｒａｋｕｍｏ,4060,東G,,"1,198",-7,-0.58%,2,22.0倍,3.55倍,1.17%
20261008,3723,レッティ,7356,東G,,111,0,0.00%,2,21.0倍,4.26倍,ー%
20261008,3724,ビートレンド,4020,東G,,899,0,0.00%,2,ー倍,3.05倍,ー%
20261008,3725,インバウＴ,7031,東G,,763,+20,+2.69%,2,ー倍,1.30倍,ー%
20261008,3726,Ｂマインド,7343,東G,,"1,313",+6,+0.46%,2,23.6倍,2.02倍,5.33%
20261008,3727,表示灯,7368,東S,,"1,702",-8,-0.47%,2,9.92倍,0.95倍,3.82%
20261008,3728,テンダ,4198,東S,,495,-6,-1.20%,2,41.1倍,1.27倍,4.44%
20261008,3729,Ｅｎｊｉｎ,7370,東G,,709,0,0.00%,2,24.5倍,1.09倍,5.64%
20261008,3730,ドリムベッド,7791,東S,,812,-3,-0.37%,2,6.79倍,0.68倍,4.56%
20261008,3731,デリバリコン,9240,東G,,367,-4,-1.08%,2,14.6倍,1.44倍,ー%
20261008,3732,メディア総研,9242,東G,,"2,003",+5,+0.25%,2,8.28倍,1.49倍,1.40%
20261008,3733,ＣＩＮＣ,4378,東G,,456,-3,-0.65%,2,338倍,1.24倍,ー%
20261008,3734,ハイブリッド,4260,東G,,209,+2,+0.97%,2,ー倍,1.19倍,ー%
20261008,3735,Ｊクラフト,7135,東S,,170,+1,+0.59%,2,12.6倍,1.61倍,1.76%
20261008,3736,イメージＭ,7793,東G,,"1,585",-15,-0.94%,2,8.83倍,1.90倍,2.21%
20261008,3737,ギックス,9219,東G,,904,+4,+0.44%,2,101倍,3.11倍,5.92%
20261008,3738,サークレイス,5029,東G,,915,-13,-1.40%,2,11.5倍,4.72倍,ー%
20261008,3739,マイネット,3928,東S,,227,-1,-0.44%,2,7.60倍,1.58倍,ー%
20261008,3740,エコモット,3987,東G,,616,-3,-0.48%,2,77.6倍,3.96倍,ー%
20261008,3741,すららネット,3998,東G,,268,-3,-1.11%,2,ー倍,0.77倍,ー%
20261008,3742,アセチレン,4093,東S,,423,-2,-0.47%,2,12.3倍,0.77倍,3.31%
20261008,3743,日ピグＨＤ,4119,東S,,"6,170",-100,-1.59%,2,7.45倍,0.42倍,1.62%
20261008,3744,大阪油化,4124,東S,,"2,872",-9,-0.31%,2,21.1倍,1.86倍,1.95%
20261008,3745,レイ,4317,東S,,601,-2,-0.33%,2,8.36倍,1.01倍,2.50%
20261008,3746,ユークス,4334,東S,,378,0,0.00%,2,11.4倍,1.27倍,2.65%
20261008,3747,西菱電機,4341,東S,,900,-12,-1.32%,2,14.5倍,0.57倍,5.00%
20261008,3748,ＺＵＵ,4387,東G,,558,-11,-1.93%,2,264倍,2.47倍,ー%
20261008,3749,エーアイ,4388,東S,,351,-3,-0.85%,2,35.0倍,0.97倍,ー%
20261008,3750,中京医薬,4558,東S,,200,0,0.00%,2,25.2倍,0.81倍,2.50%
20261008,3751,オリジナル設,4642,東S,,"1,395",-3,-0.21%,2,14.0倍,0.98倍,2.87%
20261008,3752,環境管理,4657,東S,,451,-1,-0.22%,2,13.5倍,0.90倍,2.66%
20261008,3753,田谷,4679,東S,,275,+7,+2.61%,2,205倍,2.77倍,ー%
20261008,3754,エステール,7872,東S,,614,-1,-0.16%,2,15.0倍,0.57倍,4.40%
20261008,3755,ツカモト,8025,東S,,"1,457",+14,+0.97%,2,39.2倍,0.34倍,2.06%
20261008,3756,東ソワール,8040,東S,,"1,039",-9,-0.86%,2,10.3倍,0.33倍,4.33%
20261008,3757,東海エレ,8071,名M,,"2,907",-3,-0.10%,2,13.7倍,0.32倍,3.92%
20261008,3758,ナイス,8089,東S,,"1,907",-3,-0.16%,2,6.97倍,0.37倍,4.14%
20261008,3759,ラピーヌ,8143,東S,,145,-4,-2.68%,2,ー倍,0.48倍,ー%
20261008,3760,小林洋行,8742,東S,,559,-12,-2.10%,2,ー倍,0.65倍,ー%
20261008,3761,桜ゴム,5189,東S,,"3,405",-15,-0.44%,2,8.23倍,0.66倍,3.52%
20261008,3762,旭コン,5268,東S,,842,+6,+0.72%,2,20.6倍,0.87倍,2.02%
20261008,3763,中可鍛,5607,名M,,609,0,0.00%,2,6.02倍,0.29倍,3.12%
20261008,3764,ＮＩＣ,5742,東S,,708,-3,-0.42%,2,29.5倍,1.19倍,5.79%
20261008,3765,エムケー精工,5906,東S,,774,-3,-0.39%,2,7.20倍,0.56倍,2.33%
20261008,3766,アルメタクス,5928,東S,,278,-5,-1.77%,2,23.4倍,0.32倍,2.88%
20261008,3767,洋シヤタ,5936,東S,,880,-4,-0.45%,2,6.97倍,0.55倍,4.89%
20261008,3768,協立エアテク,5997,東S,,903,-2,-0.22%,2,9.48倍,0.43倍,2.21%
20261008,3769,阪神燃,6018,東S,,"5,830",-120,-2.02%,2,25.9倍,1.21倍,1.56%
20261008,3770,三機サービス,6044,東S,,"1,852",+2,+0.11%,2,ー倍,2.12倍,ー%
20261008,3771,イトクロ,6049,東G,,251,+2,+0.80%,2,16.4倍,0.54倍,ー%
20261008,3772,リブセンス,6054,東S,,112,-1,-0.88%,2,ー倍,0.77倍,ー%
20261008,3773,ＪＳＳ,6074,東S,,502,-3,-0.59%,2,6.97倍,0.64倍,4.18%
20261008,3774,タケダ機械,6150,東S,,"2,750",-31,-1.11%,2,9.72倍,0.46倍,2.91%
20261008,3775,ハーバー研,4925,東S,,"1,688",-2,-0.12%,1,13.6倍,0.68倍,2.37%
20261008,3776,シーボン,4926,東S,,"1,228",0,0.00%,1,25.6倍,0.91倍,1.63%
20261008,3777,アジュバン,4929,東S,,739,0,0.00%,1,246倍,1.41倍,1.62%
20261008,3778,朝日ラバー,5162,東S,,805,-1,-0.12%,1,21.6倍,0.72倍,2.98%
20261008,3779,高見沢,5283,東S,,"3,170",-45,-1.40%,1,4.36倍,0.33倍,2.21%
20261008,3780,ニッコー,5343,名M,,181,-1,-0.55%,1,ー倍,1.88倍,ー%
20261008,3781,ルツボ,5355,東S,,660,0,0.00%,1,9.75倍,0.71倍,3.03%
20261008,3782,高砂鉄,5458,東S,,"1,313",+1,+0.08%,1,8.86倍,0.77倍,3.43%
20261008,3783,ＪＭＣ,5704,東S,,377,+2,+0.53%,1,15.9倍,1.25倍,ー%
20261008,3784,ダイケン,5900,東S,,863,ー,ー%,1,13.5倍,0.35倍,2.90%
20261008,3785,川岸工,5921,東S,,"4,380",-5,-0.11%,1,11.0倍,0.40倍,3.88%
20261008,3786,高田機,5923,東S,,"1,170",0,0.00%,1,31.1倍,0.33倍,4.27%
20261008,3787,大谷工業,5939,東S,,"4,640",+10,+0.22%,1,13.9倍,0.81倍,0.65%
20261008,3788,トーソー,5956,東S,,580,-1,-0.17%,1,9.17倍,0.32倍,2.24%
20261008,3789,ウチヤマＨＤ,6059,東S,,368,-2,-0.54%,1,24.4倍,0.47倍,2.72%
20261008,3790,ＨＭＴ,6090,東S,,602,-1,-0.17%,1,19.0倍,1.77倍,2.99%
20261008,3791,ヤマザキ,6147,福証,,178,+5,+2.89%,1,32.9倍,0.78倍,5.62%
20261008,3792,高松機械,6155,東S,,546,-4,-0.73%,1,44.4倍,0.36倍,1.83%
20261008,3793,和井田,6158,東S,,"1,018",-5,-0.49%,1,19.0倍,0.63倍,3.73%
20261008,3794,ミクロン,6159,東S,,"1,925",-9,-0.47%,1,19.4倍,0.61倍,0.62%
20261008,3795,土木管理,6171,東S,,371,-1,-0.27%,1,11.6倍,1.01倍,3.23%
20261008,3796,ＳＭＮ,6185,東S,,362,-2,-0.55%,1,10.6倍,1.23倍,ー%
20261008,3797,一蔵,6186,東S,,371,-1,-0.27%,1,11.6倍,0.90倍,4.04%
20261008,3798,ＯＫＡＹＡ,6926,東S,,194,-2,-1.02%,1,ー倍,0.72倍,ー%
20261008,3799,リード,6982,東S,,569,0,0.00%,1,24.7倍,0.59倍,2.11%
20261008,3800,アクセスＨＤ,7042,東S,,665,-10,-1.48%,1,12.4倍,1.53倍,3.31%
20261008,3801,あんしん保証,7183,東S,,255,-1,-0.39%,1,ー倍,1.77倍,ー%
20261008,3802,ファルテック,7215,東S,,406,-3,-0.73%,1,19.0倍,0.20倍,ー%
20261008,3803,デイトナ,7228,東S,,"4,005",-5,-0.12%,1,8.05倍,0.99倍,3.75%
20261008,3804,ユニバンス,7254,東S,,792,-8,-1.00%,1,8.31倍,0.54倍,2.53%
20261008,3805,盟和産,7284,東S,,"1,172",-13,-1.10%,1,12.8倍,0.33倍,4.27%
20261008,3806,カーメイト,7297,東S,,851,-3,-0.35%,1,10.6倍,0.39倍,3.53%
20261008,3807,小田原機器,7314,東S,,"1,361",+1,+0.07%,1,51.6倍,1.12倍,2.94%
20261008,3808,アイリック,7325,東G,,695,+1,+0.14%,1,12.8倍,1.46倍,4.60%
20261008,3809,初穂商事,7425,東S,,"1,105",-6,-0.54%,1,8.30倍,0.71倍,3.62%
20261008,3810,横浜魚類,7443,東S,,680,0,0.00%,1,28.4倍,1.58倍,1.18%
20261008,3811,セフテック,7464,東S,,"1,500",0,0.00%,1,18.2倍,0.37倍,4.00%
20261008,3812,プラザＨＤ,7502,東S,,"1,661",-8,-0.48%,1,18.7倍,2.18倍,1.51%
20261008,3813,アイエーＧ,7509,東S,,"4,590",-55,-1.18%,1,5.47倍,0.40倍,3.49%
20261008,3814,マルヨシ,7515,東S,,"4,560",ー,ー%,1,426倍,1.29倍,0.66%
20261008,3815,ムサシ,7521,東S,,"2,652",-8,-0.30%,1,46.2倍,0.49倍,1.36%
20261008,3816,かんなん丸,7585,東S,,407,0,0.00%,1,515倍,6.55倍,ー%
20261008,3817,ポプラ,7601,東S,,165,-1,-0.60%,1,11.9倍,13.8倍,ー%
20261008,3818,ダイイチ,7643,東S,,"1,627",+15,+0.93%,1,91.4倍,1.03倍,2.46%
20261008,3819,シンシア,7782,東S,,506,0,0.00%,1,13.5倍,1.17倍,3.56%
20261008,3820,ＣＳランバー,7808,東S,,"2,650",+50,+1.92%,1,5.39倍,0.41倍,3.02%
20261008,3821,ウイルコＨＤ,7831,東S,,66,-1,-1.49%,1,34.2倍,0.55倍,3.03%
20261008,3822,アイフィス,7833,東S,,677,-10,-1.46%,1,11.4倍,1.09倍,4.43%
20261008,3823,カワセコンピ,7851,福証,,181,-1,-0.55%,1,27.5倍,0.33倍,ー%
20261008,3824,セキ,7857,東S,,"1,272",ー,ー%,1,39.3倍,0.32倍,2.04%
20261008,3825,福島印刷,7870,名M,,367,-3,-0.81%,1,12.3倍,0.36倍,3.00%
20261008,3826,新潟交,9017,東S,,"1,980",0,0.00%,1,12.7倍,0.37倍,0.51%
20261008,3827,センコン物流,9051,東S,,"1,140",+5,+0.44%,1,11.7倍,0.98倍,1.32%
20261008,3828,日ロジテム,9060,東S,,"4,180",0,0.00%,1,8.09倍,0.34倍,1.91%
20261008,3829,京極運,9073,東S,,"1,255",-2,-0.16%,1,32.5倍,0.76倍,0.96%
20261008,3830,栗林船,9171,東S,,"1,496",+8,+0.54%,1,10.5倍,0.53倍,2.01%
20261008,3831,ユーラシア,9376,東S,,770,-3,-0.39%,1,ー倍,1.76倍,6.49%
20261008,3832,スマバ,9417,東S,,332,-10,-2.92%,1,ー倍,2.41倍,ー%
20261008,3833,ＭＨグループ,9439,東S,,218,0,0.00%,1,114倍,8.31倍,0.23%
20261008,3834,アイドマＭＣ,9466,東S,,232,-3,-1.28%,1,14.6倍,0.91倍,4.31%
20261008,3835,昭文社ＨＤ,9475,東S,,527,0,0.00%,1,26.2倍,0.67倍,0.95%
20261008,3836,北陸ガス,9537,東S,,"4,200",0,0.00%,1,10.7倍,0.36倍,1.90%
20261008,3837,葉ガス,9539,東S,,"1,284",-25,-1.91%,1,13.3倍,0.39倍,2.02%
20261008,3838,ホウライ,9679,東S,,"2,040",-19,-0.92%,1,17.1倍,0.84倍,1.18%
20261008,3839,ＫＹＣＯＭ,9685,東S,,576,-1,-0.17%,1,6.50倍,0.56倍,1.74%
20261008,3840,昴,9778,東S,,"5,580",-110,-1.93%,1,24.8倍,0.95倍,2.15%
20261008,3841,大丸エナ,9818,東S,,"1,545",ー,ー%,1,13.2倍,0.73倍,1.94%
20261008,3842,ジュンテン,9835,東S,,511,-2,-0.39%,1,27.6倍,0.32倍,1.96%
20261008,3843,共同紙,9849,東S,,"4,470",+10,+0.22%,1,46.5倍,0.78倍,1.12%
20261008,3844,コンセック,9895,東S,,"1,250",-6,-0.48%,1,22.1倍,0.28倍,2.16%
20261008,3845,平和紙業,9929,東S,,466,-4,-0.85%,1,27.8倍,0.41倍,2.58%
20261008,3846,ショクブン,9969,東S,,237,+1,+0.42%,1,"1,823倍",1.60倍,1.05%
20261008,3847,セキチュー,9976,東S,,"1,055",+3,+0.29%,1,16.4倍,0.47倍,2.84%
20261008,3848,日経３００投,1319,東Ｅ,,730.3,-20.7,-2.76%,1,ー倍,ー倍,ー%
20261008,3849,上場高配低ボ,1399,東Ｅ,,"3,130",-23,-0.73%,1,ー倍,ー倍,ー%
20261008,3850,岐阜造園,1438,東S,,"2,201",-19,-0.86%,1,15.3倍,1.57倍,1.82%
20261008,3851,上場米債ヘ有,1487,東Ｅ,,"11,300",+10,+0.09%,1,ー倍,ー倍,ー%
20261008,3852,Ｏｎｅ中小型,1493,東Ｅ,,"25,750",-275,-1.06%,1,ー倍,ー倍,ー%
20261008,3853,上場アジリト,1495,東Ｅ,,"10,770",-35,-0.32%,1,ー倍,ー倍,ー%
20261008,3854,野村マレシア,1560,東Ｅ,,"6,177",-23,-0.37%,1,ー倍,ー倍,ー%
20261008,3855,野村運輸物流,1628,東Ｅ,,"21,700",+175,+0.81%,1,ー倍,ー倍,ー%
20261008,3856,ＷＴ商品総合,1684,東Ｅ,,"2,760.0",-10.0,-0.36%,1,ー倍,ー倍,ー%
20261008,3857,ＷＴアグリ,1687,東Ｅ,,"1,100.5",-13.5,-1.21%,1,ー倍,ー倍,ー%
20261008,3858,ＷＴ原油,1690,東Ｅ,,"2,717.0",0,0.00%,1,ー倍,ー倍,ー%
20261008,3859,ＷＴアルミ,1692,東Ｅ,,655.0,-26.1,-3.83%,1,ー倍,ー倍,ー%
20261008,3860,工藤建設,1764,東S,,"2,685",0,0.00%,1,11.0倍,0.57倍,4.73%
20261008,3861,ナカボテック,1787,東S,,"5,670",-30,-0.53%,1,13.3倍,1.49倍,4.59%
20261008,3862,大本組,1793,東S,,"2,013",-1,-0.05%,1,19.0倍,0.75倍,3.68%
20261008,3863,守谷商会,1798,東S,,"1,109",ー,ー%,1,7.14倍,0.65倍,3.43%
20261008,3864,森組,1853,東S,,320,-2,-0.62%,1,13.4倍,0.68倍,4.38%
20261008,3865,協和日成,1981,東S,,"1,355",-23,-1.67%,1,10.9倍,0.70倍,3.84%
20261008,3866,ハンセンベア,2032,東EN,,"6,385",+40,+0.63%,1,ー倍,ー倍,ー%
20261008,3867,日和産,2055,東S,,342,-3,-0.87%,1,20.7倍,0.32倍,1.75%
20261008,3868,ヒップ,2136,東S,,"1,403",-4,-0.28%,1,12.8倍,1.37倍,5.06%
20261008,3869,クルーズ,2138,東S,,412,-3,-0.72%,1,82.1倍,0.46倍,ー%
20261008,3870,成学社,2179,東S,,820,-3,-0.36%,1,7.49倍,1.16倍,4.02%
20261008,3871,滝沢ハム,2293,東S,,"2,652",-5,-0.19%,1,68.1倍,1.68倍,0.75%
20261008,3872,ブラス,2424,東S,,611,-3,-0.49%,1,6.04倍,0.74倍,1.31%
20261008,3873,シダー,2435,東S,,203,-1,-0.49%,1,8.76倍,1.19倍,3.94%
20261008,3874,アオバＢＢＴ,2464,東S,,368,+1,+0.27%,1,11.8倍,1.00倍,2.99%
20261008,3875,タウンＮ,2481,東S,,716,+1,+0.14%,1,8.69倍,0.70倍,3.07%
20261008,3876,野村外国株Ｈ,2514,東Ｅ,,"2,040",-16,-0.78%,1,ー倍,ー倍,ー%
20261008,3877,タビオ,2668,東S,,"1,275",0,0.00%,1,19.0倍,1.60倍,2.35%
20261008,3878,ＣＶＳベイ,2687,東S,,487,+1,+0.21%,1,9.81倍,0.76倍,4.11%
20261008,3879,久世,2708,東S,,"1,864",0,0.00%,1,6.16倍,0.89倍,2.41%
20261008,3880,ピエトロ,2818,東S,,"1,757",+9,+0.51%,1,ー倍,2.01倍,1.37%
20261008,3881,デルソーレ,2876,東S,,469,0,0.00%,1,10.4倍,0.66倍,2.56%
20261008,3882,石井食,2894,東S,,360,0,0.00%,1,85.7倍,1.53倍,1.11%
20261008,3883,旭松食品,2911,東S,,"2,242",-1,-0.04%,1,26.5倍,0.48倍,1.56%
20261008,3884,仙波糖化,2916,東S,,719,-2,-0.28%,1,11.5倍,0.64倍,2.09%
20261008,3885,ライフフーズ,3065,東S,,"1,588",+2,+0.13%,1,67.4倍,2.83倍,0.31%
20261008,3886,東京一番,3067,東S,,453,-1,-0.22%,1,35.2倍,2.23倍,ー%
20261008,3887,オーミケンシ,3111,東S,,170,-3,-1.73%,1,6.37倍,2.57倍,ー%
20261008,3888,ファンデリー,3137,東S,,216,+1,+0.47%,1,21.9倍,10.2倍,ー%
20261008,3889,ミサワ,3169,東S,,698,+2,+0.29%,1,28.8倍,1.55倍,1.15%
20261008,3890,ティーライフ,3172,東S,,"1,127",-1,-0.09%,1,17.3倍,0.74倍,2.66%
20261008,3891,ＳＬＤ,3223,東S,,"1,000",+5,+0.50%,1,15.2倍,-5.6倍,ー%
20261008,3892,ウィル,3241,東S,,600,-3,-0.50%,1,7.74倍,1.20倍,3.92%
20261008,3893,アールエイジ,3248,東S,,892,0,0.00%,1,12.3倍,0.59倍,4.04%
20261008,3894,グラン,3261,東G,,449,-4,-0.88%,1,23.0倍,0.70倍,3.34%
20261008,3895,フライングＧ,3317,東S,,"1,499",+14,+0.94%,1,12.4倍,1.17倍,1.13%
20261008,3896,バッファロー,3352,東S,,"1,782",+1,+0.06%,1,8.61倍,0.64倍,3.93%
20261008,3897,アートＧ,3419,名N,,"1,999",+11,+0.55%,1,781倍,4.29倍,ー%
20261008,3898,エスイー,3423,東S,,264,-3,-1.12%,1,50.2倍,0.79倍,4.55%
20261008,3899,サンコテクノ,3435,東S,,"1,519",-7,-0.46%,1,9.63倍,0.60倍,3.03%
20261008,3900,ＭＩＥコーポ,3442,名M,,"1,655",-33,-1.95%,1,4.86倍,0.59倍,2.42%
20261008,3901,Ｇ－ＦＡＣ,3474,東G,,592,-2,-0.34%,1,114倍,3.66倍,ー%
20261008,3902,マリオン,3494,東S,,413,+2,+0.49%,1,11.6倍,0.64倍,1.69%
20261008,3903,香陵住販,3495,東S,,"2,201",-84,-3.68%,1,5.58倍,0.88倍,2.91%
20261008,3904,テルマー湯,3521,東S,,157,-1,-0.63%,1,23.1倍,0.86倍,3.18%
20261008,3905,東海染,3577,東S,,920,-4,-0.43%,1,11.6倍,0.35倍,2.72%
20261008,3906,オーベクス,3583,東S,,"1,360",0,0.00%,1,11.3倍,0.51倍,2.57%
20261008,3907,山喜,3598,東S,,155,0,0.00%,1,24.4倍,0.65倍,ー%
20261008,3908,ボルテージ,3639,東S,,223,-3,-1.33%,1,ー倍,0.65倍,ー%
20261008,3909,パピレス,3641,東S,,"1,002",+2,+0.20%,1,61.1倍,0.88倍,1.00%
20261008,3910,駅探,3646,東S,,340,-4,-1.16%,1,ー倍,1.39倍,2.35%
20261008,3911,コムシード,3739,名N,,120,0,0.00%,1,7.72倍,2.18倍,ー%
20261008,3912,大和コン,3816,東S,,"1,097",-3,-0.27%,1,21.2倍,0.76倍,1.73%
20261008,3913,ＯＤＫ,3839,東S,,620,-1,-0.16%,1,16.9倍,0.82倍,1.61%
20261008,3914,ジーダット,3841,東S,,"1,285",-16,-1.23%,1,23.6倍,1.36倍,3.11%
20261008,3915,コラボス,3908,東S,,365,0,0.00%,1,34.0倍,1.27倍,1.64%
20261008,3916,ＭＫシステム,3910,東S,,303,0,0.00%,1,8.56倍,1.84倍,2.64%
20261008,3917,光ビジネス,3948,東S,,"1,174",-6,-0.51%,1,18.6倍,0.66倍,4.26%
20261008,3918,イノベーショ,3970,東S,,811,-6,-0.73%,1,10.0倍,0.81倍,4.93%
20261008,3919,テモナ,3985,東S,,184,-1,-0.54%,1,48.0倍,2.81倍,ー%
20261008,3920,ビーブレイク,3986,東S,,491,-9,-1.80%,1,21.4倍,1.25倍,3.26%
20261008,3921,ウォンテッド,3991,東G,,951,+1,+0.11%,1,5.87倍,1.48倍,2.10%
20261008,3922,丸尾カル,4102,東S,,"1,440",-5,-0.35%,1,20.6倍,0.30倍,2.08%
20261008,3923,スガイ,4120,東S,,"3,010",-135,-4.29%,1,ー倍,0.45倍,2.99%
20261008,3924,ポバール興業,4247,東S,,"1,387",-27,-1.91%,1,11.9倍,0.61倍,3.03%
20261008,3925,ＩＰＳＨＤ,4335,東S,,"1,059",+3,+0.28%,1,9.11倍,1.36倍,3.59%
20261008,3926,山田債権,4351,東S,,842,-2,-0.24%,1,25.1倍,1.15倍,1.19%
20261008,3927,応用技術,4356,東S,,"1,652",+1,+0.06%,1,12.1倍,1.49倍,2.42%
20261008,3928,Ｍマート,4380,東G,,655,-10,-1.50%,1,14.1倍,2.83倍,1.98%
20261008,3929,リックソフト,4429,東G,,710,-2,-0.28%,1,20.0倍,0.94倍,ー%
20261008,3930,ケミファ,4539,東S,,"1,536",-14,-0.90%,1,92.8倍,0.29倍,3.26%
20261008,3931,アサヒペン,4623,東S,,"1,838",-27,-1.45%,1,9.45倍,0.42倍,3.26%
20261008,3932,市進ＨＤ,4645,東S,,439,+5,+1.15%,1,10.1倍,1.57倍,2.28%
20261008,3933,秀英,4678,東S,,328,0,0.00%,1,4.89倍,0.52倍,3.05%
20261008,3934,クリップ,4705,東S,,772,-5,-0.64%,1,36.1倍,0.62倍,5.18%
20261008,3935,城南進研,4720,東S,,237,-1,-0.42%,1,22.7倍,1.65倍,2.11%
20261008,3936,ダイサン,4750,東S,,557,-1,-0.18%,1,27.5倍,0.64倍,3.95%
20261008,3937,ピーエイ,4766,東S,,222,0,0.00%,1,23.9倍,4.90倍,2.34%
20261008,3938,ＩＣ,4769,東S,,"1,155",+5,+0.43%,1,22.4倍,1.30倍,3.46%
20261008,3939,ジェイック,7073,東G,,"2,357",ー,ー%,1,17.5倍,2.48倍,2.33%
20261008,3940,２４７ＨＤ,7074,東G,,188,+1,+0.53%,1,229倍,34.7倍,ー%
20261008,3941,ＡＬｉＮＫ,7077,東G,,"1,000",+9,+0.91%,1,40.1倍,1.29倍,ー%
20261008,3942,ＳＭＤトピク,2557,東Ｅ,,"4,134",-77,-1.83%,1,ー倍,ー倍,ー%
20261008,3943,ランサーズ,4484,東G,,287,-4,-1.37%,1,18.3倍,3.44倍,1.05%
20261008,3944,関通ＨＤ,9326,東G,,477,0,0.00%,1,18.2倍,2.29倍,2.10%
20261008,3945,エコミック,3802,東S,,479,+1,+0.21%,1,11.7倍,1.30倍,2.71%
20261008,3946,Ｋラーニング,7353,東G,,511,-2,-0.39%,1,10.7倍,2.21倍,ー%
20261008,3947,インタファク,4057,東G,,345,-2,-0.58%,1,19.3倍,1.15倍,ー%
20261008,3948,まぐまぐ,4059,東S,,362,-2,-0.55%,1,72.1倍,1.21倍,ー%
20261008,3949,ｉＳ新興債Ｈ,2622,東Ｅ,,"1,618",-12,-0.74%,1,ー倍,ー倍,ー%
20261008,3950,ｉＳユＩＧＨ,2623,東Ｅ,,"1,876",-36,-1.88%,1,ー倍,ー倍,ー%
20261008,3951,Ｐアンチエイ,4934,東G,,578,-1,-0.17%,1,50.4倍,0.73倍,ー%
20261008,3952,クリーマ,4017,東G,,205,-1,-0.49%,1,44.6倍,1.20倍,ー%
20261008,3953,ＳＡＮＥＩ,6230,東S,,"2,130",-10,-0.47%,1,7.62倍,0.64倍,3.52%
20261008,3954,オンデック,7360,東G,,610,-4,-0.65%,1,12.2倍,1.81倍,ー%
20261008,3955,イーロジット,9327,東S,,179,-3,-1.65%,1,358倍,1.49倍,ー%
20261008,3956,メイホーＨＤ,7369,東G,,382,-5,-1.29%,1,11.3倍,0.83倍,ー%
20261008,3957,ＧＸバイ日株,2639,東Ｅ,,"1,726",-13,-0.75%,1,ー倍,ー倍,ー%
20261008,3958,ベイシス,4068,東G,,"1,818",-11,-0.60%,1,17.3倍,1.58倍,ー%
20261008,3959,ステムセル研,7096,東G,,748,-5,-0.66%,1,71.7倍,2.77倍,ー%
20261008,3960,ＦＬネット,9241,東G,,"1,230",-6,-0.49%,1,36.9倍,5.40倍,ー%
20261008,3961,グローバルＳ,7126,東S,,"1,449",+11,+0.76%,1,7.44倍,1.41倍,ー%
20261008,3962,野村米十債,2647,東Ｅ,,"5,576",-4,-0.07%,1,ー倍,ー倍,ー%
20261008,3963,ｉＳジニメＨ,2649,東Ｅ,,545.5,-10.4,-1.87%,1,ー倍,ー倍,ー%
20261008,3964,上場豪債ヘ有,2843,東Ｅ,,"3,597",+1,+0.03%,1,ー倍,ー倍,ー%
20261008,3965,ＣａＳｙ,9215,東G,,"1,005",+1,+0.10%,1,ー倍,7.00倍,ー%
20261008,3966,大石産業,3943,東S,,"1,300",0,0.00%,1,24.5倍,0.52倍,4.00%
20261008,3967,ＧＸインフ日,2847,東Ｅ,,"3,069",-59,-1.89%,1,ー倍,ー倍,ー%
20261008,3968,ＧＸ気候変日,2848,東Ｅ,,"3,141",-37,-1.16%,1,ー倍,ー倍,ー%
20261008,3969,エフビー介護,9220,東S,,"1,272",-9,-0.70%,1,6.10倍,0.78倍,3.38%
20261008,3970,ストレジ王,2997,東G,,"1,323",+1,+0.08%,1,18.7倍,2.33倍,ー%
20261008,3971,ｉＳＧＪリト,2852,東Ｅ,,162.4,-1.2,-0.73%,1,ー倍,ー倍,ー%
20261008,3972,みのや,386A,東S,,"1,251",-2,-0.16%,1,13.0倍,1.15倍,2.40%
20261008,3973,クラシコ,442A,東G,,850,-5,-0.58%,1,ー倍,2.35倍,ー%
20261008,3974,ＳＳ金Ｈ,448A,東Ｅ,,246.0,-1.3,-0.53%,1,ー倍,ー倍,ー%
20261008,3975,ＳＳ米株Ｈ,450A,東Ｅ,,799.4,-3.6,-0.45%,1,ー倍,ー倍,ー%
20261008,3976,ＧＸＵ社債,468A,東Ｅ,,271.4,-0.8,-0.29%,1,ー倍,ー倍,ー%
20261008,3977,ニ日経２２５,473A,東Ｅ,,"1,399",-16,-1.13%,1,ー倍,ー倍,ー%
20261008,3978,野村独株Ｈ無,487A,東Ｅ,,"1,944",-28,-1.42%,1,ー倍,ー倍,ー%
20261008,3979,ＯｎｅＪ２０,496A,東Ｅ,,908.0,0,0.00%,1,ー倍,ー倍,ー%
20261008,3980,ＪＰＸ１００,526A,東Ｅ,,"2,310",+3,+0.13%,1,ー倍,ー倍,ー%
20261008,3981,農中ＮＱ１Ｕ,534A,東Ｅ,,"2,497",-12,-0.48%,1,ー倍,ー倍,ー%
20261008,3982,農中ＤＡＸＵ,535A,東Ｅ,,"2,021",-30,-1.46%,1,ー倍,ー倍,ー%
20261008,3983,ニラセル２千,600A,東Ｅ,,"1,809",-41,-2.22%,1,ー倍,ー倍,ー%
20261008,3984,ＨＯＵＳＥＩ,5035,東G,,358,+2,+0.56%,1,14.1倍,0.81倍,0.84%
20261008,3985,上場仏債ヘ無,2861,東Ｅ,,"5,148",-25,-0.48%,1,ー倍,ー倍,ー%
20261008,3986,ビジコーチ,9562,東G,,586,-19,-3.14%,1,497倍,1.90倍,2.90%
20261008,3987,アップコン,5075,名N,,992,+17,+1.74%,1,19.8倍,2.15倍,ー%
20261008,3988,ＧＭＯプラ,5250,東S,,"1,015",-37,-3.52%,1,76.0倍,2.56倍,2.00%
20261008,3989,エコム,6225,名M,,"2,130",+15,+0.71%,1,10.8倍,1.09倍,1.78%
20261008,3990,日本ＳＢ,5530,名M,,"1,115",-10,-0.89%,1,7.84倍,0.95倍,4.04%
20261008,3991,プロディ,5580,東G,,"1,629",-6,-0.37%,1,17.0倍,2.84倍,ー%
20261008,3992,ブリーチ,9162,東G,,225,-1,-0.44%,1,ー倍,0.63倍,ー%
20261008,3993,日糧パン,2218,札証,,"2,162",+1,+0.05%,1,37.7倍,0.81倍,0.69%
20261008,3994,マルタイ,2919,福証,,"4,295",-15,-0.35%,1,18.7倍,0.79倍,1.16%
20261008,3995,ＮＴＬ,3849,札Ａ,,650,+18,+2.85%,1,8.06倍,0.82倍,ー%
20261008,3996,昭和鉄,5953,福証,,"7,000",ー,ー%,1,5.94倍,0.44倍,2.14%
20261008,3997,丸東産,7894,福証,,"2,100",-34,-1.59%,1,9.95倍,0.33倍,1.90%
20261008,3998,中道リース,8594,札証,,683,0,0.00%,1,5.62倍,0.35倍,2.20%
20261008,3999,ロジネットＪ,9027,札証,,"1,269",+37,+3.00%,1,8.73倍,1.05倍,3.39%
20261008,4000,揚羽,9330,東G,,884,-4,-0.45%,1,ー倍,1.45倍,ー%
20261008,4001,笹徳印刷,3958,東S,,542,0,0.00%,1,10.5倍,0.30倍,3.69%
20261008,4002,キャスター,9331,東G,,698,-2,-0.29%,1,ー倍,1.97倍,ー%
20261008,4003,上場米債０ラ,2093,東Ｅ,,"5,261",-4,-0.08%,1,ー倍,ー倍,ー%
20261008,4004,成友興業,9170,名M,,"1,406",+7,+0.50%,1,18.2倍,2.03倍,1.00%
20261008,4005,雨風太陽,5616,東G,,624,-4,-0.64%,1,50.4倍,5.32倍,ー%
20261008,4006,マーソ,5619,東G,,835,ー,ー%,1,ー倍,1.52倍,ー%
20261008,4007,ｉＦ米債７無,2015,東Ｅ,,"2,039",-3,-0.15%,1,ー倍,ー倍,ー%
20261008,4008,ＧＸＵＲ２０,2018,東Ｅ,,"1,189",-18,-1.49%,1,ー倍,ー倍,ー%
20261008,4009,ＡＩセレクト,162A,東EN,,"17,730",-225,-1.25%,1,ー倍,ー倍,ー%
20261008,4010,ＳＭＴ好配当,170A,東Ｅ,,"3,095",-84,-2.64%,1,ー倍,ー倍,ー%
20261008,4011,コージンＢ,177A,東G,,822,+7,+0.86%,1,38.2倍,0.71倍,1.22%
20261008,4012,クロスＥ,231A,福Ｑ,,"1,015",-10,-0.98%,1,12.0倍,0.86倍,5.42%
20261008,4013,キッズスター,248A,東G,,804,-1,-0.12%,1,29.7倍,0.88倍,ー%
20261008,4014,ケイ・ウノ,259A,名N,,"1,591",-5,-0.31%,1,21.5倍,1.32倍,ー%
20261008,4015,ｖｉｓｕｍｏ,303A,東G,,598,-3,-0.50%,1,58.4倍,1.78倍,ー%
20261008,4016,ビースタイル,302A,東G,,600,+2,+0.33%,1,10.9倍,1.48倍,ー%
20261008,4017,メディックス,331A,東S,,477,0,0.00%,1,8.05倍,1.10倍,3.98%
20261008,4018,ミライロ,335A,東G,,318,-4,-1.24%,1,58.5倍,3.77倍,ー%
20261008,4019,エレコミ,353A,福証,,"1,533",+20,+1.32%,1,17.0倍,5.74倍,ー%
20261008,4020,光村印,7916,東S,,"1,900",ー,ー%,1,ー倍,0.29倍,2.63%
20261008,4021,旭化学,7928,東S,,610,-1,-0.16%,1,37.1倍,0.33倍,1.64%
20261008,4022,光陽社,7946,名M,,345,0,0.00%,1,9.32倍,0.48倍,3.19%
20261008,4023,ミロク,7983,東S,,"1,172",-22,-1.84%,1,1.21倍,0.30倍,0.85%
20261008,4024,セーラー,7992,東S,,100,-1,-0.99%,1,ー倍,2.98倍,ー%
20261008,4025,浜丸魚,8045,東S,,"2,011",ー,ー%,1,19.6倍,0.50倍,1.69%
20261008,4026,三栄コ,8119,東S,,782,-1,-0.13%,1,10.7倍,0.50倍,3.96%
20261008,4027,中部水産,8145,名M,,"3,270",ー,ー%,1,12.2倍,0.36倍,2.60%
20261008,4028,東天紅,8181,東S,,997,-4,-0.40%,1,5.63倍,0.34倍,1.50%
20261008,4029,ヤマナカ,8190,名M,,517,0,0.00%,1,28.1倍,0.55倍,1.93%
20261008,4030,マルイチ,8228,名M,,"1,048",+1,+0.10%,1,10.2倍,0.71倍,2.67%
20261008,4031,ＲＩＳＥ,8836,東S,,26,0,0.00%,1,ー倍,-1.1倍,ー%
20261008,4032,グロームＨＤ,8938,東G,,316,+4,+1.28%,1,19.2倍,0.47倍,0.95%
20261008,4033,エンシュウ,6218,東S,,648,-12,-1.82%,1,16.3倍,0.38倍,1.85%
20261008,4034,横田製,6248,東S,,"1,765",0,0.00%,1,11.0倍,1.07倍,3.40%
20261008,4035,ゼネラルパ,6267,東S,,"4,210",0,0.00%,1,8.89倍,0.89倍,3.09%
20261008,4036,タカキタ,6325,東S,,418,-2,-0.48%,1,19.2倍,0.57倍,2.39%
20261008,4037,明治機,6334,東S,,476,-9,-1.86%,1,51.2倍,1.93倍,1.26%
20261008,4038,プラコー,6347,東S,,246,0,0.00%,1,23.7倍,1.47倍,2.44%
20261008,4039,オリチェン,6380,東S,,"3,545",-10,-0.28%,1,67.3倍,2.37倍,0.56%
20261008,4040,ヤマダコーポ,6392,東S,,"7,340",-100,-1.34%,1,10.3倍,0.95倍,3.00%
20261008,4041,クラッチ,6408,東S,,"4,240",ー,ー%,1,20.5倍,0.31倍,ー%
20261008,4042,高見サイ,6424,東S,,880,-2,-0.23%,1,7.06倍,0.62倍,2.61%
20261008,4043,日宣,6543,東S,,"1,179",-14,-1.17%,1,13.9倍,1.15倍,2.80%
20261008,4044,フルテック,6546,東S,,"1,166",-10,-0.85%,1,15.4倍,0.90倍,2.92%
20261008,4045,旅工房,6548,東G,,121,0,0.00%,1,ー倍,3.23倍,ー%
20261008,4046,ＤＭソリュ,6549,東S,,"1,105",-2,-0.18%,1,9.32倍,1.61倍,1.90%
20261008,4047,クックビズ,6558,東G,,671,+2,+0.30%,1,23.4倍,1.98倍,ー%
20261008,4048,ＡＢホテル,6565,名M,,"1,281",-1,-0.08%,1,5.76倍,1.15倍,2.26%
20261008,4049,ログリー,6579,東G,,338,-2,-0.59%,1,ー倍,3.46倍,ー%
20261008,4050,ＣＧＳＨＤ,6633,東S,,306,-3,-0.97%,1,13.6倍,0.89倍,3.27%
20261008,4051,ＯＳＧコーポ,6757,東S,,911,-7,-0.76%,1,15.9倍,2.00倍,4.39%
20261008,4052,リーダー電子,6867,東S,,409,0,0.00%,1,25.4倍,0.52倍,3.67%
