日付,順位,銘柄名,コード,市場,状態,株価,前日差,騰落率,売買代金,PER,PBR,配当利回り
20260618,1,キオクシア,285A,東P,,"96,900",+900,+0.94%,"3,008,893",ー倍,37.8倍,ー%
20260618,2,太陽誘電,6976,東P,,"19,860",-985,-4.73%,"660,377",138倍,7.21倍,0.45%
20260618,3,ＳＢＧ,9984,東P,,"7,189",+309,+4.49%,"462,009",ー倍,2.32倍,0.15%
20260618,4,村田製,6981,東P,,"11,745",+880,+8.10%,"455,209",73.0倍,7.86倍,0.60%
20260618,5,東エレク,8035,東P,,"76,080","+3,440",+4.74%,"438,368",ー倍,16.9倍,ー%
20260618,6,レーザーテク,6920,東P,,"56,450","+3,750",+7.12%,"434,985",70.3倍,22.4倍,0.58%
20260618,7,日経レバ,1570,東Ｅ,,"82,200","+2,650",+3.33%,"355,202",ー倍,ー倍,ー%
20260618,8,イビデン,4062,東P,,"25,715","+1,715",+7.15%,"294,744",124倍,13.1倍,0.14%
20260618,9,フジクラ,5803,東P,,"4,461",-268,-5.67%,"228,820",47.3倍,13.2倍,0.85%
20260618,10,アドテスト,6857,東P,,"30,300",+240,+0.80%,"226,428",47.2倍,27.6倍,ー%
20260618,11,ディスコ,6146,東P,,"84,990","+1,290",+1.54%,"167,393",ー倍,15.7倍,ー%
20260618,12,三菱ＵＦＪ,8306,東P,,"3,374.0",+102.0,+3.12%,"166,336",14.1倍,1.71倍,2.85%
20260618,13,ＪＸ金属,5016,東P,,"4,370",+4,+0.09%,"131,760",36.5倍,5.72倍,0.46%
20260618,14,古河電,5801,東P,,"46,360","-1,080",-2.28%,"128,485",39.8倍,7.82倍,0.47%
20260618,15,三菱重,7011,東P,,"3,968",+108,+2.80%,"125,118",35.1倍,4.32倍,0.73%
20260618,16,三井住友ＦＧ,8316,東P,,"6,728",+278,+4.31%,"99,237",15.1倍,1.62倍,2.68%
20260618,17,三井金属,5706,東P,,"48,100",+500,+1.05%,"96,042",36.7倍,6.68倍,0.58%
20260618,18,みずほＦＧ,8411,東P,,"8,249",+243,+3.04%,"94,757",15.5倍,1.78倍,1.82%
20260618,19,トヨタ,7203,東P,,"2,793.5",-16.5,-0.59%,"77,054",11.0倍,0.83倍,3.58%
20260618,20,スクリン,7735,東P,,"16,425","+1,105",+7.21%,"66,165",28.2倍,6.38倍,1.07%
20260618,21,ルネサス,6723,東P,,"4,550",+73,+1.63%,"64,690",ー倍,3.25倍,ー%
20260618,22,ファストリ,9983,東P,,"84,100","+1,200",+1.45%,"64,160",53.8倍,9.80倍,0.76%
20260618,23,味の素,2802,東P,,"5,787",+447,+8.37%,"63,632",46.1倍,7.18倍,0.86%
20260618,24,日立,6501,東P,,"4,800",+99,+2.11%,"63,347",25.3倍,3.28倍,ー%
20260618,25,住友電,5802,東P,,"12,200",-100,-0.81%,"62,433",29.7倍,3.47倍,1.28%
20260618,26,パナＨＤ,6752,東P,,"4,305",+105,+2.50%,"62,011",23.9倍,1.93倍,1.25%
20260618,27,任天堂,7974,東P,,"7,166",-109,-1.50%,"61,154",26.7倍,2.80倍,2.26%
20260618,28,ソニーＧ,6758,東P,,"3,250.0",-36.0,-1.10%,"59,879",16.5倍,2.36倍,1.08%
20260618,29,リクルート,6098,東P,,"11,165",+645,+6.13%,"58,580",24.9倍,9.80倍,0.23%
20260618,30,コクサイエレ,6525,東P,,"9,679",+117,+1.22%,"56,978",58.3倍,10.3倍,0.49%
20260618,31,レゾナック,4004,東P,,"18,420",-100,-0.54%,"53,518",43.3倍,4.70倍,0.35%
20260618,32,ＩＨＩ,7013,東P,,"2,866.0",-50.5,-1.73%,"53,447",18.4倍,4.66倍,0.80%
20260618,33,ＴＤＫ,6762,東P,,"3,855",+25,+0.65%,"52,417",32.5倍,3.35倍,1.04%
20260618,34,日東紡,3110,東P,,"19,190","-1,980",-9.35%,"52,139",41.1倍,4.02倍,0.73%
20260618,35,ＳＵＭＣＯ,3436,東P,,"4,320",+168,+4.05%,"51,715",ー倍,2.65倍,ー%
20260618,36,信越化,4063,東P,,"7,459",-90,-1.19%,"48,781",ー倍,3.11倍,ー%
20260618,37,キーエンス,6861,東P,,"77,520","+1,920",+2.54%,"46,163",ー倍,5.42倍,0.71%
20260618,38,ファナック,6954,東P,,"7,596",+81,+1.08%,"45,081",38.3倍,3.80倍,ー%
20260618,39,川重,7012,東P,,"3,160.0",-106.0,-3.25%,"44,042",24.0倍,3.01倍,1.27%
20260618,40,三菱電,6503,東P,,"6,056",+193,+3.29%,"41,302",26.1倍,2.76倍,0.99%
20260618,41,日経Ｄインバ,1357,東Ｅ,,"2,526",-85,-3.26%,"39,977",ー倍,ー倍,ー%
20260618,42,安川電,6506,東P,,"7,253",+207,+2.94%,"39,907",40.0倍,3.89倍,0.99%
20260618,43,ソシオネクス,6526,東P,,"2,604.0",+124.0,+5.00%,"37,967",45.6倍,3.43倍,1.92%
20260618,44,野村日経平均,1321,東Ｅ,,"74,380","+1,190",+1.63%,"36,290",ー倍,ー倍,ー%
20260618,45,野村日半導,200A,東Ｅ,,"6,091",+132,+2.22%,"34,331",ー倍,ー倍,ー%
20260618,46,三菱商,8058,東P,,"4,570",-40,-0.87%,"34,300",15.2倍,1.77倍,2.74%
20260618,47,ＮＴＴ,9432,東P,,147.9,+1.0,+0.68%,"33,454",12.3倍,1.24倍,3.65%
20260618,48,武蔵精密,7220,東P,,"4,465",-945,-17.47%,"33,398",45.0倍,2.40倍,0.90%
20260618,49,東京海上,8766,東P,,"7,324",+72,+0.99%,"32,787",16.9倍,2.58倍,3.35%
20260618,50,ＨＯＹＡ,7741,東P,,"28,515",+895,+3.24%,"31,485",ー倍,9.35倍,ー%
20260618,51,京セラ,6971,東P,,"3,691",-56,-1.49%,"29,741",34.3倍,1.45倍,1.52%
20260618,52,ＮＥＣ,6701,東P,,"3,973",+121,+3.14%,"28,447",ー倍,2.40倍,1.01%
20260618,53,ゆうちょ銀,7182,東P,,"3,296.0",+171.0,+5.47%,"28,321",17.8倍,1.27倍,2.82%
20260618,54,オリックス,8591,東P,,"6,462",+126,+1.99%,"27,483",13.4倍,1.59倍,2.90%
20260618,55,りそなＨＤ,8308,東P,,"2,256.0",+94.5,+4.37%,"27,177",16.4倍,1.75倍,1.64%
20260618,56,コマツ,6301,東P,,"6,653",+3,+0.05%,"26,951",18.7倍,1.69倍,2.86%
20260618,57,富士通,6702,東P,,"3,343.0",+87.0,+2.67%,"26,816",18.7倍,2.86倍,1.65%
20260618,58,ホンダ,7267,東P,,"1,414.0",-1.5,-0.11%,"25,927",21.2倍,0.47倍,4.95%
20260618,59,三井物,8031,東P,,"4,719",0,0.00%,"25,780",14.5倍,1.53倍,2.97%
20260618,60,荏原,6361,東P,,"6,694",+167,+2.56%,"24,764",30.7倍,5.90倍,0.99%
20260618,61,第一三共,4568,東P,,"2,706.0",+110.5,+4.26%,"24,139",18.9倍,2.96倍,3.70%
20260618,62,住友鉱,5713,東P,,"9,273",+118,+1.29%,"23,919",17.9倍,1.20倍,2.23%
20260618,63,コナミＧ,9766,東P,,"17,375","-1,655",-8.70%,"23,554",23.3倍,4.17倍,1.29%
20260618,64,ニデック,6594,東P,,"2,777",-19,-0.68%,"23,260",ー倍,1.81倍,ー%
20260618,65,ＳＭＣ,6273,東P,,"72,600",0,0.00%,"23,132",26.9倍,2.16倍,1.38%
20260618,66,ローム,6963,東P,,"5,200",+62,+1.21%,"22,972",69.2倍,2.65倍,0.96%
20260618,67,ＰｏｗｅｒＸ,485A,東G,,"2,015",-276,-12.05%,"21,386",185倍,33.4倍,ー%
20260618,68,郵船,9101,東P,,"5,270",-78,-1.46%,"21,115",10.9倍,0.69倍,3.80%
20260618,69,ＴＯＷＡ,6315,東P,,"3,330",+250,+8.12%,"20,968",35.7倍,3.54倍,0.72%
20260618,70,楽天Ｗブル,1458,東Ｅ,,"97,950","+3,100",+3.27%,"20,387",ー倍,ー倍,ー%
20260618,71,ＭＳ＆ＡＤ,8725,東P,,"4,588",+31,+0.68%,"20,201",15.6倍,1.39倍,3.71%
20260618,72,ハーモニック,6324,東P,,"7,770",-80,-1.02%,"20,118",163倍,9.15倍,0.26%
20260618,73,商船三井,9104,東P,,"5,362",-76,-1.40%,"19,867",10.8倍,0.64倍,3.82%
20260618,74,サンリオ,8136,東P,,892.0,+21.5,+2.47%,"19,804",20.8倍,7.85倍,1.48%
20260618,75,ミネベア,6479,東P,,"4,623",-95,-2.01%,"19,373",22.4倍,2.07倍,1.30%
20260618,76,Ｆ＆ＬＣ,3563,東P,,"9,386",-310,-3.20%,"19,283",35.5倍,9.30倍,0.43%
20260618,77,伊藤忠,8001,東P,,"1,871.0",+10.5,+0.56%,"19,227",13.8倍,1.98倍,2.35%
20260618,78,スカＪＳＡＴ,9412,東P,,"3,275",-80,-2.38%,"18,943",34.4倍,3.06倍,1.47%
20260618,79,ＧＸ半導日株,2644,東Ｅ,,"4,885",+152,+3.21%,"18,840",ー倍,ー倍,ー%
20260618,80,ＫＤＤＩ,9433,東P,,"2,715.5",-12.5,-0.46%,"18,737",ー倍,2.04倍,3.09%
20260618,81,キヤノン,7751,東P,,"4,355",-17,-0.39%,"18,554",11.2倍,1.08倍,3.67%
20260618,82,ＩＮＰＥＸ,1605,東P,,"3,429.0",+23.0,+0.68%,"18,533",9.96倍,0.81倍,3.15%
20260618,83,第一ライフ,8750,東P,,"1,820.5",+27.5,+1.53%,"18,326",12.8倍,1.54倍,3.95%
20260618,84,野村,8604,東P,,"1,435.0",-16.0,-1.10%,"18,176",ー倍,1.12倍,ー%
20260618,85,日本マイクロ,6871,東P,,"16,350",+290,+1.81%,"17,955",ー倍,8.57倍,ー%
20260618,86,ＡＩメカ,6227,東S,,"7,330",-830,-10.17%,"17,633",44.8倍,10.2倍,0.23%
20260618,87,三井住友トラ,8309,東P,,"6,176",+143,+2.37%,"17,559",11.3倍,1.20倍,3.08%
20260618,88,菱地所,8802,東P,,"4,112",-40,-0.96%,"17,465",21.1倍,1.84倍,1.19%
20260618,89,武田,4502,東P,,"5,037",+99,+2.00%,"17,365",47.9倍,1.07倍,4.05%
20260618,90,ＪＴ,2914,東P,,"6,087",+16,+0.26%,"16,842",19.0倍,2.65倍,3.98%
20260618,91,スズキ,7269,東P,,"1,936.0",-14.0,-0.72%,"16,637",9.83倍,1.10倍,2.63%
20260618,92,丸紅,8002,東P,,"4,909",-40,-0.81%,"16,580",13.8倍,1.84倍,2.34%
20260618,93,日経ブル２,1579,東Ｅ,,886.4,+26.5,+3.08%,"16,418",ー倍,ー倍,ー%
20260618,94,三井不,8801,東P,,"1,508.5",-8.0,-0.53%,"16,128",14.2倍,1.24倍,2.45%
20260618,95,デンソー,6902,東P,,"1,935.0",+18.0,+0.94%,"16,073",13.6倍,0.95倍,3.82%
20260618,96,メイコー,6787,東P,,"35,850",+100,+0.28%,"15,934",34.5倍,7.13倍,0.45%
20260618,97,Ｆスターズ,3687,東P,,"2,717",+275,+11.26%,"15,822",45.0倍,10.0倍,0.70%
20260618,98,ダイキン,6367,東P,,"23,795",+115,+0.49%,"15,704",23.8倍,2.04倍,1.51%
20260618,99,ＳＢ,9434,東P,,210.1,0,0.00%,"15,485",18.2倍,3.81倍,4.19%
20260618,100,ＮＧＫ,5333,東P,,"7,308",+336,+4.82%,"15,452",25.1倍,2.54倍,1.45%
20260618,101,ＳＯＭＰＯ,8630,東P,,"6,380",+186,+3.00%,"15,038",11.6倍,1.10倍,3.13%
20260618,102,富士フイルム,4901,東P,,"3,424.0",+47.0,+1.39%,"14,783",14.6倍,1.07倍,2.19%
20260618,103,中外薬,4519,東P,,"7,566",-84,-1.10%,"14,781",ー倍,6.53倍,1.74%
20260618,104,日経ベア２,1360,東Ｅ,,61.9,-2.1,-3.28%,"14,264",ー倍,ー倍,ー%
20260618,105,ＧＯ,581A,東G,,"2,471",-218,-8.11%,"14,096",30.0倍,8.76倍,ー%
20260618,106,富士電機,6504,東P,,"14,635",+280,+1.95%,"13,982",20.4倍,2.67倍,ー%
20260618,107,ＡＧＣ,5201,東P,,"7,564",+143,+1.93%,"13,805",20.9倍,1.07倍,2.78%
20260618,108,東電ＨＤ,9501,東P,,510.3,+2.2,+0.43%,"13,798",ー倍,0.34倍,ー%
20260618,109,川崎汽,9107,東P,,"2,513.0",-16.0,-0.63%,"13,588",16.2倍,0.85倍,4.78%
20260618,110,鹿島,1812,東P,,"6,001",+81,+1.37%,"13,502",16.4倍,1.97倍,2.43%
20260618,111,ＭＡＲＵＷＡ,5344,東P,,"66,820","-2,750",-3.95%,"13,476",ー倍,5.60倍,0.16%
20260618,112,住友商,8053,東P,,"6,507",-40,-0.61%,"13,402",12.3倍,1.67倍,2.46%
20260618,113,ニッカトー,5367,東S,,"1,850",+317,+20.68%,"13,356",27.6倍,1.56倍,1.24%
20260618,114,日ケミコン,6997,東P,,"5,530",+290,+5.53%,"13,300",33.3倍,2.13倍,0.45%
20260618,115,ニッパツ,5991,東P,,"4,191",+253,+6.42%,"13,141",18.9倍,1.94倍,1.65%
20260618,116,ＥＮＥＯＳ,5020,東P,,"1,226.5",-20.0,-1.60%,"12,932",7.93倍,0.98倍,2.77%
20260618,117,日本製鉄,5401,東P,,565.4,+7.9,+1.42%,"12,651",13.4倍,0.53倍,4.24%
20260618,118,ＪＲ東海,9022,東P,,"3,331.0",+34.0,+1.03%,"12,545",7.10倍,0.63倍,0.96%
20260618,119,フェローテク,6890,東S,,"10,280",+840,+8.90%,"12,461",16.9倍,2.00倍,2.59%
20260618,120,ローツェ,6323,東P,,"4,830",+276,+6.06%,"12,359",30.1倍,6.43倍,0.41%
20260618,121,住友不,8830,東P,,"3,553.0",+33.0,+0.94%,"12,031",14.7倍,1.33倍,1.46%
20260618,122,日本郵政,6178,東P,,"2,234.0",+37.5,+1.71%,"12,024",16.1倍,0.63倍,2.69%
20260618,123,ＱＤレーザ,6613,東G,,"2,467",+90,+3.79%,"11,998",235倍,21.2倍,ー%
20260618,124,アステラス,4503,東P,,"2,175.0",+42.5,+1.99%,"11,930",13.0倍,2.13倍,3.68%
20260618,125,アストロＨＤ,186A,東G,,"1,331",-17,-1.26%,"11,756",ー倍,22.8倍,ー%
20260618,126,良品計画,7453,東P,,"3,562.0",-43.0,-1.19%,"11,699",30.5倍,5.02倍,0.90%
20260618,127,ＯＬＣ,4661,東P,,"2,300.0",+9.0,+0.39%,"11,578",33.1倍,3.43倍,0.70%
20260618,128,ブリヂストン,5108,東P,,"3,465.0",-39.0,-1.11%,"11,293",12.7倍,1.18倍,3.61%
20260618,129,野村総研,4307,東P,,"4,655",+59,+1.28%,"10,988",21.9倍,6.00倍,1.80%
20260618,130,豊田通商,8015,東P,,"6,217",-127,-2.00%,"10,839",16.4倍,2.08倍,2.01%
20260618,131,ホトニクス,6965,東P,,"2,770.5",-7.0,-0.25%,"10,807",49.0倍,2.50倍,1.37%
20260618,132,日産自,7201,東P,,343.0,-6.8,-1.94%,"10,688",60.0倍,0.25倍,ー%
20260618,133,マクドナルド,2702,東S,,"7,330",-80,-1.08%,"10,543",28.3倍,3.43倍,0.87%
20260618,134,ＪＲ東日本,9020,東P,,"3,393.0",+48.0,+1.43%,"10,531",15.0倍,1.26倍,2.48%
20260618,135,データセク,3905,東G,,"5,110",+195,+3.97%,"10,517",18.7倍,8.76倍,ー%
20260618,136,三菱ケミＧ,4188,東P,,"1,122.5",-17.5,-1.54%,"10,342",12.0倍,0.87倍,2.85%
20260618,137,ＳＵＢＡＲＵ,7270,東P,,"2,577.0",-5.5,-0.21%,"10,321",14.2倍,0.66倍,4.50%
20260618,138,イオン,8267,東P,,"1,336.0",-29.5,-2.16%,"10,243",50.6倍,3.03倍,1.12%
20260618,139,積水ハウス,1928,東P,,"3,276.0",0,0.00%,"10,196",9.74倍,0.98倍,4.43%
20260618,140,セブン＆アイ,3382,東P,,"1,945.5",+12.5,+0.65%,"10,092",16.7倍,1.24倍,3.08%
20260618,141,ダイフク,6383,東P,,"7,215",+122,+1.72%,"10,042",33.2倍,5.79倍,1.14%
20260618,142,大塚ＨＤ,4578,東P,,"10,830",+260,+2.46%,"10,037",21.5倍,1.83倍,1.29%
20260618,143,東応化,4186,東P,,"11,030",+325,+3.04%,"10,027",37.8倍,5.63倍,0.73%
20260618,144,ソニーＦＧ,8729,東P,,140.7,+0.1,+0.07%,"9,853",ー倍,1.50倍,5.69%
20260618,145,日電波,6779,東P,,"4,410",+55,+1.26%,"9,711",44.0倍,3.17倍,0.68%
20260618,146,エーザイ,4523,東P,,"3,969",+140,+3.66%,"9,660",21.4倍,1.25倍,4.03%
20260618,147,大成建,1801,東P,,"14,855",+145,+0.99%,"9,584",16.0倍,2.55倍,2.56%
20260618,148,大林組,1802,東P,,"3,266.0",+69.0,+2.16%,"9,545",14.3倍,1.78倍,2.88%
20260618,149,中部電,9502,東P,,"2,833.5",+7.0,+0.25%,"9,462",ー倍,0.68倍,2.47%
20260618,150,ニトリＨＤ,9843,東P,,"2,461.0",-125.5,-4.85%,"9,314",15.3倍,1.41倍,1.30%
20260618,151,キリンＨＤ,2503,東P,,"2,784.5",+52.0,+1.90%,"9,222",14.3倍,1.69倍,2.73%
20260618,152,ダイヘン,6622,東P,,"18,240","+1,410",+8.38%,"9,194",26.1倍,2.80倍,1.15%
20260618,153,アシックス,7936,東P,,"4,397",+2,+0.05%,"8,997",28.3倍,9.86倍,0.86%
20260618,154,オルガノ,6368,東P,,"18,395",+920,+5.26%,"8,972",28.2倍,5.92倍,1.20%
20260618,155,三井ハイテク,6966,東P,,"1,248",-72,-5.45%,"8,954",22.8倍,1.94倍,1.52%
20260618,156,ＴＯＴＯ,5332,東P,,"8,262",-35,-0.42%,"8,918",29.5倍,2.57倍,1.45%
20260618,157,ＪＲ西日本,9021,東P,,"2,619.5",+46.0,+1.79%,"8,913",11.9倍,0.99倍,3.72%
20260618,158,すかいらーく,3197,東P,,"2,689.5",-37.5,-1.38%,"8,907",31.4倍,3.22倍,0.97%
20260618,159,東京精,7729,東P,,"20,145",+890,+4.62%,"8,886",29.2倍,4.28倍,1.37%
20260618,160,ユニチカ,3103,東S,,"1,168",-68,-5.50%,"8,861",14.5倍,2.01倍,ー%
20260618,161,テルモ,4543,東P,,"2,259.0",+13.0,+0.58%,"8,848",20.2倍,2.10倍,1.59%
20260618,162,ＳＭＤリート,1398,東Ｅ,,"1,808.5",-6.5,-0.36%,"8,824",ー倍,ー倍,ー%
20260618,163,オリンパス,7733,東P,,"1,669.0",+57.0,+3.54%,"8,749",17.3倍,2.18倍,1.80%
20260618,164,デクセリ,4980,東P,,"4,681",+73,+1.58%,"8,732",28.5倍,7.17倍,1.37%
20260618,165,日本取引所,8697,東P,,"2,258.5",+58.5,+2.66%,"8,687",30.0倍,6.73倍,2.70%
20260618,166,リガクＨＤ,268A,東P,,"2,640",-75,-2.76%,"8,675",47.8倍,6.84倍,0.72%
20260618,167,菱ガス化,4182,東P,,"5,358",+242,+4.73%,"8,640",22.7倍,1.62倍,2.05%
20260618,168,ディーエヌエ,2432,東P,,"2,504.0",-143.5,-5.42%,"8,624",ー倍,1.05倍,ー%
20260618,169,野村東証指数,1306,東Ｅ,,432.3,+6.8,+1.60%,"8,612",ー倍,ー倍,ー%
20260618,170,クボタ,6326,東P,,"2,855.0",0,0.00%,"8,598",15.3倍,1.20倍,1.82%
20260618,171,Ｔ＆Ｄ,8795,東P,,"4,930",+184,+3.88%,"8,589",17.5倍,1.47倍,3.33%
20260618,172,大和ハウス,1925,東P,,"4,372",+14,+0.32%,"8,490",11.9倍,0.93倍,4.03%
20260618,173,日製鋼,5631,東P,,"8,247",-48,-0.58%,"8,373",32.0倍,2.86倍,1.12%
20260618,174,ＴＯＰＰＡＮ,7911,東P,,"4,549",+157,+3.57%,"8,368",23.3倍,0.96倍,1.28%
20260618,175,特殊陶,5334,東P,,"10,870",+95,+0.88%,"8,346",20.2倍,2.77倍,1.93%
20260618,176,ニチコン,6996,東P,,"4,705",-50,-1.05%,"8,287",47.2倍,2.64倍,0.83%
20260618,177,メルカリ,4385,東P,,"3,854",-84,-2.13%,"8,274",ー倍,5.30倍,ー%
20260618,178,オムロン,6645,東P,,"5,830",+210,+3.74%,"8,272",41.7倍,1.37倍,1.89%
20260618,179,アルバック,6728,東P,,"10,045",+689,+7.36%,"8,231",26.7倍,2.15倍,1.51%
20260618,180,横河電,6841,東P,,"5,478",+98,+1.82%,"8,213",23.6倍,2.66倍,1.68%
20260618,181,ＣＫＤ,6407,東P,,"7,840",+390,+5.23%,"8,186",32.2倍,3.41倍,1.21%
20260618,182,バンナムＨＤ,7832,東P,,"3,631.0",+19.0,+0.53%,"8,165",17.9倍,2.71倍,ー%
20260618,183,ＳＢＩ,8473,東P,,"2,900.0",-12.0,-0.41%,"8,089",ー倍,1.04倍,ー%
20260618,184,アサヒ,2502,東P,,"1,523.0",+7.5,+0.49%,"8,069",18.6倍,0.79倍,3.41%
20260618,185,きんでん,1944,東P,,"7,964",+227,+2.93%,"8,049",22.5倍,2.38倍,3.01%
20260618,186,芝浦,6590,東P,,"4,995",+140,+2.88%,"8,030",27.6倍,5.90倍,1.28%
20260618,187,ＦＵＪＩ,6134,東P,,"8,287",-36,-0.43%,"7,984",22.1倍,3.14倍,2.29%
20260618,188,カプコン,9697,東P,,"2,838.5",-121.5,-4.10%,"7,965",20.5倍,4.44倍,1.62%
20260618,189,ＪＡＬ,9201,東P,,"2,798.5",-28.0,-0.99%,"7,649",10.9倍,0.93倍,3.43%
20260618,190,関西電,9503,東P,,"2,328.0",-11.0,-0.47%,"7,618",8.37倍,0.75倍,3.44%
20260618,191,テラドローン,278A,東G,,"8,410",+390,+4.86%,"7,495",ー倍,18.3倍,ー%
20260618,192,楽天グループ,4755,東P,,750.2,-2.1,-0.28%,"7,464",ー倍,1.81倍,ー%
20260618,193,横浜ＦＧ,7186,東P,,"1,817.0",+78.5,+4.52%,"7,453",15.7倍,1.44倍,2.59%
20260618,194,浜ゴム,5101,東P,,"7,907",+152,+1.96%,"7,435",11.4倍,1.20倍,2.18%
20260618,195,住友林,1911,東P,,"1,326.0",-26.5,-1.96%,"7,354",8.56倍,0.78倍,3.77%
20260618,196,セコム,9735,東P,,"6,388",-44,-0.68%,"7,346",24.3倍,1.96倍,1.88%
20260618,197,花王,4452,東P,,"6,153",-24,-0.39%,"7,193",21.4倍,2.60倍,2.54%
20260618,198,大和,8601,東P,,"1,630.0",+22.5,+1.40%,"7,065",ー倍,1.28倍,ー%
20260618,199,日東電,6988,東P,,"3,180.0",+33.0,+1.05%,"7,025",15.1倍,1.85倍,2.01%
20260618,200,旭化成,3407,東P,,"1,784.0",-6.0,-0.34%,"7,017",15.1倍,1.15倍,2.47%
20260618,201,ＴＰＸブル,1568,東Ｅ,,999.0,+26.5,+2.72%,"6,991",ー倍,ー倍,ー%
20260618,202,資生堂,4911,東P,,"2,585.5",-13.5,-0.52%,"6,975",24.6倍,1.70倍,2.32%
20260618,203,三菱ＨＣキャ,8593,東P,,"1,317.0",-8.0,-0.60%,"6,939",11.8倍,0.95倍,3.87%
20260618,204,三越伊勢丹,3099,東P,,"3,871.0",+174.0,+4.71%,"6,926",22.0倍,2.19倍,2.07%
20260618,205,京都ＦＧ,5844,東P,,"4,658",+123,+2.71%,"6,784",25.3倍,1.16倍,2.25%
20260618,206,阪急阪神,9042,東P,,"4,347",-48,-1.09%,"6,783",13.0倍,0.93倍,2.30%
20260618,207,西武ＨＤ,9024,東P,,"2,986.5",-52.5,-1.73%,"6,759",28.1倍,1.33倍,1.41%
20260618,208,三井Ｅ＆Ｓ,7003,東P,,"4,449",-21,-0.47%,"6,741",15.0倍,1.96倍,1.35%
20260618,209,ゼンショＨＤ,7550,東P,,"7,742",-157,-1.99%,"6,713",26.1倍,4.65倍,1.03%
20260618,210,ＮＸＨＤ,9147,東P,,"5,181",+32,+0.62%,"6,698",20.8倍,1.51倍,1.93%
20260618,211,パンパシＨＤ,7532,東P,,835.3,-0.3,-0.04%,"6,623",23.3倍,3.65倍,1.02%
20260618,212,エムスリー,2413,東P,,"1,633.5",+28.5,+1.78%,"6,532",20.6倍,2.67倍,ー%
20260618,213,積水化,4204,東P,,"2,490.5",+11.0,+0.44%,"6,472",13.2倍,1.18倍,3.25%
20260618,214,清水建,1803,東P,,"2,596.0",+32.5,+1.27%,"6,434",13.6倍,1.80倍,2.97%
20260618,215,霞ヶ関Ｃ,3498,東P,,"6,860",+350,+5.38%,"6,385",10.2倍,2.26倍,2.41%
20260618,216,ＴＨＫ,6481,東P,,"7,700",+39,+0.51%,"6,379",38.0倍,3.42倍,2.39%
20260618,217,千葉銀,8331,東P,,"2,554.5",+92.0,+3.74%,"6,377",16.5倍,1.41倍,2.51%
20260618,218,大塚商会,4768,東P,,"2,829.0",+35.0,+1.25%,"6,373",17.6倍,2.73倍,3.36%
20260618,219,東ガス,9531,東P,,"6,174",+23,+0.37%,"6,320",15.0倍,1.19倍,1.94%
20260618,220,精工技研,6834,東S,,"26,070","-2,460",-8.62%,"6,286",36.4倍,6.89倍,0.46%
20260618,221,アンリツ,6754,東P,,"4,022",-100,-2.43%,"6,279",34.3倍,3.88倍,1.24%
20260618,222,三井海洋,6269,東P,,"9,918",-42,-0.42%,"6,250",11.7倍,2.80倍,2.02%
20260618,223,ヤマハ発,7272,東P,,"1,219.0",-10.0,-0.81%,"6,245",11.8倍,1.02倍,4.10%
20260618,224,ｉＳ日経,1329,東Ｅ,,"7,397",+109,+1.50%,"6,213",ー倍,ー倍,ー%
20260618,225,東京計器,7721,東P,,"6,070",+240,+4.12%,"6,205",20.0倍,2.19倍,0.79%
20260618,226,住友ベ,4203,東P,,"7,363",+380,+5.44%,"6,178",22.7倍,1.86倍,1.63%
20260618,227,大日印,7912,東P,,"2,762.5",+118.5,+4.48%,"6,176",12.5倍,1.00倍,1.48%
20260618,228,ＳＢＩ新生銀,8303,東P,,"1,489.5",+44.5,+3.08%,"6,173",ー倍,1.08倍,2.82%
20260618,229,ベイカレント,6532,東P,,"5,781",+196,+3.51%,"6,142",18.0倍,7.40倍,2.25%
20260618,230,扶桑化学,4368,東P,,"4,420",+295,+7.15%,"6,130",24.4倍,3.99倍,0.63%
20260618,231,ユニオンツル,6278,東P,,"25,200",-860,-3.30%,"6,110",51.7倍,5.96倍,0.52%
20260618,232,ＺＯＺＯ,3092,東P,,"1,136.5",-6.0,-0.53%,"6,108",20.2倍,9.41倍,3.52%
20260618,233,マキタ,6586,東P,,"5,920",+57,+0.97%,"6,037",18.8倍,1.53倍,ー%
20260618,234,塩野義,4507,東P,,"2,833.0",+0.5,+0.02%,"6,009",11.5倍,1.43倍,2.68%
20260618,235,楽天銀,5838,東P,,"5,299",+138,+2.67%,"5,998",11.4倍,2.49倍,ー%
20260618,236,野村マイクロ,6254,東P,,"5,070",+170,+3.47%,"5,966",17.5倍,4.94倍,1.68%
20260618,237,ユニチャーム,8113,東P,,919.4,-24.4,-2.59%,"5,941",18.3倍,2.02倍,2.39%
20260618,238,デンカ,4061,東P,,"4,508",+184,+4.26%,"5,914",24.3倍,1.25倍,2.22%
20260618,239,マルマエ,6264,東P,,"2,882",+327,+12.80%,"5,903",24.5倍,8.40倍,1.56%
20260618,240,ＡＮＡＨＤ,9202,東P,,"2,996.0",-37.0,-1.22%,"5,793",13.8倍,0.88倍,2.00%
20260618,241,光通信,9435,東P,,"36,980","+1,470",+4.14%,"5,782",13.5倍,1.36倍,2.11%
20260618,242,高島屋,8233,東P,,"2,269.5",+50.5,+2.28%,"5,780",17.5倍,1.48倍,1.76%
20260618,243,エプソン,6724,東P,,"2,815.0",+16.5,+0.59%,"5,738",15.3倍,1.06倍,2.84%
20260618,244,堀場製,6856,東P,,"28,440",+985,+3.59%,"5,704",24.6倍,3.47倍,1.72%
20260618,245,マツダ,7261,東P,,"1,133.0",-7.0,-0.61%,"5,637",7.94倍,0.38倍,4.85%
20260618,246,メタプラ,3350,東S,,232,-23,-9.02%,"5,635",ー倍,0.74倍,ー%
20260618,247,東急,9005,東P,,"1,659.5",-27.0,-1.60%,"5,614",10.5倍,1.03倍,1.93%
20260618,248,タイミー,215A,東G,,"1,517",+58,+3.98%,"5,598",23.4倍,9.48倍,ー%
20260618,249,ＪＦＥ,5411,東P,,"1,644.5",+7.5,+0.46%,"5,567",6.97倍,0.40倍,4.86%
20260618,250,アマダ,6113,東P,,"3,081.0",-15.0,-0.48%,"5,531",28.1倍,1.79倍,2.08%
20260618,251,いすゞ,7202,東P,,"2,190.5",-57.5,-2.56%,"5,529",9.41倍,1.02倍,4.29%
20260618,252,シマノ,7309,東P,,"17,090",+170,+1.00%,"5,488",34.7倍,1.68倍,2.12%
20260618,253,野村東証銀行,1615,東Ｅ,,734.7,+23.0,+3.23%,"5,404",ー倍,ー倍,ー%
20260618,254,日立建機,6305,東P,,"5,439",+22,+0.41%,"5,314",14.5倍,1.29倍,3.49%
20260618,255,日電硝,5214,東P,,"6,765",+175,+2.66%,"5,269",21.7倍,1.01倍,2.37%
20260618,256,出光興産,5019,東P,,"1,246.0",-38.5,-3.00%,"5,181",19.9倍,0.78倍,2.89%
20260618,257,キッコマン,2801,東P,,"1,547.0",-3.5,-0.23%,"5,149",23.4倍,2.56倍,1.62%
20260618,258,イオレ,2334,東G,Ｓ,672,+100,+17.48%,"5,138",22.0倍,8.01倍,ー%
20260618,259,ラインヤフー,4689,東P,,412.7,-5.8,-1.39%,"5,042",ー倍,0.94倍,2.67%
20260618,260,マツキヨココ,3088,東P,,"2,338.5",-1.5,-0.06%,"5,017",15.6倍,1.69倍,2.39%
20260618,261,関電工,1942,東P,,"6,611",+144,+2.23%,"5,017",20.2倍,3.37倍,1.97%
20260618,262,サイバー,4751,東P,,"1,331.0",-32.5,-2.38%,"4,969",24.5倍,3.47倍,1.43%
20260618,263,トレンド,4704,東P,,"5,909",+89,+1.53%,"4,968",21.0倍,6.91倍,ー%
20260618,264,住友ファーマ,4506,東P,,"1,525.0",+28.5,+1.90%,"4,928",8.88倍,2.34倍,ー%
20260618,265,電子材料,6855,東S,,"8,160",0,0.00%,"4,903",21.7倍,2.66倍,0.98%
20260618,266,ＳＷＣＣ,5805,東P,,"13,970",+50,+0.36%,"4,902",22.4倍,4.20倍,1.79%
20260618,267,栗田工,6370,東P,,"9,537",+167,+1.78%,"4,873",24.7倍,3.04倍,1.41%
20260618,268,大東建,1878,東P,,"3,005.0",+3.0,+0.10%,"4,859",9.06倍,1.96倍,5.42%
20260618,269,ネクソン,3659,東P,,"2,223.5",+2.5,+0.11%,"4,845",ー倍,1.65倍,2.70%
20260618,270,東洋水,2875,東P,,"9,759",-167,-1.68%,"4,821",14.5倍,1.79倍,2.25%
20260618,271,しずおかＦＧ,5831,東P,,"3,115.0",+83.0,+2.74%,"4,763",15.7倍,1.34倍,3.15%
20260618,272,三井化学,4183,東P,,"2,153.0",-6.5,-0.30%,"4,759",17.3倍,0.90倍,3.48%
20260618,273,ＴＯＹＯ,5105,東P,,"3,913",+90,+2.35%,"4,739",11.2倍,1.13倍,3.45%
20260618,274,神戸物産,3038,東P,,"2,597.0",-28.0,-1.07%,"4,730",19.5倍,3.43倍,1.23%
20260618,275,芝浦機,6104,東P,,"4,135",+60,+1.47%,"4,723",48.9倍,0.82倍,3.39%
20260618,276,東ソー,4042,東P,,"3,007.0",-12.0,-0.40%,"4,687",ー倍,1.11倍,3.33%
20260618,277,純金信託,1540,東Ｅ,,"20,680",-75,-0.36%,"4,675",ー倍,ー倍,ー%
20260618,278,インフロニア,5076,東P,,"2,769.0",+59.5,+2.20%,"4,666",12.1倍,1.38倍,3.61%
20260618,279,上場日経平均,1330,東Ｅ,,"74,480","+1,180",+1.61%,"4,539",ー倍,ー倍,ー%
20260618,280,双日,2768,東P,,"5,352",+56,+1.06%,"4,537",8.57倍,1.02倍,3.36%
20260618,281,Ｊディスプレ,6740,東P,,50,-1,-1.96%,"4,536",ー倍,-4.9倍,ー%
20260618,282,Ｖテク,7717,東P,Ｓ,"7,780","+1,000",+14.75%,"4,450",24.5倍,2.03倍,1.03%
20260618,283,電通グループ,4324,東P,,"3,152.0",+45.0,+1.45%,"4,430",11.7倍,1.96倍,ー%
20260618,284,住友化,4005,東P,,568.1,-11.0,-1.90%,"4,425",13.4倍,0.93倍,2.82%
20260618,285,東急不ＨＤ,3289,東P,,"1,292.5",-19.0,-1.45%,"4,398",9.21倍,1.03倍,3.87%
20260618,286,オービック,4684,東P,,"3,874",+51,+1.33%,"4,389",20.4倍,3.24倍,2.43%
20260618,287,ｓａｎｔｅｃ,6777,東S,,"26,720",-350,-1.29%,"4,370",35.7倍,11.3倍,0.86%
20260618,288,アイシン,7259,東P,,"2,372.5",+1.5,+0.06%,"4,358",11.5倍,0.78倍,3.16%
20260618,289,Ｊフロント,3086,東P,,"2,440.0",+59.5,+2.50%,"4,356",20.6倍,1.43倍,2.30%
20260618,290,ナブテスコ,6268,東P,,"5,364",+51,+0.96%,"4,351",33.8倍,2.29倍,1.53%
20260618,291,高度紙,3891,東S,,"10,640",+660,+6.61%,"4,343",35.1倍,4.28倍,1.03%
20260618,292,大同特鋼,5471,東P,,"2,533.5",+148.5,+6.23%,"4,330",18.4倍,1.07倍,2.05%
20260618,293,ＵＢＥ,4208,東P,,"3,290.0",+127.0,+4.02%,"4,288",13.1倍,0.73倍,4.86%
20260618,294,日本ペＨＤ,4612,東P,,"1,100.0",-14.5,-1.30%,"4,211",12.9倍,1.34倍,1.55%
20260618,295,ＱＰＳＨＤ,464A,東G,,"2,251",+49,+2.23%,"4,198",251倍,8.35倍,ー%
20260618,296,東レ,3402,東P,,"1,192.5",+2.5,+0.21%,"4,181",19.3倍,0.96倍,2.18%
20260618,297,ＧＳユアサ,6674,東P,,"6,717",-1,-0.01%,"4,161",18.7倍,1.71倍,1.46%
20260618,298,日揮ＨＤ,1963,東P,,"2,803.5",+43.5,+1.58%,"4,149",14.7倍,1.58倍,1.85%
20260618,299,ヒロセ電,6806,東P,,"29,220",+660,+2.31%,"4,098",28.1倍,2.53倍,1.78%
20260618,300,ニコン,7731,東P,,"2,132.0",+27.5,+1.31%,"4,098",70.2倍,1.20倍,0.94%
20260618,301,ＴＩＳ,3626,東P,,"3,177.0",+57.0,+1.83%,"4,098",11.7倍,2.05倍,2.83%
20260618,302,シンフォニア,6507,東P,,"16,310",+630,+4.02%,"4,067",30.7倍,4.65倍,0.99%
20260618,303,シスメックス,6869,東P,,"1,394.5",-30.0,-2.11%,"4,025",23.6倍,1.68倍,2.87%
20260618,304,あおぞら銀,8304,東P,,"2,831.5",+74.5,+2.70%,"4,025",14.5倍,0.82倍,3.53%
20260618,305,ふくおかＦＧ,8354,東P,,"7,149",+276,+4.02%,"3,976",13.5倍,1.26倍,2.94%
20260618,306,めぶきＦＧ,7167,東P,,"1,439.5",+51.0,+3.67%,"3,940",14.2倍,1.25倍,2.78%
20260618,307,モノタロウ,3064,東P,,"1,792.0",-32.5,-1.78%,"3,932",24.4倍,7.65倍,2.06%
20260618,308,スクエニＨＤ,9684,東P,,"2,465.5",+12.5,+0.51%,"3,930",28.7倍,2.55倍,1.74%
20260618,309,島津,7701,東P,,"3,834",+26,+0.68%,"3,913",20.1倍,1.96倍,1.83%
20260618,310,明治ＨＤ,2269,東P,,"3,642.0",+52.0,+1.45%,"3,894",15.8倍,1.28倍,3.02%
20260618,311,共立メンテ,9616,東P,,"2,834.0",+14.5,+0.51%,"3,869",14.3倍,1.77倍,1.62%
20260618,312,東洋エンジ,6330,東P,,"2,123",-75,-3.41%,"3,850",27.9倍,3.20倍,1.18%
20260618,313,住友ゴ,5110,東P,,"2,260.5",-23.5,-1.03%,"3,808",10.8倍,0.82倍,3.72%
20260618,314,クラレ,3405,東P,,"1,753.5",-26.5,-1.49%,"3,797",13.2倍,0.71倍,3.65%
20260618,315,日産化,4021,東P,,"7,982",+57,+0.72%,"3,748",20.8倍,4.19倍,2.66%
20260618,316,千代建,6366,東S,,776,-22,-2.76%,"3,741",29.1倍,6.04倍,ー%
20260618,317,ビルファンド,8951,東Ｒ,,"121,700",+400,+0.33%,"3,709",22.3倍,1.47倍,4.04%
20260618,318,フルヤ金属,7826,東P,,"9,440",+240,+2.61%,"3,704",15.5倍,3.14倍,1.64%
20260618,319,ネクステージ,3186,東P,,"4,125",+165,+4.17%,"3,672",21.5倍,4.06倍,1.21%
20260618,320,サムコ,6387,東P,,"15,190","-1,000",-6.18%,"3,664",63.6倍,8.33倍,0.49%
20260618,321,大ガス,9532,東P,,"5,422",-24,-0.44%,"3,634",14.3倍,1.14倍,2.40%
20260618,322,八十二長野,8359,東P,,"2,354.0",+67.0,+2.93%,"3,608",14.7倍,0.93倍,2.76%
20260618,323,ツガミ,6101,東P,,"7,670",+10,+0.13%,"3,576",21.0倍,4.45倍,1.28%
20260618,324,明電舎,6508,東P,,"10,220",+200,+2.00%,"3,571",21.1倍,2.65倍,ー%
20260618,325,テラプローブ,6627,東S,,"12,810",+860,+7.20%,"3,541",ー倍,2.87倍,ー%
20260618,326,住友重,6302,東P,,"5,439",+81,+1.51%,"3,527",19.0倍,0.94倍,2.67%
20260618,327,豊田合,7282,東P,,"5,064",+64,+1.28%,"3,519",10.4倍,1.04倍,3.46%
20260618,328,メック,4971,東P,,"11,280",+80,+0.71%,"3,481",37.1倍,6.51倍,0.98%
20260618,329,三和ＨＤ,5929,東P,,"3,725",+12,+0.32%,"3,477",13.0倍,2.24倍,3.92%
20260618,330,ジョイ本田,3191,東P,,"2,180",-31,-1.40%,"3,408",14.9倍,1.05倍,3.85%
20260618,331,ＤＭＧ森精機,6141,東P,,"3,756",+34,+0.91%,"3,378",35.3倍,1.58倍,2.80%
20260618,332,東海カーボン,5301,東P,,"1,774.0",-22.5,-1.25%,"3,327",29.9倍,1.13倍,2.25%
20260618,333,三菱マ,5711,東P,,"4,901",+19,+0.39%,"3,318",13.1倍,0.87倍,2.37%
20260618,334,日清食ＨＤ,2897,東P,,"2,698.0",+32.0,+1.20%,"3,300",16.6倍,1.50倍,2.59%
20260618,335,神戸鋼,5406,東P,,"2,004.5",+26.5,+1.34%,"3,279",7.93倍,0.63倍,3.99%
20260618,336,森永乳,2264,東P,,"4,787",+92,+1.96%,"3,277",19.3倍,1.41倍,2.09%
20260618,337,東京きらぼし,7173,東P,,"12,230",+540,+4.62%,"3,274",9.40倍,1.01倍,1.96%
20260618,338,トリドール,3397,東P,,"3,574.0",-79.0,-2.16%,"3,248",44.9倍,3.40倍,0.34%
20260618,339,ミスミＧ,9962,東P,,"3,895",+36,+0.93%,"3,221",27.6倍,2.71倍,1.36%
20260618,340,ヤクルト,2267,東P,,"2,686.5",+67.0,+2.56%,"3,210",16.6倍,1.28倍,2.68%
20260618,341,小野薬,4528,東P,,"2,277.0",+27.5,+1.22%,"3,203",15.1倍,1.26倍,3.51%
20260618,342,ツルハＨＤ,3391,東P,,"2,027.0",+11.5,+0.57%,"3,175",22.1倍,1.05倍,2.37%
20260618,343,ＫＤＸ不動産,8972,東Ｒ,,"152,000","-3,400",-2.19%,"3,168",19.4倍,0.97倍,5.56%
20260618,344,コカＢＪＨ,2579,東P,,"3,789",+37,+0.99%,"3,143",27.4倍,1.67倍,1.90%
20260618,345,名村造,7014,東S,,"3,840",-35,-0.90%,"3,143",12.1倍,1.95倍,1.56%
20260618,346,サントリＢＦ,2587,東P,,"4,325",0,0.00%,"3,127",15.0倍,1.02倍,2.77%
20260618,347,ヒューリック,3003,東P,,"1,715.5",-0.5,-0.03%,"3,111",10.8倍,1.43倍,3.91%
20260618,348,太平洋セメ,5233,東P,,"4,376",-49,-1.11%,"3,098",9.93倍,0.70倍,2.74%
20260618,349,オンコリス,4588,東G,,"2,784",+91,+3.38%,"3,094",ー倍,22.8倍,ー%
20260618,350,オンコセラピ,4564,東G,,21,+1,+5.00%,"3,087",ー倍,4.05倍,ー%
20260618,351,住友大阪,5232,東P,,"6,050",-94,-1.53%,"3,081",19.2倍,0.98倍,1.98%
20260618,352,Ｓｙｎｓ,290A,東G,,"1,319",+43,+3.37%,"3,077",66.4倍,4.85倍,ー%
20260618,353,ビジョナル,4194,東P,,"7,361",+113,+1.56%,"3,062",18.4倍,3.63倍,ー%
20260618,354,近鉄ＧＨＤ,9041,東P,,"3,384.0",-62.0,-1.80%,"3,060",13.7倍,1.05倍,2.07%
20260618,355,ホシザキ,6465,東P,,"5,362",-116,-2.12%,"3,043",19.5倍,1.89倍,2.14%
20260618,356,コスモＨＤ,5021,東P,,"3,729.0",+60.0,+1.64%,"3,015",13.5倍,0.98倍,4.42%
20260618,357,五洋建,1893,東P,,"1,837.5",+40.0,+2.23%,"3,008",14.3倍,2.52倍,2.83%
20260618,358,かんぽ生命,7181,東P,,"1,550.0",+34.0,+2.24%,"2,990",11.9倍,0.40倍,3.23%
20260618,359,北川精機,6327,東S,Ｓ,"6,150","+1,000",+19.42%,"2,968",85.1倍,8.89倍,0.23%
20260618,360,テクセンド,429A,東P,,"4,285",+70,+1.66%,"2,954",18.0倍,2.44倍,1.63%
20260618,361,東京メトロ,9023,東P,,"1,340.0",+10.0,+0.75%,"2,935",15.6倍,1.06倍,3.28%
20260618,362,アルプスアル,6770,東P,,"2,190.5",-5.0,-0.23%,"2,931",14.3倍,0.96倍,2.92%
20260618,363,リコー,7752,東P,,"1,500.0",-0.5,-0.03%,"2,930",13.7倍,0.74倍,2.93%
20260618,364,クレセゾン,8253,東P,,"4,449",+19,+0.43%,"2,917",8.46倍,0.84倍,3.60%
20260618,365,ＤＯＷＡ,5714,東P,,"9,745",-94,-0.96%,"2,910",10.1倍,1.27倍,3.47%
20260618,366,三菱自,7211,東P,,328.0,-2.9,-0.88%,"2,904",17.6倍,0.48倍,3.05%
20260618,367,ラサ工,4022,東P,,"2,326",+1,+0.04%,"2,896",21.1倍,2.85倍,1.55%
20260618,368,ヤマダＨＤ,9831,東P,,649.5,-14.4,-2.17%,"2,865",15.5倍,0.68倍,2.62%
20260618,369,ＤＩＣ,4631,東P,,"5,267",+89,+1.72%,"2,861",15.1倍,1.03倍,2.66%
20260618,370,長谷工,1808,東P,,"2,667.0",-39.5,-1.46%,"2,851",10.7倍,1.25倍,3.75%
20260618,371,Ｊトラスト,8508,東S,,781,+5,+0.64%,"2,839",12.7倍,0.65倍,2.18%
20260618,372,ＬＩＸＩＬ,5938,東P,,"1,721.0",-0.5,-0.03%,"2,833",41.2倍,0.74倍,5.23%
20260618,373,三機工,1961,東P,,"2,951",+251,+9.30%,"2,817",17.8倍,3.72倍,2.20%
20260618,374,山一電機,6941,東P,,"10,040",+250,+2.55%,"2,800",20.1倍,3.98倍,1.49%
20260618,375,カカクコム,2371,東P,,"3,330.0",-42.0,-1.25%,"2,792",31.8倍,10.1倍,ー%
20260618,376,古野電,6814,東P,,"6,240",+240,+4.00%,"2,769",15.2倍,2.21倍,2.56%
20260618,377,東建物,8804,東P,,"3,324.0",-11.0,-0.33%,"2,762",11.0倍,1.17倍,3.67%
20260618,378,トムソン,6480,東P,,"2,292",-24,-1.04%,"2,754",23.5倍,1.92倍,1.40%
20260618,379,フジミインコ,5384,東P,,"4,650",+205,+4.61%,"2,751",33.2倍,4.11倍,1.66%
20260618,380,野村不ＨＤ,3231,東P,,926.3,-1.7,-0.18%,"2,719",9.20倍,0.99倍,4.75%
20260618,381,パーク２４,4666,東P,,"2,148.5",+30.5,+1.44%,"2,715",8.34倍,3.32倍,3.03%
20260618,382,ワークマン,7564,東S,,"6,980",-210,-2.92%,"2,714",25.5倍,3.71倍,1.28%
20260618,383,東宝,9602,東P,,"1,256.5",-19.0,-1.49%,"2,713",25.5倍,2.03倍,1.75%
20260618,384,ウシオ電,6925,東P,,"4,651",+55,+1.20%,"2,684",35.2倍,1.86倍,1.51%
20260618,385,トクヤマ,4043,東P,,"5,167",+53,+1.04%,"2,673",ー倍,1.31倍,ー%
20260618,386,マクニカＨＤ,3132,東P,,"3,320.0",+73.0,+2.25%,"2,664",18.5倍,2.13倍,2.41%
20260618,387,カシオ,6952,東P,,"1,877.5",+24.5,+1.32%,"2,659",22.7倍,1.78倍,ー%
20260618,388,ＳＨＩＦＴ,3697,東P,,645.2,+0.2,+0.03%,"2,658",ー倍,4.32倍,ー%
20260618,389,朝日インテク,7747,東P,,"3,549.0",-60.0,-1.66%,"2,655",30.8倍,5.66倍,1.30%
20260618,390,アズビル,6845,東P,,"1,634.5",+13.0,+0.80%,"2,643",23.3倍,3.25倍,3.06%
20260618,391,関電化,4047,東P,,"3,845",-50,-1.28%,"2,643",32.4倍,3.05倍,0.94%
20260618,392,ｉＦ日経年１,1320,東Ｅ,,"74,150","+1,150",+1.58%,"2,635",ー倍,ー倍,ー%
20260618,393,王子ＨＤ,3861,東P,,800.3,+0.7,+0.09%,"2,632",19.4倍,0.62倍,4.50%
20260618,394,ｉＦ日経Ｗブ,1365,東Ｅ,,"5,064",+167,+3.41%,"2,624",ー倍,ー倍,ー%
20260618,395,セイコーＧ,8050,東P,,"7,570",-210,-2.70%,"2,597",26.9倍,3.52倍,1.19%
20260618,396,エニーカラー,5032,東P,,"2,278",+14,+0.62%,"2,592",10.5倍,5.06倍,2.72%
20260618,397,ＧＸ半導体,2243,東Ｅ,,"5,273",+96,+1.85%,"2,563",ー倍,ー倍,ー%
20260618,398,さくらネット,3778,東P,,"3,005",+22,+0.74%,"2,562",141倍,4.00倍,0.18%
20260618,399,日ハム,2282,東P,,"5,914",+4,+0.07%,"2,562",14.7倍,1.04倍,3.04%
20260618,400,ＡＲＣＨＩＯ,543A,東P,,300,+2,+0.67%,"2,538",11.1倍,1.68倍,2.67%
20260618,401,ＳＧＨＤ,9143,東P,,"1,484.0",+25.0,+1.71%,"2,534",14.8倍,1.62倍,3.64%
20260618,402,石井表記,6336,東S,,"1,968",+21,+1.08%,"2,530",16.6倍,1.45倍,1.83%
20260618,403,スギＨＤ,7649,東P,,"3,037.0",-8.0,-0.26%,"2,527",16.8倍,1.89倍,1.15%
20260618,404,京成,9009,東P,,"1,083.5",+5.5,+0.51%,"2,505",13.3倍,0.94倍,2.03%
20260618,405,ほくほくＦＧ,8377,東P,,"6,459",+126,+1.99%,"2,504",12.5倍,1.07倍,2.32%
20260618,406,日本オラクル,4716,東S,,"8,627",+117,+1.37%,"2,503",ー倍,5.88倍,ー%
20260618,407,Ｊパワー,9513,東P,,"3,850",-30,-0.77%,"2,495",8.37倍,0.48倍,2.73%
20260618,408,ジーエヌアイ,2160,東G,,"2,630",+88,+3.46%,"2,492",ー倍,2.93倍,ー%
20260618,409,協和キリン,4151,東P,,"2,505.0",+58.0,+2.37%,"2,492",17.5倍,1.47倍,2.79%
20260618,410,ヤマハ,7951,東P,,"1,135.5",+28.5,+2.57%,"2,484",17.8倍,1.04倍,2.29%
20260618,411,オープンＨ,3288,東P,,"8,337",-126,-1.49%,"2,470",7.87倍,1.59倍,2.40%
20260618,412,タツモ,6266,東P,,"4,615",+470,+11.34%,"2,466",26.7倍,2.55倍,0.74%
20260618,413,ライオン,4912,東P,,"1,648.5",-52.0,-3.06%,"2,421",18.2倍,1.41倍,2.06%
20260618,414,サンバイオ,4592,東G,,"1,103",-22,-1.96%,"2,419",ー倍,6.93倍,ー%
20260618,415,ＦＩＧ,4392,東P,,"1,280",+10,+0.79%,"2,378",57.4倍,4.46倍,0.78%
20260618,416,丸井Ｇ,8252,東P,,"2,796.0",-0.5,-0.02%,"2,369",16.9倍,2.05倍,4.79%
20260618,417,オークマ,6103,東P,,"4,460",-95,-2.09%,"2,359",20.2倍,1.07倍,2.24%
20260618,418,ニチレイ,2871,東P,,"2,069.0",+23.0,+1.12%,"2,356",15.4倍,1.81倍,3.22%
20260618,419,高砂熱,1969,東P,,"4,885",+163,+3.45%,"2,347",16.0倍,3.05倍,2.52%
20260618,420,物語コーポ,3097,東P,,"4,565",-150,-3.18%,"2,322",23.6倍,3.96倍,0.88%
20260618,421,サイゼリヤ,7581,東P,,"5,150",-80,-1.53%,"2,321",21.4倍,2.01倍,0.58%
20260618,422,石油資源,1662,東P,,"1,639",-6,-0.36%,"2,312",6.99倍,0.67倍,2.75%
20260618,423,関西ペ,4613,東P,,"2,597.0",-30.5,-1.16%,"2,304",16.9倍,1.52倍,4.24%
20260618,424,オプテクスＧ,6914,東P,,"4,145",-10,-0.24%,"2,279",22.4倍,2.59倍,1.57%
20260618,425,ジェイテクト,6473,東P,,"2,075.0",+31.0,+1.52%,"2,253",13.2倍,0.84倍,3.37%
20260618,426,三菱倉,9301,東P,,"1,468.5",+20.0,+1.38%,"2,251",21.8倍,1.32倍,3.00%
20260618,427,純銀信託,1542,東Ｅ,,"32,270",-680,-2.06%,"2,246",ー倍,ー倍,ー%
20260618,428,小田急,9007,東P,,"1,631.5",-20.5,-1.24%,"2,237",14.7倍,1.11倍,3.68%
20260618,429,日本酸素ＨＤ,4091,東P,,"5,567",-23,-0.41%,"2,237",18.4倍,1.98倍,1.19%
20260618,430,トリケミカル,4369,東P,,"3,885",-50,-1.27%,"2,188",27.5倍,3.43倍,0.90%
20260618,431,日機装,6376,東P,,"3,945",+90,+2.33%,"2,172",19.8倍,1.58倍,1.27%
20260618,432,ニチアス,5393,東P,,"3,844",+73,+1.94%,"2,170",22.7倍,3.05倍,1.69%
20260618,433,上場日経２倍,1358,東Ｅ,,"157,400","+5,000",+3.28%,"2,163",ー倍,ー倍,ー%
20260618,434,ｉＦ日経年４,2624,東Ｅ,,"7,155",+121,+1.72%,"2,162",ー倍,ー倍,ー%
20260618,435,一工薬,4461,東P,,"12,830",+770,+6.38%,"2,152",20.3倍,2.62倍,1.17%
20260618,436,河西工,7256,東S,,477,+32,+7.19%,"2,149",4.61倍,1.10倍,ー%
20260618,437,ランド,8918,東S,,10,-1,-9.09%,"2,136",11.4倍,1.68倍,ー%
20260618,438,ＴＢＳＨＤ,9401,東P,,"6,248",+99,+1.61%,"2,135",19.9倍,0.85倍,1.60%
20260618,439,群馬銀,8334,東P,,"2,331.5",+24.5,+1.06%,"2,130",13.6倍,1.42倍,3.00%
20260618,440,パーソルＨＤ,2181,東P,,240.2,-2.5,-1.03%,"2,124",12.0倍,2.44倍,5.41%
20260618,441,クラフティア,1959,東P,,"9,640",+343,+3.69%,"2,123",16.8倍,1.96倍,2.28%
20260618,442,日油,4403,東P,,"2,777.5",-6.5,-0.23%,"2,117",16.1倍,2.12倍,2.52%
20260618,443,堺化学,4078,東P,,"4,850",+50,+1.04%,"2,105",16.9倍,0.96倍,3.30%
20260618,444,Ｊマテリアル,6055,東P,,"2,441",+80,+3.39%,"2,094",23.2倍,4.00倍,1.43%
20260618,445,北洋銀,8524,東P,,"1,030",+15,+1.48%,"2,078",13.1倍,0.99倍,3.11%
20260618,446,日本化,4092,東P,,"5,520",+260,+4.94%,"2,063",16.0倍,0.95倍,ー%
20260618,447,ＰＩＬＬＡＲ,6490,東P,,"10,390",+450,+4.53%,"2,047",22.2倍,2.99倍,1.81%
20260618,448,タムロン,7740,東P,,"1,245",-35,-2.73%,"2,047",14.7倍,2.37倍,4.10%
20260618,449,エアウォータ,4088,東P,,"2,478",-12,-0.48%,"2,030",ー倍,1.28倍,3.03%
20260618,450,西日本ＦＨ,7189,東P,,"4,180",+77,+1.88%,"2,024",12.1倍,0.94倍,3.35%
20260618,451,テスＨＤ,5074,東P,,923,-27,-2.84%,"2,015",54.2倍,1.31倍,0.63%
20260618,452,スタンレー,6923,東P,,"3,759",-28,-0.74%,"2,010",13.6倍,1.02倍,2.95%
20260618,453,マネックスＧ,8698,東P,,634,0,0.00%,"2,007",ー倍,1.26倍,4.86%
20260618,454,大真空,6962,東P,,929,-78,-7.75%,"2,006",296倍,0.76倍,3.01%
20260618,455,コスモス薬品,3349,東P,,"6,012",-43,-0.71%,"2,000",15.4倍,1.74倍,1.25%
20260618,456,ＰＡＬＴＡＣ,8283,東P,,"6,635",-2,-0.03%,"1,996",ー倍,1.33倍,ー%
20260618,457,岩谷産,8088,東P,,"1,913.0",+23.5,+1.24%,"1,990",9.68倍,1.01倍,2.46%
20260618,458,大気社,1979,東P,,"4,660",-75,-1.58%,"1,986",16.3倍,1.82倍,2.55%
20260618,459,雪印メグ,2270,東P,,"3,685",+160,+4.54%,"1,985",9.08倍,0.94倍,2.71%
20260618,460,アクセルＨＤ,402A,東G,,601,+20,+3.44%,"1,984",ー倍,5.33倍,ー%
20260618,461,トライアル,141A,東G,,"2,731",-72,-2.57%,"1,974",671倍,2.56倍,0.59%
20260618,462,マネフォ,3994,東P,,"4,200",+190,+4.74%,"1,971",ー倍,5.58倍,ー%
20260618,463,サンドラッグ,9989,東P,,"3,731",-11,-0.29%,"1,955",13.6倍,1.53倍,3.54%
20260618,464,ＧＭＯ－ＰＧ,3769,東P,,"8,649",+276,+3.30%,"1,951",28.1倍,5.60倍,1.97%
20260618,465,ＫＯＡ,6999,東P,,"2,907",-22,-0.75%,"1,950",22.6倍,1.22倍,1.34%
20260618,466,ＯＳＧ,6136,東P,,"3,620.0",+42.0,+1.17%,"1,950",19.3倍,1.63倍,2.32%
20260618,467,いよぎんＨＤ,5830,東P,,"3,128.0",+53.0,+1.72%,"1,940",11.7倍,1.02倍,2.56%
20260618,468,ＩＮＶ,8963,東Ｒ,,"61,000",+100,+0.16%,"1,921",16.3倍,1.32倍,6.21%
20260618,469,ＳＡＮＫＹＯ,6417,東P,,"1,564.5",+35.0,+2.29%,"1,915",7.73倍,1.24倍,5.11%
20260618,470,ＵＳＳ,4732,東P,,"1,889.5",+13.0,+0.69%,"1,895",20.6倍,4.14倍,2.91%
20260618,471,エクシオＧ,1951,東P,,"2,833.5",+8.0,+0.28%,"1,891",16.3倍,1.69倍,2.82%
20260618,472,ノリタケ,5331,東P,,"4,405",+60,+1.38%,"1,885",16.7倍,1.45倍,2.27%
20260618,473,ラウンドワン,4680,東P,,"1,028.0",-3.0,-0.29%,"1,884",14.8倍,3.27倍,1.75%
20260618,474,宝ＨＬＤ,2531,東P,,"2,248.5",+71.0,+3.26%,"1,878",36.2倍,1.66倍,1.38%
20260618,475,ＧＬＰ,3281,東Ｒ,,"133,900",+800,+0.60%,"1,868",23.0倍,1.42倍,4.95%
20260618,476,ＡＲＥＨＤ,5857,東P,,"3,190",-115,-3.48%,"1,867",9.45倍,1.19倍,4.23%
20260618,477,エクサＷｉｚ,4259,東G,,912,+6,+0.66%,"1,862",ー倍,19.1倍,0.55%
20260618,478,テクノフレ,3449,東S,,"8,740","+1,060",+13.80%,"1,852",57.2倍,6.08倍,0.71%
20260618,479,ビプロジー,8056,東P,,"4,349",+52,+1.21%,"1,852",13.0倍,2.35倍,3.22%
20260618,480,ブラザー,6448,東P,,"3,819",+1,+0.03%,"1,851",13.1倍,1.24倍,2.62%
20260618,481,ＵＡＣＪ,5741,東P,,"2,886",-35,-1.20%,"1,843",18.7倍,1.51倍,2.01%
20260618,482,ニフコ,7988,東P,,"4,632",+112,+2.48%,"1,841",12.7倍,1.46倍,2.42%
20260618,483,滋賀銀,8366,東P,,"2,329",+81,+3.60%,"1,837",18.8倍,1.05倍,2.15%
20260618,484,吉野家ＨＤ,9861,東P,,"3,021.0",-44.0,-1.44%,"1,828",39.9倍,2.88倍,0.73%
20260618,485,寿スピリッツ,2222,東P,,"2,333.5",+56.0,+2.46%,"1,823",26.1倍,7.52倍,1.50%
20260618,486,小林製薬,4967,東P,,"5,283",-92,-1.71%,"1,821",39.3倍,1.89倍,2.01%
20260618,487,ＭＸ全世界株,2559,東Ｅ,,"2,978",-4,-0.13%,"1,808",ー倍,ー倍,ー%
20260618,488,地盤ＨＤ,6072,東S,,"1,084",+14,+1.31%,"1,802",ー倍,17.0倍,ー%
20260618,489,四国化ＨＤ,4099,東P,,"7,170",+390,+5.75%,"1,800",31.0倍,3.21倍,0.84%
20260618,490,ＪＲ九州,9142,東P,,"3,437.0",-1.0,-0.03%,"1,791",10.3倍,1.07倍,3.52%
20260618,491,東洋炭素,5310,東P,,"8,590",+100,+1.18%,"1,776",36.0倍,1.88倍,1.69%
20260618,492,三浦工,6005,東P,,"3,143.0",-62.0,-1.93%,"1,771",12.8倍,1.50倍,2.35%
20260618,493,兼松,8020,東P,,"2,057.0",-35.0,-1.67%,"1,770",9.78倍,1.64倍,3.40%
20260618,494,カドカワ,9468,東P,,"3,184.0",-5.0,-0.16%,"1,766",80.7倍,1.91倍,0.94%
20260618,495,アトム,7412,東S,,388,-66,-14.54%,"1,766","38,800倍",21.6倍,ー%
20260618,496,日経インバ,1571,東Ｅ,,280,-6,-2.10%,"1,753",ー倍,ー倍,ー%
20260618,497,ヤマトＨＤ,9064,東P,,"1,765.0",-4.5,-0.25%,"1,742",34.9倍,0.98倍,2.61%
20260618,498,リンナイ,5947,東P,,"3,433.0",-32.0,-0.92%,"1,740",13.1倍,1.08倍,3.09%
20260618,499,ホテルリート,8985,東Ｒ,,"77,100",0,0.00%,"1,735",16.3倍,1.55倍,6.71%
20260618,500,コーテクＨＤ,3635,東P,,"1,432.5",-31.5,-2.15%,"1,721",15.4倍,1.76倍,3.35%
20260618,501,野村ＲＥＩＴ,1343,東Ｅ,,"1,905.5",-2.0,-0.10%,"1,719",ー倍,ー倍,ー%
20260618,502,第四北越ＦＧ,7327,東P,,"2,098",+31,+1.50%,"1,714",11.0倍,0.97倍,3.62%
20260618,503,スルガ銀,8358,東P,,"2,467",+84,+3.52%,"1,712",13.1倍,1.30倍,2.43%
20260618,504,コムシスＨＤ,1721,東P,,"5,442",+31,+0.57%,"1,703",16.6倍,1.57倍,2.48%
20260618,505,ピジョン,7956,東P,,"1,960.0",-47.5,-2.37%,"1,702",25.7倍,2.87倍,3.88%
20260618,506,ケーズＨＤ,8282,東P,,"1,973.5",-40.5,-2.01%,"1,698",15.3倍,1.23倍,2.43%
20260618,507,牧野フ,6135,東P,,"14,320",+70,+0.49%,"1,698",15.2倍,1.28倍,2.37%
20260618,508,Ｓａｎｓａｎ,4443,東P,,"1,513",+18,+1.20%,"1,693",ー倍,10.6倍,0.17%
20260618,509,楽天Ｗベア,1459,東Ｅ,,101,-5,-4.72%,"1,689",ー倍,ー倍,ー%
20260618,510,ソレイジア,4597,東G,,25,+1,+4.17%,"1,676",ー倍,3.99倍,ー%
20260618,511,シャープ,6753,東P,,596.3,+1.9,+0.32%,"1,673",9.22倍,1.38倍,ー%
20260618,512,ダイダン,1980,東P,,"2,740",+54,+2.01%,"1,666",13.0倍,2.72倍,3.10%
20260618,513,七十七,8341,東P,,"3,349.0",+98.0,+3.01%,"1,662",12.2倍,1.08倍,3.11%
20260618,514,ジャパンＲＥ,8952,東Ｒ,,"113,600",-400,-0.35%,"1,655",21.6倍,1.52倍,4.51%
20260618,515,サンケン,6707,東P,,"9,769",+85,+0.88%,"1,638",195倍,1.63倍,ー%
20260618,516,セブン銀,8410,東P,,283.8,-1.3,-0.46%,"1,637",19.5倍,1.18倍,3.88%
20260618,517,フジＨＤ,4676,東P,,"4,022",+15,+0.37%,"1,626",22.0倍,1.05倍,4.97%
20260618,518,ｉＦナ百Ｗブ,2869,東Ｅ,,"78,480",-970,-1.22%,"1,624",ー倍,ー倍,ー%
20260618,519,ＡＤＥＫＡ,4401,東P,,"4,119",+40,+0.98%,"1,615",13.9倍,1.27倍,2.91%
20260618,520,日清紡ＨＤ,3105,東P,,"2,151.5",-1.5,-0.07%,"1,589",33.6倍,1.11倍,1.67%
20260618,521,シチズン,7762,東P,,"2,351",-1,-0.04%,"1,576",20.9倍,1.96倍,2.13%
20260618,522,ＧＸ半導１０,282A,東Ｅ,,"3,188",+69,+2.21%,"1,574",ー倍,ー倍,ー%
20260618,523,マブチ,6592,東P,,"1,629.0",+25.0,+1.56%,"1,572",18.4倍,1.17倍,3.44%
20260618,524,コーセーＨＤ,4922,東P,,"5,094",-56,-1.09%,"1,564",23.9倍,1.03倍,2.94%
20260618,525,ｉＳ米国株,1655,東Ｅ,,868.0,-3.3,-0.38%,"1,562",ー倍,ー倍,ー%
20260618,526,全国保証,7164,東P,,"2,848.5",-5.5,-0.19%,"1,559",11.6倍,1.54倍,4.32%
20260618,527,東京センチュ,8439,東P,,"2,501.5",+41.0,+1.67%,"1,555",9.94倍,1.09倍,3.60%
20260618,528,ＷＴＩ原油,1671,東Ｅ,,"4,506",-99,-2.15%,"1,549",ー倍,ー倍,ー%
20260618,529,日本空港ビル,9706,東P,,"4,657",-157,-3.26%,"1,543",17.9倍,2.06倍,2.04%
20260618,530,サッポロＨＤ,2501,東P,,"1,772.5",+53.0,+3.08%,"1,543",2.33倍,3.22倍,2.26%
20260618,531,小糸製,7276,東P,,"2,823.0",+7.5,+0.27%,"1,531",18.8倍,1.20倍,2.05%
20260618,532,アイカ,4206,東P,,"3,579.0",+46.0,+1.30%,"1,525",12.2倍,1.19倍,3.91%
20260618,533,ＩＩＪ,3774,東P,,"3,021.0",+64.5,+2.18%,"1,525",21.4倍,3.39倍,1.42%
20260618,534,北海電,9509,東P,,922.7,-11.8,-1.26%,"1,520",9.20倍,0.46倍,3.58%
20260618,535,九州電,9508,東P,,"1,637.0",-15.0,-0.91%,"1,509",6.23倍,0.78倍,3.05%
20260618,536,コニカミノル,4902,東P,,582.8,-9.4,-1.59%,"1,508",10.1倍,0.54倍,3.09%
20260618,537,カナデビア,7004,東P,,"1,435",-18,-1.24%,"1,506",11.5倍,1.23倍,2.65%
20260618,538,リンテック,7966,東P,,"6,430",+40,+0.63%,"1,505",21.6倍,1.64倍,1.87%
20260618,539,山パン,2212,東P,,"3,111.0",+51.0,+1.67%,"1,505",14.4倍,1.33倍,1.93%
20260618,540,不二製油,2607,東P,,"3,605.0",+112.0,+3.21%,"1,505",15.9倍,1.29倍,1.72%
20260618,541,ゼオン,4205,東P,,"2,341.5",+5.0,+0.21%,"1,503",12.5倍,1.19倍,3.37%
20260618,542,ＡＢＣマート,2670,東P,,"2,713.0",-34.5,-1.26%,"1,501",14.5倍,1.69倍,2.95%
20260618,543,多摩川ＨＤ,6838,東S,,"2,171",+18,+0.84%,"1,501",10.5倍,2.11倍,0.46%
20260618,544,上場東証指数,1308,東Ｅ,,"4,261",+51,+1.21%,"1,501",ー倍,ー倍,ー%
20260618,545,日鉄鉱,1515,東P,,"2,582",-11,-0.42%,"1,500",16.8倍,1.28倍,2.40%
20260618,546,上村工,4966,東S,,"27,070",+730,+2.77%,"1,498",29.8倍,3.72倍,1.07%
20260618,547,富士紡ＨＤ,3104,東P,,"4,100",+180,+4.59%,"1,497",21.9倍,2.67倍,1.90%
20260618,548,グリコ,2206,東P,,"5,333",+46,+0.87%,"1,492",33.0倍,1.19倍,1.78%
20260618,549,日触媒,4114,東P,,"2,129.0",+11.5,+0.54%,"1,492",ー倍,0.79倍,ー%
20260618,550,名鉄,9048,東P,,"1,788.0",-22.5,-1.24%,"1,470",8.99倍,0.72倍,3.36%
20260618,551,東北電,9506,東P,,"1,050.0",+4.0,+0.38%,"1,465",ー倍,0.47倍,3.81%
20260618,552,セガサミー,6460,東P,,"2,130.0",-36.5,-1.68%,"1,459",13.3倍,1.22倍,2.58%
20260618,553,ＪＩＮＳＨＤ,3046,東P,,"8,360",-170,-1.99%,"1,453",22.6倍,5.76倍,1.38%
20260618,554,しまむら,8227,東P,,"3,282.0",-31.0,-0.94%,"1,452",14.4倍,1.39倍,2.44%
20260618,555,サクシード,9256,東G,Ｓ,"2,040",+400,+24.39%,"1,450",28.1倍,2.80倍,0.78%
20260618,556,ロート,4527,東P,,"2,294.5",-24.0,-1.04%,"1,450",15.0倍,1.72倍,2.18%
20260618,557,ノジマ,7419,東P,,"1,461",-24,-1.62%,"1,436",8.81倍,1.74倍,1.37%
20260618,558,日精工,6471,東P,,"1,197.0",+4.0,+0.34%,"1,433",24.4倍,0.87倍,2.84%
20260618,559,平田機工,6258,東P,,"3,090",+108,+3.62%,"1,432",14.6倍,1.23倍,2.43%
20260618,560,エンプラス,6961,東P,,"12,970",+180,+1.41%,"1,432",23.4倍,1.88倍,0.69%
20260618,561,レンゴー,3941,東P,,"1,424.0",+16.0,+1.14%,"1,428",11.3倍,0.72倍,3.51%
20260618,562,日電子,6951,東P,,"6,993",+98,+1.42%,"1,425",16.0倍,2.35倍,1.89%
20260618,563,ＴＰＸベア２,1356,東Ｅ,,109.1,-3.1,-2.76%,"1,424",ー倍,ー倍,ー%
20260618,564,竹内製作所,6432,東P,,"7,470",+80,+1.08%,"1,415",13.3倍,1.85倍,2.95%
20260618,565,ＡＣＳＬ,6232,東G,,"1,851",+87,+4.93%,"1,414",ー倍,12.9倍,ー%
20260618,566,山九,9065,東P,,"8,610",+1,+0.01%,"1,411",13.1倍,1.42倍,3.07%
20260618,567,大同メ,7245,東P,,"1,421",+49,+3.57%,"1,402",13.2倍,0.81倍,2.53%
20260618,568,ペプドリ,4587,東P,,"1,019.0",+40.8,+4.17%,"1,399",43.6倍,2.63倍,ー%
20260618,569,ＢＴＣＪＰＮ,8105,東S,,170,-21,-10.99%,"1,391",ー倍,2.74倍,ー%
20260618,570,積水ハウスＲ,3309,東Ｒ,,"75,700",-500,-0.66%,"1,389",20.2倍,1.12倍,5.04%
20260618,571,日経高配５０,1489,東Ｅ,,"3,268",+15,+0.46%,"1,382",ー倍,ー倍,ー%
20260618,572,日清粉Ｇ,2002,東P,,"1,905.0",+4.0,+0.21%,"1,382",13.0倍,1.03倍,3.41%
20260618,573,テラスカイ,3915,東P,,"2,508",-191,-7.08%,"1,377",21.2倍,2.58倍,0.68%
20260618,574,ｉＦ米債７有,2016,東Ｅ,,"1,790",-5,-0.28%,"1,372",ー倍,ー倍,ー%
20260618,575,東武,9001,東P,,"2,846.0",-4.0,-0.14%,"1,352",9.94倍,0.90倍,2.64%
20260618,576,コロワイド,7616,東P,,"1,730.5",-60.0,-3.35%,"1,349",88.5倍,2.68倍,0.29%
20260618,577,キユーピー,2809,東P,,"4,100",+1,+0.02%,"1,341",21.9倍,1.72倍,1.59%
20260618,578,メディパル,7459,東P,,"2,537.0",-54.5,-2.10%,"1,331",13.3倍,0.80倍,2.68%
20260618,579,日テレＨＤ,9404,東P,,"2,865.0",+31.0,+1.09%,"1,330",13.6倍,0.70倍,1.57%
20260618,580,百五銀,8368,東P,,"1,922",+9,+0.47%,"1,330",16.1倍,0.90倍,2.19%
20260618,581,九州ＦＧ,7180,東P,,"1,475.0",+37.5,+2.61%,"1,323",13.9倍,0.82倍,2.58%
20260618,582,ラクス,3923,東P,,933.0,+11.4,+1.24%,"1,313",13.1倍,12.7倍,0.86%
20260618,583,ソディック,6143,東P,,"2,074",+18,+0.88%,"1,311",20.3倍,1.13倍,1.69%
20260618,584,ニッスイ,1332,東P,,"1,258.0",-4.0,-0.32%,"1,291",13.2倍,1.27倍,2.54%
20260618,585,サワイＧＨＤ,4887,東P,,"1,652.5",-24.0,-1.43%,"1,291",10.3倍,1.07倍,3.39%
20260618,586,ＨＰＣシス,6597,東G,,"4,575",-265,-5.48%,"1,287",36.9倍,7.19倍,0.70%
20260618,587,帝人,3401,東P,,"1,650.0",+2.0,+0.12%,"1,286",7.07倍,0.87倍,3.03%
20260618,588,カルビー,2229,東P,,"2,788.5",+3.5,+0.13%,"1,285",19.5倍,1.61倍,2.47%
20260618,589,日本紙,3863,東P,,"1,190",-52,-4.19%,"1,281",13.7倍,0.27倍,1.26%
20260618,590,三井倉ＨＤ,9302,東P,,"3,800",-1,-0.03%,"1,279",23.0倍,2.02倍,1.32%
20260618,591,参天薬,4536,東P,,"1,888.5",+6.5,+0.35%,"1,271",15.2倍,2.05倍,2.22%
20260618,592,カネカ,4118,東P,,"5,745",-1,-0.02%,"1,269",11.0倍,0.69倍,3.66%
20260618,593,都市ファンド,8953,東Ｒ,,"109,200",-700,-0.64%,"1,268",17.5倍,1.20倍,5.46%
20260618,594,タクマ,6013,東P,,"3,690",+130,+3.65%,"1,259",17.4倍,2.38倍,2.93%
20260618,595,アルフレッサ,2784,東P,,"2,168.5",-13.5,-0.62%,"1,251",18.3倍,0.75倍,3.27%
20260618,596,山陰合銀,8381,東P,,"2,206",+75,+3.52%,"1,239",13.0倍,1.03倍,3.08%
20260618,597,熊谷組,1861,東P,,"1,387",-34,-2.39%,"1,235",11.6倍,1.25倍,3.60%
20260618,598,太陽ＨＤ,4626,東P,,"5,321",+12,+0.23%,"1,226",24.6倍,5.12倍,ー%
20260618,599,日本アビオ,6946,東S,,"5,360",-70,-1.29%,"1,224",18.9倍,4.92倍,0.28%
20260618,600,クレハ,4023,東P,,"3,940",+50,+1.29%,"1,222",20.1倍,0.91倍,5.48%
20260618,601,大垣共立,8361,東P,,"7,340",+160,+2.23%,"1,220",14.6倍,0.83倍,2.04%
20260618,602,ベクトル,6058,東P,,"1,571",+12,+0.77%,"1,219",13.4倍,3.49倍,2.29%
20260618,603,ＨＵグループ,4544,東P,,"3,165.0",-25.0,-0.78%,"1,218",35.1倍,1.28倍,3.95%
20260618,604,東洋紡,3101,東P,,"1,789",-19,-1.05%,"1,209",ー倍,0.74倍,ー%
20260618,605,ＭＸ２２５,1346,東Ｅ,,"74,130","+1,390",+1.91%,"1,207",ー倍,ー倍,ー%
20260618,606,ＴＲＥＨＤ,9247,東P,,"1,993",+95,+5.01%,"1,203",22.9倍,1.13倍,2.51%
20260618,607,古河機金,5715,東P,,"4,145",+10,+0.24%,"1,203",26.4倍,0.91倍,1.93%
20260618,608,上組,9364,東P,,"4,671",+19,+0.41%,"1,203",16.9倍,1.17倍,4.39%
20260618,609,ＲＳテクノ,3445,東P,,"7,060",+160,+2.32%,"1,202",18.8倍,2.22倍,0.78%
20260618,610,十六ＦＧ,7380,東P,,"2,222",+17,+0.77%,"1,198",14.1倍,0.84倍,2.25%
20260618,611,ヨコオ,6800,東P,,"5,850",+60,+1.04%,"1,196",30.3倍,2.26倍,1.09%
20260618,612,津田駒,6217,東S,,963,+28,+2.99%,"1,190",24.6倍,2.34倍,ー%
20260618,613,ＯＫＩ,6703,東P,,"3,140",+50,+1.62%,"1,180",15.1倍,1.51倍,2.07%
20260618,614,オキサイド,6521,東G,,"4,690",-120,-2.49%,"1,171",91.1倍,11.6倍,ー%
20260618,615,日本Ｍ＆Ａ,2127,東P,,661.9,+11.0,+1.69%,"1,171",15.7倍,4.19倍,4.38%
20260618,616,中国電,9504,東P,,882.6,-2.4,-0.27%,"1,168",10.2倍,0.41倍,3.40%
20260618,617,ｉＳ米債カバ,453A,東Ｅ,,803.4,+4.2,+0.53%,"1,166",ー倍,ー倍,ー%
20260618,618,ＪＳＢ,3480,東P,,"8,980",+10,+0.11%,"1,163",31.9倍,4.11倍,ー%
20260618,619,アステリア,3853,東P,,"1,373",-89,-6.09%,"1,162",ー倍,2.99倍,0.73%
20260618,620,ＪＭＤＣ,4483,東P,,"2,812",+12,+0.43%,"1,157",25.9倍,2.20倍,ー%
20260618,621,荒川化,4968,東P,,"2,133",+233,+12.26%,"1,154",18.8倍,0.68倍,2.58%
20260618,622,日軽金ＨＤ,5703,東P,,"2,970",+12,+0.41%,"1,152",11.1倍,0.74倍,3.37%
20260618,623,トーメンデバ,2737,東P,,"15,850",+550,+3.59%,"1,146",9.80倍,1.82倍,3.79%
20260618,624,ｉＳＴＰＸ,1475,東Ｅ,,422.1,+6.5,+1.56%,"1,146",ー倍,ー倍,ー%
20260618,625,リミックス,3825,東S,,221,-4,-1.78%,"1,144",3.87倍,1.35倍,1.36%
20260618,626,ＭＴＧ,7806,東G,,"7,650",+340,+4.65%,"1,144",30.1倍,5.14倍,0.43%
20260618,627,日化薬,4272,東P,,"2,137.0",+26.0,+1.23%,"1,142",14.2倍,1.14倍,3.09%
20260618,628,ｉＦＦＡＮＧ,316A,東Ｅ,,"2,570",-16,-0.62%,"1,140",ー倍,ー倍,ー%
20260618,629,キヤノンＭＪ,8060,東P,,"3,391.0",-25.0,-0.73%,"1,136",16.6倍,1.76倍,2.65%
20260618,630,上場半導体株,213A,東Ｅ,,563.8,+13.8,+2.51%,"1,133",ー倍,ー倍,ー%
20260618,631,伊藤園,2593,東P,,"2,752.5",-44.5,-1.59%,"1,112",28.8倍,1.80倍,1.89%
20260618,632,ヨネックス,7906,東S,,"2,250",-76,-3.27%,"1,111",14.6倍,2.39倍,1.24%
20260618,633,ひろぎんＨＤ,7337,東P,,"2,118.0",+44.0,+2.12%,"1,104",12.4倍,1.11倍,3.31%
20260618,634,コスピブル,2033,東EN,,"149,900","+11,400",+8.23%,"1,086",ー倍,ー倍,ー%
20260618,635,メガチップス,6875,東P,,"10,750",+240,+2.28%,"1,083",4.64倍,0.83倍,2.42%
20260618,636,タカラトミー,7867,東P,,"2,943.5",+25.0,+0.86%,"1,083",14.1倍,2.29倍,2.38%
20260618,637,野村ナスＨ無,1545,東Ｅ,,244.6,0,0.00%,"1,082",ー倍,ー倍,ー%
20260618,638,松井,8628,東P,,968,+21,+2.22%,"1,075",ー倍,3.04倍,ー%
20260618,639,ＮＴＮ,6472,東P,,439.7,-0.1,-0.02%,"1,073",17.4倍,0.88倍,2.96%
20260618,640,オプトラン,6235,東P,,"3,900",+55,+1.43%,"1,066",27.8倍,1.94倍,1.44%
20260618,641,指月電,6994,東S,,"1,250",+54,+4.52%,"1,062",15.8倍,1.24倍,1.92%
20260618,642,ニッコンＨＤ,9072,東P,,"6,323",+122,+1.97%,"1,056",33.1倍,3.10倍,1.77%
20260618,643,京急,9006,東P,,"1,465.5",+2.5,+0.17%,"1,051",13.1倍,1.01倍,3.14%
20260618,644,山口ＦＧ,8418,東P,,"2,921.0",+70.5,+2.47%,"1,047",13.2倍,0.89倍,3.29%
20260618,645,石原産,4028,東P,,"3,185",+70,+2.25%,"1,045",13.4倍,0.94倍,4.08%
20260618,646,戸田建,1860,東P,,"1,631.5",+26.0,+1.62%,"1,043",13.8倍,1.24倍,3.68%
20260618,647,金先物Ｗブル,2036,東EN,,"163,000","-1,950",-1.18%,"1,041",ー倍,ー倍,ー%
20260618,648,日ガス,8174,東P,,"2,723.5",+3.0,+0.11%,"1,028",20.7倍,4.33倍,4.04%
20260618,649,ＧＥＮＤＡ,9166,東G,,578,-3,-0.52%,"1,027",ー倍,1.60倍,1.38%
20260618,650,ＭＸ米株ＳＰ,2558,東Ｅ,,"3,455",-9,-0.26%,"1,027",ー倍,ー倍,ー%
20260618,651,東亜建,1885,東P,,"2,253",-20,-0.88%,"1,020",12.0倍,1.49倍,3.42%
20260618,652,バイセル,7685,東G,,"3,565",-30,-0.83%,"1,019",23.5倍,9.39倍,0.62%
20260618,653,湖北工業,6524,東S,,"5,630",-120,-2.09%,"1,014",41.3倍,6.15倍,0.71%
20260618,654,ＵＴ,2146,東P,,173,-3,-1.70%,"1,011",16.1倍,3.90倍,5.91%
20260618,655,助川電気,7711,東S,,"5,470",-180,-3.19%,"1,008",33.4倍,5.56倍,0.95%
20260618,656,エディオン,2730,東P,,"2,265",-38,-1.65%,"1,006",15.3倍,1.02倍,2.21%
20260618,657,エフピコ,7947,東P,,"2,632",+39,+1.50%,"1,002",ー倍,1.29倍,2.77%
20260618,658,洋缶ＨＤ,5901,東P,,"4,106",+30,+0.74%,999,20.6倍,0.89倍,4.53%
20260618,659,ＡＫＩＢＡ,6840,東S,,831,+6,+0.73%,996,ー倍,1.73倍,ー%
20260618,660,三桜工,6584,東P,,"1,025",-11,-1.06%,994,24.5倍,0.76倍,2.73%
20260618,661,ＫＬａｂ,3656,東P,,233,-11,-4.51%,989,ー倍,1.83倍,ー%
20260618,662,飯田ＧＨＤ,3291,東P,,"2,165.0",-10.5,-0.48%,988,9.13倍,0.59倍,4.25%
20260618,663,タングス,6998,東S,,"2,507",+350,+16.23%,983,16.9倍,0.91倍,2.39%
20260618,664,サンコール,5985,東S,,"1,650",-60,-3.51%,981,11.9倍,1.46倍,1.82%
20260618,665,池田泉州ＨＤ,8714,東P,,"1,000",+8,+0.81%,981,14.6倍,1.11倍,2.75%
20260618,666,トヨタ紡織,3116,東P,,"2,213.0",+3.5,+0.16%,978,8.24倍,0.81倍,3.89%
20260618,667,ＧＸＮデカバ,563A,東Ｅ,,"1,120",0,0.00%,977,ー倍,ー倍,ー%
20260618,668,ＧＭＯ,9449,東P,,"3,124.0",+26.0,+0.84%,970,ー倍,2.73倍,ー%
20260618,669,ボードルア,4413,東P,,"2,567",+107,+4.35%,965,25.6倍,10.4倍,0.39%
20260618,670,スズケン,9987,東P,,"4,959",-42,-0.84%,963,13.4倍,0.81倍,2.42%
20260618,671,３ＤＭ,7777,東G,,344,+1,+0.29%,963,27.7倍,6.74倍,ー%
20260618,672,百十四,8386,東P,,"2,445",+14,+0.58%,961,13.2倍,0.72倍,2.86%
20260618,673,あいちＦＧ,7389,東P,,"1,360",+25,+1.87%,961,14.4倍,0.77倍,2.21%
20260618,674,中国塗,4617,東P,,"3,630",+10,+0.28%,961,ー倍,1.89倍,2.75%
20260618,675,日本光電,6849,東P,,"1,385.0",+5.5,+0.40%,954,14.8倍,1.23倍,2.38%
20260618,676,ハウス食Ｇ,2810,東P,,"3,573.0",+38.0,+1.07%,951,18.9倍,1.10倍,2.80%
20260618,677,ムニノバＨＤ,547A,東P,,442,+2,+0.45%,948,6.69倍,0.89倍,4.52%
20260618,678,ダイワボウ,3107,東P,,"3,357.0",+27.0,+0.81%,946,11.5倍,1.71倍,3.28%
20260618,679,ゴルドウイン,8111,東P,,"2,191.5",+13.5,+0.62%,945,11.7倍,2.32倍,3.19%
20260618,680,キッツ,6498,東P,,"2,605",+46,+1.80%,942,17.8倍,1.89倍,2.26%
20260618,681,京王,9008,東P,,730.5,+3.7,+0.51%,937,9.83倍,0.95倍,3.01%
20260618,682,長野計器,7715,東P,,"4,575",+285,+6.64%,935,19.8倍,1.77倍,1.31%
20260618,683,オリックスＦ,8954,東Ｒ,,"93,800",0,0.00%,934,17.7倍,1.46倍,5.22%
20260618,684,ハウスリート,8984,東Ｒ,,"118,100",-100,-0.08%,934,23.8倍,1.08倍,4.94%
20260618,685,豊和工,6203,東S,,"1,700",+70,+4.29%,934,19.0倍,0.98倍,1.18%
20260618,686,ＡＬＳＯＫ,2331,東P,,"1,068.0",0,0.00%,934,13.9倍,1.35倍,3.09%
20260618,687,栃木銀,8550,東P,,955,+8,+0.84%,934,11.1倍,0.61倍,3.14%
20260618,688,野村マスター,3462,東Ｒ,,"148,600",+400,+0.27%,933,22.9倍,1.15倍,4.97%
20260618,689,ショーボンド,1414,東P,,"1,272.5",+9.0,+0.71%,931,16.7倍,2.46倍,3.58%
20260618,690,リゾートトラ,4681,東P,,"1,729.5",+20.5,+1.20%,927,17.5倍,2.29倍,2.08%
20260618,691,ダイセル,4202,東P,,"1,343.0",+12.0,+0.90%,926,10.7倍,0.96倍,5.21%
20260618,692,エムビーエス,1401,東G,,"1,541",-36,-2.28%,923,21.4倍,2.86倍,0.97%
20260618,693,ＪＮグループ,6634,東S,,86,+26,+43.33%,915,35.8倍,1.71倍,ー%
20260618,694,大阪チタ,5726,東P,,"2,891",+32,+1.12%,914,59.1倍,2.40倍,0.45%
20260618,695,ニプロ,8086,東P,,"1,664.0",+4.0,+0.24%,912,18.1倍,0.99倍,1.92%
20260618,696,ステラファ,4888,東G,,412,+62,+17.71%,907,ー倍,5.95倍,ー%
20260618,697,旭有機材,4216,東P,,"7,610",+10,+0.13%,907,23.4倍,1.77倍,1.71%
20260618,698,丸一管,5463,東P,,"1,642.5",-28.5,-1.71%,899,14.1倍,1.04倍,3.17%
20260618,699,長瀬産,8012,東P,,"1,198.5",-7.0,-0.58%,890,14.2倍,1.15倍,2.25%
20260618,700,南都銀,8367,東P,,"1,783",+41,+2.35%,890,12.7倍,0.93倍,3.14%
20260618,701,東映アニメ,4816,東S,,"2,337",0,0.00%,889,26.4倍,2.79倍,1.88%
20260618,702,クスリアオキ,3549,東P,,"3,596.0",-13.0,-0.36%,877,22.0倍,2.46倍,1.56%
20260618,703,レノバ,9519,東P,,831,-52,-5.89%,874,22.1倍,0.61倍,ー%
20260618,704,ＨＩＳ,9603,東P,,955,+16,+1.70%,873,ー倍,1.19倍,2.62%
20260618,705,ユナイテッド,8960,東Ｒ,,"157,700","-1,600",-1.00%,871,17.4倍,1.41倍,5.77%
20260618,706,名古屋銀,8522,東P,,"5,900",+70,+1.20%,871,12.6倍,0.92倍,3.39%
20260618,707,フリー,4478,東G,,"1,975",+58,+3.03%,871,ー倍,5.78倍,ー%
20260618,708,ＳＲＥＨＤ,2980,東P,,"2,451",-111,-4.33%,871,14.0倍,2.58倍,0.82%
20260618,709,ヒュマメイド,456A,東G,,"1,672",+40,+2.45%,869,46.4倍,12.1倍,ー%
20260618,710,ＩＤＯＭ,7599,東P,,"1,370",-11,-0.80%,861,9.69倍,1.56倍,3.10%
20260618,711,アーキテクツ,6085,東G,,323,+3,+0.94%,856,979倍,-166倍,ー%
20260618,712,東エレデバ,2760,東P,,"4,170",+160,+3.99%,856,15.6倍,2.32倍,2.59%
20260618,713,黒田グループ,287A,東S,,"1,092",+47,+4.50%,855,11.3倍,1.13倍,5.77%
20260618,714,日本新薬,4516,東P,,"4,023",+52,+1.31%,849,8.95倍,0.93倍,3.08%
20260618,715,セリア,2782,東S,,"3,645",+15,+0.41%,845,15.4倍,2.46倍,2.19%
20260618,716,ライフコーポ,8194,東P,,"2,515",-28,-1.10%,845,11.5倍,1.40倍,2.78%
20260618,717,筑波銀,8338,東P,,667,+4,+0.60%,844,8.30倍,0.78倍,0.75%
20260618,718,ジャパンエン,6016,東S,,"8,910",+290,+3.36%,843,14.9倍,4.06倍,1.12%
20260618,719,酉島,6363,東P,,"3,025",+15,+0.50%,842,21.0倍,1.32倍,2.12%
20260618,720,メイテックＧ,9744,東P,,"3,053.0",+22.0,+0.73%,836,17.0倍,4.83倍,5.93%
20260618,721,アイスペース,9348,東G,,468,-5,-1.06%,831,ー倍,4.54倍,ー%
20260618,722,セイノーＨＤ,9076,東P,,"2,648.5",-9.5,-0.36%,827,15.6倍,0.97倍,3.93%
20260618,723,大和工,5444,東P,,"12,195",-60,-0.49%,825,15.5倍,1.35倍,3.28%
20260618,724,ミライトワン,1417,東P,,"3,888",+14,+0.36%,825,13.5倍,1.23倍,2.44%
20260618,725,ＮＯＫ,7240,東P,,"2,980.5",+4.5,+0.15%,824,10.2倍,0.76倍,4.70%
20260618,726,日本ＭＤＭ,7600,東P,,905,-21,-2.27%,822,397倍,0.94倍,1.88%
20260618,727,加賀電子,8154,東P,,"4,370",-45,-1.02%,818,10.4倍,1.13倍,3.20%
20260618,728,ミナトＨＤ,6862,東S,,"2,215",+24,+1.10%,816,7.66倍,2.04倍,1.35%
20260618,729,Ｊエレベータ,6544,東P,,"1,680.5",+28.5,+1.73%,815,36.6倍,12.2倍,ー%
20260618,730,エスペック,6859,東P,,"4,605",+135,+3.02%,815,16.6倍,1.59倍,2.50%
20260618,731,クリレスＨＤ,3387,東P,,704,-5,-0.71%,812,52.0倍,6.77倍,0.71%
20260618,732,東邦銀,8346,東P,,775,+19,+2.51%,811,14.9倍,0.89倍,2.71%
20260618,733,山洋電,6516,東P,,"6,760",-20,-0.29%,810,20.0倍,1.88倍,2.51%
20260618,734,阪和興,8078,東P,,"1,711",+4,+0.23%,804,8.30倍,0.78倍,3.86%
20260618,735,プロロジスＲ,3283,東Ｒ,,"84,300",-100,-0.12%,800,24.7倍,1.42倍,4.56%
20260618,736,カバー,5253,東G,,"1,440",-9,-0.62%,796,18.7倍,4.60倍,ー%
20260618,737,バルカー,7995,東P,,"7,960",-50,-0.62%,795,19.8倍,2.62倍,2.51%
20260618,738,ＪＶＣケンウ,6632,東P,,"1,117.0",+23.0,+2.10%,795,10.5倍,1.10倍,1.79%
20260618,739,ノースサンド,446A,東G,,"1,326",+97,+7.89%,792,14.3倍,5.14倍,2.49%
20260618,740,伊勢化,4107,東S,,"3,755",-60,-1.57%,790,35.4倍,4.73倍,1.07%
20260618,741,シンプレクス,4373,東P,,957,-1,-0.10%,790,17.2倍,4.16倍,2.51%
20260618,742,博報堂ＤＹ,2433,東P,,"1,116.5",-7.0,-0.62%,789,15.4倍,1.03倍,2.87%
20260618,743,武蔵銀,8336,東P,,"2,485",+51,+2.10%,786,12.4倍,0.86倍,3.30%
20260618,744,ツムラ,4540,東P,,"3,722",+18,+0.49%,786,10.6倍,0.86倍,4.25%
20260618,745,アドバンスＲ,3269,東Ｒ,,"147,900",-700,-0.47%,785,25.1倍,1.71倍,4.28%
20260618,746,富士急,9010,東P,,"2,548",+51,+2.04%,783,23.5倍,3.23倍,1.30%
20260618,747,ワイエイシイ,6298,東P,,"1,466",+47,+3.31%,782,12.9倍,1.52倍,3.07%
20260618,748,森永,2201,東P,,"2,514.5",+19.0,+0.76%,782,12.8倍,1.49倍,2.78%
20260618,749,ビックカメラ,3048,東P,,"1,666.0",-35.5,-2.09%,781,15.5倍,1.61倍,2.58%
20260618,750,三井不ロジ,3471,東Ｒ,,"105,400",+100,+0.09%,781,29.6倍,1.05倍,4.75%
20260618,751,邦ガス,9533,東P,,"1,235.0",-8.0,-0.64%,779,19.3倍,0.93倍,1.82%
20260618,752,産業ファンド,3249,東Ｒ,,"141,700",+400,+0.28%,778,18.5倍,1.45倍,5.65%
20260618,753,安藤ハザマ,1719,東P,,"1,803.0",+16.0,+0.90%,777,12.7倍,1.36倍,4.66%
20260618,754,イオンＦＳ,8570,東P,,"1,474.0",-17.5,-1.17%,775,21.2倍,0.67倍,3.60%
20260618,755,Ｄガレージ,4819,東P,,"1,767",-10,-0.56%,767,ー倍,1.08倍,ー%
20260618,756,リンクユーＧ,4446,東P,,791,+84,+11.88%,767,64.1倍,4.15倍,ー%
20260618,757,Ｌドリンク,2585,東P,,"1,642",+15,+0.92%,765,20.3倍,5.18倍,0.91%
20260618,758,Ｕｍｉｏｓ,1333,東P,,"1,244.0",-7.0,-0.56%,765,12.5倍,0.76倍,3.62%
20260618,759,パークシャ,3993,東P,,"2,775",+33,+1.20%,764,30.2倍,2.41倍,ー%
20260618,760,ｉＳ米２０Ｈ,2621,東Ｅ,,"1,060",+8,+0.76%,761,ー倍,ー倍,ー%
20260618,761,アコム,8572,東S,,447.6,-3.0,-0.67%,754,11.0倍,0.98倍,4.92%
20260618,762,Ｈ２Ｏリテイ,8242,東P,,"2,543.5",+18.5,+0.73%,748,12.6倍,0.93倍,1.89%
20260618,763,カチタス,8919,東P,,"3,290",-75,-2.23%,745,18.4倍,4.85倍,2.74%
20260618,764,ちゅうぎんＦ,5832,東P,,"3,142.0",+56.0,+1.81%,745,12.4倍,0.90倍,3.25%
20260618,765,ＴＳテック,7313,東P,,"1,729.0",-3.5,-0.20%,745,25.2倍,0.65倍,5.32%
20260618,766,フクダ電,6960,東S,,"10,830",-80,-0.73%,743,16.5倍,1.55倍,2.12%
20260618,767,航空電子,6807,東P,,"2,399",+52,+2.22%,743,27.0倍,1.12倍,2.08%
20260618,768,エクセディ,7278,東P,,"5,890",-10,-0.17%,741,15.3倍,1.11倍,5.94%
20260618,769,ＡＰＩ,3279,東Ｒ,,"133,100",-400,-0.30%,739,18.9倍,1.18倍,4.76%
20260618,770,ＯＢＣ,4733,東P,,"5,942",+49,+0.83%,739,23.1倍,2.64倍,2.19%
20260618,771,ＭＸナスダク,2631,東Ｅ,,"34,520",-180,-0.52%,737,ー倍,ー倍,ー%
20260618,772,ＭＩＸＩ,2121,東P,,"2,620",-23,-0.87%,736,12.6倍,0.94倍,4.77%
20260618,773,サイボウズ,4776,東P,,"2,379",+80,+3.48%,735,14.7倍,6.24倍,2.10%
20260618,774,Ｏｎｅ２２５,1369,東Ｅ,,"71,970","+1,220",+1.72%,729,ー倍,ー倍,ー%
20260618,775,セレンＨＤ,7318,東G,,"2,402",+155,+6.90%,726,19.9倍,3.24倍,ー%
20260618,776,アスタリスク,6522,東G,Ｓ,881,+150,+20.52%,724,109倍,4.15倍,ー%
20260618,777,東証グロース,2516,東Ｅ,,565.9,+0.7,+0.12%,723,ー倍,ー倍,ー%
20260618,778,グローリー,6457,東P,,"3,976",-37,-0.92%,721,10.7倍,0.98倍,3.87%
20260618,779,カゴメ,2811,東P,,"2,547.0",-3.0,-0.12%,720,17.2倍,1.22倍,2.28%
20260618,780,四国電,9507,東P,,"1,454.5",-16.0,-1.09%,720,9.91倍,0.63倍,3.78%
20260618,781,ＮＳＳＯＬ,2327,東P,,"3,173.0",+38.0,+1.21%,715,18.4倍,2.08倍,2.74%
20260618,782,東邦ＨＤ,8129,東P,,"3,760",-140,-3.59%,714,18.9倍,0.90倍,4.79%
20260618,783,トーカロ,3433,東P,,"3,320",+80,+2.47%,714,19.3倍,2.96倍,2.59%
20260618,784,コクヨ,7984,東P,,802.9,-6.6,-0.82%,711,16.8倍,1.32倍,3.05%
20260618,785,ヴレインＳ,135A,東G,,"4,395",+105,+2.45%,709,46.4倍,21.6倍,ー%
20260618,786,パーカライ,4095,東P,,"1,804",-11,-0.61%,708,13.8倍,0.96倍,2.77%
20260618,787,メタルアート,5644,東S,,"7,610",-10,-0.13%,705,15.9倍,0.84倍,ー%
20260618,788,ポーラＨＤ,4927,東P,,"1,254.5",+1.5,+0.12%,704,30.9倍,1.76倍,4.15%
20260618,789,アマノ,6436,東P,,"3,574.0",+9.0,+0.25%,704,14.1倍,1.79倍,5.04%
20260618,790,伊藤米久ＨＤ,2296,東P,,"4,715",+20,+0.43%,703,14.5倍,0.91倍,3.29%
20260618,791,ウエストＨＤ,1407,東S,,"2,308",-2,-0.09%,699,13.9倍,2.66倍,3.03%
20260618,792,リベラウェア,218A,東G,,899,-4,-0.44%,698,ー倍,25.9倍,ー%
20260618,793,ＮＡＮＫＡＩ,9044,東P,,"2,723.5",+8.5,+0.31%,697,12.4倍,0.88倍,2.02%
20260618,794,福山運,9075,東P,,"6,010",-100,-1.64%,695,12.5倍,0.75倍,1.66%
20260618,795,アセンテック,3565,東S,,370,-47,-11.27%,695,11.1倍,2.63倍,4.05%
20260618,796,北陸電,9505,東P,,843.4,-6.6,-0.78%,694,7.05倍,0.39倍,2.96%
20260618,797,平和,6412,東P,,"2,055",+21,+1.03%,692,9.98倍,0.82倍,3.89%
20260618,798,イトーキ,7972,東P,,"2,486",+55,+2.26%,690,11.0倍,2.08倍,3.62%
20260618,799,藤コンポ,5121,東P,,"2,609",-71,-2.65%,684,12.8倍,1.25倍,3.30%
20260618,800,紀陽銀,8370,東P,,"4,545",+105,+2.36%,683,11.7倍,1.18倍,3.43%
20260618,801,大阪ソーダ,4046,東P,,"1,944",+10,+0.52%,683,17.4倍,1.84倍,1.44%
20260618,802,阿波銀,8388,東P,,"6,920",+170,+2.52%,682,15.3倍,0.67倍,2.75%
20260618,803,タダノ,6395,東P,,"1,333",-40,-2.91%,682,12.1倍,0.82倍,2.55%
20260618,804,ｉＳゴールド,314A,東Ｅ,,329.1,+0.3,+0.09%,678,ー倍,ー倍,ー%
20260618,805,あいＨＤ,3076,東P,,"2,690",+12,+0.45%,678,13.9倍,1.26倍,4.65%
20260618,806,円谷フィＨＤ,2767,東P,,"1,352",+17,+1.27%,677,6.23倍,1.38倍,5.18%
20260618,807,ＧＸＵテック,2244,東Ｅ,,"3,565",-20,-0.56%,677,ー倍,ー倍,ー%
20260618,808,ＦＰＧ,7148,東P,,"1,534",+12,+0.79%,677,8.28倍,2.15倍,6.04%
20260618,809,ＵＮＥＸＴ,9418,東P,,"1,590",+4,+0.25%,677,15.5倍,2.72倍,1.07%
20260618,810,相鉄ＨＤ,9003,東P,,"2,446.0",+3.0,+0.12%,672,10.6倍,1.16倍,2.86%
20260618,811,リログループ,8876,東P,,"1,790.5",+9.0,+0.51%,672,12.1倍,3.21倍,4.19%
20260618,812,ＵＳＭＨ,3222,東S,,791,-15,-1.86%,671,"1,099倍",0.82倍,2.02%
20260618,813,アニコムＨＤ,8715,東P,,"1,311",+67,+5.39%,669,29.7倍,3.32倍,1.03%
20260618,814,Ｋｕｄａｎ,4425,東G,,"2,016",+133,+7.06%,668,ー倍,8.68倍,ー%
20260618,815,パルＨＤ,2726,東P,,"1,396",-16,-1.13%,667,12.8倍,2.90倍,2.87%
20260618,816,松田産業,7456,東P,,"6,420",-100,-1.53%,662,9.70倍,1.40倍,1.71%
20260618,817,ＨＩＯＫＩ,6866,東P,,"12,690",+60,+0.48%,657,22.6倍,3.92倍,1.89%
20260618,818,旭ダイヤ,6140,東P,,"1,298",-25,-1.89%,656,24.0倍,1.00倍,2.62%
20260618,819,ＭＸトピクス,1348,東Ｅ,,"4,259",+47,+1.12%,656,ー倍,ー倍,ー%
20260618,820,ＰＡコンサル,4071,東P,,"2,590",+61,+2.41%,656,21.1倍,6.83倍,1.93%
20260618,821,芙蓉リース,8424,東P,,"4,240",+4,+0.09%,656,7.97倍,0.76倍,4.06%
20260618,822,ホシデン,6804,東P,,"2,766",+8,+0.29%,655,10.9倍,0.91倍,2.78%
20260618,823,秋田銀,8343,東P,,"6,310",+90,+1.45%,652,13.2倍,0.63倍,3.17%
20260618,824,東海東京,8616,東P,,749,+7,+0.94%,648,ー倍,0.97倍,ー%
20260618,825,フォスター,6794,東P,,"3,050",+160,+5.54%,648,13.7倍,1.01倍,3.77%
20260618,826,インフォＭＴ,2492,東P,,400,+2,+0.50%,645,34.4倍,3.61倍,1.65%
20260618,827,イノテック,9880,東P,,"4,190",+75,+1.82%,644,10.5倍,1.93倍,3.10%
20260618,828,フィナＨＤ,4419,東G,,"1,291",+27,+2.14%,640,28.9倍,6.37倍,ー%
20260618,829,愛知鋼,5482,東P,,"3,065",+25,+0.82%,636,17.4倍,0.83倍,4.89%
20260618,830,ニップン,2001,東P,,"2,674",+38,+1.44%,633,10.4倍,0.78倍,2.54%
20260618,831,Ａｉロボ,247A,東G,,704,-3,-0.42%,631,ー倍,7.56倍,ー%
20260618,832,松屋フーズ,9887,東P,,"4,540",-25,-0.55%,631,24.6倍,1.62倍,0.57%
20260618,833,東光高岳,6617,東P,,"7,910",+200,+2.59%,630,12.6倍,1.86倍,1.69%
20260618,834,アインＨＤ,9627,東P,,"5,485",-91,-1.63%,627,12.9倍,1.21倍,1.82%
20260618,835,稀元素,4082,東P,,"2,002",-63,-3.05%,626,32.2倍,1.26倍,1.50%
20260618,836,化工機,6331,東P,,"4,010",-90,-2.20%,624,13.3倍,2.03倍,2.99%
20260618,837,ロイヤルＨＤ,8179,東P,,"1,210",-20,-1.63%,624,20.9倍,2.20倍,1.45%
20260618,838,ＦＥＡＳＹ,212A,東P,,"2,718",+8,+0.30%,624,18.4倍,6.90倍,1.88%
20260618,839,理計器,7734,東P,,"3,715",+85,+2.34%,622,17.6倍,1.98倍,1.62%
20260618,840,ｉＦＥナ百無,2840,東Ｅ,,"2,787",-3,-0.11%,621,ー倍,ー倍,ー%
20260618,841,サンゲツ,8130,東P,,"2,881",-9,-0.31%,621,12.6倍,1.39倍,5.38%
20260618,842,東競馬,9672,東P,,"4,765",+15,+0.32%,619,11.5倍,1.31倍,3.06%
20260618,843,技術承継機構,319A,東G,,"17,940",-230,-1.27%,614,ー倍,15.6倍,ー%
20260618,844,ピクセラ,6731,東S,,106,-12,-10.17%,611,ー倍,1.74倍,ー%
20260618,845,ジェイエイシ,2124,東P,,856,+2,+0.23%,607,15.8倍,6.83倍,4.44%
20260618,846,カナモト,9678,東P,,"5,440",-10,-0.18%,607,14.4倍,1.22倍,2.02%
20260618,847,Ａｐｐｉｅｒ,4180,東P,,806,+4,+0.50%,607,23.8倍,2.18倍,0.29%
20260618,848,ＮＴＴ都市Ｒ,8956,東Ｒ,,"130,000","+1,400",+1.09%,605,21.5倍,1.30倍,4.77%
20260618,849,ＧＡテクノ,3491,東G,,"1,334",-66,-4.71%,605,10.0倍,1.66倍,0.97%
20260618,850,広済堂ＨＤ,7868,東P,,487,+11,+2.31%,603,15.6倍,1.46倍,2.74%
20260618,851,ジャフコＧ,8595,東P,,"2,210.0",-3.0,-0.14%,603,ー倍,0.87倍,6.02%
20260618,852,戸田工,4100,東S,,"2,009",+174,+9.48%,603,23.3倍,1.29倍,ー%
20260618,853,キッセイ,4547,東P,,"3,970",+70,+1.79%,603,11.4倍,0.72倍,4.28%
20260618,854,奥村組,1833,東P,,"5,800",+100,+1.75%,601,13.5倍,1.06倍,5.17%
20260618,855,イントランス,3237,東G,,92,-2,-2.13%,600,126倍,21.3倍,ー%
20260618,856,ライト,1926,東P,,"4,020",+10,+0.25%,599,14.0倍,1.84倍,3.63%
20260618,857,日本電設,1950,東P,,"4,525",+105,+2.38%,599,14.3倍,1.22倍,2.81%
20260618,858,タスキＨＤ,166A,東P,,"1,129",+9,+0.80%,599,12.0倍,2.19倍,4.43%
20260618,859,いちごオフィ,8975,東Ｒ,,"89,000","-1,500",-1.66%,599,7.83倍,1.32倍,12.8%
20260618,860,山王,3441,東S,,"3,315",+115,+3.59%,597,11.0倍,1.71倍,0.75%
20260618,861,京葉銀,8544,東P,,"2,471",+26,+1.06%,595,15.5倍,0.91倍,2.67%
20260618,862,グンゼ,3002,東P,,"3,845",+25,+0.65%,593,23.2倍,1.08倍,5.62%
20260618,863,因幡電産,9934,東P,,"2,760.5",+16.5,+0.60%,591,13.1倍,1.57倍,3.08%
20260618,864,ＤＴＳ,9682,東P,,988,+19,+1.96%,586,13.3倍,2.46倍,3.85%
20260618,865,京阪ＨＤ,9045,東P,,"3,128.0",+1.0,+0.03%,582,10.9倍,0.93倍,2.75%
20260618,866,センコーＨＤ,9069,東P,,"1,898.0",-9.5,-0.50%,582,13.6倍,1.40倍,2.95%
20260618,867,東洋合成,4970,東S,,"16,280",-320,-1.93%,581,40.4倍,4.71倍,0.31%
20260618,868,タムラ,6768,東P,,"1,006",-1,-0.10%,576,17.8倍,1.28倍,1.59%
20260618,869,ノーリツ鋼機,7744,東P,,"2,094",+77,+3.82%,576,13.2倍,0.97倍,3.58%
20260618,870,星野Ｒリート,3287,東Ｒ,,"233,700","+2,400",+1.04%,574,17.5倍,0.94倍,5.73%
20260618,871,ノート,5243,東G,,"1,881",+60,+3.29%,574,42.8倍,7.08倍,ー%
20260618,872,ＬＡホールデ,2986,東G,,"8,780",+160,+1.86%,572,5.78倍,2.31倍,5.95%
20260618,873,タマホーム,1419,東P,,"2,817",-70,-2.42%,569,60.5倍,3.16倍,4.44%
20260618,874,クオンツ総研,9552,東P,,"1,039",-52,-4.77%,569,16.0倍,8.05倍,ー%
20260618,875,山善,8051,東P,,"1,805",+50,+2.85%,569,16.6倍,1.08倍,3.10%
20260618,876,ｉＳＢＡＩ,408A,東Ｅ,,344.2,+6.2,+1.83%,568,ー倍,ー倍,ー%
20260618,877,日ギア,6356,東S,,"1,526",-104,-6.38%,567,12.3倍,1.50倍,0.66%
20260618,878,シップＨＤ,3360,東P,,"2,141.0",+29.0,+1.37%,564,12.3倍,1.30倍,3.04%
20260618,879,ヒラノテク,6245,東S,,"2,144",+211,+10.92%,562,29.5倍,0.82倍,3.92%
20260618,880,アリアケ,2815,東P,,"4,970",+15,+0.30%,561,16.6倍,1.19倍,6.04%
20260618,881,カーバイド,4064,東P,,"3,835",+185,+5.07%,561,11.5倍,0.93倍,3.49%
20260618,882,コメダ,3543,東P,,"2,711",+5,+0.18%,559,17.9倍,2.47倍,2.29%
20260618,883,ＭＸ日半導体,221A,東Ｅ,,"1,586.0",+32.5,+2.09%,558,ー倍,ー倍,ー%
20260618,884,いちご,2337,東P,,426,-6,-1.39%,552,9.27倍,1.44倍,3.64%
20260618,885,ガンホー,3765,東P,,"2,153",-16,-0.74%,551,ー倍,0.98倍,ー%
20260618,886,環境フレンド,3777,東G,,56,0,0.00%,550,ー倍,4.84倍,ー%
20260618,887,イズミ,8273,東P,,931,-8,-0.85%,550,11.2倍,0.67倍,3.22%
20260618,888,ＩＭＶ,7760,東S,,"2,461",+31,+1.28%,548,21.2倍,3.01倍,1.22%
20260618,889,平和不,8803,東P,,"2,341",-14,-0.59%,543,13.5倍,1.22倍,4.40%
20260618,890,王将フード,9936,東P,,"2,721",+12,+0.44%,540,20.1倍,2.20倍,2.06%
20260618,891,セイワＨＤ,523A,東G,,"1,644",+4,+0.24%,540,31.4倍,17.6倍,ー%
20260618,892,西松建,1820,東P,,"5,437",+21,+0.39%,538,10.5倍,1.10倍,4.60%
20260618,893,富山第一銀,7184,東P,,"2,468",+22,+0.90%,537,11.6倍,0.76倍,3.04%
20260618,894,ナカニシ,7716,東S,,"2,978",-22,-0.73%,537,22.1倍,2.13倍,2.01%
20260618,895,ネクセラ,4565,東P,,"1,013",+33,+3.37%,537,ー倍,1.47倍,ー%
20260618,896,ｉＦＴＰ年１,1305,東Ｅ,,"4,369",+70,+1.63%,536,ー倍,ー倍,ー%
20260618,897,ＪＩＡ,7172,東P,,"2,090",+6,+0.29%,536,9.98倍,1.68倍,5.17%
20260618,898,不二越,6474,東P,,"6,030",+70,+1.17%,535,20.5倍,0.75倍,1.66%
20260618,899,ａｒｔｉｅｎ,4634,東P,,"4,280",0,0.00%,531,9.56倍,0.76倍,2.80%
20260618,900,青山商,8219,東P,,683,-1,-0.15%,531,12.8倍,0.55倍,5.56%
20260618,901,ケイアイ不,3465,東P,,"3,875",+55,+1.44%,530,6.87倍,1.64倍,3.61%
20260618,902,東合成,4045,東P,,"1,775.0",+16.5,+0.94%,526,16.4倍,0.89倍,3.94%
20260618,903,日本ドライ,1909,東S,,"3,815",-15,-0.39%,525,ー倍,3.29倍,ー%
20260618,904,日本ＣＭＫ,6958,東P,,776,+5,+0.65%,522,27.7倍,0.66倍,3.61%
20260618,905,ＧＭＯインタ,4784,東P,,473,+1,+0.21%,522,24.4倍,10.6倍,4.55%
20260618,906,トーセイ,8923,東P,,"1,625",+75,+4.84%,522,10.4倍,1.46倍,3.38%
20260618,907,住友倉,9303,東P,,"3,820",+40,+1.06%,520,16.9倍,0.93倍,2.70%
20260618,908,みずほリース,8425,東P,,"1,268",-5,-0.39%,520,6.83倍,0.83倍,4.10%
20260618,909,平和不リート,8966,東Ｒ,,"131,700","-1,300",-0.98%,515,15.7倍,1.32倍,6.06%
20260618,910,ＰバンＣＯＭ,3559,東S,,449,+34,+8.19%,514,16.5倍,1.46倍,2.23%
20260618,911,Ｊプライム,8955,東Ｒ,,"92,800",-500,-0.54%,513,19.6倍,1.32倍,4.61%
20260618,912,ＮＳＤ,9759,東P,,"2,479.0",+36.5,+1.49%,513,14.3倍,2.55倍,3.91%
20260618,913,ハピネット,7552,東P,,"2,718",-39,-1.41%,513,11.2倍,1.97倍,ー%
20260618,914,守谷輸送機,6226,東S,,"2,405",-26,-1.07%,512,19.2倍,5.70倍,1.58%
20260618,915,ＤＣＭ,3050,東P,,"1,484",+4,+0.27%,511,11.7倍,0.68倍,3.23%
20260618,916,コーセル,6905,東P,,"1,544",+22,+1.45%,508,"2,115倍",1.16倍,3.56%
20260618,917,地主,3252,東P,,"2,931",+29,+1.00%,507,7.58倍,1.22倍,4.44%
20260618,918,三井不アコモ,3226,東Ｒ,,"119,800",0,0.00%,505,22.5倍,1.97倍,4.00%
20260618,919,コロンビア,146A,東S,,"2,951",+110,+3.87%,503,5.42倍,1.30倍,3.19%
20260618,920,日精機,7287,東S,,"2,569",+9,+0.35%,502,14.8倍,0.64倍,3.50%
20260618,921,ダイセキ,9793,東P,,"3,895",+60,+1.56%,502,16.4倍,2.25倍,2.21%
20260618,922,ＧＸ防衛日株,513A,東Ｅ,,888,+3,+0.34%,500,ー倍,ー倍,ー%
20260618,923,山梨銀,8360,東P,,"6,030",+30,+0.50%,499,14.8倍,0.79倍,2.70%
20260618,924,オカムラ,7994,東P,,"2,240",-10,-0.44%,497,10.1倍,1.04倍,4.69%
20260618,925,エムアップ,3661,東P,,651,-16,-2.40%,495,ー倍,4.82倍,3.69%
20260618,926,レナ,4889,東G,,"1,699",+76,+4.68%,492,ー倍,7.07倍,ー%
20260618,927,エアロエッジ,7409,東G,,"3,960",+30,+0.76%,491,70.1倍,10.7倍,ー%
20260618,928,リョー菱ＨＤ,167A,東P,,"2,726",-7,-0.26%,491,ー倍,0.80倍,5.14%
20260618,929,サカタＩＮＸ,4633,東P,,"2,438",+12,+0.49%,491,10.1倍,0.99倍,4.10%
20260618,930,イメージワン,2667,東S,,149,+10,+7.19%,490,9.97倍,2.08倍,ー%
20260618,931,船井総研ＨＤ,9757,東P,,"1,068",0,0.00%,487,14.8倍,3.96倍,4.49%
20260618,932,電通総研,4812,東P,,"2,037",+37,+1.85%,486,22.1倍,3.94倍,2.21%
20260618,933,イオンリート,3292,東Ｒ,,"120,500",-300,-0.25%,486,21.5倍,1.04倍,5.63%
20260618,934,ラサールロジ,3466,東Ｒ,,"142,800",-700,-0.49%,486,18.9倍,1.16倍,5.66%
20260618,935,ＴＳＩＨＤ,3608,東P,,"1,176",+35,+3.07%,486,8.57倍,0.66倍,5.95%
20260618,936,四国銀,8387,東P,,"2,783",-14,-0.50%,483,13.3倍,0.61倍,3.09%
20260618,937,太平電,1968,東P,,"2,743",+82,+3.08%,482,14.4倍,1.37倍,2.73%
20260618,938,マクセル,6810,東P,,"2,243",-29,-1.28%,482,12.3倍,0.95倍,2.50%
20260618,939,ＫＨネオケム,4189,東P,,"2,818",+17,+0.61%,481,11.3倍,1.42倍,3.90%
20260618,940,サカタタネ,1377,東P,,"4,160",+10,+0.24%,480,17.6倍,1.02倍,1.80%
20260618,941,トヨカネツ,6369,東P,,"2,332",-23,-0.98%,479,13.5倍,0.90倍,4.50%
20260618,942,飛島ＨＤ,256A,東P,,"2,027",+29,+1.45%,478,8.09倍,0.71倍,5.43%
20260618,943,トモニＨＤ,8600,東P,,867,-4,-0.46%,474,9.33倍,0.57倍,3.46%
20260618,944,西華産,8061,東P,,"3,010",+43,+1.45%,473,14.2倍,1.99倍,3.09%
20260618,945,テレ朝ＨＤ,9409,東P,,"3,220",+10,+0.31%,472,13.0倍,0.70倍,3.11%
20260618,946,ホーチキ,6745,東P,,"2,025",-2,-0.10%,472,16.8倍,2.21倍,1.98%
20260618,947,半導体日本株,163A,東EN,,"23,520",+520,+2.26%,470,ー倍,ー倍,ー%
20260618,948,有沢製,5208,東P,,"2,511",+57,+2.32%,470,20.6倍,1.62倍,3.90%
20260618,949,サンエー,2659,東P,,"3,175",+10,+0.32%,469,17.6倍,1.24倍,3.46%
20260618,950,ＥＩＺＯ,6737,東P,,"2,510",+29,+1.17%,468,15.3倍,0.72倍,4.58%
20260618,951,大和証券リビ,8986,東Ｒ,,"97,500",-700,-0.71%,468,19.7倍,1.24倍,5.15%
20260618,952,日本駐車場,2353,東P,,253,+2,+0.80%,465,13.9倍,4.04倍,3.56%
20260618,953,ワコム,6727,東P,,840,-11,-1.29%,464,11.2倍,3.00倍,2.86%
20260618,954,野村外国債Ｈ,2512,東Ｅ,,737.9,+0.7,+0.09%,462,ー倍,ー倍,ー%
20260618,955,クラボウ,3106,東P,,"10,270",+20,+0.20%,461,12.5倍,1.23倍,3.22%
20260618,956,ブルーゾーン,417A,東P,,"1,738.5",-3.5,-0.20%,461,14.8倍,1.77倍,1.84%
20260618,957,アズワン,7476,東P,,"2,213.0",+41.5,+1.91%,460,17.6倍,2.22倍,2.98%
20260618,958,ダイトロン,7609,東P,,"3,830",+195,+5.36%,459,15.4倍,2.22倍,2.48%
20260618,959,森ヒルズＲ,3234,東Ｒ,,"125,600",-500,-0.40%,459,20.3倍,1.16倍,4.94%
20260618,960,アイケイケイ,2198,東P,,680,-25,-3.55%,458,27.6倍,1.65倍,3.53%
20260618,961,システナ,2317,東P,,402,+6,+1.52%,456,13.5倍,3.63倍,4.48%
20260618,962,デジアーツ,2326,東P,,"3,625",+15,+0.42%,455,12.9倍,2.64倍,2.76%
20260618,963,新日本空調,1952,東P,,"3,525",+10,+0.28%,455,12.5倍,1.94倍,3.40%
20260618,964,バローＨＤ,9956,東P,,"3,570",-25,-0.70%,455,11.4倍,1.02倍,2.13%
20260618,965,中電工,1941,東P,,"5,380",+30,+0.56%,454,14.5倍,1.17倍,2.60%
20260618,966,ベース,4481,東P,,"2,903",+38,+1.33%,454,11.5倍,3.71倍,6.41%
20260618,967,ＦＦＲＩ,3692,東G,,"5,120",-20,-0.39%,452,35.7倍,10.7倍,0.35%
20260618,968,ホドルワン,2345,東S,,143,-33,-18.75%,451,ー倍,15.3倍,ー%
20260618,969,レオパレス,8848,東P,,613,0,0.00%,450,8.77倍,4.79倍,2.45%
20260618,970,日本高純度,4973,東P,,"5,710",-40,-0.70%,449,15.3倍,1.84倍,4.03%
20260618,971,マイポックス,5381,東S,,"1,125",+16,+1.44%,448,22.4倍,1.75倍,0.89%
20260618,972,椿本チ,6371,東P,,"2,586",-49,-1.86%,448,12.2倍,0.91倍,3.09%
20260618,973,正栄食,8079,東P,,"4,295",+40,+0.94%,447,17.8倍,1.21倍,2.10%
20260618,974,トーエネク,1946,東P,,"2,237",+8,+0.36%,446,11.6倍,1.37倍,3.40%
20260618,975,東海理,6995,東P,,"2,963",-4,-0.13%,446,12.6倍,0.73倍,4.05%
20260618,976,コンフォリア,3282,東Ｒ,,"100,500",-100,-0.10%,443,22.3倍,1.45倍,4.18%
20260618,977,サイバダイン,7779,東G,,258,+1,+0.39%,442,ー倍,0.87倍,ー%
20260618,978,フライト,3753,東S,,160,+9,+5.96%,440,9.69倍,3.47倍,ー%
20260618,979,山岡家,3399,東S,,"3,530",+90,+2.62%,439,19.2倍,6.60倍,0.85%
20260618,980,岡野バ,6492,東S,,"15,600",-800,-4.88%,439,17.9倍,1.89倍,0.51%
20260618,981,フロンティア,8964,東Ｒ,,"80,700",0,0.00%,438,18.4倍,1.24倍,5.45%
20260618,982,新明和,7224,東P,,"2,168",-10,-0.46%,437,13.7倍,1.15倍,2.68%
20260618,983,岡本硝子,7746,東S,,830,+2,+0.24%,435,322倍,9.18倍,ー%
20260618,984,ＡＳＢ機械,6284,東P,,"9,550",+60,+0.63%,433,15.7倍,2.32倍,2.51%
20260618,985,おきなわＦＧ,7350,東P,,"6,400",+20,+0.31%,433,11.4倍,0.84倍,3.13%
20260618,986,ＪＥＨ,5889,東P,,"2,328",-3,-0.13%,432,12.8倍,3.08倍,3.69%
20260618,987,あらた,2733,東P,,"2,413",+4,+0.17%,431,11.5倍,0.65倍,4.64%
20260618,988,大黒屋,6993,東S,,95,-4,-4.04%,431,113倍,13.1倍,ー%
20260618,989,極東開発,7226,東P,,"2,166",+9,+0.42%,431,16.7倍,0.74倍,5.54%
20260618,990,スピー,4499,東S,,"2,300",-109,-4.52%,431,ー倍,3.87倍,ー%
20260618,991,メドレー,4480,東P,,"2,048",+11,+0.54%,430,34.2倍,4.71倍,ー%
20260618,992,リョービ,5851,東P,,"2,800",+70,+2.56%,428,7.74倍,0.49倍,3.71%
20260618,993,三十三ＦＧ,7322,東P,,"1,694",+11,+0.65%,427,11.8倍,0.76倍,2.60%
20260618,994,ＪＣＵ,4975,東P,,"7,260",+80,+1.11%,426,20.3倍,3.28倍,2.48%
20260618,995,ＳＰＤＲ,1326,東Ｅ,,"63,420",-180,-0.28%,426,ー倍,ー倍,ー%
20260618,996,鉄建建設,1815,東P,,"4,615",+120,+2.67%,425,10.2倍,0.82倍,4.83%
20260618,997,アンドＳＴ,2685,東P,,"3,360",-55,-1.61%,425,14.8倍,1.90倍,2.68%
20260618,998,大分銀,8392,東P,,"2,339",+24,+1.04%,425,14.5倍,0.72倍,2.14%
20260618,999,大平金,5541,東P,,"2,276",-9,-0.39%,425,250倍,0.63倍,5.71%
20260618,1000,大和オフィス,8976,東Ｒ,,"318,500",0,0.00%,424,19.0倍,1.23倍,4.75%
20260618,1001,Ｋ＆Ｏエナジ,1663,東P,,"3,850",-20,-0.52%,423,16.3倍,0.96倍,1.56%
20260618,1002,ミズノ,8022,東P,,"3,405",-45,-1.30%,423,13.6倍,1.49倍,1.94%
20260618,1003,東京エネシス,1945,東P,,"2,430",+44,+1.84%,422,15.5倍,1.11倍,3.17%
20260618,1004,野村外国債券,2511,東Ｅ,,"1,198.5",-1.0,-0.08%,421,ー倍,ー倍,ー%
20260618,1005,西松屋チェ,7545,東P,,"1,893",-27,-1.41%,421,13.5倍,1.15倍,1.69%
20260618,1006,日本ロジ,8967,東Ｒ,,"92,400",0,0.00%,420,19.4倍,1.80倍,5.12%
20260618,1007,オリコ,8585,東P,,847,-9,-1.05%,420,11.2倍,0.58倍,4.72%
20260618,1008,パイロット,7846,東P,,"4,931",-72,-1.44%,418,12.4倍,1.26倍,2.56%
20260618,1009,コメリ,8218,東P,,"3,490",+15,+0.43%,416,10.9倍,0.64倍,1.66%
20260618,1010,日東工,6651,東P,,"4,520",+10,+0.22%,415,14.8倍,1.39倍,3.41%
20260618,1011,ジャックス,8584,東P,,"3,525",+10,+0.28%,414,15.8倍,0.53倍,5.67%
20260618,1012,栄研化,4549,東P,,"2,670",+41,+1.56%,413,42.5倍,2.00倍,2.17%
20260618,1013,ＤＧ,350A,東G,,743,-13,-1.72%,411,15.9倍,2.95倍,ー%
20260618,1014,東京製鉄,5423,東P,,"1,776",+5,+0.28%,409,ー倍,0.82倍,2.25%
20260618,1015,泉州電,9824,東P,,"7,140",+30,+0.42%,409,14.4倍,1.97倍,2.24%
20260618,1016,日証金,8511,東P,,"2,350",+37,+1.60%,408,17.3倍,1.38倍,4.00%
20260618,1017,オンワード,8016,東P,,722,-5,-0.69%,406,8.77倍,1.05倍,4.57%
20260618,1018,グロバワン,8958,東Ｒ,,"106,900",-900,-0.83%,406,16.6倍,1.17倍,5.99%
20260618,1019,飯野海,9119,東P,,"1,415",-6,-0.42%,402,12.4倍,0.95倍,3.25%
20260618,1020,京三,6742,東P,,996,+25,+2.57%,401,14.6倍,1.10倍,2.71%
20260618,1021,東芝テック,6588,東P,,"3,090",-25,-0.80%,400,23.4倍,1.74倍,1.29%
20260618,1022,ジーネクスト,4179,東G,Ｓ,560,-100,-15.15%,399,ー倍,40.0倍,ー%
20260618,1023,科研薬,4521,東P,,"3,800",-15,-0.39%,395,22.1倍,0.97倍,5.00%
20260618,1024,浅沼組,1852,東P,,823,-5,-0.60%,393,12.8倍,1.34倍,5.47%
20260618,1025,ＷＳＣＯＰＥ,6619,東P,,187,-5,-2.60%,393,ー倍,0.28倍,ー%
20260618,1026,ロードスター,3482,東P,,"2,948",-12,-0.41%,393,5.42倍,1.43倍,3.32%
20260618,1027,日曹達,4041,東P,,"3,565",+15,+0.42%,392,12.1倍,0.93倍,4.49%
20260618,1028,山形銀,8344,東P,,"3,480",+15,+0.43%,392,14.4倍,0.72倍,2.82%
20260618,1029,野村金連動,1328,東Ｅ,,"16,360",-45,-0.27%,392,ー倍,ー倍,ー%
20260618,1030,ヨドコウ,5451,東P,,"1,255",0,0.00%,392,18.0倍,0.89倍,4.22%
20260618,1031,野村商社卸売,1629,東Ｅ,,252.9,-0.4,-0.16%,391,ー倍,ー倍,ー%
20260618,1032,日セラ,6929,東P,,"3,855",+80,+2.12%,389,17.0倍,1.81倍,4.28%
20260618,1033,テクマト,3762,東P,,"1,730",-21,-1.20%,388,12.9倍,2.64倍,3.12%
20260618,1034,東京綱,5981,東P,,"2,073",+11,+0.53%,387,10.7倍,0.78倍,3.38%
20260618,1035,ＡＯＫＩＨＤ,8214,東P,,"1,607",+14,+0.88%,385,13.5倍,0.93倍,5.60%
20260618,1036,クオリプス,4894,東G,,"4,055",+95,+2.40%,383,ー倍,7.14倍,ー%
20260618,1037,福井銀,8362,東P,,"5,160",0,0.00%,381,13.6倍,0.80倍,2.91%
20260618,1038,ダスキン,4665,東P,,"4,119",-48,-1.15%,381,19.8倍,1.23倍,3.03%
20260618,1039,カーリット,4275,東P,,"2,205",+5,+0.23%,380,16.2倍,1.22倍,1.90%
20260618,1040,ｉＦＴＰＷブ,1367,東Ｅ,,"3,099",+82,+2.72%,380,ー倍,ー倍,ー%
20260618,1041,日清オイリオ,2602,東P,,"1,791",+6,+0.34%,379,13.7倍,0.78倍,3.35%
20260618,1042,Ｔ－ＢＡＳＥ,3415,東P,,360,+5,+1.41%,379,10.2倍,2.44倍,1.94%
20260618,1043,レスター,3156,東P,,"4,555",+130,+2.94%,378,12.8倍,1.38倍,2.96%
20260618,1044,富士製薬,4554,東P,,"2,334",+121,+5.47%,376,27.2倍,1.19倍,2.10%
20260618,1045,ＧＭＯ－ＦＧ,4051,東P,,"6,660",+160,+2.46%,376,29.4倍,8.47倍,1.88%
20260618,1046,ＨＵＬＩＣＲ,3295,東Ｒ,,"151,000",-400,-0.26%,376,19.3倍,1.08倍,5.30%
20260618,1047,Ｊｏｓｈｉｎ,8173,東P,,"3,830",0,0.00%,375,28.3倍,0.94倍,2.61%
20260618,1048,モスフード,8153,東P,,"3,570",-25,-0.70%,374,30.6倍,1.86倍,0.95%
20260618,1049,プロクレＨＤ,7384,東P,,"3,590",+15,+0.42%,374,14.5倍,0.62倍,2.79%
20260618,1050,ライフネット,7157,東P,,"1,683",+11,+0.66%,374,16.5倍,1.41倍,ー%
20260618,1051,西鉄,9031,東P,,"2,807.5",-15.5,-0.55%,373,9.42倍,0.75倍,3.21%
20260618,1052,イエロハット,9882,東P,,"1,745",+9,+0.52%,372,12.2倍,1.20倍,3.90%
20260618,1053,ワールド,3612,東P,,"1,505",-4,-0.27%,372,9.11倍,1.21倍,4.45%
20260618,1054,菱地所物流Ｒ,3481,東Ｒ,,"118,600",+500,+0.42%,370,21.0倍,1.13倍,5.25%
20260618,1055,大栄環境,9336,東P,,"3,765",-20,-0.53%,370,22.9倍,3.42倍,1.46%
20260618,1056,ネットスタズ,5590,東G,,652,-40,-5.78%,370,22.3倍,1.41倍,ー%
20260618,1057,フューチャー,4722,東P,,"1,498",+22,+1.49%,369,11.3倍,2.10倍,3.20%
20260618,1058,大有機,4187,東P,,"5,750",+70,+1.23%,368,26.0倍,2.25倍,1.39%
20260618,1059,ハイデ日高,7611,東P,,"2,530",-16,-0.63%,368,20.2倍,3.66倍,2.06%
20260618,1060,千葉興,8337,東P,,"2,474",+106,+4.48%,367,14.8倍,0.93倍,0.81%
20260618,1061,ヒーハイスト,6433,東S,,"1,160",+123,+11.86%,364,78.6倍,3.44倍,0.17%
20260618,1062,マーケットＥ,3135,東S,,"1,442",+68,+4.95%,363,771倍,5.93倍,ー%
20260618,1063,ビジョン,9416,東P,,"1,023",+8,+0.79%,363,9.79倍,2.44倍,4.99%
20260618,1064,東建コーポ,1766,東P,,"12,510",-60,-0.48%,363,9.53倍,1.19倍,3.20%
20260618,1065,第一興商,7458,東P,,"1,641.5",-10.5,-0.64%,362,13.9倍,1.37倍,4.14%
20260618,1066,ＷＮＩウェザ,4825,東P,,"2,077",+31,+1.52%,361,26.4倍,4.05倍,4.09%
20260618,1067,スミダコーポ,6817,東P,,"1,426",+3,+0.21%,360,12.9倍,0.75倍,3.72%
20260618,1068,稲畑産,8098,東P,,"3,835",+15,+0.39%,360,9.75倍,0.87倍,3.73%
20260618,1069,Ｓクリプトエ,5721,東S,,62,+1,+1.64%,359,ー倍,2.35倍,ー%
20260618,1070,日本電技,1723,東S,,"2,349",+21,+0.90%,359,17.2倍,3.20倍,2.38%
20260618,1071,クミアイ化,4996,東P,,731,+6,+0.83%,358,13.8倍,0.57倍,3.28%
20260618,1072,ステラケミ,4109,東P,,"7,150",+150,+2.14%,358,25.7倍,1.82倍,2.52%
20260618,1073,エスエムエス,2175,東P,,"2,032",+1,+0.05%,357,27.1倍,6.30倍,1.50%
20260618,1074,セーレン,3569,東P,,"3,400",-20,-0.58%,356,13.3倍,1.24倍,2.24%
20260618,1075,ハートシード,219A,東G,,"1,670",+38,+2.33%,354,ー倍,5.35倍,ー%
20260618,1076,オープンＵＰ,2154,東P,,"1,880",+10,+0.53%,352,13.5倍,2.05倍,4.52%
20260618,1077,冶金工,5480,東P,,"4,560",+75,+1.67%,351,7.90倍,0.62倍,4.82%
20260618,1078,インスペック,6656,東S,,"1,095",+95,+9.50%,350,54.9倍,5.33倍,ー%
20260618,1079,弘電社,1948,東S,,"11,480",0,0.00%,349,41.8倍,4.01倍,ー%
20260618,1080,内外テック,3374,東S,,"3,390",+125,+3.83%,349,11.9倍,0.93倍,3.24%
20260618,1081,沖縄セルラー,9436,東S,,"3,630",-20,-0.55%,349,25.2倍,3.38倍,1.93%
20260618,1082,ツバキナカ,6464,東P,,417,+4,+0.97%,346,31.9倍,0.42倍,ー%
20260618,1083,ムゲンＥ,3299,東S,,"1,746",+21,+1.22%,346,5.42倍,1.19倍,7.45%
20260618,1084,新光商,8141,東P,,"1,583",+2,+0.13%,345,32.3倍,0.86倍,1.55%
20260618,1085,ユナイテド海,9110,東P,,"6,980",-40,-0.57%,344,7.12倍,0.88倍,4.23%
20260618,1086,松竹,9601,東P,,"10,100",-140,-1.37%,344,63.1倍,1.28倍,0.30%
20260618,1087,トリプラ,5136,東G,,"1,723",+137,+8.64%,344,17.0倍,5.01倍,ー%
20260618,1088,アスクル,2678,東P,,"1,169",+3,+0.26%,343,ー倍,1.88倍,0.86%
20260618,1089,ローランド,7944,東P,,"4,355",+45,+1.04%,343,16.0倍,2.80倍,3.90%
20260618,1090,スターツ,8850,東P,,"4,515",+20,+0.44%,342,8.22倍,1.13倍,3.32%
20260618,1091,アークス,9948,東P,,"3,245",-15,-0.46%,341,13.9倍,0.88倍,2.53%
20260618,1092,川田テク,3443,東P,,"1,262",+1,+0.08%,341,9.12倍,0.65倍,3.33%
20260618,1093,朝日工,1975,東P,,"4,275",+20,+0.47%,340,12.0倍,2.18倍,3.37%
20260618,1094,住友精化,4008,東P,,"1,330",+12,+0.91%,340,ー倍,0.83倍,3.61%
20260618,1095,ｉＳ米債１３,2620,東Ｅ,,373.0,0,0.00%,339,ー倍,ー倍,ー%
20260618,1096,三洋化,4471,東P,,"5,220",-70,-1.32%,338,12.8倍,0.73倍,3.35%
20260618,1097,キングジム,7962,東P,,785,-35,-4.27%,338,34.0倍,0.88倍,1.78%
20260618,1098,サンフロ不,8934,東P,,"2,346",-13,-0.55%,338,7.71倍,1.12倍,3.41%
20260618,1099,アース製薬,4985,東P,,"4,570",-30,-0.65%,338,16.2倍,1.31倍,2.84%
20260618,1100,ＧＬテクノ,255A,東S,,"6,150",+50,+0.82%,337,14.5倍,1.60倍,2.05%
20260618,1101,犬猫生活,556A,東G,,"2,272",-129,-5.37%,335,13.2倍,3.49倍,ー%
20260618,1102,ヘリオス,4593,東G,,266,-7,-2.56%,334,ー倍,4.76倍,ー%
20260618,1103,ＮＩＳＳＨＡ,7915,東P,,"1,416",+16,+1.14%,334,21.0倍,0.57倍,3.53%
20260618,1104,岡三,8609,東P,,959,-4,-0.42%,333,ー倍,0.83倍,ー%
20260618,1105,ワコールＨＤ,3591,東P,,"4,392",-7,-0.16%,333,121倍,1.04倍,2.28%
20260618,1106,ギフトＨＤ,9279,東P,,"4,195",+80,+1.94%,332,29.2倍,6.97倍,0.62%
20260618,1107,ヨコレイ,2874,東P,,"1,805",+3,+0.17%,332,22.2倍,1.24倍,1.50%
20260618,1108,カヤバ,7242,東P,,"3,930",+5,+0.13%,332,28.0倍,0.67倍,4.12%
20260618,1109,ＦＣＣ,7296,東P,,"3,380",-15,-0.44%,332,10.9倍,0.80倍,4.73%
20260618,1110,Ｒみらい,3476,東Ｒ,,"41,400","-1,000",-2.36%,331,16.0倍,0.90倍,6.23%
20260618,1111,スターアジア,3468,東Ｒ,,"54,100",0,0.00%,330,16.7倍,1.00倍,6.10%
20260618,1112,東亜道,1882,東P,,"1,527",+9,+0.59%,330,16.8倍,1.32倍,5.89%
20260618,1113,スマレジ,4431,東G,,"2,460",-5,-0.20%,330,17.0倍,4.93倍,1.18%
20260618,1114,クリエイトＳ,3148,東P,,"3,235",-5,-0.15%,330,12.8倍,1.40倍,2.78%
20260618,1115,メタウォータ,9551,東P,,"3,455",+45,+1.32%,330,15.1倍,1.69倍,2.32%
20260618,1116,テイカ,4027,東P,,"2,430",+183,+8.14%,329,30.7倍,0.91倍,3.29%
20260618,1117,ＧＸ銀行高配,315A,東Ｅ,,"1,860",+62,+3.45%,328,ー倍,ー倍,ー%
20260618,1118,リオン,6823,東P,,"3,850",+95,+2.53%,328,13.8倍,1.36倍,2.34%
20260618,1119,スクロール,8005,東P,,"1,655",+12,+0.73%,325,13.0倍,1.48倍,6.16%
20260618,1120,セック,3741,東P,,"3,300",+65,+2.01%,324,21.4倍,3.27倍,1.88%
20260618,1121,新日本電工,5563,東P,,485,+7,+1.46%,324,ー倍,0.84倍,2.68%
20260618,1122,東映,9605,東P,,"5,730",-10,-0.17%,324,28.4倍,1.23倍,0.21%
20260618,1123,東和薬品,4553,東P,,"3,670",-100,-2.65%,323,8.40倍,1.01倍,2.32%
20260618,1124,タカラスタ,7981,東P,,"3,015",+15,+0.50%,322,12.4倍,0.97倍,4.11%
20260618,1125,高圧ガス,4097,東P,,"1,133",+41,+3.75%,321,13.6倍,0.74倍,3.53%
20260618,1126,ＪＣＲファ,4552,東P,,475,+9,+1.93%,321,290倍,1.24倍,4.21%
20260618,1127,マニー,7730,東P,,"1,688",-16,-0.94%,321,25.8倍,2.93倍,2.43%
20260618,1128,ＧＭＯ－ＦＨ,7177,東S,,977,-8,-0.81%,320,ー倍,2.06倍,5.60%
20260618,1129,東鉄工,1835,東P,,"4,235",+10,+0.24%,320,11.2倍,1.10倍,3.59%
20260618,1130,ＣＣＩＧ,7381,東P,,983,+8,+0.82%,320,12.8倍,0.89倍,3.05%
20260618,1131,ｉＦＥナ百有,2841,東Ｅ,,"1,737",-1,-0.06%,320,ー倍,ー倍,ー%
20260618,1132,大紀ア,5702,東P,,"1,702",-2,-0.12%,320,7.62倍,0.88倍,4.11%
20260618,1133,三愛オブリ,8097,東P,,"2,056",-12,-0.58%,318,15.5倍,1.10倍,4.86%
20260618,1134,トランスコス,9715,東P,,"3,710",+5,+0.13%,318,10.3倍,1.08倍,3.91%
20260618,1135,ＴＭＨ,280A,東G,,"2,288",+172,+8.13%,318,34.0倍,6.32倍,ー%
20260618,1136,ｉＳ米総合債,2256,東Ｅ,,226.8,-0.1,-0.04%,317,ー倍,ー倍,ー%
20260618,1137,東急ＲＥ,8957,東Ｒ,,"179,400",+200,+0.11%,317,15.9倍,1.38倍,4.47%
20260618,1138,岩手銀,8345,東P,,"1,976",+8,+0.41%,316,13.6倍,0.70倍,2.94%
20260618,1139,岩井コスモ,8707,東P,,"4,075",+65,+1.62%,316,ー倍,1.29倍,ー%
20260618,1140,ユアテック,1934,東P,,"2,418",+39,+1.64%,316,12.6倍,1.07倍,3.23%
20260618,1141,ブロドリーフ,3673,東P,,779,+5,+0.65%,316,22.1倍,2.87倍,1.99%
20260618,1142,サンワテク,8137,東P,,"3,780",+130,+3.56%,314,14.0倍,1.11倍,3.44%
20260618,1143,やまびこ,6250,東P,,"3,685",-10,-0.27%,314,10.1倍,1.22倍,2.99%
20260618,1144,ミラースＨＤ,8897,東P,,404,0,0.00%,311,6.75倍,0.64倍,5.69%
20260618,1145,ＳＦＯＯＤＳ,2292,東P,,"2,593",+3,+0.12%,311,12.6倍,0.62倍,4.24%
20260618,1146,日本コークス,3315,東P,,99,-1,-1.00%,310,57.6倍,0.83倍,ー%
20260618,1147,ＴＫＰ,3479,東G,,"1,738",-13,-0.74%,310,16.5倍,1.32倍,ー%
20260618,1148,ニチハ,7943,東P,,"2,958",-16,-0.54%,309,12.3倍,0.81倍,3.85%
20260618,1149,ジーデップ,5885,東S,,"3,105",+190,+6.52%,309,21.6倍,5.11倍,1.42%
20260618,1150,日経ベア,1580,東Ｅ,,745.5,-11.0,-1.45%,308,ー倍,ー倍,ー%
20260618,1151,ユーグレナ,2931,東P,,336,-3,-0.88%,307,ー倍,1.43倍,ー%
20260618,1152,ティラド,7236,東P,,"14,250",0,0.00%,307,8.96倍,1.52倍,5.61%
20260618,1153,合同鉄,5410,東P,,"2,605",-12,-0.46%,307,8.86倍,0.26倍,3.84%
20260618,1154,ミラースＲ,3492,東Ｒ,,"82,300",+400,+0.49%,307,16.4倍,0.92倍,6.56%
20260618,1155,森トラストＲ,8961,東Ｒ,,"71,800",-700,-0.97%,306,19.8倍,1.09倍,5.05%
20260618,1156,インターメス,262A,東P,,"2,227",-43,-1.89%,306,14.4倍,2.61倍,2.29%
20260618,1157,栗本鉄,5602,東P,,"1,468",+20,+1.38%,305,12.4倍,0.94倍,4.09%
20260618,1158,アークランズ,9842,東P,,"1,861",-12,-0.64%,304,11.7倍,0.92倍,2.15%
20260618,1159,エクセレント,8987,東Ｒ,,"136,700",+600,+0.44%,303,20.7倍,1.21倍,4.46%
20260618,1160,リケンＮＰＲ,6209,東P,,"3,975",+35,+0.89%,303,11.9倍,0.67倍,5.28%
20260618,1161,セルシス,3663,東P,,"1,819",+9,+0.50%,302,24.6倍,11.7倍,2.20%
20260618,1162,北越コーポ,3865,東P,,931,-35,-3.62%,302,29.6倍,0.59倍,2.79%
20260618,1163,乃村工芸社,9716,東P,,"1,112",+26,+2.39%,302,13.4倍,2.00倍,3.96%
20260618,1164,加藤産,9869,東P,,"5,750",-30,-0.52%,302,12.1倍,0.99倍,2.78%
20260618,1165,オークネット,3964,東P,,"1,320",-33,-2.44%,302,16.0倍,4.46倍,3.18%
20260618,1166,ＢＭＬ,4694,東P,,"3,560",-35,-0.97%,301,19.1倍,1.05倍,3.51%
20260618,1167,菱製鋼,5632,東P,,"2,288",+147,+6.87%,301,11.2倍,0.71倍,4.55%
20260618,1168,くら寿司,2695,東P,,"1,563",-20,-1.26%,301,41.4倍,1.93倍,0.96%
20260618,1169,インソース,6200,東P,,591,+16,+2.78%,300,11.3倍,4.00倍,4.99%
20260618,1170,東プレ,5975,東P,,"2,710",-3,-0.11%,299,8.74倍,0.54倍,3.69%
20260618,1171,オートバクス,9832,東P,,"1,455",-9,-0.61%,299,12.7倍,0.84倍,4.12%
20260618,1172,ダイナマップ,336A,東G,,772,-33,-4.10%,298,ー倍,2.53倍,ー%
20260618,1173,ノエビアＨＤ,4928,東P,,"4,225",+20,+0.48%,298,17.6倍,2.95倍,5.44%
20260618,1174,フジシール,7864,東P,,"2,746",+37,+1.37%,298,9.57倍,0.91倍,3.17%
20260618,1175,菊池製作,3444,東S,,951,+73,+8.31%,297,83.9倍,1.91倍,1.05%
20260618,1176,愛三工,7283,東P,,"1,806",-19,-1.04%,296,8.58倍,0.73倍,4.43%
20260618,1177,ＣＲＥロジ,3487,東Ｒ,,"140,400",-400,-0.28%,295,19.4倍,1.04倍,5.47%
20260618,1178,ＧＸＡＩビグ,223A,東Ｅ,,"1,888",+3,+0.16%,295,ー倍,ー倍,ー%
20260618,1179,ドトル日レス,3087,東P,,"2,639",-10,-0.38%,295,14.7倍,1.05倍,2.27%
20260618,1180,ミルボン,4919,東P,,"2,629",-21,-0.79%,295,19.5倍,1.72倍,3.35%
20260618,1181,上場ＳＰ５百,1547,東Ｅ,,"13,065",-45,-0.34%,294,ー倍,ー倍,ー%
20260618,1182,極洋,1301,東P,,"4,325",+35,+0.82%,293,7.13倍,0.66倍,3.70%
20260618,1183,東急建設,1720,東P,,"1,189",+12,+1.02%,293,11.5倍,1.13倍,3.62%
20260618,1184,ｉＳ米国株Ｈ,2563,東Ｅ,,397.8,-3.5,-0.87%,293,ー倍,ー倍,ー%
20260618,1185,グロービング,277A,東P,,"2,120",+25,+1.19%,292,21.5倍,8.26倍,0.71%
20260618,1186,ギフティ,4449,東P,,"1,033",-63,-5.75%,290,ー倍,3.61倍,1.55%
20260618,1187,Ｕアローズ,7606,東P,,"2,443",-35,-1.41%,289,10.9倍,1.60倍,3.77%
20260618,1188,住石ＨＤ,1514,東S,,537,-13,-2.36%,289,20.1倍,1.10倍,2.79%
20260618,1189,コロプラ,3668,東P,,365,+6,+1.67%,287,ー倍,0.71倍,ー%
20260618,1190,ＴＯＲＥＸ,6616,東P,,"2,350",-40,-1.67%,285,17.8倍,1.33倍,2.38%
20260618,1191,ＳＨＯＥＩ,7839,東P,,"1,806",-25,-1.37%,285,15.6倍,3.04倍,3.32%
20260618,1192,矢作建,1870,東P,,"1,851",-3,-0.16%,284,9.75倍,1.05倍,5.40%
20260618,1193,イリソ電子,6908,東P,,"3,075",+20,+0.65%,284,13.7倍,0.87倍,3.25%
20260618,1194,アルゴグラフ,7595,東P,,"1,201",+17,+1.44%,282,11.5倍,1.69倍,5.41%
20260618,1195,大崎電,6644,東P,,"1,476",+13,+0.89%,282,13.6倍,1.15倍,3.32%
20260618,1196,ＧＸＮカバコ,2865,東Ｅ,,"1,282",+2,+0.16%,281,ー倍,ー倍,ー%
20260618,1197,ｉＳＩＧ社債,2257,東Ｅ,,229.1,+0.2,+0.09%,281,ー倍,ー倍,ー%
20260618,1198,ＡＺ丸和ＨＤ,9090,東P,,779,+7,+0.91%,281,12.6倍,1.68倍,4.11%
20260618,1199,ゼリア新薬,4559,東P,,"2,051",-20,-0.97%,281,9.04倍,0.83倍,2.44%
20260618,1200,藤田観,9722,東P,,"1,832",+18,+0.99%,280,9.55倍,2.78倍,1.09%
20260618,1201,月島ＨＤ,6332,東P,,"2,693",-12,-0.44%,280,12.5倍,1.09倍,3.27%
20260618,1202,エニマインド,5027,東G,,476,+31,+6.97%,280,17.5倍,1.64倍,0.42%
20260618,1203,インフォメテ,281A,東G,,623,-24,-3.71%,280,ー倍,4.25倍,ー%
20260618,1204,プレイド,4165,東G,,451,-4,-0.88%,280,17.5倍,3.60倍,ー%
20260618,1205,杏林製薬,4569,東P,,"1,113",+5,+0.45%,279,42.6倍,0.45倍,2.25%
20260618,1206,Ｔホライゾン,6629,東S,,992,+20,+2.06%,279,7.86倍,1.09倍,3.33%
20260618,1207,能美防災,6744,東P,,"4,210",+35,+0.84%,279,18.6倍,1.79倍,2.76%
20260618,1208,ＶＩＸＥＴＦ,318A,東Ｅ,,467.2,+13.3,+2.93%,279,ー倍,ー倍,ー%
20260618,1209,松屋,8237,東P,,"1,497",+9,+0.60%,278,152倍,2.85倍,0.80%
20260618,1210,ＳＢＳＨＤ,2384,東P,,"4,235",-65,-1.51%,278,12.5倍,1.66倍,2.48%
20260618,1211,ＤｙＤｏ,2590,東P,,"2,575",+15,+0.59%,278,16.3倍,1.25倍,1.17%
20260618,1212,ｉＦ米債３無,381A,東Ｅ,,"2,225",-1,-0.04%,276,ー倍,ー倍,ー%
20260618,1213,ＮＳグループ,471A,東P,,"1,383",+6,+0.44%,276,8.52倍,2.32倍,5.50%
20260618,1214,三井松島ＨＤ,1518,東P,,"1,480",+11,+0.75%,275,7.73倍,0.99倍,5.00%
20260618,1215,ｉＳ米債７Ｈ,1482,東Ｅ,,"1,575",-2,-0.13%,274,ー倍,ー倍,ー%
20260618,1216,イーグル工,6486,東P,,"2,935",-13,-0.44%,274,14.0倍,1.00倍,ー%
20260618,1217,アイピーエス,4390,東P,,"3,540",-135,-3.67%,272,11.0倍,2.46倍,1.13%
20260618,1218,ＧＸ中小日株,2837,東Ｅ,,"5,995",+66,+1.11%,272,ー倍,ー倍,ー%
20260618,1219,ｉＦ日経Ｗベ,1366,東Ｅ,,64,-2,-3.03%,272,ー倍,ー倍,ー%
20260618,1220,コメ兵ＨＤ,2780,東S,,"5,070",-140,-2.69%,271,9.52倍,1.49倍,2.13%
20260618,1221,正興電,6653,東P,,"2,400",+46,+1.95%,271,14.1倍,1.69倍,2.29%
20260618,1222,ＢＵＦ,6676,東S,,"2,724",+93,+3.53%,271,14.4倍,1.50倍,2.20%
20260618,1223,ＧＸロボ日株,2638,東Ｅ,,"2,771",+31,+1.13%,271,ー倍,ー倍,ー%
20260618,1224,Ｇｅｎｋｙ,9267,東P,,"3,390",-75,-2.16%,269,13.2倍,1.75倍,0.38%
20260618,1225,ＴＫＣ,9746,東P,,"3,385",+45,+1.35%,269,13.9倍,1.56倍,3.25%
20260618,1226,ユニバーサル,6425,東S,,633,-1,-0.16%,269,24.5倍,0.39倍,ー%
20260618,1227,エネクス,8133,東P,,"1,995",-10,-0.50%,269,13.7倍,1.24倍,3.41%
20260618,1228,あすか薬ＨＤ,4886,東P,,"2,323",+16,+0.69%,268,13.7倍,0.94倍,2.80%
20260618,1229,中部鋼鈑,5461,東P,,"2,026",+9,+0.45%,268,60.7倍,0.73倍,5.58%
20260618,1230,野村外国株式,2513,東Ｅ,,"3,582",+12,+0.34%,267,ー倍,ー倍,ー%
20260618,1231,野村国内債券,2510,東Ｅ,,816.0,-0.9,-0.11%,266,ー倍,ー倍,ー%
20260618,1232,ＧＸテック日,2854,東Ｅ,,"2,781",+81,+3.00%,265,ー倍,ー倍,ー%
20260618,1233,テクノ菱和,1965,東S,,"5,930",+20,+0.34%,265,10.3倍,1.83倍,2.97%
20260618,1234,巴工業,6309,東P,,"1,840",+14,+0.77%,265,12.3倍,1.23倍,4.13%
20260618,1235,新電元,6844,東P,,"3,430",+5,+0.15%,265,12.9倍,0.48倍,2.92%
20260618,1236,板硝子,5202,東P,,474,0,0.00%,264,22.5倍,0.44倍,ー%
20260618,1237,中村超硬,6166,東G,,591,+44,+8.04%,264,ー倍,5.96倍,ー%
20260618,1238,ＰＨＣＨＤ,6523,東P,,"1,043",-17,-1.60%,264,8.61倍,0.82倍,4.03%
20260618,1239,三菱紙,3864,東P,,"1,030",-29,-2.74%,264,6.94倍,0.44倍,1.94%
20260618,1240,大王紙,3880,東P,,937,-17,-1.78%,263,12.0倍,0.64倍,1.49%
20260618,1241,ポスプラ,198A,東G,,151,+5,+3.42%,263,ー倍,2.21倍,ー%
20260618,1242,平和堂,8276,東P,,"2,491",-16,-0.64%,263,12.6倍,0.63倍,2.65%
20260618,1243,小森,6349,東P,,"1,506",+33,+2.24%,262,11.1倍,0.65倍,4.98%
20260618,1244,ＡＤプラズマ,6668,東S,,"3,300",+55,+1.69%,260,27.9倍,2.01倍,0.73%
20260618,1245,宮崎銀,8393,東P,,"2,043",+17,+0.84%,259,11.8倍,0.77倍,2.74%
20260618,1246,ＥＤＰ,7794,東G,,"1,103",+6,+0.55%,259,ー倍,10.3倍,ー%
20260618,1247,ディップ,2379,東P,,"1,753",-1,-0.06%,259,19.7倍,2.49倍,5.53%
20260618,1248,横河ブＨＤ,5911,東P,,"2,822",-13,-0.46%,259,13.5倍,0.83倍,4.61%
20260618,1249,トレファク,3093,東P,,"2,100",-10,-0.47%,258,14.5倍,3.87倍,2.10%
20260618,1250,大黒天,2791,東P,,"4,205",-125,-2.89%,257,12.8倍,0.94倍,0.83%
20260618,1251,カーブスＨＤ,7085,東P,,890,+6,+0.68%,256,16.9倍,3.58倍,3.37%
20260618,1252,純プラ信託,1541,東Ｅ,,"8,150",-158,-1.90%,255,ー倍,ー倍,ー%
20260618,1253,ＤＮＣ,4246,東P,,"1,021",+4,+0.39%,254,7.28倍,0.75倍,5.58%
20260618,1254,メニコン,7780,東P,,"1,613",-29,-1.77%,254,18.4倍,1.27倍,1.74%
20260618,1255,伯東,7433,東P,,"4,520",+20,+0.44%,253,14.9倍,1.24倍,4.87%
20260618,1256,コーナン,7516,東P,,"4,015",-15,-0.37%,253,9.05倍,0.65倍,3.49%
20260618,1257,プリマ,2281,東P,,"2,319",+18,+0.78%,253,15.5倍,0.96倍,3.45%
20260618,1258,アルバリンク,5537,東G,,"2,442",+182,+8.05%,253,16.0倍,9.70倍,ー%
20260618,1259,ｉＳ日本国債,2561,東Ｅ,,"2,033",-2,-0.10%,252,ー倍,ー倍,ー%
20260618,1260,ｉＳＪリート,1476,東Ｅ,,"1,823",-7,-0.38%,251,ー倍,ー倍,ー%
20260618,1261,北興化,4992,東S,,"2,129",+69,+3.35%,251,12.3倍,0.98倍,2.54%
20260618,1262,プレス工,7246,東P,,791,+4,+0.51%,250,11.0倍,0.64倍,5.56%
20260618,1263,プレミアＧ,7199,東P,,"1,960",-36,-1.80%,249,11.0倍,3.01倍,3.27%
20260618,1264,デジプラ,3691,東G,Ｓ,"1,603",+300,+23.02%,245,ー倍,8.70倍,ー%
20260618,1265,フルッタ,2586,東G,,108,-1,-0.92%,244,119倍,1.68倍,ー%
20260618,1266,トラスコ中山,9830,東P,,"2,239",+16,+0.72%,244,10.2倍,0.78倍,2.61%
20260618,1267,西川ゴム,5161,東S,,"3,080",-25,-0.81%,243,17.2倍,1.27倍,5.97%
20260618,1268,パソナＧ,2168,東P,,"1,495",-3,-0.20%,241,ー倍,0.44倍,5.02%
20260618,1269,野村鉄鋼非鉄,1623,東Ｅ,,"70,000",-500,-0.71%,240,ー倍,ー倍,ー%
20260618,1270,日本リート,3296,東Ｒ,,"83,800",-500,-0.59%,240,15.7倍,1.15倍,5.78%
20260618,1271,内田洋,8057,東P,,"1,939",+15,+0.78%,240,8.32倍,1.17倍,3.71%
20260618,1272,東陽テク,8151,東P,,"2,052",+16,+0.79%,239,17.1倍,1.49倍,3.41%
20260618,1273,琉球銀,8399,東P,,"2,572",+31,+1.22%,239,10.6倍,0.72倍,3.81%
20260618,1274,ＮＩＴＴＯＫ,6145,東S,,"3,300",+10,+0.30%,239,16.9倍,1.38倍,2.48%
20260618,1275,ベル２４ＨＤ,6183,東P,,"1,384",+10,+0.73%,238,12.1倍,1.39倍,4.34%
20260618,1276,ＴＯＫＡＩ,3167,東P,,"1,104",+1,+0.09%,237,12.9倍,1.40倍,3.44%
20260618,1277,イワキポンプ,6237,東P,,"3,470",+170,+5.15%,236,15.0倍,1.86倍,2.65%
20260618,1278,コシダカＨＤ,2157,東P,,954,+3,+0.32%,235,10.6倍,2.07倍,2.73%
20260618,1279,信越ポリ,7970,東P,,"2,320",+7,+0.30%,234,ー倍,1.44倍,ー%
20260618,1280,ＣＡＩＣＡＤ,2315,東S,,62,+1,+1.64%,234,122倍,1.81倍,ー%
20260618,1281,ストライクＧ,6196,東P,,"1,264",-1,-0.08%,233,14.5倍,3.66倍,5.14%
20260618,1282,シンワワイズ,2437,東S,,592,+36,+6.47%,232,119倍,3.21倍,ー%
20260618,1283,ピーエス,1871,東P,,"2,296",+17,+0.75%,232,13.8倍,1.64倍,4.40%
20260618,1284,ミライアル,4238,東S,,"2,020",+39,+1.97%,232,ー倍,0.80倍,ー%
20260618,1285,理ビタ,4526,東P,,"2,998",+47,+1.59%,232,11.7倍,1.05倍,3.67%
20260618,1286,サンマルク,3395,東P,,"2,423",+16,+0.66%,231,17.9倍,1.65倍,2.23%
20260618,1287,ドウシシャ,7483,東P,,"2,828",-1,-0.04%,231,11.9倍,1.07倍,3.89%
20260618,1288,鴻池運輸,9025,東P,,"2,658",+3,+0.11%,231,10.1倍,0.89倍,4.14%
20260618,1289,野村銀行１７,1631,東Ｅ,,"39,370","+1,210",+3.17%,231,ー倍,ー倍,ー%
20260618,1290,ワキタ,8125,東P,,"1,690",+3,+0.18%,231,23.4倍,0.83倍,5.92%
20260618,1291,日本信号,6741,東P,,"1,562",+7,+0.45%,229,9.74倍,0.85倍,3.59%
20260618,1292,ｉＦ日経ベ,1456,東Ｅ,,"1,196",-17,-1.40%,229,ー倍,ー倍,ー%
20260618,1293,テンシャル,325A,東G,,"3,790",+25,+0.66%,229,11.2倍,5.07倍,ー%
20260618,1294,ｉＦ日本配当,435A,東Ｅ,,"2,520",+25,+1.00%,227,ー倍,ー倍,ー%
20260618,1295,竹田ｉＰ,7875,東S,Ｓ,879,+150,+20.58%,227,12.9倍,0.74倍,2.67%
20260618,1296,壱番屋,7630,東P,,880,-5,-0.56%,227,51.6倍,4.35倍,1.82%
20260618,1297,アジアパイル,5288,東P,,"1,564",-5,-0.32%,227,7.74倍,1.14倍,4.48%
20260618,1298,カーボン,5302,東P,,"4,720",+20,+0.43%,227,19.1倍,0.96倍,4.24%
20260618,1299,大阪製鉄,5449,東S,,"2,286",+48,+2.14%,226,52.6倍,0.61倍,ー%
20260618,1300,日本ライフＬ,7575,東P,,"1,284",-8,-0.62%,226,11.3倍,1.37倍,4.36%
20260618,1301,ザ・パック,3950,東P,,"1,350",+7,+0.52%,226,14.1倍,0.98倍,3.11%
20260618,1302,ムービン,421A,東G,,"3,320",+160,+5.06%,226,16.0倍,6.74倍,ー%
20260618,1303,日経エンタメ,586A,東Ｅ,,192.1,-3.9,-1.99%,226,ー倍,ー倍,ー%
20260618,1304,ｉＳ米２５ヘ,238A,東Ｅ,,135.9,+1.8,+1.34%,226,ー倍,ー倍,ー%
20260618,1305,Ａ＆Ｄホロン,7745,東P,,"2,802",-4,-0.14%,225,17.1倍,1.55倍,2.14%
20260618,1306,アイスタイル,3660,東P,,371,-1,-0.27%,225,14.0倍,1.73倍,0.27%
20260618,1307,佐賀銀,8395,東P,,"5,290",+20,+0.38%,224,9.61倍,0.71倍,2.08%
20260618,1308,クオールＨＤ,3034,東P,,"1,876",+2,+0.11%,223,9.04倍,1.23倍,2.88%
20260618,1309,建設技研,9621,東P,,"2,787",+61,+2.24%,223,10.9倍,1.12倍,2.80%
20260618,1310,ダイハツイン,6023,東S,,"2,676",+14,+0.53%,222,11.9倍,1.38倍,2.58%
20260618,1311,リッジアイ,5572,東G,,"2,831",+8,+0.28%,222,33.0倍,3.46倍,ー%
20260618,1312,ジャスト,4686,東P,,"3,785",+20,+0.53%,222,ー倍,2.05倍,0.79%
20260618,1313,キャリアデザ,2410,東P,,"2,806",-8,-0.28%,222,11.7倍,3.19倍,5.70%
20260618,1314,ＩＤＥＣ,6652,東P,,"3,155",-15,-0.47%,222,15.5倍,1.34倍,4.12%
20260618,1315,エヌエフＨＤ,6864,東S,,"1,925",+5,+0.26%,221,19.3倍,1.04倍,1.87%
20260618,1316,エレメンツ,5246,東G,,618,+16,+2.66%,221,ー倍,5.07倍,ー%
20260618,1317,ＨＥＮＮＧＥ,4475,東G,,"1,035",-5,-0.48%,221,20.2倍,8.80倍,0.58%
20260618,1318,ＭＳＯＬ,7033,東P,,"1,404",+9,+0.65%,221,10.9倍,3.68倍,3.56%
20260618,1319,福岡リート,8968,東Ｒ,,"168,800",-600,-0.35%,221,19.7倍,1.29倍,4.74%
20260618,1320,カワチ薬品,2664,東P,,"3,545",+25,+0.71%,221,26.4倍,0.68倍,2.82%
20260618,1321,アクセルＭ,3624,東G,,70,+6,+9.38%,220,ー倍,3.45倍,ー%
20260618,1322,東和銀,8558,東P,,"1,476",0,0.00%,220,9.51倍,0.58倍,3.39%
20260618,1323,東テク,9960,東P,,"3,955",+40,+1.02%,220,11.8倍,2.20倍,3.24%
20260618,1324,東計電算,4746,東S,,"4,270",+95,+2.28%,220,14.0倍,1.51倍,4.05%
20260618,1325,ポート,7047,東G,,"2,204",+19,+0.87%,219,8.73倍,2.74倍,0.59%
20260618,1326,アサカ理研,5724,東S,,"2,650",+20,+0.76%,219,17.0倍,2.47倍,0.45%
20260618,1327,野村高配７０,1577,東Ｅ,,"55,550",+430,+0.78%,219,ー倍,ー倍,ー%
20260618,1328,ファンディノ,462A,東G,,262,+2,+0.77%,219,ー倍,1.33倍,ー%
20260618,1329,ＡＣＣＥＳＳ,4813,東P,,400,-25,-5.88%,218,24.7倍,2.23倍,ー%
20260618,1330,綜研化学,4972,東S,,"3,445",+55,+1.62%,218,13.3倍,1.38倍,ー%
20260618,1331,文化シヤタ,5930,東P,,"1,864",+6,+0.32%,217,10.1倍,1.09倍,3.97%
20260618,1332,グリーＨＤ,3632,東P,,383,-5,-1.29%,216,ー倍,0.71倍,5.61%
20260618,1333,ウインテスト,6721,東S,,79,-5,-5.95%,216,84.0倍,12.7倍,ー%
20260618,1334,原油先Ｗブル,2038,東EN,,"1,995",-50,-2.44%,216,ー倍,ー倍,ー%
20260618,1335,ジェリビンズ,3070,東G,,64,-1,-1.54%,215,32.5倍,1.05倍,ー%
20260618,1336,ｉＳ米２５,237A,東Ｅ,,165.7,+2.3,+1.41%,215,ー倍,ー倍,ー%
20260618,1337,オイレス,6282,東P,,"2,786",+9,+0.32%,214,16.1倍,1.01倍,3.41%
20260618,1338,木村化,6378,東S,,"1,282",+16,+1.26%,214,13.3倍,1.20倍,3.20%
20260618,1339,モリタＨＤ,6455,東P,,"2,424",-6,-0.25%,212,10.3倍,0.98倍,2.64%
20260618,1340,ディアライフ,3245,東P,,984,+6,+0.61%,212,7.29倍,1.52倍,6.50%
20260618,1341,Ｏｎｅリート,3290,東Ｒ,,"73,800",-300,-0.40%,211,19.8倍,1.16倍,5.88%
20260618,1342,ウイングアク,4432,東P,,"2,334",+29,+1.26%,211,10.9倍,1.72倍,4.63%
20260618,1343,ハマキョウ,9037,東P,,"1,787",-13,-0.72%,211,12.3倍,1.35倍,2.57%
20260618,1344,アルペン,3028,東P,,"2,074",0,0.00%,210,13.9倍,0.65倍,2.65%
20260618,1345,エレコム,6750,東P,,"1,756",+23,+1.33%,210,12.4倍,1.31倍,3.30%
20260618,1346,持田薬,4534,東P,,"3,175",+65,+2.09%,210,11.2倍,0.80倍,2.68%
20260618,1347,バトンズ,554A,東G,,"1,655",+55,+3.44%,210,29.1倍,11.1倍,ー%
20260618,1348,野村外リート,2515,東Ｅ,,"1,688",-3,-0.18%,209,ー倍,ー倍,ー%
20260618,1349,エスビー,2805,東S,,"5,150",+210,+4.25%,207,15.4倍,1.32倍,1.17%
20260618,1350,フージャース,3284,東P,,"1,146",-6,-0.52%,207,6.51倍,0.88倍,6.54%
20260618,1351,リバーエレク,6666,東S,,864,-22,-2.48%,207,"3,600倍",1.55倍,1.16%
20260618,1352,阪急阪神Ｒ,8977,東Ｒ,,"135,900","-1,300",-0.95%,207,21.1倍,1.09倍,4.81%
20260618,1353,石原ケミ,4462,東P,,"3,685",+40,+1.10%,207,18.3倍,2.04倍,1.30%
20260618,1354,東京衡機,7719,東S,,431,-2,-0.46%,206,13.1倍,1.81倍,ー%
20260618,1355,オーバル,7727,東S,,784,+43,+5.80%,206,11.2倍,1.01倍,3.57%
20260618,1356,エイチワン,5989,東P,,"1,500",-33,-2.15%,205,3.84倍,0.53倍,4.67%
20260618,1357,テレ東ＨＤ,9413,東P,,"3,525",-10,-0.28%,204,11.7倍,0.87倍,2.84%
20260618,1358,ＢＡＳＥ,4477,東G,,265,-4,-1.49%,204,20.4倍,2.09倍,1.89%
20260618,1359,オロ,3983,東P,,"2,055",+20,+0.98%,203,14.7倍,3.12倍,2.43%
20260618,1360,ベルトラ,7048,東G,,150,+17,+12.78%,202,16.2倍,2.17倍,ー%
20260618,1361,コムチュア,3844,東P,,"1,283",+27,+2.15%,202,12.7倍,2.03倍,4.05%
20260618,1362,アイチコーポ,6345,東P,,"1,381",+17,+1.25%,201,13.3倍,1.18倍,4.71%
20260618,1363,共英製鋼,5440,東P,,"1,750",-5,-0.28%,201,8.45倍,0.36倍,4.00%
20260618,1364,コジマ,7513,東P,,"1,366",-3,-0.22%,200,20.0倍,1.48倍,1.76%
20260618,1365,りたりこ,7366,東P,,"1,605",-1,-0.06%,199,16.6倍,3.81倍,0.93%
20260618,1366,寺崎電気,6637,東S,,"3,585",+75,+2.14%,199,11.7倍,0.79倍,1.56%
20260618,1367,メディアＬ,6659,東S,,55,-3,-5.17%,199,ー倍,1.69倍,ー%
20260618,1368,ＯＢＡＲＡＧ,6877,東S,,"6,110",-40,-0.65%,199,11.6倍,1.18倍,2.45%
20260618,1369,ＹＵＡＳＡ,8074,東P,,"5,250",-60,-1.13%,199,9.61倍,0.92倍,3.62%
20260618,1370,タチエス,7239,東P,,"2,159",+34,+1.60%,198,8.62倍,0.71倍,5.33%
20260618,1371,三星ベ,5192,東P,,"3,985",+5,+0.13%,198,12.4倍,1.09倍,4.79%
20260618,1372,Ｔワークス,3997,東S,,318,-22,-6.47%,198,43.1倍,4.87倍,0.63%
20260618,1373,ＭＸＪリート,1597,東Ｅ,,"1,810",-10,-0.55%,198,ー倍,ー倍,ー%
20260618,1374,ゲオＨＤ,2681,東P,,"2,093",+7,+0.34%,198,13.9倍,0.85倍,1.62%
20260618,1375,丹青社,9743,東P,,"1,333",+3,+0.23%,198,11.1倍,1.68倍,6.00%
20260618,1376,日産東ＨＤ,8291,東S,,579,+1,+0.17%,196,9.84倍,0.59倍,4.66%
20260618,1377,日リーテック,1938,東P,,"2,835",+68,+2.46%,195,11.4倍,1.01倍,3.42%
20260618,1378,宮地エンジ,3431,東P,,"1,541",-20,-1.28%,195,20.4倍,0.95倍,4.87%
20260618,1379,長府製,5946,東P,,"1,978",-4,-0.20%,195,17.7倍,0.48倍,2.33%
20260618,1380,インターアク,7725,東P,,"1,897",+6,+0.32%,194,36.0倍,1.79倍,2.32%
20260618,1381,フタバ,7241,東P,,956,-5,-0.52%,193,6.10倍,0.61倍,4.71%
20260618,1382,リコーリース,8566,東P,,"6,130",-100,-1.61%,193,15.9倍,0.78倍,4.18%
20260618,1383,霞ヶ関ホテル,401A,東Ｒ,,"97,000",+500,+0.52%,193,17.9倍,0.98倍,6.05%
20260618,1384,野村原油,1699,東Ｅ,,561.0,-13.2,-2.30%,193,ー倍,ー倍,ー%
20260618,1385,アルコニクス,3036,東P,,"2,400",+20,+0.84%,193,10.9倍,0.91倍,3.75%
20260618,1386,ネットプロ,7383,東P,,354,+4,+1.14%,193,16.1倍,1.68倍,ー%
20260618,1387,安田倉,9324,東P,,"2,371",+8,+0.34%,191,11.0倍,0.63倍,3.12%
20260618,1388,応用地質,9755,東P,,"2,782",-13,-0.47%,191,16.3倍,0.81倍,3.95%
20260618,1389,メドレックス,4586,東G,,53,-1,-1.85%,191,ー倍,1.77倍,ー%
20260618,1390,長谷川香料,4958,東P,,"3,185",+25,+0.79%,190,17.7倍,0.98倍,3.14%
20260618,1391,プリモＧＨＤ,367A,東S,,"2,759",-69,-2.44%,189,11.1倍,1.20倍,4.35%
20260618,1392,サニーサイド,2180,東S,,"1,317",0,0.00%,189,15.2倍,3.39倍,0.84%
20260618,1393,トピー,7231,東P,,"2,766",+29,+1.06%,188,9.96倍,0.42倍,4.88%
20260618,1394,ｉＳＳＰカバ,452A,東Ｅ,,816.5,+0.5,+0.06%,188,ー倍,ー倍,ー%
20260618,1395,日阪製,6247,東P,,"1,734",+29,+1.70%,188,18.9倍,0.72倍,3.17%
20260618,1396,日本通信,9424,東P,,114,-1,-0.87%,187,ー倍,4.22倍,ー%
20260618,1397,オカムラ食品,2938,東S,,"1,495",-36,-2.35%,187,29.2倍,3.95倍,0.54%
20260618,1398,フジ,8278,東P,,"1,927",-3,-0.16%,186,23.9倍,0.74倍,1.56%
20260618,1399,木曽路,8160,東P,,"2,257",-24,-1.05%,185,30.3倍,2.01倍,1.33%
20260618,1400,テクニスコ,2962,東S,,"1,107",+62,+5.93%,185,340倍,6.41倍,ー%
20260618,1401,野村インド株,1678,東Ｅ,,321.6,+1.6,+0.50%,185,ー倍,ー倍,ー%
20260618,1402,日ヒュム,5262,東P,,"1,033",-25,-2.36%,185,15.5倍,1.01倍,2.52%
20260618,1403,オリエン白石,1786,東P,,340,+6,+1.80%,185,15.9倍,0.82倍,4.26%
20260618,1404,前田工繊,7821,東P,,"1,738",-15,-0.86%,185,15.3倍,1.55倍,1.61%
20260618,1405,ＰＩ,4290,東P,,642,0,0.00%,184,13.5倍,1.66倍,4.36%
20260618,1406,原油先物ベア,2039,東EN,,568,0,0.00%,184,ー倍,ー倍,ー%
20260618,1407,マックス,6454,東P,,"1,657",+9,+0.55%,184,21.0倍,2.58倍,2.41%
20260618,1408,Ｔ＆Ｓ・Ｇ,4055,東G,,"1,949",+13,+0.67%,184,27.0倍,4.63倍,0.56%
20260618,1409,ベルク,9974,東P,,"6,270",-20,-0.32%,183,10.0倍,1.08倍,2.11%
20260618,1410,エスリード,8877,東P,,"4,845",+10,+0.21%,183,6.50倍,0.92倍,4.95%
20260618,1411,トーセイＲ,3451,東Ｒ,,"128,700",+500,+0.39%,182,16.7倍,1.13倍,5.95%
20260618,1412,象印,7965,東P,,"1,434",-2,-0.14%,180,19.0倍,1.01倍,3.21%
20260618,1413,ＳＢＩリーシ,5834,東G,,"2,513",-33,-1.30%,180,6.56倍,1.40倍,4.58%
20260618,1414,丸全運,9068,東P,,"7,410",-10,-0.13%,180,11.0倍,1.01倍,2.83%
20260618,1415,サカイ引越,9039,東P,,"2,809",-12,-0.43%,179,12.9倍,1.14倍,4.17%
20260618,1416,アクシアル,8255,東P,,"1,086",+9,+0.84%,179,12.0倍,1.01倍,2.67%
20260618,1417,イーソル,4420,東S,,859,+21,+2.51%,179,20.6倍,2.80倍,0.64%
20260618,1418,バンクオブイ,4393,東G,,"4,785",-120,-2.45%,178,ー倍,2.86倍,ー%
20260618,1419,丸三,8613,東P,,"1,054",-2,-0.19%,178,ー倍,1.36倍,ー%
20260618,1420,日精化,4362,東P,,"2,501",+61,+2.50%,177,10.4倍,1.06倍,4.16%
20260618,1421,ＩＢＪ,6071,東P,,772,-13,-1.66%,177,12.5倍,2.71倍,1.68%
20260618,1422,カッパクリエ,7421,東P,,"1,376",-19,-1.36%,177,72.5倍,6.65倍,ー%
20260618,1423,プラスゼロ,5132,東G,,"1,955",+38,+1.98%,177,32.1倍,9.52倍,ー%
20260618,1424,レイズネク,6379,東P,,"2,250",-5,-0.22%,177,13.5倍,1.33倍,5.20%
20260618,1425,ジーテクト,5970,東P,,"2,120",+15,+0.71%,176,6.98倍,0.41倍,4.62%
20260618,1426,紙パル商,8032,東P,,"1,099",+3,+0.27%,176,15.1倍,0.94倍,3.28%
20260618,1427,稲葉製作,3421,東S,,"1,752",+13,+0.75%,176,14.8倍,0.62倍,2.51%
20260618,1428,三菱総研,3636,東P,,"4,505",+25,+0.56%,176,10.8倍,0.90倍,3.66%
20260618,1429,大末建,1814,東P,,"3,275",+10,+0.31%,176,8.73倍,1.34倍,5.68%
20260618,1430,児玉化,4222,東S,,701,-22,-3.04%,176,7.78倍,0.38倍,1.43%
20260618,1431,亀田製菓,2220,東P,,"1,203",-11,-0.91%,176,17.7倍,0.74倍,2.00%
20260618,1432,ＶＴＨＤ,7593,東P,,442,-2,-0.45%,176,7.34倍,0.73倍,5.43%
20260618,1433,ＳＰＤＲ５百,1557,東Ｅ,,"119,800",-650,-0.54%,175,ー倍,ー倍,ー%
20260618,1434,サトー,6287,東P,,"2,268",+1,+0.04%,175,9.95倍,0.86倍,3.53%
20260618,1435,ＪＢＣＣＨＤ,9889,東P,,"1,186",+29,+2.51%,175,11.9倍,2.89倍,4.22%
20260618,1436,タウンズ,197A,東S,,491,+3,+0.61%,175,9.19倍,3.21倍,5.70%
20260618,1437,渋谷工,6340,東P,,"4,180",-45,-1.07%,174,12.4倍,1.02倍,2.27%
20260618,1438,東洋証券,8614,東P,,613,-1,-0.16%,174,ー倍,1.36倍,ー%
20260618,1439,ブロンコＢ,3091,東P,,"4,530",+60,+1.34%,174,33.8倍,3.05倍,0.62%
20260618,1440,農中東証指数,2524,東Ｅ,,"4,190",+52,+1.26%,173,ー倍,ー倍,ー%
20260618,1441,シグマクシス,6088,東P,,530,+3,+0.57%,173,9.61倍,3.01倍,4.91%
20260618,1442,野村電機精密,1625,東Ｅ,,"70,980","+1,600",+2.31%,173,ー倍,ー倍,ー%
20260618,1443,不動テトラ,1813,東P,,"2,652",-58,-2.14%,173,12.6倍,1.06倍,4.34%
20260618,1444,ワシントンＨ,4691,東S,,"2,340",+63,+2.77%,173,12.2倍,2.30倍,1.92%
20260618,1445,帝国繊維,3302,東P,,"3,340",+20,+0.60%,173,22.5倍,1.13倍,1.95%
20260618,1446,キムラタン,8107,東S,,35,+2,+6.06%,173,389倍,5.85倍,ー%
20260618,1447,ミツバ,7280,東P,,"1,119",+5,+0.45%,172,4.80倍,0.47倍,2.68%
20260618,1448,サンケイＲＥ,2972,東Ｒ,,"116,300",+300,+0.26%,172,16.3倍,1.20倍,6.12%
20260618,1449,東京鉄,5445,東P,,"1,813",-10,-0.55%,172,6.43倍,0.72倍,5.52%
20260618,1450,弁護士ＣＯＭ,6027,東P,,"2,130",-4,-0.19%,172,24.4倍,6.85倍,ー%
20260618,1451,オイシックス,3182,東P,,"1,473",-30,-2.00%,172,11.1倍,1.87倍,1.77%
20260618,1452,Ｇセキュリ,4417,東G,,"3,250",+10,+0.31%,171,24.4倍,11.1倍,1.51%
20260618,1453,ＪＵＫＩ,6440,東P,,566,-12,-2.08%,171,11.2倍,0.52倍,2.65%
20260618,1454,サン電子,6736,東S,,"9,170",+70,+0.77%,171,26.0倍,4.10倍,ー%
20260618,1455,鈴木,6785,東P,,"3,335",-10,-0.30%,171,12.8倍,1.53倍,3.15%
20260618,1456,世紀東急,1898,東P,,"1,442",+9,+0.63%,171,11.2倍,1.19倍,5.20%
20260618,1457,Ｍ＆Ａキャピ,6080,東P,,"3,595",-20,-0.55%,171,15.8倍,2.51倍,1.90%
20260618,1458,渋沢倉,9304,東P,,"1,513",+32,+2.16%,171,13.3倍,1.26倍,4.63%
20260618,1459,ミライニＨＤ,546A,東P,,"1,859",+46,+2.54%,171,4.89倍,ー倍,5.00%
20260618,1460,タレントＸ,330A,東G,,417,+21,+5.30%,170,22.1倍,2.69倍,ー%
20260618,1461,品川リフラ,5351,東P,,"1,908",-7,-0.37%,170,8.71倍,0.81倍,4.98%
20260618,1462,ＫｅｅＰｅｒ,6036,東P,,"2,858",-19,-0.66%,170,8.35倍,3.25倍,3.50%
20260618,1463,松風,7979,東P,,"2,029",+47,+2.37%,169,15.2倍,1.49倍,3.01%
20260618,1464,愛媛銀,8541,東P,,"1,990",+22,+1.12%,168,12.0倍,0.54倍,2.41%
20260618,1465,イメージ情報,3803,東G,,510,+57,+12.58%,168,ー倍,2.68倍,ー%
20260618,1466,ハイレックス,7279,東S,,"2,182",-21,-0.95%,168,2.19倍,0.38倍,3.67%
20260618,1467,ジモティー,7082,東G,,"1,418",0,0.00%,168,36.4倍,7.60倍,ー%
20260618,1468,サーラ,2734,東P,,"1,035",+15,+1.47%,167,12.6倍,0.69倍,3.19%
20260618,1469,アオイ電子,6832,東S,,"3,050",-60,-1.93%,167,148倍,0.79倍,1.77%
20260618,1470,高砂香,4914,東P,,"1,125",+2,+0.18%,166,11.7倍,0.71倍,4.62%
20260618,1471,ヘッドウォ,4011,東G,,"2,108",-6,-0.28%,166,33.0倍,9.62倍,ー%
20260618,1472,ニッケ,3201,東P,,"1,703",0,0.00%,166,11.7倍,0.81倍,2.94%
20260618,1473,ゼンムテック,338A,東G,,"2,120",+106,+5.26%,166,19.1倍,7.35倍,ー%
20260618,1474,日工,6306,東P,,893,+31,+3.60%,165,13.0倍,0.92倍,4.70%
20260618,1475,グロブライド,7990,東P,,"2,387",-17,-0.71%,165,9.20倍,0.78倍,4.19%
20260618,1476,ぴあ,4337,東P,,"2,478",-82,-3.20%,165,25.4倍,3.54倍,1.21%
20260618,1477,第一実,8059,東P,,"3,060",+40,+1.32%,164,10.4倍,1.08倍,4.08%
20260618,1478,シーイーシー,9692,東P,,"2,056",+19,+0.93%,164,11.5倍,1.51倍,4.13%
20260618,1479,東邦鉛,5707,東P,,906,+4,+0.44%,163,8.15倍,1.23倍,ー%
20260618,1480,ＣＫサンエツ,5757,東P,,"5,520",+330,+6.36%,163,7.01倍,0.83倍,1.81%
20260618,1481,新晃工,6458,東P,,"1,249",+9,+0.73%,162,11.7倍,1.32倍,4.00%
20260618,1482,京阪神ビル,8818,東P,,"2,168",+43,+2.02%,162,21.1倍,1.27倍,2.77%
20260618,1483,セ硝子,4044,東P,,"4,100",0,0.00%,162,14.1倍,0.82倍,4.15%
20260618,1484,テイツー,7610,東S,,143,+3,+2.14%,161,11.1倍,1.27倍,2.80%
20260618,1485,ＲＹＯＤＥＮ,8084,東P,,"3,925",-70,-1.75%,161,18.0倍,0.89倍,3.82%
20260618,1486,フリュー,6238,東P,,"1,381",0,0.00%,160,14.6倍,1.55倍,2.90%
20260618,1487,アネスト岩田,6381,東P,,"1,671",-5,-0.30%,159,16.6倍,1.29倍,5.57%
20260618,1488,ミマキエンジ,6638,東P,,"1,905",+45,+2.42%,159,9.04倍,1.38倍,2.89%
20260618,1489,ニッタ,5186,東P,,"6,190",-30,-0.48%,159,13.8倍,1.03倍,2.75%
20260618,1490,ｉＦＳＰＷブ,2237,東Ｅ,,"118,700","-1,700",-1.41%,159,ー倍,ー倍,ー%
20260618,1491,ｉＦ高配４０,1651,東Ｅ,,"3,050",+29,+0.96%,159,ー倍,ー倍,ー%
20260618,1492,ＵＥＸ,9888,東S,,"1,008",+47,+4.89%,157,3.78倍,0.55倍,ー%
20260618,1493,日本管財ＨＤ,9347,東P,,"2,650",-1,-0.04%,157,13.2倍,1.29倍,2.26%
20260618,1494,ブルーイノベ,5597,東G,,"1,479",+69,+4.89%,157,ー倍,43.5倍,ー%
20260618,1495,クラシル,299A,東G,,988,-5,-0.50%,157,17.1倍,3.19倍,ー%
20260618,1496,スパークス,8739,東P,,"2,163",+10,+0.46%,157,ー倍,2.18倍,4.35%
20260618,1497,菱鉛筆,7976,東P,,"2,556",+22,+0.87%,156,16.6倍,0.91倍,2.15%
20260618,1498,スターツプロ,8979,東Ｒ,,"180,900",-800,-0.44%,156,17.9倍,1.06倍,6.03%
20260618,1499,ＴＰＲ,6463,東P,,"1,454",+19,+1.32%,155,11.6倍,0.54倍,3.85%
20260618,1500,極東証券,8706,東P,,"1,542",+5,+0.33%,155,ー倍,0.92倍,ー%
20260618,1501,エスコン,8892,東P,,"1,071",-6,-0.56%,155,7.34倍,1.18倍,4.95%
20260618,1502,ＺＡＣＲＯＳ,7917,東P,,"1,321",+14,+1.07%,154,14.6倍,1.00倍,2.73%
20260618,1503,丸文,7537,東P,,"1,735",+21,+1.23%,154,11.4倍,0.80倍,4.44%
20260618,1504,シークス,7613,東P,,"1,393",+11,+0.80%,154,11.0倍,0.62倍,3.59%
20260618,1505,エフ・コード,9211,東G,,"1,476",+20,+1.37%,153,9.52倍,2.26倍,ー%
20260618,1506,インテグラル,5842,東G,,"2,948",-7,-0.24%,153,ー倍,1.47倍,1.26%
20260618,1507,トライアイズ,4840,東S,Ｓ,770,+100,+14.93%,152,64.0倍,1.46倍,0.13%
20260618,1508,ベルーナ,9997,東P,,941,+4,+0.43%,152,7.55倍,0.60倍,4.14%
20260618,1509,ソシラ物流,2979,東Ｒ,,"112,100",+200,+0.18%,151,23.9倍,1.03倍,4.78%
20260618,1510,Ｉｎｅ,4933,東P,,"1,315",-21,-1.57%,151,ー倍,1.28倍,1.14%
20260618,1511,明和産,8103,東P,,868,-5,-0.57%,151,9.04倍,0.81倍,5.41%
20260618,1512,エターナルＧ,3193,東P,,"2,677",-36,-1.33%,151,14.6倍,2.85倍,1.72%
20260618,1513,サムティＲ,3459,東Ｒ,,"93,600",-900,-0.95%,150,21.3倍,0.93倍,5.56%
20260618,1514,ＤＭ三井製糖,2109,東P,,"3,175",-5,-0.16%,150,12.8倍,0.88倍,4.41%
20260618,1515,ＬＩＮＫ＆Ｍ,2170,東P,,545,+4,+0.74%,150,16.7倍,4.64倍,3.01%
20260618,1516,ミツウロコＧ,8131,東S,,"1,852",-25,-1.33%,150,16.9倍,0.96倍,3.56%
20260618,1517,図研,6947,東P,,"4,495",+20,+0.45%,149,16.6倍,2.30倍,3.34%
20260618,1518,前沢ＨＤ,575A,東P,,"1,436",-9,-0.62%,149,ー倍,ー倍,ー%
20260618,1519,ＪＭＨＤ,3539,東P,,"1,209",-11,-0.90%,148,8.80倍,1.29倍,1.99%
20260618,1520,ＣＳＨＤ,3810,東S,,205,+12,+6.22%,148,ー倍,2.48倍,ー%
20260618,1521,高松グループ,1762,東P,,"3,475",+15,+0.43%,148,9.68倍,0.82倍,4.14%
20260618,1522,中部飼,2053,東P,,"1,829",+58,+3.27%,147,7.61倍,0.72倍,4.16%
20260618,1523,高速,7504,東P,,"3,055",-5,-0.16%,147,14.9倍,1.41倍,3.93%
20260618,1524,ビーエンジ,4828,東P,,995,+2,+0.20%,147,12.9倍,3.69倍,4.22%
20260618,1525,ＷＯＷＯＷ,4839,東P,,"1,009",+15,+1.51%,147,47.7倍,0.41倍,2.97%
20260618,1526,オハラ,5218,東S,,"1,643",-2,-0.12%,147,27.9倍,0.74倍,1.52%
20260618,1527,エスケーエレ,6677,東S,,"3,425",+40,+1.18%,147,11.1倍,1.00倍,4.44%
20260618,1528,テセック,6337,東S,,"2,634",+125,+4.98%,145,25.2倍,0.96倍,3.80%
20260618,1529,平河ヒューテ,5821,東P,,"3,590",-75,-2.05%,145,16.4倍,1.32倍,1.48%
20260618,1530,アバントＧ,3836,東P,,"1,090",+17,+1.58%,145,10.7倍,2.61倍,2.94%
20260618,1531,ＮＥＸＹＺ．,4346,東S,,760,+29,+3.97%,144,10.4倍,2.68倍,2.63%
20260618,1532,三陽商,8011,東P,,"3,900",+75,+1.96%,144,9.67倍,0.95倍,3.77%
20260618,1533,エヌピーシー,6255,東G,,711,-9,-1.25%,144,28.1倍,1.47倍,1.41%
20260618,1534,ステムリム,4599,東G,,321,+21,+7.00%,144,ー倍,4.37倍,ー%
20260618,1535,ＭＸ米ＳＰ有,2630,東Ｅ,,"15,755",-105,-0.66%,143,ー倍,ー倍,ー%
20260618,1536,アカツキ,3932,東P,,"2,817",+4,+0.14%,143,ー倍,0.75倍,ー%
20260618,1537,ｉＦ高配５０,354A,東Ｅ,,"3,100",+30,+0.98%,143,ー倍,ー倍,ー%
20260618,1538,アルメディオ,7859,東S,,262,-6,-2.24%,143,ー倍,0.66倍,ー%
20260618,1539,リンガハット,8200,東P,,"2,094",-1,-0.05%,143,45.2倍,3.56倍,0.62%
20260618,1540,Ｊオイル,2613,東P,,"2,010",+7,+0.35%,142,13.3倍,0.60倍,3.98%
20260618,1541,ハードオフ,2674,東P,,"2,466",-33,-1.32%,142,10.4倍,1.70倍,3.73%
20260618,1542,あさひ,3333,東P,,"1,266",-6,-0.47%,142,12.1倍,0.82倍,3.95%
20260618,1543,フエルト,3512,東S,,823,+23,+2.88%,142,27.6倍,0.62倍,3.40%
20260618,1544,ゼンリン,9474,東P,,848,0,0.00%,142,18.1倍,0.93倍,4.95%
20260618,1545,オプティマス,9268,東S,,379,-13,-3.32%,141,8.11倍,0.62倍,4.75%
20260618,1546,日比谷設,1982,東P,,"3,135",+60,+1.95%,141,14.8倍,1.62倍,3.51%
20260618,1547,石川製,6208,東S,,"1,898",-5,-0.26%,141,18.5倍,1.93倍,1.05%
20260618,1548,ソースネクス,4344,東P,,104,+2,+1.96%,140,ー倍,2.84倍,ー%
20260618,1549,マイクロ波,9227,東G,,887,+6,+0.68%,140,ー倍,37.3倍,ー%
20260618,1550,ＹＫＴ,2693,東S,,357,-3,-0.83%,140,24.4倍,0.51倍,1.40%
20260618,1551,ＪＰＨＤ,2749,東P,,576,-7,-1.20%,140,11.4倍,2.15倍,2.34%
20260618,1552,昭和産,2004,東P,,"3,290",+30,+0.92%,140,11.3倍,0.72倍,4.26%
20260618,1553,ノーリツ,5943,東P,,"2,237",-1,-0.04%,140,11.9倍,0.72倍,4.20%
20260618,1554,アーレスティ,5852,東P,,722,+6,+0.84%,139,36.0倍,0.32倍,4.71%
20260618,1555,ユトリ,5892,東G,,"2,072",-120,-5.47%,139,14.1倍,4.69倍,ー%
20260618,1556,島精機,6222,東P,,945,+7,+0.75%,139,35.6倍,0.39倍,2.12%
20260618,1557,ホソミクロン,6277,東P,,"5,200",+10,+0.19%,139,14.7倍,1.08倍,2.69%
20260618,1558,サイバーセキ,4493,東G,,"1,708",+18,+1.07%,138,20.3倍,3.79倍,0.35%
20260618,1559,トレイダーズ,8704,東S,,"1,169",+12,+1.04%,138,6.42倍,1.56倍,3.85%
20260618,1560,野村米十債Ｈ,2648,東Ｅ,,"3,392",-8,-0.24%,137,ー倍,ー倍,ー%
20260618,1561,静ガス,9543,東P,,"1,256",+4,+0.32%,137,10.4倍,0.69倍,3.50%
20260618,1562,Ｈ株ブル,1572,東Ｅ,,"6,290",-312,-4.73%,137,ー倍,ー倍,ー%
20260618,1563,日山村硝,5210,東S,,"2,728",+23,+0.85%,136,12.1倍,0.49倍,5.50%
20260618,1564,シライ電子,6658,東S,,467,+13,+2.86%,136,11.7倍,0.64倍,4.28%
20260618,1565,太洋物産,9941,東S,,"1,340",+116,+9.48%,136,14.2倍,2.40倍,ー%
20260618,1566,丸大食,2288,東P,,"2,199",+14,+0.64%,136,8.27倍,0.70倍,3.64%
20260618,1567,アバール,6918,東S,,"3,450",+115,+3.45%,136,22.1倍,0.99倍,3.07%
20260618,1568,セレス,3696,東P,,"1,813",+7,+0.39%,135,13.2倍,1.60倍,3.31%
20260618,1569,大日精,4116,東P,,"1,069",+5,+0.47%,135,11.1倍,0.53倍,5.14%
20260618,1570,ＧＸ中テ１０,404A,東Ｅ,,"1,423",+35,+2.52%,135,ー倍,ー倍,ー%
20260618,1571,ｉＦＦＮＧ金,521A,東Ｅ,,"1,932",-23,-1.18%,134,ー倍,ー倍,ー%
20260618,1572,アドバネクス,5998,東S,,"3,130",+279,+9.79%,134,6.42倍,1.26倍,1.60%
20260618,1573,アンビスＨＤ,7071,東P,,328,-5,-1.50%,134,15.3倍,0.85倍,1.22%
20260618,1574,ブレーキ,7238,東P,,114,0,0.00%,134,12.4倍,0.97倍,ー%
20260618,1575,日本アクア,1429,東P,,725,+3,+0.42%,134,11.8倍,2.15倍,4.83%
20260618,1576,ｉＦプ１５０,2017,東Ｅ,,"1,514",+39,+2.64%,134,ー倍,ー倍,ー%
20260618,1577,チェンジＨＤ,3962,東P,,931,-8,-0.85%,134,9.25倍,1.39倍,2.79%
20260618,1578,マースＧＨＤ,6419,東P,,"2,966",-7,-0.24%,134,8.05倍,0.63倍,5.06%
20260618,1579,Ｈａｍｅｅ,3134,東S,,281,-36,-11.36%,134,19.6倍,0.62倍,1.07%
20260618,1580,イオン北海道,7512,東S,,820,-7,-0.85%,133,38.0倍,1.54倍,1.95%
20260618,1581,ワンキャリア,4377,東G,,"1,814",-7,-0.38%,133,15.7倍,6.04倍,1.87%
20260618,1582,鶴見製,6351,東P,,"2,252",+53,+2.41%,133,19.3倍,1.06倍,1.60%
20260618,1583,キユソ流通,9369,東S,,"3,045",-80,-2.56%,133,36.0倍,1.64倍,0.79%
20260618,1584,西部ガスＨＤ,9536,東P,,"2,237",-3,-0.13%,133,10.1倍,0.70倍,3.13%
20260618,1585,松尾電,6969,東S,,"1,826",-6,-0.33%,132,14.9倍,2.24倍,0.82%
20260618,1586,エン,4849,東P,,"1,146",-17,-1.46%,132,7.92倍,1.38倍,5.96%
20260618,1587,リプロセル,4978,東G,,126,-4,-3.08%,131,ー倍,1.40倍,ー%
20260618,1588,ＴＢグループ,6775,東S,,121,+1,+0.83%,131,168倍,3.53倍,ー%
20260618,1589,三和油化工業,4125,東S,,"2,960",+50,+1.72%,131,11.6倍,0.96倍,1.69%
20260618,1590,藤倉化,4620,東S,,"1,138",+20,+1.79%,131,ー倍,0.68倍,ー%
20260618,1591,Ａｉｍｉｎｇ,3911,東G,,167,-5,-2.91%,130,ー倍,1.11倍,ー%
20260618,1592,ヤマタネ,9305,東P,,"2,034",+14,+0.69%,130,9.77倍,0.68倍,4.18%
20260618,1593,沖縄電,9511,東P,,905,+3,+0.33%,130,ー倍,0.38倍,ー%
20260618,1594,イーレックス,9517,東P,,731,-8,-1.08%,130,ー倍,0.81倍,3.01%
20260618,1595,交換できる,7695,東G,,683,-24,-3.39%,130,20.4倍,2.49倍,ー%
20260618,1596,ＭＸナスヘ有,2632,東Ｅ,,"18,530",+55,+0.30%,129,ー倍,ー倍,ー%
20260618,1597,サクサ,6675,東S,,"1,860",-24,-1.27%,129,1.96倍,0.99倍,6.72%
20260618,1598,いちよし,8624,東P,,"1,352",-13,-0.95%,128,ー倍,1.40倍,ー%
20260618,1599,ソリトン,3040,東P,,"2,189",+50,+2.34%,128,17.3倍,3.03倍,2.74%
20260618,1600,フルキャスト,4848,東P,,"1,536",+3,+0.20%,128,9.85倍,1.73倍,4.17%
20260618,1601,ＲＩＺＡＰ,2928,札Ａ,,183,-4,-2.14%,128,21.8倍,2.16倍,0.73%
20260618,1602,内海造,7018,東S,,"9,550",+50,+0.53%,127,16.2倍,1.20倍,0.42%
20260618,1603,井関農,6310,東P,,"1,824",-9,-0.49%,127,13.8倍,0.55倍,2.47%
20260618,1604,ＧＸリー日株,2641,東Ｅ,,"4,405",+63,+1.45%,127,ー倍,ー倍,ー%
20260618,1605,スマートＤ,5137,東G,,214,+4,+1.90%,126,9.05倍,6.00倍,ー%
20260618,1606,積水樹,4212,東P,,"2,336",-7,-0.30%,126,15.9倍,0.71倍,3.51%
20260618,1607,大倉工,4221,東P,,"4,940",+30,+0.61%,126,13.0倍,0.89倍,4.45%
20260618,1608,ミズホメディ,4595,東S,,"1,677",+6,+0.36%,126,9.92倍,1.74倍,5.96%
20260618,1609,ｉＳＩＧ債Ｈ,1496,東Ｅ,,"1,691",0,0.00%,126,ー倍,ー倍,ー%
20260618,1610,上場高配当,1698,東Ｅ,,"4,095",+25,+0.61%,126,ー倍,ー倍,ー%
20260618,1611,鎌倉新書,6184,東P,,497,+7,+1.43%,126,18.6倍,3.75倍,4.02%
20260618,1612,ガリレイ,6420,東P,,"3,335",+5,+0.15%,126,10.8倍,1.18倍,2.67%
20260618,1613,ヤマシン―Ｆ,6240,東P,,522,-6,-1.14%,125,17.9倍,1.57倍,3.83%
20260618,1614,ＳＢＩＧＡＭ,4765,東P,,580,+1,+0.17%,125,ー倍,2.46倍,ー%
20260618,1615,不二家,2211,東P,,"2,348",-1,-0.04%,125,28.8倍,1.01倍,1.28%
20260618,1616,乾汽船,9308,東S,,"1,497",0,0.00%,125,12.9倍,1.01倍,2.32%
20260618,1617,フィードワン,2060,東P,,"1,206",+29,+2.46%,124,7.10倍,0.75倍,4.31%
20260618,1618,日農薬,4997,東P,,"1,005",+9,+0.90%,124,10.6倍,0.93倍,3.78%
20260618,1619,ＡＩＲＭＡＮ,6364,東P,,"1,864",+27,+1.47%,123,12.7倍,1.12倍,3.86%
20260618,1620,放電精密,6469,東S,,"2,620",0,0.00%,123,39.5倍,3.22倍,0.76%
20260618,1621,ＷＩＺＥ,3664,東G,,22,-2,-8.33%,123,ー倍,1.66倍,ー%
20260618,1622,大戸屋ＨＤ,2705,東S,,"7,130",-200,-2.73%,123,37.0倍,12.6倍,0.28%
20260618,1623,アルプス技,4641,東P,,"2,324",+24,+1.04%,123,10.4倍,2.01倍,4.65%
20260618,1624,ＩＴＦＯＲ,4743,東P,,"1,601",+13,+0.82%,123,12.5倍,2.05倍,5.00%
20260618,1625,野村ダウＨ無,1546,東Ｅ,,"81,730",+40,+0.05%,122,ー倍,ー倍,ー%
20260618,1626,ＢＢタワー,3776,東S,,269,-9,-3.24%,122,166倍,1.88倍,0.74%
20260618,1627,ホットランド,3196,東P,,"1,601",-10,-0.62%,121,51.9倍,3.62倍,0.81%
20260618,1628,ユニプレス,5949,東P,,"1,218",-3,-0.25%,121,12.1倍,0.41倍,5.75%
20260618,1629,エイベックス,7860,東P,,"1,182",-2,-0.17%,121,15.7倍,0.97倍,4.23%
20260618,1630,ブシロード,7803,東G,,266,+1,+0.38%,121,7.81倍,1.31倍,0.94%
20260618,1631,ゴールドクレ,8871,東S,,"3,230",-15,-0.46%,120,11.3倍,0.79倍,4.95%
20260618,1632,アイル,3854,東P,,"2,195",+5,+0.23%,120,13.6倍,4.38倍,3.01%
20260618,1633,ＰＢＲ１解消,2080,東Ｅ,,"1,969",+26,+1.34%,120,ー倍,ー倍,ー%
20260618,1634,日本国土開発,1887,東P,,537,0,0.00%,120,10.7倍,0.62倍,4.28%
20260618,1635,ＹＥデジタル,2354,東S,,899,-2,-0.22%,120,10.1倍,2.14倍,3.34%
20260618,1636,学情,2301,東P,,"1,531",+8,+0.53%,119,10.3倍,1.40倍,4.90%
20260618,1637,ＵＬＳグルプ,3798,東S,,535,+18,+3.48%,119,13.2倍,2.58倍,1.53%
20260618,1638,都築電,8157,東P,,"4,000",+95,+2.43%,119,12.7倍,1.51倍,4.75%
20260618,1639,東海道リート,2989,東Ｒ,,"101,700",+600,+0.59%,118,16.9倍,1.18倍,6.35%
20260618,1640,ＧＸ純金,425A,東Ｅ,,369.8,-0.5,-0.14%,118,ー倍,ー倍,ー%
20260618,1641,ＦＤＫ,6955,東S,,513,0,0.00%,118,23.6倍,0.93倍,ー%
20260618,1642,福井コン,9790,東P,,"3,095",+30,+0.98%,118,14.1倍,2.13倍,2.49%
20260618,1643,クイック,4318,東P,,727,+16,+2.25%,118,14.5倍,2.10倍,5.23%
20260618,1644,オリオン,409A,東P,,"1,190",+6,+0.51%,117,17.0倍,2.70倍,2.86%
20260618,1645,上場銀行１０,540A,東Ｅ,,"1,971",+52,+2.71%,117,ー倍,ー倍,ー%
20260618,1646,ｍｅｉｔｏ,2207,東P,,"2,971",+7,+0.24%,117,23.1倍,0.78倍,2.69%
20260618,1647,動物高度医療,6039,東G,,"1,097",+12,+1.11%,117,15.9倍,2.90倍,1.19%
20260618,1648,サガミＨＤ,9900,東P,,"1,581",+6,+0.38%,117,39.9倍,2.44倍,0.76%
20260618,1649,日伝,9902,東P,,"2,540",+13,+0.51%,117,13.6倍,0.82倍,3.94%
20260618,1650,グリーンエナ,1436,東G,,"1,376",-24,-1.71%,117,21.3倍,3.00倍,0.44%
20260618,1651,スズデン,7480,東S,,"2,198",+19,+0.87%,117,16.0倍,1.66倍,4.78%
20260618,1652,シグマ光機,7713,東S,,"2,326",+44,+1.93%,117,18.6倍,0.91倍,1.81%
20260618,1653,ジェイドＧ,3558,東G,,"1,620",-7,-0.43%,116,ー倍,2.23倍,ー%
20260618,1654,菱友システム,4685,東S,,"2,755",-42,-1.50%,116,9.76倍,1.58倍,3.63%
20260618,1655,バンドー,5195,東P,,"2,248",+19,+0.85%,116,11.4倍,0.99倍,4.45%
20260618,1656,ナガワ,9663,東P,,"4,910",+10,+0.20%,116,23.1倍,1.10倍,1.22%
20260618,1657,ＳＦＰ,3198,東P,,"2,245",-14,-0.62%,115,ー倍,5.58倍,ー%
20260618,1658,新日本科学,2395,東P,,"1,091",-1,-0.09%,115,13.0倍,1.05倍,4.58%
20260618,1659,４℃ホールデ,8008,東P,,"1,877",+19,+1.02%,115,17.5倍,0.98倍,4.53%
20260618,1660,蝶理,8014,東P,,"3,855",-15,-0.39%,115,9.05倍,0.93倍,4.44%
20260618,1661,神鋼商,8075,東P,,"2,435",+4,+0.16%,115,7.15倍,0.65倍,5.34%
20260618,1662,フジ住,8860,東P,,726,-5,-0.68%,115,ー倍,0.44倍,4.41%
20260618,1663,セーフィー,4375,東G,,640,+5,+0.79%,115,ー倍,3.87倍,ー%
20260618,1664,野村コア３０,1311,東Ｅ,,"2,120",+58,+2.81%,115,ー倍,ー倍,ー%
20260618,1665,明星工,1976,東P,,"1,783",+30,+1.71%,115,14.6倍,1.19倍,3.65%
20260618,1666,ｉＦＲＥＩＴ,1488,東Ｅ,,"1,836",+12,+0.66%,114,ー倍,ー倍,ー%
20260618,1667,イー・ギャラ,8771,東P,,"1,690",-4,-0.24%,114,19.8倍,3.71倍,4.97%
20260618,1668,アドヴァンＧ,7463,東S,,909,-11,-1.20%,114,ー倍,0.51倍,4.40%
20260618,1669,岡本工,6125,東S,,"5,260",+70,+1.35%,114,17.4倍,0.82倍,3.04%
20260618,1670,ｉＦＳＰ有,2248,東Ｅ,,"2,702",-20,-0.73%,114,ー倍,ー倍,ー%
20260618,1671,ＴＥＩＫＯＫ,6333,東P,,"3,120",+50,+1.63%,113,12.8倍,1.53倍,4.23%
20260618,1672,フロンテオ,2158,東G,,589,-13,-2.16%,113,154倍,6.31倍,ー%
20260618,1673,グリムス,3150,東P,,"2,410",-25,-1.03%,113,10.4倍,2.86倍,3.86%
20260618,1674,神島化,4026,東S,,"1,707",-16,-0.93%,113,ー倍,1.06倍,ー%
20260618,1675,シェアテク,3989,東G,,"1,027",-8,-0.77%,112,9.83倍,5.01倍,5.36%
20260618,1676,新日本建,1879,東P,,"2,210",-15,-0.67%,112,7.39倍,0.96倍,3.48%
20260618,1677,北陸電工,1930,東P,,"1,749",+50,+2.94%,112,11.7倍,1.04倍,2.74%
20260618,1678,ウェーブＨＤ,7940,東S,,"1,050",+2,+0.19%,112,ー倍,0.53倍,ー%
20260618,1679,上場ＮＱヘ有,2569,東Ｅ,,"4,405",-15,-0.34%,112,ー倍,ー倍,ー%
20260618,1680,ＣＣＴ,4371,東G,,"1,442",+135,+10.33%,111,17.3倍,5.08倍,1.46%
20260618,1681,中外炉,1964,東P,,"4,060",-40,-0.98%,111,11.3倍,0.91倍,4.43%
20260618,1682,甜菜糖,2108,東P,,"4,580",+80,+1.78%,111,44.9倍,0.70倍,5.68%
20260618,1683,ユーザーロカ,3984,東P,,"1,813",+3,+0.17%,111,18.8倍,3.01倍,1.32%
20260618,1684,北ガス,9534,東P,,749,+5,+0.67%,111,7.04倍,0.68倍,3.60%
20260618,1685,じげん,3679,東P,,382,0,0.00%,111,8.63倍,1.68倍,3.53%
20260618,1686,リベルタ,4935,東S,,224,0,0.00%,110,54.0倍,5.33倍,0.89%
20260618,1687,野村米半導,346A,東Ｅ,,"5,400",+96,+1.81%,110,ー倍,ー倍,ー%
20260618,1688,ラクオリア,4579,東G,,504,+14,+2.86%,109,ー倍,1.63倍,ー%
20260618,1689,近畿車,7122,東S,,"2,440",+136,+5.90%,109,16.8倍,0.47倍,2.05%
20260618,1690,ＱＱＱ,587A,東Ｅ,,"117,700",-100,-0.08%,108,ー倍,ー倍,ー%
20260618,1691,野村機械,1624,東Ｅ,,"92,900","+1,260",+1.37%,108,ー倍,ー倍,ー%
20260618,1692,ｇｕｍｉ,3903,東P,,245,-6,-2.39%,108,ー倍,0.64倍,ー%
20260618,1693,ザイン,6769,東S,,"1,076",-8,-0.74%,108,"3,710倍",1.37倍,1.39%
20260618,1694,オリコン,4800,東S,,"1,329",0,0.00%,108,16.3倍,2.94倍,ー%
20260618,1695,中山鋼,5408,東P,,615,+3,+0.49%,108,9.53倍,0.31倍,3.25%
20260618,1696,ユニシアＨＤ,3547,東S,,"1,467",-23,-1.54%,107,37.9倍,2.27倍,ー%
20260618,1697,Ｍラインズ,3901,東P,,"1,283",-16,-1.23%,107,9.85倍,2.60倍,4.52%
20260618,1698,サスメド,4263,東G,,776,+17,+2.24%,107,ー倍,3.25倍,ー%
20260618,1699,ビーウィズ,9216,東P,,"1,512",+37,+2.51%,107,30.9倍,2.56倍,5.09%
20260618,1700,上場米債０ラ,2093,東Ｅ,,"5,344",+8,+0.15%,107,ー倍,ー倍,ー%
20260618,1701,三精テクノロ,6357,東S,,"2,475",+43,+1.77%,107,8.28倍,0.86倍,3.84%
20260618,1702,トーホー,8142,東P,,"1,299",-1,-0.08%,107,8.63倍,1.18倍,4.70%
20260618,1703,ハニーズＨＤ,2792,東P,,"1,363",-19,-1.37%,107,10.6倍,0.81倍,4.04%
20260618,1704,スターマイカ,2975,東P,,"1,570",+24,+1.55%,107,9.88倍,1.89倍,3.25%
20260618,1705,ＡＤＷＧ,2982,東P,,398,+2,+0.51%,106,6.34倍,0.91倍,5.03%
20260618,1706,ニシオＨＤ,9699,東P,,"3,940",+20,+0.51%,106,8.97倍,0.76倍,3.35%
20260618,1707,特種東海,3708,東P,,"1,808",-24,-1.31%,106,13.7倍,0.76倍,5.20%
20260618,1708,ＣＡＮＢＡＳ,4575,東G,,600,+12,+2.04%,106,ー倍,5.80倍,ー%
20260618,1709,日特塗,4619,東S,,"2,326",-14,-0.60%,106,9.34倍,0.82倍,5.59%
20260618,1710,トランザク,7818,東P,,"1,310",-21,-1.58%,105,17.3倍,3.63倍,2.37%
20260618,1711,四電工,1939,東P,,"1,979",+14,+0.71%,105,14.2倍,1.32倍,4.24%
20260618,1712,ｎｍｓ,2162,東S,,538,0,0.00%,105,18.8倍,2.05倍,1.67%
20260618,1713,グロバルＬＭ,3486,東P,,"1,824",+30,+1.67%,105,5.68倍,1.96倍,5.48%
20260618,1714,三社電機,6882,東S,,"1,363",+19,+1.41%,105,19.9倍,0.73倍,2.93%
20260618,1715,萩原工業,7856,東P,,"1,717",+17,+1.00%,105,16.1倍,0.76倍,4.37%
20260618,1716,スターゼン,8043,東P,,"1,178",+2,+0.17%,105,7.92倍,0.70倍,4.24%
20260618,1717,レボリュー,8894,東S,,26,+4,+18.18%,104,ー倍,4.86倍,ー%
20260618,1718,日邦産業,9913,東S,,"3,780",-10,-0.26%,104,24.3倍,1.91倍,2.09%
20260618,1719,ベルテクス,5290,東S,,"1,358",-36,-2.58%,104,14.3倍,1.52倍,2.95%
20260618,1720,アップバンク,6177,東G,,84,+4,+5.00%,103,ー倍,2.53倍,ー%
20260618,1721,大光銀,8537,東S,,"2,816",+44,+1.59%,103,8.13倍,0.33倍,3.76%
20260618,1722,ＧＷ,3936,東G,,165,+10,+6.45%,103,49.9倍,6.64倍,ー%
20260618,1723,電算システム,4072,東P,,"2,853",-17,-0.59%,103,11.7倍,1.23倍,3.51%
20260618,1724,第一建設,1799,東S,,"3,370",0,0.00%,103,13.9倍,0.80倍,4.75%
20260618,1725,ミタチ産業,3321,東S,,"1,849",+93,+5.30%,103,7.37倍,0.85倍,4.33%
20260618,1726,セントラルＲ,3488,東Ｒ,,"103,900",-300,-0.29%,103,15.6倍,1.03倍,6.44%
20260618,1727,アズーム,3496,東P,,"4,210",-60,-1.41%,103,23.6倍,7.93倍,2.99%
20260618,1728,ＫＰＰＧＨＤ,9274,東P,,968,-5,-0.51%,102,12.1倍,0.67倍,4.13%
20260618,1729,白銅,7637,東P,,"3,680",+25,+0.68%,102,13.0倍,1.64倍,3.48%
20260618,1730,オカモト,5122,東P,,"5,650",-80,-1.40%,102,20.1倍,0.87倍,2.12%
20260618,1731,日特建,1929,東P,,"1,102",-11,-0.99%,102,12.4倍,1.22倍,4.54%
20260618,1732,いちごホテル,3463,東Ｒ,,"113,200","+1,100",+0.98%,101,15.9倍,0.90倍,6.30%
20260618,1733,ゲンキＧＤＣ,9828,東S,,"2,820",+7,+0.25%,101,15.1倍,2.56倍,2.48%
20260618,1734,共同印,7914,東P,,"1,538",+14,+0.92%,101,10.1倍,0.65倍,5.20%
20260618,1735,福島銀,8562,東S,,355,+7,+2.01%,101,13.8倍,0.52倍,1.41%
20260618,1736,バリュエンス,9270,東G,,"2,347",-29,-1.22%,100,10.3倍,3.28倍,1.92%
20260618,1737,ミーク,332A,東G,,"1,066",+46,+4.51%,100,12.6倍,2.07倍,ー%
20260618,1738,ゲームカード,6249,東S,,"2,474",+53,+2.19%,100,14.5倍,0.57倍,4.04%
20260618,1739,ＴＯＡ,6809,東P,,"1,571",+4,+0.26%,99,16.0倍,0.93倍,5.41%
20260618,1740,京写,6837,東S,,383,+15,+4.08%,99,12.7倍,0.55倍,2.35%
20260618,1741,ＭＥＲＦ,3168,東S,,"1,327",+7,+0.53%,99,10.1倍,1.66倍,2.26%
20260618,1742,大豊建,1822,東S,,740,+3,+0.41%,99,13.3倍,0.83倍,5.14%
20260618,1743,グッドコムＡ,3475,東P,,"1,398",+12,+0.87%,99,8.84倍,2.86倍,3.29%
20260618,1744,ＩＧＳ,4265,東G,,308,+26,+9.22%,99,210倍,3.08倍,ー%
20260618,1745,ｉＳ高配当,1478,東Ｅ,,"5,011",+8,+0.16%,98,ー倍,ー倍,ー%
20260618,1746,学究社,9769,東P,,"2,522",+38,+1.53%,98,12.5倍,3.35倍,5.04%
20260618,1747,トーモク,3946,東P,,"3,770",0,0.00%,98,7.68倍,0.61倍,4.51%
20260618,1748,バイタルＫＳ,3151,東P,,"1,529",-3,-0.20%,98,9.84倍,0.63倍,4.58%
20260618,1749,中央自,8117,東S,,"2,062",-3,-0.15%,98,12.0倍,1.81倍,3.06%
20260618,1750,アイモバイル,6535,東P,,498,-1,-0.20%,98,8.89倍,1.62倍,5.42%
20260618,1751,ユシロ,5013,東S,,"3,170",-50,-1.55%,98,10.5倍,0.86倍,ー%
20260618,1752,コーディア,190A,東G,,72,+4,+5.88%,98,ー倍,2.39倍,ー%
20260618,1753,ＬＩＦＵＬＬ,2120,東P,,194,-3,-1.52%,97,13.1倍,0.91倍,2.69%
20260618,1754,グリーンズ,6547,東S,,"2,036",+22,+1.09%,97,6.33倍,3.45倍,2.55%
20260618,1755,加藤製,6390,東P,,"1,255",+12,+0.97%,96,ー倍,0.33倍,5.58%
20260618,1756,ブックオフＧ,9278,東P,,"1,950",+5,+0.26%,96,14.3倍,1.65倍,1.54%
20260618,1757,リケンテクノ,4220,東P,,"1,722",+11,+0.64%,96,12.1倍,1.21倍,3.14%
20260618,1758,イオンファン,4343,東P,,"2,447",-40,-1.61%,96,16.1倍,6.19倍,0.82%
20260618,1759,クレスコ,4674,東P,,"1,475",+11,+0.75%,96,10.7倍,1.77倍,4.75%
20260618,1760,福田組,1899,東P,,"7,810",+280,+3.72%,96,12.9倍,0.72倍,3.33%
20260618,1761,日精線,5659,東P,,"1,528",+31,+2.07%,96,16.8倍,1.10倍,3.01%
20260618,1762,ブティックス,9272,東G,,"1,507",-2,-0.13%,95,10.4倍,5.60倍,ー%
20260618,1763,帝ホテル,9708,東S,,998,+3,+0.30%,95,63.9倍,2.41倍,0.60%
20260618,1764,小松ウオール,7949,東P,,"2,491",+11,+0.44%,95,14.4倍,1.12倍,5.42%
20260618,1765,進和,7607,東P,,"3,180",+30,+0.95%,95,13.8倍,0.92倍,3.90%
20260618,1766,リズム,7769,東P,,"3,730",-5,-0.13%,95,17.5倍,0.88倍,4.49%
20260618,1767,大和冷,6459,東P,,"1,715",+38,+2.27%,95,15.0倍,1.20倍,3.50%
20260618,1768,わらべ日洋,2918,東P,,"2,566",+4,+0.16%,95,9.26倍,0.75倍,4.68%
20260618,1769,シキボウ,3109,東P,,"1,002",-11,-1.09%,95,21.2倍,0.35倍,4.99%
20260618,1770,ティムス,4891,東G,,114,-4,-3.39%,95,ー倍,2.05倍,ー%
20260618,1771,マリモリート,3470,東Ｒ,,"107,600",+100,+0.09%,95,17.8倍,1.01倍,6.51%
20260618,1772,片倉,3001,東S,,"2,385",-21,-0.87%,94,10.4倍,0.75倍,2.52%
20260618,1773,キッズバイオ,4584,東G,,140,+6,+4.48%,94,ー倍,4.33倍,ー%
20260618,1774,ヘルスケアＭ,3455,東Ｒ,,"107,700",-100,-0.09%,93,19.2倍,1.00倍,5.87%
20260618,1775,アライドＨＤ,6835,東S,,247,-5,-1.98%,93,12.2倍,1.20倍,3.64%
20260618,1776,マクビープラ,7095,東P,,"1,075",-8,-0.74%,92,7.05倍,1.06倍,5.12%
20260618,1777,エンビプロ,5698,東S,,863,+10,+1.17%,92,13.7倍,1.36倍,2.55%
20260618,1778,ＧＸＵＳＴ配,283A,東Ｅ,,"1,387",-7,-0.50%,92,ー倍,ー倍,ー%
20260618,1779,スクイーズ,558A,東G,,"4,025",-175,-4.17%,92,25.5倍,7.78倍,ー%
20260618,1780,ＧＸ日経株主,465A,東Ｅ,,"1,278",+14,+1.11%,91,ー倍,ー倍,ー%
20260618,1781,ビーロット,3452,東S,,"1,458",+20,+1.39%,91,5.49倍,1.30倍,5.49%
20260618,1782,河合楽,7952,東P,,"3,275",+30,+0.92%,91,17.6倍,0.60倍,2.90%
20260618,1783,ホクト,1379,東P,,"1,874",+3,+0.16%,91,11.2倍,0.90倍,3.31%
20260618,1784,岡部,5959,東P,,897,+2,+0.22%,91,10.7倍,0.64倍,4.68%
20260618,1785,アイダ,6118,東P,,"1,116",-17,-1.50%,90,14.1倍,0.70倍,3.49%
20260618,1786,ＣＩＮＣ,4378,東G,,641,+5,+0.79%,90,475倍,1.72倍,ー%
20260618,1787,新東工,6339,東P,,"1,178",-10,-0.84%,90,11.1倍,0.56倍,4.07%
20260618,1788,かわでん,6648,東S,,"1,796",+17,+0.96%,90,9.78倍,1.42倍,3.67%
20260618,1789,スタ・アリス,2305,東S,,"1,795",+2,+0.11%,90,24.4倍,1.01倍,2.79%
20260618,1790,カメイ,8037,東P,,"3,475",+5,+0.14%,90,9.67倍,0.61倍,3.74%
20260618,1791,フィデアＨＤ,8713,東P,,"2,023",+23,+1.15%,89,11.4倍,0.42倍,3.71%
20260618,1792,アイドマＨＤ,7373,東G,,"1,180",+10,+0.85%,89,7.63倍,2.31倍,2.54%
20260618,1793,マミーマート,9823,東S,,998,+1,+0.10%,89,9.42倍,1.11倍,2.12%
20260618,1794,シュッピン,3179,東P,,"1,097",+2,+0.18%,89,12.6倍,2.27倍,3.65%
20260618,1795,双葉電,6986,東P,,600,-3,-0.50%,89,ー倍,0.30倍,ー%
20260618,1796,ＳＭＤ２２５,1397,東Ｅ,,"71,980","+1,170",+1.65%,89,ー倍,ー倍,ー%
20260618,1797,ヤマエＧＨＤ,7130,東P,,"2,902",+21,+0.73%,88,6.45倍,0.75倍,2.76%
20260618,1798,ｉＦＥナ百ベ,2842,東Ｅ,,"11,935",+160,+1.36%,88,ー倍,ー倍,ー%
20260618,1799,小田原エンジ,6149,東S,,"2,100",+60,+2.94%,88,14.0倍,0.65倍,3.33%
20260618,1800,ブラインド,7989,東P,,"2,480",+1,+0.04%,88,15.2倍,0.88倍,4.84%
20260618,1801,ニチモウ,8091,東P,,"2,261",+50,+2.26%,88,7.31倍,0.55倍,4.42%
20260618,1802,システムサポ,4396,東P,,953,-6,-0.63%,88,10.7倍,2.87倍,3.25%
20260618,1803,ＴＶＥ,6466,東S,,"4,415",-15,-0.34%,88,19.9倍,0.80倍,0.91%
20260618,1804,シリコンスタ,3907,東S,,868,+27,+3.21%,87,29.4倍,1.41倍,1.15%
20260618,1805,ヤマト,1967,東S,,"2,075",+75,+3.75%,87,10.8倍,1.09倍,3.71%
20260618,1806,フォーカス,4662,東P,,"1,605",+8,+0.50%,87,9.56倍,1.53倍,4.24%
20260618,1807,スカイマーク,9204,東G,,413,-3,-0.72%,87,31.1倍,0.73倍,ー%
20260618,1808,エノモト,6928,東S,,"3,500",+135,+4.01%,87,16.5倍,0.99倍,2.20%
20260618,1809,ＳＲＡＨＤ,3817,東P,,"4,515",+35,+0.78%,86,10.4倍,1.70倍,4.87%
20260618,1810,エネクスＩＦ,9286,東IF,,"53,500",-200,-0.37%,86,13.5倍,0.69倍,7.61%
20260618,1811,アルファＰ,9467,東G,,"1,041",+10,+0.97%,86,11.8倍,1.94倍,2.59%
20260618,1812,ＤＭＳ,9782,東S,,"3,355",0,0.00%,86,16.6倍,1.15倍,6.92%
20260618,1813,ファーマＦ,2929,東P,,535,-7,-1.29%,86,10.4倍,1.54倍,4.67%
20260618,1814,ダイドー,3205,東S,,710,-3,-0.42%,85,24.9倍,1.93倍,7.04%
20260618,1815,レオン,6272,東P,,"1,468",+9,+0.62%,85,9.86倍,0.92倍,4.09%
20260618,1816,チヨダ,8185,東P,,966,+2,+0.21%,85,29.8倍,0.66倍,5.59%
20260618,1817,アキレス,5142,東P,,"1,216",0,0.00%,85,12.8倍,0.38倍,2.47%
20260618,1818,ＶＮＸ,4422,東G,,627,-5,-0.79%,85,ー倍,6.40倍,ー%
20260618,1819,レック,7874,東P,,945,+7,+0.75%,84,10.3倍,0.82倍,2.96%
20260618,1820,Ｂガレージ,3180,東P,,"1,393",-9,-0.64%,84,12.9倍,2.08倍,1.29%
20260618,1821,クラウドＷ,3900,東G,,616,-22,-3.45%,84,ー倍,1.51倍,ー%
20260618,1822,ラクーンＨＤ,3031,東P,,570,-11,-1.89%,84,36.9倍,2.64倍,3.86%
20260618,1823,イノバセル,504A,東G,,487,+16,+3.40%,84,ー倍,2.16倍,ー%
20260618,1824,ＷＴ銅,1693,東Ｅ,,"8,870",-167,-1.85%,84,ー倍,ー倍,ー%
20260618,1825,海帆,3133,東G,,113,0,0.00%,83,ー倍,27.3倍,ー%
20260618,1826,多木化,4025,東P,,"4,660",-45,-0.96%,83,14.7倍,0.87倍,1.72%
20260618,1827,免疫生物研,4570,東G,,969,+20,+2.11%,83,26.0倍,4.90倍,0.77%
20260618,1828,三洋貿易,3176,東P,,"1,533",+7,+0.46%,83,9.21倍,0.81倍,3.91%
20260618,1829,ホテルレジＲ,3472,東Ｒ,,"64,100",-200,-0.31%,83,15.8倍,1.06倍,6.36%
20260618,1830,日車両,7102,東P,,"3,280",+50,+1.55%,83,6.31倍,0.58倍,1.52%
20260618,1831,日産車体,7222,東S,,960,+8,+0.84%,83,9.29倍,0.71倍,ー%
20260618,1832,アイビー,4918,東S,,302,-7,-2.27%,83,17.7倍,1.16倍,4.97%
20260618,1833,ＡＢＥＪＡ,5574,東G,,"2,236",+11,+0.49%,83,41.3倍,4.56倍,ー%
20260618,1834,トランシティ,9310,東P,,"1,118",+6,+0.54%,83,10.3倍,0.68倍,3.89%
20260618,1835,ＮＳＷ,9739,東P,,"2,528",+22,+0.88%,83,10.0倍,0.99倍,4.94%
20260618,1836,キーコーヒー,2594,東P,,"1,967",+10,+0.51%,82,56.2倍,1.33倍,0.61%
20260618,1837,アイホン,6718,東P,,"2,666",-3,-0.11%,82,13.6倍,0.62倍,4.88%
20260618,1838,日本ホスピス,7061,東G,,540,-12,-2.17%,82,7.61倍,1.28倍,4.63%
20260618,1839,ケミプロ,4960,東S,,584,+21,+3.73%,82,ー倍,1.88倍,ー%
20260618,1840,ニチレキＧ,5011,東P,,"2,090",+10,+0.48%,82,13.8倍,0.75倍,4.07%
20260618,1841,ワイズＨＤ,5955,東S,,82,-1,-1.20%,82,29.5倍,0.91倍,1.22%
20260618,1842,中発条,5992,東S,,"3,860",+20,+0.52%,82,40.6倍,1.11倍,2.33%
20260618,1843,ケアサプライ,2393,東S,,"4,385",+85,+1.98%,81,29.6倍,3.66倍,1.69%
20260618,1844,ＳＲＳＨＤ,8163,東P,,"1,203",-3,-0.25%,81,27.6倍,2.79倍,0.83%
20260618,1845,電気興,6706,東P,,"3,155",0,0.00%,81,12.0倍,0.75倍,3.33%
20260618,1846,デンヨー,6517,東P,,"3,680",+5,+0.14%,80,12.6倍,0.91倍,3.26%
20260618,1847,Ｊグループ,3063,東G,,"1,053",-51,-4.62%,80,47.5倍,15.5倍,0.47%
20260618,1848,ホッカンＨＤ,5902,東P,,"2,407",+39,+1.65%,80,8.47倍,0.49倍,4.15%
20260618,1849,パイオラック,5988,東P,,"1,596",+11,+0.69%,80,55.0倍,0.59倍,5.76%
20260618,1850,チャームケア,6062,東P,,"1,330",+23,+1.76%,80,12.2倍,2.02倍,3.23%
20260618,1851,トーカイ,9729,東P,,"2,290",+31,+1.37%,80,11.6倍,0.84倍,3.49%
20260618,1852,ムトー精工,7927,東S,,"2,211",-39,-1.73%,80,5.12倍,0.73倍,5.29%
20260618,1853,クリアル,2998,東G,,510,+16,+3.24%,80,8.66倍,1.61倍,1.57%
20260618,1854,ＪＢＳ,5036,東P,,"1,455",+10,+0.69%,80,9.37倍,2.30倍,3.44%
20260618,1855,コプロＨＤ,7059,東P,,765,+4,+0.53%,80,17.7倍,2.96倍,5.88%
20260618,1856,木村工機,6231,東S,,"11,840",+360,+3.14%,79,12.1倍,2.97倍,1.69%
20260618,1857,群栄化,4229,東P,,"4,860",-70,-1.42%,79,ー倍,0.59倍,ー%
20260618,1858,ＮＥＣキャピ,8793,東P,,"4,095",-5,-0.12%,79,8.82倍,0.68倍,3.66%
20260618,1859,ＧＸクリ日株,2637,東Ｅ,,"3,520",+104,+3.04%,78,ー倍,ー倍,ー%
20260618,1860,セグエＧ,3968,東P,,567,+2,+0.35%,78,14.7倍,2.90倍,3.17%
20260618,1861,窪田製薬ＨＤ,4596,東G,,57,0,0.00%,78,ー倍,4.96倍,ー%
20260618,1862,積化成,4228,東P,,564,0,0.00%,77,10.3倍,0.51倍,3.01%
20260618,1863,日本空調,4658,東P,,"1,558",+6,+0.39%,77,13.9倍,1.76倍,3.66%
20260618,1864,Ｅ・ＪＨＤ,2153,東P,,"1,596",+7,+0.44%,77,8.56倍,0.82倍,4.32%
20260618,1865,Ｊティッシュ,7774,東G,,642,+19,+3.05%,77,261倍,5.12倍,ー%
20260618,1866,フジッコ,2908,東P,,"1,492",+6,+0.40%,77,34.3倍,0.61倍,3.08%
20260618,1867,ネクストーン,7094,東G,,"1,302",-24,-1.81%,77,12.7倍,2.29倍,1.69%
20260618,1868,ヤプリ,4168,東G,,726,+2,+0.28%,76,10.1倍,2.99倍,2.07%
20260618,1869,立花エレ,8159,東P,,"3,040",+30,+1.00%,76,11.1倍,0.64倍,3.95%
20260618,1870,ミダックＨＤ,6564,東P,,"1,977",+18,+0.92%,76,16.4倍,3.04倍,1.01%
20260618,1871,小野測器,6858,東S,,945,+21,+2.27%,76,12.3倍,0.60倍,3.17%
20260618,1872,フジオフード,2752,東P,,"1,167",-3,-0.26%,76,545倍,6.83倍,0.26%
20260618,1873,モリト,9837,東P,,"1,758",+10,+0.57%,76,14.6倍,1.08倍,4.10%
20260618,1874,鳥取銀,8383,東S,,"1,634",+50,+3.16%,75,9.56倍,0.30倍,3.06%
20260618,1875,黒田精,7726,東S,,"1,444",-29,-1.97%,75,24.5倍,0.70倍,1.39%
20260618,1876,大盛工業,1844,東S,,483,+10,+2.11%,75,18.2倍,1.48倍,2.38%
20260618,1877,スタティアＨ,3393,東P,,"2,926",+8,+0.27%,75,11.7倍,3.26倍,4.96%
20260618,1878,エスネット,5867,東G,,"1,300",+193,+17.43%,75,11.1倍,2.43倍,ー%
20260618,1879,学研ＨＤ,9470,東P,,954,-1,-0.10%,74,9.93倍,0.75倍,3.04%
20260618,1880,キャリアＬ,6070,東P,,"2,156",-12,-0.55%,74,9.11倍,1.60倍,5.57%
20260618,1881,ＮＡＮＯＨＤ,4571,東G,,103,-2,-1.90%,74,ー倍,2.41倍,ー%
20260618,1882,水戸,8622,東P,,659,+1,+0.15%,74,ー倍,0.93倍,ー%
20260618,1883,エアトリ,6191,東P,,780,-13,-1.64%,74,29.0倍,1.02倍,ー%
20260618,1884,荏原実業,6328,東P,,"2,429",+11,+0.45%,74,12.7倍,1.91倍,3.09%
20260618,1885,ルネサンス,2378,東P,,990,-3,-0.30%,74,39.0倍,2.44倍,1.31%
20260618,1886,シンデンハイ,3131,東S,,"3,635",+95,+2.68%,73,8.06倍,0.92倍,3.71%
20260618,1887,ｉＦナ百Ｗベ,2870,東Ｅ,,"7,413",+68,+0.93%,73,ー倍,ー倍,ー%
20260618,1888,ＳＭＴ好配当,170A,東Ｅ,,"3,149",+40,+1.29%,73,ー倍,ー倍,ー%
20260618,1889,ロボホーム,1435,東S,,159,+2,+1.27%,73,7.06倍,1.30倍,1.26%
20260618,1890,ｉＳ米リート,1659,東Ｅ,,"3,875",-69,-1.75%,73,ー倍,ー倍,ー%
20260618,1891,三谷セキ,5273,東S,,"1,408",-10,-0.71%,73,9.70倍,0.97倍,3.09%
20260618,1892,ＰＣＡ,9629,東P,,"1,270",-25,-1.93%,73,31.9倍,1.35倍,3.15%
20260618,1893,ＱＢＮＨＤ,6571,東P,,"1,253",+2,+0.16%,73,12.1倍,1.11倍,3.19%
20260618,1894,カナデン,8081,東P,,"2,526",+11,+0.44%,73,14.1倍,1.11倍,3.96%
20260618,1895,アイザワ証Ｇ,8708,東P,,"1,465",+2,+0.14%,72,ー倍,0.96倍,ー%
20260618,1896,恵和,4251,東P,,"1,260",-7,-0.55%,72,7.64倍,0.97倍,3.97%
20260618,1897,ＧＸ高配日株,2564,東Ｅ,,"3,291",+10,+0.30%,72,ー倍,ー倍,ー%
20260618,1898,サイバトラス,4498,東G,,"1,149",-5,-0.43%,72,15.2倍,2.53倍,1.22%
20260618,1899,ウェルネオＳ,2117,東P,,"2,574",+3,+0.12%,72,13.0倍,1.09倍,4.62%
20260618,1900,日本トリム,6788,東P,,"4,615",+55,+1.21%,72,15.6倍,1.45倍,2.82%
20260618,1901,ｉＦＥ科創板,2628,東Ｅ,,"4,370",+210,+5.05%,71,ー倍,ー倍,ー%
20260618,1902,ＧＸゲー日株,2640,東Ｅ,,"3,405",-74,-2.13%,71,ー倍,ー倍,ー%
20260618,1903,網屋,4258,東G,,"3,315",-65,-1.92%,71,32.1倍,13.7倍,ー%
20260618,1904,コニシ,4956,東P,,"1,466",+16,+1.10%,71,11.2倍,1.03倍,2.59%
20260618,1905,ヒビノ,2469,東S,,"2,839",+61,+2.20%,71,10.8倍,2.00倍,3.17%
20260618,1906,ＪＥＴ,6228,東S,,711,-19,-2.60%,71,ー倍,0.96倍,ー%
20260618,1907,ダイニック,3551,東S,,"1,414",+75,+5.60%,71,5.90倍,0.39倍,3.25%
20260618,1908,プロシップ,3763,東P,,"1,694",-6,-0.35%,71,18.6倍,3.83倍,2.48%
20260618,1909,ＦＪネクＨＤ,8935,東P,,"1,768",+36,+2.08%,71,5.51倍,0.71倍,4.52%
20260618,1910,コーア商ＨＤ,9273,東P,,758,0,0.00%,70,8.77倍,1.05倍,2.37%
20260618,1911,コンヴァノ,6574,東G,,89,+3,+3.49%,70,7.63倍,4.08倍,1.12%
20260618,1912,ＯＡＴアグリ,4979,東S,,"2,628",-21,-0.79%,70,11.0倍,1.34倍,2.28%
20260618,1913,椿本興,8052,東P,,"2,688",+8,+0.30%,70,9.32倍,0.99倍,3.35%
20260618,1914,リアルゲイト,5532,東G,,"3,240",-25,-0.77%,70,29.0倍,5.28倍,ー%
20260618,1915,ブリーチ,9162,東G,,246,+11,+4.68%,70,ー倍,0.67倍,ー%
20260618,1916,くすりの窓口,5592,東G,,"2,540",-68,-2.61%,70,9.39倍,2.56倍,1.57%
20260618,1917,イントループ,9556,東G,,"1,833",+9,+0.49%,69,26.6倍,2.73倍,ー%
20260618,1918,ククレブ,276A,東G,,"3,050",+74,+2.49%,69,22.0倍,3.41倍,0.89%
20260618,1919,遠藤照明,6932,東S,,"2,336",+10,+0.43%,69,7.84倍,0.69倍,3.77%
20260618,1920,カナディアン,9284,東IF,,"87,300",+300,+0.34%,69,14.6倍,0.85倍,6.83%
20260618,1921,高島,8007,東P,,747,-2,-0.27%,69,15.9倍,1.10倍,6.16%
20260618,1922,メンバーズ,2130,東P,,"1,073",+2,+0.19%,69,7.92倍,2.07倍,3.26%
20260618,1923,フツパー,478A,東G,,755,+12,+1.62%,69,22.1倍,3.61倍,ー%
20260618,1924,野村台湾テク,412A,東Ｅ,,"4,826",-23,-0.47%,68,ー倍,ー倍,ー%
20260618,1925,ハローズ,2742,東P,,"3,790",-15,-0.39%,68,9.34倍,1.04倍,1.90%
20260618,1926,ラクトＪ,3139,東P,,"3,240",+10,+0.31%,68,9.40倍,1.00倍,4.07%
20260618,1927,八洲電機,3153,東P,,"2,812",+27,+0.97%,68,10.9倍,1.64倍,1.99%
20260618,1928,ユキグニ,1375,東P,,"1,108",+20,+1.84%,68,17.4倍,2.99倍,1.81%
20260618,1929,上場ＮＱヘ無,2568,東Ｅ,,"8,306",+2,+0.02%,68,ー倍,ー倍,ー%
20260618,1930,エネチェンジ,4169,東G,,170,0,0.00%,68,13.3倍,1.54倍,ー%
20260618,1931,ＰＲＴＩＭＥ,3922,東P,,"2,280",+38,+1.69%,68,14.0倍,3.37倍,0.74%
20260618,1932,セプテニＨＤ,4293,東S,,479,-1,-0.21%,68,18.9倍,1.52倍,3.76%
20260618,1933,ＩＤＨＤ,4709,東P,,"1,068",-24,-2.20%,68,12.1倍,2.39倍,4.68%
20260618,1934,農中ＤＡＸＨ,2089,東Ｅ,,"2,755",+8,+0.29%,68,ー倍,ー倍,ー%
20260618,1935,東リ,7971,東S,,628,0,0.00%,68,10.5倍,0.69倍,5.41%
20260618,1936,クレオス,8101,東P,,"2,368",-11,-0.46%,68,11.1倍,0.89倍,4.48%
20260618,1937,スバル,9632,東S,,"3,540",+15,+0.43%,68,14.7倍,1.22倍,2.26%
20260618,1938,力の源ＨＤ,3561,東P,,"1,514",-8,-0.53%,68,25.2倍,3.76倍,1.59%
20260618,1939,アンビＤＸ,3300,東G,,"2,208",-7,-0.32%,67,5.89倍,1.83倍,4.98%
20260618,1940,ポールＨＤ,3657,東P,,310,0,0.00%,67,15.7倍,1.36倍,5.16%
20260618,1941,エフティ,2763,東S,,"1,075",+33,+3.17%,67,8.41倍,0.91倍,ー%
20260618,1942,ナガイレーベ,7447,東P,,"1,622",+1,+0.06%,67,16.8倍,1.27倍,3.70%
20260618,1943,クリングル,4884,東G,,330,+28,+9.27%,67,ー倍,2.92倍,ー%
20260618,1944,メタリアル,6182,東G,,551,+24,+4.55%,67,37.5倍,2.99倍,ー%
20260618,1945,日金銭,6418,東P,,985,0,0.00%,67,11.6倍,0.75倍,4.67%
20260618,1946,ＦＰパートナ,7388,東P,,"2,016",+10,+0.50%,67,20.9倍,4.52倍,4.66%
20260618,1947,クルーズ,2138,東S,,410,-14,-3.30%,67,81.7倍,0.45倍,ー%
20260618,1948,オプティム,3694,東P,,430,+5,+1.18%,66,ー倍,2.52倍,ー%
20260618,1949,巴川コーポ,3878,東S,,817,+7,+0.86%,66,17.8倍,0.45倍,1.84%
20260618,1950,保土谷,4112,東P,,"2,278",+7,+0.31%,66,27.9倍,0.69倍,2.63%
20260618,1951,スターシーズ,3083,東S,,989,+12,+1.23%,66,17.1倍,3.10倍,1.01%
20260618,1952,石塚硝,5204,東S,,"2,996",+142,+4.98%,66,5.81倍,0.33倍,2.40%
20260618,1953,マイクロアド,9553,東G,,535,-4,-0.74%,66,21.7倍,3.75倍,ー%
20260618,1954,ＪＥＳＣＯ,1434,東S,,"1,904",+7,+0.37%,65,12.0倍,1.64倍,2.52%
20260618,1955,Ｏｎｅトピ,1473,東Ｅ,,"4,189",+60,+1.45%,65,ー倍,ー倍,ー%
20260618,1956,ＷＴ銀,1673,東Ｅ,,"10,040",-195,-1.91%,65,ー倍,ー倍,ー%
20260618,1957,三晃金,1972,東S,,"1,239",+1,+0.08%,65,9.75倍,0.86倍,5.17%
20260618,1958,あさくま,7678,東S,,"5,770",-30,-0.52%,65,74.0倍,8.78倍,ー%
20260618,1959,ｋｕｂｅｌｌ,4448,東G,,261,+6,+2.35%,65,ー倍,5.13倍,ー%
20260618,1960,ユニソルＨＤ,7128,東P,,"2,049",+5,+0.24%,65,23.5倍,0.68倍,4.93%
20260618,1961,ＣＡＣ,4725,東P,,"1,774",+8,+0.45%,65,ー倍,0.90倍,5.64%
20260618,1962,ナ・デックス,7435,東S,,"1,287",-1,-0.08%,65,9.73倍,0.51倍,3.11%
20260618,1963,アツギ,3529,東S,,878,-9,-1.01%,65,ー倍,0.44倍,ー%
20260618,1964,ＪＭＡＣＳ,5817,東S,,899,-21,-2.28%,65,20.4倍,0.89倍,1.67%
20260618,1965,ミロク情報,9928,東P,,"1,720",+14,+0.82%,65,10.7倍,1.55倍,3.78%
20260618,1966,ＭｒＭａｘ,8203,東P,,762,+12,+1.60%,65,8.19倍,0.66倍,3.81%
20260618,1967,ゼビオＨＤ,8281,東P,,"1,047",-3,-0.29%,64,5.78倍,0.37倍,3.34%
20260618,1968,空港施設,8864,東S,,913,+4,+0.44%,64,13.3倍,0.73倍,4.60%
20260618,1969,日神ＧＨＤ,8881,東P,,641,+1,+0.16%,64,8.55倍,0.42倍,5.77%
20260618,1970,ＳＢＩアルヒ,7198,東P,,792,+2,+0.25%,64,16.9倍,0.84倍,5.05%
20260618,1971,エコス,7520,東P,,"2,204",-22,-0.99%,64,7.04倍,0.84倍,3.18%
20260618,1972,マテリアルＧ,156A,東G,,858,-11,-1.27%,64,13.2倍,3.80倍,3.04%
20260618,1973,ワールドＨＤ,2429,東P,,"2,405",+10,+0.42%,64,6.18倍,0.89倍,5.67%
20260618,1974,エスコンＪＰ,2971,東Ｒ,,"113,800",+100,+0.09%,64,16.1倍,1.01倍,6.20%
20260618,1975,野村ＳＰＨ有,2634,東Ｅ,,"3,127",-7,-0.22%,64,ー倍,ー倍,ー%
20260618,1976,日東精,5957,東P,,792,+9,+1.15%,64,12.5倍,0.79倍,3.03%
20260618,1977,ネツレン,5976,東P,,"1,298",+11,+0.85%,64,28.1倍,0.72倍,5.47%
20260618,1978,ＥＲＩＨＤ,6083,東S,,"1,348",+16,+1.20%,64,10.8倍,4.04倍,2.72%
20260618,1979,日進工具,6157,東S,,924,+10,+1.09%,63,ー倍,1.23倍,ー%
20260618,1980,サトウ食品,2923,東S,,"7,260",+180,+2.54%,63,ー倍,1.47倍,ー%
20260618,1981,三信電,8150,東P,,"2,729",+25,+0.92%,63,9.28倍,0.73倍,5.13%
20260618,1982,北日銀,8551,東P,,"5,350",+80,+1.52%,63,9.74倍,0.46倍,3.59%
20260618,1983,ＴＰＸベア,1569,東Ｅ,,745.3,-10.7,-1.42%,63,ー倍,ー倍,ー%
20260618,1984,リファバスＧ,7375,東G,,"1,367",+38,+2.86%,63,15.3倍,11.6倍,ー%
20260618,1985,アドソル日進,3837,東P,,"1,366",+15,+1.11%,63,14.3倍,3.41倍,3.51%
20260618,1986,技研製,6289,東P,,"1,804",-1,-0.06%,63,20.8倍,1.16倍,2.99%
20260618,1987,ダイコク電,6430,東P,,"2,097",-9,-0.43%,63,9.85倍,0.61倍,4.77%
20260618,1988,愛電機,6623,名P,,"9,150",+150,+1.67%,62,12.3倍,0.98倍,3.06%
20260618,1989,清水銀,8364,東P,,"2,522",+25,+1.00%,62,11.4倍,0.36倍,2.38%
20260618,1990,ＣＩＪ,4826,東P,,495,0,0.00%,62,16.5倍,1.86倍,4.04%
20260618,1991,ニチリン,5184,東S,,"4,145",+15,+0.36%,62,9.76倍,0.89倍,4.58%
20260618,1992,ヨロズ,7294,東P,,892,+15,+1.71%,62,16.7倍,0.34倍,3.70%
20260618,1993,ケンコーマヨ,2915,東P,,"1,957",+19,+0.98%,62,9.92倍,0.68倍,3.58%
20260618,1994,杉本商,9932,東P,,"1,176",+6,+0.51%,62,11.8倍,0.60倍,4.59%
20260618,1995,ミニストップ,9946,東P,,"1,801",-13,-0.72%,61,522倍,1.97倍,1.11%
20260618,1996,ジェイリース,7187,東P,,"1,291",+4,+0.31%,61,9.13倍,3.12倍,4.65%
20260618,1997,ヤギ,7460,東S,,"4,750",-25,-0.52%,61,10.4倍,0.83倍,3.79%
20260618,1998,チノー,6850,東P,,"1,643",+37,+2.30%,61,12.7倍,1.16倍,3.65%
20260618,1999,ヨータイ,5357,東P,,"1,750",+14,+0.81%,61,12.4倍,0.94倍,5.14%
20260618,2000,ＧＸ優先証券,2866,東Ｅ,,"1,020",+5,+0.49%,61,ー倍,ー倍,ー%
20260618,2001,Ｖコマース,2491,東P,,473,-7,-1.46%,61,ー倍,0.89倍,3.38%
20260618,2002,松屋Ｒ＆Ｄ,7317,東G,,"1,103",0,0.00%,61,ー倍,2.90倍,ー%
20260618,2003,アシロ,7378,東G,,"1,481",+63,+4.44%,61,10.7倍,3.70倍,4.39%
20260618,2004,ｅｎｉｓｈ,3667,東S,,27,-1,-3.57%,61,ー倍,1.51倍,ー%
20260618,2005,ＡｎｄＤｏ,3457,東P,,"1,029",+6,+0.59%,60,7.41倍,1.07倍,4.47%
20260618,2006,テクミラ,3627,東S,,283,-10,-3.41%,60,22.8倍,0.57倍,1.77%
20260618,2007,システムリサ,3771,東P,,"1,799",+12,+0.67%,60,10.5倍,2.22倍,3.89%
20260618,2008,フリービット,3843,東P,,"1,451",+5,+0.35%,60,9.05倍,3.57倍,2.83%
20260618,2009,ヘリオスＴＨ,6927,東S,,922,+21,+2.33%,60,14.0倍,0.97倍,6.40%
20260618,2010,システムソフ,7527,東S,,48,-1,-2.04%,60,229倍,1.29倍,ー%
20260618,2011,ＣＥＨＤ,4320,東S,,"1,798",-20,-1.10%,60,34.5倍,3.67倍,1.33%
20260618,2012,薬王堂ＨＤ,7679,東P,,"1,665",-8,-0.48%,60,8.04倍,0.81倍,1.80%
20260618,2013,アドウェイズ,2489,東S,,294,+11,+3.89%,60,21.7倍,0.83倍,2.23%
20260618,2014,カンロ,2216,東S,,"1,117",+14,+1.27%,59,13.7倍,2.45倍,2.95%
20260618,2015,ゼロ,9028,東S,,"3,575",-30,-0.83%,59,8.34倍,1.30倍,3.92%
20260618,2016,ナガセ,9733,東S,,"2,200",-1,-0.05%,59,12.0倍,1.42倍,5.45%
20260618,2017,テーオーシー,8841,東S,,978,+10,+1.03%,59,27.8倍,0.83倍,1.02%
20260618,2018,リネットＪ,3556,東G,,781,-14,-1.76%,59,9.54倍,7.88倍,ー%
20260618,2019,ファインデ,3649,東P,,798,-8,-0.99%,59,15.0倍,3.45倍,3.38%
20260618,2020,日精鉱,5729,東S,,"1,511",-38,-2.45%,59,13.2倍,0.96倍,3.97%
20260618,2021,ＥＳＧ総合,2071,東EN,,"19,210",+260,+1.37%,59,ー倍,ー倍,ー%
20260618,2022,モイ,5031,東G,,372,+11,+3.05%,59,ー倍,2.55倍,ー%
20260618,2023,日水コン,261A,東S,,"2,024",-24,-1.17%,59,14.3倍,1.57倍,3.66%
20260618,2024,ＴＤＣソフト,4687,東P,,885,-13,-1.45%,59,10.5倍,1.76倍,3.84%
20260618,2025,エデュラボ,4427,東G,,194,-9,-4.43%,58,198倍,1.46倍,ー%
20260618,2026,生化学,4548,東P,,726,+11,+1.54%,58,17.6倍,0.53倍,4.13%
20260618,2027,ダイト,4577,東P,,"1,215",+3,+0.25%,58,14.0倍,0.67倍,3.29%
20260618,2028,Ｒフィールド,2910,東P,,"1,273",+4,+0.32%,58,106倍,1.16倍,1.89%
20260618,2029,エフテック,7212,東S,,677,-11,-1.60%,58,15.7倍,0.22倍,2.95%
20260618,2030,ライトアップ,6580,東G,,796,-32,-3.86%,58,8.28倍,1.21倍,2.39%
20260618,2031,山陽電,9052,東P,,"1,909",0,0.00%,58,14.1倍,0.68倍,2.62%
20260618,2032,いであ,9768,東S,,"3,230",+15,+0.47%,58,9.61倍,0.75倍,3.65%
20260618,2033,野村Ａ高配,2084,東Ｅ,,"3,770",+44,+1.18%,58,ー倍,ー倍,ー%
20260618,2034,タカトリ,6338,東S,,"1,592",+12,+0.76%,57,25.7倍,0.86倍,2.51%
20260618,2035,ＪＡＬＣＯ,6625,東S,,331,+8,+2.48%,57,165倍,1.94倍,5.44%
20260618,2036,ＤＩＴ,3916,東P,,810,+10,+1.25%,57,10.9倍,2.77倍,4.63%
20260618,2037,ＧＭＯ－ＧＳ,3788,東P,,"1,942",+15,+0.78%,57,21.2倍,2.22倍,3.07%
20260618,2038,高配当成長,345A,東EN,,"14,895",+105,+0.71%,57,ー倍,ー倍,ー%
20260618,2039,ユーソナー,431A,東G,,"1,840",-23,-1.23%,57,14.4倍,3.29倍,ー%
20260618,2040,今仙電機,7266,東S,,905,+5,+0.56%,57,8.36倍,0.34倍,3.54%
20260618,2041,ライク,2462,東P,,"1,419",-9,-0.63%,57,9.90倍,1.54倍,4.23%
20260618,2042,ウェルネット,2428,東S,,609,-2,-0.33%,56,11.6倍,1.29倍,4.84%
20260618,2043,ナレルＧ,9163,東G,,"2,221",+18,+0.82%,56,9.30倍,1.31倍,5.18%
20260618,2044,ｉＳ米高配当,2013,東Ｅ,,293.8,-2.2,-0.74%,56,ー倍,ー倍,ー%
20260618,2045,北里,368A,東P,,"1,195",-11,-0.91%,56,11.8倍,2.33倍,3.43%
20260618,2046,ヒトトヒトＨ,549A,東S,,486,-5,-1.02%,56,10.1倍,2.37倍,4.41%
20260618,2047,マーベラス,7844,東P,,445,+7,+1.60%,56,13.5倍,0.97倍,3.37%
20260618,2048,エニグモ,3665,東P,,375,0,0.00%,56,30.2倍,1.42倍,8.00%
20260618,2049,フコク,5185,東P,,"1,783",+3,+0.17%,56,11.0倍,0.62倍,5.61%
20260618,2050,日東工器,6151,東P,,"1,701",+40,+2.41%,56,21.7倍,0.52倍,1.88%
20260618,2051,野村ＳＰＨ無,2633,東Ｅ,,554.9,-1.9,-0.34%,56,ー倍,ー倍,ー%
20260618,2052,ＯｎｅＪリト,2556,東Ｅ,,"1,817.0",-5.5,-0.30%,55,ー倍,ー倍,ー%
20260618,2053,ＪＤＳＣ,4418,東G,,638,+8,+1.27%,55,19.4倍,1.64倍,ー%
20260618,2054,ＪＳＰ,7942,東P,,"2,619",-11,-0.42%,55,13.7倍,0.63倍,3.82%
20260618,2055,ジーイエット,7603,東S,,55,-3,-5.17%,55,4.55倍,2.28倍,ー%
20260618,2056,セルシード,7776,東G,,221,+2,+0.91%,55,ー倍,4.33倍,ー%
20260618,2057,早稲アカ,4718,東P,,"2,477",+7,+0.28%,55,16.6倍,2.76倍,3.03%
20260618,2058,デジハＨＤ,3676,東P,,701,+5,+0.72%,55,8.45倍,1.62倍,3.57%
20260618,2059,ジェコス,9991,東P,,"1,542",+9,+0.59%,54,9.10倍,0.73倍,4.47%
20260618,2060,インフ,438A,東G,,744,+19,+2.62%,54,32.2倍,2.77倍,ー%
20260618,2061,日食品,2892,東S,,"3,900",-60,-1.52%,54,12.5倍,0.62倍,3.85%
20260618,2062,西部技研,6223,東S,,"2,108",+8,+0.38%,54,10.6倍,1.30倍,3.32%
20260618,2063,アイサンテク,4667,東S,,"1,938",+73,+3.91%,54,26.8倍,1.64倍,1.91%
20260618,2064,ベステラ,1433,東P,,"1,157",-12,-1.03%,54,14.7倍,1.92倍,3.46%
20260618,2065,インテリＷ,4847,東P,,938,-1,-0.11%,54,17.3倍,2.56倍,3.94%
20260618,2066,ウィルＧ,6089,東P,,"1,016",-24,-2.31%,53,10.5倍,1.15倍,4.33%
20260618,2067,かどや製油,2612,東S,,"1,687",+62,+3.82%,53,22.7倍,1.24倍,2.79%
20260618,2068,アトラエ,6194,東P,,700,-7,-0.99%,53,17.2倍,4.22倍,4.86%
20260618,2069,ＹＵＳＨＩＮ,6482,東S,,741,-29,-3.77%,53,25.8倍,0.67倍,ー%
20260618,2070,フェイスＮＷ,3489,東S,,729,+15,+2.10%,53,5.69倍,1.74倍,6.17%
20260618,2071,ｊｉｇ．ｊｐ,5244,東G,,166,+4,+2.47%,53,5.90倍,1.36倍,1.77%
20260618,2072,ライズＣＧ,9168,東G,,387,+2,+0.52%,53,13.9倍,1.28倍,5.43%
20260618,2073,ミガロＨＤ,5535,東P,,253,+2,+0.80%,53,10.8倍,1.08倍,3.56%
20260618,2074,カウリス,153A,東G,,"1,201",+3,+0.25%,53,26.8倍,4.85倍,0.46%
20260618,2075,東祥,8920,東S,,748,-3,-0.40%,53,8.23倍,0.70倍,1.34%
20260618,2076,セントラルＳ,4801,東P,,"2,415",+49,+2.07%,52,18.4倍,1.02倍,1.66%
20260618,2077,新家工,7305,東S,,"2,496",+9,+0.36%,52,14.0倍,0.69倍,6.01%
20260618,2078,小野建,7414,東P,,"1,336",+6,+0.45%,52,7.96倍,0.35倍,5.16%
20260618,2079,ツカダＧＨＤ,2418,東S,,591,0,0.00%,52,4.62倍,0.75倍,2.37%
20260618,2080,ＳＭＤ日グ株,349A,東Ｅ,,866.0,+11.8,+1.38%,52,ー倍,ー倍,ー%
20260618,2081,ヒット,378A,東G,,"2,138",+58,+2.79%,52,16.5倍,2.73倍,1.87%
20260618,2082,オーバラップ,414A,東G,,916,+2,+0.22%,52,8.22倍,2.24倍,4.80%
20260618,2083,ＭＩＣ,300A,東S,,"2,796",-51,-1.79%,52,14.7倍,2.13倍,2.75%
20260618,2084,Ａバランス,3856,東S,,531,-7,-1.30%,52,ー倍,0.27倍,0.56%
20260618,2085,カナミックＮ,3939,東P,,502,+8,+1.62%,52,17.4倍,4.76倍,1.79%
20260618,2086,大日塗,4611,東P,,"1,312",-11,-0.83%,52,11.0倍,0.56倍,4.42%
20260618,2087,日石輸,9074,東S,,"5,030",-220,-4.19%,51,ー倍,0.55倍,2.39%
20260618,2088,アイネス,9742,東P,,"2,053",+45,+2.24%,51,25.1倍,1.16倍,2.68%
20260618,2089,ＭＶ東海,8198,東S,,"3,180",+25,+0.79%,51,10.9倍,1.04倍,2.67%
20260618,2090,オークワ,8217,東P,,777,-5,-0.64%,51,48.7倍,0.43倍,3.35%
20260618,2091,理経,8226,東S,,391,-3,-0.76%,51,14.1倍,0.98倍,1.79%
20260618,2092,ＨＳＨＤ,8699,東S,,"1,170",-6,-0.51%,51,ー倍,0.35倍,ー%
20260618,2093,エアーテック,6291,東S,,"1,304",-4,-0.31%,51,12.1倍,0.90倍,4.22%
20260618,2094,北川鉄,6317,東S,,"1,700",+13,+0.77%,51,7.86倍,0.34倍,3.76%
20260618,2095,ＮＦＫＨＤ,6494,東S,,97,-1,-1.02%,51,45.1倍,0.81倍,ー%
20260618,2096,ＤＭＰ,3652,東G,,"2,813",+38,+1.37%,51,295倍,2.71倍,ー%
20260618,2097,梅乃宿酒造,559A,東S,,"1,194",+31,+2.67%,51,22.8倍,2.05倍,1.75%
20260618,2098,ホクリヨウ,1384,東S,,"2,080",-16,-0.76%,51,7.75倍,1.00倍,3.85%
20260618,2099,ウネリー,5034,東G,,"2,022",-75,-3.58%,51,18.9倍,3.30倍,ー%
20260618,2100,ソラコム,147A,東G,,990,+1,+0.10%,50,63.9倍,4.09倍,ー%
20260618,2101,東京産,8070,東P,,836,+12,+1.46%,50,12.9倍,0.87倍,4.78%
20260618,2102,リテールＰＡ,8167,東P,,"1,319",+2,+0.15%,50,10.5倍,0.61倍,3.03%
20260618,2103,オリンピック,8289,東S,,978,+4,+0.41%,50,ー倍,1.07倍,ー%
20260618,2104,イチネンＨＤ,9619,東P,,"2,209",+8,+0.36%,50,7.57倍,0.73倍,3.62%
20260618,2105,ハリマ化成Ｇ,4410,東P,,"1,098",-12,-1.08%,50,10.1倍,0.65倍,3.83%
20260618,2106,アンジェス,4563,東G,,47,0,0.00%,50,ー倍,9.63倍,ー%
20260618,2107,ブランジスタ,6176,東S,,873,-6,-0.68%,50,6.32倍,1.89倍,7.45%
20260618,2108,野村ナスＨ有,2845,東Ｅ,,"3,638",-7,-0.19%,50,ー倍,ー倍,ー%
20260618,2109,明治電機工業,3388,東P,,"2,113",+6,+0.28%,50,8.70倍,0.70倍,4.54%
20260618,2110,太洋テクノ,6663,東S,,343,+22,+6.85%,50,27.7倍,0.77倍,0.87%
20260618,2111,ＳＳ金,447A,東Ｅ,,275.0,-1.0,-0.36%,50,ー倍,ー倍,ー%
20260618,2112,ＧＸ防衛テク,466A,東Ｅ,,"1,070",+3,+0.28%,49,ー倍,ー倍,ー%
20260618,2113,ＧＭＳ,544A,東P,,373,+2,+0.54%,49,ー倍,ー倍,ー%
20260618,2114,ＥＭシステム,4820,東P,,487,-4,-0.81%,49,15.4倍,1.77倍,4.72%
20260618,2115,ルックＨＤ,8029,東S,,"2,757",+47,+1.73%,49,12.9倍,0.51倍,3.63%
20260618,2116,近鉄百,8244,東S,,"1,788",+3,+0.17%,49,19.5倍,1.57倍,1.12%
20260618,2117,笑美面,9237,東G,,745,-5,-0.67%,49,17.2倍,3.71倍,ー%
20260618,2118,ＴＯＷ,4767,東S,,342,-3,-0.87%,49,9.43倍,1.37倍,5.35%
20260618,2119,ＧセブンＨＤ,7508,東P,,"1,346",-7,-0.52%,49,10.2倍,1.66倍,5.20%
20260618,2120,ケイヒン,9312,東S,,"2,790",-20,-0.71%,49,5.36倍,0.54倍,5.02%
20260618,2121,ファイバーＧ,9450,東S,,750,+7,+0.94%,49,11.9倍,2.19倍,3.60%
20260618,2122,エフオン,9514,東S,,329,-4,-1.20%,49,11.1倍,0.34倍,2.43%
20260618,2123,帝通工,6763,東P,,"3,105",+171,+5.83%,49,20.5倍,1.00倍,4.03%
20260618,2124,上場２２５Ｍ,1578,東Ｅ,,"5,717",+99,+1.76%,49,ー倍,ー倍,ー%
20260618,2125,エイチーム,3662,東P,,930,+1,+0.11%,49,28.8倍,1.99倍,3.01%
20260618,2126,アイフリーク,3845,東S,,194,+1,+0.52%,49,"4,850倍",4.46倍,ー%
20260618,2127,シモジマ,7482,東P,,"1,335",+7,+0.53%,48,12.0倍,0.85倍,4.42%
20260618,2128,ＫＧ情報,2408,東S,,796,-43,-5.13%,48,16.0倍,0.95倍,4.65%
20260618,2129,きちりＨＤ,3082,東S,,959,-7,-0.72%,48,31.0倍,5.17倍,0.78%
20260618,2130,ｉＳＱＴＯＰ,392A,東Ｅ,,286.8,-1.0,-0.35%,48,ー倍,ー倍,ー%
20260618,2131,フラベッドＨ,7840,東P,,"1,230",-4,-0.32%,48,13.4倍,1.02倍,3.41%
20260618,2132,三光合成,7888,東P,,800,+7,+0.88%,48,6.10倍,0.67倍,3.50%
20260618,2133,Ａｒｅｎｔ,5254,東G,,"3,480",-5,-0.14%,48,15.1倍,3.36倍,ー%
20260618,2134,ＮＩＳＳＯ,9332,東P,,583,+6,+1.04%,48,9.35倍,1.07倍,4.29%
20260618,2135,ｉシェア４百,1364,東Ｅ,,"3,817",+54,+1.44%,48,ー倍,ー倍,ー%
20260618,2136,ＮＣＤ,4783,東S,,"2,313",+3,+0.13%,47,10.1倍,2.19倍,5.19%
20260618,2137,ＬＩＥＨ,5856,東S,,6,0,0.00%,47,ー倍,0.26倍,ー%
20260618,2138,エディア,3935,東S,,671,+1,+0.15%,47,7.95倍,2.46倍,2.53%
20260618,2139,アクリート,4395,東G,,686,+4,+0.59%,47,12.3倍,1.47倍,1.46%
20260618,2140,カルナバイオ,4572,東G,,345,-6,-1.71%,47,ー倍,-38倍,ー%
20260618,2141,ＮＪＳ,2325,東P,,"4,835",+20,+0.42%,47,18.8倍,1.52倍,2.28%
20260618,2142,やまみ,2820,東S,,"4,845",+155,+3.30%,47,20.9倍,2.98倍,1.69%
20260618,2143,ＧＸＳカバコ,2868,東Ｅ,,"1,136",+2,+0.18%,47,ー倍,ー倍,ー%
20260618,2144,Ｓ＆Ｊ,5599,東G,,993,+11,+1.12%,47,13.7倍,2.57倍,1.71%
20260618,2145,フォースタ,7089,東G,,"1,524",-7,-0.46%,47,10.5倍,3.57倍,ー%
20260618,2146,ニレコ,6863,東S,,"2,654",+5,+0.19%,47,13.1倍,1.12倍,3.96%
20260618,2147,未来工業,7931,東P,,"3,055",-10,-0.33%,46,ー倍,0.89倍,3.27%
20260618,2148,佐藤商,8065,東P,,"3,210",+20,+0.63%,46,10.1倍,0.87倍,2.71%
20260618,2149,新田ゼラチン,4977,東S,,"1,287",-6,-0.46%,46,9.77倍,0.97倍,3.11%
20260618,2150,三協立山,5932,東P,,625,-12,-1.88%,46,9.79倍,0.20倍,4.00%
20260618,2151,メイホーＨＤ,7369,東G,,381,-50,-11.60%,46,ー倍,0.74倍,ー%
20260618,2152,農中Ｊリコア,2527,東Ｅ,,"1,096",-3,-0.27%,46,ー倍,ー倍,ー%
20260618,2153,柿安本店,2294,東P,,"2,485",-5,-0.20%,45,29.8倍,1.54倍,3.42%
20260618,2154,クエスト,2332,東S,,"1,751",+20,+1.16%,45,10.5倍,1.20倍,3.48%
20260618,2155,北海コカ,2573,東S,,"4,165",-15,-0.36%,45,51.5倍,1.31倍,0.72%
20260618,2156,宝＆ＣＯ,7921,東P,,"3,070",+25,+0.82%,45,12.8倍,1.30倍,3.91%
20260618,2157,インテージＨ,4326,東P,,"1,708",+8,+0.47%,45,20.4倍,1.86倍,2.81%
20260618,2158,Ｔ＆Ｇニーズ,4331,東P,,664,-2,-0.30%,45,17.0倍,0.54倍,6.02%
20260618,2159,Ｃ＆Ｒ,4763,東P,,"1,278",+8,+0.63%,45,8.08倍,1.42倍,3.91%
20260618,2160,千代田インテ,6915,東S,,"3,190",-10,-0.31%,45,7.67倍,0.69倍,5.02%
20260618,2161,Ｓｏｌｖｖｙ,7320,東G,,"1,406",-24,-1.68%,45,9.64倍,3.16倍,1.42%
20260618,2162,Ｊテック・Ｃ,3446,東S,,"1,707",+34,+2.03%,45,58.6倍,3.85倍,ー%
20260618,2163,中越パ,3877,東P,,"1,996",0,0.00%,45,15.7倍,0.42倍,6.01%
20260618,2164,旅工房,6548,東G,,101,-1,-0.98%,45,ー倍,2.34倍,ー%
20260618,2165,トヨコー,341A,東G,,"2,003",-8,-0.40%,45,41.7倍,9.16倍,ー%
20260618,2166,レント,372A,東S,,"5,070",+60,+1.20%,45,7.52倍,0.99倍,4.14%
20260618,2167,ＴＯブックス,500A,東S,,"2,878",+14,+0.49%,45,7.78倍,1.39倍,2.64%
20260618,2168,巴,1921,東S,,"1,693",+3,+0.18%,45,21.9倍,0.78倍,1.42%
20260618,2169,ＮＹダウブル,2040,東EN,,"38,050",-220,-0.57%,45,ー倍,ー倍,ー%
20260618,2170,グリッド,5582,東G,,"1,760",+3,+0.17%,45,30.1倍,2.03倍,ー%
20260618,2171,ｉＳ米債３月,2012,東Ｅ,,242.8,+0.6,+0.25%,44,ー倍,ー倍,ー%
20260618,2172,メディアス,3154,東P,,871,+18,+2.11%,44,14.9倍,0.93倍,2.30%
20260618,2173,中北製,6496,東S,,"4,920",+20,+0.41%,44,14.0倍,0.62倍,2.24%
20260618,2174,ワタミ,7522,東P,,914,-1,-0.11%,44,ー倍,2.07倍,ー%
20260618,2175,ソフトクリエ,3371,東P,,"1,705",+21,+1.25%,44,10.3倍,1.72倍,3.64%
20260618,2176,ＮＴＴＤイン,3850,東S,,"2,811",+5,+0.18%,44,13.2倍,2.33倍,2.67%
20260618,2177,ヤマックス,5285,東S,,"1,264",+4,+0.32%,44,6.41倍,1.21倍,4.75%
20260618,2178,共栄タ,9130,東S,,"1,386",+14,+1.02%,44,8.15倍,0.41倍,2.89%
20260618,2179,スペース,9622,東P,,"1,428",+12,+0.85%,44,10.6倍,1.00倍,5.04%
20260618,2180,ＳＭＤトピク,2557,東Ｅ,,"4,122",+46,+1.13%,44,ー倍,ー倍,ー%
20260618,2181,ＴＷＯＳＴ,7352,東G,,318,+1,+0.32%,43,21.4倍,3.81倍,0.31%
20260618,2182,トランヴィア,545A,東P,,860,+15,+1.78%,43,14.1倍,ー倍,4.65%
20260618,2183,ダイトーケミ,4366,東S,,519,-7,-1.33%,43,19.7倍,1.02倍,1.73%
20260618,2184,東インキ,4635,東S,,"1,329",+4,+0.30%,43,8.52倍,0.52倍,4.89%
20260618,2185,フィンテック,8789,東S,,123,0,0.00%,43,5.15倍,1.74倍,4.07%
20260618,2186,上場リート隔,1345,東Ｅ,,"1,791",-10,-0.56%,43,ー倍,ー倍,ー%
20260618,2187,農中Ｊリート,1595,東Ｅ,,"1,818",+2,+0.11%,43,ー倍,ー倍,ー%
20260618,2188,神鋼線,5660,東S,,"1,865",+30,+1.63%,43,ー倍,0.43倍,ー%
20260618,2189,エラン,6099,東P,,714,+2,+0.28%,43,13.5倍,2.97倍,2.24%
20260618,2190,冨士ダイス,6167,東P,,987,-5,-0.50%,43,37.2倍,0.95倍,4.05%
20260618,2191,楽待,6037,東S,,"1,040",+18,+1.76%,42,15.4倍,3.72倍,1.25%
20260618,2192,ダブスタ,3925,東P,,"1,185",+7,+0.59%,42,13.4倍,2.40倍,5.91%
20260618,2193,デルタフライ,4598,東G,,128,-4,-3.03%,42,ー倍,59.8倍,ー%
20260618,2194,ＳＫジャパン,7608,東S,,761,+11,+1.47%,42,9.32倍,1.92倍,3.15%
20260618,2195,Ｄｍミックス,7354,東S,,313,+1,+0.32%,42,8.15倍,0.96倍,3.04%
20260618,2196,理想科学,6413,東P,,987,0,0.00%,42,15.1倍,0.90倍,5.07%
20260618,2197,ラサ商事,3023,東S,,"1,815",+6,+0.33%,42,9.57倍,0.82倍,4.41%
20260618,2198,ＷＴ小麦,1695,東Ｅ,,"3,210",+68,+2.16%,42,ー倍,ー倍,ー%
20260618,2199,ＡＮＡＰＨＤ,3189,東S,,108,-5,-4.42%,42,ー倍,0.87倍,ー%
20260618,2200,メディアドゥ,3678,東P,,"1,299",-8,-0.61%,42,16.4倍,1.04倍,3.08%
20260618,2201,ＡＭＩ,3773,東G,,"1,033",-3,-0.29%,42,14.2倍,1.12倍,2.13%
20260618,2202,ＩＧポート,3791,東S,,"1,226",-14,-1.13%,42,18.3倍,2.40倍,1.39%
20260618,2203,九州リース,8596,東S,,"1,432",+13,+0.92%,42,7.71倍,0.71倍,4.33%
20260618,2204,極東貿易,8093,東P,,"1,725",+3,+0.17%,41,8.44倍,0.65倍,4.29%
20260618,2205,さいか屋,8254,東S,,249,+6,+2.47%,41,13.0倍,1.25倍,2.01%
20260618,2206,共和電,6853,東S,,880,-19,-2.11%,41,18.6倍,1.21倍,2.39%
20260618,2207,トビラシステ,4441,東S,,"1,356",-30,-2.16%,41,26.3倍,4.83倍,1.47%
20260618,2208,カイオム,4583,東G,,70,-1,-1.41%,41,ー倍,4.01倍,ー%
20260618,2209,ウリドキ,418A,名N,,"1,400",+61,+4.56%,41,24.8倍,12.5倍,ー%
20260618,2210,タキヒヨー,9982,東S,,"2,634",+11,+0.42%,41,13.7倍,0.68倍,1.90%
20260618,2211,フォトシンス,4379,東G,,398,-1,-0.25%,41,20.9倍,2.45倍,ー%
20260618,2212,東ラヂ,7235,東S,,"1,452",-5,-0.34%,41,7.68倍,0.57倍,5.30%
20260618,2213,イクヨ,7273,東S,,630,-1,-0.16%,41,301倍,1.38倍,0.48%
20260618,2214,アルビス,7475,東P,,"2,440",-7,-0.29%,41,15.1倍,0.62倍,2.87%
20260618,2215,チムニー,3178,東S,,"1,053",-12,-1.13%,41,81.3倍,3.17倍,0.47%
20260618,2216,オエノンＨＤ,2533,東P,,488,+5,+1.04%,41,9.42倍,1.03倍,2.46%
20260618,2217,ペッパー,3053,東S,,202,0,0.00%,41,249倍,3.58倍,ー%
20260618,2218,青山財産,8929,東S,,"1,294",+2,+0.15%,41,11.8倍,2.70倍,4.48%
20260618,2219,イチケン,1847,東S,,"2,626",-28,-1.06%,41,6.81倍,0.95倍,4.76%
20260618,2220,Ｏｎｅ高配当,1494,東Ｅ,,"43,470",+500,+1.16%,40,ー倍,ー倍,ー%
20260618,2221,田辺工業,1828,東S,,"2,300",-1,-0.04%,40,8.94倍,0.86倍,4.35%
20260618,2222,大庄,9979,東S,,"1,128",+13,+1.17%,40,25.7倍,2.06倍,1.24%
20260618,2223,Ｅインフィニ,7692,東S,,75,-2,-2.60%,40,15.0倍,6.60倍,3.47%
20260618,2224,ダイヤＨＤ,6699,東S,,470,-5,-1.05%,40,528倍,0.36倍,5.32%
20260618,2225,光・彩,7878,東S,,"1,342",-118,-8.08%,40,7.72倍,1.14倍,2.24%
20260618,2226,シナネンＨＤ,8132,東P,,"7,630",-210,-2.68%,40,15.9倍,1.37倍,1.57%
20260618,2227,ＧＥＮＯＶＡ,9341,東P,,584,+14,+2.46%,40,8.51倍,1.60倍,5.14%
20260618,2228,情報戦略テク,155A,東G,,886,+20,+2.31%,40,21.2倍,4.86倍,ー%
20260618,2229,田岡化,4113,東S,,695,+1,+0.14%,40,39.8倍,0.51倍,0.86%
20260618,2230,ブライトパス,4594,東G,,47,+1,+2.17%,40,ー倍,2.78倍,ー%
20260618,2231,リソー教育Ｇ,4714,東P,,192,+1,+0.52%,40,19.2倍,2.68倍,5.21%
20260618,2232,モンラボ,5255,東G,,84,+1,+1.20%,39,ー倍,7.27倍,ー%
20260618,2233,ＪＲＣ,6224,東G,,"1,329",+5,+0.38%,39,13.7倍,2.94倍,2.56%
20260618,2234,ペルセウス,4882,東G,,151,+6,+4.14%,39,ー倍,2.26倍,ー%
20260618,2235,ＡＢ＆Ｃ,9251,東G,,"1,241",-15,-1.19%,39,12.0倍,1.99倍,4.83%
20260618,2236,野村建設資材,1619,東Ｅ,,"50,850",+550,+1.09%,39,ー倍,ー倍,ー%
20260618,2237,高知銀,8416,東S,,"1,266",+30,+2.43%,39,6.69倍,0.33倍,1.97%
20260618,2238,オリチェン,6380,東S,,"4,735",-40,-0.84%,39,81.1倍,3.87倍,0.42%
20260618,2239,大豊工業,6470,東S,,"1,119",-9,-0.80%,39,8.82倍,0.50倍,2.68%
20260618,2240,マツオカ,3611,東S,,"2,306",-2,-0.09%,39,7.12倍,0.61倍,4.99%
20260618,2241,幸楽苑,7554,東P,,"1,082",-1,-0.09%,39,16.5倍,2.90倍,1.39%
20260618,2242,日本精密,7771,東S,,318,-4,-1.24%,39,38.1倍,3.74倍,ー%
20260618,2243,まんだらけ,2652,東S,,381,-3,-0.78%,39,8.76倍,0.96倍,0.26%
20260618,2244,ａｂｃ,8783,東S,,92,-1,-1.08%,38,ー倍,0.39倍,ー%
20260618,2245,シーユーシー,9158,東G,,841,+11,+1.33%,38,22.4倍,0.74倍,ー%
20260618,2246,ＣＴＳ,4345,東P,,814,-4,-0.49%,38,12.3倍,2.14倍,3.69%
20260618,2247,リソル,5261,東P,,"7,220",+20,+0.28%,38,20.6倍,2.19倍,1.66%
20260618,2248,コロナ,5909,東S,,970,+12,+1.25%,38,47.3倍,0.36倍,2.89%
20260618,2249,インドブル,2046,東EN,,"25,610",+35,+0.14%,38,ー倍,ー倍,ー%
20260618,2250,ＷＡ,7683,東P,,"1,405",-5,-0.35%,38,30.4倍,2.52倍,1.21%
20260618,2251,ＧＸメタ日株,2646,東Ｅ,,"4,100",-26,-0.63%,38,ー倍,ー倍,ー%
20260618,2252,国際計測,7722,東S,,766,+11,+1.46%,38,10.3倍,0.83倍,5.22%
20260618,2253,エリアリンク,8914,東S,,898,-5,-0.55%,38,12.3倍,1.55倍,2.95%
20260618,2254,穴吹興産,8928,東S,,"2,351",-9,-0.38%,37,5.70倍,0.52倍,2.89%
20260618,2255,明海グループ,9115,東S,,781,-24,-2.98%,37,12.7倍,0.50倍,ー%
20260618,2256,野村Ａ成長,2083,東Ｅ,,"3,997",+73,+1.86%,37,ー倍,ー倍,ー%
20260618,2257,イオン九州,2653,東S,,"2,818",+10,+0.36%,37,14.8倍,1.60倍,1.77%
20260618,2258,焼肉坂井ＨＤ,2694,東S,,70,0,0.00%,37,156倍,2.65倍,ー%
20260618,2259,ヨシムラＨＤ,2884,東P,,627,+2,+0.32%,37,10.7倍,1.21倍,ー%
20260618,2260,バードマン,7063,東G,,80,-1,-1.23%,37,ー倍,1.75倍,ー%
20260618,2261,アトネイチャ,7823,東S,,867,+18,+2.12%,37,23.3倍,1.01倍,3.23%
20260618,2262,三重交ＨＤ,3232,東P,,529,+2,+0.38%,37,8.86倍,0.76倍,3.78%
20260618,2263,ソフトウェア,3733,東S,,"10,050",+40,+0.40%,37,8.30倍,1.23倍,1.69%
20260618,2264,ドリコム,3793,東G,,404,+4,+1.00%,37,19.4倍,2.34倍,1.24%
20260618,2265,ヨシックス,3221,東P,,"3,130",-40,-1.26%,36,13.6倍,2.42倍,1.02%
20260618,2266,ＳＭＩＮＯＥ,3501,東P,,"1,070",+5,+0.47%,36,35.5倍,0.43倍,3.74%
20260618,2267,ＰＲＯＮＩ,479A,東G,,"1,305",+30,+2.35%,36,6.41倍,3.29倍,ー%
20260618,2268,リックス,7525,東P,,"3,525",+40,+1.15%,36,9.52倍,1.00倍,4.60%
20260618,2269,ＵＭＣエレ,6615,東P,,232,-2,-0.85%,36,ー倍,0.59倍,ー%
20260618,2270,戸上電,6643,東S,,"5,180",+180,+3.60%,36,9.80倍,0.99倍,2.51%
20260618,2271,井村屋Ｇ,2209,東P,,"2,319",+25,+1.09%,36,12.4倍,1.19倍,1.64%
20260618,2272,ＡＩストーム,3719,東S,,193,-4,-2.03%,35,25.4倍,2.31倍,1.55%
20260618,2273,ファルコム,3723,東G,,"2,530",+54,+2.18%,35,16.6倍,2.32倍,0.40%
20260618,2274,アイエスビー,9702,東P,,"2,350",+3,+0.13%,35,14.6倍,1.85倍,2.98%
20260618,2275,ニッピ,7932,東S,,"11,530",+90,+0.79%,35,11.5倍,0.79倍,6.08%
20260618,2276,ＧＸ革新優良,178A,東Ｅ,,"1,628",-10,-0.61%,35,ー倍,ー倍,ー%
20260618,2277,アドベンチャ,6030,東G,,"1,168",-53,-4.34%,35,8.38倍,0.90倍,ー%
20260618,2278,ニーズウェル,3992,東P,,405,-3,-0.74%,35,16.7倍,3.23倍,3.46%
20260618,2279,サーバワクス,4434,東S,,"1,964",-16,-0.81%,35,16.1倍,1.50倍,1.53%
20260618,2280,新日本製薬,4931,東P,,"1,930",-2,-0.10%,35,12.0倍,1.76倍,2.95%
20260618,2281,スパイダー,4192,東G,,260,+1,+0.39%,35,ー倍,3.46倍,ー%
20260618,2282,ＳＥＣカーボ,5304,東S,,"2,431",-23,-0.94%,34,16.2倍,0.62倍,4.11%
20260618,2283,野村素材化学,1620,東Ｅ,,"39,400",-20,-0.05%,34,ー倍,ー倍,ー%
20260618,2284,農中日経平均,2525,東Ｅ,,"72,070","+1,210",+1.71%,34,ー倍,ー倍,ー%
20260618,2285,なとり,2922,東P,,"1,917",+10,+0.52%,34,16.5倍,0.87倍,1.56%
20260618,2286,ＧＸ超短米債,133A,東Ｅ,,"1,089",+3,+0.28%,34,ー倍,ー倍,ー%
20260618,2287,大東銀,8563,東S,,971,+11,+1.15%,34,7.69倍,0.42倍,4.12%
20260618,2288,明和地所,8869,東S,,794,0,0.00%,34,6.42倍,0.50倍,5.04%
20260618,2289,ビーマップ,4316,東G,,130,-14,-9.72%,34,11.6倍,1.24倍,ー%
20260618,2290,ジャノメ,6445,東P,,"1,334",-12,-0.89%,34,11.2倍,0.64倍,4.50%
20260618,2291,前沢給装,6485,東S,,"1,473",+19,+1.31%,34,15.0倍,0.74倍,4.07%
20260618,2292,ミクニ,7247,東S,,366,+7,+1.95%,34,7.24倍,0.31倍,4.10%
20260618,2293,ＳＢＩＩＧ,7326,東G,,"2,100",+15,+0.72%,34,14.4倍,1.09倍,2.81%
20260618,2294,安永,7271,東S,,"1,038",-14,-1.33%,33,8.23倍,0.73倍,3.66%
20260618,2295,たけびし,7510,東P,,"2,369",+28,+1.20%,33,12.3倍,0.86倍,3.38%
20260618,2296,シード,7743,東S,,487,-2,-0.41%,33,10.9倍,0.76倍,3.08%
20260618,2297,上場ＳＰレ２,2239,東Ｅ,,"25,905",-295,-1.13%,33,ー倍,ー倍,ー%
20260618,2298,ＡＲアドバン,5578,東G,,898,+60,+7.16%,33,12.1倍,3.69倍,0.78%
20260618,2299,シマダヤ,250A,東S,,"1,622",+18,+1.12%,33,8.92倍,1.26倍,3.33%
20260618,2300,トヨクモ,4058,東G,,"1,892",+9,+0.48%,33,15.8倍,4.98倍,1.43%
20260618,2301,高千穂交易,2676,東P,,"2,162",-2,-0.09%,33,24.5倍,2.30倍,3.52%
20260618,2302,北の達人,2930,東P,,119,0,0.00%,33,22.6倍,2.06倍,2.94%
20260618,2303,ビジ太田昭,9658,東P,,"1,007",+15,+1.51%,33,11.5倍,1.06倍,4.67%
20260618,2304,ＭＳジャパン,6539,東P,,943,+2,+0.21%,33,21.7倍,2.46倍,5.94%
20260618,2305,三谷産業,8285,東S,,670,+13,+1.98%,33,15.9倍,0.73倍,1.94%
20260618,2306,太平発,8835,東S,,748,-2,-0.27%,33,12.4倍,0.36倍,5.41%
20260618,2307,コスモスイニ,8844,東S,,"1,214",+3,+0.25%,33,5.72倍,0.72倍,4.37%
20260618,2308,クリナップ,7955,東P,,892,+7,+0.79%,32,8.86倍,0.52倍,3.70%
20260618,2309,ＪＨＤ,2721,東S,,122,+6,+5.17%,32,ー倍,10.1倍,ー%
20260618,2310,あみやき,2753,東P,,"1,329",-14,-1.04%,32,18.8倍,1.21倍,2.56%
20260618,2311,ジオマテック,6907,東S,,659,0,0.00%,32,14.7倍,0.52倍,ー%
20260618,2312,ＪＰＭＣ,3276,東P,,"1,305",+9,+0.69%,32,11.0倍,2.34倍,4.90%
20260618,2313,ブイキューブ,3681,東P,,16,-2,-11.11%,32,ー倍,-0.2倍,ー%
20260618,2314,日本スキー,6040,東G,,476,-2,-0.42%,32,8.87倍,2.14倍,1.05%
20260618,2315,サンアスタ,4053,東P,,427,-1,-0.23%,32,12.0倍,1.49倍,2.34%
20260618,2316,オーケーエム,6229,東S,,"1,531",+25,+1.66%,32,9.16倍,0.62倍,3.27%
20260618,2317,アールプラン,2983,東G,,"1,422",+29,+2.08%,32,5.73倍,1.85倍,3.16%
20260618,2318,ブルーミーム,4069,東G,,849,-12,-1.39%,32,34.2倍,1.12倍,ー%
20260618,2319,ヌーラボ,5033,東G,,825,+52,+6.73%,32,10.8倍,2.66倍,ー%
20260618,2320,クオルテック,9165,東G,,"1,724",+33,+1.95%,32,12.6倍,1.16倍,2.73%
20260618,2321,東洋電,6505,東S,,"2,043",+22,+1.09%,32,8.19倍,0.59倍,3.67%
20260618,2322,ＢＲＡＮＵ,460A,東G,,847,+33,+4.05%,32,14.6倍,3.95倍,ー%
20260618,2323,チタン,4098,東S,,"1,082",+11,+1.03%,32,15.3倍,0.61倍,1.11%
20260618,2324,ニイタカ,4465,東S,,"2,094",+25,+1.21%,32,8.28倍,0.78倍,3.63%
20260618,2325,ＧｒｅｅｎＢ,3913,東S,,946,+31,+3.39%,31,10.6倍,1.73倍,ー%
20260618,2326,ＪＩＧＳＡＷ,3914,東G,,"2,417",+47,+1.98%,31,ー倍,4.63倍,ー%
20260618,2327,ニチバン,4218,東P,,"1,847",+13,+0.71%,31,16.2倍,0.84倍,2.17%
20260618,2328,メディシス,4350,東S,,471,+6,+1.29%,31,13.8倍,0.80倍,2.55%
20260618,2329,ｉ３,4495,東G,,"1,846",-24,-1.28%,31,12.8倍,3.01倍,2.06%
20260618,2330,サイエンスＡ,4412,東G,,"1,122",-19,-1.67%,31,75.9倍,6.06倍,0.09%
20260618,2331,アステナＨＤ,8095,東P,,495,+2,+0.41%,31,8.52倍,0.73倍,3.64%
20260618,2332,信金中央,8421,東証,,"185,500",0,0.00%,31,ー倍,ー倍,3.50%
20260618,2333,エスプール,2471,東P,,246,-3,-1.20%,31,11.6倍,2.05倍,4.07%
20260618,2334,ｉＳロボット,2522,東Ｅ,,"8,990",+62,+0.69%,31,ー倍,ー倍,ー%
20260618,2335,Ｇｕｎｏｓｙ,6047,東S,,447,+1,+0.22%,31,79.8倍,0.98倍,4.92%
20260618,2336,アーバネット,3242,東S,,530,+1,+0.19%,31,10.3倍,1.03倍,4.15%
20260618,2337,Ｎｏ．１,3562,東S,,"1,470",+4,+0.27%,31,9.65倍,2.20倍,5.37%
20260618,2338,ＮＥ,441A,東G,,215,-3,-1.38%,31,7.03倍,1.55倍,ー%
20260618,2339,エイビック,9554,東G,,"1,550",-3,-0.19%,31,12.9倍,3.70倍,ー%
20260618,2340,ＫＮＴＣＴ,9726,東S,,"1,899",-2,-0.11%,31,9.06倍,2.83倍,0.53%
20260618,2341,ソラスト,6197,東P,,"1,110",0,0.00%,31,ー倍,4.28倍,ー%
20260618,2342,瑞光,6279,東P,,914,+4,+0.44%,31,18.6倍,0.66倍,2.19%
20260618,2343,三相電機,6518,東S,,"2,055",-5,-0.24%,31,11.1倍,0.75倍,1.22%
20260618,2344,昭和真空,6384,東S,,"1,694",+34,+2.05%,30,18.7倍,0.86倍,4.13%
20260618,2345,神戸天然物化,6568,東G,,"1,310",+22,+1.71%,30,ー倍,0.72倍,ー%
20260618,2346,アルメタクス,5928,東S,,273,-3,-1.09%,30,22.9倍,0.30倍,2.93%
20260618,2347,インテＭ,7072,東G,,"1,049",+59,+5.96%,30,17.8倍,2.02倍,ー%
20260618,2348,セルソース,4880,東S,,313,+10,+3.30%,30,ー倍,1.06倍,ー%
20260618,2349,マクアケ,4479,東G,,855,-2,-0.23%,30,16.9倍,1.86倍,ー%
20260618,2350,市光工,7244,東P,,531,+3,+0.57%,30,10.2倍,0.64倍,3.39%
20260618,2351,ＳＰＫ,7466,東P,,"1,262",+22,+1.77%,30,9.34倍,0.87倍,3.25%
20260618,2352,ＰＳＳ,7707,東G,,197,+3,+1.55%,30,24.8倍,1.39倍,ー%
20260618,2353,東海ソフト,4430,東S,,"1,597",-14,-0.87%,30,8.51倍,1.16倍,3.76%
20260618,2354,シンバイオ,4582,東G,,70,0,0.00%,30,ー倍,-103倍,ー%
20260618,2355,ファルコＨＤ,4671,東S,,"2,572",+3,+0.12%,30,12.7倍,1.00倍,4.98%
20260618,2356,新都ＨＤ,2776,東S,,96,-1,-1.03%,30,25.6倍,1.54倍,ー%
20260618,2357,ブルドック,2804,東P,,"1,728",-8,-0.46%,30,22.9倍,0.86倍,2.60%
20260618,2358,ハブ,3030,東S,,891,+2,+0.22%,30,34.0倍,3.32倍,1.12%
20260618,2359,松井建,1810,東S,,"1,358",+4,+0.30%,30,9.68倍,0.68倍,5.15%
20260618,2360,クックパッド,2193,東S,,117,+2,+1.74%,30,ー倍,0.69倍,ー%
20260618,2361,広ガス,9535,東P,,398,+5,+1.27%,30,12.4倍,0.38倍,3.02%
20260618,2362,燦ＨＤ,9628,東P,,"1,349",-4,-0.30%,30,10.1倍,0.84倍,2.98%
20260618,2363,ｅＷｅＬＬ,5038,東G,,"1,801",-19,-1.04%,30,20.5倍,8.66倍,1.17%
20260618,2364,日本ナレッジ,5252,東G,,696,-4,-0.57%,29,27.5倍,2.39倍,1.01%
20260618,2365,アイビス,9343,東G,,774,+2,+0.26%,29,15.2倍,4.87倍,1.55%
20260618,2366,オンザページ,9160,東S,,284,+1,+0.35%,29,6.62倍,1.09倍,ー%
20260618,2367,南日銀,8554,福証,,"1,199",-13,-1.07%,29,6.70倍,0.25倍,4.17%
20260618,2368,売れるＧ,9235,東G,,506,-7,-1.36%,29,"2,024倍",7.09倍,ー%
20260618,2369,サーティワン,2268,東S,,"4,135",-10,-0.24%,29,22.1倍,2.72倍,1.45%
20260618,2370,手間いらず,2477,東S,,"2,266",+45,+2.03%,29,12.2倍,2.08倍,1.77%
20260618,2371,ブレインズ,4075,東G,,843,+18,+2.18%,29,30.6倍,2.83倍,ー%
20260618,2372,オカアイヨン,6294,東P,,"2,019",+18,+0.90%,29,9.57倍,0.90倍,3.76%
20260618,2373,天昇電,6776,東S,,268,-4,-1.47%,29,7.60倍,0.41倍,1.87%
20260618,2374,日精蝋,5010,東S,,222,-3,-1.33%,29,5.48倍,0.66倍,ー%
20260618,2375,ジオスター,5282,東S,,391,+6,+1.56%,29,6.47倍,0.48倍,2.56%
20260618,2376,オーナンバ,5816,東S,,"1,702",-25,-1.45%,29,10.9倍,0.73倍,4.11%
20260618,2377,アルインコ,5933,東P,,"1,048",+3,+0.29%,29,9.67倍,0.62倍,4.29%
20260618,2378,扶桑薬,4538,東P,,"2,058",+15,+0.73%,29,13.5倍,0.50倍,4.37%
20260618,2379,アルファ,4719,東P,,"3,310",+105,+3.28%,29,12.7倍,1.03倍,4.23%
20260618,2380,プロネクサス,7893,東P,,"1,053",0,0.00%,29,13.0倍,1.10倍,4.18%
20260618,2381,じもとＨＤ,7161,東S,,505,+10,+2.02%,29,3.95倍,1.44倍,0.99%
20260618,2382,オーハシテク,7628,東P,,"1,136",+5,+0.44%,29,13.8倍,0.72倍,3.96%
20260618,2383,愛時計,7723,東P,,"2,922",+19,+0.65%,29,9.72倍,0.85倍,4.11%
20260618,2384,ＣＳＰ,9740,東P,,"2,573",+23,+0.90%,29,15.7倍,0.87倍,2.37%
20260618,2385,ＪＫＨＤ,9896,東S,,"1,499",+6,+0.40%,29,9.36倍,0.61倍,4.00%
20260618,2386,ＧＸ中国テク,380A,東Ｅ,,986,-1,-0.10%,29,ー倍,ー倍,ー%
20260618,2387,サイプレス,428A,東S,,"1,206",+34,+2.90%,29,29.6倍,6.03倍,0.83%
20260618,2388,ｉＳＳ除金融,491A,東Ｅ,,542.9,-3.3,-0.60%,29,ー倍,ー倍,ー%
20260618,2389,信和,3447,東S,,917,+4,+0.44%,29,7.77倍,0.74倍,3.93%
20260618,2390,大成温調,1904,東S,,"4,915",-20,-0.41%,29,5.77倍,0.99倍,4.03%
20260618,2391,野村情通サ他,1626,東Ｅ,,"43,990",+680,+1.57%,28,ー倍,ー倍,ー%
20260618,2392,野村運輸物流,1628,東Ｅ,,"20,385",+40,+0.20%,28,ー倍,ー倍,ー%
20260618,2393,若築建,1888,東P,,"3,310",0,0.00%,28,9.57倍,0.78倍,4.38%
20260618,2394,ソマール,8152,東S,,"7,310",+10,+0.14%,28,5.64倍,0.63倍,1.37%
20260618,2395,東北銀,8349,東S,,"1,404",+24,+1.74%,28,8.43倍,0.57倍,3.56%
20260618,2396,アヴィレン,5591,東G,,736,+5,+0.68%,28,20.3倍,5.86倍,ー%
20260618,2397,全保連,5845,東S,,994,-4,-0.40%,28,10.3倍,3.22倍,4.83%
20260618,2398,ｉＳ米２０,2255,東Ｅ,,213.8,+1.5,+0.71%,28,ー倍,ー倍,ー%
20260618,2399,ユカリア,286A,東G,,676,-8,-1.17%,28,14.6倍,1.16倍,ー%
20260618,2400,シャノン,3976,東G,,540,+25,+4.85%,28,11.1倍,2.80倍,ー%
20260618,2401,明光ネット,4668,東P,,682,+1,+0.15%,28,17.1倍,1.35倍,4.11%
20260618,2402,ペガサス,6262,東S,,532,+1,+0.19%,28,51.0倍,0.39倍,ー%
20260618,2403,酒井重,6358,東P,,"2,080",+17,+0.82%,28,16.2倍,0.56倍,5.29%
20260618,2404,ＮＩＴＴＡＮ,6493,東S,,482,-8,-1.63%,28,7.71倍,0.45倍,4.15%
20260618,2405,ジーニー,6562,東G,,921,+7,+0.77%,28,7.50倍,ー倍,ー%
20260618,2406,大日光,6635,東S,,731,+13,+1.81%,28,6.83倍,0.67倍,2.19%
20260618,2407,エステー,4951,東P,,"1,478",+4,+0.27%,28,17.1倍,0.92倍,3.11%
20260618,2408,フマキラ,4998,東S,,"1,160",-10,-0.85%,28,11.7倍,0.71倍,2.07%
20260618,2409,ＭＯＲＥＳＣ,5018,東S,,"1,917",+30,+1.59%,28,11.4倍,0.75倍,2.87%
20260618,2410,小松マテーレ,3580,東P,,708,-6,-0.84%,28,13.4倍,0.67倍,3.81%
20260618,2411,ウェルス,3772,東S,,"1,063",+5,+0.47%,28,11.3倍,1.15倍,ー%
20260618,2412,神電鉄,9046,東S,,"2,388",-43,-1.77%,28,15.9倍,0.75倍,1.05%
20260618,2413,朝日放送ＨＤ,9405,東P,,788,-1,-0.13%,28,12.2倍,0.40倍,2.54%
20260618,2414,コンドー,7438,東P,,"1,475",-8,-0.54%,28,11.1倍,0.98倍,3.93%
20260618,2415,日新商,7490,東S,,"2,206",-2,-0.09%,28,ー倍,0.56倍,ー%
20260618,2416,エータイ,369A,東G,,"2,067",-43,-2.04%,28,15.4倍,2.74倍,2.61%
20260618,2417,ｉＦ台湾テク,413A,東Ｅ,,"4,066",+11,+0.27%,28,ー倍,ー倍,ー%
20260618,2418,ニＳＰＥＷ無,426A,東Ｅ,,"1,208",-11,-0.90%,28,ー倍,ー倍,ー%
20260618,2419,上場高配５０,399A,東Ｅ,,"2,167",+18,+0.84%,27,ー倍,ー倍,ー%
20260618,2420,アクセル,6730,東S,,"1,155",-3,-0.26%,27,14.0倍,0.92倍,3.55%
20260618,2421,アルチザ,6778,東S,,630,+5,+0.80%,27,35.2倍,0.81倍,3.97%
20260618,2422,Ｏｎｅ設備,1484,東Ｅ,,"3,531.0",+26.0,+0.74%,27,ー倍,ー倍,ー%
20260618,2423,アピリッツ,4174,東S,,633,-14,-2.16%,27,22.5倍,1.48倍,4.58%
20260618,2424,六甲バタ,2266,東P,,"1,066",+13,+1.23%,27,13.1倍,0.58倍,1.88%
20260618,2425,キューブシス,2335,東P,,"1,041",+14,+1.36%,27,10.5倍,1.39倍,4.42%
20260618,2426,プレミアムＷ,2588,東S,,"3,420",+50,+1.48%,27,8.16倍,2.29倍,3.51%
20260618,2427,キャンドゥ,2698,東S,,"3,340",+10,+0.30%,27,119倍,5.07倍,0.51%
20260618,2428,Ｆ－ブレイン,3927,東S,,968,+38,+4.09%,27,15.7倍,2.44倍,1.65%
20260618,2429,ミヨシ,4404,東S,,"1,780",+5,+0.28%,27,12.2倍,0.43倍,3.93%
20260618,2430,ヒトコムＨＤ,4433,東P,,840,+4,+0.48%,27,11.6倍,0.87倍,4.46%
20260618,2431,シーラＨＤ,8887,東S,,361,+6,+1.69%,27,2.09倍,0.77倍,3.60%
20260618,2432,アストマクス,7162,東S,,275,-3,-1.08%,27,ー倍,0.48倍,ー%
20260618,2433,岡谷鋼機,7485,名P,,"4,755",-10,-0.21%,27,6.54倍,0.37倍,1.81%
20260618,2434,魚力,7596,東P,,"2,229",-2,-0.09%,27,35.8倍,1.66倍,2.33%
20260618,2435,夢展望,3185,東G,,153,+5,+3.38%,27,ー倍,149倍,ー%
20260618,2436,フジタコーポ,3370,東S,,427,-31,-6.77%,27,11.5倍,5.77倍,0.70%
20260618,2437,ＣＲＩ,3698,東S,,"1,086",+33,+3.13%,27,12.3倍,1.36倍,2.49%
20260618,2438,東北鋼,5484,東S,,"4,485",+5,+0.11%,27,ー倍,1.13倍,ー%
20260618,2439,中央倉,9319,東P,,"1,773",+15,+0.85%,27,15.0倍,0.65倍,2.37%
20260618,2440,Ｄｅｎｋｅｉ,9908,東S,,"2,485",+20,+0.81%,27,8.06倍,0.86倍,4.39%
20260618,2441,グルメ杵屋,9850,東P,,943,-4,-0.42%,26,82.9倍,2.31倍,0.74%
20260618,2442,シンクロ,3963,東P,,284,-7,-2.41%,26,56.5倍,1.68倍,5.28%
20260618,2443,細火工,4274,東S,,"1,043",-3,-0.29%,26,19.0倍,1.20倍,1.25%
20260618,2444,日シス技術,4323,東P,,"1,597",+5,+0.31%,26,13.4倍,2.36倍,3.13%
20260618,2445,明豊ファシリ,1717,東S,,898,+2,+0.22%,26,11.2倍,1.74倍,4.90%
20260618,2446,アルトナー,2163,東P,,"1,929",+2,+0.10%,26,16.4倍,3.98倍,4.46%
20260618,2447,ギークリー,505A,東S,,"1,110",-1,-0.09%,26,9.26倍,3.53倍,2.70%
20260618,2448,ＭＸ米株ＡＩ,552A,東Ｅ,,"2,650",-10,-0.38%,26,ー倍,ー倍,ー%
20260618,2449,セラク,6199,東S,,"1,145",-14,-1.21%,26,8.07倍,1.61倍,1.52%
20260618,2450,ナフコ,2790,東S,,"2,100",+2,+0.10%,26,40.7倍,0.34倍,2.76%
20260618,2451,イートアンド,2882,東P,,"2,003",+2,+0.10%,26,50.0倍,2.03倍,0.75%
20260618,2452,サックスバー,9990,東P,,733,0,0.00%,26,10.1倍,0.69倍,4.77%
20260618,2453,ＡＩｉｎｓ,4488,東G,,"2,086",-8,-0.38%,26,22.8倍,1.67倍,ー%
20260618,2454,アクシス,4012,東S,,"1,631",+31,+1.94%,26,10.0倍,1.71倍,3.49%
20260618,2455,ファンペップ,4881,東G,,62,0,0.00%,26,ー倍,1.87倍,ー%
20260618,2456,紀文食品,2933,東P,,"1,056",+6,+0.57%,26,9.42倍,0.94倍,2.18%
20260618,2457,ＴＯＲＩＣＯ,7138,東G,,134,+5,+3.88%,26,ー倍,1.32倍,ー%
20260618,2458,サンウェルズ,9229,東P,,134,-9,-6.29%,26,ー倍,0.63倍,ー%
20260618,2459,パラカ,4809,東P,,"2,021",+1,+0.05%,26,9.76倍,0.97倍,3.46%
20260618,2460,アサヒエイト,5341,東S,,184,-4,-2.13%,26,ー倍,1.45倍,ー%
20260618,2461,西部電機,6144,東S,,"2,949",+49,+1.69%,26,14.8倍,1.31倍,3.05%
20260618,2462,ＡＳＴＩ,6899,東S,,"2,345",+80,+3.53%,26,10.5倍,0.29倍,3.41%
20260618,2463,ブリッジ－Ｇ,7039,東G,,"1,725",+13,+0.76%,26,8.95倍,1.36倍,5.51%
20260618,2464,ナカバヤシ,7987,東S,,553,-1,-0.18%,26,7.69倍,0.49倍,3.98%
20260618,2465,三谷商,8066,東S,,"2,513",+49,+1.99%,25,9.90倍,1.12倍,3.50%
20260618,2466,トマト銀,8542,東S,,"1,513",+23,+1.54%,25,9.52倍,0.37倍,3.30%
20260618,2467,スマイルＨＤ,7084,東G,,"2,775",-33,-1.18%,25,40.3倍,1.45倍,3.78%
20260618,2468,野村電力ガス,1627,東Ｅ,,"11,430",+35,+0.31%,25,ー倍,ー倍,ー%
20260618,2469,野村金融,1632,東Ｅ,,"41,790",+560,+1.36%,25,ー倍,ー倍,ー%
20260618,2470,ｉＳ米債７,1656,東Ｅ,,318.1,-0.1,-0.03%,25,ー倍,ー倍,ー%
20260618,2471,鳥越粉,2009,東S,,"1,071",-2,-0.19%,25,22.3倍,0.69倍,4.58%
20260618,2472,オープンドア,3926,東S,,300,+14,+4.90%,25,ー倍,2.69倍,ー%
20260618,2473,アミューズ,4301,東P,,"1,808",+15,+0.84%,25,23.5倍,0.81倍,3.54%
20260618,2474,川崎地質,4673,東S,,"4,405",+10,+0.23%,25,5.19倍,0.68倍,2.72%
20260618,2475,Ｆ＆Ｍ,4771,東S,,"2,406",0,0.00%,25,12.4倍,2.31倍,2.49%
20260618,2476,ティア,2485,東S,,469,-12,-2.49%,25,10.1倍,1.17倍,4.90%
20260618,2477,クラシコム,7110,東G,,"1,970",-25,-1.25%,25,15.1倍,2.47倍,2.79%
20260618,2478,南海化学,4040,東S,,"3,710",+5,+0.13%,25,5.87倍,0.67倍,1.75%
20260618,2479,ｉＦＳＰ無,2247,東Ｅ,,"2,266",-6,-0.26%,25,ー倍,ー倍,ー%
20260618,2480,ヒューマンＴ,5621,東G,,"1,298",+8,+0.62%,25,11.2倍,2.36倍,2.70%
20260618,2481,ｉＳインド株,201A,東Ｅ,,183.2,+0.1,+0.05%,25,ー倍,ー倍,ー%
20260618,2482,白鳩,3192,東S,,297,+5,+1.71%,25,141倍,0.79倍,ー%
20260618,2483,レカム,3323,東S,,73,-2,-2.67%,25,18.4倍,1.07倍,1.64%
20260618,2484,クリヤマＨＤ,3355,東S,,"1,581",+11,+0.70%,25,8.20倍,0.62倍,3.86%
20260618,2485,ソフトＭＡＸ,3671,東S,,301,+8,+2.73%,25,12.5倍,1.88倍,3.32%
20260618,2486,ｅＢＡＳＥ,3835,東P,,393,-1,-0.25%,24,16.1倍,2.34倍,3.87%
20260618,2487,タイガポリ,4231,東S,,971,+1,+0.10%,24,7.83倍,0.40倍,3.91%
20260618,2488,ＳＭＥＪ,4772,東G,,71,+2,+2.90%,24,32.6倍,1.16倍,1.41%
20260618,2489,ココナラ,4176,東G,,252,+2,+0.80%,24,15.7倍,2.68倍,ー%
20260618,2490,グランディ,8999,東P,,516,-1,-0.19%,24,13.6倍,0.59倍,6.20%
20260618,2491,タナベＣＧ,9644,東P,,742,-3,-0.40%,24,20.6倍,2.26倍,3.91%
20260618,2492,愛眼,9854,東S,,228,+5,+2.24%,24,22.7倍,0.36倍,ー%
20260618,2493,ケーユーＨＤ,9856,東S,,"1,148",+9,+0.79%,24,6.43倍,0.52倍,5.05%
20260618,2494,三共興,8018,東S,,876,+2,+0.23%,24,16.4倍,0.59倍,3.08%
20260618,2495,あかつき本社,8737,東S,,595,-4,-0.67%,24,5.46倍,0.86倍,5.04%
20260618,2496,プログレス,339A,東G,,918,-18,-1.92%,24,6.94倍,1.16倍,3.27%
20260618,2497,電業社,6365,東S,,"5,490",+130,+2.43%,24,8.94倍,0.74倍,3.46%
20260618,2498,ＣＲＡＶＩＡ,6573,東G,,23,-1,-4.17%,24,ー倍,2.64倍,ー%
20260618,2499,ティアック,6803,東S,,96,+1,+1.05%,24,9.21倍,0.68倍,1.04%
20260618,2500,野村欧州株Ｈ,2859,東Ｅ,,"3,160",+18,+0.57%,24,ー倍,ー倍,ー%
20260618,2501,ＴＭＮ,5258,東G,,340,+2,+0.59%,24,16.8倍,1.55倍,ー%
20260618,2502,ＧＸ中国ＥＶ,2254,東Ｅ,,"1,226",-6,-0.49%,24,ー倍,ー倍,ー%
20260618,2503,ラボロＡＩ,5586,東G,,795,+4,+0.51%,24,63.1倍,4.68倍,ー%
20260618,2504,村上開明,7292,東S,,"6,710",+80,+1.21%,24,13.2倍,0.82倍,3.58%
20260618,2505,粧美堂,7819,東S,,849,-3,-0.35%,24,10.2倍,1.48倍,3.89%
20260618,2506,ＴＹＫ,5363,東S,,703,0,0.00%,24,6.90倍,0.66倍,4.35%
20260618,2507,日金属,5491,東S,,868,+27,+3.21%,24,11.0倍,0.19倍,0.58%
20260618,2508,不二サッシ,5940,東S,,698,+5,+0.72%,24,5.47倍,0.34倍,4.30%
20260618,2509,アサンテ,6073,東P,,"1,413",-2,-0.14%,24,395倍,1.44倍,4.39%
20260618,2510,小池工,6137,東S,,"1,465",-18,-1.21%,24,9.10倍,0.66倍,3.41%
20260618,2511,パンチ,6165,東S,,530,-4,-0.75%,24,13.3倍,0.63倍,3.77%
20260618,2512,極楽湯ＨＤ,2340,東S,,478,-2,-0.42%,24,ー倍,3.29倍,1.26%
20260618,2513,共同ＰＲ,2436,東S,,"1,035",+13,+1.27%,24,10.1倍,2.10倍,1.55%
20260618,2514,モロゾフ,2217,東P,,"1,520",+9,+0.60%,23,39.6倍,1.53倍,1.05%
20260618,2515,タカミヤ,2445,東S,,392,0,0.00%,23,9.71倍,0.78倍,4.08%
20260618,2516,オリコンＨＤ,2498,東S,,"2,963",-15,-0.50%,23,9.16倍,1.15倍,4.22%
20260618,2517,ひらまつ,2764,東S,,141,+1,+0.71%,23,34.6倍,1.63倍,0.87%
20260618,2518,ＢＲＵＮＯ,3140,東G,,"1,070",0,0.00%,23,40.4倍,2.67倍,0.37%
20260618,2519,ブッキングＲ,324A,東G,,667,-15,-2.20%,23,9.63倍,2.03倍,ー%
20260618,2520,ミラティブ,472A,東G,,405,-7,-1.70%,23,7.13倍,1.82倍,ー%
20260618,2521,ＡＩＡＩ,6557,東G,,622,+12,+1.97%,23,5.76倍,1.24倍,ー%
20260618,2522,シキノＨＴ,6614,東S,,881,+53,+6.40%,23,47.2倍,1.69倍,1.70%
20260618,2523,綿半ＨＤ,3199,東P,,"1,324",+1,+0.08%,23,10.8倍,1.02倍,2.34%
20260618,2524,サニックスＨ,4651,東S,,224,-2,-0.88%,23,10.7倍,0.97倍,1.34%
20260618,2525,ＫｅｙＨ,4712,東S,,817,-2,-0.24%,23,15.4倍,0.68倍,1.35%
20260618,2526,ソーダニッカ,8158,東P,,"1,111",+1,+0.09%,23,10.4倍,0.75倍,3.96%
20260618,2527,ファンタジス,1783,東S,,53,0,0.00%,23,36.6倍,1.56倍,ー%
20260618,2528,サンテック,1960,東S,,"1,389",-6,-0.43%,23,9.27倍,0.64倍,3.96%
20260618,2529,日東富士,2003,東S,,"1,690",0,0.00%,23,18.7倍,1.23倍,4.14%
20260618,2530,アミタＨＤ,2195,東G,,338,0,0.00%,23,16.3倍,2.02倍,1.48%
20260618,2531,和心,9271,東G,,936,-22,-2.30%,23,9.03倍,4.36倍,1.28%
20260618,2532,ファインシン,5994,東S,,999,+17,+1.73%,23,8.55倍,0.30倍,2.50%
20260618,2533,フリークＨＤ,6094,東G,,534,+9,+1.71%,23,11.8倍,0.78倍,ー%
20260618,2534,Ｓｃｈｏｏ,264A,東G,,269,-9,-3.24%,23,14.8倍,1.83倍,ー%
20260618,2535,Ｓａｐｅｅｔ,269A,東G,,"2,350",+100,+4.44%,23,29.2倍,5.94倍,ー%
20260618,2536,池上通,6771,東S,,647,+6,+0.94%,23,8.30倍,0.29倍,2.32%
20260618,2537,ＳＭＫ,6798,東P,,"3,245",+40,+1.25%,23,25.7倍,0.66倍,3.08%
20260618,2538,アイコム,6820,東P,,"3,025",-20,-0.66%,23,14.0倍,0.59倍,2.88%
20260618,2539,平山,7781,東S,,"1,560",+75,+5.05%,23,13.5倍,2.14倍,3.59%
20260618,2540,カネコ種,1376,東S,,"1,444",+15,+1.05%,22,10.6倍,0.62倍,3.32%
20260618,2541,第一カッタ,1716,東S,,"1,400",+23,+1.67%,22,9.59倍,0.78倍,2.86%
20260618,2542,ＩＴメディア,2148,東P,,"1,168",-9,-0.76%,22,16.5倍,2.63倍,4.28%
20260618,2543,コア,2359,東P,,"2,026",+6,+0.30%,22,9.70倍,1.41倍,2.96%
20260618,2544,セイヒョー,2872,東S,,"2,033",-45,-2.17%,22,30.0倍,1.90倍,0.89%
20260618,2545,ギミック,475A,東S,,641,-15,-2.29%,22,14.5倍,1.39倍,ー%
20260618,2546,ＧＸ超短円債,502A,東Ｅ,,902.0,-0.2,-0.02%,22,ー倍,ー倍,ー%
20260618,2547,片倉コープ,4031,東S,,"1,007",+27,+2.76%,22,18.0倍,0.39倍,2.78%
20260618,2548,ソルクシーズ,4284,東S,,422,+4,+0.96%,22,8.46倍,1.30倍,3.32%
20260618,2549,リボミック,4591,東G,,63,+1,+1.61%,22,ー倍,1.22倍,ー%
20260618,2550,ナガオカ,6239,東S,,"1,461",+12,+0.83%,22,22.6倍,1.30倍,2.40%
20260618,2551,ＳＳＳＫＨＤ,4838,東S,,657,-6,-0.90%,22,8.75倍,1.21倍,4.57%
20260618,2552,エーアイテイ,9381,東P,,"2,224",+6,+0.27%,22,15.4倍,2.55倍,4.95%
20260618,2553,ベリテ,9904,東S,,220,-6,-2.65%,22,14.3倍,1.41倍,2.73%
20260618,2554,フルハシＥ,9221,東S,,"1,143",-5,-0.44%,22,14.9倍,2.13倍,2.80%
20260618,2555,サイフューズ,4892,東G,,540,-1,-0.18%,22,ー倍,2.07倍,ー%
20260618,2556,ＭＸダウへ有,2242,東Ｅ,,667.5,-4.0,-0.60%,22,ー倍,ー倍,ー%
20260618,2557,ジンジブ,142A,東G,,724,-28,-3.72%,22,7.03倍,3.66倍,ー%
20260618,2558,アズパートナ,160A,東S,,"1,963",-13,-0.66%,22,5.39倍,1.36倍,4.08%
20260618,2559,プログリット,9560,東G,,697,+7,+1.01%,21,9.01倍,3.43倍,3.16%
20260618,2560,ＧＸ超長米Ｈ,179A,東Ｅ,,255.1,+1.7,+0.67%,21,ー倍,ー倍,ー%
20260618,2561,ＭＦＳ,196A,東G,,252,-4,-1.56%,21,17.1倍,1.00倍,ー%
20260618,2562,ｉＦＴＰＷベ,1368,東Ｅ,,159,-4,-2.45%,21,ー倍,ー倍,ー%
20260618,2563,中外鉱,1491,東S,,688,-12,-1.71%,21,9.89倍,1.06倍,ー%
20260618,2564,野村エネ資源,1618,東Ｅ,,"32,320",-90,-0.28%,21,ー倍,ー倍,ー%
20260618,2565,ヤマウラ,1780,東P,,"1,380",-4,-0.29%,21,9.62倍,1.00倍,2.61%
20260618,2566,コスピベア,2034,東EN,,"1,486",-50,-3.26%,21,ー倍,ー倍,ー%
20260618,2567,ポピンズ,7358,東S,,"1,360",+4,+0.29%,21,11.1倍,1.43倍,3.46%
20260618,2568,セキュア,4264,東G,,"1,542",-12,-0.77%,21,23.3倍,2.38倍,ー%
20260618,2569,翻訳センター,2483,東S,,"2,034",-29,-1.41%,21,13.7倍,0.97倍,6.88%
20260618,2570,プロパスト,3236,東S,,276,+1,+0.36%,21,4.27倍,0.68倍,2.17%
20260618,2571,電算,3640,東S,,"2,276",+31,+1.38%,21,7.43倍,0.78倍,4.39%
20260618,2572,遠藤製作所,7841,東S,,"1,090",+1,+0.09%,21,9.58倍,0.42倍,3.67%
20260618,2573,ツツミ,7937,東S,,"2,695",-5,-0.19%,21,15.0倍,0.60倍,4.27%
20260618,2574,カノークス,8076,東S,,"1,979",+14,+0.71%,21,9.42倍,0.58倍,5.36%
20260618,2575,明豊エンタ,8927,東S,,430,0,0.00%,21,6.58倍,1.17倍,3.02%
20260618,2576,ＢＳ１１,9414,東S,,910,+1,+0.11%,21,12.4倍,0.66倍,3.30%
20260618,2577,ラックランド,9612,東P,,"1,272",+18,+1.44%,21,5.62倍,1.10倍,3.14%
20260618,2578,オオバ,9765,東P,,"1,090",+6,+0.55%,21,12.3倍,1.31倍,4.04%
20260618,2579,宮入バ,6495,東S,,142,-4,-2.74%,21,85.5倍,1.72倍,1.41%
20260618,2580,協立電機,6874,東S,,"2,719",+48,+1.80%,21,8.95倍,1.00倍,3.31%
20260618,2581,エイトレッド,3969,東S,,"1,376",+25,+1.85%,21,13.2倍,1.86倍,2.62%
20260618,2582,広栄化学,4367,東S,,"2,775",-49,-1.74%,21,ー倍,0.84倍,ー%
20260618,2583,イマジニア,4644,東S,,"1,029",-2,-0.19%,21,19.8倍,0.83倍,5.83%
20260618,2584,イボキン,5699,東S,,"1,470",+3,+0.20%,21,9.22倍,0.93倍,2.18%
20260618,2585,三ッ星,5820,東S,,699,+18,+2.64%,21,9.87倍,0.39倍,2.43%
20260618,2586,駒井ハルテク,5915,東S,,"2,316",-8,-0.34%,21,70.7倍,0.30倍,3.02%
20260618,2587,山田コンサル,4792,東P,,"1,638",+8,+0.49%,20,10.9倍,1.58倍,4.70%
20260618,2588,大成ラミック,4994,東S,,"2,307",-16,-0.69%,20,14.7倍,0.54倍,3.03%
20260618,2589,エムケー精工,5906,東S,,758,-1,-0.13%,20,7.04倍,0.54倍,2.37%
20260618,2590,ダイニチ工業,5951,東S,,"1,059",+50,+4.96%,20,14.3倍,0.58倍,2.64%
20260618,2591,ＩＲジャパン,6035,東S,,715,+4,+0.56%,20,ー倍,2.07倍,ー%
20260618,2592,共和レ,3553,東S,,870,-2,-0.23%,20,ー倍,0.57倍,5.98%
20260618,2593,ＧＭＯペパボ,3633,東S,,"1,610",+35,+2.22%,20,11.3倍,3.42倍,5.78%
20260618,2594,ＧＸ超長米債,180A,東Ｅ,,300.6,+2.7,+0.91%,20,ー倍,ー倍,ー%
20260618,2595,Ｍ米債短ヘ無,181A,東Ｅ,,537.9,+0.4,+0.07%,20,ー倍,ー倍,ー%
20260618,2596,ＧＸウラン,224A,東Ｅ,,"1,737",-23,-1.31%,20,ー倍,ー倍,ー%
20260618,2597,サイバＳＯＬ,436A,東G,,971,-5,-0.51%,20,12.8倍,3.61倍,3.91%
20260618,2598,ＣＳランバー,7808,東S,,"2,512",-8,-0.32%,20,5.81倍,0.40倍,3.18%
20260618,2599,ブルボン,2208,東S,,"2,938",-4,-0.14%,20,17.3倍,1.06倍,1.50%
20260618,2600,クオンタムＳ,2338,東S,,111,-3,-2.63%,20,ー倍,-9.1倍,ー%
20260618,2601,エバラ食品,2819,東S,,"2,402",+9,+0.38%,20,23.4倍,0.65倍,2.08%
20260618,2602,Ｗディッシュ,2901,東S,,185,-2,-1.07%,20,17.5倍,0.88倍,2.16%
20260618,2603,インタライフ,1418,東S,,514,+2,+0.39%,20,9.80倍,1.68倍,5.84%
20260618,2604,野村自動車,1622,東Ｅ,,"33,030",+20,+0.06%,20,ー倍,ー倍,ー%
20260618,2605,北野建,1866,東S,,"1,020",+12,+1.19%,20,7.09倍,0.48倍,2.94%
20260618,2606,博展,2173,東G,,689,+13,+1.92%,20,6.61倍,2.26倍,3.92%
20260618,2607,コマースワン,4496,東G,,802,-12,-1.47%,20,17.1倍,2.13倍,5.24%
20260618,2608,コリー,4175,東G,,"1,860",-90,-4.62%,20,ー倍,2.13倍,ー%
20260618,2609,野村ダウＨ有,2846,東Ｅ,,"2,513",-15,-0.59%,20,ー倍,ー倍,ー%
20260618,2610,はてな,3930,東G,,936,-40,-4.10%,20,ー倍,1.32倍,ー%
20260618,2611,丸建リース,9763,東S,,"1,198",+1,+0.08%,20,8.14倍,0.63倍,4.51%
20260618,2612,ｕｎｂａｎｋ,8746,東S,,233,+4,+1.75%,20,ー倍,1.24倍,ー%
20260618,2613,トリニ工,6382,東S,,"1,230",-5,-0.40%,20,10.2倍,0.57倍,4.96%
20260618,2614,鈴茂器工,6405,東S,,"1,075",-9,-0.83%,20,19.0倍,0.93倍,3.26%
20260618,2615,大井電気,6822,東S,,"5,490",-40,-0.72%,20,3.67倍,0.82倍,1.46%
20260618,2616,ＳＥＭＴＥＣ,6626,東S,,"2,057",+14,+0.69%,19,9.63倍,0.83倍,2.72%
20260618,2617,ぷらっと,6836,東S,,715,-4,-0.56%,19,67.8倍,7.75倍,ー%
20260618,2618,技研ＨＤ,1443,東S,,243,+1,+0.41%,19,6.16倍,0.31倍,0.45%
20260618,2619,グロースコア,1563,東Ｅ,,"2,241",-8,-0.36%,19,ー倍,ー倍,ー%
20260618,2620,塩水糖,2112,東S,,422,-2,-0.47%,19,6.45倍,0.56倍,3.79%
20260618,2621,ピックルス,2935,東P,,"1,100",-4,-0.36%,19,11.2倍,0.70倍,2.64%
20260618,2622,ウィルスマ,175A,東G,,601,-4,-0.66%,19,32.4倍,-25倍,ー%
20260618,2623,ＣＯＴＡ,4923,東P,,"1,110",-19,-1.68%,19,23.6倍,2.71倍,1.72%
20260618,2624,日コン,5269,東P,,331,-2,-0.60%,19,13.8倍,0.39倍,3.02%
20260618,2625,パウダテック,5695,東S,,"2,954",+94,+3.29%,19,26.0倍,0.67倍,3.39%
20260618,2626,クロスキャト,2307,東P,,932,-7,-0.75%,19,8.47倍,1.96倍,4.18%
20260618,2627,ファンコミ,2461,東P,,420,+4,+0.96%,19,19.3倍,1.70倍,5.00%
20260618,2628,ＷＤＢ,2475,東P,,"1,783",-9,-0.50%,19,12.3倍,1.04倍,5.27%
20260618,2629,伊沢タオル,365A,東S,,732,-3,-0.41%,19,11.1倍,1.72倍,5.74%
20260618,2630,ｉＳシルバー,568A,東Ｅ,,181.6,-3.6,-1.94%,19,ー倍,ー倍,ー%
20260618,2631,ｉＳプラチナ,569A,東Ｅ,,177.9,-2.8,-1.55%,19,ー倍,ー倍,ー%
20260618,2632,菊水ＨＤ,6912,東S,,"2,075",+30,+1.47%,19,10.7倍,1.10倍,2.84%
20260618,2633,ピアズ,7066,東G,,396,-3,-0.75%,19,13.2倍,1.24倍,ー%
20260618,2634,イントラスト,7191,東S,,"1,077",-8,-0.74%,19,13.1倍,2.97倍,4.60%
20260618,2635,扶桑電通,7505,東S,,"2,135",+56,+2.69%,19,9.62倍,1.39倍,4.17%
20260618,2636,重松製,7980,東S,,790,-10,-1.25%,19,7.70倍,0.60倍,1.90%
20260618,2637,Ｕｂｉｃｏｍ,3937,東S,,936,+3,+0.32%,19,10.8倍,1.89倍,ー%
20260618,2638,森六,4249,東P,,"2,387",+14,+0.59%,19,11.0倍,0.52倍,5.24%
20260618,2639,ＲＳＣ,4664,東S,,733,-30,-3.93%,19,32.4倍,0.92倍,3.27%
20260618,2640,ＦフォースＧ,7068,東G,,473,+4,+0.85%,19,7.78倍,3.49倍,2.11%
20260618,2641,勤次郎,4013,東G,,628,+2,+0.32%,19,11.8倍,1.21倍,1.59%
20260618,2642,ネオマーケ,4196,東S,,"1,700",+1,+0.06%,19,42.0倍,4.55倍,ー%
20260618,2643,東陽倉,9306,東S,,"1,998",-7,-0.35%,19,13.1倍,0.52倍,3.75%
20260618,2644,キムラユニテ,9368,東S,,856,-4,-0.47%,19,9.14倍,0.80倍,4.44%
20260618,2645,ランビジネス,8944,東S,,237,-5,-2.07%,18,9.13倍,0.28倍,2.53%
20260618,2646,神奈交,9081,東P,,"3,520",-15,-0.42%,18,11.6倍,0.68倍,2.56%
20260618,2647,パーカー,9845,東S,,"1,370",+24,+1.78%,18,7.79倍,0.67倍,3.87%
20260618,2648,上場ＪＰＸ日,1592,東Ｅ,,"3,425",+47,+1.39%,18,ー倍,ー倍,ー%
20260618,2649,野村食品,1617,東Ｅ,,"46,490",+900,+1.97%,18,ー倍,ー倍,ー%
20260618,2650,南海辰村,1850,東S,,412,+8,+1.98%,18,7.04倍,0.59倍,1.94%
20260618,2651,Ｔスマート,6246,東S,,"1,814",+17,+0.95%,18,14.9倍,1.00倍,5.07%
20260618,2652,オーケストラ,6533,東P,,"1,000",+3,+0.30%,18,9.73倍,1.42倍,1.30%
20260618,2653,ヤーマン,6630,東P,,716,+2,+0.28%,18,113倍,1.62倍,1.26%
20260618,2654,ジェネパ,3195,東S,,486,+11,+2.32%,18,22.1倍,1.89倍,ー%
20260618,2655,フィルＣ,3267,東S,,658,-13,-1.94%,18,5.89倍,1.10倍,3.80%
20260618,2656,バルニバービ,3418,東G,,"1,112",-7,-0.63%,18,27.1倍,1.99倍,0.67%
20260618,2657,ベガコーポ,3542,東G,,"1,306",-27,-2.03%,18,15.1倍,1.92倍,1.38%
20260618,2658,サイバーリン,3683,東S,,"1,018",+9,+0.89%,18,8.67倍,1.22倍,3.44%
20260618,2659,朝日ネット,3834,東P,,607,+1,+0.17%,18,12.1倍,1.20倍,4.12%
20260618,2660,ソフトフロン,2321,東G,,132,0,0.00%,18,ー倍,4.08倍,ー%
20260618,2661,ジーエルシー,2970,東S,,"1,151",+1,+0.09%,18,13.6倍,3.29倍,ー%
20260618,2662,テクノロジー,5248,東G,,468,-1,-0.21%,18,ー倍,5.62倍,ー%
20260618,2663,オートサーバ,5589,東S,,"2,785",+32,+1.16%,18,13.5倍,1.55倍,2.41%
20260618,2664,ＡＩセレクト,162A,東EN,,"18,170",+330,+1.85%,18,ー倍,ー倍,ー%
20260618,2665,トレンダ,6069,東G,,614,-3,-0.49%,18,10.6倍,1.11倍,5.86%
20260618,2666,さくらさく,7097,東G,,"2,888",+14,+0.49%,18,15.4倍,1.91倍,0.97%
20260618,2667,ペイクラウド,4015,東G,,495,+7,+1.43%,18,21.6倍,1.72倍,ー%
20260618,2668,ココペリ,4167,東G,,289,+8,+2.85%,18,44.0倍,1.50倍,ー%
20260618,2669,グローバルＩ,4171,東S,,"1,677",0,0.00%,18,24.5倍,1.95倍,ー%
20260618,2670,ステムセル研,7096,東G,,664,-8,-1.19%,18,63.7倍,2.49倍,ー%
20260618,2671,ＫＩＭＯＴＯ,7908,東S,,230,-2,-0.86%,18,ー倍,0.53倍,ー%
20260618,2672,マミヤＯＰ,7991,東S,,"1,061",-8,-0.75%,18,9.13倍,0.42倍,4.71%
20260618,2673,日産証券Ｇ,8705,東S,,227,-3,-1.30%,18,ー倍,0.88倍,ー%
20260618,2674,サノヤスＨＤ,7022,東S,,243,-4,-1.62%,18,10.2倍,0.65倍,3.09%
20260618,2675,アイビーシー,3920,東S,,995,0,0.00%,18,12.9倍,2.30倍,2.21%
20260618,2676,日華化学,4463,東S,,"1,703",-25,-1.45%,18,9.68倍,0.76倍,4.11%
20260618,2677,日理化,4406,東S,,208,0,0.00%,17,12.9倍,0.39倍,2.16%
20260618,2678,有機薬,4531,東S,,343,+10,+3.00%,17,ー倍,0.55倍,2.92%
20260618,2679,魁力屋,5891,東S,,"1,600",-3,-0.19%,17,36.2倍,1.85倍,1.44%
20260618,2680,ＥＴＳ・Ｇ,253A,東S,,"1,091",+11,+1.02%,17,14.0倍,1.84倍,2.11%
20260618,2681,純パラ信託,1543,東Ｅ,,"60,530",-380,-0.62%,17,ー倍,ー倍,ー%
20260618,2682,野村ＪＰＸ,1591,東Ｅ,,"37,070",+580,+1.59%,17,ー倍,ー倍,ー%
20260618,2683,野村不動産,1633,東Ｅ,,"50,970",+220,+0.43%,17,ー倍,ー倍,ー%
20260618,2684,リニカル,2183,東S,,214,-1,-0.47%,17,26.9倍,1.22倍,3.74%
20260618,2685,Ｊファーマ,520A,東G,,386,+12,+3.21%,17,ー倍,1.71倍,ー%
20260618,2686,ポエック,9264,東S,,"1,672",+27,+1.64%,17,11.0倍,1.79倍,4.49%
20260618,2687,ファイズＨＤ,9325,東S,,"1,125",-18,-1.57%,17,8.64倍,2.60倍,3.38%
20260618,2688,ＣＢＣ,9402,名P,,"1,192",+4,+0.34%,17,20.0倍,0.39倍,2.10%
20260618,2689,銀座ルノア,9853,東S,,901,-6,-0.66%,17,13.2倍,1.72倍,0.55%
20260618,2690,中村屋,2204,東S,,"3,155",+45,+1.45%,17,19.0倍,0.63倍,2.38%
20260618,2691,テンポスＨＤ,2751,東S,,"3,720",+5,+0.13%,17,16.3倍,2.55倍,0.24%
20260618,2692,ポラリスＨＤ,3010,東S,,167,-2,-1.18%,17,24.4倍,1.21倍,2.99%
20260618,2693,船場,6540,東S,,"1,499",+14,+0.94%,17,10.0倍,1.14倍,5.20%
20260618,2694,オープンＧ,6572,東P,,200,-2,-0.99%,17,17.2倍,1.05倍,3.25%
20260618,2695,新コスモス,6824,東S,,"4,560",+70,+1.56%,17,13.9倍,1.04倍,2.08%
20260618,2696,インタートレ,3747,東S,,388,-11,-2.76%,17,11.6倍,2.32倍,ー%
20260618,2697,日本モゲジＳ,7192,東S,,565,-5,-0.88%,17,9.13倍,0.87倍,5.31%
20260618,2698,中本パックス,7811,東S,,"1,899",+19,+1.01%,17,7.70倍,0.80倍,3.90%
20260618,2699,ニホンフラ,7820,東P,,708,-8,-1.12%,17,17.9倍,0.51倍,5.08%
20260618,2700,室町ケミカル,4885,東S,,937,+5,+0.54%,17,8.02倍,1.35倍,2.77%
20260618,2701,ＭＣＰｓ,4360,東S,,712,-33,-4.43%,17,ー倍,0.51倍,2.11%
20260618,2702,日エンター,4829,東S,,100,0,0.00%,17,85.5倍,0.82倍,3.00%
20260618,2703,フイルコン,5942,東S,,593,-5,-0.84%,17,25.5倍,0.50倍,4.72%
20260618,2704,ＺＥＴＡ,6031,東G,,285,-4,-1.38%,17,19.1倍,7.37倍,1.58%
20260618,2705,バリューＨＲ,6078,東P,,"1,448",-11,-0.75%,17,36.9倍,5.86倍,1.93%
20260618,2706,ホクシン,7897,東S,,100,0,0.00%,17,21.8倍,0.48倍,2.00%
20260618,2707,スターツ出版,7849,東S,,"3,250",-75,-2.26%,16,8.24倍,1.17倍,4.00%
20260618,2708,東京機,6335,東S,,551,-5,-0.90%,16,7.79倍,0.47倍,ー%
20260618,2709,フリージア,6343,東S,,135,-1,-0.74%,16,3.80倍,0.36倍,0.44%
20260618,2710,１ｓｔコーポ,1430,東S,,925,+3,+0.33%,16,6.03倍,1.08倍,4.97%
20260618,2711,ＷＴ天然ガス,1689,東Ｅ,,849,-20,-2.30%,16,ー倍,ー倍,ー%
20260618,2712,アズジェント,4288,東S,,358,-14,-3.76%,16,27.3倍,2.70倍,ー%
20260618,2713,ヴィッツ,4440,東S,,"1,126",+38,+3.49%,16,10.4倍,1.49倍,1.60%
20260618,2714,トリプルアイ,5026,東G,,558,+9,+1.64%,16,130倍,3.43倍,ー%
20260618,2715,オープンＷ,5139,東G,,998,-9,-0.89%,16,21.5倍,2.85倍,0.90%
20260618,2716,野村国債Ｄイ,2251,東Ｅ,,879.0,-0.4,-0.05%,16,ー倍,ー倍,ー%
20260618,2717,アスマーク,4197,東S,,"2,180",-45,-2.02%,16,18.0倍,1.61倍,3.58%
20260618,2718,ｉＳ米増配株,2014,東Ｅ,,310.0,-1.1,-0.35%,16,ー倍,ー倍,ー%
20260618,2719,ロゴスＨＤ,205A,東G,,"1,590",-8,-0.50%,16,7.55倍,1.92倍,3.99%
20260618,2720,アスア,246A,東G,,"1,100",+30,+2.80%,16,30.3倍,2.78倍,0.64%
20260618,2721,令和ＡＨ,296A,東G,,780,+8,+1.04%,16,20.3倍,11.1倍,4.23%
20260618,2722,エヌアイデイ,2349,東S,,"2,308",+2,+0.09%,16,10.0倍,1.04倍,1.30%
20260618,2723,Ｔアルファ,3089,東S,,"1,184",+29,+2.51%,16,ー倍,0.91倍,2.96%
20260618,2724,和田興産,8931,東S,,"1,245",-12,-0.95%,16,6.50倍,0.39倍,4.82%
20260618,2725,アジア航,9233,東S,,"1,118",-4,-0.36%,16,10.0倍,0.87倍,3.94%
20260618,2726,シルバライフ,9262,東S,,642,-3,-0.47%,16,8.66倍,0.95倍,2.80%
20260618,2727,ＳＥＨＩ,9478,東S,,533,+24,+4.72%,16,16.3倍,0.73倍,0.75%
20260618,2728,スカラ,4845,東S,,335,+1,+0.30%,16,14.0倍,1.23倍,5.07%
20260618,2729,美濃窯,5356,東S,,"1,410",-7,-0.49%,16,10.3倍,0.92倍,3.69%
20260618,2730,三洋工,5958,東S,,"4,465",+5,+0.11%,16,9.63倍,0.60倍,4.70%
20260618,2731,マルゼン,5982,東S,,"3,835",-65,-1.67%,16,11.5倍,1.17倍,3.26%
20260618,2732,エンバイオＨ,6092,東S,,735,+1,+0.14%,16,8.65倍,0.65倍,3.27%
20260618,2733,ＴＢＫ,7277,東S,,315,+1,+0.32%,16,16.7倍,0.32倍,2.54%
20260618,2734,ハピネス＆Ｄ,3174,東S,,434,-10,-2.25%,16,ー倍,3.01倍,ー%
20260618,2735,ウインＰ,3183,東P,,"1,237",+3,+0.24%,16,15.4倍,1.46倍,4.45%
20260618,2736,アグレ都市,3467,東S,,"2,457",-25,-1.01%,16,6.16倍,1.64倍,5.70%
20260618,2737,バロック,3548,東P,,725,-2,-0.28%,16,35.1倍,1.78倍,5.24%
20260618,2738,クロスマーケ,3675,東S,,581,0,0.00%,16,7.03倍,1.18倍,2.58%
20260618,2739,ユビＡＩ,3858,東S,,302,+5,+1.68%,16,ー倍,1.65倍,ー%
20260618,2740,エブレン,6599,東S,,"3,150",+30,+0.96%,16,11.9倍,0.93倍,1.84%
20260618,2741,ｒａｋｕｍｏ,4060,東G,,"1,113",+18,+1.64%,16,20.4倍,3.45倍,1.26%
20260618,2742,人・夢・技術,9248,東S,,"1,592",+29,+1.86%,16,11.5倍,0.62倍,3.77%
20260618,2743,ＧＥＩ,9212,東G,,270,0,0.00%,16,21.0倍,1.60倍,ー%
20260618,2744,スタメン,4019,東G,,582,+2,+0.34%,15,19.2倍,3.40倍,1.37%
20260618,2745,カイゼン,4170,東G,,104,+2,+1.96%,15,88.9倍,0.60倍,ー%
20260618,2746,Ｅｎｊｉｎ,7370,東G,,698,-5,-0.71%,15,17.1倍,1.10倍,5.73%
20260618,2747,ＪＴＰ,2488,東S,,"1,315",+8,+0.61%,15,10.3倍,1.79倍,3.80%
20260618,2748,木徳神糧,2700,東S,,"1,834",+22,+1.21%,15,5.01倍,0.73倍,2.73%
20260618,2749,ｉＳ新興国株,1658,東Ｅ,,"4,620",+38,+0.83%,15,ー倍,ー倍,ー%
20260618,2750,ＭＸ高利Ｊリ,1660,東Ｅ,,"10,450",-20,-0.19%,15,ー倍,ー倍,ー%
20260618,2751,ＷＴ穀物,1688,東Ｅ,,545.0,+8.6,+1.60%,15,ー倍,ー倍,ー%
20260618,2752,森組,1853,東S,,317,-2,-0.63%,15,13.3倍,0.67倍,4.42%
20260618,2753,高田工,1966,東S,,"1,764",+49,+2.86%,15,14.2倍,0.59倍,3.97%
20260618,2754,タカノ,7885,東S,,"1,057",+22,+2.13%,15,22.0倍,0.49倍,1.89%
20260618,2755,豊トラスティ,8747,東S,,"2,199",+19,+0.87%,15,ー倍,0.69倍,ー%
20260618,2756,一蔵,6186,東S,,376,+1,+0.27%,15,11.7倍,0.77倍,3.99%
20260618,2757,ｉＳＨＹ社債,2258,東Ｅ,,230.4,-0.1,-0.04%,15,ー倍,ー倍,ー%
20260618,2758,ナルネット,5870,東G,,776,+8,+1.04%,15,8.08倍,1.07倍,3.87%
20260618,2759,ＧＸＵＲ２０,2018,東Ｅ,,"1,290",-24,-1.83%,15,ー倍,ー倍,ー%
20260618,2760,野村Ｐ１５０,159A,東Ｅ,,733.6,+13.3,+1.85%,15,ー倍,ー倍,ー%
20260618,2761,ウェルネス,366A,東G,,"1,040",-17,-1.61%,15,11.3倍,2.22倍,3.85%
20260618,2762,クラシコ,442A,東G,,"1,063",-33,-3.01%,15,14.7倍,1.35倍,ー%
20260618,2763,野村高配ＣＦ,518A,東Ｅ,,"1,917",+1,+0.05%,15,ー倍,ー倍,ー%
20260618,2764,シスエグゼ,548A,東S,,935,+14,+1.52%,15,8.45倍,0.87倍,4.76%
20260618,2765,ＰＣＩＨＤ,3918,東S,,"1,212",+7,+0.58%,15,9.54倍,1.23倍,4.79%
20260618,2766,ネオジャパン,3921,東P,,"1,480",+6,+0.41%,15,11.1倍,2.74倍,3.65%
20260618,2767,ロンシール,4224,東S,,"1,987",+21,+1.07%,15,8.72倍,0.46倍,4.28%
20260618,2768,エスケー化研,4628,東S,,"9,630",-70,-0.72%,15,13.7倍,0.74倍,1.87%
20260618,2769,シンメンテ,6086,東G,,"1,023",-5,-0.49%,15,14.6倍,4.17倍,2.15%
20260618,2770,エーワン精密,6156,東S,,"1,998",-2,-0.10%,15,45.8倍,1.40倍,5.01%
20260618,2771,ファースト住,8917,東S,,"1,052",-2,-0.19%,15,9.76倍,0.36倍,4.09%
20260618,2772,ヒガシＨＤ,9029,東S,,"1,876",-21,-1.11%,15,9.07倍,1.52倍,3.30%
20260618,2773,ＲｅＹｕｕ,9425,東S,,174,0,0.00%,15,ー倍,0.94倍,ー%
20260618,2774,ＭＴＩ,9438,東P,,565,+3,+0.53%,15,11.6倍,1.58倍,3.54%
20260618,2775,ウィルソンＷ,9610,東S,,107,+5,+4.90%,15,ー倍,1.55倍,ー%
20260618,2776,歌舞伎,9661,東S,,"4,465",0,0.00%,15,228倍,4.76倍,0.11%
20260618,2777,ナック,9788,東P,,499,+3,+0.60%,15,11.9倍,0.87倍,4.41%
20260618,2778,レシップＨＤ,7213,東S,,576,-10,-1.71%,15,6.78倍,0.80倍,4.51%
20260618,2779,山大,7426,東S,,599,0,0.00%,15,ー倍,0.36倍,ー%
20260618,2780,小津産業,7487,東S,,"1,707",-6,-0.35%,15,33.4倍,0.74倍,1.46%
20260618,2781,クレステック,7812,東S,,"2,096",+8,+0.38%,15,6.02倍,0.65倍,4.96%
20260618,2782,日本創発Ｇ,7814,東S,,590,+10,+1.72%,15,13.8倍,1.32倍,2.54%
20260618,2783,島根銀行,7150,東S,,488,-3,-0.61%,14,26.9倍,0.75倍,2.05%
20260618,2784,橋本総業ＨＤ,7570,東S,,"1,405",+22,+1.59%,14,7.39倍,0.75倍,3.70%
20260618,2785,ヤマノＨＤ,7571,東S,,86,0,0.00%,14,23.4倍,2.01倍,1.74%
20260618,2786,ＧＸ銅ビジ,580A,東Ｅ,,"1,036",-6,-0.58%,14,ー倍,ー倍,ー%
20260618,2787,アクシーズ,1381,東S,,"3,735",+30,+0.81%,14,8.74倍,0.90倍,3.01%
20260618,2788,タナケン,1450,東S,,"1,325",-5,-0.38%,14,8.23倍,1.24倍,4.15%
20260618,2789,日本ハウス,1873,東P,,302,-1,-0.33%,14,8.82倍,0.53倍,3.97%
20260618,2790,ビザスク,4490,東G,,603,+6,+1.01%,14,7.46倍,3.22倍,ー%
20260618,2791,ドーン,2303,東S,,"1,234",+11,+0.90%,14,16.9倍,2.54倍,1.13%
20260618,2792,トランスＧＧ,2342,東S,,211,-3,-1.40%,14,23.4倍,0.74倍,ー%
20260618,2793,ＵＮＩＴＥＤ,2497,東G,,503,-1,-0.20%,14,751倍,1.10倍,4.37%
20260618,2794,ジーフット,2686,東S,,297,0,0.00%,14,ー倍,-5.4倍,ー%
20260618,2795,篠崎屋,2926,東S,,98,+1,+1.03%,14,ー倍,1.24倍,ー%
20260618,2796,丸善ＣＨＩ,3159,東S,,347,-1,-0.29%,14,13.0倍,0.57倍,1.73%
20260618,2797,野村独株Ｈ有,2860,東Ｅ,,"3,143",+13,+0.42%,14,ー倍,ー倍,ー%
20260618,2798,ジャパニアス,9558,東G,,"1,948",+21,+1.09%,14,9.84倍,2.30倍,5.18%
20260618,2799,インシュア,5843,東S,,"2,116",+50,+2.42%,14,9.84倍,2.10倍,1.04%
20260618,2800,キャスター,9331,東G,,"1,052",+72,+7.35%,14,ー倍,3.00倍,ー%
20260618,2801,リスキル,291A,東G,,"1,793",+65,+3.76%,14,9.24倍,1.94倍,ー%
20260618,2802,菊水化,7953,東S,,387,+3,+0.78%,14,ー倍,0.47倍,4.39%
20260618,2803,千趣会,8165,東S,,115,-1,-0.86%,14,3.98倍,0.33倍,ー%
20260618,2804,東自機,6360,東S,,"4,400",+65,+1.50%,14,13.4倍,0.61倍,2.27%
20260618,2805,加地テック,6391,東S,,"4,230",-60,-1.40%,14,9.59倍,0.83倍,1.65%
20260618,2806,ＡＢホテル,6565,名M,,"1,347",+21,+1.58%,14,6.06倍,1.22倍,2.15%
20260618,2807,宮越ＨＤ,6620,東P,,602,+6,+1.01%,14,ー倍,0.98倍,ー%
20260618,2808,大同信,6743,東S,,843,+3,+0.36%,14,7.04倍,0.48倍,4.27%
20260618,2809,ショーエイ,9385,東S,,712,+9,+1.28%,14,5.66倍,1.07倍,4.92%
20260618,2810,藤井産業,9906,東S,,"3,750",-15,-0.40%,14,8.35倍,0.76倍,4.27%
20260618,2811,ドリームＩ,4310,東P,,"2,706",-17,-0.62%,14,ー倍,2.04倍,5.06%
20260618,2812,チムスピ,4397,東G,,355,-5,-1.39%,14,16.9倍,4.60倍,ー%
20260618,2813,グローバル社,3271,東S,,"1,268",-2,-0.16%,14,11.8倍,3.43倍,ー%
20260618,2814,ｃｏｔｔａ,3359,東G,,513,+3,+0.59%,14,8.67倍,1.15倍,1.95%
20260618,2815,アレンザＨＤ,3546,東P,,"1,456",-1,-0.07%,14,ー倍,1.36倍,ー%
20260618,2816,ＡＧＳ,3648,東S,,"1,050",+11,+1.06%,14,9.57倍,1.09倍,3.43%
20260618,2817,Ｄｅｆコン,4833,東G,,46,+1,+2.22%,14,ー倍,1.39倍,ー%
20260618,2818,Ａ＆ＡＭ,5391,東S,,"1,448",+28,+1.97%,14,6.67倍,0.47倍,4.83%
20260618,2819,レントラクス,6045,東G,,"1,452",+21,+1.47%,14,12.6倍,1.93倍,1.72%
20260618,2820,アライドアキ,6081,東G,,159,0,0.00%,14,131倍,1.52倍,ー%
20260618,2821,ダイジェト,6138,東S,,"1,073",-31,-2.81%,14,10.6倍,0.34倍,3.26%
20260618,2822,クリエート,5187,東S,,"1,107",+11,+1.00%,13,11.9倍,0.55倍,4.25%
20260618,2823,倉元,5216,東S,,131,-5,-3.68%,13,ー倍,11.0倍,ー%
20260618,2824,モリ工業,5464,東S,,930,-6,-0.64%,13,11.0倍,0.60倍,3.66%
20260618,2825,ミトラＧ,6093,東S,,155,-1,-0.64%,13,15.9倍,1.94倍,3.87%
20260618,2826,エスティック,6161,東S,,"1,061",+10,+0.95%,13,8.68倍,0.94倍,2.92%
20260618,2827,ウッドワン,7898,東S,,858,-1,-0.12%,13,20.0倍,0.18倍,2.80%
20260618,2828,野村医薬品,1621,東Ｅ,,"29,295",+520,+1.81%,13,ー倍,ー倍,ー%
20260618,2829,野村小売,1630,東Ｅ,,"37,430",-140,-0.37%,13,ー倍,ー倍,ー%
20260618,2830,ＷＴ金,1672,東Ｅ,,"63,880",-300,-0.47%,13,ー倍,ー倍,ー%
20260618,2831,ＷＴ貴金属,1676,東Ｅ,,"43,160",-710,-1.62%,13,ー倍,ー倍,ー%
20260618,2832,フロンティＭ,7038,東P,,610,-2,-0.33%,13,144倍,4.45倍,ー%
20260618,2833,アイフィス,7833,東S,,637,+7,+1.11%,13,10.8倍,1.05倍,4.71%
20260618,2834,ＭＸ読売日株,348A,東Ｅ,,299.2,+1.8,+0.61%,13,ー倍,ー倍,ー%
20260618,2835,ビタブリッド,542A,東G,,956,-11,-1.14%,13,7.22倍,1.95倍,ー%
20260618,2836,ベースフード,2936,東G,,280,-4,-1.41%,13,ー倍,11.0倍,ー%
20260618,2837,ＳＨＩＮＫＯ,7120,東S,,"1,004",-3,-0.30%,13,6.92倍,2.08倍,4.38%
20260618,2838,レンティア,7081,東S,,"1,320",+2,+0.15%,13,9.18倍,1.15倍,2.80%
20260618,2839,ＨＣＨ,7361,東G,,"1,177",+22,+1.90%,13,8.40倍,2.49倍,3.82%
20260618,2840,Ｚｅｎｋｅｎ,7371,東G,,743,-4,-0.54%,13,25.8倍,0.71倍,3.50%
20260618,2841,コンフインタ,7374,東G,,"1,531",+2,+0.13%,13,10.2倍,1.53倍,5.55%
20260618,2842,イメージＭ,7793,東G,,"1,330",-76,-5.41%,13,7.44倍,1.73倍,2.63%
20260618,2843,林兼,2286,東S,,856,+7,+0.82%,13,5.83倍,0.52倍,5.26%
20260618,2844,東北新社,2329,東S,,537,+2,+0.37%,13,ー倍,0.86倍,ー%
20260618,2845,メディネット,2370,東G,,26,0,0.00%,13,ー倍,2.03倍,ー%
20260618,2846,ぐるなび,2440,東S,,120,-1,-0.83%,13,ー倍,1.30倍,ー%
20260618,2847,出前館,2484,東S,,118,-1,-0.84%,13,ー倍,0.52倍,ー%
20260618,2848,オルバヘルス,2689,東S,,"1,998",+1,+0.05%,13,8.97倍,0.94倍,4.00%
20260618,2849,ＵＮＩＶＡ,3113,東S,,71,-1,-1.39%,13,65.1倍,5.57倍,ー%
20260618,2850,エストラスト,3280,東S,,994,+24,+2.47%,13,6.02倍,0.56倍,3.42%
20260618,2851,クロスプラス,3320,東S,,"1,263",+21,+1.69%,13,6.50倍,0.49倍,4.75%
20260618,2852,Ｊ－ＭＡＸ,3422,東S,,497,+12,+2.47%,13,5.71倍,0.30倍,1.61%
20260618,2853,Ｆブラザーズ,3454,東S,,"1,168",-13,-1.10%,13,6.25倍,0.63倍,3.17%
20260618,2854,ウイルプラス,3538,東S,,912,+5,+0.55%,13,7.38倍,0.73倍,5.04%
20260618,2855,ヤマシタＨＤ,9265,東S,,"2,980",-20,-0.67%,13,21.4倍,0.85倍,2.35%
20260618,2856,桜島埠,9353,東S,,"2,815",+70,+2.55%,13,16.5倍,0.53倍,1.92%
20260618,2857,アゴーラＨＧ,9704,東S,,31,0,0.00%,13,33.0倍,1.49倍,ー%
20260618,2858,旭情報,9799,東S,,858,-11,-1.27%,13,10.7倍,1.07倍,3.96%
20260618,2859,ＬＴＳ,6560,東P,,"1,809",+19,+1.06%,13,7.59倍,1.62倍,2.21%
20260618,2860,日化産,4094,東S,,"2,061",-4,-0.19%,13,32.1倍,0.79倍,4.37%
20260618,2861,ＨＥＲＯＺ,4382,東S,,771,-16,-2.03%,13,39.1倍,2.35倍,ー%
20260618,2862,ＣＬＨＤ,4286,東S,,"1,118",+9,+0.81%,12,10.9倍,1.54倍,2.77%
20260618,2863,ウィルズ,4482,東G,,719,-1,-0.14%,12,15.3倍,5.38倍,2.50%
20260618,2864,スポーツＦ,7080,東G,,783,-9,-1.14%,12,6.80倍,2.16倍,2.94%
20260618,2865,ＤＮＨＤ,7377,東S,,"1,837",+8,+0.44%,12,8.47倍,0.92倍,4.08%
20260618,2866,ブロードＥ,4415,東G,,"1,217",-3,-0.25%,12,11.5倍,4.03倍,1.74%
20260618,2867,アジアＱ,4261,東G,,"3,400",-15,-0.44%,12,15.9倍,2.51倍,ー%
20260618,2868,上場新興国債,1566,東Ｅ,,"54,300",-70,-0.13%,12,ー倍,ー倍,ー%
20260618,2869,銭高組,1811,東S,,"8,050",ー,ー%,12,38.2倍,0.50倍,ー%
20260618,2870,日基技,1914,東S,,669,+4,+0.60%,12,8.10倍,0.50倍,4.48%
20260618,2871,ヒップ,2136,東S,,"1,354",-42,-3.01%,12,12.4倍,1.26倍,5.24%
20260618,2872,ＪＦＥシステ,4832,東S,,"1,891",+16,+0.85%,12,13.6倍,1.67倍,3.70%
20260618,2873,旭コン,5268,東S,,884,-9,-1.01%,12,24.8倍,0.92倍,1.92%
20260618,2874,築地魚,8039,東S,,"3,700",+10,+0.27%,12,16.5倍,1.16倍,0.95%
20260618,2875,ナガホリ,8139,東S,,"2,072",+19,+0.93%,12,53.0倍,2.25倍,0.72%
20260618,2876,ＦＩＸＥＲ,5129,東G,,245,0,0.00%,12,ー倍,1.53倍,ー%
20260618,2877,テリロジＨＤ,5133,東S,,285,+1,+0.35%,12,11.4倍,1.49倍,1.89%
20260618,2878,ハルメク,7119,東G,,"1,630",+10,+0.62%,12,15.0倍,2.02倍,2.45%
20260618,2879,ＧＸ住宅日Ｒ,2097,東Ｅ,,955,-4,-0.42%,12,ー倍,ー倍,ー%
20260618,2880,Ｇモンスター,157A,東G,,873,-2,-0.23%,12,ー倍,2.19倍,1.15%
20260618,2881,構造計画ＨＤ,208A,東S,,"2,840",0,0.00%,12,13.0倍,2.81倍,3.17%
20260618,2882,北電工,6989,東S,,"2,368",+44,+1.89%,12,15.5倍,0.72倍,4.01%
20260618,2883,あんしん保証,7183,東S,,257,+1,+0.39%,12,ー倍,1.72倍,ー%
20260618,2884,オータケ,7434,東S,,"1,790",+30,+1.70%,12,8.16倍,0.41倍,2.23%
20260618,2885,京都友禅ＨＤ,7615,東S,,97,+2,+2.11%,12,19.3倍,0.65倍,1.55%
20260618,2886,ｉＳＳＴ２０,313A,東Ｅ,,263.4,-0.7,-0.27%,12,ー倍,ー倍,ー%
20260618,2887,地銀業界改革,395A,東Ｅ,,958.0,+21.0,+2.24%,12,ー倍,ー倍,ー%
20260618,2888,ＧＭＯコマス,410A,東G,,"1,079",-1,-0.09%,12,13.8倍,2.21倍,4.69%
20260618,2889,ライオン事務,423A,東S,,298,0,0.00%,12,10.2倍,0.73倍,5.03%
20260618,2890,野村高利Ｊリ,459A,東Ｅ,,"10,100",-95,-0.93%,12,ー倍,ー倍,ー%
20260618,2891,水道機,6403,東S,,"4,015",0,0.00%,12,ー倍,1.46倍,ー%
20260618,2892,エスポア,3260,名N,,682,-17,-2.43%,12,ー倍,183倍,ー%
20260618,2893,丸八ＨＤ,3504,名M,,"1,277",+30,+2.41%,12,10.7倍,0.34倍,3.92%
20260618,2894,自重堂,3597,東S,,"10,270",+70,+0.69%,12,21.9倍,0.78倍,4.87%
20260618,2895,総医研ＨＤ,2385,東G,,242,+2,+0.83%,12,52.7倍,1.03倍,4.13%
20260618,2896,ｉＦＪリコア,2528,東Ｅ,,"1,072",-1,-0.09%,12,ー倍,ー倍,ー%
20260618,2897,ワッツ,2735,東S,,609,+1,+0.16%,12,8.98倍,0.60倍,3.28%
20260618,2898,イフジ産業,2924,東S,,"2,128",+27,+1.29%,12,8.57倍,1.37倍,3.24%
20260618,2899,アプライド,3020,東S,,"4,000",+75,+1.91%,12,5.03倍,0.78倍,2.50%
20260618,2900,ビューテＨＤ,3041,東S,,539,+2,+0.37%,12,55.3倍,4.29倍,0.97%
20260618,2901,ＪＦＬＡＨＤ,3069,東S,,147,0,0.00%,12,ー倍,1.15倍,ー%
20260618,2902,ホリイフード,3077,東S,,712,-8,-1.11%,12,12.1倍,4.00倍,ー%
20260618,2903,毎コムネット,8908,東S,,829,-4,-0.48%,12,7.67倍,1.10倍,4.58%
20260618,2904,玉井船,9127,東S,,"2,789",+2,+0.07%,12,12.9倍,0.53倍,2.87%
20260618,2905,三協フロンテ,9639,東S,,"2,222",-3,-0.13%,12,8.44倍,0.94倍,4.05%
20260618,2906,白洋舎,9731,東S,,"3,535",-20,-0.56%,12,5.41倍,1.00倍,2.83%
20260618,2907,進学会ＨＤ,9760,東S,,113,-3,-2.59%,12,62.8倍,0.26倍,ー%
20260618,2908,ステップ,9795,東P,,"2,229",-10,-0.45%,12,12.5倍,1.25倍,3.95%
20260618,2909,東洋埠頭,9351,東S,,"1,787",-10,-0.56%,11,9.16倍,0.42倍,4.48%
20260618,2910,東海リース,9761,東S,,"2,216",+1,+0.05%,11,8.72倍,0.44倍,5.42%
20260618,2911,抵抗器,6977,東S,,"1,228",+22,+1.82%,11,15.2倍,1.30倍,2.44%
20260618,2912,スプリックス,7030,東S,,996,-3,-0.30%,11,12.6倍,1.62倍,3.82%
20260618,2913,ピアラ,7044,東S,,544,+1,+0.18%,11,17.9倍,6.08倍,ー%
20260618,2914,Ｆインタ,7050,東G,,"1,286",+9,+0.70%,11,8.86倍,1.18倍,5.68%
20260618,2915,桜井製,7255,東S,,461,-9,-1.91%,11,35.3倍,0.30倍,1.52%
20260618,2916,ウェッズ,7551,東S,,692,+16,+2.37%,11,10.3倍,0.62倍,3.18%
20260618,2917,タカショー,7590,東S,,400,-2,-0.50%,11,56.2倍,0.53倍,1.25%
20260618,2918,ハンズマン,7636,東S,,807,0,0.00%,11,12.2倍,0.60倍,3.72%
20260618,2919,ＮＥＷＡＲＴ,7638,東S,,"1,341",-1,-0.07%,11,9.20倍,2.06倍,5.97%
20260618,2920,寿屋,7809,東S,,"1,370",+18,+1.33%,11,22.1倍,1.36倍,3.28%
20260618,2921,ＷＴコーン,1696,東Ｅ,,"2,780",+45,+1.65%,11,ー倍,ー倍,ー%
20260618,2922,ソネック,1768,東S,,"1,017",-3,-0.29%,11,9.03倍,0.71倍,4.92%
20260618,2923,金先物ベア,2037,東EN,,"1,268",-2,-0.16%,11,ー倍,ー倍,ー%
20260618,2924,Ｄ・アクシス,4245,東S,,662,-2,-0.30%,11,16.3倍,0.88倍,3.63%
20260618,2925,竹本容器,4248,東S,,876,-6,-0.68%,11,11.8倍,0.88倍,4.34%
20260618,2926,Ｍマート,4380,東G,,"1,190",-21,-1.73%,11,12.8倍,2.73倍,4.37%
20260618,2927,ミンカブ,4436,東G,,412,-2,-0.48%,11,12.7倍,4.39倍,ー%
20260618,2928,大幸薬品,4574,東P,,268,+1,+0.37%,11,24.5倍,1.63倍,1.31%
20260618,2929,ＤＷセラピ研,4576,東G,,71,-2,-2.74%,11,ー倍,3.11倍,ー%
20260618,2930,ＩＣ,4769,東S,,"1,160",+42,+3.76%,11,22.8倍,1.34倍,3.45%
20260618,2931,やまや,9994,東S,,"2,041",-4,-0.20%,11,10.6倍,0.60倍,3.53%
20260618,2932,東証リート,2555,東Ｅ,,"1,824.0",-5.0,-0.27%,11,ー倍,ー倍,ー%
20260618,2933,モダリス,4883,東G,,35,0,0.00%,11,ー倍,1.22倍,ー%
20260618,2934,かっこ,4166,東G,,664,+14,+2.15%,11,ー倍,2.76倍,ー%
20260618,2935,いつも,7694,東G,,462,-4,-0.86%,11,14.6倍,1.09倍,ー%
20260618,2936,アクシージア,4936,東S,,325,-12,-3.56%,11,ー倍,0.98倍,3.08%
20260618,2937,リベロ,9245,東G,,"1,903",-57,-2.91%,11,13.5倍,3.54倍,2.21%
20260618,2938,ＭＨＴ,9218,東G,,700,+1,+0.14%,11,25.7倍,5.54倍,1.43%
20260618,2939,ＦＣＥ,9564,東S,,475,+17,+3.71%,11,12.1倍,2.49倍,2.11%
20260618,2940,ＧＸ自動ＥＶ,2867,東Ｅ,,"1,987",-33,-1.63%,11,ー倍,ー倍,ー%
20260618,2941,Ａパーチェス,7115,東S,,"1,455",-15,-1.02%,11,12.6倍,2.14倍,2.54%
20260618,2942,ＧＸＵＳＤＶ,2253,東Ｅ,,"1,292",-14,-1.07%,11,ー倍,ー倍,ー%
20260618,2943,ｉＦ印Ｎ５０,233A,東Ｅ,,"1,909",+12,+0.63%,11,ー倍,ー倍,ー%
20260618,2944,Ｈｍｃｏｍｍ,265A,東G,,610,-4,-0.65%,11,112倍,1.46倍,ー%
20260618,2945,イーガーディ,6050,東P,,"1,674",-4,-0.24%,11,18.8倍,1.61倍,2.27%
20260618,2946,ヴィアＨＤ,7918,東S,,105,0,0.00%,11,ー倍,-1.1倍,ー%
20260618,2947,丸藤パ,8046,東S,,842,+1,+0.12%,11,8.30倍,0.44倍,4.51%
20260618,2948,フォーバル,8275,東S,,"1,000",+10,+1.01%,11,11.9倍,1.38倍,3.20%
20260618,2949,ＡＭＧＨＤ,8891,東S,,"1,862",+22,+1.20%,11,7.82倍,0.44倍,4.30%
20260618,2950,ｆｏｎｆｕｎ,2323,東S,,298,+4,+1.36%,11,14.0倍,4.68倍,ー%
20260618,2951,ＭＸＪリコア,2517,東Ｅ,,"1,076.0",-5.0,-0.46%,11,ー倍,ー倍,ー%
20260618,2952,太陽化,2902,名M,,"2,612",+58,+2.27%,11,9.11倍,0.79倍,3.87%
20260618,2953,藤商事,6257,東S,,984,+1,+0.10%,11,9.80倍,0.48倍,5.59%
20260618,2954,サンセイ,6307,東S,,421,-6,-1.41%,11,8.18倍,0.61倍,3.56%
20260618,2955,エスユーエス,6554,東G,,999,+9,+0.91%,11,9.05倍,1.99倍,5.01%
20260618,2956,共和コーポ,6570,東S,,"1,706",-49,-2.79%,11,8.37倍,1.73倍,2.34%
20260618,2957,フェンオール,6870,東S,,"2,466",-32,-1.28%,11,15.7倍,0.92倍,3.16%
20260618,2958,リブコンサル,480A,東G,,924,-8,-0.86%,11,8.52倍,1.63倍,ー%
20260618,2959,ＧＬ・再エネ,509A,東IF,,"76,000",-300,-0.39%,11,267倍,6.98倍,2.37%
20260618,2960,トラストＨＤ,3286,東S,,"1,020",-4,-0.39%,11,ー倍,3.72倍,1.76%
20260618,2961,メディ一光Ｇ,3353,東S,,"2,683",-11,-0.41%,11,7.77倍,0.64倍,4.47%
20260618,2962,デリカフＨＤ,3392,東S,,811,-4,-0.49%,11,7.53倍,1.26倍,3.33%
20260618,2963,情報企画,3712,東S,,874,-16,-1.80%,11,12.0倍,1.78倍,2.75%
20260618,2964,サイオス,3744,東S,,488,0,0.00%,11,11.4倍,2.24倍,1.02%
20260618,2965,ＡＰＨＤ,3175,東S,,925,+6,+0.65%,10,20.2倍,-50倍,ー%
20260618,2966,北越メ,5446,東S,,"1,230",+16,+1.32%,10,ー倍,0.26倍,ー%
20260618,2967,フジマック,5965,東S,,"1,174",+7,+0.60%,10,3.66倍,0.58倍,5.11%
20260618,2968,ライドオンＥ,6082,東S,,972,-7,-0.72%,10,ー倍,1.08倍,1.54%
20260618,2969,土木管理,6171,東S,,380,-3,-0.78%,10,11.9倍,1.02倍,3.16%
20260618,2970,リブワーク,1431,東G,,650,+4,+0.62%,10,79.6倍,3.48倍,0.98%
20260618,2971,Ｈ株ベア,1573,東Ｅ,,"8,927",+202,+2.32%,10,ー倍,ー倍,ー%
20260618,2972,名工建,1869,名M,,"1,823",+67,+3.82%,10,8.37倍,0.54倍,3.62%
20260618,2973,伊勢湾,9359,名M,,932,-12,-1.27%,10,9.48倍,0.46倍,3.22%
20260618,2974,東洋テク,9686,東S,,"1,573",0,0.00%,10,13.2倍,0.71倍,4.51%
20260618,2975,ケル,6919,東S,,"1,360",-20,-1.45%,10,82.5倍,0.65倍,5.88%
20260618,2976,プロレド,7034,東P,,381,0,0.00%,10,ー倍,0.60倍,ー%
20260618,2977,日本プラスト,7291,東S,,452,+2,+0.44%,10,5.31倍,0.23倍,5.53%
20260618,2978,フジオーゼ,7299,東S,,"1,666",-59,-3.42%,10,9.64倍,0.51倍,3.24%
20260618,2979,南陽,7417,東S,,"1,479",0,0.00%,10,7.98倍,0.65倍,4.39%
20260618,2980,ヒマラヤ,7514,東S,,850,-1,-0.12%,10,32.5倍,0.65倍,3.06%
20260618,2981,ハークスレイ,7561,東S,,642,+1,+0.16%,10,7.42倍,0.46倍,4.67%
20260618,2982,栄電子,7567,東S,,537,-9,-1.65%,10,21.0倍,0.57倍,2.42%
20260618,2983,ノバック,5079,東S,,"2,479",+4,+0.16%,10,16.6倍,0.68倍,4.84%
20260618,2984,フュージック,5256,東G,,"2,576",+112,+4.55%,10,193倍,2.61倍,ー%
20260618,2985,ファーストＡ,5588,東G,,735,-1,-0.14%,10,39.3倍,5.40倍,0.53%
20260618,2986,ダイブ,151A,東G,,600,+17,+2.92%,10,9.33倍,1.87倍,ー%
20260618,2987,ＰＲＩＳＭバ,206A,東G,,137,+2,+1.48%,10,ー倍,2.39倍,ー%
20260618,2988,オプロ,228A,東G,,"1,818",+28,+1.56%,10,13.8倍,3.01倍,ー%
20260618,2989,ガーデン,274A,東S,,"2,206",-4,-0.18%,10,18.8倍,2.05倍,4.08%
20260618,2990,アテクト,4241,東S,,610,-6,-0.97%,10,22.5倍,1.48倍,1.64%
20260618,2991,ユークス,4334,東S,,372,-5,-1.33%,10,11.2倍,1.25倍,2.69%
20260618,2992,バルテスＨＤ,4442,東G,,384,0,0.00%,10,12.5倍,2.10倍,1.04%
20260618,2993,ＡＩクロス,4476,東G,,986,+10,+1.02%,10,10.4倍,1.89倍,ー%
20260618,2994,デリバリコン,9240,東G,,401,-12,-2.91%,10,14.9倍,1.56倍,ー%
20260618,2995,ＢｅｅＸ,4270,東G,,"1,895",-1,-0.05%,10,9.39倍,1.39倍,1.32%
20260618,2996,ＧＸ純金Ｈ,424A,東Ｅ,,330.2,-1.9,-0.57%,10,ー倍,ー倍,ー%
20260618,2997,ウェッジＨＤ,2388,東G,,37,-3,-7.50%,10,ー倍,0.60倍,ー%
20260618,2998,アスカネット,2438,東G,,314,+4,+1.29%,10,15.0倍,0.88倍,2.23%
20260618,2999,野村新興国株,2520,東Ｅ,,"2,498",+23,+0.93%,10,ー倍,ー倍,ー%
20260618,3000,石光商事,2750,東S,,"1,226",+3,+0.25%,10,5.50倍,0.71倍,4.49%
20260618,3001,一正蒲鉾,2904,東S,,782,0,0.00%,10,19.1倍,0.94倍,1.79%
20260618,3002,富山銀,8365,東S,,"2,121",+29,+1.39%,10,10.8倍,0.36倍,2.59%
20260618,3003,ＲＩＳＥ,8836,東S,,26,-1,-3.70%,10,ー倍,-1.1倍,ー%
20260618,3004,油研工,6393,東S,,"2,878",+24,+0.84%,10,10.2倍,0.44倍,5.21%
20260618,3005,兼松エンジ,6402,東S,,"1,364",-2,-0.15%,10,10.2倍,0.84倍,3.30%
20260618,3006,Ｇキッズ,6189,東S,,954,-3,-0.31%,9,14.0倍,1.14倍,4.19%
20260618,3007,シリウスＶ,6276,東S,,294,+3,+1.03%,9,2.63倍,0.66倍,ー%
20260618,3008,ベストワン,6577,東G,,"2,077",+25,+1.22%,9,12.8倍,2.95倍,1.25%
20260618,3009,テクノメデカ,6678,東S,,"1,981",-21,-1.05%,9,17.2倍,0.92倍,4.69%
20260618,3010,名古屋電機,6797,東S,,"1,140",-10,-0.87%,9,23.9倍,0.56倍,4.39%
20260618,3011,アクモス,6888,東S,,514,0,0.00%,9,15.0倍,1.52倍,4.86%
20260618,3012,アセチレン,4093,東S,,400,-1,-0.25%,9,11.6倍,0.73倍,3.50%
20260618,3013,フジプレアム,4237,東S,,325,+2,+0.62%,9,32.5倍,1.21倍,1.85%
20260618,3014,レイ,4317,東S,,464,+12,+2.65%,9,7.44倍,0.79倍,3.23%
20260618,3015,ＭＸ海外株式,1550,東Ｅ,,"8,013",-47,-0.58%,9,ー倍,ー倍,ー%
20260618,3016,オーテック,1736,東S,,"2,410",+78,+3.34%,9,9.83倍,1.41倍,4.07%
20260618,3017,ＣＤＳ,2169,東S,,"1,755",-2,-0.11%,9,18.1倍,1.36倍,4.22%
20260618,3018,イチカワ,3513,東S,,"3,105",-5,-0.16%,9,14.5倍,0.54倍,3.22%
20260618,3019,ビリングシス,3623,東G,,"1,017",-3,-0.29%,9,10.9倍,2.06倍,3.20%
20260618,3020,アプリックス,3727,東G,,133,+2,+1.53%,9,ー倍,2.59倍,1.50%
20260618,3021,ＢＰカストロ,5015,東S,,"1,006",-1,-0.10%,9,20.2倍,2.36倍,4.97%
20260618,3022,ヨシコン,5280,東S,,"2,119",-8,-0.38%,9,5.21倍,0.50倍,4.25%
20260618,3023,ヤマウＨＤ,5284,東S,,"2,200",0,0.00%,9,5.92倍,0.97倍,5.09%
20260618,3024,日伸銅,5753,東S,,"2,332",+42,+1.83%,9,5.48倍,0.39倍,0.64%
20260618,3025,坪田ラボ,4890,東G,,228,-1,-0.44%,9,86.4倍,6.81倍,ー%
20260618,3026,プロパテクノ,5527,東G,,620,-2,-0.32%,9,5.94倍,0.94倍,4.03%
20260618,3027,ｉＦＳＰＷベ,2249,東Ｅ,,"9,835",+143,+1.48%,9,ー倍,ー倍,ー%
20260618,3028,ＷＴＯＫＹＯ,9159,東G,,"1,929",-8,-0.41%,9,15.1倍,2.60倍,ー%
20260618,3029,ＧＸホリ日Ｒ,2098,東Ｅ,,955,-7,-0.73%,9,ー倍,ー倍,ー%
20260618,3030,Ｄサイクル,5888,東G,,"2,981",-54,-1.78%,9,8.17倍,1.26倍,2.45%
20260618,3031,早稲田学習研,5869,東S,,"1,187",-11,-0.92%,9,13.8倍,1.63倍,4.48%
20260618,3032,インテＧ,192A,東G,,"1,215",-2,-0.16%,9,33.6倍,1.45倍,ー%
20260618,3033,ｉＦ高リート,210A,東Ｅ,,"1,560",-10,-0.64%,9,ー倍,ー倍,ー%
20260618,3034,アルピコＨＤ,297A,東S,,209,0,0.00%,9,9.02倍,0.92倍,2.39%
20260618,3035,サンリツ,9366,東S,,"1,035",+24,+2.37%,9,8.34倍,0.48倍,3.67%
20260618,3036,フォーバルＲ,9423,東S,,101,0,0.00%,9,19.6倍,3.29倍,2.97%
20260618,3037,ビケンテクノ,9791,東S,,"1,127",-23,-2.00%,9,7.73倍,0.37倍,3.19%
20260618,3038,英和,9857,東S,,"2,485",+44,+1.80%,9,8.50倍,0.83倍,3.86%
20260618,3039,カンセキ,9903,東S,,"1,105",+10,+0.91%,9,25.8倍,1.23倍,1.81%
20260618,3040,田中精密,7218,東S,,964,+28,+2.99%,9,6.27倍,0.36倍,3.53%
20260618,3041,ＮＡＴＴＹ,7674,東G,,"2,729",+26,+0.96%,9,667倍,5.14倍,ー%
20260618,3042,大研医器,7775,東S,,424,-2,-0.47%,9,20.6倍,1.57倍,4.72%
20260618,3043,プラッツ,7813,東S,,945,-13,-1.36%,9,11.6倍,0.95倍,2.54%
20260618,3044,三光産業,7922,東S,,717,0,0.00%,9,ー倍,0.62倍,ー%
20260618,3045,ＯＵＧＨＤ,8041,東S,,"4,185",-50,-1.18%,9,7.06倍,0.55倍,4.11%
20260618,3046,ＳＳ米株,449A,東Ｅ,,815.6,-4.6,-0.56%,9,ー倍,ー倍,ー%
20260618,3047,ｉＳ円高ハン,488A,東Ｅ,,764.9,-1.8,-0.23%,9,ー倍,ー倍,ー%
20260618,3048,スタートＬ,477A,東G,,618,-24,-3.74%,9,8.24倍,1.36倍,ー%
20260618,3049,ＧＸＣカバコ,576A,東Ｅ,,997,-1,-0.10%,9,ー倍,ー倍,ー%
20260618,3050,ＧＸ銀ビジ,579A,東Ｅ,,975,-20,-2.01%,9,ー倍,ー倍,ー%
20260618,3051,ＭＲＫＨＬＤ,9980,東S,,96,0,0.00%,9,6.80倍,0.58倍,1.04%
20260618,3052,ＡＨＣ,7083,東G,,916,+11,+1.22%,9,20.6倍,1.67倍,1.31%
20260618,3053,ヴィス,5071,東S,,"1,365",+13,+0.96%,9,9.29倍,1.45倍,4.32%
20260618,3054,ニューラルＧ,4056,東G,,214,-3,-1.38%,9,ー倍,2.21倍,ー%
20260618,3055,ＳＴＩＦＨＤ,2932,東S,,"1,080",0,0.00%,9,11.3倍,1.93倍,3.70%
20260618,3056,ビイングＨＤ,9145,東S,,571,-9,-1.55%,9,9.76倍,1.70倍,2.63%
20260618,3057,Ｔ．Ｓ．Ｉ,7362,東G,,849,-24,-2.75%,9,10.6倍,0.92倍,1.77%
20260618,3058,マーキュリア,7347,東P,,752,+7,+0.94%,9,14.6倍,0.84倍,2.93%
20260618,3059,フレクト,4414,東G,,"1,054",+3,+0.29%,9,7.57倍,2.54倍,ー%
20260618,3060,アップガレＧ,7134,東S,,"1,195",+3,+0.25%,9,10.4倍,1.85倍,3.56%
20260618,3061,ＶＬＣセキュ,2467,名N,,243,0,0.00%,9,16.8倍,5.81倍,ー%
20260618,3062,上場ＳＰヘ有,2521,東Ｅ,,"2,128",-10,-0.47%,9,ー倍,ー倍,ー%
20260618,3063,アップル,2788,東S,,369,+1,+0.27%,9,7.75倍,0.45倍,2.71%
20260618,3064,ユタカフーズ,2806,東S,,"1,869",-36,-1.89%,9,121倍,0.56倍,2.14%
20260618,3065,ＫＴＫ,3035,東S,,782,-6,-0.76%,9,10.2倍,0.90倍,2.56%
20260618,3066,ＷＤＩ,3068,東S,,"2,862",-1,-0.03%,9,51.2倍,2.73倍,0.59%
20260618,3067,岩塚製菓,2221,東S,,"3,055",-5,-0.16%,8,24.1倍,0.45倍,1.05%
20260618,3068,コイケヤ,2226,東S,,"4,685",+15,+0.32%,8,19.2倍,2.35倍,1.17%
20260618,3069,ギグワークス,2375,東S,,209,-4,-1.88%,8,83.3倍,1.55倍,0.96%
20260618,3070,アオバＢＢＴ,2464,東S,,315,+2,+0.64%,8,10.2倍,0.85倍,3.49%
20260618,3071,あじかん,2907,東S,,"1,416",+37,+2.68%,8,9.22倍,0.58倍,4.10%
20260618,3072,ＡＦＣ－ＨＤ,2927,東S,,836,-2,-0.24%,8,7.88倍,0.76倍,4.31%
20260618,3073,ＰＣＮＥＴ,3021,東S,,"1,617",+12,+0.75%,8,10.1倍,2.19倍,3.22%
20260618,3074,銚子丸,3075,東S,,"1,615",+10,+0.62%,8,25.8倍,2.31倍,0.93%
20260618,3075,広電鉄,9033,東S,,618,+1,+0.16%,8,18.8倍,0.42倍,1.29%
20260618,3076,神姫バ,9083,東S,,"1,851",+1,+0.05%,8,10.2倍,0.42倍,2.43%
20260618,3077,大運,9363,東S,,526,-5,-0.94%,8,7.50倍,0.63倍,3.04%
20260618,3078,サンヨーＨ,1420,東S,,625,+2,+0.32%,8,5.51倍,0.45倍,4.00%
20260618,3079,ＳＡＡＦＨＤ,1447,東G,,276,+1,+0.36%,8,15.3倍,2.75倍,1.74%
20260618,3080,コンバム,6265,東S,,"3,565",+125,+3.63%,8,23.7倍,0.92倍,1.40%
20260618,3081,サンデン,6444,東S,,154,-3,-1.91%,8,34.5倍,0.60倍,ー%
20260618,3082,ツナグＧＨＤ,6551,東S,,529,+7,+1.34%,8,6.40倍,1.96倍,3.78%
20260618,3083,ハナツアーＪ,6561,東G,,769,+2,+0.26%,8,6.78倍,2.18倍,5.46%
20260618,3084,ＵＦＨＤ,4235,東S,,683,+4,+0.59%,8,25.6倍,0.71倍,5.12%
20260618,3085,ハイマックス,4299,東S,,"1,131",+1,+0.09%,8,15.1倍,1.08倍,4.51%
20260618,3086,ケミファ,4539,東S,,"1,579",+49,+3.20%,8,95.4倍,0.29倍,3.17%
20260618,3087,リンカーズ,5131,東G,,134,+2,+1.52%,8,ー倍,2.78倍,ー%
20260618,3088,北海電工,1832,札証,,"1,366",-11,-0.80%,8,8.23倍,0.77倍,1.46%
20260618,3089,ジョイフル,9942,福証,,"1,230",+5,+0.41%,8,12.1倍,2.59倍,0.81%
20260618,3090,ドリムアーツ,4811,東G,,769,+16,+2.12%,8,14.5倍,3.06倍,2.60%
20260618,3091,ＳＭＤ高配当,2011,東Ｅ,,810.2,+0.3,+0.04%,8,ー倍,ー倍,ー%
20260618,3092,ＧＸ印１０＋,188A,東Ｅ,,888,+6,+0.68%,8,ー倍,ー倍,ー%
20260618,3093,ウルフハンド,194A,東G,,"1,193",-26,-2.13%,8,10.7倍,2.69倍,ー%
20260618,3094,カドスＣ,211A,東S,,"3,545",+30,+0.85%,8,11.2倍,0.81倍,5.08%
20260618,3095,ＡＩＦＣＧ,254A,東S,,"1,002",-14,-1.38%,8,17.4倍,1.86倍,ー%
20260618,3096,ラクサス,288A,東G,,98,-2,-2.00%,8,16.7倍,0.82倍,ー%
20260618,3097,ｖｉｓｕｍｏ,303A,東G,,583,-20,-3.32%,8,56.9倍,1.74倍,ー%
20260618,3098,コミニックス,3173,東S,,969,-14,-1.42%,8,8.32倍,0.77倍,4.13%
20260618,3099,フォーライフ,3477,東G,,837,+2,+0.24%,8,5.15倍,0.77倍,3.88%
20260618,3100,テルマー湯,3521,東S,,146,+2,+1.39%,8,21.4倍,0.78倍,3.42%
20260618,3101,日東網,3524,東S,,"1,434",-7,-0.49%,8,12.4倍,0.46倍,3.49%
20260618,3102,ユニネク,3566,東G,,891,-8,-0.89%,8,15.0倍,2.37倍,0.67%
20260618,3103,フィスコ,3807,東G,,90,0,0.00%,8,231倍,5.98倍,ー%
20260618,3104,ＷＨＤＣ,3823,東S,,32,+1,+3.23%,8,ー倍,2.99倍,ー%
20260618,3105,相模ゴ,5194,東S,,635,+11,+1.76%,8,115倍,0.59倍,1.57%
20260618,3106,鋳鉄管,5612,東S,,"1,552",+5,+0.32%,8,ー倍,0.50倍,ー%
20260618,3107,阪神燃,6018,東S,,"5,480",-10,-0.18%,8,24.3倍,1.14倍,1.66%
20260618,3108,Ｂ＆Ｐ,7804,東S,,"2,140",-30,-1.38%,8,9.89倍,1.29倍,4.07%
20260618,3109,ランディクス,2981,東G,,"1,972",+58,+3.03%,8,5.96倍,1.14倍,2.84%
20260618,3110,上場ダウヘ有,2562,東Ｅ,,"3,634",-19,-0.52%,8,ー倍,ー倍,ー%
20260618,3111,ＧＸロジ日Ｒ,2565,東Ｅ,,881,0,0.00%,8,ー倍,ー倍,ー%
20260618,3112,カラダノート,4014,東G,,469,-2,-0.42%,8,12.9倍,5.00倍,ー%
20260618,3113,東京通信Ｇ,7359,東G,,222,-12,-5.13%,8,20.3倍,2.89倍,ー%
20260618,3114,ランドネット,2991,東S,,563,+8,+1.44%,8,5.09倍,1.07倍,1.97%
20260618,3115,ラストワンＭ,9252,東G,,"3,405",+45,+1.34%,8,8.27倍,1.83倍,0.88%
20260618,3116,マーキュリー,5025,東G,,522,-28,-5.09%,8,17.6倍,1.31倍,ー%
20260618,3117,光村印,7916,東S,,"1,800",-5,-0.28%,8,ー倍,0.30倍,2.78%
20260618,3118,ＤＡＩＫＯＸ,8023,東S,,943,-7,-0.74%,8,6.83倍,0.87倍,4.03%
20260618,3119,中央魚,8030,東S,,"3,405",-40,-1.16%,8,6.18倍,0.37倍,3.52%
20260618,3120,ナラサキ,8085,東S,,"4,000",+35,+0.88%,8,8.01倍,0.69倍,3.50%
20260618,3121,ゼット,8135,東S,,420,-2,-0.47%,8,9.91倍,0.54倍,4.29%
20260618,3122,識学,7049,東G,,826,-3,-0.36%,8,ー倍,2.74倍,ー%
20260618,3123,ヒロセ通商,7185,東S,,"3,740",+20,+0.54%,8,ー倍,1.06倍,ー%
20260618,3124,Ｃａｓａ,7196,東S,,768,+7,+0.92%,8,37.3倍,1.10倍,2.60%
20260618,3125,東邦レマック,7422,東S,,382,-27,-6.60%,8,27.4倍,0.44倍,2.98%
20260618,3126,中山福,7442,東S,,478,+10,+2.14%,8,15.1倍,0.38倍,2.51%
20260618,3127,永大産業,7822,東S,,244,-2,-0.81%,8,5.39倍,0.26倍,4.10%
20260618,3128,メディックス,331A,東S,,479,0,0.00%,8,8.07倍,1.02倍,3.97%
20260618,3129,ミライロ,335A,東G,,348,-7,-1.97%,8,28.4倍,4.25倍,ー%
20260618,3130,フラー,387A,東G,,833,+31,+3.87%,8,12.8倍,1.22倍,ー%
20260618,3131,ベーシック,519A,東G,,496,-9,-1.78%,8,8.77倍,2.01倍,ー%
20260618,3132,インテリクス,463A,東S,,880,+10,+1.15%,7,6.09倍,0.62倍,5.34%
20260618,3133,ニ日経２２５,473A,東Ｅ,,"1,432",+24,+1.70%,7,ー倍,ー倍,ー%
20260618,3134,ｉＳ国債二十,573A,東Ｅ,,516.4,-3.0,-0.58%,7,ー倍,ー倍,ー%
20260618,3135,サツドラＨＤ,3544,東S,,837,+2,+0.24%,7,28.8倍,1.14倍,1.43%
20260618,3136,ほぼ日,3560,東S,,"4,350",0,0.00%,7,21.0倍,1.69倍,2.07%
20260618,3137,ＧＭＯ－ＰＰ,3695,東G,,"1,633",+38,+2.38%,7,19.1倍,3.00倍,3.93%
20260618,3138,キーウェア,3799,東S,,"1,010",-7,-0.69%,7,10.4倍,1.06倍,3.96%
20260618,3139,データアプリ,3848,東S,,799,-5,-0.62%,7,28.6倍,1.06倍,4.38%
20260618,3140,岡山製紙,3892,東S,,"1,636",-9,-0.55%,7,10.9倍,0.51倍,3.06%
20260618,3141,モバファク,3912,東S,,"1,090",-20,-1.80%,7,8.64倍,3.14倍,4.68%
20260618,3142,上場高配低ボ,1399,東Ｅ,,"2,975",+8,+0.27%,7,ー倍,ー倍,ー%
20260618,3143,ｉＦＴＰベ,1457,東Ｅ,,"1,786",-23,-1.27%,7,ー倍,ー倍,ー%
20260618,3144,ｉＳＨＹ債Ｈ,1497,東Ｅ,,"1,759",-4,-0.23%,7,ー倍,ー倍,ー%
20260618,3145,上場ＭＳ世界,1554,東Ｅ,,"6,800",-14,-0.21%,7,ー倍,ー倍,ー%
20260618,3146,ＳＤＳＨＤ,1711,東S,,222,-4,-1.77%,7,383倍,3.97倍,ー%
20260618,3147,シンクレイヤ,1724,東S,,693,-9,-1.28%,7,8.62倍,0.50倍,4.33%
20260618,3148,藤田エンジ,1770,東S,,"1,926",+81,+4.39%,7,8.84倍,0.86倍,3.53%
20260618,3149,川崎設備,1777,名M,,"2,262",+22,+0.98%,7,7.85倍,1.65倍,4.20%
20260618,3150,テノックス,1905,東S,,"1,551",-26,-1.65%,7,10.3倍,0.76倍,4.00%
20260618,3151,ハンセンブル,2031,東EN,,"7,142",-289,-3.89%,7,ー倍,ー倍,ー%
20260618,3152,フォーサイド,2330,東S,,77,+1,+1.32%,7,41.9倍,1.08倍,ー%
20260618,3153,カネ美食品,2669,東S,,"3,720",+20,+0.54%,7,20.0倍,1.18倍,1.02%
20260618,3154,東部ネット,9036,東S,,"1,267",+69,+5.76%,7,26.9倍,0.33倍,1.58%
20260618,3155,いちごグリン,9282,東IF,,"57,200",0,0.00%,7,33.1倍,1.94倍,6.19%
20260618,3156,川西倉,9322,東S,,"2,269",+12,+0.53%,7,26.8倍,0.79倍,5.82%
20260618,3157,ＫＳＫ,9687,東S,,"4,315",-30,-0.69%,7,11.4倍,1.42倍,4.40%
20260618,3158,ロイヤルホ,9713,東S,,896,-3,-0.33%,7,17.8倍,0.78倍,0.67%
20260618,3159,ＩＸナレッジ,9753,東S,,"1,250",+3,+0.24%,7,7.41倍,1.03倍,4.00%
20260618,3160,マキヤ,9890,東S,,"1,325",-6,-0.45%,7,8.84倍,0.59倍,2.87%
20260618,3161,ｉＳＧＪリト,2852,東Ｅ,,171.9,-0.6,-0.35%,7,ー倍,ー倍,ー%
20260618,3162,ＭＸＮＹダウ,2241,東Ｅ,,923.3,-2.2,-0.24%,7,ー倍,ー倍,ー%
20260618,3163,ノイル,4893,東G,,127,+3,+2.42%,7,ー倍,1.46倍,ー%
20260618,3164,第一交通,9035,福証,,726,-2,-0.27%,7,10.8倍,0.55倍,3.44%
20260618,3165,ケイファーマ,4896,東G,,671,+7,+1.05%,7,ー倍,7.68倍,ー%
20260618,3166,ＤＭカンパニ,189A,東G,,967,+2,+0.21%,7,10.1倍,0.99倍,2.07%
20260618,3167,ＲＯＸＸ,241A,東G,,443,+8,+1.84%,7,"3,164倍",2.31倍,ー%
20260618,3168,静甲,6286,東S,,"1,402",-16,-1.13%,7,9.05倍,0.52倍,2.00%
20260618,3169,ディスラプタ,6538,東S,,231,+8,+3.59%,7,7.83倍,1.76倍,2.16%
20260618,3170,ＩＩＦ,6545,東G,,708,-4,-0.56%,7,8.78倍,2.12倍,3.53%
20260618,3171,ログリー,6579,東G,,350,+7,+2.04%,7,ー倍,3.21倍,ー%
20260618,3172,ノムラシス,3940,東S,,115,-1,-0.86%,7,14.3倍,1.56倍,3.09%
20260618,3173,ビーブレイク,3986,東S,,530,-1,-0.19%,7,22.0倍,1.37倍,2.83%
20260618,3174,Ｊストリーム,4308,東G,,348,-2,-0.57%,7,16.1倍,0.81倍,4.02%
20260618,3175,ＢＢＳｅｃ,4398,東S,,"1,248",+11,+0.89%,7,12.0倍,2.33倍,1.28%
20260618,3176,今村証券,7175,東S,,"1,333",-14,-1.04%,7,ー倍,0.52倍,ー%
20260618,3177,安楽亭,7562,東S,,"3,720",+10,+0.27%,7,22.6倍,2.08倍,0.40%
20260618,3178,ＫＯＺＯＨＤ,9973,東S,,21,0,0.00%,7,117倍,11.2倍,ー%
20260618,3179,Ｏｎｅ中国５,2553,東Ｅ,,"2,701.5",+11.5,+0.43%,7,ー倍,ー倍,ー%
20260618,3180,アミファ,7800,東S,,878,+6,+0.69%,7,4.16倍,1.12倍,3.42%
20260618,3181,ＩＮＣＨＤ,7078,東G,,353,-5,-1.40%,7,ー倍,2.32倍,ー%
20260618,3182,ニッソウ,1444,東G,,"2,846",-28,-0.97%,7,ー倍,1.88倍,ー%
20260618,3183,Ｐアンチエイ,4934,東G,,589,-1,-0.17%,7,17.1倍,0.72倍,ー%
20260618,3184,セルム,7367,東S,,339,+2,+0.59%,7,12.2倍,2.47倍,4.57%
20260618,3185,ＡＩＰＦ,7345,東G,,953,-17,-1.75%,7,ー倍,4.37倍,ー%
20260618,3186,ＢＣＣ,7376,東G,,"1,090",+7,+0.65%,7,ー倍,4.34倍,ー%
20260618,3187,コラントッテ,7792,東G,,"1,447",0,0.00%,7,9.40倍,2.37倍,3.04%
20260618,3188,ジェイフロ,2934,東G,,"1,471",0,0.00%,7,78.5倍,4.66倍,ー%
20260618,3189,プロＨＤ,9246,東G,,"1,128",+124,+12.35%,7,17.7倍,2.61倍,ー%
20260618,3190,エコシステム,9249,東S,,"1,610",-5,-0.31%,7,24.4倍,2.27倍,1.12%
20260618,3191,メディシノバ,4875,東S,,215,0,0.00%,7,ー倍,ー倍,ー%
20260618,3192,トーヨアサノ,5271,東S,,"2,098",-42,-1.96%,7,9.89倍,0.71倍,4.05%
20260618,3193,イトヨーギョ,5287,東S,,809,+4,+0.50%,7,11.9倍,0.60倍,2.47%
20260618,3194,ニッコー,5343,名M,,181,+4,+2.26%,7,ー倍,1.89倍,ー%
20260618,3195,高砂鉄,5458,東S,,"1,254",-46,-3.54%,7,8.46倍,0.74倍,3.59%
20260618,3196,報国マテリア,5542,東S,,815,+3,+0.37%,7,10.9倍,0.93倍,3.07%
20260618,3197,イワブチ,5983,東S,,"13,800",+10,+0.07%,7,21.1倍,0.70倍,2.39%
20260618,3198,オーネックス,5987,東S,,"1,871",-86,-4.39%,7,47.7倍,0.55倍,1.07%
20260618,3199,ＭＲＴ,6034,東G,,626,+3,+0.48%,7,26.6倍,0.75倍,ー%
20260618,3200,イード,6038,東G,,912,0,0.00%,7,13.2倍,0.88倍,2.52%
20260618,3201,リンクバル,6046,東S,,114,+1,+0.88%,7,"2,280倍",2.62倍,ー%
20260618,3202,ユニバー園芸,6061,東S,,"2,824",+1,+0.04%,7,12.9倍,1.71倍,0.46%
20260618,3203,ユアサフナ,8006,東S,,"1,470",+20,+1.38%,7,10.4倍,0.60倍,2.24%
20260618,3204,東海エレ,8071,名M,,"2,830",+20,+0.71%,7,16.2倍,0.32倍,4.03%
20260618,3205,クワザワＨＤ,8104,東S,,654,+8,+1.24%,7,8.41倍,0.56倍,4.59%
20260618,3206,ラオックス,8202,東S,,146,0,0.00%,7,21.2倍,0.62倍,2.74%
20260618,3207,Ａクリエイト,8798,東P,,124,-6,-4.62%,7,10.2倍,8.47倍,ー%
20260618,3208,フクビ,7871,東S,,900,+4,+0.45%,6,ー倍,0.45倍,3.44%
20260618,3209,南プラ,7887,東S,,"1,585",+22,+1.41%,6,5.12倍,0.29倍,2.52%
20260618,3210,リーガル,7938,東S,,"2,056",-14,-0.68%,6,6.46倍,0.45倍,3.98%
20260618,3211,フジコピアン,7957,東S,,"1,620",0,0.00%,6,4.14倍,0.31倍,7.28%
20260618,3212,興研,7963,東S,,"1,712",-17,-0.98%,6,9.98倍,0.61倍,2.04%
20260618,3213,日本ＩＳＫ,7986,東S,,"1,767",-34,-1.89%,6,6.02倍,0.57倍,1.70%
20260618,3214,浜丸魚,8045,東S,,"1,855",+145,+8.48%,6,18.0倍,0.53倍,1.83%
20260618,3215,アドバンＲＭ,8769,東S,,479,-8,-1.64%,6,8.91倍,1.74倍,3.97%
20260618,3216,丸山製,6316,東S,,"2,500",+8,+0.32%,6,10.8倍,0.45倍,3.00%
20260618,3217,プラコー,6347,東S,,256,+2,+0.79%,6,24.6倍,1.47倍,2.34%
20260618,3218,星和電,6748,東S,,705,+1,+0.14%,6,6.83倍,0.47倍,2.84%
20260618,3219,ｉＦブロサム,1654,東Ｅ,,"3,376.0",ー,ー%,6,ー倍,ー倍,ー%
20260618,3220,ＷＴプラチナ,1674,東Ｅ,,"25,650",-395,-1.52%,6,ー倍,ー倍,ー%
20260618,3221,ＷＴ原油,1690,東Ｅ,,"2,106.0",-25.5,-1.20%,6,ー倍,ー倍,ー%
20260618,3222,工藤建設,1764,東S,,"2,904",-25,-0.85%,6,9.05倍,0.63倍,4.03%
20260618,3223,大本組,1793,東S,,"1,997",+51,+2.62%,6,18.8倍,0.74倍,3.71%
20260618,3224,佐田建,1826,東S,,"1,012",-1,-0.10%,6,13.4倍,1.07倍,5.93%
20260618,3225,米国配当貴族,2044,東EN,,"34,030",-330,-0.96%,6,ー倍,ー倍,ー%
20260618,3226,インタスペス,2122,東S,,"1,275",-10,-0.78%,6,19.1倍,1.39倍,2.35%
20260618,3227,北浜ＣＰ,2134,東S,,26,-1,-3.70%,6,7.90倍,2.72倍,ー%
20260618,3228,シイエムシイ,2185,東S,,"1,806",-14,-0.77%,6,10.6倍,1.02倍,3.16%
20260618,3229,ジグザグ,340A,東G,,312,-8,-2.50%,6,10.1倍,1.87倍,ー%
20260618,3230,野村ＳＰ配貴,364A,東Ｅ,,"2,429",-25,-1.02%,6,ー倍,ー倍,ー%
20260618,3231,ソフトテック,550A,東S,,"1,987",-3,-0.15%,6,8.63倍,1.31倍,3.52%
20260618,3232,東武住販,3297,東S,,"1,103",+1,+0.09%,6,9.97倍,0.67倍,3.63%
20260618,3233,Ｔｒａｉｌ,3358,東S,,91,0,0.00%,6,64.1倍,1.59倍,2.20%
20260618,3234,デュアルＴ,3469,東S,,"1,023",+1,+0.10%,6,89.6倍,1.73倍,1.22%
20260618,3235,テックファム,3625,東G,,570,-8,-1.38%,6,12.3倍,1.36倍,1.40%
20260618,3236,アスリナ,3647,東S,,116,-2,-1.69%,6,ー倍,2.88倍,ー%
20260618,3237,モルフォ,3653,東G,,585,+2,+0.34%,6,ー倍,1.03倍,ー%
20260618,3238,ＤＬＥ,3686,東S,,75,-1,-1.32%,6,21.7倍,2.46倍,ー%
20260618,3239,アエリア,3758,東S,,229,-4,-1.72%,6,9.33倍,0.55倍,ー%
20260618,3240,パス,3840,東S,,55,-1,-1.79%,6,ー倍,2.39倍,ー%
20260618,3241,日本一ソフト,3851,東S,,820,+6,+0.74%,6,12.5倍,0.53倍,0.61%
20260618,3242,阿波製紙,3896,東S,,361,-9,-2.43%,6,24.1倍,0.57倍,ー%
20260618,3243,ｉＳ米債３Ｈ,2856,東Ｅ,,656.7,-1.7,-0.26%,6,ー倍,ー倍,ー%
20260618,3244,ＫＹＯＲＩＴ,7795,東S,,191,0,0.00%,6,10.7倍,0.45倍,4.19%
20260618,3245,上場ダウヘ無,2235,東Ｅ,,"3,634",-6,-0.16%,6,ー倍,ー倍,ー%
20260618,3246,フーディソン,7114,東G,,727,-12,-1.62%,6,18.0倍,1.37倍,ー%
20260618,3247,クラダシ,5884,東G,,563,-2,-0.35%,6,55.1倍,4.30倍,ー%
20260618,3248,筑邦銀,8398,福証,,"1,918",-13,-0.67%,6,7.23倍,0.30倍,3.13%
20260618,3249,ジャパンＭＡ,9236,東G,,"1,034",-31,-2.91%,6,10.7倍,2.20倍,0.97%
20260618,3250,ロココ,5868,東S,,990,0,0.00%,6,9.02倍,1.28倍,4.04%
20260618,3251,エプコ,2311,東S,,793,+1,+0.13%,6,14.7倍,1.54倍,4.41%
20260618,3252,ＡＳＪ,2351,東S,,318,+5,+1.60%,6,24.8倍,0.85倍,0.94%
20260618,3253,ヒューマン,2415,東S,,"1,608",+29,+1.84%,6,6.81倍,0.85倍,4.42%
20260618,3254,株主還元７０,2529,東Ｅ,,"2,194",+9,+0.41%,6,ー倍,ー倍,ー%
20260618,3255,夢みつけ隊,2673,東S,,90,+1,+1.12%,6,ー倍,0.31倍,ー%
20260618,3256,ＳＡＮＫＯ,2762,東S,,92,0,0.00%,6,ー倍,20.0倍,ー%
20260618,3257,神栄,3004,東S,,"2,155",+6,+0.28%,6,6.75倍,0.78倍,5.10%
20260618,3258,ＤＶｘ,3079,東S,,973,+2,+0.21%,6,31.6倍,1.16倍,5.14%
20260618,3259,アバンティア,8904,東S,,818,-3,-0.37%,6,9.89倍,0.42倍,4.65%
20260618,3260,サンネクスタ,8945,東S,,"1,137",-23,-1.98%,6,18.5倍,1.34倍,3.69%
20260618,3261,ビート,9399,東S,,11,-1,-8.33%,6,ー倍,ー倍,ー%
20260618,3262,スマバ,9417,東S,,311,+1,+0.32%,6,ー倍,2.19倍,3.22%
20260618,3263,エヌジェイ,9421,東S,,570,+10,+1.79%,6,27.4倍,1.88倍,ー%
20260618,3264,北陸ガス,9537,東S,,"4,040",+60,+1.51%,6,10.3倍,0.35倍,1.98%
20260618,3265,テアトル,9633,東S,,"1,616",+10,+0.62%,6,4.05倍,0.65倍,1.86%
20260618,3266,リリカラ,9827,東S,,596,-9,-1.49%,6,11.0倍,0.95倍,6.04%
20260618,3267,ネクスウェア,4814,東S,,152,+2,+1.33%,6,64.4倍,2.54倍,ー%
20260618,3268,クニミネ,5388,東S,,"1,222",-5,-0.41%,6,11.0倍,0.67倍,3.27%
20260618,3269,リブセンス,6054,東S,,110,0,0.00%,6,ー倍,0.74倍,ー%
20260618,3270,ＯＫＡＹＡ,6926,東S,,183,0,0.00%,6,ー倍,0.69倍,ー%
20260618,3271,ＧＭＢ,7214,東S,,948,+14,+1.50%,6,5.05倍,0.22倍,4.96%
20260618,3272,ムラキ,7477,東S,,"1,999",-132,-6.19%,6,ー倍,1.03倍,ー%
20260618,3273,ヤガミ,7488,名M,,"4,700",+10,+0.21%,6,16.8倍,1.77倍,5.96%
20260618,3274,ムサシ,7521,東S,,"2,686",-14,-0.52%,6,46.8倍,0.50倍,1.34%
20260618,3275,ＮａＩＴＯ,7624,東S,,135,+2,+1.50%,6,27.4倍,0.56倍,2.96%
20260618,3276,ＪＭＳ,7702,東S,,444,0,0.00%,6,18.2倍,0.26倍,3.83%
20260618,3277,クロスフォー,7810,東S,,161,+4,+2.55%,6,76.3倍,1.45倍,0.39%
20260618,3278,ニックス,4243,東S,,939,+20,+2.18%,6,11.4倍,0.46倍,2.13%
20260618,3279,ブロメディア,4347,東S,,"1,624",+9,+0.56%,6,13.0倍,2.29倍,4.00%
20260618,3280,ソフト９９,4464,東S,,"3,590",-5,-0.14%,6,25.0倍,1.32倍,1.89%
20260618,3281,わかもと,4512,東S,,256,-1,-0.39%,6,38.6倍,0.74倍,1.37%
20260618,3282,イサム,4624,東S,,"3,430",-20,-0.58%,6,ー倍,0.36倍,ー%
20260618,3283,ナトコ,4627,東S,,"1,766",+16,+0.91%,6,13.4倍,0.53倍,3.06%
20260618,3284,大伸化学,4629,東S,,"1,981",+56,+2.91%,6,11.2倍,0.52倍,2.27%
20260618,3285,エイジス,4659,東S,,"4,420",0,0.00%,6,ー倍,1.41倍,ー%
20260618,3286,日創グループ,3440,東S,,891,+1,+0.11%,6,11.0倍,0.45倍,4.71%
20260618,3287,パワーソリュ,4450,東G,,"1,930",+1,+0.05%,6,27.9倍,1.66倍,1.35%
20260618,3288,浜木綿,7682,東S,,"4,040",-10,-0.25%,6,47.9倍,5.14倍,0.42%
20260618,3289,ゼネテック,4492,東S,,383,-3,-0.78%,6,12.1倍,1.62倍,3.26%
20260618,3290,ジオコード,7357,東S,,"1,603",-10,-0.62%,6,41.9倍,4.16倍,1.56%
20260618,3291,のむら産業,7131,東S,,"3,500",+30,+0.86%,6,8.44倍,1.78倍,2.74%
20260618,3292,ハイブリッド,4260,東G,,249,+4,+1.63%,6,"2,767倍",1.37倍,ー%
20260618,3293,Ｊクラフト,7135,東S,,221,-1,-0.45%,6,46.3倍,2.23倍,1.36%
20260618,3294,大石産業,3943,東S,,"1,208",-27,-2.19%,6,22.8倍,0.48倍,4.30%
20260618,3295,リビングＰＦ,7091,東G,,"1,217",0,0.00%,5,12.8倍,2.23倍,0.41%
20260618,3296,日本インシュ,5368,東S,,923,-1,-0.11%,5,10.9倍,0.54倍,4.33%
20260618,3297,ミット,4016,東S,,873,+8,+0.92%,5,10.2倍,2.51倍,3.44%
20260618,3298,トップシェア,2072,東EN,,"22,115",+65,+0.29%,5,ー倍,ー倍,ー%
20260618,3299,イーロジット,9327,東S,,196,+3,+1.55%,5,392倍,1.54倍,ー%
20260618,3300,ラキール,4074,東G,,714,-4,-0.56%,5,12.2倍,1.32倍,ー%
20260618,3301,ロボペイ,4374,東G,,"2,361",+20,+0.85%,5,15.1倍,6.58倍,1.31%
20260618,3302,長栄,2993,東S,,"2,095",+28,+1.35%,5,9.94倍,0.75倍,4.77%
20260618,3303,タカヨシＨＤ,9259,東G,,782,+8,+1.03%,5,8.44倍,1.31倍,3.84%
20260618,3304,セレ,5078,東S,,"4,800",-10,-0.21%,5,11.8倍,0.75倍,3.33%
20260618,3305,ＧＸインフ日,2847,東Ｅ,,"3,125",+37,+1.20%,5,ー倍,ー倍,ー%
20260618,3306,コモ,2224,東S,,"3,640",ー,ー%,5,61.7倍,5.91倍,0.19%
20260618,3307,プラップＪ,2449,東S,,"1,053",+16,+1.54%,5,9.31倍,0.87倍,3.89%
20260618,3308,アウン,2459,東S,,166,-1,-0.60%,5,ー倍,3.88倍,ー%
20260618,3309,ジェイテック,2479,東S,,223,-1,-0.45%,5,9.95倍,1.21倍,ー%
20260618,3310,イーサポート,2493,東S,,921,-4,-0.43%,5,28.3倍,1.11倍,0.54%
20260618,3311,ベクターＨＤ,2656,東S,,186,+1,+0.54%,5,17.3倍,5.67倍,ー%
20260618,3312,ヴィレッジＶ,2769,東S,,848,-5,-0.59%,5,9.15倍,27.6倍,ー%
20260618,3313,ファマライズ,2796,東S,,501,+2,+0.40%,5,21.7倍,0.89倍,2.79%
20260618,3314,ファンデリー,3137,東S,,197,-1,-0.51%,5,20.0倍,8.49倍,ー%
20260618,3315,野村上証５０,1309,東Ｅ,,"55,530",+280,+0.51%,5,ー倍,ー倍,ー%
20260618,3316,上場米債ヘ有,1487,東Ｅ,,"12,200",-15,-0.12%,5,ー倍,ー倍,ー%
20260618,3317,ＭＸ４００,1593,東Ｅ,,"38,390",+630,+1.67%,5,ー倍,ー倍,ー%
20260618,3318,ＷＴパラジ,1675,東Ｅ,,"19,425",-160,-0.82%,5,ー倍,ー倍,ー%
20260618,3319,上場ＭＳエマ,1681,東Ｅ,,"3,582",+42,+1.19%,5,ー倍,ー倍,ー%
20260618,3320,ＷＴガソリン,1691,東Ｅ,,"12,200",-255,-2.05%,5,ー倍,ー倍,ー%
20260618,3321,ナカノフドー,1827,東S,,"1,232",-1,-0.08%,5,14.6倍,0.85倍,2.03%
20260618,3322,植木組,1867,東S,,"2,485",+39,+1.59%,5,7.60倍,0.51倍,4.43%
20260618,3323,高橋ウォール,1994,東S,,560,+1,+0.18%,5,12.8倍,0.40倍,3.57%
20260618,3324,ハンセンベア,2032,東EN,,"6,542",+146,+2.28%,5,ー倍,ー倍,ー%
20260618,3325,幼児活動研,2152,東S,,"1,497",+100,+7.16%,5,16.2倍,1.47倍,1.74%
20260618,3326,地域新聞社,2164,東S,,291,+4,+1.39%,5,ー倍,3.89倍,ー%
20260618,3327,アビックス,7836,東S,,80,+1,+1.27%,5,16.2倍,1.43倍,ー%
20260618,3328,グラファイト,7847,東S,,607,-5,-0.82%,5,18.9倍,0.78倍,4.94%
20260618,3329,ヤマトモビＭ,7886,東S,,695,+25,+3.73%,5,65.8倍,1.97倍,ー%
20260618,3330,東ソワール,8040,東S,,"1,011",+1,+0.10%,5,10.0倍,0.33倍,4.45%
20260618,3331,ナイス,8089,東S,,"1,837",-3,-0.16%,5,6.67倍,0.36倍,4.30%
20260618,3332,三京化,8138,東S,,"4,080",-55,-1.33%,5,9.39倍,0.40倍,2.45%
20260618,3333,トミタ,8147,東S,,"1,258",+26,+2.11%,5,9.60倍,0.50倍,1.99%
20260618,3334,マルイチ,8228,名M,,"1,129",-4,-0.35%,5,12.4倍,0.87倍,2.48%
20260618,3335,ゼネラルパ,6267,東S,,"3,800",+145,+3.97%,5,8.31倍,0.84倍,3.16%
20260618,3336,ヨシタケ,6488,東S,,923,-1,-0.11%,5,8.44倍,0.64倍,3.90%
20260618,3337,オリジン,6513,東S,,"1,062",-14,-1.30%,5,54.5倍,0.24倍,3.77%
20260618,3338,ＷＡＳＨハウ,6537,東G,,345,-12,-3.36%,5,27.8倍,1.43倍,ー%
20260618,3339,オプトエレ,6664,東S,,243,-1,-0.41%,5,ー倍,0.48倍,ー%
20260618,3340,東亜ＤＫＫ,6848,東S,,857,-7,-0.81%,5,18.4倍,0.73倍,2.57%
20260618,3341,ギックス,9219,東G,,902,-1,-0.11%,5,ー倍,3.01倍,5.93%
20260618,3342,サークレイス,5029,東G,,685,-4,-0.58%,5,8.58倍,2.35倍,ー%
20260618,3343,トリドリ,9337,東G,,"1,669",+32,+1.95%,5,12.3倍,2.91倍,ー%
20260618,3344,ＧＭＯプラ,5250,東S,,"1,135",-29,-2.49%,5,84.8倍,2.91倍,1.79%
20260618,3345,アクシスＣ,9344,東G,,950,+6,+0.64%,5,19.7倍,1.50倍,3.68%
20260618,3346,アメイズ,6076,福証,,"1,131",+1,+0.09%,5,6.89倍,0.92倍,3.09%
20260618,3347,ＭＸ高配日ア,2085,東Ｅ,,728.5,+2.5,+0.34%,5,ー倍,ー倍,ー%
20260618,3348,ＳＯＬＩＺＥ,5871,東S,,"1,338",0,0.00%,5,24.0倍,0.63倍,4.11%
20260618,3349,ウェリタス,130A,東G,,431,+19,+4.61%,5,ー倍,1.83倍,ー%
20260618,3350,ＳＴＧ,5858,東G,,"1,220",+26,+2.18%,5,8.94倍,0.73倍,1.64%
20260618,3351,ＵＮＩＣＯＮ,407A,東S,,890,-1,-0.11%,5,8.01倍,2.26倍,5.06%
20260618,3352,富士ユナイト,416A,東S,,"1,169",+4,+0.34%,5,12.9倍,0.79倍,5.30%
20260618,3353,フィットクル,469A,東G,,"1,434",+12,+0.84%,5,10.4倍,1.86倍,ー%
20260618,3354,野村欧州株,486A,東Ｅ,,"2,221",+6,+0.27%,5,ー倍,ー倍,ー%
20260618,3355,フライングＧ,3317,東S,,"1,388",ー,ー%,5,11.5倍,1.09倍,1.22%
20260618,3356,フェリシモ,3396,東S,,847,+7,+0.83%,5,20.2倍,0.31倍,2.95%
20260618,3357,アルファＣｏ,3434,東S,,"1,221",-23,-1.85%,5,11.7倍,0.30倍,4.18%
20260618,3358,香陵住販,3495,東S,,"2,350",-14,-0.59%,5,5.95倍,0.95倍,2.60%
20260618,3359,メディカルＮ,3645,東G,,231,-1,-0.43%,5,17.7倍,1.08倍,1.30%
20260618,3360,イルグルム,3690,東S,,516,+2,+0.39%,5,16.3倍,1.72倍,1.55%
20260618,3361,ＡＤＲ１２０,3750,東S,,791,-7,-0.88%,5,353倍,322倍,ー%
20260618,3362,ケイブ,3760,東S,,636,-4,-0.63%,5,ー倍,2.15倍,ー%
20260618,3363,リスモン,3768,東S,,560,+6,+1.08%,5,17.3倍,0.70倍,2.95%
20260618,3364,テクノマセマ,3787,東S,,298,+11,+3.83%,5,24.9倍,0.43倍,ー%
20260618,3365,ネクスジェン,3842,東S,,909,+14,+1.56%,5,10.0倍,1.17倍,3.30%
20260618,3366,ハビックス,3895,東S,,410,-2,-0.49%,5,ー倍,0.42倍,3.90%
20260618,3367,カヤック,3904,東G,,393,+4,+1.03%,5,10.1倍,1.03倍,0.99%
20260618,3368,チエル,3933,東S,,456,-19,-4.00%,5,8.52倍,1.01倍,5.04%
20260618,3369,ベネフィＪ,3934,東S,,"2,200",-11,-0.50%,5,11.4倍,1.49倍,4.41%
20260618,3370,朝日印刷,3951,東S,,851,-2,-0.23%,5,10.5倍,0.49倍,4.47%
20260618,3371,サインポスト,3996,東S,,180,+1,+0.56%,5,34.9倍,1.23倍,ー%
20260618,3372,日ピグＨＤ,4119,東S,,"5,400",+10,+0.19%,5,6.52倍,0.38倍,1.85%
20260618,3373,西菱電機,4341,東S,,833,-10,-1.19%,5,13.4倍,0.51倍,5.40%
20260618,3374,山田債権,4351,東S,,955,-6,-0.62%,5,28.5倍,1.27倍,1.05%
20260618,3375,プロパテＤＢ,4389,東G,,899,+37,+4.29%,5,10.5倍,2.81倍,3.56%
20260618,3376,仁丹,4524,東S,,"2,149",-3,-0.14%,5,16.6倍,0.68倍,3.02%
20260618,3377,日本ラッド,4736,東S,,588,-7,-1.18%,5,18.8倍,0.88倍,1.70%
20260618,3378,ダイサン,4750,東S,,541,-5,-0.92%,5,26.7倍,0.61倍,4.07%
20260618,3379,日本興業,5279,東S,,"1,195",-22,-1.81%,5,8.50倍,0.40倍,3.77%
20260618,3380,日鋳造,5609,東S,,901,+23,+2.62%,5,12.1倍,0.37倍,2.77%
20260618,3381,日亜鋼,5658,東S,,350,+1,+0.29%,5,13.1倍,0.29倍,2.86%
20260618,3382,共和工業,5971,東S,,"7,730",-160,-2.03%,5,16.5倍,0.58倍,1.03%
20260618,3383,アトラＧ,6029,東S,,189,0,0.00%,5,ー倍,1.23倍,ー%
20260618,3384,ウチヤマＨＤ,6059,東S,,341,-1,-0.29%,5,22.6倍,0.46倍,2.93%
20260618,3385,アビスト,6087,東S,,"3,325",+10,+0.30%,5,22.4倍,1.88倍,3.07%
20260618,3386,ＨＭＴ,6090,東S,,668,+15,+2.30%,5,18.3倍,1.94倍,2.69%
20260618,3387,ウエスコＨＤ,6091,東S,,887,+7,+0.80%,5,13.9倍,0.70倍,3.16%
20260618,3388,ＧＭＯメディ,6180,東G,,"3,665",+30,+0.83%,5,11.4倍,2.31倍,5.73%
20260618,3389,センチュ２１,8898,東S,,"1,123",+2,+0.18%,5,13.9倍,1.66倍,4.72%
20260618,3390,岡県運送,9063,東S,,"3,945",-50,-1.25%,5,7.08倍,0.30倍,1.77%
20260618,3391,東京汽,9193,東S,,890,-6,-0.67%,5,ー倍,0.31倍,ー%
20260618,3392,東京インフラ,9285,東IF,,"48,750",-250,-0.51%,5,16.4倍,0.60倍,6.79%
20260618,3393,名港海,9357,名M,,"2,379",-17,-0.71%,5,11.8倍,0.51倍,4.20%
20260618,3394,ＢＳＮＨＤ,9408,東S,,"2,803",0,0.00%,5,16.4倍,0.63倍,0.64%
20260618,3395,ワイヤレスＧ,9419,東S,,295,+2,+0.68%,5,12.8倍,1.92倍,ー%
20260618,3396,トーシンＨＤ,9444,東S,,210,+7,+3.45%,5,ー倍,0.49倍,ー%
20260618,3397,きんえい,9636,東S,,"4,190",+5,+0.12%,5,77.9倍,4.24倍,0.24%
20260618,3398,協和コンサル,9647,東S,,"6,750",-40,-0.59%,5,5.89倍,0.86倍,0.44%
20260618,3399,クレオ,9698,東S,,"1,199",+13,+1.10%,5,11.3倍,1.20倍,4.67%
20260618,3400,日建工学,9767,東S,,"1,516",+16,+1.07%,5,7.89倍,0.56倍,1.98%
20260618,3401,大丸エナ,9818,東S,,"1,591",-11,-0.69%,5,13.6倍,0.77倍,1.82%
20260618,3402,コックス,9876,東S,,224,+3,+1.36%,5,5.73倍,0.59倍,ー%
20260618,3403,ヨンキュウ,9955,東S,,"2,620",+40,+1.55%,5,ー倍,0.79倍,ー%
20260618,3404,サンコー,6964,東S,,663,+3,+0.45%,5,10.5倍,0.36倍,3.02%
20260618,3405,ｕｐｒ,7065,東S,,945,-10,-1.05%,5,10.8倍,0.76倍,3.70%
20260618,3406,ニチリョク,7578,東S,,78,+1,+1.30%,5,11.8倍,0.51倍,ー%
20260618,3407,田中商事,7619,東S,,879,-11,-1.24%,5,6.21倍,0.46倍,3.53%
20260618,3408,うかい,7621,東S,,"3,295",-5,-0.15%,5,ー倍,3.69倍,0.46%
20260618,3409,オーウエル,7670,東S,,"1,008",0,0.00%,5,6.34倍,0.45倍,4.46%
20260618,3410,メディキット,7749,東S,,"2,806",-15,-0.53%,5,14.3倍,0.87倍,3.56%
20260618,3411,ソフィア,6942,東S,,"1,311",+6,+0.46%,4,868倍,2.03倍,ー%
20260618,3412,ＮＫＫ,6943,東S,,"4,930",-20,-0.40%,4,21.5倍,0.30倍,2.03%
20260618,3413,アイリック,7325,東G,,685,-4,-0.58%,4,11.1倍,1.48倍,4.67%
20260618,3414,アイナボＨＤ,7539,東S,,780,-1,-0.13%,4,11.3倍,0.67倍,3.33%
20260618,3415,スリーエフ,7544,東S,,560,+2,+0.36%,4,14.1倍,1.02倍,3.21%
20260618,3416,梅の花Ｇ,7604,東S,,859,+8,+0.94%,4,27.4倍,3.64倍,1.16%
20260618,3417,東京ボード,7815,東S,,245,-19,-7.20%,4,ー倍,0.81倍,ー%
20260618,3418,ウイルコＨＤ,7831,東S,,66,-1,-1.49%,4,34.2倍,0.54倍,3.03%
20260618,3419,フライヤー,323A,東G,,390,-3,-0.76%,4,23.0倍,4.42倍,ー%
20260618,3420,ＶＰＪ,334A,東G,,900,-43,-4.56%,4,14.6倍,2.34倍,ー%
20260618,3421,ＩＡＣＥトラ,343A,東S,,"1,237",+19,+1.56%,4,9.83倍,1.37倍,3.07%
20260618,3422,ＧＸＳＰＣＦ,356A,東Ｅ,,"1,498",-14,-0.93%,4,ー倍,ー倍,ー%
20260618,3423,ＳＳ米高配,451A,東Ｅ,,291.5,-4.1,-1.39%,4,ー倍,ー倍,ー%
20260618,3424,野村ボベスパ,1325,東Ｅ,,290.9,-4.0,-1.36%,4,ー倍,ー倍,ー%
20260618,3425,ベルグアース,1383,東S,,"2,875",+13,+0.45%,4,85.2倍,2.20倍,0.35%
20260618,3426,ｉＳ先進国株,1657,東Ｅ,,"7,222",-38,-0.52%,4,ー倍,ー倍,ー%
20260618,3427,上場ＭＳコク,1680,東Ｅ,,"8,223",-51,-0.62%,4,ー倍,ー倍,ー%
20260618,3428,ＷＴアルミ,1692,東Ｅ,,705.0,-14.7,-2.04%,4,ー倍,ー倍,ー%
20260618,3429,ＮＹダウベア,2041,東EN,,"1,990",+11,+0.56%,4,ー倍,ー倍,ー%
20260618,3430,グロス２５０,2042,東EN,,"7,500",+11,+0.15%,4,ー倍,ー倍,ー%
20260618,3431,フジ日本,2114,東S,,610,-2,-0.33%,4,12.5倍,1.12倍,3.11%
20260618,3432,ヤマザワ,9993,東S,,"1,179",+6,+0.51%,4,26.9倍,0.45倍,2.29%
20260618,3433,ＭＸ中国株投,2530,東Ｅ,,"18,015",+145,+0.81%,4,ー倍,ー倍,ー%
20260618,3434,ひとまいる,7686,東S,,411,+1,+0.24%,4,18.5倍,2.40倍,4.87%
20260618,3435,ＷＤＢココ,7079,東G,,"2,551",-9,-0.35%,4,9.02倍,1.28倍,3.92%
20260618,3436,日本情報Ｃ,4054,東G,,520,-1,-0.19%,4,9.80倍,1.79倍,2.31%
20260618,3437,ｉＦＴＰ年４,2625,東Ｅ,,"4,081",+58,+1.44%,4,ー倍,ー倍,ー%
20260618,3438,バリオ,4494,東S,,685,0,0.00%,4,ー倍,0.49倍,ー%
20260618,3439,ベビカレ,7363,東G,,"1,015",+5,+0.50%,4,6.28倍,1.15倍,ー%
20260618,3440,ファブリカ,4193,東S,,"2,238",+23,+1.04%,4,12.8倍,3.26倍,1.79%
20260618,3441,表示灯,7368,東S,,"1,655",-2,-0.12%,4,9.64倍,0.92倍,3.93%
20260618,3442,ｉＦＥＧＢＡ,2629,東Ｅ,,"3,759",+6,+0.16%,4,ー倍,ー倍,ー%
20260618,3443,アイスコ,7698,東S,,"2,499",+17,+0.68%,4,20.1倍,2.37倍,0.84%
20260618,3444,ワクー,4937,東G,,"1,531",+31,+2.07%,4,21.8倍,2.45倍,ー%
20260618,3445,ジオロケ,4018,福Ｑ,,"1,193",-7,-0.58%,4,ー倍,3.41倍,0.84%
20260618,3446,ニフティＬＳ,4262,東G,,"1,350",+6,+0.45%,4,10.3倍,1.38倍,4.74%
20260618,3447,プラネット,2391,東S,,"1,185",+6,+0.51%,4,18.9倍,1.46倍,3.71%
20260618,3448,パレモ・ＨＤ,2778,東S,,113,+2,+1.80%,4,13.4倍,0.85倍,ー%
20260618,3449,ピエトロ,2818,東S,,"1,730",+1,+0.06%,4,ー倍,1.93倍,1.39%
20260618,3450,大冷,2883,東S,,"1,973",-6,-0.30%,4,22.0倍,1.31倍,3.04%
20260618,3451,セキュアヴェ,3042,東S,,273,-3,-1.09%,4,22.1倍,1.64倍,1.10%
20260618,3452,ライフフーズ,3065,東S,,"1,608",-8,-0.50%,4,68.2倍,2.91倍,0.31%
20260618,3453,ストリーム,3071,東S,,101,+2,+2.02%,4,14.5倍,0.96倍,2.97%
20260618,3454,マーチャント,3121,東S,,215,+1,+0.47%,4,27.0倍,1.45倍,0.93%
20260618,3455,アゼアス,3161,東S,,659,-5,-0.75%,4,21.4倍,0.55倍,3.49%
20260618,3456,キューブ,7112,東G,,697,-2,-0.29%,4,64.7倍,1.07倍,ー%
20260618,3457,ビジコーチ,9562,東G,,498,-1,-0.20%,4,422倍,1.56倍,3.41%
20260618,3458,ｍｏｎｏＡＩ,5240,東G,,124,-1,-0.80%,4,ー倍,1.41倍,ー%
20260618,3459,サンクゼール,2937,東G,,"1,699",+3,+0.18%,4,39.2倍,3.05倍,2.06%
20260618,3460,アソインター,9340,東S,,683,+1,+0.15%,4,13.3倍,2.18倍,3.81%
20260618,3461,ＧＸＵＳ配当,2236,東Ｅ,,"1,436",-15,-1.03%,4,ー倍,ー倍,ー%
20260618,3462,ジェノバ,5570,東G,,628,-3,-0.48%,4,15.3倍,2.35倍,1.11%
20260618,3463,ＯＢシステム,5576,東S,,"2,806",-4,-0.14%,4,9.06倍,1.15倍,4.45%
20260618,3464,大英産業,2974,福証,,840,-3,-0.36%,4,6.00倍,0.33倍,2.86%
20260618,3465,雨風太陽,5616,東G,,604,-11,-1.79%,4,48.8倍,4.47倍,ー%
20260618,3466,光フードＳ,138A,東G,,"2,917",+10,+0.34%,4,22.8倍,2.16倍,1.65%
20260618,3467,コージンＢ,177A,東G,,"1,015",+17,+1.70%,4,47.2倍,0.87倍,0.99%
20260618,3468,マスカットＧ,195A,東G,,694,+4,+0.58%,4,ー倍,2.19倍,ー%
20260618,3469,ＧＸ高配３０,235A,東Ｅ,,"1,320",0,0.00%,4,ー倍,ー倍,ー%
20260618,3470,グロースｘＰ,244A,東G,,"1,137",+25,+2.25%,4,7.39倍,1.05倍,ー%
20260618,3471,ピープル,7865,東S,,347,-5,-1.42%,4,ー倍,0.82倍,ー%
20260618,3472,ソノコム,7902,東S,,"1,110",+36,+3.35%,4,22.4倍,0.43倍,1.17%
20260618,3473,セーラー,7992,東S,,102,0,0.00%,4,ー倍,2.82倍,ー%
20260618,3474,アサックス,8772,東S,,798,-7,-0.87%,4,6.39倍,0.50倍,2.76%
20260618,3475,ホープ,6195,東G,,212,-1,-0.47%,4,9.34倍,2.72倍,3.96%
20260618,3476,ＫＬＡＳＳ,6233,東S,,390,+5,+1.30%,4,8.65倍,0.64倍,2.56%
20260618,3477,ニチダイ,6467,東S,,325,+4,+1.25%,4,ー倍,0.28倍,1.85%
20260618,3478,コスモス,6772,東S,,"1,157",+56,+5.09%,4,ー倍,1.01倍,ー%
20260618,3479,栗林船,9171,東S,,"1,710",+9,+0.53%,4,12.3倍,0.62倍,1.75%
20260618,3480,東海汽,9173,東S,,"3,010",+10,+0.33%,4,41.3倍,1.28倍,ー%
20260618,3481,ＳＦＪ,9206,東S,,"1,975",0,0.00%,4,24.8倍,-3.4倍,ー%
20260618,3482,日本プロセス,9651,東S,,"1,695",+15,+0.89%,4,15.1倍,1.45倍,4.48%
20260618,3483,両毛システム,9691,東S,,"5,180",0,0.00%,4,ー倍,1.11倍,ー%
20260618,3484,ＮＣＳ＆Ａ,9709,東S,,"1,189",-2,-0.17%,4,9.72倍,1.28倍,4.88%
20260618,3485,ビステム,9780,東S,,896,-2,-0.22%,4,7.99倍,0.80倍,4.02%
20260618,3486,ソレキア,9867,東S,,"10,090",+10,+0.10%,4,6.27倍,0.68倍,0.69%
20260618,3487,シャルレ,9885,東S,,337,0,0.00%,4,45.7倍,0.39倍,2.37%
20260618,3488,アイリッジ,3917,東G,,421,+5,+1.20%,4,11.0倍,1.09倍,ー%
20260618,3489,Ｓワイヤー,3929,東G,,267,+1,+0.38%,4,9.56倍,1.76倍,ー%
20260618,3490,エルテス,3967,東G,,557,-6,-1.07%,4,34.5倍,1.89倍,ー%
20260618,3491,イノベーショ,3970,東S,,774,+7,+0.91%,4,83.2倍,0.72倍,5.17%
20260618,3492,エコモット,3987,東G,,535,+1,+0.19%,4,67.4倍,3.33倍,ー%
20260618,3493,サンエー化研,4234,東S,,670,+5,+0.75%,4,9.93倍,0.29倍,2.69%
20260618,3494,クラスター,4240,東S,,319,+2,+0.63%,4,39.5倍,1.04倍,1.57%
20260618,3495,ジャストプラ,4287,東S,,449,+1,+0.22%,4,10.6倍,1.37倍,2.90%
20260618,3496,ＩＰＳＨＤ,4335,東S,,"1,226",+5,+0.41%,4,11.1倍,1.60倍,3.10%
20260618,3497,松本油脂,4365,東S,,"20,650",+150,+0.73%,4,ー倍,0.67倍,ー%
20260618,3498,Ｗｅｌｂｙ,4438,東G,,254,+3,+1.20%,4,ー倍,16.9倍,ー%
20260618,3499,東名,4439,東S,,763,+15,+2.01%,4,8.78倍,2.16倍,1.70%
20260618,3500,ＡＬＰＨＡ,4760,東S,,"1,587",+17,+1.08%,4,9.82倍,0.86倍,4.41%
20260618,3501,ティーライフ,3172,東S,,"1,147",-1,-0.09%,4,26.1倍,0.76倍,2.62%
20260618,3502,ミラタップ,3187,東G,,250,+9,+3.73%,4,19.6倍,1.56倍,ー%
20260618,3503,ダイトウボウ,3202,東S,,130,+1,+0.78%,4,32.3倍,0.78倍,2.31%
20260618,3504,ファンクリＧ,3266,東S,,82,0,0.00%,4,8.94倍,0.95倍,1.22%
20260618,3505,サンセイラン,3277,東S,,"1,274",+2,+0.16%,4,7.79倍,0.71倍,4.00%
20260618,3506,アズマハウス,3293,東S,,763,+2,+0.26%,4,9.64倍,0.36倍,4.59%
20260618,3507,東和フード,3329,東S,,"2,080",+9,+0.43%,4,29.5倍,2.16倍,0.96%
20260618,3508,ネットイヤー,3622,東S,,505,-2,-0.39%,4,14.5倍,1.27倍,1.39%
20260618,3509,ソケッツ,3634,東S,,573,+5,+0.88%,4,25.0倍,2.36倍,1.05%
20260618,3510,オルトＰ,3672,東S,,28,0,0.00%,4,ー倍,1.87倍,ー%
20260618,3511,フォーシーズ,3726,東S,,336,-1,-0.30%,4,53.9倍,2.11倍,ー%
20260618,3512,ガーラ,4777,東S,,209,+1,+0.48%,4,ー倍,14.5倍,ー%
20260618,3513,ノザワ,5237,東S,,"1,147",+24,+2.14%,4,8.75倍,0.62倍,3.75%
20260618,3514,鶴弥,5386,名M,,393,+8,+2.08%,4,ー倍,0.23倍,ー%
20260618,3515,カナレ電気,5819,東S,,"1,776",+24,+1.37%,4,10.3倍,0.64倍,3.72%
20260618,3516,川岸工,5921,東S,,"4,025",-5,-0.12%,4,13.9倍,0.38倍,3.48%
20260618,3517,ニッキ,6042,東S,,"3,935",+25,+0.64%,4,12.3倍,0.53倍,3.05%
20260618,3518,ミクロン,6159,東S,,"2,009",+9,+0.45%,4,20.5倍,0.65倍,0.60%
20260618,3519,昭和ＨＤ,5103,東S,,38,0,0.00%,3,ー倍,2.63倍,ー%
20260618,3520,桜ゴム,5189,東S,,"2,905",-55,-1.86%,3,ー倍,0.56倍,ー%
20260618,3521,高見沢,5283,東S,,"2,996",+31,+1.05%,3,4.95倍,0.31倍,2.34%
20260618,3522,ルツボ,5355,東S,,667,-1,-0.15%,3,9.85倍,0.71倍,3.00%
20260618,3523,パワーファス,5950,東S,,144,+2,+1.41%,3,28.4倍,0.89倍,1.74%
20260618,3524,アマテイ,5952,東S,,182,0,0.00%,3,16.0倍,1.37倍,2.75%
20260618,3525,ＴＯＮＥ,5967,東S,,444,+4,+0.91%,3,12.6倍,0.82倍,2.03%
20260618,3526,モリテック,5986,東S,,235,+3,+1.29%,3,10.5倍,0.33倍,2.55%
20260618,3527,赤阪鉄,6022,東S,,"2,587",+28,+1.09%,3,38.5倍,0.32倍,ー%
20260618,3528,ＥＡＪ,6063,東S,,998,+9,+0.91%,3,18.0倍,1.35倍,ー%
20260618,3529,タケダ機械,6150,東S,,"2,690",+6,+0.22%,3,10.8倍,0.46倍,2.97%
20260618,3530,永大化工,7877,東S,,"1,980",-5,-0.25%,3,6.96倍,0.33倍,3.54%
20260618,3531,ツカモト,8025,東S,,"1,230",+6,+0.49%,3,33.1倍,0.31倍,2.44%
20260618,3532,ムーンバット,8115,東S,,"1,739",+20,+1.16%,3,13.1倍,1.34倍,3.11%
20260618,3533,ヤマトインタ,8127,東S,,598,0,0.00%,3,60.9倍,0.68倍,2.34%
20260618,3534,テンアライド,8207,東S,,284,0,0.00%,3,237倍,9.65倍,ー%
20260618,3535,はせがわ,8230,東S,,312,+2,+0.65%,3,10.1倍,0.44倍,4.81%
20260618,3536,小林洋行,8742,東S,,550,0,0.00%,3,ー倍,0.64倍,ー%
20260618,3537,上場パ中国Ａ,1322,東Ｅ,,"12,535",+140,+1.13%,3,ー倍,ー倍,ー%
20260618,3538,岐阜造園,1438,東S,,"1,863",-1,-0.05%,3,12.9倍,1.34倍,2.15%
20260618,3539,キャンディル,1446,東S,,523,-2,-0.38%,3,24.3倍,1.55倍,1.91%
20260618,3540,Ｊ４百ベア２,1469,東Ｅ,,190.4,-3.9,-2.01%,3,ー倍,ー倍,ー%
20260618,3541,ｉＳ最小分散,1477,東Ｅ,,"3,266",+30,+0.93%,3,ー倍,ー倍,ー%
20260618,3542,ｉＳ設備人材,1483,東Ｅ,,"3,534",+27,+0.77%,3,ー倍,ー倍,ー%
20260618,3543,野村タイ５０,1559,東Ｅ,,"4,719",-6,-0.13%,3,ー倍,ー倍,ー%
20260618,3544,美樹工業,1718,東S,,"6,980",+90,+1.31%,3,6.82倍,0.43倍,4.30%
20260618,3545,暁飯島工業,1997,東S,,"3,870",-110,-2.76%,3,11.2倍,0.97倍,2.45%
20260618,3546,ツインバード,6897,東S,,395,+3,+0.77%,3,93.6倍,0.64倍,3.29%
20260618,3547,ギークス,7060,東S,,579,+7,+1.22%,3,9.34倍,1.94倍,5.53%
20260618,3548,アスカ,7227,名M,,"1,809",-26,-1.42%,3,6.66倍,0.66倍,2.99%
20260618,3549,小田原機器,7314,東S,,"1,165",-2,-0.17%,3,44.2倍,0.93倍,3.43%
20260618,3550,初穂商事,7425,東S,,"2,345",-45,-1.88%,3,8.81倍,0.77倍,3.41%
20260618,3551,エコーＴＤ,7427,東S,,834,+7,+0.85%,3,6.68倍,0.42倍,3.60%
20260618,3552,横浜魚類,7443,東S,,627,0,0.00%,3,26.2倍,1.46倍,1.28%
20260618,3553,セフテック,7464,東S,,"1,546",-13,-0.83%,3,18.7倍,0.37倍,3.88%
20260618,3554,尾家産,7481,東S,,"2,515",+8,+0.32%,3,7.30倍,1.23倍,4.14%
20260618,3555,サンリン,7486,東S,,768,+7,+0.92%,3,9.65倍,0.42倍,3.13%
20260618,3556,コナカ,7494,東S,,220,+1,+0.46%,3,4.69倍,0.42倍,4.55%
20260618,3557,レダックス,7602,東S,,144,-1,-0.69%,3,17.1倍,0.63倍,1.39%
20260618,3558,オーエムツー,7614,東S,,"1,540",+4,+0.26%,3,10.3倍,0.57倍,2.34%
20260618,3559,ダイコー通産,7673,東S,,"1,603",-17,-1.05%,3,9.74倍,0.97倍,4.18%
20260618,3560,オービス,7827,東S,,"1,634",+12,+0.74%,3,8.22倍,0.52倍,3.79%
20260618,3561,ロイブ,352A,東G,,484,-10,-2.02%,3,156倍,2.66倍,ー%
20260618,3562,みのや,386A,東S,,"1,313",+1,+0.08%,3,9.88倍,1.21倍,1.88%
20260618,3563,ＧＭＯテック,415A,東G,,"4,660",+20,+0.43%,3,16.6倍,2.01倍,5.93%
20260618,3564,辻本郷ＩＴＣ,476A,東S,,"1,444",0,0.00%,3,9.74倍,1.76倍,ー%
20260618,3565,テラテクノ,483A,東S,,"2,107",+7,+0.33%,3,8.28倍,1.25倍,4.27%
20260618,3566,ＪＰＸ１００,526A,東Ｅ,,"1,904",+43,+2.31%,3,ー倍,ー倍,ー%
20260618,3567,セカンドＸ,5028,東G,,363,+10,+2.83%,3,20.9倍,2.91倍,ー%
20260618,3568,グラッドＣ,9561,東G,,396,-9,-2.22%,3,119倍,4.41倍,ー%
20260618,3569,ＧＬＯＥ,9565,東G,,672,+24,+3.70%,3,ー倍,3.75倍,ー%
20260618,3570,ＢＴＭ,5247,東G,,548,+13,+2.43%,3,23.4倍,2.13倍,ー%
20260618,3571,ＱＬＳＨＤ,7075,東G,,772,+5,+0.65%,3,7.96倍,2.81倍,1.42%
20260618,3572,日本乾溜工,1771,福証,,895,-3,-0.33%,3,16.8倍,1.14倍,4.02%
20260618,3573,宮崎太銀,8560,福証,,"2,220",-10,-0.45%,3,7.97倍,0.28倍,2.25%
20260618,3574,インバＰＦ,5587,東G,,745,-2,-0.27%,3,10.9倍,1.61倍,ー%
20260618,3575,ココリブ,137A,東G,,665,-11,-1.63%,3,14.0倍,1.94倍,ー%
20260618,3576,イシン,143A,東G,,651,-6,-0.91%,3,38.1倍,1.03倍,ー%
20260618,3577,エルイズビー,145A,東G,,784,+8,+1.03%,3,22.4倍,2.11倍,ー%
20260618,3578,ハンモック,173A,東G,,"1,390",+6,+0.43%,3,10.0倍,1.82倍,3.24%
20260618,3579,ＳＢＩサウジ,273A,東Ｅ,,"10,070",+20,+0.20%,3,ー倍,ー倍,ー%
20260618,3580,アルテック,9972,東S,,263,+1,+0.38%,3,9.05倍,0.42倍,2.66%
20260618,3581,蔵王産業,9986,東S,,"2,465",-15,-0.60%,3,17.8倍,1.02倍,4.06%
20260618,3582,サトー商会,9996,東S,,"1,950",-14,-0.71%,3,13.3倍,0.60倍,2.46%
20260618,3583,サイバーバズ,7069,東G,,"1,182",-2,-0.17%,3,13.1倍,5.42倍,ー%
20260618,3584,ランサーズ,4484,東G,,268,+3,+1.13%,3,17.1倍,3.07倍,1.12%
20260618,3585,Ｃマネージ,4491,東S,,"2,919",+49,+1.71%,3,11.6倍,1.43倍,2.06%
20260618,3586,フィーチャ,4052,東G,,237,+4,+1.72%,3,99.2倍,2.00倍,ー%
20260618,3587,グッドパッチ,7351,東G,,467,+9,+1.97%,3,9.97倍,0.95倍,2.14%
20260618,3588,Ｋラーニング,7353,東G,,567,+3,+0.53%,3,11.8倍,2.74倍,ー%
20260618,3589,レッティ,7356,東G,,117,+3,+2.63%,3,14.1倍,5.10倍,ー%
20260618,3590,ＳＡＮＥＩ,6230,東S,,"2,199",+51,+2.37%,3,7.86倍,0.66倍,3.41%
20260618,3591,ｉ－ｐｌｕｇ,4177,東G,,"1,410",+10,+0.71%,3,10.2倍,2.96倍,3.83%
20260618,3592,ワンプラ,4199,東G,,722,-5,-0.69%,3,ー倍,5.51倍,ー%
20260618,3593,ドリムベッド,7791,東S,,805,-5,-0.62%,3,6.67倍,0.67倍,4.60%
20260618,3594,アルマード,4932,東S,,630,+2,+0.32%,3,ー倍,3.21倍,ー%
20260618,3595,グローバルＳ,7126,東S,,"1,516",-13,-0.85%,3,9.64倍,1.56倍,3.10%
20260618,3596,モビルス,4370,東G,,308,+15,+5.12%,3,ー倍,1.39倍,ー%
20260618,3597,ユミルリンク,4372,東G,,"1,119",+4,+0.36%,3,11.8倍,1.41倍,1.79%
20260618,3598,くふうカンパ,4376,東G,,160,-4,-2.44%,3,ー倍,1.17倍,ー%
20260618,3599,一家ＨＤ,7127,東S,,691,+2,+0.29%,3,22.2倍,5.15倍,ー%
20260618,3600,スローガン,9253,東G,,723,+10,+1.40%,3,9.29倍,1.13倍,ー%
20260618,3601,サインド,4256,東G,,913,0,0.00%,3,29.5倍,1.59倍,ー%
20260618,3602,一パン,2215,東S,,597,-1,-0.17%,3,23.0倍,0.47倍,ー%
20260618,3603,ＣＳＳ,2304,東S,,907,-1,-0.11%,3,7.63倍,1.34倍,3.86%
20260618,3604,ブラス,2424,東S,,603,-9,-1.47%,3,10.2倍,0.74倍,1.33%
20260618,3605,ユニカフェ,2597,東S,,"1,081",-2,-0.18%,3,27.8倍,2.02倍,ー%
20260618,3606,オートＷ,2666,東S,,159,-1,-0.63%,3,9.53倍,0.51倍,2.52%
20260618,3607,Ｙｓテーブル,2798,東S,,"2,990",+2,+0.07%,3,23.4倍,11.2倍,ー%
20260618,3608,はごろも,2831,東S,,"3,495",+20,+0.58%,3,11.0倍,0.66倍,2.00%
20260618,3609,クリエイト,3024,東S,,"1,001",0,0.00%,3,ー倍,0.70倍,ー%
20260618,3610,ＪＢイレブン,3066,名M,,611,0,0.00%,3,273倍,2.87倍,0.41%
20260618,3611,富士山ＭＳ,3138,東S,,"1,142",-13,-1.13%,3,39.3倍,1.64倍,1.40%
20260618,3612,ジオリーブＧ,3157,東S,,"1,375",-9,-0.65%,3,7.77倍,0.73倍,4.00%
20260618,3613,大光,3160,東S,,558,+2,+0.36%,3,14.5倍,1.26倍,2.69%
20260618,3614,買取王国,3181,東S,,950,-10,-1.04%,3,8.63倍,1.02倍,1.16%
20260618,3615,コーセーＲＥ,3246,東S,,621,-1,-0.16%,3,14.3倍,0.61倍,3.86%
20260618,3616,関門海,3372,東S,,219,0,0.00%,3,25.0倍,2.13倍,ー%
20260618,3617,バイク王,3377,東S,,370,0,0.00%,3,9.29倍,0.76倍,2.97%
20260618,3618,コスモバイオ,3386,東S,,"1,247",+17,+1.38%,3,32.3倍,0.75倍,4.01%
20260618,3619,サンコテクノ,3435,東S,,"1,382",-1,-0.07%,3,8.75倍,0.55倍,3.33%
20260618,3620,特殊電極,3437,東S,,"2,646",-30,-1.12%,3,13.1倍,0.53倍,3.85%
20260618,3621,Ｇ－ＦＡＣ,3474,東G,,529,-1,-0.19%,3,102倍,3.17倍,ー%
20260618,3622,アズ企画設計,3490,東S,,"2,850",+29,+1.03%,3,8.11倍,1.08倍,1.05%
20260618,3623,昭栄薬品,3537,東S,,"1,599",+2,+0.13%,3,12.5倍,0.58倍,2.56%
20260618,3624,ソトー,3571,東S,,696,0,0.00%,3,ー倍,0.57倍,5.75%
20260618,3625,データＨＲ,3628,東G,,536,+24,+4.69%,3,26.2倍,16.2倍,ー%
20260618,3626,ＳＩ,3826,東S,,433,-2,-0.46%,3,11.9倍,1.06倍,2.54%
20260618,3627,エリアクエス,8912,東S,,171,-1,-0.58%,3,16.4倍,1.72倍,2.34%
20260618,3628,グロームＨＤ,8938,東G,,308,+15,+5.12%,3,17.2倍,0.45倍,0.97%
20260618,3629,エイシアンＳ,8946,東S,,75,-1,-1.32%,3,14.8倍,0.79倍,ー%
20260618,3630,南総通運,9034,東S,,"1,600",+16,+1.01%,3,11.0倍,0.66倍,5.00%
20260618,3631,鈴与シンワ,9360,東S,,"2,748",-30,-1.08%,3,6.51倍,1.42倍,4.37%
20260618,3632,大東港運,9367,東S,,"1,812",-5,-0.28%,3,19.6倍,1.48倍,1.71%
20260618,3633,ベルパーク,9441,東S,,"2,745",-5,-0.18%,3,10.2倍,1.20倍,3.72%
20260618,3634,サカイＨＤ,9446,東S,,666,+2,+0.30%,3,5.48倍,1.04倍,5.26%
20260618,3635,セレスポ,9625,東S,,"1,073",-6,-0.56%,3,8.65倍,0.60倍,4.66%
20260618,3636,グリンランド,9656,東S,,607,+4,+0.66%,3,12.6倍,0.59倍,2.47%
20260618,3637,ＫＹＣＯＭ,9685,東S,,560,+11,+2.00%,3,6.32倍,0.54倍,1.79%
20260618,3638,北沢産,9930,東S,,374,-4,-1.06%,3,22.4倍,0.61倍,2.67%
20260618,3639,バーチャレク,6193,東G,,978,+5,+0.51%,3,10.7倍,1.71倍,1.53%
20260618,3640,横田製,6248,東S,,"1,813",+3,+0.17%,3,11.3倍,1.08倍,3.31%
20260618,3641,カワタ,6292,東S,,826,+2,+0.24%,3,15.2倍,0.44倍,4.60%
20260618,3642,タクミナ,6322,東S,,"1,645",+15,+0.92%,3,9.20倍,1.00倍,3.28%
20260618,3643,キクカワ,6346,東S,,"5,620",+20,+0.36%,3,19.5倍,0.53倍,2.14%
20260618,3644,ヤマダコーポ,6392,東S,,"7,250",-40,-0.55%,3,10.2倍,0.96倍,3.03%
20260618,3645,ＤＭソリュ,6549,東S,,"2,108",-21,-0.99%,3,8.56倍,1.53倍,1.99%
20260618,3646,ゲームウィズ,6552,東S,,182,-1,-0.55%,3,63.6倍,1.12倍,ー%
20260618,3647,不二電機,6654,東S,,"1,090",+8,+0.74%,3,25.3倍,0.54倍,2.94%
20260618,3648,トラースＯＰ,6696,東G,,256,-2,-0.78%,3,ー倍,4.03倍,ー%
20260618,3649,ＯＳＧコーポ,6757,東S,,815,-3,-0.37%,3,14.2倍,1.81倍,4.91%
20260618,3650,Ｖゴルフ,3931,東G,,"1,810",+6,+0.33%,3,29.7倍,3.15倍,1.38%
20260618,3651,昭和パックス,3954,東S,,"2,905",-18,-0.62%,3,ー倍,0.48倍,1.72%
20260618,3652,ＳＣＡＴ,3974,東S,,530,-4,-0.75%,3,13.3倍,0.80倍,2.64%
20260618,3653,うるる,3979,東G,,392,+1,+0.26%,3,13.9倍,2.93倍,1.10%
20260618,3654,ＳＩＧＧ,4386,東S,,814,-4,-0.49%,3,9.23倍,1.66倍,4.05%
20260618,3655,エーアイ,4388,東S,,374,+2,+0.54%,3,38.1倍,1.03倍,ー%
20260618,3656,シノプス,4428,東G,,635,0,0.00%,3,14.5倍,2.11倍,2.68%
20260618,3657,神東塗,4615,東S,,128,+1,+0.79%,3,21.8倍,0.33倍,ー%
20260618,3658,オリジナル設,4642,東S,,"1,458",+15,+1.04%,3,14.6倍,1.08倍,2.74%
20260618,3659,ピーエイ,4766,東S,,182,+1,+0.55%,3,19.6倍,4.36倍,2.86%
20260618,3660,マイネット,3928,東S,,229,0,0.00%,2,6.97倍,1.44倍,ー%
20260618,3661,ダイナパック,3947,東S,,"2,120",-33,-1.53%,2,8.29倍,0.43倍,3.77%
20260618,3662,光ビジネス,3948,東S,,"1,104",-12,-1.08%,2,28.3倍,0.63倍,4.53%
20260618,3663,イムラ,3955,東S,,778,+1,+0.13%,2,16.9倍,0.44倍,3.86%
20260618,3664,ビーグリー,3981,東S,,"1,213",-1,-0.08%,2,9.41倍,0.86倍,3.71%
20260618,3665,大阪油化,4124,東S,,"2,527",-3,-0.12%,2,22.5倍,1.70倍,1.82%
20260618,3666,タカギセイコ,4242,東S,,"1,790",+12,+0.67%,2,8.08倍,0.40倍,3.35%
20260618,3667,川口化,4361,東S,,"1,425",+21,+1.50%,2,ー倍,0.55倍,4.21%
20260618,3668,ビープラッツ,4381,東G,,256,+6,+2.40%,2,17.7倍,-1.7倍,ー%
20260618,3669,ロジザード,4391,東G,,"1,097",-2,-0.18%,2,13.9倍,1.51倍,1.64%
20260618,3670,東邦化,4409,東S,,725,+3,+0.42%,2,ー倍,0.63倍,ー%
20260618,3671,リックソフト,4429,東G,,711,+1,+0.14%,2,20.0倍,0.96倍,ー%
20260618,3672,ＧＤＨ,4437,東G,,822,-8,-0.96%,2,9.15倍,1.72倍,0.61%
20260618,3673,アサヒペン,4623,東S,,"1,692",-8,-0.47%,2,9.36倍,0.42倍,3.55%
20260618,3674,アトミクス,4625,東S,,717,+15,+2.14%,2,12.7倍,0.34倍,2.79%
20260618,3675,ＳＤエンター,4650,東S,,265,0,0.00%,2,15.8倍,1.32倍,ー%
20260618,3676,環境管理,4657,東S,,447,0,0.00%,2,13.4倍,0.87倍,1.79%
20260618,3677,文教堂ＧＨＤ,9978,東S,,45,0,0.00%,2,167倍,-5.0倍,ー%
20260618,3678,リビンＴ,4445,東G,,"1,510",-4,-0.26%,2,27.8倍,2.43倍,ー%
20260618,3679,レオクラン,7681,東S,,900,+2,+0.22%,2,23.2倍,0.93倍,1.89%
20260618,3680,ユナイト,4486,東G,,651,+11,+1.72%,2,10.6倍,2.24倍,2.46%
20260618,3681,スペースマ,4487,東G,,229,+8,+3.62%,2,18.4倍,2.83倍,ー%
20260618,3682,関通ＨＤ,9326,東G,,412,+1,+0.24%,2,15.6倍,1.85倍,2.43%
20260618,3683,コパ,7689,東G,,332,-1,-0.30%,2,976倍,1.28倍,ー%
20260618,3684,ｉＳ新興債Ｈ,2622,東Ｅ,,"1,746",-1,-0.06%,2,ー倍,ー倍,ー%
20260618,3685,クリーマ,4017,東G,,198,-3,-1.49%,2,43.0倍,1.18倍,ー%
20260618,3686,バルミューダ,6612,東G,,588,-5,-0.84%,2,503倍,1.98倍,ー%
20260618,3687,インバウＴ,7031,東G,,647,-8,-1.22%,2,ー倍,1.30倍,ー%
20260618,3688,デコルテＨＤ,7372,東G,,371,+2,+0.54%,2,7.98倍,0.37倍,ー%
20260618,3689,ベイシス,4068,東G,,"1,724",+3,+0.17%,2,24.8倍,1.49倍,ー%
20260618,3690,メディア総研,9242,東G,,"1,853",ー,ー%,2,9.36倍,1.29倍,1.35%
20260618,3691,ミアヘルサ,7129,東S,,"1,130",-9,-0.79%,2,8.80倍,0.81倍,2.65%
20260618,3692,ＧＲＣＳ,9250,東G,,900,-2,-0.22%,2,20.0倍,-17倍,ー%
20260618,3693,ＭＸ米債ヘ無,2838,東Ｅ,,"8,938",+9,+0.10%,2,ー倍,ー倍,ー%
20260618,3694,ヒュウガプラ,7133,東G,,"1,030",+9,+0.88%,2,11.6倍,2.69倍,1.94%
20260618,3695,セイファート,9213,東S,,"1,050",+10,+0.96%,2,ー倍,1.92倍,ー%
20260618,3696,上場豪債ヘ無,2844,東Ｅ,,"5,685",-8,-0.14%,2,ー倍,ー倍,ー%
20260618,3697,日経３００投,1319,東Ｅ,,761.0,+11.0,+1.47%,2,ー倍,ー倍,ー%
20260618,3698,秋川牧園,1380,東S,,987,-5,-0.50%,2,51.4倍,1.89倍,1.01%
20260618,3699,ＭＸ高配ＭＮ,1499,東Ｅ,,"8,745",-39,-0.44%,2,ー倍,ー倍,ー%
20260618,3700,スタンダ２０,1551,東Ｅ,,"7,100",+49,+0.69%,2,ー倍,ー倍,ー%
20260618,3701,上場Ａリート,1555,東Ｅ,,"2,590",-26,-0.99%,2,ー倍,ー倍,ー%
20260618,3702,上場外債毎月,1677,東Ｅ,,"60,920",-70,-0.11%,2,ー倍,ー倍,ー%
20260618,3703,ＳＸＮＹダウ,1679,東Ｅ,,"66,700",-600,-0.89%,2,ー倍,ー倍,ー%
20260618,3704,ＷＴ商品総合,1684,東Ｅ,,"2,290.5",-79.0,-3.33%,2,ー倍,ー倍,ー%
20260618,3705,ＷＴエナジー,1685,東Ｅ,,710.3,-19.4,-2.66%,2,ー倍,ー倍,ー%
20260618,3706,ＷＴアグリ,1687,東Ｅ,,980.8,+6.5,+0.67%,2,ー倍,ー倍,ー%
20260618,3707,ナカボテック,1787,東S,,"5,300",-70,-1.30%,2,14.1倍,1.39倍,4.91%
20260618,3708,三東工業,1788,東S,,"4,500",-15,-0.33%,2,10.1倍,0.74倍,2.89%
20260618,3709,守谷商会,1798,東S,,"1,031",-9,-0.87%,2,6.61倍,0.60倍,3.69%
20260618,3710,土屋ＨＤ,1840,東S,,232,-1,-0.43%,2,23.0倍,0.49倍,4.31%
20260618,3711,富士ＰＳ,1848,東S,,605,+6,+1.00%,2,10.6倍,0.81倍,4.13%
20260618,3712,協和日成,1981,東S,,"1,310",0,0.00%,2,10.5倍,0.64倍,3.97%
20260618,3713,日和産,2055,東S,,320,-2,-0.62%,2,19.3倍,0.30倍,1.88%
20260618,3714,アジュバン,4929,東S,,727,+1,+0.14%,2,242倍,1.38倍,1.65%
20260618,3715,東洋ドライ,4976,東S,,"1,306",-19,-1.43%,2,8.65倍,0.48倍,2.56%
20260618,3716,不二ラテ,5199,東S,,"1,894",+21,+1.12%,2,8.36倍,0.59倍,4.38%
20260618,3717,ダントーＨＤ,5337,東S,,823,-13,-1.56%,2,ー倍,3.21倍,ー%
20260618,3718,虹技,5603,東S,,"1,209",-10,-0.82%,2,9.92倍,0.26倍,3.31%
20260618,3719,サンユウ,5697,東S,,682,-3,-0.44%,2,6.65倍,0.40倍,4.40%
20260618,3720,那須鉄,5922,東S,,"17,600",0,0.00%,2,11.8倍,0.62倍,2.56%
20260618,3721,高田機,5923,東S,,"1,081",-9,-0.83%,2,28.6倍,0.30倍,4.63%
20260618,3722,中西製,5941,東S,,"2,515",+5,+0.20%,2,7.81倍,0.70倍,3.98%
20260618,3723,中国工,5974,東S,,865,+15,+1.76%,2,10.5倍,0.47倍,2.66%
20260618,3724,スーパツール,5990,東S,,"1,967",-13,-0.66%,2,27.3倍,0.45倍,3.05%
20260618,3725,エクストリム,6033,東G,,"1,365",+4,+0.29%,2,7.94倍,1.06倍,4.98%
20260618,3726,三機サービス,6044,東S,,"1,542",+7,+0.46%,2,14.0倍,1.90倍,1.95%
20260618,3727,イトクロ,6049,東G,,251,-2,-0.79%,2,16.4倍,0.55倍,ー%
20260618,3728,レアジョブ,6096,東S,,368,-2,-0.54%,2,ー倍,1.57倍,ー%
20260618,3729,旭精機,6111,名M,,"1,991",-1,-0.05%,2,152倍,0.32倍,3.01%
20260618,3730,高松機械,6155,東S,,468,-5,-1.06%,2,38.0倍,0.31倍,2.14%
20260618,3731,総合商研,7850,東S,,859,0,0.00%,2,9.54倍,0.71倍,2.33%
20260618,3732,福島印刷,7870,名M,,380,-9,-2.31%,2,38.5倍,0.39倍,2.63%
20260618,3733,ノダ,7879,東S,,637,-1,-0.16%,2,46.6倍,0.27倍,4.71%
20260618,3734,サンメッセ,7883,東S,,380,-1,-0.26%,2,24.5倍,0.42倍,2.37%
20260618,3735,野崎紙,7919,東S,,189,0,0.00%,2,ー倍,0.66倍,ー%
20260618,3736,リヒトラブ,7975,東S,,"1,070",-7,-0.65%,2,18.2倍,0.33倍,2.34%
20260618,3737,ナイガイ,8013,東S,,342,-5,-1.44%,2,38.2倍,0.39倍,ー%
20260618,3738,キング,8118,東S,,"1,218",+23,+1.92%,2,27.7倍,0.84倍,1.48%
20260618,3739,タカキュー,8166,東S,,79,0,0.00%,2,25.3倍,1.66倍,ー%
20260618,3740,アジア投資,8518,東S,,132,+1,+0.76%,2,ー倍,0.48倍,ー%
20260618,3741,光世,8617,東S,,534,+14,+2.69%,2,ー倍,0.31倍,ー%
20260618,3742,ヤマイチ,2984,東S,,702,-3,-0.43%,2,5.17倍,0.43倍,4.42%
20260618,3743,ＧＸ日カバコ,2858,東Ｅ,,"1,509",+2,+0.13%,2,ー倍,ー倍,ー%
20260618,3744,ＩＮＥＳＴ,7111,東S,,440,0,0.00%,2,10.7倍,0.63倍,ー%
20260618,3745,ＰＢシステム,4447,東G,,426,+2,+0.47%,2,15.0倍,2.30倍,4.69%
20260618,3746,アトラスＴ,9563,東G,,287,+9,+3.24%,2,53.4倍,1.25倍,ー%
20260618,3747,スマサポ,9342,東G,,805,+13,+1.64%,2,12.5倍,3.18倍,ー%
20260618,3748,ココルポート,9346,東G,,"1,654",-15,-0.90%,2,10.6倍,1.94倍,3.69%
20260618,3749,日本ＳＢ,5530,名M,,"1,101",-9,-0.81%,2,7.12倍,0.95倍,2.91%
20260618,3750,マルタイ,2919,福証,,"4,180",-40,-0.95%,2,18.2倍,0.77倍,1.20%
20260618,3751,ロジネットＪ,9027,札証,,"4,065",+55,+1.37%,2,7.34倍,0.90倍,4.23%
20260618,3752,ＲＫＢＨＤ,9407,福証,,"6,000",ー,ー%,2,14.5倍,0.31倍,1.42%
20260618,3753,ＧＸオフ日Ｒ,2096,東Ｅ,,988,-6,-0.60%,2,ー倍,ー倍,ー%
20260618,3754,バリューＣ,9238,東G,,393,-2,-0.51%,2,ー倍,23.2倍,ー%
20260618,3755,ＧＸ優証隔月,2019,東Ｅ,,"1,045",+1,+0.10%,2,ー倍,ー倍,ー%
20260618,3756,ハッチワーク,148A,東G,,"1,674",-4,-0.24%,2,14.9倍,3.10倍,ー%
20260618,3757,シンカ,149A,東G,,710,-7,-0.98%,2,ー倍,2.29倍,ー%
20260618,3758,イタミアート,168A,東G,,"1,136",+20,+1.79%,2,10.0倍,1.26倍,1.76%
20260618,3759,クロスＥ,231A,福Ｑ,,"1,052",+15,+1.45%,2,8.31倍,0.88倍,5.23%
20260618,3760,キッズスター,248A,東G,,876,-11,-1.24%,2,32.3倍,0.96倍,ー%
20260618,3761,Ｏｎｅサウジ,295A,東Ｅ,,"10,225",+75,+0.74%,2,ー倍,ー倍,ー%
20260618,3762,ＧＶＡテック,298A,東G,,310,+6,+1.97%,2,721倍,7.19倍,ー%
20260618,3763,ビースタイル,302A,東G,,544,+15,+2.84%,2,9.83倍,1.20倍,ー%
20260618,3764,原田工業,6904,東S,,443,0,0.00%,2,15.6倍,0.68倍,2.26%
20260618,3765,ニッチツ,7021,東S,,"1,762",-38,-2.11%,2,28.9倍,0.28倍,1.70%
20260618,3766,ＥＭネットＪ,7036,東G,,614,+9,+1.49%,2,17.5倍,2.83倍,ー%
20260618,3767,テノ．ＨＤ,7037,東S,,885,-1,-0.11%,2,13.9倍,2.17倍,1.13%
20260618,3768,サンライフＨ,7040,東S,,947,-13,-1.35%,2,7.34倍,0.84倍,3.70%
20260618,3769,アクセスＨＤ,7042,東S,,569,-7,-1.22%,2,10.5倍,1.33倍,3.87%
20260618,3770,共栄セキュリ,7058,東S,,"3,020",+15,+0.50%,2,8.15倍,0.88倍,2.98%
20260618,3771,カネミツ,7208,東S,,"1,174",-10,-0.84%,2,8.83倍,0.48倍,3.49%
20260618,3772,ファルテック,7215,東S,,424,-2,-0.47%,2,19.9倍,0.21倍,ー%
20260618,3773,ＨＫＳ,7219,東S,,"2,297",+6,+0.26%,2,10.0倍,0.30倍,2.83%
20260618,3774,盟和産,7284,東S,,"1,246",-3,-0.24%,2,13.6倍,0.36倍,4.01%
20260618,3775,はるやまＨＤ,7416,東S,,664,-8,-1.19%,2,104倍,0.46倍,2.33%
20260618,3776,ハリマ共和,7444,東S,,"1,960",+12,+0.62%,2,8.58倍,0.40倍,3.06%
20260618,3777,ＣＡＰＩＴＡ,7462,東S,,662,-7,-1.05%,2,13.6倍,1.47倍,3.02%
20260618,3778,鳥羽洋行,7472,東S,,"3,525",-20,-0.56%,2,11.1倍,0.63倍,3.40%
20260618,3779,ティムコ,7501,東S,,"1,715",+59,+3.56%,2,265倍,0.99倍,0.70%
20260618,3780,ハウスローゼ,7506,東S,,"1,351",0,0.00%,2,453倍,1.16倍,1.85%
20260618,3781,アールビバン,7523,東S,,"1,709",+36,+2.15%,2,11.2倍,0.96倍,3.51%
20260618,3782,大水,7538,東S,,349,-7,-1.97%,2,6.54倍,0.33倍,2.01%
20260618,3783,かんなん丸,7585,東S,,414,-3,-0.72%,2,ー倍,4.56倍,ー%
20260618,3784,ポプラ,7601,東S,,164,+1,+0.61%,2,13.6倍,13.7倍,ー%
20260618,3785,クボテック,7709,東S,,66,+1,+1.54%,2,ー倍,16.2倍,ー%
20260618,3786,リップス,373A,東G,,"1,535",+6,+0.39%,2,8.12倍,1.03倍,ー%
20260618,3787,ＡＩＧＨＤ,377A,名M,,"1,150",+22,+1.95%,2,41.4倍,1.63倍,ー%
20260618,3788,ＳＳ金Ｈ,448A,東Ｅ,,260.1,-1.2,-0.46%,2,ー倍,ー倍,ー%
20260618,3789,ＧＸステコイ,512A,東Ｅ,,"1,119",+12,+1.08%,2,ー倍,ー倍,ー%
20260618,3790,ＧＸ純銀,577A,東Ｅ,,271.9,-5.1,-1.84%,2,ー倍,ー倍,ー%
20260618,3791,日本バリュー,585A,東Ｅ,,"1,063",-1,-0.09%,2,ー倍,ー倍,ー%
20260618,3792,タカキタ,6325,東S,,398,+2,+0.51%,2,18.1倍,0.54倍,2.51%
20260618,3793,明治機,6334,東S,,451,+1,+0.22%,2,48.6倍,1.58倍,1.33%
20260618,3794,太平製,6342,東S,,"2,676",-15,-0.56%,2,7.74倍,0.48倍,3.74%
20260618,3795,不二精機,6400,東S,,263,0,0.00%,2,7.37倍,0.53倍,2.66%
20260618,3796,オーイズミ,6428,東S,,309,0,0.00%,2,11.6倍,0.37倍,3.88%
20260618,3797,ＫＶＫ,6484,東S,,"2,325",+22,+0.96%,2,8.48倍,0.61倍,3.66%
20260618,3798,日宣,6543,東S,,"1,189",+14,+1.19%,2,14.0倍,1.17倍,2.78%
20260618,3799,ＭＳコンサル,6555,東S,,421,-3,-0.71%,2,8.61倍,0.64倍,ー%
20260618,3800,要興業,6566,東S,,"1,176",+5,+0.43%,2,12.2倍,0.90倍,ー%
20260618,3801,コレックＨＤ,6578,東S,,445,-3,-0.67%,2,15.7倍,3.10倍,2.02%
20260618,3802,伊豆シャボ,6819,東S,,466,0,0.00%,2,8.82倍,1.37倍,4.29%
20260618,3803,リーダー電子,6867,東S,,410,-3,-0.73%,2,25.1倍,0.48倍,3.66%
20260618,3804,ありがとうＳ,3177,東S,,"3,445",-10,-0.29%,2,6.46倍,0.93倍,3.92%
20260618,3805,ホットマン,3190,東S,,570,+3,+0.53%,2,10.9倍,0.52倍,1.93%
20260618,3806,トーア紡,3204,東S,,504,+1,+0.20%,2,8.46倍,0.31倍,2.98%
20260618,3807,ＳＬＤ,3223,東S,,943,+10,+1.07%,2,14.3倍,-5.3倍,ー%
20260618,3808,Ｇオイスター,3224,東G,,700,-4,-0.57%,2,110倍,2.44倍,1.43%
20260618,3809,セントラル総,3238,東S,,367,-2,-0.54%,2,8.82倍,0.34倍,3.54%
20260618,3810,ウィル,3241,東S,,577,-5,-0.86%,2,7.45倍,1.23倍,4.07%
20260618,3811,グラン,3261,東G,,390,+3,+0.78%,2,20.0倍,0.61倍,3.85%
20260618,3812,日本麻,3306,東S,,598,+2,+0.34%,2,879倍,1.25倍,0.67%
20260618,3813,バッファロー,3352,東S,,"1,653",-23,-1.37%,2,7.99倍,0.60倍,4.23%
20260618,3814,トーエル,3361,東S,,862,-11,-1.26%,2,12.1倍,0.72倍,2.67%
20260618,3815,ピクスタ,3416,東S,,835,-5,-0.60%,2,13.8倍,1.37倍,5.39%
20260618,3816,大木ヘルス,3417,東S,,"1,106",+5,+0.45%,2,ー倍,0.44倍,2.71%
20260618,3817,ケーエフシー,3420,東S,,"1,516",-1,-0.07%,2,10.3倍,0.50倍,4.62%
20260618,3818,エスイー,3423,東S,,269,+3,+1.13%,2,51.1倍,0.78倍,4.46%
20260618,3819,ＭＩＥコーポ,3442,名M,,"1,555",-10,-0.64%,2,4.57倍,0.58倍,2.57%
20260618,3820,パルマ,3461,東S,,553,-6,-1.07%,2,17.8倍,1.56倍,2.35%
20260618,3821,イノベＨＤ,3484,東S,,"1,088",-2,-0.18%,2,14.3倍,3.70倍,3.13%
20260618,3822,Ｕ＆Ｃ,3557,東G,,537,+3,+0.56%,2,"1,343倍",5.36倍,ー%
20260618,3823,山喜,3598,東S,,155,-1,-0.64%,2,24.4倍,0.68倍,ー%
20260618,3824,パピレス,3641,東S,,919,-2,-0.22%,2,62.6倍,0.89倍,1.09%
20260618,3825,ホットリンク,3680,東G,,227,-6,-2.58%,2,39.1倍,0.88倍,2.73%
20260618,3826,コムシード,3739,名N,,122,-1,-0.81%,2,7.85倍,2.10倍,ー%
20260618,3827,Ｊエスコム,3779,東S,,136,0,0.00%,2,ー倍,2.80倍,ー%
20260618,3828,いい生活,3796,東S,,273,+4,+1.49%,2,19.3倍,1.89倍,1.10%
20260618,3829,ユニリタ,3800,東S,,"1,944",0,0.00%,2,13.2倍,1.19倍,3.86%
20260618,3830,メディア工房,3815,東G,,443,0,0.00%,2,ー倍,7.65倍,ー%
20260618,3831,ＭＫシステム,3910,東S,,272,-3,-1.09%,2,7.69倍,1.64倍,2.94%
20260618,3832,福留ハ,2291,東S,,484,+2,+0.41%,2,11.5倍,0.65倍,ー%
20260618,3833,アルバイトＴ,2341,東S,,164,+2,+1.23%,2,21.6倍,1.05倍,3.05%
20260618,3834,ケア２１,2373,東S,,414,-1,-0.24%,2,112倍,1.34倍,4.11%
20260618,3835,サイネックス,2376,東S,,791,-20,-2.47%,2,18.5倍,0.55倍,1.90%
20260618,3836,ゲンダイ,2411,東S,,452,+1,+0.22%,2,9.56倍,1.28倍,5.53%
20260618,3837,ケアサービス,2425,東S,,647,-1,-0.15%,2,31.9倍,0.83倍,3.40%
20260618,3838,オルアバウト,2454,東S,,344,-1,-0.29%,2,ー倍,1.36倍,ー%
20260618,3839,日本和装,2499,東S,,276,-4,-1.43%,2,9.62倍,0.69倍,5.07%
20260618,3840,野村外国株Ｈ,2514,東Ｅ,,"2,005",-10,-0.50%,2,ー倍,ー倍,ー%
20260618,3841,野村女性活躍,2518,東Ｅ,,"2,404",+44,+1.86%,2,ー倍,ー倍,ー%
20260618,3842,野村新興国債,2519,東Ｅ,,"1,213.0",-4.0,-0.33%,2,ー倍,ー倍,ー%
20260618,3843,魚喜,2683,東S,,"1,000",-2,-0.20%,2,84.0倍,2.79倍,1.00%
20260618,3844,久世,2708,東S,,"1,852",-33,-1.75%,2,6.12倍,0.89倍,2.43%
20260618,3845,アイケイＨＤ,2722,東S,,355,-3,-0.84%,2,9.59倍,1.04倍,2.54%
20260618,3846,フェスタリア,2736,東S,,655,-6,-0.91%,2,14.7倍,1.39倍,1.07%
20260618,3847,和弘食品,2813,東S,,"3,950",+50,+1.28%,2,8.73倍,0.96倍,2.78%
20260618,3848,デルソーレ,2876,東S,,451,0,0.00%,2,10.0倍,0.64倍,2.66%
20260618,3849,日東ベスト,2877,東S,,742,+3,+0.41%,2,22.4倍,0.54倍,1.62%
20260618,3850,石井食,2894,東S,,322,-2,-0.62%,2,76.5倍,1.40倍,1.24%
20260618,3851,仙波糖化,2916,東S,,707,-4,-0.56%,2,11.3倍,0.63倍,2.12%
20260618,3852,バナーズ,3011,東S,,151,0,0.00%,2,9.47倍,0.84倍,3.31%
20260618,3853,ゴルフ・ドゥ,3032,名N,,296,-1,-0.34%,2,20.6倍,1.74倍,1.01%
20260618,3854,ヒラキ,3059,東S,,702,0,0.00%,2,34.2倍,0.57倍,2.85%
20260618,3855,東京一番,3067,東S,,451,-1,-0.22%,2,35.0倍,2.13倍,ー%
20260618,3856,ジェーソン,3080,東S,,759,+3,+0.40%,2,64.8倍,1.64倍,1.71%
20260618,3857,オーシャンシ,3096,東S,,"1,630",+21,+1.31%,2,10.0倍,1.25倍,1.23%
20260618,3858,サイボー,3123,東S,,630,+2,+0.32%,2,8.15倍,0.41倍,2.86%
20260618,3859,ＯＣＨＩＨＤ,3166,東S,,"1,371",+1,+0.07%,2,13.7倍,0.73倍,4.01%
20260618,3860,ミサワ,3169,東S,,657,-8,-1.20%,2,27.1倍,1.48倍,1.22%
20260618,3861,誠建設,8995,東S,,898,-18,-1.97%,2,25.8倍,0.44倍,2.78%
20260618,3862,京福電,9049,東S,,"6,740",+30,+0.45%,2,7.28倍,0.93倍,0.30%
20260618,3863,遠州トラック,9057,東S,,"3,160",-25,-0.78%,2,11.3倍,0.96倍,3.04%
20260618,3864,カンダ,9059,東S,,874,-3,-0.34%,2,7.33倍,0.67倍,2.97%
20260618,3865,杉村倉,9307,東S,,916,+7,+0.77%,2,17.4倍,0.84倍,1.64%
20260618,3866,アサガミ,9311,東S,,"7,680",+150,+1.99%,2,8.68倍,0.46倍,ー%
20260618,3867,兵機海,9362,東S,,"3,625",-30,-0.82%,2,10.9倍,0.77倍,3.03%
20260618,3868,ユーラシア,9376,東S,,770,0,0.00%,2,43.7倍,1.64倍,6.49%
20260618,3869,東海運,9380,東S,,403,-1,-0.25%,2,13.8倍,0.61倍,2.23%
20260618,3870,クロップス,9428,東S,,"1,262",ー,ー%,2,6.43倍,0.90倍,2.54%
20260618,3871,ＭＨグループ,9439,東S,,246,0,0.00%,2,ー倍,5.76倍,ー%
20260618,3872,昭文社ＨＤ,9475,東S,,480,-4,-0.83%,2,24.0倍,0.61倍,1.04%
20260618,3873,武蔵野,9635,東S,,"2,506",-18,-0.71%,2,87.4倍,0.66倍,ー%
20260618,3874,セゾンテク,9640,東S,,"2,099",+10,+0.48%,2,34.0倍,2.41倍,4.29%
20260618,3875,昴,9778,東S,,"5,460",+30,+0.55%,2,24.3倍,0.89倍,2.20%
20260618,3876,ストライダズ,9816,東S,,246,0,0.00%,2,14.9倍,0.78倍,2.03%
20260618,3877,天満屋ス,9846,東S,,990,+4,+0.41%,2,8.12倍,0.41倍,2.02%
20260618,3878,セキド,9878,東S,,427,+1,+0.23%,2,678倍,33.0倍,ー%
20260618,3879,ワットマン,9927,東S,,963,0,0.00%,2,ー倍,2.32倍,ー%
20260618,3880,大宝運輸,9040,名M,,"4,210",ー,ー%,1,16.5倍,0.46倍,2.38%
20260618,3881,センコン物流,9051,東S,,"1,276",ー,ー%,1,13.1倍,1.04倍,1.18%
20260618,3882,日ロジテム,9060,東S,,"4,205",0,0.00%,1,8.13倍,0.34倍,1.90%
20260618,3883,京極運,9073,東S,,"1,206",-9,-0.74%,1,31.2倍,0.72倍,1.00%
20260618,3884,大和自,9082,東S,,"1,365",+19,+1.41%,1,60.8倍,0.64倍,0.73%
20260618,3885,フォーバルＴ,9445,東S,,525,+2,+0.38%,1,9.77倍,2.23倍,4.76%
20260618,3886,アイドマＭＣ,9466,東S,,221,-1,-0.45%,1,13.8倍,0.86倍,4.52%
20260618,3887,葉ガス,9539,東S,,"1,336",+1,+0.07%,1,14.8倍,0.40倍,1.95%
20260618,3888,中日興,9643,名M,,"11,040",ー,ー%,1,117倍,1.63倍,0.54%
20260618,3889,ホウライ,9679,東S,,"2,331",+11,+0.47%,1,19.5倍,0.98倍,1.03%
20260618,3890,京都ホ,9723,東S,,634,+4,+0.63%,1,21.3倍,3.16倍,0.47%
20260618,3891,テーオーＨＤ,9812,東S,,224,+1,+0.45%,1,7.97倍,6.21倍,ー%
20260618,3892,ジェネックス,9820,東S,,"3,490",0,0.00%,1,8.82倍,0.85倍,1.15%
20260618,3893,ジュンテン,9835,東S,,512,0,0.00%,1,27.7倍,0.33倍,1.95%
20260618,3894,北恵,9872,東S,,881,+1,+0.11%,1,14.6倍,0.58倍,3.18%
20260618,3895,コンセック,9895,東S,,"1,262",+10,+0.80%,1,22.2倍,0.28倍,2.14%
20260618,3896,平和紙業,9929,東S,,466,0,0.00%,1,27.8倍,0.42倍,2.58%
20260618,3897,ハチバン,9950,東S,,"3,415",0,0.00%,1,108倍,2.64倍,0.59%
20260618,3898,アシードＨＤ,9959,東S,,900,0,0.00%,1,11.1倍,1.40倍,2.67%
20260618,3899,パパネッツ,9388,福Ｑ,,"1,341",ー,ー%,1,7.64倍,1.61倍,2.98%
20260618,3900,ＧＸ価格日株,328A,東Ｅ,,"1,380",-7,-0.50%,1,ー倍,ー倍,ー%
20260618,3901,エレコミ,353A,福証,,"1,151",-39,-3.28%,1,15.1倍,4.99倍,ー%
20260618,3902,ｉＦ英１００,363A,東Ｅ,,"2,667",-24,-0.89%,1,ー倍,ー倍,ー%
20260618,3903,ＭＸＳＰ等ウ,383A,東Ｅ,,"2,561",-25,-0.97%,1,ー倍,ー倍,ー%
20260618,3904,ＭＸ高配５０,461A,東Ｅ,,"2,433",+10,+0.41%,1,ー倍,ー倍,ー%
20260618,3905,防衛航空欧州,498A,東EN,,"8,871",+1,+0.01%,1,ー倍,ー倍,ー%
20260618,3906,農中世界株Ｕ,537A,東Ｅ,,"1,127",+5,+0.45%,1,ー倍,ー倍,ー%
20260618,3907,Ｏｎｅ高配グ,541A,東Ｅ,,"1,065.0",+3.0,+0.28%,1,ー倍,ー倍,ー%
20260618,3908,ｉＳ国債〇一,570A,東Ｅ,,900.2,-0.4,-0.04%,1,ー倍,ー倍,ー%
20260618,3909,アールシー,7837,東S,,299,-1,-0.33%,1,2.43倍,0.78倍,ー%
20260618,3910,エステール,7872,東S,,595,-1,-0.17%,1,14.5倍,0.53倍,4.54%
20260618,3911,セブン工業,7896,東S,,489,0,0.00%,1,48.5倍,0.36倍,4.09%
20260618,3912,マツモト,7901,東S,,791,+2,+0.25%,1,18.7倍,0.90倍,ー%
20260618,3913,旭化学,7928,東S,,609,0,0.00%,1,37.0倍,0.33倍,1.64%
20260618,3914,研創,7939,東S,,566,-1,-0.18%,1,9.68倍,0.63倍,4.06%
20260618,3915,ミロク,7983,東S,,"1,042",0,0.00%,1,5.02倍,0.27倍,0.96%
20260618,3916,くろ工,7997,東S,,997,+12,+1.22%,1,41.6倍,0.35倍,4.01%
20260618,3917,トルク,8077,東S,,202,-1,-0.49%,1,8.31倍,0.32倍,2.97%
20260618,3918,三栄コ,8119,東S,,755,+1,+0.13%,1,10.3倍,0.49倍,4.11%
20260618,3919,デンキョーＧ,8144,東S,,"1,337",+10,+0.75%,1,13.6倍,0.31倍,2.99%
20260618,3920,東天紅,8181,東S,,"1,037",-1,-0.10%,1,5.85倍,0.36倍,1.45%
20260618,3921,ヤマナカ,8190,名M,,520,0,0.00%,1,28.3倍,0.55倍,1.92%
20260618,3922,井筒屋,8260,東S,,382,+2,+0.53%,1,8.49倍,0.35倍,1.83%
20260618,3923,丸八証券,8700,東S,,"1,741",+20,+1.16%,1,ー倍,0.85倍,ー%
20260618,3924,日本色材,4920,東S,,"1,120",-26,-2.27%,1,12.2倍,0.54倍,2.68%
20260618,3925,ハーバー研,4925,東S,,"1,706",0,0.00%,1,13.7倍,0.68倍,2.34%
20260618,3926,シーボン,4926,東S,,"1,218",-1,-0.08%,1,25.3倍,0.89倍,1.64%
20260618,3927,朝日ラバー,5162,東S,,776,-8,-1.02%,1,41.0倍,0.69倍,3.09%
20260618,3928,ジャニス,5342,名M,,421,-53,-11.18%,1,156倍,1.73倍,ー%
20260618,3929,新東,5380,東S,,"1,152",-18,-1.54%,1,ー倍,0.25倍,3.26%
20260618,3930,中可鍛,5607,名M,,618,+3,+0.49%,1,6.10倍,0.30倍,3.07%
20260618,3931,ＪＭＣ,5704,東G,,389,-1,-0.26%,1,16.4倍,1.25倍,ー%
20260618,3932,ＮＩＣ,5742,東S,,690,+1,+0.15%,1,28.7倍,1.15倍,ー%
20260618,3933,ダイケン,5900,東S,,841,-9,-1.06%,1,13.2倍,0.34倍,2.97%
20260618,3934,日カン,5905,東S,,"1,336",0,0.00%,1,ー倍,0.47倍,1.50%
20260618,3935,洋シヤタ,5936,東S,,921,+6,+0.66%,1,7.29倍,0.56倍,4.67%
20260618,3936,大谷工業,5939,東S,,"4,995",+35,+0.71%,1,15.0倍,0.88倍,0.60%
20260618,3937,天竜製鋸,5945,東S,,"2,483",+1,+0.04%,1,15.0倍,0.57倍,3.34%
20260618,3938,トーソー,5956,東S,,562,+2,+0.36%,1,8.87倍,0.32倍,2.31%
20260618,3939,ＫＴＣ,5966,東S,,"2,492",0,0.00%,1,12.8倍,0.48倍,3.21%
20260618,3940,カネソウ,5979,名M,,"5,100",0,0.00%,1,10.5倍,0.47倍,3.92%
20260618,3941,兼房,5984,東S,,729,+9,+1.25%,1,11.3倍,0.32倍,3.16%
20260618,3942,協立エアテク,5997,東S,,804,-9,-1.11%,1,8.44倍,0.39倍,2.49%
20260618,3943,日本ＰＣ,6025,名N,,649,+9,+1.41%,1,113倍,3.56倍,ー%
20260618,3944,富士精,6142,名M,,"1,623",+3,+0.19%,1,58.7倍,0.23倍,3.08%
20260618,3945,ヤマザキ,6147,福証,,170,0,0.00%,1,31.4倍,0.72倍,5.88%
20260618,3946,和井田,6158,東S,,970,+13,+1.36%,1,18.0倍,0.60倍,3.92%
20260618,3947,タメニー,6181,東G,,75,+1,+1.35%,1,10.5倍,2.97倍,ー%
20260618,3948,ショクブン,9969,東S,,226,+1,+0.44%,1,"1,738倍",1.48倍,1.11%
20260618,3949,セキチュー,9976,東S,,"1,060",+5,+0.47%,1,16.4倍,0.49倍,2.83%
20260618,3950,インフォネ,4444,東G,,791,-7,-0.88%,1,28.5倍,1.47倍,ー%
20260618,3951,ヤシマキザイ,7677,東S,,"2,612",+7,+0.27%,1,16.3倍,0.73倍,0.96%
20260618,3952,野村米社債Ｈ,2554,東Ｅ,,753.3,-1.7,-0.23%,1,ー倍,ー倍,ー%
20260618,3953,ツクルバ,2978,東G,,353,-3,-0.84%,1,ー倍,3.90倍,ー%
20260618,3954,ジェイック,7073,東G,,"2,170",-20,-0.91%,1,16.1倍,2.09倍,2.53%
20260618,3955,２４７ＨＤ,7074,東G,,170,-2,-1.16%,1,207倍,28.9倍,ー%
20260618,3956,名南Ｍ＆Ａ,7076,名M,,966,+1,+0.10%,1,22.4倍,1.81倍,0.90%
20260618,3957,ＡＬｉＮＫ,7077,東G,,978,0,0.00%,1,39.3倍,1.27倍,ー%
20260618,3958,ウイルテック,7087,東S,,"1,297",-18,-1.37%,1,8.89倍,0.95倍,3.32%
20260618,3959,ミクリード,7687,東G,,416,-7,-1.65%,1,9.21倍,1.70倍,2.19%
20260618,3960,アディッシュ,7093,東G,,496,-3,-0.60%,1,17.8倍,1.97倍,ー%
20260618,3961,エコミック,3802,東S,,476,-1,-0.21%,1,11.6倍,1.20倍,2.73%
20260618,3962,インタファク,4057,東G,,353,0,0.00%,1,26.9倍,1.17倍,ー%
20260618,3963,まぐまぐ,4059,東S,,372,-2,-0.53%,1,74.1倍,1.24倍,ー%
20260618,3964,ビートレンド,4020,東G,,655,-5,-0.76%,1,ー倍,1.98倍,ー%
20260618,3965,オンデック,7360,東G,,585,-15,-2.50%,1,11.7倍,1.75倍,ー%
20260618,3966,ＧＸデジ日株,2626,東Ｅ,,"2,893",+2,+0.07%,1,ー倍,ー倍,ー%
20260618,3967,Ｓイノベ,4178,東G,,522,-13,-2.43%,1,48.9倍,1.20倍,ー%
20260618,3968,Ｂマインド,7343,東G,,"1,184",0,0.00%,1,21.2倍,1.68倍,5.91%
20260618,3969,ＧＸガバ日株,2636,東Ｅ,,"4,980",+74,+1.51%,1,ー倍,ー倍,ー%
20260618,3970,テンダ,4198,東S,,505,-4,-0.79%,1,112倍,1.30倍,4.36%
20260618,3971,ＦＬネット,9241,東G,,"1,220",+20,+1.67%,1,36.5倍,3.72倍,ー%
20260618,3972,ＧＸＬＥ日株,2645,東Ｅ,,"2,766",0,0.00%,1,ー倍,ー倍,ー%
20260618,3973,デジタリフト,9244,東G,,"1,013",-1,-0.10%,1,13.1倍,1.86倍,ー%
20260618,3974,ラバブルＭＧ,9254,東G,,"1,125",-11,-0.97%,1,ー倍,1.92倍,ー%
20260618,3975,ＹＣＰ,9257,東G,,768,0,0.00%,1,ー倍,ー倍,ー%
20260618,3976,ＴＨＥＣＯＯ,4255,東G,,"2,500",-59,-2.31%,1,21.2倍,7.86倍,ー%
20260618,3977,ｉＳジニメＨ,2649,東Ｅ,,588.4,-1.3,-0.22%,1,ー倍,ー倍,ー%
20260618,3978,ＲＩ,9214,東G,,"1,225",-14,-1.13%,1,10.6倍,2.17倍,ー%
20260618,3979,ＣａＳｙ,9215,東G,,861,-5,-0.58%,1,ー倍,5.89倍,ー%
20260618,3980,ＧＸ気候変日,2848,東Ｅ,,"3,132",+57,+1.85%,1,ー倍,ー倍,ー%
20260618,3981,スパバッグ,3945,東S,,"2,136",-3,-0.14%,1,4.47倍,0.57倍,5.15%
20260618,3982,大村紙業,3953,東S,,740,-2,-0.27%,1,9.03倍,0.52倍,4.05%
20260618,3983,キャピタルＡ,3965,東S,,827,-5,-0.60%,1,10.2倍,1.23倍,2.54%
20260618,3984,テモナ,3985,東S,,174,0,0.00%,1,45.4倍,2.63倍,ー%
20260618,3985,ウォンテッド,3991,東G,,923,-14,-1.49%,1,5.70倍,1.73倍,2.17%
20260618,3986,すららネット,3998,東G,,308,-3,-0.96%,1,ー倍,0.88倍,ー%
20260618,3987,スガイ,4120,東S,,"2,516",-5,-0.20%,1,ー倍,0.39倍,3.58%
20260618,3988,応用技術,4356,東S,,"1,562",-11,-0.70%,1,11.4倍,1.43倍,2.56%
20260618,3989,ＺＵＵ,4387,東G,,483,-3,-0.62%,1,229倍,2.23倍,ー%
20260618,3990,エクスＭ,4394,東G,,390,-7,-1.76%,1,17.7倍,1.43倍,3.21%
20260618,3991,ＤＩシステム,4421,東S,,902,0,0.00%,1,10.3倍,1.58倍,3.10%
20260618,3992,Ａｍａｚｉａ,4424,東G,,210,+4,+1.94%,1,ー倍,1.83倍,ー%
20260618,3993,川上塗,4616,東S,,"1,827",+9,+0.50%,1,9.99倍,0.52倍,2.46%
20260618,3994,秀英,4678,東S,,304,+1,+0.33%,1,4.53倍,0.43倍,3.29%
20260618,3995,田谷,4679,東S,,251,0,0.00%,1,187倍,2.34倍,ー%
20260618,3996,クリップ,4705,東S,,774,+2,+0.26%,1,36.2倍,0.59倍,5.17%
20260618,3997,キタック,4707,東S,,325,-3,-0.91%,1,10.7倍,0.49倍,2.15%
20260618,3998,城南進研,4720,東S,,228,-3,-1.30%,1,21.8倍,1.32倍,2.19%
20260618,3999,トーセ,4728,東S,,640,+1,+0.16%,1,6.14倍,0.76倍,3.91%
20260618,4000,昭和システム,4752,東S,,"1,497",+12,+0.81%,1,8.88倍,1.09倍,4.07%
20260618,4001,さくらＫＣＳ,4761,東S,,"1,358",-11,-0.80%,1,12.2倍,0.71倍,4.57%
20260618,4002,アールエイジ,3248,東S,,871,+3,+0.35%,1,12.0倍,0.57倍,4.13%
20260618,4003,ランシステム,3326,東S,,611,+1,+0.16%,1,23.6倍,8.09倍,ー%
20260618,4004,北紡,3409,東S,,95,-1,-1.04%,1,151倍,1.96倍,ー%
20260618,4005,アートＧ,3419,名N,,"1,925",+8,+0.42%,1,752倍,4.15倍,ー%
20260618,4006,アトムリビン,3426,東S,,"1,300",-10,-0.76%,1,19.2倍,0.49倍,2.42%
20260618,4007,マリオン,3494,東S,,325,+1,+0.31%,1,10.6倍,0.54倍,1.97%
20260618,4008,アクサスＨＤ,3536,東S,,131,+1,+0.77%,1,15.9倍,1.82倍,1.53%
20260618,4009,東海染,3577,東S,,929,-6,-0.64%,1,19.6倍,0.37倍,2.69%
20260618,4010,オーベクス,3583,東S,,"1,219",+16,+1.33%,1,ー倍,0.46倍,2.87%
20260618,4011,クラウディア,3607,東S,,366,0,0.00%,1,9.48倍,0.72倍,2.73%
20260618,4012,ボルテージ,3639,東S,,217,-1,-0.46%,1,ー倍,0.65倍,ー%
20260618,4013,駅探,3646,東S,,325,+5,+1.56%,1,ー倍,1.26倍,2.46%
20260618,4014,オークファン,3674,東G,,315,-2,-0.63%,1,166倍,0.82倍,ー%
20260618,4015,エンカレッジ,3682,東S,,582,+2,+0.34%,1,17.4倍,1.09倍,4.64%
20260618,4016,ジョルダン,3710,東S,,608,-6,-0.98%,1,20.7倍,0.64倍,0.99%
20260618,4017,システムズＤ,3766,東S,,"1,293",+3,+0.23%,1,10.7倍,0.92倍,4.64%
20260618,4018,ガイアックス,3775,名N,,412,+3,+0.73%,1,11.7倍,1.62倍,1.21%
20260618,4019,システムディ,3804,東S,,429,-4,-0.92%,1,11.8倍,1.57倍,2.56%
20260618,4020,ＯＫＷＥＢ,3808,名N,,28,0,0.00%,1,ー倍,3.33倍,ー%
20260618,4021,ジーダット,3841,東S,,"1,181",+24,+2.07%,1,21.7倍,1.26倍,3.39%
20260618,4022,コラボス,3908,東S,,305,0,0.00%,1,28.4倍,1.04倍,1.97%
20260618,4023,ショーケース,3909,東S,,193,0,0.00%,1,15.0倍,0.98倍,ー%
20260618,4024,ＳＭＮ,6185,東S,,369,-2,-0.54%,1,10.8倍,1.23倍,ー%
20260618,4025,フェニクスＢ,6190,東G,,371,+1,+0.27%,1,19.9倍,0.98倍,ー%
20260618,4026,エンシュウ,6218,東S,,589,-1,-0.17%,1,14.9倍,0.35倍,2.04%
20260618,4027,高見サイ,6424,東S,,871,-4,-0.46%,1,6.99倍,0.55倍,2.64%
20260618,4028,ハマイ,6497,東S,,"1,346",-13,-0.96%,1,9.22倍,0.52倍,3.34%
20260618,4029,フルテック,6546,東S,,"1,125",-5,-0.44%,1,14.9倍,0.85倍,3.02%
20260618,4030,クックビズ,6558,東G,,648,+15,+2.37%,1,22.6倍,1.77倍,ー%
20260618,4031,みらいＷＫＳ,6563,東G,,477,+2,+0.42%,1,6.94倍,1.63倍,ー%
20260618,4032,ＣＧＳＨＤ,6633,東S,,330,-2,-0.60%,1,14.7倍,0.96倍,3.03%
20260618,4033,森尾電,6647,東S,,"2,595",0,0.00%,1,11.5倍,0.57倍,2.31%
20260618,4034,ユビテック,6662,東S,,219,+2,+0.92%,1,ー倍,2.17倍,ー%
20260618,4035,ズーム,6694,東S,,641,-3,-0.47%,1,13.9倍,0.50倍,4.99%
20260618,4036,ＲＶＨ,6786,東S,,50,0,0.00%,1,ー倍,1.62倍,ー%
20260618,4037,中央製,6846,名M,,"1,380",+30,+2.22%,1,7.90倍,0.42倍,3.99%
20260618,4038,エフビー介護,9220,東S,,"1,220",ー,ー%,1,5.85倍,0.76倍,3.52%
20260618,4039,ＡＳＮＯＶＡ,9223,東G,,390,-4,-1.02%,1,ー倍,1.63倍,0.51%
20260618,4040,ストレジ王,2997,東G,,944,+3,+0.32%,1,13.1倍,1.52倍,ー%
20260618,4041,ｉＳＪＳＲＩ,2851,東Ｅ,,399.8,+5.7,+1.45%,1,ー倍,ー倍,ー%
20260618,4042,ホームポジ,2999,東S,,575,-3,-0.52%,1,22.5倍,0.91倍,1.74%
20260618,4043,ＨＯＵＳＥＩ,5035,東G,,358,-2,-0.56%,1,14.1倍,0.78倍,0.84%
20260618,4044,エアクロ,9557,東G,,154,+1,+0.65%,1,ー倍,4.52倍,ー%
20260618,4045,上場仏債ヘ無,2861,東Ｅ,,"5,875",-35,-0.59%,1,ー倍,ー倍,ー%
20260618,4046,ファインズ,5125,東G,,456,+3,+0.66%,1,25.2倍,0.93倍,ー%
20260618,4047,ＰＯＰＥＲ,5134,東G,,469,-6,-1.26%,1,33.1倍,2.05倍,ー%
20260618,4048,リベース,5138,東G,,392,-2,-0.51%,1,35.0倍,1.50倍,ー%
20260618,4049,コーチエィ,9339,東S,,"1,252",+6,+0.48%,1,23.9倍,0.95倍,1.60%
20260618,4050,フリーダム,8996,東S,,979,+10,+1.03%,1,5.56倍,1.02倍,5.62%
20260618,4051,ｉＦＳＰベ,2238,東Ｅ,,"5,347",+40,+0.75%,1,ー倍,ー倍,ー%
20260618,4052,ノバシステム,5257,東S,,"2,516",-26,-1.02%,1,7.94倍,1.50倍,4.17%
20260618,4053,ｉＳ日株気候,2250,東Ｅ,,374.7,+6.6,+1.79%,1,ー倍,ー倍,ー%
20260618,4054,グロービー,5575,東G,,632,0,0.00%,1,10.7倍,2.85倍,ー%
20260618,4055,プロディ,5580,東G,,"1,451",-14,-0.96%,1,15.2倍,2.61倍,ー%
20260618,4056,ＦＪ,1449,札証,,350,+51,+17.06%,1,15.9倍,2.17倍,0.86%
20260618,4057,ＮＴＬ,3849,札Ａ,,636,-9,-1.40%,1,7.88倍,0.81倍,ー%
20260618,4058,フュージョン,3977,札Ａ,,444,+4,+0.91%,1,25.6倍,1.78倍,ー%
20260618,4059,ＢワンＨＤ,4827,福Ｑ,,807,-23,-2.77%,1,3.52倍,0.50倍,1.61%
20260618,4060,サンケ化,4995,福証,,"1,750",ー,ー%,1,6.94倍,0.46倍,1.71%
20260618,4061,キットア,5039,札Ａ,,995,0,0.00%,1,9.97倍,1.31倍,ー%
20260618,4062,昭和鉄,5953,福証,,"6,000",0,0.00%,1,5.09倍,0.41倍,2.50%
20260618,4063,Ｍｉｓｕｍｉ,7441,福証,,"1,784",0,0.00%,1,11.5倍,0.47倍,2.80%
20260618,4064,豊和銀,8559,福証,,467,+1,+0.21%,1,6.63倍,0.51倍,2.14%
20260618,4065,揚羽,9330,東G,,842,0,0.00%,1,38.9倍,1.28倍,ー%
20260618,4066,笹徳印刷,3958,東S,,555,+3,+0.54%,1,11.6倍,0.32倍,3.24%
20260618,4067,ＲＥＩＴイン,2094,東Ｅ,,811,+3,+0.37%,1,ー倍,ー倍,ー%
20260618,4068,ナイル,5618,東G,,284,-3,-1.05%,1,52.7倍,6.28倍,ー%
20260618,4069,マーソ,5619,東G,,819,0,0.00%,1,ー倍,1.48倍,ー%
20260618,4070,ＪＳＨ,150A,東G,,352,0,0.00%,1,49.9倍,1.03倍,ー%
20260618,4071,学びエイド,184A,東G,,304,-2,-0.65%,1,12.5倍,1.94倍,ー%
20260618,4072,ファベル,220A,東S,,935,-15,-1.58%,1,12.2倍,1.08倍,3.21%
20260618,4073,ＧＸＣＦキン,234A,東Ｅ,,"1,384",-3,-0.22%,1,ー倍,ー倍,ー%
20260618,4074,ｉＳ国債７,236A,東Ｅ,,446.3,-0.3,-0.07%,1,ー倍,ー倍,ー%
20260618,4075,伸和ＨＤ,7118,名N,,"4,040",+30,+0.75%,1,32.5倍,6.91倍,0.94%
20260618,4076,ＳＭＴ厳選投,257A,東Ｅ,,"3,618",+72,+2.03%,1,ー倍,ー倍,ー%
20260618,4077,ＳＭＴ内リ厳,258A,東Ｅ,,"2,062",-5,-0.24%,1,ー倍,ー倍,ー%
20260618,4078,ＩＮＧＳ,245A,東G,,"2,314",+24,+1.05%,1,17.2倍,2.75倍,ー%
20260618,4079,日本オーエー,5241,名M,,719,+11,+1.55%,1,10.8倍,1.38倍,2.09%
20260618,4080,ホーブ,1382,東S,,"1,425",-11,-0.77%,1,60.3倍,1.49倍,3.51%
20260618,4081,ｉＦ４百Ｗベ,1466,東Ｅ,,200,-7,-3.38%,1,ー倍,ー倍,ー%
20260618,4082,野村４百Ｄイ,1472,東Ｅ,,80,-1,-1.23%,1,ー倍,ー倍,ー%
20260618,4083,Ｏｎｅ４００,1474,東Ｅ,,"37,740",+570,+1.53%,1,ー倍,ー倍,ー%
20260618,4084,上場米債ヘ無,1486,東Ｅ,,"24,770",+5,+0.02%,1,ー倍,ー倍,ー%
20260618,4085,Ｏｎｅ中小型,1493,東Ｅ,,"25,870",+220,+0.86%,1,ー倍,ー倍,ー%
20260618,4086,上場アジリト,1495,東Ｅ,,"11,515",-135,-1.16%,1,ー倍,ー倍,ー%
20260618,4087,ＯｎｅＥＳＧ,1498,東Ｅ,,"33,430",+470,+1.43%,1,ー倍,ー倍,ー%
20260618,4088,野村マレシア,1560,東Ｅ,,"6,733",+19,+0.28%,1,ー倍,ー倍,ー%
20260618,4089,ｉＦ４百,1599,東Ｅ,,"37,900",+550,+1.47%,1,ー倍,ー倍,ー%
20260618,4090,ｉＦＥＳＧセ,1653,東Ｅ,,"5,278",+98,+1.89%,1,ー倍,ー倍,ー%
20260618,4091,ＷＴニッケル,1694,東Ｅ,,"2,459.0",+9.0,+0.37%,1,ー倍,ー倍,ー%
20260618,4092,ＷＴ大豆,1697,東Ｅ,,"4,391",+65,+1.50%,1,ー倍,ー倍,ー%
20260618,4093,太洋基礎,1758,東S,,"2,490",+8,+0.32%,1,10.5倍,0.52倍,2.61%
20260618,4094,ＹＴＬ,1773,東P,,82,+1,+1.23%,1,ー倍,ー倍,ー%
20260618,4095,金下建,1897,東S,,"3,100",+20,+0.65%,1,32.6倍,0.33倍,1.61%
20260618,4096,アセアン５０,2043,東EN,,"28,060",+165,+0.59%,1,ー倍,ー倍,ー%
20260618,4097,中広,2139,東S,,492,+1,+0.20%,1,11.2倍,1.54倍,2.85%
20260618,4098,ソーバル,2186,東S,,898,0,0.00%,1,16.8倍,1.56倍,3.67%
20260618,4099,滝沢ハム,2293,東S,,"2,670",-49,-1.80%,1,68.5倍,1.64倍,0.75%
20260618,4100,きょくとう,2300,東S,,493,-5,-1.00%,1,21.6倍,1.13倍,2.23%
20260618,4101,鉄人化ＨＤ,2404,東S,,585,+3,+0.52%,1,19.1倍,8.31倍,ー%
20260618,4102,シダー,2435,東S,,208,+1,+0.48%,1,8.98倍,1.19倍,3.85%
20260618,4103,マルサンアイ,2551,名M,,"3,540",0,0.00%,1,9.71倍,1.07倍,0.85%
20260618,4104,上場リートＭ,2552,東Ｅ,,"1,896",+1,+0.05%,1,ー倍,ー倍,ー%
20260618,4105,アスモ,2654,東S,,394,0,0.00%,1,13.5倍,0.76倍,2.54%
20260618,4106,タビオ,2668,東S,,"1,261",0,0.00%,1,18.7倍,1.59倍,2.38%
20260618,4107,ＣＶＳベイ,2687,東S,,472,0,0.00%,1,9.51倍,0.75倍,4.24%
20260618,4108,ダイショー,2816,東S,,"1,403",0,0.00%,1,32.3倍,1.34倍,1.43%
20260618,4109,シノブフズ,2903,東S,,"1,545",+15,+0.98%,1,9.75倍,1.10倍,2.20%
20260618,4110,旭松食品,2911,東S,,"2,229",-1,-0.04%,1,27.0倍,0.48倍,1.57%
20260618,4111,大森屋,2917,東S,,911,+2,+0.22%,1,23.1倍,0.39倍,ー%
20260618,4112,ハイパー,3054,東S,,230,-10,-4.17%,1,21.8倍,0.72倍,3.04%
20260618,4113,三洋堂ＨＤ,3058,東S,,692,+5,+0.73%,1,33.6倍,1.66倍,0.14%
20260618,4114,オーウイル,3143,東S,,661,+7,+1.07%,1,8.52倍,1.01倍,3.33%
20260618,4115,パルステック,6894,東S,,"2,141",+2,+0.09%,1,9.76倍,0.73倍,4.20%
20260618,4116,リード,6982,東S,,589,-1,-0.17%,1,25.4倍,0.60倍,2.04%
20260618,4117,アンファク,7035,東S,,229,+3,+1.33%,1,ー倍,3.21倍,ー%
20260618,4118,アルー,7043,東G,,887,-2,-0.22%,1,9.17倍,1.74倍,1.24%
20260618,4119,ＴＤＳＥ,7046,東G,,"1,281",+1,+0.08%,1,31.5倍,1.13倍,0.78%
20260618,4120,エヌシーエヌ,7057,東S,,875,+9,+1.04%,1,10.6倍,1.23倍,3.77%
20260618,4121,フレアス,7062,東G,,728,-5,-0.68%,1,5.75倍,0.87倍,1.45%
20260618,4122,ハウテレ,7064,東S,,839,-5,-0.59%,1,84.4倍,1.51倍,ー%
20260618,4123,テイン,7217,東S,,406,-2,-0.49%,1,11.5倍,0.59倍,4.43%
20260618,4124,デイトナ,7228,東S,,"3,610",+25,+0.70%,1,7.26倍,0.94倍,4.16%
20260618,4125,ユニバンス,7254,東S,,716,-22,-2.98%,1,7.47倍,0.51倍,2.79%
20260618,4126,ＭＵＲＯ,7264,東S,,"1,272",-8,-0.63%,1,6.34倍,0.34倍,3.69%
20260618,4127,ナンシン,7399,東S,,587,-6,-1.01%,1,15.0倍,0.31倍,3.41%
20260618,4128,西川計測,7500,東S,,"9,820",+10,+0.10%,1,11.1倍,1.37倍,3.56%
20260618,4129,アイエーＧ,7509,東S,,"4,550",+60,+1.34%,1,4.84倍,0.40倍,3.52%
20260618,4130,マルシェ,7524,東S,,181,-2,-1.09%,1,30.3倍,2.59倍,ー%
20260618,4131,清和中央ＨＤ,7531,東S,,"1,269",ー,ー%,1,13.9倍,0.31倍,1.73%
20260618,4132,大田花き,7555,東S,,770,ー,ー%,1,28.4倍,0.75倍,1.56%
20260618,4133,万世電機,7565,東S,,"6,130",+30,+0.49%,1,ー倍,0.76倍,ー%
20260618,4134,Ｇダイニング,7625,東S,,466,-2,-0.43%,1,7.05倍,0.83倍,1.07%
20260618,4135,星医療,7634,東S,,"4,925",+75,+1.55%,1,11.0倍,0.77倍,1.83%
20260618,4136,トップカルチ,7640,東S,,170,-1,-0.58%,1,ー倍,-3.9倍,ー%
20260618,4137,ダイイチ,7643,東S,,"1,692",+5,+0.30%,1,15.8倍,1.07倍,2.36%
20260618,4138,ＰＬＡＮＴ,7646,東S,,"1,787",+9,+0.51%,1,11.2倍,0.79倍,5.32%
20260618,4139,シンシア,7782,東S,,462,-6,-1.28%,1,12.4倍,1.10倍,3.90%
20260618,4140,プリントＮ,7805,東S,,732,-7,-0.95%,1,9.50倍,0.81倍,1.78%
20260618,4141,幸和製,7807,東S,,812,+8,+1.00%,1,6.94倍,0.99倍,1.60%
