日付,順位,銘柄名,コード,市場,状態,株価,前日差,騰落率,売買代金,PER,PBR,配当利回り
20260813,1,キオクシア,285A,東P,,"51,800","+1,930",+3.87%,"2,392,917",ー倍,11.5倍,ー%
20260813,2,フジクラ,5803,東P,,"5,760",-40,-0.69%,"404,496",29.3倍,15.7倍,0.66%
20260813,3,太陽誘電,6976,東P,,"10,935",+670,+6.53%,"350,795",49.1倍,3.87倍,0.82%
20260813,4,村田製,6981,東P,,"8,311",+773,+10.25%,"326,695",44.8倍,5.48倍,0.84%
20260813,5,アドテスト,6857,東P,,"35,940","+1,390",+4.02%,"292,237",39.3倍,24.9倍,ー%
20260813,6,イビデン,4062,東P,,"21,560","+1,080",+5.27%,"238,103",72.1倍,10.6倍,0.16%
20260813,7,日経レバ,1570,東Ｅ,,"74,190","+1,540",+2.12%,"204,421",ー倍,ー倍,ー%
20260813,8,東エレク,8035,東P,,"59,470","+1,240",+2.13%,"198,201",ー倍,12.7倍,ー%
20260813,9,古河電,5801,東P,,"4,111",-111,-2.63%,"160,941",27.5倍,6.62倍,0.54%
20260813,10,ＳＢＧ,9984,東P,,"5,575",+55,+1.00%,"150,303",ー倍,1.72倍,0.20%
20260813,11,三菱ＵＦＪ,8306,東P,,"3,709.0",+103.0,+2.86%,"149,312",15.5倍,1.84倍,2.59%
20260813,12,レーザーテク,6920,東P,,"40,490","+1,510",+3.87%,"122,713",40.3倍,14.7倍,0.87%
20260813,13,ディスコ,6146,東P,,"65,830","+2,870",+4.56%,"107,323",ー倍,12.3倍,ー%
20260813,14,三菱重,7011,東P,,"4,256",+162,+3.96%,"99,148",37.6倍,4.51倍,0.68%
20260813,15,任天堂,7974,東P,,"8,325",-163,-1.92%,"91,601",31.0倍,3.29倍,1.95%
20260813,16,コクサイエレ,6525,東P,,"9,015",+358,+4.14%,"86,959",37.9倍,9.35倍,0.72%
20260813,17,みずほＦＧ,8411,東P,,"8,775",+273,+3.21%,"86,848",15.2倍,1.85倍,1.71%
20260813,18,三井住友ＦＧ,8316,東P,,"6,969",+112,+1.63%,"84,130",15.5倍,1.64倍,2.58%
20260813,19,リクルート,6098,東P,,"16,790",+130,+0.78%,"83,181",30.8倍,13.1倍,0.15%
20260813,20,ＪＸ金属,5016,東P,,"3,861",-39,-1.00%,"75,424",24.5倍,5.37倍,0.52%
20260813,21,ファストリ,9983,東P,,"77,350",-700,-0.90%,"72,281",47.5倍,8.70倍,0.83%
20260813,22,レゾナック,4004,東P,,"17,000",-410,-2.35%,"67,229",28.7倍,4.09倍,0.38%
20260813,23,三井金属,5706,東P,,"29,500",+500,+1.72%,"65,357",21.1倍,4.00倍,0.95%
20260813,24,トヨタ,7203,東P,,"2,985.0",-14.5,-0.48%,"65,089",10.9倍,0.95倍,3.35%
20260813,25,住友電,5802,東P,,"2,334.5",+64.5,+2.84%,"62,796",21.4倍,2.57倍,1.67%
20260813,26,ファナック,6954,東P,,"6,505",-215,-3.20%,"60,346",30.7倍,3.21倍,ー%
20260813,27,ＳＵＭＣＯ,3436,東P,,"3,846.0",+199.0,+5.46%,"57,943",ー倍,2.37倍,ー%
20260813,28,ソニーＧ,6758,東P,,"3,700",-62,-1.65%,"55,442",17.9倍,2.59倍,0.95%
20260813,29,日立,6501,東P,,"5,702",+33,+0.58%,"53,811",28.3倍,3.87倍,ー%
20260813,30,東京海上,8766,東P,,"7,622",-129,-1.66%,"51,714",17.3倍,1.76倍,3.21%
20260813,31,三越伊勢丹,3099,東P,,"3,695.0",+18.0,+0.49%,"51,343",20.4倍,2.15倍,2.17%
20260813,32,ＩＨＩ,7013,東P,,"2,975.0",+78.5,+2.71%,"49,371",18.3倍,4.53倍,0.77%
20260813,33,日本マイクロ,6871,東P,,"14,460",+510,+3.66%,"48,449",24.4倍,6.14倍,1.23%
20260813,34,キーエンス,6861,東P,,"86,630",-570,-0.65%,"48,432",ー倍,5.92倍,0.63%
20260813,35,サンリオ,8136,東P,,"1,227.0",+36.0,+3.02%,"48,237",23.3倍,9.12倍,1.30%
20260813,36,ルネサス,6723,東P,,"3,754",-52,-1.37%,"42,922",ー倍,2.41倍,ー%
20260813,37,スクリン,7735,東P,,"14,135",+390,+2.84%,"42,008",23.3倍,5.38倍,1.29%
20260813,38,住友鉱,5713,東P,,"9,823",+139,+1.44%,"40,606",12.2倍,1.24倍,2.11%
20260813,39,ユニチカ,3103,東S,,"1,350",+248,+22.50%,"39,337",16.4倍,2.32倍,ー%
20260813,40,ダイキン,6367,東P,,"21,365",-205,-0.95%,"38,811",21.4倍,1.99倍,1.68%
20260813,41,ＮＴＴ,9432,東P,,160.5,+2.1,+1.33%,"38,297",13.3倍,1.32倍,3.36%
20260813,42,ＴＯＰＰＡＮ,7911,東P,,"5,448",+530,+10.78%,"37,471",27.7倍,1.10倍,1.06%
20260813,43,ＳＭＣ,6273,東P,,"77,330",-990,-1.26%,"35,025",28.5倍,2.25倍,1.29%
20260813,44,パナＨＤ,6752,東P,,"4,679",+105,+2.30%,"33,199",24.3倍,2.02倍,1.15%
20260813,45,川重,7012,東P,,"2,818.0",+43.0,+1.55%,"32,778",21.4倍,2.78倍,1.42%
20260813,46,ＴＤＫ,6762,東P,,"3,235.0",+121.0,+3.89%,"31,241",27.3倍,2.67倍,1.24%
20260813,47,信越化,4063,東P,,"6,378",-32,-0.50%,"31,123",22.1倍,2.54倍,1.82%
20260813,48,日本製鉄,5401,東P,,677.7,-13.2,-1.91%,"29,500",12.2倍,0.63倍,3.54%
20260813,49,三菱電,6503,東P,,"6,020",+128,+2.17%,"29,118",24.9倍,2.70倍,1.00%
20260813,50,三菱商,8058,東P,,"4,832",-24,-0.49%,"28,084",16.1倍,1.84倍,2.59%
20260813,51,りそなＨＤ,8308,東P,,"2,446.5",+102.5,+4.37%,"27,020",16.6倍,1.82倍,1.51%
20260813,52,日経Ｄインバ,1357,東Ｅ,,"2,584",-59,-2.23%,"26,902",ー倍,ー倍,ー%
20260813,53,富士フイルム,4901,東P,,"3,277.0",+79.0,+2.47%,"26,358",14.0倍,1.01倍,2.29%
20260813,54,ＫＤＤＩ,9433,東P,,"2,830.0",-3.0,-0.11%,"25,665",14.7倍,2.10倍,2.97%
20260813,55,ゆうちょ銀,7182,東P,,"3,223.0",+81.0,+2.58%,"25,577",17.4倍,1.24倍,2.89%
20260813,56,楽天グループ,4755,東P,,761.4,+16.4,+2.20%,"24,506",ー倍,1.81倍,ー%
20260813,57,安川電,6506,東P,,"5,480",+26,+0.48%,"24,335",30.2倍,2.93倍,1.31%
20260813,58,日東紡,3110,東P,,"3,235",+185,+6.07%,"24,267",29.4倍,3.32倍,0.87%
20260813,59,デンソー,6902,東P,,"1,901.5",-39.0,-2.01%,"23,902",12.5倍,0.93倍,3.89%
20260813,60,ブリヂストン,5108,東P,,"4,129",-100,-2.36%,"22,957",15.0倍,1.35倍,3.03%
20260813,61,ＤＭＧ森精機,6141,東P,,"3,280.0",-381.0,-10.41%,"22,886",29.9倍,1.31倍,3.20%
20260813,62,味の素,2802,東P,,"5,636",+180,+3.30%,"22,743",43.5倍,6.94倍,0.89%
20260813,63,伊藤忠,8001,東P,,"2,078.0",-18.0,-0.86%,"21,830",15.3倍,2.15倍,2.12%
20260813,64,バンナムＨＤ,7832,東P,,"5,252",-110,-2.05%,"21,739",25.9倍,3.80倍,ー%
20260813,65,ＨＯＹＡ,7741,東P,,"26,560",+550,+2.11%,"21,634",ー倍,8.75倍,ー%
20260813,66,ソシオネクス,6526,東P,,"1,991.5",+28.0,+1.43%,"21,522",34.9倍,2.72倍,2.51%
20260813,67,三井物,8031,東P,,"4,894",-6,-0.12%,"21,327",15.1倍,1.54倍,2.86%
20260813,68,ＮＥＣ,6701,東P,,"4,917",+4,+0.08%,"21,325",ー倍,2.92倍,0.81%
20260813,69,ホンダ,7267,東P,,"1,647.5",-17.0,-1.02%,"20,589",16.0倍,0.52倍,4.25%
20260813,70,アシックス,7936,東P,,"4,766",-30,-0.63%,"20,550",30.7倍,10.7倍,0.80%
20260813,71,オリックス,8591,東P,,"6,372",+21,+0.33%,"20,501",13.1倍,1.47倍,2.94%
20260813,72,ＳＢ,9434,東P,,233.4,+4.1,+1.79%,"20,168",20.3倍,4.24倍,3.77%
20260813,73,富士通,6702,東P,,"3,750",+49,+1.32%,"19,846",20.9倍,3.19倍,1.47%
20260813,74,丸紅,8002,東P,,"4,972",-44,-0.88%,"19,387",13.9倍,1.81倍,2.31%
20260813,75,ＪＦＥ,5411,東P,,"1,797.5",-25.0,-1.37%,"19,167",7.62倍,0.43倍,4.45%
20260813,76,ＪＴ,2914,東P,,"7,068",+42,+0.60%,"18,983",19.5倍,2.86倍,3.85%
20260813,77,野村日経平均,1321,東Ｅ,,"70,730",+790,+1.13%,"18,902",ー倍,ー倍,ー%
20260813,78,豊田通商,8015,東P,,"7,198",-6,-0.08%,"18,655",15.7倍,2.61倍,1.74%
20260813,79,三井住友トラ,8309,東P,,"1,753.0",+48.0,+2.82%,"18,470",12.7倍,1.32倍,2.71%
20260813,80,花王,4452,東P,,"3,557.0",-132.0,-3.58%,"18,303",23.8倍,2.87倍,2.19%
20260813,81,荏原,6361,東P,,"5,906",+183,+3.20%,"18,090",27.0倍,5.19倍,1.12%
20260813,82,ＩＮＰＥＸ,1605,東P,,"3,700",-17,-0.46%,"17,614",8.43倍,0.84倍,3.03%
20260813,83,中外薬,4519,東P,,"7,175",-9,-0.13%,"16,979",ー倍,5.82倍,1.84%
20260813,84,オムロン,6645,東P,,"7,002",+152,+2.22%,"16,956",34.0倍,1.65倍,1.57%
20260813,85,サイバー,4751,東P,,"1,255.0",+7.5,+0.60%,"16,769",15.5倍,3.10倍,1.59%
20260813,86,コマツ,6301,東P,,"7,362",+13,+0.18%,"16,664",18.7倍,1.86倍,2.58%
20260813,87,東電ＨＤ,9501,東P,,520.9,+4.3,+0.83%,"16,649",ー倍,0.35倍,ー%
20260813,88,京セラ,6971,東P,,"3,905",+115,+3.03%,"16,616",31.4倍,1.51倍,1.43%
20260813,89,ＭＳ＆ＡＤ,8725,東P,,"4,845",-10,-0.21%,"16,431",16.3倍,1.08倍,3.51%
20260813,90,武田,4502,東P,,"5,559",-3,-0.05%,"16,427",53.5倍,1.17倍,3.67%
20260813,91,商船三井,9104,東P,,"6,279",+113,+1.83%,"16,174",8.99倍,0.72倍,3.26%
20260813,92,ＯＬＣ,4661,東P,,"3,001.0",+18.0,+0.60%,"15,904",43.2倍,4.36倍,0.53%
20260813,93,住友商,8053,東P,,"1,779.5",-2.0,-0.11%,"15,422",13.4倍,1.78倍,2.25%
20260813,94,テルモ,4543,東P,,"2,620.5",+22.0,+0.85%,"15,391",20.0倍,2.33倍,1.37%
20260813,95,東応化,4186,東P,,"9,688",+352,+3.77%,"15,006",27.3倍,4.69倍,0.83%
20260813,96,鹿島,1812,東P,,"4,868",0,0.00%,"14,637",13.1倍,1.63倍,3.00%
20260813,97,ＳＯＭＰＯ,8630,東P,,"7,029",+45,+0.64%,"14,617",12.8倍,1.21倍,2.85%
20260813,98,郵船,9101,東P,,"6,211",+83,+1.35%,"14,345",10.4倍,0.80倍,3.86%
20260813,99,ローム,6963,東P,,"4,886",+93,+1.94%,"14,224",65.0倍,2.44倍,1.02%
20260813,100,アサヒ,2502,東P,,"1,683.5",+4.5,+0.27%,"13,964",12.7倍,0.82倍,3.39%
20260813,101,精工技研,6834,東S,,"24,780","+1,080",+4.56%,"13,700",24.1倍,6.22倍,0.61%
20260813,102,大塚ＨＤ,4578,東P,,"12,435",+185,+1.51%,"13,678",18.4倍,2.02倍,1.61%
20260813,103,ＴＯＷＡ,6315,東P,,"2,495",-46,-1.81%,"13,624",26.7倍,2.48倍,0.96%
20260813,104,ヤマハ発,7272,東P,,"1,900.0",0,0.00%,"13,556",10.9倍,1.47倍,2.63%
20260813,105,第一ライフ,8750,東P,,"1,884.0",+7.0,+0.37%,"13,404",13.2倍,1.48倍,3.82%
20260813,106,セブン＆アイ,3382,東P,,"2,048.5",-12.0,-0.58%,"13,394",15.6倍,1.18倍,2.93%
20260813,107,ローツェ,6323,東P,,"4,253",+153,+3.73%,"13,359",26.5倍,5.40倍,0.47%
20260813,108,ニトリＨＤ,9843,東P,,"2,972.5",+31.0,+1.05%,"13,246",18.5倍,1.67倍,1.08%
20260813,109,キヤノン,7751,東P,,"4,575",+11,+0.24%,"12,923",11.4倍,1.11倍,3.50%
20260813,110,ダイフク,6383,東P,,"6,322",+132,+2.13%,"12,798",27.2倍,4.69倍,1.42%
20260813,111,中部電,9502,東P,,"2,821.0",+92.0,+3.37%,"12,741",13.3倍,0.67倍,2.48%
20260813,112,野村日半導,200A,東Ｅ,,"4,566",+118,+2.65%,"12,607",ー倍,ー倍,ー%
20260813,113,川崎汽,9107,東P,,"2,903.5",+32.5,+1.13%,"12,566",12.9倍,1.00倍,4.13%
20260813,114,東洋エンジ,6330,東P,,"2,500",+230,+10.13%,"12,425",24.4倍,3.77倍,1.00%
20260813,115,野村,8604,東P,,"1,581.5",+15.5,+0.99%,"12,381",ー倍,1.21倍,ー%
20260813,116,資生堂,4911,東P,,"3,526.0",+47.0,+1.35%,"12,293",33.6倍,2.21倍,1.70%
20260813,117,三菱マ,5711,東P,,"5,310",+20,+0.38%,"12,242",4.96倍,0.90倍,2.18%
20260813,118,菱地所,8802,東P,,"3,701.0",+17.0,+0.46%,"12,197",18.9倍,1.63倍,1.32%
20260813,119,ＳＵＢＡＲＵ,7270,東P,,"2,557.5",-25.0,-0.97%,"12,087",13.9倍,0.65倍,4.54%
20260813,120,第一三共,4568,東P,,"2,770.0",-35.0,-1.25%,"11,874",20.1倍,2.96倍,3.61%
20260813,121,三井不,8801,東P,,"1,457.5",+6.0,+0.41%,"11,818",13.8倍,1.21倍,2.54%
20260813,122,イオン,8267,東P,,"1,396.0",+2.5,+0.18%,"11,738",52.9倍,3.20倍,1.07%
20260813,123,Ｆ＆ＬＣ,3563,東P,,"5,789",+19,+0.33%,"11,691",41.8倍,10.6倍,0.35%
20260813,124,野村総研,4307,東P,,"4,977",-5,-0.10%,"11,651",23.4倍,7.46倍,1.69%
20260813,125,スズキ,7269,東P,,"2,000.5",-5.5,-0.27%,"11,637",9.19倍,1.09倍,2.55%
20260813,126,楽天Ｗブル,1458,東Ｅ,,"88,700","+1,930",+2.22%,"11,529",ー倍,ー倍,ー%
20260813,127,ＡＲＣＨＩＯ,543A,東P,,272,+1,+0.37%,"11,440",2.32倍,0.74倍,2.94%
20260813,128,オリンパス,7733,東P,,"2,067.5",-8.0,-0.39%,"11,038",21.5倍,2.94倍,1.45%
20260813,129,ＮＧＫ,5333,東P,,"6,006",+243,+4.22%,"11,020",20.6倍,2.09倍,1.76%
20260813,130,ホトニクス,6965,東P,,"2,547.5",+97.5,+3.98%,"10,966",42.0倍,2.31倍,1.49%
20260813,131,アステラス,4503,東P,,"2,327.5",-28.5,-1.21%,"10,934",13.9倍,2.15倍,3.44%
20260813,132,カプコン,9697,東P,,"4,028",-119,-2.87%,"10,903",29.1倍,5.88倍,1.14%
20260813,133,コナミＧ,9766,東P,,"21,235",-425,-1.96%,"10,877",28.5倍,4.96倍,1.05%
20260813,134,富士電機,6504,東P,,"14,970",+480,+3.31%,"10,838",19.6倍,2.76倍,ー%
20260813,135,日東電,6988,東P,,"3,551.0",-24.0,-0.67%,"10,728",16.5倍,2.05倍,1.80%
20260813,136,日経ブル２,1579,東Ｅ,,801.6,+16.7,+2.13%,"10,595",ー倍,ー倍,ー%
20260813,137,日産自,7201,東P,,330.5,-5.6,-1.67%,"10,429",57.8倍,0.24倍,ー%
20260813,138,西武ＨＤ,9024,東P,,"3,242.0",-170.0,-4.98%,"10,396",30.5倍,1.44倍,1.30%
20260813,139,キリンＨＤ,2503,東P,,"3,041.0",-27.0,-0.88%,"10,333",15.1倍,1.77倍,2.50%
20260813,140,旭化成,3407,東P,,"1,724.0",-10.0,-0.58%,"10,248",14.4倍,1.09倍,2.55%
20260813,141,良品計画,7453,東P,,"4,480",-15,-0.33%,"10,150",35.5倍,5.99倍,0.71%
20260813,142,ラインヤフー,4689,東P,,499.5,-0.2,-0.04%,"9,821",ー倍,1.14倍,2.20%
20260813,143,ＣＫＤ,6407,東P,,"6,310",+140,+2.27%,"9,790",22.2倍,2.63倍,1.77%
20260813,144,ＴＨＫ,6481,東P,,"7,443",+199,+2.75%,"9,752",15.2倍,3.02倍,2.62%
20260813,145,リガクＨＤ,268A,東P,,"2,174",+88,+4.22%,"9,749",39.4倍,5.52倍,0.87%
20260813,146,エムスリー,2413,東P,,"1,615.0",-16.5,-1.01%,"9,724",20.3倍,2.65倍,ー%
20260813,147,すかいらーく,3197,東P,,"3,255.0",+55.0,+1.72%,"9,648",36.1倍,3.80倍,0.83%
20260813,148,ＮＸＨＤ,9147,東P,,"5,592",-76,-1.34%,"9,616",19.0倍,1.59倍,1.79%
20260813,149,塩野義,4507,東P,,"2,819.0",-2.0,-0.07%,"9,448",11.4倍,1.35倍,2.70%
20260813,150,メイコー,6787,東P,,"18,790",+820,+4.56%,"9,229",18.1倍,3.74倍,0.85%
20260813,151,日立建機,6305,東P,,"5,580",-104,-1.83%,"9,153",14.1倍,1.29倍,3.41%
20260813,152,クボタ,6326,東P,,"2,750.0",+46.0,+1.70%,"9,007",10.7倍,1.11倍,1.89%
20260813,153,堀場製,6856,東P,,"24,910",+235,+0.95%,"8,917",20.9倍,2.87倍,3.17%
20260813,154,住友不,8830,東P,,"3,412.0",+6.0,+0.18%,"8,831",14.1倍,1.23倍,1.52%
20260813,155,オンコリス,4588,東G,Ｓ,"3,370",+500,+17.42%,"8,787",ー倍,30.4倍,ー%
20260813,156,セコム,9735,東P,,"6,506",-43,-0.66%,"8,759",24.5倍,1.99倍,1.84%
20260813,157,ハーモニック,6324,東P,,"6,750",+350,+5.47%,"8,753",107倍,7.85倍,0.30%
20260813,158,ＪＡＬ,9201,東P,,"3,029.0",-7.0,-0.23%,"8,752",11.8倍,0.90倍,3.17%
20260813,159,日本郵政,6178,東P,,"2,379.0",+17.0,+0.72%,"8,740",17.1倍,0.65倍,2.52%
20260813,160,フェローテク,6890,東S,,"9,230",+290,+3.24%,"8,722",ー倍,1.92倍,2.89%
20260813,161,東京精,7729,東P,,"18,690",+230,+1.25%,"8,464",24.6倍,3.99倍,1.63%
20260813,162,ＪＲ東海,9022,東P,,"3,833",+12,+0.31%,"8,382",8.14倍,0.70倍,0.83%
20260813,163,芝浦,6590,東P,,"4,380",+40,+0.92%,"8,375",24.2倍,5.36倍,1.46%
20260813,164,ＪＲ西日本,9021,東P,,"2,869.5",+8.5,+0.30%,"8,270",13.1倍,1.07倍,3.40%
20260813,165,東レ,3402,東P,,"1,355.0",-4.5,-0.33%,"8,259",21.9倍,1.09倍,1.92%
20260813,166,日経ベア２,1360,東Ｅ,,63.6,-1.3,-2.00%,"8,235",ー倍,ー倍,ー%
20260813,167,菱ガス化,4182,東P,,"4,085",+35,+0.86%,"8,216",14.5倍,1.20倍,2.69%
20260813,168,ミネベア,6479,東P,,"3,801",+48,+1.28%,"8,088",17.6倍,1.65倍,1.58%
20260813,169,ＪＲ東日本,9020,東P,,"3,470.0",+16.0,+0.46%,"8,052",15.4倍,1.28倍,2.42%
20260813,170,ＡＩメカ,6227,東S,,"6,280",-190,-2.94%,"8,013",23.8倍,8.15倍,0.35%
20260813,171,テラドローン,278A,東G,,"12,300",-460,-3.61%,"7,964",ー倍,27.0倍,ー%
20260813,172,千葉銀,8331,東P,,"2,842.0",+95.0,+3.46%,"7,883",18.4倍,1.53倍,2.25%
20260813,173,パンパシＨＤ,7532,東P,,926.3,-3.7,-0.40%,"7,870",26.1倍,4.08倍,0.92%
20260813,174,ＭＡＲＵＷＡ,5344,東P,,"62,170","+1,500",+2.47%,"7,862",ー倍,5.07倍,0.18%
20260813,175,ＥＮＥＯＳ,5020,東P,,"1,282.5",+1.0,+0.08%,"7,781",8.21倍,0.91倍,2.65%
20260813,176,楽天銀,5838,東P,,"5,916",+226,+3.97%,"7,680",11.7倍,2.63倍,ー%
20260813,177,ベイカレント,6532,東P,,"7,359",-20,-0.27%,"7,660",22.5倍,9.84倍,1.77%
20260813,178,ＳＢＩ,8473,東P,,"3,103.0",+37.0,+1.21%,"7,650",ー倍,1.08倍,ー%
20260813,179,大和ハウス,1925,東P,,"4,607",-3,-0.07%,"7,621",10.7倍,0.98倍,3.86%
20260813,180,大成建,1801,東P,,"12,900",+65,+0.51%,"7,614",13.9倍,2.25倍,2.95%
20260813,181,浜ゴム,5101,東P,,"7,626",-67,-0.87%,"7,509",10.3倍,1.07倍,2.92%
20260813,182,スクエニＨＤ,9684,東P,,"2,868.0",-106.0,-3.56%,"7,396",33.4倍,2.92倍,1.50%
20260813,183,三井Ｅ＆Ｓ,7003,東P,,"4,281",+18,+0.42%,"7,334",13.9倍,1.93倍,1.40%
20260813,184,ＳＢＩ新生銀,8303,東P,,"1,613.0",+33.5,+2.12%,"7,319",ー倍,1.17倍,ー%
20260813,185,京都ＦＧ,5844,東P,,"5,000",+241,+5.06%,"7,311",27.0倍,1.02倍,2.10%
20260813,186,ＤＩＣ,4631,東P,,"5,675",+44,+0.78%,"7,293",11.2倍,1.05倍,2.64%
20260813,187,カバー,5253,東G,,"1,526",-104,-6.38%,"7,153",19.9倍,5.60倍,ー%
20260813,188,メック,4971,東P,,"7,860",+170,+2.21%,"7,133",23.9倍,3.97倍,1.40%
20260813,189,大和,8601,東P,,"1,818.0",+11.5,+0.64%,"7,127",ー倍,1.41倍,2.42%
20260813,190,関西電,9503,東P,,"2,399.5",+27.5,+1.16%,"7,058",8.62倍,0.75倍,3.33%
20260813,191,ネクソン,3659,東P,,"2,521.5",-5.0,-0.20%,"6,983",ー倍,1.82倍,18.8%
20260813,192,ＱＤレーザ,6613,東G,,"1,746",+11,+0.63%,"6,908",166倍,15.0倍,ー%
20260813,193,ユニチャーム,8113,東P,,988.9,-14.1,-1.41%,"6,860",24.3倍,2.10倍,2.22%
20260813,194,シスメックス,6869,東P,,"1,888.5",-47.5,-2.45%,"6,842",30.7倍,2.34倍,2.12%
20260813,195,トレンド,4704,東P,,"6,851",-115,-1.65%,"6,824",29.0倍,7.69倍,ー%
20260813,196,Ｔ＆Ｄ,8795,東P,,"4,927",+14,+0.28%,"6,822",17.4倍,1.40倍,3.33%
20260813,197,ＳＷＣＣ,5805,東P,,"13,930",+350,+2.58%,"6,801",17.9倍,4.08倍,2.23%
20260813,198,大東建,1878,東P,,"3,224.0",-28.0,-0.86%,"6,652",9.74倍,2.12倍,5.06%
20260813,199,しずおかＦＧ,5831,東P,,"3,480.0",+78.0,+2.29%,"6,642",15.9倍,1.43倍,3.10%
20260813,200,ＡＧＣ,5201,東P,,"5,968",+68,+1.15%,"6,569",16.5倍,0.83倍,3.52%
20260813,201,ＰｏｗｅｒＸ,485A,東G,,"1,865",-17,-0.90%,"6,555",171倍,33.1倍,ー%
20260813,202,キッコマン,2801,東P,,"1,779.0",+10.5,+0.59%,"6,462",26.9倍,2.87倍,1.41%
20260813,203,ソニーＦＧ,8729,東P,,153.8,-0.6,-0.39%,"6,436",44.8倍,1.18倍,5.20%
20260813,204,オービック,4684,東P,,"4,610",-15,-0.32%,"6,401",24.2倍,4.03倍,2.04%
20260813,205,ブラザー,6448,東P,,"4,701",+17,+0.36%,"6,310",15.0倍,1.44倍,2.13%
20260813,206,クレセゾン,8253,東P,,"4,844",+116,+2.45%,"6,287",9.22倍,0.90倍,3.30%
20260813,207,横浜ＦＧ,7186,東P,,"1,927.0",+52.5,+2.80%,"6,262",16.6倍,1.47倍,2.44%
20260813,208,積水ハウス,1928,東P,,"3,426.0",+4.0,+0.12%,"6,251",10.2倍,1.03倍,4.23%
20260813,209,純金信託,1540,東Ｅ,,"20,935",-115,-0.55%,"6,240",ー倍,ー倍,ー%
20260813,210,清水建,1803,東P,,"2,423.5",+41.5,+1.74%,"6,210",9.94倍,1.62倍,3.18%
20260813,211,大林組,1802,東P,,"3,039.0",+12.0,+0.40%,"6,205",13.3倍,1.68倍,3.09%
20260813,212,アスタリスク,6522,東G,,"1,901",+107,+5.96%,"6,183",235倍,8.06倍,ー%
20260813,213,ＦＵＪＩ,6134,東P,,"8,232",+125,+1.54%,"6,168",16.5倍,2.98倍,2.31%
20260813,214,横河電,6841,東P,,"5,570",+97,+1.77%,"6,159",23.8倍,2.75倍,1.65%
20260813,215,マツダ,7261,東P,,"1,147.0",-18.5,-1.59%,"6,120",8.04倍,0.38倍,4.80%
20260813,216,大日印,7912,東P,,"3,302.0",+58.0,+1.79%,"6,066",14.9倍,1.15倍,1.24%
20260813,217,ＡＮＡＨＤ,9202,東P,,"3,088.0",+10.0,+0.32%,"6,023",14.2倍,1.11倍,1.94%
20260813,218,メルカリ,4385,東P,,"4,740",+7,+0.15%,"5,958",ー倍,5.71倍,ー%
20260813,219,大塚商会,4768,東P,,"3,461.0",+41.0,+1.20%,"5,928",20.2倍,3.17倍,3.03%
20260813,220,電通グループ,4324,東P,,"3,717",-83,-2.18%,"5,830",13.8倍,2.31倍,ー%
20260813,221,ニデック,6594,東P,,"2,778",+44,+1.61%,"5,812",ー倍,1.81倍,ー%
20260813,222,エプソン,6724,東P,,"3,157.0",+28.0,+0.89%,"5,802",14.7倍,1.17倍,2.53%
20260813,223,三菱ケミＧ,4188,東P,,"1,227.0",-19.5,-1.56%,"5,766",13.1倍,0.92倍,2.61%
20260813,224,セイコーＧ,8050,東P,,"11,190",-50,-0.44%,"5,755",32.7倍,4.81倍,0.94%
20260813,225,カシオ,6952,東P,,"2,488.5",+123.5,+5.22%,"5,704",23.2倍,2.32倍,ー%
20260813,226,東急,9005,東P,,"1,637.5",-5.5,-0.33%,"5,666",10.2倍,0.98倍,1.95%
20260813,227,住友化,4005,東P,,529.0,+3.1,+0.59%,"5,648",12.6倍,0.80倍,3.02%
20260813,228,日産化,4021,東P,,"8,043",+120,+1.51%,"5,646",20.8倍,4.27倍,2.64%
20260813,229,特殊陶,5334,東P,,"9,703",+70,+0.73%,"5,618",18.0倍,2.23倍,2.16%
20260813,230,エーザイ,4523,東P,,"4,872",-116,-2.33%,"5,617",26.3倍,1.52倍,3.28%
20260813,231,データセク,3905,東G,,"1,877",+18,+0.97%,"5,543",6.87倍,3.23倍,ー%
20260813,232,ゼンショＨＤ,7550,東P,,"11,260",-80,-0.71%,"5,526",34.3倍,6.40倍,0.71%
20260813,233,電子材料,6855,東S,,"6,940",+250,+3.74%,"5,519",15.2倍,2.19倍,1.44%
20260813,234,日本取引所,8697,東P,,"2,289.0",+37.0,+1.64%,"5,516",23.7倍,7.26倍,3.36%
20260813,235,栗田工,6370,東P,,"8,532",0,0.00%,"5,490",18.1倍,2.74倍,1.57%
20260813,236,ＴＯＴＯ,5332,東P,,"6,677",+121,+1.85%,"5,486",23.9倍,2.05倍,1.80%
20260813,237,いすゞ,7202,東P,,"2,234.5",-39.5,-1.74%,"5,460",9.60倍,1.02倍,4.21%
20260813,238,モノタロウ,3064,東P,,"1,862.5",-30.0,-1.59%,"5,447",25.3倍,7.58倍,1.99%
20260813,239,ヒロセ電,6806,東P,,"27,715",+695,+2.57%,"5,445",25.9倍,2.39倍,1.88%
20260813,240,シチズン,7762,東P,,"2,671",+76,+2.93%,"5,411",23.7倍,2.22倍,1.87%
20260813,241,光通信,9435,東P,,"40,430",+580,+1.46%,"5,408",14.8倍,1.42倍,1.98%
20260813,242,ふくおかＦＧ,8354,東P,,"7,704",+183,+2.43%,"5,405",14.6倍,1.29倍,2.73%
20260813,243,トクヤマ,4043,東P,,"4,215",+175,+4.33%,"5,378",11.7倍,1.06倍,3.13%
20260813,244,インフロニア,5076,東P,,"2,744.0",+54.0,+2.01%,"5,340",8.32倍,1.37倍,4.81%
20260813,245,さくらネット,3778,東P,,"3,685",+245,+7.12%,"5,320",98.4倍,4.80倍,0.15%
20260813,246,エクサＷｉｚ,4259,東G,Ｓ,692,-150,-17.81%,"5,297",ー倍,6.56倍,0.72%
20260813,247,住友林,1911,東P,,"1,337.0",-8.0,-0.59%,"5,262",13.7倍,0.75倍,3.74%
20260813,248,双日,2768,東P,,"5,606",+12,+0.21%,"5,252",8.97倍,1.02倍,3.21%
20260813,249,北川精機,6327,東S,,"3,640",+90,+2.54%,"5,252",48.7倍,5.26倍,0.55%
20260813,250,三井海洋,6269,東P,,"10,215",+317,+3.20%,"5,206",12.1倍,2.61倍,1.96%
20260813,251,マクドナルド,2702,東S,,"7,910",+20,+0.25%,"5,177",30.1倍,3.59倍,0.81%
20260813,252,日本ペＨＤ,4612,東P,,"1,248.0",-21.5,-1.69%,"5,157",15.3倍,1.45倍,1.36%
20260813,253,ＵＢＥ,4208,東P,,"3,607.0",-43.0,-1.18%,"5,136",14.3倍,0.80倍,4.44%
20260813,254,アマダ,6113,東P,,"2,770.0",+30.5,+1.11%,"5,075",25.1倍,1.60倍,2.31%
20260813,255,共立メンテ,9616,東P,,"3,250.0",-108.0,-3.22%,"5,069",16.4倍,2.01倍,1.42%
20260813,256,ＴＯＹＯ,5105,東P,,"3,794",+30,+0.80%,"5,046",7.54倍,0.85倍,3.56%
20260813,257,アイシン,7259,東P,,"2,234.0",0,0.00%,"5,026",10.5倍,0.74倍,3.36%
20260813,258,シマノ,7309,東P,,"20,025",-295,-1.45%,"5,010",39.4倍,1.94倍,1.81%
20260813,259,三菱ＨＣキャ,8593,東P,,"1,418.5",+9.0,+0.64%,"4,996",12.7倍,1.01倍,3.60%
20260813,260,日製鋼,5631,東P,,"7,974",+228,+2.94%,"4,991",30.9倍,2.75倍,1.15%
20260813,261,東洋水,2875,東P,,"10,480",-30,-0.29%,"4,970",15.4倍,1.88倍,2.10%
20260813,262,東ガス,9531,東P,,"6,009",-24,-0.40%,"4,921",14.4倍,1.14倍,2.00%
20260813,263,出光興産,5019,東P,,"1,283.0",-14.0,-1.08%,"4,898",20.5倍,0.93倍,2.81%
20260813,264,八十二長野,8359,東P,,"2,680.5",+76.5,+2.94%,"4,883",16.7倍,1.01倍,2.42%
20260813,265,霞ヶ関Ｃ,3498,東P,,"8,110",+190,+2.40%,"4,870",12.1倍,2.67倍,2.03%
20260813,266,住友ゴ,5110,東P,,"2,377.0",-44.5,-1.84%,"4,833",11.4倍,0.83倍,3.53%
20260813,267,ユニオンツル,6278,東P,,"16,700",+120,+0.72%,"4,820",26.5倍,2.72倍,0.90%
20260813,268,神戸物産,3038,東P,,"2,794.0",-9.5,-0.34%,"4,805",21.0倍,3.69倍,1.15%
20260813,269,ラウンドワン,4680,東P,,"1,308.5",+39.0,+3.07%,"4,798",18.8倍,4.01倍,1.38%
20260813,270,ニチレイ,2871,東P,,"2,159.5",-12.5,-0.58%,"4,794",ー倍,1.88倍,3.09%
20260813,271,サイゼリヤ,7581,東P,,"7,590",-60,-0.78%,"4,733",31.6倍,2.85倍,0.46%
20260813,272,アンリツ,6754,東P,,"3,690.0",+100.0,+2.79%,"4,634",31.5倍,3.54倍,1.36%
20260813,273,アストロＨＤ,186A,東G,,"1,284",-12,-0.93%,"4,620",ー倍,23.8倍,ー%
20260813,274,かんぽ生命,7181,東P,,"1,676.5",+26.5,+1.61%,"4,614",12.9倍,0.39倍,2.98%
20260813,275,関電工,1942,東P,,"5,504",+82,+1.51%,"4,613",16.9倍,2.84倍,2.36%
20260813,276,野村東証指数,1306,東Ｅ,,435.4,+3.5,+0.81%,"4,612",ー倍,ー倍,ー%
20260813,277,あおぞら銀,8304,東P,,"3,395.0",+97.0,+2.94%,"4,556",17.4倍,0.94倍,2.95%
20260813,278,ＧＯ,581A,東G,,"3,475",-130,-3.61%,"4,554",25.3倍,11.4倍,ー%
20260813,279,東宝,9602,東P,,"1,475.0",-18.0,-1.21%,"4,548",29.9倍,2.45倍,1.49%
20260813,280,サンコール,5985,東S,,"2,029",+35,+1.76%,"4,546",9.76倍,1.74倍,1.72%
20260813,281,大ガス,9532,東P,,"5,477",-76,-1.37%,"4,461",14.3倍,1.14倍,2.37%
20260813,282,オンコセラピ,4564,東G,,20,0,0.00%,"4,452",ー倍,3.58倍,ー%
20260813,283,日電子,6951,東P,,"9,002",+507,+5.97%,"4,445",20.6倍,3.03倍,1.47%
20260813,284,名村造,7014,東S,,"4,420",+35,+0.80%,"4,421",14.0倍,2.23倍,1.36%
20260813,285,ラサ工,4022,東P,,"2,171",-64,-2.86%,"4,399",19.7倍,2.63倍,1.66%
20260813,286,いよぎんＨＤ,5830,東P,,"3,979",+149,+3.89%,"4,346",14.8倍,1.24倍,2.01%
20260813,287,住友重,6302,東P,,"5,991",-3,-0.05%,"4,346",20.3倍,1.01倍,2.42%
20260813,288,ＧＸ半導日株,2644,東Ｅ,,"4,231",+115,+2.79%,"4,331",ー倍,ー倍,ー%
20260813,289,ナブテスコ,6268,東P,,"4,974",-28,-0.56%,"4,323",24.2倍,2.05倍,1.65%
20260813,290,日電波,6779,東P,,"3,165",+305,+10.66%,"4,323",22.7倍,2.21倍,0.95%
20260813,291,高島屋,8233,東P,,"2,326.0",+52.5,+2.31%,"4,273",17.9倍,1.50倍,1.72%
20260813,292,明電舎,6508,東P,,"11,880",+480,+4.21%,"4,272",21.6倍,3.04倍,ー%
20260813,293,明治ＨＤ,2269,東P,,"4,192",+5,+0.12%,"4,250",18.2倍,1.47倍,2.62%
20260813,294,ｓａｎｔｅｃ,6777,東S,,"20,150",+700,+3.60%,"4,246",26.9倍,8.22倍,1.14%
20260813,295,きんでん,1944,東P,,"6,920",+98,+1.44%,"4,149",16.3倍,2.63倍,3.47%
20260813,296,フルヤ金属,7826,東P,,"8,590",-110,-1.26%,"4,103",11.9倍,2.70倍,2.10%
20260813,297,トーメンデバ,2737,東P,,"30,700",-500,-1.60%,"4,096",6.96倍,2.96倍,5.34%
20260813,298,四国化ＨＤ,4099,東P,,"3,025",+132,+4.56%,"4,091",20.8倍,2.56倍,1.32%
20260813,299,めぶきＦＧ,7167,東P,,"1,637.0",+43.5,+2.73%,"4,086",14.6倍,1.38倍,2.69%
20260813,300,高砂熱,1969,東P,,"4,270",+135,+3.26%,"4,075",14.0倍,2.70倍,2.88%
20260813,301,アルバック,6728,東P,,"9,404",+245,+2.67%,"4,070",25.0倍,2.01倍,1.62%
20260813,302,フィナＨＤ,4419,東G,,"1,269",-381,-23.09%,"4,042",28.4倍,5.94倍,ー%
20260813,303,島津,7701,東P,,"4,266",+39,+0.92%,"4,019",20.9倍,2.14倍,1.64%
20260813,304,サントリＢＦ,2587,東P,,"4,586",-53,-1.14%,"4,000",15.9倍,1.05倍,2.62%
20260813,305,野村マイクロ,6254,東P,,"3,895",-90,-2.26%,"3,967",13.5倍,3.97倍,2.18%
20260813,306,ＤＯＷＡ,5714,東P,,"9,571",+72,+0.76%,"3,957",9.93倍,1.23倍,3.53%
20260813,307,マキタ,6586,東P,,"5,446",+11,+0.20%,"3,936",17.3倍,1.39倍,ー%
20260813,308,サッポロ,2501,東P,,"2,006.0",-28.0,-1.38%,"3,922",2.64倍,1.53倍,1.99%
20260813,309,五洋建,1893,東P,,"1,427.0",+8.0,+0.56%,"3,854",11.0倍,2.01倍,3.64%
20260813,310,積水化,4204,東P,,"2,676.0",-9.0,-0.34%,"3,803",14.2倍,1.27倍,3.03%
20260813,311,純銀信託,1542,東Ｅ,,"30,170",-520,-1.69%,"3,713",ー倍,ー倍,ー%
20260813,312,渋谷工,6340,東P,Ｓ,"5,110",+700,+15.87%,"3,674",12.9倍,1.19倍,2.35%
20260813,313,日ハム,2282,東P,,"6,225",+39,+0.63%,"3,656",15.2倍,1.08倍,2.89%
20260813,314,三井化学,4183,東P,,"2,236.5",+6.5,+0.29%,"3,646",18.0倍,0.93倍,3.35%
20260813,315,住友ファーマ,4506,東P,,"1,362.5",+12.5,+0.93%,"3,645",7.94倍,1.50倍,ー%
20260813,316,ＡＲＥＨＤ,5857,東P,,"3,720",+60,+1.64%,"3,643",11.0倍,1.42倍,3.63%
20260813,317,野村東証銀行,1615,東Ｅ,,772.2,+20.6,+2.74%,"3,628",ー倍,ー倍,ー%
20260813,318,小野薬,4528,東P,,"2,417.5",+1.5,+0.06%,"3,586",16.0倍,1.31倍,3.31%
20260813,319,マツキヨココ,3088,東P,,"2,494.0",-21.5,-0.85%,"3,584",16.6倍,1.83倍,2.25%
20260813,320,ヒューリック,3003,東P,,"1,755.0",+7.5,+0.43%,"3,570",11.0倍,1.41倍,3.82%
20260813,321,スカＪＳＡＴ,9412,東P,,"2,376",-14,-0.59%,"3,567",25.0倍,2.20倍,2.02%
20260813,322,ミスミＧ,9962,東P,,"3,739.0",+52.0,+1.41%,"3,566",21.9倍,2.56倍,1.59%
20260813,323,トライアル,141A,東G,,"3,330",-90,-2.63%,"3,564",38.2倍,3.12倍,0.51%
20260813,324,デクセリ,4980,東P,,"3,188.0",+68.0,+2.18%,"3,542",19.4倍,4.79倍,2.01%
20260813,325,扶桑化学,4368,東P,,"3,500",+115,+3.40%,"3,525",19.3倍,3.01倍,0.80%
20260813,326,群馬銀,8334,東P,,"2,740.5",+76.5,+2.87%,"3,493",16.0倍,1.64倍,2.55%
20260813,327,住友ベ,4203,東P,,"7,879",+99,+1.27%,"3,483",24.3倍,1.92倍,1.52%
20260813,328,ほくほくＦＧ,8377,東P,,"8,458",+337,+4.15%,"3,466",16.3倍,1.34倍,1.77%
20260813,329,神戸鋼,5406,東P,,"1,980.0",-21.0,-1.05%,"3,463",7.82倍,0.62倍,4.04%
20260813,330,ツルハＨＤ,3391,東P,,"2,390.5",-31.5,-1.30%,"3,453",26.1倍,1.24倍,2.01%
20260813,331,ＬＩＸＩＬ,5938,東P,,"1,782.5",-17.5,-0.97%,"3,423",42.7倍,0.78倍,5.05%
20260813,332,ランド,8918,東S,,10,0,0.00%,"3,375",11.4倍,1.62倍,ー%
20260813,333,スルガ銀,8358,東P,,"2,880",+77,+2.75%,"3,352",15.2倍,1.47倍,2.08%
20260813,334,日触媒,4114,東P,,"2,648.5",-10.0,-0.38%,"3,325",19.1倍,0.97倍,5.29%
20260813,335,日電硝,5214,東P,,"5,075",+51,+1.02%,"3,294",24.9倍,0.75倍,3.15%
20260813,336,ニコン,7731,東P,,"2,034.0",+1.5,+0.07%,"3,292",67.0倍,1.13倍,0.98%
20260813,337,ＳＨＩＦＴ,3697,東P,,888.8,-27.4,-2.99%,"3,269",ー倍,5.97倍,0.46%
20260813,338,大同特鋼,5471,東P,,"2,387.5",+56.0,+2.40%,"3,251",17.4倍,0.99倍,2.18%
20260813,339,ロート,4527,東P,,"2,841.0",-9.0,-0.32%,"3,239",18.2倍,2.08倍,1.76%
20260813,340,ＧＳユアサ,6674,東P,,"5,612",+92,+1.67%,"3,236",14.3倍,1.43倍,1.75%
20260813,341,セガサミー,6460,東P,,"2,653.5",-108.5,-3.93%,"3,230",16.6倍,1.52倍,2.07%
20260813,342,ツガミ,6101,東P,,"6,230",+10,+0.16%,"3,225",17.1倍,3.33倍,1.57%
20260813,343,オルガノ,6368,東P,,"14,475",+195,+1.37%,"3,213",22.2倍,4.69倍,1.52%
20260813,344,阪急阪神,9042,東P,,"4,644",+19,+0.41%,"3,196",13.6倍,0.97倍,2.15%
20260813,345,ピジョン,7956,東P,,"2,103.5",+21.5,+1.03%,"3,194",27.5倍,2.94倍,3.61%
20260813,346,一工薬,4461,東P,,"15,510",+560,+3.75%,"3,191",21.4倍,2.99倍,0.97%
20260813,347,朝日インテク,7747,東P,,"3,912",-2,-0.05%,"3,170",34.0倍,6.24倍,1.18%
20260813,348,ヤマハ,7951,東P,,"1,377.0",-20.0,-1.43%,"3,159",19.5倍,1.23倍,1.89%
20260813,349,野村不ＨＤ,3231,東P,,925.4,+6.1,+0.66%,"3,151",9.22倍,0.99倍,4.75%
20260813,350,関電化,4047,東P,,"2,659",+25,+0.95%,"3,149",20.1倍,2.00倍,1.35%
20260813,351,ビジョナル,4194,東P,,"9,050",-178,-1.93%,"3,136",22.8倍,4.49倍,ー%
20260813,352,パーソルＨＤ,2181,東P,,282.8,-1.2,-0.42%,"3,112",14.2倍,2.85倍,4.60%
20260813,353,オープンＨ,3288,東P,,"8,228",-50,-0.60%,"3,098",7.64倍,1.54倍,2.49%
20260813,354,ヤマトＨＤ,9064,東P,,"1,949.5",+12.5,+0.65%,"3,091",38.6倍,1.10倍,2.36%
20260813,355,クラレ,3405,東P,,"1,876.0",-27.5,-1.44%,"3,073",14.1倍,0.75倍,3.41%
20260813,356,七十七,8341,東P,,"3,834",+96,+2.57%,"3,064",13.9倍,1.13倍,2.71%
20260813,357,ジェイエイシ,2124,東P,,"1,017",+58,+6.05%,"3,059",18.8倍,7.41倍,3.74%
20260813,358,武蔵精密,7220,東P,,"3,610",+130,+3.74%,"3,055",36.4倍,1.89倍,1.11%
20260813,359,デンカ,4061,東P,,"3,586.0",-10.0,-0.28%,"3,049",19.3倍,1.00倍,2.79%
20260813,360,リゾートトラ,4681,東P,,"1,860.0",-45.5,-2.39%,"3,045",18.8倍,2.43倍,1.94%
20260813,361,東急不ＨＤ,3289,東P,,"1,326.5",+15.5,+1.18%,"3,037",9.46倍,1.04倍,3.77%
20260813,362,ディーエヌエ,2432,東P,,"2,467.0",-45.0,-1.79%,"2,976",ー倍,1.04倍,ー%
20260813,363,ジーエヌアイ,2160,東G,,"2,897",-3,-0.10%,"2,976",ー倍,3.81倍,ー%
20260813,364,エアロエッジ,7409,東G,,"1,531",-81,-5.02%,"2,966",39.5倍,7.92倍,ー%
20260813,365,コカＢＪＨ,2579,東P,,"3,997",+62,+1.58%,"2,944",28.7倍,1.77倍,1.80%
20260813,366,リコー,7752,東P,,"1,651.0",+12.0,+0.73%,"2,925",15.0倍,0.79倍,2.67%
20260813,367,ＦＩＧ,4392,東P,,900,+22,+2.51%,"2,921",46.5倍,2.80倍,1.11%
20260813,368,弁護士ＣＯＭ,6027,東P,Ｓ,"3,150",+500,+18.87%,"2,892",35.9倍,9.80倍,ー%
20260813,369,メタプラ,3350,東S,,223,+2,+0.90%,"2,884",ー倍,0.84倍,ー%
20260813,370,上場日経平均,1330,東Ｅ,,"70,870",+830,+1.19%,"2,876",ー倍,ー倍,ー%
20260813,371,協和キリン,4151,東P,,"2,612.5",+20.5,+0.79%,"2,864",18.2倍,1.49倍,2.68%
20260813,372,テクセンド,429A,東P,,"3,850",-20,-0.52%,"2,843",16.1倍,2.16倍,1.82%
20260813,373,近鉄ＧＨＤ,9041,東P,,"3,539.0",-28.0,-0.78%,"2,840",14.3倍,1.08倍,1.98%
20260813,374,アルプスアル,6770,東P,,"2,208.0",+20.0,+0.91%,"2,830",14.4倍,0.97倍,2.90%
20260813,375,王子ＨＤ,3861,東P,,871.3,-2.2,-0.25%,"2,800",21.1倍,0.68倍,4.13%
20260813,376,九州電,9508,東P,,"1,858.5",+38.5,+2.12%,"2,795",7.07倍,0.89倍,2.69%
20260813,377,牧野フ,6135,東P,,"14,680",+160,+1.10%,"2,750",15.5倍,1.28倍,2.32%
20260813,378,森永乳,2264,東P,,"1,192.5",-19.5,-1.61%,"2,739",18.3倍,1.39倍,2.10%
20260813,379,オークマ,6103,東P,,"5,420",+10,+0.18%,"2,735",15.8倍,1.25倍,2.21%
20260813,380,ビプロジー,8056,東P,,"4,490",-26,-0.58%,"2,722",13.5倍,2.45倍,3.12%
20260813,381,日ケミコン,6997,東P,,"3,080",+124,+4.19%,"2,712",21.1倍,1.73倍,0.81%
20260813,382,東北電,9506,東P,,"1,238.5",+15.5,+1.27%,"2,708",ー倍,0.54倍,3.23%
20260813,383,山一電機,6941,東P,,"8,500",+260,+3.16%,"2,706",15.2倍,3.20倍,1.98%
20260813,384,ｉＦ日経年１,1320,東Ｅ,,"70,460",+760,+1.09%,"2,693",ー倍,ー倍,ー%
20260813,385,ライオン,4912,東P,,"1,889.5",0,0.00%,"2,686",20.9倍,1.57倍,1.80%
20260813,386,日本酸素ＨＤ,4091,東P,,"6,149",+13,+0.21%,"2,680",20.3倍,2.10倍,1.07%
20260813,387,ダイヘン,6622,東P,,"13,980",+400,+2.95%,"2,645",20.0倍,2.11倍,1.50%
20260813,388,Ｊフロント,3086,東P,,"2,974.5",-2.0,-0.07%,"2,641",25.1倍,1.77倍,1.88%
20260813,389,ＯＫＩ,6703,東P,,"2,960",+161,+5.75%,"2,635",14.3倍,1.49倍,2.20%
20260813,390,カネカ,4118,東P,,"6,107",+8,+0.13%,"2,634",11.6倍,0.73倍,3.44%
20260813,391,コニカミノル,4902,東P,,663.5,-6.9,-1.03%,"2,613",11.5倍,0.60倍,2.71%
20260813,392,石油資源,1662,東P,,"1,790",-25,-1.38%,"2,600",7.05倍,0.77倍,2.51%
20260813,393,日揮ＨＤ,1963,東P,,"2,291.0",+12.0,+0.53%,"2,598",12.1倍,1.30倍,2.27%
20260813,394,山口ＦＧ,8418,東P,,"3,197.0",+154.0,+5.06%,"2,595",14.3倍,0.94倍,3.00%
20260813,395,ニチコン,6996,東P,,"3,035",+122,+4.19%,"2,578",30.4倍,1.63倍,1.29%
20260813,396,東ソー,4042,東P,,"2,755.5",+19.0,+0.69%,"2,574",14.4倍,1.01倍,3.63%
20260813,397,三菱自,7211,東P,,342.2,-4.5,-1.30%,"2,565",18.3倍,0.50倍,2.92%
20260813,398,上場東証指数,1308,東Ｅ,,"4,298",+38,+0.89%,"2,562",ー倍,ー倍,ー%
20260813,399,タツモ,6266,東P,,"3,910",+270,+7.42%,"2,558",22.7倍,2.15倍,0.87%
20260813,400,ＺＯＺＯ,3092,東P,,"1,137.5",-18.0,-1.56%,"2,553",20.1倍,10.1倍,3.52%
20260813,401,阿波銀,8388,東P,,"9,390",+430,+4.80%,"2,551",20.7倍,0.88倍,2.02%
20260813,402,ヤクルト,2267,東P,,"2,884.5",+2.0,+0.07%,"2,530",17.8倍,1.38倍,2.50%
20260813,403,関西ペ,4613,東P,,"2,958.5",-22.0,-0.74%,"2,520",18.6倍,1.75倍,3.92%
20260813,404,テラプローブ,6627,東S,,"12,000",+230,+1.95%,"2,505",ー倍,2.69倍,ー%
20260813,405,ＴＩＳＩ,3626,東P,,"3,764",-16,-0.42%,"2,497",13.9倍,2.70倍,2.39%
20260813,406,児玉化,4222,東S,,692,+71,+11.43%,"2,495",7.70倍,0.37倍,1.45%
20260813,407,三和ＨＤ,5929,東P,,"3,676.0",-7.0,-0.19%,"2,495",12.8倍,2.26倍,3.97%
20260813,408,太平洋セメ,5233,東P,,"4,255",+64,+1.53%,"2,494",7.36倍,0.69倍,2.82%
20260813,409,滋賀銀,8366,東P,,"2,691",+130,+5.08%,"2,487",21.7倍,0.96倍,1.86%
20260813,410,Ｓｙｎｓ,290A,東G,,"1,447",+3,+0.21%,"2,473",73.3倍,5.36倍,ー%
20260813,411,九州ＦＧ,7180,東P,,"1,547.5",+52.5,+3.51%,"2,468",14.5倍,0.83倍,2.46%
20260813,412,ＴＢＳＨＤ,9401,東P,,"5,823",-80,-1.36%,"2,441",18.4倍,0.56倍,1.72%
20260813,413,ＴＰＸブル,1568,東Ｅ,,"1,044.0",+17.0,+1.66%,"2,438",ー倍,ー倍,ー%
20260813,414,東海カーボン,5301,東P,,"1,812.5",-6.0,-0.33%,"2,423",16.7倍,1.14倍,2.21%
20260813,415,山パン,2212,東P,,"3,497.0",-52.0,-1.47%,"2,415",16.2倍,1.46倍,1.72%
20260813,416,ポート,7047,東G,,"2,200",-485,-18.06%,"2,401",8.72倍,2.63倍,0.59%
20260813,417,コムシスＨＤ,1721,東P,,"5,306",0,0.00%,"2,389",16.1倍,1.54倍,2.54%
20260813,418,西日本ＦＨ,7189,東P,,"4,781",+141,+3.04%,"2,388",13.9倍,1.04倍,2.93%
20260813,419,ヤマダＨＤ,9831,東P,,691.2,+1.5,+0.22%,"2,382",16.5倍,0.73倍,2.46%
20260813,420,百五銀,8368,東P,,"2,278",+128,+5.95%,"2,370",19.0倍,1.05倍,1.84%
20260813,421,ソレイジア,4597,東G,,31,+1,+3.33%,"2,364",ー倍,5.83倍,ー%
20260813,422,フリー,4478,東G,,"2,844",+32,+1.14%,"2,358",ー倍,8.01倍,ー%
20260813,423,シンデンハイ,3131,東S,,"6,480",+320,+5.19%,"2,357",6.11倍,1.55倍,3.63%
20260813,424,ヨネックス,7906,東S,,"2,824",+4,+0.14%,"2,355",17.0倍,2.83倍,0.99%
20260813,425,小田急,9007,東P,,"1,707.5",+10.0,+0.59%,"2,349",15.2倍,1.14倍,3.51%
20260813,426,ＹＥデジタル,2354,東S,,"1,368",-53,-3.73%,"2,325",15.4倍,3.23倍,2.19%
20260813,427,ホシザキ,6465,東P,,"5,715",+22,+0.39%,"2,321",21.0倍,2.01倍,2.01%
20260813,428,ＰＡコンサル,4071,東P,,"2,113",-269,-11.29%,"2,292",17.2倍,5.20倍,2.37%
20260813,429,不二製油,2607,東P,,"4,531",+92,+2.07%,"2,290",20.0倍,1.57倍,1.37%
20260813,430,ｉＳ日経,1329,東Ｅ,,"7,080",+80,+1.14%,"2,289",ー倍,ー倍,ー%
20260813,431,丸井Ｇ,8252,東P,,"2,977.0",-10.5,-0.35%,"2,286",18.1倍,2.26倍,4.50%
20260813,432,ＪＩＮＳＨＤ,3046,東P,,"6,510",-40,-0.61%,"2,285",17.6倍,4.26倍,1.77%
20260813,433,ペプドリ,4587,東P,,"1,046.0",+39.0,+3.87%,"2,285",44.8倍,2.77倍,ー%
20260813,434,アズビル,6845,東P,,"1,572.5",+21.5,+1.39%,"2,279",22.3倍,3.37倍,3.18%
20260813,435,北洋銀,8524,東P,,"1,305",+63,+5.07%,"2,271",16.6倍,1.24倍,2.45%
20260813,436,ＱＰＳＨＤ,464A,東G,,"1,779",-16,-0.89%,"2,261",52.4倍,3.14倍,ー%
20260813,437,長谷工,1808,東P,,"2,783.0",+14.0,+0.51%,"2,249",11.2倍,1.29倍,3.59%
20260813,438,ＧＭＯ－ＰＧ,3769,東P,,"10,185",+10,+0.10%,"2,243",33.1倍,6.60倍,1.67%
20260813,439,ＵＴ,2146,東P,,218,-10,-4.39%,"2,241",20.3倍,4.95倍,4.69%
20260813,440,日清食ＨＤ,2897,東P,,"2,945.0",+0.5,+0.02%,"2,234",18.1倍,1.61倍,2.38%
20260813,441,池田泉州ＨＤ,8714,東P,,"1,099",+60,+5.77%,"2,217",16.0倍,1.22倍,2.50%
20260813,442,東京計器,7721,東P,,"7,450",+150,+2.05%,"2,202",22.7倍,2.71倍,0.64%
20260813,443,マクニカＨＤ,3132,東P,,"3,723.0",+47.0,+1.28%,"2,200",20.8倍,2.32倍,2.15%
20260813,444,ダイダン,1980,東P,,"2,707",+79,+3.01%,"2,195",12.8倍,2.69倍,3.14%
20260813,445,日清粉Ｇ,2002,東P,,"2,017.0",+5.5,+0.27%,"2,195",13.8倍,1.09倍,3.22%
20260813,446,熊谷組,1861,東P,,"1,291",+3,+0.23%,"2,190",10.8倍,1.19倍,3.87%
20260813,447,マブチ,6592,東P,,"1,697.0",+13.0,+0.77%,"2,188",18.8倍,1.19倍,3.30%
20260813,448,ネクセラ,4565,東P,,"1,087",+85,+8.48%,"2,187",ー倍,1.53倍,ー%
20260813,449,トムソン,6480,東P,,"1,890",+64,+3.50%,"2,186",13.9倍,1.51倍,1.69%
20260813,450,セーレン,3569,東P,,"3,560",+115,+3.34%,"2,179",13.3倍,1.26倍,2.13%
20260813,451,筑波銀,8338,東P,,724,+55,+8.22%,"2,169",9.02倍,0.84倍,0.69%
20260813,452,タイミー,215A,東G,,"1,641",-29,-1.74%,"2,163",25.3倍,10.3倍,ー%
20260813,453,スギＨＤ,7649,東P,,"2,825.0",-4.5,-0.16%,"2,150",16.0倍,1.79倍,1.24%
20260813,454,コスモＨＤ,5021,東P,,"4,069",-14,-0.34%,"2,145",14.7倍,0.95倍,4.06%
20260813,455,小糸製,7276,東P,,"2,726.0",+29.5,+1.09%,"2,129",17.8倍,1.12倍,2.13%
20260813,456,コスモス薬品,3349,東P,,"6,415",-90,-1.38%,"2,097",16.6倍,1.79倍,1.31%
20260813,457,ビルファンド,8951,東Ｒ,,"129,400",-500,-0.38%,"2,089",ー倍,1.56倍,3.80%
20260813,458,日本オラクル,4716,東S,,"9,357",-3,-0.03%,"2,086",ー倍,5.86倍,ー%
20260813,459,吉野家ＨＤ,9861,東P,,"3,774",+25,+0.67%,"2,078",49.6倍,3.50倍,0.58%
20260813,460,第四北越ＦＧ,7327,東P,,"2,494",+68,+2.80%,"2,077",12.4倍,1.10倍,3.21%
20260813,461,シンフォニア,6507,東P,,"13,100",+100,+0.77%,"2,074",24.6倍,3.63倍,1.23%
20260813,462,ムニノバＨＤ,547A,東P,,453,-23,-4.83%,"2,061",6.86倍,0.90倍,4.42%
20260813,463,日精工,6471,東P,,"1,178.0",+1.5,+0.13%,"2,052",19.9倍,0.84倍,2.89%
20260813,464,円谷フィＨＤ,2767,東P,,"2,401",-52,-2.12%,"2,050",9.96倍,2.45倍,5.83%
20260813,465,東建物,8804,東P,,"3,374.0",-4.0,-0.12%,"2,042",10.8倍,1.15倍,3.73%
20260813,466,平田機工,6258,東P,,"3,640",+30,+0.83%,"2,019",17.2倍,1.42倍,2.06%
20260813,467,ＧＭＯ,9449,東P,,"4,228",+35,+0.83%,"1,984",ー倍,3.59倍,ー%
20260813,468,日油,4403,東P,,"2,760.0",+9.0,+0.33%,"1,974",15.9倍,2.12倍,2.54%
20260813,469,フューチャー,4722,東P,,"2,445",0,0.00%,"1,973",18.4倍,3.27倍,0.98%
20260813,470,ニッパツ,5991,東P,,"3,659.0",+53.0,+1.47%,"1,964",16.5倍,1.63倍,1.89%
20260813,471,飯田ＧＨＤ,3291,東P,,"2,307.5",+21.5,+0.94%,"1,944",9.73倍,0.62倍,3.99%
20260813,472,インフォＭＴ,2492,東P,,582,-9,-1.52%,"1,942",50.1倍,5.16倍,1.13%
20260813,473,戸田建,1860,東P,,"1,488.5",+15.5,+1.05%,"1,934",12.6倍,0.92倍,4.03%
20260813,474,エアウォータ,4088,東P,,"2,518",-32,-1.25%,"1,927",20.6倍,1.48倍,ー%
20260813,475,ＡＤＥＫＡ,4401,東P,,"4,719",-55,-1.15%,"1,925",14.3倍,1.42倍,2.80%
20260813,476,ニッスイ,1332,東P,,"1,264.5",+6.5,+0.52%,"1,923",13.2倍,1.25倍,2.53%
20260813,477,ＭＸ２２５,1346,東Ｅ,,"70,680",+800,+1.14%,"1,914",ー倍,ー倍,ー%
20260813,478,ジェイテクト,6473,東P,,"2,125.5",+3.5,+0.16%,"1,910",13.5倍,0.84倍,3.29%
20260813,479,金先物Ｗブル,2036,東EN,,"164,300","-2,850",-1.71%,"1,906",ー倍,ー倍,ー%
20260813,480,ショーボンド,1414,東P,,"1,270.0",-22.5,-1.74%,"1,905",16.4倍,2.38倍,3.66%
20260813,481,クラフティア,1959,東P,,"8,272",+92,+1.12%,"1,901",14.5倍,1.68倍,2.66%
20260813,482,三機工,1961,東P,,"2,422",+43,+1.81%,"1,885",14.1倍,3.13倍,2.68%
20260813,483,日本化,4092,東P,,"5,500",+320,+6.18%,"1,885",10.6倍,0.86倍,4.36%
20260813,484,東京メトロ,9023,東P,,"1,456.0",-8.0,-0.55%,"1,874",16.9倍,1.14倍,3.02%
20260813,485,東京きらぼし,7173,東P,,"1,779",+57,+3.31%,"1,873",12.9倍,1.38倍,1.69%
20260813,486,ラクス,3923,東P,,"1,094.0",-0.5,-0.05%,"1,855",15.4倍,14.9倍,0.73%
20260813,487,シャープ,6753,東P,,653.0,-6.3,-0.96%,"1,843",17.0倍,1.45倍,ー%
20260813,488,山梨銀,8360,東P,,"7,440",+400,+5.68%,"1,843",18.3倍,0.95倍,2.19%
20260813,489,百十四,8386,東P,,"3,090",+186,+6.40%,"1,839",16.7倍,0.90倍,2.27%
20260813,490,ｉＦ日経Ｗブ,1365,東Ｅ,,"4,578",+98,+2.19%,"1,835",ー倍,ー倍,ー%
20260813,491,マネフォ,3994,東P,,"5,874",+78,+1.35%,"1,829",ー倍,7.90倍,ー%
20260813,492,フジＨＤ,4676,東P,,"4,129",-41,-0.98%,"1,829",22.5倍,1.09倍,4.84%
20260813,493,ＳＧＨＤ,9143,東P,,"1,596.0",-5.5,-0.34%,"1,827",15.9倍,1.75倍,3.38%
20260813,494,ツムラ,4540,東P,,"3,743",-34,-0.90%,"1,818",10.7倍,0.85倍,4.22%
20260813,495,上村工,4966,東S,,"21,170",+200,+0.95%,"1,809",23.3倍,2.95倍,1.37%
20260813,496,大阪チタ,5726,東P,,"2,895",+142,+5.16%,"1,798",62.7倍,2.39倍,0.45%
20260813,497,スタンレー,6923,東P,,"3,648.0",+36.0,+1.00%,"1,796",13.2倍,0.97倍,3.04%
20260813,498,ＯＢＣ,4733,東P,,"8,055",+4,+0.05%,"1,772",31.3倍,3.59倍,1.61%
20260813,499,北海電,9509,東P,,"1,032.0",+16.5,+1.62%,"1,772",10.3倍,0.52倍,3.20%
20260813,500,日本空港ビル,9706,東P,,"5,671",-130,-2.24%,"1,759",21.8倍,2.46倍,1.68%
20260813,501,ＵＡＣＪ,5741,東P,,"2,410",-10,-0.41%,"1,759",10.4倍,1.15倍,2.90%
20260813,502,十六ＦＧ,7380,東P,,"2,579",+155,+6.39%,"1,754",15.2倍,0.88倍,2.06%
20260813,503,ＩＩＪ,3774,東P,,"3,481.0",-20.0,-0.57%,"1,753",24.7倍,3.84倍,1.24%
20260813,504,日本光電,6849,東P,,"1,458.5",-58.0,-3.82%,"1,743",15.6倍,1.32倍,2.26%
20260813,505,ビックカメラ,3048,東P,,"1,722.0",-10.5,-0.61%,"1,739",16.0倍,1.62倍,2.50%
20260813,506,パークシャ,3993,東P,,"2,951",-59,-1.96%,"1,734",32.0倍,2.55倍,0.34%
20260813,507,Ｆスターズ,3687,東P,,"2,281",+61,+2.75%,"1,731",37.8倍,8.10倍,0.83%
20260813,508,コーテクＨＤ,3635,東P,,"1,639.0",-17.0,-1.03%,"1,717",17.7倍,1.96倍,2.93%
20260813,509,三菱倉,9301,東P,,"1,500.0",-1.0,-0.07%,"1,715",22.2倍,1.34倍,2.93%
20260813,510,古河機金,5715,東P,,"4,030",+50,+1.26%,"1,714",9.02倍,0.81倍,1.99%
20260813,511,丸一管,5463,東P,,"1,747.5",+4.5,+0.26%,"1,712",15.1倍,1.10倍,2.98%
20260813,512,サトー,6287,東P,,"2,920",+315,+12.09%,"1,707",12.3倍,1.08倍,2.74%
20260813,513,サンドラッグ,9989,東P,,"3,728",-31,-0.82%,"1,705",13.6倍,1.53倍,3.54%
20260813,514,ＲＳテクノ,3445,東P,,"7,100",+300,+4.41%,"1,700",18.9倍,2.10倍,0.77%
20260813,515,ゼオン,4205,東P,,"2,457.5",-1.5,-0.06%,"1,697",13.1倍,1.19倍,3.21%
20260813,516,Ｊトラスト,8508,東S,,809,0,0.00%,"1,694",13.2倍,0.67倍,2.10%
20260813,517,ＪＲ九州,9142,東P,,"3,475.0",-6.0,-0.17%,"1,689",10.4倍,1.07倍,3.48%
20260813,518,エンプラス,6961,東P,,"11,200",+410,+3.80%,"1,678",20.3倍,1.58倍,0.80%
20260813,519,しまむら,8227,東P,,"3,392.0",-17.0,-0.50%,"1,670",14.9倍,1.43倍,2.36%
20260813,520,豊田合,7282,東P,,"5,179",-3,-0.06%,"1,667",10.7倍,1.04倍,3.38%
20260813,521,エネチェンジ,4169,東G,,313,+37,+13.41%,"1,666",24.4倍,2.80倍,ー%
20260813,522,ブロドリーフ,3673,東P,,420,-37,-8.10%,"1,664",23.8倍,3.03倍,1.85%
20260813,523,山九,9065,東P,,"8,427",-58,-0.68%,"1,649",12.8倍,1.38倍,3.13%
20260813,524,中国電,9504,東P,,924.9,+8.9,+0.97%,"1,649",10.7倍,0.43倍,3.24%
20260813,525,日鉄鉱,1515,東P,,"3,255",-50,-1.51%,"1,644",20.9倍,1.59倍,1.90%
20260813,526,ムービン,421A,東G,,"3,650",+195,+5.64%,"1,641",15.5倍,6.48倍,ー%
20260813,527,大垣共立,8361,東P,,"8,040",+430,+5.65%,"1,628",16.0倍,0.79倍,1.87%
20260813,528,京葉銀,8544,東P,,"2,834",+190,+7.19%,"1,628",17.3倍,1.01倍,2.33%
20260813,529,ＵＳＳ,4732,東P,,"2,007.0",+10.5,+0.53%,"1,623",21.4倍,4.89倍,2.81%
20260813,530,古野電,6814,東P,,"7,730",+60,+0.78%,"1,623",18.8倍,2.66倍,2.07%
20260813,531,千代建,6366,東S,,717,+10,+1.41%,"1,620",26.9倍,5.58倍,ー%
20260813,532,ＳＡＮＫＹＯ,6417,東P,,"1,923.0",-12.5,-0.65%,"1,619",9.50倍,1.53倍,5.20%
20260813,533,ケーズＨＤ,8282,東P,,"1,934.0",+7.0,+0.36%,"1,616",14.9倍,1.18倍,2.48%
20260813,534,京成,9009,東P,,"1,273.5",-3.0,-0.24%,"1,614",15.6倍,1.09倍,1.73%
20260813,535,エクシオＧ,1951,東P,,"2,621.5",-10.5,-0.40%,"1,613",15.0倍,1.55倍,3.05%
20260813,536,エニーカラー,5032,東P,,"2,757",-53,-1.89%,"1,599",12.7倍,6.13倍,2.25%
20260813,537,ワークマン,7564,東S,,"6,230",-100,-1.58%,"1,598",22.8倍,3.30倍,1.43%
20260813,538,フジミインコ,5384,東P,,"4,100",+90,+2.24%,"1,581",29.3倍,3.57倍,1.88%
20260813,539,ひろぎんＨＤ,7337,東P,,"2,350.0",+63.5,+2.78%,"1,580",13.6倍,1.15倍,2.98%
20260813,540,レンゴー,3941,東P,,"1,614.5",+17.0,+1.06%,"1,553",12.6倍,0.78倍,3.10%
20260813,541,東武,9001,東P,,"2,959.0",-12.0,-0.40%,"1,552",10.3倍,0.92倍,2.53%
20260813,542,Ａｐｐｉｅｒ,4180,東P,,982,-1,-0.10%,"1,525",24.3倍,2.51倍,0.23%
20260813,543,ＰＩＬＬＡＲ,6490,東P,,"10,440",+90,+0.87%,"1,501",17.1倍,2.85倍,2.35%
20260813,544,上場日経２倍,1358,東Ｅ,,"142,000","+2,850",+2.05%,"1,501",ー倍,ー倍,ー%
20260813,545,ＰＨＣＨＤ,6523,東P,,"1,410",+62,+4.60%,"1,488",11.6倍,1.06倍,2.98%
20260813,546,参天薬,4536,東P,,"1,964.0",-5.5,-0.28%,"1,485",15.8倍,2.10倍,2.14%
20260813,547,ノリタケ,5331,東P,,"3,870",+105,+2.79%,"1,478",12.5倍,1.19倍,3.10%
20260813,548,ＫＯＡ,6999,東P,,"2,549",+90,+3.66%,"1,477",12.2倍,1.04倍,2.47%
20260813,549,Ｊパワー,9513,東P,,"3,886",-19,-0.49%,"1,477",8.45倍,0.48倍,2.70%
20260813,550,日経高配５０,1489,東Ｅ,,"3,506",-2,-0.06%,"1,476",ー倍,ー倍,ー%
20260813,551,寿スピリッツ,2222,東P,,"2,687.5",+101.0,+3.90%,"1,473",30.1倍,9.17倍,1.67%
20260813,552,日清紡ＨＤ,3105,東P,,"2,420.0",+31.5,+1.32%,"1,469",37.8倍,1.19倍,1.49%
20260813,553,ＧＥＮＤＡ,9166,東G,,707,+26,+3.82%,"1,467",ー倍,1.96倍,1.13%
20260813,554,物語コーポ,3097,東P,,"5,650",-140,-2.42%,"1,461",24.8倍,4.60倍,0.81%
20260813,555,ウシオ電,6925,東P,,"4,335",+113,+2.68%,"1,457",32.8倍,1.54倍,1.61%
20260813,556,アインＨＤ,9627,東P,,"6,082",+67,+1.11%,"1,450",14.3倍,1.34倍,1.64%
20260813,557,長野計器,7715,東P,,"4,115",+150,+3.78%,"1,448",17.8倍,1.51倍,1.46%
20260813,558,タカラトミー,7867,東P,,"3,609.0",-53.0,-1.45%,"1,448",17.2倍,2.85倍,1.94%
20260813,559,ＪＳＢ,3480,東P,,"8,960",-10,-0.11%,"1,434",31.9倍,4.10倍,ー%
20260813,560,コーセーＨＤ,4922,東P,,"5,719",-62,-1.07%,"1,433",26.8倍,1.14倍,2.62%
20260813,561,Ｈ２Ｏリテイ,8242,東P,,"2,850.5",+27.5,+0.97%,"1,432",14.0倍,1.06倍,1.68%
20260813,562,リンナイ,5947,東P,,"3,602.0",-3.0,-0.08%,"1,425",13.7倍,1.14倍,2.94%
20260813,563,ＧＬＰ,3281,東Ｒ,,"139,000",-800,-0.57%,"1,423",ー倍,1.47倍,4.77%
20260813,564,高度紙,3891,東S,,"7,150",+40,+0.56%,"1,421",18.0倍,2.78倍,1.54%
20260813,565,Ｖテク,7717,東P,,"5,810",+210,+3.75%,"1,416",18.3倍,1.48倍,1.38%
20260813,566,バイセル,7685,東G,,"3,305",-10,-0.30%,"1,415",21.7倍,8.70倍,0.67%
20260813,567,セレス,3696,東P,,"2,065",-3,-0.15%,"1,405",3.97倍,1.79倍,4.36%
20260813,568,ｉＦＦＡＮＧ,316A,東Ｅ,,"2,711",-16,-0.59%,"1,404",ー倍,ー倍,ー%
20260813,569,竹内製作所,6432,東P,,"7,660",-40,-0.52%,"1,399",13.7倍,1.90倍,2.87%
20260813,570,メディパル,7459,東P,,"2,816.5",+24.5,+0.88%,"1,397",13.4倍,0.89倍,3.12%
20260813,571,センコーＨＤ,9069,東P,,"2,296.5",+35.0,+1.55%,"1,391",16.4倍,1.66倍,2.44%
20260813,572,ＨＵグループ,4544,東P,,"3,594.0",-86.0,-2.34%,"1,390",39.2倍,1.46倍,3.48%
20260813,573,都市ファンド,8953,東Ｒ,,"115,100","-1,100",-0.95%,"1,387",ー倍,1.27倍,5.18%
20260813,574,ティアフォー,593A,東G,,999,-9,-0.89%,"1,383",ー倍,5.52倍,ー%
20260813,575,メガチップス,6875,東P,,"11,440",+210,+1.87%,"1,382",4.86倍,0.48倍,2.27%
20260813,576,ＵＮＥＸＴ,9418,東P,,"1,708",-25,-1.44%,"1,380",16.7倍,2.88倍,1.00%
20260813,577,日本Ｍ＆Ａ,2127,東P,,662.0,-1.4,-0.21%,"1,377",15.7倍,4.42倍,4.38%
20260813,578,Ｊエレベータ,6544,東P,,"1,517.0",+20.5,+1.37%,"1,373",33.1倍,11.9倍,ー%
20260813,579,地盤ＨＤ,6072,東S,,"1,120",-55,-4.68%,"1,368",ー倍,18.0倍,ー%
20260813,580,アルフレッサ,2784,東P,,"2,231.0",+17.0,+0.77%,"1,365",18.8倍,0.81倍,3.18%
20260813,581,帝人,3401,東P,,"1,788.5",+8.5,+0.48%,"1,361",7.67倍,0.83倍,2.80%
20260813,582,Ｓａｎｓａｎ,4443,東P,,"1,988",+5,+0.25%,"1,358",26.8倍,12.5倍,0.25%
20260813,583,日機装,6376,東P,,"3,875",+140,+3.75%,"1,350",19.5倍,1.55倍,1.29%
20260813,584,ニプロ,8086,東P,,"1,585.0",-25.5,-1.58%,"1,346",17.6倍,0.93倍,2.02%
20260813,585,セブン銀,8410,東P,,331.5,+1.9,+0.58%,"1,344",19.4倍,1.38倍,3.32%
20260813,586,四国電,9507,東P,,"1,782.5",+34.5,+1.97%,"1,343",12.1倍,0.75倍,3.09%
20260813,587,ＬｉＮＫＸ,584A,東G,,"2,730",+380,+16.17%,"1,342",84.0倍,12.6倍,ー%
20260813,588,岩谷産,8088,東P,,"2,203.5",-16.5,-0.74%,"1,339",11.2倍,1.07倍,2.13%
20260813,589,東映アニメ,4816,東S,,"2,822",-40,-1.40%,"1,336",31.9倍,3.42倍,1.56%
20260813,590,大和工,5444,東P,,"13,260",+55,+0.42%,"1,333",13.8倍,1.45倍,3.02%
20260813,591,安藤ハザマ,1719,東P,,"1,881.5",+18.0,+0.97%,"1,331",13.3倍,1.37倍,4.46%
20260813,592,コロワイド,7616,東P,,"2,089.0",+36.5,+1.78%,"1,330",105倍,3.23倍,0.24%
20260813,593,東邦銀,8346,東P,,989,+54,+5.78%,"1,329",19.0倍,1.09倍,2.12%
20260813,594,Ｊマテリアル,6055,東P,,"2,227",+18,+0.81%,"1,328",21.2倍,3.64倍,1.57%
20260813,595,山陰合銀,8381,東P,,"2,579",+81,+3.24%,"1,323",15.1倍,1.19倍,2.64%
20260813,596,クリレスＨＤ,3387,東P,,766,+11,+1.46%,"1,313",60.6倍,7.60倍,0.65%
20260813,597,ジャパンＲＥ,8952,東Ｒ,,"118,500",-500,-0.42%,"1,311",ー倍,1.59倍,4.32%
20260813,598,コメ兵ＨＤ,2780,東S,,"5,630",+130,+2.36%,"1,311",10.6倍,1.59倍,1.92%
20260813,599,クレハ,4023,東P,,"4,495",-70,-1.53%,"1,309",22.9倍,1.02倍,4.81%
20260813,600,ダイセル,4202,東P,,"1,478.0",-7.5,-0.50%,"1,306",11.8倍,1.03倍,4.74%
20260813,601,上組,9364,東P,,"5,036",-8,-0.16%,"1,299",18.1倍,1.27倍,4.07%
20260813,602,全国保証,7164,東P,,"3,132.0",+18.0,+0.58%,"1,272",12.7倍,1.71倍,3.93%
20260813,603,ＡＢＣマート,2670,東P,,"2,822.5",-1.0,-0.04%,"1,270",15.1倍,1.74倍,2.83%
20260813,604,トリドール,3397,東P,,"4,299",+37,+0.87%,"1,263",54.0倍,4.09倍,0.28%
20260813,605,太陽ＨＤ,4626,東P,,"4,857",+9,+0.19%,"1,263",21.3倍,4.28倍,ー%
20260813,606,加賀電子,8154,東P,,"5,130",-30,-0.58%,"1,246",11.1倍,1.28倍,2.73%
20260813,607,あいちＦＧ,7389,東P,,"1,750",+62,+3.67%,"1,246",18.6倍,0.99倍,1.71%
20260813,608,松田産業,7456,東P,,"7,060",+160,+2.32%,"1,244",8.86倍,1.46倍,1.70%
20260813,609,住友大阪,5232,東P,,"5,709",+2,+0.04%,"1,244",18.1倍,0.93倍,2.10%
20260813,610,ちゅうぎんＦ,5832,東P,,"3,535.0",+133.0,+3.91%,"1,241",14.0倍,0.93倍,2.89%
20260813,611,兼松,8020,東P,,"2,184.0",+3.5,+0.16%,"1,237",10.4倍,1.71倍,3.21%
20260813,612,平和堂,8276,東P,,"2,728",+15,+0.55%,"1,237",13.8倍,0.69倍,2.42%
20260813,613,ソリトン,3040,東P,,"2,444",+145,+6.31%,"1,237",17.0倍,3.20倍,2.95%
20260813,614,ニフコ,7988,東P,,"5,038",-69,-1.35%,"1,235",13.8倍,1.57倍,2.22%
20260813,615,伯東,7433,東P,,"5,200",-100,-1.89%,"1,233",15.3倍,1.42倍,4.90%
20260813,616,カドカワ,9468,東P,,"3,579.0",-23.0,-0.64%,"1,232",526倍,2.23倍,0.84%
20260813,617,スズケン,9987,東P,,"5,026",+26,+0.52%,"1,206",13.6倍,0.82倍,2.39%
20260813,618,シリコンスタ,3907,東S,,"1,472",-146,-9.02%,"1,205",ー倍,2.52倍,ー%
20260813,619,ミルボン,4919,東P,,"3,210",-5,-0.16%,"1,202",22.2倍,2.04倍,2.74%
20260813,620,アドバンスＲ,3269,東Ｒ,,"146,600",-600,-0.41%,"1,196",ー倍,1.70倍,4.31%
20260813,621,ミズノ,8022,東P,,"4,175",-125,-2.91%,"1,195",16.7倍,1.78倍,1.58%
20260813,622,グローリー,6457,東P,,"4,752",-101,-2.08%,"1,189",12.5倍,1.15倍,3.24%
20260813,623,サンケン,6707,東P,,"8,707",+171,+2.00%,"1,180",174倍,1.46倍,ー%
20260813,624,ニチアス,5393,東P,,"3,576.0",+47.0,+1.33%,"1,173",19.2倍,2.76倍,1.82%
20260813,625,洋缶ＨＤ,5901,東P,,"4,359",+22,+0.51%,"1,173",20.8倍,0.92倍,4.27%
20260813,626,堺化学,4078,東P,,"4,055",+155,+3.97%,"1,173",15.0倍,0.80倍,3.95%
20260813,627,ヘリオス,4593,東G,,279,+25,+9.84%,"1,172",ー倍,4.29倍,ー%
20260813,628,トヨタ紡織,3116,東P,,"2,213.5",-12.5,-0.56%,"1,172",8.60倍,0.80倍,3.89%
20260813,629,ジャパンエン,6016,東S,,"9,820",+250,+2.61%,"1,162",16.4倍,4.29倍,1.02%
20260813,630,ユナイテド海,9110,東P,,"10,420",-10,-0.10%,"1,156",9.82倍,1.30倍,ー%
20260813,631,邦ガス,9533,東P,,"1,171.5",+16.5,+1.43%,"1,154",18.1倍,0.84倍,1.92%
20260813,632,セリア,2782,東S,,"4,130",-90,-2.13%,"1,151",16.8倍,2.74倍,1.94%
20260813,633,大分銀,8392,東P,,"2,855",+154,+5.70%,"1,144",16.6倍,0.82倍,1.75%
20260813,634,キユーピー,2809,東P,,"4,658",+20,+0.43%,"1,139",24.7倍,1.94倍,1.40%
20260813,635,日本紙,3863,東P,,"1,402",+13,+0.94%,"1,136",ー倍,0.31倍,1.07%
20260813,636,ミラースＨＤ,8897,東P,,452,+10,+2.26%,"1,126",7.55倍,0.73倍,5.09%
20260813,637,大気社,1979,東P,,"4,065",+20,+0.49%,"1,122",14.2倍,1.47倍,2.93%
20260813,638,京急,9006,東P,,"1,523.5",+10.5,+0.69%,"1,118",13.4倍,1.07倍,3.02%
20260813,639,ＯＳＧ,6136,東P,,"3,904",+25,+0.64%,"1,116",15.3倍,1.67倍,2.95%
20260813,640,三井ハイテク,6966,東P,,943,-6,-0.63%,"1,115",17.2倍,1.47倍,2.01%
20260813,641,東洋合成,4970,東S,,"12,340",+320,+2.66%,"1,096",25.8倍,3.40倍,0.41%
20260813,642,京王,9008,東P,,760.4,+0.7,+0.09%,"1,093",10.2倍,0.97倍,2.89%
20260813,643,ａｒｔｉｅｎ,4634,東P,,"5,110",+90,+1.79%,"1,088",11.4倍,0.85倍,2.35%
20260813,644,ＫＤＸ不動産,8972,東Ｒ,,"151,600","-1,500",-0.98%,"1,087",ー倍,0.96倍,5.58%
20260813,645,ＭＴＧ,7806,東G,,"8,090",-90,-1.10%,"1,087",28.9倍,5.27倍,0.46%
20260813,646,名古屋銀,8522,東P,,"6,910",+290,+4.38%,"1,083",14.8倍,1.08倍,2.89%
20260813,647,ライフネット,7157,東P,,"1,539",-136,-8.12%,"1,080",15.1倍,1.31倍,ー%
20260813,648,ＡＬＳＯＫ,2331,東P,,"1,160.0",-10.0,-0.85%,"1,079",14.8倍,1.43倍,2.84%
20260813,649,ＮＴＮ,6472,東P,,389.9,+1.7,+0.44%,"1,078",15.5倍,0.77倍,3.33%
20260813,650,日テレＨＤ,9404,東P,,"2,887.0",-42.5,-1.45%,"1,074",13.7倍,0.66倍,1.56%
20260813,651,長瀬産,8012,東P,,"1,258.0",+19.0,+1.53%,"1,074",14.9倍,1.15倍,2.15%
20260813,652,セイノーＨＤ,9076,東P,,"2,774.0",-19.5,-0.70%,"1,073",16.4倍,0.98倍,3.75%
20260813,653,秋田銀,8343,東P,,"8,450",+420,+5.23%,"1,071",17.8倍,0.80倍,2.37%
20260813,654,ナカニシ,7716,東S,,"3,345",+35,+1.06%,"1,068",20.5倍,2.29倍,1.79%
20260813,655,東京センチュ,8439,東P,,"2,564.0",+40.5,+1.60%,"1,055",10.2倍,1.08倍,3.51%
20260813,656,ゴルドウイン,8111,東P,,"2,133.5",-22.0,-1.02%,"1,053",11.4倍,2.31倍,3.28%
20260813,657,有沢製,5208,東P,,"2,900",+241,+9.06%,"1,050",21.1倍,1.92倍,3.79%
20260813,658,レナ,4889,東G,,"1,165",+10,+0.87%,"1,032",ー倍,4.85倍,ー%
20260813,659,カナデビア,7004,東P,,"1,233",+21,+1.73%,"1,031",9.88倍,1.06倍,3.08%
20260813,660,Ｌドリンク,2585,東P,,"1,487",-26,-1.72%,"1,027",18.4倍,4.57倍,1.01%
20260813,661,キッツ,6498,東P,,"2,081",-5,-0.24%,"1,027",13.5倍,1.46倍,2.98%
20260813,662,ＪＶＣケンウ,6632,東P,,"1,029.0",+10.5,+1.03%,"1,027",9.70倍,1.00倍,1.94%
20260813,663,Ｋ＆Ｏエナジ,1663,東P,,"1,888",+46,+2.50%,"1,000",14.8倍,0.91倍,2.33%
20260813,664,パーク２４,4666,東P,,"1,995.5",-10.5,-0.52%,"1,000",7.74倍,3.08倍,3.26%
20260813,665,サムコ,6387,東P,,"9,820",+620,+6.74%,997,41.1倍,5.38倍,0.76%
20260813,666,エスエムエス,2175,東P,,"2,295",-16,-0.69%,993,30.6倍,6.72倍,1.33%
20260813,667,ＪＭＤＣ,4483,東P,,"3,415",-85,-2.43%,992,31.5倍,2.69倍,ー%
20260813,668,ハイデ日高,7611,東P,,"2,885",+16,+0.56%,991,23.1倍,4.11倍,1.80%
20260813,669,ＩＮＶ,8963,東Ｒ,,"61,100",0,0.00%,990,ー倍,1.32倍,6.20%
20260813,670,レカム,3323,東S,,94,-8,-7.84%,987,23.7倍,1.30倍,1.28%
20260813,671,ケイアイ不,3465,東P,,"3,825",+150,+4.08%,980,6.15倍,1.56倍,3.92%
20260813,672,ソディック,6143,東P,,"1,784",+24,+1.36%,978,12.1倍,0.93倍,1.96%
20260813,673,ＴＲＥＨＤ,9247,東P,,"2,031",+44,+2.21%,974,19.1倍,1.16倍,2.46%
20260813,674,ホテルリート,8985,東Ｒ,,"81,100",-300,-0.37%,970,9.23倍,1.63倍,6.88%
20260813,675,ブシロード,7803,東G,,387,+2,+0.52%,969,12.4倍,1.82倍,0.78%
20260813,676,三浦工,6005,東P,,"3,165.0",-3.0,-0.09%,968,12.9倍,1.49倍,2.34%
20260813,677,日化薬,4272,東P,,"2,127.5",+22.5,+1.07%,966,13.5倍,1.09倍,3.10%
20260813,678,グリコ,2206,東P,,"5,168",+32,+0.62%,965,34.7倍,1.16倍,1.84%
20260813,679,ＧＸ半導１０,282A,東Ｅ,,"2,486",+56,+2.30%,963,ー倍,ー倍,ー%
20260813,680,野村マスター,3462,東Ｒ,,"150,300",-800,-0.53%,956,ー倍,1.16倍,4.92%
20260813,681,アニコムＨＤ,8715,東P,,"1,120",-21,-1.84%,953,25.1倍,2.77倍,1.21%
20260813,682,エクセディ,7278,東P,,"6,140",+80,+1.32%,952,15.8倍,1.16倍,5.70%
20260813,683,シンプレクス,4373,東P,,"1,128",-13,-1.14%,950,20.3倍,5.08倍,2.13%
20260813,684,アドウェイズ,2489,東S,,386,+36,+10.29%,946,10.1倍,1.07倍,3.12%
20260813,685,旭ダイヤ,6140,東P,,"1,295",+6,+0.47%,945,16.9倍,0.97倍,2.63%
20260813,686,コプロＨＤ,7059,東P,,928,+114,+14.00%,944,21.4倍,3.83倍,4.85%
20260813,687,積水ハウスＲ,3309,東Ｒ,,"73,800",-600,-0.81%,937,ー倍,1.10倍,5.17%
20260813,688,ワールド,3612,東P,,"1,614",-10,-0.62%,937,9.77倍,1.24倍,4.15%
20260813,689,ＩＤＯＭ,7599,東P,,"1,290",-6,-0.46%,932,9.12倍,1.44倍,3.29%
20260813,690,武蔵銀,8336,東P,,"2,776",+116,+4.36%,932,13.8倍,0.98倍,2.95%
20260813,691,テスＨＤ,5074,東P,,799,+25,+3.23%,930,31.4倍,1.14倍,1.01%
20260813,692,アマノ,6436,東P,,"3,867",-19,-0.49%,929,15.2倍,2.05倍,4.65%
20260813,693,栃木銀,8550,東P,,"1,080",+56,+5.47%,928,12.5倍,0.68倍,2.78%
20260813,694,ダイワボウ,3107,東P,,"3,777",+65,+1.75%,925,12.8倍,1.91倍,2.91%
20260813,695,リンテック,7966,東P,,"6,130",+30,+0.49%,921,20.6倍,1.54倍,1.96%
20260813,696,ウエストＨＤ,1407,東S,,"2,803",+132,+4.94%,921,16.8倍,3.17倍,2.50%
20260813,697,アンドＳＴ,2685,東P,,"3,440",-5,-0.15%,918,15.1倍,1.91倍,2.62%
20260813,698,サワイＧＨＤ,4887,東P,,"1,639.5",+6.0,+0.37%,916,10.2倍,1.07倍,3.42%
20260813,699,デジアーツ,2326,東P,,"4,635",-205,-4.24%,913,16.4倍,3.39倍,2.16%
20260813,700,カカクコム,2371,東P,,"3,714",-6,-0.16%,908,35.5倍,11.3倍,ー%
20260813,701,野村ＲＥＩＴ,1343,東Ｅ,,"1,948.0",-1.0,-0.05%,908,ー倍,ー倍,ー%
20260813,702,三井不アコモ,3226,東Ｒ,,"119,200",+200,+0.17%,902,ー倍,1.96倍,4.02%
20260813,703,日本新薬,4516,東P,,"3,613.0",+10.0,+0.28%,902,8.04倍,0.82倍,3.43%
20260813,704,宮崎銀,8393,東P,,"2,502",+88,+3.65%,901,14.5倍,0.90倍,2.24%
20260813,705,マネックスＧ,8698,東P,,695,0,0.00%,901,ー倍,1.34倍,4.43%
20260813,706,サイボウズ,4776,東P,,"2,780",-31,-1.10%,896,16.8倍,7.14倍,1.80%
20260813,707,エレコム,6750,東P,,"2,000",+126,+6.72%,884,14.1倍,1.47倍,2.90%
20260813,708,オプテクスＧ,6914,東P,,"3,460",-85,-2.40%,883,16.0倍,2.07倍,2.20%
20260813,709,湖北工業,6524,東S,,"4,840",+60,+1.26%,883,27.2倍,4.92倍,0.83%
20260813,710,プロロジスＲ,3283,東Ｒ,,"86,600","-1,000",-1.14%,883,ー倍,1.46倍,4.48%
20260813,711,グリーンズ,6547,東S,,"2,084",-168,-7.46%,882,6.36倍,2.26倍,2.74%
20260813,712,雪印メグ,2270,東P,,"3,620",+15,+0.42%,879,8.84倍,0.89倍,2.76%
20260813,713,ＦＦＲＩ,3692,東G,,"5,260",-140,-2.59%,876,36.7倍,11.1倍,0.34%
20260813,714,フォスター,6794,東P,,"2,970",+92,+3.20%,875,13.4倍,0.99倍,3.87%
20260813,715,奥村組,1833,東P,,"5,690",+80,+1.43%,874,13.3倍,1.07倍,5.27%
20260813,716,トモニＨＤ,8600,東P,,"1,105",+59,+5.64%,872,11.9倍,0.71倍,2.71%
20260813,717,沖縄セルラー,9436,東S,,"3,950",-120,-2.95%,872,27.3倍,3.66倍,1.77%
20260813,718,ＦＰＧ,7148,東P,,"1,623",-14,-0.86%,871,8.76倍,2.27倍,5.71%
20260813,719,ワコールＨＤ,3591,東P,,"4,238",-16,-0.38%,863,117倍,0.99倍,2.36%
20260813,720,南都銀,8367,東P,,"1,925",+75,+4.05%,863,13.7倍,0.99倍,2.91%
20260813,721,ＧＸ半導体,2243,東Ｅ,,"4,710",+104,+2.26%,861,ー倍,ー倍,ー%
20260813,722,岩手銀,8345,東P,,"2,474",+111,+4.70%,859,17.1倍,0.86倍,2.34%
20260813,723,ハピネット,7552,東P,,"3,275",-40,-1.21%,859,13.5倍,2.42倍,ー%
20260813,724,紀陽銀,8370,東P,,"5,020",+175,+3.61%,851,12.9倍,1.30倍,3.11%
20260813,725,日軽金ＨＤ,5703,東P,,"2,937",-7,-0.24%,850,10.6倍,0.71倍,3.75%
20260813,726,テクノフレ,3449,東S,,"4,110",-5,-0.12%,848,18.4倍,2.71倍,1.56%
20260813,727,ＬＡホールデ,2986,東G,,"2,804",+39,+1.41%,845,5.54倍,2.18倍,6.21%
20260813,728,三十三ＦＧ,7322,東P,,"2,014",+98,+5.11%,844,13.9倍,0.90倍,2.18%
20260813,729,カルビー,2229,東P,,"3,041.0",+7.0,+0.23%,842,21.3倍,1.78倍,2.27%
20260813,730,オリックスＦ,8954,東Ｒ,,"99,200",-600,-0.60%,837,ー倍,1.55倍,4.94%
20260813,731,ダイトロン,7609,東P,,"4,585",+15,+0.33%,835,15.3倍,2.46倍,2.62%
20260813,732,ＭＩＸＩ,2121,東P,,"3,285",-35,-1.05%,831,8.58倍,1.14倍,4.72%
20260813,733,コメダ,3543,東P,,"2,898",+10,+0.35%,830,19.1倍,2.62倍,2.14%
20260813,734,マルマエ,6264,東P,,"2,133",+47,+2.25%,829,18.3倍,3.99倍,2.11%
20260813,735,キヤノンＭＪ,8060,東P,,"3,682.0",+5.0,+0.14%,823,17.2倍,1.95倍,2.58%
20260813,736,メイテックＧ,9744,東P,,"3,340.0",-13.0,-0.39%,810,18.6倍,5.84倍,5.42%
20260813,737,西川ゴム,5161,東S,,"3,435",-105,-2.97%,807,19.2倍,1.43倍,5.36%
20260813,738,東海東京,8616,東P,,840,+22,+2.69%,806,ー倍,1.09倍,ー%
20260813,739,ユナイテッド,8960,東Ｒ,,"161,700",-200,-0.12%,806,ー倍,1.35倍,5.74%
20260813,740,東洋紡,3101,東P,,"1,639",+24,+1.49%,804,20.7倍,0.68倍,2.44%
20260813,741,ＮＳＤ,9759,東P,,"2,800.0",+0.5,+0.02%,801,16.2倍,3.09倍,3.46%
20260813,742,小林製薬,4967,東P,,"5,570",+9,+0.16%,798,41.4倍,1.98倍,1.90%
20260813,743,ノーリツ鋼機,7744,東P,,"2,126",+52,+2.51%,797,13.4倍,0.99倍,3.53%
20260813,744,三洋化,4471,東P,,"6,390",-30,-0.47%,796,12.9倍,0.87倍,3.13%
20260813,745,大阪ソーダ,4046,東P,,"2,116",+20,+0.95%,794,17.3倍,1.96倍,1.42%
20260813,746,名鉄,9048,東P,,"1,868.0",0,0.00%,791,9.39倍,0.74倍,3.21%
20260813,747,アイカ,4206,東P,,"4,152",-24,-0.57%,788,13.5倍,1.36倍,3.47%
20260813,748,ＦＣＣ,7296,東P,,"4,115",+15,+0.37%,788,11.5倍,0.94倍,4.37%
20260813,749,黒田グループ,287A,東S,,"1,191",+1,+0.08%,783,12.3倍,1.21倍,5.29%
20260813,750,オプトラン,6235,東P,,"3,235",+70,+2.21%,783,23.1倍,1.38倍,1.73%
20260813,751,航空電子,6807,東P,,"2,335",+34,+1.48%,783,26.3倍,1.09倍,2.14%
20260813,752,ｉＳ米国株,1655,東Ｅ,,889.7,+2.4,+0.27%,775,ー倍,ー倍,ー%
20260813,753,博報堂ＤＹ,2433,東P,,"1,241.0",-11.0,-0.88%,771,17.2倍,1.16倍,2.58%
20260813,754,森永,2201,東P,,"2,553.5",+15.5,+0.61%,761,13.0倍,1.48倍,2.74%
20260813,755,ポーラＨＤ,4927,東P,,"1,416.5",-11.5,-0.81%,759,34.8倍,1.94倍,3.67%
20260813,756,西松建,1820,東P,,"5,520",+86,+1.58%,757,10.6倍,1.13倍,4.53%
20260813,757,ミライトワン,1417,東P,,"3,483.0",+15.0,+0.43%,755,11.9倍,1.10倍,2.73%
20260813,758,富山第一銀,7184,東P,,"3,265",+225,+7.40%,752,15.3倍,1.03倍,2.30%
20260813,759,ｉＳゴールド,314A,東Ｅ,,332.6,+1.3,+0.39%,744,ー倍,ー倍,ー%
20260813,760,トリケミカル,4369,東P,,"3,405",+40,+1.19%,744,24.1倍,3.01倍,1.03%
20260813,761,相鉄ＨＤ,9003,東P,,"2,541.5",+33.0,+1.32%,744,11.0倍,1.17倍,2.75%
20260813,762,カチタス,8919,東P,,"3,565",+50,+1.42%,741,19.9倍,5.21倍,2.52%
20260813,763,パルＨＤ,2726,東P,,"1,497",+1,+0.07%,740,13.6倍,3.17倍,2.67%
20260813,764,ノート,5243,東G,,"2,532",+59,+2.39%,739,40.9倍,6.40倍,ー%
20260813,765,荒川化,4968,東P,,"2,465",+173,+7.55%,739,21.7倍,0.75倍,2.23%
20260813,766,北陸電,9505,東P,,957.0,+24.0,+2.57%,732,8.00倍,0.42倍,2.61%
20260813,767,野村金連動,1328,東Ｅ,,"16,485",-185,-1.11%,723,ー倍,ー倍,ー%
20260813,768,プロクレＨＤ,7384,東P,,"4,585",+275,+6.38%,723,18.6倍,0.76倍,2.18%
20260813,769,レスター,3156,東P,,"5,050",-50,-0.98%,722,10.5倍,1.45倍,2.87%
20260813,770,松井,8628,東P,,"1,108",+13,+1.19%,722,ー倍,3.51倍,ー%
20260813,771,山形銀,8344,東P,,"4,585",+335,+7.88%,720,19.0倍,0.91倍,2.14%
20260813,772,システナ,2317,東P,,428,-5,-1.15%,719,14.4倍,3.88倍,4.21%
20260813,773,セグエＧ,3968,東P,,590,-11,-1.83%,718,13.4倍,2.85倍,3.05%
20260813,774,リログループ,8876,東P,,"2,169.0",-15.0,-0.69%,714,14.6倍,4.20倍,3.46%
20260813,775,四国銀,8387,東P,,"3,535",+130,+3.82%,713,16.8倍,0.75倍,2.43%
20260813,776,コシダカＨＤ,2157,東P,,"1,022",+1,+0.10%,713,11.5倍,2.20倍,2.74%
20260813,777,フィンテック,8789,東S,,149,+11,+7.97%,711,6.24倍,1.93倍,3.36%
20260813,778,ＮＡＮＫＡＩ,9044,東P,,"2,941.5",+12.5,+0.43%,711,13.4倍,0.93倍,1.87%
20260813,779,オキサイド,6521,東G,,"3,440",+170,+5.20%,707,67.0倍,8.36倍,ー%
20260813,780,福井銀,8362,東P,,"6,770",+450,+7.12%,706,17.8倍,0.99倍,2.22%
20260813,781,東計電算,4746,東S,,"6,500",0,0.00%,706,13.6倍,2.02倍,7.33%
20260813,782,ディアライフ,3245,東P,,"1,115",+20,+1.83%,704,8.25倍,1.65倍,5.74%
20260813,783,東光高岳,6617,東P,,"7,680",+240,+3.23%,702,12.0倍,1.70倍,1.74%
20260813,784,ＮＳＳＯＬ,2327,東P,,"3,822",-31,-0.80%,701,21.7倍,2.53倍,2.28%
20260813,785,阪和興,8078,東P,,"1,792",0,0.00%,699,8.63倍,0.79倍,3.68%
20260813,786,サカタＩＮＸ,4633,東P,,"2,699",+5,+0.19%,698,11.2倍,1.04倍,3.71%
20260813,787,ＮＯＫ,7240,東P,,"3,114.0",+36.0,+1.17%,697,10.5倍,0.76倍,4.50%
20260813,788,ＧＭＯインタ,4784,東P,,553,-6,-1.07%,691,28.5倍,12.4倍,3.89%
20260813,789,みずほリース,8425,東P,,"1,356",-2,-0.15%,690,7.31倍,0.84倍,3.83%
20260813,790,上場半導体株,213A,東Ｅ,,422.8,+12.8,+3.12%,690,ー倍,ー倍,ー%
20260813,791,ＳＲＥＨＤ,2980,東P,,"2,518",-70,-2.70%,688,14.4倍,2.52倍,0.79%
20260813,792,東陽テク,8151,東P,,"2,069",+78,+3.92%,687,17.2倍,1.54倍,3.38%
20260813,793,インテグラル,5842,東G,,"3,085",+100,+3.35%,685,ー倍,1.49倍,1.20%
20260813,794,ＧＸテック日,2854,東Ｅ,,"2,897",+46,+1.61%,684,ー倍,ー倍,ー%
20260813,795,Ｕアローズ,7606,東P,,"2,553",-25,-0.97%,683,11.2倍,1.65倍,4.39%
20260813,796,伊藤園,2593,東P,,"2,982.5",-1.5,-0.05%,683,31.3倍,1.95倍,1.74%
20260813,797,イオンＦＳ,8570,東P,,"1,645.0",+16.5,+1.01%,682,23.7倍,0.76倍,3.22%
20260813,798,カーリット,4275,東P,,"2,064",+17,+0.83%,681,15.2倍,1.20倍,2.03%
20260813,799,東洋炭素,5310,東P,,"7,480",+150,+2.05%,681,31.4倍,1.61倍,1.94%
20260813,800,三井倉ＨＤ,9302,東P,,"3,329.0",-7.0,-0.21%,680,19.9倍,1.83倍,1.50%
20260813,801,アークランズ,9842,東P,,"1,903",+4,+0.21%,680,12.0倍,0.94倍,2.10%
20260813,802,日本アビオ,6946,東S,,"5,930",+90,+1.54%,680,20.9倍,5.14倍,0.25%
20260813,803,Ｕｍｉｏｓ,1333,東P,,"1,282.5",+4.5,+0.35%,679,12.8倍,0.78倍,3.51%
20260813,804,イワキポンプ,6237,東P,,"4,515",-90,-1.95%,679,19.5倍,2.38倍,2.04%
20260813,805,誠建設,8995,東S,,"1,280",-91,-6.64%,677,36.8倍,0.62倍,1.95%
20260813,806,伊勢化,4107,東S,,"3,760",-30,-0.79%,676,35.5倍,4.57倍,1.06%
20260813,807,オカモト,5122,東P,,"6,150",+50,+0.82%,674,18.3倍,0.96倍,2.11%
20260813,808,ＨＥＮＮＧＥ,4475,東G,,"1,444",-1,-0.07%,672,28.2倍,11.1倍,0.42%
20260813,809,クスリアオキ,3549,東S,,"4,010",0,0.00%,670,20.0倍,2.70倍,1.60%
20260813,810,ホシデン,6804,東P,,"2,922",+26,+0.90%,668,11.5倍,0.93倍,2.64%
20260813,811,西松屋チェ,7545,東P,,"2,009",-11,-0.54%,667,14.3倍,1.21倍,1.59%
20260813,812,琉球銀,8399,東P,,"3,195",+140,+4.58%,666,13.1倍,0.90倍,3.07%
20260813,813,ＵＳＭＨ,3222,東S,,808,-5,-0.62%,666,"1,122倍",0.81倍,1.98%
20260813,814,宝ＨＬＤ,2531,東P,,"2,050.0",+22.5,+1.11%,662,33.0倍,1.51倍,1.51%
20260813,815,平和,6412,東P,,"2,148",+1,+0.05%,662,10.4倍,0.84倍,3.72%
20260813,816,網屋,4258,東G,,"4,545",-295,-6.10%,660,44.0倍,16.0倍,0.44%
20260813,817,タムロン,7740,東P,,"1,426",-2,-0.14%,655,16.8倍,2.58倍,3.58%
20260813,818,三井松島ＨＤ,1518,東P,,"2,311",-2,-0.09%,655,9.95倍,1.48倍,5.63%
20260813,819,愛媛銀,8541,東P,,"3,040",+205,+7.23%,655,18.3倍,0.82倍,1.58%
20260813,820,アコム,8572,東S,,484.2,+1.5,+0.31%,654,11.9倍,1.06倍,4.54%
20260813,821,ＭＸ全世界株,2559,東Ｅ,,"3,034",+12,+0.40%,652,ー倍,ー倍,ー%
20260813,822,Ｄガレージ,4819,東P,,"2,325",-1,-0.04%,652,ー倍,1.42倍,ー%
20260813,823,ＡＫＩＢＡ,6840,東S,,698,-11,-1.55%,652,ー倍,1.37倍,ー%
20260813,824,日本ロジ,8967,東Ｒ,,"94,900",-800,-0.84%,651,ー倍,1.85倍,4.98%
20260813,825,京阪ＨＤ,9045,東P,,"3,149.0",+3.0,+0.10%,650,11.0倍,0.93倍,2.73%
20260813,826,ＳＦＯＯＤＳ,2292,東P,,"2,730",-7,-0.26%,649,13.3倍,0.66倍,4.03%
20260813,827,伊藤米久ＨＤ,2296,東P,,"5,070",+40,+0.80%,646,15.6倍,0.98倍,3.06%
20260813,828,グンゼ,3002,東P,,"4,205",-15,-0.36%,644,25.4倍,1.22倍,5.14%
20260813,829,レオパレス,8848,東P,,624,+5,+0.81%,644,8.93倍,4.12倍,2.40%
20260813,830,中国塗,4617,東P,,"3,675",-10,-0.27%,644,16.6倍,1.89倍,2.72%
20260813,831,ＷＴＩ原油,1671,東Ｅ,,"5,200",-28,-0.54%,644,ー倍,ー倍,ー%
20260813,832,楽天Ｗベア,1459,東Ｅ,,105,-2,-1.87%,642,ー倍,ー倍,ー%
20260813,833,エスケーエレ,6677,東S,,"3,395",-85,-2.44%,642,11.0倍,0.94倍,4.48%
20260813,834,ハウス食Ｇ,2810,東P,,"3,777",+29,+0.77%,641,19.8倍,1.17倍,2.65%
20260813,835,守谷輸送機,6226,東S,,"2,005",-30,-1.47%,639,16.0倍,4.61倍,1.90%
20260813,836,芙蓉リース,8424,東P,,"4,495",+38,+0.85%,636,8.45倍,0.79倍,3.83%
20260813,837,三井不ロジ,3471,東Ｒ,,"105,900","-1,300",-1.21%,636,ー倍,1.06倍,4.73%
20260813,838,おきなわＦＧ,7350,東P,,"7,930",+370,+4.89%,635,14.1倍,1.04倍,2.52%
20260813,839,芝浦機,6104,東P,,"4,240",+80,+1.92%,635,50.2倍,0.85倍,3.30%
20260813,840,イノテック,9880,東P,,"3,655",+95,+2.67%,633,8.57倍,1.65倍,3.56%
20260813,841,ノジマ,7419,東P,,"1,326",+9,+0.68%,632,8.03倍,1.52倍,1.51%
20260813,842,日本ＣＭＫ,6958,東P,,762,+18,+2.42%,631,18.1倍,0.66倍,3.67%
20260813,843,ｉＳＴＰＸ,1475,東Ｅ,,429.4,+3.9,+0.92%,631,ー倍,ー倍,ー%
20260813,844,石原産,4028,東P,,"3,105",+50,+1.64%,629,ー倍,0.93倍,4.19%
20260813,845,大平金,5541,東P,,"2,656",+2,+0.08%,628,345倍,0.75倍,4.89%
20260813,846,産業ファンド,3249,東Ｒ,,"136,500","-1,300",-0.94%,627,ー倍,1.39倍,5.86%
20260813,847,ＴＯＲＥＸ,6616,東P,,"2,117",+77,+3.77%,626,14.0倍,1.15倍,2.65%
20260813,848,住友精化,4008,東P,,"1,550",+41,+2.72%,626,12.5倍,0.94倍,4.52%
20260813,849,東亜建,1885,東P,,"2,056",+27,+1.33%,626,11.0倍,1.37倍,3.75%
20260813,850,ＴＰＸベア２,1356,東Ｅ,,101.7,-1.7,-1.64%,622,ー倍,ー倍,ー%
20260813,851,ネクステージ,3186,東P,,"3,590",+30,+0.84%,622,16.5倍,3.32倍,1.39%
20260813,852,ハウスリート,8984,東Ｒ,,"120,300",-700,-0.58%,621,ー倍,1.10倍,4.85%
20260813,853,藤田観,9722,東P,,"2,370",+34,+1.46%,621,11.4倍,3.30倍,0.84%
20260813,854,ＧＸＮデカバ,563A,東Ｅ,,"1,065",+6,+0.57%,618,ー倍,ー倍,ー%
20260813,855,フクダ電,6960,東S,,"11,870",-230,-1.90%,617,18.1倍,1.67倍,1.94%
20260813,856,東芝テック,6588,東P,,"3,250",+40,+1.25%,616,24.6倍,1.81倍,1.23%
20260813,857,アクセルＨＤ,402A,東G,,539,-4,-0.74%,615,ー倍,5.15倍,ー%
20260813,858,エブリー,607A,東G,,226,-29,-11.37%,608,9.66倍,2.74倍,ー%
20260813,859,鴻池運輸,9025,東P,,"2,880",-52,-1.77%,608,10.9倍,0.95倍,3.82%
20260813,860,ミラースＲ,3492,東Ｒ,,"80,400",-300,-0.37%,607,ー倍,0.90倍,6.72%
20260813,861,三洋貿易,3176,東P,,"1,125",+57,+5.34%,607,10.8倍,1.16倍,3.56%
20260813,862,ローランド,7944,東P,,"4,300",-90,-2.05%,607,15.8倍,2.61倍,3.95%
20260813,863,ｉＦナ百Ｗブ,2869,東Ｅ,,"3,014",+35,+1.17%,605,ー倍,ー倍,ー%
20260813,864,ヨコオ,6800,東P,,"4,320",+155,+3.72%,604,18.0倍,1.62倍,1.48%
20260813,865,ニッコンＨＤ,9072,東P,,"5,364",+64,+1.21%,603,29.8倍,2.66倍,2.09%
20260813,866,コクヨ,7984,東P,,872.8,-6.3,-0.72%,602,17.9倍,1.43倍,2.81%
20260813,867,ＤＴＳ,9682,東P,,"1,073",-16,-1.47%,601,14.3倍,2.80倍,3.54%
20260813,868,ＷＩＺＥ,3664,東G,,24,+1,+4.35%,600,ー倍,1.99倍,ー%
20260813,869,日本電技,1723,東S,,"2,186",+36,+1.67%,599,16.0倍,2.96倍,2.56%
20260813,870,プレミアＧ,7199,東P,,"2,146",-39,-1.78%,599,12.0倍,3.25倍,2.98%
20260813,871,イトーキ,7972,東P,,"2,662",+51,+1.95%,598,11.8倍,2.13倍,3.38%
20260813,872,ベクトル,6058,東P,,"1,728",-27,-1.54%,596,14.7倍,3.70倍,2.08%
20260813,873,ツバキナカ,6464,東P,,323,-17,-5.00%,596,24.7倍,0.32倍,ー%
20260813,874,日精機,7287,東S,,"2,609",-32,-1.21%,590,15.0倍,0.64倍,3.45%
20260813,875,アジアパイル,5288,東P,,"1,510",0,0.00%,588,7.47倍,1.06倍,4.64%
20260813,876,アカツキ,3932,東P,,"3,300",+70,+2.17%,588,ー倍,1.03倍,ー%
20260813,877,ダスキン,4665,東P,,"4,579",-24,-0.52%,588,20.4倍,1.38倍,2.95%
20260813,878,王将フード,9936,東P,,"2,892",+13,+0.45%,586,21.4倍,2.37倍,1.94%
20260813,879,電通総研,4812,東P,,"2,689",-9,-0.33%,584,29.2倍,4.98倍,1.67%
20260813,880,デジハＨＤ,3676,東P,,"1,058",+1,+0.09%,583,12.8倍,2.39倍,ー%
20260813,881,タングス,6998,東S,,"3,265",-45,-1.36%,581,22.1倍,1.14倍,2.76%
20260813,882,ステラケミ,4109,東P,,"5,540",+110,+2.03%,581,19.9倍,1.42倍,3.25%
20260813,883,技術承継機構,319A,東G,,"20,800","+1,050",+5.32%,581,ー倍,18.1倍,ー%
20260813,884,ＣＣＩＧ,7381,東P,,"1,257",+42,+3.46%,580,16.3倍,1.05倍,2.39%
20260813,885,カーブスＨＤ,7085,東P,,958,+15,+1.59%,579,17.7倍,3.58倍,3.13%
20260813,886,新日本空調,1952,東P,,"3,105",+60,+1.97%,579,11.0倍,1.74倍,3.86%
20260813,887,カゴメ,2811,東P,,"2,650.0",-7.0,-0.26%,579,22.8倍,1.24倍,2.19%
20260813,888,イオレ,2334,東G,,553,+17,+3.17%,577,18.7倍,6.82倍,ー%
20260813,889,大栄環境,9336,東P,,"3,835",-65,-1.67%,575,23.4倍,3.45倍,1.43%
20260813,890,クオリプス,4894,東G,,"5,280",+100,+1.93%,574,ー倍,9.94倍,ー%
20260813,891,福山運,9075,東P,,"6,180",+10,+0.16%,574,12.8倍,0.77倍,1.62%
20260813,892,スターゼン,8043,東P,,"1,489",+99,+7.12%,572,9.90倍,0.88倍,3.49%
20260813,893,レノバ,9519,東P,,944,+29,+3.17%,567,25.1倍,0.64倍,ー%
20260813,894,アイグリッド,603A,東G,,860,-26,-2.93%,567,17.4倍,3.70倍,ー%
20260813,895,マニー,7730,東P,,"1,604",+1,+0.06%,566,23.2倍,2.76倍,2.56%
20260813,896,大有機,4187,東P,,"4,920",+80,+1.65%,564,19.2倍,1.84倍,1.75%
20260813,897,サンバイオ,4592,東G,,"1,014",-3,-0.29%,564,ー倍,6.37倍,ー%
20260813,898,ＪＰＭＣ,3276,東P,,"2,244",0,0.00%,563,19.0倍,3.83倍,ー%
20260813,899,西鉄,9031,東P,,"3,023.0",+23.0,+0.77%,563,10.2倍,0.78倍,2.98%
20260813,900,クレスコ,4674,東P,,"1,898",+43,+2.32%,558,13.8倍,2.28倍,4.21%
20260813,901,コムチュア,3844,東P,,"1,447",-8,-0.55%,558,14.3倍,2.29倍,3.59%
20260813,902,オークネット,3964,東P,,"1,477",+12,+0.82%,557,17.2倍,4.52倍,5.55%
20260813,903,ライト,1926,東P,,"3,745",+10,+0.27%,553,13.0倍,1.82倍,3.90%
20260813,904,ノースサンド,446A,東G,,"1,781",+56,+3.25%,548,19.2倍,6.91倍,1.85%
20260813,905,バルカー,7995,東P,,"6,990",+150,+2.19%,548,14.2倍,2.20倍,2.86%
20260813,906,Ａｉロボ,247A,東G,,828,-12,-1.43%,547,ー倍,8.90倍,ー%
20260813,907,大紀ア,5702,東P,,"1,845",-5,-0.27%,546,6.01倍,0.93倍,4.88%
20260813,908,アルコニクス,3036,東P,,"3,595",+10,+0.28%,546,11.8倍,0.96倍,2.64%
20260813,909,因幡電産,9934,東P,,"3,048.0",+17.0,+0.56%,544,14.5倍,1.65倍,2.79%
20260813,910,井関農,6310,東P,,"1,746",-12,-0.68%,543,13.2倍,0.50倍,2.58%
20260813,911,エレメンツ,5246,東G,,840,+32,+3.96%,541,91.5倍,6.50倍,ー%
20260813,912,極東開発,7226,東P,,"2,328",+3,+0.13%,541,17.9倍,0.80倍,5.15%
20260813,913,渋沢倉,9304,東P,,"1,955",+64,+3.38%,539,15.1倍,1.51倍,4.60%
20260813,914,テレ朝ＨＤ,9409,東P,,"3,050",-10,-0.33%,538,12.3倍,0.64倍,3.28%
20260813,915,日証金,8511,東P,,"2,530",+34,+1.36%,538,18.6倍,1.45倍,3.72%
20260813,916,ＭＸ米株ＳＰ,2558,東Ｅ,,"3,554",+12,+0.34%,535,ー倍,ー倍,ー%
20260813,917,シップＨＤ,3360,東P,,"2,352.5",-13.5,-0.57%,535,13.4倍,1.46倍,2.76%
20260813,918,大同メ,7245,東P,,"1,349",+8,+0.60%,533,12.5倍,0.76倍,2.67%
20260813,919,東邦鉛,5707,東P,,"1,028",+22,+2.19%,533,5.43倍,1.38倍,ー%
20260813,920,ハートシード,219A,東G,,"1,942",+56,+2.97%,533,ー倍,6.22倍,ー%
20260813,921,エディオン,2730,東P,,"2,502",-1,-0.04%,531,16.9倍,1.10倍,2.00%
20260813,922,３ＤＭ,7777,東G,,364,+5,+1.39%,528,29.3倍,7.13倍,ー%
20260813,923,浅沼組,1852,東P,,926,0,0.00%,528,14.4倍,1.54倍,4.86%
20260813,924,松尾電,6969,東S,,"1,055",+96,+10.01%,527,8.61倍,1.09倍,1.42%
20260813,925,山洋電,6516,東P,,"5,930",+120,+2.07%,526,17.6倍,1.58倍,2.87%
20260813,926,ミライニＨＤ,546A,東P,,"2,555",+35,+1.39%,524,5.78倍,1.00倍,3.76%
20260813,927,バローＨＤ,9956,東P,,"3,170",0,0.00%,524,11.0倍,0.96倍,2.52%
20260813,928,東亜道,1882,東P,,"1,619",+23,+1.44%,523,17.8倍,1.46倍,5.56%
20260813,929,シークス,7613,東P,,"1,654",+33,+2.04%,522,9.51倍,0.71倍,3.02%
20260813,930,トーカロ,3433,東P,,"2,965",+14,+0.47%,522,16.2倍,2.64倍,3.10%
20260813,931,ニップン,2001,東P,,"2,849",+23,+0.81%,521,11.1倍,0.84倍,2.39%
20260813,932,トヨクモ,4058,東G,,"2,301",-162,-6.58%,520,17.8倍,5.63倍,1.17%
20260813,933,理計器,7734,東P,,"3,375",-75,-2.17%,519,16.0倍,1.76倍,1.78%
20260813,934,タムラ,6768,東P,,816,+34,+4.35%,519,14.4倍,1.00倍,1.96%
20260813,935,マクセル,6810,東P,,"2,397",-17,-0.70%,518,13.2倍,0.98倍,2.34%
20260813,936,鉄建建設,1815,東P,,"4,300",+80,+1.90%,518,9.51倍,0.79倍,5.35%
20260813,937,アスクル,2678,東P,,"1,257",-4,-0.32%,516,28.1倍,2.35倍,1.59%
20260813,938,テセック,6337,東S,,"3,530",+175,+5.22%,515,17.4倍,1.27倍,2.83%
20260813,939,エスビー,2805,東S,,"6,810",+110,+1.64%,514,20.3倍,1.67倍,0.88%
20260813,940,イズミ,8273,東P,,"1,007",+3,+0.30%,512,12.2倍,0.72倍,2.98%
20260813,941,ドトル日レス,3087,東P,,"3,190",+15,+0.47%,511,17.8倍,1.26倍,1.88%
20260813,942,ＡＣＳＬ,6232,東G,,"1,715",-43,-2.45%,511,ー倍,12.0倍,ー%
20260813,943,アイスタイル,3660,東P,,437,-8,-1.80%,510,31.2倍,1.93倍,0.46%
20260813,944,ＡＰＩ,3279,東Ｒ,,"139,700",-700,-0.50%,509,ー倍,1.23倍,4.69%
20260813,945,東エレデバ,2760,東P,,"4,310",+5,+0.12%,507,13.5倍,2.38倍,2.99%
20260813,946,オリオン,409A,東P,,"1,205",+18,+1.52%,506,17.3倍,2.87倍,2.82%
20260813,947,椿本チ,6371,東P,,"2,728",+22,+0.81%,505,12.6倍,0.93倍,2.93%
20260813,948,東京通信Ｇ,7359,東G,,259,+33,+14.60%,504,23.7倍,2.90倍,ー%
20260813,949,地主,3252,東P,,"2,967",+57,+1.96%,503,7.68倍,1.21倍,4.38%
20260813,950,ＬＩＦＵＬＬ,2120,東P,,222,+11,+5.21%,501,11.4倍,1.02倍,3.03%
20260813,951,タスキＨＤ,166A,東P,,"1,158",+41,+3.67%,501,12.3倍,2.21倍,4.32%
20260813,952,リケンＮＰＲ,6209,東P,,"3,925",+90,+2.35%,500,11.8倍,0.64倍,5.35%
20260813,953,コロンビア,146A,東S,Ｓ,"4,005",+700,+21.18%,500,7.29倍,1.64倍,2.35%
20260813,954,福田組,1899,東P,,"4,755",-35,-0.73%,498,12.1倍,0.84倍,2.94%
20260813,955,レイズネク,6379,東P,,"2,895",-5,-0.17%,498,17.4倍,1.77倍,4.08%
20260813,956,ジャフコＧ,8595,東P,,"2,289.5",-6.0,-0.26%,498,ー倍,0.90倍,5.81%
20260813,957,フジコピアン,7957,東S,,"2,550",+160,+6.69%,495,3.16倍,0.46倍,6.67%
20260813,958,岡三,8609,東P,,"1,124",+24,+2.18%,495,ー倍,0.96倍,ー%
20260813,959,コンフォリア,3282,東Ｒ,,"98,900",-700,-0.70%,495,ー倍,1.50倍,4.24%
20260813,960,東邦ＨＤ,8129,東P,,"3,817",+39,+1.03%,490,19.3倍,0.94倍,4.72%
20260813,961,Ｊプライム,8955,東Ｒ,,"96,600",-400,-0.41%,490,ー倍,1.37倍,4.43%
20260813,962,メドレー,4480,東P,,"2,177",+41,+1.92%,489,36.6倍,4.40倍,0.83%
20260813,963,青山商,8219,東P,,745,-3,-0.40%,488,13.9倍,0.61倍,5.10%
20260813,964,アイピーエス,4390,東P,,"3,740",+135,+3.74%,487,11.7倍,2.43倍,1.07%
20260813,965,稀元素,4082,東P,,"2,019",+65,+3.33%,485,32.5倍,1.25倍,1.49%
20260813,966,中電工,1941,東P,,"5,120",+90,+1.79%,485,13.8倍,1.07倍,2.73%
20260813,967,セレンＨＤ,7318,東G,,"1,421",-132,-8.50%,485,11.8倍,1.93倍,ー%
20260813,968,メニコン,7780,東P,,"1,974",+9,+0.46%,483,22.6倍,1.53倍,1.42%
20260813,969,トーモク,3946,東P,,"4,620",+40,+0.87%,482,9.43倍,0.75倍,3.68%
20260813,970,トランスＧＧ,2342,東S,,259,+28,+12.12%,482,28.8倍,0.89倍,ー%
20260813,971,ダイジェト,6138,東S,,"1,933",-39,-1.98%,479,6.76倍,0.57倍,3.62%
20260813,972,タクマ,6013,東P,,"3,215",0,0.00%,477,15.0倍,2.10倍,3.36%
20260813,973,ワイエイシイ,6298,東P,,"1,284",+20,+1.58%,477,11.3倍,1.40倍,3.50%
20260813,974,システムサポ,4396,東P,,"1,401",+133,+10.49%,477,13.4倍,4.02倍,3.00%
20260813,975,ＵＬＳグルプ,3798,東S,,509,-60,-10.54%,476,12.5倍,2.41倍,1.61%
20260813,976,佐賀銀,8395,東P,,"6,250",+280,+4.69%,472,11.4倍,0.80倍,1.76%
20260813,977,京三,6742,東P,,"1,069",+69,+6.90%,471,15.7倍,1.22倍,2.53%
20260813,978,科研薬,4521,東P,,"4,040",+30,+0.75%,470,23.5倍,1.00倍,4.70%
20260813,979,大和オフィス,8976,東Ｒ,,"325,500","-4,000",-1.21%,469,ー倍,1.25倍,4.41%
20260813,980,タダノ,6395,東P,,"1,407",-14,-0.99%,468,12.7倍,0.82倍,2.42%
20260813,981,日金銭,6418,東P,,"1,263",+52,+4.29%,468,14.9倍,0.92倍,3.64%
20260813,982,サガミＨＤ,9900,東P,,"2,184",-21,-0.95%,465,55.1倍,3.35倍,0.55%
20260813,983,ＭＸナスダク,2631,東Ｅ,,"33,920",+190,+0.56%,465,ー倍,ー倍,ー%
20260813,984,東洋証券,8614,東P,,687,+18,+2.69%,465,ー倍,1.63倍,ー%
20260813,985,ニッカトー,5367,東S,,"1,300",+87,+7.17%,464,19.4倍,1.06倍,1.77%
20260813,986,ＬＩＮＫ＆Ｍ,2170,東P,,611,+1,+0.16%,463,18.6倍,5.24倍,2.68%
20260813,987,ＶＩＸＥＴＦ,318A,東Ｅ,,391.6,-9.6,-2.39%,462,ー倍,ー倍,ー%
20260813,988,シナネンＨＤ,8132,東P,,"7,670",+490,+6.82%,461,16.0倍,1.40倍,1.56%
20260813,989,前田工繊,7821,東P,,"2,002",-64,-3.10%,460,13.9倍,1.75倍,1.60%
20260813,990,松竹,9601,東P,,"10,800",-90,-0.83%,460,67.5倍,1.41倍,0.28%
20260813,991,ｉＦ日本配当,435A,東Ｅ,,"2,725",-3,-0.11%,458,ー倍,ー倍,ー%
20260813,992,栗本鉄,5602,東P,,"1,701",-19,-1.10%,456,13.8倍,1.09倍,3.53%
20260813,993,カーボン,5302,東P,,"5,050",+60,+1.20%,454,20.0倍,0.99倍,3.96%
20260813,994,三桜工,6584,東P,,796,-10,-1.24%,453,19.0倍,0.59倍,3.52%
20260813,995,ハビックス,3895,東S,Ｓ,489,+80,+19.56%,453,11.0倍,0.50倍,3.27%
20260813,996,日ヒュム,5262,東P,,"1,163",+37,+3.29%,452,17.4倍,1.10倍,2.24%
20260813,997,松屋,8237,東P,,"2,008",+3,+0.15%,452,204倍,3.90倍,0.60%
20260813,998,ウイングアク,4432,東P,,"3,180",+20,+0.63%,450,14.9倍,2.42倍,3.40%
20260813,999,ラサールロジ,3466,東Ｒ,,"148,000","-1,400",-0.94%,449,ー倍,1.21倍,5.46%
20260813,1000,川田テク,3443,東P,,"1,372",+47,+3.55%,448,9.93倍,0.72倍,3.06%
20260813,1001,ユニソルＨＤ,7128,東P,,"2,883",-20,-0.69%,448,33.0倍,0.95倍,6.28%
20260813,1002,ワンキャリア,4377,東G,,"2,166",-35,-1.59%,448,18.6倍,5.88倍,1.62%
20260813,1003,ゲオＨＤ,2681,東P,,"2,289",+29,+1.28%,448,15.2倍,0.90倍,1.49%
20260813,1004,テクノ菱和,1965,東S,,"6,250",-50,-0.79%,447,10.9倍,1.90倍,2.85%
20260813,1005,酉島,6363,東P,,"3,175",-5,-0.16%,447,11.8倍,1.36倍,2.14%
20260813,1006,第一実,8059,東P,,"3,500",+50,+1.45%,446,11.8倍,1.20倍,3.57%
20260813,1007,荏原実業,6328,東P,,"2,351",+60,+2.62%,445,12.3倍,1.69倍,3.19%
20260813,1008,ＨＩＯＫＩ,6866,東P,,"12,030",+290,+2.47%,444,21.4倍,3.52倍,2.00%
20260813,1009,ジョイ本田,3191,東P,,"2,252",-14,-0.62%,444,20.6倍,1.07倍,ー%
20260813,1010,日清オイリオ,2602,東P,,"1,978",+18,+0.92%,443,15.1倍,0.85倍,3.03%
20260813,1011,平和不リート,8966,東Ｒ,,"132,000","-1,300",-0.98%,443,ー倍,1.32倍,6.11%
20260813,1012,ガンホー,3765,東P,,"2,410",-12,-0.50%,442,ー倍,1.10倍,ー%
20260813,1013,ＧＬテクノ,255A,東S,,"5,660",+170,+3.10%,440,13.3倍,1.48倍,2.23%
20260813,1014,リテールＰＡ,8167,東P,,"1,419",+12,+0.85%,440,11.2倍,0.66倍,2.82%
20260813,1015,住友倉,9303,東P,,"4,130",+15,+0.36%,439,18.2倍,0.99倍,2.49%
20260813,1016,ＧＸリー日株,2641,東Ｅ,,"4,626",+37,+0.81%,439,ー倍,ー倍,ー%
20260813,1017,ＩＤＥＣ,6652,東P,,"3,855",-70,-1.78%,438,19.1倍,1.55倍,3.37%
20260813,1018,丹青社,9743,東P,,"1,462",+15,+1.04%,438,12.1倍,1.84倍,5.47%
20260813,1019,ティラド,7236,東P,,"1,535",-17,-1.10%,437,9.15倍,1.63倍,5.34%
20260813,1020,大黒屋,6993,東S,,91,-3,-3.19%,434,108倍,12.4倍,ー%
20260813,1021,ロイヤルＨＤ,8179,東P,,"1,345",+2,+0.15%,434,23.3倍,2.36倍,1.30%
20260813,1022,鈴木,6785,東P,,"3,055",+83,+2.79%,433,11.0倍,1.38倍,3.67%
20260813,1023,日本ライフＬ,7575,東P,,"1,538",+23,+1.52%,431,13.5倍,1.68倍,5.27%
20260813,1024,東和薬品,4553,東P,,"3,785",+85,+2.30%,431,8.67倍,1.02倍,2.25%
20260813,1025,ｆｏｎｆｕｎ,2323,東S,,348,+58,+20.00%,431,16.4倍,5.21倍,ー%
20260813,1026,ニッタ,5186,東P,,"6,810",-160,-2.30%,430,12.5倍,1.11倍,2.50%
20260813,1027,サンエー,2659,東P,,"3,320",-20,-0.60%,428,18.0倍,1.33倍,3.31%
20260813,1028,ＡＺ丸和ＨＤ,9090,東P,,871,+7,+0.81%,428,14.1倍,1.91倍,3.67%
20260813,1029,松風,7979,東P,,"2,410",+120,+5.24%,428,18.1倍,1.68倍,2.78%
20260813,1030,東和銀,8558,東P,,"1,487",+95,+6.82%,427,9.61倍,0.62倍,3.36%
20260813,1031,ＣＳＨＤ,3810,東S,,190,+13,+7.34%,427,ー倍,2.38倍,ー%
20260813,1032,野村ナスＨ無,1545,東Ｅ,,240.0,+1.9,+0.80%,427,ー倍,ー倍,ー%
20260813,1033,日ガス,8174,東P,,"2,869.0",+15.0,+0.53%,425,21.8倍,4.76倍,3.83%
20260813,1034,オカムラ,7994,東P,,"2,343",+15,+0.64%,424,10.5倍,1.09倍,4.48%
20260813,1035,稲畑産,8098,東P,,"4,125",-5,-0.12%,424,10.5倍,0.91倍,3.47%
20260813,1036,化工機,6331,東P,,"3,250",+65,+2.04%,424,10.8倍,1.65倍,3.69%
20260813,1037,新電元,6844,東P,,"3,240",-50,-1.52%,424,12.2倍,0.45倍,3.09%
20260813,1038,アルゴグラフ,7595,東P,,"1,317",-6,-0.45%,423,12.6倍,1.91倍,4.94%
20260813,1039,アステリア,3853,東P,,"1,170",+38,+3.36%,423,ー倍,2.55倍,0.85%
20260813,1040,Ｊｏｓｈｉｎ,8173,東P,,"4,055",+50,+1.25%,422,30.0倍,0.98倍,2.47%
20260813,1041,大真空,6962,東P,,803,+13,+1.65%,421,256倍,0.65倍,3.49%
20260813,1042,チャットプラ,598A,東G,,"1,715",+52,+3.13%,418,22.2倍,10.6倍,0.52%
20260813,1043,オンワード,8016,東P,,767,-1,-0.13%,417,9.33倍,1.11倍,4.30%
20260813,1044,三井不商業,8964,東Ｒ,,"79,900",-500,-0.62%,416,ー倍,1.23倍,5.51%
20260813,1045,リョー菱ＨＤ,167A,東P,,"3,195",-35,-1.08%,414,17.1倍,0.93倍,4.38%
20260813,1046,三星ベ,5192,東P,,"4,520",0,0.00%,413,12.9倍,1.24倍,4.27%
20260813,1047,サカタタネ,1377,東P,,"4,400",+5,+0.11%,412,18.6倍,1.04倍,2.05%
20260813,1048,日本駐車場,2353,東P,,256,-1,-0.39%,412,14.0倍,4.08倍,3.52%
20260813,1049,東映,9605,東P,,"5,890",0,0.00%,412,29.2倍,1.25倍,0.20%
20260813,1050,トレファク,3093,東P,,"2,128",+24,+1.14%,410,14.1倍,3.71倍,2.16%
20260813,1051,ブルーゾーン,417A,東P,,"1,794.0",-4.5,-0.25%,410,15.2倍,1.77倍,1.78%
20260813,1052,ＪＰＨＤ,2749,東P,,657,+26,+4.12%,409,13.0倍,2.45倍,2.05%
20260813,1053,ビープラッツ,4381,東G,,400,-74,-15.61%,408,28.6倍,-3.0倍,ー%
20260813,1054,クオールＨＤ,3034,東P,,"2,470",+43,+1.77%,407,11.9倍,1.56倍,2.19%
20260813,1055,ディップ,2379,東P,,"1,868",+4,+0.21%,405,21.0倍,2.80倍,5.19%
20260813,1056,日セラ,6929,東P,,"3,750",+30,+0.81%,403,16.4倍,1.67倍,4.40%
20260813,1057,岩井コスモ,8707,東P,,"4,415",+80,+1.85%,403,ー倍,1.39倍,ー%
20260813,1058,西華産,8061,東P,,"3,095",+20,+0.65%,402,13.1倍,2.07倍,3.39%
20260813,1059,ＡＢＥＪＡ,5574,東G,,"2,815",+15,+0.54%,402,33.0倍,5.30倍,ー%
20260813,1060,ＮＩＳＳＨＡ,7915,東P,,"1,302",+27,+2.12%,401,19.3倍,0.53倍,3.84%
20260813,1061,テクマト,3762,東P,,"2,303",-18,-0.78%,401,17.2倍,3.52倍,2.34%
20260813,1062,ＴＳテック,7313,東P,,"1,817.0",-0.5,-0.03%,401,26.5倍,0.68倍,5.06%
20260813,1063,東海理,6995,東P,,"3,055",+30,+0.99%,400,13.0倍,0.75倍,3.93%
20260813,1064,日本コークス,3315,東P,,101,-1,-0.98%,400,58.7倍,0.86倍,ー%
20260813,1065,内外テック,3374,東S,,"4,485",+65,+1.47%,400,9.35倍,1.19倍,3.21%
20260813,1066,ビジョン,9416,東P,,"1,051",+15,+1.45%,400,9.84倍,2.52倍,4.85%
20260813,1067,エムアップ,3661,東P,,814,-19,-2.28%,398,16.3倍,6.06倍,2.95%
20260813,1068,ＩＴＦＯＲ,4743,東P,,"1,686",-66,-3.77%,397,13.1倍,2.22倍,4.74%
20260813,1069,コスピブル,2033,東EN,,"71,710","+3,660",+5.38%,396,ー倍,ー倍,ー%
20260813,1070,ＡＣＣＥＳＳ,4813,東P,,420,+11,+2.69%,395,25.9倍,2.34倍,ー%
20260813,1071,ＥＤＰ,7794,東G,,917,+14,+1.55%,395,ー倍,6.20倍,ー%
20260813,1072,ビーエンジ,4828,東P,,"1,361",+46,+3.50%,394,17.7倍,4.86倍,3.09%
20260813,1073,ウルフハンド,194A,東G,Ｓ,"1,900",+400,+26.67%,393,14.3倍,3.88倍,1.37%
20260813,1074,パイロット,7846,東P,,"1,969.5",-7.0,-0.35%,393,13.8倍,1.42倍,2.28%
20260813,1075,コジマ,7513,東P,,"1,350",0,0.00%,392,19.7倍,1.41倍,2.07%
20260813,1076,リケンテクノ,4220,東P,,"2,730",+16,+0.59%,391,13.5倍,1.88倍,3.11%
20260813,1077,ＳＰＤＲ,1326,東Ｅ,,"63,950",-250,-0.39%,391,ー倍,ー倍,ー%
20260813,1078,アバール,6918,東S,,"3,485",+90,+2.65%,388,10.7倍,0.94倍,3.04%
20260813,1079,アリアケ,2815,東P,,"5,370",+10,+0.19%,387,17.9倍,1.30倍,5.59%
20260813,1080,ＨＵＬＩＣＲ,3295,東Ｒ,,"154,400",-600,-0.39%,387,ー倍,1.10倍,5.18%
20260813,1081,ＨＰＣシス,6597,東G,,"3,685",+105,+2.93%,386,29.7倍,5.79倍,0.87%
20260813,1082,ＧＭＯ－ＦＧ,4051,東P,,"6,970",+160,+2.35%,385,30.8倍,8.28倍,1.79%
20260813,1083,ＫＨネオケム,4189,東P,,"3,465",+5,+0.14%,384,14.0倍,1.63倍,3.75%
20260813,1084,力の源ＨＤ,3561,東P,,"1,606",-9,-0.56%,383,26.8倍,4.02倍,1.49%
20260813,1085,板硝子,5202,東P,,483,+2,+0.42%,382,22.9倍,0.46倍,ー%
20260813,1086,トーエネク,1946,東P,,"2,119",+42,+2.02%,382,11.0倍,1.27倍,3.59%
20260813,1087,太平電,1968,東P,,"2,384",+6,+0.25%,381,12.5倍,1.20倍,3.15%
20260813,1088,インフ,438A,東G,,931,+63,+7.26%,381,40.5倍,3.46倍,ー%
20260813,1089,栄研化,4549,東P,,"2,276",+16,+0.71%,380,36.3倍,1.73倍,2.55%
20260813,1090,丸文,7537,東P,,"1,844",+50,+2.79%,378,12.1倍,0.84倍,4.18%
20260813,1091,日本電設,1950,東P,,"3,920",+60,+1.55%,378,12.1倍,1.07倍,3.24%
20260813,1092,ユーグレナ,2931,東P,,352,-3,-0.85%,377,ー倍,1.48倍,ー%
20260813,1093,ボードルア,4413,東P,,"2,754",-69,-2.44%,376,27.4倍,10.6倍,0.37%
20260813,1094,ダイセキ,9793,東P,,"3,870",+30,+0.78%,376,16.3倍,2.21倍,2.22%
20260813,1095,サン電子,6736,東S,,"10,080",+50,+0.50%,375,28.6倍,4.41倍,ー%
20260813,1096,藤コンポ,5121,東P,,"2,736",+48,+1.79%,375,13.2倍,1.27倍,3.14%
20260813,1097,ムゲンＥ,3299,東S,,"1,738",+57,+3.39%,373,8.59倍,1.15倍,5.98%
20260813,1098,東プレ,5975,東P,,"3,245",+70,+2.20%,372,10.5倍,0.63倍,3.08%
20260813,1099,助川電気,7711,東S,,"4,780",+10,+0.21%,369,29.2倍,4.72倍,1.09%
20260813,1100,サイバダイン,7779,東G,,242,+3,+1.26%,369,ー倍,0.81倍,ー%
20260813,1101,ロードスター,3482,東P,,"2,609",+26,+1.01%,368,5.77倍,1.48倍,3.13%
20260813,1102,船井総研ＨＤ,9757,東P,,"1,142",+6,+0.53%,368,16.3倍,4.02倍,4.20%
20260813,1103,ベル２４ＨＤ,6183,東P,,"1,385",-3,-0.22%,368,12.1倍,1.39倍,4.33%
20260813,1104,フージャース,3284,東P,,"1,279",+16,+1.27%,367,7.27倍,1.02倍,5.86%
20260813,1105,ＶＴＨＤ,7593,東P,,520,+7,+1.36%,366,8.43倍,0.83倍,4.62%
20260813,1106,ＩＭＶ,7760,東S,,"2,069",+88,+4.44%,366,17.8倍,2.51倍,1.45%
20260813,1107,アサカ理研,5724,東S,,"2,828",+106,+3.89%,365,18.2倍,2.44倍,0.42%
20260813,1108,佐藤商,8065,東P,,"3,725",+165,+4.63%,365,9.53倍,0.99倍,2.82%
20260813,1109,飛島ＨＤ,256A,東P,,"2,071",+10,+0.49%,364,8.28倍,0.75倍,5.31%
20260813,1110,フィーチャ,4052,東G,Ｓ,583,-150,-20.46%,363,81.2倍,4.93倍,ー%
20260813,1111,旭有機材,4216,東P,,"6,180",+170,+2.83%,362,19.0倍,1.42倍,2.10%
20260813,1112,ｉＦ高配４０,1651,東Ｅ,,"3,253",-2,-0.06%,361,ー倍,ー倍,ー%
20260813,1113,ＷＮＩウェザ,4825,東P,,"2,002",-4,-0.20%,358,23.1倍,3.73倍,2.50%
20260813,1114,山善,8051,東P,,"1,939",-3,-0.15%,358,16.9倍,1.18倍,2.89%
20260813,1115,ギフトＨＤ,9279,東P,,"5,320",+10,+0.19%,358,37.0倍,8.85倍,0.49%
20260813,1116,東鉄工,1835,東P,,"4,020",+45,+1.13%,357,10.7倍,1.06倍,3.78%
20260813,1117,カワチ薬品,2664,東P,,"3,680",+60,+1.66%,357,27.4倍,0.72倍,2.72%
20260813,1118,ライフコーポ,8194,東P,,"2,599",+2,+0.08%,357,11.8倍,1.43倍,2.69%
20260813,1119,スパークス,8739,東P,,"2,504",+56,+2.29%,357,ー倍,2.44倍,4.39%
20260813,1120,ＪＣＵ,4975,東P,,"5,670",+30,+0.53%,357,15.9倍,2.49倍,3.17%
20260813,1121,ＪＢＳ,5036,東P,,"1,642",+11,+0.67%,356,10.6倍,2.58倍,3.05%
20260813,1122,大崎電,6644,東P,,"1,559",+18,+1.17%,356,14.2倍,1.20倍,3.14%
20260813,1123,共和コーポ,6570,東S,,"3,160",+190,+6.40%,355,15.5倍,3.01倍,1.27%
20260813,1124,エフピコ,7947,東P,,"2,688",-4,-0.15%,355,ー倍,1.33倍,2.72%
20260813,1125,イオンリート,3292,東Ｒ,,"120,300",-800,-0.66%,354,ー倍,1.04倍,5.64%
20260813,1126,ＳＭＤリート,1398,東Ｅ,,"1,864.5",-8.5,-0.45%,353,ー倍,ー倍,ー%
20260813,1127,Ｊディスプレ,6740,東P,,50,+1,+2.04%,353,ー倍,-5.7倍,ー%
20260813,1128,北日銀,8551,東P,,"7,240",+370,+5.39%,351,13.0倍,0.61倍,2.65%
20260813,1129,パーカライ,4095,東P,,"1,727",0,0.00%,351,13.0倍,0.90倍,2.90%
20260813,1130,東テク,9960,東P,,"3,770",+10,+0.27%,351,11.3倍,2.07倍,3.40%
20260813,1131,ＧＸ防衛日株,513A,東Ｅ,,905,+18,+2.03%,351,ー倍,ー倍,ー%
20260813,1132,カナモト,9678,東P,,"5,410",-10,-0.18%,350,14.3倍,1.20倍,2.03%
20260813,1133,中央自,8117,東S,,"2,171",-21,-0.96%,350,12.6倍,1.89倍,2.90%
20260813,1134,ノエビアＨＤ,4928,東P,,"4,830",-10,-0.21%,349,20.1倍,3.23倍,4.76%
20260813,1135,三陽商,8011,東P,,"5,490",+160,+3.00%,348,13.4倍,1.38倍,3.35%
20260813,1136,千葉興,8337,東P,,"2,764",+62,+2.29%,347,17.9倍,1.04倍,0.72%
20260813,1137,セ硝子,4044,東P,,"4,630",-20,-0.43%,347,14.4倍,0.90倍,3.67%
20260813,1138,富士紡ＨＤ,3104,東P,,"3,710",+60,+1.64%,347,18.4倍,2.38倍,2.26%
20260813,1139,ＮＴＴ都市Ｒ,8956,東Ｒ,,"131,000","-1,000",-0.76%,346,ー倍,1.30倍,4.73%
20260813,1140,ＷＳＣＯＰＥ,6619,東P,,161,+4,+2.55%,346,ー倍,0.24倍,ー%
20260813,1141,クラボウ,3106,東P,,"10,590",+360,+3.52%,345,11.3倍,1.23倍,3.13%
20260813,1142,オリコ,8585,東P,,872,-3,-0.34%,344,11.5倍,0.61倍,4.59%
20260813,1143,京阪神ビル,8818,東P,,"1,093",+34,+3.21%,344,14.9倍,1.24倍,2.74%
20260813,1144,森ヒルズＲ,3234,東Ｒ,,"127,200","-1,000",-0.78%,344,ー倍,1.18倍,4.87%
20260813,1145,農中日経平均,2525,東Ｅ,,"68,960",+430,+0.63%,343,ー倍,ー倍,ー%
20260813,1146,ｉＦＴＰ年１,1305,東Ｅ,,"4,398",+38,+0.87%,343,ー倍,ー倍,ー%
20260813,1147,ＥＩＺＯ,6737,東P,,"2,971",+24,+0.81%,342,17.7倍,0.57倍,3.87%
20260813,1148,ワコム,6727,東P,,814,+7,+0.87%,341,10.8倍,2.94倍,2.95%
20260813,1149,フジシール,7864,東P,,"3,255",0,0.00%,341,11.4倍,1.06倍,2.67%
20260813,1150,ＴＯＫＡＩ,3167,東P,,"1,239",+11,+0.90%,341,14.5倍,1.55倍,3.07%
20260813,1151,イーグル工,6486,東P,,"3,085",+25,+0.82%,340,11.8倍,1.04倍,ー%
20260813,1152,ダイニック,3551,東S,,"1,585",+204,+14.77%,339,6.53倍,0.42倍,2.90%
20260813,1153,野村銀行１７,1631,東Ｅ,,"41,800","+1,230",+3.03%,339,ー倍,ー倍,ー%
20260813,1154,インターメス,262A,東P,,"1,930",-37,-1.88%,339,12.5倍,2.14倍,2.64%
20260813,1155,メタウォータ,9551,東P,,"3,200",+40,+1.27%,338,14.0倍,1.59倍,2.50%
20260813,1156,エンビプロ,5698,東S,,873,-9,-1.02%,338,11.9倍,1.32倍,2.52%
20260813,1157,やまみ,2820,東S,,"5,580",+400,+7.72%,337,18.8倍,3.28倍,1.79%
20260813,1158,サンゲツ,8130,東P,,"3,130",-5,-0.16%,337,13.6倍,1.51倍,4.95%
20260813,1159,くら寿司,2695,東P,,"1,692",-4,-0.24%,336,44.8倍,2.09倍,0.89%
20260813,1160,アルファＰ,9467,東G,,992,-8,-0.80%,335,11.3倍,1.85倍,2.72%
20260813,1161,ＧＸ銀行高配,315A,東Ｅ,,"1,982",+48,+2.48%,334,ー倍,ー倍,ー%
20260813,1162,ＨＩＳ,9603,東P,,"1,126",-12,-1.05%,333,ー倍,1.41倍,2.22%
20260813,1163,岡野バ,6492,東S,,"15,720","+1,150",+7.89%,333,18.0倍,1.83倍,0.51%
20260813,1164,オリエン白石,1786,東P,,351,+4,+1.15%,333,16.4倍,0.86倍,4.13%
20260813,1165,東京製鉄,5423,東P,,"1,734",-3,-0.17%,332,176倍,0.81倍,2.31%
20260813,1166,ホクト,1379,東P,,"1,977",-24,-1.20%,331,11.8倍,0.96倍,3.14%
20260813,1167,日本信号,6741,東P,,"1,852",+16,+0.87%,330,11.6倍,1.02倍,3.02%
20260813,1168,やまびこ,6250,東P,,"4,310",+90,+2.13%,329,10.7倍,1.34倍,2.55%
20260813,1169,マックス,6454,東P,,"1,842",-3,-0.16%,329,21.6倍,2.88倍,2.17%
20260813,1170,東合成,4045,東P,,"1,879.0",-0.5,-0.03%,329,16.8倍,0.90倍,3.83%
20260813,1171,ＡＩストーム,3719,東S,,117,-20,-14.60%,328,18.1倍,1.65倍,2.56%
20260813,1172,セルシス,3663,東P,,"1,848",-69,-3.60%,327,20.5倍,10.2倍,2.81%
20260813,1173,だいわ,6459,東P,,"1,740",+25,+1.46%,327,15.3倍,1.20倍,3.74%
20260813,1174,不二越,6474,東P,,"5,670",-10,-0.18%,327,16.5倍,0.69倍,1.94%
20260813,1175,ＣＡＣ,4725,東P,,"1,905",+38,+2.04%,326,ー倍,0.91倍,5.25%
20260813,1176,東競馬,9672,東P,,"5,140",+50,+0.98%,325,12.4倍,1.36倍,2.84%
20260813,1177,東急ＲＥ,8957,東Ｒ,,"186,500",+800,+0.43%,325,ー倍,1.44倍,4.30%
20260813,1178,フィデアＨＤ,8713,東P,,"2,628",+151,+6.10%,324,14.8倍,0.52倍,2.85%
20260813,1179,山岡家,3399,東S,,"3,750",+95,+2.60%,324,20.2倍,6.96倍,0.80%
20260813,1180,星野Ｒリート,3287,東Ｒ,,"238,700","-1,800",-0.75%,323,ー倍,0.96倍,5.61%
20260813,1181,ブロンコＢ,3091,東P,,"2,632",+75,+2.93%,323,30.2倍,3.44倍,0.76%
20260813,1182,エン,4849,東P,,"1,431",-11,-0.76%,323,9.89倍,1.58倍,4.77%
20260813,1183,ダイハツイン,6023,東S,,"2,921",-17,-0.58%,322,10.5倍,1.51倍,2.84%
20260813,1184,アイル,3854,東P,,"2,315",-13,-0.56%,322,14.3倍,4.62倍,2.85%
20260813,1185,ＳＢＳＨＤ,2384,東P,,"4,845",+15,+0.31%,322,13.3倍,1.84倍,2.48%
20260813,1186,新晃工,6458,東P,,"1,214",+6,+0.50%,321,11.3倍,1.25倍,4.12%
20260813,1187,ストライクＧ,6196,東P,,"1,319",-4,-0.30%,320,15.1倍,3.54倍,4.93%
20260813,1188,ＴＫＣ,9746,東P,,"3,985",0,0.00%,320,15.2倍,1.76倍,3.16%
20260813,1189,ＭＸ日半導体,221A,東Ｅ,,"1,188.0",+27.5,+2.37%,320,ー倍,ー倍,ー%
20260813,1190,グリーＨＤ,3632,東P,,426,+1,+0.24%,320,ー倍,0.77倍,5.16%
20260813,1191,アクシアル,8255,東P,,"1,200",-1,-0.08%,320,13.1倍,1.10倍,2.42%
20260813,1192,ＪＩＡ,7172,東P,,"2,062",-7,-0.34%,320,9.85倍,1.56倍,5.24%
20260813,1193,ＪＣＲファ,4552,東P,,527,+18,+3.54%,319,321倍,1.49倍,3.80%
20260813,1194,日曹達,4041,東P,,"3,910",-30,-0.76%,318,13.2倍,0.99倍,4.09%
20260813,1195,ＤＣＭ,3050,東P,,"1,560",-3,-0.19%,318,12.3倍,0.75倍,3.08%
20260813,1196,積化成,4228,東P,,643,+25,+4.05%,315,11.8倍,0.56倍,2.64%
20260813,1197,アイスペース,9348,東G,,421,0,0.00%,315,ー倍,7.20倍,ー%
20260813,1198,エノモト,6928,東S,,"3,105",+100,+3.33%,314,11.7倍,0.86倍,2.58%
20260813,1199,ヨドコウ,5451,東P,,"1,425",-14,-0.97%,313,17.3倍,1.04倍,4.35%
20260813,1200,ＫｅｅＰｅｒ,6036,東P,,"2,957",-1,-0.03%,313,8.64倍,3.36倍,3.38%
20260813,1201,三谷セキ,5273,東S,,"1,862",-1,-0.05%,312,12.8倍,1.23倍,2.34%
20260813,1202,文化シヤタ,5930,東P,,"1,835",+5,+0.27%,311,9.93倍,1.10倍,4.03%
20260813,1203,ＮＩＴＴＯＫ,6145,東S,,"2,406",+35,+1.48%,311,12.3倍,1.00倍,3.41%
20260813,1204,ブランジスタ,6176,東S,,975,+47,+5.06%,311,7.05倍,2.11倍,6.67%
20260813,1205,コーナン,7516,東P,,"4,250",+15,+0.35%,311,9.82倍,0.69倍,3.29%
20260813,1206,アズワン,7476,東P,,"2,365.5",-29.0,-1.21%,310,18.8倍,2.31倍,2.79%
20260813,1207,第一興商,7458,東P,,"1,814.0",-18.0,-0.98%,309,14.9倍,1.52倍,3.75%
20260813,1208,グロブライド,7990,東P,,"2,430",-25,-1.02%,309,9.37倍,0.80倍,4.12%
20260813,1209,セック,3741,東P,,"3,300",+65,+2.01%,309,21.4倍,3.35倍,1.88%
20260813,1210,モスフード,8153,東P,,"3,780",+35,+0.93%,307,32.4倍,2.00倍,0.90%
20260813,1211,木曽路,8160,東P,,"2,417",-12,-0.49%,307,32.4倍,2.19倍,1.24%
20260813,1212,ＰＩ,4290,東P,,717,+12,+1.70%,307,15.1倍,1.84倍,3.91%
20260813,1213,極東証券,8706,東P,,"1,852",+19,+1.04%,306,ー倍,1.12倍,ー%
20260813,1214,ＡＯＫＩＨＤ,8214,東P,,"1,692",-12,-0.70%,305,14.2倍,1.02倍,5.32%
20260813,1215,チェンジＨＤ,3962,東P,,993,+11,+1.12%,305,9.86倍,1.53倍,2.62%
20260813,1216,トランスコス,9715,東P,,"3,655",+20,+0.55%,303,10.2倍,1.09倍,3.97%
20260813,1217,大光銀,8537,東S,,"2,931",+168,+6.08%,303,8.55倍,0.34倍,3.62%
20260813,1218,ＫＬａｂ,3656,東P,,207,+1,+0.49%,303,ー倍,1.51倍,ー%
20260813,1219,Ｍラインズ,3901,東P,,"1,553",+38,+2.51%,303,11.9倍,2.82倍,3.73%
20260813,1220,アトム,7412,東S,,367,-3,-0.81%,303,ー倍,20.4倍,ー%
20260813,1221,フタバ,7241,東P,,"1,067",+23,+2.20%,302,6.81倍,0.68倍,4.22%
20260813,1222,横河ブＨＤ,5911,東P,,"2,923",-6,-0.20%,302,14.0倍,0.87倍,4.45%
20260813,1223,ビーエイブル,604A,東S,,962,-54,-5.31%,302,13.0倍,1.64倍,2.08%
20260813,1224,カーバイド,4064,東P,,"3,305",+30,+0.92%,301,9.95倍,0.80倍,4.05%
20260813,1225,ＧＡテクノ,3491,東G,,"1,479",-33,-2.18%,301,11.1倍,1.84倍,0.88%
20260813,1226,富士急,9010,東P,,"2,743",-7,-0.25%,301,25.3倍,3.48倍,1.20%
20260813,1227,四電工,1939,東P,,"2,149",+59,+2.82%,301,15.4倍,1.44倍,3.91%
20260813,1228,朝日工,1975,東P,,"3,810",+45,+1.20%,300,10.7倍,1.93倍,3.78%
20260813,1229,亀田製菓,2220,東P,,"1,315",+7,+0.54%,299,19.3倍,0.80倍,1.83%
20260813,1230,グロバワン,8958,東Ｒ,,"108,500",+300,+0.28%,299,ー倍,1.19倍,5.90%
20260813,1231,ＳＨＯＥＩ,7839,東P,,"2,028",-15,-0.73%,298,17.5倍,3.20倍,2.96%
20260813,1232,ユアテック,1934,東P,,"2,480",+31,+1.27%,298,12.9倍,1.10倍,3.15%
20260813,1233,東急建設,1720,東P,,"1,132",0,0.00%,297,10.9倍,1.09倍,3.80%
20260813,1234,三谷商,8066,東S,,"3,020",-115,-3.67%,297,11.9倍,1.34倍,2.91%
20260813,1235,ハードオフ,2674,東P,,"2,785",-54,-1.90%,297,11.7倍,1.95倍,3.30%
20260813,1236,新日本科学,2395,東P,,"1,497",+12,+0.81%,296,17.8倍,1.49倍,3.34%
20260813,1237,カヤバ,7242,東P,,"4,545",+10,+0.22%,296,11.4倍,0.78倍,3.56%
20260813,1238,平和不,8803,東P,,"2,370",+23,+0.98%,294,13.6倍,1.27倍,4.35%
20260813,1239,ブックオフＧ,9278,東P,,"2,819",-54,-1.88%,293,17.7倍,2.34倍,1.42%
20260813,1240,ラックランド,9612,東P,,"1,274",+6,+0.47%,293,5.71倍,1.11倍,3.14%
20260813,1241,ＣＲＥロジ,3487,東Ｒ,,"136,100",-800,-0.58%,293,ー倍,1.01倍,5.65%
20260813,1242,指月電,6994,東S,,"1,157",+56,+5.09%,292,13.3倍,1.05倍,2.29%
20260813,1243,日本高純度,4973,東P,,"4,810",+40,+0.84%,292,12.9倍,1.26倍,4.78%
20260813,1244,品川リフラ,5351,東P,,"2,044",-10,-0.49%,292,8.89倍,0.85倍,4.65%
20260813,1245,スミダコーポ,6817,東P,,"1,261",+29,+2.35%,292,11.4倍,0.66倍,4.20%
20260813,1246,ｍｅｉｔｏ,2207,東P,,"3,590",+60,+1.70%,291,12.7倍,0.89倍,2.23%
20260813,1247,ＪＥＨ,5889,東P,,"2,624",+55,+2.14%,291,14.5倍,3.48倍,3.28%
20260813,1248,丸全運,9068,東P,,"7,250",-40,-0.55%,291,10.8倍,0.96倍,3.03%
20260813,1249,大日精,4116,東P,,"1,367",+23,+1.71%,291,10.7倍,0.66倍,4.02%
20260813,1250,ファブリカ,4193,東S,,"2,095",-315,-13.07%,289,12.0倍,2.95倍,2.48%
20260813,1251,クオンツ総研,9552,東P,,"1,012",+20,+2.02%,288,14.9倍,7.51倍,ー%
20260813,1252,日農薬,4997,東P,,"1,184",+31,+2.69%,288,12.5倍,1.05倍,3.21%
20260813,1253,あらた,2733,東P,,"2,569",0,0.00%,288,12.3倍,0.70倍,4.36%
20260813,1254,ベース,4481,東P,,"3,270",+35,+1.08%,287,13.0倍,4.18倍,5.69%
20260813,1255,新日本建,1879,東P,,"2,275",+27,+1.20%,287,7.60倍,0.98倍,3.52%
20260813,1256,トランザク,7818,東P,,"1,178",-16,-1.34%,287,15.6倍,3.05倍,2.63%
20260813,1257,帝国繊維,3302,東P,,"3,330",-55,-1.62%,287,22.5倍,1.15倍,1.95%
20260813,1258,コンバム,6265,東S,,"3,490",-10,-0.29%,287,19.0倍,0.87倍,2.29%
20260813,1259,ＭＶ東海,8198,東S,,"3,185",-15,-0.47%,287,10.9倍,1.06倍,2.67%
20260813,1260,コメリ,8218,東P,,"3,870",-15,-0.39%,286,12.1倍,0.69倍,1.50%
20260813,1261,オープンＵＰ,2154,東P,,"2,001",-17,-0.84%,286,13.8倍,2.12倍,4.50%
20260813,1262,ＡＩＲＭＡＮ,6364,東P,,"2,604",+75,+2.97%,286,11.6倍,1.51倍,2.76%
20260813,1263,ユニバーサル,6425,東S,,784,+20,+2.62%,285,30.4倍,0.47倍,ー%
20260813,1264,紙パル商,8032,東P,,"1,263",+9,+0.72%,285,17.4倍,1.06倍,2.85%
20260813,1265,ＪＳＰ,7942,東P,,"3,105",+115,+3.85%,284,10.9倍,0.73倍,3.22%
20260813,1266,ＡＤプラズマ,6668,東S,,"3,705",+45,+1.23%,284,17.1倍,2.16倍,0.81%
20260813,1267,ｉＦＦＮＧ金,521A,東Ｅ,,"2,031",-32,-1.55%,284,ー倍,ー倍,ー%
20260813,1268,ミーク,332A,東G,,"1,031",+35,+3.51%,284,12.2倍,1.92倍,ー%
20260813,1269,ホーチキ,6745,東P,,"2,052",+2,+0.10%,281,17.0倍,2.25倍,1.95%
20260813,1270,ヨコレイ,2874,東P,,"2,076",+20,+0.97%,281,25.6倍,1.43倍,1.30%
20260813,1271,ソシラ物流,2979,東Ｒ,,"104,200","-1,300",-1.23%,279,ー倍,0.97倍,5.18%
20260813,1272,信越ポリ,7970,東P,,"2,310",+22,+0.96%,279,17.7倍,1.43倍,2.86%
20260813,1273,アドソル日進,3837,東P,,"1,472",+50,+3.52%,278,15.4倍,3.76倍,3.26%
20260813,1274,ハマキョウ,9037,東P,,"1,859",0,0.00%,278,12.8倍,1.39倍,2.47%
20260813,1275,東京綱,5981,東P,,"1,907",-6,-0.31%,278,9.80倍,0.71倍,3.67%
20260813,1276,ＳＲＡＨＤ,3817,東P,,"4,770",-100,-2.05%,277,10.7倍,1.70倍,4.61%
20260813,1277,リョービ,5851,東P,,"2,780",-4,-0.14%,276,7.37倍,0.47倍,3.81%
20260813,1278,ジャックス,8584,東P,,"3,780",+5,+0.13%,275,16.9倍,0.56倍,5.29%
20260813,1279,インソース,6200,東P,,709,-5,-0.70%,274,13.1倍,4.27倍,4.94%
20260813,1280,ＧＸ宇宙テク,610A,東Ｅ,,"1,213",+52,+4.48%,274,ー倍,ー倍,ー%
20260813,1281,内海造,7018,東S,,"11,670",-80,-0.68%,273,19.8倍,1.39倍,0.34%
20260813,1282,ＧｒｅｅｎＢ,3913,東S,,"1,072",-1,-0.09%,273,12.0倍,1.80倍,ー%
20260813,1283,テレ東ＨＤ,9413,東P,,"3,395",-50,-1.45%,273,11.3倍,0.86倍,2.95%
20260813,1284,ＪＢＣＣＨＤ,9889,東P,,"1,684",-24,-1.41%,273,17.0倍,4.17倍,3.56%
20260813,1285,スターマイカ,2975,東P,,"1,598",+13,+0.82%,272,10.1倍,1.80倍,3.19%
20260813,1286,アキレス,5142,東P,,"1,835",+46,+2.57%,272,11.4倍,0.56倍,2.72%
20260813,1287,岡本工,6125,東S,,"4,975",-35,-0.70%,271,16.4倍,0.78倍,3.22%
20260813,1288,サンマルク,3395,東P,,"2,411",+10,+0.42%,271,17.8倍,1.66倍,2.24%
20260813,1289,菱地所物流Ｒ,3481,東Ｒ,,"119,400","-1,100",-0.91%,271,ー倍,1.14倍,5.21%
20260813,1290,応用地質,9755,東P,,"2,837",+22,+0.78%,270,16.6倍,0.82倍,3.88%
20260813,1291,ＦＥＡＳＹ,212A,東P,,"3,040",-45,-1.46%,270,20.5倍,7.72倍,1.68%
20260813,1292,新日本電工,5563,東P,,424,-5,-1.17%,270,106倍,0.77倍,4.01%
20260813,1293,住石ＨＤ,1514,東S,,640,+15,+2.40%,270,23.6倍,1.35倍,2.34%
20260813,1294,日比谷設,1982,東P,,"2,984",+57,+1.95%,269,14.2倍,1.71倍,3.69%
20260813,1295,サンセイラン,3277,東S,,871,+121,+16.13%,269,6.48倍,0.95倍,4.31%
20260813,1296,小森,6349,東P,,"1,910",+5,+0.26%,267,14.1倍,0.81倍,5.24%
20260813,1297,ミダックＨＤ,6564,東P,,"2,159",+53,+2.52%,267,17.9倍,3.27倍,0.93%
20260813,1298,Ｇセキュリ,4417,東G,,"4,560",+15,+0.33%,266,34.3倍,15.4倍,1.08%
20260813,1299,フツパー,478A,東G,,757,+12,+1.61%,266,22.2倍,3.65倍,ー%
20260813,1300,コミニックス,3173,東S,,"1,498",-61,-3.91%,266,9.35倍,1.11倍,3.34%
20260813,1301,泉州電,9824,東P,,"6,680",-50,-0.74%,265,13.4倍,1.84倍,2.40%
20260813,1302,ぴあ,4337,東P,,"2,786",+77,+2.84%,264,28.5倍,3.97倍,1.08%
20260813,1303,いちごオフィ,8975,東Ｒ,,"94,300",-400,-0.42%,263,ー倍,1.39倍,12.1%
20260813,1304,エスペック,6859,東P,,"4,220",+60,+1.44%,263,15.1倍,1.48倍,2.73%
20260813,1305,テラスカイ,3915,東P,,"2,339",+48,+2.10%,262,19.8倍,2.41倍,0.73%
20260813,1306,グロバルＬＭ,3486,東P,,"1,963",+42,+2.19%,261,6.11倍,2.01倍,5.09%
20260813,1307,木村化,6378,東S,,"1,299",+27,+2.12%,261,13.5倍,1.25倍,3.16%
20260813,1308,ジャスト,4686,東P,,"4,010",-15,-0.37%,261,ー倍,2.11倍,0.75%
20260813,1309,ＮＪＳ,2325,東P,,"4,615",+15,+0.33%,261,17.9倍,1.42倍,2.38%
20260813,1310,わらべ日洋,2918,東P,,"2,833",+39,+1.40%,261,10.2倍,0.82倍,4.24%
20260813,1311,ｉＦ高配５０,354A,東Ｅ,,"3,319",-31,-0.93%,261,ー倍,ー倍,ー%
20260813,1312,杏林製薬,4569,東P,,"1,109",-4,-0.36%,260,42.5倍,0.45倍,2.25%
20260813,1313,トヨカネツ,6369,東P,,"2,469",+68,+2.83%,260,14.0倍,0.96倍,4.25%
20260813,1314,福岡リート,8968,東Ｒ,,"177,300",-400,-0.23%,259,ー倍,1.35倍,4.51%
20260813,1315,明星工,1976,東P,,"1,838",+51,+2.85%,259,15.1倍,1.24倍,3.54%
20260813,1316,スターツ,8850,東P,,"4,685",+5,+0.11%,259,8.54倍,1.16倍,3.20%
20260813,1317,ビーロット,3452,東S,,"1,530",+28,+1.86%,259,5.76倍,1.36倍,5.23%
20260813,1318,オイレス,6282,東P,,"2,931",+13,+0.45%,258,16.7倍,1.05倍,3.24%
20260813,1319,大和証券リビ,8986,東Ｒ,,"95,500",-600,-0.62%,258,ー倍,1.21倍,5.26%
20260813,1320,アイチコーポ,6345,東P,,"1,400",-1,-0.07%,257,13.5倍,1.21倍,4.64%
20260813,1321,スクロール,8005,東P,,"1,875",+5,+0.27%,257,13.6倍,1.65倍,5.44%
20260813,1322,トリドリ,9337,東G,,"1,325",-78,-5.56%,257,9.73倍,2.44倍,ー%
20260813,1323,壱番屋,7630,東P,,934,+6,+0.65%,257,54.8倍,4.69倍,1.71%
20260813,1324,ＮＳグループ,471A,東P,,"1,575",-8,-0.51%,256,10.1倍,2.97倍,4.83%
20260813,1325,中山鋼,5408,東P,,628,-8,-1.26%,256,8.74倍,0.31倍,3.18%
20260813,1326,アトラエ,6194,東P,,892,-9,-1.00%,255,20.6倍,4.92倍,4.15%
20260813,1327,Ｒみらい,3476,東Ｒ,,"40,350",-350,-0.86%,255,ー倍,0.88倍,6.39%
20260813,1328,アルバリンク,5537,東G,,"3,125",-70,-2.19%,255,18.0倍,10.2倍,ー%
20260813,1329,片倉,3001,東S,,"2,885",-115,-3.83%,255,12.3倍,0.91倍,2.08%
20260813,1330,アース製薬,4985,東P,,"4,825",+5,+0.10%,254,17.1倍,1.31倍,2.69%
20260813,1331,冶金工,5480,東P,,"5,450",+20,+0.37%,253,8.39倍,0.74倍,4.04%
20260813,1332,トラスコ中山,9830,東P,,"2,417",-11,-0.45%,253,10.5倍,0.82倍,2.52%
20260813,1333,イオンファン,4343,東P,,"2,821",+32,+1.15%,253,18.6倍,7.12倍,0.71%
20260813,1334,ジーテクト,5970,東P,,"2,281",+16,+0.71%,252,7.51倍,0.43倍,4.30%
20260813,1335,共同印,7914,東P,,"1,737",+47,+2.78%,252,11.4倍,0.69倍,4.61%
20260813,1336,ＧＭＳ,544A,東P,,332,-4,-1.19%,252,3.19倍,0.38倍,ー%
20260813,1337,ミツバ,7280,東P,,"1,231",+39,+3.27%,252,5.29倍,0.52倍,2.44%
20260813,1338,サカイ引越,9039,東P,,"2,935",-23,-0.78%,251,13.5倍,1.17倍,3.99%
20260813,1339,パソナＧ,2168,東P,,"1,629",-6,-0.37%,251,ー倍,0.48倍,4.60%
20260813,1340,ＴＳＩＨＤ,3608,東P,,"1,231",+1,+0.08%,251,8.98倍,0.75倍,5.69%
20260813,1341,フルキャスト,4848,東P,,"1,845",+13,+0.71%,250,11.8倍,2.00倍,3.47%
20260813,1342,アークス,9948,東P,,"3,565",-5,-0.14%,249,15.3倍,0.97倍,2.30%
20260813,1343,矢作建,1870,東P,,"2,061",+26,+1.28%,249,9.57倍,1.17倍,5.34%
20260813,1344,若築建,1888,東P,,"3,920",+140,+3.70%,249,11.4倍,0.94倍,3.70%
20260813,1345,カメイ,8037,東P,,"4,340",+125,+2.97%,249,11.0倍,0.74倍,3.13%
20260813,1346,リンガハット,8200,東P,,"2,307",+38,+1.67%,249,49.8倍,3.89倍,0.56%
20260813,1347,丸大食,2288,東P,,"2,184",+20,+0.92%,248,8.16倍,0.70倍,3.66%
20260813,1348,フライト,3753,東S,,232,+10,+4.50%,247,14.2倍,3.80倍,ー%
20260813,1349,ＡＳＢ機械,6284,東P,,"9,450",0,0.00%,247,15.6倍,2.18倍,2.54%
20260813,1350,世紀東急,1898,東P,,"1,471",+11,+0.75%,247,11.5倍,1.25倍,5.10%
20260813,1351,ソラコム,147A,東G,,"1,056",-71,-6.30%,247,68.4倍,4.29倍,ー%
20260813,1352,ＧＸＮカバコ,2865,東Ｅ,,"1,269",0,0.00%,246,ー倍,ー倍,ー%
20260813,1353,アズーム,3496,東P,,"4,620",+40,+0.87%,246,25.9倍,9.03倍,2.73%
20260813,1354,サクシード,9256,東G,,"1,200",-100,-7.69%,246,16.5倍,1.64倍,1.33%
20260813,1355,愛知鋼,5482,東P,,"3,160",-10,-0.32%,246,18.0倍,0.86倍,4.75%
20260813,1356,シグマクシス,6088,東P,,543,-8,-1.45%,245,9.85倍,3.38倍,4.79%
20260813,1357,あいＨＤ,3076,東P,,"2,928",-18,-0.61%,245,15.2倍,1.37倍,4.27%
20260813,1358,合同鉄,5410,東P,,"2,925",0,0.00%,244,9.95倍,0.30倍,3.42%
20260813,1359,トーセイ,8923,東P,,"1,766",+13,+0.74%,243,11.3倍,1.54倍,3.11%
20260813,1360,スズデン,7480,東S,,"3,420",+135,+4.11%,243,15.6倍,2.62倍,5.15%
20260813,1361,野村商社卸売,1629,東Ｅ,,268.9,-0.7,-0.26%,243,ー倍,ー倍,ー%
20260813,1362,大末建,1814,東P,,"3,670",0,0.00%,241,9.79倍,1.48倍,5.07%
20260813,1363,Ｍ＆Ａキャピ,6080,東P,,"4,035",-35,-0.86%,241,16.7倍,2.69倍,1.80%
20260813,1364,沖縄電,9511,東P,,"1,102",+9,+0.82%,241,17.6倍,0.49倍,4.54%
20260813,1365,ＹＵＡＳＡ,8074,東P,,"6,020",+60,+1.01%,240,11.0倍,1.03倍,3.16%
20260813,1366,新明和,7224,東P,,"2,017",+13,+0.65%,240,12.7倍,1.07倍,2.88%
20260813,1367,市光工,7244,東P,,588,+24,+4.26%,239,11.3倍,0.68倍,3.06%
20260813,1368,サンフロ不,8934,東P,,"2,491",+39,+1.59%,239,8.19倍,1.05倍,3.21%
20260813,1369,森トラストＲ,8961,東Ｒ,,"74,200",-200,-0.27%,238,ー倍,1.13倍,4.89%
20260813,1370,飯野海,9119,東P,,"1,569",+6,+0.38%,238,11.9倍,0.99倍,3.38%
20260813,1371,日東工,6651,東P,,"4,465",+25,+0.56%,238,14.6倍,1.37倍,3.45%
20260813,1372,大日塗,4611,東P,,"1,528",+51,+3.45%,237,12.9倍,0.66倍,3.80%
20260813,1373,ＳＢＩアルヒ,7198,東P,,844,+2,+0.24%,237,18.0倍,0.90倍,4.74%
20260813,1374,ブレーキ,7238,東P,,110,+2,+1.85%,236,11.9倍,0.59倍,ー%
20260813,1375,電算システム,4072,東P,,"3,095",+80,+2.65%,236,12.7倍,1.29倍,3.23%
20260813,1376,ネットプロ,7383,東P,,450,-3,-0.66%,236,20.5倍,2.13倍,ー%
20260813,1377,クリエイトＳ,3148,東P,,"3,315",0,0.00%,235,12.6倍,1.39倍,2.90%
20260813,1378,愛三工,7283,東P,,"2,271",+21,+0.93%,234,9.66倍,0.90倍,3.65%
20260813,1379,エターナルＧ,3193,東P,,"1,501",+20,+1.35%,233,16.4倍,3.20倍,1.53%
20260813,1380,コロプラ,3668,東P,,415,-1,-0.24%,232,ー倍,0.80倍,ー%
20260813,1381,エイベックス,7860,東P,,"1,225",+6,+0.49%,232,16.3倍,1.02倍,4.08%
20260813,1382,サーラ,2734,東P,,"1,190",+24,+2.06%,232,12.8倍,0.79倍,2.86%
20260813,1383,アルペン,3028,東P,,"2,352",0,0.00%,232,14.2倍,0.72倍,2.55%
20260813,1384,マイクロ波,9227,東G,,914,+16,+1.78%,232,"3,656倍",121倍,ー%
20260813,1385,共英製鋼,5440,東P,,"1,923",-13,-0.67%,232,9.95倍,0.40倍,3.64%
20260813,1386,ｉＳＢＡＩ,408A,東Ｅ,,300.7,+9.1,+3.12%,232,ー倍,ー倍,ー%
20260813,1387,ＤＩＴ,3916,東P,,958,+8,+0.84%,231,12.9倍,3.12倍,4.38%
20260813,1388,ＧＸＵテック,2244,東Ｅ,,"3,653",+3,+0.08%,231,ー倍,ー倍,ー%
20260813,1389,菱鉛筆,7976,東P,,"2,917",+1,+0.03%,231,18.2倍,1.06倍,1.95%
20260813,1390,立花エレ,8159,東P,,"4,280",+155,+3.76%,231,13.4倍,0.86倍,2.80%
20260813,1391,全保連,5845,東S,,"1,225",+13,+1.07%,230,11.5倍,4.14倍,4.41%
20260813,1392,ミズホメディ,4595,東S,,"1,719",+26,+1.54%,229,10.2倍,1.76倍,5.82%
20260813,1393,エクセレント,8987,東Ｒ,,"141,000","-1,100",-0.77%,229,ー倍,1.24倍,4.33%
20260813,1394,ＫＰＰＧＨＤ,9274,東P,,"1,085",+22,+2.07%,228,13.4倍,0.74倍,3.69%
20260813,1395,大王紙,3880,東P,,964,-11,-1.13%,228,12.4倍,0.65倍,1.45%
20260813,1396,キッセイ,4547,東P,,"4,140",-20,-0.48%,228,13.1倍,0.76倍,4.11%
20260813,1397,動物高度医療,6039,東G,,"1,127",+48,+4.45%,228,16.4倍,2.98倍,1.15%
20260813,1398,冨士ダイス,6167,東P,,"1,096",-5,-0.45%,227,34.7倍,1.06倍,3.65%
20260813,1399,西部ガスＨＤ,9536,東P,,"2,382",+21,+0.89%,227,10.7倍,0.70倍,2.94%
20260813,1400,イエロハット,9882,東P,,"1,754",+5,+0.29%,227,12.1倍,1.19倍,3.88%
20260813,1401,加藤産,9869,東P,,"6,460",-10,-0.15%,226,13.6倍,1.13倍,2.48%
20260813,1402,アイザワ証Ｇ,8708,東P,,"1,725",+30,+1.77%,226,ー倍,1.12倍,ー%
20260813,1403,東京機,6335,東S,Ｓ,596,-100,-14.37%,226,8.43倍,0.52倍,ー%
20260813,1404,Ｏｎｅ２２５,1369,東Ｅ,,"68,740",+740,+1.09%,226,ー倍,ー倍,ー%
20260813,1405,木村工機,6231,東S,,"13,590",+210,+1.57%,226,13.8倍,3.29倍,1.47%
20260813,1406,ヤマエＧＨＤ,7130,東P,,"2,890",+2,+0.07%,225,6.43倍,0.73倍,2.77%
20260813,1407,デンヨー,6517,東P,,"4,100",-45,-1.09%,225,14.0倍,0.99倍,4.15%
20260813,1408,シーイーシー,9692,東P,,"2,304",+26,+1.14%,225,12.6倍,1.66倍,3.69%
20260813,1409,ロボホーム,1435,東S,,171,+5,+3.01%,225,7.60倍,1.37倍,1.17%
20260813,1410,いちよし,8624,東P,,"1,635",+70,+4.47%,224,ー倍,1.71倍,ー%
20260813,1411,白銅,7637,東P,,"3,810",-100,-2.56%,223,12.0倍,1.65倍,3.75%
20260813,1412,ＣＡＩＣＡＤ,2315,東S,,63,+2,+3.28%,223,124倍,1.84倍,ー%
20260813,1413,スターアジア,3468,東Ｒ,,"53,100",-300,-0.56%,223,ー倍,0.98倍,6.21%
20260813,1414,ナガホリ,8139,東S,,"2,349",+109,+4.87%,221,60.0倍,2.59倍,0.64%
20260813,1415,丸三,8613,東P,,"1,219",+18,+1.50%,221,ー倍,1.52倍,ー%
20260813,1416,三菱総研,3636,東P,,"4,820",+40,+0.84%,220,11.5倍,0.98倍,3.42%
20260813,1417,プレス工,7246,東P,,964,+2,+0.21%,220,11.8倍,0.78倍,5.19%
20260813,1418,ノーリツ,5943,東P,,"2,370",+7,+0.30%,220,12.6倍,0.76倍,3.97%
20260813,1419,建設技研,9621,東P,,"3,260",+70,+2.19%,220,12.7倍,1.31倍,3.37%
20260813,1420,乃村工芸社,9716,東P,,"1,183",-5,-0.42%,220,14.3倍,2.27倍,3.72%
20260813,1421,ヤマシン―Ｆ,6240,東P,,531,-7,-1.30%,219,18.4倍,1.68倍,3.77%
20260813,1422,アネスト岩田,6381,東P,,"1,926",+12,+0.63%,217,18.9倍,1.49倍,4.83%
20260813,1423,不動テトラ,1813,東P,,"2,811",+72,+2.63%,217,13.3倍,1.15倍,4.09%
20260813,1424,サイバーリン,3683,東S,,"1,068",-15,-1.39%,217,9.10倍,1.22倍,3.28%
20260813,1425,ＤＮＣ,4246,東P,,"1,111",+11,+1.00%,217,7.16倍,0.81倍,5.22%
20260813,1426,多木化,4025,東P,,"5,800",+70,+1.22%,216,13.8倍,1.03倍,1.81%
20260813,1427,ワキタ,8125,東P,,"1,931",+2,+0.10%,216,26.7倍,0.99倍,5.18%
20260813,1428,能美防災,6744,東P,,"4,485",+5,+0.11%,216,19.8倍,1.95倍,2.59%
20260813,1429,ＴＯＡ,6809,東P,,"1,726",+22,+1.29%,216,17.6倍,1.04倍,4.92%
20260813,1430,ユトリ,5892,東G,,"2,197",-8,-0.36%,216,15.0倍,6.23倍,ー%
20260813,1431,日山村硝,5210,東S,,"2,980",-11,-0.37%,216,10.5倍,0.53倍,5.03%
20260813,1432,インテリＷ,4847,東P,,"1,273",+13,+1.03%,215,21.8倍,3.31倍,2.91%
20260813,1433,アンビＤＸ,3300,東G,,"2,294",+73,+3.29%,215,6.55倍,1.70倍,4.88%
20260813,1434,八洲電機,3153,東P,,"2,972",+94,+3.27%,215,11.5倍,1.78倍,1.88%
20260813,1435,鶴見製,6351,東P,,"2,440",+4,+0.16%,214,15.9倍,1.12倍,1.48%
20260813,1436,北里,368A,東P,,"1,589",-9,-0.56%,213,15.7倍,3.20倍,2.58%
20260813,1437,ゲンキＧＤＣ,9828,東S,,"3,335",+45,+1.37%,212,17.9倍,2.97倍,2.10%
20260813,1438,図研,6947,東P,,"4,945",+5,+0.10%,212,18.3倍,2.54倍,3.03%
20260813,1439,オーバル,7727,東S,,821,+28,+3.53%,212,11.8倍,1.06倍,3.41%
20260813,1440,ミマキエンジ,6638,東P,,"1,933",+29,+1.52%,212,9.18倍,1.36倍,2.85%
20260813,1441,コーセル,6905,東P,,"1,375",+51,+3.85%,211,35.3倍,1.08倍,4.36%
20260813,1442,内田洋,8057,東P,,"2,140",0,0.00%,211,9.18倍,1.29倍,3.36%
20260813,1443,ＲＹＯＤＥＮ,8084,東P,,"4,605",+150,+3.37%,211,16.5倍,1.04倍,3.69%
20260813,1444,高速,7504,東P,,"4,665",-40,-0.85%,211,22.9倍,2.15倍,2.57%
20260813,1445,リバーエレク,6666,東S,,823,-28,-3.29%,210,"3,429倍",1.48倍,1.22%
20260813,1446,東京エネシス,1945,東P,,"2,065",+37,+1.82%,210,13.2倍,0.95倍,3.73%
20260813,1447,日シス技術,4323,東P,,"1,959",+44,+2.30%,210,16.3倍,3.00倍,2.55%
20260813,1448,ダイナマップ,336A,東G,,747,+30,+4.18%,208,ー倍,2.79倍,ー%
20260813,1449,三愛オブリ,8097,東P,,"2,337",-17,-0.72%,208,17.6倍,1.25倍,4.28%
20260813,1450,学情,2301,東P,,"1,645",+4,+0.24%,208,10.9倍,1.48倍,4.56%
20260813,1451,シェアテク,3989,東G,,"1,466",-9,-0.61%,207,14.0倍,7.15倍,3.75%
20260813,1452,乾汽船,9308,東S,,"2,033",-27,-1.31%,207,13.4倍,1.34倍,2.24%
20260813,1453,ＺＡＣＲＯＳ,7917,東P,,"1,280",+10,+0.79%,207,14.1倍,0.95倍,2.81%
20260813,1454,リミックス,3825,東S,,222,-1,-0.45%,207,3.88倍,1.36倍,1.35%
20260813,1455,Ｋｕｄａｎ,4425,東G,,"1,720",0,0.00%,206,ー倍,7.81倍,ー%
20260813,1456,ピーエス,1871,東P,,"2,312",+28,+1.23%,206,13.9倍,1.68倍,4.37%
20260813,1457,タマホーム,1419,東P,,"2,933",+5,+0.17%,205,21.3倍,2.87倍,4.43%
20260813,1458,イリソ電子,6908,東P,,"2,788",+20,+0.72%,205,12.4倍,0.79倍,3.59%
20260813,1459,サイバーセキ,4493,東G,,"1,947",+7,+0.36%,205,22.6倍,4.23倍,0.31%
20260813,1460,マイポックス,5381,東S,,973,+37,+3.95%,205,15.1倍,1.49倍,1.03%
20260813,1461,４℃ホールデ,8008,東P,,"2,085",+16,+0.77%,204,16.9倍,1.12倍,4.08%
20260813,1462,サンワテク,8137,東P,,"4,055",+125,+3.18%,204,15.1倍,1.12倍,3.21%
20260813,1463,イー・ギャラ,8771,東P,,"1,844",+16,+0.88%,203,21.6倍,4.21倍,4.56%
20260813,1464,多摩川ＨＤ,6838,東S,,"1,515",+24,+1.61%,203,7.53倍,1.52倍,0.66%
20260813,1465,グロービング,277A,東P,,"1,686",-20,-1.17%,203,14.2倍,5.98倍,2.11%
20260813,1466,ステムリム,4599,東G,,356,+13,+3.79%,202,ー倍,4.85倍,ー%
20260813,1467,安田倉,9324,東P,,"2,552",+42,+1.67%,201,11.8倍,0.70倍,2.90%
20260813,1468,神鋼商,8075,東P,,"2,992",+36,+1.22%,200,8.32倍,0.77倍,4.61%
20260813,1469,東京鉄,5445,東P,,"2,001",+3,+0.15%,200,7.05倍,0.80倍,5.00%
20260813,1470,チャームケア,6062,東P,,"1,427",+22,+1.57%,199,11.5倍,2.03倍,3.36%
20260813,1471,静ガス,9543,東P,,"1,247",-7,-0.56%,199,10.3倍,0.67倍,3.61%
20260813,1472,象印,7965,東P,,"1,461",-2,-0.14%,199,19.3倍,1.02倍,3.15%
20260813,1473,エフ・コード,9211,東G,,"1,529",-5,-0.33%,199,9.88倍,2.35倍,ー%
20260813,1474,日工,6306,東P,,992,+11,+1.12%,199,14.4倍,1.03倍,4.23%
20260813,1475,セイワＨＤ,523A,東G,,"1,780",+20,+1.14%,198,ー倍,5.43倍,ー%
20260813,1476,プリマ,2281,東P,,"2,397",+8,+0.33%,197,16.1倍,0.99倍,3.34%
20260813,1477,リズム,7769,東P,,"4,015",+90,+2.29%,197,18.8倍,0.93倍,4.17%
20260813,1478,日リーテック,1938,東P,,"2,436",+34,+1.42%,197,9.83倍,0.89倍,3.98%
20260813,1479,ＡＤＷＧ,2982,東P,,424,+5,+1.19%,197,6.77倍,0.94倍,4.72%
20260813,1480,スパイダー,4192,東G,,282,-1,-0.35%,197,ー倍,3.70倍,ー%
20260813,1481,フジ,8278,東P,,"2,001",+6,+0.30%,197,24.8倍,0.77倍,1.50%
20260813,1482,ａｂｃ,8783,東S,,65,-16,-19.75%,197,ー倍,0.32倍,ー%
20260813,1483,野村鉄鋼非鉄,1623,東Ｅ,,"67,760",+160,+0.24%,196,ー倍,ー倍,ー%
20260813,1484,Ａ＆Ｄホロン,7745,東P,,"2,916",+16,+0.55%,195,17.8倍,1.61倍,2.06%
20260813,1485,ＧＸロボ日株,2638,東Ｅ,,"2,710",-35,-1.28%,195,ー倍,ー倍,ー%
20260813,1486,エイチワン,5989,東P,,"1,457",+21,+1.46%,194,3.71倍,0.50倍,4.80%
20260813,1487,リオン,6823,東P,,"3,550",+65,+1.87%,194,12.7倍,1.24倍,2.54%
20260813,1488,日本リート,3296,東Ｒ,,"82,000",-400,-0.49%,194,ー倍,1.12倍,5.91%
20260813,1489,日本通信,9424,東P,,109,-3,-2.68%,194,ー倍,3.91倍,ー%
20260813,1490,ｉＦＳＰ無,2247,東Ｅ,,"2,328",+5,+0.22%,194,ー倍,ー倍,ー%
20260813,1491,ＯＢＡＲＡＧ,6877,東S,,"5,930",+120,+2.07%,193,11.3倍,1.11倍,2.53%
20260813,1492,北越コーポ,3865,東P,,903,-6,-0.66%,193,28.7倍,0.57倍,2.88%
20260813,1493,岡本硝子,7746,東S,,725,+2,+0.28%,192,281倍,8.31倍,ー%
20260813,1494,ドウシシャ,7483,東P,,"3,010",+5,+0.17%,191,12.7倍,1.14倍,3.65%
20260813,1495,リコーリース,8566,東P,,"6,650",-30,-0.45%,189,17.2倍,0.85倍,3.85%
20260813,1496,タカラスタ,7981,東P,,"3,045",+10,+0.33%,188,13.5倍,0.98倍,4.07%
20260813,1497,スピー,4499,東S,,"2,310",+82,+3.68%,188,ー倍,3.89倍,ー%
20260813,1498,シュッピン,3179,東P,,"1,222",+14,+1.16%,188,14.0倍,2.80倍,3.27%
20260813,1499,野村コア３０,1311,東Ｅ,,"2,175",+14,+0.65%,187,ー倍,ー倍,ー%
20260813,1500,イチケン,1847,東S,,"3,435",-45,-1.29%,187,6.83倍,1.22倍,5.24%
20260813,1501,クミアイ化,4996,東P,,761,+2,+0.26%,187,14.3倍,0.59倍,3.15%
20260813,1502,Ｇｅｎｋｙ,9267,東P,,"3,555",-35,-0.97%,187,13.2倍,1.77倍,0.37%
20260813,1503,ファルコム,3723,東G,,"2,899",+248,+9.35%,187,19.1倍,2.61倍,0.34%
20260813,1504,プレイド,4165,東G,,594,-13,-2.14%,186,ー倍,4.80倍,ー%
20260813,1505,キーコーヒー,2594,東P,,"2,019",+17,+0.85%,186,57.7倍,1.34倍,0.59%
20260813,1506,電気興,6706,東P,,"3,470",+150,+4.52%,186,13.2倍,0.81倍,3.03%
20260813,1507,ｉＳ米２０Ｈ,2621,東Ｅ,,996,-3,-0.30%,184,ー倍,ー倍,ー%
20260813,1508,中村超硬,6166,東G,,653,+11,+1.71%,184,ー倍,7.82倍,ー%
20260813,1509,ＢＵＦ,6676,東S,,"2,866",+61,+2.17%,183,15.1倍,1.54倍,2.09%
20260813,1510,東建コーポ,1766,東P,,"13,190",0,0.00%,183,10.1倍,1.26倍,3.03%
20260813,1511,ＳＲＳＨＤ,8163,東P,,"1,461",+11,+0.76%,183,33.6倍,3.42倍,0.68%
20260813,1512,松屋フーズ,9887,東P,,"5,040",+10,+0.20%,183,27.3倍,1.80倍,0.52%
20260813,1513,エスプール,2471,東P,,296,+7,+2.42%,183,13.9倍,2.38倍,3.38%
20260813,1514,高砂香,4914,東P,,"1,272",-14,-1.09%,182,13.2倍,0.79倍,4.09%
20260813,1515,上場高配５０,399A,東Ｅ,,"2,329",-1,-0.04%,182,ー倍,ー倍,ー%
20260813,1516,スマレジ,4431,東G,,"3,220",-65,-1.98%,181,22.3倍,6.45倍,0.90%
20260813,1517,オハラ,5218,東S,,"1,634",+78,+5.01%,180,27.7倍,0.74倍,1.53%
20260813,1518,ＪＭＨＤ,3539,東P,,"1,418",+19,+1.36%,180,10.3倍,1.51倍,1.69%
20260813,1519,バンクオブイ,4393,東G,,"5,060",-100,-1.94%,179,ー倍,3.03倍,ー%
20260813,1520,日伝,9902,東P,,"3,085",+50,+1.65%,179,14.7倍,0.94倍,3.89%
20260813,1521,インターアク,7725,東P,,"1,941",+16,+0.83%,179,18.8倍,1.82倍,2.83%
20260813,1522,タチエス,7239,東P,,"2,278",-23,-1.00%,178,9.09倍,0.72倍,5.05%
20260813,1523,オートバクス,9832,東P,,"1,537",+7,+0.46%,178,13.4倍,0.89倍,3.90%
20260813,1524,日理化,4406,東S,,255,0,0.00%,178,11.9倍,0.46倍,1.76%
20260813,1525,ユニプレス,5949,東P,,"1,296",+6,+0.47%,177,12.9倍,0.44倍,5.40%
20260813,1526,高松グループ,1762,東P,,"3,970",+90,+2.32%,176,11.1倍,0.94倍,3.63%
20260813,1527,日本ドライ,1909,東S,,"3,705",0,0.00%,176,ー倍,3.08倍,ー%
20260813,1528,日ギア,6356,東S,,"1,414",+48,+3.51%,176,11.4倍,1.35倍,0.71%
20260813,1529,寺崎電気,6637,東S,,"4,195",+80,+1.94%,175,13.7倍,0.91倍,1.33%
20260813,1530,中外炉,1964,東P,,"4,125",+80,+1.98%,175,11.5倍,0.99倍,4.36%
20260813,1531,ＣＥＨＤ,4320,東S,,"1,649",+1,+0.06%,175,31.6倍,3.37倍,ー%
20260813,1532,富士製薬,4554,東P,,"1,845",-1,-0.05%,175,21.5倍,0.93倍,2.66%
20260813,1533,エスコン,8892,東P,,"1,106",+14,+1.28%,175,7.58倍,1.29倍,4.79%
20260813,1534,水戸,8622,東P,,860,+10,+1.18%,174,ー倍,1.19倍,ー%
20260813,1535,大黒天,2791,東P,,"4,465",+70,+1.59%,174,12.7倍,0.98倍,0.87%
20260813,1536,テクニスコ,2962,東S,,"1,425",+109,+8.28%,174,437倍,8.25倍,ー%
20260813,1537,ＢＡＳＥ,4477,東G,,285,-5,-1.72%,174,21.9倍,2.22倍,1.75%
20260813,1538,フォーカス,4662,東P,,"1,693",-9,-0.53%,173,10.1倍,1.69倍,4.02%
20260813,1539,早稲アカ,4718,東P,,"2,367",+75,+3.27%,172,15.4倍,2.68倍,3.17%
20260813,1540,上場ＳＰ５百,1547,東Ｅ,,"13,440",+45,+0.34%,172,ー倍,ー倍,ー%
20260813,1541,昭和産,2004,東P,,"3,590",+50,+1.41%,172,12.3倍,0.77倍,3.90%
20260813,1542,月島ＨＤ,6332,東P,,"2,739",+14,+0.51%,172,12.8倍,1.12倍,3.21%
20260813,1543,りたりこ,7366,東P,,"1,799",-36,-1.96%,172,18.6倍,4.36倍,0.83%
20260813,1544,イーソル,4420,東S,,685,-28,-3.93%,171,16.4倍,2.20倍,0.80%
20260813,1545,中部鋼鈑,5461,東P,,"2,062",+12,+0.59%,171,61.0倍,0.75倍,5.48%
20260813,1546,ＳＢＩＧＡＭ,4765,東P,,622,+9,+1.47%,170,ー倍,2.67倍,ー%
20260813,1547,チヨダ,8185,東P,,"1,030",+4,+0.39%,170,31.8倍,0.70倍,5.24%
20260813,1548,ＳＰＤＲ５百,1557,東Ｅ,,"123,400",+500,+0.41%,169,ー倍,ー倍,ー%
20260813,1549,ＭＥＲＦ,3168,東S,,"1,532",-19,-1.23%,169,7.71倍,1.81倍,1.96%
20260813,1550,ＭＸＪリート,1597,東Ｅ,,"1,874",+2,+0.11%,168,ー倍,ー倍,ー%
20260813,1551,ユーザーロカ,3984,東P,,"1,520",-13,-0.85%,168,15.8倍,2.51倍,1.97%
20260813,1552,北興化,4992,東S,,"1,999",+11,+0.55%,168,11.4倍,0.84倍,2.70%
20260813,1553,南海化学,4040,東S,,"3,945",+90,+2.33%,168,6.26倍,0.69倍,1.65%
20260813,1554,ＧＸ超短米債,133A,東Ｅ,,"1,079",+1,+0.09%,168,ー倍,ー倍,ー%
20260813,1555,テンシャル,325A,東G,,"1,548",+1,+0.06%,168,13.7倍,5.88倍,ー%
20260813,1556,双葉電,6986,東P,,653,+7,+1.08%,168,ー倍,0.33倍,ー%
20260813,1557,ＧＭＯ－ＧＳ,3788,東P,,"2,344",+36,+1.56%,167,25.6倍,2.60倍,2.55%
20260813,1558,ヨシックス,3221,東P,,"3,220",+65,+2.06%,166,14.0倍,2.44倍,0.99%
20260813,1559,野村外国株式,2513,東Ｅ,,"3,668",+10,+0.27%,166,ー倍,ー倍,ー%
20260813,1560,エニマインド,5027,東G,,588,-10,-1.67%,166,21.4倍,2.01倍,0.34%
20260813,1561,ガリレイ,6420,東P,,"3,475",-25,-0.71%,166,11.3倍,1.24倍,2.56%
20260813,1562,エネクス,8133,東P,,"2,142",-2,-0.09%,165,14.7倍,1.29倍,3.17%
20260813,1563,極洋,1301,東P,,"4,660",+55,+1.19%,165,7.69倍,0.70倍,3.43%
20260813,1564,日経ベア,1580,東Ｅ,,761.0,-9.0,-1.17%,164,ー倍,ー倍,ー%
20260813,1565,原油先Ｗブル,2038,東EN,,"2,169",-11,-0.50%,164,ー倍,ー倍,ー%
20260813,1566,ＢＴＣＪＰＮ,8105,東S,,94,+4,+4.44%,164,ー倍,1.27倍,ー%
20260813,1567,ＴＰＲ,6463,東P,,"1,507",-6,-0.40%,164,11.0倍,0.54倍,3.98%
20260813,1568,ゼリア新薬,4559,東P,,"2,080",+2,+0.10%,164,9.17倍,0.85倍,2.40%
20260813,1569,平河ヒューテ,5821,東P,,"3,500",+115,+3.40%,164,13.3倍,1.23倍,1.63%
20260813,1570,フコク,5185,東P,,"2,067",+32,+1.57%,163,12.8倍,0.71倍,4.84%
20260813,1571,グッドコムＡ,3475,東P,,"1,572",+37,+2.41%,163,9.94倍,3.22倍,2.93%
20260813,1572,藤倉化,4620,東S,,961,+35,+3.78%,163,10.3倍,0.53倍,2.08%
20260813,1573,かわでん,6648,東S,,"1,699",+36,+2.16%,162,9.26倍,1.31倍,3.88%
20260813,1574,テーオーシー,8841,東S,,974,+6,+0.62%,162,27.7倍,0.82倍,1.03%
20260813,1575,純プラ信託,1541,東Ｅ,,"8,123",-73,-0.89%,162,ー倍,ー倍,ー%
20260813,1576,綜研化学,4972,東S,,"3,315",-10,-0.30%,160,12.8倍,1.30倍,ー%
20260813,1577,豊和工,6203,東S,,"1,501",+3,+0.20%,159,16.7倍,0.81倍,1.33%
20260813,1578,ミラティブ,472A,東G,,589,-4,-0.67%,159,10.4倍,2.65倍,ー%
20260813,1579,新東工,6339,東P,,"1,254",+26,+2.12%,159,11.8倍,0.57倍,3.83%
20260813,1580,放電精密,6469,東S,,"2,899",+35,+1.22%,159,35.8倍,3.55倍,0.69%
20260813,1581,理ビタ,4526,東P,,"3,265",+50,+1.56%,159,12.6倍,1.12倍,3.37%
20260813,1582,フィードワン,2060,東P,,"1,368",+26,+1.94%,158,8.05倍,0.84倍,3.80%
20260813,1583,甜菜糖,2108,東P,,"5,430",+40,+0.74%,158,13.3倍,0.84倍,4.79%
20260813,1584,ニチハ,7943,東P,,"3,125",-15,-0.48%,158,12.7倍,0.83倍,3.87%
20260813,1585,明和産,8103,東P,,960,+6,+0.63%,158,9.68倍,0.89倍,4.90%
20260813,1586,三重交ＨＤ,3232,東P,,552,+5,+0.91%,158,9.25倍,0.76倍,3.62%
20260813,1587,Ｏｎｅリート,3290,東Ｒ,,"77,500",-400,-0.51%,158,ー倍,1.22倍,6.30%
20260813,1588,前沢ＨＤ,575A,東P,,"1,834",+24,+1.33%,157,3.65倍,ー倍,3.44%
20260813,1589,Ｉｎｅ,4933,東P,,"1,439",+40,+2.86%,157,ー倍,1.44倍,1.04%
20260813,1590,いちご,2337,東P,,409,+6,+1.49%,157,8.90倍,1.48倍,3.79%
20260813,1591,ナガイレーベ,7447,東P,,"1,787",0,0.00%,156,18.2倍,1.34倍,3.92%
20260813,1592,菱製鋼,5632,東P,,"2,363",+38,+1.63%,156,11.5倍,0.73倍,4.40%
20260813,1593,ｉＦＥナ百無,2840,東Ｅ,,"2,734",+14,+0.51%,156,ー倍,ー倍,ー%
20260813,1594,三信電,8150,東P,,"3,080",+65,+2.16%,156,10.5倍,0.83倍,4.55%
20260813,1595,手間いらず,2477,東S,,"3,025",+87,+2.96%,155,13.4倍,2.68倍,1.75%
20260813,1596,蝶理,8014,東P,,"4,140",0,0.00%,154,9.72倍,0.98倍,4.13%
20260813,1597,ニッケ,3201,東P,,"2,000",+14,+0.70%,154,13.7倍,0.96倍,2.50%
20260813,1598,パイオラック,5988,東P,,"1,706",-14,-0.81%,154,58.4倍,0.64倍,5.39%
20260813,1599,阪急阪神Ｒ,8977,東Ｒ,,"134,900","-1,600",-1.17%,154,ー倍,1.08倍,5.04%
20260813,1600,ＢＭＬ,4694,東P,,"3,575",-10,-0.28%,153,19.1倍,1.05倍,3.50%
20260813,1601,ＭＸトピクス,1348,東Ｅ,,"4,336",+41,+0.95%,153,ー倍,ー倍,ー%
20260813,1602,ホクリヨウ,1384,東S,,"2,171",+96,+4.63%,153,8.09倍,1.07倍,3.68%
20260813,1603,ベルーナ,9997,東P,,"1,019",-6,-0.59%,152,8.17倍,0.65倍,3.83%
20260813,1604,ワールドＨＤ,2429,東P,,"2,731",+53,+1.98%,152,6.92倍,0.99倍,4.99%
20260813,1605,フジオフード,2752,東P,,"1,115",+22,+2.01%,152,521倍,6.71倍,0.27%
20260813,1606,エアーテック,6291,東S,,"1,316",-19,-1.42%,151,12.2倍,0.88倍,4.18%
20260813,1607,上場銀行１０,540A,東Ｅ,,"2,095",+46,+2.24%,151,ー倍,ー倍,ー%
20260813,1608,情報戦略テク,155A,東G,,860,+6,+0.70%,151,20.6倍,4.57倍,ー%
20260813,1609,Ｓ＆Ｊ,5599,東G,,990,-150,-13.16%,150,13.6倍,2.60倍,1.72%
20260813,1610,ＣＡＮＢＡＳ,4575,東G,,767,+23,+3.09%,150,ー倍,9.43倍,ー%
20260813,1611,日コン,5269,東P,,370,+10,+2.78%,150,7.72倍,0.45倍,2.70%
20260813,1612,Ｔ＆Ｓ・Ｇ,4055,東G,,"1,609",+39,+2.48%,150,22.3倍,2.97倍,0.68%
20260813,1613,上場ＮＱヘ無,2568,東Ｅ,,"8,145",+57,+0.70%,150,ー倍,ー倍,ー%
20260813,1614,ｉＦＳＰＷブ,2237,東Ｅ,,"2,509",-16,-0.63%,147,ー倍,ー倍,ー%
20260813,1615,清水銀,8364,東P,,"2,939",+128,+4.55%,147,13.3倍,0.41倍,2.04%
20260813,1616,ベルク,9974,東P,,"6,650",+40,+0.61%,147,10.6倍,1.14倍,1.98%
20260813,1617,ヒラノテク,6245,東S,,"1,789",+17,+0.96%,147,24.6倍,0.68倍,4.70%
20260813,1618,積水樹,4212,東P,,"2,817",+6,+0.21%,147,15.7倍,0.84倍,3.55%
20260813,1619,ロボペイ,4374,東G,,"2,413",-35,-1.43%,146,15.4倍,5.95倍,1.28%
20260813,1620,日産東ＨＤ,8291,東S,,544,-2,-0.37%,146,9.24倍,0.55倍,4.96%
20260813,1621,アドバネクス,5998,東S,,"2,346",-100,-4.09%,146,4.81倍,0.92倍,2.13%
20260813,1622,サンテック,1960,東S,,"1,720",+86,+5.26%,145,11.5倍,0.78倍,3.20%
20260813,1623,ＤｙＤｏ,2590,東P,,"2,927",-18,-0.61%,144,18.6倍,1.42倍,1.02%
20260813,1624,福島銀,8562,東S,,358,+8,+2.29%,144,13.9倍,0.52倍,1.40%
20260813,1625,長谷川香料,4958,東P,,"3,320",-10,-0.30%,143,18.4倍,1.00倍,3.01%
20260813,1626,ＴＭＨ,280A,東G,,"1,149",+72,+6.69%,143,ー倍,3.06倍,ー%
20260813,1627,ＧＭＯ－ＦＨ,7177,東S,,"1,098",+14,+1.29%,143,ー倍,2.29倍,5.19%
20260813,1628,ｉＳ米債カバ,453A,東Ｅ,,761.7,-1.8,-0.24%,143,ー倍,ー倍,ー%
20260813,1629,ゼビオＨＤ,8281,東P,,"1,146",+9,+0.79%,142,6.32倍,0.40倍,3.05%
20260813,1630,エスリード,8877,東P,,"5,220",+40,+0.77%,142,7.00倍,0.97倍,4.60%
20260813,1631,ニシオＨＤ,9699,東P,,"4,455",-5,-0.11%,142,10.1倍,0.85倍,2.96%
20260813,1632,ｉＦＲＥＩＴ,1488,東Ｅ,,"1,871",-19,-1.01%,142,ー倍,ー倍,ー%
20260813,1633,日本ＭＤＭ,7600,東P,,897,+15,+1.70%,142,393倍,0.95倍,1.90%
20260813,1634,グリムス,3150,東P,,"2,507",+45,+1.83%,142,10.8倍,3.00倍,3.71%
20260813,1635,日経エンタメ,586A,東Ｅ,,236.5,-3.5,-1.46%,141,ー倍,ー倍,ー%
20260813,1636,トピー,7231,東P,,"2,944",+30,+1.03%,141,10.4倍,0.44倍,4.59%
20260813,1637,サムティＲ,3459,東Ｒ,,"88,900",+200,+0.23%,141,ー倍,0.88倍,5.85%
20260813,1638,Ｊティッシュ,7774,東G,,828,-47,-5.37%,140,337倍,6.54倍,ー%
20260813,1639,ハイレックス,7279,東S,,"2,528",+16,+0.64%,139,2.53倍,0.44倍,3.16%
20260813,1640,サンケイＲＥ,2972,東Ｒ,,"111,000",-300,-0.27%,139,ー倍,1.14倍,6.41%
20260813,1641,ソフトクリエ,3371,東P,,"1,973",+5,+0.25%,139,11.9倍,1.94倍,3.14%
20260813,1642,ゼンリン,9474,東P,,885,+1,+0.11%,138,18.9倍,0.98倍,4.75%
20260813,1643,野村外リート,2515,東Ｅ,,"1,699",+15,+0.89%,138,ー倍,ー倍,ー%
20260813,1644,ラクトＪ,3139,東P,,"3,365",+25,+0.75%,138,9.76倍,1.01倍,3.92%
20260813,1645,日経インバ,1571,東Ｅ,,286,-4,-1.38%,138,ー倍,ー倍,ー%
20260813,1646,ＪＵＫＩ,6440,東P,,654,+11,+1.71%,138,12.9倍,0.58倍,2.29%
20260813,1647,スマートＤ,5137,東G,,232,-3,-1.28%,136,9.71倍,6.26倍,ー%
20260813,1648,ＪＳＨ,150A,東G,,519,+18,+3.59%,136,15.3倍,1.47倍,0.58%
20260813,1649,免疫生物研,4570,東G,,"1,045",+46,+4.60%,136,28.1倍,5.16倍,0.72%
20260813,1650,ヒュマメイド,456A,東G,,"1,416",+17,+1.22%,136,39.3倍,10.2倍,ー%
20260813,1651,たけびし,7510,東P,,"2,895",+99,+3.54%,135,13.4倍,1.02倍,3.28%
20260813,1652,ＪＡＬＣＯ,6625,東S,,366,+1,+0.27%,135,38.1倍,2.41倍,4.92%
20260813,1653,三和油化工業,4125,東S,,"4,055",+70,+1.76%,135,15.9倍,1.27倍,1.23%
20260813,1654,ジェイドＧ,3558,東G,,"1,723",-7,-0.40%,134,ー倍,2.29倍,ー%
20260813,1655,ギフティＧ,590A,東P,,"1,118",-6,-0.53%,134,ー倍,3.91倍,1.43%
20260813,1656,日本管財ＨＤ,9347,東P,,"2,837",+9,+0.32%,133,14.1倍,1.34倍,2.11%
20260813,1657,ゴールドクレ,8871,東S,,"3,300",+35,+1.07%,133,11.5倍,0.78倍,4.85%
20260813,1658,ヤプリ,4168,東G,,790,-6,-0.75%,133,10.9倍,2.96倍,1.90%
20260813,1659,ソースネクス,4344,東P,,110,-1,-0.90%,133,ー倍,3.22倍,ー%
20260813,1660,石原ケミ,4462,東P,,"3,320",+140,+4.40%,133,16.5倍,1.79倍,1.45%
20260813,1661,大戸屋ＨＤ,2705,東S,,"8,480",-10,-0.12%,133,44.0倍,14.4倍,0.24%
20260813,1662,ナガワ,9663,東P,,"5,090",-50,-0.97%,133,23.9倍,1.17倍,1.18%
20260813,1663,クレオス,8101,東P,,"2,668",+25,+0.95%,132,12.4倍,0.96倍,3.97%
20260813,1664,リベルタ,4935,東S,,224,+9,+4.19%,132,54.9倍,4.66倍,0.89%
20260813,1665,ＦＪネクＨＤ,8935,東P,,"1,982",+40,+2.06%,131,6.18倍,0.78倍,4.04%
20260813,1666,セーフィー,4375,東G,,625,-8,-1.26%,130,ー倍,3.80倍,ー%
20260813,1667,日本空調,4658,東P,,"1,551",+6,+0.39%,130,13.8倍,1.71倍,3.68%
20260813,1668,金２倍ブル,606A,東Ｅ,,"22,750",-345,-1.49%,129,ー倍,ー倍,ー%
20260813,1669,アンビスＨＤ,7071,東P,,389,+2,+0.52%,129,18.2倍,1.01倍,1.03%
20260813,1670,ホソミクロン,6277,東P,,"5,180",-50,-0.96%,128,23.7倍,1.06倍,2.70%
20260813,1671,サクサ,6675,東S,,"2,159",+19,+0.89%,128,2.29倍,0.80倍,5.79%
20260813,1672,アセンテック,3565,東S,,448,+14,+3.23%,128,13.5倍,3.18倍,3.35%
20260813,1673,Ｔワークス,3997,東S,,394,+27,+7.36%,127,53.4倍,6.36倍,0.51%
20260813,1674,テイカ,4027,東P,,"2,355",+16,+0.68%,127,29.5倍,0.87倍,3.40%
20260813,1675,エヌピーシー,6255,東G,,722,+8,+1.12%,126,28.5倍,1.49倍,1.39%
20260813,1676,あすか薬ＨＤ,4886,東P,,"2,091",+5,+0.24%,126,12.4倍,0.84倍,3.11%
20260813,1677,フリュー,6238,東P,,"1,347",-2,-0.15%,125,14.3倍,1.53倍,2.97%
20260813,1678,ＴＥＩＫＯＫ,6333,東P,,"3,165",-70,-2.16%,125,12.9倍,1.56倍,4.17%
20260813,1679,イーレックス,9517,東P,,843,+15,+1.81%,125,12.2倍,0.93倍,2.61%
20260813,1680,巴川コーポ,3878,東S,,897,-17,-1.86%,125,12.6倍,0.48倍,1.67%
20260813,1681,ＩＢＪ,6071,東P,,857,+5,+0.59%,125,13.9倍,3.00倍,1.52%
20260813,1682,カッパクリエ,7421,東P,,"1,573",+14,+0.90%,125,83.0倍,8.23倍,ー%
20260813,1683,正栄食,8079,東P,,"4,425",+5,+0.11%,125,18.3倍,1.25倍,2.03%
20260813,1684,小松ウオール,7949,東P,,"2,747",-1,-0.04%,124,15.9倍,1.26倍,4.91%
20260813,1685,ゼンムテック,338A,東G,,"2,117",-42,-1.95%,124,19.1倍,7.56倍,ー%
20260813,1686,トランシティ,9310,東P,,"1,378",-9,-0.65%,124,12.6倍,0.82倍,3.16%
20260813,1687,エフオン,9514,東S,,346,+11,+3.28%,124,5.63倍,0.37倍,2.31%
20260813,1688,東海道リート,2989,東Ｒ,,"98,600",-800,-0.80%,123,ー倍,1.15倍,6.55%
20260813,1689,日車両,7102,東P,,"3,560",+50,+1.42%,123,6.85倍,0.61倍,1.40%
20260813,1690,ヤマタネ,9305,東P,,"2,080",+40,+1.96%,122,10.0倍,0.71倍,4.09%
20260813,1691,フルハシＥ,9221,東S,,"1,177",-78,-6.22%,122,15.3倍,2.21倍,2.72%
20260813,1692,Ｄｍミックス,7354,東S,,369,+13,+3.65%,121,9.60倍,1.13倍,2.57%
20260813,1693,スプリックス,7030,東S,,975,-65,-6.25%,121,12.3倍,1.69倍,3.90%
20260813,1694,Ｔホライゾン,6629,東S,,992,+10,+1.02%,121,7.86倍,1.08倍,3.33%
20260813,1695,Ｊオイル,2613,東P,,"2,109",+16,+0.76%,121,14.0倍,0.63倍,3.79%
20260813,1696,ツカダＧＨＤ,2418,東S,,601,-6,-0.99%,120,4.70倍,0.72倍,2.33%
20260813,1697,ザ・パック,3950,東P,,"1,439",+17,+1.20%,120,14.9倍,1.02倍,2.92%
20260813,1698,ＳＢＩリーシ,5834,東G,,"2,769",-10,-0.36%,120,7.23倍,1.45倍,4.15%
20260813,1699,三菱紙,3864,東P,,"1,151",+18,+1.59%,120,7.76倍,0.49倍,1.74%
20260813,1700,宮地エンジ,3431,東P,,"1,592",-1,-0.06%,119,20.8倍,1.00倍,4.71%
20260813,1701,モリタＨＤ,6455,東P,,"2,361",+1,+0.04%,119,10.0倍,0.95倍,3.39%
20260813,1702,ＮＳＷ,9739,東P,,"2,667",+49,+1.87%,119,10.6倍,1.07倍,4.69%
20260813,1703,スクイーズ,558A,東G,,"4,575",-85,-1.82%,119,29.1倍,6.24倍,ー%
20260813,1704,ジェイリース,7187,東P,,"1,388",+28,+2.06%,118,9.81倍,3.36倍,4.32%
20260813,1705,椿本興,8052,東P,,"2,752",-15,-0.54%,118,9.54倍,0.99倍,3.27%
20260813,1706,都築電,8157,東P,,"4,100",+115,+2.89%,118,13.0倍,1.60倍,4.63%
20260813,1707,ダイコク電,6430,東P,,"2,442",-6,-0.25%,118,11.5倍,0.71倍,4.10%
20260813,1708,アイモバイル,6535,東P,,499,+5,+1.01%,118,8.81倍,1.61倍,5.41%
20260813,1709,正興電,6653,東P,,"2,271",+16,+0.71%,118,12.3倍,1.57倍,2.64%
20260813,1710,巴工業,6309,東P,,"1,941",+3,+0.15%,117,13.0倍,1.30倍,3.92%
20260813,1711,メディアＬ,6659,東S,,47,+1,+2.17%,117,ー倍,1.48倍,ー%
20260813,1712,ウネリー,5034,東G,,"2,057",-189,-8.41%,117,20.2倍,3.26倍,ー%
20260813,1713,バンドー,5195,東P,,"2,474",0,0.00%,117,12.5倍,1.07倍,4.04%
20260813,1714,ネツレン,5976,東P,,"1,467",-5,-0.34%,117,21.4倍,0.82倍,4.84%
20260813,1715,アバントＧ,3836,東P,,"1,161",-4,-0.34%,117,11.6倍,2.75倍,2.93%
20260813,1716,特種東海,3708,東P,,"2,088",-4,-0.19%,116,15.5倍,0.84倍,4.50%
20260813,1717,長府製,5946,東P,,"2,021",+1,+0.05%,116,21.5倍,0.49倍,2.28%
20260813,1718,日本国土開発,1887,東P,,524,-2,-0.38%,116,10.5倍,0.59倍,4.77%
20260813,1719,安永,7271,東S,,800,+3,+0.38%,115,6.34倍,0.56倍,4.75%
20260813,1720,タウンズ,197A,東S,,479,-2,-0.42%,115,17.2倍,2.63倍,6.05%
20260813,1721,東証グロース,2516,東Ｅ,,587.0,-3.1,-0.53%,115,ー倍,ー倍,ー%
20260813,1722,オイシックス,3182,東P,,"1,688",0,0.00%,115,11.3倍,2.08倍,1.78%
20260813,1723,リソー教育Ｇ,4714,東P,,203,+1,+0.50%,115,20.4倍,3.35倍,4.93%
20260813,1724,コニシ,4956,東P,,"1,462",-23,-1.55%,115,11.0倍,0.99倍,2.60%
20260813,1725,ベルテクス,5290,東S,,"1,150",-8,-0.69%,115,12.1倍,1.31倍,3.48%
20260813,1726,アイダ,6118,東P,,"1,195",+10,+0.84%,115,15.1倍,0.75倍,3.26%
20260813,1727,プロシップ,3763,東P,,"1,927",+27,+1.42%,115,21.2倍,4.37倍,2.18%
20260813,1728,Ｅ・ＪＨＤ,2153,東P,,"1,760",+21,+1.21%,114,8.55倍,0.79倍,4.66%
20260813,1729,ホットランド,3196,東P,,"1,631",+18,+1.12%,113,52.9倍,3.69倍,0.80%
20260813,1730,バイタルＫＳ,3151,東P,,"1,605",+22,+1.39%,113,10.2倍,0.67倍,4.36%
20260813,1731,ＧＸゲー日株,2640,東Ｅ,,"4,023",-106,-2.57%,113,ー倍,ー倍,ー%
20260813,1732,ＭＳＯＬ,7033,東P,,"1,456",-4,-0.27%,113,11.3倍,3.81倍,3.43%
20260813,1733,ジーデップ,5885,東S,,"3,090",+65,+2.15%,113,20.5倍,4.82倍,1.55%
20260813,1734,トマト銀,8542,東S,,"1,858",+86,+4.85%,113,11.7倍,0.45倍,2.69%
20260813,1735,出前館,2484,東S,,147,-4,-2.65%,112,ー倍,0.73倍,ー%
20260813,1736,システムリサ,3771,東P,,"1,840",-6,-0.33%,112,10.8倍,2.41倍,4.35%
20260813,1737,ナルネット,5870,東G,,905,+80,+9.70%,112,9.43倍,1.26倍,3.31%
20260813,1738,ｉＦプ１５０,2017,東Ｅ,,"1,557",+7,+0.45%,112,ー倍,ー倍,ー%
20260813,1739,ダイニチ工業,5951,東S,,"1,226",+145,+13.41%,112,16.6倍,0.68倍,2.28%
20260813,1740,中発条,5992,東S,,"3,705",+10,+0.27%,111,38.9倍,1.08倍,2.43%
20260813,1741,ネットスタズ,5590,東G,,709,-2,-0.28%,111,24.4倍,1.52倍,ー%
20260813,1742,福井コン,9790,東P,,"3,090",+15,+0.49%,111,14.1倍,2.13倍,2.49%
20260813,1743,近鉄百,8244,東S,,"1,860",+28,+1.53%,110,19.3倍,1.62倍,1.08%
20260813,1744,愛電機,6623,名P,,"9,340",+200,+2.19%,110,10.1倍,1.01倍,3.00%
20260813,1745,ＰＲＯＮＩ,479A,東G,,"1,437",+43,+3.08%,110,7.08倍,3.12倍,ー%
20260813,1746,山王,3441,東S,,"2,715",-10,-0.37%,110,9.00倍,1.40倍,0.92%
20260813,1747,じげん,3679,東P,,421,-2,-0.47%,109,9.52倍,1.87倍,3.21%
20260813,1748,石井表記,6336,東S,,"1,684",+42,+2.56%,109,14.2倍,1.24倍,2.14%
20260813,1749,サスメド,4263,東G,,530,+2,+0.38%,109,ー倍,2.25倍,ー%
20260813,1750,アイエスビー,9702,東P,,"2,463",+28,+1.15%,109,15.3倍,1.90倍,2.84%
20260813,1751,ハローズ,2742,東P,,"3,810",-10,-0.26%,108,9.39倍,1.03倍,1.89%
20260813,1752,広済堂ＨＤ,7868,東P,,537,-6,-1.10%,108,17.2倍,1.61倍,2.48%
20260813,1753,カナデン,8081,東P,,"2,474",+17,+0.69%,108,13.8倍,1.08倍,4.04%
20260813,1754,ニチレキＧ,5011,東P,,"2,274",+9,+0.40%,108,15.1倍,0.82倍,3.74%
20260813,1755,サーバワクス,4434,東S,,"2,423",-103,-4.08%,108,19.9倍,1.79倍,1.24%
20260813,1756,持田薬,4534,東P,,"3,250",+25,+0.78%,108,11.5倍,0.82倍,2.62%
20260813,1757,ＴＤＣソフト,4687,東P,,996,-13,-1.29%,107,11.9倍,2.05倍,3.41%
20260813,1758,システムソフ,7527,東S,,53,+2,+3.92%,107,252倍,1.07倍,ー%
20260813,1759,ＵＥＸ,9888,東S,,"1,275",-13,-1.01%,107,4.38倍,0.69倍,ー%
20260813,1760,北陸電工,1930,東P,,"1,508",+14,+0.94%,107,10.1倍,0.90倍,3.18%
20260813,1761,恵和,4251,東P,,"1,312",+24,+1.86%,107,7.96倍,1.01倍,3.81%
20260813,1762,アイドマＨＤ,7373,東G,,951,-5,-0.52%,107,11.4倍,1.77倍,3.15%
20260813,1763,エリアリンク,8914,東S,,949,+30,+3.26%,107,12.7倍,1.56倍,2.90%
20260813,1764,エーアイテイ,9381,東P,,"2,338",+27,+1.17%,106,16.2倍,2.72倍,4.70%
20260813,1765,マースＧＨＤ,6419,東P,,"3,160",+5,+0.16%,106,8.32倍,0.65倍,4.75%
20260813,1766,犬猫生活,556A,東G,,"2,235",+56,+2.57%,106,13.1倍,3.45倍,ー%
20260813,1767,ヴレインＳ,135A,東G,,"3,870",+35,+0.91%,106,40.8倍,19.2倍,ー%
20260813,1768,ロゴスＨＤ,205A,東G,,"1,674",-3,-0.18%,106,5.66倍,1.62倍,5.30%
20260813,1769,Ｊ－ＭＡＸ,3422,東S,,653,-9,-1.36%,105,7.50倍,0.37倍,1.23%
20260813,1770,セプテニＨＤ,4293,東S,,506,-2,-0.39%,104,17.2倍,1.58倍,3.56%
20260813,1771,技研製,6289,東P,,"1,909",+4,+0.21%,104,22.0倍,1.24倍,2.83%
20260813,1772,ニレコ,6863,東S,,"1,001",+41,+4.27%,103,14.8倍,1.28倍,3.50%
20260813,1773,三社電機,6882,東S,,"1,240",+38,+3.16%,103,18.1倍,0.67倍,3.23%
20260813,1774,デリカフＨＤ,3392,東S,,802,-23,-2.79%,103,7.46倍,1.25倍,3.37%
20260813,1775,ビジ太田昭,9658,東P,,"1,068",+13,+1.23%,103,12.2倍,1.15倍,4.40%
20260813,1776,マミーマート,9823,東S,,"1,016",-10,-0.97%,102,9.60倍,1.10倍,2.09%
20260813,1777,ソフトウェア,3733,東S,,"11,750",+10,+0.09%,102,8.92倍,1.32倍,1.45%
20260813,1778,大豊建,1822,東S,,798,+7,+0.88%,102,14.3倍,0.98倍,4.76%
20260813,1779,クルーズ,2138,東S,,457,+7,+1.56%,102,91.0倍,0.51倍,ー%
20260813,1780,イオン北海道,7512,東S,,850,+4,+0.47%,102,39.4倍,1.63倍,1.88%
20260813,1781,大倉工,4221,東P,,"5,680",+50,+0.89%,102,11.2倍,0.98倍,4.23%
20260813,1782,高圧ガス,4097,東P,,"1,192",+17,+1.45%,101,14.3倍,0.76倍,3.36%
20260813,1783,野村高配７０,1577,東Ｅ,,"59,700",+320,+0.54%,101,ー倍,ー倍,ー%
20260813,1784,エヌエフＨＤ,6864,東S,,"1,662",+51,+3.17%,101,16.7倍,0.90倍,2.17%
20260813,1785,コンヴァノ,6574,東G,,99,+2,+2.06%,100,8.48倍,4.53倍,1.01%
20260813,1786,野村インド株,1678,東Ｅ,,313.4,+0.1,+0.03%,100,ー倍,ー倍,ー%
20260813,1787,リネットＪ,3556,東G,,844,+11,+1.32%,100,10.3倍,7.84倍,ー%
20260813,1788,ミニストップ,9946,東P,,"1,825",0,0.00%,100,529倍,2.22倍,1.10%
20260813,1789,窪田製薬ＨＤ,4596,東G,,66,0,0.00%,100,ー倍,6.03倍,ー%
20260813,1790,ＧセブンＨＤ,7508,東P,,"1,428",+18,+1.28%,100,10.8倍,1.82倍,4.90%
20260813,1791,ＣＩＪ,4826,東P,,529,-1,-0.19%,100,15.9倍,1.97倍,3.97%
20260813,1792,トーカイ,9729,東P,,"2,524",+30,+1.20%,99,12.8倍,0.92倍,3.17%
20260813,1793,あさひ,3333,東P,,"1,349",-3,-0.22%,99,12.9倍,0.84倍,3.71%
20260813,1794,森六,4249,東P,,"2,900",+32,+1.12%,99,7.71倍,0.59倍,4.31%
20260813,1795,明光ネット,4668,東P,,776,+1,+0.13%,98,19.5倍,1.62倍,3.74%
20260813,1796,ｉＳ米国株Ｈ,2563,東Ｅ,,409.2,+0.3,+0.07%,98,ー倍,ー倍,ー%
20260813,1797,クリングル,4884,東G,,411,0,0.00%,97,ー倍,2.83倍,ー%
20260813,1798,東インキ,4635,東S,,"2,110",+37,+1.78%,97,9.95倍,0.83倍,4.50%
20260813,1799,ｇｕｍｉ,3903,東P,,263,+8,+3.14%,97,ー倍,0.68倍,ー%
20260813,1800,バリュエンス,9270,東G,,"2,026",+34,+1.71%,96,8.90倍,2.54倍,2.22%
20260813,1801,リアルゲイト,5532,東G,,"3,410",-40,-1.16%,96,30.5倍,3.46倍,ー%
20260813,1802,丸山製,6316,東S,,"2,910",+72,+2.54%,96,10.2倍,0.50倍,2.75%
20260813,1803,三精テクノロ,6357,東S,,"2,618",+64,+2.51%,96,8.77倍,0.92倍,3.63%
20260813,1804,ユシロ,5013,東S,,"2,990",+5,+0.17%,96,9.82倍,0.79倍,ー%
20260813,1805,ミツウロコＧ,8131,東S,,"2,101",+21,+1.01%,96,19.1倍,1.09倍,3.14%
20260813,1806,ＭＸナスヘ有,2632,東Ｅ,,"18,150",+120,+0.67%,96,ー倍,ー倍,ー%
20260813,1807,ステラファ,4888,東G,,328,+3,+0.92%,96,ー倍,3.68倍,ー%
20260813,1808,三光合成,7888,東P,,927,+8,+0.87%,96,6.28倍,0.81倍,3.45%
20260813,1809,野村電機精密,1625,東Ｅ,,"68,100","+1,450",+2.18%,95,ー倍,ー倍,ー%
20260813,1810,日阪製,6247,東P,,"1,743",+13,+0.75%,95,19.1倍,0.72倍,3.16%
20260813,1811,宮入バ,6495,東S,,132,-1,-0.75%,95,79.5倍,1.60倍,1.52%
20260813,1812,東洋電,6505,東S,,"2,418",+17,+0.71%,95,8.93倍,0.76倍,4.80%
20260813,1813,チノー,6850,東P,,"1,679",+33,+2.00%,95,12.8倍,1.19倍,3.57%
20260813,1814,オカムラ食品,2938,東S,,"1,296",+52,+4.18%,95,24.0倍,3.31倍,0.69%
20260813,1815,クラシル,299A,東G,,"1,116",-27,-2.36%,95,19.4倍,3.45倍,ー%
20260813,1816,群栄化,4229,東P,,"4,640",+155,+3.46%,95,18.1倍,0.54倍,2.59%
20260813,1817,ｉＳＳＰカバ,452A,東Ｅ,,829.9,+2.0,+0.24%,95,ー倍,ー倍,ー%
20260813,1818,ヘルスケアＭ,3455,東Ｒ,,"104,100",-900,-0.86%,94,ー倍,0.97倍,6.07%
20260813,1819,菊池製作,3444,東S,,"1,006",+4,+0.40%,93,88.7倍,2.03倍,0.99%
20260813,1820,新コスモス,6824,東S,,"4,255",-250,-5.55%,93,13.0倍,0.98倍,2.23%
20260813,1821,北ガス,9534,東P,,773,+2,+0.26%,93,7.27倍,0.69倍,3.49%
20260813,1822,モリト,9837,東P,,"1,823",+9,+0.50%,93,15.1倍,1.11倍,3.95%
20260813,1823,ワイズＨＤ,5955,東S,,85,+1,+1.19%,93,30.6倍,0.95倍,1.18%
20260813,1824,Ｕｂｉｃｏｍ,3937,東S,,"1,038",-3,-0.29%,93,11.9倍,2.16倍,ー%
20260813,1825,生化学,4548,東P,,706,+8,+1.15%,93,17.1倍,0.52倍,4.25%
20260813,1826,ｉＦ日経年４,2624,東Ｅ,,"6,871",+76,+1.12%,93,ー倍,ー倍,ー%
20260813,1827,野村ＳＰＨ有,2634,東Ｅ,,"3,208",+11,+0.34%,93,ー倍,ー倍,ー%
20260813,1828,中部飼,2053,東P,,"1,953",+22,+1.14%,92,8.12倍,0.75倍,3.89%
20260813,1829,六甲バタ,2266,東P,,"1,080",+12,+1.12%,92,14.2倍,0.61倍,1.85%
20260813,1830,海帆,3133,東G,,81,-3,-3.57%,92,ー倍,20.6倍,ー%
20260813,1831,ＯＡＴアグリ,4979,東S,,"2,571",+43,+1.70%,92,10.8倍,1.22倍,2.33%
20260813,1832,くすりの窓口,5592,東G,,"2,503",-27,-1.07%,92,9.08倍,2.48倍,1.60%
20260813,1833,ＮＴＴＤイン,3850,東S,,"3,330",+55,+1.68%,91,15.6倍,2.77倍,2.25%
20260813,1834,サンアスタ,4053,東P,,437,-7,-1.58%,91,12.3倍,1.52倍,2.29%
20260813,1835,野村ＳＰＨ無,2633,東Ｅ,,571.2,+2.0,+0.35%,91,ー倍,ー倍,ー%
20260813,1836,イチネンＨＤ,9619,東P,,"2,637",+36,+1.38%,91,5.25倍,0.80倍,3.41%
20260813,1837,ジェコス,9991,東P,,"1,762",+24,+1.38%,91,10.4倍,0.84倍,3.92%
20260813,1838,新田ゼラチン,4977,東S,,"1,227",-23,-1.84%,91,9.32倍,0.89倍,3.26%
20260813,1839,ニッピ,7932,東S,,"11,570",+40,+0.35%,91,11.6倍,0.81倍,6.06%
20260813,1840,ソーダニッカ,8158,東P,,"1,309",-11,-0.83%,91,12.2倍,0.82倍,3.36%
20260813,1841,ｉＦＴＰＷブ,1367,東Ｅ,,"3,221",+47,+1.48%,90,ー倍,ー倍,ー%
20260813,1842,星和電,6748,東S,,795,+33,+4.33%,90,7.70倍,0.50倍,2.52%
20260813,1843,ファインデ,3649,東P,,895,+10,+1.13%,90,16.8倍,3.87倍,3.02%
20260813,1844,Ａｒｅｎｔ,5254,東G,,"4,365",-25,-0.57%,90,29.4倍,4.10倍,ー%
20260813,1845,愛時計,7723,東P,,"2,831",+30,+1.07%,90,12.2倍,0.85倍,4.24%
20260813,1846,岡部,5959,東P,,934,+3,+0.32%,90,11.1倍,0.65倍,4.50%
20260813,1847,カウリス,153A,東G,,"1,360",+22,+1.64%,89,30.4倍,5.50倍,0.40%
20260813,1848,コスモスイニ,8844,東S,,"1,234",-3,-0.24%,89,5.77倍,0.74倍,4.29%
20260813,1849,ネクストーン,7094,東G,,"1,655",-14,-0.84%,89,16.2倍,2.84倍,1.33%
20260813,1850,野村金融,1632,東Ｅ,,"42,740",-180,-0.42%,89,ー倍,ー倍,ー%
20260813,1851,ＴＯＷ,4767,東S,,371,-1,-0.27%,89,10.6倍,1.42倍,5.58%
20260813,1852,学研ＨＤ,9470,東P,,"1,028",+1,+0.10%,89,11.5倍,0.86倍,2.82%
20260813,1853,ワクー,4937,東G,,"2,038",-112,-5.21%,88,17.7倍,2.91倍,ー%
20260813,1854,ＥＲＩＨＤ,6083,東S,,"1,745",+27,+1.57%,88,11.9倍,4.61倍,2.52%
20260813,1855,保土谷,4112,東P,,"2,269",+47,+2.12%,88,27.8倍,0.67倍,2.64%
20260813,1856,シグマ光機,7713,東S,,"2,333",+107,+4.81%,88,17.0倍,0.89倍,2.14%
20260813,1857,ファンコミ,2461,東P,,393,+4,+1.03%,88,37.6倍,1.59倍,5.34%
20260813,1858,バードマン,7063,東G,,94,-5,-5.05%,87,ー倍,2.06倍,ー%
20260813,1859,ｉＳ高配当,1478,東Ｅ,,"5,260",-43,-0.81%,87,ー倍,ー倍,ー%
20260813,1860,フロンテオ,2158,東G,,650,+6,+0.93%,86,170倍,6.97倍,ー%
20260813,1861,山陽電,9052,東P,,"1,970",+14,+0.72%,86,14.6倍,0.68倍,2.54%
20260813,1862,ｍｏｎｏＡＩ,5240,東G,,213,+5,+2.40%,86,ー倍,2.42倍,ー%
20260813,1863,ＤＧ,350A,東G,,765,+9,+1.19%,86,16.6倍,3.09倍,ー%
20260813,1864,菱友システム,4685,東S,,"2,717",+19,+0.70%,86,9.63倍,1.57倍,3.68%
20260813,1865,まんだらけ,2652,東S,,486,+6,+1.25%,86,11.2倍,1.23倍,0.21%
20260813,1866,スターツプロ,8979,東Ｒ,,"183,600",-100,-0.05%,85,ー倍,1.07倍,5.94%
20260813,1867,グリーンエナ,1436,東G,,"1,590",+38,+2.45%,85,24.6倍,3.46倍,0.38%
20260813,1868,鳥取銀,8383,東S,,"1,919",+59,+3.17%,85,11.2倍,0.35倍,2.61%
20260813,1869,セントラルＲ,3488,東Ｒ,,"102,800",-100,-0.10%,85,ー倍,1.02倍,6.50%
20260813,1870,ＰＲＴＩＭＥ,3922,東P,,"2,076",-19,-0.91%,85,12.8倍,2.99倍,0.81%
20260813,1871,ダブスタ,3925,東P,,"1,257",+8,+0.64%,85,14.2倍,2.86倍,5.57%
20260813,1872,カナミックＮ,3939,東P,,524,+5,+0.96%,85,18.2倍,4.64倍,1.72%
20260813,1873,アルプス技,4641,東P,,823,-5,-0.60%,84,12.4倍,2.30倍,4.37%
20260813,1874,扶桑電通,7505,東S,,"2,068",+32,+1.57%,84,9.32倍,1.32倍,4.30%
20260813,1875,進和,7607,東P,,"3,125",0,0.00%,84,13.5倍,0.90倍,3.97%
20260813,1876,萩原工業,7856,東P,,"1,830",+17,+0.94%,84,17.2倍,0.81倍,4.10%
20260813,1877,ヤマックス,5285,東S,,"1,428",+41,+2.96%,84,7.25倍,1.44倍,4.20%
20260813,1878,ウィルＧ,6089,東P,,"1,137",-11,-0.96%,84,11.8倍,1.30倍,3.87%
20260813,1879,半導体日本株,163A,東EN,,"20,490",+490,+2.45%,84,ー倍,ー倍,ー%
20260813,1880,ｉＳ米２５,237A,東Ｅ,,146.3,-0.7,-0.48%,83,ー倍,ー倍,ー%
20260813,1881,トーホー,8142,東P,,"1,378",-4,-0.29%,83,9.15倍,1.26倍,4.43%
20260813,1882,勤次郎,4013,東G,,669,-67,-9.10%,83,12.6倍,1.25倍,1.49%
20260813,1883,不二家,2211,東P,,"2,447",+19,+0.78%,83,30.0倍,1.06倍,1.23%
20260813,1884,山田コンサル,4792,東P,,"1,687",+22,+1.32%,83,11.2倍,1.64倍,4.56%
20260813,1885,Ｔ－ＢＡＳＥ,3415,東P,,386,+2,+0.52%,83,11.0倍,2.61倍,1.81%
20260813,1886,小野建,7414,東P,,"1,429",+8,+0.56%,83,8.52倍,0.38倍,4.83%
20260813,1887,ＧＸＳカバコ,2868,東Ｅ,,"1,145",0,0.00%,82,ー倍,ー倍,ー%
20260813,1888,スカイマーク,9204,東G,,410,-4,-0.97%,82,30.8倍,0.88倍,ー%
20260813,1889,プリモＧＨＤ,367A,東S,,"2,832",-11,-0.39%,82,11.4倍,1.22倍,4.24%
20260813,1890,夢みつけ隊,2673,東S,,122,+5,+4.27%,82,ー倍,0.43倍,ー%
20260813,1891,ソマール,8152,東S,,"7,240",-30,-0.41%,82,5.59倍,0.60倍,1.38%
20260813,1892,島精機,6222,東P,,936,-12,-1.27%,82,35.3倍,0.38倍,2.14%
20260813,1893,レオン,6272,東P,,"1,515",+7,+0.46%,82,10.2倍,0.94倍,3.96%
20260813,1894,日本アクア,1429,東P,,803,-7,-0.86%,82,13.1倍,2.29倍,4.36%
20260813,1895,日特建,1929,東P,,"1,146",-2,-0.17%,82,12.9倍,1.29倍,4.36%
20260813,1896,紀文食品,2933,東P,,"1,120",-8,-0.71%,81,9.99倍,1.02倍,2.05%
20260813,1897,マクビープラ,7095,東P,,"1,226",-17,-1.37%,80,8.04倍,1.21倍,4.49%
20260813,1898,ＭＸ海外株式,1550,東Ｅ,,"8,259",+22,+0.27%,80,ー倍,ー倍,ー%
20260813,1899,未来工業,7931,東P,,"3,550",+45,+1.28%,80,13.2倍,1.04倍,3.80%
20260813,1900,オプティマス,9268,東S,,413,-7,-1.67%,80,8.83倍,0.67倍,4.36%
20260813,1901,ブラインド,7989,東P,,"2,639",+22,+0.84%,79,16.2倍,0.92倍,4.55%
20260813,1902,日神ＧＨＤ,8881,東P,,663,+6,+0.91%,79,8.85倍,0.44倍,5.58%
20260813,1903,レック,7874,東P,,956,+7,+0.74%,79,10.3倍,0.83倍,2.93%
20260813,1904,ｉＳ米債７,1656,東Ｅ,,311.0,+0.5,+0.16%,79,ー倍,ー倍,ー%
20260813,1905,フジッコ,2908,東P,,"1,580",+7,+0.45%,79,36.3倍,0.65倍,2.91%
20260813,1906,霞ヶ関ホテル,401A,東Ｒ,,"96,400",0,0.00%,79,ー倍,0.97倍,6.45%
20260813,1907,ヒーハイスト,6433,東S,,967,+14,+1.47%,79,65.6倍,2.87倍,0.21%
20260813,1908,ＴＫＰ,3479,東G,,"1,830",+44,+2.46%,79,16.6倍,1.30倍,ー%
20260813,1909,クイック,4318,東P,,809,-2,-0.25%,79,16.0倍,2.24倍,4.70%
20260813,1910,Ｒフィールド,2910,東P,,"1,393",+17,+1.24%,78,116倍,1.27倍,1.72%
20260813,1911,ＤＭ三井製糖,2109,東P,,"3,490",-5,-0.14%,78,14.1倍,0.96倍,4.01%
20260813,1912,極東貿易,8093,東P,,"1,822",+8,+0.44%,78,8.83倍,0.66倍,4.06%
20260813,1913,青山財産,8929,東S,,"1,266",-3,-0.24%,78,11.5倍,2.47倍,4.58%
20260813,1914,ダイドー,3205,東S,,744,+13,+1.78%,78,26.2倍,2.31倍,6.72%
20260813,1915,日東精,5957,東P,,774,0,0.00%,78,12.2倍,0.76倍,3.10%
20260813,1916,鎌倉新書,6184,東P,,553,+8,+1.47%,78,20.7倍,4.17倍,3.62%
20260813,1917,大日光,6635,東S,,647,-44,-6.37%,78,6.04倍,0.56倍,2.47%
20260813,1918,オリチェン,6380,東S,,"3,660",-195,-5.06%,77,66.4倍,2.34倍,0.55%
20260813,1919,新日本製薬,4931,東P,,"2,051",-13,-0.63%,77,12.8倍,1.79倍,2.78%
20260813,1920,ハリマ化成Ｇ,4410,東P,,"1,152",+23,+2.04%,77,10.6倍,0.67倍,3.65%
20260813,1921,大阪製鉄,5449,東S,,"2,704",-43,-1.57%,77,270倍,0.73倍,ー%
20260813,1922,ｊｉｇ．ｊｐ,5244,東G,,177,-1,-0.56%,77,6.29倍,1.41倍,1.66%
20260813,1923,ＧＸ純金,425A,東Ｅ,,373.2,-1.1,-0.29%,76,ー倍,ー倍,ー%
20260813,1924,薬王堂ＨＤ,7679,東P,,"1,740",+26,+1.52%,76,8.40倍,0.83倍,1.72%
20260813,1925,アイコム,6820,東P,,"3,500",+130,+3.86%,76,16.2倍,0.69倍,2.49%
20260813,1926,ミナトＨＤ,6862,東S,Ｓ,"3,450",+502,+17.03%,76,4.23倍,2.18倍,1.22%
20260813,1927,ＥＭシステム,4820,東P,,562,+5,+0.90%,76,17.8倍,1.96倍,4.09%
20260813,1928,オークワ,8217,東P,,797,+3,+0.38%,76,49.9倍,0.44倍,3.26%
20260813,1929,ＤＭＰ,3652,東G,,"2,494",-34,-1.34%,76,261倍,2.49倍,ー%
20260813,1930,ユニシアＨＤ,3547,東S,,"1,837",+47,+2.63%,75,39.8倍,2.70倍,ー%
20260813,1931,ＭＸ米ＳＰ有,2630,東Ｅ,,"16,265",+55,+0.34%,75,ー倍,ー倍,ー%
20260813,1932,ｉＦ日経Ｗベ,1366,東Ｅ,,66,0,0.00%,75,ー倍,ー倍,ー%
20260813,1933,ＷＴ銅,1693,東Ｅ,,"8,987",-118,-1.30%,75,ー倍,ー倍,ー%
20260813,1934,ＫＮＴＣＴ,9726,東S,,"1,891",+9,+0.48%,75,9.03倍,2.68倍,0.53%
20260813,1935,ファーマＦ,2929,東P,,606,+7,+1.17%,75,11.7倍,1.75倍,4.13%
20260813,1936,大東銀,8563,東S,,"1,072",+27,+2.58%,75,8.50倍,0.48倍,3.73%
20260813,1937,ジオマテック,6907,東S,,805,+49,+6.48%,75,12.6倍,0.61倍,ー%
20260813,1938,日特塗,4619,東S,,"2,686",+32,+1.21%,75,10.8倍,0.94倍,4.84%
20260813,1939,エラン,6099,東P,,761,-15,-1.93%,75,14.4倍,3.00倍,2.10%
20260813,1940,石川製,6208,東S,,"1,670",-29,-1.71%,75,16.3倍,1.69倍,1.20%
20260813,1941,アーキテクツ,6085,東G,,79,-3,-3.66%,74,239倍,-23倍,ー%
20260813,1942,上場豪債ヘ有,2843,東Ｅ,,"3,689",-1,-0.03%,74,ー倍,ー倍,ー%
20260813,1943,エイチーム,3662,東P,,938,+11,+1.19%,74,29.1倍,2.00倍,2.99%
20260813,1944,Ａバランス,3856,東S,,338,-24,-6.63%,74,ー倍,0.17倍,0.89%
20260813,1945,河西工,7256,東S,,431,-15,-3.36%,74,4.66倍,1.62倍,ー%
20260813,1946,ワタミ,7522,東P,,958,+4,+0.42%,74,ー倍,2.17倍,ー%
20260813,1947,戸田工,4100,東S,,"1,590",+61,+3.99%,74,18.4倍,0.81倍,ー%
20260813,1948,アンジェス,4563,東G,,50,-1,-1.96%,74,ー倍,10.3倍,ー%
20260813,1949,アオイ電子,6832,東S,,"2,369",+50,+2.16%,74,115倍,0.61倍,2.28%
20260813,1950,地銀業界改革,395A,東Ｅ,,"1,087.0",+52.0,+5.02%,73,ー倍,ー倍,ー%
20260813,1951,キユソ流通,9369,東S,,"2,968",+38,+1.30%,73,35.1倍,1.58倍,0.81%
20260813,1952,ｉＦ日経ベ,1456,東Ｅ,,"1,221",-14,-1.13%,73,ー倍,ー倍,ー%
20260813,1953,ＷＴ銀,1673,東Ｅ,,"9,399",-61,-0.64%,72,ー倍,ー倍,ー%
20260813,1954,ウェルネオＳ,2117,東P,,"2,800",+27,+0.97%,72,14.1倍,1.18倍,4.25%
20260813,1955,和心,9271,東G,,"1,119",+49,+4.58%,72,14.1倍,4.72倍,1.07%
20260813,1956,ホッカンＨＤ,5902,東P,,"2,511",+63,+2.57%,72,8.83倍,0.50倍,3.98%
20260813,1957,マリモリート,3470,東Ｒ,,"102,200",-700,-0.68%,72,ー倍,0.96倍,6.85%
20260813,1958,ｉＦ印Ｎ５０,233A,東Ｅ,,"1,905",+5,+0.26%,72,ー倍,ー倍,ー%
20260813,1959,ヘッドウォ,4011,東G,,"2,100",-44,-2.05%,72,32.8倍,9.58倍,ー%
20260813,1960,河合楽,7952,東P,,"3,635",+60,+1.68%,72,19.5倍,0.68倍,2.61%
20260813,1961,空港施設,8864,東S,,936,+1,+0.11%,72,13.6倍,0.75倍,4.49%
20260813,1962,アドバンＲＭ,8769,東S,,525,+21,+4.17%,71,9.77倍,1.91倍,3.62%
20260813,1963,穴吹興産,8928,東S,,"2,330",-4,-0.17%,71,5.52倍,0.52倍,3.43%
20260813,1964,アイビス,9343,東G,,752,-20,-2.59%,71,14.8倍,4.45倍,1.60%
20260813,1965,ＢＢタワー,3776,東S,,250,-5,-1.96%,71,32.1倍,1.68倍,0.80%
20260813,1966,エブレン,6599,東S,,"3,455",+120,+3.60%,71,13.0倍,1.01倍,1.68%
20260813,1967,ＪＤＳＣ,4418,東G,,801,+6,+0.75%,71,24.3倍,2.06倍,ー%
20260813,1968,エスコンＪＰ,2971,東Ｒ,,"110,000","-1,000",-0.90%,71,ー倍,0.98倍,6.42%
20260813,1969,ラサ商事,3023,東S,,"2,093",+34,+1.65%,71,11.0倍,0.94倍,3.82%
20260813,1970,中越パ,3877,東P,,"2,192",-16,-0.72%,70,17.2倍,0.46倍,5.47%
20260813,1971,ミライアル,4238,東S,,"1,733",+34,+2.00%,70,ー倍,0.67倍,ー%
20260813,1972,コンドー,7438,東P,,"1,589",+29,+1.86%,70,12.0倍,1.05倍,3.65%
20260813,1973,ＳＴＧ,5858,東G,,"1,175",-161,-12.05%,69,9.64倍,0.70倍,1.70%
20260813,1974,ダイヤＨＤ,6699,東S,,513,+8,+1.58%,69,611倍,0.41倍,4.87%
20260813,1975,ｉＳＪリート,1476,東Ｅ,,"1,864",-6,-0.32%,69,ー倍,ー倍,ー%
20260813,1976,メンバーズ,2130,東P,,921,-1,-0.11%,69,6.81倍,1.98倍,3.80%
20260813,1977,ネイス,589A,東G,,"1,335",+15,+1.14%,69,13.0倍,8.28倍,ー%
20260813,1978,トーセイＲ,3451,東Ｒ,,"130,800",-300,-0.23%,69,ー倍,1.15倍,5.85%
20260813,1979,サツドラＨＤ,3544,東S,,"1,248",-1,-0.08%,68,ー倍,1.70倍,ー%
20260813,1980,ラボロＡＩ,5586,東G,,840,-3,-0.36%,68,50.0倍,4.90倍,ー%
20260813,1981,コーア商ＨＤ,9273,東P,,780,+8,+1.04%,68,9.15倍,1.05倍,2.44%
20260813,1982,ニホンフラ,7820,東P,,709,-4,-0.56%,68,17.9倍,0.50倍,5.08%
20260813,1983,宝＆ＣＯ,7921,東P,,"4,195",+55,+1.33%,68,15.5倍,1.67倍,4.29%
20260813,1984,トルク,8077,東S,,215,+7,+3.37%,68,8.84倍,0.34倍,2.79%
20260813,1985,クエスト,2332,東S,,"1,800",+29,+1.64%,68,10.8倍,1.24倍,3.39%
20260813,1986,ＣＴＳ,4345,東P,,842,-5,-0.59%,68,12.7倍,2.10倍,3.56%
20260813,1987,じもとＨＤ,7161,東S,,549,+24,+4.57%,67,4.29倍,1.57倍,0.91%
20260813,1988,ＲｅＹｕｕ,9425,東S,,200,-4,-1.96%,67,ー倍,1.09倍,ー%
20260813,1989,リプロセル,4978,東G,,141,+1,+0.71%,67,ー倍,1.57倍,ー%
20260813,1990,Ｖコマース,2491,東P,,462,+3,+0.65%,67,ー倍,0.88倍,3.46%
20260813,1991,ハニーズＨＤ,2792,東P,,"1,427",+4,+0.28%,67,15.9倍,0.81倍,3.85%
20260813,1992,ｉ３,4495,東G,,"1,881",-140,-6.93%,67,11.6倍,3.02倍,2.13%
20260813,1993,アミファ,7800,東S,,"1,024",-36,-3.40%,66,4.85倍,1.15倍,2.93%
20260813,1994,太洋物産,9941,東S,,"1,164",-51,-4.20%,66,15.5倍,2.54倍,ー%
20260813,1995,シマダヤ,250A,東S,,"1,633",+4,+0.25%,66,8.99倍,1.25倍,3.31%
20260813,1996,ＭＩＣ,300A,東S,,"3,310",+45,+1.38%,66,17.4倍,2.59倍,2.33%
20260813,1997,日産車体,7222,東S,,948,0,0.00%,66,9.17倍,0.69倍,ー%
20260813,1998,ザイン,6769,東S,,"1,091",+5,+0.46%,66,108倍,1.33倍,1.37%
20260813,1999,明豊エンタ,8927,東S,,472,+7,+1.51%,66,5.78倍,1.29倍,3.18%
20260813,2000,カンロ,2216,東S,,"1,099",-10,-0.90%,65,15.1倍,2.29倍,3.00%
20260813,2001,ＴＭＮ,5258,東G,,438,0,0.00%,65,21.7倍,2.00倍,ー%
20260813,2002,タナベＣＧ,9644,東P,,766,+5,+0.66%,65,21.2倍,2.41倍,3.79%
20260813,2003,ダイト,4577,東P,,"1,289",+14,+1.10%,65,12.1倍,0.69倍,3.49%
20260813,2004,インスペック,6656,東S,,897,+18,+2.05%,65,45.0倍,4.36倍,ー%
20260813,2005,ＭＳジャパン,6539,東P,,989,+4,+0.41%,64,22.7倍,2.87倍,5.66%
20260813,2006,メディアドゥ,3678,東P,,"1,306",+21,+1.63%,64,16.6倍,1.07倍,3.06%
20260813,2007,リベラウェア,218A,東G,,"1,065",0,0.00%,64,ー倍,31.1倍,ー%
20260813,2008,九州リース,8596,東S,,"1,669",+38,+2.33%,64,9.00倍,0.82倍,3.71%
20260813,2009,アミューズ,4301,東P,,"1,955",+27,+1.40%,64,25.4倍,0.89倍,3.27%
20260813,2010,ＲＳＣ,4664,東S,,996,+47,+4.95%,64,44.3倍,1.30倍,2.41%
20260813,2011,ＰＣＡ,9629,東P,,"1,514",+36,+2.44%,63,38.1倍,1.77倍,2.64%
20260813,2012,ＩＧポート,3791,東S,,"1,122",-12,-1.06%,63,72.7倍,2.27倍,1.16%
20260813,2013,大豊工業,6470,東S,,"1,148",+18,+1.59%,63,9.07倍,0.51倍,2.61%
20260813,2014,ＹＵＳＨＩＮ,6482,東S,,700,-13,-1.82%,63,24.4倍,0.65倍,ー%
20260813,2015,中外鉱,1491,東S,,816,-12,-1.45%,63,11.7倍,1.25倍,ー%
20260813,2016,ＨＳＨＤ,8699,東S,,"1,126",+7,+0.63%,63,ー倍,0.33倍,ー%
20260813,2017,ヤーマン,6630,東P,,766,+9,+1.19%,62,120倍,1.74倍,1.17%
20260813,2018,日本トリム,6788,東P,,"4,975",+40,+0.81%,62,16.8倍,1.59倍,2.61%
20260813,2019,日本麻,3306,東S,,598,-31,-4.93%,62,893倍,1.27倍,0.67%
20260813,2020,Ａｉｍｉｎｇ,3911,東G,,170,-2,-1.16%,62,ー倍,1.09倍,ー%
20260813,2021,ラクオリア,4579,東G,,516,-1,-0.19%,62,ー倍,1.67倍,ー%
20260813,2022,Ｃ＆Ｒ,4763,東P,,"1,443",+7,+0.49%,62,8.86倍,1.57倍,3.53%
20260813,2023,ＤＭＳ,9782,東S,,"3,450",-5,-0.14%,62,17.0倍,1.21倍,6.72%
20260813,2024,スタ・アリス,2305,東S,,"1,940",-10,-0.51%,62,26.4倍,1.12倍,2.58%
20260813,2025,ルネサンス,2378,東P,,"1,068",+9,+0.85%,62,42.1倍,2.64倍,1.22%
20260813,2026,シキボウ,3109,東P,,"1,064",+6,+0.57%,62,22.5倍,0.37倍,4.70%
20260813,2027,北の達人,2930,東P,,126,+6,+5.00%,61,24.0倍,2.28倍,2.78%
20260813,2028,アルファ,4719,東P,,"3,460",+70,+2.06%,61,13.3倍,1.08倍,4.05%
20260813,2029,ＭＸＮＹダウ,2241,東Ｅ,,951.5,-1.7,-0.18%,61,ー倍,ー倍,ー%
20260813,2030,ＲＩＺＡＰ,2928,札Ａ,,188,+2,+1.08%,61,22.4倍,2.22倍,0.71%
20260813,2031,西部技研,6223,東S,,"1,975",-11,-0.55%,61,9.92倍,1.17倍,3.54%
20260813,2032,上場ダウヘ有,2562,東Ｅ,,"3,742",+4,+0.11%,61,ー倍,ー倍,ー%
20260813,2033,クリアル,2998,東G,,500,0,0.00%,61,8.49倍,1.58倍,1.60%
20260813,2034,日本ホスピス,7061,東G,,558,-8,-1.41%,61,7.89倍,1.33倍,4.48%
20260813,2035,マーベラス,7844,東P,,482,-7,-1.43%,61,13.5倍,0.97倍,3.11%
20260813,2036,ＳＭＫ,6798,東P,,"3,445",+130,+3.92%,61,27.3倍,0.70倍,2.90%
20260813,2037,アライドＨＤ,6835,東S,,261,+5,+1.95%,61,12.8倍,1.25倍,3.45%
20260813,2038,アイネス,9742,東P,,"2,310",-9,-0.39%,61,28.3倍,1.32倍,2.38%
20260813,2039,ＷＯＷＯＷ,4839,東P,,995,-5,-0.50%,61,47.1倍,0.41倍,3.02%
20260813,2040,大成ラミック,4994,東S,,"2,732",+22,+0.81%,61,11.1倍,0.62倍,2.56%
20260813,2041,Ｇｕｎｏｓｙ,6047,東S,,397,+7,+1.79%,61,ー倍,0.76倍,3.27%
20260813,2042,キャリアＬ,6070,東P,,"2,400",+21,+0.88%,61,10.1倍,1.79倍,5.00%
20260813,2043,ファンタジス,1783,東S,,49,0,0.00%,61,33.8倍,1.44倍,ー%
20260813,2044,第一建設,1799,東S,,"3,320",+35,+1.07%,60,13.7倍,0.81倍,4.82%
20260813,2045,ＩＴメディア,2148,東P,,"1,238",+18,+1.48%,60,17.5倍,3.41倍,4.04%
20260813,2046,ポピンズ,7358,東S,,"1,735",-8,-0.46%,60,10.9倍,1.71倍,3.11%
20260813,2047,綿半ＨＤ,3199,東P,,"1,325",+18,+1.38%,60,10.8倍,1.02倍,2.34%
20260813,2048,アツギ,3529,東S,,"1,041",-4,-0.38%,60,ー倍,0.53倍,ー%
20260813,2049,日進工具,6157,東S,,850,-15,-1.73%,60,25.7倍,1.12倍,3.53%
20260813,2050,日精線,5659,東P,,"1,396",-2,-0.14%,59,15.3倍,1.01倍,3.30%
20260813,2051,三ッ星,5820,東S,,783,+19,+2.49%,59,11.4倍,0.43倍,2.17%
20260813,2052,アーレスティ,5852,東P,,669,0,0.00%,59,33.5倍,0.30倍,5.08%
20260813,2053,フォースタ,7089,東G,,"1,576",-10,-0.63%,59,10.8倍,3.35倍,ー%
20260813,2054,ブロードＥ,4415,東G,,"1,378",-4,-0.29%,59,ー倍,3.89倍,1.54%
20260813,2055,ｉＳ米増配株,2014,東Ｅ,,325.1,+1.1,+0.34%,59,ー倍,ー倍,ー%
20260813,2056,イメージワン,2667,東S,,106,-12,-10.17%,59,ー倍,1.87倍,ー%
20260813,2057,あかつき本社,8737,東S,,623,+1,+0.16%,59,5.71倍,0.90倍,4.82%
20260813,2058,ＳＢＩＩＧ,7326,東G,,"2,098",0,0.00%,59,14.4倍,1.04倍,2.81%
20260813,2059,粧美堂,7819,東S,,958,+11,+1.16%,58,11.5倍,1.67倍,3.44%
20260813,2060,ラキール,4074,東G,,755,-41,-5.15%,58,ー倍,1.44倍,ー%
20260813,2061,マイクロアド,9553,東G,,632,+1,+0.16%,58,24.7倍,4.26倍,ー%
20260813,2062,ＦＰパートナ,7388,東P,,"2,209",-1,-0.05%,58,31.5倍,4.61倍,4.26%
20260813,2063,日精化,4362,東P,,"2,639",+3,+0.11%,58,11.0倍,1.12倍,3.94%
20260813,2064,ＩＤＨＤ,4709,東P,,"1,044",-1,-0.10%,58,11.8倍,2.37倍,4.79%
20260813,2065,農中４００,2526,東Ｅ,,"38,390",+10,+0.03%,58,ー倍,ー倍,ー%
20260813,2066,フリービット,3843,東P,,"1,635",+16,+0.99%,58,10.2倍,4.03倍,2.51%
20260813,2067,加藤製,6390,東P,,"1,331",-10,-0.75%,58,ー倍,0.36倍,5.26%
20260813,2068,オーバラップ,414A,東G,,886,-3,-0.34%,58,11.4倍,2.08倍,4.97%
20260813,2069,ヤギ,7460,東S,,"1,640",-18,-1.09%,57,10.8倍,0.84倍,3.66%
20260813,2070,ＳＥＣカーボ,5304,東S,,"2,580",-30,-1.15%,57,17.0倍,0.66倍,3.88%
20260813,2071,ヨータイ,5357,東P,,"1,764",-2,-0.11%,57,12.5倍,0.94倍,5.10%
20260813,2072,東京産,8070,東P,,875,+6,+0.69%,57,13.4倍,0.91倍,4.57%
20260813,2073,カネコ種,1376,東S,,"1,609",+29,+1.84%,57,10.7倍,0.66倍,2.98%
20260813,2074,ベステラ,1433,東P,,"1,143",-5,-0.44%,57,14.5倍,1.89倍,3.50%
20260813,2075,ＮＩＳＳＯ,9332,東P,,643,+5,+0.78%,57,10.3倍,1.21倍,3.89%
20260813,2076,オカアイヨン,6294,東P,,"1,944",+12,+0.62%,57,9.22倍,0.88倍,3.91%
20260813,2077,ＡｎｄＤｏ,3457,東P,,950,+13,+1.39%,57,12.2倍,0.99倍,4.84%
20260813,2078,上場ＳＰヘ有,2521,東Ｅ,,"2,192",+7,+0.32%,57,ー倍,ー倍,ー%
20260813,2079,オエノンＨＤ,2533,東P,,453,-5,-1.09%,57,8.57倍,0.91倍,2.65%
20260813,2080,ケンコーマヨ,2915,東P,,"2,008",+5,+0.25%,57,10.2倍,0.70倍,3.49%
20260813,2081,スペース,9622,東P,,"1,436",+11,+0.77%,57,10.7倍,0.99倍,5.01%
20260813,2082,いであ,9768,東S,,"3,755",+60,+1.62%,57,11.2倍,0.85倍,3.14%
20260813,2083,ツツミ,7937,東S,,"2,574",+45,+1.78%,56,14.4倍,0.58倍,4.47%
20260813,2084,コンフインタ,7374,東G,,"1,508",-25,-1.63%,56,10.1倍,1.54倍,5.64%
20260813,2085,エイビック,9554,東G,,"1,682",+25,+1.51%,56,14.0倍,4.01倍,ー%
20260813,2086,ｅＷｅＬＬ,5038,東G,,"2,114",-4,-0.19%,56,24.1倍,10.2倍,0.99%
20260813,2087,エアトリ,6191,東P,,912,-13,-1.41%,56,33.3倍,1.17倍,ー%
20260813,2088,理想科学,6413,東P,,"1,105",+7,+0.64%,56,16.9倍,1.03倍,4.52%
20260813,2089,ＴＶＥ,6466,東S,,"4,105",-20,-0.48%,56,11.7倍,0.75倍,1.34%
20260813,2090,フュージック,5256,東G,,"2,398",-200,-7.70%,56,17.1倍,2.52倍,ー%
20260813,2091,スタティアＨ,3393,東P,,"3,005",-25,-0.83%,56,12.1倍,3.50倍,4.83%
20260813,2092,アステナＨＤ,8095,東P,,532,+5,+0.95%,55,9.15倍,0.76倍,3.38%
20260813,2093,ＮＥＣキャピ,8793,東P,,"4,145",+40,+0.97%,55,8.93倍,0.68倍,3.62%
20260813,2094,ヤマト,1967,東S,,"2,088",+18,+0.87%,55,10.9倍,1.09倍,3.69%
20260813,2095,カナディアン,9284,東IF,,"77,400",+400,+0.52%,55,ー倍,0.75倍,7.71%
20260813,2096,ＣＳＰ,9740,東P,,"2,705",-1,-0.04%,55,16.5倍,0.91倍,2.99%
20260813,2097,ナレルＧ,9163,東G,,"2,355",+5,+0.21%,55,9.86倍,1.38倍,4.88%
20260813,2098,なとり,2922,東P,,"1,994",+23,+1.17%,55,17.2倍,0.89倍,1.50%
20260813,2099,ＬＴＳ,6560,東P,,"1,791",+73,+4.25%,55,7.51倍,1.58倍,2.23%
20260813,2100,宮越ＨＤ,6620,東P,,712,+12,+1.71%,54,86.3倍,1.15倍,ー%
20260813,2101,野村ＪＰＸ,1591,東Ｅ,,"37,860",+170,+0.45%,54,ー倍,ー倍,ー%
20260813,2102,プロネクサス,7893,東P,,"1,131",+11,+0.98%,54,14.0倍,1.11倍,3.89%
20260813,2103,クリナップ,7955,東P,,941,+5,+0.53%,54,9.35倍,0.55倍,3.51%
20260813,2104,いちごホテル,3463,東Ｒ,,"110,700",-500,-0.45%,54,ー倍,0.88倍,6.44%
20260813,2105,オプティム,3694,東P,,417,+2,+0.48%,54,ー倍,2.45倍,ー%
20260813,2106,ＡＭＩ,3773,東G,,"1,098",+13,+1.20%,54,14.9倍,1.17倍,2.00%
20260813,2107,ＪＴＰ,2488,東S,,"1,475",+27,+1.86%,54,11.4倍,2.12倍,3.39%
20260813,2108,ヨシムラＨＤ,2884,東P,,654,+4,+0.62%,54,11.2倍,1.20倍,ー%
20260813,2109,中央倉,9319,東P,,"1,778",+42,+2.42%,54,15.1倍,0.62倍,2.36%
20260813,2110,燦ＨＤ,9628,東P,,"1,419",+11,+0.78%,53,ー倍,0.87倍,2.84%
20260813,2111,インテージＨ,4326,東P,,"1,882",+19,+1.02%,53,18.0倍,2.11倍,2.66%
20260813,2112,幸楽苑,7554,東P,,"1,134",+8,+0.71%,53,17.4倍,3.05倍,1.32%
20260813,2113,ワシントンＨ,4691,東S,,"2,249",+4,+0.18%,53,11.7倍,2.21倍,2.00%
20260813,2114,ＪＥＳＣＯ,1434,東S,,"1,718",+17,+1.00%,53,10.9倍,1.42倍,2.79%
20260813,2115,第一カッタ,1716,東S,,"1,489",+47,+3.26%,53,10.2倍,0.83倍,2.69%
20260813,2116,大成温調,1904,東S,,"5,110",-80,-1.54%,53,6.00倍,1.03倍,3.87%
20260813,2117,コスピベア,2034,東EN,,"1,913",-59,-2.99%,53,ー倍,ー倍,ー%
20260813,2118,インシュア,5843,東S,,"2,397",-36,-1.48%,53,9.62倍,2.25倍,1.04%
20260813,2119,Ｓａｐｅｅｔ,269A,東G,,"2,456",-9,-0.37%,52,30.5倍,5.85倍,ー%
20260813,2120,東リ,7971,東S,,680,+1,+0.15%,52,11.4倍,0.74倍,5.00%
20260813,2121,ジャノメ,6445,東P,,"1,398",-11,-0.78%,52,11.7倍,0.67倍,4.29%
20260813,2122,ファイバーＧ,9450,東S,,806,+6,+0.75%,52,12.8倍,2.35倍,3.35%
20260813,2123,セレスポ,9625,東S,,929,+17,+1.86%,52,7.51倍,0.54倍,5.38%
20260813,2124,Ｏｎｅトピ,1473,東Ｅ,,"4,261",+33,+0.78%,52,ー倍,ー倍,ー%
20260813,2125,ビリングシス,3623,東G,,"1,080",-20,-1.82%,52,11.5倍,2.11倍,3.01%
20260813,2126,ＴＹＫ,5363,東S,,701,+8,+1.15%,52,6.88倍,0.62倍,4.37%
20260813,2127,ゴルフ・ドゥ,3032,名N,,251,-69,-21.56%,52,14.0倍,1.44倍,1.59%
20260813,2128,ソフトフロン,2321,東G,,131,-2,-1.50%,51,ー倍,4.10倍,ー%
20260813,2129,リベロ,9245,東G,,"2,034",-106,-4.95%,51,14.5倍,3.45倍,2.06%
20260813,2130,セキュア,4264,東G,,"1,625",-3,-0.18%,51,24.6倍,2.53倍,ー%
20260813,2131,新光商,8141,東P,,"1,565",0,0.00%,51,31.9倍,0.83倍,ー%
20260813,2132,エコス,7520,東P,,"2,503",+32,+1.30%,51,7.90倍,0.94倍,2.80%
20260813,2133,オーネックス,5987,東S,,"1,929",-121,-5.90%,51,7.85倍,0.57倍,1.04%
20260813,2134,共栄タ,9130,東S,,"1,500",+1,+0.07%,51,3.10倍,0.41倍,2.67%
20260813,2135,フェイスＮＷ,3489,東S,,803,+16,+2.03%,51,6.27倍,1.92倍,5.60%
20260813,2136,高島,8007,東P,,802,+2,+0.25%,50,17.1倍,1.20倍,5.74%
20260813,2137,船場,6540,東S,,"1,554",+37,+2.44%,50,10.4倍,1.17倍,5.02%
20260813,2138,ＧＸ住宅日Ｒ,2097,東Ｅ,,949,-6,-0.63%,50,ー倍,ー倍,ー%
20260813,2139,ジンジブ,142A,東G,,774,-11,-1.40%,50,6.37倍,3.86倍,ー%
20260813,2140,ＳＳ金,447A,東Ｅ,,280.4,+1.6,+0.57%,50,ー倍,ー倍,ー%
20260813,2141,キッズバイオ,4584,東G,,152,+4,+2.70%,50,ー倍,4.19倍,ー%
20260813,2142,エスケー化研,4628,東S,,"9,010",-30,-0.33%,50,12.8倍,0.69倍,2.00%
20260813,2143,ＭＴＩ,9438,東P,,581,+19,+3.38%,50,12.0倍,1.65倍,3.44%
20260813,2144,ナガセ,9733,東S,,"2,283",-18,-0.78%,50,12.4倍,2.03倍,5.26%
20260813,2145,北電工,6989,東S,,"2,507",+148,+6.27%,50,16.4倍,0.76倍,3.79%
20260813,2146,ニチリン,5184,東S,,"4,145",0,0.00%,50,9.70倍,0.86倍,4.58%
20260813,2147,日精鉱,5729,東S,,"1,746",-17,-0.96%,50,15.3倍,1.12倍,3.44%
20260813,2148,小池工,6137,東S,,"1,478",-11,-0.74%,50,9.19倍,0.66倍,3.38%
20260813,2149,三協立山,5932,東P,,664,+10,+1.53%,49,20.8倍,0.23倍,3.77%
20260813,2150,遠藤照明,6932,東S,,"2,600",+10,+0.39%,49,8.73倍,0.76倍,3.38%
20260813,2151,Ｊテック・Ｃ,3446,東S,,"1,595",+12,+0.76%,49,ー倍,3.30倍,ー%
20260813,2152,ＰＢＲ１解消,2080,東Ｅ,,"2,088",+26,+1.26%,49,ー倍,ー倍,ー%
20260813,2153,ｉＳＱＴＯＰ,392A,東Ｅ,,278.9,+0.7,+0.25%,49,ー倍,ー倍,ー%
20260813,2154,イートアンド,2882,東P,,"2,083",+18,+0.87%,49,52.1倍,2.08倍,0.72%
20260813,2155,ユキグニ,1375,東P,,"1,148",+15,+1.32%,49,18.0倍,3.34倍,1.74%
20260813,2156,サイバトラス,4498,東G,,"1,287",+20,+1.58%,49,17.0倍,2.81倍,1.09%
20260813,2157,リボミック,4591,東G,,76,-1,-1.30%,49,ー倍,1.57倍,ー%
20260813,2158,帝ホテル,9708,東S,,992,+4,+0.40%,49,63.5倍,2.40倍,0.60%
20260813,2159,ミロク情報,9928,東P,,"1,849",+4,+0.22%,49,11.5倍,1.71倍,3.52%
20260813,2160,ひらまつ,2764,東S,,146,-4,-2.67%,48,35.8倍,1.68倍,0.84%
20260813,2161,三谷産業,8285,東S,,770,+24,+3.22%,48,18.2倍,0.83倍,1.69%
20260813,2162,東北銀,8349,東S,,"1,505",+34,+2.31%,48,9.03倍,0.61倍,3.32%
20260813,2163,トレイダーズ,8704,東S,,"1,336",+18,+1.37%,48,7.39倍,1.73倍,3.37%
20260813,2164,モンラボ,5255,東G,,100,+2,+2.04%,48,ー倍,8.66倍,ー%
20260813,2165,オリコン,4800,東S,,"1,357",0,0.00%,48,16.6倍,3.09倍,ー%
20260813,2166,共栄セキュリ,7058,東S,,"2,866",-34,-1.17%,48,ー倍,0.84倍,3.14%
20260813,2167,アトネイチャ,7823,東S,,844,+6,+0.72%,48,22.7倍,1.01倍,3.32%
20260813,2168,メイホーＨＤ,7369,東G,,352,-23,-6.13%,48,10.4倍,0.77倍,ー%
20260813,2169,アルインコ,5933,東P,,"1,116",+11,+1.00%,47,10.2倍,0.66倍,4.03%
20260813,2170,ヒビノ,2469,東S,,"2,678",+29,+1.09%,47,10.2倍,1.91倍,3.36%
20260813,2171,大同信,6743,東S,,"1,101",+30,+2.80%,47,8.07倍,0.56倍,3.27%
20260813,2172,ミタチ産業,3321,東S,,"1,672",+19,+1.15%,47,8.89倍,0.75倍,4.19%
20260813,2173,農中Ｊリート,1595,東Ｅ,,"1,860",+7,+0.38%,47,ー倍,ー倍,ー%
20260813,2174,三晃金,1972,東S,,"1,319",+5,+0.38%,47,10.4倍,0.94倍,4.85%
20260813,2175,アイサンテク,4667,東S,,"1,997",+30,+1.53%,47,19.3倍,1.68倍,2.25%
20260813,2176,アイホン,6718,東P,,"2,841",+8,+0.28%,46,14.5倍,0.66倍,4.58%
20260813,2177,ヘリオスＴＨ,6927,東S,,953,+1,+0.11%,46,14.4倍,1.09倍,6.19%
20260813,2178,東祥,8920,東S,,712,0,0.00%,46,7.72倍,0.66倍,1.40%
20260813,2179,トランヴィア,545A,東P,,929,-1,-0.11%,46,15.3倍,1.48倍,4.31%
20260813,2180,ケーユーＨＤ,9856,東S,,"1,205",+21,+1.77%,46,6.75倍,0.54倍,4.81%
20260813,2181,ウェルネット,2428,東S,,628,-5,-0.79%,46,10.4倍,1.30倍,4.86%
20260813,2182,高千穂交易,2676,東P,,"2,084",+23,+1.12%,46,23.6倍,2.32倍,3.65%
20260813,2183,ランディクス,2981,東G,,"2,190",+55,+2.58%,46,6.62倍,1.18倍,2.56%
20260813,2184,松井建,1810,東S,,"1,450",+1,+0.07%,46,10.3倍,0.72倍,4.83%
20260813,2185,ＳＰＫ,7466,東P,,"1,362",-7,-0.51%,46,10.1倍,0.93倍,3.01%
20260813,2186,リックス,7525,東P,,"3,705",+30,+0.82%,46,10.0倍,1.04倍,4.37%
20260813,2187,トヨコー,341A,東G,,"1,975",+27,+1.39%,46,41.2倍,8.66倍,ー%
20260813,2188,クラウドＷ,3900,東G,,673,-28,-3.99%,46,ー倍,1.65倍,ー%
20260813,2189,エニグモ,3665,東P,,415,+5,+1.22%,45,33.4倍,1.58倍,7.23%
20260813,2190,オロ,3983,東P,,"2,240",-5,-0.22%,45,15.9倍,3.37倍,2.23%
20260813,2191,サンエー化研,4234,東S,,950,-5,-0.52%,45,5.74倍,0.40倍,1.89%
20260813,2192,ドリームＩ,4310,東P,,"2,498",+34,+1.38%,45,ー倍,2.05倍,5.48%
20260813,2193,ダイトーケミ,4366,東S,,455,+23,+5.32%,45,17.2倍,0.87倍,1.98%
20260813,2194,シリウスＶ,6276,東S,,356,+34,+10.56%,45,3.19倍,0.80倍,ー%
20260813,2195,エネクスＩＦ,9286,東IF,,"47,700",+500,+1.06%,45,ー倍,0.57倍,6.34%
20260813,2196,ユーソナー,431A,東G,,"2,094",-57,-2.65%,45,16.4倍,3.47倍,ー%
20260813,2197,ｉＳＨＹ債Ｈ,1497,東Ｅ,,"1,736",+6,+0.35%,45,ー倍,ー倍,ー%
20260813,2198,野村医薬品,1621,東Ｅ,,"30,400",-160,-0.52%,45,ー倍,ー倍,ー%
20260813,2199,ヤマウラ,1780,東P,,"1,466",+36,+2.52%,45,9.87倍,1.04倍,2.46%
20260813,2200,日基技,1914,東S,,728,+5,+0.69%,45,8.83倍,0.54倍,4.12%
20260813,2201,井村屋Ｇ,2209,東P,,"2,368",+6,+0.25%,45,12.6倍,1.20倍,1.60%
20260813,2202,テイツー,7610,東S,,142,0,0.00%,45,11.1倍,1.29倍,2.82%
20260813,2203,ＰＳＳ,7707,東G,,222,+6,+2.78%,45,28.0倍,1.57倍,ー%
20260813,2204,ｃｏｔｔａ,3359,東G,,515,-17,-3.20%,44,8.70倍,1.13倍,1.94%
20260813,2205,稲葉製作,3421,東S,,"1,709",+1,+0.06%,44,14.4倍,0.61倍,2.57%
20260813,2206,日本一ソフト,3851,東S,,"1,186",+46,+4.04%,44,18.1倍,0.77倍,0.42%
20260813,2207,野村外国債券,2511,東Ｅ,,"1,184.0",-1.0,-0.08%,44,ー倍,ー倍,ー%
20260813,2208,丸善ＣＨＩ,3159,東S,,404,-7,-1.70%,44,15.1倍,0.67倍,1.49%
20260813,2209,北川鉄,6317,東S,,"1,801",-18,-0.99%,44,8.52倍,0.36倍,3.55%
20260813,2210,Ｔ＆Ｇニーズ,4331,東P,,682,-6,-0.87%,44,12.5倍,0.55倍,5.87%
20260813,2211,津田駒,6217,東S,,796,-8,-1.00%,44,50.8倍,2.01倍,ー%
20260813,2212,シスエグゼ,548A,東S,,919,+12,+1.32%,44,8.30倍,0.82倍,4.84%
20260813,2213,扶桑薬,4538,東P,,"2,268",-13,-0.57%,43,14.9倍,0.54倍,3.97%
20260813,2214,ベルトラ,7048,東G,,156,-3,-1.89%,43,16.8倍,2.25倍,ー%
20260813,2215,信金中央,8421,東証,,"189,900","+1,300",+0.69%,43,ー倍,ー倍,3.42%
20260813,2216,明和地所,8869,東S,,834,-6,-0.71%,43,6.74倍,0.52倍,4.80%
20260813,2217,学究社,9769,東P,,"2,691",+21,+0.79%,43,13.4倍,3.86倍,4.72%
20260813,2218,アーバネット,3242,東S,,516,+4,+0.78%,43,8.86倍,0.98倍,4.65%
20260813,2219,マツオカ,3611,東S,,"2,472",+25,+1.02%,43,7.63倍,0.65倍,4.65%
20260813,2220,ＪＩＧＳＡＷ,3914,東G,,"2,300",+29,+1.28%,43,ー倍,4.22倍,ー%
20260813,2221,ＣＫサンエツ,5757,東P,,"5,090",+40,+0.79%,43,6.47倍,0.75倍,1.96%
20260813,2222,ククレブ,276A,東G,,"3,400",+60,+1.80%,43,24.9倍,3.62倍,0.88%
20260813,2223,インフォメテ,281A,東G,,464,+5,+1.09%,43,ー倍,3.33倍,ー%
20260813,2224,リファバスＧ,7375,東G,,"1,225",+5,+0.41%,43,13.7倍,10.4倍,ー%
20260813,2225,原油先物ベア,2039,東EN,,527,0,0.00%,43,ー倍,ー倍,ー%
20260813,2226,大盛工業,1844,東S,,488,+4,+0.83%,42,18.4倍,1.50倍,2.36%
20260813,2227,モロゾフ,2217,東P,,"1,512",+15,+1.00%,42,105倍,1.53倍,0.66%
20260813,2228,日邦産業,9913,東S,,"3,230",+20,+0.62%,42,20.8倍,1.71倍,2.45%
20260813,2229,ＵＮＩＣＯＮ,407A,東S,,879,-20,-2.22%,42,7.90倍,2.09倍,5.12%
20260813,2230,ＧＸ防衛テク,466A,東Ｅ,,"1,168",+10,+0.86%,42,ー倍,ー倍,ー%
20260813,2231,Ｆ＆Ｍ,4771,東S,,"2,652",-19,-0.71%,42,13.6倍,2.53倍,2.26%
20260813,2232,野村新興国株,2520,東Ｅ,,"2,357",+22,+0.94%,42,ー倍,ー倍,ー%
20260813,2233,ポラリスＨＤ,3010,東S,,198,+3,+1.54%,42,29.0倍,1.48倍,5.05%
20260813,2234,ビーウィズ,9216,東P,,"1,666",+18,+1.09%,42,25.2倍,2.76倍,4.62%
20260813,2235,パラカ,4809,東P,,"2,053",+20,+0.98%,42,9.10倍,0.97倍,3.51%
20260813,2236,Ｓクリプトエ,5721,東S,,62,+1,+1.64%,42,ー倍,2.35倍,ー%
20260813,2237,チムスピ,4397,東G,,393,-6,-1.50%,41,18.7倍,4.55倍,ー%
20260813,2238,大幸薬品,4574,東P,,256,+1,+0.39%,41,23.4倍,1.53倍,1.37%
20260813,2239,サックスバー,9990,東P,,752,+4,+0.53%,41,10.4倍,0.73倍,4.65%
20260813,2240,ＳＫジャパン,7608,東S,,823,-5,-0.60%,41,10.1倍,2.05倍,2.92%
20260813,2241,フラベッドＨ,7840,東P,,"1,277",+13,+1.03%,41,13.9倍,1.07倍,3.29%
20260813,2242,ｉＳＩＧ債Ｈ,1496,東Ｅ,,"1,636",+2,+0.12%,41,ー倍,ー倍,ー%
20260813,2243,グロースコア,1563,東Ｅ,,"2,373",+12,+0.51%,41,ー倍,ー倍,ー%
20260813,2244,野村原油,1699,東Ｅ,,626.6,-1.2,-0.19%,41,ー倍,ー倍,ー%
20260813,2245,帝通工,6763,東P,,"2,877",+55,+1.95%,41,19.0倍,0.92倍,4.34%
20260813,2246,京写,6837,東S,,363,-1,-0.27%,41,12.1倍,0.51倍,2.48%
20260813,2247,ｉＦＴＰ年４,2625,東Ｅ,,"4,194",+44,+1.06%,41,ー倍,ー倍,ー%
20260813,2248,コア,2359,東P,,"2,090",+4,+0.19%,41,10.0倍,1.45倍,3.11%
20260813,2249,イオン九州,2653,東S,,"2,849",+4,+0.14%,41,15.0倍,1.63倍,1.76%
20260813,2250,明治電機工業,3388,東P,,"2,115",+11,+0.52%,41,8.73倍,0.70倍,4.54%
20260813,2251,バロック,3548,東P,,729,+3,+0.41%,41,35.4倍,1.96倍,5.21%
20260813,2252,ＧＥＮＯＶＡ,9341,東P,,603,-1,-0.17%,41,8.78倍,1.72倍,4.98%
20260813,2253,Ａパーチェス,7115,東S,,"1,487",-68,-4.37%,41,12.9倍,2.11倍,2.49%
20260813,2254,上場２２５Ｍ,1578,東Ｅ,,"5,453",+53,+0.98%,40,ー倍,ー倍,ー%
20260813,2255,川西倉,9322,東S,,"2,425",-16,-0.66%,40,28.7倍,0.87倍,5.44%
20260813,2256,メドレックス,4586,東G,,65,0,0.00%,40,ー倍,2.55倍,ー%
20260813,2257,レシップＨＤ,7213,東S,,650,-5,-0.76%,40,7.62倍,0.89倍,4.00%
20260813,2258,ギークリー,505A,東S,,"1,367",+16,+1.18%,40,9.71倍,4.01倍,4.17%
20260813,2259,高知銀,8416,東S,,"1,116",+29,+2.67%,40,25.1倍,0.29倍,2.24%
20260813,2260,ｉＦＥナ百ベ,2842,東Ｅ,,"12,060",-85,-0.70%,40,ー倍,ー倍,ー%
20260813,2261,ＮＦＫＨＤ,6494,東S,,102,0,0.00%,40,47.4倍,0.85倍,ー%
20260813,2262,Ｗディッシュ,2901,東S,,150,-2,-1.32%,40,14.3倍,0.72倍,2.67%
20260813,2263,ラクーンＨＤ,3031,東P,,642,+5,+0.78%,40,41.5倍,2.97倍,3.43%
20260813,2264,ペッパー,3053,東S,,196,+2,+1.03%,40,242倍,3.47倍,ー%
20260813,2265,ブルドック,2804,東P,,"1,831",+14,+0.77%,39,23.6倍,0.88倍,2.46%
20260813,2266,ＳＳＳＫＨＤ,4838,東S,,665,-13,-1.92%,39,8.85倍,1.24倍,4.51%
20260813,2267,ＩＲジャパン,6035,東S,,740,+20,+2.78%,39,ー倍,2.03倍,ー%
20260813,2268,トレンダ,6069,東G,,702,+13,+1.89%,39,12.1倍,1.27倍,5.13%
20260813,2269,グロービー,5575,東G,,"1,176",+39,+3.43%,39,13.6倍,5.24倍,ー%
20260813,2270,ブルーイノベ,5597,東G,,"1,261",-10,-0.79%,39,ー倍,101倍,ー%
20260813,2271,日水コン,261A,東S,,"2,044",+12,+0.59%,39,14.6倍,1.61倍,3.62%
20260813,2272,ヨロズ,7294,東P,,907,-4,-0.44%,39,17.2倍,0.34倍,3.64%
20260813,2273,国際計測,7722,東S,,770,+14,+1.85%,39,10.4倍,0.84倍,5.19%
20260813,2274,ＡＩｉｎｓ,4488,東G,,"2,139",-51,-2.33%,39,23.4倍,1.64倍,ー%
20260813,2275,サンウェルズ,9229,東P,,115,-2,-1.71%,39,ー倍,0.59倍,ー%
20260813,2276,ＡＩクロス,4476,東G,,"1,119",+8,+0.72%,38,11.8倍,2.15倍,ー%
20260813,2277,ＧＸロジ日Ｒ,2565,東Ｅ,,901,-1,-0.11%,38,ー倍,ー倍,ー%
20260813,2278,ペルセウス,4882,東G,,147,+4,+2.80%,38,ー倍,2.38倍,ー%
20260813,2279,イントループ,9556,東G,,"1,980",-32,-1.59%,38,28.7倍,2.95倍,ー%
20260813,2280,野村女性活躍,2518,東Ｅ,,"2,382",-58,-2.38%,38,ー倍,ー倍,ー%
20260813,2281,フルッタ,2586,東G,,92,0,0.00%,38,107倍,1.51倍,ー%
20260813,2282,スターシーズ,3083,東S,,932,-24,-2.51%,38,13.4倍,2.97倍,1.07%
20260813,2283,リブコンサル,480A,東G,,"1,040",-14,-1.33%,38,11.9倍,1.81倍,ー%
20260813,2284,Ｄｅｆコン,4833,東G,,45,+1,+2.27%,38,2.44倍,1.36倍,ー%
20260813,2285,ＨＥＲＯＺ,4382,東S,,750,-4,-0.53%,38,44.5倍,2.68倍,ー%
20260813,2286,ＮＡＮＯＨＤ,4571,東G,,102,0,0.00%,38,ー倍,2.59倍,ー%
20260813,2287,サニックスＨ,4651,東S,,269,0,0.00%,38,12.8倍,1.17倍,1.12%
20260813,2288,シモジマ,7482,東P,,"1,456",-13,-0.88%,38,13.1倍,0.92倍,4.05%
20260813,2289,ナカバヤシ,7987,東S,,560,0,0.00%,38,7.79倍,0.49倍,3.93%
20260813,2290,ホテルレジＲ,3472,東Ｒ,,"66,000",-400,-0.60%,38,ー倍,0.81倍,6.03%
20260813,2291,小松マテーレ,3580,東P,,746,-1,-0.13%,38,14.0倍,0.70倍,3.62%
20260813,2292,酒井重,6358,東P,,"2,166",+18,+0.84%,38,17.0倍,0.59倍,5.08%
20260813,2293,ＭＯＲＥＳＣ,5018,東S,,"2,202",-29,-1.30%,37,13.1倍,0.84倍,2.50%
20260813,2294,ｉＳ米債７Ｈ,1482,東Ｅ,,"1,541",+1,+0.06%,37,ー倍,ー倍,ー%
20260813,2295,ＷＴ金,1672,東Ｅ,,"64,600",-350,-0.54%,37,ー倍,ー倍,ー%
20260813,2296,日東富士,2003,東S,,"1,775",0,0.00%,37,19.6倍,1.31倍,3.94%
20260813,2297,上場ＳＰレ２,2239,東Ｅ,,"27,320",+175,+0.64%,37,ー倍,ー倍,ー%
20260813,2298,構造計画ＨＤ,208A,東S,,"2,995",+5,+0.17%,37,12.4倍,2.75倍,3.67%
20260813,2299,ＥＴＳ・Ｇ,253A,東S,,"1,040",+16,+1.56%,37,11.7倍,1.72倍,2.21%
20260813,2300,ｉＦ米債３無,381A,東Ｅ,,"2,174",+1,+0.05%,37,ー倍,ー倍,ー%
20260813,2301,グランディ,8999,東P,,565,+1,+0.18%,37,14.9倍,0.66倍,5.66%
20260813,2302,大庄,9979,東S,,"1,104",+10,+0.91%,37,25.2倍,1.99倍,1.27%
20260813,2303,Ｓｏｌｖｖｙ,7320,東G,,"1,563",-1,-0.06%,37,10.7倍,3.50倍,1.28%
20260813,2304,セルシード,7776,東G,,230,-1,-0.43%,37,ー倍,5.14倍,ー%
20260813,2305,ニチバン,4218,東P,,"1,935",+12,+0.62%,37,17.0倍,0.89倍,2.07%
20260813,2306,メディシス,4350,東S,,455,-8,-1.73%,37,13.3倍,0.78倍,2.64%
20260813,2307,アクリート,4395,東G,,677,-10,-1.46%,37,12.1倍,1.45倍,1.48%
20260813,2308,ＢＢＳｅｃ,4398,東S,,"1,280",-28,-2.14%,37,12.0倍,2.33倍,1.33%
20260813,2309,Ａｍａｚｉａ,4424,東G,,336,-2,-0.59%,37,ー倍,2.84倍,ー%
20260813,2310,ブライトパス,4594,東G,,51,0,0.00%,37,ー倍,3.02倍,ー%
20260813,2311,神島化,4026,東S,,"1,656",-8,-0.48%,36,ー倍,1.03倍,ー%
20260813,2312,東邦化,4409,東S,,747,-10,-1.32%,36,8.49倍,0.63倍,3.35%
20260813,2313,イーガーディ,6050,東P,,"1,740",-5,-0.29%,36,19.5倍,1.65倍,2.18%
20260813,2314,小田原エンジ,6149,東S,,"2,186",-30,-1.35%,36,14.6倍,0.65倍,3.20%
20260813,2315,ベビカレ,7363,東G,Ｓ,"1,570",+300,+23.62%,36,20.0倍,1.81倍,ー%
20260813,2316,野村ダウＨ有,2846,東Ｅ,,"2,593",-24,-0.92%,36,ー倍,ー倍,ー%
20260813,2317,小野測器,6858,東S,,858,+16,+1.90%,36,11.1倍,0.53倍,3.50%
20260813,2318,オートＷ,2666,東S,,178,+1,+0.56%,36,10.7倍,0.57倍,2.25%
20260813,2319,ブリッジ－Ｇ,7039,東G,,"1,708",-26,-1.50%,36,8.92倍,1.36倍,5.56%
20260813,2320,杉本商,9932,東P,,"1,308",+10,+0.77%,36,13.2倍,0.65倍,4.13%
20260813,2321,ＭｒＭａｘ,8203,東P,,777,0,0.00%,36,8.36倍,0.68倍,3.73%
20260813,2322,ニチモウ,8091,東P,,"2,374",+11,+0.47%,35,7.67倍,0.57倍,4.21%
20260813,2323,ＪＭＡＣＳ,5817,東S,,"1,015",-9,-0.88%,35,23.0倍,1.00倍,1.48%
20260813,2324,ＮＥＸＹＺ．,4346,東S,,823,-4,-0.48%,35,11.3倍,2.91倍,2.43%
20260813,2325,ＧＸメタ日株,2646,東Ｅ,,"3,708",-207,-5.29%,35,ー倍,ー倍,ー%
20260813,2326,ＧＸ中小日株,2837,東Ｅ,,"4,790",+20,+0.42%,35,ー倍,ー倍,ー%
20260813,2327,ＴＨＥＣＯＯ,4255,東G,Ｓ,"3,200",+501,+18.56%,35,11.1倍,8.10倍,ー%
20260813,2328,クロスキャト,2307,東P,,"1,041",+7,+0.68%,35,9.46倍,2.26倍,3.75%
20260813,2329,メディネット,2370,東G,,26,+1,+4.00%,35,ー倍,2.16倍,ー%
20260813,2330,ぐるなび,2440,東S,,130,+1,+0.78%,35,ー倍,1.41倍,ー%
20260813,2331,農中Ｊリコア,2527,東Ｅ,,"1,110",-4,-0.36%,35,ー倍,ー倍,ー%
20260813,2332,島根銀行,7150,東S,,505,+19,+3.91%,35,27.0倍,0.78倍,1.98%
20260813,2333,京都友禅ＨＤ,7615,東S,,93,-1,-1.06%,35,18.5倍,0.62倍,1.61%
20260813,2334,東京衡機,7719,東S,,444,+14,+3.26%,35,13.5倍,1.80倍,ー%
20260813,2335,平山,7781,東S,,834,+38,+4.77%,34,11.4倍,2.29倍,3.36%
20260813,2336,日化産,4094,東S,,"2,259",+40,+1.80%,34,35.2倍,0.85倍,3.98%
20260813,2337,三共興,8018,東S,,836,+15,+1.83%,34,15.5倍,0.51倍,3.23%
20260813,2338,オープンＷ,5139,東G,,935,-6,-0.64%,34,20.1倍,2.54倍,0.96%
20260813,2339,クラダシ,5884,東G,,635,+5,+0.79%,34,25.4倍,4.56倍,ー%
20260813,2340,ＪＲＣ,6224,東G,,"1,136",+8,+0.71%,34,11.8倍,2.49倍,2.99%
20260813,2341,ヒューマンＴ,5621,東G,,"1,670",-34,-2.00%,34,14.4倍,3.04倍,2.10%
20260813,2342,アズパートナ,160A,東S,,"2,100",+35,+1.69%,34,5.77倍,1.46倍,3.81%
20260813,2343,ＲＯＸＸ,241A,東G,,427,+20,+4.91%,34,"3,050倍",2.12倍,ー%
20260813,2344,鈴茂器工,6405,東S,,"1,148",+14,+1.23%,34,20.3倍,0.99倍,3.05%
20260813,2345,サイバＳＯＬ,436A,東G,,"1,060",+2,+0.19%,34,14.0倍,3.95倍,3.58%
20260813,2346,ナカノフドー,1827,東S,,"1,415",+1,+0.07%,34,16.8倍,0.97倍,1.77%
20260813,2347,キャリアデザ,2410,東P,,"2,908",-2,-0.07%,34,12.1倍,3.03倍,5.50%
20260813,2348,朝日放送ＨＤ,9405,東P,,816,-6,-0.73%,34,12.6倍,0.42倍,2.45%
20260813,2349,グルメ杵屋,9850,東P,,974,+2,+0.21%,34,85.7倍,2.51倍,0.72%
20260813,2350,ジモティー,7082,東G,,"1,406",0,0.00%,34,36.1倍,7.54倍,ー%
20260813,2351,ＣＣＴ,4371,東G,,"1,466",-42,-2.79%,34,17.9倍,5.25倍,1.43%
20260813,2352,フレクト,4414,東G,,"1,234",-16,-1.28%,33,8.88倍,2.91倍,ー%
20260813,2353,ＧＸ中テ１０,404A,東Ｅ,,"1,325",+27,+2.08%,33,ー倍,ー倍,ー%
20260813,2354,梅乃宿酒造,559A,東S,,"1,114",+22,+2.01%,33,18.7倍,1.90倍,2.14%
20260813,2355,ＦＤＫ,6955,東S,,421,+6,+1.45%,33,19.4倍,0.75倍,ー%
20260813,2356,竹田ｉＰ,7875,東S,,840,-10,-1.18%,33,9.73倍,0.68倍,2.80%
20260813,2357,日華化学,4463,東S,,"2,080",+21,+1.02%,33,8.74倍,0.89倍,3.37%
20260813,2358,ファルコＨＤ,4671,東S,,"2,754",+28,+1.03%,33,13.6倍,1.08倍,4.65%
20260813,2359,野村Ａ高配,2084,東Ｅ,,"3,858",+24,+0.63%,33,ー倍,ー倍,ー%
20260813,2360,ＭＦＳ,196A,東G,,306,+17,+5.88%,33,8.48倍,1.10倍,ー%
20260813,2361,日本プロセス,9651,東S,,"2,010",-10,-0.50%,33,14.3倍,1.52倍,4.58%
20260813,2362,Ｄｅｎｋｅｉ,9908,東S,,"2,722",+18,+0.67%,33,8.83倍,0.93倍,4.00%
20260813,2363,ＭＸ４００,1593,東Ｅ,,"38,910",+360,+0.93%,33,ー倍,ー倍,ー%
20260813,2364,野村エネ資源,1618,東Ｅ,,"34,000",+280,+0.83%,33,ー倍,ー倍,ー%
20260813,2365,テノックス,1905,東S,,"1,456",+5,+0.34%,33,9.78倍,0.73倍,4.26%
20260813,2366,ベクターＨＤ,2656,東S,,189,+8,+4.42%,33,17.8倍,5.84倍,ー%
20260813,2367,あみやき,2753,東P,,"1,371",+7,+0.51%,33,19.4倍,1.25倍,2.48%
20260813,2368,ジェリビンズ,3070,東G,,70,-1,-1.41%,33,35.5倍,1.15倍,ー%
20260813,2369,総医研ＨＤ,2385,東G,,218,+1,+0.46%,32,22.8倍,0.93倍,4.59%
20260813,2370,ＫＴＫ,3035,東S,,813,+4,+0.49%,32,10.6倍,0.91倍,2.58%
20260813,2371,野村台湾テク,412A,東Ｅ,,"4,444",+223,+5.28%,32,ー倍,ー倍,ー%
20260813,2372,ファンディノ,462A,東G,,240,+8,+3.45%,32,ー倍,1.22倍,ー%
20260813,2373,キングジム,7962,東P,,814,+1,+0.12%,32,21.7倍,0.88倍,1.84%
20260813,2374,ルックＨＤ,8029,東S,,"2,584",-4,-0.15%,32,12.2倍,0.47倍,3.87%
20260813,2375,Ａクリエイト,8798,東P,,141,+10,+7.63%,32,11.6倍,9.63倍,ー%
20260813,2376,ヒュウガプラ,7133,東G,,"1,300",+53,+4.25%,32,14.7倍,3.35倍,1.54%
20260813,2377,楽待,6037,東S,,"1,078",+12,+1.13%,32,15.6倍,3.77倍,1.21%
20260813,2378,ＦＣＥ,9564,東S,,570,-17,-2.90%,32,13.8倍,2.83倍,1.93%
20260813,2379,ポールＨＤ,3657,東P,,347,-1,-0.29%,32,17.5倍,1.52倍,4.61%
20260813,2380,アイフリーク,3845,東S,,250,+1,+0.40%,32,"6,250倍",5.74倍,ー%
20260813,2381,明海グループ,9115,東S,,898,-29,-3.13%,32,14.6倍,0.55倍,ー%
20260813,2382,広ガス,9535,東P,,410,-2,-0.49%,32,12.8倍,0.39倍,2.93%
20260813,2383,ステップ,9795,東P,,"2,267",+17,+0.76%,32,12.8倍,1.28倍,3.88%
20260813,2384,神奈交,9081,東P,,"3,820",+20,+0.53%,31,12.6倍,0.70倍,2.36%
20260813,2385,人・夢・技術,9248,東S,,"1,654",+34,+2.10%,31,11.9倍,0.64倍,3.63%
20260813,2386,フォトシンス,4379,東G,,452,+5,+1.12%,31,23.7倍,2.71倍,ー%
20260813,2387,サイプレス,428A,東S,,"1,368",+2,+0.15%,31,33.5倍,6.52倍,0.73%
20260813,2388,ｉＳ円高ハン,488A,東Ｅ,,766.2,+0.1,+0.01%,31,ー倍,ー倍,ー%
20260813,2389,ニーズウェル,3992,東P,,460,+5,+1.10%,31,18.9倍,3.55倍,3.04%
20260813,2390,ミヨシ,4404,東S,,"2,056",+11,+0.54%,31,14.1倍,0.48倍,3.40%
20260813,2391,カルナバイオ,4572,東G,,332,0,0.00%,31,ー倍,-16倍,ー%
20260813,2392,ドーン,2303,東S,,"1,303",0,0.00%,31,16.0倍,2.59倍,1.23%
20260813,2393,ティア,2485,東S,,471,-4,-0.84%,31,21.2倍,1.22倍,4.88%
20260813,2394,焼肉坂井ＨＤ,2694,東S,,72,+1,+1.41%,31,160倍,2.76倍,ー%
20260813,2395,ＪＦＬＡＨＤ,3069,東S,,166,-4,-2.35%,31,ー倍,1.30倍,ー%
20260813,2396,ムトー精工,7927,東S,,"2,211",-19,-0.85%,31,5.12倍,0.73倍,5.29%
20260813,2397,理経,8226,東S,,384,-1,-0.26%,31,13.8倍,0.97倍,1.82%
20260813,2398,栄電子,7567,東S,,623,-10,-1.58%,31,15.6倍,0.61倍,2.09%
20260813,2399,加地テック,6391,東S,,"4,655",+70,+1.53%,31,10.6倍,0.90倍,1.50%
20260813,2400,ライトアップ,6580,東G,,790,+29,+3.81%,31,8.14倍,1.27倍,2.41%
20260813,2401,トライアイズ,4840,東S,,539,-45,-7.71%,31,30.4倍,0.98倍,0.93%
20260813,2402,バリューＨＲ,6078,東P,,"1,514",+26,+1.75%,31,38.6倍,5.99倍,1.85%
20260813,2403,成学社,2179,東S,,840,+2,+0.24%,31,7.67倍,1.19倍,3.93%
20260813,2404,上場米債ヘ無,1486,東Ｅ,,"23,705",+25,+0.11%,30,ー倍,ー倍,ー%
20260813,2405,Ｏｎｅ高配当,1494,東Ｅ,,"43,790",+20,+0.05%,30,ー倍,ー倍,ー%
20260813,2406,アルトナー,2163,東P,,976,-5,-0.51%,30,16.6倍,4.03倍,4.41%
20260813,2407,クックパッド,2193,東S,,129,-1,-0.77%,30,ー倍,0.70倍,ー%
20260813,2408,アイドマＭＣ,9466,東S,,234,+10,+4.46%,30,14.6倍,0.90倍,4.27%
20260813,2409,ＯｎｅＪリト,2556,東Ｅ,,"1,865.0",-8.0,-0.43%,30,ー倍,ー倍,ー%
20260813,2410,ＷＡ,7683,東P,,"1,389",+1,+0.07%,30,30.1倍,2.49倍,1.22%
20260813,2411,ココペリ,4167,東G,,329,+18,+5.79%,30,50.1倍,1.71倍,ー%
20260813,2412,ＡＢ＆Ｃ,9251,東G,,"1,395",+6,+0.43%,30,13.5倍,2.24倍,4.30%
20260813,2413,ノバック,5079,東S,,"2,592",-8,-0.31%,30,17.4倍,0.71倍,4.63%
20260813,2414,フジ住,8860,東P,,761,+5,+0.66%,30,5.92倍,0.46倍,4.20%
20260813,2415,朝日印刷,3951,東S,,899,+10,+1.12%,30,11.1倍,0.51倍,4.23%
20260813,2416,ＣＬＨＤ,4286,東S,,"1,126",+27,+2.46%,30,11.0倍,1.48倍,2.75%
20260813,2417,ヒトコムＨＤ,4433,東P,,905,+1,+0.11%,30,106倍,0.95倍,4.14%
20260813,2418,東北新社,2329,東S,,499,-1,-0.20%,30,ー倍,0.80倍,5.42%
20260813,2419,エスユーエス,6554,東G,,"1,056",-3,-0.28%,30,9.57倍,2.00倍,4.73%
20260813,2420,プロパスト,3236,東S,,279,-1,-0.36%,30,5.71倍,0.67倍,3.58%
20260813,2421,ｉＦナ百Ｗベ,2870,東Ｅ,,"7,424",-119,-1.58%,30,ー倍,ー倍,ー%
20260813,2422,リッジアイ,5572,東G,,"2,549",-8,-0.31%,30,29.7倍,3.11倍,ー%
20260813,2423,ｉＦＳＰＷベ,2249,東Ｅ,,"9,210",-51,-0.55%,30,ー倍,ー倍,ー%
20260813,2424,アスア,246A,東G,,945,-15,-1.56%,30,24.0倍,2.33倍,0.74%
20260813,2425,野村米半導,346A,東Ｅ,,"5,161",+100,+1.98%,30,ー倍,ー倍,ー%
20260813,2426,伊沢タオル,365A,東S,,800,+6,+0.76%,30,11.4倍,1.91倍,5.25%
20260813,2427,ウェルネス,366A,東G,,"1,063",0,0.00%,30,11.5倍,2.27倍,3.76%
20260813,2428,シーユーシー,9158,東G,,739,-8,-1.07%,29,19.7倍,0.65倍,ー%
20260813,2429,セントラルＳ,4801,東P,,"2,447",+24,+0.99%,29,18.7倍,1.03倍,1.63%
20260813,2430,インタライフ,1418,東S,,605,+4,+0.67%,29,11.6倍,1.92倍,4.96%
20260813,2431,１ｓｔコーポ,1430,東S,,"1,030",+8,+0.78%,29,6.26倍,1.16倍,4.95%
20260813,2432,上場高配当,1698,東Ｅ,,"4,390",+12,+0.27%,29,ー倍,ー倍,ー%
20260813,2433,ナ・デックス,7435,東S,,"1,294",+15,+1.17%,29,9.73倍,0.51倍,3.09%
20260813,2434,アドヴァンＧ,7463,東S,,943,+15,+1.62%,29,ー倍,0.52倍,4.24%
20260813,2435,アルメディオ,7859,東S,,239,+5,+2.14%,29,ー倍,0.61倍,ー%
20260813,2436,東海エレ,8071,名M,,"2,933",+15,+0.51%,29,13.8倍,0.32倍,3.89%
20260813,2437,シーラＨＤ,8887,東S,,385,+4,+1.05%,29,9.59倍,0.81倍,3.64%
20260813,2438,いつも,7694,東G,Ｓ,528,+80,+17.86%,29,16.7倍,1.24倍,ー%
20260813,2439,ベガコーポ,3542,東G,,"1,397",-44,-3.05%,29,16.1倍,2.04倍,1.29%
20260813,2440,クロスマーケ,3675,東S,,598,-3,-0.50%,29,8.63倍,1.34倍,2.68%
20260813,2441,シンワワイズ,2437,東S,,581,+3,+0.52%,29,62.7倍,3.04倍,ー%
20260813,2442,Ｊグループ,3063,東G,,"1,209",+4,+0.33%,29,55.0倍,18.0倍,0.41%
20260813,2443,報国マテリア,5542,東S,,963,-21,-2.13%,29,10.0倍,1.07倍,3.12%
20260813,2444,ユニバー園芸,6061,東S,,"3,050",+77,+2.59%,29,14.0倍,1.85倍,0.43%
20260813,2445,アサンテ,6073,東P,,"1,504",+10,+0.67%,29,420倍,1.57倍,4.12%
20260813,2446,前沢給装,6485,東S,,"1,620",-2,-0.12%,29,16.2倍,0.81倍,3.70%
20260813,2447,ＱＢＮＨＤ,6571,東P,,"1,327",+7,+0.53%,29,12.8倍,1.18倍,3.01%
20260813,2448,オープンＧ,6572,東P,,249,0,0.00%,29,21.5倍,1.31倍,2.61%
20260813,2449,テクノメデカ,6678,東S,,"2,130",+30,+1.43%,29,17.5倍,0.99倍,4.37%
20260813,2450,ジーニー,6562,東G,,"1,068",-25,-2.29%,28,10.2倍,ー倍,ー%
20260813,2451,丸藤パ,8046,東S,,"1,008",-4,-0.40%,28,9.93倍,0.53倍,3.77%
20260813,2452,Ｆ－ブレイン,3927,東S,,988,+5,+0.51%,28,16.1倍,2.49倍,1.62%
20260813,2453,シャノン,3976,東G,,612,+11,+1.83%,28,12.6倍,3.17倍,ー%
20260813,2454,ヒット,378A,東G,,"1,133",+8,+0.71%,28,17.5倍,2.90倍,1.77%
20260813,2455,スバル,9632,東S,,"3,660",+45,+1.24%,28,15.2倍,1.26倍,2.19%
20260813,2456,ＳＭＤ２２５,1397,東Ｅ,,"69,530","+1,220",+1.79%,28,ー倍,ー倍,ー%
20260813,2457,野村機械,1624,東Ｅ,,"90,000","+1,750",+1.98%,28,ー倍,ー倍,ー%
20260813,2458,銭高組,1811,東S,,"8,200",-50,-0.61%,28,38.9倍,0.50倍,ー%
20260813,2459,共和レ,3553,東S,,924,-2,-0.22%,28,ー倍,0.61倍,5.63%
20260813,2460,ｅＢＡＳＥ,3835,東P,,427,0,0.00%,28,17.5倍,2.76倍,3.56%
20260813,2461,サイバーバズ,7069,東G,,681,+56,+8.96%,28,15.1倍,5.87倍,ー%
20260813,2462,ＳＭＤトピク,2557,東Ｅ,,"4,236",+42,+1.00%,28,ー倍,ー倍,ー%
20260813,2463,上場ＮＱヘ有,2569,東Ｅ,,"4,362",+38,+0.88%,28,ー倍,ー倍,ー%
20260813,2464,ケアサプライ,2393,東S,,"4,195",+45,+1.08%,28,28.4倍,3.63倍,1.76%
20260813,2465,キャンドゥ,2698,東S,,"3,630",+10,+0.28%,28,129倍,5.39倍,0.47%
20260813,2466,木徳神糧,2700,東S,,"1,741",+17,+0.99%,28,4.75倍,0.69倍,2.87%
20260813,2467,タカミヤ,2445,東S,,412,-3,-0.72%,27,10.2倍,0.83倍,3.88%
20260813,2468,タキヒヨー,9982,東S,,"2,498",+48,+1.96%,27,13.0倍,0.65倍,2.00%
20260813,2469,太平発,8835,東S,,778,+5,+0.65%,27,12.9倍,0.38倍,5.21%
20260813,2470,ＱＱＱ,587A,東Ｅ,,"115,550",+750,+0.65%,27,ー倍,ー倍,ー%
20260813,2471,ＡＲアドバン,5578,東G,,843,-16,-1.86%,27,11.4倍,3.19倍,1.19%
20260813,2472,マテリアルＧ,156A,東G,,839,+5,+0.60%,27,13.0倍,3.40倍,3.11%
20260813,2473,Ｓｃｈｏｏ,264A,東G,,315,-2,-0.63%,27,17.3倍,2.15倍,ー%
20260813,2474,ミクニ,7247,東S,,361,+1,+0.28%,27,7.14倍,0.29倍,4.16%
20260813,2475,オーハシテク,7628,東P,,"1,200",+17,+1.44%,27,14.6倍,0.75倍,3.75%
20260813,2476,フジプレアム,4237,東S,,351,+5,+1.45%,27,35.1倍,1.32倍,1.71%
20260813,2477,プロパテＤＢ,4389,東G,,"1,000",-95,-8.68%,27,11.6倍,3.31倍,3.20%
20260813,2478,ＮＣＤ,4783,東S,,"2,520",+25,+1.00%,27,11.1倍,2.53倍,4.76%
20260813,2479,ネオマーケ,4196,東S,,"1,942",-33,-1.67%,27,48.2倍,5.92倍,ー%
20260813,2480,ピックルス,2935,東P,,"1,160",+12,+1.05%,27,11.9倍,0.73倍,2.50%
20260813,2481,上場ＪＰＸ日,1592,東Ｅ,,"3,473",+33,+0.96%,27,ー倍,ー倍,ー%
20260813,2482,野村不動産,1633,東Ｅ,,"48,980",+170,+0.35%,27,ー倍,ー倍,ー%
20260813,2483,協立エアテク,5997,東S,,960,+49,+5.38%,27,10.1倍,0.46倍,2.08%
20260813,2484,パンチ,6165,東S,,528,+4,+0.76%,27,12.1倍,0.60倍,3.81%
20260813,2485,ＣＯＴＡ,4923,東P,,"1,227",+1,+0.08%,26,27.7倍,2.96倍,1.63%
20260813,2486,桜ゴム,5189,東S,,"3,630",-40,-1.09%,26,8.78倍,0.70倍,3.31%
20260813,2487,イワブチ,5983,東S,,"14,200",+140,+1.00%,26,21.7倍,0.71倍,2.32%
20260813,2488,アドベンチャ,6030,東G,,"1,649",+19,+1.17%,26,10.8倍,1.31倍,ー%
20260813,2489,エヌシーエヌ,7057,東S,,892,-50,-5.31%,26,10.8倍,1.26倍,3.70%
20260813,2490,魚力,7596,東P,,"2,307",+4,+0.17%,26,37.0倍,1.71倍,2.25%
20260813,2491,黒田精,7726,東S,,"1,309",-6,-0.46%,26,22.2倍,0.61倍,1.53%
20260813,2492,永大産業,7822,東S,,257,+2,+0.78%,26,5.68倍,0.27倍,3.89%
20260813,2493,ＦフォースＧ,7068,東G,,568,-1,-0.18%,26,8.89倍,3.69倍,3.52%
20260813,2494,ＣＳＳ,2304,東S,,920,-53,-5.45%,26,7.74倍,1.37倍,3.80%
20260813,2495,メディアス,3154,東P,,780,-12,-1.52%,26,12.4倍,0.84倍,2.56%
20260813,2496,Ｂガレージ,3180,東P,,"1,485",+33,+2.27%,26,13.8倍,2.23倍,1.21%
20260813,2497,ウインテスト,6721,東S,,79,+2,+2.60%,26,87.8倍,13.3倍,ー%
20260813,2498,ＧＸ優先証券,2866,東Ｅ,,997,+5,+0.50%,26,ー倍,ー倍,ー%
20260813,2499,ティムス,4891,東G,,102,+1,+0.99%,26,ー倍,1.84倍,ー%
20260813,2500,上場リート隔,1345,東Ｅ,,"1,844",+1,+0.05%,26,ー倍,ー倍,ー%
20260813,2501,野村建設資材,1619,東Ｅ,,"46,330",+760,+1.67%,26,ー倍,ー倍,ー%
20260813,2502,インタスペス,2122,東S,,"1,406",-29,-2.02%,26,21.0倍,1.51倍,2.13%
20260813,2503,マクアケ,4479,東G,,869,-5,-0.57%,26,17.2倍,1.83倍,ー%
20260813,2504,シンクロ,3963,東P,,360,+1,+0.28%,26,71.6倍,2.13倍,4.17%
20260813,2505,カイオム,4583,東G,,75,+2,+2.74%,26,ー倍,3.79倍,ー%
20260813,2506,シンバイオ,4582,東G,,71,0,0.00%,25,ー倍,-6.4倍,ー%
20260813,2507,アクセル,6730,東S,,"1,099",+14,+1.29%,25,13.3倍,0.85倍,3.73%
20260813,2508,テアトル,9633,東S,,"1,714",+14,+0.82%,25,4.30倍,0.59倍,1.75%
20260813,2509,エステー,4951,東P,,"1,501",-1,-0.07%,25,17.4倍,0.93倍,3.06%
20260813,2510,抵抗器,6977,東S,,"1,420",-104,-6.82%,25,17.6倍,1.50倍,2.11%
20260813,2511,中本パックス,7811,東S,,"1,932",+12,+0.63%,25,7.83倍,0.80倍,3.83%
20260813,2512,柿安本店,2294,東P,,"2,577",+21,+0.82%,25,30.9倍,1.59倍,3.30%
20260813,2513,イフジ産業,2924,東S,,"1,910",-22,-1.14%,25,7.70倍,1.23倍,3.61%
20260813,2514,富山銀,8365,東S,,"2,408",+70,+2.99%,25,12.3倍,0.41倍,2.28%
20260813,2515,ｉＳ新興債Ｈ,2622,東Ｅ,,"1,707",+3,+0.18%,25,ー倍,ー倍,ー%
20260813,2516,田辺工業,1828,東S,,"2,387",+16,+0.67%,25,9.29倍,0.90倍,4.19%
20260813,2517,プラスゼロ,5132,東G,,"1,914",+46,+2.46%,25,31.5倍,9.35倍,ー%
20260813,2518,ＧＸ超長米Ｈ,179A,東Ｅ,,242.8,-0.2,-0.08%,25,ー倍,ー倍,ー%
20260813,2519,ＩＡＣＥトラ,343A,東S,,"1,420",+50,+3.65%,25,11.3倍,1.57倍,2.68%
20260813,2520,セントラル総,3238,東S,,387,-1,-0.26%,25,9.30倍,0.35倍,3.36%
20260813,2521,ドリコム,3793,東G,,453,-8,-1.74%,25,21.5倍,2.48倍,1.10%
20260813,2522,フエルト,3512,東S,,967,+28,+2.98%,24,32.4倍,0.69倍,2.90%
20260813,2523,エンカレッジ,3682,東S,,581,-37,-5.99%,24,17.4倍,1.14倍,4.65%
20260813,2524,アプリックス,3727,東G,,146,-3,-2.01%,24,ー倍,0.96倍,1.37%
20260813,2525,サンデン,6444,東S,,189,-1,-0.53%,24,42.6倍,0.69倍,ー%
20260813,2526,ＵＭＣエレ,6615,東P,,239,+5,+2.14%,24,ー倍,0.61倍,ー%
20260813,2527,太洋テクノ,6663,東S,,305,+9,+3.04%,24,24.6倍,0.66倍,0.98%
20260813,2528,アルチザ,6778,東S,,604,-8,-1.31%,24,33.2倍,0.76倍,4.14%
20260813,2529,東ラヂ,7235,東S,,"1,593",+6,+0.38%,24,8.43倍,0.62倍,4.83%
20260813,2530,アルビス,7475,東P,,"2,506",+6,+0.24%,24,15.5倍,0.63倍,2.79%
20260813,2531,日亜鋼,5658,東S,,384,0,0.00%,24,14.4倍,0.32倍,2.60%
20260813,2532,ｉＳ米２０,2255,東Ｅ,,200.6,-0.3,-0.15%,24,ー倍,ー倍,ー%
20260813,2533,ｉＳ米２５ヘ,238A,東Ｅ,,121.0,-0.2,-0.17%,24,ー倍,ー倍,ー%
20260813,2534,レント,372A,東S,,"5,480",-70,-1.26%,24,7.05倍,1.06倍,4.29%
20260813,2535,ｉＳ新興国株,1658,東Ｅ,,"4,331",+21,+0.49%,24,ー倍,ー倍,ー%
20260813,2536,ＷＴ小麦,1695,東Ｅ,,"3,367",+42,+1.26%,24,ー倍,ー倍,ー%
20260813,2537,北野建,1866,東S,,"1,177",-3,-0.25%,24,8.19倍,0.54倍,2.55%
20260813,2538,巴,1921,東S,,"1,870",-26,-1.37%,24,24.1倍,0.83倍,1.28%
20260813,2539,北浜ＣＰ,2134,東S,,24,0,0.00%,24,7.36倍,2.53倍,ー%
20260813,2540,サニーサイド,2180,東S,,"1,308",0,0.00%,24,ー倍,5.18倍,ー%
20260813,2541,中村屋,2204,東S,,"3,220",+10,+0.31%,24,19.4倍,0.66倍,2.33%
20260813,2542,野村自動車,1622,東Ｅ,,"34,630",-390,-1.11%,23,ー倍,ー倍,ー%
20260813,2543,野村情通サ他,1626,東Ｅ,,"47,700",+150,+0.32%,23,ー倍,ー倍,ー%
20260813,2544,新家工,7305,東S,,"2,685",-7,-0.26%,23,15.1倍,0.74倍,5.59%
20260813,2545,日本精密,7771,東S,,306,-1,-0.33%,23,36.7倍,3.23倍,ー%
20260813,2546,極楽湯ＨＤ,2340,東S,,525,-8,-1.50%,23,ー倍,3.62倍,1.14%
20260813,2547,ｉＳロボット,2522,東Ｅ,,"9,180",+82,+0.90%,23,ー倍,ー倍,ー%
20260813,2548,はてな,3930,東G,,723,-2,-0.28%,23,ー倍,1.02倍,ー%
20260813,2549,ロンシール,4224,東S,,"2,147",-8,-0.37%,23,9.42倍,0.50倍,3.96%
20260813,2550,ゼロ,9028,東S,,"3,540",+25,+0.71%,23,8.15倍,1.24倍,4.00%
20260813,2551,タカトリ,6338,東S,,"1,658",+28,+1.72%,23,26.8倍,0.90倍,2.41%
20260813,2552,ティアック,6803,東S,,98,0,0.00%,23,9.40倍,0.69倍,1.02%
20260813,2553,ぷらっと,6836,東S,,835,-5,-0.60%,23,79.2倍,8.43倍,ー%
20260813,2554,アグレ都市,3467,東S,,"2,847",+42,+1.50%,23,7.14倍,1.97倍,4.92%
20260813,2555,Ｎｏ．１,3562,東S,,"1,593",+9,+0.57%,23,10.6倍,2.57倍,4.96%
20260813,2556,ケイブ,3760,東S,,748,-12,-1.58%,23,3.85倍,1.80倍,ー%
20260813,2557,グリッド,5582,東G,,"2,017",+1,+0.05%,23,34.6倍,2.33倍,ー%
20260813,2558,ＧＸＵＳＤＶ,2253,東Ｅ,,"1,336",+5,+0.38%,23,ー倍,ー倍,ー%
20260813,2559,ＧＸオフ日Ｒ,2096,東Ｅ,,"1,028",-6,-0.58%,23,ー倍,ー倍,ー%
20260813,2560,ｉＳ米高配当,2013,東Ｅ,,310.6,+1.1,+0.36%,23,ー倍,ー倍,ー%
20260813,2561,ウィルズ,4482,東G,,729,-15,-2.02%,23,15.5倍,4.72倍,2.47%
20260813,2562,ＧＸ高配日株,2564,東Ｅ,,"3,640",+13,+0.36%,23,ー倍,ー倍,ー%
20260813,2563,アールプラン,2983,東G,,"1,564",+28,+1.82%,23,6.31倍,2.03倍,2.88%
20260813,2564,野村ナスＨ有,2845,東Ｅ,,"3,584",+22,+0.62%,23,ー倍,ー倍,ー%
20260813,2565,フォーバル,8275,東S,,"1,017",+7,+0.69%,23,12.1倍,1.44倍,3.15%
20260813,2566,セラク,6199,東S,,"1,405",-4,-0.28%,23,9.76倍,1.86倍,1.24%
20260813,2567,モリテック,5986,東S,,254,+8,+3.25%,22,11.4倍,0.35倍,2.36%
20260813,2568,ＺＥＴＡ,6031,東G,,254,+9,+3.67%,22,17.0倍,6.15倍,1.77%
20260813,2569,ウエスコＨＤ,6091,東S,,916,-6,-0.65%,22,14.1倍,0.71倍,3.06%
20260813,2570,ホープ,6195,東G,,208,-10,-4.59%,22,9.23倍,3.20倍,4.04%
20260813,2571,協立電機,6874,東S,,"2,382",+22,+0.93%,22,8.73倍,0.87倍,3.86%
20260813,2572,アップル,2788,東S,,405,-1,-0.25%,22,8.51倍,0.49倍,2.47%
20260813,2573,野村食品,1617,東Ｅ,,"49,310",+280,+0.57%,22,ー倍,ー倍,ー%
20260813,2574,日本ハウス,1873,東P,,313,+4,+1.29%,22,3.47倍,0.55倍,3.83%
20260813,2575,鳥越粉,2009,東S,,"1,092",+2,+0.18%,22,22.7倍,0.68倍,4.49%
20260813,2576,インドブル,2046,東EN,,"25,190",-170,-0.67%,22,ー倍,ー倍,ー%
20260813,2577,南陽,7417,東S,,"1,840",+23,+1.27%,22,9.86倍,0.80倍,3.53%
20260813,2578,山大,7426,東S,,640,+37,+6.14%,22,ー倍,0.41倍,ー%
20260813,2579,白洋舎,9731,東S,,"3,520",+30,+0.86%,22,5.39倍,0.94倍,2.84%
20260813,2580,うるる,3979,東G,,415,-6,-1.43%,22,14.6倍,3.08倍,1.04%
20260813,2581,ＶＮＸ,4422,東G,,569,+12,+2.15%,22,ー倍,5.81倍,ー%
20260813,2582,イノバセル,504A,東G,,588,0,0.00%,22,ー倍,2.78倍,ー%
20260813,2583,ＧＸ銅ビジ,580A,東Ｅ,,989,-30,-2.94%,22,ー倍,ー倍,ー%
20260813,2584,千趣会,8165,東S,,109,+3,+2.83%,22,ー倍,0.30倍,ー%
20260813,2585,さいか屋,8254,東S,,327,-11,-3.25%,22,17.8倍,1.52倍,1.53%
20260813,2586,プログリット,9560,東G,,830,-11,-1.31%,22,9.66倍,3.57倍,2.65%
20260813,2587,ハルメク,7119,東G,,"1,723",-1,-0.06%,22,15.9倍,2.07倍,2.32%
20260813,2588,ｉＳ米債３月,2012,東Ｅ,,242.3,+0.1,+0.04%,22,ー倍,ー倍,ー%
20260813,2589,令和ＡＨ,296A,東G,,893,0,0.00%,22,23.2倍,14.8倍,3.70%
20260813,2590,アクセルＭ,3624,東G,,72,0,0.00%,22,ー倍,11.4倍,ー%
20260813,2591,ｉＳ米債１３,2620,東Ｅ,,369.4,-0.1,-0.03%,22,ー倍,ー倍,ー%
20260813,2592,ジーネクスト,4179,東G,,389,+16,+4.29%,22,ー倍,27.8倍,ー%
20260813,2593,サークレイス,5029,東G,,734,-126,-14.65%,22,9.20倍,3.78倍,ー%
20260813,2594,Ｚｅｎｋｅｎ,7371,東G,,753,+5,+0.67%,21,26.2倍,0.72倍,3.45%
20260813,2595,ノムラシス,3940,東S,,125,+1,+0.81%,21,15.6倍,1.63倍,2.84%
20260813,2596,タイガポリ,4231,東S,,998,+7,+0.71%,21,8.02倍,0.40倍,3.81%
20260813,2597,共同ＰＲ,2436,東S,,616,-29,-4.50%,21,11.8倍,2.37倍,1.30%
20260813,2598,チムニー,3178,東S,,"1,174",+20,+1.73%,21,90.6倍,3.55倍,0.43%
20260813,2599,ヤマウＨＤ,5284,東S,,"2,245",-3,-0.13%,21,6.05倍,1.01倍,4.99%
20260813,2600,ファインシン,5994,東S,,992,+13,+1.33%,21,8.49倍,0.30倍,2.52%
20260813,2601,フリークＨＤ,6094,東G,,612,+17,+2.86%,21,13.5倍,0.89倍,ー%
20260813,2602,兼松エンジ,6402,東S,,"1,592",+31,+1.99%,21,11.9倍,1.00倍,2.83%
20260813,2603,千代田インテ,6915,東S,,"3,395",+35,+1.04%,21,8.16倍,0.74倍,4.71%
20260813,2604,野村ダウＨ無,1546,東Ｅ,,"83,060",-30,-0.04%,21,ー倍,ー倍,ー%
20260813,2605,ＴＰＸベア,1569,東Ｅ,,722.5,-7.5,-1.03%,21,ー倍,ー倍,ー%
20260813,2606,ｉＳ米リート,1659,東Ｅ,,"3,924",+35,+0.90%,21,ー倍,ー倍,ー%
20260813,2607,ＳＤＳＨＤ,1711,東S,,241,-1,-0.41%,21,416倍,4.31倍,ー%
20260813,2608,バルニバービ,3418,東G,,"1,048",+8,+0.77%,21,25.6倍,1.87倍,0.72%
20260813,2609,丸八ＨＤ,3504,名M,,"1,421",+71,+5.26%,21,11.9倍,0.38倍,3.52%
20260813,2610,アスリナ,3647,東S,,110,-3,-2.65%,21,ー倍,2.90倍,ー%
20260813,2611,フィスコ,3807,東G,,90,0,0.00%,21,231倍,20.4倍,ー%
20260813,2612,ＧＸ純金Ｈ,424A,東Ｅ,,333.5,-1.8,-0.54%,21,ー倍,ー倍,ー%
20260813,2613,ＧＸ日経株主,465A,東Ｅ,,"1,316",+5,+0.38%,21,ー倍,ー倍,ー%
20260813,2614,ＧＸＣＦキン,234A,東Ｅ,,"1,486",-26,-1.72%,21,ー倍,ー倍,ー%
20260813,2615,トリプラ,5136,東G,,"1,788",+11,+0.62%,20,17.7倍,5.20倍,ー%
20260813,2616,オートサーバ,5589,東S,,"2,823",+49,+1.77%,20,13.7倍,1.52倍,2.37%
20260813,2617,ＰＲＩＳＭバ,206A,東G,,168,-4,-2.33%,20,ー倍,2.94倍,ー%
20260813,2618,エータイ,369A,東G,,"2,528",+52,+2.10%,20,18.9倍,3.29倍,2.14%
20260813,2619,藤商事,6257,東S,,"1,023",+6,+0.59%,20,10.2倍,0.51倍,5.38%
20260813,2620,ＮＩＴＴＡＮ,6493,東S,,506,+10,+2.02%,20,8.11倍,0.46倍,3.95%
20260813,2621,ツインバード,6897,東S,,676,0,0.00%,20,160倍,1.10倍,1.92%
20260813,2622,ＷＤＢ,2475,東P,,"1,774",+3,+0.17%,20,12.3倍,1.04倍,5.30%
20260813,2623,エバラ食品,2819,東S,,"2,477",0,0.00%,20,24.2倍,0.66倍,2.02%
20260813,2624,日食品,2892,東S,,"4,530",+85,+1.91%,20,14.4倍,0.71倍,3.31%
20260813,2625,ｋｕｂｅｌｌ,4448,東G,,314,-6,-1.88%,20,ー倍,6.17倍,ー%
20260813,2626,日本インシュ,5368,東S,,"1,049",+16,+1.55%,20,12.4倍,0.62倍,3.81%
20260813,2627,アクシス,4012,東S,,"1,770",+18,+1.03%,20,10.9倍,1.78倍,3.22%
20260813,2628,スタメン,4019,東G,,659,+9,+1.38%,20,21.8倍,3.85倍,1.21%
20260813,2629,ＴＯＲＩＣＯ,7138,東G,,123,-3,-2.38%,20,ー倍,1.34倍,ー%
20260813,2630,スパバッグ,3945,東S,,"2,138",-48,-2.20%,20,4.48倍,0.57倍,5.14%
20260813,2631,エコモット,3987,東G,,658,-21,-3.09%,20,82.9倍,4.23倍,ー%
20260813,2632,駒井ハルテク,5915,東S,,"2,321",+24,+1.04%,20,71.0倍,0.31倍,3.02%
20260813,2633,ＢＳ１１,9414,東S,,925,+1,+0.11%,20,12.6倍,0.67倍,3.24%
20260813,2634,ナック,9788,東P,,531,+1,+0.19%,20,12.6倍,1.00倍,4.14%
20260813,2635,識学,7049,東G,,857,-9,-1.04%,20,ー倍,2.39倍,ー%
20260813,2636,日本プラスト,7291,東S,,446,0,0.00%,20,5.24倍,0.22倍,5.61%
20260813,2637,ジーイエット,7603,東S,,48,0,0.00%,20,4.19倍,1.20倍,ー%
20260813,2638,スタートＬ,477A,東G,,659,+10,+1.54%,20,8.78倍,1.45倍,ー%
20260813,2639,ヒトトヒトＨ,549A,東S,,495,0,0.00%,20,ー倍,2.20倍,4.33%
20260813,2640,アクシーズ,1381,東S,,"3,370",-15,-0.44%,20,10.5倍,0.79倍,3.56%
20260813,2641,佐田建,1826,東S,,"1,110",+12,+1.09%,20,14.7倍,1.23倍,5.41%
20260813,2642,アイケイケイ,2198,東P,,779,+5,+0.65%,20,31.6倍,1.89倍,3.08%
20260813,2643,ＧＭＯペパボ,3633,東S,,"1,800",+5,+0.28%,20,7.02倍,2.81倍,9.28%
20260813,2644,朝日ネット,3834,東P,,615,0,0.00%,20,12.3倍,1.24倍,4.07%
20260813,2645,信和,3447,東S,,"1,028",0,0.00%,19,8.71倍,0.81倍,3.50%
20260813,2646,三協フロンテ,9639,東S,,"2,330",0,0.00%,19,8.85倍,0.99倍,4.29%
20260813,2647,ライク,2462,東P,,"1,528",-4,-0.26%,19,11.5倍,1.54倍,3.93%
20260813,2648,翻訳センター,2483,東S,,"2,174",+58,+2.74%,19,14.6倍,1.11倍,6.44%
20260813,2649,野村国内債券,2510,東Ｅ,,803.3,-1.7,-0.21%,19,ー倍,ー倍,ー%
20260813,2650,ケイファーマ,4896,東G,,771,+22,+2.94%,19,ー倍,11.6倍,ー%
20260813,2651,ｉＦ米債７有,2016,東Ｅ,,"1,772",+2,+0.11%,19,ー倍,ー倍,ー%
20260813,2652,ダイブＧ,151A,東G,,662,+25,+3.92%,19,8.83倍,2.01倍,ー%
20260813,2653,ペガサス,6262,東S,,536,-2,-0.37%,19,51.4倍,0.39倍,ー%
20260813,2654,ヨシタケ,6488,東S,,"1,054",+10,+0.96%,19,9.64倍,0.73倍,3.42%
20260813,2655,日金属,5491,東S,,932,-8,-0.85%,19,11.8倍,0.20倍,0.54%
20260813,2656,エーワン精密,6156,東S,,"1,886",-1,-0.05%,19,37.6倍,1.28倍,5.30%
20260813,2657,アピリッツ,4174,東S,,789,+27,+3.54%,19,28.0倍,1.85倍,3.68%
20260813,2658,ジィ・シィ,4073,東G,,542,+2,+0.37%,19,25.5倍,7.44倍,ー%
20260813,2659,ストレジ王,2997,東G,,"1,335",-1,-0.07%,19,18.5倍,2.15倍,ー%
20260813,2660,エディア,3935,東S,,674,+2,+0.30%,19,7.64倍,2.37倍,2.52%
20260813,2661,アセチレン,4093,東S,,426,+13,+3.15%,19,12.4倍,0.78倍,3.29%
20260813,2662,環境管理,4657,東S,,493,0,0.00%,19,14.8倍,0.96倍,1.62%
20260813,2663,川崎地質,4673,東S,,"4,820",+20,+0.42%,19,5.70倍,0.72倍,2.49%
20260813,2664,ＳＡＡＦＨＤ,1447,東G,,369,+5,+1.37%,19,20.4倍,5.37倍,1.30%
20260813,2665,今仙電機,7266,東S,,937,-3,-0.32%,19,8.66倍,0.35倍,3.42%
20260813,2666,シード,7743,東S,,540,+11,+2.08%,19,12.1倍,0.86倍,2.78%
20260813,2667,ＮＥＷＡＲＴ,7638,東S,,"1,402",+5,+0.36%,18,9.62倍,2.16倍,5.71%
20260813,2668,遠藤製作所,7841,東S,,"1,110",-1,-0.09%,18,9.78倍,0.42倍,3.60%
20260813,2669,ニッソウ,1444,東G,,"2,653",-16,-0.60%,18,ー倍,1.75倍,ー%
20260813,2670,ココナラ,4176,東G,,266,0,0.00%,18,16.6倍,2.66倍,ー%
20260813,2671,ジェイフロ,2934,東G,,"1,994",-1,-0.05%,18,19.4倍,8.67倍,ー%
20260813,2672,Ｊクラフト,7135,東S,,186,+3,+1.64%,18,13.8倍,1.76倍,1.61%
20260813,2673,ｉＦＥナ百有,2841,東Ｅ,,"1,713",+13,+0.76%,18,ー倍,ー倍,ー%
20260813,2674,ミラタップ,3187,東G,,350,+12,+3.55%,18,26.8倍,2.17倍,ー%
20260813,2675,ウェルス,3772,東S,,"1,065",-2,-0.19%,18,11.4倍,1.18倍,ー%
20260813,2676,ネオジャパン,3921,東P,,"1,594",-3,-0.19%,18,11.9倍,2.95倍,3.39%
20260813,2677,アジア航,9233,東S,,"1,136",-9,-0.79%,18,12.5倍,0.94倍,3.87%
20260813,2678,ポエック,9264,東S,,"1,750",0,0.00%,18,11.5倍,1.81倍,4.29%
20260813,2679,ＣＢＣ,9402,名P,,"1,208",+3,+0.25%,18,20.3倍,0.39倍,2.07%
20260813,2680,マキヤ,9890,東S,,"1,355",+4,+0.30%,18,6.39倍,0.42倍,2.80%
20260813,2681,ＪＫＨＤ,9896,東S,,"1,387",-10,-0.72%,18,8.83倍,0.57倍,4.33%
20260813,2682,東洋ドライ,4976,東S,,"1,334",+70,+5.54%,18,8.67倍,0.48倍,3.15%
20260813,2683,エクストリム,6033,東G,,"1,692",+6,+0.36%,18,9.85倍,1.32倍,4.02%
20260813,2684,日本スキー,6040,東G,,463,+11,+2.43%,18,8.63倍,2.08倍,1.08%
20260813,2685,シンメンテ,6086,東G,,"1,044",-1,-0.10%,18,14.9倍,4.36倍,2.11%
20260813,2686,ジョイフル,9942,福証,,"1,327",-4,-0.30%,18,9.29倍,2.65倍,0.75%
20260813,2687,ライズＣＧ,9168,東G,,400,-3,-0.74%,18,14.6倍,1.43倍,5.25%
20260813,2688,早稲田学習研,5869,東S,,"1,257",+26,+2.11%,18,12.2倍,1.74倍,5.17%
20260813,2689,ブッキングＲ,324A,東G,,737,-22,-2.90%,18,10.6倍,2.24倍,ー%
20260813,2690,瑞光,6279,東P,,945,+13,+1.39%,18,19.2倍,0.69倍,2.12%
20260813,2691,ヤマダコーポ,6392,東S,,"7,570",-20,-0.26%,18,10.7倍,0.98倍,2.91%
20260813,2692,ＤＭソリュ,6549,東S,,"1,114",+15,+1.36%,18,9.05倍,1.56倍,1.89%
20260813,2693,細火工,4274,東S,,"1,082",+5,+0.46%,18,19.7倍,1.24倍,1.20%
20260813,2694,レイ,4317,東S,,574,+10,+1.77%,18,9.25倍,0.97倍,2.61%
20260813,2695,ＳＩＧＧ,4386,東S,,910,+25,+2.82%,18,10.3倍,1.82倍,3.63%
20260813,2696,デルタフライ,4598,東G,,105,0,0.00%,18,ー倍,-7.6倍,ー%
20260813,2697,豊トラスティ,8747,東S,,"2,082",+3,+0.14%,18,ー倍,0.69倍,ー%
20260813,2698,Ｊファーマ,520A,東G,,281,-13,-4.42%,18,ー倍,1.45倍,ー%
20260813,2699,バトンズ,554A,東G,,"1,529",+31,+2.07%,18,26.8倍,10.2倍,ー%
20260813,2700,ｉＳシルバー,568A,東Ｅ,,170.4,-0.6,-0.35%,18,ー倍,ー倍,ー%
20260813,2701,野村国債Ｄイ,2251,東Ｅ,,902.6,+2.1,+0.23%,17,ー倍,ー倍,ー%
20260813,2702,オンザページ,9160,東S,,310,+4,+1.31%,17,7.22倍,1.19倍,ー%
20260813,2703,ウイルテック,7087,東S,,"1,383",+15,+1.10%,17,9.51倍,1.01倍,3.11%
20260813,2704,オーケーエム,6229,東S,,"1,604",-7,-0.43%,17,9.60倍,0.65倍,3.12%
20260813,2705,コリー,4175,東G,,"2,731",-58,-2.08%,17,ー倍,3.12倍,ー%
20260813,2706,マーキュリア,7347,東P,,790,+5,+0.64%,17,15.3倍,0.87倍,2.78%
20260813,2707,ブレインズ,4075,東G,,875,-24,-2.67%,17,31.8倍,2.93倍,ー%
20260813,2708,坪田ラボ,4890,東G,,276,+1,+0.36%,17,105倍,9.83倍,ー%
20260813,2709,林兼,2286,東S,,860,-8,-0.92%,17,5.87倍,0.53倍,5.23%
20260813,2710,ギグワークス,2375,東S,,202,0,0.00%,17,80.5倍,1.49倍,0.99%
20260813,2711,日エンター,4829,東S,,110,0,0.00%,17,49.8倍,0.90倍,2.73%
20260813,2712,三機サービス,6044,東S,,"1,922",-38,-1.94%,17,ー倍,2.20倍,ー%
20260813,2713,ライドオンＥ,6082,東S,,999,+3,+0.30%,17,ー倍,1.11倍,1.50%
20260813,2714,ウインＰ,3183,東P,,"1,285",+15,+1.18%,17,16.0倍,1.59倍,4.28%
20260813,2715,クリヤマＨＤ,3355,東S,,"1,765",+3,+0.17%,17,9.16倍,0.66倍,3.46%
20260813,2716,ウイルプラス,3538,東S,,967,+20,+2.11%,17,7.00倍,0.75倍,5.55%
20260813,2717,自重堂,3597,東S,,"9,050",-10,-0.11%,17,17.4倍,0.67倍,5.52%
20260813,2718,電算,3640,東S,,"2,701",+13,+0.48%,17,8.82倍,0.95倍,3.70%
20260813,2719,ソフトＭＡＸ,3671,東S,,306,-8,-2.55%,17,12.7倍,1.87倍,3.27%
20260813,2720,ＤＬＥ,3686,東S,,62,+3,+5.08%,17,18.0倍,2.12倍,ー%
20260813,2721,オオバ,9765,東P,,"1,146",+8,+0.70%,17,12.4倍,1.26倍,3.84%
20260813,2722,静甲,6286,東S,,"1,450",-31,-2.09%,17,9.36倍,0.53倍,1.93%
20260813,2723,ツナグＧＨＤ,6551,東S,,594,+4,+0.68%,17,7.19倍,2.07倍,3.37%
20260813,2724,共和電,6853,東S,,769,-5,-0.65%,17,16.1倍,1.03倍,2.73%
20260813,2725,Ｏｎｅ４００,1474,東Ｅ,,"38,250",+320,+0.84%,17,ー倍,ー倍,ー%
20260813,2726,上場ＭＳ世界,1554,東Ｅ,,"6,943",+44,+0.64%,17,ー倍,ー倍,ー%
20260813,2727,博展,2173,東G,,709,+24,+3.50%,17,6.80倍,2.33倍,3.81%
20260813,2728,日ピグＨＤ,4119,東S,,"5,910",-10,-0.17%,17,7.13倍,0.40倍,1.69%
20260813,2729,ロジザード,4391,東G,,"1,125",-63,-5.30%,17,12.7倍,1.50倍,1.69%
20260813,2730,チタン,4098,東S,,"1,023",-12,-1.16%,16,14.5倍,0.57倍,1.17%
20260813,2731,クラスター,4240,東S,,313,-37,-10.57%,16,38.7倍,1.03倍,1.60%
20260813,2732,トビラシステ,4441,東S,,"1,486",-77,-4.93%,16,28.9倍,5.30倍,1.35%
20260813,2733,カヤック,3904,東G,,417,+5,+1.21%,16,10.7倍,1.09倍,0.94%
20260813,2734,ベースフード,2936,東G,,268,-7,-2.55%,16,ー倍,12.7倍,ー%
20260813,2735,ｉＦＳＰベ,2238,東Ｅ,,"5,191",-12,-0.23%,16,ー倍,ー倍,ー%
20260813,2736,ＪＥＴ,6228,東S,,500,+2,+0.40%,16,ー倍,0.68倍,ー%
20260813,2737,野村Ａ成長,2083,東Ｅ,,"4,100",+36,+0.89%,16,ー倍,ー倍,ー%
20260813,2738,サキガケＨＤ,5891,東S,,"1,659",-8,-0.48%,16,37.6倍,1.94倍,1.39%
20260813,2739,高配当成長,345A,東EN,,"15,650",-35,-0.22%,16,ー倍,ー倍,ー%
20260813,2740,ＭＸ読売日株,348A,東Ｅ,,306.8,+6.8,+2.27%,16,ー倍,ー倍,ー%
20260813,2741,野村ＳＰ配貴,364A,東Ｅ,,"2,565",-8,-0.31%,16,ー倍,ー倍,ー%
20260813,2742,Ｆインタ,7050,東G,,"1,352",+18,+1.35%,16,9.32倍,1.24倍,5.40%
20260813,2743,ハークスレイ,7561,東S,,697,+4,+0.58%,16,8.06倍,0.50倍,4.30%
20260813,2744,タカノ,7885,東S,,"1,126",+9,+0.81%,16,23.5倍,0.53倍,1.78%
20260813,2745,石塚硝,5204,東S,,"3,065",0,0.00%,16,5.97倍,0.33倍,2.35%
20260813,2746,オーナンバ,5816,東S,,"1,604",+4,+0.25%,16,10.3倍,0.66倍,4.36%
20260813,2747,フジマック,5965,東S,,"1,178",+30,+2.61%,16,3.68倍,0.53倍,5.09%
20260813,2748,ＴＷＯＳＴ,7352,東G,,370,+6,+1.65%,16,24.9倍,4.42倍,0.27%
20260813,2749,サイエンスＡ,4412,東G,,"1,152",-6,-0.52%,16,49.7倍,6.07倍,0.09%
20260813,2750,長栄,2993,東S,,"2,264",+109,+5.06%,16,10.6倍,0.84倍,4.42%
20260813,2751,ＢｅｅＸ,4270,東G,,"1,850",0,0.00%,16,9.18倍,1.35倍,1.35%
20260813,2752,サーティワン,2268,東S,,"4,075",+15,+0.37%,16,21.8倍,2.56倍,1.47%
20260813,2753,リブワーク,1431,東G,,649,-1,-0.15%,16,54.0倍,3.23倍,0.99%
20260813,2754,植木組,1867,東S,,"2,695",+24,+0.90%,16,8.25倍,0.56倍,4.08%
20260813,2755,アミタＨＤ,2195,東G,,332,-17,-4.87%,16,16.1倍,1.94倍,1.51%
20260813,2756,南総通運,9034,東S,,"1,661",+21,+1.28%,16,11.4倍,0.68倍,4.82%
20260813,2757,伊勢湾,9359,名M,,948,-21,-2.17%,16,9.66倍,0.47倍,3.16%
20260813,2758,大運,9363,東S,,555,+13,+2.40%,16,7.92倍,0.61倍,2.88%
20260813,2759,やまや,9994,東S,,"2,117",-3,-0.14%,16,11.0倍,0.62倍,3.40%
20260813,2760,日産証券Ｇ,8705,東S,,217,+3,+1.40%,16,ー倍,0.86倍,ー%
20260813,2761,ＲＩＳＥ,8836,東S,,27,-1,-3.57%,16,ー倍,-1.1倍,ー%
20260813,2762,アバンティア,8904,東S,,868,+1,+0.12%,16,10.5倍,0.45倍,4.38%
20260813,2763,シライ電子,6658,東S,,446,+5,+1.13%,16,11.2倍,0.62倍,4.48%
20260813,2764,中北製,6496,東S,,"5,460",+90,+1.68%,15,11.9倍,0.68倍,2.11%
20260813,2765,ＩＩＦ,6545,東G,,892,-8,-0.89%,15,11.1倍,2.68倍,2.80%
20260813,2766,ＡＩＡＩ,6557,東G,,761,-5,-0.65%,15,7.13倍,1.44倍,ー%
20260813,2767,アディッシュ,7093,東G,,565,+8,+1.44%,15,20.3倍,2.25倍,ー%
20260813,2768,ペイクラウド,4015,東G,,555,+2,+0.36%,15,23.8倍,1.86倍,ー%
20260813,2769,デコルテＨＤ,7372,東G,,404,+4,+1.00%,15,8.68倍,0.39倍,ー%
20260813,2770,クロスプラス,3320,東S,,"1,319",+19,+1.46%,15,6.79倍,0.51倍,4.55%
20260813,2771,フジタコーポ,3370,東S,,465,-8,-1.69%,15,12.7倍,6.28倍,0.65%
20260813,2772,ＳＭＩＮＯＥ,3501,東P,,"1,175",+5,+0.43%,15,10.8倍,0.47倍,3.57%
20260813,2773,ユニネク,3566,東G,,790,+18,+2.33%,15,13.3倍,1.96倍,0.76%
20260813,2774,ＧＭＯコマス,410A,東G,,"1,141",-17,-1.47%,15,14.5倍,2.35倍,4.43%
20260813,2775,インテリクス,463A,東S,,953,-5,-0.52%,15,5.65倍,0.58倍,5.04%
20260813,2776,ＵＦＨＤ,4235,東S,,724,-5,-0.69%,15,27.3倍,0.76倍,4.83%
20260813,2777,イマジニア,4644,東S,,"1,053",-2,-0.19%,15,20.3倍,0.83倍,5.70%
20260813,2778,モリ工業,5464,東S,,947,+3,+0.32%,15,11.2倍,0.61倍,3.59%
20260813,2779,中可鍛,5607,名M,,601,-5,-0.83%,15,5.95倍,0.29倍,3.16%
20260813,2780,フイルコン,5942,東S,,650,-3,-0.46%,15,15.8倍,0.55倍,4.31%
20260813,2781,日東工器,6151,東P,,"1,742",-3,-0.17%,15,22.2倍,0.53倍,1.84%
20260813,2782,ファーストＡ,5588,東G,,844,-17,-1.97%,15,45.2倍,6.21倍,0.46%
20260813,2783,バリューＣ,9238,東G,,409,+10,+2.51%,15,ー倍,-16倍,ー%
20260813,2784,インテＧ,192A,東G,,"1,222",+9,+0.74%,15,12.2倍,1.39倍,4.09%
20260813,2785,ポスプラ,198A,東G,,157,-1,-0.63%,15,ー倍,2.51倍,ー%
20260813,2786,ＧＸウラン,224A,東Ｅ,,"1,645",-5,-0.30%,15,ー倍,ー倍,ー%
20260813,2787,ＡＩＦＣＧ,254A,東S,,"1,160",0,0.00%,15,20.2倍,2.16倍,ー%
20260813,2788,ヒロセ通商,7185,東S,,"3,935",+10,+0.25%,15,ー倍,1.10倍,ー%
20260813,2789,エフテック,7212,東S,,725,-2,-0.28%,15,16.8倍,0.22倍,2.76%
20260813,2790,ヤマノＨＤ,7571,東S,,84,+1,+1.20%,15,22.9倍,1.96倍,1.79%
20260813,2791,フォーサイド,2330,東S,,75,0,0.00%,15,40.8倍,1.05倍,ー%
20260813,2792,クオンタムＳ,2338,東S,,130,-2,-1.52%,15,ー倍,-9.3倍,ー%
20260813,2793,アスカネット,2438,東G,,340,-4,-1.16%,15,16.2倍,0.96倍,2.06%
20260813,2794,神栄,3004,東S,,"2,101",+12,+0.57%,15,6.60倍,0.73倍,5.24%
20260813,2795,ＰＣＮＥＴ,3021,東S,,"1,641",+15,+0.92%,15,9.76倍,2.16倍,3.96%
20260813,2796,広電鉄,9033,東S,,628,+2,+0.32%,15,19.1倍,0.42倍,1.27%
20260813,2797,ビステム,9780,東S,,"1,007",+16,+1.61%,15,9.05倍,0.88倍,3.57%
20260813,2798,旭情報,9799,東S,,950,+23,+2.48%,15,11.9倍,1.19倍,3.58%
20260813,2799,日創グループ,3440,東S,,930,+10,+1.09%,15,11.0倍,0.47倍,4.52%
20260813,2800,神電鉄,9046,東S,,"2,477",+32,+1.31%,14,16.5倍,0.76倍,1.01%
20260813,2801,東京汽,9193,東S,,882,-6,-0.68%,14,237倍,0.31倍,3.40%
20260813,2802,シルバライフ,9262,東S,,672,+9,+1.36%,14,9.07倍,1.00倍,2.68%
20260813,2803,セゾンテク,9640,東S,,"2,005",-13,-0.64%,14,32.5倍,2.40倍,4.49%
20260813,2804,笑美面,9237,東G,,818,-25,-2.97%,14,18.8倍,4.07倍,ー%
20260813,2805,ｉＦ高リート,210A,東Ｅ,,"1,596",-14,-0.87%,14,ー倍,ー倍,ー%
20260813,2806,ジェネパ,3195,東S,,579,+4,+0.70%,14,26.3倍,2.25倍,ー%
20260813,2807,ユニリタ,3800,東S,,"1,980",-30,-1.49%,14,13.5倍,1.23倍,3.79%
20260813,2808,昭和真空,6384,東S,,"1,667",+14,+0.85%,14,18.4倍,0.89倍,4.20%
20260813,2809,オーケストラ,6533,東P,,"1,259",+8,+0.64%,14,12.3倍,1.79倍,2.38%
20260813,2810,ＡＢホテル,6565,名M,,"1,256",+1,+0.08%,14,5.65倍,1.13倍,2.31%
20260813,2811,ＳＥＭＴＥＣ,6626,東S,,"2,227",-13,-0.58%,14,10.4倍,0.87倍,2.51%
20260813,2812,森尾電,6647,東S,,"3,320",+100,+3.11%,14,14.7倍,0.71倍,1.81%
20260813,2813,ズーム,6694,東S,,669,+5,+0.75%,14,7.22倍,0.49倍,4.78%
20260813,2814,大井電気,6822,東S,,"4,730",0,0.00%,14,2.49倍,0.72倍,1.69%
20260813,2815,ＢＣＣ,7376,東G,,986,-8,-0.80%,14,ー倍,4.11倍,ー%
20260813,2816,アシロ,7378,東G,,"1,545",+41,+2.73%,14,11.1倍,3.84倍,4.21%
20260813,2817,フマキラ,4998,東S,,"1,179",-4,-0.34%,14,11.9倍,0.71倍,2.04%
20260813,2818,ヨシコン,5280,東S,,"2,179",+10,+0.46%,14,5.42倍,0.54倍,4.13%
20260813,2819,ＪＭＣ,5704,東S,,410,+13,+3.27%,14,17.3倍,1.36倍,ー%
20260813,2820,カナレ電気,5819,東S,,"1,737",-4,-0.23%,14,10.1倍,0.61倍,3.80%
20260813,2821,大谷工業,5939,東S,,"4,785",-65,-1.34%,14,14.3倍,0.84倍,0.63%
20260813,2822,ライオン事務,423A,東S,,317,+3,+0.96%,14,10.8倍,0.80倍,4.73%
20260813,2823,片倉コープ,4031,東S,,"1,069",+17,+1.62%,14,19.2倍,0.42倍,2.62%
20260813,2824,ミンカブ,4436,東G,,455,-1,-0.22%,14,14.0倍,4.84倍,ー%
20260813,2825,有機薬,4531,東S,,361,+3,+0.84%,14,13.0倍,0.58倍,2.77%
20260813,2826,ＹＫＴ,2693,東S,,309,+2,+0.65%,14,71.7倍,0.45倍,1.62%
20260813,2827,ナフコ,2790,東S,,"2,196",-9,-0.41%,14,42.5倍,0.35倍,2.64%
20260813,2828,銚子丸,3075,東S,,"1,711",+3,+0.18%,14,27.3倍,2.36倍,0.88%
20260813,2829,マーケットＥ,3135,東S,,"1,114",-3,-0.27%,14,596倍,4.58倍,ー%
20260813,2830,ＢＲＵＮＯ,3140,東G,,"1,009",+7,+0.70%,14,38.1倍,2.52倍,0.40%
20260813,2831,ヴィアＨＤ,7918,東S,,107,+2,+1.90%,14,162倍,-1.1倍,ー%
20260813,2832,エリアクエス,8912,東S,,152,0,0.00%,14,16.8倍,1.76倍,2.63%
20260813,2833,ファースト住,8917,東S,,"1,145",-6,-0.52%,14,10.6倍,0.39倍,3.76%
20260813,2834,ｉＳ最小分散,1477,東Ｅ,,"3,391",+15,+0.44%,14,ー倍,ー倍,ー%
20260813,2835,明豊ファシリ,1717,東S,,957,+6,+0.63%,14,12.0倍,1.94倍,4.60%
20260813,2836,今村証券,7175,東S,,"1,717",+17,+1.00%,14,ー倍,0.64倍,ー%
20260813,2837,アイリック,7325,東G,,734,+12,+1.66%,13,11.8倍,1.58倍,4.36%
20260813,2838,スターツ出版,7849,東S,,"2,970",-8,-0.27%,13,11.0倍,1.05倍,4.38%
20260813,2839,ホクシン,7897,東S,,104,0,0.00%,13,22.7倍,0.50倍,1.92%
20260813,2840,富士ユナイト,416A,東S,,"1,251",-4,-0.32%,13,13.8倍,0.81倍,4.96%
20260813,2841,ＧＬ・再エネ,509A,東IF,,"72,600",-600,-0.82%,13,ー倍,0.91倍,8.12%
20260813,2842,ＧＸ商社資源,609A,東Ｅ,,"1,063",+3,+0.28%,13,ー倍,ー倍,ー%
20260813,2843,ピクスタ,3416,東S,,849,-17,-1.96%,13,14.0倍,1.40倍,5.30%
20260813,2844,ＧＭＯ－ＰＰ,3695,東G,,"1,470",-15,-1.01%,13,15.6倍,2.61倍,4.82%
20260813,2845,ＳＩ,3826,東S,,497,-6,-1.19%,13,13.6倍,1.23倍,2.21%
20260813,2846,ビート,9399,東S,,11,-1,-8.33%,13,ー倍,ー倍,ー%
20260813,2847,トーシンＨＤ,9444,東S,,286,-3,-1.04%,13,ー倍,1.74倍,ー%
20260813,2848,丸建リース,9763,東S,,"1,322",+1,+0.08%,13,8.99倍,0.69倍,4.08%
20260813,2849,ビケンテクノ,9791,東S,,"1,154",-22,-1.87%,13,7.91倍,0.38倍,3.12%
20260813,2850,リンクユーＧ,4446,東S,,807,0,0.00%,13,65.3倍,4.23倍,ー%
20260813,2851,ＫＹＯＲＩＴ,7795,東S,,216,+3,+1.41%,13,12.1倍,0.51倍,3.70%
20260813,2852,サイフューズ,4892,東G,,551,-8,-1.43%,13,ー倍,2.11倍,ー%
20260813,2853,売れるＧ,9235,東G,,501,-5,-0.99%,13,"2,386倍",8.35倍,ー%
20260813,2854,ｉＳインド株,201A,東Ｅ,,183.7,-1.5,-0.81%,13,ー倍,ー倍,ー%
20260813,2855,プログレス,339A,東G,,933,+15,+1.63%,13,7.07倍,1.23倍,3.22%
20260813,2856,日精蝋,5010,東S,,246,+1,+0.41%,13,6.07倍,0.73倍,ー%
20260813,2857,クリエート,5187,東S,,"1,144",+12,+1.06%,13,16.3倍,0.55倍,4.11%
20260813,2858,倉元,5216,東S,,154,+1,+0.65%,13,ー倍,8.61倍,ー%
20260813,2859,アサヒエイト,5341,東S,,151,+5,+3.42%,13,ー倍,0.95倍,ー%
20260813,2860,神鋼線,5660,東S,,"1,856",-20,-1.07%,13,ー倍,0.44倍,ー%
20260813,2861,コロナ,5909,東S,,978,-12,-1.21%,13,47.7倍,0.37倍,2.86%
20260813,2862,不二サッシ,5940,東S,,732,-3,-0.41%,13,5.74倍,0.37倍,4.10%
20260813,2863,Ｔスマート,6246,東S,,"1,825",0,0.00%,13,15.0倍,1.00倍,5.04%
20260813,2864,菊水ＨＤ,6912,東S,,"2,357",+10,+0.43%,13,10.9倍,1.25倍,2.50%
20260813,2865,セルソース,4880,東S,,343,+12,+3.63%,13,ー倍,1.16倍,ー%
20260813,2866,ＥＳＧ総合,2071,東EN,,"20,670",ー,ー%,13,ー倍,ー倍,ー%
20260813,2867,室町ケミカル,4885,東S,,894,+2,+0.22%,13,10.3倍,1.40倍,2.91%
20260813,2868,Ｂマインド,7343,東G,,"1,269",+25,+2.01%,13,22.8倍,1.95倍,5.52%
20260813,2869,アップガレＧ,7134,東S,,"1,452",-16,-1.09%,13,12.7倍,2.29倍,2.93%
20260813,2870,ＩＧＳ,4265,東G,,280,-2,-0.71%,13,190倍,3.44倍,ー%
20260813,2871,野村ボベスパ,1325,東Ｅ,,271.1,-3.2,-1.17%,13,ー倍,ー倍,ー%
20260813,2872,ｉＦＴＰベ,1457,東Ｅ,,"1,728",-18,-1.03%,13,ー倍,ー倍,ー%
20260813,2873,弘電社,1948,東S,,"11,420",ー,ー%,13,41.6倍,4.02倍,ー%
20260813,2874,暁飯島工業,1997,東S,,"3,925",-35,-0.88%,13,8.35倍,0.96倍,3.44%
20260813,2875,カネ美食品,2669,東S,,"3,985",0,0.00%,13,21.4倍,1.26倍,0.95%
20260813,2876,テンポスＨＤ,2751,東S,,"3,815",+5,+0.13%,13,17.0倍,2.62倍,0.24%
20260813,2877,ＡＦＣ－ＨＤ,2927,東S,,868,-2,-0.23%,13,8.18倍,0.78倍,4.15%
20260813,2878,ジーエルシー,2970,東S,,"1,014",+13,+1.30%,13,12.0倍,2.66倍,ー%
20260813,2879,Ｈａｍｅｅ,3134,東S,,298,-1,-0.33%,13,20.7倍,0.66倍,1.01%
20260813,2880,ダイナパック,3947,東S,,"2,460",+42,+1.74%,13,7.07倍,0.49倍,3.66%
20260813,2881,アテクト,4241,東S,,666,+1,+0.15%,13,24.5倍,1.59倍,1.50%
20260813,2882,東海ソフト,4430,東S,,"1,688",+6,+0.36%,13,9.00倍,1.19倍,3.97%
20260813,2883,アサヒペン,4623,東S,,"1,810",+4,+0.22%,13,9.38倍,0.42倍,3.31%
20260813,2884,大伸化学,4629,東S,,"2,065",-38,-1.81%,13,7.38倍,0.53倍,2.18%
20260813,2885,田岡化,4113,東S,,733,-2,-0.27%,12,42.0倍,0.54倍,0.82%
20260813,2886,松本油脂,4365,東S,,"20,010",-180,-0.89%,12,8.54倍,0.63倍,2.25%
20260813,2887,ＺＵＵ,4387,東G,,494,+16,+3.35%,12,234倍,2.18倍,ー%
20260813,2888,ヴィッツ,4440,東S,,"1,174",+17,+1.47%,12,10.4倍,1.47倍,1.53%
20260813,2889,ＳＭＥＪ,4772,東G,,71,-1,-1.39%,12,32.6倍,1.18倍,1.41%
20260813,2890,トリニ工,6382,東S,,"1,238",+5,+0.41%,12,10.3倍,0.59倍,4.93%
20260813,2891,オリジン,6513,東S,,"1,076",+11,+1.03%,12,55.2倍,0.24倍,3.72%
20260813,2892,三相電機,6518,東S,,"1,884",-66,-3.38%,12,10.2倍,0.67倍,1.33%
20260813,2893,フェンオール,6870,東S,,"2,247",+56,+2.56%,12,14.3倍,0.81倍,3.47%
20260813,2894,イントランス,3237,東G,,98,0,0.00%,12,134倍,37.7倍,ー%
20260813,2895,アエリア,3758,東S,,244,-4,-1.61%,12,9.89倍,0.58倍,ー%
20260813,2896,ギークス,7060,東S,,587,-8,-1.34%,12,9.47倍,2.07倍,5.45%
20260813,2897,岡谷鋼機,7485,名P,,"5,080",+20,+0.40%,12,6.98倍,0.40倍,1.69%
20260813,2898,ムサシ,7521,東S,,"2,755",-76,-2.68%,12,48.0倍,0.51倍,1.31%
20260813,2899,レダックス,7602,東S,,169,-2,-1.17%,12,20.0倍,0.77倍,1.18%
20260813,2900,ＮａＩＴＯ,7624,東S,,145,+2,+1.40%,12,29.4倍,0.60倍,2.76%
20260813,2901,日本創発Ｇ,7814,東S,,646,-9,-1.37%,12,15.1倍,1.52倍,2.32%
20260813,2902,ｉＦ台湾テク,413A,東Ｅ,,"3,929",+94,+2.45%,12,ー倍,ー倍,ー%
20260813,2903,ウリドキ,418A,名N,,"1,350",-10,-0.74%,12,20.3倍,9.56倍,ー%
20260813,2904,ＧＸ銀ビジ,579A,東Ｅ,,"1,006",-15,-1.47%,12,ー倍,ー倍,ー%
20260813,2905,ＪＦＥシステ,4832,東S,,"1,918",+5,+0.26%,12,13.8倍,1.73倍,3.65%
20260813,2906,スカラ,4845,東S,,341,+2,+0.59%,12,14.2倍,1.25倍,4.99%
20260813,2907,ケミプロ,4960,東S,,544,-13,-2.33%,12,54.8倍,1.76倍,0.55%
20260813,2908,東京インフラ,9285,東IF,,"43,150",+50,+0.12%,12,ー倍,0.53倍,7.67%
20260813,2909,鈴与シンワ,9360,東S,,"2,780",+25,+0.91%,12,6.59倍,1.45倍,4.32%
20260813,2910,大東港運,9367,東S,,"1,950",+2,+0.10%,12,21.1倍,1.58倍,1.59%
20260813,2911,東海リース,9761,東S,,"2,400",+20,+0.84%,12,9.47倍,0.48倍,5.00%
20260813,2912,パーカー,9845,東S,,"1,435",+4,+0.28%,12,8.17倍,0.69倍,3.69%
20260813,2913,藤井産業,9906,東S,,"4,150",-10,-0.24%,12,9.24倍,0.85倍,3.86%
20260813,2914,テリロジＨＤ,5133,東S,,322,+2,+0.63%,12,12.7倍,1.66倍,1.68%
20260813,2915,アヴィレン,5591,東G,,785,-15,-1.88%,12,21.7倍,6.25倍,ー%
20260813,2916,上場米債０ラ,2093,東Ｅ,,"5,294",-2,-0.04%,12,ー倍,ー倍,ー%
20260813,2917,ｉＳＨＹ社債,2258,東Ｅ,,227.0,+0.3,+0.13%,12,ー倍,ー倍,ー%
20260813,2918,エルイズビー,145A,東G,,925,-4,-0.43%,12,26.5倍,2.49倍,ー%
20260813,2919,Ｇモンスター,157A,東G,,800,+27,+3.49%,12,ー倍,2.00倍,1.25%
20260813,2920,コーディア,190A,東G,,80,0,0.00%,12,ー倍,2.66倍,ー%
20260813,2921,プラップＪ,2449,東S,,"1,089",+6,+0.55%,12,9.63倍,0.87倍,3.76%
20260813,2922,ＵＮＩＴＥＤ,2497,東G,,523,0,0.00%,12,781倍,1.19倍,4.21%
20260813,2923,オリコンＨＤ,2498,東S,,"3,260",+20,+0.62%,12,10.1倍,1.27倍,3.83%
20260813,2924,マルサンアイ,2551,名M,,"3,555",-5,-0.14%,12,9.75倍,1.04倍,0.84%
20260813,2925,ワッツ,2735,東S,,679,0,0.00%,12,10.0倍,0.66倍,2.95%
20260813,2926,新都ＨＤ,2776,東S,,94,-1,-1.05%,12,25.5倍,1.53倍,ー%
20260813,2927,ハイパー,3054,東S,,235,-6,-2.49%,12,9.47倍,0.71倍,2.98%
20260813,2928,ＵＮＩＶＡ,3113,東S,,76,-1,-1.30%,12,69.7倍,5.97倍,ー%
20260813,2929,シンクレイヤ,1724,東S,,714,+10,+1.42%,12,8.88倍,0.51倍,4.20%
20260813,2930,徳倉建,1892,名M,,"7,900",ー,ー%,12,6.89倍,0.72倍,3.16%
20260813,2931,塩水糖,2112,東S,,463,+1,+0.22%,12,7.08倍,0.58倍,3.46%
20260813,2932,ビイングＨＤ,9145,東S,,575,+7,+1.23%,12,9.83倍,1.71倍,2.61%
20260813,2933,ラストワンＭ,9252,東G,,"3,790",+30,+0.80%,12,9.14倍,1.93倍,0.79%
20260813,2934,タカヨシＨＤ,9259,東G,,856,+29,+3.51%,12,9.24倍,1.40倍,3.50%
20260813,2935,大石産業,3943,東S,,"1,327",+8,+0.61%,12,25.0倍,0.53倍,3.92%
20260813,2936,ＤＡＩＫＯＸ,8023,東S,,"1,029",+30,+3.00%,12,7.36倍,0.97倍,3.69%
20260813,2937,アサックス,8772,東S,,869,-3,-0.34%,12,6.96倍,0.54倍,2.53%
20260813,2938,興研,7963,東S,,"1,806",-6,-0.33%,11,10.5倍,0.63倍,1.94%
20260813,2939,重松製,7980,東S,,878,+16,+1.86%,11,8.55倍,0.64倍,1.71%
20260813,2940,浜丸魚,8045,東S,,"2,047",-113,-5.23%,11,19.9倍,0.51倍,1.66%
20260813,2941,東陽倉,9306,東S,,"1,996",-14,-0.70%,11,13.1倍,0.51倍,3.76%
20260813,2942,ケイヒン,9312,東S,,"2,852",-12,-0.42%,11,5.48倍,0.53倍,4.91%
20260813,2943,サンリツ,9366,東S,,"1,090",-10,-0.91%,11,8.83倍,0.50倍,3.49%
20260813,2944,東海運,9380,東S,,431,-2,-0.46%,11,14.7倍,0.64倍,2.09%
20260813,2945,リリカラ,9827,東S,,631,-4,-0.63%,11,11.6倍,1.03倍,5.71%
20260813,2946,愛眼,9854,東S,,283,-3,-1.05%,11,28.2倍,0.44倍,ー%
20260813,2947,ＡＧＳ,3648,東S,,"1,048",+3,+0.29%,11,9.57倍,1.09倍,3.44%
20260813,2948,サイオス,3744,東S,,456,+6,+1.33%,11,10.7倍,2.08倍,1.10%
20260813,2949,イメージ情報,3803,東G,,572,+4,+0.70%,11,ー倍,3.16倍,ー%
20260813,2950,モバファク,3912,東S,,"1,117",+13,+1.18%,11,8.86倍,2.90倍,4.57%
20260813,2951,ソルクシーズ,4284,東S,,424,+1,+0.24%,11,8.51倍,1.26倍,3.30%
20260813,2952,電業社,6365,東S,,"5,480",-110,-1.97%,11,8.92倍,0.73倍,3.47%
20260813,2953,不二精機,6400,東S,,287,0,0.00%,11,6.33倍,0.56倍,3.48%
20260813,2954,池上通,6771,東S,,679,-4,-0.59%,11,8.72倍,0.33倍,2.21%
20260813,2955,マルゼン,5982,東S,,"4,095",0,0.00%,11,12.3倍,1.24倍,3.05%
20260813,2956,レントラクス,6045,東G,,"1,698",+10,+0.59%,11,14.7倍,2.26倍,1.47%
20260813,2957,Ｇキッズ,6189,東S,,"1,033",-5,-0.48%,11,14.1倍,1.20倍,3.87%
20260813,2958,ｕｐｒ,7065,東S,,"1,027",+12,+1.18%,11,10.8倍,0.82倍,3.60%
20260813,2959,イントラスト,7191,東S,,"1,158",+18,+1.58%,11,14.1倍,3.21倍,4.27%
20260813,2960,イクヨ,7273,東S,,602,-5,-0.82%,11,288倍,1.32倍,0.50%
20260813,2961,ＴＢＫ,7277,東S,,353,+4,+1.15%,11,18.7倍,0.36倍,2.27%
20260813,2962,小津産業,7487,東S,,"1,784",-3,-0.17%,11,34.1倍,0.79倍,1.51%
20260813,2963,メディキット,7749,東S,,"2,831",-5,-0.18%,11,14.4倍,0.88倍,3.53%
20260813,2964,ＮＥ,441A,東G,,270,+10,+3.85%,11,8.84倍,1.94倍,ー%
20260813,2965,ＳＳ金Ｈ,448A,東Ｅ,,263.0,-0.7,-0.27%,11,ー倍,ー倍,ー%
20260813,2966,テラテクノ,483A,東S,,"2,235",+15,+0.68%,11,9.04倍,1.41倍,4.03%
20260813,2967,コマースワン,4496,東G,,808,+16,+2.02%,11,17.1倍,2.13倍,5.20%
20260813,2968,モダリス,4883,東G,,31,-2,-6.06%,11,ー倍,1.25倍,ー%
20260813,2969,Ｅインフィニ,7692,東S,,79,0,0.00%,11,15.8倍,6.95倍,3.29%
20260813,2970,コラントッテ,7792,東G,,"1,483",-29,-1.92%,11,9.64倍,2.26倍,3.37%
20260813,2971,トゥルーＤ,4416,東G,,393,-20,-4.84%,11,30.2倍,1.63倍,ー%
20260813,2972,サインド,4256,東G,,961,-11,-1.13%,11,31.0倍,1.67倍,ー%
20260813,2973,エフビー介護,9220,東S,,"1,230",+6,+0.49%,11,5.90倍,0.75倍,3.50%
20260813,2974,ホームポジ,2999,東S,,644,-5,-0.77%,11,11.2倍,1.01倍,1.55%
20260813,2975,キューブシス,2335,東P,,"1,080",+9,+0.84%,11,10.9倍,1.47倍,4.26%
20260813,2976,オルバヘルス,2689,東S,,"1,900",-13,-0.68%,11,ー倍,0.86倍,ー%
20260813,2977,篠崎屋,2926,東S,,119,+1,+0.85%,11,ー倍,1.47倍,2.52%
20260813,2978,マーチャント,3121,東S,,240,+3,+1.27%,11,30.7倍,1.65倍,0.83%
20260813,2979,アイズ,5242,東G,,"2,004",-129,-6.05%,11,686倍,3.42倍,ー%
20260813,2980,ＧＸ中国ＥＶ,2254,東Ｅ,,"1,127",+3,+0.27%,11,ー倍,ー倍,ー%
20260813,2981,ミガロＨＤ,5535,東P,,271,0,0.00%,11,11.6倍,1.14倍,3.32%
20260813,2982,ＧＸＳＰＣＦ,356A,東Ｅ,,"1,584",+7,+0.44%,11,ー倍,ー倍,ー%
20260813,2983,ｉＦ米債３有,382A,東Ｅ,,"1,899",+3,+0.16%,11,ー倍,ー倍,ー%
20260813,2984,技研ＨＤ,1443,東S,,265,+1,+0.38%,11,6.72倍,0.33倍,0.42%
20260813,2985,野村小売,1630,東Ｅ,,"38,600",-380,-0.97%,11,ー倍,ー倍,ー%
20260813,2986,ＳＸＮＹダウ,1679,東Ｅ,,"68,520",ー,ー%,11,ー倍,ー倍,ー%
20260813,2987,ＷＴコーン,1696,東Ｅ,,"2,958",+80,+2.78%,10,ー倍,ー倍,ー%
20260813,2988,オーテック,1736,東S,,"2,321",-2,-0.09%,10,9.46倍,1.35倍,4.22%
20260813,2989,サノヤスＨＤ,7022,東S,,311,-1,-0.32%,10,13.1倍,0.85倍,2.41%
20260813,2990,フロンティＭ,7038,東P,,564,0,0.00%,10,133倍,4.13倍,ー%
20260813,2991,Ｃａｓａ,7196,東S,,747,-7,-0.93%,10,36.3倍,1.07倍,2.68%
20260813,2992,橋本総業ＨＤ,7570,東S,,"1,400",+4,+0.29%,10,7.37倍,0.72倍,3.71%
20260813,2993,Ｔｒａｉｌ,3358,東S,,95,0,0.00%,10,66.9倍,1.64倍,2.11%
20260813,2994,ＰＣＩＨＤ,3918,東S,,"1,164",+14,+1.22%,10,9.17倍,1.22倍,4.98%
20260813,2995,ラオックス,8202,東S,,148,0,0.00%,10,21.5倍,0.63倍,2.70%
20260813,2996,和田興産,8931,東S,,"1,402",+2,+0.14%,10,7.32倍,0.44倍,4.28%
20260813,2997,ブティックス,9272,東G,,"1,390",-17,-1.21%,10,9.50倍,5.34倍,ー%
20260813,2998,いちごグリン,9282,東IF,,"47,000",+500,+1.08%,10,27.2倍,1.60倍,7.53%
20260813,2999,ショーエイ,9385,東S,,748,-1,-0.13%,10,5.95倍,1.13倍,4.68%
20260813,3000,歌舞伎,9661,東S,,"4,470",+5,+0.11%,10,229倍,4.88倍,0.11%
20260813,3001,クレオ,9698,東S,,"1,279",+24,+1.91%,10,11.9倍,1.34倍,4.38%
20260813,3002,ＮＣＳ＆Ａ,9709,東S,,"1,394",+26,+1.90%,10,11.3倍,1.52倍,4.16%
20260813,3003,リソル,5261,東P,,"7,730",-20,-0.26%,10,22.0倍,2.34倍,1.55%
20260813,3004,ジオスター,5282,東S,,411,+1,+0.24%,10,6.81倍,0.51倍,2.43%
20260813,3005,高砂鉄,5458,東S,,"1,434",+30,+2.14%,10,9.67倍,0.84倍,3.14%
20260813,3006,鋳鉄管,5612,東S,,"1,562",+2,+0.13%,10,23.9倍,0.51倍,1.60%
20260813,3007,イボキン,5699,東S,,"1,517",-13,-0.85%,10,9.52倍,0.93倍,2.11%
20260813,3008,ＥＡＪ,6063,東S,,"1,029",+14,+1.38%,10,18.5倍,1.34倍,ー%
20260813,3009,エンバイオＨ,6092,東S,,757,-10,-1.30%,10,8.91倍,0.66倍,3.17%
20260813,3010,高松機械,6155,東S,,534,-3,-0.56%,10,43.4倍,0.35倍,1.87%
20260813,3011,バーチャレク,6193,東G,,"1,040",-13,-1.23%,10,11.3倍,1.77倍,1.44%
20260813,3012,ＪＮグループ,6634,東S,,69,-1,-1.43%,10,28.8倍,1.29倍,ー%
20260813,3013,戸上電,6643,東S,,"5,770",0,0.00%,10,9.39倍,1.09倍,2.43%
20260813,3014,ＡＳＴＩ,6899,東S,,"2,297",-3,-0.13%,10,10.3倍,0.29倍,3.48%
20260813,3015,テクノロジー,5248,東G,,481,-2,-0.41%,10,ー倍,5.78倍,ー%
20260813,3016,クオルテック,9165,東G,,"1,690",-14,-0.82%,10,10.1倍,1.11倍,2.78%
20260813,3017,ＧＸ中国テク,380A,東Ｅ,,"1,013",+13,+1.30%,10,ー倍,ー倍,ー%
20260813,3018,スポーツＦ,7080,東G,,811,0,0.00%,10,7.04倍,2.11倍,2.84%
20260813,3019,ＳＴＩＦＨＤ,2932,東S,,"1,109",+1,+0.09%,10,11.6倍,1.89倍,3.61%
20260813,3020,さくらさく,7097,東G,,"2,777",+24,+0.87%,10,14.8倍,1.85倍,1.01%
20260813,3021,ＧＸ超短円債,502A,東Ｅ,,900.8,+0.1,+0.01%,10,ー倍,ー倍,ー%
20260813,3022,野村高配ＣＦ,518A,東Ｅ,,"2,058",-60,-2.83%,10,ー倍,ー倍,ー%
20260813,3023,鉄人化ＨＤ,2404,東S,,562,-2,-0.35%,10,18.4倍,7.13倍,ー%
20260813,3024,ホリイフード,3077,東S,,889,+21,+2.42%,10,9.79倍,4.55倍,ー%
20260813,3025,ホドルワン,2345,東S,,99,0,0.00%,9,ー倍,10.6倍,ー%
20260813,3026,北海コカ,2573,東S,,"4,000",0,0.00%,9,49.5倍,1.25倍,0.75%
20260813,3027,ＳＡＮＫＯ,2762,東S,,77,-1,-1.28%,9,ー倍,17.1倍,ー%
20260813,3028,ハブ,3030,東S,,850,+1,+0.12%,9,32.4倍,3.16倍,1.18%
20260813,3029,ＷＤＩ,3068,東S,,"3,040",+5,+0.16%,9,54.5倍,2.87倍,0.56%
20260813,3030,イトヨーギョ,5287,東S,,816,+8,+0.99%,9,12.1倍,0.61倍,2.45%
20260813,3031,日伸銅,5753,東S,,"2,445",+5,+0.20%,9,4.98倍,0.40倍,0.61%
20260813,3032,ミトラＧ,6093,東S,,162,+1,+0.62%,9,16.6倍,2.15倍,3.70%
20260813,3033,土木管理,6171,東S,,381,-1,-0.26%,9,12.0倍,1.03倍,3.15%
20260813,3034,メタリアル,6182,東G,,469,-3,-0.64%,9,31.9倍,2.59倍,ー%
20260813,3035,デジプラ,3691,東G,,"1,544",+30,+1.98%,9,ー倍,8.38倍,ー%
20260813,3036,阿波製紙,3896,東S,,397,+2,+0.51%,9,26.5倍,0.61倍,ー%
20260813,3037,アイリッジ,3917,東G,,435,-2,-0.46%,9,11.4倍,1.18倍,ー%
20260813,3038,ｉＦＴＰＷベ,1368,東Ｅ,,148,-2,-1.33%,9,ー倍,ー倍,ー%
20260813,3039,野村電力ガス,1627,東Ｅ,,"11,505",+25,+0.22%,9,ー倍,ー倍,ー%
20260813,3040,ＭＸ高利Ｊリ,1660,東Ｅ,,"10,590",-20,-0.19%,9,ー倍,ー倍,ー%
20260813,3041,ナカボテック,1787,東S,,"5,910",-60,-1.01%,9,13.8倍,1.55倍,4.40%
20260813,3042,高橋ウォール,1994,東S,,562,+4,+0.72%,9,8.10倍,0.40倍,3.91%
20260813,3043,金先物ベア,2037,東EN,,"1,239",-4,-0.32%,9,ー倍,ー倍,ー%
20260813,3044,日本モゲジＳ,7192,東S,,631,-3,-0.47%,9,10.2倍,0.99倍,4.75%
20260813,3045,ＣＡＰＩＴＡ,7462,東S,,403,+1,+0.25%,9,16.6倍,1.82倍,2.48%
20260813,3046,ヤガミ,7488,名M,,"4,890",+35,+0.72%,9,17.5倍,1.84倍,5.73%
20260813,3047,タカショー,7590,東S,,399,+1,+0.25%,9,56.0倍,0.53倍,1.25%
20260813,3048,ＪＭＳ,7702,東S,,458,+1,+0.22%,9,18.7倍,0.27倍,3.71%
20260813,3049,プリントＮ,7805,東S,,744,-2,-0.27%,9,9.72倍,0.81倍,1.75%
20260813,3050,ノダ,7879,東S,,646,0,0.00%,9,47.3倍,0.28倍,4.64%
20260813,3051,玉井船,9127,東S,,"3,095",+45,+1.48%,9,8.46倍,0.59倍,3.55%
20260813,3052,キムラユニテ,9368,東S,,918,-2,-0.22%,9,9.81倍,0.85倍,4.14%
20260813,3053,ベルパーク,9441,東S,,"2,866",+2,+0.07%,9,7.54倍,1.18倍,5.02%
20260813,3054,サカイＨＤ,9446,東S,,686,+8,+1.18%,9,5.64倍,1.04倍,5.10%
20260813,3055,中央経済ＨＤ,9476,東S,,975,+1,+0.10%,9,30.0倍,0.85倍,1.33%
20260813,3056,協和コンサル,9647,東S,,"6,200",ー,ー%,9,5.41倍,0.74倍,0.48%
20260813,3057,御園座,9664,名M,,"1,498",-4,-0.27%,9,115倍,1.61倍,ー%
20260813,3058,ＩＸナレッジ,9753,東S,,"1,336",-1,-0.07%,9,7.93倍,1.10倍,3.74%
20260813,3059,英和,9857,東S,,"2,660",+49,+1.88%,9,9.10倍,0.87倍,3.61%
20260813,3060,オープンドア,3926,東S,,402,-1,-0.25%,9,ー倍,3.69倍,ー%
20260813,3061,Ｓワイヤー,3929,東G,,277,+17,+6.54%,9,9.92倍,1.83倍,ー%
20260813,3062,Ｄ・アクシス,4245,東S,,706,+4,+0.57%,9,17.4倍,0.91倍,3.40%
20260813,3063,エデュラボ,4427,東G,,212,-3,-1.40%,9,216倍,1.60倍,ー%
20260813,3064,築地魚,8039,東S,,"3,550",+20,+0.57%,9,15.8倍,1.10倍,0.99%
20260813,3065,ビタブリッド,542A,東G,,"1,116",+2,+0.18%,9,8.42倍,1.21倍,ー%
20260813,3066,上場リ高３０,608A,東Ｅ,,"1,491",-4,-0.27%,9,ー倍,ー倍,ー%
20260813,3067,プロパテクノ,5527,東G,,695,+3,+0.43%,9,6.66倍,1.00倍,3.60%
20260813,3068,上場ダウヘ無,2235,東Ｅ,,"3,706",+2,+0.05%,9,ー倍,ー倍,ー%
20260813,3069,プロディ,5580,東G,,"1,651",-25,-1.49%,9,17.3倍,2.88倍,ー%
20260813,3070,野村Ｐ１５０,159A,東Ｅ,,745.4,-1.5,-0.20%,9,ー倍,ー倍,ー%
20260813,3071,ＧＸ革新優良,178A,東Ｅ,,"1,699",+2,+0.12%,9,ー倍,ー倍,ー%
20260813,3072,ＧＸ高配３０,235A,東Ｅ,,"1,440",+1,+0.07%,9,ー倍,ー倍,ー%
20260813,3073,グリクロＨＤ,272A,福証,,"1,365",+19,+1.41%,9,8.25倍,0.94倍,2.93%
20260813,3074,ガーデン,274A,東S,,"2,338",+10,+0.43%,9,19.9倍,2.25倍,3.85%
20260813,3075,ユカリア,286A,東G,,817,-10,-1.21%,9,17.6倍,1.40倍,ー%
20260813,3076,フリージア,6343,東S,,151,+3,+2.03%,9,4.25倍,0.40倍,0.40%
20260813,3077,伊豆シャボ,6819,東S,,479,-1,-0.21%,9,9.07倍,1.40倍,4.18%
20260813,3078,ｒａｋｕｍｏ,4060,東G,,"1,180",0,0.00%,9,21.7倍,3.50倍,1.19%
20260813,3079,ｉＦＥ科創板,2628,東Ｅ,,"4,184",+97,+2.37%,9,ー倍,ー倍,ー%
20260813,3080,上場豪債ヘ無,2844,東Ｅ,,"5,532",+6,+0.11%,9,ー倍,ー倍,ー%
20260813,3081,クラシコム,7110,東G,,"2,012",+11,+0.55%,9,15.4倍,2.52倍,2.73%
20260813,3082,インテＭ,7072,東G,,"1,150",+37,+3.32%,8,19.5倍,2.22倍,ー%
20260813,3083,ＩＮＣＨＤ,7078,東G,,342,-3,-0.87%,8,ー倍,2.36倍,ー%
20260813,3084,ヴィス,5071,東S,,"1,356",+11,+0.82%,8,9.25倍,1.51倍,4.35%
20260813,3085,アクシージア,4936,東S,,320,+2,+0.63%,8,ー倍,0.96倍,3.13%
20260813,3086,一家ＨＤ,7127,東S,,700,0,0.00%,8,22.5倍,4.99倍,ー%
20260813,3087,アジアＱ,4261,東G,,"3,165",-45,-1.40%,8,14.8倍,2.33倍,ー%
20260813,3088,ＧＷ,3936,東G,,160,0,0.00%,8,48.9倍,6.51倍,ー%
20260813,3089,キャピタルＡ,3965,東S,,878,-2,-0.23%,8,9.54倍,1.31倍,2.96%
20260813,3090,山田債権,4351,東S,,826,-16,-1.90%,8,24.6倍,1.12倍,1.21%
20260813,3091,応用技術,4356,東S,,"1,643",-42,-2.49%,8,12.0倍,1.48倍,2.43%
20260813,3092,エーアイ,4388,東S,,364,-3,-0.82%,8,36.6倍,1.01倍,ー%
20260813,3093,バルテスＨＤ,4442,東G,,399,-2,-0.50%,8,13.0倍,2.31倍,1.00%
20260813,3094,コスモバイオ,3386,東S,,"1,236",+20,+1.64%,8,22.0倍,0.72倍,4.05%
20260813,3095,サンコテクノ,3435,東S,,"1,461",-19,-1.28%,8,9.26倍,0.58倍,3.15%
20260813,3096,アズ企画設計,3490,東S,,"3,190",+25,+0.79%,8,9.14倍,1.15倍,0.94%
20260813,3097,ＰバンＣＯＭ,3559,東S,,442,+2,+0.45%,8,16.3倍,1.48倍,2.26%
20260813,3098,ほぼ日,3560,東S,,"4,395",+80,+1.85%,8,21.3倍,1.82倍,2.05%
20260813,3099,環境フレンド,3777,東G,,45,-1,-2.17%,8,ー倍,4.33倍,ー%
20260813,3100,ユビＡＩ,3858,東S,,295,+1,+0.34%,8,ー倍,1.62倍,ー%
20260813,3101,岡山製紙,3892,東S,,"1,543",-20,-1.28%,8,11.4倍,0.49倍,3.24%
20260813,3102,シダー,2435,東S,,220,+2,+0.92%,8,9.50倍,1.26倍,3.64%
20260813,3103,アウン,2459,東S,,175,+1,+0.57%,8,ー倍,4.28倍,ー%
20260813,3104,プレミアムＷ,2588,東S,,"3,725",-50,-1.32%,8,8.89倍,3.59倍,3.22%
20260813,3105,はごろも,2831,東S,,"3,670",+30,+0.82%,8,11.5倍,0.69倍,1.91%
20260813,3106,日東ベスト,2877,東S,,740,-10,-1.33%,8,44.8倍,0.54倍,1.62%
20260813,3107,シノブフズ,2903,東S,,"1,555",-19,-1.21%,8,9.72倍,1.12倍,2.19%
20260813,3108,ＡＰＨＤ,3175,東S,,946,-3,-0.32%,8,20.6倍,-51倍,ー%
20260813,3109,買取王国,3181,東S,,"1,078",-13,-1.19%,8,9.86倍,1.13倍,1.02%
20260813,3110,高見沢,5283,東S,,"3,150",+15,+0.48%,8,4.34倍,0.33倍,2.22%
20260813,3111,サンユウ,5697,東S,,837,-9,-1.06%,8,8.16倍,0.49倍,3.58%
20260813,3112,滝上工,5918,東S,,"7,710",-250,-3.14%,8,9.36倍,0.30倍,1.30%
20260813,3113,和井田,6158,東S,,988,+3,+0.30%,8,18.4倍,0.61倍,3.85%
20260813,3114,アップバンク,6177,東G,,82,0,0.00%,8,ー倍,3.01倍,ー%
20260813,3115,トレーディア,9365,東S,,"1,606",-68,-4.06%,8,6.73倍,0.37倍,3.11%
20260813,3116,ワイヤレスＧ,9419,東S,,301,+8,+2.73%,8,13.1倍,1.92倍,ー%
20260813,3117,上場パ中国Ａ,1322,東Ｅ,,"11,975",+75,+0.63%,8,ー倍,ー倍,ー%
20260813,3118,サンヨーＨ,1420,東S,,632,+2,+0.32%,8,5.60倍,0.49倍,3.96%
20260813,3119,ＷＴ天然ガス,1689,東Ｅ,,747,-2,-0.27%,8,ー倍,ー倍,ー%
20260813,3120,ＷＴ原油,1690,東Ｅ,,"2,283.5",-86.0,-3.63%,8,ー倍,ー倍,ー%
20260813,3121,ＹＴＬ,1773,東P,,86,-1,-1.15%,8,ー倍,ー倍,ー%
20260813,3122,守谷商会,1798,東S,,"1,010",0,0.00%,8,6.49倍,0.59倍,3.76%
20260813,3123,ブルボン,2208,東S,,"3,155",+30,+0.96%,8,18.6倍,1.12倍,1.39%
20260813,3124,アールビバン,7523,東S,,"1,898",0,0.00%,8,12.4倍,1.06倍,ー%
20260813,3125,ＮＡＴＴＹ,7674,東G,,"2,597",+27,+1.05%,8,635倍,4.89倍,ー%
20260813,3126,旅工房,6548,東G,,109,-3,-2.68%,8,ー倍,2.91倍,ー%
20260813,3127,ゲームウィズ,6552,東S,,175,-2,-1.13%,8,ー倍,1.13倍,ー%
20260813,3128,トラースＯＰ,6696,東G,,309,+10,+3.34%,8,ー倍,4.86倍,ー%
20260813,3129,原田工業,6904,東S,,460,+8,+1.77%,8,16.2倍,0.64倍,2.17%
20260813,3130,マミヤＯＰ,7991,東S,,"1,068",+10,+0.95%,8,9.19倍,0.43倍,4.68%
20260813,3131,丸八証券,8700,東S,,"1,965",+4,+0.20%,8,ー倍,0.88倍,ー%
20260813,3132,ジェノバ,5570,東G,,612,-1,-0.16%,8,14.9倍,2.21倍,1.14%
20260813,3133,ＧＸホリ日Ｒ,2098,東Ｅ,,991,+2,+0.20%,8,ー倍,ー倍,ー%
20260813,3134,ｉＳ米総合債,2256,東Ｅ,,221.6,+0.6,+0.27%,8,ー倍,ー倍,ー%
20260813,3135,ハッチワーク,148A,東G,,"1,735",+28,+1.64%,8,15.4倍,3.09倍,ー%
20260813,3136,ｉＳ国債７,236A,東Ｅ,,439.0,+0.1,+0.02%,8,ー倍,ー倍,ー%
20260813,3137,ラクサス,288A,東G,,98,+2,+2.08%,8,16.8倍,0.81倍,ー%
20260813,3138,アルピコＨＤ,297A,東S,,214,-1,-0.47%,8,9.57倍,1.17倍,2.34%
20260813,3139,リップス,373A,東G,,"1,464",-8,-0.54%,8,7.75倍,0.95倍,ー%
20260813,3140,サンクゼール,2937,東G,,"1,759",+9,+0.51%,7,40.6倍,3.32倍,1.99%
20260813,3141,ココルポート,9346,東G,,"1,748",+30,+1.75%,7,10.1倍,1.95倍,4.92%
20260813,3142,南日銀,8554,福証,,"1,445",+8,+0.56%,7,8.07倍,0.30倍,3.46%
20260813,3143,Ｄサイクル,5888,東G,,"2,771",+13,+0.47%,7,7.60倍,1.17倍,2.63%
20260813,3144,ＧＸ優証隔月,2019,東Ｅ,,"1,012",-12,-1.17%,7,ー倍,ー倍,ー%
20260813,3145,ＳＯＬＩＺＥ,5871,東S,,"1,335",-15,-1.11%,7,23.9倍,0.64倍,4.12%
20260813,3146,純パラ信託,1543,東Ｅ,,"62,020",-720,-1.15%,7,ー倍,ー倍,ー%
20260813,3147,ＷＴプラチナ,1674,東Ｅ,,"25,345",-170,-0.67%,7,ー倍,ー倍,ー%
20260813,3148,富士ＰＳ,1848,東S,,689,-5,-0.72%,7,12.1倍,0.92倍,3.63%
20260813,3149,ＣＤＳ,2169,東S,,"1,713",0,0.00%,7,17.6倍,1.32倍,4.32%
20260813,3150,ウィル,3241,東S,,599,+2,+0.34%,7,7.73倍,1.20倍,3.92%
20260813,3151,バイク王,3377,東S,,391,+2,+0.51%,7,9.82倍,0.76倍,2.81%
20260813,3152,北紡,3409,東S,,96,+5,+5.49%,7,152倍,1.98倍,ー%
20260813,3153,イノベＨＤ,3484,東S,,"1,074",-9,-0.83%,7,14.2倍,3.90倍,3.17%
20260813,3154,マリオン,3494,東S,,444,-1,-0.22%,7,12.4倍,0.69倍,1.58%
20260813,3155,イチカワ,3513,東S,,"3,525",+60,+1.73%,7,16.5倍,0.59倍,2.84%
20260813,3156,日東網,3524,東S,,"1,494",+10,+0.67%,7,12.9倍,0.48倍,3.35%
20260813,3157,ジョルダン,3710,東S,,621,+3,+0.49%,7,9.90倍,0.64倍,1.61%
20260813,3158,ｉＳ日本国債,2561,東Ｅ,,"1,987",-5,-0.25%,7,ー倍,ー倍,ー%
20260813,3159,Ｃマネージ,4491,東S,,"3,245",+10,+0.31%,7,12.9倍,1.54倍,1.85%
20260813,3160,リビングＰＦ,7091,東G,,"1,205",-4,-0.33%,7,12.7倍,2.20倍,0.41%
20260813,3161,日本情報Ｃ,4054,東G,,574,+10,+1.77%,7,21.9倍,1.87倍,2.26%
20260813,3162,交換できる,7695,東G,,743,-13,-1.72%,7,22.2倍,2.71倍,ー%
20260813,3163,ファンペップ,4881,東G,,49,0,0.00%,7,ー倍,1.59倍,ー%
20260813,3164,シキノＨＴ,6614,東S,,867,-3,-0.34%,7,46.5倍,1.69倍,1.73%
20260813,3165,ＧＸクリ日株,2637,東Ｅ,,"2,859",+72,+2.58%,7,ー倍,ー倍,ー%
20260813,3166,シイエヌエス,4076,東G,,"1,941",+46,+2.43%,7,8.31倍,1.30倍,3.61%
20260813,3167,エコシステム,9249,東S,,"1,644",+8,+0.49%,7,24.9倍,2.32倍,1.09%
20260813,3168,野村米十債Ｈ,2648,東Ｅ,,"3,356",+1,+0.03%,7,ー倍,ー倍,ー%
20260813,3169,ハイマックス,4299,東S,,"1,212",+11,+0.92%,7,16.3倍,1.16倍,4.21%
20260813,3170,ブロメディア,4347,東S,,"1,668",+2,+0.12%,7,13.4倍,2.45倍,3.90%
20260813,3171,ＤＩシステム,4421,東S,,924,-13,-1.39%,7,10.5倍,1.62倍,3.03%
20260813,3172,ニイタカ,4465,東S,,"2,341",+15,+0.64%,7,10.6倍,0.83倍,3.59%
20260813,3173,わかもと,4512,東S,,270,0,0.00%,7,40.7倍,0.80倍,1.30%
20260813,3174,神東塗,4615,東S,,131,-1,-0.76%,7,22.3倍,0.34倍,ー%
20260813,3175,トスネット,4754,東S,,"1,523",-26,-1.68%,7,13.2倍,0.84倍,2.43%
20260813,3176,遠州トラック,9057,東S,,"3,210",-45,-1.38%,7,11.4倍,0.96倍,2.99%
20260813,3177,岡県運送,9063,東S,,"4,170",-35,-0.83%,7,7.48倍,0.31倍,1.68%
20260813,3178,名港海,9357,名M,,"2,444",-15,-0.61%,7,12.1倍,0.51倍,4.09%
20260813,3179,ロイヤルホ,9713,東S,,903,0,0.00%,7,17.3倍,0.78倍,0.66%
20260813,3180,大丸エナ,9818,東S,,"1,518",0,0.00%,7,13.0倍,0.72倍,1.91%
20260813,3181,アルテック,9972,東S,,276,+3,+1.10%,7,9.50倍,0.42倍,2.54%
20260813,3182,岩塚製菓,2221,東S,,"3,060",-10,-0.33%,7,24.2倍,0.53倍,1.05%
20260813,3183,ジェイテック,2479,東S,,240,0,0.00%,7,10.7倍,1.39倍,ー%
20260813,3184,ＭＸＪリコア,2517,東Ｅ,,"1,096.5",-4.0,-0.36%,7,ー倍,ー倍,ー%
20260813,3185,石光商事,2750,東S,,"1,289",+2,+0.16%,7,5.79倍,0.75倍,4.27%
20260813,3186,セイヒョー,2872,東S,,"1,998",+2,+0.10%,7,29.6倍,1.96倍,0.90%
20260813,3187,ジオリーブＧ,3157,東S,,"1,401",-29,-2.03%,7,7.92倍,0.74倍,3.93%
20260813,3188,昭和ＨＤ,5103,東S,,5,-1,-16.67%,7,ー倍,0.35倍,ー%
20260813,3189,美濃窯,5356,東S,,"1,297",+23,+1.81%,7,9.03倍,0.78倍,4.01%
20260813,3190,アルメタクス,5928,東S,,282,+1,+0.36%,7,23.7倍,0.32倍,2.84%
20260813,3191,リブセンス,6054,東S,,121,-2,-1.63%,7,ー倍,0.81倍,ー%
20260813,3192,アライドアキ,6081,東G,,161,-2,-1.23%,7,139倍,1.60倍,ー%
20260813,3193,富士精,6142,名M,,"1,695",-20,-1.17%,7,6.62倍,0.22倍,2.95%
20260813,3194,タメニー,6181,東G,,82,0,0.00%,7,11.5倍,3.17倍,ー%
20260813,3195,ＫＩＭＯＴＯ,7908,東S,,241,0,0.00%,7,13.2倍,0.55倍,2.90%
20260813,3196,野崎紙,7919,東S,,214,-1,-0.47%,7,5.67倍,0.72倍,3.60%
20260813,3197,菊水化,7953,東S,,398,+1,+0.25%,7,10.2倍,0.49倍,4.27%
20260813,3198,カノークス,8076,東S,,"2,089",-11,-0.52%,7,9.96倍,0.61倍,5.07%
20260813,3199,ｕｎｂａｎｋ,8746,東S,,97,+6,+6.59%,7,ー倍,0.58倍,ー%
20260813,3200,エイシアンＳ,8946,東S,,78,0,0.00%,7,17.4倍,0.99倍,ー%
20260813,3201,ＧＭＢ,7214,東S,,"1,134",-10,-0.87%,7,6.06倍,0.27倍,4.14%
20260813,3202,ヒマラヤ,7514,東S,,879,+2,+0.23%,7,33.6倍,0.68倍,2.96%
20260813,3203,幸和製,7807,東S,,882,+7,+0.80%,7,7.54倍,1.01倍,1.47%
20260813,3204,ニＳＰＥＷ無,426A,東Ｅ,,"1,259",+12,+0.96%,7,ー倍,ー倍,ー%
20260813,3205,ＳＳ米高配,451A,東Ｅ,,303.0,0,0.00%,7,ー倍,ー倍,ー%
20260813,3206,ニ日経２２５,473A,東Ｅ,,"1,372",+16,+1.18%,7,ー倍,ー倍,ー%
20260813,3207,辻本郷ＩＴＣ,476A,東S,,"1,615",+22,+1.38%,7,10.9倍,1.96倍,ー%
20260813,3208,ＴＯブックス,500A,東S,,"3,020",-45,-1.47%,7,8.17倍,1.46倍,2.52%
20260813,3209,ＭＸ米株ＡＩ,552A,東Ｅ,,"2,561",+61,+2.44%,7,ー倍,ー倍,ー%
20260813,3210,ハナツアーＪ,6561,東G,,836,+1,+0.12%,7,7.37倍,2.37倍,5.02%
20260813,3211,ベストワン,6577,東G,,"1,886",+2,+0.11%,7,11.6倍,2.68倍,1.38%
20260813,3212,ナガオカ,6239,東S,,"1,400",-21,-1.48%,6,8.83倍,1.22倍,2.50%
20260813,3213,ゲームカード,6249,東S,,"2,699",+29,+1.09%,6,15.8倍,0.63倍,3.71%
20260813,3214,ＫＶＫ,6484,東S,,"2,235",-16,-0.71%,6,8.16倍,0.58倍,3.80%
20260813,3215,ＷＡＳＨハウ,6537,東G,,306,+3,+0.99%,6,24.6倍,1.30倍,ー%
20260813,3216,ディスラプタ,6538,東S,,264,+2,+0.76%,6,8.95倍,2.01倍,1.89%
20260813,3217,ピクセラ,6731,東S,,108,+2,+1.89%,6,ー倍,1.77倍,ー%
20260813,3218,ＯＳＧコーポ,6757,東S,,887,+2,+0.23%,6,15.5倍,1.97倍,4.51%
20260813,3219,ＴＢグループ,6775,東S,,114,-2,-1.72%,6,170倍,3.57倍,ー%
20260813,3220,コイケヤ,2226,東S,,"4,840",+15,+0.31%,6,19.9倍,2.41倍,1.14%
20260813,3221,エプコ,2311,東S,,787,0,0.00%,6,14.5倍,1.50倍,4.45%
20260813,3222,ＶＬＣセキュ,2467,名N,,185,+3,+1.65%,6,12.8倍,4.42倍,ー%
20260813,3223,Ｙｓテーブル,2798,東S,,"3,055",0,0.00%,6,16.0倍,7.91倍,ー%
20260813,3224,太陽化,2902,名M,,"2,669",-56,-2.06%,6,9.31倍,0.81倍,3.78%
20260813,3225,きちりＨＤ,3082,東S,,965,+5,+0.52%,6,31.2倍,5.21倍,0.78%
20260813,3226,オーシャンシ,3096,東S,,"1,620",-4,-0.25%,6,9.98倍,1.23倍,1.23%
20260813,3227,ＯＣＨＩＨＤ,3166,東S,,"1,470",+2,+0.14%,6,14.6倍,0.77倍,3.74%
20260813,3228,ファンクリＧ,3266,東S,,79,0,0.00%,6,8.62倍,0.93倍,1.27%
20260813,3229,トラストＨＤ,3286,東S,,893,0,0.00%,6,17.3倍,7.63倍,2.02%
20260813,3230,テックファム,3625,東G,,637,-10,-1.55%,6,13.7倍,1.52倍,1.26%
20260813,3231,データＨＲ,3628,東G,,562,-14,-2.43%,6,27.4倍,48.9倍,ー%
20260813,3232,情報企画,3712,東S,,989,+5,+0.51%,6,13.6倍,2.00倍,2.43%
20260813,3233,キーウェア,3799,東S,,"1,177",+9,+0.77%,6,12.2倍,1.26倍,3.40%
20260813,3234,メディア工房,3815,東G,,455,0,0.00%,6,ー倍,8.52倍,ー%
20260813,3235,アトラスＴ,9563,東G,,322,+8,+2.55%,6,59.9倍,1.40倍,ー%
20260813,3236,日本ＳＢ,5530,名M,,"1,073",-8,-0.74%,6,7.54倍,0.91倍,4.19%
20260813,3237,ＷＴＯＫＹＯ,9159,東G,,"1,891",-4,-0.21%,6,14.8倍,2.55倍,ー%
20260813,3238,北海電工,1832,札証,,"1,418",-3,-0.21%,6,8.54倍,0.79倍,1.41%
20260813,3239,インバＰＦ,5587,東G,,912,+16,+1.79%,6,13.3倍,1.97倍,ー%
20260813,3240,ドリムアーツ,4811,東G,,833,-11,-1.30%,6,15.7倍,3.31倍,2.40%
20260813,3241,エスネット,5867,東G,,"1,224",+20,+1.66%,6,9.56倍,2.02倍,ー%
20260813,3242,ウェリタス,130A,東G,,430,+24,+5.91%,6,ー倍,2.00倍,ー%
20260813,3243,マスカットＧ,195A,東G,,677,+11,+1.65%,6,ー倍,2.66倍,ー%
20260813,3244,キッズスター,248A,東G,,816,-19,-2.28%,6,30.1倍,0.89倍,ー%
20260813,3245,Ｈｍｃｏｍｍ,265A,東G,,677,+2,+0.30%,6,124倍,1.62倍,ー%
20260813,3246,みのや,386A,東S,,"1,276",-1,-0.08%,6,13.3倍,1.18倍,2.35%
20260813,3247,フラー,387A,東G,,983,-67,-6.38%,6,10.7倍,1.40倍,ー%
20260813,3248,ｉシェア４百,1364,東Ｅ,,"3,868",+35,+0.91%,6,ー倍,ー倍,ー%
20260813,3249,ホーブ,1382,東S,,869,+7,+0.81%,6,36.8倍,0.96倍,5.75%
20260813,3250,野村素材化学,1620,東Ｅ,,"38,320",-80,-0.21%,6,ー倍,ー倍,ー%
20260813,3251,森組,1853,東S,,331,-2,-0.60%,6,13.9倍,0.71倍,4.23%
20260813,3252,名工建,1869,名M,,"1,913",+10,+0.53%,6,8.78倍,0.56倍,3.45%
20260813,3253,リニカル,2183,東S,,209,-1,-0.48%,6,26.2倍,1.19倍,3.83%
20260813,3254,新潟交,9017,東S,,"1,996",-24,-1.19%,6,12.8倍,0.37倍,0.50%
20260813,3255,東海汽,9173,東S,,"2,850",-1,-0.04%,6,39.1倍,1.34倍,ー%
20260813,3256,桜島埠,9353,東S,,"2,995",+75,+2.57%,6,17.6倍,0.51倍,1.80%
20260813,3257,スマバ,9417,東S,,366,+11,+3.10%,6,ー倍,2.57倍,2.73%
20260813,3258,ＫＳＫ,9687,東S,,"4,405",+5,+0.11%,6,11.6倍,1.49倍,4.31%
20260813,3259,進学会ＨＤ,9760,東S,,119,-1,-0.83%,6,66.1倍,0.27倍,ー%
20260813,3260,ＫＯＺＯＨＤ,9973,東S,,20,0,0.00%,6,111倍,10.8倍,ー%
20260813,3261,あさくま,7678,東S,,"3,085",+45,+1.48%,6,79.2倍,9.39倍,ー%
20260813,3262,浜木綿,7682,東S,,"3,905",0,0.00%,6,46.3倍,4.97倍,0.44%
20260813,3263,２４７ＨＤ,7074,東G,,192,-6,-3.03%,6,234倍,35.4倍,ー%
20260813,3264,スマイルＨＤ,7084,東G,,"2,760",+1,+0.04%,6,40.0倍,1.44倍,3.80%
20260813,3265,ジオコード,7357,東S,,"1,709",+3,+0.18%,6,44.7倍,4.39倍,1.46%
20260813,3266,バルミューダ,6612,東G,,627,-9,-1.42%,6,536倍,2.15倍,ー%
20260813,3267,かっこ,4166,東G,,637,-6,-0.93%,6,ー倍,2.85倍,ー%
20260813,3268,カイゼン,4170,東G,,119,+1,+0.85%,6,102倍,0.69倍,ー%
20260813,3269,ＨＣＨ,7361,東G,,"1,177",-9,-0.76%,6,8.40倍,2.38倍,3.82%
20260813,3270,ｉ－ｐｌｕｇ,4177,東G,,"1,523",-4,-0.26%,6,11.0倍,3.21倍,3.55%
20260813,3271,アイスコ,7698,東S,,"2,643",-21,-0.79%,6,21.3倍,2.47倍,0.79%
20260813,3272,アルマード,4932,東S,,723,+8,+1.12%,6,ー倍,3.70倍,ー%
20260813,3273,ＧＥＩ,9212,東G,,274,+3,+1.11%,6,21.3倍,1.63倍,ー%
20260813,3274,ＭＨＴ,9218,東G,,756,0,0.00%,6,27.8倍,5.98倍,1.32%
20260813,3275,モイ,5031,東G,,333,+5,+1.52%,6,ー倍,2.83倍,ー%
20260813,3276,トリプルアイ,5026,東G,,577,-7,-1.20%,6,ー倍,3.42倍,ー%
20260813,3277,ヤマイチ,2984,東S,,759,+5,+0.66%,6,5.65倍,0.48倍,4.08%
20260813,3278,ヌーラボ,5033,東G,,828,-5,-0.60%,6,10.9倍,2.67倍,ー%
20260813,3279,ＨＯＵＳＥＩ,5035,東G,,354,-5,-1.39%,6,13.9倍,0.80倍,0.85%
20260813,3280,ベネフィＪ,3934,東S,,"2,363",-9,-0.38%,6,12.3倍,1.62倍,4.10%
20260813,3281,古林紙,3944,東S,,"2,980",-70,-2.30%,6,13.4倍,0.32倍,1.68%
20260813,3282,竹本容器,4248,東S,,884,-4,-0.45%,6,11.9倍,0.85倍,4.30%
20260813,3283,アズジェント,4288,東S,,461,-7,-1.50%,6,35.2倍,3.48倍,ー%
20260813,3284,ＤＷセラピ研,4576,東G,,80,0,0.00%,6,ー倍,3.27倍,ー%
20260813,3285,昭和システム,4752,東S,,"1,598",+48,+3.10%,6,9.48倍,1.16倍,3.82%
20260813,3286,ＧＭＯテック,415A,東G,,"4,945",+100,+2.06%,6,17.6倍,2.03倍,5.59%
20260813,3287,ＢＲＡＮＵ,460A,東G,,960,-5,-0.52%,6,16.6倍,4.49倍,ー%
20260813,3288,ギミック,475A,東S,,595,-11,-1.82%,6,13.4倍,1.23倍,ー%
20260813,3289,野村政策,605A,東Ｅ,,203.8,+3.6,+1.80%,6,ー倍,ー倍,ー%
20260813,3290,ＯＵＧＨＤ,8041,東S,,"4,430",-5,-0.11%,6,7.47倍,0.58倍,3.88%
20260813,3291,ナラサキ,8085,東S,,"4,280",+30,+0.71%,6,8.57倍,0.72倍,3.27%
20260813,3292,クワザワＨＤ,8104,東S,,692,+4,+0.58%,6,8.90倍,0.60倍,4.34%
20260813,3293,テンアライド,8207,東S,,295,+1,+0.34%,6,246倍,10.0倍,ー%
20260813,3294,毎コムネット,8908,東S,,868,+7,+0.81%,6,7.82倍,1.06倍,4.49%
20260813,3295,ＢＰカストロ,5015,東S,,"1,004",+5,+0.50%,6,20.2倍,2.25倍,4.98%
20260813,3296,旭コン,5268,東S,,868,+12,+1.40%,6,24.4倍,0.89倍,1.96%
20260813,3297,パウダテック,5695,東S,,"3,000",-20,-0.66%,6,26.5倍,0.70倍,3.33%
20260813,3298,高田機,5923,東S,,"1,138",-15,-1.30%,6,30.3倍,0.32倍,4.39%
20260813,3299,赤阪鉄,6022,東S,,"2,631",-25,-0.94%,6,39.1倍,0.34倍,ー%
20260813,3300,アビスト,6087,東S,,"3,495",0,0.00%,6,23.6倍,1.95倍,2.92%
20260813,3301,ＨＭＴ,6090,東S,,604,+4,+0.67%,6,19.3倍,1.79倍,2.98%
20260813,3302,ＧＭＯメディ,6180,東G,,"3,820",+5,+0.13%,6,11.8倍,2.37倍,5.50%
20260813,3303,プロレド,7034,東P,,381,-3,-0.78%,6,ー倍,0.60倍,ー%
20260813,3304,テイン,7217,東S,,467,+13,+2.86%,6,13.2倍,0.66倍,3.85%
20260813,3305,デイトナ,7228,東S,,"3,990",-55,-1.36%,6,8.02倍,0.99倍,3.76%
20260813,3306,ウェッズ,7551,東S,,710,-8,-1.11%,6,10.5倍,0.64倍,3.10%
20260813,3307,安楽亭,7562,東S,,"3,790",+5,+0.13%,6,23.0倍,2.09倍,0.40%
20260813,3308,オーウエル,7670,東S,,"1,171",-4,-0.34%,6,6.21倍,0.49倍,4.70%
20260813,3309,寿屋,7809,東S,,"1,329",+1,+0.08%,6,21.5倍,1.32倍,3.39%
20260813,3310,アンファク,7035,東S,,259,+2,+0.78%,5,ー倍,3.44倍,ー%
20260813,3311,テノ．ＨＤ,7037,東S,,859,+10,+1.18%,5,13.5倍,2.05倍,1.16%
20260813,3312,ピアラ,7044,東S,,519,+7,+1.37%,5,17.1倍,5.80倍,ー%
20260813,3313,ピアズ,7066,東G,,460,-20,-4.17%,5,15.3倍,1.44倍,ー%
20260813,3314,ユニバンス,7254,東S,,810,0,0.00%,5,8.50倍,0.55倍,2.47%
20260813,3315,尾家産,7481,東S,,"2,545",+5,+0.20%,5,7.40倍,1.22倍,4.09%
20260813,3316,マルシェ,7524,東S,,180,+1,+0.56%,5,77.9倍,7.43倍,ー%
20260813,3317,アイナボＨＤ,7539,東S,,789,-3,-0.38%,5,11.5倍,0.67倍,3.30%
20260813,3318,うかい,7621,東S,,"3,395",-15,-0.44%,5,ー倍,3.90倍,0.44%
20260813,3319,光・彩,7878,東S,,"1,300",+13,+1.01%,5,7.48倍,1.11倍,2.31%
20260813,3320,ユナイト,4486,東G,,668,+2,+0.30%,5,10.9倍,2.30倍,2.40%
20260813,3321,関通ＨＤ,9326,東G,,499,+2,+0.40%,5,19.0倍,2.39倍,2.00%
20260813,3322,Ｋラーニング,7353,東G,,552,+1,+0.18%,5,11.5倍,2.66倍,ー%
20260813,3323,ＧＸバイ日株,2639,東Ｅ,,"1,758",-1,-0.06%,5,ー倍,ー倍,ー%
20260813,3324,ブルーミーム,4069,東G,,657,+6,+0.92%,5,26.4倍,0.87倍,ー%
20260813,3325,ＤＮＨＤ,7377,東S,,"1,684",-2,-0.12%,5,7.49倍,0.80倍,4.45%
20260813,3326,グローバルＳ,7126,東S,,"1,411",+7,+0.50%,5,9.00倍,1.46倍,3.33%
20260813,3327,ＣＩＮＣ,4378,東G,,493,+10,+2.07%,5,365倍,1.32倍,ー%
20260813,3328,ＹＣＰ,9257,東G,,527,+9,+1.74%,5,ー倍,ー倍,ー%
20260813,3329,コーセーＲＥ,3246,東S,,679,-1,-0.15%,5,15.7倍,0.66倍,3.53%
20260813,3330,フィルＣ,3267,東S,,644,+5,+0.78%,5,12.8倍,1.06倍,3.88%
20260813,3331,Ｕ＆Ｃ,3557,東G,,570,-2,-0.35%,5,"1,425倍",5.75倍,ー%
20260813,3332,モルフォ,3653,東G,,683,+3,+0.44%,5,ー倍,1.20倍,ー%
20260813,3333,テクノマセマ,3787,東S,,279,-12,-4.12%,5,23.3倍,0.41倍,ー%
20260813,3334,ネクスジェン,3842,東S,,"1,035",+11,+1.07%,5,11.4倍,1.28倍,2.90%
20260813,3335,プラコー,6347,東S,,255,0,0.00%,5,24.5倍,1.53倍,2.35%
20260813,3336,オーイズミ,6428,東S,,325,+1,+0.31%,5,12.2倍,0.39倍,3.69%
20260813,3337,ニチダイ,6467,東S,,339,+4,+1.19%,5,305倍,0.29倍,1.77%
20260813,3338,ハマイ,6497,東S,,"1,467",+12,+0.82%,5,10.0倍,0.57倍,3.07%
20260813,3339,コレックＨＤ,6578,東S,,494,-6,-1.20%,5,17.5倍,4.03倍,1.82%
20260813,3340,ＣＧＳＨＤ,6633,東S,,319,-2,-0.62%,5,14.2倍,0.92倍,3.13%
20260813,3341,ケル,6919,東S,,"1,441",+7,+0.49%,5,80.6倍,0.69倍,5.55%
20260813,3342,野村外国株Ｈ,2514,東Ｅ,,"2,074",+5,+0.24%,5,ー倍,ー倍,ー%
20260813,3343,上場リートＭ,2552,東Ｅ,,"1,945",0,0.00%,5,ー倍,ー倍,ー%
20260813,3344,セキュアヴェ,3042,東S,,297,-2,-0.67%,5,24.1倍,1.78倍,1.01%
20260813,3345,ジェーソン,3080,東S,,811,+1,+0.12%,5,69.3倍,1.78倍,1.60%
20260813,3346,ハピネス＆Ｄ,3174,東S,,401,0,0.00%,5,ー倍,4.02倍,ー%
20260813,3347,ありがとうＳ,3177,東S,,"4,210",+40,+0.96%,5,7.90倍,1.10倍,3.21%
20260813,3348,ヒガシＨＤ,9029,東S,,"1,975",+18,+0.92%,5,9.59倍,1.59倍,3.14%
20260813,3349,大和自,9082,東S,,"1,929",-71,-3.55%,5,87.8倍,0.90倍,0.52%
20260813,3350,ヤマシタＨＤ,9265,東S,,"3,570",ー,ー%,5,16.4倍,0.97倍,1.82%
20260813,3351,ファイズＨＤ,9325,東S,,"1,103",+21,+1.94%,5,8.48倍,2.52倍,3.45%
20260813,3352,東洋埠頭,9351,東S,,"1,846",+3,+0.16%,5,9.35倍,0.41倍,4.33%
20260813,3353,フォーバルＲ,9423,東S,,103,0,0.00%,5,20.0倍,3.61倍,2.91%
20260813,3354,ＭＨグループ,9439,東S,,226,+3,+1.35%,5,ー倍,7.18倍,ー%
20260813,3355,ウィルソンＷ,9610,東S,,107,+2,+1.90%,5,ー倍,1.55倍,ー%
20260813,3356,アゴーラＨＧ,9704,東S,,30,-1,-3.23%,5,31.9倍,1.43倍,ー%
20260813,3357,天満屋ス,9846,東S,,"1,005",-2,-0.20%,5,8.26倍,0.41倍,1.99%
20260813,3358,ヨンキュウ,9955,東S,,"2,822",-4,-0.14%,5,ー倍,0.84倍,ー%
20260813,3359,ＦＩＸＥＲ,5129,東G,,250,+3,+1.21%,5,ー倍,1.69倍,ー%
20260813,3360,スマサポ,9342,東G,,919,-22,-2.34%,5,14.3倍,3.41倍,ー%
20260813,3361,ＳＨＩＮＫＯ,7120,東S,,"1,052",+13,+1.25%,5,7.27倍,2.18倍,4.18%
20260813,3362,ノイル,4893,東G,,141,+1,+0.71%,5,ー倍,1.72倍,ー%
20260813,3363,ココリブ,137A,東G,,747,+23,+3.18%,5,17.4倍,2.08倍,ー%
20260813,3364,シンカ,149A,東G,,789,+16,+2.07%,5,ー倍,2.88倍,ー%
20260813,3365,ウィルスマ,175A,東G,,616,+16,+2.67%,5,33.2倍,-26倍,ー%
20260813,3366,ＧＸＡＩビグ,223A,東Ｅ,,"1,818",+15,+0.83%,5,ー倍,ー倍,ー%
20260813,3367,リスキル,291A,東G,,"1,815",-73,-3.87%,5,9.35倍,1.57倍,ー%
20260813,3368,ｉＳＳＴ２０,313A,東Ｅ,,266.2,+1.9,+0.72%,5,ー倍,ー倍,ー%
20260813,3369,タレントＸ,330A,東G,,485,+8,+1.68%,5,24.7倍,2.86倍,ー%
20260813,3370,ＭＸＳＰ等ウ,383A,東Ｅ,,"2,681",+4,+0.15%,5,ー倍,ー倍,ー%
20260813,3371,Ｈ株ブル,1572,東Ｅ,,"7,064",+4,+0.06%,5,ー倍,ー倍,ー%
20260813,3372,ｉＦ４百,1599,東Ｅ,,"38,450",+490,+1.29%,5,ー倍,ー倍,ー%
20260813,3373,日和産,2055,東S,,349,+4,+1.16%,5,21.1倍,0.33倍,1.72%
20260813,3374,フジ日本,2114,東S,,639,+5,+0.79%,5,13.1倍,1.18倍,2.97%
20260813,3375,日鋳造,5609,東S,,920,-16,-1.71%,5,9.24倍,0.38倍,3.26%
20260813,3376,エムケー精工,5906,東S,,745,+6,+0.81%,5,6.93倍,0.53倍,2.42%
20260813,3377,兼房,5984,東S,,755,-9,-1.18%,5,11.7倍,0.33倍,3.05%
20260813,3378,西部電機,6144,東S,,"3,100",+20,+0.65%,5,15.5倍,1.32倍,2.90%
20260813,3379,野村欧州株,486A,東Ｅ,,"2,300",+1,+0.04%,5,ー倍,ー倍,ー%
20260813,3380,ｉＦ除金高配,566A,東Ｅ,,"2,305",+4,+0.17%,5,ー倍,ー倍,ー%
20260813,3381,ｉＳ国債二十,573A,東Ｅ,,493.4,-1.5,-0.30%,5,ー倍,ー倍,ー%
20260813,3382,ＯｎｅＪ３０,611A,東Ｅ,,997.0,+0.9,+0.09%,5,ー倍,ー倍,ー%
20260813,3383,マイネット,3928,東S,,257,-3,-1.15%,5,8.61倍,1.77倍,ー%
20260813,3384,エルテス,3967,東G,,598,-2,-0.33%,5,37.0倍,2.09倍,ー%
20260813,3385,タカギセイコ,4242,東S,,"1,818",+18,+1.00%,5,8.23倍,0.39倍,3.30%
20260813,3386,ニックス,4243,東S,,979,-6,-0.61%,5,11.9倍,0.47倍,2.04%
20260813,3387,アトミクス,4625,東S,,786,-8,-1.01%,5,8.37倍,0.37倍,2.54%
20260813,3388,ナトコ,4627,東S,,"1,779",+17,+0.96%,5,13.5倍,0.53倍,3.04%
20260813,3389,ＫｅｙＨ,4712,東S,,776,+2,+0.26%,5,14.6倍,0.64倍,1.42%
20260813,3390,ガーラ,4777,東S,,203,0,0.00%,5,ー倍,14.1倍,ー%
20260813,3391,マツモト,7901,東S,,817,+17,+2.13%,5,19.3倍,0.93倍,ー%
20260813,3392,中央魚,8030,東S,,"3,630",+15,+0.41%,5,6.60倍,0.38倍,3.31%
20260813,3393,ヤマトインタ,8127,東S,,578,0,0.00%,5,58.9倍,0.68倍,2.42%
20260813,3394,はせがわ,8230,東S,,311,-5,-1.58%,5,10.1倍,0.45倍,4.82%
20260813,3395,アジア投資,8518,東S,,136,+2,+1.49%,5,ー倍,0.50倍,ー%
20260813,3396,レボリュー,8894,東S,,22,0,0.00%,5,ー倍,4.31倍,ー%
20260813,3397,リーガル,7938,東S,,"2,195",-1,-0.05%,4,ー倍,0.47倍,3.73%
20260813,3398,ミロク,7983,東S,,"1,068",+32,+3.09%,4,5.14倍,0.27倍,0.94%
20260813,3399,ナイス,8089,東S,,"1,955",+5,+0.26%,4,7.13倍,0.38倍,4.04%
20260813,3400,タカキュー,8166,東S,,78,+1,+1.30%,4,25.0倍,1.52倍,ー%
20260813,3401,タカチホ,8225,東S,,"3,520",-205,-5.50%,4,7.14倍,0.94倍,3.13%
20260813,3402,サンネクスタ,8945,東S,,"1,088",-2,-0.18%,4,27.5倍,1.27倍,4.04%
20260813,3403,ビジコーチ,9562,東G,,550,+1,+0.18%,4,466倍,1.78倍,3.09%
20260813,3404,アソインター,9340,東S,,711,+11,+1.57%,4,12.6倍,2.16倍,3.94%
20260813,3405,ＯＢシステム,5576,東S,,"2,920",-26,-0.88%,4,9.45倍,1.20倍,4.28%
20260813,3406,日本乾溜工,1771,福証,,931,-4,-0.43%,4,17.5倍,1.19倍,3.87%
20260813,3407,アメイズ,6076,福証,,"1,285",+8,+0.63%,4,7.83倍,0.99倍,2.72%
20260813,3408,宮崎太銀,8560,福証,,"2,472",+31,+1.27%,4,8.93倍,0.31倍,2.02%
20260813,3409,第一交通,9035,福証,,743,+4,+0.54%,4,11.1倍,0.56倍,3.36%
20260813,3410,ＧＸ印１０＋,188A,東Ｅ,,890,+4,+0.45%,4,ー倍,ー倍,ー%
20260813,3411,カドスＣ,211A,東S,,"3,350",0,0.00%,4,10.5倍,0.77倍,5.37%
20260813,3412,フォルシア,304A,東G,,"1,925",+5,+0.26%,4,8.62倍,1.17倍,ー%
20260813,3413,メディックス,331A,東S,,493,-10,-1.99%,4,8.32倍,1.14倍,3.85%
20260813,3414,ミライロ,335A,東G,,335,+3,+0.90%,4,61.6倍,3.97倍,ー%
20260813,3415,ジグザグ,340A,東G,,309,-1,-0.32%,4,17.5倍,1.74倍,ー%
20260813,3416,ロイブ,352A,東G,,540,-19,-3.40%,4,175倍,3.08倍,ー%
20260813,3417,ダイトウボウ,3202,東S,,128,0,0.00%,4,31.8倍,0.77倍,2.34%
20260813,3418,エストラスト,3280,東S,,924,+2,+0.22%,4,5.63倍,0.53倍,3.68%
20260813,3419,メディ一光Ｇ,3353,東S,,"2,877",+13,+0.45%,4,8.33倍,0.68倍,4.17%
20260813,3420,大木ヘルス,3417,東S,,"1,057",+10,+0.96%,4,ー倍,0.43倍,2.84%
20260813,3421,Ｆブラザーズ,3454,東S,,"1,261",-5,-0.39%,4,6.75倍,0.63倍,2.93%
20260813,3422,クラウディア,3607,東S,,365,+2,+0.55%,4,9.45倍,0.68倍,2.74%
20260813,3423,ｅｎｉｓｈ,3667,東S,,28,+1,+3.70%,4,ー倍,1.74倍,ー%
20260813,3424,オルトＰ,3672,東S,,26,0,0.00%,4,ー倍,1.79倍,ー%
20260813,3425,フォーシーズ,3726,東S,,410,+5,+1.23%,4,65.7倍,2.57倍,ー%
20260813,3426,インタートレ,3747,東S,,416,+8,+1.96%,4,38.3倍,2.53倍,ー%
20260813,3427,システムズＤ,3766,東S,,"1,424",-1,-0.07%,4,11.7倍,1.04倍,4.21%
20260813,3428,リスモン,3768,東S,,560,+10,+1.82%,4,17.6倍,0.73倍,2.95%
20260813,3429,いい生活,3796,東S,,293,+3,+1.03%,4,20.7倍,2.07倍,1.02%
20260813,3430,アイビーシー,3920,東S,,999,0,0.00%,4,12.9倍,2.32倍,2.20%
20260813,3431,アストマクス,7162,東S,,267,+3,+1.14%,4,ー倍,0.53倍,ー%
20260813,3432,エコーＴＤ,7427,東S,,838,+4,+0.48%,4,6.77倍,0.43倍,3.58%
20260813,3433,コナカ,7494,東S,,234,-1,-0.43%,4,4.99倍,0.45倍,4.27%
20260813,3434,梅の花Ｇ,7604,東S,,897,+7,+0.79%,4,28.6倍,3.80倍,1.11%
20260813,3435,田中商事,7619,東S,,968,+1,+0.10%,4,6.84倍,0.49倍,3.20%
20260813,3436,ハンズマン,7636,東S,,797,+2,+0.25%,4,9.97倍,0.58倍,3.76%
20260813,3437,ダイイチ,7643,東S,,"1,740",0,0.00%,4,16.3倍,1.10倍,2.30%
20260813,3438,クレステック,7812,東S,,"2,149",-7,-0.32%,4,6.17倍,0.67倍,4.84%
20260813,3439,アールシー,7837,東S,,350,+17,+5.11%,4,2.85倍,1.03倍,ー%
20260813,3440,エステール,7872,東S,,607,0,0.00%,4,14.8倍,0.57倍,4.45%
20260813,3441,ジェイック,7073,東G,,"2,270",+21,+0.93%,4,16.9倍,2.19倍,2.42%
20260813,3442,グッドパッチ,7351,東G,,440,+6,+1.38%,4,9.40倍,0.88倍,2.27%
20260813,3443,ニューラルＧ,4056,東G,,214,+3,+1.42%,4,ー倍,2.44倍,ー%
20260813,3444,ミット,4016,東S,,940,-1,-0.11%,4,11.0倍,2.61倍,3.19%
20260813,3445,Ｔ．Ｓ．Ｉ,7362,東G,,859,-9,-1.04%,4,10.7倍,0.93倍,1.75%
20260813,3446,Ｅｎｊｉｎ,7370,東G,,707,-2,-0.28%,4,24.4倍,1.08倍,5.66%
20260813,3447,ベイシス,4068,東G,,"1,707",-19,-1.10%,4,24.5倍,1.47倍,ー%
20260813,3448,ランドネット,2991,東S,,561,-3,-0.53%,4,5.08倍,1.07倍,1.98%
20260813,3449,ＭＣＰｓ,4360,東S,,883,+5,+0.57%,4,ー倍,0.62倍,1.70%
20260813,3450,のむら産業,7131,東S,,"3,585",-40,-1.10%,4,8.65倍,1.82倍,2.68%
20260813,3451,ニフティＬＳ,4262,東G,,"1,349",+9,+0.67%,4,10.3倍,1.40倍,4.74%
20260813,3452,ペットゴー,7140,東G,,801,-2,-0.25%,4,21.7倍,1.83倍,ー%
20260813,3453,栗林船,9171,東S,,"1,552",-37,-2.33%,4,10.9倍,0.55倍,1.93%
20260813,3454,クロップス,9428,東S,,"1,489",+34,+2.34%,4,7.59倍,1.05倍,2.15%
20260813,3455,東洋テク,9686,東S,,"1,652",+16,+0.98%,4,13.9倍,0.75倍,4.30%
20260813,3456,共同紙,9849,東S,,"4,520",+10,+0.22%,4,47.0倍,0.78倍,1.11%
20260813,3457,ベリテ,9904,東S,,240,0,0.00%,4,15.6倍,1.54倍,2.50%
20260813,3458,蔵王産業,9986,東S,,"2,500",+10,+0.40%,4,18.1倍,1.05倍,4.00%
20260813,3459,ゼネラルパ,6267,東S,,"3,950",-60,-1.50%,4,8.63倍,0.87倍,3.04%
20260813,3460,太平製,6342,東S,,"3,070",-5,-0.16%,4,8.95倍,0.54倍,3.26%
20260813,3461,東自機,6360,東S,,"4,795",0,0.00%,4,14.6倍,0.65倍,2.09%
20260813,3462,日宣,6543,東S,,"1,200",0,0.00%,4,14.2倍,1.17倍,2.75%
20260813,3463,ＣＲＡＶＩＡ,6573,東G,,26,+1,+4.00%,4,ー倍,3.74倍,ー%
20260813,3464,不二電機,6654,東S,,"1,099",-4,-0.36%,4,25.5倍,0.55倍,2.91%
20260813,3465,アクモス,6888,東S,,487,+3,+0.62%,4,11.3倍,1.41倍,5.13%
20260813,3466,ケア２１,2373,東S,,405,0,0.00%,4,109倍,1.31倍,4.20%
20260813,3467,ヒューマン,2415,東S,,"1,613",-7,-0.43%,4,6.83倍,0.87倍,4.40%
20260813,3468,オルアバウト,2454,東S,,343,-2,-0.58%,4,ー倍,1.39倍,ー%
20260813,3469,アオバＢＢＴ,2464,東S,,346,+8,+2.37%,4,11.2倍,0.95倍,3.18%
20260813,3470,ユニカフェ,2597,東S,,"1,168",-2,-0.17%,4,30.1倍,2.18倍,ー%
20260813,3471,久世,2708,東S,,"2,005",-7,-0.35%,4,6.63倍,0.96倍,2.24%
20260813,3472,ＪＨＤ,2721,東S,,119,0,0.00%,4,ー倍,11.5倍,ー%
20260813,3473,ヴィレッジＶ,2769,東S,,900,+3,+0.33%,4,"1,169倍",8.42倍,ー%
20260813,3474,佐藤食品,2814,東S,,"3,170",0,0.00%,4,30.9倍,0.55倍,1.58%
20260813,3475,大冷,2883,東S,,"2,003",-1,-0.05%,4,22.4倍,1.38倍,3.00%
20260813,3476,あじかん,2907,東S,,"1,518",+12,+0.80%,4,9.88倍,0.62倍,3.82%
20260813,3477,三洋堂ＨＤ,3058,東S,,705,+4,+0.57%,4,34.2倍,1.61倍,0.14%
20260813,3478,エイトレッド,3969,東S,,"1,410",-8,-0.56%,4,13.5倍,1.89倍,2.55%
20260813,3479,ビーブレイク,3986,東S,,488,-9,-1.81%,4,21.2倍,1.25倍,3.28%
20260813,3480,サインポスト,3996,東S,,194,-1,-0.51%,4,27.9倍,1.31倍,2.58%
20260813,3481,スガイ,4120,東S,,"2,900",+8,+0.28%,4,ー倍,0.43倍,3.10%
20260813,3482,Ｊストリーム,4308,東G,,355,0,0.00%,4,16.5倍,0.84倍,3.94%
20260813,3483,ビーマップ,4316,東G,,86,-1,-1.15%,4,ー倍,1.09倍,ー%
20260813,3484,ＩＰＳＨＤ,4335,東S,,"1,097",+7,+0.64%,4,9.44倍,1.41倍,3.46%
20260813,3485,エクスＭ,4394,東G,,550,+4,+0.73%,4,25.0倍,1.99倍,2.27%
20260813,3486,東名,4439,東S,,769,+6,+0.79%,4,8.95倍,2.07倍,1.69%
20260813,3487,仁丹,4524,東S,,"2,238",-3,-0.13%,4,17.3倍,0.71倍,2.90%
20260813,3488,川上塗,4616,東S,,"2,064",-25,-1.20%,4,11.3倍,0.58倍,2.18%
20260813,3489,ＸＮＥＴ,4762,東S,,"1,990",+74,+3.86%,4,18.5倍,2.54倍,3.52%
20260813,3490,ネクスウェア,4814,東S,,161,0,0.00%,4,68.2倍,2.69倍,ー%
20260813,3491,相模ゴ,5194,東S,,637,-7,-1.09%,4,115倍,0.58倍,1.57%
20260813,3492,ノザワ,5237,東S,,"1,206",+6,+0.50%,4,9.21倍,0.66倍,3.57%
20260813,3493,ダントーＨＤ,5337,東S,,828,-1,-0.12%,4,ー倍,3.37倍,ー%
20260813,3494,Ａ＆ＡＭ,5391,東S,,"1,500",+18,+1.21%,4,6.91倍,0.49倍,4.67%
20260813,3495,洋シヤタ,5936,東S,,888,-1,-0.11%,4,7.03倍,0.56倍,4.84%
20260813,3496,阪神燃,6018,東S,,"5,920",ー,ー%,4,26.3倍,1.23倍,1.54%
20260813,3497,リンクバル,6046,東S,,138,+2,+1.47%,4,"2,760倍",3.17倍,ー%
20260813,3498,エスティック,6161,東S,,"1,081",+19,+1.79%,4,8.84倍,0.95倍,2.87%
20260813,3499,ベルグアース,1383,東S,,"3,020",+22,+0.73%,4,89.5倍,2.31倍,0.33%
20260813,3500,キャンディル,1446,東S,,545,-1,-0.18%,4,25.4倍,1.64倍,1.83%
20260813,3501,タナケン,1450,東S,,"1,452",+1,+0.07%,4,9.02倍,1.37倍,3.79%
20260813,3502,上場新興国債,1566,東Ｅ,,"53,860",+40,+0.07%,4,ー倍,ー倍,ー%
20260813,3503,野村運輸物流,1628,東Ｅ,,"21,265",+55,+0.26%,4,ー倍,ー倍,ー%
20260813,3504,ｉＳ先進国株,1657,東Ｅ,,"7,406",+16,+0.22%,4,ー倍,ー倍,ー%
20260813,3505,上場ＭＳコク,1680,東Ｅ,,"8,490",+37,+0.44%,4,ー倍,ー倍,ー%
20260813,3506,上場ＭＳエマ,1681,東Ｅ,,"3,391",+55,+1.65%,4,ー倍,ー倍,ー%
20260813,3507,ＷＴアグリ,1687,東Ｅ,,"1,055.0",+6.0,+0.57%,4,ー倍,ー倍,ー%
20260813,3508,工藤建設,1764,東S,,"2,700",+8,+0.30%,4,11.0倍,0.57倍,4.70%
20260813,3509,ソネック,1768,東S,,"1,021",0,0.00%,4,9.06倍,0.73倍,4.90%
20260813,3510,大本組,1793,東S,,"2,044",+34,+1.69%,4,19.3倍,0.76倍,3.62%
20260813,3511,高田工,1966,東S,,"1,707",+6,+0.35%,4,13.7倍,0.58倍,4.10%
20260813,3512,ＮＹダウブル,2040,東EN,,"40,460",-100,-0.25%,4,ー倍,ー倍,ー%
20260813,3513,シイエムシイ,2185,東S,,"1,915",+15,+0.79%,4,11.3倍,1.07倍,2.98%
20260813,3514,一パン,2215,東S,,624,+1,+0.16%,4,24.0倍,0.49倍,ー%
20260813,3515,フィットクル,469A,東G,,"1,524",+32,+2.14%,4,11.1倍,1.90倍,ー%
20260813,3516,防衛航空欧州,498A,東EN,,"10,110",+50,+0.50%,4,ー倍,ー倍,ー%
20260813,3517,ベーシック,519A,東G,,500,+2,+0.40%,4,8.84倍,1.97倍,ー%
20260813,3518,ソフトテック,550A,東S,,"2,160",+57,+2.71%,4,9.38倍,1.25倍,3.47%
20260813,3519,ｉＦ米＄ブル,516A,東Ｅ,,"2,061",ー,ー%,3,ー倍,ー倍,ー%
20260813,3520,ｉＳプラチナ,569A,東Ｅ,,174.2,-2.2,-1.25%,3,ー倍,ー倍,ー%
20260813,3521,日本バリュー,585A,東Ｅ,,"1,100",0,0.00%,3,ー倍,ー倍,ー%
20260813,3522,カワタ,6292,東S,,852,-8,-0.93%,3,15.7倍,0.45倍,4.46%
20260813,3523,サンセイ,6307,東S,,476,+3,+0.63%,3,9.25倍,0.72倍,3.15%
20260813,3524,油研工,6393,東S,,"3,045",+10,+0.33%,3,10.8倍,0.45倍,4.93%
20260813,3525,みらいＷＫＳ,6563,東G,,505,+4,+0.80%,3,7.34倍,1.72倍,ー%
20260813,3526,ログリー,6579,東G,,356,-8,-2.20%,3,ー倍,3.26倍,ー%
20260813,3527,天昇電,6776,東S,,276,+3,+1.10%,3,7.83倍,0.42倍,1.81%
20260813,3528,ＯＫＡＹＡ,6926,東S,,186,+1,+0.54%,3,ー倍,0.69倍,ー%
20260813,3529,夢展望,3185,東G,,149,0,0.00%,3,ー倍,145倍,ー%
20260813,3530,白鳩,3192,東S,,295,-3,-1.01%,3,140倍,0.80倍,ー%
20260813,3531,トーア紡,3204,東S,,495,0,0.00%,3,8.31倍,0.30倍,3.03%
20260813,3532,ＳＬＤ,3223,東S,,911,-1,-0.11%,3,13.8倍,-5.1倍,ー%
20260813,3533,東和フード,3329,東S,,"2,117",-7,-0.33%,3,30.0倍,2.20倍,0.94%
20260813,3534,関門海,3372,東S,,219,0,0.00%,3,25.0倍,2.27倍,ー%
20260813,3535,ＺＯＡ,3375,東S,,"1,778",+18,+1.02%,3,6.59倍,0.71倍,4.22%
20260813,3536,エスイー,3423,東S,,273,0,0.00%,3,51.9倍,0.82倍,4.40%
20260813,3537,アトムリビン,3426,東S,,"1,285",-4,-0.31%,3,12.5倍,0.48倍,2.57%
20260813,3538,テルマー湯,3521,東S,,155,-1,-0.64%,3,22.8倍,0.85倍,3.23%
20260813,3539,ソトー,3571,東S,,711,+1,+0.14%,3,ー倍,0.57倍,5.63%
20260813,3540,テクミラ,3627,東S,,265,0,0.00%,3,21.3倍,0.53倍,1.89%
20260813,3541,メディカルＮ,3645,東G,,244,0,0.00%,3,15.5倍,1.13倍,1.23%
20260813,3542,ＷＨＤＣ,3823,東S,,31,+1,+3.33%,3,ー倍,3.02倍,ー%
20260813,3543,パス,3840,東S,,55,-1,-1.79%,3,ー倍,2.53倍,ー%
20260813,3544,旭化学,7928,東S,,646,+4,+0.62%,3,39.3倍,0.35倍,1.55%
20260813,3545,セーラー,7992,東S,,102,0,0.00%,3,ー倍,3.04倍,ー%
20260813,3546,ユアサフナ,8006,東S,,"1,578",-1,-0.06%,3,11.2倍,0.63倍,2.09%
20260813,3547,ツカモト,8025,東S,,"1,329",0,0.00%,3,35.8倍,0.31倍,2.26%
20260813,3548,キムラタン,8107,東S,,31,0,0.00%,3,344倍,5.32倍,ー%
20260813,3549,光世,8617,東S,,571,-2,-0.35%,3,ー倍,0.32倍,ー%
20260813,3550,ＡＭＧＨＤ,8891,東S,,"2,062",0,0.00%,3,6.72倍,0.47倍,3.88%
20260813,3551,ランビジネス,8944,東S,,245,+3,+1.24%,3,9.44倍,0.27倍,2.45%
20260813,3552,フーディソン,7114,東G,,810,+5,+0.62%,3,20.1倍,1.53倍,ー%
20260813,3553,コーチエィ,9339,東S,,"1,416",-2,-0.14%,3,27.0倍,1.07倍,1.41%
20260813,3554,フリーダム,8996,東S,,"1,097",0,0.00%,3,6.23倍,1.06倍,5.01%
20260813,3555,ＧＸＵＳ配当,2236,東Ｅ,,"1,515",0,0.00%,3,ー倍,ー倍,ー%
20260813,3556,アクシスＣ,9344,東G,,954,+11,+1.17%,3,19.8倍,1.50倍,3.67%
20260813,3557,エキサイト,5571,東S,,980,0,0.00%,3,13.5倍,1.32倍,3.34%
20260813,3558,ｉＦＳＰ有,2248,東Ｅ,,"2,792",+10,+0.36%,3,ー倍,ー倍,ー%
20260813,3559,ブリッジＧ,9225,東G,,985,+16,+1.65%,3,23.1倍,1.64倍,ー%
20260813,3560,ＱＬＳＨＤ,7075,東G,,850,-1,-0.12%,3,8.77倍,2.80倍,1.29%
20260813,3561,筑邦銀,8398,福証,,"2,123",+23,+1.10%,3,8.02倍,0.32倍,2.83%
20260813,3562,ＭＸ高配日ア,2085,東Ｅ,,773.7,-4.4,-0.57%,3,ー倍,ー倍,ー%
20260813,3563,ＳＭＤ高配当,2011,東Ｅ,,856.6,+5.1,+0.60%,3,ー倍,ー倍,ー%
20260813,3564,ＧＸ超長米債,180A,東Ｅ,,285.0,-0.5,-0.18%,3,ー倍,ー倍,ー%
20260813,3565,ハンモック,173A,東G,,"1,470",-38,-2.52%,3,10.6倍,1.93倍,3.06%
20260813,3566,ファベル,220A,東S,,969,+12,+1.25%,3,12.7倍,1.11倍,3.10%
20260813,3567,オプロ,228A,東G,,"1,594",-15,-0.93%,3,12.1倍,2.60倍,ー%
20260813,3568,クロスＥ,231A,福Ｑ,,"1,059",-16,-1.49%,3,12.3倍,0.89倍,5.19%
20260813,3569,グロースｘＰ,244A,東G,,"1,183",+20,+1.72%,3,14.6倍,1.07倍,ー%
20260813,3570,ＩＮＧＳ,245A,東G,,"2,491",+16,+0.65%,3,18.6倍,2.77倍,ー%
20260813,3571,ｖｉｓｕｍｏ,303A,東G,,634,+16,+2.59%,3,61.9倍,1.89倍,ー%
20260813,3572,パパネッツ,9388,福Ｑ,,920,+6,+0.66%,3,8.32倍,1.62倍,2.72%
20260813,3573,ＧＸ価格日株,328A,東Ｅ,,"1,384",-5,-0.36%,3,ー倍,ー倍,ー%
20260813,3574,ＶＰＪ,334A,東G,,916,-9,-0.97%,3,14.9倍,2.29倍,ー%
20260813,3575,東部ネット,9036,東S,,"1,328",-15,-1.12%,3,28.1倍,0.35倍,1.51%
20260813,3576,日ロジテム,9060,東S,,"4,200",0,0.00%,3,8.12倍,0.34倍,1.90%
20260813,3577,神姫バ,9083,東S,,"1,981",-3,-0.15%,3,10.9倍,0.45倍,2.27%
20260813,3578,ユーラシア,9376,東S,,807,+1,+0.12%,3,ー倍,1.85倍,6.20%
20260813,3579,昭文社ＨＤ,9475,東S,,534,+23,+4.50%,3,26.6倍,0.68倍,0.94%
20260813,3580,きんえい,9636,東S,,"4,180",+10,+0.24%,3,77.7倍,4.23倍,0.24%
20260813,3581,ジュンテン,9835,東S,,513,+1,+0.20%,3,27.7倍,0.32倍,1.95%
20260813,3582,ソレキア,9867,東S,,"10,500",+120,+1.16%,3,6.53倍,0.70倍,0.67%
20260813,3583,北恵,9872,東S,,962,-2,-0.21%,3,16.0倍,0.63倍,2.91%
20260813,3584,ハチバン,9950,東S,,"3,425",+5,+0.15%,3,108倍,2.60倍,0.58%
20260813,3585,ＭＲＫＨＬＤ,9980,東S,,97,-1,-1.02%,3,6.81倍,0.58倍,1.03%
20260813,3586,ヤマザワ,9993,東S,,"1,189",-1,-0.08%,3,27.2倍,0.45倍,2.27%
20260813,3587,インフォネ,4444,東G,,961,+9,+0.95%,3,32.6倍,2.16倍,ー%
20260813,3588,Ｂ＆Ｐ,7804,東S,,"2,301",+7,+0.31%,3,10.6倍,1.39倍,3.78%
20260813,3589,ソフィア,6942,東S,,"1,375",+4,+0.29%,3,911倍,2.13倍,ー%
20260813,3590,アルー,7043,東G,,947,0,0.00%,3,9.79倍,1.57倍,1.16%
20260813,3591,あんしん保証,7183,東S,,254,0,0.00%,3,ー倍,1.76倍,ー%
20260813,3592,ＨＫＳ,7219,東S,,"2,650",-10,-0.38%,3,7.50倍,0.34倍,2.45%
20260813,3593,ＭＵＲＯ,7264,東S,,"1,333",+12,+0.91%,3,6.65倍,0.35倍,3.53%
20260813,3594,村上開明,7292,東S,,"6,590",+20,+0.30%,3,12.9倍,0.80倍,3.64%
20260813,3595,中山福,7442,東S,,487,-1,-0.20%,3,15.4倍,0.40倍,2.46%
20260813,3596,ハリマ共和,7444,東S,,"1,991",+6,+0.30%,3,8.72倍,0.41倍,3.01%
20260813,3597,鳥羽洋行,7472,東S,,"3,805",0,0.00%,3,12.0倍,0.68倍,3.15%
20260813,3598,ムラキ,7477,東S,,"1,471",+11,+0.75%,3,ー倍,0.76倍,ー%
20260813,3599,プラザＨＤ,7502,東S,,"1,662",0,0.00%,3,18.7倍,2.19倍,1.50%
20260813,3600,大水,7538,東S,,388,+3,+0.78%,3,7.31倍,0.37倍,1.80%
20260813,3601,ニチリョク,7578,東S,,65,0,0.00%,3,9.83倍,0.41倍,ー%
20260813,3602,クボテック,7709,東S,,41,0,0.00%,3,ー倍,-40倍,ー%
20260813,3603,大研医器,7775,東S,,426,0,0.00%,3,20.7倍,1.61倍,4.69%
20260813,3604,クロスフォー,7810,東S,,146,-1,-0.68%,3,71.2倍,1.35倍,0.43%
20260813,3605,プラッツ,7813,東S,,810,-10,-1.22%,3,11.9倍,0.81倍,2.59%
20260813,3606,アイフィス,7833,東S,,639,0,0.00%,3,10.8倍,1.03倍,4.69%
20260813,3607,アビックス,7836,東S,,81,-1,-1.22%,3,16.4倍,1.44倍,ー%
20260813,3608,福島印刷,7870,名M,,407,0,0.00%,3,41.3倍,0.41倍,2.46%
20260813,3609,南プラ,7887,東S,,"1,556",+4,+0.26%,3,5.04倍,0.28倍,2.57%
20260813,3610,パワーソリュ,4450,東G,,"2,168",-2,-0.09%,3,31.3倍,1.86倍,1.20%
20260813,3611,名南Ｍ＆Ａ,7076,名M,,"1,035",+2,+0.19%,3,24.0倍,1.98倍,0.84%
20260813,3612,ビザスク,4490,東G,,672,-3,-0.44%,3,8.32倍,3.16倍,ー%
20260813,3613,レッティ,7356,東G,,122,+2,+1.67%,3,14.7倍,5.32倍,ー%
20260813,3614,表示灯,7368,東S,,"1,700",+3,+0.18%,3,9.91倍,0.95倍,3.82%
20260813,3615,ｉＦＥＧＢＡ,2629,東Ｅ,,"3,728",+25,+0.68%,3,ー倍,ー倍,ー%
20260813,3616,ワンプラ,4199,東G,,776,-5,-0.64%,3,ー倍,6.53倍,ー%
20260813,3617,ステムセル研,7096,東G,,739,0,0.00%,3,70.9倍,2.74倍,ー%
20260813,3618,デリバリコン,9240,東G,,402,+2,+0.50%,3,15.0倍,1.56倍,ー%
20260813,3619,ＦＬネット,9241,東G,,"1,515",+5,+0.33%,3,45.4倍,6.64倍,ー%
20260813,3620,モビルス,4370,東G,,300,-3,-0.99%,3,ー倍,1.33倍,ー%
20260813,3621,デジタリフト,9244,東G,,"1,288",+1,+0.08%,3,16.6倍,2.37倍,ー%
20260813,3622,イメージＭ,7793,東G,,"1,405",+5,+0.36%,3,7.83倍,1.82倍,2.49%
20260813,3623,ギックス,9219,東G,,879,+4,+0.46%,3,ー倍,2.93倍,6.09%
20260813,3624,セカンドＸ,5028,東G,,381,-7,-1.80%,3,22.2倍,3.08倍,ー%
20260813,3625,ｉＳ米債３Ｈ,2856,東Ｅ,,649.1,+0.5,+0.08%,3,ー倍,ー倍,ー%
20260813,3626,エアクロ,9557,東G,,193,0,0.00%,3,ー倍,5.67倍,ー%
20260813,3627,野村欧州株Ｈ,2859,東Ｅ,,"3,294",+8,+0.24%,3,ー倍,ー倍,ー%
20260813,3628,野村独株Ｈ有,2860,東Ｅ,,"3,314",+2,+0.06%,3,ー倍,ー倍,ー%
20260813,3629,エムビーエス,1401,東G,,"1,303",-23,-1.73%,3,ー倍,2.33倍,ー%
20260813,3630,ＷＴ穀物,1688,東Ｅ,,573.5,+12.9,+2.30%,3,ー倍,ー倍,ー%
20260813,3631,美樹工業,1718,東S,,"6,810",-20,-0.29%,3,6.65倍,0.42倍,4.41%
20260813,3632,藤田エンジ,1770,東S,,"2,100",-9,-0.43%,3,9.65倍,0.87倍,3.24%
20260813,3633,南海辰村,1850,東S,,418,-1,-0.24%,3,7.14倍,0.60倍,1.91%
20260813,3634,ヒップ,2136,東S,,"1,408",+3,+0.21%,3,12.9倍,1.37倍,5.04%
20260813,3635,ｎｍｓ,2162,東S,,536,0,0.00%,3,18.7倍,2.00倍,1.68%
20260813,3636,地域新聞社,2164,東S,,152,-1,-0.65%,3,ー倍,2.60倍,ー%
20260813,3637,ソーバル,2186,東S,,920,+1,+0.11%,3,17.2倍,1.61倍,3.59%
20260813,3638,Ｖゴルフ,3931,東G,,"1,481",-4,-0.27%,3,24.3倍,2.58倍,1.69%
20260813,3639,ビーグリー,3981,東S,,"1,234",-3,-0.24%,3,9.57倍,0.88倍,3.65%
20260813,3640,ＳＹＳＨＤ,3988,東S,,566,+7,+1.25%,3,9.92倍,1.48倍,1.41%
20260813,3641,ウォンテッド,3991,東G,,922,+8,+0.88%,3,5.69倍,1.44倍,2.17%
20260813,3642,大阪油化,4124,東S,,"2,820",0,0.00%,3,20.8倍,1.83倍,1.99%
20260813,3643,川口化,4361,東S,,"1,533",-7,-0.45%,3,7.78倍,0.57倍,3.91%
20260813,3644,クリップ,4705,東S,,799,+18,+2.30%,3,37.4倍,0.64倍,5.01%
20260813,3645,ＡＬＰＨＡ,4760,東S,,"1,719",+3,+0.17%,3,10.6倍,1.00倍,4.07%
20260813,3646,コモ,2224,東S,,"3,700",0,0.00%,3,62.7倍,5.85倍,0.19%
20260813,3647,滝沢ハム,2293,東S,,"2,732",-34,-1.23%,3,70.1倍,1.73倍,0.73%
20260813,3648,プラネット,2391,東S,,"1,179",+3,+0.26%,3,18.8倍,1.45倍,3.73%
20260813,3649,農中東証指数,2524,東Ｅ,,"4,284",-2,-0.05%,3,ー倍,ー倍,ー%
20260813,3650,株主還元７０,2529,東Ｅ,,"2,379",+6,+0.25%,3,ー倍,ー倍,ー%
20260813,3651,かどや製油,2612,東S,,"1,747",+1,+0.06%,3,23.5倍,1.30倍,2.69%
20260813,3652,フェスタリア,2736,東S,,668,-2,-0.30%,3,15.0倍,1.43倍,1.05%
20260813,3653,旭松食品,2911,東S,,"2,278",+1,+0.04%,3,26.9倍,0.48倍,1.54%
20260813,3654,大森屋,2917,東S,,935,-7,-0.74%,3,23.7倍,0.40倍,ー%
20260813,3655,バナーズ,3011,東S,,144,-1,-0.69%,3,9.03倍,0.81倍,3.47%
20260813,3656,アプライド,3020,東S,,"4,230",+5,+0.12%,3,5.32倍,0.82倍,2.36%
20260813,3657,カワサキ,3045,東S,,"1,500",+19,+1.28%,3,11.5倍,0.54倍,3.33%
20260813,3658,ヒラキ,3059,東S,,711,-1,-0.14%,3,34.6倍,0.58倍,2.81%
20260813,3659,Ｔアルファ,3089,東S,,"1,044",+4,+0.38%,3,ー倍,0.80倍,3.35%
20260813,3660,ファンデリー,3137,東S,,207,+1,+0.49%,3,21.0倍,9.75倍,ー%
20260813,3661,ティーライフ,3172,東S,,"1,128",-3,-0.27%,3,25.6倍,0.75倍,2.66%
20260813,3662,メディシノバ,4875,東S,,211,+1,+0.48%,3,ー倍,ー倍,ー%
20260813,3663,アイビー,4918,東S,,309,+1,+0.32%,3,8.83倍,1.18倍,4.85%
20260813,3664,昭和化,4990,東S,,499,+2,+0.40%,3,ー倍,0.57倍,1.20%
20260813,3665,新東,5380,東S,,"1,130",+64,+6.00%,3,26.7倍,0.25倍,3.32%
20260813,3666,クニミネ,5388,東S,,"1,269",+1,+0.08%,3,11.5倍,0.69倍,3.15%
20260813,3667,北越メ,5446,東S,,"1,072",-2,-0.19%,3,ー倍,0.22倍,ー%
20260813,3668,虹技,5603,東S,,"1,311",+1,+0.08%,3,10.8倍,0.27倍,3.05%
20260813,3669,パワーファス,5950,東S,,150,+2,+1.35%,3,29.5倍,0.93倍,1.67%
20260813,3670,ＴＯＮＥ,5967,東S,,487,-1,-0.20%,3,10.0倍,0.87倍,2.67%
20260813,3671,中国工,5974,東S,,858,+8,+0.94%,3,10.4倍,0.46倍,2.68%
20260813,3672,ＪＳＳ,6074,東S,,517,-7,-1.34%,3,7.18倍,0.65倍,4.06%
20260813,3673,ハーバー研,4925,東S,,"1,754",-1,-0.06%,2,14.1倍,0.70倍,2.28%
20260813,3674,日本興業,5279,東S,,"1,185",+2,+0.17%,2,8.46倍,0.41倍,3.80%
20260813,3675,ニッコー,5343,名M,,185,-1,-0.54%,2,ー倍,1.92倍,ー%
20260813,3676,ルツボ,5355,東S,,679,+4,+0.59%,2,10.0倍,0.73倍,2.95%
20260813,3677,ＮＩＣ,5742,東S,,738,0,0.00%,2,30.7倍,1.24倍,5.56%
20260813,3678,川岸工,5921,東S,,"4,245",-10,-0.24%,2,10.6倍,0.39倍,4.00%
20260813,3679,那須鉄,5922,東S,,"19,600",+40,+0.20%,2,13.1倍,0.67倍,2.30%
20260813,3680,中西製,5941,東S,,"2,692",+27,+1.01%,2,8.37倍,0.79倍,3.71%
20260813,3681,天竜製鋸,5945,東S,,"2,436",0,0.00%,2,32.5倍,0.55倍,3.41%
20260813,3682,アマテイ,5952,東S,,183,0,0.00%,2,16.1倍,1.40倍,2.73%
20260813,3683,トーソー,5956,東S,,571,-2,-0.35%,2,9.03倍,0.32倍,2.28%
20260813,3684,トーアミ,5973,東S,,616,+1,+0.16%,2,11.7倍,0.31倍,2.92%
20260813,3685,イード,6038,東G,,831,+1,+0.12%,2,12.0倍,0.81倍,2.77%
20260813,3686,ニッキ,6042,東S,,"3,980",+30,+0.76%,2,9.94倍,0.53倍,3.02%
20260813,3687,イトクロ,6049,東G,,244,+1,+0.41%,2,16.0倍,0.53倍,ー%
20260813,3688,ウチヤマＨＤ,6059,東S,,360,-1,-0.28%,2,23.9倍,0.46倍,2.78%
20260813,3689,ＳＭＮ,6185,東S,,371,+4,+1.09%,2,10.9倍,1.26倍,ー%
20260813,3690,フェニクスＢ,6190,東G,,352,+4,+1.15%,2,18.9倍,0.93倍,ー%
20260813,3691,エンシュウ,6218,東S,,639,+8,+1.27%,2,16.1倍,0.38倍,1.88%
20260813,3692,サンコー,6964,東S,,699,+5,+0.72%,2,11.1倍,0.38倍,2.86%
20260813,3693,ニッチツ,7021,東S,,"2,147",+8,+0.37%,2,35.2倍,0.33倍,1.40%
20260813,3694,ＥＭネットＪ,7036,東G,,650,+10,+1.56%,2,18.5倍,2.98倍,ー%
20260813,3695,アクセスＨＤ,7042,東S,,704,0,0.00%,2,13.1倍,1.67倍,3.13%
20260813,3696,近畿車,7122,東S,,"2,318",-12,-0.52%,2,16.0倍,0.45倍,2.16%
20260813,3697,田中精密,7218,東S,,"1,090",+1,+0.09%,2,4.51倍,0.35倍,3.12%
20260813,3698,フジオーゼ,7299,東S,,"1,845",+6,+0.33%,2,10.7倍,0.56倍,2.93%
20260813,3699,東北化学,7446,東S,,"4,330",-30,-0.69%,2,7.65倍,0.44倍,2.42%
20260813,3700,セフテック,7464,東S,,"1,525",-21,-1.36%,2,18.5倍,0.37倍,3.93%
20260813,3701,日新商,7490,東S,,"2,188",ー,ー%,2,ー倍,0.55倍,ー%
20260813,3702,ＰＬＡＮＴ,7646,東S,,"1,823",0,0.00%,2,11.4倍,0.80倍,5.21%
20260813,3703,ウイルコＨＤ,7831,東S,,66,-1,-1.49%,2,34.2倍,0.54倍,3.03%
20260813,3704,フクビ,7871,東S,,"1,005",-3,-0.30%,2,10.2倍,0.48倍,3.08%
20260813,3705,ヤマトモビＭ,7886,東S,,703,-14,-1.95%,2,68.2倍,2.17倍,ー%
20260813,3706,ＩＣＤＡ,3184,東S,,"4,135",-65,-1.55%,2,6.45倍,0.72倍,1.69%
20260813,3707,ＡＮＡＰＨＤ,3189,東S,,105,-1,-0.94%,2,ー倍,0.64倍,ー%
20260813,3708,ホットマン,3190,東S,,577,-9,-1.54%,2,11.0倍,0.52倍,1.91%
20260813,3709,Ｇオイスター,3224,東G,,693,-6,-0.86%,2,109倍,2.42倍,1.44%
20260813,3710,エスポア,3260,名N,,750,-12,-1.57%,2,ー倍,201倍,ー%
20260813,3711,グラン,3261,東G,,398,-2,-0.50%,2,20.4倍,0.62倍,3.77%
20260813,3712,フライングＧ,3317,東S,,"1,486",+18,+1.23%,2,12.3倍,1.16倍,1.14%
20260813,3713,ヒロタＧＨＤ,3346,名N,,82,+1,+1.23%,2,14.5倍,5.83倍,ー%
20260813,3714,バッファロー,3352,東S,,"1,756",-14,-0.79%,2,8.48倍,0.63倍,3.99%
20260813,3715,フェリシモ,3396,東S,,872,+3,+0.35%,2,20.8倍,0.32倍,2.87%
20260813,3716,ケーエフシー,3420,東S,,"1,616",-8,-0.49%,2,11.0倍,0.54倍,4.33%
20260813,3717,アルファＣｏ,3434,東S,,"1,234",+6,+0.49%,2,11.9倍,0.31倍,4.13%
20260813,3718,パルマ,3461,東S,,597,-2,-0.33%,2,19.2倍,1.66倍,2.18%
20260813,3719,デュアルＴ,3469,東S,,900,-1,-0.11%,2,77.3倍,1.53倍,1.39%
20260813,3720,フォーライフ,3477,東G,,884,-14,-1.56%,2,5.44倍,0.80倍,3.68%
20260813,3721,アクサスＨＤ,3536,東S,,130,0,0.00%,2,15.8倍,1.60倍,1.54%
20260813,3722,昭栄薬品,3537,東S,,"1,728",-13,-0.75%,2,13.5倍,0.61倍,2.37%
20260813,3723,ＡＴＡＯ,3550,東G,,216,-2,-0.92%,2,13.6倍,1.16倍,2.31%
20260813,3724,東海染,3577,東S,,930,-4,-0.43%,2,11.7倍,0.35倍,2.69%
20260813,3725,山喜,3598,東S,,163,0,0.00%,2,25.7倍,0.69倍,ー%
20260813,3726,ネットイヤー,3622,東S,,492,0,0.00%,2,14.2倍,1.29倍,1.42%
20260813,3727,ボルテージ,3639,東S,,222,-2,-0.89%,2,ー倍,0.64倍,ー%
20260813,3728,駅探,3646,東S,,333,+1,+0.30%,2,ー倍,1.36倍,2.40%
20260813,3729,ホットリンク,3680,東G,,209,-4,-1.88%,2,36.0倍,0.82倍,2.97%
20260813,3730,イルグルム,3690,東S,,543,0,0.00%,2,12.7倍,1.83倍,1.47%
20260813,3731,ＡＤＲバイオ,3750,東S,,791,-1,-0.13%,2,353倍,322倍,ー%
20260813,3732,Ｊエスコム,3779,東S,,131,-1,-0.76%,2,ー倍,3.05倍,ー%
20260813,3733,ジーダット,3841,東S,,"1,315",-5,-0.38%,2,24.1倍,1.39倍,3.04%
20260813,3734,データアプリ,3848,東S,,830,-3,-0.36%,2,29.7倍,1.16倍,4.22%
20260813,3735,コラボス,3908,東S,,349,+6,+1.75%,2,32.5倍,1.21倍,1.72%
20260813,3736,ＭＸ高配５０,461A,東Ｅ,,"2,612",+1,+0.04%,2,ー倍,ー倍,ー%
20260813,3737,ＳＳ米株,449A,東Ｅ,,841.0,+3.4,+0.41%,2,ー倍,ー倍,ー%
20260813,3738,ＪＰＸ１００,526A,東Ｅ,,"2,200",+36,+1.66%,2,ー倍,ー倍,ー%
20260813,3739,ｉＳ円社債,515A,東Ｅ,,500.6,-1.1,-0.22%,2,ー倍,ー倍,ー%
20260813,3740,ＧＸＣカバコ,576A,東Ｅ,,"1,000",+3,+0.30%,2,ー倍,ー倍,ー%
20260813,3741,ＧＸ純銀,577A,東Ｅ,,253.7,-1.8,-0.70%,2,ー倍,ー倍,ー%
20260813,3742,タクミナ,6322,東S,,"1,581",0,0.00%,2,8.86倍,0.97倍,3.42%
20260813,3743,ユビテック,6662,東S,,221,-1,-0.45%,2,ー倍,2.14倍,ー%
20260813,3744,コスモス,6772,東S,,"1,099",+34,+3.19%,2,23.8倍,0.97倍,4.55%
20260813,3745,名古屋電機,6797,東S,,"1,180",+10,+0.85%,2,24.9倍,0.59倍,4.24%
20260813,3746,中央製,6846,名M,,"1,400",-66,-4.50%,2,8.01倍,0.41倍,3.93%
20260813,3747,東亜ＤＫＫ,6848,東S,,863,-1,-0.12%,2,18.5倍,0.72倍,2.55%
20260813,3748,カンダ,9059,東S,,905,-4,-0.44%,2,7.59倍,0.68倍,2.87%
20260813,3749,京極運,9073,東S,,"1,295",+23,+1.81%,2,33.5倍,0.79倍,0.93%
20260813,3750,日石輸,9074,東S,,"5,100",0,0.00%,2,ー倍,0.58倍,2.35%
20260813,3751,ＳＦＪ,9206,東S,,"1,915",+1,+0.05%,2,24.5倍,-3.3倍,ー%
20260813,3752,杉村倉,9307,東S,,981,-4,-0.41%,2,18.7倍,0.90倍,1.53%
20260813,3753,ＳＥＨＩ,9478,東S,,528,+2,+0.38%,2,16.0倍,0.67倍,0.76%
20260813,3754,ストライダズ,9816,東S,,246,+2,+0.82%,2,14.9倍,0.79倍,2.03%
20260813,3755,ジェネックス,9820,東S,,"3,760",-30,-0.79%,2,9.50倍,0.90倍,1.06%
20260813,3756,銀座ルノア,9853,東S,,906,-1,-0.11%,2,13.3倍,1.71倍,0.55%
20260813,3757,コックス,9876,東S,,220,-2,-0.90%,2,5.63倍,0.58倍,ー%
20260813,3758,セキド,9878,東S,,418,+4,+0.97%,2,674倍,-12倍,ー%
20260813,3759,アシードＨＤ,9959,東S,,"1,114",-4,-0.36%,2,13.8倍,1.69倍,2.15%
20260813,3760,サトー商会,9996,東S,,"2,249",+23,+1.03%,2,15.4倍,0.69倍,2.13%
20260813,3761,リビンＴ,4445,東G,,"1,860",-2,-0.11%,2,34.0倍,2.98倍,ー%
20260813,3762,東証リート,2555,東Ｅ,,"1,868.0",-5.0,-0.27%,2,ー倍,ー倍,ー%
20260813,3763,ウッドワン,7898,東S,,903,+4,+0.44%,2,21.0倍,0.19倍,2.66%
20260813,3764,ソノコム,7902,東S,,"1,085",+5,+0.46%,2,22.1倍,0.41倍,1.20%
20260813,3765,リヒトラブ,7975,東S,,"1,115",-6,-0.54%,2,18.9倍,0.34倍,2.24%
20260813,3766,日本ＩＳＫ,7986,東S,,"1,891",+10,+0.53%,2,6.44倍,0.60倍,1.59%
20260813,3767,くろ工,7997,東S,,"1,053",+13,+1.25%,2,19.5倍,0.37倍,3.80%
20260813,3768,ムーンバット,8115,東S,,"1,314",-6,-0.45%,2,9.87倍,0.96倍,4.11%
20260813,3769,ゼット,8135,東S,,437,+1,+0.23%,2,10.3倍,0.56倍,4.12%
20260813,3770,東天紅,8181,東S,,"1,000",-10,-0.99%,2,5.64倍,0.34倍,1.50%
20260813,3771,マルイチ,8228,名M,,"1,117",0,0.00%,2,12.3倍,0.86倍,2.51%
20260813,3772,井筒屋,8260,東S,,377,+3,+0.80%,2,8.38倍,0.34倍,1.86%
20260813,3773,小林洋行,8742,東S,,559,-1,-0.18%,2,ー倍,0.65倍,ー%
20260813,3774,センチュ２１,8898,東S,,"1,135",+6,+0.53%,2,14.0倍,1.70倍,4.67%
20260813,3775,グラッドＣ,9561,東G,,416,-2,-0.48%,2,70.2倍,4.64倍,ー%
20260813,3776,ポーターズ,5126,東G,,"1,497",-43,-2.79%,2,11.5倍,1.65倍,ー%
20260813,3777,ＰＢシステム,4447,東G,,477,-3,-0.63%,2,16.9倍,2.66倍,4.72%
20260813,3778,キューブ,7112,東G,,706,-14,-1.94%,2,65.5倍,1.08倍,ー%
20260813,3779,リンカーズ,5131,東G,,116,-1,-0.85%,2,ー倍,2.41倍,ー%
20260813,3780,ＰＯＰＥＲ,5134,東G,,476,-2,-0.42%,2,33.5倍,2.08倍,ー%
20260813,3781,アップコン,5075,名N,,"1,025",0,0.00%,2,20.4倍,2.26倍,ー%
20260813,3782,ＧＬＯＥ,9565,東G,,685,+2,+0.29%,2,ー倍,3.83倍,ー%
20260813,3783,ＢＴＭ,5247,東G,,547,+9,+1.67%,2,23.4倍,2.13倍,ー%
20260813,3784,ＧＭＯプラ,5250,東S,,"1,033",+2,+0.19%,2,ー倍,2.60倍,1.97%
20260813,3785,ＭＸダウへ有,2242,東Ｅ,,692.0,+0.7,+0.10%,2,ー倍,ー倍,ー%
20260813,3786,ヒガシマル,2058,福証,,986,-19,-1.89%,2,29.4倍,0.87倍,1.22%
20260813,3787,揚羽,9330,東G,,870,-1,-0.11%,2,ー倍,1.43倍,ー%
20260813,3788,ｉＳＩＧ社債,2257,東Ｅ,,222.7,+0.4,+0.18%,2,ー倍,ー倍,ー%
20260813,3789,ロココ,5868,東S,,"1,013",-5,-0.49%,2,9.24倍,1.31倍,3.95%
20260813,3790,ＡＩセレクト,162A,東EN,,"17,820",+100,+0.56%,2,ー倍,ー倍,ー%
20260813,3791,コージンＢ,177A,東G,,888,-9,-1.00%,2,41.3倍,0.76倍,1.13%
20260813,3792,学びエイド,184A,東G,,329,-8,-2.37%,2,13.5倍,2.10倍,ー%
20260813,3793,ＤＭカンパニ,189A,東G,,979,+7,+0.72%,2,9.18倍,0.97倍,2.04%
20260813,3794,ケイ・ウノ,259A,名N,,"1,720",-20,-1.15%,2,23.3倍,1.43倍,ー%
20260813,3795,ＳＢＩサウジ,273A,東Ｅ,,"9,880",+50,+0.51%,2,ー倍,ー倍,ー%
20260813,3796,フライヤー,323A,東G,,361,-2,-0.55%,2,21.3倍,4.03倍,ー%
20260813,3797,ＡＩＧＨＤ,377A,名M,,"1,119",+9,+0.81%,2,40.3倍,1.58倍,ー%
20260813,3798,福留ハ,2291,東S,,516,-7,-1.34%,2,12.3倍,0.70倍,ー%
20260813,3799,アルバイトＴ,2341,東S,,165,0,0.00%,2,21.7倍,1.06倍,3.03%
20260813,3800,ＡＳＪ,2351,東S,,319,+8,+2.57%,2,24.9倍,0.85倍,0.94%
20260813,3801,ウェッジＨＤ,2388,東G,,36,-1,-2.70%,2,ー倍,0.59倍,ー%
20260813,3802,ＫＧ情報,2408,東S,,840,-10,-1.18%,2,12.6倍,1.01倍,4.40%
20260813,3803,ゲンダイ,2411,東S,,462,+1,+0.22%,2,9.78倍,1.32倍,5.41%
20260813,3804,イーサポート,2493,東S,,940,-3,-0.32%,2,28.9倍,1.12倍,0.53%
20260813,3805,野村外国債Ｈ,2512,東Ｅ,,730.7,+0.6,+0.08%,2,ー倍,ー倍,ー%
20260813,3806,野村新興国債,2519,東Ｅ,,"1,201.0",+2.0,+0.17%,2,ー倍,ー倍,ー%
20260813,3807,アスモ,2654,東S,,416,+3,+0.73%,2,14.3倍,0.81倍,2.40%
20260813,3808,魚喜,2683,東S,,"1,011",+2,+0.20%,2,85.0倍,2.83倍,0.99%
20260813,3809,ＣＶＳベイ,2687,東S,,507,0,0.00%,2,10.2倍,0.79倍,3.94%
20260813,3810,北雄ラッキー,2747,東S,,"3,140",-30,-0.95%,2,20.9倍,0.69倍,1.59%
20260813,3811,カルラ,2789,東S,,475,-3,-0.63%,2,17.8倍,1.26倍,1.05%
20260813,3812,和弘食品,2813,東S,,"3,945",+30,+0.77%,2,8.72倍,0.95倍,2.79%
20260813,3813,ダイショー,2816,東S,,"1,413",+2,+0.14%,2,32.5倍,1.37倍,1.42%
20260813,3814,ピエトロ,2818,東S,,"1,755",0,0.00%,2,ー倍,2.01倍,1.37%
20260813,3815,デルソーレ,2876,東S,,490,-2,-0.41%,2,10.9倍,0.70倍,2.45%
20260813,3816,石井食,2894,東S,,345,+3,+0.88%,2,82.1倍,1.46倍,1.16%
20260813,3817,ライフフーズ,3065,東S,,"1,618",-1,-0.06%,2,68.7倍,2.88倍,0.31%
20260813,3818,ＤＶｘ,3079,東S,,945,-5,-0.53%,2,ー倍,1.19倍,ー%
20260813,3819,オーミケンシ,3111,東S,,179,-4,-2.19%,2,6.71倍,2.71倍,ー%
20260813,3820,富士山ＭＳ,3138,東S,,"1,130",+9,+0.80%,2,311倍,1.62倍,1.42%
20260813,3821,オーウイル,3143,東S,,695,-5,-0.71%,2,9.00倍,1.02倍,3.17%
20260813,3822,大光,3160,東S,,579,0,0.00%,2,20.7倍,1.32倍,2.59%
20260813,3823,ミサワ,3169,東S,,666,+1,+0.15%,2,27.5倍,1.50倍,1.20%
20260813,3824,岐阜造園,1438,東S,,"2,180",+37,+1.73%,2,15.1倍,1.56倍,1.83%
20260813,3825,Ｊ４百ベア２,1469,東Ｅ,,177.7,-3.2,-1.77%,2,ー倍,ー倍,ー%
20260813,3826,川崎設備,1777,名M,,"2,350",+17,+0.73%,2,8.16倍,1.71倍,4.04%
20260813,3827,マサル,1795,東S,,"5,450",0,0.00%,2,17.1倍,0.90倍,2.02%
20260813,3828,佐藤渡辺,1807,東S,,"1,876",ー,ー%,2,12.7倍,0.52倍,4.26%
20260813,3829,土屋ＨＤ,1840,東S,,248,-1,-0.40%,2,24.6倍,0.53倍,4.03%
20260813,3830,協和日成,1981,東S,,"1,320",+5,+0.38%,2,10.6倍,0.68倍,3.94%
20260813,3831,ハンセンブル,2031,東EN,,"7,997",+24,+0.30%,2,ー倍,ー倍,ー%
20260813,3832,ハンセンベア,2032,東EN,,"6,080",+1,+0.02%,2,ー倍,ー倍,ー%
20260813,3833,ＮＹダウベア,2041,東EN,,"1,925",+8,+0.42%,2,ー倍,ー倍,ー%
20260813,3834,米国配当貴族,2044,東EN,,"35,560",-80,-0.22%,2,ー倍,ー倍,ー%
20260813,3835,ランサーズ,4484,東G,,294,+2,+0.68%,2,18.7倍,3.36倍,1.02%
20260813,3836,スペースマ,4487,東G,,235,+2,+0.86%,2,ー倍,2.91倍,ー%
20260813,3837,ひとまいる,7686,東S,,430,+3,+0.70%,2,19.3倍,2.52倍,4.65%
20260813,3838,ＷＤＢココ,7079,東G,,"2,587",+6,+0.23%,2,9.15倍,1.33倍,3.87%
20260813,3839,リグア,7090,東G,,817,+11,+1.36%,2,109倍,7.79倍,ー%
20260813,3840,ミクリード,7687,東G,,425,-1,-0.23%,2,9.41倍,1.69倍,2.14%
20260813,3841,ゼネテック,4492,東S,,392,+5,+1.29%,2,12.4倍,1.77倍,3.19%
20260813,3842,Ｐアンチエイ,4934,東G,,598,-2,-0.33%,2,17.4倍,0.73倍,ー%
20260813,3843,クリーマ,4017,東G,,212,0,0.00%,2,46.1倍,1.25倍,ー%
20260813,3844,Ｈｉクラテス,4172,東S,,"2,297",+35,+1.55%,2,11.4倍,1.16倍,3.83%
20260813,3845,ＳＡＮＥＩ,6230,東S,,"2,132",+19,+0.90%,2,7.62倍,0.64倍,3.52%
20260813,3846,イーロジット,9327,東S,,189,-5,-2.58%,2,378倍,1.48倍,ー%
20260813,3847,セルム,7367,東S,,336,0,0.00%,2,11.9倍,2.55倍,4.61%
20260813,3848,ＡＩＰＦ,7345,東G,,955,+9,+0.95%,2,ー倍,4.40倍,ー%
20260813,3849,メディア総研,9242,東G,,"1,865",+19,+1.03%,2,9.42倍,1.30倍,1.34%
20260813,3850,プロＨＤ,9246,東G,,"1,115",+16,+1.46%,2,17.4倍,2.57倍,ー%
20260813,3851,くふうカンパ,4376,東G,,160,-1,-0.62%,2,ー倍,1.17倍,ー%
20260813,3852,ＲＩ,9214,東G,,"1,267",-15,-1.17%,2,11.0倍,2.21倍,ー%
20260813,3853,ＧＸインフ日,2847,東Ｅ,,"3,082",+6,+0.20%,2,ー倍,ー倍,ー%
20260813,3854,ＧＸ日カバコ,2858,東Ｅ,,"1,559",+15,+0.97%,2,ー倍,ー倍,ー%
20260813,3855,上場仏債ヘ無,2861,東Ｅ,,"5,648",+2,+0.04%,2,ー倍,ー倍,ー%
20260813,3856,ファインズ,5125,東G,,485,+7,+1.46%,2,26.8倍,1.00倍,ー%
20260813,3857,チエル,3933,東S,,504,-2,-0.40%,2,9.41倍,1.12倍,4.56%
20260813,3858,大村紙業,3953,東S,,806,-3,-0.37%,2,9.83倍,0.56倍,3.72%
20260813,3859,すららネット,3998,東G,,293,-6,-2.01%,2,ー倍,0.85倍,ー%
20260813,3860,ポバール興業,4247,東S,,"1,355",-35,-2.52%,2,11.6倍,0.59倍,3.10%
20260813,3861,シノプス,4428,東G,,717,-8,-1.10%,2,16.3倍,2.37倍,2.37%
20260813,3862,Ｗｅｌｂｙ,4438,東G,,259,+3,+1.17%,2,ー倍,39.0倍,ー%
20260813,3863,オリジナル設,4642,東S,,"1,419",+1,+0.07%,2,14.2倍,1.00倍,2.82%
20260813,3864,トーセ,4728,東S,,653,+2,+0.31%,2,6.26倍,0.80倍,3.83%
20260813,3865,日本ラッド,4736,東S,,588,+9,+1.55%,2,18.8倍,0.89倍,1.70%
20260813,3866,さくらＫＣＳ,4761,東S,,"1,431",+9,+0.63%,2,12.9倍,0.77倍,4.33%
20260813,3867,光ビジネス,3948,東S,,"1,155",-5,-0.43%,1,18.3倍,0.65倍,4.33%
20260813,3868,昭和パックス,3954,東S,,"3,170",0,0.00%,1,10.3倍,0.50倍,1.58%
20260813,3869,イムラ,3955,東S,,850,+1,+0.12%,1,18.5倍,0.48倍,3.53%
20260813,3870,ＳＣＡＴ,3974,東S,,671,-2,-0.30%,1,16.8倍,1.01倍,2.09%
20260813,3871,テモナ,3985,東S,,181,+1,+0.56%,1,47.3倍,2.77倍,ー%
20260813,3872,丸尾カル,4102,東S,,"1,442",-2,-0.14%,1,20.7倍,0.30倍,2.08%
20260813,3873,ユークス,4334,東S,,387,+2,+0.52%,1,11.6倍,1.30倍,2.58%
20260813,3874,西菱電機,4341,東S,,870,-17,-1.92%,1,14.0倍,0.55倍,5.17%
20260813,3875,Ｍマート,4380,東G,,645,0,0.00%,1,13.8倍,2.96倍,4.03%
20260813,3876,リックソフト,4429,東G,,720,+3,+0.42%,1,20.3倍,0.95倍,ー%
20260813,3877,ＧＤＨ,4437,東G,,801,0,0.00%,1,8.92倍,1.68倍,0.62%
20260813,3878,中京医薬,4558,東S,,200,0,0.00%,1,25.2倍,0.81倍,2.50%
20260813,3879,イサム,4624,東S,,"3,770",-10,-0.26%,1,8.26倍,0.39倍,1.33%
20260813,3880,市進ＨＤ,4645,東S,,432,+1,+0.23%,1,9.93倍,1.55倍,2.31%
20260813,3881,ＳＤエンター,4650,東S,,272,-2,-0.73%,1,16.2倍,1.35倍,ー%
20260813,3882,秀英,4678,東S,,322,-1,-0.31%,1,4.80倍,0.51倍,3.11%
20260813,3883,キタック,4707,東S,,325,-5,-1.52%,1,10.7倍,0.49倍,2.15%
20260813,3884,城南進研,4720,東S,,241,0,0.00%,1,23.0倍,1.67倍,2.07%
20260813,3885,京進,4735,東S,,301,0,0.00%,1,11.6倍,0.63倍,2.59%
20260813,3886,ダイサン,4750,東S,,567,-2,-0.35%,1,28.0倍,0.64倍,3.88%
20260813,3887,ピーエイ,4766,東S,,191,-1,-0.52%,1,20.5倍,4.57倍,2.72%
20260813,3888,ＩＮＥＳＴ,7111,東S,,480,+2,+0.42%,1,11.7倍,0.68倍,ー%
20260813,3889,リベース,5138,東G,,443,+24,+5.73%,1,39.6倍,1.72倍,ー%
20260813,3890,ノバシステム,5257,東S,,"2,745",+25,+0.92%,1,8.63倍,1.57倍,3.83%
20260813,3891,ビズメイツ,9345,東G,,622,-4,-0.64%,1,10.2倍,1.09倍,2.41%
20260813,3892,ブリーチ,9162,東G,,230,0,0.00%,1,ー倍,0.63倍,ー%
20260813,3893,日糧パン,2218,札証,,"2,152",-3,-0.14%,1,37.5倍,0.81倍,0.70%
20260813,3894,大英産業,2974,福証,,908,+1,+0.11%,1,6.49倍,0.36倍,2.64%
20260813,3895,日グランデ,2976,札Ａ,,679,ー,ー%,1,22.8倍,0.46倍,ー%
20260813,3896,ＮＴＬ,3849,札Ａ,,617,-7,-1.12%,1,7.65倍,0.78倍,ー%
20260813,3897,ＢワンＨＤ,4827,福Ｑ,,888,+8,+0.91%,1,3.88倍,0.52倍,1.46%
20260813,3898,豊和銀,8559,福証,,487,+6,+1.25%,1,6.92倍,0.53倍,2.05%
20260813,3899,政策保有解消,2081,東Ｅ,,"2,199",+30,+1.38%,1,ー倍,ー倍,ー%
20260813,3900,笹徳印刷,3958,東S,,551,0,0.00%,1,10.7倍,0.31倍,3.63%
20260813,3901,キャスター,9331,東G,,743,-10,-1.33%,1,ー倍,2.09倍,ー%
20260813,3902,ＲＥＩＴイン,2094,東Ｅ,,779,+3,+0.39%,1,ー倍,ー倍,ー%
20260813,3903,成友興業,9170,名M,,"1,735",+10,+0.58%,1,22.3倍,2.49倍,0.81%
20260813,3904,ＧＸＵＳ配ヘ,2095,東Ｅ,,"1,192",-6,-0.50%,1,ー倍,ー倍,ー%
20260813,3905,雨風太陽,5616,東G,,624,+4,+0.65%,1,50.4倍,4.62倍,ー%
20260813,3906,ｉＦ米債７無,2015,東Ｅ,,"2,157",+4,+0.19%,1,ー倍,ー倍,ー%
20260813,3907,光フードＳ,138A,東G,,"3,015",+15,+0.50%,1,23.6倍,2.13倍,1.59%
20260813,3908,イシン,143A,東G,,680,-4,-0.58%,1,39.8倍,1.07倍,ー%
20260813,3909,ＳＭＴ好配当,170A,東Ｅ,,"3,171",+25,+0.79%,1,ー倍,ー倍,ー%
20260813,3910,ＳＭＴ厳選投,257A,東Ｅ,,"3,553",+47,+1.34%,1,ー倍,ー倍,ー%
20260813,3911,ＳＭＴ内リ厳,258A,東Ｅ,,"2,089",-2,-0.10%,1,ー倍,ー倍,ー%
20260813,3912,ＧＸＵＳＴ配,283A,東Ｅ,,"1,391",+9,+0.65%,1,ー倍,ー倍,ー%
20260813,3913,ＧＶＡテック,298A,東G,,326,+1,+0.31%,1,758倍,7.56倍,ー%
20260813,3914,ビースタイル,302A,東G,,609,+2,+0.33%,1,11.0倍,1.35倍,ー%
20260813,3915,エレコミ,353A,福証,,"1,540",-85,-5.23%,1,17.1倍,5.77倍,ー%
20260813,3916,ＫＬＡＳＳ,6233,東S,,394,+2,+0.51%,1,8.75倍,0.65倍,2.54%
20260813,3917,タカキタ,6325,東S,,408,+3,+0.74%,1,18.7倍,0.55倍,2.45%
20260813,3918,明治機,6334,東S,,501,-8,-1.57%,1,53.9倍,2.03倍,1.20%
20260813,3919,クラッチ,6408,東S,,"4,510",+5,+0.11%,1,21.8倍,0.33倍,ー%
20260813,3920,高見サイ,6424,東S,,895,+4,+0.45%,1,7.18倍,0.63倍,2.57%
20260813,3921,フルテック,6546,東S,,"1,123",+4,+0.36%,1,14.8倍,0.87倍,3.03%
20260813,3922,ＭＳコンサル,6555,東S,,417,0,0.00%,1,8.56倍,0.64倍,ー%
20260813,3923,神戸天然物化,6568,東G,,"1,265",-9,-0.71%,1,15.1倍,0.69倍,2.61%
20260813,3924,オプトエレ,6664,東S,,236,-1,-0.42%,1,ー倍,0.47倍,ー%
20260813,3925,ＲＶＨ,6786,東S,,48,-1,-2.04%,1,ー倍,1.62倍,ー%
20260813,3926,リーダー電子,6867,東S,,417,-1,-0.24%,1,25.9倍,0.53倍,3.60%
20260813,3927,クラシコ,442A,東G,,963,-8,-0.82%,1,13.3倍,1.22倍,ー%
20260813,3928,野村独株Ｈ無,487A,東Ｅ,,"2,130",0,0.00%,1,ー倍,ー倍,ー%
20260813,3929,農中世界株Ｕ,537A,東Ｅ,,"1,160",+6,+0.52%,1,ー倍,ー倍,ー%
20260813,3930,Ｏｎｅ高配グ,541A,東Ｅ,,"1,194.5",+63.0,+5.57%,1,ー倍,ー倍,ー%
20260813,3931,ｉＳ国債〇一,570A,東Ｅ,,901.1,+0.1,+0.01%,1,ー倍,ー倍,ー%
20260813,3932,ニラセル２千,600A,東Ｅ,,"2,006",+15,+0.75%,1,ー倍,ー倍,ー%
20260813,3933,サンライフＨ,7040,東S,,995,+16,+1.63%,1,7.72倍,0.88倍,3.52%
20260813,3934,ＣＲＧＨＤ,7041,東G,,340,-4,-1.16%,1,19.0倍,0.64倍,2.65%
20260813,3935,ＴＤＳＥ,7046,東G,,"1,300",0,0.00%,1,32.5倍,1.16倍,0.77%
20260813,3936,ハウテレ,7064,東S,,866,-3,-0.35%,1,87.1倍,1.56倍,ー%
20260813,3937,カネミツ,7208,東S,,"1,305",+2,+0.15%,1,9.81倍,0.53倍,3.14%
20260813,3938,アスカ,7227,名M,,"1,830",+5,+0.27%,1,6.74倍,0.66倍,2.95%
20260813,3939,エイケン工業,7265,東S,,"3,870",-15,-0.39%,1,13.2倍,0.65倍,2.84%
20260813,3940,カーメイト,7297,東S,,857,-3,-0.35%,1,10.6倍,0.39倍,3.50%
20260813,3941,小田原機器,7314,東S,,"1,298",+2,+0.15%,1,49.2倍,1.07倍,3.08%
20260813,3942,はるやまＨＤ,7416,東S,,682,-1,-0.15%,1,107倍,0.49倍,2.27%
20260813,3943,オータケ,7434,東S,,"1,814",+16,+0.89%,1,8.33倍,0.42倍,2.21%
20260813,3944,ハウスローゼ,7506,東S,,"1,379",-1,-0.07%,1,463倍,1.25倍,1.81%
20260813,3945,マルヨシ,7515,東S,,"4,610",ー,ー%,1,431倍,1.30倍,0.65%
20260813,3946,スリーエフ,7544,東S,,558,+1,+0.18%,1,14.1倍,1.01倍,3.23%
20260813,3947,万世電機,7565,東S,,"7,700",ー,ー%,1,11.6倍,0.94倍,ー%
20260813,3948,かんなん丸,7585,東S,,410,+4,+0.99%,1,519倍,6.59倍,ー%
20260813,3949,オーエムツー,7614,東S,,"1,521",-8,-0.52%,1,10.1倍,0.56倍,2.37%
20260813,3950,Ｇダイニング,7625,東S,,481,-2,-0.41%,1,7.27倍,0.82倍,1.04%
20260813,3951,星医療,7634,東S,,"5,110",+10,+0.20%,1,11.4倍,0.79倍,1.76%
20260813,3952,トップカルチ,7640,東S,,181,+1,+0.56%,1,ー倍,-4.1倍,ー%
20260813,3953,ダイコー通産,7673,東S,,"1,650",+10,+0.61%,1,9.26倍,0.98倍,4.36%
20260813,3954,シンシア,7782,東S,,471,-4,-0.84%,1,12.6倍,1.12倍,3.82%
20260813,3955,ＣＳランバー,7808,東S,,"2,695",ー,ー%,1,5.48倍,0.42倍,2.97%
20260813,3956,東京ボード,7815,東S,,307,-3,-0.97%,1,ー倍,1.31倍,ー%
20260813,3957,オービス,7827,東S,,"1,641",0,0.00%,1,8.26倍,0.52倍,3.78%
20260813,3958,グラファイト,7847,東S,,664,+2,+0.30%,1,20.7倍,0.85倍,4.52%
20260813,3959,永大化工,7877,東S,,"2,149",+19,+0.89%,1,7.55倍,0.35倍,3.26%
20260813,3960,サンメッセ,7883,東S,,400,-4,-0.99%,1,25.9倍,0.34倍,2.25%
20260813,3961,セブン工業,7896,東S,,508,+1,+0.20%,1,50.4倍,0.38倍,3.94%
20260813,3962,シーボン,4926,東S,,"1,248",+17,+1.38%,1,26.0倍,0.92倍,1.60%
20260813,3963,アジュバン,4929,東S,,738,+2,+0.27%,1,246倍,1.41倍,1.63%
20260813,3964,朝日ラバー,5162,東S,,803,+3,+0.38%,1,21.6倍,0.71倍,2.99%
20260813,3965,トーヨアサノ,5271,東S,,"2,300",+22,+0.97%,1,10.9倍,0.78倍,3.70%
20260813,3966,メタルアート,5644,東S,,"7,130",+30,+0.42%,1,12.7倍,0.78倍,2.24%
20260813,3967,三洋工,5958,東S,,"4,700",+25,+0.53%,1,10.2倍,0.64倍,4.47%
20260813,3968,浅香工,5962,東S,,"1,990",+6,+0.30%,1,11.2倍,0.41倍,2.51%
20260813,3969,ＫＴＣ,5966,東S,,"2,640",-50,-1.86%,1,13.6倍,0.49倍,3.03%
20260813,3970,アトラＧ,6029,東S,,193,-2,-1.03%,1,132倍,1.20倍,ー%
20260813,3971,ＭＲＴ,6034,東G,,638,0,0.00%,1,27.1倍,0.76倍,ー%
20260813,3972,旭精機,6111,名M,,"2,040",+10,+0.49%,1,156倍,0.33倍,2.94%
20260813,3973,野村上証５０,1309,東Ｅ,,"55,900",-70,-0.13%,1,ー倍,ー倍,ー%
20260813,3974,上場高配低ボ,1399,東Ｅ,,"3,191",+1,+0.03%,1,ー倍,ー倍,ー%
20260813,3975,ｉＦ４百Ｗベ,1466,東Ｅ,,189,-3,-1.56%,1,ー倍,ー倍,ー%
20260813,3976,野村４百Ｄイ,1472,東Ｅ,,73,-2,-2.67%,1,ー倍,ー倍,ー%
20260813,3977,ｉＦ人材設備,1479,東Ｅ,,"51,090",ー,ー%,1,ー倍,ー倍,ー%
20260813,3978,Ｏｎｅ設備,1484,東Ｅ,,"3,878",-1,-0.03%,1,ー倍,ー倍,ー%
20260813,3979,Ｏｎｅ中小型,1493,東Ｅ,,"26,000",+130,+0.50%,1,ー倍,ー倍,ー%
20260813,3980,スタンダ２０,1551,東Ｅ,,"7,281",+31,+0.43%,1,ー倍,ー倍,ー%
20260813,3981,野村タイ５０,1559,東Ｅ,,"4,890",+6,+0.12%,1,ー倍,ー倍,ー%
20260813,3982,野村マレシア,1560,東Ｅ,,"6,593",-3,-0.05%,1,ー倍,ー倍,ー%
20260813,3983,Ｈ株ベア,1573,東Ｅ,,"8,280",0,0.00%,1,ー倍,ー倍,ー%
20260813,3984,ｉＦＷＩＮ,1652,東Ｅ,,"5,109",+54,+1.07%,1,ー倍,ー倍,ー%
20260813,3985,ＷＴ貴金属,1676,東Ｅ,,"42,370",-180,-0.42%,1,ー倍,ー倍,ー%
20260813,3986,上場外債毎月,1677,東Ｅ,,"60,000",+100,+0.17%,1,ー倍,ー倍,ー%
20260813,3987,ＷＴアルミ,1692,東Ｅ,,694.0,-6.2,-0.89%,1,ー倍,ー倍,ー%
20260813,3988,ＮＩＴＴＯＨ,1738,名M,,576,+4,+0.70%,1,7.53倍,0.48倍,3.13%
20260813,3989,太洋基礎,1758,東S,,"2,489",-8,-0.32%,1,10.5倍,0.52倍,2.61%
20260813,3990,三東工業,1788,東S,,"4,380",ー,ー%,1,9.82倍,0.73倍,2.97%
20260813,3991,グロス２５０,2042,東EN,,"7,709",-21,-0.27%,1,ー倍,ー倍,ー%
20260813,3992,インドベア,2047,東EN,,"3,442",+30,+0.88%,1,ー倍,ー倍,ー%
20260813,3993,高配株米ドル,2048,東EN,,"55,550",+110,+0.20%,1,ー倍,ー倍,ー%
20260813,3994,中広,2139,東S,,530,0,0.00%,1,12.0倍,1.69倍,2.64%
20260813,3995,きょくとう,2300,東S,,501,0,0.00%,1,22.0倍,1.04倍,2.20%
20260813,3996,ブラス,2424,東S,,600,0,0.00%,1,10.1倍,0.74倍,1.33%
20260813,3997,ケアサービス,2425,東S,,679,+5,+0.74%,1,33.5倍,0.91倍,3.24%
20260813,3998,シスロケ,2480,東S,,"1,729",-1,-0.06%,1,15.0倍,1.49倍,2.20%
20260813,3999,タウンＮ,2481,東S,,656,0,0.00%,1,7.96倍,0.64倍,3.35%
20260813,4000,日本和装,2499,東S,,292,-2,-0.68%,1,10.2倍,0.74倍,4.79%
20260813,4001,ｉＦＪリコア,2528,東Ｅ,,"1,106",-3,-0.27%,1,ー倍,ー倍,ー%
20260813,4002,タビオ,2668,東S,,"1,270",+3,+0.24%,1,18.9倍,1.59倍,2.36%
20260813,4003,アイケイＨＤ,2722,東S,,357,0,0.00%,1,16.9倍,1.06倍,2.52%
20260813,4004,パレモ・ＨＤ,2778,東S,,110,0,0.00%,1,13.0倍,0.84倍,ー%
20260813,4005,ファマライズ,2796,東S,,493,0,0.00%,1,514倍,0.85倍,2.84%
20260813,4006,ユタカフーズ,2806,東S,,"1,896",+14,+0.74%,1,123倍,0.57倍,2.11%
20260813,4007,一正蒲鉾,2904,東S,,757,0,0.00%,1,28.9倍,0.93倍,1.85%
20260813,4008,仙波糖化,2916,東S,,735,-8,-1.08%,1,11.7倍,0.66倍,2.04%
20260813,4009,サトウ食品,2923,東S,,"8,260",0,0.00%,1,ー倍,1.68倍,ー%
20260813,4010,ビューテＨＤ,3041,東S,,403,-1,-0.25%,1,ー倍,3.21倍,ー%
20260813,4011,東京一番,3067,東S,,457,+3,+0.66%,1,35.5倍,2.16倍,ー%
20260813,4012,アゼアス,3161,東S,,659,-4,-0.60%,1,21.4倍,0.55倍,3.49%
20260813,4013,京福電,9049,東S,,"6,600",+90,+1.38%,1,7.13倍,0.88倍,0.30%
20260813,4014,丸八倉,9313,東S,,"1,062",-3,-0.28%,1,12.7倍,0.46倍,2.64%
20260813,4015,エヌジェイ,9421,東S,,506,+1,+0.20%,1,15.8倍,1.80倍,ー%
20260813,4016,フォーバルＴ,9445,東S,,542,+2,+0.37%,1,10.1倍,2.37倍,4.61%
20260813,4017,北陸ガス,9537,東S,,"4,460",0,0.00%,1,11.4倍,0.38倍,1.79%
20260813,4018,葉ガス,9539,東S,,"1,391",0,0.00%,1,14.4倍,0.42倍,1.87%
20260813,4019,中日興,9643,名M,,"10,960",-40,-0.36%,1,116倍,1.60倍,0.55%
20260813,4020,グリンランド,9656,東S,,598,+2,+0.34%,1,12.4倍,0.58倍,2.51%
20260813,4021,ホウライ,9679,東S,,"2,360",+10,+0.43%,1,19.8倍,0.97倍,1.02%
20260813,4022,両毛システム,9691,東S,,"5,150",0,0.00%,1,ー倍,1.10倍,ー%
20260813,4023,会舘,9701,東S,,"4,270",-30,-0.70%,1,14.0倍,1.04倍,1.17%
20260813,4024,グランド,9720,東S,,"6,330",ー,ー%,1,22.4倍,1.76倍,0.39%
20260813,4025,京都ホ,9723,東S,,637,+6,+0.95%,1,21.4倍,3.18倍,0.47%
20260813,4026,日建工学,9767,東S,,"1,554",-12,-0.77%,1,8.09倍,0.56倍,1.93%
20260813,4027,昴,9778,東S,,"5,760",+10,+0.17%,1,25.6倍,0.98倍,2.08%
20260813,4028,テーオーＨＤ,9812,東S,,233,-2,-0.85%,1,299倍,3.95倍,0.21%
20260813,4029,シャルレ,9885,東S,,335,-2,-0.59%,1,45.3倍,0.39倍,2.39%
20260813,4030,カンセキ,9903,東S,,902,+3,+0.33%,1,21.0倍,1.05倍,2.22%
20260813,4031,北沢産,9930,東S,,382,+7,+1.87%,1,22.9倍,0.64倍,2.62%
20260813,4032,文教堂ＧＨＤ,9978,東S,,45,-1,-2.17%,1,167倍,-5.5倍,ー%
20260813,4033,Ｏｎｅ中国５,2553,東Ｅ,,"2,520.0",+35.5,+1.43%,1,ー倍,ー倍,ー%
20260813,4034,ヤシマキザイ,7677,東S,,"2,783",ー,ー%,1,17.4倍,0.78倍,0.90%
20260813,4035,野村米社債Ｈ,2554,東Ｅ,,749.7,-0.2,-0.03%,1,ー倍,ー倍,ー%
20260813,4036,ツクルバ,2978,東G,,344,+3,+0.88%,1,ー倍,3.80倍,ー%
20260813,4037,アールエイジ,3248,東S,,882,+4,+0.46%,1,12.2倍,0.58倍,4.08%
20260813,4038,アズマハウス,3293,東S,,774,+6,+0.78%,1,9.78倍,0.36倍,4.52%
20260813,4039,東武住販,3297,東S,,"1,179",+1,+0.08%,1,8.88倍,0.68倍,3.65%
20260813,4040,ランシステム,3326,東S,,650,-6,-0.91%,1,25.1倍,8.47倍,ー%
20260813,4041,トーエル,3361,東S,,873,-2,-0.23%,1,12.2倍,0.73倍,2.63%
20260813,4042,ＭＩＥコーポ,3442,名M,,"1,651",+8,+0.49%,1,4.85倍,0.59倍,2.42%
20260813,4043,Ｇ－ＦＡＣ,3474,東G,,577,-2,-0.35%,1,111倍,3.57倍,ー%
20260813,4044,香陵住販,3495,東S,,"2,355",-5,-0.21%,1,5.96倍,0.94倍,2.72%
20260813,4045,オーベクス,3583,東S,,"1,265",-16,-1.25%,1,10.5倍,0.47倍,2.77%
20260813,4046,ソケッツ,3634,東S,,587,+2,+0.34%,1,25.6倍,2.43倍,1.02%
20260813,4047,パピレス,3641,東S,,964,0,0.00%,1,65.7倍,0.94倍,1.04%
20260813,4048,協立情報通信,3670,名M,,"1,750",-10,-0.57%,1,6.29倍,0.89倍,3.71%
20260813,4049,オークファン,3674,東G,,324,+4,+1.25%,1,171倍,0.84倍,ー%
20260813,4050,ＣＲＩ,3698,東S,,"1,136",+2,+0.18%,1,12.9倍,1.42倍,2.38%
20260813,4051,コムシード,3739,名N,,123,+2,+1.65%,1,7.92倍,2.24倍,ー%
20260813,4052,ガイアックス,3775,名N,,450,-2,-0.44%,1,12.7倍,1.76倍,1.11%
20260813,4053,システムディ,3804,東S,,441,+1,+0.23%,1,12.1倍,1.61倍,2.49%
20260813,4054,ＯＫＷＥＢ,3808,名N,,30,+1,+3.45%,1,ー倍,3.63倍,ー%
20260813,4055,大和コン,3816,東S,,"1,112",0,0.00%,1,22.9倍,0.79倍,1.71%
20260813,4056,ショーケース,3909,東S,,202,0,0.00%,1,15.7倍,1.03倍,ー%
20260813,4057,ＭＫシステム,3910,東S,,274,0,0.00%,1,7.74倍,1.67倍,2.92%
20260813,4058,ＡＬｉＮＫ,7077,東G,,"1,009",0,0.00%,1,40.5倍,1.31倍,ー%
20260813,4059,レンティア,7081,東S,,"1,310",-15,-1.13%,1,8.65倍,1.11倍,2.82%
20260813,4060,ＡＨＣ,7083,東G,,"1,059",+13,+1.24%,1,23.8倍,1.87倍,1.13%
20260813,4061,エコミック,3802,東S,,493,+2,+0.41%,1,12.0倍,1.34倍,2.64%
20260813,4062,インタファク,4057,東G,,354,+3,+0.85%,1,19.8倍,1.18倍,ー%
20260813,4063,ｉＳユＩＧＨ,2623,東Ｅ,,"1,948",+7,+0.36%,1,ー倍,ー倍,ー%
20260813,4064,カラダノート,4014,東G,,514,+6,+1.18%,1,14.1倍,5.48倍,ー%
20260813,4065,インバウＴ,7031,東G,,681,-7,-1.02%,1,ー倍,1.39倍,ー%
20260813,4066,オンデック,7360,東G,,642,-2,-0.31%,1,12.8倍,1.90倍,ー%
20260813,4067,ＧＸデジ日株,2626,東Ｅ,,"3,271",+21,+0.65%,1,ー倍,ー倍,ー%
20260813,4068,テンダ,4198,東S,,492,0,0.00%,1,40.8倍,1.26倍,4.47%
20260813,4069,ドリムベッド,7791,東S,,809,-4,-0.49%,1,6.74倍,0.68倍,4.57%
20260813,4070,ＧＸＬＥ日株,2645,東Ｅ,,"3,113",+18,+0.58%,1,ー倍,ー倍,ー%
20260813,4071,ミアヘルサ,7129,東S,,"1,150",+8,+0.70%,1,8.95倍,0.83倍,2.61%
20260813,4072,日本調理機,2961,東S,,"1,553",-2,-0.13%,1,13.9倍,0.95倍,2.90%
20260813,4073,ＧＲＣＳ,9250,東G,,892,0,0.00%,1,19.9倍,-46倍,ー%
20260813,4074,ＭＸ米債ヘ無,2838,東Ｅ,,"8,707",+7,+0.08%,1,ー倍,ー倍,ー%
20260813,4075,ラバブルＭＧ,9254,東G,,"1,168",+2,+0.17%,1,ー倍,1.99倍,ー%
20260813,4076,ハイブリッド,4260,東G,,218,+2,+0.93%,1,"2,422倍",1.20倍,ー%
20260813,4077,ＣＳ－Ｃ,9258,東G,,303,+14,+4.84%,1,ー倍,1.00倍,ー%
20260813,4078,ＣａＳｙ,9215,東G,,946,-2,-0.21%,1,ー倍,6.59倍,ー%
20260813,4079,ＡＳＮＯＶＡ,9223,東G,,443,0,0.00%,1,ー倍,1.87倍,0.45%
20260813,4080,ｉＳＪＳＲＩ,2851,東Ｅ,,409.2,+2.7,+0.66%,1,ー倍,ー倍,ー%
20260813,4081,ジャパニアス,9558,東G,,"1,984",0,0.00%,1,9.96倍,2.32倍,5.09%
20260813,4082,光村印,7916,東S,,"1,946",0,0.00%,1,ー倍,0.30倍,2.57%
20260813,4083,研創,7939,東S,,609,+7,+1.16%,1,10.4倍,0.70倍,3.78%
20260813,4084,日デコラ,7950,名M,,"9,250",+50,+0.54%,1,4.42倍,0.43倍,4.00%
20260813,4085,ナイガイ,8013,東S,,350,0,0.00%,1,39.1倍,0.40倍,ー%
20260813,4086,東ソワール,8040,東S,,"1,035",-6,-0.58%,1,10.3倍,0.33倍,4.35%
20260813,4087,キング,8118,東S,,"1,205",+3,+0.25%,1,27.5倍,0.82倍,1.49%
20260813,4088,三栄コ,8119,東S,,775,+2,+0.26%,1,10.6倍,0.50倍,4.00%
20260813,4089,デンキョーＧ,8144,東S,,"1,234",0,0.00%,1,12.5倍,0.29倍,3.24%
20260813,4090,中部水産,8145,名M,,"3,130",ー,ー%,1,11.7倍,0.34倍,2.72%
20260813,4091,トミタ,8147,東S,,"1,398",-6,-0.43%,1,10.7倍,0.53倍,1.79%
20260813,4092,ヤマナカ,8190,名M,,522,+2,+0.38%,1,28.4倍,0.55倍,1.92%
20260813,4093,大和デ,8247,東S,,300,0,0.00%,1,16.8倍,0.30倍,ー%
20260813,4094,グロームＨＤ,8938,東G,,330,-2,-0.60%,1,18.5倍,0.48倍,0.91%
