日付,順位,銘柄名,コード,市場,状態,株価,前日差,騰落率,売買代金,PER,PBR,配当利回り
20260915,1,キオクシア,285A,東P,,"51,750","+1,160",+2.29%,"1,497,643",ー倍,11.5倍,ー%
20260915,2,ＳＢＧ,9984,東P,,"6,279",+440,+7.54%,"501,693",ー倍,1.94倍,0.18%
20260915,3,太陽誘電,6976,東P,,"9,197",+483,+5.54%,"314,214",42.0倍,3.31倍,0.98%
20260915,4,アドテスト,6857,東P,,"30,160",-920,-2.96%,"258,008",33.0倍,20.9倍,ー%
20260915,5,東エレク,8035,東P,,"50,650",-280,-0.55%,"180,559",ー倍,10.8倍,ー%
20260915,6,三菱ＵＦＪ,8306,東P,,"3,668",-52,-1.40%,"153,344",15.3倍,1.82倍,2.62%
20260915,7,日経レバ,1570,東Ｅ,,"63,670",-250,-0.39%,"152,754",ー倍,ー倍,ー%
20260915,8,村田製,6981,東P,,"7,399",+232,+3.24%,"150,930",39.7倍,4.86倍,0.95%
20260915,9,フジクラ,5803,東P,,"4,744",-90,-1.86%,"149,647",24.1倍,12.9倍,0.80%
20260915,10,イビデン,4062,東P,,"19,115",-25,-0.13%,"136,578",64.3倍,9.43倍,0.18%
20260915,11,三菱重,7011,東P,,"3,701",-60,-1.60%,"133,576",32.7倍,3.92倍,0.78%
20260915,12,レーザーテク,6920,東P,,"35,590","+1,110",+3.22%,"113,706",35.4倍,12.9倍,0.99%
20260915,13,三井住友ＦＧ,8316,東P,,"6,842",-188,-2.67%,"90,626",15.3倍,1.61倍,2.63%
20260915,14,古河電,5801,東P,,"3,719",-126,-3.28%,"85,755",24.9倍,5.99倍,0.59%
20260915,15,リクルート,6098,東P,,"16,845",+360,+2.18%,"75,739",30.9倍,13.2倍,0.15%
20260915,16,みずほＦＧ,8411,東P,,"8,598",-192,-2.18%,"73,716",14.9倍,1.81倍,1.74%
20260915,17,コクサイエレ,6525,東P,,"8,228",+228,+2.85%,"64,378",34.6倍,8.53倍,0.79%
20260915,18,任天堂,7974,東P,,"8,118",-150,-1.81%,"63,036",30.2倍,3.21倍,2.00%
20260915,19,トヨタ,7203,東P,,"3,021.0",-4.0,-0.13%,"60,345",11.0倍,0.96倍,3.31%
20260915,20,ディスコ,6146,東P,,"51,400",-30,-0.06%,"50,838",ー倍,9.60倍,ー%
20260915,21,ＪＸ金属,5016,東P,,"3,654.0",+37.0,+1.02%,"50,394",23.2倍,5.08倍,0.55%
20260915,22,豊和工,6203,東S,,"2,476",+132,+5.63%,"50,221",27.6倍,1.33倍,0.81%
20260915,23,ファストリ,9983,東P,,"66,620",-140,-0.21%,"50,192",40.9倍,7.49倍,0.96%
20260915,24,ＩＨＩ,7013,東P,,"2,772.5",+49.5,+1.82%,"47,308",17.1倍,4.22倍,0.83%
20260915,25,日立,6501,東P,,"5,221",-104,-1.95%,"46,033",25.8倍,3.54倍,ー%
20260915,26,富士通,6702,東P,,"3,945",-81,-2.01%,"44,558",22.0倍,3.35倍,1.39%
20260915,27,ＰｏｗｅｒＸ,485A,東G,,"2,400",+133,+5.87%,"43,063",223倍,43.1倍,ー%
20260915,28,ソニーＧ,6758,東P,,"3,725",-63,-1.66%,"42,973",18.0倍,2.60倍,0.94%
20260915,29,テラドローン,278A,東G,,"18,980","-1,330",-6.55%,"41,831",ー倍,20.1倍,ー%
20260915,30,東京海上,8766,東P,,"8,079",-124,-1.51%,"41,763",18.4倍,1.86倍,3.03%
20260915,31,川重,7012,東P,,"2,372.0",+21.0,+0.89%,"41,325",18.0倍,2.34倍,1.69%
20260915,32,住友電,5802,東P,,"1,995.0",-12.5,-0.62%,"36,258",18.3倍,2.20倍,1.95%
20260915,33,伊藤忠,8001,東P,,"2,321.0",-19.5,-0.83%,"35,231",17.1倍,2.40倍,1.90%
20260915,34,三菱電,6503,東P,,"5,100",-22,-0.43%,"34,462",21.1倍,2.28倍,1.18%
20260915,35,ＮＥＣ,6701,東P,,"4,795",-54,-1.11%,"34,105",ー倍,2.85倍,0.83%
20260915,36,キーエンス,6861,東P,,"75,660",-300,-0.39%,"33,629",ー倍,5.17倍,0.73%
20260915,37,三井物,8031,東P,,"5,069",-95,-1.84%,"32,148",15.6倍,1.60倍,2.76%
20260915,38,三菱商,8058,東P,,"4,910",-81,-1.62%,"31,607",16.4倍,1.87倍,2.55%
20260915,39,パナＨＤ,6752,東P,,"4,205",+41,+0.98%,"31,540",21.8倍,1.82倍,1.28%
20260915,40,ＳＵＭＣＯ,3436,東P,,"2,900.5",+34.5,+1.20%,"30,849",ー倍,1.79倍,ー%
20260915,41,レゾナック,4004,東P,,"13,710",+270,+2.01%,"30,452",23.1倍,3.30倍,0.47%
20260915,42,ＮＴＴ,9432,東P,,178.1,-0.2,-0.11%,"28,349",14.7倍,1.46倍,3.03%
20260915,43,武田,4502,東P,,"5,847",+110,+1.92%,"27,277",56.3倍,1.24倍,3.49%
20260915,44,信越化,4063,東P,,"5,693",-57,-0.99%,"26,479",19.7倍,2.27倍,2.39%
20260915,45,丸紅,8002,東P,,"4,952",-139,-2.73%,"25,592",13.9倍,1.80倍,2.32%
20260915,46,三井金属,5706,東P,,"22,805",-20,-0.09%,"25,549",16.3倍,3.09倍,1.23%
20260915,47,ＭＳ＆ＡＤ,8725,東P,,"5,158",-49,-0.94%,"25,531",17.3倍,1.10倍,3.30%
20260915,48,りそなＨＤ,8308,東P,,"2,463.0",-82.5,-3.24%,"24,193",16.7倍,1.83倍,1.50%
20260915,49,ルネサス,6723,東P,,"3,155.0",-21.0,-0.66%,"24,012",ー倍,2.02倍,ー%
20260915,50,日経Ｄインバ,1357,東Ｅ,,"2,958",+4,+0.14%,"22,187",ー倍,ー倍,ー%
20260915,51,ＫＤＤＩ,9433,東P,,"3,044.0",-26.0,-0.85%,"21,579",15.8倍,2.26倍,2.76%
20260915,52,ＳＢ,9434,東P,,250.6,-0.2,-0.08%,"21,437",21.8倍,4.55倍,3.51%
20260915,53,メイコー,6787,東P,,"20,850","+1,180",+6.00%,"21,330",20.1倍,4.14倍,0.77%
20260915,54,ＧＯ,581A,東G,,"3,430",+185,+5.70%,"21,226",25.0倍,11.2倍,ー%
20260915,55,ＨＯＹＡ,7741,東P,,"22,330",-100,-0.45%,"20,997",ー倍,7.33倍,ー%
20260915,56,ＳＭＣ,6273,東P,,"66,880",-500,-0.74%,"20,356",24.6倍,1.94倍,1.50%
20260915,57,サンリオ,8136,東P,,"1,220.0",-16.0,-1.29%,"19,301",23.2倍,9.07倍,1.31%
20260915,58,野村,8604,東P,,"1,644.5",-30.5,-1.82%,"19,293",ー倍,1.25倍,ー%
20260915,59,東洋エンジ,6330,東P,,"2,694",+43,+1.62%,"19,078",26.3倍,4.06倍,0.93%
20260915,60,ファナック,6954,東P,,"5,716",-60,-1.04%,"19,057",26.8倍,2.81倍,ー%
20260915,61,アシックス,7936,東P,,"4,115",+44,+1.08%,"18,829",24.3倍,8.13倍,1.07%
20260915,62,第一ライフ,8750,東P,,"1,894.5",-20.5,-1.07%,"18,827",13.3倍,1.49倍,3.80%
20260915,63,スクリン,7735,東P,,"12,140",+35,+0.29%,"18,632",20.0倍,4.62倍,1.51%
20260915,64,ＪＴ,2914,東P,,"6,780",+17,+0.25%,"18,096",18.7倍,2.74倍,4.01%
20260915,65,ダイキン,6367,東P,,"20,415",-275,-1.33%,"17,541",20.4倍,1.90倍,1.76%
20260915,66,コマツ,6301,東P,,"7,060",-79,-1.11%,"16,899",17.9倍,1.78倍,2.69%
20260915,67,オリックス,8591,東P,,"6,109",-43,-0.70%,"16,780",12.5倍,1.41倍,3.07%
20260915,68,ＴＤＫ,6762,東P,,"2,833.5",+17.0,+0.60%,"16,719",23.9倍,2.34倍,1.41%
20260915,69,日ギア,6356,東S,,"1,444",-69,-4.56%,"16,372",11.7倍,1.38倍,0.69%
20260915,70,ゆうちょ銀,7182,東P,,"3,260.0",-39.0,-1.18%,"16,275",17.6倍,1.26倍,2.85%
20260915,71,日本マイクロ,6871,東P,,"12,390",+210,+1.72%,"15,599",20.9倍,5.26倍,1.44%
20260915,72,ＳＯＭＰＯ,8630,東P,,"6,800",-168,-2.41%,"15,388",12.3倍,1.14倍,2.94%
20260915,73,ＩＮＰＥＸ,1605,東P,,"3,936",-44,-1.11%,"15,221",8.92倍,0.89倍,2.85%
20260915,74,セブン＆アイ,3382,東P,,"2,040.0",+2.5,+0.12%,"15,022",16.6倍,1.25倍,2.94%
20260915,75,住友商,8053,東P,,"1,770.0",-40.5,-2.24%,"14,951",13.3倍,1.77倍,2.26%
20260915,76,住友鉱,5713,東P,,"9,461",-83,-0.87%,"14,778",11.8倍,1.19倍,2.19%
20260915,77,東電ＨＤ,9501,東P,,529.8,-8.3,-1.54%,"14,501",ー倍,0.36倍,ー%
20260915,78,日本製鉄,5401,東P,,678.0,-6.1,-0.89%,"14,472",12.2倍,0.63倍,3.54%
20260915,79,豊田通商,8015,東P,,"7,329",-178,-2.37%,"14,278",16.0倍,2.66倍,1.71%
20260915,80,味の素,2802,東P,,"4,870",-50,-1.02%,"13,854",37.5倍,5.98倍,1.03%
20260915,81,野村日経平均,1321,東Ｅ,,"65,840",-20,-0.03%,"13,443",ー倍,ー倍,ー%
20260915,82,日東紡,3110,東P,,"2,884",+33,+1.16%,"13,423",26.3倍,2.96倍,0.97%
20260915,83,ホンダ,7267,東P,,"1,675.0",-4.0,-0.24%,"13,341",16.3倍,0.53倍,4.18%
20260915,84,Ｆ＆ＬＣ,3563,東P,,"4,946",-190,-3.70%,"13,118",35.7倍,9.02倍,0.40%
20260915,85,安川電,6506,東P,,"4,296",-3,-0.07%,"13,095",23.7倍,2.30倍,1.68%
20260915,86,トレンド,4704,東P,,"6,332",+263,+4.33%,"12,553",26.8倍,7.10倍,ー%
20260915,87,ティアフォー,593A,東G,,"2,045",-93,-4.35%,"12,552",ー倍,13.3倍,ー%
20260915,88,中外薬,4519,東P,,"6,500",+86,+1.34%,"12,400",ー倍,5.27倍,2.03%
20260915,89,ブリヂストン,5108,東P,,"3,740",+1,+0.03%,"12,364",13.6倍,1.22倍,3.34%
20260915,90,京セラ,6971,東P,,"3,531.0",+11.0,+0.31%,"12,344",28.2倍,1.36倍,1.59%
20260915,91,オンコリス,4588,東G,,"6,390",+230,+3.73%,"12,277",ー倍,57.9倍,ー%
20260915,92,三井住友トラ,8309,東P,,"1,773.0",-25.5,-1.42%,"12,108",12.9倍,1.33倍,2.68%
20260915,93,三井不,8801,東P,,"1,471.5",-24.5,-1.64%,"12,085",13.9倍,1.22倍,2.51%
20260915,94,郵船,9101,東P,,"7,234",-103,-1.40%,"12,069",12.2倍,0.94倍,3.32%
20260915,95,商船三井,9104,東P,,"7,025",-84,-1.18%,"11,988",10.1倍,0.81倍,2.92%
20260915,96,ＥＮＥＯＳ,5020,東P,,"1,404.0",-34.0,-2.36%,"11,958",8.97倍,0.99倍,2.42%
20260915,97,大塚ＨＤ,4578,東P,,"11,425",+160,+1.42%,"11,956",16.9倍,1.85倍,1.75%
20260915,98,ローム,6963,東P,,"4,511",+74,+1.67%,"11,687",60.1倍,2.25倍,1.11%
20260915,99,ヴィッツ,4440,東S,,"2,185",+50,+2.34%,"11,136",19.4倍,2.74倍,0.82%
20260915,100,デンソー,6902,東P,,"1,910.5",-0.5,-0.03%,"10,869",12.5倍,0.94倍,3.87%
20260915,101,アステラス,4503,東P,,"2,315.0",+22.5,+0.98%,"10,798",13.8倍,2.14倍,3.46%
20260915,102,富士フイルム,4901,東P,,"3,230.0",-30.0,-0.92%,"10,793",13.8倍,0.99倍,2.32%
20260915,103,ＯＬＣ,4661,東P,,"3,053.0",-59.0,-1.90%,"10,719",44.0倍,4.44倍,0.52%
20260915,104,第一三共,4568,東P,,"2,836.5",-9.0,-0.32%,"10,453",20.6倍,3.03倍,3.53%
20260915,105,バンナムＨＤ,7832,東P,,"5,559",-58,-1.03%,"10,432",27.4倍,4.03倍,ー%
20260915,106,川崎汽,9107,東P,,"3,385.0",-44.0,-1.28%,"10,401",14.9倍,1.15倍,3.55%
20260915,107,日経ベア２,1360,東Ｅ,,72.5,0,0.00%,"10,358",ー倍,ー倍,ー%
20260915,108,ミネベア,6479,東P,,"3,419.0",+32.0,+0.94%,"10,128",15.8倍,1.48倍,1.75%
20260915,109,ネクソン,3659,東P,,"3,177.0",+40.0,+1.28%,"9,996",ー倍,2.30倍,15.0%
20260915,110,野村総研,4307,東P,,"5,170",-36,-0.69%,"9,846",24.3倍,7.75倍,1.62%
20260915,111,日本郵政,6178,東P,,"2,480.5",-27.0,-1.08%,"9,805",17.9倍,0.68倍,2.42%
20260915,112,中部電,9502,東P,,"2,889.0",+4.0,+0.14%,"9,768",13.6倍,0.69倍,2.42%
20260915,113,ソシオネクス,6526,東P,,"1,893.0",+33.5,+1.80%,"9,674",33.2倍,2.58倍,2.64%
20260915,114,日経ブル２,1579,東Ｅ,,688.7,-0.7,-0.10%,"9,628",ー倍,ー倍,ー%
20260915,115,菱地所,8802,東P,,"3,550.0",-94.0,-2.58%,"9,596",18.1倍,1.56倍,1.38%
20260915,116,パンパシＨＤ,7532,東P,,727.3,-7.3,-0.99%,"9,548",19.9倍,3.11倍,1.37%
20260915,117,ラインヤフー,4689,東P,,564.9,+5.9,+1.06%,"9,540",ー倍,1.29倍,1.95%
20260915,118,日製鋼,5631,東P,,"7,189",-56,-0.77%,"9,405",27.9倍,2.48倍,1.28%
20260915,119,ニトリＨＤ,9843,東P,,"3,178.0",-80.0,-2.46%,"9,265",19.7倍,1.78倍,1.01%
20260915,120,清水建,1803,東P,,"2,317.5",-60.5,-2.54%,"9,246",9.50倍,1.55倍,3.32%
20260915,121,スズキ,7269,東P,,"2,027.0",-18.0,-0.88%,"9,087",9.31倍,1.10倍,2.52%
20260915,122,カプコン,9697,東P,,"4,351",-6,-0.14%,"8,927",31.4倍,6.36倍,1.06%
20260915,123,クボタ,6326,東P,,"2,767.0",-6.0,-0.22%,"8,840",10.8倍,1.12倍,1.88%
20260915,124,出光興産,5019,東P,,"1,601.0",-37.0,-2.26%,"8,573",25.6倍,1.17倍,2.25%
20260915,125,イオン,8267,東P,,"1,351.0",-15.0,-1.10%,"8,493",51.2倍,3.09倍,1.11%
20260915,126,神戸物産,3038,東P,,"3,166.0",-1.0,-0.03%,"8,329",23.8倍,4.01倍,1.01%
20260915,127,大和,8601,東P,,"1,836.5",-36.5,-1.95%,"8,322",ー倍,1.42倍,2.40%
20260915,128,関西電,9503,東P,,"2,943.5",-55.0,-1.83%,"8,011",10.6倍,0.92倍,2.72%
20260915,129,大成建,1801,東P,,"12,260",-165,-1.33%,"8,008",13.2倍,2.14倍,3.10%
20260915,130,旭化成,3407,東P,,"1,568.0",+13.0,+0.84%,"8,003",13.1倍,0.99倍,2.81%
20260915,131,楽天Ｗブル,1458,東Ｅ,,"76,020",-280,-0.37%,"7,976",ー倍,ー倍,ー%
20260915,132,ソニーＦＧ,8729,東P,,163.0,-0.8,-0.49%,"7,906",47.5倍,1.25倍,4.91%
20260915,133,良品計画,7453,東P,,"4,003",-52,-1.28%,"7,892",31.7倍,5.36倍,0.80%
20260915,134,キヤノン,7751,東P,,"4,425",-25,-0.56%,"7,886",10.9倍,1.06倍,3.62%
20260915,135,オービック,4684,東P,,"5,067",-17,-0.33%,"7,860",26.5倍,4.42倍,1.86%
20260915,136,ＳＢＩ,8473,東P,,"3,281.0",-46.0,-1.38%,"7,847",ー倍,1.14倍,ー%
20260915,137,塩野義,4507,東P,,"2,904.0",+50.0,+1.75%,"7,832",11.8倍,1.39倍,2.62%
20260915,138,荏原,6361,東P,,"4,258",+13,+0.31%,"7,811",19.5倍,3.65倍,1.55%
20260915,139,アサヒ,2502,東P,,"1,621.0",+7.5,+0.46%,"7,758",12.2倍,0.74倍,3.52%
20260915,140,ベイカレント,6532,東P,,"7,710",+19,+0.25%,"7,556",23.6倍,10.3倍,1.69%
20260915,141,楽天グループ,4755,東P,,733.6,-0.2,-0.03%,"7,474",ー倍,1.75倍,ー%
20260915,142,キリンＨＤ,2503,東P,,"2,821.5",+0.5,+0.02%,"7,431",14.0倍,1.64倍,2.69%
20260915,143,三菱マ,5711,東P,,"4,951",-70,-1.39%,"7,419",4.62倍,0.83倍,2.34%
20260915,144,鹿島,1812,東P,,"4,870",-73,-1.48%,"7,402",13.2倍,1.64倍,3.00%
20260915,145,東海カーボン,5301,東P,,"1,977.0",+34.0,+1.75%,"7,397",18.2倍,1.24倍,2.02%
20260915,146,資生堂,4911,東P,,"3,475.0",+19.0,+0.55%,"7,354",33.1倍,2.18倍,1.73%
20260915,147,ミスミＧ,9962,東P,,"3,546.0",+64.0,+1.84%,"7,189",20.7倍,2.42倍,1.68%
20260915,148,ＪＲ東日本,9020,東P,,"3,528.0",-61.0,-1.70%,"7,188",15.6倍,1.30倍,2.38%
20260915,149,積水ハウス,1928,東P,,"3,342.0",-24.0,-0.71%,"7,136",9.67倍,0.96倍,4.34%
20260915,150,セコム,9735,東P,,"6,381",-61,-0.95%,"7,126",23.9倍,1.94倍,1.88%
20260915,151,ＡＩメカ,6227,東S,,"5,290",-160,-2.94%,"7,120",20.1倍,6.87倍,0.42%
20260915,152,セイコーＧ,8050,東P,,"9,570",+320,+3.46%,"7,078",27.9倍,4.12倍,1.10%
20260915,153,野村日半導,200A,東Ｅ,,"4,117",+19,+0.46%,"7,035",ー倍,ー倍,ー%
20260915,154,コンペイトウ,618A,東G,,"1,653",+33,+2.04%,"7,017",14.5倍,12.1倍,ー%
20260915,155,日本取引所,8697,東P,,"2,197.5",-18.0,-0.81%,"6,977",22.7倍,6.97倍,3.50%
20260915,156,住友不,8830,東P,,"3,164.0",-62.0,-1.92%,"6,959",13.1倍,1.14倍,1.64%
20260915,157,大和ハウス,1925,東P,,"4,587",-64,-1.38%,"6,833",10.7倍,0.98倍,3.88%
20260915,158,三井Ｅ＆Ｓ,7003,東P,,"4,170",-36,-0.86%,"6,749",13.6倍,1.88倍,1.44%
20260915,159,ＪＲ東海,9022,東P,,"3,842",-25,-0.65%,"6,735",8.16倍,0.70倍,0.83%
20260915,160,花王,4452,東P,,"3,443.0",-12.0,-0.35%,"6,735",23.1倍,2.78倍,2.27%
20260915,161,住友ベ,4203,東P,,"7,804",+27,+0.35%,"6,733",24.0倍,1.90倍,1.54%
20260915,162,富士電機,6504,東P,,"12,475",-175,-1.38%,"6,532",16.3倍,2.30倍,ー%
20260915,163,コナミＧ,9766,東P,,"21,285",-275,-1.28%,"6,529",28.6倍,4.98倍,1.05%
20260915,164,ＪＦＥ,5411,東P,,"1,826.5",-2.5,-0.14%,"6,490",7.75倍,0.44倍,4.38%
20260915,165,特殊陶,5334,東P,,"7,262",+101,+1.41%,"6,479",13.5倍,1.67倍,2.89%
20260915,166,ヤマハ発,7272,東P,,"1,749.5",-8.5,-0.48%,"6,363",9.99倍,1.36倍,2.86%
20260915,167,名村造,7014,東S,,"4,750",0,0.00%,"6,298",15.0倍,2.40倍,1.26%
20260915,168,横浜ＦＧ,7186,東P,,"1,887.5",-45.0,-2.33%,"6,232",16.2倍,1.44倍,2.49%
20260915,169,ＴＯＰＰＡＮ,7911,東P,,"4,630",-42,-0.90%,"6,208",23.4倍,0.93倍,1.25%
20260915,170,ＴＯＴＯ,5332,東P,,"5,656",-39,-0.68%,"6,137",20.2倍,1.74倍,2.12%
20260915,171,ＧＳユアサ,6674,東P,,"5,227",+127,+2.49%,"6,132",13.3倍,1.33倍,1.87%
20260915,172,千葉銀,8331,東P,,"2,718.0",-52.5,-1.89%,"6,123",17.5倍,1.45倍,2.35%
20260915,173,オムロン,6645,東P,,"5,909",-85,-1.42%,"6,110",28.7倍,1.40倍,1.86%
20260915,174,大林組,1802,東P,,"3,020.0",-51.0,-1.66%,"6,066",13.2倍,1.67倍,3.11%
20260915,175,オリンパス,7733,東P,,"1,975.0",-11.0,-0.55%,"6,022",20.5倍,2.81倍,1.52%
20260915,176,アマダ,6113,東P,,"2,326.5",+12.5,+0.54%,"6,022",20.9倍,1.33倍,2.75%
20260915,177,日産自,7201,東P,,312.6,-0.6,-0.19%,"5,950",54.7倍,0.22倍,ー%
20260915,178,フェローテク,6890,東S,,"8,760",+160,+1.86%,"5,936",9.85倍,1.46倍,3.04%
20260915,179,東応化,4186,東P,,"8,015",+109,+1.38%,"5,857",22.6倍,3.88倍,1.00%
20260915,180,テルモ,4543,東P,,"2,242.5",-20.0,-0.88%,"5,823",17.1倍,1.99倍,1.61%
20260915,181,ＮＧＫ,5333,東P,,"5,070",+20,+0.40%,"5,768",17.4倍,1.76倍,2.09%
20260915,182,野村東証指数,1306,東Ｅ,,421.3,-2.0,-0.47%,"5,654",ー倍,ー倍,ー%
20260915,183,キッコマン,2801,東P,,"1,676.5",-21.5,-1.27%,"5,473",25.3倍,2.71倍,1.49%
20260915,184,ＡＲＣＨＩＯ,543A,東P,,271,-3,-1.09%,"5,432",2.31倍,0.74倍,2.95%
20260915,185,ＳＵＢＡＲＵ,7270,東P,,"2,629.0",-20.0,-0.76%,"5,348",14.1倍,0.66倍,4.41%
20260915,186,ダイフク,6383,東P,,"5,368",-80,-1.47%,"5,323",23.1倍,3.98倍,1.68%
20260915,187,ＪＲ西日本,9021,東P,,"3,057.0",-10.0,-0.33%,"5,307",13.9倍,1.14倍,3.19%
20260915,188,ブラザー,6448,東P,,"4,471",+36,+0.81%,"5,261",14.2倍,1.36倍,2.24%
20260915,189,コスモス薬品,3349,東P,,"6,608",-90,-1.34%,"5,208",17.1倍,1.85倍,1.27%
20260915,190,大ガス,9532,東P,,"6,078",-34,-0.56%,"5,198",15.8倍,1.25倍,2.14%
20260915,191,日東電,6988,東P,,"3,229.0",-4.0,-0.12%,"5,175",15.0倍,1.85倍,1.98%
20260915,192,ＡＮＡＨＤ,9202,東P,,"2,976.0",+2.5,+0.08%,"5,149",13.6倍,1.06倍,2.02%
20260915,193,ＦＦＲＩ,3692,東G,,"7,200",+250,+3.60%,"5,117",50.3倍,15.2倍,0.25%
20260915,194,三越伊勢丹,3099,東P,,"3,189.0",+48.0,+1.53%,"5,110",17.6倍,1.85倍,2.51%
20260915,195,トーメンデバ,2737,東P,,"36,950","+3,350",+9.97%,"5,094",8.38倍,3.56倍,4.44%
20260915,196,ふくおかＦＧ,8354,東P,,"7,735",-102,-1.30%,"5,063",14.6倍,1.30倍,2.71%
20260915,197,双日,2768,東P,,"5,729",-81,-1.39%,"5,039",9.17倍,1.04倍,3.14%
20260915,198,東ガス,9531,東P,,"6,335",-51,-0.80%,"5,003",15.1倍,1.20倍,1.89%
20260915,199,しずおかＦＧ,5831,東P,,"3,513.0",-62.0,-1.73%,"4,987",16.0倍,1.43倍,3.07%
20260915,200,島津,7701,東P,,"3,780",-61,-1.59%,"4,963",18.5倍,1.90倍,1.85%
20260915,201,ユニチカ,3103,東S,,"1,367",-13,-0.94%,"4,811",16.6倍,2.35倍,ー%
20260915,202,五洋建,1893,東P,,"1,554.0",+36.5,+2.41%,"4,794",12.0倍,2.19倍,3.35%
20260915,203,三菱ＨＣキャ,8593,東P,,"1,384.0",-14.5,-1.04%,"4,755",12.4倍,0.99倍,3.68%
20260915,204,ＡＧＣ,5201,東P,,"5,528",-37,-0.66%,"4,752",15.3倍,0.77倍,3.80%
20260915,205,メタプラ,3350,東S,,251,+4,+1.62%,"4,738",ー倍,0.95倍,ー%
20260915,206,マツキヨココ,3088,東P,,"2,535.5",-25.0,-0.98%,"4,716",16.9倍,1.86倍,2.21%
20260915,207,タイミー,215A,東G,,"1,316",-64,-4.64%,"4,560",20.3倍,7.71倍,ー%
20260915,208,三井海洋,6269,東P,,"9,076",-14,-0.15%,"4,546",10.7倍,2.32倍,2.20%
20260915,209,三菱ケミＧ,4188,東P,,"1,154.0",+7.0,+0.61%,"4,541",12.4倍,0.86倍,2.77%
20260915,210,ＧＸリー日株,2641,東Ｅ,,"4,475",-16,-0.36%,"4,536",ー倍,ー倍,ー%
20260915,211,シャープ,6753,東P,,670.8,-17.7,-2.57%,"4,536",17.4倍,1.49倍,ー%
20260915,212,ニデック,6594,東P,,"2,642",-13,-0.49%,"4,411",ー倍,1.72倍,ー%
20260915,213,シマノ,7309,東P,,"17,905",+35,+0.20%,"4,411",35.1倍,1.73倍,2.03%
20260915,214,東北電,9506,東P,,"1,409.5",-12.0,-0.84%,"4,402",ー倍,0.62倍,2.84%
20260915,215,ＴＯＷＡ,6315,東P,,"2,132",+27,+1.28%,"4,388",22.9倍,2.12倍,1.13%
20260915,216,メルカリ,4385,東P,,"3,867",-19,-0.49%,"4,383",ー倍,4.60倍,ー%
20260915,217,オルガノ,6368,東P,,"11,695",-180,-1.52%,"4,369",17.9倍,3.79倍,1.88%
20260915,218,ＳＢＩ新生銀,8303,東P,,"1,609.0",-21.0,-1.29%,"4,366",ー倍,1.17倍,ー%
20260915,219,住友林,1911,東P,,"1,233.0",-26.0,-2.07%,"4,362",12.6倍,0.69倍,4.06%
20260915,220,菊池製作,3444,東S,,"1,215",+67,+5.84%,"4,353",107倍,2.60倍,0.82%
20260915,221,ＮＸＨＤ,9147,東P,,"5,481",+46,+0.85%,"4,295",18.5倍,1.55倍,1.82%
20260915,222,フィーチャ,4052,東G,,948,+10,+1.07%,"4,276",126倍,7.62倍,ー%
20260915,223,菱ガス化,4182,東P,,"3,720.0",+34.0,+0.92%,"4,274",13.2倍,1.09倍,2.96%
20260915,224,住友化,4005,東P,,560.5,+4.5,+0.81%,"4,261",13.3倍,0.84倍,2.85%
20260915,225,あおぞら銀,8304,東P,,"3,482.0",-62.0,-1.75%,"4,242",17.9倍,0.97倍,2.87%
20260915,226,日立建機,6305,東P,,"5,624",-27,-0.48%,"4,239",14.0倍,1.27倍,3.38%
20260915,227,サイバー,4751,東P,,"1,263.0",+1.5,+0.12%,"4,202",15.6倍,3.12倍,1.58%
20260915,228,ＴＯＹＯ,5105,東P,,"3,695",-16,-0.43%,"4,192",7.34倍,0.83倍,3.65%
20260915,229,ＩＮＶ,8963,東Ｒ,,"61,200",-100,-0.16%,"4,129",15.6倍,1.33倍,7.14%
20260915,230,エーザイ,4523,東P,,"4,767",+24,+0.51%,"4,124",25.8倍,1.49倍,3.36%
20260915,231,リンテック,7966,東P,,"5,340",+90,+1.71%,"4,123",16.4倍,1.23倍,2.25%
20260915,232,栗田工,6370,東P,,"7,412",-10,-0.13%,"4,107",15.6倍,2.36倍,1.81%
20260915,233,エアトリ,6191,東P,,"1,640",-25,-1.50%,"4,098",16.7倍,1.93倍,9.76%
20260915,234,楽天銀,5838,東P,,"6,383",-134,-2.06%,"4,090",12.6倍,2.84倍,ー%
20260915,235,オンコセラピ,4564,東G,,23,+1,+4.55%,"4,087",ー倍,4.12倍,ー%
20260915,236,浜ゴム,5101,東P,,"6,711",+38,+0.57%,"4,068",9.05倍,0.94倍,3.32%
20260915,237,ＪＡＬ,9201,東P,,"3,011.0",+17.0,+0.57%,"4,056",11.8倍,0.89倍,3.19%
20260915,238,アルバック,6728,東P,,"6,942",+73,+1.06%,"4,045",18.0倍,1.42倍,2.19%
20260915,239,日電波,6779,東P,,"3,040",+205,+7.23%,"4,042",21.8倍,2.12倍,0.99%
20260915,240,東宝,9602,東P,,"1,618.5",-25.5,-1.55%,"4,006",32.8倍,2.69倍,1.36%
20260915,241,ゼンムテック,338A,東G,,"3,100",-15,-0.48%,"3,992",28.0倍,11.1倍,ー%
20260915,242,精工技研,6834,東S,,"4,915",+45,+0.92%,"3,964",23.9倍,6.17倍,0.61%
20260915,243,ＴＨＫ,6481,東P,,"5,918",+39,+0.66%,"3,921",12.1倍,2.40倍,3.30%
20260915,244,セガサミー,6460,東P,,"3,322.0",-38.0,-1.13%,"3,886",20.8倍,1.90倍,1.66%
20260915,245,ハーモニック,6324,東P,,"5,850",+20,+0.34%,"3,864",92.3倍,6.81倍,0.34%
20260915,246,ホトニクス,6965,東P,,"2,176.5",+20.5,+0.95%,"3,853",35.8倍,1.98倍,1.75%
20260915,247,アストロＨＤ,186A,東G,,"1,007",-13,-1.27%,"3,852",ー倍,11.1倍,ー%
20260915,248,野村不ＨＤ,3231,東P,,906.3,-11.2,-1.22%,"3,849",9.03倍,0.97倍,4.85%
20260915,249,めぶきＦＧ,7167,東P,,"1,683.0",-22.0,-1.29%,"3,813",15.1倍,1.42倍,2.61%
20260915,250,マツダ,7261,東P,,"1,147.5",-3.5,-0.30%,"3,782",8.05倍,0.38倍,4.79%
20260915,251,Ｔ＆Ｄ,8795,東P,,"4,913",-96,-1.92%,"3,745",17.2倍,1.39倍,3.34%
20260915,252,大塚商会,4768,東P,,"3,606.0",-13.0,-0.36%,"3,735",21.1倍,3.30倍,2.91%
20260915,253,大東建,1878,東P,,"3,323.0",-29.0,-0.87%,"3,728",10.0倍,2.18倍,4.91%
20260915,254,堀場製,6856,東P,,"21,560",+10,+0.05%,"3,727",18.1倍,2.48倍,3.66%
20260915,255,住友ファーマ,4506,東P,,"1,582.5",+15.0,+0.96%,"3,706",9.22倍,1.74倍,ー%
20260915,256,電通グループ,4324,東P,,"3,633.0",-43.0,-1.17%,"3,678",13.5倍,2.22倍,ー%
20260915,257,ローツェ,6323,東P,,"3,464.0",+80.0,+2.36%,"3,677",21.6倍,4.40倍,0.58%
20260915,258,エムスリー,2413,東P,,"1,742.5",-6.0,-0.34%,"3,671",21.9倍,2.86倍,ー%
20260915,259,芝浦,6590,東P,,"3,700",+60,+1.65%,"3,669",20.4倍,4.53倍,1.73%
20260915,260,インフロニア,5076,東P,,"2,815.0",-34.5,-1.21%,"3,665",8.54倍,1.40倍,4.69%
20260915,261,ＭＡＲＵＷＡ,5344,東P,,"53,750",+760,+1.43%,"3,640",ー倍,4.38倍,0.20%
20260915,262,協和キリン,4151,東P,,"2,241.0",+15.5,+0.70%,"3,636",15.7倍,1.28倍,3.12%
20260915,263,助川電気,7711,東S,,"5,210",-470,-8.27%,"3,625",31.8倍,5.14倍,1.00%
20260915,264,シチズン,7762,東P,,"2,285",+12,+0.53%,"3,597",17.4倍,1.87倍,2.32%
20260915,265,ユニチャーム,8113,東P,,961.0,-11.4,-1.17%,"3,594",23.6倍,2.04倍,2.29%
20260915,266,九州電,9508,東P,,"2,140.5",-34.0,-1.56%,"3,529",8.15倍,1.02倍,2.34%
20260915,267,明治ＨＤ,2269,東P,,"4,284",-38,-0.88%,"3,515",18.6倍,1.50倍,2.57%
20260915,268,アイシン,7259,東P,,"2,221.0",-15.5,-0.69%,"3,469",10.3倍,0.73倍,3.38%
20260915,269,サントリＢＦ,2587,東P,,"4,522",+13,+0.29%,"3,444",15.7倍,1.03倍,2.65%
20260915,270,住友ゴ,5110,東P,,"1,994.0",-10.5,-0.52%,"3,435",9.53倍,0.69倍,4.21%
20260915,271,サムコ,6387,東P,,"7,670",-350,-4.36%,"3,396",22.5倍,3.94倍,0.98%
20260915,272,大阪チタ,5726,東P,,"2,404",-59,-2.40%,"3,377",61.9倍,2.36倍,0.54%
20260915,273,ＳＷＣＣ,5805,東P,,"12,920",+160,+1.25%,"3,356",16.6倍,3.79倍,2.41%
20260915,274,ＦＵＪＩ,6134,東P,,"6,766",+72,+1.08%,"3,318",13.5倍,2.45倍,2.81%
20260915,275,ゼンショＨＤ,7550,東P,,"11,340",-135,-1.18%,"3,301",34.5倍,6.45倍,0.71%
20260915,276,大日印,7912,東P,,"2,979.0",-25.0,-0.83%,"3,291",13.4倍,1.03倍,1.38%
20260915,277,朝日インテク,7747,東P,,"3,253.0",+2.0,+0.06%,"3,282",22.8倍,4.98倍,1.53%
20260915,278,シスメックス,6869,東P,,"1,841.5",+20.0,+1.10%,"3,272",30.0倍,2.28倍,2.17%
20260915,279,関西ペ,4613,東P,,"2,859.5",-9.5,-0.33%,"3,254",17.9倍,1.68倍,4.06%
20260915,280,フルヤ金属,7826,東P,,"10,350",+160,+1.57%,"3,251",14.4倍,3.25倍,1.74%
20260915,281,ＳＨＩＦＴ,3697,東P,,872.5,-12.3,-1.39%,"3,240",ー倍,5.86倍,0.47%
20260915,282,いすゞ,7202,東P,,"2,193.0",-2.0,-0.09%,"3,230",9.42倍,1.00倍,4.29%
20260915,283,スクエニＨＤ,9684,東P,,"2,996.5",+9.5,+0.32%,"3,226",34.9倍,3.05倍,1.44%
20260915,284,東レ,3402,東P,,"1,226.5",-6.0,-0.49%,"3,222",19.9倍,0.98倍,2.12%
20260915,285,四国電,9507,東P,,"2,186.5",+9.5,+0.44%,"3,209",14.8倍,0.91倍,2.52%
20260915,286,テクセンド,429A,東P,,"3,665",-40,-1.08%,"3,207",15.4倍,2.05倍,1.91%
20260915,287,東京精,7729,東P,,"16,255",+130,+0.81%,"3,143",21.4倍,3.47倍,1.87%
20260915,288,アルプスアル,6770,東P,,"2,212.5",-13.0,-0.58%,"3,101",14.3倍,0.96倍,2.89%
20260915,289,コカＢＪＨ,2579,東P,,"3,786",+22,+0.58%,"3,088",27.1倍,1.67倍,1.90%
20260915,290,七十七,8341,東P,,"4,037",-57,-1.39%,"3,079",14.7倍,1.19倍,2.58%
20260915,291,ＧＭＯ－ＰＧ,3769,東P,,"8,707",+121,+1.41%,"3,063",28.3倍,5.29倍,1.95%
20260915,292,ヤクルト,2267,東P,,"2,853.0",-34.0,-1.18%,"3,060",17.5倍,1.35倍,2.52%
20260915,293,ツルハＨＤ,3391,東P,,"2,277.0",-7.0,-0.31%,"3,054",24.9倍,1.18倍,2.11%
20260915,294,日本空港ビル,9706,東P,,"5,475",-1,-0.02%,"3,045",21.0倍,2.37倍,1.74%
20260915,295,日本酸素ＨＤ,4091,東P,,"5,442",-13,-0.24%,"3,002",18.0倍,1.86倍,1.21%
20260915,296,日清食ＨＤ,2897,東P,,"2,996.0",-10.0,-0.33%,"2,999",18.4倍,1.64倍,2.34%
20260915,297,東洋水,2875,東P,,"10,035",-70,-0.69%,"2,997",14.5倍,1.77倍,2.19%
20260915,298,ニチレイ,2871,東P,,"2,193.0",-34.0,-1.53%,"2,974",20.2倍,1.91倍,3.04%
20260915,299,高砂熱,1969,東P,,"4,521",+103,+2.33%,"2,953",14.8倍,2.86倍,2.72%
20260915,300,ＺＯＺＯ,3092,東P,,"1,155.5",+10.5,+0.92%,"2,948",20.3倍,10.2倍,3.46%
20260915,301,横河電,6841,東P,,"4,570",-25,-0.54%,"2,948",19.4倍,2.25倍,2.01%
20260915,302,マキタ,6586,東P,,"5,252",+4,+0.08%,"2,942",16.7倍,1.34倍,ー%
20260915,303,ＴＩＳＩ,3626,東P,,"3,991",-96,-2.35%,"2,933",14.7倍,2.86倍,2.26%
20260915,304,日産化,4021,東P,,"7,964",+130,+1.66%,"2,907",20.6倍,4.23倍,2.66%
20260915,305,Ｊフロント,3086,東P,,"2,635.0",+52.5,+2.03%,"2,888",22.2倍,1.57倍,2.13%
20260915,306,ＤＯＷＡ,5714,東P,,"8,921",+29,+0.33%,"2,885",9.26倍,1.15倍,3.79%
20260915,307,アピリッツ,4174,東S,,"1,078",+33,+3.16%,"2,885",20.2倍,2.43倍,2.69%
20260915,308,かんぽ生命,7181,東P,,"1,763.0",-25.0,-1.40%,"2,858",13.6倍,0.41倍,2.84%
20260915,309,カシオ,6952,東P,,"2,078.0",+29.5,+1.44%,"2,849",19.4倍,1.93倍,ー%
20260915,310,関電工,1942,東P,,"5,397",-66,-1.21%,"2,845",16.5倍,2.79倍,2.41%
20260915,311,ビルファンド,8951,東Ｒ,,"121,700",-600,-0.49%,"2,827",26.9倍,1.42倍,4.05%
20260915,312,日精工,6471,東P,,"1,045.0",+2.5,+0.24%,"2,815",17.6倍,0.75倍,3.25%
20260915,313,モノタロウ,3064,東P,,"1,972.5",-20.0,-1.00%,"2,803",26.8倍,8.03倍,1.88%
20260915,314,ワークマン,7564,東S,,"5,570",-60,-1.07%,"2,801",20.4倍,2.95倍,1.60%
20260915,315,ナブテスコ,6268,東P,,"4,437",+11,+0.25%,"2,791",21.4倍,1.81倍,1.85%
20260915,316,ブレインズ,4075,東G,,"1,343",+188,+16.28%,"2,789",45.5倍,4.26倍,ー%
20260915,317,野村東証銀行,1615,東Ｅ,,767.9,-13.2,-1.69%,"2,784",ー倍,ー倍,ー%
20260915,318,モイ,5031,東G,,428,+30,+7.54%,"2,753",ー倍,2.46倍,ー%
20260915,319,日揮ＨＤ,1963,東P,,"2,304.5",-39.0,-1.66%,"2,699",12.1倍,1.31倍,2.26%
20260915,320,三井化学,4183,東P,,"2,119.5",+3.0,+0.14%,"2,697",17.0倍,0.88倍,3.54%
20260915,321,エプソン,6724,東P,,"3,096.0",-5.0,-0.16%,"2,690",14.3倍,1.14倍,2.58%
20260915,322,マクドナルド,2702,東S,,"8,090",-10,-0.12%,"2,685",30.7倍,3.68倍,0.79%
20260915,323,ビジョナル,4194,東P,,"8,600",+211,+2.52%,"2,672",18.8倍,4.05倍,ー%
20260915,324,西武ＨＤ,9024,東P,,"3,494.0",-115.0,-3.19%,"2,666",32.9倍,1.55倍,1.20%
20260915,325,すかいらーく,3197,東P,,"3,308.0",-14.0,-0.42%,"2,665",36.7倍,3.86倍,0.82%
20260915,326,日ハム,2282,東P,,"6,251",-43,-0.68%,"2,659",15.0倍,1.07倍,2.88%
20260915,327,高島屋,8233,東P,,"2,103.0",+5.0,+0.24%,"2,656",16.2倍,1.36倍,1.90%
20260915,328,いよぎんＨＤ,5830,東P,,"3,829",-54,-1.39%,"2,655",14.2倍,1.19倍,2.09%
20260915,329,コスモＨＤ,5021,東P,,"4,490",-80,-1.75%,"2,649",16.2倍,1.05倍,3.67%
20260915,330,ＣＫＤ,6407,東P,,"4,975",+20,+0.40%,"2,649",17.5倍,2.07倍,2.25%
20260915,331,サイゼリヤ,7581,東P,,"6,700",-130,-1.90%,"2,643",27.9倍,2.52倍,0.52%
20260915,332,日電硝,5214,東P,,"4,690",-82,-1.72%,"2,625",22.8倍,0.69倍,3.41%
20260915,333,日油,4403,東P,,"2,584.5",-13.0,-0.50%,"2,614",14.8倍,1.96倍,2.71%
20260915,334,ｉＳ日経,1329,東Ｅ,,"6,575",-17,-0.26%,"2,598",ー倍,ー倍,ー%
20260915,335,東急,9005,東P,,"1,673.0",-21.5,-1.27%,"2,598",10.4倍,1.00倍,1.91%
20260915,336,マネフォ,3994,東P,,"6,136",-229,-3.60%,"2,581",ー倍,8.25倍,ー%
20260915,337,純金信託,1540,東Ｅ,,"19,890",-100,-0.50%,"2,525",ー倍,ー倍,ー%
20260915,338,ＱＤレーザ,6613,東G,,"1,995",+24,+1.22%,"2,521",190倍,17.1倍,ー%
20260915,339,共立メンテ,9616,東P,,"3,147.0",-4.0,-0.13%,"2,520",15.9倍,1.95倍,1.46%
20260915,340,ヒロセ電,6806,東P,,"23,900",-80,-0.33%,"2,520",22.1倍,2.04倍,2.18%
20260915,341,かどや製油,2612,東S,,"2,800",+381,+15.75%,"2,508",37.7倍,2.09倍,ー%
20260915,342,ランド,8918,東S,,10,0,0.00%,"2,489",11.4倍,1.62倍,ー%
20260915,343,小野薬,4528,東P,,"2,353.5",+16.0,+0.68%,"2,483",15.6倍,1.28倍,3.40%
20260915,344,日ケミコン,6997,東P,,"2,794",+190,+7.30%,"2,482",19.1倍,1.57倍,0.89%
20260915,345,京都ＦＧ,5844,東P,,"4,815",-85,-1.73%,"2,481",25.9倍,0.97倍,2.18%
20260915,346,タカラトミー,7867,東P,,"3,864",+28,+0.73%,"2,480",18.5倍,3.05倍,1.81%
20260915,347,マクニカＨＤ,3132,東P,,"3,828",+68,+1.81%,"2,462",21.4倍,2.38倍,2.09%
20260915,348,アインＨＤ,9627,東P,,"5,734",-287,-4.77%,"2,461",13.5倍,1.28倍,1.74%
20260915,349,上場東証指数,1308,東Ｅ,,"4,155",-21,-0.50%,"2,454",ー倍,ー倍,ー%
20260915,350,ヤマダＨＤ,9831,東P,,715.0,-5.8,-0.80%,"2,420",17.1倍,0.75倍,2.38%
20260915,351,ＤＭＧ森精機,6141,東P,,"2,759.0",+18.0,+0.66%,"2,392",27.8倍,1.22倍,3.81%
20260915,352,ダイワボウ,3107,東P,,"3,712",-61,-1.62%,"2,392",12.6倍,1.87倍,2.96%
20260915,353,リコー,7752,東P,,"1,619.5",-5.5,-0.34%,"2,390",14.6倍,0.77倍,2.72%
20260915,354,西日本ＦＨ,7189,東P,,"4,915",-57,-1.15%,"2,382",14.3倍,1.07倍,2.85%
20260915,355,滋賀銀,8366,東P,,"2,854",-53,-1.82%,"2,366",23.0倍,1.02倍,1.75%
20260915,356,クレセゾン,8253,東P,,"4,600",-74,-1.58%,"2,358",8.75倍,0.86倍,3.48%
20260915,357,日本ペＨＤ,4612,東P,,"1,115.0",-12.5,-1.11%,"2,342",13.7倍,1.29倍,1.52%
20260915,358,阪急阪神,9042,東P,,"4,666",-18,-0.38%,"2,338",13.6倍,0.97倍,2.14%
20260915,359,丸井Ｇ,8252,東P,,"2,891.0",-5.5,-0.19%,"2,334",17.0倍,2.13倍,4.64%
20260915,360,ユニオンツル,6278,東P,,"12,780",+110,+0.87%,"2,334",20.2倍,2.08倍,1.17%
20260915,361,ＬＩＸＩＬ,5938,東P,,"1,737.0",+2.5,+0.14%,"2,327",41.6倍,0.76倍,5.18%
20260915,362,さくらネット,3778,東P,,"3,580",-25,-0.69%,"2,323",95.6倍,4.66倍,0.15%
20260915,363,扶桑化学,4368,東P,,"2,871",+53,+1.88%,"2,319",15.8倍,2.47倍,0.98%
20260915,364,群馬銀,8334,東P,,"2,877.0",-51.5,-1.76%,"2,306",16.8倍,1.72倍,2.43%
20260915,365,住友重,6302,東P,,"5,569",+5,+0.09%,"2,306",18.9倍,0.94倍,2.60%
20260915,366,神戸鋼,5406,東P,,"2,020.0",-19.0,-0.93%,"2,273",8.04倍,0.64倍,3.96%
20260915,367,積水化,4204,東P,,"2,489.0",-21.5,-0.86%,"2,267",13.2倍,1.18倍,3.25%
20260915,368,コニカミノル,4902,東P,,623.1,+5.7,+0.92%,"2,266",10.8倍,0.56倍,2.89%
20260915,369,Ｓａｎｓａｎ,4443,東P,,"2,080",-30,-1.42%,"2,256",28.0倍,13.0倍,0.24%
20260915,370,きんでん,1944,東P,,"6,745",-40,-0.59%,"2,244",15.9倍,2.56倍,3.56%
20260915,371,三井ハイテク,6966,東P,,862,+13,+1.53%,"2,241",10.9倍,1.26倍,2.20%
20260915,372,光通信,9435,東P,,"38,040",-390,-1.01%,"2,232",13.9倍,1.33倍,2.10%
20260915,373,ヒューリック,3003,東P,,"1,733.0",-24.5,-1.39%,"2,228",10.9倍,1.39倍,3.87%
20260915,374,アンリツ,6754,東P,,"3,115.0",-5.0,-0.16%,"2,224",26.6倍,2.99倍,1.61%
20260915,375,Ａｐｐｉｅｒ,4180,東P,,"1,532",+17,+1.12%,"2,220",38.0倍,3.92倍,0.15%
20260915,376,ジーエヌアイ,2160,東G,,"2,895",-33,-1.13%,"2,213",ー倍,4.71倍,ー%
20260915,377,小田急,9007,東P,,"1,827.5",-5.0,-0.27%,"2,205",16.2倍,1.22倍,3.28%
20260915,378,デクセリ,4980,東P,,"2,875.0",+33.0,+1.16%,"2,194",17.5倍,4.32倍,2.23%
20260915,379,電子材料,6855,東S,,"6,460",+150,+2.38%,"2,190",14.1倍,2.04倍,1.55%
20260915,380,シンフォニア,6507,東P,,"11,620",+430,+3.84%,"2,189",21.9倍,3.22倍,1.39%
20260915,381,ＧＸ高配日株,2564,東Ｅ,,"3,669",-9,-0.24%,"2,170",ー倍,ー倍,ー%
20260915,382,ディーエヌエ,2432,東P,,"2,558.5",+6.5,+0.25%,"2,146",ー倍,1.08倍,ー%
20260915,383,山パン,2212,東P,,"3,821",-68,-1.75%,"2,138",17.7倍,1.60倍,1.57%
20260915,384,ＷＨＤＣ,3823,東S,,53,+21,+65.63%,"2,125",ー倍,4.73倍,ー%
20260915,385,サッポロ,2501,東P,,"1,859.5",-5.5,-0.29%,"2,117",2.45倍,1.41倍,2.15%
20260915,386,ＤＩＣ,4631,東P,,"4,637",+12,+0.26%,"2,109",9.11倍,0.86倍,3.23%
20260915,387,中央自,8117,東S,,"2,137",+28,+1.33%,"2,045",12.4倍,1.86倍,2.95%
20260915,388,スタンレー,6923,東P,,"3,466.0",+19.0,+0.55%,"2,041",12.5倍,0.93倍,3.20%
20260915,389,エニーカラー,5032,東P,,"3,240",0,0.00%,"2,040",14.9倍,6.71倍,1.91%
20260915,390,リガクＨＤ,268A,東P,,"1,618",+25,+1.57%,"2,017",29.3倍,4.11倍,1.17%
20260915,391,スカＪＳＡＴ,9412,東P,,"1,955",-7,-0.36%,"2,009",20.5倍,1.81倍,2.46%
20260915,392,Ｊパワー,9513,東P,,"4,179",-20,-0.48%,"2,005",9.08倍,0.51倍,2.51%
20260915,393,長谷工,1808,東P,,"2,713.5",-37.5,-1.36%,"2,004",10.9倍,1.26倍,3.69%
20260915,394,ロート,4527,東P,,"2,865.0",-6.0,-0.21%,"1,996",18.3倍,2.09倍,1.75%
20260915,395,ラウンドワン,4680,東P,,"1,182.5",-23.0,-1.91%,"1,992",17.0倍,3.62倍,1.52%
20260915,396,三菱自,7211,東P,,360.2,-2.1,-0.58%,"1,988",19.3倍,0.53倍,2.78%
20260915,397,八十二長野,8359,東P,,"2,707.0",-26.5,-0.97%,"1,986",16.9倍,1.02倍,2.40%
20260915,398,日本アビオ,6946,東S,,"6,510",+50,+0.77%,"1,981",22.9倍,5.64倍,0.23%
20260915,399,ｓａｎｔｅｃ,6777,東S,,"18,950",+490,+2.65%,"1,969",25.3倍,7.73倍,1.21%
20260915,400,フューチャー,4722,東P,,"2,426",0,0.00%,"1,969",18.2倍,3.24倍,0.99%
20260915,401,東京メトロ,9023,東P,,"1,540.0",-9.5,-0.61%,"1,969",17.9倍,1.21倍,2.86%
20260915,402,ＴＰＸブル,1568,東Ｅ,,970.0,-10.5,-1.07%,"1,961",ー倍,ー倍,ー%
20260915,403,ＴＢＳＨＤ,9401,東P,,"5,841",+23,+0.40%,"1,951",18.4倍,0.55倍,1.71%
20260915,404,北海電,9509,東P,,"1,130.0",-5.5,-0.48%,"1,949",11.3倍,0.57倍,2.92%
20260915,405,ＵＳＳ,4732,東P,,"1,907.5",-17.0,-0.88%,"1,940",20.3倍,4.64倍,2.96%
20260915,406,森永乳,2264,東P,,"1,122.5",-12.5,-1.10%,"1,938",17.3倍,1.31倍,2.23%
20260915,407,ダイヘン,6622,東P,,"11,830",-60,-0.50%,"1,934",16.9倍,1.78倍,1.78%
20260915,408,ＪＩＮＳＨＤ,3046,東P,,"5,920",+160,+2.78%,"1,933",16.0倍,3.87倍,1.94%
20260915,409,ツムラ,4540,東P,,"3,766",-23,-0.61%,"1,933",10.7倍,0.86倍,4.20%
20260915,410,第四北越ＦＧ,7327,東P,,"2,614",-46,-1.73%,"1,927",13.0倍,1.15倍,3.06%
20260915,411,古野電,6814,東P,,"7,030",-130,-1.82%,"1,913",17.1倍,2.42倍,2.28%
20260915,412,電通総研,4812,東P,,"2,864",0,0.00%,"1,905",31.1倍,5.30倍,0.79%
20260915,413,ＪＲ九州,9142,東P,,"3,561.0",-15.0,-0.42%,"1,904",10.6倍,1.10倍,3.40%
20260915,414,ニチアス,5393,東P,,"3,282.0",+14.0,+0.43%,"1,903",17.6倍,2.53倍,1.98%
20260915,415,東ソー,4042,東P,,"2,561.0",+20.0,+0.79%,"1,899",13.4倍,0.94倍,3.90%
20260915,416,東京計器,7721,東P,,"6,700",0,0.00%,"1,883",20.4倍,2.43倍,0.72%
20260915,417,インフォＭＴ,2492,東P,,712,-2,-0.28%,"1,859",61.3倍,6.31倍,0.92%
20260915,418,ＵＢＥ,4208,東P,,"3,408.0",-1.0,-0.03%,"1,857",13.5倍,0.75倍,4.69%
20260915,419,ジャパンエン,6016,東S,,"11,480",+180,+1.59%,"1,845",19.2倍,5.02倍,0.87%
20260915,420,ノースサンド,446A,東G,,"2,099",+87,+4.32%,"1,842",21.2倍,7.53倍,1.67%
20260915,421,ニコン,7731,東P,,"1,696.5",-13.5,-0.79%,"1,839",55.9倍,0.94倍,1.18%
20260915,422,ゼオン,4205,東P,,"2,345.5",+26.5,+1.14%,"1,826",12.5倍,1.14倍,3.37%
20260915,423,日本オラクル,4716,東S,,"9,237",-126,-1.35%,"1,826",ー倍,5.78倍,ー%
20260915,424,ほくほくＦＧ,8377,東P,,"8,236",-105,-1.26%,"1,809",15.8倍,1.30倍,1.82%
20260915,425,ジェイテクト,6473,東P,,"2,008.5",+8.0,+0.40%,"1,805",12.8倍,0.79倍,3.49%
20260915,426,東急不ＨＤ,3289,東P,,"1,283.0",-10.0,-0.77%,"1,805",9.15倍,1.00倍,3.90%
20260915,427,ヤマハ,7951,東P,,"1,249.5",0,0.00%,"1,783",17.7倍,1.11倍,2.08%
20260915,428,フジＨＤ,4676,東P,,"4,109",+1,+0.02%,"1,779",22.4倍,1.09倍,4.87%
20260915,429,王子ＨＤ,3861,東P,,869.8,-3.0,-0.34%,"1,774",21.1倍,0.68倍,4.14%
20260915,430,ソレイジア,4597,東G,,29,0,0.00%,"1,769",ー倍,5.45倍,ー%
20260915,431,ＧＥＮＤＡ,9166,東G,,686,-30,-4.19%,"1,762",ー倍,1.93倍,1.17%
20260915,432,大同特鋼,5471,東P,,"2,331.5",+46.0,+2.01%,"1,749",16.9倍,0.96倍,2.23%
20260915,433,スギＨＤ,7649,東P,,"1,289.0",-8.5,-0.66%,"1,745",14.6倍,1.63倍,1.36%
20260915,434,北川鉄,6317,東S,,"2,443",+336,+15.95%,"1,745",6.79倍,0.49倍,4.50%
20260915,435,テンシャル,325A,東G,,"1,980",+163,+8.97%,"1,736",17.4倍,7.46倍,ー%
20260915,436,メイテックＧ,9744,東P,,"3,400.0",-7.0,-0.21%,"1,735",18.9倍,5.95倍,5.32%
20260915,437,ニッパツ,5991,東P,,"3,249.0",-7.0,-0.21%,"1,716",14.6倍,1.45倍,2.12%
20260915,438,オープンＨ,3288,東P,,"7,599",-84,-1.09%,"1,708",7.04倍,1.42倍,2.70%
20260915,439,太平洋セメ,5233,東P,,"4,142",+58,+1.42%,"1,704",7.17倍,0.67倍,2.90%
20260915,440,東京きらぼし,7173,東P,,"1,699",+7,+0.41%,"1,696",12.4倍,1.32倍,1.77%
20260915,441,しまむら,8227,東P,,"3,216.0",-17.0,-0.53%,"1,690",14.1倍,1.36倍,2.49%
20260915,442,３ＤＭ,7777,東G,,407,-1,-0.25%,"1,688",32.8倍,7.49倍,ー%
20260915,443,石川製,6208,東S,,"1,847",+117,+6.76%,"1,683",18.0倍,1.87倍,1.08%
20260915,444,ホテルリート,8985,東Ｒ,,"83,900",0,0.00%,"1,676",9.51倍,1.45倍,6.93%
20260915,445,弁護士ＣＯＭ,6027,東P,,"5,640",-200,-3.42%,"1,674",64.2倍,17.5倍,ー%
20260915,446,トクヤマ,4043,東P,,"4,044",+25,+0.62%,"1,671",11.2倍,1.01倍,3.26%
20260915,447,日触媒,4114,東P,,"2,521.5",+17.0,+0.68%,"1,665",18.2倍,0.93倍,5.55%
20260915,448,ネクステージ,3186,東P,,"2,955",+24,+0.82%,"1,661",13.6倍,2.73倍,1.69%
20260915,449,日本Ｍ＆Ａ,2127,東P,,647.1,+2.6,+0.40%,"1,655",15.3倍,4.32倍,4.48%
20260915,450,中国塗,4617,東P,,"3,490",+55,+1.60%,"1,653",15.8倍,1.79倍,2.87%
20260915,451,ホシザキ,6465,東P,,"5,297",-47,-0.88%,"1,653",19.4倍,1.86倍,2.17%
20260915,452,コムシスＨＤ,1721,東P,,"5,387",-54,-0.99%,"1,648",16.3倍,1.55倍,2.51%
20260915,453,ＦＥＡＳＹ,212A,東P,,"2,658",-111,-4.01%,"1,646",17.9倍,6.56倍,1.92%
20260915,454,ジャパンＲＥ,8952,東Ｒ,,"114,700",+400,+0.35%,"1,640",21.8倍,1.54倍,4.47%
20260915,455,ダイナマップ,336A,東G,,"1,315",-48,-3.52%,"1,621",ー倍,4.92倍,ー%
20260915,456,エアウォータ,4088,東P,,"3,000",+28,+0.94%,"1,613",24.6倍,1.76倍,ー%
20260915,457,パーソルＨＤ,2181,東P,,293.5,-3.8,-1.28%,"1,611",14.7倍,2.96倍,4.43%
20260915,458,ＳＧＨＤ,9143,東P,,"1,489.5",-8.0,-0.53%,"1,610",14.8倍,1.63倍,3.63%
20260915,459,マブチ,6592,東P,,"1,656.5",-6.0,-0.36%,"1,607",17.6倍,1.14倍,4.23%
20260915,460,ＧＸ半導日株,2644,東Ｅ,,"3,663",+11,+0.30%,"1,597",ー倍,ー倍,ー%
20260915,461,近鉄ＧＨＤ,9041,東P,,"3,540.0",-6.0,-0.17%,"1,594",14.3倍,1.08倍,1.98%
20260915,462,ＳＡＮＫＹＯ,6417,東P,,"2,117.5",-15.5,-0.73%,"1,592",10.5倍,1.69倍,4.72%
20260915,463,シンプレクス,4373,東P,,"1,162",+4,+0.35%,"1,591",21.0倍,5.23倍,2.07%
20260915,464,京成,9009,東P,,"1,387.0",-13.0,-0.93%,"1,588",17.0倍,1.19倍,1.59%
20260915,465,名鉄,9048,東P,,"1,897.5",+2.0,+0.11%,"1,586",9.55倍,0.75倍,3.16%
20260915,466,野村ＲＥＩＴ,1343,東Ｅ,,"1,895.0",-1.5,-0.08%,"1,583",ー倍,ー倍,ー%
20260915,467,ＨＥＮＮＧＥ,4475,東G,,"1,739",-10,-0.57%,"1,579",34.0倍,13.3倍,0.35%
20260915,468,日テレＨＤ,9404,東P,,"3,006.0",+2.0,+0.07%,"1,570",14.2倍,0.69倍,1.50%
20260915,469,石油資源,1662,東P,,"1,910",-23,-1.19%,"1,570",7.52倍,0.83倍,2.36%
20260915,470,クラレ,3405,東P,,"1,779.0",-5.0,-0.28%,"1,565",13.4倍,0.71倍,3.60%
20260915,471,アズビル,6845,東P,,"1,447.0",-2.0,-0.14%,"1,554",20.4倍,3.09倍,3.46%
20260915,472,フリー,4478,東G,,"3,930",-25,-0.63%,"1,553",ー倍,11.1倍,ー%
20260915,473,豊田合,7282,東P,,"5,138",+18,+0.35%,"1,549",10.6倍,1.04倍,3.41%
20260915,474,中国電,9504,東P,,"1,084.5",-10.0,-0.91%,"1,531",12.6倍,0.50倍,2.77%
20260915,475,メック,4971,東P,,"6,100",+60,+0.99%,"1,526",18.6倍,3.08倍,1.80%
20260915,476,ニチコン,6996,東P,,"2,591",+86,+3.43%,"1,513",25.2倍,1.35倍,1.51%
20260915,477,ビプロジー,8056,東P,,"4,840",-24,-0.49%,"1,513",14.5倍,2.64倍,2.89%
20260915,478,野村マイクロ,6254,東P,,"3,235",+10,+0.31%,"1,505",11.2倍,3.29倍,2.63%
20260915,479,大和工,5444,東P,,"12,110",-180,-1.46%,"1,504",12.6倍,1.32倍,3.30%
20260915,480,東武,9001,東P,,"2,975.0",-6.0,-0.20%,"1,500",10.4倍,0.93倍,2.52%
20260915,481,ＧＬＰ,3281,東Ｒ,,"133,400",0,0.00%,"1,498",20.6倍,1.41倍,5.44%
20260915,482,トリケミカル,4369,東P,,"2,941",+67,+2.33%,"1,497",14.6倍,2.50倍,1.19%
20260915,483,日経高配５０,1489,東Ｅ,,"3,542",-19,-0.53%,"1,495",ー倍,ー倍,ー%
20260915,484,東建物,8804,東P,,"3,283.0",-55.0,-1.65%,"1,493",10.5倍,1.12倍,3.84%
20260915,485,百五銀,8368,東P,,"2,425",-14,-0.57%,"1,491",20.3倍,1.12倍,1.73%
20260915,486,リンカーズ,5131,東G,Ｓ,213,+50,+30.67%,"1,489",ー倍,6.37倍,ー%
20260915,487,Ｊマテリアル,6055,東P,,"2,117",+73,+3.57%,"1,484",20.2倍,3.46倍,1.65%
20260915,488,明電舎,6508,東P,,"10,400",-30,-0.29%,"1,482",18.9倍,2.66倍,ー%
20260915,489,データセク,3905,東G,,"1,509",+26,+1.75%,"1,480",5.98倍,2.07倍,ー%
20260915,490,北洋銀,8524,東P,,"1,301",-22,-1.66%,"1,480",16.6倍,1.23倍,2.46%
20260915,491,セブン銀,8410,東P,,344.4,-1.2,-0.35%,"1,479",20.1倍,1.43倍,3.19%
20260915,492,洋缶ＨＤ,5901,東P,,"4,515",-1,-0.02%,"1,479",21.6倍,0.96倍,4.12%
20260915,493,スルガ銀,8358,東P,,"2,829",-35,-1.22%,"1,470",14.9倍,1.44倍,2.12%
20260915,494,ライオン,4912,東P,,"1,753.5",-12.0,-0.68%,"1,451",19.4倍,1.46倍,1.94%
20260915,495,トリドール,3397,東P,,"4,337",-12,-0.28%,"1,450",54.5倍,3.99倍,0.28%
20260915,496,ＷＴＩ原油,1671,東Ｅ,,"6,230",+86,+1.40%,"1,448",ー倍,ー倍,ー%
20260915,497,デンカ,4061,東P,,"3,245.0",+3.0,+0.09%,"1,441",17.5倍,0.90倍,3.08%
20260915,498,三和ＨＤ,5929,東P,,"3,445.0",+7.0,+0.20%,"1,440",11.9倍,2.11倍,4.24%
20260915,499,ＱＰＳＨＤ,464A,東G,,"1,670",+21,+1.27%,"1,433",49.2倍,2.95倍,ー%
20260915,500,ピジョン,7956,東P,,"1,956.0",+3.0,+0.15%,"1,433",25.6倍,2.73倍,3.89%
20260915,501,兼松,8020,東P,,"2,272.5",-15.0,-0.66%,"1,428",10.8倍,1.77倍,3.08%
20260915,502,日機装,6376,東P,,"3,230",+30,+0.94%,"1,418",13.4倍,1.23倍,1.86%
20260915,503,都市ファンド,8953,東Ｒ,,"111,500",0,0.00%,"1,411",17.9倍,1.23倍,5.35%
20260915,504,サンドラッグ,9989,東P,,"3,719",-10,-0.27%,"1,410",13.5倍,1.52倍,3.55%
20260915,505,ＡＬＳＯＫ,2331,東P,,"1,225.5",-15.5,-1.25%,"1,408",15.7倍,1.52倍,2.69%
20260915,506,ギフトＨＤ,9279,東P,,"2,120",-59,-2.71%,"1,387",28.2倍,6.78倍,0.68%
20260915,507,カバー,5253,東G,,"1,634",-28,-1.68%,"1,380",21.3倍,6.00倍,ー%
20260915,508,小糸製,7276,東P,,"2,602.5",-1.5,-0.06%,"1,361",16.9倍,1.07倍,2.23%
20260915,509,松井,8628,東P,,"1,190",-25,-2.06%,"1,359",ー倍,3.77倍,ー%
20260915,510,九州ＦＧ,7180,東P,,"1,612.0",-18.0,-1.10%,"1,349",15.1倍,0.86倍,2.36%
20260915,511,多摩川ＨＤ,6838,東S,,"1,375",-128,-8.52%,"1,346",6.83倍,1.32倍,0.73%
20260915,512,あいちＦＧ,7389,東P,,"1,968",+17,+0.87%,"1,346",20.9倍,1.04倍,1.52%
20260915,513,不二製油,2607,東P,,"4,550",+1,+0.02%,"1,345",20.1倍,1.58倍,1.36%
20260915,514,牧野フ,6135,東P,,"14,930",-120,-0.80%,"1,331",16.2倍,1.34倍,2.28%
20260915,515,ＵＡＣＪ,5741,東P,,"2,194",-12,-0.54%,"1,318",9.46倍,1.04倍,3.19%
20260915,516,ＯＢＣ,4733,東P,,"8,301",-12,-0.14%,"1,308",32.3倍,3.70倍,1.57%
20260915,517,オリックスＦ,8954,東Ｒ,,"96,300",+400,+0.42%,"1,302",18.2倍,1.50倍,5.09%
20260915,518,コーテクＨＤ,3635,東P,,"1,683.0",-7.0,-0.41%,"1,290",18.2倍,2.01倍,2.85%
20260915,519,セリア,2782,東S,,"4,885",+90,+1.88%,"1,289",19.9倍,3.24倍,1.64%
20260915,520,上場日経平均,1330,東Ｅ,,"65,800",-80,-0.12%,"1,289",ー倍,ー倍,ー%
20260915,521,コーセーＨＤ,4922,東P,,"5,649",-11,-0.19%,"1,285",26.5倍,1.13倍,2.66%
20260915,522,北陸電,9505,東P,,"1,115.0",+7.0,+0.63%,"1,281",9.32倍,0.49倍,2.24%
20260915,523,安藤ハザマ,1719,東P,,"1,868.0",-20.5,-1.09%,"1,276",13.2倍,1.36倍,4.50%
20260915,524,ブシロード,7803,東G,,463,-5,-1.07%,"1,261",14.8倍,2.17倍,0.65%
20260915,525,ＩＩＪ,3774,東P,,"3,399.0",-49.0,-1.42%,"1,258",24.1倍,3.75倍,1.27%
20260915,526,ＪＶＣケンウ,6632,東P,,985.8,-2.1,-0.21%,"1,257",9.21倍,0.95倍,2.03%
20260915,527,参天薬,4536,東P,,"1,742.0",-1.0,-0.06%,"1,246",14.0倍,1.86倍,2.41%
20260915,528,サンバイオ,4592,東G,,906,-42,-4.43%,"1,243",ー倍,6.17倍,ー%
20260915,529,ラクス,3923,東P,,"1,084.0",-13.0,-1.19%,"1,242",15.2倍,10.0倍,0.74%
20260915,530,ケーズＨＤ,8282,東P,,"1,891.0",+10.0,+0.53%,"1,237",14.6倍,1.15倍,2.54%
20260915,531,ＫＤＸ不動産,8972,東Ｒ,,"147,000",-100,-0.07%,"1,237",18.5倍,0.93倍,5.75%
20260915,532,丸一管,5463,東P,,"1,715.5",-4.0,-0.23%,"1,237",14.7倍,1.08倍,3.03%
20260915,533,日本化,4092,東P,,"5,370",+110,+2.09%,"1,236",10.4倍,0.83倍,4.47%
20260915,534,ハートシード,219A,東G,,"2,435",-7,-0.29%,"1,236",ー倍,8.37倍,ー%
20260915,535,ｉＦ日経Ｗブ,1365,東Ｅ,,"3,928",-8,-0.20%,"1,230",ー倍,ー倍,ー%
20260915,536,日清紡ＨＤ,3105,東P,,"2,255.0",+14.0,+0.62%,"1,225",25.2倍,1.11倍,1.60%
20260915,537,Ｇセキュリ,4417,東G,,"5,300",+375,+7.61%,"1,221",39.8倍,17.9倍,0.93%
20260915,538,山九,9065,東P,,"8,060",+33,+0.41%,"1,218",12.3倍,1.32倍,3.28%
20260915,539,日本コークス,3315,東P,,101,+2,+2.02%,"1,217",58.7倍,0.86倍,ー%
20260915,540,ヤマトＨＤ,9064,東P,,"1,977.0",-22.0,-1.10%,"1,214",39.1倍,1.12倍,2.33%
20260915,541,リベラウェア,218A,東G,,985,-150,-13.22%,"1,212",ー倍,15.7倍,ー%
20260915,542,ＡＢＣマート,2670,東P,,"2,675.0",-19.5,-0.72%,"1,209",14.3倍,1.65倍,2.99%
20260915,543,山一電機,6941,東P,,"7,490",+110,+1.49%,"1,203",13.4倍,2.82倍,2.24%
20260915,544,ニッスイ,1332,東P,,"1,189.5",-15.0,-1.25%,"1,201",12.4倍,1.18倍,2.69%
20260915,545,大垣共立,8361,東P,,"8,230",+30,+0.37%,"1,198",16.4倍,0.81倍,1.82%
20260915,546,日鉄鉱,1515,東P,,"3,335",+5,+0.15%,"1,196",21.3倍,1.62倍,1.86%
20260915,547,武蔵精密,7220,東P,,"2,724",+24,+0.89%,"1,195",27.5倍,1.43倍,1.47%
20260915,548,サイバーセキ,4493,東G,,"1,924",+96,+5.25%,"1,191",22.4倍,4.27倍,0.31%
20260915,549,エクサＷｉｚ,4259,東G,,883,+41,+4.87%,"1,184",ー倍,8.38倍,0.57%
20260915,550,パーク２４,4666,東P,,"1,996.5",+10.5,+0.53%,"1,184",7.75倍,2.89倍,3.26%
20260915,551,ＮＡＮＫＡＩ,9044,東P,,"3,196.0",+6.0,+0.19%,"1,183",14.5倍,1.01倍,1.72%
20260915,552,エディオン,2730,東P,,"2,490",-11,-0.44%,"1,177",16.8倍,1.10倍,2.01%
20260915,553,上組,9364,東P,,"4,880",-3,-0.06%,"1,175",17.4倍,1.22倍,4.20%
20260915,554,博報堂ＤＹ,2433,東P,,"1,328.5",+3.0,+0.23%,"1,174",18.4倍,1.24倍,2.41%
20260915,555,千代建,6366,東S,,683,-8,-1.16%,"1,173",25.6倍,5.31倍,ー%
20260915,556,モルフォ,3653,東G,,"1,143",+64,+5.93%,"1,170",ー倍,2.16倍,ー%
20260915,557,イオンリート,3292,東Ｒ,,"113,700","-1,300",-1.13%,"1,169",19.6倍,0.99倍,5.59%
20260915,558,太陽ＨＤ,4626,東P,,"4,728",+8,+0.17%,"1,169",20.7倍,4.17倍,ー%
20260915,559,ＧＡテクノ,3491,東G,,"1,299",-152,-10.48%,"1,162",9.77倍,1.58倍,1.00%
20260915,560,デジハＨＤ,3676,東P,,"1,058",0,0.00%,"1,159",12.8倍,2.39倍,ー%
20260915,561,東映アニメ,4816,東S,,"3,135",+30,+0.97%,"1,158",35.4倍,3.80倍,1.40%
20260915,562,テラプローブ,6627,東S,,"10,120",-250,-2.41%,"1,157",15.3倍,2.16倍,ー%
20260915,563,ボードルア,4413,東P,,"2,966",-2,-0.07%,"1,157",29.5倍,11.5倍,ー%
20260915,564,ＦＩＧ,4392,東P,,981,+31,+3.26%,"1,156",50.7倍,3.05倍,1.02%
20260915,565,山口ＦＧ,8418,東P,,"3,210.0",-40.0,-1.23%,"1,150",14.4倍,0.94倍,2.99%
20260915,566,ちゅうぎんＦ,5832,東P,,"3,590.0",-59.0,-1.62%,"1,142",14.2倍,0.95倍,2.84%
20260915,567,オークマ,6103,東P,,"4,320",-40,-0.92%,"1,140",12.6倍,1.00倍,2.78%
20260915,568,京王,9008,東P,,803.4,-5.7,-0.70%,"1,137",10.8倍,1.02倍,2.74%
20260915,569,ヒュマメイド,456A,東G,,"1,459",+65,+4.66%,"1,131",36.2倍,9.86倍,ー%
20260915,570,クミアイ化,4996,東P,,660,+1,+0.15%,"1,127",19.9倍,0.54倍,3.64%
20260915,571,円谷フィＨＤ,2767,東P,,"2,607",-6,-0.23%,"1,125",10.8倍,2.66倍,5.37%
20260915,572,キユーピー,2809,東P,,"4,527",-43,-0.94%,"1,123",24.0倍,1.88倍,1.44%
20260915,573,トライアル,141A,東G,,"3,960",+40,+1.02%,"1,123",45.4倍,3.71倍,0.43%
20260915,574,ＭＩＸＩ,2121,東P,,"3,825",+40,+1.06%,"1,122",9.99倍,1.33倍,4.05%
20260915,575,アイグリッド,603A,東G,,862,-8,-0.92%,"1,119",14.7倍,3.68倍,ー%
20260915,576,アスタリスク,6522,東G,,"1,425",-89,-5.88%,"1,118",ー倍,6.19倍,ー%
20260915,577,湖北工業,6524,東S,,"4,795",+60,+1.27%,"1,114",26.9倍,4.87倍,0.83%
20260915,578,スマレジ,4431,東G,,"3,340",-5,-0.15%,"1,105",23.1倍,6.55倍,0.87%
20260915,579,王将フード,9936,東P,,"2,957",-29,-0.97%,"1,103",21.9倍,2.42倍,1.89%
20260915,580,ＢＳ１１,9414,東S,,"1,050",+131,+14.25%,"1,101",14.3倍,0.76倍,2.86%
20260915,581,純銀信託,1542,東Ｅ,,"28,250",-190,-0.67%,"1,099",ー倍,ー倍,ー%
20260915,582,ＯＫＩ,6703,東P,,"2,601",+6,+0.23%,"1,096",12.5倍,1.31倍,2.50%
20260915,583,ＭＴＧ,7806,東G,,"7,960",+140,+1.79%,"1,093",28.5倍,5.19倍,0.46%
20260915,584,リログループ,8876,東P,,"2,185.0",+25.0,+1.16%,"1,093",14.7倍,4.21倍,3.43%
20260915,585,ウシオ電,6925,東P,,"3,549.0",+27.0,+0.77%,"1,092",26.8倍,1.26倍,1.97%
20260915,586,テクマト,3762,東P,,"2,525",+68,+2.77%,"1,087",18.8倍,3.84倍,2.14%
20260915,587,ＡＲＥＨＤ,5857,東P,,"3,565",-20,-0.56%,"1,081",10.6倍,1.36倍,3.79%
20260915,588,一工薬,4461,東P,,"12,020",+170,+1.43%,"1,079",16.6倍,2.32倍,1.25%
20260915,589,Ｊエレベータ,6544,東P,,"1,515.0",+22.5,+1.51%,"1,075",33.0倍,11.9倍,ー%
20260915,590,池田泉州ＨＤ,8714,東P,,"1,093",+6,+0.55%,"1,069",15.9倍,1.21倍,2.52%
20260915,591,レンゴー,3941,東P,,"1,523.0",+6.0,+0.40%,"1,068",11.8倍,0.73倍,3.28%
20260915,592,ダイダン,1980,東P,,"2,744",+29,+1.07%,"1,067",13.0倍,2.73倍,3.10%
20260915,593,岩谷産,8088,東P,,"2,098.0",-26.5,-1.25%,"1,066",10.6倍,1.01倍,2.24%
20260915,594,ｉＦ日経年１,1320,東Ｅ,,"65,660",+70,+0.11%,"1,058",ー倍,ー倍,ー%
20260915,595,ダイセル,4202,東P,,"1,405.5",+3.5,+0.25%,"1,053",11.2倍,0.98倍,4.98%
20260915,596,トリプラ,5136,東G,,"2,290",+277,+13.76%,"1,052",17.8倍,5.97倍,ー%
20260915,597,ＡＤＥＫＡ,4401,東P,,"4,420",+20,+0.45%,"1,049",13.4倍,1.33倍,2.99%
20260915,598,関電化,4047,東P,,"2,135",+63,+3.04%,"1,048",16.1倍,1.61倍,1.69%
20260915,599,日清粉Ｇ,2002,東P,,"2,057.0",-20.0,-0.96%,"1,046",14.0倍,1.12倍,3.16%
20260915,600,エンプラス,6961,東P,,"9,570",+180,+1.92%,"1,044",17.3倍,1.35倍,0.94%
20260915,601,エクセディ,7278,東P,,"5,880",-20,-0.34%,"1,043",15.0倍,1.10倍,5.95%
20260915,602,バローＨＤ,9956,東P,,"3,405",+60,+1.79%,"1,041",12.0倍,1.04倍,2.35%
20260915,603,細火工,4274,東S,,"1,236",+119,+10.65%,"1,037",22.5倍,1.42倍,1.05%
20260915,604,エスエムエス,2175,東P,,"2,666",-7,-0.26%,"1,035",35.5倍,7.80倍,1.14%
20260915,605,モスフード,8153,東P,,"3,965",-5,-0.13%,"1,030",33.9倍,2.09倍,0.86%
20260915,606,飯田ＧＨＤ,3291,東P,,"2,255.0",-5.5,-0.24%,"1,030",9.51倍,0.61倍,4.08%
20260915,607,岡野バ,6492,東S,,"14,640","-1,380",-8.61%,"1,028",16.8倍,1.70倍,0.55%
20260915,608,ニフコ,7988,東P,,"4,870",-29,-0.59%,"1,028",12.3倍,1.40倍,2.30%
20260915,609,キヤノンＭＪ,8060,東P,,"3,696",-38,-1.02%,"1,023",17.3倍,1.95倍,2.57%
20260915,610,四国化ＨＤ,4099,東P,,"2,099",-11,-0.52%,"1,019",14.4倍,1.78倍,1.91%
20260915,611,吉野家ＨＤ,9861,東P,,"3,797",-47,-1.22%,"1,019",49.9倍,3.53倍,0.58%
20260915,612,アドバンスＲ,3269,東Ｒ,,"142,500","-1,000",-0.70%,"1,016",24.2倍,1.65倍,4.44%
20260915,613,熊谷組,1861,東P,,"1,288",-6,-0.46%,"1,014",10.7倍,1.19倍,3.88%
20260915,614,コロワイド,7616,東P,,"2,038.5",-4.0,-0.20%,"1,013",103倍,3.16倍,0.25%
20260915,615,日電子,6951,東P,,"6,872",+86,+1.27%,"1,012",15.7倍,2.38倍,1.92%
20260915,616,クスリアオキ,3549,東S,,"4,057",-26,-0.64%,"1,009",20.3倍,2.73倍,1.58%
20260915,617,竹内製作所,6432,東P,,"7,180",-30,-0.42%,"1,004",12.8倍,1.78倍,3.06%
20260915,618,ＧＭＯインタ,4784,東P,,547,+15,+2.82%,"1,002",28.2倍,4.93倍,3.93%
20260915,619,ツガミ,6101,東P,,"4,805",+20,+0.42%,999,13.1倍,2.55倍,2.04%
20260915,620,ＧＭＯ,9449,東P,,"3,976",+40,+1.02%,995,ー倍,2.39倍,ー%
20260915,621,上村工,4966,東S,,"19,080",+130,+0.69%,994,21.0倍,2.65倍,1.52%
20260915,622,帝人,3401,東P,,"1,676.5",+12.0,+0.72%,987,7.19倍,0.78倍,2.98%
20260915,623,ＷＩＺＥ,3664,東G,,25,0,0.00%,986,ー倍,2.08倍,ー%
20260915,624,西鉄,9031,東P,,"3,128.0",-21.0,-0.67%,980,10.5倍,0.81倍,2.88%
20260915,625,三菱倉,9301,東P,,"1,536.5",-16.5,-1.06%,977,22.6倍,1.37倍,2.86%
20260915,626,三浦工,6005,東P,,"3,085.0",+6.0,+0.19%,977,12.5倍,1.45倍,2.40%
20260915,627,フジミインコ,5384,東P,,"3,225",+35,+1.10%,967,23.0倍,2.81倍,2.39%
20260915,628,十六ＦＧ,7380,東P,,"2,617",-47,-1.76%,964,15.5倍,0.90倍,2.03%
20260915,629,小林製薬,4967,東P,,"5,814",+24,+0.41%,961,43.2倍,2.07倍,1.82%
20260915,630,岩手銀,8345,東P,,"2,642",-50,-1.86%,960,18.3倍,0.92倍,2.20%
20260915,631,Ｆスターズ,3687,東P,,"2,205",+28,+1.29%,959,36.5倍,7.83倍,0.86%
20260915,632,野村マスター,3462,東Ｒ,,"143,400",-300,-0.21%,953,22.1倍,1.11倍,5.15%
20260915,633,ショーボンド,1414,東P,,"1,264.0",-0.5,-0.04%,952,16.4倍,2.37倍,3.68%
20260915,634,ＵＮＥＸＴ,9418,東P,,"1,784",-4,-0.22%,950,17.4倍,3.01倍,0.95%
20260915,635,カネカ,4118,東P,,"5,957",+52,+0.88%,946,11.4倍,0.71倍,3.53%
20260915,636,ネクセラ,4565,東P,,"1,233",+11,+0.90%,944,ー倍,1.74倍,ー%
20260915,637,ＰＨＣＨＤ,6523,東P,,"1,301",+24,+1.88%,938,10.7倍,0.98倍,3.23%
20260915,638,ラサ工,4022,東P,,"1,793",+2,+0.11%,934,16.3倍,2.18倍,2.01%
20260915,639,バイセル,7685,東G,,"2,933",+53,+1.84%,929,18.5倍,6.84倍,0.92%
20260915,640,ＪＰＭＣ,3276,東P,,"2,262",+32,+1.43%,925,19.1倍,3.86倍,ー%
20260915,641,プロロジスＲ,3283,東Ｒ,,"84,400",+100,+0.12%,922,22.3倍,1.43倍,4.67%
20260915,642,日ガス,8174,東P,,"3,081.0",-4.0,-0.13%,921,23.4倍,5.11倍,3.59%
20260915,643,三機工,1961,東P,,"2,425",-7,-0.29%,919,14.1倍,3.13倍,2.68%
20260915,644,秋田銀,8343,東P,,"9,260",-160,-1.70%,916,19.5倍,0.88倍,2.16%
20260915,645,パルＨＤ,2726,東P,,"1,508",+1,+0.07%,913,13.7倍,3.19倍,2.65%
20260915,646,ＮＯＫ,7240,東P,,"2,968.0",-26.0,-0.87%,911,9.97倍,0.73倍,4.72%
20260915,647,ＡＣＳＬ,6232,東G,,"1,229",-33,-2.61%,910,ー倍,10.3倍,ー%
20260915,648,ゴルドウイン,8111,東P,,"2,141.0",+2.0,+0.09%,908,11.4倍,2.32倍,3.27%
20260915,649,アーキテクツ,6085,東G,,121,-20,-14.18%,905,367倍,-35倍,ー%
20260915,650,ユナイテッド,8960,東Ｒ,,"156,200",+300,+0.19%,904,16.9倍,1.30倍,5.94%
20260915,651,ハウス食Ｇ,2810,東P,,"3,934",+12,+0.31%,903,20.5倍,1.21倍,2.54%
20260915,652,ＧＸＮデカバ,563A,東Ｅ,,998,+6,+0.60%,901,ー倍,ー倍,ー%
20260915,653,筑波銀,8338,東P,,736,-9,-1.21%,899,9.17倍,0.86倍,0.68%
20260915,654,平田機工,6258,東P,,"3,490",+55,+1.60%,897,16.4倍,1.37倍,2.15%
20260915,655,カドカワ,9468,東P,,"3,697.0",+15.0,+0.41%,894,544倍,2.31倍,0.81%
20260915,656,芙蓉リース,8424,東P,,"4,498",+10,+0.22%,893,8.46倍,0.79倍,3.82%
20260915,657,レノバ,9519,東P,,865,-12,-1.37%,892,23.0倍,0.59倍,ー%
20260915,658,スターアジア,3468,東Ｒ,,"53,800",+900,+1.70%,891,13.9倍,1.00倍,6.52%
20260915,659,宝ＨＬＤ,2531,東P,,"2,450.0",-31.5,-1.27%,886,39.4倍,1.81倍,1.27%
20260915,660,産業ファンド,3249,東Ｒ,,"136,500",-300,-0.22%,885,17.8倍,1.39倍,5.86%
20260915,661,ベクトル,6058,東P,,"1,972",+30,+1.54%,884,16.8倍,4.23倍,1.83%
20260915,662,東洋炭素,5310,東P,,"7,000",+170,+2.49%,881,29.4倍,1.50倍,2.07%
20260915,663,ウエストＨＤ,1407,東S,,"2,190",-84,-3.69%,881,13.2倍,2.48倍,3.20%
20260915,664,共栄タ,9130,東S,,"1,758",+30,+1.74%,880,3.63倍,0.48倍,2.28%
20260915,665,東京センチュ,8439,東P,,"2,655.5",-21.0,-0.78%,880,10.6倍,1.12倍,3.39%
20260915,666,サンケン,6707,東P,,"6,646",-13,-0.20%,872,133倍,1.11倍,ー%
20260915,667,日本新薬,4516,東P,,"3,429.0",+31.0,+0.91%,868,7.63倍,0.78倍,3.62%
20260915,668,アイサンテク,4667,東S,,"3,145",-220,-6.54%,868,30.4倍,2.65倍,1.43%
20260915,669,伊藤園,2593,東P,,"3,175.0",-6.0,-0.19%,867,33.3倍,2.08倍,1.64%
20260915,670,メディパル,7459,東P,,"2,923.5",-15.0,-0.51%,866,13.9倍,0.92倍,3.01%
20260915,671,西松建,1820,東P,,"5,563",+15,+0.27%,865,10.7倍,1.14倍,4.49%
20260915,672,ブロドリーフ,3673,東P,,475,0,0.00%,864,26.9倍,3.42倍,1.63%
20260915,673,ＴＯＫＡＩ,3167,東P,,"1,362",+3,+0.22%,863,15.9倍,1.69倍,2.79%
20260915,674,住友大阪,5232,東P,,"5,634",+42,+0.75%,861,17.9倍,0.92倍,2.13%
20260915,675,ＭＸ２２５,1346,東Ｅ,,"65,800",-100,-0.15%,860,ー倍,ー倍,ー%
20260915,676,東京製鉄,5423,東P,,"1,753",-2,-0.11%,856,177倍,0.82倍,2.28%
20260915,677,Ｈ２Ｏリテイ,8242,東P,,"2,845.0",-14.5,-0.51%,856,13.8倍,1.05倍,1.69%
20260915,678,森ヒルズＲ,3234,東Ｒ,,"124,100",-600,-0.48%,855,21.0倍,1.16倍,5.00%
20260915,679,ハウスリート,8984,東Ｒ,,"115,100",-500,-0.43%,849,21.9倍,1.06倍,5.33%
20260915,680,日本ロジ,8967,東Ｒ,,"91,900",-800,-0.86%,847,21.3倍,1.78倍,4.79%
20260915,681,Ｓｙｎｓ,290A,東G,,"1,414",-21,-1.46%,844,72.3倍,5.19倍,ー%
20260915,682,山梨銀,8360,東P,,"7,200",-150,-2.04%,843,17.7倍,0.92倍,2.26%
20260915,683,カゴメ,2811,東P,,"2,736.5",-26.5,-0.96%,843,23.6倍,1.28倍,2.12%
20260915,684,日本光電,6849,東P,,"1,560.5",+2.5,+0.16%,842,16.7倍,1.41倍,2.11%
20260915,685,アルフレッサ,2784,東P,,"2,336.5",-4.5,-0.19%,841,19.7倍,0.84倍,3.04%
20260915,686,ニプロ,8086,東P,,"1,450.5",+4.0,+0.28%,841,16.1倍,0.85倍,2.21%
20260915,687,エクシオＧ,1951,東P,,"2,556.5",-11.5,-0.45%,837,14.6倍,1.52倍,3.13%
20260915,688,霞ヶ関Ｃ,3498,東P,,"7,120",-80,-1.11%,834,10.6倍,2.35倍,2.32%
20260915,689,クラフティア,1959,東P,,"7,859",-10,-0.13%,832,13.7倍,1.60倍,2.80%
20260915,690,アスクル,2678,東P,,"1,228",-1,-0.08%,828,27.5倍,2.37倍,1.63%
20260915,691,邦ガス,9533,東P,,"1,308.5",-16.5,-1.25%,826,20.1倍,0.93倍,1.72%
20260915,692,ＯＳＧ,6136,東P,,"3,433.0",+33.0,+0.97%,825,13.4倍,1.47倍,3.35%
20260915,693,京急,9006,東P,,"1,574.5",+2.5,+0.16%,824,13.7倍,1.09倍,2.92%
20260915,694,全国保証,7164,東P,,"3,145.0",+11.0,+0.35%,823,12.8倍,1.72倍,3.91%
20260915,695,戸田建,1860,東P,,"1,477.0",-9.5,-0.64%,818,12.5倍,0.91倍,4.06%
20260915,696,ＧＸ半導体,2243,東Ｅ,,"4,097",-103,-2.45%,815,ー倍,ー倍,ー%
20260915,697,カーリット,4275,東P,,"2,005",+88,+4.59%,814,14.6倍,1.15倍,2.09%
20260915,698,ＵＴ,2146,東P,,230,+1,+0.44%,813,21.4倍,5.21倍,4.45%
20260915,699,スズケン,9987,東P,,"5,214",-42,-0.80%,807,13.9倍,0.84倍,2.30%
20260915,700,トムソン,6480,東P,,"1,613",+32,+2.02%,806,11.7倍,1.28倍,1.98%
20260915,701,ひろぎんＨＤ,7337,東P,,"2,362.5",-32.0,-1.34%,805,13.7倍,1.16倍,2.96%
20260915,702,ＭＸトピクス,1348,東Ｅ,,"4,189",-19,-0.45%,804,ー倍,ー倍,ー%
20260915,703,タクマ,6013,東P,,"3,000",+37,+1.25%,801,14.0倍,1.95倍,3.60%
20260915,704,リンナイ,5947,東P,,"3,461.0",-36.0,-1.03%,798,13.2倍,1.09倍,3.06%
20260915,705,東邦銀,8346,東P,,"1,009",-7,-0.69%,797,19.4倍,1.12倍,2.08%
20260915,706,ｉＳＴＰＸ,1475,東Ｅ,,415.1,-1.8,-0.43%,797,ー倍,ー倍,ー%
20260915,707,阿波銀,8388,東P,,"10,110",-230,-2.22%,796,22.3倍,0.95倍,1.88%
20260915,708,阪和興,8078,東P,,"1,890",-37,-1.92%,792,9.06倍,0.83倍,3.49%
20260915,709,Ｄガレージ,4819,東P,,"2,301",-37,-1.58%,792,ー倍,1.46倍,ー%
20260915,710,くら寿司,2695,東P,,"1,671",-22,-1.30%,786,44.3倍,2.05倍,0.90%
20260915,711,網屋,4258,東G,,"5,260",+50,+0.96%,779,49.9倍,18.1倍,0.38%
20260915,712,寿スピリッツ,2222,東P,,"2,520.5",-52.5,-2.04%,776,28.2倍,8.60倍,1.79%
20260915,713,東亜建,1885,東P,,"2,140",+24,+1.13%,775,11.4倍,1.43倍,3.60%
20260915,714,トヨタ紡織,3116,東P,,"2,224.0",-14.5,-0.65%,768,8.64倍,0.81倍,3.87%
20260915,715,コクヨ,7984,東P,,899.6,+0.3,+0.03%,767,18.3倍,1.46倍,2.72%
20260915,716,相鉄ＨＤ,9003,東P,,"2,651.5",-18.5,-0.69%,767,11.5倍,1.22倍,2.64%
20260915,717,古河機金,5715,東P,,"3,955",-55,-1.37%,765,8.67倍,0.78倍,2.02%
20260915,718,物語コーポ,3097,東P,,"5,460",-20,-0.36%,764,24.0倍,4.45倍,0.84%
20260915,719,上場日経２倍,1358,東Ｅ,,"121,800",+100,+0.08%,759,ー倍,ー倍,ー%
20260915,720,ヨコオ,6800,東P,,"4,100",+140,+3.54%,759,17.1倍,1.53倍,1.56%
20260915,721,マルマエ,6264,東P,,"1,817",+29,+1.62%,757,15.6倍,3.40倍,2.48%
20260915,722,ＤＧ,350A,東G,,692,-4,-0.57%,754,17.3倍,2.75倍,ー%
20260915,723,ビーエイブル,604A,東S,Ｓ,"1,565",+300,+23.72%,752,17.0倍,2.14倍,1.28%
20260915,724,農中日経平均,2525,東Ｅ,,"64,180",+160,+0.25%,748,ー倍,ー倍,ー%
20260915,725,ＪＥＨ,5889,東P,,"2,302",+22,+0.96%,746,12.7倍,2.86倍,3.74%
20260915,726,伯東,7433,東P,,"5,500",+80,+1.48%,745,16.2倍,1.50倍,4.64%
20260915,727,サンコール,5985,東S,,"2,031",+17,+0.84%,744,9.77倍,1.74倍,1.72%
20260915,728,ノート,5243,東G,,"3,010",+122,+4.22%,734,48.7倍,7.63倍,ー%
20260915,729,センコーＨＤ,9069,東P,,"2,288.5",+10.0,+0.44%,732,16.4倍,1.66倍,2.45%
20260915,730,グリコ,2206,東P,,"5,008",-23,-0.46%,732,33.3倍,1.11倍,1.90%
20260915,731,カルビー,2229,東P,,"3,030.0",-1.0,-0.03%,730,21.2倍,1.78倍,2.28%
20260915,732,ジャフコＧ,8595,東P,,"2,260.5",+10.5,+0.47%,726,ー倍,0.89倍,5.88%
20260915,733,ナカニシ,7716,東S,,"3,045",+48,+1.60%,722,18.4倍,2.05倍,1.97%
20260915,734,ＲＳテクノ,3445,東P,,"5,330",+50,+0.95%,721,14.2倍,1.58倍,1.03%
20260915,735,デジアーツ,2326,東P,,"4,855",+75,+1.57%,721,17.1倍,3.55倍,2.06%
20260915,736,日本駐車場,2353,東P,,268,-3,-1.11%,719,13.8倍,4.09倍,3.73%
20260915,737,日化薬,4272,東P,,"2,053.5",+2.0,+0.10%,718,12.9倍,1.05倍,3.21%
20260915,738,ＪＭＤＣ,4483,東P,,"3,610",+10,+0.28%,715,33.3倍,2.84倍,ー%
20260915,739,ＡＰＩ,3279,東Ｒ,,"131,000",-200,-0.15%,714,18.0倍,1.16倍,5.00%
20260915,740,堺化学,4078,東P,,"3,575",+75,+2.14%,712,12.4倍,0.66倍,4.48%
20260915,741,マネックスＧ,8698,東P,,723,-2,-0.28%,711,ー倍,1.39倍,4.26%
20260915,742,三十三ＦＧ,7322,東P,,"2,022",-24,-1.17%,709,14.0倍,0.90倍,2.18%
20260915,743,サワイＧＨＤ,4887,東P,,"1,625.0",+5.5,+0.34%,707,10.1倍,1.06倍,3.45%
20260915,744,クレハ,4023,東P,,"4,405",+40,+0.92%,706,22.5倍,1.00倍,4.90%
20260915,745,ジェイエイシ,2124,東P,,"1,015",0,0.00%,703,18.5倍,7.31倍,3.74%
20260915,746,ＮＴＮ,6472,東P,,373.7,+1.7,+0.46%,701,14.8倍,0.74倍,3.48%
20260915,747,ｉＳ米国株,1655,東Ｅ,,847.5,+1.0,+0.12%,700,ー倍,ー倍,ー%
20260915,748,ＦＰＧ,7148,東P,,"1,691",-29,-1.69%,699,9.13倍,2.36倍,5.48%
20260915,749,ＮＳＤ,9759,東P,,"2,878.0",-17.0,-0.59%,698,16.6倍,3.17倍,3.37%
20260915,750,カナデビア,7004,東P,,"1,161",+1,+0.09%,697,9.30倍,0.99倍,3.27%
20260915,751,みずほリース,8425,東P,,"1,355",-13,-0.95%,693,7.30倍,0.84倍,3.84%
20260915,752,エスビー,2805,東S,,"7,460",-100,-1.32%,687,22.3倍,1.83倍,0.80%
20260915,753,ビックカメラ,3048,東P,,"1,756.0",+6.5,+0.37%,682,16.3倍,1.65倍,2.45%
20260915,754,マックス,6454,東P,,"1,926",+18,+0.94%,680,22.5倍,3.00倍,2.08%
20260915,755,シェアテク,3989,東G,,"1,545",+1,+0.06%,679,14.8倍,6.55倍,1.78%
20260915,756,長瀬産,8012,東P,,"1,130.5",-3.0,-0.26%,679,13.3倍,1.03倍,2.39%
20260915,757,稀元素,4082,東P,,"2,430",+50,+2.10%,678,39.1倍,1.51倍,1.23%
20260915,758,森永,2201,東P,,"2,492.0",+6.0,+0.24%,676,12.7倍,1.45倍,2.81%
20260915,759,京阪神ビル,8818,東P,,"1,091",-19,-1.71%,674,14.9倍,1.23倍,2.75%
20260915,760,奥村組,1833,東P,,"5,650",-40,-0.70%,669,13.2倍,1.06倍,5.31%
20260915,761,大気社,1979,東P,,"3,790",+40,+1.07%,669,13.2倍,1.36倍,3.14%
20260915,762,松田産業,7456,東P,,"6,860",+50,+0.73%,667,8.61倍,1.41倍,1.75%
20260915,763,コンフォリア,3282,東Ｒ,,"97,500",0,0.00%,667,21.7倍,1.47倍,4.39%
20260915,764,京阪ＨＤ,9045,東P,,"3,265.0",-13.0,-0.40%,666,11.4倍,0.96倍,2.63%
20260915,765,福井銀,8362,東P,,"7,580",-70,-0.92%,661,19.9倍,1.11倍,1.98%
20260915,766,誠建設,8995,東S,,"1,900",-148,-7.23%,661,54.6倍,0.92倍,1.32%
20260915,767,メガチップス,6875,東P,,"10,460",-120,-1.13%,661,4.38倍,0.43倍,2.49%
20260915,768,平和,6412,東P,,"2,215",-3,-0.14%,660,10.8倍,0.86倍,3.61%
20260915,769,三井不アコモ,3226,東Ｒ,,"116,700",-500,-0.43%,660,21.9倍,1.92倍,4.11%
20260915,770,東海東京,8616,東P,,890,-5,-0.56%,657,ー倍,1.15倍,ー%
20260915,771,東京衡機,7719,東S,,532,-22,-3.97%,657,16.2倍,2.16倍,ー%
20260915,772,三井倉ＨＤ,9302,東P,,"3,369.0",+22.0,+0.66%,654,20.2倍,1.85倍,1.48%
20260915,773,芝浦機,6104,東P,,"4,280",+45,+1.06%,651,50.6倍,0.86倍,3.27%
20260915,774,飛島ＨＤ,256A,東P,,"2,308",+23,+1.01%,650,9.23倍,0.83倍,4.77%
20260915,775,積水ハウスＲ,3309,東Ｒ,,"71,900",+100,+0.14%,649,19.2倍,1.07倍,5.31%
20260915,776,高度紙,3891,東S,,"6,270",+180,+2.96%,649,15.8倍,2.44倍,1.75%
20260915,777,Ｖテク,7717,東P,,"5,490",+100,+1.86%,645,17.3倍,1.40倍,1.46%
20260915,778,佐藤商,8065,東P,,"3,015",-5,-0.17%,645,7.72倍,0.80倍,3.48%
20260915,779,ミライトワン,1417,東P,,"3,507.0",-27.0,-0.76%,643,12.0倍,1.11倍,2.71%
20260915,780,北川精機,6327,東S,,"2,832",+37,+1.32%,642,28.6倍,3.67倍,0.88%
20260915,781,アマノ,6436,東P,,"3,902",-4,-0.10%,641,15.4倍,2.06倍,4.61%
20260915,782,岩井コスモ,8707,東P,,"4,710",+15,+0.32%,634,ー倍,1.49倍,ー%
20260915,783,第一興商,7458,東P,,"1,869.0",-4.5,-0.24%,634,15.3倍,1.57倍,3.64%
20260915,784,紀陽銀,8370,東P,,"5,130",-30,-0.58%,632,13.2倍,1.33倍,3.04%
20260915,785,ｉＦナ百Ｗブ,2869,東Ｅ,,"2,850",+29,+1.03%,630,ー倍,ー倍,ー%
20260915,786,ラサールロジ,3466,東Ｒ,,"142,300",-400,-0.28%,629,18.8倍,1.16倍,5.68%
20260915,787,ヨネックス,7906,東S,,"2,370",-43,-1.78%,627,14.3倍,2.37倍,1.18%
20260915,788,山陰合銀,8381,東P,,"2,576",-23,-0.88%,626,15.1倍,1.18倍,2.64%
20260915,789,メドレー,4480,東P,,"2,380",-42,-1.73%,626,40.0倍,4.81倍,0.76%
20260915,790,ａｒｔｉｅｎ,4634,東P,,"4,980",-60,-1.19%,621,11.1倍,0.83倍,2.41%
20260915,791,ミナトＨＤ,6862,東S,,"4,170",+50,+1.21%,621,5.18倍,2.67倍,1.01%
20260915,792,地盤ＨＤ,6072,東S,,"1,094",-24,-2.15%,620,ー倍,17.6倍,ー%
20260915,793,エン,4849,東P,,"1,683",+35,+2.12%,618,11.6倍,1.85倍,4.06%
20260915,794,イオンＦＳ,8570,東P,,"1,645.0",-2.5,-0.15%,615,23.7倍,0.76倍,3.22%
20260915,795,学情,2301,東P,,"1,758",+77,+4.58%,614,11.6倍,1.60倍,4.27%
20260915,796,名古屋銀,8522,東P,,"7,050",-120,-1.67%,613,15.1倍,1.10倍,2.84%
20260915,797,サン電子,6736,東S,,"10,130",-240,-2.31%,612,28.7倍,4.43倍,ー%
20260915,798,クリレスＨＤ,3387,東P,,768,-6,-0.78%,611,60.8倍,7.62倍,0.65%
20260915,799,アイカ,4206,東P,,"4,151",-11,-0.26%,610,13.5倍,1.36倍,3.47%
20260915,800,ユナイテド海,9110,東P,,"10,490",0,0.00%,602,9.89倍,1.31倍,ー%
20260915,801,ＷＳＣＯＰＥ,6619,東P,,139,-6,-4.14%,599,ー倍,0.21倍,ー%
20260915,802,サイボウズ,4776,東P,,"3,070",0,0.00%,597,18.6倍,7.89倍,1.63%
20260915,803,パイロット,7846,東P,,"2,100.0",+10.0,+0.48%,597,14.7倍,1.52倍,2.14%
20260915,804,シップＨＤ,3360,東P,,"2,442.5",-12.5,-0.51%,597,13.8倍,1.51倍,2.66%
20260915,805,カチタス,8919,東P,,"3,460",-5,-0.14%,596,19.4倍,5.06倍,2.60%
20260915,806,ホシデン,6804,東P,,"2,503",+8,+0.32%,595,9.86倍,0.80倍,3.08%
20260915,807,Ｍ＆Ａキャピ,6080,東P,,"4,225",+150,+3.68%,594,17.5倍,2.81倍,1.72%
20260915,808,技術承継機構,319A,東G,,"19,300",-640,-3.21%,594,ー倍,15.9倍,ー%
20260915,809,石原産,4028,東P,,"2,873",-4,-0.14%,592,ー倍,0.86倍,4.52%
20260915,810,三井不ロジ,3471,東Ｒ,,"102,600",0,0.00%,588,28.8倍,1.02倍,4.88%
20260915,811,東洋紡,3101,東P,,"1,595",-19,-1.18%,587,20.1倍,0.66倍,2.51%
20260915,812,南都銀,8367,東P,,"1,960",-28,-1.41%,586,14.0倍,1.01倍,2.86%
20260915,813,グロバワン,8958,東Ｒ,,"111,600",-100,-0.09%,586,17.3倍,1.22倍,5.73%
20260915,814,グローリー,6457,東P,,"4,421",+24,+0.55%,582,11.6倍,1.07倍,3.48%
20260915,815,ＮＳＳＯＬ,2327,東P,,"3,922",-42,-1.06%,581,22.2倍,2.60倍,2.22%
20260915,816,リゾートトラ,4681,東P,,"1,781.5",-4.5,-0.25%,579,18.0倍,2.32倍,2.02%
20260915,817,四国銀,8387,東P,,"4,090",-60,-1.45%,578,19.5倍,0.86倍,2.10%
20260915,818,オートバクス,9832,東P,,"1,604",-7,-0.43%,575,11.3倍,0.93倍,3.74%
20260915,819,丹青社,9743,東P,,"1,464",-5,-0.34%,573,11.9倍,1.78倍,5.46%
20260915,820,パークシャ,3993,東P,,"3,175",-20,-0.63%,568,34.2倍,2.72倍,0.31%
20260915,821,東和薬品,4553,東P,,"3,625",+75,+2.11%,568,8.30倍,0.98倍,2.34%
20260915,822,Ｌドリンク,2585,東P,,"1,385",-4,-0.29%,566,17.1倍,4.26倍,1.08%
20260915,823,ＨＩＳ,9603,東P,,"1,163",-7,-0.60%,564,ー倍,1.60倍,2.15%
20260915,824,松屋,8237,東P,,"2,263",+37,+1.66%,563,230倍,4.40倍,0.53%
20260915,825,アセンテック,3565,東S,,491,+1,+0.20%,557,14.8倍,3.21倍,3.05%
20260915,826,コメダ,3543,東P,,"2,888",+6,+0.21%,555,19.1倍,2.61倍,2.15%
20260915,827,山洋電,6516,東P,,"5,160",+10,+0.19%,555,15.3倍,1.37倍,3.29%
20260915,828,沖縄セルラー,9436,東S,,"4,380",+30,+0.69%,555,30.2倍,4.05倍,1.60%
20260915,829,因幡電産,9934,東P,,"3,055.0",-24.0,-0.78%,553,14.5倍,1.66倍,2.78%
20260915,830,ペプドリ,4587,東P,,"1,060.5",+3.5,+0.33%,553,45.5倍,2.81倍,ー%
20260915,831,ＥＩＺＯ,6737,東P,,"3,095",+45,+1.48%,553,18.2倍,0.59倍,3.72%
20260915,832,青山商,8219,東P,,763,-2,-0.26%,552,14.3倍,0.62倍,4.98%
20260915,833,大和オフィス,8976,東Ｒ,,"305,500","+1,500",+0.49%,550,21.8倍,1.17倍,4.69%
20260915,834,巴工業,6309,東P,,"1,963",-54,-2.68%,550,13.1倍,1.32倍,3.87%
20260915,835,ニッコンＨＤ,9072,東P,,"5,133",-7,-0.14%,550,28.6倍,2.54倍,2.18%
20260915,836,日軽金ＨＤ,5703,東P,,"2,914",+15,+0.52%,550,10.6倍,0.71倍,3.77%
20260915,837,タングス,6998,東S,,"3,675",+270,+7.93%,549,24.9倍,1.29倍,2.45%
20260915,838,セイノーＨＤ,9076,東P,,"2,709.5",-18.0,-0.66%,546,16.0倍,0.96倍,3.84%
20260915,839,Ｊプライム,8955,東Ｒ,,"94,900",-200,-0.21%,546,24.0倍,1.34倍,4.53%
20260915,840,栃木銀,8550,東P,,"1,092",+1,+0.09%,545,12.6倍,0.69倍,2.75%
20260915,841,京葉銀,8544,東P,,"2,843",-28,-0.98%,543,17.4倍,1.01倍,2.32%
20260915,842,山形銀,8344,東P,,"4,915",-50,-1.01%,542,20.3倍,0.97倍,1.99%
20260915,843,大和証券リビ,8986,東Ｒ,,"92,600",0,0.00%,542,18.7倍,1.17倍,5.42%
20260915,844,オプトラン,6235,東P,,"2,364",+34,+1.46%,541,16.8倍,1.01倍,2.37%
20260915,845,ポーラＨＤ,4927,東P,,"1,371.5",+6.0,+0.44%,540,33.7倍,1.88倍,3.79%
20260915,846,日本紙,3863,東P,,"1,324",+19,+1.46%,540,ー倍,0.30倍,1.13%
20260915,847,ＫＯＡ,6999,東P,,"2,144",+32,+1.52%,536,10.3倍,0.88倍,2.94%
20260915,848,ＰＩＬＬＡＲ,6490,東P,,"9,030",+90,+1.01%,535,14.8倍,2.47倍,2.71%
20260915,849,東邦ＨＤ,8129,東P,,"4,005",0,0.00%,534,20.3倍,0.98倍,4.49%
20260915,850,百十四,8386,東P,,"3,055",-55,-1.77%,533,16.5倍,0.89倍,2.29%
20260915,851,リッジアイ,5572,東G,,"2,856",-174,-5.74%,528,27.4倍,3.33倍,ー%
20260915,852,ミズノ,8022,東P,,"4,015",+10,+0.25%,527,16.1倍,1.71倍,1.64%
20260915,853,おきなわＦＧ,7350,東P,,"7,810",-30,-0.38%,527,13.9倍,1.01倍,2.56%
20260915,854,三井松島ＨＤ,1518,東P,,"2,223",-10,-0.45%,526,9.57倍,1.42倍,5.85%
20260915,855,Ｊｏｓｈｉｎ,8173,東P,,"4,205",+25,+0.60%,522,31.1倍,1.02倍,2.38%
20260915,856,藤田観,9722,東P,,"2,693",-49,-1.79%,521,12.9倍,3.75倍,0.74%
20260915,857,菱製鋼,5632,東P,,"2,446",+82,+3.47%,518,11.9倍,0.76倍,4.25%
20260915,858,タツモ,6266,東P,,"3,360",+70,+2.13%,516,19.5倍,1.85倍,1.01%
20260915,859,ガンホー,3765,東P,,"2,543",-21,-0.82%,513,ー倍,1.16倍,ー%
20260915,860,東洋合成,4970,東S,,"9,610",+130,+1.37%,512,20.1倍,2.65倍,0.52%
20260915,861,ノーリツ鋼機,7744,東P,,"1,957",+1,+0.05%,512,12.4倍,0.89倍,3.83%
20260915,862,日経ベア,1580,東Ｅ,,816.0,+1.6,+0.20%,511,ー倍,ー倍,ー%
20260915,863,板硝子,5202,東P,,495,0,0.00%,506,84.0倍,1.67倍,ー%
20260915,864,ＭＸ全世界株,2559,東Ｅ,,"2,886",-8,-0.28%,506,ー倍,ー倍,ー%
20260915,865,サンエー,2659,東P,,"3,425",0,0.00%,505,18.5倍,1.37倍,3.21%
20260915,866,トモニＨＤ,8600,東P,,"1,149",-5,-0.43%,502,12.4倍,0.73倍,2.61%
20260915,867,雪印メグ,2270,東P,,"3,730",-40,-1.06%,501,9.06倍,0.91倍,2.68%
20260915,868,ニップン,2001,東P,,"2,994",-16,-0.53%,496,11.7倍,0.88倍,2.27%
20260915,869,ソディック,6143,東P,,"1,623",+28,+1.76%,495,11.0倍,0.85倍,2.16%
20260915,870,ＪＣＵ,4975,東P,,"5,750",-30,-0.52%,494,16.1倍,2.52倍,3.13%
20260915,871,ＨＵグループ,4544,東P,,"3,516.0",+47.0,+1.35%,493,38.2倍,1.42倍,3.56%
20260915,872,イトーキ,7972,東P,,"2,473",+14,+0.57%,491,10.9倍,1.98倍,3.64%
20260915,873,ＳＲＥＨＤ,2980,東P,,"2,300",+31,+1.37%,491,13.1倍,2.30倍,0.87%
20260915,874,加賀電子,8154,東P,,"4,915",+90,+1.87%,490,10.7倍,1.23倍,2.85%
20260915,875,ＩＤＯＭ,7599,東P,,"1,221",+5,+0.41%,485,8.63倍,1.37倍,3.48%
20260915,876,中本パックス,7811,東S,,"2,204",+259,+13.32%,481,7.60倍,0.92倍,3.72%
20260915,877,ＷＮＩウェザ,4825,東P,,"2,011",+16,+0.80%,481,23.2倍,3.74倍,2.49%
20260915,878,ＰＡコンサル,4071,東P,,"2,092",-14,-0.66%,480,16.9倍,5.09倍,2.39%
20260915,879,ミラースＲ,3492,東Ｒ,,"79,300",+200,+0.25%,480,15.8倍,0.89倍,6.81%
20260915,880,ミルボン,4919,東P,,"3,170",+15,+0.48%,480,21.8倍,2.00倍,2.78%
20260915,881,ファーマＦ,2929,東P,,712,+21,+3.04%,480,9.40倍,1.57倍,3.51%
20260915,882,ライフコーポ,8194,東P,,"2,712",-3,-0.11%,479,12.4倍,1.49倍,2.58%
20260915,883,ＡＤプラズマ,6668,東S,,"3,780",+115,+3.14%,479,17.4倍,2.21倍,0.79%
20260915,884,オークネット,3964,東P,,"1,288",+13,+1.02%,478,15.0倍,3.94倍,6.37%
20260915,885,フクダ電,6960,東S,,"11,760",-40,-0.34%,477,18.0倍,1.66倍,1.96%
20260915,886,Ｕｍｉｏｓ,1333,東P,,"1,285.0",-7.0,-0.54%,477,12.8倍,0.78倍,3.50%
20260915,887,アンドＳＴ,2685,東P,,"3,205",+5,+0.16%,476,14.1倍,1.78倍,2.81%
20260915,888,ＡＺ丸和ＨＤ,9090,東P,,907,+2,+0.22%,476,14.7倍,1.99倍,3.53%
20260915,889,リョー菱ＨＤ,167A,東P,,"3,245",+45,+1.41%,474,17.4倍,0.94倍,4.31%
20260915,890,富山第一銀,7184,東P,,"3,420",-55,-1.58%,470,16.0倍,1.08倍,2.19%
20260915,891,富士急,9010,東P,,"2,599",-1,-0.04%,469,24.0倍,3.30倍,1.27%
20260915,892,アカツキ,3932,東P,,"3,695",+105,+2.92%,465,ー倍,1.15倍,ー%
20260915,893,Ａｉロボ,247A,東G,,"1,001",-18,-1.77%,464,ー倍,11.6倍,ー%
20260915,894,オカムラ,7994,東P,,"2,347",+10,+0.43%,463,10.5倍,1.09倍,4.47%
20260915,895,イオレ,2334,東G,,589,+5,+0.86%,462,20.0倍,5.71倍,ー%
20260915,896,岡三,8609,東P,,"1,224",-1,-0.08%,460,ー倍,1.05倍,ー%
20260915,897,極東開発,7226,東P,,"2,290",-19,-0.82%,460,17.7倍,0.78倍,5.24%
20260915,898,カナモト,9678,東P,,"5,270",-160,-2.95%,460,13.9倍,1.16倍,2.09%
20260915,899,クオリプス,4894,東G,,"5,740",-80,-1.37%,456,ー倍,10.8倍,ー%
20260915,900,ノジマ,7419,東P,,"1,259",+4,+0.32%,454,7.61倍,1.44倍,1.59%
20260915,901,日精機,7287,東S,,"2,689",+17,+0.64%,453,15.5倍,0.66倍,3.35%
20260915,902,グンゼ,3002,東P,,"4,055",+5,+0.12%,453,24.5倍,1.18倍,5.33%
20260915,903,ジャスト,4686,東P,,"4,325",+35,+0.82%,452,ー倍,2.28倍,0.69%
20260915,904,ＨＵＬＩＣＲ,3295,東Ｒ,,"147,800",+100,+0.07%,450,18.9倍,1.05倍,5.41%
20260915,905,長谷川香料,4958,東P,,"3,395",+120,+3.66%,447,18.8倍,1.02倍,2.95%
20260915,906,楽天Ｗベア,1459,東Ｅ,,120,+1,+0.84%,444,ー倍,ー倍,ー%
20260915,907,東合成,4045,東P,,"1,798.5",+2.5,+0.14%,443,16.1倍,0.86倍,4.00%
20260915,908,アコム,8572,東S,,487.8,-1.6,-0.33%,441,12.0倍,1.07倍,4.51%
20260915,909,ヴレインＳ,135A,東G,,"4,570",+140,+3.16%,440,48.2倍,22.7倍,ー%
20260915,910,野村外国債券,2511,東Ｅ,,"1,118.5",+5.0,+0.45%,439,ー倍,ー倍,ー%
20260915,911,グッドコムＡ,3475,東P,,"1,479",+61,+4.30%,437,9.35倍,3.04倍,3.11%
20260915,912,宮崎銀,8393,東P,,"2,692",-19,-0.70%,436,15.6倍,0.97倍,2.08%
20260915,913,大有機,4187,東P,,"3,980",+30,+0.76%,436,15.6倍,1.49倍,2.16%
20260915,914,武蔵銀,8336,東P,,"2,806",-31,-1.09%,435,14.0倍,0.99倍,2.92%
20260915,915,Ｕアローズ,7606,東P,,"2,382",+16,+0.68%,435,10.3倍,1.52倍,4.70%
20260915,916,ｉＳゴールド,314A,東Ｅ,,314.5,-1.5,-0.47%,432,ー倍,ー倍,ー%
20260915,917,黒田グループ,287A,東S,,"1,123",+7,+0.63%,431,11.6倍,1.14倍,5.61%
20260915,918,エフピコ,7947,東P,,"2,827",+10,+0.35%,431,ー倍,1.39倍,2.58%
20260915,919,稲畑産,8098,東P,,"4,415",-90,-2.00%,431,11.2倍,0.98倍,3.24%
20260915,920,プロクレＨＤ,7384,東P,,"5,160",0,0.00%,431,20.9倍,0.86倍,1.94%
20260915,921,ワコム,6727,東P,,826,+5,+0.61%,431,11.0倍,2.98倍,2.91%
20260915,922,航空電子,6807,東P,,"2,501",+23,+0.93%,429,28.1倍,1.17倍,2.00%
20260915,923,ブレーキ,7238,東P,,106,0,0.00%,429,11.5倍,0.57倍,ー%
20260915,924,トーカロ,3433,東P,,"2,772",-5,-0.18%,429,15.2倍,2.47倍,3.32%
20260915,925,ムニノバＨＤ,547A,東P,,434,-3,-0.69%,427,6.50倍,0.85倍,4.61%
20260915,926,エムアップ,3661,東P,,803,-6,-0.74%,426,16.0倍,6.65倍,2.99%
20260915,927,カカクコム,2371,東P,,"3,839",-11,-0.29%,426,36.7倍,11.7倍,ー%
20260915,928,三洋化,4471,東P,,"6,010",+70,+1.18%,425,12.1倍,0.82倍,3.33%
20260915,929,日清オイリオ,2602,東P,,"2,094",-19,-0.90%,424,16.0倍,0.90倍,2.87%
20260915,930,タムラ,6768,東P,,806,+1,+0.12%,424,12.3倍,0.99倍,1.99%
20260915,931,ハピネット,7552,東P,,"3,900",-20,-0.51%,423,16.1倍,2.88倍,ー%
20260915,932,松竹,9601,東P,,"10,900",-120,-1.09%,422,68.1倍,1.42倍,0.28%
20260915,933,内田洋,8057,東P,,"2,246",+40,+1.81%,420,10.6倍,1.29倍,3.38%
20260915,934,サムティＲ,3459,東Ｒ,,"86,700",-800,-0.91%,420,18.3倍,0.87倍,6.30%
20260915,935,カメイ,8037,東P,,"4,810",+30,+0.63%,419,12.2倍,0.82倍,2.83%
20260915,936,ＵＳＭＨ,3222,東S,,856,-9,-1.04%,416,"1,189倍",0.86倍,1.87%
20260915,937,コムチュア,3844,東P,,"1,353",+28,+2.11%,416,19.2倍,2.24倍,3.84%
20260915,938,壱番屋,7630,東P,,"1,082",+3,+0.28%,416,63.5倍,5.44倍,1.48%
20260915,939,平和不,8803,東P,,"2,344",0,0.00%,415,13.5倍,1.25倍,4.39%
20260915,940,三井不商業,8964,東Ｒ,,"76,300",-500,-0.65%,410,17.3倍,1.18倍,5.82%
20260915,941,テクノ菱和,1965,東S,,"6,940",-40,-0.57%,409,12.1倍,2.11倍,2.56%
20260915,942,ノリタケ,5331,東P,,"3,505",+20,+0.57%,408,11.3倍,1.07倍,3.42%
20260915,943,山岡家,3399,東S,,"3,670",-20,-0.54%,407,19.8倍,6.54倍,0.82%
20260915,944,琉球銀,8399,東P,,"3,295",-20,-0.60%,406,13.5倍,0.92倍,2.97%
20260915,945,ＴＳテック,7313,東P,,"1,807.0",-2.0,-0.11%,406,26.4倍,0.68倍,5.09%
20260915,946,農中４００,2526,東Ｅ,,"36,880",-120,-0.32%,405,ー倍,ー倍,ー%
20260915,947,東急ＲＥ,8957,東Ｒ,,"184,800",-200,-0.11%,405,30.4倍,1.40倍,4.36%
20260915,948,フォスター,6794,東P,,"3,065",+50,+1.66%,404,13.8倍,1.02倍,3.75%
20260915,949,ＳＰＤＲ,1326,東Ｅ,,"60,860",-350,-0.57%,404,ー倍,ー倍,ー%
20260915,950,伊勢化,4107,東S,,"3,890",+25,+0.65%,404,36.7倍,4.73倍,1.03%
20260915,951,東芝テック,6588,東P,,"2,854",+38,+1.35%,402,21.6倍,1.59倍,1.40%
20260915,952,フィナＨＤ,4419,東G,,"1,415",+8,+0.57%,402,31.6倍,6.63倍,ー%
20260915,953,ＳＭＤリート,1398,東Ｅ,,"1,789.5",-16.0,-0.89%,401,ー倍,ー倍,ー%
20260915,954,ジャックス,8584,東P,,"3,735",0,0.00%,401,16.7倍,0.56倍,5.35%
20260915,955,平和不リート,8966,東Ｒ,,"130,300",+100,+0.08%,401,25.2倍,1.30倍,6.19%
20260915,956,レオパレス,8848,東P,Ｓ,791,+100,+14.47%,400,11.7倍,5.22倍,ー%
20260915,957,ジョイ本田,3191,東P,,"2,268",-11,-0.48%,400,20.7倍,1.08倍,ー%
20260915,958,セーレン,3569,東P,,"3,230",0,0.00%,400,12.0倍,1.14倍,2.35%
20260915,959,イーソル,4420,東S,,820,0,0.00%,400,34.6倍,2.63倍,0.18%
20260915,960,メニコン,7780,東P,,"1,727",+19,+1.11%,399,19.7倍,1.34倍,1.62%
20260915,961,内海造,7018,東S,,"12,880",-420,-3.16%,398,21.8倍,1.53倍,0.31%
20260915,962,ミライニＨＤ,546A,東P,,"2,370",+51,+2.20%,397,5.37倍,0.92倍,4.05%
20260915,963,ＣＡＩＣＡＤ,2315,東S,,65,+2,+3.17%,397,123倍,2.04倍,ー%
20260915,964,ディップ,2379,東P,,"1,844",+7,+0.38%,397,20.7倍,2.77倍,5.26%
20260915,965,大阪ソーダ,4046,東P,,"1,992",+6,+0.30%,394,16.2倍,1.84倍,1.51%
20260915,966,菱地所物流Ｒ,3481,東Ｒ,,"113,400",+500,+0.44%,393,20.0倍,1.08倍,5.49%
20260915,967,新日本建,1879,東P,,"2,266",-5,-0.22%,392,7.57倍,0.98倍,3.53%
20260915,968,ＴＶＥ,6466,東S,,"3,920",-365,-8.52%,391,11.2倍,0.72倍,1.40%
20260915,969,ＡＣＣＥＳＳ,4813,東P,,384,-10,-2.54%,390,23.7倍,2.38倍,ー%
20260915,970,大分銀,8392,東P,,"3,025",-55,-1.79%,390,17.6倍,0.87倍,1.65%
20260915,971,ワコールＨＤ,3591,東P,,"4,027",+25,+0.62%,388,111倍,0.94倍,2.48%
20260915,972,レイズネク,6379,東P,,"2,919",-18,-0.61%,388,17.5倍,1.78倍,4.04%
20260915,973,テスＨＤ,5074,東P,,574,+5,+0.88%,387,22.5倍,0.78倍,1.67%
20260915,974,タダノ,6395,東P,,"1,343",+2,+0.15%,385,12.2倍,0.78倍,2.53%
20260915,975,ビジョン,9416,東P,,"1,069",+3,+0.28%,385,10.0倍,2.56倍,4.77%
20260915,976,Ｊトラスト,8508,東S,,757,0,0.00%,385,12.1倍,0.61倍,2.25%
20260915,977,ＦＣＣ,7296,東P,,"4,155",+15,+0.36%,385,11.6倍,0.95倍,4.33%
20260915,978,伊藤米久ＨＤ,2296,東P,,"5,010",-30,-0.60%,384,15.4倍,0.97倍,3.09%
20260915,979,やまびこ,6250,東P,,"4,330",-40,-0.92%,383,10.7倍,1.35倍,2.54%
20260915,980,月島ＨＤ,6332,東P,,"2,652",-3,-0.11%,381,12.4倍,1.09倍,3.32%
20260915,981,キッツ,6498,東P,,"1,924",+7,+0.37%,377,12.5倍,1.35倍,3.22%
20260915,982,サカタタネ,1377,東P,,"4,375",-5,-0.11%,377,18.4倍,1.03倍,2.06%
20260915,983,ＮＴＴ都市Ｒ,8956,東Ｒ,,"126,900",+400,+0.32%,376,20.7倍,1.25倍,4.89%
20260915,984,ポールＨＤ,3657,東P,,378,+13,+3.56%,375,19.1倍,1.59倍,4.23%
20260915,985,旭ダイヤ,6140,東P,,"1,096",+7,+0.64%,373,14.3倍,0.82倍,3.10%
20260915,986,酉島,6363,東P,,"2,824",-18,-0.63%,373,10.5倍,1.21倍,2.41%
20260915,987,犬猫生活,556A,東G,,"2,359",+50,+2.17%,373,13.8倍,3.00倍,ー%
20260915,988,ＧＸ防衛日株,513A,東Ｅ,,806,-4,-0.49%,372,ー倍,ー倍,ー%
20260915,989,ライフネット,7157,東P,,"1,449",+15,+1.05%,370,14.2倍,1.23倍,ー%
20260915,990,大崎電,6644,東P,,"1,453",+1,+0.07%,370,13.1倍,1.11倍,3.37%
20260915,991,ＤＴＳ,9682,東P,,"1,101",+7,+0.64%,368,14.6倍,2.86倍,3.45%
20260915,992,テクニスコ,2962,東S,,"1,718",-100,-5.50%,367,79.0倍,8.96倍,ー%
20260915,993,木村化,6378,東S,,"1,163",-20,-1.69%,366,12.1倍,1.12倍,3.53%
20260915,994,コシダカＨＤ,2157,東P,,997,-4,-0.40%,366,11.4倍,2.17倍,2.81%
20260915,995,ＮＳグループ,471A,東P,,"1,543",+8,+0.52%,363,9.85倍,2.88倍,4.93%
20260915,996,コメ兵ＨＤ,2780,東S,,"4,515",+120,+2.73%,363,8.48倍,1.27倍,2.39%
20260915,997,泉州電,9824,東P,,"7,610",-30,-0.39%,362,14.2倍,2.07倍,2.23%
20260915,998,ＭＸ米株ＳＰ,2558,東Ｅ,,"3,382",+3,+0.09%,362,ー倍,ー倍,ー%
20260915,999,アクセルＨＤ,402A,東G,,520,+9,+1.76%,361,ー倍,4.97倍,ー%
20260915,1000,ドトル日レス,3087,東P,,"3,260",-25,-0.76%,359,18.2倍,1.29倍,1.84%
20260915,1001,三愛オブリ,8097,東P,,"2,451",+7,+0.29%,359,18.4倍,1.30倍,4.08%
20260915,1002,フタバ,7241,東P,,"1,096",+9,+0.83%,359,6.99倍,0.70倍,4.11%
20260915,1003,Ｋ＆Ｏエナジ,1663,東P,,"1,932",+10,+0.52%,358,15.2倍,0.94倍,2.28%
20260915,1004,トーエネク,1946,東P,,"2,162",-4,-0.18%,357,11.2倍,1.29倍,3.52%
20260915,1005,西松屋チェ,7545,東P,,"1,964",+5,+0.26%,356,14.0倍,1.18倍,1.63%
20260915,1006,西部ガスＨＤ,9536,東P,,"2,588",+2,+0.08%,356,11.6倍,0.76倍,2.70%
20260915,1007,ＶＩＸＥＴＦ,318A,東Ｅ,,354.1,-2.0,-0.56%,355,ー倍,ー倍,ー%
20260915,1008,ｉＳ米国株Ｈ,2563,東Ｅ,,400.4,-1.3,-0.32%,355,ー倍,ー倍,ー%
20260915,1009,栗本鉄,5602,東P,,"1,626",+9,+0.56%,355,12.9倍,1.02倍,3.69%
20260915,1010,ベル２４ＨＤ,6183,東P,,"1,374",+13,+0.96%,355,12.0倍,1.38倍,4.37%
20260915,1011,ダイハツイン,6023,東S,,"3,205",-25,-0.77%,354,11.5倍,1.66倍,2.59%
20260915,1012,日本電技,1723,東S,,"2,515",+12,+0.48%,354,18.4倍,3.40倍,2.23%
20260915,1013,ストライクＧ,6196,東P,,"1,411",-5,-0.35%,352,14.3倍,3.79倍,4.61%
20260915,1014,シーイーシー,9692,東P,,"2,186",-15,-0.68%,351,11.2倍,1.54倍,3.89%
20260915,1015,福山運,9075,東P,,"6,250",+60,+0.97%,350,13.0倍,0.78倍,1.60%
20260915,1016,テレ朝ＨＤ,9409,東P,,"3,155",-20,-0.63%,350,12.7倍,0.67倍,3.17%
20260915,1017,東亜道,1882,東P,,"1,598",-8,-0.50%,350,17.6倍,1.44倍,5.63%
20260915,1018,丸三,8613,東P,,"1,291",-7,-0.54%,350,ー倍,1.61倍,ー%
20260915,1019,ＣＣＩＧ,7381,東P,,"1,293",-16,-1.22%,348,16.7倍,1.08倍,2.32%
20260915,1020,ＪＭＨＤ,3539,東P,,"1,442",-6,-0.41%,347,11.0倍,1.50倍,1.80%
20260915,1021,東光高岳,6617,東P,,"6,560",+10,+0.15%,347,10.1倍,1.43倍,2.04%
20260915,1022,ヘリオス,4593,東G,,289,+2,+0.70%,346,ー倍,4.45倍,ー%
20260915,1023,リンクユーＧ,4446,東S,,760,-148,-16.30%,345,40.3倍,4.71倍,ー%
20260915,1024,Ａバランス,3856,東S,,259,+18,+7.47%,345,ー倍,0.11倍,ー%
20260915,1025,原油先物ベア,2039,東EN,,478,-9,-1.85%,345,ー倍,ー倍,ー%
20260915,1026,サカタＩＮＸ,4633,東P,,"2,597",+45,+1.76%,344,10.7倍,1.00倍,3.85%
20260915,1027,ダスキン,4665,東P,,"4,646",-14,-0.30%,344,20.7倍,1.40倍,2.91%
20260915,1028,イノテック,9880,東P,,"3,320",-50,-1.48%,344,7.71倍,1.49倍,3.92%
20260915,1029,ＪＢＣＣＨＤ,9889,東P,,"1,705",+37,+2.22%,344,17.1倍,4.18倍,3.52%
20260915,1030,大栄環境,9336,東P,,"3,820",+30,+0.79%,342,23.3倍,3.44倍,1.44%
20260915,1031,オプテクスＧ,6914,東P,,"3,060",+20,+0.66%,342,14.2倍,1.83倍,2.48%
20260915,1032,Ｒみらい,3476,東Ｒ,,"41,750",+50,+0.12%,340,16.2倍,0.91倍,6.18%
20260915,1033,マイクロ波,9227,東G,,820,0,0.00%,339,"3,280倍",109倍,ー%
20260915,1034,ブルーゾーン,417A,東P,,"1,918.0",-12.5,-0.65%,339,16.2倍,1.90倍,1.67%
20260915,1035,アークス,9948,東P,,"3,750",-35,-0.92%,339,16.1倍,1.02倍,2.19%
20260915,1036,日農薬,4997,東P,,"1,147",0,0.00%,339,12.1倍,1.02倍,3.31%
20260915,1037,科研薬,4521,東P,,"3,905",+20,+0.51%,339,22.8倍,0.97倍,4.87%
20260915,1038,エターナルＧ,3193,東P,,"1,305",+6,+0.46%,338,15.9倍,2.83倍,1.76%
20260915,1039,ライト,1926,東P,,"3,825",-5,-0.13%,338,13.3倍,1.86倍,3.82%
20260915,1040,椿本チ,6371,東P,,"2,669",-6,-0.22%,338,12.3倍,0.91倍,3.00%
20260915,1041,ＴＫＣ,9746,東P,,"4,110",-5,-0.12%,335,15.7倍,1.81倍,3.07%
20260915,1042,日本管財ＨＤ,9347,東P,,"2,958",+8,+0.27%,335,14.7倍,1.40倍,2.03%
20260915,1043,ｉＦＦＡＮＧ,316A,東Ｅ,,"2,657",+45,+1.72%,335,ー倍,ー倍,ー%
20260915,1044,北ガス,9534,東P,,927,-2,-0.22%,333,8.60倍,0.82倍,2.91%
20260915,1045,アイダ,6118,東P,,"1,241",+1,+0.08%,333,15.7倍,0.78倍,3.14%
20260915,1046,ノエビアＨＤ,4928,東P,,"4,820",+10,+0.21%,332,20.1倍,3.23倍,4.77%
20260915,1047,ＣＥＨＤ,4320,東S,,"1,645",-3,-0.18%,331,31.5倍,3.36倍,ー%
20260915,1048,東エレデバ,2760,東P,,"4,090",+55,+1.36%,331,12.8倍,2.26倍,3.15%
20260915,1049,原油先Ｗブル,2038,東EN,,"2,734",+124,+4.75%,331,ー倍,ー倍,ー%
20260915,1050,サンゲツ,8130,東P,,"3,185",-20,-0.62%,330,13.9倍,1.54倍,4.87%
20260915,1051,オンワード,8016,東P,,717,+4,+0.56%,329,8.72倍,1.03倍,4.60%
20260915,1052,オキサイド,6521,東G,,"3,075",+83,+2.77%,329,59.9倍,7.48倍,ー%
20260915,1053,アリアケ,2815,東P,,"5,250",-60,-1.13%,329,17.2倍,1.25倍,5.71%
20260915,1054,大平金,5541,東P,,"2,640",-26,-0.98%,327,343倍,0.74倍,4.92%
20260915,1055,アルビス,7475,東P,,"3,765",-5,-0.13%,327,27.0倍,0.95倍,ー%
20260915,1056,矢作建,1870,東P,,"2,132",-2,-0.09%,327,9.90倍,1.21倍,5.16%
20260915,1057,ＣＲＥロジ,3487,東Ｒ,,"136,500",+300,+0.22%,326,20.4倍,1.02倍,5.45%
20260915,1058,農中東証指数,2524,東Ｅ,,"4,126",-24,-0.58%,326,ー倍,ー倍,ー%
20260915,1059,三洋貿易,3176,東P,,"1,150",+4,+0.35%,325,11.0倍,1.19倍,3.48%
20260915,1060,北日銀,8551,東P,,"8,500",+40,+0.47%,325,15.2倍,0.71倍,2.26%
20260915,1061,タムロン,7740,東P,,"1,339",+9,+0.68%,324,15.8倍,2.42倍,3.81%
20260915,1062,山善,8051,東P,,"1,969",0,0.00%,323,17.0倍,1.19倍,2.84%
20260915,1063,日曹達,4041,東P,,"3,830",+25,+0.66%,322,13.0倍,0.97倍,4.18%
20260915,1064,テクノフレ,3449,東S,,"3,945",+80,+2.07%,322,17.7倍,2.60倍,1.62%
20260915,1065,地主,3252,東P,,"2,789",+1,+0.04%,321,7.22倍,1.13倍,4.66%
20260915,1066,シリコンスタ,3907,東S,,"1,956",+1,+0.05%,321,ー倍,3.35倍,ー%
20260915,1067,ユアテック,1934,東P,,"2,607",-13,-0.50%,321,13.6倍,1.16倍,2.99%
20260915,1068,日証金,8511,東P,,"2,432",-8,-0.33%,319,17.8倍,1.39倍,3.87%
20260915,1069,エクセレント,8987,東Ｒ,,"133,500",-100,-0.07%,317,15.6倍,1.17倍,4.64%
20260915,1070,星野Ｒリート,3287,東Ｒ,,"236,600",-100,-0.04%,317,17.7倍,0.95倍,5.66%
20260915,1071,ＤＣＭ,3050,東P,,"1,610",+10,+0.63%,317,12.6倍,0.77倍,2.98%
20260915,1072,プリマ,2281,東P,,"2,419",+4,+0.17%,316,16.2倍,1.00倍,3.31%
20260915,1073,スピー,4499,東S,,"2,249",-60,-2.60%,316,ー倍,3.95倍,ー%
20260915,1074,ＫｅｅＰｅｒ,6036,東P,,"3,590",-10,-0.28%,315,15.8倍,3.90倍,2.79%
20260915,1075,森トラストＲ,8961,東Ｒ,,"71,200",+100,+0.14%,314,19.6倍,1.08倍,5.10%
20260915,1076,愛知鋼,5482,東P,,"3,150",+25,+0.80%,313,17.9倍,0.86倍,4.76%
20260915,1077,ファンタジス,1783,東S,,68,-9,-11.69%,313,46.9倍,1.72倍,ー%
20260915,1078,マクセル,6810,東P,,"2,507",+17,+0.68%,313,13.8倍,1.02倍,2.23%
20260915,1079,サンフロ不,8934,東P,,"2,363",-5,-0.21%,312,7.77倍,1.00倍,3.39%
20260915,1080,ワールド,3612,東P,,"1,599",+4,+0.25%,312,9.68倍,1.23倍,4.19%
20260915,1081,水戸,8622,東P,,935,-4,-0.43%,310,ー倍,1.29倍,ー%
20260915,1082,ヨドコウ,5451,東P,,"1,420",+2,+0.14%,310,17.2倍,1.03倍,4.37%
20260915,1083,大同メ,7245,東P,,"1,101",+14,+1.29%,310,10.1倍,0.62倍,3.27%
20260915,1084,シード,7743,東S,,792,0,0.00%,309,17.8倍,1.26倍,ー%
20260915,1085,バルカー,7995,東P,,"6,420",+40,+0.63%,308,13.0倍,2.02倍,3.12%
20260915,1086,東洋証券,8614,東P,,705,-7,-0.98%,308,ー倍,1.68倍,ー%
20260915,1087,ｉＦＴＰ年１,1305,東Ｅ,,"4,258",-13,-0.30%,308,ー倍,ー倍,ー%
20260915,1088,中電工,1941,東P,,"5,090",-40,-0.78%,308,13.7倍,1.07倍,2.75%
20260915,1089,乃村工芸社,9716,東P,,"1,235",-4,-0.32%,308,14.9倍,2.36倍,3.56%
20260915,1090,ｉＦ日本配当,435A,東Ｅ,,"2,778",-15,-0.54%,307,ー倍,ー倍,ー%
20260915,1091,コメリ,8218,東P,,"3,910",-25,-0.64%,307,12.1倍,0.69倍,1.48%
20260915,1092,ＳＦＯＯＤＳ,2292,東P,,"2,755",-24,-0.86%,307,13.4倍,0.67倍,3.99%
20260915,1093,西川ゴム,5161,東S,,"3,485",-10,-0.29%,306,19.5倍,1.45倍,5.28%
20260915,1094,荒川化,4968,東P,,"2,069",+34,+1.67%,305,18.2倍,0.63倍,2.66%
20260915,1095,ロイヤルＨＤ,8179,東P,,"1,347",-7,-0.52%,305,23.3倍,2.36倍,1.30%
20260915,1096,西華産,8061,東P,,"2,971",+29,+0.99%,304,12.4倍,1.96倍,3.53%
20260915,1097,フジシール,7864,東P,,"3,300",+15,+0.46%,304,11.5倍,1.07倍,2.64%
20260915,1098,イエロハット,9882,東P,,"1,752",-7,-0.40%,304,12.1倍,1.18倍,3.88%
20260915,1099,図研,6947,東P,,"4,850",0,0.00%,303,17.9倍,2.49倍,3.09%
20260915,1100,カウリス,153A,東G,,"1,658",+9,+0.55%,301,30.6倍,6.96倍,0.33%
20260915,1101,東建コーポ,1766,東P,,"13,180",+110,+0.84%,301,10.0倍,1.27倍,3.03%
20260915,1102,ＴＲＥＨＤ,9247,東P,,"1,808",-13,-0.71%,301,17.0倍,1.03倍,2.77%
20260915,1103,金先物Ｗブル,2036,東EN,,"146,500","-1,100",-0.75%,300,ー倍,ー倍,ー%
20260915,1104,ＧＸ純金,425A,東Ｅ,,354.0,-3.2,-0.90%,300,ー倍,ー倍,ー%
20260915,1105,藤コンポ,5121,東P,,"2,746",+53,+1.97%,300,13.3倍,1.28倍,3.13%
20260915,1106,住友倉,9303,東P,,"4,145",-15,-0.36%,299,18.2倍,1.00倍,2.48%
20260915,1107,ダイセキ,9793,東P,,"3,710",-25,-0.67%,298,15.7倍,2.12倍,2.32%
20260915,1108,ハイデ日高,7611,東P,,"2,993",-12,-0.40%,298,24.0倍,4.27倍,1.74%
20260915,1109,日セラ,6929,東P,,"3,630",-5,-0.14%,298,15.8倍,1.61倍,4.55%
20260915,1110,ポート,7047,東G,,"2,173",+33,+1.54%,297,8.61倍,2.60倍,0.60%
20260915,1111,トレファク,3093,東P,,"1,889",-7,-0.37%,295,12.5倍,3.29倍,2.44%
20260915,1112,ＴＰＸベア２,1356,東Ｅ,,108.2,+1.2,+1.12%,294,ー倍,ー倍,ー%
20260915,1113,システナ,2317,東P,,441,-2,-0.45%,292,14.8倍,4.00倍,4.08%
20260915,1114,ゲオＨＤ,2681,東P,,"2,284",+14,+0.62%,292,15.1倍,0.90倍,1.49%
20260915,1115,東邦鉛,5707,東P,,947,-15,-1.56%,292,5.00倍,0.94倍,ー%
20260915,1116,有沢製,5208,東P,,"2,546",+27,+1.07%,291,18.6倍,1.68倍,4.32%
20260915,1117,ディアライフ,3245,東P,,"1,083",-6,-0.55%,291,8.02倍,1.60倍,5.91%
20260915,1118,ケイアイ不,3465,東P,,"3,235",-5,-0.15%,290,5.20倍,1.32倍,4.64%
20260915,1119,丸大食,2288,東P,,"2,291",+3,+0.13%,290,8.58倍,0.74倍,3.49%
20260915,1120,ヨコレイ,2874,東P,,"2,178",-22,-1.00%,290,20.5倍,1.52倍,1.24%
20260915,1121,ＪＩＡ,7172,東P,,"2,063",-22,-1.06%,290,9.85倍,1.56倍,5.24%
20260915,1122,アクシアル,8255,東P,,"1,344",+5,+0.37%,289,14.6倍,1.23倍,2.16%
20260915,1123,化工機,6331,東P,,"3,255",-20,-0.61%,288,10.8倍,1.65倍,3.69%
20260915,1124,ＳＨＯＥＩ,7839,東P,,"2,041",-24,-1.16%,287,17.6倍,3.22倍,2.94%
20260915,1125,日本リート,3296,東Ｒ,,"81,000",+400,+0.50%,287,17.9倍,1.06倍,5.68%
20260915,1126,ソリトン,3040,東P,,"2,346",+23,+0.99%,287,16.3倍,3.07倍,3.07%
20260915,1127,ＪＰＨＤ,2749,東P,,672,+21,+3.23%,284,13.3倍,2.50倍,2.01%
20260915,1128,双葉電,6986,東P,,747,+1,+0.13%,284,ー倍,0.38倍,ー%
20260915,1129,旭有機材,4216,東P,,"6,050",+80,+1.34%,284,18.6倍,1.39倍,2.15%
20260915,1130,いちご,2337,東P,,404,+3,+0.75%,281,8.80倍,1.46倍,3.84%
20260915,1131,愛媛銀,8541,東P,,"3,300",-20,-0.60%,281,19.8倍,0.89倍,1.45%
20260915,1132,亀田製菓,2220,東P,,"1,350",-11,-0.81%,281,19.9倍,0.82倍,1.78%
20260915,1133,パーカライ,4095,東P,,"1,745",-7,-0.40%,280,13.1倍,0.90倍,2.87%
20260915,1134,ＶＴＨＤ,7593,東P,,522,+4,+0.77%,280,8.46倍,0.83倍,4.60%
20260915,1135,ウイングアク,4432,東P,,"3,290",+20,+0.61%,280,15.4倍,2.51倍,3.28%
20260915,1136,日本ＣＭＫ,6958,東P,,737,+3,+0.41%,280,17.5倍,0.64倍,3.80%
20260915,1137,サガミＨＤ,9900,東P,,"1,137",-38,-3.23%,279,57.4倍,3.48倍,0.53%
20260915,1138,ベルーナ,9997,東P,,"1,063",+3,+0.28%,278,8.53倍,0.68倍,3.67%
20260915,1139,菱鉛筆,7976,東P,,"3,225",-35,-1.07%,278,20.2倍,1.17倍,1.77%
20260915,1140,大紀ア,5702,東P,,"1,735",+22,+1.28%,278,5.65倍,0.88倍,5.19%
20260915,1141,愛三工,7283,東P,,"2,110",+3,+0.14%,277,8.98倍,0.84倍,3.93%
20260915,1142,大真空,6962,東P,,801,+42,+5.53%,276,255倍,0.65倍,3.50%
20260915,1143,ＲｅＹｕｕ,9425,東S,,247,-8,-3.14%,276,ー倍,1.32倍,ー%
20260915,1144,東テク,9960,東P,,"4,065",-50,-1.22%,275,12.2倍,2.23倍,3.15%
20260915,1145,Ｏｎｅ２２５,1369,東Ｅ,,"63,970",+20,+0.03%,275,ー倍,ー倍,ー%
20260915,1146,ｉＳ日本国債,2561,東Ｅ,,"1,969",-6,-0.30%,275,ー倍,ー倍,ー%
20260915,1147,船井総研ＨＤ,9757,東P,,"1,184",+4,+0.34%,273,16.9倍,4.17倍,4.05%
20260915,1148,トランザク,7818,東P,,"1,199",+6,+0.50%,273,15.9倍,3.10倍,2.59%
20260915,1149,上場高配当,1698,東Ｅ,,"4,360",-30,-0.68%,273,ー倍,ー倍,ー%
20260915,1150,合同鉄,5410,東P,,"3,025",-20,-0.66%,272,10.2倍,0.31倍,3.31%
20260915,1151,ＹＥデジタル,2354,東S,,"1,303",+9,+0.70%,272,14.7倍,3.08倍,2.30%
20260915,1152,サカイ引越,9039,東P,,"2,996",+6,+0.20%,270,13.8倍,1.20倍,3.91%
20260915,1153,東映,9605,東P,,"6,070",-10,-0.16%,269,30.1倍,1.28倍,0.20%
20260915,1154,ソシラ物流,2979,東Ｒ,,"99,600",-100,-0.10%,269,21.2倍,0.93倍,5.42%
20260915,1155,スタティアＨ,3393,東P,,"3,115",+45,+1.47%,269,12.5倍,3.63倍,4.65%
20260915,1156,東急建設,1720,東P,,"1,200",-5,-0.41%,268,11.6倍,1.15倍,3.58%
20260915,1157,リミックス,3825,東S,,225,0,0.00%,266,3.22倍,1.54倍,1.33%
20260915,1158,京三,6742,東P,,"1,011",+8,+0.80%,266,14.9倍,1.15倍,2.67%
20260915,1159,ｇｕｍｉ,3903,東P,,206,+4,+1.98%,265,ー倍,0.59倍,ー%
20260915,1160,トランスコス,9715,東P,,"3,545",-40,-1.12%,265,9.84倍,1.05倍,4.09%
20260915,1161,ＢＡＳＥ,4477,東G,,339,+3,+0.89%,265,26.1倍,2.64倍,1.47%
20260915,1162,ＮＩＳＳＨＡ,7915,東P,,"1,192",+21,+1.79%,265,17.7倍,0.48倍,4.19%
20260915,1163,富士製薬,4554,東P,,"1,802",+46,+2.62%,264,21.0倍,0.91倍,2.72%
20260915,1164,ステラケミ,4109,東P,,"5,230",+50,+0.97%,263,18.6倍,1.33倍,3.44%
20260915,1165,イズミ,8273,東P,,990,-1,-0.10%,263,12.0倍,0.70倍,3.03%
20260915,1166,リョービ,5851,東P,,"2,669",+3,+0.11%,262,7.03倍,0.45倍,3.97%
20260915,1167,ＫＰＰＧＨＤ,9274,東P,,"1,102",+15,+1.38%,262,13.4倍,0.75倍,3.63%
20260915,1168,いちごオフィ,8975,東Ｒ,,"92,700",+500,+0.54%,261,8.08倍,1.36倍,12.3%
20260915,1169,セルシス,3663,東P,,"1,853",+38,+2.09%,261,20.6倍,10.2倍,2.81%
20260915,1170,コーナン,7516,東P,,"4,530",0,0.00%,260,10.5倍,0.73倍,3.09%
20260915,1171,サトー,6287,東P,,"2,661",+17,+0.64%,259,11.2倍,0.98倍,3.01%
20260915,1172,新日本空調,1952,東P,,"3,185",+30,+0.95%,259,11.3倍,1.79倍,3.77%
20260915,1173,エレコム,6750,東P,,"2,004",-5,-0.25%,258,14.1倍,1.47倍,2.89%
20260915,1174,ブックオフＧ,9278,東P,,"2,654",-32,-1.19%,258,16.6倍,2.20倍,1.51%
20260915,1175,ＨＥＲＯＺ,4382,東S,,836,-6,-0.71%,258,49.6倍,2.58倍,ー%
20260915,1176,カヤバ,7242,東P,,"4,650",+10,+0.22%,257,11.7倍,0.80倍,3.48%
20260915,1177,コジマ,7513,東P,,"1,458",+8,+0.55%,257,21.2倍,1.52倍,1.92%
20260915,1178,ダイトロン,7609,東P,,"3,900",+35,+0.91%,257,12.7倍,2.03倍,3.08%
20260915,1179,福岡リート,8968,東Ｒ,,"173,500",+500,+0.29%,257,20.2倍,1.33倍,4.61%
20260915,1180,東海理,6995,東P,,"3,130",0,0.00%,256,13.3倍,0.76倍,3.83%
20260915,1181,アズワン,7476,東P,,"2,510.0",-14.0,-0.55%,256,19.9倍,2.45倍,2.63%
20260915,1182,マニー,7730,東P,,"1,449",+9,+0.63%,254,21.0倍,2.49倍,2.83%
20260915,1183,ミラースＨＤ,8897,東P,,450,+5,+1.12%,254,7.52倍,0.73倍,5.11%
20260915,1184,アルコニクス,3036,東P,,"3,260",+10,+0.31%,254,10.7倍,0.87倍,2.91%
20260915,1185,ヘルスケアＭ,3455,東Ｒ,,"96,600",+300,+0.31%,254,13.5倍,1.13倍,7.12%
20260915,1186,セ硝子,4044,東P,,"4,285",+35,+0.82%,253,13.3倍,0.83倍,3.97%
20260915,1187,紙パル商,8032,東P,,"1,260",+13,+1.04%,252,17.2倍,1.05倍,2.86%
20260915,1188,オリコ,8585,東P,,853,-8,-0.93%,251,11.2倍,0.60倍,4.69%
20260915,1189,プレミアＧ,7199,東P,,"2,075",-11,-0.53%,251,11.6倍,3.14倍,3.08%
20260915,1190,フージャース,3284,東P,,"1,273",-9,-0.70%,251,7.23倍,1.02倍,5.89%
20260915,1191,三星ベ,5192,東P,,"4,245",-25,-0.59%,251,12.0倍,1.15倍,4.55%
20260915,1192,ヴィス,5071,東S,,"1,456",+89,+6.51%,250,9.93倍,1.62倍,4.05%
20260915,1193,インテグラル,5842,東G,,"2,940",-24,-0.81%,250,ー倍,1.42倍,1.26%
20260915,1194,野村ナスＨ無,1545,東Ｅ,,227.2,+1.7,+0.75%,248,ー倍,ー倍,ー%
20260915,1195,前田工繊,7821,東P,,"1,950",+25,+1.30%,248,13.6倍,1.71倍,1.64%
20260915,1196,スパークス,8739,東P,,"2,616",+18,+0.69%,248,ー倍,2.55倍,4.20%
20260915,1197,東京エネシス,1945,東P,,"2,125",-15,-0.70%,247,13.6倍,0.98倍,3.62%
20260915,1198,野村金連動,1328,東Ｅ,,"15,675",-90,-0.57%,246,ー倍,ー倍,ー%
20260915,1199,ゼリア新薬,4559,東P,,"2,014",-2,-0.10%,246,8.88倍,0.82倍,2.48%
20260915,1200,ｉＳ米２０Ｈ,2621,東Ｅ,,977,-4,-0.41%,246,ー倍,ー倍,ー%
20260915,1201,ベルク,9974,東P,,"7,050",+40,+0.57%,245,11.3倍,1.21倍,1.87%
20260915,1202,あいＨＤ,3076,東P,,"2,967",-29,-0.97%,244,17.6倍,1.35倍,4.72%
20260915,1203,ＧＸ半導１０,282A,東Ｅ,,"2,151",-6,-0.28%,243,ー倍,ー倍,ー%
20260915,1204,ＬＡホールデ,2986,東G,,"2,821",-7,-0.25%,242,5.58倍,2.20倍,6.17%
20260915,1205,日本高純度,4973,東P,,"4,800",+85,+1.80%,242,12.9倍,1.26倍,4.79%
20260915,1206,クラボウ,3106,東P,,"10,790",0,0.00%,241,11.5倍,1.25倍,3.07%
20260915,1207,ＧＭＯ－ＦＨ,7177,東S,,"1,161",-2,-0.17%,241,ー倍,2.42倍,4.91%
20260915,1208,クレスコ,4674,東P,,"1,795",-3,-0.17%,241,12.9倍,2.13倍,4.46%
20260915,1209,ヒトトヒトＨ,549A,東S,,475,-22,-4.43%,241,ー倍,2.11倍,4.51%
20260915,1210,ベステラ,1433,東P,,"1,194",+5,+0.42%,240,20.0倍,2.02倍,3.35%
20260915,1211,ＫＨネオケム,4189,東P,,"3,185",+25,+0.79%,240,12.8倍,1.49倍,4.08%
20260915,1212,ＰＩ,4290,東P,,696,+2,+0.29%,240,14.5倍,1.77倍,4.02%
20260915,1213,クオンツ総研,9552,東P,,"1,057",-13,-1.21%,239,15.7倍,14.3倍,ー%
20260915,1214,レスター,3156,東P,,"5,210",+70,+1.36%,238,10.9倍,1.50倍,2.78%
20260915,1215,野村原油,1699,東Ｅ,,708.8,+11.8,+1.69%,238,ー倍,ー倍,ー%
20260915,1216,オハラ,5218,東S,,"1,569",+25,+1.62%,237,23.3倍,0.70倍,1.59%
20260915,1217,ＫＬａｂ,3656,東P,,179,+5,+2.87%,237,ー倍,1.30倍,ー%
20260915,1218,Ｏｎｅリート,3290,東Ｒ,,"74,900",-100,-0.13%,236,15.4倍,1.18倍,6.52%
20260915,1219,ＴＯＲＩＣＯ,7138,東G,,144,-12,-7.69%,236,ー倍,1.57倍,ー%
20260915,1220,ゲンキＧＤＣ,9828,東S,,"3,390",-60,-1.74%,236,18.1倍,3.01倍,2.06%
20260915,1221,イーグル工,6486,東P,,"2,961",-31,-1.04%,236,11.3倍,1.00倍,ー%
20260915,1222,ＭＸＪリート,1597,東Ｅ,,"1,790",-8,-0.44%,235,ー倍,ー倍,ー%
20260915,1223,あらた,2733,東P,,"2,695",-13,-0.48%,235,12.9倍,0.73倍,4.16%
20260915,1224,ニッカトー,5367,東S,,"1,415",+76,+5.68%,235,21.1倍,1.15倍,1.63%
20260915,1225,三桜工,6584,東P,,766,-11,-1.42%,234,18.3倍,0.57倍,3.66%
20260915,1226,コパ,7689,東G,Ｓ,422,+80,+23.39%,234,"1,241倍",1.68倍,ー%
20260915,1227,理ビタ,4526,東P,,"3,315",0,0.00%,234,12.7倍,1.13倍,3.32%
20260915,1228,タカラスタ,7981,東P,,"3,095",-5,-0.16%,233,13.7倍,1.00倍,4.01%
20260915,1229,不二越,6474,東P,,"5,200",+10,+0.19%,233,15.1倍,0.64倍,2.12%
20260915,1230,愛電機,6623,名P,,"8,540",-150,-1.73%,233,9.23倍,0.92倍,3.28%
20260915,1231,アイスタイル,3660,東P,,489,+5,+1.03%,233,33.9倍,2.09倍,0.41%
20260915,1232,ニシオＨＤ,9699,東P,,"4,625",-10,-0.22%,233,10.4倍,0.88倍,2.85%
20260915,1233,日経インバ,1571,東Ｅ,,307,-1,-0.32%,233,ー倍,ー倍,ー%
20260915,1234,コスピブル,2033,東EN,,"70,710","-2,290",-3.14%,233,ー倍,ー倍,ー%
20260915,1235,日ヒュム,5262,東P,,"1,151",+7,+0.61%,232,17.3倍,1.09倍,2.26%
20260915,1236,冶金工,5480,東P,,"5,360",+20,+0.37%,232,8.26倍,0.72倍,4.10%
20260915,1237,新日本科学,2395,東P,,"1,309",-20,-1.50%,231,15.6倍,1.31倍,3.82%
20260915,1238,富士紡ＨＤ,3104,東P,,"3,200",+5,+0.16%,230,15.9倍,2.06倍,2.63%
20260915,1239,クオールＨＤ,3034,東P,,"2,308",+23,+1.01%,229,11.1倍,1.46倍,2.34%
20260915,1240,ＡＢ＆Ｃ,9251,東G,,"1,602",+90,+5.95%,228,15.5倍,2.43倍,3.75%
20260915,1241,ＳＳ米株,449A,東Ｅ,,801.0,+1.2,+0.15%,228,ー倍,ー倍,ー%
20260915,1242,オイレス,6282,東P,,"2,880",-18,-0.62%,228,16.2倍,1.02倍,3.30%
20260915,1243,日本信号,6741,東P,,"1,771",+12,+0.68%,228,11.1倍,0.98倍,3.16%
20260915,1244,東計電算,4746,東S,,"7,230",+70,+0.98%,228,15.2倍,2.25倍,6.59%
20260915,1245,ＳＢＩＧＡＭ,4765,東P,,627,+2,+0.32%,228,ー倍,2.69倍,ー%
20260915,1246,テレ東ＨＤ,9413,東P,,"3,410",+15,+0.44%,228,11.4倍,0.86倍,2.93%
20260915,1247,オープンＵＰ,2154,東P,,"2,003",+13,+0.65%,227,13.8倍,2.12倍,4.49%
20260915,1248,東和銀,8558,東P,,"1,500",+5,+0.33%,227,9.70倍,0.62倍,3.33%
20260915,1249,メディアＬ,6659,東S,,46,0,0.00%,226,ー倍,1.45倍,ー%
20260915,1250,沖縄電,9511,東P,,"1,191",-1,-0.08%,226,19.0倍,0.53倍,4.20%
20260915,1251,ＢＲＡＮＵ,460A,東G,,"1,190",+50,+4.39%,226,18.4倍,5.09倍,ー%
20260915,1252,児玉化,4222,東S,,650,-22,-3.27%,226,7.23倍,0.35倍,1.54%
20260915,1253,ティラド,7236,東P,,"1,467",+22,+1.52%,226,8.75倍,1.56倍,5.59%
20260915,1254,ワキタ,8125,東P,,"1,968",+4,+0.20%,225,27.2倍,1.01倍,5.08%
20260915,1255,栄研化,4549,東P,,"2,260",+5,+0.22%,225,36.0倍,1.72倍,2.57%
20260915,1256,住友精化,4008,東P,,"1,454",+20,+1.39%,224,11.7倍,0.88倍,4.81%
20260915,1257,ステムリム,4599,東G,,180,-2,-1.10%,224,ー倍,2.71倍,ー%
20260915,1258,大黒屋,6993,東S,,91,+4,+4.60%,224,108倍,12.5倍,ー%
20260915,1259,Ｉｎｅ,4933,東P,,"1,681",+237,+16.41%,224,ー倍,1.69倍,0.89%
20260915,1260,能美防災,6744,東P,,"4,015",+5,+0.12%,223,17.8倍,1.75倍,2.89%
20260915,1261,八洲電機,3153,東P,,"3,010",+43,+1.45%,223,11.7倍,1.80倍,1.86%
20260915,1262,プレス工,7246,東P,,998,+1,+0.10%,223,12.2倍,0.81倍,5.01%
20260915,1263,シークス,7613,東P,,"1,532",+24,+1.59%,222,8.81倍,0.66倍,3.26%
20260915,1264,エネクス,8133,東P,,"2,315",+5,+0.22%,222,15.8倍,1.40倍,2.94%
20260915,1265,ＪＤＳＣ,4418,東G,,"1,090",+40,+3.81%,221,16.4倍,2.61倍,ー%
20260915,1266,杏林製薬,4569,東P,,"1,124",+1,+0.09%,221,43.1倍,0.46倍,2.22%
20260915,1267,グリーＨＤ,3632,東P,,425,+3,+0.71%,221,ー倍,0.77倍,5.18%
20260915,1268,ｉＳＳＰカバ,452A,東Ｅ,,801.0,+3.3,+0.41%,220,ー倍,ー倍,ー%
20260915,1269,ＴＯブックス,500A,東S,,"3,545",0,0.00%,219,9.60倍,1.71倍,2.14%
20260915,1270,ニッタ,5186,東P,,"6,610",0,0.00%,219,12.1倍,1.08倍,2.57%
20260915,1271,インフ,438A,東G,,"1,044",-11,-1.04%,218,45.7倍,3.90倍,ー%
20260915,1272,野村ＳＰＨ無,2633,東Ｅ,,542.2,+0.9,+0.17%,218,ー倍,ー倍,ー%
20260915,1273,ＡＯＫＩＨＤ,8214,東P,,"1,715",+1,+0.06%,218,14.4倍,1.03倍,5.25%
20260915,1274,アクセルＭ,3624,東G,,96,+3,+3.23%,218,ー倍,18.8倍,ー%
20260915,1275,大王紙,3880,東P,,981,+8,+0.82%,217,12.6倍,0.66倍,1.43%
20260915,1276,新明和,7224,東P,,"1,912",0,0.00%,217,12.1倍,1.02倍,3.03%
20260915,1277,ミツバ,7280,東P,,"1,348",+15,+1.13%,216,5.79倍,0.57倍,2.23%
20260915,1278,ＤｙＤｏ,2590,東P,,"2,967",+7,+0.24%,215,15.7倍,1.36倍,1.01%
20260915,1279,スターゼン,8043,東P,,"1,536",+1,+0.07%,215,10.2倍,0.90倍,3.39%
20260915,1280,トピー,7231,東P,,"3,110",+90,+2.98%,213,11.0倍,0.46倍,4.34%
20260915,1281,新晃工,6458,東P,,"1,220",-8,-0.65%,213,11.4倍,1.25倍,4.10%
20260915,1282,ＩＢＪ,6071,東P,,898,+12,+1.35%,212,13.5倍,3.10倍,2.12%
20260915,1283,安田倉,9324,東P,,"2,683",-49,-1.79%,212,12.4倍,0.73倍,2.76%
20260915,1284,ＮＩＴＴＯＫ,6145,東S,,"2,493",+58,+2.38%,211,12.8倍,1.04倍,3.29%
20260915,1285,鉄建建設,1815,東P,,"4,470",+15,+0.34%,211,9.88倍,0.82倍,5.15%
20260915,1286,日東工,6651,東P,,"4,320",-25,-0.58%,211,14.1倍,1.33倍,3.56%
20260915,1287,上場米債ヘ無,1486,東Ｅ,,"22,555",+20,+0.09%,210,ー倍,ー倍,ー%
20260915,1288,ノーリツ,5943,東P,,"2,227",-29,-1.29%,210,11.8倍,0.71倍,4.22%
20260915,1289,綜研化学,4972,東S,,"3,870",+155,+4.17%,209,14.9倍,1.52倍,ー%
20260915,1290,飯野海,9119,東P,,"1,728",-6,-0.35%,209,13.1倍,1.09倍,3.07%
20260915,1291,ＧＸＮカバコ,2865,東Ｅ,,"1,241",+7,+0.57%,209,ー倍,ー倍,ー%
20260915,1292,サンワテク,8137,東P,,"4,435",+110,+2.54%,209,16.5倍,1.23倍,2.93%
20260915,1293,ホソミクロン,6277,東P,,"5,780",+40,+0.70%,207,26.5倍,1.18倍,2.42%
20260915,1294,木曽路,8160,東P,,"2,458",-8,-0.32%,206,33.0倍,2.22倍,1.22%
20260915,1295,Ｔ－ＢＡＳＥ,3415,東P,,348,+2,+0.58%,206,9.89倍,2.46倍,2.01%
20260915,1296,渋谷工,6340,東P,,"5,150",-50,-0.96%,205,13.0倍,1.20倍,2.33%
20260915,1297,学研ＨＤ,9470,東P,,"1,059",+7,+0.67%,205,11.8倍,0.88倍,2.74%
20260915,1298,日伝,9902,東P,,"3,175",0,0.00%,205,15.1倍,0.96倍,3.78%
20260915,1299,ＧＸ銀行高配,315A,東Ｅ,,"1,955",-37,-1.86%,205,ー倍,ー倍,ー%
20260915,1300,ユーグレナ,2931,東P,,352,+6,+1.73%,205,ー倍,1.48倍,ー%
20260915,1301,ＩＤＥＣ,6652,東P,,"3,585",+35,+0.99%,204,17.7倍,1.45倍,3.63%
20260915,1302,エスペック,6859,東P,,"3,865",+35,+0.91%,204,13.7倍,1.35倍,2.98%
20260915,1303,ムービン,421A,東G,,"3,810",+145,+3.96%,204,16.2倍,6.76倍,ー%
20260915,1304,第一実,8059,東P,,"3,615",+5,+0.14%,204,12.1倍,1.23倍,3.46%
20260915,1305,東陽テク,8151,東P,,"1,818",+6,+0.33%,203,14.6倍,1.31倍,3.85%
20260915,1306,平和堂,8276,東P,,"2,725",+3,+0.11%,203,13.8倍,0.69倍,2.42%
20260915,1307,タマホーム,1419,東P,,"2,896",-21,-0.72%,203,21.0倍,2.83倍,4.49%
20260915,1308,新電元,6844,東P,,"2,920",+24,+0.83%,203,11.0倍,0.40倍,3.42%
20260915,1309,マースＧＨＤ,6419,東P,,"3,205",-30,-0.93%,202,8.32倍,0.65倍,4.68%
20260915,1310,イリソ電子,6908,東P,,"2,770",+3,+0.11%,202,12.3倍,0.78倍,3.61%
20260915,1311,Ｇｅｎｋｙ,9267,東P,,"3,465",+20,+0.58%,202,12.9倍,1.73倍,0.38%
20260915,1312,渋沢倉,9304,東P,,"2,097",-19,-0.90%,202,15.9倍,1.60倍,4.29%
20260915,1313,ＮＴＴＤイン,3850,東S,,"3,915",+80,+2.09%,202,18.3倍,3.25倍,1.92%
20260915,1314,ｉＦナ百Ｗベ,2870,東Ｅ,,"7,813",-16,-0.20%,201,ー倍,ー倍,ー%
20260915,1315,アース製薬,4985,東P,,"4,730",+20,+0.42%,200,16.7倍,1.28倍,2.75%
20260915,1316,浅沼組,1852,東P,,887,+3,+0.34%,200,13.6倍,1.45倍,5.07%
20260915,1317,太平電,1968,東P,,"2,520",-7,-0.28%,199,13.3倍,1.27倍,2.98%
20260915,1318,楽待,6037,東S,,"1,069",-40,-3.61%,199,13.3倍,3.89倍,1.50%
20260915,1319,ＰＲＯＮＩ,479A,東G,,"1,999",+46,+2.36%,199,9.85倍,4.35倍,ー%
20260915,1320,リケンテクノ,4220,東P,,"2,347",+28,+1.21%,199,11.2倍,1.56倍,3.62%
20260915,1321,新東工,6339,東P,,"1,173",+13,+1.12%,198,11.0倍,0.53倍,4.09%
20260915,1322,トヨカネツ,6369,東P,,"2,379",+32,+1.36%,198,13.0倍,0.89倍,4.41%
20260915,1323,ホーチキ,6745,東P,,"1,866",-9,-0.48%,198,15.5倍,2.05倍,2.14%
20260915,1324,アイザワ証Ｇ,8708,東P,,"1,755",+5,+0.29%,198,ー倍,1.15倍,ー%
20260915,1325,トーセイ,8923,東P,,"1,665",-18,-1.07%,197,10.7倍,1.46倍,3.30%
20260915,1326,クリエイトＳ,3148,東P,,"3,345",-20,-0.59%,197,12.7倍,1.40倍,2.87%
20260915,1327,日本空調,4658,東P,,"1,568",+21,+1.36%,197,14.0倍,1.73倍,3.64%
20260915,1328,Ａ＆Ｄホロン,7745,東P,,"2,831",+30,+1.07%,196,17.2倍,1.56倍,2.12%
20260915,1329,ラピーヌ,8143,東S,,165,+21,+14.58%,196,ー倍,0.55倍,ー%
20260915,1330,佐賀銀,8395,東P,,"6,580",-120,-1.79%,196,12.0倍,0.85倍,1.67%
20260915,1331,アイスペース,9348,東G,,406,-3,-0.73%,196,ー倍,6.95倍,ー%
20260915,1332,エスコン,8892,東P,,"1,115",+5,+0.45%,195,7.64倍,1.30倍,4.75%
20260915,1333,Ｊファーマ,520A,東G,,416,-56,-11.86%,195,ー倍,2.14倍,ー%
20260915,1334,スターシーズ,3083,東S,,"1,233",+10,+0.82%,194,15.7倍,3.93倍,0.81%
20260915,1335,ヤマシン―Ｆ,6240,東P,,513,-10,-1.91%,194,17.8倍,1.63倍,3.90%
20260915,1336,東競馬,9672,東P,,"4,900",-45,-0.91%,193,11.8倍,1.30倍,2.98%
20260915,1337,東鉄工,1835,東P,,"3,890",-10,-0.26%,193,10.3倍,1.02倍,3.91%
20260915,1338,アニコムＨＤ,8715,東P,,"1,029",-2,-0.19%,192,23.1倍,2.55倍,1.31%
20260915,1339,イー・ギャラ,8771,東P,,"1,776",+7,+0.40%,192,20.8倍,4.06倍,4.73%
20260915,1340,ハマキョウ,9037,東P,,"1,816",-1,-0.06%,192,12.5倍,1.36倍,2.53%
20260915,1341,守谷輸送機,6226,東S,,"2,200",+5,+0.23%,191,17.6倍,5.06倍,1.73%
20260915,1342,ミマキエンジ,6638,東P,,"1,955",+35,+1.82%,190,9.29倍,1.38倍,2.81%
20260915,1343,カーボン,5302,東P,,"5,060",+60,+1.20%,190,19.7倍,0.98倍,3.95%
20260915,1344,東プレ,5975,東P,,"3,260",-5,-0.15%,190,10.5倍,0.64倍,3.07%
20260915,1345,東京綱,5981,東P,,"1,849",+25,+1.37%,190,9.51倍,0.69倍,3.79%
20260915,1346,インソース,6200,東P,,722,+4,+0.56%,190,13.4倍,4.35倍,4.85%
20260915,1347,日本電設,1950,東P,,"4,020",-5,-0.12%,190,12.4倍,1.10倍,3.16%
20260915,1348,メタウォータ,9551,東P,,"3,060",+10,+0.33%,190,13.4倍,1.52倍,2.61%
20260915,1349,松屋フーズ,9887,東P,,"5,300",0,0.00%,190,28.7倍,1.88倍,0.49%
20260915,1350,ＨＩＯＫＩ,6866,東P,,"9,950",0,0.00%,189,17.7倍,2.91倍,2.41%
20260915,1351,理計器,7734,東P,,"3,395",+15,+0.44%,189,16.1倍,1.77倍,1.77%
20260915,1352,鴻池運輸,9025,東P,,"2,916",+16,+0.55%,188,11.1倍,0.96倍,3.77%
20260915,1353,ＤＮＣ,4246,東P,,"1,078",+12,+1.13%,188,6.91倍,0.78倍,5.38%
20260915,1354,パソナＧ,2168,東P,,"1,594",+27,+1.72%,188,ー倍,0.47倍,4.71%
20260915,1355,エイチワン,5989,東P,,"1,468",+20,+1.38%,188,3.74倍,0.50倍,4.77%
20260915,1356,シンデンハイ,3131,東S,,"6,440",+190,+3.04%,188,6.07倍,1.54倍,3.65%
20260915,1357,プレイド,4165,東G,,656,+18,+2.82%,187,55.2倍,5.21倍,ー%
20260915,1358,アジアパイル,5288,東P,,"1,445",+1,+0.07%,187,7.15倍,1.02倍,4.84%
20260915,1359,エレメンツ,5246,東G,,807,-8,-0.98%,187,87.9倍,6.24倍,ー%
20260915,1360,リコーリース,8566,東P,,"6,880",-20,-0.29%,186,17.8倍,0.88倍,3.72%
20260915,1361,カーバイド,4064,東P,,"3,480",+75,+2.20%,186,10.5倍,0.84倍,3.85%
20260915,1362,Ｄｍミックス,7354,東S,,397,+7,+1.79%,186,10.3倍,1.17倍,2.39%
20260915,1363,イントループ,9556,東G,,"2,248",+51,+2.32%,186,8.64倍,3.18倍,ー%
20260915,1364,サンアスタ,4053,東P,,469,+9,+1.96%,185,13.2倍,1.55倍,2.13%
20260915,1365,デンヨー,6517,東P,,"3,915",-80,-2.00%,185,13.3倍,0.94倍,4.34%
20260915,1366,川田テク,3443,東P,,"1,392",-8,-0.57%,185,9.86倍,0.71倍,3.02%
20260915,1367,高速,7504,東P,,"4,305",-45,-1.03%,185,20.8倍,1.95倍,2.79%
20260915,1368,長野計器,7715,東P,,"3,895",+95,+2.50%,184,16.8倍,1.43倍,1.54%
20260915,1369,ＡＢＥＪＡ,5574,東G,,"2,915",+31,+1.07%,184,34.3倍,5.52倍,ー%
20260915,1370,フジ,8278,東P,,"2,090",-8,-0.38%,184,25.9倍,0.80倍,1.44%
20260915,1371,野村銀行１７,1631,東Ｅ,,"41,760",-540,-1.28%,183,ー倍,ー倍,ー%
20260915,1372,モリタＨＤ,6455,東P,,"2,498",-11,-0.44%,180,10.6倍,1.01倍,3.20%
20260915,1373,静ガス,9543,東P,,"1,373",-4,-0.29%,179,11.4倍,0.73倍,3.28%
20260915,1374,ＧＸ韓半導体,633A,東Ｅ,,929,-21,-2.21%,179,ー倍,ー倍,ー%
20260915,1375,キッセイ,4547,東P,,"4,015",-5,-0.12%,179,12.6倍,0.73倍,4.23%
20260915,1376,ロードスター,3482,東P,,"2,541",-8,-0.31%,177,5.62倍,1.44倍,3.86%
20260915,1377,ハイレックス,7279,東S,,"2,488",-1,-0.04%,177,2.46倍,0.42倍,3.22%
20260915,1378,トーモク,3946,東P,,"4,355",+55,+1.28%,176,8.71倍,0.69倍,3.90%
20260915,1379,Ｋｕｄａｎ,4425,東G,,"1,414",-20,-1.39%,176,ー倍,6.42倍,ー%
20260915,1380,オリオン,409A,東P,,"1,168",+1,+0.09%,176,16.9倍,2.79倍,2.91%
20260915,1381,極東証券,8706,東P,,"1,878",-9,-0.48%,176,ー倍,1.13倍,ー%
20260915,1382,日本一ソフト,3851,東S,,"1,455",+77,+5.59%,175,10.3倍,0.94倍,0.34%
20260915,1383,ＡＳＢ機械,6284,東P,,"8,380",-40,-0.48%,175,13.8倍,1.93倍,2.86%
20260915,1384,ＧＸＵテック,2244,東Ｅ,,"3,478",+43,+1.25%,175,ー倍,ー倍,ー%
20260915,1385,タスキＨＤ,166A,東P,,"1,069",-4,-0.37%,175,11.4倍,2.04倍,4.68%
20260915,1386,横河ブＨＤ,5911,東P,,"2,966",-3,-0.10%,175,14.2倍,0.88倍,4.38%
20260915,1387,リソー教育Ｇ,4714,東P,,212,-1,-0.47%,175,21.3倍,3.50倍,4.72%
20260915,1388,ＢＭＬ,4694,東P,,"3,640",+25,+0.69%,174,19.5倍,1.07倍,3.43%
20260915,1389,サンマルク,3395,東P,,"2,494",+9,+0.36%,174,18.5倍,1.72倍,2.17%
20260915,1390,信越ポリ,7970,東P,,"2,189",+4,+0.18%,174,16.8倍,1.35倍,3.02%
20260915,1391,大黒天,2791,東P,,"4,645",-55,-1.17%,174,13.3倍,1.02倍,0.84%
20260915,1392,ニチハ,7943,東P,,"3,010",+23,+0.77%,174,12.3倍,0.80倍,4.02%
20260915,1393,三陽商,8011,東P,,"1,365",-33,-2.36%,173,9.01倍,0.93倍,4.49%
20260915,1394,新日本電工,5563,東P,,419,+6,+1.45%,173,105倍,0.76倍,4.06%
20260915,1395,鎌倉新書,6184,東P,,619,+9,+1.48%,173,23.2倍,4.40倍,3.23%
20260915,1396,小森,6349,東P,,"1,949",+4,+0.21%,173,14.0倍,0.81倍,5.13%
20260915,1397,スターマイカ,2975,東P,,"1,373",+4,+0.29%,172,8.64倍,1.55倍,3.71%
20260915,1398,積水樹,4212,東P,,"2,960",-14,-0.47%,172,16.4倍,0.89倍,3.38%
20260915,1399,グロバルＬＭ,3486,東P,,"2,004",-17,-0.84%,172,6.21倍,2.04倍,4.99%
20260915,1400,アールプラン,2983,東G,,"1,664",-21,-1.25%,171,5.47倍,1.92倍,3.31%
20260915,1401,ステラファ,4888,東G,,402,-6,-1.47%,171,ー倍,4.64倍,ー%
20260915,1402,野村高配７０,1577,東Ｅ,,"59,720",-550,-0.91%,171,ー倍,ー倍,ー%
20260915,1403,極洋,1301,東P,,"4,665",-35,-0.74%,170,7.70倍,0.70倍,3.43%
20260915,1404,アルゴグラフ,7595,東P,,"1,264",+4,+0.32%,170,12.1倍,1.84倍,5.14%
20260915,1405,明豊エンタ,8927,東S,,488,+12,+2.52%,170,5.33倍,1.21倍,3.48%
20260915,1406,ユトリ,5892,東G,,"2,741",+78,+2.93%,170,18.7倍,7.77倍,ー%
20260915,1407,バンクオブイ,4393,東G,,"5,880",+90,+1.55%,169,ー倍,3.42倍,ー%
20260915,1408,生化学,4548,東P,,672,+15,+2.28%,168,16.3倍,0.49倍,4.46%
20260915,1409,椿本興,8052,東P,,"2,915",-5,-0.17%,168,10.1倍,1.05倍,3.09%
20260915,1410,福田組,1899,東P,,"4,570",+10,+0.22%,167,11.4倍,0.79倍,3.06%
20260915,1411,トラスコ中山,9830,東P,,"2,393",+8,+0.34%,167,10.4倍,0.82倍,2.55%
20260915,1412,スクロール,8005,東P,,"1,765",+6,+0.34%,166,12.4倍,1.51倍,5.78%
20260915,1413,北越コーポ,3865,東P,,911,+10,+1.11%,166,29.0倍,0.58倍,2.85%
20260915,1414,石井表記,6336,東S,,"1,403",-9,-0.64%,166,10.5倍,1.00倍,2.92%
20260915,1415,ＩＭＶ,7760,東S,,"2,020",+17,+0.85%,166,17.4倍,2.45倍,1.49%
20260915,1416,日本ＭＤＭ,7600,東P,,653,-1,-0.15%,165,286倍,0.69倍,2.60%
20260915,1417,ムゲンＥ,3299,東S,,"1,706",+6,+0.35%,165,8.43倍,1.13倍,6.10%
20260915,1418,グロービング,277A,東P,,"1,859",+12,+0.65%,165,15.7倍,6.95倍,1.92%
20260915,1419,チヨダ,8185,東P,,"1,002",+5,+0.50%,165,30.9倍,0.68倍,5.39%
20260915,1420,リファバスＧ,7375,東G,,"1,272",+85,+7.16%,165,10.7倍,9.12倍,ー%
20260915,1421,カーブスＨＤ,7085,東P,,882,+3,+0.34%,164,16.2倍,3.28倍,3.40%
20260915,1422,ＭＸナスダク,2631,東Ｅ,,"32,140",+150,+0.47%,164,ー倍,ー倍,ー%
20260915,1423,いちよし,8624,東P,,"1,711",-2,-0.12%,164,ー倍,1.79倍,ー%
20260915,1424,昭和産,2004,東P,,"3,905",-40,-1.01%,164,13.4倍,0.83倍,3.59%
20260915,1425,コロンビア,146A,東S,,"3,575",+10,+0.28%,164,6.51倍,1.46倍,2.63%
20260915,1426,アークランズ,9842,東P,,"1,880",-9,-0.48%,163,11.8倍,0.92倍,2.13%
20260915,1427,ＯｎｅＪリト,2556,東Ｅ,,"1,823.0",+1.0,+0.05%,163,ー倍,ー倍,ー%
20260915,1428,インターメス,262A,東P,,"1,750",+1,+0.06%,162,11.3倍,1.94倍,2.91%
20260915,1429,力の源ＨＤ,3561,東P,,"1,504",+10,+0.67%,162,25.1倍,3.76倍,1.60%
20260915,1430,ＴＳＩＨＤ,3608,東P,,"1,239",+9,+0.73%,161,9.04倍,0.75倍,5.65%
20260915,1431,人・夢・技術,9248,東S,,"1,699",+11,+0.65%,161,12.3倍,0.69倍,3.53%
20260915,1432,新日本製薬,4931,東P,,"2,045",+13,+0.64%,161,12.7倍,1.79倍,2.79%
20260915,1433,神鋼商,8075,東P,,"3,110",+30,+0.97%,161,8.65倍,0.80倍,4.44%
20260915,1434,ＲＳＣ,4664,東S,,"1,139",-7,-0.61%,161,50.6倍,1.49倍,2.11%
20260915,1435,広済堂ＨＤ,7868,東P,,527,+12,+2.33%,160,16.9倍,1.58倍,2.53%
20260915,1436,阪急阪神Ｒ,8977,東Ｒ,,"134,700",-100,-0.07%,160,20.7倍,1.08倍,5.05%
20260915,1437,ＳＲＳＨＤ,8163,東P,,"1,536",+1,+0.07%,159,35.3倍,3.59倍,0.65%
20260915,1438,アイピーエス,4390,東P,,"4,110",+45,+1.11%,159,12.8倍,2.67倍,0.97%
20260915,1439,乾汽船,9308,東S,,"2,149",+7,+0.33%,159,14.2倍,1.42倍,2.12%
20260915,1440,共英製鋼,5440,東P,,"1,988",+10,+0.51%,159,10.3倍,0.41倍,3.52%
20260915,1441,高砂香,4914,東P,,"1,306",+15,+1.16%,158,13.6倍,0.81倍,3.98%
20260915,1442,免疫生物研,4570,東G,,"1,162",+3,+0.26%,158,31.2倍,5.74倍,0.65%
20260915,1443,ＬＩＮＫ＆Ｍ,2170,東P,,672,+8,+1.20%,158,19.6倍,5.54倍,2.44%
20260915,1444,上場半導体株,213A,東Ｅ,,380.9,+3.6,+0.95%,158,ー倍,ー倍,ー%
20260915,1445,ローランド,7944,東P,,"3,695",-20,-0.54%,158,13.6倍,2.25倍,4.60%
20260915,1446,岡本硝子,7746,東S,,795,+1,+0.13%,158,317倍,9.35倍,ー%
20260915,1447,ＤＷセラピ研,4576,東G,,69,-18,-20.69%,157,ー倍,2.82倍,ー%
20260915,1448,正栄食,8079,東P,,"4,440",+45,+1.02%,157,18.4倍,1.24倍,2.03%
20260915,1449,住石ＨＤ,1514,東S,,637,+2,+0.31%,157,23.2倍,1.32倍,2.35%
20260915,1450,日本通信,9424,東P,,121,0,0.00%,157,ー倍,4.34倍,ー%
20260915,1451,ｉＳ国債二十,573A,東Ｅ,,485.0,-4.6,-0.94%,157,ー倍,ー倍,ー%
20260915,1452,加藤産,9869,東P,,"6,710",-110,-1.61%,156,14.2倍,1.17倍,2.38%
20260915,1453,ｉＦ日経年４,2624,東Ｅ,,"6,376",-27,-0.42%,156,ー倍,ー倍,ー%
20260915,1454,フィンテック,8789,東S,,158,-2,-1.25%,155,6.53倍,2.03倍,3.16%
20260915,1455,ピーエス,1871,東P,,"2,130",-23,-1.07%,155,12.8倍,1.55倍,4.74%
20260915,1456,東証グロース,2516,東Ｅ,,627.4,+2.8,+0.45%,154,ー倍,ー倍,ー%
20260915,1457,システムリサ,3771,東P,,"1,892",-46,-2.37%,154,11.1倍,2.48倍,4.23%
20260915,1458,千葉興,8337,東P,,"2,643",-51,-1.89%,154,17.1倍,0.99倍,0.76%
20260915,1459,ＪＵＫＩ,6440,東P,,723,+11,+1.54%,153,14.3倍,0.64倍,2.07%
20260915,1460,わらべ日洋,2918,東P,,"2,758",+14,+0.51%,152,9.96倍,0.80倍,4.35%
20260915,1461,レダックス,7602,東S,,196,0,0.00%,152,23.2倍,0.89倍,1.02%
20260915,1462,ＪＳＰ,7942,東P,,"2,892",+41,+1.44%,152,10.1倍,0.68倍,3.46%
20260915,1463,マイポックス,5381,東S,,898,-18,-1.97%,152,13.9倍,1.38倍,1.11%
20260915,1464,ＤＭ三井製糖,2109,東P,,"3,835",+20,+0.52%,152,15.5倍,1.06倍,3.65%
20260915,1465,アイル,3854,東P,,"2,139",-10,-0.47%,152,15.1倍,3.86倍,3.27%
20260915,1466,大戸屋ＨＤ,2705,東S,,"8,930",+120,+1.36%,151,46.4倍,15.1倍,0.22%
20260915,1467,テイカ,4027,東P,,"2,338",+31,+1.34%,151,29.1倍,0.86倍,3.42%
20260915,1468,ＩＴＦＯＲ,4743,東P,,"1,654",+21,+1.29%,151,12.9倍,2.18倍,4.84%
20260915,1469,東海道リート,2989,東Ｒ,,"95,500",+500,+0.53%,151,15.8倍,1.11倍,6.76%
20260915,1470,ギフティＧ,590A,東P,,"1,283",-8,-0.62%,151,ー倍,4.11倍,1.25%
20260915,1471,フィデアＨＤ,8713,東P,,"2,791",+15,+0.54%,151,15.7倍,0.55倍,2.69%
20260915,1472,リケンＮＰＲ,6209,東P,,"3,825",+10,+0.26%,150,11.5倍,0.62倍,5.49%
20260915,1473,キャリアデザ,2410,東P,,"2,850",-2,-0.07%,150,11.8倍,2.97倍,5.61%
20260915,1474,タチエス,7239,東P,,"2,338",+14,+0.60%,150,9.33倍,0.74倍,4.92%
20260915,1475,フォトシンス,4379,東G,,467,+27,+6.14%,150,24.5倍,2.80倍,ー%
20260915,1476,セーフィー,4375,東G,,680,+28,+4.29%,149,ー倍,4.13倍,ー%
20260915,1477,Ｄｅｆコン,4833,東G,,53,-4,-7.02%,149,2.87倍,2.03倍,ー%
20260915,1478,ＧＬテクノ,255A,東S,,"5,070",+50,+1.00%,149,11.9倍,1.33倍,2.49%
20260915,1479,スターツ,8850,東P,,"4,670",-35,-0.74%,149,8.51倍,1.16倍,3.21%
20260915,1480,朝日工,1975,東P,,"3,805",+25,+0.66%,149,10.7倍,1.93倍,3.78%
20260915,1481,前沢ＨＤ,575A,東P,,"1,922",+40,+2.13%,149,3.83倍,ー倍,3.28%
20260915,1482,ワンキャリア,4377,東G,,"2,309",-10,-0.43%,148,19.8倍,6.27倍,1.52%
20260915,1483,北越メ,5446,東S,,"1,078",-4,-0.37%,147,ー倍,0.22倍,ー%
20260915,1484,ジーテクト,5970,東P,,"2,220",+15,+0.68%,147,7.31倍,0.42倍,4.41%
20260915,1485,チェンジＨＤ,3962,東P,,994,+4,+0.40%,147,9.87倍,1.53倍,2.62%
20260915,1486,文化シヤタ,5930,東P,,"1,884",-9,-0.48%,146,10.2倍,1.13倍,3.93%
20260915,1487,オイシックス,3182,東P,,"1,595",-16,-0.99%,146,10.6倍,1.96倍,1.88%
20260915,1488,ヤマエＧＨＤ,7130,東P,,"2,790",+5,+0.18%,146,6.21倍,0.70倍,2.87%
20260915,1489,世紀東急,1898,東P,,"1,484",+7,+0.47%,146,11.6倍,1.26倍,5.05%
20260915,1490,四電工,1939,東P,,"2,239",-18,-0.80%,146,16.1倍,1.50倍,3.75%
20260915,1491,ＬＩＦＵＬＬ,2120,東P,,233,0,0.00%,145,12.0倍,1.07倍,2.88%
20260915,1492,フロンテオ,2158,東G,,617,+9,+1.48%,145,161倍,6.79倍,ー%
20260915,1493,エブリー,607A,東G,,246,+6,+2.50%,145,11.0倍,3.11倍,ー%
20260915,1494,ＬｉＮＫＸ,584A,東G,,"2,509",-23,-0.91%,145,36.0倍,10.2倍,ー%
20260915,1495,ユニバーサル,6425,東S,,742,+13,+1.78%,145,28.8倍,0.45倍,ー%
20260915,1496,北里,368A,東P,,"1,438",+8,+0.56%,145,14.2倍,2.89倍,2.85%
20260915,1497,コロプラ,3668,東P,,438,+3,+0.69%,145,ー倍,0.84倍,ー%
20260915,1498,ＥＤＰ,7794,東G,,963,+9,+0.94%,145,ー倍,6.94倍,ー%
20260915,1499,ユニソルＨＤ,7128,東P,,"2,842",+19,+0.67%,144,32.1倍,0.93倍,6.37%
20260915,1500,大末建,1814,東P,,"3,530",-5,-0.14%,144,9.42倍,1.42倍,5.27%
20260915,1501,ＡＫＩＢＡ,6840,東S,,755,+6,+0.80%,144,ー倍,1.48倍,ー%
20260915,1502,ＢＵＦ,6676,東S,,"3,140",-15,-0.48%,143,12.0倍,1.68倍,1.91%
20260915,1503,ジェイドＧ,3558,東G,,"1,904",-14,-0.73%,143,ー倍,2.53倍,ー%
20260915,1504,環境フレンド,3777,東G,,44,-2,-4.35%,143,ー倍,2.86倍,ー%
20260915,1505,イーレックス,9517,東P,,840,+9,+1.08%,143,12.1倍,0.93倍,2.62%
20260915,1506,アンジェス,4563,東G,,36,0,0.00%,142,ー倍,113倍,ー%
20260915,1507,イワキポンプ,6237,東P,,"3,865",+10,+0.26%,141,16.7倍,2.04倍,2.38%
20260915,1508,放電精密,6469,東S,,"2,739",+68,+2.55%,141,33.8倍,3.36倍,0.73%
20260915,1509,トライアイズ,4840,東S,,721,+24,+3.44%,140,26.0倍,1.32倍,1.53%
20260915,1510,ＹＵＡＳＡ,8074,東P,,"6,400",0,0.00%,140,11.7倍,1.10倍,2.97%
20260915,1511,フルキャスト,4848,東P,,"1,886",+26,+1.40%,139,12.1倍,2.03倍,3.39%
20260915,1512,スズデン,7480,東S,,"3,510",+90,+2.63%,139,16.0倍,2.69倍,5.01%
20260915,1513,ＭＳＯＬ,7033,東P,,"1,558",-23,-1.45%,138,12.0倍,3.74倍,3.21%
20260915,1514,ドウシシャ,7483,東P,,"3,110",+30,+0.97%,138,13.1倍,1.17倍,3.54%
20260915,1515,ワタミ,7522,東P,,916,+6,+0.66%,138,ー倍,2.07倍,ー%
20260915,1516,純プラ信託,1541,東Ｅ,,"7,950",-101,-1.25%,138,ー倍,ー倍,ー%
20260915,1517,大豊建,1822,東S,,830,0,0.00%,138,14.9倍,1.02倍,4.58%
20260915,1518,アズーム,3496,東P,,"4,775",-20,-0.42%,138,26.8倍,9.33倍,2.64%
20260915,1519,中部鋼鈑,5461,東P,,"2,176",+6,+0.28%,138,64.0倍,0.79倍,5.19%
20260915,1520,ニチレキＧ,5011,東P,,"2,323",+24,+1.04%,137,15.4倍,0.84倍,3.66%
20260915,1521,バンドー,5195,東P,,"2,441",+12,+0.49%,137,12.3倍,1.06倍,4.10%
20260915,1522,井関農,6310,東P,,"1,877",+20,+1.08%,137,14.2倍,0.54倍,2.40%
20260915,1523,エニマインド,5027,東G,,774,-4,-0.51%,137,28.1倍,2.59倍,0.26%
20260915,1524,三菱総研,3636,東P,,"4,940",+10,+0.20%,137,11.8倍,1.01倍,3.34%
20260915,1525,ｉＳＪリート,1476,東Ｅ,,"1,814",-3,-0.17%,137,ー倍,ー倍,ー%
20260915,1526,上場ＳＰ５百,1547,東Ｅ,,"12,825",+40,+0.31%,136,ー倍,ー倍,ー%
20260915,1527,ＯＢＡＲＡＧ,6877,東S,,"5,250",+10,+0.19%,136,9.96倍,0.98倍,2.86%
20260915,1528,日阪製,6247,東P,,"1,715",+79,+4.83%,136,18.7倍,0.70倍,3.21%
20260915,1529,ミラティブ,472A,東G,,561,+14,+2.56%,136,9.90倍,2.40倍,ー%
20260915,1530,アキレス,5142,東P,,"1,727",-6,-0.35%,135,10.7倍,0.53倍,2.90%
20260915,1531,正興電,6653,東P,,"2,061",+31,+1.53%,135,11.2倍,1.42倍,2.91%
20260915,1532,スマートＤ,5137,東G,,310,+3,+0.98%,135,13.0倍,8.36倍,ー%
20260915,1533,鈴木,6785,東P,,"3,030",-15,-0.49%,134,10.9倍,1.36倍,3.70%
20260915,1534,ユニプレス,5949,東P,,"1,314",+17,+1.31%,134,13.1倍,0.45倍,5.33%
20260915,1535,ＪＣＲファ,4552,東P,,516,-3,-0.58%,134,315倍,1.46倍,3.88%
20260915,1536,共和コーポ,6570,東S,,"3,425",-55,-1.58%,133,16.8倍,3.27倍,1.17%
20260915,1537,Ｊオイル,2613,東P,,"2,263",0,0.00%,133,15.0倍,0.68倍,3.54%
20260915,1538,アイチコーポ,6345,東P,,"1,443",-9,-0.62%,132,13.9倍,1.25倍,4.50%
20260915,1539,エイベックス,7860,東P,,"1,274",+3,+0.24%,132,17.0倍,1.07倍,3.92%
20260915,1540,日リーテック,1938,東P,,"2,571",+1,+0.04%,132,10.4倍,0.94倍,3.77%
20260915,1541,アイフリーク,3845,東S,,320,-3,-0.93%,132,"8,000倍",7.23倍,ー%
20260915,1542,東京産,8070,東P,,"1,012",+26,+2.64%,132,15.6倍,1.01倍,3.95%
20260915,1543,ゴールドクレ,8871,東S,,"3,195",+15,+0.47%,132,11.2倍,0.76倍,5.01%
20260915,1544,セグエＧ,3968,東P,,647,+7,+1.09%,131,14.7倍,3.13倍,2.78%
20260915,1545,インテリＷ,4847,東P,,"1,427",+19,+1.35%,131,24.4倍,3.71倍,2.59%
20260915,1546,カワチ薬品,2664,東P,,"3,675",+55,+1.52%,131,26.7倍,0.70倍,2.72%
20260915,1547,山陽電,9052,東P,,"2,005",+8,+0.40%,131,14.8倍,0.69倍,2.49%
20260915,1548,象印,7965,東P,,"1,465",-6,-0.41%,130,19.4倍,1.02倍,3.14%
20260915,1549,ゼビオＨＤ,8281,東P,,"1,122",-4,-0.36%,130,6.19倍,0.39倍,3.12%
20260915,1550,日本ライフＬ,7575,東P,,"1,552",+4,+0.26%,130,13.6倍,1.69倍,5.22%
20260915,1551,戸田工,4100,東S,,"1,633",+75,+4.81%,130,18.9倍,0.83倍,ー%
20260915,1552,三重交ＨＤ,3232,東P,,603,+5,+0.84%,130,10.1倍,0.83倍,3.32%
20260915,1553,じげん,3679,東P,,447,0,0.00%,130,10.1倍,1.99倍,3.02%
20260915,1554,アルペン,3028,東P,,"2,325",+10,+0.43%,129,14.1倍,0.71倍,2.58%
20260915,1555,シグマクシス,6088,東P,,572,+5,+0.88%,129,10.4倍,3.56倍,4.55%
20260915,1556,フリュー,6238,東P,,"1,459",+2,+0.14%,128,15.5倍,1.66倍,2.74%
20260915,1557,ＳＢＳＨＤ,2384,東P,,"4,915",+40,+0.82%,128,13.5倍,1.87倍,2.44%
20260915,1558,インターアク,7725,東P,,"1,736",+73,+4.39%,127,16.8倍,1.63倍,3.17%
20260915,1559,りたりこ,7366,東P,,"1,850",+17,+0.93%,127,19.1倍,4.49倍,0.81%
20260915,1560,ｉＦＥ科創板,2628,東Ｅ,,"3,545",-65,-1.80%,126,ー倍,ー倍,ー%
20260915,1561,サイバダイン,7779,東G,,229,+1,+0.44%,126,ー倍,0.76倍,ー%
20260915,1562,ＴＯＡ,6809,東P,,"1,753",+18,+1.04%,126,17.9倍,1.05倍,4.85%
20260915,1563,リンガハット,8200,東P,,"2,316",-10,-0.43%,126,50.0倍,3.91倍,0.56%
20260915,1564,アサカ理研,5724,東S,,"3,090",+50,+1.64%,126,19.8倍,2.66倍,0.39%
20260915,1565,クラシル,299A,東G,,"1,243",-2,-0.16%,126,21.6倍,3.84倍,ー%
20260915,1566,サイバＳＯＬ,436A,東G,,"1,328",+10,+0.76%,125,17.5倍,4.51倍,2.86%
20260915,1567,セック,3741,東P,,"3,120",+60,+1.96%,125,20.2倍,3.17倍,1.99%
20260915,1568,野村独十債Ｈ,2245,東Ｅ,,683.8,-0.2,-0.03%,124,ー倍,ー倍,ー%
20260915,1569,ｍｅｉｔｏ,2207,東P,,"3,495",+80,+2.34%,124,12.3倍,0.86倍,2.29%
20260915,1570,ｉＳ高配当,1478,東Ｅ,,"5,382",-18,-0.33%,123,ー倍,ー倍,ー%
20260915,1571,建設技研,9621,東P,,"3,225",+5,+0.16%,123,12.5倍,1.29倍,3.41%
20260915,1572,ｉＦ高配５０,354A,東Ｅ,,"3,327",-15,-0.45%,123,ー倍,ー倍,ー%
20260915,1573,日比谷設,1982,東P,,"3,070",+10,+0.33%,122,14.6倍,1.76倍,3.58%
20260915,1574,アステリア,3853,東P,,"1,067",-2,-0.19%,122,ー倍,1.92倍,0.94%
20260915,1575,テラスカイ,3915,東P,,"2,305",+48,+2.13%,122,19.5倍,2.38倍,0.74%
20260915,1576,ＡＩＲＭＡＮ,6364,東P,,"2,463",+10,+0.41%,122,10.9倍,1.43倍,2.92%
20260915,1577,リオン,6823,東P,,"3,210",+20,+0.63%,122,11.5倍,1.12倍,2.80%
20260915,1578,岡本工,6125,東S,,"4,550",+90,+2.02%,122,15.0倍,0.71倍,3.52%
20260915,1579,ブランジスタ,6176,東S,,"1,059",-26,-2.40%,122,7.66倍,2.53倍,6.14%
20260915,1580,セプテニＨＤ,4293,東S,,513,+1,+0.20%,122,17.5倍,1.61倍,3.51%
20260915,1581,フエルト,3512,東S,,"1,016",+3,+0.30%,121,34.0倍,0.73倍,2.76%
20260915,1582,サイフューズ,4892,東G,,670,+3,+0.45%,121,ー倍,2.71倍,ー%
20260915,1583,エアロエッジ,7409,東G,,"1,435",-4,-0.28%,121,37.0倍,7.42倍,ー%
20260915,1584,ＺＡＣＲＯＳ,7917,東P,,"1,228",+9,+0.74%,121,13.5倍,0.91倍,2.93%
20260915,1585,キーコーヒー,2594,東P,,"2,007",+3,+0.15%,121,57.3倍,1.34倍,0.60%
20260915,1586,４℃ホールデ,8008,東P,,"2,099",-1,-0.05%,121,17.0倍,1.12倍,4.05%
20260915,1587,スターツプロ,8979,東Ｒ,,"186,200",+800,+0.43%,120,18.4倍,1.09倍,5.85%
20260915,1588,サンケイＲＥ,2972,東Ｒ,,"105,800",+900,+0.86%,120,14.9倍,1.09倍,6.73%
20260915,1589,丸全運,9068,東P,,"7,240",+20,+0.28%,120,10.7倍,0.96倍,3.04%
20260915,1590,プロシップ,3763,東P,,"2,009",+2,+0.10%,119,22.1倍,4.74倍,2.09%
20260915,1591,平河ヒューテ,5821,東P,,"3,105",+75,+2.48%,119,11.8倍,1.09倍,1.84%
20260915,1592,アルバリンク,5537,東G,,"3,230",+65,+2.05%,118,18.6倍,10.6倍,ー%
20260915,1593,エスケーエレ,6677,東S,,"3,200",+15,+0.47%,118,10.4倍,0.89倍,4.75%
20260915,1594,シュッピン,3179,東P,,"1,212",+32,+2.71%,118,13.9倍,2.78倍,3.30%
20260915,1595,ｉＦＴＰＷブ,1367,東Ｅ,,"2,994",-35,-1.16%,117,ー倍,ー倍,ー%
20260915,1596,エニグモ,3665,東P,,408,-2,-0.49%,117,32.8倍,1.66倍,7.35%
20260915,1597,野村国債Ｄイ,2251,東Ｅ,,916.0,+2.8,+0.31%,117,ー倍,ー倍,ー%
20260915,1598,ワールドＨＤ,2429,東P,,"2,856",+30,+1.06%,116,7.24倍,1.03倍,4.77%
20260915,1599,サーラ,2734,東P,,"1,238",-4,-0.32%,116,13.3倍,0.82倍,2.75%
20260915,1600,大日精,4116,東P,,"1,288",+1,+0.08%,116,10.1倍,0.63倍,4.27%
20260915,1601,電算システム,4072,東P,,"3,130",+70,+2.29%,116,12.8倍,1.31倍,3.19%
20260915,1602,ワイエイシイ,6298,東P,,"1,228",-2,-0.16%,116,10.8倍,1.34倍,3.66%
20260915,1603,コーセル,6905,東P,,"1,289",+6,+0.47%,115,33.1倍,1.02倍,4.65%
20260915,1604,たけびし,7510,東P,,"2,696",+31,+1.16%,115,12.5倍,0.95倍,3.52%
20260915,1605,未来工業,7931,東P,,"3,670",-55,-1.48%,115,13.7倍,1.07倍,3.68%
20260915,1606,サイバトラス,4498,東G,,"1,163",-1,-0.09%,115,15.4倍,2.54倍,1.20%
20260915,1607,ＳＲＡＨＤ,3817,東P,,"4,770",+10,+0.21%,115,10.7倍,1.70倍,4.61%
20260915,1608,システムサポ,4396,東P,,"1,365",+13,+0.96%,114,13.1倍,3.91倍,3.08%
20260915,1609,持田薬,4534,東P,,"3,250",+25,+0.78%,114,11.4倍,0.82倍,2.62%
20260915,1610,ｉＦＥＧＢＡ,2629,東Ｅ,,"3,625",-69,-1.87%,114,ー倍,ー倍,ー%
20260915,1611,トレイダーズ,8704,東S,,"1,393",-5,-0.36%,114,7.71倍,1.80倍,3.23%
20260915,1612,ゼンリン,9474,東P,,924,+8,+0.87%,113,19.7倍,1.03倍,4.55%
20260915,1613,木村工機,6231,東S,,"11,750",+50,+0.43%,113,11.9倍,2.82倍,1.70%
20260915,1614,マクビープラ,7095,東P,,"1,166",-30,-2.51%,113,7.64倍,1.19倍,4.72%
20260915,1615,日特塗,4619,東S,,"2,620",-5,-0.19%,113,10.5倍,0.92倍,4.96%
20260915,1616,アトム,7412,東S,,361,0,0.00%,113,ー倍,20.1倍,ー%
20260915,1617,荏原実業,6328,東P,,"2,330",+11,+0.47%,112,12.2倍,1.68倍,3.22%
20260915,1618,夢展望,3185,東G,,104,-11,-9.57%,112,ー倍,-41倍,ー%
20260915,1619,ネットプロ,7383,東P,,385,+4,+1.05%,112,17.5倍,1.77倍,ー%
20260915,1620,中部飼,2053,東P,,"2,051",-6,-0.29%,112,8.53倍,0.79倍,3.71%
20260915,1621,不動テトラ,1813,東P,,"2,948",+3,+0.10%,111,14.0倍,1.20倍,3.90%
20260915,1622,ＴＰＲ,6463,東P,,"1,533",+7,+0.46%,111,11.2倍,0.55倍,3.91%
20260915,1623,ＣＳＨＤ,3810,東S,,186,+3,+1.64%,111,ー倍,2.33倍,ー%
20260915,1624,ＮＥＸＹＺ．,4346,東S,,"1,055",+12,+1.15%,111,14.5倍,4.04倍,2.84%
20260915,1625,応用地質,9755,東P,,"2,832",+14,+0.50%,111,16.6倍,0.82倍,3.88%
20260915,1626,ハードオフ,2674,東P,,"2,549",+13,+0.51%,111,10.8倍,1.78倍,3.61%
20260915,1627,テセック,6337,東S,,"3,200",+20,+0.63%,110,15.7倍,1.14倍,3.13%
20260915,1628,あさひ,3333,東P,,"1,312",+3,+0.23%,110,12.5倍,0.82倍,3.81%
20260915,1629,グロブライド,7990,東P,,"2,391",+20,+0.84%,109,9.22倍,0.79倍,4.18%
20260915,1630,アライドＨＤ,6835,東S,,268,+14,+5.51%,109,9.52倍,1.30倍,3.36%
20260915,1631,三菱紙,3864,東P,,"1,197",+16,+1.35%,108,8.07倍,0.51倍,1.67%
20260915,1632,ハローズ,2742,東P,,"4,005",-5,-0.12%,108,9.87倍,1.09倍,1.80%
20260915,1633,ファインデ,3649,東P,,915,+40,+4.57%,107,17.2倍,3.95倍,2.95%
20260915,1634,カッパクリエ,7421,東P,,"1,639",+24,+1.49%,107,86.5倍,8.57倍,ー%
20260915,1635,都築電,8157,東P,,"4,245",+80,+1.92%,107,13.5倍,1.65倍,4.48%
20260915,1636,トランシティ,9310,東P,,"1,388",+6,+0.43%,107,12.6倍,0.81倍,3.13%
20260915,1637,大倉工,4221,東P,,"5,430",+30,+0.56%,107,10.7倍,0.94倍,4.42%
20260915,1638,鶴見製,6351,東P,,"2,488",-23,-0.92%,106,16.2倍,1.14倍,1.45%
20260915,1639,東京鉄,5445,東P,,"2,047",+8,+0.39%,106,7.22倍,0.81倍,4.89%
20260915,1640,エヌピーシー,6255,東G,,683,+18,+2.71%,106,26.9倍,1.41倍,1.46%
20260915,1641,ハニーズＨＤ,2792,東P,,"1,452",+12,+0.83%,106,16.2倍,0.82倍,3.79%
20260915,1642,オリエン白石,1786,東P,,349,-1,-0.29%,106,16.3倍,0.85倍,4.15%
20260915,1643,ＧＭＯ－ＦＧ,4051,東P,,"5,900",-50,-0.84%,105,25.6倍,7.01倍,2.15%
20260915,1644,セレンＨＤ,7318,東G,,"1,344",+50,+3.86%,105,11.1倍,1.82倍,ー%
20260915,1645,アトラエ,6194,東P,,868,+5,+0.58%,105,16.1倍,4.79倍,4.49%
20260915,1646,ニッケ,3201,東P,,"1,967",-24,-1.21%,105,13.5倍,0.95倍,2.54%
20260915,1647,日金銭,6418,東P,,"1,236",+7,+0.57%,105,14.6倍,0.90倍,3.72%
20260915,1648,ガリレイ,6420,東P,,"3,430",+5,+0.15%,105,11.1倍,1.23倍,2.59%
20260915,1649,エノモト,6928,東S,,"2,897",+46,+1.61%,105,10.7倍,0.79倍,2.76%
20260915,1650,ブロンコＢ,3091,東P,,"2,821",+14,+0.50%,105,32.3倍,3.69倍,0.71%
20260915,1651,恵和,4251,東P,,"1,176",+18,+1.55%,105,10.5倍,0.87倍,4.25%
20260915,1652,ＲＹＯＤＥＮ,8084,東P,,"4,715",-40,-0.84%,105,16.7倍,1.06倍,3.61%
20260915,1653,三谷商,8066,東S,,"3,585",+30,+0.84%,104,14.1倍,1.58倍,2.45%
20260915,1654,ｉＦＥナ百有,2841,東Ｅ,,"1,665",+2,+0.12%,104,ー倍,ー倍,ー%
20260915,1655,農中ＮＱ１Ｈ,2087,東Ｅ,,"3,410",+20,+0.59%,104,ー倍,ー倍,ー%
20260915,1656,品川リフラ,5351,東P,,"2,029",-23,-1.12%,104,8.82倍,0.84倍,4.68%
20260915,1657,アライドアキ,6081,東G,,144,-1,-0.69%,104,125倍,1.26倍,ー%
20260915,1658,高松グループ,1762,東P,,"4,085",-15,-0.37%,104,11.4倍,0.97倍,3.53%
20260915,1659,萩原工業,7856,東P,,"2,018",+3,+0.15%,104,19.0倍,0.89倍,3.72%
20260915,1660,マリモリート,3470,東Ｒ,,"98,300",+300,+0.31%,103,15.8倍,0.92倍,7.25%
20260915,1661,ＰＲＴＩＭＥ,3922,東P,,"2,230",+17,+0.77%,103,13.7倍,3.22倍,0.75%
20260915,1662,Ｊディスプレ,6740,東P,,46,0,0.00%,103,ー倍,-5.2倍,ー%
20260915,1663,野村外国株式,2513,東Ｅ,,"3,462",+5,+0.14%,103,ー倍,ー倍,ー%
20260915,1664,クボテック,7709,東S,,65,-11,-14.47%,102,ー倍,-64倍,ー%
20260915,1665,パイオラック,5988,東P,,"1,697",+7,+0.41%,102,57.9倍,0.63倍,5.42%
20260915,1666,アイモバイル,6535,東P,,503,+8,+1.62%,102,8.82倍,1.63倍,5.37%
20260915,1667,オプティム,3694,東P,,463,-2,-0.43%,102,22.2倍,2.68倍,ー%
20260915,1668,ビーエンジ,4828,東P,,"1,364",0,0.00%,101,17.7倍,4.87倍,3.08%
20260915,1669,ミダックＨＤ,6564,東P,,"1,993",0,0.00%,101,16.5倍,3.02倍,1.00%
20260915,1670,ＴＯＲＥＸ,6616,東P,,"1,781",+4,+0.23%,101,11.8倍,0.96倍,3.14%
20260915,1671,アバール,6918,東S,,"3,490",+40,+1.16%,101,10.7倍,0.94倍,3.04%
20260915,1672,甜菜糖,2108,東P,,"5,160",+30,+0.58%,101,12.5倍,0.78倍,5.23%
20260915,1673,島精機,6222,東P,,937,+4,+0.43%,101,35.3倍,0.38倍,2.13%
20260915,1674,ネツレン,5976,東P,,"1,469",+11,+0.75%,100,21.3倍,0.81倍,4.83%
20260915,1675,ＤＭＰ,3652,東G,,"2,529",+1,+0.04%,100,265倍,2.53倍,ー%
20260915,1676,イクヨ,7273,東S,,622,-12,-1.89%,100,298倍,1.39倍,0.48%
20260915,1677,松風,7979,東P,,"2,208",0,0.00%,100,16.6倍,1.54倍,3.03%
20260915,1678,カナデン,8081,東P,,"2,544",+30,+1.19%,100,14.2倍,1.11倍,3.93%
20260915,1679,野村商社卸売,1629,東Ｅ,,276.5,-6.3,-2.23%,100,ー倍,ー倍,ー%
20260915,1680,明星工,1976,東P,,"1,709",+3,+0.18%,100,14.0倍,1.15倍,3.80%
20260915,1681,オロ,3983,東P,,"1,925",+25,+1.32%,100,13.6倍,2.92倍,2.60%
20260915,1682,イオンファン,4343,東P,,"2,742",-30,-1.08%,100,18.1倍,6.92倍,0.73%
20260915,1683,ベース,4481,東P,,"3,255",-5,-0.15%,100,13.0倍,3.89倍,5.71%
20260915,1684,ヤマタネ,9305,東P,,"2,104",+28,+1.35%,99,10.2倍,0.71倍,4.04%
20260915,1685,日華化学,4463,東S,,"1,970",+56,+2.93%,99,8.28倍,0.84倍,3.55%
20260915,1686,リテールＰＡ,8167,東P,,"1,434",+19,+1.34%,99,11.1倍,0.66倍,2.79%
20260915,1687,スミダコーポ,6817,東P,,"1,196",-1,-0.08%,99,10.9倍,0.62倍,4.43%
20260915,1688,Ｍラインズ,3901,東P,,"1,525",+23,+1.53%,97,11.5倍,2.72倍,3.80%
20260915,1689,ビジ太田昭,9658,東P,,"1,101",+24,+2.23%,97,12.6倍,1.18倍,4.27%
20260915,1690,帝ホテル,9708,東S,,942,-8,-0.84%,96,60.3倍,2.28倍,0.64%
20260915,1691,レナ,4889,東G,,"1,148",-8,-0.69%,96,ー倍,4.90倍,ー%
20260915,1692,ＪＢＳ,5036,東P,,"1,551",+12,+0.78%,96,10.0倍,2.44倍,3.22%
20260915,1693,いちごホテル,3463,東Ｒ,,"110,700",0,0.00%,96,15.5倍,0.88倍,6.44%
20260915,1694,特種東海,3708,東P,,"2,174",+27,+1.26%,96,16.1倍,0.88倍,4.32%
20260915,1695,ミズホメディ,4595,東S,,"1,718",+8,+0.47%,96,10.2倍,1.76倍,5.82%
20260915,1696,チャームケア,6062,東P,,"1,424",+2,+0.14%,95,11.5倍,2.02倍,3.37%
20260915,1697,ヒーハイスト,6433,東S,,"1,169",-35,-2.91%,95,79.3倍,3.47倍,0.17%
20260915,1698,ホットランド,3196,東P,,"1,648",+1,+0.06%,95,53.4倍,2.30倍,0.79%
20260915,1699,ユーザーロカ,3984,東P,,"1,550",+2,+0.13%,94,16.1倍,2.56倍,1.94%
20260915,1700,神島化,4026,東S,,"1,539",-2,-0.13%,94,8.70倍,0.94倍,3.38%
20260915,1701,ＧＭＳ,544A,東P,,332,+1,+0.30%,94,3.19倍,0.38倍,ー%
20260915,1702,ダイコク電,6430,東P,,"2,499",+19,+0.77%,94,11.8倍,0.73倍,4.00%
20260915,1703,ＴＥＩＫＯＫ,6333,東P,,"3,450",+5,+0.15%,93,14.1倍,1.70倍,3.83%
20260915,1704,ヒラノテク,6245,東S,,"1,799",+26,+1.47%,93,24.8倍,0.69倍,4.67%
20260915,1705,半導体日本株,163A,東EN,,"18,135",+210,+1.17%,93,ー倍,ー倍,ー%
20260915,1706,アクセル,6730,東S,,"1,172",+33,+2.90%,92,14.2倍,0.91倍,3.50%
20260915,1707,ホクト,1379,東P,,"2,094",+11,+0.53%,92,12.5倍,1.02倍,2.96%
20260915,1708,エフ・コード,9211,東G,,"1,498",+10,+0.67%,92,9.68倍,2.18倍,ー%
20260915,1709,笑美面,9237,東G,Ｓ,831,-150,-15.29%,91,19.6倍,4.20倍,ー%
20260915,1710,ＨＰＣシス,6597,東G,,"3,540",+105,+3.06%,91,22.1倍,5.67倍,1.02%
20260915,1711,ユシロ,5013,東S,,"2,836",-1,-0.04%,91,9.32倍,0.75倍,ー%
20260915,1712,フィードワン,2060,東P,,"1,460",-10,-0.68%,91,8.60倍,0.89倍,3.56%
20260915,1713,ペルセウス,4882,東G,,171,+1,+0.59%,90,ー倍,2.76倍,ー%
20260915,1714,白銅,7637,東P,,"3,450",+120,+3.60%,90,10.9倍,1.50倍,4.14%
20260915,1715,ソフトフロン,2321,東G,,150,-1,-0.66%,90,ー倍,4.69倍,ー%
20260915,1716,セイワＨＤ,523A,東G,,"1,785",+31,+1.77%,90,ー倍,5.44倍,ー%
20260915,1717,トーホー,8142,東P,,"1,390",-6,-0.43%,90,9.24倍,1.23倍,4.39%
20260915,1718,テーオーシー,8841,東S,,"1,006",+3,+0.30%,90,28.6倍,0.85倍,0.99%
20260915,1719,ミツウロコＧ,8131,東S,,"2,579",-10,-0.39%,89,23.5倍,1.33倍,2.56%
20260915,1720,マーベラス,7844,東P,,532,+12,+2.31%,89,14.9倍,1.07倍,2.82%
20260915,1721,タウンズ,197A,東S,,515,+2,+0.39%,89,18.5倍,2.83倍,5.63%
20260915,1722,ソフトクリエ,3371,東P,,"2,146",+27,+1.27%,89,12.9倍,2.11倍,2.89%
20260915,1723,ＪＩＧＳＡＷ,3914,東G,,"2,660",+132,+5.22%,89,ー倍,4.88倍,ー%
20260915,1724,ＧＷ,3936,東G,,130,0,0.00%,89,39.8倍,4.11倍,ー%
20260915,1725,エスプール,2471,東P,,275,-2,-0.72%,89,13.0倍,2.21倍,3.64%
20260915,1726,中山鋼,5408,東P,,646,+7,+1.10%,89,8.99倍,0.32倍,3.10%
20260915,1727,じもとＨＤ,7161,東S,,618,+3,+0.49%,88,4.82倍,1.76倍,0.81%
20260915,1728,カイオム,4583,東G,,88,+1,+1.15%,88,ー倍,4.57倍,ー%
20260915,1729,ＤＭＳ,9782,東S,,"3,500",+60,+1.74%,87,17.3倍,1.23倍,6.63%
20260915,1730,マミーマート,9823,東S,,"1,004",-6,-0.59%,87,9.48倍,1.09倍,2.11%
20260915,1731,ＪＳＨ,150A,東G,,790,+17,+2.20%,87,22.3倍,2.14倍,0.38%
20260915,1732,ＵＬＳグルプ,3798,東S,,547,+11,+2.05%,87,13.5倍,2.59倍,1.50%
20260915,1733,アバントＧ,3836,東P,,"1,218",+6,+0.50%,86,12.2倍,2.88倍,2.79%
20260915,1734,キユソ流通,9369,東S,,"2,956",+33,+1.13%,86,35.0倍,1.57倍,0.81%
20260915,1735,クラシコム,7110,東G,,"1,919",-146,-7.07%,86,12.7倍,2.36倍,ー%
20260915,1736,ｉＦＲＥＩＴ,1488,東Ｅ,,"1,806",-2,-0.11%,86,ー倍,ー倍,ー%
20260915,1737,ｉＳＢＡＩ,408A,東Ｅ,,271.3,-2.2,-0.80%,86,ー倍,ー倍,ー%
20260915,1738,デリバリコン,9240,東G,,386,-58,-13.06%,85,15.3倍,1.51倍,ー%
20260915,1739,ｅＷｅＬＬ,5038,東G,,"2,107",+2,+0.10%,85,24.0倍,9.01倍,1.00%
20260915,1740,イチネンＨＤ,9619,東P,,"2,690",+11,+0.41%,85,5.35倍,0.81倍,3.35%
20260915,1741,セレス,3696,東P,,"2,159",-24,-1.10%,85,4.15倍,1.87倍,4.17%
20260915,1742,三信電,8150,東P,,"3,220",+10,+0.31%,85,11.0倍,0.87倍,4.35%
20260915,1743,ベルテクス,5290,東S,,"1,243",+35,+2.90%,85,13.0倍,1.41倍,3.22%
20260915,1744,ジーデップ,5885,東S,,"3,085",+5,+0.16%,84,20.5倍,4.81倍,1.56%
20260915,1745,ＧＭＯ－ＧＳ,3788,東P,,"1,984",+49,+2.53%,84,21.6倍,2.20倍,3.01%
20260915,1746,アドソル日進,3837,東P,,"1,356",+11,+0.82%,84,14.2倍,3.46倍,3.54%
20260915,1747,ＶＮＸ,4422,東G,,505,+26,+5.43%,84,ー倍,5.14倍,ー%
20260915,1748,野村インド株,1678,東Ｅ,,290.9,+0.1,+0.03%,84,ー倍,ー倍,ー%
20260915,1749,Ｅ・ＪＨＤ,2153,東P,,"1,853",+7,+0.38%,84,9.00倍,0.83倍,4.43%
20260915,1750,１ｓｔコーポ,1430,東S,,"1,053",+32,+3.13%,83,6.40倍,1.19倍,4.84%
20260915,1751,野村不動産,1633,東Ｅ,,"47,890",-700,-1.44%,83,ー倍,ー倍,ー%
20260915,1752,蝶理,8014,東P,,"4,205",-15,-0.36%,83,9.87倍,0.99倍,4.07%
20260915,1753,丸文,7537,東P,,"1,789",+27,+1.53%,83,11.7倍,0.82倍,4.30%
20260915,1754,小松ウオール,7949,東P,,"2,813",-12,-0.42%,83,16.2倍,1.29倍,4.80%
20260915,1755,三谷セキ,5273,東S,,"2,054",+5,+0.24%,83,14.1倍,1.36倍,2.12%
20260915,1756,福井コン,9790,東P,,"3,010",-15,-0.50%,83,13.7倍,2.07倍,2.56%
20260915,1757,大日塗,4611,東P,,"1,548",+18,+1.18%,83,13.0倍,0.67倍,3.75%
20260915,1758,やまみ,2820,東S,,"6,460",-110,-1.67%,83,21.8倍,3.80倍,1.55%
20260915,1759,グリムス,3150,東P,,"2,422",-18,-0.74%,83,10.4倍,2.90倍,3.84%
20260915,1760,寺崎電気,6637,東S,,"4,115",-120,-2.83%,83,13.4倍,0.90倍,1.36%
20260915,1761,アネスト岩田,6381,東P,,"1,888",+2,+0.11%,82,18.4倍,1.45倍,4.93%
20260915,1762,ＭＸ４００,1593,東Ｅ,,"37,300",-150,-0.40%,82,ー倍,ー倍,ー%
20260915,1763,明和産,8103,東P,,984,+8,+0.82%,82,9.92倍,0.91倍,4.78%
20260915,1764,燦ＨＤ,9628,東P,,"1,324",-1,-0.08%,82,9.75倍,0.81倍,3.04%
20260915,1765,ｉＦＦＮＧ金,521A,東Ｅ,,"1,944",+14,+0.73%,82,ー倍,ー倍,ー%
20260915,1766,ソースネクス,4344,東P,,112,-1,-0.88%,82,ー倍,3.28倍,ー%
20260915,1767,オカモト,5122,東P,,"6,200",+40,+0.65%,81,18.4倍,0.96倍,2.10%
20260915,1768,ジェネパ,3195,東S,Ｓ,497,-100,-16.75%,81,22.6倍,1.96倍,ー%
20260915,1769,上場ＮＱヘ無,2568,東Ｅ,,"7,718",+58,+0.76%,81,ー倍,ー倍,ー%
20260915,1770,オーバラップ,414A,東G,,860,+5,+0.58%,81,11.0倍,2.02倍,5.12%
20260915,1771,あすか薬ＨＤ,4886,東P,,"2,110",+28,+1.34%,80,12.5倍,0.85倍,3.08%
20260915,1772,Ｔホライゾン,6629,東S,,966,+4,+0.42%,80,7.66倍,1.05倍,3.42%
20260915,1773,だいわ,6459,東P,,"1,630",0,0.00%,79,14.3倍,1.12倍,3.99%
20260915,1774,マイクロアド,9553,東G,,630,+20,+3.28%,79,24.6倍,4.20倍,ー%
20260915,1775,エンビプロ,5698,東S,,735,+6,+0.82%,79,9.98倍,1.11倍,2.99%
20260915,1776,長府製,5946,東P,,"2,001",-2,-0.10%,79,21.3倍,0.49倍,2.30%
20260915,1777,ｉＳ米債７,1656,東Ｅ,,295.9,+0.3,+0.10%,79,ー倍,ー倍,ー%
20260915,1778,クリヤマＨＤ,3355,東S,,"1,784",+45,+2.59%,79,9.26倍,0.67倍,3.42%
20260915,1779,ＳＰＤＲ５百,1557,東Ｅ,,"118,000",+400,+0.34%,78,ー倍,ー倍,ー%
20260915,1780,カンロ,2216,東S,,"1,092",+5,+0.46%,78,15.0倍,2.27倍,3.02%
20260915,1781,ニレコ,6863,東S,,999,+16,+1.63%,78,14.8倍,1.28倍,3.50%
20260915,1782,ザ・パック,3950,東P,,"1,462",+7,+0.48%,78,15.0倍,1.02倍,2.87%
20260915,1783,保土谷,4112,東P,,"2,048",+8,+0.39%,78,25.1倍,0.60倍,2.93%
20260915,1784,藤倉化,4620,東S,,982,+14,+1.45%,78,10.5倍,0.54倍,2.04%
20260915,1785,小野建,7414,東P,,"1,413",-4,-0.28%,78,8.43倍,0.37倍,4.88%
20260915,1786,ナガワ,9663,東P,,"5,020",-20,-0.40%,78,23.6倍,1.15倍,1.20%
20260915,1787,東インキ,4635,東S,,"2,072",+28,+1.37%,77,9.71倍,0.81倍,4.58%
20260915,1788,日本国土開発,1887,東P,,547,-2,-0.36%,77,10.9倍,0.61倍,4.57%
20260915,1789,グリーンズ,6547,東S,,"2,143",+12,+0.56%,77,6.54倍,2.32倍,2.66%
20260915,1790,日車両,7102,東P,,"3,540",+10,+0.28%,77,6.81倍,0.60倍,1.41%
20260915,1791,日産車体,7222,東S,,918,-8,-0.86%,77,8.88倍,0.67倍,ー%
20260915,1792,イオン北海道,7512,東S,,869,+3,+0.35%,77,40.3倍,1.67倍,1.84%
20260915,1793,大光銀,8537,東S,,"3,180",+15,+0.47%,77,9.14倍,0.37倍,3.33%
20260915,1794,立花エレ,8159,東P,,"4,070",+45,+1.12%,76,12.8倍,0.82倍,2.95%
20260915,1795,アルファＰ,9467,東G,,"1,111",-5,-0.45%,76,12.6倍,2.06倍,2.43%
20260915,1796,ミラタップ,3187,東G,,397,-13,-3.17%,76,30.4倍,2.46倍,1.01%
20260915,1797,霞ヶ関ホテル,401A,東Ｒ,,"96,300","+1,000",+1.05%,76,16.7倍,0.97倍,6.46%
20260915,1798,北興化,4992,東S,,"1,855",-2,-0.11%,76,10.5倍,0.77倍,2.91%
20260915,1799,ナガイレーベ,7447,東P,,"1,651",+3,+0.18%,76,16.7倍,1.23倍,4.24%
20260915,1800,ツバキナカ,6464,東P,,338,+2,+0.60%,76,25.9倍,0.33倍,ー%
20260915,1801,ＭＥＲＦ,3168,東S,,"1,246",-44,-3.41%,76,6.27倍,1.47倍,3.21%
20260915,1802,令和ＡＨ,296A,東G,,"1,177",-6,-0.51%,75,30.6倍,19.5倍,3.10%
20260915,1803,ｉＦＥナ百無,2840,東Ｅ,,"2,595",+17,+0.66%,75,ー倍,ー倍,ー%
20260915,1804,トーセイＲ,3451,東Ｒ,,"128,400",+100,+0.08%,75,16.8倍,1.13倍,5.96%
20260915,1805,ホテルレジＲ,3472,東Ｒ,,"67,000",+400,+0.60%,75,16.9倍,0.83倍,5.94%
20260915,1806,ＴＫＰ,3479,東G,,"1,878",-22,-1.16%,74,17.0倍,1.33倍,ー%
20260915,1807,ＮＪＳ,2325,東P,,"4,590",+25,+0.55%,74,17.8倍,1.42倍,2.40%
20260915,1808,多木化,4025,東P,,"5,420",+10,+0.18%,74,12.9倍,0.96倍,1.94%
20260915,1809,ミライアル,4238,東S,,"1,787",+16,+0.90%,73,ー倍,0.70倍,ー%
20260915,1810,早稲アカ,4718,東P,,"2,539",-26,-1.01%,73,16.5倍,2.87倍,2.95%
20260915,1811,グリーンエナ,1436,東G,,"1,757",-10,-0.57%,73,22.6倍,3.73倍,0.34%
20260915,1812,ｉＳ米債７Ｈ,1482,東Ｅ,,"1,504",-8,-0.53%,73,ー倍,ー倍,ー%
20260915,1813,日特建,1929,東P,,"1,222",+7,+0.58%,73,13.8倍,1.38倍,4.09%
20260915,1814,レオン,6272,東P,,"1,519",+13,+0.86%,73,10.2倍,0.94倍,3.95%
20260915,1815,Ｆインタ,7050,東G,,"1,532",+90,+6.24%,73,10.6倍,1.45倍,4.77%
20260915,1816,コニシ,4956,東P,,"1,472",-2,-0.14%,73,11.1倍,0.99倍,2.58%
20260915,1817,日金属,5491,東S,,929,+1,+0.11%,73,11.8倍,0.20倍,0.54%
20260915,1818,上場銀行１０,540A,東Ｅ,,"2,089",-21,-1.00%,73,ー倍,ー倍,ー%
20260915,1819,積化成,4228,東P,,579,+18,+3.21%,72,10.6倍,0.51倍,2.94%
20260915,1820,アルプス技,4641,東P,,866,+7,+0.81%,72,13.1倍,2.42倍,4.16%
20260915,1821,ＣＩＪ,4826,東P,,540,0,0.00%,72,16.2倍,2.01倍,3.89%
20260915,1822,ハルメク,7119,東G,,"2,134",+48,+2.30%,72,19.7倍,2.57倍,1.87%
20260915,1823,ソラコム,147A,東G,,984,+1,+0.10%,72,63.8倍,4.00倍,ー%
20260915,1824,ククレブ,276A,東G,,"4,155",+45,+1.09%,72,30.6倍,4.44倍,0.72%
20260915,1825,進和,7607,東P,,"3,025",+25,+0.83%,72,13.1倍,0.88倍,4.10%
20260915,1826,共同印,7914,東P,,"1,755",+2,+0.11%,72,11.6倍,0.70倍,4.56%
20260915,1827,コプロＨＤ,7059,東P,,927,+7,+0.76%,71,21.4倍,3.82倍,5.39%
20260915,1828,システムソフ,7527,東S,,50,0,0.00%,70,238倍,1.01倍,ー%
20260915,1829,テイツー,7610,東S,,135,0,0.00%,70,10.5倍,1.23倍,2.96%
20260915,1830,デルタフライ,4598,東G,,111,-4,-3.48%,70,ー倍,-8.0倍,ー%
20260915,1831,エネチェンジ,4169,東G,,250,+6,+2.46%,70,18.0倍,2.07倍,ー%
20260915,1832,チャットプラ,598A,東G,,"1,446",+20,+1.40%,70,19.4倍,9.26倍,0.62%
20260915,1833,バリュエンス,9270,東G,,"2,001",+17,+0.86%,70,8.79倍,2.51倍,2.25%
20260915,1834,ｉＦＳＰ無,2247,東Ｅ,,"2,210",+2,+0.09%,70,ー倍,ー倍,ー%
20260915,1835,ＰＢＲ１解消,2080,東Ｅ,,"2,051",-10,-0.49%,70,ー倍,ー倍,ー%
20260915,1836,指月電,6994,東S,,"1,143",+13,+1.15%,70,13.1倍,1.03倍,2.32%
20260915,1837,ワイズＨＤ,5955,東S,,81,0,0.00%,70,29.1倍,0.90倍,1.23%
20260915,1838,バイタルＫＳ,3151,東P,,"1,612",+3,+0.19%,69,10.2倍,0.67倍,4.34%
20260915,1839,ｉＦＴＰ年４,2625,東Ｅ,,"4,055",-8,-0.20%,69,ー倍,ー倍,ー%
20260915,1840,ＩＧポート,3791,東S,,"1,045",+5,+0.48%,69,67.6倍,2.10倍,1.24%
20260915,1841,オリチェン,6380,東S,,"3,840",-40,-1.03%,69,72.9倍,2.57倍,0.52%
20260915,1842,ＮＩＴＴＡＮ,6493,東S,,494,+9,+1.86%,69,7.91倍,0.45倍,4.05%
20260915,1843,電気興,6706,東P,,"3,275",-20,-0.61%,69,12.4倍,0.76倍,3.21%
20260915,1844,アンビスＨＤ,7071,東P,,395,+3,+0.77%,69,18.4倍,1.01倍,1.01%
20260915,1845,ＡＤＷＧ,2982,東P,,420,-1,-0.24%,68,6.71倍,0.93倍,4.76%
20260915,1846,清水銀,8364,東P,,"3,140",-10,-0.32%,68,14.2倍,0.44倍,1.91%
20260915,1847,Ｈｍｃｏｍｍ,265A,東G,,742,-1,-0.13%,68,96.5倍,1.79倍,ー%
20260915,1848,クロスフォー,7810,東S,,154,-7,-4.35%,67,54.0倍,1.40倍,0.55%
20260915,1849,日シス技術,4323,東P,,"1,921",+26,+1.37%,67,15.9倍,2.93倍,2.60%
20260915,1850,ラクオリア,4579,東G,,568,+8,+1.43%,67,ー倍,1.90倍,ー%
20260915,1851,イントラスト,7191,東S,,"1,184",+7,+0.59%,66,14.4倍,3.28倍,4.18%
20260915,1852,ネクストーン,7094,東G,,"1,852",+18,+0.98%,66,18.1倍,3.17倍,1.19%
20260915,1853,スクイーズ,558A,東G,,"5,750",-130,-2.21%,66,36.5倍,7.85倍,ー%
20260915,1854,農中Ｊリコア,2527,東Ｅ,,"1,079",-3,-0.28%,66,ー倍,ー倍,ー%
20260915,1855,ブラインド,7989,東P,,"2,671",+6,+0.23%,66,16.4倍,0.93倍,4.49%
20260915,1856,野村コア３０,1311,東Ｅ,,"2,118",-7,-0.33%,66,ー倍,ー倍,ー%
20260915,1857,岐阜造園,1438,東S,,"2,245",-20,-0.88%,66,15.6倍,1.61倍,1.78%
20260915,1858,ＷＴ銅,1693,東Ｅ,,"8,406",-80,-0.94%,66,ー倍,ー倍,ー%
20260915,1859,ｉＦ日経Ｗベ,1366,東Ｅ,,74,0,0.00%,65,ー倍,ー倍,ー%
20260915,1860,ダイト,4577,東P,,"1,289",+17,+1.34%,65,12.1倍,0.69倍,3.49%
20260915,1861,ブライトパス,4594,東G,,60,+2,+3.45%,65,ー倍,4.59倍,ー%
20260915,1862,ＳＢＩリーシ,5834,東G,,"2,802",+41,+1.48%,65,7.32倍,1.47倍,4.10%
20260915,1863,キャリアＬ,6070,東P,,"2,529",+26,+1.04%,65,10.7倍,1.92倍,4.74%
20260915,1864,ティムス,4891,東G,,125,+1,+0.81%,64,ー倍,2.45倍,ー%
20260915,1865,アンビＤＸ,3300,東G,,"1,859",+15,+0.81%,64,5.31倍,1.42倍,6.02%
20260915,1866,帝国繊維,3302,東P,,"3,060",+20,+0.66%,63,20.6倍,1.06倍,2.12%
20260915,1867,宮地エンジ,3431,東P,,"1,566",-2,-0.13%,63,20.5倍,0.98倍,4.79%
20260915,1868,ＤＩＴ,3916,東P,,944,0,0.00%,63,12.7倍,3.07倍,4.45%
20260915,1869,オーバル,7727,東S,,841,-7,-0.83%,63,12.1倍,1.09倍,3.33%
20260915,1870,朝日放送ＨＤ,9405,東P,,882,+26,+3.04%,63,13.6倍,0.45倍,2.27%
20260915,1871,ＵＥＸ,9888,東S,,"1,227",-3,-0.24%,63,4.21倍,0.66倍,ー%
20260915,1872,不二家,2211,東P,,"2,513",-4,-0.16%,63,30.9倍,1.08倍,1.19%
20260915,1873,インフォメテ,281A,東G,,395,-8,-1.99%,63,ー倍,2.87倍,ー%
20260915,1874,ＡＳＮＯＶＡ,9223,東G,,361,-65,-15.26%,63,ー倍,1.52倍,0.55%
20260915,1875,ＭＶ東海,8198,東S,,"3,315",-20,-0.60%,63,11.4倍,1.10倍,2.56%
20260915,1876,フジオフード,2752,東P,,"1,146",-6,-0.52%,63,536倍,6.89倍,0.26%
20260915,1877,エスコンＪＰ,2971,東Ｒ,,"107,700",+300,+0.28%,62,15.4倍,0.96倍,6.50%
20260915,1878,ＷＡ,7683,東P,,"1,412",+5,+0.36%,62,30.6倍,2.45倍,1.20%
20260915,1879,モダリス,4883,東G,,32,-1,-3.03%,62,ー倍,1.38倍,ー%
20260915,1880,技研製,6289,東P,,"1,879",+4,+0.21%,62,21.7倍,1.22倍,2.87%
20260915,1881,ウインテスト,6721,東S,,77,+4,+5.48%,61,86.5倍,12.3倍,ー%
20260915,1882,明治電機工業,3388,東P,,"2,099",+20,+0.96%,61,8.66倍,0.69倍,4.57%
20260915,1883,日山村硝,5210,東S,,"2,876",-16,-0.55%,61,10.1倍,0.51倍,5.22%
20260915,1884,アーレスティ,5852,東P,,664,-2,-0.30%,61,33.2倍,0.30倍,5.12%
20260915,1885,ｉＦＥナ百ベ,2842,東Ｅ,,"12,370",-20,-0.16%,61,ー倍,ー倍,ー%
20260915,1886,高島,8007,東P,,801,+3,+0.38%,61,17.1倍,1.20倍,5.74%
20260915,1887,ｉＦプ１５０,2017,東Ｅ,,"1,502",-9,-0.60%,61,ー倍,ー倍,ー%
20260915,1888,ＭＸ日半導体,221A,東Ｅ,,"1,070.0",+3.0,+0.28%,60,ー倍,ー倍,ー%
20260915,1889,セントラルＲ,3488,東Ｒ,,"105,300","+1,100",+1.06%,60,15.8倍,1.05倍,6.35%
20260915,1890,ライク,2462,東P,,"1,500",-14,-0.92%,60,11.3倍,1.51倍,4.00%
20260915,1891,日食品,2892,東S,,"4,735",+135,+2.93%,60,14.9倍,0.74倍,3.17%
20260915,1892,メンバーズ,2130,東P,,915,+12,+1.33%,60,6.77倍,1.97倍,3.83%
20260915,1893,ＣＡＮＢＡＳ,4575,東G,,735,-4,-0.54%,60,ー倍,9.04倍,ー%
20260915,1894,エスケー化研,4628,東S,,"9,880",+150,+1.54%,60,14.0倍,0.76倍,1.82%
20260915,1895,ソフト９９,4464,東S,,"4,045",0,0.00%,59,28.2倍,1.47倍,1.68%
20260915,1896,中外炉,1964,東P,,"3,855",+5,+0.13%,59,10.7倍,0.92倍,4.67%
20260915,1897,ｉＳ米２０,2255,東Ｅ,,191.7,0,0.00%,59,ー倍,ー倍,ー%
20260915,1898,サクサ,6675,東S,,"2,165",+20,+0.93%,59,2.30倍,0.80倍,5.77%
20260915,1899,稲葉製作,3421,東S,,"1,606",-13,-0.80%,59,18.3倍,0.56倍,2.74%
20260915,1900,日本モゲジＳ,7192,東S,,708,-4,-0.56%,59,11.4倍,1.11倍,4.24%
20260915,1901,河西工,7256,東S,,433,-2,-0.46%,59,19.1倍,1.63倍,ー%
20260915,1902,レック,7874,東P,,963,+1,+0.10%,59,10.5倍,0.84倍,2.91%
20260915,1903,ニッピ,7932,東S,,"11,520",+40,+0.35%,59,11.5倍,0.81倍,6.09%
20260915,1904,大東銀,8563,東S,,"1,178",-4,-0.34%,59,9.34倍,0.53倍,3.40%
20260915,1905,あさくま,7678,東S,,"3,550",+110,+3.20%,59,91.1倍,12.2倍,ー%
20260915,1906,モリト,9837,東P,,"1,791",-4,-0.22%,58,14.8倍,1.09倍,4.02%
20260915,1907,ヨシックス,3221,東P,,"3,235",+20,+0.62%,58,14.1倍,2.45倍,0.99%
20260915,1908,野村電力ガス,1627,東Ｅ,,"12,800",-115,-0.89%,58,ー倍,ー倍,ー%
20260915,1909,かわでん,6648,東S,,"1,624",-3,-0.18%,58,8.85倍,1.25倍,4.06%
20260915,1910,ミーク,332A,東G,,"1,154",+16,+1.41%,58,13.0倍,2.05倍,ー%
20260915,1911,近鉄百,8244,東S,,"1,883",+5,+0.27%,58,19.5倍,1.64倍,1.06%
20260915,1912,福島銀,8562,東S,,388,-1,-0.26%,58,15.0倍,0.56倍,1.29%
20260915,1913,コスモスイニ,8844,東S,,"1,230",-3,-0.24%,58,5.78倍,0.74倍,4.31%
20260915,1914,エスリード,8877,東P,,"5,180",-10,-0.19%,57,6.95倍,0.96倍,4.63%
20260915,1915,新コスモス,6824,東S,,"4,160",-105,-2.46%,57,12.7倍,0.96倍,2.28%
20260915,1916,ブロメディア,4347,東S,,"1,843",+20,+1.10%,57,14.8倍,2.71倍,3.53%
20260915,1917,大成温調,1904,東S,,"5,150",+40,+0.78%,57,6.04倍,1.04倍,3.84%
20260915,1918,アドウェイズ,2489,東S,,414,+4,+0.98%,57,10.8倍,1.14倍,2.91%
20260915,1919,イオン九州,2653,東S,,"2,792",-3,-0.11%,57,14.7倍,1.60倍,1.79%
20260915,1920,新都ＨＤ,2776,東S,,99,-2,-1.98%,57,27.4倍,1.57倍,ー%
20260915,1921,ドリコム,3793,東G,,534,+14,+2.69%,57,25.3倍,2.92倍,0.94%
20260915,1922,ＧＸＵＳ配当,2236,東Ｅ,,"1,424",+4,+0.28%,57,ー倍,ー倍,ー%
20260915,1923,上場高配５０,399A,東Ｅ,,"2,359",-7,-0.30%,57,ー倍,ー倍,ー%
20260915,1924,ＳＥＣカーボ,5304,東S,,"2,465",-34,-1.36%,57,16.2倍,0.63倍,4.06%
20260915,1925,ＥＲＩＨＤ,6083,東S,,"1,590",+32,+2.05%,56,10.9倍,4.20倍,2.77%
20260915,1926,三精テクノロ,6357,東S,,"2,638",-19,-0.72%,56,8.84倍,0.93倍,3.60%
20260915,1927,ヤーマン,6630,東P,,784,+1,+0.13%,56,123倍,1.77倍,1.15%
20260915,1928,サニックスＨ,4651,東S,,248,+3,+1.22%,56,11.8倍,1.08倍,1.21%
20260915,1929,セントラルＳ,4801,東P,,"2,429",+16,+0.66%,56,18.5倍,1.03倍,1.65%
20260915,1930,Ａｒｅｎｔ,5254,東G,,"4,220",+50,+1.20%,56,28.4倍,3.97倍,ー%
20260915,1931,ネットスタズ,5590,東G,,733,+13,+1.81%,56,25.2倍,1.57倍,ー%
20260915,1932,トヨコー,341A,東G,,"2,257",-15,-0.66%,55,47.2倍,9.92倍,ー%
20260915,1933,日工,6306,東P,,998,+2,+0.20%,55,14.5倍,1.04倍,4.21%
20260915,1934,理経,8226,東S,,382,+3,+0.79%,55,13.8倍,0.96倍,1.83%
20260915,1935,ＦＪネクＨＤ,8935,東P,,"1,955",-6,-0.31%,55,6.10倍,0.76倍,4.09%
20260915,1936,大阪製鉄,5449,東S,,"2,551",-59,-2.26%,55,254倍,0.69倍,ー%
20260915,1937,エクストリム,6033,東G,,"1,760",+5,+0.28%,55,10.2倍,1.40倍,3.86%
20260915,1938,野村鉄鋼非鉄,1623,東Ｅ,,"60,850",-580,-0.94%,55,ー倍,ー倍,ー%
20260915,1939,内外テック,3374,東S,,"3,875",+45,+1.17%,55,8.08倍,1.03倍,3.72%
20260915,1940,ＡｎｄＤｏ,3457,東P,,916,-6,-0.65%,55,20.5倍,0.96倍,5.02%
20260915,1941,ヘッドウォ,4011,東G,,"2,333",-55,-2.30%,55,36.5倍,2.33倍,ー%
20260915,1942,ＳＢＩアルヒ,7198,東P,,836,-5,-0.59%,55,17.9倍,0.89倍,4.78%
20260915,1943,光・彩,7878,東S,,"1,168",-98,-7.74%,55,5.73倍,0.97倍,3.00%
20260915,1944,アドヴァンＧ,7463,東S,,968,+8,+0.83%,54,ー倍,0.54倍,4.13%
20260915,1945,魚力,7596,東P,,"2,344",+6,+0.26%,54,30.3倍,1.72倍,2.22%
20260915,1946,アトネイチャ,7823,東S,,829,+6,+0.73%,54,22.3倍,0.99倍,3.38%
20260915,1947,三光合成,7888,東P,,875,+3,+0.34%,54,5.93倍,0.77倍,3.66%
20260915,1948,フコク,5185,東P,,"1,966",-2,-0.10%,54,12.2倍,0.68倍,5.09%
20260915,1949,ＧＸ超短米債,133A,東Ｅ,,"1,052",+4,+0.38%,54,ー倍,ー倍,ー%
20260915,1950,金２倍ブル,606A,東Ｅ,,"19,900",-200,-1.00%,54,ー倍,ー倍,ー%
20260915,1951,六甲バタ,2266,東P,,"1,110",0,0.00%,54,14.6倍,0.63倍,2.75%
20260915,1952,ネオマーケ,4196,東S,,"2,140",-21,-0.97%,54,53.1倍,6.53倍,ー%
20260915,1953,ＧＸ優先証券,2866,東Ｅ,,933,-3,-0.32%,54,ー倍,ー倍,ー%
20260915,1954,プラスゼロ,5132,東G,,"1,952",+17,+0.88%,54,32.1倍,9.21倍,ー%
20260915,1955,石原ケミ,4462,東P,,"2,809",+35,+1.26%,54,13.9倍,1.51倍,1.71%
20260915,1956,ＴＯＷ,4767,東S,,388,+8,+2.11%,54,11.1倍,1.48倍,5.34%
20260915,1957,ＧＭＯペパボ,3633,東S,,"2,558",+59,+2.36%,54,9.98倍,4.00倍,6.53%
20260915,1958,エイチーム,3662,東P,,949,+2,+0.21%,54,58.8倍,2.03倍,2.95%
20260915,1959,ＣＳＰ,9740,東P,,"2,655",-5,-0.19%,53,16.2倍,0.90倍,3.05%
20260915,1960,東洋電,6505,東S,,"2,359",-22,-0.92%,53,8.71倍,0.74倍,4.92%
20260915,1961,クイック,4318,東P,,848,+5,+0.59%,53,16.7倍,2.34倍,4.48%
20260915,1962,フォーサイド,2330,東S,,93,-2,-2.11%,53,50.5倍,1.35倍,ー%
20260915,1963,ブラス,2424,東S,,657,+59,+9.87%,53,6.50倍,0.80倍,1.22%
20260915,1964,Ｂガレージ,3180,東P,,"1,573",+19,+1.22%,53,14.6倍,2.31倍,1.14%
20260915,1965,ｉＦ日経ベ,1456,東Ｅ,,"1,307",0,0.00%,53,ー倍,ー倍,ー%
20260915,1966,イチケン,1847,東S,,"3,355",0,0.00%,53,6.67倍,1.19倍,5.37%
20260915,1967,紀文食品,2933,東P,,"1,131",+5,+0.44%,53,10.1倍,1.03倍,2.03%
20260915,1968,明海グループ,9115,東S,,"1,088",+8,+0.74%,52,17.7倍,0.67倍,ー%
20260915,1969,カナディアン,9284,東IF,,"76,800",+200,+0.26%,52,12.1倍,0.75倍,8.25%
20260915,1970,グルメ杵屋,9850,東P,,993,+3,+0.30%,52,87.3倍,2.56倍,0.70%
20260915,1971,ネイス,589A,東G,,"1,377",-61,-4.24%,52,13.8倍,8.79倍,ー%
20260915,1972,日本ホスピス,7061,東G,,483,-16,-3.21%,52,ー倍,1.12倍,ー%
20260915,1973,ジェイリース,7187,東P,,"1,325",+10,+0.76%,52,9.37倍,3.21倍,4.53%
20260915,1974,ＧセブンＨＤ,7508,東P,,"1,439",-11,-0.76%,52,10.9倍,1.84倍,4.86%
20260915,1975,リズム,7769,東P,,"3,815",0,0.00%,52,17.9倍,0.89倍,4.39%
20260915,1976,大谷工業,5939,東S,,"4,695",0,0.00%,52,14.1倍,0.82倍,0.64%
20260915,1977,重松製,7980,東S,,877,+12,+1.39%,52,8.54倍,0.64倍,1.71%
20260915,1978,ＮＥＣキャピ,8793,東P,,"4,210",-5,-0.12%,52,9.07倍,0.69倍,3.56%
20260915,1979,野村エネ資源,1618,東Ｅ,,"36,910",-540,-1.44%,52,ー倍,ー倍,ー%
20260915,1980,高圧ガス,4097,東P,,"1,194",-1,-0.08%,52,14.3倍,0.77倍,3.35%
20260915,1981,千代田インテ,6915,東S,,"3,400",0,0.00%,52,8.17倍,0.74倍,4.71%
20260915,1982,Ｒフィールド,2910,東P,,"1,400",+5,+0.36%,52,117倍,1.29倍,1.71%
20260915,1983,ラクーンＨＤ,3031,東P,,682,+12,+1.79%,52,44.1倍,3.30倍,3.23%
20260915,1984,オエノンＨＤ,2533,東P,,466,0,0.00%,51,8.81倍,0.93倍,2.58%
20260915,1985,ミニストップ,9946,東P,,"1,784",-7,-0.39%,51,517倍,2.17倍,1.12%
20260915,1986,インバＰＦ,5587,東G,,790,-9,-1.13%,51,11.6倍,1.67倍,ー%
20260915,1987,バロック,3548,東P,,671,0,0.00%,51,32.5倍,1.80倍,5.66%
20260915,1988,クラウドＷ,3900,東G,,675,+5,+0.75%,51,ー倍,1.66倍,ー%
20260915,1989,ｉＳＩＧ債Ｈ,1496,東Ｅ,,"1,606",-1,-0.06%,51,ー倍,ー倍,ー%
20260915,1990,ｉＦ高配４０,1651,東Ｅ,,"3,333",-8,-0.24%,50,ー倍,ー倍,ー%
20260915,1991,ｉＳ新興国株,1658,東Ｅ,,"4,199",-5,-0.12%,50,ー倍,ー倍,ー%
20260915,1992,ブルーイノベ,5597,東G,,"1,318",-20,-1.49%,50,ー倍,105倍,ー%
20260915,1993,ｉＳ米債３Ｈ,2856,東Ｅ,,637.9,-1.7,-0.27%,50,ー倍,ー倍,ー%
20260915,1994,ギークリー,505A,東S,,"1,402",+52,+3.85%,50,9.96倍,4.11倍,4.07%
20260915,1995,コンドー,7438,東P,,"1,731",+2,+0.12%,50,13.1倍,1.15倍,3.35%
20260915,1996,シモジマ,7482,東P,,"1,516",+15,+1.00%,50,13.7倍,0.95倍,3.89%
20260915,1997,ＳＫジャパン,7608,東S,,894,+16,+1.82%,50,11.0倍,2.23倍,2.68%
20260915,1998,ムトー精工,7927,東S,,"2,351",+29,+1.25%,50,5.45倍,0.78倍,4.98%
20260915,1999,極楽湯ＨＤ,2340,東S,,532,+4,+0.76%,50,ー倍,3.77倍,1.13%
20260915,2000,フジッコ,2908,東P,,"1,625",+4,+0.25%,50,37.3倍,0.67倍,2.83%
20260915,2001,ＨＳＨＤ,8699,東S,,"1,126",+5,+0.45%,50,ー倍,0.33倍,ー%
20260915,2002,クレオス,8101,東P,,"2,610",-7,-0.27%,49,12.1倍,0.93倍,4.06%
20260915,2003,ヒューマンＴ,5621,東G,,"1,583",+3,+0.19%,49,13.6倍,2.89倍,2.21%
20260915,2004,情報戦略テク,155A,東G,,844,+21,+2.55%,49,20.2倍,4.48倍,ー%
20260915,2005,農中Ｊリート,1595,東Ｅ,,"1,800",-4,-0.22%,49,ー倍,ー倍,ー%
20260915,2006,神奈交,9081,東P,,"4,020",-45,-1.11%,49,13.2倍,0.74倍,2.24%
20260915,2007,アイネス,9742,東P,,"2,126",+13,+0.62%,49,26.0倍,1.21倍,2.59%
20260915,2008,ＧＸテック日,2854,東Ｅ,,"2,659",-16,-0.60%,49,ー倍,ー倍,ー%
20260915,2009,フリービット,3843,東P,,"1,715",-3,-0.17%,49,10.7倍,4.22倍,2.39%
20260915,2010,中越パ,3877,東P,,"2,225",+13,+0.59%,49,17.5倍,0.46倍,5.39%
20260915,2011,遠藤照明,6932,東S,,"2,561",-24,-0.93%,49,8.60倍,0.75倍,3.44%
20260915,2012,Ｆ＆Ｍ,4771,東S,,"2,746",+56,+2.08%,49,14.1倍,2.62倍,2.18%
20260915,2013,フォーカス,4662,東P,,"1,621",+11,+0.68%,48,9.66倍,1.62倍,4.19%
20260915,2014,明光ネット,4668,東P,,758,-7,-0.92%,48,19.0倍,1.58倍,3.83%
20260915,2015,薬王堂ＨＤ,7679,東P,,"1,646",-1,-0.06%,48,7.94倍,0.79倍,1.82%
20260915,2016,ワシントンＨ,4691,東S,,"2,065",-31,-1.48%,48,10.8倍,2.01倍,2.18%
20260915,2017,青山財産,8929,東S,,"1,354",-2,-0.15%,48,12.3倍,2.64倍,4.28%
20260915,2018,ウエスコＨＤ,6091,東S,,955,+13,+1.38%,48,14.7倍,0.74倍,4.19%
20260915,2019,ＮＡＴＴＹ,7674,東G,,"2,738",+137,+5.27%,48,673倍,5.12倍,ー%
20260915,2020,ＩＴメディア,2148,東P,,"1,162",+2,+0.17%,48,16.4倍,3.20倍,4.30%
20260915,2021,ｉＳ米２５,237A,東Ｅ,,140.0,+0.4,+0.29%,48,ー倍,ー倍,ー%
20260915,2022,ＪＡＬＣＯ,6625,東S,,366,-3,-0.81%,48,38.1倍,2.41倍,4.92%
20260915,2023,クロスキャト,2307,東P,,"1,066",+9,+0.85%,48,9.70倍,2.31倍,3.66%
20260915,2024,出前館,2484,東S,,160,-2,-1.23%,48,ー倍,0.80倍,ー%
20260915,2025,大盛工業,1844,東S,,455,+1,+0.22%,47,16.8倍,1.34倍,2.64%
20260915,2026,北陸電工,1930,東P,,"1,578",+10,+0.64%,47,10.6倍,0.94倍,3.04%
20260915,2027,オークワ,8217,東P,,803,+1,+0.12%,47,50.3倍,0.45倍,3.24%
20260915,2028,三谷産業,8285,東S,,804,+7,+0.88%,47,19.0倍,0.86倍,1.62%
20260915,2029,幸楽苑,7554,東P,,"1,175",+13,+1.12%,47,18.0倍,3.16倍,1.28%
20260915,2030,アドバネクス,5998,東S,,"2,794",+104,+3.87%,47,5.73倍,1.10倍,1.79%
20260915,2031,津田駒,6217,東S,,763,+23,+3.11%,47,48.7倍,1.93倍,ー%
20260915,2032,ファンディノ,462A,東G,,274,+3,+1.11%,47,ー倍,1.49倍,ー%
20260915,2033,ヤギ,7460,東S,,"1,632",-25,-1.51%,46,10.8倍,0.83倍,3.68%
20260915,2034,Ｊティッシュ,7774,東G,,815,+25,+3.16%,46,331倍,6.44倍,ー%
20260915,2035,片倉,3001,東S,,"2,945",-20,-0.67%,46,12.5倍,0.93倍,2.04%
20260915,2036,サーバワクス,4434,東S,,"2,413",-2,-0.08%,46,19.9倍,1.78倍,1.24%
20260915,2037,メドレックス,4586,東G,,61,+1,+1.67%,46,ー倍,2.63倍,ー%
20260915,2038,グロースコア,1563,東Ｅ,,"2,422",-20,-0.82%,46,ー倍,ー倍,ー%
20260915,2039,冨士ダイス,6167,東P,,977,+16,+1.66%,46,30.9倍,0.95倍,4.09%
20260915,2040,岡部,5959,東P,,940,+3,+0.32%,45,11.2倍,0.66倍,4.47%
20260915,2041,菱友システム,4685,東S,,"2,686",+10,+0.37%,45,9.52倍,1.55倍,3.72%
20260915,2042,ＳＢＩＩＧ,7326,東G,,"2,262",-7,-0.31%,45,15.5倍,1.12倍,2.61%
20260915,2043,オカムラ食品,2938,東S,,"1,284",+16,+1.26%,45,23.9倍,3.28倍,0.70%
20260915,2044,くすりの窓口,5592,東G,,"2,694",-27,-0.99%,45,9.73倍,2.66倍,1.48%
20260915,2045,トランヴィア,545A,東P,,998,0,0.00%,45,16.4倍,1.59倍,4.01%
20260915,2046,フジ住,8860,東P,,741,0,0.00%,45,5.76倍,0.45倍,4.32%
20260915,2047,ゼロ,9028,東S,,"3,300",-45,-1.35%,45,7.60倍,1.15倍,4.29%
20260915,2048,上場リート隔,1345,東Ｅ,,"1,773",-2,-0.11%,45,ー倍,ー倍,ー%
20260915,2049,藤田エンジ,1770,東S,,"2,333",+154,+7.07%,45,10.7倍,0.96倍,2.91%
20260915,2050,井村屋Ｇ,2209,東P,,"2,365",-1,-0.04%,45,12.6倍,1.20倍,1.61%
20260915,2051,みらいＷＫＳ,6563,東G,,466,+4,+0.87%,45,16.9倍,1.74倍,ー%
20260915,2052,ティアック,6803,東S,,99,0,0.00%,45,9.50倍,0.70倍,1.01%
20260915,2053,アツギ,3529,東S,,"1,045",+18,+1.75%,45,ー倍,0.53倍,ー%
20260915,2054,日経エンタメ,586A,東Ｅ,,250.0,-3.1,-1.22%,44,ー倍,ー倍,ー%
20260915,2055,ＣＡＣ,4725,東P,,"1,929",+9,+0.47%,44,ー倍,0.92倍,5.18%
20260915,2056,ＷＯＷＯＷ,4839,東P,,"1,006",+2,+0.20%,44,47.6倍,0.41倍,2.98%
20260915,2057,ラックランド,9612,東P,,"1,223",+7,+0.58%,44,5.48倍,1.03倍,3.27%
20260915,2058,Ｄサイクル,5888,東G,,"2,769",-82,-2.88%,44,7.59倍,1.14倍,2.64%
20260915,2059,カドスＣ,211A,東S,,"3,285",-15,-0.45%,44,10.0倍,0.73倍,5.48%
20260915,2060,タカミヤ,2445,東S,,396,+3,+0.76%,44,9.81倍,0.79倍,4.04%
20260915,2061,ヒビノ,2469,東S,,"2,753",-73,-2.58%,44,10.5倍,1.96倍,3.27%
20260915,2062,ラクトＪ,3139,東P,,"3,435",+5,+0.15%,44,9.97倍,1.03倍,3.84%
20260915,2063,クリナップ,7955,東P,,954,+3,+0.32%,44,9.48倍,0.56倍,3.46%
20260915,2064,加藤製,6390,東P,,"1,338",+6,+0.45%,44,ー倍,0.36倍,5.23%
20260915,2065,クリアル,2998,東G,,536,-1,-0.19%,44,9.10倍,1.80倍,1.49%
20260915,2066,ファンコミ,2461,東P,,387,+1,+0.26%,43,37.0倍,1.57倍,5.43%
20260915,2067,ラサ商事,3023,東S,,"2,054",+24,+1.18%,43,10.8倍,0.92倍,3.89%
20260915,2068,日東精,5957,東P,,750,+3,+0.40%,43,11.9倍,0.73倍,3.20%
20260915,2069,西部技研,6223,東S,,"1,920",-7,-0.36%,43,9.64倍,1.13倍,3.65%
20260915,2070,地銀業界改革,395A,東Ｅ,,"1,080.0",-25.0,-2.26%,43,ー倍,ー倍,ー%
20260915,2071,ＣＴＳ,4345,東P,,844,+3,+0.36%,43,12.7倍,2.10倍,3.55%
20260915,2072,日精化,4362,東P,,"2,645",+8,+0.30%,43,11.0倍,1.13倍,3.93%
20260915,2073,ＳＳＳＫＨＤ,4838,東S,,719,+3,+0.42%,43,9.56倍,1.33倍,4.17%
20260915,2074,理想科学,6413,東P,,"1,050",+8,+0.77%,43,15.9倍,0.97倍,4.76%
20260915,2075,ザイン,6769,東S,,"1,113",+19,+1.74%,43,110倍,1.36倍,1.35%
20260915,2076,鳥取銀,8383,東S,,"1,951",-10,-0.51%,43,11.4倍,0.35倍,2.56%
20260915,2077,日神ＧＨＤ,8881,東P,,655,0,0.00%,43,8.74倍,0.44倍,5.65%
20260915,2078,トマト銀,8542,東S,,"1,907",-27,-1.40%,42,12.0倍,0.46倍,2.62%
20260915,2079,Ｍ米債長ヘ有,183A,東Ｅ,,421.1,ー,ー%,42,ー倍,ー倍,ー%
20260915,2080,Ｔ＆Ｓ・Ｇ,4055,東G,,"1,605",-30,-1.83%,42,22.3倍,2.96倍,0.69%
20260915,2081,ホッカンＨＤ,5902,東P,,"2,742",+38,+1.41%,42,9.65倍,0.55倍,3.65%
20260915,2082,藤井産業,9906,東S,,"4,155",-90,-2.12%,42,9.25倍,0.85倍,3.85%
20260915,2083,アオイ電子,6832,東S,,"2,335",-68,-2.83%,42,118倍,0.62倍,2.31%
20260915,2084,宝＆ＣＯ,7921,東P,,"4,135",+10,+0.24%,42,15.3倍,1.65倍,4.35%
20260915,2085,ロボホーム,1435,東S,,175,+2,+1.16%,42,7.77倍,1.40倍,1.14%
20260915,2086,松井建,1810,東S,,"1,443",-9,-0.62%,42,10.3倍,0.71倍,4.85%
20260915,2087,若築建,1888,東P,,"3,655",+40,+1.11%,42,10.6倍,0.88倍,3.97%
20260915,2088,モロゾフ,2217,東P,,"1,484",+1,+0.07%,42,103倍,1.49倍,0.67%
20260915,2089,ヨータイ,5357,東P,,"1,734",+10,+0.58%,41,12.3倍,0.92倍,5.19%
20260915,2090,ＣＫサンエツ,5757,東P,,"4,895",+145,+3.05%,41,6.22倍,0.72倍,2.04%
20260915,2091,ＧＸロボ日株,2638,東Ｅ,,"2,551",-9,-0.35%,41,ー倍,ー倍,ー%
20260915,2092,ヌーラボ,5033,東G,,"1,169",-4,-0.34%,41,15.4倍,3.63倍,ー%
20260915,2093,ジェイテック,2479,東S,,267,-1,-0.37%,41,11.9倍,1.54倍,ー%
20260915,2094,ＳＰＫ,7466,東P,,"1,428",+16,+1.13%,41,10.6倍,0.98倍,2.87%
20260915,2095,愛時計,7723,東P,,"2,864",+2,+0.07%,41,12.3倍,0.86倍,4.19%
20260915,2096,マツオカ,3611,東S,,"2,377",-24,-1.00%,40,7.34倍,0.62倍,4.84%
20260915,2097,セラク,6199,東S,,"1,454",+23,+1.61%,40,10.1倍,1.92倍,1.20%
20260915,2098,ＧＸ純金Ｈ,424A,東Ｅ,,328.0,-1.7,-0.52%,40,ー倍,ー倍,ー%
20260915,2099,キャンドゥ,2698,東S,,"3,300",+40,+1.23%,40,117倍,4.90倍,0.52%
20260915,2100,Ｗディッシュ,2901,東S,,143,-6,-4.03%,40,13.6倍,0.69倍,2.80%
20260915,2101,トーカイ,9729,東P,,"2,552",-20,-0.78%,40,12.9倍,0.93倍,3.13%
20260915,2102,ＮＳＷ,9739,東P,,"2,666",+6,+0.23%,40,10.6倍,1.07倍,4.69%
20260915,2103,森六,4249,東P,,"2,797",+26,+0.94%,40,7.44倍,0.57倍,4.47%
20260915,2104,宮入バ,6495,東S,,109,-1,-0.91%,40,65.7倍,1.32倍,1.83%
20260915,2105,メディシノバ,4875,東S,,305,+14,+4.81%,39,ー倍,ー倍,ー%
20260915,2106,三協立山,5932,東P,,653,0,0.00%,39,20.5倍,0.23倍,3.83%
20260915,2107,中発条,5992,東S,,"3,695",+20,+0.54%,39,38.8倍,1.08倍,2.44%
20260915,2108,レントラクス,6045,東G,,"2,110",+15,+0.72%,39,18.3倍,2.55倍,1.18%
20260915,2109,エラン,6099,東P,,720,+4,+0.56%,39,13.6倍,2.84倍,2.22%
20260915,2110,アイドマＨＤ,7373,東G,,920,-2,-0.22%,39,11.1倍,1.71倍,3.26%
20260915,2111,空港施設,8864,東S,,954,+3,+0.32%,39,13.9倍,0.77倍,4.40%
20260915,2112,オーハシテク,7628,東P,,"1,148",+6,+0.53%,39,14.0倍,0.72倍,3.92%
20260915,2113,ビープラッツ,4381,東G,,235,-8,-3.29%,39,18.7倍,-2.0倍,ー%
20260915,2114,アクリート,4395,東G,,582,+4,+0.69%,39,10.4倍,1.25倍,1.72%
20260915,2115,ヨシムラＨＤ,2884,東P,,617,-4,-0.64%,39,10.5倍,1.13倍,ー%
20260915,2116,ｉＦ高リート,210A,東Ｅ,,"1,545",-8,-0.52%,39,ー倍,ー倍,ー%
20260915,2117,中央倉,9319,東P,,"1,810",+23,+1.29%,39,15.3倍,0.64倍,2.32%
20260915,2118,スバル,9632,東S,,"3,520",-15,-0.42%,38,14.6倍,1.19倍,2.27%
20260915,2119,極東貿易,8093,東P,,"1,773",+3,+0.17%,38,8.56倍,0.64倍,4.17%
20260915,2120,日コン,5269,東P,,363,+2,+0.55%,38,7.58倍,0.44倍,2.75%
20260915,2121,ヤマックス,5285,東S,,"1,349",+11,+0.82%,38,7.83倍,1.36倍,4.45%
20260915,2122,日精線,5659,東P,,"1,356",+2,+0.15%,38,14.9倍,0.98倍,3.39%
20260915,2123,モビルス,4370,東G,,404,-18,-4.27%,38,ー倍,1.79倍,ー%
20260915,2124,日東富士,2003,東S,,"1,900",+19,+1.01%,38,21.0倍,1.40倍,3.68%
20260915,2125,ＡＮＡＰＨＤ,3189,東S,,110,+5,+4.76%,38,ー倍,0.67倍,ー%
20260915,2126,ＭＸダウへ有,2242,東Ｅ,,672.3,-3.9,-0.58%,38,ー倍,ー倍,ー%
20260915,2127,ＧＭＯテック,415A,東G,,"5,580",+230,+4.30%,38,19.9倍,2.29倍,4.96%
20260915,2128,群栄化,4229,東P,,"4,110",+5,+0.12%,38,16.1倍,0.48倍,2.92%
20260915,2129,Ｔ＆Ｇニーズ,4331,東P,,751,+7,+0.94%,38,13.7倍,0.61倍,5.33%
20260915,2130,カルナバイオ,4572,東G,,432,+3,+0.70%,38,ー倍,-22倍,ー%
20260915,2131,アルメディオ,7859,東S,,290,+9,+3.20%,38,ー倍,0.74倍,ー%
20260915,2132,北の達人,2930,東P,,132,0,0.00%,38,25.1倍,2.39倍,2.65%
20260915,2133,ペッパー,3053,東S,,202,+1,+0.50%,38,77.7倍,3.56倍,ー%
20260915,2134,日本アクア,1429,東P,,790,-4,-0.50%,37,12.9倍,2.25倍,4.43%
20260915,2135,野村医薬品,1621,東Ｅ,,"30,070",+325,+1.09%,37,ー倍,ー倍,ー%
20260915,2136,富士ＰＳ,1848,東S,,801,+39,+5.12%,37,14.0倍,1.07倍,3.12%
20260915,2137,スペース,9622,東P,,"1,415",+5,+0.35%,37,10.5倍,0.98倍,5.09%
20260915,2138,いであ,9768,東S,,"3,755",+5,+0.13%,37,11.2倍,0.85倍,3.14%
20260915,2139,ミロク情報,9928,東P,,"2,034",+23,+1.14%,37,12.7倍,1.88倍,3.20%
20260915,2140,ＧＸＣカバコ,576A,東Ｅ,,848,+2,+0.24%,37,ー倍,ー倍,ー%
20260915,2141,ＱＢＮＨＤ,6571,東P,,"1,276",+6,+0.47%,37,18.2倍,1.12倍,3.13%
20260915,2142,リバーエレク,6666,東S,,797,+7,+0.89%,37,"3,321倍",1.43倍,1.25%
20260915,2143,大井電気,6822,東S,,"4,920",-160,-3.15%,37,2.26倍,0.65倍,1.63%
20260915,2144,ソーダニッカ,8158,東P,,"1,314",+12,+0.92%,37,12.2倍,0.82倍,3.35%
20260915,2145,フォーバル,8275,東S,,"1,008",-6,-0.59%,37,12.0倍,1.43倍,3.17%
20260915,2146,ＯＡＴアグリ,4979,東S,,"2,882",+16,+0.56%,37,12.1倍,1.37倍,2.08%
20260915,2147,オンザページ,9160,東S,,337,+6,+1.81%,37,7.85倍,0.93倍,ー%
20260915,2148,Ｓｃｈｏｏ,264A,東G,,338,-9,-2.59%,37,18.6倍,2.33倍,ー%
20260915,2149,ユニシアＨＤ,3547,東S,,"1,895",-7,-0.37%,37,41.1倍,2.79倍,ー%
20260915,2150,Ｎｏ．１,3562,東S,,"1,588",+8,+0.51%,37,10.6倍,2.57倍,4.97%
20260915,2151,小松マテーレ,3580,東P,,760,+8,+1.06%,37,14.2倍,0.71倍,3.55%
20260915,2152,ニチバン,4218,東P,,"1,934",+16,+0.83%,37,17.0倍,0.89倍,2.07%
20260915,2153,ぴあ,4337,東P,,"2,606",-11,-0.42%,37,26.7倍,3.71倍,1.15%
20260915,2154,ＮＡＮＯＨＤ,4571,東G,,98,-3,-2.97%,37,ー倍,2.66倍,ー%
20260915,2155,ハリマ化成Ｇ,4410,東P,,"1,073",+7,+0.66%,36,9.84倍,0.62倍,3.91%
20260915,2156,窪田製薬ＨＤ,4596,東G,,67,+1,+1.52%,36,ー倍,6.78倍,ー%
20260915,2157,ＴＤＣソフト,4687,東P,,"1,057",+7,+0.67%,36,12.6倍,2.18倍,3.22%
20260915,2158,ＩＤＨＤ,4709,東P,,"1,077",+4,+0.37%,36,12.2倍,2.45倍,4.64%
20260915,2159,大庄,9979,東S,,"1,047",-1,-0.10%,36,23.9倍,1.89倍,1.34%
20260915,2160,柿安本店,2294,東P,,"2,485",+10,+0.40%,36,29.8倍,1.62倍,3.42%
20260915,2161,海帆,3133,東G,,60,0,0.00%,36,ー倍,6.08倍,ー%
20260915,2162,ウェルネオＳ,2117,東P,,"2,820",-12,-0.42%,36,14.2倍,1.19倍,4.22%
20260915,2163,トヨクモ,4058,東G,,"2,365",-24,-1.00%,36,18.3倍,5.78倍,1.14%
20260915,2164,ＧＸゲー日株,2640,東Ｅ,,"4,284",-36,-0.83%,36,ー倍,ー倍,ー%
20260915,2165,ＦＰパートナ,7388,東P,,"2,314",-9,-0.39%,36,33.0倍,4.83倍,4.06%
20260915,2166,スタートＬ,477A,東G,,880,+15,+1.73%,36,11.7倍,1.88倍,ー%
20260915,2167,ダイドー,3205,東S,,734,+2,+0.27%,36,25.8倍,2.28倍,6.81%
20260915,2168,三ッ星,5820,東S,,848,+7,+0.83%,36,12.3倍,0.47倍,2.00%
20260915,2169,中村超硬,6166,東G,,658,+13,+2.02%,36,ー倍,7.88倍,ー%
20260915,2170,ＰＲＩＳＭバ,206A,東G,,161,-5,-3.01%,36,ー倍,3.18倍,ー%
20260915,2171,ナレルＧ,9163,東G,,"2,391",+23,+0.97%,35,10.0倍,1.40倍,4.81%
20260915,2172,ユーソナー,431A,東G,,"2,722",-36,-1.31%,35,21.3倍,4.51倍,ー%
20260915,2173,ｉＳ米債カバ,453A,東Ｅ,,723.2,-0.3,-0.04%,35,ー倍,ー倍,ー%
20260915,2174,コリー,4175,東G,,"2,989",+101,+3.50%,35,ー倍,3.55倍,ー%
20260915,2175,歌舞伎,9661,東S,,"4,185",-10,-0.24%,35,214倍,4.57倍,0.12%
20260915,2176,ＳＭＤトピク,2557,東Ｅ,,"4,075",-30,-0.73%,35,ー倍,ー倍,ー%
20260915,2177,さいか屋,8254,東S,,294,-1,-0.34%,35,15.6倍,1.34倍,1.70%
20260915,2178,オカアイヨン,6294,東P,,"1,951",-14,-0.71%,35,9.25倍,0.88倍,3.90%
20260915,2179,ＳＭＫ,6798,東P,,"3,245",+20,+0.62%,35,25.7倍,0.66倍,3.08%
20260915,2180,チノー,6850,東P,,"1,718",-3,-0.17%,35,13.1倍,1.22倍,3.49%
20260915,2181,菊水ＨＤ,6912,東S,,"2,517",+48,+1.94%,35,11.6倍,1.33倍,2.34%
20260915,2182,ルネサンス,2378,東P,,"1,058",+11,+1.05%,35,41.7倍,2.61倍,1.23%
20260915,2183,河合楽,7952,東P,,"3,255",+10,+0.31%,35,17.5倍,0.61倍,2.92%
20260915,2184,ＡＭＩ,3773,東G,,"1,069",-3,-0.28%,35,14.3倍,1.24倍,2.06%
20260915,2185,ＹＵＳＨＩＮ,6482,東S,,697,+1,+0.14%,34,24.3倍,0.65倍,ー%
20260915,2186,グリッド,5582,東G,,"2,072",+3,+0.14%,34,24.9倍,2.32倍,ー%
20260915,2187,ラボロＡＩ,5586,東G,,922,-16,-1.71%,34,54.9倍,5.38倍,ー%
20260915,2188,野村米半導,346A,東Ｅ,,"4,644",-48,-1.02%,34,ー倍,ー倍,ー%
20260915,2189,ＣＬＨＤ,4286,東S,,"1,298",+35,+2.77%,34,12.7倍,1.70倍,2.39%
20260915,2190,エクスＭ,4394,東G,,679,+2,+0.30%,34,30.9倍,2.46倍,1.84%
20260915,2191,日理化,4406,東S,,233,-2,-0.85%,34,10.9倍,0.42倍,1.93%
20260915,2192,ＮＣＤ,4783,東S,,"2,641",+29,+1.11%,34,11.6倍,2.65倍,4.54%
20260915,2193,ファースト住,8917,東S,,"1,073",+12,+1.13%,34,9.95倍,0.36倍,4.01%
20260915,2194,ｉＳ最小分散,1477,東Ｅ,,"3,344",-13,-0.39%,34,ー倍,ー倍,ー%
20260915,2195,タナベＣＧ,9644,東P,,751,-5,-0.66%,34,20.8倍,2.36倍,3.86%
20260915,2196,市光工,7244,東P,,556,+2,+0.36%,34,10.7倍,0.65倍,3.24%
20260915,2197,ＭＯＲＥＳＣ,5018,東S,,"2,374",+60,+2.59%,34,14.1倍,0.90倍,2.32%
20260915,2198,アドベンチャ,6030,東G,,"1,830",+50,+2.81%,34,11.9倍,1.45倍,ー%
20260915,2199,野村高配ＣＦ,518A,東Ｅ,,"2,100",-6,-0.28%,34,ー倍,ー倍,ー%
20260915,2200,フツパー,478A,東G,,781,+14,+1.83%,34,22.9倍,3.77倍,ー%
20260915,2201,スタ・アリス,2305,東S,,"1,870",+10,+0.54%,34,25.4倍,1.08倍,2.67%
20260915,2202,キューブシス,2335,東P,,"1,096",-2,-0.18%,34,11.1倍,1.49倍,4.20%
20260915,2203,まんだらけ,2652,東S,,438,0,0.00%,34,10.1倍,1.09倍,0.23%
20260915,2204,ワッツ,2735,東S,,715,-10,-1.38%,34,9.49倍,0.70倍,3.22%
20260915,2205,ケンコーマヨ,2915,東P,,"2,098",+22,+1.06%,34,10.7倍,0.73倍,3.34%
20260915,2206,ハイパー,3054,東S,,355,+4,+1.14%,33,14.3倍,1.08倍,1.97%
20260915,2207,ＴＰＸベア,1569,東Ｅ,,745.8,+3.5,+0.47%,33,ー倍,ー倍,ー%
20260915,2208,コンヴァノ,6574,東G,,114,0,0.00%,33,9.77倍,4.68倍,0.88%
20260915,2209,アイホン,6718,東P,,"2,832",+7,+0.25%,33,14.5倍,0.66倍,4.59%
20260915,2210,ＴＷＯＳＴ,7352,東G,,319,-3,-0.93%,33,21.5倍,3.81倍,0.31%
20260915,2211,ウネリー,5034,東G,,"2,283",-20,-0.87%,33,20.8倍,3.36倍,ー%
20260915,2212,ノムラシス,3940,東S,,133,0,0.00%,33,16.4倍,1.72倍,2.67%
20260915,2213,エリアリンク,8914,東S,,880,+3,+0.34%,33,11.7倍,1.45倍,3.13%
20260915,2214,リアルゲイト,5532,東G,,"3,475",+10,+0.29%,33,31.1倍,3.53倍,ー%
20260915,2215,ＲＩＺＡＰ,2928,札Ａ,,169,-1,-0.59%,33,20.1倍,2.01倍,0.79%
20260915,2216,ミヨシ,4404,東S,,"2,219",+15,+0.68%,33,15.1倍,0.52倍,3.15%
20260915,2217,パラカ,4809,東P,,"2,035",+24,+1.19%,33,9.02倍,0.96倍,3.54%
20260915,2218,エコス,7520,東P,,"2,598",+1,+0.04%,33,8.17倍,0.97倍,2.69%
20260915,2219,プロネクサス,7893,東P,,"1,095",0,0.00%,33,13.5倍,1.07倍,4.02%
20260915,2220,エステー,4951,東P,,"1,531",+10,+0.66%,33,16.4倍,0.88倍,3.00%
20260915,2221,メタルアート,5644,東S,,"7,230",+10,+0.14%,33,12.9倍,0.79倍,2.21%
20260915,2222,日東工器,6151,東P,,"1,708",0,0.00%,33,21.8倍,0.52倍,1.87%
20260915,2223,日進工具,6157,東S,,819,+7,+0.86%,33,24.7倍,1.08倍,3.66%
20260915,2224,新東,5380,東S,,"1,346",-264,-16.40%,32,31.4倍,0.30倍,2.79%
20260915,2225,ミガロＨＤ,5535,東P,,286,+3,+1.06%,32,12.3倍,1.20倍,3.15%
20260915,2226,売れるＧ,9235,東G,,411,+2,+0.49%,32,30.4倍,-32倍,ー%
20260915,2227,ウルフハンド,194A,東G,,"1,729",-29,-1.65%,32,13.0倍,3.53倍,1.50%
20260915,2228,シマダヤ,250A,東S,,"1,586",-1,-0.06%,32,8.73倍,1.22倍,3.40%
20260915,2229,カネコ種,1376,東S,,"1,585",+22,+1.41%,32,10.5倍,0.65倍,3.03%
20260915,2230,ＭＸ高利Ｊリ,1660,東Ｅ,,"10,340",-10,-0.10%,32,ー倍,ー倍,ー%
20260915,2231,ヤマウラ,1780,東P,,"1,486",-1,-0.07%,32,9.97倍,1.05倍,2.42%
20260915,2232,名工建,1869,名M,,"1,837",-11,-0.60%,32,8.43倍,0.54倍,3.59%
20260915,2233,アミタＨＤ,2195,東G,,365,+5,+1.39%,32,19.6倍,2.36倍,1.37%
20260915,2234,ＢＴＣＪＰＮ,8105,東S,,74,-2,-2.63%,32,ー倍,1.00倍,ー%
20260915,2235,ｍｏｎｏＡＩ,5240,東G,,181,-4,-2.16%,32,ー倍,2.29倍,ー%
20260915,2236,綿半ＨＤ,3199,東P,,"1,315",0,0.00%,32,10.7倍,1.01倍,2.36%
20260915,2237,カナミックＮ,3939,東P,,490,-3,-0.61%,32,17.0倍,4.33倍,1.84%
20260915,2238,ヨロズ,7294,東P,,890,+1,+0.11%,32,16.8倍,0.34倍,3.71%
20260915,2239,アイエスビー,9702,東P,,"2,445",+23,+0.95%,32,15.2倍,1.88倍,2.86%
20260915,2240,ケーユーＨＤ,9856,東S,,"1,226",+6,+0.49%,32,6.93倍,0.56倍,4.73%
20260915,2241,シンバイオ,4582,東G,,56,0,0.00%,32,ー倍,-5.3倍,ー%
20260915,2242,ユキグニ,1375,東P,,"1,172",0,0.00%,31,18.4倍,3.41倍,1.71%
20260915,2243,ｊｉｇ．ｊｐ,5244,東G,,177,+1,+0.57%,31,6.30倍,1.41倍,1.66%
20260915,2244,日精蝋,5010,東S,,292,-5,-1.68%,31,2.88倍,0.76倍,ー%
20260915,2245,ＴＹＫ,5363,東S,,680,+3,+0.44%,31,6.67倍,0.60倍,4.50%
20260915,2246,バリューＨＲ,6078,東P,,"1,557",+17,+1.10%,31,39.7倍,6.16倍,1.80%
20260915,2247,三相電機,6518,東S,,"1,635",+5,+0.31%,31,8.82倍,0.58倍,1.53%
20260915,2248,ジーニー,6562,東G,,"1,006",+21,+2.13%,31,9.56倍,ー倍,ー%
20260915,2249,キングジム,7962,東P,,793,0,0.00%,31,21.2倍,0.85倍,1.89%
20260915,2250,プリモＧＨＤ,367A,東S,,"2,793",-12,-0.43%,31,11.4倍,1.21倍,4.30%
20260915,2251,コスピベア,2034,東EN,,"1,968",+28,+1.44%,31,ー倍,ー倍,ー%
20260915,2252,ファイバーＧ,9450,東S,,779,+17,+2.23%,31,13.8倍,2.24倍,3.47%
20260915,2253,東証リート,2555,東Ｅ,,"1,818.0",-2.0,-0.11%,31,ー倍,ー倍,ー%
20260915,2254,ＢＢタワー,3776,東S,,248,+7,+2.90%,31,31.8倍,1.67倍,0.81%
20260915,2255,ヒロセ通商,7185,東S,,"3,905",-30,-0.76%,31,ー倍,1.09倍,ー%
20260915,2256,ツツミ,7937,東S,,"2,532",-17,-0.67%,31,14.1倍,0.57倍,4.54%
20260915,2257,ＭＩＣ,300A,東S,,"3,145",+40,+1.29%,30,16.6倍,2.46倍,2.45%
20260915,2258,スマイルＨＤ,7084,東G,,"2,775",-79,-2.77%,30,40.2倍,1.46倍,3.78%
20260915,2259,ヤプリ,4168,東G,,790,+14,+1.80%,30,10.9倍,2.94倍,1.90%
20260915,2260,アクシージア,4936,東S,,309,-4,-1.28%,30,ー倍,0.99倍,3.24%
20260915,2261,フルハシＥ,9221,東S,,"1,191",+2,+0.17%,30,15.5倍,2.23倍,2.69%
20260915,2262,焼肉坂井ＨＤ,2694,東S,,72,0,0.00%,30,160倍,2.76倍,ー%
20260915,2263,アプライド,3020,東S,,"4,835",+50,+1.04%,30,6.08倍,0.93倍,2.07%
20260915,2264,マーケットＥ,3135,東S,,"1,177",+28,+2.44%,30,36.2倍,4.85倍,ー%
20260915,2265,インテージＨ,4326,東P,,"1,971",+7,+0.36%,30,18.8倍,2.21倍,2.54%
20260915,2266,東リ,7971,東S,,697,-3,-0.43%,30,11.6倍,0.76倍,4.88%
20260915,2267,サイバーリン,3683,東S,,"1,080",-13,-1.19%,30,9.28倍,1.25倍,3.24%
20260915,2268,野村金融,1632,東Ｅ,,"43,610",-570,-1.29%,30,ー倍,ー倍,ー%
20260915,2269,コーア商ＨＤ,9273,東P,,754,+4,+0.53%,30,8.85倍,1.02倍,2.52%
20260915,2270,Ｄｅｎｋｅｉ,9908,東S,,"2,874",+52,+1.84%,30,9.32倍,0.98倍,3.79%
20260915,2271,ジェコス,9991,東P,,"1,781",-11,-0.61%,30,10.5倍,0.85倍,3.87%
20260915,2272,ＰＣＡ,9629,東P,,"1,594",+16,+1.01%,29,40.1倍,1.87倍,2.51%
20260915,2273,ビーマップ,4316,東G,,88,-10,-10.20%,29,ー倍,1.11倍,ー%
20260915,2274,扶桑薬,4538,東P,,"2,231",+36,+1.64%,29,14.7倍,0.53倍,4.03%
20260915,2275,ＥＭシステム,4820,東P,,585,-4,-0.68%,29,18.5倍,2.04倍,3.93%
20260915,2276,ＣＣＴ,4371,東G,,"1,454",-15,-1.02%,29,17.8倍,4.53倍,1.44%
20260915,2277,三和油化工業,4125,東S,,"3,535",+80,+2.32%,29,13.9倍,1.10倍,1.41%
20260915,2278,ジーイエット,7603,東S,,34,0,0.00%,29,ー倍,0.90倍,ー%
20260915,2279,農中ＳＰ５Ｈ,2086,東Ｅ,,"3,027",-8,-0.26%,29,ー倍,ー倍,ー%
20260915,2280,ロゴスＨＤ,205A,東G,,"1,658",+6,+0.36%,29,5.61倍,1.61倍,5.35%
20260915,2281,ヒット,378A,東G,,902,-13,-1.42%,29,12.9倍,2.23倍,2.33%
20260915,2282,クラシコ,442A,東G,,856,-120,-12.30%,29,ー倍,2.37倍,ー%
20260915,2283,手間いらず,2477,東S,,"3,225",-40,-1.23%,29,14.1倍,2.83倍,1.64%
20260915,2284,フルッタ,2586,東G,,69,0,0.00%,29,80.2倍,1.09倍,ー%
20260915,2285,ジェリビンズ,3070,東G,,52,-2,-3.70%,29,26.4倍,0.97倍,ー%
20260915,2286,丸善ＣＨＩ,3159,東S,,382,+1,+0.26%,29,14.3倍,0.62倍,1.57%
20260915,2287,ペガサス,6262,東S,,530,+3,+0.57%,29,50.9倍,0.39倍,ー%
20260915,2288,三社電機,6882,東S,,"1,136",+26,+2.34%,29,16.6倍,0.61倍,3.52%
20260915,2289,野村ＪＰＸ,1591,東Ｅ,,"36,430",-200,-0.55%,29,ー倍,ー倍,ー%
20260915,2290,野村小売,1630,東Ｅ,,"36,450",-170,-0.46%,29,ー倍,ー倍,ー%
20260915,2291,ＧＸ超短円債,502A,東Ｅ,,901.6,+0.1,+0.01%,29,ー倍,ー倍,ー%
20260915,2292,ＧＬ・再エネ,509A,東IF,,"71,000","-1,100",-1.53%,29,12.1倍,0.89倍,8.30%
20260915,2293,山王,3441,東S,Ｓ,"2,195",-500,-18.55%,29,13.8倍,1.16倍,2.05%
20260915,2294,ビーロット,3452,東S,,"1,430",+1,+0.07%,29,5.39倍,1.21倍,5.59%
20260915,2295,ソフトウェア,3733,東S,,"12,080",+170,+1.43%,29,9.17倍,1.48倍,1.41%
20260915,2296,ｅＢＡＳＥ,3835,東P,,434,+2,+0.46%,28,17.8倍,2.81倍,3.50%
20260915,2297,ダブスタ,3925,東P,,"1,311",+14,+1.08%,28,14.8倍,2.98倍,5.34%
20260915,2298,Ｆ－ブレイン,3927,東S,,914,+29,+3.28%,28,14.9倍,2.31倍,1.75%
20260915,2299,新田ゼラチン,4977,東S,,"1,185",+4,+0.34%,28,9.00倍,0.86倍,3.38%
20260915,2300,イトヨーギョ,5287,東S,,907,+6,+0.67%,28,13.4倍,0.68倍,2.21%
20260915,2301,共和工業,5971,東S,,"8,660",-40,-0.46%,28,18.4倍,0.64倍,0.92%
20260915,2302,Ｇｕｎｏｓｙ,6047,東S,,391,+4,+1.03%,28,ー倍,0.75倍,3.32%
20260915,2303,ポピンズ,7358,東S,,"1,809",+14,+0.78%,28,11.4倍,1.79倍,2.99%
20260915,2304,オプティマス,9268,東S,,400,+2,+0.50%,28,8.56倍,0.64倍,4.50%
20260915,2305,広ガス,9535,東P,,443,-6,-1.34%,28,13.9倍,0.43倍,2.71%
20260915,2306,シンクロ,3963,東P,,327,-3,-0.91%,28,65.0倍,2.11倍,4.59%
20260915,2307,リボミック,4591,東G,,79,-2,-2.47%,28,ー倍,1.63倍,ー%
20260915,2308,Ｃ＆Ｒ,4763,東P,,"1,489",+5,+0.34%,28,9.14倍,1.62倍,3.43%
20260915,2309,イートアンド,2882,東P,,"2,007",-7,-0.35%,28,50.2倍,2.00倍,0.75%
20260915,2310,村上開明,7292,東S,,"6,680",+10,+0.15%,28,13.1倍,0.81倍,3.59%
20260915,2311,リックス,7525,東P,,"3,570",+25,+0.71%,28,9.65倍,1.00倍,4.54%
20260915,2312,ＯｎｅＪ２０,496A,東Ｅ,,927.0,-5.1,-0.55%,28,ー倍,ー倍,ー%
20260915,2313,船場,6540,東S,,"1,493",-13,-0.86%,28,9.98倍,1.13倍,5.22%
20260915,2314,明和地所,8869,東S,,813,+7,+0.87%,28,6.57倍,0.51倍,4.92%
20260915,2315,中外鉱,1491,東S,,737,+38,+5.44%,28,10.6倍,1.27倍,ー%
20260915,2316,野村機械,1624,東Ｅ,,"80,350",+10,+0.01%,28,ー倍,ー倍,ー%
20260915,2317,あみやき,2753,東P,,"1,396",-5,-0.36%,27,19.8倍,1.28倍,2.44%
20260915,2318,ダイニック,3551,東S,,"1,590",+2,+0.13%,27,6.49倍,0.41倍,2.89%
20260915,2319,エディア,3935,東S,,729,+4,+0.55%,27,8.26倍,2.56倍,2.33%
20260915,2320,ニチリン,5184,東S,,"4,130",+5,+0.12%,27,9.63倍,0.86倍,4.60%
20260915,2321,リソル,5261,東P,,"7,590",-70,-0.91%,27,21.6倍,2.30倍,1.58%
20260915,2322,シンメンテ,6086,東G,,"1,010",+2,+0.20%,27,14.4倍,4.21倍,2.18%
20260915,2323,ウィルＧ,6089,東P,,"1,152",+5,+0.44%,27,12.0倍,1.32倍,3.82%
20260915,2324,Ｔワークス,3997,東S,,407,+4,+0.99%,27,55.0倍,6.55倍,0.49%
20260915,2325,トビラシステ,4441,東S,,"1,514",-43,-2.76%,27,29.4倍,5.08倍,2.64%
20260915,2326,エーアイテイ,9381,東P,,"2,343",+14,+0.60%,27,16.2倍,2.73倍,4.69%
20260915,2327,ＫＮＴＣＴ,9726,東S,,"1,930",+12,+0.63%,27,9.21倍,2.74倍,0.52%
20260915,2328,学究社,9769,東P,,"2,590",+26,+1.01%,27,12.9倍,3.71倍,4.90%
20260915,2329,ｉＦＳＰＷブ,2237,東Ｅ,,"2,389",-11,-0.46%,27,ー倍,ー倍,ー%
20260915,2330,野村Ａ高配,2084,東Ｅ,,"3,830",-31,-0.80%,27,ー倍,ー倍,ー%
20260915,2331,ライズＣＧ,9168,東G,,427,+6,+1.43%,27,15.6倍,1.52倍,4.92%
20260915,2332,ｉＳ米高配当,2013,東Ｅ,,304.3,+0.7,+0.23%,27,ー倍,ー倍,ー%
20260915,2333,日産東ＨＤ,8291,東S,,549,0,0.00%,27,9.33倍,0.56倍,4.92%
20260915,2334,東北銀,8349,東S,,"1,698",-11,-0.64%,27,10.2倍,0.68倍,2.94%
20260915,2335,アドバンＲＭ,8769,東S,,520,+16,+3.17%,27,9.68倍,1.94倍,3.65%
20260915,2336,イノバセル,504A,東G,,557,-22,-3.80%,27,ー倍,2.64倍,ー%
20260915,2337,安永,7271,東S,,807,+1,+0.12%,27,6.40倍,0.57倍,4.71%
20260915,2338,インスペック,6656,東S,,746,-12,-1.58%,27,37.4倍,3.63倍,ー%
20260915,2339,丸山製,6316,東S,,"3,005",0,0.00%,26,3.04倍,0.51倍,2.66%
20260915,2340,大豊工業,6470,東S,,"1,070",+6,+0.56%,26,8.45倍,0.47倍,2.80%
20260915,2341,前沢給装,6485,東S,,"1,625",+3,+0.18%,26,16.3倍,0.81倍,3.69%
20260915,2342,小野測器,6858,東S,,825,-11,-1.32%,26,10.7倍,0.51倍,3.64%
20260915,2343,日石輸,9074,東S,,"4,900",-85,-1.71%,26,ー倍,0.56倍,2.45%
20260915,2344,エフオン,9514,東S,,337,+6,+1.81%,26,5.48倍,0.36倍,2.37%
20260915,2345,Ｖコマース,2491,東P,,479,+1,+0.21%,26,ー倍,0.92倍,3.34%
20260915,2346,シキボウ,3109,東P,,"1,049",+3,+0.29%,26,22.2倍,0.37倍,4.77%
20260915,2347,ココナラ,4176,東G,,277,0,0.00%,26,17.3倍,2.78倍,ー%
20260915,2348,ノバック,5079,東S,,"2,574",-29,-1.11%,26,17.2倍,0.72倍,4.66%
20260915,2349,ヒトコムＨＤ,4433,東P,,865,+8,+0.93%,26,102倍,0.91倍,4.34%
20260915,2350,アルファ,4719,東P,,"3,280",+10,+0.31%,26,12.6倍,1.02倍,4.27%
20260915,2351,メディアドゥ,3678,東P,,"1,257",+10,+0.80%,26,15.9倍,1.03倍,3.18%
20260915,2352,Ｕｂｉｃｏｍ,3937,東S,,"1,173",+3,+0.26%,26,13.5倍,2.44倍,ー%
20260915,2353,Ｓｏｌｖｖｙ,7320,東G,,"1,447",+16,+1.12%,26,9.08倍,2.91倍,2.07%
20260915,2354,シグマ光機,7713,東S,,"2,369",+53,+2.29%,26,17.2倍,0.90倍,2.11%
20260915,2355,平山,7781,東S,,878,-7,-0.79%,26,8.39倍,2.29倍,4.78%
20260915,2356,永大産業,7822,東S,,257,+5,+1.98%,26,5.68倍,0.27倍,3.89%
20260915,2357,新光商,8141,東P,,"1,565",-1,-0.06%,26,31.9倍,0.83倍,ー%
20260915,2358,信金中央,8421,東証,,"191,700",-200,-0.10%,26,ー倍,ー倍,3.39%
20260915,2359,ＴＭＮ,5258,東G,,436,+9,+2.11%,26,21.6倍,1.90倍,ー%
20260915,2360,日水コン,261A,東S,,"1,968",-4,-0.20%,26,14.1倍,1.53倍,3.76%
20260915,2361,ＮＩＳＳＯ,9332,東P,,671,-2,-0.30%,25,10.8倍,1.26倍,3.73%
20260915,2362,ｉＦ印Ｎ５０,233A,東Ｅ,,"1,753",-9,-0.51%,25,ー倍,ー倍,ー%
20260915,2363,田岡化,4113,東S,,788,-7,-0.88%,25,45.2倍,0.58倍,0.76%
20260915,2364,ステップ,9795,東P,,"2,301",0,0.00%,25,13.0倍,1.30倍,3.82%
20260915,2365,ＭＳジャパン,6539,東P,,"1,000",+4,+0.40%,25,23.0倍,2.91倍,5.60%
20260915,2366,オープンＧ,6572,東P,,267,+3,+1.14%,25,23.0倍,1.41倍,2.43%
20260915,2367,日本トリム,6788,東P,,"5,020",0,0.00%,25,17.0倍,1.61倍,2.59%
20260915,2368,クックパッド,2193,東S,,130,+2,+1.56%,25,ー倍,0.70倍,ー%
20260915,2369,ニューラルＧ,4056,東G,,208,0,0.00%,25,ー倍,2.37倍,ー%
20260915,2370,ｉＳ米債１３,2620,東Ｅ,,357.3,+1.0,+0.28%,25,ー倍,ー倍,ー%
20260915,2371,リベルタ,4935,東S,,189,-3,-1.56%,25,50.8倍,4.31倍,1.06%
20260915,2372,オリコンＨＤ,2498,東S,,"3,155",+30,+0.96%,25,9.43倍,1.20倍,4.12%
20260915,2373,アルインコ,5933,東P,,"1,117",+11,+0.99%,25,10.1倍,0.65倍,4.03%
20260915,2374,イーガーディ,6050,東P,,"1,807",+23,+1.29%,25,20.3倍,1.71倍,2.10%
20260915,2375,小池工,6137,東S,,"1,511",+28,+1.89%,25,9.40倍,0.67倍,3.31%
20260915,2376,シナネンＨＤ,8132,東P,,"7,270",-150,-2.02%,25,15.1倍,1.32倍,1.65%
20260915,2377,東祥,8920,東S,,699,+4,+0.58%,25,7.58倍,0.65倍,1.43%
20260915,2378,朝日ネット,3834,東P,,606,-1,-0.16%,25,12.1倍,1.22倍,4.13%
20260915,2379,ＱＱＱ,587A,東Ｅ,,"109,700",+750,+0.69%,25,ー倍,ー倍,ー%
20260915,2380,野村女性活躍,2518,東Ｅ,,"2,410",-5,-0.21%,24,ー倍,ー倍,ー%
20260915,2381,上場ＳＰヘ有,2521,東Ｅ,,"2,145",-11,-0.51%,24,ー倍,ー倍,ー%
20260915,2382,ひらまつ,2764,東S,,171,0,0.00%,24,41.9倍,1.97倍,0.71%
20260915,2383,やまや,9994,東S,,"2,061",+21,+1.03%,24,10.7倍,0.60倍,3.49%
20260915,2384,ＧＥＮＯＶＡ,9341,東P,,615,+2,+0.33%,24,8.96倍,1.76倍,4.88%
20260915,2385,ＴＭＨ,280A,東G,,"1,111",+49,+4.61%,24,ー倍,2.96倍,ー%
20260915,2386,カラダノート,4014,東G,,472,+2,+0.43%,24,11.4倍,4.29倍,ー%
20260915,2387,上場豪債ヘ無,2844,東Ｅ,,"5,296",-25,-0.47%,24,ー倍,ー倍,ー%
20260915,2388,ジャノメ,6445,東P,,"1,349",+7,+0.52%,24,11.3倍,0.65倍,4.45%
20260915,2389,ＮＦＫＨＤ,6494,東S,,98,+1,+1.03%,24,45.6倍,0.82倍,ー%
20260915,2390,共和電,6853,東S,,768,+1,+0.13%,24,16.0倍,1.03倍,2.73%
20260915,2391,ヘリオスＴＨ,6927,東S,,974,+2,+0.21%,24,14.8倍,1.12倍,6.06%
20260915,2392,ＪＥＳＣＯ,1434,東S,,"1,594",+6,+0.38%,24,10.1倍,1.32倍,3.01%
20260915,2393,三晃金,1972,東S,,"1,309",-1,-0.08%,24,10.3倍,0.93倍,4.89%
20260915,2394,ＣＯＴＡ,4923,東P,,"1,235",+11,+0.90%,24,27.8倍,2.98倍,1.62%
20260915,2395,大成ラミック,4994,東S,,"2,776",+24,+0.87%,24,11.2倍,0.63倍,2.52%
20260915,2396,ダイジェト,6138,東S,,"1,965",+45,+2.34%,24,6.87倍,0.58倍,3.56%
20260915,2397,ＫＩＭＯＴＯ,7908,東S,,239,0,0.00%,24,13.1倍,0.54倍,2.93%
20260915,2398,ルックＨＤ,8029,東S,,"2,661",+15,+0.57%,24,12.5倍,0.48倍,3.76%
20260915,2399,ＳＥＭＴＥＣ,6626,東S,,"2,377",-19,-0.79%,23,11.1倍,0.92倍,2.36%
20260915,2400,大日光,6635,東S,,675,+6,+0.90%,23,6.30倍,0.59倍,2.37%
20260915,2401,テクノメデカ,6678,東S,,"2,057",+16,+0.78%,23,16.9倍,0.95倍,4.52%
20260915,2402,帝通工,6763,東P,,"2,768",+33,+1.21%,23,18.1倍,0.88倍,4.52%
20260915,2403,エヌエフＨＤ,6864,東S,,"1,568",+15,+0.97%,23,15.7倍,0.85倍,2.30%
20260915,2404,ケアサプライ,2393,東S,,"4,375",+45,+1.04%,23,29.6倍,3.78倍,1.69%
20260915,2405,ブルドック,2804,東P,,"1,862",+9,+0.49%,23,23.9倍,0.89倍,2.42%
20260915,2406,アミューズ,4301,東P,,"1,876",+20,+1.08%,23,24.3倍,0.85倍,3.41%
20260915,2407,山田コンサル,4792,東P,,"1,775",+4,+0.23%,23,11.8倍,1.73倍,4.34%
20260915,2408,ラストワンＭ,9252,東G,,"4,130",-20,-0.48%,23,9.91倍,2.09倍,0.73%
20260915,2409,のむら産業,7131,東S,,"3,765",-45,-1.18%,23,7.13倍,1.78倍,3.24%
20260915,2410,ＧＸ中小日株,2837,東Ｅ,,"4,813",-4,-0.08%,23,ー倍,ー倍,ー%
20260915,2411,スカイマーク,9204,東G,,429,+4,+0.94%,23,32.3倍,0.92倍,ー%
20260915,2412,シルバライフ,9262,東S,,674,0,0.00%,23,8.70倍,0.97倍,2.97%
20260915,2413,アスア,246A,東G,Ｓ,"1,077",+150,+16.18%,23,34.1倍,2.66倍,ー%
20260915,2414,富士ユナイト,416A,東S,,"1,347",+27,+2.05%,23,14.9倍,0.87倍,4.60%
20260915,2415,テノ．ＨＤ,7037,東S,,795,-3,-0.38%,23,12.5倍,1.90倍,1.26%
20260915,2416,新家工,7305,東S,,"2,756",-6,-0.22%,23,15.5倍,0.76倍,5.44%
20260915,2417,ＰＬＡＮＴ,7646,東S,,"1,941",-8,-0.41%,23,12.2倍,0.86倍,4.89%
20260915,2418,マツモト,7901,東S,,782,-48,-5.78%,23,18.4倍,0.97倍,ー%
20260915,2419,植木組,1867,東S,,"2,748",+29,+1.07%,23,8.42倍,0.57倍,4.00%
20260915,2420,ヤマト,1967,東S,,"2,114",+6,+0.28%,23,11.0倍,1.10倍,3.64%
20260915,2421,ファルコム,3723,東G,,"2,742",+35,+1.29%,23,18.0倍,2.47倍,0.36%
20260915,2422,ポエック,9264,東S,,"1,607",+9,+0.56%,22,10.5倍,1.66倍,4.67%
20260915,2423,マキヤ,9890,東S,,"1,455",-33,-2.22%,22,6.86倍,0.45倍,2.61%
20260915,2424,ハチバン,9950,東S,,"3,420",-10,-0.29%,22,108倍,2.59倍,0.58%
20260915,2425,ＬＴＳ,6560,東P,,"1,800",0,0.00%,22,7.46倍,1.57倍,2.22%
20260915,2426,戸上電,6643,東S,,"5,390",-80,-1.46%,22,8.77倍,1.02倍,2.60%
20260915,2427,大同信,6743,東S,,"1,040",+19,+1.86%,22,7.62倍,0.53倍,3.46%
20260915,2428,アイコム,6820,東P,,"3,615",+35,+0.98%,22,16.7倍,0.70倍,2.41%
20260915,2429,ＭｒＭａｘ,8203,東P,,753,+2,+0.27%,22,8.10倍,0.65倍,3.85%
20260915,2430,Ｚｅｎｋｅｎ,7371,東G,,810,+8,+1.00%,22,17.6倍,0.77倍,3.33%
20260915,2431,コンフインタ,7374,東G,,"1,515",0,0.00%,22,10.1倍,1.55倍,5.61%
20260915,2432,コア,2359,東P,,"2,096",-8,-0.38%,22,10.1倍,1.45倍,3.10%
20260915,2433,ＷＤＢ,2475,東P,,"1,752",+4,+0.23%,22,12.1倍,1.03倍,5.37%
20260915,2434,高千穂交易,2676,東P,,"2,077",+10,+0.48%,22,23.5倍,2.31倍,3.66%
20260915,2435,セキュアヴェ,3042,東S,,307,+7,+2.33%,22,24.7倍,1.97倍,0.98%
20260915,2436,上場ＭＳ世界,1554,東Ｅ,,"6,604",-7,-0.11%,22,ー倍,ー倍,ー%
20260915,2437,扶桑電通,7505,東S,,"2,106",+8,+0.38%,22,9.49倍,1.34倍,4.23%
20260915,2438,ヤマノＨＤ,7571,東S,,83,-2,-2.35%,22,22.6倍,2.15倍,1.81%
20260915,2439,ＮＥＷＡＲＴ,7638,東S,,"1,397",+13,+0.94%,22,9.59倍,2.19倍,5.73%
20260915,2440,セルシード,7776,東G,,226,+3,+1.35%,22,ー倍,5.06倍,ー%
20260915,2441,ｉＦＳＰ有,2248,東Ｅ,,"2,720",-5,-0.18%,22,ー倍,ー倍,ー%
20260915,2442,倉元,5216,東S,,143,-3,-2.05%,22,ー倍,8.01倍,ー%
20260915,2443,ミクロン,6159,東S,,"2,037",-259,-11.28%,22,20.5倍,0.65倍,0.59%
20260915,2444,Ｓクリプトエ,5721,東S,,53,0,0.00%,21,ー倍,2.09倍,ー%
20260915,2445,フイルコン,5942,東S,,638,0,0.00%,21,15.5倍,0.54倍,4.39%
20260915,2446,アサンテ,6073,東P,,"1,530",-11,-0.71%,21,427倍,1.59倍,4.05%
20260915,2447,サクシード,9256,東G,,"1,006",-3,-0.30%,21,13.9倍,1.37倍,1.59%
20260915,2448,ＦＩＸＥＲ,5129,東G,,258,-8,-3.01%,21,ー倍,1.74倍,ー%
20260915,2449,デジプラ,3691,東G,,"1,861",+88,+4.96%,21,ー倍,10.1倍,ー%
20260915,2450,マルイチ,8228,名M,,"1,054",-9,-0.85%,21,11.6倍,0.81倍,2.66%
20260915,2451,原田工業,6904,東S,,635,+20,+3.25%,21,22.4倍,0.89倍,1.57%
20260915,2452,ドリームＩ,4310,東P,,"2,486",+17,+0.69%,21,ー倍,2.04倍,5.51%
20260915,2453,イタミアート,168A,東G,,"1,050",-34,-3.14%,21,9.24倍,1.16倍,1.90%
20260915,2454,サニーサイド,2180,東S,,"1,309",0,0.00%,21,ー倍,5.18倍,ー%
20260915,2455,中村屋,2204,東S,,"3,165",+40,+1.28%,21,19.1倍,0.65倍,2.37%
20260915,2456,イメージワン,2667,東S,,104,-5,-4.59%,21,ー倍,1.83倍,ー%
20260915,2457,今仙電機,7266,東S,,979,+19,+1.98%,21,9.05倍,0.37倍,3.27%
20260915,2458,レシップＨＤ,7213,東S,,687,+9,+1.33%,20,8.08倍,0.95倍,3.78%
20260915,2459,東ラヂ,7235,東S,,"1,566",+11,+0.71%,20,8.36倍,0.61倍,4.92%
20260915,2460,フラベッドＨ,7840,東P,,"1,300",+1,+0.08%,20,14.1倍,1.09倍,3.23%
20260915,2461,三共興,8018,東S,,853,+11,+1.31%,20,15.8倍,0.52倍,3.17%
20260915,2462,高知銀,8416,東S,,"1,111",-2,-0.18%,20,25.0倍,0.29倍,2.25%
20260915,2463,Ｊテック・Ｃ,3446,東S,,"1,609",-5,-0.31%,20,119倍,3.33倍,ー%
20260915,2464,オープンドア,3926,東S,,476,+3,+0.63%,20,ー倍,4.37倍,ー%
20260915,2465,ナフコ,2790,東S,,"2,098",+28,+1.35%,20,40.6倍,0.34倍,2.76%
20260915,2466,なとり,2922,東P,,"1,985",+8,+0.40%,20,17.1倍,0.89倍,1.51%
20260915,2467,Ｊグループ,3063,東G,,"1,167",+5,+0.43%,20,53.1倍,17.3倍,0.43%
20260915,2468,さくらＫＣＳ,4761,東S,,"1,479",-15,-1.00%,20,13.3倍,0.80倍,4.19%
20260915,2469,第一建設,1799,東S,,"3,310",+5,+0.15%,20,13.6倍,0.81倍,4.83%
20260915,2470,野村電機精密,1625,東Ｅ,,"61,120",+40,+0.07%,19,ー倍,ー倍,ー%
20260915,2471,ＷＴ天然ガス,1689,東Ｅ,,720,+6,+0.84%,19,ー倍,ー倍,ー%
20260915,2472,ナカバヤシ,7987,東S,,566,+5,+0.89%,19,7.87倍,0.49倍,3.89%
20260915,2473,南総通運,9034,東S,,"1,676",+28,+1.70%,19,11.5倍,0.69倍,4.77%
20260915,2474,フジマック,5965,東S,,"1,190",-3,-0.25%,19,3.71倍,0.54倍,5.04%
20260915,2475,梅乃宿酒造,559A,東S,,"1,168",-26,-2.18%,19,19.6倍,1.99倍,2.04%
20260915,2476,ＧＸ宇宙テク,610A,東Ｅ,,"1,003",+2,+0.20%,19,ー倍,ー倍,ー%
20260915,2477,ＰＳＳ,7707,東G,,210,+5,+2.44%,19,19.8倍,1.41倍,1.43%
20260915,2478,Ｐアンチエイ,4934,東G,,601,-9,-1.48%,19,52.4倍,0.76倍,ー%
20260915,2479,ストレジ王,2997,東G,,"1,323",0,0.00%,19,18.7倍,2.33倍,ー%
20260915,2480,ピックルス,2935,東P,,"1,214",+4,+0.33%,19,12.4倍,0.77倍,2.39%
20260915,2481,エアーテック,6291,東S,,"1,323",+19,+1.46%,19,12.3倍,0.89倍,4.16%
20260915,2482,宮越ＨＤ,6620,東P,,684,+2,+0.29%,19,82.9倍,1.11倍,ー%
20260915,2483,メディシス,4350,東S,,505,+5,+1.00%,19,14.8倍,0.87倍,2.38%
20260915,2484,ミタチ産業,3321,東S,,"1,670",-4,-0.24%,19,8.87倍,0.74倍,4.19%
20260915,2485,フェイスＮＷ,3489,東S,,785,0,0.00%,19,6.10倍,2.07倍,5.73%
20260915,2486,共和レ,3553,東S,,928,+4,+0.43%,19,ー倍,0.61倍,5.60%
20260915,2487,ＡＩストーム,3719,東S,,117,+3,+2.63%,19,18.1倍,1.65倍,2.56%
20260915,2488,ネオジャパン,3921,東P,,"1,610",0,0.00%,19,12.0倍,2.81倍,3.35%
20260915,2489,Ｓ＆Ｊ,5599,東G,,"1,054",+25,+2.43%,19,14.5倍,2.76倍,1.61%
20260915,2490,ｉＳ米２５ヘ,238A,東Ｅ,,118.2,-0.2,-0.17%,19,ー倍,ー倍,ー%
20260915,2491,伊沢タオル,365A,東S,,788,+10,+1.29%,19,11.2倍,1.89倍,5.33%
20260915,2492,ＧＸ防衛テク,466A,東Ｅ,,"1,003",+3,+0.30%,19,ー倍,ー倍,ー%
20260915,2493,東北新社,2329,東S,,500,+3,+0.60%,19,ー倍,0.70倍,5.41%
20260915,2494,ツカダＧＨＤ,2418,東S,,596,0,0.00%,19,4.66倍,0.71倍,2.35%
20260915,2495,プレミアムＷ,2588,東S,,"3,645",+50,+1.39%,19,8.70倍,3.51倍,3.29%
20260915,2496,ホリイフード,3077,東S,,"1,276",+8,+0.63%,19,14.1倍,6.53倍,ー%
20260915,2497,テンポスＨＤ,2751,東S,,"3,615",+40,+1.12%,18,16.2倍,2.42倍,0.25%
20260915,2498,スタメン,4019,東G,,630,+7,+1.12%,18,15.1倍,3.48倍,1.59%
20260915,2499,スパイダー,4192,東G,,304,+2,+0.66%,18,ー倍,3.98倍,ー%
20260915,2500,コラントッテ,7792,東G,,"1,490",+21,+1.43%,18,9.70倍,2.28倍,3.36%
20260915,2501,ビーウィズ,9216,東P,,"1,664",+17,+1.03%,18,25.2倍,2.75倍,4.63%
20260915,2502,ＭＨＴ,9218,東G,,793,+4,+0.51%,18,29.1倍,5.90倍,1.26%
20260915,2503,エイビック,9554,東G,,"1,718",+20,+1.18%,18,14.3倍,3.77倍,ー%
20260915,2504,上場２２５Ｍ,1578,東Ｅ,,"5,070",-20,-0.39%,18,ー倍,ー倍,ー%
20260915,2505,田辺工業,1828,東S,,"2,456",+6,+0.24%,18,9.56倍,0.93倍,4.07%
20260915,2506,エネクスＩＦ,9286,東IF,,"45,500",+100,+0.22%,18,15.4倍,0.55倍,6.65%
20260915,2507,ナガセ,9733,東S,,"2,308",-1,-0.04%,18,12.6倍,2.05倍,5.20%
20260915,2508,サックスバー,9990,東P,,753,0,0.00%,18,10.4倍,0.73倍,4.65%
20260915,2509,レオクラン,7681,東S,,"1,033",+37,+3.71%,18,15.3倍,1.05倍,1.65%
20260915,2510,サノヤスＨＤ,7022,東S,,355,0,0.00%,18,15.1倍,0.98倍,2.11%
20260915,2511,プロレド,7034,東P,,312,-21,-6.31%,18,ー倍,0.51倍,ー%
20260915,2512,小津産業,7487,東S,,"1,842",+12,+0.66%,18,35.2倍,0.81倍,1.47%
20260915,2513,日本精密,7771,東S,,249,+1,+0.40%,18,29.9倍,2.63倍,ー%
20260915,2514,南海化学,4040,東S,,"3,830",+10,+0.26%,18,6.07倍,0.67倍,1.70%
20260915,2515,野村Ａ成長,2083,東Ｅ,,"3,910",-1,-0.03%,18,ー倍,ー倍,ー%
20260915,2516,全保連,5845,東S,,"1,210",+10,+0.83%,18,11.4倍,4.09倍,4.46%
20260915,2517,ＧＸ革新優良,178A,東Ｅ,,"1,585",+5,+0.32%,18,ー倍,ー倍,ー%
20260915,2518,ＭＦＳ,196A,東G,,319,-1,-0.31%,18,8.84倍,1.15倍,ー%
20260915,2519,ユカリア,286A,東G,,800,-4,-0.50%,18,17.2倍,1.36倍,ー%
20260915,2520,ＳＳ金,447A,東Ｅ,,264.6,-0.6,-0.23%,18,ー倍,ー倍,ー%
20260915,2521,酒井重,6358,東P,,"2,161",+8,+0.37%,18,16.9倍,0.59倍,5.09%
20260915,2522,ベストワン,6577,東G,,"1,393",+2,+0.14%,18,27.7倍,1.57倍,1.51%
20260915,2523,ダイヤＨＤ,6699,東S,,497,+4,+0.81%,18,614倍,0.41倍,5.03%
20260915,2524,リネットＪ,3556,東G,,790,+9,+1.15%,18,9.68倍,7.34倍,ー%
20260915,2525,信和,3447,東S,,"1,015",+6,+0.59%,17,8.60倍,0.80倍,3.55%
20260915,2526,フライト,3753,東S,,215,+6,+2.87%,17,13.2倍,3.52倍,ー%
20260915,2527,フィスコ,3807,東G,,89,0,0.00%,17,228倍,20.2倍,ー%
20260915,2528,川西倉,9322,東S,,"2,459",-1,-0.04%,17,29.1倍,0.89倍,5.37%
20260915,2529,ジモティー,7082,東G,,"1,406",0,0.00%,17,36.1倍,7.12倍,ー%
20260915,2530,さくらさく,7097,東G,,"2,714",+2,+0.07%,17,15.3倍,1.94倍,1.18%
20260915,2531,オーケーエム,6229,東S,,"1,453",-13,-0.89%,17,8.69倍,0.59倍,3.44%
20260915,2532,ＴＨＥＣＯＯ,4255,東G,,"3,570",-25,-0.70%,17,12.4倍,9.04倍,ー%
20260915,2533,サスメド,4263,東G,,422,-4,-0.94%,17,ー倍,1.79倍,ー%
20260915,2534,セキュア,4264,東G,,"1,450",+22,+1.54%,17,22.0倍,2.26倍,ー%
20260915,2535,テリロジＨＤ,5133,東S,,292,+8,+2.82%,17,11.3倍,1.54倍,1.85%
20260915,2536,アステナＨＤ,8095,東P,,514,0,0.00%,17,8.84倍,0.73倍,3.50%
20260915,2537,レボリュー,8894,東S,,19,-2,-9.52%,17,ー倍,3.79倍,ー%
20260915,2538,クオンタムＳ,2338,東S,,117,-1,-0.85%,17,ー倍,-9.1倍,ー%
20260915,2539,野村外リート,2515,東Ｅ,,"1,561",-11,-0.70%,17,ー倍,ー倍,ー%
20260915,2540,オートＷ,2666,東S,,187,-1,-0.53%,17,11.2倍,0.60倍,2.14%
20260915,2541,ＳＡＡＦＨＤ,1447,東G,,343,-6,-1.72%,17,18.9倍,5.00倍,1.40%
20260915,2542,Ｏｎｅ設備,1484,東Ｅ,,"3,866",+3,+0.08%,17,ー倍,ー倍,ー%
20260915,2543,土屋ＨＤ,1840,東S,,249,-7,-2.73%,17,ー倍,0.53倍,4.02%
20260915,2544,北野建,1866,東S,,"1,112",-9,-0.80%,17,7.74倍,0.51倍,2.70%
20260915,2545,シスエグゼ,548A,東S,,959,+6,+0.63%,17,8.66倍,0.85倍,4.64%
20260915,2546,ギミック,475A,東S,,696,-29,-4.00%,17,15.7倍,1.44倍,ー%
20260915,2547,ＦＤＫ,6955,東S,,403,-4,-0.98%,17,18.5倍,0.72倍,ー%
20260915,2548,ベルトラ,7048,東G,,162,+1,+0.62%,17,17.4倍,2.45倍,ー%
20260915,2549,バードマン,7063,東G,,71,-1,-1.39%,17,20.1倍,3.32倍,ー%
20260915,2550,スターツ出版,7849,東S,,"2,986",-34,-1.13%,17,11.0倍,1.05倍,4.35%
20260915,2551,朝日印刷,3951,東S,,906,-7,-0.77%,17,11.2倍,0.52倍,4.19%
20260915,2552,サンエー化研,4234,東S,,997,-11,-1.09%,17,6.02倍,0.42倍,1.81%
20260915,2553,大伸化学,4629,東S,,"2,607",+17,+0.66%,17,9.32倍,0.66倍,1.73%
20260915,2554,テクノロジー,5248,東G,,519,+18,+3.59%,17,ー倍,5.81倍,ー%
20260915,2555,ＪＲＣ,6224,東G,,"1,214",+12,+1.00%,17,12.6倍,2.67倍,2.80%
20260915,2556,ファーストＡ,5588,東G,,856,+15,+1.78%,17,45.9倍,5.90倍,0.46%
20260915,2557,ＳＭＤ高配当,2011,東Ｅ,,850.5,-4.2,-0.49%,17,ー倍,ー倍,ー%
20260915,2558,ＡＩＦＣＧ,254A,東S,,"1,215",+14,+1.17%,17,21.2倍,2.44倍,ー%
20260915,2559,サイプレス,428A,東S,,"1,630",+14,+0.87%,17,40.0倍,7.77倍,0.61%
20260915,2560,モンラボ,5255,東G,,88,+3,+3.53%,16,ー倍,8.62倍,ー%
20260915,2561,ＡＩセレクト,162A,東EN,,"16,240",-35,-0.22%,16,ー倍,ー倍,ー%
20260915,2562,アルピコＨＤ,297A,東S,,212,-2,-0.93%,16,9.52倍,1.16倍,2.36%
20260915,2563,ＭＸ読売日株,348A,東Ｅ,,296.0,+0.5,+0.17%,16,ー倍,ー倍,ー%
20260915,2564,ＮＥ,441A,東G,,275,+1,+0.36%,16,9.00倍,1.89倍,ー%
20260915,2565,インテリクス,463A,東S,,"1,008",+3,+0.30%,16,5.97倍,0.61倍,4.76%
20260915,2566,ｉＳ先進国株,1657,東Ｅ,,"7,030",0,0.00%,16,ー倍,ー倍,ー%
20260915,2567,ＷＴ銀,1673,東Ｅ,,"8,857",-84,-0.94%,16,ー倍,ー倍,ー%
20260915,2568,エブレン,6599,東S,,"3,850",+85,+2.26%,16,14.5倍,1.12倍,1.51%
20260915,2569,勤次郎,4013,東G,,639,-5,-0.78%,16,12.0倍,1.20倍,1.56%
20260915,2570,アシロ,7378,東G,,"1,507",0,0.00%,16,10.8倍,3.77倍,4.31%
20260915,2571,トリドリ,9337,東G,,"1,439",+7,+0.49%,16,10.6倍,2.65倍,ー%
20260915,2572,ベガコーポ,3542,東G,,"1,527",+14,+0.93%,16,17.6倍,2.23倍,1.18%
20260915,2573,ネクスジェン,3842,東S,,"1,163",+36,+3.19%,16,12.9倍,1.43倍,2.58%
20260915,2574,神電鉄,9046,東S,,"2,486",+13,+0.53%,16,16.5倍,0.76倍,1.01%
20260915,2575,日本プロセス,9651,東S,,"1,929",-5,-0.26%,16,13.8倍,1.46倍,4.77%
20260915,2576,林兼,2286,東S,,904,+14,+1.57%,16,6.17倍,0.56倍,4.98%
20260915,2577,ウェルネット,2428,東S,,624,-2,-0.32%,16,10.3倍,1.29倍,4.89%
20260915,2578,ｉＳロボット,2522,東Ｅ,,"8,334",-26,-0.31%,16,ー倍,ー倍,ー%
20260915,2579,エバラ食品,2819,東S,,"2,477",+14,+0.57%,16,24.2倍,0.66倍,2.02%
20260915,2580,サトウ食品,2923,東S,,"7,360",+120,+1.66%,16,18.0倍,1.50倍,1.02%
20260915,2581,ＡＰＨＤ,3175,東S,,981,+3,+0.31%,16,21.7倍,-54倍,ー%
20260915,2582,モリ工業,5464,東S,,933,+6,+0.65%,16,11.1倍,0.60倍,3.64%
20260915,2583,協立エアテク,5997,東S,,907,+31,+3.54%,16,9.52倍,0.43倍,2.21%
20260915,2584,三機サービス,6044,東S,,"1,851",-5,-0.27%,16,ー倍,2.12倍,ー%
20260915,2585,ユニバー園芸,6061,東S,,"3,045",-50,-1.62%,16,11.2倍,1.88倍,0.43%
20260915,2586,パンチ,6165,東S,,533,+7,+1.33%,16,12.3倍,0.61倍,3.77%
20260915,2587,キムラタン,8107,東S,,31,+1,+3.33%,16,344倍,5.32倍,ー%
20260915,2588,グランディ,8999,東P,,564,+1,+0.18%,16,14.9倍,0.66倍,5.67%
20260915,2589,ファルコＨＤ,4671,東S,,"2,885",+28,+0.98%,16,14.1倍,1.13倍,4.44%
20260915,2590,オリジン,6513,東S,,"1,277",-18,-1.39%,16,65.5倍,0.28倍,3.13%
20260915,2591,ＭＸ米株ＡＩ,552A,東Ｅ,,"2,339",-8,-0.34%,16,ー倍,ー倍,ー%
20260915,2592,粧美堂,7819,東S,,995,-6,-0.60%,16,12.0倍,1.74倍,3.32%
20260915,2593,ニホンフラ,7820,東P,,701,0,0.00%,16,17.7倍,0.50倍,5.14%
20260915,2594,メディキット,7749,東S,,"2,890",+9,+0.31%,15,14.7倍,0.90倍,3.46%
20260915,2595,タカノ,7885,東S,,"1,144",+4,+0.35%,15,23.9倍,0.53倍,1.75%
20260915,2596,ヨシコン,5280,東S,,"2,192",-10,-0.45%,15,5.44倍,0.54倍,4.11%
20260915,2597,日精鉱,5729,東S,,"1,687",+9,+0.54%,15,14.8倍,1.09倍,3.56%
20260915,2598,ＪＭＡＣＳ,5817,東S,,"1,061",+7,+0.66%,15,24.1倍,1.04倍,1.41%
20260915,2599,Ｅインフィニ,7692,東S,,78,-1,-1.27%,15,14.0倍,6.06倍,3.85%
20260915,2600,いつも,7694,東G,,587,+20,+3.53%,15,18.7倍,1.39倍,ー%
20260915,2601,クリングル,4884,東G,,440,-10,-2.22%,15,ー倍,3.03倍,ー%
20260915,2602,アイズ,5242,東G,,"2,595",+134,+5.44%,15,889倍,4.38倍,ー%
20260915,2603,日本ナレッジ,5252,東G,,920,+20,+2.22%,15,36.5倍,3.33倍,0.76%
20260915,2604,ｉＳ国債７,236A,東Ｅ,,434.3,-2.2,-0.50%,15,ー倍,ー倍,ー%
20260915,2605,Ｊ４百ベア２,1469,東Ｅ,,189.0,+0.5,+0.27%,15,ー倍,ー倍,ー%
20260915,2606,Ｏｎｅトピ,1473,東Ｅ,,"4,118",-19,-0.46%,15,ー倍,ー倍,ー%
20260915,2607,野村食品,1617,東Ｅ,,"47,420",-120,-0.25%,15,ー倍,ー倍,ー%
20260915,2608,第一カッタ,1716,東S,,"1,368",-8,-0.58%,15,10.5倍,0.76倍,3.29%
20260915,2609,アルトナー,2163,東P,,953,+4,+0.42%,15,16.2倍,3.66倍,4.51%
20260915,2610,コミニックス,3173,東S,,"1,401",+19,+1.37%,15,8.75倍,1.04倍,3.57%
20260915,2611,ウイルプラス,3538,東S,,"1,006",-6,-0.59%,15,7.28倍,0.78倍,5.33%
20260915,2612,ｋｕｂｅｌｌ,4448,東G,,358,+4,+1.13%,15,25.1倍,5.92倍,ー%
20260915,2613,バトンズ,554A,東G,,"1,533",+8,+0.52%,15,26.9倍,7.59倍,ー%
20260915,2614,ＧＸ銅ビジ,580A,東Ｅ,,988,+12,+1.23%,15,ー倍,ー倍,ー%
20260915,2615,シャノン,3976,東G,,594,+2,+0.34%,15,5.87倍,2.55倍,ー%
20260915,2616,大幸薬品,4574,東P,,258,+3,+1.18%,15,23.6倍,1.54倍,1.36%
20260915,2617,キッズバイオ,4584,東G,,165,0,0.00%,15,ー倍,4.64倍,ー%
20260915,2618,日エンター,4829,東S,,107,+1,+0.94%,15,48.4倍,0.87倍,2.80%
20260915,2619,千趣会,8165,東S,,100,-1,-0.99%,15,ー倍,0.27倍,ー%
20260915,2620,九州リース,8596,東S,,"1,535",-2,-0.13%,15,8.28倍,0.75倍,4.04%
20260915,2621,ハマイ,6497,東S,,"1,449",+19,+1.33%,15,15.0倍,0.57倍,3.11%
20260915,2622,オーケストラ,6533,東P,,"1,149",+15,+1.32%,15,11.2倍,1.60倍,2.61%
20260915,2623,ツインバード,6897,東S,,644,+3,+0.47%,15,153倍,1.05倍,2.02%
20260915,2624,トミタ電機,6898,東S,,"5,190",-210,-3.89%,15,84.8倍,1.04倍,ー%
20260915,2625,東京機,6335,東S,,594,+16,+2.77%,14,8.40倍,0.52倍,ー%
20260915,2626,中北製,6496,東S,,"5,480",+80,+1.48%,14,12.0倍,0.68倍,2.10%
20260915,2627,ジオマテック,6907,東S,,741,-25,-3.26%,14,11.6倍,0.56倍,ー%
20260915,2628,情報企画,3712,東S,,996,-44,-4.23%,14,13.7倍,2.02倍,2.41%
20260915,2629,カイゼン,4170,東G,,120,0,0.00%,14,103倍,0.71倍,ー%
20260915,2630,アイスコ,7698,東S,,"2,881",+32,+1.12%,14,23.2倍,2.70倍,0.73%
20260915,2631,ロボペイ,4374,東G,,"2,506",+25,+1.01%,14,16.5倍,6.38倍,1.24%
20260915,2632,ブロードＥ,4415,東G,,"1,409",+29,+2.10%,14,ー倍,3.98倍,1.50%
20260915,2633,アップガレＧ,7134,東S,,"1,426",-10,-0.70%,14,12.4倍,2.25倍,2.98%
20260915,2634,坪田ラボ,4890,東G,,268,+11,+4.28%,14,102倍,9.55倍,ー%
20260915,2635,ナ・デックス,7435,東S,,"1,242",-2,-0.16%,14,9.31倍,0.48倍,3.22%
20260915,2636,オービス,7827,東S,,"1,715",+2,+0.12%,14,8.63倍,0.53倍,3.62%
20260915,2637,リプロセル,4978,東G,,137,0,0.00%,14,ー倍,1.57倍,ー%
20260915,2638,ヤマウＨＤ,5284,東S,,"2,214",+1,+0.05%,14,5.96倍,1.00倍,5.06%
20260915,2639,オーナンバ,5816,東S,,"1,431",-10,-0.69%,14,9.18倍,0.59倍,4.89%
20260915,2640,動物高度医療,6039,東G,,"1,011",+3,+0.30%,14,14.7倍,2.64倍,1.29%
20260915,2641,バーチャレク,6193,東G,,"1,199",+31,+2.65%,14,13.1倍,2.05倍,1.25%
20260915,2642,ケア２１,2373,東S,,447,0,0.00%,14,121倍,1.30倍,3.80%
20260915,2643,ＳＡＮＫＯ,2762,東S,,67,+2,+3.08%,14,ー倍,45.9倍,ー%
20260915,2644,佐藤食品,2814,東S,,"1,947",-39,-1.96%,14,38.0倍,0.67倍,1.28%
20260915,2645,ポラリスＨＤ,3010,東S,,190,+2,+1.06%,14,27.8倍,1.42倍,5.26%
20260915,2646,マーチャント,3121,東S,,253,+3,+1.20%,14,32.4倍,1.72倍,1.19%
20260915,2647,ドリムアーツ,4811,東G,,890,+24,+2.77%,14,16.8倍,3.36倍,2.25%
20260915,2648,ｉＳ米債３月,2012,東Ｅ,,235.9,+1.2,+0.51%,14,ー倍,ー倍,ー%
20260915,2649,ｉＳインド株,201A,東Ｅ,,171.0,-0.2,-0.12%,14,ー倍,ー倍,ー%
20260915,2650,ＧＸＡＩビグ,223A,東Ｅ,,"1,750",+17,+0.98%,14,ー倍,ー倍,ー%
20260915,2651,ガーデン,274A,東S,,"2,248",+9,+0.40%,14,19.2倍,2.17倍,4.00%
20260915,2652,レント,372A,東S,,"5,550",+10,+0.18%,14,7.16倍,1.07倍,4.23%
20260915,2653,インタライフ,1418,東S,,586,+3,+0.51%,14,11.2倍,1.86倍,5.12%
20260915,2654,野村ダウＨ無,1546,東Ｅ,,"78,480",+430,+0.55%,14,ー倍,ー倍,ー%
20260915,2655,上場ＭＳコク,1680,東Ｅ,,"8,035",-24,-0.30%,14,ー倍,ー倍,ー%
20260915,2656,明豊ファシリ,1717,東S,,940,+10,+1.08%,14,11.8倍,1.91倍,4.68%
20260915,2657,日本ハウス,1873,東P,,306,+1,+0.33%,14,3.39倍,0.55倍,3.92%
20260915,2658,サンテック,1960,東S,,"1,662",+19,+1.16%,14,11.1倍,0.76倍,3.31%
20260915,2659,アイケイケイ,2198,東P,,779,0,0.00%,14,31.6倍,1.84倍,3.08%
20260915,2660,ＧＸ商社資源,609A,東Ｅ,,"1,076",-22,-2.00%,14,ー倍,ー倍,ー%
20260915,2661,ケイヒン,9312,東S,,"2,834",+6,+0.21%,14,5.44倍,0.53倍,4.94%
20260915,2662,杉本商,9932,東P,,"1,302",+6,+0.46%,14,13.1倍,0.65倍,4.15%
20260915,2663,ＫＯＺＯＨＤ,9973,東S,,20,0,0.00%,14,111倍,12.7倍,ー%
20260915,2664,ニーズウェル,3992,東P,,473,0,0.00%,14,19.5倍,3.65倍,2.96%
20260915,2665,バルテスＨＤ,4442,東G,,402,-2,-0.50%,13,13.1倍,2.32倍,1.00%
20260915,2666,ＪＦＥシステ,4832,東S,,"1,912",-19,-0.98%,13,13.7倍,1.73倍,3.66%
20260915,2667,ＡＲアドバン,5578,東G,,900,+2,+0.22%,13,12.1倍,3.41倍,1.11%
20260915,2668,ＭＸ高配日ア,2085,東Ｅ,,783.1,-6.9,-0.87%,13,ー倍,ー倍,ー%
20260915,2669,ｉＳ米総合債,2256,東Ｅ,,211.6,+0.1,+0.05%,13,ー倍,ー倍,ー%
20260915,2670,マテリアルＧ,156A,東G,,867,-2,-0.23%,13,13.4倍,3.51倍,3.01%
20260915,2671,学びエイド,184A,東G,,324,-8,-2.41%,13,13.3倍,2.25倍,ー%
20260915,2672,ジーネクスト,4179,東G,,345,+2,+0.58%,13,ー倍,24.6倍,ー%
20260915,2673,野村日セレ,2643,東Ｅ,,"4,274",+25,+0.59%,13,ー倍,ー倍,ー%
20260915,2674,サンデン,6444,東S,,177,-2,-1.12%,13,39.9倍,0.64倍,ー%
20260915,2675,ｃｏｔｔａ,3359,東G,,520,-1,-0.19%,13,8.79倍,1.14倍,1.92%
20260915,2676,クラウディア,3607,東S,,361,+3,+0.84%,13,9.35倍,0.67倍,2.77%
20260915,2677,ＧＭＯ－ＰＰ,3695,東G,,"1,625",+16,+0.99%,13,17.2倍,2.88倍,4.36%
20260915,2678,ウェルス,3772,東S,,"1,098",-2,-0.18%,13,11.7倍,1.22倍,ー%
20260915,2679,巴川コーポ,3878,東S,,825,+2,+0.24%,13,11.6倍,0.44倍,1.82%
20260915,2680,アスカネット,2438,東G,,341,+2,+0.59%,13,16.2倍,0.98倍,2.05%
20260915,2681,木徳神糧,2700,東S,,"1,722",+10,+0.58%,13,4.70倍,0.69倍,2.90%
20260915,2682,ウインＰ,3183,東P,,"1,264",-1,-0.08%,13,15.7倍,1.57倍,4.35%
20260915,2683,尾家産,7481,東S,,"2,580",-22,-0.85%,13,7.50倍,1.24倍,4.03%
20260915,2684,橋本総業ＨＤ,7570,東S,,"1,406",+8,+0.57%,13,7.40倍,0.72倍,3.70%
20260915,2685,ケミプロ,4960,東S,,554,-2,-0.36%,13,55.8倍,1.80倍,0.54%
20260915,2686,ライドオンＥ,6082,東S,,995,+1,+0.10%,13,24.8倍,1.08倍,1.51%
20260915,2687,ウィルソンＷ,9610,東S,,108,+1,+0.93%,13,ー倍,1.84倍,ー%
20260915,2688,三協フロンテ,9639,東S,,"2,347",-13,-0.55%,13,8.92倍,1.00倍,4.26%
20260915,2689,ＪＫＨＤ,9896,東S,,"1,374",+4,+0.29%,13,8.75倍,0.56倍,4.37%
20260915,2690,マクアケ,4479,東G,,982,+4,+0.41%,13,16.9倍,2.07倍,ー%
20260915,2691,アクシーズ,1381,東S,,"3,575",-30,-0.83%,13,11.2倍,0.83倍,3.36%
20260915,2692,Ｏｎｅ高配当,1494,東Ｅ,,"43,400",-230,-0.53%,13,ー倍,ー倍,ー%
20260915,2693,ナカノフドー,1827,東S,,"1,345",+24,+1.82%,13,15.9倍,0.93倍,1.86%
20260915,2694,ＮＹダウベア,2041,東EN,,"1,984",+16,+0.81%,13,ー倍,ー倍,ー%
20260915,2695,あかつき本社,8737,東S,,614,0,0.00%,13,5.63倍,0.88倍,4.89%
20260915,2696,ブリッジ－Ｇ,7039,東G,,"1,373",+2,+0.15%,12,52.9倍,1.02倍,6.19%
20260915,2697,Ｃマネージ,4491,東S,,"3,310",-35,-1.05%,12,13.2倍,1.57倍,1.81%
20260915,2698,ＦＣＥ,9564,東S,,566,+1,+0.18%,12,13.7倍,2.81倍,1.94%
20260915,2699,ＧＸＳカバコ,2868,東Ｅ,,"1,110",+5,+0.45%,12,ー倍,ー倍,ー%
20260915,2700,日化産,4094,東S,,"2,281",+21,+0.93%,12,35.6倍,0.85倍,3.95%
20260915,2701,ソルクシーズ,4284,東S,,449,+3,+0.67%,12,9.01倍,1.33倍,3.12%
20260915,2702,オリコン,4800,東S,,"1,357",0,0.00%,12,16.6倍,3.09倍,ー%
20260915,2703,スカラ,4845,東S,,350,+4,+1.16%,12,11.1倍,1.26倍,5.14%
20260915,2704,ＧＸ優証隔月,2019,東Ｅ,,965,-11,-1.13%,12,ー倍,ー倍,ー%
20260915,2705,ＳＯＬＩＺＥ,5871,東S,,"1,396",-18,-1.27%,12,25.0倍,0.67倍,3.94%
20260915,2706,構造計画ＨＤ,208A,東S,,"2,877",-13,-0.45%,12,11.8倍,2.63倍,3.82%
20260915,2707,プラネット,2391,東S,,"1,176",-2,-0.17%,12,21.7倍,1.41倍,3.78%
20260915,2708,ぐるなび,2440,東S,,123,+1,+0.82%,12,ー倍,1.34倍,ー%
20260915,2709,ティア,2485,東S,,448,-1,-0.22%,12,20.2倍,1.16倍,5.13%
20260915,2710,ＪＴＰ,2488,東S,,"1,440",+14,+0.98%,12,11.1倍,2.06倍,3.47%
20260915,2711,オーウイル,3143,東S,,711,+8,+1.14%,12,9.21倍,1.04倍,3.09%
20260915,2712,瑞光,6279,東P,,919,+9,+0.99%,12,18.7倍,0.67倍,2.18%
20260915,2713,鈴茂器工,6405,東S,,"1,207",+3,+0.25%,12,21.4倍,1.04倍,2.90%
20260915,2714,エスユーエス,6554,東G,,"1,112",0,0.00%,12,10.1倍,2.11倍,4.50%
20260915,2715,松尾電,6969,東S,,998,+1,+0.10%,12,8.14倍,1.03倍,1.50%
20260915,2716,Ｊ－ＭＡＸ,3422,東S,,602,+3,+0.50%,12,6.91倍,0.34倍,1.33%
20260915,2717,クロスマーケ,3675,東S,,601,+7,+1.18%,12,8.63倍,1.34倍,2.66%
20260915,2718,ＤＬＥ,3686,東S,,63,+2,+3.28%,12,18.3倍,2.16倍,ー%
20260915,2719,Ａｉｍｉｎｇ,3911,東G,,178,+2,+1.14%,12,ー倍,1.14倍,ー%
20260915,2720,ｉＳ米リート,1659,東Ｅ,,"3,681",-12,-0.32%,12,ー倍,ー倍,ー%
20260915,2721,北浜ＣＰ,2134,東S,,19,0,0.00%,12,5.99倍,2.20倍,ー%
20260915,2722,岩塚製菓,2221,東S,,"3,050",-5,-0.16%,12,23.5倍,0.51倍,1.05%
20260915,2723,いちごグリン,9282,東IF,,"31,000",-150,-0.48%,12,30.7倍,1.01倍,5.94%
20260915,2724,ナック,9788,東P,,517,0,0.00%,12,12.3倍,0.98倍,4.26%
20260915,2725,ＡＩｉｎｓ,4488,東G,,"2,140",+14,+0.66%,12,23.6倍,1.66倍,ー%
20260915,2726,コロナ,5909,東S,,960,+12,+1.27%,12,46.8倍,0.37倍,2.92%
20260915,2727,Ｔスマート,6246,東S,,"1,823",+11,+0.61%,12,15.0倍,1.00倍,5.05%
20260915,2728,ノザワ,5237,東S,,"1,211",-14,-1.14%,11,9.25倍,0.66倍,3.55%
20260915,2729,日伸銅,5753,東S,,"2,521",+45,+1.82%,11,5.13倍,0.41倍,0.60%
20260915,2730,ＩＲジャパン,6035,東S,,717,+2,+0.28%,11,ー倍,1.97倍,ー%
20260915,2731,西部電機,6144,東S,,"2,799",-16,-0.57%,11,14.0倍,1.19倍,3.22%
20260915,2732,シライ電子,6658,東S,,453,+4,+0.89%,11,11.4倍,0.63倍,4.42%
20260915,2733,フォースタ,7089,東G,,"1,361",-13,-0.95%,11,9.34倍,2.89倍,ー%
20260915,2734,ＣＩＮＣ,4378,東G,,464,+2,+0.43%,11,344倍,1.26倍,ー%
20260915,2735,サンウェルズ,9229,東P,,112,-3,-2.61%,11,ー倍,0.57倍,ー%
20260915,2736,プログリット,9560,東G,,896,+15,+1.70%,11,10.4倍,3.85倍,2.46%
20260915,2737,オープンＷ,5139,東G,,915,+7,+0.77%,11,19.7倍,2.49倍,0.98%
20260915,2738,ニチモウ,8091,東P,,"2,386",-9,-0.38%,11,7.71倍,0.57倍,4.19%
20260915,2739,ｕｎｂａｎｋ,8746,東S,,108,-2,-1.82%,11,ー倍,0.47倍,ー%
20260915,2740,ミクニ,7247,東S,,370,+2,+0.54%,11,7.32倍,0.30倍,4.05%
20260915,2741,オーエムツー,7614,東S,,"1,554",-4,-0.26%,11,10.4倍,0.56倍,2.32%
20260915,2742,竹田ｉＰ,7875,東S,,810,+13,+1.63%,11,9.15倍,0.64倍,2.90%
20260915,2743,クエスト,2332,東S,,"1,669",+12,+0.72%,11,10.0倍,1.17倍,3.65%
20260915,2744,共同ＰＲ,2436,東S,,558,-7,-1.24%,11,10.6倍,2.15倍,1.43%
20260915,2745,ｉＦＪリコア,2528,東Ｅ,,"1,058",0,0.00%,11,ー倍,ー倍,ー%
20260915,2746,ＹＫＴ,2693,東S,,276,0,0.00%,11,64.0倍,0.40倍,1.81%
20260915,2747,ＪＦＬＡＨＤ,3069,東S,,166,0,0.00%,11,ー倍,1.30倍,ー%
20260915,2748,メディアス,3154,東P,,777,+12,+1.57%,11,12.3倍,0.83倍,2.57%
20260915,2749,アゼアス,3161,東S,,670,+4,+0.60%,11,21.7倍,0.57倍,3.43%
20260915,2750,ミサワ,3169,東S,,676,+4,+0.60%,11,27.9倍,1.50倍,1.18%
20260915,2751,ダイトーケミ,4366,東S,,436,-2,-0.46%,11,16.5倍,0.83倍,2.06%
20260915,2752,わかもと,4512,東S,,302,+5,+1.68%,11,45.6倍,0.89倍,1.16%
20260915,2753,アトミクス,4625,東S,,867,-25,-2.80%,11,9.23倍,0.41倍,2.31%
20260915,2754,ＧＸ中国ＥＶ,2254,東Ｅ,,960,-21,-2.14%,11,ー倍,ー倍,ー%
20260915,2755,ケイファーマ,4896,東G,,813,-9,-1.09%,11,ー倍,12.2倍,ー%
20260915,2756,ｉＳＨＹ社債,2258,東Ｅ,,218.5,+0.9,+0.41%,11,ー倍,ー倍,ー%
20260915,2757,アズパートナ,160A,東S,,"1,949",+11,+0.57%,11,5.36倍,1.36倍,4.10%
20260915,2758,ＧＸウラン,224A,東Ｅ,,"1,501",-38,-2.47%,11,ー倍,ー倍,ー%
20260915,2759,Ｓａｐｅｅｔ,269A,東G,,"2,880",+65,+2.31%,11,34.8倍,6.68倍,ー%
20260915,2760,プログレス,339A,東G,,909,+5,+0.55%,11,6.89倍,1.20倍,3.30%
20260915,2761,エータイ,369A,東G,,"2,620",-13,-0.49%,11,19.5倍,3.41倍,2.06%
20260915,2762,ＵＮＩＣＯＮ,407A,東S,,926,-8,-0.86%,11,8.32倍,2.20倍,4.86%
20260915,2763,玉井船,9127,東S,,"3,625",-75,-2.03%,11,9.90倍,0.70倍,3.03%
20260915,2764,キムラユニテ,9368,東S,,962,+7,+0.73%,11,10.3倍,0.89倍,3.95%
20260915,2765,フォーバルＲ,9423,東S,,105,+1,+0.96%,11,20.4倍,3.68倍,2.86%
20260915,2766,ＭＴＩ,9438,東P,,599,+4,+0.67%,11,12.4倍,1.70倍,3.34%
20260915,2767,中央経済ＨＤ,9476,東S,,"1,010",+24,+2.43%,11,31.0倍,0.88倍,1.29%
20260915,2768,セゾンテク,9640,東S,,"1,983",+16,+0.81%,11,32.1倍,2.37倍,4.54%
20260915,2769,東洋テク,9686,東S,,"1,731",-4,-0.23%,11,14.5倍,0.79倍,4.10%
20260915,2770,太洋物産,9941,東S,,"1,171",+3,+0.26%,11,15.8倍,2.58倍,ー%
20260915,2771,セルソース,4880,東S,,326,+2,+0.62%,11,ー倍,1.09倍,ー%
20260915,2772,ＳＭＤ２２５,1397,東Ｅ,,"64,260",+70,+0.11%,11,ー倍,ー倍,ー%
20260915,2773,ＭＸ海外株式,1550,東Ｅ,,"7,836",+8,+0.10%,11,ー倍,ー倍,ー%
20260915,2774,上場新興国債,1566,東Ｅ,,"51,640",-20,-0.04%,11,ー倍,ー倍,ー%
20260915,2775,バルニバービ,3418,東G,,"1,051",+1,+0.10%,11,34.8倍,1.90倍,0.71%
20260915,2776,サツドラＨＤ,3544,東S,,"1,249",0,0.00%,11,ー倍,1.70倍,ー%
20260915,2777,ほぼ日,3560,東S,,"4,305",+30,+0.70%,11,20.8倍,1.79倍,2.09%
20260915,2778,アスリナ,3647,東S,,119,+1,+0.85%,11,ー倍,3.14倍,ー%
20260915,2779,アーバネット,3242,東S,,524,0,0.00%,10,9.00倍,0.99倍,4.58%
20260915,2780,アールエイジ,3248,東S,,897,+8,+0.90%,10,12.4倍,0.59倍,4.01%
20260915,2781,デュアルＴ,3469,東S,,870,-20,-2.25%,10,63.5倍,1.45倍,1.44%
20260915,2782,メディカルＮ,3645,東S,,255,-3,-1.16%,10,16.2倍,1.18倍,1.18%
20260915,2783,フォーシーズ,3726,東S,,399,0,0.00%,10,ー倍,2.68倍,ー%
20260915,2784,イムラ,3955,東S,,861,+28,+3.36%,10,18.8倍,0.48倍,3.48%
20260915,2785,ＵＦＨＤ,4235,東S,,671,+1,+0.15%,10,25.5倍,0.71倍,5.22%
20260915,2786,ＢＢＳｅｃ,4398,東S,,"1,321",-17,-1.27%,10,12.4倍,2.41倍,1.29%
20260915,2787,東海ソフト,4430,東S,,"1,760",0,0.00%,10,9.38倍,1.24倍,3.81%
20260915,2788,ピーエイ,4766,東S,,199,-9,-4.33%,10,21.4倍,4.39倍,2.61%
20260915,2789,リビングＰＦ,7091,東G,,"1,247",+1,+0.08%,10,13.1倍,2.15倍,0.40%
20260915,2790,ｉ３,4495,東G,,"2,061",+13,+0.63%,10,12.7倍,3.31倍,1.94%
20260915,2791,ＳＴＩＦＨＤ,2932,東S,,"1,096",-3,-0.27%,10,11.5倍,1.86倍,3.65%
20260915,2792,ＭＸ米ＳＰ有,2630,東Ｅ,,"15,910",-40,-0.25%,10,ー倍,ー倍,ー%
20260915,2793,野村米十債,2647,東Ｅ,,"5,544",+5,+0.09%,10,ー倍,ー倍,ー%
20260915,2794,アトラスＴ,9563,東G,,340,+9,+2.72%,10,34.3倍,1.38倍,2.06%
20260915,2795,フマキラ,4998,東S,,"1,170",+6,+0.52%,10,11.8倍,0.70倍,2.05%
20260915,2796,那須鉄,5922,東S,,"19,910",ー,ー%,10,13.3倍,0.68倍,2.26%
20260915,2797,不二サッシ,5940,東S,,748,+1,+0.13%,10,5.86倍,0.38倍,4.01%
20260915,2798,ＺＥＴＡ,6031,東S,,277,+3,+1.09%,10,18.5倍,6.70倍,1.62%
20260915,2799,エーワン精密,6156,東S,,"1,843",+25,+1.38%,10,36.7倍,1.25倍,5.43%
20260915,2800,ゲームカード,6249,東S,,"2,885",+8,+0.28%,10,16.9倍,0.67倍,3.47%
20260915,2801,ギグワークス,2375,東S,,197,-2,-1.01%,10,78.5倍,1.49倍,1.02%
20260915,2802,太陽化,2902,名M,,"2,740",+10,+0.37%,10,9.56倍,0.83倍,3.69%
20260915,2803,篠崎屋,2926,東S,,123,+1,+0.82%,10,ー倍,1.52倍,3.25%
20260915,2804,ＡＦＣ－ＨＤ,2927,東S,,855,-3,-0.35%,10,8.06倍,0.77倍,4.68%
20260915,2805,Ｈａｍｅｅ,3134,東S,,283,-5,-1.74%,10,19.7倍,0.65倍,1.06%
20260915,2806,豊トラスティ,8747,東S,,"2,170",-32,-1.45%,10,ー倍,0.72倍,ー%
20260915,2807,識学,7049,東G,,775,-2,-0.26%,10,ー倍,2.16倍,ー%
20260915,2808,Ｃａｓａ,7196,東S,,749,+13,+1.77%,10,36.4倍,1.07倍,2.67%
20260915,2809,エフテック,7212,東S,,739,+3,+0.41%,10,17.2倍,0.23倍,2.71%
20260915,2810,アイリック,7325,東G,,685,-10,-1.44%,10,12.6倍,1.44倍,4.67%
20260915,2811,安楽亭,7562,東S,,"3,840",+5,+0.13%,10,23.3倍,2.11倍,0.39%
20260915,2812,国際計測,7722,東S,,779,+7,+0.91%,10,10.5倍,0.85倍,5.13%
20260915,2813,ホクリヨウ,1384,東S,,"2,184",-1,-0.05%,10,8.14倍,1.07倍,3.66%
20260915,2814,野村情通サ他,1626,東Ｅ,,"49,510",+810,+1.66%,10,ー倍,ー倍,ー%
20260915,2815,ＷＴ金,1672,東Ｅ,,"61,480",-440,-0.71%,10,ー倍,ー倍,ー%
20260915,2816,ＷＴ小麦,1695,東Ｅ,,"3,490",+11,+0.32%,10,ー倍,ー倍,ー%
20260915,2817,オーテック,1736,東S,,"2,430",+29,+1.21%,10,9.91倍,1.42倍,4.03%
20260915,2818,巴,1921,東S,,"1,903",-14,-0.73%,10,24.6倍,0.85倍,1.26%
20260915,2819,ブティックス,9272,東G,,"1,450",+16,+1.12%,10,9.90倍,5.56倍,ー%
20260915,2820,オオバ,9765,東P,,"1,177",+6,+0.51%,10,12.8倍,1.30倍,3.74%
20260915,2821,Ｏｎｅ中国５,2553,東Ｅ,,"2,397.5",+48.5,+2.06%,10,ー倍,ー倍,ー%
20260915,2822,ＦフォースＧ,7068,東G,,601,-3,-0.50%,10,9.41倍,3.91倍,3.33%
20260915,2823,クラダシ,5884,東G,,601,-22,-3.53%,10,24.1倍,4.31倍,ー%
20260915,2824,ｉＳ米増配株,2014,東Ｅ,,308.4,-0.4,-0.13%,10,ー倍,ー倍,ー%
20260915,2825,ＧＸＵＲ２０,2018,東Ｅ,,"1,213",-14,-1.14%,10,ー倍,ー倍,ー%
20260915,2826,ＧＸ超長米Ｈ,179A,東Ｅ,,235.1,-0.7,-0.30%,10,ー倍,ー倍,ー%
20260915,2827,コーディア,190A,東G,,69,0,0.00%,10,ー倍,2.29倍,ー%
20260915,2828,ブッキングＲ,324A,東G,,712,-7,-0.97%,10,10.3倍,2.10倍,ー%
20260915,2829,みのや,386A,東S,,"1,251",+1,+0.08%,10,13.0倍,1.15倍,2.40%
20260915,2830,ｉＳシルバー,568A,東Ｅ,,159.6,-1.5,-0.93%,10,ー倍,ー倍,ー%
20260915,2831,リブコンサル,480A,東G,,931,-1,-0.11%,10,10.6倍,1.62倍,ー%
20260915,2832,丸藤パ,8046,東S,,967,-3,-0.31%,9,9.53倍,0.51倍,3.93%
20260915,2833,富山銀,8365,東S,,"2,317",+2,+0.09%,9,11.8倍,0.39倍,2.37%
20260915,2834,日産証券Ｇ,8705,東S,,224,0,0.00%,9,ー倍,0.88倍,ー%
20260915,2835,ＳＹＳＨＤ,3988,東S,,559,-1,-0.18%,9,8.91倍,1.39倍,1.61%
20260915,2836,タイガポリ,4231,東S,,"1,027",+5,+0.49%,9,8.25倍,0.42倍,3.70%
20260915,2837,Ｍマート,4380,東G,,699,-13,-1.83%,9,15.0倍,3.02倍,1.86%
20260915,2838,プロパスト,3236,東S,,277,0,0.00%,9,5.67倍,0.67倍,3.61%
20260915,2839,セントラル総,3238,東S,,383,+1,+0.26%,9,9.20倍,0.35倍,3.39%
20260915,2840,クロスプラス,3320,東S,,"1,301",-5,-0.38%,9,10.8倍,0.50倍,4.61%
20260915,2841,昭和真空,6384,東S,,"1,713",+3,+0.18%,9,18.9倍,0.91倍,4.09%
20260915,2842,神戸天然物化,6568,東G,,"1,229",-11,-0.89%,9,14.7倍,0.67倍,2.69%
20260915,2843,ユビテック,6662,東S,,223,-3,-1.33%,9,ー倍,2.15倍,ー%
20260915,2844,サーティワン,2268,東S,,"4,060",-5,-0.12%,9,21.7倍,2.55倍,1.48%
20260915,2845,ｆｏｎｆｕｎ,2323,東S,,343,+9,+2.69%,9,16.2倍,5.14倍,ー%
20260915,2846,ホドルワン,2345,東S,,101,-5,-4.72%,9,ー倍,26.4倍,ー%
20260915,2847,シスロケ,2480,東S,,"1,900",+121,+6.80%,9,16.5倍,1.64倍,2.00%
20260915,2848,ＭＸＪリコア,2517,東Ｅ,,"1,062.5",-3.5,-0.33%,9,ー倍,ー倍,ー%
20260915,2849,北海コカ,2573,東S,,"4,065",-5,-0.12%,9,50.3倍,1.27倍,0.74%
20260915,2850,チムニー,3178,東S,,"1,208",0,0.00%,9,93.2倍,3.65倍,0.41%
20260915,2851,ビイングＨＤ,9145,東S,,580,+4,+0.69%,9,9.91倍,1.65倍,2.59%
20260915,2852,ｉＳＧＪリト,2852,東Ｅ,,171.7,-0.3,-0.17%,9,ー倍,ー倍,ー%
20260915,2853,Ａ＆ＡＭ,5391,東S,,"1,510",+17,+1.14%,9,6.96倍,0.50倍,4.64%
20260915,2854,中西製,5941,東S,,"2,696",-6,-0.22%,9,8.38倍,0.79倍,3.71%
20260915,2855,アトラＧ,6029,東S,,191,+5,+2.69%,9,134倍,1.21倍,ー%
20260915,2856,ミトラＧ,6093,東S,,161,+3,+1.90%,9,16.5倍,2.14倍,3.73%
20260915,2857,土木管理,6171,東S,,371,-1,-0.27%,9,11.6倍,1.01倍,3.23%
20260915,2858,アソインター,9340,東S,,799,+8,+1.01%,9,14.2倍,2.43倍,3.50%
20260915,2859,ＱＬＳＨＤ,7075,東G,,"1,008",+9,+0.90%,9,10.4倍,3.32倍,1.09%
20260915,2860,マスカットＧ,195A,東G,,706,+6,+0.86%,9,ー倍,2.78倍,ー%
20260915,2861,ｉＦ米債３無,381A,東Ｅ,,"2,084",+3,+0.14%,9,ー倍,ー倍,ー%
20260915,2862,ｉＳＱＴＯＰ,392A,東Ｅ,,266.8,+1.8,+0.68%,9,ー倍,ー倍,ー%
20260915,2863,純パラ信託,1543,東Ｅ,,"57,740",0,0.00%,9,ー倍,ー倍,ー%
20260915,2864,ＷＴコーン,1696,東Ｅ,,"3,192",+42,+1.33%,9,ー倍,ー倍,ー%
20260915,2865,フジ日本,2114,東S,,674,-1,-0.15%,9,13.8倍,1.24倍,2.82%
20260915,2866,今村証券,7175,東S,,"1,986",+37,+1.90%,9,ー倍,0.74倍,ー%
20260915,2867,日本プラスト,7291,東S,,466,+2,+0.43%,9,5.48倍,0.23倍,5.36%
20260915,2868,タカショー,7590,東S,,398,+7,+1.79%,9,55.9倍,0.52倍,1.26%
20260915,2869,ＮａＩＴＯ,7624,東S,,158,0,0.00%,9,32.1倍,0.66倍,2.53%
20260915,2870,岡県運送,9063,東S,,"4,110",-10,-0.24%,9,7.37倍,0.30倍,1.70%
20260915,2871,ＳＦＪ,9206,東S,,"1,970",+35,+1.81%,9,25.2倍,-3.4倍,ー%
20260915,2872,名港海,9357,名M,,"2,520",+31,+1.25%,9,12.5倍,0.52倍,3.97%
20260915,2873,東京インフラ,9285,東IF,,"40,100",-250,-0.62%,8,14.6倍,0.49倍,7.37%
20260915,2874,ビート,9399,東S,,13,-1,-7.14%,8,ー倍,ー倍,ー%
20260915,2875,ＣＢＣ,9402,名P,,"1,271",+3,+0.24%,8,21.3倍,0.41倍,1.97%
20260915,2876,テアトル,9633,東S,,"1,900",-3,-0.16%,8,4.77倍,0.66倍,1.58%
20260915,2877,上場ダウヘ有,2562,東Ｅ,,"3,631",-14,-0.38%,8,ー倍,ー倍,ー%
20260915,2878,日本インシュ,5368,東S,,998,-7,-0.70%,8,11.8倍,0.59倍,4.01%
20260915,2879,ペイクラウド,4015,東G,,518,+8,+1.57%,8,22.2倍,1.73倍,ー%
20260915,2880,東京通信Ｇ,7359,東G,,282,+4,+1.44%,8,25.8倍,3.16倍,ー%
20260915,2881,ＧＸデジ日株,2626,東Ｅ,,"3,370",+15,+0.45%,8,ー倍,ー倍,ー%
20260915,2882,ＢＣＣ,7376,東G,,785,-15,-1.88%,8,ー倍,3.28倍,ー%
20260915,2883,くふうカンパ,4376,東G,,178,+12,+7.23%,8,ー倍,1.29倍,ー%
20260915,2884,エコシステム,9249,東S,,"1,617",-12,-0.74%,8,24.5倍,2.28倍,1.11%
20260915,2885,フレクト,4414,東G,,"1,080",-3,-0.28%,8,7.77倍,2.55倍,ー%
20260915,2886,野村ナスＨ有,2845,東Ｅ,,"3,490",+11,+0.32%,8,ー倍,ー倍,ー%
20260915,2887,ＫＹＯＲＩＴ,7795,東S,,215,+3,+1.42%,8,12.0倍,0.51倍,3.72%
20260915,2888,エルテス,3967,東G,,566,-5,-0.88%,8,19.4倍,1.98倍,ー%
20260915,2889,片倉コープ,4031,東S,,"1,089",+15,+1.40%,8,19.5倍,0.42倍,2.57%
20260915,2890,チタン,4098,東S,,994,+1,+0.10%,8,14.1倍,0.56倍,1.21%
20260915,2891,日ピグＨＤ,4119,東S,,"5,980",-30,-0.50%,8,7.22倍,0.41倍,1.67%
20260915,2892,チムスピ,4397,東G,,401,-2,-0.50%,8,19.1倍,4.65倍,ー%
20260915,2893,ＳＭＥＪ,4772,東G,,72,+1,+1.41%,8,33.0倍,1.20倍,1.39%
20260915,2894,ガーラ,4777,東S,,197,-2,-1.01%,8,ー倍,7.92倍,ー%
20260915,2895,ｉＦ金米国債,626A,東Ｅ,,"1,875",-22,-1.16%,8,ー倍,ー倍,ー%
20260915,2896,ＰＲ日短債１,636A,東Ｅ,,901.9,-0.1,-0.01%,8,ー倍,ー倍,ー%
20260915,2897,ＧＸ純銀Ｈ,578A,東Ｅ,,243.4,-2.5,-1.02%,8,ー倍,ー倍,ー%
20260915,2898,ＯＵＧＨＤ,8041,東S,,"4,630",+30,+0.65%,8,7.81倍,0.60倍,3.71%
20260915,2899,ナイス,8089,東S,,"1,980",-18,-0.90%,8,7.22倍,0.38倍,3.99%
20260915,2900,ナガホリ,8139,東S,,"2,220",+34,+1.56%,8,56.7倍,2.44倍,0.68%
20260915,2901,ソマール,8152,東S,,"7,250",-40,-0.55%,8,5.60倍,0.60倍,1.38%
20260915,2902,ヒガシＨＤ,9029,東S,,"1,796",-16,-0.88%,8,8.72倍,1.44倍,3.45%
20260915,2903,野村新興国株,2520,東Ｅ,,"2,261",-18,-0.79%,8,ー倍,ー倍,ー%
20260915,2904,ユニカフェ,2597,東S,,"1,242",-26,-2.05%,8,23.8倍,2.23倍,ー%
20260915,2905,ベクターＨＤ,2656,東S,,158,+1,+0.64%,8,14.9倍,3.46倍,ー%
20260915,2906,カネ美食品,2669,東S,,"3,900",0,0.00%,8,20.9倍,1.22倍,0.97%
20260915,2907,ＰＣＮＥＴ,3021,東S,,"1,591",+7,+0.44%,8,9.47倍,2.09倍,4.09%
20260915,2908,銚子丸,3075,東S,,"1,640",-12,-0.73%,8,26.2倍,2.26倍,0.91%
20260915,2909,レカム,3323,東S,,92,-1,-1.08%,8,23.5倍,1.28倍,1.30%
20260915,2910,イノベＨＤ,3484,東S,,"1,200",+3,+0.25%,8,15.8倍,4.36倍,2.83%
20260915,2911,ＳＭＩＮＯＥ,3501,東P,,"1,175",+4,+0.34%,8,10.8倍,0.47倍,3.57%
20260915,2912,ヴィクトン,3840,東S,,61,-1,-1.61%,8,ー倍,2.80倍,ー%
20260915,2913,ユビＡＩ,3858,東S,,304,-1,-0.33%,8,ー倍,1.54倍,ー%
20260915,2914,タカトリ,6338,東S,,"1,613",+28,+1.77%,8,26.1倍,0.87倍,2.48%
20260915,2915,ディスラプタ,6538,東S,,252,+3,+1.20%,8,8.50倍,1.87倍,1.98%
20260915,2916,ＡＳＴＩ,6899,東S,,"2,298",+25,+1.10%,8,10.3倍,0.29倍,3.48%
20260915,2917,ＣＲＧＨＤ,7041,東G,,343,-2,-0.58%,8,19.1倍,0.64倍,2.62%
20260915,2918,島根銀行,7150,東S,,521,-8,-1.51%,8,27.8倍,0.80倍,1.92%
20260915,2919,エイケン工業,7265,東S,,"3,655",ー,ー%,8,12.5倍,0.60倍,3.01%
20260915,2920,アビックス,7836,東S,,75,-1,-1.32%,8,15.2倍,1.40倍,ー%
20260915,2921,ウッドワン,7898,東S,,907,-18,-1.95%,8,21.1倍,0.19倍,2.65%
20260915,2922,アイビス,9343,東G,,792,+3,+0.38%,8,15.6倍,4.69倍,1.52%
20260915,2923,ｉＦＳＰＷベ,2249,東Ｅ,,"9,591",+41,+0.43%,8,ー倍,ー倍,ー%
20260915,2924,インシュア,5843,東S,,"2,324",+6,+0.26%,8,9.33倍,2.19倍,1.08%
20260915,2925,ロココ,5868,東S,,"1,058",0,0.00%,8,9.65倍,1.38倍,3.78%
20260915,2926,ＧＸ超長米債,180A,東Ｅ,,268.7,+0.5,+0.19%,8,ー倍,ー倍,ー%
20260915,2927,ｉＦ台湾テク,413A,東Ｅ,,"3,691",-19,-0.51%,8,ー倍,ー倍,ー%
20260915,2928,クニミネ,5388,東S,,"1,360",+11,+0.82%,8,12.3倍,0.74倍,2.94%
20260915,2929,日本スキー,6040,東G,,463,-2,-0.43%,8,13.6倍,2.10倍,1.08%
20260915,2930,エンバイオＨ,6092,東S,,801,0,0.00%,8,9.42倍,0.69倍,3.00%
20260915,2931,フリークＨＤ,6094,東G,,525,+5,+0.96%,8,11.6倍,0.77倍,ー%
20260915,2932,日基技,1914,東S,,800,-2,-0.25%,8,9.70倍,0.59倍,3.75%
20260915,2933,鳥越粉,2009,東S,,"1,110",+2,+0.18%,8,23.1倍,0.70倍,4.41%
20260915,2934,米国配当貴族,2044,東EN,,"33,600",+370,+1.11%,8,ー倍,ー倍,ー%
20260915,2935,コイケヤ,2226,東S,,"4,925",-10,-0.20%,8,20.2倍,2.46倍,1.12%
20260915,2936,上場高配低ボ,1399,東Ｅ,,"3,219",+2,+0.06%,7,ー倍,ー倍,ー%
20260915,2937,ＮＹダウブル,2040,東EN,,"38,020",-410,-1.07%,7,ー倍,ー倍,ー%
20260915,2938,クルーズ,2138,東S,,433,-2,-0.46%,7,86.3倍,0.48倍,ー%
20260915,2939,ソーバル,2186,東S,,898,-3,-0.33%,7,16.8倍,1.57倍,3.67%
20260915,2940,フィルＣ,3267,東S,,629,+3,+0.48%,7,12.5倍,1.04倍,3.97%
20260915,2941,サンセイラン,3277,東S,,836,-2,-0.24%,7,6.22倍,0.91倍,4.49%
20260915,2942,日本麻,3306,東S,,692,-19,-2.67%,7,"1,081倍",1.55倍,0.58%
20260915,2943,デリカフＨＤ,3392,東S,,803,-1,-0.12%,7,7.47倍,1.25倍,3.36%
20260915,2944,ケーエフシー,3420,東S,,"1,556",+1,+0.06%,7,10.6倍,0.52倍,4.50%
20260915,2945,アグレ都市,3467,東S,,"2,729",+40,+1.49%,7,6.84倍,1.89倍,5.13%
20260915,2946,イチカワ,3513,東S,,"3,500",-10,-0.28%,7,16.4倍,0.58倍,2.86%
20260915,2947,ビリングシス,3623,東G,,"1,268",+7,+0.56%,7,13.5倍,2.48倍,2.56%
20260915,2948,電算,3640,東S,,"2,810",+36,+1.30%,7,9.19倍,0.99倍,3.56%
20260915,2949,ホットリンク,3680,東G,,203,-1,-0.49%,7,34.9倍,0.80倍,3.05%
20260915,2950,アプリックス,3727,東G,,169,+4,+2.42%,7,ー倍,1.11倍,1.18%
20260915,2951,インタートレ,3747,東S,,405,0,0.00%,7,37.3倍,2.47倍,ー%
20260915,2952,はてな,3930,東G,,770,-5,-0.65%,7,19.7倍,1.26倍,ー%
20260915,2953,サインポスト,3996,東S,,207,+6,+2.99%,7,29.8倍,1.40倍,2.42%
20260915,2954,Ａｍａｚｉａ,4424,東G,,328,-2,-0.61%,7,ー倍,2.78倍,ー%
20260915,2955,ミンカブ,4436,東G,,418,+4,+0.97%,7,12.9倍,4.69倍,ー%
20260915,2956,大和自,9082,東S,,"2,221",-179,-7.46%,7,101倍,1.04倍,0.45%
20260915,2957,アジア航,9233,東S,,"1,152",-6,-0.52%,7,12.6倍,0.95倍,3.82%
20260915,2958,伊勢湾,9359,名M,,948,+12,+1.28%,7,9.66倍,0.47倍,3.16%
20260915,2959,ＫＳＫ,9687,東S,,"4,580",-65,-1.40%,7,12.1倍,1.55倍,4.19%
20260915,2960,ＮＣＳ＆Ａ,9709,東S,,"1,212",-19,-1.54%,7,9.83倍,1.32倍,4.79%
20260915,2961,リリカラ,9827,東S,,630,0,0.00%,7,11.6倍,1.02倍,5.71%
20260915,2962,アシードＨＤ,9959,東S,,939,-1,-0.11%,7,11.6倍,1.42倍,2.56%
20260915,2963,野村米社債Ｈ,2554,東Ｅ,,729.3,-2.4,-0.33%,7,ー倍,ー倍,ー%
20260915,2964,Ｂ＆Ｐ,7804,東S,,"2,396",-8,-0.33%,7,11.1倍,1.40倍,3.63%
20260915,2965,ツクルバ,2978,東G,,337,-7,-2.03%,7,47.3倍,2.75倍,ー%
20260915,2966,スポーツＦ,7080,東G,,882,+14,+1.61%,7,7.66倍,2.30倍,2.61%
20260915,2967,ＧＸロジ日Ｒ,2565,東Ｅ,,871,-3,-0.34%,7,ー倍,ー倍,ー%
20260915,2968,上場ＥＳＧリ,2566,東Ｅ,,996,-2,-0.20%,7,ー倍,ー倍,ー%
20260915,2969,室町ケミカル,4885,東S,,853,-7,-0.81%,7,9.81倍,1.33倍,3.05%
20260915,2970,グローバルＳ,7126,東S,,"1,419",-37,-2.54%,7,7.29倍,1.38倍,ー%
20260915,2971,デジタリフト,9244,東G,,"1,405",+4,+0.29%,7,18.3倍,2.58倍,ー%
20260915,2972,リベロ,9245,東G,,"1,951",0,0.00%,7,13.9倍,3.31倍,2.15%
20260915,2973,ＧＥＩ,9212,東G,,266,-6,-2.21%,7,20.7倍,1.76倍,ー%
20260915,2974,野村ダウＨ有,2846,東Ｅ,,"2,516",-15,-0.59%,7,ー倍,ー倍,ー%
20260915,2975,エフビー介護,9220,東S,,"1,299",+7,+0.54%,7,6.23倍,0.79倍,3.31%
20260915,2976,ビジコーチ,9562,東G,,649,-43,-6.21%,7,550倍,2.10倍,2.62%
20260915,2977,プロパテクノ,5527,東G,,732,-3,-0.41%,7,7.02倍,1.05倍,3.42%
20260915,2978,ドーン,2303,東S,,"1,378",+11,+0.80%,7,16.9倍,2.74倍,1.16%
20260915,2979,シンワワイズ,2437,東S,,611,-2,-0.33%,7,66.0倍,3.20倍,ー%
20260915,2980,ＵＮＩＴＥＤ,2497,東G,,529,-3,-0.56%,7,790倍,1.20倍,4.16%
20260915,2981,マルサンアイ,2551,名M,,"3,620",+10,+0.28%,7,9.93倍,1.06倍,0.83%
20260915,2982,ＪＨＤ,2721,東S,,105,-1,-0.94%,7,ー倍,4.47倍,ー%
20260915,2983,Ｔアルファ,3089,東S,,"1,061",+12,+1.14%,7,ー倍,0.81倍,3.30%
20260915,2984,ＢＲＵＮＯ,3140,東G,,"1,015",0,0.00%,7,20.5倍,2.42倍,1.13%
20260915,2985,ｉＳ国債〇一,570A,東Ｅ,,901.3,+0.2,+0.02%,7,ー倍,ー倍,ー%
20260915,2986,カノークス,8076,東S,,"2,106",-22,-1.03%,7,10.0倍,0.62倍,5.03%
20260915,2987,ａｂｃ,8783,東S,,51,0,0.00%,7,ー倍,0.28倍,ー%
20260915,2988,エリアクエス,8912,東S,,156,0,0.00%,7,16.4倍,1.72倍,2.56%
20260915,2989,鋳鉄管,5612,東S,,"1,570",-5,-0.32%,7,24.0倍,0.52倍,1.59%
20260915,2990,共栄セキュリ,7058,東S,,"3,060",-35,-1.13%,7,6.33倍,0.87倍,3.92%
20260915,2991,あんしん保証,7183,東S,,254,0,0.00%,7,ー倍,1.76倍,ー%
20260915,2992,岡谷鋼機,7485,名P,,"5,010",-30,-0.60%,7,6.89倍,0.40倍,1.72%
20260915,2993,コナカ,7494,東S,,243,+1,+0.41%,7,5.18倍,0.48倍,4.12%
20260915,2994,うかい,7621,東S,,"3,405",-10,-0.29%,7,ー倍,3.92倍,0.44%
20260915,2995,ＪＭＳ,7702,東S,,456,+4,+0.88%,7,18.7倍,0.27倍,3.73%
20260915,2996,黒田精,7726,東S,,"1,393",+27,+1.98%,7,23.7倍,0.65倍,1.44%
20260915,2997,ホクシン,7897,東S,,106,+1,+0.95%,7,23.1倍,0.51倍,1.89%
20260915,2998,シリウスＶ,6276,東S,,364,-2,-0.55%,7,3.26倍,0.80倍,ー%
20260915,2999,フリージア,6343,東S,,147,+1,+0.68%,7,4.14倍,0.39倍,0.41%
20260915,3000,ＩＩＦ,6545,東G,,783,-9,-1.14%,7,9.76倍,2.34倍,3.19%
20260915,3001,ツナグＧＨＤ,6551,東S,,620,0,0.00%,7,7.50倍,2.16倍,3.23%
20260915,3002,ライトアップ,6580,東G,,865,-8,-0.92%,7,8.91倍,1.40倍,2.20%
20260915,3003,アルチザ,6778,東S,,623,-3,-0.48%,7,19.9倍,0.81倍,4.01%
20260915,3004,アクシスＣ,9344,東G,,"1,305",-27,-2.03%,7,13.0倍,1.93倍,3.14%
20260915,3005,ＷＴＯＫＹＯ,9159,東G,,"1,940",-3,-0.15%,7,18.9倍,2.77倍,ー%
20260915,3006,ジョイフル,9942,福証,,"1,288",+3,+0.23%,7,9.02倍,2.57倍,0.78%
20260915,3007,クオルテック,9165,東G,,"1,782",+22,+1.25%,7,10.6倍,1.17倍,2.64%
20260915,3008,サキガケＨＤ,5891,東S,,"1,688",-13,-0.76%,7,38.2倍,1.97倍,1.36%
20260915,3009,Ｇモンスター,157A,東G,,747,+15,+2.05%,7,ー倍,2.31倍,ー%
20260915,3010,ウェルネス,366A,東G,,"1,143",-1,-0.09%,7,12.4倍,2.57倍,3.50%
20260915,3011,野村台湾テク,412A,東Ｅ,,"4,259",-1,-0.02%,7,ー倍,ー倍,ー%
20260915,3012,ＧＭＯコマス,410A,東G,,"1,130",0,0.00%,7,14.4倍,2.33倍,4.47%
20260915,3013,ＳＳ米高配,451A,東Ｅ,,286.4,-0.1,-0.03%,7,ー倍,ー倍,ー%
20260915,3014,グロービー,5575,東G,,"1,157",+34,+3.03%,6,13.4倍,5.16倍,ー%
20260915,3015,ノイル,4893,東G,,139,-1,-0.71%,6,ー倍,1.69倍,ー%
20260915,3016,ＧＸＵＳＤＶ,2253,東Ｅ,,"1,313",-5,-0.38%,6,ー倍,ー倍,ー%
20260915,3017,高配当成長,345A,東EN,,"15,560",-40,-0.26%,6,ー倍,ー倍,ー%
20260915,3018,ＳＭＤ日グ株,349A,東Ｅ,,804.9,-4.2,-0.52%,6,ー倍,ー倍,ー%
20260915,3019,野村ＳＰ配貴,364A,東Ｅ,,"2,399",+9,+0.38%,6,ー倍,ー倍,ー%
20260915,3020,ｉＳ円高ハン,488A,東Ｅ,,786.3,-3.9,-0.49%,6,ー倍,ー倍,ー%
20260915,3021,フィットクル,469A,東G,,"1,729",+23,+1.35%,6,12.5倍,2.16倍,ー%
20260915,3022,ナトコ,4627,東S,,"1,916",0,0.00%,6,9.92倍,0.56倍,2.82%
20260915,3023,イマジニア,4644,東S,,"1,058",+3,+0.28%,6,20.4倍,0.83倍,5.67%
20260915,3024,ｉシェア４百,1364,東Ｅ,,"3,711",-20,-0.54%,6,ー倍,ー倍,ー%
20260915,3025,リブワーク,1431,東G,,654,+1,+0.15%,6,54.4倍,3.25倍,0.98%
20260915,3026,ｉＳＨＹ債Ｈ,1497,東Ｅ,,"1,719",-2,-0.12%,6,ー倍,ー倍,ー%
20260915,3027,野村建設資材,1619,東Ｅ,,"43,910",-140,-0.32%,6,ー倍,ー倍,ー%
20260915,3028,ＷＴ穀物,1688,東Ｅ,,613.0,+10.0,+1.66%,6,ー倍,ー倍,ー%
20260915,3029,塩水糖,2112,東S,,464,0,0.00%,6,7.11倍,0.58倍,3.45%
20260915,3030,ＣＤＳ,2169,東S,,"1,725",-4,-0.23%,6,17.7倍,1.33倍,4.29%
20260915,3031,ブルボン,2208,東S,,"3,140",+5,+0.16%,6,18.5倍,1.12倍,1.40%
20260915,3032,コモ,2224,東S,,"3,715",+5,+0.13%,6,63.0倍,5.88倍,0.19%
20260915,3033,ダイトウボウ,3202,東S,,130,0,0.00%,6,32.3倍,0.79倍,2.31%
20260915,3034,フジタコーポ,3370,東S,,470,+5,+1.08%,6,12.8倍,6.35倍,0.64%
20260915,3035,ケイブ,3760,東S,,710,+13,+1.87%,6,3.65倍,1.71倍,ー%
20260915,3036,いい生活,3796,東S,,328,+1,+0.31%,6,23.2倍,2.32倍,0.91%
20260915,3037,イメージ情報,3803,東G,,586,-21,-3.46%,6,ー倍,3.24倍,ー%
20260915,3038,ＳＩ,3826,東S,,495,-2,-0.40%,6,13.6倍,1.23倍,2.22%
20260915,3039,ＯＤＫ,3839,東S,,623,+1,+0.16%,6,17.0倍,0.82倍,1.61%
20260915,3040,アイリッジ,3917,東G,,489,0,0.00%,6,12.8倍,1.32倍,ー%
20260915,3041,メディネット,2370,東G,,24,0,0.00%,6,ー倍,2.01倍,ー%
20260915,3042,総医研ＨＤ,2385,東G,,213,0,0.00%,6,22.3倍,0.91倍,4.69%
20260915,3043,夢みつけ隊,2673,東S,,106,+1,+0.95%,6,ー倍,0.37倍,ー%
20260915,3044,和弘食品,2813,東S,,"3,895",-25,-0.64%,6,8.61倍,0.94倍,2.82%
20260915,3045,和心,9271,東G,,936,+28,+3.08%,6,11.8倍,3.95倍,1.28%
20260915,3046,杉村倉,9307,東S,,927,-11,-1.17%,6,17.6倍,0.85倍,1.62%
20260915,3047,ファイズＨＤ,9325,東S,,"1,050",-5,-0.47%,6,8.07倍,2.40倍,3.62%
20260915,3048,ワイヤレスＧ,9419,東S,,297,-1,-0.34%,6,12.9倍,1.89倍,ー%
20260915,3049,ベルパーク,9441,東S,,"2,964",+38,+1.30%,6,7.80倍,1.22倍,4.86%
20260915,3050,中日興,9643,名M,,"11,100",0,0.00%,6,118倍,1.62倍,0.54%
20260915,3051,アゴーラＨＧ,9704,東S,,27,0,0.00%,6,28.7倍,1.29倍,ー%
20260915,3052,東海リース,9761,東S,,"2,464",+11,+0.45%,6,9.72倍,0.49倍,4.87%
20260915,3053,ヤマザワ,9993,東S,,"1,152",-1,-0.09%,6,26.3倍,0.44倍,2.34%
20260915,3054,日創グループ,3440,東S,,857,0,0.00%,6,10.2倍,0.44倍,4.90%
20260915,3055,ＡＩクロス,4476,東G,,"1,081",-9,-0.83%,6,11.4倍,1.97倍,ー%
20260915,3056,野村ＳＰＨ有,2634,東Ｅ,,"3,129",-4,-0.13%,6,ー倍,ー倍,ー%
20260915,3057,ファブリカ,4193,東S,,"2,161",+4,+0.19%,6,12.4倍,3.04倍,2.41%
20260915,3058,アルマード,4932,東S,,826,+8,+0.98%,6,14.2倍,6.20倍,ー%
20260915,3059,ランドネット,2991,東S,,523,-7,-1.32%,6,4.03倍,0.95倍,2.49%
20260915,3060,サイエンスＡ,4412,東G,,"1,346",-9,-0.66%,6,58.1倍,7.09倍,0.07%
20260915,3061,ベースフード,2936,東G,,279,+5,+1.82%,6,ー倍,13.2倍,ー%
20260915,3062,アップコン,5075,名N,,"1,021",-9,-0.87%,6,20.4倍,2.21倍,ー%
20260915,3063,トリニ工,6382,東S,,"1,224",-2,-0.16%,6,10.1倍,0.58倍,4.98%
20260915,3064,ＫＶＫ,6484,東S,,"2,279",-18,-0.78%,6,8.32倍,0.59倍,3.73%
20260915,3065,旅工房,6548,東G,,128,-4,-3.03%,6,ー倍,3.42倍,ー%
20260915,3066,ＵＭＣエレ,6615,東S,,240,-1,-0.41%,6,ー倍,0.61倍,ー%
20260915,3067,ピクセラ,6731,東S,,100,0,0.00%,6,ー倍,3.77倍,ー%
20260915,3068,ＯＳＧコーポ,6757,東S,,889,-8,-0.89%,6,15.5倍,1.95倍,4.50%
20260915,3069,名古屋電機,6797,東S,,"1,207",-1,-0.08%,6,25.5倍,0.60倍,4.14%
20260915,3070,協立電機,6874,東S,,"2,350",+17,+0.73%,6,8.62倍,0.86倍,3.91%
20260915,3071,ソフィア,6942,東S,,"1,439",+3,+0.21%,6,953倍,2.22倍,ー%
20260915,3072,北電工,6989,東S,,"2,330",0,0.00%,6,15.2倍,0.70倍,4.08%
20260915,3073,アイビー,4918,東S,,292,-4,-1.35%,6,8.34倍,1.12倍,5.14%
20260915,3074,石塚硝,5204,東S,,"3,035",-5,-0.16%,6,5.91倍,0.32倍,2.37%
20260915,3075,美濃窯,5356,東S,,"1,243",+7,+0.57%,6,8.66倍,0.75倍,4.18%
20260915,3076,駒井ハルテク,5915,東S,,"2,413",-1,-0.04%,6,73.8倍,0.32倍,2.90%
20260915,3077,カネソウ,5979,名M,,"5,950",ー,ー%,6,12.3倍,0.54倍,3.36%
20260915,3078,モリテック,5986,東S,,258,+1,+0.39%,6,11.6倍,0.35倍,2.33%
20260915,3079,トレンダ,6069,東G,,670,+6,+0.90%,6,11.6倍,1.29倍,5.37%
20260915,3080,メタリアル,6182,東G,,514,+5,+0.98%,6,35.0倍,2.84倍,ー%
20260915,3081,Ｇキッズ,6189,東S,,"1,014",-2,-0.20%,6,13.8倍,1.18倍,3.94%
20260915,3082,藤商事,6257,東S,,"1,019",+6,+0.59%,6,10.2倍,0.51倍,5.40%
20260915,3083,興研,7963,東S,,"1,815",-9,-0.49%,6,10.6倍,0.64倍,1.93%
20260915,3084,ＤＡＩＫＯＸ,8023,東S,,"1,040",-17,-1.61%,6,7.47倍,0.98倍,3.65%
20260915,3085,テンアライド,8207,東S,,301,0,0.00%,6,251倍,10.2倍,ー%
20260915,3086,井筒屋,8260,東S,,392,+7,+1.82%,6,8.71倍,0.36倍,1.79%
20260915,3087,ＡＭＧＨＤ,8891,東S,,"2,006",-9,-0.45%,6,6.53倍,0.46倍,3.99%
20260915,3088,アバンティア,8904,東S,,822,+5,+0.61%,6,9.93倍,0.43倍,4.62%
20260915,3089,フロンティＭ,7038,東P,,580,+2,+0.35%,6,137倍,4.29倍,ー%
20260915,3090,南陽,7417,東S,,"1,899",+36,+1.93%,6,10.2倍,0.82倍,3.42%
20260915,3091,エコーＴＤ,7427,東S,,821,-3,-0.36%,6,6.63倍,0.42倍,3.65%
20260915,3092,ＣＡＰＩＴＡ,7462,東S,,403,-3,-0.74%,6,16.6倍,1.82倍,2.48%
20260915,3093,日新商,7490,東S,,"2,186",+1,+0.05%,6,ー倍,0.55倍,ー%
20260915,3094,アイナボＨＤ,7539,東S,,811,+3,+0.37%,6,11.8倍,0.69倍,3.21%
20260915,3095,ハークスレイ,7561,東S,,716,+5,+0.70%,6,8.27倍,0.51倍,4.19%
20260915,3096,ハンズマン,7636,東S,,795,+2,+0.25%,6,9.94倍,0.58倍,3.77%
20260915,3097,ヴィアＨＤ,7918,東S,,106,-2,-1.85%,6,161倍,-1.1倍,ー%
20260915,3098,ＴＤＳＥ,7046,東G,,"1,320",-10,-0.75%,5,33.0倍,1.18倍,0.76%
20260915,3099,ハウテレ,7064,東S,,"1,028",+65,+6.75%,5,103倍,1.74倍,ー%
20260915,3100,近畿車,7122,東S,,"2,403",+33,+1.39%,5,16.5倍,0.47倍,2.08%
20260915,3101,ウェッズ,7551,東S,,711,+6,+0.85%,5,10.6倍,0.64倍,3.09%
20260915,3102,栄電子,7567,東S,,602,0,0.00%,5,15.1倍,0.59倍,2.16%
20260915,3103,大研医器,7775,東S,,423,-1,-0.24%,5,20.6倍,1.60倍,4.73%
20260915,3104,ノダ,7879,東S,,670,-4,-0.59%,5,49.1倍,0.29倍,4.48%
20260915,3105,リーガル,7938,東S,,"2,102",0,0.00%,5,6.37倍,0.45倍,3.89%
20260915,3106,神姫バ,9083,東S,,"1,980",0,0.00%,5,10.9倍,0.45倍,2.27%
20260915,3107,白洋舎,9731,東S,,"3,375",-15,-0.44%,5,5.17倍,0.90倍,2.96%
20260915,3108,愛眼,9854,東S,,282,0,0.00%,5,28.1倍,0.44倍,ー%
20260915,3109,コックス,9876,東S,,216,+2,+0.93%,5,5.52倍,0.57倍,ー%
20260915,3110,蔵王産業,9986,東S,,"2,494",+1,+0.04%,5,18.1倍,1.05倍,4.01%
20260915,3111,ユナイト,4486,東G,,674,+2,+0.30%,5,11.0倍,2.20倍,2.37%
20260915,3112,ひとまいる,7686,東S,,438,0,0.00%,5,19.8倍,2.59倍,4.57%
20260915,3113,ＷＤＢココ,7079,東G,,"2,578",+40,+1.58%,5,9.12倍,1.32倍,3.88%
20260915,3114,エコモット,3987,東G,,622,-8,-1.27%,5,78.3倍,4.00倍,ー%
20260915,3115,松本油脂,4365,東S,,"25,000",-400,-1.57%,5,10.7倍,0.79倍,1.80%
20260915,3116,エーアイ,4388,東S,,378,+2,+0.53%,5,37.8倍,1.05倍,ー%
20260915,3117,プロパテＤＢ,4389,東G,,"1,034",-4,-0.39%,5,12.1倍,3.44倍,3.09%
20260915,3118,ニイタカ,4465,東S,,"2,354",-6,-0.25%,5,10.6倍,0.84倍,3.57%
20260915,3119,ｉＦＳＰベ,2238,東Ｅ,,"5,302",+9,+0.17%,5,ー倍,ー倍,ー%
20260915,3120,シーユーシー,9158,東G,,774,-2,-0.26%,5,20.6倍,0.68倍,ー%
20260915,3121,サイタＨＤ,1999,福証,,"3,800",0,0.00%,5,9.58倍,0.38倍,1.84%
20260915,3122,ヒガシマル,2058,福証,,"1,002",-20,-1.96%,5,29.9倍,0.88倍,1.20%
20260915,3123,アヴィレン,5591,東G,,870,+1,+0.12%,5,24.1倍,6.39倍,ー%
20260915,3124,ハッチワーク,148A,東G,,"1,700",+9,+0.53%,5,15.1倍,3.03倍,ー%
20260915,3125,ハンモック,173A,東G,,"1,539",-30,-1.91%,5,11.1倍,2.08倍,4.22%
20260915,3126,ｖｉｓｕｍｏ,303A,東G,,572,+1,+0.18%,5,55.9倍,1.70倍,ー%
20260915,3127,ＩＡＣＥトラ,343A,東S,,"1,310",+1,+0.08%,5,10.4倍,1.45倍,2.90%
20260915,3128,ニＳＰＥＷ無,426A,東Ｅ,,"1,184",+3,+0.25%,5,ー倍,ー倍,ー%
20260915,3129,ＳＳ金Ｈ,448A,東Ｅ,,257.0,-2.4,-0.93%,5,ー倍,ー倍,ー%
20260915,3130,インバウンド,497A,東EN,,"10,440",-10,-0.10%,5,ー倍,ー倍,ー%
20260915,3131,ｉＳ円社債,515A,東Ｅ,,499.1,-1.2,-0.24%,5,ー倍,ー倍,ー%
20260915,3132,滝沢ハム,2293,東S,,"2,680",-6,-0.22%,5,68.8倍,1.70倍,0.75%
20260915,3133,ゲンダイ,2411,東S,,470,-1,-0.21%,5,9.93倍,1.34倍,5.32%
20260915,3134,翻訳センター,2483,東S,,"2,204",-14,-0.63%,5,14.8倍,1.13倍,6.35%
20260915,3135,日本和装,2499,東S,,304,-4,-1.30%,5,10.6倍,0.76倍,4.61%
20260915,3136,大冷,2883,東S,,"2,044",-2,-0.10%,5,22.8倍,1.41倍,2.94%
20260915,3137,ハブ,3030,東S,,861,+6,+0.70%,5,32.8倍,3.20倍,1.16%
20260915,3138,ＵＮＩＶＡ,3113,東S,,82,-2,-2.38%,5,43.2倍,3.49倍,ー%
20260915,3139,ハピネス＆Ｄ,3174,東S,,395,-2,-0.50%,5,ー倍,4.27倍,ー%
20260915,3140,技研ＨＤ,1443,東S,,273,-2,-0.73%,5,6.93倍,0.34倍,0.40%
20260915,3141,ｉＦＴＰベ,1457,東Ｅ,,"1,786",+11,+0.62%,5,ー倍,ー倍,ー%
20260915,3142,上場アジリト,1495,東Ｅ,,"10,860",+20,+0.18%,5,ー倍,ー倍,ー%
20260915,3143,野村運輸物流,1628,東Ｅ,,"22,100",-245,-1.10%,5,ー倍,ー倍,ー%
20260915,3144,ＷＴプラチナ,1674,東Ｅ,,"24,820",-220,-0.88%,5,ー倍,ー倍,ー%
20260915,3145,上場外債毎月,1677,東Ｅ,,"57,500",+140,+0.24%,5,ー倍,ー倍,ー%
20260915,3146,ＳＤＳＨＤ,1711,東S,,246,+1,+0.41%,5,424倍,5.00倍,ー%
20260915,3147,大本組,1793,東S,,"2,090",-1,-0.05%,5,19.7倍,0.78倍,3.54%
20260915,3148,弘電社,1948,東S,,"11,420",0,0.00%,5,41.6倍,4.02倍,ー%
20260915,3149,イントランス,3237,東G,,94,-1,-1.05%,5,129倍,36.2倍,ー%
20260915,3150,東和フード,3329,東S,,"2,145",+4,+0.19%,5,30.4倍,2.21倍,0.93%
20260915,3151,メディ一光Ｇ,3353,東S,,"2,785",-4,-0.14%,5,8.07倍,0.66倍,4.31%
20260915,3152,パピレス,3641,東S,,999,0,0.00%,5,61.0倍,0.88倍,1.00%
20260915,3153,ｅｎｉｓｈ,3667,東S,,27,-1,-3.57%,5,ー倍,1.89倍,ー%
20260915,3154,ハビックス,3895,東S,,474,+10,+2.16%,5,10.7倍,0.49倍,3.38%
20260915,3155,カヤック,3904,東G,,423,+3,+0.71%,5,10.9倍,1.11倍,1.84%
20260915,3156,モバファク,3912,東S,,"1,136",+12,+1.07%,5,9.01倍,2.95倍,4.49%
20260915,3157,マミヤＯＰ,7991,東S,,"1,064",-2,-0.19%,5,9.16倍,0.43倍,4.70%
20260915,3158,中央魚,8030,東S,,"3,905",+10,+0.26%,5,7.11倍,0.41倍,3.07%
20260915,3159,ヤマトインタ,8127,東S,,526,-5,-0.94%,5,53.6倍,0.62倍,2.66%
20260915,3160,トミタ,8147,東S,,"1,461",+44,+3.11%,5,11.2倍,0.55倍,1.71%
20260915,3161,ラオックス,8202,東S,,148,0,0.00%,5,21.5倍,0.63倍,2.70%
20260915,3162,小林洋行,8742,東S,,619,+11,+1.81%,5,ー倍,0.72倍,ー%
20260915,3163,穴吹興産,8928,東S,,"2,292",-1,-0.04%,5,5.43倍,0.51倍,3.49%
20260915,3164,エイシアンＳ,8946,東S,,76,+1,+1.33%,5,16.9倍,0.96倍,ー%
20260915,3165,東自機,6360,東S,,"4,735",+10,+0.21%,5,14.5倍,0.64倍,2.11%
20260915,3166,兼松エンジ,6402,東S,,"1,607",+4,+0.25%,5,12.0倍,1.01倍,2.80%
20260915,3167,ＤＭソリュ,6549,東S,,"1,106",-2,-0.18%,5,9.26倍,1.60倍,1.90%
20260915,3168,ＪＮグループ,6634,東S,,71,+1,+1.43%,5,29.6倍,1.33倍,ー%
20260915,3169,東亜ＤＫＫ,6848,東S,,869,+3,+0.35%,5,18.7倍,0.72倍,2.53%
20260915,3170,フェンオール,6870,東S,,"2,070",-15,-0.72%,5,13.2倍,0.75倍,3.77%
20260915,3171,ニッソウ,1444,東G,,"2,708",+42,+1.58%,5,20.2倍,1.87倍,ー%
20260915,3172,コマースワン,4496,東G,,778,+7,+0.91%,5,16.4倍,2.06倍,5.40%
20260915,3173,グッドパッチ,7351,東G,,495,+7,+1.43%,5,10.5倍,0.98倍,2.02%
20260915,3174,ＥＳＧ総合,2071,東EN,,"19,715",ー,ー%,5,ー倍,ー倍,ー%
20260915,3175,Ｈｉクラテス,4172,東S,,"2,300",-57,-2.42%,5,10.7倍,1.16倍,4.09%
20260915,3176,ファンペップ,4881,東G,,50,-1,-1.96%,5,ー倍,1.54倍,ー%
20260915,3177,Ｂマインド,7343,東G,,"1,252",-10,-0.79%,5,22.5倍,1.93倍,5.59%
20260915,3178,一家ＨＤ,7127,東S,,709,-1,-0.14%,5,22.8倍,5.06倍,ー%
20260915,3179,タカヨシＨＤ,9259,東G,,854,+4,+0.47%,5,9.21倍,1.40倍,3.51%
20260915,3180,ＩＧＳ,4265,東G,,281,-2,-0.71%,5,191倍,3.45倍,ー%
20260915,3181,ＢＰカストロ,5015,東S,,"1,000",0,0.00%,5,20.1倍,2.24倍,5.00%
20260915,3182,ダントーＨＤ,5337,東S,,829,-4,-0.48%,5,ー倍,3.38倍,ー%
20260915,3183,報国マテリア,5542,東S,,889,-1,-0.11%,5,9.25倍,0.99倍,3.37%
20260915,3184,マルゼン,5982,東S,,"4,125",-20,-0.48%,5,12.4倍,1.25倍,3.03%
20260915,3185,アビスト,6087,東S,,"3,565",+15,+0.42%,5,24.0倍,1.99倍,2.86%
20260915,3186,小田原エンジ,6149,東S,,"2,190",+35,+1.62%,5,14.6倍,0.65倍,3.20%
20260915,3187,エスティック,6161,東S,,"1,035",0,0.00%,5,8.46倍,0.91倍,3.00%
20260915,3188,アップバンク,6177,東G,,85,+1,+1.19%,5,ー倍,3.12倍,ー%
20260915,3189,フェニクスＢ,6190,東G,,302,-4,-1.31%,5,16.2倍,0.85倍,ー%
20260915,3190,ホープ,6195,東G,,201,0,0.00%,5,8.92倍,3.09倍,4.18%
20260915,3191,ジオスター,5282,東S,,406,-2,-0.49%,4,6.72倍,0.50倍,2.46%
20260915,3192,中可鍛,5607,名M,,613,+6,+0.99%,4,6.06倍,0.30倍,3.10%
20260915,3193,イボキン,5699,東S,,"1,624",+5,+0.31%,4,10.2倍,1.00倍,1.97%
20260915,3194,ＪＭＣ,5704,東S,,388,-5,-1.27%,4,16.4倍,1.29倍,ー%
20260915,3195,カナレ電気,5819,東S,,"1,738",-2,-0.11%,4,10.1倍,0.61倍,3.80%
20260915,3196,三洋工,5958,東S,,"4,400",+20,+0.46%,4,9.51倍,0.60倍,4.77%
20260915,3197,ＴＯＮＥ,5967,東S,,443,-6,-1.34%,4,9.13倍,0.79倍,2.93%
20260915,3198,ＭＲＴ,6034,東G,,588,-4,-0.68%,4,25.0倍,0.68倍,ー%
20260915,3199,ＧＭＯメディ,6180,東G,,"3,805",ー,ー%,4,11.7倍,2.36倍,5.52%
20260915,3200,ベルグアース,1383,東S,,"3,005",0,0.00%,4,89.1倍,2.24倍,0.33%
20260915,3201,サンヨーＨ,1420,東S,,630,-1,-0.16%,4,5.58倍,0.48倍,3.97%
20260915,3202,上場ＭＳエマ,1681,東Ｅ,,"3,269",-11,-0.34%,4,ー倍,ー倍,ー%
20260915,3203,南海辰村,1850,東S,,435,+1,+0.23%,4,7.43倍,0.63倍,1.84%
20260915,3204,暁飯島工業,1997,東S,,"4,015",ー,ー%,4,8.54倍,0.99倍,3.36%
20260915,3205,インドブル,2046,東EN,,"22,370",-240,-1.06%,4,ー倍,ー倍,ー%
20260915,3206,インタスペス,2122,東S,,"1,460",-8,-0.54%,4,21.8倍,1.57倍,2.05%
20260915,3207,博展,2173,東G,,712,+11,+1.57%,4,6.83倍,2.08倍,3.79%
20260915,3208,リニカル,2183,東S,,203,-1,-0.49%,4,25.5倍,1.43倍,3.94%
20260915,3209,光ビジネス,3948,東S,,"1,180",+7,+0.60%,4,18.7倍,0.67倍,4.24%
20260915,3210,キャピタルＡ,3965,東S,,885,-3,-0.34%,4,9.61倍,1.32倍,2.94%
20260915,3211,イノベーショ,3970,東S,,855,+19,+2.27%,4,10.6倍,0.85倍,4.68%
20260915,3212,ＳＣＡＴ,3974,東S,,667,-4,-0.60%,4,35.0倍,1.01倍,2.17%
20260915,3213,フジプレアム,4237,東S,,337,+4,+1.20%,4,33.7倍,1.27倍,1.78%
20260915,3214,ハイマックス,4299,東S,,"1,210",-2,-0.17%,4,16.2倍,1.17倍,4.21%
20260915,3215,川口化,4361,東S,,"1,581",+18,+1.15%,4,8.02倍,0.58倍,3.80%
20260915,3216,ロジザード,4391,東G,,"1,130",-7,-0.62%,4,12.8倍,1.50倍,1.68%
20260915,3217,ＤＩシステム,4421,東S,,951,0,0.00%,4,10.8倍,1.64倍,2.94%
20260915,3218,有機薬,4531,東S,,353,-2,-0.56%,4,12.7倍,0.57倍,2.83%
20260915,3219,川崎地質,4673,東S,,"4,835",+115,+2.44%,4,5.72倍,0.72倍,2.48%
20260915,3220,ＡＬＰＨＡ,4760,東S,,"1,403",-22,-1.54%,4,8.68倍,0.82倍,4.99%
20260915,3221,ＸＮＥＴ,4762,東S,,"2,114",+23,+1.10%,4,19.6倍,2.70倍,3.31%
20260915,3222,ネクスウェア,4814,東S,,162,-4,-2.41%,4,68.6倍,3.02倍,ー%
20260915,3223,ピアラ,7044,東S,,519,+8,+1.57%,4,17.1倍,5.46倍,ー%
20260915,3224,ＴＢＫ,7277,東S,,338,+1,+0.30%,4,17.9倍,0.34倍,2.37%
20260915,3225,カーメイト,7297,東S,,853,-4,-0.47%,4,10.6倍,0.39倍,3.52%
20260915,3226,中山福,7442,東S,,475,+2,+0.42%,4,15.0倍,0.39倍,2.53%
20260915,3227,ヤガミ,7488,名M,,"5,040",+60,+1.20%,4,18.0倍,1.97倍,5.56%
20260915,3228,京都友禅ＨＤ,7615,東S,,98,0,0.00%,4,19.6倍,0.66倍,1.53%
20260915,3229,トップカルチ,7640,東S,,187,+1,+0.54%,4,ー倍,21.8倍,ー%
20260915,3230,ダイイチ,7643,東S,,"1,720",+4,+0.23%,4,16.1倍,1.09倍,2.33%
20260915,3231,オーウエル,7670,東S,,"1,198",+18,+1.53%,4,6.35倍,0.51倍,4.59%
20260915,3232,南プラ,7887,東S,,"1,572",+16,+1.03%,4,5.09倍,0.29倍,2.54%
20260915,3233,大宝運輸,9040,名M,,"4,225",0,0.00%,4,16.6倍,0.46倍,2.37%
20260915,3234,大運,9363,東S,,537,0,0.00%,4,7.66倍,0.59倍,2.98%
20260915,3235,サンリツ,9366,東S,,"1,145",+17,+1.51%,4,9.28倍,0.52倍,3.32%
20260915,3236,セレスポ,9625,東S,,938,+16,+1.74%,4,7.58倍,0.54倍,5.33%
20260915,3237,丸建リース,9763,東S,,"1,295",+10,+0.78%,4,8.80倍,0.68倍,4.17%
20260915,3238,旭情報,9799,東S,,937,-3,-0.32%,4,11.7倍,1.18倍,3.63%
20260915,3239,大丸エナ,9818,東S,,"1,550",+10,+0.65%,4,13.3倍,0.74倍,1.94%
20260915,3240,セキド,9878,東S,,418,0,0.00%,4,685倍,-12倍,ー%
20260915,3241,ヨンキュウ,9955,東S,,"2,809",-11,-0.39%,4,ー倍,0.84倍,ー%
20260915,3242,ＭＲＫＨＬＤ,9980,東S,,94,0,0.00%,4,6.59倍,0.58倍,1.06%
20260915,3243,ＡＩＡＩ,6557,東G,,748,-4,-0.53%,4,7.01倍,1.41倍,ー%
20260915,3244,名南Ｍ＆Ａ,7076,名M,,"1,058",+8,+0.76%,4,24.5倍,2.02倍,0.82%
20260915,3245,ウィルズ,4482,東G,,748,+9,+1.22%,4,15.9倍,4.84倍,2.41%
20260915,3246,ＣＳＳ,2304,東S,,906,+3,+0.33%,4,7.62倍,1.35倍,3.86%
20260915,3247,トランスＧＧ,2342,東S,,250,-5,-1.96%,4,27.8倍,0.86倍,ー%
20260915,3248,エヌアイデイ,2349,東S,,"2,399",-49,-2.00%,4,10.4倍,1.07倍,1.25%
20260915,3249,ヒューマン,2415,東S,,"1,629",0,0.00%,4,6.90倍,0.87倍,4.36%
20260915,3250,野村外国債Ｈ,2512,東Ｅ,,709.8,-0.3,-0.04%,4,ー倍,ー倍,ー%
20260915,3251,アスモ,2654,東S,,429,0,0.00%,4,14.8倍,0.84倍,2.33%
20260915,3252,アップル,2788,東S,,386,0,0.00%,4,8.11倍,0.47倍,2.59%
20260915,3253,ピエトロ,2818,東S,,"1,762",+2,+0.11%,4,ー倍,2.02倍,1.36%
20260915,3254,はごろも,2831,東S,,"3,670",-10,-0.27%,4,11.5倍,0.69倍,1.91%
20260915,3255,神栄,3004,東S,,"2,082",+15,+0.73%,4,6.54倍,0.72倍,5.28%
20260915,3256,クリエイト,3024,東S,,"1,219",-8,-0.65%,4,8.68倍,0.83倍,3.53%
20260915,3257,東京一番,3067,東S,,467,-1,-0.21%,4,36.3倍,2.29倍,ー%
20260915,3258,ストリーム,3071,東S,,102,0,0.00%,4,14.7倍,0.95倍,2.94%
20260915,3259,オーシャンシ,3096,東S,,"1,612",+3,+0.19%,4,9.93倍,1.22倍,1.24%
20260915,3260,Ａパーチェス,7115,東S,,"1,465",+10,+0.69%,4,12.7倍,2.08倍,2.53%
20260915,3261,上場ＳＰレ２,2239,東Ｅ,,"26,090",-90,-0.34%,4,ー倍,ー倍,ー%
20260915,3262,フュージック,5256,東G,,"2,732",-21,-0.76%,4,19.5倍,2.87倍,ー%
20260915,3263,ココルポート,9346,東G,,"1,830",-18,-0.97%,4,10.6倍,2.05倍,4.70%
20260915,3264,エリッツＨＤ,5533,東S,,"2,105",-94,-4.27%,4,10.3倍,1.27倍,3.33%
20260915,3265,筑邦銀,8398,福証,,"2,338",+36,+1.56%,4,8.84倍,0.36倍,2.57%
20260915,3266,宮崎太銀,8560,福証,,"2,599",+19,+0.74%,4,9.11倍,0.32倍,1.92%
20260915,3267,第一交通,9035,福証,,742,-3,-0.40%,4,11.1倍,0.56倍,3.37%
20260915,3268,ＪＥＴ,6228,東S,,517,-4,-0.77%,4,ー倍,0.78倍,ー%
20260915,3269,オートサーバ,5589,東S,,"2,885",-14,-0.48%,4,14.0倍,1.56倍,2.32%
20260915,3270,ｉＳＩＧ社債,2257,東Ｅ,,213.0,+0.4,+0.19%,4,ー倍,ー倍,ー%
20260915,3271,ｉＦ米債７有,2016,東Ｅ,,"1,712",-7,-0.41%,4,ー倍,ー倍,ー%
20260915,3272,ウェリタス,130A,東G,,434,+9,+2.12%,4,ー倍,2.02倍,ー%
20260915,3273,光フードＳ,138A,東G,,"3,075",ー,ー%,4,24.0倍,2.17倍,1.56%
20260915,3274,野村Ｐ１５０,159A,東Ｅ,,728.2,-0.9,-0.12%,4,ー倍,ー倍,ー%
20260915,3275,ダイブＧ,151A,東G,,625,-3,-0.48%,4,8.33倍,1.90倍,ー%
20260915,3276,ＩＮＧＳ,245A,東G,,"2,503",-11,-0.44%,4,18.7倍,2.78倍,ー%
20260915,3277,ＥＴＳ・Ｇ,253A,東S,,"1,038",-10,-0.95%,4,11.7倍,1.71倍,2.22%
20260915,3278,タレントＸ,330A,東G,,550,-4,-0.72%,4,28.0倍,3.25倍,ー%
20260915,3279,ＧＸ中国テク,380A,東Ｅ,,882,-3,-0.34%,4,ー倍,ー倍,ー%
20260915,3280,リップス,373A,東G,,"1,460",0,0.00%,4,7.73倍,0.95倍,ー%
20260915,3281,ＧＸ中テ１０,404A,東Ｅ,,"1,199",-10,-0.83%,4,ー倍,ー倍,ー%
20260915,3282,ライオン事務,423A,東S,,319,+1,+0.31%,4,10.9倍,0.81倍,4.70%
20260915,3283,ＧＸ日経株主,465A,東Ｅ,,"1,336",-10,-0.74%,4,ー倍,ー倍,ー%
20260915,3284,ＧＸ銀ビジ,579A,東Ｅ,,"1,000",-23,-2.25%,4,ー倍,ー倍,ー%
20260915,3285,野村政策,605A,東Ｅ,,193.0,+1.6,+0.84%,4,ー倍,ー倍,ー%
20260915,3286,ｉＳプラチナ,569A,東Ｅ,,171.7,-2.2,-1.27%,4,ー倍,ー倍,ー%
20260915,3287,ＡＨＣ,7083,東G,,"1,114",-5,-0.45%,4,24.7倍,1.94倍,1.08%
20260915,3288,ウイルテック,7087,東S,,"1,438",+5,+0.35%,4,9.89倍,1.05倍,2.99%
20260915,3289,ミクリード,7687,東G,,453,-5,-1.09%,4,10.1倍,1.81倍,2.01%
20260915,3290,Ｋラーニング,7353,東G,,499,-2,-0.40%,4,10.4倍,2.15倍,ー%
20260915,3291,日本情報Ｃ,4054,東G,,520,-2,-0.38%,4,19.9倍,1.69倍,2.50%
20260915,3292,上場ＮＱヘ有,2569,東Ｅ,,"4,230",0,0.00%,4,ー倍,ー倍,ー%
20260915,3293,ＭＸナスヘ有,2632,東Ｅ,,"17,675",+50,+0.28%,4,ー倍,ー倍,ー%
20260915,3294,ＧＸクリ日株,2637,東Ｅ,,"2,540",+8,+0.32%,4,ー倍,ー倍,ー%
20260915,3295,メイホーＨＤ,7369,東G,,370,-2,-0.54%,4,10.9倍,0.81倍,ー%
20260915,3296,ワクー,4937,東G,,"2,402",-32,-1.31%,4,20.9倍,3.43倍,ー%
20260915,3297,マーキュリア,7347,東P,,795,-4,-0.50%,4,15.4倍,0.88倍,2.77%
20260915,3298,ラキール,4074,東G,,776,+8,+1.04%,4,ー倍,1.47倍,ー%
20260915,3299,ＧＸメタ日株,2646,東Ｅ,,"3,721",+31,+0.84%,4,ー倍,ー倍,ー%
20260915,3300,ＭＣＰｓ,4360,東S,,960,+13,+1.37%,4,ー倍,0.68倍,1.56%
20260915,3301,ＧＲＣＳ,9250,東G,,"1,031",+31,+3.10%,4,23.0倍,-53倍,ー%
20260915,3302,ヒュウガプラ,7133,東G,,"1,342",+18,+1.36%,4,15.2倍,3.46倍,1.49%
20260915,3303,ニフティＬＳ,4262,東G,,"1,393",+4,+0.29%,4,10.7倍,1.45倍,4.59%
20260915,3304,Ｊクラフト,7135,東S,,181,+1,+0.56%,4,13.4倍,1.72倍,1.66%
20260915,3305,ＢｅｅＸ,4270,東G,,"1,890",+12,+0.64%,4,9.38倍,1.38倍,1.32%
20260915,3306,大石産業,3943,東S,,"1,322",-5,-0.38%,4,24.9倍,0.53倍,3.93%
20260915,3307,サークレイス,5029,東G,,931,+10,+1.09%,4,11.7倍,4.80倍,ー%
20260915,3308,ＰＢシステム,4447,東G,,500,-4,-0.79%,4,17.7倍,2.78倍,4.50%
20260915,3309,ムーンバット,8115,東S,,"1,339",+21,+1.59%,4,10.1倍,0.98倍,4.03%
20260915,3310,タカキュー,8166,東S,,78,0,0.00%,4,25.0倍,1.52倍,ー%
20260915,3311,光世,8617,東S,,607,-7,-1.14%,4,ー倍,0.34倍,ー%
20260915,3312,アサックス,8772,東S,,892,-15,-1.65%,4,7.14倍,0.55倍,2.47%
20260915,3313,ランビジネス,8944,東S,,248,-1,-0.40%,4,9.56倍,0.28倍,2.42%
20260915,3314,サンネクスタ,8945,東S,,"1,088",+5,+0.46%,4,27.5倍,1.27倍,4.04%
20260915,3315,白鳩,3192,東S,,267,-5,-1.84%,4,127倍,0.73倍,ー%
20260915,3316,エスポア,3260,名N,,471,+6,+1.29%,4,ー倍,126倍,ー%
20260915,3317,トーエル,3361,東S,,910,+7,+0.78%,4,12.8倍,0.77倍,2.53%
20260915,3318,北紡,3409,東S,,85,-2,-2.30%,4,135倍,1.78倍,ー%
20260915,3319,大木ヘルス,3417,東S,,"1,003",+3,+0.30%,4,ー倍,0.41倍,2.99%
20260915,3320,パルマ,3461,東S,,620,+4,+0.65%,4,20.0倍,1.72倍,2.10%
20260915,3321,アズ企画設計,3490,東S,,"3,015",-30,-0.99%,4,8.63倍,1.08倍,1.00%
20260915,3322,マリオン,3494,東S,,456,-1,-0.22%,4,12.8倍,0.71倍,1.54%
20260915,3323,丸八ＨＤ,3504,名M,,"1,369",+8,+0.59%,4,11.5倍,0.36倍,3.65%
20260915,3324,ＰバンＣＯＭ,3559,東S,,466,+16,+3.56%,4,17.2倍,1.56倍,2.15%
20260915,3325,自重堂,3597,東S,,"8,910",-10,-0.11%,4,17.1倍,0.66倍,5.61%
20260915,3326,テックファム,3625,東G,,680,0,0.00%,4,9.68倍,1.54倍,1.18%
20260915,3327,テクミラ,3627,東S,,262,-2,-0.76%,4,21.1倍,0.53倍,1.91%
20260915,3328,エンカレッジ,3682,東S,,578,+1,+0.17%,4,17.3倍,1.13倍,4.67%
20260915,3329,システムディ,3804,東S,,445,-12,-2.63%,4,12.2倍,1.61倍,2.47%
20260915,3330,タクミナ,6322,東S,,"1,600",0,0.00%,4,8.96倍,0.98倍,3.38%
20260915,3331,キクカワ,6346,東S,,"5,630",+40,+0.72%,4,19.5倍,0.53倍,2.13%
20260915,3332,油研工,6393,東S,,"3,025",-20,-0.66%,4,10.8倍,0.45倍,4.96%
20260915,3333,不二精機,6400,東S,,288,0,0.00%,4,6.35倍,0.56倍,3.47%
20260915,3334,ハナツアーＪ,6561,東G,,814,+9,+1.12%,4,7.17倍,2.17倍,5.16%
20260915,3335,太洋テクノ,6663,東S,,305,-1,-0.33%,4,24.6倍,0.66倍,0.98%
20260915,3336,トラースＯＰ,6696,東G,,313,+1,+0.32%,4,ー倍,5.16倍,ー%
20260915,3337,星和電,6748,東S,,754,+8,+1.07%,4,7.30倍,0.47倍,2.65%
20260915,3338,ＴＢグループ,6775,東S,,124,-1,-0.80%,4,185倍,3.88倍,ー%
20260915,3339,京写,6837,東S,,363,+5,+1.40%,4,12.1倍,0.51倍,2.48%
20260915,3340,加地テック,6391,東S,,"4,700",+50,+1.08%,3,10.7倍,0.91倍,1.49%
20260915,3341,クラッチ,6408,東S,,"4,245",-10,-0.24%,3,20.5倍,0.31倍,ー%
20260915,3342,ＣＲＡＶＩＡ,6573,東G,,28,+1,+3.70%,3,ー倍,3.88倍,ー%
20260915,3343,ズーム,6694,東S,,847,+3,+0.36%,3,9.15倍,0.62倍,3.78%
20260915,3344,ぷらっと,6836,東S,,841,+7,+0.84%,3,79.8倍,8.49倍,ー%
20260915,3345,ケル,6919,東S,,"1,421",+1,+0.07%,3,79.5倍,0.68倍,5.63%
20260915,3346,ＳＨＩＮＫＯ,7120,東S,,999,+4,+0.40%,3,6.90倍,2.41倍,4.40%
20260915,3347,ジェノバ,5570,東G,,623,-2,-0.32%,3,15.2倍,2.25倍,1.12%
20260915,3348,プロディ,5580,東G,,"1,524",-22,-1.42%,3,15.9倍,2.66倍,ー%
20260915,3349,豊和銀,8559,福証,,482,-2,-0.41%,3,6.85倍,0.52倍,2.07%
20260915,3350,ジャパンＭＡ,9236,東G,,"1,282",-43,-3.25%,3,13.3倍,2.81倍,0.78%
20260915,3351,ＧＸホリ日Ｒ,2098,東Ｅ,,966,-4,-0.41%,3,ー倍,ー倍,ー%
20260915,3352,ナルネット,5870,東G,,894,+14,+1.59%,3,9.31倍,1.25倍,3.36%
20260915,3353,ジンジブ,142A,東G,,829,-2,-0.24%,3,6.82倍,4.13倍,ー%
20260915,3354,シンカ,149A,東G,,805,+7,+0.88%,3,ー倍,2.94倍,ー%
20260915,3355,ＧＸ印１０＋,188A,東Ｅ,,810,-10,-1.22%,3,ー倍,ー倍,ー%
20260915,3356,インテＧ,192A,東G,,"1,260",-12,-0.94%,3,12.6倍,1.43倍,3.97%
20260915,3357,ＧＸ高配３０,235A,東Ｅ,,"1,442",+2,+0.14%,3,ー倍,ー倍,ー%
20260915,3358,グロースｘＰ,244A,東G,,"1,168",-11,-0.93%,3,14.4倍,1.05倍,ー%
20260915,3359,ケイ・ウノ,259A,名N,,"1,850",+22,+1.20%,3,25.0倍,1.53倍,ー%
20260915,3360,ミライロ,335A,東G,,319,-3,-0.93%,3,58.6倍,3.78倍,ー%
20260915,3361,ジグザグ,340A,東G,,325,-3,-0.91%,3,18.4倍,1.83倍,ー%
20260915,3362,ニ日経２２５,473A,東Ｅ,,"1,276",-6,-0.47%,3,ー倍,ー倍,ー%
20260915,3363,スパバッグ,3945,東S,,"2,159",-1,-0.05%,3,4.52倍,0.58倍,5.09%
20260915,3364,ダイナパック,3947,東S,,"2,452",+2,+0.08%,3,7.05倍,0.49倍,3.67%
20260915,3365,エイトレッド,3969,東S,,"1,410",+2,+0.14%,3,13.5倍,1.89倍,2.55%
20260915,3366,ビーグリー,3981,東S,,"1,220",-1,-0.08%,3,25.2倍,0.85倍,3.69%
20260915,3367,アセチレン,4093,東S,,421,0,0.00%,3,12.2倍,0.77倍,3.33%
20260915,3368,タカギセイコ,4242,東S,,"1,764",+8,+0.46%,3,7.99倍,0.38倍,3.40%
20260915,3369,アズジェント,4288,東S,,464,+6,+1.31%,3,35.4倍,3.97倍,ー%
20260915,3370,ユークス,4334,東S,,384,+1,+0.26%,3,11.6倍,1.29倍,2.60%
20260915,3371,ＺＵＵ,4387,東G,,520,+12,+2.36%,3,246倍,2.30倍,ー%
20260915,3372,エデュラボ,4427,東G,,239,-4,-1.65%,3,244倍,1.91倍,ー%
20260915,3373,Ｗｅｌｂｙ,4438,東G,,246,-3,-1.20%,3,ー倍,37.1倍,ー%
20260915,3374,東名,4439,東S,,801,+25,+3.22%,3,9.32倍,2.16倍,1.62%
20260915,3375,仁丹,4524,東S,,"2,246",+8,+0.36%,3,17.4倍,0.71倍,2.89%
20260915,3376,ケミファ,4539,東S,,"1,550",0,0.00%,3,93.6倍,0.29倍,3.23%
20260915,3377,アサヒペン,4623,東S,,"1,865",+20,+1.08%,3,9.62倍,0.43倍,3.22%
20260915,3378,田谷,4679,東S,,263,+1,+0.38%,3,196倍,2.65倍,ー%
20260915,3379,京進,4735,東S,,299,-1,-0.33%,3,11.5倍,0.63倍,2.61%
20260915,3380,桜ゴム,5189,東S,,"3,500",+10,+0.29%,3,8.46倍,0.67倍,3.43%
20260915,3381,アサヒエイト,5341,東S,,137,0,0.00%,3,ー倍,0.88倍,ー%
20260915,3382,虹技,5603,東S,,"1,310",+10,+0.77%,3,10.8倍,0.27倍,3.05%
20260915,3383,日亜鋼,5658,東S,,403,+1,+0.25%,3,15.1倍,0.33倍,2.48%
20260915,3384,ダイニチ工業,5951,東S,,"1,137",+2,+0.18%,3,15.4倍,0.63倍,2.46%
20260915,3385,阪神燃,6018,東S,,"5,840",+60,+1.04%,3,26.0倍,1.21倍,1.56%
20260915,3386,日本ＰＣ,6025,名N,,680,ー,ー%,3,118倍,3.76倍,ー%
20260915,3387,ＨＭＴ,6090,東S,,604,-7,-1.15%,3,19.1倍,1.78倍,2.98%
20260915,3388,旭精機,6111,名M,,"2,034",+18,+0.89%,3,155倍,0.33倍,2.95%
20260915,3389,富士精,6142,名M,,"1,770",+6,+0.34%,3,6.92倍,0.23倍,2.82%
20260915,3390,タケダ機械,6150,東S,,"2,790",0,0.00%,3,9.86倍,0.47倍,2.87%
20260915,3391,和井田,6158,東S,,"1,038",+7,+0.68%,3,19.3倍,0.64倍,3.66%
20260915,3392,タメニー,6181,東G,,90,+1,+1.12%,3,12.6倍,3.48倍,ー%
20260915,3393,ゼネラルパ,6267,東S,,"4,000",0,0.00%,3,8.45倍,0.85倍,3.25%
20260915,3394,上場ＪＰＸ日,1592,東Ｅ,,"3,341",-28,-0.83%,3,ー倍,ー倍,ー%
20260915,3395,佐田建,1826,東S,,"1,077",+1,+0.09%,3,14.3倍,1.19倍,5.57%
20260915,3396,金先物ベア,2037,東EN,,"1,273",-42,-3.19%,3,ー倍,ー倍,ー%
20260915,3397,日和産,2055,東S,,344,+1,+0.29%,3,20.8倍,0.32倍,1.74%
20260915,3398,地域新聞社,2164,東S,,114,0,0.00%,3,ー倍,2.64倍,ー%
20260915,3399,きょくとう,2300,東S,,496,-3,-0.60%,3,21.7倍,1.03倍,2.22%
20260915,3400,ＶＬＣセキュ,2467,名N,,171,0,0.00%,3,11.9倍,2.22倍,ー%
20260915,3401,株主還元７０,2529,東Ｅ,,"2,360",+1,+0.04%,3,ー倍,ー倍,ー%
20260915,3402,石光商事,2750,東S,,"1,358",+7,+0.52%,3,6.10倍,0.76倍,4.05%
20260915,3403,ヴィレッジＶ,2769,東S,,925,+3,+0.33%,3,"1,201倍",8.66倍,ー%
20260915,3404,パレモ・ＨＤ,2778,東S,,116,0,0.00%,3,55.0倍,0.89倍,ー%
20260915,3405,Ｙｓテーブル,2798,東S,,"2,997",+4,+0.13%,3,15.7倍,7.76倍,ー%
20260915,3406,ユタカフーズ,2806,東S,,"1,911",-12,-0.62%,3,124倍,0.58倍,2.09%
20260915,3407,ダイショー,2816,東S,,"1,416",+1,+0.07%,3,32.5倍,1.37倍,1.41%
20260915,3408,セイヒョー,2872,東S,,"1,927",-4,-0.21%,3,28.5倍,1.89倍,0.93%
20260915,3409,日東ベスト,2877,東S,,751,-1,-0.13%,3,45.4倍,0.55倍,1.60%
20260915,3410,一正蒲鉾,2904,東S,,756,+1,+0.13%,3,28.9倍,0.93倍,1.85%
20260915,3411,あじかん,2907,東S,,"1,526",-8,-0.52%,3,9.93倍,0.62倍,3.80%
20260915,3412,ゴルフ・ドゥ,3032,名N,,236,0,0.00%,3,13.2倍,1.36倍,1.69%
20260915,3413,ジオリーブＧ,3157,東S,,"1,435",+9,+0.63%,3,8.12倍,0.76倍,3.83%
20260915,3414,大光,3160,東S,,579,-1,-0.17%,3,20.7倍,1.32倍,2.59%
20260915,3415,ティーライフ,3172,東S,,"1,122",0,0.00%,3,17.2倍,0.74倍,2.67%
20260915,3416,ありがとうＳ,3177,東S,,"4,370",+100,+2.34%,3,8.20倍,1.14倍,3.09%
20260915,3417,買取王国,3181,東S,,"1,053",+4,+0.38%,3,9.63倍,1.11倍,1.04%
20260915,3418,ギークス,7060,東S,,584,-2,-0.34%,3,9.42倍,2.06倍,5.48%
20260915,3419,ｕｐｒ,7065,東S,,954,-11,-1.14%,3,10.0倍,0.76倍,3.88%
20260915,3420,アストマクス,7162,東S,,291,-3,-1.02%,3,ー倍,0.58倍,ー%
20260915,3421,ＧＭＢ,7214,東S,,"1,091",-9,-0.82%,3,5.83倍,0.26倍,4.31%
20260915,3422,田中精密,7218,東S,,"1,085",-7,-0.64%,3,4.49倍,0.35倍,3.13%
20260915,3423,デイトナ,7228,東S,,"3,955",-40,-1.00%,3,7.95倍,0.98倍,3.79%
20260915,3424,フジオーゼ,7299,東S,,"1,787",+6,+0.34%,3,10.4倍,0.54倍,3.02%
20260915,3425,東邦レマック,7422,東S,,417,+15,+3.73%,3,29.9倍,0.48倍,2.73%
20260915,3426,ハリマ共和,7444,東S,,"1,976",-38,-1.89%,3,8.65倍,0.41倍,3.04%
20260915,3427,セフテック,7464,東S,,"1,519",+13,+0.86%,3,18.4倍,0.37倍,3.95%
20260915,3428,マルヨシ,7515,東S,,"4,580",ー,ー%,3,428倍,1.30倍,0.66%
20260915,3429,マルシェ,7524,東S,,177,0,0.00%,3,76.6倍,7.31倍,ー%
20260915,3430,大水,7538,東S,,392,-4,-1.01%,3,7.39倍,0.38倍,1.79%
20260915,3431,ニチリョク,7578,東S,,78,+1,+1.30%,3,11.8倍,0.52倍,ー%
20260915,3432,セントラルＦ,7675,名M,,"2,763",0,0.00%,3,9.62倍,0.64倍,2.32%
20260915,3433,クレステック,7812,東S,,"2,101",+1,+0.05%,3,6.68倍,0.64倍,4.57%
20260915,3434,遠藤製作所,7841,東S,,"1,080",+10,+0.93%,3,9.52倍,0.41倍,3.70%
20260915,3435,サンメッセ,7883,東S,,401,0,0.00%,3,26.0倍,0.34倍,2.24%
20260915,3436,フジコピアン,7957,東S,,"2,575",-7,-0.27%,3,3.19倍,0.46倍,6.60%
20260915,3437,東海汽,9173,東S,,"2,810",-10,-0.35%,3,38.5倍,1.32倍,ー%
20260915,3438,東海運,9380,東S,,437,+1,+0.23%,3,14.6倍,0.64倍,2.06%
20260915,3439,トーシンＨＤ,9444,東S,,262,+5,+1.95%,3,ー倍,1.59倍,ー%
20260915,3440,ロイヤルホ,9713,東S,,920,+5,+0.55%,3,17.6倍,0.80倍,0.65%
20260915,3441,ビステム,9780,東S,,"1,121",+26,+2.37%,3,9.56倍,0.93倍,3.21%
20260915,3442,パーカー,9845,東S,,"1,361",+10,+0.74%,3,7.74倍,0.66倍,3.89%
20260915,3443,天満屋ス,9846,東S,,982,+2,+0.20%,3,8.07倍,0.40倍,2.04%
20260915,3444,セキチュー,9976,東S,,"1,094",+9,+0.83%,3,17.0倍,0.50倍,2.74%
20260915,3445,インフォネ,4444,東G,,955,+12,+1.27%,3,32.4倍,2.37倍,ー%
20260915,3446,リビンＴ,4445,東G,,"1,972",+26,+1.34%,3,36.0倍,3.31倍,ー%
20260915,3447,サイバーバズ,7069,東G,,504,+9,+1.82%,3,11.2倍,4.34倍,ー%
20260915,3448,パワーソリュ,4450,東G,,"2,320",-9,-0.39%,3,33.5倍,1.96倍,1.12%
20260915,3449,浜木綿,7682,東S,,"3,950",+30,+0.77%,3,99.6倍,5.33倍,0.43%
20260915,3450,ジェイック,7073,東G,,"2,331",-52,-2.18%,3,17.3倍,2.46倍,2.36%
20260915,3451,ランディクス,2981,東G,,"2,276",+7,+0.31%,3,6.88倍,1.23倍,2.46%
20260915,3452,ＩＮＣＨＤ,7078,東G,,339,-1,-0.29%,3,ー倍,2.35倍,ー%
20260915,3453,トラストＨＤ,3286,東S,,880,-1,-0.11%,3,17.0倍,7.52倍,2.05%
20260915,3454,フライングＧ,3317,東S,,"1,480",-7,-0.47%,3,12.2倍,1.16倍,1.15%
20260915,3455,関門海,3372,東S,,220,-1,-0.45%,3,25.1倍,2.28倍,ー%
20260915,3456,香陵住販,3495,東S,,"2,364",+84,+3.68%,3,5.99倍,0.95倍,2.71%
20260915,3457,日東網,3524,東S,,"1,481",-2,-0.13%,3,12.8倍,0.48倍,3.38%
20260915,3458,ＡＴＡＯ,3550,東G,,215,-1,-0.46%,3,13.6倍,1.16倍,2.33%
20260915,3459,オルトＰ,3672,東S,,29,+1,+3.57%,3,ー倍,2.00倍,ー%
20260915,3460,イルグルム,3690,東S,,574,-3,-0.52%,3,13.4倍,1.94倍,1.39%
20260915,3461,ＡＤＲバイオ,3750,東S,,836,0,0.00%,3,373倍,-105倍,ー%
20260915,3462,アエリア,3758,東S,,246,+1,+0.41%,3,9.92倍,0.58倍,ー%
20260915,3463,ガイアックス,3775,名N,,450,+3,+0.67%,3,12.6倍,1.77倍,1.11%
20260915,3464,Ｓワイヤー,3929,東G,,243,+2,+0.83%,3,8.70倍,1.58倍,ー%
20260915,3465,Ｖゴルフ,3931,東G,,"1,499",0,0.00%,3,24.6倍,2.63倍,1.67%
20260915,3466,ベネフィＪ,3934,東S,,"2,280",-29,-1.26%,3,11.9倍,1.57倍,4.25%
20260915,3467,ゼネテック,4492,東S,,399,+2,+0.50%,3,12.7倍,1.80倍,3.13%
20260915,3468,アクシス,4012,東S,,"1,701",-5,-0.29%,3,10.4倍,1.72倍,3.35%
20260915,3469,ココペリ,4167,東G,,327,+4,+1.24%,3,49.8倍,1.70倍,ー%
20260915,3470,ＨＣＨ,7361,東G,,"1,199",+2,+0.17%,3,8.56倍,2.42倍,3.75%
20260915,3471,シキノＨＴ,6614,東S,,869,+4,+0.46%,3,46.6倍,1.70倍,1.73%
20260915,3472,ワンプラ,4199,東G,,796,-4,-0.50%,3,ー倍,6.70倍,ー%
20260915,3473,ドリムベッド,7791,東S,,833,-2,-0.24%,3,6.96倍,0.70倍,4.44%
20260915,3474,ベイシス,4068,東G,,"1,774",+48,+2.78%,3,16.8倍,1.54倍,ー%
20260915,3475,ステムセル研,7096,東G,,749,+1,+0.13%,3,71.8倍,2.77倍,ー%
20260915,3476,ブルーミーム,4069,東G,,661,+16,+2.48%,3,26.6倍,0.88倍,ー%
20260915,3477,サインド,4256,東G,,"1,132",+4,+0.35%,3,36.5倍,1.94倍,ー%
20260915,3478,アジアＱ,4261,東G,,"2,941",-12,-0.41%,3,43.9倍,2.23倍,ー%
20260915,3479,ＧＸインフ日,2847,東Ｅ,,"2,976",+18,+0.61%,3,ー倍,ー倍,ー%
20260915,3480,トリプルアイ,5026,東G,,597,-3,-0.50%,3,ー倍,3.54倍,ー%
20260915,3481,ヤマイチ,2984,東S,,758,+1,+0.13%,3,5.64倍,0.48倍,4.09%
20260915,3482,ホームポジ,2999,東S,,500,+1,+0.20%,3,8.70倍,0.78倍,2.00%
20260915,3483,エアクロ,9557,東G,,257,-4,-1.53%,3,78.8倍,7.22倍,ー%
20260915,3484,野村欧州株Ｈ,2859,東Ｅ,,"3,152",-22,-0.69%,3,ー倍,ー倍,ー%
20260915,3485,グラッドＣ,9561,東G,,425,+7,+1.67%,3,71.4倍,4.73倍,ー%
20260915,3486,サンクゼール,2937,東G,,"1,760",+2,+0.11%,3,40.7倍,3.33倍,1.99%
20260915,3487,ソフトテック,550A,東S,,"2,170",0,0.00%,3,9.43倍,1.26倍,3.46%
20260915,3488,野村欧州株,486A,東Ｅ,,"2,131",-14,-0.65%,3,ー倍,ー倍,ー%
20260915,3489,ＧＸ純銀,577A,東Ｅ,,240.6,-1.5,-0.62%,3,ー倍,ー倍,ー%
20260915,3490,ｉＳ国債三七,572A,東Ｅ,,495.8,-2.8,-0.56%,3,ー倍,ー倍,ー%
20260915,3491,上場リ高３０,608A,東Ｅ,,"1,459",-8,-0.55%,3,ー倍,ー倍,ー%
20260915,3492,ビタブリッド,542A,東G,,"1,038",-7,-0.67%,3,7.84倍,1.12倍,ー%
20260915,3493,ミロク,7983,東S,,"1,183",-10,-0.84%,3,1.22倍,0.30倍,0.85%
20260915,3494,築地魚,8039,東S,,"3,450",+5,+0.15%,3,15.4倍,1.07倍,1.01%
20260915,3495,浜丸魚,8045,東S,,"2,040",-19,-0.92%,3,19.8倍,0.51倍,1.67%
20260915,3496,ナラサキ,8085,東S,,"4,180",+10,+0.24%,3,8.42倍,0.71倍,3.35%
20260915,3497,キング,8118,東S,,"1,180",0,0.00%,3,26.9倍,0.81倍,1.53%
20260915,3498,ゼット,8135,東S,,430,0,0.00%,3,10.1倍,0.55倍,4.19%
20260915,3499,はせがわ,8230,東S,,306,-1,-0.33%,3,9.94倍,0.45倍,4.90%
20260915,3500,アジア投資,8518,東S,,155,+1,+0.65%,3,ー倍,0.54倍,ー%
20260915,3501,シーラＨＤ,8887,東S,,364,+5,+1.39%,3,9.04倍,0.76倍,3.85%
20260915,3502,センチュ２１,8898,東S,,"1,132",+4,+0.35%,3,14.0倍,1.70倍,4.68%
20260915,3503,広電鉄,9033,東S,,634,+2,+0.32%,3,19.3倍,0.42倍,1.26%
20260915,3504,日本ＩＳＫ,7986,東S,,"1,914",+5,+0.26%,2,6.52倍,0.60倍,1.57%
20260915,3505,セーラー,7992,東S,,103,+1,+0.98%,2,ー倍,3.07倍,ー%
20260915,3506,ツカモト,8025,東S,,"1,309",-6,-0.46%,2,35.2倍,0.30倍,2.29%
20260915,3507,東海エレ,8071,名M,,"2,953",-47,-1.57%,2,13.9倍,0.32倍,3.86%
20260915,3508,トルク,8077,東S,,212,+1,+0.47%,2,8.72倍,0.33倍,2.83%
20260915,3509,クワザワＨＤ,8104,東S,,713,0,0.00%,2,9.17倍,0.62倍,4.21%
20260915,3510,東天紅,8181,東S,,986,+1,+0.10%,2,5.57倍,0.34倍,1.52%
20260915,3511,ヤマナカ,8190,名M,,519,0,0.00%,2,28.2倍,0.55倍,1.93%
20260915,3512,丸八証券,8700,東S,,"2,109",-2,-0.09%,2,ー倍,0.94倍,ー%
20260915,3513,Ａクリエイト,8798,東P,,137,+1,+0.74%,2,11.3倍,11.3倍,ー%
20260915,3514,太平発,8835,東S,,800,+1,+0.13%,2,13.2倍,0.40倍,5.06%
20260915,3515,毎コムネット,8908,東S,,881,0,0.00%,2,7.94倍,1.08倍,4.43%
20260915,3516,和田興産,8931,東S,,"1,317",0,0.00%,2,6.87倍,0.41倍,4.56%
20260915,3517,ニッチツ,7021,東S,,"2,280",+19,+0.84%,2,37.3倍,0.35倍,1.32%
20260915,3518,スプリックス,7030,東S,,965,+5,+0.52%,2,12.2倍,1.68倍,3.94%
20260915,3519,アンファク,7035,東S,,229,-2,-0.87%,2,ー倍,3.04倍,ー%
20260915,3520,テイン,7217,東S,,437,-5,-1.13%,2,12.4倍,0.62倍,4.12%
20260915,3521,ユニバンス,7254,東S,,815,+4,+0.49%,2,8.55倍,0.55倍,2.45%
20260915,3522,桜井製,7255,東S,,500,-5,-0.99%,2,37.9倍,0.32倍,1.40%
20260915,3523,ナンシン,7399,東S,,613,0,0.00%,2,15.7倍,0.33倍,3.26%
20260915,3524,創健社,7413,東S,,"2,820",-40,-1.40%,2,98.7倍,1.67倍,0.71%
20260915,3525,横浜魚類,7443,東S,,667,-3,-0.45%,2,27.8倍,1.55倍,1.20%
20260915,3526,鳥羽洋行,7472,東S,,"3,900",0,0.00%,2,12.2倍,0.69倍,3.08%
20260915,3527,プラザＨＤ,7502,東S,,"1,702",-1,-0.06%,2,19.1倍,2.24倍,1.47%
20260915,3528,ヒマラヤ,7514,東S,,852,+2,+0.24%,2,32.6倍,0.66倍,3.05%
20260915,3529,アールビバン,7523,東S,,"1,875",0,0.00%,2,12.3倍,1.05倍,ー%
20260915,3530,ポプラ,7601,東S,,161,-1,-0.62%,2,11.6倍,13.5倍,ー%
20260915,3531,梅の花Ｇ,7604,東S,,911,-1,-0.11%,2,29.0倍,4.04倍,1.10%
20260915,3532,Ｇダイニング,7625,東S,,462,+3,+0.65%,2,6.99倍,0.78倍,1.08%
20260915,3533,シンシア,7782,東S,,488,-1,-0.20%,2,13.1倍,1.13倍,3.69%
20260915,3534,プリントＮ,7805,東S,,714,+2,+0.28%,2,9.33倍,0.77倍,1.82%
20260915,3535,日本創発Ｇ,7814,東S,,599,+1,+0.17%,2,14.0倍,1.41倍,2.50%
20260915,3536,東京ボード,7815,東S,,338,+1,+0.30%,2,ー倍,1.44倍,ー%
20260915,3537,グラファイト,7847,東S,,631,+3,+0.48%,2,19.7倍,0.80倍,4.75%
20260915,3538,古林紙,3944,東S,,"3,140",ー,ー%,2,14.1倍,0.33倍,1.59%
20260915,3539,テモナ,3985,東S,,193,-1,-0.52%,2,50.4倍,2.95倍,ー%
20260915,3540,ウォンテッド,3991,東G,,959,+3,+0.31%,2,5.92倍,1.50倍,2.09%
20260915,3541,スガイ,4120,東S,,"2,930",-32,-1.08%,2,ー倍,0.44倍,3.07%
20260915,3542,ロンシール,4224,東S,,"2,106",-14,-0.66%,2,9.24倍,0.49倍,4.04%
20260915,3543,クラスター,4240,東S,,316,+3,+0.96%,2,39.1倍,1.04倍,1.58%
20260915,3544,アテクト,4241,東S,,650,+3,+0.46%,2,24.0倍,1.56倍,1.54%
20260915,3545,Ｄ・アクシス,4245,東S,,707,-8,-1.12%,2,17.4倍,0.91倍,3.39%
20260915,3546,竹本容器,4248,東S,,881,+1,+0.11%,2,11.8倍,0.85倍,4.31%
20260915,3547,Ｊストリーム,4308,東G,,354,-1,-0.28%,2,16.4倍,0.84倍,3.95%
20260915,3548,ＳＩＧＧ,4386,東S,,871,-6,-0.68%,2,9.90倍,1.74倍,3.79%
20260915,3549,東邦化,4409,東S,,786,-8,-1.01%,2,8.93倍,0.66倍,3.18%
20260915,3550,神東塗,4615,東S,,131,0,0.00%,2,22.3倍,0.34倍,ー%
20260915,3551,ＳＤエンター,4650,東S,,271,0,0.00%,2,16.2倍,1.37倍,ー%
20260915,3552,キタック,4707,東S,,341,+2,+0.59%,2,11.2倍,0.52倍,2.05%
20260915,3553,ＫｅｙＨ,4712,東S,,810,-1,-0.12%,2,15.2倍,0.66倍,1.36%
20260915,3554,トーセ,4728,東S,,652,0,0.00%,2,6.26倍,0.80倍,3.83%
20260915,3555,日本ラッド,4736,東S,,590,+10,+1.72%,2,18.9倍,0.89倍,1.69%
20260915,3556,ダイサン,4750,東S,,547,-1,-0.18%,2,27.0倍,0.63倍,4.02%
20260915,3557,昭和システム,4752,東S,,"1,595",+5,+0.31%,2,9.46倍,1.16倍,3.82%
20260915,3558,トスネット,4754,東S,,"1,500",+3,+0.20%,2,13.0倍,0.83倍,2.47%
20260915,3559,静甲,6286,東S,,"1,479",+10,+0.68%,2,9.55倍,0.54倍,1.89%
20260915,3560,タカキタ,6325,東S,,417,0,0.00%,2,19.1倍,0.57倍,2.40%
20260915,3561,電業社,6365,東S,,"5,500",0,0.00%,2,8.96倍,0.73倍,3.45%
20260915,3562,ニチダイ,6467,東S,,341,-3,-0.87%,2,307倍,0.29倍,1.76%
20260915,3563,ヨシタケ,6488,東S,,"1,055",+6,+0.57%,2,9.65倍,0.73倍,3.41%
20260915,3564,ＡＢホテル,6565,名M,,"1,289",+4,+0.31%,2,5.80倍,1.16倍,2.25%
20260915,3565,ＣＧＳＨＤ,6633,東S,,318,+1,+0.32%,2,14.1倍,0.92倍,3.14%
20260915,3566,森尾電,6647,東S,,"3,550",0,0.00%,2,15.7倍,0.76倍,1.69%
20260915,3567,不二電機,6654,東S,,"1,075",+3,+0.28%,2,24.9倍,0.53倍,2.98%
20260915,3568,池上通,6771,東S,,661,-4,-0.60%,2,8.49倍,0.32倍,2.27%
20260915,3569,天昇電,6776,東S,,285,+1,+0.35%,2,8.08倍,0.43倍,1.75%
20260915,3570,伊豆シャボ,6819,東S,,478,-1,-0.21%,2,9.05倍,1.46倍,4.18%
20260915,3571,パルステック,6894,東S,,"2,169",-11,-0.50%,2,9.89倍,0.76倍,4.15%
20260915,3572,フリーダム,8996,東S,,"1,100",+15,+1.38%,2,6.25倍,1.07倍,5.00%
20260915,3573,ＧＭＯプラ,5250,東S,,"1,189",-11,-0.92%,2,89.0倍,3.00倍,1.71%
20260915,3574,ノバシステム,5257,東S,,"2,898",+4,+0.14%,2,9.00倍,1.63倍,3.62%
20260915,3575,エコム,6225,名M,,"2,050",-5,-0.24%,2,10.4倍,1.05倍,1.85%
20260915,3576,ブリッジＧ,9225,東G,,957,-17,-1.75%,2,22.4倍,1.59倍,ー%
20260915,3577,ＯＢシステム,5576,東S,,"2,997",-13,-0.43%,2,9.70倍,1.24倍,4.17%
20260915,3578,北海電工,1832,札証,,"1,389",+14,+1.02%,2,8.37倍,0.77倍,1.44%
20260915,3579,トラックワン,3047,福Ｑ,,901,-51,-5.36%,2,6.55倍,1.23倍,1.22%
20260915,3580,アメイズ,6076,福証,,"1,312",+2,+0.15%,2,7.99倍,1.01倍,2.67%
20260915,3581,Ｍｉｓｕｍｉ,7441,福証,,"1,777",0,0.00%,2,11.4倍,0.47倍,2.81%
20260915,3582,ＧＸオフ日Ｒ,2096,東Ｅ,,990,0,0.00%,2,ー倍,ー倍,ー%
20260915,3583,バリューＣ,9238,東G,,370,-1,-0.27%,2,ー倍,-15倍,ー%
20260915,3584,雨風太陽,5616,東G,,649,-3,-0.46%,2,52.4倍,5.53倍,ー%
20260915,3585,早稲田学習研,5869,東S,,"1,254",+1,+0.08%,2,12.1倍,1.74倍,5.18%
20260915,3586,ＳＴＧ,5858,東G,,"1,164",+4,+0.34%,2,9.55倍,0.70倍,1.72%
20260915,3587,ＲＯＸＸ,241A,東G,,419,-4,-0.95%,2,"2,993倍",2.08倍,ー%
20260915,3588,グリクロＨＤ,272A,福証,,"1,355",+5,+0.37%,2,8.20倍,0.93倍,2.95%
20260915,3589,ラクサス,288A,東G,,93,0,0.00%,2,15.9倍,0.77倍,ー%
20260915,3590,リスキル,291A,東G,,"1,998",+33,+1.68%,2,10.2倍,1.72倍,ー%
20260915,3591,ＶＰＪ,334A,東G,,"1,099",0,0.00%,2,17.8倍,2.75倍,ー%
20260915,3592,ＧＸＳＰＣＦ,356A,東Ｅ,,"1,526",+21,+1.40%,2,ー倍,ー倍,ー%
20260915,3593,フラー,387A,東G,,915,-4,-0.44%,2,9.94倍,1.30倍,ー%
20260915,3594,山忠,391A,名M,,"2,499",ー,ー%,2,6.13倍,0.60倍,3.12%
20260915,3595,ウリドキ,418A,名N,,"1,271",+3,+0.24%,2,19.1倍,9.00倍,ー%
20260915,3596,アルバイトＴ,2341,東S,,172,0,0.00%,2,22.6倍,1.11倍,2.91%
20260915,3597,ＡＳＪ,2351,東S,,334,-3,-0.89%,2,26.1倍,0.89倍,0.90%
20260915,3598,鉄人化ＨＤ,2404,東S,,523,0,0.00%,2,17.1倍,6.64倍,ー%
20260915,3599,ケアサービス,2425,東S,,675,+1,+0.15%,2,33.3倍,0.90倍,3.26%
20260915,3600,オルアバウト,2454,東S,,351,-3,-0.85%,2,ー倍,1.43倍,ー%
20260915,3601,アウン,2459,東S,,176,-2,-1.12%,2,ー倍,4.30倍,ー%
20260915,3602,野村新興国債,2519,東Ｅ,,"1,120.0",+4.0,+0.36%,2,ー倍,ー倍,ー%
20260915,3603,上場リートＭ,2552,東Ｅ,,"1,893",-5,-0.26%,2,ー倍,ー倍,ー%
20260915,3604,オルバＤＶｘ,2689,東S,,"1,926",-37,-1.88%,2,ー倍,1.52倍,ー%
20260915,3605,ファマライズ,2796,東S,,505,-2,-0.39%,2,526倍,0.88倍,2.77%
20260915,3606,石井食,2894,東S,,363,-1,-0.27%,2,86.4倍,1.54倍,1.10%
20260915,3607,大森屋,2917,東S,,925,+1,+0.11%,2,23.4倍,0.39倍,ー%
20260915,3608,ジーエルシー,2970,東S,,"1,085",-15,-1.36%,2,12.9倍,2.84倍,ー%
20260915,3609,バナーズ,3011,東S,,141,-1,-0.70%,2,8.85倍,0.80倍,3.55%
20260915,3610,ＫＴＫ,3035,東S,,756,+1,+0.13%,2,9.85倍,0.85倍,2.78%
20260915,3611,ライフフーズ,3065,東S,,"1,588",-2,-0.13%,2,67.4倍,2.83倍,0.31%
20260915,3612,ＷＤＩ,3068,東S,,"3,050",+10,+0.33%,2,54.7倍,2.88倍,0.56%
20260915,3613,きちりＨＤ,3082,東S,,982,+1,+0.10%,2,31.7倍,5.30倍,0.76%
20260915,3614,サイボー,3123,東S,,650,0,0.00%,2,8.41倍,0.41倍,2.77%
20260915,3615,ファンデリー,3137,東S,,219,+2,+0.92%,2,22.2倍,10.3倍,ー%
20260915,3616,富士山ＭＳ,3138,東S,,"1,158",+39,+3.49%,2,319倍,1.66倍,1.38%
20260915,3617,ＯＣＨＩＨＤ,3166,東S,,"1,461",-2,-0.14%,2,14.6倍,0.76倍,3.76%
20260915,3618,アジュバン,4929,東S,,740,0,0.00%,2,247倍,1.41倍,1.62%
20260915,3619,旭コン,5268,東S,,862,-4,-0.46%,2,21.1倍,0.89倍,1.97%
20260915,3620,高見沢,5283,東S,,"3,175",+90,+2.92%,2,4.37倍,0.33倍,2.20%
20260915,3621,ニッコー,5343,名M,,184,0,0.00%,2,ー倍,1.91倍,ー%
20260915,3622,ルツボ,5355,東S,,660,+1,+0.15%,2,9.75倍,0.71倍,3.03%
20260915,3623,日鋳造,5609,東S,,906,+1,+0.11%,2,9.10倍,0.38倍,3.31%
20260915,3624,ダイケン,5900,東S,,907,-9,-0.98%,2,14.2倍,0.37倍,2.76%
20260915,3625,川岸工,5921,東S,,"4,450",+25,+0.56%,2,11.1倍,0.41倍,3.82%
20260915,3626,天竜製鋸,5945,東S,,"2,250",+3,+0.13%,2,30.0倍,0.51倍,3.69%
20260915,3627,トーソー,5956,東S,,581,+3,+0.52%,2,9.19倍,0.32倍,2.24%
20260915,3628,浅香工,5962,東S,,"2,110",+35,+1.69%,2,11.9倍,0.44倍,2.37%
20260915,3629,兼房,5984,東S,,771,0,0.00%,2,11.9倍,0.34倍,2.98%
20260915,3630,イード,6038,東G,,830,-7,-0.84%,2,ー倍,0.83倍,2.89%
20260915,3631,リンクバル,6046,東S,,151,+1,+0.67%,2,"3,020倍",3.57倍,ー%
20260915,3632,ウチヤマＨＤ,6059,東S,,369,0,0.00%,2,24.5倍,0.47倍,2.71%
20260915,3633,ＳＭＮ,6185,東S,,364,+2,+0.55%,2,10.7倍,1.24倍,ー%
20260915,3634,エンシュウ,6218,東S,,648,+3,+0.47%,2,16.3倍,0.38倍,1.85%
20260915,3635,ＫＬＡＳＳ,6233,東S,,402,-2,-0.50%,2,8.93倍,0.66倍,2.49%
20260915,3636,コンバム,6265,東S,,"3,035",+20,+0.66%,2,16.5倍,0.76倍,2.64%
20260915,3637,野村ボベスパ,1325,東Ｅ,,291.7,-2.0,-0.68%,2,ー倍,ー倍,ー%
20260915,3638,ｉＦＴＰＷベ,1368,東Ｅ,,157,0,0.00%,2,ー倍,ー倍,ー%
20260915,3639,野村企業価値,1480,東Ｅ,,"39,360",ー,ー%,2,ー倍,ー倍,ー%
20260915,3640,上場米債ヘ有,1487,東Ｅ,,"11,515",-30,-0.26%,2,ー倍,ー倍,ー%
20260915,3641,上場Ａリート,1555,東Ｅ,,"2,217",-19,-0.85%,2,ー倍,ー倍,ー%
20260915,3642,Ｈ株ベア,1573,東Ｅ,,"8,219",+96,+1.18%,2,ー倍,ー倍,ー%
20260915,3643,野村素材化学,1620,東Ｅ,,"35,490",-130,-0.36%,2,ー倍,ー倍,ー%
20260915,3644,野村自動車,1622,東Ｅ,,"34,000",-260,-0.76%,2,ー倍,ー倍,ー%
20260915,3645,ＷＴアグリ,1687,東Ｅ,,"1,098.5",+14.5,+1.34%,2,ー倍,ー倍,ー%
20260915,3646,ナカボテック,1787,東S,,"5,620",+10,+0.18%,2,13.2倍,1.48倍,4.63%
20260915,3647,森組,1853,東S,,324,+1,+0.31%,2,13.6倍,0.69倍,4.32%
20260915,3648,高橋ウォール,1994,東S,,620,-2,-0.32%,2,8.93倍,0.44倍,3.55%
20260915,3649,野村ＡＩ７０,2067,東EN,,"28,050",+200,+0.72%,2,ー倍,ー倍,ー%
20260915,3650,幼児活動研,2152,東S,,"1,550",+45,+2.99%,2,16.8倍,1.52倍,1.68%
20260915,3651,セーラー広告,2156,東S,,282,+5,+1.81%,2,ー倍,0.65倍,2.13%
20260915,3652,一パン,2215,東S,,616,-4,-0.65%,2,23.7倍,0.49倍,ー%
20260915,3653,野村独株Ｈ無,487A,東Ｅ,,"1,994",-12,-0.60%,2,ー倍,ー倍,ー%
20260915,3654,ベーシック,519A,東G,,494,-6,-1.20%,2,8.73倍,1.94倍,ー%
20260915,3655,ＧＸ２２５,632A,東Ｅ,,"63,150",-360,-0.57%,2,ー倍,ー倍,ー%
20260915,3656,トーア紡,3204,東S,,500,-3,-0.60%,2,8.39倍,0.30倍,3.00%
20260915,3657,ウィル,3241,東S,,579,-5,-0.86%,2,7.47倍,1.16倍,4.06%
20260915,3658,コーセーＲＥ,3246,東S,,690,-1,-0.14%,2,15.9倍,0.67倍,3.48%
20260915,3659,ファンクリＧ,3266,東S,,81,+2,+2.53%,2,8.83倍,0.95倍,1.23%
20260915,3660,ランシステム,3326,東S,,664,+12,+1.84%,2,25.7倍,8.66倍,ー%
20260915,3661,バイク王,3377,東S,,382,+1,+0.26%,2,9.60倍,0.75倍,2.88%
20260915,3662,アートＧ,3419,名N,,"1,990",+38,+1.95%,2,777倍,4.27倍,ー%
20260915,3663,アルファＣｏ,3434,東S,,"1,244",+1,+0.08%,2,12.0倍,0.31倍,4.10%
20260915,3664,サンコテクノ,3435,東S,,"1,532",-4,-0.26%,2,9.71倍,0.61倍,3.00%
20260915,3665,フォーライフ,3477,東G,,904,0,0.00%,2,5.56倍,0.82倍,3.60%
20260915,3666,テルマー湯,3521,東S,,156,0,0.00%,2,22.9倍,0.85倍,3.21%
20260915,3667,アクサスＨＤ,3536,東S,,127,-1,-0.78%,2,15.4倍,1.57倍,1.57%
20260915,3668,ユニネク,3566,東G,,701,+3,+0.43%,2,11.8倍,1.74倍,0.86%
20260915,3669,ソトー,3571,東S,,721,-1,-0.14%,2,ー倍,0.58倍,5.55%
20260915,3670,駅探,3646,東S,,350,+3,+0.86%,2,ー倍,1.43倍,2.29%
20260915,3671,ＡＧＳ,3648,東S,,"1,058",0,0.00%,2,9.66倍,1.10倍,3.40%
20260915,3672,ソフトＭＡＸ,3671,東S,,309,-2,-0.64%,2,12.8倍,1.89倍,3.24%
20260915,3673,ＣＲＩ,3698,東S,,"1,226",-12,-0.97%,2,13.9倍,1.53倍,2.20%
20260915,3674,ジョルダン,3710,東S,,640,-1,-0.16%,2,10.2倍,0.66倍,1.56%
20260915,3675,サイオス,3744,東S,,457,-1,-0.22%,2,10.7倍,2.09倍,1.09%
20260915,3676,リスモン,3768,東S,,559,+6,+1.08%,2,17.5倍,0.73倍,2.95%
20260915,3677,キーウェア,3799,東S,,"1,127",0,0.00%,2,11.7倍,1.20倍,3.55%
20260915,3678,メディア工房,3815,東G,,427,0,0.00%,2,ー倍,8.00倍,ー%
20260915,3679,データアプリ,3848,東S,,833,-3,-0.36%,2,29.9倍,1.16倍,4.20%
20260915,3680,岡山製紙,3892,東S,,"1,592",+8,+0.51%,2,11.7倍,0.51倍,3.14%
20260915,3681,ショーケース,3909,東S,,192,+5,+2.67%,2,15.0倍,0.99倍,ー%
20260915,3682,ＧｒｅｅｎＢ,3913,東S,,"1,158",+4,+0.35%,2,12.9倍,1.95倍,ー%
20260915,3683,ＰＣＩＨＤ,3918,東S,,"1,172",-2,-0.17%,2,9.23倍,1.23倍,4.95%
20260915,3684,カンダ,9059,東S,,925,+1,+0.11%,2,7.76倍,0.70倍,2.81%
20260915,3685,タカセ,9087,東S,,"2,155",-35,-1.60%,2,13.1倍,0.55倍,1.62%
20260915,3686,栗林船,9171,東S,,"1,472",-3,-0.20%,2,10.3倍,0.52倍,2.04%
20260915,3687,東京汽,9193,東S,,885,0,0.00%,2,238倍,0.31倍,3.39%
20260915,3688,東陽倉,9306,東S,,"1,997",+4,+0.20%,2,13.1倍,0.51倍,3.76%
20260915,3689,アサガミ,9311,東S,,"7,750",ー,ー%,2,8.76倍,0.46倍,ー%
20260915,3690,東洋埠頭,9351,東S,,"1,925",+2,+0.10%,2,9.75倍,0.43倍,4.16%
20260915,3691,ユーラシア,9376,東S,,845,+5,+0.60%,2,ー倍,1.94倍,5.92%
20260915,3692,ショーエイ,9385,東S,,753,0,0.00%,2,5.99倍,1.14倍,4.65%
20260915,3693,クロップス,9428,東S,,"1,498",-15,-0.99%,2,7.64倍,1.05倍,2.14%
20260915,3694,フォーバルＴ,9445,東S,,546,+9,+1.68%,2,10.2倍,2.39倍,4.58%
20260915,3695,文溪堂,9471,名M,,"1,136",-4,-0.35%,2,11.6倍,0.44倍,3.59%
20260915,3696,ＳＥＨＩ,9478,東S,,518,+1,+0.19%,2,15.7倍,0.66倍,0.77%
20260915,3697,グリンランド,9656,東S,,599,0,0.00%,2,12.4倍,0.58倍,2.50%
20260915,3698,ホウライ,9679,東S,,"2,300",-21,-0.90%,2,19.3倍,0.94倍,1.04%
20260915,3699,クレオ,9698,東S,,"1,300",-1,-0.08%,2,12.1倍,1.35倍,4.31%
20260915,3700,ベリテ,9904,東S,,241,-2,-0.82%,2,15.7倍,1.54倍,2.49%
20260915,3701,北沢産,9930,東S,,403,+1,+0.25%,2,24.2倍,0.67倍,2.48%
20260915,3702,タキヒヨー,9982,東S,,"2,700",-9,-0.33%,2,14.1倍,0.70倍,1.85%
20260915,3703,アミファ,7800,東S,,983,+6,+0.61%,2,4.65倍,1.11倍,3.05%
20260915,3704,２４７ＨＤ,7074,東G,,181,-5,-2.69%,2,221倍,33.4倍,ー%
20260915,3705,ランサーズ,4484,東G,,297,-2,-0.67%,2,18.9倍,3.56倍,1.01%
20260915,3706,ビザスク,4490,東G,,655,+5,+0.77%,2,8.11倍,3.08倍,ー%
20260915,3707,関通ＨＤ,9326,東G,,477,+3,+0.63%,2,18.2倍,2.29倍,2.10%
20260915,3708,ｒａｋｕｍｏ,4060,東G,,"1,204",-15,-1.23%,2,22.1倍,3.57倍,1.16%
20260915,3709,レッティ,7356,東G,,114,-1,-0.87%,2,21.6倍,4.37倍,ー%
20260915,3710,ミット,4016,東S,,"1,083",+8,+0.74%,2,12.6倍,3.01倍,2.77%
20260915,3711,ジオコード,7357,東S,,"1,700",+10,+0.59%,2,44.4倍,4.37倍,1.47%
20260915,3712,かっこ,4166,東G,,619,-3,-0.48%,2,ー倍,2.77倍,ー%
20260915,3713,オンデック,7360,東G,,658,+12,+1.86%,2,13.1倍,1.95倍,ー%
20260915,3714,表示灯,7368,東S,,"1,700",+10,+0.59%,2,9.91倍,0.95倍,3.82%
20260915,3715,Ｅｎｊｉｎ,7370,東G,,710,-1,-0.14%,2,24.5倍,1.09倍,5.63%
20260915,3716,デコルテＨＤ,7372,東G,,391,0,0.00%,2,8.40倍,0.37倍,ー%
20260915,3717,ＧＸバイ日株,2639,東Ｅ,,"1,700",+14,+0.83%,2,ー倍,ー倍,ー%
20260915,3718,ＤＮＨＤ,7377,東S,,"1,693",0,0.00%,2,7.53倍,0.81倍,4.43%
20260915,3719,シイエヌエス,4076,東G,,"1,974",+20,+1.02%,2,8.45倍,1.32倍,3.55%
20260915,3720,ジェイフロ,2934,東G,,"1,996",-5,-0.25%,2,19.4倍,8.68倍,ー%
20260915,3721,メディア総研,9242,東G,,"1,952",-11,-0.56%,2,8.07倍,1.45倍,1.43%
20260915,3722,プロＨＤ,9246,東G,,"1,117",+17,+1.55%,2,17.5倍,2.61倍,ー%
20260915,3723,ミアヘルサ,7129,東S,,"1,183",-2,-0.17%,2,9.21倍,0.85倍,2.54%
20260915,3724,長栄,2993,東S,,"2,200",+4,+0.18%,2,10.3倍,0.82倍,4.55%
20260915,3725,上場豪債ヘ有,2843,東Ｅ,,"3,585",-16,-0.44%,2,ー倍,ー倍,ー%
20260915,3726,イメージＭ,7793,東G,,"1,490",0,0.00%,2,8.30倍,1.79倍,2.35%
20260915,3727,セレ,5078,東S,,"4,745",+45,+0.96%,2,11.6倍,0.76倍,3.37%
20260915,3728,ギックス,9219,東G,,881,-4,-0.45%,2,98.7倍,3.03倍,6.07%
20260915,3729,セカンドＸ,5028,東G,,359,+1,+0.28%,2,20.9倍,2.82倍,ー%
20260915,3730,上場仏債ヘ無,2861,東Ｅ,,"5,300",-16,-0.30%,2,ー倍,ー倍,ー%
20260915,3731,ファインズ,5125,東G,,485,+10,+2.11%,2,11.5倍,0.98倍,ー%
20260915,3732,ポーターズ,5126,東G,,"1,400",-10,-0.71%,2,10.8倍,1.54倍,ー%
20260915,3733,ＩＮＥＳＴ,7111,東S,,503,+5,+1.00%,2,12.2倍,0.71倍,ー%
20260915,3734,ＰＯＰＥＲ,5134,東G,,464,+2,+0.43%,2,32.7倍,2.03倍,ー%
20260915,3735,フーディソン,7114,東G,,790,+4,+0.51%,2,19.6倍,1.50倍,ー%
20260915,3736,リグア,7090,東G,,956,+3,+0.31%,1,131倍,9.40倍,ー%
20260915,3737,アディッシュ,7093,東G,,580,-15,-2.52%,1,20.8倍,2.15倍,ー%
20260915,3738,エコミック,3802,東S,,502,-1,-0.20%,1,12.2倍,1.36倍,2.59%
20260915,3739,バルミューダ,6612,東G,,589,0,0.00%,1,503倍,2.02倍,ー%
20260915,3740,ビートレンド,4020,東G,,815,-2,-0.24%,1,ー倍,2.77倍,ー%
20260915,3741,交換できる,7695,東G,,916,+5,+0.55%,1,27.4倍,3.24倍,ー%
20260915,3742,ｉ－ｐｌｕｇ,4177,東G,,"1,480",0,0.00%,1,10.7倍,4.18倍,3.65%
20260915,3743,Ｔ．Ｓ．Ｉ,7362,東G,,878,+8,+0.92%,1,10.9倍,0.91倍,1.71%
20260915,3744,Ｓイノベ,4178,東G,,530,+4,+0.76%,1,49.6倍,1.20倍,ー%
20260915,3745,ベビカレ,7363,東G,,"1,299",+1,+0.08%,1,16.5倍,1.52倍,ー%
20260915,3746,イーロジット,9327,東S,,188,+1,+0.53%,1,376倍,1.56倍,ー%
20260915,3747,セルム,7367,東S,,332,0,0.00%,1,11.8倍,2.52倍,4.67%
20260915,3748,テンダ,4198,東S,,505,+5,+1.00%,1,41.9倍,1.30倍,4.36%
20260915,3749,ＡＩＰＦ,7345,東G,,930,-15,-1.59%,1,ー倍,4.15倍,ー%
20260915,3750,ジオロケ,4018,福Ｑ,,999,+1,+0.10%,1,132倍,2.99倍,1.00%
20260915,3751,ＦＬネット,9241,東G,,"1,258",-9,-0.71%,1,37.7倍,5.51倍,ー%
20260915,3752,ジィ・シィ,4073,東G,,468,+4,+0.86%,1,17.7倍,3.35倍,ー%
20260915,3753,野村米十債Ｈ,2648,東Ｅ,,"3,245",-11,-0.34%,1,ー倍,ー倍,ー%
20260915,3754,日本調理機,2961,東S,,"1,569",+2,+0.13%,1,14.0倍,0.95倍,2.87%
20260915,3755,ＭＸ米債ヘ有,2839,東Ｅ,,"4,859",-9,-0.18%,1,ー倍,ー倍,ー%
20260915,3756,トゥルーＤ,4416,東G,,405,+4,+1.00%,1,31.1倍,1.68倍,ー%
20260915,3757,ラバブルＭＧ,9254,東G,,"1,101",-2,-0.18%,1,ー倍,2.11倍,ー%
20260915,3758,ＹＣＰ,9257,東G,,512,-4,-0.78%,1,ー倍,ー倍,ー%
20260915,3759,ｉＳジニメＨ,2649,東Ｅ,,565.4,-0.9,-0.16%,1,ー倍,ー倍,ー%
20260915,3760,ＲＩ,9214,東G,,"1,307",0,0.00%,1,11.3倍,2.28倍,ー%
20260915,3761,ＣａＳｙ,9215,東G,,986,+6,+0.61%,1,ー倍,6.86倍,ー%
20260915,3762,ペットゴー,7140,東G,,799,-1,-0.13%,1,21.7倍,1.82倍,ー%
20260915,3763,ＧＸグリ日Ｒ,2855,東Ｅ,,920,0,0.00%,1,ー倍,ー倍,ー%
20260915,3764,ＨＯＵＳＥＩ,5035,東G,,366,0,0.00%,1,14.4倍,0.82倍,0.82%
20260915,3765,野村独株Ｈ有,2860,東Ｅ,,"3,194",-8,-0.25%,1,ー倍,ー倍,ー%
20260915,3766,ジャパニアス,9558,東G,,"1,987",+23,+1.17%,1,9.96倍,2.32倍,5.08%
20260915,3767,キューブ,7112,東G,,694,-1,-0.14%,1,64.4倍,1.08倍,ー%
20260915,3768,ＧＸ自動ＥＶ,2867,東Ｅ,,"1,623",-17,-1.04%,1,ー倍,ー倍,ー%
20260915,3769,野村上証５０,1309,東Ｅ,,"53,490",+460,+0.87%,1,ー倍,ー倍,ー%
20260915,3770,上場パ中国Ａ,1322,東Ｅ,,"11,220",-230,-2.01%,1,ー倍,ー倍,ー%
20260915,3771,ホーブ,1382,東S,,890,+3,+0.34%,1,37.7倍,0.98倍,5.62%
20260915,3772,エムビーエス,1401,東G,,"1,335",+27,+2.06%,1,ー倍,2.39倍,ー%
20260915,3773,キャンディル,1446,東S,,539,-1,-0.19%,1,25.1倍,1.62倍,1.86%
20260915,3774,タナケン,1450,東S,,"1,474",0,0.00%,1,9.16倍,1.39倍,3.73%
20260915,3775,Ｏｎｅ中小型,1493,東Ｅ,,"25,410",+80,+0.32%,1,ー倍,ー倍,ー%
20260915,3776,ＭＸ高配ＭＮ,1499,東Ｅ,,"9,439",+59,+0.63%,1,ー倍,ー倍,ー%
20260915,3777,ＭＸ東海,1553,名Ｅ,,"5,568",ー,ー%,1,ー倍,ー倍,ー%
20260915,3778,野村タイ５０,1559,東Ｅ,,"4,686",+86,+1.87%,1,ー倍,ー倍,ー%
20260915,3779,野村マレシア,1560,東Ｅ,,"6,189",+67,+1.09%,1,ー倍,ー倍,ー%
20260915,3780,ｉＦ４百,1599,東Ｅ,,"37,030",+90,+0.24%,1,ー倍,ー倍,ー%
20260915,3781,ｉＦＥＳＧセ,1653,東Ｅ,,"5,111",+68,+1.35%,1,ー倍,ー倍,ー%
20260915,3782,ＷＴパラジ,1675,東Ｅ,,"18,210",-80,-0.44%,1,ー倍,ー倍,ー%
20260915,3783,ＷＴ貴金属,1676,東Ｅ,,"41,450",-380,-0.91%,1,ー倍,ー倍,ー%
20260915,3784,ＳＸＮＹダウ,1679,東Ｅ,,"64,800",+330,+0.51%,1,ー倍,ー倍,ー%
20260915,3785,ＷＴエナジー,1685,東Ｅ,,950.0,-24.9,-2.55%,1,ー倍,ー倍,ー%
20260915,3786,ＷＴ原油,1690,東Ｅ,,"2,707.0",+46.5,+1.75%,1,ー倍,ー倍,ー%
20260915,3787,ＷＴガソリン,1691,東Ｅ,,"16,235",+160,+1.00%,1,ー倍,ー倍,ー%
20260915,3788,ＷＴアルミ,1692,東Ｅ,,669.0,-8.0,-1.18%,1,ー倍,ー倍,ー%
20260915,3789,シンクレイヤ,1724,東S,,710,+7,+1.00%,1,8.83倍,0.51倍,4.23%
20260915,3790,太洋基礎,1758,東S,,"2,357",-43,-1.79%,1,9.93倍,0.48倍,2.76%
20260915,3791,工藤建設,1764,東S,,"2,700",+11,+0.41%,1,11.0倍,0.57倍,4.70%
20260915,3792,ソネック,1768,東S,,"1,032",+9,+0.88%,1,9.16倍,0.73倍,4.84%
20260915,3793,ＹＴＬ,1773,東P,,86,+1,+1.18%,1,ー倍,ー倍,ー%
20260915,3794,川崎設備,1777,名M,,"2,315",-9,-0.39%,1,8.04倍,1.69倍,4.10%
20260915,3795,三東工業,1788,東S,,"4,155",+70,+1.71%,1,10.0倍,0.69倍,1.93%
20260915,3796,マサル,1795,東S,,"5,730",+30,+0.53%,1,18.0倍,0.95倍,1.92%
20260915,3797,守谷商会,1798,東S,,"1,067",+20,+1.91%,1,6.85倍,0.62倍,3.56%
20260915,3798,銭高組,1811,東S,,"7,450",-40,-0.53%,1,35.3倍,0.45倍,ー%
20260915,3799,徳倉建,1892,名M,,"7,830",ー,ー%,1,6.86倍,0.72倍,3.19%
20260915,3800,高田工,1966,東S,,"1,721",0,0.00%,1,13.9倍,0.59倍,4.07%
20260915,3801,協和日成,1981,東S,,"1,322",-2,-0.15%,1,10.7倍,0.68倍,3.93%
20260915,3802,ハンセンブル,2031,東EN,,"7,290",-68,-0.92%,1,ー倍,ー倍,ー%
20260915,3803,成学社,2179,東S,,819,-2,-0.24%,1,7.48倍,1.16倍,4.03%
20260915,3804,シイエムシイ,2185,東S,,"1,995",+15,+0.76%,1,11.7倍,1.11倍,2.86%
20260915,3805,コーチエィ,9339,東S,,"1,433",0,0.00%,1,27.3倍,1.08倍,1.40%
20260915,3806,スマサポ,9342,東G,,987,0,0.00%,1,15.3倍,3.66倍,ー%
20260915,3807,ＭＸＮＹダウ,2241,東Ｅ,,900.8,-0.2,-0.02%,1,ー倍,ー倍,ー%
20260915,3808,日本ＳＢ,5530,名M,,"1,095",+1,+0.09%,1,7.69倍,0.93倍,4.11%
20260915,3809,ｉＳ日株気候,2250,東Ｅ,,367.7,+0.2,+0.05%,1,ー倍,ー倍,ー%
20260915,3810,ブリーチ,9162,東G,,230,+1,+0.44%,1,ー倍,0.64倍,ー%
20260915,3811,日本乾溜工,1771,福証,,972,-1,-0.10%,1,18.3倍,1.24倍,3.70%
20260915,3812,大英産業,2974,福証,,918,+8,+0.88%,1,6.57倍,0.37倍,2.61%
20260915,3813,ほくたけ,3055,札証,,912,0,0.00%,1,16.3倍,0.29倍,2.19%
20260915,3814,キットア,5039,札Ａ,,"1,070",-1,-0.09%,1,10.7倍,1.35倍,ー%
20260915,3815,昭和鉄,5953,福証,,"7,000",ー,ー%,1,5.94倍,0.44倍,2.14%
20260915,3816,南日銀,8554,福証,,"1,460",-7,-0.48%,1,8.15倍,0.31倍,3.42%
20260915,3817,ロジネットＪ,9027,札証,,"4,845",+205,+4.42%,1,8.33倍,1.00倍,3.55%
20260915,3818,ＲＫＢＨＤ,9407,福証,,"5,800",0,0.00%,1,14.0倍,0.29倍,1.47%
20260915,3819,政策保有解消,2081,東Ｅ,,"2,131",-65,-2.96%,1,ー倍,ー倍,ー%
20260915,3820,揚羽,9330,東G,,890,+1,+0.11%,1,ー倍,1.46倍,ー%
20260915,3821,笹徳印刷,3958,東S,,548,+2,+0.37%,1,10.6倍,0.31倍,3.65%
20260915,3822,上場米債０ラ,2093,東Ｅ,,"5,139",+20,+0.39%,1,ー倍,ー倍,ー%
20260915,3823,ＧＸＵＳ配ヘ,2095,東Ｅ,,"1,153",-2,-0.17%,1,ー倍,ー倍,ー%
20260915,3824,エスネット,5867,東G,,"1,300",0,0.00%,1,10.2倍,2.14倍,ー%
20260915,3825,ｉＦ米債７無,2015,東Ｅ,,"2,027",-1,-0.05%,1,ー倍,ー倍,ー%
20260915,3826,イシン,143A,東G,,730,+4,+0.55%,1,42.8倍,1.15倍,ー%
20260915,3827,エルイズビー,145A,東G,,889,-3,-0.34%,1,25.4倍,2.31倍,ー%
20260915,3828,ウィルスマ,175A,東G,,633,+12,+1.93%,1,34.1倍,4.71倍,ー%
20260915,3829,コージンＢ,177A,東G,,836,-5,-0.59%,1,38.9倍,0.73倍,1.20%
20260915,3830,ＤＭカンパニ,189A,東G,,"1,042",-6,-0.57%,1,9.77倍,1.03倍,1.92%
20260915,3831,ポスプラ,198A,東G,,161,-1,-0.62%,1,ー倍,2.58倍,ー%
20260915,3832,オプロ,228A,東G,,"1,689",+2,+0.12%,1,12.8倍,2.76倍,ー%
20260915,3833,クロスＥ,231A,福Ｑ,,"1,084",+20,+1.88%,1,12.6倍,0.91倍,5.07%
20260915,3834,伸和ＨＤ,7118,名N,,"4,850",+295,+6.48%,1,39.0倍,8.59倍,0.78%
20260915,3835,キッズスター,248A,東G,,806,0,0.00%,1,29.8倍,0.88倍,ー%
20260915,3836,ＳＢＩサウジ,273A,東Ｅ,,"9,720",+66,+0.68%,1,ー倍,ー倍,ー%
20260915,3837,ＧＸＵＳＴ配,283A,東Ｅ,,"1,297",-17,-1.29%,1,ー倍,ー倍,ー%
20260915,3838,ＧＶＡテック,298A,東G,,333,-4,-1.19%,1,774倍,12.4倍,ー%
20260915,3839,ビースタイル,302A,東G,,575,-5,-0.86%,1,10.4倍,1.41倍,ー%
20260915,3840,ｉＳＳＴ２０,313A,東Ｅ,,257.5,+1.4,+0.55%,1,ー倍,ー倍,ー%
20260915,3841,パパネッツ,9388,福Ｑ,,910,0,0.00%,1,8.23倍,1.60倍,2.75%
20260915,3842,フライヤー,323A,東G,,372,+2,+0.54%,1,21.9倍,4.16倍,ー%
20260915,3843,メディックス,331A,東S,,487,-1,-0.20%,1,8.22倍,1.12倍,3.90%
20260915,3844,ｉＦ米債３有,382A,東Ｅ,,"1,869",-5,-0.27%,1,ー倍,ー倍,ー%
20260915,3845,ＭＸＳＰ等ウ,383A,東Ｅ,,"2,528",-4,-0.16%,1,ー倍,ー倍,ー%
20260915,3846,ＡＩＧＨＤ,377A,名M,,"1,199",-15,-1.24%,1,43.2倍,1.65倍,ー%
20260915,3847,ＧＸＵ社債,468A,東Ｅ,,269.2,0,0.00%,1,ー倍,ー倍,ー%
20260915,3848,太平製,6342,東S,,"2,922",+50,+1.74%,1,8.51倍,0.52倍,3.42%
20260915,3849,プラコー,6347,東S,,246,+1,+0.41%,1,23.7倍,1.47倍,2.44%
20260915,3850,ヤマダコーポ,6392,東S,,"7,940",0,0.00%,1,11.2倍,1.03倍,2.77%
20260915,3851,高見サイ,6424,東S,,886,-8,-0.89%,1,7.11倍,0.62倍,2.60%
20260915,3852,オーイズミ,6428,東S,,326,-2,-0.61%,1,12.2倍,0.39倍,3.68%
20260915,3853,中日鋳,6439,名M,,405,0,0.00%,1,18.0倍,0.30倍,ー%
20260915,3854,ＷＡＳＨハウ,6537,東G,,295,+2,+0.68%,1,23.8倍,1.25倍,ー%
20260915,3855,日宣,6543,東S,,"1,189",+2,+0.17%,1,14.1倍,1.16倍,2.78%
20260915,3856,要興業,6566,東S,,"1,252",-17,-1.34%,1,12.9倍,0.96倍,ー%
20260915,3857,コレックＨＤ,6578,東S,,458,+3,+0.66%,1,16.3倍,3.74倍,1.97%
20260915,3858,東洋電機,6655,名M,,796,+14,+1.79%,1,14.1倍,0.50倍,2.51%
20260915,3859,コスモス,6772,東S,,"1,029",-10,-0.96%,1,22.3倍,0.91倍,4.86%
20260915,3860,リーダー電子,6867,東S,,408,+2,+0.49%,1,25.3倍,0.51倍,3.68%
20260915,3861,アクモス,6888,東S,,500,0,0.00%,1,11.6倍,1.45倍,5.00%
20260915,3862,ＯＫＡＹＡ,6926,東S,,191,-1,-0.52%,1,ー倍,0.71倍,ー%
20260915,3863,サンコー,6964,東S,,687,-1,-0.15%,1,10.9倍,0.37倍,2.91%
20260915,3864,ＥＭネットＪ,7036,東G,,666,-1,-0.15%,1,18.9倍,3.05倍,ー%
20260915,3865,アクセスＨＤ,7042,東S,,697,+2,+0.29%,1,12.9倍,1.61倍,3.16%
20260915,3866,アルー,7043,東G,,945,+5,+0.53%,1,9.77倍,1.56倍,1.16%
20260915,3867,ピアズ,7066,東G,,459,-1,-0.22%,1,15.3倍,1.47倍,3.70%
20260915,3868,カネミツ,7208,東S,,"1,300",+13,+1.01%,1,9.78倍,0.53倍,3.15%
20260915,3869,ファルテック,7215,東S,,424,-3,-0.70%,1,19.9倍,0.21倍,ー%
20260915,3870,ＨＫＳ,7219,東S,,"2,413",-21,-0.86%,1,6.83倍,0.31倍,2.69%
20260915,3871,ＭＵＲＯ,7264,東S,,"1,358",+24,+1.80%,1,6.77倍,0.36倍,3.46%
20260915,3872,小田原機器,7314,東S,,"1,321",+3,+0.23%,1,50.1倍,1.09倍,3.03%
20260915,3873,はるやまＨＤ,7416,東S,,682,-3,-0.44%,1,107倍,0.49倍,2.27%
20260915,3874,キムラ,7461,東S,,468,-4,-0.85%,1,10.8倍,0.41倍,2.99%
20260915,3875,ムラキ,7477,東S,,"1,557",+2,+0.13%,1,ー倍,0.81倍,ー%
20260915,3876,サンリン,7486,東S,,805,+3,+0.37%,1,10.1倍,0.45倍,2.98%
20260915,3877,西川計測,7500,東S,,"9,940",ー,ー%,1,11.6倍,1.32倍,3.52%
20260915,3878,ティムコ,7501,東S,,"1,450",+13,+0.90%,1,ー倍,0.83倍,0.83%
20260915,3879,ハウスローゼ,7506,東S,,"1,388",0,0.00%,1,466倍,1.26倍,1.80%
20260915,3880,アイエーＧ,7509,東S,,"4,765",ー,ー%,1,5.67倍,0.42倍,3.36%
20260915,3881,スリーエフ,7544,東S,,554,0,0.00%,1,14.0倍,1.01倍,3.25%
20260915,3882,大田花き,7555,東S,,749,+1,+0.13%,1,27.6倍,0.74倍,1.60%
20260915,3883,かんなん丸,7585,東S,,407,+1,+0.25%,1,515倍,6.55倍,ー%
20260915,3884,田中商事,7619,東S,,985,-3,-0.30%,1,6.98倍,0.50倍,3.15%
20260915,3885,星医療,7634,東S,,"5,030",0,0.00%,1,11.2倍,0.78倍,1.79%
20260915,3886,幸和製,7807,東S,,855,-5,-0.58%,1,7.31倍,0.98倍,1.52%
20260915,3887,ＣＳランバー,7808,東S,,"2,730",-10,-0.36%,1,5.55倍,0.42倍,2.93%
20260915,3888,寿屋,7809,東S,,"1,324",+1,+0.08%,1,21.4倍,1.29倍,3.40%
20260915,3889,プラッツ,7813,東S,,915,+9,+0.99%,1,13.5倍,0.91倍,2.30%
20260915,3890,ウイルコＨＤ,7831,東S,,66,0,0.00%,1,34.2倍,0.55倍,3.03%
20260915,3891,アイフィス,7833,東S,,680,-3,-0.44%,1,11.5倍,1.09倍,4.41%
20260915,3892,総合商研,7850,東S,,795,-1,-0.13%,1,7.45倍,0.69倍,2.52%
20260915,3893,セキ,7857,東S,,"1,289",+9,+0.70%,1,39.8倍,0.32倍,2.02%
20260915,3894,ピープル,7865,東S,,332,0,0.00%,1,ー倍,0.83倍,ー%
20260915,3895,福島印刷,7870,名M,,367,+6,+1.66%,1,37.2倍,0.37倍,2.72%
20260915,3896,フクビ,7871,東S,,999,-1,-0.10%,1,10.1倍,0.48倍,3.10%
20260915,3897,野崎紙,7919,東S,,226,+2,+0.89%,1,5.99倍,0.77倍,3.41%
20260915,3898,旭化学,7928,東S,,614,+1,+0.16%,1,37.3倍,0.33倍,1.63%
20260915,3899,菊水化,7953,東S,,399,0,0.00%,1,10.2倍,0.49倍,4.26%
20260915,3900,リヒトラブ,7975,東S,,"1,150",+10,+0.88%,1,19.5倍,0.35倍,2.17%
20260915,3901,くろ工,7997,東S,,"1,082",-7,-0.64%,1,20.1倍,0.38倍,3.70%
20260915,3902,ユアサフナ,8006,東S,,"1,490",-1,-0.07%,1,10.5倍,0.59倍,2.21%
20260915,3903,ナイガイ,8013,東S,,367,-2,-0.54%,1,41.0倍,0.40倍,ー%
20260915,3904,川辺,8123,東S,,"1,374",+5,+0.37%,1,10.9倍,0.33倍,3.64%
20260915,3905,タカチホ,8225,東S,,"3,690",+45,+1.23%,1,7.49倍,0.99倍,2.98%
20260915,3906,大和デ,8247,東S,,320,0,0.00%,1,18.0倍,0.32倍,ー%
20260915,3907,グロームＨＤ,8938,東G,,337,+9,+2.74%,1,18.9倍,0.46倍,0.89%
20260915,3908,秩父鉄,9012,東S,,"2,093",0,0.00%,1,13.6倍,0.55倍,ー%
20260915,3909,東部ネット,9036,東S,,"1,246",+16,+1.30%,1,26.3倍,0.32倍,1.61%
20260915,3910,ホットマン,3190,東S,,587,+2,+0.34%,1,11.2倍,0.53倍,1.87%
20260915,3911,ＳＬＤ,3223,東S,,975,+11,+1.14%,1,14.8倍,-5.4倍,ー%
20260915,3912,グラン,3261,東G,,420,-3,-0.71%,1,21.5倍,0.65倍,3.57%
20260915,3913,エストラスト,3280,東S,,931,+2,+0.22%,1,5.67倍,0.53倍,3.65%
20260915,3914,Ｔｒａｉｌ,3358,東S,,95,0,0.00%,1,66.9倍,1.64倍,2.11%
20260915,3915,アークコア,3384,名N,,763,+1,+0.13%,1,8.60倍,0.78倍,ー%
20260915,3916,コスモバイオ,3386,東S,,"1,240",-3,-0.24%,1,22.1倍,0.72倍,4.03%
20260915,3917,アトムリビン,3426,東S,,"1,292",+12,+0.94%,1,12.6倍,0.48倍,2.55%
20260915,3918,特殊電極,3437,東S,,"2,631",-2,-0.08%,1,13.1倍,0.53倍,3.88%
20260915,3919,三ツ知,3439,東S,,686,0,0.00%,1,11.9倍,0.31倍,2.92%
20260915,3920,Ｆブラザーズ,3454,東S,,"1,257",-1,-0.08%,1,6.73倍,0.63倍,2.94%
20260915,3921,Ｇ－ＦＡＣ,3474,東G,,596,+1,+0.17%,1,115倍,3.69倍,ー%
20260915,3922,昭栄薬品,3537,東S,,"1,755",+3,+0.17%,1,13.8倍,0.63倍,2.34%
20260915,3923,Ｕ＆Ｃ,3557,東G,,510,-2,-0.39%,1,"1,275倍",5.15倍,ー%
20260915,3924,東海染,3577,東S,,921,0,0.00%,1,11.6倍,0.35倍,2.71%
20260915,3925,山喜,3598,東S,,166,0,0.00%,1,26.1倍,0.70倍,ー%
20260915,3926,ネットイヤー,3622,東S,,494,+1,+0.20%,1,14.2倍,1.29倍,1.42%
20260915,3927,データＨＲ,3628,東G,,669,-1,-0.15%,1,32.7倍,58.2倍,ー%
20260915,3928,ボルテージ,3639,東S,,236,+5,+2.16%,1,ー倍,0.68倍,ー%
20260915,3929,協立情報通信,3670,名M,,"1,718",ー,ー%,1,6.18倍,0.87倍,3.78%
20260915,3930,オークファン,3674,東G,,339,+4,+1.19%,1,178倍,0.87倍,ー%
20260915,3931,システムズＤ,3766,東S,,"1,420",-15,-1.05%,1,11.7倍,1.04倍,4.23%
20260915,3932,テクノマセマ,3787,東S,Ｓ,486,+80,+19.70%,1,40.6倍,0.71倍,ー%
20260915,3933,ユニリタ,3800,東S,,"1,972",+10,+0.51%,1,12.5倍,1.14倍,3.80%
20260915,3934,ＯＫＷＥＢ,3808,名N,,24,-1,-4.00%,1,ー倍,5.49倍,ー%
20260915,3935,大和コン,3816,東S,,"1,104",0,0.00%,1,21.3倍,0.77倍,1.72%
20260915,3936,阿波製紙,3896,東S,,411,-4,-0.96%,1,27.4倍,0.64倍,ー%
20260915,3937,コラボス,3908,東S,,355,+1,+0.28%,1,33.1倍,1.23倍,1.69%
20260915,3938,ＭＫシステム,3910,東S,,284,0,0.00%,1,8.03倍,1.73倍,2.82%
20260915,3939,アイビーシー,3920,東S,,998,0,0.00%,1,12.9倍,2.32倍,2.20%
20260915,3940,マイネット,3928,東S,,242,+3,+1.26%,1,8.10倍,1.69倍,ー%
20260915,3941,テラテクノ,483A,東S,,"2,158",0,0.00%,1,8.72倍,1.36倍,4.17%
20260915,3942,農中ＴＰ高配,532A,東Ｅ,,"2,310",-7,-0.30%,1,ー倍,ー倍,ー%
20260915,3943,ＪＰＸ１００,526A,東Ｅ,,"2,339",+25,+1.08%,1,ー倍,ー倍,ー%
20260915,3944,ニＴＰＸ４,630A,東Ｅ,,"1,480",-4,-0.27%,1,ー倍,ー倍,ー%
20260915,3945,ＧＸステコイ,512A,東Ｅ,,"1,150",+10,+0.88%,1,ー倍,ー倍,ー%
20260915,3946,ＰＲ日短債毎,635A,東Ｅ,,901.8,-0.2,-0.02%,1,ー倍,ー倍,ー%
20260915,3947,辻本郷ＩＴＣ,476A,東S,,"1,655",+14,+0.85%,1,11.2倍,1.97倍,ー%
20260915,3948,福留ハ,2291,東S,,508,-2,-0.39%,1,12.1倍,0.69倍,ー%
20260915,3949,エプコ,2311,東S,,784,-1,-0.13%,1,14.4倍,1.49倍,4.46%
20260915,3950,サイネックス,2376,東S,,800,+10,+1.27%,1,18.7倍,0.57倍,1.88%
20260915,3951,ウェッジＨＤ,2388,東G,,33,-1,-2.94%,1,ー倍,1.81倍,ー%
20260915,3952,シダー,2435,東S,,208,0,0.00%,1,8.98倍,1.22倍,3.85%
20260915,3953,プラップＪ,2449,東S,,"1,064",-10,-0.93%,1,9.41倍,0.85倍,3.85%
20260915,3954,アオバＢＢＴ,2464,東S,,366,-1,-0.27%,1,11.7倍,1.00倍,3.01%
20260915,3955,タウンＮ,2481,東S,,686,-1,-0.15%,1,8.32倍,0.67倍,3.21%
20260915,3956,イーサポート,2493,東S,,944,-1,-0.11%,1,29.0倍,1.12倍,0.53%
20260915,3957,野村国内債券,2510,東Ｅ,,791.6,-2.3,-0.29%,1,ー倍,ー倍,ー%
20260915,3958,野村外国株Ｈ,2514,東Ｅ,,"2,010",-3,-0.15%,1,ー倍,ー倍,ー%
20260915,3959,タビオ,2668,東S,,"1,270",0,0.00%,1,18.9倍,1.59倍,2.36%
20260915,3960,ＵＯＧ,2683,東S,,993,0,0.00%,1,83.5倍,2.78倍,1.01%
20260915,3961,ＣＶＳベイ,2687,東S,,491,-2,-0.41%,1,9.89倍,0.76倍,4.07%
20260915,3962,久世,2708,東S,,"1,900",+4,+0.21%,1,6.28倍,0.91倍,2.37%
20260915,3963,アイケイＨＤ,2722,東S,,362,-1,-0.28%,1,17.1倍,1.08倍,2.49%
20260915,3964,フェスタリア,2736,東S,,601,-2,-0.33%,1,13.5倍,1.29倍,1.16%
20260915,3965,北雄ラッキー,2747,東S,,"3,100",-35,-1.12%,1,75.4倍,0.68倍,1.61%
20260915,3966,プリメックス,2795,東S,,959,+11,+1.16%,1,13.2倍,0.57倍,2.61%
20260915,3967,シノブフズ,2903,東S,,"1,637",+27,+1.68%,1,10.2倍,1.17倍,2.08%
20260915,3968,旭松食品,2911,東S,,"2,252",+1,+0.04%,1,26.6倍,0.48倍,1.55%
20260915,3969,仙波糖化,2916,東S,,732,-3,-0.41%,1,11.7倍,0.65倍,2.05%
20260915,3970,イフジ産業,2924,東S,,"1,910",+4,+0.21%,1,7.70倍,1.23倍,3.61%
20260915,3971,ビューテＨＤ,3041,東S,,407,-3,-0.73%,1,334倍,4.00倍,ー%
20260915,3972,三洋堂ＨＤ,3058,東S,,718,-1,-0.14%,1,34.9倍,1.64倍,0.14%
20260915,3973,ヒラキ,3059,東S,,710,-2,-0.28%,1,34.6倍,0.57倍,2.82%
20260915,3974,ＪＢイレブン,3066,名M,,647,+1,+0.15%,1,283倍,3.04倍,0.39%
20260915,3975,ジェーソン,3080,東S,,815,+4,+0.49%,1,69.6倍,1.78倍,1.60%
20260915,3976,オーミケンシ,3111,東S,,177,+2,+1.14%,1,6.63倍,2.68倍,ー%
20260915,3977,昭和パックス,3954,東S,,"2,982",ー,ー%,1,9.70倍,0.47倍,1.68%
20260915,3978,うるる,3979,東G,,454,-1,-0.22%,1,16.0倍,3.36倍,0.95%
20260915,3979,ビーブレイク,3986,東S,,473,+2,+0.42%,1,20.6倍,1.21倍,3.38%
20260915,3980,すららネット,3998,東G,,291,-1,-0.34%,1,ー倍,0.84倍,ー%
20260915,3981,大阪油化,4124,東S,,"2,975",-30,-1.00%,1,21.9倍,1.93倍,1.88%
20260915,3982,ニックス,4243,東S,,"1,004",+10,+1.01%,1,12.2倍,0.48倍,1.99%
20260915,3983,ジャストプラ,4287,東S,,468,+1,+0.21%,1,10.9倍,1.39倍,2.78%
20260915,3984,ＩＰＳＨＤ,4335,東S,,"1,085",-1,-0.09%,1,9.33倍,1.39倍,3.50%
20260915,3985,西菱電機,4341,東S,,920,+1,+0.11%,1,14.8倍,0.58倍,4.89%
20260915,3986,山田債権,4351,東S,,848,-7,-0.82%,1,25.3倍,1.15倍,1.18%
20260915,3987,リックソフト,4429,東G,,748,-2,-0.27%,1,21.1倍,0.99倍,ー%
20260915,3988,ＧＤＨ,4437,東G,,729,+7,+0.97%,1,8.11倍,1.49倍,0.69%
20260915,3989,中京医薬,4558,東S,,201,+1,+0.50%,1,25.3倍,0.81倍,2.49%
20260915,3990,川上塗,4616,東S,,"2,505",+5,+0.20%,1,13.7倍,0.71倍,1.80%
20260915,3991,イサム,4624,東S,,"3,940",-70,-1.75%,1,8.63倍,0.41倍,1.27%
20260915,3992,オリジナル設,4642,東S,,"1,420",+19,+1.36%,1,14.2倍,1.00倍,2.82%
20260915,3993,環境管理,4657,東S,,454,-5,-1.09%,1,13.6倍,0.90倍,2.64%
20260915,3994,秀英,4678,東S,,330,+1,+0.30%,1,4.92倍,0.52倍,3.03%
20260915,3995,城南進研,4720,東S,,242,-1,-0.41%,1,23.1倍,1.68倍,2.07%
20260915,3996,センコン物流,9051,東S,,"1,302",-18,-1.36%,1,13.4倍,1.12倍,1.15%
20260915,3997,遠州トラック,9057,東S,,"3,215",-20,-0.62%,1,11.5倍,0.97倍,2.99%
20260915,3998,ヤマシタＨＤ,9265,東S,,"3,620",-25,-0.69%,1,16.7倍,0.98倍,1.80%
20260915,3999,リンコー,9355,東S,,"2,226",+27,+1.23%,1,8.38倍,0.29倍,1.80%
20260915,4000,トレーディア,9365,東S,,"1,630",+25,+1.56%,1,6.83倍,0.38倍,3.07%
20260915,4001,大東港運,9367,東S,,"2,048",-4,-0.19%,1,22.2倍,1.66倍,1.51%
20260915,4002,ＭＨグループ,9439,東S,,220,0,0.00%,1,115倍,8.38倍,0.23%
20260915,4003,サカイＨＤ,9446,東S,,687,+2,+0.29%,1,5.65倍,1.04倍,5.09%
20260915,4004,アイドマＭＣ,9466,東S,,241,+1,+0.42%,1,15.2倍,0.94倍,4.15%
20260915,4005,昭文社ＨＤ,9475,東S,,538,0,0.00%,1,26.8倍,0.68倍,0.93%
20260915,4006,北陸ガス,9537,東S,,"4,310",+10,+0.23%,1,11.0倍,0.37倍,1.86%
20260915,4007,葉ガス,9539,東S,,"1,344",+5,+0.37%,1,13.9倍,0.41倍,1.93%
20260915,4008,御園座,9664,名M,,"1,492",-3,-0.20%,1,114倍,1.60倍,ー%
20260915,4009,ＫＹＣＯＭ,9685,東S,,560,-1,-0.18%,1,6.32倍,0.54倍,1.79%
20260915,4010,会舘,9701,東S,,"4,395",0,0.00%,1,14.4倍,1.07倍,1.14%
20260915,4011,京都ホ,9723,東S,,632,+1,+0.16%,1,21.2倍,3.15倍,0.47%
20260915,4012,ＩＸナレッジ,9753,東S,,"1,422",+3,+0.21%,1,8.44倍,1.17倍,3.52%
20260915,4013,進学会ＨＤ,9760,東S,,119,+1,+0.85%,1,66.1倍,0.32倍,ー%
20260915,4014,昴,9778,東S,,"5,550",+10,+0.18%,1,24.7倍,0.95倍,2.16%
20260915,4015,ビケンテクノ,9791,東S,,"1,177",+11,+0.94%,1,8.07倍,0.38倍,3.06%
20260915,4016,テーオーＨＤ,9812,東S,,242,+1,+0.41%,1,310倍,4.10倍,0.21%
20260915,4017,ストライダズ,9816,東S,,248,-5,-1.98%,1,15.0倍,0.79倍,2.02%
20260915,4018,ジェネックス,9820,東S,,"3,720",-40,-1.06%,1,9.40倍,0.89倍,1.08%
20260915,4019,銀座ルノア,9853,東S,,909,0,0.00%,1,13.4倍,1.71倍,0.55%
20260915,4020,英和,9857,東S,,"2,582",0,0.00%,1,8.83倍,0.85倍,3.72%
20260915,4021,ソレキア,9867,東S,,"10,690",0,0.00%,1,6.64倍,0.71倍,0.65%
20260915,4022,北恵,9872,東S,,946,+3,+0.32%,1,15.7倍,0.62倍,2.96%
20260915,4023,コンセック,9895,東S,,"1,275",-2,-0.16%,1,22.5倍,0.29倍,2.12%
20260915,4024,カンセキ,9903,東S,,881,-4,-0.45%,1,20.5倍,1.02倍,2.27%
20260915,4025,植松商会,9914,名M,,738,+8,+1.10%,1,14.6倍,0.49倍,4.40%
20260915,4026,ショクブン,9969,東S,,236,0,0.00%,1,"1,815倍",1.59倍,1.06%
20260915,4027,アルテック,9972,東S,,272,+1,+0.37%,1,9.36倍,0.41倍,2.57%
20260915,4028,文教堂ＧＨＤ,9978,東S,,45,+1,+2.27%,1,167倍,-5.5倍,ー%
20260915,4029,サトー商会,9996,東S,,"2,039",-1,-0.05%,1,13.9倍,0.62倍,2.35%
20260915,4030,ＭＸ中国株投,2530,東Ｅ,,"17,000",+195,+1.16%,1,ー倍,ー倍,ー%
20260915,4031,ヤシマキザイ,7677,東S,,"2,750",+10,+0.36%,1,17.2倍,0.75倍,0.91%
20260915,4032,ＡＬｉＮＫ,7077,東G,,996,+10,+1.01%,1,40.0倍,1.29倍,ー%
20260915,4033,スペースマ,4487,東G,,228,-3,-1.30%,1,18.3倍,2.82倍,ー%
20260915,4034,ハーバー研,4925,東S,,"1,735",0,0.00%,1,14.0倍,0.70倍,2.31%
20260915,4035,東洋ドライ,4976,東S,,"1,570",-59,-3.62%,1,10.2倍,0.57倍,2.68%
20260915,4036,昭和化,4990,東S,,525,-7,-1.32%,1,12.7倍,0.56倍,1.14%
20260915,4037,朝日ラバー,5162,東S,,781,-8,-1.01%,1,21.0倍,0.69倍,3.07%
20260915,4038,クリエート,5187,東S,,"1,142",+1,+0.09%,1,16.2倍,0.55倍,4.12%
20260915,4039,相模ゴ,5194,東S,,641,+3,+0.47%,1,116倍,0.58倍,1.56%
20260915,4040,不二ラテ,5199,東S,,"1,988",0,0.00%,1,8.78倍,0.62倍,4.18%
20260915,4041,トーヨアサノ,5271,東S,,"2,195",+15,+0.69%,1,ー倍,0.75倍,3.87%
20260915,4042,日本興業,5279,東S,,"1,199",-1,-0.08%,1,8.59倍,0.41倍,3.75%
20260915,4043,ジャニス,5342,名M,,400,+17,+4.44%,1,149倍,1.54倍,ー%
20260915,4044,高砂鉄,5458,東S,,"1,320",+15,+1.15%,1,8.91倍,0.78倍,3.41%
20260915,4045,ＮＩＣ,5742,東S,,756,+6,+0.80%,1,31.5倍,1.27倍,5.42%
20260915,4046,エムケー精工,5906,東S,,773,+2,+0.26%,1,7.19倍,0.55倍,2.33%
20260915,4047,洋シヤタ,5936,東S,,915,+8,+0.88%,1,7.24倍,0.58倍,4.70%
20260915,4048,パワーファス,5950,東S,,151,+2,+1.34%,1,29.7倍,0.93倍,1.66%
20260915,4049,アマテイ,5952,東S,,192,+3,+1.59%,1,16.9倍,1.46倍,2.60%
20260915,4050,ＫＴＣ,5966,東S,,"2,705",+1,+0.04%,1,13.6倍,0.50倍,2.96%
20260915,4051,トーアミ,5973,東S,,612,+1,+0.16%,1,11.5倍,0.31倍,2.94%
20260915,4052,オーネックス,5987,東S,,"1,645",ー,ー%,1,12.7倍,0.48倍,1.22%
20260915,4053,スーパツール,5990,東S,,"1,942",-8,-0.41%,1,27.0倍,0.45倍,3.09%
20260915,4054,ファインシン,5994,東S,,"1,011",-8,-0.79%,1,8.65倍,0.31倍,2.47%
20260915,4055,赤阪鉄,6022,東S,,"2,884",-6,-0.21%,1,42.9倍,0.37倍,ー%
20260915,4056,ニッキ,6042,東S,,"3,855",0,0.00%,1,9.63倍,0.51倍,3.11%
20260915,4057,イトクロ,6049,東G,,252,-4,-1.56%,1,16.5倍,0.54倍,ー%
20260915,4058,リブセンス,6054,東S,,111,+1,+0.91%,1,ー倍,0.77倍,ー%
20260915,4059,ＥＡＪ,6063,東S,,"1,007",+12,+1.21%,1,18.1倍,1.31倍,ー%
20260915,4060,Ｃａｒｅｅｒ,6198,東G,,200,-1,-0.50%,1,ー倍,1.00倍,ー%
20260915,4061,ナガオカ,6239,東S,,"1,405",-14,-0.99%,1,8.86倍,1.22倍,2.49%
20260915,4062,横田製,6248,東S,,"1,718",-18,-1.04%,1,10.7倍,1.04倍,3.49%
