日付,順位,銘柄名,コード,市場,状態,株価,前日差,騰落率,売買代金,PER,PBR,配当利回り
20261002,1,キオクシア,285A,東P,,"19,300",+200,+1.05%,"780,911",ー倍,12.8倍,ー%
20261002,2,アドテスト,6857,東P,,"38,630","+1,020",+2.71%,"654,134",42.3倍,26.8倍,ー%
20261002,3,ＳＢＧ,9984,東P,,"6,310",-391,-5.83%,"381,146",ー倍,1.95倍,0.17%
20261002,4,太陽誘電,6976,東P,,"10,095",-5,-0.05%,"346,724",46.1倍,3.63倍,0.89%
20261002,5,レーザーテク,6920,東P,,"46,130",+420,+0.92%,"318,681",45.9倍,16.8倍,0.76%
20261002,6,フジクラ,5803,東P,,"5,598",+230,+4.28%,"305,536",28.4倍,15.2倍,0.68%
20261002,7,東エレク,8035,東P,,"12,100",-480,-3.82%,"231,936",ー倍,12.9倍,ー%
20261002,8,日経レバ,1570,東Ｅ,,"74,130","-1,650",-2.18%,"181,235",ー倍,ー倍,ー%
20261002,9,古河電,5801,東P,,"4,429",+316,+7.68%,"180,845",29.7倍,7.13倍,0.50%
20261002,10,村田製,6981,東P,,"8,467",-46,-0.54%,"158,676",45.4倍,5.56倍,0.83%
20261002,11,イビデン,4062,東P,,"12,100",+105,+0.88%,"137,540",81.4倍,11.9倍,0.14%
20261002,12,三菱ＵＦＪ,8306,東P,,"3,544.0",-42.0,-1.17%,"134,120",14.8倍,1.76倍,2.71%
20261002,13,ディスコ,6146,東P,,"60,290",-150,-0.25%,"95,271",ー倍,11.3倍,ー%
20261002,14,トヨタ,7203,東P,,"2,856.5",-68.5,-2.34%,"88,638",10.4倍,0.90倍,3.50%
20261002,15,ファストリ,9983,東P,,"71,770",-980,-1.35%,"85,107",44.1倍,8.07倍,0.89%
20261002,16,三井住友ＦＧ,8316,東P,,"3,321.0",-62.0,-1.83%,"81,645",14.8倍,1.56倍,2.71%
20261002,17,ＪＸ金属,5016,東P,,"3,612.0",+7.0,+0.19%,"72,153",22.9倍,5.02倍,0.55%
20261002,18,レゾナック,4004,東P,,"17,280","+1,385",+8.71%,"71,170",29.1倍,4.16倍,0.38%
20261002,19,住友電,5802,東P,,"2,452.0",+83.0,+3.50%,"67,928",22.5倍,2.70倍,1.59%
20261002,20,みずほＦＧ,8411,東P,,"8,446",-165,-1.92%,"66,958",14.6倍,1.77倍,1.78%
20261002,21,東京海上,8766,東P,,507.4,-13.6,-2.61%,"66,797",17.3倍,1.75倍,3.22%
20261002,22,日立,6501,東P,,"5,522",+12,+0.22%,"62,090",27.3倍,3.74倍,ー%
20261002,23,ニデック,6594,東P,,"2,117",+17,+0.81%,"55,328",24.3倍,3.06倍,ー%
20261002,24,コクサイエレ,6525,東P,,"10,050",-70,-0.69%,"55,125",42.2倍,10.4倍,0.65%
20261002,25,リクルート,6098,東P,,"16,685",-70,-0.42%,"53,197",30.6倍,13.0倍,0.16%
20261002,26,三井金属,5706,東P,,"2,553.5",+89.0,+3.61%,"48,809",18.3倍,3.46倍,1.10%
20261002,27,三菱重,7011,東P,,"3,813",-29,-0.75%,"48,795",33.7倍,4.04倍,0.76%
20261002,28,ソニーＧ,6758,東P,,"3,753",-34,-0.90%,"48,337",18.1倍,2.62倍,0.93%
20261002,29,任天堂,7974,東P,,"7,849",-91,-1.15%,"47,173",29.2倍,3.10倍,2.06%
20261002,30,ＳＵＭＣＯ,3436,東P,,"3,588.0",+116.0,+3.34%,"40,958",ー倍,2.21倍,ー%
20261002,31,キーエンス,6861,東P,,"80,270",-930,-1.15%,"40,767",ー倍,5.49倍,0.69%
20261002,32,ルネサス,6723,東P,,"3,575.0",-41.0,-1.13%,"37,745",ー倍,2.29倍,ー%
20261002,33,パナＨＤ,6752,東P,,"4,568",+18,+0.40%,"36,690",23.7倍,1.97倍,1.18%
20261002,34,ＴＤＫ,6762,東P,,"3,198.0",-2.0,-0.06%,"36,487",27.0倍,2.64倍,1.25%
20261002,35,信越化,4063,東P,,"6,030",+3,+0.05%,"35,225",20.9倍,2.40倍,2.26%
20261002,36,ＩＨＩ,7013,東P,,"2,707.5",-4.0,-0.15%,"33,290",16.7倍,4.12倍,0.85%
20261002,37,オリックス,8591,東P,,"5,745",-166,-2.81%,"33,037",11.8倍,1.32倍,3.26%
20261002,38,三菱商,8058,東P,,"4,694",-28,-0.59%,"32,652",15.6倍,1.78倍,2.66%
20261002,39,三菱電,6503,東P,,"5,264",-48,-0.90%,"30,014",21.8倍,2.36倍,1.14%
20261002,40,日産自,7201,東P,,281.0,-14.7,-4.97%,"28,121",49.1倍,0.20倍,ー%
20261002,41,ＮＴＴ,9432,東P,,169.9,-0.4,-0.23%,"27,600",14.0倍,1.39倍,3.18%
20261002,42,スクリン,7735,東P,,"15,465",-125,-0.80%,"27,415",25.4倍,5.88倍,1.18%
20261002,43,中外薬,4519,東P,,"6,032",-143,-2.32%,"27,374",ー倍,4.89倍,2.19%
20261002,44,伊藤忠,8001,東P,,"2,175.5",-27.0,-1.23%,"27,073",15.6倍,2.19倍,2.02%
20261002,45,ダイキン,6367,東P,,"20,585",-400,-1.91%,"26,716",20.6倍,1.92倍,1.75%
20261002,46,ＳＭＣ,6273,東P,,"73,450",+30,+0.04%,"26,619",27.0倍,2.13倍,1.36%
20261002,47,ＪＴ,2914,東P,,"6,830",-26,-0.38%,"26,444",18.8倍,2.76倍,3.98%
20261002,48,ＮＥＣ,6701,東P,,"4,913",+93,+1.93%,"25,653",ー倍,2.92倍,0.81%
20261002,49,ＨＯＹＡ,7741,東P,,"24,180",-210,-0.86%,"25,504",ー倍,7.92倍,ー%
20261002,50,住友鉱,5713,東P,,"9,724",-46,-0.47%,"24,943",12.1倍,1.23倍,2.13%
20261002,51,レイヤード,634A,東S,,"3,150",+339,+12.06%,"24,417",29.4倍,14.2倍,ー%
20261002,52,京セラ,6971,東P,,"3,668",-60,-1.61%,"24,102",29.3倍,1.41倍,1.53%
20261002,53,りそなＨＤ,8308,東P,,"2,474.0",+0.5,+0.02%,"24,065",16.7倍,1.83倍,1.50%
20261002,54,武田,4502,東P,,"5,643",-88,-1.54%,"23,801",54.3倍,1.19倍,3.62%
20261002,55,ＭＳ＆ＡＤ,8725,東P,,"4,776",-110,-2.25%,"23,709",16.0倍,1.02倍,3.56%
20261002,56,ホンダ,7267,東P,,"1,664.5",-31.5,-1.86%,"22,781",16.2倍,0.52倍,4.21%
20261002,57,富士通,6702,東P,,"4,069",+67,+1.67%,"22,682",22.7倍,3.46倍,1.35%
20261002,58,コマツ,6301,東P,,"7,500",-94,-1.24%,"21,966",19.0倍,1.89倍,2.53%
20261002,59,三井物,8031,東P,,"4,902",-14,-0.28%,"21,890",15.1倍,1.54倍,2.86%
20261002,60,丸紅,8002,東P,,"4,725",-107,-2.21%,"21,682",13.2倍,1.72倍,2.43%
20261002,61,ファナック,6954,東P,,"6,075",-52,-0.85%,"21,632",28.4倍,2.97倍,ー%
20261002,62,アシックス,7936,東P,,"4,141",-108,-2.54%,"20,934",24.3倍,8.14倍,1.06%
20261002,63,ＫＤＤＩ,9433,東P,,"2,896.5",-34.5,-1.18%,"20,698",15.1倍,2.15倍,2.90%
20261002,64,ＩＮＰＥＸ,1605,東P,,"3,696.0",+85.0,+2.35%,"20,671",8.37倍,0.84倍,3.03%
20261002,65,アキッパ,627A,東S,,"1,778",+33,+1.89%,"20,626",36.9倍,17.7倍,ー%
20261002,66,東洋エンジ,6330,東P,,"2,630",-120,-4.36%,"20,125",25.7倍,3.96倍,0.95%
20261002,67,日本製鉄,5401,東P,,642.5,-7.5,-1.15%,"19,426",11.6倍,0.60倍,3.74%
20261002,68,味の素,2802,東P,,"5,212",-48,-0.91%,"19,356",40.2倍,6.41倍,0.96%
20261002,69,コナミＧ,9766,東P,,"22,350",+210,+0.95%,"18,866",30.0倍,5.23倍,1.00%
20261002,70,ＡＩメカ,6227,東S,,"7,950",+270,+3.52%,"18,808",30.1倍,10.3倍,0.28%
20261002,71,川重,7012,東P,,"2,350.0",-2.0,-0.09%,"18,807",17.8倍,2.32倍,1.70%
20261002,72,フェローテク,6890,東S,,"11,540",+290,+2.58%,"18,571",13.0倍,1.93倍,2.31%
20261002,73,楽天グループ,4755,東P,,662.1,-19.6,-2.88%,"18,543",ー倍,1.58倍,ー%
20261002,74,第一ライフ,8750,東P,,"1,786.5",-31.5,-1.73%,"18,537",12.5倍,1.41倍,4.03%
20261002,75,東電ＨＤ,9501,東P,,524.0,+5.5,+1.06%,"18,350",ー倍,0.35倍,ー%
20261002,76,デンソー,6902,東P,,"1,808.0",-32.0,-1.74%,"18,348",11.9倍,0.89倍,4.09%
20261002,77,ＳＢ,9434,東P,,237.4,-3.4,-1.41%,"18,256",20.6倍,4.31倍,3.71%
20261002,78,パンパシＨＤ,7532,東P,,685.0,-19.7,-2.80%,"18,088",18.7倍,2.93倍,1.46%
20261002,79,ダイナマップ,336A,東G,,"1,621",+1,+0.06%,"17,548",ー倍,6.06倍,ー%
20261002,80,日経Ｄインバ,1357,東Ｅ,,"2,522",+53,+2.15%,"17,350",ー倍,ー倍,ー%
20261002,81,キヤノン,7751,東P,,"4,607",-69,-1.48%,"17,267",11.3倍,1.10倍,3.47%
20261002,82,ローム,6963,東P,,"5,228",+123,+2.41%,"17,064",69.6倍,2.61倍,0.96%
20261002,83,安川電,6506,東P,,"4,806",+27,+0.56%,"16,408",26.5倍,2.57倍,1.50%
20261002,84,野村日経平均,1321,東Ｅ,,"71,040",-770,-1.07%,"16,347",ー倍,ー倍,ー%
20261002,85,イオン,8267,東P,,"1,230.0",-20.0,-1.60%,"16,219",46.6倍,2.82倍,1.22%
20261002,86,メイコー,6787,東P,,"23,860","-1,430",-5.65%,"16,204",23.0倍,4.74倍,0.67%
20261002,87,商船三井,9104,東P,,"7,137",+84,+1.19%,"16,192",10.2倍,0.82倍,2.87%
20261002,88,日本マイクロ,6871,東P,,"15,020",+40,+0.27%,"16,112",25.3倍,6.38倍,1.19%
20261002,89,ベイカレント,6532,東P,,"8,096",+469,+6.15%,"16,048",24.7倍,10.8倍,1.61%
20261002,90,ＳＯＭＰＯ,8630,東P,,"6,523",-97,-1.47%,"16,043",11.8倍,1.09倍,3.07%
20261002,91,野村,8604,東P,,"1,507.0",-41.5,-2.68%,"15,974",ー倍,1.15倍,ー%
20261002,92,三井不,8801,東P,,"1,426.0",-49.0,-3.32%,"15,764",13.5倍,1.18倍,2.59%
20261002,93,ダイフク,6383,東P,,"5,851",+19,+0.33%,"15,631",25.2倍,4.34倍,1.54%
20261002,94,三井住友トラ,8309,東P,,"1,743.0",-35.5,-2.00%,"15,590",12.6倍,1.31倍,2.73%
20261002,95,日東紡,3110,東P,,"3,370",+35,+1.05%,"15,504",30.7倍,3.46倍,0.83%
20261002,96,ブリヂストン,5108,東P,,"3,780",-62,-1.61%,"15,420",13.7倍,1.23倍,3.31%
20261002,97,ゆうちょ銀,7182,東P,,"3,395.0",-46.0,-1.34%,"15,403",18.3倍,1.31倍,2.74%
20261002,98,テルモ,4543,東P,,"2,243.5",-108.0,-4.59%,"15,024",17.1倍,1.99倍,1.60%
20261002,99,住友商,8053,東P,,"1,728.0",-23.5,-1.34%,"14,768",13.0倍,1.72倍,2.31%
20261002,100,セブン＆アイ,3382,東P,,"1,978.0",-21.5,-1.08%,"14,633",16.1倍,1.22倍,3.03%
20261002,101,郵船,9101,東P,,"7,141",+2,+0.03%,"14,609",12.0倍,0.93倍,3.36%
20261002,102,スズキ,7269,東P,,"1,952.5",-50.5,-2.52%,"14,133",8.97倍,1.06倍,2.61%
20261002,103,第一三共,4568,東P,,"2,709.0",-31.5,-1.15%,"13,953",19.7倍,2.90倍,3.69%
20261002,104,カプコン,9697,東P,,"4,448",+89,+2.04%,"13,945",32.1倍,6.50倍,1.03%
20261002,105,豊田通商,8015,東P,,"7,264",+11,+0.15%,"13,795",15.8倍,2.63倍,1.72%
20261002,106,大塚ＨＤ,4578,東P,,"11,320",-145,-1.26%,"13,422",16.7倍,1.83倍,1.77%
20261002,107,富士フイルム,4901,東P,,"3,314.0",-79.0,-2.33%,"13,238",14.2倍,1.02倍,2.26%
20261002,108,ＯＬＣ,4661,東P,,"2,816.5",-65.5,-2.27%,"13,065",40.6倍,4.09倍,0.57%
20261002,109,日経ブル２,1579,東Ｅ,,800.5,-16.6,-2.03%,"12,975",ー倍,ー倍,ー%
20261002,110,ＥＮＥＯＳ,5020,東P,,"1,364.0",+16.5,+1.22%,"12,770",8.71倍,0.96倍,2.49%
20261002,111,ＰｏｗｅｒＸ,485A,東G,,"2,128",+95,+4.67%,"12,620",199倍,38.4倍,ー%
20261002,112,アステラス,4503,東P,,"2,245.0",-65.5,-2.83%,"12,474",13.4倍,2.07倍,3.56%
20261002,113,荏原,6361,東P,,"4,701",-56,-1.18%,"12,385",21.5倍,4.02倍,1.40%
20261002,114,ソニーＦＧ,8729,東P,,148.9,-4.3,-2.81%,"11,789",43.4倍,1.14倍,5.37%
20261002,115,ティアフォー,593A,東G,,"1,901",-41,-2.11%,"11,690",ー倍,12.3倍,ー%
20261002,116,データセク,3905,東G,,"2,042",-32,-1.54%,"11,415",8.98倍,3.11倍,ー%
20261002,117,ゼンムテック,338A,東G,,"4,060",+50,+1.25%,"11,374",36.7倍,14.5倍,ー%
20261002,118,バンナムＨＤ,7832,東P,,"5,742",-13,-0.23%,"11,348",28.3倍,4.16倍,ー%
20261002,119,クボタ,6326,東P,,"2,683.0",-38.0,-1.40%,"11,168",10.5倍,1.08倍,1.94%
20261002,120,サンリオ,8136,東P,,"1,181.0",-10.5,-0.88%,"10,996",22.4倍,8.78倍,1.35%
20261002,121,トーメンデバ,2737,東P,,"37,100","-3,800",-9.29%,"10,874",8.41倍,3.58倍,4.42%
20261002,122,中部電,9502,東P,,"2,635.0",-12.5,-0.47%,"10,850",12.4倍,0.63倍,2.66%
20261002,123,三菱ケミＧ,4188,東P,,"1,143.0",-12.0,-1.04%,"10,710",12.2倍,0.85倍,2.80%
20261002,124,デクセリ,4980,東P,,"3,389.0",+49.0,+1.47%,"10,703",20.6倍,5.09倍,1.89%
20261002,125,ソシオネクス,6526,東P,,"2,217.0",+26.0,+1.19%,"10,696",38.9倍,3.03倍,2.26%
20261002,126,資生堂,4911,東P,,"3,261.0",-147.0,-4.31%,"10,647",31.0倍,2.05倍,1.84%
20261002,127,ＴＯＴＯ,5332,東P,,"6,097",+49,+0.81%,"10,620",21.8倍,1.87倍,1.97%
20261002,128,大成建,1801,東P,,"12,110",-90,-0.74%,"10,528",13.1倍,2.12倍,3.14%
20261002,129,野村総研,4307,東P,,"5,075",+64,+1.28%,"10,367",23.9倍,7.61倍,1.66%
20261002,130,ニトリＨＤ,9843,東P,,"3,009.0",+56.0,+1.90%,"10,280",18.7倍,1.69倍,1.06%
20261002,131,セコム,9735,東P,,"6,223",-63,-1.00%,"10,275",23.2倍,1.88倍,1.93%
20261002,132,日東電,6988,東P,,"3,506.0",-11.0,-0.31%,"10,273",16.3倍,2.01倍,1.83%
20261002,133,ミネベア,6479,東P,,"3,835",+12,+0.31%,"10,271",17.7倍,1.66倍,1.56%
20261002,134,ＳＢＩ,8473,東P,,"3,057.0",-100.0,-3.17%,"10,250",ー倍,1.06倍,ー%
20261002,135,キリンＨＤ,2503,東P,,"2,805.0",-39.5,-1.39%,"10,245",13.9倍,1.63倍,2.71%
20261002,136,クラサス,646A,東S,,216.7,-20.5,-8.64%,"10,238",29.9倍,0.73倍,5.54%
20261002,137,大和,8601,東P,,"1,751.0",-51.5,-2.86%,"9,754",ー倍,1.35倍,2.51%
20261002,138,関西電,9503,東P,,"2,632.5",-40.5,-1.52%,"9,727",9.46倍,0.82倍,3.04%
20261002,139,住友不,8830,東P,,"3,089.0",-91.0,-2.86%,"9,720",12.8倍,1.11倍,1.68%
20261002,140,大和ハウス,1925,東P,,"2,144.5",-31.0,-1.42%,"9,716",9.99倍,0.91倍,4.15%
20261002,141,花王,4452,東P,,"3,439.0",-43.0,-1.23%,"9,605",23.1倍,2.78倍,2.27%
20261002,142,ＳＵＢＡＲＵ,7270,東P,,"2,487.0",-50.0,-1.97%,"9,364",13.2倍,0.62倍,4.66%
20261002,143,菱地所,8802,東P,,"3,498.0",-94.0,-2.62%,"9,348",17.8倍,1.54倍,1.40%
20261002,144,塩野義,4507,東P,,"2,786.0",-66.0,-2.31%,"9,262",11.3倍,1.34倍,2.73%
20261002,145,ふくおかＦＧ,8354,東P,,"7,789",+1,+0.01%,"9,243",14.7倍,1.31倍,2.70%
20261002,146,ＪＲ東日本,9020,東P,,"3,296.0",-30.0,-0.90%,"9,146",14.6倍,1.22倍,2.55%
20261002,147,楽天Ｗブル,1458,東Ｅ,,"88,500","-1,900",-2.10%,"9,124",ー倍,ー倍,ー%
20261002,148,メタプラ,3350,東S,,291,-16,-5.21%,"8,999",ー倍,1.15倍,ー%
20261002,149,日本郵政,6178,東P,,"2,465.0",-44.0,-1.75%,"8,980",17.7倍,0.68倍,2.43%
20261002,150,ユニチカ,3103,東S,,"1,500",-79,-5.00%,"8,945",18.3倍,2.58倍,ー%
20261002,151,川崎汽,9107,東P,,"3,264.0",0,0.00%,"8,935",14.2倍,1.10倍,3.68%
20261002,152,清水建,1803,東P,,"2,089.5",-36.0,-1.69%,"8,543",8.50倍,1.39倍,3.69%
20261002,153,阪急阪神,9042,東P,,"4,421",+61,+1.40%,"8,534",12.9倍,0.92倍,2.26%
20261002,154,ＪＲ東海,9022,東P,,"3,621.0",-51.0,-1.39%,"8,478",7.69倍,0.66倍,0.88%
20261002,155,良品計画,7453,東P,,"4,214",-40,-0.94%,"8,347",33.4倍,5.64倍,0.76%
20261002,156,横浜ＦＧ,7186,東P,,"1,886.0",-38.0,-1.98%,"8,327",16.2倍,1.43倍,2.49%
20261002,157,出光興産,5019,東P,,"1,560.0",+32.5,+2.13%,"8,243",24.9倍,1.14倍,2.31%
20261002,158,富士電機,6504,東P,,"14,655",+115,+0.79%,"8,202",19.2倍,2.71倍,ー%
20261002,159,オリンパス,7733,東P,,"1,958.0",-50.5,-2.51%,"8,159",20.4倍,2.78倍,1.53%
20261002,160,アサヒ,2502,東P,,"1,572.0",-23.0,-1.44%,"8,157",11.9倍,0.72倍,3.63%
20261002,161,三菱ＨＣキャ,8593,東P,,"1,306.0",-19.0,-1.43%,"8,050",11.7倍,0.93倍,3.91%
20261002,162,エムスリー,2413,東P,,"1,753.0",-46.0,-2.56%,"7,989",22.0倍,2.87倍,ー%
20261002,163,野村東証指数,1306,東Ｅ,,430.2,-4.2,-0.97%,"7,889",ー倍,ー倍,ー%
20261002,164,オンコリス,4588,東G,,"5,980",-70,-1.16%,"7,839",ー倍,54.3倍,ー%
20261002,165,オムロン,6645,東P,,"6,396",-29,-0.45%,"7,799",31.1倍,1.51倍,1.72%
20261002,166,精工技研,6834,東S,,"6,850",+430,+6.70%,"7,633",33.3倍,8.60倍,0.44%
20261002,167,ネクソン,3659,東P,,"2,685.0",+28.5,+1.07%,"7,623",ー倍,1.94倍,17.7%
20261002,168,鹿島,1812,東P,,"4,884",-53,-1.07%,"7,616",13.2倍,1.64倍,2.99%
20261002,169,ＧＯ,581A,東G,,"3,540",+155,+4.58%,"7,529",25.9倍,11.6倍,ー%
20261002,170,積水ハウス,1928,東P,,"3,310.0",-60.0,-1.78%,"7,448",9.58倍,0.95倍,4.38%
20261002,171,ゼンショＨＤ,7550,東P,,"11,065",+275,+2.55%,"7,374",33.7倍,6.29倍,0.72%
20261002,172,ワークマン,7564,東S,,"5,100",-380,-6.93%,"7,348",18.6倍,2.70倍,1.75%
20261002,173,トレンド,4704,東P,,"6,798",+127,+1.90%,"7,323",28.7倍,7.63倍,ー%
20261002,174,ラインヤフー,4689,東P,,497.9,-9.0,-1.78%,"7,313",ー倍,1.14倍,2.21%
20261002,175,ＪＦＥ,5411,東P,,"1,711.0",-30.0,-1.72%,"7,270",7.26倍,0.41倍,4.68%
20261002,176,野村日半導,200A,東Ｅ,,"4,754",-2,-0.04%,"7,103",ー倍,ー倍,ー%
20261002,177,ヤマハ発,7272,東P,,"1,754.0",-49.5,-2.74%,"7,080",10.0倍,1.36倍,2.85%
20261002,178,ＴＯＰＰＡＮ,7911,東P,,"2,384.5",-33.0,-1.37%,"6,996",24.1倍,0.96倍,1.22%
20261002,179,Ｆ＆ＬＣ,3563,東P,,"5,067",-21,-0.41%,"6,943",36.6倍,9.24倍,0.39%
20261002,180,マツダ,7261,東P,,"1,072.0",-34.5,-3.12%,"6,898",7.52倍,0.35倍,5.13%
20261002,181,三菱マ,5711,東P,,"4,981",-70,-1.39%,"6,877",4.65倍,0.84倍,2.33%
20261002,182,日経ベア２,1360,東Ｅ,,61.7,+1.2,+1.98%,"6,873",ー倍,ー倍,ー%
20261002,183,モノタロウ,3064,東P,,"2,060.0",+101.5,+5.18%,"6,869",28.0倍,8.39倍,1.80%
20261002,184,ＴＯＷＡ,6315,東P,,"2,385",-32,-1.32%,"6,857",25.6倍,2.37倍,1.01%
20261002,185,三井海洋,6269,東P,,"8,711",-46,-0.53%,"6,850",10.3倍,2.23倍,2.30%
20261002,186,旭化成,3407,東P,,"1,630.0",-19.5,-1.18%,"6,819",13.6倍,1.03倍,2.70%
20261002,187,野村不ＨＤ,3231,東P,,853.0,-21.7,-2.48%,"6,812",8.49倍,0.91倍,5.16%
20261002,188,ＮＧＫ,5333,東P,,"5,624",+58,+1.04%,"6,646",19.3倍,1.96倍,1.88%
20261002,189,東京精,7729,東P,,"19,205",-485,-2.46%,"6,612",25.3倍,4.10倍,1.58%
20261002,190,Ｔ＆Ｄ,8795,東P,,"4,737",-38,-0.80%,"6,610",16.6倍,1.34倍,3.46%
20261002,191,マクドナルド,2702,東S,,"7,440",-120,-1.59%,"6,573",28.3倍,3.38倍,0.86%
20261002,192,ＪＡＬ,9201,東P,,"2,989.0",-33.0,-1.09%,"6,573",11.7倍,0.89倍,3.21%
20261002,193,千葉銀,8331,東P,,"2,771.0",-55.5,-1.96%,"6,468",17.8倍,1.48倍,2.31%
20261002,194,テラドローン,278A,東G,,"9,080",-430,-4.52%,"6,457",ー倍,19.7倍,ー%
20261002,195,特殊陶,5334,東P,,"3,758",-77,-2.01%,"6,431",13.9倍,1.73倍,2.79%
20261002,196,堀場製,6856,東P,,"25,330",+85,+0.34%,"6,414",21.3倍,2.92倍,3.12%
20261002,197,ＪＲ西日本,9021,東P,,"2,868.0",-34.0,-1.17%,"6,389",13.1倍,1.07倍,3.40%
20261002,198,クスリアオキ,3549,東S,Ｓ,"4,411",+700,+18.86%,"6,367",22.1倍,2.89倍,1.45%
20261002,199,大林組,1802,東P,,"2,965.0",-17.0,-0.57%,"6,360",13.0倍,1.64倍,3.17%
20261002,200,浜ゴム,5101,東P,,"7,061",-89,-1.24%,"6,355",9.52倍,0.99倍,3.16%
20261002,201,パーク２４,4666,東P,,"1,771.0",-73.5,-3.98%,"6,299",6.87倍,2.57倍,3.67%
20261002,202,ＡＧＣ,5201,東P,,"5,749",-38,-0.66%,"6,290",15.9倍,0.80倍,3.65%
20261002,203,めぶきＦＧ,7167,東P,,"1,660.0",-34.5,-2.04%,"6,276",14.8倍,1.40倍,2.65%
20261002,204,京都ＦＧ,5844,東P,,"4,708",-80,-1.67%,"6,256",25.3倍,0.95倍,2.23%
20261002,205,ＡＮＡＨＤ,9202,東P,,"2,943.0",-28.0,-0.94%,"6,173",13.5倍,1.05倍,2.04%
20261002,206,大ガス,9532,東P,,"5,763",+67,+1.18%,"6,142",15.0倍,1.19倍,2.26%
20261002,207,三越伊勢丹,3099,東P,,"1,607.5",-33.5,-2.04%,"6,045",17.7倍,1.86倍,2.49%
20261002,208,日本取引所,8697,東P,,"2,304.0",-23.0,-0.99%,"6,036",22.4倍,7.31倍,3.56%
20261002,209,朝日インテク,7747,東P,,"3,293.0",-72.0,-2.14%,"5,975",23.1倍,5.04倍,1.52%
20261002,210,住友重,6302,東P,,"6,216",+110,+1.80%,"5,974",21.0倍,1.05倍,2.33%
20261002,211,しずおかＦＧ,5831,東P,,"3,568.0",-33.0,-0.92%,"5,936",16.2倍,1.46倍,3.03%
20261002,212,アイシン,7259,東P,,"2,147.5",-32.5,-1.49%,"5,931",9.98倍,0.70倍,3.49%
20261002,213,ローツェ,6323,東P,,"4,218",-7,-0.17%,"5,872",26.3倍,5.35倍,0.47%
20261002,214,東ガス,9531,東P,,"6,173",+63,+1.03%,"5,842",14.7倍,1.16倍,1.94%
20261002,215,いすゞ,7202,東P,,"2,021.0",-46.5,-2.25%,"5,760",8.68倍,0.92倍,4.65%
20261002,216,アマダ,6113,東P,,"2,626.5",+4.5,+0.17%,"5,728",23.6倍,1.50倍,2.44%
20261002,217,ＭＡＲＵＷＡ,5344,東P,,"58,350",-170,-0.29%,"5,683",ー倍,4.76倍,0.19%
20261002,218,電子材料,6855,東S,,"8,290",+70,+0.85%,"5,677",18.1倍,2.62倍,1.21%
20261002,219,ＴＨＫ,6481,東P,,"6,517",-93,-1.41%,"5,641",13.3倍,2.65倍,2.99%
20261002,220,オービック,4684,東P,,"5,064",+53,+1.06%,"5,640",26.5倍,4.40倍,1.86%
20261002,221,アズジェント,4288,東S,,581,+65,+12.60%,"5,604",44.4倍,4.97倍,ー%
20261002,222,双日,2768,東P,,"5,535",-72,-1.28%,"5,577",8.86倍,1.01倍,3.25%
20261002,223,楽天銀,5838,東P,,"6,245",-95,-1.50%,"5,563",12.4倍,2.77倍,ー%
20261002,224,エーザイ,4523,東P,,"4,700",-133,-2.75%,"5,563",25.4倍,1.46倍,3.40%
20261002,225,東急,9005,東P,,"1,583.5",-22.0,-1.37%,"5,552",9.82倍,0.95倍,2.02%
20261002,226,メルカリ,4385,東P,,"3,546.0",-74.0,-2.04%,"5,500",ー倍,4.22倍,ー%
20261002,227,菱ガス化,4182,東P,,"3,915",-5,-0.13%,"5,498",13.9倍,1.15倍,2.81%
20261002,228,東建物,8804,東P,,"3,211.0",-44.0,-1.35%,"5,496",10.2倍,1.10倍,3.92%
20261002,229,三井Ｅ＆Ｓ,7003,東P,,"4,193",-41,-0.97%,"5,490",13.7倍,1.89倍,1.43%
20261002,230,名村造,7014,東S,,"4,785",+50,+1.06%,"5,417",15.1倍,2.41倍,1.25%
20261002,231,フルヤ金属,7826,東P,,"11,840",+20,+0.17%,"5,410",16.5倍,3.72倍,1.52%
20261002,232,ＦＵＪＩ,6134,東P,,"8,059",+68,+0.85%,"5,393",16.1倍,2.92倍,2.36%
20261002,233,マキタ,6586,東P,,"5,258",-79,-1.48%,"5,302",16.7倍,1.35倍,ー%
20261002,234,ＳＢＩ新生銀,8303,東P,,"1,499.5",-30.0,-1.96%,"5,286",ー倍,1.09倍,ー%
20261002,235,キッコマン,2801,東P,,"1,647.5",-13.0,-0.78%,"5,213",24.9倍,2.66倍,1.52%
20261002,236,アルバック,6728,東P,,"8,130",-170,-2.05%,"5,156",21.0倍,1.66倍,1.87%
20261002,237,あおぞら銀,8304,東P,,"3,389.0",-102.0,-2.92%,"5,137",17.4倍,0.94倍,2.95%
20261002,238,クレセゾン,8253,東P,,"4,318",-169,-3.77%,"5,127",8.22倍,0.80倍,3.71%
20261002,239,シマノ,7309,東P,,"17,485",-285,-1.60%,"5,097",34.2倍,1.68倍,2.08%
20261002,240,キューデン,642A,東P,,"1,969.5",-24.0,-1.20%,"5,093",ー倍,0.75倍,ー%
20261002,241,住友林,1911,東P,,"1,180.5",-20.5,-1.71%,"5,070",12.1倍,0.66倍,4.24%
20261002,242,シンフォニア,6507,東P,,"14,400",+550,+3.97%,"5,068",27.1倍,3.99倍,1.12%
20261002,243,日立建機,6305,東P,,"5,550",-70,-1.25%,"5,067",13.8倍,1.26倍,3.42%
20261002,244,東レ,3402,東P,,"1,223.5",-8.0,-0.65%,"5,056",19.8倍,0.98倍,2.13%
20261002,245,島津,7701,東P,,"3,898",-98,-2.45%,"5,011",19.1倍,1.96倍,1.80%
20261002,246,ＤＭＧ森精機,6141,東P,,"2,846.0",-76.0,-2.60%,"4,978",28.7倍,1.26倍,3.69%
20261002,247,シスメックス,6869,東P,,"1,818.5",-50.0,-2.68%,"4,956",29.6倍,2.25倍,2.20%
20261002,248,住友ベ,4203,東P,,"8,581",+85,+1.00%,"4,952",26.4倍,2.09倍,1.40%
20261002,249,ｉＳ日経,1329,東Ｅ,,"7,104",-76,-1.06%,"4,922",ー倍,ー倍,ー%
20261002,250,ほくほくＦＧ,8377,東P,,877.3,-5.3,-0.60%,"4,876",16.8倍,1.39倍,1.71%
20261002,251,ＳＨＩＦＴ,3697,東P,,890.4,+28.8,+3.34%,"4,873",ー倍,5.98倍,0.46%
20261002,252,ミスミＧ,9962,東P,,"3,937",-37,-0.93%,"4,870",22.9倍,2.67倍,1.51%
20261002,253,大東建,1878,東P,,"3,110.0",-37.0,-1.18%,"4,866",9.39倍,2.04倍,5.24%
20261002,254,住友化,4005,東P,,574.8,-5.3,-0.91%,"4,852",13.7倍,0.87倍,2.78%
20261002,255,秋田銀,8343,東P,,"2,033",+10,+0.49%,"4,831",21.4倍,0.97倍,1.97%
20261002,256,積水化,4204,東P,,"2,499.0",-36.0,-1.42%,"4,820",13.3倍,1.19倍,3.24%
20261002,257,西武ＨＤ,9024,東P,,"3,542.0",+3.0,+0.08%,"4,794",33.4倍,1.57倍,1.19%
20261002,258,ＮＸＨＤ,9147,東P,,"5,672",-77,-1.34%,"4,751",19.0倍,1.59倍,1.76%
20261002,259,ホトニクス,6965,東P,,"2,389.0",-15.0,-0.62%,"4,709",39.3倍,2.17倍,1.59%
20261002,260,ＰＨＣＨＤ,6523,東P,,"1,602",-82,-4.87%,"4,641",13.2倍,1.20倍,2.62%
20261002,261,明治ＨＤ,2269,東P,,"4,059",-112,-2.69%,"4,639",17.6倍,1.43倍,2.71%
20261002,262,日製鋼,5631,東P,,"7,182",-68,-0.94%,"4,609",27.8倍,2.47倍,1.28%
20261002,263,オンコセラピ,4564,東G,,21,+1,+5.00%,"4,603",ー倍,3.76倍,ー%
20261002,264,アンリツ,6754,東P,,"3,489.0",+38.0,+1.10%,"4,598",29.8倍,3.35倍,1.43%
20261002,265,東応化,4186,東P,,"8,908",-26,-0.29%,"4,515",25.1倍,4.31倍,0.90%
20261002,266,スカイフォル,625A,東G,,"1,711",-94,-5.21%,"4,515",15.5倍,4.72倍,ー%
20261002,267,群馬銀,8334,東P,,"2,989.0",-78.0,-2.54%,"4,510",17.4倍,1.79倍,2.34%
20261002,268,ブラザー,6448,東P,,"4,649",-11,-0.24%,"4,497",14.8倍,1.42倍,2.15%
20261002,269,ユニチャーム,8113,東P,,917.5,-19.4,-2.07%,"4,451",22.6倍,1.95倍,2.40%
20261002,270,芝浦,6590,東P,,"4,260",+5,+0.12%,"4,441",23.5倍,5.22倍,1.50%
20261002,271,ビルファンド,8951,東Ｒ,,"117,800","-1,300",-1.09%,"4,434",26.0倍,1.38倍,4.19%
20261002,272,ＱＤレーザ,6613,東G,,"2,294",+51,+2.27%,"4,425",219倍,19.8倍,ー%
20261002,273,ビーエイブル,604A,東S,,"1,624",+214,+15.18%,"4,387",17.6倍,2.22倍,1.23%
20261002,274,ヒューリック,3003,東P,,"1,684.0",-36.0,-2.09%,"4,362",10.6倍,1.35倍,3.98%
20261002,275,住友ファーマ,4506,東P,,"1,613.5",-21.5,-1.31%,"4,359",9.40倍,1.77倍,ー%
20261002,276,東宝,9602,東P,,"1,567.0",-0.5,-0.03%,"4,342",31.8倍,2.60倍,1.40%
20261002,277,いよぎんＨＤ,5830,東P,,"3,857",-56,-1.43%,"4,314",14.3倍,1.19倍,2.07%
20261002,278,ＴＩＳＩ,3626,東P,,"4,032",+84,+2.13%,"4,278",14.9倍,2.89倍,2.23%
20261002,279,セガサミー,6460,東P,,"3,285.0",-82.0,-2.44%,"4,271",20.5倍,1.88倍,1.67%
20261002,280,ＡＲＣＨＩＯ,543A,東P,,280,-8,-2.78%,"4,255",2.38倍,0.77倍,2.86%
20261002,281,栗田工,6370,東P,,"7,825",-23,-0.29%,"4,254",16.3倍,2.46倍,1.71%
20261002,282,ＤＯＷＡ,5714,東P,,"8,703",-178,-2.00%,"4,244",9.03倍,1.12倍,3.88%
20261002,283,ヒュマメイド,456A,東G,,"2,170",+110,+5.34%,"4,230",53.8倍,14.7倍,ー%
20261002,284,横河電,6841,東P,,"4,707",-27,-0.57%,"4,208",20.0倍,2.31倍,1.95%
20261002,285,ＳＷＣＣ,5805,東P,,"2,830",+76,+2.76%,"4,201",18.2倍,4.15倍,2.20%
20261002,286,エプソン,6724,東P,,"3,284.0",+2.0,+0.06%,"4,185",15.2倍,1.21倍,2.44%
20261002,287,東北電,9506,東P,,"1,237.0",-29.0,-2.29%,"4,169",ー倍,0.54倍,3.23%
20261002,288,住友ゴ,5110,東P,,"1,979.5",-42.5,-2.10%,"4,168",9.46倍,0.69倍,4.24%
20261002,289,リベルタ,4935,東S,,240,+17,+7.62%,"4,160",ー倍,5.49倍,ー%
20261002,290,小林製薬,4967,東P,,"7,107",+118,+1.69%,"4,133",52.8倍,2.53倍,1.49%
20261002,291,ＧＸ半導日株,2644,東Ｅ,,"4,399",0,0.00%,"4,129",ー倍,ー倍,ー%
20261002,292,ハーモニック,6324,東P,,"6,570",-40,-0.61%,"4,126",104倍,7.64倍,0.30%
20261002,293,日ハム,2282,東P,,"1,997.0",-11.0,-0.55%,"4,125",14.4倍,1.02倍,3.00%
20261002,294,八十二長野,8359,東P,,"2,758.0",-51.5,-1.83%,"4,106",17.2倍,1.04倍,2.36%
20261002,295,リンテック,7966,東P,,"5,890",-40,-0.67%,"4,091",18.1倍,1.36倍,2.04%
20261002,296,神戸物産,3038,東P,,"2,995.0",-15.0,-0.50%,"4,084",21.8倍,3.68倍,1.07%
20261002,297,セキュアヴェ,3042,東S,,338,+13,+4.00%,"4,069",27.2倍,2.17倍,0.89%
20261002,298,三菱自,7211,東P,,337.3,-10.0,-2.88%,"4,060",18.1倍,0.49倍,2.96%
20261002,299,王子ＨＤ,3861,東P,,835.4,-9.0,-1.07%,"4,050",20.3倍,0.65倍,4.31%
20261002,300,日産化,4021,東P,,"8,392",-62,-0.73%,"4,048",21.7倍,4.46倍,2.53%
20261002,301,ＩＮＶ,8963,東Ｒ,,"58,600",-500,-0.85%,"4,041",15.0倍,1.27倍,7.46%
20261002,302,ユニオンツル,6278,東P,,"16,370",+380,+2.38%,"3,999",25.9倍,2.67倍,0.92%
20261002,303,ノート,5243,東G,,"4,100",+165,+4.19%,"3,975",66.3倍,10.4倍,ー%
20261002,304,日ケミコン,6997,東P,,"2,343",-105,-4.29%,"3,950",16.0倍,1.31倍,1.07%
20261002,305,ＣＫＤ,6407,東P,,"5,730",+90,+1.60%,"3,888",20.2倍,2.39倍,1.95%
20261002,306,マクニカＨＤ,3132,東P,,"4,178",-21,-0.50%,"3,888",23.3倍,2.60倍,1.91%
20261002,307,ＴＯＹＯ,5105,東P,,"3,905",-17,-0.43%,"3,841",7.76倍,0.87倍,3.46%
20261002,308,ナブテスコ,6268,東P,,"4,926",-49,-0.98%,"3,839",23.6倍,1.99倍,1.66%
20261002,309,サイバー,4751,東P,,"1,231.0",-7.5,-0.61%,"3,837",15.2倍,3.05倍,1.62%
20261002,310,インフロニア,5076,東P,,"2,695.5",-58.5,-2.12%,"3,822",8.18倍,1.34倍,4.90%
20261002,311,かんぽ生命,7181,東P,,"1,695.0",-28.5,-1.65%,"3,804",13.0倍,0.39倍,2.95%
20261002,312,日本空港ビル,9706,東P,,"5,337",-68,-1.26%,"3,804",20.5倍,2.31倍,1.78%
20261002,313,ヤクルト,2267,東P,,"2,720.0",-28.0,-1.02%,"3,762",16.6倍,1.29倍,2.65%
20261002,314,スクエニＨＤ,9684,東P,,"2,884.0",-3.0,-0.10%,"3,727",33.6倍,2.94倍,1.49%
20261002,315,ｓａｎｔｅｃ,6777,東S,,"23,370",+590,+2.59%,"3,699",31.2倍,9.53倍,0.98%
20261002,316,Ｊフロント,3086,東P,,"2,559.0",-71.5,-2.72%,"3,692",21.6倍,1.52倍,2.19%
20261002,317,ツルハＨＤ,3391,東P,,"2,061.0",-35.0,-1.67%,"3,661",22.5倍,1.07倍,2.33%
20261002,318,三井化学,4183,東P,,"2,101.0",-16.0,-0.76%,"3,661",16.9倍,0.87倍,3.57%
20261002,319,アルプスアル,6770,東P,,"2,207.5",-63.0,-2.77%,"3,609",14.2倍,0.96倍,2.90%
20261002,320,日本酸素ＨＤ,4091,東P,,"5,347",-57,-1.05%,"3,600",17.7倍,1.83倍,1.23%
20261002,321,高島屋,8233,東P,,"2,042.5",-41.0,-1.97%,"3,574",15.8倍,1.32倍,1.96%
20261002,322,第四北越ＦＧ,7327,東P,,"2,674",-92,-3.33%,"3,573",13.3倍,1.18倍,2.99%
20261002,323,関電工,1942,東P,,"5,516",+14,+0.25%,"3,558",16.9倍,2.85倍,2.36%
20261002,324,日精工,6471,東P,,"1,107.0",+3.5,+0.32%,"3,542",18.7倍,0.79倍,3.07%
20261002,325,ヒロセ電,6806,東P,,"25,215",-385,-1.50%,"3,520",23.2倍,2.14倍,2.06%
20261002,326,ＬＩＸＩＬ,5938,東P,,"1,681.0",-8.0,-0.47%,"3,520",40.3倍,0.74倍,5.35%
20261002,327,宝ＨＬＤ,2531,東P,,"2,600.0",-15.0,-0.57%,"3,487",41.8倍,1.92倍,1.19%
20261002,328,大日印,7912,東P,,"2,994.0",-3.5,-0.12%,"3,474",13.4倍,1.04倍,1.37%
20261002,329,純金信託,1540,東Ｅ,,"19,820",-70,-0.35%,"3,464",ー倍,ー倍,ー%
20261002,330,さくらネット,3778,東P,,"3,930",-70,-1.75%,"3,461",105倍,5.12倍,0.14%
20261002,331,小野薬,4528,東P,,"2,290.0",-43.0,-1.84%,"3,449",15.2倍,1.24倍,3.49%
20261002,332,協和キリン,4151,東P,,"2,230.0",-55.5,-2.43%,"3,426",15.6倍,1.27倍,3.14%
20261002,333,リガクＨＤ,268A,東P,,"1,795",-35,-1.91%,"3,423",32.5倍,4.56倍,1.06%
20261002,334,ニッコンＨＤ,9072,東P,,"4,524",+65,+1.46%,"3,402",25.2倍,2.24倍,2.48%
20261002,335,東海カーボン,5301,東P,,"2,318.0",+5.5,+0.24%,"3,396",21.3倍,1.46倍,1.73%
20261002,336,神戸鋼,5406,東P,,"1,992.5",-14.0,-0.70%,"3,378",7.93倍,0.63倍,4.02%
20261002,337,スルガ銀,8358,東P,,"2,936",-38,-1.28%,"3,373",11.2倍,1.50倍,2.72%
20261002,338,上場日経平均,1330,東Ｅ,,"71,410",-490,-0.68%,"3,363",ー倍,ー倍,ー%
20261002,339,東急不ＨＤ,3289,東P,,"1,202.0",-27.5,-2.24%,"3,339",8.57倍,0.94倍,4.16%
20261002,340,ニッスイ,1332,東P,,"1,098.0",-20.5,-1.83%,"3,325",11.5倍,1.09倍,2.91%
20261002,341,東洋水,2875,東P,,"9,478",-106,-1.11%,"3,298",13.7倍,1.68倍,2.32%
20261002,342,ＪＲ九州,9142,東P,,"3,349.0",-61.0,-1.79%,"3,283",9.99倍,1.03倍,3.61%
20261002,343,オルガノ,6368,東P,,"2,545.0",-40.0,-1.55%,"3,282",19.5倍,4.12倍,1.73%
20261002,344,リコー,7752,東P,,"1,662.5",-1.5,-0.09%,"3,280",15.0倍,0.79倍,2.65%
20261002,345,近鉄ＧＨＤ,9041,東P,,"3,340.0",-10.0,-0.30%,"3,249",13.5倍,1.02倍,2.10%
20261002,346,日本ペＨＤ,4612,東P,,"1,158.5",-21.5,-1.82%,"3,213",14.2倍,1.34倍,1.47%
20261002,347,東ソー,4042,東P,,"2,603.0",-42.0,-1.59%,"3,183",13.6倍,0.95倍,3.84%
20261002,348,ＧＳユアサ,6674,東P,,"5,448",-52,-0.95%,"3,161",13.8倍,1.39倍,1.80%
20261002,349,アクセルＨＤ,402A,東G,,321,-20,-5.87%,"3,161",ー倍,3.07倍,ー%
20261002,350,アストロＨＤ,186A,東G,,"1,192",-7,-0.58%,"3,144",ー倍,13.2倍,ー%
20261002,351,シチズン,7762,東P,,"2,398",-29,-1.19%,"3,139",18.3倍,1.96倍,2.21%
20261002,352,ニコン,7731,東P,,"1,900.0",-60.0,-3.06%,"3,137",62.6倍,1.05倍,1.05%
20261002,353,山一電機,6941,東P,,"9,620",+300,+3.22%,"3,107",17.3倍,3.62倍,1.75%
20261002,354,セイコーＧ,8050,東P,,"10,460",-100,-0.95%,"3,107",30.5倍,4.50倍,1.00%
20261002,355,レオパレス,8848,東P,,"1,013",-7,-0.69%,"3,104",15.0倍,6.69倍,ー%
20261002,356,大塚商会,4768,東P,,"3,675.0",+1.0,+0.03%,"3,100",21.5倍,3.37倍,2.86%
20261002,357,ランド,8918,東S,,11,+1,+10.00%,"3,090",12.5倍,1.78倍,ー%
20261002,358,ニチレイ,2871,東P,,"2,087.0",-27.0,-1.28%,"3,061",19.2倍,1.82倍,3.19%
20261002,359,きんでん,1944,東P,,"6,838",+5,+0.07%,"3,046",16.1倍,2.60倍,3.51%
20261002,360,キユーピー,2809,東P,,"4,255",-130,-2.96%,"2,993",22.5倍,1.77倍,1.53%
20261002,361,サッポロ,2501,東P,,"1,839.0",+11.0,+0.60%,"2,992",2.42倍,1.40倍,2.18%
20261002,362,丸井Ｇ,8252,東P,,"2,725.0",-47.5,-1.71%,"2,990",16.1倍,2.01倍,4.92%
20261002,363,ダイヘン,6622,東P,,"2,776",+57,+2.10%,"2,989",19.9倍,2.09倍,1.51%
20261002,364,メック,4971,東P,,"7,200",+60,+0.84%,"2,988",21.9倍,3.64倍,1.53%
20261002,365,ノースサンド,446A,東G,,"2,572",+258,+11.15%,"2,963",26.0倍,9.22倍,1.36%
20261002,366,日清食ＨＤ,2897,東P,,"2,806.5",-27.0,-0.95%,"2,947",17.2倍,1.53倍,2.49%
20261002,367,日テレＨＤ,9404,東P,,"2,841.0",+20.0,+0.71%,"2,924",13.4倍,0.65倍,1.58%
20261002,368,野村ＲＥＩＴ,1343,東Ｅ,,"1,820.0",-28.0,-1.52%,"2,919",ー倍,ー倍,ー%
20261002,369,サントリＢＦ,2587,東P,,"4,466",-53,-1.17%,"2,910",15.5倍,1.02倍,2.69%
20261002,370,コニカミノル,4902,東P,,645.8,-28.4,-4.21%,"2,895",11.2倍,0.58倍,2.79%
20261002,371,光通信,9435,東P,,"35,790",-570,-1.57%,"2,864",13.1倍,1.25倍,2.24%
20261002,372,プロクレＨＤ,7384,東P,,"5,720",+320,+5.93%,"2,844",23.1倍,0.95倍,1.75%
20261002,373,日経高配５０,1489,東Ｅ,,"3,480",-49,-1.39%,"2,816",ー倍,ー倍,ー%
20261002,374,スバル,9632,東S,,"5,050",+180,+3.70%,"2,799",21.0倍,1.71倍,1.58%
20261002,375,岩手銀,8345,東P,,"2,810",0,0.00%,"2,796",19.4倍,0.97倍,2.06%
20261002,376,ＮＯＫＧ,641A,東P,,"2,848.0",-252.0,-8.13%,"2,754",ー倍,ー倍,ー%
20261002,377,ＢＡＳＥ,4477,東G,,370,+31,+9.14%,"2,749",28.5倍,2.88倍,1.35%
20261002,378,電通グループ,4324,東P,,"3,556.0",-8.0,-0.22%,"2,718",13.2倍,2.17倍,ー%
20261002,379,スギＨＤ,7649,東P,,"1,235.0",-12.5,-1.00%,"2,718",14.0倍,1.56倍,1.42%
20261002,380,インフォＭＴ,2492,東P,,738,+18,+2.50%,"2,695",63.5倍,6.54倍,0.89%
20261002,381,日電硝,5214,東P,,"5,059",-16,-0.32%,"2,687",24.4倍,0.74倍,3.16%
20261002,382,豊和工,6203,東S,,"2,516",-14,-0.55%,"2,680",28.0倍,1.35倍,0.79%
20261002,383,コムシスＨＤ,1721,東P,,"5,487",+56,+1.03%,"2,666",16.6倍,1.58倍,2.46%
20261002,384,七十七,8341,東P,,"4,075",-22,-0.54%,"2,660",14.8倍,1.20倍,2.55%
20261002,385,日電子,6951,東P,,"7,701",-129,-1.65%,"2,660",17.6倍,2.66倍,1.71%
20261002,386,東京計器,7721,東P,,"7,520",+130,+1.76%,"2,656",22.9倍,2.73倍,0.64%
20261002,387,ロート,4527,東P,,"2,788.0",-32.0,-1.13%,"2,639",17.8倍,2.03倍,1.79%
20261002,388,ＺＯＺＯ,3092,東P,,"1,088.0",-10.0,-0.91%,"2,635",19.1倍,9.61倍,3.68%
20261002,389,しまむら,8227,東P,,"3,200.0",-63.0,-1.93%,"2,631",14.0倍,1.32倍,2.50%
20261002,390,ＵＳＳ,4732,東P,,"1,816.0",-15.0,-0.82%,"2,614",19.4倍,4.42倍,3.11%
20261002,391,タカラトミー,7867,東P,,"4,202",-1,-0.02%,"2,611",20.1倍,3.31倍,1.67%
20261002,392,ジーエヌアイ,2160,東G,,"3,305",+45,+1.38%,"2,603",ー倍,5.38倍,ー%
20261002,393,東海東京,8616,東P,,892,+3,+0.34%,"2,595",ー倍,1.15倍,ー%
20261002,394,コカＢＪＨ,2579,東P,,"3,786",-104,-2.67%,"2,595",27.1倍,1.67倍,1.90%
20261002,395,寿スピリッツ,2222,東P,,"2,405.0",-58.0,-2.35%,"2,590",26.9倍,8.21倍,1.87%
20261002,396,豊田合,7282,東P,,"1,038.5",-5.0,-0.48%,"2,589",10.7倍,1.05倍,3.37%
20261002,397,コスモＨＤ,5021,東P,,"4,160",-4,-0.10%,"2,574",15.0倍,0.98倍,3.97%
20261002,398,コスモス薬品,3349,東P,,"6,198",-13,-0.21%,"2,573",16.0倍,1.73倍,1.36%
20261002,399,関西ペ,4613,東P,,"2,760.5",-53.0,-1.88%,"2,552",17.3倍,1.63倍,4.20%
20261002,400,武蔵精密,7220,東P,,"3,145",+80,+2.61%,"2,528",31.7倍,1.65倍,1.27%
20261002,401,あいちＦＧ,7389,東P,,"2,026",-25,-1.22%,"2,517",21.5倍,1.07倍,1.48%
20261002,402,フジＨＤ,4676,東P,,"3,884",-36,-0.92%,"2,516",21.2倍,1.03倍,5.15%
20261002,403,ソレイジア,4597,東G,,32,0,0.00%,"2,498",ー倍,6.02倍,ー%
20261002,404,サンコール,5985,東S,,"2,484",+4,+0.16%,"2,498",11.9倍,2.13倍,1.41%
20261002,405,日電波,6779,東P,,"3,635",+35,+0.97%,"2,474",26.1倍,2.54倍,0.83%
20261002,406,ＫＤＸ不動産,8972,東Ｒ,,"142,100","-1,000",-0.70%,"2,469",18.1倍,0.90倍,6.01%
20261002,407,ディーエヌエ,2432,東P,,"2,532.0",-24.5,-0.96%,"2,445",ー倍,1.07倍,ー%
20261002,408,メイテックＧ,9744,東P,,"3,272.0",-3.0,-0.09%,"2,437",18.2倍,5.73倍,5.53%
20261002,409,日本オラクル,4716,東S,,"9,682",0,0.00%,"2,436",ー倍,11.0倍,ー%
20261002,410,サイゼリヤ,7581,東P,,"6,490",-50,-0.76%,"2,426",27.0倍,2.44倍,0.54%
20261002,411,ヤマトＨＤ,9064,東P,,"1,967.5",-12.0,-0.61%,"2,423",38.9倍,1.11倍,2.34%
20261002,412,筑波銀,8338,東P,,817,+15,+1.87%,"2,396",10.2倍,0.95倍,0.61%
20261002,413,マツキヨココ,3088,東P,,"2,431.0",-17.5,-0.71%,"2,391",16.2倍,1.78倍,2.30%
20261002,414,ＰＩＬＬＡＲ,6490,東P,,"11,550",+450,+4.05%,"2,379",18.9倍,3.16倍,2.12%
20261002,415,ＳＧＨＤ,9143,東P,,"1,409.0",-6.5,-0.46%,"2,374",14.0倍,1.54倍,3.83%
20261002,416,テクニスコ,2962,東S,,"2,732",+237,+9.50%,"2,354",126倍,14.3倍,ー%
20261002,417,カドカワ,9468,東P,,"3,750",-46,-1.21%,"2,332",551倍,2.34倍,0.80%
20261002,418,ＴＢＳＨＤ,9401,東P,,"5,801",-17,-0.29%,"2,323",18.2倍,0.55倍,1.72%
20261002,419,すかいらーく,3197,東P,,"3,167.0",-3.0,-0.09%,"2,312",35.1倍,3.70倍,0.85%
20261002,420,岡本硝子,7746,東S,,973,+19,+1.99%,"2,290",400倍,11.8倍,ー%
20261002,421,古野電,6814,東P,,"7,900",+40,+0.51%,"2,288",19.2倍,2.72倍,2.03%
20261002,422,ＵＢＥ,4208,東P,,"3,319.0",-66.0,-1.95%,"2,287",13.2倍,0.73倍,4.82%
20261002,423,ジェイテクト,6473,東P,,"2,120.0",-43.0,-1.99%,"2,277",13.5倍,0.83倍,3.30%
20261002,424,サンドラッグ,9989,東P,,"3,568.0",-5.0,-0.14%,"2,268",13.0倍,1.46倍,3.70%
20261002,425,西日本ＦＨ,7189,東P,,"4,872",-71,-1.44%,"2,261",14.1倍,1.06倍,2.87%
20261002,426,クラレ,3405,東P,,"1,771.0",-24.0,-1.34%,"2,260",13.3倍,0.71倍,3.61%
20261002,427,北海電,9509,東P,,"1,085.0",-24.0,-2.16%,"2,256",7.05倍,0.54倍,3.04%
20261002,428,洋缶ＨＤ,5901,東P,,"4,406",-64,-1.43%,"2,249",21.0倍,0.93倍,4.22%
20261002,429,牧野フ,6135,東P,,"3,175",-50,-1.55%,"2,239",17.3倍,1.42倍,2.14%
20261002,430,ＧＭＯ－ＰＧ,3769,東P,,"8,484",-117,-1.36%,"2,224",27.5倍,5.15倍,2.00%
20261002,431,日油,4403,東P,,"2,510.0",-39.5,-1.55%,"2,222",14.4倍,1.91倍,2.79%
20261002,432,石油資源,1662,東P,,"1,754",+12,+0.69%,"2,222",6.91倍,0.76倍,2.57%
20261002,433,ＭＴＧ,7806,東G,,"8,600",-440,-4.87%,"2,215",30.8倍,5.61倍,0.43%
20261002,434,森永乳,2264,東P,,"1,040.5",-20.0,-1.89%,"2,210",16.0倍,1.21倍,2.40%
20261002,435,東京センチュ,8439,東P,,"2,585.5",-38.5,-1.47%,"2,208",10.3倍,1.09倍,3.48%
20261002,436,日清紡ＨＤ,3105,東P,,"2,698.5",+44.5,+1.68%,"2,202",30.1倍,1.33倍,1.33%
20261002,437,シンプレクス,4373,東P,,"1,151",+34,+3.04%,"2,197",20.8倍,5.19倍,2.09%
20261002,438,日揮ＨＤ,1963,東P,,"2,245.5",-10.0,-0.44%,"2,196",11.8倍,1.28倍,2.32%
20261002,439,京急,9006,東P,,"1,507.0",-25.0,-1.63%,"2,193",13.1倍,1.05倍,3.05%
20261002,440,都市ファンド,8953,東Ｒ,,"104,800","-2,300",-2.15%,"2,184",16.8倍,1.15倍,5.69%
20261002,441,Ｓａｎｓａｎ,4443,東P,,"2,069",+19,+0.93%,"2,180",27.9倍,13.0倍,0.24%
20261002,442,プロロジスＲ,3283,東Ｒ,,"80,300","-1,800",-2.19%,"2,179",21.1倍,1.35倍,4.91%
20261002,443,デンカ,4061,東P,,"3,180.0",-56.0,-1.73%,"2,158",17.1倍,0.88倍,3.14%
20261002,444,フィナＨＤ,4419,東G,,"1,443",+120,+9.07%,"2,148",32.3倍,6.76倍,ー%
20261002,445,京成,9009,東P,,"1,313.5",-14.5,-1.09%,"2,128",16.1倍,1.13倍,1.67%
20261002,446,スカＪＳＡＴ,9412,東P,,"1,976",-26,-1.30%,"2,127",20.8倍,1.83倍,2.43%
20261002,447,ネクステージ,3186,東P,,"2,819",+27,+0.97%,"2,126",12.9倍,2.61倍,1.77%
20261002,448,ラウンドワン,4680,東P,,"1,241.0",-35.5,-2.78%,"2,119",17.9倍,3.80倍,1.45%
20261002,449,大同特鋼,5471,東P,,"2,471.0",-20.0,-0.80%,"2,114",18.0倍,1.02倍,2.10%
20261002,450,日機装,6376,東P,,"3,600",+50,+1.41%,"2,080",14.9倍,1.37倍,1.67%
20261002,451,太平洋セメ,5233,東P,,"4,100",+10,+0.24%,"2,078",7.09倍,0.66倍,2.93%
20261002,452,ＦＦＲＩ,3692,東G,,"7,600",+10,+0.13%,"2,072",53.1倍,16.0倍,0.24%
20261002,453,テンシャル,325A,東G,,"2,105",+75,+3.69%,"2,072",18.5倍,7.95倍,ー%
20261002,454,ヤマハ,7951,東P,,"1,202.0",-20.0,-1.64%,"2,072",17.1倍,1.07倍,2.16%
20261002,455,産業ファンド,3249,東Ｒ,,"127,200","-3,600",-2.75%,"2,068",16.6倍,1.31倍,6.29%
20261002,456,オープンＨ,3288,東P,,"7,333",-118,-1.58%,"2,064",6.80倍,1.37倍,2.80%
20261002,457,長谷工,1808,東P,,"2,589.5",-59.5,-2.25%,"2,058",10.4倍,1.20倍,3.86%
20261002,458,九州ＦＧ,7180,東P,,"1,696.0",-21.5,-1.25%,"2,051",15.9倍,0.91倍,2.24%
20261002,459,ビジョナル,4194,東P,,"8,804",+51,+0.58%,"2,049",19.2倍,4.14倍,ー%
20261002,460,参天薬,4536,東P,,"1,645.5",-49.0,-2.89%,"2,047",13.2倍,1.76倍,2.55%
20261002,461,ニッパツ,5991,東P,,"3,461.0",-34.0,-0.97%,"2,041",15.6倍,1.55倍,1.99%
20261002,462,小田急,9007,東P,,"1,700.5",-17.5,-1.02%,"2,027",15.0倍,1.13倍,3.53%
20261002,463,カシオ,6952,東P,,"2,174.0",-23.5,-1.07%,"2,024",20.3倍,2.02倍,ー%
20261002,464,中国電,9504,東P,,990.0,-23.5,-2.32%,"2,006",11.5倍,0.46倍,3.03%
20261002,465,高砂熱,1969,東P,,"4,661",-27,-0.58%,"2,006",15.3倍,2.95倍,2.64%
20261002,466,四国銀,8387,東P,,"4,685",+90,+1.96%,"1,998",22.3倍,0.99倍,1.84%
20261002,467,ヤマダＨＤ,9831,東P,,707.2,-5.6,-0.79%,"1,993",16.9倍,0.74倍,2.40%
20261002,468,三和ＨＤ,5929,東P,,"3,421.0",-93.0,-2.65%,"1,985",11.8倍,2.09倍,4.27%
20261002,469,エクセディ,7278,東P,,"5,620",-140,-2.43%,"1,984",14.3倍,1.05倍,6.23%
20261002,470,扶桑化学,4368,東P,,"3,350",0,0.00%,"1,983",18.5倍,2.88倍,0.84%
20261002,471,ｉＦ日経年１,1320,東Ｅ,,"70,810",-670,-0.94%,"1,982",ー倍,ー倍,ー%
20261002,472,トクヤマ,4043,東P,,"4,061",-42,-1.02%,"1,977",11.2倍,1.02倍,3.25%
20261002,473,共立メンテ,9616,東P,,"3,160.0",-114.0,-3.48%,"1,972",16.0倍,1.96倍,1.46%
20261002,474,明電舎,6508,東P,,"11,760",-70,-0.59%,"1,970",21.3倍,3.01倍,ー%
20261002,475,東京メトロ,9023,東P,,"1,440.0",-26.0,-1.77%,"1,964",16.7倍,1.13倍,3.06%
20261002,476,小糸製,7276,東P,,"2,687.0",-40.0,-1.47%,"1,945",17.4倍,1.10倍,2.16%
20261002,477,タイミー,215A,東G,,"1,377",-27,-1.92%,"1,936",21.3倍,8.07倍,ー%
20261002,478,一工薬,4461,東P,,"14,850",+60,+0.41%,"1,928",20.5倍,2.87倍,1.01%
20261002,479,Ｊパワー,9513,東P,,"4,016",-13,-0.32%,"1,910",8.73倍,0.49倍,2.61%
20261002,480,ホシザキ,6465,東P,,"5,176",-63,-1.20%,"1,894",18.9倍,1.81倍,2.22%
20261002,481,ハピネット,7552,東P,,"4,950",-160,-3.13%,"1,891",20.4倍,3.65倍,ー%
20261002,482,百五銀,8368,東P,,"2,584",0,0.00%,"1,876",21.6倍,1.19倍,1.63%
20261002,483,マネフォ,3994,東P,,"5,987",-13,-0.22%,"1,873",ー倍,8.05倍,ー%
20261002,484,オーディオＳ,621A,東G,,"1,460",+23,+1.60%,"1,870",18.6倍,5.35倍,ー%
20261002,485,松井,8628,東P,,"1,106",-25,-2.21%,"1,867",ー倍,3.50倍,ー%
20261002,486,太陽ＨＤ,4626,東P,,"4,800",-28,-0.58%,"1,862",21.0倍,4.23倍,ー%
20261002,487,ＳＡＮＫＹＯ,6417,東P,,"2,069.5",+3.0,+0.15%,"1,854",10.2倍,1.65倍,4.83%
20261002,488,野村東証銀行,1615,東Ｅ,,765.0,-12.6,-1.62%,"1,843",ー倍,ー倍,ー%
20261002,489,阿波銀,8388,東P,,"2,202",-32,-1.43%,"1,843",21.4倍,1.03倍,1.91%
20261002,490,オークマ,6103,東P,,"4,820",-15,-0.31%,"1,841",14.0倍,1.11倍,2.49%
20261002,491,クオリプス,4894,東G,,"6,260",+100,+1.62%,"1,839",ー倍,12.7倍,ー%
20261002,492,コーセーＨＤ,4922,東P,,"5,385",-94,-1.72%,"1,838",25.3倍,1.07倍,2.79%
20261002,493,ＤＩＣ,4631,東P,,"4,883",-93,-1.87%,"1,831",9.59倍,0.90倍,3.07%
20261002,494,四国電,9507,東P,,"2,107.0",-29.5,-1.38%,"1,827",14.2倍,0.87倍,2.61%
20261002,495,ゼオン,4205,東P,,"2,401.0",-34.0,-1.40%,"1,820",12.8倍,1.16倍,3.29%
20261002,496,東邦ＨＤ,8129,東P,,"3,567",-178,-4.75%,"1,819",18.1倍,0.88倍,5.05%
20261002,497,ひろぎんＨＤ,7337,東P,,"2,374.0",-32.5,-1.35%,"1,816",13.8倍,1.16倍,2.95%
20261002,498,ＡＢＣマート,2670,東P,,"2,666.5",-53.0,-1.95%,"1,809",14.2倍,1.65倍,3.00%
20261002,499,山パン,2212,東P,,"3,526.0",-55.0,-1.54%,"1,808",16.3倍,1.47倍,1.70%
20261002,500,アズビル,6845,東P,,"1,458.0",-17.5,-1.19%,"1,805",20.5倍,3.10倍,3.43%
20261002,501,大垣共立,8361,東P,,"1,810",+23,+1.29%,"1,804",18.1倍,0.89倍,1.66%
20261002,502,北洋銀,8524,東P,,"1,361",-4,-0.29%,"1,803",17.3倍,1.29倍,2.35%
20261002,503,山口ＦＧ,8418,東P,,"3,461.0",-41.0,-1.17%,"1,798",15.5倍,1.02倍,2.77%
20261002,504,ホテルリート,8985,東Ｒ,,"79,800","-1,200",-1.48%,"1,796",9.04倍,1.38倍,7.28%
20261002,505,ｉＳ米国株,1655,東Ｅ,,873.3,-6.7,-0.76%,"1,794",ー倍,ー倍,ー%
20261002,506,山形銀,8344,東P,,"5,600",+40,+0.72%,"1,786",23.1倍,1.11倍,1.75%
20261002,507,ＧＬＰ,3281,東Ｒ,,"128,700","-2,500",-1.91%,"1,781",19.9倍,1.36倍,5.64%
20261002,508,エスエムエス,2175,東P,,"2,568",-128,-4.75%,"1,775",34.2倍,7.52倍,1.19%
20261002,509,シャープ,6753,東P,,638.1,-7.4,-1.15%,"1,770",16.6倍,1.42倍,ー%
20261002,510,ジャパンエン,6016,東S,,"12,190",0,0.00%,"1,768",20.4倍,5.33倍,0.82%
20261002,511,ニチアス,5393,東P,,"3,553.0",+17.0,+0.48%,"1,762",19.1倍,2.74倍,1.83%
20261002,512,霞ヶ関Ｃ,3498,東P,,"7,480",-70,-0.93%,"1,762",11.1倍,2.46倍,2.21%
20261002,513,パーソルＨＤ,2181,東P,,279.4,-2.7,-0.96%,"1,760",14.1倍,2.83倍,4.65%
20261002,514,五洋建,1893,東P,,"1,449.0",-23.5,-1.60%,"1,751",11.2倍,2.04倍,3.59%
20261002,515,三井ハイテク,6966,東P,,904,-23,-2.48%,"1,751",11.4倍,1.33倍,2.10%
20261002,516,セリア,2782,東S,,"4,475",-115,-2.51%,"1,750",18.2倍,2.97倍,1.79%
20261002,517,ビプロジー,8056,東P,,"4,708",+33,+0.71%,"1,748",14.1倍,2.57倍,2.97%
20261002,518,ＵＡＣＪ,5741,東P,,"2,118",-26,-1.21%,"1,747",9.13倍,1.01倍,3.31%
20261002,519,ジャパンＲＥ,8952,東Ｒ,,"107,200","-1,900",-1.74%,"1,707",20.4倍,1.44倍,4.78%
20261002,520,東武,9001,東P,,"2,748.0",-49.5,-1.77%,"1,697",9.60倍,0.86倍,2.73%
20261002,521,山九,9065,東P,,"1,567.0",-24.5,-1.54%,"1,695",11.9倍,1.28倍,3.37%
20261002,522,タツモ,6266,東P,,"4,170",-20,-0.48%,"1,677",24.2倍,2.29倍,0.82%
20261002,523,ケーズＨＤ,8282,東P,,"1,699.5",-53.0,-3.02%,"1,670",13.1倍,1.03倍,2.82%
20261002,524,大阪チタ,5726,東P,,"2,393",-72,-2.92%,"1,666",62.9倍,2.39倍,0.54%
20261002,525,アコム,8572,東S,,452.6,-5.4,-1.18%,"1,665",11.1倍,0.99倍,4.86%
20261002,526,ウシオ電,6925,東P,,"4,149",-41,-0.98%,"1,664",31.4倍,1.47倍,1.69%
20261002,527,ライオン,4912,東P,,"1,726.0",-14.0,-0.80%,"1,656",19.1倍,1.44倍,1.97%
20261002,528,芝浦機,6104,東P,,"4,910",+65,+1.34%,"1,655",58.1倍,0.99倍,2.85%
20261002,529,山陰合銀,8381,東P,,"2,532",-53,-2.05%,"1,651",14.8倍,1.16倍,2.69%
20261002,530,ユナイテッド,8960,東Ｒ,,"150,300","-1,900",-1.25%,"1,651",16.3倍,1.25倍,6.17%
20261002,531,日清粉Ｇ,2002,東P,,"1,954.0",-23.5,-1.19%,"1,650",13.3倍,1.06倍,3.33%
20261002,532,テクセンド,429A,東P,,"3,870",-105,-2.64%,"1,643",16.2倍,2.17倍,1.81%
20261002,533,ＡＲＥＨＤ,5857,東P,,"3,455",-85,-2.40%,"1,638",10.2倍,1.32倍,3.91%
20261002,534,Ｖテク,7717,東P,,"6,530",-60,-0.91%,"1,635",20.6倍,1.66倍,1.23%
20261002,535,電通総研,4812,東P,,"2,864",+2,+0.07%,"1,614",31.1倍,5.30倍,0.79%
20261002,536,トライアル,141A,東G,,"3,750",-65,-1.70%,"1,613",43.0倍,3.52倍,0.45%
20261002,537,十六ＦＧ,7380,東P,,"2,783",-23,-0.82%,"1,612",16.4倍,0.95倍,2.08%
20261002,538,ＴＰＸブル,1568,東Ｅ,,"1,009.0",-21.0,-2.04%,"1,611",ー倍,ー倍,ー%
20261002,539,ニプロ,8086,東P,,"1,307.0",-43.5,-3.22%,"1,607",14.5倍,0.77倍,2.45%
20261002,540,東邦銀,8346,東P,,"1,112",+14,+1.28%,"1,597",17.4倍,1.23倍,2.34%
20261002,541,ニチコン,6996,東P,,"2,656",-22,-0.82%,"1,596",25.9倍,1.39倍,1.47%
20261002,542,野村マイクロ,6254,東P,,"3,505",-40,-1.13%,"1,594",12.1倍,3.57倍,2.43%
20261002,543,ダイセル,4202,東P,,"1,405.0",-31.5,-2.19%,"1,592",11.2倍,0.98倍,4.98%
20261002,544,ツガミ,6101,東P,,"5,520",0,0.00%,"1,591",15.0倍,2.93倍,1.78%
20261002,545,竹内製作所,6432,東P,,"7,390",+70,+0.96%,"1,585",13.2倍,1.83倍,2.98%
20261002,546,コンペイトウ,618A,東G,,"1,976",+104,+5.56%,"1,566",17.4倍,14.4倍,ー%
20261002,547,グリコ,2206,東P,,"4,981",-42,-0.84%,"1,564",33.1倍,1.10倍,1.91%
20261002,548,東映アニメ,4816,東S,,"2,906",-60,-2.02%,"1,559",32.8倍,3.52倍,1.51%
20261002,549,ハイデ日高,7611,東P,,"2,971",+40,+1.36%,"1,558",23.8倍,4.02倍,1.88%
20261002,550,クラフティア,1959,東P,,"7,993",-41,-0.51%,"1,547",14.0倍,1.63倍,2.75%
20261002,551,大和工,5444,東P,,"12,025",-105,-0.87%,"1,513",12.5倍,1.31倍,3.33%
20261002,552,ＪＩＮＳＨＤ,3046,東P,,"5,550",-120,-2.12%,"1,512",15.0倍,3.63倍,2.07%
20261002,553,トリケミカル,4369,東P,,"3,220",-75,-2.28%,"1,506",15.9倍,2.74倍,1.09%
20261002,554,四国化ＨＤ,4099,東P,,"2,349",-41,-1.72%,"1,500",16.1倍,1.99倍,1.70%
20261002,555,滋賀銀,8366,東P,,"3,020",-30,-0.98%,"1,500",24.4倍,1.08倍,1.66%
20261002,556,セブン銀,8410,東P,,336.8,-4.9,-1.43%,"1,486",19.7倍,1.40倍,3.27%
20261002,557,上組,9364,東P,,"4,703",-44,-0.93%,"1,485",16.7倍,1.17倍,4.36%
20261002,558,日本新薬,4516,東P,,"3,378.0",-119.0,-3.40%,"1,480",7.52倍,0.77倍,3.67%
20261002,559,東京きらぼし,7173,東P,,"1,684",-25,-1.46%,"1,472",12.3倍,1.31倍,1.78%
20261002,560,ダイダン,1980,東P,,"2,970",+5,+0.17%,"1,458",14.1倍,2.95倍,2.86%
20261002,561,ピジョン,7956,東P,,"2,021.0",-15.5,-0.76%,"1,449",26.4倍,2.83倍,3.76%
20261002,562,ちゅうぎんＦ,5832,東P,,"3,711",-29,-0.78%,"1,448",14.7倍,0.98倍,2.75%
20261002,563,日触媒,4114,東P,,"2,545.0",-9.0,-0.35%,"1,440",18.4倍,0.94倍,5.50%
20261002,564,安藤ハザマ,1719,東P,,"1,775.5",-30.0,-1.66%,"1,434",12.6倍,1.29倍,4.73%
20261002,565,バイセル,7685,東G,,"2,768",-83,-2.91%,"1,433",17.5倍,6.46倍,0.98%
20261002,566,三浦工,6005,東P,,"2,998.0",-2.0,-0.07%,"1,422",12.2倍,1.41倍,2.47%
20261002,567,サンケン,6707,東P,,"6,948",-124,-1.75%,"1,417",139倍,1.17倍,ー%
20261002,568,岩谷産,8088,東P,,"1,996.5",-21.5,-1.07%,"1,415",10.1倍,0.97倍,2.35%
20261002,569,オプトラン,6235,東P,,"2,709",-82,-2.94%,"1,397",19.3倍,1.15倍,2.07%
20261002,570,ｉＦ日経Ｗブ,1365,東Ｅ,,"4,575",-94,-2.01%,"1,393",ー倍,ー倍,ー%
20261002,571,スタンレー,6923,東P,,"3,482.0",-9.0,-0.26%,"1,392",12.6倍,0.93倍,3.19%
20261002,572,カカクコム,2371,東P,,"3,810",+5,+0.13%,"1,389",36.4倍,11.6倍,ー%
20261002,573,マブチ,6592,東P,,"1,717.0",-20.0,-1.15%,"1,386",18.1倍,1.17倍,4.08%
20261002,574,千代建,6366,東S,,670,-7,-1.03%,"1,380",25.1倍,5.21倍,ー%
20261002,575,全国保証,7164,東P,,"2,990.0",-67.0,-2.19%,"1,365",12.2倍,1.64倍,4.11%
20261002,576,テレ朝ＨＤ,9409,東P,,"2,985",-1,-0.03%,"1,364",12.0倍,0.63倍,3.35%
20261002,577,名鉄,9048,東P,,"1,827.0",-19.5,-1.06%,"1,359",9.19倍,0.72倍,3.28%
20261002,578,Ｊディスプレ,6740,東P,,46,-3,-6.12%,"1,356",ー倍,-5.3倍,ー%
20261002,579,クレハ,4023,東P,,"3,940",-90,-2.23%,"1,356",20.1倍,0.89倍,5.48%
20261002,580,ムニノバＨＤ,547A,東P,,418,0,0.00%,"1,353",6.26倍,0.82倍,4.78%
20261002,581,ラサ工,4022,東P,,"2,064",-26,-1.24%,"1,341",18.8倍,2.51倍,1.74%
20261002,582,ミズノ,8022,東P,,"4,210",+20,+0.48%,"1,324",16.9倍,1.80倍,1.57%
20261002,583,ハウスリート,8984,東Ｒ,,"109,400","-1,400",-1.26%,"1,322",20.8倍,1.00倍,5.61%
20261002,584,池田泉州ＨＤ,8714,東P,,"1,118",-12,-1.06%,"1,317",16.3倍,1.24倍,2.46%
20261002,585,森永,2201,東P,,"2,336.5",-38.0,-1.60%,"1,317",11.9倍,1.36倍,3.00%
20261002,586,メディパル,7459,東P,,"2,920.0",-33.0,-1.12%,"1,314",13.9倍,0.92倍,3.01%
20261002,587,ツムラ,4540,東P,,"3,703",-46,-1.23%,"1,308",10.5倍,0.84倍,4.27%
20261002,588,トヨタ紡織,3116,東P,,"2,131.0",-56.5,-2.58%,"1,306",8.28倍,0.77倍,4.04%
20261002,589,ニフコ,7988,東P,,"2,396.0",-29.0,-1.20%,"1,303",12.1倍,1.37倍,2.34%
20261002,590,エアウォータ,4088,東P,,"2,899",-15,-0.51%,"1,298",23.7倍,1.70倍,ー%
20261002,591,メガチップス,6875,東P,,"11,570",+200,+1.76%,"1,295",4.84倍,0.48倍,2.25%
20261002,592,ラサールロジ,3466,東Ｒ,,"143,900","-2,000",-1.37%,"1,295",18.8倍,1.16倍,5.62%
20261002,593,ＱＰＳＨＤ,464A,東G,,"1,633",-40,-2.39%,"1,287",48.1倍,2.88倍,ー%
20261002,594,タムラ,6768,東P,,957,-12,-1.24%,"1,283",14.7倍,1.17倍,1.67%
20261002,595,ラクス,3923,東P,,"1,019.0",+2.0,+0.20%,"1,280",14.3倍,9.41倍,0.79%
20261002,596,日本Ｍ＆Ａ,2127,東P,,613.5,-11.5,-1.84%,"1,277",14.5倍,4.09倍,4.73%
20261002,597,パルＨＤ,2726,東P,,"1,399",-30,-2.10%,"1,269",12.7倍,2.96倍,2.86%
20261002,598,ＩＩＪ,3774,東P,,"3,465.0",+12.0,+0.35%,"1,268",24.6倍,3.82倍,1.24%
20261002,599,京王,9008,東P,,743.0,-10.0,-1.33%,"1,264",10.0倍,0.95倍,2.96%
20261002,600,セレス,3696,東P,,"2,284",+174,+8.25%,"1,255",4.39倍,1.98倍,3.94%
20261002,601,Ａｐｐｉｅｒ,4180,東P,,"1,404",-10,-0.71%,"1,242",34.8倍,3.59倍,0.16%
20261002,602,トムソン,6480,東P,,"1,872",-28,-1.47%,"1,228",13.6倍,1.48倍,1.71%
20261002,603,吉野家ＨＤ,9861,東P,,"3,689.0",+1.0,+0.03%,"1,227",48.5倍,3.43倍,0.60%
20261002,604,カバー,5253,東G,,"1,500",-16,-1.06%,"1,227",19.5倍,5.50倍,ー%
20261002,605,湖北工業,6524,東S,,"5,760",-50,-0.86%,"1,219",32.3倍,5.85倍,0.69%
20261002,606,トリドール,3397,東P,,"4,167",-1,-0.02%,"1,208",52.4倍,3.83倍,0.29%
20261002,607,福井銀,8362,東P,,"8,250",+150,+1.85%,"1,206",21.7倍,1.20倍,1.82%
20261002,608,兼松,8020,東P,,"2,237.5",-10.5,-0.47%,"1,205",10.6倍,1.75倍,3.13%
20261002,609,三機工,1961,東P,,"2,647",-7,-0.26%,"1,204",15.4倍,3.41倍,2.46%
20261002,610,Ｓｙｎｓ,290A,東G,,"1,427",+18,+1.28%,"1,204",73.1倍,5.24倍,ー%
20261002,611,化工機,6331,東P,,"3,050",-20,-0.65%,"1,199",10.1倍,1.54倍,3.93%
20261002,612,レンゴー,3941,東P,,"1,511.0",-5.0,-0.33%,"1,199",11.7倍,0.72倍,3.31%
20261002,613,熊谷組,1861,東P,,"1,243",-14,-1.11%,"1,199",10.4倍,1.15倍,4.02%
20261002,614,ナカニシ,7716,東S,,"1,465",-16,-1.08%,"1,193",17.7倍,1.97倍,2.05%
20261002,615,フクダ電,6960,東S,,"11,630",-180,-1.52%,"1,173",17.8倍,1.64倍,1.98%
20261002,616,コーテクＨＤ,3635,東P,,"1,645.5",-8.0,-0.48%,"1,170",17.7倍,1.97倍,2.92%
20261002,617,野村マスター,3462,東Ｒ,,"136,400","-2,700",-1.94%,"1,169",21.1倍,1.06倍,5.42%
20261002,618,京葉銀,8544,東P,,"2,927",+5,+0.17%,"1,167",17.9倍,1.04倍,2.25%
20261002,619,ＧＭＯインタ,4784,東P,,511,-21,-3.95%,"1,167",26.4倍,4.60倍,4.21%
20261002,620,ＷＩＺＥ,3664,東G,,25,0,0.00%,"1,166",ー倍,2.26倍,ー%
20261002,621,リログループ,8876,東P,,"2,302.5",+15.0,+0.66%,"1,163",15.4倍,4.44倍,3.26%
20261002,622,ＯＳＧ,6136,東P,,"3,649.0",0,0.00%,"1,163",14.3倍,1.56倍,3.15%
20261002,623,平田機工,6258,東P,,"3,880",+40,+1.04%,"1,161",18.3倍,1.52倍,1.93%
20261002,624,カナデビア,7004,東P,,"1,155",-18,-1.53%,"1,156",9.25倍,0.99倍,3.29%
20261002,625,フリー,4478,東G,,"3,460",-95,-2.67%,"1,155",ー倍,9.73倍,ー%
20261002,626,奥村組,1833,東P,,"5,360",-70,-1.29%,"1,154",12.5倍,1.00倍,5.60%
20261002,627,エンプラス,6961,東P,,"10,740",+30,+0.28%,"1,152",19.4倍,1.51倍,0.84%
20261002,628,丸一管,5463,東P,,"1,666.5",-8.5,-0.51%,"1,151",14.3倍,1.05倍,3.12%
20261002,629,西松建,1820,東P,,"5,299",-40,-0.75%,"1,149",10.2倍,1.09倍,4.72%
20261002,630,住友大阪,5232,東P,,"1,866.0",-11.5,-0.61%,"1,141",17.8倍,0.91倍,2.14%
20261002,631,ベクトル,6058,東P,,"2,065",+90,+4.56%,"1,137",17.6倍,4.42倍,1.74%
20261002,632,京阪ＨＤ,9045,東P,,"3,102.0",-29.0,-0.93%,"1,136",10.8倍,0.92倍,2.77%
20261002,633,ＪＡＦＣＯ,8595,東P,,"2,202.5",-18.0,-0.81%,"1,127",ー倍,0.87倍,6.04%
20261002,634,リンナイ,5947,東P,,"3,349.0",-51.0,-1.50%,"1,126",12.7倍,1.06倍,3.17%
20261002,635,ヨネックス,7906,東S,,"2,318",-1,-0.04%,"1,126",14.0倍,2.32倍,1.21%
20261002,636,エニーカラー,5032,東P,,"3,065",-35,-1.13%,"1,126",14.1倍,6.35倍,2.02%
20261002,637,アルフレッサ,2784,東P,,"2,220.5",-50.0,-2.20%,"1,120",18.7倍,0.80倍,3.20%
20261002,638,日鉄鉱,1515,東P,,"3,190",-35,-1.09%,"1,111",20.3倍,1.54倍,1.94%
20261002,639,ＡＤＥＫＡ,4401,東P,,"4,612",0,0.00%,"1,104",14.0倍,1.39倍,2.86%
20261002,640,三菱倉,9301,東P,,"1,457.5",-9.5,-0.65%,"1,103",21.5倍,1.30倍,3.02%
20261002,641,北陸電,9505,東P,,"1,067.0",-38.0,-3.44%,"1,102",8.92倍,0.47倍,2.34%
20261002,642,栃木銀,8550,東P,,"1,192",+24,+2.05%,"1,102",13.8倍,0.75倍,2.52%
20261002,643,フィーチャ,4052,東G,,"1,015",-52,-4.87%,"1,099",135倍,8.16倍,ー%
20261002,644,ＩＤＯＭ,7599,東P,,"1,148",-12,-1.03%,"1,093",8.12倍,1.28倍,3.70%
20261002,645,Ａｉロボ,247A,東G,,950,-32,-3.26%,"1,088",ー倍,11.0倍,ー%
20261002,646,カネカ,4118,東P,,"5,960",-91,-1.50%,"1,088",11.3倍,0.71倍,3.52%
20261002,647,旭有機材,4216,東P,,"7,150",-30,-0.42%,"1,086",16.4倍,1.64倍,2.52%
20261002,648,ヨコオ,6800,東P,,"4,665",+115,+2.53%,"1,085",19.4倍,1.74倍,1.37%
20261002,649,ＧＭＯ,9449,東P,,"3,968",-11,-0.28%,"1,084",ー倍,2.39倍,ー%
20261002,650,オリックスＦ,8954,東Ｒ,,"90,700","-2,100",-2.26%,"1,084",17.1倍,1.42倍,5.40%
20261002,651,三十三ＦＧ,7322,東P,,"2,255",-2,-0.09%,"1,077",13.8倍,1.01倍,2.22%
20261002,652,ＪＶＣケンウ,6632,東P,,"1,012.0",-1.5,-0.15%,"1,075",9.45倍,0.97倍,1.98%
20261002,653,カルビー,2229,東P,,"3,002.0",-1.0,-0.03%,"1,069",21.0倍,1.76倍,2.30%
20261002,654,キヤノンＭＪ,8060,東P,,"3,734",-17,-0.45%,"1,065",17.5倍,1.97倍,2.54%
20261002,655,三井不商業,8964,東Ｒ,,"73,300","-1,200",-1.61%,"1,060",16.7倍,1.13倍,6.06%
20261002,656,ＦＰＧ,7148,東P,,"1,605",-29,-1.77%,"1,057",8.66倍,2.24倍,5.78%
20261002,657,三井不ロジ,3471,東Ｒ,,"97,300","-1,900",-1.92%,"1,056",22.4倍,0.98倍,5.39%
20261002,658,辻本郷ＩＴＣ,476A,東S,Ｓ,"2,560",+500,+24.27%,"1,052",17.3倍,3.05倍,ー%
20261002,659,マネックスＧ,8698,東P,,688,-19,-2.69%,"1,050",ー倍,1.33倍,4.48%
20261002,660,イオンＦＳ,8570,東P,,"1,473.5",-44.5,-2.93%,"1,047",21.2倍,0.68倍,3.60%
20261002,661,ＬＡホールデ,2986,東G,,"2,795",-95,-3.29%,"1,044",5.53倍,2.18倍,6.23%
20261002,662,積水ハウスＲ,3309,東Ｒ,,"67,500","-1,600",-2.32%,"1,044",18.0倍,1.00倍,5.65%
20261002,663,サムコ,6387,東P,,"9,200",+40,+0.44%,"1,043",27.0倍,4.73倍,0.82%
20261002,664,トーカロ,3433,東P,,"2,987",+32,+1.08%,"1,041",16.4倍,2.66倍,3.08%
20261002,665,日本アビオ,6946,東S,,"7,310",+150,+2.09%,"1,036",25.7倍,6.33倍,0.21%
20261002,666,西松屋チェ,7545,東P,,"1,920",-47,-2.39%,"1,036",13.7倍,1.15倍,1.72%
20261002,667,エクシオＧ,1951,東P,,"2,521.5",-16.5,-0.65%,"1,033",14.4倍,1.49倍,3.17%
20261002,668,ＭＩＸＩ,2121,東P,,"3,695",-35,-0.94%,"1,028",9.65倍,1.28倍,4.19%
20261002,669,スズケン,9987,東P,,"2,558.5",-56.5,-2.16%,"1,021",13.7倍,0.82倍,2.35%
20261002,670,誠建設,8995,東S,,"2,013",+63,+3.23%,"1,019",57.8倍,0.97倍,1.24%
20261002,671,名古屋銀,8522,東P,,"7,200",-20,-0.28%,"1,019",15.4倍,1.12倍,2.78%
20261002,672,Ｈ２Ｏリテイ,8242,東P,,"2,712.0",-23.0,-0.84%,"1,017",13.1倍,1.00倍,1.77%
20261002,673,ＮＳＤ,9759,東P,,"2,980.5",+16.5,+0.56%,"1,015",16.9倍,3.28倍,3.36%
20261002,674,ＯＫＩ,6703,東P,,"2,702",-22,-0.81%,"1,014",13.0倍,1.36倍,2.41%
20261002,675,ＡＬＳＯＫ,2331,東P,,"1,157.0",-22.0,-1.87%,"1,013",14.8倍,1.43倍,2.85%
20261002,676,芙蓉リース,8424,東P,,"4,290",-84,-1.92%,"1,010",8.06倍,0.76倍,4.01%
20261002,677,ミナトＨＤ,6862,東S,,"5,140",-350,-6.38%,"1,005",6.38倍,3.29倍,0.82%
20261002,678,ＲＳテクノ,3445,東P,,"6,350",+30,+0.47%,"1,002",16.9倍,1.88倍,0.87%
20261002,679,月島ＨＤ,6332,東P,,"2,622",-64,-2.38%,997,12.2倍,1.08倍,3.36%
20261002,680,飯田ＧＨＤ,3291,東P,,"2,114.5",-50.5,-2.33%,992,8.92倍,0.57倍,4.35%
20261002,681,スターマイカ,2975,東P,,"1,266",-66,-4.95%,987,7.97倍,1.17倍,4.03%
20261002,682,地主,3252,東P,,"2,670",-91,-3.30%,985,6.91倍,1.09倍,4.87%
20261002,683,テラプローブ,6627,東S,,"2,568",-5,-0.19%,985,19.5倍,2.74倍,ー%
20261002,684,ＮＩＳＳＨＡ,7915,東P,,"1,057",-28,-2.58%,978,ー倍,0.44倍,4.73%
20261002,685,不二製油,2607,東P,,"4,226",-22,-0.52%,976,18.6倍,1.47倍,1.47%
20261002,686,マルマエ,6264,東P,,"2,116",-10,-0.47%,975,18.2倍,3.95倍,2.13%
20261002,687,モルフォ,3653,東G,,983,+13,+1.34%,968,ー倍,1.86倍,ー%
20261002,688,戸田建,1860,東P,,"1,404.0",-25.0,-1.75%,966,11.9倍,0.86倍,4.27%
20261002,689,イオンリート,3292,東Ｒ,,"107,400","-2,400",-2.19%,964,18.5倍,0.93倍,5.92%
20261002,690,大平金,5541,東P,,"2,530",-124,-4.67%,959,329倍,0.71倍,5.14%
20261002,691,Ｊマテリアル,6055,東P,,"2,346",-49,-2.05%,959,22.3倍,3.83倍,1.49%
20261002,692,宮崎銀,8393,東P,,"2,897",-27,-0.92%,958,16.8倍,1.05倍,1.93%
20261002,693,ＮＡＮＫＡＩ,9044,東P,,"2,975.5",-40.5,-1.34%,958,13.5倍,0.94倍,1.85%
20261002,694,上場日経２倍,1358,東Ｅ,,"141,600","-2,500",-1.73%,956,ー倍,ー倍,ー%
20261002,695,オーケストラ,6533,東P,,"2,022",+105,+5.48%,954,19.7倍,2.81倍,2.47%
20261002,696,ＵＴ,2146,東P,,239,0,0.00%,949,22.5倍,5.48倍,4.28%
20261002,697,アドバンスＲ,3269,東Ｒ,,"136,200","-2,100",-1.52%,939,23.7倍,1.58倍,4.78%
20261002,698,日ガス,8174,東P,,939.5,-5.7,-0.60%,935,21.4倍,4.67倍,3.92%
20261002,699,日化薬,4272,東P,,"2,083.5",-46.5,-2.18%,928,13.1倍,1.06倍,3.17%
20261002,700,大有機,4187,東P,,"4,500",-30,-0.66%,927,17.6倍,1.68倍,1.91%
20261002,701,百十四,8386,東P,,"3,210",-20,-0.62%,927,17.3倍,0.93倍,2.18%
20261002,702,ＪＭＤＣ,4483,東P,,"3,625",-95,-2.55%,927,33.4倍,2.86倍,ー%
20261002,703,ｉＳＴＰＸ,1475,東Ｅ,,423.1,-4.4,-1.03%,924,ー倍,ー倍,ー%
20261002,704,伊藤園,2593,東P,,"3,085.0",-35.0,-1.12%,916,32.3倍,2.02倍,1.69%
20261002,705,アマノ,6436,東P,,"3,741",-43,-1.14%,916,14.7倍,1.98倍,4.81%
20261002,706,大倉工,4221,東P,,"5,260",-110,-2.05%,907,10.3倍,0.91倍,4.56%
20261002,707,ハートシード,219A,東G,,"2,579",-41,-1.56%,907,ー倍,8.87倍,ー%
20261002,708,ＯＢＣ,4733,東P,,"8,180",+40,+0.49%,895,31.8倍,3.65倍,1.59%
20261002,709,スターシーズ,3083,東S,,"1,050",+33,+3.24%,894,14.9倍,3.75倍,0.95%
20261002,710,ナガイレーベ,7447,東P,,"1,704",+69,+4.22%,894,18.8倍,1.28倍,4.11%
20261002,711,アイカ,4206,東P,,"4,188",-26,-0.62%,893,13.6倍,1.37倍,3.44%
20261002,712,アンドＳＴ,2685,東P,,"2,988",-52,-1.71%,892,13.2倍,1.61倍,3.01%
20261002,713,ショーボンド,1414,東P,,"1,247.0",-12.0,-0.95%,887,16.1倍,2.34倍,3.73%
20261002,714,ユナイテド海,9110,東P,,"10,510",0,0.00%,878,9.91倍,1.31倍,ー%
20261002,715,エアトリ,6191,東P,,"1,478",+25,+1.72%,870,15.0倍,1.74倍,10.8%
20261002,716,サンエー,2659,東P,,"3,190",-70,-2.15%,867,17.1倍,1.26倍,3.45%
20261002,717,イリソ電子,6908,東P,,"2,722",-110,-3.88%,863,36.3倍,0.78倍,ー%
20261002,718,ノリタケ,5331,東P,,"3,695",+10,+0.27%,856,12.0倍,1.13倍,3.25%
20261002,719,ペプドリ,4587,東P,,"1,076.0",-57.0,-5.03%,851,46.1倍,2.85倍,ー%
20261002,720,エディオン,2730,東P,,"2,359",-74,-3.04%,843,15.9倍,1.04倍,2.12%
20261002,721,日証金,8511,東P,,"2,350",-81,-3.33%,843,17.2倍,1.35倍,4.00%
20261002,722,ＭＸ２２５,1346,東Ｅ,,"71,020",-670,-0.93%,840,ー倍,ー倍,ー%
20261002,723,図研,6947,東P,,"5,370",+170,+3.27%,836,19.9倍,2.76倍,2.79%
20261002,724,グローリー,6457,東P,,"4,390",-17,-0.39%,831,11.5倍,1.06倍,3.51%
20261002,725,平和不,8803,東P,,"2,250",-52,-2.26%,829,12.9倍,1.20倍,4.58%
20261002,726,ミラースＲ,3492,東Ｒ,,"76,800","-1,100",-1.41%,829,15.3倍,0.86倍,7.03%
20261002,727,みずほリース,8425,東P,,"1,287",-24,-1.83%,826,6.93倍,0.80倍,4.04%
20261002,728,武蔵銀,8336,東P,,"2,909",+21,+0.73%,825,14.5倍,1.03倍,2.82%
20261002,729,航空電子,6807,東P,,"2,622",-52,-1.94%,824,29.5倍,1.23倍,1.91%
20261002,730,ＧＸ半導１０,282A,東Ｅ,,"2,563",-3,-0.12%,820,ー倍,ー倍,ー%
20261002,731,長瀬産,8012,東P,,"1,151.5",-11.5,-0.99%,818,13.5倍,1.04倍,2.34%
20261002,732,Ｆスターズ,3687,東P,,"2,283",-10,-0.44%,817,37.8倍,8.11倍,0.83%
20261002,733,ＷＴＩ原油,1671,東Ｅ,,"6,096",+161,+2.71%,814,ー倍,ー倍,ー%
20261002,734,ＳＢＳＨＤ,2384,東P,,"5,110",-60,-1.16%,812,14.0倍,1.94倍,2.35%
20261002,735,邦ガス,9533,東P,,"1,250.0",+19.5,+1.58%,807,19.1倍,0.89倍,1.80%
20261002,736,関電化,4047,東P,,"2,435",-16,-0.65%,806,18.4倍,1.84倍,1.48%
20261002,737,ＫＯＡ,6999,東P,,"2,391",+8,+0.34%,804,11.5倍,0.98倍,2.63%
20261002,738,帝人,3401,東P,,"1,630.0",-32.0,-1.93%,797,6.99倍,0.76倍,3.07%
20261002,739,カチタス,8919,東P,,"3,390",-110,-3.14%,797,19.0倍,4.96倍,2.65%
20261002,740,コロワイド,7616,東P,,"1,995.0",-2.5,-0.13%,796,101倍,3.09倍,0.25%
20261002,741,アリアケ,2815,東P,,"5,000",-70,-1.38%,796,16.4倍,1.18倍,6.00%
20261002,742,ビックカメラ,3048,東P,,"1,645.0",-20.5,-1.23%,793,15.3倍,1.55倍,2.61%
20261002,743,平和不リート,8966,東Ｒ,,"125,800","-2,000",-1.56%,792,24.3倍,1.26倍,6.41%
20261002,744,グロバワン,8958,東Ｒ,,"107,800",+400,+0.37%,788,16.7倍,1.18倍,5.94%
20261002,745,ＮＴＮ,6472,東P,,376.6,-6.0,-1.57%,785,14.9倍,0.75倍,3.45%
20261002,746,相鉄ＨＤ,9003,東P,,"2,457.5",-25.0,-1.01%,785,10.7倍,1.13倍,2.85%
20261002,747,ハウス食Ｇ,2810,東P,,"3,976",-69,-1.71%,782,20.7倍,1.22倍,2.52%
20261002,748,ＧＸ半導体,2243,東Ｅ,,"4,813",-67,-1.37%,782,ー倍,ー倍,ー%
20261002,749,上村工,4966,東S,,"21,360",+20,+0.09%,779,23.5倍,2.97倍,1.36%
20261002,750,ＨＵグループ,4544,東P,,"3,445.0",-88.0,-2.49%,779,37.3倍,1.39倍,3.63%
20261002,751,原田工業,6904,東S,,855,-44,-4.89%,777,30.1倍,1.19倍,1.17%
20261002,752,オリコ,8585,東P,,787,-15,-1.87%,772,10.4倍,0.55倍,5.08%
20261002,753,ジャックス,8584,東P,,"3,440",-80,-2.27%,769,15.4倍,0.51倍,5.81%
20261002,754,三井倉ＨＤ,9302,東P,,"3,267.0",+33.0,+1.02%,768,19.5倍,1.79倍,1.53%
20261002,755,センコーＨＤ,9069,東P,,"2,266.0",-23.5,-1.03%,762,16.3倍,1.64倍,2.47%
20261002,756,Ｕｍｉｏｓ,1333,東P,,"1,209.5",-22.5,-1.83%,762,12.1倍,0.74倍,3.72%
20261002,757,エスビー,2805,東S,,"6,970",-130,-1.83%,760,20.8倍,1.71倍,0.86%
20261002,758,ＤＴＳ,9682,東P,,"1,101",-13,-1.17%,758,14.6倍,2.85倍,3.45%
20261002,759,愛知鋼,5482,東P,,"2,990",-30,-0.99%,757,17.0倍,0.81倍,5.02%
20261002,760,フジコピアン,7957,東S,,"2,221",-133,-5.65%,754,2.75倍,0.40倍,7.65%
20261002,761,リゾートトラ,4681,東P,,"1,733.5",-26.0,-1.48%,752,17.5倍,2.26倍,2.08%
20261002,762,ライト,1926,東P,,952,-35,-3.55%,751,13.3倍,1.85倍,3.83%
20261002,763,セイノーＨＤ,9076,東P,,"2,570.5",-31.5,-1.21%,750,15.2倍,0.91倍,4.05%
20261002,764,プレミアＧ,7199,東P,,"2,058",-46,-2.19%,750,11.6倍,3.12倍,3.11%
20261002,765,楽天Ｗベア,1459,東Ｅ,,101,+1,+1.00%,745,ー倍,ー倍,ー%
20261002,766,松屋,8237,東P,,"2,123",-13,-0.61%,745,216倍,4.12倍,0.57%
20261002,767,大和オフィス,8976,東Ｒ,,"295,400","-5,600",-1.86%,743,21.1倍,1.13倍,4.85%
20261002,768,コクヨ,7984,東P,,851.0,-18.0,-2.07%,740,17.3倍,1.38倍,2.88%
20261002,769,純銀信託,1542,東Ｅ,,"28,230",-135,-0.48%,740,ー倍,ー倍,ー%
20261002,770,弁護士ＣＯＭ,6027,東P,,"5,030",-150,-2.90%,738,57.3倍,15.7倍,ー%
20261002,771,古河機金,5715,東P,,"4,040",-30,-0.74%,736,8.85倍,0.80倍,1.98%
20261002,772,稀元素,4082,東P,,"2,190",-80,-3.52%,736,35.3倍,1.36倍,1.37%
20261002,773,サワイＧＨＤ,4887,東P,,"1,589.0",-17.5,-1.09%,735,9.88倍,1.03倍,3.52%
20261002,774,ｉＦ日本配当,435A,東Ｅ,,"2,809",-33,-1.16%,735,ー倍,ー倍,ー%
20261002,775,物語コーポ,3097,東P,,"5,510",+20,+0.36%,734,24.2倍,4.49倍,0.83%
20261002,776,沖縄セルラー,9436,東S,,"4,155",-30,-0.72%,733,28.7倍,3.84倍,1.68%
20261002,777,中国塗,4617,東P,,"3,550",-110,-3.01%,731,16.0倍,1.82倍,2.82%
20261002,778,カゴメ,2811,東P,,"2,616.0",-39.5,-1.49%,725,22.5倍,1.23倍,2.22%
20261002,779,フジボウＨＤ,3104,東P,,"3,460",0,0.00%,717,17.2倍,2.22倍,2.43%
20261002,780,大気社,1979,東P,,"3,775",-15,-0.40%,713,13.1倍,1.35倍,3.15%
20261002,781,ＦＥＡＳＹ,212A,東P,,"2,735",-71,-2.53%,712,18.5倍,6.75倍,1.86%
20261002,782,Ｊエレベータ,6544,東P,,"1,480.5",+9.5,+0.65%,712,32.3倍,11.6倍,ー%
20261002,783,アスクル,2678,東P,,"1,198",-43,-3.46%,710,26.8倍,2.31倍,1.67%
20261002,784,アクセル,6730,東S,,"1,634",+10,+0.62%,706,10.4倍,1.27倍,4.83%
20261002,785,アーキテクツ,6085,東G,,102,+12,+13.33%,705,309倍,-29倍,ー%
20261002,786,フジミインコ,5384,東P,,"3,560",-35,-0.97%,704,25.4倍,3.10倍,2.16%
20261002,787,ＴＳテック,7313,東P,,"1,746.5",-29.0,-1.63%,704,25.5倍,0.65倍,5.27%
20261002,788,山梨銀,8360,東P,,"1,505",-4,-0.27%,704,18.5倍,0.96倍,2.17%
20261002,789,東光高岳,6617,東P,,"7,440",+80,+1.09%,701,11.5倍,1.62倍,1.80%
20261002,790,ＨＥＮＮＧＥ,4475,東G,,"1,760",-26,-1.46%,699,34.4倍,13.5倍,0.63%
20261002,791,アイグリッド,603A,東G,,975,+51,+5.52%,693,16.6倍,4.16倍,ー%
20261002,792,Ｊｏｓｈｉｎ,8173,東P,,"4,225",-85,-1.97%,692,31.2倍,1.03倍,2.37%
20261002,793,タスキＨＤ,166A,東P,,972,-36,-3.57%,687,10.3倍,1.86倍,5.14%
20261002,794,クリレスＨＤ,3387,東P,,771,-12,-1.53%,684,61.0倍,7.65倍,0.65%
20261002,795,森ヒルズＲ,3234,東Ｒ,,"118,300","-2,100",-1.74%,682,20.1倍,1.10倍,5.24%
20261002,796,ＧＸＮデカバ,563A,東Ｅ,,"1,074",+6,+0.56%,681,ー倍,ー倍,ー%
20261002,797,西鉄,9031,東P,,"2,829.5",-25.5,-0.89%,681,9.50倍,0.73倍,3.18%
20261002,798,ネクセラ,4565,東P,,"1,220",-44,-3.48%,678,ー倍,1.72倍,ー%
20261002,799,ダイワボウ,3107,東P,,"3,644",-60,-1.62%,676,12.3倍,1.83倍,3.02%
20261002,800,伊藤米久ＨＤ,2296,東P,,"4,805",-65,-1.33%,673,14.7倍,0.93倍,3.23%
20261002,801,原油先Ｗブル,2038,東EN,,"3,157",+180,+6.05%,673,ー倍,ー倍,ー%
20261002,802,椿本チ,6371,東P,,"2,613",-41,-1.54%,672,12.0倍,0.89倍,3.06%
20261002,803,大栄環境,9336,東P,,"3,500",-145,-3.98%,671,21.3倍,3.15倍,1.57%
20261002,804,Ｊプライム,8955,東Ｒ,,"89,900","-2,300",-2.49%,671,22.7倍,1.27倍,4.78%
20261002,805,大阪ソーダ,4046,東P,,"2,036",-28,-1.36%,669,16.5倍,1.88倍,1.47%
20261002,806,ＡＣＳＬ,6232,東G,,"1,287",-13,-1.00%,667,ー倍,10.8倍,ー%
20261002,807,三井不アコモ,3226,東Ｒ,,"110,900","-2,400",-2.12%,666,20.9倍,1.83倍,4.32%
20261002,808,ホシデン,6804,東P,,"2,376",-57,-2.34%,665,9.36倍,0.76倍,3.24%
20261002,809,ＹＥデジタル,2354,東S,,"1,196",-61,-4.85%,661,13.5倍,2.75倍,2.51%
20261002,810,ミライトワン,1417,東P,,"3,441.0",-12.0,-0.35%,661,11.8倍,1.09倍,2.76%
20261002,811,エクサＷｉｚ,4259,東G,,853,-7,-0.81%,661,ー倍,8.10倍,0.59%
20261002,812,日本駐車場,2353,東P,,256,0,0.00%,658,13.2倍,3.89倍,3.91%
20261002,813,円谷フィＨＤ,2767,東P,,"2,515",-17,-0.67%,656,10.4倍,2.57倍,5.57%
20261002,814,ゴルドウイン,8111,東P,,"2,102.0",-14.0,-0.66%,651,11.2倍,2.27倍,3.33%
20261002,815,日本電技,1723,東S,,"2,125",-41,-1.89%,651,15.6倍,2.88倍,2.64%
20261002,816,富山第一銀,7184,東P,,"3,640",+5,+0.14%,651,17.0倍,1.15倍,2.06%
20261002,817,高度紙,3891,東S,,"7,340",-30,-0.41%,651,18.4倍,2.86倍,1.50%
20261002,818,愛媛銀,8541,東P,,"3,595",+20,+0.56%,649,21.6倍,0.97倍,1.34%
20261002,819,東亜建,1885,東P,,"2,085",-38,-1.79%,649,11.1倍,1.39倍,3.69%
20261002,820,日本光電,6849,東P,,"1,562.5",-47.0,-2.92%,647,16.7倍,1.41倍,2.11%
20261002,821,因幡電産,9934,東P,,"3,131.0",-8.0,-0.25%,645,14.9倍,1.70倍,2.71%
20261002,822,ヨコレイ,2874,東P,,"1,871",-73,-3.76%,641,17.6倍,1.30倍,1.44%
20261002,823,コシダカＨＤ,2157,東P,,973,-27,-2.70%,640,11.4倍,2.17倍,2.88%
20261002,824,極東開発,7226,東P,,"2,135",-41,-1.88%,640,16.5倍,0.73倍,5.62%
20261002,825,ケイアイ不,3465,東P,,"3,105",-35,-1.11%,640,4.99倍,1.27倍,4.83%
20261002,826,リケンテクノ,4220,東P,,"2,345",+36,+1.56%,639,11.0倍,1.53倍,3.62%
20261002,827,Ｄガレージ,4819,東P,,"2,457",+36,+1.49%,638,ー倍,1.56倍,ー%
20261002,828,ＧＸ２２５,632A,東Ｅ,,"68,610",-770,-1.11%,636,ー倍,ー倍,ー%
20261002,829,オリオン,409A,東P,,"1,051",-28,-2.59%,633,15.2倍,2.52倍,3.24%
20261002,830,三洋化,4471,東P,,"1,655",+2,+0.12%,631,13.3倍,0.90倍,3.02%
20261002,831,王将フード,9936,東P,,"2,874",-13,-0.45%,631,21.3倍,2.35倍,1.95%
20261002,832,琉球銀,8399,東P,,"3,255",-15,-0.46%,630,13.4倍,0.91倍,3.01%
20261002,833,大和証券リビ,8986,東Ｒ,,"86,000","-1,900",-2.16%,628,17.4倍,1.09倍,5.84%
20261002,834,ＵＮＥＸＴ,9418,東P,,"1,760",-16,-0.90%,628,17.2倍,2.97倍,0.97%
20261002,835,阪和興,8078,東P,,"1,858",-6,-0.32%,627,8.91倍,0.82倍,3.55%
20261002,836,大分銀,8392,東P,,"3,250",-5,-0.15%,626,18.9倍,0.93倍,1.54%
20261002,837,博報堂ＤＹ,2433,東P,,"1,298.0",-10.0,-0.76%,625,17.9倍,1.21倍,2.47%
20261002,838,ＭＸトピクス,1348,東Ｅ,,"4,277",-44,-1.02%,623,ー倍,ー倍,ー%
20261002,839,伯東,7433,東P,,"1,836",-68,-3.57%,622,16.2倍,1.50倍,4.63%
20261002,840,日本紙,3863,東P,,"1,328",+12,+0.91%,620,ー倍,0.30倍,1.13%
20261002,841,メンバーズ,2130,東P,,691,-79,-10.26%,620,59.2倍,1.49倍,5.07%
20261002,842,グロバルＬＭ,3486,東P,,"1,895",-110,-5.49%,618,5.84倍,1.92倍,5.28%
20261002,843,紀陽銀,8370,東P,,"1,747",-13,-0.74%,614,13.5倍,1.36倍,2.98%
20261002,844,藤田観,9722,東P,,"3,005",+5,+0.17%,614,14.4倍,4.18倍,0.67%
20261002,845,ＡＰＩ,3279,東Ｒ,,"125,000","-2,200",-1.73%,613,17.2倍,1.10倍,5.24%
20261002,846,パイロット,7846,東P,,"2,101.5",-9.0,-0.43%,613,14.7倍,1.52倍,2.14%
20261002,847,コメダ,3543,東P,,"2,791",-39,-1.38%,611,18.4倍,2.52倍,2.22%
20261002,848,岩井コスモ,8707,東P,,"4,590",-95,-2.03%,610,ー倍,1.45倍,ー%
20261002,849,オプテクスＧ,6914,東P,,"3,230",-70,-2.12%,609,15.0倍,1.94倍,2.35%
20261002,850,ＮＳＳＯＬ,2327,東P,,"3,821",+13,+0.34%,609,21.7倍,2.53倍,2.28%
20261002,851,岡三,8609,東P,,"1,213",-28,-2.26%,608,ー倍,1.04倍,ー%
20261002,852,乾汽船,9308,東S,,"2,125",-153,-6.72%,606,14.0倍,1.40倍,2.14%
20261002,853,青山商,8219,東P,,711,-16,-2.20%,604,13.3倍,0.58倍,5.34%
20261002,854,ＥＲＴＨ,6072,東S,,"1,091",+46,+4.40%,604,ー倍,17.6倍,ー%
20261002,855,日本コークス,3315,東P,,95,-1,-1.04%,604,55.2倍,0.81倍,ー%
20261002,856,日本ロジ,8967,東Ｒ,,"88,200","-2,200",-2.43%,602,20.4倍,1.71倍,4.99%
20261002,857,デジアーツ,2326,東P,,"5,080",0,0.00%,602,17.9倍,3.71倍,1.97%
20261002,858,ＦＩＧ,4392,東P,,912,-3,-0.33%,597,47.2倍,2.84倍,1.10%
20261002,859,日曹達,4041,東P,,"3,665",-50,-1.35%,596,12.4倍,0.93倍,4.37%
20261002,860,ニシオＨＤ,9699,東P,,"4,345",-60,-1.36%,596,9.73倍,0.82倍,3.04%
20261002,861,ＴＡＢＡＹＡ,7606,東P,,"2,404",-1,-0.04%,592,10.4倍,1.54倍,4.66%
20261002,862,加賀電子,8154,東P,,"5,340",-100,-1.84%,589,8.78倍,1.33倍,3.00%
20261002,863,ＤＣＭ,3050,東P,,"1,511",-13,-0.85%,588,11.9倍,0.71倍,3.18%
20261002,864,ライフネット,7157,東P,,"1,461",-14,-0.95%,586,14.3倍,1.24倍,ー%
20261002,865,住友倉,9303,東P,,"4,090",+10,+0.25%,586,17.9倍,0.98倍,2.52%
20261002,866,菱地所物流Ｒ,3481,東Ｒ,,"108,200","-2,300",-2.08%,585,19.1倍,1.03倍,5.75%
20261002,867,鈴木,6785,東P,,"3,460",+55,+1.62%,585,12.5倍,1.56倍,3.24%
20261002,868,平和ＨＤ,6412,東P,,"2,025",-46,-2.22%,583,9.84倍,0.79倍,3.95%
20261002,869,ジィ・シィ,4073,東G,,683,-10,-1.44%,581,26.1倍,4.94倍,ー%
20261002,870,Ｒみらい,3476,東Ｒ,,"39,350",-700,-1.75%,580,15.3倍,0.85倍,6.56%
20261002,871,ワコールＨＤ,3591,東P,,"3,605",-104,-2.80%,578,99.1倍,0.84倍,2.77%
20261002,872,シップＨＤ,3360,東P,,"2,439.0",-13.5,-0.55%,576,13.8倍,1.51倍,2.67%
20261002,873,ライフコーポ,8194,東P,,"2,588",-46,-1.75%,576,11.8倍,1.42倍,2.70%
20261002,874,南都銀,8367,東P,,"2,025",+2,+0.10%,576,14.5倍,1.04倍,2.77%
20261002,875,グンゼ,3002,東P,,"4,020",-70,-1.71%,575,24.3倍,1.17倍,5.37%
20261002,876,ノジマ,7419,東P,,"1,228",-11,-0.89%,573,7.41倍,1.40倍,1.63%
20261002,877,三井松島ＨＤ,1518,東P,,"2,207",-37,-1.65%,571,9.50倍,1.41倍,5.89%
20261002,878,サカタタネ,1377,東P,,"4,255",-50,-1.16%,564,17.9倍,1.00倍,2.12%
20261002,879,ＭＸ全世界株,2559,東Ｅ,,"2,950",-22,-0.74%,560,ー倍,ー倍,ー%
20261002,880,サン電子,6736,東S,,"9,070","-1,090",-10.73%,558,25.7倍,3.96倍,ー%
20261002,881,ブレーキ,7238,東P,,105,-2,-1.87%,558,11.4倍,0.56倍,ー%
20261002,882,大同メ,7245,東P,,"1,236",-8,-0.64%,555,11.4倍,0.69倍,2.91%
20261002,883,いちご,2337,東P,,376,-16,-4.08%,552,8.19倍,1.36倍,4.12%
20261002,884,レノバ,9519,東P,,825,-22,-2.60%,550,22.0倍,0.56倍,ー%
20261002,885,アインＨＤ,9627,東P,,"5,324",-31,-0.58%,550,12.5倍,1.19倍,1.88%
20261002,886,ＭＸナスダク,2631,東Ｅ,,"34,550",-410,-1.17%,550,ー倍,ー倍,ー%
20261002,887,共和コーポ,6570,東S,,"4,395",+310,+7.59%,550,21.6倍,4.19倍,0.91%
20261002,888,ＧＥＮＤＡ,9166,東G,,628,-22,-3.38%,550,ー倍,1.77倍,1.27%
20261002,889,ジェイエイシ,2124,東P,,"1,053",-1,-0.09%,549,19.2倍,7.58倍,3.61%
20261002,890,コンフォリア,3282,東Ｒ,,"92,300","-1,000",-1.07%,547,20.5倍,1.40倍,4.63%
20261002,891,東海道リート,2989,東Ｒ,,"88,500",-700,-0.78%,547,14.6倍,0.84倍,6.84%
20261002,892,ＨＩＯＫＩ,6866,東P,,"10,880",-260,-2.33%,547,19.3倍,3.19倍,2.21%
20261002,893,ギフトＨＤ,9279,東P,,"2,078",-9,-0.43%,545,27.6倍,6.64倍,0.70%
20261002,894,パークシャ,3993,東P,,"3,270",+25,+0.77%,545,35.2倍,2.80倍,0.31%
20261002,895,おきなわＦＧ,7350,東P,,"7,830",-100,-1.26%,545,13.9倍,1.01倍,2.55%
20261002,896,山善,8051,東P,,"2,005",-20,-0.99%,544,17.1倍,1.20倍,2.79%
20261002,897,松田産業,7456,東P,,"6,810",+80,+1.19%,543,8.54倍,1.40倍,1.76%
20261002,898,壱番屋,7630,東P,,"1,096",-18,-1.62%,543,64.3倍,5.51倍,1.46%
20261002,899,ダイセキ,9793,東P,,"3,490",-50,-1.41%,542,14.7倍,1.99倍,2.46%
20261002,900,スターアジア,3468,東Ｒ,,"53,600",-500,-0.92%,537,13.9倍,1.00倍,6.55%
20261002,901,ガンホー,3765,東P,,"2,380",-41,-1.69%,535,ー倍,1.09倍,ー%
20261002,902,トモニＨＤ,8600,東P,,"1,187",0,0.00%,532,12.8倍,0.76倍,2.53%
20261002,903,メニコン,7780,東P,,"1,786",+11,+0.62%,530,20.4倍,1.39倍,1.57%
20261002,904,有沢製,5208,東P,,"2,804",-28,-0.99%,530,20.4倍,1.85倍,3.92%
20261002,905,北日銀,8551,東P,,"2,977",+41,+1.40%,529,16.0倍,0.75倍,2.15%
20261002,906,東洋合成,4970,東S,,"10,780",+190,+1.79%,525,22.5倍,2.97倍,0.46%
20261002,907,ＮＳグループ,471A,東P,,"1,501",-33,-2.15%,525,9.58倍,2.80倍,5.06%
20261002,908,石原産,4028,東P,,"2,791",-53,-1.86%,523,ー倍,0.84倍,4.66%
20261002,909,農中Ｊリコア,2527,東Ｅ,,"1,034",-14,-1.34%,522,ー倍,ー倍,ー%
20261002,910,雪印メグ,2270,東P,,"3,495",-25,-0.71%,520,8.49倍,0.85倍,2.86%
20261002,911,ｉＳゴールド,314A,東Ｅ,,312.5,-1.5,-0.48%,520,ー倍,ー倍,ー%
20261002,912,東洋炭素,5310,東P,,"7,810",+70,+0.90%,515,32.8倍,1.68倍,1.86%
20261002,913,クラボウ,3106,東P,,"2,315",-67,-2.81%,515,12.3倍,1.34倍,2.86%
20261002,914,泉州電,9824,東P,,"8,190",+20,+0.24%,513,15.2倍,2.22倍,2.08%
20261002,915,酉島,6363,東P,,"2,920",-25,-0.85%,512,10.8倍,1.25倍,2.33%
20261002,916,佐賀銀,8395,東P,,"6,970",+30,+0.43%,511,12.7倍,0.90倍,1.58%
20261002,917,オンワード,8016,東P,,702,-7,-0.99%,509,8.54倍,1.01倍,4.70%
20261002,918,京阪神ビル,8818,東P,,976,-23,-2.30%,509,13.3倍,1.10倍,3.07%
20261002,919,いちごオフィ,8975,東Ｒ,,"91,700","-1,500",-1.61%,509,6.29倍,1.34倍,15.9%
20261002,920,中央自,8117,東S,,"2,077",-48,-2.26%,508,12.1倍,1.81倍,3.03%
20261002,921,ヴレインＳ,135A,東G,,"5,410",+190,+3.64%,503,57.1倍,26.9倍,ー%
20261002,922,ＬＩＮＫ＆Ｍ,2170,東P,,625,-30,-4.58%,503,18.4倍,5.21倍,2.62%
20261002,923,カーバイド,4064,東P,,"3,770",+5,+0.13%,503,11.4倍,0.91倍,3.55%
20261002,924,ソディック,6143,東P,,"1,751",-8,-0.45%,503,11.8倍,0.92倍,2.00%
20261002,925,ＣＣＩＧ,7381,東P,,"1,336",-7,-0.52%,499,17.3倍,1.11倍,2.25%
20261002,926,稲畑産,8098,東P,,"4,405",-20,-0.45%,498,11.2倍,0.97倍,3.25%
20261002,927,東エレデバ,2760,東P,,"4,550",-50,-1.09%,496,14.3倍,2.51倍,2.84%
20261002,928,東亜道,1882,東P,,"1,557",-31,-1.95%,493,17.2倍,1.41倍,5.78%
20261002,929,富士急,9010,東P,,"2,621",-33,-1.24%,493,24.2倍,3.33倍,1.26%
20261002,930,日本化,4092,東P,,"5,720",-50,-0.87%,493,11.0倍,0.89倍,4.20%
20261002,931,サンケイＲＥ,2972,東Ｒ,,"125,000",0,0.00%,492,17.0倍,1.29倍,5.89%
20261002,932,アルコニクス,3036,東P,,"3,400",-55,-1.59%,492,11.1倍,0.91倍,2.79%
20261002,933,東芝テック,6588,東P,,"2,820",-92,-3.16%,491,21.4倍,1.57倍,1.42%
20261002,934,トライアイズ,4840,東S,,858,+48,+5.93%,490,31.3倍,1.58倍,1.28%
20261002,935,タクマ,6013,東P,,"2,971",-34,-1.13%,490,13.8倍,1.93倍,3.64%
20261002,936,バローＨＤ,9956,東P,,"1,610",-22,-1.35%,490,11.3倍,0.99倍,2.48%
20261002,937,伊勢化,4107,東S,,"3,880",-30,-0.77%,487,36.6倍,4.71倍,1.03%
20261002,938,サイバーセキ,4493,東G,,"1,973",-47,-2.33%,484,22.9倍,4.37倍,0.30%
20261002,939,ダスキン,4665,東P,,"4,610",-48,-1.03%,482,20.5倍,1.39倍,2.93%
20261002,940,ｉＦＲＥＩＴ,1488,東Ｅ,,"1,731",-27,-1.54%,482,ー倍,ー倍,ー%
20261002,941,リョー菱ＨＤ,167A,東P,,"3,210",-90,-2.73%,481,17.2倍,0.93倍,4.36%
20261002,942,ＴＯＫＡＩ,3167,東P,,"1,332",-10,-0.75%,480,15.4倍,1.64倍,2.85%
20261002,943,新日本建,1879,東P,,"2,203",-26,-1.17%,478,7.36倍,0.95倍,3.63%
20261002,944,東京製鉄,5423,東P,,"1,661",-13,-0.78%,478,168倍,0.77倍,2.41%
20261002,945,東合成,4045,東P,,"1,792.0",-29.5,-1.62%,477,16.1倍,0.86倍,4.02%
20261002,946,カナモト,9678,東P,,"5,330",-40,-0.74%,475,14.0倍,1.17倍,2.06%
20261002,947,中電工,1941,東P,,"5,080",-20,-0.39%,475,13.7倍,1.06倍,2.76%
20261002,948,オカムラ,7994,東P,,"2,204",-36,-1.61%,475,9.89倍,1.02倍,4.76%
20261002,949,バルカー,7995,東P,,"6,900",+30,+0.44%,475,14.0倍,2.17倍,2.90%
20261002,950,ベル２４ＨＤ,6183,東P,,"1,279",-39,-2.96%,474,11.2倍,1.28倍,4.69%
20261002,951,イノテック,9880,東P,,"3,825",-35,-0.91%,473,8.81倍,1.70倍,3.40%
20261002,952,ポーラＨＤ,4927,東P,,"1,333.0",-34.0,-2.49%,471,32.8倍,1.83倍,3.90%
20261002,953,野村高配７０,1577,東Ｅ,,"59,000","-1,250",-2.07%,471,ー倍,ー倍,ー%
20261002,954,テクノ菱和,1965,東S,,"2,308",-56,-2.37%,471,12.0倍,2.10倍,2.57%
20261002,955,河西工,7256,東S,,468,-74,-13.65%,471,20.6倍,1.76倍,ー%
20261002,956,クミアイ化,4996,東P,,660,-13,-1.93%,469,19.9倍,0.54倍,3.64%
20261002,957,キッツ,6498,東P,,"2,061",-14,-0.67%,467,13.4倍,1.45倍,3.01%
20261002,958,ＪＥＨ,5889,東P,,"2,179",-69,-3.07%,467,12.0倍,2.71倍,3.95%
20261002,959,サトー,6287,東P,,"2,624",-83,-3.07%,466,11.0倍,0.96倍,3.05%
20261002,960,エン,4849,東P,,"1,755",+15,+0.86%,465,12.1倍,1.93倍,3.89%
20261002,961,科研薬,4521,東P,,"3,775",-60,-1.56%,464,22.0倍,0.94倍,5.03%
20261002,962,技術承継機構,319A,東G,,"21,120",-230,-1.08%,464,ー倍,17.4倍,ー%
20261002,963,メドレー,4480,東P,,"2,307",-16,-0.69%,464,38.7倍,4.66倍,0.78%
20261002,964,ＨＵＬＩＣＲ,3295,東Ｒ,,"140,800","-2,600",-1.81%,461,18.0倍,1.00倍,5.68%
20261002,965,ゼリア新薬,4559,東P,,"1,898",-53,-2.72%,460,8.37倍,0.77倍,2.63%
20261002,966,野村ナスＨ無,1545,東Ｅ,,243.7,-2.8,-1.14%,460,ー倍,ー倍,ー%
20261002,967,テクマト,3762,東P,,"2,516",+12,+0.48%,459,18.6倍,3.81倍,2.15%
20261002,968,かどや製油,2612,東S,,"2,870",+6,+0.21%,459,38.7倍,2.14倍,ー%
20261002,969,丹青社,9743,東P,,"1,388",-17,-1.21%,459,11.1倍,1.66倍,5.76%
20261002,970,東海理,6995,東P,,"3,015",-60,-1.95%,458,12.8倍,0.74倍,3.98%
20261002,971,長野計器,7715,東P,,"4,400",+30,+0.69%,456,19.0倍,1.62倍,1.36%
20261002,972,マニー,7730,東P,,"1,443",-18,-1.23%,456,20.9倍,2.48倍,2.84%
20261002,973,タムロン,7740,東P,,"1,369",-4,-0.29%,456,16.2倍,2.47倍,3.73%
20261002,974,農中日経平均,2525,東Ｅ,,"69,120",-720,-1.03%,454,ー倍,ー倍,ー%
20261002,975,東テク,9960,東P,,"4,190",-5,-0.12%,453,12.6倍,2.30倍,3.05%
20261002,976,日本リート,3296,東Ｒ,,"77,200",-700,-0.90%,452,17.1倍,1.01倍,5.96%
20261002,977,セーレン,3569,東P,,"3,255",-45,-1.36%,452,12.1倍,1.15倍,2.33%
20261002,978,フューチャー,4722,東P,,"2,426",0,0.00%,451,18.2倍,3.24倍,0.99%
20261002,979,正栄食,8079,東P,,"4,285",-60,-1.38%,449,17.8倍,1.20倍,2.10%
20261002,980,ＮＴＴ都市Ｒ,8956,東Ｒ,,"122,700","-1,700",-1.37%,449,20.0倍,1.21倍,5.05%
20261002,981,日軽金ＨＤ,5703,東P,,"2,840",-46,-1.59%,449,10.3倍,0.69倍,3.87%
20261002,982,ＴＰＸベア２,1356,東Ｅ,,103.8,+2.6,+2.57%,448,ー倍,ー倍,ー%
20261002,983,石川製,6208,東S,,"1,723",-59,-3.31%,446,16.8倍,1.74倍,1.16%
20261002,984,東競馬,9672,東P,,"4,675",-75,-1.58%,446,11.3倍,1.24倍,3.12%
20261002,985,ジャスト,4686,東P,,"4,475",+45,+1.02%,445,ー倍,2.35倍,0.67%
20261002,986,ワコム,6727,東P,,863,-12,-1.37%,444,11.5倍,3.11倍,2.78%
20261002,987,リョービ,5851,東P,,"2,701",-24,-0.88%,444,7.07倍,0.45倍,3.92%
20261002,988,アニコムＨＤ,8715,東P,,"1,001",-3,-0.30%,443,22.4倍,2.48倍,1.35%
20261002,989,ワールド,3612,東P,,"1,535",-28,-1.79%,443,9.29倍,1.18倍,4.36%
20261002,990,星野Ｒリート,3287,東Ｒ,,"230,800",-500,-0.22%,441,17.2倍,0.92倍,5.81%
20261002,991,プリマ,2281,東P,,"2,277",-38,-1.64%,436,15.3倍,0.94倍,3.51%
20261002,992,東洋紡,3101,東P,,"1,647",-18,-1.08%,436,20.8倍,0.68倍,2.43%
20261002,993,福山運,9075,東P,,"5,880",+20,+0.34%,435,12.2倍,0.73倍,1.70%
20261002,994,ミライニＨＤ,546A,東P,,"2,608",-112,-4.12%,433,5.90倍,1.02倍,3.68%
20261002,995,不二越,6474,東P,,"5,630",-40,-0.71%,432,16.4倍,0.69倍,1.95%
20261002,996,サンフロ不,8934,東P,,"2,209",-66,-2.90%,432,7.26倍,0.93倍,3.62%
20261002,997,ＡＺ丸和ＨＤ,9090,東P,,834,-22,-2.57%,431,13.5倍,1.83倍,3.84%
20261002,998,ミルボン,4919,東P,,"3,215",-75,-2.28%,430,22.0倍,2.02倍,2.74%
20261002,999,レスター,3156,東P,,"6,080",-70,-1.14%,428,12.7倍,1.75倍,2.38%
20261002,1000,レイズネク,6379,東P,,968,-21,-2.12%,428,17.4倍,1.77倍,4.06%
20261002,1001,エクセレント,8987,東Ｒ,,"128,200","-2,400",-1.84%,426,15.0倍,1.13倍,4.84%
20261002,1002,リコーリース,8566,東P,,"6,490",-120,-1.82%,426,16.8倍,0.83倍,3.94%
20261002,1003,テクノフレ,3449,東S,,"4,505",-20,-0.44%,422,20.2倍,2.97倍,1.42%
20261002,1004,東計電算,4746,東S,,"1,968",+21,+1.08%,422,16.5倍,2.45倍,6.05%
20261002,1005,ストライクＧ,6196,東P,,"1,409",-6,-0.42%,420,14.2倍,3.79倍,4.61%
20261002,1006,アイスペース,9348,東G,,402,-7,-1.71%,419,ー倍,6.88倍,ー%
20261002,1007,ヘルスケアＭ,3455,東Ｒ,,"93,700","-1,000",-1.06%,419,13.2倍,1.11倍,7.34%
20261002,1008,ディアライフ,3245,東P,,950,-19,-1.96%,418,11.6倍,1.40倍,6.74%
20261002,1009,大紀ア,5702,東P,,"1,745",-19,-1.08%,417,5.68倍,0.88倍,5.16%
20261002,1010,ロイヤルＨＤ,8179,東P,,"1,287",-23,-1.76%,416,22.3倍,2.26倍,1.36%
20261002,1011,飛島ＨＤ,256A,東P,,"2,279",-19,-0.83%,416,9.11倍,0.82倍,4.83%
20261002,1012,ＭＸＪリート,1597,東Ｅ,,"1,722",-24,-1.37%,415,ー倍,ー倍,ー%
20261002,1013,フジシール,7864,東P,,"3,305",-60,-1.78%,413,11.5倍,1.07倍,2.63%
20261002,1014,サカタＩＮＸ,4633,東P,,"2,595",-45,-1.70%,412,10.7倍,1.00倍,3.85%
20261002,1015,ＡｎｄＤｏ,3457,東P,,834,-37,-4.25%,412,18.7倍,0.88倍,5.52%
20261002,1016,サイボウズ,4776,東P,,"2,967",-25,-0.84%,411,17.9倍,7.62倍,1.69%
20261002,1017,第一興商,7458,東P,,"1,765.0",-30.5,-1.70%,411,14.5倍,1.48倍,3.85%
20261002,1018,ｉＳＪリート,1476,東Ｅ,,"1,740",-27,-1.53%,411,ー倍,ー倍,ー%
20261002,1019,ニップン,2001,東P,,"2,767",-48,-1.71%,411,10.8倍,0.81倍,2.46%
20261002,1020,東和銀,8558,東P,,"1,556",+24,+1.57%,411,10.1倍,0.65倍,3.21%
20261002,1021,西川ゴム,5161,東S,,"3,445",-80,-2.27%,410,19.2倍,1.43倍,5.34%
20261002,1022,アトム,7412,東S,,316,-1,-0.32%,410,ー倍,17.6倍,ー%
20261002,1023,東急建設,1720,東P,,"1,187",-14,-1.17%,409,11.5倍,1.14倍,3.62%
20261002,1024,エフピコ,7947,東P,,"2,768",-13,-0.47%,408,ー倍,1.37倍,2.64%
20261002,1025,北川精機,6327,東S,,"3,245",-35,-1.07%,408,32.7倍,4.21倍,0.77%
20261002,1026,Ｊトラスト,8508,東S,,772,-19,-2.40%,407,12.3倍,0.62倍,2.20%
20261002,1027,東洋証券,8614,東P,,685,-21,-2.97%,407,ー倍,1.63倍,ー%
20261002,1028,ＩＤＥＣ,6652,東P,,"3,820",+10,+0.26%,406,13.2倍,1.54倍,3.40%
20261002,1029,ベルテックス,623A,東S,,654,+13,+2.03%,406,5.89倍,1.35倍,3.82%
20261002,1030,ＫｅｅＰｅｒ,6036,東P,,"3,390",-10,-0.29%,405,14.9倍,3.69倍,2.95%
20261002,1031,デンヨー,6517,東P,,"3,915",-70,-1.76%,404,13.3倍,0.94倍,4.34%
20261002,1032,ｉＦＦＡＮＧ,316A,東Ｅ,,"2,786",-39,-1.38%,404,ー倍,ー倍,ー%
20261002,1033,ＦＣＣ,7296,東P,,"4,020",-80,-1.95%,404,11.2倍,0.92倍,4.48%
20261002,1034,前田工繊,7821,東P,,"1,940",-12,-0.61%,403,13.5倍,1.70倍,1.65%
20261002,1035,森トラストＲ,8961,東Ｒ,,"67,800","-1,400",-2.02%,403,18.7倍,1.03倍,5.35%
20261002,1036,コメリ,8218,東P,,"3,705",-35,-0.94%,401,11.4倍,0.65倍,1.57%
20261002,1037,日本ＣＭＫ,6958,東P,,788,-10,-1.25%,400,18.7倍,0.68倍,3.55%
20261002,1038,ノーリツ鋼機,7744,東P,,"1,972",-41,-2.04%,400,12.4倍,0.90倍,3.80%
20261002,1039,ユーグレナ,2931,東P,,333,-7,-2.06%,400,ー倍,1.40倍,ー%
20261002,1040,リミックス,3825,東S,,250,-7,-2.72%,399,3.58倍,1.71倍,1.20%
20261002,1041,新明和,7224,東P,,"1,865",-40,-2.10%,399,11.8倍,0.99倍,3.11%
20261002,1042,ヨドコウ,5451,東P,,"1,380",-19,-1.36%,396,16.8倍,1.00倍,4.49%
20261002,1043,オキサイド,6521,東G,,"3,310",-55,-1.63%,394,64.5倍,8.05倍,ー%
20261002,1044,ＴＲＥＨＤ,9247,東P,,"1,671",-50,-2.91%,394,15.7倍,0.95倍,2.99%
20261002,1045,ｉＳ米国株Ｈ,2563,東Ｅ,,405.7,-0.1,-0.02%,393,ー倍,ー倍,ー%
20261002,1046,指月電,6994,東S,,"1,360",+22,+1.64%,391,15.6倍,1.23倍,1.95%
20261002,1047,サンゲツ,8130,東P,,"3,120",-30,-0.95%,391,13.6倍,1.51倍,4.97%
20261002,1048,能美防災,6744,東P,,"3,855",-130,-3.26%,390,17.1倍,1.68倍,3.01%
20261002,1049,ＥＲＩＨＤ,6083,東S,,"1,405",-41,-2.84%,390,9.62倍,3.71倍,3.13%
20261002,1050,山洋電,6516,東P,,"5,540",0,0.00%,389,16.4倍,1.47倍,3.07%
20261002,1051,イオレ,2334,東G,,569,+2,+0.35%,389,19.3倍,5.52倍,ー%
20261002,1052,平和堂,8276,東P,,"2,567",+3,+0.12%,388,13.0倍,0.64倍,2.57%
20261002,1053,いちよし,8624,東P,,"1,601",-67,-4.02%,388,ー倍,1.68倍,ー%
20261002,1054,エムアップ,3661,東P,,804,-17,-2.07%,388,16.1倍,6.66倍,2.99%
20261002,1055,ダイトロン,7609,東P,,"4,350",-20,-0.46%,387,14.2倍,2.27倍,2.76%
20261002,1056,タダノ,6395,東P,,"1,344",-3,-0.22%,387,12.2倍,0.78倍,2.53%
20261002,1057,ｉＦＳＰ有,2248,東Ｅ,,"2,750",-4,-0.15%,387,ー倍,ー倍,ー%
20261002,1058,松竹,9601,東P,,"10,730",-10,-0.09%,384,67.1倍,1.40倍,0.28%
20261002,1059,愛三工,7283,東P,,"2,135",-68,-3.09%,383,9.09倍,0.85倍,3.89%
20261002,1060,ヴィッツ,4440,東S,,"2,446",+26,+1.07%,383,21.7倍,3.07倍,0.74%
20261002,1061,黒田グループ,287A,東S,,"1,136",-34,-2.91%,380,11.8倍,1.16倍,5.55%
20261002,1062,ディップ,2379,東P,,"1,784",-10,-0.56%,379,20.1倍,2.68倍,5.44%
20261002,1063,ロードスター,3482,東P,,"2,470",-70,-2.76%,379,5.46倍,1.40倍,3.97%
20261002,1064,ＴＳＩＨＤ,3608,東P,,"1,194",-13,-1.08%,379,8.71倍,0.72倍,5.86%
20261002,1065,やまびこ,6250,東P,,"4,305",-20,-0.46%,379,10.7倍,1.34倍,2.56%
20261002,1066,ミマキエンジ,6638,東P,,"2,269",+35,+1.57%,378,10.8倍,1.60倍,2.42%
20261002,1067,アークランズ,9842,東P,,"1,847",-18,-0.97%,378,11.6倍,0.91倍,2.17%
20261002,1068,ホソミクロン,6277,東P,,"6,640",+30,+0.45%,377,30.4倍,1.36倍,2.11%
20261002,1069,大崎電,6644,東P,,"1,425",-33,-2.26%,377,12.8倍,1.09倍,3.44%
20261002,1070,新日本空調,1952,東P,,"3,100",-20,-0.64%,377,11.0倍,1.74倍,3.87%
20261002,1071,ＥＩＺＯ,6737,東P,,"3,100",+20,+0.65%,375,17.9倍,0.58倍,3.71%
20261002,1072,ａｒｔｉｅｎ,4634,東P,,"5,020",-80,-1.57%,373,11.2倍,0.84倍,2.39%
20261002,1073,上場東証指数,1308,東Ｅ,,"4,247",-40,-0.93%,372,ー倍,ー倍,ー%
20261002,1074,上場ＳＰ５百,1547,東Ｅ,,"13,205",-65,-0.49%,372,ー倍,ー倍,ー%
20261002,1075,ヒュウガプラ,7133,東G,,"2,104",+1,+0.05%,372,23.8倍,5.43倍,ー%
20261002,1076,象印,7965,東P,,"1,426",-11,-0.77%,372,18.9倍,0.99倍,3.23%
20261002,1077,トーセイ,8923,東P,,"1,731",-2,-0.12%,372,11.1倍,1.51倍,3.18%
20261002,1078,Ｍ＆Ａキャピ,6080,東P,,"4,270",-15,-0.35%,371,17.7倍,2.84倍,1.70%
20261002,1079,ブシロード,7803,東G,,439,-12,-2.66%,369,14.0倍,2.05倍,0.68%
20261002,1080,ＧＬテクノ,255A,東S,,"5,490",+10,+0.18%,369,12.9倍,1.44倍,2.30%
20261002,1081,ブルーゾーン,417A,東P,,"1,818.0",-3.5,-0.19%,369,15.4倍,1.80倍,1.76%
20261002,1082,アカツキ,3932,東P,,"1,315",+27,+2.10%,366,ー倍,1.23倍,ー%
20261002,1083,学情,2301,東P,,"1,707",-26,-1.50%,365,11.1倍,1.55倍,4.39%
20261002,1084,３ＤＭ,7777,東G,,420,-12,-2.78%,364,33.8倍,7.73倍,ー%
20261002,1085,トランスコス,9715,東P,,"3,475",0,0.00%,364,9.65倍,1.03倍,4.17%
20261002,1086,ＧＸＵテック,2244,東Ｅ,,"3,739",-44,-1.16%,364,ー倍,ー倍,ー%
20261002,1087,キッセイ,4547,東P,,"3,700",-130,-3.39%,363,11.6倍,0.68倍,4.59%
20261002,1088,ＢＭＬ,4694,東P,,"3,565",-80,-2.19%,363,19.1倍,1.05倍,3.51%
20261002,1089,ＫＨネオケム,4189,東P,,"3,360",-20,-0.59%,362,13.5倍,1.58倍,3.87%
20261002,1090,ニッカトー,5367,東S,,"1,477",-18,-1.20%,362,19.6倍,1.20倍,1.83%
20261002,1091,巴工業,6309,東P,,"1,918",-35,-1.79%,362,12.8倍,1.29倍,3.96%
20261002,1092,農中Ｊリート,1595,東Ｅ,,"1,734",-26,-1.48%,361,ー倍,ー倍,ー%
20261002,1093,ＳＲＥＨＤ,2980,東P,,"2,335",+2,+0.09%,361,13.3倍,2.34倍,0.86%
20261002,1094,Ｌドリンク,2585,東P,,"1,325",-5,-0.38%,360,16.4倍,4.07倍,1.13%
20261002,1095,シェアテク,3989,東G,,"1,546",0,0.00%,360,14.8倍,6.56倍,1.78%
20261002,1096,バンクオブイ,4393,東G,,"6,110",-190,-3.02%,360,14.3倍,3.56倍,ー%
20261002,1097,ミツバ,7280,東P,,"1,287",-65,-4.81%,360,5.53倍,0.54倍,2.33%
20261002,1098,ＪＩＡ,7172,東P,,"2,108",-27,-1.26%,359,10.1倍,1.59倍,5.12%
20261002,1099,ＣＡＩＣＡＤ,2315,東S,,68,-3,-4.23%,358,128倍,2.13倍,ー%
20261002,1100,ウエストＨＤ,1407,東S,,"2,217",-3,-0.14%,358,13.3倍,2.51倍,3.16%
20261002,1101,コーセル,6905,東P,,"1,489",-19,-1.26%,357,23.6倍,1.18倍,4.03%
20261002,1102,日本通信,9424,東P,,118,-2,-1.67%,357,ー倍,4.23倍,ー%
20261002,1103,ＪＣＵ,4975,東P,,"5,950",-10,-0.17%,357,16.7倍,2.61倍,3.03%
20261002,1104,守谷輸送機,6226,東S,,"2,148",-85,-3.81%,356,17.2倍,4.94倍,1.77%
20261002,1105,イズミ,8273,東P,,939,-19,-1.98%,356,11.3倍,0.67倍,3.19%
20261002,1106,システナ,2317,東P,,424,+1,+0.24%,356,14.3倍,3.85倍,4.25%
20261002,1107,ヤマエＧＨＤ,7130,東P,,"2,635",-89,-3.27%,355,5.86倍,0.66倍,3.04%
20261002,1108,Ｋ＆Ｏエナジ,1663,東P,,"1,894",0,0.00%,355,14.9倍,0.92倍,2.32%
20261002,1109,スズデン,7480,東S,,"3,760",-100,-2.59%,355,17.2倍,2.88倍,4.68%
20261002,1110,東映,9605,東P,,"5,840",-80,-1.35%,355,29.0倍,1.24倍,0.21%
20261002,1111,ビジョン,9416,東P,,"1,040",-11,-1.05%,351,9.73倍,2.49倍,4.90%
20261002,1112,カヤバ,7242,東P,,"1,514",-41,-2.64%,349,11.4倍,0.78倍,3.57%
20261002,1113,ノエビアＨＤ,4928,東P,,"4,440",-40,-0.89%,348,18.5倍,2.97倍,5.18%
20261002,1114,アース製薬,4985,東P,,"4,565",-65,-1.40%,348,16.1倍,1.23倍,2.85%
20261002,1115,アイスタイル,3660,東P,,481,-15,-3.02%,348,32.6倍,2.02倍,0.42%
20261002,1116,ＡＤプラズマ,6668,東S,,"4,845",+30,+0.62%,348,22.4倍,2.83倍,0.62%
20261002,1117,くら寿司,2695,東P,,"1,682",-5,-0.30%,347,44.6倍,2.06倍,0.89%
20261002,1118,ＷＳＣＯＰＥ,6619,東P,,142,-2,-1.39%,346,ー倍,0.22倍,ー%
20261002,1119,イトーキ,7972,東P,,"2,406",-30,-1.23%,346,10.6倍,1.92倍,3.74%
20261002,1120,アイダ,6118,東P,,"1,208",-26,-2.11%,346,15.0倍,0.74倍,3.23%
20261002,1121,生化学,4548,東P,,571,-11,-1.89%,345,ー倍,0.42倍,3.50%
20261002,1122,日清オイリオ,2602,東P,,"1,986",-22,-1.10%,344,15.1倍,0.86倍,3.02%
20261002,1123,ＨＩＳ,9603,東P,,"1,075",-30,-2.71%,344,ー倍,1.46倍,2.33%
20261002,1124,東和薬品,4553,東P,,"3,495",-75,-2.10%,343,8.00倍,0.94倍,2.43%
20261002,1125,モスフード,8153,東P,,"3,795",-40,-1.04%,343,32.4倍,2.00倍,0.90%
20261002,1126,日本高純度,4973,東P,,"4,775",-90,-1.85%,342,12.8倍,1.25倍,4.82%
20261002,1127,エイチワン,5989,東P,,"1,389",-44,-3.07%,340,3.54倍,0.47倍,5.04%
20261002,1128,建設技研,9621,東P,,"3,355",+10,+0.30%,340,13.0倍,1.34倍,3.28%
20261002,1129,ドトル日レス,3087,東P,,"3,165",-70,-2.16%,340,17.6倍,1.25倍,1.90%
20261002,1130,わらべ日洋,2918,東P,,"2,633",-51,-1.90%,338,9.51倍,0.77倍,4.56%
20261002,1131,ＳＨＯＥＩ,7839,東P,,"2,150",-11,-0.51%,338,18.5倍,3.39倍,2.79%
20261002,1132,日精機,7287,東S,,"2,684",-31,-1.14%,337,14.5倍,0.62倍,3.35%
20261002,1133,西華産,8061,東P,,"2,951",-15,-0.51%,337,12.4倍,1.95倍,3.56%
20261002,1134,オープンＵＰ,2154,東P,,"1,995",-16,-0.80%,337,13.8倍,2.11倍,4.51%
20261002,1135,三星ベ,5192,東P,,"4,100",-70,-1.68%,335,11.6倍,1.11倍,4.71%
20261002,1136,テスＨＤ,5074,東P,,537,-4,-0.74%,335,21.1倍,0.73倍,1.79%
20261002,1137,インテグラル,5842,東G,,"2,834",-103,-3.51%,335,ー倍,1.37倍,1.31%
20261002,1138,ユトリ,5892,東G,,"2,919",-1,-0.03%,334,19.9倍,8.27倍,ー%
20261002,1139,鉄建建設,1815,東P,,"2,270",-27,-1.18%,333,10.0倍,0.83倍,5.07%
20261002,1140,スクロール,8005,東P,,"1,732",-22,-1.25%,333,12.1倍,1.48倍,5.89%
20261002,1141,三愛オブリ,8097,東P,,"2,368",-53,-2.19%,333,17.8倍,1.26倍,4.22%
20261002,1142,内海造,7018,東S,,"13,360",-210,-1.55%,333,22.6倍,1.59倍,0.30%
20261002,1143,Ｇセキュリ,4417,東G,,"5,630",+100,+1.81%,332,42.3倍,19.0倍,0.87%
20261002,1144,三桜工,6584,東P,,761,-19,-2.44%,332,18.2倍,0.56倍,3.68%
20261002,1145,コムチュア,3844,東P,,"1,265",-21,-1.63%,331,17.9倍,2.09倍,4.11%
20261002,1146,日本ライフＬ,7575,東P,,"1,486",-40,-2.62%,330,13.0倍,1.62倍,5.45%
20261002,1147,福岡リート,8968,東Ｒ,,"166,200","-2,400",-1.42%,329,19.4倍,1.27倍,4.81%
20261002,1148,野村金連動,1328,東Ｅ,,"15,580",-65,-0.42%,328,ー倍,ー倍,ー%
20261002,1149,ブックオフＧ,9278,東P,,"2,966",-84,-2.75%,328,18.6倍,2.46倍,1.35%
20261002,1150,カウリス,153A,東G,,"1,544",-126,-7.54%,327,28.5倍,6.49倍,0.36%
20261002,1151,ＡＢＥＪＡ,5574,東G,,"3,135",-30,-0.95%,326,36.9倍,5.94倍,ー%
20261002,1152,大末建,1814,東P,,"3,475",-45,-1.28%,326,9.27倍,1.40倍,5.35%
20261002,1153,ＳＦＯＯＤＳ,2292,東P,,"2,649",-49,-1.82%,325,12.9倍,0.64倍,4.15%
20261002,1154,ＯＢＡＲＡＧ,6877,東S,,"5,900",+70,+1.20%,325,11.2倍,1.10倍,2.54%
20261002,1155,エイベックス,7860,東P,,"1,212",-4,-0.33%,324,16.2倍,1.01倍,4.13%
20261002,1156,セカリテ,2681,東P,,"2,237",-59,-2.57%,324,14.8倍,0.88倍,1.52%
20261002,1157,カーリット,4275,東P,,"1,854",-53,-2.78%,324,13.3倍,1.05倍,2.27%
20261002,1158,ファンタジス,1783,東S,,80,+6,+8.11%,323,55.2倍,2.02倍,ー%
20261002,1159,フイルコン,5942,東S,,746,+18,+2.47%,323,12.4倍,0.61倍,3.75%
20261002,1160,パーカライ,4095,東P,,"1,762",-17,-0.96%,322,13.2倍,0.91倍,2.84%
20261002,1161,ＧＸＮカバコ,2865,東Ｅ,,"1,298",-6,-0.46%,322,ー倍,ー倍,ー%
20261002,1162,キャリアデザ,2410,東P,,"2,560",-66,-2.51%,321,10.6倍,2.66倍,6.25%
20261002,1163,カメイ,8037,東P,,"4,635",+40,+0.87%,320,11.8倍,0.79倍,2.93%
20261002,1164,ｉＦＴＰ年１,1305,東Ｅ,,"4,341",-50,-1.14%,320,ー倍,ー倍,ー%
20261002,1165,マックス,6454,東P,,"1,853",-17,-0.91%,320,21.6倍,2.89倍,2.16%
20261002,1166,ゴールドクレ,8871,東S,,"2,967",-108,-3.51%,319,10.4倍,0.70倍,5.39%
20261002,1167,ＰＩ,4290,東P,,668,-16,-2.34%,319,13.9倍,1.70倍,4.19%
20261002,1168,ヘリオス,4593,東G,,287,-6,-2.05%,318,ー倍,4.43倍,ー%
20261002,1169,フージャース,3284,東P,,"1,202",-20,-1.64%,318,6.83倍,0.96倍,6.24%
20261002,1170,飯野海,9119,東P,,"1,644",-36,-2.14%,318,12.4倍,1.04倍,3.22%
20261002,1171,オークネット,3964,東P,,"1,352",-19,-1.39%,317,15.7倍,4.14倍,6.07%
20261002,1172,タングス,6998,東S,,"4,120",+45,+1.10%,317,27.9倍,1.44倍,2.18%
20261002,1173,渋沢倉,9304,東P,,"2,126",+15,+0.71%,316,16.1倍,1.62倍,4.23%
20261002,1174,マイポックス,5381,東S,,"1,105",+3,+0.27%,316,17.1倍,1.69倍,0.90%
20261002,1175,渋谷工,6340,東P,,"5,590",+10,+0.18%,315,14.1倍,1.30倍,2.15%
20261002,1176,内外テック,3374,東S,,"5,030",-10,-0.20%,315,10.5倍,1.34倍,2.86%
20261002,1177,ＰＡコンサル,4071,東P,,"2,029",-19,-0.93%,315,16.4倍,4.94倍,2.46%
20261002,1178,丸三,8613,東P,,"1,214",-35,-2.80%,314,ー倍,1.51倍,ー%
20261002,1179,ホーチキ,6745,東P,,"1,914",-66,-3.33%,313,15.9倍,2.10倍,2.09%
20261002,1180,ＷＮＩウェザ,4825,東P,,"1,950",-24,-1.22%,313,22.5倍,3.63倍,2.56%
20261002,1181,ＤＧ,350A,東G,,666,-15,-2.20%,312,16.9倍,2.68倍,ー%
20261002,1182,イエロハット,9882,東P,,"1,646",-19,-1.14%,311,11.3倍,1.11倍,4.13%
20261002,1183,理計器,7734,東P,,"3,495",-95,-2.65%,311,16.6倍,1.82倍,1.72%
20261002,1184,ＧＡテクノ,3491,東G,,"1,286",+4,+0.31%,311,9.67倍,1.57倍,1.01%
20261002,1185,ｕｎｂａｎｋ,8746,東S,,114,-22,-16.18%,310,ー倍,0.49倍,ー%
20261002,1186,クリエイトＳ,3148,東P,,"3,235",-10,-0.31%,310,12.3倍,1.35倍,2.97%
20261002,1187,杏林製薬,4569,東P,,"1,065",-33,-3.01%,310,40.8倍,0.44倍,2.35%
20261002,1188,水戸,8622,東P,,865,-32,-3.57%,308,ー倍,1.20倍,ー%
20261002,1189,ＮＩＴＴＯＫ,6145,東S,,"2,847",+4,+0.14%,308,14.6倍,1.19倍,2.88%
20261002,1190,ドウシシャ,7483,東P,,"2,988",-27,-0.90%,308,12.6倍,1.13倍,3.68%
20261002,1191,ｉＦＥナ百無,2840,東Ｅ,,"2,779",-36,-1.28%,307,ー倍,ー倍,ー%
20261002,1192,カナディアン,9284,東IF,,"72,300","-1,500",-2.03%,306,11.4倍,0.71倍,8.77%
20261002,1193,サンバイオ,4592,東G,,941,-21,-2.18%,306,ー倍,6.41倍,ー%
20261002,1194,メタウォータ,9551,東P,,"3,050",-15,-0.49%,305,13.3倍,1.51倍,2.62%
20261002,1195,内田洋,8057,東P,,"2,233",-6,-0.27%,305,10.5倍,1.29倍,3.40%
20261002,1196,サムティＲ,3459,東Ｒ,,"81,900","-1,700",-2.03%,305,16.9倍,0.83倍,6.81%
20261002,1197,野村原油,1699,東Ｅ,,709.6,+13.0,+1.87%,305,ー倍,ー倍,ー%
20261002,1198,横河ブＨＤ,5911,東P,,"2,912",-19,-0.65%,305,13.9倍,0.86倍,4.46%
20261002,1199,アステリア,3853,東P,,"1,077",-12,-1.10%,304,ー倍,1.93倍,0.93%
20261002,1200,コメ兵ＨＤ,2780,東S,,"4,480",-40,-0.88%,304,8.42倍,1.26倍,2.41%
20261002,1201,菱鉛筆,7976,東P,,"3,445",+15,+0.44%,302,21.5倍,1.25倍,1.65%
20261002,1202,日本電設,1950,東P,,"3,935",-45,-1.13%,302,12.2倍,1.08倍,3.23%
20261002,1203,アルゴグラフ,7595,東P,,"1,209",-18,-1.47%,301,11.5倍,1.76倍,5.38%
20261002,1204,日東工,6651,東P,,"4,450",+45,+1.02%,301,14.6倍,1.37倍,3.46%
20261002,1205,エレコム,6750,東P,,"2,005",-13,-0.64%,301,14.1倍,1.48倍,2.89%
20261002,1206,東陽テク,8151,東P,,"1,842",-43,-2.28%,299,14.8倍,1.32倍,3.80%
20261002,1207,ムゲンＥ,3299,東S,,"1,645",-43,-2.55%,299,8.13倍,1.09倍,6.32%
20261002,1208,アトラエ,6194,東P,,919,-22,-2.34%,298,17.0倍,5.05倍,4.24%
20261002,1209,スパークス,8739,東P,,"2,644",-32,-1.20%,298,ー倍,2.57倍,4.16%
20261002,1210,セルシス,3663,東P,,"1,793",-9,-0.50%,296,19.9倍,9.89倍,2.90%
20261002,1211,ＪＵＫＩ,6440,東P,,832,-22,-2.58%,296,16.4倍,0.74倍,1.80%
20261002,1212,コーナン,7516,東P,,"4,310",-75,-1.71%,296,9.96倍,0.70倍,3.25%
20261002,1213,シーイーシー,9692,東P,,"2,219",-61,-2.68%,295,11.4倍,1.56倍,3.83%
20261002,1214,トラスコ中山,9830,東P,,"2,363",-36,-1.50%,295,10.3倍,0.81倍,2.58%
20261002,1215,プレス工,7246,東P,,964,-15,-1.53%,293,11.8倍,0.78倍,5.19%
20261002,1216,紙パル商,8032,東P,,"1,240",-10,-0.80%,293,16.9倍,1.03倍,2.90%
20261002,1217,栄研化,4549,東P,,"2,248",-59,-2.56%,292,35.8倍,1.71倍,2.58%
20261002,1218,アイサンテク,4667,東S,,"1,051",+1,+0.10%,292,30.5倍,2.66倍,1.43%
20261002,1219,旭ダイヤ,6140,東P,,"1,118",-8,-0.71%,292,14.5倍,0.84倍,3.04%
20261002,1220,インソース,6200,東P,,670,-1,-0.15%,291,12.8倍,4.03倍,5.22%
20261002,1221,網屋,4258,東G,,"5,640",+180,+3.30%,291,53.5倍,19.5倍,0.35%
20261002,1222,丸大食,2288,東P,,"2,119",-35,-1.62%,291,7.94倍,0.69倍,3.78%
20261002,1223,あいＨＤ,3076,東P,,"2,971",-39,-1.30%,290,17.6倍,1.35倍,4.71%
20261002,1224,東建コーポ,1766,東P,,"12,870",-200,-1.53%,290,9.81倍,1.24倍,3.11%
20261002,1225,浅沼組,1852,東P,,864,-18,-2.04%,289,13.3倍,1.42倍,5.21%
20261002,1226,メディシノバ,4875,東S,,280,+30,+12.00%,289,ー倍,ー倍,ー%
20261002,1227,フタバ,7241,東P,,"1,043",-27,-2.52%,288,6.65倍,0.67倍,4.31%
20261002,1228,東急ＲＥ,8957,東Ｒ,,"178,400","-2,700",-1.49%,288,29.3倍,1.35倍,4.52%
20261002,1229,スミダコーポ,6817,東P,,"1,277",-6,-0.47%,288,11.6倍,0.66倍,4.15%
20261002,1230,大王紙,3880,東P,,951,-18,-1.86%,288,12.2倍,0.64倍,1.47%
20261002,1231,日農薬,4997,東P,,"1,077",-27,-2.45%,284,11.4倍,0.95倍,3.53%
20261002,1232,オートバクス,9832,東P,,"1,533",-18,-1.16%,284,10.8倍,0.89倍,3.91%
20261002,1233,ＪＢＣＣＨＤ,9889,東P,,"1,723",-21,-1.20%,284,17.2倍,4.22倍,3.48%
20261002,1234,応用地質,9755,東P,,"2,755",-52,-1.85%,283,16.1倍,0.80倍,3.99%
20261002,1235,ＣＲＥロジ,3487,東Ｒ,,"131,800","-1,700",-1.27%,283,19.7倍,0.99倍,5.64%
20261002,1236,フォスター,6794,東P,,"3,270",+5,+0.15%,283,14.7倍,1.09倍,3.52%
20261002,1237,東邦鉛,5707,東P,,923,-7,-0.75%,282,5.06倍,0.95倍,ー%
20261002,1238,エネクス,8133,東P,,"2,238",-29,-1.28%,282,15.3倍,1.35倍,3.04%
20261002,1239,木曽路,8160,東P,,"2,289",-26,-1.12%,281,30.7倍,2.07倍,1.31%
20261002,1240,エレメンツ,5246,東G,,826,-12,-1.43%,281,90.1倍,6.39倍,ー%
20261002,1241,オリバー,619A,東S,,324,+3,+0.93%,281,12.4倍,1.84倍,5.66%
20261002,1242,タチエス,7239,東P,,"2,281",-54,-2.31%,281,9.10倍,0.72倍,5.04%
20261002,1243,ソシラ物流,2979,東Ｒ,,"97,700","-1,200",-1.21%,281,20.7倍,0.91倍,5.53%
20261002,1244,ＪＣＲファ,4552,東P,,484,-18,-3.59%,281,295倍,1.37倍,4.13%
20261002,1245,ＲＹＯＤＥＮ,8084,東P,,"2,413",-13,-0.54%,280,17.1倍,1.08倍,3.52%
20261002,1246,ソリトン,3040,東P,,"2,648",+26,+0.99%,280,18.4倍,3.46倍,2.72%
20261002,1247,サカイ引越,9039,東P,,"2,926",-7,-0.24%,279,13.5倍,1.17倍,4.00%
20261002,1248,ウイングアク,4432,東P,,"3,350",+5,+0.15%,279,15.7倍,2.55倍,3.22%
20261002,1249,品川リフラ,5351,東P,,"1,945",-58,-2.90%,279,8.46倍,0.81倍,4.88%
20261002,1250,栗本鉄,5602,東P,,"1,605",-20,-1.23%,279,12.6倍,1.00倍,3.74%
20261002,1251,ＤＭ三井製糖,2109,東P,,"3,770",-85,-2.20%,278,15.2倍,1.04倍,3.71%
20261002,1252,岡野バ,6492,東S,,"15,320",-500,-3.16%,278,17.6倍,1.78倍,0.52%
20261002,1253,タカラスタ,7981,東P,,"3,020",-20,-0.66%,278,13.3倍,0.97倍,4.11%
20261002,1254,萩原工業,7856,東P,,"2,045",-15,-0.73%,277,19.9倍,0.93倍,3.67%
20261002,1255,エスコンＪＰ,2971,東Ｒ,,"101,800","-1,800",-1.74%,276,14.6倍,0.91倍,6.88%
20261002,1256,あらた,2733,東P,,"2,523",-59,-2.29%,275,12.1倍,0.68倍,4.44%
20261002,1257,極東証券,8706,東P,,"1,741",-46,-2.57%,275,ー倍,1.05倍,ー%
20261002,1258,金先物Ｗブル,2036,東EN,,"145,550",-700,-0.48%,275,ー倍,ー倍,ー%
20261002,1259,堺化学,4078,東P,,"3,635",-85,-2.28%,275,12.7倍,0.68倍,4.40%
20261002,1260,ジョイ本田,3191,東P,,"2,236",-26,-1.15%,275,20.4倍,1.07倍,ー%
20261002,1261,ＡＯＫＩＨＤ,8214,東P,,"1,659",-27,-1.60%,274,14.0倍,1.00倍,5.42%
20261002,1262,セ硝子,4044,東P,,"4,490",-80,-1.75%,274,13.9倍,0.87倍,3.79%
20261002,1263,ベルーナ,9997,東P,,"1,038",-25,-2.35%,274,8.33倍,0.66倍,3.76%
20261002,1264,アジアパイル,5288,東P,,"1,411",-28,-1.95%,273,6.98倍,0.99倍,4.96%
20261002,1265,イーソル,4420,東S,,818,0,0.00%,273,34.5倍,2.62倍,0.18%
20261002,1266,エヌピーシー,6255,東G,,750,-19,-2.47%,272,32.7倍,1.54倍,1.33%
20261002,1267,ミズホメディ,4595,東S,,"1,693",-33,-1.91%,271,10.0倍,1.74倍,5.91%
20261002,1268,ファーマＦ,2929,東P,,678,-26,-3.69%,270,8.95倍,1.50倍,3.69%
20261002,1269,ティラド,7236,東P,,"1,466",-20,-1.35%,270,8.74倍,1.56倍,5.59%
20261002,1270,インターメス,262A,東P,,"1,662",-40,-2.35%,270,10.7倍,1.84倍,3.07%
20261002,1271,タマホーム,1419,東P,,"2,889",-20,-0.69%,269,20.9倍,2.82倍,4.50%
20261002,1272,アスタリスク,6522,東G,,"1,249",-28,-2.19%,269,ー倍,6.05倍,ー%
20261002,1273,マツモト,7901,東S,Ｓ,"1,118",+150,+15.50%,268,26.4倍,1.38倍,ー%
20261002,1274,ダイハツイン,6023,東S,,"3,320",-35,-1.04%,268,11.9倍,1.72倍,2.50%
20261002,1275,野村外国債Ｈ,2512,東Ｅ,,704.7,+2.3,+0.33%,267,ー倍,ー倍,ー%
20261002,1276,Ａ＆Ｄホロン,7745,東P,,"2,900",-115,-3.81%,267,17.7倍,1.60倍,2.07%
20261002,1277,ＡＳＢ機械,6284,東P,,"8,270",-260,-3.05%,267,13.6倍,1.91倍,2.90%
20261002,1278,佐藤商,8065,東P,,"2,935",-39,-1.31%,267,7.51倍,0.78倍,3.58%
20261002,1279,長谷川香料,4958,東P,,"3,255",-95,-2.84%,265,18.1倍,0.98倍,3.07%
20261002,1280,カーブスＨＤ,7085,東P,,895,-15,-1.65%,265,16.4倍,3.33倍,3.35%
20261002,1281,エスコン,8892,東P,,"1,044",-19,-1.79%,264,7.15倍,1.22倍,5.08%
20261002,1282,極洋,1301,東P,,"4,500",-80,-1.75%,262,7.42倍,0.68倍,3.56%
20261002,1283,イメージ情報,3803,東G,,611,-113,-15.61%,261,ー倍,3.38倍,ー%
20261002,1284,アイザワ証Ｇ,8708,東P,,"1,629",-51,-3.04%,261,ー倍,1.06倍,ー%
20261002,1285,ｉＦナ百Ｗブ,2869,東Ｅ,,"3,118",-64,-2.01%,260,ー倍,ー倍,ー%
20261002,1286,トリプラ,5136,東G,,"2,394",-120,-4.77%,260,18.6倍,6.24倍,ー%
20261002,1287,荒川化,4968,東P,,"2,320",-57,-2.40%,259,20.5倍,0.71倍,2.37%
20261002,1288,小森,6349,東P,,"1,937",-17,-0.87%,259,14.0倍,0.80倍,5.16%
20261002,1289,乃村工芸社,9716,東P,,"1,212",-21,-1.70%,258,14.6倍,2.32倍,3.63%
20261002,1290,スターツ,8850,東P,,"4,510",-130,-2.80%,258,8.22倍,1.12倍,3.33%
20261002,1291,ギフティＧ,590A,東P,,"1,106",-12,-1.07%,258,ー倍,3.56倍,1.45%
20261002,1292,冶金工,5480,東P,,"5,290",+10,+0.19%,258,8.15倍,0.71倍,4.16%
20261002,1293,アズーム,3496,東P,,"4,640",-150,-3.13%,258,26.0倍,9.07倍,2.72%
20261002,1294,新晃工,6458,東P,,"1,200",-21,-1.72%,257,11.2倍,1.23倍,4.17%
20261002,1295,東鉄工,1835,東P,,"3,780",-55,-1.43%,257,10.0倍,0.99倍,4.02%
20261002,1296,原油先物ベア,2039,東EN,,441,-10,-2.22%,256,ー倍,ー倍,ー%
20261002,1297,三陽商,8011,東P,,"1,284",-31,-2.36%,256,8.47倍,0.88倍,4.78%
20261002,1298,共英製鋼,5440,東P,,"1,866",-45,-2.35%,256,9.65倍,0.38倍,3.75%
20261002,1299,藤コンポ,5121,東P,,"2,975",-40,-1.33%,255,14.4倍,1.38倍,2.89%
20261002,1300,合同鉄,5410,東P,,"2,865",-38,-1.31%,254,9.57倍,0.29倍,3.49%
20261002,1301,ＧＭＯ－ＦＨ,7177,東S,,"1,150",-29,-2.46%,254,ー倍,2.40倍,4.96%
20261002,1302,シークス,7613,東P,,"1,601",-28,-1.72%,253,9.21倍,0.69倍,3.12%
20261002,1303,コロプラ,3668,東P,,408,-16,-3.77%,253,ー倍,0.78倍,ー%
20261002,1304,マリモリート,3470,東Ｒ,,"94,000","-1,800",-1.88%,252,15.1倍,0.88倍,7.58%
20261002,1305,セグエＧ,3968,東P,,692,-5,-0.72%,252,15.8倍,3.34倍,2.60%
20261002,1306,ローランド,7944,東P,,"3,650",-45,-1.22%,252,13.4倍,2.22倍,4.66%
20261002,1307,日金銭,6418,東P,,"1,251",0,0.00%,251,14.8倍,0.92倍,3.68%
20261002,1308,クオールＨＤ,3034,東P,,"2,355",0,0.00%,251,11.4倍,1.49倍,2.29%
20261002,1309,ｉＳ仏国債Ｈ,2259,東Ｅ,,170.3,-0.6,-0.35%,250,ー倍,ー倍,ー%
20261002,1310,ＧＸ超短米債,133A,東Ｅ,,"1,061",+1,+0.09%,250,ー倍,ー倍,ー%
20261002,1311,ユアテック,1934,東P,,"2,517",-36,-1.41%,250,13.1倍,1.12倍,3.10%
20261002,1312,マクセル,6810,東P,,"2,592",-11,-0.42%,249,14.3倍,1.06倍,2.16%
20261002,1313,フジ,8278,東P,,"1,973",-36,-1.79%,249,24.4倍,0.76倍,1.52%
20261002,1314,ＫＰＰＧＨＤ,9274,東P,,"1,122",-15,-1.32%,247,13.6倍,0.75倍,3.57%
20261002,1315,三洋貿易,3176,東P,,"1,175",-1,-0.09%,246,11.3倍,1.21倍,3.40%
20261002,1316,ヒーハイスト,6433,東S,,"1,220",-71,-5.50%,246,82.7倍,3.62倍,0.16%
20261002,1317,東京エネシス,1945,東P,,"2,088",-22,-1.04%,246,13.3倍,0.96倍,3.69%
20261002,1318,パソナＧ,2168,東P,,"1,492",-32,-2.10%,246,ー倍,0.44倍,5.03%
20261002,1319,帝国繊維,3302,東P,,"2,937",-68,-2.26%,245,19.8倍,1.02倍,2.21%
20261002,1320,宮地エンジ,3431,東P,,"1,494",-14,-0.93%,245,19.5倍,0.94倍,5.02%
20261002,1321,エスリード,8877,東P,,"4,940",-110,-2.18%,244,6.63倍,0.92倍,4.86%
20261002,1322,トーモク,3946,東P,,"4,385",-70,-1.57%,244,8.77倍,0.69倍,3.88%
20261002,1323,ＴＫＣ,9746,東P,,"4,015",-65,-1.59%,243,15.3倍,1.77倍,3.14%
20261002,1324,リケンＮＰＲ,6209,東P,,"3,835",-80,-2.04%,243,11.5倍,0.62倍,5.48%
20261002,1325,アークス,9948,東P,,"3,565",-25,-0.70%,241,15.3倍,0.97倍,2.30%
20261002,1326,信越ポリ,7970,東P,,"2,406",-46,-1.88%,241,18.4倍,1.49倍,2.74%
20261002,1327,ミラースＨＤ,8897,東P,,428,-10,-2.28%,241,7.15倍,0.69倍,5.37%
20261002,1328,鴻池運輸,9025,東P,,"2,764",-34,-1.22%,239,10.5倍,0.91倍,3.98%
20261002,1329,トーエネク,1946,東P,,"2,128",-14,-0.65%,239,11.1倍,1.27倍,3.57%
20261002,1330,日セラ,6929,東P,,"3,665",-80,-2.14%,239,15.8倍,1.61倍,4.50%
20261002,1331,ＵＳＭＨ,3222,東S,,802,-11,-1.35%,238,"1,114倍",0.81倍,2.00%
20261002,1332,ブロドリーフ,3673,東P,,464,-7,-1.49%,238,26.3倍,3.34倍,1.67%
20261002,1333,アバール,6918,東S,,"4,355",-60,-1.36%,237,13.4倍,1.17倍,2.43%
20261002,1334,スターツプロ,8979,東Ｒ,,"177,700","-6,300",-3.42%,237,17.6倍,1.04倍,6.13%
20261002,1335,イワキポンプ,6237,東P,,"4,100",+15,+0.37%,237,17.7倍,2.17倍,2.24%
20261002,1336,日ヒュム,5262,東P,,"1,082",-17,-1.55%,236,16.2倍,1.02倍,2.40%
20261002,1337,双葉電,6986,東P,,704,-31,-4.22%,236,ー倍,0.36倍,ー%
20261002,1338,シグマ光機,7713,東S,,"2,580",+80,+3.20%,236,18.7倍,0.98倍,1.94%
20261002,1339,東京鉄,5445,東P,,"1,950",-51,-2.55%,235,6.87倍,0.77倍,5.13%
20261002,1340,セントラルＲ,3488,東Ｒ,,"105,200",0,0.00%,234,15.7倍,1.05倍,6.36%
20261002,1341,コスピブル,2033,東EN,,"79,930","+1,050",+1.33%,234,ー倍,ー倍,ー%
20261002,1342,キーコーヒー,2594,東P,,"1,940",-23,-1.17%,234,55.4倍,1.29倍,0.62%
20261002,1343,ＷＯＷＯＷ,4839,東P,,941,-24,-2.49%,233,45.8倍,0.40倍,3.19%
20261002,1344,オイレス,6282,東P,,"2,779",-51,-1.80%,233,15.6倍,0.98倍,3.42%
20261002,1345,レナ,4889,東G,,"1,103",-27,-2.39%,233,ー倍,4.71倍,ー%
20261002,1346,ユニソルＨＤ,7128,東P,,"2,922",-4,-0.14%,233,33.0倍,0.95倍,6.19%
20261002,1347,日本管財ＨＤ,9347,東P,,"2,800",-61,-2.13%,233,13.9倍,1.33倍,2.14%
20261002,1348,くすりの窓口,5592,東G,,"2,502",-36,-1.42%,233,9.02倍,2.46倍,1.60%
20261002,1349,ジーテクト,5970,東P,,"2,181",-53,-2.37%,232,7.18倍,0.41倍,4.49%
20261002,1350,クレスコ,4674,東P,,"1,950",+15,+0.78%,232,13.9倍,2.30倍,4.10%
20261002,1351,上場半導体株,213A,東Ｅ,,437.0,-1.0,-0.23%,231,ー倍,ー倍,ー%
20261002,1352,アズワン,7476,東P,,"2,455.5",-37.0,-1.48%,230,19.5倍,2.39倍,2.69%
20261002,1353,サイバダイン,7779,東G,,221,-10,-4.33%,229,ー倍,0.74倍,ー%
20261002,1354,アイチコーポ,6345,東P,,"1,430",-8,-0.56%,229,13.8倍,1.24倍,4.55%
20261002,1355,ＶＴＨＤ,7593,東P,,510,-10,-1.92%,227,8.27倍,0.82倍,4.71%
20261002,1356,グロービング,277A,東P,,"1,837",-9,-0.49%,227,15.5倍,6.86倍,1.94%
20261002,1357,ＳＲＳＨＤ,8163,東P,,"1,407",+15,+1.08%,226,32.3倍,3.29倍,0.71%
20261002,1358,清水銀,8364,東P,,"3,240",+5,+0.15%,225,14.7倍,0.45倍,1.85%
20261002,1359,ＨＰＣシス,6597,東G,,"3,790",-100,-2.57%,225,23.6倍,6.07倍,0.95%
20261002,1360,石原ケミ,4462,東P,,"2,950",-34,-1.14%,225,14.6倍,1.58倍,1.63%
20261002,1361,東プレ,5975,東P,,"3,265",-100,-2.97%,225,10.5倍,0.64倍,3.06%
20261002,1362,サガミＨＤ,9900,東P,,"1,067",-20,-1.84%,225,53.9倍,3.27倍,0.56%
20261002,1363,ニッピ,7932,東S,,"11,120",-170,-1.51%,224,11.1倍,0.78倍,6.30%
20261002,1364,上場高配５０,399A,東Ｅ,,"2,270",-40,-1.73%,223,ー倍,ー倍,ー%
20261002,1365,福田組,1899,東P,,"4,735",-120,-2.47%,222,11.8倍,0.82倍,2.96%
20261002,1366,Ｇｅｎｋｙ,9267,東P,,"3,420",-40,-1.16%,221,12.7倍,1.71倍,0.38%
20261002,1367,船井総研ＨＤ,9757,東P,,"1,165",-8,-0.68%,221,16.6倍,4.10倍,4.12%
20261002,1368,大戸屋ＨＤ,2705,東S,,"8,680",+260,+3.09%,220,45.1倍,14.7倍,0.23%
20261002,1369,エスペック,6859,東P,,"4,110",-55,-1.32%,220,14.6倍,1.44倍,2.80%
20261002,1370,ニチハ,7943,東P,,"2,797",-60,-2.10%,220,11.4倍,0.74倍,4.33%
20261002,1371,イー・ギャラ,8771,東P,,"1,709",-26,-1.50%,220,20.0倍,3.90倍,4.92%
20261002,1372,４℃ホールデ,8008,東P,,"2,109",+6,+0.29%,219,17.1倍,1.13倍,4.03%
20261002,1373,ハマキョウ,9037,東P,,"1,759",-31,-1.73%,219,12.1倍,1.31倍,2.62%
20261002,1374,太平電,1968,東P,,"2,426",-35,-1.42%,219,12.8倍,1.22倍,3.09%
20261002,1375,ニッテン,2108,東P,,"1,793",-19,-1.05%,219,13.0倍,0.82倍,5.02%
20261002,1376,ＭＸ米株ＳＰ,2558,東Ｅ,,"3,490",-21,-0.60%,219,ー倍,ー倍,ー%
20261002,1377,セイワＨＤ,523A,東G,,"1,968",+5,+0.25%,219,ー倍,6.00倍,ー%
20261002,1378,ＡＳＮＯＶＡ,640A,東G,,413,-27,-6.14%,219,ー倍,1.74倍,0.48%
20261002,1379,ニッタ,5186,東P,,"6,570",-160,-2.38%,219,12.0倍,1.07倍,2.59%
20261002,1380,スターゼン,8043,東P,,"1,460",-39,-2.60%,218,9.65倍,0.86倍,3.56%
20261002,1381,ノーリツ,5943,東P,,"2,149",-32,-1.47%,217,11.4倍,0.69倍,4.37%
20261002,1382,トレファク,3093,東P,,"1,939",-34,-1.72%,217,12.8倍,3.38倍,2.37%
20261002,1383,第一実,8059,東P,,"3,500",-35,-0.99%,216,11.7倍,1.19倍,3.57%
20261002,1384,野村メモリ,639A,東Ｅ,,209.4,+1.8,+0.87%,216,ー倍,ー倍,ー%
20261002,1385,山岡家,3399,東S,,"3,845",0,0.00%,216,20.7倍,6.85倍,0.78%
20261002,1386,テセック,6337,東S,,"3,810",+15,+0.40%,215,18.6倍,1.35倍,2.62%
20261002,1387,京三,6742,東P,,"1,132",+4,+0.35%,215,16.6倍,1.29倍,2.39%
20261002,1388,加藤産,9869,東P,,"6,560",0,0.00%,214,13.9倍,1.15倍,2.44%
20261002,1389,ＶＩＸＥＴＦ,318A,東Ｅ,,346.0,+4.6,+1.35%,213,ー倍,ー倍,ー%
20261002,1390,フィデアＨＤ,8713,東P,,"2,849",+14,+0.49%,213,16.0倍,0.56倍,2.63%
20261002,1391,川田テク,3443,東P,,"1,360",-14,-1.02%,212,9.64倍,0.70倍,3.09%
20261002,1392,ｉＳ米２０Ｈ,2621,東Ｅ,,947,+1,+0.11%,211,ー倍,ー倍,ー%
20261002,1393,ネットプロ,7383,東P,,371,-10,-2.62%,211,16.9倍,1.71倍,ー%
20261002,1394,阪急阪神Ｒ,8977,東Ｒ,,"126,900","-1,400",-1.09%,210,19.5倍,1.01倍,5.36%
20261002,1395,帝ホテル,9708,東S,,931,-9,-0.96%,210,59.6倍,2.25倍,0.64%
20261002,1396,大真空,6962,東P,,880,-5,-0.56%,210,280倍,0.72倍,3.18%
20261002,1397,野村金融,1632,東Ｅ,,"41,900",-950,-2.22%,209,ー倍,ー倍,ー%
20261002,1398,ブロンコＢ,3091,東P,,"2,866",-17,-0.59%,209,32.9倍,3.75倍,0.70%
20261002,1399,ＶＬＣセキュ,2467,名N,,204,+1,+0.49%,208,14.1倍,2.65倍,ー%
20261002,1400,テレ東ＨＤ,9413,東P,,"3,250",-50,-1.52%,208,10.9倍,0.82倍,3.08%
20261002,1401,西部ガスＨＤ,9536,東P,,"2,425",-34,-1.38%,208,10.9倍,0.71倍,2.89%
20261002,1402,文化シヤタ,5930,東P,,"1,808",-28,-1.53%,208,9.78倍,1.09倍,4.09%
20261002,1403,ＡＢ＆Ｃ,9251,東G,,"1,508",-46,-2.96%,208,14.6倍,2.28倍,3.98%
20261002,1404,丸全運,9068,東P,,"3,540",-40,-1.12%,207,10.5倍,0.94倍,3.11%
20261002,1405,持田薬,4534,東P,,"3,090",-90,-2.83%,207,10.9倍,0.77倍,2.75%
20261002,1406,特種東海,3708,東P,,"2,093",-55,-2.56%,207,15.5倍,0.84倍,4.49%
20261002,1407,ＡＫＩＢＡ,6840,東S,,886,-11,-1.23%,206,ー倍,1.74倍,ー%
20261002,1408,千葉興,8337,東P,,"2,722",-53,-1.91%,206,17.6倍,1.02倍,0.73%
20261002,1409,テリロジＨＤ,5133,東S,,331,+15,+4.75%,206,12.9倍,1.74倍,1.63%
20261002,1410,ヨシックス,3221,東P,,"2,929",-86,-2.85%,205,12.6倍,2.19倍,1.09%
20261002,1411,シグマクシス,6088,東P,,575,-6,-1.03%,204,10.4倍,3.58倍,4.52%
20261002,1412,新日本科学,2395,東P,,"1,293",-30,-2.27%,203,15.4倍,1.29倍,3.87%
20261002,1413,ＢＵＦ,6676,東S,,"3,605",+15,+0.42%,203,13.8倍,1.93倍,1.66%
20261002,1414,トヨカネツ,6369,東P,,"2,335",-18,-0.76%,202,12.8倍,0.87倍,4.50%
20261002,1415,アキレス,5142,東P,,"1,947",+1,+0.05%,202,12.1倍,0.60倍,2.57%
20261002,1416,カッパクリエ,7421,東P,,"1,506",+8,+0.53%,202,79.4倍,7.88倍,ー%
20261002,1417,クオンツ総研,9552,東P,,"1,000",-22,-2.15%,202,14.9倍,13.5倍,ー%
20261002,1418,ＥＤＰ,7794,東G,,"1,042",+14,+1.36%,201,ー倍,8.00倍,ー%
20261002,1419,ニレコ,6863,東S,,"1,064",-36,-3.27%,201,15.3倍,1.36倍,3.29%
20261002,1420,大黒天,2791,東P,,"4,340",-65,-1.48%,201,12.4倍,0.95倍,0.90%
20261002,1421,昭和産,2004,東P,,"3,690",-40,-1.07%,200,12.6倍,0.79倍,3.79%
20261002,1422,アクシアル,8255,東P,,"1,273",-11,-0.86%,200,13.8倍,1.17倍,2.28%
20261002,1423,高速,7504,東P,,"4,510",-20,-0.44%,199,21.8倍,2.05倍,2.66%
20261002,1424,コジマ,7513,東P,,"1,435",-29,-1.98%,199,20.9倍,1.50倍,1.95%
20261002,1425,Ｔ＆Ｇニーズ,4331,東P,,856,-20,-2.28%,199,15.6倍,0.69倍,4.67%
20261002,1426,高砂香,4914,東P,,"1,252",-34,-2.64%,198,13.0倍,0.78倍,4.15%
20261002,1427,プレイド,4165,東G,,707,+13,+1.87%,197,59.5倍,5.61倍,ー%
20261002,1428,ＩＭＶ,7760,東S,,"2,125",+9,+0.43%,197,18.3倍,2.58倍,1.41%
20261002,1429,中部鋼鈑,5461,東P,,"2,110",-3,-0.14%,196,185倍,0.76倍,5.36%
20261002,1430,ビーエンジ,4828,東P,,"1,304",-47,-3.48%,196,16.9倍,4.66倍,3.22%
20261002,1431,ハローズ,2742,東P,,"3,660",-80,-2.14%,196,9.02倍,0.97倍,1.97%
20261002,1432,ＧＸテック日,2854,東Ｅ,,"2,867",-9,-0.31%,196,ー倍,ー倍,ー%
20261002,1433,ＳＰＤＲ,1326,東Ｅ,,"60,570",-190,-0.31%,196,ー倍,ー倍,ー%
20261002,1434,ホクト,1379,東P,,"2,018",-31,-1.51%,195,12.1倍,0.98倍,3.07%
20261002,1435,トレイダーズ,8704,東S,,"1,385",-53,-3.69%,195,7.66倍,1.79倍,3.25%
20261002,1436,技研製,6289,東P,,"2,031",+8,+0.40%,194,23.4倍,1.32倍,2.66%
20261002,1437,シュッピン,3179,東P,,"1,281",+1,+0.08%,193,14.7倍,2.94倍,3.12%
20261002,1438,グリーＨＤ,3632,東P,,415,-7,-1.66%,192,ー倍,0.75倍,5.30%
20261002,1439,アーレスティ,5852,東P,,632,-16,-2.47%,192,ー倍,0.28倍,5.38%
20261002,1440,ワキタ,8125,東P,,"1,907",-17,-0.88%,192,26.3倍,0.98倍,5.24%
20261002,1441,三菱紙,3864,東P,,"1,223",-27,-2.16%,191,8.25倍,0.52倍,1.64%
20261002,1442,シンデンハイ,3131,東S,,"7,940",-130,-1.61%,191,7.48倍,1.90倍,2.96%
20261002,1443,セプテニＨＤ,4293,東S,,493,-10,-1.99%,191,16.8倍,1.54倍,3.65%
20261002,1444,ＬｉＮＫＸ,584A,東G,,"2,432",+72,+3.05%,191,35.0倍,9.91倍,ー%
20261002,1445,ＡＣＣＥＳＳ,4813,東P,,422,-17,-3.87%,190,26.0倍,2.61倍,ー%
20261002,1446,石井表記,6336,東S,,"1,614",+89,+5.84%,190,12.1倍,1.15倍,2.54%
20261002,1447,松尾電,6969,東S,,"1,178",+110,+10.30%,189,9.61倍,1.21倍,1.27%
20261002,1448,ＫＬａｂ,3656,東P,,177,-3,-1.67%,188,ー倍,1.29倍,ー%
20261002,1449,荏原実業,6328,東P,,"2,474",-30,-1.20%,187,12.9倍,1.78倍,3.03%
20261002,1450,児玉化,4222,東S,,642,-11,-1.68%,187,7.14倍,0.35倍,1.56%
20261002,1451,アルペン,3028,東P,,"2,341",-38,-1.60%,186,14.2倍,0.71倍,2.56%
20261002,1452,グリムス,3150,東P,,"2,345",-43,-1.80%,186,10.1倍,2.81倍,3.97%
20261002,1453,北里,368A,東P,,"1,367",-39,-2.77%,186,13.5倍,2.75倍,3.00%
20261002,1454,ｉＳ気候債Ｈ,2853,東Ｅ,,600.0,+3.0,+0.50%,186,ー倍,ー倍,ー%
20261002,1455,ＡＤＷＧ,2982,東P,,404,-10,-2.42%,185,6.46倍,0.90倍,4.95%
20261002,1456,ベクターＨＤ,2656,東S,,160,+4,+2.56%,185,15.5倍,3.59倍,ー%
20261002,1457,新東工,6339,東P,,"1,119",-33,-2.86%,185,10.5倍,0.51倍,4.29%
20261002,1458,シリコンスタ,3907,東S,,"1,888",-92,-4.65%,184,ー倍,3.24倍,ー%
20261002,1459,チェンジＨＤ,3962,東P,,996,-19,-1.87%,184,9.89倍,1.53倍,2.61%
20261002,1460,ＣＥＨＤ,4320,東S,,"1,629",-1,-0.06%,183,31.2倍,3.33倍,ー%
20261002,1461,安田倉,9324,東P,,"2,584",-21,-0.81%,183,11.9倍,0.71倍,2.86%
20261002,1462,ＴＰＲ,6463,東P,,"1,494",-32,-2.10%,183,10.9倍,0.54倍,4.02%
20261002,1463,ハイレックス,7279,東S,,"2,405",+1,+0.04%,183,2.37倍,0.40倍,3.33%
20261002,1464,助川電気,7711,東S,,"5,060",-50,-0.98%,183,30.9倍,4.99倍,1.03%
20261002,1465,ＤｙＤｏ,2590,東P,,"2,852",-63,-2.16%,183,15.1倍,1.31倍,1.05%
20261002,1466,日経インバ,1571,東Ｅ,,283,+1,+0.35%,182,ー倍,ー倍,ー%
20261002,1467,ＤＮＣ,4246,東P,,"1,055",-11,-1.03%,182,6.75倍,0.76倍,5.50%
20261002,1468,ＨＥＲＯＺ,4382,東S,,854,-2,-0.23%,182,50.8倍,2.65倍,ー%
20261002,1469,丸文,7537,東P,,"1,882",-36,-1.88%,182,12.4倍,0.86倍,4.09%
20261002,1470,菱製鋼,5632,東P,,"2,395",-56,-2.28%,181,11.7倍,0.74倍,4.34%
20261002,1471,カーボン,5302,東P,,"5,170",0,0.00%,179,20.2倍,1.00倍,3.87%
20261002,1472,ＴＯＲＥＸ,6616,東P,,"2,000",-60,-2.91%,179,13.2倍,1.08倍,2.80%
20261002,1473,エスケーエレ,6677,東S,,"3,105",-30,-0.96%,179,10.1倍,0.86倍,4.90%
20261002,1474,日本信号,6741,東P,,"1,763",-42,-2.33%,179,11.0倍,0.97倍,3.18%
20261002,1475,Ｊオイル,2613,東P,,"2,168",-52,-2.34%,179,14.4倍,0.65倍,3.69%
20261002,1476,ヤマタネ,9305,東P,,"1,985",-30,-1.49%,179,9.58倍,0.67倍,4.28%
20261002,1477,アルビス,7475,東P,,"3,770",0,0.00%,179,27.0倍,0.95倍,ー%
20261002,1478,ホクシン,7897,東S,,115,+3,+2.68%,178,25.1倍,0.56倍,1.74%
20261002,1479,亀田製菓,2220,東P,,"1,221",-17,-1.37%,178,18.0倍,0.74倍,1.97%
20261002,1480,Ｏｎｅリート,3290,東Ｒ,,"75,300",+100,+0.13%,177,15.4倍,1.19倍,6.48%
20261002,1481,新日本電工,5563,東P,,436,-8,-1.80%,177,109倍,0.80倍,3.90%
20261002,1482,パイオラック,5988,東P,,"1,635",-52,-3.08%,177,55.8倍,0.61倍,5.63%
20261002,1483,沖縄電,9511,東P,,"1,155",-17,-1.45%,177,18.5倍,0.51倍,4.33%
20261002,1484,松屋フーズ,9887,東P,,"5,130",-20,-0.39%,177,27.8倍,1.82倍,0.51%
20261002,1485,ＧＸ銀行高配,315A,東Ｅ,,"1,932",-40,-2.03%,177,ー倍,ー倍,ー%
20261002,1486,ｉＦ高配５０,354A,東Ｅ,,"3,270",-50,-1.51%,177,ー倍,ー倍,ー%
20261002,1487,ワタミ,7522,東P,,867,-7,-0.80%,176,ー倍,1.96倍,ー%
20261002,1488,野村コア３０,1311,東Ｅ,,"2,140",-44,-2.01%,176,ー倍,ー倍,ー%
20261002,1489,リオン,6823,東P,,"3,375",-35,-1.03%,176,12.1倍,1.18倍,2.67%
20261002,1490,椿本興,8052,東P,,"2,993",+3,+0.10%,176,10.4倍,1.07倍,3.01%
20261002,1491,サンワテク,8137,東P,,"4,745",-75,-1.56%,176,17.7倍,1.32倍,2.74%
20261002,1492,島精機,6222,東P,,881,-23,-2.54%,176,33.2倍,0.36倍,2.27%
20261002,1493,Ｉｎｅ,4933,東P,,"2,141",-42,-1.92%,175,ー倍,2.15倍,0.70%
20261002,1494,世紀東急,1898,東P,,"1,442",-13,-0.89%,175,11.3倍,1.23倍,5.20%
20261002,1495,じもとＨＤ,7161,東S,,675,-6,-0.88%,175,5.27倍,1.92倍,0.74%
20261002,1496,ＹＵＡＳＡ,8074,東P,,"6,190",-50,-0.80%,175,11.3倍,1.06倍,3.07%
20261002,1497,神鋼商,8075,東P,,"3,110",-50,-1.58%,175,8.65倍,0.80倍,4.44%
20261002,1498,日本空調,4658,東P,,"1,541",-8,-0.52%,175,13.7倍,1.70倍,3.70%
20261002,1499,霞ヶ関ホテル,401A,東Ｒ,,"95,300","-1,700",-1.75%,175,14.8倍,0.96倍,7.23%
20261002,1500,静ガス,9543,東P,,"1,291",-1,-0.08%,175,10.7倍,0.69倍,3.49%
20261002,1501,北越コーポ,3865,東P,,868,-17,-1.92%,174,27.6倍,0.55倍,3.00%
20261002,1502,バイタルＫＳ,3151,東P,,"1,526",-39,-2.49%,174,9.66倍,0.63倍,4.59%
20261002,1503,ケミプロ,4960,東S,,530,-28,-5.02%,174,53.4倍,1.72倍,0.57%
20261002,1504,バンドー,5195,東P,,"2,450",-60,-2.39%,174,12.4倍,1.06倍,4.08%
20261002,1505,ＳＢＩＩＧ,7326,東G,,"2,105",-35,-1.64%,174,14.4倍,1.04倍,2.80%
20261002,1506,ボードルア,4413,東P,,"2,953",-14,-0.47%,173,29.4倍,11.4倍,ー%
20261002,1507,インターアク,7725,東P,,"1,806",-61,-3.27%,172,17.5倍,1.70倍,3.05%
20261002,1508,ピーエス,1871,東P,,"2,082",-31,-1.47%,172,12.5倍,1.52倍,4.85%
20261002,1509,ハードオフ,2674,東P,,"2,528",-118,-4.46%,171,10.7倍,1.77倍,3.64%
20261002,1510,ビーロット,3452,東S,,"1,393",-52,-3.60%,171,5.25倍,1.18倍,5.74%
20261002,1511,ＪＭＨＤ,3539,東P,,"1,468",0,0.00%,171,11.2倍,1.52倍,1.77%
20261002,1512,ユニプレス,5949,東P,,"1,278",-24,-1.84%,171,12.7倍,0.43倍,5.48%
20261002,1513,住友精化,4008,東P,,"1,485",-19,-1.26%,171,11.9倍,0.90倍,4.71%
20261002,1514,理ビタ,4526,東P,,"3,075",-30,-0.97%,170,11.7倍,1.04倍,3.58%
20261002,1515,リソー教育Ｇ,4714,東P,,206,-3,-1.44%,170,20.7倍,3.40倍,4.85%
20261002,1516,ＮＪＳ,2325,東P,,"4,625",+95,+2.10%,170,18.0倍,1.43倍,2.38%
20261002,1517,ＤＭＳ,9782,東S,,"3,205",-35,-1.08%,170,15.9倍,1.12倍,7.24%
20261002,1518,北ガス,9534,東P,,850,-2,-0.23%,169,7.89倍,0.75倍,3.18%
20261002,1519,ニッケ,3201,東P,,"1,898",-41,-2.11%,169,13.0倍,0.91倍,2.63%
20261002,1520,カワチ薬品,2664,東P,,"3,790",+15,+0.40%,168,27.5倍,0.72倍,2.64%
20261002,1521,オリエン白石,1786,東P,,336,-4,-1.18%,168,15.7倍,0.82倍,4.32%
20261002,1522,マースＧＨＤ,6419,東P,,"3,015",-30,-0.99%,168,7.77倍,0.61倍,4.98%
20261002,1523,モリタＨＤ,6455,東P,,"2,397",-31,-1.28%,168,10.2倍,0.97倍,3.34%
20261002,1524,日本国土開発,1887,東P,,523,-12,-2.24%,168,10.4倍,0.59倍,4.78%
20261002,1525,エネクスＩＦ,9286,東IF,,"42,800",-700,-1.61%,167,14.5倍,0.52倍,7.07%
20261002,1526,犬猫生活,556A,東G,,"2,987",-23,-0.76%,167,17.5倍,3.80倍,ー%
20261002,1527,Ａクリエイト,8798,東P,,88,-1,-1.12%,167,ー倍,-12倍,ー%
20261002,1528,ポールＨＤ,3657,東P,,332,-19,-5.41%,166,16.8倍,1.40倍,4.82%
20261002,1529,日比谷設,1982,東P,,"3,195",-25,-0.78%,166,15.2倍,1.83倍,3.44%
20261002,1530,フィードワン,2060,東P,,"1,395",-34,-2.38%,166,8.21倍,0.85倍,3.73%
20261002,1531,不動テトラ,1813,東P,,"2,920",-29,-0.98%,165,13.8倍,1.19倍,3.94%
20261002,1532,あすか薬ＨＤ,4886,東P,,"2,030",-21,-1.02%,165,12.0倍,0.82倍,3.20%
20261002,1533,イオンファン,4343,東P,,"2,643",-62,-2.29%,165,17.4倍,6.67倍,0.76%
20261002,1534,北川鉄,6317,東S,,"2,506",-32,-1.26%,164,6.97倍,0.50倍,4.39%
20261002,1535,四電工,1939,東P,,"2,233",-45,-1.98%,164,16.0倍,1.50倍,3.76%
20261002,1536,トーホー,8142,東P,,"1,387",-17,-1.21%,164,9.22倍,1.22倍,4.40%
20261002,1537,あさひ,3333,東P,,"1,263",-15,-1.17%,164,12.1倍,0.79倍,3.96%
20261002,1538,中発条,5992,東S,,"3,580",-105,-2.85%,164,37.6倍,1.04倍,2.51%
20261002,1539,ＩＢＪ,6071,東P,,883,-19,-2.11%,164,13.3倍,3.05倍,2.15%
20261002,1540,エニマインド,5027,東G,,806,-22,-2.66%,163,29.3倍,2.71倍,0.25%
20261002,1541,マミーマート,9823,東S,,967,-20,-2.03%,163,9.13倍,1.05倍,2.19%
20261002,1542,アネスト岩田,6381,東P,,"1,846",-48,-2.53%,162,18.0倍,1.42倍,5.04%
20261002,1543,フィンテック,8789,東S,,153,-3,-1.92%,162,6.27倍,1.95倍,3.27%
20261002,1544,Ｓイノベ,4178,東G,,929,+59,+6.78%,161,87.0倍,2.11倍,ー%
20261002,1545,チャームケア,6062,東P,,"1,369",-39,-2.77%,161,11.0倍,1.94倍,3.51%
20261002,1546,サンマルク,3395,東P,,"2,427",-55,-2.22%,161,18.0倍,1.67倍,2.22%
20261002,1547,ＧＭＳ,544A,東P,,320,-2,-0.62%,161,3.07倍,0.36倍,ー%
20261002,1548,ゲンキＧＤＣ,9828,東S,,"3,205",-20,-0.62%,160,17.2倍,2.85倍,2.18%
20261002,1549,富士製薬,4554,東P,,"1,720",-44,-2.49%,160,20.1倍,0.87倍,2.85%
20261002,1550,東インキ,4635,東S,,"1,965",-65,-3.20%,159,9.16倍,0.77倍,4.83%
20261002,1551,宝＆ＣＯ,7921,東P,,"4,090",+40,+0.99%,159,15.1倍,1.58倍,4.40%
20261002,1552,クラウドＷ,3900,東G,,668,-5,-0.74%,159,ー倍,1.64倍,ー%
20261002,1553,新電元,6844,東P,,"3,055",-25,-0.81%,159,11.5倍,0.42倍,3.27%
20261002,1554,日ギア,6356,東S,,"1,355",-26,-1.88%,158,11.0倍,1.29倍,0.74%
20261002,1555,ガリレイ,6420,東P,,"3,340",-40,-1.18%,158,10.8倍,1.19倍,2.66%
20261002,1556,エスケー化研,4628,東S,,"10,180",+10,+0.10%,158,14.5倍,0.78倍,1.77%
20261002,1557,農中４００,2526,東Ｅ,,"37,600",-310,-0.82%,158,ー倍,ー倍,ー%
20261002,1558,上場高配当,1698,東Ｅ,,"4,314",-31,-0.71%,158,ー倍,ー倍,ー%
20261002,1559,Ｅ・ＪＨＤ,2153,東P,,"1,856",-16,-0.85%,158,9.02倍,0.83倍,4.42%
20261002,1560,キユソ流通,9369,東S,,"2,813",-78,-2.70%,158,33.3倍,1.50倍,0.85%
20261002,1561,力の源ＨＤ,3561,東P,,"1,366",-24,-1.73%,158,22.8倍,3.42倍,1.76%
20261002,1562,ミタチ産業,3321,東S,,"1,870",-49,-2.55%,157,7.85倍,0.82倍,3.74%
20261002,1563,矢作建,1870,東P,,"2,086",-37,-1.74%,157,9.69倍,1.19倍,5.27%
20261002,1564,ＪＢＳ,5036,東P,,"1,554",+3,+0.19%,157,10.0倍,2.44倍,3.22%
20261002,1565,放電精密,6469,東S,,"2,883",-42,-1.44%,157,35.6倍,3.53倍,0.69%
20261002,1566,ＤＭＰ,3652,東G,,"3,080",-165,-5.08%,156,323倍,3.08倍,ー%
20261002,1567,学研ＨＤ,9470,東P,,"1,024",-11,-1.06%,156,11.4倍,0.86倍,2.83%
20261002,1568,ｉＦＳＰ無,2247,東Ｅ,,"2,277",-14,-0.61%,156,ー倍,ー倍,ー%
20261002,1569,ｉＳＨＹ社債,2258,東Ｅ,,219.0,-1.0,-0.45%,155,ー倍,ー倍,ー%
20261002,1570,井関農,6310,東P,,"1,889",-11,-0.58%,155,14.3倍,0.54倍,2.38%
20261002,1571,かわでん,6648,東S,,"1,681",+37,+2.25%,155,9.16倍,1.30倍,3.93%
20261002,1572,ｉＦＥナ百有,2841,東Ｅ,,"1,754",-11,-0.62%,155,ー倍,ー倍,ー%
20261002,1573,菊池製作,3444,東S,,"1,119",+5,+0.45%,155,98.7倍,2.39倍,0.89%
20261002,1574,グッドコムＡ,3475,東P,,"1,480",-3,-0.20%,155,9.36倍,3.04倍,3.11%
20261002,1575,アイル,3854,東P,,"2,038",-15,-0.73%,154,14.4倍,3.68倍,3.43%
20261002,1576,ＧＸ防衛日株,513A,東Ｅ,,839,+4,+0.48%,154,ー倍,ー倍,ー%
20261002,1577,前沢ＨＤ,575A,東P,,"1,852",-9,-0.48%,154,3.69倍,ー倍,3.40%
20261002,1578,小松ウオール,7949,東P,,"2,740",-30,-1.08%,153,15.8倍,1.26倍,4.93%
20261002,1579,チヨダ,8185,東P,,973,-13,-1.32%,153,30.0倍,0.66倍,5.55%
20261002,1580,日伝,9902,東P,,"3,215",+10,+0.31%,153,15.3倍,0.97倍,3.73%
20261002,1581,ゼビオＨＤ,8281,東P,,"1,074",-29,-2.63%,152,5.93倍,0.37倍,3.26%
20261002,1582,スクイーズ,558A,東G,,"6,140",-40,-0.65%,151,39.0倍,8.39倍,ー%
20261002,1583,リプロセル,4978,東G,,132,-7,-5.04%,150,ー倍,1.51倍,ー%
20261002,1584,じげん,3679,東P,,423,-8,-1.86%,149,9.57倍,1.88倍,3.19%
20261002,1585,ステラケミ,4109,東P,,"5,310",-100,-1.85%,149,18.7倍,1.33倍,3.39%
20261002,1586,免疫生物研,4570,東G,,"1,145",-28,-2.39%,149,30.7倍,5.65倍,0.66%
20261002,1587,住石ＨＤ,1514,東S,,617,-12,-1.91%,149,22.5倍,1.28倍,2.43%
20261002,1588,ユニバーサル,6425,東S,,684,-27,-3.80%,149,26.5倍,0.41倍,ー%
20261002,1589,ワールドＨＤ,2429,東P,,"2,851",-23,-0.80%,149,7.22倍,1.03倍,4.78%
20261002,1590,ＴＯＡ,6809,東P,,"1,691",-26,-1.51%,148,17.3倍,1.01倍,5.03%
20261002,1591,北興化,4992,東S,,"1,862",-69,-3.57%,148,10.6倍,0.78倍,2.90%
20261002,1592,Ｋｕｄａｎ,4425,東G,,"1,441",0,0.00%,148,ー倍,6.54倍,ー%
20261002,1593,明豊エンタ,8927,東S,,490,-11,-2.20%,148,5.36倍,1.21倍,3.47%
20261002,1594,上場リート隔,1345,東Ｅ,,"1,698",-29,-1.68%,147,ー倍,ー倍,ー%
20261002,1595,ベース,4481,東P,,"3,175",-40,-1.24%,147,12.6倍,3.80倍,5.86%
20261002,1596,ＧＭＯ－ＦＧ,4051,東P,,"5,880",-90,-1.51%,146,25.5倍,6.99倍,2.16%
20261002,1597,エノモト,6928,東S,,"3,375",-20,-0.59%,146,12.5倍,0.92倍,2.37%
20261002,1598,戸田工,4100,東S,,"2,005",-23,-1.13%,146,23.2倍,1.02倍,ー%
20261002,1599,アイピーエス,4390,東P,,"3,950",-85,-2.11%,146,12.3倍,2.57倍,1.01%
20261002,1600,ベルク,9974,東P,,"6,540",-70,-1.06%,146,10.4倍,1.12倍,2.02%
20261002,1601,イーレックス,9517,東P,,802,-27,-3.26%,145,11.6倍,0.89倍,2.74%
20261002,1602,松風,7979,東P,,"2,207",-26,-1.16%,145,16.6倍,1.54倍,3.04%
20261002,1603,大日精,4116,東P,,"1,283",-27,-2.06%,145,9.66倍,0.60倍,4.29%
20261002,1604,野村医薬品,1621,東Ｅ,,"29,480",-495,-1.65%,145,ー倍,ー倍,ー%
20261002,1605,サーラ,2734,東P,,"1,176",-20,-1.67%,144,12.6倍,0.78倍,2.89%
20261002,1606,ｉＦ日経年４,2624,東Ｅ,,"6,904",-66,-0.95%,144,ー倍,ー倍,ー%
20261002,1607,スマレジ,4431,東G,,"3,370",-65,-1.89%,144,23.4倍,6.60倍,0.86%
20261002,1608,ダイト,4577,東P,,"1,309",+3,+0.23%,143,12.3倍,0.70倍,3.44%
20261002,1609,日経ベア,1580,東Ｅ,,753.3,+8.3,+1.11%,143,ー倍,ー倍,ー%
20261002,1610,ヤマシン―Ｆ,6240,東P,,503,-12,-2.33%,143,17.5倍,1.60倍,3.98%
20261002,1611,エフ・コード,9211,東G,,"1,429",-21,-1.45%,143,9.23倍,2.08倍,ー%
20261002,1612,ＳＭＤ２２５,1397,東Ｅ,,"69,470",-750,-1.07%,142,ー倍,ー倍,ー%
20261002,1613,中部飼,2053,東P,,"1,902",-44,-2.26%,142,7.91倍,0.73倍,4.00%
20261002,1614,エターナルＧ,3193,東P,,"1,280",-21,-1.61%,142,15.6倍,2.78倍,1.80%
20261002,1615,積水樹,4212,東P,,"2,917",-46,-1.55%,142,16.2倍,0.87倍,3.43%
20261002,1616,アンジェス,4563,東G,,35,-1,-2.78%,142,ー倍,109倍,ー%
20261002,1617,ＳＢＩＧＡＭ,4765,東P,,609,-11,-1.77%,142,ー倍,2.61倍,ー%
20261002,1618,綜研化学,4972,東S,,"4,435",-20,-0.45%,142,17.1倍,1.74倍,ー%
20261002,1619,フリュー,6238,東P,,"1,416",-2,-0.14%,141,15.0倍,1.61倍,2.82%
20261002,1620,ＳＭＤリート,1398,東Ｅ,,"1,717.5",-29.0,-1.66%,140,ー倍,ー倍,ー%
20261002,1621,大豊建,1822,東S,,804,-12,-1.47%,140,14.4倍,0.98倍,4.73%
20261002,1622,ｍｅｉｔｏ,2207,東P,,"3,310",-65,-1.93%,140,11.6倍,0.82倍,2.42%
20261002,1623,ブランジスタ,6176,東S,,977,-16,-1.61%,139,7.07倍,2.33倍,6.65%
20261002,1624,ナガワ,9663,東P,,"4,740",-30,-0.63%,139,22.3倍,1.09倍,1.27%
20261002,1625,日産車体,7222,東S,,904,-18,-1.95%,139,8.75倍,0.66倍,ー%
20261002,1626,Ｏｎｅ２２５,1369,東Ｅ,,"69,000",-610,-0.88%,138,ー倍,ー倍,ー%
20261002,1627,野村銀行１７,1631,東Ｅ,,"41,510",-720,-1.70%,138,ー倍,ー倍,ー%
20261002,1628,報国マテリア,5542,東S,,"1,287",-73,-5.37%,138,13.4倍,1.44倍,2.33%
20261002,1629,ＨＳＨＤ,8699,東S,,"1,112",-1,-0.09%,138,ー倍,0.32倍,ー%
20261002,1630,データセンタ,643A,東EN,,"11,345",+50,+0.44%,138,ー倍,ー倍,ー%
20261002,1631,八洲電機,3153,東P,,"3,110",-35,-1.11%,137,12.1倍,1.86倍,1.80%
20261002,1632,リンガハット,8200,東P,,"2,270",-27,-1.18%,137,49.0倍,3.83倍,0.57%
20261002,1633,木村工機,6231,東S,,"12,060",-190,-1.55%,136,12.2倍,2.90倍,1.66%
20261002,1634,アバントＧ,3836,東P,,"1,210",+7,+0.58%,136,12.1倍,2.86倍,2.81%
20261002,1635,日山村硝,5210,東S,,"2,812",-13,-0.46%,136,9.91倍,0.50倍,5.33%
20261002,1636,長府製,5946,東P,,"1,976",-5,-0.25%,135,21.0倍,0.48倍,2.33%
20261002,1637,朝日工,1975,東P,,"3,835",-15,-0.39%,135,10.7倍,1.94倍,3.75%
20261002,1638,ホットランド,3196,東P,,"1,651",-24,-1.43%,135,53.5倍,2.31倍,0.79%
20261002,1639,トーセイＲ,3451,東Ｒ,,"126,300","-1,600",-1.25%,135,16.5倍,1.11倍,6.06%
20261002,1640,ＳＲＡＨＤ,3817,東P,,"4,710",-80,-1.67%,134,10.6倍,1.68倍,4.67%
20261002,1641,共栄タ,9130,東S,,"1,711",+48,+2.89%,134,3.54倍,0.47倍,2.34%
20261002,1642,日車両,7102,東P,,"3,530",-60,-1.67%,134,6.79倍,0.60倍,1.42%
20261002,1643,エクスＭ,4394,東G,,800,-27,-3.26%,134,36.4倍,2.85倍,1.56%
20261002,1644,ＪＡＬＣＯ,6625,東S,,331,-6,-1.78%,134,34.5倍,2.18倍,5.44%
20261002,1645,ニチレキＧ,5011,東P,,"2,236",-23,-1.02%,132,14.8倍,0.81倍,3.80%
20261002,1646,野村米債７５,376A,東Ｅ,,"4,674",+1,+0.02%,132,ー倍,ー倍,ー%
20261002,1647,サイバＳＯＬ,436A,東G,,"1,387",+47,+3.51%,132,18.3倍,4.72倍,2.74%
20261002,1648,オイシックス,3182,東P,,"1,618",-33,-2.00%,132,10.8倍,1.99倍,1.85%
20261002,1649,フロンテオ,2158,東G,,678,-13,-1.88%,132,177倍,7.46倍,ー%
20261002,1650,バリュエンス,9270,東G,,"1,848",-42,-2.22%,131,8.12倍,2.32倍,2.44%
20261002,1651,リベラウェア,218A,東G,,"1,023",-8,-0.78%,131,ー倍,16.3倍,ー%
20261002,1652,ナレルＧ,9163,東G,,"2,353",-17,-0.72%,130,9.86倍,1.37倍,4.89%
20261002,1653,オハラ,5218,東S,,"1,629",-50,-2.98%,130,24.2倍,0.72倍,1.53%
20261002,1654,高松グループ,1762,東P,,"4,040",-25,-0.62%,130,11.3倍,0.96倍,3.56%
20261002,1655,ＬＩＦＵＬＬ,2120,東P,,231,-3,-1.28%,129,11.9倍,1.06倍,2.91%
20261002,1656,オカモト,5122,東P,,"6,150",-90,-1.44%,129,18.3倍,0.95倍,2.11%
20261002,1657,タナベＣＧ,9644,東P,,675,-18,-2.60%,129,18.7倍,2.12倍,4.30%
20261002,1658,ｉＦＥＧＢＡ,2629,東Ｅ,,"3,450",-35,-1.00%,129,ー倍,ー倍,ー%
20261002,1659,ステラファ,4888,東G,,426,-6,-1.39%,128,ー倍,4.91倍,ー%
20261002,1660,ゼンリン,9474,東P,,894,-11,-1.22%,128,19.1倍,0.99倍,4.70%
20261002,1661,ｉＦ日経Ｗベ,1366,東Ｅ,,63,0,0.00%,128,ー倍,ー倍,ー%
20261002,1662,純プラ信託,1541,東Ｅ,,"7,947",-5,-0.06%,128,ー倍,ー倍,ー%
20261002,1663,メディアＬ,6659,東S,,43,-1,-2.27%,128,ー倍,1.36倍,ー%
20261002,1664,グロブライド,7990,東P,,"2,322",-50,-2.11%,128,8.95倍,0.76倍,4.31%
20261002,1665,明和産,8103,東P,,992,-3,-0.30%,128,10.0倍,0.92倍,4.74%
20261002,1666,福島銀,8562,東S,,409,-2,-0.49%,128,15.9倍,0.59倍,1.22%
20261002,1667,三菱総研,3636,東P,,"4,845",+5,+0.10%,128,11.6倍,0.99倍,3.41%
20261002,1668,ジェイドＧ,3558,東G,,"1,826",-39,-2.09%,127,ー倍,2.43倍,ー%
20261002,1669,ＺＡＣＲＯＳ,7917,東P,,"1,193",-30,-2.45%,127,13.2倍,0.89倍,3.02%
20261002,1670,立花エレ,8159,東P,,"4,230",-95,-2.20%,127,13.3倍,0.85倍,2.84%
20261002,1671,藤倉化,4620,東S,,"1,089",+5,+0.46%,127,11.7倍,0.60倍,1.84%
20261002,1672,ミツウロコＧ,8131,東S,,"2,454",-2,-0.08%,125,22.3倍,1.27倍,2.69%
20261002,1673,ＪＰＨＤ,2749,東P,,631,-11,-1.71%,125,12.5倍,2.35倍,2.14%
20261002,1674,ＳＢＩリーシ,5834,東G,,"2,739",-57,-2.04%,124,7.16倍,1.43倍,4.20%
20261002,1675,プロＨＤ,9246,東G,,"2,194",-1,-0.05%,123,77.7倍,5.12倍,ー%
20261002,1676,ザ・パック,3950,東P,,"1,428",-9,-0.63%,123,14.6倍,1.00倍,2.94%
20261002,1677,リッジアイ,5572,東G,,"3,170",+155,+5.14%,122,30.4倍,3.70倍,ー%
20261002,1678,ハニーズＨＤ,2792,東P,,"1,380",-34,-2.40%,122,15.4倍,0.79倍,3.99%
20261002,1679,ポート,7047,東G,,"2,120",-50,-2.30%,122,9.16倍,2.76倍,0.61%
20261002,1680,ＪＥＴ,6228,東S,,720,+16,+2.27%,121,ー倍,1.08倍,ー%
20261002,1681,アルバリンク,5537,東G,,"3,680",-145,-3.79%,121,21.2倍,12.0倍,ー%
20261002,1682,小松マテーレ,3580,東P,,718,-14,-1.91%,121,13.4倍,0.67倍,3.76%
20261002,1683,トランヴィア,545A,東P,,864,-31,-3.46%,120,14.2倍,1.38倍,4.63%
20261002,1684,多摩川ＨＤ,6838,東S,,"1,477",-9,-0.61%,120,7.34倍,1.42倍,0.68%
20261002,1685,木村化,6378,東S,,"1,151",-33,-2.79%,119,11.9倍,1.10倍,3.56%
20261002,1686,ウェルネオＳ,2117,東P,,"2,754",-74,-2.62%,119,13.9倍,1.16倍,4.32%
20261002,1687,Ｂガレージ,3180,東P,,"1,640",-8,-0.49%,119,15.2倍,2.41倍,1.10%
20261002,1688,日神ＧＨＤ,8881,東P,,634,-13,-2.01%,119,8.46倍,0.42倍,5.84%
20261002,1689,ダイコク電,6430,東P,,"2,334",-38,-1.60%,118,11.0倍,0.68倍,4.28%
20261002,1690,ジェイリース,7187,東P,,"1,304",-14,-1.06%,118,9.22倍,3.15倍,4.60%
20261002,1691,テラスカイ,3915,東P,,"2,225",+10,+0.45%,118,18.8倍,2.30倍,0.76%
20261002,1692,りたりこ,7366,東P,,"1,933",-13,-0.67%,118,20.0倍,4.69倍,0.78%
20261002,1693,ＴＥＩＫＯＫ,6333,東P,,"3,565",-25,-0.70%,117,14.6倍,1.75倍,3.70%
20261002,1694,いちごホテル,3463,東Ｒ,,"105,000","-1,600",-1.50%,117,17.0倍,0.84倍,5.89%
20261002,1695,日リーテック,1938,東P,,"2,544",-26,-1.01%,117,10.3倍,0.93倍,3.81%
20261002,1696,明星工,1976,東P,,"1,691",-20,-1.17%,117,13.9倍,1.14倍,3.84%
20261002,1697,半導体日本株,163A,東EN,,"20,950",-125,-0.59%,117,ー倍,ー倍,ー%
20261002,1698,エアロエッジ,7409,東G,,"1,475",+32,+2.22%,116,38.3倍,7.67倍,ー%
20261002,1699,ベルテクス,5290,東S,,"1,230",+13,+1.07%,116,12.8倍,1.39倍,3.25%
20261002,1700,ソースネクス,4344,東P,,102,-1,-0.97%,115,ー倍,2.99倍,ー%
20261002,1701,ＧセブンＨＤ,7508,東P,,"1,382",-32,-2.26%,115,10.4倍,1.76倍,5.07%
20261002,1702,ｉＦＴＰＷブ,1367,東Ｅ,,"3,117",-71,-2.23%,115,ー倍,ー倍,ー%
20261002,1703,野村鉄鋼非鉄,1623,東Ｅ,,"67,140","+1,500",+2.29%,115,ー倍,ー倍,ー%
20261002,1704,日特建,1929,東P,,"1,188",-16,-1.33%,115,13.4倍,1.34倍,4.21%
20261002,1705,カンロ,2216,東S,,"1,037",-18,-1.71%,115,14.2倍,2.16倍,3.18%
20261002,1706,トマト銀,8542,東S,,"1,962",+14,+0.72%,114,12.3倍,0.48倍,2.55%
20261002,1707,日本ＭＤＭ,7600,東P,,613,-2,-0.33%,114,269倍,0.65倍,2.77%
20261002,1708,オーバル,7727,東S,,950,+2,+0.21%,114,13.6倍,1.23倍,2.95%
20261002,1709,野村外国債券,2511,東Ｅ,,"1,125.0",-0.5,-0.04%,114,ー倍,ー倍,ー%
20261002,1710,アルファＰ,9467,東G,,"1,040",-32,-2.99%,113,11.8倍,1.93倍,2.60%
20261002,1711,フルキャスト,4848,東P,,"1,778",-51,-2.79%,113,11.3倍,1.91倍,3.60%
20261002,1712,アンビＤＸ,3300,東G,,"1,817",-43,-2.31%,113,5.19倍,1.38倍,6.16%
20261002,1713,セック,3741,東P,,"3,240",-5,-0.15%,112,21.0倍,3.29倍,1.91%
20261002,1714,イチネンＨＤ,9619,東P,,"2,680",-48,-1.76%,112,5.33倍,0.81倍,3.36%
20261002,1715,平河ヒューテ,5821,東P,,"3,235",-35,-1.07%,112,12.3倍,1.13倍,1.76%
20261002,1716,都築電,8157,東P,,"4,290",-30,-0.69%,112,13.6倍,1.67倍,4.43%
20261002,1717,ＵＬＳグルプ,3798,東S,,534,-7,-1.29%,111,13.5倍,2.61倍,1.54%
20261002,1718,ユーザーロカ,3984,東P,,"1,519",-40,-2.57%,111,15.8倍,2.51倍,1.97%
20261002,1719,東証グロース,2516,東Ｅ,,630.0,-8.3,-1.30%,111,ー倍,ー倍,ー%
20261002,1720,だいわ,6459,東P,,"1,631",-22,-1.33%,111,14.3倍,1.12倍,3.99%
20261002,1721,正興電,6653,東P,,"2,077",-45,-2.12%,111,11.3倍,1.43倍,2.89%
20261002,1722,薬王堂ＨＤ,7679,東P,,"1,586",-28,-1.73%,111,7.65倍,0.76倍,1.89%
20261002,1723,ＮＣＤ,4783,東S,,"2,399",-95,-3.81%,110,10.6倍,2.41倍,5.00%
20261002,1724,コンドー,7438,東P,,"1,655",-63,-3.67%,110,12.5倍,1.10倍,3.50%
20261002,1725,コプロＨＤ,7059,東P,,953,-16,-1.65%,109,22.0倍,3.93倍,5.25%
20261002,1726,ワンキャリア,4377,東G,,"2,393",-48,-1.97%,109,20.5倍,6.50倍,1.46%
20261002,1727,ワイエイシイ,6298,東P,,"1,254",-31,-2.41%,109,11.0倍,1.37倍,3.59%
20261002,1728,オカアイヨン,6294,東P,,"1,899",-32,-1.66%,108,9.00倍,0.86倍,4.00%
20261002,1729,グリーンズ,6547,東S,,"2,020",-33,-1.61%,108,6.17倍,2.19倍,2.82%
20261002,1730,広済堂ＨＤ,7868,東P,,530,-6,-1.12%,108,17.0倍,1.59倍,2.52%
20261002,1731,トランシティ,9310,東P,,"1,379",-17,-1.22%,108,12.5倍,0.81倍,3.15%
20261002,1732,インフ,438A,東G,,"1,057",+9,+0.86%,108,46.5倍,3.97倍,ー%
20261002,1733,多木化,4025,東P,,"5,560",-190,-3.30%,108,13.3倍,0.99倍,1.89%
20261002,1734,蝶理,8014,東P,,"4,035",-80,-1.94%,107,9.47倍,0.95倍,4.24%
20261002,1735,イオン北海道,7512,東S,,853,-1,-0.12%,107,39.6倍,1.64倍,1.88%
20261002,1736,テイツー,7610,東S,,135,-3,-2.17%,107,8.42倍,1.23倍,2.96%
20261002,1737,鶴見製,6351,東P,,"2,552",-32,-1.24%,107,16.6倍,1.17倍,1.41%
20261002,1738,ＰＢＲ１解消,2080,東Ｅ,,"2,038",-30,-1.45%,106,ー倍,ー倍,ー%
20261002,1739,ｉＳ米債７Ｈ,1482,東Ｅ,,"1,483",+5,+0.34%,106,ー倍,ー倍,ー%
20261002,1740,ブラインド,7989,東P,,"2,613",-33,-1.25%,106,16.0倍,0.91倍,4.59%
20261002,1741,三信電,8150,東P,,"3,345",-35,-1.04%,106,11.4倍,0.90倍,4.19%
20261002,1742,ＦＪネクＨＤ,8935,東P,,"1,902",-48,-2.46%,106,5.93倍,0.74倍,4.21%
20261002,1743,カイオム,4583,東G,,102,-2,-1.92%,106,ー倍,5.34倍,ー%
20261002,1744,バロック,3548,東P,,641,+6,+0.94%,105,31.1倍,1.72倍,5.93%
20261002,1745,ＫＴＫ,3035,東S,,750,-50,-6.25%,105,9.66倍,0.82倍,2.93%
20261002,1746,レオン,6272,東P,,"1,463",-37,-2.47%,104,9.80倍,0.91倍,4.10%
20261002,1747,トピー,7231,東P,,"3,015",-55,-1.79%,104,10.6倍,0.45倍,4.48%
20261002,1748,野村インド株,1678,東Ｅ,,287.1,-0.2,-0.07%,104,ー倍,ー倍,ー%
20261002,1749,トヨコー,341A,東G,,"2,097",-116,-5.24%,104,43.9倍,9.21倍,ー%
20261002,1750,プロシップ,3763,東P,,"2,080",-5,-0.24%,104,22.9倍,4.91倍,2.02%
20261002,1751,ホテルレジＲ,3472,東Ｒ,,"66,200",-500,-0.75%,103,16.7倍,0.82倍,6.01%
20261002,1752,ツカダＧＨＤ,2418,東S,,580,-10,-1.69%,103,4.54倍,0.69倍,2.41%
20261002,1753,ツバキナカ,6464,東P,,328,-10,-2.96%,103,25.1倍,0.32倍,ー%
20261002,1754,オカムラ食品,2938,東S,,"1,222",-32,-2.55%,103,22.7倍,3.13倍,0.74%
20261002,1755,ＪＳＨ,150A,東G,,740,+24,+3.35%,103,20.1倍,1.92倍,0.41%
20261002,1756,ｉＦ高リート,210A,東Ｅ,,"1,484",-19,-1.26%,103,ー倍,ー倍,ー%
20261002,1757,ｉＳ米２５,237A,東Ｅ,,133.6,-0.9,-0.67%,103,ー倍,ー倍,ー%
20261002,1758,ブレインズ,4075,東G,,"1,430",+3,+0.21%,103,48.4倍,4.53倍,ー%
20261002,1759,コニシ,4956,東P,,"1,446",-26,-1.77%,103,10.9倍,0.97倍,2.63%
20261002,1760,中山鋼,5408,東P,,616,-13,-2.07%,103,8.57倍,0.30倍,3.25%
20261002,1761,ＯｎｅＪリト,2556,東Ｅ,,"1,742.0",-28.0,-1.58%,101,ー倍,ー倍,ー%
20261002,1762,ＦＰパートナ,7388,東P,,"2,283",-35,-1.51%,101,32.6倍,4.76倍,4.12%
20261002,1763,ゼロ,9028,東S,,"3,210",-40,-1.23%,100,7.39倍,1.12倍,4.41%
20261002,1764,ＡＩＲＭＡＮ,6364,東P,,"2,455",-65,-2.58%,100,10.9倍,1.42倍,2.93%
20261002,1765,ＧＸ超短円債,502A,東Ｅ,,902.3,+0.1,+0.01%,100,ー倍,ー倍,ー%
20261002,1766,キャリアＬ,6070,東P,,"2,491",-69,-2.70%,99,10.5倍,1.89倍,4.82%
20261002,1767,ＳＰＤＲ５百,1557,東Ｅ,,"120,800",-600,-0.49%,99,ー倍,ー倍,ー%
20261002,1768,ｇｕｍｉ,3903,東P,,204,-2,-0.97%,99,ー倍,0.58倍,ー%
20261002,1769,クレオス,8101,東P,,"2,476",-48,-1.90%,99,11.4倍,0.88倍,4.28%
20261002,1770,コスモスイニ,8844,東S,,"1,155",-35,-2.94%,99,5.43倍,0.69倍,4.59%
20261002,1771,たけびし,7510,東P,,"2,831",-70,-2.41%,99,13.1倍,1.00倍,3.36%
20261002,1772,ミダックＨＤ,6564,東P,,"1,867",-33,-1.74%,99,15.5倍,2.83倍,1.07%
20261002,1773,コンヴァノ,6574,東G,,124,-1,-0.80%,99,10.6倍,5.09倍,0.81%
20261002,1774,共同印,7914,東P,,"1,696",-20,-1.17%,98,11.2倍,0.67倍,4.72%
20261002,1775,ミンカブ,4436,東G,,649,-19,-2.84%,98,3.32倍,7.28倍,ー%
20261002,1776,モリト,9837,東P,,"1,810",-20,-1.09%,98,15.0倍,1.11倍,3.98%
20261002,1777,アイホン,6718,東P,,"2,714",-59,-2.13%,97,13.9倍,0.63倍,4.79%
20261002,1778,アドソル日進,3837,東P,,"1,301",-29,-2.18%,97,13.6倍,3.32倍,3.69%
20261002,1779,ｉＦＴＰ年４,2625,東Ｅ,,"4,139",-48,-1.15%,97,ー倍,ー倍,ー%
20261002,1780,ＪＤＳＣ,4418,東G,,"1,125",-6,-0.53%,96,16.9倍,2.69倍,ー%
20261002,1781,テーオーシー,8841,東S,,970,-22,-2.22%,96,27.6倍,0.82倍,1.13%
20261002,1782,青山財産,8929,東S,,"1,313",-47,-3.46%,96,11.9倍,2.56倍,4.42%
20261002,1783,イオン九州,2653,東S,,"2,752",-24,-0.86%,96,14.5倍,1.58倍,1.82%
20261002,1784,ＭＥＲＦ,3168,東S,,"1,264",-19,-1.48%,96,6.36倍,1.49倍,3.16%
20261002,1785,ネツレン,5976,東P,,"1,442",-6,-0.41%,96,20.9倍,0.80倍,4.92%
20261002,1786,上場外債毎月,1677,東Ｅ,,"57,650",-190,-0.33%,96,ー倍,ー倍,ー%
20261002,1787,三重交ＨＤ,3232,東P,,550,-9,-1.61%,96,9.24倍,0.76倍,3.64%
20261002,1788,ＮＥＸＹＺ．,4346,東S,,915,-38,-3.99%,96,12.5倍,3.50倍,3.28%
20261002,1789,ラクオリア,4579,東G,,609,-23,-3.64%,96,ー倍,2.04倍,ー%
20261002,1790,小野建,7414,東P,,"1,379",-13,-0.93%,96,8.23倍,0.36倍,5.00%
20261002,1791,ＭＷＣＣ,9227,東G,,823,+2,+0.24%,95,"3,292倍",109倍,ー%
20261002,1792,日阪製,6247,東P,,"1,632",-26,-1.57%,95,17.8倍,0.67倍,3.37%
20261002,1793,スタティアＨ,3393,東P,,"3,080",-65,-2.07%,95,12.4倍,3.59倍,4.71%
20261002,1794,中本パックス,7811,東S,,"2,240",-60,-2.61%,94,7.72倍,0.93倍,3.66%
20261002,1795,岡部,5959,東P,,919,-10,-1.08%,94,11.0倍,0.64倍,4.57%
20261002,1796,ｉＦＦＮＧ金,521A,東Ｅ,,"1,999",-25,-1.24%,94,ー倍,ー倍,ー%
20261002,1797,エブリー,607A,東G,,262,-2,-0.76%,94,11.7倍,3.31倍,ー%
20261002,1798,アイモバイル,6535,東P,,486,-8,-1.62%,94,8.53倍,1.57倍,5.56%
20261002,1799,ミライアル,4238,東S,,"1,961",-63,-3.11%,94,ー倍,0.77倍,ー%
20261002,1800,六甲バタ,2266,東P,,"1,080",-19,-1.73%,93,14.2倍,0.61倍,2.82%
20261002,1801,フジッコ,2908,東P,,"1,545",-27,-1.72%,93,35.5倍,0.64倍,2.98%
20261002,1802,ＣＳＰ,9740,東P,,"2,613",-41,-1.54%,93,15.9倍,0.88倍,3.10%
20261002,1803,福井コン,9790,東P,,"2,967",-23,-0.77%,93,13.5倍,2.05倍,2.60%
20261002,1804,高島,8007,東P,,774,-7,-0.90%,93,16.5倍,1.16倍,5.94%
20261002,1805,大東銀,8563,東S,,"1,260",+20,+1.61%,92,9.99倍,0.57倍,3.17%
20261002,1806,明和地所,8869,東S,,782,-20,-2.49%,92,6.32倍,0.49倍,5.12%
20261002,1807,大黒屋,6993,東S,,90,-2,-2.17%,92,107倍,12.3倍,ー%
20261002,1808,ＭＳＯＬ,7033,東P,,"1,529",-14,-0.91%,92,11.8倍,3.67倍,3.27%
20261002,1809,恵和,4251,東P,,"1,173",-15,-1.26%,92,10.5倍,0.87倍,4.26%
20261002,1810,スピー,4499,東S,,"2,333",+3,+0.13%,92,ー倍,4.09倍,ー%
20261002,1811,モイ,5031,東G,,386,+9,+2.39%,92,ー倍,2.22倍,ー%
20261002,1812,クリアル,2998,東G,,461,-21,-4.36%,92,7.83倍,1.55倍,1.74%
20261002,1813,ＪＰＭＣ,3276,東P,,"2,242",-26,-1.15%,92,19.0倍,3.83倍,ー%
20261002,1814,Ｔ－ＢＡＳＥ,3415,東P,,350,-7,-1.96%,92,9.94倍,2.47倍,2.00%
20261002,1815,朝日ネット,3834,東P,,585,-10,-1.68%,92,11.7倍,1.18倍,4.27%
20261002,1816,東北新社,2329,東S,,487,-3,-0.61%,92,ー倍,0.68倍,5.56%
20261002,1817,日工,6306,東P,,"1,004",-18,-1.76%,92,14.6倍,1.05倍,4.18%
20261002,1818,井村屋Ｇ,2209,東P,,"2,275",-42,-1.81%,92,12.1倍,1.16倍,1.67%
20261002,1819,コロンビア,146A,東S,,"3,620",0,0.00%,92,6.59倍,1.48倍,2.60%
20261002,1820,イントラマト,3850,東S,,"3,865",-15,-0.39%,91,18.1倍,3.21倍,1.94%
20261002,1821,ＯＡＴアグリ,4979,東S,,"2,728",-83,-2.95%,91,11.4倍,1.29倍,2.20%
20261002,1822,ＳＥＣカーボ,5304,東S,,"2,362",-55,-2.28%,90,15.5倍,0.60倍,4.23%
20261002,1823,岡本工,6125,東S,,"5,020",-20,-0.40%,90,16.6倍,0.79倍,3.19%
20261002,1824,大光銀,8537,東S,,"3,415",-15,-0.44%,90,9.81倍,0.40倍,3.10%
20261002,1825,ＮＥＣキャピ,8793,東P,,"4,035",-65,-1.59%,90,8.70倍,0.66倍,3.72%
20261002,1826,ｉＳＢＡＩ,408A,東Ｅ,,311.0,-1.3,-0.42%,90,ー倍,ー倍,ー%
20261002,1827,フコク,5185,東P,,"1,923",-43,-2.19%,89,11.9倍,0.66倍,5.20%
20261002,1828,ＴＫＰ,3479,東G,,"1,824",-31,-1.67%,89,16.6倍,1.29倍,ー%
20261002,1829,ｉＦＥ科創板,2628,東Ｅ,,"3,391",-107,-3.06%,89,ー倍,ー倍,ー%
20261002,1830,ＣＡＣ,4725,東P,,"1,915",-21,-1.08%,89,ー倍,0.91倍,5.22%
20261002,1831,Ｔホライゾン,6629,東S,,"1,040",-10,-0.95%,89,8.24倍,1.13倍,3.17%
20261002,1832,ＱＢＮＨＤ,6571,東P,,"1,245",-31,-2.43%,88,17.8倍,1.09倍,3.21%
20261002,1833,ＳＢＩアルヒ,7198,東P,,786,-5,-0.63%,88,16.8倍,0.84倍,5.09%
20261002,1834,ヨータイ,5357,東P,,"1,700",-24,-1.39%,88,12.1倍,0.90倍,5.29%
20261002,1835,テイカ,4027,東P,,"2,311",-33,-1.41%,88,28.8倍,0.85倍,3.46%
20261002,1836,ＣＩＪ,4826,東P,,527,-12,-2.23%,88,15.8倍,1.96倍,3.98%
20261002,1837,ヨシムラＨＤ,2884,東P,,585,-13,-2.17%,88,9.98倍,1.07倍,ー%
20261002,1838,ラクトＪ,3139,東P,,"3,400",-60,-1.73%,87,9.87倍,1.02倍,3.88%
20261002,1839,三光合成,7888,東P,,907,-10,-1.09%,87,6.14倍,0.80倍,3.53%
20261002,1840,大庄,9979,東S,,"1,000",-2,-0.20%,87,22.8倍,1.80倍,1.40%
20261002,1841,理想科学,6413,東P,,"1,019",-25,-2.39%,87,15.5倍,0.94倍,4.91%
20261002,1842,Ｄｅｆコン,4833,東G,,59,-1,-1.67%,87,3.20倍,2.26倍,ー%
20261002,1843,ニチリン,5184,東S,,"4,100",-75,-1.80%,86,9.54倍,0.85倍,4.63%
20261002,1844,アサカ理研,5724,東S,,"2,935",+25,+0.86%,86,18.8倍,2.53倍,0.41%
20261002,1845,三協立山,5932,東P,,645,-2,-0.31%,86,20.2倍,0.22倍,3.88%
20261002,1846,やまみ,2820,東S,,"6,160",-30,-0.48%,86,20.8倍,3.62倍,1.62%
20261002,1847,電算システム,4072,東P,,"3,150",-35,-1.10%,86,12.9倍,1.32倍,3.17%
20261002,1848,ＭＸ高配日ア,2085,東Ｅ,,771.6,-8.1,-1.04%,86,ー倍,ー倍,ー%
20261002,1849,大日塗,4611,東P,,"1,555",-11,-0.70%,86,13.1倍,0.67倍,3.73%
20261002,1850,東京産,8070,東P,,"1,005",-8,-0.79%,86,15.4倍,1.00倍,3.98%
20261002,1851,山陽電,9052,東P,,"1,914",-28,-1.44%,85,14.2倍,0.66倍,2.61%
20261002,1852,上場銀行１０,540A,東Ｅ,,"2,078",-15,-0.72%,85,ー倍,ー倍,ー%
20261002,1853,ルネサンス,2378,東P,,994,-12,-1.19%,85,39.2倍,2.45倍,1.31%
20261002,1854,フジオフード,2752,東P,,"1,149",-16,-1.37%,85,537倍,6.91倍,0.26%
20261002,1855,Ｍラインズ,3901,東P,,"1,518",-16,-1.04%,85,11.4倍,2.69倍,3.82%
20261002,1856,ククレブ,276A,東G,,"4,200",-110,-2.55%,85,30.9倍,4.49倍,0.71%
20261002,1857,藤商事,6257,東S,,"1,000",0,0.00%,85,9.97倍,0.50倍,5.50%
20261002,1858,ロボホーム,1435,東S,,167,-6,-3.47%,85,7.42倍,1.33倍,1.20%
20261002,1859,モロゾフ,2217,東P,,"1,459",-7,-0.48%,85,101倍,1.46倍,0.69%
20261002,1860,三谷セキ,5273,東S,,"2,028",-20,-0.98%,84,13.9倍,1.34倍,2.14%
20261002,1861,サイプレス,428A,東S,,"1,781",-90,-4.81%,84,29.0倍,8.52倍,0.56%
20261002,1862,ＢＢタワー,3776,東S,,265,-4,-1.49%,84,34.0倍,1.78倍,0.75%
20261002,1863,積化成,4228,東P,,602,-16,-2.59%,84,11.0倍,0.53倍,2.82%
20261002,1864,菱友システム,4685,東S,,"2,767",+17,+0.62%,84,9.81倍,1.60倍,3.61%
20261002,1865,ＩＴＦＯＲ,4743,東P,,"1,613",-12,-0.74%,84,12.6倍,2.13倍,4.96%
20261002,1866,システムサポ,4396,東P,,"1,320",-11,-0.83%,83,12.6倍,3.78倍,3.18%
20261002,1867,イントループ,9556,東G,,"2,386",+13,+0.55%,83,9.17倍,3.38倍,ー%
20261002,1868,野村商社卸売,1629,東Ｅ,,270.2,-3.9,-1.42%,83,ー倍,ー倍,ー%
20261002,1869,ｉＦ高配４０,1651,東Ｅ,,"3,251",-25,-0.76%,83,ー倍,ー倍,ー%
20261002,1870,北陸電工,1930,東P,,"1,538",-29,-1.85%,83,10.3倍,0.92倍,3.12%
20261002,1871,東洋電,6505,東S,,"2,374",-39,-1.62%,83,8.77倍,0.74倍,4.89%
20261002,1872,ＷＡＳＨハウ,6537,東G,,301,-13,-4.14%,83,24.2倍,1.28倍,ー%
20261002,1873,ＭＸ日半導体,221A,東Ｅ,,"1,235.5",+0.5,+0.04%,83,ー倍,ー倍,ー%
20261002,1874,ラストワンＭ,9252,東G,,"4,160",+50,+1.22%,82,9.91倍,2.09倍,0.72%
20261002,1875,エンビプロ,5698,東S,,703,-14,-1.95%,82,9.54倍,1.07倍,3.13%
20261002,1876,オークワ,8217,東P,,769,-13,-1.66%,82,625倍,0.42倍,3.38%
20261002,1877,Ｒフィールド,2910,東P,,"1,360",-25,-1.81%,82,114倍,1.25倍,1.76%
20261002,1878,ケンコーマヨ,2915,東P,,"1,963",-27,-1.36%,82,9.96倍,0.68倍,3.57%
20261002,1879,メディアドゥ,3678,東P,,"1,140",-49,-4.12%,82,14.5倍,0.93倍,3.51%
20261002,1880,システムリサ,3771,東P,,"1,857",-20,-1.07%,82,10.9倍,2.43倍,4.31%
20261002,1881,不二家,2211,東P,,"2,460",-38,-1.52%,82,30.2倍,1.06倍,1.22%
20261002,1882,極東貿易,8093,東P,,"1,748",-25,-1.41%,81,8.42倍,0.63倍,4.23%
20261002,1883,リテールＰＡ,8167,東P,,"1,434",-14,-0.97%,81,11.1倍,0.66倍,2.79%
20261002,1884,エスプール,2471,東P,,265,-6,-2.21%,81,12.5倍,2.13倍,3.77%
20261002,1885,日シス技術,4323,東P,,"1,897",-3,-0.16%,80,15.7倍,2.88倍,2.64%
20261002,1886,サーバワクス,4434,東S,,"2,396",-41,-1.68%,80,19.7倍,1.77倍,1.25%
20261002,1887,トランザク,7818,東P,,"1,179",-20,-1.67%,80,15.6倍,3.05倍,2.63%
20261002,1888,エーアイテイ,9381,東P,,"2,236",-49,-2.14%,80,15.5倍,2.60倍,4.92%
20261002,1889,ビジ太田昭,9658,東P,,"1,122",-15,-1.32%,79,12.8倍,1.20倍,4.19%
20261002,1890,進和,7607,東P,,"3,010",-30,-0.99%,79,13.0倍,0.87倍,4.12%
20261002,1891,シマダヤ,250A,東S,,"1,532",-29,-1.86%,79,8.43倍,1.17倍,3.52%
20261002,1892,ＪＳＰ,7942,東P,,"2,955",-60,-1.99%,79,10.3倍,0.70倍,3.38%
20261002,1893,ＰＲＯＮＩ,479A,東G,,"1,969",-10,-0.51%,79,9.71倍,4.28倍,ー%
20261002,1894,ミロク情報,9928,東P,,"2,123",-10,-0.47%,78,13.2倍,1.96倍,3.06%
20261002,1895,空港施設,8864,東S,,918,-22,-2.34%,78,13.4倍,0.74倍,4.58%
20261002,1896,コーディア,190A,東G,,62,-3,-4.62%,78,ー倍,2.06倍,ー%
20261002,1897,ワシントンＨ,4691,東S,,"2,004",-26,-1.28%,77,10.5倍,1.96倍,2.25%
20261002,1898,Ｃ＆Ｒ,4763,東P,,"1,479",-31,-2.05%,77,9.08倍,1.61倍,3.45%
20261002,1899,イチケン,1847,東S,,"3,340",-100,-2.91%,77,6.64倍,1.18倍,5.39%
20261002,1900,カナデン,8081,東P,,"2,640",0,0.00%,77,14.7倍,1.15倍,3.79%
20261002,1901,九州リース,8596,東S,,"1,502",-36,-2.34%,77,8.10倍,0.74倍,4.13%
20261002,1902,クイック,4318,東P,,836,-10,-1.18%,76,16.6倍,2.32倍,4.55%
20261002,1903,アクリート,4395,東G,,709,-27,-3.67%,76,12.7倍,1.52倍,1.41%
20261002,1904,三洋工,5958,東S,,"4,295",-45,-1.04%,76,9.28倍,0.58倍,4.89%
20261002,1905,東京綱,5981,東P,,"1,858",-24,-1.28%,76,9.56倍,0.69倍,3.77%
20261002,1906,セレンＨＤ,7318,東G,,"1,311",-14,-1.06%,76,11.2倍,1.84倍,ー%
20261002,1907,柿安本店,2294,東P,,"2,468",-12,-0.48%,76,29.6倍,1.60倍,3.44%
20261002,1908,まんだらけ,2652,東S,,405,-10,-2.41%,75,9.31倍,1.00倍,0.25%
20261002,1909,サンアスタ,4053,東P,,518,-14,-2.63%,75,14.6倍,1.71倍,1.93%
20261002,1910,ＧＭＯペパボ,3633,東S,,"2,661",-38,-1.41%,75,10.4倍,4.16倍,6.28%
20261002,1911,オプティム,3694,東P,,472,0,0.00%,75,22.7倍,2.73倍,ー%
20261002,1912,片倉,3001,東S,,"2,935",-75,-2.49%,74,12.5倍,0.93倍,2.04%
20261002,1913,アドバネクス,5998,東S,,"3,020",+104,+3.57%,74,6.20倍,1.19倍,1.66%
20261002,1914,クラシル,299A,東G,,"1,192",-15,-1.24%,74,20.8倍,3.69倍,ー%
20261002,1915,ぴあ,4337,東P,,"2,449",-56,-2.24%,74,25.1倍,3.49倍,1.22%
20261002,1916,紀文食品,2933,東P,,"1,087",-6,-0.55%,74,9.70倍,0.99倍,2.12%
20261002,1917,東リ,7971,東S,,662,-10,-1.49%,73,11.1倍,0.72倍,5.14%
20261002,1918,ＴＤＣソフト,4687,東P,,"1,070",-17,-1.56%,73,12.7倍,2.21倍,3.18%
20261002,1919,ラックランド,9612,東P,,"1,229",-12,-0.97%,73,5.50倍,1.03倍,3.25%
20261002,1920,三精テクノロ,6357,東S,,"2,633",-37,-1.39%,73,8.82倍,0.93倍,3.61%
20261002,1921,トーカイ,9729,東P,,"2,510",-7,-0.28%,72,12.7倍,0.92倍,3.19%
20261002,1922,ステップ,9795,東P,,"2,157",-38,-1.73%,72,12.1倍,1.21倍,4.08%
20261002,1923,カナミックＮ,3939,東P,,490,-11,-2.20%,72,17.0倍,4.33倍,1.84%
20261002,1924,保土谷,4112,東P,,"2,060",-32,-1.53%,72,25.2倍,0.60倍,2.91%
20261002,1925,アステナＨＤ,8095,東P,,548,+2,+0.37%,72,9.43倍,0.78倍,3.28%
20261002,1926,ロゴスＨＤ,205A,東G,,"1,611",-19,-1.17%,71,5.45倍,1.56倍,5.51%
20261002,1927,デジハＨＤ,3676,東P,,"1,051",0,0.00%,71,12.7倍,2.38倍,ー%
20261002,1928,早稲アカ,4718,東P,,"2,446",-43,-1.73%,71,15.9倍,2.77倍,3.07%
20261002,1929,歌舞伎,9661,東S,,"4,080",-35,-0.85%,71,209倍,4.46倍,0.12%
20261002,1930,ＫＮＴＣＴ,9726,東S,,"2,011",-4,-0.20%,71,9.60倍,2.85倍,0.50%
20261002,1931,野村Ｐ１５０,159A,東Ｅ,,745.9,-6.8,-0.90%,70,ー倍,ー倍,ー%
20261002,1932,マクビープラ,7095,東P,,"1,121",-27,-2.35%,70,7.35倍,1.14倍,4.91%
20261002,1933,フツパー,478A,東G,,723,-13,-1.77%,70,21.3倍,3.50倍,ー%
20261002,1934,ムービン,421A,東G,,"3,835",-25,-0.65%,69,16.3倍,6.82倍,ー%
20261002,1935,ｉＳＳＰカバ,452A,東Ｅ,,814.5,-3.2,-0.39%,69,ー倍,ー倍,ー%
20261002,1936,シード,7743,東S,,793,0,0.00%,69,17.8倍,1.26倍,ー%
20261002,1937,ツツミ,7937,東S,,"2,428",-42,-1.70%,69,13.6倍,0.55倍,4.74%
20261002,1938,ＭｒＭａｘ,8203,東P,,725,-14,-1.89%,69,7.80倍,0.63倍,4.00%
20261002,1939,日理化,4406,東S,,232,-7,-2.93%,69,10.8倍,0.42倍,1.94%
20261002,1940,綿半ＨＤ,3199,東P,,"1,268",-15,-1.17%,69,10.3倍,0.98倍,2.44%
20261002,1941,マツオカ,3611,東S,,"2,356",-44,-1.83%,69,7.27倍,0.62倍,4.88%
20261002,1942,中外炉,1964,東P,,"3,805",-65,-1.68%,69,10.6倍,0.91倍,4.73%
20261002,1943,ヤマウラ,1780,東P,,"1,426",-21,-1.45%,68,9.57倍,1.01倍,2.52%
20261002,1944,ＷＡ,7683,東P,,"1,408",-1,-0.07%,68,30.5倍,2.45倍,1.21%
20261002,1945,いつも,7694,東G,,640,+94,+17.22%,68,20.4倍,1.51倍,ー%
20261002,1946,朝日放送ＨＤ,9405,東P,,802,-16,-1.96%,68,12.3倍,0.41倍,2.49%
20261002,1947,新日本製薬,4931,東P,,"1,964",-24,-1.21%,68,12.2倍,1.72倍,2.90%
20261002,1948,ＦフォースＧ,7068,東G,,560,-11,-1.93%,68,8.77倍,3.56倍,3.57%
20261002,1949,東証リート,2555,東Ｅ,,"1,740.0",-32.5,-1.83%,68,ー倍,ー倍,ー%
20261002,1950,リンカーズ,5131,東G,,156,-1,-0.64%,68,ー倍,5.38倍,ー%
20261002,1951,ＪＭＡＣＳ,5817,東S,,"1,180",-14,-1.17%,68,26.8倍,1.16倍,1.27%
20261002,1952,日東精,5957,東P,,756,-11,-1.43%,68,12.0倍,0.74倍,3.17%
20261002,1953,ラサ商事,3023,東S,,"2,087",+9,+0.43%,68,10.9倍,0.93倍,3.83%
20261002,1954,市光工,7244,東P,,540,-20,-3.57%,67,10.4倍,0.63倍,3.33%
20261002,1955,リズム,7769,東P,,"3,770",-60,-1.57%,67,17.7倍,0.88倍,4.45%
20261002,1956,ｉＳ米２０,2255,東Ｅ,,189.2,+0.4,+0.21%,67,ー倍,ー倍,ー%
20261002,1957,プリモＧＨＤ,367A,東S,,"2,845",-65,-2.23%,67,11.8倍,1.26倍,4.22%
20261002,1958,大豊工業,6470,東S,,"1,160",-4,-0.34%,67,9.16倍,0.51倍,2.59%
20261002,1959,リバーエレク,6666,東S,,850,-2,-0.23%,67,"3,542倍",1.53倍,1.18%
20261002,1960,ハリマ化成Ｇ,4410,東P,,"1,122",-28,-2.43%,67,10.3倍,0.65倍,3.74%
20261002,1961,インテージＨ,4326,東P,,"1,925",-42,-2.14%,66,18.4倍,2.16倍,2.60%
20261002,1962,ＮＡＮＯＨＤ,4571,東G,,95,-3,-3.06%,66,ー倍,2.62倍,ー%
20261002,1963,抵抗器,6977,東S,,"1,895",0,0.00%,66,23.4倍,1.99倍,0.79%
20261002,1964,Ｓクリプトエ,5721,東S,,50,-1,-1.96%,66,ー倍,1.97倍,ー%
20261002,1965,かっこ,4166,東G,,641,-17,-2.58%,66,ー倍,2.86倍,ー%
20261002,1966,ｉＳ高配当,1478,東Ｅ,,"5,274",-52,-0.98%,66,ー倍,ー倍,ー%
20261002,1967,ＩＴメディア,2148,東P,,"1,116",-29,-2.53%,66,15.8倍,3.08倍,4.48%
20261002,1968,ナック,9788,東P,,503,-9,-1.76%,66,12.1倍,0.96倍,4.37%
20261002,1969,電気興,6706,東P,,"3,320",-60,-1.78%,66,12.6倍,0.78倍,3.16%
20261002,1970,近鉄百,8244,東S,,"1,849",-18,-0.96%,66,19.1倍,1.61倍,1.08%
20261002,1971,Ａｒｅｎｔ,5254,東G,,"4,185",-75,-1.76%,66,28.2倍,3.94倍,ー%
20261002,1972,スマートＤ,5137,東G,,297,-7,-2.30%,65,12.4倍,8.01倍,ー%
20261002,1973,ヨロズ,7294,東P,,836,-13,-1.53%,65,15.8倍,0.32倍,3.95%
20261002,1974,白銅,7637,東P,,"3,525",-65,-1.81%,65,11.1倍,1.53倍,4.06%
20261002,1975,ＴＯＲＩＣＯ,7138,東G,,148,-5,-3.27%,65,ー倍,1.71倍,ー%
20261002,1976,アイエスビー,9702,東P,,"2,449",-49,-1.96%,65,15.2倍,1.89倍,2.86%
20261002,1977,リンクユーＧ,4446,東S,,724,+6,+0.84%,65,38.5倍,4.48倍,ー%
20261002,1978,アセンテック,3565,東S,,482,-17,-3.41%,65,14.5倍,3.15倍,3.11%
20261002,1979,フリービット,3843,東P,,"1,635",-28,-1.68%,65,10.2倍,4.03倍,2.51%
20261002,1980,寺崎電気,6637,東S,,"4,210",-55,-1.29%,65,13.7倍,0.92倍,1.33%
20261002,1981,システムソフ,7527,東S,,47,-1,-2.08%,64,224倍,0.95倍,ー%
20261002,1982,フォーカス,4662,東P,,"1,585",-37,-2.28%,64,9.45倍,1.58倍,4.29%
20261002,1983,明光ネット,4668,東P,,730,-22,-2.93%,64,18.3倍,1.52倍,3.97%
20261002,1984,鎌倉新書,6184,東P,,603,-10,-1.63%,64,22.6倍,4.29倍,3.32%
20261002,1985,ＭＩＣ,300A,東S,,"2,861",-6,-0.21%,64,15.1倍,2.24倍,2.69%
20261002,1986,Ｖコマース,2491,東P,,448,-5,-1.10%,64,ー倍,0.86倍,3.57%
20261002,1987,Ｄｍミックス,7354,東S,,352,-7,-1.95%,64,9.16倍,1.03倍,2.70%
20261002,1988,ＧＸロボ日株,2638,東Ｅ,,"2,781",+9,+0.32%,64,ー倍,ー倍,ー%
20261002,1989,セーフィー,4375,東G,,646,-2,-0.31%,64,ー倍,3.93倍,ー%
20261002,1990,ｅＷｅＬＬ,5038,東G,,"2,283",-36,-1.55%,64,26.0倍,9.77倍,0.92%
20261002,1991,ＢＴＣＪＰＮ,8105,東S,,73,-2,-2.67%,64,ー倍,1.05倍,ー%
20261002,1992,ジェコス,9991,東P,,"1,740",-33,-1.86%,64,10.3倍,0.83倍,3.97%
20261002,1993,安永,7271,東S,,779,-8,-1.02%,63,6.17倍,0.55倍,4.88%
20261002,1994,魚力,7596,東P,,"2,187",-56,-2.50%,63,28.3倍,1.61倍,2.38%
20261002,1995,ＳＫジャパン,7608,東S,,968,-7,-0.72%,63,11.9倍,2.41倍,2.48%
20261002,1996,グリーンエナ,1436,東G,,"1,971",-6,-0.30%,63,25.4倍,4.18倍,0.30%
20261002,1997,日東富士,2003,東S,,"1,839",-38,-2.02%,63,20.3倍,1.36倍,3.81%
20261002,1998,ジャノメ,6445,東P,,"1,320",-28,-2.08%,63,11.0倍,0.63倍,4.55%
20261002,1999,テクノクラフ,622A,東S,,523,0,0.00%,63,12.4倍,1.33倍,ー%
20261002,2000,日特塗,4619,東S,,"2,591",-29,-1.11%,63,10.4倍,0.91倍,5.02%
20261002,2001,巴川コーポ,3878,東S,,969,-25,-2.52%,63,13.6倍,0.52倍,1.55%
20261002,2002,アンビスＨＤ,7071,東P,,382,-11,-2.80%,63,17.8倍,0.97倍,1.05%
20261002,2003,ネクストーン,7094,東G,,"1,791",-29,-1.59%,63,17.5倍,3.07倍,1.23%
20261002,2004,ポピンズ,7358,東S,,"1,782",+30,+1.71%,63,11.2倍,1.76倍,3.03%
20261002,2005,アールプラン,2983,東G,,"1,609",+2,+0.12%,63,5.29倍,1.86倍,3.42%
20261002,2006,スパイダー,4192,東G,,325,-2,-0.61%,63,ー倍,4.26倍,ー%
20261002,2007,タウンズ,197A,東S,,509,-5,-0.97%,62,18.3倍,2.80倍,5.70%
20261002,2008,グルメ杵屋,9850,東P,,941,-12,-1.26%,62,82.7倍,2.42倍,0.74%
20261002,2009,ユニシアＨＤ,3547,東S,,"1,930",-34,-1.73%,62,41.9倍,2.84倍,ー%
20261002,2010,アクセルＭ,3624,東G,,86,+1,+1.18%,62,ー倍,16.9倍,ー%
20261002,2011,Ｆ－ブレイン,3927,東S,,917,-2,-0.22%,62,14.9倍,2.31倍,1.74%
20261002,2012,未来工業,7931,東P,,"3,565",-60,-1.66%,62,13.3倍,1.04倍,3.79%
20261002,2013,フジ住,8860,東P,,708,-13,-1.80%,62,5.51倍,0.43倍,4.52%
20261002,2014,野村外リート,2515,東Ｅ,,"1,535",-10,-0.65%,62,ー倍,ー倍,ー%
20261002,2015,シキボウ,3109,東P,,"1,018",-18,-1.74%,62,21.5倍,0.36倍,4.91%
20261002,2016,丸善ＣＨＩ,3159,東S,,370,-8,-2.12%,62,13.9倍,0.60倍,1.62%
20261002,2017,ＲＳＣ,4664,東S,,"1,170",+50,+4.46%,62,52.0倍,1.53倍,2.05%
20261002,2018,農中ＳＰ５Ｈ,2086,東Ｅ,,"3,050",-16,-0.52%,61,ー倍,ー倍,ー%
20261002,2019,オーバラップ,414A,東G,,824,-16,-1.90%,61,10.6倍,1.94倍,5.34%
20261002,2020,ユシロ,5013,東S,,"3,135",-15,-0.48%,61,10.3倍,0.83倍,ー%
20261002,2021,日精線,5659,東P,,"1,384",-14,-1.00%,61,15.2倍,1.00倍,3.32%
20261002,2022,エラン,6099,東P,,701,-11,-1.54%,61,13.3倍,2.76倍,2.28%
20261002,2023,ＷＴ天然ガス,1689,東Ｅ,,705,-17,-2.35%,61,ー倍,ー倍,ー%
20261002,2024,フライト,3753,東S,,220,+6,+2.80%,61,13.5倍,3.60倍,ー%
20261002,2025,ＤＩＴ,3916,東P,,938,-15,-1.57%,61,12.6倍,3.05倍,4.48%
20261002,2026,中越パ,3877,東P,,"2,143",-45,-2.06%,60,16.8倍,0.45倍,5.60%
20261002,2027,アドベンチャ,6030,東G,,"1,541",-73,-4.52%,60,10.1倍,1.22倍,ー%
20261002,2028,エクストリム,6033,東G,,"1,611",-71,-4.22%,60,9.38倍,1.28倍,4.22%
20261002,2029,マーベラス,7844,東P,,525,-7,-1.32%,60,14.7倍,1.05倍,2.86%
20261002,2030,ザイン,6769,東S,,"1,300",+17,+1.33%,60,128倍,1.59倍,1.15%
20261002,2031,千代田インテ,6915,東S,,"3,525",-120,-3.29%,60,8.47倍,0.76倍,4.54%
20261002,2032,ｉＦ米債先ベ,140A,東Ｅ,,"2,086",-7,-0.33%,60,ー倍,ー倍,ー%
20261002,2033,ミーク,332A,東G,,"1,191",-17,-1.41%,60,13.4倍,2.11倍,ー%
20261002,2034,松井建,1810,東S,,"1,388",-31,-2.18%,60,9.90倍,0.69倍,5.04%
20261002,2035,ＵＥＸ,9888,東S,,"1,221",-26,-2.09%,60,4.19倍,0.66倍,ー%
20261002,2036,ＲｅＹｕｕ,9425,東S,,234,-1,-0.43%,59,ー倍,1.34倍,ー%
20261002,2037,ＰＣＡ,9629,東P,,"1,545",-5,-0.32%,59,38.9倍,1.81倍,2.59%
20261002,2038,帝通工,6763,東P,,"2,849",-28,-0.97%,59,18.6倍,0.90倍,4.39%
20261002,2039,ソフトクリエ,3371,東P,,"2,157",-27,-1.24%,59,13.0倍,2.11倍,2.87%
20261002,2040,山王,3441,東S,,"1,719",-43,-2.44%,59,10.8倍,0.91倍,2.62%
20261002,2041,高圧ガス,4097,東P,,"1,172",-22,-1.84%,59,14.1倍,0.75倍,3.41%
20261002,2042,ＢＣＣ,7376,東G,,705,-25,-3.42%,59,ー倍,3.02倍,ー%
20261002,2043,ＧＸ純金,425A,東Ｅ,,353.2,-1.8,-0.51%,59,ー倍,ー倍,ー%
20261002,2044,三ッ星,5820,東S,,896,+3,+0.34%,59,13.0倍,0.49倍,1.90%
20261002,2045,ワイズＨＤ,5955,東S,,81,-1,-1.22%,59,29.1倍,0.90倍,1.23%
20261002,2046,イーガーディ,6050,東P,,"1,637",-37,-2.21%,59,18.4倍,1.55倍,2.32%
20261002,2047,第一カッタ,1716,東S,,"1,336",-20,-1.47%,59,10.3倍,0.74倍,3.37%
20261002,2048,ミガロＨＤ,5535,東P,,282,-3,-1.05%,59,12.1倍,1.19倍,3.19%
20261002,2049,ＧＸ中国テク,380A,東Ｅ,,879,-8,-0.90%,59,ー倍,ー倍,ー%
20261002,2050,イーサポート,2493,東S,,949,-29,-2.97%,59,ー倍,1.15倍,0.53%
20261002,2051,信金中央,8421,東証,,"188,700",-500,-0.26%,59,ー倍,ー倍,3.44%
20261002,2052,東祥,8920,東S,,650,-16,-2.40%,59,7.05倍,0.60倍,1.54%
20261002,2053,ソーダニッカ,8158,東P,,"1,307",-15,-1.13%,58,12.2倍,0.82倍,3.37%
20261002,2054,東北銀,8349,東S,,"1,595",-20,-1.24%,58,9.57倍,0.64倍,3.13%
20261002,2055,イノバセル,504A,東G,,602,-19,-3.06%,58,ー倍,2.85倍,ー%
20261002,2056,防衛日本株,644A,東EN,,"10,120",+35,+0.35%,58,ー倍,ー倍,ー%
20261002,2057,燦ＨＤ,9628,東P,,"1,299",-23,-1.74%,58,9.56倍,0.80倍,3.10%
20261002,2058,愛電機,6623,名P,,"8,940",+90,+1.02%,58,9.66倍,0.96倍,3.13%
20261002,2059,ＮａＩＴＯ,7624,東S,,182,0,0.00%,58,11.1倍,0.74倍,2.20%
20261002,2060,オーハシテク,7628,東P,,"1,127",-32,-2.76%,58,13.7倍,0.70倍,3.99%
20261002,2061,愛時計,7723,東P,,"2,857",-31,-1.07%,58,12.3倍,0.86倍,4.20%
20261002,2062,アルプス技,4641,東P,,862,-12,-1.37%,58,13.0倍,2.41倍,4.18%
20261002,2063,ファルコＨＤ,4671,東S,,"2,665",-35,-1.30%,58,13.1倍,1.04倍,4.80%
20261002,2064,ＩＤＨＤ,4709,東P,,"1,045",-26,-2.43%,58,11.8倍,2.37倍,4.78%
20261002,2065,農中東証指数,2524,東Ｅ,,"4,219",-45,-1.06%,58,ー倍,ー倍,ー%
20261002,2066,インテリＷ,4847,東P,,"1,472",0,0.00%,58,25.2倍,3.83倍,2.51%
20261002,2067,日精蝋,5010,東S,,304,+2,+0.66%,57,3.00倍,0.79倍,ー%
20261002,2068,ダイニック,3551,東S,,"1,550",-3,-0.19%,57,6.31倍,0.40倍,2.97%
20261002,2069,エニグモ,3665,東P,,406,-9,-2.17%,57,32.7倍,1.66倍,7.39%
20261002,2070,クリナップ,7955,東P,,903,-31,-3.32%,57,8.97倍,0.53倍,3.65%
20261002,2071,日産東ＨＤ,8291,東S,,539,-7,-1.28%,57,9.16倍,0.55倍,5.01%
20261002,2072,ヘッドウォ,4011,東G,,"2,294",-44,-1.88%,57,35.9倍,2.29倍,ー%
20261002,2073,オロ,3983,東P,,"1,902",-3,-0.16%,57,13.4倍,2.87倍,2.63%
20261002,2074,日精化,4362,東P,,"2,606",-63,-2.36%,57,10.9倍,1.11倍,3.99%
20261002,2075,山田コンサル,4792,東P,,"1,696",-17,-0.99%,57,11.2倍,1.65倍,4.54%
20261002,2076,Ｏｎｅトピ,1473,東Ｅ,,"4,202",-52,-1.22%,57,ー倍,ー倍,ー%
20261002,2077,ラボロＡＩ,5586,東G,,893,-24,-2.62%,57,53.2倍,5.22倍,ー%
20261002,2078,日コン,5269,東P,,348,-6,-1.69%,56,7.26倍,0.42倍,2.87%
20261002,2079,日経エンタメ,586A,東Ｅ,,252.0,-0.7,-0.28%,56,ー倍,ー倍,ー%
20261002,2080,新家工,7305,東S,,"2,691",-66,-2.39%,56,15.1倍,0.75倍,5.57%
20261002,2081,アトネイチャ,7823,東S,,769,-10,-1.28%,56,20.7倍,0.92倍,3.64%
20261002,2082,レック,7874,東P,,963,-8,-0.82%,56,10.4倍,0.83倍,2.91%
20261002,2083,明治電機工業,3388,東P,,"2,096",-28,-1.32%,56,8.65倍,0.69倍,4.58%
20261002,2084,稲葉製作,3421,東S,,"1,595",-13,-0.81%,56,18.2倍,0.56倍,2.76%
20261002,2085,ＭＸ高利Ｊリ,1660,東Ｅ,,"9,904",-236,-2.33%,56,ー倍,ー倍,ー%
20261002,2086,アピリッツ,4174,東S,,"1,067",-21,-1.93%,56,20.0倍,2.40倍,2.72%
20261002,2087,ニチバン,4218,東P,,"1,873",-18,-0.95%,56,16.4倍,0.86倍,2.14%
20261002,2088,日エンター,4829,東S,,105,-2,-1.87%,55,47.5倍,0.86倍,2.86%
20261002,2089,岡谷鋼機,7485,名P,,"5,210",-40,-0.76%,55,6.27倍,0.40倍,1.73%
20261002,2090,鳥取銀,8383,東S,,"1,912",-39,-2.00%,55,11.2倍,0.35倍,2.62%
20261002,2091,エリアリンク,8914,東S,,830,-17,-2.01%,55,11.1倍,1.36倍,3.31%
20261002,2092,ジーデップ,5885,東S,,"3,115",0,0.00%,55,20.7倍,4.86倍,1.54%
20261002,2093,ＡＩＦＣＧ,254A,東S,,"1,140",+10,+0.88%,55,19.8倍,2.29倍,ー%
20261002,2094,ミニストップ,9946,東P,,"1,780",-7,-0.39%,55,516倍,2.17倍,1.12%
20261002,2095,リファバスＧ,7375,東G,,"1,272",+25,+2.00%,55,10.7倍,9.12倍,ー%
20261002,2096,ジェリビンズ,3070,東G,,47,+2,+4.44%,55,23.9倍,0.88倍,ー%
20261002,2097,ペッパー,3053,東S,,198,-1,-0.50%,54,76.2倍,3.49倍,ー%
20261002,2098,東邦レマック,7422,東S,,593,+74,+14.26%,54,42.5倍,0.68倍,1.92%
20261002,2099,Ｊティッシュ,7774,東G,,833,-41,-4.69%,54,339倍,6.58倍,ー%
20261002,2100,エアーテック,6291,東S,,"1,357",+16,+1.19%,54,12.6倍,0.91倍,4.05%
20261002,2101,エネチェンジ,4169,東G,,262,0,0.00%,54,18.9倍,2.17倍,ー%
20261002,2102,コーア商ＨＤ,9273,東P,,758,-4,-0.52%,54,8.89倍,1.02倍,2.51%
20261002,2103,スペース,9622,東P,,"1,398",-20,-1.41%,54,10.4倍,0.96倍,5.15%
20261002,2104,ＩＧポート,3791,東S,,"1,120",+19,+1.73%,54,72.4倍,2.25倍,1.16%
20261002,2105,ＰＲＴＩＭＥ,3922,東P,,"2,144",-44,-2.01%,53,13.2倍,3.10倍,0.78%
20261002,2106,国際計測,7722,東S,,735,-16,-2.13%,53,9.90倍,0.80倍,5.44%
20261002,2107,ヤマックス,5285,東S,,"1,299",-17,-1.29%,53,7.54倍,1.31倍,4.62%
20261002,2108,Ｕｂｉｃｏｍ,3937,東S,,"1,120",-38,-3.28%,53,12.9倍,2.33倍,ー%
20261002,2109,ＢＢＳｅｃ,4398,東S,,"1,440",-54,-3.61%,53,13.5倍,2.62倍,1.18%
20261002,2110,ラクーンＨＤ,3031,東P,,703,-15,-2.09%,53,45.4倍,3.40倍,3.13%
20261002,2111,海帆,3133,東G,,40,-4,-9.09%,53,ー倍,4.05倍,ー%
20261002,2112,ナカバヤシ,7987,東S,,542,-12,-2.17%,53,7.54倍,0.47倍,4.06%
20261002,2113,アイネス,9742,東P,,"2,280",+36,+1.60%,53,27.9倍,1.30倍,2.41%
20261002,2114,学究社,9769,東P,,"2,504",-39,-1.53%,53,12.5倍,3.59倍,5.07%
20261002,2115,ＧＸ高配日株,2564,東Ｅ,,"3,659",-25,-0.68%,53,ー倍,ー倍,ー%
20261002,2116,酒井重,6358,東P,,"2,056",-50,-2.37%,53,16.1倍,0.56倍,5.35%
20261002,2117,加藤製,6390,東P,,"1,292",-15,-1.15%,53,ー倍,0.35倍,5.42%
20261002,2118,宮越ＨＤ,6620,東P,,621,-17,-2.66%,53,75.3倍,1.01倍,ー%
20261002,2119,日本トリム,6788,東P,,"5,210",-90,-1.70%,53,17.6倍,1.67倍,2.50%
20261002,2120,チノー,6850,東P,,"1,809",-11,-0.60%,53,13.8倍,1.28倍,3.32%
20261002,2121,ｉＦブロサム,1654,東Ｅ,,"3,317.0",-30.0,-0.90%,53,ー倍,ー倍,ー%
20261002,2122,クックパッド,2193,東S,,121,-4,-3.20%,53,ー倍,0.65倍,ー%
20261002,2123,ＪＥＳＣＯ,1434,東S,,"1,613",-33,-2.00%,52,10.2倍,1.34倍,2.98%
20261002,2124,日本ナレッジ,5252,東G,,970,+1,+0.10%,52,38.5倍,3.51倍,0.72%
20261002,2125,ｉＦ米債３有,382A,東Ｅ,,"1,859",+6,+0.32%,52,ー倍,ー倍,ー%
20261002,2126,遠藤照明,6932,東S,,"2,494",-20,-0.80%,52,8.37倍,0.73倍,3.53%
20261002,2127,シナネンＨＤ,8132,東P,,"7,430",-100,-1.33%,52,15.4倍,1.35倍,1.62%
20261002,2128,ユキグニ,1375,東P,,"1,136",-23,-1.98%,52,17.9倍,3.31倍,1.76%
20261002,2129,上場豪債ヘ無,2844,東Ｅ,,"5,290",-10,-0.19%,51,ー倍,ー倍,ー%
20261002,2130,手間いらず,2477,東S,,"3,160",-70,-2.17%,51,13.8倍,2.77倍,1.68%
20261002,2131,ｉシェア４百,1364,東Ｅ,,"3,801",-25,-0.65%,51,ー倍,ー倍,ー%
20261002,2132,インタライフ,1418,東S,,604,-4,-0.66%,51,11.5倍,1.92倍,4.97%
20261002,2133,野村電力ガス,1627,東Ｅ,,"12,090",-70,-0.58%,51,ー倍,ー倍,ー%
20261002,2134,ホッカン,5902,東P,,"2,591",-23,-0.88%,51,9.12倍,0.52倍,3.86%
20261002,2135,Ｗｅｌｂｙ,4438,東G,,289,-20,-6.47%,51,ー倍,44.1倍,ー%
20261002,2136,三谷商,8066,東S,,"3,460",-20,-0.57%,51,13.6倍,1.53倍,2.54%
20261002,2137,ＧＸ韓半導体,633A,東Ｅ,,"1,091",0,0.00%,51,ー倍,ー倍,ー%
20261002,2138,地銀業界改革,395A,東Ｅ,,"1,121.0",-5.0,-0.44%,50,ー倍,ー倍,ー%
20261002,2139,プロネクサス,7893,東P,,"1,058",-17,-1.58%,50,13.1倍,1.04倍,4.16%
20261002,2140,ＧＭＯ－ＧＳ,3788,東P,,"1,967",-6,-0.30%,50,21.5倍,2.18倍,3.03%
20261002,2141,ＯｎｅＥＳＧ,1498,東Ｅ,,"32,910",-290,-0.87%,50,ー倍,ー倍,ー%
20261002,2142,セントラルＳ,4801,東P,,"2,315",-20,-0.86%,50,17.6倍,0.98倍,1.73%
20261002,2143,オプティマス,9268,東S,,409,-4,-0.97%,50,8.75倍,0.66倍,4.40%
20261002,2144,エフオン,9514,東S,,342,-1,-0.29%,50,5.57倍,0.37倍,2.34%
20261002,2145,ＮＳＷ,9739,東P,,"2,549",-82,-3.12%,50,10.1倍,1.02倍,4.90%
20261002,2146,瑞光,6279,東P,,928,-21,-2.21%,50,18.9倍,0.67倍,2.16%
20261002,2147,オープンＧ,6572,東P,,254,-9,-3.42%,49,21.9倍,1.34倍,2.56%
20261002,2148,ウインテスト,6721,東S,,67,-3,-4.29%,49,76.1倍,10.9倍,ー%
20261002,2149,Ａｉｍｉｎｇ,3911,東G,,167,-5,-2.91%,49,ー倍,1.07倍,ー%
20261002,2150,ｉＦナ百Ｗベ,2870,東Ｅ,,"7,019",+113,+1.64%,49,ー倍,ー倍,ー%
20261002,2151,神奈交,9081,東P,,"3,825",-85,-2.17%,49,12.6倍,0.70倍,2.35%
20261002,2152,高知銀,8416,東S,,"1,212",+2,+0.17%,49,27.3倍,0.31倍,2.06%
20261002,2153,三谷産業,8285,東S,,812,-4,-0.49%,48,19.2倍,0.87倍,1.60%
20261002,2154,野村高配ＣＦ,518A,東Ｅ,,"2,084",-16,-0.76%,48,ー倍,ー倍,ー%
20261002,2155,ヒロセ通商,7185,東S,,"3,600",-30,-0.83%,48,ー倍,1.01倍,ー%
20261002,2156,シモジマ,7482,東P,,"1,437",-21,-1.44%,48,13.0倍,0.90倍,4.11%
20261002,2157,幸楽苑,7554,東P,,"1,151",-11,-0.95%,48,17.6倍,3.09倍,1.30%
20261002,2158,フラベッドＨ,7840,東P,,"1,272",-13,-1.01%,48,13.8倍,1.06倍,3.30%
20261002,2159,ＣＣＴ,4371,東G,,"1,579",+17,+1.09%,48,19.3倍,4.92倍,1.33%
20261002,2160,ハルメク,7119,東G,,"1,895",-9,-0.47%,48,17.5倍,2.28倍,2.11%
20261002,2161,群栄化,4229,東P,,"4,150",-60,-1.43%,48,16.2倍,0.48倍,2.89%
20261002,2162,リボミック,4591,東G,,76,-4,-5.00%,48,ー倍,1.57倍,ー%
20261002,2163,ｉＳ国債〇一,570A,東Ｅ,,902.0,+0.3,+0.03%,47,ー倍,ー倍,ー%
20261002,2164,上場ＳＰヘ有,2521,東Ｅ,,"2,168",-4,-0.18%,47,ー倍,ー倍,ー%
20261002,2165,高千穂交易,2676,東P,,"2,043",-26,-1.26%,47,23.1倍,2.27倍,3.72%
20261002,2166,ＲＩＺＡＰ,2928,札Ａ,,174,0,0.00%,47,20.7倍,2.07倍,0.77%
20261002,2167,ソラコム,147A,東G,,971,-7,-0.72%,47,63.2倍,3.96倍,ー%
20261002,2168,令和ＡＨ,296A,東G,,"1,105",-44,-3.83%,47,28.7倍,18.3倍,3.30%
20261002,2169,三晃金,1972,東S,,"1,280",-27,-2.07%,47,10.1倍,0.91倍,5.00%
20261002,2170,日本ハウス,1873,東P,,307,-6,-1.92%,46,3.40倍,0.55倍,3.91%
20261002,2171,若築建,1888,東P,,"3,620",-80,-2.16%,46,10.5倍,0.87倍,4.01%
20261002,2172,フェイスＮＷ,3489,東S,,744,-20,-2.62%,46,5.78倍,1.96倍,6.05%
20261002,2173,ダブスタ,3925,東P,,"1,280",-30,-2.29%,46,14.5倍,2.91倍,5.47%
20261002,2174,ヨシコン,5280,東S,,"2,161",-16,-0.73%,46,5.37倍,0.53倍,4.16%
20261002,2175,モリ工業,5464,東S,,895,-13,-1.43%,46,10.6倍,0.58倍,3.80%
20261002,2176,ＣＴＳ,4345,東P,,816,-11,-1.33%,46,12.3倍,2.03倍,3.68%
20261002,2177,ナガホリ,8139,東S,,"2,300",ー,ー%,46,58.8倍,2.53倍,0.65%
20261002,2178,プラスゼロ,5132,東G,,"1,911",+23,+1.22%,46,31.4倍,9.02倍,ー%
20261002,2179,総医研ＨＤ,2385,東G,,215,-5,-2.27%,46,22.5倍,0.92倍,4.65%
20261002,2180,野村国内債券,2510,東Ｅ,,789.0,-2.4,-0.30%,46,ー倍,ー倍,ー%
20261002,2181,ポラリスＨＤ,3010,東S,,188,-2,-1.05%,46,27.5倍,1.41倍,5.32%
20261002,2182,オーウイル,3143,東S,,"1,096",+60,+5.79%,46,14.2倍,1.60倍,2.01%
20261002,2183,エブレン,6599,東S,,"4,435",-100,-2.21%,46,16.7倍,1.29倍,1.31%
20261002,2184,スタメン,4019,東G,,596,-12,-1.97%,46,14.3倍,3.30倍,1.68%
20261002,2185,ビーウィズ,9216,東P,,"1,631",-36,-2.16%,45,24.7倍,2.70倍,4.72%
20261002,2186,細火工,4274,東S,,"1,096",-10,-0.90%,45,19.9倍,1.26倍,1.19%
20261002,2187,扶桑薬,4538,東P,,"2,165",-41,-1.86%,45,14.2倍,0.52倍,4.16%
20261002,2188,ＣＡＮＢＡＳ,4575,東G,,739,-5,-0.67%,45,ー倍,9.09倍,ー%
20261002,2189,野村ダウＨ無,1546,東Ｅ,,"78,400",-400,-0.51%,45,ー倍,ー倍,ー%
20261002,2190,アオイ電子,6832,東S,,"2,524",-36,-1.41%,45,127倍,0.67倍,2.14%
20261002,2191,エステー,4951,東P,,"1,493",-16,-1.06%,45,16.0倍,0.86倍,3.08%
20261002,2192,Ｇｕｎｏｓｙ,6047,東S,,362,-17,-4.49%,45,ー倍,0.69倍,3.59%
20261002,2193,アドウェイズ,2489,東S,,424,-7,-1.62%,45,11.1倍,1.17倍,2.84%
20261002,2194,東京インフラ,9285,東IF,,"38,050",-600,-1.55%,45,13.8倍,0.47倍,7.77%
20261002,2195,サックスバー,9990,東P,,745,-9,-1.19%,45,10.3倍,0.72倍,4.70%
20261002,2196,野村国債Ｄイ,2251,東Ｅ,,923.4,-2.6,-0.28%,45,ー倍,ー倍,ー%
20261002,2197,ｉＳ米高配当,2013,東Ｅ,,297.4,+0.5,+0.17%,45,ー倍,ー倍,ー%
20261002,2198,ｉＳ米２５ヘ,238A,東Ｅ,,110.9,-0.2,-0.18%,45,ー倍,ー倍,ー%
20261002,2199,リアルゲイト,5532,東G,,"3,500",+5,+0.14%,44,31.3倍,3.55倍,ー%
20261002,2200,菊水ＨＤ,6912,東S,,"2,824",-15,-0.53%,44,13.0倍,1.49倍,2.09%
20261002,2201,森六,4249,東P,,"2,760",-65,-2.30%,44,7.34倍,0.56倍,4.53%
20261002,2202,日華化学,4463,東S,,"1,969",-22,-1.10%,44,8.27倍,0.84倍,3.56%
20261002,2203,ＴＯＷ,4767,東S,,390,-8,-2.01%,44,11.2倍,1.49倍,5.31%
20261002,2204,日本アクア,1429,東P,,797,-8,-0.99%,44,13.0倍,2.27倍,4.39%
20261002,2205,ウインＰ,3183,東P,,"1,237",-17,-1.36%,44,15.4倍,1.53倍,4.45%
20261002,2206,ＡＮＡＰＨＤ,3189,東S,,96,-3,-3.03%,44,ー倍,1.52倍,ー%
20261002,2207,ＡＩストーム,3719,東S,,114,-5,-4.20%,44,17.6倍,1.61倍,2.63%
20261002,2208,ＩＸナレッジ,9753,東S,,"1,410",+7,+0.50%,44,8.37倍,1.16倍,3.55%
20261002,2209,パーカー,9845,東S,,"1,325",-26,-1.92%,44,7.54倍,0.64倍,4.00%
20261002,2210,スカラ,4845,東S,,339,-8,-2.31%,44,10.8倍,1.22倍,5.31%
20261002,2211,新田ゼラチン,4977,東S,,"1,175",-10,-0.84%,44,8.92倍,0.85倍,3.40%
20261002,2212,冨士ダイス,6167,東P,,"1,007",-9,-0.89%,44,31.9倍,0.98倍,3.97%
20261002,2213,ＭＶ東海,8198,東S,,"3,290",-50,-1.50%,44,11.3倍,1.09倍,2.58%
20261002,2214,出前館,2484,東S,,153,+3,+2.00%,44,ー倍,0.76倍,ー%
20261002,2215,サイエンスＡ,4412,東G,,"1,495",+35,+2.40%,43,64.5倍,7.88倍,0.07%
20261002,2216,神島化,4026,東S,,"1,600",+6,+0.38%,43,9.04倍,0.98倍,3.25%
20261002,2217,デルタフライ,4598,東G,,111,-4,-3.48%,43,ー倍,-8.3倍,ー%
20261002,2218,エイチーム,3662,東P,,937,-15,-1.58%,43,58.1倍,2.01倍,2.99%
20261002,2219,バリューＨＲ,6078,東P,,"1,517",-24,-1.56%,43,38.6倍,6.00倍,1.85%
20261002,2220,ＣＯＴＡ,4923,東P,,"1,166",-20,-1.69%,42,26.3倍,2.94倍,1.72%
20261002,2221,アルインコ,5933,東P,,"1,075",-18,-1.65%,42,9.72倍,0.62倍,4.19%
20261002,2222,ウィルＧ,6089,東P,,"1,135",-24,-2.07%,42,11.8倍,1.30倍,3.88%
20261002,2223,ネットスタズ,5590,東G,,717,-8,-1.10%,42,24.7倍,1.53倍,ー%
20261002,2224,ＧＸ純金Ｈ,424A,東Ｅ,,318.3,+0.1,+0.03%,42,ー倍,ー倍,ー%
20261002,2225,北の達人,2930,東P,,132,-1,-0.75%,42,25.1倍,2.39倍,2.65%
20261002,2226,Ｓｏｌｖｖｙ,7320,東G,,"1,385",-41,-2.88%,42,8.69倍,2.78倍,2.17%
20261002,2227,ニホンフラ,7820,東P,,682,-12,-1.73%,42,17.2倍,0.49倍,5.28%
20261002,2228,クリヤマＨＤ,3355,東S,,"1,778",-36,-1.98%,42,9.26倍,0.67倍,3.43%
20261002,2229,ステムリム,4599,東G,,164,-6,-3.53%,42,ー倍,2.47倍,ー%
20261002,2230,ドリームＩ,4310,東P,,"2,503",-38,-1.50%,42,ー倍,2.05倍,5.47%
20261002,2231,スタ・アリス,2305,東S,,"1,812",-15,-0.82%,41,24.6倍,1.04倍,2.76%
20261002,2232,オエノンＨＤ,2533,東P,,475,-7,-1.45%,41,8.98倍,0.95倍,2.53%
20261002,2233,ビイングＨＤ,9145,東S,,538,+1,+0.19%,41,9.20倍,1.53倍,2.79%
20261002,2234,ＭＸナスヘ有,2632,東Ｅ,,"18,550",-165,-0.88%,41,ー倍,ー倍,ー%
20261002,2235,ＮＩＳＳＯ,9332,東P,,661,-7,-1.05%,41,10.6倍,1.24倍,3.78%
20261002,2236,ｉＳ米総合債,2256,東Ｅ,,213.9,-0.1,-0.05%,41,ー倍,ー倍,ー%
20261002,2237,ケーユーＨＤ,9856,東S,,"1,180",-23,-1.91%,41,6.67倍,0.54倍,4.92%
20261002,2238,日本モゲジＳ,7192,東S,,678,-11,-1.60%,41,11.0倍,1.06倍,4.42%
20261002,2239,フォーバル,8275,東S,,"1,043",-14,-1.32%,41,12.4倍,1.48倍,3.07%
20261002,2240,環境フレンド,3777,東G,,46,-1,-2.13%,41,ー倍,3.09倍,ー%
20261002,2241,ＣＳＨＤ,3810,東S,,184,-4,-2.13%,41,ー倍,2.31倍,ー%
20261002,2242,ＳＥＩＭＡＨ,3306,東S,,772,-2,-0.26%,40,"1,576倍",2.23倍,0.52%
20261002,2243,共和レ,3553,東S,,879,-14,-1.57%,40,ー倍,0.58倍,5.92%
20261002,2244,ファルコム,3723,東G,,"2,576",-14,-0.54%,40,17.0倍,2.32倍,0.39%
20261002,2245,勤次郎,4013,東G,,657,+16,+2.50%,40,12.4倍,1.23倍,1.52%
20261002,2246,クリングル,4884,東G,,484,-13,-2.62%,40,ー倍,3.42倍,ー%
20261002,2247,人・夢・技術,9248,東S,,"1,572",-44,-2.72%,40,11.3倍,0.64倍,3.82%
20261002,2248,カルナバイオ,4572,東G,,413,-19,-4.40%,40,ー倍,-21倍,ー%
20261002,2249,キッズバイオ,4584,東G,,162,-5,-2.99%,40,ー倍,4.55倍,ー%
20261002,2250,大成温調,1904,東S,,"1,249",-10,-0.79%,40,5.86倍,1.01倍,3.96%
20261002,2251,パンチ,6165,東S,,523,-17,-3.15%,40,12.0倍,0.59倍,3.84%
20261002,2252,クロスキャト,2307,東P,,"1,042",-27,-2.53%,40,9.48倍,2.26倍,3.74%
20261002,2253,フルッタ,2586,東G,,58,-2,-3.33%,40,67.4倍,0.91倍,ー%
20261002,2254,鈴茂器工,6405,東S,,"1,290",-38,-2.86%,40,22.9倍,1.11倍,2.71%
20261002,2255,アイコム,6820,東P,,"3,645",-145,-3.83%,40,16.9倍,0.71倍,2.39%
20261002,2256,ユーソナー,431A,東G,,"2,620",-42,-1.58%,40,20.5倍,4.34倍,ー%
20261002,2257,西部技研,6223,東S,,"1,942",-14,-0.72%,40,9.75倍,1.15倍,3.60%
20261002,2258,ジンジブ,142A,東G,,"1,070",+12,+1.13%,39,8.81倍,5.33倍,ー%
20261002,2259,ＳＭＫ,6798,東P,,"3,290",-65,-1.94%,39,26.0倍,0.67倍,3.04%
20261002,2260,ティアック,6803,東S,,97,-1,-1.02%,39,9.31倍,0.69倍,1.03%
20261002,2261,ファインデ,3649,東P,,848,-17,-1.97%,39,15.9倍,3.66倍,3.18%
20261002,2262,野村ダウＨ有,2846,東Ｅ,,"2,561",+101,+4.11%,39,ー倍,ー倍,ー%
20261002,2263,キューブシス,2335,東P,,"1,022",-10,-0.97%,39,10.3倍,1.39倍,4.50%
20261002,2264,ファンコミ,2461,東P,,383,-2,-0.52%,39,36.6倍,1.55倍,5.48%
20261002,2265,ホクリヨウ,1384,東S,,"2,090",-16,-0.76%,39,7.79倍,1.03倍,3.83%
20261002,2266,純パラ信託,1543,東Ｅ,,"54,610",-670,-1.21%,39,ー倍,ー倍,ー%
20261002,2267,理経,8226,東S,,391,-12,-2.98%,39,14.1倍,0.99倍,1.79%
20261002,2268,バードマン,7063,東G,,55,-1,-1.79%,39,16.6倍,2.74倍,ー%
20261002,2269,アドヴァンＧ,7463,東S,,925,-31,-3.24%,39,ー倍,0.51倍,4.32%
20261002,2270,エコス,7520,東P,,"2,524",-14,-0.55%,39,7.90倍,0.94倍,2.77%
20261002,2271,日食品,2892,東S,,"4,900",+90,+1.87%,38,15.5倍,0.77倍,3.06%
20261002,2272,ヨシタケ,6488,東S,,"1,021",-24,-2.30%,38,9.34倍,0.70倍,3.53%
20261002,2273,Ｔワークス,3997,東S,,424,-13,-2.97%,38,57.3倍,6.82倍,0.47%
20261002,2274,アイドマＨＤ,7373,東G,,879,-11,-1.24%,38,10.6倍,1.64倍,3.41%
20261002,2275,ｉＦＥナ百ベ,2842,東Ｅ,,"11,740",+140,+1.21%,38,ー倍,ー倍,ー%
20261002,2276,電算,3640,東S,,"2,684",-21,-0.78%,38,8.78倍,0.95倍,3.73%
20261002,2277,ソフトウェア,3733,東S,,"11,530",-60,-0.52%,38,8.76倍,1.41倍,1.47%
20261002,2278,Ｊファーマ,520A,東G,,397,-18,-4.34%,38,ー倍,2.05倍,ー%
20261002,2279,杉本商,9932,東P,,"1,327",-21,-1.56%,38,13.4倍,0.66倍,4.07%
20261002,2280,エムビーエス,1401,東G,,"1,735",+51,+3.03%,38,ー倍,3.10倍,ー%
20261002,2281,ココナラ,4176,東G,,271,-7,-2.52%,37,16.9倍,2.72倍,ー%
20261002,2282,サイバトラス,4498,東G,,"1,114",-17,-1.50%,37,14.8倍,2.44倍,1.26%
20261002,2283,ライク,2462,東P,,"1,496",-13,-0.86%,37,11.3倍,1.51倍,4.01%
20261002,2284,ティア,2485,東S,,431,-8,-1.82%,37,19.4倍,1.11倍,5.34%
20261002,2285,テンポスＨＤ,2751,東S,,"3,645",-50,-1.35%,37,16.3倍,2.44倍,0.25%
20261002,2286,ひらまつ,2764,東S,,159,-3,-1.85%,37,39.0倍,1.83倍,0.77%
20261002,2287,イクヨ,7273,東S,,591,-16,-2.64%,37,283倍,1.32倍,0.51%
20261002,2288,ケイファーマ,4896,東G,,750,-50,-6.25%,37,ー倍,11.3倍,ー%
20261002,2289,ＧＷ,3936,東G,,130,+2,+1.56%,37,39.9倍,4.13倍,ー%
20261002,2290,メドレックス,4586,東G,,59,0,0.00%,37,ー倍,2.63倍,ー%
20261002,2291,ＥＭシステム,4820,東P,,564,-12,-2.08%,37,17.8倍,1.96倍,4.08%
20261002,2292,ＭＳジャパン,6539,東P,,966,-21,-2.13%,37,22.2倍,2.81倍,5.80%
20261002,2293,ダイヤＨＤ,6699,東S,,481,-7,-1.43%,37,609倍,0.41倍,5.20%
20261002,2294,大阪製鉄,5449,東S,,"2,433",-17,-0.69%,37,243倍,0.66倍,ー%
20261002,2295,中央倉,9319,東P,,"1,701",-44,-2.52%,37,14.4倍,0.60倍,2.47%
20261002,2296,Ｊ－ＭＡＸ,3422,東S,,657,-16,-2.38%,37,7.54倍,0.37倍,1.22%
20261002,2297,リネットＪ,3556,東G,,760,-22,-2.81%,37,9.31倍,7.06倍,ー%
20261002,2298,ＹＵＳＨＩＮ,6482,東S,,709,-12,-1.66%,36,24.7倍,0.66倍,ー%
20261002,2299,ヤーマン,6630,東P,,771,-9,-1.15%,36,121倍,1.74倍,1.17%
20261002,2300,ツインバード,6897,東S,,576,+11,+1.95%,36,136倍,0.93倍,2.26%
20261002,2301,コア,2359,東P,,"2,042",-25,-1.21%,36,9.79倍,1.42倍,3.18%
20261002,2302,ベステラ,1433,東P,,"1,201",+6,+0.50%,36,20.1倍,2.03倍,3.33%
20261002,2303,大盛工業,1844,東S,,430,-5,-1.15%,36,15.9倍,1.27倍,2.79%
20261002,2304,ＮＹダウブル,2040,東EN,,"36,470",+140,+0.39%,36,ー倍,ー倍,ー%
20261002,2305,トヨクモ,4058,東G,,"2,155",-50,-2.27%,36,16.7倍,5.27倍,1.25%
20261002,2306,野村ＳＰＨ無,2633,東Ｅ,,559.1,-3.3,-0.59%,36,ー倍,ー倍,ー%
20261002,2307,エイビック,9554,東G,,"1,700",-49,-2.80%,36,14.1倍,3.73倍,ー%
20261002,2308,アミューズ,4301,東P,,"1,833",-5,-0.27%,36,23.8倍,0.83倍,3.49%
20261002,2309,パラカ,4809,東P,,"1,969",-25,-1.25%,36,8.75倍,0.93倍,3.66%
20261002,2310,ＳＰＫ,7466,東P,,"1,449",-20,-1.36%,36,10.7倍,0.99倍,2.83%
20261002,2311,ＧＥＮＯＶＡ,9341,東P,,602,-17,-2.75%,36,8.77倍,1.72倍,4.98%
20261002,2312,いであ,9768,東S,,"3,730",-80,-2.10%,36,11.1倍,0.85倍,3.16%
20261002,2313,やまや,9994,東S,,"1,994",-10,-0.50%,36,10.3倍,0.58倍,3.61%
20261002,2314,ＣＫサンエツ,5757,東P,,"4,915",-115,-2.29%,36,6.25倍,0.72倍,2.03%
20261002,2315,ＧＸＣカバコ,576A,東Ｅ,,854,-9,-1.04%,36,ー倍,ー倍,ー%
20261002,2316,かがやきＨＤ,624A,名N,,"1,114",+34,+3.15%,36,10.8倍,2.77倍,ー%
20261002,2317,リックス,7525,東P,,"3,525",-45,-1.26%,35,9.53倍,0.99倍,4.60%
20261002,2318,ウェッジＨＤ,2388,東G,,13,-4,-23.53%,35,ー倍,0.71倍,ー%
20261002,2319,ワッツ,2735,東S,,725,-8,-1.09%,35,9.62倍,0.71倍,3.17%
20261002,2320,あみやき,2753,東P,,"1,375",-16,-1.15%,35,19.5倍,1.26倍,2.47%
20261002,2321,日本一ソフト,3851,東S,,"1,352",-1,-0.07%,35,9.53倍,0.87倍,0.37%
20261002,2322,アライドＨＤ,6835,東S,,272,-2,-0.73%,35,9.66倍,1.31倍,3.31%
20261002,2323,ノムラシス,3940,東S,,130,-1,-0.76%,35,16.3倍,1.70倍,2.73%
20261002,2324,野村電機精密,1625,東Ｅ,,"67,560",-260,-0.38%,35,ー倍,ー倍,ー%
20261002,2325,小田原エンジ,6149,東S,,"2,161",-19,-0.87%,35,14.4倍,0.64倍,3.24%
20261002,2326,中村超硬,6166,東G,,610,-3,-0.49%,35,ー倍,7.31倍,ー%
20261002,2327,シーユーシー,9158,東G,,748,-18,-2.35%,35,19.9倍,0.66倍,ー%
20261002,2328,ＪＲＣ,6224,東G,,"1,142",-47,-3.95%,35,12.1倍,2.55倍,2.98%
20261002,2329,あかつき本社,8737,東S,,574,-12,-2.05%,35,5.26倍,0.82倍,5.23%
20261002,2330,ＢＳ１１,9414,東S,,950,-11,-1.14%,35,13.0倍,0.68倍,3.16%
20261002,2331,ファイバーＧ,9450,東S,,750,-20,-2.60%,35,13.2倍,2.16倍,3.60%
20261002,2332,グランディ,8999,東P,,554,-11,-1.95%,34,14.7倍,0.65倍,5.78%
20261002,2333,片倉コープ,4031,東S,,"1,018",-40,-3.78%,34,18.3倍,0.40倍,2.75%
20261002,2334,ウェルネット,2428,東S,,619,-3,-0.48%,34,10.2倍,1.28倍,4.93%
20261002,2335,ブルドック,2804,東P,,"1,840",-33,-1.76%,34,23.7倍,0.88倍,2.45%
20261002,2336,ＮＥＷＡＲＴ,7638,東S,,"1,381",-17,-1.22%,34,9.48倍,2.16倍,5.79%
20261002,2337,東京衡機,7719,東S,,499,-9,-1.77%,34,15.2倍,2.02倍,ー%
20261002,2338,セルシード,7776,東G,,215,-3,-1.38%,34,ー倍,4.82倍,ー%
20261002,2339,粧美堂,7819,東S,,942,-15,-1.57%,34,11.3倍,1.65倍,3.50%
20261002,2340,ヒラノテク,6245,東S,,"1,771",-48,-2.64%,34,24.4倍,0.68倍,4.74%
20261002,2341,トリニ工,6382,東S,,"1,210",-16,-1.31%,34,10.0倍,0.57倍,5.04%
20261002,2342,サクサ,6675,東S,,"2,099",-14,-0.66%,34,2.23倍,0.78倍,5.96%
20261002,2343,ドリコム,3793,東G,,554,-1,-0.18%,34,26.2倍,3.03倍,0.90%
20261002,2344,野村ＳＰＨ有,2634,東Ｅ,,"3,162",-15,-0.47%,34,ー倍,ー倍,ー%
20261002,2345,セキュア,4264,東G,,"1,358",-23,-1.67%,34,20.6倍,2.12倍,ー%
20261002,2346,マイクロアド,9553,東G,,635,-13,-2.01%,34,24.8倍,4.24倍,ー%
20261002,2347,動物高度医療,6039,東G,,"1,017",+3,+0.30%,34,14.8倍,2.65倍,1.28%
20261002,2348,アサンテ,6073,東P,,"1,371",-24,-1.72%,34,383倍,1.43倍,4.52%
20261002,2349,シンメンテ,6086,東G,,986,-23,-2.28%,34,14.1倍,4.11倍,2.23%
20261002,2350,日東工器,6151,東P,,"1,671",-34,-1.99%,34,21.3倍,0.51倍,1.92%
20261002,2351,中村屋,2204,東S,,"3,060",-20,-0.65%,34,18.4倍,0.63倍,2.45%
20261002,2352,全保連,5845,東S,,"1,205",-22,-1.79%,34,11.3倍,4.07倍,4.48%
20261002,2353,情報戦略テク,155A,東G,,732,-18,-2.40%,33,17.6倍,3.90倍,ー%
20261002,2354,ウェルネス,366A,東G,,"1,160",-15,-1.28%,33,12.6倍,2.60倍,3.45%
20261002,2355,エルテス,3967,東G,Ｓ,773,+100,+14.86%,33,26.6倍,2.70倍,ー%
20261002,2356,ヒトコムＨＤ,4433,東P,,839,-5,-0.59%,33,98.5倍,0.88倍,4.47%
20261002,2357,ギークリー,505A,東S,,"1,329",-21,-1.56%,33,9.44倍,3.90倍,4.29%
20261002,2358,ＧＸ宇宙テク,610A,東Ｅ,,"1,041",-11,-1.05%,33,ー倍,ー倍,ー%
20261002,2359,ＪＫＨＤ,9896,東S,,"1,350",-35,-2.53%,33,8.60倍,0.55倍,4.44%
20261002,2360,ＮＩＴＴＡＮ,6493,東S,,472,+1,+0.21%,33,7.56倍,0.43倍,4.24%
20261002,2361,ヒビノ,2469,東S,,"1,320",+4,+0.30%,33,10.1倍,1.88倍,3.41%
20261002,2362,日本ホスピス,7061,東G,,475,-12,-2.46%,33,ー倍,1.10倍,ー%
20261002,2363,野村自動車,1622,東Ｅ,,"33,440",-790,-2.31%,33,ー倍,ー倍,ー%
20261002,2364,上場ＮＱヘ有,2569,東Ｅ,,"4,454",-31,-0.69%,33,ー倍,ー倍,ー%
20261002,2365,河合楽,7952,東P,,"3,425",-20,-0.58%,33,18.4倍,0.64倍,2.77%
20261002,2366,川岸工,5921,東S,,"4,290",-60,-1.38%,33,10.7倍,0.39倍,3.96%
20261002,2367,レントラクス,6045,東G,,"2,025",-78,-3.71%,33,17.6倍,2.45倍,1.23%
20261002,2368,ＴＹＫ,5363,東S,,719,-6,-0.83%,32,7.05倍,0.63倍,4.26%
20261002,2369,ナフコ,2790,東S,,"1,990",-20,-1.00%,32,38.5倍,0.32倍,2.91%
20261002,2370,なとり,2922,東P,,"1,962",-26,-1.31%,32,16.9倍,0.88倍,1.53%
20261002,2371,窪田製薬ＨＤ,4596,東G,,67,+1,+1.52%,32,ー倍,6.78倍,ー%
20261002,2372,信和,3447,東S,,958,-7,-0.73%,32,8.12倍,0.75倍,3.76%
20261002,2373,アイズ,5242,東G,,"2,151",-219,-9.24%,32,737倍,3.63倍,ー%
20261002,2374,ＴＭＮ,5258,東G,,418,-13,-3.02%,32,20.7倍,1.82倍,ー%
20261002,2375,ファーストＡ,5588,東G,,750,-10,-1.32%,32,40.2倍,5.17倍,0.52%
20261002,2376,ペガサス,6262,東S,,518,-7,-1.33%,32,49.7倍,0.38倍,ー%
20261002,2377,ｉＳ米債カバ,453A,東Ｅ,,717.0,-1.7,-0.24%,32,ー倍,ー倍,ー%
20261002,2378,ナラサキ,8085,東S,,"4,595",+120,+2.68%,32,9.25倍,0.78倍,3.05%
20261002,2379,富士ＰＳ,1848,東S,,873,-10,-1.13%,32,15.3倍,1.16倍,2.86%
20261002,2380,ヤマト,1967,東S,,"2,147",-19,-0.88%,32,11.2倍,1.12倍,3.59%
20261002,2381,ヤギ,7460,東S,,"1,688",-24,-1.40%,32,11.0倍,0.85倍,3.55%
20261002,2382,ＧＸゲー日株,2640,東Ｅ,,"4,280",-7,-0.16%,32,ー倍,ー倍,ー%
20261002,2383,ピックルス,2935,東P,,"1,161",-17,-1.44%,32,11.9倍,0.72倍,2.76%
20261002,2384,ＧＥＩ,9212,東S,,265,-7,-2.57%,31,20.6倍,1.76倍,ー%
20261002,2385,船場,6540,東S,,"1,500",-8,-0.53%,31,10.0倍,1.13倍,5.20%
20261002,2386,オーナンバ,5816,東S,,"1,444",-3,-0.21%,31,9.26倍,0.59倍,4.85%
20261002,2387,プラップＪ,2449,東S,Ｓ,"1,348",+300,+28.63%,31,11.9倍,1.08倍,3.04%
20261002,2388,キャンドゥ,2698,東S,,"3,225",-35,-1.07%,31,115倍,4.79倍,0.53%
20261002,2389,ヒューマンＴ,5621,東G,,"1,558",-20,-1.27%,31,13.4倍,2.85倍,2.25%
20261002,2390,日水コン,261A,東S,,"1,987",-20,-1.00%,31,14.2倍,1.54倍,3.72%
20261002,2391,白鳩,3192,東S,,222,-11,-4.72%,31,106倍,0.60倍,ー%
20261002,2392,ソケッツ,3634,東S,Ｓ,698,+100,+16.72%,31,30.5倍,2.89倍,0.86%
20261002,2393,ナガセ,9733,東S,,"2,235",-32,-1.41%,31,12.2倍,1.99倍,5.37%
20261002,2394,今村証券,7175,東S,,"1,977",-83,-4.03%,31,ー倍,0.74倍,ー%
20261002,2395,ジーイエット,7603,東S,,33,-2,-5.71%,31,ー倍,0.93倍,ー%
20261002,2396,ｉＳ米債７,1656,東Ｅ,,297.2,+0.5,+0.17%,31,ー倍,ー倍,ー%
20261002,2397,アツギ,3529,東S,,"1,021",-14,-1.35%,30,ー倍,0.52倍,ー%
20261002,2398,サイバーリン,3683,東S,,"1,065",-19,-1.75%,30,9.16倍,1.23倍,3.29%
20261002,2399,ＬＴＳ,6560,東P,,"1,780",-13,-0.73%,30,7.36倍,1.55倍,2.25%
20261002,2400,テクノメデカ,6678,東S,,"2,000",-24,-1.19%,30,16.5倍,0.93倍,4.65%
20261002,2401,トビラシステ,4441,東S,,"1,463",-21,-1.42%,30,28.4倍,4.91倍,2.73%
20261002,2402,ネオマーケ,4196,東S,,"1,322",+45,+3.52%,30,11.5倍,4.03倍,ー%
20261002,2403,三和油化工業,4125,東S,,"3,650",-10,-0.27%,30,14.3倍,1.14倍,1.37%
20261002,2404,ノバック,5079,東S,,"2,550",-7,-0.27%,30,17.1倍,0.71倍,4.71%
20261002,2405,ウネリー,5034,東G,,"2,436",-93,-3.68%,30,22.2倍,3.58倍,ー%
20261002,2406,サイフューズ,4892,東G,,655,-2,-0.30%,30,ー倍,2.65倍,ー%
20261002,2407,スカイマーク,9204,東G,,428,-2,-0.47%,30,32.2倍,0.92倍,ー%
20261002,2408,ＪＦＥシステ,4832,東S,,"1,891",-24,-1.25%,30,13.6倍,1.71倍,3.70%
20261002,2409,ダントーＨＤ,5337,東S,,919,+49,+5.63%,30,ー倍,3.74倍,ー%
20261002,2410,日進工具,6157,東S,,810,-6,-0.74%,30,24.5倍,1.07倍,3.70%
20261002,2411,タカミヤ,2445,東S,,385,-8,-2.04%,30,9.54倍,0.77倍,4.16%
20261002,2412,ホリイフード,3077,東S,,"1,443",-35,-2.37%,30,15.9倍,7.39倍,ー%
20261002,2413,ピアラ,7044,東S,,614,-9,-1.44%,30,20.2倍,6.46倍,ー%
20261002,2414,インテリクス,463A,東S,,981,-25,-2.49%,30,5.87倍,0.60倍,4.89%
20261002,2415,大成ラミック,4994,東S,,"2,616",-24,-0.91%,29,10.6倍,0.59倍,2.68%
20261002,2416,ダイジェト,6138,東S,,"2,085",+6,+0.29%,29,7.29倍,0.61倍,3.36%
20261002,2417,ヘリオスＴＨ,6927,東S,,983,-10,-1.01%,29,14.9倍,1.13倍,6.00%
20261002,2418,第一建設,1799,東S,,"3,315",-15,-0.45%,29,13.7倍,0.81倍,4.83%
20261002,2419,田辺工業,1828,東S,,"2,304",-13,-0.56%,29,8.97倍,0.87倍,4.34%
20261002,2420,アイケイケイ,2198,東P,,753,-13,-1.70%,29,30.6倍,1.78倍,3.19%
20261002,2421,ダイドー,3205,東S,,735,-8,-1.08%,29,25.9倍,2.28倍,6.80%
20261002,2422,マテリアルＧ,156A,東G,,850,-14,-1.62%,29,13.1倍,3.44倍,3.07%
20261002,2423,メディシス,4350,東S,,521,-10,-1.88%,29,15.2倍,0.90倍,2.30%
20261002,2424,コンフインタ,7374,東G,,"1,490",-10,-0.67%,29,10.0倍,1.53倍,5.70%
20261002,2425,野村米十債Ｈ,2648,東Ｅ,,"3,201",+11,+0.34%,29,ー倍,ー倍,ー%
20261002,2426,スターツ出版,7849,東S,,"3,000",+3,+0.10%,29,11.1倍,1.06倍,4.33%
20261002,2427,フォーサイド,2330,東S,,84,-3,-3.45%,29,45.7倍,1.22倍,ー%
20261002,2428,キングジム,7962,東P,,778,-6,-0.77%,29,20.8倍,0.84倍,1.93%
20261002,2429,ルックＨＤ,8029,東S,,"2,731",-22,-0.80%,29,12.8倍,0.49倍,3.66%
20261002,2430,ファースト住,8917,東S,,"1,075",-2,-0.19%,29,9.97倍,0.36倍,4.00%
20261002,2431,和心,9271,東G,,981,-22,-2.19%,29,12.3倍,4.14倍,1.22%
20261002,2432,日邦産業,9913,東S,,"3,770",+70,+1.89%,29,24.3倍,2.00倍,2.10%
20261002,2433,広ガス,9535,東P,,416,-4,-0.95%,28,13.0倍,0.40倍,2.88%
20261002,2434,エディア,3935,東S,,715,-26,-3.51%,28,8.10倍,2.51倍,2.38%
20261002,2435,前沢給装,6485,東S,,"1,668",-14,-0.83%,28,16.7倍,0.84倍,3.60%
20261002,2436,ＩＲジャパン,6035,東S,,730,-21,-2.80%,28,ー倍,2.00倍,ー%
20261002,2437,西部電機,6144,東S,,"2,718",-29,-1.06%,28,13.6倍,1.16倍,3.31%
20261002,2438,Ｓ＆Ｊ,5599,東G,,"1,099",-7,-0.63%,28,15.1倍,2.88倍,1.55%
20261002,2439,ウルフハンド,194A,東G,,"1,701",-43,-2.47%,28,13.3倍,3.61倍,1.53%
20261002,2440,カネコ種,1376,東S,,"1,536",-30,-1.92%,28,10.2倍,0.63倍,3.13%
20261002,2441,Ｈ株ブル,1572,東Ｅ,,"6,303",-286,-4.34%,28,ー倍,ー倍,ー%
20261002,2442,デリカフＨＤ,3392,東S,,753,+8,+1.07%,28,7.00倍,1.18倍,3.59%
20261002,2443,サツドラＨＤ,3544,東S,,"1,247",0,0.00%,28,ー倍,1.73倍,ー%
20261002,2444,デジプラ,3691,東G,,"1,791",-25,-1.38%,28,ー倍,9.76倍,ー%
20261002,2445,ｅＢＡＳＥ,3835,東P,,425,-7,-1.62%,28,17.5倍,2.75倍,3.58%
20261002,2446,太平発,8835,東S,,775,-17,-2.15%,28,12.8倍,0.38倍,5.23%
20261002,2447,東ラヂ,7235,東S,,"1,530",-34,-2.17%,28,8.17倍,0.60倍,5.03%
20261002,2448,サンメッセ,7883,東S,,457,+7,+1.56%,28,29.6倍,0.39倍,1.97%
20261002,2449,ＭＨＴ,9218,東G,,805,-15,-1.83%,28,29.6倍,5.99倍,1.24%
20261002,2450,ＷＤＢ,2475,東P,,"1,714",-28,-1.61%,28,11.9倍,1.00倍,5.48%
20261002,2451,ジェイテック,2479,東S,,252,-6,-2.33%,28,11.2倍,1.46倍,ー%
20261002,2452,アップル,2788,東S,,402,-15,-3.60%,28,6.47倍,0.49倍,3.73%
20261002,2453,エバラ食品,2819,東S,,"2,451",-25,-1.01%,28,23.9倍,0.65倍,2.04%
20261002,2454,イートアンド,2882,東P,,"2,007",-6,-0.30%,27,50.2倍,2.00倍,0.75%
20261002,2455,ｉＦ日経ベ,1456,東Ｅ,,"1,208",+11,+0.92%,27,ー倍,ー倍,ー%
20261002,2456,塩水糖,2112,東S,,442,-11,-2.43%,27,6.77倍,0.55倍,3.62%
20261002,2457,アルファ,4719,東P,,"3,260",-35,-1.06%,27,12.5倍,1.01倍,4.29%
20261002,2458,上場リ高３０,608A,東Ｅ,,"1,402",-20,-1.41%,27,ー倍,ー倍,ー%
20261002,2459,上場ＳＰレ２,2239,東Ｅ,,"26,915",-85,-0.31%,27,ー倍,ー倍,ー%
20261002,2460,ＰＲＩＳＭバ,206A,東G,,146,-4,-2.67%,27,ー倍,2.88倍,ー%
20261002,2461,三共興,8018,東S,,833,-7,-0.83%,27,15.4倍,0.51倍,3.24%
20261002,2462,フィスコ,3807,東G,,88,-2,-2.22%,27,226倍,20.0倍,ー%
20261002,2463,ギークス,7060,東S,,596,-4,-0.67%,27,9.61倍,2.10倍,5.37%
20261002,2464,ヤマノＨＤ,7571,東S,,86,0,0.00%,27,23.4倍,2.23倍,1.74%
20261002,2465,今仙電機,7266,東S,,954,-21,-2.15%,26,8.82倍,0.36倍,3.35%
20261002,2466,タカショー,7590,東S,,399,-1,-0.25%,26,56.0倍,0.52倍,1.25%
20261002,2467,チャットプラ,598A,東G,,"1,381",-12,-0.86%,26,18.6倍,8.84倍,0.65%
20261002,2468,金２倍ブル,606A,東Ｅ,,"19,725",-235,-1.18%,26,ー倍,ー倍,ー%
20261002,2469,グロースコア,1563,東Ｅ,,"2,437",-28,-1.14%,26,ー倍,ー倍,ー%
20261002,2470,ＷＴ銅,1693,東Ｅ,,"8,841",-46,-0.52%,26,ー倍,ー倍,ー%
20261002,2471,サンテック,1960,東S,,"1,656",-9,-0.54%,26,11.1倍,0.76倍,3.32%
20261002,2472,アルトナー,2163,東P,,930,-10,-1.06%,26,15.8倍,3.57倍,4.62%
20261002,2473,ＵＮＩＴＥＤ,2497,東G,,495,-10,-1.98%,26,739倍,1.13倍,4.44%
20261002,2474,オリコンＨＤ,2498,東S,,"2,983",-27,-0.90%,26,8.92倍,1.13倍,4.36%
20261002,2475,ＵＦＨＤ,4235,東S,,674,-6,-0.88%,26,25.6倍,0.71倍,5.19%
20261002,2476,チムスピ,4397,東G,,367,-8,-2.13%,26,17.5倍,4.25倍,ー%
20261002,2477,ミヨシ,4404,東S,,"2,150",-57,-2.58%,26,14.6倍,0.50倍,3.26%
20261002,2478,ジーニー,6562,東G,,986,-12,-1.20%,26,9.37倍,ー倍,ー%
20261002,2479,インスペック,6656,東S,,821,-16,-1.91%,26,41.4倍,4.02倍,ー%
20261002,2480,新コスモス,6824,東S,,"3,950",-20,-0.50%,26,12.1倍,0.91倍,2.41%
20261002,2481,ＭＲＴ,6034,東G,,573,-26,-4.34%,26,24.3倍,0.66倍,0.87%
20261002,2482,アライドアキ,6081,東G,,146,+4,+2.82%,26,129倍,1.29倍,ー%
20261002,2483,ＧＸＳカバコ,2868,東Ｅ,,"1,143",-4,-0.35%,26,ー倍,ー倍,ー%
20261002,2484,ｊｉｇ．ｊｐ,5244,東G,,176,-3,-1.68%,26,6.26倍,1.41倍,1.66%
20261002,2485,ｉＳＳＴ２０,313A,東Ｅ,,272.3,-2.8,-1.02%,26,ー倍,ー倍,ー%
20261002,2486,コパ,7689,東G,,340,-20,-5.56%,26,"1,000倍",1.35倍,ー%
20261002,2487,Ｔ＆Ｓ・Ｇ,4055,東G,,"1,610",-3,-0.19%,26,22.3倍,2.97倍,0.68%
20261002,2488,上場ＮＱヘ無,2568,東Ｅ,,"8,276",-95,-1.13%,26,ー倍,ー倍,ー%
20261002,2489,さくらさく,7097,東G,,"2,767",-39,-1.39%,26,15.6倍,1.98倍,1.16%
20261002,2490,オーケーエム,6229,東S,,"1,460",-25,-1.68%,26,8.74倍,0.59倍,3.42%
20261002,2491,ＭＸ米ＳＰ有,2630,東Ｅ,,"16,095",0,0.00%,26,ー倍,ー倍,ー%
20261002,2492,ジーネクスト,4179,東G,,333,-13,-3.76%,26,ー倍,23.8倍,ー%
20261002,2493,新光商,8141,東P,,"1,567",-2,-0.13%,26,32.0倍,0.84倍,ー%
20261002,2494,千趣会,8165,東S,,100,0,0.00%,26,ー倍,0.27倍,ー%
20261002,2495,ニチモウ,8091,東P,,"2,341",-38,-1.60%,25,7.56倍,0.56倍,4.27%
20261002,2496,和田興産,8931,東S,,"1,282",-37,-2.81%,25,6.69倍,0.40倍,5.23%
20261002,2497,ＴＶＥ,6466,東S,,"4,235",-105,-2.42%,25,12.1倍,0.77倍,1.30%
20261002,2498,戸上電,6643,東S,,"5,590",-60,-1.06%,25,9.09倍,1.05倍,2.50%
20261002,2499,ベルトラ,7048,東G,,143,-5,-3.38%,25,15.4倍,2.17倍,ー%
20261002,2500,扶桑電通,7505,東S,,"1,924",-45,-2.29%,25,8.67倍,1.23倍,4.63%
20261002,2501,いちごグリン,9282,東IF,,"30,000",+20,+0.07%,25,29.7倍,0.98倍,6.14%
20261002,2502,あさくま,7678,東S,,"3,740",-65,-1.71%,25,96.0倍,12.9倍,ー%
20261002,2503,ニーズウェル,3992,東P,,433,-4,-0.92%,25,17.8倍,3.34倍,3.23%
20261002,2504,大幸薬品,4574,東P,,252,-4,-1.56%,25,23.1倍,1.50倍,1.39%
20261002,2505,ｉＳ米リート,1659,東Ｅ,,"3,606",-17,-0.47%,25,ー倍,ー倍,ー%
20261002,2506,鳥越粉,2009,東S,,"1,128",+8,+0.71%,25,23.5倍,0.71倍,4.34%
20261002,2507,シンワワイズ,2437,東S,,611,-19,-3.02%,25,66.0倍,3.20倍,ー%
20261002,2508,北海コカ,2573,東S,,"4,135",-5,-0.12%,25,51.2倍,1.29倍,0.73%
20261002,2509,プレミアムＷ,2588,東S,,"3,560",-30,-0.84%,25,8.49倍,3.43倍,3.37%
20261002,2510,ｋｕｂｅｌｌ,4448,東G,,362,+4,+1.12%,25,25.4倍,5.98倍,ー%
20261002,2511,サスメド,4263,東G,,422,-9,-2.09%,25,ー倍,1.79倍,ー%
20261002,2512,ヌーラボ,5033,東G,,"1,238",+4,+0.32%,25,16.3倍,3.84倍,ー%
20261002,2513,フリークＨＤ,6094,東G,,500,-6,-1.19%,25,11.0倍,0.73倍,ー%
20261002,2514,アーバネット,3242,東S,,539,-1,-0.19%,25,9.25倍,1.02倍,4.45%
20261002,2515,ＡＭＩ,3773,東G,,"1,051",-23,-2.14%,25,14.0倍,1.21倍,2.09%
20261002,2516,ネオジャパン,3921,東P,,"1,599",-5,-0.31%,25,12.0倍,2.79倍,3.38%
20261002,2517,ティムス,4891,東G,,126,-5,-3.82%,25,ー倍,2.54倍,ー%
20261002,2518,ｉＳ米債３月,2012,東Ｅ,,240.5,-1.2,-0.50%,25,ー倍,ー倍,ー%
20261002,2519,ｉＳインド株,201A,東Ｅ,,169.3,+0.9,+0.53%,25,ー倍,ー倍,ー%
20261002,2520,アイビス,9343,東G,,778,-10,-1.27%,24,15.3倍,4.61倍,1.54%
20261002,2521,野村米半導,346A,東Ｅ,,"5,270",-119,-2.21%,24,ー倍,ー倍,ー%
20261002,2522,銭高組,1811,東S,,"7,410",-180,-2.37%,24,35.1倍,0.45倍,ー%
20261002,2523,北野建,1866,東S,,"1,095",-27,-2.41%,24,7.62倍,0.50倍,2.74%
20261002,2524,ブルボン,2208,東S,,"3,015",-5,-0.17%,24,17.8倍,1.07倍,1.46%
20261002,2525,宮入バ,6495,東S,,104,-2,-1.89%,24,64.2倍,1.30倍,1.92%
20261002,2526,ＧＸ防衛テク,466A,東Ｅ,,998,+2,+0.20%,24,ー倍,ー倍,ー%
20261002,2527,ＴＯブックス,500A,東S,,"3,370",-30,-0.88%,24,9.22倍,1.64倍,2.26%
20261002,2528,ダイトーケミ,4366,東S,,492,-8,-1.60%,24,18.6倍,0.94倍,1.83%
20261002,2529,ＪＭＳ,7702,東S,,448,-1,-0.22%,24,18.3倍,0.26倍,3.79%
20261002,2530,遠藤製作所,7841,東S,,"1,071",-30,-2.72%,24,9.44倍,0.41倍,3.73%
20261002,2531,グラファイト,7847,東S,Ｓ,777,+100,+14.77%,24,15.1倍,0.99倍,3.86%
20261002,2532,杉村倉,9307,東S,,992,-2,-0.20%,24,18.9倍,0.91倍,1.51%
20261002,2533,ウェルス,3772,東S,,"1,056",-8,-0.75%,24,11.3倍,1.17倍,ー%
20261002,2534,ＷＨＤＣ,3823,東S,,39,-1,-2.50%,24,ー倍,3.52倍,ー%
20261002,2535,ＭＯＲＥＳＣ,5018,東S,,"2,301",-51,-2.17%,24,13.6倍,0.88倍,2.39%
20261002,2536,日金属,5491,東S,,899,+3,+0.33%,24,11.4倍,0.20倍,0.56%
20261002,2537,日本スキー,6040,東G,,446,-12,-2.62%,24,13.1倍,2.02倍,1.12%
20261002,2538,ライドオンＥ,6082,東S,,985,-6,-0.61%,24,24.3倍,1.06倍,1.52%
20261002,2539,三機サービス,6044,東S,,"1,867",-23,-1.22%,23,ー倍,2.14倍,ー%
20261002,2540,ＦＩＸＥＲ,5129,東G,,249,-10,-3.86%,23,ー倍,1.68倍,ー%
20261002,2541,プロパテクノ,5527,東G,,765,-17,-2.17%,23,7.34倍,1.10倍,3.27%
20261002,2542,ＡＲアドバン,5578,東G,,900,-14,-1.53%,23,12.1倍,3.41倍,1.11%
20261002,2543,ゲームカード,6249,東S,,"2,741",-11,-0.40%,23,16.0倍,0.64倍,3.65%
20261002,2544,ｃｏｔｔａ,3359,東G,,491,-9,-1.80%,23,8.30倍,1.08倍,2.04%
20261002,2545,ＳＭＩＮＯＥ,3501,東P,,"1,156",-15,-1.28%,23,10.6倍,0.46倍,3.63%
20261002,2546,オープンドア,3926,東S,,430,+13,+3.12%,23,ー倍,3.95倍,ー%
20261002,2547,セルソース,4880,東S,,314,-6,-1.88%,23,ー倍,1.05倍,ー%
20261002,2548,ロボペイ,4374,東G,,"1,170",-5,-0.43%,23,15.4倍,5.96倍,1.32%
20261002,2549,ぐるなび,2440,東S,,116,-3,-2.52%,23,ー倍,1.26倍,ー%
20261002,2550,イメージワン,2667,東S,,105,-2,-1.87%,23,ー倍,1.87倍,ー%
20261002,2551,Ｄｅｎｋｅｉ,9908,東S,,"2,881",-70,-2.37%,23,9.35倍,0.98倍,3.78%
20261002,2552,ＳＨＩＮＫＯ,7120,東S,,985,-6,-0.61%,22,6.80倍,2.38倍,4.47%
20261002,2553,オンザページ,9160,東S,,339,+4,+1.19%,22,7.90倍,0.93倍,ー%
20261002,2554,ライズＣＧ,9168,東G,,420,-6,-1.41%,22,15.3倍,1.50倍,5.00%
20261002,2555,ｉＳ米増配株,2014,東Ｅ,,306.0,-0.2,-0.07%,22,ー倍,ー倍,ー%
20261002,2556,アズパートナ,160A,東S,,"1,930",-51,-2.57%,22,5.31倍,1.34倍,4.15%
20261002,2557,ハンセンブル,2031,東EN,,"6,950",ー,ー%,22,ー倍,ー倍,ー%
20261002,2558,ムトー精工,7927,東S,,"2,333",-28,-1.19%,22,5.40倍,0.77倍,5.02%
20261002,2559,さいか屋,8254,東S,,324,+12,+3.85%,22,17.2倍,1.47倍,1.54%
20261002,2560,ジオスター,5282,東S,,391,-6,-1.51%,22,6.47倍,0.48倍,2.56%
20261002,2561,アップバンク,6177,東G,,86,-1,-1.15%,22,ー倍,3.16倍,ー%
20261002,2562,シンクロ,3963,東P,,328,-3,-0.91%,22,65.2倍,2.12倍,4.57%
20261002,2563,Ｆ＆Ｍ,4771,東S,,"2,647",-5,-0.19%,22,13.6倍,2.53倍,2.27%
20261002,2564,ＧＭＯコマス,410A,東G,,"1,244",-17,-1.35%,22,15.4倍,2.57倍,4.19%
20261002,2565,ＳＳ米株Ｈ,450A,東Ｅ,,789.1,+1.2,+0.15%,22,ー倍,ー倍,ー%
20261002,2566,ＧＬ・再エネ,509A,東IF,,"71,200",0,0.00%,22,12.1倍,0.89倍,8.28%
20261002,2567,Ｏｎｅ高配グ,541A,東Ｅ,,"1,121.5",-5.0,-0.44%,22,ー倍,ー倍,ー%
20261002,2568,コイケヤ,2226,東S,,"4,715",-15,-0.32%,22,19.4倍,2.35倍,1.17%
20261002,2569,新都ＨＤ,2776,東S,,92,-2,-2.13%,22,25.4倍,1.46倍,ー%
20261002,2570,レカム,3323,東S,,92,-1,-1.08%,22,23.5倍,1.28倍,1.30%
20261002,2571,インタートレ,3747,東S,,423,+15,+3.68%,22,39.0倍,2.58倍,ー%
20261002,2572,エヌエフＨＤ,6864,東S,,"1,587",-27,-1.67%,22,15.9倍,0.86倍,2.27%
20261002,2573,ヴィス,5071,東S,,"1,392",-4,-0.29%,22,9.49倍,1.55倍,4.24%
20261002,2574,アクシージア,4936,東S,,293,-7,-2.33%,22,ー倍,0.94倍,3.41%
20261002,2575,ペルセウス,4882,東G,,161,-5,-3.01%,22,ー倍,2.60倍,ー%
20261002,2576,デジタリフト,9244,東G,,"1,128",+1,+0.09%,22,14.7倍,2.07倍,ー%
20261002,2577,プログリット,9560,東G,,890,-5,-0.56%,21,10.4倍,3.83倍,2.47%
20261002,2578,サンエー化研,4234,東S,,"1,000",-16,-1.57%,21,6.04倍,0.42倍,1.80%
20261002,2579,レイ,4317,東S,,595,+11,+1.88%,21,9.59倍,1.00倍,2.52%
20261002,2580,サニックスＨ,4651,東S,,245,-2,-0.81%,21,11.7倍,1.07倍,1.22%
20261002,2581,ＱＬＳＨＤ,7075,東G,,"1,000",-4,-0.40%,21,10.3倍,3.30倍,1.10%
20261002,2582,ブリッジ－Ｇ,7039,東G,,"1,338",-7,-0.52%,21,51.5倍,1.00倍,6.35%
20261002,2583,ハークスレイ,7561,東S,,678,-11,-1.60%,21,7.84倍,0.48倍,4.42%
20261002,2584,日本精密,7771,東S,,253,-6,-2.32%,21,30.3倍,2.67倍,ー%
20261002,2585,セレスポ,9625,東S,,917,0,0.00%,21,7.41倍,0.53倍,5.45%
20261002,2586,セラク,6199,東S,,"1,307",-16,-1.21%,21,9.03倍,1.72倍,1.33%
20261002,2587,リブワーク,1431,東G,,639,-3,-0.47%,21,53.1倍,3.18倍,1.00%
20261002,2588,Ｏｎｅ高配当,1494,東Ｅ,,"43,110",-560,-1.28%,21,ー倍,ー倍,ー%
20261002,2589,丸藤パ,8046,東S,,958,-12,-1.24%,21,9.44倍,0.51倍,3.97%
20261002,2590,タカトリ,6338,東S,,"1,701",-33,-1.90%,21,27.5倍,0.92倍,2.35%
20261002,2591,ＳＥＭＴＥＣ,6626,東S,,"2,449",-41,-1.65%,21,11.5倍,0.95倍,2.29%
20261002,2592,ウリドキ,418A,名N,,"1,350",+50,+3.85%,21,20.3倍,9.56倍,ー%
20261002,2593,農中ＮＱ１Ｕ,534A,東Ｅ,,"2,447",-32,-1.29%,21,ー倍,ー倍,ー%
20261002,2594,Ｎｏ．１,3562,東S,,"1,561",-23,-1.45%,21,10.4倍,2.52倍,5.06%
20261002,2595,ＧＭＯ－ＰＰ,3695,東G,,"1,602",-46,-2.79%,20,17.0倍,2.84倍,4.42%
20261002,2596,ＪＩＧＳＡＷ,3914,東G,,"2,481",-56,-2.21%,20,ー倍,4.55倍,ー%
20261002,2597,フュージック,5256,東G,,"3,520",+25,+0.72%,20,25.1倍,3.70倍,ー%
20261002,2598,ブルーイノベ,5597,東G,,"1,338",-24,-1.76%,20,ー倍,107倍,ー%
20261002,2599,ＭＦＳ,196A,東G,,329,-2,-0.60%,20,9.12倍,1.19倍,ー%
20261002,2600,構造計画ＨＤ,208A,東S,,"2,836",-33,-1.15%,20,11.6倍,2.59倍,3.88%
20261002,2601,ガーデン,274A,東S,,"2,219",-18,-0.80%,20,18.9倍,2.14倍,4.06%
20261002,2602,マクアケ,4479,東G,,953,+1,+0.11%,20,16.4倍,2.01倍,ー%
20261002,2603,コラントッテ,7792,東G,,"1,487",+11,+0.75%,20,9.69倍,2.28倍,3.36%
20261002,2604,ブライトパス,4594,東G,,49,0,0.00%,20,ー倍,3.75倍,ー%
20261002,2605,ＰＳＳ,7707,東G,,212,-4,-1.85%,20,19.9倍,1.42倍,1.42%
20261002,2606,日本プロセス,9651,東S,,"1,954",-16,-0.81%,20,13.9倍,1.74倍,4.71%
20261002,2607,ｉＳＱＴＯＰ,392A,東Ｅ,,289.4,-3.5,-1.19%,20,ー倍,ー倍,ー%
20261002,2608,ミラティブ,472A,東G,,548,-2,-0.36%,20,9.68倍,2.34倍,ー%
20261002,2609,スタートＬ,477A,東G,,801,-19,-2.32%,20,10.7倍,1.71倍,ー%
20261002,2610,野村新興国債,2519,東Ｅ,,"1,117.5",-9.0,-0.80%,20,ー倍,ー倍,ー%
20261002,2611,ＡＦＣ－ＨＤ,2927,東S,,840,-8,-0.94%,20,7.92倍,0.76倍,4.76%
20261002,2612,神栄,3004,東S,,"2,012",-30,-1.47%,20,6.32倍,0.70倍,5.47%
20261002,2613,メディアス,3154,東P,,777,-14,-1.77%,20,12.3倍,0.83倍,2.57%
20261002,2614,小野測器,6858,東S,,866,-10,-1.14%,20,11.2倍,0.53倍,3.46%
20261002,2615,大井電気,6822,東S,,"4,990",0,0.00%,19,2.30倍,0.67倍,1.60%
20261002,2616,共和電,6853,東S,,783,-14,-1.76%,19,16.3倍,1.05倍,2.68%
20261002,2617,三社電機,6882,東S,,"1,189",-23,-1.90%,19,17.4倍,0.64倍,3.36%
20261002,2618,エフテック,7212,東S,,719,-11,-1.51%,19,16.7倍,0.22倍,2.78%
20261002,2619,ヤガミ,7488,名M,,"5,220",+50,+0.97%,19,18.6倍,2.04倍,5.36%
20261002,2620,ｉＦ印Ｎ５０,233A,東Ｅ,,"1,727",-7,-0.40%,19,ー倍,ー倍,ー%
20261002,2621,バイク王,3377,東S,,410,-1,-0.24%,19,7.83倍,0.80倍,2.68%
20261002,2622,シャノン,3976,東G,,518,+6,+1.17%,19,5.12倍,2.22倍,ー%
20261002,2623,フマキラ,4998,東S,,"1,131",-16,-1.39%,19,11.4倍,0.68倍,2.12%
20261002,2624,ヤマウＨＤ,5284,東S,,"2,217",-8,-0.36%,19,5.97倍,1.00倍,5.05%
20261002,2625,メタリアル,6182,東G,,539,-14,-2.53%,19,36.7倍,2.98倍,ー%
20261002,2626,ＴＷＯＳＴ,7352,東G,,303,-8,-2.57%,19,20.5倍,3.63倍,0.33%
20261002,2627,アクシス,4012,東S,,"1,733",-56,-3.13%,19,10.6倍,1.75倍,3.29%
20261002,2628,ヤプリ,4168,東G,,788,-10,-1.25%,19,10.8倍,2.93倍,1.90%
20261002,2629,フルハシＥ,9221,東S,,"1,150",-5,-0.43%,19,15.0倍,2.15倍,2.78%
20261002,2630,ソフトフロン,2321,東G,,139,-1,-0.71%,19,ー倍,4.35倍,ー%
20261002,2631,ｉＦＪリコア,2528,東Ｅ,,"1,025",-2,-0.19%,19,ー倍,ー倍,ー%
20261002,2632,ＰＣＮＥＴ,3021,東S,,"1,614",-8,-0.49%,19,9.60倍,2.12倍,4.03%
20261002,2633,神電鉄,9046,東S,,"2,370",-12,-0.50%,19,15.8倍,0.73倍,1.05%
20261002,2634,川西倉,9322,東S,,"2,356",-18,-0.76%,19,27.9倍,0.85倍,5.60%
20261002,2635,サンリツ,9366,東S,,"1,288",+18,+1.42%,19,10.4倍,0.59倍,2.95%
20261002,2636,オオバ,9765,東P,,"1,184",-21,-1.74%,19,12.8倍,1.30倍,3.72%
20261002,2637,豊トラスティ,8747,東S,,"2,153",-100,-4.44%,19,ー倍,0.71倍,ー%
20261002,2638,エータイ,369A,東G,,"2,722",-51,-1.84%,19,20.3倍,3.55倍,1.98%
20261002,2639,ファンディノ,462A,東G,,245,-4,-1.61%,19,ー倍,1.34倍,ー%
20261002,2640,梅乃宿酒造,559A,東S,,"1,140",-16,-1.38%,19,19.1倍,1.94倍,2.09%
20261002,2641,ｉＦ台湾テク,413A,東Ｅ,,"4,106",+6,+0.15%,18,ー倍,ー倍,ー%
20261002,2642,富士ユナイト,416A,東S,,"1,347",+25,+1.89%,18,14.9倍,0.87倍,4.60%
20261002,2643,野村欧州株,486A,東Ｅ,,"2,104",-35,-1.64%,18,ー倍,ー倍,ー%
20261002,2644,モリテック,5986,東S,,289,-3,-1.03%,18,6.41倍,0.40倍,2.08%
20261002,2645,橋本総業ＨＤ,7570,東S,,"1,367",-9,-0.65%,18,7.20倍,0.70倍,3.80%
20261002,2646,ナカノフドー,1827,東S,,"1,420",-56,-3.79%,18,16.8倍,0.98倍,1.76%
20261002,2647,三相電機,6518,東S,,"1,741",+9,+0.52%,18,9.39倍,0.62倍,1.44%
20261002,2648,ナトコ,4627,東S,,"2,084",+20,+0.97%,18,10.8倍,0.61倍,2.59%
20261002,2649,キタック,4707,東S,,380,+5,+1.33%,18,12.5倍,0.58倍,1.84%
20261002,2650,ネクスウェア,4814,東S,,167,0,0.00%,18,70.8倍,3.12倍,ー%
20261002,2651,ＧＸ優先証券,2866,東Ｅ,,943,+3,+0.32%,18,ー倍,ー倍,ー%
20261002,2652,ｉＦＳＰＷブ,2237,東Ｅ,,"2,433",-11,-0.45%,18,ー倍,ー倍,ー%
20261002,2653,野村Ａ高配,2084,東Ｅ,,"3,888",-25,-0.64%,18,ー倍,ー倍,ー%
20261002,2654,ＴＭＨ,280A,東G,,"1,115",-5,-0.45%,18,ー倍,2.98倍,ー%
20261002,2655,伊沢タオル,365A,東S,,777,-9,-1.15%,18,11.1倍,1.86倍,5.41%
20261002,2656,ジェネパ,3195,東S,,437,-3,-0.68%,18,19.8倍,1.72倍,ー%
20261002,2657,プロパスト,3236,東S,,275,-9,-3.17%,18,5.63倍,0.67倍,3.64%
20261002,2658,ＯＵＧＨＤ,8041,東S,,"4,275",-45,-1.04%,18,7.21倍,0.56倍,4.02%
20261002,2659,サトウ食品,2923,東S,,"7,050",-50,-0.70%,18,17.3倍,1.44倍,1.06%
20261002,2660,ニューラルＧ,4056,東G,,200,-1,-0.50%,18,ー倍,2.28倍,ー%
20261002,2661,ｉＳ米債１３,2620,東Ｅ,,364.3,-1.0,-0.27%,18,ー倍,ー倍,ー%
20261002,2662,Ｅインフィニ,7692,東S,,77,+1,+1.32%,18,13.8倍,5.98倍,3.90%
20261002,2663,明海グループ,9115,東S,,999,-13,-1.28%,18,16.2倍,0.61倍,ー%
20261002,2664,ブティックス,9272,東G,,"1,494",-55,-3.55%,18,10.2倍,5.72倍,ー%
20261002,2665,キムラユニテ,9368,東S,,916,-14,-1.51%,18,9.79倍,0.85倍,4.15%
20261002,2666,太洋物産,9941,東S,,"1,083",+41,+3.93%,17,14.6倍,2.39倍,ー%
20261002,2667,文教堂ＧＨＤ,9978,東S,,44,0,0.00%,17,163倍,-5.4倍,ー%
20261002,2668,Ｆインタ,7050,東G,,"1,459",-16,-1.08%,17,10.1倍,1.38倍,5.00%
20261002,2669,イントラスト,7191,東S,,"1,150",-18,-1.54%,17,14.0倍,3.19倍,4.30%
20261002,2670,竹田ｉＰ,7875,東S,,881,-4,-0.45%,17,9.95倍,0.70倍,2.67%
20261002,2671,ＭＸ米株ＡＩ,552A,東Ｅ,,"2,461",-26,-1.05%,17,ー倍,ー倍,ー%
20261002,2672,ＧＸ銅ビジ,580A,東Ｅ,,952,-38,-3.84%,17,ー倍,ー倍,ー%
20261002,2673,ＳＳＳＫＨＤ,4838,東S,,695,-13,-1.84%,17,9.24倍,1.29倍,4.32%
20261002,2674,エンバイオＨ,6092,東S,,777,-4,-0.51%,17,9.14倍,0.67倍,3.09%
20261002,2675,朝日印刷,3951,東S,,885,-6,-0.67%,17,10.9倍,0.50倍,4.29%
20261002,2676,タイガポリ,4231,東S,,"1,005",-7,-0.69%,17,8.08倍,0.41倍,3.78%
20261002,2677,１ｓｔコーポ,1430,東S,,"1,068",-5,-0.47%,17,6.50倍,1.21倍,4.78%
20261002,2678,ＳＡＡＦＨＤ,1447,東G,,315,-4,-1.25%,17,17.4倍,4.59倍,ー%
20261002,2679,シライ電子,6658,東S,,447,-2,-0.45%,17,11.3倍,0.62倍,4.47%
20261002,2680,星和電,6748,東S,,779,-6,-0.76%,17,7.55倍,0.49倍,2.57%
20261002,2681,ＴＢグループ,6775,東S,,136,+3,+2.26%,17,203倍,4.26倍,ー%
20261002,2682,アドバンＲＭ,8769,東S,,507,-7,-1.36%,17,9.44倍,1.89倍,3.75%
20261002,2683,グロームＨＤ,8938,東G,,328,+12,+3.80%,16,19.9倍,0.49倍,0.91%
20261002,2684,技研ＨＤ,1443,東S,,274,-3,-1.08%,16,6.95倍,0.34倍,0.40%
20261002,2685,ｉＳＨＹ債Ｈ,1497,東Ｅ,,"1,685",-1,-0.06%,16,ー倍,ー倍,ー%
20261002,2686,ＭＸ４００,1593,東Ｅ,,"38,090",-310,-0.81%,16,ー倍,ー倍,ー%
20261002,2687,ｉＳ新興国株,1658,東Ｅ,,"4,340",-26,-0.60%,16,ー倍,ー倍,ー%
20261002,2688,ＷＴ銀,1673,東Ｅ,,"8,781",-33,-0.37%,16,ー倍,ー倍,ー%
20261002,2689,日基技,1914,東S,,798,-13,-1.60%,16,9.68倍,0.59倍,3.76%
20261002,2690,インドブル,2046,東EN,,"21,300",+35,+0.16%,16,ー倍,ー倍,ー%
20261002,2691,一パン,2215,東S,,613,-4,-0.65%,16,23.6倍,0.48倍,ー%
20261002,2692,小津産業,7487,東S,,"1,872",+7,+0.38%,16,35.8倍,0.83倍,1.44%
20261002,2693,ＫＩＭＯＴＯ,7908,東S,,242,-1,-0.41%,16,13.2倍,0.55倍,2.89%
20261002,2694,南海化学,4040,東S,,"4,000",-70,-1.72%,16,6.34倍,0.70倍,1.63%
20261002,2695,グロービー,5575,東G,,"1,260",+59,+4.91%,16,14.5倍,5.62倍,ー%
20261002,2696,ドリムアーツ,4811,東G,,901,-29,-3.12%,16,17.0倍,3.40倍,2.22%
20261002,2697,ＧＸ高配３０,235A,東Ｅ,,"1,415",-22,-1.53%,16,ー倍,ー倍,ー%
20261002,2698,インフォメテ,281A,東G,,377,-6,-1.57%,16,ー倍,2.78倍,ー%
20261002,2699,シルバライフ,9262,東S,,669,-16,-2.34%,16,8.64倍,0.96倍,2.99%
20261002,2700,北恵,9872,東S,,948,-12,-1.25%,16,15.7倍,0.62倍,2.95%
20261002,2701,田岡化,4113,東S,,808,-5,-0.62%,16,46.3倍,0.60倍,0.74%
20261002,2702,東海ソフト,4430,東S,,"1,711",-24,-1.38%,16,9.12倍,1.20倍,3.92%
20261002,2703,ニイタカ,4465,東S,,"2,472",+22,+0.90%,16,11.2倍,0.88倍,3.40%
20261002,2704,ＳＳ金,447A,東Ｅ,,263.1,-0.8,-0.30%,16,ー倍,ー倍,ー%
20261002,2705,ＢＲＡＮＵ,460A,東G,,"1,225",+3,+0.25%,16,18.9倍,5.24倍,ー%
20261002,2706,ノザワ,5237,東S,,"1,134",-44,-3.74%,16,8.66倍,0.62倍,3.79%
20261002,2707,小池工,6137,東S,,"1,493",-18,-1.19%,16,9.28倍,0.67倍,3.35%
20261002,2708,津田駒,6217,東S,,800,-3,-0.37%,16,51.1倍,2.02倍,ー%
20261002,2709,中北製,6496,東S,,"5,620",-130,-2.26%,16,12.3倍,0.70倍,2.05%
20261002,2710,名古屋電機,6797,東S,,"1,166",-20,-1.69%,16,24.6倍,0.58倍,4.29%
20261002,2711,アクモス,6888,東S,,506,+2,+0.40%,16,11.7倍,1.46倍,4.94%
20261002,2712,ペイクラウド,4015,東G,,521,-4,-0.76%,16,22.3倍,1.74倍,ー%
20261002,2713,ジャパニアス,9558,東G,,"1,981",-23,-1.15%,16,9.92倍,2.31倍,5.10%
20261002,2714,夢展望,3185,東G,,109,-1,-0.91%,16,ー倍,-43倍,ー%
20261002,2715,バルニバービ,3418,東G,,"1,050",-3,-0.28%,16,34.7倍,1.89倍,0.71%
20261002,2716,ビリングシス,3623,東G,,"1,271",-20,-1.55%,16,13.6倍,2.48倍,2.56%
20261002,2717,林兼,2286,東S,,892,-5,-0.56%,16,6.09倍,0.55倍,5.04%
20261002,2718,Ｊグループ,3063,東G,,"1,121",-22,-1.92%,16,51.1倍,16.7倍,0.45%
20261002,2719,ｉＳロボット,2522,東Ｅ,,"9,195",+9,+0.10%,15,ー倍,ー倍,ー%
20261002,2720,上場リートＭ,2552,東Ｅ,,"1,814",-51,-2.73%,15,ー倍,ー倍,ー%
20261002,2721,ＪＦＬＡＨＤ,3069,東S,,156,-5,-3.11%,15,ー倍,1.22倍,ー%
20261002,2722,レント,372A,東S,,"5,600",-80,-1.41%,15,7.25倍,1.09倍,4.20%
20261002,2723,ｉＳ国債二十,573A,東Ｅ,,486.5,-0.9,-0.18%,15,ー倍,ー倍,ー%
20261002,2724,ＧＸ商社資源,609A,東Ｅ,,"1,051",-13,-1.22%,15,ー倍,ー倍,ー%
20261002,2725,アンファク,7035,東S,,222,+1,+0.45%,15,ー倍,2.95倍,ー%
20261002,2726,レシップＨＤ,7213,東S,,642,-12,-1.83%,15,7.55倍,0.89倍,4.05%
20261002,2727,ミクニ,7247,東S,,363,-3,-0.82%,15,7.18倍,0.30倍,4.13%
20261002,2728,クワザワＨＤ,8104,東S,,791,-14,-1.74%,15,10.2倍,0.69倍,3.79%
20261002,2729,上場米債ヘ無,1486,東Ｅ,,"22,680",+10,+0.04%,15,ー倍,ー倍,ー%
20261002,2730,野村エネ資源,1618,東Ｅ,,"35,510",+290,+0.82%,15,ー倍,ー倍,ー%
20261002,2731,上場ＭＳエマ,1681,東Ｅ,,"3,375",-11,-0.32%,15,ー倍,ー倍,ー%
20261002,2732,植木組,1867,東S,,"2,696",-20,-0.74%,15,8.26倍,0.56倍,4.08%
20261002,2733,ブロメディア,4347,東S,,"1,895",+9,+0.48%,15,15.2倍,2.79倍,3.43%
20261002,2734,有機薬,4531,東S,,368,+1,+0.27%,15,13.3倍,0.60倍,2.72%
20261002,2735,ＤＷセラピ研,4576,東G,,74,-2,-2.63%,15,ー倍,3.02倍,ー%
20261002,2736,ＦＣＥ,9564,東S,,551,-2,-0.36%,15,13.4倍,2.74倍,2.00%
20261002,2737,ＧＸホリ日Ｒ,2098,東Ｅ,,923,-17,-1.81%,15,ー倍,ー倍,ー%
20261002,2738,ケイヒン,9312,東S,,"3,000",0,0.00%,15,5.76倍,0.56倍,4.67%
20261002,2739,ＭＴＩ,9438,東P,,605,-7,-1.14%,15,12.5倍,1.71倍,3.31%
20261002,2740,藤井産業ＨＤ,9906,東S,,"4,135",-40,-0.96%,15,9.20倍,0.84倍,3.87%
20261002,2741,エスユーエス,6554,東G,,"1,099",-3,-0.27%,15,9.96倍,2.08倍,4.55%
20261002,2742,ケル,6919,東S,,"1,395",-17,-1.20%,15,78.1倍,0.67倍,5.73%
20261002,2743,楽待,6037,東S,,"1,069",-20,-1.84%,15,13.3倍,3.89倍,1.50%
20261002,2744,カラダノート,4014,東G,,446,-8,-1.76%,15,10.8倍,4.05倍,ー%
20261002,2745,コリー,4175,東G,,"2,834",-54,-1.87%,15,ー倍,3.37倍,ー%
20261002,2746,ステムセル研,7096,東G,,742,-3,-0.40%,15,71.1倍,2.75倍,ー%
20261002,2747,のむら産業,7131,東S,,"3,750",-55,-1.45%,15,7.10倍,1.77倍,3.25%
20261002,2748,サンウェルズ,9229,東P,,107,-1,-0.93%,15,ー倍,0.54倍,ー%
20261002,2749,ＡＩＡＩ,6557,東G,,673,-15,-2.18%,14,6.31倍,1.27倍,ー%
20261002,2750,トリドリ,9337,東G,,"1,448",+8,+0.56%,14,10.6倍,2.66倍,ー%
20261002,2751,グリッド,5582,東G,,"2,082",-15,-0.72%,14,25.0倍,2.33倍,ー%
20261002,2752,ｉＳ国債７,236A,東Ｅ,,432.0,-0.9,-0.21%,14,ー倍,ー倍,ー%
20261002,2753,ナ・デックス,7435,東S,,"1,381",-31,-2.20%,14,10.3倍,0.53倍,2.90%
20261002,2754,ドーン,2303,東S,,"1,334",0,0.00%,14,16.4倍,2.66倍,1.20%
20261002,2755,マーケットＥ,3135,東S,,"1,157",-11,-0.94%,14,35.6倍,4.76倍,ー%
20261002,2756,ＵＮＩＣＯＮ,407A,東S,,915,-14,-1.51%,14,8.22倍,2.18倍,4.92%
20261002,2757,フジプレアム,4237,東S,,340,-6,-1.73%,14,34.0倍,1.28倍,1.76%
20261002,2758,大伸化学,4629,東S,,"2,407",-36,-1.47%,14,8.60倍,0.61倍,1.87%
20261002,2759,シーラＨＤ,8887,東S,,359,-4,-1.10%,14,8.92倍,0.75倍,3.90%
20261002,2760,上場ＭＳ世界,1554,東Ｅ,,"6,747",-32,-0.47%,14,ー倍,ー倍,ー%
20261002,2761,野村不動産,1633,東Ｅ,,"47,000","-1,290",-2.67%,14,ー倍,ー倍,ー%
20261002,2762,イトヨーギョ,5287,東S,,903,-5,-0.55%,14,13.3倍,0.67倍,2.21%
20261002,2763,不二サッシ,5940,東S,,740,-11,-1.46%,14,5.80倍,0.37倍,4.05%
20261002,2764,Ｏｎｅ中国５,2553,東Ｅ,,"2,281.0",-26.5,-1.15%,14,ー倍,ー倍,ー%
20261002,2765,日創グループ,3440,東S,,841,-18,-2.10%,14,9.96倍,0.43倍,4.99%
20261002,2766,フェリシモ,3396,東S,,860,+11,+1.30%,14,20.5倍,0.31倍,2.91%
20261002,2767,ウイルプラス,3538,東S,,"1,001",-19,-1.86%,14,7.25倍,0.78倍,5.36%
20261002,2768,クロスマーケ,3675,東S,,581,-11,-1.86%,14,8.34倍,1.30倍,2.75%
20261002,2769,アルチザ,6778,東S,,623,-14,-2.20%,14,19.9倍,0.81倍,4.01%
20261002,2770,ライトアップ,6580,東G,,848,-18,-2.08%,13,8.73倍,1.37倍,2.24%
20261002,2771,ａｂｃ,8783,東S,,44,-1,-2.22%,13,ー倍,0.27倍,ー%
20261002,2772,デイトナ,7228,東S,,"4,010",-15,-0.37%,13,8.06倍,0.99倍,3.74%
20261002,2773,ＰＬＡＮＴ,7646,東S,,"1,773",-21,-1.17%,13,11.1倍,0.78倍,5.36%
20261002,2774,ＡＩｉｎｓ,4488,東G,,"2,086",-50,-2.34%,13,23.0倍,1.62倍,ー%
20261002,2775,エコシステム,9249,東S,,"1,600",+15,+0.95%,13,24.3倍,2.26倍,1.13%
20261002,2776,サクシード,9256,東G,,961,-6,-0.62%,13,13.2倍,1.31倍,1.66%
20261002,2777,アヴィレン,5591,東G,,840,+7,+0.84%,13,23.2倍,6.17倍,ー%
20261002,2778,ロココ,5868,東S,,"1,035",-7,-0.67%,13,9.44倍,1.35倍,3.86%
20261002,2779,Ｓａｐｅｅｔ,269A,東G,,"3,035",+10,+0.33%,13,36.6倍,7.04倍,ー%
20261002,2780,ラクサス,288A,東G,,95,+1,+1.06%,13,16.2倍,0.79倍,ー%
20261002,2781,日化産,4094,東S,,"2,223",-27,-1.20%,13,34.7倍,0.83倍,4.05%
20261002,2782,東邦化,4409,東S,,881,-13,-1.45%,13,10.0倍,0.74倍,2.84%
20261002,2783,極楽湯ＨＤ,2340,東S,,510,-2,-0.39%,13,ー倍,3.62倍,1.18%
20261002,2784,ハピネス＆Ｄ,3174,東S,,339,-6,-1.74%,13,ー倍,3.86倍,ー%
20261002,2785,ヒット,378A,東G,,913,-12,-1.30%,13,13.0倍,2.25倍,2.30%
20261002,2786,ＮＥ,441A,東G,,258,-12,-4.44%,13,8.45倍,1.78倍,ー%
20261002,2787,ヒトトヒトＨ,549A,東S,,453,-11,-2.37%,13,ー倍,2.01倍,4.73%
20261002,2788,ＱＱＱ,587A,東Ｅ,,"117,300","-1,450",-1.22%,13,ー倍,ー倍,ー%
20261002,2789,サンセイラン,3277,東S,,814,-27,-3.21%,13,6.05倍,0.89倍,4.61%
20261002,2790,東和フード,3329,東S,,"2,137",-1,-0.05%,13,30.3倍,2.20倍,0.94%
20261002,2791,香陵住販,3495,東S,,"2,251",0,0.00%,13,5.70倍,0.90倍,2.84%
20261002,2792,ケイブ,3760,東S,,726,0,0.00%,13,3.73倍,1.75倍,ー%
20261002,2793,ヴィクトン,3840,東S,,64,+2,+3.23%,13,ー倍,2.94倍,ー%
20261002,2794,マイネット,3928,東S,,235,-5,-2.08%,13,7.87倍,1.64倍,ー%
20261002,2795,Ａ＆ＡＭ,5391,東S,,"1,463",-24,-1.61%,13,6.74倍,0.48倍,4.78%
20261002,2796,コロナ,5909,東S,,926,-6,-0.64%,13,45.2倍,0.35倍,3.02%
20261002,2797,イワブチ,5983,東S,,"14,500",+40,+0.28%,13,21.9倍,0.72倍,2.28%
20261002,2798,上場２２５Ｍ,1578,東Ｅ,,"5,475",-67,-1.21%,13,ー倍,ー倍,ー%
20261002,2799,京福電,9049,東S,,"6,410",-120,-1.84%,13,6.92倍,0.86倍,0.31%
20261002,2800,三協フロンテ,9639,東S,,"2,287",-40,-1.72%,12,8.69倍,0.97倍,4.37%
20261002,2801,ＮＣＳ＆Ａ,9709,東S,,"1,220",-32,-2.56%,12,9.89倍,1.33倍,4.75%
20261002,2802,クオンタムＳ,2338,東S,,105,-3,-2.78%,12,ー倍,-8.2倍,ー%
20261002,2803,共同ＰＲ,2436,東S,,580,-8,-1.36%,12,11.1倍,2.23倍,1.38%
20261002,2804,木徳神糧,2700,東S,,"1,773",-9,-0.51%,12,4.84倍,0.71倍,2.82%
20261002,2805,石光商事,2750,東S,,"1,313",-5,-0.38%,12,5.90倍,0.73倍,4.19%
20261002,2806,ＳＡＮＫＯ,2762,東S,,68,0,0.00%,12,ー倍,47.6倍,ー%
20261002,2807,チムニー,3178,東S,,"1,136",-6,-0.53%,12,87.7倍,3.43倍,0.44%
20261002,2808,ＦＤＫ,6955,東S,,405,0,0.00%,12,18.6倍,0.72倍,ー%
20261002,2809,アイナボＨＤ,7539,東S,,781,-6,-0.76%,12,11.3倍,0.67倍,3.59%
20261002,2810,丸山製,6316,東S,,"2,829",-19,-0.67%,12,2.86倍,0.48倍,2.83%
20261002,2811,ベストワン,6577,東G,,"1,329",-17,-1.26%,12,26.4倍,1.50倍,1.58%
20261002,2812,大同信,6743,東S,,"1,052",+30,+2.94%,12,7.71倍,0.53倍,3.42%
20261002,2813,ランビジネス,8944,東S,,252,-2,-0.79%,12,9.71倍,0.28倍,2.38%
20261002,2814,ロンシール,4224,東S,,"2,117",-29,-1.35%,12,9.29倍,0.49倍,4.02%
20261002,2815,ＣＬＨＤ,4286,東S,,"1,310",-22,-1.65%,12,12.8倍,1.72倍,2.37%
20261002,2816,ハイマックス,4299,東S,,"1,187",-17,-1.41%,12,16.0倍,1.15倍,4.30%
20261002,2817,パワーソリュ,4450,東G,,"2,406",+18,+0.75%,12,34.8倍,2.04倍,1.08%
20261002,2818,スマイルＨＤ,7084,東G,,"2,828",-16,-0.56%,12,41.0倍,1.49倍,3.71%
20261002,2819,上場ＥＳＧリ,2566,東Ｅ,,979,+9,+0.93%,12,ー倍,ー倍,ー%
20261002,2820,ＳＴＩＦＨＤ,2932,東S,,"1,107",-4,-0.36%,12,11.6倍,1.88倍,3.61%
20261002,2821,ｒａｋｕｍｏ,4060,東G,,"1,193",-37,-3.01%,12,21.9倍,3.54倍,1.17%
20261002,2822,ｉＳ新興債Ｈ,2622,東Ｅ,,"1,633",-4,-0.24%,12,ー倍,ー倍,ー%
20261002,2823,フォトシンス,4379,東G,,483,-7,-1.43%,12,25.3倍,2.90倍,ー%
20261002,2824,ＧＸ中小日株,2837,東Ｅ,,"4,907",+15,+0.31%,12,ー倍,ー倍,ー%
20261002,2825,ブロードＥ,4415,東G,,"1,456",-20,-1.36%,12,ー倍,4.11倍,1.45%
20261002,2826,ＩＧＳ,4265,東G,,245,-4,-1.61%,12,167倍,3.01倍,ー%
20261002,2827,ｍｏｎｏＡＩ,5240,東G,,172,-5,-2.82%,12,ー倍,2.18倍,ー%
20261002,2828,ＧＸＵＳ配当,2236,東Ｅ,,"1,399",+4,+0.29%,12,ー倍,ー倍,ー%
20261002,2829,ナルネット,5870,東G,,905,+9,+1.00%,12,9.43倍,1.26倍,3.31%
20261002,2830,ＧＸＡＩビグ,223A,東Ｅ,,"1,855",-11,-0.59%,12,ー倍,ー倍,ー%
20261002,2831,ユカリア,286A,東G,,749,+1,+0.13%,12,16.1倍,1.27倍,ー%
20261002,2832,明豊ファシリ,1717,東S,,928,-5,-0.54%,12,11.6倍,1.88倍,4.74%
20261002,2833,藤田エンジ,1770,東S,,"2,091",-27,-1.27%,12,9.62倍,0.86倍,3.25%
20261002,2834,丸八ＨＤ,3504,名M,,"1,438",+9,+0.63%,12,12.1倍,0.38倍,3.48%
20261002,2835,フエルト,3512,東S,,"1,023",+7,+0.69%,12,33.5倍,0.72倍,2.74%
20261002,2836,ユビＡＩ,3858,東S,,328,-1,-0.30%,12,ー倍,1.66倍,ー%
20261002,2837,リブコンサル,480A,東G,,991,-30,-2.94%,12,11.3倍,1.72倍,ー%
20261002,2838,ｉＳシルバー,568A,東Ｅ,,158.2,-0.6,-0.38%,12,ー倍,ー倍,ー%
20261002,2839,ミトラＧ,6093,東S,,161,-1,-0.62%,12,16.5倍,2.14倍,3.73%
20261002,2840,リソル,5261,東P,,"7,570",-80,-1.05%,11,21.6倍,2.29倍,1.59%
20261002,2841,鋳鉄管,5612,東S,,"1,585",+4,+0.25%,11,24.3倍,0.52倍,1.58%
20261002,2842,トレンダ,6069,東G,,652,-12,-1.81%,11,11.2倍,1.25倍,5.52%
20261002,2843,バーチャレク,6193,東G,,"1,066",+2,+0.19%,11,11.6倍,1.82倍,1.41%
20261002,2844,フォースタ,7089,東G,,"1,406",+16,+1.15%,11,9.65倍,2.99倍,ー%
20261002,2845,アシロ,7378,東G,,"1,533",-25,-1.60%,11,11.0倍,3.84倍,4.24%
20261002,2846,リベロ,9245,東G,,"2,037",-23,-1.12%,11,14.5倍,3.45倍,2.06%
20261002,2847,大和自,9082,東S,,"2,455",-159,-6.08%,11,124倍,1.27倍,0.41%
20261002,2848,東陽倉,9306,東S,,"1,993",-12,-0.60%,11,13.0倍,0.51倍,3.76%
20261002,2849,フォーバルＲ,9423,東S,,104,-2,-1.89%,11,20.2倍,3.65倍,2.88%
20261002,2850,丸建リース,9763,東S,,"1,231",-23,-1.83%,11,8.37倍,0.64倍,4.39%
20261002,2851,タキヒヨー,9982,東S,,"2,808",+49,+1.78%,11,14.6倍,0.73倍,1.78%
20261002,2852,ＪＴＰ,2488,東S,,"1,387",-20,-1.42%,11,10.7倍,1.98倍,3.60%
20261002,2853,Ｔアルファ,3089,東S,,"1,010",-5,-0.49%,11,ー倍,0.76倍,3.47%
20261002,2854,マーチャント,3121,東S,,252,-5,-1.95%,11,32.3倍,1.71倍,1.19%
20261002,2855,コミニックス,3173,東S,,"1,502",+24,+1.62%,11,9.38倍,1.11倍,3.33%
20261002,2856,ソルクシーズ,4284,東S,,455,-8,-1.73%,11,9.13倍,1.35倍,3.08%
20261002,2857,Ａｍａｚｉａ,4424,東G,,305,-14,-4.39%,11,ー倍,2.58倍,ー%
20261002,2858,Ｔスマート,6246,東S,,"1,783",-15,-0.83%,11,14.6倍,0.98倍,5.16%
20261002,2859,サンデン,6444,東S,,184,-6,-3.16%,11,41.6倍,0.67倍,ー%
20261002,2860,ＩＩＦ,6545,東G,,775,-1,-0.13%,11,9.66倍,2.32倍,3.23%
20261002,2861,ゲームウィズ,6552,東S,,168,-2,-1.18%,11,ー倍,1.08倍,ー%
20261002,2862,ピクセラ,6731,東S,,99,-1,-1.00%,11,ー倍,3.73倍,ー%
20261002,2863,天昇電,6776,東S,,299,-5,-1.64%,11,8.48倍,0.45倍,1.67%
20261002,2864,ジオマテック,6907,東S,,792,-6,-0.75%,11,12.4倍,0.60倍,ー%
20261002,2865,日産証券Ｇ,8705,東S,,215,-3,-1.38%,11,ー倍,0.85倍,ー%
20261002,2866,野村台湾テク,412A,東Ｅ,,"4,784",+9,+0.19%,11,ー倍,ー倍,ー%
20261002,2867,バトンズ,554A,東G,,"1,374",-19,-1.36%,11,24.1倍,6.80倍,ー%
20261002,2868,ＧＸ先進ＣＦ,564A,東Ｅ,,"1,099",+1,+0.09%,11,ー倍,ー倍,ー%
20261002,2869,ネイス,589A,東G,,"1,368",-5,-0.36%,11,13.9倍,8.90倍,ー%
20261002,2870,野村上証５０,1309,東Ｅ,,"53,280","-1,070",-1.97%,11,ー倍,ー倍,ー%
20261002,2871,上場Ａリート,1555,東Ｅ,,"2,202",-10,-0.45%,11,ー倍,ー倍,ー%
20261002,2872,上場新興国債,1566,東Ｅ,,"51,890",+10,+0.02%,11,ー倍,ー倍,ー%
20261002,2873,野村食品,1617,東Ｅ,,"47,320",-110,-0.23%,11,ー倍,ー倍,ー%
20261002,2874,ＫＹＯＲＩＴ,7795,東S,,207,-7,-3.27%,11,11.6倍,0.49倍,3.86%
20261002,2875,ＭＸＮＹダウ,2241,東Ｅ,,897.6,-2.8,-0.31%,11,ー倍,ー倍,ー%
20261002,2876,ｉＳＩＧ社債,2257,東Ｅ,,214.6,+0.2,+0.09%,11,ー倍,ー倍,ー%
20261002,2877,Ｈｍｃｏｍｍ,265A,東G,,766,+4,+0.52%,11,99.6倍,1.85倍,ー%
20261002,2878,イントランス,3237,東G,,88,-1,-1.12%,11,121倍,33.9倍,ー%
20261002,2879,エスポア,3260,名N,,34,-5,-12.82%,11,ー倍,9.12倍,ー%
20261002,2880,Ｊテック・Ｃ,3446,東S,,"1,570",-19,-1.20%,11,116倍,3.25倍,ー%
20261002,2881,ベガコーポ,3542,東G,,"1,569",+10,+0.64%,11,18.1倍,2.29倍,1.15%
20261002,2882,ＳＬＤ,3223,東S,,994,+10,+1.02%,10,15.1倍,-5.5倍,ー%
20261002,2883,ＤＬＥ,3686,東S,,59,+1,+1.72%,10,17.1倍,2.02倍,ー%
20261002,2884,オリジン,6513,東S,,"1,296",-7,-0.54%,10,66.5倍,0.28倍,3.09%
20261002,2885,京写,6837,東S,,409,0,0.00%,10,13.6倍,0.57倍,2.20%
20261002,2886,アディッシュ,7093,東G,,615,+11,+1.82%,10,22.1倍,2.27倍,ー%
20261002,2887,カイゼン,4170,東G,,112,-1,-0.88%,10,95.7倍,0.66倍,ー%
20261002,2888,アルマード,4932,東S,,775,-16,-2.02%,10,13.4倍,5.82倍,ー%
20261002,2889,くふうカンパ,4376,東G,,190,+12,+6.74%,10,ー倍,1.38倍,ー%
20261002,2890,サークレイス,5029,東G,,923,-55,-5.62%,10,11.6倍,4.76倍,ー%
20261002,2891,クラシコム,7110,東G,,"1,885",+1,+0.05%,10,12.5倍,2.32倍,ー%
20261002,2892,フロンティＭ,7038,東P,,571,-11,-1.89%,10,135倍,4.22倍,ー%
20261002,2893,識学,7049,東G,,761,-4,-0.52%,10,ー倍,2.13倍,ー%
20261002,2894,ＧＭＢ,7214,東S,,"1,142",-3,-0.26%,10,6.10倍,0.27倍,4.12%
20261002,2895,ＴＢＫ,7277,東S,,324,-3,-0.92%,10,17.2倍,0.33倍,2.47%
20261002,2896,南陽,7417,東S,,"1,766",-59,-3.23%,10,9.45倍,0.76倍,3.68%
20261002,2897,黒田精,7726,東S,,"1,469",-27,-1.80%,10,25.0倍,0.68倍,1.36%
20261002,2898,永大産業,7822,東S,,253,-4,-1.56%,10,5.59倍,0.26倍,3.95%
20261002,2899,南プラ,7887,東S,,"1,530",-16,-1.03%,10,4.95倍,0.28倍,2.61%
20261002,2900,イボキン,5699,東S,,"1,551",-6,-0.39%,10,9.73倍,0.95倍,2.06%
20261002,2901,阪神燃,6018,東S,,"5,790",-440,-7.06%,10,25.8倍,1.20倍,1.57%
20261002,2902,ＺＥＴＡ,6031,東S,,275,-8,-2.83%,10,18.4倍,6.66倍,1.64%
20261002,2903,松本油脂,4365,東S,,"23,990",ー,ー%,10,10.2倍,0.76倍,1.88%
20261002,2904,バルテスＨＤ,4442,東G,,411,-3,-0.72%,10,13.4倍,2.38倍,0.97%
20261002,2905,川上塗,4616,東S,,"2,731",+66,+2.48%,10,14.9倍,0.77倍,1.65%
20261002,2906,東海汽,9173,東S,,"2,824",+21,+0.75%,10,38.7倍,1.33倍,ー%
20261002,2907,ファイズＨＤ,9325,東S,,"1,041",-10,-0.95%,10,8.00倍,2.38倍,3.65%
20261002,2908,ＭＲＫＨＬＤ,9980,東S,,89,0,0.00%,10,6.24倍,0.55倍,1.12%
20261002,2909,Ｂ＆Ｐ,7804,東S,,"2,565",+42,+1.66%,10,11.9倍,1.50倍,3.39%
20261002,2910,翻訳センター,2483,東S,,"2,204",-55,-2.43%,10,14.8倍,1.13倍,6.35%
20261002,2911,ＭＸＪリコア,2517,東Ｅ,,"1,021.0",-15.0,-1.45%,10,ー倍,ー倍,ー%
20261002,2912,ジーエルシー,2970,東S,,"1,193",+15,+1.27%,10,14.1倍,3.12倍,ー%
20261002,2913,サンクゼール,2937,東G,,"1,701",-28,-1.62%,10,39.3倍,3.21倍,2.06%
20261002,2914,モンラボ,5255,東G,,81,+1,+1.25%,10,ー倍,7.93倍,ー%
20261002,2915,第一交通,9035,福証,,753,+3,+0.40%,10,11.3倍,0.56倍,3.32%
20261002,2916,クオルテック,9165,東G,,"1,819",-11,-0.60%,10,10.8倍,1.20倍,2.58%
20261002,2917,ポスプラ,198A,東G,,161,-1,-0.62%,10,ー倍,2.58倍,ー%
20261002,2918,ＧＸウラン,224A,東Ｅ,,"1,446",-4,-0.28%,10,ー倍,ー倍,ー%
20261002,2919,グロースｘＰ,244A,東G,,"1,263",+36,+2.93%,10,11.1倍,1.14倍,ー%
20261002,2920,フライヤー,323A,東G,,380,+7,+1.88%,10,22.4倍,4.25倍,ー%
20261002,2921,レボリュー,8894,東S,,16,-1,-5.88%,10,ー倍,3.24倍,ー%
20261002,2922,穴吹興産,8928,東S,,"2,304",-7,-0.30%,10,5.46倍,0.52倍,3.47%
20261002,2923,ｉＳ先進国株,1657,東Ｅ,,"7,182",-43,-0.60%,10,ー倍,ー倍,ー%
20261002,2924,ＷＴアルミ,1692,東Ｅ,,650.0,ー,ー%,10,ー倍,ー倍,ー%
20261002,2925,ＷＴ小麦,1695,東Ｅ,,"3,388",+17,+0.50%,10,ー倍,ー倍,ー%
20261002,2926,大本組,1793,東S,,"2,055",-45,-2.14%,10,19.4倍,0.77倍,3.60%
20261002,2927,セーラー広告,2156,東S,,272,0,0.00%,10,ー倍,0.63倍,2.21%
20261002,2928,暁飯島工業,1997,東S,,"4,100",+80,+1.99%,9,8.73倍,1.01倍,3.29%
20261002,2929,アミタＨＤ,2195,東G,,371,-4,-1.07%,9,19.9倍,2.40倍,1.35%
20261002,2930,アジア航,9233,東S,,"1,143",+1,+0.09%,9,12.5倍,0.95倍,3.85%
20261002,2931,進学会ＨＤ,9760,東S,,117,+1,+0.86%,9,65.0倍,0.31倍,ー%
20261002,2932,リビンＴ,4445,東G,,"1,791",-7,-0.39%,9,32.6倍,3.00倍,ー%
20261002,2933,ランディクス,2981,東G,,"2,187",-37,-1.66%,9,6.61倍,1.18倍,2.56%
20261002,2934,リビングＰＦ,7091,東G,,"1,193",-3,-0.25%,9,12.5倍,2.05倍,0.42%
20261002,2935,日本インシュ,5368,東S,,"1,025",-10,-0.97%,9,12.1倍,0.61倍,3.90%
20261002,2936,ＧＸリー日株,2641,東Ｅ,,"4,515",-18,-0.40%,9,ー倍,ー倍,ー%
20261002,2937,ｉＳＧＪリト,2852,東Ｅ,,164.7,-2.4,-1.44%,9,ー倍,ー倍,ー%
20261002,2938,エアクロ,9557,東G,,258,-4,-1.53%,9,79.1倍,7.25倍,ー%
20261002,2939,アルファＣｏ,3434,東S,,"1,221",-8,-0.65%,9,11.8倍,0.31倍,4.18%
20261002,2940,アグレ都市,3467,東S,,"2,718",-72,-2.58%,9,6.82倍,1.88倍,5.15%
20261002,2941,イノベＨＤ,3484,東S,,"1,249",-6,-0.48%,9,16.5倍,4.53倍,2.72%
20261002,2942,昭栄薬品,3537,東S,,"1,743",+18,+1.04%,9,13.7倍,0.62倍,2.35%
20261002,2943,ほぼ日,3560,東S,,"5,090",-40,-0.78%,9,16.0倍,2.11倍,1.77%
20261002,2944,アプリックス,3727,東G,,161,-5,-3.01%,9,ー倍,1.06倍,1.24%
20261002,2945,アイフリーク,3845,東S,,325,-5,-1.52%,9,"8,125倍",7.35倍,ー%
20261002,2946,静甲,6286,東S,,"1,512",-7,-0.46%,9,9.76倍,0.55倍,1.85%
20261002,2947,ＮＦＫＨＤ,6494,東S,,100,0,0.00%,9,46.5倍,0.83倍,ー%
20261002,2948,ツナグＧＨＤ,6551,東S,,603,-3,-0.50%,9,7.30倍,2.10倍,3.32%
20261002,2949,ＵＭＣエレ,6615,東S,,231,-4,-1.70%,9,ー倍,0.59倍,ー%
20261002,2950,川口化,4361,東S,,"1,647",+15,+0.92%,9,8.35倍,0.61倍,3.64%
20261002,2951,ビープラッツ,4381,東G,,216,+3,+1.41%,9,22.3倍,-2.3倍,ー%
20261002,2952,プロパテＤＢ,4389,東G,,"1,098",-50,-4.36%,9,12.9倍,3.66倍,2.91%
20261002,2953,ＶＮＸ,4422,東G,,497,-1,-0.20%,9,ー倍,5.06倍,ー%
20261002,2954,サノヤスＨＤ,7022,東S,,341,-10,-2.85%,9,14.5倍,0.94倍,2.20%
20261002,2955,スプリックス,7030,東S,,969,-4,-0.41%,9,12.2倍,1.68倍,3.92%
20261002,2956,安楽亭,7562,東S,,"3,720",-15,-0.40%,9,22.6倍,2.05倍,0.40%
20261002,2957,うかい,7621,東S,,"3,245",-25,-0.76%,9,ー倍,3.73倍,0.46%
20261002,2958,エーワン精密,6156,東S,,"1,895",+7,+0.37%,9,37.7倍,1.29倍,5.28%
20261002,2959,重松製,7980,東S,,835,-5,-0.60%,9,8.13倍,0.61倍,1.80%
20261002,2960,ゲンダイ,2411,東S,,460,+4,+0.88%,9,9.68倍,1.31倍,5.43%
20261002,2961,野村外国株式,2513,東Ｅ,,"3,531",-27,-0.76%,9,ー倍,ー倍,ー%
20261002,2962,ＷＤＩ,3068,東S,,"3,080",-15,-0.48%,9,55.3倍,2.91倍,0.55%
20261002,2963,銚子丸,3075,東S,,"1,703",+9,+0.53%,9,17.5倍,2.35倍,0.94%
20261002,2964,オーシャンシ,3096,東S,,"1,524",-23,-1.49%,9,9.39倍,1.15倍,1.31%
20261002,2965,Ｈａｍｅｅ,3134,東S,,297,-7,-2.30%,9,20.8倍,0.68倍,1.01%
20261002,2966,Ａパーチェス,7115,東S,,"1,427",-26,-1.79%,9,12.4倍,2.03倍,2.59%
20261002,2967,ＷＴＯＫＹＯ,9159,東G,,"1,900",-5,-0.26%,9,18.4倍,2.70倍,ー%
20261002,2968,ＧＸＵＳ中小,2252,東Ｅ,,"1,339",-17,-1.25%,9,ー倍,ー倍,ー%
20261002,2969,ＧＸ中国ＥＶ,2254,東Ｅ,,948,-14,-1.46%,9,ー倍,ー倍,ー%
20261002,2970,サキガケＨＤ,5891,東S,,"1,693",-6,-0.35%,9,38.4倍,1.98倍,1.36%
20261002,2971,ＳＯＬＩＺＥ,5871,東S,,"1,340",-15,-1.11%,9,24.0倍,0.65倍,4.10%
20261002,2972,ＧＸ革新優良,178A,東Ｅ,,"1,662",-26,-1.54%,9,ー倍,ー倍,ー%
20261002,2973,カドスＣ,211A,東S,,"3,155",-35,-1.10%,9,9.63倍,0.70倍,5.71%
20261002,2974,ＥＴＳ・Ｇ,253A,東S,,"1,037",+15,+1.47%,9,11.7倍,1.71倍,2.22%
20261002,2975,Ｓｃｈｏｏ,264A,東G,,290,-2,-0.68%,9,16.0倍,2.00倍,ー%
20261002,2976,アクシスＣ,9344,東G,,"1,367",+3,+0.22%,8,13.6倍,2.02倍,3.00%
20261002,2977,ココルポート,9346,東G,,"1,823",-43,-2.30%,8,10.6倍,2.04倍,4.72%
20261002,2978,ジェノバ,5570,東G,,604,-3,-0.49%,8,14.7倍,2.19倍,1.16%
20261002,2979,ｉＦＳＰＷベ,2249,東Ｅ,,"9,382",+38,+0.41%,8,ー倍,ー倍,ー%
20261002,2980,ＧＸオフ日Ｒ,2096,東Ｅ,,952,-14,-1.45%,8,ー倍,ー倍,ー%
20261002,2981,ＳＭＤ高配当,2011,東Ｅ,,869.5,+1.9,+0.22%,8,ー倍,ー倍,ー%
20261002,2982,ｉＦプ１５０,2017,東Ｅ,,"1,544",-18,-1.15%,8,ー倍,ー倍,ー%
20261002,2983,マスカットＧ,195A,東G,,687,+13,+1.93%,8,ー倍,2.70倍,ー%
20261002,2984,プロレド,7034,東P,,305,-5,-1.61%,8,ー倍,0.50倍,ー%
20261002,2985,スリーエフ,7544,東S,,550,-9,-1.61%,8,13.9倍,1.00倍,3.27%
20261002,2986,梅の花Ｇ,7604,東S,,911,-4,-0.44%,8,29.0倍,4.04倍,1.10%
20261002,2987,田中商事,7619,東S,,"1,001",-11,-1.09%,8,7.10倍,0.51倍,3.80%
20261002,2988,タカノ,7885,東S,,"1,055",0,0.00%,8,22.0倍,0.49倍,1.90%
20261002,2989,ＡＩクロス,4476,東G,,"1,087",-2,-0.18%,8,11.5倍,1.98倍,ー%
20261002,2990,Ｃマネージ,4491,東S,,"3,020",0,0.00%,8,12.0倍,1.43倍,1.99%
20261002,2991,スローガン,9253,東G,,751,-1,-0.13%,8,9.65倍,1.03倍,ー%
20261002,2992,ＭＸ米債ヘ有,2839,東Ｅ,,"4,793",+14,+0.29%,8,ー倍,ー倍,ー%
20261002,2993,フレクト,4414,東G,,"1,120",-32,-2.78%,8,8.08倍,2.65倍,ー%
20261002,2994,ＴＨＥＣＯＯ,4255,東G,,"3,400",-30,-0.87%,8,11.8倍,8.61倍,ー%
20261002,2995,アップガレＧ,7134,東S,,"1,415",-12,-0.84%,8,12.3倍,2.24倍,3.00%
20261002,2996,中外鉱,1491,東S,,701,-6,-0.85%,8,10.1倍,1.21倍,ー%
20261002,2997,ＷＴパラジ,1675,東Ｅ,,"16,945",-670,-3.80%,8,ー倍,ー倍,ー%
20261002,2998,上場ＭＳコク,1680,東Ｅ,,"8,240",-36,-0.43%,8,ー倍,ー倍,ー%
20261002,2999,オーテック,1736,東S,,"2,500",-4,-0.16%,8,10.2倍,1.46倍,3.92%
20261002,3000,佐田建,1826,東S,,"1,060",-6,-0.56%,8,14.1倍,1.18倍,5.66%
20261002,3001,ＮＹダウベア,2041,東EN,,"2,028",+4,+0.20%,8,ー倍,ー倍,ー%
20261002,3002,インタスペス,2122,東S,,"1,324",-15,-1.12%,8,19.8倍,1.42倍,2.27%
20261002,3003,南総通運,9034,東S,,"1,622",-15,-0.92%,8,11.1倍,0.67倍,4.93%
20261002,3004,日ピグＨＤ,4119,東S,,"6,220",-120,-1.89%,8,7.51倍,0.43倍,1.61%
20261002,3005,アテクト,4241,東S,,713,-9,-1.25%,8,26.3倍,1.71倍,1.40%
20261002,3006,ＫｅｙＨ,4712,東S,,813,-10,-1.22%,8,15.3倍,0.67倍,1.35%
20261002,3007,日本ラッド,4736,東S,,612,+32,+5.52%,8,19.6倍,0.93倍,1.63%
20261002,3008,ＸＮＥＴ,4762,東S,,"1,114",+31,+2.86%,8,17.9倍,2.85倍,3.37%
20261002,3009,Ｆブラザーズ,3454,東S,,"1,265",-7,-0.55%,8,6.77倍,0.63倍,2.92%
20261002,3010,テックファム,3625,東G,,722,-9,-1.23%,8,10.3倍,1.63倍,1.11%
20261002,3011,ユニリタ,3800,東S,,"1,951",-9,-0.46%,8,12.4倍,1.12倍,3.84%
20261002,3012,プラコー,6347,東S,,244,0,0.00%,8,23.5倍,1.46倍,2.46%
20261002,3013,ハナツアーＪ,6561,東G,,820,-21,-2.50%,8,7.22倍,2.19倍,5.12%
20261002,3014,ＯＳＧコーポ,6757,東S,,915,+6,+0.66%,8,15.9倍,2.01倍,4.37%
20261002,3015,ぷらっと,6836,東S,,857,+10,+1.18%,8,81.3倍,8.65倍,ー%
20261002,3016,ｆｏｎｆｕｎ,2323,東S,,355,-5,-1.39%,8,16.7倍,5.32倍,ー%
20261002,3017,オートＷ,2666,東S,,189,-1,-0.53%,8,11.3倍,0.60倍,2.12%
20261002,3018,石塚硝,5204,東S,,"3,030",-50,-1.62%,8,5.90倍,0.32倍,2.38%
20261002,3019,倉元,5216,東S,,135,0,0.00%,8,ー倍,7.56倍,ー%
20261002,3020,メタルアート,5644,東S,,"7,300",0,0.00%,8,13.0倍,0.80倍,2.19%
20261002,3021,カナレ電気,5819,東S,,"1,724",-1,-0.06%,8,10.0倍,0.60倍,3.83%
20261002,3022,ＴＯＮＥ,5967,東S,,439,-1,-0.23%,8,9.07倍,0.79倍,2.96%
20261002,3023,共和工業,5971,東S,,"9,100",+110,+1.22%,8,19.3倍,0.67倍,0.88%
20261002,3024,エンシュウ,6218,東S,,680,+12,+1.80%,8,17.2倍,0.40倍,1.76%
20261002,3025,リップス,373A,東G,,"1,538",+22,+1.45%,8,8.14倍,1.00倍,ー%
20261002,3026,ＧＸ中テ１０,404A,東Ｅ,,"1,155",-20,-1.70%,8,ー倍,ー倍,ー%
20261002,3027,ニ日経２２５,473A,東Ｅ,,"1,382",-11,-0.79%,8,ー倍,ー倍,ー%
20261002,3028,リヒトラブ,7975,東S,,"1,161",-19,-1.61%,8,49.2倍,0.35倍,2.15%
20261002,3029,ＤＡＩＫＯＸ,8023,東S,,"1,013",-8,-0.78%,8,7.28倍,0.95倍,3.75%
20261002,3030,富山銀,8365,東S,,"2,350",-8,-0.34%,8,12.0倍,0.40倍,2.34%
20261002,3031,ユアサフナ,8006,東S,,"1,485",+2,+0.13%,7,10.5倍,0.59倍,2.22%
20261002,3032,カノークス,8076,東S,,"2,082",-8,-0.38%,7,9.92倍,0.61倍,5.09%
20261002,3033,ラオックス,8202,東S,,149,0,0.00%,7,21.6倍,0.64倍,2.68%
20261002,3034,大和デ,8247,東S,,354,-1,-0.28%,7,19.9倍,0.36倍,ー%
20261002,3035,アバンティア,8904,東S,,819,+2,+0.24%,7,9.90倍,0.43倍,4.64%
20261002,3036,ミラタップ,3187,東G,,402,-2,-0.50%,7,30.8倍,2.49倍,1.00%
20261002,3037,フィルＣ,3267,東S,,632,-20,-3.07%,7,12.6倍,1.04倍,3.96%
20261002,3038,Ｔｒａｉｌ,3358,東S,,95,+2,+2.15%,7,66.9倍,1.64倍,2.11%
20261002,3039,大木ヘルス,3417,東S,,993,-2,-0.20%,7,ー倍,0.40倍,3.02%
20261002,3040,アズ企画設計,3490,東S,,"3,170",+55,+1.77%,7,9.10倍,1.14倍,0.95%
20261002,3041,ＰバンＣＯＭ,3559,東S,,443,-9,-1.99%,7,16.3倍,1.49倍,2.26%
20261002,3042,データＨＲ,3628,東G,,722,+5,+0.70%,7,35.2倍,62.8倍,ー%
20261002,3043,ＰＣＩ,3918,東S,,"1,167",+2,+0.17%,7,9.19倍,1.23倍,4.97%
20261002,3044,ひとまいる,7686,東S,,433,-4,-0.92%,7,19.6倍,2.56倍,4.62%
20261002,3045,ＧＸロジ日Ｒ,2565,東Ｅ,,838,-13,-1.53%,7,ー倍,ー倍,ー%
20261002,3046,Ｂマインド,7343,東G,,"1,301",-12,-0.91%,7,23.4倍,2.01倍,5.38%
20261002,3047,アイスコ,7698,東S,,"2,740",+15,+0.55%,7,22.1倍,2.57倍,0.77%
20261002,3048,ＧＸロジＲグ,2864,東Ｅ,,"1,244",-24,-1.89%,7,ー倍,ー倍,ー%
20261002,3049,ＩＮＥＳＴ,7111,東S,,589,+5,+0.86%,7,14.3倍,0.84倍,ー%
20261002,3050,ＧＸ超長米債,180A,東Ｅ,,265.8,0,0.00%,7,ー倍,ー倍,ー%
20261002,3051,インテＧ,192A,東G,,"1,328",-10,-0.75%,7,13.3倍,1.50倍,3.77%
20261002,3052,プログレス,339A,東G,,942,-2,-0.21%,7,7.14倍,1.24倍,3.18%
20261002,3053,近畿車,7122,東S,,"2,426",+26,+1.08%,7,16.7倍,0.47倍,2.06%
20261002,3054,日本プラスト,7291,東S,,448,-7,-1.54%,7,5.26倍,0.22倍,5.58%
20261002,3055,寿屋,7809,東S,,"1,324",-4,-0.30%,7,21.4倍,1.29倍,3.40%
20261002,3056,スパバッグ,3945,東S,,"2,191",-22,-0.99%,7,4.59倍,0.59倍,5.02%
20261002,3057,Ｄ・アクシス,4245,東S,,719,-5,-0.69%,7,17.7倍,0.93倍,3.34%
20261002,3058,オリジナル設,4642,東S,,"1,396",+7,+0.50%,7,14.0倍,0.98倍,2.87%
20261002,3059,アクシーズ,1381,東S,,"3,485",-50,-1.41%,7,10.9倍,0.81倍,3.44%
20261002,3060,ｉＳ最小分散,1477,東Ｅ,,"3,343",-39,-1.15%,7,ー倍,ー倍,ー%
20261002,3061,野村情通サ他,1626,東Ｅ,,"48,730",-890,-1.79%,7,ー倍,ー倍,ー%
20261002,3062,ＳＤＳＨＤ,1711,東S,,235,-1,-0.42%,7,405倍,4.78倍,ー%
20261002,3063,美樹工業,1718,東S,,"2,283",-41,-1.76%,7,6.69倍,0.42倍,4.38%
20261002,3064,フジ日本,2114,東S,,638,0,0.00%,7,13.1倍,1.18倍,2.98%
20261002,3065,リニカル,2183,東S,,202,0,0.00%,7,25.4倍,1.42倍,3.96%
20261002,3066,広電鉄,9033,東S,,619,-4,-0.64%,7,18.8倍,0.41倍,1.29%
20261002,3067,ウィルソンＷ,9610,東S,,104,-1,-0.95%,7,ー倍,1.77倍,ー%
20261002,3068,ＫＳＫ,9687,東S,,"1,487",-11,-0.73%,7,11.8倍,1.51倍,4.30%
20261002,3069,アゴーラＨＧ,9704,東S,,26,0,0.00%,7,27.7倍,1.24倍,ー%
20261002,3070,ＧＸ日経株主,465A,東Ｅ,,"1,313",+1,+0.08%,7,ー倍,ー倍,ー%
20261002,3071,ｉＳ円社債,515A,東Ｅ,,497.6,+0.7,+0.14%,7,ー倍,ー倍,ー%
20261002,3072,農中米債７Ｕ,538A,東Ｅ,,"4,690",-19,-0.40%,7,ー倍,ー倍,ー%
20261002,3073,アルバイトＴ,2341,東S,,180,0,0.00%,7,23.7倍,1.16倍,2.78%
20261002,3074,ケア２１,2373,東S,,444,+2,+0.45%,7,120倍,1.29倍,3.83%
20261002,3075,ＫＧ情報,2408,東S,,834,+2,+0.24%,7,12.5倍,1.00倍,4.44%
20261002,3076,カネ美食品,2669,東S,,"3,925",+15,+0.38%,7,21.0倍,1.23倍,0.97%
20261002,3077,焼肉坂井ＨＤ,2694,東S,,70,-1,-1.41%,7,156倍,2.68倍,ー%
20261002,3078,ＪＨＤ,2721,東S,,98,-2,-2.00%,7,ー倍,4.24倍,ー%
20261002,3079,ヴィレッジＶ,2769,東S,,932,-7,-0.75%,7,"1,210倍",8.72倍,ー%
20261002,3080,イフジ産業,2924,東S,,"1,853",-46,-2.42%,7,7.47倍,1.19倍,3.72%
20261002,3081,ハブ,3030,東S,,891,0,0.00%,7,34.0倍,3.32倍,1.12%
20261002,3082,ファンデリー,3137,東S,,219,+2,+0.92%,7,22.2倍,10.3倍,ー%
20261002,3083,ＢＲＵＮＯ,3140,東G,,"1,023",+3,+0.29%,7,20.7倍,2.44倍,1.12%
20261002,3084,ＡＰＨＤ,3175,東S,,932,+1,+0.11%,7,21.0倍,-52倍,ー%
20261002,3085,ありがとうＳ,3177,東S,,"4,835",-165,-3.30%,7,9.07倍,1.26倍,2.79%
20261002,3086,東京機,6335,東S,,580,-2,-0.34%,7,8.20倍,0.51倍,ー%
20261002,3087,東自機,6360,東S,,"4,785",ー,ー%,7,14.6倍,0.65倍,2.09%
20261002,3088,不二精機,6400,東S,,316,+3,+0.96%,7,6.97倍,0.62倍,3.16%
20261002,3089,不二電機,6654,東S,,"1,090",0,0.00%,7,25.3倍,0.53倍,2.94%
20261002,3090,クニミネ,5388,東S,,"1,397",-3,-0.21%,7,11.7倍,0.76倍,2.86%
20261002,3091,洋シヤタ,5936,東S,,883,-3,-0.34%,7,6.99倍,0.56倍,4.87%
20261002,3092,ユニバー園芸,6061,東S,,"3,155",0,0.00%,7,11.6倍,1.95倍,0.41%
20261002,3093,タケダ機械,6150,東S,,"2,771",-19,-0.68%,7,9.80倍,0.47倍,2.89%
20261002,3094,アビスト,6087,東S,,"3,350",0,0.00%,6,22.6倍,1.87倍,3.04%
20261002,3095,Ｇキッズ,6189,東S,,985,-5,-0.51%,6,13.4倍,1.15倍,4.06%
20261002,3096,ナガオカ,6239,東S,,"1,405",-25,-1.75%,6,8.86倍,1.22倍,2.49%
20261002,3097,ｉＳＩＧ債Ｈ,1496,東Ｅ,,"1,576",+3,+0.19%,6,ー倍,ー倍,ー%
20261002,3098,野村建設資材,1619,東Ｅ,,"44,860",-300,-0.66%,6,ー倍,ー倍,ー%
20261002,3099,野村運輸物流,1628,東Ｅ,,"21,580",-120,-0.55%,6,ー倍,ー倍,ー%
20261002,3100,ＷＴ商品総合,1684,東Ｅ,,"2,744.0",+17.0,+0.62%,6,ー倍,ー倍,ー%
20261002,3101,南海辰村,1850,東S,,437,+2,+0.46%,6,7.47倍,0.63倍,1.83%
20261002,3102,コスピベア,2034,東EN,,"1,867",-8,-0.43%,6,ー倍,ー倍,ー%
20261002,3103,浜木綿,7682,東S,,"3,710",-5,-0.13%,6,93.6倍,5.01倍,0.46%
20261002,3104,ウイルテック,7087,東S,,"1,355",-7,-0.51%,6,9.32倍,0.99倍,3.17%
20261002,3105,ミット,4016,東S,,"1,085",-7,-0.64%,6,12.6倍,3.02倍,2.76%
20261002,3106,ココペリ,4167,東G,,343,+2,+0.59%,6,52.2倍,1.78倍,ー%
20261002,3107,室町ケミカル,4885,東S,,909,-1,-0.11%,6,10.5倍,1.42倍,2.86%
20261002,3108,ファブリカ,4193,東S,,"2,111",0,0.00%,6,12.1倍,2.97倍,2.46%
20261002,3109,ブルーミーム,4069,東G,,599,-20,-3.23%,6,ー倍,0.81倍,ー%
20261002,3110,デリバリコン,9240,東G,,375,-7,-1.83%,6,14.9倍,1.47倍,ー%
20261002,3111,トリプルアイ,5026,東G,,611,-12,-1.93%,6,ー倍,3.63倍,ー%
20261002,3112,グラッドＣ,9561,東G,,431,+9,+2.13%,6,72.4倍,4.79倍,ー%
20261002,3113,テンアライド,8207,東S,,290,0,0.00%,6,242倍,9.86倍,ー%
20261002,3114,光世,8617,東S,,590,-16,-2.64%,6,ー倍,0.33倍,ー%
20261002,3115,丸八証券,8700,東S,,"2,084",-26,-1.23%,6,ー倍,0.93倍,ー%
20261002,3116,サンネクスタ,8945,東S,,"1,091",-3,-0.27%,6,27.6倍,1.28倍,4.03%
20261002,3117,コーセーＲＥ,3246,東S,,691,-4,-0.58%,6,16.0倍,0.68倍,3.47%
20261002,3118,トーエル,3361,東S,,905,+7,+0.78%,6,12.7倍,0.77倍,2.54%
20261002,3119,ソフトＭＡＸ,3671,東S,,310,-5,-1.59%,6,12.9倍,1.90倍,3.23%
20261002,3120,ＣＲＩ,3698,東S,,"1,212",-19,-1.54%,6,13.7倍,1.52倍,2.23%
20261002,3121,アエリア,3758,東S,,247,-2,-0.80%,6,9.94倍,0.58倍,ー%
20261002,3122,ネクスジェン,3842,東S,,"1,370",-1,-0.07%,6,15.1倍,1.69倍,2.19%
20261002,3123,ハビックス,3895,東S,,434,+6,+1.40%,6,9.76倍,0.45倍,3.69%
20261002,3124,ＧｒｅｅｎＢ,3913,東S,,"1,040",-14,-1.33%,6,11.6倍,1.75倍,ー%
20261002,3125,キャピタルＡ,3965,東S,,852,-4,-0.47%,6,9.26倍,1.27倍,3.05%
20261002,3126,テモナ,3985,東S,,187,-3,-1.58%,6,48.8倍,2.86倍,ー%
20261002,3127,アセチレン,4093,東S,,425,-2,-0.47%,6,12.3倍,0.77倍,3.29%
20261002,3128,エデュラボ,4427,東G,,224,-2,-0.88%,6,229倍,1.79倍,ー%
20261002,3129,わかもと,4512,東S,,291,-3,-1.02%,6,43.9倍,0.86倍,1.20%
20261002,3130,シンバイオ,4582,東G,,56,0,0.00%,6,ー倍,-5.3倍,ー%
20261002,3131,イマジニア,4644,東S,,"1,027",-5,-0.48%,6,19.8倍,0.81倍,5.84%
20261002,3132,オープンＷ,5139,東G,,931,-12,-1.27%,6,20.0倍,2.53倍,0.97%
20261002,3133,アメイズ,6076,福証,,"1,327",+13,+0.99%,6,8.08倍,1.03倍,2.64%
20261002,3134,ジョイフル,9942,福証,,"1,291",-4,-0.31%,6,9.04倍,2.58倍,0.77%
20261002,3135,売れるＧ,9235,東G,,404,+4,+1.00%,6,29.9倍,-31倍,ー%
20261002,3136,Ｄサイクル,5888,東G,,"2,732",-46,-1.66%,6,7.49倍,1.13倍,2.67%
20261002,3137,ＳＴＧ,5858,東G,,"1,192",+1,+0.08%,6,9.78倍,0.71倍,1.68%
20261002,3138,ＩＮＧＳ,245A,東G,,"2,499",ー,ー%,6,18.6倍,2.78倍,ー%
20261002,3139,アルピコＨＤ,297A,東S,,210,0,0.00%,6,9.43倍,1.15倍,2.38%
20261002,3140,ＩＡＣＥトラ,343A,東S,,"1,290",0,0.00%,6,10.3倍,1.43倍,2.95%
20261002,3141,島根銀行,7150,東S,,506,-4,-0.78%,6,27.0倍,0.78倍,1.98%
20261002,3142,エイケン工業,7265,東S,,"3,500",-25,-0.71%,6,12.0倍,0.58倍,3.14%
20261002,3143,盟和産,7284,東S,,"1,163",+1,+0.09%,6,12.7倍,0.33倍,4.30%
20261002,3144,フジオーゼ,7299,東S,,"1,728",-22,-1.26%,6,10.1倍,0.53倍,3.13%
20261002,3145,ＣＡＰＩＴＡ,7462,東S,,376,0,0.00%,6,15.5倍,1.70倍,2.66%
20261002,3146,鳥羽洋行,7472,東S,,"3,795",-40,-1.04%,6,11.9倍,0.67倍,3.16%
20261002,3147,コナカ,7494,東S,,230,-2,-0.86%,6,4.90倍,0.45倍,4.35%
20261002,3148,栄電子,7567,東S,,636,+4,+0.63%,6,15.9倍,0.62倍,2.04%
20261002,3149,レダックス,7602,東S,,165,-3,-1.79%,6,19.6倍,0.75倍,1.21%
20261002,3150,大研医器,7775,東S,,417,-1,-0.24%,6,20.3倍,1.58倍,4.80%
20261002,3151,アルメディオ,7859,東S,,258,-8,-3.01%,6,ー倍,0.66倍,ー%
20261002,3152,オリチェン,6380,東S,,"3,495",+10,+0.29%,6,66.3倍,2.34倍,0.57%
20261002,3153,オプトエレ,6664,東S,,236,-18,-7.09%,6,ー倍,0.46倍,ー%
20261002,3154,トラースＯＰ,6696,東G,,299,-3,-0.99%,6,ー倍,4.93倍,ー%
20261002,3155,東亜ＤＫＫ,6848,東S,,847,+6,+0.71%,6,18.2倍,0.70倍,2.60%
20261002,3156,ＧＭＯテック,415A,東G,,"5,540",-140,-2.46%,6,19.7倍,2.27倍,4.99%
20261002,3157,ライオン事務,423A,東S,,315,-1,-0.32%,6,10.8倍,0.80倍,4.76%
20261002,3158,農中海外債Ｕ,539A,東Ｅ,,"4,771",-12,-0.25%,6,ー倍,ー倍,ー%
20261002,3159,ベーシック,519A,東G,,442,-6,-1.34%,6,7.81倍,1.74倍,ー%
20261002,3160,シスエグゼ,548A,東S,,938,-12,-1.26%,6,8.47倍,0.83倍,4.74%
20261002,3161,カンダ,9059,東S,,913,-11,-1.19%,6,7.66倍,0.69倍,2.85%
20261002,3162,玉井船,9127,東S,,"3,490",-100,-2.79%,6,9.53倍,0.67倍,3.15%
20261002,3163,ポエック,9264,東S,,"1,607",-1,-0.06%,6,10.5倍,1.66倍,4.67%
20261002,3164,東海運,9380,東S,,440,-7,-1.57%,6,14.7倍,0.64倍,2.05%
20261002,3165,トーシンＨＤ,9444,東S,,267,-11,-3.96%,6,ー倍,2.09倍,ー%
20261002,3166,テアトル,9633,東S,,"1,801",-14,-0.77%,6,4.52倍,0.62倍,1.67%
20261002,3167,ロイヤルホ,9713,東S,,906,-1,-0.11%,6,17.3倍,0.79倍,0.66%
20261002,3168,東海リース,9761,東S,,"2,368",-39,-1.62%,6,9.34倍,0.47倍,5.07%
20261002,3169,愛眼,9854,東S,,260,-6,-2.26%,6,25.9倍,0.41倍,ー%
20261002,3170,マキヤ,9890,東S,,"1,414",-3,-0.21%,6,6.67倍,0.44倍,2.69%
20261002,3171,蔵王産業,9986,東S,,"2,482",-17,-0.68%,6,18.0倍,1.05倍,4.03%
20261002,3172,サイバーバズ,7069,東G,,470,-13,-2.69%,6,10.4倍,4.05倍,ー%
20261002,3173,クエスト,2332,東S,,"1,749",-8,-0.46%,6,10.5倍,1.23倍,3.49%
20261002,3174,トランスＧＧ,2342,東S,,244,-7,-2.79%,6,27.1倍,0.84倍,ー%
20261002,3175,ギグワークス,2375,東S,,214,0,0.00%,6,85.3倍,1.62倍,0.93%
20261002,3176,アスモ,2654,東S,,392,-7,-1.75%,6,13.5倍,0.77倍,2.55%
20261002,3177,パレモ・ＨＤ,2778,東S,,124,+1,+0.81%,6,58.8倍,0.95倍,ー%
20261002,3178,佐藤食品,2814,東S,,"1,730",-18,-1.03%,6,33.7倍,0.60倍,1.45%
20261002,3179,アプライド,3020,東S,,"4,955",+25,+0.51%,6,6.23倍,0.96倍,2.02%
20261002,3180,ストリーム,3071,東S,,102,-1,-0.97%,6,14.7倍,0.95倍,2.94%
20261002,3181,岩塚製菓,2221,東S,,"3,030",-10,-0.33%,5,23.3倍,0.51倍,1.06%
20261002,3182,サーティワン,2268,東S,,"4,055",0,0.00%,5,21.7倍,2.55倍,1.48%
20261002,3183,ホドルワン,2345,東S,,95,-3,-3.06%,5,ー倍,24.9倍,ー%
20261002,3184,メディネット,2370,東G,,24,-1,-4.00%,5,ー倍,2.01倍,ー%
20261002,3185,アスカネット,2438,東G,,341,-7,-2.01%,5,16.3倍,0.99倍,2.05%
20261002,3186,株主還元７０,2529,東Ｅ,,"2,365",-10,-0.42%,5,ー倍,ー倍,ー%
20261002,3187,ユニカフェ,2597,東S,,"1,323",+5,+0.38%,5,25.3倍,2.38倍,ー%
20261002,3188,オルバＤＶｘ,2689,東S,,"1,930",+7,+0.36%,5,ー倍,1.53倍,ー%
20261002,3189,ＹＫＴ,2693,東S,,279,-5,-1.76%,5,64.7倍,0.40倍,1.79%
20261002,3190,大冷,2883,東S,,"1,970",0,0.00%,5,22.0倍,1.36倍,3.05%
20261002,3191,Ｗディッシュ,2901,東S,,135,-1,-0.74%,5,12.9倍,0.65倍,2.96%
20261002,3192,きちりＨＤ,3082,東S,,989,-1,-0.10%,5,31.9倍,5.34倍,0.76%
20261002,3193,大光,3160,東S,,580,-1,-0.17%,5,20.7倍,1.35倍,2.59%
20261002,3194,ＰＢシステム,4447,東G,,479,-4,-0.83%,5,16.9倍,2.67倍,4.70%
20261002,3195,上場ダウヘ無,2235,東Ｅ,,"3,500",-11,-0.31%,5,ー倍,ー倍,ー%
20261002,3196,北海電工,1832,札証,,"1,379",-9,-0.65%,5,8.31倍,0.76倍,1.45%
20261002,3197,インバＰＦ,5587,東G,,828,+7,+0.85%,5,12.1倍,1.75倍,ー%
20261002,3198,野村Ａ成長,2083,東Ｅ,,"4,010",-13,-0.32%,5,ー倍,ー倍,ー%
20261002,3199,アスマーク,4197,東S,,"2,404",+21,+0.88%,5,19.9倍,1.72倍,3.24%
20261002,3200,早稲田学習研,5869,東S,,"1,271",-2,-0.16%,5,12.3倍,1.76倍,5.11%
20261002,3201,ハッチワーク,148A,東G,,"1,888",-12,-0.63%,5,16.8倍,3.36倍,ー%
20261002,3202,シンカ,149A,東G,,806,-3,-0.37%,5,ー倍,2.94倍,ー%
20261002,3203,ダイブＧ,151A,東G,,618,-3,-0.48%,5,8.24倍,1.88倍,ー%
20261002,3204,オプロ,228A,東G,,"1,744",-4,-0.23%,5,13.2倍,2.85倍,ー%
20261002,3205,リスキル,291A,東G,,"2,016",-28,-1.37%,5,10.3倍,1.73倍,ー%
20261002,3206,タレントＸ,330A,東G,,536,-9,-1.65%,5,27.3倍,3.17倍,ー%
20261002,3207,ＭＸ読売日株,348A,東Ｅ,,293.2,-2.3,-0.78%,5,ー倍,ー倍,ー%
20261002,3208,ユナイト,4486,東G,,675,-10,-1.46%,5,11.0倍,2.20倍,2.37%
20261002,3209,ＡＨＣ,7083,東G,,"1,320",+12,+0.92%,5,29.2倍,2.29倍,0.91%
20261002,3210,ビザスク,4490,東G,,672,-8,-1.18%,5,8.32倍,3.16倍,ー%
20261002,3211,上場ダウヘ有,2562,東Ｅ,,"3,544",+3,+0.08%,5,ー倍,ー倍,ー%
20261002,3212,ｉ３,4495,東G,,"2,054",-4,-0.19%,5,12.6倍,3.30倍,1.95%
20261002,3213,モダリス,4883,東G,,32,0,0.00%,5,ー倍,1.41倍,ー%
20261002,3214,Ｐアンチエイ,4934,東G,,582,-5,-0.85%,5,50.7倍,0.73倍,ー%
20261002,3215,レッティ,7356,東G,,114,-1,-0.87%,5,21.6倍,4.37倍,ー%
20261002,3216,東京通信Ｇ,7359,東G,,264,-4,-1.49%,5,24.2倍,2.96倍,ー%
20261002,3217,ＨＣＨ,7361,東G,,"1,200",-5,-0.41%,5,8.57倍,2.42倍,3.75%
20261002,3218,シキノＨＴ,6614,東S,,881,-1,-0.11%,5,47.3倍,1.72倍,1.70%
20261002,3219,テンダ,4198,東S,,509,+2,+0.39%,5,42.2倍,1.31倍,4.32%
20261002,3220,Ｚｅｎｋｅｎ,7371,東G,,785,-7,-0.88%,5,17.1倍,0.75倍,3.44%
20261002,3221,マーキュリア,7347,東P,,804,-4,-0.50%,5,15.6倍,0.89倍,2.74%
20261002,3222,ジェイフロ,2934,東G,,"2,037",+23,+1.14%,5,19.8倍,8.86倍,ー%
20261002,3223,野村米十債,2647,東Ｅ,,"5,578",-8,-0.14%,5,ー倍,ー倍,ー%
20261002,3224,ラバブルＭＧ,9254,東G,,"1,034",-25,-2.36%,5,ー倍,1.99倍,ー%
20261002,3225,Ｊクラフト,7135,東S,,170,-1,-0.58%,5,12.6倍,1.61倍,1.76%
20261002,3226,エフビー介護,9220,東S,,"1,305",-14,-1.06%,5,6.26倍,0.80倍,3.30%
20261002,3227,ヤマイチ,2984,東S,,810,+3,+0.37%,5,6.03倍,0.51倍,3.83%
20261002,3228,朝日ラバー,5162,東S,,798,-3,-0.37%,5,21.5倍,0.71倍,3.01%
20261002,3229,アサヒエイト,5341,東S,,137,0,0.00%,5,ー倍,0.88倍,ー%
20261002,3230,中可鍛,5607,名M,,609,-1,-0.16%,5,6.02倍,0.29倍,3.12%
20261002,3231,大谷工業,5939,東S,,"4,600",ー,ー%,5,13.8倍,0.80倍,0.65%
20261002,3232,中西製,5941,東S,,"2,699",+10,+0.37%,5,8.39倍,0.79倍,3.71%
20261002,3233,マルゼン,5982,東S,,"4,025",-40,-0.98%,5,12.1倍,1.22倍,3.11%
20261002,3234,土木管理,6171,東S,,373,+3,+0.81%,5,11.7倍,1.01倍,3.22%
20261002,3235,ＴＰＸベア,1569,東Ｅ,,729.5,+5.5,+0.76%,5,ー倍,ー倍,ー%
20261002,3236,野村機械,1624,東Ｅ,,"84,970",-430,-0.50%,5,ー倍,ー倍,ー%
20261002,3237,野村小売,1630,東Ｅ,,"36,300",-350,-0.95%,5,ー倍,ー倍,ー%
20261002,3238,ＷＴ金,1672,東Ｅ,,"61,150",-220,-0.36%,5,ー倍,ー倍,ー%
20261002,3239,川崎設備,1777,名M,,"2,327",-7,-0.30%,5,8.08倍,1.69倍,4.08%
20261002,3240,巴,1921,東S,,"1,986",+63,+3.28%,5,25.6倍,0.88倍,1.21%
20261002,3241,博展,2173,東G,,781,-4,-0.51%,5,7.49倍,2.28倍,3.46%
20261002,3242,イノベーショ,3970,東S,,811,-4,-0.49%,5,10.0倍,0.81倍,4.93%
20261002,3243,サインポスト,3996,東S,,224,-2,-0.88%,5,32.2倍,1.51倍,2.23%
20261002,3244,チタン,4098,東S,,998,-11,-1.09%,5,14.2倍,0.56倍,1.20%
20261002,3245,竹本容器,4248,東S,,881,-4,-0.45%,5,11.8倍,0.85倍,4.31%
20261002,3246,アサヒペン,4623,東S,,"1,852",+26,+1.42%,5,9.52倍,0.42倍,3.24%
20261002,3247,さくらＫＣＳ,4761,東S,,"1,468",-17,-1.14%,5,13.2倍,0.79倍,4.22%
20261002,3248,ヴィアＨＤ,7918,東S,,106,+1,+0.95%,5,161倍,-1.1倍,ー%
20261002,3249,ラピーヌ,8143,東S,,160,+5,+3.23%,5,ー倍,0.53倍,ー%
20261002,3250,マルイチ,8228,名M,,"1,051",0,0.00%,5,10.2倍,0.71倍,2.66%
20261002,3251,毎コムネット,8908,東S,,873,-8,-0.91%,5,7.87倍,1.07倍,4.47%
20261002,3252,アズマハウス,3293,東S,,751,-3,-0.40%,5,9.49倍,0.35倍,4.66%
20261002,3253,クロスプラス,3320,東S,,"1,301",-4,-0.31%,5,10.5倍,0.49倍,4.61%
20261002,3254,クラウディア,3607,東S,,354,-3,-0.84%,5,5.83倍,0.73倍,2.82%
20261002,3255,テクミラ,3627,東S,,269,-3,-1.10%,5,21.6倍,0.54倍,1.86%
20261002,3256,サイオス,3744,東S,,456,-11,-2.36%,5,10.7倍,2.08倍,1.10%
20261002,3257,ＳＩ,3826,東S,,494,-1,-0.20%,5,13.5倍,1.23倍,2.23%
20261002,3258,新潟交,9017,東S,,"1,981",-3,-0.15%,5,12.7倍,0.37倍,0.50%
20261002,3259,ヒガシＨＤ,9029,東S,,"1,822",-39,-2.10%,5,8.85倍,1.47倍,3.40%
20261002,3260,遠州トラック,9057,東S,,"3,250",+20,+0.62%,5,11.6倍,0.98倍,2.95%
20261002,3261,兵機海,9362,東S,,"3,800",ー,ー%,5,11.4倍,0.79倍,2.89%
20261002,3262,ベルパーク,9441,東S,,"3,025",-40,-1.31%,5,7.96倍,1.25倍,4.76%
20261002,3263,ＳＥＨＩ,9478,東S,,500,+5,+1.01%,5,14.9倍,0.63倍,0.80%
20261002,3264,リリカラ,9827,東S,,653,+2,+0.31%,5,12.0倍,1.06倍,5.51%
20261002,3265,天満屋ス,9846,東S,,981,-1,-0.10%,5,8.06倍,0.40倍,2.04%
20261002,3266,油研工,6393,東S,,"3,020",-50,-1.63%,5,10.7倍,0.45倍,4.97%
20261002,3267,兼松エンジ,6402,東S,,"1,582",-27,-1.68%,5,11.9倍,0.99倍,2.84%
20261002,3268,神戸天然物化,6568,東G,,"1,234",+7,+0.57%,5,14.7倍,0.67倍,2.67%
20261002,3269,ＪＮグループ,6634,東S,,68,0,0.00%,5,28.3倍,1.27倍,ー%
20261002,3270,池上通,6771,東S,,691,+1,+0.14%,5,8.87倍,0.33倍,2.17%
20261002,3271,伊豆シャボ,6819,東S,,470,-2,-0.42%,5,8.89倍,1.44倍,4.26%
20261002,3272,ソフィア,6942,東S,,"1,412",+10,+0.71%,5,935倍,2.17倍,ー%
20261002,3273,アイリック,7325,東G,,697,-2,-0.29%,5,12.8倍,1.46倍,4.59%
20261002,3274,京都友禅ＨＤ,7615,東S,,94,-1,-1.05%,5,18.8倍,0.63倍,1.60%
20261002,3275,クロスフォー,7810,東S,,152,-2,-1.30%,5,53.9倍,1.40倍,0.56%
20261002,3276,テノ．ＨＤ,7037,東S,,798,-1,-0.13%,4,12.6倍,1.91倍,1.25%
20261002,3277,ＣＲＧＨＤ,7041,東G,,324,-8,-2.41%,4,18.1倍,0.61倍,2.78%
20261002,3278,ｕｐｒ,7065,東S,,953,-13,-1.35%,4,10.0倍,0.76倍,3.88%
20261002,3279,ユニバンス,7254,東S,,793,0,0.00%,4,8.32倍,0.54倍,2.52%
20261002,3280,マルシェ,7524,東S,,177,-6,-3.28%,4,76.6倍,7.31倍,ー%
20261002,3281,オーエムツー,7614,東S,,"1,541",-7,-0.45%,4,10.3倍,0.56倍,2.34%
20261002,3282,ハンズマン,7636,東S,,790,-2,-0.25%,4,9.88倍,0.58倍,3.80%
20261002,3283,トップカルチ,7640,東S,,200,0,0.00%,4,ー倍,25.9倍,ー%
20261002,3284,ダイイチ,7643,東S,,"1,637",-14,-0.85%,4,92.0倍,1.04倍,2.44%
20261002,3285,ダイコー通産,7673,東S,,"1,720",+15,+0.88%,4,9.65倍,1.02倍,4.19%
20261002,3286,平山,7781,東S,,881,-2,-0.23%,4,8.42倍,2.30倍,4.77%
20261002,3287,日本創発Ｇ,7814,東S,,630,+1,+0.16%,4,15.0倍,1.51倍,2.38%
20261002,3288,オービス,7827,東S,,"1,766",+16,+0.91%,4,8.89倍,0.55倍,3.51%
20261002,3289,築地魚,8039,東S,,"3,495",-10,-0.29%,4,15.6倍,1.08倍,1.00%
20261002,3290,ソマール,8152,東S,,"7,170",+30,+0.42%,4,5.54倍,0.59倍,1.39%
20261002,3291,タカキュー,8166,東S,,78,-1,-1.27%,4,25.0倍,1.52倍,ー%
20261002,3292,小林洋行,8742,東S,,580,-8,-1.36%,4,ー倍,0.67倍,ー%
20261002,3293,インテＭ,7072,東G,,"1,083",-27,-2.43%,4,18.4倍,2.00倍,ー%
20261002,3294,スポーツＦ,7080,東G,,896,-2,-0.22%,4,7.78倍,2.34倍,2.57%
20261002,3295,レンティア,7081,東S,,"1,290",-4,-0.31%,4,8.52倍,1.10倍,2.87%
20261002,3296,ｉＳ日本国債,2561,東Ｅ,,"1,960",-5,-0.25%,4,ー倍,ー倍,ー%
20261002,3297,日本情報Ｃ,4054,東G,,519,-1,-0.19%,4,19.8倍,1.69倍,2.50%
20261002,3298,ＥＳＧ総合,2071,東EN,,"20,295",ー,ー%,4,ー倍,ー倍,ー%
20261002,3299,リフォームＴ,7695,東G,,884,-9,-1.01%,4,26.4倍,3.13倍,ー%
20261002,3300,ベビカレ,7363,東G,,"1,360",-28,-2.02%,4,17.3倍,1.59倍,ー%
20261002,3301,ＧＸクリ日株,2637,東Ｅ,,"2,698",+2,+0.07%,4,ー倍,ー倍,ー%
20261002,3302,ラキール,4074,東G,,808,+9,+1.13%,4,ー倍,1.53倍,ー%
20261002,3303,モビルス,4370,東G,,412,+3,+0.73%,4,ー倍,1.82倍,ー%
20261002,3304,ＧＸメタ日株,2646,東Ｅ,,"3,782",-37,-0.97%,4,ー倍,ー倍,ー%
20261002,3305,一家ＨＤ,7127,東S,,689,-1,-0.14%,4,22.2倍,4.91倍,ー%
20261002,3306,トゥルーＤ,4416,東G,,400,-7,-1.72%,4,30.8倍,1.66倍,ー%
20261002,3307,ニフティＬＳ,4262,東G,,"1,387",-8,-0.57%,4,10.6倍,1.44倍,4.61%
20261002,3308,タカヨシＨＤ,9259,東G,,824,-1,-0.12%,4,8.89倍,1.35倍,3.64%
20261002,3309,セカンドＸ,5028,東G,,350,-1,-0.28%,4,20.4倍,2.75倍,ー%
20261002,3310,サイネックス,2376,東S,,783,+16,+2.09%,4,18.3倍,0.56倍,1.92%
20261002,3311,プラネット,2391,東S,,"1,166",-4,-0.34%,4,21.5倍,1.40倍,3.82%
20261002,3312,ヒューマン,2415,東S,,"1,601",-11,-0.68%,4,6.78倍,0.86倍,4.43%
20261002,3313,アウン,2459,東S,,175,-3,-1.69%,4,ー倍,4.28倍,ー%
20261002,3314,アオバＢＢＴ,2464,東S,,372,-1,-0.27%,4,11.9倍,1.02倍,2.96%
20261002,3315,ピエトロ,2818,東S,,"1,752",+1,+0.06%,4,ー倍,2.01倍,1.37%
20261002,3316,篠崎屋,2926,東S,,110,0,0.00%,4,24.0倍,1.36倍,3.64%
20261002,3317,ハイパー,3054,東S,,381,-2,-0.52%,4,15.4倍,1.16倍,1.84%
20261002,3318,ＪＢイレブン,3066,名M,,621,+1,+0.16%,4,271倍,2.92倍,0.40%
20261002,3319,ＯＣＨＩＨＤ,3166,東S,,"1,431",-16,-1.11%,4,14.3倍,0.75倍,3.84%
20261002,3320,ビジコーチ,9562,東G,,585,-2,-0.34%,4,496倍,1.89倍,2.91%
20261002,3321,アソインター,9340,東S,,788,-12,-1.50%,4,14.0倍,2.40倍,3.55%
20261002,3322,日本ＳＢ,5530,名M,,"1,110",0,0.00%,4,7.80倍,0.95倍,4.05%
20261002,3323,クラダシ,5884,東G,,609,+3,+0.50%,4,24.4倍,4.37倍,ー%
20261002,3324,ブリーチ,9162,東G,,226,+2,+0.89%,4,ー倍,0.63倍,ー%
20261002,3325,ＧＸＵＳＤＶ,2253,東Ｅ,,"1,276",+5,+0.39%,4,ー倍,ー倍,ー%
20261002,3326,フュージョン,3977,札Ａ,,517,-9,-1.71%,4,29.8倍,1.78倍,ー%
20261002,3327,筑邦銀,8398,福証,,"2,566",0,0.00%,4,9.70倍,0.39倍,2.34%
20261002,3328,農中ＤＡＸＨ,2089,東Ｅ,,"2,757",-14,-0.51%,4,ー倍,ー倍,ー%
20261002,3329,ＧＸ住宅日Ｒ,2097,東Ｅ,,881,-18,-2.00%,4,ー倍,ー倍,ー%
20261002,3330,笑美面,9237,東G,,803,-5,-0.62%,4,18.9倍,4.06倍,ー%
20261002,3331,ＳＭＴ好配当,170A,東Ｅ,,"3,125",-56,-1.76%,4,ー倍,ー倍,ー%
20261002,3332,エルイズビー,145A,東G,,879,-2,-0.23%,4,25.1倍,2.29倍,ー%
20261002,3333,ＧＸ超長米Ｈ,179A,東Ｅ,,227.0,-0.4,-0.18%,4,ー倍,ー倍,ー%
20261002,3334,Ｍ米債短ヘ無,181A,東Ｅ,,525.8,+3.2,+0.61%,4,ー倍,ー倍,ー%
20261002,3335,ＧＸ印１０＋,188A,東Ｅ,,801,-2,-0.25%,4,ー倍,ー倍,ー%
20261002,3336,フォルシア,304A,東G,,"2,175",+33,+1.54%,4,9.74倍,1.32倍,ー%
20261002,3337,ＳＣＡＴ,3974,東S,,661,+3,+0.46%,4,34.7倍,1.00倍,2.19%
20261002,3338,ＳＹＳＨＤ,3988,東S,,564,+16,+2.92%,4,8.99倍,1.41倍,1.60%
20261002,3339,すららネット,3998,東G,,282,-2,-0.70%,4,ー倍,0.81倍,ー%
20261002,3340,ジャストプラ,4287,東S,,491,+1,+0.20%,4,8.16倍,1.45倍,2.65%
20261002,3341,ＳＩＧＧ,4386,東S,,900,+9,+1.01%,4,10.2倍,1.80倍,3.67%
20261002,3342,ＺＵＵ,4387,東G,,554,+4,+0.73%,4,263倍,2.45倍,ー%
20261002,3343,ソフト９９,4464,東S,,"4,050",0,0.00%,4,28.2倍,1.47倍,1.68%
20261002,3344,ケミファ,4539,東S,,"1,564",-3,-0.19%,4,94.4倍,0.29倍,3.20%
20261002,3345,ＢＰカストロ,5015,東S,,995,-4,-0.40%,4,20.0倍,2.23倍,5.03%
20261002,3346,高田機,5923,東S,,"1,171",0,0.00%,4,31.1倍,0.33倍,4.27%
20261002,3347,赤阪鉄,6022,東S,,"2,847",-12,-0.42%,4,42.3倍,0.36倍,ー%
20261002,3348,ウエスコＨＤ,6091,東S,,946,-4,-0.42%,4,14.6倍,0.73倍,4.23%
20261002,3349,タメニー,6181,東G,,86,-1,-1.15%,4,12.0倍,3.33倍,ー%
20261002,3350,ホープ,6195,東G,,202,+1,+0.50%,4,8.96倍,3.11倍,4.16%
20261002,3351,サンヨーＨ,1420,東S,,629,-2,-0.32%,4,5.59倍,0.48倍,3.97%
20261002,3352,野村ＪＰＸ,1591,東Ｅ,,"37,120",-360,-0.96%,4,ー倍,ー倍,ー%
20261002,3353,上場ＪＰＸ日,1592,東Ｅ,,"3,400",-32,-0.93%,4,ー倍,ー倍,ー%
20261002,3354,ｉＦ４百,1599,東Ｅ,,"37,750",+30,+0.08%,4,ー倍,ー倍,ー%
20261002,3355,ＷＴ穀物,1688,東Ｅ,,598.0,-1.0,-0.17%,4,ー倍,ー倍,ー%
20261002,3356,ＷＴコーン,1696,東Ｅ,,"3,042",-11,-0.36%,4,ー倍,ー倍,ー%
20261002,3357,ソネック,1768,東S,,"1,027",+3,+0.29%,4,9.12倍,0.73倍,4.87%
20261002,3358,名工建,1869,名M,,"1,893",-17,-0.89%,4,8.69倍,0.55倍,3.49%
20261002,3359,米国配当貴族,2044,東EN,,"32,860",-130,-0.39%,4,ー倍,ー倍,ー%
20261002,3360,日和産,2055,東S,,346,-2,-0.57%,4,20.9倍,0.32倍,1.73%
20261002,3361,北浜ＣＰ,2134,東S,,18,-1,-5.26%,4,5.68倍,2.08倍,ー%
20261002,3362,クルーズ,2138,東S,,421,-7,-1.64%,4,83.9倍,0.47倍,ー%
20261002,3363,コンバム,6265,東S,,"3,185",-15,-0.47%,4,17.3倍,0.79倍,2.51%
20261002,3364,フリージア,6343,東S,,149,-1,-0.67%,4,4.19倍,0.40倍,0.40%
20261002,3365,ヤマダコーポ,6392,東S,,"7,870",-60,-0.76%,4,11.1倍,1.02倍,2.80%
20261002,3366,ＡＢホテル,6565,名M,,"1,289",-7,-0.54%,4,5.80倍,1.16倍,2.25%
20261002,3367,ユビテック,6662,東S,,228,0,0.00%,4,ー倍,2.20倍,ー%
20261002,3368,ズーム,6694,東S,,829,-21,-2.47%,4,8.95倍,0.61倍,3.86%
20261002,3369,協立電機,6874,東S,,"2,341",-9,-0.38%,4,8.58倍,0.85倍,3.93%
20261002,3370,ＡＳＴＩ,6899,東S,,"2,201",-17,-0.77%,4,9.83倍,0.27倍,3.63%
20261002,3371,岡県運送,9063,東S,,"4,115",-20,-0.48%,4,7.38倍,0.30倍,1.70%
20261002,3372,日石輸,9074,東S,,"2,580",-21,-0.81%,4,13.0倍,0.59倍,2.33%
20261002,3373,ビート,9399,東S,,13,0,0.00%,4,ー倍,ー倍,ー%
20261002,3374,ワイヤレスＧ,9419,東S,,293,-2,-0.68%,4,12.8倍,1.87倍,ー%
20261002,3375,セゾンテク,9640,東S,,"1,956",+7,+0.36%,4,31.7倍,2.34倍,4.60%
20261002,3376,白洋舎,9731,東S,,"3,335",-35,-1.04%,4,5.11倍,0.89倍,3.00%
20261002,3377,ビステム,9780,東S,,"1,144",+2,+0.18%,4,9.75倍,0.95倍,3.15%
20261002,3378,ビケンテクノ,9791,東S,,"1,162",-16,-1.36%,4,7.97倍,0.38倍,3.10%
20261002,3379,旭情報,9799,東S,,935,-3,-0.32%,4,11.7倍,1.17倍,3.64%
20261002,3380,ヤマザワ,9993,東S,,"1,148",-2,-0.17%,4,26.2倍,0.44倍,2.35%
20261002,3381,ファンクリＧ,3266,東S,,79,-1,-1.25%,4,8.62倍,0.93倍,1.27%
20261002,3382,メディ一光Ｇ,3353,東S,,"2,797",-7,-0.25%,4,8.10倍,0.66倍,4.29%
20261002,3383,関門海,3372,東S,,215,0,0.00%,4,24.5倍,2.23倍,ー%
20261002,3384,コスモバイオ,3386,東S,,"1,254",-20,-1.57%,4,22.3倍,0.73倍,3.99%
20261002,3385,ＡＴＡＯ,3550,東G,,223,-1,-0.45%,4,14.1倍,1.20倍,2.24%
20261002,3386,アスリナ,3647,東S,,115,0,0.00%,4,ー倍,3.06倍,ー%
20261002,3387,ＡＧＳ,3648,東S,,"1,041",+1,+0.10%,4,9.51倍,1.08倍,3.46%
20261002,3388,協立情報通信,3670,名M,,"1,652",-7,-0.42%,4,5.94倍,0.84倍,3.93%
20261002,3389,フォーシーズ,3726,東S,,336,0,0.00%,4,ー倍,2.25倍,ー%
20261002,3390,リスモン,3768,東S,,550,0,0.00%,4,17.2倍,0.72倍,3.00%
20261002,3391,ガイアックス,3775,名N,,421,-2,-0.47%,4,11.8倍,1.65倍,1.19%
20261002,3392,Ｊエスコム,3779,東S,,120,0,0.00%,4,ー倍,2.79倍,ー%
20261002,3393,いい生活,3796,東S,,292,-4,-1.35%,4,20.7倍,2.06倍,1.03%
20261002,3394,メディア工房,3815,東G,,432,+1,+0.23%,4,ー倍,8.09倍,ー%
20261002,3395,カヤック,3904,東G,,429,+2,+0.47%,4,11.0倍,1.12倍,1.81%
20261002,3396,ＡＩＧＨＤ,377A,名M,,"1,189",-24,-1.98%,4,24.5倍,1.64倍,ー%
20261002,3397,ＭＸ高配５０,461A,東Ｅ,,"2,626",-77,-2.85%,4,ー倍,ー倍,ー%
20261002,3398,ＳＳ金Ｈ,448A,東Ｅ,,250.5,-0.5,-0.20%,4,ー倍,ー倍,ー%
20261002,3399,ＧＸステコイ,512A,東Ｅ,,"1,137",+3,+0.26%,4,ー倍,ー倍,ー%
20261002,3400,ｉＦ独３短国,613A,東Ｅ,,"1,907",-12,-0.63%,4,ー倍,ー倍,ー%
20261002,3401,ニＳＰＥＷ無,426A,東Ｅ,,"1,182",+6,+0.51%,3,ー倍,ー倍,ー%
20261002,3402,ＳＳ米高配,451A,東Ｅ,,285.5,+10.3,+3.74%,3,ー倍,ー倍,ー%
20261002,3403,ギミック,475A,東S,,680,-3,-0.44%,3,15.3倍,1.41倍,ー%
20261002,3404,ＧＸ純銀Ｈ,578A,東Ｅ,,235.2,-2.6,-1.09%,3,ー倍,ー倍,ー%
20261002,3405,高見沢,5283,東S,,"3,230",+85,+2.70%,3,4.45倍,0.34倍,2.17%
20261002,3406,高砂鉄,5458,東S,,"1,300",-15,-1.14%,3,8.77倍,0.76倍,3.46%
20261002,3407,日鋳造,5609,東S,,935,-8,-0.85%,3,9.39倍,0.39倍,3.21%
20261002,3408,日伸銅,5753,東S,,"2,540",-27,-1.05%,3,5.17倍,0.42倍,0.59%
20261002,3409,エムケー精工,5906,東S,,775,-3,-0.39%,3,7.21倍,0.56倍,2.32%
20261002,3410,ダイニチ工業,5951,東S,,"1,121",-15,-1.32%,3,15.2倍,0.62倍,2.50%
20261002,3411,アマテイ,5952,東S,,187,-1,-0.53%,3,16.4倍,1.43倍,2.67%
20261002,3412,アトラＧ,6029,東S,,188,-3,-1.57%,3,133倍,1.22倍,ー%
20261002,3413,エスティック,6161,東S,,"1,042",-13,-1.23%,3,8.52倍,0.91倍,2.98%
20261002,3414,ＧＭＯメディ,6180,東G,,"3,755",-50,-1.31%,3,11.6倍,2.33倍,5.59%
20261002,3415,アミファ,7800,東S,,969,-8,-0.82%,3,4.59倍,1.09倍,3.10%
20261002,3416,名南Ｍ＆Ａ,7076,名M,,875,+2,+0.23%,3,20.3倍,1.67倍,0.99%
20261002,3417,ＩＮＣＨＤ,7078,東G,,340,+4,+1.19%,3,ー倍,2.36倍,ー%
20261002,3418,ニッソウ,1444,東G,,"2,891",-8,-0.28%,3,21.5倍,2.00倍,ー%
20261002,3419,ミクリード,7687,東G,,455,0,0.00%,3,10.1倍,1.82倍,2.00%
20261002,3420,ゼネテック,4492,東S,,389,+6,+1.57%,3,12.4倍,1.75倍,3.21%
20261002,3421,エコミック,3802,東S,,481,-4,-0.82%,3,11.7倍,1.31倍,2.70%
20261002,3422,ジオコード,7357,東S,,"1,708",-3,-0.18%,3,44.7倍,4.39倍,1.46%
20261002,3423,Ｈｉクラテス,4172,東S,,"2,274",-34,-1.47%,3,10.5倍,1.15倍,4.13%
20261002,3424,ファンペップ,4881,東G,,47,-1,-2.08%,3,ー倍,1.45倍,ー%
20261002,3425,ＳＡＮＥＩ,6230,東S,,"2,140",-21,-0.97%,3,7.65倍,0.65倍,3.50%
20261002,3426,ｉ－ｐｌｕｇ,4177,東G,,"1,400",-8,-0.57%,3,10.1倍,3.95倍,3.86%
20261002,3427,Ｅｎｊｉｎ,7370,東G,,711,-4,-0.56%,3,24.6倍,1.09倍,5.63%
20261002,3428,ＡＩＰＦ,7345,東G,,940,+1,+0.11%,3,ー倍,4.20倍,ー%
20261002,3429,ベイシス,4068,東G,,"1,843",+20,+1.10%,3,17.5倍,1.60倍,ー%
20261002,3430,ワクー,4937,東G,,"2,378",-22,-0.92%,3,20.7倍,3.40倍,ー%
20261002,3431,ランドネット,2991,東S,,523,-10,-1.88%,3,4.03倍,0.95倍,2.49%
20261002,3432,ＭＸ米債ヘ無,2838,東Ｅ,,"8,429",+115,+1.38%,3,ー倍,ー倍,ー%
20261002,3433,ＹＣＰ,9257,東G,,499,ー,ー%,3,ー倍,ー倍,ー%
20261002,3434,野村ナスＨ有,2845,東Ｅ,,"3,661",-38,-1.03%,3,ー倍,ー倍,ー%
20261002,3435,ギックス,9219,東G,,894,-9,-1.00%,3,100倍,3.08倍,5.98%
20261002,3436,ホームポジ,2999,東S,,519,-3,-0.57%,3,9.03倍,0.81倍,1.93%
20261002,3437,ｉＳ米債３Ｈ,2856,東Ｅ,,633.7,+2.6,+0.41%,3,ー倍,ー倍,ー%
20261002,3438,上場仏債ヘ無,2861,東Ｅ,,"5,128",-65,-1.25%,3,ー倍,ー倍,ー%
20261002,3439,北電工,6989,東S,,"2,328",-55,-2.31%,3,15.2倍,0.70倍,4.08%
20261002,3440,ピアズ,7066,東G,,434,0,0.00%,3,14.5倍,1.39倍,3.92%
20261002,3441,あんしん保証,7183,東S,,255,0,0.00%,3,ー倍,1.77倍,ー%
20261002,3442,ファルテック,7215,東S,,414,-2,-0.48%,3,19.4倍,0.20倍,ー%
20261002,3443,ＨＫＳ,7219,東S,,"2,461",-8,-0.32%,3,6.96倍,0.31倍,2.64%
20261002,3444,村上開明,7292,東S,,"6,800",-30,-0.44%,3,13.4倍,0.83倍,3.53%
20261002,3445,小田原機器,7314,東S,,"1,350",+8,+0.60%,3,51.2倍,1.11倍,2.96%
20261002,3446,尾家産,7481,東S,,"2,559",-4,-0.16%,3,7.44倍,1.23倍,4.06%
20261002,3447,日新商,7490,東S,,"2,192",+1,+0.05%,3,ー倍,0.55倍,ー%
20261002,3448,ウェッズ,7551,東S,,670,+1,+0.15%,3,9.95倍,0.61倍,3.28%
20261002,3449,ＮＡＴＴＹ,7674,東G,,"2,755",+3,+0.11%,3,679倍,5.17倍,ー%
20261002,3450,メディキット,7749,東S,,"2,772",+5,+0.18%,3,14.1倍,0.86倍,3.61%
20261002,3451,シンシア,7782,東S,,508,+1,+0.20%,3,13.6倍,1.18倍,3.54%
20261002,3452,アビックス,7836,東S,,72,-2,-2.70%,3,14.6倍,1.34倍,ー%
20261002,3453,総合商研,7850,東S,,791,-6,-0.75%,3,7.41倍,0.69倍,2.53%
20261002,3454,フクビ,7871,東S,,"1,000",-2,-0.20%,3,10.1倍,0.48倍,3.10%
20261002,3455,ノダ,7879,東S,,679,+1,+0.15%,3,49.7倍,0.30倍,4.42%
20261002,3456,旭化学,7928,東S,,617,+2,+0.33%,3,37.5倍,0.33倍,1.62%
20261002,3457,リーガル,7938,東S,,"2,107",+2,+0.10%,3,6.39倍,0.45倍,3.88%
20261002,3458,光陽社,7946,名M,,351,+22,+6.69%,3,9.68倍,0.50倍,3.13%
20261002,3459,菊水化,7953,東S,,402,-3,-0.74%,3,10.3倍,0.49倍,4.23%
20261002,3460,セーラー,7992,東S,,102,-1,-0.97%,3,ー倍,3.04倍,ー%
20261002,3461,キムラタン,8107,東S,,31,+1,+3.33%,3,344倍,5.32倍,ー%
20261002,3462,はせがわ,8230,東S,,299,-1,-0.33%,3,9.71倍,0.44倍,5.02%
20261002,3463,井筒屋,8260,東S,,374,-1,-0.27%,3,8.31倍,0.34倍,1.87%
20261002,3464,アジア投資,8518,東S,,149,+2,+1.36%,3,ー倍,0.54倍,ー%
20261002,3465,アサックス,8772,東S,,907,-9,-0.98%,3,7.26倍,0.56倍,2.43%
20261002,3466,ＲＩＳＥ,8836,東S,,26,0,0.00%,3,ー倍,-1.1倍,ー%
20261002,3467,ＡＭＧＨＤ,8891,東S,,"2,105",+4,+0.19%,3,6.86倍,0.48倍,3.80%
20261002,3468,ベネフィＪ,3934,東S,,"2,320",+10,+0.43%,3,12.1倍,1.60倍,4.18%
20261002,3469,ダイナパック,3947,東S,,"2,500",-38,-1.50%,3,7.19倍,0.49倍,3.60%
20261002,3470,うるる,3979,東G,,477,+5,+1.06%,3,16.7倍,3.53倍,0.90%
20261002,3471,エコモット,3987,東G,,618,-6,-0.96%,3,77.8倍,3.97倍,ー%
20261002,3472,タカギセイコ,4242,東S,,"1,735",ー,ー%,3,7.86倍,0.38倍,3.46%
20261002,3473,Ｊストリーム,4308,東G,,357,-2,-0.56%,3,16.6倍,0.85倍,3.92%
20261002,3474,ＩＰＳＨＤ,4335,東S,,"1,070",-5,-0.47%,3,9.20倍,1.37倍,3.55%
20261002,3475,仁丹,4524,東S,,"2,230",-6,-0.27%,3,17.3倍,0.71倍,2.91%
20261002,3476,川崎地質,4673,東S,,"4,830",-85,-1.73%,3,5.71倍,0.72倍,2.48%
20261002,3477,ダイサン,4750,東S,,558,-7,-1.24%,3,27.5倍,0.64倍,3.94%
20261002,3478,ピーエイ,4766,東S,,219,+1,+0.46%,3,23.6倍,4.84倍,2.37%
20261002,3479,ＳＭＥＪ,4772,東G,,74,+2,+2.78%,3,33.9倍,1.23倍,1.35%
20261002,3480,エプコ,2311,東S,,792,-6,-0.75%,3,14.6倍,1.50倍,4.42%
20261002,3481,ＡＳＪ,2351,東S,,330,-6,-1.79%,3,25.7倍,0.88倍,0.91%
20261002,3482,日本和装,2499,東S,,310,+4,+1.31%,3,10.7倍,0.76倍,4.52%
20261002,3483,久世,2708,東S,,"1,860",-20,-1.06%,3,6.15倍,0.89倍,2.42%
20261002,3484,和弘食品,2813,東S,,"3,850",0,0.00%,3,8.51倍,0.93倍,2.86%
20261002,3485,ダイショー,2816,東S,,"1,402",-2,-0.14%,3,32.2倍,1.36倍,1.43%
20261002,3486,はごろも,2831,東S,,"3,630",-35,-0.95%,3,11.4倍,0.69倍,1.93%
20261002,3487,太陽化,2902,名M,,"2,747",-3,-0.11%,3,9.59倍,0.83倍,3.68%
20261002,3488,一正蒲鉾,2904,東S,,756,+1,+0.13%,3,28.9倍,0.93倍,1.85%
20261002,3489,あじかん,2907,東S,,"1,504",-17,-1.12%,3,9.79倍,0.62倍,3.86%
20261002,3490,ＵＮＩＶＡ,3113,東S,,81,-2,-2.41%,3,42.6倍,3.45倍,ー%
20261002,3491,ティーライフ,3172,東S,,"1,125",-6,-0.53%,3,17.2倍,0.74倍,2.67%
20261002,3492,テクノロジー,5248,東G,,508,-6,-1.17%,3,ー倍,5.69倍,ー%
20261002,3493,ノイル,4893,東G,,117,+1,+0.86%,3,ー倍,1.42倍,ー%
20261002,3494,宮崎太銀,8560,福証,,"2,650",0,0.00%,3,9.29倍,0.32倍,1.89%
20261002,3495,オートサーバ,5589,東S,,"2,948",-37,-1.24%,3,14.3倍,1.59倍,2.27%
20261002,3496,雨風太陽,5616,東G,,641,-11,-1.69%,3,51.7倍,5.46倍,ー%
20261002,3497,ウェリタス,130A,東G,,434,+2,+0.46%,3,ー倍,2.02倍,ー%
20261002,3498,コージンＢ,177A,東G,,823,-17,-2.02%,3,38.2倍,0.72倍,1.22%
20261002,3499,Ｍ米債長ヘ無,182A,東Ｅ,,458.5,-1.7,-0.37%,3,ー倍,ー倍,ー%
20261002,3500,クロスＥ,231A,福Ｑ,,"1,039",-4,-0.38%,3,12.2倍,0.88倍,5.29%
20261002,3501,高配当成長,345A,東EN,,"15,295",-190,-1.23%,3,ー倍,ー倍,ー%
20261002,3502,ジグザグ,340A,東G,,338,+2,+0.60%,3,19.2倍,1.91倍,ー%
20261002,3503,ＧＸＳＰＣＦ,356A,東Ｅ,,"1,573",-12,-0.76%,3,ー倍,ー倍,ー%
20261002,3504,ダイトウボウ,3202,東S,,129,0,0.00%,3,32.1倍,0.78倍,2.33%
20261002,3505,トーア紡,3204,東S,,505,-1,-0.20%,3,8.47倍,0.30倍,2.97%
20261002,3506,フジタコーポ,3370,東S,,470,-6,-1.26%,3,12.8倍,6.35倍,0.64%
20261002,3507,北紡,3409,東S,,77,-2,-2.53%,3,122倍,1.61倍,ー%
20261002,3508,ケーエフシー,3420,東S,,"1,545",-11,-0.71%,3,10.5倍,0.51倍,4.53%
20261002,3509,パルマ,3461,東S,,561,-10,-1.75%,3,28.3倍,1.56倍,2.32%
20261002,3510,イチカワ,3513,東S,,"3,625",-40,-1.09%,3,17.0倍,0.60倍,2.76%
20261002,3511,ソトー,3571,東S,,697,-7,-0.99%,3,ー倍,0.56倍,5.74%
20261002,3512,自重堂,3597,東S,,"8,940",+20,+0.22%,3,17.2倍,0.67倍,5.59%
20261002,3513,メディカルＮ,3645,東S,,254,-2,-0.78%,3,16.8倍,1.23倍,1.18%
20261002,3514,ｅｎｉｓｈ,3667,東S,,28,0,0.00%,3,ー倍,2.01倍,ー%
20261002,3515,エンカレッジ,3682,東S,,610,+6,+0.99%,3,18.2倍,1.20倍,4.43%
20261002,3516,コムシード,3739,名N,,120,0,0.00%,3,7.72倍,2.18倍,ー%
20261002,3517,ＡＤＲバイオ,3750,東S,,795,-3,-0.38%,3,355倍,-100倍,ー%
20261002,3518,データアプリ,3848,東S,,853,+2,+0.24%,3,30.6倍,1.19倍,4.10%
20261002,3519,岡山製紙,3892,東S,,"1,584",-10,-0.63%,3,11.7倍,0.51倍,3.16%
20261002,3520,シリウスＶ,6276,東S,,345,-2,-0.58%,3,3.09倍,0.76倍,ー%
20261002,3521,タカキタ,6325,東S,,416,-3,-0.72%,3,19.1倍,0.56倍,2.40%
20261002,3522,電業社,6365,東S,,"5,600",0,0.00%,3,9.12倍,0.75倍,3.39%
20261002,3523,ハマイ,6497,東S,,"1,477",+15,+1.03%,3,15.3倍,0.58倍,3.05%
20261002,3524,ディスラプタ,6538,東S,,245,0,0.00%,3,8.23倍,1.81倍,2.04%
20261002,3525,ＤＭソリュ,6549,東S,,"1,108",-12,-1.07%,3,9.35倍,1.61倍,1.90%
20261002,3526,要興業,6566,東S,,"1,250",-20,-1.57%,3,12.9倍,0.95倍,ー%
20261002,3527,上場パ中国Ａ,1322,東Ｅ,,"11,000",-180,-1.61%,3,ー倍,ー倍,ー%
20261002,3528,ホーブ,1382,東S,,769,-29,-3.63%,3,32.5倍,0.85倍,6.50%
20261002,3529,タナケン,1450,東S,,"1,505",+1,+0.07%,3,9.35倍,1.42倍,3.65%
20261002,3530,上場米債ヘ有,1487,東Ｅ,,"11,345",+45,+0.40%,3,ー倍,ー倍,ー%
20261002,3531,ＭＸ海外株式,1550,東Ｅ,,"8,005",-60,-0.74%,3,ー倍,ー倍,ー%
20261002,3532,野村素材化学,1620,東Ｅ,,"37,130",-290,-0.77%,3,ー倍,ー倍,ー%
20261002,3533,ＷＴプラチナ,1674,東Ｅ,,"24,885",-15,-0.06%,3,ー倍,ー倍,ー%
20261002,3534,ＳＸＮＹダウ,1679,東Ｅ,,"64,560",-280,-0.43%,3,ー倍,ー倍,ー%
20261002,3535,ＷＴアグリ,1687,東Ｅ,,"1,068.0",+2.5,+0.23%,3,ー倍,ー倍,ー%
20261002,3536,ＷＴガソリン,1691,東Ｅ,,"17,385",+585,+3.48%,3,ー倍,ー倍,ー%
20261002,3537,守谷商会,1798,東S,,"1,110",+19,+1.74%,3,7.15倍,0.65倍,3.42%
20261002,3538,佐藤渡辺,1807,東S,,"1,929",-1,-0.05%,3,13.1倍,0.53倍,4.15%
20261002,3539,土屋ＨＤ,1840,東S,,259,0,0.00%,3,ー倍,0.55倍,3.86%
20261002,3540,森組,1853,東S,,320,-3,-0.93%,3,13.4倍,0.68倍,4.38%
20261002,3541,高橋ウォール,1994,東S,,611,-5,-0.81%,3,8.80倍,0.43倍,3.60%
20261002,3542,ハンセンベア,2032,東EN,,"6,373",+141,+2.26%,3,ー倍,ー倍,ー%
20261002,3543,地域新聞社,2164,東S,,107,-2,-1.83%,3,ー倍,2.48倍,ー%
20261002,3544,ソーバル,2186,東S,,899,-5,-0.55%,3,16.8倍,1.57倍,3.67%
20261002,3545,東部ネット,9036,東S,,"1,212",-11,-0.90%,3,25.6倍,0.32倍,1.65%
20261002,3546,センコン物流,9051,東S,,"1,195",-20,-1.65%,3,12.3倍,1.03倍,1.26%
20261002,3547,東洋埠頭,9351,東S,,"1,920",0,0.00%,3,9.73倍,0.43倍,4.17%
20261002,3548,ショーエイ,9385,東S,,745,0,0.00%,3,5.92倍,1.12倍,4.70%
20261002,3549,ＣＢＣ,9402,名P,,"1,267",-15,-1.17%,3,21.3倍,0.41倍,1.97%
20261002,3550,北陸ガス,9537,東S,,"4,260",+10,+0.24%,3,10.9倍,0.36倍,1.88%
20261002,3551,きんえい,9636,東S,,"4,225",+5,+0.12%,3,65.4倍,4.18倍,0.24%
20261002,3552,御園座,9664,名M,,"1,502",+3,+0.20%,3,115倍,1.61倍,ー%
20261002,3553,ホウライ,9679,東S,,"2,217",+30,+1.37%,3,18.6倍,0.91倍,1.08%
20261002,3554,会舘,9701,東S,,"4,500",-50,-1.10%,3,14.7倍,1.10倍,1.11%
20261002,3555,日建工学,9767,東S,,"1,774",+24,+1.37%,3,9.24倍,0.64倍,1.69%
20261002,3556,テーオーＨＤ,9812,東S,,237,+6,+2.60%,3,304倍,4.02倍,0.21%
20261002,3557,ストライダズ,9816,東S,,256,-1,-0.39%,3,15.5倍,0.82倍,1.95%
20261002,3558,コックス,9876,東S,,224,0,0.00%,3,5.73倍,0.59倍,ー%
20261002,3559,セキド,9878,東S,,381,0,0.00%,3,625倍,-11倍,ー%
20261002,3560,ベリテ,9904,東S,,231,+1,+0.43%,3,15.0倍,1.48倍,2.60%
20261002,3561,ＫＯＺＯＨＤ,9973,東S,,19,0,0.00%,3,106倍,12.0倍,ー%
20261002,3562,セキチュー,9976,東S,,"1,086",+9,+0.84%,3,16.9倍,0.49倍,2.76%
20261002,3563,ＭＸ中国株投,2530,東Ｅ,,"16,575",-60,-0.36%,3,ー倍,ー倍,ー%
20261002,3564,ツクルバ,2978,東G,,313,-2,-0.63%,3,43.9倍,2.56倍,ー%
20261002,3565,東京汽,9193,東S,,863,-10,-1.15%,2,232倍,0.31倍,3.48%
20261002,3566,ＳＦＪ,9206,東S,,"1,920",-1,-0.05%,2,24.6倍,-3.3倍,ー%
20261002,3567,アサガミ,9311,東S,,"7,450",-50,-0.67%,2,8.42倍,0.44倍,ー%
20261002,3568,丸八倉,9313,東S,,"1,070",+10,+0.94%,2,12.8倍,0.47倍,2.62%
20261002,3569,名港海,9357,名M,,"2,480",-5,-0.20%,2,12.3倍,0.52倍,4.03%
20261002,3570,伊勢湾,9359,名M,,948,-2,-0.21%,2,9.66倍,0.47倍,3.16%
20261002,3571,大運,9363,東S,,524,+8,+1.55%,2,7.47倍,0.57倍,3.05%
20261002,3572,ユーラシア,9376,東S,,780,+4,+0.52%,2,ー倍,1.79倍,6.41%
20261002,3573,ＢＳＮＨＤ,9408,東S,,"2,662",0,0.00%,2,15.5倍,0.58倍,0.68%
20261002,3574,昭文社ＨＤ,9475,東S,,526,+13,+2.53%,2,26.2倍,0.67倍,0.95%
20261002,3575,クレオ,9698,東S,,"1,303",+3,+0.23%,2,12.1倍,1.36倍,4.30%
20261002,3576,昴,9778,東S,,"5,530",-20,-0.36%,2,24.6倍,0.94倍,2.17%
20261002,3577,銀座ルノア,9853,東S,,907,-2,-0.22%,2,13.3倍,1.71倍,0.55%
20261002,3578,シャルレ,9885,東S,,331,-1,-0.30%,2,44.7倍,0.39倍,2.42%
20261002,3579,カンセキ,9903,東S,,901,+1,+0.11%,2,21.0倍,1.04倍,2.22%
20261002,3580,ハチバン,9950,東S,,"3,340",0,0.00%,2,106倍,2.53倍,0.60%
20261002,3581,アシードＨＤ,9959,東S,,921,+1,+0.11%,2,11.4倍,1.39倍,2.61%
20261002,3582,コモ,2224,東S,,"3,810",+10,+0.26%,2,64.6倍,6.03倍,0.18%
20261002,3583,滝沢ハム,2293,東S,,"2,655",-14,-0.52%,2,68.2倍,1.68倍,0.75%
20261002,3584,ケアサプライ,2393,東S,,"4,375",-25,-0.57%,2,29.6倍,3.78倍,1.69%
20261002,3585,ブラス,2424,東S,,616,+2,+0.33%,2,6.09倍,0.75倍,1.30%
20261002,3586,オルアバウト,2454,東S,,330,+1,+0.30%,2,ー倍,1.34倍,ー%
20261002,3587,シスロケ,2480,東S,,"1,736",-16,-0.91%,2,15.1倍,1.50倍,2.19%
20261002,3588,タウンＮ,2481,東S,,700,-26,-3.58%,2,8.49倍,0.68倍,3.14%
20261002,3589,野村新興国株,2520,東Ｅ,,"2,344",-8,-0.34%,2,ー倍,ー倍,ー%
20261002,3590,夢みつけ隊,2673,東S,,102,0,0.00%,2,ー倍,0.35倍,ー%
20261002,3591,ファマライズ,2796,東S,,509,+1,+0.20%,2,530倍,0.91倍,2.75%
20261002,3592,セイヒョー,2872,東S,,"1,903",-2,-0.10%,2,28.2倍,1.87倍,0.95%
20261002,3593,石井食,2894,東S,,365,+2,+0.55%,2,86.9倍,1.55倍,1.10%
20261002,3594,大森屋,2917,東S,,889,-2,-0.22%,2,22.5倍,0.38倍,ー%
20261002,3595,クリエイト,3024,東S,,"1,195",-8,-0.67%,2,8.51倍,0.81倍,3.60%
20261002,3596,ゴルフ・ドゥ,3032,名N,,206,-5,-2.37%,2,11.5倍,1.18倍,1.94%
20261002,3597,ビューテＨＤ,3041,東S,,401,-1,-0.25%,2,329倍,3.94倍,ー%
20261002,3598,富士山ＭＳ,3138,東S,,"1,198",+1,+0.08%,2,330倍,1.72倍,1.34%
20261002,3599,ジオリーブＧ,3157,東S,,"1,430",-19,-1.31%,2,8.09倍,0.75倍,3.85%
20261002,3600,買取王国,3181,東S,,"1,067",+8,+0.76%,2,9.76倍,1.12倍,1.03%
20261002,3601,ＳＭＤトピク,2557,東Ｅ,,"4,180",-41,-0.97%,2,ー倍,ー倍,ー%
20261002,3602,ランサーズ,4484,東G,,286,0,0.00%,2,18.2倍,3.43倍,1.05%
20261002,3603,ウィルズ,4482,東G,,752,+2,+0.27%,2,16.0倍,4.86倍,2.39%
20261002,3604,スペースマ,4487,東G,,220,+4,+1.85%,2,17.7倍,2.73倍,ー%
20261002,3605,表示灯,7368,東S,,"1,720",0,0.00%,2,10.0倍,0.96倍,3.78%
20261002,3606,デコルテＨＤ,7372,東G,,438,+1,+0.23%,2,9.41倍,0.42倍,ー%
20261002,3607,ＤＮＨＤ,7377,東S,,"1,714",-7,-0.41%,2,7.63倍,0.82倍,4.38%
20261002,3608,シイエヌエス,4076,東G,,"2,005",+1,+0.05%,2,8.58倍,1.34倍,3.49%
20261002,3609,ＭＣＰｓ,4360,東S,,"1,018",-4,-0.39%,2,ー倍,0.72倍,1.47%
20261002,3610,ＣＩＮＣ,4378,東G,,465,0,0.00%,2,344倍,1.27倍,ー%
20261002,3611,サインド,4256,東G,,"1,213",+5,+0.41%,2,39.1倍,2.08倍,ー%
20261002,3612,アジアＱ,4261,東G,,"3,040",-20,-0.65%,2,45.4倍,2.30倍,ー%
20261002,3613,セイファート,9213,東S,,"1,050",+39,+3.86%,2,ー倍,1.86倍,ー%
20261002,3614,ＣａＳｙ,9215,東G,,"1,011",-6,-0.59%,2,ー倍,7.04倍,ー%
20261002,3615,イメージＭ,7793,東G,,"1,595",-3,-0.19%,2,8.89倍,1.91倍,2.19%
20261002,3616,セレ,5078,東S,,"4,695",0,0.00%,2,11.5倍,0.76倍,3.41%
20261002,3617,坪田ラボ,4890,東G,,251,-7,-2.71%,2,95.8倍,8.94倍,ー%
20261002,3618,野村欧州株Ｈ,2859,東Ｅ,,"3,125",-23,-0.73%,2,ー倍,ー倍,ー%
20261002,3619,野村独株Ｈ有,2860,東Ｅ,,"3,155",-8,-0.25%,2,ー倍,ー倍,ー%
20261002,3620,ファインズ,5125,東G,,550,+15,+2.80%,2,13.1倍,1.12倍,ー%
20261002,3621,ポーターズ,5126,東G,,"1,450",-2,-0.14%,2,ー倍,1.59倍,ー%
20261002,3622,フラー,387A,東G,,927,+8,+0.87%,2,10.1倍,1.32倍,ー%
20261002,3623,クラシコ,442A,東G,,821,+2,+0.24%,2,ー倍,2.27倍,ー%
20261002,3624,ｉＳ円高ハン,488A,東Ｅ,,773.0,+3.1,+0.40%,2,ー倍,ー倍,ー%
20261002,3625,テラテクノ,483A,東S,,"2,129",+5,+0.24%,2,8.61倍,1.34倍,4.23%
20261002,3626,ラグジュ欧州,499A,東EN,,"7,578",-198,-2.55%,2,ー倍,ー倍,ー%
20261002,3627,ビタブリッド,542A,東G,,"1,093",+7,+0.64%,2,8.25倍,1.18倍,ー%
20261002,3628,ソフトテック,550A,東S,,"2,260",+19,+0.85%,2,9.82倍,1.31倍,3.32%
20261002,3629,ＧＸ純銀,577A,東Ｅ,,237.0,-0.9,-0.38%,2,ー倍,ー倍,ー%
20261002,3630,ＧＸ銀ビジ,579A,東Ｅ,,928,-13,-1.38%,2,ー倍,ー倍,ー%
20261002,3631,ｉＦ金米国債,626A,東Ｅ,,"1,833",-6,-0.33%,2,ー倍,ー倍,ー%
20261002,3632,日本色材,4920,東S,,"1,198",+42,+3.63%,2,13.0倍,0.58倍,2.50%
20261002,3633,アジュバン,4929,東S,,736,0,0.00%,2,245倍,1.40倍,1.63%
20261002,3634,旭コン,5268,東S,,831,-3,-0.36%,2,20.3倍,0.86倍,2.05%
20261002,3635,日本興業,5279,東S,,"1,211",-1,-0.08%,2,8.68倍,0.42倍,3.72%
20261002,3636,美濃窯,5356,東S,,"1,256",+11,+0.88%,2,8.75倍,0.76倍,4.14%
20261002,3637,新東,5380,東S,,"1,276",-10,-0.78%,2,29.5倍,0.28倍,2.94%
20261002,3638,日亜鋼,5658,東S,,407,-1,-0.25%,2,15.2倍,0.34倍,2.46%
20261002,3639,パウダテック,5695,東S,,"2,800",-1,-0.04%,2,24.7倍,0.65倍,3.57%
20261002,3640,ＮＩＣ,5742,東S,,727,-5,-0.68%,2,30.2倍,1.22倍,5.64%
20261002,3641,駒井ハルテク,5915,東S,,"2,403",+28,+1.18%,2,73.5倍,0.32倍,2.91%
20261002,3642,那須鉄,5922,東S,,"19,830",-260,-1.29%,2,13.2倍,0.68倍,2.27%
20261002,3643,トーソー,5956,東S,,582,-1,-0.17%,2,9.20倍,0.32倍,2.23%
20261002,3644,浅香工,5962,東S,,"2,160",-6,-0.28%,2,12.2倍,0.45倍,2.31%
20261002,3645,フジマック,5965,東S,,"1,199",+4,+0.33%,2,3.74倍,0.54倍,5.00%
20261002,3646,兼房,5984,東S,,780,+3,+0.39%,2,12.1倍,0.34倍,2.95%
20261002,3647,ファインシン,5994,東S,,976,-8,-0.81%,2,8.35倍,0.30倍,2.56%
20261002,3648,イード,6038,東G,,842,0,0.00%,2,ー倍,0.84倍,2.85%
20261002,3649,リンクバル,6046,東S,,144,0,0.00%,2,"2,880倍",3.41倍,ー%
20261002,3650,イトクロ,6049,東G,,252,+3,+1.20%,2,16.5倍,0.54倍,ー%
20261002,3651,ウチヤマＨＤ,6059,東S,,372,+2,+0.54%,2,24.7倍,0.47倍,2.69%
20261002,3652,ＨＭＴ,6090,東S,,606,-12,-1.94%,2,19.2倍,1.78倍,2.97%
20261002,3653,高松機械,6155,東S,,542,-2,-0.37%,2,44.0倍,0.36倍,1.85%
20261002,3654,和井田,6158,東S,,"1,028",-1,-0.10%,2,19.2倍,0.64倍,3.70%
20261002,3655,ミクロン,6159,東S,,"1,860",+9,+0.49%,2,18.7倍,0.59倍,0.65%
20261002,3656,Ｓワイヤー,3929,東G,,244,+1,+0.41%,2,8.74倍,1.59倍,ー%
20261002,3657,はてな,3930,東G,,743,0,0.00%,2,19.0倍,1.21倍,ー%
20261002,3658,昭和パックス,3954,東S,,"3,115",+35,+1.14%,2,10.1倍,0.49倍,1.61%
20261002,3659,イムラ,3955,東S,,867,-2,-0.23%,2,18.9倍,0.48倍,3.46%
20261002,3660,エイトレッド,3969,東S,,"1,393",+1,+0.07%,2,13.3倍,1.87倍,2.58%
20261002,3661,ビーブレイク,3986,東S,,488,-12,-2.40%,2,21.2倍,1.25倍,3.28%
20261002,3662,ユークス,4334,東S,,379,-1,-0.26%,2,11.4倍,1.27倍,2.64%
20261002,3663,エーアイ,4388,東S,,356,-5,-1.39%,2,35.5倍,0.98倍,ー%
20261002,3664,ロジザード,4391,東G,,"1,124",-2,-0.18%,2,12.7倍,1.49倍,1.69%
20261002,3665,ＤＩシステム,4421,東S,,897,-3,-0.33%,2,10.2倍,1.55倍,3.12%
20261002,3666,東名,4439,東S,,837,+11,+1.33%,2,9.75倍,2.26倍,1.55%
20261002,3667,アトミクス,4625,東S,,895,+4,+0.45%,2,9.53倍,0.42倍,2.23%
20261002,3668,トーセ,4728,東S,,647,-1,-0.15%,2,6.21倍,0.79倍,3.86%
20261002,3669,ガーラ,4777,東S,,197,0,0.00%,2,ー倍,7.92倍,ー%
20261002,3670,サンコー,6964,東S,,694,-1,-0.14%,2,11.0倍,0.38倍,2.88%
20261002,3671,ニッチツ,7021,東S,,"2,425",-21,-0.86%,2,39.7倍,0.38倍,1.24%
20261002,3672,アクセスＨＤ,7042,東S,,678,-9,-1.31%,2,12.6倍,1.56倍,3.24%
20261002,3673,共栄セキュリ,7058,東S,,"3,050",ー,ー%,2,6.31倍,0.87倍,3.93%
20261002,3674,アストマクス,7162,東S,,293,0,0.00%,2,ー倍,0.58倍,ー%
20261002,3675,テイン,7217,東S,,455,+1,+0.22%,2,12.9倍,0.64倍,3.96%
20261002,3676,エコーＴＤ,7427,東S,,829,-4,-0.48%,2,6.70倍,0.42倍,3.62%
20261002,3677,中山福,7442,東S,,473,+1,+0.21%,2,14.9倍,0.39倍,2.54%
20261002,3678,ハリマ共和,7444,東S,,"1,975",-15,-0.75%,2,8.65倍,0.41倍,3.04%
20261002,3679,サンリン,7486,東S,,826,+3,+0.36%,2,10.4倍,0.46倍,2.91%
20261002,3680,プラザＨＤ,7502,東S,,"1,682",+6,+0.36%,2,18.9倍,2.21倍,1.49%
20261002,3681,ハウスローゼ,7506,東S,,"1,370",-1,-0.07%,2,460倍,1.24倍,1.82%
20261002,3682,ヒマラヤ,7514,東S,,854,+1,+0.12%,2,32.7倍,0.66倍,3.04%
20261002,3683,ニチリョク,7578,東S,,68,-2,-2.86%,2,10.5倍,0.46倍,ー%
20261002,3684,ポプラ,7601,東S,,166,-1,-0.60%,2,11.9倍,13.9倍,ー%
20261002,3685,星医療,7634,東S,,"5,300",ー,ー%,2,11.8倍,0.82倍,1.70%
20261002,3686,アイフィス,7833,東S,,688,0,0.00%,2,11.6倍,1.10倍,4.36%
20261002,3687,ピープル,7865,東S,,335,+5,+1.52%,2,ー倍,0.84倍,ー%
20261002,3688,エステール,7872,東S,,617,0,0.00%,2,15.0倍,0.58倍,4.38%
20261002,3689,光・彩,7878,東S,,"1,119",+3,+0.27%,2,5.49倍,0.93倍,3.13%
20261002,3690,ウッドワン,7898,東S,,935,0,0.00%,2,21.8倍,0.20倍,2.57%
20261002,3691,野崎紙,7919,東S,,219,-4,-1.79%,2,5.80倍,0.74倍,3.52%
20261002,3692,研創,7939,東S,,600,+3,+0.50%,2,10.3倍,0.69倍,3.83%
20261002,3693,興研,7963,東S,,"1,783",-17,-0.94%,2,10.4倍,0.63倍,1.96%
20261002,3694,日本ＩＳＫ,7986,東S,,"1,903",-19,-0.99%,2,6.49倍,0.60倍,1.58%
20261002,3695,マミヤＯＰ,7991,東S,,"1,051",-2,-0.19%,2,9.05倍,0.42倍,4.76%
20261002,3696,くろ工,7997,東S,,"1,131",-5,-0.44%,2,21.0倍,0.40倍,3.54%
20261002,3697,ツカモト,8025,東S,,"1,400",-3,-0.21%,2,37.7倍,0.33倍,2.14%
20261002,3698,中央魚,8030,東S,,"3,900",+10,+0.26%,2,7.10倍,0.41倍,3.08%
20261002,3699,ナイス,8089,東S,,"1,910",-6,-0.31%,2,6.99倍,0.37倍,4.14%
20261002,3700,三栄コ,8119,東S,,779,-3,-0.38%,2,10.7倍,0.50倍,3.98%
20261002,3701,ヤマトインタ,8127,東S,,520,0,0.00%,2,53.0倍,0.61倍,2.69%
20261002,3702,ゼット,8135,東S,,431,-3,-0.69%,2,10.2倍,0.55倍,4.18%
20261002,3703,東天紅,8181,東S,,"1,010",+8,+0.80%,2,5.70倍,0.35倍,1.49%
20261002,3704,タカチホ,8225,東S,,"3,650",-45,-1.22%,2,7.41倍,0.98倍,3.01%
20261002,3705,エリアクエス,8912,東S,,157,-1,-0.63%,2,16.5倍,1.73倍,2.55%
20261002,3706,エイシアンＳ,8946,東S,,73,0,0.00%,2,16.3倍,0.93倍,ー%
20261002,3707,ｉＦＴＰＷベ,1368,東Ｅ,,149,+3,+2.05%,2,ー倍,ー倍,ー%
20261002,3708,上場高配低ボ,1399,東Ｅ,,"3,166",-29,-0.91%,2,ー倍,ー倍,ー%
20261002,3709,岐阜造園,1438,東S,,"2,196",-5,-0.23%,2,15.2倍,1.57倍,1.82%
20261002,3710,キャンディル,1446,東S,,537,0,0.00%,2,25.0倍,1.61倍,1.86%
20261002,3711,ｉＦＴＰベ,1457,東Ｅ,,"1,750",+19,+1.10%,2,ー倍,ー倍,ー%
20261002,3712,野村マレシア,1560,東Ｅ,,"6,166",-61,-0.98%,2,ー倍,ー倍,ー%
20261002,3713,Ｈ株ベア,1573,東Ｅ,,"8,600",+169,+2.00%,2,ー倍,ー倍,ー%
20261002,3714,ＷＴ原油,1690,東Ｅ,,"2,714.5",+101.0,+3.86%,2,ー倍,ー倍,ー%
20261002,3715,協和日成,1981,東S,,"1,370",+9,+0.66%,2,11.0倍,0.71倍,3.80%
20261002,3716,ＣＤＳ,2169,東S,,"1,761",+1,+0.06%,2,18.1倍,1.35倍,4.20%
20261002,3717,成学社,2179,東S,,829,+7,+0.85%,2,7.57倍,1.17倍,3.98%
20261002,3718,グラン,3261,東G,,448,+2,+0.45%,2,23.0倍,0.69倍,3.35%
20261002,3719,トラストＨＤ,3286,東S,,873,-3,-0.34%,2,16.9倍,7.46倍,2.06%
20261002,3720,東武住販,3297,東S,,"1,187",-10,-0.84%,2,8.94倍,0.68倍,3.62%
20261002,3721,ＺＯＡ,3375,東S,,"1,751",+1,+0.06%,2,6.49倍,0.70倍,4.28%
20261002,3722,アートＧ,3419,名N,,"1,981",+6,+0.30%,2,774倍,4.25倍,ー%
20261002,3723,アトムリビン,3426,東S,,"1,307",+2,+0.15%,2,12.7倍,0.49倍,2.52%
20261002,3724,サンコテクノ,3435,東S,,"1,517",+21,+1.40%,2,9.61倍,0.60倍,3.03%
20261002,3725,三ツ知,3439,東S,,684,0,0.00%,2,11.9倍,0.31倍,2.92%
20261002,3726,デュアルＴ,3469,東S,,897,+7,+0.79%,2,65.4倍,1.49倍,1.39%
20261002,3727,マリオン,3494,東S,,415,0,0.00%,2,11.6倍,0.65倍,1.69%
20261002,3728,テルマー湯,3521,東S,,157,-1,-0.63%,2,23.1倍,0.86倍,3.18%
20261002,3729,日東網,3524,東S,,"1,472",-7,-0.47%,2,12.7倍,0.47倍,3.40%
20261002,3730,Ｕ＆Ｃ,3557,東G,,500,0,0.00%,2,"1,250倍",5.04倍,ー%
20261002,3731,ユニネク,3566,東G,,717,-3,-0.42%,2,12.1倍,1.78倍,0.84%
20261002,3732,山喜,3598,東S,,157,-1,-0.63%,2,24.7倍,0.66倍,ー%
20261002,3733,パピレス,3641,東S,,999,+2,+0.20%,2,61.0倍,0.88倍,1.00%
20261002,3734,オルトＰＨＤ,3672,東S,,30,+1,+3.45%,2,ー倍,2.08倍,ー%
20261002,3735,イルグルム,3690,東S,,542,-1,-0.18%,2,12.7倍,1.83倍,1.48%
20261002,3736,システムズＤ,3766,東S,,"1,538",+2,+0.13%,2,12.7倍,1.12倍,3.90%
20261002,3737,キーウェア,3799,東S,,"1,110",+2,+0.18%,2,11.5倍,1.19倍,3.60%
20261002,3738,ジーダット,3841,東S,,"1,300",-10,-0.76%,2,23.8倍,1.38倍,3.08%
20261002,3739,阿波製紙,3896,東S,,417,-2,-0.48%,2,27.8倍,0.65倍,ー%
20261002,3740,ショーケース,3909,東S,,206,+5,+2.49%,2,16.1倍,1.06倍,ー%
20261002,3741,モバファク,3912,東S,,"1,095",-3,-0.27%,2,8.68倍,2.85倍,4.66%
20261002,3742,アイリッジ,3917,東G,,491,-7,-1.41%,2,12.9倍,1.33倍,ー%
20261002,3743,ＰＯＰＥＲ,5134,東G,,451,0,0.00%,2,31.8倍,1.98倍,ー%
20261002,3744,コーチエィ,9339,東S,,"1,475",-24,-1.60%,2,28.1倍,1.12倍,1.36%
20261002,3745,ＢＴＭ,5247,東G,,569,-2,-0.35%,2,24.3倍,2.17倍,ー%
20261002,3746,エコム,6225,名M,,"2,060",-30,-1.44%,2,10.4倍,1.05倍,1.84%
20261002,3747,エキサイト,5571,東S,,"1,025",+3,+0.29%,2,14.1倍,1.44倍,3.19%
20261002,3748,ブリッジＧ,9225,東G,,969,+2,+0.21%,2,22.7倍,1.61倍,ー%
20261002,3749,ＯＢシステム,5576,東S,,"3,020",-5,-0.17%,2,9.77倍,1.24倍,4.14%
20261002,3750,大英産業,2974,福証,,882,-4,-0.45%,2,6.31倍,0.35倍,2.72%
20261002,3751,豊和銀,8559,福証,,505,+4,+0.80%,2,7.17倍,0.55倍,1.98%
20261002,3752,ＲＫＢＨＤ,9407,福証,,"6,000",+10,+0.17%,2,14.5倍,0.31倍,1.42%
20261002,3753,笹徳印刷,3958,東S,,542,0,0.00%,2,10.5倍,0.30倍,3.69%
20261002,3754,インシュア,5843,東S,,"2,302",-18,-0.78%,2,9.24倍,2.16倍,1.09%
20261002,3755,ＲＥＩＴイン,2094,東Ｅ,,829,+14,+1.72%,2,ー倍,ー倍,ー%
20261002,3756,ジャパンＭＡ,9236,東G,,"1,499",+10,+0.67%,2,15.5倍,3.29倍,0.67%
20261002,3757,ｉＦ米債７無,2015,東Ｅ,,"2,042",-1,-0.05%,2,ー倍,ー倍,ー%
20261002,3758,ｉＦ米債７有,2016,東Ｅ,,"1,700",+19,+1.13%,2,ー倍,ー倍,ー%
20261002,3759,ＧＸ優証隔月,2019,東Ｅ,,965,-1,-0.10%,2,ー倍,ー倍,ー%
20261002,3760,光フードＳ,138A,東G,,"3,105",-35,-1.11%,2,24.3倍,2.19倍,1.55%
20261002,3761,ＡＩセレクト,162A,東EN,,"17,510",+30,+0.17%,2,ー倍,ー倍,ー%
20261002,3762,Ｇモンスター,157A,東G,,760,-11,-1.43%,2,ー倍,2.35倍,ー%
20261002,3763,イタミアート,168A,東G,,"1,061",-5,-0.47%,2,9.34倍,1.17倍,1.89%
20261002,3764,ハンモック,173A,東G,,"1,599",+2,+0.13%,2,11.5倍,2.16倍,4.07%
20261002,3765,ウィルスマ,175A,東G,,643,+5,+0.78%,2,34.7倍,4.78倍,ー%
20261002,3766,学びエイド,184A,東G,,334,+17,+5.36%,2,13.7倍,2.32倍,ー%
20261002,3767,ＤＭカンパニ,189A,東G,,"1,099",0,0.00%,2,10.3倍,1.09倍,1.82%
20261002,3768,ＲＯＸＸ,241A,東G,,428,+1,+0.23%,2,"3,057倍",2.13倍,ー%
20261002,3769,アスア,246A,東G,,"1,118",-2,-0.18%,2,35.4倍,2.76倍,ー%
20261002,3770,ブッキングＲ,324A,東G,,727,+1,+0.14%,2,10.5倍,2.14倍,ー%
20261002,3771,ミライロ,335A,東G,,315,+1,+0.32%,2,57.9倍,3.73倍,ー%
20261002,3772,ロイブ,352A,東G,,532,-4,-0.75%,2,172倍,3.04倍,ー%
20261002,3773,ゼネラルパ,6267,東S,,"4,195",0,0.00%,2,8.86倍,0.89倍,3.10%
20261002,3774,キクカワ,6346,東S,,"5,550",ー,ー%,2,19.3倍,0.52倍,2.16%
20261002,3775,加地テック,6391,東S,,"4,815",-50,-1.03%,2,10.9倍,0.94倍,1.45%
20261002,3776,ＫＶＫ,6484,東S,,"2,215",-1,-0.05%,2,8.08倍,0.57倍,3.84%
20261002,3777,日宣,6543,東S,,"1,198",+15,+1.27%,2,14.2倍,1.17倍,2.75%
20261002,3778,大日光,6635,東S,,664,-9,-1.34%,2,6.20倍,0.58倍,2.41%
20261002,3779,太洋テクノ,6663,東S,,307,0,0.00%,2,24.8倍,0.67倍,0.98%
20261002,3780,コスモス,6772,東S,,"1,000",-16,-1.57%,2,21.6倍,0.88倍,5.00%
20261002,3781,ＯＫＡＹＡ,6926,東S,,198,+1,+0.51%,2,ー倍,0.74倍,ー%
20261002,3782,カワタ,6292,東S,,836,-15,-1.76%,1,15.4倍,0.44倍,4.55%
20261002,3783,サンセイ,6307,東S,,462,+1,+0.22%,1,8.98倍,0.70倍,3.25%
20261002,3784,昭和真空,6384,東S,,"1,730",-5,-0.29%,1,19.1倍,0.92倍,4.05%
20261002,3785,クラッチ,6408,東S,,"4,240",-5,-0.12%,1,20.5倍,0.31倍,ー%
20261002,3786,高見サイ,6424,東S,,886,-2,-0.23%,1,7.11倍,0.62倍,2.60%
20261002,3787,オーイズミ,6428,東S,,326,-4,-1.21%,1,12.2倍,0.39倍,3.68%
20261002,3788,フルテック,6546,東S,,"1,184",+3,+0.25%,1,15.6倍,0.91倍,2.87%
20261002,3789,旅工房,6548,東G,,123,+1,+0.82%,1,ー倍,3.28倍,ー%
20261002,3790,ＭＳコンサル,6555,東S,,419,-2,-0.48%,1,8.60倍,0.64倍,ー%
20261002,3791,みらいＷＫＳ,6563,東G,,454,+1,+0.22%,1,16.5倍,1.69倍,ー%
20261002,3792,ＣＲＡＶＩＡ,6573,東G,,25,0,0.00%,1,ー倍,3.73倍,ー%
20261002,3793,コレックＨＤ,6578,東S,,480,0,0.00%,1,17.1倍,3.92倍,1.88%
20261002,3794,ログリー,6579,東G,,336,+6,+1.82%,1,ー倍,3.44倍,ー%
20261002,3795,ＣＧＳＨＤ,6633,東S,,311,-4,-1.27%,1,13.8倍,0.90倍,3.22%
20261002,3796,森尾電,6647,東S,,"3,705",-90,-2.37%,1,16.3倍,0.79倍,1.62%
20261002,3797,リーダー電子,6867,東S,,409,-2,-0.49%,1,25.4倍,0.52倍,3.67%
20261002,3798,フェンオール,6870,東S,,"2,128",ー,ー%,1,13.6倍,0.77倍,3.67%
20261002,3799,パルステック,6894,東S,,"2,144",+1,+0.05%,1,9.78倍,0.76倍,4.20%
20261002,3800,ＮＫＫ,6943,東S,,"6,350",+140,+2.25%,1,17.0倍,0.37倍,1.57%
20261002,3801,日デコラ,7950,名M,,"9,600",ー,ー%,1,4.59倍,0.45倍,3.85%
20261002,3802,ミロク,7983,東S,,"1,155",-3,-0.26%,1,1.19倍,0.29倍,0.87%
20261002,3803,東ソワール,8040,東S,,"1,050",0,0.00%,1,10.4倍,0.34倍,4.29%
20261002,3804,浜丸魚,8045,東S,,"2,014",-16,-0.79%,1,19.6倍,0.50倍,1.69%
20261002,3805,トルク,8077,東S,,211,+1,+0.48%,1,8.68倍,0.33倍,2.84%
20261002,3806,ムーンバット,8115,東S,,"1,325",+9,+0.68%,1,9.95倍,0.97倍,4.08%
20261002,3807,三京化,8138,東S,,"4,085",-40,-0.97%,1,9.42倍,0.39倍,2.45%
20261002,3808,トミタ,8147,東S,,"1,460",-12,-0.82%,1,11.1倍,0.55倍,1.71%
20261002,3809,ヤマナカ,8190,名M,,516,-1,-0.19%,1,28.1倍,0.55倍,1.94%
20261002,3810,センチュ２１,8898,東S,,"1,130",-3,-0.26%,1,14.0倍,1.69倍,4.69%
20261002,3811,アイビー,4918,東S,,299,0,0.00%,1,8.54倍,1.15倍,5.02%
20261002,3812,ハーバー研,4925,東S,,"1,700",-5,-0.29%,1,13.7倍,0.69倍,2.35%
20261002,3813,シーボン,4926,東S,,"1,235",-5,-0.40%,1,25.7倍,0.92倍,1.62%
20261002,3814,昭和化,4990,東S,,524,0,0.00%,1,12.7倍,0.56倍,1.15%
20261002,3815,クリエート,5187,東S,,"1,149",-2,-0.17%,1,16.3倍,0.55倍,4.09%
20261002,3816,桜ゴム,5189,東S,,"3,410",-90,-2.57%,1,8.25倍,0.66倍,3.52%
20261002,3817,相模ゴ,5194,東S,,640,-1,-0.16%,1,116倍,0.58倍,1.56%
20261002,3818,ニッコー,5343,名M,,183,-1,-0.54%,1,ー倍,1.90倍,ー%
20261002,3819,ルツボ,5355,東S,,665,0,0.00%,1,9.83倍,0.72倍,3.01%
20261002,3820,鶴弥,5386,名M,,387,+1,+0.26%,1,ー倍,0.23倍,ー%
20261002,3821,北越メ,5446,東S,,"1,074",-11,-1.01%,1,ー倍,0.22倍,ー%
20261002,3822,虹技,5603,東S,,"1,305",-11,-0.84%,1,10.7倍,0.27倍,3.07%
20261002,3823,ＪＭＣ,5704,東S,,378,+2,+0.53%,1,15.9倍,1.25倍,ー%
20261002,3824,日精鉱,5729,東S,,"1,681",-32,-1.87%,1,14.7倍,1.08倍,3.57%
20261002,3825,日カン,5905,東S,,"1,368",+8,+0.59%,1,ー倍,0.46倍,1.46%
20261002,3826,滝上工,5918,東S,,"7,780",+150,+1.97%,1,9.46倍,0.31倍,1.29%
20261002,3827,アルメタクス,5928,東S,,286,-3,-1.04%,1,24.1倍,0.33倍,2.80%
20261002,3828,天竜製鋸,5945,東S,,"2,270",+4,+0.18%,1,30.3倍,0.51倍,3.66%
20261002,3829,パワーファス,5950,東S,,150,-1,-0.66%,1,29.5倍,0.93倍,1.67%
20261002,3830,ＫＴＣ,5966,東S,,"2,760",-28,-1.00%,1,13.9倍,0.51倍,2.90%
20261002,3831,カネソウ,5979,名M,,"2,630",+44,+1.70%,1,10.9倍,0.48倍,3.80%
20261002,3832,協立エアテク,5997,東S,,900,+5,+0.56%,1,9.45倍,0.43倍,2.22%
20261002,3833,リブセンス,6054,東S,,110,0,0.00%,1,ー倍,0.76倍,ー%
20261002,3834,ＥＡＪ,6063,東S,,"1,003",ー,ー%,1,18.1倍,1.31倍,ー%
20261002,3835,ＪＳＳ,6074,東S,,502,-2,-0.40%,1,6.97倍,0.64倍,4.18%
20261002,3836,旭精機,6111,名M,,"2,008",-12,-0.59%,1,153倍,0.32倍,2.99%
20261002,3837,富士精,6142,名M,,"1,800",-5,-0.28%,1,7.03倍,0.24倍,2.78%
20261002,3838,ヤマザキ,6147,福証,,173,-2,-1.14%,1,32.0倍,0.76倍,5.78%
20261002,3839,ＳＭＮ,6185,東S,,363,-3,-0.82%,1,10.7倍,1.23倍,ー%
20261002,3840,フェニクスＢ,6190,東G,,314,-3,-0.95%,1,16.8倍,0.88倍,ー%
20261002,3841,ｉＦ米債３無,381A,東Ｅ,,"2,117",-3,-0.14%,1,ー倍,ー倍,ー%
20261002,3842,ＭＸＳＰ等ウ,383A,東Ｅ,,"2,520",+4,+0.16%,1,ー倍,ー倍,ー%
20261002,3843,みのや,386A,東S,,"1,257",+4,+0.32%,1,13.1倍,1.16倍,2.39%
20261002,3844,野村高利Ｊリ,459A,東Ｅ,,"9,674",-36,-0.37%,1,ー倍,ー倍,ー%
20261002,3845,ＳＳ米株,449A,東Ｅ,,824.7,-5.3,-0.64%,1,ー倍,ー倍,ー%
20261002,3846,フィットクル,469A,東G,,"1,620",+12,+0.75%,1,11.8倍,2.02倍,ー%
20261002,3847,野村独株Ｈ無,487A,東Ｅ,,"1,952",-23,-1.16%,1,ー倍,ー倍,ー%
20261002,3848,ＪＰＸ１００,526A,東Ｅ,,"2,306",+6,+0.26%,1,ー倍,ー倍,ー%
20261002,3849,農中日経高配,531A,東Ｅ,,"2,274",-51,-2.19%,1,ー倍,ー倍,ー%
20261002,3850,農中ＴＰ高配,532A,東Ｅ,,"2,301",-28,-1.20%,1,ー倍,ー倍,ー%
20261002,3851,農中世界株Ｕ,537A,東Ｅ,,"1,119",-5,-0.44%,1,ー倍,ー倍,ー%
20261002,3852,ｉＦ除金高配,566A,東Ｅ,,"2,264",-31,-1.35%,1,ー倍,ー倍,ー%
20261002,3853,ｉＳプラチナ,569A,東Ｅ,,171.7,-0.8,-0.46%,1,ー倍,ー倍,ー%
20261002,3854,野村政策,605A,東Ｅ,,204.0,-0.5,-0.24%,1,ー倍,ー倍,ー%
20261002,3855,ＣＳＳ,2304,東S,,900,+3,+0.33%,1,7.57倍,1.34倍,3.89%
20261002,3856,鉄人化ＨＤ,2404,東S,,531,-1,-0.19%,1,17.4倍,6.74倍,ー%
20261002,3857,シダー,2435,東S,,205,0,0.00%,1,8.85倍,1.20倍,3.90%
20261002,3858,野村外国株Ｈ,2514,東Ｅ,,"2,025",-8,-0.39%,1,ー倍,ー倍,ー%
20261002,3859,マルサンアイ,2551,名M,,"3,505",0,0.00%,1,9.62倍,1.02倍,0.86%
20261002,3860,タビオ,2668,東S,,"1,273",-4,-0.31%,1,18.9倍,1.60倍,2.36%
20261002,3861,ＵＯＧ,2683,東S,,995,+2,+0.20%,1,83.7倍,2.78倍,1.01%
20261002,3862,アイケイＨＤ,2722,東S,,361,+1,+0.28%,1,17.1倍,1.08倍,2.49%
20261002,3863,フェスタリア,2736,東S,,600,-1,-0.17%,1,13.5倍,1.28倍,1.17%
20261002,3864,北雄ラッキー,2747,東S,,"3,220",0,0.00%,1,78.3倍,0.70倍,1.55%
20261002,3865,カルラ,2789,東S,,486,+5,+1.04%,1,18.2倍,1.29倍,1.03%
20261002,3866,Ｙｓテーブル,2798,東S,,"2,996",-9,-0.30%,1,15.7倍,7.76倍,ー%
20261002,3867,ユタカフーズ,2806,東S,,"1,990",+10,+0.51%,1,129倍,0.60倍,2.01%
20261002,3868,デルソーレ,2876,東S,,475,+5,+1.06%,1,10.6倍,0.67倍,2.53%
20261002,3869,シノブフズ,2903,東S,,"1,500",-17,-1.12%,1,9.35倍,1.07倍,2.27%
20261002,3870,旭松食品,2911,東S,,"2,246",+1,+0.04%,1,26.5倍,0.48倍,1.56%
20261002,3871,仙波糖化,2916,東S,,721,-6,-0.83%,1,11.5倍,0.64倍,2.08%
20261002,3872,バナーズ,3011,東S,,141,-1,-0.70%,1,8.85倍,0.80倍,3.55%
20261002,3873,カワサキ,3045,東S,,"1,461",-4,-0.27%,1,11.2倍,0.53倍,3.42%
20261002,3874,ヒラキ,3059,東S,,709,0,0.00%,1,34.5倍,0.57倍,2.82%
20261002,3875,東京一番,3067,東S,,456,+2,+0.44%,1,35.4倍,2.24倍,ー%
20261002,3876,ジェーソン,3080,東S,,836,-9,-1.07%,1,71.4倍,1.83倍,1.56%
20261002,3877,サイボー,3123,東S,,643,-9,-1.38%,1,8.32倍,0.41倍,2.80%
20261002,3878,ミサワ,3169,東S,,693,+1,+0.14%,1,28.6倍,1.54倍,1.15%
20261002,3879,大宝運輸,9040,名M,,"4,010",+5,+0.12%,1,15.8倍,0.43倍,2.49%
20261002,3880,京極運,9073,東S,,"1,257",-18,-1.41%,1,32.5倍,0.76倍,0.95%
20261002,3881,神姫バ,9083,東S,,"1,974",0,0.00%,1,10.9倍,0.45倍,2.28%
20261002,3882,栗林船,9171,東S,,"1,477",ー,ー%,1,10.3倍,0.52倍,2.03%
20261002,3883,鈴与シンワ,9360,東S,,"2,800",-15,-0.53%,1,6.64倍,1.46倍,4.29%
20261002,3884,伏木運,9361,東S,,"1,990",-10,-0.50%,1,7.36倍,0.39倍,3.02%
20261002,3885,大東港運,9367,東S,,"2,015",-24,-1.18%,1,21.8倍,1.64倍,1.54%
20261002,3886,スマバ,9417,東S,,336,-1,-0.30%,1,ー倍,2.44倍,ー%
20261002,3887,エヌジェイ,9421,東S,,546,-2,-0.36%,1,17.0倍,1.94倍,ー%
20261002,3888,ＭＨグループ,9439,東S,,219,+1,+0.46%,1,114倍,8.35倍,0.23%
20261002,3889,サカイＨＤ,9446,東S,,679,+4,+0.59%,1,5.59倍,1.03倍,5.15%
20261002,3890,アイドマＭＣ,9466,東S,,239,-2,-0.83%,1,15.1倍,0.93倍,4.18%
20261002,3891,武蔵野,9635,東S,,"2,523",-27,-1.06%,1,88.0倍,0.66倍,ー%
20261002,3892,中日興,9643,名M,,"10,880",+30,+0.28%,1,115倍,1.59倍,0.55%
20261002,3893,協和コンサル,9647,東S,,"6,850",+50,+0.74%,1,5.98倍,0.82倍,0.44%
20261002,3894,東洋テク,9686,東S,,"1,660",0,0.00%,1,13.9倍,0.76倍,4.28%
20261002,3895,両毛システム,9691,東S,,"5,160",0,0.00%,1,ー倍,1.10倍,ー%
20261002,3896,京都ホ,9723,東S,,639,0,0.00%,1,21.4倍,3.19倍,0.47%
20261002,3897,大丸エナ,9818,東S,,"1,551",+20,+1.31%,1,13.3倍,0.74倍,1.93%
20261002,3898,ジュンテン,9835,東S,,511,0,0.00%,1,27.6倍,0.32倍,1.96%
20261002,3899,共同紙,9849,東S,,"4,460",-5,-0.11%,1,46.4倍,0.77倍,1.12%
20261002,3900,ソレキア,9867,東S,,"10,500",0,0.00%,1,6.53倍,0.70倍,0.67%
20261002,3901,北沢産,9930,東S,,390,-5,-1.27%,1,23.4倍,0.65倍,2.56%
20261002,3902,ヨンキュウ,9955,東S,,"2,733",-4,-0.15%,1,ー倍,0.82倍,ー%
20261002,3903,ショクブン,9969,東S,,235,0,0.00%,1,"1,808倍",1.58倍,1.06%
20261002,3904,アルテック,9972,東S,,286,-3,-1.04%,1,9.85倍,0.43倍,2.45%
20261002,3905,ヤシマキザイ,7677,東S,,"2,800",ー,ー%,1,17.5倍,0.76倍,0.89%
20261002,3906,Ｇオイスター,3224,東G,,665,+5,+0.76%,1,104倍,2.43倍,1.50%
20261002,3907,セントラル総,3238,東S,,380,-5,-1.30%,1,9.13倍,0.35倍,3.42%
20261002,3908,ウィル,3241,東S,,595,-1,-0.17%,1,7.68倍,1.19倍,3.95%
20261002,3909,アールエイジ,3248,東S,,880,-9,-1.01%,1,12.1倍,0.58倍,4.09%
20261002,3910,エストラスト,3280,東S,,936,-1,-0.11%,1,5.70倍,0.54倍,3.63%
20261002,3911,フライングＧ,3317,東S,,"1,490",-7,-0.47%,1,12.3倍,1.16倍,1.14%
20261002,3912,ヒロタＧＨＤ,3346,名N,,76,0,0.00%,1,13.4倍,5.40倍,ー%
20261002,3913,バッファロー,3352,東S,,"1,786",+6,+0.34%,1,8.63倍,0.64倍,3.92%
20261002,3914,特殊電極,3437,東S,,"2,622",+5,+0.19%,1,13.0倍,0.53倍,3.89%
20261002,3915,ＭＩＥコーポ,3442,名M,,"1,735",-15,-0.86%,1,5.10倍,0.62倍,2.31%
20261002,3916,東海染,3577,東S,,927,+10,+1.09%,1,11.7倍,0.35倍,2.70%
20261002,3917,ネットイヤー,3622,東S,,490,-5,-1.01%,1,14.1倍,1.28倍,1.43%
20261002,3918,駅探,3646,東S,,342,-2,-0.58%,1,ー倍,1.40倍,2.34%
20261002,3919,ホットリンク,3680,東G,,206,+2,+0.98%,1,35.5倍,0.81倍,3.01%
20261002,3920,ジョルダン,3710,東S,,641,0,0.00%,1,10.2倍,0.67倍,1.56%
20261002,3921,情報企画,3712,東S,,974,-11,-1.12%,1,13.4倍,1.97倍,2.46%
20261002,3922,ＯＫＷＥＢ,3808,名N,,23,0,0.00%,1,ー倍,5.26倍,ー%
20261002,3923,大和コン,3816,東S,,"1,098",-18,-1.61%,1,21.2倍,0.76倍,1.73%
20261002,3924,ＯＤＫ,3839,東S,,626,+2,+0.32%,1,17.1倍,0.83倍,1.60%
20261002,3925,コラボス,3908,東S,,363,+1,+0.28%,1,33.8倍,1.26倍,1.65%
20261002,3926,ＭＫシステム,3910,東S,,294,0,0.00%,1,8.31倍,1.79倍,2.72%
20261002,3927,日経３００投,1319,東Ｅ,,740.8,ー,ー%,1,ー倍,ー倍,ー%
20261002,3928,野村ボベスパ,1325,東Ｅ,,294.7,-3.4,-1.14%,1,ー倍,ー倍,ー%
20261002,3929,ベルグアース,1383,東S,,"3,060",0,0.00%,1,90.7倍,2.28倍,0.33%
20261002,3930,Ｊ４百ベア２,1469,東Ｅ,,181.6,+3.0,+1.68%,1,ー倍,ー倍,ー%
20261002,3931,野村４百Ｄイ,1472,東Ｅ,,74,0,0.00%,1,ー倍,ー倍,ー%
20261002,3932,Ｏｎｅ中小型,1493,東Ｅ,,"25,750",-290,-1.11%,1,ー倍,ー倍,ー%
20261002,3933,ＭＸ高配ＭＮ,1499,東Ｅ,,"9,247",-30,-0.32%,1,ー倍,ー倍,ー%
20261002,3934,ＷＴ貴金属,1676,東Ｅ,,"40,790",+90,+0.22%,1,ー倍,ー倍,ー%
20261002,3935,ＷＴエナジー,1685,東Ｅ,,959.0,+27.6,+2.96%,1,ー倍,ー倍,ー%
20261002,3936,ＷＴメタル,1686,東Ｅ,,"2,964.0",-52.0,-1.72%,1,ー倍,ー倍,ー%
20261002,3937,シンクレイヤ,1724,東S,,731,+2,+0.27%,1,9.10倍,0.52倍,4.10%
20261002,3938,ナカボテック,1787,東S,,"5,620",ー,ー%,1,13.2倍,1.48倍,4.63%
20261002,3939,三東工業,1788,東S,,"4,190",ー,ー%,1,10.1倍,0.69倍,1.91%
20261002,3940,マサル,1795,東S,,"5,400",+100,+1.89%,1,16.9倍,0.89倍,2.04%
20261002,3941,高田工,1966,東S,,"1,740",-3,-0.17%,1,14.0倍,0.59倍,4.02%
20261002,3942,金先物ベア,2037,東EN,,"1,324",+6,+0.46%,1,ー倍,ー倍,ー%
20261002,3943,アセアン５０,2043,東EN,,"29,010",ー,ー%,1,ー倍,ー倍,ー%
20261002,3944,ヒップ,2136,東S,,"1,422",-17,-1.18%,1,13.0倍,1.39倍,4.99%
20261002,3945,幼児活動研,2152,東S,,"1,503",-23,-1.51%,1,16.3倍,1.48倍,1.73%
20261002,3946,シイエムシイ,2185,東S,,"1,960",-20,-1.01%,1,11.5倍,1.09倍,2.91%
20261002,3947,Ｖゴルフ,3931,東G,,"1,473",-10,-0.67%,1,24.2倍,2.58倍,1.70%
20261002,3948,古林紙,3944,東S,,"3,100",0,0.00%,1,14.0倍,0.33倍,1.61%
20261002,3949,光ビジネス,3948,東S,,"1,190",0,0.00%,1,18.8倍,0.67倍,4.20%
20261002,3950,ビーグリー,3981,東S,,"1,236",+5,+0.41%,1,25.5倍,0.86倍,3.64%
20261002,3951,ウォンテッド,3991,東G,,953,-8,-0.83%,1,5.88倍,1.49倍,2.10%
20261002,3952,大阪油化,4124,東S,,"2,935",ー,ー%,1,21.6倍,1.90倍,1.91%
20261002,3953,クラスター,4240,東S,,306,+1,+0.33%,1,37.9倍,1.01倍,1.63%
20261002,3954,ニックス,4243,東S,,"1,046",-19,-1.78%,1,12.7倍,0.50倍,1.91%
20261002,3955,西菱電機,4341,東S,,910,-20,-2.15%,1,14.7倍,0.58倍,4.95%
20261002,3956,山田債権,4351,東S,,852,+1,+0.12%,1,25.4倍,1.16倍,1.17%
20261002,3957,シノプス,4428,東G,,693,-3,-0.43%,1,15.8倍,2.26倍,2.45%
20261002,3958,リックソフト,4429,東G,,718,-8,-1.10%,1,20.3倍,0.95倍,ー%
20261002,3959,ＧＤＨ,4437,東G,,721,+1,+0.14%,1,8.03倍,1.48倍,0.69%
20261002,3960,中京医薬,4558,東S,,199,-1,-0.50%,1,25.0倍,0.81倍,2.51%
20261002,3961,神東塗,4615,東S,,132,+1,+0.76%,1,22.5倍,0.34倍,ー%
20261002,3962,秀英,4678,東S,,329,-4,-1.20%,1,4.91倍,0.52倍,3.04%
20261002,3963,田谷,4679,東S,,269,+1,+0.37%,1,201倍,2.71倍,ー%
20261002,3964,京進,4735,東S,,287,+4,+1.41%,1,11.0倍,0.60倍,2.72%
20261002,3965,ジェイック,7073,東G,,"2,390",-20,-0.83%,1,17.8倍,2.52倍,2.30%
20261002,3966,２４７ＨＤ,7074,東G,,187,-2,-1.06%,1,228倍,34.5倍,ー%
20261002,3967,リグア,7090,東G,,912,+6,+0.66%,1,125倍,8.97倍,ー%
20261002,3968,関通ＨＤ,9326,東G,,480,0,0.00%,1,18.3倍,2.30倍,2.08%
20261002,3969,コマースワン,4496,東G,,738,-9,-1.20%,1,15.6倍,1.96倍,5.69%
20261002,3970,グッドパッチ,7351,東G,,467,-2,-0.43%,1,9.85倍,0.92倍,2.14%
20261002,3971,Ｋラーニング,7353,東G,,510,+2,+0.39%,1,10.6倍,2.20倍,ー%
20261002,3972,まぐまぐ,4059,東S,,363,-6,-1.63%,1,72.3倍,1.21倍,ー%
20261002,3973,クリーマ,4017,東G,,210,+3,+1.45%,1,45.7倍,1.23倍,ー%
20261002,3974,バルミューダ,6612,東G,,586,-3,-0.51%,1,501倍,2.01倍,ー%
20261002,3975,ビートレンド,4020,東G,,870,+7,+0.81%,1,ー倍,2.95倍,ー%
20261002,3976,オンデック,7360,東G,,611,+3,+0.49%,1,12.2倍,1.81倍,ー%
20261002,3977,Ｔ．Ｓ．Ｉ,7362,東G,,875,-2,-0.23%,1,10.9倍,0.91倍,1.71%
20261002,3978,メイホーＨＤ,7369,東G,,390,-2,-0.51%,1,11.5倍,0.85倍,ー%
20261002,3979,ワンプラ,4199,東G,,805,+3,+0.37%,1,ー倍,6.77倍,ー%
20261002,3980,ＧＸバイ日株,2639,東Ｅ,,"1,693",-36,-2.08%,1,ー倍,ー倍,ー%
20261002,3981,ドリムベッド,7791,東S,,812,-3,-0.37%,1,6.79倍,0.68倍,4.56%
20261002,3982,オムニプラス,7699,東G,,666,-4,-0.60%,1,ー倍,ー倍,ー%
20261002,3983,メディア総研,9242,東G,,"1,970",-4,-0.20%,1,8.15倍,1.47倍,1.42%
20261002,3984,ミアヘルサ,7129,東S,,"1,129",+1,+0.09%,1,8.79倍,0.81倍,2.66%
20261002,3985,日本調理機,2961,東S,,"1,477",+41,+2.86%,1,13.2倍,0.90倍,3.05%
20261002,3986,ＧＲＣＳ,9250,東G,,"1,050",+10,+0.96%,1,23.5倍,-54倍,ー%
20261002,3987,ＧＸフィ日株,2836,東Ｅ,,"3,258",-104,-3.09%,1,ー倍,ー倍,ー%
20261002,3988,ハイブリッド,4260,東G,,201,-3,-1.47%,1,ー倍,1.14倍,ー%
20261002,3989,長栄,2993,東S,,"2,220",ー,ー%,1,10.4倍,0.83倍,4.50%
20261002,3990,ＢｅｅＸ,4270,東G,,"1,870",-9,-0.48%,1,9.28倍,1.37倍,1.34%
20261002,3991,大石産業,3943,東S,,"1,312",0,0.00%,1,24.7倍,0.52倍,3.96%
20261002,3992,マーキュリー,5025,東G,,587,+9,+1.56%,1,19.8倍,1.45倍,ー%
20261002,3993,ＧＸ高配Ｅ日,2849,東Ｅ,,"5,403",-91,-1.66%,1,ー倍,ー倍,ー%
20261002,3994,ＧＸ日カバコ,2858,東Ｅ,,"1,547",-1,-0.06%,1,ー倍,ー倍,ー%
20261002,3995,キューブ,7112,東G,,564,-4,-0.70%,1,52.3倍,0.88倍,ー%
20261002,3996,アトラスＴ,9563,東G,,355,-5,-1.39%,1,35.8倍,1.44倍,1.97%
20261002,3997,ベースフード,2936,東G,,273,0,0.00%,1,ー倍,12.9倍,ー%
20261002,3998,ＧＬＯＥ,9565,東G,,659,+1,+0.15%,1,122倍,3.90倍,ー%
20261002,3999,リベース,5138,東G,,455,0,0.00%,1,40.7倍,1.77倍,ー%
20261002,4000,フーディソン,7114,東G,,812,+9,+1.12%,1,20.1倍,1.54倍,ー%
20261002,4001,フリーダム,8996,東S,,"1,104",+2,+0.18%,1,6.27倍,1.07倍,4.98%
20261002,4002,ＧＭＯプラ,5250,東S,,"1,068",+3,+0.28%,1,79.9倍,2.69倍,1.90%
20261002,4003,ＭＸダウへ有,2242,東Ｅ,,653.9,-1.9,-0.29%,1,ー倍,ー倍,ー%
20261002,4004,上場ＳＰイ１,2240,東Ｅ,,"5,307",+21,+0.40%,1,ー倍,ー倍,ー%
20261002,4005,ノバシステム,5257,東S,,"2,887",-6,-0.21%,1,8.93倍,1.62倍,3.64%
20261002,4006,ビズメイツ,9345,東G,,583,0,0.00%,1,9.53倍,1.03倍,2.57%
20261002,4007,野村独十債Ｈ,2245,東Ｅ,,686.9,ー,ー%,1,ー倍,ー倍,ー%
20261002,4008,ｉＳ日株気候,2250,東Ｅ,,377.3,-2.7,-0.71%,1,ー倍,ー倍,ー%
20261002,4009,プロディ,5580,東G,,"1,632",+1,+0.06%,1,17.1倍,2.85倍,ー%
20261002,4010,日本乾溜工,1771,福証,,925,-12,-1.28%,1,17.4倍,1.18倍,3.89%
20261002,4011,日糧パン,2218,札証,,"2,171",+6,+0.28%,1,37.9倍,0.82倍,0.69%
20261002,4012,Ｍｉｓｕｍｉ,7441,福証,,"1,760",0,0.00%,1,11.3倍,0.47倍,2.84%
20261002,4013,南日銀,8554,福証,,"1,453",0,0.00%,1,8.11倍,0.31倍,3.44%
20261002,4014,中道リース,8594,札証,,694,0,0.00%,1,5.71倍,0.36倍,2.16%
20261002,4015,ロジネットＪ,9027,札証,,"1,270",+20,+1.60%,1,8.73倍,1.05倍,3.39%
20261002,4016,揚羽,9330,東G,,880,-1,-0.11%,1,ー倍,1.44倍,ー%
20261002,4017,農中ＤＷ３Ｈ,2088,東Ｅ,,"2,563",+2,+0.08%,1,ー倍,ー倍,ー%
20261002,4018,キャスター,9331,東G,,670,-5,-0.74%,1,ー倍,1.89倍,ー%
20261002,4019,上場米債０ラ,2093,東Ｅ,,"5,247",-17,-0.32%,1,ー倍,ー倍,ー%
20261002,4020,エスネット,5867,東G,,"1,372",-12,-0.87%,1,10.7倍,2.26倍,ー%
20261002,4021,マーソ,5619,東G,,837,ー,ー%,1,ー倍,1.52倍,ー%
20261002,4022,ココリブ,137A,東G,,697,-7,-0.99%,1,16.3倍,1.95倍,ー%
20261002,4023,ＧＸＣＦキン,234A,東Ｅ,,"1,464",-13,-0.88%,1,ー倍,ー倍,ー%
20261002,4024,伸和ＨＤ,7118,名N,,"4,600",+200,+4.55%,1,37.0倍,8.15倍,0.83%
20261002,4025,リプライオリ,242A,福Ｑ,,535,ー,ー%,1,7.31倍,0.89倍,4.26%
20261002,4026,ケイ・ウノ,259A,名N,,"1,652",-2,-0.12%,1,22.4倍,1.37倍,ー%
20261002,4027,ＳＢＩサウジ,273A,東Ｅ,,"9,290",-70,-0.75%,1,ー倍,ー倍,ー%
20261002,4028,ハンワＨ,275A,名N,,353,ー,ー%,1,22.1倍,4.02倍,ー%
20261002,4029,ＧＸＵＳＴ配,283A,東Ｅ,,"1,347",+15,+1.13%,1,ー倍,ー倍,ー%
20261002,4030,ＧＶＡテック,298A,東G,,310,-2,-0.64%,1,721倍,11.5倍,ー%
20261002,4031,ｖｉｓｕｍｏ,303A,東G,,613,-1,-0.16%,1,59.9倍,1.82倍,ー%
20261002,4032,パパネッツ,9388,福Ｑ,,917,-2,-0.22%,1,8.29倍,1.62倍,2.73%
20261002,4033,メディックス,331A,東S,,477,-2,-0.42%,1,8.05倍,1.10倍,3.98%
20261002,4034,ＶＰＪ,334A,東G,,"1,210",-6,-0.49%,1,19.6倍,3.03倍,ー%
20261002,4035,エレコミ,353A,福証,,"1,515",ー,ー%,1,16.8倍,5.68倍,ー%
20261002,4036,ｉＦ英１００,363A,東Ｅ,,"2,613",-30,-1.14%,1,ー倍,ー倍,ー%
20261002,4037,野村ＳＰ配貴,364A,東Ｅ,,"2,367",+7,+0.30%,1,ー倍,ー倍,ー%
20261002,4038,ＥＭネットＪ,7036,東G,,650,+3,+0.46%,1,18.5倍,2.98倍,ー%
20261002,4039,サンライフＨ,7040,東S,,956,-7,-0.73%,1,7.42倍,0.84倍,3.66%
20261002,4040,フレアス,7062,東G,,692,0,0.00%,1,5.47倍,0.83倍,1.53%
20261002,4041,ハウテレ,7064,東S,,"1,000",-22,-2.15%,1,101倍,1.69倍,ー%
20261002,4042,カネミツ,7208,東S,,"1,295",+4,+0.31%,1,9.74倍,0.53倍,3.17%
20261002,4043,田中精密,7218,東S,,"1,160",+16,+1.40%,1,4.80倍,0.37倍,2.93%
20261002,4044,アスカ,7227,名M,,"1,826",-9,-0.49%,1,6.73倍,0.63倍,2.96%
20261002,4045,ＭＵＲＯ,7264,東S,,"1,348",-2,-0.15%,1,6.72倍,0.36倍,3.49%
20261002,4046,カーメイト,7297,東S,,859,-10,-1.15%,1,10.7倍,0.39倍,3.49%
20261002,4047,はるやまＨＤ,7416,東S,,675,-1,-0.15%,1,106倍,0.48倍,2.30%
20261002,4048,オータケ,7434,東S,,"1,770",+11,+0.63%,1,8.13倍,0.41倍,2.26%
20261002,4049,横浜魚類,7443,東S,,682,+5,+0.74%,1,28.5倍,1.58倍,1.17%
20261002,4050,セフテック,7464,東S,,"1,511",+11,+0.73%,1,18.3倍,0.37倍,3.97%
20261002,4051,アイエーＧ,7509,東S,,"4,700",-65,-1.36%,1,5.60倍,0.41倍,3.40%
20261002,4052,アールビバン,7523,東S,,"1,876",+1,+0.05%,1,12.3倍,1.05倍,ー%
20261002,4053,大田花き,7555,東S,,734,-2,-0.27%,1,27.1倍,0.73倍,1.63%
20261002,4054,かんなん丸,7585,東S,,406,-2,-0.49%,1,514倍,6.53倍,ー%
20261002,4055,Ｇダイニング,7625,東S,,457,0,0.00%,1,6.91倍,0.78倍,1.09%
20261002,4056,オーウエル,7670,東S,,"1,225",+6,+0.49%,1,6.49倍,0.52倍,4.49%
20261002,4057,プリントＮ,7805,東S,,707,-1,-0.14%,1,9.24倍,0.77倍,1.84%
20261002,4058,幸和製,7807,東S,,873,-2,-0.23%,1,7.46倍,1.00倍,1.49%
20261002,4059,東京ボード,7815,東S,,338,-2,-0.59%,1,ー倍,1.44倍,ー%
20261002,4060,カワセコンピ,7851,福証,,175,+3,+1.74%,1,26.6倍,0.32倍,ー%
20261002,4061,セキ,7857,東S,,"1,297",+22,+1.73%,1,40.0倍,0.33倍,2.00%
20261002,4062,ヤマトモビＭ,7886,東S,,570,-4,-0.70%,1,55.3倍,1.76倍,ー%
20261002,4063,ソノコム,7902,東S,,"1,120",-11,-0.97%,1,22.8倍,0.43倍,1.16%
