日付,順位,銘柄名,コード,市場,状態,株価,前日差,騰落率,売買代金,PER,PBR,配当利回り
20261006,1,アドテスト,6857,東P,,"41,850","+1,550",+3.85%,"674,847",45.8倍,29.0倍,ー%
20261006,2,キオクシア,285A,東P,,"18,735",-385,-2.01%,"623,872",ー倍,12.5倍,ー%
20261006,3,太陽誘電,6976,東P,,"11,135",+645,+6.15%,"256,760",50.8倍,4.00倍,0.81%
20261006,4,ＳＢＧ,9984,東P,,"6,295",-202,-3.11%,"249,334",ー倍,1.95倍,0.17%
20261006,5,フジクラ,5803,東P,,"5,855",+289,+5.19%,"246,056",29.7倍,15.9倍,0.65%
20261006,6,日経レバ,1570,東Ｅ,,"79,690","+1,890",+2.43%,"229,206",ー倍,ー倍,ー%
20261006,7,村田製,6981,東P,,"8,829",+84,+0.96%,"201,157",47.3倍,5.80倍,0.79%
20261006,8,レーザーテク,6920,東P,,"46,550",+360,+0.78%,"168,058",46.4倍,16.9倍,0.75%
20261006,9,東エレク,8035,東P,,"12,805",+40,+0.31%,"149,955",ー倍,13.7倍,ー%
20261006,10,三菱ＵＦＪ,8306,東P,,"3,671.0",+56.0,+1.55%,"128,952",15.3倍,1.82倍,2.62%
20261006,11,イビデン,4062,東P,,"12,400",+135,+1.10%,"124,980",83.5倍,12.2倍,0.14%
20261006,12,ＴＤＫ,6762,東P,,"3,628.0",+181.0,+5.25%,"116,483",30.6倍,3.00倍,1.10%
20261006,13,ディスコ,6146,東P,,"65,500","+1,770",+2.78%,"115,034",ー倍,12.2倍,ー%
20261006,14,古河電,5801,東P,,"4,490",+112,+2.56%,"104,418",30.1倍,7.23倍,0.49%
20261006,15,ファストリ,9983,東P,,"75,590",+900,+1.20%,"90,499",46.4倍,8.50倍,0.85%
20261006,16,みずほＦＧ,8411,東P,,"8,857",+189,+2.18%,"76,618",15.3倍,1.86倍,1.69%
20261006,17,ＪＸ金属,5016,東P,,"3,826",+114,+3.07%,"74,679",24.3倍,5.32倍,0.52%
20261006,18,三菱重,7011,東P,,"3,787",-84,-2.17%,"64,930",33.5倍,4.01倍,0.77%
20261006,19,三井金属,5706,東P,,"2,750.5",+103.0,+3.89%,"64,563",19.7倍,3.73倍,1.02%
20261006,20,東京海上,8766,東P,,522.3,+12.8,+2.51%,"62,918",17.8倍,1.80倍,3.13%
20261006,21,レゾナック,4004,東P,,"17,940",-60,-0.33%,"62,038",30.3倍,4.32倍,0.36%
20261006,22,ルネサス,6723,東P,,"3,995",+133,+3.44%,"61,785",ー倍,2.56倍,ー%
20261006,23,三井住友ＦＧ,8316,東P,,"3,429.0",+55.0,+1.63%,"60,984",15.3倍,1.61倍,2.62%
20261006,24,トヨタ,7203,東P,,"2,930.5",+37.0,+1.28%,"57,385",10.6倍,0.93倍,3.41%
20261006,25,リクルート,6098,東P,,"16,975",+340,+2.04%,"57,160",31.1倍,13.2倍,0.15%
20261006,26,日立,6501,東P,,"5,660",+18,+0.32%,"53,806",28.0倍,3.83倍,ー%
20261006,27,住友電,5802,東P,,"2,535.5",+69.5,+2.82%,"50,350",23.3倍,2.79倍,1.54%
20261006,28,任天堂,7974,東P,,"7,815",+73,+0.94%,"46,574",29.1倍,3.09倍,2.07%
20261006,29,信越化,4063,東P,,"6,321",+103,+1.66%,"43,195",21.9倍,2.52倍,2.15%
20261006,30,コクサイエレ,6525,東P,,"10,330",-155,-1.48%,"42,357",43.4倍,10.7倍,0.63%
20261006,31,ソニーＧ,6758,東P,,"3,768",+45,+1.21%,"39,182",18.2倍,2.63倍,0.93%
20261006,32,サイバーセキ,4493,東G,Ｓ,"2,618",+500,+23.61%,"37,745",30.4倍,5.80倍,0.23%
20261006,33,日東紡,3110,東P,,"3,640",+280,+8.33%,"35,849",33.1倍,3.74倍,0.77%
20261006,34,メイコー,6787,東P,,"27,300","+2,350",+9.42%,"34,981",26.3倍,5.43倍,0.59%
20261006,35,ＨＯＹＡ,7741,東P,,"25,300",+800,+3.27%,"32,904",ー倍,8.28倍,ー%
20261006,36,ＩＨＩ,7013,東P,,"2,715.0",-5.0,-0.18%,"30,071",16.7倍,4.13倍,0.85%
20261006,37,キーエンス,6861,東P,,"81,490",-190,-0.23%,"29,990",ー倍,5.57倍,0.67%
20261006,38,アシックス,7936,東P,,"4,439",+160,+3.74%,"29,561",26.1倍,8.72倍,0.99%
20261006,39,パナＨＤ,6752,東P,,"4,769",+59,+1.25%,"29,316",24.7倍,2.06倍,1.13%
20261006,40,ＳＵＭＣＯ,3436,東P,,"3,724.0",+77.0,+2.11%,"29,170",ー倍,2.29倍,ー%
20261006,41,スクリン,7735,東P,,"16,230",+445,+2.82%,"29,078",26.7倍,6.17倍,1.13%
20261006,42,ダイキン,6367,東P,,"20,885",+360,+1.75%,"28,696",20.9倍,1.95倍,1.72%
20261006,43,りそなＨＤ,8308,東P,,"2,610.0",+64.0,+2.51%,"27,796",17.6倍,1.93倍,1.42%
20261006,44,ティアフォー,593A,東G,,"2,097",-96,-4.38%,"27,674",ー倍,13.6倍,ー%
20261006,45,川重,7012,東P,,"2,369.0",+14.5,+0.62%,"26,551",18.0倍,2.34倍,1.69%
20261006,46,三菱電,6503,東P,,"5,327",-40,-0.75%,"26,160",22.0倍,2.39倍,1.13%
20261006,47,ニデック,6594,東P,,"2,165",-15,-0.69%,"24,651",24.8倍,3.13倍,ー%
20261006,48,三菱商,8058,東P,,"4,713",+4,+0.08%,"23,952",15.7倍,1.79倍,2.65%
20261006,49,富士通,6702,東P,,"4,053",-10,-0.25%,"23,489",22.6倍,3.44倍,1.36%
20261006,50,住友鉱,5713,東P,,"9,815",+143,+1.48%,"23,417",12.2倍,1.24倍,2.11%
20261006,51,伊藤忠,8001,東P,,"2,183.0",-14.5,-0.66%,"23,026",15.9倍,2.22倍,2.02%
20261006,52,ＮＥＣ,6701,東P,,"4,927",0,0.00%,"21,838",ー倍,2.93倍,0.81%
20261006,53,ＦＦＲＩ,3692,東G,,"8,670",+520,+6.38%,"21,834",60.5倍,18.3倍,0.21%
20261006,54,ＪＴ,2914,東P,,"6,936",+6,+0.09%,"21,582",19.1倍,2.80倍,3.92%
20261006,55,日経Ｄインバ,1357,東Ｅ,,"2,343",-60,-2.50%,"21,209",ー倍,ー倍,ー%
20261006,56,ＮＴＴ,9432,東P,,170.1,+0.1,+0.06%,"21,115",14.1倍,1.40倍,3.17%
20261006,57,ホンダ,7267,東P,,"1,687.5",+11.0,+0.66%,"20,844",16.4倍,0.53倍,4.15%
20261006,58,ＫＤＤＩ,9433,東P,,"2,883.0",-10.0,-0.35%,"20,641",15.0倍,2.14倍,2.91%
20261006,59,武田,4502,東P,,"5,719",+80,+1.42%,"20,177",55.0倍,1.21倍,3.57%
20261006,60,コマツ,6301,東P,,"7,777",0,0.00%,"19,881",19.7倍,1.96倍,2.44%
20261006,61,三井物,8031,東P,,"4,962",+37,+0.75%,"19,810",15.3倍,1.56倍,2.82%
20261006,62,ファナック,6954,東P,,"6,220",+34,+0.55%,"19,720",29.1倍,3.04倍,ー%
20261006,63,安川電,6506,東P,,"4,936",+5,+0.10%,"19,491",27.2倍,2.64倍,1.46%
20261006,64,オンコリス,4588,東G,,"6,830",+340,+5.24%,"18,347",ー倍,62.0倍,ー%
20261006,65,ＭＳ＆ＡＤ,8725,東P,,"4,883",+53,+1.10%,"18,316",16.3倍,1.04倍,3.48%
20261006,66,サンリオ,8136,東P,,"1,202.5",+23.0,+1.95%,"18,201",22.9倍,8.94倍,1.33%
20261006,67,ゆうちょ銀,7182,東P,,"3,464.0",+67.0,+1.97%,"17,161",18.7倍,1.34倍,2.68%
20261006,68,ＩＮＰＥＸ,1605,東P,,"3,698.0",+37.0,+1.01%,"16,871",8.38倍,0.84倍,3.03%
20261006,69,日本製鉄,5401,東P,,650.5,+11.5,+1.80%,"16,862",11.7倍,0.60倍,3.69%
20261006,70,ＳＢ,9434,東P,,239.6,+1.1,+0.46%,"15,946",20.8倍,4.35倍,3.67%
20261006,71,楽天グループ,4755,東P,,667.3,+8.3,+1.26%,"15,921",ー倍,1.59倍,ー%
20261006,72,野村日経平均,1321,東Ｅ,,735.1,+7.2,+0.99%,"15,723",ー倍,ー倍,ー%
20261006,73,東電ＨＤ,9501,東P,,518.8,-4.1,-0.78%,"15,524",ー倍,0.35倍,ー%
20261006,74,第一ライフ,8750,東P,,"1,843.0",+27.0,+1.49%,"15,519",12.9倍,1.45倍,3.91%
20261006,75,ミネベア,6479,東P,,"3,915",-3,-0.08%,"15,095",18.1倍,1.70倍,1.53%
20261006,76,郵船,9101,東P,,"7,135",+59,+0.83%,"15,070",12.0倍,0.92倍,3.36%
20261006,77,ＡＩメカ,6227,東S,,"8,970",+590,+7.04%,"14,859",34.0倍,11.7倍,0.25%
20261006,78,中外薬,4519,東P,,"6,120",+31,+0.51%,"14,836",ー倍,4.97倍,2.16%
20261006,79,丸紅,8002,東P,,"4,818",+13,+0.27%,"14,593",13.5倍,1.75倍,2.39%
20261006,80,三井住友トラ,8309,東P,,"1,796.5",+41.5,+2.36%,"14,434",13.0倍,1.35倍,2.64%
20261006,81,京セラ,6971,東P,,"3,864",+9,+0.23%,"14,220",30.9倍,1.49倍,1.45%
20261006,82,セブン＆アイ,3382,東P,,"1,974.5",-5.5,-0.28%,"14,131",16.1倍,1.21倍,3.04%
20261006,83,オリックス,8591,東P,,"5,870",+20,+0.34%,"14,096",12.0倍,1.35倍,3.19%
20261006,84,ローム,6963,東P,,"5,347",-23,-0.43%,"14,022",71.2倍,2.67倍,0.94%
20261006,85,ＳＭＣ,6273,東P,,"76,000",+810,+1.08%,"14,011",27.9倍,2.20倍,1.32%
20261006,86,日経ブル２,1579,東Ｅ,,859.9,+19.9,+2.37%,"13,904",ー倍,ー倍,ー%
20261006,87,味の素,2802,東P,,"5,372",+51,+0.96%,"13,259",41.4倍,6.60倍,0.93%
20261006,88,良品計画,7453,東P,,"4,360",+48,+1.11%,"13,226",34.6倍,5.83倍,0.73%
20261006,89,楽天Ｗブル,1458,東Ｅ,,"95,220","+2,220",+2.39%,"12,995",ー倍,ー倍,ー%
20261006,90,日本マイクロ,6871,東P,,"15,410",+350,+2.32%,"12,941",26.0倍,6.54倍,1.16%
20261006,91,塩野義,4507,東P,,"2,763.0",+102.0,+3.83%,"12,592",11.2倍,1.33倍,2.75%
20261006,92,テルモ,4543,東P,,"2,333.5",+50.0,+2.19%,"12,568",17.8倍,2.07倍,1.54%
20261006,93,ＳＯＭＰＯ,8630,東P,,"6,652",+77,+1.17%,"12,515",12.0倍,1.11倍,3.01%
20261006,94,富士フイルム,4901,東P,,"3,424.0",+20.0,+0.59%,"12,403",14.6倍,1.05倍,2.19%
20261006,95,関西電,9503,東P,,"2,602.0",-4.0,-0.15%,"12,300",9.35倍,0.81倍,3.07%
20261006,96,テラドローン,278A,東G,,"8,550",-500,-5.52%,"12,299",ー倍,18.5倍,ー%
20261006,97,日産自,7201,東P,,286.9,+7.1,+2.54%,"12,237",50.2倍,0.21倍,ー%
20261006,98,商船三井,9104,東P,,"7,146",+97,+1.38%,"12,028",10.2倍,0.82倍,2.87%
20261006,99,住友商,8053,東P,,"1,741.0",-0.5,-0.03%,"12,026",13.1倍,1.74倍,2.30%
20261006,100,パンパシＨＤ,7532,東P,,687.4,-5.2,-0.75%,"11,830",18.8倍,2.94倍,1.45%
20261006,101,Ｆ＆ＬＣ,3563,東P,,"5,468",+128,+2.40%,"11,816",39.4倍,9.97倍,0.37%
20261006,102,キヤノン,7751,東P,,"4,643",+16,+0.35%,"11,736",11.4倍,1.11倍,3.45%
20261006,103,野村,8604,東P,,"1,537.0",+10.0,+0.65%,"11,595",ー倍,1.17倍,ー%
20261006,104,アステラス,4503,東P,,"2,243.5",+8.5,+0.38%,"11,253",13.4倍,2.07倍,3.57%
20261006,105,日本郵政,6178,東P,,"2,503.5",+38.0,+1.54%,"11,218",18.0倍,0.69倍,2.40%
20261006,106,トレンド,4704,東P,,"6,928",+186,+2.76%,"11,157",29.3倍,7.77倍,ー%
20261006,107,インフロニア,5076,東P,,"2,318.5",-11.5,-0.49%,"11,063",7.03倍,1.15倍,5.69%
20261006,108,菱地所,8802,東P,,"3,476.0",+11.0,+0.32%,"11,060",17.7倍,1.53倍,1.41%
20261006,109,ネクソン,3659,東P,,"2,609.0",-71.5,-2.67%,"10,992",ー倍,1.89倍,18.2%
20261006,110,三井不,8801,東P,,"1,420.5",+0.5,+0.04%,"10,975",13.4倍,1.18倍,2.60%
20261006,111,コナミＧ,9766,東P,,"22,140",-65,-0.29%,"10,931",29.7倍,5.18倍,1.01%
20261006,112,デンソー,6902,東P,,"1,853.0",+11.0,+0.60%,"10,765",12.2倍,0.91倍,3.99%
20261006,113,第一三共,4568,東P,,"2,752.0",+36.0,+1.33%,"10,763",20.0倍,2.94倍,3.63%
20261006,114,野村総研,4307,東P,,"5,090",+117,+2.35%,"10,691",23.9倍,7.63倍,1.65%
20261006,115,荏原,6361,東P,,"4,860",-10,-0.21%,"10,542",22.2倍,4.16倍,1.36%
20261006,116,ラインヤフー,4689,東P,,491.1,+2.7,+0.55%,"10,505",ー倍,1.12倍,2.24%
20261006,117,豊田通商,8015,東P,,"7,472",+85,+1.15%,"10,429",16.3倍,2.71倍,1.67%
20261006,118,スズキ,7269,東P,,"1,981.5",+12.5,+0.63%,"10,344",9.10倍,1.08倍,2.57%
20261006,119,フェローテク,6890,東S,,"12,130",+90,+0.75%,"10,284",13.6倍,2.03倍,2.20%
20261006,120,ＥＮＥＯＳ,5020,東P,,"1,380.0",+18.0,+1.32%,"10,261",8.81倍,0.98倍,2.46%
20261006,121,ＴＯＷＡ,6315,東P,,"2,573",+82,+3.29%,"10,164",27.6倍,2.56倍,0.93%
20261006,122,大塚ＨＤ,4578,東P,,"11,455",+30,+0.26%,"9,947",16.9倍,1.85倍,1.75%
20261006,123,ブリヂストン,5108,東P,,"3,820",-9,-0.24%,"9,842",13.9倍,1.25倍,3.27%
20261006,124,日東電,6988,東P,,"3,611.0",+57.0,+1.60%,"9,588",16.7倍,2.07倍,1.77%
20261006,125,特殊陶,5334,東P,,"3,980",+33,+0.84%,"9,465",14.8倍,1.83倍,2.64%
20261006,126,カプコン,9697,東P,,"4,435",+20,+0.45%,"9,370",32.0倍,6.48倍,1.04%
20261006,127,資生堂,4911,東P,,"3,219.0",-55.0,-1.68%,"9,166",30.6倍,2.02倍,1.86%
20261006,128,ニトリＨＤ,9843,東P,,"3,130.0",+9.0,+0.29%,"9,000",19.4倍,1.75倍,1.02%
20261006,129,ＯＬＣ,4661,東P,,"2,840.0",+3.0,+0.11%,"8,934",40.9倍,4.13倍,0.56%
20261006,130,霞ヶ関Ｃ,3498,東P,,"7,080",-330,-4.45%,"8,933",7.25倍,2.00倍,2.82%
20261006,131,イオン,8267,東P,,"1,226.0",0,0.00%,"8,895",46.5倍,2.81倍,1.22%
20261006,132,ネクステージ,3186,東P,,"2,699",-140,-4.93%,"8,886",12.4倍,2.36倍,1.85%
20261006,133,デクセリ,4980,東P,,"3,639.0",+165.0,+4.75%,"8,761",22.2倍,5.47倍,1.76%
20261006,134,住友不,8830,東P,,"3,063.0",0,0.00%,"8,652",12.7倍,1.11倍,1.70%
20261006,135,鹿島,1812,東P,,"4,793",-45,-0.93%,"8,619",13.0倍,1.61倍,3.05%
20261006,136,ダイフク,6383,東P,,"5,899",+25,+0.43%,"8,550",25.4倍,4.38倍,1.53%
20261006,137,オリンパス,7733,東P,,"2,010.0",+55.0,+2.81%,"8,513",20.9倍,2.86倍,1.49%
20261006,138,三越伊勢丹,3099,東P,,"1,721.0",+61.5,+3.71%,"8,494",18.9倍,1.99倍,2.32%
20261006,139,キリンＨＤ,2503,東P,,"2,812.0",-6.5,-0.23%,"8,429",13.9倍,1.63倍,2.70%
20261006,140,バンナムＨＤ,7832,東P,,"5,714",+4,+0.07%,"8,427",28.2倍,4.14倍,ー%
20261006,141,浜ゴム,5101,東P,,"7,270",+79,+1.10%,"8,352",9.80倍,1.02倍,3.07%
20261006,142,出光興産,5019,東P,,"1,531.5",+5.0,+0.33%,"8,350",24.5倍,1.11倍,2.35%
20261006,143,ＡＧＣ,5201,東P,,"5,912",+102,+1.76%,"8,341",16.3倍,0.82倍,3.55%
20261006,144,中部電,9502,東P,,"2,628.0",+1.5,+0.06%,"8,274",12.4倍,0.63倍,2.66%
20261006,145,ＰｏｗｅｒＸ,485A,東G,,"2,171",-20,-0.91%,"8,215",203倍,39.2倍,ー%
20261006,146,大ガス,9532,東P,,"5,663",-6,-0.11%,"8,209",14.7倍,1.17倍,2.30%
20261006,147,富士電機,6504,東P,,"15,395",+185,+1.22%,"8,195",20.2倍,2.84倍,ー%
20261006,148,東洋エンジ,6330,東P,,"2,609",-4,-0.15%,"8,146",25.5倍,3.93倍,0.96%
20261006,149,クボタ,6326,東P,,"2,721.0",-8.0,-0.29%,"8,137",10.6倍,1.10倍,1.91%
20261006,150,オービック,4684,東P,,"5,098",+80,+1.59%,"8,133",26.7倍,4.43倍,1.84%
20261006,151,セコム,9735,東P,,"6,272",+22,+0.35%,"7,945",23.4倍,1.89倍,1.91%
20261006,152,千葉銀,8331,東P,,"2,890.0",+84.5,+3.01%,"7,935",18.6倍,1.54倍,2.21%
20261006,153,大和,8601,東P,,"1,772.5",+17.0,+0.97%,"7,929",ー倍,1.37倍,2.48%
20261006,154,住友ベ,4203,東P,,"9,300",+302,+3.36%,"7,763",28.6倍,2.27倍,1.29%
20261006,155,ＮＧＫ,5333,東P,,"5,919",+71,+1.21%,"7,742",20.3倍,2.06倍,1.79%
20261006,156,大和ハウス,1925,東P,,"2,152.5",-1.5,-0.07%,"7,671",10.0倍,0.92倍,4.13%
20261006,157,清水建,1803,東P,,"2,085.5",-24.5,-1.16%,"7,637",8.47倍,1.38倍,3.69%
20261006,158,ローツェ,6323,東P,,"4,506",+11,+0.24%,"7,597",28.1倍,5.72倍,0.44%
20261006,159,大成建,1801,東P,,"11,930",-165,-1.36%,"7,561",12.9倍,2.08倍,3.19%
20261006,160,ＳＢＩ,8473,東P,,"3,133.0",+60.0,+1.95%,"7,531",ー倍,1.09倍,ー%
20261006,161,ＪＡＬ,9201,東P,,"3,007.0",-4.0,-0.13%,"7,431",11.8倍,0.89倍,3.19%
20261006,162,住友林,1911,東P,,"1,171.5",-6.0,-0.51%,"7,363",12.0倍,0.66倍,4.27%
20261006,163,三菱ケミＧ,4188,東P,,"1,180.0",+6.5,+0.55%,"7,361",12.6倍,0.88倍,2.71%
20261006,164,ＴＯＴＯ,5332,東P,,"6,241",+6,+0.10%,"7,345",22.3倍,1.92倍,1.92%
20261006,165,ソシオネクス,6526,東P,,"2,260.0",+2.5,+0.11%,"7,330",39.6倍,3.08倍,2.21%
20261006,166,ＮＸＨＤ,9147,東P,,"5,730",-14,-0.24%,"7,311",19.2倍,1.61倍,1.75%
20261006,167,日製鋼,5631,東P,,"7,294",+46,+0.63%,"7,286",28.3倍,2.51倍,1.26%
20261006,168,ＱＤレーザ,6613,東G,,"2,313",+48,+2.12%,"7,277",221倍,19.9倍,ー%
20261006,169,三井Ｅ＆Ｓ,7003,東P,,"4,150",+24,+0.58%,"7,152",13.5倍,1.87倍,1.45%
20261006,170,ジーエヌアイ,2160,東G,,"3,635",+180,+5.21%,"7,149",ー倍,5.92倍,ー%
20261006,171,ＪＲ東日本,9020,東P,,"3,295.0",-5.0,-0.15%,"7,122",14.6倍,1.22倍,2.55%
20261006,172,ユニチカ,3103,東S,,"1,472",-26,-1.74%,"7,107",17.9倍,2.53倍,ー%
20261006,173,ＪＲ東海,9022,東P,,"3,585.0",-18.0,-0.50%,"7,021",7.61倍,0.66倍,0.89%
20261006,174,野村日半導,200A,東Ｅ,,"4,921",+51,+1.05%,"6,992",ー倍,ー倍,ー%
20261006,175,三井海洋,6269,東P,,"8,834",+132,+1.52%,"6,861",10.4倍,2.26倍,2.26%
20261006,176,ふくおかＦＧ,8354,東P,,"8,033",+180,+2.29%,"6,830",15.2倍,1.35倍,2.61%
20261006,177,データセク,3905,東G,,"1,842",-108,-5.54%,"6,823",8.10倍,2.80倍,ー%
20261006,178,ＪＦＥ,5411,東P,,"1,722.5",+18.5,+1.09%,"6,799",7.30倍,0.42倍,4.64%
20261006,179,精工技研,6834,東S,,"7,370",+450,+6.50%,"6,738",35.8倍,9.26倍,0.41%
20261006,180,キッコマン,2801,東P,,"1,702.0",-8.5,-0.50%,"6,738",25.7倍,2.75倍,1.47%
20261006,181,ダイナマップ,336A,東G,,"1,521",-127,-7.71%,"6,733",ー倍,5.69倍,ー%
20261006,182,ＧＯ,581A,東G,,"3,700",+75,+2.07%,"6,709",27.1倍,12.2倍,ー%
20261006,183,花王,4452,東P,,"3,484.0",+14.0,+0.40%,"6,673",23.4倍,2.82倍,2.24%
20261006,184,島津,7701,東P,,"4,117",+91,+2.26%,"6,670",20.2倍,2.07倍,1.70%
20261006,185,Ｔ＆Ｄ,8795,東P,,"4,892",+113,+2.36%,"6,642",17.2倍,1.39倍,3.35%
20261006,186,ＴＯＰＰＡＮ,7911,東P,,"2,438.0",-31.0,-1.26%,"6,621",24.6倍,0.98倍,1.19%
20261006,187,オムロン,6645,東P,,"6,488",-109,-1.65%,"6,590",31.5倍,1.53倍,1.70%
20261006,188,川崎汽,9107,東P,,"3,263.0",+22.0,+0.68%,"6,572",14.2倍,1.10倍,3.68%
20261006,189,ＳＷＣＣ,5805,東P,,"2,935",+88,+3.09%,"6,546",18.9倍,4.30倍,2.12%
20261006,190,野村東証指数,1306,東Ｅ,,440.4,+4.1,+0.94%,"6,538",ー倍,ー倍,ー%
20261006,191,東ガス,9531,東P,,"6,098",+23,+0.38%,"6,462",14.5倍,1.15倍,1.97%
20261006,192,ミスミＧ,9962,東P,,"4,140",+47,+1.15%,"6,423",24.1倍,2.81倍,1.44%
20261006,193,アサヒ,2502,東P,,"1,592.5",+8.0,+0.50%,"6,413",12.0倍,0.73倍,3.58%
20261006,194,ソニーＦＧ,8729,東P,,149.3,+0.3,+0.20%,"6,365",43.5倍,1.14倍,5.36%
20261006,195,マネフォ,3994,東P,,"6,290",+353,+5.95%,"6,361",ー倍,8.46倍,ー%
20261006,196,積水ハウス,1928,東P,,"3,320.0",+7.0,+0.21%,"6,355",9.61倍,0.96倍,4.37%
20261006,197,ＴＨＫ,6481,東P,,"6,842",+84,+1.24%,"6,299",14.0倍,2.78倍,2.85%
20261006,198,楽天銀,5838,東P,,"6,551",+168,+2.63%,"6,263",13.0倍,2.91倍,ー%
20261006,199,日経ベア２,1360,東Ｅ,,57.4,-1.5,-2.55%,"6,227",ー倍,ー倍,ー%
20261006,200,ＦＵＪＩ,6134,東P,,"8,488",+60,+0.71%,"6,206",17.0倍,3.07倍,2.24%
20261006,201,ニッパツ,5991,東P,,"3,899.0",+238.0,+6.50%,"6,174",17.6倍,1.74倍,1.77%
20261006,202,東応化,4186,東P,,"9,378",+166,+1.80%,"6,166",26.4倍,4.54倍,0.85%
20261006,203,トーメンデバ,2737,東P,,"37,300",+650,+1.77%,"6,150",8.46倍,3.60倍,4.40%
20261006,204,住友化,4005,東P,,598.9,+15.7,+2.69%,"6,105",14.2倍,0.90倍,2.67%
20261006,205,双日,2768,東P,,"5,523",+25,+0.45%,"6,102",8.84倍,1.00倍,3.26%
20261006,206,ヤマハ発,7272,東P,,"1,790.0",-15.0,-0.83%,"6,040",10.2倍,1.39倍,2.79%
20261006,207,日本取引所,8697,東P,,"2,309.0",+20.0,+0.87%,"6,037",22.4倍,7.32倍,3.55%
20261006,208,ＡＲＣＨＩＯ,543A,東P,,285,+6,+2.15%,"6,036",2.43倍,0.78倍,2.81%
20261006,209,めぶきＦＧ,7167,東P,,"1,732.0",+51.5,+3.06%,"5,996",15.5倍,1.46倍,2.54%
20261006,210,ＭＡＲＵＷＡ,5344,東P,,"61,350","+1,480",+2.47%,"5,978",ー倍,5.00倍,0.18%
20261006,211,アキッパ,627A,東S,,"1,658",-33,-1.95%,"5,856",34.4倍,16.5倍,ー%
20261006,212,名村造,7014,東S,,"4,630",-50,-1.07%,"5,817",14.6倍,2.34倍,1.30%
20261006,213,ベイカレント,6532,東P,,"8,180",+166,+2.07%,"5,760",25.0倍,10.9倍,1.59%
20261006,214,オンコセラピ,4564,東G,,21,+1,+5.00%,"5,657",ー倍,3.76倍,ー%
20261006,215,東洋水,2875,東P,,"9,873",-46,-0.46%,"5,461",14.3倍,1.75倍,2.23%
20261006,216,アズジェント,4288,東S,,623,+33,+5.59%,"5,440",47.6倍,5.33倍,ー%
20261006,217,オルガノ,6368,東P,,"2,754.5",+108.0,+4.08%,"5,434",21.1倍,4.46倍,1.60%
20261006,218,三菱ＨＣキャ,8593,東P,,"1,315.5",+0.5,+0.04%,"5,387",11.8倍,0.94倍,3.88%
20261006,219,エムスリー,2413,東P,,"1,826.5",+63.0,+3.57%,"5,379",22.9倍,2.99倍,ー%
20261006,220,三菱マ,5711,東P,,"5,100",+67,+1.33%,"5,336",4.76倍,0.86倍,2.27%
20261006,221,ＡＮＡＨＤ,9202,東P,,"2,919.0",-13.0,-0.44%,"5,318",13.3倍,1.04倍,2.06%
20261006,222,大日印,7912,東P,,"3,045.0",+16.0,+0.53%,"5,309",13.6倍,1.05倍,1.35%
20261006,223,東京精,7729,東P,,"20,445",+340,+1.69%,"5,284",26.9倍,4.36倍,1.49%
20261006,224,菱ガス化,4182,東P,,"4,093",+60,+1.49%,"5,250",14.5倍,1.20倍,2.69%
20261006,225,ほくほくＦＧ,8377,東P,,896.7,+28.7,+3.31%,"5,239",17.2倍,1.42倍,1.67%
20261006,226,阪急阪神,9042,東P,,"4,482",+26,+0.58%,"5,225",13.1倍,0.93倍,2.23%
20261006,227,朝日インテク,7747,東P,,"3,459.0",+94.0,+2.79%,"5,185",24.3倍,5.29倍,1.44%
20261006,228,キューデン,642A,東P,,"1,963.5",+20.0,+1.03%,"5,178",ー倍,0.75倍,ー%
20261006,229,ユニチャーム,8113,東P,,935.0,+10.2,+1.10%,"5,175",23.0倍,1.98倍,2.35%
20261006,230,大林組,1802,東P,,"2,935.0",-13.5,-0.46%,"5,171",12.9倍,1.62倍,3.20%
20261006,231,セキュアヴェ,3042,東S,Ｓ,414,+80,+23.95%,"5,101",33.0倍,2.63倍,0.72%
20261006,232,しずおかＦＧ,5831,東P,,"3,645.0",+67.0,+1.87%,"5,098",16.6倍,1.49倍,2.96%
20261006,233,ＪＲ西日本,9021,東P,,"2,849.5",-1.5,-0.05%,"5,090",13.0倍,1.06倍,3.42%
20261006,234,マクニカＨＤ,3132,東P,,"4,351",+51,+1.19%,"5,046",24.3倍,2.71倍,1.84%
20261006,235,アストロＨＤ,186A,東G,,"1,219",-14,-1.14%,"5,022",ー倍,13.5倍,ー%
20261006,236,Ｇセキュリ,4417,東G,,"6,420",+490,+8.26%,"4,953",48.2倍,21.7倍,0.76%
20261006,237,日立建機,6305,東P,,"5,736",+52,+0.91%,"4,950",14.2倍,1.29倍,3.31%
20261006,238,エーザイ,4523,東P,,"4,676",+17,+0.36%,"4,924",25.3倍,1.46倍,3.42%
20261006,239,東レ,3402,東P,,"1,254.0",+10.5,+0.84%,"4,919",20.3倍,1.01倍,2.07%
20261006,240,ＳＵＢＡＲＵ,7270,東P,,"2,532.5",+21.0,+0.84%,"4,914",13.4倍,0.63倍,4.58%
20261006,241,シスメックス,6869,東P,,"1,895.5",+64.0,+3.49%,"4,907",30.8倍,2.35倍,2.11%
20261006,242,横河電,6841,東P,,"4,743",+10,+0.21%,"4,898",20.2倍,2.33倍,1.94%
20261006,243,神戸物産,3038,東P,,"2,945.0",-8.0,-0.27%,"4,894",21.5倍,3.62倍,1.09%
20261006,244,ｓａｎｔｅｃ,6777,東S,,"25,530","+1,890",+7.99%,"4,890",34.1倍,10.4倍,0.90%
20261006,245,マツダ,7261,東P,,"1,084.0",+5.0,+0.46%,"4,862",7.60倍,0.36倍,5.07%
20261006,246,パーク２４,4666,東P,,"1,744.0",+4.5,+0.26%,"4,831",6.77倍,2.53倍,3.73%
20261006,247,住友重,6302,東P,,"6,265",-45,-0.71%,"4,815",21.2倍,1.06倍,2.31%
20261006,248,旭化成,3407,東P,,"1,674.0",+27.5,+1.67%,"4,799",14.0倍,1.05倍,2.63%
20261006,249,堀場製,6856,東P,,"26,495",+150,+0.57%,"4,794",22.3倍,3.05倍,2.98%
20261006,250,横浜ＦＧ,7186,東P,,"1,940.0",+46.5,+2.46%,"4,751",16.6倍,1.47倍,2.42%
20261006,251,大東建,1878,東P,,"3,113.0",+14.0,+0.45%,"4,724",9.40倍,2.04倍,5.24%
20261006,252,メルカリ,4385,東P,,"3,551.0",-5.0,-0.14%,"4,633",ー倍,4.23倍,ー%
20261006,253,マキタ,6586,東P,,"5,348",+35,+0.66%,"4,624",17.0倍,1.37倍,ー%
20261006,254,ビルファンド,8951,東Ｒ,,"116,600","+1,000",+0.87%,"4,613",25.7倍,1.36倍,4.23%
20261006,255,メタプラ,3350,東S,,288,-9,-3.03%,"4,587",ー倍,1.14倍,ー%
20261006,256,ホトニクス,6965,東P,,"2,506.5",+19.0,+0.76%,"4,564",41.3倍,2.28倍,1.52%
20261006,257,サイバー,4751,東P,,"1,235.5",+8.5,+0.69%,"4,522",15.3倍,3.06倍,1.62%
20261006,258,ハーモニック,6324,東P,,"6,600",-60,-0.90%,"4,495",104倍,7.68倍,0.30%
20261006,259,京都ＦＧ,5844,東P,,"4,775",+86,+1.83%,"4,493",25.6倍,0.96倍,2.20%
20261006,260,日本酸素ＨＤ,4091,東P,,"5,650",+118,+2.13%,"4,418",18.7倍,1.93倍,1.17%
20261006,261,コムシスＨＤ,1721,東P,,"5,585",+74,+1.34%,"4,406",16.8倍,1.61倍,2.42%
20261006,262,電子材料,6855,東S,,"8,650",+120,+1.41%,"4,402",18.9倍,2.73倍,1.16%
20261006,263,ナブテスコ,6268,東P,,"4,987",+8,+0.16%,"4,353",23.9倍,2.02倍,1.64%
20261006,264,日産化,4021,東P,,"8,879",+145,+1.66%,"4,294",23.0倍,4.71倍,2.39%
20261006,265,住友ファーマ,4506,東P,,"1,621.0",+42.0,+2.66%,"4,249",9.44倍,1.78倍,ー%
20261006,266,モノタロウ,3064,東P,,"2,120.0",+30.5,+1.46%,"4,203",28.8倍,8.63倍,1.75%
20261006,267,クラサス,646A,東S,,206.2,-10.8,-4.98%,"4,194",28.4倍,0.70倍,5.82%
20261006,268,アルバック,6728,東P,,"8,444",+25,+0.30%,"4,143",21.9倍,1.72倍,1.80%
20261006,269,アイシン,7259,東P,,"2,211.0",+23.5,+1.07%,"4,113",10.3倍,0.72倍,3.39%
20261006,270,いすゞ,7202,東P,,"2,069.5",+20.0,+0.98%,"4,111",8.89倍,0.94倍,4.54%
20261006,271,アルプスアル,6770,東P,,"2,254.5",+3.0,+0.13%,"4,052",14.5倍,0.98倍,2.84%
20261006,272,カシオ,6952,東P,,"2,274.0",+33.5,+1.50%,"4,021",21.2倍,2.12倍,ー%
20261006,273,ダイヘン,6622,東P,,"2,887",+9,+0.31%,"4,012",20.7倍,2.18倍,1.45%
20261006,274,ＳＨＩＦＴ,3697,東P,,878.7,+1.9,+0.22%,"4,006",ー倍,5.90倍,0.47%
20261006,275,フジＨＤ,4676,東P,,"3,966",+47,+1.20%,"3,989",21.7倍,1.05倍,5.04%
20261006,276,芝浦,6590,東P,,"4,370",+65,+1.51%,"3,981",24.1倍,5.35倍,1.46%
20261006,277,ゼンムテック,338A,東G,Ｓ,"4,985",+700,+16.34%,"3,959",45.0倍,17.8倍,ー%
20261006,278,不二越,6474,東P,,"5,900",+120,+2.08%,"3,946",17.2倍,0.71倍,1.86%
20261006,279,大同特鋼,5471,東P,,"2,650.5",+102.0,+4.00%,"3,931",19.3倍,1.09倍,1.96%
20261006,280,ＧＳユアサ,6674,東P,,"5,700",-18,-0.31%,"3,900",14.5倍,1.45倍,1.72%
20261006,281,スルガ銀,8358,東P,,"3,025",+106,+3.63%,"3,893",11.5倍,1.54倍,2.64%
20261006,282,マクドナルド,2702,東S,,"7,430",-20,-0.27%,"3,892",28.2倍,3.38倍,0.86%
20261006,283,いよぎんＨＤ,5830,東P,,"3,940",+70,+1.81%,"3,821",14.6倍,1.21倍,2.03%
20261006,284,日本ペＨＤ,4612,東P,,"1,189.5",-9.0,-0.75%,"3,820",14.6倍,1.38倍,1.43%
20261006,285,シマノ,7309,東P,,"17,460",-65,-0.37%,"3,808",34.2倍,1.68倍,2.08%
20261006,286,ブラザー,6448,東P,,"4,722",-9,-0.19%,"3,790",15.0倍,1.44倍,2.12%
20261006,287,ヒューリック,3003,東P,,"1,671.5",-7.0,-0.42%,"3,729",10.5倍,1.34倍,4.01%
20261006,288,アマダ,6113,東P,,"2,675.5",-3.5,-0.13%,"3,722",24.1倍,1.53倍,2.39%
20261006,289,関電工,1942,東P,,"5,517",-5,-0.09%,"3,690",16.9倍,2.85倍,2.36%
20261006,290,ＧＸ半導日株,2644,東Ｅ,,"4,622",+72,+1.58%,"3,688",ー倍,ー倍,ー%
20261006,291,サイバＳＯＬ,436A,東G,Ｓ,"1,703",+300,+21.38%,"3,682",22.5倍,5.79倍,2.23%
20261006,292,レオパレス,8848,東P,,"1,004",-1,-0.10%,"3,669",14.9倍,6.63倍,ー%
20261006,293,ツルハＨＤ,3391,東P,,"2,124.5",-4.0,-0.19%,"3,640",23.2倍,1.10倍,2.26%
20261006,294,ｉＦ日本配当,435A,東Ｅ,,"2,708",-127,-4.48%,"3,613",ー倍,ー倍,ー%
20261006,295,八十二長野,8359,東P,,"2,847.5",+48.0,+1.71%,"3,608",17.7倍,1.07倍,2.28%
20261006,296,サントリＢＦ,2587,東P,,"4,513",+11,+0.24%,"3,607",15.7倍,1.03倍,2.66%
20261006,297,エプソン,6724,東P,,"3,367.0",+32.0,+0.96%,"3,599",15.6倍,1.24倍,2.38%
20261006,298,セリア,2782,東S,,"4,270",-200,-4.47%,"3,584",17.4倍,2.83倍,1.87%
20261006,299,ユニオンツル,6278,東P,,"17,070",+340,+2.03%,"3,568",27.0倍,2.78倍,0.88%
20261006,300,一工薬,4461,東P,,"16,360",+140,+0.86%,"3,549",22.6倍,3.16倍,0.92%
20261006,301,マツキヨココ,3088,東P,,"2,428.0",-3.5,-0.14%,"3,537",16.2倍,1.78倍,2.31%
20261006,302,協和キリン,4151,東P,,"2,218.0",+3.5,+0.16%,"3,528",15.5倍,1.27倍,3.16%
20261006,303,セイコーＧ,8050,東P,,"11,230",+270,+2.46%,"3,495",32.8倍,4.83倍,0.93%
20261006,304,積水化,4204,東P,,"2,529.0",+9.5,+0.38%,"3,490",13.4倍,1.20倍,3.20%
20261006,305,日電硝,5214,東P,,"5,267",+109,+2.11%,"3,446",25.4倍,0.77倍,3.04%
20261006,306,東北電,9506,東P,,"1,251.0",+10.0,+0.81%,"3,439",ー倍,0.55倍,3.20%
20261006,307,東海カーボン,5301,東P,,"2,380.0",0,0.00%,"3,422",21.9倍,1.50倍,1.68%
20261006,308,明治ＨＤ,2269,東P,,"4,129",+35,+0.85%,"3,414",17.9倍,1.45倍,2.66%
20261006,309,光通信,9435,東P,,"36,020",+70,+0.19%,"3,373",13.2倍,1.26倍,2.22%
20261006,310,きんでん,1944,東P,,"6,868",+8,+0.12%,"3,373",16.1倍,2.61倍,3.49%
20261006,311,物語コーポ,3097,東P,,"5,320",-230,-4.14%,"3,352",23.3倍,4.34倍,0.86%
20261006,312,リガクＨＤ,268A,東P,,"1,893",+36,+1.94%,"3,348",34.3倍,4.81倍,1.00%
20261006,313,リンテック,7966,東P,,"6,040",+100,+1.68%,"3,328",18.6倍,1.39倍,1.99%
20261006,314,ヒロセ電,6806,東P,,"26,020",+280,+1.09%,"3,308",23.9倍,2.20倍,2.00%
20261006,315,コニカミノル,4902,東P,,652.0,+8.5,+1.32%,"3,307",11.3倍,0.59倍,2.76%
20261006,316,栗田工,6370,東P,,"8,029",+74,+0.93%,"3,294",16.7倍,2.52倍,1.67%
20261006,317,テクセンド,429A,東P,,"4,065",+115,+2.91%,"3,289",17.1倍,2.28倍,1.72%
20261006,318,ランド,8918,東S,,10,-1,-9.09%,"3,248",11.4倍,1.62倍,ー%
20261006,319,山一電機,6941,東P,,"10,200",+250,+2.51%,"3,238",18.3倍,3.84倍,1.65%
20261006,320,ゼンショＨＤ,7550,東P,,"11,055",-60,-0.54%,"3,235",33.7倍,6.29倍,0.72%
20261006,321,ＤＭＧ森精機,6141,東P,,"2,900.0",+12.0,+0.42%,"3,229",29.2倍,1.28倍,3.62%
20261006,322,日電子,6951,東P,,"8,243",+251,+3.14%,"3,211",18.9倍,2.85倍,1.60%
20261006,323,野村不ＨＤ,3231,東P,,846.0,+3.0,+0.36%,"3,206",8.42倍,0.90倍,5.20%
20261006,324,クレセゾン,8253,東P,,"4,379",+13,+0.30%,"3,200",8.33倍,0.82倍,3.65%
20261006,325,野村東証銀行,1615,東Ｅ,,793.5,+16.8,+2.16%,"3,189",ー倍,ー倍,ー%
20261006,326,ｉＳ米国株,1655,東Ｅ,,887.7,+10.5,+1.20%,"3,150",ー倍,ー倍,ー%
20261006,327,メック,4971,東P,,"7,620",+100,+1.33%,"3,143",23.2倍,3.85倍,1.44%
20261006,328,ＨＥＮＮＧＥ,4475,東G,,"1,794",+123,+7.36%,"3,134",35.1倍,13.7倍,0.61%
20261006,329,東宝,9602,東P,,"1,566.0",+12.0,+0.77%,"3,113",31.8倍,2.60倍,1.40%
20261006,330,豊和工,6203,東S,,"2,506",+51,+2.08%,"3,107",27.9倍,1.35倍,0.80%
20261006,331,かんぽ生命,7181,東P,,"1,728.0",+27.0,+1.59%,"3,106",13.3倍,0.40倍,2.89%
20261006,332,宝ＨＬＤ,2531,東P,,"2,509.5",-137.0,-5.18%,"3,105",40.4倍,1.85倍,1.24%
20261006,333,ＴＯＹＯ,5105,東P,,"3,969",+45,+1.15%,"3,097",7.89倍,0.89倍,3.40%
20261006,334,サンバイオ,4592,東G,,"1,002",+58,+6.14%,"3,084",ー倍,6.83倍,ー%
20261006,335,ロート,4527,東P,,"2,718.0",-8.0,-0.29%,"3,081",17.4倍,1.98倍,1.84%
20261006,336,高島屋,8233,東P,,"2,145.0",+42.0,+2.00%,"3,064",16.5倍,1.38倍,1.86%
20261006,337,ＣＫＤ,6407,東P,,"6,020",-20,-0.33%,"3,030",21.2倍,2.51倍,1.86%
20261006,338,日本空港ビル,9706,東P,,"5,434",+89,+1.67%,"3,014",20.8倍,2.35倍,1.75%
20261006,339,三菱自,7211,東P,,348.9,+5.3,+1.54%,"3,012",18.7倍,0.51倍,2.87%
20261006,340,王子ＨＤ,3861,東P,,828.9,+0.8,+0.10%,"2,989",20.1倍,0.65倍,4.34%
20261006,341,小野薬,4528,東P,,"2,274.0",-4.5,-0.20%,"2,986",15.1倍,1.23倍,3.52%
20261006,342,ＳＢＩ新生銀,8303,東P,,"1,529.5",+23.0,+1.53%,"2,965",ー倍,1.11倍,ー%
20261006,343,ＬＩＸＩＬ,5938,東P,,"1,663.0",0,0.00%,"2,955",39.9倍,0.73倍,5.41%
20261006,344,アンリツ,6754,東P,,"3,679.0",-6.0,-0.16%,"2,955",31.4倍,3.53倍,1.36%
20261006,345,大塚商会,4768,東P,,"3,675.0",+20.0,+0.55%,"2,936",21.5倍,3.37倍,2.86%
20261006,346,レイヤード,634A,東S,,"2,720",-36,-1.31%,"2,921",25.4倍,12.3倍,ー%
20261006,347,古野電,6814,東P,,"8,130",+220,+2.78%,"2,916",19.8倍,2.80倍,1.97%
20261006,348,東ソー,4042,東P,,"2,644.5",+26.0,+0.99%,"2,913",13.8倍,0.97倍,3.78%
20261006,349,東急,9005,東P,,"1,584.5",+7.5,+0.48%,"2,900",9.82倍,0.95倍,2.02%
20261006,350,リコー,7752,東P,,"1,681.0",+19.5,+1.17%,"2,879",15.2倍,0.80倍,2.62%
20261006,351,三井化学,4183,東P,,"2,172.5",+3.0,+0.14%,"2,866",17.5倍,0.90倍,3.45%
20261006,352,ソディック,6143,東P,,"1,752",-89,-4.83%,"2,865",11.8倍,0.92倍,2.00%
20261006,353,東京きらぼし,7173,東P,,"1,740",+60,+3.57%,"2,862",12.7倍,1.35倍,1.72%
20261006,354,インフォＭＴ,2492,東P,,755,+22,+3.00%,"2,825",65.0倍,6.70倍,0.87%
20261006,355,タイミー,215A,東G,,"1,448",+56,+4.02%,"2,821",22.3倍,8.49倍,ー%
20261006,356,フルヤ金属,7826,東P,,"11,880",+170,+1.45%,"2,818",16.5倍,3.73倍,1.52%
20261006,357,ｉＳ日経,1329,東Ｅ,,"7,374",+91,+1.25%,"2,782",ー倍,ー倍,ー%
20261006,358,Ｓａｎｓａｎ,4443,東P,,"2,162",+70,+3.35%,"2,778",29.2倍,13.6倍,0.23%
20261006,359,ゼオン,4205,東P,,"2,474.0",+30.0,+1.23%,"2,746",13.2倍,1.20倍,3.19%
20261006,360,七十七,8341,東P,,"4,222",+102,+2.48%,"2,714",15.3倍,1.24倍,2.46%
20261006,361,東急不ＨＤ,3289,東P,,"1,187.0",-3.5,-0.29%,"2,710",8.47倍,0.93倍,4.21%
20261006,362,第四北越ＦＧ,7327,東P,,"2,775",+74,+2.74%,"2,706",13.8倍,1.22倍,2.88%
20261006,363,東京センチュ,8439,東P,,"2,642.0",+23.5,+0.90%,"2,691",10.5倍,1.11倍,3.41%
20261006,364,ＡＢＣマート,2670,東P,,"2,786.0",+76.0,+2.80%,"2,690",14.9倍,1.72倍,2.87%
20261006,365,小糸製,7276,東P,,"2,741.5",+26.0,+0.96%,"2,688",17.8倍,1.12倍,2.12%
20261006,366,西武ＨＤ,9024,東P,,"3,564.0",+20.0,+0.56%,"2,685",33.6倍,1.58倍,1.18%
20261006,367,豊田合,7282,東P,,"1,071.0",+20.5,+1.95%,"2,683",11.0倍,1.08倍,3.27%
20261006,368,スカイフォル,625A,東G,,"1,710",-65,-3.66%,"2,673",15.5倍,4.72倍,ー%
20261006,369,エアウォータ,4088,東P,,"2,885",-16,-0.55%,"2,668",23.6倍,1.69倍,ー%
20261006,370,サイゼリヤ,7581,東P,,"6,780",+40,+0.59%,"2,658",28.2倍,2.55倍,0.52%
20261006,371,西日本ＦＨ,7189,東P,,"5,079",+138,+2.79%,"2,652",14.7倍,1.11倍,2.76%
20261006,372,日ハム,2282,東P,,"1,988.0",+4.0,+0.20%,"2,652",14.2倍,1.01倍,3.02%
20261006,373,神戸鋼,5406,東P,,"2,024.0",+31.0,+1.56%,"2,644",8.06倍,0.64倍,3.95%
20261006,374,群馬銀,8334,東P,,"3,109.0",+77.0,+2.54%,"2,637",18.1倍,1.86倍,2.25%
20261006,375,ＺＯＺＯ,3092,東P,,"1,109.5",+19.5,+1.79%,"2,634",19.4倍,9.76倍,3.61%
20261006,376,ＴＩＳＩ,3626,東P,,"4,011",-5,-0.12%,"2,632",14.8倍,2.88倍,2.24%
20261006,377,ヤマハ,7951,東P,,"1,209.5",-8.5,-0.70%,"2,629",17.2倍,1.08倍,2.15%
20261006,378,ニコン,7731,東P,,"1,940.0",+23.0,+1.20%,"2,627",63.9倍,1.08倍,1.03%
20261006,379,スクエニＨＤ,9684,東P,,"2,837.0",-2.0,-0.07%,"2,624",33.0倍,2.89倍,1.52%
20261006,380,上村工,4966,東S,,"22,120",+140,+0.64%,"2,621",24.3倍,3.08倍,1.31%
20261006,381,サンコール,5985,東S,,"2,713",+167,+6.56%,"2,620",13.0倍,2.33倍,1.29%
20261006,382,あおぞら銀,8304,東P,,"3,447.0",+49.0,+1.44%,"2,611",17.7倍,0.96倍,2.90%
20261006,383,純金信託,1540,東Ｅ,,"19,590",-70,-0.36%,"2,593",ー倍,ー倍,ー%
20261006,384,ノート,5243,東G,,"3,850",-30,-0.77%,"2,560",62.3倍,9.25倍,ー%
20261006,385,コカＢＪＨ,2579,東P,,"3,778",+5,+0.13%,"2,548",27.0倍,1.66倍,1.91%
20261006,386,テクニスコ,2962,東S,,"3,040",+142,+4.90%,"2,544",140倍,15.9倍,ー%
20261006,387,コスモＨＤ,5021,東P,,"4,130",+8,+0.19%,"2,541",14.9倍,0.97倍,4.00%
20261006,388,大和工,5444,東P,,"12,560",+310,+2.53%,"2,541",13.1倍,1.37倍,3.18%
20261006,389,電通グループ,4324,東P,,"3,511.0",-24.0,-0.68%,"2,541",13.1倍,2.15倍,ー%
20261006,390,四国化ＨＤ,4099,東P,,"2,595",+76,+3.02%,"2,540",17.8倍,2.19倍,1.54%
20261006,391,ソレイジア,4597,東G,,32,+1,+3.23%,"2,533",ー倍,6.02倍,ー%
20261006,392,タカラトミー,7867,東P,,"4,214",+39,+0.93%,"2,516",20.1倍,3.32倍,1.66%
20261006,393,東建物,8804,東P,,"3,190.0",+10.0,+0.31%,"2,505",10.2倍,1.09倍,3.95%
20261006,394,日経高配５０,1489,東Ｅ,,"3,481",-19,-0.54%,"2,476",ー倍,ー倍,ー%
20261006,395,ｉＦ日経年１,1320,東Ｅ,,"73,430",+910,+1.25%,"2,475",ー倍,ー倍,ー%
20261006,396,日本オラクル,4716,東S,,"9,882",+132,+1.35%,"2,474",ー倍,11.2倍,ー%
20261006,397,ラウンドワン,4680,東P,,"1,277.5",+30.0,+2.40%,"2,464",18.4倍,3.91倍,1.41%
20261006,398,Ｊフロント,3086,東P,,"2,658.5",+49.0,+1.88%,"2,462",22.4倍,1.58倍,2.11%
20261006,399,ＭＴＧ,7806,東G,,"9,380",+140,+1.52%,"2,462",33.6倍,6.12倍,0.39%
20261006,400,ＤＯＷＡ,5714,東P,,"8,766",+37,+0.42%,"2,456",9.10倍,1.13倍,3.86%
20261006,401,ＩＮＶ,8963,東Ｒ,,"58,200",-200,-0.34%,"2,445",14.9倍,1.26倍,7.51%
20261006,402,ＰＨＣＨＤ,6523,東P,,"1,600",-3,-0.19%,"2,441",13.2倍,1.20倍,2.63%
20261006,403,シャープ,6753,東P,,636.5,-14.1,-2.17%,"2,440",16.5倍,1.41倍,ー%
20261006,404,クラレ,3405,東P,,"1,818.0",+29.5,+1.65%,"2,417",13.7倍,0.73倍,3.52%
20261006,405,ヒュマメイド,456A,東G,,"2,140",+43,+2.05%,"2,407",53.0倍,14.5倍,ー%
20261006,406,ヤクルト,2267,東P,,"2,733.5",+6.0,+0.22%,"2,395",16.7倍,1.29倍,2.63%
20261006,407,クオリプス,4894,東G,,"6,500",-80,-1.22%,"2,394",ー倍,13.2倍,ー%
20261006,408,ＨＥＲＯＺ,4382,東S,,"1,007",+114,+12.77%,"2,367",59.9倍,3.12倍,ー%
20261006,409,ＮＯＫＧ,641A,東P,,"2,856.0",+27.0,+0.95%,"2,367",ー倍,ー倍,ー%
20261006,410,シチズン,7762,東P,,"2,488",+26,+1.06%,"2,365",19.0倍,2.04倍,2.13%
20261006,411,日清紡ＨＤ,3105,東P,,"2,779.0",-11.0,-0.39%,"2,358",31.0倍,1.36倍,1.30%
20261006,412,エンプラス,6961,東P,,"11,600",+220,+1.93%,"2,353",21.0倍,1.63倍,0.78%
20261006,413,ＵＳＳ,4732,東P,,"1,804.0",-1.0,-0.06%,"2,352",19.2倍,4.39倍,3.13%
20261006,414,牧野フ,6135,東P,,"3,310",+60,+1.85%,"2,329",18.0倍,1.48倍,2.05%
20261006,415,野村ＲＥＩＴ,1343,東Ｅ,,"1,811.0",+8.5,+0.47%,"2,320",ー倍,ー倍,ー%
20261006,416,四国電,9507,東P,,"2,094.5",+14.0,+0.67%,"2,313",14.1倍,0.87倍,2.63%
20261006,417,日揮ＨＤ,1963,東P,,"2,241.5",-13.0,-0.58%,"2,309",11.8倍,1.28倍,2.32%
20261006,418,住友ゴ,5110,東P,,"2,013.0",+14.0,+0.70%,"2,292",9.62倍,0.70倍,4.17%
20261006,419,コスモス薬品,3349,東P,,"6,314",-14,-0.22%,"2,290",16.3倍,1.76倍,1.33%
20261006,420,シンフォニア,6507,東P,,"14,560",-30,-0.21%,"2,287",27.4倍,4.03倍,1.11%
20261006,421,ピジョン,7956,東P,,"2,058.5",+31.0,+1.53%,"2,258",26.9倍,2.88倍,3.69%
20261006,422,山口ＦＧ,8418,東P,,"3,604.0",+104.0,+2.97%,"2,249",16.1倍,1.06倍,2.66%
20261006,423,Ｊパワー,9513,東P,,"3,987",+42,+1.06%,"2,241",8.66倍,0.49倍,2.63%
20261006,424,しまむら,8227,東P,,"3,258.0",+33.0,+1.02%,"2,238",14.3倍,1.34倍,2.46%
20261006,425,日清食ＨＤ,2897,東P,,"2,845.0",-5.0,-0.18%,"2,231",17.5倍,1.55倍,2.46%
20261006,426,セガサミー,6460,東P,,"3,238.0",-14.0,-0.43%,"2,230",20.2倍,1.85倍,1.70%
20261006,427,ヤマダＨＤ,9831,東P,,712.5,+0.3,+0.04%,"2,213",17.1倍,0.75倍,2.39%
20261006,428,ホシザキ,6465,東P,,"5,200",-10,-0.19%,"2,187",19.0倍,1.82倍,2.21%
20261006,429,扶桑化学,4368,東P,,"3,515",+95,+2.78%,"2,186",19.4倍,3.02倍,0.80%
20261006,430,クスリアオキ,3549,東S,,"4,202",-136,-3.14%,"2,170",21.0倍,2.75倍,1.52%
20261006,431,さくらネット,3778,東P,,"3,935",+40,+1.03%,"2,169",105倍,5.12倍,0.14%
20261006,432,ディーエヌエ,2432,東P,,"2,490.0",-2.0,-0.08%,"2,157",ー倍,1.05倍,ー%
20261006,433,野村マイクロ,6254,東P,,"3,775",+110,+3.00%,"2,153",13.1倍,3.84倍,2.25%
20261006,434,ＰＩＬＬＡＲ,6490,東P,,"12,400",+220,+1.81%,"2,145",20.3倍,3.39倍,1.98%
20261006,435,百五銀,8368,東P,,"2,732",+109,+4.16%,"2,140",22.8倍,1.26倍,1.54%
20261006,436,ＪＲ九州,9142,東P,,"3,356.0",+3.0,+0.09%,"2,138",10.0倍,1.03倍,3.61%
20261006,437,マブチ,6592,東P,,"1,781.0",+44.0,+2.53%,"2,127",18.8倍,1.21倍,3.93%
20261006,438,ＴＢＳＨＤ,9401,東P,,"6,033",+127,+2.15%,"2,126",18.9倍,0.57倍,1.66%
20261006,439,ハートシード,219A,東G,,"2,800",+100,+3.70%,"2,118",ー倍,9.63倍,ー%
20261006,440,ショーボンド,1414,東P,,"1,222.5",-2.5,-0.20%,"2,108",15.8倍,2.29倍,3.80%
20261006,441,ＤＩＣ,4631,東P,,"5,023",+47,+0.94%,"2,095",9.81倍,0.92倍,2.99%
20261006,442,すかいらーく,3197,東P,,"3,200.0",+1.0,+0.03%,"2,091",35.5倍,3.74倍,0.84%
20261006,443,池田泉州ＨＤ,8714,東P,,"1,170",+44,+3.91%,"2,084",17.1倍,1.30倍,2.35%
20261006,444,関西ペ,4613,東P,,"2,792.0",+20.5,+0.74%,"2,084",17.5倍,1.64倍,4.15%
20261006,445,キユーピー,2809,東P,,"4,300",-6,-0.14%,"2,079",22.8倍,1.78倍,1.51%
20261006,446,日電波,6779,東P,,"3,665",+10,+0.27%,"2,074",26.3倍,2.56倍,0.82%
20261006,447,網屋,4258,東G,,"6,010",+130,+2.21%,"2,072",57.0倍,20.7倍,0.33%
20261006,448,京成,9009,東P,,"1,292.5",-10.5,-0.81%,"2,064",15.9倍,1.11倍,1.70%
20261006,449,あいちＦＧ,7389,東P,,"2,042",+49,+2.46%,"2,064",21.6倍,1.08倍,1.47%
20261006,450,上場日経平均,1330,東Ｅ,,"73,780",+960,+1.32%,"2,062",ー倍,ー倍,ー%
20261006,451,参天薬,4536,東P,,"1,683.5",+23.5,+1.42%,"2,061",13.5倍,1.80倍,2.49%
20261006,452,日ケミコン,6997,東P,,"2,400",-65,-2.64%,"2,056",16.4倍,1.34倍,1.04%
20261006,453,近鉄ＧＨＤ,9041,東P,,"3,414.0",+21.0,+0.62%,"2,051",13.8倍,1.04倍,2.05%
20261006,454,デンカ,4061,東P,,"3,331.0",+48.0,+1.46%,"2,034",18.0倍,0.93倍,3.00%
20261006,455,ジェイテクト,6473,東P,,"2,198.5",+26.5,+1.22%,"2,019",14.0倍,0.86倍,3.18%
20261006,456,ワークマン,7564,東S,,"5,250",+40,+0.77%,"2,015",19.2倍,2.78倍,1.70%
20261006,457,テリロジＨＤ,5133,東S,,372,+38,+11.38%,"1,988",14.4倍,1.96倍,1.45%
20261006,458,ヤマトＨＤ,9064,東P,,"1,966.5",+15.0,+0.77%,"1,987",38.9倍,1.11倍,2.34%
20261006,459,丸井Ｇ,8252,東P,,"2,758.0",+26.0,+0.95%,"1,980",16.3倍,2.03倍,4.86%
20261006,460,太平洋セメ,5233,東P,,"4,193",+75,+1.82%,"1,974",7.25倍,0.68倍,2.86%
20261006,461,Ａｐｐｉｅｒ,4180,東P,,"1,402",+31,+2.26%,"1,970",34.8倍,3.59倍,0.16%
20261006,462,アイピーエス,4390,東P,,"3,585",-380,-9.58%,"1,954",11.2倍,2.33倍,1.12%
20261006,463,ビーエイブル,604A,東S,,"1,602",+5,+0.31%,"1,950",17.4倍,2.19倍,1.25%
20261006,464,辻本郷ＩＴＣ,476A,東S,Ｓ,"3,020",+500,+19.84%,"1,934",20.4倍,3.60倍,ー%
20261006,465,ＴＰＸブル,1568,東Ｅ,,"1,058.5",+19.0,+1.83%,"1,934",ー倍,ー倍,ー%
20261006,466,北海電,9509,東P,,"1,077.5",+15.5,+1.46%,"1,919",7.00倍,0.54倍,3.06%
20261006,467,ハピネット,7552,東P,,"5,080",+210,+4.31%,"1,913",21.0倍,3.75倍,ー%
20261006,468,カウリス,153A,東G,Ｓ,"2,113",+400,+23.35%,"1,893",39.0倍,8.88倍,0.26%
20261006,469,ＳＧＨＤ,9143,東P,,"1,431.5",+22.0,+1.56%,"1,887",14.2倍,1.57倍,3.77%
20261006,470,パーソルＨＤ,2181,東P,,278.3,+1.6,+0.58%,"1,880",14.0倍,2.82倍,4.67%
20261006,471,九州ＦＧ,7180,東P,,"1,767.5",+45.0,+2.61%,"1,876",16.5倍,0.95倍,2.15%
20261006,472,ＵＡＣＪ,5741,東P,,"2,183",+37,+1.72%,"1,872",9.41倍,1.04倍,3.21%
20261006,473,メイテックＧ,9744,東P,,"3,217.0",-16.0,-0.49%,"1,869",17.9倍,5.63倍,5.63%
20261006,474,滋賀銀,8366,東P,,"3,180",+105,+3.41%,"1,864",25.7倍,1.13倍,1.57%
20261006,475,筑波銀,8338,東P,,860,+33,+3.99%,"1,860",10.7倍,1.00倍,0.58%
20261006,476,日精工,6471,東P,,"1,117.5",-8.5,-0.75%,"1,858",18.9倍,0.80倍,3.04%
20261006,477,タムロン,7740,東P,,"1,481",+42,+2.92%,"1,851",17.5倍,2.68倍,3.44%
20261006,478,小田急,9007,東P,,"1,709.0",+11.5,+0.68%,"1,846",15.1倍,1.14倍,3.51%
20261006,479,ジャパンエン,6016,東S,,"12,500",+550,+4.60%,"1,846",20.9倍,5.46倍,0.80%
20261006,480,トライアル,141A,東G,,"3,935",+70,+1.81%,"1,840",45.2倍,3.69倍,0.43%
20261006,481,長谷工,1808,東P,,"2,571.5",-4.0,-0.16%,"1,830",10.3倍,1.20倍,3.89%
20261006,482,アズビル,6845,東P,,"1,484.5",+10.0,+0.68%,"1,817",20.9倍,3.16倍,3.37%
20261006,483,リベルタ,4935,東S,,227,+3,+1.34%,"1,808",ー倍,5.19倍,ー%
20261006,484,ジャパンＲＥ,8952,東Ｒ,,"106,500","+1,400",+1.33%,"1,808",20.3倍,1.43倍,4.81%
20261006,485,三和ＨＤ,5929,東P,,"3,468.0",+34.0,+0.99%,"1,803",12.0倍,2.12倍,4.21%
20261006,486,ＵＢＥ,4208,東P,,"3,399.0",+25.0,+0.74%,"1,799",13.5倍,0.75倍,4.71%
20261006,487,スカＪＳＡＴ,9412,東P,,"1,972",+7,+0.36%,"1,797",20.7倍,1.83倍,2.43%
20261006,488,上場日経２倍,1358,東Ｅ,,"151,900","+4,000",+2.70%,"1,788",ー倍,ー倍,ー%
20261006,489,サンドラッグ,9989,東P,,"3,540.0",-29.0,-0.81%,"1,781",12.9倍,1.45倍,3.73%
20261006,490,大垣共立,8361,東P,,"1,925",+66,+3.55%,"1,774",19.2倍,0.95倍,1.56%
20261006,491,セグエＧ,3968,東P,,760,+67,+9.67%,"1,771",17.3倍,3.67倍,2.37%
20261006,492,高砂熱,1969,東P,,"4,655",+3,+0.06%,"1,767",15.2倍,2.94倍,2.64%
20261006,493,ニチレイ,2871,東P,,"2,097.0",+1.0,+0.05%,"1,761",19.3倍,1.82倍,3.18%
20261006,494,ニチアス,5393,東P,,"3,702.0",+61.0,+1.68%,"1,758",19.9倍,2.86倍,1.76%
20261006,495,ＧＭＯ－ＰＧ,3769,東P,,"8,660",+148,+1.74%,"1,742",28.1倍,5.26倍,1.96%
20261006,496,ｉＳＴＰＸ,1475,東Ｅ,,433.8,+4.8,+1.12%,"1,741",ー倍,ー倍,ー%
20261006,497,武蔵精密,7220,東P,,"3,195",+25,+0.79%,"1,740",32.2倍,1.67倍,1.25%
20261006,498,明電舎,6508,東P,,"12,170",+110,+0.91%,"1,727",22.1倍,3.11倍,ー%
20261006,499,ケーズＨＤ,8282,東P,,"1,720.0",+17.5,+1.03%,"1,723",13.3倍,1.05倍,2.79%
20261006,500,中国電,9504,東P,,988.5,+10.9,+1.11%,"1,712",11.5倍,0.46倍,3.03%
20261006,501,トリケミカル,4369,東P,,"3,420",+60,+1.79%,"1,710",16.9倍,2.91倍,1.02%
20261006,502,サッポロ,2501,東P,,"1,874.5",+2.5,+0.13%,"1,710",2.47倍,1.43倍,2.13%
20261006,503,サンエー,2659,東P,,"3,150",-60,-1.87%,"1,702",16.9倍,1.26倍,3.49%
20261006,504,共立メンテ,9616,東P,,"3,194.0",-20.0,-0.62%,"1,701",16.1倍,1.98倍,1.44%
20261006,505,オークマ,6103,東P,,"4,935",-30,-0.60%,"1,690",14.4倍,1.14倍,2.43%
20261006,506,日清粉Ｇ,2002,東P,,"1,956.0",-6.0,-0.31%,"1,682",13.3倍,1.06倍,3.32%
20261006,507,スギＨＤ,7649,東P,,"1,228.0",-16.0,-1.29%,"1,679",13.9倍,1.56倍,1.43%
20261006,508,都市ファンド,8953,東Ｒ,,"104,100",+200,+0.19%,"1,673",16.7倍,1.15倍,5.73%
20261006,509,ＯＢＣ,4733,東P,,"8,418",+302,+3.72%,"1,670",32.7倍,3.75倍,1.54%
20261006,510,上組,9364,東P,,"4,697",+7,+0.15%,"1,668",16.7倍,1.17倍,4.36%
20261006,511,森永乳,2264,東P,,"1,053.0",+11.0,+1.06%,"1,652",16.2倍,1.23倍,2.37%
20261006,512,ＢＡＳＥ,4477,東G,,378,-26,-6.44%,"1,652",29.1倍,2.94倍,1.32%
20261006,513,岩手銀,8345,東P,,"2,779",-12,-0.43%,"1,649",19.2倍,0.96倍,2.09%
20261006,514,スタンレー,6923,東P,,"3,545.0",+42.0,+1.20%,"1,644",12.8倍,0.95倍,3.13%
20261006,515,十六ＦＧ,7380,東P,,"2,936",+94,+3.31%,"1,640",17.3倍,1.01倍,1.98%
20261006,516,エレメンツ,5246,東G,,874,-4,-0.46%,"1,635",95.3倍,6.77倍,ー%
20261006,517,山陰合銀,8381,東P,,"2,647",+72,+2.80%,"1,634",15.5倍,1.21倍,2.57%
20261006,518,ＡＲＥＨＤ,5857,東P,,"3,590",+75,+2.13%,"1,629",10.6倍,1.37倍,3.76%
20261006,519,ＫｅｅＰｅｒ,6036,東P,,"3,790",+390,+11.47%,"1,623",16.6倍,4.12倍,2.64%
20261006,520,カドカワ,9468,東P,,"3,669",-103,-2.73%,"1,622",540倍,2.29倍,0.82%
20261006,521,東京メトロ,9023,東P,,"1,429.5",+5.0,+0.35%,"1,620",16.6倍,1.12倍,3.08%
20261006,522,テラプローブ,6627,東S,,"2,625",-14,-0.53%,"1,613",19.9倍,2.80倍,ー%
20261006,523,ソリトン,3040,東P,,"2,853",+111,+4.05%,"1,612",19.8倍,3.73倍,2.52%
20261006,524,三機工,1961,東P,,"2,634",-40,-1.50%,"1,611",15.3倍,3.40倍,2.47%
20261006,525,阿波銀,8388,東P,,"2,315",+76,+3.39%,"1,609",22.5倍,1.09倍,1.81%
20261006,526,日テレＨＤ,9404,東P,,"2,857.0",+9.5,+0.33%,"1,600",13.5倍,0.65倍,1.58%
20261006,527,平田機工,6258,東P,,"4,225",+150,+3.68%,"1,590",19.9倍,1.65倍,1.78%
20261006,528,フリー,4478,東G,,"3,505",+50,+1.45%,"1,587",ー倍,9.85倍,ー%
20261006,529,四国銀,8387,東P,,"4,805",+120,+2.56%,"1,576",22.9倍,1.02倍,1.79%
20261006,530,ＫＤＸ不動産,8972,東Ｒ,,"141,600",+800,+0.57%,"1,575",18.0倍,0.89倍,6.03%
20261006,531,山パン,2212,東P,,"3,564.0",+38.0,+1.08%,"1,572",16.5倍,1.49倍,1.68%
20261006,532,秋田銀,8343,東P,,"1,992",+8,+0.40%,"1,572",20.9倍,0.95倍,2.01%
20261006,533,北洋銀,8524,東P,,"1,398",+47,+3.48%,"1,565",17.8倍,1.33倍,2.29%
20261006,534,ひろぎんＨＤ,7337,東P,,"2,434.5",+43.0,+1.80%,"1,559",14.1倍,1.19倍,2.88%
20261006,535,ＱＰＳＨＤ,464A,東G,,"1,633",-27,-1.63%,"1,554",48.1倍,2.88倍,ー%
20261006,536,ツガミ,6101,東P,,"5,860",+150,+2.63%,"1,553",15.9倍,3.11倍,1.67%
20261006,537,ｉＦ日経Ｗブ,1365,東Ｅ,,"4,919",+126,+2.63%,"1,540",ー倍,ー倍,ー%
20261006,538,コーセーＨＤ,4922,東P,,"5,341",-22,-0.41%,"1,539",25.1倍,1.07倍,2.81%
20261006,539,ダイセル,4202,東P,,"1,455.0",+23.0,+1.61%,"1,528",11.6倍,1.01倍,4.81%
20261006,540,小林製薬,4967,東P,,"7,029",-30,-0.42%,"1,498",52.3倍,2.50倍,1.51%
20261006,541,ニッコンＨＤ,9072,東P,,"4,745",+173,+3.78%,"1,494",26.4倍,2.35倍,2.36%
20261006,542,寿スピリッツ,2222,東P,,"2,435.0",+11.5,+0.47%,"1,494",27.2倍,8.31倍,1.85%
20261006,543,ＧＭＯ,9449,東P,,"3,957",+3,+0.08%,"1,493",ー倍,2.36倍,ー%
20261006,544,アイカ,4206,東P,,"4,311",+65,+1.53%,"1,485",14.0倍,1.41倍,3.34%
20261006,545,東武,9001,東P,,"2,769.5",+5.5,+0.20%,"1,482",9.67倍,0.86倍,2.71%
20261006,546,洋缶ＨＤ,5901,東P,,"4,456",+10,+0.22%,"1,479",21.2倍,0.94倍,4.17%
20261006,547,京急,9006,東P,,"1,512.0",+11.0,+0.73%,"1,473",13.1倍,1.05倍,3.04%
20261006,548,飯田ＧＨＤ,3291,東P,,"2,119.0",+11.5,+0.55%,"1,473",8.94倍,0.57倍,4.34%
20261006,549,大阪ソーダ,4046,東P,,"2,149",+70,+3.37%,"1,471",17.5倍,1.98倍,1.40%
20261006,550,五洋建,1893,東P,,"1,422.0",-7.0,-0.49%,"1,463",11.0倍,2.00倍,3.66%
20261006,551,トクヤマ,4043,東P,,"4,194",+28,+0.67%,"1,461",11.6倍,1.05倍,3.15%
20261006,552,シンプレクス,4373,東P,,"1,162",+32,+2.83%,"1,459",21.0倍,5.24倍,2.07%
20261006,553,三井ハイテク,6966,東P,,948,+10,+1.07%,"1,457",12.0倍,1.39倍,2.00%
20261006,554,レンゴー,3941,東P,,"1,513.0",+3.0,+0.20%,"1,450",11.7倍,0.72倍,3.30%
20261006,555,ＳＡＮＫＹＯ,6417,東P,,"2,016.5",-11.0,-0.54%,"1,443",9.96倍,1.61倍,4.96%
20261006,556,ダイダン,1980,東P,,"3,040",+20,+0.66%,"1,442",14.4倍,3.02倍,2.80%
20261006,557,ＩＩＪ,3774,東P,,"3,501.0",+32.0,+0.92%,"1,430",24.8倍,3.86倍,1.23%
20261006,558,トリドール,3397,東P,,"4,117",-42,-1.01%,"1,428",51.7倍,3.79倍,0.29%
20261006,559,東京計器,7721,東P,,"7,330",-40,-0.54%,"1,424",22.3倍,2.66倍,0.65%
20261006,560,Ｓ＆Ｊ,5599,東G,Ｓ,"1,455",+300,+25.97%,"1,422",20.0倍,3.81倍,1.17%
20261006,561,ちゅうぎんＦ,5832,東P,,"3,857",+104,+2.77%,"1,419",15.2倍,1.02倍,2.64%
20261006,562,セブン銀,8410,東P,,340.4,+3.6,+1.07%,"1,408",19.9倍,1.42倍,3.23%
20261006,563,バイセル,7685,東G,,"2,812",+48,+1.74%,"1,406",17.8倍,6.56倍,0.96%
20261006,564,ツムラ,4540,東P,,"3,725",+18,+0.49%,"1,398",10.6倍,0.85倍,4.24%
20261006,565,ホテルリート,8985,東Ｒ,,"79,800",+400,+0.50%,"1,394",9.04倍,1.38倍,7.28%
20261006,566,安藤ハザマ,1719,東P,,"1,753.0",0,0.00%,"1,394",12.4倍,1.27倍,4.79%
20261006,567,ライオン,4912,東P,,"1,739.0",+11.0,+0.64%,"1,393",19.3倍,1.45倍,1.96%
20261006,568,東映アニメ,4816,東S,,"2,903",-11,-0.38%,"1,391",32.8倍,3.52倍,1.52%
20261006,569,デジアーツ,2326,東P,,"5,360",+150,+2.88%,"1,391",18.9倍,3.92倍,1.87%
20261006,570,放電精密,6469,東S,,"3,105",+171,+5.83%,"1,388",28.8倍,3.65倍,0.81%
20261006,571,Ｓｙｎｓ,290A,東G,,"1,481",+31,+2.14%,"1,383",75.8倍,5.44倍,ー%
20261006,572,太陽ＨＤ,4626,東P,,"4,791",+19,+0.40%,"1,379",21.0倍,4.22倍,ー%
20261006,573,日触媒,4114,東P,,"2,584.0",+33.5,+1.31%,"1,378",18.6倍,0.95倍,5.42%
20261006,574,オープンＨ,3288,東P,,"7,393",+40,+0.54%,"1,376",6.85倍,1.38倍,2.77%
20261006,575,ウシオ電,6925,東P,,"4,373",+55,+1.27%,"1,375",33.1倍,1.55倍,1.60%
20261006,576,三菱倉,9301,東P,,"1,464.5",+3.5,+0.24%,"1,375",21.5倍,1.30倍,3.00%
20261006,577,石油資源,1662,東P,,"1,725",+5,+0.29%,"1,360",6.79倍,0.75倍,2.61%
20261006,578,壱番屋,7630,東P,,"1,051",-50,-4.54%,"1,360",61.7倍,5.21倍,1.52%
20261006,579,ビプロジー,8056,東P,,"4,700",+21,+0.45%,"1,358",14.1倍,2.57倍,2.98%
20261006,580,日本電技,1723,東S,,"2,242",+29,+1.31%,"1,358",16.4倍,3.03倍,2.50%
20261006,581,湖北工業,6524,東S,,"5,970",+180,+3.11%,"1,354",33.5倍,6.07倍,0.67%
20261006,582,Ａｉロボ,247A,東G,,925,+5,+0.54%,"1,351",ー倍,10.7倍,ー%
20261006,583,コーテクＨＤ,3635,東P,,"1,638.0",+17.5,+1.08%,"1,349",17.7倍,1.96倍,2.93%
20261006,584,産業ファンド,3249,東Ｒ,,"127,100",+400,+0.32%,"1,345",16.6倍,1.31倍,6.29%
20261006,585,ダイセキ,9793,東P,,"3,570",+85,+2.44%,"1,340",15.1倍,1.96倍,2.41%
20261006,586,ＭＸ２２５,1346,東Ｅ,,"73,600",+850,+1.17%,"1,339",ー倍,ー倍,ー%
20261006,587,ＪＶＣケンウ,6632,東P,,"1,023.0",+16.5,+1.64%,"1,333",9.46倍,0.97倍,1.96%
20261006,588,ＫＯＡ,6999,東P,,"2,571",+40,+1.58%,"1,328",12.3倍,1.05倍,2.45%
20261006,589,ニチコン,6996,東P,,"2,718",-10,-0.37%,"1,320",26.5倍,1.42倍,1.43%
20261006,590,ＷＩＺＥ,3664,東G,,23,-1,-4.17%,"1,320",ー倍,2.08倍,ー%
20261006,591,日本コークス,3315,東P,,94,+3,+3.30%,"1,314",54.7倍,0.80倍,ー%
20261006,592,航空電子,6807,東P,,"2,778",+73,+2.70%,"1,300",31.2倍,1.30倍,1.80%
20261006,593,Ｖテク,7717,東P,,"6,960",+10,+0.14%,"1,297",21.9倍,1.77倍,1.15%
20261006,594,日機装,6376,東P,,"3,905",+90,+2.36%,"1,296",16.2倍,1.48倍,1.54%
20261006,595,サンケン,6707,東P,,"7,162",-99,-1.36%,"1,296",143倍,1.20倍,ー%
20261006,596,オプトラン,6235,東P,,"2,911",+88,+3.12%,"1,291",20.7倍,1.24倍,1.92%
20261006,597,東海東京,8616,東P,,901,+12,+1.35%,"1,280",ー倍,1.16倍,ー%
20261006,598,ＧＬＰ,3281,東Ｒ,,"128,400",+300,+0.23%,"1,276",19.8倍,1.36倍,5.65%
20261006,599,エルテス,3967,東G,,787,-13,-1.63%,"1,272",27.0倍,2.75倍,ー%
20261006,600,カバー,5253,東G,,"1,532",+3,+0.20%,"1,253",19.9倍,5.62倍,ー%
20261006,601,日鉄鉱,1515,東P,,"3,165",-5,-0.16%,"1,253",20.2倍,1.53倍,1.96%
20261006,602,ＡＤＥＫＡ,4401,東P,,"4,804",+71,+1.50%,"1,240",14.6倍,1.45倍,2.75%
20261006,603,ニッスイ,1332,東P,,"1,104.0",+2.5,+0.23%,"1,238",11.6倍,1.10倍,2.90%
20261006,604,兼松,8020,東P,,"2,271.0",+21.5,+0.96%,"1,237",10.8倍,1.77倍,3.08%
20261006,605,福井銀,8362,東P,,"8,590",+150,+1.78%,"1,226",22.6倍,1.25倍,1.75%
20261006,606,野村マスター,3462,東Ｒ,,"135,800",+100,+0.07%,"1,216",21.0倍,1.05倍,5.44%
20261006,607,日化薬,4272,東P,,"2,136.0",+27.5,+1.30%,"1,215",13.4倍,1.09倍,3.09%
20261006,608,エクサＷｉｚ,4259,東G,,836,-14,-1.65%,"1,213",ー倍,7.93倍,0.60%
20261006,609,ＭＸ全世界株,2559,東Ｅ,,"2,993",+26,+0.88%,"1,210",ー倍,ー倍,ー%
20261006,610,日本ＣＭＫ,6958,東P,,831,+42,+5.32%,"1,209",19.8倍,0.72倍,3.37%
20261006,611,ＯＫＩ,6703,東P,,"2,752",+42,+1.55%,"1,209",13.3倍,1.39倍,2.36%
20261006,612,山九,9065,東P,,"1,586.5",+6.5,+0.41%,"1,209",12.1倍,1.30倍,3.33%
20261006,613,ビジョナル,4194,東P,,"8,881",+163,+1.87%,"1,198",19.4倍,4.18倍,ー%
20261006,614,フクダ電,6960,東S,,"11,760",+30,+0.26%,"1,198",18.0倍,1.66倍,1.96%
20261006,615,全国保証,7164,東P,,"3,023.0",+20.0,+0.67%,"1,197",12.3倍,1.65倍,4.07%
20261006,616,パルＨＤ,2726,東P,,"1,397",-14,-0.99%,"1,197",12.7倍,2.84倍,2.86%
20261006,617,日油,4403,東P,,"2,558.5",+20.0,+0.79%,"1,195",14.6倍,1.94倍,2.74%
20261006,618,山梨銀,8360,東P,,"1,594",+77,+5.08%,"1,192",19.6倍,1.02倍,2.05%
20261006,619,山形銀,8344,東P,,"5,790",+100,+1.76%,"1,188",23.9倍,1.15倍,1.69%
20261006,620,リログループ,8876,東P,,"2,339.5",+23.5,+1.01%,"1,188",15.7倍,4.51倍,3.21%
20261006,621,ラクス,3923,東P,,"1,047.0",+28.0,+2.75%,"1,171",14.7倍,9.67倍,0.76%
20261006,622,Ｆスターズ,3687,東P,,"2,247",+16,+0.72%,"1,171",37.2倍,7.98倍,0.85%
20261006,623,テクマト,3762,東P,,"2,625",+128,+5.13%,"1,170",19.4倍,3.98倍,2.06%
20261006,624,Ｊディスプレ,6740,東P,,42,-3,-6.67%,"1,162",ー倍,-4.9倍,ー%
20261006,625,純銀信託,1542,東Ｅ,,"27,945",-225,-0.80%,"1,158",ー倍,ー倍,ー%
20261006,626,ナカニシ,7716,東S,,"1,538",+32,+2.12%,"1,157",18.6倍,2.07倍,1.95%
20261006,627,東邦銀,8346,東P,,"1,153",+18,+1.59%,"1,154",18.0倍,1.28倍,2.25%
20261006,628,オリックスＦ,8954,東Ｒ,,"90,200",-100,-0.11%,"1,149",17.0倍,1.41倍,5.43%
20261006,629,名鉄,9048,東P,,"1,829.5",+8.0,+0.44%,"1,147",9.21倍,0.72倍,3.28%
20261006,630,Ｈ２Ｏリテイ,8242,東P,,"2,800.0",+43.5,+1.58%,"1,141",13.6倍,1.03倍,1.71%
20261006,631,メガチップス,6875,東P,,"11,340",-450,-3.82%,"1,127",4.69倍,0.46倍,2.29%
20261006,632,日本Ｍ＆Ａ,2127,東P,,614.3,+4.4,+0.72%,"1,125",14.6倍,4.10倍,4.72%
20261006,633,クラフティア,1959,東P,,"8,002",+32,+0.40%,"1,122",14.0倍,1.63倍,2.75%
20261006,634,フジボウＨＤ,3104,東P,,"3,700",+170,+4.82%,"1,118",18.4倍,2.38倍,2.27%
20261006,635,長瀬産,8012,東P,,"1,203.5",+22.0,+1.86%,"1,115",14.1倍,1.09倍,2.24%
20261006,636,ラサ工,4022,東P,,"2,159",+34,+1.60%,"1,114",19.6倍,2.62倍,1.67%
20261006,637,伊勢化,4107,東S,,"4,075",+145,+3.69%,"1,112",38.5倍,4.95倍,0.98%
20261006,638,日本新薬,4516,東P,,"3,366.0",+11.0,+0.33%,"1,112",7.49倍,0.77倍,3.68%
20261006,639,サムコ,6387,東P,,"9,720",0,0.00%,"1,111",28.5倍,5.00倍,0.77%
20261006,640,京葉銀,8544,東P,,"3,045",+82,+2.77%,"1,108",18.6倍,1.09倍,2.17%
20261006,641,戸田建,1860,東P,,"1,363.0",-20.5,-1.48%,"1,108",11.5倍,0.84倍,4.40%
20261006,642,ユナイテッド,8960,東Ｒ,,"150,300",+900,+0.60%,"1,105",16.3倍,1.25倍,6.17%
20261006,643,アクセルＨＤ,402A,東G,,320,+17,+5.61%,"1,104",ー倍,3.06倍,ー%
20261006,644,住友大阪,5232,東P,,"1,908.0",+41.0,+2.20%,"1,103",18.2倍,0.93倍,2.10%
20261006,645,ＩＤＥＣ,6652,東P,,"4,125",+65,+1.60%,"1,101",14.2倍,1.66倍,3.15%
20261006,646,宮崎銀,8393,東P,,"3,040",+73,+2.46%,"1,097",17.6倍,1.10倍,1.84%
20261006,647,アマノ,6436,東P,,"3,755",+21,+0.56%,"1,093",14.8倍,1.99倍,4.79%
20261006,648,クリエイトＳ,3148,東P,,"3,090",-150,-4.63%,"1,083",11.7倍,1.29倍,3.11%
20261006,649,エクシオＧ,1951,東P,,"2,552.5",+18.5,+0.73%,"1,082",14.6倍,1.51倍,3.13%
20261006,650,ニプロ,8086,東P,,"1,332.5",+16.5,+1.25%,"1,076",14.8倍,0.78倍,2.40%
20261006,651,高度紙,3891,東S,,"7,740",+250,+3.34%,"1,073",19.4倍,3.01倍,1.42%
20261006,652,プロクレＨＤ,7384,東P,,"6,000",+110,+1.87%,"1,070",24.3倍,1.00倍,1.67%
20261006,653,エニーカラー,5032,東P,,"3,055",+10,+0.33%,"1,070",14.0倍,6.30倍,2.03%
20261006,654,プロロジスＲ,3283,東Ｒ,,"80,000",+500,+0.63%,"1,069",21.0倍,1.34倍,4.93%
20261006,655,ミズノ,8022,東P,,"4,255",-45,-1.05%,"1,058",17.0倍,1.82倍,1.55%
20261006,656,グローリー,6457,東P,,"4,557",+95,+2.13%,"1,053",11.9倍,1.10倍,3.38%
20261006,657,北陸電,9505,東P,,"1,068.0",+17.0,+1.62%,"1,052",8.92倍,0.47倍,2.34%
20261006,658,円谷フィＨＤ,2767,東P,,"2,421",-4,-0.16%,"1,050",10.1倍,2.47倍,5.78%
20261006,659,ヨネックス,7906,東S,,"2,387",+12,+0.51%,"1,050",14.4倍,2.39倍,1.17%
20261006,660,関電化,4047,東P,,"2,592",+35,+1.37%,"1,047",19.6倍,1.95倍,1.39%
20261006,661,フィナＨＤ,4419,東G,,"1,511",+73,+5.08%,"1,043",33.8倍,7.08倍,ー%
20261006,662,弁護士ＣＯＭ,6027,東P,,"5,090",+110,+2.21%,"1,037",58.0倍,15.8倍,ー%
20261006,663,フジミインコ,5384,東P,,"3,745",+35,+0.94%,"1,031",26.7倍,3.26倍,2.06%
20261006,664,技術承継機構,319A,東G,,"22,800",+260,+1.15%,"1,029",ー倍,18.8倍,ー%
20261006,665,ＡＬＳＯＫ,2331,東P,,"1,159.0",+0.5,+0.04%,"1,026",14.8倍,1.43倍,2.85%
20261006,666,グリコ,2206,東P,,"5,028",+8,+0.16%,"1,024",33.2倍,1.11倍,1.89%
20261006,667,京王,9008,東P,,746.7,+5.6,+0.76%,"1,023",10.1倍,0.95倍,2.95%
20261006,668,エクセディ,7278,東P,,"5,750",+80,+1.41%,"1,021",14.6倍,1.08倍,6.09%
20261006,669,ＮＴＮ,6472,東P,,388.8,+2.8,+0.73%,"1,008",15.4倍,0.77倍,3.34%
20261006,670,トムソン,6480,東P,,"1,946",+14,+0.72%,"1,007",14.2倍,1.54倍,1.64%
20261006,671,カカクコム,2371,東P,,"3,791",-19,-0.50%,"1,007",36.2倍,11.6倍,ー%
20261006,672,ＪＣＲファ,4552,東P,,490,-13,-2.58%,"1,007",299倍,1.39倍,4.08%
20261006,673,ＯＳＧ,6136,東P,,"3,785",+35,+0.93%,"1,004",14.8倍,1.62倍,3.04%
20261006,674,ノースサンド,446A,東G,,"2,561",+72,+2.89%,"1,004",25.9倍,9.19倍,1.37%
20261006,675,ハウス食Ｇ,2810,東P,,"4,037",0,0.00%,"1,003",20.9倍,1.23倍,2.48%
20261006,676,不二製油,2607,東P,,"4,306",+9,+0.21%,"1,000",19.0倍,1.50倍,1.44%
20261006,677,ジィ・シィ,4073,東G,,751,-29,-3.72%,"1,000",28.7倍,5.43倍,ー%
20261006,678,ヘリオス,4593,東G,,318,+28,+9.66%,999,ー倍,4.91倍,ー%
20261006,679,三陽商,8011,東P,,"1,315",+18,+1.39%,994,8.68倍,0.94倍,4.28%
20261006,680,ＪＩＮＳＨＤ,3046,東P,,"5,750",+150,+2.68%,993,15.6倍,3.76倍,2.00%
20261006,681,セイノーＨＤ,9076,東P,,"2,595.5",-19.0,-0.73%,985,15.4倍,0.92倍,4.01%
20261006,682,アコム,8572,東S,,459.5,+5.3,+1.17%,984,11.3倍,1.01倍,4.79%
20261006,683,ヨコオ,6800,東P,,"4,925",+30,+0.61%,984,20.5倍,1.84倍,1.30%
20261006,684,竹内製作所,6432,東P,,"7,530",+10,+0.13%,983,13.4倍,1.87倍,2.92%
20261006,685,ニフコ,7988,東P,,"2,429.0",-5.0,-0.21%,983,12.2倍,1.39倍,2.31%
20261006,686,ＪＭＤＣ,4483,東P,,"3,730",+100,+2.75%,975,34.4倍,2.94倍,ー%
20261006,687,吉野家ＨＤ,9861,東P,,"3,675.0",+26.0,+0.71%,968,48.3倍,3.41倍,0.60%
20261006,688,栃木銀,8550,東P,,"1,229",+25,+2.08%,968,14.2倍,0.78倍,2.44%
20261006,689,メディパル,7459,東P,,"2,956.5",+15.5,+0.53%,963,14.1倍,0.93倍,2.98%
20261006,690,ＧＸ半導体,2243,東Ｅ,,"4,954",+25,+0.51%,961,ー倍,ー倍,ー%
20261006,691,ダイワボウ,3107,東P,,"3,636.0",-26.0,-0.71%,960,12.3倍,1.83倍,3.03%
20261006,692,大分銀,8392,東P,,"3,420",+65,+1.94%,959,19.9倍,0.98倍,1.46%
20261006,693,松井,8628,東P,,"1,132",+17,+1.52%,957,ー倍,3.59倍,ー%
20261006,694,ＩＤＯＭ,7599,東P,,"1,165",+10,+0.87%,955,8.24倍,1.30倍,3.64%
20261006,695,楽天Ｗベア,1459,東Ｅ,,95,-2,-2.06%,953,ー倍,ー倍,ー%
20261006,696,Ｊマテリアル,6055,東P,,"2,406",+15,+0.63%,953,22.9倍,3.93倍,1.45%
20261006,697,ビックカメラ,3048,東P,,"1,665.5",+24.5,+1.49%,950,15.5倍,1.57倍,2.58%
20261006,698,かどや製油,2612,東S,,"2,835",0,0.00%,949,38.2倍,2.11倍,ー%
20261006,699,大阪チタ,5726,東P,,"2,412",+36,+1.52%,948,63.4倍,2.41倍,0.54%
20261006,700,千代建,6366,東S,,675,+1,+0.15%,947,25.3倍,5.25倍,ー%
20261006,701,リンナイ,5947,東P,,"3,362.0",-1.0,-0.03%,946,12.8倍,1.06倍,3.15%
20261006,702,日ガス,8174,東P,,941.0,+8.9,+0.95%,945,21.5倍,4.68倍,3.91%
20261006,703,ＶＬＣセキュ,2467,名N,,270,+33,+13.92%,944,18.7倍,3.51倍,ー%
20261006,704,クリングル,4884,東G,,611,+47,+8.33%,943,ー倍,4.32倍,ー%
20261006,705,ハウスリート,8984,東Ｒ,,"108,900",+300,+0.28%,932,20.7倍,1.00倍,5.64%
20261006,706,ワールド,3612,東P,,"1,541",+24,+1.58%,931,9.33倍,1.18倍,4.35%
20261006,707,三浦工,6005,東P,,"3,045.0",+7.0,+0.23%,929,12.4倍,1.43倍,2.43%
20261006,708,東亜建,1885,東P,,"2,075",+6,+0.29%,919,11.1倍,1.38倍,3.71%
20261006,709,マルマエ,6264,東P,,"2,234",+4,+0.18%,916,19.2倍,4.17倍,2.01%
20261006,710,アドバンスＲ,3269,東Ｒ,,"135,000",+300,+0.22%,914,23.5倍,1.56倍,4.82%
20261006,711,コロワイド,7616,東P,,"1,967.5",-40.5,-2.02%,912,99.2倍,3.05倍,0.25%
20261006,712,ＭＩＸＩ,2121,東P,,"3,730",+40,+1.08%,912,9.74倍,1.30倍,4.16%
20261006,713,トーセイ,8923,東P,,"1,662",-2,-0.12%,911,10.2倍,1.44倍,3.49%
20261006,714,岡本硝子,7746,東S,,914,-40,-4.19%,910,376倍,11.1倍,ー%
20261006,715,日証金,8511,東P,,"2,324",+3,+0.13%,908,17.0倍,1.33倍,4.04%
20261006,716,ＮＡＮＫＡＩ,9044,東P,,"3,000.0",+23.0,+0.77%,907,13.6倍,0.94倍,1.83%
20261006,717,イオンＦＳ,8570,東P,,"1,506.5",+22.0,+1.48%,899,21.7倍,0.70倍,3.52%
20261006,718,アーキテクツ,6085,東G,,102,-13,-11.30%,894,309倍,-29倍,ー%
20261006,719,ベクトル,6058,東P,,"1,973",-15,-0.75%,891,16.8倍,4.23倍,1.82%
20261006,720,東エレデバ,2760,東P,,"4,800",+170,+3.67%,882,15.1倍,2.65倍,2.69%
20261006,721,ＭＸ米株ＳＰ,2558,東Ｅ,,"3,545",+45,+1.29%,880,ー倍,ー倍,ー%
20261006,722,パークシャ,3993,東P,,"3,365",+40,+1.20%,876,36.2倍,2.88倍,0.30%
20261006,723,ネクセラ,4565,東P,,"1,224",-10,-0.81%,874,ー倍,1.73倍,ー%
20261006,724,３ＤＭ,7777,東G,,434,+13,+3.09%,871,34.9倍,7.99倍,ー%
20261006,725,芝浦機,6104,東P,,"5,060",+50,+1.00%,870,59.9倍,1.02倍,2.77%
20261006,726,新日本科学,2395,東P,,"1,451",+136,+10.34%,870,17.3倍,1.45倍,3.45%
20261006,727,ワコム,6727,東P,,863,-29,-3.25%,862,11.5倍,3.11倍,2.78%
20261006,728,サワイＧＨＤ,4887,東P,,"1,634.5",+36.5,+2.28%,861,10.2倍,1.06倍,3.43%
20261006,729,丸一管,5463,東P,,"1,714.5",+22.5,+1.33%,857,14.7倍,1.07倍,3.03%
20261006,730,ｉＳゴールド,314A,東Ｅ,,309.5,-1.3,-0.42%,850,ー倍,ー倍,ー%
20261006,731,積水ハウスＲ,3309,東Ｒ,,"67,200",+400,+0.60%,843,17.9倍,1.00倍,5.68%
20261006,732,セーレン,3569,東P,,"3,475",+140,+4.20%,841,12.9倍,1.23倍,2.19%
20261006,733,いちご,2337,東P,,385,+6,+1.58%,840,8.38倍,1.39倍,4.03%
20261006,734,アイグリッド,603A,東G,,"1,030",+40,+4.04%,839,17.5倍,4.39倍,ー%
20261006,735,帝人,3401,東P,,"1,659.5",+18.0,+1.10%,835,7.12倍,0.77倍,3.01%
20261006,736,ＧＸＵテック,2244,東Ｅ,,"3,827",+64,+1.70%,830,ー倍,ー倍,ー%
20261006,737,伊藤園,2593,東P,,"3,065.0",-23.0,-0.74%,830,32.1倍,2.01倍,1.70%
20261006,738,熊谷組,1861,東P,,"1,228",-7,-0.57%,829,10.2倍,1.13倍,4.07%
20261006,739,Ｊエレベータ,6544,東P,,"1,485.0",0,0.00%,828,32.4倍,11.7倍,ー%
20261006,740,テレ朝ＨＤ,9409,東P,,"3,000",+14,+0.47%,827,12.1倍,0.63倍,3.33%
20261006,741,沖縄セルラー,9436,東S,,"4,120",-10,-0.24%,826,28.4倍,3.81倍,1.70%
20261006,742,ラサールロジ,3466,東Ｒ,,"143,500",+100,+0.07%,819,18.8倍,1.16倍,5.63%
20261006,743,トヨタ紡織,3116,東P,,"2,172.0",+14.5,+0.67%,812,8.44倍,0.79倍,3.96%
20261006,744,武蔵銀,8336,東P,,"3,015",+67,+2.27%,812,15.0倍,1.07倍,2.72%
20261006,745,相鉄ＨＤ,9003,東P,,"2,474.0",+4.5,+0.18%,810,10.8倍,1.13倍,2.83%
20261006,746,カネカ,4118,東P,,"6,085",+74,+1.23%,808,11.6倍,0.72倍,3.45%
20261006,747,電通総研,4812,東P,,"2,863",+1,+0.03%,806,31.1倍,5.30倍,0.79%
20261006,748,百十四,8386,東P,,"3,335",+85,+2.62%,803,18.0倍,0.97倍,2.10%
20261006,749,ｉＳＪリート,1476,東Ｅ,,"1,727",+3,+0.17%,802,ー倍,ー倍,ー%
20261006,750,東光高岳,6617,東P,,"7,770",+120,+1.57%,802,12.0倍,1.70倍,1.72%
20261006,751,フォスター,6794,東P,,"3,515",+175,+5.24%,802,15.8倍,1.17倍,3.27%
20261006,752,ＭＸナスダク,2631,東Ｅ,,"35,250",+460,+1.32%,801,ー倍,ー倍,ー%
20261006,753,名古屋銀,8522,東P,,"7,250",+120,+1.68%,800,15.5倍,1.13倍,2.76%
20261006,754,クレハ,4023,東P,,"3,955",+25,+0.64%,798,20.2倍,0.89倍,5.46%
20261006,755,ＡＢＥＪＡ,5574,東G,,"2,990",-140,-4.47%,795,35.2倍,5.67倍,ー%
20261006,756,ＷＴＩ原油,1671,東Ｅ,,"5,956",-34,-0.57%,792,ー倍,ー倍,ー%
20261006,757,旭有機材,4216,東P,,"7,310",+90,+1.25%,791,16.8倍,1.68倍,2.46%
20261006,758,Ｆ－ブレイン,3927,東S,Ｓ,"1,072",+150,+16.27%,790,17.4倍,2.70倍,1.49%
20261006,759,Ｊファーマ,520A,東G,,431,+31,+7.75%,787,ー倍,2.22倍,ー%
20261006,760,芙蓉リース,8424,東P,,"4,265",-1,-0.02%,783,8.02倍,0.75倍,4.03%
20261006,761,ペプドリ,4587,東P,,"1,058.5",+2.0,+0.19%,781,45.4倍,2.80倍,ー%
20261006,762,センコーＨＤ,9069,東P,,"2,335.0",+27.5,+1.19%,780,16.7倍,1.69倍,2.40%
20261006,763,三井不ロジ,3471,東Ｒ,,"97,300",+400,+0.41%,779,22.4倍,0.98倍,5.39%
20261006,764,中央自,8117,東S,,"2,146",+24,+1.13%,778,12.5倍,1.87倍,2.94%
20261006,765,サンケイＲＥ,2972,東Ｒ,,"125,400",+400,+0.32%,777,17.0倍,1.29倍,5.87%
20261006,766,ｉＦナ百Ｗブ,2869,東Ｅ,,"3,232",+70,+2.21%,777,ー倍,ー倍,ー%
20261006,767,大栄環境,9336,東P,,"3,685",+90,+2.50%,777,22.4倍,3.32倍,1.49%
20261006,768,ニシオＨＤ,9699,東P,,"4,275",-30,-0.70%,772,9.58倍,0.81倍,3.09%
20261006,769,カチタス,8919,東P,,"3,455",+25,+0.73%,771,19.3倍,5.05倍,2.60%
20261006,770,Ｎｏ．１,3562,東S,,"1,673",+98,+6.22%,765,11.2倍,2.70倍,4.72%
20261006,771,森永,2201,東P,,"2,369.5",+15.0,+0.64%,765,12.1倍,1.38倍,2.95%
20261006,772,コンペイトウ,618A,東G,,"1,925",+10,+0.52%,760,16.9倍,14.1倍,ー%
20261006,773,バローＨＤ,9956,東P,,"1,616",-4,-0.25%,758,11.4倍,0.99倍,2.48%
20261006,774,日本光電,6849,東P,,"1,613.0",+31.0,+1.96%,757,17.2倍,1.46倍,2.05%
20261006,775,サカタタネ,1377,東P,,"4,220",-10,-0.24%,754,17.8倍,0.98倍,2.13%
20261006,776,アルフレッサ,2784,東P,,"2,245.0",+19.0,+0.85%,754,18.9倍,0.81倍,3.16%
20261006,777,岩谷産,8088,東P,,"2,000.0",+4.0,+0.20%,752,10.1倍,0.97倍,2.35%
20261006,778,バルカー,7995,東P,,"7,450",+200,+2.76%,751,15.1倍,2.34倍,2.68%
20261006,779,ＮＳＳＯＬ,2327,東P,,"3,773",+64,+1.73%,747,21.4倍,2.50倍,2.31%
20261006,780,ｉＦＦＡＮＧ,316A,東Ｅ,,"2,830",+42,+1.51%,747,ー倍,ー倍,ー%
20261006,781,平和不リート,8966,東Ｒ,,"125,000",+500,+0.40%,747,24.1倍,1.25倍,6.45%
20261006,782,博報堂ＤＹ,2433,東P,,"1,289.5",+4.5,+0.35%,746,17.8倍,1.21倍,2.48%
20261006,783,京阪ＨＤ,9045,東P,,"3,110.0",+12.0,+0.39%,743,10.8倍,0.92倍,2.77%
20261006,784,ホシデン,6804,東P,,"2,426",+38,+1.59%,743,9.56倍,0.78倍,3.17%
20261006,785,ＳＭＤ２２５,1397,東Ｅ,,"71,970","+1,020",+1.44%,742,ー倍,ー倍,ー%
20261006,786,共和コーポ,6570,東S,,"4,670",+470,+11.19%,740,22.9倍,4.45倍,0.86%
20261006,787,ＦＥＡＳＹ,212A,東P,,"2,725",-54,-1.94%,736,18.4倍,6.73倍,1.87%
20261006,788,ヘッドウォ,4011,東G,,"2,460",+177,+7.75%,735,38.5倍,2.46倍,ー%
20261006,789,ｉＳ米国株Ｈ,2563,東Ｅ,,410.2,+4.7,+1.16%,734,ー倍,ー倍,ー%
20261006,790,キヤノンＭＪ,8060,東P,,"3,739",+6,+0.16%,734,17.5倍,1.98倍,2.54%
20261006,791,トーカロ,3433,東P,,"3,140",+25,+0.80%,733,17.2倍,2.80倍,2.93%
20261006,792,古河機金,5715,東P,,"4,055",-30,-0.73%,730,8.89倍,0.80倍,1.97%
20261006,793,スターマイカ,2975,東P,,"1,266",+17,+1.36%,728,7.97倍,1.17倍,4.03%
20261006,794,グロバワン,8958,東Ｒ,,"106,900","+1,000",+0.94%,724,16.6倍,1.17倍,5.99%
20261006,795,Ｕｍｉｏｓ,1333,東P,,"1,207.5",+0.5,+0.04%,721,12.1倍,0.74倍,3.73%
20261006,796,日本紙,3863,東P,,"1,293",+2,+0.15%,719,ー倍,0.29倍,1.16%
20261006,797,スズケン,9987,東P,,"2,611.0",+34.5,+1.34%,714,13.9倍,0.84倍,2.30%
20261006,798,ＪＡＦＣＯ,8595,東P,,"2,209.5",+19.5,+0.89%,714,ー倍,0.87倍,6.02%
20261006,799,化工機,6331,東P,,"3,050",+5,+0.16%,713,10.1倍,1.54倍,3.93%
20261006,800,日精機,7287,東S,,"2,819",+34,+1.22%,711,15.2倍,0.65倍,3.19%
20261006,801,ＪＣＵ,4975,東P,,"6,370",+90,+1.43%,710,17.8倍,2.80倍,2.83%
20261006,802,ミナトＨＤ,6862,東S,,"5,260",+140,+2.73%,709,6.53倍,3.36倍,0.80%
20261006,803,エスビー,2805,東S,,"6,820",-170,-2.43%,705,20.4倍,1.67倍,0.88%
20261006,804,アスタリスク,6522,東G,,"1,175",-93,-7.33%,702,ー倍,5.69倍,ー%
20261006,805,邦ガス,9533,東P,,"1,243.0",+3.0,+0.24%,701,19.0倍,0.88倍,1.81%
20261006,806,山洋電,6516,東P,,"5,790",+50,+0.87%,700,17.1倍,1.54倍,2.94%
20261006,807,紀陽銀,8370,東P,,"1,803",+47,+2.68%,700,13.9倍,1.41倍,2.88%
20261006,808,ヴレインＳ,135A,東G,,"5,170",-200,-3.72%,699,54.6倍,25.7倍,ー%
20261006,809,加賀電子,8154,東P,,"5,540",+30,+0.54%,694,9.11倍,1.38倍,2.89%
20261006,810,テンシャル,325A,東G,,"2,055",-3,-0.15%,693,18.1倍,7.76倍,ー%
20261006,811,カナデビア,7004,東P,,"1,161",-4,-0.34%,690,9.30倍,0.99倍,3.27%
20261006,812,藤田観,9722,東P,,"3,150",+70,+2.27%,689,15.1倍,4.39倍,0.63%
20261006,813,大倉工,4221,東P,,"5,450",+50,+0.93%,688,10.7倍,0.94倍,4.40%
20261006,814,タムラ,6768,東P,,991,+8,+0.81%,687,15.2倍,1.21倍,1.61%
20261006,815,イオンリート,3292,東Ｒ,,"106,600",-200,-0.19%,687,18.3倍,0.93倍,5.97%
20261006,816,王将フード,9936,東P,,"2,858",-10,-0.35%,686,21.2倍,2.34倍,1.96%
20261006,817,野村ナスＨ無,1545,東Ｅ,,248.6,+3.3,+1.35%,684,ー倍,ー倍,ー%
20261006,818,西松建,1820,東P,,"5,209",-26,-0.50%,683,10.0倍,1.07倍,4.80%
20261006,819,日本アビオ,6946,東S,,"7,340",+80,+1.10%,682,25.9倍,6.36倍,0.20%
20261006,820,ＨＵグループ,4544,東P,,"3,574.0",+105.0,+3.03%,680,38.7倍,1.44倍,3.50%
20261006,821,ＢＢＳｅｃ,4398,東S,Ｓ,"1,922",+400,+26.28%,679,18.1倍,3.50倍,0.88%
20261006,822,月島ＨＤ,6332,東P,,"2,631",+12,+0.46%,678,12.3倍,1.08倍,3.34%
20261006,823,ノリタケ,5331,東P,,"3,810",+25,+0.66%,676,12.3倍,1.17倍,3.15%
20261006,824,ＣＣＩＧ,7381,東P,,"1,376",+43,+3.23%,674,17.8倍,1.15倍,2.18%
20261006,825,エスエムエス,2175,東P,,"2,613",+17,+0.65%,671,34.8倍,7.65倍,1.17%
20261006,826,マネックスＧ,8698,東P,,690,+8,+1.17%,670,ー倍,1.33倍,4.46%
20261006,827,アインＨＤ,9627,東P,,"5,309",-29,-0.54%,667,12.5倍,1.18倍,1.88%
20261006,828,Ｄガレージ,4819,東P,,"2,424",+8,+0.33%,664,ー倍,1.53倍,ー%
20261006,829,ゴルドウイン,8111,東P,,"2,106.5",-8.0,-0.38%,659,11.3倍,2.28倍,3.32%
20261006,830,リゾートトラ,4681,東P,,"1,730.5",+0.5,+0.03%,656,17.5倍,2.26倍,2.08%
20261006,831,黒田グループ,287A,東S,,"1,180",+33,+2.88%,651,12.3倍,1.20倍,5.34%
20261006,832,ＨＩＯＫＩ,6866,東P,,"11,900",+90,+0.76%,651,21.2倍,3.49倍,2.02%
20261006,833,阪和興,8078,東P,,"1,853",+9,+0.49%,644,8.89倍,0.81倍,3.56%
20261006,834,大気社,1979,東P,,"3,820",+15,+0.39%,638,13.3倍,1.37倍,3.12%
20261006,835,大和証券リビ,8986,東Ｒ,,"85,200",+200,+0.24%,638,17.2倍,1.08倍,5.89%
20261006,836,コンフォリア,3282,東Ｒ,,"91,400",+200,+0.22%,637,20.3倍,1.38倍,4.68%
20261006,837,イリソ電子,6908,東P,,"2,890",+115,+4.14%,637,38.6倍,0.83倍,ー%
20261006,838,大同メ,7245,東P,,"1,300",+32,+2.52%,637,12.0倍,0.73倍,2.77%
20261006,839,エアトリ,6191,東P,,"1,460",-9,-0.61%,636,14.8倍,1.71倍,11.0%
20261006,840,ＵＴ,2146,東P,,241,+3,+1.26%,636,22.6倍,5.51倍,4.24%
20261006,841,千葉興,8337,東P,,"2,848",+93,+3.38%,635,18.4倍,1.07倍,0.70%
20261006,842,デンヨー,6517,東P,,"3,985",+10,+0.25%,634,13.5倍,0.96倍,4.27%
20261006,843,西鉄,9031,東P,,"2,852.0",+17.5,+0.62%,633,9.58倍,0.74倍,3.16%
20261006,844,タツモ,6266,東P,,"4,370",-25,-0.57%,632,25.3倍,2.40倍,0.78%
20261006,845,ＮＩＳＳＨＡ,7915,東P,,"1,100",+23,+2.14%,631,ー倍,0.45倍,4.55%
20261006,846,稀元素,4082,東P,,"2,176",-9,-0.41%,628,35.1倍,1.35倍,1.38%
20261006,847,ミライトワン,1417,東P,,"3,458.0",+6.0,+0.17%,621,11.8倍,1.09倍,2.75%
20261006,848,三十三ＦＧ,7322,東P,,"2,296",+34,+1.50%,620,14.0倍,1.02倍,2.18%
20261006,849,ＲＳテクノ,3445,東P,,"6,620",+30,+0.46%,619,17.6倍,1.96倍,0.83%
20261006,850,大和オフィス,8976,東Ｒ,,"292,900","+2,000",+0.69%,616,20.9倍,1.12倍,4.90%
20261006,851,クラボウ,3106,東P,,"2,500",+46,+1.87%,615,13.3倍,1.45倍,2.65%
20261006,852,ＨＵＬＩＣＲ,3295,東Ｒ,,"140,700","+1,300",+0.93%,612,18.0倍,1.00倍,5.69%
20261006,853,因幡電産,9934,東P,,"3,197.0",+34.0,+1.07%,611,15.2倍,1.73倍,2.66%
20261006,854,おきなわＦＧ,7350,東P,,"8,040",+180,+2.29%,611,14.3倍,1.04倍,2.49%
20261006,855,ＦＰＧ,7148,東P,,"1,595",+5,+0.31%,610,8.61倍,2.23倍,5.81%
20261006,856,エスペック,6859,東P,,"4,340",+75,+1.76%,605,15.4倍,1.52倍,2.65%
20261006,857,三井不商業,8964,東Ｒ,,"72,900",+300,+0.41%,604,16.6倍,1.12倍,6.09%
20261006,858,東洋紡,3101,東P,,"1,684",+9,+0.54%,604,21.2倍,0.70倍,2.38%
20261006,859,ＮＳＤ,9759,東P,,"2,961.5",+13.0,+0.44%,600,16.8倍,3.26倍,3.38%
20261006,860,ＧＸ半導１０,282A,東Ｅ,,"2,710",+47,+1.76%,590,ー倍,ー倍,ー%
20261006,861,東京製鉄,5423,東P,,"1,690",+34,+2.05%,590,171倍,0.79倍,2.37%
20261006,862,オリコ,8585,東P,,789,-1,-0.13%,588,10.4倍,0.55倍,5.07%
20261006,863,ハイデ日高,7611,東P,,"2,925",-11,-0.37%,586,22.6倍,3.82倍,1.91%
20261006,864,ノジマ,7419,東P,,"1,250",+22,+1.79%,585,7.54倍,1.43倍,1.60%
20261006,865,ＧＸＮデカバ,563A,東Ｅ,,"1,083",+8,+0.74%,584,ー倍,ー倍,ー%
20261006,866,ＥＲＴＨ,6072,東S,,"1,128",-2,-0.18%,581,ー倍,18.2倍,ー%
20261006,867,福山運,9075,東P,,"6,100",+10,+0.16%,581,12.6倍,0.76倍,1.64%
20261006,868,オキサイド,6521,東G,,"3,500",+75,+2.19%,581,68.2倍,8.51倍,ー%
20261006,869,雪印メグ,2270,東P,,"3,485",-5,-0.14%,579,8.44倍,0.85倍,2.87%
20261006,870,東邦ＨＤ,8129,東P,,"3,676.0",+33.0,+0.91%,579,18.6倍,0.90倍,4.90%
20261006,871,ＴＳテック,7313,東P,,"1,759.0",+12.5,+0.72%,578,25.7倍,0.66倍,5.23%
20261006,872,荒川化,4968,東P,,"2,538",+38,+1.52%,576,22.4倍,0.78倍,2.17%
20261006,873,ｉＦＴＰ年４,2625,東Ｅ,,"4,234",+55,+1.32%,575,ー倍,ー倍,ー%
20261006,874,みずほリース,8425,東P,,"1,286",+4,+0.31%,574,6.93倍,0.80倍,4.04%
20261006,875,日本ロジ,8967,東Ｒ,,"87,200",+300,+0.35%,571,20.2倍,1.69倍,5.05%
20261006,876,ＧＭＯインタ,4784,東P,,508,-1,-0.20%,566,26.2倍,4.58倍,4.23%
20261006,877,Ｊプライム,8955,東Ｒ,,"89,600",+700,+0.79%,564,22.6倍,1.27倍,4.80%
20261006,878,北川精機,6327,東S,,"3,410",+100,+3.02%,563,34.4倍,4.42倍,0.73%
20261006,879,カルビー,2229,東P,,"3,024.0",+8.0,+0.27%,560,21.1倍,1.77倍,2.28%
20261006,880,東急ＲＥ,8957,東Ｒ,,"181,500","+3,600",+2.02%,558,29.8倍,1.38倍,4.44%
20261006,881,クリレスＨＤ,3387,東P,,777,0,0.00%,557,61.5倍,7.71倍,0.64%
20261006,882,ＡＣＳＬ,6232,東G,,"1,300",-14,-1.07%,557,ー倍,10.9倍,ー%
20261006,883,クオンツ総研,9552,東P,,"1,102",+83,+8.15%,557,16.4倍,14.9倍,ー%
20261006,884,有沢製,5208,東P,,"2,950",+25,+0.85%,551,21.5倍,1.95倍,3.73%
20261006,885,オーディオＳ,621A,東G,,"1,355",-45,-3.21%,550,17.2倍,4.97倍,ー%
20261006,886,森ヒルズＲ,3234,東Ｒ,,"118,200",+600,+0.51%,544,20.0倍,1.10倍,5.25%
20261006,887,ＵＮＥＸＴ,9418,東P,,"1,772",+12,+0.68%,542,17.3倍,2.99倍,0.96%
20261006,888,日本リート,3296,東Ｒ,,"76,400",-300,-0.39%,541,16.9倍,1.00倍,6.02%
20261006,889,南都銀,8367,東P,,"2,080",+49,+2.41%,541,14.9倍,1.07倍,2.69%
20261006,890,サイボウズ,4776,東P,,"2,960",+12,+0.41%,540,17.9倍,7.60倍,1.69%
20261006,891,東洋炭素,5310,東P,,"7,990",+90,+1.14%,539,33.5倍,1.72倍,1.81%
20261006,892,ＡＰＩ,3279,東Ｒ,,"125,300","+1,100",+0.89%,538,17.3倍,1.11倍,5.23%
20261006,893,三洋化,4471,東P,,"1,707",+43,+2.58%,536,13.7倍,0.93倍,2.93%
20261006,894,トライアイズ,4840,東S,,951,+108,+12.81%,535,34.7倍,1.75倍,1.16%
20261006,895,ＴＲＥＨＤ,9247,東P,,"1,770",+51,+2.97%,535,16.7倍,1.01倍,2.82%
20261006,896,ウエストＨＤ,1407,東S,,"2,228",+13,+0.59%,534,13.4倍,2.52倍,3.14%
20261006,897,三井不アコモ,3226,東Ｒ,,"110,500",+400,+0.36%,533,20.8倍,1.82倍,4.34%
20261006,898,西華産,8061,東P,,"3,125",+60,+1.96%,532,13.1倍,2.06倍,3.36%
20261006,899,アンドＳＴ,2685,東P,,"3,010",-10,-0.33%,532,13.3倍,1.62倍,2.99%
20261006,900,テスＨＤ,5074,東P,,542,-2,-0.37%,528,21.3倍,0.73倍,1.77%
20261006,901,佐賀銀,8395,東P,,"7,240",+200,+2.84%,527,13.2倍,0.93倍,1.52%
20261006,902,ムニノバＨＤ,547A,東P,,424,+3,+0.71%,527,6.35倍,0.83倍,4.72%
20261006,903,奥村組,1833,東P,,"5,330",0,0.00%,523,12.4倍,1.00倍,5.63%
20261006,904,岩井コスモ,8707,東P,,"4,680",+85,+1.85%,523,ー倍,1.48倍,ー%
20261006,905,サンフロ不,8934,東P,,"2,193",+2,+0.09%,523,7.21倍,0.93倍,3.65%
20261006,906,オプテクスＧ,6914,東P,,"3,405",+15,+0.44%,523,15.8倍,2.04倍,2.23%
20261006,907,ｉＦＥナ百無,2840,東Ｅ,,"2,840",+36,+1.28%,522,ー倍,ー倍,ー%
20261006,908,トモニＨＤ,8600,東P,,"1,223",+35,+2.95%,522,13.2倍,0.78倍,2.45%
20261006,909,Ｋ＆Ｏエナジ,1663,東P,,"1,918",+28,+1.48%,521,15.1倍,0.93倍,2.29%
20261006,910,エディオン,2730,東P,,"2,425",+22,+0.92%,520,16.4倍,1.07倍,2.06%
20261006,911,ギフトＨＤ,9279,東P,,"2,126",+34,+1.63%,516,28.2倍,6.80倍,0.68%
20261006,912,アニコムＨＤ,8715,東P,,"1,044",+24,+2.35%,515,23.4倍,2.59倍,1.29%
20261006,913,東洋合成,4970,東S,,"11,280",+120,+1.08%,514,23.6倍,3.11倍,0.44%
20261006,914,ＣＡＩＣＡＤ,2315,東S,,66,-1,-1.49%,509,125倍,2.07倍,ー%
20261006,915,日本駐車場,2353,東P,,257,+1,+0.39%,509,13.2倍,3.91倍,3.89%
20261006,916,フジシール,7864,東P,,"3,390",+50,+1.50%,508,11.8倍,1.10倍,2.57%
20261006,917,ニッタ,5186,東P,,"7,080",+250,+3.66%,507,13.0倍,1.15倍,2.40%
20261006,918,ＤＴＳ,9682,東P,,"1,087",-6,-0.55%,506,14.4倍,2.81倍,3.50%
20261006,919,サムティＲ,3459,東Ｒ,,"80,800",-200,-0.25%,502,16.6倍,0.82倍,6.90%
20261006,920,ＧＥＮＤＡ,9166,東G,,639,-1,-0.16%,499,ー倍,1.80倍,1.25%
20261006,921,キッツ,6498,東P,,"2,136",+19,+0.90%,499,13.9倍,1.50倍,2.90%
20261006,922,住友倉,9303,東P,,"4,130",+20,+0.49%,498,18.1倍,0.99倍,2.49%
20261006,923,カヤバ,7242,東P,,"1,583",+42,+2.73%,497,12.0倍,0.82倍,3.41%
20261006,924,日清オイリオ,2602,東P,,"1,981",-13,-0.65%,496,15.1倍,0.85倍,3.03%
20261006,925,エフピコ,7947,東P,,"2,747",+18,+0.66%,496,ー倍,1.36倍,2.66%
20261006,926,レスター,3156,東P,,"6,410",+110,+1.75%,495,13.4倍,1.84倍,2.26%
20261006,927,ＳＨＯＥＩ,7839,東P,,"2,259",+52,+2.36%,494,19.5倍,3.56倍,2.66%
20261006,928,東芝テック,6588,東P,,"2,913",+44,+1.53%,493,22.1倍,1.62倍,1.37%
20261006,929,大平金,5541,東P,,"2,499",+4,+0.16%,491,325倍,0.70倍,5.20%
20261006,930,バンクオブイ,4393,東G,,"6,390",+320,+5.27%,490,14.9倍,3.72倍,ー%
20261006,931,富山第一銀,7184,東P,,"3,820",+110,+2.96%,489,17.9倍,1.21倍,1.96%
20261006,932,大有機,4187,東P,,"4,735",+60,+1.28%,488,18.5倍,1.77倍,1.82%
20261006,933,松屋,8237,東P,,"2,172",-26,-1.18%,488,221倍,4.22倍,0.55%
20261006,934,青山商,8219,東P,,717,+3,+0.42%,486,13.4倍,0.58倍,5.30%
20261006,935,アリアケ,2815,東P,,"5,050",+20,+0.40%,484,16.5倍,1.20倍,5.94%
20261006,936,ジェイエイシ,2124,東P,,"1,042",+4,+0.39%,482,19.0倍,7.47倍,3.65%
20261006,937,三井倉ＨＤ,9302,東P,,"3,275.0",+10.0,+0.31%,480,19.6倍,1.80倍,1.53%
20261006,938,ｉＳ米２０Ｈ,2621,東Ｅ,,940,-5,-0.53%,478,ー倍,ー倍,ー%
20261006,939,愛媛銀,8541,東P,,"3,645",+65,+1.82%,476,21.9倍,0.98倍,1.32%
20261006,940,ｉＦ日経年４,2624,東Ｅ,,"7,161",+103,+1.46%,475,ー倍,ー倍,ー%
20261006,941,ライフネット,7157,東P,,"1,505",+9,+0.60%,473,14.8倍,1.28倍,ー%
20261006,942,Ｌドリンク,2585,東P,,"1,313",+8,+0.61%,472,16.2倍,4.04倍,1.14%
20261006,943,ＤＣＭ,3050,東P,,"1,516",+6,+0.40%,472,11.9倍,0.71倍,3.17%
20261006,944,ガンホー,3765,東P,,"2,360",-9,-0.38%,472,ー倍,1.08倍,ー%
20261006,945,中電工,1941,東P,,"5,130",+20,+0.39%,472,13.8倍,1.07倍,2.73%
20261006,946,オカムラ,7994,東P,,"2,204",+8,+0.36%,470,9.89倍,1.02倍,4.76%
20261006,947,日本化,4092,東P,,"5,730",-20,-0.35%,469,11.0倍,0.89倍,4.19%
20261006,948,ジャックス,8584,東P,,"3,430",+15,+0.44%,468,15.4倍,0.51倍,5.83%
20261006,949,セレス,3696,東P,,"2,335",+44,+1.92%,467,4.49倍,2.02倍,3.85%
20261006,950,星野Ｒリート,3287,東Ｒ,,"228,100",-400,-0.18%,462,17.0倍,0.91倍,5.87%
20261006,951,パイロット,7846,東P,,"2,138.5",+30.5,+1.45%,460,15.0倍,1.55倍,2.10%
20261006,952,イオレ,2334,東G,,587,+6,+1.03%,460,19.9倍,5.69倍,ー%
20261006,953,ＥＩＺＯ,6737,東P,,"3,200",0,0.00%,460,18.5倍,0.60倍,3.59%
20261006,954,ＷＮＩウェザ,4825,東P,,"1,964",+16,+0.82%,459,22.7倍,3.66倍,2.55%
20261006,955,西川ゴム,5161,東S,,"3,380",-45,-1.31%,458,18.9倍,1.41倍,5.44%
20261006,956,ライフコーポ,8194,東P,,"2,579",+6,+0.23%,458,11.7倍,1.42倍,2.71%
20261006,957,マックス,6454,東P,,"1,909",+23,+1.22%,456,22.3倍,2.97倍,2.10%
20261006,958,アクセル,6730,東S,,"1,730",+40,+2.37%,454,11.0倍,1.34倍,4.57%
20261006,959,原田工業,6904,東S,,925,+44,+4.99%,454,32.6倍,1.29倍,1.08%
20261006,960,東急建設,1720,東P,,"1,170",-12,-1.02%,454,11.3倍,1.12倍,3.68%
20261006,961,日本高純度,4973,東P,,"5,120",+20,+0.39%,452,13.7倍,1.34倍,4.49%
20261006,962,ビジョン,9416,東P,,"1,010",-29,-2.79%,451,9.45倍,2.42倍,5.05%
20261006,963,カゴメ,2811,東P,,"2,634.0",-2.0,-0.08%,450,22.7倍,1.23倍,2.20%
20261006,964,ミラースＲ,3492,東Ｒ,,"76,400",+400,+0.53%,449,15.3倍,0.86倍,7.07%
20261006,965,石原産,4028,東P,,"2,838",+29,+1.03%,449,ー倍,0.85倍,4.58%
20261006,966,日本通信,9424,東P,,122,+3,+2.52%,446,ー倍,4.37倍,ー%
20261006,967,森トラストＲ,8961,東Ｒ,,"67,500",+300,+0.45%,445,18.6倍,1.02倍,5.37%
20261006,968,スバル,9632,東S,,"4,885",+235,+5.05%,443,20.3倍,1.65倍,1.64%
20261006,969,上場ＳＰ５百,1547,東Ｅ,,"13,400",+155,+1.17%,442,ー倍,ー倍,ー%
20261006,970,東海道リート,2989,東Ｒ,,"88,000",+100,+0.11%,442,14.5倍,0.84倍,6.88%
20261006,971,サイバトラス,4498,東G,,"1,244",+87,+7.52%,441,16.5倍,2.73倍,1.13%
20261006,972,アスクル,2678,東P,,"1,185",-6,-0.50%,441,26.5倍,2.29倍,1.69%
20261006,973,ｉＳ米債７Ｈ,1482,東Ｅ,,"1,479",-3,-0.20%,440,ー倍,ー倍,ー%
20261006,974,東計電算,4746,東S,,"2,012",+39,+1.98%,438,16.9倍,2.50倍,5.92%
20261006,975,Ｊｏｓｈｉｎ,8173,東P,,"4,250",-15,-0.35%,438,31.4倍,1.03倍,2.35%
20261006,976,東和薬品,4553,東P,,"3,620",+120,+3.43%,437,8.29倍,0.98倍,2.35%
20261006,977,ミルボン,4919,東P,,"3,235",-15,-0.46%,436,22.2倍,2.03倍,2.72%
20261006,978,伊藤米久ＨＤ,2296,東P,,"4,825",+30,+0.63%,434,14.8倍,0.93倍,3.21%
20261006,979,琉球銀,8399,東P,,"3,305",+50,+1.54%,433,13.6倍,0.93倍,2.97%
20261006,980,ＴＯＫＡＩ,3167,東P,,"1,331",+4,+0.30%,431,15.4倍,1.64倍,2.85%
20261006,981,理計器,7734,東P,,"3,665",+50,+1.38%,429,17.4倍,1.91倍,1.64%
20261006,982,ボードルア,4413,東P,,"2,985",+32,+1.08%,429,29.7倍,11.5倍,ー%
20261006,983,くら寿司,2695,東P,,"1,664",-11,-0.66%,427,44.1倍,2.04倍,0.90%
20261006,984,ＯＢＡＲＡＧ,6877,東S,,"6,360",+200,+3.25%,427,12.1倍,1.19倍,2.36%
20261006,985,コーセル,6905,東P,,"1,527",0,0.00%,427,24.2倍,1.21倍,3.93%
20261006,986,ヒーハイスト,6433,東S,,"1,213",-53,-4.19%,425,82.2倍,3.60倍,0.16%
20261006,987,ＡＤプラズマ,6668,東S,,"5,010",-10,-0.20%,425,23.1倍,2.93倍,0.60%
20261006,988,ポーラＨＤ,4927,東P,,"1,341.5",+1.0,+0.07%,424,33.0倍,1.84倍,3.88%
20261006,989,金先物Ｗブル,2036,東EN,,"142,000","-1,300",-0.91%,424,ー倍,ー倍,ー%
20261006,990,ＭＸトピクス,1348,東Ｅ,,"4,378",+45,+1.04%,423,ー倍,ー倍,ー%
20261006,991,乃村工芸社,9716,東P,,"1,198",-8,-0.66%,422,14.5倍,2.29倍,3.67%
20261006,992,コクヨ,7984,東P,,853.3,+0.5,+0.06%,422,17.3倍,1.38倍,2.87%
20261006,993,鉄建建設,1815,東P,,"2,231",+11,+0.50%,421,9.87倍,0.82倍,5.15%
20261006,994,信越ポリ,7970,東P,,"2,513",+54,+2.20%,420,19.3倍,1.55倍,2.63%
20261006,995,レノバ,9519,東P,,820,+8,+0.99%,420,21.8倍,0.56倍,ー%
20261006,996,ジョイ本田,3191,東P,,"2,219",-2,-0.09%,418,20.3倍,1.06倍,ー%
20261006,997,椿本チ,6371,東P,,"2,678",+11,+0.41%,417,12.3倍,0.91倍,2.99%
20261006,998,日曹達,4041,東P,,"3,720",+30,+0.81%,416,12.6倍,0.94倍,4.30%
20261006,999,ダスキン,4665,東P,,"4,652",+59,+1.28%,416,20.7倍,1.40倍,2.90%
20261006,1000,京阪神ビル,8818,東P,,970,-4,-0.41%,415,13.2倍,1.10倍,3.09%
20261006,1001,乾汽船,9308,東S,,"2,283",+83,+3.77%,413,15.1倍,1.51倍,1.99%
20261006,1002,スターアジア,3468,東Ｒ,,"52,900",+100,+0.19%,412,13.7倍,0.98倍,6.64%
20261006,1003,石川製,6208,東S,,"1,772",+22,+1.26%,412,17.3倍,1.79倍,1.13%
20261006,1004,東亜道,1882,東P,,"1,544",+2,+0.13%,409,17.1倍,1.40倍,5.83%
20261006,1005,スマレジ,4431,東G,,"3,780",+220,+6.18%,409,26.2倍,7.41倍,0.77%
20261006,1006,伯東,7433,東P,,"1,876",+16,+0.86%,408,16.6倍,1.53倍,4.53%
20261006,1007,西松屋チェ,7545,東P,,"1,937",-2,-0.10%,408,13.8倍,1.16倍,1.70%
20261006,1008,グンゼ,3002,東P,,"4,040",+20,+0.50%,407,24.4倍,1.18倍,5.35%
20261006,1009,いちごオフィ,8975,東Ｒ,,"91,600",+300,+0.33%,407,6.28倍,1.34倍,15.9%
20261006,1010,テクノ菱和,1965,東S,,"2,362",0,0.00%,407,12.3倍,2.15倍,2.51%
20261006,1011,ワコールＨＤ,3591,東P,,"3,618.0",+45.0,+1.26%,404,99.5倍,0.84倍,2.76%
20261006,1012,ジャスト,4686,東P,,"4,510",+50,+1.12%,403,ー倍,2.37倍,0.67%
20261006,1013,シップＨＤ,3360,東P,,"2,468.5",+14.0,+0.57%,402,13.9倍,1.52倍,2.63%
20261006,1014,上場東証指数,1308,東Ｅ,,"4,346",+40,+0.93%,400,ー倍,ー倍,ー%
20261006,1015,エムアップ,3661,東P,,834,+33,+4.12%,399,16.7倍,6.91倍,2.88%
20261006,1016,北日銀,8551,東P,,"3,030",+92,+3.13%,399,16.3倍,0.76倍,2.11%
20261006,1017,オークネット,3964,東P,,"1,378",-2,-0.14%,398,16.1倍,4.22倍,5.95%
20261006,1018,フィーチャ,4052,東G,,995,-22,-2.16%,398,132倍,8.00倍,ー%
20261006,1019,東和銀,8558,東P,,"1,584",+51,+3.33%,396,10.2倍,0.66倍,3.16%
20261006,1020,東映,9605,東P,,"5,870",+80,+1.38%,395,29.1倍,1.24倍,0.20%
20261006,1021,メタウォータ,9551,東P,,"3,175",+30,+0.95%,394,13.9倍,1.58倍,2.52%
20261006,1022,大紀ア,5702,東P,,"1,726",+8,+0.47%,394,5.62倍,0.87倍,5.21%
20261006,1023,ＳＰＤＲ５百,1557,東Ｅ,,"122,700","+1,350",+1.11%,394,ー倍,ー倍,ー%
20261006,1024,ノーリツ鋼機,7744,東P,,"1,991",+30,+1.53%,393,12.6倍,0.91倍,3.77%
20261006,1025,富士急,9010,東P,,"2,631",+31,+1.19%,392,24.3倍,3.34倍,1.25%
20261006,1026,アイサンテク,4667,東S,,"1,093",+37,+3.50%,392,31.7倍,2.76倍,1.37%
20261006,1027,プレミアＧ,7199,東P,,"2,119",+33,+1.58%,391,11.9倍,3.21倍,3.02%
20261006,1028,菱鉛筆,7976,東P,,"3,450",+5,+0.15%,391,21.6倍,1.26倍,1.65%
20261006,1029,平和ＨＤ,6412,東P,,"2,009",+4,+0.20%,391,9.76倍,0.78倍,3.98%
20261006,1030,コシダカＨＤ,2157,東P,,979,+4,+0.41%,390,11.4倍,2.18倍,2.86%
20261006,1031,浅沼組,1852,東P,,850,-1,-0.12%,389,13.1倍,1.39倍,5.29%
20261006,1032,エヌピーシー,6255,東G,,773,+15,+1.98%,388,33.7倍,1.59倍,1.29%
20261006,1033,泉州電,9824,東P,,"8,330",+70,+0.85%,387,15.5倍,2.26倍,2.04%
20261006,1034,メドレー,4480,東P,,"2,294",+2,+0.09%,387,38.5倍,4.63倍,0.78%
20261006,1035,極東開発,7226,東P,,"2,149",+12,+0.56%,384,16.6倍,0.74倍,5.58%
20261006,1036,中部鋼鈑,5461,東P,,"2,174",+49,+2.31%,384,191倍,0.78倍,5.20%
20261006,1037,テクノフレ,3449,東S,,"4,740",+55,+1.17%,383,21.2倍,3.13倍,1.35%
20261006,1038,オリバー,619A,東S,,317,-8,-2.46%,382,12.1倍,1.80倍,5.78%
20261006,1039,ａｒｔｉｅｎ,4634,東P,,"5,110",+20,+0.39%,382,11.4倍,0.85倍,2.35%
20261006,1040,岡三,8609,東P,,"1,236",+15,+1.23%,381,ー倍,1.06倍,ー%
20261006,1041,パーカライ,4095,東P,,"1,796",+6,+0.34%,380,13.5倍,0.93倍,2.78%
20261006,1042,中国塗,4617,東P,,"3,630",+50,+1.40%,380,16.4倍,1.86倍,2.75%
20261006,1043,東海理,6995,東P,,"3,065",+20,+0.66%,380,13.1倍,0.75倍,3.92%
20261006,1044,イズミ,8273,東P,,943,+6,+0.64%,378,11.4倍,0.67倍,3.18%
20261006,1045,Ｒみらい,3476,東Ｒ,,"39,000",0,0.00%,378,15.1倍,0.85倍,6.62%
20261006,1046,カーブスＨＤ,7085,東P,,915,+12,+1.33%,374,16.8倍,3.41倍,3.28%
20261006,1047,オンワード,8016,東P,,704,+6,+0.86%,373,8.57倍,1.02倍,4.69%
20261006,1048,ＦＩＧ,4392,東P,,913,-3,-0.33%,372,47.2倍,2.84倍,1.10%
20261006,1049,堺化学,4078,東P,,"3,765",-15,-0.40%,371,13.1倍,0.70倍,4.25%
20261006,1050,セ硝子,4044,東P,,"4,650",+145,+3.22%,370,14.4倍,0.90倍,3.66%
20261006,1051,やまびこ,6250,東P,,"4,400",+25,+0.57%,370,10.9倍,1.37倍,2.50%
20261006,1052,渋谷工,6340,東P,,"5,810",+70,+1.22%,368,14.6倍,1.35倍,2.07%
20261006,1053,ＴＡＢＡＹＡ,7606,東P,,"2,399",+8,+0.33%,368,10.4倍,1.53倍,4.67%
20261006,1054,ストライクＧ,6196,東P,,"1,382",0,0.00%,367,14.0倍,3.71倍,4.70%
20261006,1055,ブルーゾーン,417A,東P,,"1,834.5",+13.5,+0.74%,366,15.5倍,1.81倍,1.74%
20261006,1056,シークス,7613,東P,,"1,672",+45,+2.77%,365,9.61倍,0.72倍,2.99%
20261006,1057,ウイングアク,4432,東P,,"3,320",-15,-0.45%,365,15.5倍,2.53倍,3.25%
20261006,1058,ニップン,2001,東P,,"2,784",-2,-0.07%,364,10.9倍,0.82倍,2.44%
20261006,1059,山岡家,3399,東S,,"4,070",+110,+2.78%,363,21.9倍,7.25倍,0.74%
20261006,1060,図研,6947,東P,,"5,530",+20,+0.36%,363,20.5倍,2.84倍,2.71%
20261006,1061,ｉＦ高配４０,1651,東Ｅ,,"3,285",+25,+0.77%,361,ー倍,ー倍,ー%
20261006,1062,ＳＲＥＨＤ,2980,東P,,"2,337",+34,+1.48%,361,13.3倍,2.34倍,0.86%
20261006,1063,マイポックス,5381,東S,,"1,167",+27,+2.37%,361,18.1倍,1.79倍,0.86%
20261006,1064,日軽金ＨＤ,5703,東P,,"2,864",+31,+1.09%,361,10.4倍,0.70倍,3.84%
20261006,1065,アイスタイル,3660,東P,,469,-3,-0.64%,361,31.8倍,1.97倍,0.43%
20261006,1066,ＫＨネオケム,4189,東P,,"3,450",+25,+0.73%,359,13.9倍,1.62倍,3.77%
20261006,1067,レイズネク,6379,東P,,962,-30,-3.02%,356,17.3倍,1.76倍,4.09%
20261006,1068,菱地所物流Ｒ,3481,東Ｒ,,"108,300",+800,+0.74%,355,19.1倍,1.03倍,5.75%
20261006,1069,野村ＳＰＨ無,2633,東Ｅ,,567.9,+7.2,+1.28%,355,ー倍,ー倍,ー%
20261006,1070,メニコン,7780,東P,,"1,800",+8,+0.45%,355,20.6倍,1.40倍,1.56%
20261006,1071,旭ダイヤ,6140,東P,,"1,161",+17,+1.49%,355,15.1倍,0.87倍,2.93%
20261006,1072,ＧＲＣＳ,9250,東G,Ｓ,"1,379",+300,+27.80%,354,30.8倍,-71倍,ー%
20261006,1073,丸全運,9068,東P,,"3,550",-5,-0.14%,354,10.5倍,0.94倍,3.10%
20261006,1074,栗本鉄,5602,東P,,"1,615",+12,+0.75%,352,12.7倍,1.01倍,3.72%
20261006,1075,京三,6742,東P,,"1,189",+15,+1.28%,352,17.5倍,1.35倍,2.27%
20261006,1076,リケンテクノ,4220,東P,,"2,408",+13,+0.54%,352,11.3倍,1.57倍,3.53%
20261006,1077,ヴィッツ,4440,東S,,"2,458",-42,-1.68%,352,21.9倍,3.08倍,0.73%
20261006,1078,モスフード,8153,東P,,"3,785",+10,+0.26%,352,32.3倍,1.99倍,0.90%
20261006,1079,ベル２４ＨＤ,6183,東P,,"1,285",+4,+0.31%,351,11.2倍,1.29倍,4.67%
20261006,1080,野村金連動,1328,東Ｅ,,"15,445",-15,-0.10%,350,ー倍,ー倍,ー%
20261006,1081,ノエビアＨＤ,4928,東P,,"4,405",-15,-0.34%,349,18.4倍,2.95倍,5.22%
20261006,1082,愛知鋼,5482,東P,,"3,010",+41,+1.38%,348,17.1倍,0.82倍,4.98%
20261006,1083,クオールＨＤ,3034,東P,,"2,386",+48,+2.05%,348,11.5倍,1.51倍,2.26%
20261006,1084,松田産業,7456,東P,,"6,700",+20,+0.30%,348,8.40倍,1.38倍,1.79%
20261006,1085,オリオン,409A,東P,,"1,049",-1,-0.10%,346,15.2倍,2.52倍,3.24%
20261006,1086,リョー菱ＨＤ,167A,東P,,"3,275",+25,+0.77%,345,17.5倍,0.95倍,4.27%
20261006,1087,長野計器,7715,東P,,"4,490",-75,-1.64%,345,19.4倍,1.65倍,1.34%
20261006,1088,タダノ,6395,東P,,"1,357",+1,+0.07%,344,12.3倍,0.79倍,2.51%
20261006,1089,ブレインズ,4075,東G,,"1,475",+109,+7.98%,343,49.9倍,4.68倍,ー%
20261006,1090,第一興商,7458,東P,,"1,750.5",+8.0,+0.46%,343,14.4倍,1.47倍,3.88%
20261006,1091,ＮＴＴ都市Ｒ,8956,東Ｒ,,"121,900",+300,+0.25%,342,19.9倍,1.21倍,5.09%
20261006,1092,Ｍ＆Ａキャピ,6080,東P,,"4,385",+100,+2.33%,341,18.2倍,2.92倍,1.65%
20261006,1093,ライト,1926,東P,,947,-3,-0.32%,341,13.2倍,1.84倍,3.85%
20261006,1094,フューチャー,4722,東P,,"2,426",0,0.00%,341,18.2倍,3.24倍,0.99%
20261006,1095,コメリ,8218,東P,,"3,750",+40,+1.08%,339,11.6倍,0.66倍,1.55%
20261006,1096,ユナイテド海,9110,東P,,"10,510",0,0.00%,338,9.91倍,1.31倍,ー%
20261006,1097,イノテック,9880,東P,,"4,005",+35,+0.88%,336,9.23倍,1.78倍,3.25%
20261006,1098,スターシーズ,3083,東S,,"1,084",-16,-1.45%,336,15.4倍,3.87倍,0.92%
20261006,1099,前田工繊,7821,東P,,"1,951",+20,+1.04%,334,13.6倍,1.71倍,1.64%
20261006,1100,タクマ,6013,東P,,"3,005",0,0.00%,334,14.0倍,1.95倍,3.59%
20261006,1101,タスキＨＤ,166A,東P,,976,-5,-0.51%,333,10.4倍,1.87倍,5.12%
20261006,1102,ディップ,2379,東P,,"1,765",+4,+0.23%,331,19.8倍,2.65倍,5.50%
20261006,1103,エン,4849,東P,,"1,749",+24,+1.39%,331,12.1倍,1.93倍,3.91%
20261006,1104,Ｊトラスト,8508,東S,,798,+10,+1.27%,329,12.7倍,0.64倍,2.13%
20261006,1105,平和不,8803,東P,,"2,236",+6,+0.27%,329,12.9倍,1.19倍,4.61%
20261006,1106,三井松島ＨＤ,1518,東P,,"2,242",+11,+0.49%,329,9.65倍,1.43倍,5.80%
20261006,1107,アオイ電子,6832,東S,,"2,839",+90,+3.27%,328,143倍,0.76倍,1.90%
20261006,1108,丹青社,9743,東P,,"1,382",+15,+1.10%,327,11.1倍,1.65倍,5.79%
20261006,1109,松竹,9601,東P,,"10,720",+10,+0.09%,326,67.0倍,1.40倍,0.28%
20261006,1110,モルフォ,3653,東G,,985,-43,-4.18%,326,ー倍,1.86倍,ー%
20261006,1111,亀田製菓,2220,東P,,"1,234",+23,+1.90%,324,18.2倍,0.75倍,1.94%
20261006,1112,サン電子,6736,東S,,"9,220",-340,-3.56%,323,26.1倍,4.03倍,ー%
20261006,1113,サンワテク,8137,東P,,"4,815",-50,-1.03%,323,17.9倍,1.34倍,2.70%
20261006,1114,カーバイド,4064,東P,,"3,855",+50,+1.31%,322,11.6倍,0.93倍,3.48%
20261006,1115,フジコピアン,7957,東S,,"2,051",-12,-0.58%,321,2.54倍,0.37倍,8.29%
20261006,1116,スターツ,8850,東P,,"4,560",+55,+1.22%,321,8.31倍,1.13倍,3.29%
20261006,1117,ユトリ,5892,東G,,"2,990",+58,+1.98%,321,20.4倍,8.48倍,ー%
20261006,1118,ヨコレイ,2874,東P,,"1,849",-31,-1.65%,321,17.4倍,1.29倍,1.46%
20261006,1119,藤コンポ,5121,東P,,"3,165",+90,+2.93%,320,15.3倍,1.47倍,2.72%
20261006,1120,アドソル日進,3837,東P,,"1,367",+65,+4.99%,320,14.3倍,3.49倍,3.51%
20261006,1121,内外テック,3374,東S,,"5,370",+120,+2.29%,319,11.2倍,1.43倍,2.68%
20261006,1122,ＹＥデジタル,2354,東S,,"1,177",-18,-1.51%,319,13.3倍,2.70倍,2.55%
20261006,1123,ステラケミ,4109,東P,,"5,630",+80,+1.44%,319,19.8倍,1.41倍,3.20%
20261006,1124,セカリテ,2681,東P,,"2,208",-37,-1.65%,317,14.6倍,0.87倍,1.54%
20261006,1125,わらべ日洋,2918,東P,,"2,644",+6,+0.23%,316,9.55倍,0.77倍,4.54%
20261006,1126,カナモト,9678,東P,,"5,350",-20,-0.37%,315,14.0倍,1.17倍,2.06%
20261006,1127,アズワン,7476,東P,,"2,492.0",+21.0,+0.85%,315,19.1倍,2.34倍,2.65%
20261006,1128,インテグラル,5842,東G,,"2,752",-58,-2.06%,315,ー倍,1.33倍,1.34%
20261006,1129,ＷＳＣＯＰＥ,6619,東P,,151,+6,+4.14%,315,ー倍,0.23倍,ー%
20261006,1130,ベルテックス,623A,東S,,606,-24,-3.81%,314,5.46倍,1.25倍,4.13%
20261006,1131,エクセレント,8987,東Ｒ,,"126,700",-100,-0.08%,312,14.8倍,1.11倍,4.89%
20261006,1132,ミライニＨＤ,546A,東P,,"2,631",-41,-1.53%,311,5.96倍,1.03倍,3.65%
20261006,1133,ブシロード,7803,東G,,468,+9,+1.96%,311,14.9倍,2.19倍,0.64%
20261006,1134,フロンテオ,2158,東G,,703,+35,+5.24%,309,184倍,7.74倍,ー%
20261006,1135,菱製鋼,5632,東P,,"2,515",+107,+4.44%,306,12.3倍,0.78倍,4.14%
20261006,1136,ＪＥＨ,5889,東P,,"2,156",-8,-0.37%,305,11.9倍,2.68倍,3.99%
20261006,1137,カッパクリエ,7421,東P,,"1,461",-15,-1.02%,305,77.1倍,7.64倍,ー%
20261006,1138,マニー,7730,東P,,"1,479",+13,+0.89%,305,21.4倍,2.55倍,2.77%
20261006,1139,マクセル,6810,東P,,"2,668",+34,+1.29%,304,14.7倍,1.09倍,2.10%
20261006,1140,ＬｉＮＫＸ,584A,東G,,"2,463",+30,+1.23%,303,35.4倍,10.0倍,ー%
20261006,1141,ＴＰＸベア２,1356,東Ｅ,,98.6,-2.0,-1.99%,300,ー倍,ー倍,ー%
20261006,1142,セルシス,3663,東P,,"1,828",+7,+0.38%,299,20.3倍,10.1倍,2.84%
20261006,1143,山善,8051,東P,,"2,013",+22,+1.10%,299,17.2倍,1.20倍,2.78%
20261006,1144,コメダ,3543,東P,,"2,797",+1,+0.04%,298,18.5倍,2.53倍,2.22%
20261006,1145,東テク,9960,東P,,"4,270",+60,+1.43%,298,12.8倍,2.35倍,3.00%
20261006,1146,ディアライフ,3245,東P,,939,+3,+0.32%,297,11.4倍,1.39倍,6.82%
20261006,1147,ＧＸテック日,2854,東Ｅ,,"2,968",+49,+1.68%,297,ー倍,ー倍,ー%
20261006,1148,アイスペース,9348,東G,,400,-3,-0.74%,297,ー倍,6.84倍,ー%
20261006,1149,東競馬,9672,東P,,"4,695",+25,+0.54%,295,11.3倍,1.25倍,3.11%
20261006,1150,タマホーム,1419,東P,,"2,835",-25,-0.87%,295,20.5倍,2.77倍,4.59%
20261006,1151,日ヒュム,5262,東P,,"1,063",+4,+0.38%,295,15.9倍,1.00倍,2.45%
20261006,1152,リョービ,5851,東P,,"2,735",+7,+0.26%,294,7.16倍,0.46倍,3.88%
20261006,1153,ＡｎｄＤｏ,3457,東P,,820,-4,-0.49%,294,18.4倍,0.86倍,5.61%
20261006,1154,ＳＦＯＯＤＳ,2292,東P,,"2,657",+5,+0.19%,294,13.0倍,0.64倍,4.14%
20261006,1155,三洋貿易,3176,東P,,"1,194",-3,-0.25%,294,11.4倍,1.22倍,3.35%
20261006,1156,紙パル商,8032,東P,,"1,255",+9,+0.72%,293,17.1倍,1.04倍,2.87%
20261006,1157,ＣＲＥロジ,3487,東Ｒ,,"131,500",+200,+0.15%,292,19.6倍,0.98倍,5.66%
20261006,1158,日本電設,1950,東P,,"3,895",-25,-0.64%,292,12.1倍,1.07倍,3.26%
20261006,1159,東建コーポ,1766,東P,,"12,900",+100,+0.78%,291,9.83倍,1.24倍,3.10%
20261006,1160,アカツキ,3932,東P,,"1,341",+19,+1.44%,291,ー倍,1.26倍,ー%
20261006,1161,４℃ホールデ,8008,東P,,"2,157",+50,+2.37%,290,17.5倍,1.15倍,3.94%
20261006,1162,プレイド,4165,東G,,726,+15,+2.11%,290,61.1倍,5.76倍,ー%
20261006,1163,サーラ,2734,東P,,"1,165",-3,-0.26%,288,12.5倍,0.77倍,2.92%
20261006,1164,ケイアイ不,3465,東P,,"3,130",+35,+1.13%,288,5.04倍,1.28倍,4.79%
20261006,1165,三桜工,6584,東P,,777,+16,+2.10%,286,18.6倍,0.57倍,3.60%
20261006,1166,ＳＰＤＲ,1326,東Ｅ,,"59,910",-160,-0.27%,284,ー倍,ー倍,ー%
20261006,1167,酉島,6363,東P,,"3,030",+40,+1.34%,283,11.2倍,1.30倍,2.24%
20261006,1168,霞ヶ関ホテル,401A,東Ｒ,,"93,200","-1,100",-1.17%,283,14.5倍,0.94倍,7.39%
20261006,1169,サトー,6287,東P,,"2,638",+4,+0.15%,282,11.1倍,0.97倍,3.03%
20261006,1170,岡野バ,6492,東S,,"15,290",-50,-0.33%,281,17.6倍,1.78倍,0.52%
20261006,1171,プリマ,2281,東P,,"2,270",-2,-0.09%,280,15.2倍,0.94倍,3.52%
20261006,1172,サンゲツ,8130,東P,,"3,120",0,0.00%,280,13.6倍,1.51倍,4.97%
20261006,1173,飯野海,9119,東P,,"1,656",+15,+0.91%,279,12.5倍,1.04倍,3.20%
20261006,1174,日本ライフＬ,7575,東P,,"1,475",-6,-0.41%,279,12.9倍,1.61倍,5.49%
20261006,1175,あいＨＤ,3076,東P,,"3,015",+32,+1.07%,279,17.9倍,1.37倍,4.64%
20261006,1176,菊池製作,3444,東S,,"1,155",-22,-1.87%,279,102倍,2.47倍,0.87%
20261006,1177,誠建設,8995,東S,,"1,950",-103,-5.02%,278,56.0倍,0.94倍,1.28%
20261006,1178,ＭＸＪリート,1597,東Ｅ,,"1,717",+14,+0.82%,278,ー倍,ー倍,ー%
20261006,1179,ＢＵＦ,6676,東S,,"3,535",-15,-0.42%,278,13.5倍,1.90倍,1.70%
20261006,1180,ホーチキ,6745,東P,,"1,985",+16,+0.81%,277,16.5倍,2.18倍,2.02%
20261006,1181,ＧＸＮカバコ,2865,東Ｅ,,"1,306",+4,+0.31%,277,ー倍,ー倍,ー%
20261006,1182,イエロハット,9882,東P,,"1,629",+5,+0.31%,276,11.2倍,1.10倍,4.17%
20261006,1183,大真空,6962,東P,,895,+12,+1.36%,276,285倍,0.73倍,3.13%
20261006,1184,上場銀行１０,540A,東Ｅ,,"2,135",+55,+2.64%,276,ー倍,ー倍,ー%
20261006,1185,小森,6349,東P,,"2,003",+40,+2.04%,275,14.4倍,0.83倍,4.99%
20261006,1186,ＰＩ,4290,東P,,666,-1,-0.15%,275,13.9倍,1.70倍,4.20%
20261006,1187,イトーキ,7972,東P,,"2,448",+29,+1.20%,274,10.8倍,1.96倍,3.68%
20261006,1188,シュッピン,3179,東P,,"1,250",0,0.00%,274,14.3倍,2.87倍,3.20%
20261006,1189,ダイトロン,7609,東P,,"4,550",+40,+0.89%,272,14.8倍,2.37倍,2.64%
20261006,1190,ＡＺ丸和ＨＤ,9090,東P,,834,-5,-0.60%,271,13.5倍,1.83倍,3.84%
20261006,1191,アズーム,3496,東P,,"4,585",-25,-0.54%,270,25.7倍,8.96倍,2.75%
20261006,1192,アトム,7412,東S,,311,-2,-0.64%,267,ー倍,17.3倍,ー%
20261006,1193,アルゴグラフ,7595,東P,,"1,228",+18,+1.49%,266,11.7倍,1.78倍,5.29%
20261006,1194,高速,7504,東P,,"4,405",-105,-2.33%,265,21.3倍,2.00倍,2.72%
20261006,1195,生化学,4548,東P,,574,0,0.00%,265,ー倍,0.42倍,3.48%
20261006,1196,ＭＸ日半導体,221A,東Ｅ,,"1,275.5",+6.0,+0.47%,265,ー倍,ー倍,ー%
20261006,1197,東鉄工,1835,東P,,"3,785",+15,+0.40%,265,10.0倍,1.00倍,4.02%
20261006,1198,アライドＨＤ,6835,東S,,287,+18,+6.69%,264,10.2倍,1.39倍,3.14%
20261006,1199,ドトル日レス,3087,東P,,"3,170",0,0.00%,264,17.7倍,1.25倍,1.89%
20261006,1200,ゼリア新薬,4559,東P,,"1,914",+11,+0.58%,263,8.44倍,0.78倍,2.61%
20261006,1201,守谷輸送機,6226,東S,,"2,280",+99,+4.54%,263,18.2倍,5.24倍,1.67%
20261006,1202,ブレーキ,7238,東P,,105,0,0.00%,263,11.4倍,0.56倍,ー%
20261006,1203,横河ブＨＤ,5911,東P,,"2,884",+7,+0.24%,263,13.8倍,0.85倍,4.51%
20261006,1204,日東工,6651,東P,,"4,470",0,0.00%,263,14.6倍,1.38倍,3.45%
20261006,1205,稲畑産,8098,東P,,"4,395",0,0.00%,263,11.2倍,0.97倍,3.25%
20261006,1206,ナガイレーベ,7447,東P,,"1,716",+33,+1.96%,262,19.0倍,1.29倍,4.08%
20261006,1207,地主,3252,東P,,"2,686",+9,+0.34%,262,6.95倍,1.09倍,4.84%
20261006,1208,インソース,6200,東P,,675,+15,+2.27%,262,12.9倍,4.07倍,5.19%
20261006,1209,りたりこ,7366,東P,,"1,989",+14,+0.71%,261,20.6倍,4.83倍,0.75%
20261006,1210,日本空調,4658,東P,,"1,612",+54,+3.47%,261,14.4倍,1.78倍,3.54%
20261006,1211,ＨＰＣシス,6597,東G,,"3,800",+5,+0.13%,260,23.7倍,6.09倍,0.95%
20261006,1212,ブックオフＧ,9278,東P,,"2,938",-19,-0.64%,260,18.4倍,2.44倍,1.36%
20261006,1213,三愛オブリ,8097,東P,,"2,366",+14,+0.60%,259,17.8倍,1.26倍,4.23%
20261006,1214,新明和,7224,東P,,"1,886",+17,+0.91%,259,11.9倍,1.01倍,3.08%
20261006,1215,ＬＡホールデ,2986,東G,,"2,774",+27,+0.98%,258,5.48倍,2.16倍,6.27%
20261006,1216,エネクス,8133,東P,,"2,242",+5,+0.22%,258,15.3倍,1.35倍,3.03%
20261006,1217,大崎電,6644,東P,,"1,464",+10,+0.69%,258,13.2倍,1.12倍,3.35%
20261006,1218,東京エネシス,1945,東P,,"2,117",+1,+0.05%,257,13.5倍,0.98倍,3.64%
20261006,1219,ＮＳグループ,471A,東P,,"1,506",+7,+0.47%,257,9.62倍,2.81倍,5.05%
20261006,1220,アトラエ,6194,東P,,941,+20,+2.17%,257,17.4倍,5.17倍,4.14%
20261006,1221,トランスコス,9715,東P,,"3,400",-20,-0.58%,256,9.44倍,1.01倍,4.26%
20261006,1222,グロービング,277A,東P,,"1,883",+29,+1.56%,256,15.9倍,7.03倍,1.89%
20261006,1223,ＪＵＫＩ,6440,東P,,829,-17,-2.01%,255,16.3倍,0.73倍,1.81%
20261006,1224,ＧＭＯ－ＧＳ,3788,東P,,"2,111",+129,+6.51%,255,23.0倍,2.34倍,2.83%
20261006,1225,ＰＡコンサル,4071,東P,,"2,082",+33,+1.61%,254,16.8倍,5.07倍,2.40%
20261006,1226,ヨドコウ,5451,東P,,"1,382",+8,+0.58%,253,16.8倍,1.00倍,4.49%
20261006,1227,いちよし,8624,東P,,"1,641",+14,+0.86%,253,ー倍,1.72倍,ー%
20261006,1228,ＳＢＳＨＤ,2384,東P,,"5,190",+30,+0.58%,250,14.2倍,1.97倍,2.31%
20261006,1229,サカタＩＮＸ,4633,東P,,"2,648",+33,+1.26%,249,10.9倍,1.02倍,3.78%
20261006,1230,ＦＣＣ,7296,東P,,"4,085",+40,+0.99%,249,11.4倍,0.93倍,4.41%
20261006,1231,ＩＭＶ,7760,東S,,"2,158",+37,+1.74%,249,18.6倍,2.62倍,1.39%
20261006,1232,クミアイ化,4996,東P,,658,+5,+0.77%,249,19.8倍,0.53倍,3.65%
20261006,1233,巴工業,6309,東P,,"1,935",-2,-0.10%,247,12.9倍,1.30倍,3.93%
20261006,1234,ＨＩＳ,9603,東P,,"1,075",-3,-0.28%,247,ー倍,1.46倍,2.33%
20261006,1235,オートバクス,9832,東P,,"1,522",+1,+0.07%,247,10.7倍,0.88倍,3.94%
20261006,1236,ＯｎｅＪリト,2556,東Ｅ,,"1,728.5",-2.5,-0.14%,246,ー倍,ー倍,ー%
20261006,1237,トリプラ,5136,東G,,"2,546",+81,+3.29%,246,19.7倍,6.64倍,ー%
20261006,1238,ダイハツイン,6023,東S,,"3,360",+55,+1.66%,246,12.1倍,1.74倍,2.47%
20261006,1239,トーエネク,1946,東P,,"2,144",-2,-0.09%,245,11.1倍,1.28倍,3.54%
20261006,1240,ＪＩＡ,7172,東P,,"2,137",+18,+0.85%,245,10.2倍,1.61倍,5.05%
20261006,1241,三星ベ,5192,東P,,"4,135",+10,+0.24%,244,11.7倍,1.12倍,4.67%
20261006,1242,東合成,4045,東P,,"1,827.5",+3.0,+0.16%,243,16.4倍,0.88倍,3.94%
20261006,1243,木曽路,8160,東P,,"2,275",-3,-0.13%,243,30.5倍,2.06倍,1.32%
20261006,1244,ＵＬＳグルプ,3798,東S,,526,+2,+0.38%,243,13.3倍,2.57倍,1.56%
20261006,1245,ＳＲＳＨＤ,8163,東P,,"1,390",-4,-0.29%,242,31.9倍,3.25倍,0.72%
20261006,1246,ユアテック,1934,東P,,"2,511",+12,+0.48%,242,13.1倍,1.12倍,3.11%
20261006,1247,日セラ,6929,東P,,"3,745",-5,-0.13%,241,16.1倍,1.65倍,4.41%
20261006,1248,テレ東ＨＤ,9413,東P,,"3,265",+55,+1.71%,241,10.9倍,0.82倍,3.06%
20261006,1249,ＧＡテクノ,3491,東G,,"1,312",-1,-0.08%,241,9.86倍,1.60倍,0.99%
20261006,1250,ソシラ物流,2979,東Ｒ,,"97,500",+700,+0.72%,239,20.7倍,0.90倍,5.54%
20261006,1251,ホソミクロン,6277,東P,,"6,640",+20,+0.30%,239,30.4倍,1.36倍,2.11%
20261006,1252,テセック,6337,東S,,"4,030",+80,+2.03%,238,19.6倍,1.43倍,2.48%
20261006,1253,ＮＩＴＴＯＫ,6145,東S,,"2,879",-21,-0.72%,238,14.7倍,1.20倍,2.85%
20261006,1254,日経インバ,1571,東Ｅ,,275,-3,-1.08%,238,ー倍,ー倍,ー%
20261006,1255,ロイヤルＨＤ,8179,東P,,"1,281",0,0.00%,238,22.1倍,2.25倍,1.37%
20261006,1256,新日本空調,1952,東P,,"3,125",+10,+0.32%,237,11.1倍,1.76倍,3.84%
20261006,1257,原油先Ｗブル,2038,東EN,,"3,215",+37,+1.16%,237,ー倍,ー倍,ー%
20261006,1258,メンバーズ,2130,東P,,693,+2,+0.29%,237,59.3倍,1.49倍,5.05%
20261006,1259,日農薬,4997,東P,,"1,084",+7,+0.65%,236,11.5倍,0.96倍,3.51%
20261006,1260,世紀東急,1898,東P,,"1,436",+2,+0.14%,235,11.2倍,1.22倍,5.22%
20261006,1261,力の源ＨＤ,3561,東P,,"1,346",-2,-0.15%,235,22.4倍,3.37倍,1.78%
20261006,1262,エネクスＩＦ,9286,東IF,,"42,000",-300,-0.71%,234,14.2倍,0.51倍,7.20%
20261006,1263,能美防災,6744,東P,,"3,940",+25,+0.64%,233,17.4倍,1.72倍,2.94%
20261006,1264,象印,7965,東P,,"1,426",+17,+1.21%,233,18.9倍,0.99倍,3.23%
20261006,1265,平和堂,8276,東P,,"2,527",-2,-0.08%,233,12.8倍,0.63倍,2.61%
20261006,1266,サガミＨＤ,9900,東P,,"1,021",-34,-3.22%,232,51.5倍,3.13倍,0.59%
20261006,1267,冶金工,5480,東P,,"5,340",+60,+1.14%,232,8.23倍,0.72倍,4.12%
20261006,1268,栄研化,4549,東P,,"2,336",+80,+3.55%,232,37.2倍,1.78倍,2.48%
20261006,1269,ＫＬａｂ,3656,東P,,172,-3,-1.71%,232,ー倍,1.25倍,ー%
20261006,1270,ＵＳＭＨ,3222,東S,,802,+1,+0.12%,230,"1,114倍",0.81倍,2.00%
20261006,1271,カメイ,8037,東P,,"4,695",+15,+0.32%,230,11.9倍,0.80倍,2.90%
20261006,1272,いちごホテル,3463,東Ｒ,,"100,800","-2,100",-2.04%,229,16.3倍,0.81倍,6.13%
20261006,1273,合同鉄,5410,東P,,"2,875",+52,+1.84%,228,9.61倍,0.29倍,3.48%
20261006,1274,指月電,6994,東S,,"1,422",+45,+3.27%,227,16.3倍,1.29倍,1.86%
20261006,1275,タングス,6998,東S,,"4,210",-60,-1.41%,227,28.5倍,1.48倍,2.14%
20261006,1276,ＭＳＯＬ,7033,東P,,"1,604",+40,+2.56%,227,12.4倍,3.85倍,3.12%
20261006,1277,丸文,7537,東P,,"1,951",+26,+1.35%,227,12.8倍,0.89倍,3.95%
20261006,1278,リッジアイ,5572,東G,,"3,180",-70,-2.15%,227,30.5倍,3.71倍,ー%
20261006,1279,シンデンハイ,3131,東S,,"8,210",+60,+0.74%,226,7.74倍,1.97倍,2.86%
20261006,1280,川田テク,3443,東P,,"1,360",-11,-0.80%,226,9.64倍,0.70倍,3.09%
20261006,1281,矢作建,1870,東P,,"2,046",-6,-0.29%,226,9.50倍,1.16倍,5.38%
20261006,1282,アークランズ,9842,東P,,"1,852",+18,+0.98%,225,11.6倍,0.91倍,2.16%
20261006,1283,ＲｅＹｕｕ,9425,東S,,256,+15,+6.22%,224,ー倍,1.47倍,ー%
20261006,1284,飛島ＨＤ,256A,東P,,"2,280",+5,+0.22%,224,9.12倍,0.82倍,4.82%
20261006,1285,科研薬,4521,東P,,"3,770",+15,+0.40%,224,22.0倍,0.93倍,5.04%
20261006,1286,ＧＭＯ－ＦＨ,7177,東S,,"1,167",+18,+1.57%,223,ー倍,2.43倍,4.89%
20261006,1287,ＴＯＡ,6809,東P,,"1,760",+41,+2.39%,223,18.0倍,1.06倍,4.83%
20261006,1288,阪急阪神Ｒ,8977,東Ｒ,,"126,100",+600,+0.48%,222,19.4倍,1.01倍,5.39%
20261006,1289,ＴＳＩＨＤ,3608,東P,,"1,202",+4,+0.33%,222,8.77倍,0.73倍,5.82%
20261006,1290,内田洋,8057,東P,,"2,230",+23,+1.04%,222,10.5倍,1.29倍,3.41%
20261006,1291,内海造,7018,東S,,"12,960",-60,-0.46%,222,22.0倍,1.54倍,0.31%
20261006,1292,ＭＸＮＹダウ,2241,東Ｅ,,916.0,+17.1,+1.90%,222,ー倍,ー倍,ー%
20261006,1293,スピー,4499,東S,,"2,321",-51,-2.15%,222,ー倍,4.07倍,ー%
20261006,1294,アルビス,7475,東P,,"3,770",0,0.00%,221,27.0倍,0.95倍,ー%
20261006,1295,東陽テク,8151,東P,,"1,901",-4,-0.21%,221,15.3倍,1.37倍,3.68%
20261006,1296,ムゲンＥ,3299,東S,,"1,606",-8,-0.50%,220,7.94倍,1.06倍,6.48%
20261006,1297,システナ,2317,東P,,424,+2,+0.47%,220,14.3倍,3.85倍,4.25%
20261006,1298,ＶＴＨＤ,7593,東P,,506,+2,+0.40%,220,8.20倍,0.81倍,4.74%
20261006,1299,インターメス,262A,東P,,"1,696",+25,+1.50%,220,11.0倍,1.88倍,3.01%
20261006,1300,ＪＢＣＣＨＤ,9889,東P,,"1,731",+33,+1.94%,219,17.3倍,4.24倍,3.47%
20261006,1301,ニッカトー,5367,東S,,"1,505",-7,-0.46%,219,20.0倍,1.23倍,1.79%
20261006,1302,ドウシシャ,7483,東P,,"2,988",-7,-0.23%,219,12.6倍,1.13倍,3.68%
20261006,1303,日経ベア,1580,東Ｅ,,727.0,-8.5,-1.16%,218,ー倍,ー倍,ー%
20261006,1304,八洲電機,3153,東P,,"3,130",-15,-0.48%,218,12.1倍,1.88倍,1.79%
20261006,1305,サカイ引越,9039,東P,,"2,962",+40,+1.37%,216,13.6倍,1.19倍,3.95%
20261006,1306,福井コン,9790,東P,,"3,040",+83,+2.81%,216,13.9倍,2.10倍,2.53%
20261006,1307,ＭｒＭａｘ,8203,東P,,719,-4,-0.55%,216,7.74倍,0.62倍,4.03%
20261006,1308,フジ,8278,東P,,"1,966",-6,-0.30%,216,24.3倍,0.76倍,1.53%
20261006,1309,水戸,8622,東P,,856,+1,+0.12%,216,ー倍,1.18倍,ー%
20261006,1310,タカラスタ,7981,東P,,"3,030",-10,-0.33%,215,13.4倍,0.98倍,4.09%
20261006,1311,ハマキョウ,9037,東P,,"1,786",+10,+0.56%,215,12.3倍,1.33倍,2.58%
20261006,1312,カナディアン,9284,東IF,,"71,000",-700,-0.98%,215,11.2倍,0.69倍,8.93%
20261006,1313,アステリア,3853,東P,,"1,058",+6,+0.57%,215,ー倍,1.90倍,0.95%
20261006,1314,丸大食,2288,東P,,"2,130",+5,+0.24%,215,7.98倍,0.69倍,3.76%
20261006,1315,エスコンＪＰ,2971,東Ｒ,,"100,600",-100,-0.10%,214,14.4倍,0.90倍,6.96%
20261006,1316,エニマインド,5027,東G,,795,-4,-0.50%,214,28.9倍,2.67倍,0.25%
20261006,1317,上場半導体株,213A,東Ｅ,,454.8,+4.8,+1.07%,214,ー倍,ー倍,ー%
20261006,1318,建設技研,9621,東P,,"3,305",0,0.00%,214,12.8倍,1.32倍,3.33%
20261006,1319,シーイーシー,9692,東P,,"2,227",+17,+0.77%,214,11.4倍,1.57倍,3.82%
20261006,1320,沖縄電,9511,東P,,"1,144",+9,+0.79%,212,18.3倍,0.51倍,4.37%
20261006,1321,極東証券,8706,東P,,"1,739",+16,+0.93%,212,ー倍,1.05倍,ー%
20261006,1322,スミダコーポ,6817,東P,,"1,294",+8,+0.62%,211,11.7倍,0.67倍,4.10%
20261006,1323,Ｏｎｅリート,3290,東Ｒ,,"75,300","+1,000",+1.35%,211,15.4倍,1.19倍,6.48%
20261006,1324,加藤産,9869,東P,,"6,650",+100,+1.53%,210,14.0倍,1.16倍,2.41%
20261006,1325,共英製鋼,5440,東P,,"1,884",+40,+2.17%,210,9.75倍,0.39倍,3.72%
20261006,1326,文化シヤタ,5930,東P,,"1,813",+22,+1.23%,210,9.81倍,1.09倍,4.08%
20261006,1327,ＡＳＢ機械,6284,東P,,"8,410",+40,+0.48%,209,13.9倍,1.94倍,2.85%
20261006,1328,東邦鉛,5707,東P,,915,-8,-0.87%,208,5.02倍,0.94倍,ー%
20261006,1329,マリモリート,3470,東Ｒ,,"93,200",-400,-0.43%,208,14.9倍,0.87倍,7.64%
20261006,1330,都築電,8157,東P,,"4,360",+40,+0.93%,208,13.8倍,1.70倍,4.36%
20261006,1331,スパークス,8739,東P,,"2,664",+21,+0.79%,208,ー倍,2.59倍,4.13%
20261006,1332,ミツバ,7280,東P,,"1,325",+16,+1.22%,208,5.69倍,0.56倍,2.26%
20261006,1333,シグマクシス,6088,東P,,591,+11,+1.90%,207,10.7倍,3.68倍,4.40%
20261006,1334,シェアテク,3989,東G,,"1,547",0,0.00%,207,14.8倍,6.56倍,1.78%
20261006,1335,ティラド,7236,東P,,"1,500",+10,+0.67%,206,8.94倍,1.60倍,5.47%
20261006,1336,松屋フーズ,9887,東P,,"5,090",0,0.00%,206,27.6倍,1.81倍,0.51%
20261006,1337,ユニバーサル,6425,東S,,658,-10,-1.50%,205,25.5倍,0.40倍,ー%
20261006,1338,オリエン白石,1786,東P,,329,-3,-0.90%,204,15.4倍,0.81倍,4.41%
20261006,1339,ＫＰＰＧＨＤ,9274,東P,,"1,121",+4,+0.36%,203,13.5倍,0.75倍,3.57%
20261006,1340,ピーエス,1871,東P,,"2,050",+9,+0.44%,203,12.3倍,1.49倍,4.93%
20261006,1341,新日本建,1879,東P,,"2,177",-13,-0.59%,203,7.28倍,0.94倍,3.67%
20261006,1342,日比谷設,1982,東P,,"3,200",-10,-0.31%,202,15.2倍,1.83倍,3.44%
20261006,1343,やまみ,2820,東S,,"6,560",+340,+5.47%,202,22.1倍,3.86倍,1.52%
20261006,1344,船井総研ＨＤ,9757,東P,,"1,164",+6,+0.52%,202,16.6倍,4.10倍,4.12%
20261006,1345,タチエス,7239,東P,,"2,310",+29,+1.27%,202,9.22倍,0.73倍,4.98%
20261006,1346,アバール,6918,東S,,"4,460",0,0.00%,201,13.7倍,1.20倍,2.38%
20261006,1347,ローランド,7944,東P,,"3,705",+55,+1.51%,200,13.6倍,2.25倍,4.59%
20261006,1348,ヘルスケアＭ,3455,東Ｒ,,"93,100",0,0.00%,200,13.1倍,1.10倍,7.39%
20261006,1349,リコーリース,8566,東P,,"6,430",-10,-0.16%,199,16.7倍,0.82倍,3.98%
20261006,1350,東洋証券,8614,東P,,695,+11,+1.61%,198,ー倍,1.65倍,ー%
20261006,1351,あみやき,2753,東P,,"1,292",-42,-3.15%,198,24.8倍,1.18倍,2.63%
20261006,1352,トレファク,3093,東P,,"1,971",-4,-0.20%,198,13.0倍,3.43倍,2.33%
20261006,1353,アイダ,6118,東P,,"1,237",+10,+0.81%,198,15.4倍,0.76倍,3.15%
20261006,1354,コロプラ,3668,東P,,397,-1,-0.25%,197,ー倍,0.76倍,ー%
20261006,1355,佐藤商,8065,東P,,"2,956",+7,+0.24%,197,7.56倍,0.78倍,3.55%
20261006,1356,アクシアル,8255,東P,,"1,273",+7,+0.55%,197,13.8倍,1.17倍,2.28%
20261006,1357,正栄食,8079,東P,,"4,290",+15,+0.35%,196,17.8倍,1.20倍,2.10%
20261006,1358,大末建,1814,東P,,"3,430",-35,-1.01%,196,9.15倍,1.38倍,5.42%
20261006,1359,大王紙,3880,東P,,948,-7,-0.73%,195,12.2倍,0.64倍,1.48%
20261006,1360,渋沢倉,9304,東P,,"2,148",+10,+0.47%,195,16.3倍,1.63倍,4.19%
20261006,1361,あらた,2733,東P,,"2,498",+8,+0.32%,195,12.0倍,0.68倍,4.48%
20261006,1362,ブロンコＢ,3091,東P,,"2,802",-19,-0.67%,195,32.1倍,3.66倍,0.71%
20261006,1363,海帆,3133,東G,,35,0,0.00%,194,ー倍,3.55倍,ー%
20261006,1364,福岡リート,8968,東Ｒ,,"166,900","+1,800",+1.09%,193,19.5倍,1.28倍,4.79%
20261006,1365,北越コーポ,3865,東P,,881,+16,+1.85%,193,28.0倍,0.56倍,2.95%
20261006,1366,グッドコムＡ,3475,東P,,"1,469",+8,+0.55%,192,9.29倍,3.02倍,3.13%
20261006,1367,コジマ,7513,東P,,"1,464",+2,+0.14%,192,21.3倍,1.53倍,1.91%
20261006,1368,スズデン,7480,東S,,"3,795",0,0.00%,191,17.3倍,2.91倍,4.64%
20261006,1369,新晃工,6458,東P,,"1,200",-6,-0.50%,191,11.2倍,1.23倍,4.17%
20261006,1370,グロバルＬＭ,3486,東P,,"1,896",+33,+1.77%,191,5.85倍,1.92倍,5.27%
20261006,1371,ＤＩＴ,3916,東P,,972,+32,+3.40%,191,13.1倍,3.16倍,4.32%
20261006,1372,アルコニクス,3036,東P,,"3,365",-25,-0.74%,191,11.0倍,0.90倍,2.82%
20261006,1373,キッセイ,4547,東P,,"3,705",+30,+0.82%,190,11.6倍,0.68倍,4.59%
20261006,1374,菱友システム,4685,東S,,"2,861",+112,+4.07%,190,10.1倍,1.65倍,3.50%
20261006,1375,フィデアＨＤ,8713,東P,,"2,848",+55,+1.97%,190,16.0倍,0.56倍,2.63%
20261006,1376,エイチワン,5989,東P,,"1,419",+16,+1.14%,190,3.61倍,0.48倍,4.93%
20261006,1377,ＧＸロボ日株,2638,東Ｅ,,"2,852",+10,+0.35%,189,ー倍,ー倍,ー%
20261006,1378,ＤＧ,350A,東G,,688,+2,+0.29%,189,17.4倍,2.77倍,ー%
20261006,1379,ｉＳ国債二十,573A,東Ｅ,,481.2,-1.0,-0.21%,189,ー倍,ー倍,ー%
20261006,1380,リンクユーＧ,4446,東S,,724,+3,+0.42%,188,38.5倍,4.48倍,ー%
20261006,1381,リベラウェア,218A,東G,,"1,054",+19,+1.84%,188,ー倍,16.8倍,ー%
20261006,1382,コーナン,7516,東P,,"4,340",+30,+0.70%,188,10.0倍,0.70倍,3.23%
20261006,1383,Ｏｎｅ２２５,1369,東Ｅ,,"71,530",+730,+1.03%,188,ー倍,ー倍,ー%
20261006,1384,ネットプロ,7383,東P,,378,+5,+1.34%,187,17.2倍,1.74倍,ー%
20261006,1385,野村ダウＨ無,1546,東Ｅ,,"79,220",+750,+0.96%,186,ー倍,ー倍,ー%
20261006,1386,丸三,8613,東P,,"1,209",+6,+0.50%,186,ー倍,1.51倍,ー%
20261006,1387,エスコン,8892,東P,,"1,052",-1,-0.09%,186,7.21倍,1.22倍,5.04%
20261006,1388,農中日経平均,2525,東Ｅ,,"71,280",+370,+0.52%,186,ー倍,ー倍,ー%
20261006,1389,カルナバイオ,4572,東G,,409,-5,-1.21%,186,ー倍,-21倍,ー%
20261006,1390,コムチュア,3844,東P,,"1,256",+6,+0.48%,186,17.8倍,2.08倍,4.14%
20261006,1391,ｉＳ米２５,237A,東Ｅ,,132.9,-1.4,-1.04%,185,ー倍,ー倍,ー%
20261006,1392,ＧＸ宇宙テク,610A,東Ｅ,,"1,121",+28,+2.56%,184,ー倍,ー倍,ー%
20261006,1393,プレス工,7246,東P,,986,+9,+0.92%,184,12.0倍,0.80倍,5.07%
20261006,1394,Ａ＆Ｄホロン,7745,東P,,"2,992",-18,-0.60%,184,18.2倍,1.65倍,2.01%
20261006,1395,萩原工業,7856,東P,,"2,037",+16,+0.79%,184,19.8倍,0.93倍,3.68%
20261006,1396,ブロドリーフ,3673,東P,,470,+5,+1.08%,183,26.6倍,3.39倍,1.65%
20261006,1397,ヨシックス,3221,東P,,"2,863",-18,-0.62%,182,12.4倍,2.14倍,1.12%
20261006,1398,フージャース,3284,東P,,"1,204",+12,+1.01%,182,6.84倍,0.96倍,6.23%
20261006,1399,イー・ギャラ,8771,東P,,"1,736",+27,+1.58%,182,20.3倍,3.97倍,4.84%
20261006,1400,帝国繊維,3302,東P,,"2,970",+16,+0.54%,181,20.0倍,1.03倍,2.19%
20261006,1401,薬王堂ＨＤ,7679,東P,,"1,560",-1,-0.06%,181,7.53倍,0.72倍,1.92%
20261006,1402,トラスコ中山,9830,東P,,"2,374",+11,+0.47%,181,10.4倍,0.81倍,2.57%
20261006,1403,アークス,9948,東P,,"3,530",-20,-0.56%,181,15.2倍,0.96倍,2.32%
20261006,1404,エレコム,6750,東P,,"2,015",+3,+0.15%,181,14.2倍,1.48倍,2.88%
20261006,1405,新電元,6844,東P,,"3,120",+30,+0.97%,180,11.8倍,0.43倍,3.21%
20261006,1406,テラスカイ,3915,東P,,"2,224",+14,+0.63%,179,18.8倍,2.30倍,0.76%
20261006,1407,ミラースＨＤ,8897,東P,,425,+3,+0.71%,179,7.10倍,0.69倍,5.41%
20261006,1408,東証グロース,2516,東Ｅ,,653.3,+8.3,+1.29%,179,ー倍,ー倍,ー%
20261006,1409,鈴木,6785,東P,,"3,515",+35,+1.01%,178,12.7倍,1.58倍,3.19%
20261006,1410,ＳＢＩＩＧ,7326,東G,,"2,068",-1,-0.05%,178,14.2倍,1.02倍,2.85%
20261006,1411,グリーＨＤ,3632,東P,,412,-1,-0.24%,177,ー倍,0.74倍,5.34%
20261006,1412,アース製薬,4985,東P,,"4,600",+25,+0.55%,177,16.3倍,1.24倍,2.83%
20261006,1413,朝日工,1975,東P,,"3,875",+5,+0.13%,177,10.8倍,1.96倍,3.72%
20261006,1414,リソー教育Ｇ,4714,東P,,205,-1,-0.49%,177,20.6倍,3.39倍,4.88%
20261006,1415,ヤマエＧＨＤ,7130,東P,,"2,663",+18,+0.68%,177,5.92倍,0.67倍,3.00%
20261006,1416,ＧＬテクノ,255A,東S,,"5,690",+20,+0.35%,176,13.4倍,1.49倍,2.21%
20261006,1417,ワキタ,8125,東P,,"1,889",+6,+0.32%,176,26.1倍,0.97倍,5.29%
20261006,1418,積水樹,4212,東P,,"2,935",+4,+0.14%,176,16.3倍,0.88倍,3.41%
20261006,1419,原油先物ベア,2039,東EN,,433,-4,-0.92%,176,ー倍,ー倍,ー%
20261006,1420,オープンＵＰ,2154,東P,,"1,970",+4,+0.20%,175,13.6倍,2.09倍,4.57%
20261006,1421,東プレ,5975,東P,,"3,355",+25,+0.75%,175,10.8倍,0.66倍,2.98%
20261006,1422,Ｔ＆Ｇニーズ,4331,東P,,849,-7,-0.82%,175,15.5倍,0.69倍,4.71%
20261006,1423,イオンファン,4343,東P,,"2,636",-17,-0.64%,175,17.4倍,6.65倍,0.76%
20261006,1424,北川鉄,6317,東S,,"2,487",-19,-0.76%,174,6.92倍,0.50倍,4.42%
20261006,1425,キーコーヒー,2594,東P,,"1,947",+6,+0.31%,174,55.6倍,1.30倍,0.62%
20261006,1426,ＴＫＣ,9746,東P,,"4,030",-5,-0.12%,174,15.4倍,1.78倍,3.13%
20261006,1427,ムービン,421A,東G,,"4,035",+90,+2.28%,174,17.2倍,7.18倍,ー%
20261006,1428,ＡＯＫＩＨＤ,8214,東P,,"1,677",+17,+1.02%,174,14.1倍,1.01倍,5.37%
20261006,1429,マツモト,7901,東S,,"1,000",-162,-13.94%,173,23.6倍,1.24倍,ー%
20261006,1430,四電工,1939,東P,,"2,214",-11,-0.49%,172,15.9倍,1.49倍,3.79%
20261006,1431,レナ,4889,東G,,"1,091",-8,-0.73%,172,ー倍,4.66倍,ー%
20261006,1432,ＡＣＣＥＳＳ,4813,東P,,414,-8,-1.90%,172,25.5倍,2.56倍,ー%
20261006,1433,白鳩,3192,東S,,243,+32,+15.17%,172,116倍,0.66倍,ー%
20261006,1434,ＩＢＪ,6071,東P,,901,+6,+0.67%,172,13.5倍,3.12倍,2.11%
20261006,1435,ＤＮＣ,4246,東P,,"1,071",+11,+1.04%,171,6.85倍,0.78倍,5.42%
20261006,1436,サンマルク,3395,東P,,"2,430",+25,+1.04%,171,18.0倍,1.67倍,2.22%
20261006,1437,セック,3741,東P,,"3,215",+5,+0.16%,171,20.8倍,3.26倍,1.93%
20261006,1438,アルバリンク,5537,東G,,"3,770",-75,-1.95%,170,21.7倍,12.3倍,ー%
20261006,1439,新東工,6339,東P,,"1,140",-2,-0.18%,170,10.7倍,0.52倍,4.21%
20261006,1440,ｉＦＴＰ年１,1305,東Ｅ,,"4,447",+38,+0.86%,170,ー倍,ー倍,ー%
20261006,1441,ソースネクス,4344,東P,,101,+1,+1.00%,170,ー倍,2.96倍,ー%
20261006,1442,日経エンタメ,586A,東Ｅ,,246.8,-4.2,-1.67%,170,ー倍,ー倍,ー%
20261006,1443,日金銭,6418,東P,,"1,268",+14,+1.12%,169,15.0倍,0.93倍,3.63%
20261006,1444,メディアＬ,6659,東S,,42,-2,-4.55%,169,ー倍,1.32倍,ー%
20261006,1445,ｉＦＴＰＷブ,1367,東Ｅ,,"3,277",+86,+2.70%,169,ー倍,ー倍,ー%
20261006,1446,ＬＩＮＫ＆Ｍ,2170,東P,,616,0,0.00%,168,18.2倍,5.13倍,2.66%
20261006,1447,アイザワ証Ｇ,8708,東P,,"1,640",+16,+0.99%,168,ー倍,1.07倍,ー%
20261006,1448,ＪＤＳＣ,4418,東G,,"1,119",-1,-0.09%,168,16.8倍,2.68倍,ー%
20261006,1449,コンヴァノ,6574,東G,,124,+1,+0.81%,168,10.6倍,5.09倍,0.81%
20261006,1450,理ビタ,4526,東P,,"3,085",0,0.00%,168,11.8倍,1.04倍,3.57%
20261006,1451,エスケー化研,4628,東S,,"10,240",+40,+0.39%,167,14.5倍,0.78倍,1.76%
20261006,1452,ＩＧポート,3791,東S,,"1,156",+43,+3.86%,167,74.5倍,2.32倍,1.12%
20261006,1453,オハラ,5218,東S,,"1,729",+45,+2.67%,167,25.7倍,0.77倍,1.45%
20261006,1454,ＧＭＯ－ＦＧ,4051,東P,,"5,980",+80,+1.36%,167,26.0倍,7.11倍,2.12%
20261006,1455,ジェイドＧ,3558,東G,,"1,855",+14,+0.76%,166,ー倍,2.47倍,ー%
20261006,1456,ＢＭＬ,4694,東P,,"3,615",+50,+1.40%,166,19.4倍,1.07倍,3.46%
20261006,1457,コメ兵ＨＤ,2780,東S,,"4,525",0,0.00%,166,8.50倍,1.28倍,2.39%
20261006,1458,スターゼン,8043,東P,,"1,458",+3,+0.21%,165,9.64倍,0.86倍,3.57%
20261006,1459,ハイレックス,7279,東S,,"2,514",+86,+3.54%,165,2.48倍,0.42倍,3.18%
20261006,1460,ナガワ,9663,東P,,"4,790",+90,+1.91%,164,22.5倍,1.10倍,1.25%
20261006,1461,あさひ,3333,東P,,"1,235",-12,-0.96%,163,11.8倍,0.77倍,4.05%
20261006,1462,学情,2301,東P,,"1,706",+11,+0.65%,163,11.1倍,1.54倍,4.40%
20261006,1463,ユーグレナ,2931,東P,,336,+3,+0.90%,163,ー倍,1.42倍,ー%
20261006,1464,双葉電,6986,東P,,713,+1,+0.14%,163,ー倍,0.36倍,ー%
20261006,1465,ガリレイ,6420,東P,,"3,415",+20,+0.59%,163,11.1倍,1.22倍,2.61%
20261006,1466,ニッテン,2108,東P,,"1,796",-1,-0.06%,162,13.0倍,0.82倍,5.01%
20261006,1467,ＡＫＩＢＡ,6840,東S,,866,-8,-0.92%,161,ー倍,1.70倍,ー%
20261006,1468,小松マテーレ,3580,東P,,712,+3,+0.42%,161,13.2倍,0.66倍,3.79%
20261006,1469,長谷川香料,4958,東P,,"3,315",+25,+0.76%,161,18.4倍,1.00倍,3.02%
20261006,1470,パイオラック,5988,東P,,"1,617",-11,-0.68%,161,55.1倍,0.60倍,5.69%
20261006,1471,日本信号,6741,東P,,"1,814",+10,+0.55%,160,11.3倍,1.00倍,3.09%
20261006,1472,ＥＤＰ,7794,東G,,"1,069",+5,+0.47%,159,ー倍,8.21倍,ー%
20261006,1473,ステラファ,4888,東G,,456,+4,+0.88%,158,ー倍,5.26倍,ー%
20261006,1474,ギフティＧ,590A,東P,,"1,091",-4,-0.37%,158,ー倍,3.47倍,1.47%
20261006,1475,エブリー,607A,東G,,251,-13,-4.92%,157,11.2倍,3.17倍,ー%
20261006,1476,ベルーナ,9997,東P,,"1,038",+11,+1.07%,157,8.33倍,0.66倍,3.76%
20261006,1477,日ギア,6356,東S,,"1,390",-1,-0.07%,157,11.2倍,1.32倍,0.72%
20261006,1478,高砂香,4914,東P,,"1,276",+5,+0.39%,157,13.2倍,0.79倍,4.08%
20261006,1479,大戸屋ＨＤ,2705,東S,,"8,780",+10,+0.11%,157,45.6倍,14.9倍,0.23%
20261006,1480,Ｋｕｄａｎ,4425,東G,,"1,447",-19,-1.30%,157,ー倍,6.57倍,ー%
20261006,1481,ＪＭＨＤ,3539,東P,,"1,444",+4,+0.28%,156,11.0倍,1.49倍,1.80%
20261006,1482,ミマキエンジ,6638,東P,,"2,265",-37,-1.61%,155,10.8倍,1.60倍,2.43%
20261006,1483,ヒュウガプラ,7133,東G,,"2,104",0,0.00%,155,23.8倍,5.43倍,ー%
20261006,1484,エスリード,8877,東P,,"4,945",+25,+0.51%,155,6.63倍,0.92倍,4.85%
20261006,1485,太平電,1968,東P,,"2,444",+10,+0.41%,155,12.9倍,1.23倍,3.07%
20261006,1486,サイバダイン,7779,東G,,222,-2,-0.89%,155,ー倍,0.74倍,ー%
20261006,1487,愛三工,7283,東P,,"2,164",-2,-0.09%,154,9.21倍,0.86倍,3.84%
20261006,1488,山王,3441,東S,,"1,850",+98,+5.59%,154,11.6倍,0.98倍,2.43%
20261006,1489,西部ガスＨＤ,9536,東P,,"2,418",+1,+0.04%,153,10.9倍,0.71倍,2.89%
20261006,1490,新日本電工,5563,東P,,438,+4,+0.92%,153,110倍,0.80倍,3.88%
20261006,1491,ロードスター,3482,東P,,"2,449",+1,+0.04%,152,5.41倍,1.39倍,4.00%
20261006,1492,イントループ,9556,東G,,"2,477",-18,-0.72%,152,9.52倍,3.51倍,ー%
20261006,1493,野村銀行１７,1631,東Ｅ,,"42,890",+850,+2.02%,152,ー倍,ー倍,ー%
20261006,1494,ＹＵＡＳＡ,8074,東P,,"6,150",+20,+0.33%,151,11.3倍,1.06倍,3.09%
20261006,1495,松風,7979,東P,,"2,270",+58,+2.62%,150,17.0倍,1.58倍,2.95%
20261006,1496,ＲＹＯＤＥＮ,8084,東P,,"2,472",-9,-0.36%,150,17.6倍,1.11倍,3.44%
20261006,1497,ゴールドクレ,8871,東S,,"2,921",-9,-0.31%,150,10.2倍,0.69倍,5.48%
20261006,1498,ＧＸ２２５,632A,東Ｅ,,"71,170",+800,+1.14%,150,ー倍,ー倍,ー%
20261006,1499,荏原実業,6328,東P,,"2,495",-11,-0.44%,150,13.0倍,1.80倍,3.01%
20261006,1500,助川電気,7711,東S,,"4,990",-50,-0.99%,150,30.5倍,4.92倍,1.04%
20261006,1501,エフ・コード,9211,東G,,"1,451",+14,+0.97%,150,9.38倍,2.11倍,ー%
20261006,1502,カワチ薬品,2664,東P,,"3,760",-50,-1.31%,150,27.3倍,0.71倍,2.66%
20261006,1503,鴻池運輸,9025,東P,,"2,764",-7,-0.25%,150,10.5倍,0.91倍,3.98%
20261006,1504,マースＧＨＤ,6419,東P,,"3,030",+10,+0.33%,149,7.81倍,0.61倍,4.95%
20261006,1505,大黒天,2791,東P,,"4,310",+10,+0.23%,149,12.3倍,0.95倍,0.90%
20261006,1506,住友精化,4008,東P,,"1,512",+2,+0.13%,149,12.1倍,0.92倍,4.63%
20261006,1507,ワンキャリア,4377,東G,,"2,475",+89,+3.73%,149,21.2倍,6.72倍,1.41%
20261006,1508,かっこ,4166,東G,,715,+55,+8.33%,148,ー倍,3.20倍,ー%
20261006,1509,スクロール,8005,東P,,"1,731",+4,+0.23%,148,12.1倍,1.48倍,5.89%
20261006,1510,ジーテクト,5970,東P,,"2,208",+15,+0.68%,147,7.27倍,0.42倍,4.44%
20261006,1511,オイレス,6282,東P,,"2,811",+19,+0.68%,147,15.8倍,1.00倍,3.38%
20261006,1512,ワイエイシイ,6298,東P,,"1,283",+8,+0.63%,147,11.3倍,1.40倍,3.51%
20261006,1513,ゲンキＧＤＣ,9828,東S,,"3,345",+15,+0.45%,146,17.9倍,2.97倍,2.09%
20261006,1514,ｉＦＥナ百有,2841,東Ｅ,,"1,862",+100,+5.68%,146,ー倍,ー倍,ー%
20261006,1515,セプテニＨＤ,4293,東S,,491,-3,-0.61%,146,16.7倍,1.54倍,3.67%
20261006,1516,キユソ流通,9369,東S,,"2,888",-5,-0.17%,145,34.2倍,1.54倍,0.83%
20261006,1517,第一実,8059,東P,,"3,520",-5,-0.14%,145,11.8倍,1.20倍,3.55%
20261006,1518,オイシックス,3182,東P,,"1,615",+4,+0.25%,145,10.8倍,1.99倍,1.86%
20261006,1519,三菱総研,3636,東P,,"4,810",+10,+0.21%,145,11.5倍,0.98倍,3.43%
20261006,1520,Ｏｎｅ高配当,1494,東Ｅ,,"43,250",-210,-0.48%,145,ー倍,ー倍,ー%
20261006,1521,ユニソルＨＤ,7128,東P,,"2,959",+40,+1.37%,145,33.3倍,0.96倍,6.12%
20261006,1522,ＳＥＩＭＡＨ,3306,東S,,643,-101,-13.58%,144,"1,312倍",1.86倍,0.62%
20261006,1523,Ｔ－ＢＡＳＥ,3415,東P,,336,-2,-0.59%,144,9.55倍,2.37倍,2.08%
20261006,1524,トーセイＲ,3451,東Ｒ,,"123,000",+100,+0.08%,144,16.1倍,1.08倍,6.22%
20261006,1525,蝶理,8014,東P,,"4,185",+85,+2.07%,144,9.82倍,0.99倍,4.09%
20261006,1526,高松グループ,1762,東P,,"3,940",-20,-0.51%,144,11.0倍,0.93倍,3.65%
20261006,1527,不動テトラ,1813,東P,,"2,823",-12,-0.42%,144,13.4倍,1.15倍,4.07%
20261006,1528,ＤＭ三井製糖,2109,東P,,"3,795",+50,+1.34%,144,15.3倍,1.04倍,3.69%
20261006,1529,カーボン,5302,東P,,"5,300",+70,+1.34%,144,20.7倍,1.02倍,3.77%
20261006,1530,ＳＥＣカーボ,5304,東S,,"2,415",+64,+2.72%,144,15.8倍,0.61倍,4.14%
20261006,1531,エアロエッジ,7409,東G,,"1,484",-30,-1.98%,144,38.5倍,7.72倍,ー%
20261006,1532,ＰＢシステム,4447,東G,,514,+39,+8.21%,143,18.2倍,2.86倍,4.38%
20261006,1533,リケンＮＰＲ,6209,東P,,"3,870",+35,+0.91%,143,11.6倍,0.63倍,5.43%
20261006,1534,情報戦略テク,155A,東G,,757,+11,+1.47%,143,18.2倍,4.03倍,ー%
20261006,1535,アクリート,4395,東G,,694,-18,-2.53%,143,12.4倍,1.49倍,1.44%
20261006,1536,中山鋼,5408,東P,,615,+3,+0.49%,143,10.6倍,0.37倍,3.25%
20261006,1537,ノーリツ,5943,東P,,"2,173",+16,+0.74%,142,11.5倍,0.69倍,4.33%
20261006,1538,ＧＸ銀行高配,315A,東Ｅ,,"1,998",+36,+1.83%,142,ー倍,ー倍,ー%
20261006,1539,セントラルＲ,3488,東Ｒ,,"104,000",-700,-0.67%,142,15.6倍,1.03倍,6.43%
20261006,1540,イーソル,4420,東S,,818,0,0.00%,142,34.5倍,2.62倍,0.18%
20261006,1541,ミズホメディ,4595,東S,,"1,711",+26,+1.54%,142,10.1倍,1.76倍,5.84%
20261006,1542,ＬＩＦＵＬＬ,2120,東P,,232,+3,+1.31%,142,11.9倍,1.06倍,2.90%
20261006,1543,大豊建,1822,東S,,798,-6,-0.75%,141,14.3倍,0.98倍,4.76%
20261006,1544,オーケストラ,6533,東P,,"2,027",-15,-0.73%,141,19.7倍,2.82倍,2.47%
20261006,1545,ＭＥＲＦ,3168,東S,,"1,283",+37,+2.97%,141,6.45倍,1.51倍,3.12%
20261006,1546,野村ナスＨ有,2845,東Ｅ,,"3,730",+49,+1.33%,140,ー倍,ー倍,ー%
20261006,1547,静ガス,9543,東P,,"1,289",+7,+0.55%,140,10.7倍,0.69倍,3.49%
20261006,1548,ＧＸ超短円債,502A,東Ｅ,,902.2,+0.1,+0.01%,140,ー倍,ー倍,ー%
20261006,1549,シリコンスタ,3907,東S,,"1,849",-42,-2.22%,140,ー倍,3.17倍,ー%
20261006,1550,杏林製薬,4569,東P,,"1,057",+2,+0.19%,140,40.5倍,0.43倍,2.37%
20261006,1551,ＳＢＩＧＡＭ,4765,東P,,597,+1,+0.17%,140,ー倍,2.56倍,ー%
20261006,1552,コスピブル,2033,東EN,,"79,980",-970,-1.20%,139,ー倍,ー倍,ー%
20261006,1553,オーバル,7727,東S,,962,-16,-1.64%,139,13.8倍,1.25倍,2.91%
20261006,1554,ＺＡＣＲＯＳ,7917,東P,,"1,219",0,0.00%,139,13.4倍,0.91倍,2.95%
20261006,1555,椿本興,8052,東P,,"3,020",+5,+0.17%,139,10.5倍,1.08倍,2.98%
20261006,1556,アジアパイル,5288,東P,,"1,438",-2,-0.14%,138,7.11倍,1.01倍,4.87%
20261006,1557,ビーエンジ,4828,東P,,"1,287",+17,+1.34%,137,16.7倍,4.60倍,3.26%
20261006,1558,カーリット,4275,東P,,"1,889",+9,+0.48%,137,13.6倍,1.07倍,2.22%
20261006,1559,ＴＯＲＥＸ,6616,東P,,"2,028",-14,-0.69%,137,13.4倍,1.10倍,2.76%
20261006,1560,フリュー,6238,東P,,"1,425",+31,+2.22%,136,15.1倍,1.62倍,2.81%
20261006,1561,綜研化学,4972,東S,,"4,445",+20,+0.45%,136,17.2倍,1.75倍,ー%
20261006,1562,昭和産,2004,東P,,"3,685",-10,-0.27%,136,12.6倍,0.79倍,3.80%
20261006,1563,くすりの窓口,5592,東G,,"2,555",+38,+1.51%,136,9.21倍,2.52倍,1.57%
20261006,1564,ポート,7047,東G,,"2,146",-2,-0.09%,135,9.27倍,2.80倍,0.61%
20261006,1565,モリタＨＤ,6455,東P,,"2,443",+7,+0.29%,134,10.4倍,0.98倍,3.27%
20261006,1566,リオン,6823,東P,,"3,515",+55,+1.59%,134,12.6倍,1.23倍,2.56%
20261006,1567,アルペン,3028,東P,,"2,336",-4,-0.17%,134,14.1倍,0.71倍,2.57%
20261006,1568,東京鉄,5445,東P,,"1,966",+40,+2.08%,134,6.93倍,0.78倍,5.09%
20261006,1569,ニチハ,7943,東P,,"2,800",+2,+0.07%,134,11.4倍,0.74倍,4.32%
20261006,1570,ＶＩＸＥＴＦ,318A,東Ｅ,,337.1,-6.1,-1.78%,134,ー倍,ー倍,ー%
20261006,1571,フタバ,7241,東P,,"1,048",+7,+0.67%,133,6.69倍,0.67倍,4.29%
20261006,1572,北ガス,9534,東P,,845,+12,+1.44%,133,7.84倍,0.75倍,3.20%
20261006,1573,野村国内債券,2510,東Ｅ,,788.8,-2.9,-0.37%,133,ー倍,ー倍,ー%
20261006,1574,Ｉｎｅ,4933,東P,,"2,190",+40,+1.86%,133,ー倍,2.20倍,0.68%
20261006,1575,井関農,6310,東P,,"1,916",+16,+0.84%,133,14.5倍,0.55倍,2.35%
20261006,1576,アイチコーポ,6345,東P,,"1,447",+4,+0.28%,133,13.9倍,1.25倍,4.49%
20261006,1577,富士製薬,4554,東P,,"1,760",+33,+1.91%,133,20.5倍,0.89倍,2.78%
20261006,1578,セーフィー,4375,東G,,675,+32,+4.98%,132,ー倍,4.10倍,ー%
20261006,1579,島精機,6222,東P,,891,-1,-0.11%,132,33.6倍,0.37倍,2.24%
20261006,1580,ホットランド,3196,東P,,"1,612",-10,-0.62%,132,52.3倍,2.25倍,0.81%
20261006,1581,ＴＫＰ,3479,東G,,"1,837",+16,+0.88%,132,16.7倍,1.30倍,ー%
20261006,1582,日本管財ＨＤ,9347,東P,,"2,840",+30,+1.07%,131,14.1倍,1.35倍,2.11%
20261006,1583,パソナＧ,2168,東P,,"1,490",+12,+0.81%,131,ー倍,0.44倍,5.03%
20261006,1584,広済堂ＨＤ,7868,東P,,523,+3,+0.58%,131,16.8倍,1.57倍,2.55%
20261006,1585,安田倉,9324,東P,,"2,579",-14,-0.54%,131,11.9倍,0.71倍,2.87%
20261006,1586,アネスト岩田,6381,東P,,"1,872",+12,+0.65%,131,18.3倍,1.44倍,4.97%
20261006,1587,ＰＢＲ１解消,2080,東Ｅ,,"2,079",+24,+1.17%,130,ー倍,ー倍,ー%
20261006,1588,ベース,4481,東P,,"3,150",-5,-0.16%,130,12.5倍,3.77倍,5.90%
20261006,1589,ｕｎｂａｎｋ,8746,東S,,118,-7,-5.60%,130,ー倍,0.51倍,ー%
20261006,1590,フィンテック,8789,東S,,155,+3,+1.97%,129,6.36倍,1.97倍,3.23%
20261006,1591,ハードオフ,2674,東P,,"2,547",+7,+0.28%,129,10.7倍,1.78倍,3.61%
20261006,1592,野村インド株,1678,東Ｅ,,288.4,+3.1,+1.09%,129,ー倍,ー倍,ー%
20261006,1593,セレンＨＤ,7318,東G,,"1,336",-20,-1.47%,129,11.4倍,1.88倍,ー%
20261006,1594,コロンビア,146A,東S,,"3,585",+5,+0.14%,129,6.53倍,1.47倍,2.62%
20261006,1595,福田組,1899,東P,,"4,710",-80,-1.67%,128,11.8倍,0.81倍,2.97%
20261006,1596,Ｇｅｎｋｙ,9267,東P,,"3,445",+30,+0.88%,128,12.8倍,1.72倍,0.38%
20261006,1597,データセンタ,643A,東EN,,"11,830",+190,+1.63%,128,ー倍,ー倍,ー%
20261006,1598,リミックス,3825,東S,,248,0,0.00%,127,3.55倍,1.69倍,1.21%
20261006,1599,戸田工,4100,東S,,"2,026",+79,+4.06%,127,23.5倍,1.03倍,ー%
20261006,1600,ワタミ,7522,東P,,864,+5,+0.58%,127,ー倍,1.96倍,ー%
20261006,1601,ｉＦＳＰ無,2247,東Ｅ,,"2,315",+30,+1.31%,127,ー倍,ー倍,ー%
20261006,1602,純プラ信託,1541,東Ｅ,,"7,874",-18,-0.23%,127,ー倍,ー倍,ー%
20261006,1603,クレスコ,4674,東P,,"1,943",+13,+0.67%,126,13.9倍,2.29倍,4.12%
20261006,1604,品川リフラ,5351,東P,,"1,970",+17,+0.87%,126,8.57倍,0.82倍,4.82%
20261006,1605,プラップＪ,2449,東S,,"1,189",-116,-8.89%,126,10.5倍,0.95倍,3.45%
20261006,1606,イーレックス,9517,東P,,788,-8,-1.01%,126,11.4倍,0.87倍,2.79%
20261006,1607,バンドー,5195,東P,,"2,496",+12,+0.48%,125,12.6倍,1.08倍,4.01%
20261006,1608,中部飼,2053,東P,,"1,944",+6,+0.31%,125,8.09倍,0.74倍,3.91%
20261006,1609,アイル,3854,東P,,"2,046",+24,+1.19%,125,14.4倍,3.69倍,3.42%
20261006,1610,応用地質,9755,東P,,"2,782",+14,+0.51%,124,16.3倍,0.81倍,3.95%
20261006,1611,立花エレ,8159,東P,,"4,330",+5,+0.12%,124,13.6倍,0.87倍,2.77%
20261006,1612,大光銀,8537,東S,,"3,420",+85,+2.55%,124,9.83倍,0.40倍,3.10%
20261006,1613,大東銀,8563,東S,,"1,330",+34,+2.62%,124,10.6倍,0.60倍,3.01%
20261006,1614,ハローズ,2742,東P,,"3,685",+45,+1.24%,124,9.09倍,0.97倍,1.95%
20261006,1615,エイベックス,7860,東P,,"1,227",+8,+0.66%,124,16.4倍,1.03倍,4.07%
20261006,1616,野村外国株式,2513,東Ｅ,,"3,617",+78,+2.20%,123,ー倍,ー倍,ー%
20261006,1617,グルメ杵屋,9850,東P,,923,-8,-0.86%,122,81.1倍,2.38倍,0.76%
20261006,1618,免疫生物研,4570,東G,,"1,170",+14,+1.21%,122,31.4倍,5.77倍,0.64%
20261006,1619,ミツウロコＧ,8131,東S,,"2,402",+13,+0.54%,122,21.8倍,1.24倍,2.75%
20261006,1620,野村原油,1699,東Ｅ,,706.2,+2.1,+0.30%,121,ー倍,ー倍,ー%
20261006,1621,ＳＭＤトピク,2557,東Ｅ,,"4,277",+39,+0.92%,121,ー倍,ー倍,ー%
20261006,1622,河西工,7256,東S,,476,0,0.00%,121,21.0倍,1.79倍,ー%
20261006,1623,ベルク,9974,東P,,"6,520",+20,+0.31%,120,10.4倍,1.12倍,2.02%
20261006,1624,前沢ＨＤ,575A,東P,,"1,873",-5,-0.27%,120,3.73倍,ー倍,3.36%
20261006,1625,トヨカネツ,6369,東P,,"2,347",+21,+0.90%,120,12.8倍,0.88倍,4.47%
20261006,1626,ミダックＨＤ,6564,東P,,"2,003",+33,+1.68%,120,16.6倍,3.03倍,1.00%
20261006,1627,寺崎電気,6637,東S,,"4,260",+40,+0.95%,119,13.9倍,0.93倍,1.31%
20261006,1628,ＧＸ純金,425A,東Ｅ,,349.8,-0.3,-0.09%,119,ー倍,ー倍,ー%
20261006,1629,じもとＨＤ,7161,東S,,690,+32,+4.86%,119,5.39倍,1.97倍,0.72%
20261006,1630,共栄タ,9130,東S,,"1,650",+12,+0.73%,119,3.41倍,0.45倍,2.42%
20261006,1631,中発条,5992,東S,,"3,605",+5,+0.14%,119,37.9倍,1.05倍,2.50%
20261006,1632,木村工機,6231,東S,,"12,230",-90,-0.73%,119,12.4倍,2.94倍,1.64%
20261006,1633,ＡＢ＆Ｃ,9251,東G,,"1,532",+8,+0.52%,119,14.8倍,2.32倍,3.92%
20261006,1634,ＴＰＲ,6463,東P,,"1,517",+14,+0.93%,118,11.0倍,0.54倍,3.96%
20261006,1635,アピリッツ,4174,東S,,"1,076",+26,+2.48%,117,20.2倍,2.43倍,2.70%
20261006,1636,オプティマス,9268,東S,,415,+1,+0.24%,117,8.88倍,0.67倍,4.34%
20261006,1637,ＮＳＷ,9739,東P,,"2,622",+47,+1.83%,116,10.4倍,1.05倍,4.77%
20261006,1638,大黒屋,6993,東S,,90,0,0.00%,115,107倍,12.3倍,ー%
20261006,1639,ＷＯＷＯＷ,4839,東P,,931,+5,+0.54%,115,45.3倍,0.39倍,3.22%
20261006,1640,アサカ理研,5724,東S,,"2,865",-23,-0.80%,115,18.4倍,2.47倍,0.42%
20261006,1641,平河ヒューテ,5821,東P,,"3,300",+30,+0.92%,115,12.5倍,1.16倍,1.73%
20261006,1642,チェンジＨＤ,3962,東P,,993,0,0.00%,115,9.86倍,1.53倍,2.62%
20261006,1643,大日精,4116,東P,,"1,304",-6,-0.46%,114,9.82倍,0.61倍,4.22%
20261006,1644,エスケーエレ,6677,東S,,"3,130",-30,-0.95%,114,10.2倍,0.87倍,4.86%
20261006,1645,多摩川ＨＤ,6838,東S,,"1,451",-39,-2.62%,114,7.21倍,1.39倍,0.69%
20261006,1646,宮地エンジ,3431,東P,,"1,463",+3,+0.21%,114,19.1倍,0.92倍,5.13%
20261006,1647,ニチレキＧ,5011,東P,,"2,256",+13,+0.58%,114,15.0倍,0.81倍,3.77%
20261006,1648,ユニプレス,5949,東P,,"1,297",+16,+1.25%,114,12.9倍,0.44倍,5.40%
20261006,1649,インターアク,7725,東P,,"1,835",+9,+0.49%,114,17.8倍,1.73倍,3.00%
20261006,1650,トランザク,7818,東P,,"1,183",+12,+1.02%,114,15.7倍,3.06倍,2.62%
20261006,1651,イワキポンプ,6237,東P,,"4,165",0,0.00%,113,18.0倍,2.21倍,2.21%
20261006,1652,トランシティ,9310,東P,,"1,377",-1,-0.07%,113,12.4倍,0.81倍,3.16%
20261006,1653,ＤｙＤｏ,2590,東P,,"2,850",-7,-0.25%,113,15.1倍,1.31倍,1.05%
20261006,1654,ＪＰＨＤ,2749,東P,,634,-3,-0.47%,113,12.5倍,2.36倍,2.13%
20261006,1655,ホクト,1379,東P,,"2,011",0,0.00%,113,12.0倍,0.98倍,3.08%
20261006,1656,ｉＦ日経Ｗベ,1366,東Ｅ,,60,-1,-1.64%,112,ー倍,ー倍,ー%
20261006,1657,グロブライド,7990,東P,,"2,356",+29,+1.25%,112,9.08倍,0.77倍,4.24%
20261006,1658,ｉＳＢＡＩ,408A,東Ｅ,,321.0,+3.0,+0.94%,112,ー倍,ー倍,ー%
20261006,1659,セイワＨＤ,523A,東G,,"1,905",-68,-3.45%,112,ー倍,5.81倍,ー%
20261006,1660,ｉＳ日本国債,2561,東Ｅ,,"1,952",-10,-0.51%,112,ー倍,ー倍,ー%
20261006,1661,ヤマシン―Ｆ,6240,東P,,505,-9,-1.75%,111,17.5倍,1.60倍,3.96%
20261006,1662,ｉシェア４百,1364,東Ｅ,,"3,878",+32,+0.83%,111,ー倍,ー倍,ー%
20261006,1663,野村鉄鋼非鉄,1623,東Ｅ,,"69,290","+2,040",+3.03%,110,ー倍,ー倍,ー%
20261006,1664,ウェルネオＳ,2117,東P,,"2,695",-11,-0.41%,110,13.6倍,1.14倍,4.42%
20261006,1665,ＳＭＫ,6798,東P,,"3,445",+140,+4.24%,110,27.3倍,0.70倍,2.90%
20261006,1666,日車両,7102,東P,,"3,530",+15,+0.43%,110,6.79倍,0.60倍,1.42%
20261006,1667,グリムス,3150,東P,,"2,383",+21,+0.89%,110,10.3倍,2.85倍,3.90%
20261006,1668,北興化,4992,東S,,"1,961",+45,+2.35%,110,11.0倍,0.81倍,2.75%
20261006,1669,ＥＲＩＨＤ,6083,東S,,"1,403",+30,+2.18%,109,9.60倍,3.71倍,3.14%
20261006,1670,ｉＳ米債カバ,453A,東Ｅ,,714.1,-2.9,-0.40%,109,ー倍,ー倍,ー%
20261006,1671,犬猫生活,556A,東G,,"2,915",-51,-1.72%,109,17.1倍,3.71倍,ー%
20261006,1672,清水銀,8364,東P,,"3,345",+100,+3.08%,109,15.2倍,0.47倍,1.79%
20261006,1673,ワールドＨＤ,2429,東P,,"2,800",-5,-0.18%,109,7.09倍,1.01倍,4.87%
20261006,1674,半導体日本株,163A,東EN,,"21,800",+405,+1.89%,109,ー倍,ー倍,ー%
20261006,1675,チャームケア,6062,東P,,"1,404",+21,+1.52%,108,11.3倍,1.99倍,3.42%
20261006,1676,特種東海,3708,東P,,"2,092",+11,+0.53%,108,15.5倍,0.84倍,4.49%
20261006,1677,エターナルＧ,3193,東P,,"1,280",-6,-0.47%,107,15.6倍,2.78倍,1.80%
20261006,1678,ニッケ,3201,東P,,"1,939",+22,+1.15%,107,13.3倍,0.93倍,2.58%
20261006,1679,ミタチ産業,3321,東S,,"1,765",-26,-1.45%,106,7.40倍,0.77倍,3.97%
20261006,1680,日本国土開発,1887,東P,,516,-2,-0.39%,106,10.3倍,0.58倍,4.84%
20261006,1681,トーモク,3946,東P,,"4,360",-30,-0.68%,106,8.72倍,0.69倍,3.90%
20261006,1682,持田薬,4534,東P,,"3,130",+40,+1.29%,106,11.0倍,0.78倍,2.72%
20261006,1683,ＳＢＩアルヒ,7198,東P,,777,-1,-0.13%,106,16.6倍,0.83倍,5.15%
20261006,1684,だいわ,6459,東P,,"1,648",+20,+1.23%,105,14.5倍,1.13倍,3.94%
20261006,1685,宮入バ,6495,東S,,103,-2,-1.90%,105,63.6倍,1.28倍,1.94%
20261006,1686,シンワワイズ,2437,東S,,625,+11,+1.79%,105,67.5倍,3.27倍,ー%
20261006,1687,キャリアデザ,2410,東P,,"2,563",+31,+1.22%,104,10.7倍,2.67倍,6.24%
20261006,1688,上場リート隔,1345,東Ｅ,,"1,690",+10,+0.60%,104,ー倍,ー倍,ー%
20261006,1689,住石ＨＤ,1514,東S,,624,+1,+0.16%,104,22.7倍,1.30倍,2.40%
20261006,1690,スターツプロ,8979,東Ｒ,,"174,700",-300,-0.17%,104,17.3倍,1.02倍,6.24%
20261006,1691,ｉＦＥＧＢＡ,2629,東Ｅ,,"3,451",-5,-0.14%,104,ー倍,ー倍,ー%
20261006,1692,アキレス,5142,東P,,"1,935",-1,-0.05%,104,12.0倍,0.60倍,2.58%
20261006,1693,アルファＰ,9467,東G,,"1,041",+9,+0.87%,103,11.8倍,1.93倍,2.59%
20261006,1694,ｉＳ米２５ヘ,238A,東Ｅ,,109.9,-1.2,-1.08%,103,ー倍,ー倍,ー%
20261006,1695,極洋,1301,東P,,"4,510",+20,+0.45%,103,7.44倍,0.68倍,3.55%
20261006,1696,三重交ＨＤ,3232,東P,,559,+4,+0.72%,103,9.39倍,0.77倍,3.58%
20261006,1697,明和産,8103,東P,,"1,009",+4,+0.40%,103,10.2倍,0.94倍,4.66%
20261006,1698,技研製,6289,東P,,"1,981",-4,-0.20%,103,22.8倍,1.28倍,2.73%
20261006,1699,ＪＳＨ,150A,東G,,793,+44,+5.87%,102,21.5倍,2.06倍,0.38%
20261006,1700,ＭＦＳ,196A,東G,,387,+24,+6.61%,102,10.7倍,1.40倍,ー%
20261006,1701,Ｓａｐｅｅｔ,269A,東G,,"3,250",+200,+6.56%,102,39.2倍,7.54倍,ー%
20261006,1702,トーホー,8142,東P,,"1,392",+10,+0.72%,102,9.25倍,1.23倍,4.38%
20261006,1703,ゼビオＨＤ,8281,東P,,"1,069",+6,+0.56%,102,5.90倍,0.37倍,3.27%
20261006,1704,テイカ,4027,東P,,"2,338",-1,-0.04%,102,29.1倍,0.86倍,3.42%
20261006,1705,ＭＸ４００,1593,東Ｅ,,"38,930",+410,+1.06%,101,ー倍,ー倍,ー%
20261006,1706,ｉＳＳＰカバ,452A,東Ｅ,,819.0,+2.6,+0.32%,101,ー倍,ー倍,ー%
20261006,1707,ＤＭＳ,9782,東S,,"3,230",+30,+0.94%,101,16.0倍,1.13倍,7.18%
20261006,1708,ＡＩＲＭＡＮ,6364,東P,,"2,517",+16,+0.64%,100,11.2倍,1.46倍,2.86%
20261006,1709,正興電,6653,東P,,"2,134",-10,-0.47%,100,11.6倍,1.47倍,2.81%
20261006,1710,大日塗,4611,東P,,"1,600",+18,+1.14%,100,13.5倍,0.69倍,3.62%
20261006,1711,三信電,8150,東P,,"3,375",+15,+0.45%,100,11.5倍,0.91倍,4.15%
20261006,1712,小松ウオール,7949,東P,,"2,733",+7,+0.26%,99,15.8倍,1.25倍,4.94%
20261006,1713,鶴見製,6351,東P,,"2,632",+19,+0.73%,99,17.1倍,1.20倍,1.37%
20261006,1714,ビジ太田昭,9658,東P,,"1,149",+17,+1.50%,99,13.1倍,1.23倍,4.09%
20261006,1715,フィードワン,2060,東P,,"1,421",+12,+0.85%,99,8.37倍,0.87倍,3.66%
20261006,1716,プロシップ,3763,東P,,"2,104",-4,-0.19%,99,23.2倍,4.96倍,2.00%
20261006,1717,Ｍラインズ,3901,東P,,"1,521",+7,+0.46%,98,11.4倍,2.69倍,3.81%
20261006,1718,ツバキナカ,6464,東P,,325,-1,-0.31%,98,24.9倍,0.32倍,ー%
20261006,1719,ニレコ,6863,東S,,"1,105",+17,+1.56%,98,15.8倍,1.41倍,3.17%
20261006,1720,神鋼商,8075,東P,,"3,080",+5,+0.16%,98,8.57倍,0.80倍,4.48%
20261006,1721,ｉＦ高配５０,354A,東Ｅ,,"3,250",-28,-0.85%,98,ー倍,ー倍,ー%
20261006,1722,北里,368A,東P,,"1,377",-5,-0.36%,98,13.6倍,2.77倍,2.98%
20261006,1723,ユーザーロカ,3984,東P,,"1,542",+23,+1.51%,98,16.0倍,2.55倍,1.95%
20261006,1724,児玉化,4222,東S,,654,+5,+0.77%,98,7.27倍,0.35倍,1.53%
20261006,1725,Ｓクリプトエ,5721,東S,,52,+1,+1.96%,97,ー倍,2.05倍,ー%
20261006,1726,トピー,7231,東P,,"3,050",+51,+1.70%,97,10.8倍,0.45倍,4.43%
20261006,1727,ＧＸ中テ１０,404A,東Ｅ,,"1,174",+5,+0.43%,97,ー倍,ー倍,ー%
20261006,1728,ｉＦナ百Ｗベ,2870,東Ｅ,,"6,805",-146,-2.10%,97,ー倍,ー倍,ー%
20261006,1729,タウンズ,197A,東S,,520,+8,+1.56%,97,18.7倍,2.86倍,5.58%
20261006,1730,明星工,1976,東P,,"1,694",-1,-0.06%,97,13.9倍,1.14倍,3.84%
20261006,1731,フルキャスト,4848,東P,,"1,787",+12,+0.68%,96,11.4倍,1.92倍,3.58%
20261006,1732,ミライアル,4238,東S,,"2,058",-1,-0.05%,96,ー倍,0.80倍,ー%
20261006,1733,バイタルＫＳ,3151,東P,,"1,540",+16,+1.05%,96,9.75倍,0.64倍,4.55%
20261006,1734,紀文食品,2933,東P,,"1,048",-10,-0.95%,96,9.35倍,0.96倍,2.19%
20261006,1735,ｉＦ除金高配,566A,東Ｅ,,"2,238",-27,-1.19%,96,ー倍,ー倍,ー%
20261006,1736,インフ,438A,東G,,"1,040",+7,+0.68%,95,45.7倍,3.91倍,ー%
20261006,1737,石原ケミ,4462,東P,,"3,145",+45,+1.45%,95,15.5倍,1.69倍,1.53%
20261006,1738,ＣＩＪ,4826,東P,,525,+1,+0.19%,95,15.8倍,1.95倍,4.00%
20261006,1739,三光合成,7888,東P,,922,+17,+1.88%,95,6.25倍,0.81倍,3.47%
20261006,1740,リンガハット,8200,東P,,"2,282",0,0.00%,95,49.3倍,3.85倍,0.57%
20261006,1741,ＤＭＰ,3652,東G,,"3,075",-40,-1.28%,95,322倍,3.07倍,ー%
20261006,1742,ＳＲＡＨＤ,3817,東P,,"4,680",+25,+0.54%,95,10.5倍,1.67倍,4.70%
20261006,1743,チヨダ,8185,東P,,989,+18,+1.85%,94,30.5倍,0.67倍,5.46%
20261006,1744,野村商社卸売,1629,東Ｅ,,273.7,+1.0,+0.37%,94,ー倍,ー倍,ー%
20261006,1745,ベルテクス,5290,東S,,"1,242",+17,+1.39%,94,12.9倍,1.40倍,3.22%
20261006,1746,岡本工,6125,東S,,"5,270",+50,+0.96%,94,17.4倍,0.83倍,3.04%
20261006,1747,スマートＤ,5137,東G,,296,-1,-0.34%,94,12.4倍,7.99倍,ー%
20261006,1748,上場ＳＰレ２,2239,東Ｅ,,"27,200",+480,+1.80%,93,ー倍,ー倍,ー%
20261006,1749,日リーテック,1938,東P,,"2,529",+3,+0.12%,93,10.2倍,0.93倍,3.84%
20261006,1750,ダイトーケミ,4366,東S,,515,+15,+3.00%,93,19.5倍,0.98倍,1.75%
20261006,1751,ゼロ,9028,東S,,"3,170",+20,+0.63%,93,7.30倍,1.11倍,4.47%
20261006,1752,マミーマート,9823,東S,,980,+13,+1.34%,93,9.26倍,1.07倍,2.16%
20261006,1753,スクイーズ,558A,東G,,"6,030",-170,-2.74%,92,38.3倍,8.24倍,ー%
20261006,1754,ユビＡＩ,3858,東S,,347,+13,+3.89%,92,ー倍,1.76倍,ー%
20261006,1755,プリモＧＨＤ,367A,東S,,"2,839",-63,-2.17%,91,11.8倍,1.25倍,4.23%
20261006,1756,ＪＢＳ,5036,東P,,"1,572",+37,+2.41%,90,10.1倍,2.47倍,3.18%
20261006,1757,ｍｅｉｔｏ,2207,東P,,"3,325",-5,-0.15%,90,11.6倍,0.82倍,2.41%
20261006,1758,中北製,6496,東S,,"5,850",+50,+0.86%,90,12.8倍,0.72倍,1.97%
20261006,1759,東京綱,5981,東P,,"1,860",+14,+0.76%,90,9.57倍,0.69倍,3.76%
20261006,1760,ＮＪＳ,2325,東P,,"4,525",0,0.00%,90,17.6倍,1.40倍,2.43%
20261006,1761,ゼンリン,9474,東P,,900,+5,+0.56%,89,19.2倍,1.00倍,4.67%
20261006,1762,日伝,9902,東P,,"3,240",+5,+0.15%,89,15.4倍,0.98倍,3.70%
20261006,1763,ニッピ,7932,東S,,"11,250",+70,+0.63%,89,11.3倍,0.79倍,6.23%
20261006,1764,ＪＳＰ,7942,東P,,"3,020",+27,+0.90%,89,10.6倍,0.71倍,3.31%
20261006,1765,ＧＭＳ,544A,東P,,322,+2,+0.63%,89,3.09倍,0.37倍,ー%
20261006,1766,オカモト,5122,東P,,"6,120",-90,-1.45%,89,18.2倍,0.95倍,2.12%
20261006,1767,ＧＸ高配日株,2564,東Ｅ,,"3,670",+29,+0.80%,89,ー倍,ー倍,ー%
20261006,1768,木村化,6378,東S,,"1,165",-5,-0.43%,89,12.1倍,1.12倍,3.52%
20261006,1769,環境フレンド,3777,東G,,49,+2,+4.26%,88,ー倍,3.29倍,ー%
20261006,1770,オカムラ食品,2938,東S,,"1,200",-1,-0.08%,88,22.3倍,3.07倍,0.75%
20261006,1771,クラシル,299A,東G,,"1,217",+10,+0.83%,87,21.2倍,3.77倍,ー%
20261006,1772,ＲＳＣ,4664,東S,,"1,167",-9,-0.77%,87,51.8倍,1.52倍,2.06%
20261006,1773,ヤマタネ,9305,東P,,"2,028",+25,+1.25%,87,9.79倍,0.69倍,4.19%
20261006,1774,クリアル,2998,東G,,455,-3,-0.66%,87,7.73倍,1.53倍,1.76%
20261006,1775,じげん,3679,東P,,424,+3,+0.71%,86,9.59倍,1.89倍,3.18%
20261006,1776,トヨコー,341A,東G,,"2,007",-70,-3.37%,86,42.0倍,8.82倍,ー%
20261006,1777,エスプール,2471,東P,,280,+9,+3.32%,86,13.2倍,2.25倍,3.57%
20261006,1778,シグマ光機,7713,東S,,"2,700",+27,+1.01%,86,19.6倍,1.03倍,1.85%
20261006,1779,たけびし,7510,東P,,"2,887",+9,+0.31%,85,13.4倍,1.02倍,3.29%
20261006,1780,藤倉化,4620,東S,,"1,115",+5,+0.45%,85,11.9倍,0.61倍,1.79%
20261006,1781,福島銀,8562,東S,,417,+9,+2.21%,85,16.2倍,0.60倍,1.20%
20261006,1782,ソフトクリエ,3371,東P,,"2,170",+24,+1.12%,85,13.1倍,2.13倍,2.86%
20261006,1783,ｉＦ台湾テク,413A,東Ｅ,,"3,970",-350,-8.10%,85,ー倍,ー倍,ー%
20261006,1784,Ｊオイル,2613,東P,,"2,171",+9,+0.42%,84,14.4倍,0.65倍,3.68%
20261006,1785,オーウイル,3143,東S,,"1,097",+12,+1.11%,83,14.2倍,1.60倍,2.01%
20261006,1786,宝＆ＣＯ,7921,東P,,"4,155",+45,+1.09%,83,15.3倍,1.61倍,4.33%
20261006,1787,ＮＥＣキャピ,8793,東P,,"4,045",+10,+0.25%,83,8.72倍,0.66倍,3.71%
20261006,1788,野村高配７０,1577,東Ｅ,,"59,630",-150,-0.25%,83,ー倍,ー倍,ー%
20261006,1789,ソラコム,147A,東G,,968,+4,+0.41%,83,63.0倍,3.95倍,ー%
20261006,1790,ＰＲＴＩＭＥ,3922,東P,,"2,116",-15,-0.70%,83,13.1倍,3.06倍,0.79%
20261006,1791,日工,6306,東P,,"1,010",+1,+0.10%,83,14.7倍,1.05倍,4.16%
20261006,1792,レオン,6272,東P,,"1,475",+10,+0.68%,82,9.84倍,0.91倍,4.07%
20261006,1793,積化成,4228,東P,,630,+13,+2.11%,82,11.5倍,0.55倍,2.70%
20261006,1794,市光工,7244,東P,,559,+14,+2.57%,82,10.8倍,0.65倍,3.22%
20261006,1795,フジッコ,2908,東P,,"1,556",+22,+1.43%,82,35.7倍,0.64倍,2.96%
20261006,1796,モイ,5031,東G,,393,-10,-2.48%,82,ー倍,2.26倍,ー%
20261006,1797,アバントＧ,3836,東P,,"1,189",-5,-0.42%,82,11.9倍,2.81倍,2.86%
20261006,1798,イントラマト,3850,東S,,"3,790",-45,-1.17%,82,17.7倍,3.15倍,1.98%
20261006,1799,システムサポ,4396,東P,,"1,357",+38,+2.88%,81,13.0倍,3.89倍,3.10%
20261006,1800,魚力,7596,東P,,"2,112",-25,-1.17%,81,27.3倍,1.55倍,2.46%
20261006,1801,野村コア３０,1311,東Ｅ,,"2,210",+34,+1.56%,81,ー倍,ー倍,ー%
20261006,1802,ファンタジス,1783,東S,,73,0,0.00%,80,50.3倍,1.84倍,ー%
20261006,1803,日特建,1929,東P,,"1,166",0,0.00%,80,13.2倍,1.32倍,4.29%
20261006,1804,エノモト,6928,東S,,"3,460",+25,+0.73%,80,12.7倍,0.93倍,2.31%
20261006,1805,サツドラＨＤ,3544,東S,,"1,246",-1,-0.08%,80,ー倍,1.73倍,ー%
20261006,1806,東北新社,2329,東S,,475,-4,-0.84%,79,ー倍,0.66倍,5.70%
20261006,1807,手間いらず,2477,東S,,"3,290",+75,+2.33%,79,14.4倍,2.89倍,1.61%
20261006,1808,石井表記,6336,東S,,"1,726",-2,-0.12%,79,12.9倍,1.23倍,2.38%
20261006,1809,ヨシタケ,6488,東S,,"1,015",-35,-3.33%,79,9.29倍,0.70倍,3.55%
20261006,1810,ＯｎｅＥＳＧ,1498,東Ｅ,,"33,570",+250,+0.75%,79,ー倍,ー倍,ー%
20261006,1811,ぴあ,4337,東P,,"2,437",+2,+0.08%,79,24.9倍,3.47倍,1.23%
20261006,1812,プラスゼロ,5132,東G,,"1,960",+4,+0.20%,79,32.2倍,9.25倍,ー%
20261006,1813,ｉＳＱＴＯＰ,392A,東Ｅ,,295.3,+4.2,+1.44%,79,ー倍,ー倍,ー%
20261006,1814,Ｄｅｆコン,4833,東G,,55,0,0.00%,79,2.98倍,2.11倍,ー%
20261006,1815,ヨータイ,5357,東P,,"1,701",+11,+0.65%,79,12.1倍,0.91倍,5.29%
20261006,1816,イオン北海道,7512,東S,,846,+2,+0.24%,78,39.2倍,1.62倍,1.89%
20261006,1817,システムソフ,7527,東S,,47,+1,+2.17%,78,224倍,0.95倍,ー%
20261006,1818,川上塗,4616,東S,,"3,360",+435,+14.87%,77,18.4倍,0.95倍,1.34%
20261006,1819,新光商,8141,東P,,"1,565",-2,-0.13%,77,31.9倍,0.83倍,ー%
20261006,1820,テーオーシー,8841,東S,,963,-4,-0.41%,77,27.4倍,0.81倍,1.14%
20261006,1821,ＧＸ防衛日株,513A,東Ｅ,,843,0,0.00%,77,ー倍,ー倍,ー%
20261006,1822,イチネンＨＤ,9619,東P,,"2,680",0,0.00%,77,5.33倍,0.81倍,3.36%
20261006,1823,ＣＡＮＢＡＳ,4575,東G,,767,-7,-0.90%,76,ー倍,9.43倍,ー%
20261006,1824,ダイコク電,6430,東P,,"2,301",-5,-0.22%,76,10.9倍,0.67倍,4.35%
20261006,1825,共同印,7914,東P,,"1,686",0,0.00%,76,11.1倍,0.67倍,4.74%
20261006,1826,セキュア,4264,東G,,"1,399",+36,+2.64%,76,21.2倍,2.18倍,ー%
20261006,1827,ＭＷＣＣ,9227,東G,,808,-2,-0.25%,76,"3,232倍",107倍,ー%
20261006,1828,ＭＩＣ,300A,東S,,"2,810",-3,-0.11%,76,14.8倍,2.20倍,2.74%
20261006,1829,ＧＸＳカバコ,2868,東Ｅ,,"1,153",+6,+0.52%,75,ー倍,ー倍,ー%
20261006,1830,クイック,4318,東P,,837,+2,+0.24%,75,16.6倍,2.32倍,4.54%
20261006,1831,ＮＥＸＹＺ．,4346,東S,,890,-6,-0.67%,75,12.2倍,3.40倍,3.37%
20261006,1832,ラクオリア,4579,東G,,623,+16,+2.64%,75,ー倍,2.09倍,ー%
20261006,1833,ユニシアＨＤ,3547,東S,,"1,925",-11,-0.57%,75,41.8倍,2.83倍,ー%
20261006,1834,ファーマＦ,2929,東P,,683,-5,-0.73%,75,9.02倍,1.51倍,3.66%
20261006,1835,ＴＥＩＫＯＫ,6333,東P,,"3,600",-5,-0.14%,75,14.7倍,1.77倍,3.67%
20261006,1836,エリアリンク,8914,東S,,822,-3,-0.36%,75,11.0倍,1.35倍,3.35%
20261006,1837,ランビジネス,8944,東S,,280,+20,+7.69%,74,10.8倍,0.31倍,2.14%
20261006,1838,スタティアＨ,3393,東P,,"3,100",+30,+0.98%,74,12.4倍,3.61倍,4.68%
20261006,1839,エラン,6099,東P,,701,+2,+0.29%,74,13.3倍,2.76倍,2.28%
20261006,1840,ブランジスタ,6176,東S,,993,+10,+1.02%,74,7.18倍,2.37倍,6.55%
20261006,1841,多木化,4025,東P,,"5,900",+60,+1.03%,74,14.1倍,1.05倍,1.78%
20261006,1842,ＴＤＣソフト,4687,東P,,"1,077",+10,+0.94%,73,12.8倍,2.22倍,3.16%
20261006,1843,エンビプロ,5698,東S,,706,-4,-0.56%,73,9.58倍,1.07倍,3.12%
20261006,1844,ネツレン,5976,東P,,"1,449",+11,+0.76%,73,21.0倍,0.80倍,4.90%
20261006,1845,日本ＭＤＭ,7600,東P,,636,-4,-0.63%,73,279倍,0.68倍,2.67%
20261006,1846,学研ＨＤ,9470,東P,,"1,006",-7,-0.69%,73,11.2倍,0.84倍,2.88%
20261006,1847,アイモバイル,6535,東P,,484,+3,+0.62%,73,8.49倍,1.56倍,5.58%
20261006,1848,ＡＤＷＧ,2982,東P,,401,+2,+0.50%,73,6.41倍,0.89倍,4.99%
20261006,1849,坪田ラボ,4890,東G,,265,+15,+6.00%,73,101倍,9.44倍,ー%
20261006,1850,あすか薬ＨＤ,4886,東P,,"2,021",+11,+0.55%,72,12.0倍,0.81倍,3.22%
20261006,1851,コプロＨＤ,7059,東P,,924,-11,-1.18%,72,21.3倍,3.81倍,5.41%
20261006,1852,ミンカブ,4436,東G,,625,-9,-1.42%,72,3.20倍,7.01倍,ー%
20261006,1853,ダイト,4577,東P,,"1,319",+18,+1.38%,72,12.4倍,0.70倍,3.41%
20261006,1854,アルプス技,4641,東P,,866,+7,+0.81%,72,13.1倍,2.42倍,4.16%
20261006,1855,オプティム,3694,東P,,468,+1,+0.21%,72,22.5倍,2.71倍,ー%
20261006,1856,野村電力ガス,1627,東Ｅ,,"11,955",+10,+0.08%,72,ー倍,ー倍,ー%
20261006,1857,Ｅ・ＪＨＤ,2153,東P,,"1,857",+7,+0.38%,72,9.02倍,0.83倍,4.42%
20261006,1858,日阪製,6247,東P,,"1,632",+6,+0.37%,72,17.8倍,0.67倍,3.37%
20261006,1859,バリュエンス,9270,東G,,"1,905",+18,+0.95%,72,8.37倍,2.39倍,2.36%
20261006,1860,スペース,9622,東P,,"1,399",+9,+0.65%,72,10.4倍,0.96倍,5.15%
20261006,1861,地銀業界改革,395A,東Ｅ,,"1,146.5",+30.5,+2.73%,72,ー倍,ー倍,ー%
20261006,1862,ＧＸ韓半導体,633A,東Ｅ,,"1,110",+8,+0.73%,72,ー倍,ー倍,ー%
20261006,1863,ルネサンス,2378,東P,,970,-4,-0.41%,72,38.2倍,2.39倍,1.34%
20261006,1864,新日本製薬,4931,東P,,"1,962",+9,+0.46%,71,12.2倍,1.71倍,2.91%
20261006,1865,ポピンズ,7358,東S,,"1,857",+49,+2.71%,71,11.7倍,1.83倍,2.91%
20261006,1866,ジーデップ,5885,東S,,"3,155",-30,-0.94%,71,20.9倍,4.92倍,1.52%
20261006,1867,高島,8007,東P,,776,+6,+0.78%,71,16.6倍,1.16倍,5.93%
20261006,1868,インテージＨ,4326,東P,,"1,880",+19,+1.02%,71,17.9倍,2.11倍,2.66%
20261006,1869,三谷セキ,5273,東S,,"1,977",-5,-0.25%,71,13.6倍,1.30倍,2.20%
20261006,1870,野村素材化学,1620,東Ｅ,,"38,440",+360,+0.95%,71,ー倍,ー倍,ー%
20261006,1871,グリーンエナ,1436,東G,,"1,850",-31,-1.65%,70,23.8倍,3.93倍,0.32%
20261006,1872,日シス技術,4323,東P,,"1,909",+19,+1.01%,70,15.8倍,2.90倍,2.62%
20261006,1873,エイチーム,3662,東P,,913,-1,-0.11%,70,56.6倍,1.96倍,3.07%
20261006,1874,ｅＷｅＬＬ,5038,東G,,"2,304",+8,+0.35%,70,26.2倍,9.86倍,0.91%
20261006,1875,フュージック,5256,東G,,"3,835",+95,+2.54%,69,27.3倍,4.03倍,ー%
20261006,1876,エンカレッジ,3682,東S,,623,+22,+3.66%,69,18.6倍,1.22倍,4.33%
20261006,1877,プロＨＤ,9246,東G,,"2,194",0,0.00%,69,77.7倍,5.12倍,ー%
20261006,1878,まんだらけ,2652,東S,,427,+12,+2.89%,69,9.82倍,1.06倍,0.23%
20261006,1879,ブラインド,7989,東P,,"2,613",+7,+0.27%,69,16.0倍,0.91倍,4.59%
20261006,1880,トレイダーズ,8704,東S,,"1,392",+9,+0.65%,69,7.70倍,1.80倍,3.23%
20261006,1881,コニシ,4956,東P,,"1,457",+11,+0.76%,69,11.0倍,0.98倍,2.61%
20261006,1882,チノー,6850,東P,,"1,816",+1,+0.06%,69,13.8倍,1.29倍,3.30%
20261006,1883,トーカイ,9729,東P,,"2,555",+39,+1.55%,69,12.9倍,0.93倍,3.13%
20261006,1884,ミニストップ,9946,東P,,"1,787",+15,+0.85%,68,518倍,2.17倍,1.12%
20261006,1885,アセンテック,3565,東S,,493,+13,+2.71%,68,14.8倍,3.22倍,3.04%
20261006,1886,Ｄサイクル,5888,東G,,"2,609",-121,-4.43%,68,7.15倍,1.08倍,2.80%
20261006,1887,Ｄｍミックス,7354,東S,,359,0,0.00%,68,9.34倍,1.05倍,2.65%
20261006,1888,メドレックス,4586,東G,,59,-1,-1.67%,68,ー倍,2.63倍,ー%
20261006,1889,サニックスＨ,4651,東S,,238,-5,-2.06%,68,11.4倍,1.04倍,1.26%
20261006,1890,小野建,7414,東P,,"1,368",+1,+0.07%,68,8.16倍,0.36倍,5.04%
20261006,1891,ザ・パック,3950,東P,,"1,424",+4,+0.28%,67,14.6倍,1.00倍,2.95%
20261006,1892,ＭＸ高利Ｊリ,1660,東Ｅ,,"9,870",+8,+0.08%,67,ー倍,ー倍,ー%
20261006,1893,北陸電工,1930,東P,,"1,531",+5,+0.33%,67,10.3倍,0.91倍,3.14%
20261006,1894,出前館,2484,東S,,150,-4,-2.60%,67,ー倍,0.75倍,ー%
20261006,1895,片倉,3001,東S,,"2,976",+48,+1.64%,67,12.7倍,0.94倍,2.02%
20261006,1896,バイク王,3377,東S,,422,+8,+1.93%,67,8.06倍,0.79倍,2.61%
20261006,1897,バロック,3548,東P,,640,-4,-0.62%,67,31.0倍,1.72倍,5.94%
20261006,1898,ラクトＪ,3139,東P,,"3,415",+20,+0.59%,66,9.91倍,1.02倍,3.87%
20261006,1899,オロ,3983,東P,,"1,913",+21,+1.11%,66,13.5倍,2.89倍,2.61%
20261006,1900,Ｔワークス,3997,東S,,433,+13,+3.10%,66,58.5倍,6.97倍,0.46%
20261006,1901,カイオム,4583,東G,,99,-3,-2.94%,66,ー倍,5.19倍,ー%
20261006,1902,ＩＤＨＤ,4709,東P,,"1,061",+19,+1.82%,66,12.0倍,2.41倍,4.71%
20261006,1903,ＦＰパートナ,7388,東P,,"2,264",+27,+1.21%,66,32.3倍,4.72倍,4.15%
20261006,1904,Ａｒｅｎｔ,5254,東G,,"4,235",+5,+0.12%,66,28.5倍,3.98倍,ー%
20261006,1905,日本トリム,6788,東P,,"5,280",+60,+1.15%,66,17.9倍,1.69倍,2.46%
20261006,1906,リテールＰＡ,8167,東P,,"1,425",+4,+0.28%,66,11.1倍,0.65倍,2.81%
20261006,1907,ワイズＨＤ,5955,東S,,82,0,0.00%,66,29.5倍,0.91倍,1.22%
20261006,1908,日山村硝,5210,東S,,"2,792",+40,+1.45%,65,9.83倍,0.49倍,5.37%
20261006,1909,三菱紙,3864,東P,,"1,212",+4,+0.33%,65,8.18倍,0.51倍,1.65%
20261006,1910,ｇｕｍｉ,3903,東P,,197,-2,-1.01%,65,ー倍,0.56倍,ー%
20261006,1911,ケンコーマヨ,2915,東P,,"1,958",+10,+0.51%,65,9.94倍,0.68倍,3.58%
20261006,1912,ｉＳ米債７,1656,東Ｅ,,296.3,-0.7,-0.24%,65,ー倍,ー倍,ー%
20261006,1913,ツカモト,8025,東S,,"1,445",+45,+3.21%,65,38.9倍,0.34倍,2.08%
20261006,1914,東京産,8070,東P,,"1,013",+10,+1.00%,65,15.6倍,1.01倍,3.95%
20261006,1915,トマト銀,8542,東S,,"1,976",+22,+1.13%,64,12.4倍,0.48倍,2.53%
20261006,1916,ＦＪネクＨＤ,8935,東P,,"1,935",+18,+0.94%,64,6.04倍,0.76倍,4.13%
20261006,1917,群栄化,4229,東P,,"4,325",+110,+2.61%,64,16.9倍,0.50倍,2.77%
20261006,1918,ジェイリース,7187,東P,,"1,330",+16,+1.22%,64,9.40倍,3.22倍,4.51%
20261006,1919,リプロセル,4978,東G,,140,+3,+2.19%,64,ー倍,1.60倍,ー%
20261006,1920,ｉＦＳＰ有,2248,東Ｅ,,"2,784",+26,+0.94%,64,ー倍,ー倍,ー%
20261006,1921,ファーストＡ,5588,東G,,732,+21,+2.95%,64,39.2倍,5.05倍,0.53%
20261006,1922,グリーンズ,6547,東S,,"2,040",+10,+0.49%,64,6.23倍,2.21倍,2.79%
20261006,1923,ヤーマン,6630,東P,,769,-7,-0.90%,64,121倍,1.74倍,1.17%
20261006,1924,京写,6837,東S,,445,+21,+4.95%,63,14.8倍,0.62倍,2.02%
20261006,1925,日産車体,7222,東S,,907,+6,+0.67%,63,8.78倍,0.66倍,ー%
20261006,1926,シード,7743,東S,,793,-1,-0.13%,63,17.8倍,1.26倍,ー%
20261006,1927,ラサ商事,3023,東S,,"2,102",+21,+1.01%,63,11.0倍,0.94倍,3.81%
20261006,1928,トビラシステ,4441,東S,,"1,538",+30,+1.99%,63,29.9倍,5.16倍,2.60%
20261006,1929,ワシントンＨ,4691,東S,,"2,022",-19,-0.93%,63,10.5倍,1.97倍,2.23%
20261006,1930,ＰＲＯＮＩ,479A,東G,,"1,956",-26,-1.31%,63,9.64倍,4.26倍,ー%
20261006,1931,インテリＷ,4847,東P,,"1,497",-3,-0.20%,63,25.6倍,3.89倍,2.47%
20261006,1932,フコク,5185,東P,,"1,946",+24,+1.25%,63,12.0倍,0.67倍,5.14%
20261006,1933,イワブチ,5983,東S,,"15,000",-140,-0.92%,63,22.6倍,0.74倍,2.20%
20261006,1934,パンチ,6165,東S,,558,+12,+2.20%,63,12.8倍,0.63倍,3.60%
20261006,1935,中村超硬,6166,東G,,605,-15,-2.42%,62,ー倍,7.25倍,ー%
20261006,1936,鎌倉新書,6184,東P,,610,-1,-0.16%,62,22.9倍,4.34倍,3.28%
20261006,1937,オプトエレ,6664,東S,,261,-13,-4.74%,62,ー倍,0.51倍,ー%
20261006,1938,フジオフード,2752,東P,,"1,152",+2,+0.17%,62,538倍,6.93倍,0.26%
20261006,1939,ハニーズＨＤ,2792,東P,,"1,388",+12,+0.87%,62,15.5倍,0.80倍,3.96%
20261006,1940,安永,7271,東S,,814,+9,+1.12%,62,6.45倍,0.57倍,4.67%
20261006,1941,マイクロアド,9553,東G,,621,-15,-2.36%,62,24.3倍,4.14倍,ー%
20261006,1942,上場ダウヘ無,2235,東Ｅ,,"3,517",+18,+0.51%,62,ー倍,ー倍,ー%
20261006,1943,ＳＢＩリーシ,5834,東G,,"2,743",+25,+0.92%,61,7.17倍,1.43倍,4.19%
20261006,1944,アミューズ,4301,東P,,"1,828",+6,+0.33%,61,23.7倍,0.83倍,3.50%
20261006,1945,カナデン,8081,東P,,"2,623",-18,-0.68%,61,14.6倍,1.14倍,3.81%
20261006,1946,ビーロット,3452,東S,,"1,370",+1,+0.07%,61,5.16倍,1.16倍,5.84%
20261006,1947,ホテルレジＲ,3472,東Ｒ,,"65,800",-100,-0.15%,61,16.6倍,0.81倍,6.05%
20261006,1948,アクセルＭ,3624,東G,,88,+1,+1.15%,61,ー倍,17.3倍,ー%
20261006,1949,フォースタ,7089,東G,,"1,579",+37,+2.40%,61,10.8倍,3.36倍,ー%
20261006,1950,クレオス,8101,東P,,"2,471",-6,-0.24%,60,11.4倍,0.88倍,4.29%
20261006,1951,ｉＳ米２０,2255,東Ｅ,,188.3,-1.0,-0.53%,60,ー倍,ー倍,ー%
20261006,1952,モリト,9837,東P,,"1,819",+5,+0.28%,60,15.0倍,1.11倍,3.96%
20261006,1953,ブライトパス,4594,東G,,46,-2,-4.17%,60,ー倍,3.52倍,ー%
20261006,1954,大阪製鉄,5449,東S,,"2,420",0,0.00%,60,241倍,0.65倍,ー%
20261006,1955,キャリアＬ,6070,東P,,"2,514",+19,+0.76%,60,10.6倍,1.91倍,4.77%
20261006,1956,東洋電,6505,東S,,"2,370",+13,+0.55%,60,8.75倍,0.74倍,4.89%
20261006,1957,ＳＥＭＴＥＣ,6626,東S,,"2,610",+121,+4.86%,60,12.2倍,1.01倍,2.15%
20261006,1958,帝通工,6763,東P,,"2,919",+40,+1.39%,60,19.0倍,0.92倍,4.28%
20261006,1959,野村メモリ,639A,東Ｅ,,204.9,-2.6,-1.25%,60,ー倍,ー倍,ー%
20261006,1960,ＳＭＤリート,1398,東Ｅ,,"1,696.0",-7.0,-0.41%,60,ー倍,ー倍,ー%
20261006,1961,イクヨ,7273,東S,,573,-11,-1.88%,60,274倍,1.28倍,0.52%
20261006,1962,リックス,7525,東P,,"3,500",-25,-0.71%,60,9.46倍,0.98倍,4.63%
20261006,1963,幸楽苑,7554,東P,,"1,150",+9,+0.79%,60,17.6倍,3.09倍,1.30%
20261006,1964,愛時計,7723,東P,,"2,863",+1,+0.03%,60,12.3倍,0.86倍,4.19%
20261006,1965,白銅,7637,東P,,"3,550",+30,+0.85%,59,11.2倍,1.54倍,4.03%
20261006,1966,ＯＡＴアグリ,4979,東S,,"2,798",+30,+1.08%,59,11.7倍,1.33倍,2.14%
20261006,1967,上場ＮＱヘ有,2569,東Ｅ,,"4,522",+40,+0.89%,59,ー倍,ー倍,ー%
20261006,1968,ハリマ化成Ｇ,4410,東P,,"1,146",+18,+1.60%,59,10.5倍,0.67倍,3.66%
20261006,1969,リアルゲイト,5532,東G,,"3,440",-45,-1.29%,59,30.8倍,3.49倍,ー%
20261006,1970,山陽電,9052,東P,,"1,907",+5,+0.26%,59,14.1倍,0.66倍,2.62%
20261006,1971,アイネス,9742,東P,,"2,288",+36,+1.60%,59,28.0倍,1.30倍,2.40%
20261006,1972,防衛日本株,644A,東EN,,"10,240",-30,-0.29%,59,ー倍,ー倍,ー%
20261006,1973,コンドー,7438,東P,,"1,636",0,0.00%,58,12.4倍,1.09倍,3.55%
20261006,1974,進和,7607,東P,,"3,015",+5,+0.17%,58,13.1倍,0.87倍,4.11%
20261006,1975,オークワ,8217,東P,,771,+2,+0.26%,58,627倍,0.43倍,3.37%
20261006,1976,九州リース,8596,東S,,"1,513",+8,+0.53%,58,8.16倍,0.74倍,4.10%
20261006,1977,ニチリン,5184,東S,,"4,155",+40,+0.97%,58,9.67倍,0.86倍,4.57%
20261006,1978,マクビープラ,7095,東P,,"1,125",+22,+1.99%,58,7.37倍,1.15倍,4.89%
20261006,1979,燦ＨＤ,9628,東P,,"1,297",+5,+0.39%,58,9.55倍,0.79倍,3.10%
20261006,1980,ダイヤＨＤ,6699,東S,,484,+5,+1.04%,58,613倍,0.41倍,5.17%
20261006,1981,ポールＨＤ,3657,東P,,333,+1,+0.30%,58,16.8倍,1.40倍,4.80%
20261006,1982,野村ボベスパ,1325,東Ｅ,,342.0,+11.0,+3.32%,58,ー倍,ー倍,ー%
20261006,1983,ｉＦＲＥＩＴ,1488,東Ｅ,,"1,731",+16,+0.93%,58,ー倍,ー倍,ー%
20261006,1984,ＷＴ天然ガス,1689,東Ｅ,,747,+16,+2.19%,57,ー倍,ー倍,ー%
20261006,1985,オーナンバ,5816,東S,,"1,435",-4,-0.28%,57,9.20倍,0.59倍,4.88%
20261006,1986,三協立山,5932,東P,,636,+4,+0.63%,57,19.9倍,0.22倍,3.93%
20261006,1987,ＯｎｅＪ１０,495A,東Ｅ,,952.8,ー,ー%,57,ー倍,ー倍,ー%
20261006,1988,リンカーズ,5131,東G,,151,-7,-4.43%,57,ー倍,5.21倍,ー%
20261006,1989,高千穂交易,2676,東P,,"2,064",+28,+1.38%,57,23.4倍,2.30倍,3.68%
20261006,1990,早稲アカ,4718,東P,,"2,415",+2,+0.08%,57,15.7倍,2.73倍,3.11%
20261006,1991,メディアドゥ,3678,東P,,"1,178",+24,+2.08%,57,14.9倍,0.96倍,3.40%
20261006,1992,コーア商ＨＤ,9273,東P,,776,+6,+0.78%,57,9.10倍,1.05倍,2.45%
20261006,1993,ジェコス,9991,東P,,"1,752",+17,+0.98%,57,10.3倍,0.83倍,3.94%
20261006,1994,Ｔホライゾン,6629,東S,,"1,045",+8,+0.77%,57,8.28倍,1.13倍,3.16%
20261006,1995,ヒラノテク,6245,東S,,"1,816",+22,+1.23%,56,25.0倍,0.69倍,4.63%
20261006,1996,Ｖコマース,2491,東P,,455,+6,+1.34%,56,ー倍,0.87倍,3.52%
20261006,1997,ｉＳ高配当,1478,東Ｅ,,"5,335",+38,+0.72%,56,ー倍,ー倍,ー%
20261006,1998,上場高配当,1698,東Ｅ,,"4,344",+46,+1.07%,56,ー倍,ー倍,ー%
20261006,1999,長府製,5946,東P,,"1,986",+6,+0.30%,56,21.1倍,0.48倍,2.32%
20261006,2000,ラックランド,9612,東P,,"1,239",+6,+0.49%,56,5.55倍,1.04倍,3.23%
20261006,2001,ＵＥＸ,9888,東S,,"1,206",0,0.00%,56,4.14倍,0.65倍,ー%
20261006,2002,フォーカス,4662,東P,,"1,620",+36,+2.27%,56,9.66倍,1.62倍,4.20%
20261006,2003,アンビスＨＤ,7071,東P,,385,+6,+1.58%,56,18.0倍,0.98倍,1.04%
20261006,2004,サイバーリン,3683,東S,,"1,068",+17,+1.62%,56,9.18倍,1.24倍,3.28%
20261006,2005,中外炉,1964,東P,,"3,835",+35,+0.92%,55,10.6倍,0.92倍,4.69%
20261006,2006,ＣＶＳベイ,2687,東S,,489,-6,-1.21%,55,9.85倍,0.76倍,4.09%
20261006,2007,ｉＦＳＰＷブ,2237,東Ｅ,,"2,489",+45,+1.84%,55,ー倍,ー倍,ー%
20261006,2008,ｉＳＨＹ社債,2258,東Ｅ,,219.6,+0.6,+0.27%,55,ー倍,ー倍,ー%
20261006,2009,近鉄百,8244,東S,,"1,898",+40,+2.15%,55,19.7倍,1.65倍,1.05%
20261006,2010,東京衡機,7719,東S,,502,-7,-1.38%,55,15.3倍,2.03倍,ー%
20261006,2011,マーベラス,7844,東P,,516,-3,-0.58%,55,14.4倍,1.04倍,2.91%
20261006,2012,サンアスタ,4053,東P,,517,+8,+1.57%,55,14.6倍,1.71倍,1.93%
20261006,2013,ドリームＩ,4310,東P,,"2,546",+48,+1.92%,55,ー倍,2.09倍,5.38%
20261006,2014,ＩＴＦＯＲ,4743,東P,,"1,603",-1,-0.06%,54,12.5倍,2.12倍,4.99%
20261006,2015,明和地所,8869,東S,,783,+4,+0.51%,54,6.33倍,0.49倍,5.11%
20261006,2016,日神ＧＨＤ,8881,東P,,632,+2,+0.32%,54,8.43倍,0.42倍,5.85%
20261006,2017,東祥,8920,東S,,665,+10,+1.53%,54,7.21倍,0.62倍,1.50%
20261006,2018,ｅＢＡＳＥ,3835,東P,,435,+6,+1.40%,54,17.9倍,2.82倍,3.49%
20261006,2019,ベステラ,1433,東P,,"1,218",+8,+0.66%,54,20.4倍,2.06倍,3.28%
20261006,2020,ナカノフドー,1827,東S,,"1,373",-36,-2.56%,54,16.3倍,0.95倍,1.82%
20261006,2021,カンロ,2216,東S,,"1,047",+11,+1.06%,54,14.3倍,2.18倍,3.15%
20261006,2022,野村電機精密,1625,東Ｅ,,"70,200",+630,+0.91%,53,ー倍,ー倍,ー%
20261006,2023,サーバワクス,4434,東S,,"2,398",+15,+0.63%,53,19.7倍,1.77倍,1.25%
20261006,2024,サイプレス,428A,東S,,"1,704",-35,-2.01%,53,27.8倍,8.15倍,0.59%
20261006,2025,かわでん,6648,東S,,"1,660",-11,-0.66%,53,9.04倍,1.28倍,3.98%
20261006,2026,千代田インテ,6915,東S,,"3,580",+55,+1.56%,53,8.61倍,0.78倍,4.47%
20261006,2027,ククレブ,276A,東G,,"4,160",+40,+0.97%,53,30.6倍,4.45倍,0.72%
20261006,2028,帝ホテル,9708,東S,,942,+1,+0.11%,53,60.3倍,2.28倍,0.64%
20261006,2029,フイルコン,5942,東S,,723,0,0.00%,53,12.0倍,0.59倍,3.87%
20261006,2030,報国マテリア,5542,東S,,"1,237",-13,-1.04%,52,12.9倍,1.38倍,2.43%
20261006,2031,ＪＡＬＣＯ,6625,東S,,329,+3,+0.92%,52,34.3倍,2.17倍,5.47%
20261006,2032,上場高配５０,399A,東Ｅ,,"2,300",+18,+0.79%,52,ー倍,ー倍,ー%
20261006,2033,ＢＢタワー,3776,東S,,265,-6,-2.21%,52,34.0倍,1.78倍,0.75%
20261006,2034,ＣＳＨＤ,3810,東S,,181,-5,-2.69%,52,ー倍,2.27倍,ー%
20261006,2035,神奈交,9081,東P,,"3,695",-20,-0.54%,52,12.2倍,0.68倍,2.44%
20261006,2036,エイビック,9554,東G,,"1,824",+66,+3.75%,52,15.2倍,4.01倍,ー%
20261006,2037,ラストワンＭ,9252,東G,,"4,320",+85,+2.01%,52,10.3倍,2.17倍,0.69%
20261006,2038,新家工,7305,東S,,"2,677",+4,+0.15%,52,15.0倍,0.74倍,5.60%
20261006,2039,ユーソナー,431A,東G,,"2,542",+27,+1.07%,51,19.9倍,4.21倍,ー%
20261006,2040,保土谷,4112,東P,,"2,111",+6,+0.29%,51,25.9倍,0.62倍,2.84%
20261006,2041,Ｃ＆Ｒ,4763,東P,,"1,517",+17,+1.13%,51,9.31倍,1.65倍,3.36%
20261006,2042,モロゾフ,2217,東P,,"1,455",-2,-0.14%,51,100倍,1.46倍,0.69%
20261006,2043,理想科学,6413,東P,,"1,023",-1,-0.10%,51,15.5倍,0.94倍,4.89%
20261006,2044,ＣＯＴＡ,4923,東P,,"1,130",-12,-1.05%,51,25.5倍,2.85倍,1.77%
20261006,2045,日精線,5659,東P,,"1,394",+3,+0.22%,51,15.3倍,1.01倍,3.30%
20261006,2046,アサンテ,6073,東P,,"1,338",+18,+1.36%,51,374倍,1.39倍,4.63%
20261006,2047,三谷産業,8285,東S,,816,+19,+2.38%,51,19.3倍,0.88倍,1.59%
20261006,2048,アンビＤＸ,3300,東G,,"1,828",+12,+0.66%,51,5.22倍,1.39倍,6.13%
20261006,2049,巴川コーポ,3878,東S,,952,-11,-1.14%,51,13.4倍,0.51倍,1.58%
20261006,2050,ノイル,4893,東G,,114,-3,-2.56%,51,ー倍,1.39倍,ー%
20261006,2051,ナレルＧ,9163,東G,,"2,374",+24,+1.02%,51,9.94倍,1.39倍,4.84%
20261006,2052,ウルフハンド,194A,東G,,"1,663",-32,-1.89%,51,13.0倍,3.52倍,1.56%
20261006,2053,ＡＩＦＣＧ,254A,東S,,"1,140",-10,-0.87%,51,19.8倍,2.29倍,ー%
20261006,2054,ミーク,332A,東G,,"1,167",-7,-0.60%,50,13.1倍,2.07倍,ー%
20261006,2055,ウィルＧ,6089,東P,,"1,129",+7,+0.62%,50,11.7倍,1.29倍,3.90%
20261006,2056,レック,7874,東P,,955,0,0.00%,50,10.3倍,0.82倍,2.93%
20261006,2057,若築建,1888,東P,,"3,580",0,0.00%,50,10.4倍,0.86倍,4.05%
20261006,2058,サクサ,6675,東S,,"2,065",+9,+0.44%,50,2.19倍,0.77倍,6.05%
20261006,2059,ザイン,6769,東S,,"1,285",-38,-2.87%,50,127倍,1.57倍,1.17%
20261006,2060,アイコム,6820,東P,,"3,485",-55,-1.55%,50,16.1倍,0.68倍,2.50%
20261006,2061,神島化,4026,東S,,"1,593",+2,+0.13%,50,9.00倍,0.97倍,3.26%
20261006,2062,アドウェイズ,2489,東S,,423,0,0.00%,50,11.0倍,1.17倍,2.85%
20261006,2063,システムリサ,3771,東P,,"1,869",+16,+0.86%,50,11.0倍,2.45倍,4.28%
20261006,2064,ＣＣＴ,4371,東G,,"1,533",-38,-2.42%,50,18.7倍,4.78倍,1.37%
20261006,2065,野村ダウＨ有,2846,東Ｅ,,"2,471",+15,+0.61%,50,ー倍,ー倍,ー%
20261006,2066,ミロク情報,9928,東P,,"2,122",+23,+1.10%,50,13.2倍,1.96倍,3.06%
20261006,2067,ＣＴＳ,4345,東P,,819,+3,+0.37%,49,12.3倍,2.04倍,3.66%
20261006,2068,日精蝋,5010,東S,,317,+10,+3.26%,49,3.13倍,0.83倍,ー%
20261006,2069,テクノクラフ,622A,東S,,497,-11,-2.17%,49,11.8倍,1.26倍,ー%
20261006,2070,ネットスタズ,5590,東G,,721,+2,+0.28%,49,24.8倍,1.54倍,ー%
20261006,2071,電気興,6706,東P,,"3,320",0,0.00%,49,12.6倍,0.78倍,3.16%
20261006,2072,北野建,1866,東S,,"1,075",+2,+0.19%,49,7.48倍,0.49倍,2.79%
20261006,2073,ＮＹダウブル,2040,東EN,,"36,980",+430,+1.18%,49,ー倍,ー倍,ー%
20261006,2074,ネクストーン,7094,東G,,"1,840",+25,+1.38%,49,18.0倍,3.15倍,1.20%
20261006,2075,明治電機工業,3388,東P,,"2,134",+25,+1.19%,49,8.80倍,0.70倍,4.50%
20261006,2076,不二家,2211,東P,,"2,485",+22,+0.89%,49,30.5倍,1.07倍,1.21%
20261006,2077,ヒビノ,2469,東S,,"1,379",+54,+4.08%,49,10.5倍,1.97倍,3.26%
20261006,2078,ヨシムラＨＤ,2884,東P,,586,+2,+0.34%,49,10.0倍,1.07倍,ー%
20261006,2079,Ｒフィールド,2910,東P,,"1,354",+10,+0.74%,49,113倍,1.24倍,1.77%
20261006,2080,ＨＳＨＤ,8699,東S,,"1,124",+11,+0.99%,49,ー倍,0.33倍,ー%
20261006,2081,アステナＨＤ,8095,東P,,547,+7,+1.30%,48,9.41倍,0.78倍,3.29%
20261006,2082,あかつき本社,8737,東S,,581,+14,+2.47%,48,5.33倍,0.83倍,5.16%
20261006,2083,空港施設,8864,東S,,909,+2,+0.22%,48,13.2倍,0.73倍,4.62%
20261006,2084,ジャノメ,6445,東P,,"1,332",+18,+1.37%,48,11.1倍,0.64倍,4.50%
20261006,2085,タナベＣＧ,9644,東P,,682,+8,+1.19%,48,18.9倍,2.14倍,4.25%
20261006,2086,ＣＡＣ,4725,東P,,"1,924",+18,+0.94%,48,ー倍,0.92倍,5.20%
20261006,2087,ハンモック,173A,東G,,"1,640",+41,+2.56%,48,11.8倍,2.21倍,3.96%
20261006,2088,野村米半導,346A,東Ｅ,,"5,425",+40,+0.74%,48,ー倍,ー倍,ー%
20261006,2089,ＧセブンＨＤ,7508,東P,,"1,387",+6,+0.43%,48,10.5倍,1.77倍,5.05%
20261006,2090,ＩＴメディア,2148,東P,,"1,123",+16,+1.45%,48,15.9倍,3.10倍,4.45%
20261006,2091,ＷＴ銀,1673,東Ｅ,,"8,700",-86,-0.98%,47,ー倍,ー倍,ー%
20261006,2092,野村Ａ高配,2084,東Ｅ,,"3,903",+1,+0.03%,47,ー倍,ー倍,ー%
20261006,2093,ユシロ,5013,東S,,"3,155",0,0.00%,47,10.4倍,0.83倍,ー%
20261006,2094,ＢＴＣＪＰＮ,8105,東S,,67,-1,-1.47%,47,ー倍,0.97倍,ー%
20261006,2095,キッズバイオ,4584,東G,,170,+4,+2.41%,47,ー倍,4.78倍,ー%
20261006,2096,中央倉,9319,東P,,"1,752",+43,+2.52%,47,14.8倍,0.62倍,2.40%
20261006,2097,ステップ,9795,東P,,"2,189",+31,+1.44%,47,12.3倍,1.23倍,4.02%
20261006,2098,松尾電,6969,東S,,"1,214",+11,+0.91%,47,9.90倍,1.25倍,1.24%
20261006,2099,アトネイチャ,7823,東S,,767,-1,-0.13%,47,20.7倍,0.92倍,3.65%
20261006,2100,日本一ソフト,3851,東S,,"1,375",-24,-1.72%,47,9.69倍,0.89倍,0.36%
20261006,2101,ファインデ,3649,東P,,857,+6,+0.71%,46,16.1倍,3.70倍,3.15%
20261006,2102,エムビーエス,1401,東G,,"1,460",-40,-2.67%,46,ー倍,2.61倍,ー%
20261006,2103,農中Ｊリート,1595,東Ｅ,,"1,718",+7,+0.41%,46,ー倍,ー倍,ー%
20261006,2104,ＷＴ銅,1693,東Ｅ,,"8,940",+99,+1.12%,46,ー倍,ー倍,ー%
20261006,2105,大成温調,1904,東S,,"1,229",-1,-0.08%,46,5.77倍,1.00倍,4.03%
20261006,2106,河合楽,7952,東P,,"3,525",+100,+2.92%,46,19.0倍,0.66倍,2.70%
20261006,2107,柿安本店,2294,東P,,"2,464",+4,+0.16%,46,29.5倍,1.60倍,3.45%
20261006,2108,スタ・アリス,2305,東S,,"1,796",-5,-0.28%,46,24.4倍,1.03倍,2.78%
20261006,2109,エネチェンジ,4169,東G,,261,-2,-0.76%,46,18.8倍,2.16倍,ー%
20261006,2110,上場ＥＳＧリ,2566,東Ｅ,,952,+6,+0.63%,45,ー倍,ー倍,ー%
20261006,2111,エクスＭ,4394,東G,,717,-11,-1.51%,45,32.6倍,2.56倍,1.74%
20261006,2112,東インキ,4635,東S,,"1,998",+19,+0.96%,45,9.31倍,0.78倍,4.75%
20261006,2113,タカトリ,6338,東S,,"1,772",+33,+1.90%,45,28.6倍,0.96倍,2.26%
20261006,2114,加藤製,6390,東P,,"1,285",+3,+0.23%,45,ー倍,0.34倍,5.45%
20261006,2115,オープンＧ,6572,東P,,263,+7,+2.73%,45,22.7倍,1.38倍,2.47%
20261006,2116,アイホン,6718,東P,,"2,702",-1,-0.04%,45,13.8倍,0.63倍,4.81%
20261006,2117,ジオマテック,6907,東S,,810,+11,+1.38%,45,12.6倍,0.62倍,ー%
20261006,2118,ミラティブ,472A,東G,,547,+5,+0.92%,45,9.66倍,2.34倍,ー%
20261006,2119,メディアス,3154,東P,,799,+14,+1.78%,45,12.7倍,0.86倍,2.50%
20261006,2120,ヘリオスＴＨ,6927,東S,,"1,000",+7,+0.70%,45,15.2倍,1.15倍,5.90%
20261006,2121,ブリッジ－Ｇ,7039,東G,,"1,367",+9,+0.66%,45,52.6倍,1.02倍,6.22%
20261006,2122,ＫＮＴＣＴ,9726,東S,,"2,015",0,0.00%,45,9.62倍,2.86倍,0.50%
20261006,2123,ＭＴＩ,9438,東P,,615,+6,+0.99%,44,12.8倍,1.74倍,3.25%
20261006,2124,杉本商,9932,東P,,"1,326",-5,-0.38%,44,13.4倍,0.66倍,4.07%
20261006,2125,ＹＵＳＨＩＮ,6482,東S,,716,+4,+0.56%,44,24.9倍,0.67倍,ー%
20261006,2126,リバーエレク,6666,東S,,857,+17,+2.02%,44,"3,571倍",1.54倍,1.17%
20261006,2127,ネオマーケ,4196,東S,,"1,364",+39,+2.94%,44,11.9倍,4.16倍,ー%
20261006,2128,アイドマＨＤ,7373,東G,,861,-7,-0.81%,44,10.4倍,1.60倍,3.48%
20261006,2129,電算システム,4072,東P,,"3,165",+35,+1.12%,44,13.0倍,1.32倍,3.16%
20261006,2130,クックパッド,2193,東S,,123,+1,+0.82%,44,ー倍,0.67倍,ー%
20261006,2131,ｉＳインド株,201A,東Ｅ,,169.2,+0.4,+0.24%,44,ー倍,ー倍,ー%
20261006,2132,令和ＡＨ,296A,東G,,"1,079",-31,-2.79%,44,28.0倍,17.9倍,3.38%
20261006,2133,ＪＦＥシステ,4832,東S,,"1,816",-21,-1.14%,44,13.0倍,1.64倍,3.85%
20261006,2134,イーガーディ,6050,東P,,"1,642",+28,+1.73%,44,18.4倍,1.56倍,2.31%
20261006,2135,ＭＯＲＥＳＣ,5018,東S,,"2,409",+53,+2.25%,43,14.3倍,0.92倍,2.28%
20261006,2136,アーレスティ,5852,東P,,632,+7,+1.12%,43,ー倍,0.28倍,5.38%
20261006,2137,小池工,6137,東S,,"1,521",+29,+1.94%,43,9.46倍,0.68倍,3.29%
20261006,2138,ブロメディア,4347,東S,,"1,850",-32,-1.70%,43,14.8倍,2.72倍,3.51%
20261006,2139,エニグモ,3665,東P,,408,+5,+1.24%,43,32.8倍,1.66倍,7.35%
20261006,2140,ヒロセ通商,7185,東S,,"3,675",+80,+2.23%,43,ー倍,1.03倍,ー%
20261006,2141,ＧＸ純金Ｈ,424A,東Ｅ,,313.6,-1.5,-0.48%,43,ー倍,ー倍,ー%
20261006,2142,フツパー,478A,東G,,716,+6,+0.85%,43,21.1倍,3.46倍,ー%
20261006,2143,明豊エンタ,8927,東S,,493,+7,+1.44%,43,5.39倍,1.22倍,3.45%
20261006,2144,クロスキャト,2307,東P,,"1,064",+12,+1.14%,43,9.68倍,2.31倍,3.67%
20261006,2145,六甲バタ,2266,東P,,"1,082",+3,+0.28%,42,14.2倍,0.61倍,2.82%
20261006,2146,日特塗,4619,東S,,"2,620",+22,+0.85%,42,10.5倍,0.92倍,4.96%
20261006,2147,ファルコＨＤ,4671,東S,,"2,701",+35,+1.31%,42,13.2倍,1.05倍,4.74%
20261006,2148,恵和,4251,東P,,"1,190",+6,+0.51%,42,10.7倍,0.88倍,4.20%
20261006,2149,リファバスＧ,7375,東G,,"1,262",-20,-1.56%,42,10.6倍,9.05倍,ー%
20261006,2150,三精テクノロ,6357,東S,,"2,597",-34,-1.29%,42,8.70倍,0.91倍,3.66%
20261006,2151,シライ電子,6658,東S,,461,+9,+1.99%,42,11.6倍,0.64倍,4.34%
20261006,2152,ネクスウェア,4814,東S,,169,+2,+1.20%,42,71.6倍,3.15倍,ー%
20261006,2153,ＪＭＡＣＳ,5817,東S,,"1,177",-10,-0.84%,42,26.7倍,1.16倍,1.27%
20261006,2154,ホッカン,5902,東P,,"2,603",+21,+0.81%,42,9.16倍,0.52倍,3.84%
20261006,2155,動物高度医療,6039,東G,,"1,015",+10,+1.00%,42,14.7倍,2.65倍,1.28%
20261006,2156,ｉＳ米高配当,2013,東Ｅ,,299.3,+2.4,+0.81%,42,ー倍,ー倍,ー%
20261006,2157,シマダヤ,250A,東S,,"1,532",+3,+0.20%,42,8.43倍,1.17倍,3.52%
20261006,2158,極東貿易,8093,東P,,"1,761",+7,+0.40%,42,8.48倍,0.63倍,4.20%
20261006,2159,ＳＫジャパン,7608,東S,,961,-3,-0.31%,42,11.8倍,2.40倍,2.50%
20261006,2160,Ｊティッシュ,7774,東G,,843,+12,+1.44%,42,343倍,6.66倍,ー%
20261006,2161,ｉＦＦＮＧ金,521A,東Ｅ,,"1,986",0,0.00%,42,ー倍,ー倍,ー%
20261006,2162,金２倍ブル,606A,東Ｅ,,"19,210",-170,-0.88%,42,ー倍,ー倍,ー%
20261006,2163,ネイス,589A,東G,,"1,362",+23,+1.72%,41,13.9倍,8.86倍,ー%
20261006,2164,ケミプロ,4960,東S,,547,+9,+1.67%,41,55.1倍,1.77倍,0.55%
20261006,2165,ロボホーム,1435,東S,,168,+1,+0.60%,41,7.46倍,1.34倍,1.19%
20261006,2166,東京通信Ｇ,7359,東G,,252,-7,-2.70%,41,23.1倍,2.82倍,ー%
20261006,2167,シモジマ,7482,東P,,"1,430",+1,+0.07%,41,12.9倍,0.90倍,4.13%
20261006,2168,綿半ＨＤ,3199,東P,,"1,265",+7,+0.56%,41,10.3倍,0.97倍,2.45%
20261006,2169,クリヤマＨＤ,3355,東S,,"1,805",+26,+1.46%,41,9.40倍,0.68倍,3.38%
20261006,2170,ツツミ,7937,東S,,"2,432",+13,+0.54%,41,13.6倍,0.55倍,4.73%
20261006,2171,三共興,8018,東S,,846,+24,+2.92%,40,15.6倍,0.51倍,3.19%
20261006,2172,朝日放送ＨＤ,9405,東P,,802,+7,+0.88%,40,12.3倍,0.41倍,2.49%
20261006,2173,フェニクスＢ,6190,東G,,316,+5,+1.61%,40,16.9倍,0.89倍,ー%
20261006,2174,ＩＩＦ,6545,東G,,767,-3,-0.39%,40,9.56倍,2.29倍,3.26%
20261006,2175,テクノメデカ,6678,東S,,"1,980",+5,+0.25%,40,16.3倍,0.92倍,4.70%
20261006,2176,ＢＲＡＮＵ,460A,東G,,"1,145",-15,-1.29%,40,17.7倍,4.90倍,ー%
20261006,2177,ＴＯブックス,500A,東S,,"3,405",+10,+0.29%,40,9.31倍,1.66倍,2.23%
20261006,2178,ソケッツ,3634,東S,,713,-25,-3.39%,40,31.1倍,2.96倍,0.84%
20261006,2179,デジプラ,3691,東G,,"1,840",+60,+3.37%,40,ー倍,10.0倍,ー%
20261006,2180,野村ＳＰＨ有,2634,東Ｅ,,"3,201",+29,+0.91%,40,ー倍,ー倍,ー%
20261006,2181,ジャパニアス,9558,東G,,"1,981",+8,+0.41%,40,9.92倍,2.34倍,5.10%
20261006,2182,ＳＰＫ,7466,東P,,"1,456",+6,+0.41%,40,10.8倍,1.00倍,2.82%
20261006,2183,ＰＳＳ,7707,東G,,222,+5,+2.30%,40,20.9倍,1.49倍,1.35%
20261006,2184,大豊工業,6470,東S,,"1,167",+2,+0.17%,39,9.22倍,0.51倍,2.57%
20261006,2185,上場新興国債,1566,東Ｅ,,"52,160",+20,+0.04%,39,ー倍,ー倍,ー%
20261006,2186,野村金融,1632,東Ｅ,,"42,880",+570,+1.35%,39,ー倍,ー倍,ー%
20261006,2187,田岡化,4113,東S,,847,+30,+3.67%,39,48.5倍,0.62倍,0.71%
20261006,2188,細火工,4274,東S,,"1,109",-9,-0.81%,39,20.2倍,1.27倍,1.17%
20261006,2189,明光ネット,4668,東P,,727,0,0.00%,39,18.3倍,1.52倍,3.99%
20261006,2190,井村屋Ｇ,2209,東P,,"2,284",+13,+0.57%,39,12.2倍,1.16倍,1.66%
20261006,2191,オエノンＨＤ,2533,東P,,473,+3,+0.64%,39,8.95倍,0.95倍,2.54%
20261006,2192,ブルドック,2804,東P,,"1,824",-12,-0.65%,39,23.4倍,0.88倍,2.47%
20261006,2193,北の達人,2930,東P,,132,-2,-1.49%,39,25.1倍,2.39倍,2.65%
20261006,2194,ラクーンＨＤ,3031,東P,,706,+6,+0.86%,39,45.6倍,3.42倍,3.12%
20261006,2195,未来工業,7931,東P,,"3,605",+35,+0.98%,39,13.4倍,1.05倍,3.74%
20261006,2196,ＷＨＤＣ,3823,東S,,40,0,0.00%,39,ー倍,3.61倍,ー%
20261006,2197,ＪＩＧＳＡＷ,3914,東G,,"2,571",+100,+4.05%,39,ー倍,4.71倍,ー%
20261006,2198,Ｏｎｅ高配グ,541A,東Ｅ,,"1,138.0",+7.5,+0.66%,39,ー倍,ー倍,ー%
20261006,2199,かがやきＨＤ,624A,名N,,"1,014",-50,-4.70%,39,9.82倍,2.52倍,ー%
20261006,2200,トランヴィア,545A,東P,,877,+8,+0.92%,38,14.4倍,1.40倍,4.56%
20261006,2201,ｉＳロボット,2522,東Ｅ,,"9,460",+157,+1.69%,38,ー倍,ー倍,ー%
20261006,2202,ヤマウラ,1780,東P,,"1,431",+3,+0.21%,38,9.57倍,1.01倍,2.52%
20261006,2203,松井建,1810,東S,,"1,402",+11,+0.79%,38,10.0倍,0.69倍,4.99%
20261006,2204,リズム,7769,東P,,"3,785",+15,+0.40%,38,17.7倍,0.88倍,4.43%
20261006,2205,高圧ガス,4097,東P,,"1,198",+15,+1.27%,38,14.4倍,0.77倍,3.34%
20261006,2206,日精化,4362,東P,,"2,650",+5,+0.19%,38,11.1倍,1.13倍,3.92%
20261006,2207,ＮＣＤ,4783,東S,,"2,408",-19,-0.78%,38,10.6倍,2.41倍,4.98%
20261006,2208,セントラルＳ,4801,東P,,"2,322",+20,+0.87%,38,17.7倍,0.98倍,1.72%
20261006,2209,アドベンチャ,6030,東G,,"1,543",+61,+4.12%,38,10.1倍,1.23倍,ー%
20261006,2210,アイエスビー,9702,東P,,"2,412",-23,-0.94%,38,15.0倍,1.86倍,2.90%
20261006,2211,大庄,9979,東S,,"1,006",+7,+0.70%,38,23.0倍,1.81倍,1.39%
20261006,2212,ＧＭＯペパボ,3633,東S,,"2,648",+6,+0.23%,38,10.3倍,4.14倍,6.31%
20261006,2213,三谷商,8066,東S,,"3,465",-45,-1.28%,38,13.6倍,1.53倍,2.54%
20261006,2214,シナネンＨＤ,8132,東P,,"7,390",+80,+1.09%,38,15.4倍,1.35倍,1.62%
20261006,2215,ｊｉｇ．ｊｐ,5244,東G,,179,+3,+1.70%,38,6.37倍,1.43倍,1.64%
20261006,2216,コア,2359,東P,,"2,007",-3,-0.15%,37,9.62倍,1.39倍,3.24%
20261006,2217,ベクターＨＤ,2656,東S,,155,-2,-1.27%,37,15.0倍,3.48倍,ー%
20261006,2218,野村台湾テク,412A,東Ｅ,,"4,835",-114,-2.30%,37,ー倍,ー倍,ー%
20261006,2219,ティアック,6803,東S,,97,0,0.00%,37,9.31倍,0.69倍,1.03%
20261006,2220,ツインバード,6897,東S,,544,-22,-3.89%,37,129倍,0.88倍,2.39%
20261006,2221,日本アクア,1429,東P,,785,-2,-0.25%,37,12.8倍,2.24倍,4.46%
20261006,2222,第一カッタ,1716,東S,,"1,325",-1,-0.08%,37,10.2倍,0.74倍,3.40%
20261006,2223,中村屋,2204,東S,,"3,035",+10,+0.33%,37,18.3倍,0.62倍,2.47%
20261006,2224,ヨロズ,7294,東P,,848,+7,+0.83%,37,16.1倍,0.32倍,3.89%
20261006,2225,光・彩,7878,東S,,"1,018",-63,-5.83%,37,4.99倍,0.84倍,3.44%
20261006,2226,プロネクサス,7893,東P,,"1,048",+3,+0.29%,37,13.0倍,1.03倍,4.20%
20261006,2227,東リ,7971,東S,,658,+4,+0.61%,37,11.0倍,0.72倍,5.17%
20261006,2228,クワザワＨＤ,8104,東S,,819,+51,+6.64%,37,10.5倍,0.71倍,3.66%
20261006,2229,イントランス,3237,東G,,90,0,0.00%,37,123倍,34.6倍,ー%
20261006,2230,フリービット,3843,東P,,"1,663",+19,+1.16%,37,10.4倍,4.09倍,2.47%
20261006,2231,モバファク,3912,東S,,"1,056",-16,-1.49%,37,8.37倍,2.75倍,4.83%
20261006,2232,ＢＳ１１,9414,東S,,953,+5,+0.53%,37,13.0倍,0.69倍,3.15%
20261006,2233,ケーユーＨＤ,9856,東S,,"1,180",0,0.00%,37,6.67倍,0.54倍,4.92%
20261006,2234,ステムリム,4599,東G,,165,0,0.00%,37,ー倍,2.49倍,ー%
20261006,2235,モビルス,4370,東G,,374,-23,-5.79%,36,ー倍,1.65倍,ー%
20261006,2236,巴,1921,東S,,"2,038",-27,-1.31%,36,26.3倍,0.91倍,1.18%
20261006,2237,鳥越粉,2009,東S,,"1,126",+1,+0.09%,36,23.4倍,0.71倍,4.35%
20261006,2238,日進工具,6157,東S,,811,+4,+0.50%,36,24.5倍,1.07倍,3.70%
20261006,2239,ラボロＡＩ,5586,東G,,915,+20,+2.23%,36,54.5倍,5.34倍,ー%
20261006,2240,ペガサス,6262,東S,,527,+7,+1.35%,36,50.6倍,0.39倍,ー%
20261006,2241,エヌエフＨＤ,6864,東S,,"1,613",+20,+1.26%,36,16.2倍,0.87倍,2.23%
20261006,2242,カナミックＮ,3939,東P,,493,+4,+0.82%,36,17.1倍,4.36倍,1.83%
20261006,2243,森六,4249,東P,,"2,786",+39,+1.42%,36,7.41倍,0.57倍,4.49%
20261006,2244,ＳＳ金,447A,東Ｅ,,260.2,-0.8,-0.31%,36,ー倍,ー倍,ー%
20261006,2245,クリナップ,7955,東P,,896,+5,+0.56%,36,8.90倍,0.52倍,3.68%
20261006,2246,フェイスＮＷ,3489,東S,,738,+6,+0.82%,36,5.74倍,1.95倍,6.10%
20261006,2247,ソフトウェア,3733,東S,,"11,660",+10,+0.09%,35,8.85倍,1.43倍,1.46%
20261006,2248,野村ＪＰＸ,1591,東Ｅ,,"37,580",+100,+0.27%,35,ー倍,ー倍,ー%
20261006,2249,三晃金,1972,東S,,"1,271",+6,+0.47%,35,10.0倍,0.90倍,5.04%
20261006,2250,ライク,2462,東P,,"1,494",+12,+0.81%,35,11.2倍,1.51倍,4.02%
20261006,2251,マクアケ,4479,東G,,969,-6,-0.62%,35,16.7倍,2.04倍,ー%
20261006,2252,上場ＮＱヘ無,2568,東Ｅ,,"8,421",+91,+1.09%,35,ー倍,ー倍,ー%
20261006,2253,前沢給装,6485,東S,,"1,661",+2,+0.12%,35,16.7倍,0.83倍,3.61%
20261006,2254,メディシノバ,4875,東S,,266,-19,-6.67%,35,ー倍,ー倍,ー%
20261006,2255,アドバネクス,5998,東S,,"2,981",-59,-1.94%,35,6.12倍,1.17倍,1.68%
20261006,2256,ＣＳＰ,9740,東P,,"2,620",+15,+0.58%,35,16.0倍,0.88倍,3.09%
20261006,2257,ニホンフラ,7820,東P,,675,-1,-0.15%,35,17.1倍,0.48倍,5.33%
20261006,2258,ＡＳＮＯＶＡ,640A,東G,,391,-8,-2.01%,35,ー倍,1.65倍,0.51%
20261006,2259,イノバセル,504A,東G,,576,-4,-0.69%,34,ー倍,2.73倍,ー%
20261006,2260,カネコ種,1376,東S,,"1,509",-11,-0.72%,34,10.0倍,0.61倍,3.18%
20261006,2261,リブワーク,1431,東G,,628,-5,-0.79%,34,52.2倍,3.12倍,1.02%
20261006,2262,ココナラ,4176,東G,,278,+8,+2.96%,34,17.3倍,2.79倍,ー%
20261006,2263,スパイダー,4192,東G,,338,+11,+3.36%,34,ー倍,4.43倍,ー%
20261006,2264,ＢＣＣ,7376,東G,,703,-2,-0.28%,34,ー倍,3.01倍,ー%
20261006,2265,上場リートＭ,2552,東Ｅ,,"1,817",+18,+1.00%,34,ー倍,ー倍,ー%
20261006,2266,イートアンド,2882,東P,,"2,011",+3,+0.15%,34,50.3倍,2.00倍,0.75%
20261006,2267,ティムス,4891,東G,,130,0,0.00%,34,ー倍,2.62倍,ー%
20261006,2268,東北銀,8349,東S,,"1,637",+35,+2.18%,34,9.83倍,0.66倍,3.05%
20261006,2269,日産東ＨＤ,8291,東S,,545,+2,+0.37%,33,9.26倍,0.55倍,4.95%
20261006,2270,キューブシス,2335,東P,,"1,014",+3,+0.30%,33,10.3倍,1.38倍,4.54%
20261006,2271,タカミヤ,2445,東S,,383,+2,+0.52%,33,9.49倍,0.77倍,4.18%
20261006,2272,サトウ食品,2923,東S,,"7,220",+120,+1.69%,33,17.7倍,1.47倍,1.04%
20261006,2273,ダブスタ,3925,東P,,"1,293",+15,+1.17%,33,14.6倍,2.94倍,5.41%
20261006,2274,扶桑薬,4538,東P,,"2,154",+4,+0.19%,33,14.1倍,0.51倍,4.18%
20261006,2275,クラウドＷ,3900,東G,,684,-1,-0.15%,33,ー倍,1.68倍,ー%
20261006,2276,ｉＦ日経ベ,1456,東Ｅ,,"1,166",-14,-1.19%,33,ー倍,ー倍,ー%
20261006,2277,シーユーシー,9158,東G,,774,+18,+2.38%,33,20.6倍,0.68倍,ー%
20261006,2278,ＧＸ高配３０,235A,東Ｅ,,"1,434",+18,+1.27%,33,ー倍,ー倍,ー%
20261006,2279,エコス,7520,東P,,"2,452",-55,-2.19%,33,7.67倍,0.91倍,2.85%
20261006,2280,ヤマノＨＤ,7571,東S,,83,-1,-1.19%,33,22.6倍,2.15倍,1.81%
20261006,2281,岡部,5959,東P,,917,+4,+0.44%,33,10.9倍,0.64倍,4.58%
20261006,2282,スカラ,4845,東S,,336,-7,-2.04%,32,10.7倍,1.21倍,5.36%
20261006,2283,ダイドー,3205,東S,,740,+8,+1.09%,32,26.0倍,2.30倍,6.76%
20261006,2284,インタートレ,3747,東S,,454,+18,+4.13%,32,41.8倍,2.76倍,ー%
20261006,2285,フォーサイド,2330,東S,,82,-3,-3.53%,32,44.6倍,1.19倍,ー%
20261006,2286,Ｂガレージ,3180,東P,,"1,674",+14,+0.84%,32,15.6倍,2.46倍,1.08%
20261006,2287,高知銀,8416,東S,,"1,228",+9,+0.74%,32,27.6倍,0.32倍,2.04%
20261006,2288,バルテスＨＤ,4442,東G,,424,+17,+4.18%,32,13.8倍,2.45倍,0.94%
20261006,2289,ＧＭＯコマス,410A,東G,,"1,279",+28,+2.24%,32,15.9倍,2.64倍,4.08%
20261006,2290,ＴＯＲＩＣＯ,7138,東G,,144,0,0.00%,32,ー倍,1.66倍,ー%
20261006,2291,ＪＲＣ,6224,東G,,"1,137",-18,-1.56%,32,12.0倍,2.54倍,2.99%
20261006,2292,ｉＦプ１５０,2017,東Ｅ,,"1,585",+18,+1.15%,32,ー倍,ー倍,ー%
20261006,2293,ＪＥＳＣＯ,1434,東S,,"1,633",+14,+0.86%,32,10.3倍,1.35倍,2.94%
20261006,2294,第一建設,1799,東S,,"3,310",+5,+0.15%,32,13.6倍,0.81倍,4.83%
20261006,2295,コスピベア,2034,東EN,,"1,895",+56,+3.05%,32,ー倍,ー倍,ー%
20261006,2296,リニカル,2183,東S,,202,+1,+0.50%,32,25.4倍,1.42倍,3.96%
20261006,2297,神電鉄,9046,東S,,"2,347",0,0.00%,32,15.6倍,0.72倍,1.07%
20261006,2298,日石輸,9074,東S,,"2,376",-169,-6.64%,32,11.9倍,0.54倍,2.53%
20261006,2299,ファイズＨＤ,9325,東S,,"1,036",+2,+0.19%,32,7.96倍,2.37倍,3.67%
20261006,2300,ＰＣＡ,9629,東P,,"1,554",+19,+1.24%,32,39.1倍,1.82倍,2.57%
20261006,2301,エーアイテイ,9381,東P,,"2,224",+7,+0.32%,31,15.4倍,2.59倍,4.95%
20261006,2302,いであ,9768,東S,,"3,645",+45,+1.25%,31,10.8倍,0.83倍,3.24%
20261006,2303,ｉＦリート２,443A,東Ｅ,,"1,731",+7,+0.41%,31,ー倍,ー倍,ー%
20261006,2304,インバウンド,497A,東EN,,"10,165",+15,+0.15%,31,ー倍,ー倍,ー%
20261006,2305,ギークリー,505A,東S,,"1,334",+19,+1.44%,31,9.47倍,3.91倍,4.27%
20261006,2306,ＡＭＩ,3773,東G,,"1,045",-4,-0.38%,31,13.9倍,1.20倍,2.11%
20261006,2307,ネオジャパン,3921,東P,,"1,594",+3,+0.19%,31,11.9倍,2.78倍,3.39%
20261006,2308,ゲームカード,6249,東S,,"2,669",-37,-1.37%,31,15.6倍,0.62倍,3.75%
20261006,2309,三ッ星,5820,東S,,882,+1,+0.11%,31,12.8倍,0.49倍,1.93%
20261006,2310,冨士ダイス,6167,東P,,"1,010",+11,+1.10%,31,31.9倍,0.98倍,3.96%
20261006,2311,Ｕｂｉｃｏｍ,3937,東S,,"1,119",+12,+1.08%,31,12.9倍,2.33倍,ー%
20261006,2312,ＮＡＮＯＨＤ,4571,東G,,94,-2,-2.08%,31,ー倍,2.59倍,ー%
20261006,2313,イオン九州,2653,東S,,"2,744",+4,+0.15%,31,14.4倍,1.57倍,1.82%
20261006,2314,ポラリスＨＤ,3010,東S,,190,+1,+0.53%,31,27.8倍,1.42倍,5.26%
20261006,2315,サンテック,1960,東S,,"1,696",+51,+3.10%,31,11.3倍,0.77倍,3.24%
20261006,2316,アイケイケイ,2198,東P,,756,+6,+0.80%,31,30.7倍,1.79倍,3.17%
20261006,2317,コパ,7689,東G,,373,+19,+5.37%,31,"1,097倍",1.48倍,ー%
20261006,2318,ユキグニ,1375,東P,,"1,143",+8,+0.70%,31,18.0倍,3.33倍,1.75%
20261006,2319,ビイングＨＤ,9145,東S,,543,-1,-0.18%,31,9.28倍,1.54倍,2.76%
20261006,2320,サイエンスＡ,4412,東G,,"1,537",+2,+0.13%,31,66.3倍,8.10倍,0.07%
20261006,2321,ウネリー,5034,東G,,"2,416",+46,+1.94%,31,22.0倍,3.55倍,ー%
20261006,2322,ＲＩＺＡＰ,2928,札Ａ,,173,0,0.00%,31,20.6倍,2.05倍,0.77%
20261006,2323,ヌーラボ,5033,東G,,"1,238",+24,+1.98%,30,16.3倍,3.84倍,ー%
20261006,2324,ｉＦ印Ｎ５０,233A,東Ｅ,,"1,740",+20,+1.16%,30,ー倍,ー倍,ー%
20261006,2325,ウインＰ,3183,東P,,"1,245",+12,+0.97%,30,15.5倍,1.54倍,4.42%
20261006,2326,エスポア,3260,名N,,33,-7,-17.50%,30,ー倍,8.85倍,ー%
20261006,2327,フィスコ,3807,東G,,89,+2,+2.30%,30,228倍,20.2倍,ー%
20261006,2328,中越パ,3877,東P,,"2,141",+15,+0.71%,30,16.8倍,0.44倍,5.60%
20261006,2329,歌舞伎,9661,東S,,"4,095",+15,+0.37%,30,209倍,4.47倍,0.12%
20261006,2330,学究社,9769,東P,,"2,495",-8,-0.32%,30,12.4倍,3.58倍,5.09%
20261006,2331,エータイ,369A,東G,,"2,680",-21,-0.78%,30,20.0倍,3.49倍,2.01%
20261006,2332,ＧＸ防衛テク,466A,東Ｅ,,995,+2,+0.20%,30,ー倍,ー倍,ー%
20261006,2333,農中ＴＰ高配,532A,東Ｅ,,"2,286",+35,+1.55%,30,ー倍,ー倍,ー%
20261006,2334,ＱＱＱ,587A,東Ｅ,,"119,800","+1,500",+1.27%,30,ー倍,ー倍,ー%
20261006,2335,ＣＫサンエツ,5757,東P,,"4,990",+60,+1.22%,30,6.34倍,0.74倍,2.00%
20261006,2336,日東精,5957,東P,,756,+2,+0.27%,30,12.0倍,0.74倍,3.17%
20261006,2337,ＮＩＴＴＡＮ,6493,東S,,488,+7,+1.46%,30,7.82倍,0.44倍,4.10%
20261006,2338,三社電機,6882,東S,,"1,217",+15,+1.25%,30,17.8倍,0.65倍,3.29%
20261006,2339,あさくま,7678,東S,,"3,620",-35,-0.96%,30,92.9倍,12.5倍,ー%
20261006,2340,ＭＸ米ＳＰ有,2630,東Ｅ,,"16,270",+150,+0.93%,30,ー倍,ー倍,ー%
20261006,2341,オリコンＨＤ,2498,東S,,"3,015",+52,+1.75%,30,9.01倍,1.15倍,4.31%
20261006,2342,抵抗器,6977,東S,,"1,896",+1,+0.05%,30,23.5倍,1.99倍,0.79%
20261006,2343,ＮＥＷＡＲＴ,7638,東S,,"1,360",-7,-0.51%,30,9.33倍,2.13倍,5.88%
20261006,2344,フラベッドＨ,7840,東P,,"1,286",+3,+0.23%,30,14.0倍,1.08倍,3.27%
20261006,2345,ｉＦＴＰベ,1457,東Ｅ,,"1,707",-19,-1.10%,30,ー倍,ー倍,ー%
20261006,2346,上場２２５Ｍ,1578,東Ｅ,,"5,683",+63,+1.12%,30,ー倍,ー倍,ー%
20261006,2347,大盛工業,1844,東S,,428,+4,+0.94%,29,15.8倍,1.26倍,2.80%
20261006,2348,バリューＨＲ,6078,東P,,"1,502",-9,-0.60%,29,38.3倍,5.94倍,1.86%
20261006,2349,メタリアル,6182,東G,,498,-17,-3.30%,29,33.9倍,2.75倍,ー%
20261006,2350,サイフューズ,4892,東G,,639,-9,-1.39%,29,ー倍,2.58倍,ー%
20261006,2351,ファンディノ,462A,東G,,250,+6,+2.46%,29,ー倍,1.36倍,ー%
20261006,2352,ソーダニッカ,8158,東P,,"1,322",+14,+1.07%,29,12.3倍,0.83倍,3.33%
20261006,2353,ＭＶ東海,8198,東S,,"3,280",+5,+0.15%,29,11.3倍,1.09倍,2.59%
20261006,2354,ＮａＩＴＯ,7624,東S,,178,-3,-1.66%,29,10.8倍,0.72倍,2.25%
20261006,2355,オーハシテク,7628,東P,,"1,141",0,0.00%,29,13.9倍,0.71倍,3.94%
20261006,2356,津田駒,6217,東S,,803,+7,+0.88%,29,51.3倍,2.03倍,ー%
20261006,2357,小野測器,6858,東S,,891,+14,+1.60%,29,11.6倍,0.55倍,3.37%
20261006,2358,ツカダＧＨＤ,2418,東S,,576,-1,-0.17%,29,4.51倍,0.69倍,2.43%
20261006,2359,野村新興国債,2519,東Ｅ,,"1,111.5",-2.5,-0.22%,29,ー倍,ー倍,ー%
20261006,2360,シキボウ,3109,東P,,"1,018",+8,+0.79%,29,21.5倍,0.36倍,4.91%
20261006,2361,野村エネ資源,1618,東Ｅ,,"35,640",+320,+0.91%,28,ー倍,ー倍,ー%
20261006,2362,日本ハウス,1873,東P,,310,+1,+0.32%,28,3.43倍,0.55倍,3.87%
20261006,2363,ミヨシ,4404,東S,,"2,195",+15,+0.69%,28,14.9倍,0.51倍,3.19%
20261006,2364,稲葉製作,3421,東S,,"1,574",-1,-0.06%,28,18.0倍,0.55倍,2.80%
20261006,2365,ライズＣＧ,9168,東G,,419,+2,+0.48%,28,15.3倍,1.49倍,5.01%
20261006,2366,ＲＯＸＸ,241A,東G,,457,+23,+5.30%,28,"3,264倍",2.27倍,ー%
20261006,2367,ファイバーＧ,9450,東S,,751,+5,+0.67%,28,13.3倍,2.16倍,3.60%
20261006,2368,広ガス,9535,東P,,414,-1,-0.24%,28,13.0倍,0.40倍,2.90%
20261006,2369,モリ工業,5464,東S,,897,+16,+1.82%,28,10.7倍,0.58倍,3.79%
20261006,2370,エアーテック,6291,東S,,"1,357",+21,+1.57%,28,12.6倍,0.91倍,4.05%
20261006,2371,ＱＢＮＨＤ,6571,東P,,"1,247",+6,+0.48%,28,17.8倍,1.09倍,3.21%
20261006,2372,ナカバヤシ,7987,東S,,540,+2,+0.37%,28,7.51倍,0.47倍,4.07%
20261006,2373,ソマール,8152,東S,,"7,390",+130,+1.79%,28,5.71倍,0.61倍,1.35%
20261006,2374,ファースト住,8917,東S,,"1,076",+6,+0.56%,28,9.98倍,0.36倍,4.00%
20261006,2375,トヨクモ,4058,東G,,"2,179",+30,+1.40%,28,16.9倍,5.33倍,1.24%
20261006,2376,サノヤスＨＤ,7022,東S,,344,+4,+1.18%,28,14.6倍,0.95倍,2.18%
20261006,2377,カネミツ,7208,東S,,"1,227",-42,-3.31%,28,9.23倍,0.50倍,3.34%
20261006,2378,ジーイエット,7603,東S,,32,-1,-3.03%,28,ー倍,0.90倍,ー%
20261006,2379,テイツー,7610,東S,,136,0,0.00%,28,8.48倍,1.24倍,2.94%
20261006,2380,ウェルネス,366A,東G,,"1,188",+5,+0.42%,27,12.9倍,2.67倍,3.37%
20261006,2381,野村高配ＣＦ,518A,東Ｅ,,"2,122",+63,+3.06%,27,ー倍,ー倍,ー%
20261006,2382,上場ＳＰヘ有,2521,東Ｅ,,"2,202",+27,+1.24%,27,ー倍,ー倍,ー%
20261006,2383,ホリイフード,3077,東S,,"1,401",-4,-0.28%,27,15.4倍,7.17倍,ー%
20261006,2384,西部技研,6223,東S,,"1,940",0,0.00%,27,9.74倍,1.15倍,3.61%
20261006,2385,ブルーイノベ,5597,東G,,"1,311",-14,-1.06%,27,ー倍,105倍,ー%
20261006,2386,オープンドア,3926,東S,,426,+13,+3.15%,27,ー倍,3.91倍,ー%
20261006,2387,ニチバン,4218,東P,,"1,878",+10,+0.54%,27,16.5倍,0.86倍,2.13%
20261006,2388,ＴＯＷ,4767,東S,,393,+6,+1.55%,27,11.2倍,1.50倍,5.27%
20261006,2389,ＪＰＭＣ,3276,東P,,"2,245",-2,-0.09%,27,19.0倍,3.83倍,ー%
20261006,2390,アイフリーク,3845,東S,,334,+4,+1.21%,27,"8,350倍",7.55倍,ー%
20261006,2391,Ｂ＆Ｐ,7804,東S,,"2,552",-33,-1.28%,27,11.8倍,1.49倍,3.41%
20261006,2392,アシロ,7378,東G,,"1,560",+32,+2.09%,27,11.2倍,3.90倍,4.17%
20261006,2393,サンデン,6444,東S,,186,-1,-0.53%,27,42.1倍,0.68倍,ー%
20261006,2394,ＥＭシステム,4820,東P,,564,+5,+0.89%,27,17.8倍,1.96倍,4.08%
20261006,2395,日コン,5269,東P,,353,+4,+1.15%,27,7.37倍,0.43倍,2.83%
20261006,2396,鳥取銀,8383,東S,,"1,957",+33,+1.72%,27,11.5倍,0.35倍,2.55%
20261006,2397,竹田ｉＰ,7875,東S,,923,+27,+3.01%,26,10.4倍,0.73倍,2.55%
20261006,2398,重松製,7980,東S,,856,-1,-0.12%,26,8.34倍,0.62倍,1.75%
20261006,2399,コスモスイニ,8844,東S,,"1,168",+10,+0.86%,26,5.49倍,0.70倍,4.54%
20261006,2400,フジ住,8860,東P,,703,+1,+0.14%,26,5.47倍,0.43倍,4.55%
20261006,2401,ノムラシス,3940,東S,,130,+2,+1.56%,26,16.3倍,1.70倍,2.73%
20261006,2402,岡谷鋼機,7485,名P,,"5,200",-30,-0.57%,26,6.25倍,0.40倍,1.73%
20261006,2403,１ｓｔコーポ,1430,東S,,"1,080",+1,+0.09%,26,6.57倍,1.22倍,4.72%
20261006,2404,ｉＳＨＹ債Ｈ,1497,東Ｅ,,"1,688",+4,+0.24%,26,ー倍,ー倍,ー%
20261006,2405,明海グループ,9115,東S,,"1,011",+28,+2.85%,26,16.4倍,0.62倍,ー%
20261006,2406,いちごグリン,9282,東IF,,"28,700",-800,-2.71%,26,28.4倍,0.94倍,6.41%
20261006,2407,ビート,9399,東S,,11,-1,-8.33%,26,ー倍,ー倍,ー%
20261006,2408,テアトル,9633,東S,,"1,704",-44,-2.52%,26,4.28倍,0.59倍,1.76%
20261006,2409,ＪＫＨＤ,9896,東S,,"1,336",+10,+0.75%,26,8.51倍,0.55倍,4.49%
20261006,2410,Ｄｅｎｋｅｉ,9908,東S,,"2,878",+17,+0.59%,26,9.34倍,0.98倍,3.79%
20261006,2411,スカイマーク,9204,東G,,428,0,0.00%,26,32.2倍,0.92倍,ー%
20261006,2412,ＧＸ超短米債,133A,東Ｅ,,"1,068",+6,+0.56%,26,ー倍,ー倍,ー%
20261006,2413,ｉＦ高リート,210A,東Ｅ,,"1,476",0,0.00%,26,ー倍,ー倍,ー%
20261006,2414,大成ラミック,4994,東S,,"2,569",-6,-0.23%,26,10.4倍,0.58倍,2.72%
20261006,2415,レントラクス,6045,東G,,"2,039",+12,+0.59%,26,17.7倍,2.46倍,1.23%
20261006,2416,やまや,9994,東S,,"2,001",+3,+0.15%,26,10.4倍,0.59倍,3.60%
20261006,2417,エブレン,6599,東S,,"4,560",+15,+0.33%,26,17.2倍,1.33倍,1.27%
20261006,2418,Ｔ＆Ｓ・Ｇ,4055,東G,,"1,646",+45,+2.81%,26,22.8倍,3.04倍,0.67%
20261006,2419,三和油化工業,4125,東S,,"3,750",+50,+1.35%,26,14.7倍,1.17倍,1.33%
20261006,2420,マツオカ,3611,東S,,"2,386",+18,+0.76%,26,7.37倍,0.63倍,4.82%
20261006,2421,ファルコム,3723,東G,,"2,586",+1,+0.04%,26,17.0倍,2.33倍,0.39%
20261006,2422,イメージ情報,3803,東G,,595,-1,-0.17%,26,ー倍,3.29倍,ー%
20261006,2423,Ａｉｍｉｎｇ,3911,東G,,168,+1,+0.60%,26,ー倍,1.08倍,ー%
20261006,2424,電算,3640,東S,,"2,765",+50,+1.84%,25,9.05倍,0.98倍,3.62%
20261006,2425,ＡＩストーム,3719,東S,,113,-2,-1.74%,25,17.5倍,1.59倍,2.65%
20261006,2426,フライト,3753,東S,,221,+3,+1.38%,25,13.5倍,3.62倍,ー%
20261006,2427,エフオン,9514,東S,,342,+3,+0.88%,25,5.57倍,0.37倍,2.34%
20261006,2428,ムトー精工,7927,東S,,"2,343",+4,+0.17%,25,5.42倍,0.77倍,4.99%
20261006,2429,青山財産,8929,東S,,"1,313",-1,-0.08%,25,11.9倍,2.56倍,4.42%
20261006,2430,ニイタカ,4465,東S,,"2,492",+1,+0.04%,25,11.2倍,0.89倍,3.37%
20261006,2431,山田コンサル,4792,東P,,"1,705",+9,+0.53%,25,11.3倍,1.66倍,4.52%
20261006,2432,インタライフ,1418,東S,,599,0,0.00%,25,11.4倍,1.90倍,5.01%
20261006,2433,野村自動車,1622,東Ｅ,,"34,190",+680,+2.03%,25,ー倍,ー倍,ー%
20261006,2434,チャットプラ,598A,東G,,"1,405",+20,+1.44%,25,18.9倍,9.00倍,0.64%
20261006,2435,ファンコミ,2461,東P,,383,+3,+0.79%,25,36.6倍,1.55倍,5.48%
20261006,2436,人・夢・技術,9248,東S,,"1,560",-6,-0.38%,25,11.3倍,0.63倍,3.85%
20261006,2437,サスメド,4263,東G,,405,-6,-1.46%,25,ー倍,1.72倍,ー%
20261006,2438,アルインコ,5933,東P,,"1,081",+11,+1.03%,25,9.77倍,0.63倍,4.16%
20261006,2439,エクストリム,6033,東G,,"1,608",-7,-0.43%,25,9.36倍,1.28倍,4.23%
20261006,2440,シンメンテ,6086,東G,,990,+13,+1.33%,25,14.1倍,4.13倍,2.22%
20261006,2441,フリークＨＤ,6094,東G,,495,-5,-1.00%,25,10.9倍,0.72倍,ー%
20261006,2442,ＳＭＤ高配当,2011,東Ｅ,,861.4,+6.2,+0.72%,25,ー倍,ー倍,ー%
20261006,2443,ＳＭＴ好配当,170A,東Ｅ,,"3,196",+48,+1.52%,25,ー倍,ー倍,ー%
20261006,2444,ジーニー,6562,東G,,"1,022",+37,+3.76%,25,9.71倍,ー倍,ー%
20261006,2445,オカアイヨン,6294,東P,,"1,917",+25,+1.32%,24,9.09倍,0.86倍,3.96%
20261006,2446,キムラユニテ,9368,東S,,921,-1,-0.11%,24,9.85倍,0.85倍,4.13%
20261006,2447,ナガセ,9733,東S,,"2,223",+7,+0.32%,24,12.1倍,1.98倍,5.40%
20261006,2448,ＦＤＫ,6955,東S,,417,+10,+2.46%,24,19.2倍,0.74倍,ー%
20261006,2449,ベガコーポ,3542,東G,,"1,555",-26,-1.64%,24,18.0倍,2.27倍,1.16%
20261006,2450,共和レ,3553,東S,,877,0,0.00%,24,ー倍,0.58倍,5.93%
20261006,2451,自重堂,3597,東S,,"8,810",+10,+0.11%,24,16.9倍,0.66倍,5.68%
20261006,2452,ウェルス,3772,東S,,"1,052",-1,-0.09%,24,11.2倍,1.17倍,ー%
20261006,2453,朝日ネット,3834,東P,,585,+4,+0.69%,24,11.7倍,1.18倍,4.27%
20261006,2454,純パラ信託,1543,東Ｅ,,"53,620",+110,+0.21%,24,ー倍,ー倍,ー%
20261006,2455,オーテック,1736,東S,,"2,519",+19,+0.76%,24,10.3倍,1.47倍,3.89%
20261006,2456,ホクシン,7897,東S,,115,-3,-2.54%,24,25.1倍,0.56倍,1.74%
20261006,2457,信金中央,8421,東証,,"188,800","+1,200",+0.64%,24,ー倍,ー倍,3.44%
20261006,2458,シンバイオ,4582,東G,,56,+1,+1.82%,24,ー倍,-5.3倍,ー%
20261006,2459,ピックルス,2935,東P,,"1,167",+4,+0.34%,24,11.9倍,0.72倍,2.74%
20261006,2460,アクシスＣ,9344,東G,,"1,446",+41,+2.92%,24,14.4倍,2.14倍,2.84%
20261006,2461,勤次郎,4013,東G,,687,+24,+3.62%,24,12.9倍,1.29倍,1.46%
20261006,2462,ファブリカ,4193,東S,,"2,021",-5,-0.25%,24,11.6倍,2.84倍,2.57%
20261006,2463,ＧＸゲー日株,2640,東Ｅ,,"4,274",+14,+0.33%,24,ー倍,ー倍,ー%
20261006,2464,のむら産業,7131,東S,,"3,715",-45,-1.20%,24,7.04倍,1.76倍,3.28%
20261006,2465,ビーウィズ,9216,東P,,"1,623",+13,+0.81%,24,24.6倍,2.69倍,4.74%
20261006,2466,ペルセウス,4882,東G,,164,-2,-1.20%,23,ー倍,2.65倍,ー%
20261006,2467,ＧＸＣカバコ,576A,東Ｅ,,854,+7,+0.83%,23,ー倍,ー倍,ー%
20261006,2468,酒井重,6358,東P,,"2,069",+15,+0.73%,23,16.2倍,0.56倍,5.32%
20261006,2469,宮越ＨＤ,6620,東P,,623,-3,-0.48%,23,75.5倍,1.01倍,ー%
20261006,2470,愛電機,6623,名P,,"9,150",+40,+0.44%,23,9.89倍,0.99倍,3.06%
20261006,2471,東ラヂ,7235,東S,,"1,543",+20,+1.31%,23,8.24倍,0.60倍,4.99%
20261006,2472,タカショー,7590,東S,,404,+6,+1.51%,23,56.7倍,0.52倍,1.24%
20261006,2473,ポプラ,7601,東S,,165,-1,-0.60%,23,11.9倍,13.8倍,ー%
20261006,2474,星医療,7634,東S,,"5,010",ー,ー%,23,11.2倍,0.78倍,1.80%
20261006,2475,丸八ＨＤ,3504,名M,,"1,469",+24,+1.66%,23,12.4倍,0.39倍,3.40%
20261006,2476,デジハＨＤ,3676,東P,,"1,050",0,0.00%,23,12.7倍,2.37倍,ー%
20261006,2477,ドリコム,3793,東G,,554,+5,+0.91%,23,26.2倍,3.02倍,0.90%
20261006,2478,日本ナレッジ,5252,東G,,"1,003",+4,+0.40%,23,39.8倍,3.63倍,0.70%
20261006,2479,南海化学,4040,東S,,"4,070",+45,+1.12%,23,6.45倍,0.71倍,1.60%
20261006,2480,マテリアルＧ,156A,東G,,859,+9,+1.06%,23,13.3倍,3.48倍,3.04%
20261006,2481,日華化学,4463,東S,,"2,020",+32,+1.61%,23,8.49倍,0.87倍,3.47%
20261006,2482,リボミック,4591,東G,,75,-1,-1.32%,23,ー倍,1.55倍,ー%
20261006,2483,アルファ,4719,東P,,"3,275",-5,-0.15%,23,12.6倍,1.02倍,4.27%
20261006,2484,フルッタ,2586,東G,,58,+1,+1.75%,23,67.4倍,0.91倍,ー%
20261006,2485,なとり,2922,東P,,"1,965",+11,+0.56%,23,16.9倍,0.88倍,1.53%
20261006,2486,日エンター,4829,東S,,105,+2,+1.94%,23,47.5倍,0.86倍,2.86%
20261006,2487,ヤマックス,5285,東S,,"1,295",+9,+0.70%,23,7.52倍,1.31倍,4.63%
20261006,2488,駒井ハルテク,5915,東S,,"2,297",-58,-2.46%,23,70.2倍,0.30倍,3.05%
20261006,2489,Ｇｕｎｏｓｙ,6047,東S,,363,+3,+0.83%,23,ー倍,0.70倍,3.58%
20261006,2490,エステー,4951,東P,,"1,496",+9,+0.61%,22,16.0倍,0.86倍,3.07%
20261006,2491,ユニバー園芸,6061,東S,,"3,085",-45,-1.44%,22,11.4倍,1.90倍,0.42%
20261006,2492,メディキット,7749,東S,,"2,734",-16,-0.58%,22,13.9倍,0.85倍,3.66%
20261006,2493,セルシード,7776,東G,,218,0,0.00%,22,ー倍,4.89倍,ー%
20261006,2494,ＦフォースＧ,7068,東G,,573,+11,+1.96%,22,8.97倍,3.65倍,3.49%
20261006,2495,ＡＩクロス,4476,東G,,"1,104",+30,+2.79%,22,11.7倍,2.01倍,ー%
20261006,2496,ルックＨＤ,8029,東S,,"2,750",+23,+0.84%,22,12.9倍,0.50倍,3.64%
20261006,2497,フォーバル,8275,東S,,"1,045",+12,+1.16%,22,12.4倍,1.48倍,3.06%
20261006,2498,日産証券Ｇ,8705,東S,,212,+1,+0.47%,22,ー倍,0.84倍,ー%
20261006,2499,新コスモス,6824,東S,,"3,890",+20,+0.52%,22,11.9倍,0.90倍,2.44%
20261006,2500,菊水ＨＤ,6912,東S,,"2,867",-33,-1.14%,22,13.2倍,1.51倍,2.06%
20261006,2501,イチケン,1847,東S,,"3,365",+15,+0.45%,22,6.69倍,1.19倍,5.35%
20261006,2502,ＵＮＩＣＯＮ,407A,東S,,895,-10,-1.10%,22,8.04倍,2.13倍,5.03%
20261006,2503,ドーン,2303,東S,,"1,334",-4,-0.30%,22,16.4倍,2.66倍,1.20%
20261006,2504,テンポスＨＤ,2751,東S,,"3,640",-5,-0.14%,22,16.3倍,2.44倍,0.25%
20261006,2505,Ｊグループ,3063,東G,,"1,122",+18,+1.63%,22,51.2倍,16.7倍,0.45%
20261006,2506,クラシコム,7110,東G,,"1,800",-5,-0.28%,22,11.9倍,2.21倍,ー%
20261006,2507,ハルメク,7119,東G,,"1,832",-1,-0.05%,22,16.9倍,2.21倍,2.18%
20261006,2508,グロービー,5575,東G,,"1,320",+54,+4.27%,22,15.2倍,5.88倍,ー%
20261006,2509,ＮＩＳＳＯ,9332,東P,,655,+2,+0.31%,22,10.5倍,1.23倍,3.82%
20261006,2510,コーディア,190A,東G,,60,-1,-1.64%,22,ー倍,1.99倍,ー%
20261006,2511,アーバネット,3242,東S,,538,+3,+0.56%,22,9.24倍,1.02倍,4.46%
20261006,2512,ダイニック,3551,東S,,"1,550",-10,-0.64%,22,6.31倍,0.40倍,2.97%
20261006,2513,ビーグリー,3981,東S,,"1,239",+3,+0.24%,22,25.6倍,0.87倍,3.63%
20261006,2514,窪田製薬ＨＤ,4596,東G,,65,0,0.00%,22,ー倍,6.58倍,ー%
20261006,2515,パラカ,4809,東P,,"1,967",-2,-0.10%,22,8.74倍,0.93倍,3.66%
20261006,2516,ヤマト,1967,東S,,"2,149",+13,+0.61%,21,11.2倍,1.12倍,3.58%
20261006,2517,遠藤照明,6932,東S,,"2,493",-8,-0.32%,21,8.37倍,0.73倍,3.53%
20261006,2518,識学,7049,東G,,753,+1,+0.13%,21,ー倍,2.10倍,ー%
20261006,2519,村上開明,7292,東S,,"6,770",-30,-0.44%,21,13.3倍,0.82倍,3.55%
20261006,2520,グラファイト,7847,東S,,725,-11,-1.49%,21,14.1倍,0.92倍,4.14%
20261006,2521,東京インフラ,9285,東IF,,"37,300",-400,-1.06%,21,13.5倍,0.46倍,7.92%
20261006,2522,ケイヒン,9312,東S,,"3,080",+55,+1.82%,21,5.91倍,0.57倍,4.55%
20261006,2523,楽待,6037,東S,,"1,077",-5,-0.46%,21,13.4倍,3.92倍,1.49%
20261006,2524,セラク,6199,東S,,"1,326",+8,+0.61%,21,9.16倍,1.75倍,1.31%
20261006,2525,リビングＰＦ,7091,東G,,"1,172",-15,-1.26%,21,12.3倍,2.02倍,0.43%
20261006,2526,ｉＳ米債１３,2620,東Ｅ,,365.0,+0.9,+0.25%,21,ー倍,ー倍,ー%
20261006,2527,Ａクリエイト,8798,東P,,72,+1,+1.41%,21,ー倍,-9.6倍,ー%
20261006,2528,ソフトＭＡＸ,3671,東S,,319,+4,+1.27%,21,13.2倍,1.95倍,3.13%
20261006,2529,丸善ＣＨＩ,3159,東S,,374,+2,+0.54%,21,14.0倍,0.61倍,1.60%
20261006,2530,富士ユナイト,416A,東S,,"1,325",-5,-0.38%,21,14.6倍,0.85倍,4.68%
20261006,2531,ＴＭＮ,5258,東G,,423,-1,-0.24%,21,20.9倍,1.84倍,ー%
20261006,2532,ロゴスＨＤ,205A,東G,,"1,621",+17,+1.06%,21,5.48倍,1.57倍,5.48%
20261006,2533,プログリット,9560,東G,,883,+5,+0.57%,20,10.3倍,3.80倍,2.49%
20261006,2534,ＡＲアドバン,5578,東G,,914,+5,+0.55%,20,12.3倍,3.46倍,1.09%
20261006,2535,ＷＴＯＫＹＯ,9159,東G,,"1,860",-32,-1.69%,20,18.0倍,2.64倍,ー%
20261006,2536,東証リート,2555,東Ｅ,,"1,733.5",+8.5,+0.49%,20,ー倍,ー倍,ー%
20261006,2537,ペイクラウド,4015,東G,,532,+14,+2.70%,20,22.8倍,1.78倍,ー%
20261006,2538,カイゼン,4170,東G,,114,+3,+2.70%,20,97.4倍,0.67倍,ー%
20261006,2539,コリー,4175,東G,,"2,868",+20,+0.70%,20,ー倍,3.41倍,ー%
20261006,2540,上場豪債ヘ無,2844,東Ｅ,,"5,323",+25,+0.47%,20,ー倍,ー倍,ー%
20261006,2541,扶桑電通,7505,東S,,"1,942",-2,-0.10%,20,8.75倍,1.24倍,4.58%
20261006,2542,サンエー化研,4234,東S,,"1,016",+6,+0.59%,20,6.13倍,0.43倍,1.77%
20261006,2543,ＳＡＡＦＨＤ,1447,東G,,328,+10,+3.14%,20,18.1倍,4.78倍,ー%
20261006,2544,ｉＦＥＳＧセ,1653,東Ｅ,,"5,312",-158,-2.89%,20,ー倍,ー倍,ー%
20261006,2545,上場ＭＳコク,1680,東Ｅ,,"8,360",+94,+1.14%,20,ー倍,ー倍,ー%
20261006,2546,富士ＰＳ,1848,東S,,885,+7,+0.80%,20,15.5倍,1.18倍,2.82%
20261006,2547,日東富士,2003,東S,,"1,861",+7,+0.38%,20,20.5倍,1.38倍,3.76%
20261006,2548,アルトナー,2163,東P,,934,+11,+1.19%,20,15.9倍,3.59倍,4.60%
20261006,2549,相模ゴ,5194,東S,,631,-8,-1.25%,20,114倍,0.57倍,1.58%
20261006,2550,アライドアキ,6081,東G,,149,+1,+0.68%,20,132倍,1.31倍,ー%
20261006,2551,ミトラＧ,6093,東S,,162,+2,+1.25%,20,16.6倍,2.15倍,3.70%
20261006,2552,加地テック,6391,東S,,"5,020",-110,-2.14%,20,11.4倍,0.98倍,1.39%
20261006,2553,太洋物産,9941,東S,,"1,067",-30,-2.73%,20,14.4倍,2.35倍,ー%
20261006,2554,ＧＸ中国テク,380A,東Ｅ,,882,+11,+1.26%,20,ー倍,ー倍,ー%
20261006,2555,リブコンサル,480A,東G,,"1,038",+22,+2.17%,20,11.8倍,1.80倍,ー%
20261006,2556,ＯｎｅＪ２０,496A,東Ｅ,,907.8,-4.0,-0.44%,20,ー倍,ー倍,ー%
20261006,2557,ＧＸ銀ビジ,579A,東Ｅ,,944,-10,-1.05%,20,ー倍,ー倍,ー%
20261006,2558,Ｊ－ＭＡＸ,3422,東S,,661,-6,-0.90%,20,7.59倍,0.37倍,1.21%
20261006,2559,クロスマーケ,3675,東S,,589,+7,+1.20%,20,8.42倍,1.31倍,2.72%
20261006,2560,キングジム,7962,東P,,773,-3,-0.39%,20,20.6倍,0.83倍,1.94%
20261006,2561,シーラＨＤ,8887,東S,,354,-3,-0.84%,20,8.80倍,0.74倍,3.95%
20261006,2562,総医研ＨＤ,2385,東G,,219,-1,-0.45%,20,22.9倍,0.94倍,4.57%
20261006,2563,共同ＰＲ,2436,東S,,583,-2,-0.34%,20,11.1倍,2.24倍,1.37%
20261006,2564,キャンドゥ,2698,東S,,"3,225",+5,+0.16%,20,115倍,4.79倍,0.53%
20261006,2565,ペッパー,3053,東S,,199,+1,+0.51%,20,76.5倍,3.51倍,ー%
20261006,2566,オリチェン,6380,東S,,"3,560",+40,+1.14%,19,67.6倍,2.38倍,0.56%
20261006,2567,鈴茂器工,6405,東S,,"1,320",+17,+1.30%,19,23.4倍,1.14倍,2.65%
20261006,2568,ＴＶＥ,6466,東S,,"4,300",-20,-0.46%,19,12.3倍,0.78倍,1.28%
20261006,2569,船場,6540,東S,,"1,497",-3,-0.20%,19,10.0倍,1.13倍,5.21%
20261006,2570,ＬＴＳ,6560,東P,,"1,824",+39,+2.18%,19,7.55倍,1.59倍,2.19%
20261006,2571,大井電気,6822,東S,,"4,990",0,0.00%,19,2.30倍,0.67倍,1.60%
20261006,2572,ピアラ,7044,東S,,598,-2,-0.33%,19,19.7倍,6.30倍,ー%
20261006,2573,Ｓｏｌｖｖｙ,7320,東G,,"1,402",+17,+1.23%,19,9.13倍,2.92倍,2.14%
20261006,2574,中本パックス,7811,東S,,"2,268",+3,+0.13%,19,7.82倍,0.94倍,3.62%
20261006,2575,ＦＣＥ,9564,東S,,564,+13,+2.36%,19,13.7倍,2.80倍,1.95%
20261006,2576,第一交通,9035,福証,,761,+11,+1.47%,19,11.4倍,0.57倍,3.29%
20261006,2577,ＪＥＴ,6228,東S,,708,-2,-0.28%,19,ー倍,1.06倍,ー%
20261006,2578,ミガロＨＤ,5535,東P,,280,+1,+0.36%,19,12.0倍,1.18倍,3.21%
20261006,2579,日水コン,261A,東S,,"1,965",-6,-0.30%,19,14.1倍,1.53倍,3.77%
20261006,2580,ＡＩｉｎｓ,4488,東G,,"2,139",+23,+1.09%,19,23.6倍,1.66倍,ー%
20261006,2581,ＴＷＯＳＴ,7352,東G,,299,-1,-0.33%,19,31.2倍,3.59倍,0.33%
20261006,2582,日東工器,6151,東P,,"1,725",+24,+1.41%,19,22.0倍,0.53倍,1.86%
20261006,2583,サインポスト,3996,東S,,214,-8,-3.60%,19,30.8倍,1.45倍,2.34%
20261006,2584,メディシス,4350,東S,,516,-6,-1.15%,19,15.1倍,0.89倍,2.33%
20261006,2585,日理化,4406,東S,,232,0,0.00%,19,10.8倍,0.42倍,1.94%
20261006,2586,ヒトコムＨＤ,4433,東P,,835,+2,+0.24%,19,98.0倍,0.88倍,4.49%
20261006,2587,野村食品,1617,東Ｅ,,"47,780",-90,-0.19%,19,ー倍,ー倍,ー%
20261006,2588,太洋基礎,1758,東S,,"2,320",-80,-3.33%,19,9.77倍,0.47倍,2.80%
20261006,2589,米国配当貴族,2044,東EN,,"33,500",+700,+2.13%,19,ー倍,ー倍,ー%
20261006,2590,豊トラスティ,8747,東S,,"2,138",+12,+0.56%,19,ー倍,0.71倍,ー%
20261006,2591,ａｂｃ,8783,東S,,44,0,0.00%,19,ー倍,0.27倍,ー%
20261006,2592,ＧＸ日経株主,465A,東Ｅ,,"1,307",+2,+0.15%,19,ー倍,ー倍,ー%
20261006,2593,ＧＬ・再エネ,509A,東IF,,"71,100",-200,-0.28%,19,12.1倍,0.89倍,8.29%
20261006,2594,ＩＸナレッジ,9753,東S,,"1,434",+20,+1.41%,19,8.51倍,1.18倍,3.49%
20261006,2595,レカム,3323,東S,,92,+1,+1.10%,19,23.5倍,1.28倍,1.30%
20261006,2596,ビリングシス,3623,東G,,"1,246",-5,-0.40%,19,13.3倍,2.43倍,2.61%
20261006,2597,大木ヘルス,3417,東S,,999,-9,-0.89%,18,ー倍,0.41倍,3.00%
20261006,2598,タイガポリ,4231,東S,,"1,000",+7,+0.70%,18,8.04倍,0.41倍,3.80%
20261006,2599,わかもと,4512,東S,,303,+2,+0.66%,18,45.7倍,0.90倍,1.16%
20261006,2600,大幸薬品,4574,東P,,257,+2,+0.78%,18,23.5倍,1.53倍,1.36%
20261006,2601,ＤＷセラピ研,4576,東G,,72,0,0.00%,18,ー倍,2.94倍,ー%
20261006,2602,南陽,7417,東S,,"1,725",-19,-1.09%,18,9.23倍,0.75倍,3.77%
20261006,2603,野村新興国株,2520,東Ｅ,,"2,400",+31,+1.31%,18,ー倍,ー倍,ー%
20261006,2604,ジェリビンズ,3070,東G,,44,-1,-2.22%,18,22.3倍,0.82倍,ー%
20261006,2605,プラコー,6347,東S,,245,+1,+0.41%,18,23.6倍,1.47倍,2.45%
20261006,2606,ＭＳジャパン,6539,東P,,966,+5,+0.52%,18,22.2倍,2.81倍,5.80%
20261006,2607,インスペック,6656,東S,,800,-8,-0.99%,18,40.3倍,3.91倍,ー%
20261006,2608,大同信,6743,東S,,"1,070",-3,-0.28%,18,7.84倍,0.54倍,3.36%
20261006,2609,名古屋電機,6797,東S,,"1,235",+63,+5.38%,18,26.0倍,0.62倍,4.05%
20261006,2610,新田ゼラチン,4977,東S,,"1,167",+2,+0.17%,18,8.86倍,0.85倍,3.43%
20261006,2611,フマキラ,4998,東S,,"1,159",+6,+0.52%,18,11.7倍,0.70倍,2.07%
20261006,2612,リソル,5261,東P,,"7,530",-10,-0.13%,18,21.5倍,2.28倍,1.59%
20261006,2613,ＧＸ優先証券,2866,東Ｅ,,940,-3,-0.32%,18,ー倍,ー倍,ー%
20261006,2614,オープンＷ,5139,東G,,922,-11,-1.18%,18,19.8倍,2.51倍,0.98%
20261006,2615,ドリムアーツ,4811,東G,,921,+14,+1.54%,18,17.4倍,3.48倍,2.17%
20261006,2616,ｉＳ国債７,236A,東Ｅ,,432.0,-2.2,-0.51%,18,ー倍,ー倍,ー%
20261006,2617,さくらさく,7097,東G,,"2,782",-14,-0.50%,18,15.7倍,1.99倍,1.15%
20261006,2618,アールプラン,2983,東G,,"1,605",0,0.00%,18,5.28倍,1.86倍,3.43%
20261006,2619,大和自,9082,東S,,"2,525",-8,-0.32%,18,127倍,1.31倍,0.40%
20261006,2620,日本プロセス,9651,東S,,"1,956",+27,+1.40%,18,14.0倍,1.74倍,4.70%
20261006,2621,レボリュー,8894,東S,,16,0,0.00%,18,ー倍,3.24倍,ー%
20261006,2622,グロースコア,1563,東Ｅ,,"2,519",+82,+3.36%,18,ー倍,ー倍,ー%
20261006,2623,銭高組,1811,東S,,"7,360",0,0.00%,18,34.9倍,0.45倍,ー%
20261006,2624,田辺工業,1828,東S,,"2,373",+50,+2.15%,18,9.23倍,0.90倍,4.21%
20261006,2625,インテリクス,463A,東S,,962,-7,-0.72%,18,5.75倍,0.59倍,4.99%
20261006,2626,ニ日経２２５,473A,東Ｅ,,"1,428",+11,+0.78%,18,ー倍,ー倍,ー%
20261006,2627,ベーシック,519A,東G,,414,-1,-0.24%,18,7.32倍,1.63倍,ー%
20261006,2628,オーバラップ,414A,東G,,838,+9,+1.09%,17,10.7倍,1.97倍,5.25%
20261006,2629,ＧＸ銅ビジ,580A,東Ｅ,,985,+14,+1.44%,17,ー倍,ー倍,ー%
20261006,2630,ｉＦＳＰベ,2238,東Ｅ,,"5,180",-54,-1.03%,17,ー倍,ー倍,ー%
20261006,2631,アヴィレン,5591,東G,,828,-15,-1.78%,17,22.9倍,6.09倍,ー%
20261006,2632,全保連,5845,東S,,"1,199",+11,+0.93%,17,11.3倍,4.05倍,4.50%
20261006,2633,ｉＳ米債３月,2012,東Ｅ,,241.4,+0.1,+0.04%,17,ー倍,ー倍,ー%
20261006,2634,レシップＨＤ,7213,東S,,651,+15,+2.36%,17,7.66倍,0.90倍,3.99%
20261006,2635,日本精密,7771,東S,,252,+2,+0.80%,17,30.2倍,2.66倍,ー%
20261006,2636,粧美堂,7819,東S,,937,+17,+1.85%,17,11.3倍,1.64倍,3.52%
20261006,2637,プロパスト,3236,東S,,273,-1,-0.36%,17,5.59倍,0.66倍,3.66%
20261006,2638,リネットＪ,3556,東G,,773,+10,+1.31%,17,9.47倍,7.18倍,ー%
20261006,2639,ニーズウェル,3992,東P,,434,+8,+1.88%,17,17.9倍,3.35倍,3.23%
20261006,2640,ウェルネット,2428,東S,,618,+2,+0.32%,17,10.2倍,1.28倍,4.94%
20261006,2641,ＷＤＢ,2475,東P,,"1,745",+26,+1.51%,17,12.1倍,1.02倍,5.39%
20261006,2642,ワッツ,2735,東S,,722,+2,+0.28%,17,9.58倍,0.70倍,3.19%
20261006,2643,瑞光,6279,東P,,921,+8,+0.88%,17,18.7倍,0.66倍,2.17%
20261006,2644,アクモス,6888,東S,,521,0,0.00%,17,12.1倍,1.51倍,4.80%
20261006,2645,明豊ファシリ,1717,東S,,921,0,0.00%,17,11.6倍,1.87倍,4.78%
20261006,2646,ナック,9788,東P,,501,-1,-0.20%,17,12.1倍,0.96倍,4.39%
20261006,2647,サックスバー,9990,東P,,750,+5,+0.67%,17,10.4倍,0.73倍,4.67%
20261006,2648,ＡＩＡＩ,6557,東G,,648,-20,-2.99%,17,6.07倍,1.22倍,ー%
20261006,2649,日本インシュ,5368,東S,,"1,000",-7,-0.70%,17,11.8倍,0.59倍,4.00%
20261006,2650,ヤプリ,4168,東G,,793,+6,+0.76%,17,10.9倍,2.95倍,1.89%
20261006,2651,フルハシＥ,9221,東S,,"1,133",+10,+0.89%,17,14.8倍,2.12倍,2.82%
20261006,2652,ナガホリ,8139,東S,,"2,346",+107,+4.78%,17,60.0倍,2.58倍,0.64%
20261006,2653,理経,8226,東S,,389,-1,-0.26%,17,14.0倍,0.98倍,1.80%
20261006,2654,ＫＩＭＯＴＯ,7908,東S,,240,-1,-0.41%,16,13.1倍,0.55倍,2.92%
20261006,2655,丸藤パ,8046,東S,,949,+7,+0.74%,16,9.35倍,0.50倍,4.00%
20261006,2656,さいか屋,8254,東S,,336,+9,+2.75%,16,17.9倍,1.53倍,1.49%
20261006,2657,富山銀,8365,東S,,"2,369",+44,+1.89%,16,12.1倍,0.40倍,2.32%
20261006,2658,野村外国株Ｈ,2514,東Ｅ,,"2,043",+17,+0.84%,16,ー倍,ー倍,ー%
20261006,2659,エバラ食品,2819,東S,,"2,482",+9,+0.36%,16,24.2倍,0.66倍,2.01%
20261006,2660,マーケットＥ,3135,東S,,"1,145",+3,+0.26%,16,35.3倍,4.71倍,ー%
20261006,2661,スプリックス,7030,東S,,977,+5,+0.51%,16,12.3倍,1.70倍,3.89%
20261006,2662,ＭＸ米株ＡＩ,552A,東Ｅ,,"2,525",+10,+0.40%,16,ー倍,ー倍,ー%
20261006,2663,バトンズ,554A,東G,,"1,385",+27,+1.99%,16,24.3倍,6.85倍,ー%
20261006,2664,ｉＳ国債〇一,570A,東Ｅ,,901.9,-0.1,-0.01%,16,ー倍,ー倍,ー%
20261006,2665,ｉＳ米債３Ｈ,2856,東Ｅ,,632.0,-0.7,-0.11%,16,ー倍,ー倍,ー%
20261006,2666,アイビス,9343,東G,,783,+9,+1.16%,16,15.4倍,4.64倍,1.53%
20261006,2667,オートサーバ,5589,東S,,"2,998",+5,+0.17%,16,14.5倍,1.62倍,2.23%
20261006,2668,ｉＳ米増配株,2014,東Ｅ,,309.0,+3.0,+0.98%,16,ー倍,ー倍,ー%
20261006,2669,ＧＸウラン,224A,東Ｅ,,"1,460",+13,+0.90%,16,ー倍,ー倍,ー%
20261006,2670,エディア,3935,東S,,723,+3,+0.42%,16,8.19倍,2.54倍,2.35%
20261006,2671,ＵＦＨＤ,4235,東S,,680,0,0.00%,16,25.8倍,0.72倍,5.15%
20261006,2672,チムスピ,4397,東G,,371,+6,+1.64%,16,17.7倍,4.30倍,ー%
20261006,2673,アンジェス,4563,東G,,36,0,0.00%,16,ー倍,113倍,ー%
20261006,2674,デルタフライ,4598,東G,,109,-1,-0.91%,16,ー倍,-8.1倍,ー%
20261006,2675,ほぼ日,3560,東S,,"5,240",-10,-0.19%,16,16.4倍,2.17倍,1.72%
20261006,2676,ＧＭＯ－ＰＰ,3695,東G,,"1,596",+28,+1.79%,16,16.9倍,2.83倍,4.44%
20261006,2677,オーケーエム,6229,東S,,"1,488",+26,+1.78%,16,8.91倍,0.60倍,3.36%
20261006,2678,デジタリフト,9244,東G,,"1,095",+7,+0.64%,16,14.2倍,2.01倍,ー%
20261006,2679,ＧＥＩ,9212,東S,,270,+2,+0.75%,16,21.0倍,1.79倍,ー%
20261006,2680,ｉＦＥナ百ベ,2842,東Ｅ,,"11,545",-130,-1.11%,16,ー倍,ー倍,ー%
20261006,2681,上場高配低ボ,1399,東Ｅ,,"3,185",+6,+0.19%,16,ー倍,ー倍,ー%
20261006,2682,ホクリヨウ,1384,東S,,"2,072",+10,+0.48%,15,7.72倍,1.02倍,3.86%
20261006,2683,シンクロ,3963,東P,,310,-6,-1.90%,15,61.6倍,2.00倍,4.84%
20261006,2684,アテクト,4241,東S,,735,+27,+3.81%,15,27.1倍,1.76倍,1.36%
20261006,2685,川口化,4361,東S,,"1,675",+17,+1.03%,15,8.50倍,0.62倍,3.58%
20261006,2686,バードマン,7063,東G,,55,-1,-1.79%,15,16.6倍,2.74倍,ー%
20261006,2687,イントラスト,7191,東S,,"1,143",+3,+0.26%,15,13.9倍,3.17倍,4.33%
20261006,2688,国際計測,7722,東S,,758,+11,+1.47%,15,10.2倍,0.82倍,5.28%
20261006,2689,黒田精,7726,東S,,"1,489",-24,-1.59%,15,25.3倍,0.69倍,1.34%
20261006,2690,タカノ,7885,東S,,"1,060",+3,+0.28%,15,22.1倍,0.50倍,1.89%
20261006,2691,ＯＵＧＨＤ,8041,東S,,"4,270",+10,+0.23%,15,7.20倍,0.56倍,4.03%
20261006,2692,千趣会,8165,東S,,100,0,0.00%,15,ー倍,0.27倍,ー%
20261006,2693,クエスト,2332,東S,,"1,769",+17,+0.97%,15,10.6倍,1.24倍,3.45%
20261006,2694,ぐるなび,2440,東S,,114,+1,+0.88%,15,ー倍,1.24倍,ー%
20261006,2695,野村外リート,2515,東Ｅ,,"1,525",-14,-0.91%,15,ー倍,ー倍,ー%
20261006,2696,トリドリ,9337,東G,,"1,450",-1,-0.07%,15,10.6倍,2.67倍,ー%
20261006,2697,ＧＥＮＯＶＡ,9341,東P,,605,-2,-0.33%,15,8.82倍,1.73倍,4.96%
20261006,2698,ジンジブ,142A,東G,,997,-12,-1.19%,15,8.21倍,4.97倍,ー%
20261006,2699,ユカリア,286A,東G,,772,+11,+1.45%,15,16.6倍,1.31倍,ー%
20261006,2700,ＴＹＫ,5363,東S,,720,-8,-1.10%,15,7.06倍,0.63倍,4.25%
20261006,2701,日本スキー,6040,東G,,460,+11,+2.45%,15,13.5倍,2.08倍,1.09%
20261006,2702,スタートＬ,477A,東G,,794,+17,+2.19%,15,10.6倍,1.70倍,ー%
20261006,2703,ｋｕｂｅｌｌ,4448,東G,,356,+3,+0.85%,15,25.0倍,5.88倍,ー%
20261006,2704,ＷＡ,7683,東P,,"1,403",+3,+0.21%,15,30.4倍,2.44倍,1.21%
20261006,2705,ｒａｋｕｍｏ,4060,東G,,"1,188",+59,+5.23%,15,21.8倍,3.52倍,1.18%
20261006,2706,ジーネクスト,4179,東G,,324,-6,-1.82%,15,ー倍,23.1倍,ー%
20261006,2707,フォトシンス,4379,東G,,489,0,0.00%,15,25.6倍,2.93倍,ー%
20261006,2708,アップガレＧ,7134,東S,,"1,452",+25,+1.75%,15,12.7倍,2.29倍,2.93%
20261006,2709,夢展望,3185,東G,,104,-2,-1.89%,15,ー倍,-41倍,ー%
20261006,2710,ミラタップ,3187,東G,,400,-3,-0.74%,15,30.6倍,2.48倍,1.00%
20261006,2711,デリカフＨＤ,3392,東S,,764,+13,+1.73%,15,7.10倍,1.19倍,3.53%
20261006,2712,Ｊテック・Ｃ,3446,東S,,"1,557",+20,+1.30%,15,115倍,3.22倍,ー%
20261006,2713,信和,3447,東S,,956,-1,-0.10%,15,8.10倍,0.75倍,3.77%
20261006,2714,テックファム,3625,東G,,704,-26,-3.56%,15,10.0倍,1.59倍,1.14%
20261006,2715,トリニ工,6382,東S,,"1,216",+9,+0.75%,15,10.1倍,0.58倍,5.02%
20261006,2716,ウインテスト,6721,東S,,66,+1,+1.54%,15,75.0倍,10.7倍,ー%
20261006,2717,ぷらっと,6836,東S,,897,+47,+5.53%,15,85.1倍,9.06倍,ー%
20261006,2718,ＴＢグループ,6775,東S,,141,+3,+2.17%,14,210倍,4.41倍,ー%
20261006,2719,ＩＲジャパン,6035,東S,,737,+5,+0.68%,14,ー倍,2.02倍,ー%
20261006,2720,ライドオンＥ,6082,東S,,988,+1,+0.10%,14,24.4倍,1.07倍,1.52%
20261006,2721,エフテック,7212,東S,,737,+8,+1.10%,14,17.1倍,0.23倍,2.71%
20261006,2722,エコーＴＤ,7427,東S,,834,+8,+0.97%,14,6.74倍,0.43倍,3.60%
20261006,2723,小津産業,7487,東S,,"1,880",+7,+0.37%,14,36.0倍,0.83倍,1.44%
20261006,2724,ハークスレイ,7561,東S,,678,-1,-0.15%,14,7.84倍,0.48倍,4.42%
20261006,2725,ＪＭＳ,7702,東S,,452,+6,+1.35%,14,18.5倍,0.27倍,3.76%
20261006,2726,オービス,7827,東S,,"1,787",+10,+0.56%,14,8.99倍,0.56倍,3.47%
20261006,2727,遠藤製作所,7841,東S,,"1,068",-13,-1.20%,14,9.41倍,0.41倍,3.75%
20261006,2728,ＭＸ海外株式,1550,東Ｅ,,"8,118",+83,+1.03%,14,ー倍,ー倍,ー%
20261006,2729,大本組,1793,東S,,"2,002",-35,-1.72%,14,18.9倍,0.75倍,3.70%
20261006,2730,ＶＮＸ,4422,東G,,500,+1,+0.20%,14,ー倍,5.09倍,ー%
20261006,2731,笑美面,9237,東G,,848,+30,+3.67%,14,20.0倍,4.29倍,ー%
20261006,2732,ヒューマンＴ,5621,東G,,"1,568",+11,+0.71%,14,13.5倍,2.86倍,2.23%
20261006,2733,野村Ｐ１５０,159A,東Ｅ,,759.6,+7.4,+0.98%,14,ー倍,ー倍,ー%
20261006,2734,ＧＸ革新優良,178A,東Ｅ,,"1,695",+14,+0.83%,14,ー倍,ー倍,ー%
20261006,2735,極楽湯ＨＤ,2340,東S,,509,+1,+0.20%,14,ー倍,3.61倍,1.18%
20261006,2736,焼肉坂井ＨＤ,2694,東S,,70,0,0.00%,14,156倍,2.68倍,ー%
20261006,2737,パレモ・ＨＤ,2778,東S,,129,+4,+3.20%,14,61.1倍,0.99倍,ー%
20261006,2738,アゼアス,3161,東S,,684,-6,-0.87%,14,22.2倍,0.58倍,3.36%
20261006,2739,ＡＮＡＰＨＤ,3189,東S,,93,+1,+1.09%,14,ー倍,1.47倍,ー%
20261006,2740,ＰＣＩ,3918,東S,,"1,175",+24,+2.09%,14,9.25倍,1.24倍,4.94%
20261006,2741,日創グループ,3440,東S,,837,0,0.00%,14,9.92倍,0.43倍,5.02%
20261006,2742,いつも,7694,東G,,641,-41,-6.01%,14,20.4倍,1.52倍,ー%
20261006,2743,コラントッテ,7792,東G,,"1,481",+6,+0.41%,14,9.65倍,2.27倍,3.38%
20261006,2744,伊沢タオル,365A,東S,,774,+6,+0.78%,14,11.0倍,1.85倍,5.43%
20261006,2745,ｉＳシルバー,568A,東Ｅ,,157.6,-1.1,-0.69%,14,ー倍,ー倍,ー%
20261006,2746,野村政策,605A,東Ｅ,,208.1,+4.6,+2.26%,14,ー倍,ー倍,ー%
20261006,2747,グランディ,8999,東P,,553,+4,+0.73%,14,14.6倍,0.65倍,5.79%
20261006,2748,兵機海,9362,東S,,"3,950",+100,+2.60%,14,11.8倍,0.82倍,2.78%
20261006,2749,三協フロンテ,9639,東S,,"2,270",+8,+0.35%,14,8.62倍,0.96倍,4.41%
20261006,2750,オオバ,9765,東P,,"1,170",-1,-0.09%,14,12.7倍,1.29倍,3.76%
20261006,2751,ＭＲＫＨＬＤ,9980,東S,,90,+1,+1.12%,14,6.28倍,0.55倍,1.11%
20261006,2752,川西倉,9322,東S,,"2,318",-2,-0.09%,13,27.4倍,0.84倍,5.69%
20261006,2753,フォーバルＲ,9423,東S,,104,+1,+0.97%,13,20.2倍,3.65倍,2.88%
20261006,2754,プロパテクノ,5527,東G,,765,-1,-0.13%,13,7.34倍,1.10倍,3.27%
20261006,2755,ｍｏｎｏＡＩ,5240,東G,,171,-3,-1.72%,13,ー倍,2.17倍,ー%
20261006,2756,グリッド,5582,東G,,"2,082",+10,+0.48%,13,25.0倍,2.33倍,ー%
20261006,2757,インシュア,5843,東S,,"2,293",+5,+0.22%,13,9.20倍,2.16倍,1.09%
20261006,2758,ケイファーマ,4896,東G,,770,+7,+0.92%,13,ー倍,11.6倍,ー%
20261006,2759,ＭＸ読売日株,348A,東Ｅ,,304.4,+5.6,+1.87%,13,ー倍,ー倍,ー%
20261006,2760,日本モゲジＳ,7192,東S,,678,+1,+0.15%,13,11.0倍,1.06倍,4.42%
20261006,2761,アドヴァンＧ,7463,東S,,932,+3,+0.32%,13,ー倍,0.52倍,4.29%
20261006,2762,森尾電,6647,東S,,"3,510",-100,-2.77%,13,15.5倍,0.75倍,1.71%
20261006,2763,三洋工,5958,東S,,"4,380",+35,+0.81%,13,9.47倍,0.59倍,4.79%
20261006,2764,トレンダ,6069,東G,,654,-3,-0.46%,13,11.3倍,1.26倍,5.50%
20261006,2765,ＣＬＨＤ,4286,東S,,"1,302",-3,-0.23%,13,12.7倍,1.71倍,2.38%
20261006,2766,ＳＩＧＧ,4386,東S,,909,+22,+2.48%,13,10.3倍,1.82倍,3.63%
20261006,2767,日本ＩＳＫ,7986,東S,,"1,928",+29,+1.53%,13,6.57倍,0.61倍,1.56%
20261006,2768,ナラサキ,8085,東S,,"4,575",-25,-0.54%,13,9.21倍,0.78倍,3.06%
20261006,2769,キムラタン,8107,東S,,31,0,0.00%,13,344倍,5.32倍,ー%
20261006,2770,ｉＳＩＧ債Ｈ,1496,東Ｅ,,"1,573",-2,-0.13%,13,ー倍,ー倍,ー%
20261006,2771,ＴＰＸベア,1569,東Ｅ,,714.0,-7.5,-1.04%,13,ー倍,ー倍,ー%
20261006,2772,ナカボテック,1787,東S,,"5,720",+120,+2.14%,13,13.4倍,1.51倍,4.55%
20261006,2773,インドブル,2046,東EN,,"21,300",+120,+0.57%,13,ー倍,ー倍,ー%
20261006,2774,塩水糖,2112,東S,,447,+5,+1.13%,13,6.85倍,0.56倍,3.58%
20261006,2775,インタスペス,2122,東S,,"1,325",+13,+0.99%,13,19.8倍,1.42倍,2.26%
20261006,2776,梅乃宿酒造,559A,東S,,"1,132",-8,-0.70%,13,19.0倍,1.93倍,2.11%
20261006,2777,ＯｎｅＪ３０,611A,東Ｅ,,986.0,+11.1,+1.14%,13,ー倍,ー倍,ー%
20261006,2778,ｃｏｔｔａ,3359,東G,,492,+1,+0.20%,13,8.31倍,1.08倍,2.03%
20261006,2779,ＳＭＩＮＯＥ,3501,東P,,"1,163",+5,+0.43%,13,10.7倍,0.47倍,3.61%
20261006,2780,ケアサプライ,2393,東S,,"4,345",-10,-0.23%,13,29.4倍,3.76倍,1.70%
20261006,2781,ジェイテック,2479,東S,,255,+3,+1.19%,13,11.4倍,1.47倍,ー%
20261006,2782,ＪＦＬＡＨＤ,3069,東S,,157,0,0.00%,13,ー倍,1.23倍,ー%
20261006,2783,Ｃマネージ,4491,東S,,"2,996",-4,-0.13%,13,11.9倍,1.42倍,2.00%
20261006,2784,ＭＸナスヘ有,2632,東Ｅ,,"18,875",+200,+1.07%,13,ー倍,ー倍,ー%
20261006,2785,ｉＦＥ科創板,2628,東Ｅ,,"3,408",+4,+0.12%,13,ー倍,ー倍,ー%
20261006,2786,ＧＸリー日株,2641,東Ｅ,,"4,599",+18,+0.39%,13,ー倍,ー倍,ー%
20261006,2787,ランドネット,2991,東S,,517,0,0.00%,13,3.98倍,0.94倍,2.51%
20261006,2788,ノバック,5079,東S,,"2,578",+26,+1.02%,13,17.3倍,0.72倍,4.65%
20261006,2789,スペースマ,4487,東G,,212,-6,-2.75%,12,17.0倍,2.63倍,ー%
20261006,2790,ｉ３,4495,東G,,"2,042",+5,+0.25%,12,12.5倍,3.28倍,1.96%
20261006,2791,ＳＴＩＦＨＤ,2932,東S,,"1,102",-5,-0.45%,12,11.5倍,1.87倍,3.63%
20261006,2792,スタメン,4019,東G,,606,+6,+1.00%,12,14.5倍,3.35倍,1.65%
20261006,2793,セイファート,9213,東S,,"1,005",-45,-4.29%,12,ー倍,1.78倍,ー%
20261006,2794,ＭＨＴ,9218,東G,,809,+3,+0.37%,12,29.7倍,6.02倍,1.24%
20261006,2795,日本ホスピス,7061,東G,,481,+11,+2.34%,12,ー倍,1.11倍,ー%
20261006,2796,今村証券,7175,東S,,"1,916",-27,-1.39%,12,ー倍,0.72倍,ー%
20261006,2797,ミクニ,7247,東S,,364,+2,+0.55%,12,7.20倍,0.30倍,4.12%
20261006,2798,ヤガミ,7488,名M,,"5,360",+40,+0.75%,12,19.1倍,2.10倍,5.22%
20261006,2799,大研医器,7775,東S,,416,+1,+0.24%,12,20.3倍,1.57倍,4.81%
20261006,2800,永大産業,7822,東S,,247,-3,-1.20%,12,5.46倍,0.26倍,4.05%
20261006,2801,和心,9271,東G,,999,+23,+2.36%,12,12.6倍,4.22倍,1.20%
20261006,2802,サンリツ,9366,東S,,"1,230",-21,-1.68%,12,9.96倍,0.56倍,3.09%
20261006,2803,ベルパーク,9441,東S,,"2,983",+23,+0.78%,12,7.85倍,1.23倍,4.83%
20261006,2804,ＳＥＨＩ,9478,東S,,506,+1,+0.20%,12,15.1倍,0.63倍,0.79%
20261006,2805,セレスポ,9625,東S,,905,-3,-0.33%,12,7.32倍,0.53倍,5.52%
20261006,2806,ＧＸＡＩビグ,223A,東Ｅ,,"1,890",+20,+1.07%,12,ー倍,ー倍,ー%
20261006,2807,インフォメテ,281A,東G,,390,+2,+0.52%,12,ー倍,2.88倍,ー%
20261006,2808,ＧＷ,3936,東G,,131,+1,+0.77%,12,40.2倍,4.16倍,ー%
20261006,2809,シャノン,3976,東G,,535,-1,-0.19%,12,5.28倍,2.30倍,ー%
20261006,2810,ビープラッツ,4381,東G,,215,+2,+0.94%,12,22.2倍,-2.3倍,ー%
20261006,2811,有機薬,4531,東S,,367,+2,+0.55%,12,13.3倍,0.59倍,2.72%
20261006,2812,キタック,4707,東S,,395,+7,+1.80%,12,13.0倍,0.60倍,1.77%
20261006,2813,ヨシコン,5280,東S,,"2,166",-10,-0.46%,12,5.38倍,0.54倍,4.16%
20261006,2814,コロナ,5909,東S,,933,+5,+0.54%,12,45.5倍,0.35倍,3.00%
20261006,2815,銚子丸,3075,東S,,"1,711",+11,+0.65%,12,17.6倍,2.36倍,0.94%
20261006,2816,ヒット,378A,東G,,916,+8,+0.88%,12,13.1倍,2.26倍,2.29%
20261006,2817,野村欧州株,486A,東Ｅ,,"2,126",+27,+1.29%,12,ー倍,ー倍,ー%
20261006,2818,Ｏｎｅトピ,1473,東Ｅ,,"4,306",+47,+1.10%,12,ー倍,ー倍,ー%
20261006,2819,上場米債ヘ無,1486,東Ｅ,,"22,665",0,0.00%,12,ー倍,ー倍,ー%
20261006,2820,野村不動産,1633,東Ｅ,,"46,630",+20,+0.04%,12,ー倍,ー倍,ー%
20261006,2821,ｉＳ米リート,1659,東Ｅ,,"3,600",-30,-0.83%,12,ー倍,ー倍,ー%
20261006,2822,アグレ都市,3467,東S,,"2,790",+51,+1.86%,12,7.00倍,1.93倍,5.02%
20261006,2823,テクミラ,3627,東S,,270,+3,+1.12%,12,21.7倍,0.54倍,1.85%
20261006,2824,岡山製紙,3892,東S,,"1,620",+2,+0.12%,12,12.0倍,0.52倍,3.09%
20261006,2825,イノベＨＤ,3484,東S,,"1,232",-15,-1.20%,11,16.2倍,4.47倍,2.76%
20261006,2826,昭栄薬品,3537,東S,,"1,705",-16,-0.93%,11,13.4倍,0.61倍,2.40%
20261006,2827,ＰバンＣＯＭ,3559,東S,,462,+4,+0.87%,11,17.0倍,1.55倍,2.16%
20261006,2828,フォーシーズ,3726,東S,,335,0,0.00%,11,ー倍,2.25倍,ー%
20261006,2829,ユニリタ,3800,東S,,"1,963",+12,+0.62%,11,12.4倍,1.13倍,3.82%
20261006,2830,うるる,3979,東G,,488,-5,-1.01%,11,17.1倍,3.61倍,0.88%
20261006,2831,片倉コープ,4031,東S,,"1,030",-1,-0.10%,11,18.5倍,0.40倍,2.72%
20261006,2832,日化産,4094,東S,,"2,220",+4,+0.18%,11,34.6倍,0.83倍,4.05%
20261006,2833,ＣＥＨＤ,4320,東S,,"1,629",0,0.00%,11,31.2倍,3.33倍,ー%
20261006,2834,ナトコ,4627,東S,,"2,146",+46,+2.19%,11,11.1倍,0.63倍,2.52%
20261006,2835,プロレド,7034,東P,,317,+19,+6.38%,11,ー倍,0.52倍,ー%
20261006,2836,ＴＢＫ,7277,東S,,328,+5,+1.55%,11,17.4倍,0.33倍,2.44%
20261006,2837,ヤギ,7460,東S,,"1,689",+5,+0.30%,11,11.0倍,0.85倍,3.55%
20261006,2838,橋本総業ＨＤ,7570,東S,,"1,363",+6,+0.44%,11,7.18倍,0.70倍,3.82%
20261006,2839,梅の花Ｇ,7604,東S,,911,0,0.00%,11,29.0倍,4.04倍,1.10%
20261006,2840,ノダ,7879,東S,,676,+6,+0.90%,11,49.5倍,0.29倍,4.44%
20261006,2841,興研,7963,東S,,"1,799",+6,+0.33%,11,10.5倍,0.63倍,1.95%
20261006,2842,セーラー,7992,東S,,100,-2,-1.96%,11,ー倍,2.98倍,ー%
20261006,2843,和田興産,8931,東S,,"1,290",-4,-0.31%,11,6.73倍,0.40倍,5.19%
20261006,2844,インテＭ,7072,東G,,"1,130",-11,-0.96%,11,19.2倍,2.09倍,ー%
20261006,2845,セルソース,4880,東S,,318,+6,+1.92%,11,ー倍,1.06倍,ー%
20261006,2846,Ｅインフィニ,7692,東S,,76,0,0.00%,11,13.6倍,5.90倍,3.95%
20261006,2847,アクシージア,4936,東S,,288,-3,-1.03%,11,ー倍,0.92倍,3.47%
20261006,2848,Ｚｅｎｋｅｎ,7371,東G,,798,+5,+0.63%,11,17.4倍,0.76倍,3.38%
20261006,2849,ＧＸメタ日株,2646,東Ｅ,,"3,900",+65,+1.69%,11,ー倍,ー倍,ー%
20261006,2850,野村国債Ｄイ,2251,東Ｅ,,926.2,+4.1,+0.44%,11,ー倍,ー倍,ー%
20261006,2851,アメイズ,6076,福証,,"1,354",+23,+1.73%,11,8.25倍,1.05倍,2.58%
20261006,2852,ＰＲＩＳＭバ,206A,東G,,141,0,0.00%,11,ー倍,2.78倍,ー%
20261006,2853,Ｈｍｃｏｍｍ,265A,東G,,753,-8,-1.05%,11,97.9倍,1.82倍,ー%
20261006,2854,ＩＡＣＥトラ,343A,東S,,"1,258",-17,-1.33%,11,10.0倍,1.40倍,3.02%
20261006,2855,藤商事,6257,東S,,996,-3,-0.30%,11,9.93倍,0.49倍,5.52%
20261006,2856,昭和真空,6384,東S,,"1,749",+19,+1.10%,11,19.3倍,0.93倍,4.00%
20261006,2857,三相電機,6518,東S,,"1,762",+44,+2.56%,11,9.50倍,0.63倍,1.42%
20261006,2858,ハナツアーＪ,6561,東G,,842,+15,+1.81%,11,7.42倍,2.25倍,4.99%
20261006,2859,中外鉱,1491,東S,,700,+2,+0.29%,11,10.1倍,1.21倍,ー%
20261006,2860,ＷＴ小麦,1695,東Ｅ,,"3,450",+21,+0.61%,11,ー倍,ー倍,ー%
20261006,2861,日基技,1914,東S,,796,-3,-0.38%,11,9.65倍,0.59倍,3.77%
20261006,2862,アミタＨＤ,2195,東G,,379,+9,+2.43%,11,20.3倍,2.46倍,1.32%
20261006,2863,林兼,2286,東S,,895,-1,-0.11%,11,6.11倍,0.56倍,5.03%
20261006,2864,ｆｏｎｆｕｎ,2323,東S,,360,+14,+4.05%,11,17.0倍,5.39倍,ー%
20261006,2865,ケア２１,2373,東S,,426,-14,-3.18%,11,115倍,1.24倍,3.99%
20261006,2866,株主還元７０,2529,東Ｅ,,"2,366",-4,-0.17%,11,ー倍,ー倍,ー%
20261006,2867,ユニカフェ,2597,東S,,"1,319",0,0.00%,11,25.2倍,2.37倍,ー%
20261006,2868,篠崎屋,2926,東S,,109,+1,+0.93%,11,23.8倍,1.35倍,3.67%
20261006,2869,ＵＮＩＶＡ,3113,東S,,79,-1,-1.25%,11,41.6倍,3.37倍,ー%
20261006,2870,ありがとうＳ,3177,東S,,"4,680",-10,-0.21%,11,8.78倍,1.22倍,2.88%
20261006,2871,アサヒエイト,5341,東S,,128,-5,-3.76%,11,ー倍,0.82倍,ー%
20261006,2872,不二サッシ,5940,東S,,737,0,0.00%,11,5.78倍,0.37倍,4.07%
20261006,2873,小田原エンジ,6149,東S,,"2,148",+36,+1.70%,11,14.3倍,0.63倍,3.26%
20261006,2874,和井田,6158,東S,,"1,015",+14,+1.40%,11,18.9倍,0.63倍,3.74%
20261006,2875,ＭＸＳＰ等ウ,383A,東Ｅ,,"2,505",-23,-0.91%,11,ー倍,ー倍,ー%
20261006,2876,ＧＸ商社資源,609A,東Ｅ,,"1,060",0,0.00%,11,ー倍,ー倍,ー%
20261006,2877,ＮＥ,441A,東G,,267,0,0.00%,10,8.75倍,1.84倍,ー%
20261006,2878,ソフトテック,550A,東S,,"2,329",+50,+2.19%,10,10.1倍,1.35倍,3.22%
20261006,2879,ＧＸＵＳ配当,2236,東Ｅ,,"1,410",+10,+0.71%,10,ー倍,ー倍,ー%
20261006,2880,モンラボ,5255,東G,,83,+4,+5.06%,10,ー倍,8.13倍,ー%
20261006,2881,ジョイフル,9942,福証,,"1,292",-3,-0.23%,10,9.04倍,2.58倍,0.77%
20261006,2882,野村Ａ成長,2083,東Ｅ,,"4,117",+37,+0.91%,10,ー倍,ー倍,ー%
20261006,2883,ＲＥＩＴイン,2094,東Ｅ,,831,-3,-0.36%,10,ー倍,ー倍,ー%
20261006,2884,売れるＧ,9235,東G,,393,+1,+0.26%,10,29.1倍,-31倍,ー%
20261006,2885,ＴＭＨ,280A,東G,,"1,110",+12,+1.09%,10,ー倍,2.97倍,ー%
20261006,2886,ナ・デックス,7435,東S,,"1,375",-8,-0.58%,10,10.3倍,0.53倍,2.91%
20261006,2887,ＰＬＡＮＴ,7646,東S,,"1,752",-13,-0.74%,10,11.0倍,0.77倍,5.42%
20261006,2888,バルニバービ,3418,東G,,"1,051",+1,+0.10%,10,34.8倍,1.90倍,0.71%
20261006,2889,ＤＬＥ,3686,東S,,58,+1,+1.75%,10,16.8倍,1.98倍,ー%
20261006,2890,レイ,4317,東S,,601,+3,+0.50%,10,9.68倍,1.01倍,2.50%
20261006,2891,ニューラルＧ,4056,東G,,203,-1,-0.49%,10,ー倍,2.31倍,ー%
20261006,2892,ココペリ,4167,東G,,330,-12,-3.51%,10,50.2倍,1.72倍,ー%
20261006,2893,シキノＨＴ,6614,東S,,913,+1,+0.11%,10,49.0倍,1.78倍,1.64%
20261006,2894,南プラ,7887,東S,,"1,460",-10,-0.68%,10,4.73倍,0.27倍,2.74%
20261006,2895,カノークス,8076,東S,,"2,045",-10,-0.49%,10,9.75倍,0.60倍,5.18%
20261006,2896,太平発,8835,東S,,782,+6,+0.77%,10,12.9倍,0.39倍,5.18%
20261006,2897,ブティックス,9272,東G,,"1,537",+51,+3.43%,10,10.5倍,5.88倍,ー%
20261006,2898,ダントーＨＤ,5337,東S,,885,-23,-2.53%,10,ー倍,3.61倍,ー%
20261006,2899,日精鉱,5729,東S,,"1,660",+5,+0.30%,10,14.6倍,1.07倍,3.61%
20261006,2900,ダイニチ工業,5951,東S,,"1,141",+18,+1.60%,10,15.4倍,0.63倍,2.45%
20261006,2901,アビスト,6087,東S,,"3,325",-25,-0.75%,10,22.4倍,1.85倍,3.07%
20261006,2902,野村機械,1624,東Ｅ,,"86,710",+90,+0.10%,10,ー倍,ー倍,ー%
20261006,2903,ＷＴ金,1672,東Ｅ,,"60,430",-390,-0.64%,10,ー倍,ー倍,ー%
20261006,2904,Ｔスマート,6246,東S,,"1,792",+3,+0.17%,10,14.7倍,0.98倍,5.13%
20261006,2905,フリージア,6343,東S,,150,+1,+0.67%,10,4.22倍,0.40倍,0.40%
20261006,2906,ＵＭＣエレ,6615,東S,,229,-1,-0.43%,10,ー倍,0.58倍,ー%
20261006,2907,共和電,6853,東S,,798,+10,+1.27%,10,16.6倍,1.06倍,2.63%
20261006,2908,協立電機,6874,東S,,"2,341",+1,+0.04%,10,8.58倍,0.85倍,3.93%
20261006,2909,ケル,6919,東S,,"1,417",+22,+1.58%,10,79.3倍,0.68倍,5.65%
20261006,2910,ティア,2485,東S,,433,0,0.00%,10,19.5倍,1.12倍,5.31%
20261006,2911,ナフコ,2790,東S,,"2,021",+2,+0.10%,10,39.1倍,0.32倍,2.87%
20261006,2912,日食品,2892,東S,,"4,940",+25,+0.51%,10,15.5倍,0.77倍,3.04%
20261006,2913,太陽化,2902,名M,,"2,731",-14,-0.51%,10,9.53倍,0.83倍,3.70%
20261006,2914,マーチャント,3121,東S,,251,-2,-0.79%,10,32.1倍,1.70倍,1.20%
20261006,2915,富士山ＭＳ,3138,東S,,"1,205",+2,+0.17%,10,332倍,1.73倍,1.33%
20261006,2916,ハピネス＆Ｄ,3174,東S,,335,-2,-0.59%,10,ー倍,3.81倍,ー%
20261006,2917,チムニー,3178,東S,,"1,119",-1,-0.09%,10,86.3倍,3.38倍,0.45%
20261006,2918,ソフトフロン,2321,東G,,140,-1,-0.71%,9,ー倍,4.38倍,ー%
20261006,2919,ＵＮＩＴＥＤ,2497,東G,,494,+4,+0.82%,9,737倍,1.12倍,4.45%
20261006,2920,石光商事,2750,東S,,"1,326",+21,+1.61%,9,5.96倍,0.74倍,4.15%
20261006,2921,新都ＨＤ,2776,東S,,90,0,0.00%,9,24.9倍,1.42倍,ー%
20261006,2922,ＫＴＫ,3035,東S,,733,-2,-0.27%,9,9.44倍,0.80倍,3.00%
20261006,2923,コミニックス,3173,東S,,"1,487",-7,-0.47%,9,9.28倍,1.10倍,3.36%
20261006,2924,中央魚,8030,東S,,"3,900",-5,-0.13%,9,7.10倍,0.41倍,3.08%
20261006,2925,ゼット,8135,東S,,428,-6,-1.38%,9,10.1倍,0.55倍,4.21%
20261006,2926,ラオックス,8202,東S,,149,-1,-0.67%,9,21.6倍,0.64倍,2.68%
20261006,2927,ＧＭＢ,7214,東S,,"1,144",-1,-0.09%,9,6.11倍,0.27倍,4.11%
20261006,2928,東邦レマック,7422,東S,,572,+5,+0.88%,9,41.0倍,0.65倍,1.99%
20261006,2929,ムラキ,7477,東S,,"1,640",+90,+5.81%,9,ー倍,0.85倍,ー%
20261006,2930,安楽亭,7562,東S,,"3,750",0,0.00%,9,22.7倍,2.06倍,0.40%
20261006,2931,うかい,7621,東S,,"3,230",0,0.00%,9,ー倍,3.71倍,0.46%
20261006,2932,アトラスＴ,9563,東G,,361,+6,+1.69%,9,36.4倍,1.46倍,1.94%
20261006,2933,ＧＸ自動ＥＶ,2867,東Ｅ,,"1,684",+17,+1.02%,9,ー倍,ー倍,ー%
20261006,2934,クオルテック,9165,東G,,"1,800",-12,-0.66%,9,10.7倍,1.18倍,2.61%
20261006,2935,ｉＳ米総合債,2256,東Ｅ,,213.8,-0.5,-0.23%,9,ー倍,ー倍,ー%
20261006,2936,サキガケＨＤ,5891,東S,,"1,699",-3,-0.18%,9,38.5倍,1.99倍,1.35%
20261006,2937,ＧＸ印１０＋,188A,東Ｅ,,797,-3,-0.38%,9,ー倍,ー倍,ー%
20261006,2938,構造計画ＨＤ,208A,東S,,"2,847",+18,+0.64%,9,11.7倍,2.60倍,3.86%
20261006,2939,カドスＣ,211A,東S,,"3,115",-15,-0.48%,9,9.50倍,0.69倍,5.78%
20261006,2940,リビンＴ,4445,東G,,"1,740",-19,-1.08%,9,31.6倍,2.92倍,ー%
20261006,2941,パワーソリュ,4450,東G,,"2,393",-9,-0.37%,9,34.6倍,2.03倍,1.09%
20261006,2942,ランディクス,2981,東G,,"2,277",+67,+3.03%,9,6.88倍,1.23倍,2.46%
20261006,2943,ひとまいる,7686,東S,,434,+4,+0.93%,9,19.6倍,2.56倍,4.61%
20261006,2944,ヴィス,5071,東S,,"1,392",-9,-0.64%,9,9.49倍,1.55倍,4.24%
20261006,2945,Ｓイノベ,4178,東G,,915,+15,+1.67%,9,85.7倍,2.08倍,ー%
20261006,2946,ロボペイ,4374,東G,,"1,193",+26,+2.23%,9,15.8倍,6.08倍,1.30%
20261006,2947,エコシステム,9249,東S,,"1,592",+7,+0.44%,9,24.1倍,2.24倍,1.13%
20261006,2948,サンウェルズ,9229,東P,,107,0,0.00%,9,ー倍,0.54倍,ー%
20261006,2949,アルファＣｏ,3434,東S,,"1,215",-1,-0.08%,9,11.7倍,0.30倍,4.20%
20261006,2950,イチカワ,3513,東S,,"3,555",-130,-3.53%,9,16.6倍,0.59倍,2.81%
20261006,2951,メディア工房,3815,東G,,437,+1,+0.23%,9,ー倍,8.18倍,ー%
20261006,2952,日ピグＨＤ,4119,東S,,"6,230",+60,+0.97%,9,7.52倍,0.43倍,1.61%
20261006,2953,Ａｍａｚｉａ,4424,東G,,302,-2,-0.66%,9,ー倍,2.56倍,ー%
20261006,2954,東名,4439,東S,,840,-1,-0.12%,9,9.78倍,2.26倍,1.55%
20261006,2955,Ｆ＆Ｍ,4771,東S,,"2,627",-22,-0.83%,9,13.5倍,2.51倍,2.28%
20261006,2956,エスユーエス,6554,東G,,"1,063",-30,-2.74%,9,9.63倍,2.01倍,4.70%
20261006,2957,ライトアップ,6580,東G,,818,-13,-1.56%,9,8.43倍,1.32倍,2.32%
20261006,2958,ズーム,6694,東S,,822,-3,-0.36%,9,8.88倍,0.60倍,3.89%
20261006,2959,ＯＳＧコーポ,6757,東S,,928,+18,+1.98%,9,16.2倍,2.03倍,4.31%
20261006,2960,ＳＳＳＫＨＤ,4838,東S,,696,+2,+0.29%,9,9.25倍,1.29倍,4.31%
20261006,2961,ジオスター,5282,東S,,386,+2,+0.52%,9,6.39倍,0.48倍,2.59%
20261006,2962,ヤマウＨＤ,5284,東S,,"2,219",+7,+0.32%,9,5.98倍,1.00倍,5.05%
20261006,2963,イトヨーギョ,5287,東S,,875,+2,+0.23%,9,12.9倍,0.65倍,2.29%
20261006,2964,クニミネ,5388,東S,,"1,365",-15,-1.09%,9,11.5倍,0.75倍,2.93%
20261006,2965,滝上工,5918,東S,,"7,740",+30,+0.39%,9,9.41倍,0.30倍,1.29%
20261006,2966,マルゼン,5982,東S,,"3,980",-40,-1.00%,9,12.0倍,1.21倍,3.14%
20261006,2967,西部電機,6144,東S,,"2,709",+8,+0.30%,9,13.6倍,1.15倍,3.32%
20261006,2968,タケダ機械,6150,東S,,"2,767",-18,-0.65%,9,9.78倍,0.47倍,2.89%
20261006,2969,エーワン精密,6156,東S,,"1,887",+18,+0.96%,9,37.6倍,1.28倍,5.30%
20261006,2970,広電鉄,9033,東S,,625,+8,+1.30%,9,19.0倍,0.42倍,1.28%
20261006,2971,名港海,9357,名M,,"2,451",-34,-1.37%,9,12.2倍,0.51倍,4.08%
20261006,2972,文教堂ＧＨＤ,9978,東S,,44,-2,-4.35%,9,163倍,-5.4倍,ー%
20261006,2973,上場ＭＳ世界,1554,東Ｅ,,"6,778",+15,+0.22%,9,ー倍,ー倍,ー%
20261006,2974,川崎設備,1777,名M,,"2,348",+13,+0.56%,9,8.15倍,1.71倍,4.05%
20261006,2975,Ｈ株ブル,1572,東Ｅ,,"6,486",+138,+2.17%,8,ー倍,ー倍,ー%
20261006,2976,ｉＳ新興国株,1658,東Ｅ,,"4,425",+30,+0.68%,8,ー倍,ー倍,ー%
20261006,2977,フジ日本,2114,東S,,638,+5,+0.79%,8,13.1倍,1.18倍,2.98%
20261006,2978,セーラー広告,2156,東S,,273,-1,-0.36%,8,ー倍,0.63倍,2.20%
20261006,2979,ジェネパ,3195,東S,,437,-2,-0.46%,8,19.8倍,1.72倍,ー%
20261006,2980,東和フード,3329,東S,,"2,135",0,0.00%,8,30.2倍,2.20倍,0.94%
20261006,2981,Ｔｒａｉｌ,3358,東S,,93,0,0.00%,8,65.5倍,1.60倍,2.15%
20261006,2982,クラウディア,3607,東S,,349,-3,-0.85%,8,5.75倍,0.72倍,2.87%
20261006,2983,ネクスジェン,3842,東S,,"1,360",-2,-0.15%,8,15.0倍,1.68倍,2.21%
20261006,2984,サンメッセ,7883,東S,,459,-1,-0.22%,8,29.7倍,0.39倍,1.96%
20261006,2985,ＤＡＩＫＯＸ,8023,東S,,"1,032",+16,+1.57%,8,7.41倍,0.97倍,3.68%
20261006,2986,ＳＳ米高配,451A,東Ｅ,,275.1,-1.6,-0.58%,8,ー倍,ー倍,ー%
20261006,2987,上場リ高３０,608A,東Ｅ,,"1,393",-2,-0.14%,8,ー倍,ー倍,ー%
20261006,2988,岩塚製菓,2221,東S,,"3,020",-5,-0.17%,8,23.3倍,0.51倍,1.06%
20261006,2989,コモ,2224,東S,,"3,800",-10,-0.26%,8,64.4倍,6.01倍,0.18%
20261006,2990,コイケヤ,2226,東S,,"4,715",-10,-0.21%,8,19.4倍,2.35倍,1.17%
20261006,2991,クオンタムＳ,2338,東S,,106,-1,-0.93%,8,ー倍,-8.2倍,ー%
20261006,2992,ホドルワン,2345,東S,,95,+1,+1.06%,8,ー倍,24.9倍,ー%
20261006,2993,アップル,2788,東S,,410,0,0.00%,8,6.60倍,0.50倍,3.66%
20261006,2994,Ｔアルファ,3089,東S,,"1,015",+11,+1.10%,8,ー倍,0.76倍,3.45%
20261006,2995,ＢＲＵＮＯ,3140,東G,,"1,021",-3,-0.29%,8,20.6倍,2.44倍,1.13%
20261006,2996,大光,3160,東S,,577,0,0.00%,8,20.6倍,1.34倍,2.60%
20261006,2997,Ｏｎｅ中国５,2553,東Ｅ,,"2,290.0",+9.0,+0.39%,8,ー倍,ー倍,ー%
20261006,2998,ＡＨＣ,7083,東G,,"1,349",-1,-0.07%,8,29.8倍,2.34倍,0.89%
20261006,2999,アクシス,4012,東S,,"1,733",-1,-0.06%,8,10.6倍,1.75倍,3.29%
20261006,3000,カラダノート,4014,東G,,441,0,0.00%,8,10.6倍,4.01倍,ー%
20261006,3001,ＧＸ中小日株,2837,東Ｅ,,"4,980",+63,+1.28%,8,ー倍,ー倍,ー%
20261006,3002,ＹＣＰ,9257,東G,,499,+6,+1.22%,8,ー倍,ー倍,ー%
20261006,3003,大石産業,3943,東S,,"1,300",-1,-0.08%,8,24.5倍,0.52倍,4.00%
20261006,3004,アンファク,7035,東S,,218,-1,-0.46%,8,ー倍,2.90倍,ー%
20261006,3005,ギークス,7060,東S,,600,-1,-0.17%,8,9.68倍,2.11倍,5.33%
20261006,3006,あんしん保証,7183,東S,,256,+2,+0.79%,8,ー倍,1.78倍,ー%
20261006,3007,日新商,7490,東S,,"2,191",0,0.00%,8,ー倍,0.55倍,ー%
20261006,3008,ビジコーチ,9562,東G,,589,+27,+4.80%,8,499倍,1.91倍,2.89%
20261006,3009,テクノロジー,5248,東G,,510,+1,+0.20%,8,ー倍,5.71倍,ー%
20261006,3010,ＳＨＩＮＫＯ,7120,東S,,983,-7,-0.71%,8,6.79倍,2.37倍,4.48%
20261006,3011,クラダシ,5884,東G,,609,+5,+0.83%,8,24.4倍,4.37倍,ー%
20261006,3012,豊和銀,8559,福証,,495,-10,-1.98%,8,7.03倍,0.54倍,2.02%
20261006,3013,アズパートナ,160A,東S,,"1,957",+23,+1.19%,8,5.38倍,1.36倍,4.09%
20261006,3014,ＳＭＴ内リ厳,258A,東Ｅ,,"1,929",+8,+0.42%,8,ー倍,ー倍,ー%
20261006,3015,Ｓｃｈｏｏ,264A,東G,,287,+2,+0.70%,8,15.8倍,1.98倍,ー%
20261006,3016,ｉＳＳＴ２０,313A,東Ｅ,,278.0,+5.2,+1.91%,8,ー倍,ー倍,ー%
20261006,3017,シルバライフ,9262,東S,,678,+7,+1.04%,8,8.76倍,0.97倍,2.95%
20261006,3018,協和コンサル,9647,東S,,"6,710",-130,-1.90%,8,5.86倍,0.80倍,0.45%
20261006,3019,進学会ＨＤ,9760,東S,,114,-1,-0.87%,8,63.3倍,0.30倍,ー%
20261006,3020,ヤマザワ,9993,東S,,"1,141",-1,-0.09%,8,26.1倍,0.44倍,2.37%
20261006,3021,丸山製,6316,東S,,"2,849",+10,+0.35%,8,2.88倍,0.49倍,2.81%
20261006,3022,星和電,6748,東S,,780,+7,+0.91%,8,7.56倍,0.49倍,2.56%
20261006,3023,天昇電,6776,東S,,291,-5,-1.69%,8,8.25倍,0.44倍,1.72%
20261006,3024,朝日印刷,3951,東S,,894,+2,+0.22%,8,11.0倍,0.51倍,4.25%
20261006,3025,タカギセイコ,4242,東S,,"1,731",-4,-0.23%,8,7.84倍,0.37倍,3.47%
20261006,3026,ソルクシーズ,4284,東S,,459,+5,+1.10%,8,9.21倍,1.36倍,3.05%
20261006,3027,ハイマックス,4299,東S,,"1,190",+8,+0.68%,8,16.0倍,1.15倍,4.29%
20261006,3028,鋳鉄管,5612,東S,,"1,594",+18,+1.14%,8,24.4倍,0.52倍,1.57%
20261006,3029,日亜鋼,5658,東S,,402,0,0.00%,8,15.0倍,0.33倍,2.49%
20261006,3030,カナレ電気,5819,東S,,"1,733",+7,+0.41%,8,10.1倍,0.61倍,3.81%
20261006,3031,モリテック,5986,東S,,285,+1,+0.35%,8,6.32倍,0.39倍,2.11%
20261006,3032,ダイジェト,6138,東S,,"2,007",-10,-0.50%,8,7.02倍,0.59倍,3.49%
20261006,3033,東北鋼,5484,東S,,"4,470",+10,+0.22%,7,ー倍,1.11倍,ー%
20261006,3034,サンユウ,5697,東S,,808,-2,-0.25%,7,7.88倍,0.47倍,3.71%
20261006,3035,エンバイオＨ,6092,東S,,780,+4,+0.52%,7,9.18倍,0.67倍,3.08%
20261006,3036,エスティック,6161,東S,,"1,037",-6,-0.58%,7,8.48倍,0.91倍,2.99%
20261006,3037,Ｆインタ,7050,東G,,"1,468",+24,+1.66%,7,10.1倍,1.39倍,4.97%
20261006,3038,近畿車,7122,東S,,"2,388",+8,+0.34%,7,16.4倍,0.46倍,2.09%
20261006,3039,アストマクス,7162,東S,,298,+6,+2.05%,7,ー倍,0.59倍,ー%
20261006,3040,Ｃａｓａ,7196,東S,,738,-3,-0.40%,7,35.8倍,1.06倍,2.71%
20261006,3041,エイケン工業,7265,東S,,"3,515",+10,+0.29%,7,12.0倍,0.58倍,3.13%
20261006,3042,今仙電機,7266,東S,,963,+10,+1.05%,7,8.90倍,0.36倍,3.32%
20261006,3043,アイナボＨＤ,7539,東S,,772,+2,+0.26%,7,11.2倍,0.66倍,3.63%
20261006,3044,ダイイチ,7643,東S,,"1,610",-10,-0.62%,7,90.5倍,1.02倍,2.48%
20261006,3045,クロスフォー,7810,東S,,151,0,0.00%,7,53.6倍,1.39倍,0.56%
20261006,3046,アルメディオ,7859,東S,,258,-2,-0.77%,7,ー倍,0.66倍,ー%
20261006,3047,フクビ,7871,東S,,"1,006",+6,+0.60%,7,10.2倍,0.48倍,3.08%
20261006,3048,リーガル,7938,東S,,"2,099",+3,+0.14%,7,6.36倍,0.45倍,3.90%
20261006,3049,ミロク,7983,東S,,"1,190",+24,+2.06%,7,1.23倍,0.30倍,0.84%
20261006,3050,ニチモウ,8091,東P,,"2,321",+21,+0.91%,7,7.50倍,0.56倍,4.31%
20261006,3051,東天紅,8181,東S,,998,-1,-0.10%,7,5.63倍,0.34倍,1.50%
20261006,3052,アクシーズ,1381,東S,,"3,555",+15,+0.42%,7,11.1倍,0.83倍,3.38%
20261006,3053,上場米債ヘ有,1487,東Ｅ,,"11,305",-35,-0.31%,7,ー倍,ー倍,ー%
20261006,3054,上場ＪＰＸ日,1592,東Ｅ,,"3,480",+35,+1.02%,7,ー倍,ー倍,ー%
20261006,3055,ｉＳ先進国株,1657,東Ｅ,,"7,400",+206,+2.86%,7,ー倍,ー倍,ー%
20261006,3056,ＳＸＮＹダウ,1679,東Ｅ,,"65,000",+450,+0.70%,7,ー倍,ー倍,ー%
20261006,3057,サンセイラン,3277,東S,,810,+1,+0.12%,7,6.02倍,0.88倍,4.63%
20261006,3058,メディ一光Ｇ,3353,東S,,"2,819",+19,+0.68%,7,8.17倍,0.67倍,4.26%
20261006,3059,情報企画,3712,東S,,946,-25,-2.57%,7,13.0倍,1.92倍,2.54%
20261006,3060,ＧｒｅｅｎＢ,3913,東S,,"1,040",-35,-3.26%,7,11.6倍,1.75倍,ー%
20261006,3061,サイバーバズ,7069,東G,,492,+11,+2.29%,7,10.9倍,4.24倍,ー%
20261006,3062,ＩＮＣＨＤ,7078,東G,,339,-8,-2.31%,7,ー倍,2.35倍,ー%
20261006,3063,スポーツＦ,7080,東G,,898,0,0.00%,7,7.80倍,2.34倍,2.56%
20261006,3064,レンティア,7081,東S,,"1,299",+9,+0.70%,7,8.57倍,1.10倍,2.85%
20261006,3065,スマイルＨＤ,7084,東G,,"2,795",-28,-0.99%,7,40.5倍,1.47倍,3.76%
20261006,3066,上場ダウヘ有,2562,東Ｅ,,"3,565",+19,+0.54%,7,ー倍,ー倍,ー%
20261006,3067,ＧＸデジ日株,2626,東Ｅ,,"3,377",+5,+0.15%,7,ー倍,ー倍,ー%
20261006,3068,アイスコ,7698,東S,,"2,702",-36,-1.31%,7,21.8倍,2.53倍,0.78%
20261006,3069,アルマード,4932,東S,,781,+11,+1.43%,7,13.5倍,5.87倍,ー%
20261006,3070,ＭＸ米債ヘ有,2839,東Ｅ,,"4,773",-19,-0.40%,7,ー倍,ー倍,ー%
20261006,3071,ヤマイチ,2984,東S,,772,-21,-2.65%,7,5.75倍,0.49倍,4.02%
20261006,3072,ＧＸＳＰＣＦ,356A,東Ｅ,,"1,611",+30,+1.90%,7,ー倍,ー倍,ー%
20261006,3073,ＧＭＯテック,415A,東G,,"5,550",0,0.00%,7,19.8倍,2.27倍,4.98%
20261006,3074,ヒトトヒトＨ,549A,東S,,454,+1,+0.22%,7,ー倍,2.02倍,4.72%
20261006,3075,ＧＸ純銀Ｈ,578A,東Ｅ,,231.2,-2.6,-1.11%,7,ー倍,ー倍,ー%
20261006,3076,サーティワン,2268,東S,,"4,055",+5,+0.12%,7,21.7倍,2.55倍,1.48%
20261006,3077,アルバイトＴ,2341,東S,,178,-1,-0.56%,7,23.4倍,1.15倍,2.81%
20261006,3078,野村外国債券,2511,東Ｅ,,"1,123.0",+1.5,+0.13%,7,ー倍,ー倍,ー%
20261006,3079,北海コカ,2573,東S,,"4,130",0,0.00%,7,51.1倍,1.29倍,0.73%
20261006,3080,カネ美食品,2669,東S,,"3,890",-25,-0.64%,7,20.8倍,1.22倍,0.98%
20261006,3081,木徳神糧,2700,東S,,"1,770",+5,+0.28%,7,4.83倍,0.71倍,2.82%
20261006,3082,ジーエルシー,2970,東S,,"1,166",+13,+1.13%,7,13.8倍,3.05倍,ー%
20261006,3083,神栄,3004,東S,,"2,049",-11,-0.53%,7,6.44倍,0.71倍,5.37%
20261006,3084,ハイパー,3054,東S,,386,+2,+0.52%,7,15.6倍,1.17倍,1.81%
20261006,3085,Ｈａｍｅｅ,3134,東S,,295,-1,-0.34%,7,20.6倍,0.68倍,1.02%
20261006,3086,ＡＰＨＤ,3175,東S,,935,+3,+0.32%,7,21.0倍,-52倍,ー%
20261006,3087,はてな,3930,東G,,755,+12,+1.62%,7,19.3倍,1.23倍,ー%
20261006,3088,ＳＣＡＴ,3974,東S,,676,+2,+0.30%,7,35.5倍,1.02倍,2.14%
20261006,3089,大阪油化,4124,東S,,"2,905",-20,-0.68%,7,21.4倍,1.88倍,1.93%
20261006,3090,フジプレアム,4237,東S,,339,0,0.00%,7,33.9倍,1.28倍,1.77%
20261006,3091,Ｄ・アクシス,4245,東S,,723,+7,+0.98%,7,17.8倍,0.93倍,3.32%
20261006,3092,市進ＨＤ,4645,東S,,435,-8,-1.81%,7,10.0倍,1.56倍,2.30%
20261006,3093,アジア航,9233,東S,,"1,121",+2,+0.18%,7,12.3倍,0.93倍,3.93%
20261006,3094,ＫＳＫ,9687,東S,,"1,529",+16,+1.06%,7,12.1倍,1.55倍,4.19%
20261006,3095,ＮＣＳ＆Ａ,9709,東S,,"1,210",+10,+0.83%,7,9.81倍,1.32倍,4.79%
20261006,3096,昴,9778,東S,,"5,540",-110,-1.95%,7,24.7倍,0.95倍,2.17%
20261006,3097,パーカー,9845,東S,,"1,350",+10,+0.75%,7,7.68倍,0.65倍,3.93%
20261006,3098,日邦産業,9913,東S,,"3,715",-35,-0.93%,7,23.9倍,1.97倍,2.13%
20261006,3099,ハチバン,9950,東S,,"3,330",-5,-0.15%,7,105倍,2.53倍,0.60%
20261006,3100,Ａパーチェス,7115,東S,,"1,438",+28,+1.99%,7,12.5倍,2.04倍,2.57%
20261006,3101,ＧＸＵＳＤＶ,2253,東Ｅ,,"1,290",+7,+0.55%,7,ー倍,ー倍,ー%
20261006,3102,ＭＸ高配日ア,2085,東Ｅ,,766.0,+2.9,+0.38%,7,ー倍,ー倍,ー%
20261006,3103,ＧＸ住宅日Ｒ,2097,東Ｅ,,872,-13,-1.47%,7,ー倍,ー倍,ー%
20261006,3104,ナルネット,5870,東G,,890,-10,-1.11%,7,9.27倍,1.24倍,3.37%
20261006,3105,ＳＯＬＩＺＥ,5871,東S,,"1,320",-4,-0.30%,7,23.6倍,0.64倍,4.17%
20261006,3106,Ｇモンスター,157A,東G,,756,+6,+0.80%,7,ー倍,2.34倍,ー%
20261006,3107,マスカットＧ,195A,東G,,692,+14,+2.06%,7,ー倍,2.72倍,ー%
20261006,3108,ＩＮＧＳ,245A,東G,,"2,486",-6,-0.24%,7,18.5倍,2.76倍,ー%
20261006,3109,リスキル,291A,東G,,"2,009",-3,-0.15%,7,10.3倍,1.73倍,ー%
20261006,3110,プログレス,339A,東G,,920,-3,-0.33%,7,6.97倍,1.22倍,3.26%
20261006,3111,不二精機,6400,東S,,320,-2,-0.62%,7,7.06倍,0.63倍,3.13%
20261006,3112,ＮＦＫＨＤ,6494,東S,,98,-2,-2.00%,7,45.6倍,0.82倍,ー%
20261006,3113,ＷＡＳＨハウ,6537,東G,,300,-4,-1.32%,7,24.2倍,1.27倍,ー%
20261006,3114,ＣＲＡＶＩＡ,6573,東G,,25,0,0.00%,7,ー倍,3.73倍,ー%
20261006,3115,サンセイ,6307,東S,,455,-3,-0.66%,6,8.84倍,0.69倍,3.30%
20261006,3116,タカキタ,6325,東S,,418,+2,+0.48%,6,19.2倍,0.57倍,2.39%
20261006,3117,みらいＷＫＳ,6563,東G,,445,-8,-1.77%,6,16.2倍,1.66倍,ー%
20261006,3118,ＡＢホテル,6565,名M,,"1,285",-5,-0.39%,6,5.78倍,1.16倍,2.26%
20261006,3119,戸上電,6643,東S,,"5,810",-30,-0.51%,6,9.45倍,1.10倍,2.41%
20261006,3120,ユビテック,6662,東S,,230,+1,+0.44%,6,ー倍,2.22倍,ー%
20261006,3121,池上通,6771,東S,,673,-14,-2.04%,6,8.64倍,0.33倍,2.23%
20261006,3122,フェンオール,6870,東S,,"2,112",-4,-0.19%,6,13.5倍,0.76倍,3.69%
20261006,3123,ＡＳＴＩ,6899,東S,,"2,193",+26,+1.20%,6,9.79倍,0.27倍,3.65%
20261006,3124,ロイブ,352A,東G,,535,+5,+0.94%,6,173倍,3.05倍,ー%
20261006,3125,レント,372A,東S,,"5,560",+20,+0.36%,6,7.19倍,1.08倍,4.23%
20261006,3126,ＳＳ金Ｈ,448A,東Ｅ,,247.2,-1.2,-0.48%,6,ー倍,ー倍,ー%
20261006,3127,シスエグゼ,548A,東S,,941,+8,+0.86%,6,8.50倍,0.84倍,4.73%
20261006,3128,ナイガイ,8013,東S,,381,+3,+0.79%,6,42.5倍,0.41倍,ー%
20261006,3129,築地魚,8039,東S,,"3,470",-20,-0.57%,6,15.5倍,1.08倍,1.01%
20261006,3130,マルイチ,8228,名M,,"1,046",-1,-0.10%,6,10.2倍,0.71倍,2.68%
20261006,3131,光世,8617,東S,,608,+14,+2.36%,6,ー倍,0.34倍,ー%
20261006,3132,アドバンＲＭ,8769,東S,,500,+5,+1.01%,6,9.31倍,1.86倍,3.80%
20261006,3133,穴吹興産,8928,東S,,"2,310",+7,+0.30%,6,5.48倍,0.52倍,3.46%
20261006,3134,ＢＰカストロ,5015,東S,,996,-1,-0.10%,6,20.0倍,2.23倍,5.02%
20261006,3135,日金属,5491,東S,,904,+5,+0.56%,6,11.4倍,0.20倍,0.55%
20261006,3136,ＺＥＴＡ,6031,東S,,277,+2,+0.73%,6,18.5倍,6.70倍,1.62%
20261006,3137,バーチャレク,6193,東G,,"1,061",-13,-1.21%,6,11.6倍,1.81倍,1.41%
20261006,3138,ＮＫＫ,6943,東S,,"6,380",-20,-0.31%,6,17.0倍,0.37倍,1.57%
20261006,3139,ベルトラ,7048,東G,,140,-1,-0.71%,6,15.1倍,2.12倍,ー%
20261006,3140,ファルテック,7215,東S,,412,-3,-0.72%,6,19.3倍,0.20倍,ー%
20261006,3141,尾家産,7481,東S,,"2,514",-34,-1.33%,6,7.31倍,1.21倍,4.14%
20261006,3142,栄電子,7567,東S,,645,+4,+0.62%,6,16.1倍,0.63倍,2.02%
20261006,3143,寿屋,7809,東S,,"1,329",+4,+0.30%,6,21.5倍,1.29倍,3.39%
20261006,3144,ユナイト,4486,東G,,684,+12,+1.79%,6,11.2倍,2.23倍,2.34%
20261006,3145,ニッソウ,1444,東G,,"2,830",-40,-1.39%,6,21.1倍,1.96倍,ー%
20261006,3146,モダリス,4883,東G,,31,0,0.00%,6,ー倍,1.36倍,ー%
20261006,3147,ｉ－ｐｌｕｇ,4177,東G,,"1,383",+3,+0.22%,6,10.0倍,3.90倍,3.90%
20261006,3148,ＧＸクリ日株,2637,東Ｅ,,"2,780",+41,+1.50%,6,ー倍,ー倍,ー%
20261006,3149,コンフインタ,7374,東G,,"1,495",+7,+0.47%,6,10.0倍,1.54倍,5.69%
20261006,3150,ＭＣＰｓ,4360,東S,,"1,029",+11,+1.08%,6,ー倍,0.73倍,1.46%
20261006,3151,野村米十債Ｈ,2648,東Ｅ,,"3,184",-9,-0.28%,6,ー倍,ー倍,ー%
20261006,3152,スローガン,9253,東G,,714,-15,-2.06%,6,9.18倍,0.97倍,ー%
20261006,3153,Ｊクラフト,7135,東S,,171,+1,+0.59%,6,12.7倍,1.62倍,1.75%
20261006,3154,サークレイス,5029,東G,,935,+15,+1.63%,6,11.7倍,4.82倍,ー%
20261006,3155,トリプルアイ,5026,東G,,622,+1,+0.16%,6,ー倍,3.69倍,ー%
20261006,3156,技研ＨＤ,1443,東S,,273,-1,-0.36%,6,6.93倍,0.34倍,0.40%
20261006,3157,野村企業価値,1480,東Ｅ,,"41,600",ー,ー%,6,ー倍,ー倍,ー%
20261006,3158,野村医薬品,1621,東Ｅ,,"29,700",+345,+1.18%,6,ー倍,ー倍,ー%
20261006,3159,野村情通サ他,1626,東Ｅ,,"49,140",0,0.00%,6,ー倍,ー倍,ー%
20261006,3160,野村小売,1630,東Ｅ,,"36,940",+30,+0.08%,6,ー倍,ー倍,ー%
20261006,3161,上場ＭＳエマ,1681,東Ｅ,,"3,439",+29,+0.85%,6,ー倍,ー倍,ー%
20261006,3162,日和産,2055,東S,,348,-1,-0.29%,6,21.0倍,0.33倍,1.72%
20261006,3163,シイエムシイ,2185,東S,,"1,890",-36,-1.87%,6,11.1倍,1.05倍,3.02%
20261006,3164,コスモバイオ,3386,東S,,"1,263",-25,-1.94%,6,22.5倍,0.74倍,3.96%
20261006,3165,フェリシモ,3396,東S,,859,-1,-0.12%,6,20.5倍,0.31倍,2.91%
20261006,3166,日東網,3524,東S,,"1,475",+8,+0.55%,6,12.8倍,0.47倍,3.39%
20261006,3167,ユニネク,3566,東G,,693,+3,+0.43%,6,11.7倍,1.72倍,0.87%
20261006,3168,データＨＲ,3628,東G,,720,-11,-1.50%,6,35.1倍,62.6倍,ー%
20261006,3169,ハビックス,3895,東S,,436,-3,-0.68%,6,9.81倍,0.45倍,3.67%
20261006,3170,ＭＫシステム,3910,東S,,303,+10,+3.41%,6,8.56倍,1.84倍,2.64%
20261006,3171,野村欧州株Ｈ,2859,東Ｅ,,"3,151",+9,+0.29%,6,ー倍,ー倍,ー%
20261006,3172,ＦＩＸＥＲ,5129,東G,,241,-1,-0.41%,6,ー倍,1.63倍,ー%
20261006,3173,ベースフード,2936,東G,,277,+1,+0.36%,6,ー倍,13.1倍,ー%
20261006,3174,ｉＦＳＰＷベ,2249,東Ｅ,,"9,158",-160,-1.72%,6,ー倍,ー倍,ー%
20261006,3175,ミライロ,335A,東G,,327,0,0.00%,6,60.1倍,3.88倍,ー%
20261006,3176,東邦化,4409,東S,,835,-20,-2.34%,6,9.49倍,0.70倍,2.99%
20261006,3177,東海ソフト,4430,東S,,"1,732",+1,+0.06%,6,9.23倍,1.22倍,3.87%
20261006,3178,アサヒペン,4623,東S,,"1,874",+14,+0.75%,6,9.64倍,0.43倍,3.20%
20261006,3179,イマジニア,4644,東S,,"1,026",-2,-0.19%,6,19.8倍,0.81倍,5.85%
20261006,3180,さくらＫＣＳ,4761,東S,,"1,457",-6,-0.41%,6,13.1倍,0.79倍,4.26%
20261006,3181,ＫＧ情報,2408,東S,,828,+3,+0.36%,6,12.4倍,0.99倍,4.47%
20261006,3182,野村外国債Ｈ,2512,東Ｅ,,705.4,+0.9,+0.13%,6,ー倍,ー倍,ー%
20261006,3183,ＭＸＪリコア,2517,東Ｅ,,"1,013.0",+6.0,+0.60%,6,ー倍,ー倍,ー%
20261006,3184,イメージワン,2667,東S,,103,0,0.00%,6,ー倍,1.84倍,ー%
20261006,3185,あじかん,2907,東S,,"1,485",-9,-0.60%,6,9.67倍,0.61倍,3.91%
20261006,3186,ハブ,3030,東S,,888,+3,+0.34%,6,33.8倍,3.31倍,1.13%
20261006,3187,ＷＤＩ,3068,東S,,"3,090",+10,+0.32%,6,55.4倍,2.92倍,0.55%
20261006,3188,きちりＨＤ,3082,東S,,988,+1,+0.10%,6,31.9倍,5.33倍,0.76%
20261006,3189,買取王国,3181,東S,,"1,065",-2,-0.19%,6,9.74倍,1.12倍,1.03%
20261006,3190,東海運,9380,東S,,450,+4,+0.90%,6,15.1倍,0.66倍,2.00%
20261006,3191,北陸ガス,9537,東S,,"4,200",-55,-1.29%,6,10.7倍,0.36倍,1.90%
20261006,3192,藤井産業ＨＤ,9906,東S,,"4,085",+15,+0.37%,6,9.09倍,0.83倍,3.92%
20261006,3193,ＫＯＺＯＨＤ,9973,東S,,19,0,0.00%,6,106倍,12.0倍,ー%
20261006,3194,ポエック,9264,東S,,"1,616",-1,-0.06%,5,10.6倍,1.67倍,4.64%
20261006,3195,東陽倉,9306,東S,,"1,997",+11,+0.55%,5,13.1倍,0.51倍,3.76%
20261006,3196,アサガミ,9311,東S,,"7,450",0,0.00%,5,8.42倍,0.44倍,ー%
20261006,3197,伊勢湾,9359,名M,,948,+1,+0.11%,5,9.66倍,0.47倍,3.16%
20261006,3198,ワイヤレスＧ,9419,東S,,298,0,0.00%,5,13.0倍,1.90倍,ー%
20261006,3199,会舘,9701,東S,,"4,640",+90,+1.98%,5,15.2倍,1.13倍,1.08%
20261006,3200,丸建リース,9763,東S,,"1,238",+7,+0.57%,5,8.42倍,0.65倍,4.36%
20261006,3201,リリカラ,9827,東S,,652,-1,-0.15%,5,12.0倍,1.06倍,5.52%
20261006,3202,北恵,9872,東S,,967,+2,+0.21%,5,16.0倍,0.63倍,2.90%
20261006,3203,マキヤ,9890,東S,,"1,405",+3,+0.21%,5,6.62倍,0.44倍,2.70%
20261006,3204,タキヒヨー,9982,東S,,"2,783",+32,+1.16%,5,14.5倍,0.73倍,1.80%
20261006,3205,上場パ中国Ａ,1322,東Ｅ,,"11,050",+20,+0.18%,5,ー倍,ー倍,ー%
20261006,3206,ｉＦＴＰＷベ,1368,東Ｅ,,143,-4,-2.72%,5,ー倍,ー倍,ー%
20261006,3207,サンヨーＨ,1420,東S,,631,+2,+0.32%,5,5.60倍,0.49倍,3.96%
20261006,3208,Ｊ４百ベア２,1469,東Ｅ,,174.3,-3.6,-2.02%,5,ー倍,ー倍,ー%
20261006,3209,ｉＦ４百,1599,東Ｅ,,"38,520",+450,+1.18%,5,ー倍,ー倍,ー%
20261006,3210,野村建設資材,1619,東Ｅ,,"45,200",+160,+0.36%,5,ー倍,ー倍,ー%
20261006,3211,ＷＴアグリ,1687,東Ｅ,,"1,084.5",+5.0,+0.46%,5,ー倍,ー倍,ー%
20261006,3212,藤田エンジ,1770,東S,,"2,099",+14,+0.67%,5,9.65倍,0.87倍,3.24%
20261006,3213,佐田建,1826,東S,,"1,076",+16,+1.51%,5,14.3倍,1.19倍,5.58%
20261006,3214,南海辰村,1850,東S,,430,-2,-0.46%,5,7.35倍,0.62倍,1.86%
20261006,3215,植木組,1867,東S,,"2,733",+26,+0.96%,5,8.37倍,0.57倍,4.02%
20261006,3216,高橋ウォール,1994,東S,,611,0,0.00%,5,8.74倍,0.43倍,3.60%
20261006,3217,ＮＹダウベア,2041,東EN,,"2,014",-6,-0.30%,5,ー倍,ー倍,ー%
20261006,3218,グロス２５０,2042,東EN,,"8,515",+148,+1.77%,5,ー倍,ー倍,ー%
20261006,3219,ウッドワン,7898,東S,,933,+13,+1.41%,5,21.7倍,0.20倍,2.57%
20261006,3220,アバンティア,8904,東S,,827,+1,+0.12%,5,10.0倍,0.43倍,4.59%
20261006,3221,ベストワン,6577,東G,,"1,301",+1,+0.08%,5,25.9倍,1.47倍,1.61%
20261006,3222,ＣＧＳＨＤ,6633,東S,,308,-2,-0.65%,5,13.7倍,0.89倍,3.25%
20261006,3223,ＪＮグループ,6634,東S,,68,0,0.00%,5,28.3倍,1.27倍,ー%
20261006,3224,太洋テクノ,6663,東S,,309,+3,+0.98%,5,25.0倍,0.67倍,0.97%
20261006,3225,トラースＯＰ,6696,東G,,301,+10,+3.44%,5,ー倍,4.96倍,ー%
20261006,3226,トミタ電機,6898,東S,,"4,995",+95,+1.94%,5,81.6倍,1.00倍,ー%
20261006,3227,ウリドキ,418A,名N,,"1,371",+9,+0.66%,5,20.6倍,9.71倍,ー%
20261006,3228,ギミック,475A,東S,,675,+31,+4.81%,5,15.2倍,1.40倍,ー%
20261006,3229,ビタブリッド,542A,東G,,"1,096",+7,+0.64%,5,8.27倍,1.18倍,ー%
20261006,3230,浜木綿,7682,東S,,"3,725",0,0.00%,5,94.0倍,5.03倍,0.46%
20261006,3231,ウイルテック,7087,東S,,"1,360",+6,+0.44%,5,9.35倍,1.00倍,3.16%
20261006,3232,ミクリード,7687,東G,,482,+5,+1.05%,5,10.7倍,1.93倍,1.89%
20261006,3233,日本情報Ｃ,4054,東G,,518,-2,-0.38%,5,19.8倍,1.68倍,2.51%
20261006,3234,ＥＳＧ総合,2071,東EN,,"20,630",+95,+0.46%,5,ー倍,ー倍,ー%
20261006,3235,リフォームＴ,7695,東G,,855,-9,-1.04%,5,25.6倍,3.02倍,ー%
20261006,3236,ラバブルＭＧ,9254,東G,,996,-26,-2.54%,5,ー倍,1.91倍,ー%
20261006,3237,タカヨシＨＤ,9259,東G,,825,0,0.00%,5,8.90倍,1.35倍,3.64%
20261006,3238,ストレジ王,2997,東G,,"1,323",+1,+0.08%,5,18.7倍,2.33倍,ー%
20261006,3239,洋シヤタ,5936,東S,,887,+5,+0.57%,5,7.02倍,0.56倍,4.85%
20261006,3240,トーソー,5956,東S,,584,-1,-0.17%,5,9.23倍,0.33倍,2.23%
20261006,3241,阪神燃,6018,東S,,"6,030",-50,-0.82%,5,26.8倍,1.25倍,1.51%
20261006,3242,アトラＧ,6029,東S,,190,0,0.00%,5,135倍,1.23倍,ー%
20261006,3243,Ｇキッズ,6189,東S,,980,-2,-0.20%,5,13.3倍,1.14倍,4.08%
20261006,3244,北電工,6989,東S,,"2,331",+35,+1.52%,5,15.3倍,0.70倍,4.08%
20261006,3245,ニッチツ,7021,東S,,"2,450",+50,+2.08%,5,40.1倍,0.38倍,1.22%
20261006,3246,テノ．ＨＤ,7037,東S,,796,-4,-0.50%,5,12.5倍,1.90倍,1.26%
20261006,3247,フロンティＭ,7038,東P,,572,+2,+0.35%,5,135倍,4.23倍,ー%
20261006,3248,西川計測,7500,東S,,"11,290",-160,-1.40%,5,13.2倍,1.49倍,3.10%
20261006,3249,Ｇダイニング,7625,東S,,441,+1,+0.23%,5,6.67倍,0.75倍,1.13%
20261006,3250,トップカルチ,7640,東S,,199,0,0.00%,5,ー倍,25.8倍,ー%
20261006,3251,ＮＡＴＴＹ,7674,東G,,"2,766",+1,+0.04%,5,681倍,5.19倍,ー%
20261006,3252,平山,7781,東S,,890,-3,-0.34%,5,8.50倍,2.32倍,4.72%
20261006,3253,ウイルコＨＤ,7831,東S,,66,0,0.00%,5,34.2倍,0.55倍,3.03%
20261006,3254,ウェッジＨＤ,2388,東G,,13,0,0.00%,5,ー倍,0.71倍,ー%
20261006,3255,ゲンダイ,2411,東S,,467,+3,+0.65%,5,9.83倍,1.33倍,5.35%
20261006,3256,翻訳センター,2483,東S,,"2,269",+46,+2.07%,5,15.3倍,1.16倍,6.17%
20261006,3257,ひらまつ,2764,東S,,158,0,0.00%,5,38.7倍,1.82倍,0.77%
20261006,3258,ヴィレッジＶ,2769,東S,,931,-2,-0.21%,5,"1,209倍",8.71倍,ー%
20261006,3259,大冷,2883,東S,,"1,961",-2,-0.10%,5,21.9倍,1.35倍,3.06%
20261006,3260,ＰＣＮＥＴ,3021,東S,,"1,604",+6,+0.38%,5,9.54倍,2.11倍,4.05%
20261006,3261,オーシャンシ,3096,東S,,"1,518",0,0.00%,5,9.35倍,1.15倍,1.32%
20261006,3262,ＫＹＯＲＩＴ,7795,東S,,204,-1,-0.49%,5,11.4倍,0.48倍,3.92%
20261006,3263,ＯＢシステム,5576,東S,,"3,055",+15,+0.49%,5,9.89倍,1.26倍,4.09%
20261006,3264,ブリーチ,9162,東G,,225,+1,+0.45%,5,ー倍,0.63倍,ー%
20261006,3265,ロココ,5868,東S,,"1,021",-9,-0.87%,5,9.31倍,1.33倍,3.92%
20261006,3266,早稲田学習研,5869,東S,,"1,272",-2,-0.16%,5,12.3倍,1.77倍,5.11%
20261006,3267,シンカ,149A,東G,,807,-3,-0.37%,5,ー倍,2.95倍,ー%
20261006,3268,オプロ,228A,東G,,"1,759",+6,+0.34%,5,13.3倍,2.87倍,ー%
20261006,3269,ガーデン,274A,東S,,"2,236",+4,+0.18%,5,19.1倍,2.15倍,4.03%
20261006,3270,タレントＸ,330A,東G,,533,-11,-2.02%,5,27.2倍,3.15倍,ー%
20261006,3271,フィルＣ,3267,東S,,630,+2,+0.32%,5,12.5倍,1.04倍,3.97%
20261006,3272,トラストＨＤ,3286,東S,,871,-4,-0.46%,5,16.9倍,7.44倍,2.07%
20261006,3273,アズマハウス,3293,東S,,746,0,0.00%,5,9.43倍,0.35倍,4.69%
20261006,3274,ランシステム,3326,東S,,650,-1,-0.15%,5,25.1倍,8.47倍,ー%
20261006,3275,アツギ,3529,東S,,"1,031",+14,+1.38%,5,ー倍,0.52倍,ー%
20261006,3276,ウイルプラス,3538,東S,,"1,004",-2,-0.20%,5,7.27倍,0.78倍,5.35%
20261006,3277,Ｕ＆Ｃ,3557,東G,,492,-5,-1.01%,5,"1,230倍",4.96倍,ー%
20261006,3278,メディカルＮ,3645,東S,,257,+6,+2.39%,5,17.0倍,1.25倍,1.17%
20261006,3279,ＡＧＳ,3648,東S,,"1,060",+22,+2.12%,5,9.68倍,1.10倍,3.40%
20261006,3280,イルグルム,3690,東S,,543,+3,+0.56%,5,12.7倍,1.83倍,1.47%
20261006,3281,ＣＲＩ,3698,東S,,"1,228",+5,+0.41%,5,13.9倍,1.54倍,2.20%
20261006,3282,アプリックス,3727,東G,,160,+1,+0.63%,5,ー倍,1.05倍,1.25%
20261006,3283,ＡＤＲバイオ,3750,東S,,788,+7,+0.90%,5,352倍,-99倍,ー%
20261006,3284,システムズＤ,3766,東S,,"1,524",+15,+0.99%,5,12.6倍,1.11倍,3.94%
20261006,3285,マイネット,3928,東S,,229,-1,-0.43%,5,7.67倍,1.60倍,ー%
20261006,3286,ジャストプラ,4287,東S,,493,0,0.00%,5,8.19倍,1.46倍,2.64%
20261006,3287,Ｊストリーム,4308,東G,,355,-1,-0.28%,5,16.5倍,0.84倍,3.94%
20261006,3288,プロパテＤＢ,4389,東G,,"1,047",-3,-0.29%,5,12.3倍,3.49倍,3.06%
20261006,3289,Ｗｅｌｂｙ,4438,東G,,285,+1,+0.35%,5,ー倍,43.5倍,ー%
20261006,3290,大伸化学,4629,東S,,"2,359",-30,-1.26%,5,8.43倍,0.60倍,1.91%
20261006,3291,Ｓワイヤー,3929,東G,,245,+4,+1.66%,4,8.77倍,1.60倍,ー%
20261006,3292,ソフト９９,4464,東S,,"4,050",0,0.00%,4,28.2倍,1.47倍,1.68%
20261006,3293,中京医薬,4558,東S,,201,+2,+1.01%,4,25.3倍,0.81倍,2.49%
20261006,3294,環境管理,4657,東S,,455,-5,-1.09%,4,13.6倍,0.91倍,2.64%
20261006,3295,ＫｅｙＨ,4712,東S,,810,-3,-0.37%,4,15.2倍,0.66倍,1.36%
20261006,3296,ＸＮＥＴ,4762,東S,,"1,046",-14,-1.32%,4,16.8倍,2.67倍,3.59%
20261006,3297,ガーラ,4777,東S,,199,0,0.00%,4,ー倍,8.00倍,ー%
20261006,3298,シーボン,4926,東S,,"1,225",-5,-0.41%,4,25.5倍,0.91倍,1.63%
20261006,3299,クリエート,5187,東S,,"1,142",+4,+0.35%,4,16.2倍,0.55倍,4.12%
20261006,3300,桜ゴム,5189,東S,,"3,410",ー,ー%,4,8.25倍,0.66倍,3.52%
20261006,3301,ノザワ,5237,東S,,"1,137",+3,+0.26%,4,8.68倍,0.62倍,3.78%
20261006,3302,旭コン,5268,東S,,834,+3,+0.36%,4,20.4倍,0.86倍,2.04%
20261006,3303,日本興業,5279,東S,,"1,193",+5,+0.42%,4,8.55倍,0.41倍,3.77%
20261006,3304,日鋳造,5609,東S,,948,+1,+0.11%,4,9.52倍,0.40倍,3.16%
20261006,3305,フジマック,5965,東S,,"1,192",-1,-0.08%,4,3.72倍,0.54倍,5.03%
20261006,3306,ＴＯＮＥ,5967,東S,,440,0,0.00%,4,9.09倍,0.79倍,2.95%
20261006,3307,旭精機,6111,名M,,"2,025",+16,+0.80%,4,155倍,0.33倍,2.96%
20261006,3308,アップバンク,6177,東G,,86,0,0.00%,4,ー倍,3.16倍,ー%
20261006,3309,光村印,7916,東S,,"1,908",+9,+0.47%,4,ー倍,0.30倍,2.62%
20261006,3310,くろ工,7997,東S,,"1,172",+9,+0.77%,4,21.7倍,0.41倍,3.41%
20261006,3311,ヤマトインタ,8127,東S,,514,-5,-0.96%,4,52.3倍,0.60倍,2.72%
20261006,3312,テンアライド,8207,東S,,290,0,0.00%,4,242倍,9.86倍,ー%
20261006,3313,はせがわ,8230,東S,,300,+1,+0.33%,4,9.74倍,0.44倍,5.00%
20261006,3314,大和デ,8247,東S,,341,-6,-1.73%,4,19.1倍,0.35倍,ー%
20261006,3315,ＡＭＧＨＤ,8891,東S,,"2,085",-23,-1.09%,4,6.79倍,0.47倍,3.84%
20261006,3316,センチュ２１,8898,東S,,"1,121",-10,-0.88%,4,13.9倍,1.68倍,4.73%
20261006,3317,エリアクエス,8912,東S,,157,+1,+0.64%,4,16.5倍,1.73倍,2.55%
20261006,3318,東洋埠頭,9351,東S,,"1,908",+7,+0.37%,4,9.67倍,0.43倍,4.19%
20261006,3319,ショーエイ,9385,東S,,738,-4,-0.54%,4,5.87倍,1.11倍,4.74%
20261006,3320,サカイＨＤ,9446,東S,,674,0,0.00%,4,5.54倍,1.02倍,5.19%
20261006,3321,アゴーラＨＧ,9704,東S,,27,+1,+3.85%,4,28.7倍,1.29倍,ー%
20261006,3322,ロイヤルホ,9713,東S,,911,+5,+0.55%,4,17.4倍,0.79倍,0.66%
20261006,3323,日建工学,9767,東S,,"1,747",-52,-2.89%,4,9.10倍,0.63倍,1.72%
20261006,3324,愛眼,9854,東S,,266,-3,-1.12%,4,26.5倍,0.42倍,ー%
20261006,3325,ベルグアース,1383,東S,,"3,020",-10,-0.33%,4,89.5倍,2.25倍,0.33%
20261006,3326,ＷＴ商品総合,1684,東Ｅ,,"2,735.0",-255.0,-8.53%,4,ー倍,ー倍,ー%
20261006,3327,土屋ＨＤ,1840,東S,,260,+4,+1.56%,4,ー倍,0.56倍,3.85%
20261006,3328,東証ＲＥＩＴ,2066,東EN,,"22,435",ー,ー%,4,ー倍,ー倍,ー%
20261006,3329,地域新聞社,2164,東S,,105,0,0.00%,4,ー倍,2.43倍,ー%
20261006,3330,ジェイック,7073,東G,,"2,364",-26,-1.09%,4,17.6倍,2.49倍,2.33%
20261006,3331,ウィルズ,4482,東G,,747,+1,+0.13%,4,15.9倍,4.83倍,2.41%
20261006,3332,ビザスク,4490,東G,,666,+6,+0.91%,4,8.24倍,3.13倍,ー%
20261006,3333,ミット,4016,東S,,"1,087",+2,+0.18%,4,12.7倍,3.02倍,2.76%
20261006,3334,ファンペップ,4881,東G,,47,0,0.00%,4,ー倍,1.45倍,ー%
20261006,3335,メイホーＨＤ,7369,東G,,389,-3,-0.77%,4,11.5倍,0.85倍,ー%
20261006,3336,ワンプラ,4199,東G,,795,-3,-0.38%,4,ー倍,6.69倍,ー%
20261006,3337,マーキュリア,7347,東P,,810,+8,+1.00%,4,15.7倍,0.89倍,2.72%
20261006,3338,ジェイフロ,2934,東G,,"2,020",-17,-0.83%,4,19.6倍,8.78倍,ー%
20261006,3339,リベロ,9245,東G,,"2,080",+34,+1.66%,4,14.8倍,3.53倍,2.02%
20261006,3340,くふうカンパ,4376,東G,,181,-5,-2.69%,4,ー倍,1.31倍,ー%
20261006,3341,ブロードＥ,4415,東G,,"1,489",+28,+1.92%,4,ー倍,4.20倍,1.42%
20261006,3342,サクシード,9256,東G,,959,-7,-0.72%,4,13.2倍,1.31倍,1.67%
20261006,3343,アジアＱ,4261,東G,,"3,040",-5,-0.16%,4,45.4倍,2.30倍,ー%
20261006,3344,上場豪債ヘ有,2843,東Ｅ,,"3,602",-12,-0.33%,4,ー倍,ー倍,ー%
20261006,3345,イメージＭ,7793,東G,,"1,604",+13,+0.82%,4,8.94倍,1.93倍,2.18%
20261006,3346,シリウスＶ,6276,東S,,348,+1,+0.29%,4,3.12倍,0.77倍,ー%
20261006,3347,カワタ,6292,東S,,836,+14,+1.70%,4,15.4倍,0.44倍,4.55%
20261006,3348,ＫＶＫ,6484,東S,,"2,201",+1,+0.05%,4,8.03倍,0.57倍,3.86%
20261006,3349,オリジン,6513,東S,,"1,303",+3,+0.23%,4,66.9倍,0.28倍,3.07%
20261006,3350,リップス,373A,東G,,"1,551",0,0.00%,4,8.21倍,1.01倍,ー%
20261006,3351,ライオン事務,423A,東S,,309,-1,-0.32%,4,10.6倍,0.78倍,4.85%
20261006,3352,ＧＸステコイ,512A,東Ｅ,,"1,200",+74,+6.57%,4,ー倍,ー倍,ー%
20261006,3353,ｉＳプラチナ,569A,東Ｅ,,169.9,-0.9,-0.53%,4,ー倍,ー倍,ー%
20261006,3354,東武住販,3297,東S,,"1,170",-6,-0.51%,4,8.81倍,0.67倍,3.68%
20261006,3355,フジタコーポ,3370,東S,,460,+1,+0.22%,4,12.5倍,6.21倍,0.65%
20261006,3356,ケーエフシー,3420,東S,,"1,566",+18,+1.16%,4,10.7倍,0.52倍,4.47%
20261006,3357,アズ企画設計,3490,東S,,"3,150",-45,-1.41%,4,9.04倍,1.13倍,0.95%
20261006,3358,フエルト,3512,東S,,"1,027",+2,+0.20%,4,33.6倍,0.72倍,2.73%
20261006,3359,アスリナ,3647,東S,,113,-1,-0.88%,4,ー倍,3.00倍,ー%
20261006,3360,協立情報通信,3670,名M,,"1,650",-14,-0.84%,4,5.94倍,0.84倍,3.94%
20261006,3361,キーウェア,3799,東S,,"1,092",+1,+0.09%,4,11.3倍,1.17倍,3.66%
20261006,3362,ヴィクトン,3840,東S,,62,-1,-1.59%,4,ー倍,2.85倍,ー%
20261006,3363,カヤック,3904,東G,,424,+3,+0.71%,4,10.9倍,1.11倍,1.83%
20261006,3364,ショーケース,3909,東S,,198,-7,-3.41%,4,15.4倍,1.02倍,ー%
20261006,3365,アイリッジ,3917,東G,,489,+4,+0.82%,4,12.8倍,1.32倍,ー%
20261006,3366,一パン,2215,東S,,614,-2,-0.32%,4,23.6倍,0.49倍,ー%
20261006,3367,ギグワークス,2375,東S,,209,-1,-0.48%,4,83.3倍,1.58倍,0.96%
20261006,3368,シダー,2435,東S,,203,-1,-0.49%,4,8.76倍,1.19倍,3.94%
20261006,3369,オルアバウト,2454,東S,,327,-1,-0.30%,4,ー倍,1.33倍,ー%
20261006,3370,アウン,2459,東S,,171,+1,+0.59%,4,ー倍,4.18倍,ー%
20261006,3371,シスロケ,2480,東S,,"1,733",-33,-1.87%,4,15.0倍,1.50倍,2.19%
20261006,3372,イーサポート,2493,東S,,940,0,0.00%,4,ー倍,1.13倍,0.53%
20261006,3373,プレミアムＷ,2588,東S,,"3,665",+55,+1.52%,4,8.74倍,3.53倍,3.27%
20261006,3374,ＹＫＴ,2693,東S,,278,+1,+0.36%,4,64.5倍,0.40倍,1.80%
20261006,3375,ＳＡＮＫＯ,2762,東S,,68,0,0.00%,4,ー倍,47.6倍,ー%
20261006,3376,Ｗディッシュ,2901,東S,,134,0,0.00%,4,12.8倍,0.65倍,2.99%
20261006,3377,アプライド,3020,東S,,"4,775",+45,+0.95%,4,6.00倍,0.92倍,2.09%
20261006,3378,ビューテＨＤ,3041,東S,,399,0,0.00%,4,327倍,3.92倍,ー%
20261006,3379,東京一番,3067,東S,,452,-1,-0.22%,4,35.1倍,2.22倍,ー%
20261006,3380,ジェーソン,3080,東S,,843,+7,+0.84%,4,72.0倍,1.85倍,1.54%
20261006,3381,ソフィア,6942,東S,,"1,410",-3,-0.21%,4,934倍,2.17倍,ー%
20261006,3382,ｕｐｒ,7065,東S,,960,+11,+1.16%,4,10.1倍,0.76倍,3.85%
20261006,3383,島根銀行,7150,東S,,510,+3,+0.59%,4,27.2倍,0.78倍,1.96%
20261006,3384,コナカ,7494,東S,,229,-1,-0.43%,4,4.88倍,0.45倍,4.37%
20261006,3385,京都友禅ＨＤ,7615,東S,,94,0,0.00%,4,18.8倍,0.63倍,1.60%
20261006,3386,田中商事,7619,東S,,997,+7,+0.71%,4,7.07倍,0.51倍,3.81%
20261006,3387,日本創発Ｇ,7814,東S,,630,+2,+0.32%,4,15.1倍,1.53倍,2.38%
20261006,3388,ＩＮＥＳＴ,7111,東S,,588,+3,+0.51%,4,14.3倍,0.83倍,ー%
20261006,3389,アップコン,5075,名N,,994,0,0.00%,4,19.8倍,2.15倍,ー%
20261006,3390,コーチエィ,9339,東S,,"1,490",-2,-0.13%,4,28.4倍,1.13倍,1.34%
20261006,3391,アソインター,9340,東S,,818,+17,+2.12%,4,14.5倍,2.49倍,3.42%
20261006,3392,ジェノバ,5570,東G,,602,-2,-0.33%,4,14.7倍,2.18倍,1.16%
20261006,3393,エキサイト,5571,東S,,"1,044",+11,+1.06%,4,14.3倍,1.46倍,3.13%
20261006,3394,昭和鉄,5953,福証,,"7,000",ー,ー%,4,5.94倍,0.44倍,2.14%
20261006,3395,筑邦銀,8398,福証,,"2,494",+34,+1.38%,4,9.43倍,0.38倍,2.41%
20261006,3396,インバＰＦ,5587,東G,,841,+12,+1.45%,4,12.3倍,1.78倍,ー%
20261006,3397,政策保有解消,2081,東Ｅ,,"2,222",+32,+1.46%,4,ー倍,ー倍,ー%
20261006,3398,笹徳印刷,3958,東S,,541,-1,-0.18%,4,10.4倍,0.30倍,3.70%
20261006,3399,ＧＸホリ日Ｒ,2098,東Ｅ,,915,0,0.00%,4,ー倍,ー倍,ー%
20261006,3400,雨風太陽,5616,東G,,629,-6,-0.94%,4,50.8倍,5.36倍,ー%
20261006,3401,ウェリタス,130A,東G,,433,+7,+1.64%,4,ー倍,2.01倍,ー%
20261006,3402,ＧＸ超長米債,180A,東Ｅ,,266.0,+0.9,+0.34%,4,ー倍,ー倍,ー%
20261006,3403,ポスプラ,198A,東G,,161,+1,+0.63%,4,ー倍,2.58倍,ー%
20261006,3404,アルピコＨＤ,297A,東S,,209,-1,-0.48%,4,9.39倍,1.15倍,2.39%
20261006,3405,ブッキングＲ,324A,東G,,714,+1,+0.14%,4,10.3倍,2.10倍,ー%
20261006,3406,グラッドＣ,9561,東G,,431,+11,+2.62%,3,72.4倍,4.79倍,ー%
20261006,3407,サンクゼール,2937,東G,,"1,716",+8,+0.47%,3,39.6倍,3.24倍,2.04%
20261006,3408,日本ＳＢ,5530,名M,,"1,128",+8,+0.71%,3,7.93倍,0.96倍,3.99%
20261006,3409,オンザページ,9160,東S,,335,0,0.00%,3,7.80倍,0.92倍,ー%
20261006,3410,南日銀,8554,福証,,"1,455",+1,+0.07%,3,8.12倍,0.31倍,3.44%
20261006,3411,ＧＸ優証隔月,2019,東Ｅ,,965,0,0.00%,3,ー倍,ー倍,ー%
20261006,3412,光フードＳ,138A,東G,,"3,130",+5,+0.16%,3,24.5倍,2.21倍,1.53%
20261006,3413,イシン,143A,東G,,698,+2,+0.29%,3,40.9倍,1.10倍,ー%
20261006,3414,ハッチワーク,148A,東G,,"1,864",-34,-1.79%,3,16.6倍,3.32倍,ー%
20261006,3415,ＧＸ超長米Ｈ,179A,東Ｅ,,225.0,+2.4,+1.08%,3,ー倍,ー倍,ー%
20261006,3416,ウィルスマ,175A,東G,,623,-13,-2.04%,3,33.6倍,4.63倍,ー%
20261006,3417,クロスＥ,231A,福Ｑ,,"1,020",-9,-0.87%,3,12.0倍,0.87倍,5.39%
20261006,3418,グロースｘＰ,244A,東G,,"1,273",+21,+1.68%,3,11.2倍,1.15倍,ー%
20261006,3419,ＥＴＳ・Ｇ,253A,東S,,"1,036",+6,+0.58%,3,11.7倍,1.71倍,2.22%
20261006,3420,ラクサス,288A,東G,,93,0,0.00%,3,15.9倍,0.77倍,ー%
20261006,3421,ＶＰＪ,334A,東G,,"1,172",-18,-1.51%,3,19.0倍,2.93倍,ー%
20261006,3422,ナガオカ,6239,東S,,"1,417",-15,-1.05%,3,8.93倍,1.23倍,2.47%
20261006,3423,東京機,6335,東S,,575,0,0.00%,3,8.13倍,0.51倍,ー%
20261006,3424,電業社,6365,東S,,"5,600",0,0.00%,3,9.13倍,0.75倍,3.39%
20261006,3425,高見サイ,6424,東S,,883,-3,-0.34%,3,7.08倍,0.62倍,2.60%
20261006,3426,ディスラプタ,6538,東S,,239,+1,+0.42%,3,8.03倍,1.77倍,2.09%
20261006,3427,ツナグＧＨＤ,6551,東S,,604,-2,-0.33%,3,7.31倍,2.10倍,3.31%
20261006,3428,ゲームウィズ,6552,東S,,169,-4,-2.31%,3,ー倍,1.09倍,ー%
20261006,3429,ＭＳコンサル,6555,東S,,423,+1,+0.24%,3,8.68倍,0.65倍,ー%
20261006,3430,大日光,6635,東S,,665,+4,+0.61%,3,6.21倍,0.58倍,2.41%
20261006,3431,ピクセラ,6731,東S,,100,0,0.00%,3,ー倍,3.77倍,ー%
20261006,3432,アルチザ,6778,東S,,630,+6,+0.96%,3,20.1倍,0.81倍,3.97%
20261006,3433,伊豆シャボ,6819,東S,,470,0,0.00%,3,8.89倍,1.44倍,4.26%
20261006,3434,永大化工,7877,東S,,"2,188",ー,ー%,3,7.69倍,0.36倍,3.20%
20261006,3435,ヴィアＨＤ,7918,東S,,105,-1,-0.94%,3,159倍,-1.1倍,ー%
20261006,3436,マミヤＯＰ,7991,東S,,"1,053",+3,+0.29%,3,9.06倍,0.43倍,4.75%
20261006,3437,ラピーヌ,8143,東S,,149,-6,-3.87%,3,ー倍,0.49倍,ー%
20261006,3438,トミタ,8147,東S,,"1,423",-19,-1.32%,3,10.9倍,0.54倍,1.76%
20261006,3439,タカキュー,8166,東S,,78,0,0.00%,3,25.0倍,1.52倍,ー%
20261006,3440,アサックス,8772,東S,,912,-5,-0.55%,3,7.30倍,0.56倍,2.41%
20261006,3441,ダイナパック,3947,東S,,"2,490",-11,-0.44%,3,7.16倍,0.49倍,3.61%
20261006,3442,キャピタルＡ,3965,東S,,853,-1,-0.12%,3,9.27倍,1.27倍,3.05%
20261006,3443,エイトレッド,3969,東S,,"1,393",+3,+0.22%,3,13.3倍,1.87倍,2.58%
20261006,3444,エコモット,3987,東G,,621,-6,-0.96%,3,78.2倍,3.99倍,ー%
20261006,3445,すららネット,3998,東G,,276,-4,-1.43%,3,ー倍,0.80倍,ー%
20261006,3446,アセチレン,4093,東S,,427,+2,+0.47%,3,12.4倍,0.78倍,3.28%
20261006,3447,ユークス,4334,東S,,381,+2,+0.53%,3,11.5倍,1.28倍,2.62%
20261006,3448,ＩＰＳＨＤ,4335,東S,,"1,069",-4,-0.37%,3,9.19倍,1.37倍,3.55%
20261006,3449,エデュラボ,4427,東G,,226,+2,+0.89%,3,231倍,1.80倍,ー%
20261006,3450,ＧＤＨ,4437,東G,,724,-11,-1.50%,3,8.06倍,1.48倍,0.69%
20261006,3451,アトミクス,4625,東S,,895,0,0.00%,3,9.53倍,0.42倍,2.23%
20261006,3452,日本ラッド,4736,東S,,613,+13,+2.17%,3,19.6倍,0.93倍,1.63%
20261006,3453,ＳＭＥＪ,4772,東G,,74,+1,+1.37%,3,33.9倍,1.23倍,1.35%
20261006,3454,アイビー,4918,東S,,297,-3,-1.00%,3,8.48倍,1.14倍,5.05%
20261006,3455,倉元,5216,東S,,133,-1,-0.75%,3,ー倍,7.45倍,ー%
20261006,3456,虹技,5603,東S,,"1,292",+2,+0.16%,3,10.6倍,0.27倍,3.10%
20261006,3457,中可鍛,5607,名M,,611,+3,+0.49%,3,6.04倍,0.30倍,3.11%
20261006,3458,エムケー精工,5906,東S,,779,+1,+0.13%,3,7.24倍,0.56倍,2.31%
20261006,3459,川岸工,5921,東S,,"4,360",0,0.00%,3,10.9倍,0.40倍,3.90%
20261006,3460,高田機,5923,東S,,"1,171",+1,+0.09%,3,31.1倍,0.33倍,4.27%
20261006,3461,中西製,5941,東S,,"2,699",-1,-0.04%,3,8.39倍,0.79倍,3.71%
20261006,3462,ＫＴＣ,5966,東S,,"2,769",-2,-0.07%,3,14.0倍,0.51倍,2.89%
20261006,3463,共和工業,5971,東S,,"8,810",-140,-1.56%,3,18.7倍,0.65倍,0.91%
20261006,3464,ＭＲＴ,6034,東G,,570,0,0.00%,3,24.2倍,0.66倍,0.88%
20261006,3465,イード,6038,東G,,832,-1,-0.12%,3,ー倍,0.83倍,2.88%
20261006,3466,ニッキ,6042,東S,,"3,845",+5,+0.13%,3,9.61倍,0.51倍,3.12%
20261006,3467,三機サービス,6044,東S,,"1,847",+11,+0.60%,3,ー倍,2.12倍,ー%
20261006,3468,リンクバル,6046,東S,,142,-4,-2.74%,3,"2,840倍",3.36倍,ー%
20261006,3469,リブセンス,6054,東S,,112,+2,+1.82%,3,ー倍,0.77倍,ー%
20261006,3470,ウエスコＨＤ,6091,東S,,935,+1,+0.11%,3,14.4倍,0.73倍,4.28%
20261006,3471,土木管理,6171,東S,,375,+1,+0.27%,3,11.8倍,1.02倍,3.20%
20261006,3472,ＳＭＮ,6185,東S,,367,+4,+1.10%,3,10.8倍,1.25倍,ー%
20261006,3473,ＭＸ中国株投,2530,東Ｅ,,"16,575",-100,-0.60%,3,ー倍,ー倍,ー%
20261006,3474,野村米社債Ｈ,2554,東Ｅ,,725.5,+3.0,+0.42%,3,ー倍,ー倍,ー%
20261006,3475,関通ＨＤ,9326,東G,,476,0,0.00%,3,18.2倍,2.28倍,2.10%
20261006,3476,アディッシュ,7093,東G,,620,-12,-1.90%,3,22.3倍,2.29倍,ー%
20261006,3477,ＧＸロジ日Ｒ,2565,東Ｅ,,830,+1,+0.12%,3,ー倍,ー倍,ー%
20261006,3478,ｉＳ新興債Ｈ,2622,東Ｅ,,"1,630",+6,+0.37%,3,ー倍,ー倍,ー%
20261006,3479,Ｐアンチエイ,4934,東G,,578,-3,-0.52%,3,50.4倍,0.73倍,ー%
20261006,3480,ジオコード,7357,東S,,"1,706",+1,+0.06%,3,44.6倍,4.38倍,1.47%
20261006,3481,バルミューダ,6612,東G,,574,-7,-1.20%,3,491倍,1.97倍,ー%
20261006,3482,室町ケミカル,4885,東S,,909,-6,-0.66%,3,10.5倍,1.42倍,2.86%
20261006,3483,イーロジット,9327,東S,,183,-5,-2.66%,3,366倍,1.52倍,ー%
20261006,3484,テンダ,4198,東S,,505,+5,+1.00%,3,41.9倍,1.30倍,4.36%
20261006,3485,デコルテＨＤ,7372,東G,,426,-11,-2.52%,3,9.15倍,0.41倍,ー%
20261006,3486,ステムセル研,7096,東G,,747,-1,-0.13%,3,71.6倍,2.77倍,ー%
20261006,3487,ブルーミーム,4069,東G,,576,-8,-1.37%,3,ー倍,0.78倍,ー%
20261006,3488,一家ＨＤ,7127,東S,,687,-1,-0.15%,3,22.1倍,4.90倍,ー%
20261006,3489,ミアヘルサ,7129,東S,,"1,121",-1,-0.09%,3,8.73倍,0.81倍,2.68%
20261006,3490,ＣＩＮＣ,4378,東G,,461,-3,-0.65%,3,341倍,1.25倍,ー%
20261006,3491,フレクト,4414,東G,,"1,120",0,0.00%,3,8.08倍,2.65倍,ー%
20261006,3492,ＴＨＥＣＯＯ,4255,東G,,"3,310",-5,-0.15%,3,11.5倍,8.38倍,ー%
20261006,3493,サインド,4256,東G,,"1,194",-6,-0.50%,3,38.5倍,2.05倍,ー%
20261006,3494,ニフティＬＳ,4262,東G,,"1,380",0,0.00%,3,10.6倍,1.44倍,4.64%
20261006,3495,ＩＧＳ,4265,東G,,249,+2,+0.81%,3,169倍,3.06倍,ー%
20261006,3496,ギックス,9219,東G,,901,-7,-0.77%,3,101倍,3.10倍,5.94%
20261006,3497,ホームポジ,2999,東S,,516,+4,+0.78%,3,8.98倍,0.81倍,1.94%
20261006,3498,エイシアンＳ,8946,東S,,72,-2,-2.70%,3,16.0倍,0.91倍,ー%
20261006,3499,ヒガシＨＤ,9029,東S,,"1,863",+10,+0.54%,3,9.05倍,1.50倍,3.33%
20261006,3500,センコン物流,9051,東S,,"1,150",-10,-0.86%,3,11.8倍,0.99倍,1.30%
20261006,3501,遠州トラック,9057,東S,,"3,230",+10,+0.31%,3,11.5倍,0.97倍,2.97%
20261006,3502,玉井船,9127,東S,,"3,450",-40,-1.15%,3,9.43倍,0.66倍,3.19%
20261006,3503,栗林船,9171,東S,,"1,472",-1,-0.07%,3,10.3倍,0.52倍,2.04%
20261006,3504,東海汽,9173,東S,,"2,850",+26,+0.92%,3,39.1倍,1.34倍,ー%
20261006,3505,セゾンテク,9640,東S,,"1,939",-2,-0.10%,3,31.4倍,2.32倍,4.64%
20261006,3506,御園座,9664,名M,,"1,497",-4,-0.27%,3,115倍,1.61倍,ー%
20261006,3507,ホウライ,9679,東S,,"2,066",-50,-2.36%,3,17.3倍,0.85倍,1.16%
20261006,3508,東洋テク,9686,東S,,"1,637",-7,-0.43%,3,13.8倍,0.75倍,4.34%
20261006,3509,ビケンテクノ,9791,東S,,"1,152",-12,-1.03%,3,7.90倍,0.38倍,3.13%
20261006,3510,シャルレ,9885,東S,,333,+2,+0.60%,3,44.9倍,0.39倍,2.40%
20261006,3511,蔵王産業,9986,東S,,"2,483",+7,+0.28%,3,18.0倍,1.05倍,4.03%
20261006,3512,Ｈ株ベア,1573,東Ｅ,,"8,495",-165,-1.91%,3,ー倍,ー倍,ー%
20261006,3513,野村運輸物流,1628,東Ｅ,,"21,625",+120,+0.56%,3,ー倍,ー倍,ー%
20261006,3514,ＷＴコーン,1696,東Ｅ,,"3,034",-1,-0.03%,3,ー倍,ー倍,ー%
20261006,3515,ソネック,1768,東S,,"1,030",+5,+0.49%,3,9.14倍,0.73倍,4.85%
20261006,3516,名工建,1869,名M,,"1,899",+6,+0.32%,3,8.72倍,0.55倍,3.48%
20261006,3517,ヒップ,2136,東S,,"1,418",+12,+0.85%,3,12.9倍,1.38倍,5.01%
20261006,3518,博展,2173,東G,,782,0,0.00%,3,7.50倍,2.28倍,3.45%
20261006,3519,アルー,7043,東G,,940,-5,-0.53%,3,9.72倍,1.56倍,1.17%
20261006,3520,ピアズ,7066,東G,,437,+7,+1.63%,3,14.6倍,1.40倍,3.89%
20261006,3521,ＭＵＲＯ,7264,東S,,"1,330",-4,-0.30%,3,6.63倍,0.35倍,3.53%
20261006,3522,日本プラスト,7291,東S,,455,+7,+1.56%,3,5.35倍,0.23倍,5.49%
20261006,3523,フジオーゼ,7299,東S,,"1,739",-4,-0.23%,3,10.1倍,0.53倍,3.11%
20261006,3524,中山福,7442,東S,,473,+1,+0.21%,3,14.9倍,0.39倍,2.54%
20261006,3525,東北化学,7446,東S,,"4,300",ー,ー%,3,7.60倍,0.44倍,2.44%
20261006,3526,ウェッズ,7551,東S,,669,-2,-0.30%,3,9.93倍,0.61倍,3.29%
20261006,3527,レダックス,7602,東S,,168,+2,+1.20%,3,19.9倍,0.76倍,1.19%
20261006,3528,アイフィス,7833,東S,,679,-3,-0.44%,3,11.5倍,1.09倍,4.42%
20261006,3529,アビックス,7836,東S,,73,0,0.00%,3,14.8倍,1.36倍,ー%
20261006,3530,スターツ出版,7849,東S,,"3,010",+10,+0.33%,3,11.1倍,1.06倍,4.32%
20261006,3531,エステール,7872,東S,,611,-2,-0.33%,3,14.9倍,0.57倍,4.42%
20261006,3532,北紡,3409,東S,,76,-2,-2.56%,3,121倍,1.59倍,ー%
20261006,3533,アトムリビン,3426,東S,,"1,310",0,0.00%,3,12.8倍,0.49倍,2.52%
20261006,3534,テルマー湯,3521,東S,,157,0,0.00%,3,23.1倍,0.86倍,3.18%
20261006,3535,ソトー,3571,東S,,704,-2,-0.28%,3,ー倍,0.57倍,5.68%
20261006,3536,山喜,3598,東S,,155,-2,-1.27%,3,24.4倍,0.65倍,ー%
20261006,3537,ｅｎｉｓｈ,3667,東S,,28,+1,+3.70%,3,ー倍,2.01倍,ー%
20261006,3538,サイオス,3744,東S,,466,+2,+0.43%,3,10.9倍,2.13倍,1.07%
20261006,3539,アエリア,3758,東S,,248,-1,-0.40%,3,9.98倍,0.58倍,ー%
20261006,3540,Ｊエスコム,3779,東S,,118,-3,-2.48%,3,ー倍,2.75倍,ー%
20261006,3541,ＳＩ,3826,東S,,491,-1,-0.20%,3,13.4倍,1.22倍,2.24%
20261006,3542,野村ＳＰ配貴,364A,東Ｅ,,"2,362",0,0.00%,3,ー倍,ー倍,ー%
20261006,3543,ｉＦ米債３有,382A,東Ｅ,,"1,862",+4,+0.22%,3,ー倍,ー倍,ー%
20261006,3544,テラテクノ,483A,東S,,"2,125",+2,+0.09%,3,8.59倍,1.34倍,4.24%
20261006,3545,ｉＦ金米国債,626A,東Ｅ,,"1,835",+12,+0.66%,3,ー倍,ー倍,ー%
20261006,3546,きょくとう,2300,東S,,507,+11,+2.22%,3,22.2倍,1.09倍,2.17%
20261006,3547,エプコ,2311,東S,,784,+3,+0.38%,3,14.4倍,1.49倍,4.46%
20261006,3548,トランスＧＧ,2342,東S,,239,-3,-1.24%,3,26.6倍,0.82倍,ー%
20261006,3549,メディネット,2370,東G,,24,0,0.00%,3,ー倍,2.01倍,ー%
20261006,3550,ヒューマン,2415,東S,,"1,612",+12,+0.75%,3,6.83倍,0.86倍,4.40%
20261006,3551,アスカネット,2438,東G,,337,-1,-0.30%,3,16.1倍,0.97倍,2.08%
20261006,3552,ＪＴＰ,2488,東S,,"1,419",+18,+1.28%,3,10.9倍,2.03倍,3.52%
20261006,3553,ｉＦＪリコア,2528,東Ｅ,,"1,005",+5,+0.50%,3,ー倍,ー倍,ー%
20261006,3554,カルラ,2789,東S,,480,+8,+1.69%,3,41.9倍,1.23倍,1.04%
20261006,3555,ファマライズ,2796,東S,,508,-2,-0.39%,3,540倍,0.92倍,2.76%
20261006,3556,ダイショー,2816,東S,,"1,402",0,0.00%,3,32.2倍,1.36倍,1.43%
20261006,3557,ピエトロ,2818,東S,,"1,752",-6,-0.34%,3,ー倍,2.01倍,1.37%
20261006,3558,はごろも,2831,東S,,"3,615",-55,-1.50%,3,11.3倍,0.68倍,1.94%
20261006,3559,旭松食品,2911,東S,,"2,245",-11,-0.49%,3,26.5倍,0.48倍,1.56%
20261006,3560,ＡＦＣ－ＨＤ,2927,東S,,841,+2,+0.24%,3,7.92倍,0.76倍,4.76%
20261006,3561,クリエイト,3024,東S,,"1,144",+23,+2.05%,3,8.14倍,0.78倍,3.76%
20261006,3562,ＪＢイレブン,3066,名M,,619,+2,+0.32%,3,270倍,2.91倍,0.40%
20261006,3563,サイボー,3123,東S,,640,+4,+0.63%,3,8.28倍,0.41倍,2.81%
20261006,3564,ＯＣＨＩＨＤ,3166,東S,,"1,432",+5,+0.35%,3,14.3倍,0.75倍,3.84%
20261006,3565,福留ハ,2291,東S,,505,-1,-0.20%,2,12.0倍,0.69倍,ー%
20261006,3566,滝沢ハム,2293,東S,,"2,670",+20,+0.75%,2,68.5倍,1.69倍,0.75%
20261006,3567,プラネット,2391,東S,,"1,168",+1,+0.09%,2,21.6倍,1.40倍,3.81%
20261006,3568,日本和装,2499,東S,,310,-1,-0.32%,2,10.7倍,0.76倍,4.52%
20261006,3569,オートＷ,2666,東S,,189,-1,-0.53%,2,11.3倍,0.60倍,2.12%
20261006,3570,ＪＨＤ,2721,東S,,100,0,0.00%,2,ー倍,4.33倍,ー%
20261006,3571,アイケイＨＤ,2722,東S,,360,+1,+0.28%,2,17.1倍,1.08倍,2.50%
20261006,3572,Ｙｓテーブル,2798,東S,,"2,996",-3,-0.10%,2,15.7倍,7.76倍,ー%
20261006,3573,佐藤食品,2814,東S,,"1,749",+10,+0.58%,2,34.1倍,0.60倍,1.43%
20261006,3574,セイヒョー,2872,東S,,"1,902",-1,-0.05%,2,28.1倍,1.86倍,0.95%
20261006,3575,大森屋,2917,東S,,890,-10,-1.11%,2,22.5倍,0.38倍,ー%
20261006,3576,ゴルフ・ドゥ,3032,名N,,205,+1,+0.49%,2,11.5倍,1.18倍,1.95%
20261006,3577,カワサキ,3045,東S,,"1,458",0,0.00%,2,11.2倍,0.53倍,3.43%
20261006,3578,ファンデリー,3137,東S,,217,0,0.00%,2,22.0倍,10.2倍,ー%
20261006,3579,南総通運,9034,東S,,"1,637",+10,+0.61%,2,11.2倍,0.67倍,4.89%
20261006,3580,東部ネット,9036,東S,,"1,195",-2,-0.17%,2,25.2倍,0.31倍,1.67%
20261006,3581,大宝運輸,9040,名M,,"4,000",-10,-0.25%,2,15.7倍,0.43倍,2.50%
20261006,3582,日ロジテム,9060,東S,,"4,165",-5,-0.12%,2,8.06倍,0.34倍,1.92%
20261006,3583,岡県運送,9063,東S,,"4,090",0,0.00%,2,7.34倍,0.30倍,1.71%
20261006,3584,神姫バ,9083,東S,,"1,941",+11,+0.57%,2,10.7倍,0.44倍,2.32%
20261006,3585,ＳＦＪ,9206,東S,,"1,910",-6,-0.31%,2,24.4倍,-3.2倍,ー%
20261006,3586,杉村倉,9307,東S,,966,+1,+0.10%,2,18.4倍,0.89倍,1.55%
20261006,3587,リンコー,9355,東S,,"2,211",-3,-0.14%,2,8.32倍,0.29倍,1.81%
20261006,3588,大運,9363,東S,,515,-5,-0.96%,2,7.35倍,0.56倍,3.11%
20261006,3589,大東港運,9367,東S,,"2,009",-1,-0.05%,2,21.7倍,1.63倍,1.54%
20261006,3590,ＣＢＣ,9402,名P,,"1,266",+2,+0.16%,2,21.2倍,0.41倍,1.97%
20261006,3591,スマバ,9417,東S,,337,-1,-0.30%,2,ー倍,2.45倍,ー%
20261006,3592,クロップス,9428,東S,,"1,397",-33,-2.31%,2,7.12倍,0.98倍,2.29%
20261006,3593,トーシンＨＤ,9444,東S,,261,0,0.00%,2,ー倍,2.04倍,ー%
20261006,3594,ウィルソンＷ,9610,東S,,108,+2,+1.89%,2,ー倍,1.84倍,ー%
20261006,3595,きんえい,9636,東S,,"4,235",+10,+0.24%,2,65.6倍,4.19倍,0.24%
20261006,3596,クレオ,9698,東S,,"1,274",+9,+0.71%,2,11.8倍,1.33倍,4.40%
20261006,3597,京都ホ,9723,東S,,633,0,0.00%,2,21.2倍,3.16倍,0.47%
20261006,3598,東海リース,9761,東S,,"2,355",-1,-0.04%,2,9.29倍,0.47倍,5.10%
20261006,3599,ビステム,9780,東S,,"1,112",-17,-1.51%,2,9.48倍,0.92倍,3.24%
20261006,3600,旭情報,9799,東S,,933,-11,-1.17%,2,11.7倍,1.17倍,3.64%
20261006,3601,ジェネックス,9820,東S,,"3,805",-115,-2.93%,2,9.61倍,0.91倍,1.05%
20261006,3602,ジュンテン,9835,東S,,511,0,0.00%,2,27.6倍,0.32倍,1.96%
20261006,3603,天満屋ス,9846,東S,,981,+1,+0.10%,2,8.06倍,0.40倍,2.04%
20261006,3604,銀座ルノア,9853,東S,,905,-2,-0.22%,2,13.3倍,1.70倍,0.55%
20261006,3605,英和,9857,東S,,"2,600",+7,+0.27%,2,8.89倍,0.85倍,3.69%
20261006,3606,コックス,9876,東S,,224,0,0.00%,2,5.73倍,0.59倍,ー%
20261006,3607,コンセック,9895,東S,,"1,250",-5,-0.40%,2,22.1倍,0.28倍,2.16%
20261006,3608,ベリテ,9904,東S,,232,+1,+0.43%,2,15.1倍,1.48倍,2.59%
20261006,3609,ヨンキュウ,9955,東S,,"2,745",+40,+1.48%,2,ー倍,0.82倍,ー%
20261006,3610,アルテック,9972,東S,,286,+1,+0.35%,2,9.85倍,0.43倍,2.45%
20261006,3611,菊水化,7953,東S,,400,+1,+0.25%,2,10.3倍,0.49倍,4.25%
20261006,3612,リヒトラブ,7975,東S,,"1,172",+1,+0.09%,2,49.7倍,0.35倍,2.13%
20261006,3613,トルク,8077,東S,,211,+2,+0.96%,2,8.68倍,0.33倍,2.84%
20261006,3614,ナイス,8089,東S,,"1,909",+2,+0.10%,2,6.98倍,0.37倍,4.14%
20261006,3615,ムーンバット,8115,東S,,"1,328",+3,+0.23%,2,9.98倍,0.97倍,4.07%
20261006,3616,井筒屋,8260,東S,,375,-1,-0.27%,2,8.33倍,0.34倍,1.87%
20261006,3617,アジア投資,8518,東S,,146,-1,-0.68%,2,ー倍,0.53倍,ー%
20261006,3618,毎コムネット,8908,東S,,872,-1,-0.11%,2,7.86倍,1.07倍,4.47%
20261006,3619,グロームＨＤ,8938,東G,,316,-6,-1.86%,2,19.2倍,0.47倍,0.95%
20261006,3620,サンネクスタ,8945,東S,,"1,092",-1,-0.09%,2,27.6倍,1.28倍,4.03%
20261006,3621,エアクロ,9557,東G,,262,+3,+1.16%,2,80.4倍,7.36倍,ー%
20261006,3622,キューブ,7112,東G,,560,-2,-0.36%,2,52.0倍,0.87倍,ー%
20261006,3623,フリーダム,8996,東S,,"1,118",+17,+1.54%,2,6.35倍,1.08倍,4.92%
20261006,3624,ＧＭＯプラ,5250,東S,,"1,034",-5,-0.48%,2,77.4倍,2.61倍,1.96%
20261006,3625,ＭＸダウへ有,2242,東Ｅ,,660.2,+3.3,+0.50%,2,ー倍,ー倍,ー%
20261006,3626,エコム,6225,名M,,"2,100",0,0.00%,2,10.6倍,1.07倍,1.81%
20261006,3627,ココルポート,9346,東G,,"1,830",0,0.00%,2,10.6倍,2.05倍,4.70%
20261006,3628,ＱＬＳＨＤ,7075,東G,,993,-9,-0.90%,2,10.3倍,3.27倍,1.11%
20261006,3629,宮崎太銀,8560,福証,,"2,649",0,0.00%,2,9.29倍,0.32倍,1.89%
20261006,3630,ジャパンＭＡ,9236,東G,,"1,522",-28,-1.81%,2,15.7倍,3.34倍,0.66%
20261006,3631,ＧＸオフ日Ｒ,2096,東Ｅ,,943,+3,+0.32%,2,ー倍,ー倍,ー%
20261006,3632,アスマーク,4197,東S,,"2,409",+2,+0.08%,2,20.0倍,1.73倍,3.24%
20261006,3633,エスネット,5867,東G,,"1,362",-18,-1.30%,2,10.6倍,2.24倍,ー%
20261006,3634,ＡＩセレクト,162A,東EN,,"18,125",+205,+1.14%,2,ー倍,ー倍,ー%
20261006,3635,ダイブＧ,151A,東G,,616,+1,+0.16%,2,8.21倍,1.87倍,ー%
20261006,3636,Ｍ米債長ヘ有,183A,東Ｅ,,403.3,-2.6,-0.64%,2,ー倍,ー倍,ー%
20261006,3637,ＧＶＡテック,298A,東G,,308,-5,-1.60%,2,716倍,11.4倍,ー%
20261006,3638,フォルシア,304A,東G,,"2,144",-31,-1.43%,2,9.60倍,1.30倍,ー%
20261006,3639,フライヤー,323A,東G,,381,+2,+0.53%,2,22.5倍,4.26倍,ー%
20261006,3640,高配当成長,345A,東EN,,"15,385",+170,+1.12%,2,ー倍,ー倍,ー%
20261006,3641,ジグザグ,340A,東G,,338,+1,+0.30%,2,19.2倍,1.91倍,ー%
20261006,3642,エンシュウ,6218,東S,,666,-6,-0.89%,2,16.8倍,0.39倍,1.80%
20261006,3643,コンバム,6265,東S,,"3,235",+60,+1.89%,2,17.6倍,0.81倍,2.47%
20261006,3644,ゼネラルパ,6267,東S,,"4,240",-50,-1.17%,2,8.95倍,0.90倍,3.07%
20261006,3645,静甲,6286,東S,,"1,486",-3,-0.20%,2,9.60倍,0.54倍,1.88%
20261006,3646,明治機,6334,東S,,493,-4,-0.80%,2,53.1倍,2.00倍,1.22%
20261006,3647,太平製,6342,東S,,"2,836",ー,ー%,2,8.32倍,0.51倍,3.53%
20261006,3648,ヤマダコーポ,6392,東S,,"7,520",+70,+0.94%,2,10.6倍,0.98倍,2.93%
20261006,3649,油研工,6393,東S,,"3,010",0,0.00%,2,10.7倍,0.45倍,4.98%
20261006,3650,オーイズミ,6428,東S,,328,+3,+0.92%,2,12.3倍,0.39倍,3.66%
20261006,3651,ニチダイ,6467,東S,,346,-4,-1.14%,2,312倍,0.30倍,1.73%
20261006,3652,ＤＭソリュ,6549,東S,,"1,092",-9,-0.82%,2,9.21倍,1.59倍,1.92%
20261006,3653,神戸天然物化,6568,東G,,"1,235",+11,+0.90%,2,14.7倍,0.67倍,2.67%
20261006,3654,ＲＶＨ,6786,東S,,46,0,0.00%,2,ー倍,1.55倍,ー%
20261006,3655,リーダー電子,6867,東S,,408,+1,+0.25%,2,25.3倍,0.51倍,3.68%
20261006,3656,アミファ,7800,東S,,960,-4,-0.41%,2,4.54倍,1.08倍,3.13%
20261006,3657,名南Ｍ＆Ａ,7076,名M,,890,+10,+1.14%,2,20.6倍,1.70倍,0.97%
20261006,3658,ランサーズ,4484,東G,,290,+3,+1.05%,2,18.5倍,3.47倍,1.03%
20261006,3659,ゼネテック,4492,東S,,389,+4,+1.04%,2,12.4倍,1.75倍,3.21%
20261006,3660,グッドパッチ,7351,東G,,471,+6,+1.29%,2,9.94倍,0.93倍,2.12%
20261006,3661,インタファク,4057,東G,,349,0,0.00%,2,19.6倍,1.16倍,ー%
20261006,3662,インバウＴ,7031,東G,,729,+9,+1.25%,2,ー倍,1.24倍,ー%
20261006,3663,Ｈｉクラテス,4172,東S,,"2,270",-5,-0.22%,2,10.5倍,1.15倍,4.14%
20261006,3664,ＳＡＮＥＩ,6230,東S,,"2,140",-1,-0.05%,2,7.65倍,0.65倍,3.50%
20261006,3665,ＨＣＨ,7361,東G,,"1,189",-8,-0.67%,2,8.49倍,2.40倍,3.78%
20261006,3666,Ｂマインド,7343,東G,,"1,301",-5,-0.38%,2,23.4倍,2.01倍,5.38%
20261006,3667,ＧＸガバ日株,2636,東Ｅ,,"5,125",+53,+1.04%,2,ー倍,ー倍,ー%
20261006,3668,Ｅｎｊｉｎ,7370,東G,,711,-4,-0.56%,2,24.6倍,1.09倍,5.63%
20261006,3669,ドリムベッド,7791,東S,,813,0,0.00%,2,6.80倍,0.68倍,4.55%
20261006,3670,ベイシス,4068,東G,,"1,810",+3,+0.17%,2,17.2倍,1.57倍,ー%
20261006,3671,ラキール,4074,東G,,796,-11,-1.36%,2,ー倍,1.51倍,ー%
20261006,3672,デリバリコン,9240,東G,,373,-1,-0.27%,2,14.8倍,1.46倍,ー%
20261006,3673,シイエヌエス,4076,東G,,"2,001",+29,+1.47%,2,8.56倍,1.34倍,3.50%
20261006,3674,メディア総研,9242,東G,,"1,989",-1,-0.05%,2,8.22倍,1.48倍,1.41%
20261006,3675,日本調理機,2961,東S,,"1,453",-46,-3.07%,2,13.0倍,0.88倍,3.10%
20261006,3676,ＲＩ,9214,東G,,"1,268",ー,ー%,2,11.0倍,2.21倍,ー%
20261006,3677,ＣａＳｙ,9215,東G,,"1,001",-1,-0.10%,2,ー倍,6.97倍,ー%
20261006,3678,ＢｅｅＸ,4270,東G,,"1,885",+1,+0.05%,2,9.36倍,1.38倍,1.33%
20261006,3679,セカンドＸ,5028,東G,,349,-2,-0.57%,2,20.3倍,2.74倍,ー%
20261006,3680,Ｖゴルフ,3931,東G,,"1,470",-5,-0.34%,2,24.2倍,2.58倍,1.70%
20261006,3681,ベネフィＪ,3934,東S,,"2,283",-35,-1.51%,2,11.9倍,1.57倍,4.25%
20261006,3682,テモナ,3985,東S,,186,0,0.00%,2,48.6倍,2.84倍,ー%
20261006,3683,ＺＵＵ,4387,東G,,546,-3,-0.55%,2,259倍,2.41倍,ー%
20261006,3684,エーアイ,4388,東S,,354,+3,+0.85%,2,35.3倍,0.98倍,ー%
20261006,3685,仁丹,4524,東S,,"2,222",-1,-0.04%,2,17.2倍,0.70倍,2.93%
20261006,3686,神東塗,4615,東S,,132,0,0.00%,2,22.5倍,0.34倍,ー%
20261006,3687,川崎地質,4673,東S,,"4,865",+50,+1.04%,2,5.75倍,0.72倍,2.47%
20261006,3688,ダイサン,4750,東S,,558,+4,+0.72%,2,27.5倍,0.64倍,3.94%
20261006,3689,ピーエイ,4766,東S,,220,+3,+1.38%,2,23.7倍,4.86倍,2.36%
20261006,3690,日本色材,4920,東S,,"1,198",+26,+2.22%,2,13.0倍,0.58倍,2.50%
20261006,3691,東洋ドライ,4976,東S,,"1,514",-13,-0.85%,2,9.84倍,0.55倍,2.77%
20261006,3692,朝日ラバー,5162,東S,,806,-9,-1.10%,2,21.7倍,0.72倍,2.98%
20261006,3693,石塚硝,5204,東S,,"3,045",+15,+0.50%,2,5.93倍,0.32倍,2.36%
20261006,3694,高見沢,5283,東S,,"3,210",0,0.00%,2,4.42倍,0.33倍,2.18%
20261006,3695,ルツボ,5355,東S,,663,0,0.00%,2,9.80倍,0.72倍,3.02%
20261006,3696,美濃窯,5356,東S,,"1,250",-7,-0.56%,2,8.71倍,0.75倍,4.16%
20261006,3697,Ａ＆ＡＭ,5391,東S,,"1,477",+4,+0.27%,2,6.81倍,0.49倍,4.74%
20261006,3698,北越メ,5446,東S,,"1,066",-4,-0.37%,2,ー倍,0.22倍,ー%
20261006,3699,イボキン,5699,東S,,"1,553",-14,-0.89%,2,9.74倍,0.95倍,2.06%
20261006,3700,ＪＭＣ,5704,東S,,376,+2,+0.53%,2,15.9倍,1.25倍,ー%
20261006,3701,日伸銅,5753,東S,,"2,579",-11,-0.42%,2,5.25倍,0.42倍,0.58%
20261006,3702,アルメタクス,5928,東S,,284,0,0.00%,2,23.9倍,0.32倍,2.82%
20261006,3703,大谷工業,5939,東S,,"4,625",-50,-1.07%,2,13.9倍,0.81倍,0.65%
20261006,3704,天竜製鋸,5945,東S,,"2,268",+3,+0.13%,2,30.3倍,0.51倍,3.66%
20261006,3705,パワーファス,5950,東S,,147,0,0.00%,2,28.9倍,0.91倍,1.70%
20261006,3706,ファインシン,5994,東S,,981,+1,+0.10%,2,8.40倍,0.30倍,2.55%
20261006,3707,協立エアテク,5997,東S,,905,+6,+0.67%,2,9.50倍,0.43倍,2.21%
20261006,3708,赤阪鉄,6022,東S,,"2,841",-5,-0.18%,2,42.3倍,0.36倍,ー%
20261006,3709,イトクロ,6049,東G,,253,+1,+0.40%,2,16.6倍,0.54倍,ー%
20261006,3710,ミクロン,6159,東S,,"1,915",+32,+1.70%,2,19.3倍,0.61倍,0.63%
20261006,3711,ＧＭＯメディ,6180,東G,,"3,810",+10,+0.26%,2,11.7倍,2.36倍,5.51%
20261006,3712,タメニー,6181,東G,,84,0,0.00%,2,11.7倍,3.25倍,ー%
20261006,3713,ホープ,6195,東G,,202,0,0.00%,2,8.96倍,3.11倍,4.16%
20261006,3714,みのや,386A,東S,,"1,253",0,0.00%,2,13.1倍,1.16倍,2.39%
20261006,3715,クラシコ,442A,東G,,831,+5,+0.61%,2,ー倍,2.30倍,ー%
20261006,3716,野村高利Ｊリ,459A,東Ｅ,,"9,454",-245,-2.53%,2,ー倍,ー倍,ー%
20261006,3717,ＳＳ米株,449A,東Ｅ,,838.6,+10.0,+1.21%,2,ー倍,ー倍,ー%
20261006,3718,フィットクル,469A,東G,,"1,634",+11,+0.68%,2,11.9倍,2.04倍,ー%
20261006,3719,ｉＳ円高ハン,488A,東Ｅ,,770.2,-1.9,-0.25%,2,ー倍,ー倍,ー%
20261006,3720,防衛航空欧州,498A,東EN,,"8,619",+199,+2.36%,2,ー倍,ー倍,ー%
20261006,3721,ＪＰＸ１００,526A,東Ｅ,,"2,401",+70,+3.00%,2,ー倍,ー倍,ー%
20261006,3722,ＧＸ純銀,577A,東Ｅ,,235.7,-2.3,-0.97%,2,ー倍,ー倍,ー%
20261006,3723,ＣＲＧＨＤ,7041,東G,,322,+4,+1.26%,2,18.0倍,0.60倍,2.80%
20261006,3724,アクセスＨＤ,7042,東S,,673,+6,+0.90%,2,12.5倍,1.55倍,3.27%
20261006,3725,共栄セキュリ,7058,東S,,"2,992",-6,-0.20%,2,6.19倍,0.85倍,4.01%
20261006,3726,フレアス,7062,東G,,690,-3,-0.43%,2,5.45倍,0.83倍,1.53%
20261006,3727,ハウテレ,7064,東S,,993,-21,-2.07%,2,99.9倍,1.68倍,ー%
20261006,3728,ＨＫＳ,7219,東S,,"2,510",+75,+3.08%,2,7.10倍,0.32倍,2.59%
20261006,3729,デイトナ,7228,東S,,"4,005",+10,+0.25%,2,8.05倍,0.99倍,3.75%
20261006,3730,ユニバンス,7254,東S,,795,+4,+0.51%,2,8.34倍,0.54倍,2.52%
20261006,3731,盟和産,7284,東S,,"1,178",+9,+0.77%,2,12.9倍,0.34倍,4.24%
20261006,3732,ＣＡＰＩＴＡ,7462,東S,,391,+7,+1.82%,2,16.1倍,1.76倍,2.56%
20261006,3733,鳥羽洋行,7472,東S,,"3,750",-35,-0.92%,2,11.7倍,0.66倍,3.20%
20261006,3734,ハウスローゼ,7506,東S,,"1,366",-8,-0.58%,2,458倍,1.24倍,1.83%
20261006,3735,アールビバン,7523,東S,,"1,876",0,0.00%,2,12.3倍,1.05倍,ー%
20261006,3736,ニチリョク,7578,東S,,66,-1,-1.49%,2,10.2倍,0.45倍,ー%
20261006,3737,オーエムツー,7614,東S,,"1,550",+7,+0.45%,2,10.3倍,0.56倍,2.32%
20261006,3738,ハンズマン,7636,東S,,790,-1,-0.13%,2,9.88倍,0.58倍,3.80%
20261006,3739,オーウエル,7670,東S,,"1,226",-1,-0.08%,2,6.50倍,0.52倍,4.49%
20261006,3740,シンシア,7782,東S,,510,+10,+2.00%,2,13.7倍,1.18倍,3.53%
20261006,3741,プリントＮ,7805,東S,,702,-1,-0.14%,2,9.17倍,0.76倍,1.85%
20261006,3742,東京ボード,7815,東S,,329,-11,-3.24%,2,ー倍,1.40倍,ー%
20261006,3743,ピープル,7865,東S,,334,-1,-0.30%,2,ー倍,0.84倍,ー%
20261006,3744,ホーブ,1382,東S,,750,+9,+1.21%,2,31.7倍,0.83倍,6.67%
20261006,3745,キャンディル,1446,東S,,540,+1,+0.19%,2,25.1倍,1.62倍,1.85%
20261006,3746,タナケン,1450,東S,,"1,500",+1,+0.07%,2,9.32倍,1.41倍,3.67%
20261006,3747,野村４百Ｄイ,1472,東Ｅ,,72,-1,-1.37%,2,ー倍,ー倍,ー%
20261006,3748,ｉＳ最小分散,1477,東Ｅ,,"3,392",+18,+0.53%,2,ー倍,ー倍,ー%
20261006,3749,ＷＴ穀物,1688,東Ｅ,,599.5,+4.5,+0.76%,2,ー倍,ー倍,ー%
20261006,3750,ＷＴガソリン,1691,東Ｅ,,"17,060",-40,-0.23%,2,ー倍,ー倍,ー%
20261006,3751,ＳＤＳＨＤ,1711,東S,,235,0,0.00%,2,405倍,4.78倍,ー%
20261006,3752,美樹工業,1718,東S,,"2,297",+9,+0.39%,2,6.73倍,0.42倍,4.35%
20261006,3753,シンクレイヤ,1724,東S,,721,+1,+0.14%,2,8.97倍,0.52倍,4.16%
20261006,3754,マサル,1795,東S,,"5,500",0,0.00%,2,17.2倍,0.91倍,2.00%
20261006,3755,守谷商会,1798,東S,,"1,109",+27,+2.50%,2,7.14倍,0.65倍,3.43%
20261006,3756,高田工,1966,東S,,"1,735",+9,+0.52%,2,14.0倍,0.59倍,4.03%
20261006,3757,協和日成,1981,東S,,"1,370",-1,-0.07%,2,11.0倍,0.71倍,3.80%
20261006,3758,暁飯島工業,1997,東S,,"4,285",-75,-1.72%,2,9.12倍,1.05倍,3.15%
20261006,3759,金先物ベア,2037,東EN,,"1,322",-10,-0.75%,2,ー倍,ー倍,ー%
20261006,3760,アセアン５０,2043,東EN,,"29,375",-135,-0.46%,2,ー倍,ー倍,ー%
20261006,3761,北浜ＣＰ,2134,東S,,18,0,0.00%,2,5.68倍,2.08倍,ー%
20261006,3762,クルーズ,2138,東S,,417,+3,+0.72%,2,83.1倍,0.47倍,ー%
20261006,3763,中広,2139,東S,,497,-5,-1.00%,2,11.3倍,1.58倍,2.82%
20261006,3764,ソーバル,2186,東S,,897,0,0.00%,2,16.8倍,1.57倍,3.68%
20261006,3765,ブルボン,2208,東S,,"3,020",+5,+0.17%,2,17.8倍,1.07倍,1.46%
20261006,3766,トーア紡,3204,東S,,502,-4,-0.79%,2,8.42倍,0.30倍,2.99%
20261006,3767,アールエイジ,3248,東S,,889,+8,+0.91%,2,12.2倍,0.59倍,4.05%
20261006,3768,グラン,3261,東G,,453,-1,-0.22%,2,23.2倍,0.70倍,3.31%
20261006,3769,クロスプラス,3320,東S,,"1,306",+10,+0.77%,2,10.5倍,0.49倍,4.59%
20261006,3770,バッファロー,3352,東S,,"1,790",+4,+0.22%,2,8.65倍,0.64倍,3.91%
20261006,3771,トーエル,3361,東S,,908,+1,+0.11%,2,12.8倍,0.77倍,2.53%
20261006,3772,関門海,3372,東S,,215,+1,+0.47%,2,24.5倍,2.23倍,ー%
20261006,3773,アートＧ,3419,名N,,"1,983",+3,+0.15%,2,775倍,4.25倍,ー%
20261006,3774,エスイー,3423,東S,,267,+1,+0.38%,2,50.8倍,0.80倍,4.49%
20261006,3775,Ｆブラザーズ,3454,東S,,"1,269",-2,-0.16%,2,6.79倍,0.63倍,2.92%
20261006,3776,パルマ,3461,東S,,560,+1,+0.18%,2,28.3倍,1.56倍,2.32%
20261006,3777,デュアルＴ,3469,東S,,892,0,0.00%,2,65.1倍,1.48倍,1.40%
20261006,3778,フォーライフ,3477,東S,,886,-3,-0.34%,2,5.45倍,0.81倍,3.67%
20261006,3779,アクサスＨＤ,3536,東S,,128,0,0.00%,2,15.5倍,1.58倍,1.56%
20261006,3780,東海染,3577,東S,,920,-7,-0.76%,2,11.6倍,0.35倍,2.72%
20261006,3781,ネットイヤー,3622,東S,,495,0,0.00%,2,14.3倍,1.30倍,1.41%
20261006,3782,パピレス,3641,東S,,"1,001",0,0.00%,2,61.1倍,0.88倍,1.00%
20261006,3783,コムシード,3739,名N,,120,0,0.00%,2,7.72倍,2.18倍,ー%
20261006,3784,ケイブ,3760,東S,,725,+4,+0.55%,2,3.73倍,1.74倍,ー%
20261006,3785,いい生活,3796,東S,,292,-3,-1.02%,2,20.7倍,2.06倍,1.03%
20261006,3786,阿波製紙,3896,東S,,414,-4,-0.96%,2,27.6倍,0.64倍,ー%
20261006,3787,アイビーシー,3920,東S,,983,+2,+0.20%,2,12.7倍,2.28倍,2.24%
20261006,3788,ダイトウボウ,3202,東S,,128,-1,-0.78%,1,31.8倍,0.77倍,2.34%
20261006,3789,ＳＬＤ,3223,東S,,994,+3,+0.30%,1,15.1倍,-5.5倍,ー%
20261006,3790,Ｇオイスター,3224,東G,,660,+2,+0.30%,1,104倍,2.41倍,1.52%
20261006,3791,コーセーＲＥ,3246,東S,,695,-1,-0.14%,1,16.0倍,0.68倍,3.45%
20261006,3792,ファンクリＧ,3266,東S,,79,0,0.00%,1,8.62倍,0.93倍,1.27%
20261006,3793,フライングＧ,3317,東S,,"1,485",-13,-0.87%,1,12.3倍,1.16倍,1.14%
20261006,3794,ヒロタＧＨＤ,3346,名N,,75,-1,-1.32%,1,13.3倍,5.33倍,ー%
20261006,3795,ＺＯＡ,3375,東S,,"1,732",-19,-1.09%,1,6.42倍,0.69倍,4.33%
20261006,3796,アークコア,3384,名N,,773,+5,+0.65%,1,8.71倍,0.79倍,ー%
20261006,3797,サンコテクノ,3435,東S,,"1,495",+10,+0.67%,1,9.47倍,0.59倍,3.08%
20261006,3798,特殊電極,3437,東S,,"2,595",+10,+0.39%,1,12.9倍,0.52倍,3.93%
20261006,3799,ＭＩＥコーポ,3442,名M,,"1,688",-47,-2.71%,1,4.96倍,0.60倍,2.37%
20261006,3800,Ｇ－ＦＡＣ,3474,東G,,595,+1,+0.17%,1,114倍,3.68倍,ー%
20261006,3801,マリオン,3494,東S,,412,-1,-0.24%,1,11.5倍,0.64倍,1.70%
20261006,3802,ＡＴＡＯ,3550,東G,,220,-2,-0.90%,1,13.9倍,1.18倍,2.27%
20261006,3803,フジックス,3600,東S,,"1,800",0,0.00%,1,ー倍,0.24倍,2.78%
20261006,3804,ボルテージ,3639,東S,,228,0,0.00%,1,ー倍,0.66倍,ー%
20261006,3805,駅探,3646,東S,,343,+3,+0.88%,1,ー倍,1.40倍,2.33%
20261006,3806,オルトＰＨＤ,3672,東S,,29,+1,+3.57%,1,ー倍,2.01倍,ー%
20261006,3807,オークファン,3674,東G,,328,0,0.00%,1,173倍,0.85倍,ー%
20261006,3808,ホットリンク,3680,東G,,203,-1,-0.49%,1,34.9倍,0.80倍,3.05%
20261006,3809,ジョルダン,3710,東S,,642,+1,+0.16%,1,10.2倍,0.67倍,1.56%
20261006,3810,リスモン,3768,東S,,559,+1,+0.18%,1,17.5倍,0.73倍,2.95%
20261006,3811,ガイアックス,3775,名N,,434,+9,+2.12%,1,12.2倍,1.70倍,1.15%
20261006,3812,システムディ,3804,東S,,449,-4,-0.88%,1,12.3倍,1.63倍,2.45%
20261006,3813,ＯＫＷＥＢ,3808,名N,,23,0,0.00%,1,ー倍,5.26倍,ー%
20261006,3814,ＯＤＫ,3839,東S,,624,+3,+0.48%,1,17.0倍,0.83倍,1.60%
20261006,3815,ジーダット,3841,東S,,"1,319",+1,+0.08%,1,24.2倍,1.40倍,3.03%
20261006,3816,データアプリ,3848,東S,,835,-14,-1.65%,1,30.0倍,1.17倍,4.19%
20261006,3817,コラボス,3908,東S,,361,-2,-0.55%,1,33.6倍,1.25倍,1.66%
20261006,3818,ハーバー研,4925,東S,,"1,680",+4,+0.24%,1,13.5倍,0.68倍,2.38%
20261006,3819,アジュバン,4929,東S,,743,+4,+0.54%,1,248倍,1.42倍,1.62%
20261006,3820,不二ラテ,5199,東S,,"2,000",ー,ー%,1,8.83倍,0.62倍,4.15%
20261006,3821,トーヨアサノ,5271,東S,,"2,296",+6,+0.26%,1,ー倍,0.78倍,3.70%
20261006,3822,ニッコー,5343,名M,,183,+1,+0.55%,1,ー倍,1.90倍,ー%
20261006,3823,新東,5380,東S,,"1,293",+22,+1.73%,1,29.9倍,0.28倍,2.90%
20261006,3824,高砂鉄,5458,東S,,"1,334",+4,+0.30%,1,9.00倍,0.78倍,3.37%
20261006,3825,メタルアート,5644,東S,,"7,310",+20,+0.27%,1,13.0倍,0.80倍,2.19%
20261006,3826,ＮＩＣ,5742,東S,,717,-6,-0.83%,1,29.8倍,1.21倍,5.72%
20261006,3827,ダイケン,5900,東S,,878,+16,+1.86%,1,13.8倍,0.36倍,2.85%
20261006,3828,アマテイ,5952,東S,,187,-1,-0.53%,1,16.4倍,1.43倍,2.67%
20261006,3829,浅香工,5962,東S,,"2,197",-48,-2.14%,1,12.4倍,0.45倍,2.28%
20261006,3830,トーアミ,5973,東S,,604,+2,+0.33%,1,11.4倍,0.31倍,2.98%
20261006,3831,兼房,5984,東S,,780,0,0.00%,1,12.1倍,0.34倍,2.95%
20261006,3832,オーネックス,5987,東S,,"1,665",+6,+0.36%,1,12.8倍,0.49倍,1.20%
20261006,3833,スーパツール,5990,東S,,"1,924",-40,-2.04%,1,26.8倍,0.44倍,3.12%
20261006,3834,ウチヤマＨＤ,6059,東S,,371,+1,+0.27%,1,24.6倍,0.47倍,2.70%
20261006,3835,ヤマザキ,6147,福証,,175,-5,-2.78%,1,32.4倍,0.77倍,5.71%
20261006,3836,一蔵,6186,東S,,371,-2,-0.54%,1,11.6倍,0.90倍,4.04%
20261006,3837,キクカワ,6346,東S,,"5,590",-100,-1.76%,1,19.4倍,0.52倍,2.15%
20261006,3838,東自機,6360,東S,,"4,810",-70,-1.43%,1,14.7倍,0.65倍,2.08%
20261006,3839,ハマイ,6497,東S,,"1,480",+8,+0.54%,1,15.3倍,0.58倍,3.04%
20261006,3840,旅工房,6548,東G,,123,+1,+0.82%,1,ー倍,3.28倍,ー%
20261006,3841,クックビズ,6558,東G,,674,+16,+2.43%,1,23.5倍,1.99倍,ー%
20261006,3842,要興業,6566,東S,,"1,250",0,0.00%,1,12.9倍,0.95倍,ー%
20261006,3843,コレックＨＤ,6578,東S,,484,+4,+0.83%,1,17.2倍,3.95倍,1.86%
20261006,3844,不二電機,6654,東S,,"1,100",+7,+0.64%,1,25.5倍,0.54倍,2.91%
20261006,3845,東亜ＤＫＫ,6848,東S,,841,-1,-0.12%,1,18.1倍,0.70倍,2.62%
20261006,3846,パルステック,6894,東S,,"2,154",+3,+0.14%,1,9.82倍,0.76倍,4.18%
20261006,3847,ＯＫＡＹＡ,6926,東S,,198,+6,+3.13%,1,ー倍,0.74倍,ー%
20261006,3848,ＨＯＵＳＥＩ,5035,東G,,359,-1,-0.28%,1,14.1倍,0.81倍,0.84%
20261006,3849,ＧＸ日カバコ,2858,東Ｅ,,"1,552",+2,+0.13%,1,ー倍,ー倍,ー%
20261006,3850,上場仏債ヘ無,2861,東Ｅ,,"5,155",+41,+0.80%,1,ー倍,ー倍,ー%
20261006,3851,ファインズ,5125,東G,,580,+13,+2.29%,1,13.8倍,1.18倍,ー%
20261006,3852,ＰＯＰＥＲ,5134,東G,,457,+2,+0.44%,1,32.2倍,2.00倍,ー%
20261006,3853,ＧＬＯＥ,9565,東G,,651,ー,ー%,1,121倍,3.85倍,ー%
20261006,3854,フーディソン,7114,東G,,800,-2,-0.25%,1,19.8倍,1.52倍,ー%
20261006,3855,アイズ,5242,東G,,"2,212",-37,-1.65%,1,758倍,3.73倍,ー%
20261006,3856,ＢＴＭ,5247,東G,,566,+10,+1.80%,1,24.2倍,2.16倍,ー%
20261006,3857,スマサポ,9342,東G,,881,-4,-0.45%,1,13.7倍,3.26倍,ー%
20261006,3858,ビズメイツ,9345,東G,,580,+2,+0.35%,1,9.48倍,1.02倍,2.59%
20261006,3859,エリッツＨＤ,5533,東S,,"2,053",-37,-1.77%,1,10.1倍,1.24倍,3.41%
20261006,3860,プロディ,5580,東G,,"1,607",+2,+0.12%,1,16.8倍,2.80倍,ー%
20261006,3861,ＧＸ中国ＥＶ,2254,東Ｅ,,957,+4,+0.42%,1,ー倍,ー倍,ー%
20261006,3862,北海電工,1832,札証,,"1,410",+18,+1.29%,1,8.49倍,0.78倍,1.42%
20261006,3863,日糧パン,2218,札証,,"2,162",0,0.00%,1,37.7倍,0.81倍,0.69%
20261006,3864,トラックワン,3047,福Ｑ,,815,-7,-0.85%,1,5.92倍,1.11倍,1.35%
20261006,3865,ＮＴＬ,3849,札Ａ,,633,+19,+3.09%,1,7.85倍,0.80倍,ー%
20261006,3866,フュージョン,3977,札Ａ,,515,-15,-2.83%,1,29.7倍,1.77倍,ー%
20261006,3867,ＢワンＨＤ,4827,福Ｑ,,828,+5,+0.61%,1,3.62倍,0.48倍,1.57%
20261006,3868,Ｍｉｓｕｍｉ,7441,福証,,"1,760",0,0.00%,1,11.3倍,0.47倍,2.84%
20261006,3869,ロジネットＪ,9027,札証,,"1,270",0,0.00%,1,8.73倍,1.05倍,3.39%
20261006,3870,キャスター,9331,東G,,670,+3,+0.45%,1,ー倍,1.89倍,ー%
20261006,3871,上場米債０ラ,2093,東Ｅ,,"5,060",-197,-3.75%,1,ー倍,ー倍,ー%
20261006,3872,ＧＸＵＳ配ヘ,2095,東Ｅ,,"1,111",+2,+0.18%,1,ー倍,ー倍,ー%
20261006,3873,バリューＣ,9238,東G,,356,-4,-1.11%,1,ー倍,-14倍,ー%
20261006,3874,ｉＳ仏国債Ｈ,2259,東Ｅ,,171.0,+0.5,+0.29%,1,ー倍,ー倍,ー%
20261006,3875,ｉＦ米債７無,2015,東Ｅ,,"2,045",+3,+0.15%,1,ー倍,ー倍,ー%
20261006,3876,ｉＦ米債７有,2016,東Ｅ,,"1,682",-5,-0.30%,1,ー倍,ー倍,ー%
20261006,3877,ＳＴＧ,5858,東G,,"1,159",+5,+0.43%,1,9.51倍,0.69倍,1.73%
20261006,3878,エルイズビー,145A,東G,,882,+7,+0.80%,1,25.2倍,2.30倍,ー%
20261006,3879,コージンＢ,177A,東G,,827,+6,+0.73%,1,38.4倍,0.72倍,1.21%
20261006,3880,学びエイド,184A,東G,,319,-3,-0.93%,1,13.1倍,2.21倍,ー%
20261006,3881,ＤＭカンパニ,189A,東G,,"1,091",+1,+0.09%,1,10.2倍,1.08倍,1.83%
20261006,3882,インテＧ,192A,東G,,"1,317",-13,-0.98%,1,13.2倍,1.49倍,3.80%
20261006,3883,ファベル,220A,東S,,930,0,0.00%,1,12.2倍,1.06倍,3.23%
20261006,3884,ＳＭＴ厳選投,257A,東Ｅ,,"3,554",+47,+1.34%,1,ー倍,ー倍,ー%
20261006,3885,アスア,246A,東G,,"1,115",+15,+1.36%,1,35.3倍,2.75倍,ー%
20261006,3886,ケイ・ウノ,259A,名N,,"1,628",-26,-1.57%,1,22.0倍,1.35倍,ー%
20261006,3887,ＳＢＩサウジ,273A,東Ｅ,,"9,418",+116,+1.25%,1,ー倍,ー倍,ー%
20261006,3888,グリクロＨＤ,272A,福証,,"1,370",+9,+0.66%,1,8.29倍,0.94倍,2.92%
20261006,3889,ハンワＨ,275A,名N,,367,-38,-9.38%,1,22.9倍,4.18倍,ー%
20261006,3890,ｖｉｓｕｍｏ,303A,東G,,604,+5,+0.83%,1,59.0倍,1.80倍,ー%
20261006,3891,ビースタイル,302A,東G,,601,-7,-1.15%,1,10.9倍,1.48倍,ー%
20261006,3892,パパネッツ,9388,福Ｑ,,953,+32,+3.47%,1,8.62倍,1.68倍,2.62%
20261006,3893,ＧＸ価格日株,328A,東Ｅ,,"1,327",+9,+0.68%,1,ー倍,ー倍,ー%
20261006,3894,メディックス,331A,東S,,476,-1,-0.21%,1,8.03倍,1.10倍,3.99%
20261006,3895,京福電,9049,東S,,"6,490",+50,+0.78%,1,7.01倍,0.87倍,0.31%
20261006,3896,カンダ,9059,東S,,912,0,0.00%,1,7.65倍,0.69倍,2.85%
20261006,3897,東京汽,9193,東S,,864,+2,+0.23%,1,232倍,0.31倍,3.47%
20261006,3898,鈴与シンワ,9360,東S,,"2,790",-10,-0.36%,1,6.61倍,1.45倍,4.30%
20261006,3899,エヌジェイ,9421,東S,,535,-5,-0.93%,1,16.7倍,1.90倍,ー%
20261006,3900,ＭＨグループ,9439,東S,,218,-2,-0.91%,1,114倍,8.31倍,0.23%
20261006,3901,アイドマＭＣ,9466,東S,,236,-1,-0.42%,1,14.9倍,0.92倍,4.24%
20261006,3902,昭文社ＨＤ,9475,東S,,532,-4,-0.75%,1,26.5倍,0.67倍,0.94%
20261006,3903,葉ガス,9539,東S,,"1,302",0,0.00%,1,13.5倍,0.39倍,2.00%
20261006,3904,中日興,9643,名M,,"10,860",+10,+0.09%,1,115倍,1.59倍,0.55%
20261006,3905,グリンランド,9656,東S,,599,-1,-0.17%,1,12.4倍,0.58倍,2.50%
20261006,3906,ＫＹＣＯＭ,9685,東S,,581,0,0.00%,1,6.56倍,0.56倍,1.72%
20261006,3907,白洋舎,9731,東S,,"3,340",-25,-0.74%,1,5.11倍,0.89倍,2.99%
20261006,3908,ストライダズ,9816,東S,,254,+6,+2.42%,1,15.4倍,0.81倍,1.97%
20261006,3909,大丸エナ,9818,東S,,"1,525",-25,-1.61%,1,13.1倍,0.72倍,1.97%
20261006,3910,共同紙,9849,東S,,"4,480",+20,+0.45%,1,46.6倍,0.78倍,1.12%
20261006,3911,セキド,9878,東S,,381,-2,-0.52%,1,625倍,-11倍,ー%
20261006,3912,カンセキ,9903,東S,,899,+15,+1.70%,1,21.0倍,1.04倍,2.22%
20261006,3913,植松商会,9914,名M,,725,-3,-0.41%,1,14.4倍,0.49倍,4.48%
20261006,3914,北沢産,9930,東S,,385,-1,-0.26%,1,23.1倍,0.64倍,2.60%
20261006,3915,アシードＨＤ,9959,東S,,914,+3,+0.33%,1,11.3倍,1.38倍,2.63%
20261006,3916,ショクブン,9969,東S,,234,-1,-0.43%,1,"1,800倍",1.58倍,1.07%
20261006,3917,セキチュー,9976,東S,,"1,064",-3,-0.28%,1,16.6倍,0.48倍,2.82%
20261006,3918,ＣＳＳ,2304,東S,,900,+4,+0.45%,1,7.57倍,1.34倍,3.89%
20261006,3919,鉄人化ＨＤ,2404,東S,,532,0,0.00%,1,17.4倍,6.75倍,ー%
20261006,3920,ケアサービス,2425,東S,,681,+9,+1.34%,1,33.6倍,0.91倍,3.23%
20261006,3921,アオバＢＢＴ,2464,東S,,367,-5,-1.34%,1,11.8倍,1.00倍,3.00%
20261006,3922,マルサンアイ,2551,名M,,"3,505",-5,-0.14%,1,9.62倍,1.02倍,0.86%
20261006,3923,アスモ,2654,東S,,389,-1,-0.26%,1,13.4倍,0.76倍,2.57%
20261006,3924,夢みつけ隊,2673,東S,,102,0,0.00%,1,ー倍,0.35倍,ー%
20261006,3925,ＵＯＧ,2683,東S,,992,-2,-0.20%,1,83.4倍,2.78倍,1.01%
20261006,3926,オルバＤＶｘ,2689,東S,,"1,930",+1,+0.05%,1,ー倍,1.53倍,ー%
20261006,3927,久世,2708,東S,,"1,875",+16,+0.86%,1,6.20倍,0.90倍,2.40%
20261006,3928,フェスタリア,2736,東S,,601,-1,-0.17%,1,13.5倍,1.29倍,1.16%
20261006,3929,日東ベスト,2877,東S,,746,-3,-0.40%,1,45.1倍,0.54倍,1.61%
20261006,3930,石井食,2894,東S,,364,+6,+1.68%,1,86.7倍,1.54倍,1.10%
20261006,3931,シノブフズ,2903,東S,,"1,500",0,0.00%,1,9.35倍,1.07倍,2.27%
20261006,3932,一正蒲鉾,2904,東S,,754,0,0.00%,1,28.8倍,0.92倍,1.86%
20261006,3933,イフジ産業,2924,東S,,"1,860",-5,-0.27%,1,7.50倍,1.19倍,3.71%
20261006,3934,三洋堂ＨＤ,3058,東S,,714,-1,-0.14%,1,34.7倍,1.63倍,0.14%
20261006,3935,ストリーム,3071,東S,,102,0,0.00%,1,14.7倍,0.95倍,2.94%
20261006,3936,オーミケンシ,3111,東S,,173,0,0.00%,1,6.48倍,2.62倍,ー%
20261006,3937,ジオリーブＧ,3157,東S,,"1,421",+16,+1.14%,1,8.04倍,0.75倍,3.87%
20261006,3938,ミサワ,3169,東S,,697,-1,-0.14%,1,28.8倍,1.55倍,1.15%
20261006,3939,ティーライフ,3172,東S,,"1,129",0,0.00%,1,17.3倍,0.74倍,2.66%
20261006,3940,サンコー,6964,東S,,702,-1,-0.14%,1,11.1倍,0.38倍,2.85%
20261006,3941,サンライフＨ,7040,東S,,954,-9,-0.93%,1,7.40倍,0.84倍,3.67%
20261006,3942,ＴＤＳＥ,7046,東G,,"1,310",+2,+0.15%,1,32.7倍,1.17倍,0.76%
20261006,3943,エヌシーエヌ,7057,東S,,911,+1,+0.11%,1,11.1倍,1.37倍,3.62%
20261006,3944,テイン,7217,東S,,455,+2,+0.44%,1,12.9倍,0.64倍,3.96%
20261006,3945,田中精密,7218,東S,,"1,131",-6,-0.53%,1,4.68倍,0.36倍,3.01%
20261006,3946,カーメイト,7297,東S,,865,0,0.00%,1,10.7倍,0.40倍,3.47%
20261006,3947,小田原機器,7314,東S,,"1,358",+3,+0.22%,1,51.5倍,1.12倍,2.95%
20261006,3948,アイリック,7325,東G,,702,0,0.00%,1,12.9倍,1.47倍,4.56%
20261006,3949,創健社,7413,東S,,"3,000",-10,-0.33%,1,105倍,1.77倍,0.67%
20261006,3950,はるやまＨＤ,7416,東S,,673,-3,-0.44%,1,105倍,0.48倍,2.30%
20261006,3951,初穂商事,7425,東S,,"1,120",+10,+0.90%,1,8.42倍,0.72倍,3.57%
20261006,3952,オータケ,7434,東S,,"1,748",0,0.00%,1,8.03倍,0.40倍,2.29%
20261006,3953,横浜魚類,7443,東S,,675,0,0.00%,1,28.2倍,1.57倍,1.19%
20261006,3954,ヒマラヤ,7514,東S,,853,0,0.00%,1,32.6倍,0.66倍,3.05%
20261006,3955,マルヨシ,7515,東S,,"4,560",0,0.00%,1,426倍,1.29倍,0.66%
20261006,3956,ムサシ,7521,東S,,"2,717",+17,+0.63%,1,47.4倍,0.50倍,1.32%
20261006,3957,マルシェ,7524,東S,,180,+1,+0.56%,1,77.9倍,7.43倍,ー%
20261006,3958,大水,7538,東S,,386,0,0.00%,1,7.27倍,0.37倍,1.81%
20261006,3959,スリーエフ,7544,東S,,558,+5,+0.90%,1,14.1倍,1.01倍,3.23%
20261006,3960,ＣＳランバー,7808,東S,,"2,610",-65,-2.43%,1,5.31倍,0.41倍,3.07%
20261006,3961,クレステック,7812,東S,,"2,100",+5,+0.24%,1,6.68倍,0.64倍,4.57%
20261006,3962,プラッツ,7813,東S,,903,-20,-2.17%,1,13.3倍,0.90倍,2.33%
20261006,3963,カワセコンピ,7851,福証,,181,0,0.00%,1,27.5倍,0.33倍,ー%
20261006,3964,セキ,7857,東S,,"1,287",+11,+0.86%,1,39.7倍,0.32倍,2.02%
20261006,3965,エレコミ,353A,福証,,"1,528",0,0.00%,1,17.0倍,5.73倍,ー%
20261006,3966,ｉＦ英１００,363A,東Ｅ,,"2,643",+21,+0.80%,1,ー倍,ー倍,ー%
20261006,3967,ｉＦ米債３無,381A,東Ｅ,,"2,117",-4,-0.19%,1,ー倍,ー倍,ー%
20261006,3968,ＡＩＧＨＤ,377A,名M,,"1,150",+20,+1.77%,1,23.7倍,1.58倍,ー%
20261006,3969,フラー,387A,東G,,918,-1,-0.11%,1,9.97倍,1.31倍,ー%
20261006,3970,ニＳＰＥＷ無,426A,東Ｅ,,"1,193",+16,+1.36%,1,ー倍,ー倍,ー%
20261006,3971,ＭＸ高配５０,461A,東Ｅ,,"2,633",+18,+0.69%,1,ー倍,ー倍,ー%
20261006,3972,野村独株Ｈ無,487A,東Ｅ,,"2,125",+168,+8.58%,1,ー倍,ー倍,ー%
20261006,3973,リート物流Ｆ,489A,東Ｅ,,838,+22,+2.70%,1,ー倍,ー倍,ー%
20261006,3974,ＯｎｅＪ高ク,492A,東Ｅ,,950.9,-3.7,-0.39%,1,ー倍,ー倍,ー%
20261006,3975,農中ＮＱ１Ｕ,534A,東Ｅ,,"2,496",+33,+1.34%,1,ー倍,ー倍,ー%
20261006,3976,農中米債７Ｕ,538A,東Ｅ,,"4,673",-2,-0.04%,1,ー倍,ー倍,ー%
20261006,3977,サトー商会,9996,東S,,"2,000",+7,+0.35%,1,13.7倍,0.61倍,2.40%
20261006,3978,インフォネＧ,4444,東G,,922,-8,-0.86%,1,31.3倍,2.28倍,ー%
20261006,3979,２４７ＨＤ,7074,東G,,187,0,0.00%,1,228倍,34.5倍,ー%
20261006,3980,ＡＬｉＮＫ,7077,東G,,991,-9,-0.90%,1,39.8倍,1.28倍,ー%
20261006,3981,コマースワン,4496,東G,,736,-2,-0.27%,1,15.5倍,1.95倍,5.71%
20261006,3982,レッティ,7356,東G,,112,-2,-1.75%,1,21.2倍,4.29倍,ー%
20261006,3983,クリーマ,4017,東G,,208,0,0.00%,1,45.2倍,1.22倍,ー%
20261006,3984,ビートレンド,4020,東G,,885,+7,+0.80%,1,ー倍,3.00倍,ー%
20261006,3985,オンデック,7360,東G,,614,0,0.00%,1,12.3倍,1.82倍,ー%
20261006,3986,ベビカレ,7363,東G,,"1,399",+3,+0.21%,1,17.8倍,1.64倍,ー%
20261006,3987,表示灯,7368,東S,,"1,708",-10,-0.58%,1,9.95倍,0.95倍,3.81%
20261006,3988,ＧＸバイ日株,2639,東Ｅ,,"1,740",+35,+2.05%,1,ー倍,ー倍,ー%
20261006,3989,ＡＩＰＦ,7345,東G,,929,ー,ー%,1,ー倍,4.15倍,ー%
20261006,3990,ワクー,4937,東G,,"2,370",+16,+0.68%,1,20.6倍,3.38倍,ー%
20261006,3991,オムニプラス,7699,東G,,652,+6,+0.93%,1,ー倍,ー倍,ー%
20261006,3992,ＤＮＨＤ,7377,東S,,"1,730",+7,+0.41%,1,7.70倍,0.83倍,4.34%
20261006,3993,ＦＬネット,9241,東G,,"1,251",0,0.00%,1,37.5倍,5.49倍,ー%
20261006,3994,グローバルＳ,7126,東S,,"1,447",-3,-0.21%,1,7.43倍,1.41倍,ー%
20261006,3995,野村米十債,2647,東Ｅ,,"5,572",-16,-0.29%,1,ー倍,ー倍,ー%
20261006,3996,ＭＸ米債ヘ無,2838,東Ｅ,,"8,305",-33,-0.40%,1,ー倍,ー倍,ー%
20261006,3997,トゥルーＤ,4416,東G,,395,+2,+0.51%,1,30.4倍,1.63倍,ー%
20261006,3998,ハイブリッド,4260,東G,,206,0,0.00%,1,ー倍,1.17倍,ー%
20261006,3999,ＧＸインフ日,2847,東Ｅ,,"3,127",+42,+1.36%,1,ー倍,ー倍,ー%
20261006,4000,ペットゴー,7140,東G,,797,+2,+0.25%,1,21.6倍,1.82倍,ー%
20261006,4001,ヤマトモビＭ,7886,東S,,574,+21,+3.80%,1,55.7倍,1.78倍,ー%
20261006,4002,ソノコム,7902,東S,,"1,110",0,0.00%,1,22.6倍,0.42倍,1.17%
20261006,4003,野崎紙,7919,東S,,216,-1,-0.46%,1,5.72倍,0.73倍,3.56%
20261006,4004,旭化学,7928,東S,,613,-2,-0.33%,1,37.3倍,0.33倍,1.63%
20261006,4005,ユアサフナ,8006,東S,,"1,491",+6,+0.40%,1,10.5倍,0.59倍,2.21%
20261006,4006,浜丸魚,8045,東S,,"2,040",+26,+1.29%,1,19.8倍,0.51倍,1.67%
20261006,4007,キング,8118,東S,,"1,158",-9,-0.77%,1,26.4倍,0.79倍,1.55%
20261006,4008,三栄コ,8119,東S,,779,-3,-0.38%,1,10.7倍,0.50倍,3.98%
20261006,4009,三京化,8138,東S,,"4,150",0,0.00%,1,9.57倍,0.40倍,2.41%
20261006,4010,デンキョーＧ,8144,東S,,"1,255",ー,ー%,1,12.7倍,0.29倍,3.19%
20261006,4011,ヤマナカ,8190,名M,,516,0,0.00%,1,28.1倍,0.55倍,1.94%
20261006,4012,丸八証券,8700,東S,,"2,061",+6,+0.29%,1,ー倍,0.92倍,ー%
20261006,4013,小林洋行,8742,東S,,576,-3,-0.52%,1,ー倍,0.66倍,ー%
20261006,4014,野村上証５０,1309,東Ｅ,,"53,540",+480,+0.90%,1,ー倍,ー倍,ー%
20261006,4015,秋川牧園,1380,東S,,"1,001",-1,-0.10%,1,52.2倍,1.94倍,1.00%
20261006,4016,Ｏｎｅ４００,1474,東Ｅ,,"38,270",+360,+0.95%,1,ー倍,ー倍,ー%
20261006,4017,ｉＦ人材設備,1479,東Ｅ,,"51,840",ー,ー%,1,ー倍,ー倍,ー%
20261006,4018,Ｏｎｅ中小型,1493,東Ｅ,,"26,085",+250,+0.97%,1,ー倍,ー倍,ー%
20261006,4019,ＭＸ高配ＭＮ,1499,東Ｅ,,"9,185",-18,-0.20%,1,ー倍,ー倍,ー%
20261006,4020,スタンダ２０,1551,東Ｅ,,"7,257",+118,+1.65%,1,ー倍,ー倍,ー%
20261006,4021,上場Ａリート,1555,東Ｅ,,"2,190",+5,+0.23%,1,ー倍,ー倍,ー%
20261006,4022,ＷＴプラチナ,1674,東Ｅ,,"24,470",-145,-0.59%,1,ー倍,ー倍,ー%
20261006,4023,ＷＴパラジ,1675,東Ｅ,,"16,835",+45,+0.27%,1,ー倍,ー倍,ー%
20261006,4024,ＷＴニッケル,1694,東Ｅ,,"2,144.5",+45.0,+2.14%,1,ー倍,ー倍,ー%
20261006,4025,ＷＴ大豆,1697,東Ｅ,,"4,756",-24,-0.50%,1,ー倍,ー倍,ー%
20261006,4026,工藤建設,1764,東S,,"2,680",+4,+0.15%,1,11.0倍,0.56倍,4.74%
20261006,4027,ＹＴＬ,1773,東P,,84,-1,-1.18%,1,ー倍,ー倍,ー%
20261006,4028,三東工業,1788,東S,,"4,060",-60,-1.46%,1,9.80倍,0.67倍,1.97%
20261006,4029,森組,1853,東S,,323,0,0.00%,1,13.6倍,0.69倍,4.33%
20261006,4030,金下建,1897,東S,,"3,635",-20,-0.55%,1,23.2倍,0.37倍,1.38%
20261006,4031,ハンセンブル,2031,東EN,,"7,065",+130,+1.87%,1,ー倍,ー倍,ー%
20261006,4032,Ｓリート,2045,東EN,,"18,510",-270,-1.44%,1,ー倍,ー倍,ー%
20261006,4033,高配株米ドル,2048,東EN,,"57,610",ー,ー%,1,ー倍,ー倍,ー%
20261006,4034,日本配当貴族,2065,東EN,,"55,640",ー,ー%,1,ー倍,ー倍,ー%
20261006,4035,ＣＤＳ,2169,東S,,"1,737",+7,+0.40%,1,17.9倍,1.34倍,4.26%
20261006,4036,成学社,2179,東S,,827,-4,-0.48%,1,7.55倍,1.17倍,3.99%
20261006,4037,チエル,3933,東S,,530,+1,+0.19%,1,9.90倍,1.11倍,4.34%
20261006,4038,古林紙,3944,東S,,"3,100",0,0.00%,1,14.0倍,0.33倍,1.61%
20261006,4039,スパバッグ,3945,東S,,"2,215",+19,+0.87%,1,4.64倍,0.59倍,4.97%
20261006,4040,大村紙業,3953,東S,,794,+5,+0.63%,1,9.69倍,0.55倍,3.78%
20261006,4041,昭和パックス,3954,東S,,"3,090",0,0.00%,1,10.1倍,0.48倍,1.62%
20261006,4042,イムラ,3955,東S,,865,-5,-0.57%,1,18.9倍,0.48倍,3.47%
20261006,4043,イノベーショ,3970,東S,,817,+11,+1.36%,1,10.1倍,0.81倍,4.90%
20261006,4044,ビーブレイク,3986,東S,,492,+3,+0.61%,1,21.4倍,1.26倍,3.25%
20261006,4045,ウォンテッド,3991,東G,,950,-2,-0.21%,1,5.86倍,1.48倍,2.11%
20261006,4046,チタン,4098,東S,,"1,002",-2,-0.20%,1,14.2倍,0.56倍,1.20%
20261006,4047,ロンシール,4224,東S,,"2,129",+20,+0.95%,1,9.34倍,0.50倍,3.99%
20261006,4048,クラスター,4240,東S,,304,-2,-0.65%,1,37.6倍,1.00倍,1.64%
20261006,4049,ニックス,4243,東S,,"1,030",-11,-1.06%,1,12.5倍,0.49倍,1.94%
20261006,4050,竹本容器,4248,東S,,883,+2,+0.23%,1,11.8倍,0.85倍,4.30%
20261006,4051,西菱電機,4341,東S,,905,-7,-0.77%,1,14.6倍,0.58倍,4.97%
20261006,4052,Ｍマート,4380,東G,,692,+2,+0.29%,1,14.8倍,2.99倍,1.88%
20261006,4053,ロジザード,4391,東G,,"1,139",+6,+0.53%,1,12.9倍,1.51倍,1.67%
20261006,4054,ＤＩシステム,4421,東S,,900,+3,+0.33%,1,10.3倍,1.55倍,3.11%
20261006,4055,リックソフト,4429,東G,,718,-3,-0.42%,1,20.3倍,0.95倍,ー%
20261006,4056,オリジナル設,4642,東S,,"1,391",-1,-0.07%,1,13.9倍,0.98倍,2.88%
20261006,4057,秀英,4678,東S,,332,+2,+0.61%,1,4.95倍,0.52倍,3.01%
20261006,4058,トーセ,4728,東S,,648,+1,+0.15%,1,6.22倍,0.79倍,3.86%
20261006,4059,京進,4735,東S,,281,0,0.00%,1,10.8倍,0.59倍,2.78%
20261006,4060,昭和システム,4752,東S,,"1,612",+12,+0.75%,1,9.56倍,1.17倍,3.78%
20261006,4061,トスネット,4754,東S,,"1,509",-30,-1.95%,1,13.1倍,0.83倍,2.45%
20261006,4062,ＡＬＰＨＡ,4760,名M,,"1,200",+8,+0.67%,1,30.2倍,0.70倍,5.83%
