日付,順位,銘柄名,コード,市場,状態,株価,前日差,騰落率,売買代金,PER,PBR,配当利回り
20260728,1,キオクシア,285A,東P,Ｓ,"44,550","-10,000",-18.33%,"1,799,712",ー倍,17.5倍,ー%
20260728,2,ＳＢＧ,9984,東P,,"5,095",-236,-4.43%,"300,752",ー倍,1.65倍,0.22%
20260728,3,アドテスト,6857,東P,,"25,510","-2,870",-10.11%,"265,873",39.7倍,23.2倍,ー%
20260728,4,東エレク,8035,東P,,"55,920","-6,880",-10.96%,"245,782",ー倍,12.4倍,ー%
20260728,5,日経レバ,1570,東Ｅ,,"62,100","-5,490",-8.12%,"236,665",ー倍,ー倍,ー%
20260728,6,村田製,6981,東P,,"7,153",-949,-11.71%,"225,027",44.4倍,4.79倍,0.98%
20260728,7,三菱ＵＦＪ,8306,東P,,"3,661",-138,-3.63%,"214,137",15.3倍,1.85倍,2.62%
20260728,8,太陽誘電,6976,東P,,"10,275","-1,270",-11.00%,"211,023",74.4倍,3.89倍,0.88%
20260728,9,フジクラ,5803,東P,,"4,073",-252,-5.83%,"162,123",29.5倍,12.0倍,0.93%
20260728,10,ファストリ,9983,東P,,"79,950","+2,580",+3.33%,"125,345",49.1倍,8.99倍,0.80%
20260728,11,レーザーテク,6920,東P,,"37,440","-6,120",-14.05%,"124,622",46.6倍,14.9倍,0.88%
20260728,12,イビデン,4062,東P,,"14,855","-1,845",-11.05%,"118,052",71.6倍,7.55倍,0.24%
20260728,13,ディスコ,6146,東P,,"54,900","-7,750",-12.37%,"117,770",ー倍,10.3倍,ー%
20260728,14,任天堂,7974,東P,,"7,659",+228,+3.07%,"109,904",28.5倍,2.99倍,2.12%
20260728,15,三井住友ＦＧ,8316,東P,,"6,934",-280,-3.88%,"103,605",15.5倍,1.67倍,2.60%
20260728,16,みずほＦＧ,8411,東P,,"8,210",-421,-4.88%,"97,577",15.4倍,1.77倍,1.83%
20260728,17,信越化,4063,東P,,"5,872",-274,-4.46%,"92,040",20.7倍,2.39倍,1.98%
20260728,18,トヨタ,7203,東P,,"3,008.0",+42.5,+1.43%,"91,462",11.9倍,0.89倍,3.32%
20260728,19,ソニーＧ,6758,東P,,"3,662.0",+88.0,+2.46%,"79,409",18.5倍,2.65倍,0.96%
20260728,20,富士通,6702,東P,,"3,700.0",+218.0,+6.26%,"65,390",20.7倍,3.17倍,1.49%
20260728,21,ＪＸ金属,5016,東P,,"3,430",-358,-9.45%,"63,419",26.9倍,4.22倍,0.58%
20260728,22,リクルート,6098,東P,,"12,595",+85,+0.68%,"60,551",28.1倍,11.1倍,0.21%
20260728,23,日立,6501,東P,,"4,890",-133,-2.65%,"60,118",25.7倍,3.33倍,ー%
20260728,24,キーエンス,6861,東P,,"70,950","-3,220",-4.34%,"59,192",ー倍,4.85倍,0.78%
20260728,25,ＳＵＭＣＯ,3436,東P,,"3,140",-622,-16.53%,"58,862",ー倍,1.93倍,ー%
20260728,26,日本製鉄,5401,東P,,654.0,+17.1,+2.68%,"57,966",15.5倍,0.62倍,3.67%
20260728,27,古河電,5801,東P,,"3,008.0",-269.0,-8.21%,"57,341",25.8倍,5.07倍,0.73%
20260728,28,三菱重,7011,東P,,"3,805",-86,-2.21%,"55,749",33.7倍,4.14倍,0.76%
20260728,29,コクサイエレ,6525,東P,,"7,348","-1,213",-14.17%,"50,920",44.2倍,7.82倍,0.64%
20260728,30,ルネサス,6723,東P,,"3,462",-404,-10.45%,"49,180",ー倍,2.47倍,ー%
20260728,31,安川電,6506,東P,,"4,756",-501,-9.53%,"46,961",26.3倍,2.54倍,1.51%
20260728,32,スクリン,7735,東P,,"14,175","-1,720",-10.82%,"46,365",23.3倍,5.39倍,1.29%
20260728,33,サンリオ,8136,東P,,"1,290.5",+45.0,+3.61%,"46,134",24.5倍,10.0倍,1.24%
20260728,34,ＮＴＴ,9432,東P,,156.4,+2.1,+1.36%,"45,836",13.0倍,1.31倍,3.45%
20260728,35,住友電,5802,東P,,"2,187.5",-167.5,-7.11%,"44,865",21.3倍,2.49倍,1.78%
20260728,36,ＴＤＫ,6762,東P,,"2,927.5",-84.5,-2.81%,"43,549",24.7倍,2.54倍,1.37%
20260728,37,ファナック,6954,東P,,"6,373",-412,-6.07%,"41,476",32.2倍,3.19倍,ー%
20260728,38,レゾナック,4004,東P,,"12,365","-1,605",-11.49%,"38,985",30.0倍,3.26倍,0.53%
20260728,39,パナＨＤ,6752,東P,,"3,604",-282,-7.26%,"38,579",20.0倍,1.61倍,1.50%
20260728,40,キヤノン,7751,東P,,"4,478",-272,-5.73%,"38,423",11.2倍,1.09倍,3.57%
20260728,41,東京海上,8766,東P,,"8,234",-9,-0.11%,"38,336",18.9倍,1.97倍,2.98%
20260728,42,日経Ｄインバ,1357,東Ｅ,,"3,141",+236,+8.12%,"38,288",ー倍,ー倍,ー%
20260728,43,伊藤忠,8001,東P,,"1,998.5",+14.0,+0.71%,"35,299",14.7倍,2.12倍,2.20%
20260728,44,三菱商,8058,東P,,"4,776",-71,-1.46%,"34,404",15.9倍,1.85倍,2.62%
20260728,45,三菱電,6503,東P,,"5,319",-350,-6.17%,"34,192",22.9倍,2.43倍,1.13%
20260728,46,三井金属,5706,東P,,"28,010","-3,220",-10.31%,"31,799",21.4倍,3.89倍,1.00%
20260728,47,ホンダ,7267,東P,,"1,612.0",+29.0,+1.83%,"31,191",24.1倍,0.53倍,4.34%
20260728,48,ＮＥＣ,6701,東P,,"4,490",+45,+1.01%,"30,592",ー倍,2.71倍,0.89%
20260728,49,ダイキン,6367,東P,,"23,745",-390,-1.62%,"30,127",23.8倍,2.03倍,1.52%
20260728,50,ＫＤＤＩ,9433,東P,,"2,993.0",+40.0,+1.35%,"29,277",ー倍,2.18倍,2.81%
20260728,51,ＪＴ,2914,東P,,"6,648",+117,+1.79%,"29,219",20.7倍,2.89倍,3.64%
20260728,52,中外薬,4519,東P,,"6,999",+151,+2.21%,"29,024",ー倍,5.68倍,1.89%
20260728,53,りそなＨＤ,8308,東P,,"2,265.0",-128.5,-5.37%,"28,617",16.4倍,1.75倍,1.63%
20260728,54,オリックス,8591,東P,,"6,400",-273,-4.09%,"27,099",13.2倍,1.56倍,2.93%
20260728,55,野村日経平均,1321,東Ｅ,,"64,570","-2,710",-4.03%,"26,788",ー倍,ー倍,ー%
20260728,56,三井物,8031,東P,,"4,890",-85,-1.71%,"26,089",15.1倍,1.58倍,2.86%
20260728,57,第一ライフ,8750,東P,,"1,902.5",-56.5,-2.88%,"26,036",13.4倍,1.61倍,3.78%
20260728,58,フェローテク,6890,東S,,"7,550","-1,070",-12.41%,"25,084",ー倍,1.57倍,3.53%
20260728,59,セブン＆アイ,3382,東P,,"2,205.5",+71.0,+3.33%,"25,022",18.3倍,1.38倍,2.72%
20260728,60,味の素,2802,東P,,"4,888",-181,-3.57%,"24,884",38.9倍,6.05倍,1.02%
20260728,61,ＨＯＹＡ,7741,東P,,"23,685","-1,040",-4.21%,"24,869",ー倍,7.76倍,ー%
20260728,62,東電ＨＤ,9501,東P,,523.6,-13.4,-2.50%,"24,787",ー倍,0.35倍,ー%
20260728,63,コマツ,6301,東P,,"6,750",-151,-2.19%,"24,671",18.9倍,1.71倍,2.81%
20260728,64,ＩＨＩ,7013,東P,,"2,774.5",-61.5,-2.17%,"24,455",17.8倍,4.51倍,0.83%
20260728,65,丸紅,8002,東P,,"5,272",-178,-3.27%,"24,380",14.8倍,1.97倍,2.18%
20260728,66,ローム,6963,東P,,"4,117",-511,-11.04%,"24,343",54.8倍,2.10倍,1.21%
20260728,67,ゆうちょ銀,7182,東P,,"3,256.0",-160.0,-4.68%,"24,020",17.6倍,1.26倍,2.86%
20260728,68,ＯＬＣ,4661,東P,,"2,904.0",+72.5,+2.56%,"23,572",41.8倍,4.33倍,0.55%
20260728,69,京セラ,6971,東P,,"3,617",-179,-4.72%,"23,528",33.3倍,1.41倍,1.55%
20260728,70,ＭＳ＆ＡＤ,8725,東P,,"5,039",+10,+0.20%,"22,848",17.1倍,1.13倍,3.37%
20260728,71,三井住友トラ,8309,東P,,"6,769",-112,-1.63%,"22,678",12.3倍,1.31倍,2.81%
20260728,72,武田,4502,東P,,"5,744",-25,-0.43%,"22,462",55.3倍,1.23倍,3.55%
20260728,73,川重,7012,東P,,"2,674.5",-60.0,-2.19%,"22,200",21.2倍,2.66倍,1.50%
20260728,74,ＳＭＣ,6273,東P,,"65,190","-6,610",-9.21%,"21,763",24.1倍,1.94倍,1.53%
20260728,75,ＳＢ,9434,東P,,230.8,+2.5,+1.10%,"21,366",20.1倍,4.19倍,3.81%
20260728,76,第一三共,4568,東P,,"2,889.5",+67.0,+2.37%,"20,163",20.2倍,3.16倍,3.46%
20260728,77,住友商,8053,東P,,"1,591.5",-20.0,-1.24%,"20,094",12.0倍,1.63倍,2.51%
20260728,78,豊田通商,8015,東P,,"6,465",-93,-1.42%,"19,907",15.2倍,1.92倍,1.93%
20260728,79,さくらネット,3778,東P,,"3,100",+200,+6.90%,"19,070",82.8倍,4.04倍,0.18%
20260728,80,野村日半導,200A,東Ｅ,,"3,942",-585,-12.92%,"19,064",ー倍,ー倍,ー%
20260728,81,野村総研,4307,東P,,"5,378",+182,+3.50%,"18,924",25.3倍,6.94倍,1.56%
20260728,82,荏原,6361,東P,,"5,151",-490,-8.69%,"18,786",23.6倍,4.53倍,1.28%
20260728,83,ソシオネクス,6526,東P,,"2,149.0",-248.5,-10.36%,"18,509",37.7倍,2.83倍,2.33%
20260728,84,デンソー,6902,東P,,"2,079.5",+23.5,+1.14%,"18,013",13.7倍,0.95倍,3.56%
20260728,85,日東電,6988,東P,,"3,446.0",-5.0,-0.14%,"17,985",16.1倍,2.00倍,1.86%
20260728,86,日東紡,3110,東P,,"2,886",-279,-8.82%,"17,945",30.9倍,3.03倍,0.97%
20260728,87,ＳＨＩＦＴ,3697,東P,,950.0,+67.8,+7.69%,"17,847",ー倍,6.38倍,0.43%
20260728,88,大塚ＨＤ,4578,東P,,"11,385",+60,+0.53%,"17,582",22.6倍,1.92倍,1.23%
20260728,89,中部電,9502,東P,,"2,866.0",-139.0,-4.63%,"17,383",ー倍,0.69倍,2.44%
20260728,90,アサヒ,2502,東P,,"1,720.5",+46.5,+2.78%,"17,262",13.0倍,0.84倍,3.31%
20260728,91,住友鉱,5713,東P,,"7,364",-421,-5.41%,"17,192",14.2倍,0.95倍,2.81%
20260728,92,三井Ｅ＆Ｓ,7003,東P,,"4,923",-199,-3.89%,"17,156",16.6倍,2.17倍,1.22%
20260728,93,ニデック,6594,東P,,"2,564",+7,+0.27%,"17,050",ー倍,1.67倍,ー%
20260728,94,ブリヂストン,5108,東P,,"3,878",+20,+0.52%,"16,621",14.2倍,1.31倍,3.22%
20260728,95,ベイカレント,6532,東P,,"7,186",+80,+1.13%,"16,152",22.1倍,9.67倍,1.81%
20260728,96,富士電機,6504,東P,,"12,420",-565,-4.35%,"16,085",17.3倍,2.27倍,ー%
20260728,97,イオン,8267,東P,,"1,420.0",+42.0,+3.05%,"15,958",53.9倍,3.25倍,1.06%
20260728,98,アステラス,4503,東P,,"2,233.5",+23.5,+1.06%,"15,747",13.3倍,2.19倍,3.58%
20260728,99,スズキ,7269,東P,,"2,078.5",+23.5,+1.14%,"15,525",10.6倍,1.19倍,2.45%
20260728,100,三井不,8801,東P,,"1,595.5",+7.5,+0.47%,"15,428",15.1倍,1.31倍,2.32%
20260728,101,富士フイルム,4901,東P,,"3,755",-76,-1.98%,"15,387",16.0倍,1.17倍,2.00%
20260728,102,テラドローン,278A,東G,,"10,380","-2,540",-19.66%,"15,301",ー倍,22.8倍,ー%
20260728,103,野村東証指数,1306,東Ｅ,,412.9,-11.4,-2.69%,"15,270",ー倍,ー倍,ー%
20260728,104,日本マイクロ,6871,東P,,"12,960","-1,850",-12.49%,"15,033",ー倍,6.79倍,ー%
20260728,105,野村,8604,東P,,"1,571.0",-34.5,-2.15%,"15,008",ー倍,1.22倍,ー%
20260728,106,ＳＵＢＡＲＵ,7270,東P,,"2,680.0",+16.5,+0.62%,"14,979",14.5倍,0.68倍,4.33%
20260728,107,コナミＧ,9766,東P,,"20,140",+660,+3.39%,"14,947",27.0倍,4.84倍,1.11%
20260728,108,ＳＯＭＰＯ,8630,東P,,"7,264",+3,+0.04%,"14,881",13.2倍,1.25倍,2.75%
20260728,109,ＩＮＰＥＸ,1605,東P,,"3,566.0",-86.0,-2.35%,"14,863",10.4倍,0.85倍,3.03%
20260728,110,郵船,9101,東P,,"6,020",-56,-0.92%,"14,786",12.5倍,0.79倍,3.32%
20260728,111,アシックス,7936,東P,,"4,863",-88,-1.78%,"14,742",31.3倍,10.9倍,0.78%
20260728,112,ＴＨＫ,6481,東P,,"6,158",-779,-11.23%,"14,667",30.4倍,2.73倍,2.99%
20260728,113,ＪＲ東日本,9020,東P,,"3,829",+73,+1.94%,"14,398",17.0倍,1.42倍,2.19%
20260728,114,日経ベア２,1360,東Ｅ,,76.9,+5.6,+7.85%,"14,033",ー倍,ー倍,ー%
20260728,115,良品計画,7453,東P,,"4,305",-8,-0.19%,"13,968",34.1倍,5.76倍,0.74%
20260728,116,バンナムＨＤ,7832,東P,,"4,522",+103,+2.33%,"13,614",22.3倍,3.37倍,ー%
20260728,117,日本取引所,8697,東P,,"2,241.0",-47.5,-2.08%,"13,255",23.2倍,7.11倍,3.44%
20260728,118,日経ブル２,1579,東Ｅ,,671.0,-58.0,-7.96%,"13,036",ー倍,ー倍,ー%
20260728,119,日本郵政,6178,東P,,"2,464.0",-57.5,-2.28%,"12,714",17.7倍,0.69倍,2.44%
20260728,120,川崎汽,9107,東P,,"2,815.5",-34.5,-1.21%,"12,703",12.6倍,0.95倍,4.26%
20260728,121,きんでん,1944,東P,,"7,696",-99,-1.27%,"12,680",18.1倍,1.91倍,3.12%
20260728,122,ローツェ,6323,東P,,"3,828",-684,-15.16%,"12,513",23.9倍,4.86倍,0.52%
20260728,123,テルモ,4543,東P,,"2,289.0",+40.0,+1.78%,"12,094",20.4倍,2.13倍,1.57%
20260728,124,日産自,7201,東P,,337.4,+4.5,+1.35%,"12,092",59.0倍,0.25倍,ー%
20260728,125,ハーモニック,6324,東P,,"5,780",-810,-12.29%,"12,082",122倍,6.81倍,0.35%
20260728,126,ミネベア,6479,東P,,"3,668",-232,-5.95%,"12,054",17.8倍,1.64倍,1.64%
20260728,127,積水ハウス,1928,東P,,"3,657.0",+18.0,+0.49%,"12,023",10.9倍,1.10倍,3.96%
20260728,128,東京精,7729,東P,,"16,120","-1,745",-9.77%,"11,964",23.4倍,3.43倍,1.71%
20260728,129,ダイフク,6383,東P,,"5,861",-441,-7.00%,"11,955",26.9倍,4.70倍,1.40%
20260728,130,ＪＦＥ,5411,東P,,"1,795.0",-9.0,-0.50%,"11,936",7.61倍,0.44倍,4.46%
20260728,131,ＴＯＰＰＡＮ,7911,東P,,"4,391",-302,-6.44%,"11,883",22.4倍,0.92倍,1.32%
20260728,132,特殊陶,5334,東P,,"8,941",-480,-5.10%,"11,872",16.6倍,2.27倍,2.35%
20260728,133,カプコン,9697,東P,,"3,529.0",+10.0,+0.28%,"11,849",25.5倍,5.16倍,1.30%
20260728,134,ＮＧＫ,5333,東P,,"5,538",-525,-8.66%,"11,428",19.0倍,1.93倍,1.91%
20260728,135,マツダ,7261,東P,,"1,182.5",+17.5,+1.50%,"11,398",8.29倍,0.39倍,4.65%
20260728,136,ＪＲ東海,9022,東P,,"4,090",+67,+1.67%,"11,313",8.69倍,0.77倍,0.78%
20260728,137,商船三井,9104,東P,,"5,863",-49,-0.83%,"11,158",11.9倍,0.70倍,3.50%
20260728,138,資生堂,4911,東P,,"3,253.0",-24.0,-0.73%,"10,915",31.0倍,2.14倍,1.84%
20260728,139,パンパシＨＤ,7532,東P,,923.8,+29.8,+3.33%,"10,864",26.0倍,4.07倍,0.92%
20260728,140,楽天グループ,4755,東P,,832.0,+17.0,+2.09%,"10,673",ー倍,2.01倍,ー%
20260728,141,セコム,9735,東P,,"6,924",+16,+0.23%,"10,650",26.2倍,2.11倍,1.73%
20260728,142,キリンＨＤ,2503,東P,,"2,998.0",+30.0,+1.01%,"10,618",15.3倍,1.81倍,2.54%
20260728,143,ＴＯＷＡ,6315,東P,,"2,538",-320,-11.20%,"10,567",27.2倍,2.70倍,0.95%
20260728,144,Ｆ＆ＬＣ,3563,東P,,"5,736",+79,+1.40%,"10,507",43.4倍,11.4倍,0.35%
20260728,145,花王,4452,東P,,"3,320.0",+36.0,+1.10%,"10,501",23.1倍,2.80倍,2.35%
20260728,146,楽天Ｗブル,1458,東Ｅ,,"74,140","-6,420",-7.97%,"10,444",ー倍,ー倍,ー%
20260728,147,ＪＡＬ,9201,東P,,"2,988.5",+54.5,+1.86%,"10,417",11.7倍,1.00倍,3.21%
20260728,148,菱地所,8802,東P,,"4,050",-48,-1.17%,"10,289",20.7倍,1.81倍,1.21%
20260728,149,マクニカＨＤ,3132,東P,,"3,082.0",-497.0,-13.89%,"10,278",17.2倍,1.92倍,2.60%
20260728,150,東宝,9602,東P,,"1,534.0",+51.5,+3.47%,"10,220",31.1倍,2.55倍,1.43%
20260728,151,ＧＯ,581A,東G,,"3,045",+99,+3.36%,"10,114",22.1倍,9.94倍,ー%
20260728,152,サイバー,4751,東P,,"1,515.5",+43.0,+2.92%,"9,913",28.0倍,3.95倍,1.25%
20260728,153,ＴＯＴＯ,5332,東P,,"6,937",-516,-6.92%,"9,860",24.8倍,2.16倍,1.73%
20260728,154,ＡＮＡＨＤ,9202,東P,,"3,140.0",+59.0,+1.91%,"9,854",14.6倍,1.06倍,1.91%
20260728,155,ＡＧＣ,5201,東P,,"6,168",-92,-1.47%,"9,640",17.0倍,0.88倍,3.40%
20260728,156,いすゞ,7202,東P,,"2,431.0",+21.0,+0.87%,"9,635",10.4倍,1.13倍,3.87%
20260728,157,ＭＡＲＵＷＡ,5344,東P,,"52,900","-4,020",-7.06%,"9,628",ー倍,4.43倍,0.21%
20260728,158,ＥＮＥＯＳ,5020,東P,,"1,296.0",-27.5,-2.08%,"9,613",8.32倍,1.02倍,2.62%
20260728,159,ソニーＦＧ,8729,東P,,156.1,-5.9,-3.64%,"9,593",ー倍,1.67倍,5.12%
20260728,160,東応化,4186,東P,,"8,989",-961,-9.66%,"9,550",30.8倍,4.59倍,0.89%
20260728,161,大和ハウス,1925,東P,,"4,765",+25,+0.53%,"9,363",13.0倍,1.02倍,3.69%
20260728,162,オービック,4684,東P,,"4,567",+82,+1.83%,"9,294",24.0倍,3.99倍,2.06%
20260728,163,関西電,9503,東P,,"2,420.0",-9.5,-0.39%,"9,258",8.70倍,0.78倍,3.31%
20260728,164,クボタ,6326,東P,,"2,746.5",-136.0,-4.72%,"9,252",14.7倍,1.15倍,1.89%
20260728,165,カバー,5253,東G,,"1,608",-42,-2.55%,"9,204",20.9倍,5.14倍,ー%
20260728,166,シマノ,7309,東P,,"19,085",+35,+0.18%,"9,034",37.7倍,1.86倍,1.90%
20260728,167,日本ペＨＤ,4612,東P,,"1,208.0",+45.5,+3.91%,"9,011",14.2倍,1.47倍,1.41%
20260728,168,横浜ＦＧ,7186,東P,,"1,925.5",-57.0,-2.88%,"9,004",16.6倍,1.52倍,2.44%
20260728,169,旭化成,3407,東P,,"1,817.0",-55.5,-2.96%,"8,979",15.3倍,1.17倍,2.42%
20260728,170,エーザイ,4523,東P,,"4,791",+38,+0.80%,"8,790",25.8倍,1.50倍,3.34%
20260728,171,ヤマハ発,7272,東P,,"1,340.0",+13.0,+0.98%,"8,764",13.0倍,1.12倍,3.73%
20260728,172,ニトリＨＤ,9843,東P,,"2,620.5",+104.5,+4.15%,"8,721",16.3倍,1.50倍,1.22%
20260728,173,芝浦,6590,東P,,"4,620",-520,-10.12%,"8,695",25.5倍,5.45倍,1.39%
20260728,174,ＰｏｗｅｒＸ,485A,東G,,"1,520",-257,-14.46%,"8,652",140倍,25.0倍,ー%
20260728,175,ＳＢＩ,8473,東P,,"2,818.0",-63.0,-2.19%,"8,570",ー倍,1.01倍,ー%
20260728,176,Ｔ＆Ｄ,8795,東P,,"5,032",-144,-2.78%,"8,325",17.8倍,1.49倍,3.26%
20260728,177,大和,8601,東P,,"1,836.0",-35.5,-1.90%,"8,297",ー倍,1.44倍,ー%
20260728,178,鹿島,1812,東P,,"5,485",-170,-3.01%,"8,228",14.8倍,1.78倍,2.66%
20260728,179,ホトニクス,6965,東P,,"2,198.0",-169.5,-7.16%,"8,204",38.7倍,1.98倍,1.73%
20260728,180,住友不,8830,東P,,"3,731",-50,-1.32%,"7,886",15.5倍,1.39倍,1.39%
20260728,181,しずおかＦＧ,5831,東P,,"3,290.0",-173.0,-5.00%,"7,865",16.6倍,1.42倍,2.98%
20260728,182,ヒューリック,3003,東P,,"1,809.0",-26.0,-1.42%,"7,763",11.4倍,1.45倍,3.70%
20260728,183,名村造,7014,東S,,"4,375",-85,-1.91%,"7,724",13.8倍,2.23倍,1.37%
20260728,184,三越伊勢丹,3099,東P,,"3,634.0",-54.0,-1.46%,"7,718",20.6倍,2.05倍,2.20%
20260728,185,ヒロセ電,6806,東P,,"27,180","-1,275",-4.48%,"7,661",26.2倍,2.35倍,1.91%
20260728,186,メルカリ,4385,東P,,"4,542",+89,+2.00%,"7,635",ー倍,6.25倍,ー%
20260728,187,ユニオンツル,6278,東P,,"15,290","-2,680",-14.91%,"7,622",31.4倍,3.61倍,0.85%
20260728,188,サイゼリヤ,7581,東P,,"7,830",+170,+2.22%,"7,548",32.6倍,2.94倍,0.45%
20260728,189,オムロン,6645,東P,,"5,165",-485,-8.58%,"7,496",36.9倍,1.21倍,2.13%
20260728,190,ネクソン,3659,東P,,"2,488.0",+43.5,+1.78%,"7,461",ー倍,1.84倍,2.41%
20260728,191,日本新薬,4516,東P,,"3,580",-499,-12.23%,"7,405",7.96倍,0.83倍,3.46%
20260728,192,三菱ケミＧ,4188,東P,,"1,165.0",-60.0,-4.90%,"7,301",12.5倍,0.90倍,2.75%
20260728,193,武蔵精密,7220,東P,,"3,065",+45,+1.49%,"7,215",30.9倍,1.65倍,1.31%
20260728,194,ＮＸＨＤ,9147,東P,,"5,367",-173,-3.12%,"7,126",21.4倍,1.56倍,1.86%
20260728,195,ＪＲ西日本,9021,東P,,"3,128.0",+53.0,+1.72%,"7,125",14.2倍,1.18倍,3.12%
20260728,196,ＦＵＪＩ,6134,東P,,"6,806",-739,-9.79%,"7,108",18.1倍,2.58倍,2.79%
20260728,197,オリンパス,7733,東P,,"1,802.0",-11.5,-0.63%,"7,070",18.7倍,2.36倍,1.66%
20260728,198,メイコー,6787,東P,,"20,850","-2,140",-9.31%,"7,023",20.1倍,4.14倍,0.77%
20260728,199,東洋エンジ,6330,東P,,"2,001",-94,-4.49%,"7,012",19.5倍,3.01倍,1.25%
20260728,200,ティアフォー,593A,東G,,"1,009",-48,-4.54%,"7,008",ー倍,5.58倍,ー%
20260728,201,清水建,1803,東P,,"2,476.5",-47.0,-1.86%,"6,950",12.9倍,1.72倍,3.11%
20260728,202,堀場製,6856,東P,,"24,700","-2,295",-8.50%,"6,897",21.4倍,3.02倍,1.98%
20260728,203,コーテクＨＤ,3635,東P,,"1,530.0",-66.0,-4.14%,"6,874",16.5倍,1.83倍,3.14%
20260728,204,ダイヘン,6622,東P,,"13,110","-1,510",-10.33%,"6,808",18.8倍,2.01倍,1.60%
20260728,205,キッコマン,2801,東P,,"1,672.0",+35.5,+2.17%,"6,794",25.3倍,2.76倍,1.50%
20260728,206,エムスリー,2413,東P,,"1,920.5",+16.0,+0.84%,"6,764",24.2倍,3.14倍,ー%
20260728,207,神戸物産,3038,東P,,"2,793.0",+103.0,+3.83%,"6,686",21.0倍,3.69倍,1.15%
20260728,208,千葉銀,8331,東P,,"2,702.0",-103.0,-3.67%,"6,633",17.5倍,1.49倍,2.37%
20260728,209,大成建,1801,東P,,"13,450",-385,-2.78%,"6,588",14.5倍,2.31倍,2.83%
20260728,210,ＡＩメカ,6227,東S,,"5,970",-840,-12.33%,"6,578",36.5倍,8.29倍,0.28%
20260728,211,栗田工,6370,東P,,"8,301",-677,-7.54%,"6,562",21.4倍,2.63倍,1.61%
20260728,212,ＡＲＣＨＩＯ,543A,東P,,290,-3,-1.02%,"6,547",10.7倍,1.63倍,2.76%
20260728,213,ＣＫＤ,6407,東P,,"5,560",-780,-12.30%,"6,464",22.8倍,2.42倍,1.71%
20260728,214,ゼンショＨＤ,7550,東P,,"9,854",+158,+1.63%,"6,427",32.5倍,5.91倍,0.81%
20260728,215,住友化,4005,東P,,529.8,-15.2,-2.79%,"6,425",12.5倍,0.87倍,3.02%
20260728,216,テクセンド,429A,東P,,"3,785",-505,-11.77%,"6,345",15.9倍,2.16倍,1.85%
20260728,217,ＤＭＧ森精機,6141,東P,,"3,591",-205,-5.40%,"6,282",33.8倍,1.51倍,2.92%
20260728,218,関電工,1942,東P,,"5,905",-180,-2.96%,"6,279",18.1倍,3.01倍,2.20%
20260728,219,アマダ,6113,東P,,"2,708.5",-227.5,-7.75%,"6,248",24.7倍,1.57倍,2.36%
20260728,220,大林組,1802,東P,,"3,273.0",-58.0,-1.74%,"6,241",14.3倍,1.79倍,2.87%
20260728,221,アルバック,6728,東P,,"8,320",-981,-10.55%,"6,229",22.1倍,1.78倍,1.83%
20260728,222,電通グループ,4324,東P,,"3,622.0",+61.0,+1.71%,"6,188",13.5倍,2.25倍,ー%
20260728,223,塩野義,4507,東P,,"2,902.5",+8.0,+0.28%,"6,185",11.8倍,1.47倍,2.62%
20260728,224,横河電,6841,東P,,"5,655",-367,-6.09%,"6,104",24.2倍,2.72倍,1.63%
20260728,225,日立建機,6305,東P,,"5,438",-242,-4.26%,"6,050",14.5倍,1.29倍,3.49%
20260728,226,三井海洋,6269,東P,,"10,325",-75,-0.72%,"6,010",12.2倍,2.91倍,1.94%
20260728,227,阪急阪神,9042,東P,,"4,963",+61,+1.24%,"5,998",14.5倍,1.04倍,2.01%
20260728,228,いよぎんＨＤ,5830,東P,,"3,667",-118,-3.12%,"5,967",13.7倍,1.20倍,2.18%
20260728,229,ｉＳ日経,1329,東Ｅ,,"6,499",-279,-4.12%,"5,930",ー倍,ー倍,ー%
20260728,230,大東建,1878,東P,,"3,400.0",+70.0,+2.10%,"5,916",10.3倍,2.22倍,4.79%
20260728,231,ラインヤフー,4689,東P,,451.0,+9.8,+2.22%,"5,916",ー倍,1.03倍,2.44%
20260728,232,トレンド,4704,東P,,"6,574",+84,+1.29%,"5,877",23.3倍,7.68倍,ー%
20260728,233,野村東証銀行,1615,東Ｅ,,750.9,-31.1,-3.98%,"5,790",ー倍,ー倍,ー%
20260728,234,扶桑化学,4368,東P,,"3,525",-350,-9.03%,"5,747",19.4倍,3.18倍,0.79%
20260728,235,エプソン,6724,東P,,"2,957.0",-142.0,-4.58%,"5,743",16.1倍,1.11倍,2.71%
20260728,236,ふくおかＦＧ,8354,東P,,"7,550",-253,-3.24%,"5,716",14.3倍,1.33倍,2.78%
20260728,237,東ガス,9531,東P,,"6,235",-38,-0.61%,"5,594",15.0倍,1.20倍,1.92%
20260728,238,ナブテスコ,6268,東P,,"4,429",-479,-9.76%,"5,568",27.9倍,1.89倍,1.85%
20260728,239,ミスミＧ,9962,東P,,"3,459.0",-218.0,-5.93%,"5,564",24.4倍,2.40倍,1.53%
20260728,240,浜ゴム,5101,東P,,"7,547",+9,+0.12%,"5,515",10.9倍,1.14倍,2.28%
20260728,241,ＫＯＡ,6999,東P,,"2,235",-315,-12.35%,"5,502",10.7倍,0.91倍,2.82%
20260728,242,京都ＦＧ,5844,東P,,"4,603",-84,-1.79%,"5,487",25.0倍,1.14倍,2.28%
20260728,243,大塚商会,4768,東P,,"3,251.0",+58.0,+1.82%,"5,421",20.2倍,3.14倍,2.92%
20260728,244,東洋水,2875,東P,,"11,205",+260,+2.38%,"5,418",16.6倍,2.05倍,1.96%
20260728,245,リガクＨＤ,268A,東P,,"1,945",-195,-9.11%,"5,386",35.2倍,5.04倍,0.98%
20260728,246,大日印,7912,東P,,"3,003.0",-166.0,-5.24%,"5,364",13.6倍,1.08倍,1.37%
20260728,247,西武ＨＤ,9024,東P,,"3,713.0",+48.0,+1.31%,"5,325",35.0倍,1.66倍,1.13%
20260728,248,ＧＸ半導日株,2644,東Ｅ,,"3,785",-474,-11.13%,"5,261",ー倍,ー倍,ー%
20260728,249,ＧＸ銀行高配,315A,東Ｅ,,"1,942",-77,-3.81%,"5,234",ー倍,ー倍,ー%
20260728,250,三菱ＨＣキャ,8593,東P,,"1,467.0",-3.0,-0.20%,"5,214",13.2倍,1.06倍,3.48%
20260728,251,ＧＳユアサ,6674,東P,,"5,461",-332,-5.73%,"5,200",15.2倍,1.39倍,1.79%
20260728,252,朝日インテク,7747,東P,,"3,570.0",+21.0,+0.59%,"5,175",31.0倍,5.70倍,1.29%
20260728,253,電子材料,6855,東S,,"5,460",-690,-11.22%,"5,162",14.6倍,1.78倍,1.47%
20260728,254,ＳＷＣＣ,5805,東P,,"10,780",-700,-6.10%,"5,147",17.3倍,3.25倍,2.32%
20260728,255,デクセリ,4980,東P,,"3,371.0",-266.0,-7.31%,"5,131",20.5倍,5.16倍,1.90%
20260728,256,インフロニア,5076,東P,,"2,712.5",-119.5,-4.22%,"5,122",11.8倍,1.35倍,3.69%
20260728,257,日産化,4021,東P,,"7,419",-335,-4.32%,"5,105",19.2倍,3.88倍,2.86%
20260728,258,オルガノ,6368,東P,,"13,535","-1,465",-9.77%,"5,094",20.8倍,4.35倍,1.63%
20260728,259,八十二長野,8359,東P,,"2,609.5",-90.0,-3.33%,"5,040",16.3倍,1.03倍,2.49%
20260728,260,日清食ＨＤ,2897,東P,,"3,032.0",+72.5,+2.45%,"5,006",18.6倍,1.68倍,2.31%
20260728,261,あおぞら銀,8304,東P,,"3,089.0",-35.0,-1.12%,"5,000",15.8倍,0.89倍,3.24%
20260728,262,神戸鋼,5406,東P,,"2,008.0",-36.5,-1.79%,"4,994",7.94倍,0.63倍,3.98%
20260728,263,スカＪＳＡＴ,9412,東P,,"2,173",-43,-1.94%,"4,979",22.8倍,2.03倍,2.21%
20260728,264,双日,2768,東P,,"5,359",-87,-1.60%,"4,937",8.58倍,1.02倍,3.36%
20260728,265,シスメックス,6869,東P,,"1,635.5",+29.5,+1.84%,"4,927",27.4倍,1.95倍,2.45%
20260728,266,ＳＢＩ新生銀,8303,東P,,"1,441.5",-18.5,-1.27%,"4,902",ー倍,1.04倍,2.91%
20260728,267,東レ,3402,東P,,"1,150.0",-28.5,-2.42%,"4,894",18.6倍,0.93倍,2.26%
20260728,268,大同特鋼,5471,東P,,"2,316.5",-115.0,-4.73%,"4,889",16.8倍,0.96倍,2.24%
20260728,269,めぶきＦＧ,7167,東P,,"1,520.0",-34.5,-2.22%,"4,888",15.0倍,1.32倍,2.63%
20260728,270,日揮ＨＤ,1963,東P,,"2,294.0",-77.0,-3.25%,"4,832",12.1倍,1.29倍,2.27%
20260728,271,すかいらーく,3197,東P,,"3,160.0",+72.0,+2.33%,"4,817",36.9倍,3.78倍,0.82%
20260728,272,住友重,6302,東P,,"5,252",-167,-3.08%,"4,767",18.4倍,0.91倍,2.76%
20260728,273,大ガス,9532,東P,,"5,536",-32,-0.57%,"4,743",14.5倍,1.17倍,2.35%
20260728,274,アイシン,7259,東P,,"2,408.5",+8.5,+0.35%,"4,739",11.3倍,0.77倍,3.11%
20260728,275,ｉＦ日経年１,1320,東Ｅ,,"64,400","-2,610",-3.89%,"4,732",ー倍,ー倍,ー%
20260728,276,積水化,4204,東P,,"2,715.0",-20.0,-0.73%,"4,725",14.4倍,1.29倍,2.98%
20260728,277,ニコン,7731,東P,,"1,956.0",-242.5,-11.03%,"4,702",64.4倍,1.10倍,1.02%
20260728,278,古野電,6814,東P,,"7,320",-320,-4.19%,"4,679",17.8倍,2.52倍,2.19%
20260728,279,菱ガス化,4182,東P,,"4,003",-360,-8.25%,"4,667",17.0倍,1.21倍,2.75%
20260728,280,住友ゴ,5110,東P,,"2,271.0",+30.5,+1.36%,"4,653",10.9倍,0.82倍,3.70%
20260728,281,ＴＰＸブル,1568,東Ｅ,,941.8,-51.1,-5.15%,"4,626",ー倍,ー倍,ー%
20260728,282,東急,9005,東P,,"1,801.5",+9.5,+0.53%,"4,622",11.3倍,1.11倍,1.78%
20260728,283,ほくほくＦＧ,8377,東P,,"7,696",-309,-3.86%,"4,551",14.9倍,1.27倍,1.95%
20260728,284,リコー,7752,東P,,"1,593.5",-39.0,-2.39%,"4,546",14.5倍,0.78倍,2.76%
20260728,285,出光興産,5019,東P,,"1,307.0",-7.0,-0.53%,"4,525",20.9倍,0.82倍,2.75%
20260728,286,野村マイクロ,6254,東P,,"3,680",-460,-11.11%,"4,482",12.7倍,3.58倍,2.31%
20260728,287,日製鋼,5631,東P,,"7,429",-249,-3.24%,"4,466",28.8倍,2.57倍,1.24%
20260728,288,マツキヨココ,3088,東P,,"2,589.5",+84.0,+3.35%,"4,462",17.3倍,1.87倍,2.16%
20260728,289,スクエニＨＤ,9684,東P,,"2,701.0",+52.0,+1.96%,"4,417",31.4倍,2.79倍,1.59%
20260728,290,牧野フ,6135,東P,,"14,270",-520,-3.52%,"4,408",15.1倍,1.28倍,2.38%
20260728,291,ＤＯＷＡ,5714,東P,,"8,089",-343,-4.07%,"4,398",8.39倍,1.05倍,4.18%
20260728,292,三菱マ,5711,東P,,"4,034",-190,-4.50%,"4,368",10.8倍,0.72倍,2.88%
20260728,293,アルプスアル,6770,東P,,"2,207.0",-28.5,-1.27%,"4,358",14.4倍,0.96倍,2.90%
20260728,294,ニチレイ,2871,東P,,"2,280.5",+85.0,+3.87%,"4,356",ー倍,2.00倍,2.92%
20260728,295,霞ヶ関Ｃ,3498,東P,,"7,220",-160,-2.17%,"4,348",10.7倍,2.38倍,2.29%
20260728,296,マクドナルド,2702,東S,,"7,910",+180,+2.33%,"4,345",30.5倍,3.70倍,0.81%
20260728,297,トクヤマ,4043,東P,,"4,312",-244,-5.36%,"4,341",ー倍,1.10倍,ー%
20260728,298,東急不ＨＤ,3289,東P,,"1,375.0",+4.5,+0.33%,"4,334",9.80倍,1.09倍,3.64%
20260728,299,関西ペ,4613,東P,,"2,794.0",+55.0,+2.01%,"4,229",18.2倍,1.64倍,3.94%
20260728,300,住友ファーマ,4506,東P,,"1,292.5",-8.0,-0.62%,"4,207",7.53倍,1.98倍,ー%
20260728,301,モノタロウ,3064,東P,,"1,977.0",-3.0,-0.15%,"4,185",26.9倍,8.44倍,1.87%
20260728,302,共立メンテ,9616,東P,,"3,282.0",+61.0,+1.89%,"4,177",16.6倍,2.05倍,1.40%
20260728,303,三井化学,4183,東P,,"2,129.0",-77.0,-3.49%,"4,177",17.1倍,0.89倍,3.52%
20260728,304,ＱＰＳＨＤ,464A,東G,,"1,517",+74,+5.13%,"4,139",44.7倍,2.68倍,ー%
20260728,305,ブラザー,6448,東P,,"4,007",-75,-1.84%,"4,133",13.8倍,1.30倍,2.50%
20260728,306,かんぽ生命,7181,東P,,"1,752.5",-43.0,-2.39%,"4,094",13.5倍,0.46倍,2.85%
20260728,307,セガサミー,6460,東P,,"2,750.0",+86.0,+3.23%,"4,089",17.1倍,1.57倍,2.00%
20260728,308,ＧＸＮデカバ,563A,東Ｅ,,"1,035",-30,-2.82%,"4,081",ー倍,ー倍,ー%
20260728,309,マキタ,6586,東P,,"5,672",-188,-3.21%,"4,022",18.0倍,1.47倍,ー%
20260728,310,ＺＯＺＯ,3092,東P,,"1,181.0",+16.0,+1.37%,"4,004",21.0倍,9.75倍,3.39%
20260728,311,ユニチャーム,8113,東P,,"1,004.5",+11.6,+1.17%,"4,000",20.0倍,2.21倍,2.19%
20260728,312,東海カーボン,5301,東P,,"1,567.5",-57.5,-3.54%,"3,987",26.4倍,1.00倍,2.55%
20260728,313,島津,7701,東P,,"4,138",-136,-3.18%,"3,953",21.7倍,2.12倍,1.69%
20260728,314,アストロＨＤ,186A,東G,,"1,004",-21,-2.05%,"3,948",ー倍,18.6倍,ー%
20260728,315,ＴＩＳＩ,3626,東P,,"3,754.0",+89.0,+2.43%,"3,913",13.8倍,2.42倍,2.40%
20260728,316,Ｓａｎｓａｎ,4443,東P,,"1,971",+71,+3.74%,"3,882",26.6倍,12.4倍,0.25%
20260728,317,メタプラ,3350,東S,,218,-7,-3.11%,"3,871",ー倍,0.69倍,ー%
20260728,318,オンコセラピ,4564,東G,,20,0,0.00%,"3,856",ー倍,3.94倍,ー%
20260728,319,ＹＥデジタル,2354,東S,,"1,267",-83,-6.15%,"3,840",14.3倍,2.99倍,2.37%
20260728,320,ビルファンド,8951,東Ｒ,,"135,400","-1,200",-0.88%,"3,840",ー倍,1.64倍,3.63%
20260728,321,クラレ,3405,東P,,"1,849.5",-33.5,-1.78%,"3,794",13.9倍,0.75倍,3.46%
20260728,322,ツガミ,6101,東P,,"6,290",-690,-9.89%,"3,793",17.2倍,3.65倍,1.56%
20260728,323,住友林,1911,東P,,"1,374.5",-2.0,-0.15%,"3,759",8.87倍,0.81倍,3.64%
20260728,324,楽天銀,5838,東P,,"5,559",-89,-1.58%,"3,759",11.9倍,2.61倍,ー%
20260728,325,東ソー,4042,東P,,"2,745.0",-99.0,-3.48%,"3,714",ー倍,1.02倍,3.64%
20260728,326,マネフォ,3994,東P,,"5,665",-35,-0.61%,"3,697",ー倍,7.62倍,ー%
20260728,327,池田泉州ＨＤ,8714,東P,,"1,061",-25,-2.30%,"3,693",15.5倍,1.18倍,2.59%
20260728,328,ＵＢＥ,4208,東P,,"3,213.0",-113.0,-3.40%,"3,686",12.7倍,0.71倍,4.98%
20260728,329,日電硝,5214,東P,,"5,384",-223,-3.98%,"3,677",17.3倍,0.80倍,2.97%
20260728,330,パーソルＨＤ,2181,東P,,269.5,+3.5,+1.32%,"3,649",13.5倍,2.74倍,4.82%
20260728,331,ヤマトＨＤ,9064,東P,,"2,119.0",+51.5,+2.49%,"3,617",41.9倍,1.18倍,2.17%
20260728,332,住友ベ,4203,東P,,"6,297",-348,-5.24%,"3,609",19.4倍,1.59倍,1.91%
20260728,333,三菱自,7211,東P,,372.0,+7.1,+1.95%,"3,560",19.9倍,0.54倍,2.69%
20260728,334,滋賀銀,8366,東P,,"2,606",-119,-4.37%,"3,556",21.0倍,1.18倍,1.92%
20260728,335,小野薬,4528,東P,,"2,417.0",-22.5,-0.92%,"3,545",16.0倍,1.34倍,3.31%
20260728,336,上場日経２倍,1358,東Ｅ,,"118,300","-10,150",-7.90%,"3,542",ー倍,ー倍,ー%
20260728,337,アンリツ,6754,東P,,"3,651",-257,-6.58%,"3,538",31.2倍,3.52倍,1.37%
20260728,338,ラウンドワン,4680,東P,,"1,239.5",+5.5,+0.45%,"3,529",17.8倍,3.94倍,1.45%
20260728,339,東京メトロ,9023,東P,,"1,482.5",+24.0,+1.65%,"3,501",17.2倍,1.17倍,2.97%
20260728,340,高島屋,8233,東P,,"2,317.5",-5.5,-0.24%,"3,500",17.9倍,1.49倍,1.73%
20260728,341,クレセゾン,8253,東P,,"4,549",-91,-1.96%,"3,494",8.66倍,0.86倍,3.52%
20260728,342,ツルハＨＤ,3391,東P,,"2,508.5",+29.5,+1.19%,"3,491",27.4倍,1.30倍,1.91%
20260728,343,エアウォータ,4088,東P,,"2,620",-30,-1.13%,"3,470",ー倍,1.35倍,2.86%
20260728,344,コスモス薬品,3349,東P,,"6,612",+227,+3.56%,"3,382",17.1倍,1.85倍,1.27%
20260728,345,デンカ,4061,東P,,"3,402.0",-221.0,-6.10%,"3,348",18.3倍,0.94倍,2.94%
20260728,346,豊田合,7282,東P,,"5,128",-56,-1.08%,"3,323",10.6倍,1.06倍,3.41%
20260728,347,ＬＩＸＩＬ,5938,東P,,"1,896.5",-3.5,-0.18%,"3,315",45.5倍,0.82倍,4.75%
20260728,348,太陽ＨＤ,4626,東P,,"4,689",-60,-1.26%,"3,309",21.7倍,4.51倍,ー%
20260728,349,西日本ＦＨ,7189,東P,,"4,395",-135,-2.98%,"3,300",12.8倍,0.99倍,3.19%
20260728,350,ＱＤレーザ,6613,東G,,"1,391",-159,-10.26%,"3,264",132倍,12.0倍,ー%
20260728,351,Ｊフロント,3086,東P,,"3,050.0",-16.0,-0.52%,"3,219",25.7倍,1.81倍,1.84%
20260728,352,コカＢＪＨ,2579,東P,,"4,414",+50,+1.15%,"3,198",31.8倍,1.94倍,1.63%
20260728,353,日ケミコン,6997,東P,,"2,826",-374,-11.69%,"3,192",19.3倍,1.58倍,0.88%
20260728,354,ソレイジア,4597,東G,,29,+1,+3.57%,"3,186",ー倍,4.63倍,ー%
20260728,355,小田急,9007,東P,,"1,807.0",+24.5,+1.37%,"3,182",16.1倍,1.22倍,3.32%
20260728,356,明治ＨＤ,2269,東P,,"3,834",+42,+1.11%,"3,155",16.6倍,1.35倍,2.87%
20260728,357,データセク,3905,東G,,"2,094",-229,-9.86%,"3,128",7.67倍,3.60倍,ー%
20260728,358,フルヤ金属,7826,東P,,"6,150",-580,-8.62%,"3,098",10.1倍,2.05倍,2.52%
20260728,359,日本オラクル,4716,東S,,"8,773",+94,+1.08%,"3,088",ー倍,5.49倍,ー%
20260728,360,日ハム,2282,東P,,"6,475",+90,+1.41%,"3,085",16.0倍,1.13倍,2.78%
20260728,361,サントリＢＦ,2587,東P,,"4,800",+70,+1.48%,"3,085",16.7倍,1.13倍,2.50%
20260728,362,トーカロ,3433,東P,,"2,791",-208,-6.94%,"3,080",16.2倍,2.49倍,3.08%
20260728,363,スギＨＤ,7649,東P,,"2,910.0",+31.0,+1.08%,"3,072",16.5倍,1.84倍,1.20%
20260728,364,ラクス,3923,東P,,"1,060.0",+30.0,+2.91%,"3,071",14.9倍,14.4倍,0.75%
20260728,365,シンプレクス,4373,東P,,"1,144",-2,-0.17%,"3,062",20.6倍,5.15倍,2.10%
20260728,366,ランド,8918,東S,,10,0,0.00%,"3,053",11.4倍,1.62倍,ー%
20260728,367,野村不ＨＤ,3231,東P,,973.1,+5.1,+0.53%,"3,052",9.67倍,1.04倍,4.52%
20260728,368,ジーエヌアイ,2160,東G,,"2,456",-119,-4.62%,"3,024",ー倍,3.23倍,ー%
20260728,369,しまむら,8227,東P,,"3,438.0",+69.0,+2.05%,"3,023",15.1倍,1.45倍,2.33%
20260728,370,純金信託,1540,東Ｅ,,"19,900",-200,-1.00%,"3,009",ー倍,ー倍,ー%
20260728,371,日経高配５０,1489,東Ｅ,,"3,463",-22,-0.63%,"2,999",ー倍,ー倍,ー%
20260728,372,ダイセル,4202,東P,,"1,460.0",-29.0,-1.95%,"2,988",11.7倍,1.05倍,4.79%
20260728,373,九州電,9508,東P,,"1,820.0",-22.5,-1.22%,"2,972",6.93倍,0.87倍,2.75%
20260728,374,日精工,6471,東P,,"1,095.0",-50.0,-4.37%,"2,971",22.3倍,0.80倍,3.11%
20260728,375,群馬銀,8334,東P,,"2,571.0",-87.5,-3.29%,"2,935",15.0倍,1.57倍,2.72%
20260728,376,ニッパツ,5991,東P,,"3,485.0",-183.0,-4.99%,"2,930",15.7倍,1.61倍,1.98%
20260728,377,阿波銀,8388,東P,,"8,770",-90,-1.02%,"2,923",19.4倍,0.85倍,2.17%
20260728,378,サッポロ,2501,東P,,"2,108.0",+50.0,+2.43%,"2,882",2.78倍,3.82倍,1.90%
20260728,379,ＧＭＯ,9449,東P,,"4,100",-20,-0.49%,"2,873",ー倍,3.56倍,ー%
20260728,380,東北電,9506,東P,,"1,163.5",-14.0,-1.19%,"2,873",ー倍,0.52倍,3.44%
20260728,381,上場日経平均,1330,東Ｅ,,"64,600","-2,700",-4.01%,"2,850",ー倍,ー倍,ー%
20260728,382,大和工,5444,東P,,"13,385",-10,-0.07%,"2,835",17.0倍,1.48倍,2.99%
20260728,383,コムシスＨＤ,1721,東P,,"5,270",-77,-1.44%,"2,829",16.0倍,1.52倍,2.56%
20260728,384,日電波,6779,東P,,"2,395",-379,-13.66%,"2,819",23.9倍,1.72倍,1.25%
20260728,385,アマノ,6436,東P,,"3,766",-273,-6.76%,"2,818",14.8倍,1.99倍,4.78%
20260728,386,コニカミノル,4902,東P,,661.5,-20.9,-3.06%,"2,781",11.5倍,0.61倍,2.72%
20260728,387,千代建,6366,東S,,703,-23,-3.17%,"2,776",26.3倍,5.47倍,ー%
20260728,388,丸井Ｇ,8252,東P,,"3,016.0",+24.5,+0.82%,"2,756",18.3倍,2.21倍,4.44%
20260728,389,日電子,6951,東P,,"7,812",-503,-6.05%,"2,755",17.9倍,2.63倍,1.69%
20260728,390,山九,9065,東P,,"9,408",+128,+1.38%,"2,754",14.3倍,1.56倍,2.81%
20260728,391,高砂熱,1969,東P,,"4,390",-128,-2.83%,"2,751",14.4倍,2.74倍,2.80%
20260728,392,王子ＨＤ,3861,東P,,883.0,+0.6,+0.07%,"2,746",21.4倍,0.68倍,4.08%
20260728,393,ロート,4527,東P,,"2,379.5",+7.5,+0.32%,"2,715",15.6倍,1.78倍,2.10%
20260728,394,タカラトミー,7867,東P,,"3,627.0",+88.0,+2.49%,"2,711",17.4倍,2.81倍,1.93%
20260728,395,山パン,2212,東P,,"3,528.0",+139.0,+4.10%,"2,689",16.4倍,1.50倍,1.70%
20260728,396,ＯＢＣ,4733,東P,,"8,001",+14,+0.18%,"2,688",31.1倍,3.57倍,1.62%
20260728,397,スタンレー,6923,東P,,"3,541.0",-21.0,-0.59%,"2,675",12.8倍,0.96倍,3.13%
20260728,398,三井松島ＨＤ,1518,東P,,"2,312",-69,-2.90%,"2,674",9.97倍,1.54倍,5.62%
20260728,399,ヤマハ,7951,東P,,"1,248.0",-7.5,-0.60%,"2,673",19.6倍,1.15倍,2.08%
20260728,400,ヤマダＨＤ,9831,東P,,739.3,+3.4,+0.46%,"2,662",17.7倍,0.78倍,2.30%
20260728,401,ニチアス,5393,東P,,"3,261.0",-224.0,-6.43%,"2,630",19.2倍,2.58倍,1.99%
20260728,402,レンゴー,3941,東P,,"1,519.5",-8.5,-0.56%,"2,625",12.0倍,0.76倍,3.29%
20260728,403,京成,9009,東P,,"1,307.0",+17.0,+1.32%,"2,624",16.0倍,1.13倍,1.68%
20260728,404,ＲＳテクノ,3445,東P,,"6,220",-880,-12.39%,"2,613",16.5倍,1.95倍,0.88%
20260728,405,三和ＨＤ,5929,東P,,"3,953",+54,+1.38%,"2,606",13.8倍,2.37倍,3.69%
20260728,406,東京計器,7721,東P,,"6,840",-180,-2.56%,"2,557",22.5倍,2.47倍,0.70%
20260728,407,シチズン,7762,東P,,"2,140",-86,-3.86%,"2,553",19.0倍,1.78倍,2.34%
20260728,408,Ｊパワー,9513,東P,,"3,820",-29,-0.75%,"2,553",8.30倍,0.48倍,2.75%
20260728,409,ＳＧＨＤ,9143,東P,,"1,624.5",+15.5,+0.96%,"2,550",16.2倍,1.77倍,3.32%
20260728,410,光通信,9435,東P,,"38,570",-200,-0.52%,"2,529",14.1倍,1.42倍,2.02%
20260728,411,北川精機,6327,東S,,"2,941",-694,-19.09%,"2,506",39.4倍,4.25倍,0.68%
20260728,412,Ｖテク,7717,東P,,"5,370",-720,-11.82%,"2,491",16.9倍,1.40倍,1.49%
20260728,413,北洋銀,8524,東P,,"1,211",-52,-4.12%,"2,477",15.4倍,1.17倍,2.64%
20260728,414,ＯＳＧ,6136,東P,,"3,717",-290,-7.24%,"2,468",14.5倍,1.59倍,3.09%
20260728,415,ホシザキ,6465,東P,,"5,703",-3,-0.05%,"2,468",21.0倍,2.04倍,2.02%
20260728,416,ジェイテクト,6473,東P,,"2,062.0",-43.0,-2.04%,"2,463",13.1倍,0.83倍,3.39%
20260728,417,東建物,8804,東P,,"3,491.0",-29.0,-0.82%,"2,429",11.5倍,1.23倍,3.49%
20260728,418,エンプラス,6961,東P,,"11,950","-1,080",-8.29%,"2,419",21.6倍,1.73倍,0.75%
20260728,419,ヤクルト,2267,東P,,"2,812.5",-3.0,-0.11%,"2,398",17.4倍,1.33倍,2.56%
20260728,420,ラサ工,4022,東P,,"1,719",-185,-9.72%,"2,392",15.6倍,2.11倍,2.09%
20260728,421,スルガ銀,8358,東P,,"2,667",-91,-3.30%,"2,391",14.2倍,1.41倍,2.25%
20260728,422,カドカワ,9468,東P,,"3,566.0",+48.0,+1.36%,"2,373",90.4倍,2.14倍,0.84%
20260728,423,七十七,8341,東P,,"3,580.0",-97.0,-2.64%,"2,360",13.0倍,1.15倍,2.91%
20260728,424,山一電機,6941,東P,,"8,260",-980,-10.61%,"2,357",16.6倍,3.28倍,1.82%
20260728,425,野村ＲＥＩＴ,1343,東Ｅ,,"2,042.5",+3.0,+0.15%,"2,350",ー倍,ー倍,ー%
20260728,426,上村工,4966,東S,,"21,630","-1,500",-6.49%,"2,347",23.8倍,2.97倍,1.34%
20260728,427,東武,9001,東P,,"3,131.0",+31.0,+1.00%,"2,339",10.9倍,0.99倍,2.40%
20260728,428,ＩＩＪ,3774,東P,,"3,518.0",+39.0,+1.12%,"2,335",25.0倍,3.95倍,1.22%
20260728,429,協和キリン,4151,東P,,"2,656.0",-5.0,-0.19%,"2,331",18.5倍,1.56倍,2.64%
20260728,430,フジミインコ,5384,東P,,"3,680",-415,-10.13%,"2,319",26.3倍,3.25倍,2.09%
20260728,431,ニチコン,6996,東P,,"2,755",-245,-8.17%,"2,316",27.6倍,1.55倍,1.42%
20260728,432,ＪＲ九州,9142,東P,,"3,784",+56,+1.50%,"2,297",11.3倍,1.18倍,3.20%
20260728,433,オークマ,6103,東P,,"4,820",-200,-3.98%,"2,295",21.8倍,1.16倍,2.07%
20260728,434,三井ハイテク,6966,東P,,875,-45,-4.89%,"2,294",16.0倍,1.36倍,2.17%
20260728,435,ＯＫＩ,6703,東P,,"3,275",-125,-3.68%,"2,288",15.8倍,1.58倍,1.98%
20260728,436,日本酸素ＨＤ,4091,東P,,"5,825",-262,-4.30%,"2,275",19.3倍,2.07倍,1.13%
20260728,437,東京きらぼし,7173,東P,,"1,764",-49,-2.70%,"2,272",12.8倍,1.37倍,1.70%
20260728,438,ひろぎんＨＤ,7337,東P,,"2,275.5",-77.0,-3.27%,"2,252",13.2倍,1.19倍,3.08%
20260728,439,メック,4971,東P,,"7,580",-800,-9.55%,"2,251",24.9倍,4.38倍,1.45%
20260728,440,五洋建,1893,東P,,"1,524.5",-59.0,-3.73%,"2,245",11.8倍,2.08倍,3.41%
20260728,441,ＴＯＹＯ,5105,東P,,"4,157",-2,-0.05%,"2,238",11.9倍,1.20倍,3.25%
20260728,442,ワークマン,7564,東S,,"5,920",+80,+1.37%,"2,227",21.6倍,3.15倍,1.50%
20260728,443,京王,9008,東P,,818.3,+11.0,+1.36%,"2,225",11.0倍,1.07倍,2.69%
20260728,444,ニフコ,7988,東P,,"5,237",-20,-0.38%,"2,197",14.3倍,1.65倍,2.14%
20260728,445,精工技研,6834,東S,,"18,260","-1,860",-9.24%,"2,190",25.5倍,4.82倍,0.66%
20260728,446,ＩＮＶ,8963,東Ｒ,,"62,000","-1,100",-1.74%,"2,180",ー倍,1.34倍,6.11%
20260728,447,ＧＭＯ－ＰＧ,3769,東P,,"9,855",+17,+0.17%,"2,176",32.0倍,6.38倍,1.73%
20260728,448,マブチ,6592,東P,,"1,648.0",-57.5,-3.37%,"2,172",18.4倍,1.17倍,3.40%
20260728,449,松井,8628,東P,,"1,106",-9,-0.81%,"2,165",ー倍,3.50倍,ー%
20260728,450,愛媛銀,8541,東P,,"2,932",+15,+0.51%,"2,164",17.6倍,0.79倍,1.64%
20260728,451,ＧＸ半導１０,282A,東Ｅ,,"2,128",-294,-12.14%,"2,159",ー倍,ー倍,ー%
20260728,452,百五銀,8368,東P,,"2,036",-87,-4.10%,"2,156",17.0倍,0.95倍,2.06%
20260728,453,ニッスイ,1332,東P,,"1,304.5",+12.0,+0.93%,"2,146",13.6倍,1.32倍,2.45%
20260728,454,エクシオＧ,1951,東P,,"2,670.0",-35.0,-1.29%,"2,144",15.3倍,1.59倍,3.00%
20260728,455,ディーエヌエ,2432,東P,,"2,469.0",+17.5,+0.71%,"2,137",ー倍,0.98倍,ー%
20260728,456,シャープ,6753,東P,,610.2,+1.5,+0.25%,"2,137",9.43倍,1.42倍,ー%
20260728,457,吉野家ＨＤ,9861,東P,,"3,805",+98,+2.64%,"2,132",50.3倍,3.55倍,0.58%
20260728,458,フジＨＤ,4676,東P,,"4,206",+40,+0.96%,"2,127",23.0倍,1.10倍,4.76%
20260728,459,オープンＨ,3288,東P,,"8,670",+8,+0.09%,"2,123",8.15倍,1.65倍,2.31%
20260728,460,ＫＤＸ不動産,8972,東Ｒ,,"159,200","-1,000",-0.62%,"2,116",ー倍,1.01倍,5.31%
20260728,461,ＳＡＮＫＹＯ,6417,東P,,"1,845.5",+54.0,+3.01%,"2,100",9.11倍,1.47倍,4.33%
20260728,462,トリドール,3397,東P,,"4,307",+122,+2.92%,"2,099",54.1倍,4.10倍,0.28%
20260728,463,タツモ,6266,東P,,"4,020",-475,-10.57%,"2,073",23.3倍,2.22倍,0.85%
20260728,464,ツムラ,4540,東P,,"3,929",-12,-0.30%,"2,052",11.2倍,0.91倍,4.02%
20260728,465,シンフォニア,6507,東P,,"12,530","-1,310",-9.47%,"2,035",23.6倍,3.57倍,1.28%
20260728,466,ｓａｎｔｅｃ,6777,東S,,"16,500","-1,810",-9.89%,"2,026",22.1倍,6.97倍,1.39%
20260728,467,日機装,6376,東P,,"3,730",-330,-8.13%,"2,024",18.7倍,1.49倍,1.34%
20260728,468,Ｆスターズ,3687,東P,,"2,073",-111,-5.08%,"2,024",34.3倍,7.65倍,0.92%
20260728,469,四国化ＨＤ,4099,東P,,"2,417",-266,-9.91%,"2,020",20.9倍,2.16倍,1.24%
20260728,470,ＪＩＮＳＨＤ,3046,東P,,"6,740",+70,+1.05%,"2,016",18.3倍,4.41倍,1.71%
20260728,471,キユーピー,2809,東P,,"4,678",+155,+3.43%,"2,000",24.9倍,1.95倍,1.39%
20260728,472,クスリアオキ,3549,東S,,"3,955",+185,+4.91%,"1,994",19.8倍,2.66倍,1.62%
20260728,473,楽天Ｗベア,1459,東Ｅ,,126,+9,+7.69%,"1,988",ー倍,ー倍,ー%
20260728,474,セイコーＧ,8050,東P,,"7,450",-310,-3.99%,"1,987",26.5倍,3.46倍,1.21%
20260728,475,ＤＩＣ,4631,東P,,"4,384",-153,-3.37%,"1,986",12.6倍,0.86倍,3.19%
20260728,476,参天薬,4536,東P,,"1,960.0",-12.0,-0.61%,"1,982",15.8倍,2.12倍,2.14%
20260728,477,セブン銀,8410,東P,,320.7,+0.6,+0.19%,"1,979",22.0倍,1.34倍,3.43%
20260728,478,九州ＦＧ,7180,東P,,"1,560.5",-49.5,-3.07%,"1,970",14.7倍,0.87倍,2.44%
20260728,479,ｉＦ日経Ｗブ,1365,東Ｅ,,"3,834",-332,-7.97%,"1,967",ー倍,ー倍,ー%
20260728,480,小糸製,7276,東P,,"2,525.0",+4.5,+0.18%,"1,964",16.8倍,1.07倍,2.30%
20260728,481,ＡＤＥＫＡ,4401,東P,,"3,876",-185,-4.56%,"1,957",13.1倍,1.20倍,3.10%
20260728,482,ＧＸ半導体,2243,東Ｅ,,"4,341",-351,-7.48%,"1,957",ー倍,ー倍,ー%
20260728,483,石油資源,1662,東P,,"1,732",-12,-0.69%,"1,945",7.39倍,0.71倍,2.60%
20260728,484,メディパル,7459,東P,,"2,970.5",+19.0,+0.64%,"1,940",14.1倍,0.93倍,2.96%
20260728,485,日鉄鉱,1515,東P,,"2,849",-60,-2.06%,"1,938",18.4倍,1.40倍,2.18%
20260728,486,日清紡ＨＤ,3105,東P,,"2,170.0",-71.0,-3.17%,"1,937",33.9倍,1.12倍,1.66%
20260728,487,コスモＨＤ,5021,東P,,"3,947",-29,-0.73%,"1,937",14.2倍,1.03倍,4.18%
20260728,488,エニーカラー,5032,東P,,"2,631",-6,-0.23%,"1,936",12.1倍,5.85倍,2.36%
20260728,489,ＭＸ２２５,1346,東Ｅ,,"64,510","-2,690",-4.00%,"1,932",ー倍,ー倍,ー%
20260728,490,エスエムエス,2175,東P,,"2,352",-48,-2.00%,"1,932",31.3倍,7.29倍,1.30%
20260728,491,トーメンデバ,2737,東P,,"15,090","-1,640",-9.80%,"1,915",9.33倍,1.73倍,3.98%
20260728,492,太平洋セメ,5233,東P,,"4,211",+3,+0.07%,"1,900",7.30倍,0.68倍,2.85%
20260728,493,京急,9006,東P,,"1,620.0",+24.0,+1.50%,"1,895",14.3倍,1.11倍,2.84%
20260728,494,長谷工,1808,東P,,"2,843.0",-8.0,-0.28%,"1,883",11.4倍,1.34倍,3.52%
20260728,495,ＵＳＳ,4732,東P,,"2,020.5",+19.5,+0.97%,"1,878",22.1倍,4.43倍,2.72%
20260728,496,ピジョン,7956,東P,,"2,002.5",+27.0,+1.37%,"1,874",26.2倍,2.94倍,3.80%
20260728,497,ジャパンＲＥ,8952,東Ｒ,,"123,400","-1,300",-1.04%,"1,873",ー倍,1.65倍,4.15%
20260728,498,京葉銀,8544,東P,,"2,819",-116,-3.95%,"1,871",17.5倍,1.03倍,2.34%
20260728,499,パルＨＤ,2726,東P,,"1,479",+35,+2.42%,"1,869",13.5倍,3.13倍,2.70%
20260728,500,ＡＢＣマート,2670,東P,,"2,753.5",+39.5,+1.46%,"1,862",14.7倍,1.70倍,2.91%
20260728,501,第四北越ＦＧ,7327,東P,,"2,328",-74,-3.08%,"1,849",12.2倍,1.07倍,3.26%
20260728,502,ＡＲＥＨＤ,5857,東P,,"3,055",-70,-2.24%,"1,847",9.05倍,1.14倍,4.42%
20260728,503,都市ファンド,8953,東Ｒ,,"119,100",-900,-0.75%,"1,845",ー倍,1.31倍,5.01%
20260728,504,ユナイテッド,8960,東Ｒ,,"166,600",+200,+0.12%,"1,837",ー倍,1.39倍,5.57%
20260728,505,シリコンスタ,3907,東S,,"1,018",-148,-12.69%,"1,830",ー倍,1.75倍,ー%
20260728,506,大黒屋,6993,東S,,93,-8,-7.92%,"1,818",111倍,12.9倍,ー%
20260728,507,トリケミカル,4369,東P,,"3,055",-300,-8.94%,"1,812",21.6倍,2.70倍,1.15%
20260728,508,バローＨＤ,9956,東P,,"3,345",+110,+3.40%,"1,811",11.6倍,1.04倍,2.39%
20260728,509,日油,4403,東P,,"2,794.0",-31.5,-1.11%,"1,805",16.1倍,2.13倍,2.51%
20260728,510,ＮＯＫ,7240,東P,,"2,997.5",-74.5,-2.43%,"1,801",10.3倍,0.76倍,4.67%
20260728,511,一工薬,4461,東P,,"9,020","-1,020",-10.16%,"1,799",14.3倍,1.84倍,1.66%
20260728,512,サンドラッグ,9989,東P,,"3,893",+64,+1.67%,"1,795",14.2倍,1.59倍,3.39%
20260728,513,ネクステージ,3186,東P,,"3,395",-100,-2.86%,"1,795",15.6倍,3.14倍,1.47%
20260728,514,インフォＭＴ,2492,東P,,549,-1,-0.18%,"1,792",47.3倍,4.96倍,1.20%
20260728,515,ＡＬＳＯＫ,2331,東P,,"1,197.0",+22.0,+1.87%,"1,791",15.6倍,1.52倍,2.76%
20260728,516,サンケン,6707,東P,,"8,311",-543,-6.13%,"1,776",166倍,1.38倍,ー%
20260728,517,明電舎,6508,東P,,"8,370",-680,-7.51%,"1,768",17.3倍,2.17倍,ー%
20260728,518,山口ＦＧ,8418,東P,,"3,058.0",-114.0,-3.59%,"1,766",13.7倍,0.92倍,3.14%
20260728,519,アズビル,6845,東P,,"1,638.0",-39.5,-2.35%,"1,765",23.3倍,3.25倍,3.05%
20260728,520,北海電,9509,東P,,"1,021.0",-11.0,-1.07%,"1,761",10.2倍,0.51倍,3.23%
20260728,521,日清粉Ｇ,2002,東P,,"2,106.5",+32.0,+1.54%,"1,752",14.4倍,1.14倍,3.09%
20260728,522,日本空港ビル,9706,東P,,"5,613",+13,+0.23%,"1,748",21.5倍,2.48倍,1.69%
20260728,523,中国電,9504,東P,,947.9,-3.1,-0.33%,"1,741",11.0倍,0.44倍,3.16%
20260728,524,上組,9364,東P,,"5,248",+10,+0.19%,"1,738",19.0倍,1.31倍,3.91%
20260728,525,電通総研,4812,東P,,"2,708",-2,-0.07%,"1,733",29.4倍,5.24倍,1.66%
20260728,526,ビプロジー,8056,東P,,"4,923",+60,+1.23%,"1,725",14.8倍,2.66倍,2.84%
20260728,527,竹内製作所,6432,東P,,"7,430",-340,-4.38%,"1,722",13.3倍,1.84倍,2.96%
20260728,528,名鉄,9048,東P,,"1,945.0",-5.0,-0.26%,"1,700",9.78倍,0.79倍,3.08%
20260728,529,大気社,1979,東P,,"4,375",-140,-3.10%,"1,690",15.3倍,1.71倍,2.72%
20260728,530,ゼオン,4205,東P,,"2,182.5",-74.5,-3.30%,"1,681",11.6倍,1.11倍,3.62%
20260728,531,ジャパンエン,6016,東S,,"9,390",-300,-3.10%,"1,680",15.7倍,4.28倍,1.06%
20260728,532,ウシオ電,6925,東P,,"3,823",-319,-7.70%,"1,678",28.9倍,1.53倍,1.83%
20260728,533,上場半導体株,213A,東Ｅ,,364.4,-52.0,-12.49%,"1,676",ー倍,ー倍,ー%
20260728,534,テスＨＤ,5074,東P,,659,-46,-6.52%,"1,674",25.9倍,0.94倍,1.23%
20260728,535,ユニチカ,3103,東S,,826,-33,-3.84%,"1,666",10.1倍,1.42倍,ー%
20260728,536,クラフティア,1959,東P,,"8,945",-157,-1.72%,"1,643",15.6倍,1.82倍,2.46%
20260728,537,ライオン,4912,東P,,"1,724.5",+35.5,+2.10%,"1,641",19.1倍,1.48倍,1.97%
20260728,538,トヨタ紡織,3116,東P,,"2,313.5",-13.5,-0.58%,"1,626",8.61倍,0.85倍,3.72%
20260728,539,ホテルリート,8985,東Ｒ,,"82,200",-600,-0.72%,"1,619",9.36倍,1.66倍,6.79%
20260728,540,カシオ,6952,東P,,"1,728.0",-47.0,-2.65%,"1,618",20.7倍,1.63倍,ー%
20260728,541,近鉄ＧＨＤ,9041,東P,,"3,563.0",+34.0,+0.96%,"1,609",14.4倍,1.11倍,1.96%
20260728,542,グリコ,2206,東P,,"5,132",-8,-0.16%,"1,607",31.5倍,1.14倍,1.85%
20260728,543,ＴＢＳＨＤ,9401,東P,,"6,277",-38,-0.60%,"1,605",20.0倍,0.86倍,1.59%
20260728,544,Ｊマテリアル,6055,東P,,"2,103",-197,-8.57%,"1,591",20.0倍,3.45倍,1.66%
20260728,545,三浦工,6005,東P,,"3,168.0",-84.0,-2.58%,"1,588",12.9倍,1.51倍,2.34%
20260728,546,ウエストＨＤ,1407,東S,,"2,634",-149,-5.35%,"1,584",15.8倍,2.98倍,2.66%
20260728,547,チャットプラ,598A,東G,,"1,589",-72,-4.33%,"1,579",23.0倍,10.7倍,0.19%
20260728,548,関電化,4047,東P,,"2,521",-261,-9.38%,"1,573",21.3倍,2.00倍,1.43%
20260728,549,トライアル,141A,東G,,"3,045",+20,+0.66%,"1,566",748倍,2.86倍,0.53%
20260728,550,大垣共立,8361,東P,,"7,850",-380,-4.62%,"1,566",15.7倍,0.89倍,1.91%
20260728,551,純銀信託,1542,東Ｅ,,"27,260","-1,005",-3.56%,"1,563",ー倍,ー倍,ー%
20260728,552,ＵＡＣＪ,5741,東P,,"2,276",-115,-4.81%,"1,544",14.7倍,1.19倍,2.55%
20260728,553,Ｓｙｎｓ,290A,東G,,"1,100",-40,-3.51%,"1,542",55.7倍,4.07倍,ー%
20260728,554,東京センチュ,8439,東P,,"2,683.5",-24.0,-0.89%,"1,538",10.7倍,1.17倍,3.35%
20260728,555,京阪ＨＤ,9045,東P,,"3,359.0",+64.0,+1.94%,"1,519",11.7倍,0.99倍,2.56%
20260728,556,野村銀行１７,1631,東Ｅ,,"40,530","-1,710",-4.05%,"1,508",ー倍,ー倍,ー%
20260728,557,トムソン,6480,東P,,"1,613",-163,-9.18%,"1,507",16.6倍,1.35倍,1.98%
20260728,558,マネックスＧ,8698,東P,,712,-31,-4.17%,"1,505",ー倍,1.42倍,4.33%
20260728,559,三機工,1961,東P,,"2,338",-134,-5.42%,"1,482",14.1倍,2.95倍,2.78%
20260728,560,ダイダン,1980,東P,,"2,566",-62,-2.36%,"1,481",12.2倍,2.54倍,3.31%
20260728,561,邦ガス,9533,東P,,"1,207.5",-7.5,-0.62%,"1,475",18.8倍,0.87倍,1.86%
20260728,562,ＧＬＰ,3281,東Ｒ,,"146,500",+600,+0.41%,"1,463",ー倍,1.55倍,4.53%
20260728,563,コーセーＨＤ,4922,東P,,"5,795",+39,+0.68%,"1,462",27.2倍,1.18倍,2.59%
20260728,564,中国塗,4617,東P,,"3,780",+35,+0.93%,"1,451",17.1倍,1.96倍,2.65%
20260728,565,リンテック,7966,東P,,"6,120",-440,-6.71%,"1,446",20.6倍,1.56倍,1.96%
20260728,566,北陸電工,1930,東P,,"1,475",-163,-9.95%,"1,442",9.90倍,0.88倍,3.25%
20260728,567,岩谷産,8088,東P,,"1,969.5",-34.5,-1.72%,"1,425",9.97倍,1.04倍,2.39%
20260728,568,アスタリスク,6522,東G,,"1,459",-168,-10.33%,"1,415",181倍,6.19倍,ー%
20260728,569,ＰＩＬＬＡＲ,6490,東P,,"9,030",-920,-9.25%,"1,407",19.3倍,2.60倍,2.08%
20260728,570,長瀬産,8012,東P,,"1,142.5",-57.5,-4.79%,"1,387",13.5倍,1.10倍,2.36%
20260728,571,ＵＮＥＸＴ,9418,東P,,"1,742",+22,+1.28%,"1,376",17.0倍,2.94倍,0.98%
20260728,572,山梨銀,8360,東P,,"6,900",-360,-4.96%,"1,361",16.9倍,0.91倍,2.36%
20260728,573,ショーボンド,1414,東P,,"1,330.0",+10.0,+0.76%,"1,357",17.4倍,2.56倍,3.42%
20260728,574,ｉＳＴＰＸ,1475,東Ｅ,,411.2,-11.0,-2.61%,"1,355",ー倍,ー倍,ー%
20260728,575,キヤノンＭＪ,8060,東P,,"3,547.0",-10.0,-0.28%,"1,352",16.6倍,1.88倍,2.68%
20260728,576,寿スピリッツ,2222,東P,,"2,554.0",+41.0,+1.63%,"1,351",28.6倍,8.23倍,1.37%
20260728,577,森永乳,2264,東P,,"1,270.0",+1.0,+0.08%,"1,349",20.5倍,1.49倍,1.97%
20260728,578,エクセディ,7278,東P,,"6,140",+30,+0.49%,"1,348",15.9倍,1.15倍,5.70%
20260728,579,堺化学,4078,東P,,"3,870",-195,-4.80%,"1,347",14.8倍,0.84倍,4.13%
20260728,580,ビジョナル,4194,東P,,"9,000",-60,-0.66%,"1,343",22.6倍,4.46倍,ー%
20260728,581,ノジマ,7419,東P,,"1,461",+18,+1.25%,"1,338",8.81倍,1.74倍,1.37%
20260728,582,リンナイ,5947,東P,,"3,685.0",+29.0,+0.79%,"1,329",14.0倍,1.16倍,2.88%
20260728,583,パーク２４,4666,東P,,"2,020.0",+6.5,+0.32%,"1,326",7.84倍,3.12倍,3.22%
20260728,584,筑波銀,8338,東P,,660,-30,-4.35%,"1,321",8.22倍,0.77倍,0.76%
20260728,585,日本駐車場,2353,東P,,262,-2,-0.76%,"1,320",14.3倍,4.18倍,3.44%
20260728,586,あいちＦＧ,7389,東P,,"1,823",-52,-2.77%,"1,319",19.3倍,1.03倍,1.65%
20260728,587,アインＨＤ,9627,東P,,"6,013",+118,+2.00%,"1,319",14.1倍,1.33倍,1.66%
20260728,588,大阪チタ,5726,東P,,"2,651",-29,-1.08%,"1,315",54.2倍,2.20倍,0.49%
20260728,589,アドバンスＲ,3269,東Ｒ,,"152,700","+1,600",+1.06%,"1,314",ー倍,1.77倍,4.14%
20260728,590,飯田ＧＨＤ,3291,東P,,"2,340.5",+6.5,+0.28%,"1,312",9.87倍,0.63倍,3.93%
20260728,591,三菱倉,9301,東P,,"1,633.5",-3.5,-0.21%,"1,310",24.2倍,1.47倍,2.69%
20260728,592,Ｏｎｅ２２５,1369,東Ｅ,,"62,680","-2,760",-4.22%,"1,306",ー倍,ー倍,ー%
20260728,593,高度紙,3891,東S,,"6,050",-790,-11.55%,"1,292",19.9倍,2.44倍,1.82%
20260728,594,日テレＨＤ,9404,東P,,"2,967.5",+35.5,+1.21%,"1,291",14.1倍,0.73倍,1.52%
20260728,595,タイミー,215A,東G,,"1,414",-40,-2.75%,"1,278",21.8倍,8.83倍,ー%
20260728,596,オリックスＦ,8954,東Ｒ,,"103,800",0,0.00%,"1,276",ー倍,1.62倍,4.72%
20260728,597,戸田建,1860,東P,,"1,520.5",-23.5,-1.52%,"1,267",12.9倍,1.15倍,3.95%
20260728,598,ユアテック,1934,東P,,"2,442",+58,+2.43%,"1,267",12.7倍,1.09倍,3.19%
20260728,599,東映,9605,東P,,"5,990",-10,-0.17%,"1,259",29.7倍,1.29倍,0.20%
20260728,600,メイテックＧ,9744,東P,,"3,354.0",+44.0,+1.33%,"1,259",18.6倍,5.31倍,5.40%
20260728,601,Ｊエレベータ,6544,東P,,"1,692.5",+3.5,+0.21%,"1,256",36.9倍,12.3倍,ー%
20260728,602,ＭＸ日半導体,221A,東Ｅ,,"1,035.5",-142.0,-12.06%,"1,248",ー倍,ー倍,ー%
20260728,603,日本Ｍ＆Ａ,2127,東P,,679.9,-1.2,-0.18%,"1,247",16.1倍,4.30倍,4.27%
20260728,604,ＦＩＧ,4392,東P,,891,-58,-6.11%,"1,246",44.5倍,3.45倍,1.12%
20260728,605,ケーズＨＤ,8282,東P,,"1,922.0",+22.5,+1.18%,"1,245",14.9倍,1.19倍,2.50%
20260728,606,オカムラ,7994,東P,,"2,329",-17,-0.72%,"1,240",10.5倍,1.08倍,4.51%
20260728,607,ＮＴＮ,6472,東P,,367.3,-13.4,-3.52%,"1,234",14.6倍,0.74倍,3.54%
20260728,608,Ｈ２Ｏリテイ,8242,東P,,"2,884.5",+31.5,+1.10%,"1,230",14.2倍,1.06倍,1.66%
20260728,609,小林製薬,4967,東P,,"5,649",+62,+1.11%,"1,229",42.0倍,2.02倍,1.88%
20260728,610,クレハ,4023,東P,,"4,255",-100,-2.30%,"1,222",21.7倍,0.98倍,5.08%
20260728,611,住友大阪,5232,東P,,"5,568",-136,-2.38%,"1,218",17.7倍,0.90倍,2.16%
20260728,612,フューチャー,4722,東P,,"2,340",-28,-1.18%,"1,211",17.6倍,3.28倍,2.05%
20260728,613,四国電,9507,東P,,"1,591.0",-22.0,-1.36%,"1,210",10.8倍,0.69倍,3.46%
20260728,614,ＷＴＩ原油,1671,東Ｅ,,"5,169",-58,-1.11%,"1,196",ー倍,ー倍,ー%
20260728,615,ｉＳ米国株,1655,東Ｅ,,873.2,-10.6,-1.20%,"1,189",ー倍,ー倍,ー%
20260728,616,日本光電,6849,東P,,"1,613.0",+13.0,+0.81%,"1,189",17.2倍,1.44倍,2.05%
20260728,617,東光高岳,6617,東P,,"7,180",-710,-9.00%,"1,187",11.3倍,1.67倍,1.87%
20260728,618,帝人,3401,東P,,"1,681.0",-52.5,-3.03%,"1,183",7.21倍,0.89倍,2.97%
20260728,619,コロワイド,7616,東P,,"2,022.0",+33.5,+1.68%,"1,180",102倍,3.13倍,0.25%
20260728,620,メガチップス,6875,東P,,"9,100",-380,-4.01%,"1,172",3.86倍,0.69倍,2.86%
20260728,621,宝ＨＬＤ,2531,東P,,"2,118.5",-67.0,-3.07%,"1,166",34.1倍,1.56倍,1.46%
20260728,622,産業ファンド,3249,東Ｒ,,"149,200","+1,100",+0.74%,"1,163",ー倍,1.52倍,5.36%
20260728,623,ＪＳＨ,150A,東G,,447,-90,-16.76%,"1,161",13.2倍,1.31倍,ー%
20260728,624,ＪＭＤＣ,4483,東P,,"3,210",-85,-2.58%,"1,152",29.6倍,2.51倍,ー%
20260728,625,イワキポンプ,6237,東P,,"4,855",-285,-5.54%,"1,151",20.9倍,2.60倍,1.89%
20260728,626,上場東証指数,1308,東Ｅ,,"4,082",-101,-2.41%,"1,147",ー倍,ー倍,ー%
20260728,627,山洋電,6516,東P,,"5,410",-310,-5.42%,"1,145",16.0倍,1.50倍,3.14%
20260728,628,南都銀,8367,東P,,"1,894",-55,-2.82%,"1,143",13.5倍,0.99倍,2.96%
20260728,629,ニッコンＨＤ,9072,東P,,"5,021",-73,-1.43%,"1,142",26.4倍,2.48倍,2.23%
20260728,630,マルマエ,6264,東P,,"1,830",-169,-8.45%,"1,137",15.7倍,3.42倍,2.46%
20260728,631,サイボウズ,4776,東P,,"2,659",+34,+1.30%,"1,137",16.1倍,6.83倍,1.88%
20260728,632,伊藤園,2593,東P,,"3,097.0",+25.0,+0.81%,"1,136",32.5倍,2.03倍,1.68%
20260728,633,アルフレッサ,2784,東P,,"2,414.0",+5.0,+0.21%,"1,135",20.4倍,0.83倍,2.94%
20260728,634,野村ナスＨ無,1545,東Ｅ,,229.7,-6.2,-2.63%,"1,131",ー倍,ー倍,ー%
20260728,635,石原産,4028,東P,,"2,898",-127,-4.20%,"1,125",12.2倍,0.86倍,4.49%
20260728,636,ＡＣＳＬ,6232,東G,,"1,544",-146,-8.64%,"1,125",ー倍,10.8倍,ー%
20260728,637,全国保証,7164,東P,,"3,158.0",+25.0,+0.80%,"1,109",12.8倍,1.71倍,3.89%
20260728,638,日触媒,4114,東P,,"2,150.0",-33.0,-1.51%,"1,107",ー倍,0.80倍,ー%
20260728,639,テラプローブ,6627,東S,,"9,710","-1,150",-10.59%,"1,105",ー倍,2.17倍,ー%
20260728,640,オンコリス,4588,東G,,"2,491",-81,-3.15%,"1,102",ー倍,20.4倍,ー%
20260728,641,熊谷組,1861,東P,,"1,448",-21,-1.43%,"1,102",12.1倍,1.31倍,3.45%
20260728,642,日本紙,3863,東P,,"1,505",+3,+0.20%,"1,101",17.4倍,0.34倍,1.00%
20260728,643,博報堂ＤＹ,2433,東P,,"1,315.0",+10.5,+0.80%,"1,101",18.2倍,1.21倍,2.43%
20260728,644,アイズ,5242,東G,,"2,323",-386,-14.25%,"1,100",796倍,3.97倍,ー%
20260728,645,フリー,4478,東G,,"2,563",+13,+0.51%,"1,098",ー倍,7.52倍,ー%
20260728,646,オプトラン,6235,東P,,"2,929",-316,-9.74%,"1,098",20.9倍,1.45倍,1.91%
20260728,647,平田機工,6258,東P,,"2,731",-218,-7.39%,"1,096",12.9倍,1.09倍,2.75%
20260728,648,ＭＸ米株ＳＰ,2558,東Ｅ,,"3,476",-32,-0.91%,"1,091",ー倍,ー倍,ー%
20260728,649,ジェイエイシ,2124,東P,,952,+4,+0.42%,"1,090",17.6倍,7.60倍,3.99%
20260728,650,カナデビア,7004,東P,,"1,191",-31,-2.54%,"1,088",9.54倍,1.02倍,3.19%
20260728,651,東映アニメ,4816,東S,,"2,902",+32,+1.11%,"1,086",32.8倍,3.47倍,1.52%
20260728,652,ダイワボウ,3107,東P,,"3,594.0",-5.0,-0.14%,"1,085",12.3倍,1.83倍,3.06%
20260728,653,タムラ,6768,東P,,810,-75,-8.47%,"1,084",14.3倍,1.03倍,1.98%
20260728,654,ｉＦＴＰ年１,1305,東Ｅ,,"4,178",-103,-2.41%,"1,074",ー倍,ー倍,ー%
20260728,655,ＭＩＸＩ,2121,東P,,"2,929",+45,+1.56%,"1,073",14.2倍,1.05倍,4.27%
20260728,656,ＮＳＤ,9759,東P,,"2,838.0",+31.0,+1.10%,"1,065",16.4倍,2.92倍,3.42%
20260728,657,伊藤米久ＨＤ,2296,東P,,"5,010",+65,+1.31%,"1,061",15.4倍,0.96倍,3.09%
20260728,658,カネカ,4118,東P,,"5,738",-148,-2.51%,"1,059",11.0倍,0.69倍,3.66%
20260728,659,日化薬,4272,東P,,"1,944.5",-43.0,-2.16%,"1,058",12.8倍,1.03倍,3.39%
20260728,660,リゾートトラ,4681,東P,,"1,794.0",+30.0,+1.70%,"1,051",18.2倍,2.38倍,2.01%
20260728,661,プロロジスＲ,3283,東Ｒ,,"92,600",-200,-0.22%,"1,051",ー倍,1.56倍,4.19%
20260728,662,ミライトワン,1417,東P,,"3,611.0",-62.0,-1.69%,"1,041",12.5倍,1.14倍,2.63%
20260728,663,古河機金,5715,東P,,"3,515",-195,-5.26%,"1,036",22.4倍,0.77倍,2.28%
20260728,664,大分銀,8392,東P,,"2,749",-129,-4.48%,"1,036",17.0倍,0.85倍,1.82%
20260728,665,丹青社,9743,東P,,"1,444",+6,+0.42%,"1,030",12.0倍,1.81倍,5.54%
20260728,666,東洋紡,3101,東P,,"1,538",-74,-4.59%,"1,029",ー倍,0.64倍,ー%
20260728,667,ＮＳＳＯＬ,2327,東P,,"3,928",+24,+0.61%,"1,023",22.8倍,2.57倍,2.21%
20260728,668,北陸電,9505,東P,,955.2,-11.3,-1.17%,"1,018",7.98倍,0.44倍,2.62%
20260728,669,不二越,6474,東P,,"5,330",-480,-8.26%,"1,017",15.5倍,0.65倍,2.06%
20260728,670,日本化,4092,東P,,"5,050",-330,-6.13%,"1,013",14.6倍,0.87倍,ー%
20260728,671,安藤ハザマ,1719,東P,,"1,831.0",-7.5,-0.41%,"1,011",12.9倍,1.38倍,4.59%
20260728,672,十六ＦＧ,7380,東P,,"2,507",-69,-2.68%,"1,009",14.8倍,0.95倍,2.11%
20260728,673,ペプドリ,4587,東P,,930.3,-25.5,-2.67%,"1,008",39.8倍,2.40倍,ー%
20260728,674,新日本空調,1952,東P,,"3,340",-110,-3.19%,"1,005",11.9倍,1.84倍,3.59%
20260728,675,不二製油,2607,東P,,"3,984",+68,+1.74%,"1,003",17.6倍,1.43倍,1.56%
20260728,676,カルビー,2229,東P,,"3,061.0",+63.0,+2.10%,999,21.4倍,1.77倍,2.25%
20260728,677,アイカ,4206,東P,,"3,722",+19,+0.51%,994,12.7倍,1.24倍,3.76%
20260728,678,大平金,5541,東P,,"2,361",-52,-2.15%,993,260倍,0.65倍,5.51%
20260728,679,ソディック,6143,東P,,"1,593",-136,-7.87%,989,15.6倍,0.86倍,2.20%
20260728,680,ポーラＨＤ,4927,東P,,"1,357.5",+20.5,+1.53%,985,33.4倍,1.90倍,3.83%
20260728,681,ＵＴ,2146,東P,,184,-1,-0.54%,981,17.1倍,4.14倍,5.56%
20260728,682,信越ポリ,7970,東P,,"2,153",-104,-4.61%,980,16.5倍,1.33倍,3.07%
20260728,683,ジャフコＧ,8595,東P,,"2,253.0",-20.5,-0.90%,974,ー倍,0.89倍,5.90%
20260728,684,クリレスＨＤ,3387,東P,,791,+10,+1.28%,971,62.6倍,7.85倍,0.63%
20260728,685,大有機,4187,東P,,"4,565",-625,-12.04%,967,17.9倍,1.71倍,1.88%
20260728,686,ノースサンド,446A,東G,,"1,574",+48,+3.15%,967,17.0倍,6.10倍,2.10%
20260728,687,日軽金ＨＤ,5703,東P,,"2,621",-64,-2.38%,966,9.78倍,0.65倍,3.82%
20260728,688,ビックカメラ,3048,東P,,"1,790.0",+31.0,+1.76%,964,16.7倍,1.69倍,2.40%
20260728,689,コメダ,3543,東P,,"2,897",+10,+0.35%,961,19.1倍,2.62倍,2.14%
20260728,690,日ガス,8174,東P,,"2,933.0",+8.5,+0.29%,955,22.3倍,4.66倍,3.75%
20260728,691,エクサＷｉｚ,4259,東G,,788,-29,-3.55%,954,ー倍,16.5倍,0.63%
20260728,692,サクシード,9256,東G,Ｓ,"1,846",-500,-21.31%,953,25.4倍,2.54倍,0.87%
20260728,693,カカクコム,2371,東P,,"3,650.0",-31.0,-0.84%,950,34.9倍,11.1倍,ー%
20260728,694,東邦銀,8346,東P,,898,-39,-4.16%,949,17.3倍,1.03倍,2.34%
20260728,695,ちゅうぎんＦ,5832,東P,,"3,368.0",-96.0,-2.77%,945,13.3倍,0.96倍,3.03%
20260728,696,湖北工業,6524,東S,,"4,130",-380,-8.43%,945,30.3倍,4.51倍,0.97%
20260728,697,野村マスター,3462,東Ｒ,,"156,100",-300,-0.19%,939,ー倍,1.21倍,4.73%
20260728,698,百十四,8386,東P,,"2,924",-76,-2.53%,938,15.8倍,0.86倍,2.39%
20260728,699,東京製鉄,5423,東P,,"1,784",+42,+2.41%,936,182倍,0.84倍,2.24%
20260728,700,東洋合成,4970,東S,,"12,540","-2,460",-16.40%,932,31.1倍,3.63倍,0.40%
20260728,701,兼松,8020,東P,,"2,086.5",-47.0,-2.20%,928,9.92倍,1.67倍,3.35%
20260728,702,日本高純度,4973,東P,,"4,305",-160,-3.58%,927,11.5倍,1.13倍,5.34%
20260728,703,ニプロ,8086,東P,,"1,627.0",-1.0,-0.06%,926,17.7倍,0.97倍,1.97%
20260728,704,ＬｉＮＫＸ,584A,東G,,"2,240",-434,-16.23%,926,68.9倍,10.3倍,ー%
20260728,705,コクヨ,7984,東P,,882.3,-0.8,-0.09%,925,18.3倍,1.44倍,2.78%
20260728,706,ＨＵグループ,4544,東P,,"3,472.0",+38.0,+1.11%,920,38.2倍,1.39倍,3.60%
20260728,707,ウイングアク,4432,東P,,"3,055",+95,+3.21%,915,14.3倍,2.33倍,3.54%
20260728,708,スズケン,9987,東P,,"5,282",+34,+0.65%,911,14.3倍,0.86倍,2.27%
20260728,709,カゴメ,2811,東P,,"2,796.5",+42.5,+1.54%,910,18.9倍,1.34倍,2.07%
20260728,710,ｉＦ高配５０,354A,東Ｅ,,"3,268",-12,-0.37%,909,ー倍,ー倍,ー%
20260728,711,ｉＳＪリート,1476,東Ｅ,,"1,956",+14,+0.72%,907,ー倍,ー倍,ー%
20260728,712,ＮＡＮＫＡＩ,9044,東P,,"3,080.0",+16.0,+0.52%,907,14.0倍,1.00倍,1.79%
20260728,713,Ｊｏｓｈｉｎ,8173,東P,,"4,040",+130,+3.32%,907,29.9倍,0.99倍,2.48%
20260728,714,ＧＬテクノ,255A,東S,,"5,350",-400,-6.96%,903,12.6倍,1.39倍,2.36%
20260728,715,栄研化,4549,東P,,"2,462",-78,-3.07%,896,39.2倍,1.85倍,2.36%
20260728,716,武蔵銀,8336,東P,,"2,706",-107,-3.80%,894,13.5倍,0.94倍,3.03%
20260728,717,ノーリツ鋼機,7744,東P,,"1,964",-22,-1.11%,887,12.4倍,0.91倍,3.82%
20260728,718,名古屋銀,8522,東P,,"6,730",-260,-3.72%,883,14.4倍,1.06倍,2.97%
20260728,719,日本アビオ,6946,東S,,"4,975",-315,-5.95%,879,17.5倍,4.57倍,0.30%
20260728,720,三井不アコモ,3226,東Ｒ,,"124,300","+1,400",+1.14%,878,ー倍,2.05倍,3.86%
20260728,721,サンコール,5985,東S,,"1,161",-80,-6.45%,878,8.37倍,1.03倍,2.58%
20260728,722,ゴルドウイン,8111,東P,,"2,372.0",+17.5,+0.74%,878,12.7倍,2.51倍,2.95%
20260728,723,Ｊプライム,8955,東Ｒ,,"98,700",-100,-0.10%,874,ー倍,1.40倍,4.33%
20260728,724,洋缶ＨＤ,5901,東P,,"4,150",+4,+0.10%,872,20.8倍,0.90倍,4.48%
20260728,725,Ａｐｐｉｅｒ,4180,東P,,910,-3,-0.33%,869,26.8倍,2.46倍,0.25%
20260728,726,シップＨＤ,3360,東P,,"2,509.5",+8.0,+0.32%,868,14.4倍,1.52倍,2.59%
20260728,727,サンバイオ,4592,東G,,926,-40,-4.14%,868,ー倍,5.82倍,ー%
20260728,728,松屋,8237,東P,,"1,812",+34,+1.91%,859,184倍,3.52倍,0.66%
20260728,729,インソース,6200,東P,,760,+8,+1.06%,859,14.5倍,4.73倍,4.61%
20260728,730,横河ブＨＤ,5911,東P,,"2,943",-62,-2.06%,858,14.1倍,0.88倍,4.42%
20260728,731,秋田銀,8343,東P,,"7,590",-260,-3.31%,855,15.9倍,0.76倍,2.64%
20260728,732,リログループ,8876,東P,,"2,046.0",-17.5,-0.85%,853,13.8倍,3.66倍,3.67%
20260728,733,パークシャ,3993,東P,,"2,763",-38,-1.36%,850,30.0倍,2.39倍,ー%
20260728,734,ＳＢＩＧＡＭ,4765,東P,,588,+14,+2.44%,849,ー倍,2.52倍,ー%
20260728,735,ＰＡＬＴＡＣ,8283,東P,,"6,640",+20,+0.30%,847,ー倍,1.33倍,ー%
20260728,736,東洋炭素,5310,東P,,"6,350",-530,-7.70%,840,26.6倍,1.39倍,2.28%
20260728,737,ヨネックス,7906,東S,,"2,619",+6,+0.23%,839,17.0倍,2.78倍,1.07%
20260728,738,ノリタケ,5331,東P,,"3,280",-205,-5.88%,838,12.4倍,1.08倍,3.05%
20260728,739,ハウスリート,8984,東Ｒ,,"126,000",+700,+0.56%,838,ー倍,1.16倍,4.63%
20260728,740,グンゼ,3002,東P,,"4,065",0,0.00%,830,24.5倍,1.14倍,5.31%
20260728,741,旭ダイヤ,6140,東P,,"1,073",-69,-6.04%,830,19.9倍,0.83倍,3.17%
20260728,742,テクノフレ,3449,東S,,"4,250",-470,-9.96%,826,19.0倍,2.96倍,1.51%
20260728,743,丸一管,5463,東P,,"1,800.0",-29.5,-1.61%,822,15.5倍,1.14倍,2.89%
20260728,744,山陰合銀,8381,東P,,"2,478",-69,-2.71%,819,14.6倍,1.16倍,2.74%
20260728,745,芙蓉リース,8424,東P,,"4,482",-38,-0.84%,816,8.42倍,0.80倍,3.84%
20260728,746,紀陽銀,8370,東P,,"4,900",-110,-2.20%,814,12.6倍,1.28倍,3.18%
20260728,747,ＡＰＩ,3279,東Ｒ,,"142,900",+300,+0.21%,812,ー倍,1.26倍,4.59%
20260728,748,ハウス食Ｇ,2810,東P,,"4,018",+30,+0.75%,811,21.2倍,1.23倍,2.49%
20260728,749,地盤ＨＤ,6072,東S,,872,-12,-1.36%,809,ー倍,13.6倍,ー%
20260728,750,富山第一銀,7184,東P,,"3,090",-105,-3.29%,808,14.5倍,0.95倍,2.43%
20260728,751,セイノーＨＤ,9076,東P,,"2,725.0",+17.5,+0.65%,805,16.1倍,1.00倍,3.82%
20260728,752,ハイパー,3054,東S,,276,+31,+12.65%,805,11.1倍,0.86倍,2.54%
20260728,753,日本ロジ,8967,東Ｒ,,"101,900",+600,+0.59%,803,ー倍,1.98倍,4.64%
20260728,754,トモニＨＤ,8600,東P,,"1,037",-13,-1.24%,803,11.2倍,0.68倍,2.89%
20260728,755,積水ハウスＲ,3309,東Ｒ,,"76,700",-300,-0.39%,800,ー倍,1.14倍,4.98%
20260728,756,サムコ,6387,東P,,"8,370",-950,-10.19%,793,35.0倍,4.59倍,0.90%
20260728,757,ＭＸ全世界株,2559,東Ｅ,,"2,969",-24,-0.80%,792,ー倍,ー倍,ー%
20260728,758,みずほリース,8425,東P,,"1,338",-7,-0.52%,783,7.21倍,0.88倍,3.89%
20260728,759,ｉＦＲＥＩＴ,1488,東Ｅ,,"1,946",-2,-0.10%,780,ー倍,ー倍,ー%
20260728,760,東エレデバ,2760,東P,,"3,705",-200,-5.12%,780,13.9倍,2.07倍,2.91%
20260728,761,フィナＨＤ,4419,東G,,"1,591",+22,+1.40%,777,35.6倍,7.85倍,ー%
20260728,762,バイセル,7685,東G,,"3,080",+5,+0.16%,776,20.3倍,8.11倍,0.71%
20260728,763,三十三ＦＧ,7322,東P,,"1,978",-76,-3.70%,766,13.7倍,0.89倍,2.22%
20260728,764,キッツ,6498,東P,,"2,113",-177,-7.73%,765,14.5倍,1.53倍,2.79%
20260728,765,レノバ,9519,東P,,983,-46,-4.47%,764,26.1倍,0.72倍,ー%
20260728,766,ＰＡコンサル,4071,東P,,"2,305",+38,+1.68%,753,18.8倍,6.08倍,2.17%
20260728,767,イオンリート,3292,東Ｒ,,"128,000","+1,500",+1.19%,752,ー倍,1.11倍,5.30%
20260728,768,阪和興,8078,東P,,"1,698",-36,-2.08%,751,8.21倍,0.77倍,3.89%
20260728,769,森ヒルズＲ,3234,東Ｒ,,"134,300",+100,+0.07%,747,ー倍,1.24倍,4.62%
20260728,770,ＤＴＳ,9682,東P,,"1,131",+12,+1.07%,747,15.2倍,2.79倍,3.36%
20260728,771,グローリー,6457,東P,,"4,486",-26,-0.58%,746,11.9倍,1.09倍,3.43%
20260728,772,レオパレス,8848,東P,,669,+5,+0.75%,745,9.57倍,5.23倍,2.24%
20260728,773,大阪ソーダ,4046,東P,,"1,770",-97,-5.20%,744,15.8倍,1.67倍,1.58%
20260728,774,コスピブル,2033,東EN,,"63,940","-14,280",-18.26%,744,ー倍,ー倍,ー%
20260728,775,相鉄ＨＤ,9003,東P,,"2,663.5",+34.0,+1.29%,737,11.6倍,1.26倍,2.63%
20260728,776,セリア,2782,東S,,"3,845",+60,+1.59%,736,16.3倍,2.60倍,2.08%
20260728,777,Ｊトラスト,8508,東S,,791,-38,-4.58%,735,12.9倍,0.65倍,2.15%
20260728,778,栃木銀,8550,東P,,"1,011",-47,-4.44%,734,11.7倍,0.64倍,2.97%
20260728,779,大和オフィス,8976,東Ｒ,,"345,500","-1,000",-0.29%,732,ー倍,1.33倍,4.15%
20260728,780,ノエビアＨＤ,4928,東P,,"4,830",+45,+0.94%,731,20.1倍,3.38倍,4.76%
20260728,781,三井不商業,8964,東Ｒ,,"83,000",0,0.00%,728,ー倍,1.28倍,5.30%
20260728,782,伊勢化,4107,東S,,"3,520",-155,-4.22%,728,33.2倍,4.44倍,1.14%
20260728,783,三井不ロジ,3471,東Ｒ,,"112,600",+300,+0.27%,727,ー倍,1.12倍,4.45%
20260728,784,岩井コスモ,8707,東P,,"4,135",-185,-4.28%,724,ー倍,1.31倍,ー%
20260728,785,ＩＤＯＭ,7599,東P,,"1,330",+5,+0.38%,721,9.40倍,1.49倍,3.19%
20260728,786,アコム,8572,東S,,488.6,-5.0,-1.01%,720,12.0倍,1.06倍,4.50%
20260728,787,サワイＧＨＤ,4887,東P,,"1,675.0",-4.0,-0.24%,716,10.4倍,1.08倍,3.34%
20260728,788,岩手銀,8345,東P,,"2,278",-85,-3.60%,714,15.7倍,0.81倍,2.55%
20260728,789,リベルタ,4935,東S,,258,-36,-12.24%,706,63.2倍,6.25倍,0.78%
20260728,790,ＦＰＧ,7148,東P,,"1,614",-12,-0.74%,706,8.71倍,2.26倍,5.74%
20260728,791,リョー菱ＨＤ,167A,東P,,"2,825",-34,-1.19%,706,ー倍,0.83倍,4.96%
20260728,792,ベクトル,6058,東P,,"1,780",-29,-1.60%,703,15.2倍,3.81倍,2.02%
20260728,793,アクセルＨＤ,402A,東G,,449,-17,-3.65%,701,ー倍,4.29倍,ー%
20260728,794,ＲＹＯＤＥＮ,8084,東P,,"4,080",+155,+3.95%,700,14.6倍,0.93倍,4.17%
20260728,795,東邦ＨＤ,8129,東P,,"4,220",+1,+0.02%,700,21.2倍,1.01倍,4.27%
20260728,796,エフピコ,7947,東P,,"2,607",-31,-1.18%,699,ー倍,1.28倍,2.80%
20260728,797,綜研化学,4972,東S,,"3,040",-55,-1.78%,699,11.7倍,1.22倍,ー%
20260728,798,ラサールロジ,3466,東Ｒ,,"153,800",+500,+0.33%,699,ー倍,1.25倍,5.25%
20260728,799,雪印メグ,2270,東P,,"3,875",+80,+2.11%,699,9.51倍,0.98倍,2.58%
20260728,800,東亜建,1885,東P,,"2,049",-39,-1.87%,698,10.9倍,1.36倍,3.76%
20260728,801,ＧＥＮＤＡ,9166,東G,,588,0,0.00%,696,ー倍,1.63倍,1.36%
20260728,802,コンフォリア,3282,東Ｒ,,"105,500","+1,000",+0.96%,696,ー倍,1.53倍,3.98%
20260728,803,芝浦機,6104,東P,,"4,560",-290,-5.98%,696,53.9倍,0.91倍,3.07%
20260728,804,エディオン,2730,東P,,"2,540",+23,+0.91%,692,17.1倍,1.15倍,1.97%
20260728,805,ＶＩＸＥＴＦ,318A,東Ｅ,,463.1,+21.1,+4.77%,690,ー倍,ー倍,ー%
20260728,806,宮崎銀,8393,東P,,"2,446",-107,-4.19%,688,14.2倍,0.92倍,2.29%
20260728,807,ＪＩＡ,7172,東P,,"2,097",-27,-1.27%,688,10.0倍,1.69倍,5.15%
20260728,808,椿本チ,6371,東P,,"2,642",-35,-1.31%,684,12.2倍,0.91倍,3.03%
20260728,809,センコーＨＤ,9069,東P,,"2,196.0",-9.5,-0.43%,684,15.7倍,1.62倍,2.55%
20260728,810,奥村組,1833,東P,,"5,850",0,0.00%,683,13.6倍,1.07倍,5.13%
20260728,811,物語コーポ,3097,東P,,"5,190",+40,+0.78%,683,26.9倍,4.51倍,0.77%
20260728,812,正興電,6653,東P,,"2,099",-137,-6.13%,679,11.4倍,1.45倍,2.86%
20260728,813,ハピネット,7552,東P,,"3,235",+100,+3.19%,678,13.3倍,2.34倍,ー%
20260728,814,西松屋チェ,7545,東P,,"2,004",+18,+0.91%,673,14.3倍,1.21倍,1.60%
20260728,815,ナカニシ,7716,東S,,"3,080",-115,-3.60%,671,22.9倍,2.21倍,1.95%
20260728,816,東海理,6995,東P,,"3,270",0,0.00%,669,13.9倍,0.80倍,3.67%
20260728,817,日清オイリオ,2602,東P,,"1,986",0,0.00%,666,15.1倍,0.86倍,3.02%
20260728,818,平和,6412,東P,,"2,108",+9,+0.43%,663,10.2倍,0.84倍,3.80%
20260728,819,ＣＣＩＧ,7381,東P,,"1,150",-35,-2.95%,661,15.0倍,1.04倍,2.61%
20260728,820,カーブスＨＤ,7085,東P,,977,+30,+3.17%,660,18.1倍,3.67倍,3.07%
20260728,821,オキサイド,6521,東G,,"2,925",-255,-8.02%,660,56.9倍,7.11倍,ー%
20260728,822,エスペック,6859,東P,,"3,945",-200,-4.83%,658,14.2倍,1.36倍,2.92%
20260728,823,三井倉ＨＤ,9302,東P,,"3,662.0",-3.0,-0.08%,656,21.9倍,1.92倍,1.37%
20260728,824,富士紡ＨＤ,3104,東P,,"3,650",-350,-8.75%,649,19.5倍,2.38倍,2.14%
20260728,825,ブロンコＢ,3091,東P,,"2,712",+70,+2.65%,644,31.1倍,3.55倍,0.74%
20260728,826,レスター,3156,東P,,"3,680",-25,-0.67%,644,10.4倍,1.11倍,3.67%
20260728,827,アイスペース,9348,東G,,408,-11,-2.63%,644,ー倍,3.96倍,ー%
20260728,828,航空電子,6807,東P,,"2,493",-53,-2.08%,643,28.0倍,1.17倍,2.01%
20260728,829,壱番屋,7630,東P,,937,+9,+0.97%,640,55.0倍,4.71倍,1.71%
20260728,830,Ａｉロボ,247A,東G,,794,-20,-2.46%,639,ー倍,8.53倍,ー%
20260728,831,西鉄,9031,東P,,"3,184.0",+13.0,+0.41%,639,10.7倍,0.85倍,2.83%
20260728,832,加賀電子,8154,東P,,"4,330",-145,-3.24%,636,10.3倍,1.12倍,3.23%
20260728,833,ディップ,2379,東P,,"1,857",+23,+1.25%,634,20.9倍,2.79倍,5.22%
20260728,834,ムニノバＨＤ,547A,東P,,445,-6,-1.33%,632,6.74倍,0.89倍,4.49%
20260728,835,Ｌドリンク,2585,東P,,"1,488",+21,+1.43%,631,18.4倍,4.70倍,1.01%
20260728,836,山形銀,8344,東P,,"4,020",-175,-4.17%,629,16.6倍,0.83倍,2.44%
20260728,837,ブシロード,7803,東G,,404,+10,+2.54%,628,11.9倍,1.99倍,0.62%
20260728,838,森永,2201,東P,,"2,726.5",+22.5,+0.83%,627,13.9倍,1.61倍,2.57%
20260728,839,ＪＭＨＤ,3539,東P,,"1,386",+16,+1.17%,627,10.1倍,1.47倍,1.73%
20260728,840,イオレ,2334,東G,,480,-30,-5.88%,626,16.3倍,5.92倍,ー%
20260728,841,やまびこ,6250,東P,,"3,830",-90,-2.30%,626,10.5倍,1.27倍,2.87%
20260728,842,ＴＫＣ,9746,東P,,"3,910",+95,+2.49%,625,15.8倍,1.77倍,2.81%
20260728,843,フクダ電,6960,東S,,"11,640",-270,-2.27%,625,17.8倍,1.67倍,1.98%
20260728,844,ＧＭＯインタ,4784,東P,,517,-7,-1.34%,624,26.7倍,11.5倍,4.16%
20260728,845,ワコム,6727,東P,,777,-12,-1.52%,624,10.3倍,2.76倍,3.09%
20260728,846,東合成,4045,東P,,"1,787.5",-14.0,-0.78%,623,16.4倍,0.89倍,3.92%
20260728,847,スミダコーポ,6817,東P,,"1,301",-49,-3.63%,621,11.8倍,0.69倍,4.07%
20260728,848,東海東京,8616,東P,,796,-19,-2.33%,619,ー倍,1.03倍,ー%
20260728,849,タクマ,6013,東P,,"3,410",-65,-1.87%,619,16.0倍,2.19倍,3.17%
20260728,850,ネクセラ,4565,東P,,867,-34,-3.77%,616,ー倍,1.26倍,ー%
20260728,851,ｉＦＴＰ年４,2625,東Ｅ,,"3,975",-95,-2.33%,616,ー倍,ー倍,ー%
20260728,852,円谷フィＨＤ,2767,東P,Ｓ,"1,930",+400,+26.14%,615,8.01倍,1.97倍,7.25%
20260728,853,ＭＸＪリート,1597,東Ｅ,,"1,942",-2,-0.10%,611,ー倍,ー倍,ー%
20260728,854,マニー,7730,東P,,"1,514",-37,-2.39%,610,21.9倍,2.61倍,2.71%
20260728,855,ＪＣＵ,4975,東P,,"5,720",-450,-7.29%,609,16.0倍,2.58倍,3.15%
20260728,856,ＨＩＯＫＩ,6866,東P,,"10,640",-790,-6.91%,609,18.9倍,3.12倍,2.26%
20260728,857,ホシデン,6804,東P,,"2,816",-24,-0.85%,607,11.1倍,0.92倍,2.73%
20260728,858,ＪＶＣケンウ,6632,東P,,"1,132.5",-13.5,-1.18%,602,10.7倍,1.11倍,1.77%
20260728,859,オプテクスＧ,6914,東P,,"3,355",-220,-6.15%,600,18.1倍,2.09倍,1.94%
20260728,860,ＯＢＡＲＡＧ,6877,東S,,"5,530",-330,-5.63%,597,10.5倍,1.07倍,2.71%
20260728,861,ジョイ本田,3191,東P,,"2,452",+54,+2.25%,597,16.8倍,1.18倍,3.43%
20260728,862,王将フード,9936,東P,,"3,025",+20,+0.67%,595,22.4倍,2.44倍,1.85%
20260728,863,テクマト,3762,東P,,"2,030",+61,+3.10%,593,15.2倍,3.10倍,2.66%
20260728,864,三桜工,6584,東P,,774,-45,-5.49%,591,18.5倍,0.58倍,3.62%
20260728,865,３ＤＭ,7777,東G,,329,-14,-4.08%,590,26.5倍,6.44倍,ー%
20260728,866,ニップン,2001,東P,,"2,906",+35,+1.22%,590,11.3倍,0.85倍,2.34%
20260728,867,守谷輸送機,6226,東S,,"2,500",-65,-2.53%,590,20.0倍,5.93倍,1.52%
20260728,868,Ｇｅｎｋｙ,9267,東P,,"4,015",+85,+2.16%,588,14.9倍,2.00倍,0.32%
20260728,869,東芝テック,6588,東P,,"3,095",-130,-4.03%,588,23.4倍,1.74倍,1.29%
20260728,870,アスクル,2678,東P,,"1,272",+12,+0.95%,584,28.5倍,2.38倍,1.57%
20260728,871,化工機,6331,東P,,"3,235",-165,-4.85%,583,10.8倍,1.64倍,3.71%
20260728,872,ボードルア,4413,東P,,"2,936",-64,-2.13%,582,29.2倍,11.4倍,0.34%
20260728,873,ドトル日レス,3087,東P,,"3,250",+40,+1.25%,582,18.1倍,1.28倍,1.85%
20260728,874,くら寿司,2695,東P,,"1,655",+18,+1.10%,577,43.9倍,2.05倍,0.91%
20260728,875,ガンホー,3765,東P,,"2,442",+26,+1.08%,577,ー倍,1.11倍,ー%
20260728,876,サンゲツ,8130,東P,,"3,105",+20,+0.65%,574,13.5倍,1.50倍,4.99%
20260728,877,クラボウ,3106,東P,,"9,610",-640,-6.24%,572,11.7倍,1.15倍,3.44%
20260728,878,バルカー,7995,東P,,"6,240",-380,-5.74%,570,15.5倍,2.06倍,3.21%
20260728,879,ＳＨＯＥＩ,7839,東P,,"1,980",+27,+1.38%,570,17.1倍,3.33倍,3.03%
20260728,880,エレコム,6750,東P,,"1,907",+19,+1.01%,570,13.4倍,1.42倍,3.04%
20260728,881,ＨＩＳ,9603,東P,,"1,051",0,0.00%,569,ー倍,1.31倍,2.38%
20260728,882,渋沢倉,9304,東P,,"1,727",-71,-3.95%,568,14.7倍,1.40倍,4.05%
20260728,883,アリアケ,2815,東P,,"5,530",+90,+1.65%,568,18.5倍,1.32倍,5.42%
20260728,884,第一興商,7458,東P,,"1,839.0",+17.5,+0.96%,568,15.6倍,1.54倍,3.70%
20260728,885,太平電,1968,東P,,"2,440",-40,-1.61%,566,12.8倍,1.22倍,3.07%
20260728,886,日経インバ,1571,東Ｅ,,315,+13,+4.30%,565,ー倍,ー倍,ー%
20260728,887,ヨコオ,6800,東P,,"3,895",-375,-8.78%,565,20.2倍,1.51倍,1.64%
20260728,888,有沢製,5208,東P,,"2,425",-106,-4.19%,565,19.9倍,1.57倍,4.04%
20260728,889,カナモト,9678,東P,,"5,070",-80,-1.55%,565,13.4倍,1.13倍,2.17%
20260728,890,因幡電産,9934,東P,,"2,781.5",-38.5,-1.37%,564,13.2倍,1.59倍,3.06%
20260728,891,アンドＳＴ,2685,東P,,"3,435",+35,+1.03%,562,15.1倍,1.90倍,2.62%
20260728,892,大紀ア,5702,東P,,"1,455",-43,-2.87%,560,6.51倍,0.75倍,4.81%
20260728,893,ａｒｔｉｅｎ,4634,東P,,"4,475",-80,-1.76%,560,9.99倍,0.79倍,2.68%
20260728,894,大和証券リビ,8986,東Ｒ,,"98,300",-400,-0.41%,559,ー倍,1.25倍,5.11%
20260728,895,トーエネク,1946,東P,,"2,069",-90,-4.17%,558,10.7倍,1.26倍,3.67%
20260728,896,西松建,1820,東P,,"5,385",-39,-0.72%,557,10.4倍,1.09倍,4.64%
20260728,897,カヤバ,7242,東P,,"4,445",-45,-1.00%,557,11.2倍,0.75倍,3.64%
20260728,898,ＴＳテック,7313,東P,,"1,827.5",+9.5,+0.52%,557,26.7倍,0.69倍,5.03%
20260728,899,ブルーゾーン,417A,東P,,"1,816.0",+43.5,+2.45%,556,15.5倍,1.85倍,1.76%
20260728,900,日経ベア,1580,東Ｅ,,836.9,+31.9,+3.96%,555,ー倍,ー倍,ー%
20260728,901,松竹,9601,東P,,"11,510",+90,+0.79%,553,71.9倍,1.50倍,0.26%
20260728,902,東建コーポ,1766,東P,,"13,410",+130,+0.98%,551,10.2倍,1.28倍,2.98%
20260728,903,コシダカＨＤ,2157,東P,,"1,067",0,0.00%,550,12.0倍,2.30倍,2.62%
20260728,904,東急ＲＥ,8957,東Ｒ,,"199,400","+1,500",+0.76%,550,ー倍,1.53倍,4.02%
20260728,905,ｍｏｎｏＡＩ,5240,東G,,210,-40,-16.00%,550,ー倍,2.39倍,ー%
20260728,906,愛知鋼,5482,東P,,"3,175",+10,+0.32%,549,18.1倍,0.86倍,4.72%
20260728,907,黒田グループ,287A,東S,,"1,083",-24,-2.17%,547,11.2倍,1.12倍,5.82%
20260728,908,ｉＦナ百Ｗブ,2869,東Ｅ,,"2,633",-154,-5.53%,546,ー倍,ー倍,ー%
20260728,909,ノート,5243,東G,,"2,045",-67,-3.17%,544,33.0倍,5.17倍,ー%
20260728,910,メタウォータ,9551,東P,,"3,065",-160,-4.96%,544,13.4倍,1.50倍,2.61%
20260728,911,イズミ,8273,東P,,"1,031",+13,+1.28%,543,12.5倍,0.73倍,2.91%
20260728,912,イオンＦＳ,8570,東P,,"1,574.0",-6.0,-0.38%,541,22.7倍,0.73倍,3.37%
20260728,913,ギフトＨＤ,9279,東P,,"4,965",+30,+0.61%,540,34.6倍,8.26倍,0.52%
20260728,914,インターメス,262A,東P,,"1,879",+24,+1.29%,538,12.1倍,2.21倍,2.71%
20260728,915,ｉＦ日経年４,2624,東Ｅ,,"6,298",-241,-3.69%,537,ー倍,ー倍,ー%
20260728,916,ＭＸナスダク,2631,東Ｅ,,"32,430",-910,-2.73%,537,ー倍,ー倍,ー%
20260728,917,シェアテク,3989,東G,,"1,345",-70,-4.95%,535,12.9倍,6.56倍,4.09%
20260728,918,デジアーツ,2326,東P,,"4,100",+50,+1.23%,534,14.5倍,2.98倍,2.44%
20260728,919,ＡＤプラズマ,6668,東S,,"2,698",-281,-9.43%,534,12.5倍,1.58倍,1.11%
20260728,920,大栄環境,9336,東P,,"3,795",-30,-0.78%,534,23.1倍,3.45倍,1.45%
20260728,921,東和薬品,4553,東P,,"4,120",-25,-0.60%,528,9.43倍,1.14倍,2.06%
20260728,922,ティラド,7236,東P,,"1,481",-59,-3.83%,527,9.32倍,1.58倍,5.40%
20260728,923,ライフコーポ,8194,東P,,"2,542",+42,+1.68%,526,11.6倍,1.40倍,2.75%
20260728,924,ＮＴＴ都市Ｒ,8956,東Ｒ,,"137,700",+400,+0.29%,525,ー倍,1.37倍,4.50%
20260728,925,ライト,1926,東P,,"3,865",-35,-0.90%,524,13.5倍,1.76倍,3.78%
20260728,926,ＧＸＵテック,2244,東Ｅ,,"3,411",-85,-2.43%,522,ー倍,ー倍,ー%
20260728,927,ＴＲＥＨＤ,9247,東P,,"1,977",-152,-7.14%,522,22.7倍,1.12倍,2.53%
20260728,928,ステラケミ,4109,東P,,"5,130",-290,-5.35%,522,18.4倍,1.31倍,3.51%
20260728,929,内田洋,8057,東P,,"2,208",+44,+2.03%,518,9.47倍,1.33倍,3.26%
20260728,930,技術承継機構,319A,東G,,"16,500",-150,-0.90%,517,ー倍,14.4倍,ー%
20260728,931,イトーキ,7972,東P,,"2,905",-33,-1.12%,516,12.8倍,2.43倍,3.10%
20260728,932,Ｕｍｉｏｓ,1333,東P,,"1,354.5",+15.0,+1.12%,516,13.7倍,0.83倍,3.32%
20260728,933,ＷＳＣＯＰＥ,6619,東P,,148,-6,-3.90%,516,ー倍,0.22倍,ー%
20260728,934,鉄建建設,1815,東P,,"4,455",-105,-2.30%,514,9.85倍,0.79倍,5.16%
20260728,935,アークランズ,9842,東P,,"1,928",-12,-0.62%,513,12.1倍,0.95倍,2.07%
20260728,936,福山運,9075,東P,,"6,140",+30,+0.49%,512,12.7倍,0.76倍,1.63%
20260728,937,おきなわＦＧ,7350,東P,,"7,360",-200,-2.65%,512,13.1倍,0.97倍,2.72%
20260728,938,日本電技,1723,東S,,"2,340",-64,-2.66%,510,17.1倍,3.17倍,2.39%
20260728,939,ミナトＨＤ,6862,東S,,"1,677",-174,-9.40%,509,5.78倍,1.54倍,1.79%
20260728,940,ハイデ日高,7611,東P,,"2,884",+71,+2.52%,508,23.1倍,4.11倍,1.80%
20260728,941,ミズノ,8022,東P,,"3,695",-15,-0.40%,506,14.8倍,1.62倍,1.79%
20260728,942,グロービング,277A,東P,,"1,631",+3,+0.18%,503,13.8倍,5.78倍,2.18%
20260728,943,テレ朝ＨＤ,9409,東P,,"3,195",+20,+0.63%,503,12.9倍,0.69倍,3.13%
20260728,944,ＴＰＸベア２,1356,東Ｅ,,113.4,+5.9,+5.49%,500,ー倍,ー倍,ー%
20260728,945,ダイセキ,9793,東P,,"3,845",+10,+0.26%,499,16.2倍,2.19倍,2.24%
20260728,946,ｉＦＦＡＮＧ,316A,東Ｅ,,"2,531",-34,-1.33%,498,ー倍,ー倍,ー%
20260728,947,四国銀,8387,東P,,"3,460",-100,-2.81%,498,16.5倍,0.76倍,2.49%
20260728,948,アルゴグラフ,7595,東P,,"1,351",+24,+1.81%,496,12.9倍,1.90倍,4.81%
20260728,949,ＬＡホールデ,2986,東G,,"2,714",-36,-1.31%,496,5.37倍,2.14倍,6.41%
20260728,950,マックス,6454,東P,,"1,730",-36,-2.04%,496,21.9倍,2.70倍,2.31%
20260728,951,ＰＲＴＩＭＥ,3922,東P,,"2,100",-38,-1.78%,495,12.9倍,3.03倍,0.80%
20260728,952,岡三,8609,東P,,"1,039",-34,-3.17%,491,ー倍,0.90倍,ー%
20260728,953,ネイス,589A,東G,,"1,193",-47,-3.79%,488,11.6倍,7.40倍,ー%
20260728,954,セーレン,3569,東P,,"3,210",-35,-1.08%,486,12.6倍,1.17倍,2.37%
20260728,955,バードマン,7063,東G,,118,+28,+31.11%,485,ー倍,2.59倍,ー%
20260728,956,松田産業,7456,東P,,"5,320",-260,-4.66%,485,8.04倍,1.16倍,2.07%
20260728,957,サンエー,2659,東P,,"3,265",+75,+2.35%,485,17.9倍,1.32倍,3.37%
20260728,958,フォスター,6794,東P,,"2,751",-129,-4.48%,483,12.4倍,0.91倍,4.18%
20260728,959,ミライニＨＤ,546A,東P,,"2,189",-94,-4.12%,481,5.11倍,ー倍,4.39%
20260728,960,カチタス,8919,東P,,"3,325",-55,-1.63%,481,18.6倍,4.90倍,2.71%
20260728,961,エレメンツ,5246,東G,,766,-23,-2.92%,480,83.4倍,5.92倍,ー%
20260728,962,ＡＢＥＪＡ,5574,東G,,"2,537",+22,+0.87%,480,29.7倍,4.78倍,ー%
20260728,963,船井総研ＨＤ,9757,東P,,"1,135",+1,+0.09%,480,16.1倍,4.31倍,4.23%
20260728,964,荒川化,4968,東P,,"1,825",-193,-9.56%,480,16.1倍,0.58倍,3.01%
20260728,965,Ｍ＆Ａキャピ,6080,東P,,"3,740",-45,-1.19%,478,16.4倍,2.61倍,1.83%
20260728,966,クオリプス,4894,東G,,"4,130",-190,-4.40%,478,ー倍,7.27倍,ー%
20260728,967,ＨＥＮＮＧＥ,4475,東G,,"1,326",-5,-0.38%,477,25.9倍,11.3倍,0.45%
20260728,968,タカラスタ,7981,東P,,"3,270",+30,+0.93%,475,13.4倍,1.05倍,3.79%
20260728,969,日本ＣＭＫ,6958,東P,,607,-30,-4.71%,474,21.6倍,0.52倍,4.61%
20260728,970,ＭＴＧ,7806,東G,,"7,530",-80,-1.05%,474,29.6倍,5.07倍,0.44%
20260728,971,日本一ソフト,3851,東S,,970,+40,+4.30%,474,14.8倍,0.63倍,0.52%
20260728,972,Ｋ＆Ｏエナジ,1663,東P,,"1,801",-73,-3.90%,474,15.3倍,0.90倍,1.67%
20260728,973,システナ,2317,東P,,441,+3,+0.68%,473,14.8倍,3.98倍,4.08%
20260728,974,あいＨＤ,3076,東P,,"2,849",+18,+0.64%,473,14.7倍,1.33倍,4.39%
20260728,975,岡野バ,6492,東S,,"12,990",-960,-6.88%,472,14.9倍,1.57倍,0.62%
20260728,976,極東開発,7226,東P,,"2,344",-21,-0.89%,471,18.1倍,0.80倍,5.12%
20260728,977,日曹達,4041,東P,,"3,815",-65,-1.68%,470,12.9倍,1.00倍,4.19%
20260728,978,カーリット,4275,東P,,"2,262",-157,-6.49%,470,16.6倍,1.25倍,1.86%
20260728,979,トーセイ,8923,東P,,"1,790",0,0.00%,470,11.5倍,1.56倍,3.07%
20260728,980,農中４００,2526,東Ｅ,,"36,630",-730,-1.95%,466,ー倍,ー倍,ー%
20260728,981,タダノ,6395,東P,,"1,338",-30,-2.19%,465,12.1倍,0.82倍,2.54%
20260728,982,ＩＤＥＣ,6652,東P,,"3,290",-85,-2.52%,465,16.2倍,1.40倍,3.95%
20260728,983,琉球銀,8399,東P,,"3,025",-30,-0.98%,464,12.4倍,0.85倍,3.24%
20260728,984,富士急,9010,東P,,"2,741",+5,+0.18%,462,25.3倍,3.48倍,1.20%
20260728,985,豊和工,6203,東S,,"1,373",-62,-4.32%,461,15.4倍,0.79倍,1.46%
20260728,986,ＳＦＯＯＤＳ,2292,東P,,"2,836",-1,-0.04%,459,13.8倍,0.69倍,3.88%
20260728,987,日証金,8511,東P,,"2,437",-29,-1.18%,459,17.9倍,1.44倍,3.86%
20260728,988,レイズネク,6379,東P,,"2,615",-50,-1.88%,458,15.7倍,1.55倍,4.47%
20260728,989,アーキテクツ,6085,東G,,98,-14,-12.50%,458,297倍,-28倍,ー%
20260728,990,コニシ,4956,東P,,"1,413",-68,-4.59%,455,10.8倍,0.97倍,2.69%
20260728,991,ストライクＧ,6196,東P,,"1,341",-15,-1.11%,455,15.4倍,3.88倍,4.85%
20260728,992,サカタＩＮＸ,4633,東P,,"2,502",-37,-1.46%,455,10.3倍,1.01倍,4.00%
20260728,993,西華産,8061,東P,,"2,548",-99,-3.74%,454,11.9倍,1.67倍,3.65%
20260728,994,青山商,8219,東P,,740,+3,+0.41%,454,13.8倍,0.59倍,5.14%
20260728,995,テンシャル,325A,東G,,"1,682",+10,+0.60%,454,15.0倍,6.42倍,ー%
20260728,996,オンワード,8016,東P,,759,-5,-0.65%,452,9.24倍,1.10倍,4.35%
20260728,997,日本電設,1950,東P,,"4,015",-85,-2.07%,452,12.7倍,1.09倍,3.16%
20260728,998,ＭＸトピクス,1348,東Ｅ,,"4,118",-104,-2.46%,451,ー倍,ー倍,ー%
20260728,999,ＮＩＴＴＯＫ,6145,東S,,"2,530",-143,-5.35%,451,12.9倍,1.06倍,3.24%
20260728,1000,大同メ,7245,東P,,"1,267",-70,-5.24%,450,11.8倍,0.72倍,2.84%
20260728,1001,酉島,6363,東P,,"2,725",-118,-4.15%,450,10.1倍,1.19倍,2.50%
20260728,1002,エムアップ,3661,東P,,792,+6,+0.76%,450,15.7倍,5.86倍,3.03%
20260728,1003,プロクレＨＤ,7384,東P,,"4,225",-190,-4.30%,448,17.1倍,0.74倍,2.37%
20260728,1004,ヘリオス,4593,東G,,226,-17,-7.00%,447,ー倍,4.04倍,ー%
20260728,1005,ＧＸＮカバコ,2865,東Ｅ,,"1,265",-13,-1.02%,445,ー倍,ー倍,ー%
20260728,1006,大崎電,6644,東P,,"1,478",-50,-3.27%,445,13.5倍,1.14倍,3.32%
20260728,1007,川田テク,3443,東P,,"1,298",-14,-1.07%,442,9.40倍,0.67倍,3.24%
20260728,1008,ＰＩ,4290,東P,,686,+19,+2.85%,441,14.5倍,1.76倍,4.08%
20260728,1009,スマレジ,4431,東G,,"3,160",+110,+3.61%,441,21.9倍,6.33倍,0.92%
20260728,1010,ブックオフＧ,9278,東P,,"2,733",+11,+0.40%,441,17.1倍,2.27倍,1.46%
20260728,1011,住友倉,9303,東P,,"4,055",0,0.00%,441,17.9倍,0.98倍,2.54%
20260728,1012,ＤＣＭ,3050,東P,,"1,553",+15,+0.98%,438,12.2倍,0.74倍,3.09%
20260728,1013,セ硝子,4044,東P,,"4,150",-45,-1.07%,437,14.3倍,0.83倍,4.10%
20260728,1014,ＭＸ４００,1593,東Ｅ,,"36,650","-1,020",-2.71%,436,ー倍,ー倍,ー%
20260728,1015,ｉＳＢＡＩ,408A,東Ｅ,,271.0,-24.8,-8.38%,435,ー倍,ー倍,ー%
20260728,1016,オリコ,8585,東P,,909,-9,-0.98%,433,12.0倍,0.62倍,4.40%
20260728,1017,新電元,6844,東P,,"3,265",-205,-5.91%,433,12.3倍,0.46倍,3.06%
20260728,1018,ベル２４ＨＤ,6183,東P,,"1,372",+1,+0.07%,432,12.0倍,1.38倍,4.37%
20260728,1019,ＪＢＣＣＨＤ,9889,東P,,"1,574",+29,+1.88%,432,15.8倍,3.84倍,3.18%
20260728,1020,伯東,7433,東P,,"4,570",-105,-2.25%,430,15.1倍,1.26倍,4.81%
20260728,1021,東京エネシス,1945,東P,,"1,955",-82,-4.03%,429,12.5倍,0.89倍,3.94%
20260728,1022,佐賀銀,8395,東P,,"5,820",-180,-3.00%,427,10.6倍,0.78倍,1.89%
20260728,1023,ワールド,3612,東P,,"1,636",+19,+1.18%,425,9.90倍,1.26倍,4.10%
20260728,1024,東亜道,1882,東P,,"1,634",-1,-0.06%,424,18.0倍,1.41倍,5.51%
20260728,1025,ＡＺ丸和ＨＤ,9090,東P,,934,+2,+0.21%,422,15.2倍,2.02倍,3.43%
20260728,1026,イノテック,9880,東P,,"3,095",-215,-6.50%,422,7.68倍,1.41倍,4.20%
20260728,1027,内海造,7018,東S,,"10,720",-370,-3.34%,422,18.2倍,1.35倍,0.37%
20260728,1028,ＳＢＳＨＤ,2384,東P,,"4,500",-40,-0.88%,421,13.2倍,1.76倍,2.33%
20260728,1029,Ｊディスプレ,6740,東P,,46,-2,-4.17%,420,ー倍,-5.2倍,ー%
20260728,1030,ダイトロン,7609,東P,,"3,285",-175,-5.06%,420,13.2倍,1.90倍,2.89%
20260728,1031,ダイハツイン,6023,東S,,"2,734",-106,-3.73%,420,12.2倍,1.41倍,2.52%
20260728,1032,ＳＲＥＨＤ,2980,東P,,"2,554",-52,-2.00%,418,14.6倍,2.69倍,0.78%
20260728,1033,アイスタイル,3660,東P,,435,-2,-0.46%,418,16.4倍,2.02倍,0.23%
20260728,1034,千葉興,8337,東P,,"2,677",-113,-4.05%,418,17.3倍,1.00倍,0.75%
20260728,1035,イーグル工,6486,東P,,"2,958",-87,-2.86%,418,14.2倍,1.01倍,ー%
20260728,1036,農中Ｊリート,1595,東Ｅ,,"1,915",-3,-0.16%,417,ー倍,ー倍,ー%
20260728,1037,東急建設,1720,東P,,"1,173",-15,-1.26%,416,11.3倍,1.12倍,3.67%
20260728,1038,山岡家,3399,東S,,"3,685",-85,-2.25%,416,19.8倍,6.84倍,0.81%
20260728,1039,マクアケ,4479,東G,,"1,024",+23,+2.30%,415,20.2倍,2.15倍,ー%
20260728,1040,ニッタ,5186,東P,,"6,390",-150,-2.29%,414,14.3倍,1.06倍,2.66%
20260728,1041,栗本鉄,5602,東P,,"1,494",-25,-1.65%,411,12.6倍,0.96倍,4.02%
20260728,1042,トランスコス,9715,東P,,"3,795",+50,+1.34%,411,10.5倍,1.11倍,3.82%
20260728,1043,藤田観,9722,東P,,"2,018",+27,+1.36%,411,10.5倍,3.06倍,0.99%
20260728,1044,テックファム,3625,東G,,585,+13,+2.27%,410,12.6倍,1.40倍,1.37%
20260728,1045,エクセレント,8987,東Ｒ,,"145,300",+600,+0.41%,409,ー倍,1.28倍,4.20%
20260728,1046,アズワン,7476,東P,,"2,530.0",+9.0,+0.36%,409,20.1倍,2.54倍,2.61%
20260728,1047,東邦鉛,5707,東P,,832,-26,-3.03%,408,4.39倍,1.11倍,ー%
20260728,1048,ＷＩＺＥ,3664,東G,,21,-1,-4.55%,407,ー倍,1.74倍,ー%
20260728,1049,トラスコ中山,9830,東P,,"2,382",-23,-0.96%,407,10.8倍,0.83倍,2.46%
20260728,1050,アズーム,3496,東P,,"4,615",+60,+1.32%,406,25.9倍,8.69倍,2.73%
20260728,1051,日セラ,6929,東P,,"3,690",-80,-2.12%,406,16.3倍,1.74倍,4.47%
20260728,1052,福井銀,8362,東P,,"6,010",-240,-3.84%,406,15.8倍,0.93倍,2.50%
20260728,1053,ｉＦＥナ百無,2840,東Ｅ,,"2,619",-77,-2.86%,405,ー倍,ー倍,ー%
20260728,1054,サカタタネ,1377,東P,,"4,440",-25,-0.56%,405,18.8倍,1.05倍,2.03%
20260728,1055,ミラースＲ,3492,東Ｒ,,"83,500",+200,+0.24%,405,ー倍,0.94倍,6.47%
20260728,1056,セルシス,3663,東P,,"1,884",+30,+1.62%,405,25.5倍,12.1倍,2.65%
20260728,1057,サーバワクス,4434,東S,,"2,176",+106,+5.12%,402,17.9倍,1.61倍,1.38%
20260728,1058,中外炉,1964,東P,,"3,820",-55,-1.42%,402,10.6倍,0.91倍,4.71%
20260728,1059,ｉＦ日経Ｗベ,1366,東Ｅ,,79,+6,+8.22%,401,ー倍,ー倍,ー%
20260728,1060,稲畑産,8098,東P,,"4,015",-35,-0.86%,401,10.2倍,0.91倍,3.56%
20260728,1061,ＷＮＩウェザ,4825,東P,,"1,930",-11,-0.57%,401,22.3倍,3.59倍,2.59%
20260728,1062,上場ＳＰ５百,1547,東Ｅ,,"13,175",-125,-0.94%,400,ー倍,ー倍,ー%
20260728,1063,アークス,9948,東P,,"3,660",+105,+2.95%,400,15.7倍,1.00倍,2.24%
20260728,1064,浅沼組,1852,東P,,872,-14,-1.58%,399,13.6倍,1.41倍,5.16%
20260728,1065,キッセイ,4547,東P,,"4,240",-60,-1.40%,399,12.1倍,0.76倍,4.01%
20260728,1066,トーモク,3946,東P,,"4,540",-10,-0.22%,397,9.26倍,0.73倍,3.74%
20260728,1067,ワコールＨＤ,3591,東P,,"4,513",+32,+0.71%,397,124倍,1.06倍,2.22%
20260728,1068,日本コークス,3315,東P,,94,-1,-1.05%,395,54.7倍,0.79倍,ー%
20260728,1069,ＤＧ,350A,東G,,732,-25,-3.30%,395,15.9倍,2.96倍,ー%
20260728,1070,野村商社卸売,1629,東Ｅ,,261.1,-3.3,-1.25%,395,ー倍,ー倍,ー%
20260728,1071,放電精密,6469,東S,,"2,489",-276,-9.98%,393,30.7倍,3.05倍,0.80%
20260728,1072,セプテニＨＤ,4293,東S,,510,+6,+1.19%,393,20.2倍,1.61倍,3.53%
20260728,1073,ダスキン,4665,東P,,"4,586",+54,+1.19%,393,22.0倍,1.37倍,2.73%
20260728,1074,メニコン,7780,東P,,"1,764",-1,-0.06%,393,20.1倍,1.39倍,1.59%
20260728,1075,京三,6742,東P,,851,-60,-6.59%,392,12.5倍,0.94倍,3.17%
20260728,1076,科研薬,4521,東P,,"3,910",-5,-0.13%,391,22.8倍,1.00倍,4.86%
20260728,1077,東洋証券,8614,東P,,667,-15,-2.20%,390,ー倍,1.48倍,ー%
20260728,1078,Ａｍａｚｉａ,4424,東G,,360,-49,-11.98%,389,ー倍,3.14倍,ー%
20260728,1079,理計器,7734,東P,,"3,340",-85,-2.48%,389,15.8倍,1.78倍,1.80%
20260728,1080,日本信号,6741,東P,,"1,561",-37,-2.32%,389,9.74倍,0.85倍,3.59%
20260728,1081,テラスカイ,3915,東P,,"1,994",-36,-1.77%,388,16.9倍,2.06倍,0.85%
20260728,1082,日東工,6651,東P,,"4,310",-135,-3.04%,387,14.1倍,1.32倍,3.57%
20260728,1083,トーホー,8142,東P,,"1,405",+1,+0.07%,386,9.33倍,1.28倍,4.34%
20260728,1084,イエロハット,9882,東P,,"1,845",+16,+0.87%,386,12.8倍,1.27倍,3.69%
20260728,1085,インターアク,7725,東P,,"1,684",-88,-4.97%,385,16.3倍,1.58倍,3.27%
20260728,1086,コムチュア,3844,東P,,"1,416",+34,+2.46%,383,14.0倍,2.24倍,3.67%
20260728,1087,金先物Ｗブル,2036,東EN,,"146,200","-3,800",-2.53%,383,ー倍,ー倍,ー%
20260728,1088,乃村工芸社,9716,東P,,"1,208",-5,-0.41%,382,14.6倍,2.31倍,3.64%
20260728,1089,泉州電,9824,東P,,"5,980",-130,-2.13%,381,12.0倍,1.65倍,2.68%
20260728,1090,ケイアイ不,3465,東P,,"3,620",+30,+0.84%,381,6.42倍,1.54倍,3.87%
20260728,1091,コーナン,7516,東P,,"4,275",+15,+0.35%,381,9.88倍,0.69倍,3.27%
20260728,1092,ＦＣＣ,7296,東P,,"3,690",+5,+0.14%,380,11.7倍,0.85倍,4.34%
20260728,1093,旭有機材,4216,東P,,"5,940",-460,-7.19%,380,18.3倍,1.38倍,2.19%
20260728,1094,ＡＯＫＩＨＤ,8214,東P,,"1,729",+4,+0.23%,380,14.6倍,1.00倍,5.21%
20260728,1095,テレ東ＨＤ,9413,東P,,"3,640",+20,+0.55%,379,12.2倍,0.91倍,2.75%
20260728,1096,ヨコレイ,2874,東P,,"2,128",-33,-1.53%,378,26.2倍,1.47倍,1.27%
20260728,1097,マクセル,6810,東P,,"2,079",-92,-4.24%,378,11.4倍,0.88倍,2.69%
20260728,1098,ｉＦナ百Ｗベ,2870,東Ｅ,,"8,652",+454,+5.54%,377,ー倍,ー倍,ー%
20260728,1099,ハートシード,219A,東G,,"1,727",+10,+0.58%,377,ー倍,5.54倍,ー%
20260728,1100,ユナイテド海,9110,東P,,"7,500",-30,-0.40%,376,7.65倍,0.94倍,3.93%
20260728,1101,ＫＬａｂ,3656,東P,,213,-10,-4.48%,373,ー倍,1.72倍,ー%
20260728,1102,多摩川ＨＤ,6838,東S,,"1,249",-116,-8.50%,371,6.21倍,1.25倍,0.80%
20260728,1103,テクノ菱和,1965,東S,,"6,120",-230,-3.62%,371,10.6倍,1.89倍,2.88%
20260728,1104,ヨドコウ,5451,東P,,"1,391",0,0.00%,370,19.9倍,0.98倍,3.81%
20260728,1105,Ａ＆Ｄホロン,7745,東P,,"2,870",-103,-3.46%,370,17.5倍,1.59倍,2.09%
20260728,1106,Ｔホライゾン,6629,東S,,948,-33,-3.36%,370,7.52倍,1.03倍,3.48%
20260728,1107,ＥＩＺＯ,6737,東P,,"2,764",-67,-2.37%,370,16.7倍,0.79倍,4.16%
20260728,1108,インテグラル,5842,東G,,"2,830",+62,+2.24%,368,ー倍,1.41倍,1.31%
20260728,1109,クオールＨＤ,3034,東P,,"2,132",+4,+0.19%,368,10.3倍,1.39倍,2.53%
20260728,1110,トレファク,3093,東P,,"2,118",+42,+2.02%,366,14.0倍,3.69倍,2.17%
20260728,1111,ＧＭＯ－ＦＨ,7177,東S,,"1,080",+16,+1.50%,364,ー倍,2.27倍,5.28%
20260728,1112,タスキＨＤ,166A,東P,,"1,067",-28,-2.56%,362,11.4倍,2.07倍,4.69%
20260728,1113,北日銀,8551,東P,,"6,850",-150,-2.14%,362,12.5倍,0.59倍,2.80%
20260728,1114,アニコムＨＤ,8715,東P,,"1,190",-17,-1.41%,362,26.8倍,3.00倍,1.13%
20260728,1115,ヒュマメイド,456A,東G,,"1,378",-41,-2.89%,362,38.3倍,9.97倍,ー%
20260728,1116,ＡＫＩＢＡ,6840,東S,,582,-82,-12.35%,360,ー倍,1.21倍,ー%
20260728,1117,イリソ電子,6908,東P,,"2,782",-107,-3.70%,360,12.4倍,0.78倍,3.59%
20260728,1118,ＨＵＬＩＣＲ,3295,東Ｒ,,"161,400",+500,+0.31%,360,ー倍,1.15倍,4.96%
20260728,1119,ＦＦＲＩ,3692,東G,,"4,890",+10,+0.20%,358,34.1倍,10.2倍,0.37%
20260728,1120,ジャスト,4686,東P,,"3,940",-20,-0.51%,357,ー倍,2.13倍,0.76%
20260728,1121,日精機,7287,東S,,"2,390",-27,-1.12%,356,13.7倍,0.59倍,3.77%
20260728,1122,野村電機精密,1625,東Ｅ,,"59,550","-4,260",-6.68%,355,ー倍,ー倍,ー%
20260728,1123,象印,7965,東P,,"1,444",+14,+0.98%,355,19.1倍,1.01倍,3.19%
20260728,1124,極東証券,8706,東P,,"1,739",-35,-1.97%,355,ー倍,1.04倍,ー%
20260728,1125,飛島ＨＤ,256A,東P,,"2,067",-27,-1.29%,354,8.25倍,0.73倍,5.32%
20260728,1126,ＳＰＤＲ,1326,東Ｅ,,"60,750",-680,-1.11%,354,ー倍,ー倍,ー%
20260728,1127,リケンＮＰＲ,6209,東P,,"4,000",-65,-1.60%,353,12.0倍,0.67倍,5.25%
20260728,1128,ミルボン,4919,東P,,"2,848",+25,+0.89%,352,21.1倍,1.86倍,3.09%
20260728,1129,コジマ,7513,東P,,"1,419",+7,+0.50%,352,20.8倍,1.49倍,1.97%
20260728,1130,タムロン,7740,東P,,"1,126",-8,-0.71%,351,13.3倍,2.14倍,4.53%
20260728,1131,平和不,8803,東P,,"2,396",-11,-0.46%,351,13.8倍,1.25倍,4.30%
20260728,1132,ｉＳゴールド,314A,東Ｅ,,313.6,-5.4,-1.69%,351,ー倍,ー倍,ー%
20260728,1133,森トラストＲ,8961,東Ｒ,,"77,300",0,0.00%,350,ー倍,1.17倍,4.69%
20260728,1134,ｉＦ日本配当,435A,東Ｅ,,"2,725",+1,+0.04%,349,ー倍,ー倍,ー%
20260728,1135,能美防災,6744,東P,,"4,405",-5,-0.11%,349,19.5倍,1.87倍,2.63%
20260728,1136,コメリ,8218,東P,,"3,630",+40,+1.11%,347,11.4倍,0.65倍,1.60%
20260728,1137,沖縄セルラー,9436,東S,,"3,795",-50,-1.30%,346,26.3倍,3.52倍,1.84%
20260728,1138,助川電気,7711,東S,,"4,250",-260,-5.76%,344,26.0倍,4.32倍,1.22%
20260728,1139,平和不リート,8966,東Ｒ,,"135,700",0,0.00%,343,ー倍,1.35倍,5.94%
20260728,1140,パーカライ,4095,東P,,"1,661",-23,-1.37%,342,12.6倍,0.87倍,3.01%
20260728,1141,広済堂ＨＤ,7868,東P,,520,-10,-1.89%,341,16.7倍,1.56倍,2.57%
20260728,1142,アイモバイル,6535,東P,,538,-4,-0.74%,340,9.50倍,1.73倍,5.02%
20260728,1143,ＡＳＢ機械,6284,東P,,"8,820",-380,-4.13%,338,14.5倍,2.14倍,2.72%
20260728,1144,西川ゴム,5161,東S,,"3,205",-20,-0.62%,337,17.9倍,1.32倍,5.74%
20260728,1145,新日本電工,5563,東P,,407,-17,-4.01%,337,ー倍,0.71倍,3.19%
20260728,1146,ＫＨネオケム,4189,東P,,"3,010",-95,-3.06%,337,12.1倍,1.51倍,3.65%
20260728,1147,ディアライフ,3245,東P,,"1,087",-6,-0.55%,337,8.05倍,1.68倍,5.89%
20260728,1148,東競馬,9672,東P,,"5,010",-10,-0.20%,336,12.1倍,1.37倍,2.91%
20260728,1149,ニッカトー,5367,東S,,"1,057",-100,-8.64%,335,15.8倍,0.89倍,2.18%
20260728,1150,夢みつけ隊,2673,東S,,101,+5,+5.21%,335,ー倍,0.35倍,ー%
20260728,1151,サガミＨＤ,9900,東P,,"2,055",+57,+2.85%,333,51.9倍,3.17倍,0.58%
20260728,1152,京阪神ビル,8818,東P,,"1,110",-15,-1.33%,333,21.6倍,1.30倍,2.70%
20260728,1153,ＤｙＤｏ,2590,東P,,"3,015",+10,+0.33%,332,19.1倍,1.46倍,1.00%
20260728,1154,ＦＥＡＳＹ,212A,東P,,"2,740",-32,-1.15%,332,18.5倍,6.96倍,1.86%
20260728,1155,ローランド,7944,東P,,"4,025",-40,-0.98%,332,14.7倍,2.58倍,4.22%
20260728,1156,小松ウオール,7949,東P,,"2,753",+54,+2.00%,328,15.9倍,1.26倍,4.90%
20260728,1157,新明和,7224,東P,,"1,960",-59,-2.92%,328,12.4倍,1.04倍,2.96%
20260728,1158,松屋フーズ,9887,東P,,"5,100",+10,+0.20%,327,27.6倍,1.82倍,0.51%
20260728,1159,スターアジア,3468,東Ｒ,,"56,500",-300,-0.53%,327,ー倍,1.05倍,5.84%
20260728,1160,ロードスター,3482,東P,,"2,728",-59,-2.12%,327,6.03倍,1.59倍,2.99%
20260728,1161,平和堂,8276,東P,,"2,688",+39,+1.47%,326,13.6倍,0.68倍,2.46%
20260728,1162,アイザワ証Ｇ,8708,東P,,"1,600",-53,-3.21%,326,ー倍,1.05倍,ー%
20260728,1163,Ｄガレージ,4819,東P,,"2,288",-7,-0.31%,326,ー倍,1.40倍,ー%
20260728,1164,大真空,6962,東P,,712,-65,-8.37%,325,227倍,0.58倍,3.93%
20260728,1165,野村金連動,1328,東Ｅ,,"15,670",-160,-1.01%,325,ー倍,ー倍,ー%
20260728,1166,東鉄工,1835,東P,,"4,210",-35,-0.82%,325,11.2倍,1.09倍,3.61%
20260728,1167,ＥＤＰ,7794,東G,,888,-47,-5.03%,324,ー倍,8.56倍,ー%
20260728,1168,岡本工,6125,東S,,"4,820",-300,-5.86%,323,15.9倍,0.75倍,3.32%
20260728,1169,アルコニクス,3036,東P,,"2,527",-98,-3.73%,323,11.5倍,0.96倍,3.56%
20260728,1170,Ｕアローズ,7606,東P,,"2,451",+15,+0.62%,322,10.9倍,1.60倍,3.75%
20260728,1171,フジ,8278,東P,,"2,052",+52,+2.60%,322,25.4倍,0.79倍,1.46%
20260728,1172,オープンＵＰ,2154,東P,,"2,052",+12,+0.59%,318,14.8倍,2.24倍,4.14%
20260728,1173,朝日工,1975,東P,,"3,940",-145,-3.55%,317,11.0倍,2.01倍,3.65%
20260728,1174,アース製薬,4985,東P,,"4,730",+40,+0.85%,317,16.7倍,1.36倍,2.75%
20260728,1175,エスビー,2805,東S,,"6,120",-10,-0.16%,317,18.3倍,1.57倍,0.98%
20260728,1176,野村高配７０,1577,東Ｅ,,"58,480","-1,060",-1.78%,316,ー倍,ー倍,ー%
20260728,1177,オートバクス,9832,東P,,"1,544",+7,+0.46%,316,13.5倍,0.89倍,3.89%
20260728,1178,日車両,7102,東P,,"3,835",-45,-1.16%,316,7.38倍,0.66倍,1.30%
20260728,1179,フジシール,7864,東P,,"3,115",0,0.00%,316,10.9倍,1.03倍,2.79%
20260728,1180,ロイヤルＨＤ,8179,東P,,"1,308",+8,+0.62%,315,22.6倍,2.37倍,1.34%
20260728,1181,アルペン,3028,東P,,"2,255",+14,+0.62%,314,15.1倍,0.71倍,2.44%
20260728,1182,北興化,4992,東S,,"1,820",-92,-4.81%,314,10.5倍,0.77倍,2.97%
20260728,1183,ジャックス,8584,東P,,"3,755",-10,-0.27%,313,16.8倍,0.57倍,5.33%
20260728,1184,スターツ,8850,東P,,"4,825",+50,+1.05%,312,8.79倍,1.21倍,3.11%
20260728,1185,中電工,1941,東P,,"5,060",-110,-2.13%,311,13.6倍,1.10倍,2.77%
20260728,1186,半導体日本株,163A,東EN,,"18,060","-2,065",-10.26%,309,ー倍,ー倍,ー%
20260728,1187,モスフード,8153,東P,,"3,910",+80,+2.09%,308,33.5倍,2.04倍,0.87%
20260728,1188,パイロット,7846,東P,,"1,817.0",+5.5,+0.30%,306,13.7倍,1.40倍,2.31%
20260728,1189,菱地所物流Ｒ,3481,東Ｒ,,"125,400",+500,+0.40%,306,ー倍,1.19倍,4.96%
20260728,1190,セック,3741,東P,,"2,876",-124,-4.13%,306,18.6倍,2.85倍,2.16%
20260728,1191,コメ兵ＨＤ,2780,東S,,"5,100",-100,-1.92%,306,9.58倍,1.50倍,2.12%
20260728,1192,小森,6349,東P,,"1,665",-5,-0.30%,305,12.3倍,0.72倍,4.50%
20260728,1193,上場銀行１０,540A,東Ｅ,,"2,041",-112,-5.20%,305,ー倍,ー倍,ー%
20260728,1194,農中東証指数,2524,東Ｅ,,"4,088",-103,-2.46%,304,ー倍,ー倍,ー%
20260728,1195,大黒天,2791,東P,,"4,650",+145,+3.22%,304,13.3倍,1.02倍,0.84%
20260728,1196,ミツバ,7280,東P,,"1,149",-20,-1.71%,304,4.93倍,0.49倍,2.61%
20260728,1197,ワイエイシイ,6298,東P,,"1,115",-53,-4.54%,303,9.78倍,1.16倍,4.04%
20260728,1198,上場リート隔,1345,東Ｅ,,"1,909",-5,-0.26%,301,ー倍,ー倍,ー%
20260728,1199,クリエイトＳ,3148,東P,,"3,440",+75,+2.23%,298,13.1倍,1.44倍,2.79%
20260728,1200,三洋工,5958,東S,,"4,785",+100,+2.13%,298,10.3倍,0.64倍,4.39%
20260728,1201,ハードオフ,2674,東P,,"2,919",+49,+1.71%,297,12.3倍,2.01倍,3.15%
20260728,1202,リョービ,5851,東P,,"2,498",-46,-1.81%,296,6.91倍,0.43倍,4.16%
20260728,1203,サトー,6287,東P,,"2,473",-7,-0.28%,295,10.9倍,0.94倍,3.23%
20260728,1204,テセック,6337,東S,,"2,180",-194,-8.17%,295,10.8倍,0.78倍,4.59%
20260728,1205,東テク,9960,東P,,"3,930",-140,-3.44%,295,11.8倍,2.19倍,3.26%
20260728,1206,ライフネット,7157,東P,,"1,604",-27,-1.66%,293,15.7倍,1.35倍,ー%
20260728,1207,サイバダイン,7779,東G,,222,-5,-2.20%,293,ー倍,0.75倍,ー%
20260728,1208,シーイーシー,9692,東P,,"2,284",+1,+0.04%,292,12.6倍,1.66倍,3.72%
20260728,1209,ワキタ,8125,東P,,"1,890",-19,-1.00%,291,26.1倍,0.97倍,5.29%
20260728,1210,乾汽船,9308,東S,,"1,872",+12,+0.65%,289,16.2倍,1.26倍,1.85%
20260728,1211,ｉＦ日経ベ,1456,東Ｅ,,"1,342",+53,+4.11%,289,ー倍,ー倍,ー%
20260728,1212,月島ＨＤ,6332,東P,,"2,686",-39,-1.43%,289,12.5倍,1.08倍,3.28%
20260728,1213,ＳＭＤ２２５,1397,東Ｅ,,"63,100","-2,540",-3.87%,288,ー倍,ー倍,ー%
20260728,1214,エターナルＧ,3193,東P,,"2,981",+23,+0.78%,288,16.3倍,3.17倍,1.54%
20260728,1215,クミアイ化,4996,東P,,731,-3,-0.41%,286,13.8倍,0.57倍,3.28%
20260728,1216,チェンジＨＤ,3962,東P,,930,-5,-0.53%,286,9.24倍,1.38倍,2.80%
20260728,1217,ＴＳＩＨＤ,3608,東P,,"1,263",-6,-0.47%,284,9.21倍,0.76倍,5.54%
20260728,1218,ビジョン,9416,東P,,"1,023",+2,+0.20%,284,9.55倍,2.38倍,4.99%
20260728,1219,三星ベ,5192,東P,,"4,095",-40,-0.97%,284,12.7倍,1.13倍,4.66%
20260728,1220,新晃工,6458,東P,,"1,234",-22,-1.75%,284,11.5倍,1.31倍,4.05%
20260728,1221,メドレックス,4586,東G,,66,-1,-1.49%,283,ー倍,2.24倍,ー%
20260728,1222,鴻池運輸,9025,東P,,"2,972",+24,+0.81%,283,11.3倍,0.99倍,3.70%
20260728,1223,ｉＦＴＰベ,1457,東Ｅ,,"1,824",+45,+2.53%,283,ー倍,ー倍,ー%
20260728,1224,リオン,6823,東P,,"3,295",-150,-4.35%,282,11.8倍,1.17倍,2.73%
20260728,1225,くすりの窓口,5592,東G,,"2,407",+81,+3.48%,281,8.84倍,2.42倍,1.66%
20260728,1226,三菱総研,3636,東P,,"4,895",+45,+0.93%,280,11.7倍,0.97倍,3.37%
20260728,1227,ＩＧポート,3791,東S,,"1,015",+9,+0.89%,279,66.0倍,2.06倍,1.28%
20260728,1228,ＪＥＨ,5889,東P,,"2,505",-9,-0.36%,279,13.8倍,3.32倍,3.43%
20260728,1229,ＵＳＭＨ,3222,東S,,836,+13,+1.58%,277,"1,161倍",0.84倍,1.91%
20260728,1230,プレミアＧ,7199,東P,,"2,021",-39,-1.89%,277,11.4倍,3.10倍,3.17%
20260728,1231,三陽商,8011,東P,,"4,680",-165,-3.41%,276,11.5倍,1.19倍,3.93%
20260728,1232,アイル,3854,東P,,"2,300",+3,+0.13%,275,14.2倍,4.59倍,2.87%
20260728,1233,三菱紙,3864,東P,,"1,091",-60,-5.21%,275,7.35倍,0.46倍,1.83%
20260728,1234,飯野海,9119,東P,,"1,510",-24,-1.56%,275,13.2倍,1.01倍,3.05%
20260728,1235,農中日経平均,2525,東Ｅ,,"63,110","-2,550",-3.88%,273,ー倍,ー倍,ー%
20260728,1236,阪急阪神Ｒ,8977,東Ｒ,,"141,600","+1,300",+0.93%,272,ー倍,1.13倍,4.80%
20260728,1237,愛三工,7283,東P,,"2,298",-51,-2.17%,272,11.0倍,0.93倍,3.48%
20260728,1238,サン電子,6736,東S,,"9,340",-520,-5.27%,272,26.4倍,4.18倍,ー%
20260728,1239,鈴木,6785,東P,,"2,883",-132,-4.38%,272,11.1倍,1.32倍,3.64%
20260728,1240,大倉工,4221,東P,,"5,170",-20,-0.39%,272,13.6倍,0.93倍,4.26%
20260728,1241,合同鉄,5410,東P,,"2,841",+18,+0.64%,272,9.66倍,0.29倍,3.52%
20260728,1242,東和銀,8558,東P,,"1,401",-46,-3.18%,272,9.03倍,0.55倍,3.57%
20260728,1243,稀元素,4082,東P,,"1,761",-91,-4.91%,268,28.4倍,1.11倍,1.70%
20260728,1244,タマホーム,1419,東P,,"3,015",+17,+0.57%,267,21.9倍,2.95倍,4.31%
20260728,1245,大末建,1814,東P,,"3,605",-100,-2.70%,266,9.62倍,1.47倍,5.16%
20260728,1246,寺崎電気,6637,東S,,"4,010",-155,-3.72%,266,13.1倍,0.89倍,1.40%
20260728,1247,ＳＲＡＨＤ,3817,東P,,"4,690",+60,+1.30%,266,10.5倍,1.72倍,4.69%
20260728,1248,プリマ,2281,東P,,"2,502",+19,+0.77%,265,16.8倍,1.03倍,3.20%
20260728,1249,矢作建,1870,東P,,"1,936",-6,-0.31%,264,10.2倍,1.10倍,5.17%
20260728,1250,ブレーキ,7238,東P,,107,-2,-1.83%,263,11.6倍,0.91倍,ー%
20260728,1251,いちごオフィ,8975,東Ｒ,,"97,000",-600,-0.61%,263,ー倍,1.44倍,11.7%
20260728,1252,ベース,4481,東P,,"3,200",+5,+0.16%,263,12.7倍,4.09倍,5.81%
20260728,1253,わらべ日洋,2918,東P,,"2,833",-2,-0.07%,263,10.2倍,0.82倍,4.24%
20260728,1254,ＧＸロボ日株,2638,東Ｅ,,"2,553",-110,-4.13%,262,ー倍,ー倍,ー%
20260728,1255,ヒラノテク,6245,東S,,"1,577",-52,-3.19%,262,21.7倍,0.61倍,5.33%
20260728,1256,オリチェン,6380,東S,,"3,920",+20,+0.51%,262,71.2倍,3.39倍,0.51%
20260728,1257,小野測器,6858,東S,,789,-25,-3.07%,261,10.2倍,0.49倍,3.80%
20260728,1258,ＫＰＰＧＨＤ,9274,東P,,"1,092",-20,-1.80%,260,13.6倍,0.76倍,3.66%
20260728,1259,岡本硝子,7746,東S,,736,-34,-4.42%,260,285倍,8.14倍,ー%
20260728,1260,４℃ホールデ,8008,東P,,"2,028",-26,-1.27%,260,16.4倍,1.09倍,4.19%
20260728,1261,サンワテク,8137,東P,,"3,710",-125,-3.26%,260,13.8倍,1.10倍,3.50%
20260728,1262,エスコン,8892,東P,,"1,118",+1,+0.09%,259,7.66倍,1.30倍,4.74%
20260728,1263,Ｔ－ＢＡＳＥ,3415,東P,,412,-9,-2.14%,259,11.7倍,2.79倍,1.70%
20260728,1264,ＴＫＰ,3479,東G,,"1,850",0,0.00%,259,17.3倍,1.35倍,ー%
20260728,1265,大日精,4116,東P,,"1,101",-4,-0.36%,259,11.4倍,0.54倍,5.00%
20260728,1266,ＪＣＲファ,4552,東P,,518,-14,-2.63%,258,316倍,1.35倍,3.86%
20260728,1267,日本リート,3296,東Ｒ,,"85,100",0,0.00%,258,ー倍,1.17倍,5.69%
20260728,1268,木曽路,8160,東P,,"2,466",+38,+1.57%,258,33.1倍,2.20倍,1.22%
20260728,1269,ＧＸゲー日株,2640,東Ｅ,,"3,850",+60,+1.58%,258,ー倍,ー倍,ー%
20260728,1270,東陽テク,8151,東P,,"1,924",-57,-2.88%,256,16.0倍,1.40倍,3.64%
20260728,1271,ＴＯＫＡＩ,3167,東P,,"1,167",+12,+1.04%,256,13.7倍,1.48倍,3.26%
20260728,1272,ダイナマップ,336A,東G,,821,+11,+1.36%,255,ー倍,2.69倍,ー%
20260728,1273,ＮＳグループ,471A,東P,,"1,495",-20,-1.32%,255,9.21倍,2.51倍,5.08%
20260728,1274,水戸,8622,東P,,775,-16,-2.02%,255,ー倍,1.09倍,ー%
20260728,1275,あらた,2733,東P,,"2,636",+16,+0.61%,254,12.6倍,0.71倍,4.25%
20260728,1276,住友精化,4008,東P,,"1,230",-53,-4.13%,254,ー倍,0.76倍,3.90%
20260728,1277,ホットランド,3196,東P,,"1,663",+2,+0.12%,254,53.9倍,3.76倍,0.78%
20260728,1278,大王紙,3880,東P,,988,-5,-0.50%,254,12.7倍,0.67倍,1.42%
20260728,1279,コーセル,6905,東P,,"1,249",-33,-2.57%,254,32.0倍,0.98倍,4.80%
20260728,1280,フルキャスト,4848,東P,,"1,712",+27,+1.60%,254,11.0倍,1.93倍,3.74%
20260728,1281,シグマクシス,6088,東P,,592,+2,+0.34%,253,10.7倍,3.35倍,4.39%
20260728,1282,菱鉛筆,7976,東P,,"2,623",-9,-0.34%,253,17.0倍,0.93倍,2.10%
20260728,1283,エネクスＩＦ,9286,東IF,,"47,150",-450,-0.95%,253,ー倍,0.57倍,6.41%
20260728,1284,加藤産,9869,東P,,"6,410",+80,+1.26%,252,13.5倍,1.10倍,2.50%
20260728,1285,コスピベア,2034,東EN,,"2,113",+135,+6.83%,252,ー倍,ー倍,ー%
20260728,1286,パソナＧ,2168,東P,,"1,580",+5,+0.32%,252,ー倍,0.47倍,4.75%
20260728,1287,藤コンポ,5121,東P,,"2,435",-52,-2.09%,251,11.8倍,1.16倍,3.53%
20260728,1288,冶金工,5480,東P,,"5,060",-60,-1.17%,251,8.76倍,0.69倍,4.35%
20260728,1289,星野Ｒリート,3287,東Ｒ,,"247,300",+600,+0.24%,251,ー倍,0.99倍,5.42%
20260728,1290,リベラウェア,218A,東G,,982,-50,-4.84%,251,ー倍,28.6倍,ー%
20260728,1291,福岡リート,8968,東Ｒ,,"181,800",-500,-0.27%,250,ー倍,1.39倍,4.40%
20260728,1292,Ｋｕｄａｎ,4425,東G,,"1,668",-61,-3.53%,249,ー倍,7.20倍,ー%
20260728,1293,フィーチャ,4052,東G,Ｓ,321,-80,-19.95%,249,134倍,2.71倍,ー%
20260728,1294,ＧＸ防衛日株,513A,東Ｅ,,823,-22,-2.60%,249,ー倍,ー倍,ー%
20260728,1295,丸三,8613,東P,,"1,128",-12,-1.05%,248,ー倍,1.46倍,ー%
20260728,1296,シークス,7613,東P,,"1,402",-41,-2.84%,248,11.0倍,0.62倍,3.57%
20260728,1297,野村米十債,2647,東Ｅ,,"6,062",+9,+0.15%,247,ー倍,ー倍,ー%
20260728,1298,昭和産,2004,東P,,"3,590",+65,+1.84%,246,12.3倍,0.78倍,3.90%
20260728,1299,ホーチキ,6745,東P,,"1,913",-59,-2.99%,246,15.9倍,2.09倍,2.09%
20260728,1300,品川リフラ,5351,東P,,"2,067",-21,-1.01%,245,9.44倍,0.88倍,4.60%
20260728,1301,日リーテック,1938,東P,,"2,448",-81,-3.20%,245,9.88倍,0.88倍,3.96%
20260728,1302,明星工,1976,東P,,"1,976",-18,-0.90%,245,16.2倍,1.31倍,3.29%
20260728,1303,山王,3441,東S,,"2,447",-193,-7.31%,244,8.11倍,1.26倍,1.02%
20260728,1304,エイチーム,3662,東P,,997,-3,-0.30%,243,30.9倍,2.13倍,2.81%
20260728,1305,アステリア,3853,東P,,"1,032",-50,-4.62%,243,ー倍,2.25倍,0.97%
20260728,1306,エイベックス,7860,東P,,"1,320",+15,+1.15%,243,17.6倍,1.09倍,3.79%
20260728,1307,スターゼン,8043,東P,,"1,348",+23,+1.74%,242,9.06倍,0.80倍,3.71%
20260728,1308,いちご,2337,東P,,430,-2,-0.46%,240,9.36倍,1.55倍,3.60%
20260728,1309,ゲオＨＤ,2681,東P,,"2,110",+9,+0.43%,239,14.0倍,0.86倍,1.61%
20260728,1310,ＢＢタワー,3776,東S,,230,-7,-2.95%,239,29.5倍,1.61倍,0.87%
20260728,1311,カーボン,5302,東P,,"4,665",-85,-1.79%,239,18.7倍,0.94倍,4.29%
20260728,1312,リコーリース,8566,東P,,"6,730",-30,-0.44%,238,17.4倍,0.86倍,3.80%
20260728,1313,ミマキエンジ,6638,東P,,"2,113",-85,-3.87%,238,10.0倍,1.53倍,2.60%
20260728,1314,ソフトウェア,3733,東S,,"10,930",+170,+1.58%,238,9.03倍,1.34倍,1.56%
20260728,1315,共英製鋼,5440,東P,,"1,935",+5,+0.26%,237,9.34倍,0.40倍,3.62%
20260728,1316,長野計器,7715,東P,,"3,545",-295,-7.68%,237,15.3倍,1.37倍,1.69%
20260728,1317,ゴールドクレ,8871,東S,,"3,360",-15,-0.44%,236,11.8倍,0.82倍,4.76%
20260728,1318,日精線,5659,東P,,"1,342",-57,-4.07%,236,14.7倍,0.97倍,3.43%
20260728,1319,スターマイカ,2975,東P,,"1,492",-8,-0.53%,236,9.39倍,1.68倍,3.42%
20260728,1320,世紀東急,1898,東P,,"1,489",-3,-0.20%,235,11.6倍,1.23倍,5.04%
20260728,1321,中発条,5992,東S,,"3,710",-50,-1.33%,235,39.0倍,1.07倍,2.43%
20260728,1322,ネットプロ,7383,東P,,431,+1,+0.23%,234,19.6倍,2.04倍,ー%
20260728,1323,カメイ,8037,東P,,"3,790",+10,+0.26%,234,10.5倍,0.67倍,3.43%
20260728,1324,ヤマシン―Ｆ,6240,東P,,535,-16,-2.90%,234,18.6倍,1.63倍,3.74%
20260728,1325,フタバ,7241,東P,,"1,020",+2,+0.20%,233,6.51倍,0.66倍,4.41%
20260728,1326,紙パル商,8032,東P,,"1,115",-12,-1.06%,233,15.3倍,0.95倍,3.23%
20260728,1327,オハラ,5218,東S,,"1,421",+1,+0.07%,232,24.1倍,0.64倍,1.76%
20260728,1328,日本ライフＬ,7575,東P,,"1,424",+6,+0.42%,232,12.5倍,1.52倍,3.93%
20260728,1329,双葉電,6986,東P,,575,-26,-4.33%,231,ー倍,0.29倍,ー%
20260728,1330,丸文,7537,東P,,"1,650",-61,-3.57%,230,10.8倍,0.76倍,4.67%
20260728,1331,宝＆ＣＯ,7921,東P,,"4,425",-15,-0.34%,230,16.3倍,1.76倍,4.07%
20260728,1332,富士製薬,4554,東P,,"1,863",-6,-0.32%,230,21.7倍,0.95倍,2.63%
20260728,1333,理ビタ,4526,東P,,"3,200",+25,+0.79%,229,12.4倍,1.11倍,3.44%
20260728,1334,いちよし,8624,東P,,"1,497",-53,-3.42%,229,ー倍,1.56倍,ー%
20260728,1335,ムービン,421A,東G,,"3,685",-200,-5.15%,228,17.8倍,7.49倍,ー%
20260728,1336,ユニソルＨＤ,7128,東P,,"2,719",-37,-1.34%,228,31.1倍,0.91倍,6.66%
20260728,1337,ＮＩＳＳＨＡ,7915,東P,,"1,353",-36,-2.59%,227,20.1倍,0.55倍,3.70%
20260728,1338,原油先Ｗブル,2038,東EN,,"2,225",-51,-2.24%,227,ー倍,ー倍,ー%
20260728,1339,山善,8051,東P,,"1,754",-12,-0.68%,226,15.9倍,1.04倍,3.19%
20260728,1340,ｉＳＳＰカバ,452A,東Ｅ,,825.5,-3.4,-0.41%,226,ー倍,ー倍,ー%
20260728,1341,ＢＭＬ,4694,東P,,"3,610",+5,+0.14%,225,19.3倍,1.06倍,3.46%
20260728,1342,三洋化,4471,東P,,"4,810",-175,-3.51%,224,11.8倍,0.67倍,3.64%
20260728,1343,ＨＰＣシス,6597,東G,,"3,275",-130,-3.82%,224,26.4倍,5.15倍,0.98%
20260728,1344,ＢＡＳＥ,4477,東G,,306,+1,+0.33%,224,23.5倍,2.42倍,1.63%
20260728,1345,ソシラ物流,2979,東Ｒ,,"108,600",+300,+0.28%,224,ー倍,1.01倍,4.97%
20260728,1346,まんだらけ,2652,東S,,405,-30,-6.90%,224,9.31倍,1.02倍,0.25%
20260728,1347,ユーグレナ,2931,東P,,344,-6,-1.71%,224,ー倍,1.46倍,ー%
20260728,1348,東証グロース,2516,東Ｅ,,536.5,-14.5,-2.63%,223,ー倍,ー倍,ー%
20260728,1349,ＩＭＶ,7760,東S,,"2,230",-161,-6.73%,223,19.2倍,2.73倍,1.35%
20260728,1350,ＴＰＲ,6463,東P,,"1,442",-9,-0.62%,223,11.4倍,0.53倍,3.88%
20260728,1351,三愛オブリ,8097,東P,,"2,340",+9,+0.39%,223,17.7倍,1.25倍,4.27%
20260728,1352,ＳＰＤＲ５百,1557,東Ｅ,,"120,700","-1,300",-1.07%,223,ー倍,ー倍,ー%
20260728,1353,ゼリア新薬,4559,東P,,"2,120",+16,+0.76%,221,9.34倍,0.86倍,2.36%
20260728,1354,ギフティＧ,590A,東P,,"1,043",+2,+0.19%,221,ー倍,3.65倍,1.53%
20260728,1355,ゼンリン,9474,東P,,944,+14,+1.51%,219,20.2倍,1.03倍,4.45%
20260728,1356,カーバイド,4064,東P,,"3,175",-135,-4.08%,219,9.55倍,0.77倍,4.22%
20260728,1357,高砂香,4914,東P,,"1,198",-13,-1.07%,219,12.4倍,0.76倍,4.34%
20260728,1358,Ｇセキュリ,4417,東G,,"4,405",-45,-1.01%,218,33.1倍,15.0倍,1.11%
20260728,1359,日比谷設,1982,東P,,"2,850",-89,-3.03%,218,13.5倍,1.48倍,3.86%
20260728,1360,マースＧＨＤ,6419,東P,,"3,150",-15,-0.47%,218,8.43倍,0.66倍,4.76%
20260728,1361,タチエス,7239,東P,,"2,221",+21,+0.95%,217,8.86倍,0.73倍,5.18%
20260728,1362,あさひ,3333,東P,,"1,335",-3,-0.22%,217,12.7倍,0.83倍,3.75%
20260728,1363,メタルアート,5644,東S,,"7,670",-50,-0.65%,217,16.0倍,0.84倍,ー%
20260728,1364,エネクス,8133,東P,,"2,080",-4,-0.19%,217,14.2倍,1.29倍,3.27%
20260728,1365,指月電,6994,東S,,990,-55,-5.26%,216,12.5倍,0.99倍,2.42%
20260728,1366,正栄食,8079,東P,,"4,540",+40,+0.89%,215,18.8倍,1.28倍,1.98%
20260728,1367,ＯｎｅＪリト,2556,東Ｅ,,"1,928.5",-3.0,-0.16%,215,ー倍,ー倍,ー%
20260728,1368,エン,4849,東P,,"1,306",+9,+0.69%,215,9.02倍,1.57倍,5.23%
20260728,1369,ｉＦＴＰＷブ,1367,東Ｅ,,"2,928",-135,-4.41%,215,ー倍,ー倍,ー%
20260728,1370,ＬＩＮＫ＆Ｍ,2170,東P,,612,+2,+0.33%,215,18.8倍,5.21倍,2.68%
20260728,1371,リンガハット,8200,東P,,"2,371",+15,+0.64%,214,51.2倍,4.00倍,0.55%
20260728,1372,日農薬,4997,東P,,"1,057",-24,-2.22%,214,11.2倍,0.97倍,3.60%
20260728,1373,ＫｅｅＰｅｒ,6036,東P,,"2,754",-18,-0.65%,214,8.05倍,3.13倍,3.63%
20260728,1374,東京鉄,5445,東P,,"1,950",-15,-0.76%,213,6.87倍,0.77倍,5.13%
20260728,1375,高速,7504,東P,,"3,840",-10,-0.26%,213,18.8倍,1.77倍,3.13%
20260728,1376,クオンツ総研,9552,東P,,903,-8,-0.88%,213,13.3倍,6.70倍,ー%
20260728,1377,ｉＳ米２０Ｈ,2621,東Ｅ,,"1,013",+1,+0.10%,213,ー倍,ー倍,ー%
20260728,1378,レナ,4889,東G,,"1,493",-52,-3.37%,213,ー倍,6.21倍,ー%
20260728,1379,オークネット,3964,東P,,"1,395",-14,-0.99%,213,16.9倍,4.71倍,3.01%
20260728,1380,テイカ,4027,東P,,"2,240",-62,-2.69%,213,28.2倍,0.83倍,3.57%
20260728,1381,ベルパーク,9441,東S,,"2,827",+292,+11.52%,213,7.44倍,1.23倍,5.09%
20260728,1382,積化成,4228,東P,,509,-9,-1.74%,212,9.30倍,0.46倍,3.34%
20260728,1383,ＤＮＣ,4246,東P,,"1,018",-2,-0.20%,212,7.20倍,0.75倍,5.60%
20260728,1384,ベルーナ,9997,東P,,"1,067",-14,-1.30%,212,8.56倍,0.68倍,3.66%
20260728,1385,前田工繊,7821,東P,,"1,885",-9,-0.48%,211,16.5倍,1.68倍,1.49%
20260728,1386,ＳＭＫ,6798,東P,,"3,000",-105,-3.38%,211,23.7倍,0.61倍,3.33%
20260728,1387,ブロドリーフ,3673,東P,,437,+2,+0.46%,211,24.7倍,3.22倍,1.77%
20260728,1388,アイピーエス,4390,東P,,"3,415",-70,-2.01%,211,10.6倍,2.37倍,1.17%
20260728,1389,大光銀,8537,東S,,"2,825",-70,-2.42%,211,8.17倍,0.33倍,3.75%
20260728,1390,日ギア,6356,東S,,"1,296",-83,-6.02%,210,10.5倍,1.27倍,0.77%
20260728,1391,セイワＨＤ,523A,東G,,"1,429",-122,-7.87%,210,ー倍,4.36倍,ー%
20260728,1392,図研,6947,東P,,"4,740",+60,+1.28%,210,17.5倍,2.42倍,3.16%
20260728,1393,文化シヤタ,5930,東P,,"1,959",-5,-0.25%,210,10.6倍,1.15倍,3.78%
20260728,1394,新日本科学,2395,東P,,"1,316",-8,-0.60%,210,15.7倍,1.27倍,3.80%
20260728,1395,日伝,9902,東P,,"2,800",-52,-1.82%,210,15.0倍,0.90倍,3.57%
20260728,1396,ＰＨＣＨＤ,6523,東P,,"1,102",-5,-0.45%,209,9.10倍,0.87倍,3.81%
20260728,1397,セレンＨＤ,7318,東G,,"1,907",-97,-4.84%,208,15.8倍,2.57倍,ー%
20260728,1398,トヨカネツ,6369,東P,,"2,415",-40,-1.63%,208,13.9倍,0.93倍,4.35%
20260728,1399,地主,3252,東P,,"2,931",-36,-1.21%,208,7.58倍,1.22倍,4.44%
20260728,1400,ＧＡテクノ,3491,東G,,"1,313",-10,-0.76%,207,9.87倍,1.64倍,0.99%
20260728,1401,メドレー,4480,東P,,"1,993",-13,-0.65%,207,33.3倍,4.59倍,ー%
20260728,1402,エアロエッジ,7409,東G,,"1,402",-106,-7.03%,207,49.6倍,7.55倍,ー%
20260728,1403,東洋電,6505,東S,,"2,355",-32,-1.34%,206,8.17倍,0.69倍,4.93%
20260728,1404,ＣＡＮＢＡＳ,4575,東G,,730,-39,-5.07%,206,ー倍,7.06倍,ー%
20260728,1405,Ｏｎｅ高配当,1494,東Ｅ,,"44,100",-700,-1.56%,205,ー倍,ー倍,ー%
20260728,1406,野村鉄鋼非鉄,1623,東Ｅ,,"57,430","-3,030",-5.01%,205,ー倍,ー倍,ー%
20260728,1407,日本国土開発,1887,東P,,513,-8,-1.54%,205,10.2倍,0.57倍,4.87%
20260728,1408,プレス工,7246,東P,,841,-6,-0.71%,205,11.7倍,0.68倍,5.23%
20260728,1409,グロバワン,8958,東Ｒ,,"112,600",0,0.00%,204,ー倍,1.23倍,5.68%
20260728,1410,渋谷工,6340,東P,,"4,240",-110,-2.53%,203,12.6倍,1.04倍,2.24%
20260728,1411,ヴレインＳ,135A,東G,,"3,535",-250,-6.61%,203,37.3倍,17.6倍,ー%
20260728,1412,サンフロ不,8934,東P,,"2,548",-14,-0.55%,202,8.38倍,1.22倍,3.14%
20260728,1413,平河ヒューテ,5821,東P,,"2,991",-84,-2.73%,201,13.7倍,1.10倍,1.77%
20260728,1414,高松グループ,1762,東P,,"3,845",+5,+0.13%,201,10.7倍,0.91倍,3.75%
20260728,1415,ダイコク電,6430,東P,,"2,420",-4,-0.17%,201,11.4倍,0.71倍,4.13%
20260728,1416,ＳＢＩリーシ,5834,東G,,"2,743",-85,-3.01%,200,7.17倍,1.52倍,4.19%
20260728,1417,ＺＡＣＲＯＳ,7917,東P,,"1,357",-37,-2.65%,200,14.9倍,1.02倍,2.65%
20260728,1418,ホクト,1379,東P,,"1,958",+4,+0.20%,200,11.7倍,0.94倍,3.17%
20260728,1419,ＣＡＩＣＡＤ,2315,東S,,58,-2,-3.33%,200,114倍,1.69倍,ー%
20260728,1420,ニッケ,3201,東P,,"1,904",-23,-1.19%,199,13.1倍,0.92倍,2.63%
20260728,1421,明和産,8103,東P,,916,-6,-0.65%,199,9.40倍,0.84倍,5.13%
20260728,1422,石井表記,6336,東S,,"1,482",-121,-7.55%,198,12.5倍,1.09倍,2.43%
20260728,1423,セレス,3696,東P,,"2,120",+15,+0.71%,198,4.15倍,1.85倍,4.25%
20260728,1424,都築電,8157,東P,,"4,030",-110,-2.66%,197,12.8倍,1.52倍,4.71%
20260728,1425,ポート,7047,東G,,"2,346",-82,-3.38%,196,9.30倍,2.92倍,0.55%
20260728,1426,ホソミクロン,6277,東P,,"4,935",-85,-1.69%,196,13.9倍,1.02倍,2.84%
20260728,1427,丸全運,9068,東P,,"7,710",-80,-1.03%,196,11.4倍,1.05倍,2.72%
20260728,1428,野村米半導,346A,東Ｅ,,"4,794",-365,-7.08%,195,ー倍,ー倍,ー%
20260728,1429,井関農,6310,東P,,"1,847",-88,-4.55%,195,13.9倍,0.56倍,2.44%
20260728,1430,ＴＯＲＥＸ,6616,東P,,"1,695",-139,-7.58%,195,12.8倍,0.96倍,3.30%
20260728,1431,巴工業,6309,東P,,"1,898",-35,-1.81%,194,12.7倍,1.27倍,4.00%
20260728,1432,エスケーエレ,6677,東S,,"3,430",-95,-2.70%,194,11.1倍,1.00倍,4.43%
20260728,1433,ハマキョウ,9037,東P,,"1,830",+8,+0.44%,194,12.6倍,1.38倍,2.51%
20260728,1434,トランシティ,9310,東P,,"1,342",+20,+1.51%,194,12.4倍,0.82倍,3.24%
20260728,1435,三光合成,7888,東P,,914,-23,-2.45%,193,6.19倍,0.80倍,3.50%
20260728,1436,スパークス,8739,東P,,"2,228",-9,-0.40%,192,ー倍,2.25倍,4.22%
20260728,1437,建設技研,9621,東P,,"2,978",+38,+1.29%,192,11.6倍,1.20倍,2.62%
20260728,1438,板硝子,5202,東P,,483,-1,-0.21%,192,22.9倍,0.45倍,ー%
20260728,1439,アイダ,6118,東P,,"1,189",-13,-1.08%,191,15.0倍,0.75倍,3.28%
20260728,1440,弁護士ＣＯＭ,6027,東P,,"2,281",-35,-1.51%,189,26.0倍,7.30倍,ー%
20260728,1441,ニチハ,7943,東P,,"3,090",-10,-0.32%,189,12.8倍,0.84倍,3.69%
20260728,1442,ＹＵＡＳＡ,8074,東P,,"5,680",-30,-0.53%,188,10.4倍,1.00倍,3.35%
20260728,1443,アイサンテク,4667,東S,,"1,800",-119,-6.20%,188,17.4倍,1.46倍,2.06%
20260728,1444,日経エンタメ,586A,東Ｅ,,234.0,+10.7,+4.79%,188,ー倍,ー倍,ー%
20260728,1445,純プラ信託,1541,東Ｅ,,"7,655",-83,-1.07%,188,ー倍,ー倍,ー%
20260728,1446,ＤＭ三井製糖,2109,東P,,"3,465",+25,+0.73%,188,14.0倍,0.96倍,4.04%
20260728,1447,ムゲンＥ,3299,東S,,"1,984",-30,-1.49%,187,6.16倍,1.35倍,6.55%
20260728,1448,ハイレックス,7279,東S,,"2,196",-29,-1.30%,187,2.20倍,0.38倍,3.64%
20260728,1449,ツバキナカ,6464,東P,,352,-16,-4.35%,186,26.9倍,0.35倍,ー%
20260728,1450,安田倉,9324,東P,,"2,602",+13,+0.50%,184,12.1倍,0.69倍,2.84%
20260728,1451,Ｏｎｅリート,3290,東Ｒ,,"79,400",+500,+0.63%,184,ー倍,1.25倍,6.15%
20260728,1452,福田組,1899,東P,,"3,885",-75,-1.89%,183,12.9倍,0.72倍,3.35%
20260728,1453,エイチワン,5989,東P,,"1,526",-37,-2.37%,183,3.90倍,0.54倍,4.59%
20260728,1454,八洲電機,3153,東P,,"2,912",-72,-2.41%,183,11.3倍,1.70倍,1.92%
20260728,1455,ガリレイ,6420,東P,,"3,350",-20,-0.59%,182,10.9倍,1.19倍,2.66%
20260728,1456,アクシアル,8255,東P,,"1,246",+22,+1.80%,181,13.7倍,1.15倍,2.33%
20260728,1457,ミラースＨＤ,8897,東P,,412,-4,-0.96%,181,6.88倍,0.66倍,5.58%
20260728,1458,ｉＦプ１５０,2017,東Ｅ,,"1,468",-42,-2.78%,181,ー倍,ー倍,ー%
20260728,1459,モリト,9837,東P,,"1,795",-30,-1.64%,181,14.8倍,1.10倍,4.01%
20260728,1460,サカイ引越,9039,東P,,"3,030",+20,+0.66%,180,14.0倍,1.23倍,3.86%
20260728,1461,四電工,1939,東P,,"1,997",-28,-1.38%,180,14.3倍,1.33倍,4.21%
20260728,1462,ｉＳ高配当,1478,東Ｅ,,"5,369",-9,-0.17%,179,ー倍,ー倍,ー%
20260728,1463,不動テトラ,1813,東P,,"2,678",-56,-2.05%,179,12.7倍,1.07倍,4.29%
20260728,1464,イー・ギャラ,8771,東P,,"1,852",-11,-0.59%,179,21.7倍,4.07倍,4.54%
20260728,1465,マイポックス,5381,東S,,741,-68,-8.41%,179,14.8倍,1.15倍,1.35%
20260728,1466,木村化,6378,東S,,"1,199",-21,-1.72%,178,12.4倍,1.12倍,3.42%
20260728,1467,農中Ｊリコア,2527,東Ｅ,,"1,153",+2,+0.17%,177,ー倍,ー倍,ー%
20260728,1468,霞ヶ関ホテル,401A,東Ｒ,,"97,700",-600,-0.61%,177,ー倍,0.99倍,6.00%
20260728,1469,リバーエレク,6666,東S,,683,-55,-7.45%,176,"2,846倍",1.23倍,1.46%
20260728,1470,ノーリツ,5943,東P,,"2,387",-8,-0.33%,174,12.7倍,0.76倍,3.94%
20260728,1471,ニシオＨＤ,9699,東P,,"4,185",-85,-1.99%,174,9.52倍,0.81倍,3.15%
20260728,1472,亀田製菓,2220,東P,,"1,250",+8,+0.64%,174,18.4倍,0.77倍,1.92%
20260728,1473,サンケイＲＥ,2972,東Ｒ,,"107,300","-2,100",-1.92%,174,ー倍,1.10倍,6.64%
20260728,1474,日本管財ＨＤ,9347,東P,,"2,819",+24,+0.86%,174,14.0倍,1.37倍,2.13%
20260728,1475,ＪＳＰ,7942,東P,,"2,506",-37,-1.45%,173,13.1倍,0.60倍,3.99%
20260728,1476,インスペック,6656,東S,,943,-172,-15.43%,173,47.3倍,4.59倍,ー%
20260728,1477,キーコーヒー,2594,東P,,"2,004",+10,+0.50%,173,57.2倍,1.35倍,0.60%
20260728,1478,バリュエンス,9270,東G,,"1,838",-71,-3.72%,172,8.07倍,2.31倍,2.45%
20260728,1479,イーレックス,9517,東P,,859,-24,-2.72%,172,12.4倍,0.95倍,2.56%
20260728,1480,河合楽,7952,東P,,"3,200",-85,-2.59%,170,17.2倍,0.59倍,2.97%
20260728,1481,アジアパイル,5288,東P,,"1,510",-30,-1.95%,170,7.47倍,1.10倍,4.64%
20260728,1482,プリモＧＨＤ,367A,東S,,"2,616",-39,-1.47%,170,10.6倍,1.13倍,4.59%
20260728,1483,応用地質,9755,東P,,"2,821",-22,-0.77%,169,16.5倍,0.82倍,3.90%
20260728,1484,前沢ＨＤ,575A,東P,,"1,820",-21,-1.14%,168,3.63倍,ー倍,3.46%
20260728,1485,リケンテクノ,4220,東P,,"1,794",-37,-2.02%,168,12.6倍,1.26倍,3.01%
20260728,1486,オイレス,6282,東P,,"2,806",-48,-1.68%,168,16.1倍,1.02倍,3.39%
20260728,1487,第一実,8059,東P,,"3,475",-55,-1.56%,167,11.8倍,1.22倍,3.60%
20260728,1488,新日本建,1879,東P,,"2,112",-12,-0.56%,167,7.06倍,0.92倍,3.65%
20260728,1489,甜菜糖,2108,東P,,"5,120",+30,+0.59%,167,50.2倍,0.78倍,5.08%
20260728,1490,サンマルク,3395,東P,,"2,611",+18,+0.69%,167,19.3倍,1.78倍,2.07%
20260728,1491,Ｒみらい,3476,東Ｒ,,"42,300",+50,+0.12%,167,ー倍,0.92倍,6.10%
20260728,1492,ドウシシャ,7483,東P,,"3,035",+15,+0.50%,166,12.7倍,1.15倍,3.62%
20260728,1493,ジェイドＧ,3558,東G,,"1,620",-58,-3.46%,165,ー倍,2.16倍,ー%
20260728,1494,ｉＦ高配４０,1651,東Ｅ,,"3,277",+3,+0.09%,165,ー倍,ー倍,ー%
20260728,1495,児玉化,4222,東S,,569,-24,-4.05%,165,6.32倍,0.31倍,1.76%
20260728,1496,ビープラッツ,4381,東G,,326,-58,-15.10%,164,23.3倍,-2.2倍,ー%
20260728,1497,持田薬,4534,東P,,"3,185",-10,-0.31%,164,11.3倍,0.80倍,2.67%
20260728,1498,東京綱,5981,東P,,"1,912",-57,-2.89%,164,9.83倍,0.72倍,3.66%
20260728,1499,中部鋼鈑,5461,東P,,"2,128",+8,+0.38%,163,63.4倍,0.76倍,5.31%
20260728,1500,菱製鋼,5632,東P,,"2,124",-62,-2.84%,162,10.4倍,0.66倍,4.90%
20260728,1501,モリタＨＤ,6455,東P,,"2,500",-14,-0.56%,162,10.6倍,1.01倍,2.56%
20260728,1502,ＪＵＫＩ,6440,東P,,509,-31,-5.74%,161,10.0倍,0.47倍,2.95%
20260728,1503,システムリサ,3771,東P,,"1,847",+6,+0.33%,161,10.8倍,2.41倍,4.33%
20260728,1504,トランザク,7818,東P,,"1,202",-17,-1.39%,161,15.9倍,3.11倍,2.58%
20260728,1505,積水樹,4212,東P,,"2,652",-15,-0.56%,161,18.1倍,0.80倍,3.09%
20260728,1506,クラシル,299A,東G,,"1,050",+12,+1.16%,161,18.3倍,3.40倍,ー%
20260728,1507,Ｔワークス,3997,東S,,383,+19,+5.22%,160,51.9倍,5.86倍,0.52%
20260728,1508,いちごホテル,3463,東Ｒ,,"122,000",-400,-0.33%,160,ー倍,0.97倍,5.85%
20260728,1509,ＣＲＥロジ,3487,東Ｒ,,"144,400",+400,+0.28%,160,ー倍,1.07倍,5.32%
20260728,1510,リミックス,3825,東S,,191,-9,-4.50%,158,3.34倍,1.17倍,1.57%
20260728,1511,ベルク,9974,東P,,"6,620",+80,+1.22%,158,10.6倍,1.13倍,1.99%
20260728,1512,松風,7979,東P,,"2,124",-14,-0.65%,158,15.9倍,1.56倍,2.87%
20260728,1513,野村インド株,1678,東Ｅ,,323.4,+2.8,+0.87%,158,ー倍,ー倍,ー%
20260728,1514,オリエン白石,1786,東P,,369,-2,-0.54%,158,17.3倍,0.89倍,3.93%
20260728,1515,ＴＤＣソフト,4687,東P,,"1,093",+23,+2.15%,157,13.0倍,2.17倍,3.11%
20260728,1516,ＪＳＢ,3480,東P,,"9,000",+20,+0.22%,157,32.0倍,4.12倍,ー%
20260728,1517,カワチ薬品,2664,東P,,"3,355",+30,+0.90%,157,25.0倍,0.65倍,2.98%
20260728,1518,ＹＫＴ,2693,東S,,313,-28,-8.21%,157,72.6倍,0.45倍,1.60%
20260728,1519,エノモト,6928,東S,,"2,339",-175,-6.96%,156,11.0倍,0.66倍,3.29%
20260728,1520,カッパクリエ,7421,東P,,"1,575",+23,+1.48%,156,83.0倍,7.61倍,ー%
20260728,1521,ククレブ,276A,東G,,"3,340",-260,-7.22%,156,24.5倍,3.55倍,0.90%
20260728,1522,北越コーポ,3865,東P,,929,-15,-1.59%,156,29.5倍,0.59倍,2.80%
20260728,1523,コロプラ,3668,東P,,387,-2,-0.51%,155,ー倍,0.75倍,ー%
20260728,1524,ユニバーサル,6425,東S,,653,+4,+0.62%,155,25.3倍,0.40倍,ー%
20260728,1525,日ヒュム,5262,東P,,"1,049",-25,-2.33%,155,15.7倍,1.02倍,2.48%
20260728,1526,ＰＢＲ１解消,2080,東Ｅ,,"2,042",-37,-1.78%,155,ー倍,ー倍,ー%
20260728,1527,ｍｅｉｔｏ,2207,東P,,"3,145",-25,-0.79%,154,24.4倍,0.83倍,2.54%
20260728,1528,長谷川香料,4958,東P,,"3,260",-30,-0.91%,154,18.1倍,1.00倍,3.07%
20260728,1529,バンドー,5195,東P,,"2,360",0,0.00%,154,12.0倍,1.03倍,4.24%
20260728,1530,エリアリンク,8914,東S,,953,+10,+1.06%,154,13.1倍,1.64倍,2.78%
20260728,1531,静ガス,9543,東P,,"1,279",-1,-0.08%,153,10.6倍,0.70倍,3.44%
20260728,1532,網屋,4258,東G,,"4,330",-60,-1.37%,153,42.0倍,17.9倍,ー%
20260728,1533,ミライアル,4238,東S,,"1,582",-106,-6.28%,153,ー倍,0.61倍,ー%
20260728,1534,野村金融,1632,東Ｅ,,"43,800",-740,-1.66%,153,ー倍,ー倍,ー%
20260728,1535,ファンペップ,4881,東G,,52,-16,-23.53%,152,ー倍,1.69倍,ー%
20260728,1536,りたりこ,7366,東P,,"1,588",-24,-1.49%,152,16.4倍,3.77倍,0.94%
20260728,1537,特種東海,3708,東P,,"2,137",-40,-1.84%,152,16.2倍,0.90倍,4.40%
20260728,1538,エンビプロ,5698,東S,,763,-35,-4.39%,152,12.1倍,1.21倍,2.88%
20260728,1539,ジーテクト,5970,東P,,"2,142",+1,+0.05%,152,7.05倍,0.41倍,4.58%
20260728,1540,西部技研,6223,東S,,"1,980",-85,-4.12%,151,9.94倍,1.23倍,3.54%
20260728,1541,デンヨー,6517,東P,,"3,595",-70,-1.91%,151,12.3倍,0.88倍,3.34%
20260728,1542,電気興,6706,東P,,"2,991",-29,-0.96%,150,11.3倍,0.71倍,3.51%
20260728,1543,東海道リート,2989,東Ｒ,,"103,400",+100,+0.10%,150,ー倍,1.20倍,6.25%
20260728,1544,ＶＴＨＤ,7593,東P,,490,+1,+0.20%,150,8.14倍,0.81倍,4.90%
20260728,1545,沖縄電,9511,東P,,931,-11,-1.17%,150,ー倍,0.39倍,ー%
20260728,1546,グッドコムＡ,3475,東P,,"1,546",+12,+0.78%,150,9.78倍,3.17倍,2.98%
20260728,1547,アドソル日進,3837,東P,,"1,498",+16,+1.08%,150,15.7倍,3.74倍,3.20%
20260728,1548,内外テック,3374,東S,,"2,984",-226,-7.04%,149,10.4倍,0.82倍,3.69%
20260728,1549,サムティＲ,3459,東Ｒ,,"95,600",-100,-0.10%,149,ー倍,0.95倍,5.44%
20260728,1550,Ｏｎｅトピ,1473,東Ｅ,,"4,034",-105,-2.54%,148,ー倍,ー倍,ー%
20260728,1551,カナディアン,9284,東IF,,"76,300","-1,000",-1.29%,148,ー倍,0.74倍,7.82%
20260728,1552,地銀業界改革,395A,東Ｅ,,"1,050.0",-10.5,-0.99%,148,ー倍,ー倍,ー%
20260728,1553,エヌピーシー,6255,東G,,596,-20,-3.25%,147,23.5倍,1.23倍,1.68%
20260728,1554,木村工機,6231,東S,,"12,120",-540,-4.27%,146,12.3倍,3.04倍,1.65%
20260728,1555,ＡＣＣＥＳＳ,4813,東P,,341,-5,-1.45%,146,21.1倍,1.90倍,ー%
20260728,1556,チヨダ,8185,東P,,"1,006",-2,-0.20%,146,31.1倍,0.69倍,5.37%
20260728,1557,バイタルＫＳ,3151,東P,,"1,689",+35,+2.12%,146,10.8倍,0.69倍,4.14%
20260728,1558,ピーエス,1871,東P,,"2,213",-76,-3.32%,146,13.3倍,1.58倍,4.56%
20260728,1559,フージャース,3284,東P,,"1,256",+5,+0.40%,145,7.14倍,0.97倍,5.97%
20260728,1560,スクロール,8005,東P,,"1,714",-2,-0.12%,145,13.6倍,1.55倍,5.95%
20260728,1561,グロブライド,7990,東P,,"2,476",-5,-0.20%,144,9.54倍,0.81倍,4.04%
20260728,1562,ＳＭＤリート,1398,東Ｅ,,"1,936.0",-1.5,-0.08%,144,ー倍,ー倍,ー%
20260728,1563,西部ガスＨＤ,9536,東P,,"2,351",-42,-1.76%,144,10.6倍,0.73倍,2.98%
20260728,1564,ゲンキＧＤＣ,9828,東S,,"3,435",-10,-0.29%,144,18.4倍,3.12倍,2.04%
20260728,1565,ハローズ,2742,東P,,"3,865",+70,+1.84%,144,9.53倍,1.05倍,1.86%
20260728,1566,ユニプレス,5949,東P,,"1,305",-1,-0.08%,143,12.9倍,0.44倍,5.36%
20260728,1567,アオイ電子,6832,東S,,"2,250",-147,-6.13%,143,110倍,0.58倍,2.40%
20260728,1568,ザイン,6769,東S,,947,-68,-6.70%,142,93.1倍,1.21倍,1.58%
20260728,1569,フロンテオ,2158,東G,,614,-26,-4.06%,142,160倍,6.58倍,ー%
20260728,1570,新東工,6339,東P,,"1,130",-42,-3.58%,141,10.6倍,0.53倍,4.25%
20260728,1571,フィデアＨＤ,8713,東P,,"2,162",-15,-0.69%,140,12.1倍,0.45倍,3.47%
20260728,1572,デジハＨＤ,3676,東P,,747,+11,+1.49%,140,9.00倍,1.73倍,3.35%
20260728,1573,ＪＰＭＣ,3276,東P,,"1,800",+5,+0.28%,139,15.2倍,3.24倍,3.56%
20260728,1574,エヌエフＨＤ,6864,東S,,"1,507",-52,-3.34%,139,15.1倍,0.81倍,2.39%
20260728,1575,サイバーセキ,4493,東G,,"1,761",-55,-3.03%,139,20.4倍,3.82倍,0.34%
20260728,1576,帝国繊維,3302,東P,,"3,325",-75,-2.21%,138,22.4倍,1.13倍,1.95%
20260728,1577,ＧＸ高配Ｅ日,2849,東Ｅ,,"5,508",-22,-0.40%,137,ー倍,ー倍,ー%
20260728,1578,日山村硝,5210,東S,,"2,790",-46,-1.62%,137,12.4倍,0.50倍,5.38%
20260728,1579,コロンビア,146A,東S,,"3,115",-85,-2.66%,136,5.67倍,1.36倍,3.02%
20260728,1580,荏原実業,6328,東P,,"2,351",-69,-2.85%,136,12.3倍,1.84倍,3.19%
20260728,1581,住石ＨＤ,1514,東S,,581,-19,-3.17%,136,21.7倍,1.19倍,2.58%
20260728,1582,クリアル,2998,東G,,502,-12,-2.33%,135,8.52倍,1.59倍,1.59%
20260728,1583,中村超硬,6166,東G,,606,-30,-4.72%,135,ー倍,6.11倍,ー%
20260728,1584,オリオン,409A,東P,,"1,222",-8,-0.65%,135,17.6倍,2.79倍,2.78%
20260728,1585,ＳＲＳＨＤ,8163,東P,,"1,348",-10,-0.74%,135,31.0倍,3.12倍,0.74%
20260728,1586,東プレ,5975,東P,,"2,732",-17,-0.62%,134,8.81倍,0.54倍,3.66%
20260728,1587,パイオラック,5988,東P,,"1,715",+10,+0.59%,134,58.9倍,0.64倍,5.36%
20260728,1588,野村Ａ高配,2084,東Ｅ,,"3,730",-45,-1.19%,134,ー倍,ー倍,ー%
20260728,1589,農中ＤＷ３Ｈ,2088,東Ｅ,,"2,625",ー,ー%,134,ー倍,ー倍,ー%
20260728,1590,バンクオブイ,4393,東G,,"4,655",-185,-3.82%,134,ー倍,2.78倍,ー%
20260728,1591,アカツキ,3932,東P,,"2,932",-26,-0.88%,133,ー倍,0.78倍,ー%
20260728,1592,東計電算,4746,東S,,"4,970",+20,+0.40%,133,16.3倍,1.75倍,3.48%
20260728,1593,白銅,7637,東P,,"3,285",-110,-3.24%,133,11.6倍,1.46倍,3.90%
20260728,1594,あさくま,7678,東S,,"6,350",+70,+1.11%,133,81.5倍,9.67倍,ー%
20260728,1595,ＧＸ中小日株,2837,東Ｅ,,"4,722",-4,-0.08%,133,ー倍,ー倍,ー%
20260728,1596,グリムス,3150,東P,,"2,618",-28,-1.06%,133,11.3倍,3.11倍,3.55%
20260728,1597,島精機,6222,東P,,877,-24,-2.66%,133,33.1倍,0.36倍,2.28%
20260728,1598,アイチコーポ,6345,東P,,"1,420",-12,-0.84%,132,13.7倍,1.22倍,4.58%
20260728,1599,あすか薬ＨＤ,4886,東P,,"2,213",-20,-0.90%,132,13.1倍,0.89倍,2.94%
20260728,1600,北里,368A,東P,,"1,384",-25,-1.77%,132,13.6倍,2.70倍,2.96%
20260728,1601,ヨシックス,3221,東P,,"3,225",-60,-1.83%,131,14.1倍,2.50倍,0.99%
20260728,1602,Ａｉｍｉｎｇ,3911,東G,,210,-4,-1.87%,131,ー倍,1.39倍,ー%
20260728,1603,弘電社,1948,東S,,"11,400",0,0.00%,131,41.5倍,3.98倍,ー%
20260728,1604,ヤマエＧＨＤ,7130,東P,,"2,887",-6,-0.21%,131,6.41倍,0.74倍,2.77%
20260728,1605,ＪＤＳＣ,4418,東G,,794,-43,-5.14%,131,24.1倍,2.04倍,ー%
20260728,1606,エフ・コード,9211,東G,,"1,337",-37,-2.69%,131,8.64倍,2.05倍,ー%
20260728,1607,トピー,7231,東P,,"2,881",-39,-1.34%,130,10.4倍,0.43倍,4.69%
20260728,1608,イオンファン,4343,東P,,"2,717",-28,-1.02%,130,17.9倍,6.86倍,0.74%
20260728,1609,オエノンＨＤ,2533,東P,,502,+6,+1.21%,130,9.64倍,1.05倍,2.39%
20260728,1610,ＤＭＰ,3652,東G,,"2,273",-47,-2.03%,129,238倍,2.19倍,ー%
20260728,1611,ザ・パック,3950,東P,,"1,457",-15,-1.02%,129,15.2倍,1.05倍,2.88%
20260728,1612,ｉＦ印Ｎ５０,233A,東Ｅ,,"1,920",+14,+0.73%,129,ー倍,ー倍,ー%
20260728,1613,タウンズ,197A,東S,,473,-4,-0.84%,128,8.87倍,3.09倍,5.92%
20260728,1614,丸大食,2288,東P,,"2,335",+17,+0.73%,128,8.72倍,0.73倍,3.43%
20260728,1615,ハニーズＨＤ,2792,東P,,"1,450",+12,+0.83%,127,16.2倍,0.82倍,3.79%
20260728,1616,ＧＸＵＳ配当,2236,東Ｅ,,"1,540",+18,+1.18%,127,ー倍,ー倍,ー%
20260728,1617,未来工業,7931,東P,,"3,360",-55,-1.61%,127,12.5倍,0.98倍,4.02%
20260728,1618,シグマ光機,7713,東S,,"1,850",-91,-4.69%,127,13.4倍,0.70倍,2.70%
20260728,1619,ユーザーロカ,3984,東P,,"1,791",-14,-0.78%,127,18.5倍,2.97倍,1.34%
20260728,1620,Ｔ＆Ｇニーズ,4331,東P,,678,+1,+0.15%,127,17.4倍,0.56倍,5.90%
20260728,1621,リプロセル,4978,東G,,124,-3,-2.36%,126,ー倍,1.41倍,ー%
20260728,1622,ｉＦＥナ百ベ,2842,東Ｅ,,"12,940",+330,+2.62%,126,ー倍,ー倍,ー%
20260728,1623,中部飼,2053,東P,,"1,969",-16,-0.81%,126,8.19倍,0.78倍,3.86%
20260728,1624,サーラ,2734,東P,,"1,137",-10,-0.87%,125,12.3倍,0.76倍,2.99%
20260728,1625,アルバリンク,5537,東G,,"2,804",-93,-3.21%,125,18.2倍,11.1倍,ー%
20260728,1626,日本通信,9424,東P,,112,-2,-1.75%,125,ー倍,4.15倍,ー%
20260728,1627,ビーエンジ,4828,東P,,"1,225",+8,+0.66%,124,15.9倍,4.55倍,3.43%
20260728,1628,エスリード,8877,東P,,"5,240",-50,-0.95%,124,7.03倍,0.99倍,4.58%
20260728,1629,犬猫生活,556A,東G,,"1,913",-97,-4.83%,124,11.2倍,2.95倍,ー%
20260728,1630,グリーＨＤ,3632,東P,,396,-1,-0.25%,124,ー倍,0.73倍,5.43%
20260728,1631,高島,8007,東P,,805,+1,+0.12%,123,17.2倍,1.19倍,5.71%
20260728,1632,キユソ流通,9369,東S,,"2,897",-16,-0.55%,123,34.3倍,1.54倍,0.83%
20260728,1633,リアルゲイト,5532,東G,,"3,575",0,0.00%,123,32.0倍,3.63倍,ー%
20260728,1634,カナデン,8081,東P,,"2,477",-53,-2.09%,122,13.8倍,1.08倍,4.04%
20260728,1635,メディアＬ,6659,東S,,51,0,0.00%,122,ー倍,1.62倍,ー%
20260728,1636,極洋,1301,東P,,"4,615",+20,+0.44%,122,7.61倍,0.71倍,3.47%
20260728,1637,多木化,4025,東P,,"4,680",-265,-5.36%,122,14.7倍,0.87倍,1.71%
20260728,1638,杏林製薬,4569,東P,,"1,182",-1,-0.08%,122,45.3倍,0.48倍,2.12%
20260728,1639,ＧＭＯ－ＦＧ,4051,東P,,"6,090",-110,-1.77%,122,26.9倍,7.74倍,2.05%
20260728,1640,恵和,4251,東P,,"1,204",-19,-1.55%,121,7.30倍,0.92倍,4.15%
20260728,1641,エネチェンジ,4169,東G,,218,-8,-3.54%,121,17.0倍,1.98倍,ー%
20260728,1642,ジーデップ,5885,東S,,"2,551",-188,-6.86%,121,16.9倍,3.98倍,1.88%
20260728,1643,テクニスコ,2962,東S,,"1,134",-72,-5.97%,121,348倍,6.57倍,ー%
20260728,1644,ソリトン,3040,東P,,"1,966",-39,-1.95%,121,15.5倍,2.72倍,3.05%
20260728,1645,藤倉化,4620,東S,,845,-47,-5.27%,121,ー倍,0.50倍,ー%
20260728,1646,ゼンムテック,338A,東G,,"2,222",-86,-3.73%,121,20.1倍,7.71倍,ー%
20260728,1647,技研製,6289,東P,,"1,900",+6,+0.32%,120,21.9倍,1.23倍,2.84%
20260728,1648,ユシロ,5013,東S,,"2,944",-56,-1.87%,120,9.67倍,0.79倍,ー%
20260728,1649,蝶理,8014,東P,,"3,915",-65,-1.63%,120,9.19倍,0.94倍,4.37%
20260728,1650,リテールＰＡ,8167,東P,,"1,382",+33,+2.45%,120,11.0倍,0.65倍,2.89%
20260728,1651,高知銀,8416,東S,,"1,140",-65,-5.39%,120,6.02倍,0.30倍,2.19%
20260728,1652,ワンキャリア,4377,東G,,"2,048",-12,-0.58%,119,17.8倍,6.82倍,1.66%
20260728,1653,力の源ＨＤ,3561,東P,,"1,685",+18,+1.08%,119,28.1倍,4.19倍,1.42%
20260728,1654,鶴見製,6351,東P,,"2,157",-73,-3.27%,119,18.4倍,1.01倍,1.67%
20260728,1655,日金銭,6418,東P,,"1,085",-2,-0.18%,119,12.8倍,0.82倍,4.24%
20260728,1656,だいわ,6459,東P,,"1,689",-46,-2.65%,119,14.8倍,1.19倍,3.55%
20260728,1657,窪田製薬ＨＤ,4596,東G,,62,-3,-4.62%,119,ー倍,5.67倍,ー%
20260728,1658,ＮＪＳ,2325,東P,,"4,435",-55,-1.22%,119,17.2倍,1.40倍,2.48%
20260728,1659,ＪＰＨＤ,2749,東P,,638,+2,+0.31%,118,12.6倍,2.38倍,2.12%
20260728,1660,オカモト,5122,東P,,"5,740",+40,+0.70%,118,20.3倍,0.88倍,2.09%
20260728,1661,ＱＱＱ,587A,東Ｅ,,"110,650","-2,950",-2.60%,118,ー倍,ー倍,ー%
20260728,1662,生化学,4548,東P,,743,-5,-0.67%,118,18.0倍,0.54倍,4.04%
20260728,1663,ヤマタネ,9305,東P,,"2,140",-3,-0.14%,118,10.3倍,0.72倍,3.97%
20260728,1664,中央自,8117,東S,,"2,078",-40,-1.89%,117,12.1倍,1.82倍,3.03%
20260728,1665,原油先物ベア,2039,東EN,,529,+4,+0.76%,117,ー倍,ー倍,ー%
20260728,1666,トリドリ,9337,東G,,"1,666",+159,+10.55%,117,12.2倍,2.91倍,ー%
20260728,1667,ＭＳＯＬ,7033,東P,,"1,399",+18,+1.30%,117,10.8倍,3.66倍,3.57%
20260728,1668,テイツー,7610,東S,,146,-4,-2.67%,117,11.4倍,1.33倍,2.74%
20260728,1669,日本ＭＤＭ,7600,東P,,903,-17,-1.85%,116,396倍,0.94倍,1.88%
20260728,1670,野村原油,1699,東Ｅ,,620.3,-4.6,-0.74%,116,ー倍,ー倍,ー%
20260728,1671,オイシックス,3182,東P,,"1,615",-30,-1.82%,116,12.2倍,2.05倍,1.61%
20260728,1672,エスプール,2471,東P,,270,-1,-0.37%,116,12.7倍,2.17倍,3.70%
20260728,1673,フジッコ,2908,東P,,"1,582",+5,+0.32%,116,36.3倍,0.65倍,2.91%
20260728,1674,片倉,3001,東S,,"2,721",-30,-1.09%,116,11.9倍,0.86倍,2.21%
20260728,1675,ＧＸロジ日Ｒ,2565,東Ｅ,,945,+3,+0.32%,116,ー倍,ー倍,ー%
20260728,1676,ＴＯＡ,6809,東P,,"1,636",-3,-0.18%,116,16.7倍,0.97倍,5.20%
20260728,1677,アライドＨＤ,6835,東S,,236,-9,-3.67%,116,11.6倍,1.13倍,3.81%
20260728,1678,日工,6306,東P,,978,-6,-0.61%,115,14.2倍,1.01倍,4.29%
20260728,1679,シンワワイズ,2437,東S,,680,0,0.00%,115,73.4倍,3.56倍,ー%
20260728,1680,アイケイケイ,2198,東P,,796,-2,-0.25%,115,32.3倍,1.93倍,3.02%
20260728,1681,アトム,7412,東S,,370,+1,+0.27%,114,ー倍,20.6倍,ー%
20260728,1682,ＴＥＩＫＯＫ,6333,東P,,"3,200",-100,-3.03%,114,13.1倍,1.57倍,4.13%
20260728,1683,アネスト岩田,6381,東P,,"1,784",-7,-0.39%,114,17.7倍,1.38倍,5.21%
20260728,1684,日神ＧＨＤ,8881,東P,,680,-7,-1.02%,114,9.07倍,0.44倍,5.44%
20260728,1685,エスポア,3260,名N,,832,+90,+12.13%,114,ー倍,223倍,ー%
20260728,1686,ダイトーケミ,4366,東S,,421,-21,-4.75%,114,16.0倍,0.80倍,2.14%
20260728,1687,ＩＴＦＯＲ,4743,東P,,"1,734",+7,+0.41%,113,13.5倍,2.22倍,4.61%
20260728,1688,ミニストップ,9946,東P,,"1,855",+15,+0.82%,113,538倍,2.26倍,1.08%
20260728,1689,アサカ理研,5724,東S,,"2,278",-167,-6.83%,113,14.6倍,2.12倍,0.53%
20260728,1690,菊池製作,3444,東S,,915,-47,-4.89%,113,80.7倍,1.84倍,1.09%
20260728,1691,福井コン,9790,東P,,"3,135",+5,+0.16%,112,14.3倍,2.15倍,2.46%
20260728,1692,フリュー,6238,東P,,"1,392",+3,+0.22%,112,14.8倍,1.56倍,2.87%
20260728,1693,三精テクノロ,6357,東S,,"2,305",-63,-2.66%,112,7.71倍,0.80倍,4.12%
20260728,1694,イオン北海道,7512,東S,,859,+10,+1.18%,112,39.8倍,1.65倍,1.86%
20260728,1695,ネツレン,5976,東P,,"1,386",-9,-0.65%,112,29.8倍,0.77倍,5.12%
20260728,1696,日進工具,6157,東S,,916,-39,-4.08%,112,ー倍,1.22倍,ー%
20260728,1697,野村ＳＰ配貴,364A,東Ｅ,,"2,612",+34,+1.32%,112,ー倍,ー倍,ー%
20260728,1698,ＢＵＦ,6676,東S,,"2,708",-70,-2.52%,111,14.3倍,1.49倍,2.22%
20260728,1699,学情,2301,東P,,"1,644",-2,-0.12%,110,11.0倍,1.49倍,4.56%
20260728,1700,丸善ＣＨＩ,3159,東S,,365,-2,-0.54%,110,13.7倍,0.60倍,1.64%
20260728,1701,エニマインド,5027,東G,,557,-4,-0.71%,110,20.3倍,1.91倍,0.36%
20260728,1702,ＪＡＬＣＯ,6625,東S,,342,-4,-1.16%,109,170倍,2.00倍,5.26%
20260728,1703,大幸薬品,4574,東P,,249,-11,-4.23%,109,22.7倍,1.51倍,1.41%
20260728,1704,ポールＨＤ,3657,東P,,342,-3,-0.87%,109,17.3倍,1.50倍,4.68%
20260728,1705,大戸屋ＨＤ,2705,東S,,"8,200",+40,+0.49%,109,42.5倍,14.5倍,0.24%
20260728,1706,神鋼商,8075,東P,,"2,558",-29,-1.12%,108,7.51倍,0.68倍,5.08%
20260728,1707,ワールドＨＤ,2429,東P,,"2,729",-44,-1.59%,107,6.91倍,1.00倍,4.99%
20260728,1708,ニＳＰＥＷ無,426A,東Ｅ,,"1,251",+1,+0.08%,107,ー倍,ー倍,ー%
20260728,1709,ＧＭＳ,544A,東P,,359,-1,-0.28%,107,ー倍,ー倍,ー%
20260728,1710,戸田工,4100,東S,,"1,322",-88,-6.24%,106,15.3倍,0.85倍,ー%
20260728,1711,石原ケミ,4462,東P,,"2,805",-127,-4.33%,106,13.9倍,1.55倍,1.71%
20260728,1712,かわでん,6648,東S,,"1,666",-56,-3.25%,106,9.08倍,1.31倍,3.96%
20260728,1713,上場ダウヘ有,2562,東Ｅ,,"3,627",-14,-0.38%,106,ー倍,ー倍,ー%
20260728,1714,スピー,4499,東S,,"2,074",-70,-3.26%,106,ー倍,3.49倍,ー%
20260728,1715,ＭＸ米債ヘ無,2838,東Ｅ,,"9,050",+12,+0.13%,106,ー倍,ー倍,ー%
20260728,1716,ワシントンＨ,4691,東S,,"2,176",-110,-4.81%,105,11.4倍,2.14倍,2.07%
20260728,1717,群栄化,4229,東P,,"4,425",-285,-6.05%,105,ー倍,0.54倍,ー%
20260728,1718,Ｒフィールド,2910,東P,,"1,385",+17,+1.24%,105,116倍,1.27倍,1.73%
20260728,1719,ＧＸＵＳＴ配,283A,東Ｅ,,"1,332",-15,-1.11%,105,ー倍,ー倍,ー%
20260728,1720,上場高配当,1698,東Ｅ,,"4,363",-22,-0.50%,105,ー倍,ー倍,ー%
20260728,1721,ソフトクリエ,3371,東P,,"2,082",+31,+1.51%,105,12.5倍,2.10倍,2.98%
20260728,1722,三谷セキ,5273,東S,,"1,846",+7,+0.38%,105,12.7倍,1.28倍,2.36%
20260728,1723,アーレスティ,5852,東P,,700,-7,-0.99%,105,35.0倍,0.31倍,4.86%
20260728,1724,冨士ダイス,6167,東P,,924,-32,-3.35%,104,34.8倍,0.88倍,4.33%
20260728,1725,北ガス,9534,東P,,783,-1,-0.13%,104,7.36倍,0.71倍,3.45%
20260728,1726,アバントＧ,3836,東P,,"1,278",+21,+1.67%,104,12.6倍,3.07倍,2.50%
20260728,1727,ＳＫジャパン,7608,東S,,774,-37,-4.56%,104,9.49倍,1.93倍,3.10%
20260728,1728,セグエＧ,3968,東P,,585,-11,-1.85%,103,15.2倍,2.99倍,3.08%
20260728,1729,神島化,4026,東S,,"1,537",-45,-2.84%,103,ー倍,0.95倍,ー%
20260728,1730,ミズホメディ,4595,東S,,"1,676",+5,+0.30%,103,9.91倍,1.74倍,5.97%
20260728,1731,トレイダーズ,8704,東S,,"1,242",-38,-2.97%,103,6.82倍,1.66倍,3.62%
20260728,1732,ｉＦ米債７有,2016,東Ｅ,,"1,773",+1,+0.06%,103,ー倍,ー倍,ー%
20260728,1733,ＴＭＨ,280A,東G,,872,-77,-8.11%,103,ー倍,2.32倍,ー%
20260728,1734,中北製,6496,東S,,"5,100",-330,-6.08%,103,11.1倍,0.63倍,2.25%
20260728,1735,帝ホテル,9708,東S,,996,-2,-0.20%,103,63.7倍,2.40倍,0.60%
20260728,1736,セーフィー,4375,東G,,650,-7,-1.07%,102,ー倍,3.93倍,ー%
20260728,1737,エスケー化研,4628,東S,,"8,960",-50,-0.55%,102,12.7倍,0.69倍,2.01%
20260728,1738,東証リート,2555,東Ｅ,,"1,930.5",-7.5,-0.39%,101,ー倍,ー倍,ー%
20260728,1739,ＭＯＲＥＳＣ,5018,東S,,"2,120",-28,-1.30%,101,12.6倍,0.81倍,2.59%
20260728,1740,農中ＴＰ高配,532A,東Ｅ,,"2,251",-20,-0.88%,101,ー倍,ー倍,ー%
20260728,1741,ウェルネオＳ,2117,東P,,"2,791",+31,+1.12%,101,14.1倍,1.18倍,4.26%
20260728,1742,大阪製鉄,5449,東S,,"2,785",+76,+2.81%,100,64.1倍,0.75倍,ー%
20260728,1743,ジェコス,9991,東P,,"1,649",-20,-1.20%,100,9.73倍,0.78倍,4.18%
20260728,1744,Ａバランス,3856,東S,,491,-29,-5.58%,100,ー倍,0.25倍,0.61%
20260728,1745,稲葉製作,3421,東S,,"1,790",0,0.00%,99,15.1倍,0.63倍,2.46%
20260728,1746,アップバンク,6177,東G,,79,-1,-1.25%,99,ー倍,2.38倍,ー%
20260728,1747,ＣＴＳ,4345,東P,,894,+18,+2.05%,99,13.5倍,2.34倍,3.36%
20260728,1748,ＧセブンＨＤ,7508,東P,,"1,462",+8,+0.55%,99,11.0倍,1.80倍,4.79%
20260728,1749,野村ダウＨ無,1546,東Ｅ,,"83,760",-80,-0.10%,99,ー倍,ー倍,ー%
20260728,1750,マクビープラ,7095,東P,,"1,203",-5,-0.41%,99,7.89倍,1.19倍,4.57%
20260728,1751,ＤＭＳ,9782,東S,,"3,475",-35,-1.00%,99,17.1倍,1.22倍,6.68%
20260728,1752,ｉＦ高リート,210A,東Ｅ,,"1,660",+1,+0.06%,99,ー倍,ー倍,ー%
20260728,1753,メディアドゥ,3678,東P,,"1,315",+26,+2.02%,98,16.7倍,1.07倍,3.04%
20260728,1754,オーバラップ,414A,東G,,841,-9,-1.06%,98,10.8倍,1.98倍,5.23%
20260728,1755,福島銀,8562,東S,,347,-8,-2.25%,97,13.4倍,0.51倍,1.44%
20260728,1756,ナガイレーベ,7447,東P,,"1,790",-2,-0.11%,97,18.5倍,1.36倍,3.91%
20260728,1757,スズデン,7480,東S,,"2,360",-88,-3.59%,97,17.2倍,1.79倍,4.45%
20260728,1758,ダイドー,3205,東S,,746,-8,-1.06%,97,26.2倍,2.03倍,6.70%
20260728,1759,ＧＸ高配日株,2564,東Ｅ,,"3,538",+5,+0.14%,97,ー倍,ー倍,ー%
20260728,1760,空港施設,8864,東S,,"1,010",+15,+1.51%,96,14.7倍,0.81倍,4.16%
20260728,1761,フコク,5185,東P,,"1,863",-2,-0.11%,96,11.5倍,0.65倍,5.37%
20260728,1762,立花エレ,8159,東P,,"3,320",-120,-3.49%,95,12.2倍,0.70倍,3.61%
20260728,1763,野村機械,1624,東Ｅ,,"83,000","-4,560",-5.21%,95,ー倍,ー倍,ー%
20260728,1764,ｉＳ米増配株,2014,東Ｅ,,329.3,+2.4,+0.73%,95,ー倍,ー倍,ー%
20260728,1765,ＧＸ超短米債,133A,東Ｅ,,"1,107",+1,+0.09%,95,ー倍,ー倍,ー%
20260728,1766,ＤＩＴ,3916,東P,,949,-10,-1.04%,95,12.7倍,3.25倍,3.95%
20260728,1767,ｉＦＥ科創板,2628,東Ｅ,,"4,015",-178,-4.25%,94,ー倍,ー倍,ー%
20260728,1768,アイドマＨＤ,7373,東G,,980,-10,-1.01%,94,12.1倍,1.88倍,3.06%
20260728,1769,オーナンバ,5816,東S,,"1,535",-50,-3.15%,94,9.85倍,0.66倍,4.56%
20260728,1770,高圧ガス,4097,東P,,"1,090",-34,-3.02%,94,13.1倍,0.71倍,3.67%
20260728,1771,保土谷,4112,東P,,"2,036",-40,-1.93%,94,24.9倍,0.62倍,2.95%
20260728,1772,三社電機,6882,東S,,"1,098",-40,-3.51%,94,16.1倍,0.59倍,3.64%
20260728,1773,石川製,6208,東S,,"1,590",-60,-3.64%,93,15.5倍,1.62倍,1.26%
20260728,1774,ＣＩＪ,4826,東P,,516,-2,-0.39%,93,17.2倍,1.94倍,3.88%
20260728,1775,三洋貿易,3176,東P,,849,-14,-1.62%,93,10.2倍,0.90倍,3.53%
20260728,1776,じげん,3679,東P,,415,+2,+0.48%,93,9.37倍,1.83倍,3.25%
20260728,1777,イチケン,1847,東S,,"2,704",-66,-2.38%,93,7.01倍,0.98倍,4.62%
20260728,1778,ヒーハイスト,6433,東S,,844,-50,-5.59%,92,57.2倍,2.51倍,0.24%
20260728,1779,大豊工業,6470,東S,,"1,088",-15,-1.36%,92,8.58倍,0.49倍,2.76%
20260728,1780,海帆,3133,東G,,89,+2,+2.30%,92,ー倍,22.7倍,ー%
20260728,1781,津田駒,6217,東S,,690,-65,-8.61%,91,44.1倍,1.74倍,ー%
20260728,1782,新光商,8141,東P,,"1,580",+1,+0.06%,91,32.2倍,0.86倍,ー%
20260728,1783,ｉシェア４百,1364,東Ｅ,,"3,697",-69,-1.83%,91,ー倍,ー倍,ー%
20260728,1784,ＷＴ小麦,1695,東Ｅ,,"3,488",-72,-2.02%,91,ー倍,ー倍,ー%
20260728,1785,日本ドライ,1909,東S,,"3,695",-5,-0.14%,91,ー倍,3.19倍,ー%
20260728,1786,ヘッドウォ,4011,東G,,"1,919",-68,-3.42%,91,30.0倍,8.76倍,ー%
20260728,1787,トビラシステ,4441,東S,,"1,653",+3,+0.18%,91,32.1倍,5.89倍,1.21%
20260728,1788,ダイト,4577,東P,,"1,275",-26,-2.00%,90,12.0倍,0.68倍,3.53%
20260728,1789,宮地エンジ,3431,東P,,"1,569",-4,-0.25%,90,20.8倍,0.97倍,4.78%
20260728,1790,アセンテック,3565,東S,,432,-8,-1.82%,90,13.0倍,3.06倍,3.47%
20260728,1791,ワイズＨＤ,5955,東S,,81,0,0.00%,90,29.1倍,0.90倍,1.23%
20260728,1792,日東精,5957,東P,,774,-14,-1.78%,90,12.2倍,0.77倍,3.10%
20260728,1793,ＦＰパートナ,7388,東P,,"2,158",+6,+0.28%,90,30.8倍,4.50倍,4.36%
20260728,1794,神奈交,9081,東P,,"3,990",+40,+1.01%,90,13.1倍,0.74倍,2.26%
20260728,1795,粧美堂,7819,東S,,953,-42,-4.22%,90,11.5倍,1.67倍,3.46%
20260728,1796,Ｈ株ブル,1572,東Ｅ,,"7,210",+60,+0.84%,89,ー倍,ー倍,ー%
20260728,1797,フィンテック,8789,東S,,131,-1,-0.76%,89,5.48倍,1.85倍,3.82%
20260728,1798,ニ日経２２５,473A,東Ｅ,,"1,256",-48,-3.68%,89,ー倍,ー倍,ー%
20260728,1799,長府製,5946,東P,,"2,107",+6,+0.29%,89,18.9倍,0.52倍,2.18%
20260728,1800,ＡＩＦＣＧ,254A,東S,,"1,269",-8,-0.63%,89,22.1倍,2.36倍,ー%
20260728,1801,インフォメテ,281A,東G,,428,-22,-4.89%,88,ー倍,2.92倍,ー%
20260728,1802,佐藤商,8065,東P,,"2,973",-67,-2.20%,88,9.33倍,0.80倍,2.93%
20260728,1803,日本空調,4658,東P,,"1,596",-33,-2.03%,88,14.2倍,1.81倍,3.57%
20260728,1804,ヘリオスＴＨ,6927,東S,,938,-13,-1.37%,88,14.2倍,0.99倍,6.29%
20260728,1805,免疫生物研,4570,東G,,940,-38,-3.89%,87,25.2倍,4.75倍,0.80%
20260728,1806,ＣＡＣ,4725,東P,,"1,854",+6,+0.32%,87,ー倍,0.94倍,5.39%
20260728,1807,ビーロット,3452,東S,,"1,462",-19,-1.28%,87,5.51倍,1.30倍,5.47%
20260728,1808,クレオス,8101,東P,,"2,723",-7,-0.26%,87,12.7倍,1.03倍,3.89%
20260728,1809,三信電,8150,東P,,"2,874",-68,-2.31%,87,9.77倍,0.77倍,4.87%
20260728,1810,グリーンズ,6547,東S,,"2,153",-12,-0.55%,87,6.69倍,3.65倍,2.42%
20260728,1811,極東貿易,8093,東P,,"1,780",-6,-0.34%,86,8.67倍,0.67倍,4.16%
20260728,1812,ＧＸ革新優良,178A,東Ｅ,,"1,590",-20,-1.24%,86,ー倍,ー倍,ー%
20260728,1813,ＪＥＳＣＯ,1434,東S,,"1,673",-30,-1.76%,86,10.6倍,1.39倍,2.87%
20260728,1814,ＥＲＩＨＤ,6083,東S,,"1,569",-4,-0.25%,86,10.7倍,4.15倍,2.80%
20260728,1815,アルファＰ,9467,東G,,"1,038",+14,+1.37%,86,11.8倍,1.93倍,2.60%
20260728,1816,アンビスＨＤ,7071,東P,,365,-8,-2.14%,85,17.1倍,0.94倍,1.10%
20260728,1817,プレイド,4165,東G,,566,-6,-1.05%,84,ー倍,4.52倍,ー%
20260728,1818,Ｊオイル,2613,東P,,"2,105",+10,+0.48%,84,13.9倍,0.63倍,3.80%
20260728,1819,ｉＦＥＳＧセ,1653,東Ｅ,,"5,055",ー,ー%,84,ー倍,ー倍,ー%
20260728,1820,ｉＳインド株,201A,東Ｅ,,183.1,-0.8,-0.44%,83,ー倍,ー倍,ー%
20260728,1821,令和ＡＨ,296A,東G,,905,-6,-0.66%,83,23.5倍,15.0倍,3.65%
20260728,1822,ニッピ,7932,東S,,"12,290",-160,-1.29%,83,12.3倍,0.84倍,5.70%
20260728,1823,インテージＨ,4326,東P,,"2,023",0,0.00%,83,24.2倍,2.21倍,2.37%
20260728,1824,インフ,438A,東G,,848,-20,-2.30%,83,36.9倍,3.17倍,ー%
20260728,1825,理想科学,6413,東P,,"1,047",-12,-1.13%,82,16.0倍,0.95倍,4.78%
20260728,1826,アクセル,6730,東S,,"1,080",-47,-4.17%,82,13.1倍,0.86倍,3.80%
20260728,1827,チノー,6850,東P,,"1,563",-68,-4.17%,82,12.0倍,1.10倍,3.84%
20260728,1828,萩原工業,7856,東P,,"1,802",-22,-1.21%,82,16.9倍,0.80倍,4.16%
20260728,1829,マイクロ波,9227,東G,,817,-6,-0.73%,82,ー倍,34.4倍,ー%
20260728,1830,日シス技術,4323,東P,,"1,862",-29,-1.53%,82,15.6倍,2.75倍,2.69%
20260728,1831,学研ＨＤ,9470,東P,,"1,022",-3,-0.29%,82,10.6倍,0.80倍,2.84%
20260728,1832,ｉＦＪリコア,2528,東Ｅ,,"1,147",+2,+0.17%,82,ー倍,ー倍,ー%
20260728,1833,ＡＤＷＧ,2982,東P,,410,-8,-1.91%,81,6.55倍,0.94倍,4.88%
20260728,1834,テーオーシー,8841,東S,,913,+7,+0.77%,81,26.0倍,0.77倍,1.10%
20260728,1835,サクサ,6675,東S,,"2,034",-31,-1.50%,81,2.16倍,1.09倍,6.15%
20260728,1836,シュッピン,3179,東P,,"1,308",+16,+1.24%,81,15.0倍,2.71倍,3.06%
20260728,1837,若築建,1888,東P,,"3,500",-75,-2.10%,81,10.1倍,0.82倍,4.14%
20260728,1838,ＬＩＦＵＬＬ,2120,東P,,196,-1,-0.51%,81,13.2倍,0.92倍,2.66%
20260728,1839,ナガワ,9663,東P,,"5,200",-20,-0.38%,81,24.4倍,1.19倍,1.15%
20260728,1840,サックスバー,9990,東P,,773,+7,+0.91%,81,10.7倍,0.73倍,4.53%
20260728,1841,日理化,4406,東S,,199,-2,-1.00%,81,12.4倍,0.38倍,2.26%
20260728,1842,マリモリート,3470,東Ｒ,,"106,000",0,0.00%,80,ー倍,0.99倍,6.61%
20260728,1843,ｉＦリート２,443A,東Ｅ,,"1,952",+4,+0.21%,80,ー倍,ー倍,ー%
20260728,1844,ＧＸ住宅日Ｒ,2097,東Ｅ,,977,+2,+0.21%,80,ー倍,ー倍,ー%
20260728,1845,ＪＭＡＣＳ,5817,東S,,886,-28,-3.06%,80,20.1倍,0.87倍,1.69%
20260728,1846,ｉＳ米債７Ｈ,1482,東Ｅ,,"1,543",0,0.00%,80,ー倍,ー倍,ー%
20260728,1847,ｉＳ米リート,1659,東Ｅ,,"4,262",-10,-0.23%,80,ー倍,ー倍,ー%
20260728,1848,ヤマト,1967,東S,,"2,012",-29,-1.42%,80,10.5倍,1.05倍,3.83%
20260728,1849,第一建設,1799,東S,,"3,410",-50,-1.45%,79,14.0倍,0.81倍,4.69%
20260728,1850,レオン,6272,東P,,"1,520",-17,-1.11%,79,10.2倍,0.95倍,3.95%
20260728,1851,ベルテクス,5290,東S,,"1,317",-21,-1.57%,79,13.8倍,1.47倍,3.04%
20260728,1852,ニチレキＧ,5011,東P,,"2,209",+2,+0.09%,78,14.6倍,0.79倍,3.85%
20260728,1853,Ｅ・ＪＨＤ,2153,東P,,"1,762",-2,-0.11%,78,8.56倍,0.79倍,4.65%
20260728,1854,明光ネット,4668,東P,,791,-5,-0.63%,78,19.9倍,1.65倍,3.67%
20260728,1855,アバール,6918,東S,,"3,100",-80,-2.52%,78,19.8倍,0.89倍,3.42%
20260728,1856,コプロＨＤ,7059,東P,,806,-7,-0.86%,78,18.6倍,3.12倍,5.58%
20260728,1857,明治電機工業,3388,東P,,"2,192",-53,-2.36%,78,9.04倍,0.73倍,4.38%
20260728,1858,マツオカ,3611,東S,,"2,477",-40,-1.59%,78,7.65倍,0.65倍,4.64%
20260728,1859,巴川コーポ,3878,東S,,794,-58,-6.81%,78,11.1倍,0.44倍,1.89%
20260728,1860,ＡＩＲＭＡＮ,6364,東P,,"1,943",-67,-3.33%,78,13.2倍,1.16倍,3.71%
20260728,1861,ギークリー,505A,東S,,"1,339",-36,-2.62%,78,9.51倍,3.93倍,4.26%
20260728,1862,オカムラ食品,2938,東S,,"1,253",0,0.00%,78,24.5倍,3.31倍,0.64%
20260728,1863,ＲＥＩＴイン,2094,東Ｅ,,751,-2,-0.27%,77,ー倍,ー倍,ー%
20260728,1864,フジオフード,2752,東P,,"1,123",+7,+0.63%,77,525倍,6.57倍,0.27%
20260728,1865,スターツプロ,8979,東Ｒ,,"188,400",+100,+0.05%,77,ー倍,1.10倍,5.79%
20260728,1866,戸上電,6643,東S,,"5,090",-150,-2.86%,77,9.63倍,0.98倍,2.55%
20260728,1867,タングス,6998,東S,,"1,844",-64,-3.35%,76,12.5倍,0.67倍,3.25%
20260728,1868,中山鋼,5408,東P,,643,-9,-1.38%,76,9.97倍,0.32倍,3.11%
20260728,1869,オロ,3983,東P,,"2,185",-15,-0.68%,76,15.6倍,3.30倍,2.29%
20260728,1870,薬王堂ＨＤ,7679,東P,,"1,756",-14,-0.79%,76,8.48倍,0.84倍,1.71%
20260728,1871,Ｔ＆Ｓ・Ｇ,4055,東G,,"1,438",-69,-4.58%,76,20.0倍,3.42倍,0.76%
20260728,1872,ゼビオＨＤ,8281,東P,,"1,112",-5,-0.45%,76,6.14倍,0.39倍,3.15%
20260728,1873,アイエスビー,9702,東P,,"2,329",-13,-0.56%,76,14.5倍,1.83倍,3.01%
20260728,1874,ヘルスケアＭ,3455,東Ｒ,,"110,300",+400,+0.36%,76,ー倍,1.02倍,5.73%
20260728,1875,セントラルＲ,3488,東Ｒ,,"105,400",+300,+0.29%,76,ー倍,1.05倍,6.34%
20260728,1876,ＡＩストーム,3719,東S,,149,-9,-5.70%,76,23.0倍,2.10倍,2.01%
20260728,1877,ニレコ,6863,東S,,"2,732",-39,-1.41%,75,13.5倍,1.15倍,3.84%
20260728,1878,リッジアイ,5572,東G,,"2,389",-126,-5.01%,75,27.9倍,2.92倍,ー%
20260728,1879,ＧＸＡＩビグ,223A,東Ｅ,,"1,671",-61,-3.52%,75,ー倍,ー倍,ー%
20260728,1880,ＳＢＩアルヒ,7198,東P,,802,-9,-1.11%,75,17.1倍,0.85倍,4.99%
20260728,1881,チャームケア,6062,東P,,"1,376",+3,+0.22%,75,12.6倍,2.09倍,3.13%
20260728,1882,スバル,9632,東S,,"3,595",-35,-0.96%,75,14.9倍,1.24倍,2.23%
20260728,1883,ヒビノ,2469,東S,,"2,724",-91,-3.23%,75,10.4倍,1.93倍,3.30%
20260728,1884,フルッタ,2586,東G,,91,-2,-2.15%,75,106倍,1.49倍,ー%
20260728,1885,イオン九州,2653,東S,,"2,845",-3,-0.11%,75,15.0倍,1.63倍,1.76%
20260728,1886,三重交ＨＤ,3232,東P,,560,0,0.00%,74,9.38倍,0.80倍,3.57%
20260728,1887,上場２２５Ｍ,1578,東Ｅ,,"4,978",-213,-4.10%,74,ー倍,ー倍,ー%
20260728,1888,ＷＡ,7683,東P,,"1,418",-3,-0.21%,74,30.7倍,2.54倍,1.20%
20260728,1889,オープンＧ,6572,東P,,242,0,0.00%,74,20.9倍,1.27倍,2.69%
20260728,1890,太洋物産,9941,東S,,"1,254",-58,-4.42%,74,16.7倍,2.82倍,ー%
20260728,1891,ｉＦＦＮＧ金,521A,東Ｅ,,"1,770",-36,-1.99%,74,ー倍,ー倍,ー%
20260728,1892,ブランジスタ,6176,東S,,909,-13,-1.41%,74,6.58倍,1.97倍,7.15%
20260728,1893,プロシップ,3763,東P,,"1,780",-8,-0.45%,73,19.5倍,4.02倍,2.36%
20260728,1894,ｇｕｍｉ,3903,東P,,242,-6,-2.42%,73,ー倍,0.63倍,ー%
20260728,1895,フジオーゼ,7299,東S,,"1,880",+10,+0.53%,73,10.9倍,0.57倍,2.87%
20260728,1896,ウェッズ,7551,東S,,743,+15,+2.06%,73,11.0倍,0.67倍,2.96%
20260728,1897,不二家,2211,東P,,"2,484",+18,+0.73%,73,30.5倍,1.07倍,1.21%
20260728,1898,ＷＴ天然ガス,1689,東Ｅ,,757,-21,-2.70%,73,ー倍,ー倍,ー%
20260728,1899,名工建,1869,名M,,"1,936",-62,-3.10%,73,8.89倍,0.57倍,3.41%
20260728,1900,ソースネクス,4344,東P,,111,0,0.00%,73,ー倍,3.03倍,ー%
20260728,1901,ライズＣＧ,9168,東G,,403,+6,+1.51%,73,14.7倍,1.44倍,5.21%
20260728,1902,ロゴスＨＤ,205A,東G,,"1,901",+15,+0.80%,73,6.43倍,1.84倍,4.67%
20260728,1903,日阪製,6247,東P,,"1,635",-66,-3.88%,73,17.9倍,0.68倍,3.36%
20260728,1904,シナネンＨＤ,8132,東P,,"6,520",-310,-4.54%,73,13.6倍,1.18倍,1.84%
20260728,1905,ＮＥＣキャピ,8793,東P,,"4,110",-10,-0.24%,72,8.86倍,0.68倍,3.65%
20260728,1906,ミタチ産業,3321,東S,,"1,530",-21,-1.35%,72,8.13倍,0.68倍,4.58%
20260728,1907,ホテルレジＲ,3472,東Ｒ,,"65,400",+200,+0.31%,72,ー倍,0.81倍,6.08%
20260728,1908,大豊建,1822,東S,,789,-4,-0.50%,72,14.2倍,0.88倍,4.82%
20260728,1909,オーバル,7727,東S,,712,-19,-2.60%,72,10.2倍,0.92倍,3.93%
20260728,1910,ブルーイノベ,5597,東G,,"1,186",-75,-5.95%,72,ー倍,35.3倍,ー%
20260728,1911,イチネンＨＤ,9619,東P,,"2,375",-25,-1.04%,72,8.14倍,0.79倍,3.79%
20260728,1912,ナガセ,9733,東S,,"2,305",+5,+0.22%,72,12.6倍,2.05倍,5.21%
20260728,1913,トーカイ,9729,東P,,"2,478",-5,-0.20%,71,12.5倍,0.91倍,3.23%
20260728,1914,ＣＳＰ,9740,東P,,"2,776",+10,+0.36%,71,16.9倍,0.94倍,2.92%
20260728,1915,グロバルＬＭ,3486,東P,,"1,901",-21,-1.09%,71,5.92倍,2.05倍,5.26%
20260728,1916,サツドラＨＤ,3544,東S,,"1,257",-1,-0.08%,71,ー倍,1.71倍,ー%
20260728,1917,小松マテーレ,3580,東P,,721,-21,-2.83%,71,13.6倍,0.68倍,3.74%
20260728,1918,アクセルＭ,3624,東G,,64,-4,-5.88%,71,ー倍,10.1倍,ー%
20260728,1919,コスモスイニ,8844,東S,,"1,329",-9,-0.67%,71,6.23倍,0.79倍,3.99%
20260728,1920,カンロ,2216,東S,,"1,223",-13,-1.05%,71,15.0倍,2.68倍,2.70%
20260728,1921,ポラリスＨＤ,3010,東S,,197,-2,-1.01%,71,28.8倍,1.43倍,5.08%
20260728,1922,ラクトＪ,3139,東P,,"3,455",-5,-0.14%,71,10.0倍,1.04倍,3.82%
20260728,1923,ＦＤＫ,6955,東S,,392,-14,-3.45%,71,18.0倍,0.71倍,ー%
20260728,1924,ジェイリース,7187,東P,,"1,350",-11,-0.81%,71,9.54倍,3.26倍,4.44%
20260728,1925,ＢＴＣＪＰＮ,8105,東S,,96,-2,-2.04%,70,ー倍,1.69倍,ー%
20260728,1926,大日塗,4611,東P,,"1,373",-23,-1.65%,70,11.6倍,0.59倍,4.22%
20260728,1927,アルプス技,4641,東P,,836,-3,-0.36%,70,11.2倍,2.17倍,4.31%
20260728,1928,ＴＷＯＳＴ,7352,東G,,329,0,0.00%,70,22.2倍,3.93倍,0.30%
20260728,1929,ＩＢＪ,6071,東P,,817,-8,-0.97%,70,13.3倍,2.86倍,1.59%
20260728,1930,小池工,6137,東S,,"1,540",-11,-0.71%,70,9.58倍,0.69倍,3.25%
20260728,1931,ケアサプライ,2393,東S,,"3,935",+25,+0.64%,70,26.6倍,3.29倍,1.88%
20260728,1932,ＧＸテック日,2854,東Ｅ,,"2,451",-129,-5.00%,70,ー倍,ー倍,ー%
20260728,1933,ＧＸＣＦキン,234A,東Ｅ,,"1,510",+5,+0.33%,70,ー倍,ー倍,ー%
20260728,1934,シマダヤ,250A,東S,,"1,666",0,0.00%,70,9.17倍,1.29倍,3.24%
20260728,1935,ＪＢＳ,5036,東P,,"1,557",-3,-0.19%,69,10.0倍,2.46倍,3.21%
20260728,1936,ｉＳ米国株Ｈ,2563,東Ｅ,,392.2,-5.5,-1.38%,69,ー倍,ー倍,ー%
20260728,1937,Ｃ＆Ｒ,4763,東P,,"1,504",-6,-0.40%,69,9.23倍,1.63倍,3.39%
20260728,1938,サノヤスＨＤ,7022,東S,,305,-11,-3.48%,69,12.8倍,0.82倍,2.46%
20260728,1939,ミツウロコＧ,8131,東S,,"2,070",-7,-0.34%,69,18.9倍,1.07倍,3.19%
20260728,1940,清水銀,8364,東P,,"2,775",-121,-4.18%,69,12.6倍,0.40倍,2.16%
20260728,1941,トーセイＲ,3451,東Ｒ,,"135,300",+600,+0.45%,69,ー倍,1.19倍,5.66%
20260728,1942,セラク,6199,東S,,"1,310",+30,+2.34%,69,9.21倍,1.76倍,1.33%
20260728,1943,青山財産,8929,東S,,"1,278",+4,+0.31%,68,11.6倍,2.67倍,4.54%
20260728,1944,トリプラ,5136,東G,,"1,728",-38,-2.15%,68,17.1倍,5.03倍,ー%
20260728,1945,フォースタ,7089,東G,,"1,615",-15,-0.92%,68,11.1倍,3.79倍,ー%
20260728,1946,ＢＣＣ,7376,東G,,"1,171",0,0.00%,68,ー倍,4.66倍,ー%
20260728,1947,マミーマート,9823,東S,,"1,050",+4,+0.38%,68,9.91倍,1.16倍,2.02%
20260728,1948,ＵＥＸ,9888,東S,,"1,011",-23,-2.22%,68,3.79倍,0.55倍,ー%
20260728,1949,中越パ,3877,東P,,"2,122",-24,-1.12%,68,16.7倍,0.44倍,5.66%
20260728,1950,オークワ,8217,東P,,817,+4,+0.49%,67,51.2倍,0.45倍,3.18%
20260728,1951,鳥取銀,8383,東S,,"1,774",+7,+0.40%,67,10.4倍,0.33倍,2.82%
20260728,1952,日精化,4362,東P,,"2,648",-2,-0.08%,67,11.1倍,1.12倍,3.93%
20260728,1953,ブライトパス,4594,東G,,47,0,0.00%,67,ー倍,2.78倍,ー%
20260728,1954,クレスコ,4674,東P,,"1,576",-6,-0.38%,67,11.4倍,1.89倍,4.44%
20260728,1955,アトラエ,6194,東P,,832,-9,-1.07%,67,20.5倍,5.02倍,4.09%
20260728,1956,マテリアルＧ,156A,東G,,834,-22,-2.57%,67,12.9倍,3.38倍,3.13%
20260728,1957,ＦＪネクＨＤ,8935,東P,,"1,845",-35,-1.86%,67,5.76倍,0.74倍,4.34%
20260728,1958,ＲｅＹｕｕ,9425,東S,,202,-11,-5.16%,67,ー倍,1.10倍,ー%
20260728,1959,ＥＭシステム,4820,東P,,556,-3,-0.54%,67,17.6倍,2.02倍,4.14%
20260728,1960,ナガホリ,8139,東S,,"2,100",-22,-1.04%,66,53.7倍,2.28倍,0.71%
20260728,1961,ステラファ,4888,東G,,310,-12,-3.73%,66,ー倍,4.60倍,ー%
20260728,1962,ＵＬＳグルプ,3798,東S,,570,+4,+0.71%,66,14.0倍,2.75倍,1.44%
20260728,1963,東ラヂ,7235,東S,,"1,552",-27,-1.71%,66,8.21倍,0.61倍,4.96%
20260728,1964,エスコンＪＰ,2971,東Ｒ,,"117,900",+200,+0.17%,66,ー倍,1.05倍,5.99%
20260728,1965,ＭＥＲＦ,3168,東S,,"1,210",-30,-2.42%,65,6.09倍,1.43倍,2.48%
20260728,1966,エアーテック,6291,東S,,"1,315",-26,-1.94%,65,12.2倍,0.91倍,4.18%
20260728,1967,新コスモス,6824,東S,,"4,825",-25,-0.52%,65,14.7倍,1.10倍,1.97%
20260728,1968,Ｓクリプトエ,5721,東S,,55,-1,-1.79%,65,ー倍,2.09倍,ー%
20260728,1969,ＣＫサンエツ,5757,東P,,"5,050",-200,-3.81%,65,6.41倍,0.76倍,1.98%
20260728,1970,リボミック,4591,東G,,71,-3,-4.05%,65,ー倍,1.41倍,ー%
20260728,1971,河西工,7256,東S,,403,-9,-2.18%,65,4.36倍,1.51倍,ー%
20260728,1972,アルメディオ,7859,東S,,205,-10,-4.65%,65,ー倍,0.52倍,ー%
20260728,1973,オプティマス,9268,東S,,403,-6,-1.47%,65,8.62倍,0.66倍,4.47%
20260728,1974,ＰＣＡ,9629,東P,,"1,451",+22,+1.54%,65,36.5倍,1.70倍,2.76%
20260728,1975,ＪＴＰ,2488,東S,,"1,385",-50,-3.48%,64,10.8倍,1.87倍,3.61%
20260728,1976,椿本興,8052,東P,,"2,860",-27,-0.94%,64,9.91倍,1.05倍,3.15%
20260728,1977,Ｊテック・Ｃ,3446,東S,,"1,478",-42,-2.76%,64,148倍,3.33倍,ー%
20260728,1978,ＡｎｄＤｏ,3457,東P,,936,-2,-0.21%,64,12.1倍,0.97倍,4.91%
20260728,1979,ＧＭＯ－ＧＳ,3788,東P,,"2,177",-47,-2.11%,64,23.7倍,2.49倍,2.74%
20260728,1980,日特建,1929,東P,,"1,139",-15,-1.30%,64,12.9倍,1.26倍,4.39%
20260728,1981,リンクユーＧ,4446,東S,,800,-4,-0.50%,64,64.8倍,4.19倍,ー%
20260728,1982,松尾電,6969,東S,,985,-75,-7.08%,64,8.03倍,1.21倍,1.52%
20260728,1983,ドリームＩ,4310,東P,,"2,641",-10,-0.38%,64,ー倍,2.00倍,5.19%
20260728,1984,ラクオリア,4579,東G,,453,-7,-1.52%,64,ー倍,1.47倍,ー%
20260728,1985,カナミックＮ,3939,東P,,479,-2,-0.42%,63,16.6倍,4.54倍,1.88%
20260728,1986,モロゾフ,2217,東P,,"1,605",-5,-0.31%,63,41.9倍,1.62倍,1.00%
20260728,1987,出前館,2484,東S,,130,-3,-2.26%,63,ー倍,0.65倍,ー%
20260728,1988,ブルドック,2804,東P,,"1,835",-13,-0.70%,63,23.6倍,0.88倍,2.45%
20260728,1989,加藤製,6390,東P,,"1,325",-20,-1.49%,63,ー倍,0.35倍,5.28%
20260728,1990,宮越ＨＤ,6620,東P,,651,+2,+0.31%,63,78.9倍,1.06倍,ー%
20260728,1991,東京産,8070,東P,,833,-15,-1.77%,63,12.8倍,0.86倍,4.80%
20260728,1992,リックス,7525,東P,,"3,575",-50,-1.38%,63,9.66倍,1.01倍,4.53%
20260728,1993,ナ・デックス,7435,東S,,"1,163",-39,-3.24%,62,8.77倍,0.46倍,3.44%
20260728,1994,たけびし,7510,東P,,"2,483",+23,+0.93%,62,12.9倍,0.90倍,3.22%
20260728,1995,東京衡機,7719,東S,,413,-21,-4.84%,62,12.6倍,1.67倍,ー%
20260728,1996,ゼロ,9028,東S,,"3,600",-25,-0.69%,62,8.40倍,1.31倍,3.90%
20260728,1997,アーバネット,3242,東S,,505,+1,+0.20%,62,8.88倍,0.98倍,4.36%
20260728,1998,エニグモ,3665,東P,,414,-4,-0.96%,62,33.3倍,1.57倍,7.25%
20260728,1999,日化産,4094,東S,,"2,086",-25,-1.18%,62,32.5倍,0.80倍,4.31%
20260728,2000,イーソル,4420,東S,,738,-8,-1.07%,62,17.7倍,2.41倍,0.75%
20260728,2001,フォーカス,4662,東P,,"1,763",-14,-0.79%,62,10.5倍,1.68倍,3.86%
20260728,2002,共同印,7914,東P,,"1,646",-10,-0.60%,62,10.8倍,0.70倍,4.86%
20260728,2003,ジモティー,7082,東G,,"1,405",0,0.00%,62,36.1倍,7.53倍,ー%
20260728,2004,リファバスＧ,7375,東G,,"1,108",-88,-7.36%,62,12.4倍,9.39倍,ー%
20260728,2005,ＧＸ中国ＥＶ,2254,東Ｅ,,"1,113",-11,-0.98%,62,ー倍,ー倍,ー%
20260728,2006,ＪＲＣ,6224,東G,,"1,113",-28,-2.45%,62,11.5倍,2.44倍,3.05%
20260728,2007,ＳＭＤ高配当,2011,東Ｅ,,836.7,-3.6,-0.43%,61,ー倍,ー倍,ー%
20260728,2008,野村Ｐ１５０,159A,東Ｅ,,712.7,-15.0,-2.06%,61,ー倍,ー倍,ー%
20260728,2009,学びエイド,184A,東G,,352,+19,+5.71%,61,14.5倍,2.24倍,ー%
20260728,2010,ＷＯＷＯＷ,4839,東P,,"1,018",-8,-0.78%,61,48.2倍,0.42倍,2.95%
20260728,2011,野村コア３０,1311,東Ｅ,,"2,050",-44,-2.10%,61,ー倍,ー倍,ー%
20260728,2012,南海辰村,1850,東S,,427,-24,-5.32%,61,7.30倍,0.61倍,1.87%
20260728,2013,ビジ太田昭,9658,東P,,"1,055",0,0.00%,61,12.0倍,1.11倍,4.45%
20260728,2014,ラクーンＨＤ,3031,東P,,638,-3,-0.47%,61,41.2倍,2.96倍,3.45%
20260728,2015,日産車体,7222,東S,,975,+4,+0.41%,61,9.43倍,0.72倍,ー%
20260728,2016,リズム,7769,東P,,"3,920",-20,-0.51%,61,18.4倍,0.92倍,4.28%
20260728,2017,ハリマ化成Ｇ,4410,東P,,995,-26,-2.55%,61,9.13倍,0.59倍,4.22%
20260728,2018,アンジェス,4563,東G,,47,0,0.00%,61,ー倍,9.67倍,ー%
20260728,2019,リソー教育Ｇ,4714,東P,,203,-1,-0.49%,61,20.4倍,3.35倍,4.93%
20260728,2020,ＳＳ米株,449A,東Ｅ,,822.4,-9.0,-1.08%,61,ー倍,ー倍,ー%
20260728,2021,近鉄百,8244,東S,,"1,862",+30,+1.64%,61,19.3倍,1.62倍,1.07%
20260728,2022,ミーク,332A,東G,,962,-19,-1.94%,60,11.4倍,1.87倍,ー%
20260728,2023,ケーユーＨＤ,9856,東S,,"1,213",+3,+0.25%,60,6.79倍,0.55倍,4.78%
20260728,2024,フィードワン,2060,東P,,"1,294",+1,+0.08%,60,7.62倍,0.80倍,4.02%
20260728,2025,遠藤照明,6932,東S,,"2,565",-35,-1.35%,60,8.61倍,0.76倍,3.43%
20260728,2026,三和油化工業,4125,東S,,"3,245",-230,-6.62%,60,12.8倍,1.05倍,1.54%
20260728,2027,早稲アカ,4718,東P,,"2,496",+18,+0.73%,60,16.8倍,2.78倍,3.00%
20260728,2028,アイネス,9742,東P,,"2,181",-5,-0.23%,59,26.7倍,1.23倍,2.52%
20260728,2029,杉本商,9932,東P,,"1,274",-26,-2.00%,59,12.8倍,0.65倍,4.24%
20260728,2030,大日光,6635,東S,,631,-29,-4.39%,59,5.89倍,0.58倍,2.54%
20260728,2031,スタティアＨ,3393,東P,,"3,105",+10,+0.32%,59,12.4倍,3.46倍,4.67%
20260728,2032,イントループ,9556,東G,,"1,887",0,0.00%,59,27.3倍,2.81倍,ー%
20260728,2033,グリッド,5582,東G,,"1,914",+12,+0.63%,59,32.8倍,2.21倍,ー%
20260728,2034,キャリアＬ,6070,東P,,"2,387",-13,-0.54%,59,10.1倍,1.78倍,5.03%
20260728,2035,エアトリ,6191,東P,,860,-22,-2.49%,59,31.7倍,1.11倍,ー%
20260728,2036,東リ,7971,東S,,656,-3,-0.46%,59,11.0倍,0.72倍,5.18%
20260728,2037,ブラインド,7989,東P,,"2,645",+12,+0.46%,59,16.2倍,0.94倍,4.54%
20260728,2038,Ｄｍミックス,7354,東S,,333,-6,-1.77%,59,8.67倍,1.02倍,2.85%
20260728,2039,ＭＸ読売日株,348A,東Ｅ,,295.9,-4.7,-1.56%,59,ー倍,ー倍,ー%
20260728,2040,上場高配５０,399A,東Ｅ,,"2,293",+2,+0.09%,58,ー倍,ー倍,ー%
20260728,2041,新田ゼラチン,4977,東S,,"1,288",-36,-2.72%,58,9.77倍,0.97倍,3.11%
20260728,2042,Ｇｕｎｏｓｙ,6047,東S,,360,-2,-0.55%,58,ー倍,0.81倍,3.61%
20260728,2043,日本プロセス,9651,東S,,"1,884",-66,-3.38%,58,13.4倍,1.43倍,4.88%
20260728,2044,ミロク情報,9928,東P,,"1,833",-1,-0.05%,58,11.4倍,1.66倍,3.55%
20260728,2045,ｅＷｅＬＬ,5038,東G,,"1,996",-48,-2.35%,58,22.7倍,9.60倍,1.05%
20260728,2046,Ａｒｅｎｔ,5254,東G,,"4,290",-90,-2.05%,58,18.6倍,4.13倍,ー%
20260728,2047,ＩＧＳ,4265,東G,,279,-27,-8.82%,58,190倍,2.79倍,ー%
20260728,2048,ＴＰＸベア,1569,東Ｅ,,761.7,+18.8,+2.53%,58,ー倍,ー倍,ー%
20260728,2049,野村ＪＰＸ,1591,東Ｅ,,"35,860","-1,030",-2.79%,58,ー倍,ー倍,ー%
20260728,2050,ｉＳ新興国株,1658,東Ｅ,,"4,175",-150,-3.47%,58,ー倍,ー倍,ー%
20260728,2051,美樹工業,1718,東S,,"6,920",-530,-7.11%,57,6.76倍,0.42倍,4.34%
20260728,2052,ｉＳＱＴＯＰ,392A,東Ｅ,,266.5,-10.4,-3.76%,57,ー倍,ー倍,ー%
20260728,2053,スターシーズ,3083,東S,,948,+4,+0.42%,57,13.6倍,3.02倍,1.05%
20260728,2054,フリービット,3843,東P,,"1,566",-24,-1.51%,57,9.76倍,3.86倍,2.62%
20260728,2055,日産東ＨＤ,8291,東S,,557,-11,-1.94%,57,9.46倍,0.57倍,4.85%
20260728,2056,野村国内債券,2510,東Ｅ,,807.7,-0.2,-0.02%,56,ー倍,ー倍,ー%
20260728,2057,ヨシムラＨＤ,2884,東P,,610,-12,-1.93%,56,10.4倍,1.12倍,ー%
20260728,2058,野村電力ガス,1627,東Ｅ,,"11,585",-165,-1.40%,56,ー倍,ー倍,ー%
20260728,2059,ＷＴ銅,1693,東Ｅ,,"8,933",+8,+0.09%,56,ー倍,ー倍,ー%
20260728,2060,はてな,3930,東G,,"1,108",+13,+1.19%,56,ー倍,1.57倍,ー%
20260728,2061,ぴあ,4337,東P,,"2,842",+2,+0.07%,56,29.1倍,4.06倍,1.06%
20260728,2062,ＹＵＳＨＩＮ,6482,東S,,669,-26,-3.74%,56,23.3倍,0.61倍,ー%
20260728,2063,Ｄｅｆコン,4833,東G,,45,-3,-6.25%,56,2.44倍,1.36倍,ー%
20260728,2064,ＳＥＣカーボ,5304,東S,,"2,485",-70,-2.74%,56,16.4倍,0.64倍,4.02%
20260728,2065,綿半ＨＤ,3199,東P,,"1,335",-7,-0.52%,56,10.9倍,1.03倍,2.32%
20260728,2066,電算,3640,東S,,"2,546",+46,+1.84%,56,8.31倍,0.87倍,3.93%
20260728,2067,Ｉｎｅ,4933,東P,,"1,262",-6,-0.47%,56,ー倍,1.22倍,1.19%
20260728,2068,小野建,7414,東P,,"1,438",-9,-0.62%,56,8.58倍,0.38倍,4.80%
20260728,2069,昭和真空,6384,東S,,"1,600",-44,-2.68%,55,17.7倍,0.81倍,4.38%
20260728,2070,ＴＶＥ,6466,東S,,"3,930",-135,-3.32%,55,17.7倍,0.71倍,1.02%
20260728,2071,Ｖコマース,2491,東P,,465,-6,-1.27%,55,ー倍,0.87倍,3.44%
20260728,2072,ファーマＦ,2929,東P,,578,-4,-0.69%,55,11.2倍,1.66倍,4.33%
20260728,2073,ヒガシＨＤ,9029,東S,,"1,981",-99,-4.76%,55,9.62倍,1.59倍,3.13%
20260728,2074,ダブスタ,3925,東P,,"1,254",+9,+0.72%,55,14.2倍,2.54倍,5.58%
20260728,2075,ＲＳＣ,4664,東S,,928,-64,-6.45%,55,41.2倍,1.17倍,2.59%
20260728,2076,ＷＴ銀,1673,東Ｅ,,"8,510",-323,-3.66%,55,ー倍,ー倍,ー%
20260728,2077,モダリス,4883,東G,,31,-1,-3.13%,55,ー倍,1.09倍,ー%
20260728,2078,トヨクモ,4058,東G,,"2,221",+24,+1.09%,55,18.5倍,5.85倍,1.22%
20260728,2079,ｉＳ米債１３,2620,東Ｅ,,378.3,+0.5,+0.13%,55,ー倍,ー倍,ー%
20260728,2080,ニチリン,5184,東S,,"4,100",-5,-0.12%,55,9.63倍,0.88倍,4.63%
20260728,2081,岡部,5959,東P,,924,-1,-0.11%,55,11.0倍,0.66倍,4.55%
20260728,2082,グロービー,5575,東G,,"1,022",+23,+2.30%,55,11.8倍,4.55倍,ー%
20260728,2083,プラスゼロ,5132,東G,,"1,921",-49,-2.49%,54,31.6倍,9.38倍,ー%
20260728,2084,田岡化,4113,東S,,783,-25,-3.09%,54,44.9倍,0.57倍,0.77%
20260728,2085,クイック,4318,東P,,790,+1,+0.13%,54,15.7倍,2.27倍,4.81%
20260728,2086,理経,8226,東S,,350,-10,-2.78%,54,12.6倍,0.88倍,2.00%
20260728,2087,Ｄｅｎｋｅｉ,9908,東S,,"2,601",-55,-2.07%,54,8.44倍,0.90倍,4.19%
20260728,2088,ミラティブ,472A,東G,,520,-7,-1.33%,54,9.16倍,2.34倍,ー%
20260728,2089,柿安本店,2294,東P,,"2,650",+16,+0.61%,54,31.7倍,1.64倍,3.21%
20260728,2090,ネクストーン,7094,東G,,"1,419",-1,-0.07%,54,13.9倍,2.49倍,1.55%
20260728,2091,野村食品,1617,東Ｅ,,"47,940",+350,+0.74%,54,ー倍,ー倍,ー%
20260728,2092,ヤマウラ,1780,東P,,"1,544",-3,-0.19%,54,10.4倍,1.08倍,2.33%
20260728,2093,ＩＴメディア,2148,東P,,"1,181",-3,-0.25%,54,16.7倍,2.66倍,4.23%
20260728,2094,ユニシアＨＤ,3547,東S,,"1,784",-21,-1.16%,54,38.7倍,2.63倍,ー%
20260728,2095,ネオジャパン,3921,東P,,"1,655",+1,+0.06%,54,12.4倍,3.07倍,3.26%
20260728,2096,ｉＳ米２５ヘ,238A,東Ｅ,,125.6,+0.3,+0.24%,53,ー倍,ー倍,ー%
20260728,2097,イントラスト,7191,東S,,"1,113",-9,-0.80%,53,13.5倍,3.09倍,4.45%
20260728,2098,ワタミ,7522,東P,,957,0,0.00%,53,ー倍,2.17倍,ー%
20260728,2099,システムサポ,4396,東P,,"1,110",-23,-2.03%,53,12.5倍,3.35倍,2.79%
20260728,2100,日特塗,4619,東S,,"2,461",+6,+0.24%,53,9.89倍,0.87倍,5.28%
20260728,2101,トマト銀,8542,東S,,"1,649",-36,-2.14%,53,10.4倍,0.40倍,3.03%
20260728,2102,ツカダＧＨＤ,2418,東S,,600,-3,-0.50%,53,4.69倍,0.76倍,2.33%
20260728,2103,ＯＡＴアグリ,4979,東S,,"2,434",-61,-2.44%,53,10.2倍,1.24倍,2.47%
20260728,2104,三協立山,5932,東P,,646,-10,-1.52%,53,20.2倍,0.22倍,3.87%
20260728,2105,ＦフォースＧ,7068,東G,,543,-4,-0.73%,53,8.50倍,3.53倍,3.68%
20260728,2106,ＴＯＲＩＣＯ,7138,東G,,128,-10,-7.25%,53,ー倍,1.26倍,ー%
20260728,2107,サイバトラス,4498,東G,,"1,166",-20,-1.69%,52,15.4倍,2.57倍,1.20%
20260728,2108,野村台湾テク,412A,東Ｅ,,"3,975",-305,-7.13%,52,ー倍,ー倍,ー%
20260728,2109,酒井重,6358,東P,,"2,165",-21,-0.96%,52,17.0倍,0.59倍,5.08%
20260728,2110,アイホン,6718,東P,,"2,838",-13,-0.46%,52,14.5倍,0.66倍,4.58%
20260728,2111,新家工,7305,東S,,"2,656",-4,-0.15%,52,14.9倍,0.74倍,5.65%
20260728,2112,燦ＨＤ,9628,東P,,"1,475",-7,-0.47%,52,ー倍,0.91倍,2.73%
20260728,2113,ＭＶ東海,8198,東S,,"3,310",+35,+1.07%,52,11.4倍,1.10倍,2.57%
20260728,2114,ロボホーム,1435,東S,,163,-2,-1.21%,52,7.24倍,1.33倍,1.23%
20260728,2115,上場リートＭ,2552,東Ｅ,,"2,028",0,0.00%,52,ー倍,ー倍,ー%
20260728,2116,あみやき,2753,東P,,"1,350",+1,+0.07%,51,19.1倍,1.23倍,2.52%
20260728,2117,ラサ商事,3023,東S,,"1,864",-40,-2.10%,51,9.82倍,0.84倍,4.29%
20260728,2118,ヤギ,7460,東S,,"1,856",+6,+0.32%,51,11.4倍,0.90倍,3.23%
20260728,2119,ＭＸナスヘ有,2632,東Ｅ,,"16,870",-695,-3.96%,51,ー倍,ー倍,ー%
20260728,2120,ＴＯＷ,4767,東S,,339,-1,-0.29%,51,9.35倍,1.36倍,5.40%
20260728,2121,ＧＸ防衛テク,466A,東Ｅ,,"1,094",+25,+2.34%,51,ー倍,ー倍,ー%
20260728,2122,マイクロアド,9553,東G,,583,-8,-1.35%,51,22.8倍,3.93倍,ー%
20260728,2123,グロースコア,1563,東Ｅ,,"2,174",+46,+2.16%,51,ー倍,ー倍,ー%
20260728,2124,山陽電,9052,東P,,"2,024",0,0.00%,51,15.0倍,0.72倍,2.47%
20260728,2125,ヨータイ,5357,東P,,"1,766",-4,-0.23%,51,12.5倍,0.95倍,5.10%
20260728,2126,エクストリム,6033,東G,,"1,672",-63,-3.63%,51,9.73倍,1.30倍,4.07%
20260728,2127,ファインデ,3649,東P,,843,-7,-0.82%,50,15.8倍,3.65倍,3.20%
20260728,2128,イートアンド,2882,東P,,"2,062",-10,-0.48%,50,51.6倍,2.06倍,0.73%
20260728,2129,ジェリビンズ,3070,東G,,78,-2,-2.50%,50,39.6倍,1.28倍,ー%
20260728,2130,有機薬,4531,東S,,333,-9,-2.63%,50,ー倍,0.53倍,3.00%
20260728,2131,電算システム,4072,東P,,"2,906",-17,-0.58%,50,11.9倍,1.25倍,3.44%
20260728,2132,日本アクア,1429,東P,,750,-5,-0.66%,50,12.3倍,2.23倍,4.67%
20260728,2133,野村自動車,1622,東Ｅ,,"34,740",+510,+1.49%,50,ー倍,ー倍,ー%
20260728,2134,メンバーズ,2130,東P,,"1,083",-10,-0.91%,50,8.01倍,2.09倍,3.23%
20260728,2135,ヒューマンＴ,5621,東G,,"1,661",+4,+0.24%,50,14.3倍,3.02倍,2.11%
20260728,2136,ｊｉｇ．ｊｐ,5244,東G,,168,-3,-1.75%,49,5.97倍,1.38倍,1.74%
20260728,2137,ｉＦ米債７無,2015,東Ｅ,,"2,216",+5,+0.23%,49,ー倍,ー倍,ー%
20260728,2138,イクヨ,7273,東S,,595,-11,-1.82%,49,285倍,1.30倍,0.50%
20260728,2139,Ｓｏｌｖｖｙ,7320,東G,,"1,414",-16,-1.12%,49,9.64倍,3.16倍,1.41%
20260728,2140,ファンディノ,462A,東G,,214,-18,-7.76%,49,ー倍,1.09倍,ー%
20260728,2141,高千穂交易,2676,東P,,"2,081",-13,-0.62%,49,23.6倍,2.21倍,3.65%
20260728,2142,上場ＮＱヘ無,2568,東Ｅ,,"7,779",-226,-2.82%,49,ー倍,ー倍,ー%
20260728,2143,サスメド,4263,東G,,701,-19,-2.64%,49,ー倍,2.94倍,ー%
20260728,2144,野村ナスＨ有,2845,東Ｅ,,"3,338",-101,-2.94%,49,ー倍,ー倍,ー%
20260728,2145,中央倉,9319,東P,,"1,839",-25,-1.34%,49,15.6倍,0.67倍,2.28%
20260728,2146,クリナップ,7955,東P,,934,-7,-0.74%,49,9.28倍,0.54倍,3.53%
20260728,2147,日産証券Ｇ,8705,東S,,220,-2,-0.90%,48,ー倍,0.85倍,ー%
20260728,2148,ｉＳ米債３Ｈ,2856,東Ｅ,,647.5,-0.1,-0.02%,48,ー倍,ー倍,ー%
20260728,2149,パラカ,4809,東P,,"2,088",+25,+1.21%,48,9.25倍,1.01倍,3.45%
20260728,2150,昭和ＨＤ,5103,東S,,9,-1,-10.00%,48,ー倍,0.62倍,ー%
20260728,2151,三機サービス,6044,東S,,"1,899",+14,+0.74%,48,ー倍,2.18倍,ー%
20260728,2152,エラン,6099,東P,,792,+6,+0.76%,48,15.0倍,3.30倍,2.02%
20260728,2153,幸楽苑,7554,東P,,"1,148",-1,-0.09%,48,17.6倍,3.08倍,1.31%
20260728,2154,北川鉄,6317,東S,,"1,640",-48,-2.84%,48,7.74倍,0.34倍,3.90%
20260728,2155,愛電機,6623,名P,,"8,800",-190,-2.11%,48,11.8倍,0.95倍,3.18%
20260728,2156,帝通工,6763,東P,,"2,833",-118,-4.00%,48,18.7倍,0.91倍,4.41%
20260728,2157,学究社,9769,東P,,"2,724",+46,+1.72%,48,13.5倍,3.62倍,4.66%
20260728,2158,シンデンハイ,3131,東S,,"3,395",-140,-3.96%,48,7.53倍,0.86倍,3.98%
20260728,2159,オーケーエム,6229,東S,,"1,553",-50,-3.12%,48,9.29倍,0.63倍,3.22%
20260728,2160,ＧＸリー日株,2641,東Ｅ,,"4,397",-52,-1.17%,48,ー倍,ー倍,ー%
20260728,2161,ユキグニ,1375,東P,,"1,164",+3,+0.26%,47,18.3倍,3.14倍,1.72%
20260728,2162,北電工,6989,東S,,"2,388",-52,-2.13%,47,15.6倍,0.73倍,3.98%
20260728,2163,安永,7271,東S,,936,-31,-3.21%,47,7.42倍,0.66倍,4.06%
20260728,2164,セルシード,7776,東G,,206,-10,-4.63%,47,ー倍,4.07倍,ー%
20260728,2165,ＨＳＨＤ,8699,東S,,"1,164",-20,-1.69%,47,ー倍,0.35倍,ー%
20260728,2166,菱友システム,4685,東S,,"2,849",-34,-1.18%,47,10.1倍,1.64倍,3.51%
20260728,2167,パンチ,6165,東S,,491,-15,-2.96%,47,12.3倍,0.59倍,4.07%
20260728,2168,イントランス,3237,東G,,91,-7,-7.14%,47,125倍,21.1倍,ー%
20260728,2169,六甲バタ,2266,東P,,"1,088",-6,-0.55%,47,13.3倍,0.60倍,1.84%
20260728,2170,キャリアデザ,2410,東P,,"2,898",-27,-0.92%,47,12.0倍,3.29倍,5.52%
20260728,2171,ベクターＨＤ,2656,東S,,154,-2,-1.28%,47,14.5倍,4.76倍,ー%
20260728,2172,ジャノメ,6445,東P,,"1,307",-28,-2.10%,47,10.9倍,0.63倍,4.59%
20260728,2173,旅工房,6548,東G,,118,0,0.00%,47,ー倍,2.73倍,ー%
20260728,2174,グリーンエナ,1436,東G,,"1,272",-13,-1.01%,47,19.7倍,2.77倍,0.47%
20260728,2175,太洋基礎,1758,東S,,"2,400",-8,-0.33%,47,10.1倍,0.50倍,2.71%
20260728,2176,エーアイテイ,9381,東P,,"2,329",-14,-0.60%,47,16.1倍,2.71倍,4.72%
20260728,2177,市光工,7244,東P,,533,0,0.00%,46,10.3倍,0.64倍,3.38%
20260728,2178,進和,7607,東P,,"3,170",0,0.00%,46,13.7倍,0.92倍,3.91%
20260728,2179,Ｊファーマ,520A,東G,,277,+4,+1.47%,46,ー倍,1.23倍,ー%
20260728,2180,サイエンスＡ,4412,東G,,"1,116",-56,-4.78%,46,48.2倍,5.88倍,0.09%
20260728,2181,ＨＥＲＯＺ,4382,東S,,697,-11,-1.55%,46,41.3倍,2.49倍,ー%
20260728,2182,ソラコム,147A,東G,,"1,007",-16,-1.56%,46,65.3倍,4.18倍,ー%
20260728,2183,アステナＨＤ,8095,東P,,508,-9,-1.74%,46,8.74倍,0.72倍,3.54%
20260728,2184,野村情通サ他,1626,東Ｅ,,"44,660",+60,+0.13%,46,ー倍,ー倍,ー%
20260728,2185,井村屋Ｇ,2209,東P,,"2,427",-8,-0.33%,46,12.9倍,1.24倍,1.57%
20260728,2186,東北新社,2329,東S,,500,0,0.00%,46,ー倍,0.80倍,ー%
20260728,2187,バルニバービ,3418,東G,,"1,139",-1,-0.09%,46,27.8倍,2.04倍,0.66%
20260728,2188,シライ電子,6658,東S,,440,-9,-2.00%,46,11.0倍,0.60倍,4.55%
20260728,2189,ＪＥＴ,6228,東S,,498,-39,-7.26%,45,ー倍,0.67倍,ー%
20260728,2190,コンドー,7438,東P,,"1,570",-10,-0.63%,45,11.9倍,1.05倍,3.69%
20260728,2191,アキレス,5142,東P,,"1,245",-46,-3.56%,45,13.1倍,0.39倍,2.41%
20260728,2192,日本スキー,6040,東G,,523,+2,+0.38%,45,9.75倍,2.35倍,0.96%
20260728,2193,伊沢タオル,365A,東S,,793,-7,-0.88%,45,11.3倍,1.90倍,5.30%
20260728,2194,オプティム,3694,東P,,393,-6,-1.50%,45,ー倍,2.31倍,ー%
20260728,2195,ｅＢＡＳＥ,3835,東P,,425,-3,-0.70%,45,17.5倍,2.54倍,3.58%
20260728,2196,野村建設資材,1619,東Ｅ,,"46,510","-1,380",-2.88%,45,ー倍,ー倍,ー%
20260728,2197,森組,1853,東S,,335,+1,+0.30%,45,14.1倍,0.71倍,4.18%
20260728,2198,巴,1921,東S,,"1,719",-32,-1.83%,45,22.2倍,0.80倍,1.40%
20260728,2199,東祥,8920,東S,,769,-16,-2.04%,45,8.40倍,0.72倍,1.30%
20260728,2200,ライク,2462,東P,,"1,516",-11,-0.72%,45,11.4倍,1.53倍,3.96%
20260728,2201,ｉＳロボット,2522,東Ｅ,,"8,325",-248,-2.89%,45,ー倍,ー倍,ー%
20260728,2202,ＰＣＮＥＴ,3021,東S,,"1,560",-27,-1.70%,44,9.28倍,2.05倍,4.17%
20260728,2203,ＣＯＴＡ,4923,東P,,"1,219",-3,-0.25%,44,26.0倍,2.98倍,1.56%
20260728,2204,ネットスタズ,5590,東G,,664,-12,-1.78%,44,22.8倍,1.44倍,ー%
20260728,2205,ウルフハンド,194A,東G,,"1,301",-141,-9.78%,44,11.7倍,2.93倍,ー%
20260728,2206,トリニ工,6382,東S,,"1,225",-14,-1.13%,44,10.2倍,0.57倍,4.98%
20260728,2207,ＳＥＭＴＥＣ,6626,東S,,"1,985",-36,-1.78%,44,9.29倍,0.80倍,2.82%
20260728,2208,アシロ,7378,東G,,"1,487",-112,-7.00%,44,10.7倍,3.69倍,4.37%
20260728,2209,明和地所,8869,東S,,830,-9,-1.07%,44,6.71倍,0.53倍,4.82%
20260728,2210,明豊エンタ,8927,東S,,461,0,0.00%,44,5.64倍,1.26倍,3.25%
20260728,2211,Ｍラインズ,3901,東P,,"1,353",-10,-0.73%,44,10.4倍,2.75倍,4.29%
20260728,2212,ホクリヨウ,1384,東S,,"2,015",-24,-1.18%,44,7.51倍,0.97倍,3.97%
20260728,2213,ＷＴ金,1672,東Ｅ,,"61,370",-650,-1.05%,44,ー倍,ー倍,ー%
20260728,2214,日基技,1914,東S,,720,+4,+0.56%,44,8.73倍,0.53倍,4.17%
20260728,2215,日東富士,2003,東S,,"1,851",+7,+0.38%,44,20.4倍,1.35倍,3.78%
20260728,2216,ＳＡＡＦＨＤ,1447,東G,,365,-4,-1.08%,43,20.2倍,3.64倍,1.32%
20260728,2217,ミダックＨＤ,6564,東P,,"2,215",-27,-1.20%,43,18.4倍,3.41倍,0.90%
20260728,2218,エステー,4951,東P,,"1,547",-5,-0.32%,43,17.9倍,0.96倍,2.97%
20260728,2219,ウィルＧ,6089,東P,,"1,090",-10,-0.91%,43,11.3倍,1.23倍,4.04%
20260728,2220,アウン,2459,東S,,169,-5,-2.87%,43,ー倍,4.13倍,ー%
20260728,2221,誠建設,8995,東S,Ｓ,"1,093",+150,+15.91%,43,31.4倍,0.53倍,2.29%
20260728,2222,サニックスＨ,4651,東S,,261,-5,-1.88%,43,12.5倍,1.13倍,1.15%
20260728,2223,ドリコム,3793,東G,,434,-3,-0.69%,43,20.8倍,2.50倍,1.15%
20260728,2224,上場ＮＱヘ有,2569,東Ｅ,,"4,040",-121,-2.91%,43,ー倍,ー倍,ー%
20260728,2225,ＧＸ純金,425A,東Ｅ,,354.5,-3.9,-1.09%,43,ー倍,ー倍,ー%
20260728,2226,トランヴィア,545A,東P,,923,-6,-0.65%,43,15.2倍,ー倍,4.33%
20260728,2227,ｉＳ米債カバ,453A,東Ｅ,,794.2,-0.7,-0.09%,42,ー倍,ー倍,ー%
20260728,2228,ＫＮＴＣＴ,9726,東S,,"1,889",-16,-0.84%,42,9.02倍,2.82倍,0.53%
20260728,2229,フイルコン,5942,東S,,625,-15,-2.34%,42,15.1倍,0.53倍,4.48%
20260728,2230,鎌倉新書,6184,東P,,526,-5,-0.94%,42,19.7倍,3.97倍,3.80%
20260728,2231,ＴＢグループ,6775,東S,,118,-1,-0.84%,42,176倍,3.65倍,ー%
20260728,2232,共和電,6853,東S,,761,-12,-1.55%,42,16.0倍,1.05倍,2.76%
20260728,2233,今村証券,7175,東S,,"1,699",-88,-4.92%,42,ー倍,0.64倍,ー%
20260728,2234,バロック,3548,東P,,742,-1,-0.13%,42,36.0倍,1.99倍,5.12%
20260728,2235,ナカバヤシ,7987,東S,,582,-3,-0.51%,42,8.10倍,0.51倍,3.78%
20260728,2236,ムトー精工,7927,東S,,"2,302",-41,-1.75%,41,5.33倍,0.76倍,5.08%
20260728,2237,ＮＩＴＴＡＮ,6493,東S,,463,-11,-2.32%,41,7.41倍,0.43倍,4.32%
20260728,2238,アルチザ,6778,東S,,652,-15,-2.25%,41,35.8倍,0.82倍,3.83%
20260728,2239,インタライフ,1418,東S,,587,-11,-1.84%,41,11.2倍,1.87倍,5.11%
20260728,2240,ベステラ,1433,東P,,"1,147",-9,-0.78%,41,14.5倍,1.90倍,3.49%
20260728,2241,野村医薬品,1621,東Ｅ,,"30,280",+200,+0.66%,41,ー倍,ー倍,ー%
20260728,2242,ｉＳ米債７,1656,東Ｅ,,319.0,-0.3,-0.09%,41,ー倍,ー倍,ー%
20260728,2243,ＪＦＥシステ,4832,東S,,"2,026",-24,-1.17%,41,14.5倍,1.79倍,3.46%
20260728,2244,ｉＳ米債３月,2012,東Ｅ,,248.3,+0.4,+0.16%,41,ー倍,ー倍,ー%
20260728,2245,タカミヤ,2445,東S,,415,+2,+0.48%,41,10.3倍,0.83倍,3.86%
20260728,2246,ＣＳＨＤ,3810,東S,,153,-5,-3.16%,41,ー倍,2.37倍,ー%
20260728,2247,ＩＤＨＤ,4709,東P,,"1,131",+3,+0.27%,41,12.8倍,2.53倍,4.42%
20260728,2248,ＮＥＸＹＺ．,4346,東S,,775,-25,-3.13%,40,10.6倍,2.74倍,2.58%
20260728,2249,ＳＭＥＪ,4772,東G,,79,-4,-4.82%,40,36.2倍,1.29倍,1.27%
20260728,2250,スカイマーク,9204,東G,,412,+2,+0.49%,40,31.0倍,0.73倍,ー%
20260728,2251,野村Ａ成長,2083,東Ｅ,,"3,811",-87,-2.23%,40,ー倍,ー倍,ー%
20260728,2252,三谷産業,8285,東S,,685,0,0.00%,40,16.2倍,0.74倍,1.90%
20260728,2253,光世,8617,東S,,551,-19,-3.33%,40,ー倍,0.31倍,ー%
20260728,2254,スクイーズ,558A,東G,,"4,500",-115,-2.49%,40,28.6倍,8.72倍,ー%
20260728,2255,三ッ星,5820,東S,,683,-32,-4.48%,40,9.90倍,0.39倍,2.49%
20260728,2256,ＭＳジャパン,6539,東P,,996,-3,-0.30%,40,22.9倍,2.60倍,5.62%
20260728,2257,シキボウ,3109,東P,,"1,036",-5,-0.48%,40,21.9倍,0.36倍,4.83%
20260728,2258,ポピンズ,7358,東S,,"1,516",+29,+1.95%,40,12.3倍,1.59倍,3.10%
20260728,2259,ジーネクスト,4179,東G,,340,-20,-5.56%,40,ー倍,24.3倍,ー%
20260728,2260,ビーウィズ,9216,東P,,"1,610",-4,-0.25%,40,24.4倍,2.66倍,4.78%
20260728,2261,ペルセウス,4882,東G,,145,-4,-2.68%,39,ー倍,2.35倍,ー%
20260728,2262,神鋼線,5660,東S,,"1,864",-36,-1.89%,39,ー倍,0.43倍,ー%
20260728,2263,アドバネクス,5998,東S,,"2,617",-110,-4.03%,39,5.37倍,1.06倍,1.91%
20260728,2264,ＧＥＮＯＶＡ,9341,東P,,631,-2,-0.32%,39,9.19倍,1.73倍,4.75%
20260728,2265,ＡＲアドバン,5578,東G,,794,-10,-1.24%,39,10.7倍,3.01倍,0.88%
20260728,2266,ｉＳ米高配当,2013,東Ｅ,,320.1,+3.6,+1.14%,39,ー倍,ー倍,ー%
20260728,2267,森六,4249,東P,,"2,510",-37,-1.45%,39,11.6倍,0.54倍,4.98%
20260728,2268,メディシス,4350,東S,,490,+3,+0.62%,39,14.3倍,0.83倍,2.45%
20260728,2269,ヒトコムＨＤ,4433,東P,,898,+5,+0.56%,39,105倍,0.94倍,4.18%
20260728,2270,東インキ,4635,東S,,"1,414",-26,-1.81%,39,9.06倍,0.55倍,4.60%
20260728,2271,ウェルネス,366A,東G,,"1,017",-20,-1.93%,39,11.0倍,2.18倍,3.93%
20260728,2272,信金中央,8421,東証,,"186,000",+300,+0.16%,39,ー倍,ー倍,3.49%
20260728,2273,野村小売,1630,東Ｅ,,"39,040",+900,+2.36%,39,ー倍,ー倍,ー%
20260728,2274,徳倉建,1892,名M,,"8,040",-380,-4.51%,39,7.01倍,0.74倍,3.11%
20260728,2275,タカトリ,6338,東S,,"1,467",-70,-4.55%,39,23.7倍,0.79倍,2.73%
20260728,2276,日本麻,3306,東S,,813,-27,-3.21%,39,"1,196倍",1.70倍,0.49%
20260728,2277,システムソフ,7527,東S,,46,-1,-2.13%,39,219倍,1.23倍,ー%
20260728,2278,黒田精,7726,東S,,"1,222",-60,-4.68%,39,20.8倍,0.60倍,1.64%
20260728,2279,愛時計,7723,東P,,"3,015",-65,-2.11%,38,10.0倍,0.88倍,3.98%
20260728,2280,レック,7874,東P,,971,-3,-0.31%,38,10.6倍,0.84倍,2.88%
20260728,2281,丸藤パ,8046,東S,,891,-22,-2.41%,38,8.78倍,0.47倍,4.26%
20260728,2282,ＴＹＫ,5363,東S,,696,-7,-1.00%,38,6.83倍,0.66倍,4.40%
20260728,2283,明海グループ,9115,東S,,851,-30,-3.41%,38,13.8倍,0.54倍,ー%
20260728,2284,スペース,9622,東P,,"1,453",-9,-0.62%,38,10.8倍,1.02倍,4.96%
20260728,2285,アゴーラＨＧ,9704,東S,,31,-1,-3.13%,38,33.0倍,1.49倍,ー%
20260728,2286,アールプラン,2983,東G,,"1,471",-42,-2.78%,38,5.93倍,1.91倍,3.06%
20260728,2287,シンバイオ,4582,東G,,68,-1,-1.45%,38,ー倍,-101倍,ー%
20260728,2288,アツギ,3529,東S,,"1,093",-13,-1.18%,38,ー倍,0.55倍,ー%
20260728,2289,リネットＪ,3556,東G,,804,-12,-1.47%,38,9.85倍,8.14倍,ー%
20260728,2290,松井建,1810,東S,,"1,451",-5,-0.34%,38,10.4倍,0.73倍,4.82%
20260728,2291,大成温調,1904,東S,,"5,090",-70,-1.36%,38,5.97倍,1.03倍,3.89%
20260728,2292,なとり,2922,東P,,"1,997",-3,-0.15%,38,17.2倍,0.91倍,1.50%
20260728,2293,ペッパー,3053,東S,,183,-2,-1.08%,38,226倍,3.24倍,ー%
20260728,2294,オカアイヨン,6294,東P,,"2,003",-7,-0.35%,38,9.49倍,0.89倍,3.79%
20260728,2295,コンヴァノ,6574,東G,,86,-3,-3.37%,38,7.37倍,3.94倍,1.16%
20260728,2296,日創グループ,3440,東S,,877,-9,-1.02%,37,10.4倍,0.45倍,4.79%
20260728,2297,ステムリム,4599,東G,,292,-7,-2.34%,37,ー倍,3.98倍,ー%
20260728,2298,ヤプリ,4168,東G,,797,+2,+0.25%,37,11.0倍,3.28倍,1.88%
20260728,2299,日金属,5491,東S,,902,-8,-0.88%,37,11.4倍,0.20倍,0.55%
20260728,2300,ジーイエット,7603,東S,,47,-2,-4.08%,37,4.10倍,1.17倍,ー%
20260728,2301,中本パックス,7811,東S,,"1,911",-1,-0.05%,37,7.75倍,0.80倍,3.87%
20260728,2302,豊トラスティ,8747,東S,,"2,351",-74,-3.05%,37,ー倍,0.74倍,ー%
20260728,2303,フジ住,8860,東P,,764,-9,-1.16%,37,ー倍,0.46倍,4.19%
20260728,2304,ＮＳＷ,9739,東P,,"2,551",-8,-0.31%,37,10.1倍,1.00倍,4.90%
20260728,2305,ユーソナー,431A,東G,,"1,950",+5,+0.26%,37,15.3倍,3.49倍,ー%
20260728,2306,キャンドゥ,2698,東S,,"3,575",+10,+0.28%,37,127倍,5.31倍,0.48%
20260728,2307,やまみ,2820,東S,,"4,750",-50,-1.04%,37,20.5倍,2.92倍,1.73%
20260728,2308,イマジニア,4644,東S,,"1,050",-5,-0.47%,37,20.3倍,0.82倍,5.71%
20260728,2309,三晃金,1972,東S,,"1,274",-14,-1.09%,37,10.0倍,0.89倍,5.02%
20260728,2310,ＪＫＨＤ,9896,東S,,"1,399",-39,-2.71%,36,8.91倍,0.58倍,4.29%
20260728,2311,日本トリム,6788,東P,,"4,670",0,0.00%,36,15.8倍,1.46倍,2.78%
20260728,2312,竹田ｉＰ,7875,東S,,780,-27,-3.35%,36,11.5倍,0.66倍,3.01%
20260728,2313,プログリット,9560,東G,,825,-12,-1.43%,36,9.60倍,3.55倍,2.67%
20260728,2314,ユトリ,5892,東G,,"2,012",-31,-1.52%,36,13.7倍,4.56倍,ー%
20260728,2315,プロレド,7034,東P,,364,-43,-10.57%,36,ー倍,0.57倍,ー%
20260728,2316,マーベラス,7844,東P,,451,0,0.00%,36,13.7倍,0.98倍,3.33%
20260728,2317,カルナバイオ,4572,東G,,296,-7,-2.31%,36,ー倍,-34倍,ー%
20260728,2318,エータイ,369A,東G,,"2,226",-73,-3.18%,36,16.6倍,2.90倍,2.43%
20260728,2319,レント,372A,東S,,"5,470",-40,-0.73%,36,7.03倍,1.05倍,4.30%
20260728,2320,フツパー,478A,東G,,740,-24,-3.14%,36,21.7倍,3.55倍,ー%
20260728,2321,野村政策,605A,東Ｅ,,192.7,-4.5,-2.28%,36,ー倍,ー倍,ー%
20260728,2322,ルネサンス,2378,東P,,"1,061",-13,-1.21%,36,41.8倍,2.62倍,1.23%
20260728,2323,コア,2359,東P,,"2,012",0,0.00%,35,9.65倍,1.40倍,2.98%
20260728,2324,木徳神糧,2700,東S,,"1,705",-41,-2.35%,35,4.65倍,0.68倍,2.93%
20260728,2325,サンウェルズ,9229,東P,,126,-4,-3.08%,35,ー倍,0.59倍,ー%
20260728,2326,ｉＳＨＹ社債,2258,東Ｅ,,231.0,+0.6,+0.26%,35,ー倍,ー倍,ー%
20260728,2327,ナカノフドー,1827,東S,,"1,325",-24,-1.78%,35,15.7倍,0.92倍,1.89%
20260728,2328,暁飯島工業,1997,東S,,"3,750",-140,-3.60%,35,7.98倍,0.92倍,3.60%
20260728,2329,フマキラ,4998,東S,,"1,219",-10,-0.81%,35,12.3倍,0.75倍,1.97%
20260728,2330,石塚硝,5204,東S,,"2,999",-11,-0.37%,35,5.82倍,0.33倍,2.40%
20260728,2331,日東工器,6151,東P,,"1,693",-33,-1.91%,35,21.6倍,0.52倍,1.89%
20260728,2332,ＣＣＴ,4371,東G,,"1,397",+5,+0.36%,35,17.1倍,5.01倍,1.50%
20260728,2333,大東銀,8563,東S,,"1,042",-25,-2.34%,35,8.27倍,0.45倍,3.84%
20260728,2334,朝日放送ＨＤ,9405,東P,,840,-5,-0.59%,35,13.0倍,0.42倍,2.38%
20260728,2335,インバウンド,497A,東EN,,"10,670",+230,+2.20%,35,ー倍,ー倍,ー%
20260728,2336,大木ヘルス,3417,東S,,"1,052",-42,-3.84%,35,ー倍,0.42倍,2.85%
20260728,2337,山田コンサル,4792,東P,,"1,721",-13,-0.75%,35,11.4倍,1.66倍,4.47%
20260728,2338,ａｂｃ,8783,東S,,61,-3,-4.69%,34,ー倍,0.30倍,ー%
20260728,2339,野村エネ資源,1618,東Ｅ,,"33,460",-430,-1.27%,34,ー倍,ー倍,ー%
20260728,2340,北浜ＣＰ,2134,東S,,25,0,0.00%,34,7.67倍,2.63倍,ー%
20260728,2341,野村外国債券,2511,東Ｅ,,"1,207.0",0,0.00%,34,ー倍,ー倍,ー%
20260728,2342,テクノロジー,5248,東G,,528,-6,-1.12%,34,ー倍,6.35倍,ー%
20260728,2343,ユカリア,286A,東G,,801,+1,+0.13%,34,17.3倍,1.37倍,ー%
20260728,2344,ラックランド,9612,東P,,"1,258",-26,-2.02%,34,5.63倍,1.10倍,3.18%
20260728,2345,いであ,9768,東S,,"3,490",0,0.00%,34,10.4倍,0.81倍,3.38%
20260728,2346,ＳＰＫ,7466,東P,,"1,373",0,0.00%,34,10.2倍,0.95倍,2.99%
20260728,2347,フラベッドＨ,7840,東P,,"1,275",0,0.00%,34,13.9倍,1.06倍,3.29%
20260728,2348,アールビバン,7523,東S,,"1,898",0,0.00%,33,12.4倍,1.07倍,ー%
20260728,2349,ニホンフラ,7820,東P,,724,0,0.00%,33,18.3倍,0.52倍,4.97%
20260728,2350,エバラ食品,2819,東S,,"2,513",-11,-0.44%,33,24.5倍,0.68倍,1.99%
20260728,2351,ケンコーマヨ,2915,東P,,"2,073",+13,+0.63%,33,10.5倍,0.72倍,3.38%
20260728,2352,ＧＷ,3936,東G,,154,-5,-3.14%,33,47.1倍,6.27倍,ー%
20260728,2353,ＮＡＮＯＨＤ,4571,東G,,95,-2,-2.06%,33,ー倍,2.24倍,ー%
20260728,2354,キッズバイオ,4584,東G,,140,-3,-2.10%,33,ー倍,4.33倍,ー%
20260728,2355,ソーダニッカ,8158,東P,,"1,171",-19,-1.60%,33,10.9倍,0.79倍,3.76%
20260728,2356,さくらさく,7097,東G,,"2,994",-2,-0.07%,33,16.0倍,2.00倍,0.94%
20260728,2357,日コン,5269,東P,,334,-5,-1.47%,33,14.0倍,0.40倍,2.99%
20260728,2358,バリューＨＲ,6078,東P,,"1,534",-16,-1.03%,33,39.1倍,6.21倍,1.83%
20260728,2359,丸山製,6316,東S,,"2,806",-23,-0.81%,33,12.1倍,0.51倍,2.67%
20260728,2360,共栄タ,9130,東S,,"1,430",-42,-2.85%,33,8.41倍,0.42倍,2.80%
20260728,2361,ＧＸ優先証券,2866,東Ｅ,,"1,013",+2,+0.20%,33,ー倍,ー倍,ー%
20260728,2362,ナレルＧ,9163,東G,,"2,302",-5,-0.22%,33,9.64倍,1.35倍,5.00%
20260728,2363,全保連,5845,東S,,"1,020",+1,+0.10%,33,10.6倍,3.32倍,4.71%
20260728,2364,カウリス,153A,東G,,"1,190",-38,-3.09%,33,26.6倍,4.81倍,0.46%
20260728,2365,情報戦略テク,155A,東G,,832,-20,-2.35%,33,19.9倍,4.57倍,ー%
20260728,2366,Ｎｏ．１,3562,東S,,"1,599",0,0.00%,33,10.7倍,2.58倍,4.94%
20260728,2367,動物高度医療,6039,東G,,976,-10,-1.01%,32,14.2倍,2.58倍,1.33%
20260728,2368,アドウェイズ,2489,東S,,306,-8,-2.55%,32,22.6倍,0.87倍,2.15%
20260728,2369,北海コカ,2573,東S,,"3,995",-5,-0.13%,32,49.4倍,1.25倍,0.75%
20260728,2370,Ｏｎｅ４００,1474,東Ｅ,,"36,100",-990,-2.67%,32,ー倍,ー倍,ー%
20260728,2371,野村運輸物流,1628,東Ｅ,,"22,010",+135,+0.62%,32,ー倍,ー倍,ー%
20260728,2372,じもとＨＤ,7161,東S,,518,-20,-3.72%,32,4.04倍,1.48倍,0.97%
20260728,2373,Ｃａｓａ,7196,東S,,783,0,0.00%,32,38.0倍,1.12倍,2.55%
20260728,2374,ＳＢＩＩＧ,7326,東G,,"2,111",-44,-2.04%,32,14.5倍,1.09倍,2.79%
20260728,2375,ニチバン,4218,東P,,"1,942",+10,+0.52%,32,17.0倍,0.88倍,2.06%
20260728,2376,ＣＥＨＤ,4320,東S,,"1,690",-19,-1.11%,32,32.4倍,3.45倍,1.42%
20260728,2377,アクリート,4395,東G,,715,-33,-4.41%,32,12.8倍,1.53倍,1.40%
20260728,2378,広ガス,9535,東P,,419,-3,-0.71%,32,13.1倍,0.40倍,2.86%
20260728,2379,船場,6540,東S,,"1,485",-5,-0.34%,32,9.93倍,1.13倍,5.25%
20260728,2380,ＮＦＫＨＤ,6494,東S,,96,-3,-3.03%,31,44.7倍,0.80倍,ー%
20260728,2381,シモジマ,7482,東P,,"1,395",-5,-0.36%,31,12.6倍,0.89倍,4.23%
20260728,2382,サトウ食品,2923,東S,,"8,850",+250,+2.91%,31,ー倍,1.80倍,ー%
20260728,2383,丸八ＨＤ,3504,名M,,"1,330",-5,-0.37%,31,11.2倍,0.35倍,3.76%
20260728,2384,大成ラミック,4994,東S,,"2,526",-7,-0.28%,31,16.1倍,0.59倍,2.77%
20260728,2385,那須鉄,5922,東S,,"19,390",-510,-2.56%,31,12.9倍,0.68倍,2.32%
20260728,2386,アルインコ,5933,東P,,"1,099",-11,-0.99%,31,10.1倍,0.65倍,4.09%
20260728,2387,ＩＲジャパン,6035,東S,,704,-6,-0.85%,31,ー倍,2.04倍,ー%
20260728,2388,楽待,6037,東S,,"1,002",-21,-2.05%,31,14.5倍,3.51倍,1.30%
20260728,2389,野村素材化学,1620,東Ｅ,,"36,160","-1,400",-3.73%,31,ー倍,ー倍,ー%
20260728,2390,川崎設備,1777,名M,,"2,320",-3,-0.13%,31,8.05倍,1.69倍,4.09%
20260728,2391,ＡＢ＆Ｃ,9251,東G,,"1,356",+3,+0.22%,31,13.1倍,2.18倍,4.42%
20260728,2392,プロネクサス,7893,東P,,"1,179",-4,-0.34%,31,14.6倍,1.23倍,3.73%
20260728,2393,シーラＨＤ,8887,東S,,375,-4,-1.06%,31,9.37倍,0.79倍,3.73%
20260728,2394,大伸化学,4629,東S,,"1,884",-96,-4.85%,31,10.6倍,0.50倍,2.39%
20260728,2395,スマートＤ,5137,東G,,211,-3,-1.40%,31,8.83倍,5.86倍,ー%
20260728,2396,モンラボ,5255,東G,,87,-3,-3.33%,31,ー倍,7.53倍,ー%
20260728,2397,ｉＦＳＰＷベ,2249,東Ｅ,,"10,130",+245,+2.48%,31,ー倍,ー倍,ー%
20260728,2398,ＮＩＳＳＯ,9332,東P,,628,-5,-0.79%,31,10.1倍,1.15倍,3.98%
20260728,2399,ＳＳ金,447A,東Ｅ,,264.2,-2.9,-1.09%,31,ー倍,ー倍,ー%
20260728,2400,ＰＲＯＮＩ,479A,東G,,"1,334",+12,+0.91%,31,6.57倍,3.38倍,ー%
20260728,2401,ＧＸ日経株主,465A,東Ｅ,,"1,310",0,0.00%,30,ー倍,ー倍,ー%
20260728,2402,紀文食品,2933,東P,,"1,097",+6,+0.55%,30,9.79倍,0.97倍,2.10%
20260728,2403,クオンタムＳ,2338,東S,,130,-7,-5.11%,30,ー倍,-9.3倍,ー%
20260728,2404,千代田インテ,6915,東S,,"3,345",-45,-1.33%,30,8.04倍,0.73倍,4.78%
20260728,2405,ブリッジ－Ｇ,7039,東G,,"1,729",+6,+0.35%,30,9.13倍,1.39倍,5.49%
20260728,2406,ｕｐｒ,7065,東S,,981,-31,-3.06%,30,10.3倍,0.78倍,3.77%
20260728,2407,中外鉱,1491,東S,,714,-10,-1.38%,30,10.3倍,1.10倍,ー%
20260728,2408,ｉＳＩＧ債Ｈ,1496,東Ｅ,,"1,635",-2,-0.12%,30,ー倍,ー倍,ー%
20260728,2409,田辺工業,1828,東S,,"2,296",-19,-0.82%,30,8.93倍,0.86倍,4.36%
20260728,2410,サンテック,1960,東S,,"1,448",-86,-5.61%,30,9.67倍,0.66倍,3.80%
20260728,2411,アルトナー,2163,東P,,"2,013",+2,+0.10%,30,17.1倍,4.16倍,4.27%
20260728,2412,ケイブ,3760,東S,,768,-6,-0.78%,30,3.95倍,1.85倍,ー%
20260728,2413,クラウドＷ,3900,東G,,672,-14,-2.04%,30,ー倍,1.64倍,ー%
20260728,2414,倉元,5216,東S,,157,-4,-2.48%,30,ー倍,14.1倍,ー%
20260728,2415,北越メ,5446,東S,,"1,087",-40,-3.55%,30,ー倍,0.23倍,ー%
20260728,2416,南海化学,4040,東S,,"3,485",-15,-0.43%,30,5.51倍,0.63倍,1.87%
20260728,2417,ＭＸ高配日ア,2085,東Ｅ,,782.4,+6.4,+0.82%,30,ー倍,ー倍,ー%
20260728,2418,ミガロＨＤ,5535,東P,,278,-3,-1.07%,30,11.9倍,1.18倍,3.24%
20260728,2419,三共興,8018,東S,,813,-2,-0.25%,30,15.2倍,0.54倍,3.32%
20260728,2420,あかつき本社,8737,東S,,601,-7,-1.15%,30,5.51倍,0.87倍,4.99%
20260728,2421,エフオン,9514,東S,,325,-11,-3.27%,30,10.9倍,0.33倍,2.46%
20260728,2422,日邦産業,9913,東S,,"3,070",+15,+0.49%,30,19.7倍,1.55倍,2.57%
20260728,2423,ＫｅｙＨ,4712,東S,,734,-1,-0.14%,30,13.8倍,0.61倍,1.50%
20260728,2424,ジェネパ,3195,東S,,564,-28,-4.73%,29,25.6倍,2.19倍,ー%
20260728,2425,フェイスＮＷ,3489,東S,,797,-4,-0.50%,29,6.22倍,1.91倍,5.65%
20260728,2426,ＷＨＤＣ,3823,東S,,32,0,0.00%,29,ー倍,3.12倍,ー%
20260728,2427,エプコ,2311,東S,,784,+15,+1.95%,29,14.5倍,1.52倍,4.46%
20260728,2428,テンポスＨＤ,2751,東S,,"3,870",+10,+0.26%,29,17.2倍,2.65倍,0.23%
20260728,2429,アップル,2788,東S,,393,+7,+1.81%,29,8.26倍,0.48倍,2.54%
20260728,2430,Ｗディッシュ,2901,東S,,181,-2,-1.09%,29,17.3倍,0.87倍,2.21%
20260728,2431,アミファ,7800,東S,,954,-22,-2.25%,29,4.52倍,1.22倍,3.14%
20260728,2432,野村ＳＰＨ無,2633,東Ｅ,,558.4,-6.5,-1.15%,29,ー倍,ー倍,ー%
20260728,2433,ファンタジス,1783,東S,,50,0,0.00%,29,34.5倍,1.47倍,ー%
20260728,2434,ヤーマン,6630,東P,,750,-3,-0.40%,29,118倍,1.70倍,1.20%
20260728,2435,村上開明,7292,東S,,"6,690",0,0.00%,29,13.1倍,0.82倍,3.59%
20260728,2436,ｉＦＳＰＷブ,2237,東Ｅ,,"2,286",-74,-3.14%,29,ー倍,ー倍,ー%
20260728,2437,シーユーシー,9158,東G,,771,-23,-2.90%,29,20.6倍,0.68倍,ー%
20260728,2438,売れるＧ,9235,東G,,496,-22,-4.25%,29,"1,984倍",6.95倍,ー%
20260728,2439,カドスＣ,211A,東S,,"3,855",+5,+0.13%,29,12.1倍,0.88倍,4.67%
20260728,2440,キングジム,7962,東P,,807,-2,-0.25%,29,21.6倍,0.90倍,1.86%
20260728,2441,ゲームカード,6249,東S,,"2,599",-31,-1.18%,28,15.2倍,0.60倍,3.85%
20260728,2442,コンバム,6265,東S,,"3,205",-145,-4.33%,28,21.3倍,0.83倍,1.56%
20260728,2443,ＱＢＮＨＤ,6571,東P,,"1,309",-7,-0.53%,28,12.7倍,1.17倍,3.06%
20260728,2444,ダイヤＨＤ,6699,東S,,476,-6,-1.24%,28,567倍,0.40倍,5.25%
20260728,2445,アイコム,6820,東P,,"3,325",0,0.00%,28,15.4倍,0.65倍,2.62%
20260728,2446,アンビＤＸ,3300,東G,,"2,104",-40,-1.87%,28,5.62倍,1.75倍,5.23%
20260728,2447,バトンズ,554A,東G,,"1,441",-40,-2.70%,28,25.3倍,9.64倍,ー%
20260728,2448,アミューズ,4301,東P,,"1,947",-20,-1.02%,28,25.3倍,0.88倍,3.29%
20260728,2449,ＮＣＤ,4783,東S,,"2,479",-40,-1.59%,28,10.9倍,2.36倍,4.84%
20260728,2450,ＭＸＪリコア,2517,東Ｅ,,"1,153.0",+5.0,+0.44%,28,ー倍,ー倍,ー%
20260728,2451,銚子丸,3075,東S,,"1,747",+35,+2.04%,28,27.9倍,2.41倍,0.86%
20260728,2452,ティーライフ,3172,東S,,"1,151",-2,-0.17%,28,26.2倍,0.77倍,2.61%
20260728,2453,サンアスタ,4053,東P,,456,-7,-1.51%,28,12.8倍,1.59倍,2.19%
20260728,2454,スパイダー,4192,東G,,276,-6,-2.13%,28,ー倍,3.68倍,ー%
20260728,2455,オープンＷ,5139,東G,,892,+5,+0.56%,28,19.2倍,2.55倍,1.01%
20260728,2456,Ｇモンスター,157A,東G,,775,-40,-4.91%,28,ー倍,1.94倍,1.29%
20260728,2457,ＭＩＣ,300A,東S,,"2,979",+33,+1.12%,28,15.7倍,2.28倍,2.58%
20260728,2458,ｉＳＳＴ２０,313A,東Ｅ,,259.9,-5.2,-1.96%,28,ー倍,ー倍,ー%
20260728,2459,協和コンサル,9647,東S,,"6,220",-280,-4.31%,28,5.43倍,0.74倍,0.48%
20260728,2460,大庄,9979,東S,,"1,110",-7,-0.63%,28,25.3倍,2.00倍,1.26%
20260728,2461,ヨシコン,5280,東S,,"2,320",+4,+0.17%,28,5.70倍,0.54倍,3.88%
20260728,2462,ヤマックス,5285,東S,,"1,328",-27,-1.99%,28,6.74倍,1.27倍,4.52%
20260728,2463,ホッカンＨＤ,5902,東P,,"2,383",-33,-1.37%,28,8.38倍,0.49倍,4.20%
20260728,2464,Ｊティッシュ,7774,東G,,617,-6,-0.96%,28,251倍,4.92倍,ー%
20260728,2465,ベルトラ,7048,東G,,156,-4,-2.50%,27,16.8倍,2.25倍,ー%
20260728,2466,エコス,7520,東P,,"2,490",+13,+0.52%,27,7.91倍,0.94倍,2.81%
20260728,2467,アトネイチャ,7823,東S,,885,+2,+0.23%,27,23.8倍,1.03倍,3.16%
20260728,2468,エフティ,2763,東S,,"1,156",+1,+0.09%,27,9.04倍,0.97倍,ー%
20260728,2469,共和レ,3553,東S,,888,+3,+0.34%,27,ー倍,0.58倍,5.86%
20260728,2470,ほぼ日,3560,東S,,"4,205",-65,-1.52%,27,20.3倍,1.75倍,2.14%
20260728,2471,フライト,3753,東S,,179,-5,-2.72%,27,11.0倍,3.92倍,ー%
20260728,2472,環境フレンド,3777,東G,,45,0,0.00%,27,ー倍,4.33倍,ー%
20260728,2473,ＮＴＴＤイン,3850,東S,,"2,969",-20,-0.67%,27,13.9倍,2.46倍,2.53%
20260728,2474,三谷商,8066,東S,,"2,802",-63,-2.20%,27,11.0倍,1.25倍,3.14%
20260728,2475,ラオックス,8202,東S,,145,-2,-1.36%,27,21.0倍,0.61倍,2.76%
20260728,2476,ファースト住,8917,東S,,"1,138",-4,-0.35%,27,10.6倍,0.38倍,3.78%
20260728,2477,Ｔスマート,6246,東S,,"1,864",-21,-1.11%,27,15.3倍,1.03倍,4.94%
20260728,2478,不二電機,6654,東S,,"1,109",-2,-0.18%,27,25.7倍,0.55倍,2.89%
20260728,2479,ソルクシーズ,4284,東S,,439,-5,-1.13%,27,8.80倍,1.36倍,3.19%
20260728,2480,アサヒエイト,5341,東S,,141,-11,-7.24%,27,ー倍,0.89倍,ー%
20260728,2481,日精鉱,5729,東S,,"1,534",-54,-3.40%,27,13.4倍,0.97倍,3.91%
20260728,2482,イーガーディ,6050,東P,,"1,756",-3,-0.17%,27,19.7倍,1.69倍,2.16%
20260728,2483,小田原エンジ,6149,東S,,"2,165",-22,-1.01%,27,14.4倍,0.67倍,3.23%
20260728,2484,コリー,4175,東G,,"2,644",-28,-1.05%,27,ー倍,3.02倍,ー%
20260728,2485,ココナラ,4176,東G,,262,-7,-2.60%,27,16.3倍,2.62倍,ー%
20260728,2486,ＧＸメタ日株,2646,東Ｅ,,"3,360",-91,-2.64%,27,ー倍,ー倍,ー%
20260728,2487,ＳＭＤトピク,2557,東Ｅ,,"4,007",-107,-2.60%,26,ー倍,ー倍,ー%
20260728,2488,アピリッツ,4174,東S,,733,-18,-2.40%,26,26.0倍,1.71倍,3.96%
20260728,2489,ｉＦＥナ百有,2841,東Ｅ,,"1,599",-44,-2.68%,26,ー倍,ー倍,ー%
20260728,2490,クリヤマＨＤ,3355,東S,,"1,651",-11,-0.66%,26,8.57倍,0.65倍,3.69%
20260728,2491,パス,3840,東S,,57,0,0.00%,26,ー倍,2.47倍,ー%
20260728,2492,スプリックス,7030,東S,,"1,156",-38,-3.18%,26,14.6倍,1.88倍,3.29%
20260728,2493,レダックス,7602,東S,,171,+9,+5.56%,26,20.3倍,0.75倍,1.17%
20260728,2494,スタ・アリス,2305,東S,,"1,981",+8,+0.41%,26,26.9倍,1.14倍,2.52%
20260728,2495,焼肉坂井ＨＤ,2694,東S,,72,0,0.00%,26,160倍,2.73倍,ー%
20260728,2496,ハピネス＆Ｄ,3174,東S,,441,-13,-2.86%,26,ー倍,4.42倍,ー%
20260728,2497,ニチモウ,8091,東P,,"2,341",-4,-0.17%,26,7.56倍,0.57倍,4.27%
20260728,2498,ＭｒＭａｘ,8203,東P,,792,0,0.00%,26,8.52倍,0.69倍,3.66%
20260728,2499,東北銀,8349,東S,,"1,490",-21,-1.39%,26,8.94倍,0.60倍,3.36%
20260728,2500,アドバンＲＭ,8769,東S,,502,-14,-2.71%,26,9.34倍,1.82倍,3.78%
20260728,2501,純パラ信託,1543,東Ｅ,,"58,950",-300,-0.51%,26,ー倍,ー倍,ー%
20260728,2502,ウエスコＨＤ,6091,東S,,908,-7,-0.77%,26,14.0倍,0.71倍,3.08%
20260728,2503,川崎地質,4673,東S,,"4,700",-90,-1.88%,26,5.56倍,0.70倍,2.55%
20260728,2504,サイフューズ,4892,東G,,516,-7,-1.34%,26,ー倍,1.98倍,ー%
20260728,2505,上場ＳＰレ２,2239,東Ｅ,,"24,875",-650,-2.55%,26,ー倍,ー倍,ー%
20260728,2506,アズパートナ,160A,東S,,"2,068",-20,-0.96%,26,5.69倍,1.44倍,3.87%
20260728,2507,ウネリー,5034,東G,,"2,285",+12,+0.53%,25,21.4倍,3.73倍,ー%
20260728,2508,ＧＸＳカバコ,2868,東Ｅ,,"1,162",-4,-0.34%,25,ー倍,ー倍,ー%
20260728,2509,ｉＳ米２５,237A,東Ｅ,,156.0,0,0.00%,25,ー倍,ー倍,ー%
20260728,2510,ペガサス,6262,東S,,548,-12,-2.14%,25,52.6倍,0.40倍,ー%
20260728,2511,ぷらっと,6836,東S,,740,-79,-9.65%,25,70.2倍,8.02倍,ー%
20260728,2512,ｋｕｂｅｌｌ,4448,東G,,292,-8,-2.67%,25,ー倍,5.74倍,ー%
20260728,2513,ＡＩｉｎｓ,4488,東G,,"2,120",-56,-2.57%,25,23.2倍,1.70倍,ー%
20260728,2514,アクシージア,4936,東S,,349,-6,-1.69%,25,ー倍,1.05倍,2.87%
20260728,2515,グローバルＳ,7126,東S,,"1,552",+5,+0.32%,25,9.90倍,1.60倍,3.03%
20260728,2516,アスカネット,2438,東G,,327,-10,-2.97%,25,15.6倍,0.92倍,2.14%
20260728,2517,メディアス,3154,東P,,780,-10,-1.27%,25,13.3倍,0.83倍,2.56%
20260728,2518,イノバセル,504A,東G,,473,+10,+2.16%,25,ー倍,2.10倍,ー%
20260728,2519,Ｕｂｉｃｏｍ,3937,東S,,"1,001",-18,-1.77%,25,11.5倍,2.02倍,ー%
20260728,2520,シャノン,3976,東G,,595,+32,+5.68%,25,12.2倍,3.08倍,ー%
20260728,2521,東名,4439,東S,,821,-10,-1.20%,25,9.55倍,2.21倍,1.58%
20260728,2522,日精蝋,5010,東S,,234,-3,-1.27%,25,5.78倍,0.69倍,ー%
20260728,2523,リソル,5261,東P,,"7,940",-40,-0.50%,25,22.6倍,2.41倍,1.51%
20260728,2524,イワブチ,5983,東S,,"15,390",+290,+1.92%,25,23.5倍,0.78倍,2.14%
20260728,2525,銭高組,1811,東S,,"8,170",-40,-0.49%,25,38.8倍,0.51倍,ー%
20260728,2526,大盛工業,1844,東S,,499,-1,-0.20%,25,18.8倍,1.53倍,2.30%
20260728,2527,金先物ベア,2037,東EN,,"1,312",+9,+0.69%,25,ー倍,ー倍,ー%
20260728,2528,杉村倉,9307,東S,,"1,021",-31,-2.95%,25,19.4倍,0.94倍,1.47%
20260728,2529,セレスポ,9625,東S,,"1,080",-3,-0.28%,24,8.73倍,0.61倍,4.63%
20260728,2530,ホドルワン,2345,東S,,93,-4,-4.12%,24,ー倍,9.94倍,ー%
20260728,2531,メディネット,2370,東G,,24,0,0.00%,24,ー倍,1.90倍,ー%
20260728,2532,コーディア,190A,東G,,75,-3,-3.85%,24,ー倍,2.49倍,ー%
20260728,2533,デリカフＨＤ,3392,東S,,821,-29,-3.41%,24,7.62倍,1.28倍,3.29%
20260728,2534,ＡＭＩ,3773,東G,,"1,062",-14,-1.30%,24,14.6倍,1.14倍,2.07%
20260728,2535,中央魚,8030,東S,,"3,690",+30,+0.82%,24,6.71倍,0.40倍,3.25%
20260728,2536,新日本製薬,4931,東P,,"2,055",+10,+0.49%,24,12.8倍,1.87倍,2.77%
20260728,2537,ジオコード,7357,東S,,"1,615",-66,-3.93%,24,42.2倍,4.15倍,1.55%
20260728,2538,ワンプラ,4199,東G,,823,-21,-2.49%,24,ー倍,6.93倍,ー%
20260728,2539,ストレジ王,2997,東G,,"1,337",0,0.00%,24,18.5倍,2.15倍,ー%
20260728,2540,今仙電機,7266,東S,,915,-13,-1.40%,24,8.46倍,0.35倍,3.50%
20260728,2541,ヨロズ,7294,東P,,887,-6,-0.67%,24,16.6倍,0.34倍,3.72%
20260728,2542,ソラスト,6197,東P,,"1,111",0,0.00%,24,ー倍,4.29倍,ー%
20260728,2543,前沢給装,6485,東S,,"1,567",-14,-0.89%,24,16.0倍,0.78倍,3.83%
20260728,2544,ティアック,6803,東S,,97,-2,-2.02%,24,9.31倍,0.69倍,1.03%
20260728,2545,京写,6837,東S,,331,-4,-1.19%,24,11.0倍,0.48倍,2.72%
20260728,2546,ＭＸ高利Ｊリ,1660,東Ｅ,,"10,975",+115,+1.06%,24,ー倍,ー倍,ー%
20260728,2547,第一カッタ,1716,東S,,"1,382",-27,-1.92%,24,9.46倍,0.77倍,2.89%
20260728,2548,魚力,7596,東P,,"2,326",+6,+0.26%,23,37.3倍,1.73倍,2.24%
20260728,2549,ＰＳＳ,7707,東G,,201,-10,-4.74%,23,25.3倍,1.42倍,ー%
20260728,2550,国際計測,7722,東S,,798,-5,-0.62%,23,10.8倍,0.86倍,5.01%
20260728,2551,ＧＸＵＳＤＶ,2253,東Ｅ,,"1,400",+5,+0.36%,23,ー倍,ー倍,ー%
20260728,2552,ＲＩＺＡＰ,2928,札Ａ,,183,-2,-1.08%,23,21.8倍,2.16倍,0.73%
20260728,2553,インバＰＦ,5587,東G,,940,+28,+3.07%,23,13.7倍,2.03倍,ー%
20260728,2554,ポスプラ,198A,東G,,157,-3,-1.88%,23,ー倍,2.51倍,ー%
20260728,2555,日水コン,261A,東S,,"2,014",-31,-1.52%,23,14.4倍,1.58倍,3.67%
20260728,2556,名港海,9357,名M,,"2,420",-30,-1.22%,23,12.0倍,0.52倍,4.13%
20260728,2557,クロスキャト,2307,東P,,990,-8,-0.80%,23,9.00倍,2.08倍,3.94%
20260728,2558,やまや,9994,東S,,"2,070",-10,-0.48%,23,10.7倍,0.60倍,3.48%
20260728,2559,浜木綿,7682,東S,,"4,100",+5,+0.12%,23,48.6倍,5.22倍,0.41%
20260728,2560,トリプルアイ,5026,東G,,582,-14,-2.35%,23,ー倍,3.45倍,ー%
20260728,2561,ウインＰ,3183,東P,,"1,317",-18,-1.35%,23,16.4倍,1.56倍,4.18%
20260728,2562,プロパスト,3236,東S,,272,-6,-2.16%,23,5.56倍,0.66倍,3.68%
20260728,2563,ビリングシス,3623,東G,,"1,014",-12,-1.17%,23,10.8倍,2.05倍,3.21%
20260728,2564,ＯＵＧＨＤ,8041,東S,,"4,510",-50,-1.10%,23,7.61倍,0.59倍,3.81%
20260728,2565,富山銀,8365,東S,,"2,362",-57,-2.36%,23,12.0倍,0.41倍,2.33%
20260728,2566,太平発,8835,東S,,793,-11,-1.37%,23,13.1倍,0.38倍,5.11%
20260728,2567,レボリュー,8894,東S,,23,0,0.00%,23,ー倍,4.50倍,ー%
20260728,2568,フリージア,6343,東S,,142,-6,-4.05%,23,3.99倍,0.38倍,0.42%
20260728,2569,ツインバード,6897,東S,,678,-6,-0.88%,23,161倍,1.10倍,1.92%
20260728,2570,ニーズウェル,3992,東P,,449,-3,-0.66%,23,18.5倍,3.58倍,3.12%
20260728,2571,ミンカブ,4436,東G,,450,-12,-2.60%,23,13.8倍,4.79倍,ー%
20260728,2572,ファルコＨＤ,4671,東S,,"2,704",-6,-0.22%,23,13.4倍,1.05倍,4.73%
20260728,2573,梅乃宿酒造,559A,東S,,"1,128",-33,-2.84%,23,21.6倍,1.94倍,1.86%
20260728,2574,ジオスター,5282,東S,,428,-8,-1.83%,23,7.09倍,0.52倍,2.34%
20260728,2575,西部電機,6144,東S,,"2,755",-85,-2.99%,23,13.8倍,1.23倍,3.27%
20260728,2576,インテリＷ,4847,東P,,"1,009",0,0.00%,22,18.6倍,2.75倍,3.67%
20260728,2577,桜ゴム,5189,東S,,"3,550",-235,-6.21%,22,ー倍,0.69倍,ー%
20260728,2578,メタリアル,6182,東G,,429,-17,-3.81%,22,29.2倍,2.37倍,ー%
20260728,2579,ＳＭＩＮＯＥ,3501,東P,,"1,144",-4,-0.35%,22,10.5倍,0.46倍,3.67%
20260728,2580,エイビック,9554,東G,,"1,535",-39,-2.48%,22,12.8倍,3.66倍,ー%
20260728,2581,ラボロＡＩ,5586,東G,,820,-25,-2.96%,22,65.1倍,4.83倍,ー%
20260728,2582,ＯｎｅＥＳＧ,1498,東Ｅ,,"31,480",-970,-2.99%,22,ー倍,ー倍,ー%
20260728,2583,上場ＭＳコク,1680,東Ｅ,,"8,293",-89,-1.06%,22,ー倍,ー倍,ー%
20260728,2584,北野建,1866,東S,,"1,112",-16,-1.42%,22,7.74倍,0.53倍,2.70%
20260728,2585,ＮＹダウブル,2040,東EN,,"38,100",-280,-0.73%,22,ー倍,ー倍,ー%
20260728,2586,インドブル,2046,東EN,,"25,075",-100,-0.40%,22,ー倍,ー倍,ー%
20260728,2587,遠藤製作所,7841,東S,,"1,081",-8,-0.73%,22,9.50倍,0.42倍,3.70%
20260728,2588,ナック,9788,東P,,539,+1,+0.19%,22,12.8倍,0.94倍,4.08%
20260728,2589,ファンコミ,2461,東P,,406,-3,-0.73%,22,18.7倍,1.65倍,5.17%
20260728,2590,株主還元７０,2529,東Ｅ,,"2,290",-30,-1.29%,22,ー倍,ー倍,ー%
20260728,2591,北の達人,2930,東P,,119,-1,-0.83%,22,22.7倍,2.15倍,2.94%
20260728,2592,トヨコー,341A,東G,,"1,936",-4,-0.21%,22,40.4倍,8.87倍,ー%
20260728,2593,ヒトトヒトＨ,549A,東S,,456,-4,-0.87%,22,9.46倍,2.22倍,4.70%
20260728,2594,東京機,6335,東S,,687,-43,-5.89%,22,9.72倍,0.58倍,ー%
20260728,2595,ピクセラ,6731,東S,,109,-4,-3.54%,22,ー倍,1.78倍,ー%
20260728,2596,大井電気,6822,東S,,"5,340",-170,-3.09%,22,3.57倍,0.79倍,1.50%
20260728,2597,フェンオール,6870,東S,,"2,431",-107,-4.22%,22,15.5倍,0.90倍,3.21%
20260728,2598,フォーバル,8275,東S,,"1,010",-5,-0.49%,22,12.0倍,1.39倍,3.17%
20260728,2599,細火工,4274,東S,,"1,047",-24,-2.24%,22,19.1倍,1.21倍,1.24%
20260728,2600,ノムラシス,3940,東S,,118,-1,-0.84%,21,14.7倍,1.60倍,3.01%
20260728,2601,チムスピ,4397,東G,,385,+6,+1.58%,21,18.3倍,4.46倍,ー%
20260728,2602,アヴィレン,5591,東G,,781,-23,-2.86%,21,21.6倍,6.22倍,ー%
20260728,2603,ＳＳＳＫＨＤ,4838,東S,,670,-13,-1.90%,21,8.93倍,1.23倍,4.48%
20260728,2604,ＺＥＴＡ,6031,東G,,239,-5,-2.05%,21,16.0倍,6.18倍,1.88%
20260728,2605,エーワン精密,6156,東S,,"1,777",-13,-0.73%,21,40.7倍,1.24倍,5.63%
20260728,2606,ダイニック,3551,東S,,"1,385",-9,-0.65%,21,5.74倍,0.38倍,3.32%
20260728,2607,朝日ネット,3834,東P,,641,+1,+0.16%,21,12.8倍,1.27倍,3.90%
20260728,2608,アストマクス,7162,東S,,266,-7,-2.56%,21,ー倍,0.46倍,ー%
20260728,2609,岡谷鋼機,7485,名P,,"5,050",-90,-1.75%,21,6.94倍,0.40倍,1.70%
20260728,2610,ＰＬＡＮＴ,7646,東S,,"1,806",+13,+0.73%,21,11.3倍,0.80倍,5.26%
20260728,2611,クロスフォー,7810,東S,,153,-1,-0.65%,21,74.6倍,1.41倍,0.41%
20260728,2612,勤次郎,4013,東G,,690,0,0.00%,21,13.0倍,1.33倍,1.45%
20260728,2613,クリングル,4884,東G,,312,-4,-1.27%,21,ー倍,2.86倍,ー%
20260728,2614,ＭＸ米ＳＰ有,2630,東Ｅ,,"15,650",-45,-0.29%,21,ー倍,ー倍,ー%
20260728,2615,ＧＸクリ日株,2637,東Ｅ,,"2,690",-167,-5.85%,21,ー倍,ー倍,ー%
20260728,2616,ｉＦＥＧＢＡ,2629,東Ｅ,,"3,700",+3,+0.08%,21,ー倍,ー倍,ー%
20260728,2617,フルハシＥ,9221,東S,,"1,247",-16,-1.27%,21,16.3倍,2.33倍,2.57%
20260728,2618,カネコ種,1376,東S,,"1,536",-4,-0.26%,21,10.2倍,0.63倍,3.13%
20260728,2619,ソマール,8152,東S,,"7,450",-230,-2.99%,21,5.75倍,0.65倍,1.34%
20260728,2620,さいか屋,8254,東S,,284,+7,+2.53%,21,16.4倍,1.40倍,1.76%
20260728,2621,九州リース,8596,東S,,"1,501",-9,-0.60%,21,8.08倍,0.75倍,4.13%
20260728,2622,ｕｎｂａｎｋ,8746,東S,,97,-9,-8.49%,21,ー倍,0.58倍,ー%
20260728,2623,サイプレス,428A,東S,,"1,370",+25,+1.86%,21,33.6倍,6.53倍,0.73%
20260728,2624,サーティワン,2268,東S,,"4,070",-20,-0.49%,21,21.8倍,2.55倍,1.47%
20260728,2625,ウェルネット,2428,東S,,648,+1,+0.15%,21,12.3倍,1.37倍,4.55%
20260728,2626,翻訳センター,2483,東S,,"2,267",-19,-0.83%,21,15.2倍,1.08倍,6.18%
20260728,2627,テクノメデカ,6678,東S,,"2,026",-39,-1.89%,21,17.6倍,0.94倍,4.59%
20260728,2628,菊水ＨＤ,6912,東S,,"1,837",-67,-3.52%,21,9.46倍,0.98倍,3.21%
20260728,2629,三相電機,6518,東S,,"1,819",-95,-4.96%,20,9.81倍,0.66倍,1.37%
20260728,2630,太洋テクノ,6663,東S,,296,-6,-1.99%,20,23.9倍,0.67倍,1.01%
20260728,2631,ＡＨＣ,7083,東G,,"1,025",-50,-4.65%,20,23.0倍,1.81倍,1.17%
20260728,2632,野村ＳＰＨ有,2634,東Ｅ,,"3,068",-29,-0.94%,20,ー倍,ー倍,ー%
20260728,2633,ジェイフロ,2934,東G,,"1,809",+4,+0.22%,20,17.6倍,7.87倍,ー%
20260728,2634,ＭＸ米債ヘ有,2839,東Ｅ,,"5,027",-10,-0.20%,20,ー倍,ー倍,ー%
20260728,2635,Ｄサイクル,5888,東G,,"2,705",-37,-1.35%,20,7.42倍,1.14倍,2.70%
20260728,2636,ｉＳ米２０,2255,東Ｅ,,209.6,+0.2,+0.10%,20,ー倍,ー倍,ー%
20260728,2637,ＧＸ超長米Ｈ,179A,東Ｅ,,246.8,0,0.00%,20,ー倍,ー倍,ー%
20260728,2638,ＧＸ高配３０,235A,東Ｅ,,"1,426",+17,+1.21%,20,ー倍,ー倍,ー%
20260728,2639,ＭＴＩ,9438,東P,,619,-9,-1.43%,20,12.7倍,1.74倍,3.23%
20260728,2640,ファイバーＧ,9450,東S,,768,-6,-0.78%,20,12.2倍,2.24倍,3.52%
20260728,2641,タナベＣＧ,9644,東P,,766,-1,-0.13%,20,21.2倍,2.32倍,3.79%
20260728,2642,丸建リース,9763,東S,,"1,260",-1,-0.08%,20,8.57倍,0.66倍,4.29%
20260728,2643,タイガポリ,4231,東S,,997,-12,-1.19%,20,8.01倍,0.41倍,3.81%
20260728,2644,ＶＮＸ,4422,東G,,514,-25,-4.64%,20,ー倍,5.25倍,ー%
20260728,2645,カイオム,4583,東G,,68,-2,-2.86%,20,ー倍,4.12倍,ー%
20260728,2646,エフテック,7212,東S,,665,-17,-2.49%,20,15.4倍,0.21倍,3.01%
20260728,2647,アドヴァンＧ,7463,東S,,924,-11,-1.18%,20,ー倍,0.51倍,4.33%
20260728,2648,アルビス,7475,東P,,"2,615",-24,-0.91%,20,16.2倍,0.66倍,2.68%
20260728,2649,日本精密,7771,東S,,279,-8,-2.79%,20,33.5倍,3.28倍,ー%
20260728,2650,マルゼン,5982,東S,,"4,000",-45,-1.11%,20,12.0倍,1.21倍,3.13%
20260728,2651,アライドアキ,6081,東G,,157,-1,-0.63%,20,135倍,1.56倍,ー%
20260728,2652,Ｂガレージ,3180,東P,,"1,414",-4,-0.28%,20,13.1倍,2.12倍,1.27%
20260728,2653,ベガコーポ,3542,東G,,"1,268",+20,+1.60%,20,14.6倍,1.86倍,1.42%
20260728,2654,クエスト,2332,東S,,"1,648",-49,-2.89%,20,9.87倍,1.13倍,3.70%
20260728,2655,ＵＮＩＴＥＤ,2497,東G,,518,-7,-1.33%,20,773倍,1.13倍,4.25%
20260728,2656,イメージワン,2667,東S,,116,-3,-2.52%,20,7.76倍,1.62倍,ー%
20260728,2657,マミヤＯＰ,7991,東S,,"1,099",+1,+0.09%,20,9.46倍,0.44倍,4.55%
20260728,2658,ｉＳＨＹ債Ｈ,1497,東Ｅ,,"1,721",-3,-0.17%,20,ー倍,ー倍,ー%
20260728,2659,植木組,1867,東S,,"2,781",-13,-0.47%,20,8.50倍,0.58倍,3.96%
20260728,2660,クックパッド,2193,東S,,116,-2,-1.69%,20,ー倍,0.68倍,ー%
20260728,2661,技研ＨＤ,1443,東S,,247,-6,-2.37%,19,6.27倍,0.31倍,0.45%
20260728,2662,日本ハウス,1873,東P,,311,-4,-1.27%,19,9.08倍,0.55倍,3.86%
20260728,2663,中村屋,2204,東S,,"3,285",-15,-0.45%,19,19.8倍,0.65倍,2.28%
20260728,2664,ｉＳ日株気候,2250,東Ｅ,,362.2,-11.9,-3.18%,19,ー倍,ー倍,ー%
20260728,2665,ＧＸＵＳ配ヘ,2095,東Ｅ,,"1,185",+14,+1.20%,19,ー倍,ー倍,ー%
20260728,2666,ＥＴＳ・Ｇ,253A,東S,,"1,115",-30,-2.62%,19,14.3倍,1.88倍,2.06%
20260728,2667,ベストワン,6577,東G,,"2,352",+7,+0.30%,19,14.5倍,3.34倍,1.11%
20260728,2668,名古屋電機,6797,東S,,"1,201",+26,+2.21%,19,25.3倍,0.59倍,4.16%
20260728,2669,Ｅインフィニ,7692,東S,,78,-1,-1.27%,19,15.6倍,6.87倍,3.33%
20260728,2670,クリーマ,4017,東G,,214,-1,-0.47%,19,46.5倍,1.26倍,ー%
20260728,2671,室町ケミカル,4885,東S,,888,-10,-1.11%,19,10.2倍,1.39倍,2.93%
20260728,2672,ヤマノＨＤ,7571,東S,,84,0,0.00%,19,22.9倍,1.96倍,1.79%
20260728,2673,グランディ,8999,東P,,544,-6,-1.09%,19,14.4倍,0.63倍,5.88%
20260728,2674,栗林船,9171,東S,,"1,645",-87,-5.02%,19,11.5倍,0.57倍,1.82%
20260728,2675,シルバライフ,9262,東S,,659,-8,-1.20%,19,8.89倍,0.98倍,2.73%
20260728,2676,コーア商ＨＤ,9273,東P,,772,-7,-0.90%,19,8.93倍,1.07倍,2.33%
20260728,2677,朝日印刷,3951,東S,,885,-9,-1.01%,19,11.0倍,0.51倍,4.29%
20260728,2678,片倉コープ,4031,東S,,"1,025",-37,-3.48%,19,18.4倍,0.40倍,2.73%
20260728,2679,さくらＫＣＳ,4761,東S,,"1,487",-8,-0.54%,19,13.4倍,0.78倍,4.17%
20260728,2680,ＤＡＩＫＯＸ,8023,東S,,978,-16,-1.61%,19,7.08倍,0.90倍,3.89%
20260728,2681,千趣会,8165,東S,,108,-1,-0.92%,19,3.74倍,0.31倍,ー%
20260728,2682,手間いらず,2477,東S,,"2,364",+18,+0.77%,19,12.7倍,2.15倍,1.69%
20260728,2683,フエルト,3512,東S,,933,-35,-3.62%,19,31.3倍,0.70倍,3.00%
20260728,2684,ウェルス,3772,東S,,"1,055",+2,+0.19%,19,11.2倍,1.15倍,ー%
20260728,2685,アイフリーク,3845,東S,,212,0,0.00%,19,"5,300倍",4.87倍,ー%
20260728,2686,ＧｒｅｅｎＢ,3913,東S,,983,+5,+0.51%,19,11.0倍,1.79倍,ー%
20260728,2687,プログレス,339A,東G,,871,-11,-1.25%,19,6.60倍,1.15倍,3.44%
20260728,2688,ＧＸ中国テク,380A,東Ｅ,,"1,030",+13,+1.28%,19,ー倍,ー倍,ー%
20260728,2689,ＧＸステコイ,512A,東Ｅ,,"1,160",+11,+0.96%,18,ー倍,ー倍,ー%
20260728,2690,ポエック,9264,東S,,"1,710",-10,-0.58%,18,11.2倍,1.77倍,4.39%
20260728,2691,ＢＳ１１,9414,東S,,921,+5,+0.55%,18,12.6倍,0.66倍,3.26%
20260728,2692,タキヒヨー,9982,東S,,"2,407",+45,+1.91%,18,12.5倍,0.63倍,2.08%
20260728,2693,ピックルス,2935,東P,,"1,168",-11,-0.93%,18,12.0倍,0.74倍,2.48%
20260728,2694,ＴＭＮ,5258,東G,,403,-10,-2.42%,18,19.9倍,1.84倍,ー%
20260728,2695,インシュア,5843,東S,,"2,367",+16,+0.68%,18,11.0倍,2.35倍,0.93%
20260728,2696,アサンテ,6073,東P,,"1,511",-9,-0.59%,18,422倍,1.54倍,4.10%
20260728,2697,日本ホスピス,7061,東G,,559,-9,-1.58%,18,7.90倍,1.33倍,4.47%
20260728,2698,扶桑電通,7505,東S,,"2,231",-39,-1.72%,18,10.1倍,1.46倍,3.99%
20260728,2699,オーハシテク,7628,東P,,"1,146",-22,-1.88%,18,14.0倍,0.72倍,3.93%
20260728,2700,平山,7781,東S,,775,-26,-3.25%,18,10.6倍,2.13倍,3.61%
20260728,2701,ＳＴＩＦＨＤ,2932,東S,,"1,105",+12,+1.10%,18,11.6倍,1.97倍,3.62%
20260728,2702,ＧＸデジ日株,2626,東Ｅ,,"3,090",+6,+0.19%,18,ー倍,ー倍,ー%
20260728,2703,人・夢・技術,9248,東S,,"1,570",-12,-0.76%,18,11.3倍,0.61倍,3.82%
20260728,2704,夢展望,3185,東G,,158,+2,+1.28%,18,ー倍,153倍,ー%
20260728,2705,自重堂,3597,東S,,"9,010",-80,-0.88%,18,19.2倍,0.68倍,5.55%
20260728,2706,ｅｎｉｓｈ,3667,東S,,27,-1,-3.57%,18,ー倍,1.68倍,ー%
20260728,2707,ＪＩＧＳＡＷ,3914,東G,,"2,380",-64,-2.62%,18,ー倍,4.56倍,ー%
20260728,2708,ルックＨＤ,8029,東S,,"2,643",-14,-0.53%,18,12.4倍,0.49倍,3.78%
20260728,2709,エルテス,3967,東G,,596,+17,+2.94%,18,36.9倍,2.08倍,ー%
20260728,2710,ミヨシ,4404,東S,,"1,902",-13,-0.68%,18,13.0倍,0.46倍,3.68%
20260728,2711,ＤＷセラピ研,4576,東G,,77,-1,-1.28%,18,ー倍,3.37倍,ー%
20260728,2712,Ｊグループ,3063,東G,,"1,247",-3,-0.24%,18,56.8倍,18.5倍,0.40%
20260728,2713,岩塚製菓,2221,東S,,"3,070",-15,-0.49%,17,24.2倍,0.45倍,1.04%
20260728,2714,総医研ＨＤ,2385,東G,,216,-2,-0.92%,17,47.1倍,0.92倍,4.63%
20260728,2715,篠崎屋,2926,東S,,115,+3,+2.68%,17,ー倍,1.46倍,2.61%
20260728,2716,ランビジネス,8944,東S,,243,-5,-2.02%,17,9.36倍,0.29倍,2.47%
20260728,2717,ウリドキ,418A,名N,,"1,219",0,0.00%,17,18.3倍,8.63倍,ー%
20260728,2718,日エンター,4829,東S,,105,-1,-0.94%,17,47.5倍,0.86倍,2.86%
20260728,2719,モリ工業,5464,東S,,954,-4,-0.42%,17,11.3倍,0.62倍,3.56%
20260728,2720,ＬＴＳ,6560,東P,,"1,701",-43,-2.47%,17,7.13倍,1.53倍,2.35%
20260728,2721,ウインテスト,6721,東S,,77,-2,-2.53%,17,85.6倍,13.0倍,ー%
20260728,2722,池上通,6771,東S,,641,-10,-1.54%,17,8.23倍,0.29倍,2.34%
20260728,2723,ジオマテック,6907,東S,,642,-31,-4.61%,17,14.3倍,0.51倍,ー%
20260728,2724,ジャパニアス,9558,東G,,"1,956",+21,+1.09%,17,9.88倍,2.30倍,5.16%
20260728,2725,Ｆ－ブレイン,3927,東S,,934,-14,-1.48%,17,15.2倍,2.36倍,1.71%
20260728,2726,ＣＬＨＤ,4286,東S,,"1,143",-26,-2.22%,17,11.2倍,1.57倍,2.71%
20260728,2727,Ｊストリーム,4308,東G,,353,-5,-1.40%,17,16.4倍,0.82倍,3.97%
20260728,2728,デルタフライ,4598,東G,,99,-2,-1.98%,17,ー倍,47.1倍,ー%
20260728,2729,アルファ,4719,東P,,"3,370",-25,-0.74%,17,13.0倍,1.04倍,4.15%
20260728,2730,昭和システム,4752,東S,,"1,538",-4,-0.26%,17,9.12倍,1.12倍,3.97%
20260728,2731,アグレ都市,3467,東S,,"2,800",-18,-0.64%,17,7.02倍,1.87倍,5.00%
20260728,2732,サイバーリン,3683,東S,,"1,063",-11,-1.02%,17,9.05倍,1.28倍,3.29%
20260728,2733,ＡＩクロス,4476,東G,,"1,039",-21,-1.98%,17,11.0倍,1.99倍,ー%
20260728,2734,上場ＥＳＧリ,2566,東Ｅ,,"1,069",+2,+0.19%,17,ー倍,ー倍,ー%
20260728,2735,ＣＩＮＣ,4378,東G,,460,-19,-3.97%,17,341倍,1.23倍,ー%
20260728,2736,タカノ,7885,東S,,"1,085",-7,-0.64%,17,22.6倍,0.51倍,1.84%
20260728,2737,フクビ,7871,東S,,935,-14,-1.48%,16,ー倍,0.47倍,3.32%
20260728,2738,ＫＩＭＯＴＯ,7908,東S,,233,-5,-2.10%,16,ー倍,0.54倍,ー%
20260728,2739,穴吹興産,8928,東S,,"2,244",-15,-0.66%,16,5.44倍,0.49倍,3.03%
20260728,2740,ＫＶＫ,6484,東S,,"2,317",-13,-0.56%,16,8.45倍,0.60倍,3.67%
20260728,2741,ブルボン,2208,東S,,"3,185",+10,+0.31%,16,18.8倍,1.15倍,1.38%
20260728,2742,ソフトフロン,2321,東G,,123,-3,-2.38%,16,ー倍,3.80倍,ー%
20260728,2743,ｆｏｎｆｕｎ,2323,東S,,267,-8,-2.91%,16,12.6倍,4.20倍,ー%
20260728,2744,ＷＤＢ,2475,東P,,"1,830",-17,-0.92%,16,12.7倍,1.07倍,5.14%
20260728,2745,日食品,2892,東S,,"4,555",-25,-0.55%,16,14.5倍,0.72倍,3.29%
20260728,2746,ＪＦＬＡＨＤ,3069,東S,,161,+2,+1.26%,16,ー倍,1.26倍,ー%
20260728,2747,ＷＴアルミ,1692,東Ｅ,,674.4,-14.6,-2.12%,16,ー倍,ー倍,ー%
20260728,2748,高田工,1966,東S,,"1,710",-19,-1.10%,16,13.8倍,0.58倍,4.09%
20260728,2749,鳥越粉,2009,東S,,"1,087",-1,-0.09%,16,22.6倍,0.70倍,4.51%
20260728,2750,セントラルＳ,4801,東P,,"2,412",-7,-0.29%,16,18.4倍,1.02倍,1.66%
20260728,2751,和心,9271,東G,,984,-24,-2.38%,16,12.4倍,5.97倍,1.22%
20260728,2752,ＳＥＨＩ,9478,東S,,506,0,0.00%,16,15.3倍,0.64倍,0.79%
20260728,2753,ｉＳ円高ハン,488A,東Ｅ,,747.6,-0.8,-0.11%,16,ー倍,ー倍,ー%
20260728,2754,野村高配ＣＦ,518A,東Ｅ,,"2,010",-40,-1.95%,16,ー倍,ー倍,ー%
20260728,2755,ビザスク,4490,東G,,669,+24,+3.72%,16,8.28倍,3.14倍,ー%
20260728,2756,ペイクラウド,4015,東G,,526,-14,-2.59%,16,22.8倍,1.78倍,ー%
20260728,2757,アジアＱ,4261,東G,,"3,090",-140,-4.33%,16,14.4倍,2.28倍,ー%
20260728,2758,エイトレッド,3969,東S,,"1,382",-20,-1.43%,16,13.2倍,1.87倍,2.60%
20260728,2759,タカギセイコ,4242,東S,,"1,851",+15,+0.82%,16,8.38倍,0.41倍,3.24%
20260728,2760,日華化学,4463,東S,,"1,777",-50,-2.74%,16,10.1倍,0.79倍,3.94%
20260728,2761,ニイタカ,4465,東S,,"2,242",+4,+0.18%,16,10.1倍,0.80倍,3.75%
20260728,2762,わかもと,4512,東S,,266,-5,-1.85%,16,40.1倍,0.77倍,1.32%
20260728,2763,ティムス,4891,東G,,97,0,0.00%,16,ー倍,1.75倍,ー%
20260728,2764,ＧＭＯペパボ,3633,東S,,"1,711",-16,-0.93%,16,12.0倍,3.63倍,5.44%
20260728,2765,オルトＰ,3672,東S,,27,-2,-6.90%,16,ー倍,1.87倍,ー%
20260728,2766,レカム,3323,東S,,74,-1,-1.33%,15,18.7倍,1.09倍,1.62%
20260728,2767,コスモバイオ,3386,東S,,"1,274",-11,-0.86%,15,22.7倍,0.77倍,3.92%
20260728,2768,エンカレッジ,3682,東S,,598,-10,-1.64%,15,17.9倍,1.12倍,4.52%
20260728,2769,デジプラ,3691,東G,,"1,536",-62,-3.88%,15,ー倍,8.34倍,ー%
20260728,2770,神電鉄,9046,東S,,"2,481",-26,-1.04%,15,16.5倍,0.78倍,1.01%
20260728,2771,玉井船,9127,東S,,"2,780",0,0.00%,15,12.9倍,0.53倍,2.88%
20260728,2772,桜島埠,9353,東S,,"2,960",-95,-3.11%,15,17.4倍,0.50倍,1.82%
20260728,2773,キムラユニテ,9368,東S,,909,0,0.00%,15,9.72倍,0.84倍,4.18%
20260728,2774,旭情報,9799,東S,,947,-21,-2.17%,15,11.8倍,1.18倍,3.59%
20260728,2775,北沢産,9930,東S,,382,-1,-0.26%,15,22.9倍,0.63倍,2.62%
20260728,2776,共和コーポ,6570,東S,,"2,117",-11,-0.52%,15,10.4倍,2.15倍,1.89%
20260728,2777,共栄セキュリ,7058,東S,,"3,190",-5,-0.16%,15,ー倍,0.93倍,2.82%
20260728,2778,ＮＥＷＡＲＴ,7638,東S,,"1,373",+3,+0.22%,15,9.42倍,2.11倍,5.83%
20260728,2779,日本創発Ｇ,7814,東S,,645,+6,+0.94%,15,15.1倍,1.44倍,2.33%
20260728,2780,アバンティア,8904,東S,,850,-5,-0.58%,15,10.3倍,0.44倍,4.47%
20260728,2781,ケミプロ,4960,東S,,497,-29,-5.51%,15,ー倍,1.60倍,ー%
20260728,2782,トレンダ,6069,東G,,652,-4,-0.61%,15,11.2倍,1.18倍,5.52%
20260728,2783,キューブシス,2335,東P,,"1,089",-7,-0.64%,15,11.0倍,1.45倍,4.22%
20260728,2784,野村外リート,2515,東Ｅ,,"1,820",+1,+0.05%,15,ー倍,ー倍,ー%
20260728,2785,ハブ,3030,東S,,825,-3,-0.36%,15,31.4倍,3.07倍,1.21%
20260728,2786,Ｈａｍｅｅ,3134,東S,,290,+2,+0.69%,15,20.2倍,0.64倍,1.03%
20260728,2787,野村ボベスパ,1325,東Ｅ,,294.8,-1.5,-0.51%,15,ー倍,ー倍,ー%
20260728,2788,ｉＦＴＰＷベ,1368,東Ｅ,,165,+8,+5.10%,15,ー倍,ー倍,ー%
20260728,2789,上場仏債ヘ無,2861,東Ｅ,,"5,810",-16,-0.27%,15,ー倍,ー倍,ー%
20260728,2790,プロパテクノ,5527,東G,,679,-20,-2.86%,15,6.51倍,0.98倍,3.68%
20260728,2791,ココルポート,9346,東G,,"1,650",+19,+1.16%,15,10.6倍,1.94倍,3.70%
20260728,2792,のむら産業,7131,東S,,"3,480",-75,-2.11%,15,8.40倍,1.77倍,2.76%
20260728,2793,ＧＥＩ,9212,東G,,268,-9,-3.25%,15,20.9倍,1.59倍,ー%
20260728,2794,ノバック,5079,東S,,"2,583",-50,-1.90%,15,17.3倍,0.71倍,4.65%
20260728,2795,坪田ラボ,4890,東G,,237,-6,-2.47%,15,90.5倍,7.13倍,ー%
20260728,2796,ヒット,378A,東G,,"1,055",-6,-0.57%,15,16.3倍,2.70倍,1.90%
20260728,2797,辻本郷ＩＴＣ,476A,東S,,"1,600",+7,+0.44%,15,10.8倍,1.95倍,ー%
20260728,2798,ＴＯブックス,500A,東S,,"2,929",0,0.00%,15,7.92倍,1.42倍,2.59%
20260728,2799,オープンドア,3926,東S,,409,-3,-0.73%,15,ー倍,3.67倍,ー%
20260728,2800,ＵＦＨＤ,4235,東S,,688,-12,-1.71%,15,25.9倍,0.72倍,5.09%
20260728,2801,竹本容器,4248,東S,,863,0,0.00%,15,11.6倍,0.86倍,4.40%
20260728,2802,Ｖゴルフ,3931,東G,,"1,878",-1,-0.05%,14,30.9倍,3.27倍,1.33%
20260728,2803,エディア,3935,東S,,709,-10,-1.39%,14,8.20倍,2.54倍,2.40%
20260728,2804,ヴィッツ,4440,東S,,"1,144",-20,-1.72%,14,10.2倍,1.44倍,1.57%
20260728,2805,ぐるなび,2440,東S,,124,-2,-1.59%,14,ー倍,1.34倍,ー%
20260728,2806,オートＷ,2666,東S,,191,-1,-0.52%,14,11.5倍,0.61倍,2.09%
20260728,2807,ワッツ,2735,東S,,673,-3,-0.44%,14,9.93倍,0.66倍,2.97%
20260728,2808,ひらまつ,2764,東S,,141,-2,-1.40%,14,34.6倍,1.63倍,0.87%
20260728,2809,ＡＦＣ－ＨＤ,2927,東S,,862,+1,+0.12%,14,8.12倍,0.78倍,4.18%
20260728,2810,ホリイフード,3077,東S,,908,-7,-0.77%,14,9.99倍,4.65倍,ー%
20260728,2811,クロスプラス,3320,東S,,"1,337",-6,-0.45%,14,6.88倍,0.52倍,4.49%
20260728,2812,メディ一光Ｇ,3353,東S,,"2,831",+1,+0.04%,14,8.20倍,0.67倍,4.24%
20260728,2813,日東網,3524,東S,,"1,474",+25,+1.73%,14,12.7倍,0.47倍,3.39%
20260728,2814,情報企画,3712,東S,,"1,055",-41,-3.74%,14,14.5倍,2.15倍,2.27%
20260728,2815,ファルコム,3723,東G,,"2,561",-73,-2.77%,14,16.9倍,2.35倍,0.39%
20260728,2816,三協フロンテ,9639,東S,,"2,276",-12,-0.52%,14,8.65倍,0.96倍,3.95%
20260728,2817,ＩＸナレッジ,9753,東S,,"1,283",-8,-0.62%,14,7.61倍,1.06倍,3.90%
20260728,2818,愛眼,9854,東S,,260,-8,-2.99%,14,25.9倍,0.41倍,ー%
20260728,2819,日本興業,5279,東S,,"1,164",-42,-3.48%,14,8.31倍,0.40倍,3.87%
20260728,2820,不二サッシ,5940,東S,,731,-7,-0.95%,14,5.73倍,0.36倍,4.10%
20260728,2821,レントラクス,6045,東G,,"1,618",+5,+0.31%,14,14.0倍,2.15倍,1.55%
20260728,2822,島根銀行,7150,東S,,498,-7,-1.39%,14,26.6倍,0.76倍,2.01%
20260728,2823,ミクニ,7247,東S,,365,-7,-1.88%,14,7.22倍,0.31倍,4.11%
20260728,2824,ムーンバット,8115,東S,,"1,551",-76,-4.67%,14,11.7倍,1.19倍,3.48%
20260728,2825,ＦＣＥ,9564,東S,,550,+12,+2.23%,14,14.0倍,2.88倍,1.82%
20260728,2826,ＧＸＵＲ２０,2018,東Ｅ,,"1,383",-1,-0.07%,14,ー倍,ー倍,ー%
20260728,2827,Ｏｎｅ設備,1484,東Ｅ,,"3,683",-34,-0.91%,14,ー倍,ー倍,ー%
20260728,2828,上場ＪＰＸ日,1592,東Ｅ,,"3,285",-82,-2.44%,14,ー倍,ー倍,ー%
20260728,2829,ＷＴ穀物,1688,東Ｅ,,590.1,-18.4,-3.02%,14,ー倍,ー倍,ー%
20260728,2830,ＡＩＡＩ,6557,東G,,692,-8,-1.14%,14,6.41倍,1.38倍,ー%
20260728,2831,ランディクス,2981,東G,,"2,045",+1,+0.05%,14,6.18倍,1.18倍,2.74%
20260728,2832,関通ＨＤ,9326,東G,,489,-6,-1.21%,14,18.7倍,2.35倍,2.04%
20260728,2833,フレクト,4414,東G,,"1,195",-17,-1.40%,14,8.58倍,2.88倍,ー%
20260728,2834,ニューラルＧ,4056,東G,,203,-3,-1.46%,13,ー倍,2.10倍,ー%
20260728,2835,ヒューマン,2415,東S,,"1,573",-18,-1.13%,13,6.66倍,0.84倍,4.51%
20260728,2836,野村新興国株,2520,東Ｅ,,"2,260",-80,-3.42%,13,ー倍,ー倍,ー%
20260728,2837,藤商事,6257,東S,,"1,027",+2,+0.20%,13,10.2倍,0.50倍,5.36%
20260728,2838,シンクロ,3963,東P,,337,-4,-1.17%,13,67.0倍,1.99倍,4.45%
20260728,2839,エコモット,3987,東G,,626,-3,-0.48%,13,78.8倍,4.02倍,ー%
20260728,2840,ブロメディア,4347,東S,,"1,760",-43,-2.38%,13,14.1倍,2.48倍,3.69%
20260728,2841,Ａ＆ＡＭ,5391,東S,,"1,524",-25,-1.61%,13,7.02倍,0.49倍,4.59%
20260728,2842,ＤＬＥ,3686,東S,,61,0,0.00%,13,17.7倍,2.00倍,ー%
20260728,2843,アエリア,3758,東S,,244,+1,+0.41%,13,9.93倍,0.58倍,ー%
20260728,2844,カヤック,3904,東G,,414,+3,+0.73%,13,10.6倍,1.08倍,0.94%
20260728,2845,ステップ,9795,東P,,"2,243",+2,+0.09%,13,12.6倍,1.25倍,3.92%
20260728,2846,グルメ杵屋,9850,東P,,979,-6,-0.61%,13,86.1倍,2.40倍,0.72%
20260728,2847,ホーブ,1382,東S,,844,-91,-9.73%,13,35.7倍,0.89倍,5.92%
20260728,2848,１ｓｔコーポ,1430,東S,,"1,008",-18,-1.75%,13,5.84倍,1.08倍,5.06%
20260728,2849,上場新興国債,1566,東Ｅ,,"54,110",-50,-0.09%,13,ー倍,ー倍,ー%
20260728,2850,塩水糖,2112,東S,,452,+1,+0.22%,13,6.91倍,0.60倍,3.54%
20260728,2851,アイビス,9343,東G,,775,-10,-1.27%,13,15.2倍,4.88倍,1.55%
20260728,2852,野村国債Ｄイ,2251,東Ｅ,,889.6,-3.4,-0.38%,13,ー倍,ー倍,ー%
20260728,2853,クラダシ,5884,東G,,544,-2,-0.37%,13,53.3倍,4.16倍,ー%
20260728,2854,ドリムアーツ,4811,東G,,828,+2,+0.24%,13,15.6倍,3.29倍,2.42%
20260728,2855,ＰＲＩＳＭバ,206A,東G,,147,-5,-3.29%,13,ー倍,2.57倍,ー%
20260728,2856,アルピコＨＤ,297A,東S,,216,-2,-0.92%,13,9.66倍,1.18倍,2.31%
20260728,2857,ヌーラボ,5033,東G,,831,-25,-2.92%,12,10.9倍,2.68倍,ー%
20260728,2858,ＫＹＯＲＩＴ,7795,東S,,203,-2,-0.98%,12,11.4倍,0.48倍,3.94%
20260728,2859,ｉＦＳＰベ,2238,東Ｅ,,"5,437",+69,+1.29%,12,ー倍,ー倍,ー%
20260728,2860,ｉＦＳＰ無,2247,東Ｅ,,"2,279",-26,-1.13%,12,ー倍,ー倍,ー%
20260728,2861,Ｓ＆Ｊ,5599,東G,,"1,092",-25,-2.24%,12,15.0倍,2.83倍,1.56%
20260728,2862,Ｓａｐｅｅｔ,269A,東G,,"2,509",+69,+2.83%,12,31.1倍,6.34倍,ー%
20260728,2863,チムニー,3178,東S,,"1,163",+5,+0.43%,12,89.7倍,3.50倍,0.43%
20260728,2864,阿波製紙,3896,東S,,371,-13,-3.39%,12,24.7倍,0.58倍,ー%
20260728,2865,Ｔアルファ,3089,東S,,"1,023",-17,-1.63%,12,ー倍,0.79倍,3.42%
20260728,2866,マーケットＥ,3135,東S,,"1,073",+12,+1.13%,12,574倍,4.41倍,ー%
20260728,2867,ＮＡＴＴＹ,7674,東G,,"2,814",+4,+0.14%,12,688倍,5.30倍,ー%
20260728,2868,ニッソウ,1444,東G,,"2,833",+6,+0.21%,12,ー倍,1.87倍,ー%
20260728,2869,コンフインタ,7374,東G,,"1,530",+3,+0.20%,12,10.2倍,1.53倍,5.56%
20260728,2870,ＤＮＨＤ,7377,東S,,"1,752",+1,+0.06%,12,8.08倍,0.87倍,4.28%
20260728,2871,モイ,5031,東G,,325,0,0.00%,12,ー倍,2.77倍,ー%
20260728,2872,イトヨーギョ,5287,東S,,874,+38,+4.55%,12,12.9倍,0.65倍,2.29%
20260728,2873,ダントーＨＤ,5337,東S,,801,-39,-4.64%,12,ー倍,3.13倍,ー%
20260728,2874,シンメンテ,6086,東G,,"1,058",+19,+1.83%,12,15.1倍,4.41倍,2.08%
20260728,2875,アビスト,6087,東S,,"3,460",+35,+1.02%,12,23.3倍,1.95倍,2.95%
20260728,2876,瑞光,6279,東P,,908,-16,-1.73%,12,18.4倍,0.66倍,2.20%
20260728,2877,兼松エンジ,6402,東S,,"1,545",-3,-0.19%,12,11.6倍,0.95倍,2.91%
20260728,2878,ＵＭＣエレ,6615,東P,,227,-9,-3.81%,12,ー倍,0.58倍,ー%
20260728,2879,大同信,6743,東S,,883,-8,-0.90%,12,7.38倍,0.50倍,4.08%
20260728,2880,サインポスト,3996,東S,,193,-6,-3.02%,12,27.8倍,1.30倍,2.59%
20260728,2881,バルテスＨＤ,4442,東G,,410,+1,+0.24%,12,13.4倍,2.25倍,0.98%
20260728,2882,扶桑薬,4538,東P,,"2,225",+13,+0.59%,12,14.6倍,0.54倍,4.04%
20260728,2883,ホクシン,7897,東S,,101,+1,+1.00%,12,22.0倍,0.49倍,1.98%
20260728,2884,ＵＮＩＣＯＮ,407A,東S,,876,-23,-2.56%,12,7.88倍,2.23倍,5.14%
20260728,2885,サイバＳＯＬ,436A,東G,,"1,023",+2,+0.20%,12,13.5倍,3.81倍,3.71%
20260728,2886,ＭＸ米株ＡＩ,552A,東Ｅ,,"2,448",-127,-4.93%,12,ー倍,ー倍,ー%
20260728,2887,東京汽,9193,東S,,855,-15,-1.72%,12,230倍,0.30倍,3.51%
20260728,2888,東陽倉,9306,東S,,"2,039",-4,-0.20%,12,13.3倍,0.53倍,3.68%
20260728,2889,オオバ,9765,東P,,"1,125",-9,-0.79%,12,12.2倍,1.24倍,3.91%
20260728,2890,アジア航,9233,東S,,"1,121",+4,+0.36%,11,12.3倍,0.87倍,3.93%
20260728,2891,ビート,9399,東S,,13,-1,-7.14%,11,ー倍,ー倍,ー%
20260728,2892,きんえい,9636,東S,,"4,280",+20,+0.47%,11,79.6倍,4.33倍,0.23%
20260728,2893,ハナツアーＪ,6561,東G,,816,-4,-0.49%,11,7.19倍,2.31倍,5.15%
20260728,2894,コモ,2224,東S,,"3,670",-20,-0.54%,11,62.2倍,5.96倍,0.19%
20260728,2895,ドーン,2303,東S,,"1,232",-10,-0.81%,11,15.1倍,2.45倍,1.30%
20260728,2896,ティア,2485,東S,,477,+3,+0.63%,11,10.2倍,1.19倍,4.82%
20260728,2897,上場ＳＰヘ有,2521,東Ｅ,,"2,069",-47,-2.22%,11,ー倍,ー倍,ー%
20260728,2898,カネ美食品,2669,東S,,"4,000",0,0.00%,11,21.5倍,1.26倍,0.95%
20260728,2899,セイヒョー,2872,東S,,"1,985",0,0.00%,11,29.4倍,1.95倍,0.91%
20260728,2900,コミニックス,3173,東S,,"1,086",+9,+0.84%,11,9.32倍,0.87倍,3.68%
20260728,2901,テリロジＨＤ,5133,東S,,301,-6,-1.95%,11,12.0倍,1.58倍,1.79%
20260728,2902,Ａパーチェス,7115,東S,,"1,580",-25,-1.56%,11,13.7倍,2.32倍,2.34%
20260728,2903,ｉＳ米総合債,2256,東Ｅ,,227.7,+0.5,+0.22%,11,ー倍,ー倍,ー%
20260728,2904,ミラタップ,3187,東G,,323,-17,-5.00%,11,25.2倍,2.00倍,ー%
20260728,2905,モルフォ,3653,東G,,640,-16,-2.44%,11,ー倍,1.12倍,ー%
20260728,2906,ソフトＭＡＸ,3671,東S,,328,0,0.00%,11,13.6倍,2.05倍,3.05%
20260728,2907,サイオス,3744,東S,,499,-7,-1.38%,11,11.7倍,2.29倍,1.00%
20260728,2908,フィスコ,3807,東G,,85,0,0.00%,11,218倍,5.65倍,ー%
20260728,2909,ＰＣＩＨＤ,3918,東S,,"1,210",-11,-0.90%,11,9.53倍,1.23倍,4.79%
20260728,2910,エンバイオＨ,6092,東S,,707,-12,-1.67%,11,8.32倍,0.62倍,3.39%
20260728,2911,ＪＭＳ,7702,東S,,451,-7,-1.53%,11,18.4倍,0.27倍,3.77%
20260728,2912,サイバーバズ,7069,東G,,674,+66,+10.86%,11,14.9倍,6.18倍,ー%
20260728,2913,リベロ,9245,東G,,"2,000",+5,+0.25%,11,14.2倍,3.74倍,2.10%
20260728,2914,ラストワンＭ,9252,東G,,"3,850",-10,-0.26%,11,9.35倍,1.97倍,0.78%
20260728,2915,ＧＸ中テ１０,404A,東Ｅ,,"1,308",-53,-3.89%,11,ー倍,ー倍,ー%
20260728,2916,ｉＦ台湾テク,413A,東Ｅ,,"3,559",-150,-4.04%,11,ー倍,ー倍,ー%
20260728,2917,スタートＬ,477A,東G,,595,-2,-0.34%,11,7.93倍,1.31倍,ー%
20260728,2918,ＧＬ・再エネ,509A,東IF,,"73,200",+300,+0.41%,11,ー倍,0.92倍,8.05%
20260728,2919,ビタブリッド,542A,東G,,"1,060",-5,-0.47%,11,8.00倍,1.14倍,ー%
20260728,2920,ＳＣＡＴ,3974,東S,,658,+19,+2.97%,11,16.5倍,0.99倍,2.13%
20260728,2921,広栄化学,4367,東S,,"2,597",-54,-2.04%,11,ー倍,0.79倍,ー%
20260728,2922,上場アジリト,1495,東Ｅ,,"11,730",+65,+0.56%,11,ー倍,ー倍,ー%
20260728,2923,ツツミ,7937,東S,,"2,646",-20,-0.75%,11,14.8倍,0.59倍,4.35%
20260728,2924,和田興産,8931,東S,,"1,431",-12,-0.83%,11,7.47倍,0.45倍,4.19%
20260728,2925,フジコピアン,7957,東S,,"1,978",-7,-0.35%,10,5.05倍,0.38倍,5.97%
20260728,2926,築地魚,8039,東S,,"3,445",+5,+0.15%,10,15.3倍,1.08倍,1.02%
20260728,2927,キムラタン,8107,東S,,31,0,0.00%,10,344倍,5.18倍,ー%
20260728,2928,トミタ,8147,東S,,"1,455",+69,+4.98%,10,11.1倍,0.58倍,1.72%
20260728,2929,ハークスレイ,7561,東S,,662,0,0.00%,10,7.65倍,0.48倍,4.53%
20260728,2930,オーエムツー,7614,東S,,"1,552",-3,-0.19%,10,10.4倍,0.57倍,2.32%
20260728,2931,ハンズマン,7636,東S,,775,+1,+0.13%,10,11.7倍,0.58倍,3.87%
20260728,2932,大研医器,7775,東S,,428,+1,+0.23%,10,20.8倍,1.59倍,4.67%
20260728,2933,石光商事,2750,東S,,"1,296",-6,-0.46%,10,5.83倍,0.75倍,4.24%
20260728,2934,新都ＨＤ,2776,東S,,93,-1,-1.06%,10,25.3倍,1.52倍,ー%
20260728,2935,ＷＤＩ,3068,東S,,"2,997",-13,-0.43%,10,53.8倍,2.87倍,0.57%
20260728,2936,歌舞伎,9661,東S,,"4,465",0,0.00%,10,228倍,4.88倍,0.11%
20260728,2937,パーカー,9845,東S,,"1,575",+3,+0.19%,10,8.96倍,0.78倍,3.37%
20260728,2938,ＭＲＫＨＬＤ,9980,東S,,94,-1,-1.05%,10,6.63倍,0.56倍,1.06%
20260728,2939,シリウスＶ,6276,東S,,303,-5,-1.62%,10,2.72倍,0.68倍,ー%
20260728,2940,鈴茂器工,6405,東S,,"1,032",0,0.00%,10,18.3倍,0.89倍,3.39%
20260728,2941,サンデン,6444,東S,,157,-2,-1.26%,10,35.4倍,0.61倍,ー%
20260728,2942,ジーニー,6562,東G,,962,-4,-0.41%,10,9.14倍,ー倍,ー%
20260728,2943,ライトアップ,6580,東G,,807,-9,-1.10%,10,8.31倍,1.22倍,2.35%
20260728,2944,日本ナレッジ,5252,東G,,792,-18,-2.22%,10,31.3倍,2.72倍,0.88%
20260728,2945,クオルテック,9165,東G,,"1,695",-20,-1.17%,10,12.4倍,1.14倍,2.77%
20260728,2946,ファーストＡ,5588,東G,,767,-22,-2.79%,10,41.1倍,5.64倍,0.51%
20260728,2947,ハンモック,173A,東G,,"1,519",-1,-0.07%,10,10.9倍,1.99倍,2.96%
20260728,2948,構造計画ＨＤ,208A,東S,,"2,910",-16,-0.55%,10,13.3倍,2.88倍,3.09%
20260728,2949,ＧＸウラン,224A,東Ｅ,,"1,481",-29,-1.92%,10,ー倍,ー倍,ー%
20260728,2950,ガーデン,274A,東S,,"2,301",-7,-0.30%,10,19.6倍,2.21倍,3.91%
20260728,2951,ファンクリＧ,3266,東S,,79,+1,+1.28%,10,8.62倍,0.93倍,1.27%
20260728,2952,フィルＣ,3267,東S,,607,-1,-0.16%,10,12.1倍,1.00倍,4.12%
20260728,2953,バイク王,3377,東S,,371,-4,-1.07%,10,9.32倍,0.73倍,2.96%
20260728,2954,信和,3447,東S,,986,-3,-0.30%,10,8.36倍,0.79倍,3.65%
20260728,2955,クラウディア,3607,東S,,357,0,0.00%,10,9.24倍,0.66倍,2.80%
20260728,2956,ＡＤＲバイオ,3750,東S,,778,-22,-2.75%,10,347倍,316倍,ー%
20260728,2957,アイリッジ,3917,東G,,488,-2,-0.41%,10,12.8倍,1.27倍,ー%
20260728,2958,サンヨーＨ,1420,東S,,645,-2,-0.31%,10,5.71倍,0.47倍,3.88%
20260728,2959,上場Ａリート,1555,東Ｅ,,"2,539",+24,+0.95%,10,ー倍,ー倍,ー%
20260728,2960,オーテック,1736,東S,,"2,433",-77,-3.07%,10,9.92倍,1.42倍,4.03%
20260728,2961,米国配当貴族,2044,東EN,,"36,280",+420,+1.17%,10,ー倍,ー倍,ー%
20260728,2962,クルーズ,2138,東S,,454,-10,-2.16%,10,90.4倍,0.50倍,ー%
20260728,2963,上場リ高３０,608A,東Ｅ,,"1,538",-9,-0.58%,10,ー倍,ー倍,ー%
20260728,2964,日本インシュ,5368,東S,,"1,002",+3,+0.30%,10,11.9倍,0.59倍,3.99%
20260728,2965,東京通信Ｇ,7359,東G,,223,-2,-0.89%,10,20.4倍,2.90倍,ー%
20260728,2966,シキノＨＴ,6614,東S,,845,-46,-5.16%,10,45.4倍,1.62倍,1.78%
20260728,2967,ブレインズ,4075,東G,,862,-12,-1.37%,10,31.3倍,2.89倍,ー%
20260728,2968,エコシステム,9249,東S,,"1,624",-11,-0.67%,10,24.6倍,2.29倍,1.11%
20260728,2969,フォトシンス,4379,東G,,399,0,0.00%,10,20.9倍,2.46倍,ー%
20260728,2970,タカヨシＨＤ,9259,東G,,876,+3,+0.34%,10,9.45倍,1.47倍,3.42%
20260728,2971,フジプレアム,4237,東S,,331,-5,-1.49%,10,33.1倍,1.23倍,1.81%
20260728,2972,松本油脂,4365,東S,,"19,680",-60,-0.30%,10,ー倍,0.64倍,ー%
20260728,2973,ハイマックス,4299,東S,,"1,218",+3,+0.25%,9,16.3倍,1.17倍,4.19%
20260728,2974,エデュラボ,4427,東G,,203,-5,-2.40%,9,207倍,1.53倍,ー%
20260728,2975,ＸＮＥＴ,4762,東S,,"1,993",+73,+3.80%,9,18.5倍,2.56倍,3.51%
20260728,2976,Ｆ＆Ｍ,4771,東S,,"2,381",-36,-1.49%,9,12.3倍,2.28倍,2.52%
20260728,2977,オリコン,4800,東S,,"1,357",0,0.00%,9,16.6倍,3.00倍,ー%
20260728,2978,野村独株Ｈ有,2860,東Ｅ,,"3,205",+18,+0.56%,9,ー倍,ー倍,ー%
20260728,2979,フュージック,5256,東G,,"2,351",+11,+0.47%,9,177倍,2.40倍,ー%
20260728,2980,ＯＢシステム,5576,東S,,"2,863",-60,-2.05%,9,9.27倍,1.18倍,4.37%
20260728,2981,ＳＯＬＩＺＥ,5871,東S,,"1,324",-25,-1.85%,9,23.7倍,0.63倍,4.15%
20260728,2982,ＣＳＳ,2304,東S,,940,+5,+0.53%,9,7.90倍,1.39倍,3.72%
20260728,2983,ＪＨＤ,2721,東S,,133,-2,-1.48%,9,ー倍,12.9倍,ー%
20260728,2984,ジーエルシー,2970,東S,,950,-2,-0.21%,9,11.3倍,2.71倍,ー%
20260728,2985,カノークス,8076,東S,,"2,062",-21,-1.01%,9,9.83倍,0.61倍,5.14%
20260728,2986,クワザワＨＤ,8104,東S,,687,-14,-2.00%,9,8.84倍,0.59倍,4.37%
20260728,2987,抵抗器,6977,東S,,"1,384",-48,-3.35%,9,17.1倍,1.46倍,2.17%
20260728,2988,識学,7049,東G,,846,-8,-0.94%,9,ー倍,2.36倍,ー%
20260728,2989,ヒロセ通商,7185,東S,,"3,900",0,0.00%,9,ー倍,1.11倍,ー%
20260728,2990,桜井製,7255,東S,,558,+10,+1.82%,9,42.7倍,0.36倍,1.25%
20260728,2991,日本プラスト,7291,東S,,484,-3,-0.62%,9,5.69倍,0.24倍,5.17%
20260728,2992,南陽,7417,東S,,"1,872",-14,-0.74%,9,10.1倍,0.83倍,3.47%
20260728,2993,永大産業,7822,東S,,239,-1,-0.42%,9,5.28倍,0.25倍,4.18%
20260728,2994,サンセイ,6307,東S,,470,-8,-1.67%,9,9.13倍,0.69倍,3.19%
20260728,2995,オリジン,6513,東S,,"1,045",-18,-1.69%,9,53.6倍,0.24倍,3.83%
20260728,2996,トラースＯＰ,6696,東G,,284,-6,-2.07%,9,ー倍,4.47倍,ー%
20260728,2997,トライアイズ,4840,東S,,539,-18,-3.23%,9,30.4倍,1.04倍,0.19%
20260728,2998,スカラ,4845,東S,,336,-6,-1.75%,9,14.0倍,1.24倍,5.06%
20260728,2999,アイビー,4918,東S,,307,-2,-0.65%,9,8.77倍,1.18倍,4.89%
20260728,3000,フジマック,5965,東S,,"1,171",-11,-0.93%,9,3.65倍,0.58倍,5.12%
20260728,3001,ユニバー園芸,6061,東S,,"2,745",+2,+0.07%,9,12.6倍,1.66倍,0.47%
20260728,3002,ミトラＧ,6093,東S,,159,0,0.00%,9,16.3倍,2.11倍,3.77%
20260728,3003,ケイヒン,9312,東S,,"2,846",-49,-1.69%,9,5.46倍,0.55倍,4.92%
20260728,3004,東海運,9380,東S,,412,-5,-1.20%,9,14.1倍,0.62倍,2.18%
20260728,3005,ショーエイ,9385,東S,,768,-26,-3.27%,9,6.11倍,1.16倍,4.56%
20260728,3006,ＭＨグループ,9439,東S,,224,-1,-0.44%,9,ー倍,7.12倍,ー%
20260728,3007,葉ガス,9539,東S,,"1,459",-14,-0.95%,9,16.2倍,0.43倍,1.78%
20260728,3008,ＮＣＳ＆Ａ,9709,東S,,"1,280",-28,-2.14%,9,10.4倍,1.38倍,4.53%
20260728,3009,ベリテ,9904,東S,,256,-3,-1.16%,9,16.6倍,1.65倍,2.34%
20260728,3010,リビングＰＦ,7091,東G,,"1,205",0,0.00%,9,12.7倍,2.20倍,0.41%
20260728,3011,ゼネテック,4492,東S,,418,-2,-0.48%,9,13.2倍,1.77倍,2.99%
20260728,3012,ネオマーケ,4196,東S,,"1,750",+1,+0.06%,9,43.4倍,4.71倍,ー%
20260728,3013,ＹＣＰ,9257,東G,,450,-38,-7.79%,9,ー倍,ー倍,ー%
20260728,3014,ｉＳＧＪリト,2852,東Ｅ,,184.5,-0.2,-0.11%,9,ー倍,ー倍,ー%
20260728,3015,上場高配低ボ,1399,東Ｅ,,"3,172",-4,-0.13%,9,ー倍,ー倍,ー%
20260728,3016,ＭＸ海外株式,1550,東Ｅ,,"8,112",-68,-0.83%,9,ー倍,ー倍,ー%
20260728,3017,ハンセンブル,2031,東EN,,"8,027",-18,-0.22%,9,ー倍,ー倍,ー%
20260728,3018,マリオン,3494,東S,,434,-14,-3.13%,9,12.2倍,0.72倍,1.61%
20260728,3019,テクミラ,3627,東S,,267,-3,-1.11%,9,21.5倍,0.54倍,1.87%
20260728,3020,アプリックス,3727,東G,,137,-4,-2.84%,9,ー倍,2.67倍,1.46%
20260728,3021,インテリクス,463A,東S,,934,-6,-0.64%,9,5.53倍,0.56倍,5.14%
20260728,3022,リブコンサル,480A,東G,,998,-5,-0.50%,9,9.20倍,1.76倍,ー%
20260728,3023,ソフトテック,550A,東S,,"2,237",-93,-3.99%,9,9.72倍,1.48倍,3.35%
20260728,3024,ＧＸＳＰＣＦ,356A,東Ｅ,,"1,561",-5,-0.32%,8,ー倍,ー倍,ー%
20260728,3025,ギミック,475A,東S,,594,+6,+1.02%,8,13.4倍,1.28倍,ー%
20260728,3026,ＢＰカストロ,5015,東S,,995,0,0.00%,8,20.0倍,2.33倍,5.03%
20260728,3027,日鋳造,5609,東S,,957,-5,-0.52%,8,12.8倍,0.39倍,2.61%
20260728,3028,エムケー精工,5906,東S,,831,+8,+0.97%,8,7.73倍,0.60倍,2.17%
20260728,3029,赤阪鉄,6022,東S,,"2,540",-18,-0.70%,8,37.8倍,0.31倍,ー%
20260728,3030,アトラＧ,6029,東S,,198,-4,-1.98%,8,ー倍,1.29倍,ー%
20260728,3031,アドベンチャ,6030,東G,,"1,470",-62,-4.05%,8,10.6倍,1.14倍,ー%
20260728,3032,ライドオンＥ,6082,東S,,997,+1,+0.10%,8,ー倍,1.10倍,1.50%
20260728,3033,レアジョブ,6096,東S,,395,-3,-0.75%,8,ー倍,1.68倍,ー%
20260728,3034,フォーサイド,2330,東S,,73,-2,-2.67%,8,39.7倍,1.02倍,ー%
20260728,3035,プラネット,2391,東S,,"1,210",-9,-0.74%,8,19.3倍,1.49倍,3.64%
20260728,3036,和弘食品,2813,東S,,"4,000",-70,-1.72%,8,8.85倍,0.97倍,2.75%
20260728,3037,ＢＲＵＮＯ,3140,東G,,"1,004",-1,-0.10%,8,37.9倍,2.50倍,0.40%
20260728,3038,アセチレン,4093,東S,,420,-7,-1.64%,8,12.2倍,0.76倍,3.33%
20260728,3039,川口化,4361,東S,,"1,518",+22,+1.47%,8,7.70倍,0.56倍,3.95%
20260728,3040,クラシコム,7110,東G,,"2,063",-4,-0.19%,8,15.8倍,2.59倍,2.67%
20260728,3041,日本ＳＢ,5530,名M,,"1,080",-10,-0.92%,8,6.99倍,0.93倍,2.96%
20260728,3042,ケイファーマ,4896,東G,,740,-10,-1.33%,8,ー倍,8.47倍,ー%
20260728,3043,バリューＣ,9238,東G,,401,-9,-2.20%,8,ー倍,-14倍,ー%
20260728,3044,ナルネット,5870,東G,,781,-17,-2.13%,8,8.13倍,1.08倍,3.84%
20260728,3045,Ｓｃｈｏｏ,264A,東G,,274,-4,-1.44%,8,15.1倍,1.87倍,ー%
20260728,3046,Ｈｍｃｏｍｍ,265A,東G,,659,-21,-3.09%,8,121倍,1.58倍,ー%
20260728,3047,Ｃａｒｅｅｒ,6198,東G,,216,-5,-2.26%,8,25.9倍,1.03倍,ー%
20260728,3048,加地テック,6391,東S,,"4,530",-10,-0.22%,8,10.3倍,0.88倍,1.55%
20260728,3049,ヤマダコーポ,6392,東S,,"7,470",-20,-0.27%,8,10.5倍,0.99倍,2.95%
20260728,3050,宮入バ,6495,東S,,120,-3,-2.44%,8,72.3倍,1.45倍,1.67%
20260728,3051,ツナグＧＨＤ,6551,東S,,590,+3,+0.51%,8,7.14倍,2.18倍,3.39%
20260728,3052,ＣＲＡＶＩＡ,6573,東G,,28,0,0.00%,8,ー倍,4.03倍,ー%
20260728,3053,ＪＮグループ,6634,東S,,70,-3,-4.11%,8,29.2倍,1.31倍,ー%
20260728,3054,マツモト,7901,東S,,831,-33,-3.82%,8,19.6倍,0.94倍,ー%
20260728,3055,ナイス,8089,東S,,"1,909",-1,-0.05%,8,6.94倍,0.37倍,4.14%
20260728,3056,近畿車,7122,東S,,"2,370",+17,+0.72%,8,16.3倍,0.45倍,2.11%
20260728,3057,レシップＨＤ,7213,東S,,619,-5,-0.80%,8,7.26倍,0.86倍,4.20%
20260728,3058,はるやまＨＤ,7416,東S,,701,-19,-2.64%,8,110倍,0.48倍,2.21%
20260728,3059,サンリン,7486,東S,,805,+13,+1.64%,8,10.1倍,0.44倍,2.98%
20260728,3060,橋本総業ＨＤ,7570,東S,,"1,432",-11,-0.76%,8,7.54倍,0.77倍,3.63%
20260728,3061,メディキット,7749,東S,,"2,803",0,0.00%,8,14.3倍,0.87倍,3.57%
20260728,3062,買取王国,3181,東S,,"1,055",-31,-2.85%,8,9.65倍,1.11倍,1.04%
20260728,3063,アルファＣｏ,3434,東S,,"1,223",-1,-0.08%,8,11.8倍,0.30倍,4.17%
20260728,3064,パワーソリュ,4450,東G,,"2,109",-50,-2.32%,8,30.5倍,1.81倍,1.23%
20260728,3065,セルソース,4880,東S,,314,-7,-2.18%,8,ー倍,1.06倍,ー%
20260728,3066,ｉ３,4495,東G,,"1,926",-19,-0.98%,8,13.4倍,3.14倍,1.97%
20260728,3067,アクシス,4012,東S,,"1,712",-36,-2.06%,8,10.5倍,1.79倍,3.33%
20260728,3068,ビイングＨＤ,9145,東S,,568,0,0.00%,8,9.71倍,1.69倍,2.64%
20260728,3069,ベビカレ,7363,東G,,"1,246",+64,+5.41%,8,15.9倍,1.44倍,ー%
20260728,3070,アルマード,4932,東S,,700,-3,-0.43%,8,ー倍,3.56倍,ー%
20260728,3071,ラキール,4074,東G,,905,+17,+1.91%,8,15.5倍,1.68倍,ー%
20260728,3072,ヤマイチ,2984,東S,,741,+11,+1.51%,8,5.52倍,0.46倍,4.18%
20260728,3073,ホームポジ,2999,東S,,626,+4,+0.64%,8,10.9倍,0.98倍,1.60%
20260728,3074,東部ネット,9036,東S,,"1,355",-8,-0.59%,8,28.7倍,0.36倍,1.48%
20260728,3075,いちごグリン,9282,東IF,,"47,350",+100,+0.21%,8,27.4倍,1.61倍,7.48%
20260728,3076,東洋埠頭,9351,東S,,"1,823",-10,-0.55%,8,9.34倍,0.43倍,4.39%
20260728,3077,ｉＳ最小分散,1477,東Ｅ,,"3,341",-5,-0.15%,8,ー倍,ー倍,ー%
20260728,3078,上場ＭＳ世界,1554,東Ｅ,,"6,800",-77,-1.12%,8,ー倍,ー倍,ー%
20260728,3079,野村不動産,1633,東Ｅ,,"52,400",+110,+0.21%,8,ー倍,ー倍,ー%
20260728,3080,工藤建設,1764,東S,,"2,670",-40,-1.48%,8,8.32倍,0.57倍,4.38%
20260728,3081,藤田エンジ,1770,東S,,"2,183",-107,-4.67%,8,10.0倍,0.97倍,3.11%
20260728,3082,テノックス,1905,東S,,"1,483",-28,-1.85%,8,9.89倍,0.73倍,4.18%
20260728,3083,地域新聞社,2164,東S,,159,-7,-4.22%,8,ー倍,2.72倍,ー%
20260728,3084,ベルグアース,1383,東S,,"3,025",0,0.00%,7,89.7倍,2.31倍,0.33%
20260728,3085,リブワーク,1431,東G,,643,0,0.00%,7,78.7倍,3.44倍,1.00%
20260728,3086,Ｏｎｅ中小型,1493,東Ｅ,,"24,600",-755,-2.98%,7,ー倍,ー倍,ー%
20260728,3087,上場外債毎月,1677,東Ｅ,,"61,230",-50,-0.08%,7,ー倍,ー倍,ー%
20260728,3088,ＳＤＳＨＤ,1711,東S,,233,-7,-2.92%,7,402倍,4.16倍,ー%
20260728,3089,協和日成,1981,東S,,"1,343",+10,+0.75%,7,10.8倍,0.66倍,3.87%
20260728,3090,高橋ウォール,1994,東S,,545,0,0.00%,7,12.5倍,0.39倍,3.67%
20260728,3091,重松製,7980,東S,,810,-5,-0.61%,7,7.89倍,0.61倍,1.85%
20260728,3092,コイケヤ,2226,東S,,"4,780",+25,+0.53%,7,19.6倍,2.40倍,1.15%
20260728,3093,極楽湯ＨＤ,2340,東S,,500,0,0.00%,7,ー倍,3.45倍,1.20%
20260728,3094,神栄,3004,東S,,"2,258",+23,+1.03%,7,7.09倍,0.82倍,4.87%
20260728,3095,ＫＴＫ,3035,東S,,811,+1,+0.12%,7,10.6倍,0.91倍,2.47%
20260728,3096,きちりＨＤ,3082,東S,,949,+3,+0.32%,7,30.6倍,5.12倍,0.79%
20260728,3097,ＩＡＣＥトラ,343A,東S,,"1,400",+2,+0.14%,7,11.1倍,1.56倍,2.71%
20260728,3098,富士ユナイト,416A,東S,,"1,190",-12,-1.00%,7,13.1倍,0.80倍,5.21%
20260728,3099,シスエグゼ,548A,東S,,970,-27,-2.71%,7,8.76倍,0.90倍,4.59%
20260728,3100,ｉＳシルバー,568A,東Ｅ,,154.6,-5.3,-3.31%,7,ー倍,ー倍,ー%
20260728,3101,ヤマウＨＤ,5284,東S,,"2,213",-4,-0.18%,7,5.96倍,0.97倍,5.06%
20260728,3102,鋳鉄管,5612,東S,,"1,556",-13,-0.83%,7,ー倍,0.51倍,ー%
20260728,3103,日亜鋼,5658,東S,,371,0,0.00%,7,13.9倍,0.31倍,2.70%
20260728,3104,カナレ電気,5819,東S,,"1,747",-12,-0.68%,7,10.2倍,0.63倍,3.78%
20260728,3105,ナガオカ,6239,東S,,"1,299",-1,-0.08%,7,20.1倍,1.16倍,2.69%
20260728,3106,ロンシール,4224,東S,,"2,152",-47,-2.14%,7,9.44倍,0.50倍,3.95%
20260728,3107,東海ソフト,4430,東S,,"1,655",-5,-0.30%,7,8.82倍,1.16倍,4.05%
20260728,3108,ビジコーチ,9562,東G,,498,-3,-0.60%,7,422倍,1.57倍,3.41%
20260728,3109,ベースフード,2936,東G,,256,-5,-1.92%,7,ー倍,12.1倍,ー%
20260728,3110,コーチエィ,9339,東S,,"1,362",+12,+0.89%,7,26.0倍,1.04倍,1.47%
20260728,3111,ＢＴＭ,5247,東G,,555,+3,+0.54%,7,23.7倍,2.16倍,ー%
20260728,3112,ＳＨＩＮＫＯ,7120,東S,,"1,055",-15,-1.40%,7,7.28倍,2.18倍,4.17%
20260728,3113,ロジネットＪ,9027,札証,,"5,340",+20,+0.38%,7,9.67倍,1.19倍,3.22%
20260728,3114,ジョイフル,9942,福証,,"1,288",+3,+0.23%,7,12.7倍,2.71倍,0.78%
20260728,3115,ＩＮＧＳ,245A,東G,,"2,485",-5,-0.20%,7,18.5倍,2.76倍,ー%
20260728,3116,タレントＸ,330A,東G,,457,-8,-1.72%,7,23.3倍,2.84倍,ー%
20260728,3117,京極運,9073,東S,,"1,235",-25,-1.98%,7,32.0倍,0.74倍,0.97%
20260728,3118,大和自,9082,東S,,"1,725",-35,-1.99%,7,76.8倍,0.81倍,0.58%
20260728,3119,ＣＢＣ,9402,名P,,"1,292",-3,-0.23%,7,21.7倍,0.43倍,1.93%
20260728,3120,ウィルソンＷ,9610,東S,,115,0,0.00%,7,ー倍,1.66倍,ー%
20260728,3121,会舘,9701,東S,,"4,230",0,0.00%,7,13.8倍,1.03倍,1.18%
20260728,3122,アシードＨＤ,9959,東S,,"1,050",+4,+0.38%,7,13.0倍,1.64倍,2.29%
20260728,3123,エストラスト,3280,東S,,910,+3,+0.33%,7,5.54倍,0.52倍,3.74%
20260728,3124,オーベクス,3583,東S,,"1,360",+36,+2.72%,7,ー倍,0.51倍,2.57%
20260728,3125,フジックス,3600,東S,,"1,701",-29,-1.68%,7,ー倍,0.24倍,2.94%
20260728,3126,クロスマーケ,3675,東S,,602,+2,+0.33%,7,7.28倍,1.22倍,2.49%
20260728,3127,インタートレ,3747,東S,,397,-15,-3.64%,7,11.9倍,2.38倍,ー%
20260728,3128,モバファク,3912,東S,,"1,057",-10,-0.94%,7,8.38倍,2.75倍,4.82%
20260728,3129,フロンティＭ,7038,東P,,560,-5,-0.88%,7,132倍,4.11倍,ー%
20260728,3130,日本モゲジＳ,7192,東S,,597,-6,-1.00%,7,9.64倍,0.92倍,5.03%
20260728,3131,栄電子,7567,東S,,526,-2,-0.38%,7,20.6倍,0.55倍,2.47%
20260728,3132,シード,7743,東S,,523,-2,-0.38%,7,11.7倍,0.82倍,2.87%
20260728,3133,スマイルＨＤ,7084,東G,,"2,730",-18,-0.66%,7,39.6倍,1.42倍,3.85%
20260728,3134,Ｐアンチエイ,4934,東G,,622,-3,-0.48%,7,18.1倍,0.76倍,ー%
20260728,3135,Ｚｅｎｋｅｎ,7371,東G,,741,+3,+0.41%,7,25.8倍,0.71倍,3.51%
20260728,3136,ＭＨＴ,9218,東G,,742,-8,-1.07%,7,27.3倍,5.87倍,1.35%
20260728,3137,セカンドＸ,5028,東G,,347,-16,-4.41%,7,20.2倍,2.81倍,ー%
20260728,3138,サークレイス,5029,東G,,810,+25,+3.18%,7,10.2倍,2.78倍,ー%
20260728,3139,Ｏｎｅ中国５,2553,東Ｅ,,"2,353.0",-63.5,-2.63%,6,ー倍,ー倍,ー%
20260728,3140,ジェイック,7073,東G,,"2,483",+13,+0.53%,6,18.5倍,2.40倍,2.22%
20260728,3141,ｉＳ日本国債,2561,東Ｅ,,"1,998",+2,+0.10%,6,ー倍,ー倍,ー%
20260728,3142,カラダノート,4014,東G,,536,-3,-0.56%,6,14.8倍,5.72倍,ー%
20260728,3143,スタメン,4019,東G,,611,-10,-1.61%,6,20.2倍,3.57倍,1.31%
20260728,3144,ＨＣＨ,7361,東G,,"1,198",+4,+0.34%,6,8.55倍,2.54倍,3.76%
20260728,3145,ランドネット,2991,東S,,571,-11,-1.89%,6,5.17倍,1.09倍,1.94%
20260728,3146,ジィ・シィ,4073,東G,,456,-18,-3.80%,6,21.4倍,6.26倍,ー%
20260728,3147,ロボペイ,4374,東G,,"2,302",-32,-1.37%,6,14.7倍,6.42倍,1.35%
20260728,3148,ニフティＬＳ,4262,東G,,"1,362",+2,+0.15%,6,10.4倍,1.40倍,4.70%
20260728,3149,アズジェント,4288,東S,,409,-8,-1.92%,6,31.2倍,3.09倍,ー%
20260728,3150,Ｍマート,4380,東G,,"1,249",+10,+0.81%,6,13.4倍,2.86倍,4.16%
20260728,3151,神東塗,4615,東S,,130,+2,+1.56%,6,22.1倍,0.34倍,ー%
20260728,3152,林兼,2286,東S,,900,-13,-1.42%,6,6.12倍,0.54倍,5.00%
20260728,3153,鉄人化ＨＤ,2404,東S,,594,-1,-0.17%,6,19.4倍,7.54倍,ー%
20260728,3154,ゲンダイ,2411,東S,,460,-4,-0.86%,6,9.76倍,1.32倍,5.43%
20260728,3155,共同ＰＲ,2436,東S,,610,+12,+2.01%,6,11.8倍,2.46倍,1.31%
20260728,3156,野村外国債Ｈ,2512,東Ｅ,,728.1,+0.2,+0.03%,6,ー倍,ー倍,ー%
20260728,3157,野村新興国債,2519,東Ｅ,,"1,232.0",-0.5,-0.04%,6,ー倍,ー倍,ー%
20260728,3158,プレミアムＷ,2588,東S,,"3,800",-35,-0.91%,6,9.08倍,3.62倍,3.16%
20260728,3159,かどや製油,2612,東S,,"1,770",-30,-1.67%,6,23.8倍,1.31倍,2.66%
20260728,3160,Ｙｓテーブル,2798,東S,,"3,025",-5,-0.17%,6,15.8倍,7.83倍,ー%
20260728,3161,イフジ産業,2924,東S,,"2,073",+13,+0.63%,6,8.36倍,1.34倍,3.33%
20260728,3162,マーチャント,3121,東S,,218,-4,-1.80%,6,27.9倍,1.50倍,0.92%
20260728,3163,ジオリーブＧ,3157,東S,,"1,399",-37,-2.58%,6,7.91倍,0.75倍,3.93%
20260728,3164,上場米債ヘ有,1487,東Ｅ,,"11,790",+5,+0.04%,6,ー倍,ー倍,ー%
20260728,3165,ＷＴコーン,1696,東Ｅ,,"3,001",-44,-1.44%,6,ー倍,ー倍,ー%
20260728,3166,三東工業,1788,東S,,"4,200",-5,-0.12%,6,9.41倍,0.70倍,3.10%
20260728,3167,佐田建,1826,東S,,"1,076",-4,-0.37%,6,14.3倍,1.14倍,5.58%
20260728,3168,フジ日本,2114,東S,,642,+2,+0.31%,6,13.2倍,1.18倍,2.96%
20260728,3169,インタスペス,2122,東S,,"1,397",0,0.00%,6,20.9倍,1.53倍,2.15%
20260728,3170,幼児活動研,2152,東S,,"1,620",+20,+1.25%,6,17.6倍,1.59倍,1.60%
20260728,3171,博展,2173,東G,,689,-16,-2.27%,6,6.61倍,2.26倍,3.92%
20260728,3172,野崎紙,7919,東S,,202,-3,-1.46%,6,ー倍,0.71倍,ー%
20260728,3173,東海エレ,8071,名M,,"2,960",+17,+0.58%,6,16.9倍,0.34倍,3.85%
20260728,3174,丸八証券,8700,東S,,"1,994",-36,-1.77%,6,ー倍,0.97倍,ー%
20260728,3175,Ａクリエイト,8798,東P,,126,-3,-2.33%,6,10.3倍,8.61倍,ー%
20260728,3176,静甲,6286,東S,,"1,372",-11,-0.80%,6,8.86倍,0.51倍,2.04%
20260728,3177,油研工,6393,東S,,"3,025",-30,-0.98%,6,10.8倍,0.46倍,4.96%
20260728,3178,オーケストラ,6533,東P,,"1,187",-13,-1.08%,6,11.6倍,1.68倍,2.53%
20260728,3179,エスユーエス,6554,東G,,"1,028",-6,-0.58%,6,9.31倍,2.04倍,4.86%
20260728,3180,要興業,6566,東S,,"1,296",+10,+0.78%,6,13.4倍,0.99倍,ー%
20260728,3181,コスモス,6772,東S,,"1,054",+14,+1.35%,6,ー倍,0.92倍,ー%
20260728,3182,ＧＭＯコマス,410A,東G,,"1,119",-13,-1.15%,6,14.3倍,2.29倍,4.52%
20260728,3183,ライオン事務,423A,東S,,309,0,0.00%,6,10.6倍,0.76倍,4.85%
20260728,3184,クラシコ,442A,東G,,960,-11,-1.13%,6,13.3倍,1.22倍,ー%
20260728,3185,ＭＸ高配５０,461A,東Ｅ,,"2,611",-29,-1.10%,6,ー倍,ー倍,ー%
20260728,3186,ＯｎｅＪ２０,496A,東Ｅ,,948.0,+2.5,+0.26%,6,ー倍,ー倍,ー%
20260728,3187,ネクスウェア,4814,東S,,154,-3,-1.91%,6,65.3倍,2.57倍,ー%
20260728,3188,中可鍛,5607,名M,,617,+1,+0.16%,6,6.10倍,0.30倍,3.08%
20260728,3189,コロナ,5909,東S,,"1,030",-6,-0.58%,6,50.2倍,0.39倍,2.72%
20260728,3190,阪神燃,6018,東S,,"6,120",ー,ー%,6,27.2倍,1.27倍,1.49%
20260728,3191,土木管理,6171,東S,,378,-1,-0.26%,6,11.9倍,1.02倍,3.17%
20260728,3192,タメニー,6181,東G,,78,0,0.00%,6,10.9倍,3.09倍,ー%
20260728,3193,ケル,6919,東S,,"1,400",-10,-0.71%,6,84.9倍,0.67倍,5.71%
20260728,3194,ＣＡＰＩＴＡ,7462,東S,,410,+3,+0.74%,6,16.9倍,1.82倍,2.44%
20260728,3195,アイナボＨＤ,7539,東S,,799,-5,-0.62%,6,11.6倍,0.68倍,3.25%
20260728,3196,安楽亭,7562,東S,,"3,780",-5,-0.13%,6,22.9倍,2.11倍,0.40%
20260728,3197,タカショー,7590,東S,,392,-1,-0.25%,6,55.1倍,0.52倍,1.28%
20260728,3198,京都友禅ＨＤ,7615,東S,,99,0,0.00%,6,19.7倍,0.66倍,1.52%
20260728,3199,うかい,7621,東S,,"3,415",+10,+0.29%,6,ー倍,3.82倍,0.44%
20260728,3200,寿屋,7809,東S,,"1,312",+5,+0.38%,6,21.2倍,1.31倍,3.43%
20260728,3201,総合商研,7850,東S,,884,+9,+1.03%,6,9.82倍,0.74倍,2.26%
20260728,3202,南総通運,9034,東S,,"1,615",+10,+0.62%,6,11.1倍,0.67倍,4.95%
20260728,3203,神姫バ,9083,東S,,"1,967",-7,-0.35%,6,10.8倍,0.44倍,2.29%
20260728,3204,東京インフラ,9285,東IF,,"44,050",-350,-0.79%,6,ー倍,0.54倍,7.51%
20260728,3205,白洋舎,9731,東S,,"3,435",-35,-1.01%,6,5.26倍,0.97倍,2.91%
20260728,3206,カンセキ,9903,東S,,876,-18,-2.01%,6,20.4倍,1.02倍,2.28%
20260728,3207,上場仏債ヘ有,2862,東Ｅ,,"3,925",+9,+0.23%,6,ー倍,ー倍,ー%
20260728,3208,ＦＩＸＥＲ,5129,東G,,236,-7,-2.88%,6,ー倍,1.59倍,ー%
20260728,3209,ハルメク,7119,東G,,"1,690",+5,+0.30%,6,15.6倍,2.10倍,2.37%
20260728,3210,ＷＴＯＫＹＯ,9159,東G,,"1,896",+6,+0.32%,6,14.9倍,2.56倍,ー%
20260728,3211,オンザページ,9160,東S,,304,0,0.00%,6,7.08倍,1.16倍,ー%
20260728,3212,オプロ,228A,東G,,"1,610",-11,-0.68%,6,12.2倍,2.62倍,ー%
20260728,3213,フライヤー,323A,東G,,372,-7,-1.85%,6,21.9倍,4.16倍,ー%
20260728,3214,Ｇオイスター,3224,東G,,695,-2,-0.29%,6,109倍,2.42倍,1.44%
20260728,3215,東和フード,3329,東S,,"2,111",-8,-0.38%,6,29.9倍,2.19倍,0.95%
20260728,3216,ｃｏｔｔａ,3359,東G,,515,-3,-0.58%,6,8.70倍,1.16倍,1.94%
20260728,3217,イノベＨＤ,3484,東S,,"1,095",+23,+2.15%,6,14.4倍,3.73倍,3.11%
20260728,3218,ウイルプラス,3538,東S,,945,0,0.00%,6,7.65倍,0.75倍,4.87%
20260728,3219,ＰバンＣＯＭ,3559,東S,,413,-4,-0.96%,6,15.2倍,1.35倍,2.42%
20260728,3220,ユニネク,3566,東G,,878,+3,+0.34%,6,14.8倍,2.33倍,0.68%
20260728,3221,アスリナ,3647,東S,,111,-3,-2.63%,6,ー倍,2.93倍,ー%
20260728,3222,フォーシーズ,3726,東S,,370,+3,+0.82%,6,59.3倍,2.32倍,ー%
20260728,3223,ジーダット,3841,東S,,"1,200",-48,-3.85%,6,22.0倍,1.28倍,3.33%
20260728,3224,ＡＰＨＤ,3175,東S,,942,+1,+0.11%,5,20.6倍,-51倍,ー%
20260728,3225,ＡＮＡＰＨＤ,3189,東S,,98,-3,-2.97%,5,ー倍,0.60倍,ー%
20260728,3226,ホットマン,3190,東S,,595,+13,+2.23%,5,11.4倍,0.54倍,1.85%
20260728,3227,サンセイラン,3277,東S,,649,-8,-1.22%,5,7.94倍,0.72倍,3.93%
20260728,3228,東武住販,3297,東S,,"1,164",-5,-0.43%,5,8.76倍,0.67倍,3.69%
20260728,3229,Ｔｒａｉｌ,3358,東S,,95,+1,+1.06%,5,66.9倍,1.67倍,2.11%
20260728,3230,ＡＧＳ,3648,東S,,"1,135",-17,-1.48%,5,10.4倍,1.18倍,3.17%
20260728,3231,キーウェア,3799,東S,,"1,071",-18,-1.65%,5,11.1倍,1.12倍,3.73%
20260728,3232,ＳＩ,3826,東S,,450,0,0.00%,5,12.3倍,1.12倍,2.44%
20260728,3233,岡山製紙,3892,東S,,"1,620",-4,-0.25%,5,11.9倍,0.52倍,3.09%
20260728,3234,ＧＸ純金Ｈ,424A,東Ｅ,,309.6,-3.5,-1.12%,5,ー倍,ー倍,ー%
20260728,3235,ＮＥ,441A,東G,,253,+3,+1.20%,5,8.28倍,1.82倍,ー%
20260728,3236,テラテクノ,483A,東S,,"2,193",-11,-0.50%,5,8.61倍,1.30倍,4.10%
20260728,3237,ＧＸ超短円債,502A,東Ｅ,,900.4,-0.1,-0.01%,5,ー倍,ー倍,ー%
20260728,3238,農中ＮＱ１Ｕ,534A,東Ｅ,,"2,386",-44,-1.81%,5,ー倍,ー倍,ー%
20260728,3239,トランスＧＧ,2342,東S,,211,-4,-1.86%,5,23.4倍,0.74倍,ー%
20260728,3240,エヌアイデイ,2349,東S,,"2,523",+1,+0.04%,5,10.9倍,1.14倍,1.19%
20260728,3241,ギグワークス,2375,東S,,201,-1,-0.50%,5,80.1倍,1.49倍,1.00%
20260728,3242,ウェッジＨＤ,2388,東G,,38,0,0.00%,5,ー倍,0.62倍,ー%
20260728,3243,オルアバウト,2454,東S,,346,0,0.00%,5,ー倍,1.37倍,ー%
20260728,3244,ＶＬＣセキュ,2467,名N,,175,-8,-4.37%,5,12.1倍,4.18倍,ー%
20260728,3245,ジェイテック,2479,東S,,240,0,0.00%,5,10.7倍,1.31倍,ー%
20260728,3246,イーサポート,2493,東S,,938,-5,-0.53%,5,28.8倍,1.12倍,0.53%
20260728,3247,野村外国株式,2513,東Ｅ,,"3,597",-35,-0.96%,5,ー倍,ー倍,ー%
20260728,3248,太陽化,2902,名M,,"2,633",+3,+0.11%,5,9.19倍,0.80倍,3.84%
20260728,3249,アプライド,3020,東S,,"4,180",+50,+1.21%,5,5.25倍,0.82倍,2.39%
20260728,3250,オーシャンシ,3096,東S,,"1,651",+9,+0.55%,5,10.2倍,1.27倍,1.21%
20260728,3251,ＵＮＩＶＡ,3113,東S,,72,0,0.00%,5,66.1倍,5.65倍,ー%
20260728,3252,富士山ＭＳ,3138,東S,,"1,148",-22,-1.88%,5,39.5倍,1.65倍,1.39%
20260728,3253,アゼアス,3161,東S,,653,-5,-0.76%,5,21.2倍,0.55倍,3.52%
20260728,3254,ウィルズ,4482,東G,,723,-5,-0.69%,5,15.4倍,5.41倍,2.49%
20260728,3255,ＩＮＣＨＤ,7078,東G,,336,-2,-0.59%,5,ー倍,2.21倍,ー%
20260728,3256,グッドパッチ,7351,東G,,435,0,0.00%,5,9.29倍,0.87倍,2.30%
20260728,3257,ｉＳ新興債Ｈ,2622,東Ｅ,,"1,692",-9,-0.53%,5,ー倍,ー倍,ー%
20260728,3258,ファブリカ,4193,東S,,"2,345",0,0.00%,5,13.4倍,3.43倍,1.71%
20260728,3259,マーキュリア,7347,東P,,771,-7,-0.90%,5,14.9倍,0.86倍,2.85%
20260728,3260,コラントッテ,7792,東G,,"1,450",0,0.00%,5,9.42倍,2.37倍,3.03%
20260728,3261,デジタリフト,9244,東G,,"1,229",+45,+3.80%,5,15.9倍,2.26倍,ー%
20260728,3262,ＭＣＰｓ,4360,東S,,807,-4,-0.49%,5,ー倍,0.58倍,1.86%
20260728,3263,日本調理機,2961,東S,,"6,450",+30,+0.47%,5,14.4倍,0.94倍,2.79%
20260728,3264,チエル,3933,東S,,477,-4,-0.83%,5,8.91倍,1.06倍,4.82%
20260728,3265,昭和パックス,3954,東S,,"2,771",0,0.00%,5,ー倍,0.46倍,1.80%
20260728,3266,Ｄ・アクシス,4245,東S,,680,-3,-0.44%,5,16.7倍,0.90倍,3.53%
20260728,3267,エクスＭ,4394,東G,,544,-3,-0.55%,5,24.8倍,1.97倍,2.30%
20260728,3268,ゼネラルパ,6267,東S,,"4,090",-10,-0.24%,5,8.94倍,0.90倍,2.93%
20260728,3269,プラコー,6347,東S,,258,-5,-1.90%,5,24.8倍,1.49倍,2.33%
20260728,3270,ＩＩＦ,6545,東G,,837,-6,-0.71%,5,10.4倍,2.52倍,2.99%
20260728,3271,星和電,6748,東S,,724,-29,-3.85%,5,7.01倍,0.48倍,2.76%
20260728,3272,協立電機,6874,東S,,"2,505",-35,-1.38%,5,8.25倍,0.92倍,3.59%
20260728,3273,ＡＳＴＩ,6899,東S,,"2,376",-25,-1.04%,5,10.6倍,0.30倍,3.37%
20260728,3274,アクシーズ,1381,東S,,"3,515",-5,-0.14%,5,8.22倍,0.85倍,3.20%
20260728,3275,エムビーエス,1401,東G,,"1,260",-10,-0.79%,5,ー倍,2.25倍,ー%
20260728,3276,上場米債ヘ無,1486,東Ｅ,,"24,350",+15,+0.06%,5,ー倍,ー倍,ー%
20260728,3277,ｉＳ先進国株,1657,東Ｅ,,"7,315",-55,-0.75%,5,ー倍,ー倍,ー%
20260728,3278,ＷＴパラジ,1675,東Ｅ,,"18,950",+60,+0.32%,5,ー倍,ー倍,ー%
20260728,3279,ＷＴ原油,1690,東Ｅ,,"2,337.5",+66.5,+2.93%,5,ー倍,ー倍,ー%
20260728,3280,明豊ファシリ,1717,東S,,944,-1,-0.11%,5,11.8倍,1.84倍,4.66%
20260728,3281,ソネック,1768,東S,,"1,076",-21,-1.91%,5,9.55倍,0.76倍,4.65%
20260728,3282,守谷商会,1798,東S,,"1,060",-40,-3.64%,5,6.81倍,0.62倍,3.58%
20260728,3283,ｎｍｓ,2162,東S,,536,0,0.00%,5,18.7倍,2.04倍,1.68%
20260728,3284,ヤマトモビＭ,7886,東S,,750,+40,+5.63%,5,72.7倍,2.18倍,ー%
20260728,3285,ナイガイ,8013,東S,,374,+4,+1.08%,5,41.7倍,0.43倍,ー%
20260728,3286,タカキュー,8166,東S,,78,-1,-1.27%,5,25.0倍,1.52倍,ー%
20260728,3287,ＩＮＥＳＴ,7111,東S,,492,0,0.00%,5,12.0倍,0.70倍,ー%
20260728,3288,フーディソン,7114,東G,,796,+28,+3.65%,5,19.7倍,1.51倍,ー%
20260728,3289,サンクゼール,2937,東G,,"1,717",-2,-0.12%,5,39.6倍,3.08倍,2.04%
20260728,3290,ＭＸＮＹダウ,2241,東Ｅ,,949.5,-1.7,-0.18%,5,ー倍,ー倍,ー%
20260728,3291,ノイル,4893,東G,,143,+1,+0.70%,5,ー倍,1.65倍,ー%
20260728,3292,北海電工,1832,札証,,"1,356",-1,-0.07%,5,8.17倍,0.75倍,1.47%
20260728,3293,南日銀,8554,福証,,"1,432",+2,+0.14%,5,7.99倍,0.30倍,3.49%
20260728,3294,農中米債７Ｈ,2090,東Ｅ,,"4,322",+5,+0.12%,5,ー倍,ー倍,ー%
20260728,3295,ＧＸホリ日Ｒ,2098,東Ｅ,,"1,012",-6,-0.59%,5,ー倍,ー倍,ー%
20260728,3296,笑美面,9237,東G,,834,+29,+3.60%,5,19.2倍,4.15倍,ー%
20260728,3297,サキガケＨＤ,5891,東S,,"1,665",+22,+1.34%,5,37.7倍,1.92倍,1.38%
20260728,3298,ロココ,5868,東S,,953,-1,-0.10%,5,8.69倍,1.23倍,4.20%
20260728,3299,マーソ,5619,東G,,877,+42,+5.03%,5,ー倍,1.58倍,ー%
20260728,3300,早稲田学習研,5869,東S,,"1,230",-1,-0.08%,5,11.9倍,1.71倍,5.28%
20260728,3301,ジンジブ,142A,東G,,772,+12,+1.58%,5,7.50倍,3.91倍,ー%
20260728,3302,ＤＭカンパニ,189A,東G,,"1,008",-6,-0.59%,5,9.46倍,1.00倍,1.98%
20260728,3303,マスカットＧ,195A,東G,,786,+5,+0.64%,5,ー倍,2.51倍,ー%
20260728,3304,ブッキングＲ,324A,東G,,699,-5,-0.71%,5,10.1倍,2.13倍,ー%
20260728,3305,アルー,7043,東G,,868,0,0.00%,5,8.98倍,1.70倍,1.27%
20260728,3306,コナカ,7494,東S,,234,-1,-0.43%,5,4.99倍,0.45倍,4.27%
20260728,3307,梅の花Ｇ,7604,東S,,902,+3,+0.33%,5,28.7倍,3.82倍,1.11%
20260728,3308,プリントＮ,7805,東S,,758,-4,-0.52%,5,9.91倍,0.82倍,1.72%
20260728,3309,プラッツ,7813,東S,,811,-15,-1.82%,5,9.97倍,0.81倍,2.96%
20260728,3310,メディシノバ,4875,東S,,216,0,0.00%,5,ー倍,ー倍,ー%
20260728,3311,イボキン,5699,東S,,"1,461",-25,-1.68%,5,9.16倍,0.92倍,2.19%
20260728,3312,駒井ハルテク,5915,東S,,"2,219",-40,-1.77%,5,67.9倍,0.29倍,3.15%
20260728,3313,ダイニチ工業,5951,東S,,"1,036",-4,-0.38%,5,14.0倍,0.57倍,2.70%
20260728,3314,ファインシン,5994,東S,,997,-21,-2.06%,5,8.53倍,0.30倍,2.51%
20260728,3315,イトクロ,6049,東G,,241,-1,-0.41%,5,15.8倍,0.53倍,ー%
20260728,3316,高松機械,6155,東S,,513,-4,-0.77%,5,41.7倍,0.34倍,1.95%
20260728,3317,Ｇキッズ,6189,東S,,"1,005",-6,-0.59%,5,14.7倍,1.20倍,3.98%
20260728,3318,バーチャレク,6193,東G,,"1,038",0,0.00%,5,11.3倍,1.81倍,1.45%
20260728,3319,川西倉,9322,東S,,"2,414",0,0.00%,5,28.5倍,0.84倍,5.47%
20260728,3320,ファイズＨＤ,9325,東S,,"1,138",-13,-1.13%,5,8.75倍,2.63倍,3.34%
20260728,3321,伊勢湾,9359,名M,,"1,005",-7,-0.69%,5,10.2倍,0.50倍,2.99%
20260728,3322,スマバ,9417,東S,,331,+1,+0.30%,5,ー倍,2.33倍,3.02%
20260728,3323,ワイヤレスＧ,9419,東S,,287,-2,-0.69%,5,12.5倍,1.87倍,ー%
20260728,3324,東洋テク,9686,東S,,"1,653",-5,-0.30%,5,13.9倍,0.75倍,4.30%
20260728,3325,両毛システム,9691,東S,,"5,150",ー,ー%,5,ー倍,1.10倍,ー%
20260728,3326,ロイヤルホ,9713,東S,,905,+1,+0.11%,5,17.3倍,0.79倍,0.66%
20260728,3327,リリカラ,9827,東S,,626,-4,-0.63%,5,11.5倍,1.00倍,5.75%
20260728,3328,マキヤ,9890,東S,,"1,341",-4,-0.30%,5,6.32倍,0.42倍,2.83%
20260728,3329,ハチバン,9950,東S,,"3,400",0,0.00%,5,107倍,2.63倍,0.59%
20260728,3330,蔵王産業,9986,東S,,"2,505",+5,+0.20%,5,18.1倍,1.04倍,3.99%
20260728,3331,日ロジテム,9060,東S,,"4,190",0,0.00%,4,8.11倍,0.34倍,1.91%
20260728,3332,タカセ,9087,東S,,"1,960",ー,ー%,4,11.9倍,0.50倍,1.79%
20260728,3333,ブティックス,9272,東G,,"1,445",-20,-1.37%,4,9.86倍,5.33倍,ー%
20260728,3334,大運,9363,東S,,520,-6,-1.14%,4,7.42倍,0.62倍,3.08%
20260728,3335,大東港運,9367,東S,,"1,880",-7,-0.37%,4,20.3倍,1.54倍,1.65%
20260728,3336,フォーバルＲ,9423,東S,,103,-1,-0.96%,4,20.0倍,3.35倍,2.91%
20260728,3337,サカイＨＤ,9446,東S,,685,-10,-1.44%,4,5.64倍,1.07倍,5.11%
20260728,3338,セゾンテク,9640,東S,,"2,079",+2,+0.10%,4,33.7倍,2.38倍,4.33%
20260728,3339,ＫＳＫ,9687,東S,,"4,560",-65,-1.41%,4,12.0倍,1.50倍,4.17%
20260728,3340,ＫＯＺＯＨＤ,9973,東S,,20,-1,-4.76%,4,111倍,10.8倍,ー%
20260728,3341,タナケン,1450,東S,,"1,394",+7,+0.50%,4,8.66倍,1.30倍,3.95%
20260728,3342,ＷＴプラチナ,1674,東Ｅ,,"23,640",-385,-1.60%,4,ー倍,ー倍,ー%
20260728,3343,グロス２５０,2042,東EN,,"7,015",-290,-3.97%,4,ー倍,ー倍,ー%
20260728,3344,ＣＤＳ,2169,東S,,"1,712",+7,+0.41%,4,17.6倍,1.32倍,4.32%
20260728,3345,リニカル,2183,東S,,207,-2,-0.96%,4,26.0倍,1.18倍,3.86%
20260728,3346,アミタＨＤ,2195,東G,,324,-3,-0.92%,4,15.7倍,1.94倍,1.54%
20260728,3347,シダー,2435,東S,,208,-2,-0.95%,4,8.98倍,1.19倍,3.85%
20260728,3348,プラップＪ,2449,東S,,"1,075",-9,-0.83%,4,9.50倍,0.86倍,3.81%
20260728,3349,シスロケ,2480,東S,,"1,709",+9,+0.53%,4,14.8倍,1.49倍,2.22%
20260728,3350,ユニカフェ,2597,東S,,"1,143",+5,+0.44%,4,29.4倍,2.13倍,ー%
20260728,3351,オルバヘルス,2689,東S,,"1,905",-21,-1.09%,4,8.55倍,0.90倍,4.20%
20260728,3352,久世,2708,東S,,"1,983",-2,-0.10%,4,6.55倍,0.95倍,2.27%
20260728,3353,ファマライズ,2796,東S,,490,-3,-0.61%,4,510倍,0.85倍,2.86%
20260728,3354,ヒラキ,3059,東S,,713,-2,-0.28%,4,34.7倍,0.58倍,2.81%
20260728,3355,白鳩,3192,東S,,296,+3,+1.02%,4,141倍,0.80倍,ー%
20260728,3356,セントラル総,3238,東S,,372,-2,-0.53%,4,8.94倍,0.35倍,3.49%
20260728,3357,トラストＨＤ,3286,東S,,864,-2,-0.23%,4,ー倍,3.15倍,2.08%
20260728,3358,アークコア,3384,名N,,754,+17,+2.31%,4,8.64倍,0.79倍,ー%
20260728,3359,デュアルＴ,3469,東S,,901,-9,-0.99%,4,78.9倍,1.53倍,1.39%
20260728,3360,パピレス,3641,東S,,961,+5,+0.52%,4,65.5倍,0.93倍,1.04%
20260728,3361,ホットリンク,3680,東G,,216,+4,+1.89%,4,37.2倍,0.84倍,2.87%
20260728,3362,ＣＲＩ,3698,東S,,"1,181",-16,-1.34%,4,13.4倍,1.48倍,2.29%
20260728,3363,メディア工房,3815,東G,,443,-1,-0.23%,4,ー倍,8.30倍,ー%
20260728,3364,データアプリ,3848,東S,,830,+1,+0.12%,4,29.7倍,1.10倍,4.22%
20260728,3365,ユビＡＩ,3858,東S,,292,-1,-0.34%,4,ー倍,1.60倍,ー%
20260728,3366,ＳＭＤ日グ株,349A,東Ｅ,,813.6,-30.6,-3.62%,4,ー倍,ー倍,ー%
20260728,3367,みのや,386A,東S,,"1,276",-8,-0.62%,4,9.60倍,1.17倍,1.93%
20260728,3368,フラー,387A,東G,,"1,020",+3,+0.29%,4,15.7倍,1.50倍,ー%
20260728,3369,防衛航空欧州,498A,東EN,,"9,384",-67,-0.71%,4,ー倍,ー倍,ー%
20260728,3370,ベーシック,519A,東G,,532,0,0.00%,4,9.41倍,2.16倍,ー%
20260728,3371,ｉＳ国債二十,573A,東Ｅ,,495.7,-0.2,-0.04%,4,ー倍,ー倍,ー%
20260728,3372,金２倍ブル,606A,東Ｅ,,"20,665",-440,-2.08%,4,ー倍,ー倍,ー%
20260728,3373,横田製,6248,東S,,"1,839",+86,+4.91%,4,11.4倍,1.09倍,3.26%
20260728,3374,カワタ,6292,東S,,822,-2,-0.24%,4,15.1倍,0.44倍,4.62%
20260728,3375,電業社,6365,東S,,"5,370",-100,-1.83%,4,8.74倍,0.73倍,3.54%
20260728,3376,ＷＡＳＨハウ,6537,東G,,305,-1,-0.33%,4,24.6倍,1.26倍,ー%
20260728,3377,ＤＭソリュ,6549,東S,,"1,163",+34,+3.01%,4,9.45倍,1.69倍,1.81%
20260728,3378,ゲームウィズ,6552,東S,,167,0,0.00%,4,ー倍,1.08倍,ー%
20260728,3379,ＡＢホテル,6565,名M,,"1,424",-4,-0.28%,4,6.41倍,1.29倍,2.04%
20260728,3380,ＯＳＧコーポ,6757,東S,,872,-4,-0.46%,4,15.2倍,1.94倍,4.59%
20260728,3381,伊豆シャボ,6819,東S,,476,-4,-0.83%,4,9.01倍,1.39倍,4.20%
20260728,3382,アクモス,6888,東S,,482,-2,-0.41%,4,14.1倍,1.42倍,5.19%
20260728,3383,Ｂ＆Ｐ,7804,東S,,"2,266",+36,+1.61%,4,10.5倍,1.36倍,3.84%
20260728,3384,スポーツＦ,7080,東G,,839,+9,+1.08%,4,7.28倍,2.32倍,2.74%
20260728,3385,ヴィス,5071,東S,,"1,421",-44,-3.00%,4,9.69倍,1.52倍,4.15%
20260728,3386,コマースワン,4496,東G,,845,-5,-0.59%,4,18.0倍,2.24倍,4.97%
20260728,3387,ｒａｋｕｍｏ,4060,東G,,"1,112",0,0.00%,4,20.4倍,3.45倍,1.26%
20260728,3388,ココペリ,4167,東G,,297,-11,-3.57%,4,45.2倍,1.55倍,ー%
20260728,3389,ＳＡＮＥＩ,6230,東S,,"2,131",-39,-1.80%,4,7.62倍,0.64倍,3.52%
20260728,3390,アイスコ,7698,東S,,"2,626",+14,+0.54%,4,21.2倍,2.49倍,0.80%
20260728,3391,プロＨＤ,9246,東G,,"1,051",+10,+0.96%,4,16.5倍,2.43倍,ー%
20260728,3392,ＴＨＥＣＯＯ,4255,東G,,"2,401",-52,-2.12%,4,20.3倍,7.55倍,ー%
20260728,3393,セキュア,4264,東G,,"1,542",-25,-1.60%,4,23.3倍,2.38倍,ー%
20260728,3394,ＧＸインフ日,2847,東Ｅ,,"2,933",-27,-0.91%,4,ー倍,ー倍,ー%
20260728,3395,アテクト,4241,東S,,630,-5,-0.79%,4,23.2倍,1.53倍,1.59%
20260728,3396,ユークス,4334,東S,,381,+3,+0.79%,4,11.5倍,1.28倍,2.62%
20260728,3397,応用技術,4356,東S,,"1,672",+32,+1.95%,4,12.2倍,1.53倍,2.39%
20260728,3398,ＢＢＳｅｃ,4398,東S,,"1,247",+9,+0.73%,4,12.0倍,2.33倍,1.28%
20260728,3399,東洋ドライ,4976,東S,,"1,280",-50,-3.76%,4,8.47倍,0.47倍,2.61%
20260728,3400,相模ゴ,5194,東S,,654,+4,+0.62%,4,118倍,0.61倍,1.53%
20260728,3401,美濃窯,5356,東S,,"1,263",-11,-0.86%,4,9.26倍,0.82倍,4.12%
20260728,3402,パウダテック,5695,東S,,"2,964",-28,-0.94%,4,26.2倍,0.68倍,3.37%
20260728,3403,滝上工,5918,東S,,"7,120",0,0.00%,4,17.3倍,0.29倍,1.40%
20260728,3404,大谷工業,5939,東S,,"4,840",-10,-0.21%,4,14.5倍,0.86倍,0.62%
20260728,3405,モリテック,5986,東S,,246,0,0.00%,4,11.0倍,0.34倍,2.44%
20260728,3406,イード,6038,東G,,827,+5,+0.61%,4,11.9倍,0.80倍,2.78%
20260728,3407,リンクバル,6046,東S,,124,-4,-3.13%,4,"2,480倍",2.85倍,ー%
20260728,3408,ＨＭＴ,6090,東S,,594,0,0.00%,4,16.1倍,1.71倍,3.03%
20260728,3409,フリークＨＤ,6094,東G,,528,-11,-2.04%,4,11.6倍,0.77倍,ー%
20260728,3410,エスティック,6161,東S,,"1,029",-4,-0.39%,4,8.41倍,0.91倍,3.01%
20260728,3411,ＧＸ自動ＥＶ,2867,東Ｅ,,"1,702",-65,-3.68%,4,ー倍,ー倍,ー%
20260728,3412,ノバシステム,5257,東S,,"2,514",-36,-1.41%,4,7.90倍,1.49倍,4.18%
20260728,3413,ｉＦＳＰ有,2248,東Ｅ,,"2,662",-33,-1.22%,4,ー倍,ー倍,ー%
20260728,3414,第一交通,9035,福証,,732,-1,-0.14%,4,10.9倍,0.55倍,3.42%
20260728,3415,オートサーバ,5589,東S,,"2,687",-33,-1.21%,4,13.0倍,1.50倍,2.49%
20260728,3416,エスネット,5867,東G,,"1,226",+43,+3.63%,4,10.5倍,2.29倍,ー%
20260728,3417,ハッチワーク,148A,東G,,"1,670",-6,-0.36%,4,14.9倍,3.09倍,ー%
20260728,3418,シンカ,149A,東G,,745,-16,-2.10%,4,ー倍,2.52倍,ー%
20260728,3419,ダイブＧ,151A,東G,,642,0,0.00%,4,9.99倍,2.00倍,ー%
20260728,3420,ウィルスマ,175A,東G,,605,+5,+0.83%,4,32.6倍,-26倍,ー%
20260728,3421,ＧＸ印１０＋,188A,東Ｅ,,893,+10,+1.13%,4,ー倍,ー倍,ー%
20260728,3422,ＲＯＸＸ,241A,東G,,399,-3,-0.75%,4,"2,850倍",2.08倍,ー%
20260728,3423,グロースｘＰ,244A,東G,,"1,180",+31,+2.70%,4,14.6倍,1.06倍,ー%
20260728,3424,高配当成長,345A,東EN,,"15,890",+15,+0.09%,4,ー倍,ー倍,ー%
20260728,3425,エステール,7872,東S,,608,0,0.00%,4,14.8倍,0.55倍,4.44%
20260728,3426,ウッドワン,7898,東S,,895,0,0.00%,4,20.8倍,0.19倍,2.68%
20260728,3427,旭化学,7928,東S,,633,+4,+0.64%,4,38.5倍,0.34倍,1.58%
20260728,3428,セーラー,7992,東S,,102,0,0.00%,4,ー倍,2.82倍,ー%
20260728,3429,デンキョーＧ,8144,東S,,"1,273",-5,-0.39%,4,12.9倍,0.29倍,3.14%
20260728,3430,テンアライド,8207,東S,,293,0,0.00%,4,244倍,9.96倍,ー%
20260728,3431,アジア投資,8518,東S,,128,-2,-1.54%,4,ー倍,0.47倍,ー%
20260728,3432,センチュ２１,8898,東S,,"1,128",-2,-0.18%,4,14.0倍,1.66倍,4.70%
20260728,3433,アンファク,7035,東S,,243,0,0.00%,4,ー倍,3.23倍,ー%
20260728,3434,Ｆインタ,7050,東G,,"1,379",+4,+0.29%,4,9.50倍,1.26倍,5.29%
20260728,3435,ＴＢＫ,7277,東S,,328,-3,-0.91%,4,17.4倍,0.33倍,2.44%
20260728,3436,鳥羽洋行,7472,東S,,"3,940",-30,-0.76%,4,12.4倍,0.71倍,3.05%
20260728,3437,尾家産,7481,東S,,"2,531",-24,-0.94%,4,7.35倍,1.24倍,4.11%
20260728,3438,小津産業,7487,東S,,"1,777",-4,-0.22%,4,34.0倍,0.78倍,1.52%
20260728,3439,日新商,7490,東S,,"2,191",+1,+0.05%,4,ー倍,0.56倍,ー%
20260728,3440,ポプラ,7601,東S,,166,0,0.00%,4,11.9倍,13.9倍,ー%
20260728,3441,グラファイト,7847,東S,,642,+2,+0.31%,4,20.0倍,0.82倍,4.67%
20260728,3442,ソフィア,6942,東S,,"1,372",+3,+0.22%,3,909倍,2.12倍,ー%
20260728,3443,サンコー,6964,東S,,682,-3,-0.44%,3,10.8倍,0.37倍,2.93%
20260728,3444,ＴＤＳＥ,7046,東G,,"1,260",-21,-1.64%,3,31.5倍,1.13倍,0.79%
20260728,3445,ギークス,7060,東S,,617,-1,-0.16%,3,9.95倍,2.06倍,5.19%
20260728,3446,ピアズ,7066,東G,,434,+1,+0.23%,3,14.5倍,1.36倍,ー%
20260728,3447,ＭＵＲＯ,7264,東S,,"1,363",-27,-1.94%,3,6.79倍,0.36倍,3.45%
20260728,3448,エイケン工業,7265,東S,,"3,850",-10,-0.26%,3,13.2倍,0.65倍,2.86%
20260728,3449,小田原機器,7314,東S,,"1,251",+1,+0.08%,3,47.5倍,0.99倍,3.20%
20260728,3450,アイリック,7325,東G,,683,-7,-1.01%,3,11.0倍,1.47倍,4.69%
20260728,3451,初穂商事,7425,東S,,"1,171",-44,-3.62%,3,8.80倍,0.77倍,3.42%
20260728,3452,エコーＴＤ,7427,東S,,824,+1,+0.12%,3,6.66倍,0.42倍,3.64%
20260728,3453,オータケ,7434,東S,,"1,800",0,0.00%,3,8.27倍,0.42倍,2.22%
20260728,3454,東北化学,7446,東S,,"4,970",0,0.00%,3,10.4倍,0.53倍,2.11%
20260728,3455,ヤガミ,7488,名M,,"4,875",-20,-0.41%,3,17.4倍,1.84倍,5.74%
20260728,3456,ヒマラヤ,7514,東S,,873,0,0.00%,3,33.4倍,0.67倍,2.98%
20260728,3457,スリーエフ,7544,東S,,564,+3,+0.53%,3,14.2倍,1.02倍,3.19%
20260728,3458,ＮａＩＴＯ,7624,東S,,140,-1,-0.71%,3,28.4倍,0.58倍,2.86%
20260728,3459,オーウエル,7670,東S,,"1,065",-1,-0.09%,3,6.70倍,0.47倍,4.23%
20260728,3460,東京ボード,7815,東S,,329,-8,-2.37%,3,ー倍,1.40倍,ー%
20260728,3461,アビックス,7836,東S,,80,0,0.00%,3,16.2倍,1.43倍,ー%
20260728,3462,カワセコンピ,7851,福証,,190,0,0.00%,3,28.9倍,0.35倍,ー%
20260728,3463,ヤマザワ,9993,東S,,"1,181",+2,+0.17%,3,27.0倍,0.45倍,2.29%
20260728,3464,ブランドＴ,7067,東G,,"1,005",0,0.00%,3,24.5倍,1.26倍,1.00%
20260728,3465,ユナイト,4486,東G,,647,0,0.00%,3,10.6倍,2.23倍,2.47%
20260728,3466,カイゼン,4170,東G,,116,-3,-2.52%,3,99.2倍,0.67倍,ー%
20260728,3467,交換できる,7695,東G,,723,-4,-0.55%,3,21.6倍,2.64倍,ー%
20260728,3468,メイホーＨＤ,7369,東G,,379,+4,+1.07%,3,ー倍,0.73倍,ー%
20260728,3469,テンダ,4198,東S,,490,-4,-0.81%,3,40.7倍,1.26倍,4.49%
20260728,3470,ブルーミーム,4069,東G,,666,-10,-1.48%,3,26.8倍,0.88倍,ー%
20260728,3471,デリバリコン,9240,東G,,397,-6,-1.49%,3,14.8倍,1.54倍,ー%
20260728,3472,メディア総研,9242,東G,,"2,020",-7,-0.35%,3,10.2倍,1.41倍,1.24%
20260728,3473,一家ＨＤ,7127,東S,,699,0,0.00%,3,22.4倍,5.21倍,ー%
20260728,3474,ブロードＥ,4415,東G,,"1,301",-21,-1.59%,3,12.3倍,4.31倍,1.63%
20260728,3475,ｉＳジニメＨ,2649,東Ｅ,,577.6,-0.4,-0.07%,3,ー倍,ー倍,ー%
20260728,3476,ペットゴー,7140,東G,,801,-5,-0.62%,3,21.7倍,1.76倍,ー%
20260728,3477,ＡＳＪ,2351,東S,,321,-13,-3.89%,3,25.0倍,0.86倍,0.93%
20260728,3478,ブラス,2424,東S,,631,+1,+0.16%,3,10.7倍,0.77倍,1.27%
20260728,3479,アオバＢＢＴ,2464,東S,,329,-2,-0.60%,3,10.6倍,0.89倍,3.34%
20260728,3480,マルサンアイ,2551,名M,,"3,560",-5,-0.14%,3,9.77倍,1.07倍,0.84%
20260728,3481,アスモ,2654,東S,,402,+1,+0.25%,3,13.8倍,0.78倍,2.49%
20260728,3482,魚喜,2683,東S,,"1,013",+5,+0.50%,3,85.2倍,2.83倍,0.99%
20260728,3483,フェスタリア,2736,東S,,670,-6,-0.89%,3,15.0倍,1.43倍,1.04%
20260728,3484,ヴィレッジＶ,2769,東S,,890,+5,+0.56%,3,"1,156倍",8.33倍,ー%
20260728,3485,ナフコ,2790,東S,,"2,222",-6,-0.27%,3,43.0倍,0.36倍,2.61%
20260728,3486,シノブフズ,2903,東S,,"1,711",-4,-0.23%,3,10.7倍,1.21倍,1.99%
20260728,3487,仙波糖化,2916,東S,,746,+2,+0.27%,3,11.9倍,0.67倍,2.01%
20260728,3488,バナーズ,3011,東S,,144,-1,-0.69%,3,9.03倍,0.80倍,3.47%
20260728,3489,ビューテＨＤ,3041,東S,,411,-3,-0.72%,3,ー倍,3.27倍,ー%
20260728,3490,セキュアヴェ,3042,東S,,296,-2,-0.67%,3,24.0倍,1.78倍,1.01%
20260728,3491,ファンデリー,3137,東S,,216,0,0.00%,3,21.9倍,9.31倍,ー%
20260728,3492,オーウイル,3143,東S,,690,+4,+0.58%,3,8.94倍,1.06倍,3.19%
20260728,3493,大光,3160,東S,,580,-1,-0.17%,3,20.7倍,1.33倍,2.59%
20260728,3494,ＯＣＨＩＨＤ,3166,東S,,"1,423",+2,+0.14%,3,14.2倍,0.75倍,3.87%
20260728,3495,ミサワ,3169,東S,,648,+2,+0.31%,3,26.8倍,1.46倍,1.23%
20260728,3496,エイシアンＳ,8946,東S,,76,0,0.00%,3,16.9倍,0.90倍,ー%
20260728,3497,広電鉄,9033,東S,,624,+2,+0.32%,3,19.0倍,0.43倍,1.28%
20260728,3498,遠州トラック,9057,東S,,"3,185",0,0.00%,3,11.3倍,0.96倍,3.01%
20260728,3499,日石輸,9074,東S,,"5,430",-10,-0.18%,3,ー倍,0.60倍,2.21%
20260728,3500,ＳＦＪ,9206,東S,,"1,926",-18,-0.93%,3,24.6倍,-3.3倍,ー%
20260728,3501,トレーディア,9365,東S,,"1,652",+3,+0.18%,3,6.92倍,0.41倍,3.03%
20260728,3502,サンリツ,9366,東S,,"1,020",-19,-1.83%,3,8.26倍,0.48倍,3.73%
20260728,3503,北陸ガス,9537,東S,,"4,340",0,0.00%,3,11.1倍,0.38倍,1.84%
20260728,3504,中日興,9643,名M,,"10,910",ー,ー%,3,116倍,1.61倍,0.55%
20260728,3505,進学会ＨＤ,9760,東S,,119,-1,-0.83%,3,66.1倍,0.27倍,ー%
20260728,3506,東海リース,9761,東S,,"2,370",+22,+0.94%,3,9.33倍,0.47倍,5.06%
20260728,3507,ビステム,9780,東S,,927,-1,-0.11%,3,8.26倍,0.83倍,3.88%
20260728,3508,ジェネックス,9820,東S,,"3,670",-70,-1.87%,3,9.27倍,0.90倍,1.09%
20260728,3509,天満屋ス,9846,東S,,"1,003",+1,+0.10%,3,8.24倍,0.41倍,1.99%
20260728,3510,英和,9857,東S,,"2,485",-11,-0.44%,3,8.50倍,0.83倍,3.86%
20260728,3511,北恵,9872,東S,,937,+4,+0.43%,3,15.5倍,0.62倍,2.99%
20260728,3512,コックス,9876,東S,,231,-2,-0.86%,3,5.91倍,0.61倍,ー%
20260728,3513,Ｊ４百ベア２,1469,東Ｅ,,197.6,+9.1,+4.83%,3,ー倍,ー倍,ー%
20260728,3514,上場ＭＳエマ,1681,東Ｅ,,"3,250",-109,-3.25%,3,ー倍,ー倍,ー%
20260728,3515,ＷＴ商品総合,1684,東Ｅ,,"2,520.0",-180.0,-6.67%,3,ー倍,ー倍,ー%
20260728,3516,ＷＴアグリ,1687,東Ｅ,,"1,070.0",-15.0,-1.38%,3,ー倍,ー倍,ー%
20260728,3517,大本組,1793,東S,,"2,052",+7,+0.34%,3,19.3倍,0.76倍,3.61%
20260728,3518,サニーサイド,2180,東S,,"1,307",-1,-0.08%,3,15.1倍,3.36倍,0.84%
20260728,3519,ソーバル,2186,東S,,915,-1,-0.11%,3,17.1倍,1.60倍,3.61%
20260728,3520,不二精機,6400,東S,,261,-1,-0.38%,3,7.31倍,0.53倍,2.68%
20260728,3521,ヨシタケ,6488,東S,,980,0,0.00%,3,8.97倍,0.68倍,3.67%
20260728,3522,ハマイ,6497,東S,,"1,360",-5,-0.37%,3,9.31倍,0.52倍,3.31%
20260728,3523,日宣,6543,東S,,"1,179",-16,-1.34%,3,13.9倍,1.15倍,2.80%
20260728,3524,みらいＷＫＳ,6563,東G,,503,-5,-0.98%,3,7.32倍,1.72倍,ー%
20260728,3525,ログリー,6579,東G,,346,-8,-2.26%,3,ー倍,3.17倍,ー%
20260728,3526,森尾電,6647,東S,,"2,700",-50,-1.82%,3,11.9倍,0.59倍,2.22%
20260728,3527,パルステック,6894,東S,,"2,110",-13,-0.61%,3,9.62倍,0.72倍,4.27%
20260728,3528,ありがとうＳ,3177,東S,,"4,040",-45,-1.10%,3,7.58倍,1.05倍,3.34%
20260728,3529,ダイトウボウ,3202,東S,,128,+1,+0.79%,3,31.8倍,0.76倍,2.34%
20260728,3530,トーア紡,3204,東S,,504,-1,-0.20%,3,8.46倍,0.31倍,2.98%
20260728,3531,北紡,3409,東S,,93,0,0.00%,3,148倍,1.92倍,ー%
20260728,3532,フォーライフ,3477,東G,,865,-4,-0.46%,3,5.32倍,0.79倍,3.76%
20260728,3533,アズ企画設計,3490,東S,,"3,080",+30,+0.98%,3,8.82倍,1.11倍,0.97%
20260728,3534,Ｕ＆Ｃ,3557,東G,,546,-1,-0.18%,3,"1,365倍",5.51倍,ー%
20260728,3535,ボルテージ,3639,東S,,228,-3,-1.30%,3,ー倍,0.68倍,ー%
20260728,3536,ＧＭＯ－ＰＰ,3695,東G,,"1,450",-2,-0.14%,3,16.9倍,2.67倍,4.43%
20260728,3537,ガイアックス,3775,名N,,451,+11,+2.50%,3,12.8倍,1.77倍,1.11%
20260728,3538,イメージ情報,3803,東G,,500,-4,-0.79%,3,ー倍,2.63倍,ー%
20260728,3539,ＯＫＷＥＢ,3808,名N,,28,0,0.00%,3,ー倍,3.39倍,ー%
20260728,3540,ネクスジェン,3842,東S,,995,+4,+0.40%,3,11.0倍,1.28倍,3.02%
20260728,3541,ジグザグ,340A,東G,,309,0,0.00%,3,17.5倍,1.74倍,ー%
20260728,3542,ｉＦ英１００,363A,東Ｅ,,"2,806",-8,-0.28%,3,ー倍,ー倍,ー%
20260728,3543,ＳＳ米高配,451A,東Ｅ,,311.8,+1.9,+0.61%,3,ー倍,ー倍,ー%
20260728,3544,ＧＸ銀ビジ,579A,東Ｅ,,863,-18,-2.04%,3,ー倍,ー倍,ー%
20260728,3545,ノダ,7879,東S,,646,0,0.00%,3,47.3倍,0.28倍,4.64%
20260728,3546,興研,7963,東S,,"1,785",-20,-1.11%,3,10.4倍,0.63倍,1.96%
20260728,3547,ヤマトインタ,8127,東S,,591,-4,-0.67%,3,60.2倍,0.69倍,2.37%
20260728,3548,ゼット,8135,東S,,430,-11,-2.49%,3,10.1倍,0.55倍,4.19%
20260728,3549,東天紅,8181,東S,,"1,024",+14,+1.39%,3,5.78倍,0.35倍,1.46%
20260728,3550,ヤマナカ,8190,名M,,520,-2,-0.38%,3,28.3倍,0.55倍,1.92%
20260728,3551,マルイチ,8228,名M,,"1,124",+4,+0.36%,3,12.4倍,0.86倍,2.49%
20260728,3552,小林洋行,8742,東S,,551,+1,+0.18%,3,ー倍,0.64倍,ー%
20260728,3553,アサックス,8772,東S,,833,-6,-0.72%,3,6.67倍,0.52倍,2.64%
20260728,3554,ＡＭＧＨＤ,8891,東S,,"2,109",+4,+0.19%,3,8.86倍,0.49倍,3.79%
20260728,3555,毎コムネット,8908,東S,,872,-3,-0.34%,3,7.86倍,1.07倍,4.47%
20260728,3556,朝日ラバー,5162,東S,,800,+4,+0.50%,3,42.2倍,0.71倍,3.00%
20260728,3557,ノザワ,5237,東S,,"1,267",-3,-0.24%,3,9.68倍,0.69倍,3.39%
20260728,3558,報国マテリア,5542,東S,,785,-15,-1.88%,3,10.6倍,0.91倍,3.18%
20260728,3559,洋シヤタ,5936,東S,,912,-3,-0.33%,3,7.22倍,0.55倍,4.71%
20260728,3560,ＴＯＮＥ,5967,東S,,477,+4,+0.85%,3,9.83倍,0.85倍,2.73%
20260728,3561,兼房,5984,東S,,736,-2,-0.27%,3,11.4倍,0.33倍,3.13%
20260728,3562,リブセンス,6054,東S,,113,+2,+1.80%,3,ー倍,0.76倍,ー%
20260728,3563,ウチヤマＨＤ,6059,東S,,345,-3,-0.86%,3,22.9倍,0.47倍,2.90%
20260728,3564,タケダ機械,6150,東S,,"2,781",-1,-0.04%,3,9.83倍,0.47倍,2.88%
20260728,3565,ＧＭＯメディ,6180,東G,,"3,780",+45,+1.20%,3,11.7倍,2.37倍,5.56%
20260728,3566,古林紙,3944,東S,,"2,651",+50,+1.92%,3,11.9倍,0.29倍,1.89%
20260728,3567,イノベーショ,3970,東S,,790,-16,-1.99%,3,85.0倍,0.73倍,5.06%
20260728,3568,チタン,4098,東S,,"1,029",-17,-1.63%,3,14.6倍,0.58倍,1.17%
20260728,3569,ビーマップ,4316,東G,,94,-1,-1.05%,3,8.37倍,0.89倍,ー%
20260728,3570,レイ,4317,東S,,499,-2,-0.40%,3,8.04倍,0.84倍,3.01%
20260728,3571,ＳＩＧＧ,4386,東S,,841,-2,-0.24%,3,9.54倍,1.71倍,3.92%
20260728,3572,エーアイ,4388,東S,,355,0,0.00%,3,36.0倍,0.97倍,ー%
20260728,3573,東邦化,4409,東S,,734,-2,-0.27%,3,ー倍,0.64倍,ー%
20260728,3574,シノプス,4428,東G,,748,+3,+0.40%,3,17.0倍,2.48倍,2.27%
20260728,3575,仁丹,4524,東S,,"2,198",+1,+0.05%,3,17.0倍,0.70倍,2.96%
20260728,3576,ナトコ,4627,東S,,"1,755",-10,-0.57%,3,13.3倍,0.53倍,3.08%
20260728,3577,オリジナル設,4642,東S,,"1,402",-18,-1.27%,3,14.0倍,1.03倍,2.85%
20260728,3578,キタック,4707,東S,,328,+1,+0.31%,3,10.8倍,0.49倍,2.13%
20260728,3579,ＡＬＰＨＡ,4760,東S,,"1,595",+25,+1.59%,3,9.87倍,0.93倍,4.39%
20260728,3580,リンカーズ,5131,東G,,116,+2,+1.75%,3,ー倍,2.41倍,ー%
20260728,3581,ＰＯＰＥＲ,5134,東G,,529,0,0.00%,3,37.3倍,2.31倍,ー%
20260728,3582,日糧パン,2218,札証,,"2,146",+1,+0.05%,3,37.4倍,0.81倍,0.70%
20260728,3583,ほくたけ,3055,札証,,959,+21,+2.24%,3,17.1倍,0.30倍,2.09%
20260728,3584,アメイズ,6076,福証,,"1,242",-8,-0.64%,3,7.57倍,0.96倍,2.82%
20260728,3585,豊和銀,8559,福証,,481,+4,+0.84%,3,6.83倍,0.52倍,2.08%
20260728,3586,中バス,9085,札証,,"5,550",-220,-3.81%,3,12.1倍,0.44倍,ー%
20260728,3587,政策保有解消,2081,東Ｅ,,"2,199",+8,+0.37%,3,ー倍,ー倍,ー%
20260728,3588,ＧＸオフ日Ｒ,2096,東Ｅ,,"1,067",-3,-0.28%,3,ー倍,ー倍,ー%
20260728,3589,エルイズビー,145A,東G,,854,-23,-2.62%,3,24.4倍,2.30倍,ー%
20260728,3590,Ｍ米債長ヘ無,182A,東Ｅ,,513.8,+0.3,+0.06%,3,ー倍,ー倍,ー%
20260728,3591,パパネッツ,9388,福Ｑ,,"1,665",-15,-0.89%,3,7.53倍,1.47倍,3.00%
20260728,3592,ＧＸ日カバコ,2858,東Ｅ,,"1,450",-19,-1.29%,2,ー倍,ー倍,ー%
20260728,3593,エアクロ,9557,東G,,186,-1,-0.53%,2,ー倍,5.46倍,ー%
20260728,3594,野村欧州株Ｈ,2859,東Ｅ,,"3,155",-34,-1.07%,2,ー倍,ー倍,ー%
20260728,3595,ファインズ,5125,東G,,485,+1,+0.21%,2,26.8倍,1.00倍,ー%
20260728,3596,グラッドＣ,9561,東G,,399,-5,-1.24%,2,120倍,4.45倍,ー%
20260728,3597,ポーターズ,5126,東G,,"1,609",+40,+2.55%,2,12.4倍,1.81倍,ー%
20260728,3598,ＰＢシステム,4447,東G,,469,-3,-0.64%,2,16.6倍,2.54倍,4.26%
20260728,3599,アソインター,9340,東S,,715,-3,-0.42%,2,14.0倍,2.29倍,3.64%
20260728,3600,ジェノバ,5570,東G,,616,0,0.00%,2,15.0倍,2.31倍,1.14%
20260728,3601,エリッツＨＤ,5533,東S,,"1,983",-41,-2.03%,2,9.72倍,1.26倍,3.53%
20260728,3602,プロディ,5580,東G,,"1,619",-42,-2.53%,2,16.9倍,2.82倍,ー%
20260728,3603,ブリーチ,9162,東G,,232,-4,-1.69%,2,ー倍,0.64倍,ー%
20260728,3604,ヒガシマル,2058,福証,,979,-21,-2.10%,2,29.2倍,0.87倍,1.23%
20260728,3605,トラックワン,3047,福Ｑ,,"1,030",-160,-13.45%,2,11.2倍,1.50倍,1.07%
20260728,3606,筑邦銀,8398,福証,,"2,118",-32,-1.49%,2,7.98倍,0.34倍,2.83%
20260728,3607,宮崎太銀,8560,福証,,"2,410",-16,-0.66%,2,8.72倍,0.31倍,2.07%
20260728,3608,ＲＫＢＨＤ,9407,福証,,"5,820",ー,ー%,2,14.0倍,0.30倍,1.46%
20260728,3609,ウェリタス,130A,東G,,410,-3,-0.73%,2,ー倍,1.74倍,ー%
20260728,3610,ココリブ,137A,東G,,682,-26,-3.67%,2,16.1倍,1.93倍,ー%
20260728,3611,光フードＳ,138A,東G,,"2,950",-19,-0.64%,2,23.0倍,2.08倍,1.63%
20260728,3612,ＭＦＳ,196A,東G,,274,0,0.00%,2,18.6倍,1.08倍,ー%
20260728,3613,ｉＳ国債７,236A,東Ｅ,,441.1,+0.8,+0.18%,2,ー倍,ー倍,ー%
20260728,3614,ＳＭＴ厳選投,257A,東Ｅ,,"3,300",-115,-3.37%,2,ー倍,ー倍,ー%
20260728,3615,キッズスター,248A,東G,,845,+26,+3.17%,2,31.2倍,0.93倍,ー%
20260728,3616,ケイ・ウノ,259A,名N,,"1,700",+25,+1.49%,2,23.0倍,1.34倍,ー%
20260728,3617,ラクサス,288A,東G,,93,-2,-2.11%,2,15.9倍,0.78倍,ー%
20260728,3618,ｖｉｓｕｍｏ,303A,東G,,583,-6,-1.02%,2,56.9倍,1.74倍,ー%
20260728,3619,ミライロ,335A,東G,,334,-2,-0.60%,2,27.3倍,4.08倍,ー%
20260728,3620,コーセーＲＥ,3246,東S,,662,+3,+0.46%,2,15.3倍,0.65倍,3.63%
20260728,3621,グラン,3261,東G,,401,+2,+0.50%,2,20.6倍,0.63倍,3.74%
20260728,3622,アズマハウス,3293,東S,,767,-1,-0.13%,2,9.69倍,0.36倍,4.56%
20260728,3623,バッファロー,3352,東S,,"1,745",-24,-1.36%,2,8.43倍,0.63倍,4.01%
20260728,3624,トーエル,3361,東S,,873,-10,-1.13%,2,12.2倍,0.73倍,2.63%
20260728,3625,アートＧ,3419,名N,,"1,986",+3,+0.15%,2,776倍,4.28倍,ー%
20260728,3626,アトムリビン,3426,東S,,"1,298",ー,ー%,2,19.2倍,0.49倍,2.43%
20260728,3627,パルマ,3461,東S,,592,-4,-0.67%,2,19.1倍,1.67倍,2.20%
20260728,3628,イチカワ,3513,東S,,"3,385",+5,+0.15%,2,15.8倍,0.59倍,2.95%
20260728,3629,テルマー湯,3521,東S,,151,-1,-0.66%,2,22.2倍,0.81倍,3.31%
20260728,3630,ソトー,3571,東S,,714,+3,+0.42%,2,ー倍,0.58倍,5.60%
20260728,3631,ネットイヤー,3622,東S,,518,-1,-0.19%,2,14.9倍,1.31倍,1.35%
20260728,3632,データＨＲ,3628,東G,,612,+6,+0.99%,2,29.9倍,18.5倍,ー%
20260728,3633,ソケッツ,3634,東S,,575,-10,-1.71%,2,25.1倍,2.37倍,1.04%
20260728,3634,駅探,3646,東S,,336,-2,-0.59%,2,ー倍,1.31倍,2.38%
20260728,3635,イルグルム,3690,東S,,535,+1,+0.19%,2,16.9倍,1.79倍,1.50%
20260728,3636,リスモン,3768,東S,,565,-6,-1.05%,2,17.7倍,0.72倍,2.92%
20260728,3637,いい生活,3796,東S,,298,-1,-0.33%,2,21.1倍,2.07倍,1.01%
20260728,3638,ＯＤＫ,3839,東S,,640,0,0.00%,2,17.5倍,0.82倍,1.56%
20260728,3639,一パン,2215,東S,,600,0,0.00%,2,23.1倍,0.48倍,ー%
20260728,3640,滝沢ハム,2293,東S,,"2,720",-5,-0.18%,2,69.8倍,1.67倍,0.74%
20260728,3641,きょくとう,2300,東S,,500,-4,-0.79%,2,21.9倍,1.04倍,2.20%
20260728,3642,アルバイトＴ,2341,東S,,167,-1,-0.60%,2,22.0倍,1.08倍,2.99%
20260728,3643,ケア２１,2373,東S,,403,-1,-0.25%,2,109倍,1.31倍,4.22%
20260728,3644,ＣＶＳベイ,2687,東S,,496,+2,+0.40%,2,9.99倍,0.77倍,4.03%
20260728,3645,北雄ラッキー,2747,東S,,"3,135",+40,+1.29%,2,20.9倍,0.68倍,1.59%
20260728,3646,ＳＡＮＫＯ,2762,東S,,83,-1,-1.19%,2,ー倍,18.4倍,ー%
20260728,3647,パレモ・ＨＤ,2778,東S,,108,-1,-0.92%,2,12.8倍,0.83倍,ー%
20260728,3648,ユタカフーズ,2806,東S,,"1,890",0,0.00%,2,123倍,0.57倍,2.12%
20260728,3649,ピエトロ,2818,東S,,"1,748",-12,-0.68%,2,ー倍,1.95倍,1.37%
20260728,3650,日東ベスト,2877,東S,,742,+2,+0.27%,2,22.4倍,0.54倍,1.62%
20260728,3651,石井食,2894,東S,,331,-3,-0.90%,2,78.8倍,1.45倍,1.21%
20260728,3652,一正蒲鉾,2904,東S,,759,0,0.00%,2,18.5倍,0.91倍,1.84%
20260728,3653,あじかん,2907,東S,,"1,518",0,0.00%,2,9.88倍,0.62倍,3.82%
20260728,3654,旭松食品,2911,東S,,"2,270",+4,+0.18%,2,27.7倍,0.49倍,1.54%
20260728,3655,ゴルフ・ドゥ,3032,名N,,318,-3,-0.93%,2,22.1倍,1.87倍,0.94%
20260728,3656,ＪＢイレブン,3066,名M,,620,0,0.00%,2,277倍,2.91倍,0.40%
20260728,3657,東京一番,3067,東S,,452,-1,-0.22%,2,35.1倍,2.14倍,ー%
20260728,3658,ジェーソン,3080,東S,,773,-2,-0.26%,2,66.0倍,1.69倍,1.68%
20260728,3659,ＮＫＫ,6943,東S,,"4,990",0,0.00%,2,21.7倍,0.30倍,2.00%
20260728,3660,ＥＭネットＪ,7036,東G,,643,+10,+1.58%,2,18.3倍,2.96倍,ー%
20260728,3661,テノ．ＨＤ,7037,東S,,866,+2,+0.23%,2,13.6倍,2.13倍,1.15%
20260728,3662,ピアラ,7044,東S,,485,-1,-0.21%,2,16.0倍,5.42倍,ー%
20260728,3663,あんしん保証,7183,東S,,254,0,0.00%,2,ー倍,1.70倍,ー%
20260728,3664,カネミツ,7208,東S,,"1,316",-9,-0.68%,2,9.90倍,0.54倍,3.12%
20260728,3665,ＧＭＢ,7214,東S,,"1,014",-6,-0.59%,2,5.42倍,0.24倍,4.64%
20260728,3666,田中精密,7218,東S,,"1,037",-10,-0.96%,2,6.01倍,0.35倍,3.28%
20260728,3667,アスカ,7227,名M,,"1,850",+40,+2.21%,2,6.81倍,0.66倍,2.92%
20260728,3668,デイトナ,7228,東S,,"3,840",-30,-0.78%,2,7.72倍,1.00倍,3.91%
20260728,3669,創健社,7413,東S,,"2,558",-9,-0.35%,2,89.5倍,1.51倍,0.78%
20260728,3670,中山福,7442,東S,,494,-2,-0.40%,2,15.6倍,0.39倍,2.43%
20260728,3671,ムラキ,7477,東S,,"1,718",+58,+3.49%,2,ー倍,0.89倍,ー%
20260728,3672,ニチリョク,7578,東S,,69,0,0.00%,2,10.4倍,0.44倍,ー%
20260728,3673,田中商事,7619,東S,,918,+4,+0.44%,2,6.49倍,0.48倍,3.38%
20260728,3674,トップカルチ,7640,東S,,175,+3,+1.74%,2,ー倍,-4.0倍,ー%
20260728,3675,ダイイチ,7643,東S,,"1,708",+4,+0.23%,2,16.0倍,1.08倍,2.34%
20260728,3676,クレステック,7812,東S,,"2,190",+1,+0.05%,2,6.29倍,0.68倍,4.75%
20260728,3677,オービス,7827,東S,,"1,635",+10,+0.62%,2,8.23倍,0.52倍,3.79%
20260728,3678,ウイルコＨＤ,7831,東S,,69,+1,+1.47%,2,35.8倍,0.56倍,2.90%
20260728,3679,アイフィス,7833,東S,,638,-3,-0.47%,2,10.8倍,1.05倍,4.70%
20260728,3680,リビンＴ,4445,東G,,"1,760",+10,+0.57%,2,32.3倍,2.82倍,ー%
20260728,3681,インテＭ,7072,東G,,"1,018",-9,-0.88%,2,17.3倍,1.96倍,ー%
20260728,3682,名南Ｍ＆Ａ,7076,名M,,"1,027",0,0.00%,2,23.8倍,1.92倍,0.84%
20260728,3683,ひとまいる,7686,東S,,422,0,0.00%,2,19.0倍,2.47倍,4.74%
20260728,3684,ＷＤＢココ,7079,東G,,"2,610",ー,ー%,2,9.23倍,1.31倍,3.83%
20260728,3685,ウイルテック,7087,東S,,"1,350",-5,-0.37%,2,9.28倍,0.99倍,3.19%
20260728,3686,Ｃマネージ,4491,東S,,"3,140",+5,+0.16%,2,12.5倍,1.54倍,1.91%
20260728,3687,エブレン,6599,東S,,"2,904",-93,-3.10%,2,11.0倍,0.86倍,2.00%
20260728,3688,Ｋラーニング,7353,東G,,568,-4,-0.70%,2,11.8倍,2.74倍,ー%
20260728,3689,日本情報Ｃ,4054,東G,,581,+2,+0.35%,2,11.0倍,2.00倍,2.07%
20260728,3690,ミット,4016,東S,,941,-3,-0.32%,2,11.0倍,2.61倍,3.19%
20260728,3691,かっこ,4166,東G,,656,-7,-1.06%,2,ー倍,2.73倍,ー%
20260728,3692,インバウＴ,7031,東G,,751,ー,ー%,2,ー倍,1.53倍,ー%
20260728,3693,いつも,7694,東G,,414,-8,-1.90%,2,13.1倍,0.97倍,ー%
20260728,3694,グローバルＩ,4171,東S,,"1,667",+2,+0.12%,2,24.4倍,1.94倍,ー%
20260728,3695,Ｈｉクラテス,4172,東S,,"2,244",+30,+1.36%,2,11.1倍,1.15倍,3.92%
20260728,3696,イーロジット,9327,東S,,185,-4,-2.12%,2,370倍,1.45倍,ー%
20260728,3697,セルム,7367,東S,,333,-9,-2.63%,2,11.8倍,2.39倍,4.65%
20260728,3698,Ｅｎｊｉｎ,7370,東G,,710,-3,-0.42%,2,24.6倍,1.09倍,5.63%
20260728,3699,ＧＸバイ日株,2639,東Ｅ,,"1,694",-3,-0.18%,2,ー倍,ー倍,ー%
20260728,3700,ベイシス,4068,東G,,"1,649",+13,+0.79%,2,23.7倍,1.42倍,ー%
20260728,3701,ジオロケ,4018,福Ｑ,,970,-10,-1.02%,2,ー倍,2.77倍,1.03%
20260728,3702,シイエヌエス,4076,東G,,"1,806",-6,-0.33%,2,7.73倍,1.21倍,3.88%
20260728,3703,ＦＬネット,9241,東G,,"1,392",-34,-2.38%,2,41.7倍,6.10倍,ー%
20260728,3704,ユミルリンク,4372,東G,,"1,275",+22,+1.76%,2,13.4倍,1.61倍,1.57%
20260728,3705,ミアヘルサ,7129,東S,,"1,159",+4,+0.35%,2,9.02倍,0.83倍,2.59%
20260728,3706,トゥルーＤ,4416,東G,,412,-3,-0.72%,2,31.7倍,1.72倍,ー%
20260728,3707,ヒュウガプラ,7133,東G,,"1,246",+56,+4.71%,2,14.1倍,3.25倍,1.61%
20260728,3708,アップガレＧ,7134,東S,,"1,402",+4,+0.29%,2,12.2倍,2.17倍,3.03%
20260728,3709,Ｊクラフト,7135,東S,,218,-2,-0.91%,2,45.7倍,2.20倍,1.38%
20260728,3710,ＲＩ,9214,東G,,"1,260",-30,-2.33%,2,10.9倍,2.24倍,ー%
20260728,3711,上場豪債ヘ無,2844,東Ｅ,,"5,695",-6,-0.11%,2,ー倍,ー倍,ー%
20260728,3712,ＢｅｅＸ,4270,東G,,"1,803",+5,+0.28%,2,8.95倍,1.32倍,1.39%
20260728,3713,大石産業,3943,東S,,"1,275",+9,+0.71%,2,24.0倍,0.51倍,4.08%
20260728,3714,野村ダウＨ有,2846,東Ｅ,,"2,527",-21,-0.82%,2,ー倍,ー倍,ー%
20260728,3715,ギックス,9219,東G,,872,+1,+0.11%,2,ー倍,2.91倍,6.14%
20260728,3716,ＡＳＮＯＶＡ,9223,東G,,421,+1,+0.24%,2,ー倍,1.76倍,0.48%
20260728,3717,エンシュウ,6218,東S,,626,-4,-0.63%,2,15.8倍,0.37倍,1.92%
20260728,3718,タクミナ,6322,東S,,"1,607",+5,+0.31%,2,8.98倍,0.98倍,3.36%
20260728,3719,タカキタ,6325,東S,,404,-1,-0.25%,2,18.4倍,0.55倍,2.48%
20260728,3720,明治機,6334,東S,,472,-7,-1.46%,2,50.8倍,1.66倍,1.27%
20260728,3721,東自機,6360,東S,,"4,475",0,0.00%,2,13.7倍,0.62倍,2.23%
20260728,3722,クラッチ,6408,東S,,"4,155",0,0.00%,2,20.1倍,0.31倍,ー%
20260728,3723,高見サイ,6424,東S,,897,-5,-0.55%,2,7.20倍,0.57倍,2.56%
20260728,3724,ニチダイ,6467,東S,,330,0,0.00%,2,ー倍,0.28倍,1.82%
20260728,3725,ディスラプタ,6538,東S,,239,0,0.00%,2,8.10倍,1.82倍,2.09%
20260728,3726,フルテック,6546,東S,,"1,125",-6,-0.53%,2,14.9倍,0.85倍,3.02%
20260728,3727,コレックＨＤ,6578,東S,,498,-1,-0.20%,2,17.7倍,4.06倍,1.81%
20260728,3728,ＣＧＳＨＤ,6633,東S,,329,-2,-0.60%,2,14.6倍,0.95倍,3.04%
20260728,3729,ユビテック,6662,東S,,215,-1,-0.46%,2,ー倍,2.13倍,ー%
20260728,3730,ＲＶＨ,6786,東S,,48,0,0.00%,2,ー倍,1.56倍,ー%
20260728,3731,原田工業,6904,東S,,448,0,0.00%,2,15.8倍,0.69倍,2.23%
20260728,3732,岡県運送,9063,東S,,"4,050",+40,+1.00%,2,7.26倍,0.31倍,1.73%
20260728,3733,丸八倉,9313,東S,,"1,056",+2,+0.19%,2,12.6倍,0.46倍,2.65%
20260728,3734,伏木運,9361,東S,,"2,080",+10,+0.48%,2,6.26倍,0.42倍,2.40%
20260728,3735,テアトル,9633,東S,,"1,646",-3,-0.18%,2,4.13倍,0.67倍,1.82%
20260728,3736,御園座,9664,名M,,"1,505",0,0.00%,2,115倍,1.59倍,ー%
20260728,3737,ＫＹＣＯＭ,9685,東S,,575,0,0.00%,2,6.49倍,0.55倍,1.74%
20260728,3738,クレオ,9698,東S,,"1,255",+9,+0.72%,2,11.8倍,1.24倍,4.46%
20260728,3739,ビケンテクノ,9791,東S,,"1,206",-20,-1.63%,2,8.27倍,0.40倍,2.99%
20260728,3740,セキド,9878,東S,,416,-4,-0.95%,2,671倍,32.7倍,ー%
20260728,3741,藤井産業,9906,東S,,"4,110",-40,-0.96%,2,9.15倍,0.83倍,3.89%
20260728,3742,平和紙業,9929,東S,,473,+2,+0.42%,2,28.2倍,0.43倍,2.54%
20260728,3743,ヨンキュウ,9955,東S,,"2,751",0,0.00%,2,ー倍,0.83倍,ー%
20260728,3744,文教堂ＧＨＤ,9978,東S,,45,0,0.00%,2,167倍,-5.5倍,ー%
20260728,3745,野村上証５０,1309,東Ｅ,,"56,730",-450,-0.79%,2,ー倍,ー倍,ー%
20260728,3746,上場パ中国Ａ,1322,東Ｅ,,"11,750",-265,-2.21%,2,ー倍,ー倍,ー%
20260728,3747,秋川牧園,1380,東S,,998,-3,-0.30%,2,52.0倍,1.91倍,1.00%
20260728,3748,キャンディル,1446,東S,,540,+3,+0.56%,2,25.1倍,1.60倍,1.85%
20260728,3749,野村マレシア,1560,東Ｅ,,"6,730",-57,-0.84%,2,ー倍,ー倍,ー%
20260728,3750,ＷＴガソリン,1691,東Ｅ,,"14,700",+45,+0.31%,2,ー倍,ー倍,ー%
20260728,3751,シンクレイヤ,1724,東S,,680,-5,-0.73%,2,8.46倍,0.49倍,4.41%
20260728,3752,富士ＰＳ,1848,東S,,637,-6,-0.93%,2,11.1倍,0.86倍,3.92%
20260728,3753,金下建,1897,東S,,"3,085",-15,-0.48%,2,32.5倍,0.33倍,1.62%
20260728,3754,神田通機,1992,東S,,"3,080",+35,+1.15%,2,23.5倍,1.11倍,2.76%
20260728,3755,ＮＹダウベア,2041,東EN,,"1,984",+10,+0.51%,2,ー倍,ー倍,ー%
20260728,3756,日和産,2055,東S,,332,-1,-0.30%,2,20.1倍,0.32倍,1.81%
20260728,3757,シイエムシイ,2185,東S,,"1,882",+2,+0.11%,2,11.1倍,1.06倍,3.03%
20260728,3758,マイネット,3928,東S,,227,-1,-0.44%,2,7.60倍,1.57倍,ー%
20260728,3759,Ｓワイヤー,3929,東G,,260,-1,-0.38%,2,9.31倍,1.72倍,ー%
20260728,3760,ベネフィＪ,3934,東S,,"2,180",+10,+0.46%,2,11.3倍,1.48倍,4.45%
20260728,3761,ダイナパック,3947,東S,,"2,200",-3,-0.14%,2,8.60倍,0.45倍,3.64%
20260728,3762,イムラ,3955,東S,,835,+1,+0.12%,2,18.2倍,0.47倍,3.59%
20260728,3763,キャピタルＡ,3965,東S,,857,-8,-0.92%,2,10.6倍,1.27倍,2.45%
20260728,3764,うるる,3979,東G,,405,0,0.00%,2,14.3倍,3.02倍,1.06%
20260728,3765,ビーブレイク,3986,東S,,484,+4,+0.83%,2,20.1倍,1.25倍,3.10%
20260728,3766,スガイ,4120,東S,,"3,050",-60,-1.93%,2,ー倍,0.48倍,2.95%
20260728,3767,クラスター,4240,東S,,308,-7,-2.22%,2,38.1倍,1.00倍,1.62%
20260728,3768,ポバール興業,4247,東S,,"1,399",+22,+1.60%,2,12.0倍,0.61倍,3.00%
20260728,3769,ジャストプラ,4287,東S,,473,+1,+0.21%,2,11.1倍,1.43倍,2.75%
20260728,3770,山田債権,4351,東S,,850,0,0.00%,2,25.3倍,1.13倍,1.18%
20260728,3771,プロパテＤＢ,4389,東G,,"1,060",-4,-0.38%,2,12.3倍,3.32倍,3.02%
20260728,3772,ロジザード,4391,東G,,"1,169",-3,-0.26%,2,14.8倍,1.61倍,1.54%
20260728,3773,リックソフト,4429,東G,,699,-2,-0.29%,2,19.7倍,0.92倍,ー%
20260728,3774,ＧＤＨ,4437,東G,,812,-5,-0.61%,2,9.04倍,1.70倍,0.62%
20260728,3775,川上塗,4616,東S,,"2,020",+15,+0.75%,2,11.1倍,0.57倍,2.23%
20260728,3776,京進,4735,東S,,305,+5,+1.67%,2,11.7倍,0.64倍,2.56%
20260728,3777,日本ラッド,4736,東S,,582,-11,-1.85%,2,18.6倍,0.87倍,1.72%
20260728,3778,ダイサン,4750,東S,,562,-2,-0.35%,2,27.7倍,0.63倍,3.91%
20260728,3779,ピーエイ,4766,東S,,197,-1,-0.51%,2,21.2倍,4.72倍,2.64%
20260728,3780,ピープル,7865,東S,,336,+2,+0.60%,2,ー倍,0.80倍,ー%
20260728,3781,南プラ,7887,東S,,"1,540",0,0.00%,2,4.99倍,0.28倍,2.60%
20260728,3782,ソノコム,7902,東S,,"1,104",0,0.00%,2,22.5倍,0.43倍,1.18%
20260728,3783,リーガル,7938,東S,,"2,239",+8,+0.36%,2,ー倍,0.49倍,3.65%
20260728,3784,研創,7939,東S,,615,+25,+4.24%,2,10.6倍,0.69倍,3.74%
20260728,3785,キング,8118,東S,,"1,218",+17,+1.42%,2,27.7倍,0.84倍,1.48%
20260728,3786,はせがわ,8230,東S,,318,+2,+0.63%,2,10.3倍,0.45倍,4.72%
20260728,3787,大和デ,8247,東S,,299,-1,-0.33%,2,16.8倍,0.30倍,ー%
20260728,3788,エリアクエス,8912,東S,,151,0,0.00%,2,14.4倍,1.52倍,2.65%
20260728,3789,ロイブ,352A,東G,,471,-12,-2.48%,2,152倍,2.60倍,ー%
20260728,3790,リップス,373A,東G,,"1,490",0,0.00%,2,7.88倍,0.97倍,ー%
20260728,3791,フィットクル,469A,東G,,"1,440",+17,+1.19%,2,10.4倍,1.80倍,ー%
20260728,3792,野村欧州株,486A,東Ｅ,,"2,237",-27,-1.19%,2,ー倍,ー倍,ー%
20260728,3793,ＧＸＣカバコ,576A,東Ｅ,,990,-8,-0.80%,2,ー倍,ー倍,ー%
20260728,3794,ＧＸ銅ビジ,580A,東Ｅ,,917,-13,-1.40%,2,ー倍,ー倍,ー%
20260728,3795,アジュバン,4929,東S,,740,0,0.00%,2,247倍,1.41倍,1.62%
20260728,3796,クリエート,5187,東S,,"1,144",-5,-0.44%,2,12.2倍,0.56倍,4.11%
20260728,3797,トーヨアサノ,5271,東S,,"2,303",+13,+0.57%,2,10.9倍,0.78倍,3.69%
20260728,3798,ニッコー,5343,名M,,184,0,0.00%,2,ー倍,1.92倍,ー%
20260728,3799,クニミネ,5388,東S,,"1,248",+3,+0.24%,2,11.3倍,0.68倍,3.21%
20260728,3800,高砂鉄,5458,東S,,"1,245",+13,+1.06%,2,8.40倍,0.73倍,3.61%
20260728,3801,サンユウ,5697,東S,,735,-1,-0.14%,2,7.17倍,0.43倍,4.08%
20260728,3802,高田機,5923,東S,,"1,169",-4,-0.34%,2,31.1倍,0.33倍,4.28%
20260728,3803,中西製,5941,東S,,"2,664",-3,-0.11%,2,8.28倍,0.74倍,3.75%
20260728,3804,パワーファス,5950,東S,,146,+1,+0.69%,2,28.7倍,0.90倍,1.71%
20260728,3805,アマテイ,5952,東S,,188,+1,+0.53%,2,16.5倍,1.42倍,2.66%
20260728,3806,共和工業,5971,東S,,"8,150",+40,+0.49%,2,17.4倍,0.62倍,0.98%
20260728,3807,中国工,5974,東S,,858,+18,+2.14%,2,10.4倍,0.47倍,2.68%
20260728,3808,協立エアテク,5997,東S,,916,+6,+0.66%,2,9.62倍,0.45倍,2.18%
20260728,3809,ニッキ,6042,東S,,"3,920",+20,+0.51%,2,12.2倍,0.53倍,3.06%
20260728,3810,ＥＡＪ,6063,東S,,"1,000",+5,+0.50%,2,18.0倍,1.35倍,ー%
20260728,3811,ダイジェト,6138,東S,,"1,133",-29,-2.50%,2,11.2倍,0.35倍,3.09%
20260728,3812,和井田,6158,東S,,978,-1,-0.10%,2,18.2倍,0.60倍,3.89%
20260728,3813,ミクロン,6159,東S,,"1,799",-78,-4.16%,2,18.1倍,0.57倍,0.67%
20260728,3814,日本色材,4920,東S,,"1,111",+9,+0.82%,1,12.1倍,0.54倍,2.70%
20260728,3815,ハーバー研,4925,東S,,"1,748",+6,+0.34%,1,14.1倍,0.69倍,2.29%
20260728,3816,シーボン,4926,東S,,"1,235",+2,+0.16%,1,25.7倍,0.90倍,1.62%
20260728,3817,昭和化,4990,東S,,496,-1,-0.20%,1,ー倍,0.56倍,1.21%
20260728,3818,旭コン,5268,東S,,818,-10,-1.21%,1,22.9倍,0.85倍,2.08%
20260728,3819,高見沢,5283,東S,,"2,951",-20,-0.67%,1,4.88倍,0.31倍,2.37%
20260728,3820,ルツボ,5355,東S,,681,+1,+0.15%,1,10.1倍,0.73倍,2.94%
20260728,3821,鶴弥,5386,名M,,377,-4,-1.05%,1,ー倍,0.22倍,ー%
20260728,3822,東北鋼,5484,東S,,"4,455",0,0.00%,1,ー倍,1.12倍,ー%
20260728,3823,虹技,5603,東S,,"1,308",0,0.00%,1,10.7倍,0.28倍,3.06%
20260728,3824,ＪＭＣ,5704,東G,,382,-6,-1.55%,1,16.1倍,1.23倍,ー%
20260728,3825,ＮＩＣ,5742,東S,,720,-4,-0.55%,1,30.0倍,1.20倍,ー%
20260728,3826,日伸銅,5753,東S,,"2,400",-20,-0.83%,1,5.64倍,0.40倍,0.63%
20260728,3827,ダイケン,5900,東S,,859,0,0.00%,1,13.5倍,0.35倍,2.91%
20260728,3828,川岸工,5921,東S,,"4,055",-80,-1.93%,1,14.0倍,0.38倍,3.45%
20260728,3829,アルメタクス,5928,東S,,283,-2,-0.70%,1,23.8倍,0.32倍,2.83%
20260728,3830,天竜製鋸,5945,東S,,"2,491",-2,-0.08%,1,15.0倍,0.57倍,3.33%
20260728,3831,トーソー,5956,東S,,602,+4,+0.67%,1,9.50倍,0.34倍,2.16%
20260728,3832,浅香工,5962,東S,,"1,950",ー,ー%,1,11.0倍,0.41倍,2.56%
20260728,3833,カネソウ,5979,名M,,"5,050",-30,-0.59%,1,10.4倍,0.46倍,3.96%
20260728,3834,スーパツール,5990,東S,,"1,987",-3,-0.15%,1,27.7倍,0.46倍,3.02%
20260728,3835,日本ＰＣ,6025,名N,,780,ー,ー%,1,136倍,4.31倍,ー%
20260728,3836,ＪＳＳ,6074,東S,,520,0,0.00%,1,7.22倍,0.66倍,4.04%
20260728,3837,旭精機,6111,名M,,"2,022",+3,+0.15%,1,154倍,0.33倍,2.97%
20260728,3838,富士精,6142,名M,,"1,759",-4,-0.23%,1,6.87倍,0.23倍,2.84%
20260728,3839,ヤマザキ,6147,福証,,180,0,0.00%,1,33.3倍,0.77倍,5.56%
20260728,3840,ＳＭＮ,6185,東S,,395,+5,+1.28%,1,11.6倍,1.32倍,ー%
20260728,3841,フェニクスＢ,6190,東G,,346,-8,-2.26%,1,18.5倍,0.92倍,ー%
20260728,3842,岐阜造園,1438,東S,,"1,940",+2,+0.10%,1,13.4倍,1.40倍,2.06%
20260728,3843,野村４百Ｄイ,1472,東Ｅ,,81,+2,+2.53%,1,ー倍,ー倍,ー%
20260728,3844,上場経済貢献,1481,東Ｅ,,"3,725",-25,-0.67%,1,ー倍,ー倍,ー%
20260728,3845,ＭＸ高配ＭＮ,1499,東Ｅ,,"9,184",+9,+0.10%,1,ー倍,ー倍,ー%
20260728,3846,スタンダ２０,1551,東Ｅ,,"6,903",ー,ー%,1,ー倍,ー倍,ー%
20260728,3847,野村タイ５０,1559,東Ｅ,,"5,059",+69,+1.38%,1,ー倍,ー倍,ー%
20260728,3848,Ｈ株ベア,1573,東Ｅ,,"8,588",+20,+0.23%,1,ー倍,ー倍,ー%
20260728,3849,ｉＦ４百,1599,東Ｅ,,"36,520","-1,200",-3.18%,1,ー倍,ー倍,ー%
20260728,3850,ＷＴ貴金属,1676,東Ｅ,,"40,150",+50,+0.12%,1,ー倍,ー倍,ー%
20260728,3851,ＷＴ大豆,1697,東Ｅ,,"4,799",-44,-0.91%,1,ー倍,ー倍,ー%
20260728,3852,ナカボテック,1787,東S,,"5,800",-70,-1.19%,1,15.4倍,1.52倍,4.48%
20260728,3853,マサル,1795,東S,,"5,490",0,0.00%,1,17.2倍,0.88倍,2.00%
20260728,3854,佐藤渡辺,1807,東S,,"1,861",+16,+0.87%,1,12.9倍,0.51倍,4.30%
20260728,3855,土屋ＨＤ,1840,東S,,244,+1,+0.41%,1,24.2倍,0.52倍,4.10%
20260728,3856,アセアン５０,2043,東EN,,"30,910",+70,+0.23%,1,ー倍,ー倍,ー%
20260728,3857,中広,2139,東S,,533,+4,+0.76%,1,12.1倍,1.67倍,2.63%
20260728,3858,セーラー広告,2156,東S,,265,0,0.00%,1,ー倍,0.59倍,2.26%
20260728,3859,成学社,2179,東S,,811,+2,+0.25%,1,7.41倍,1.04倍,4.07%
20260728,3860,サトー商会,9996,東S,,"2,195",-18,-0.81%,1,15.0倍,0.67倍,2.19%
20260728,3861,インフォネ,4444,東G,,911,-8,-0.87%,1,39.7倍,2.05倍,ー%
20260728,3862,ＮＴ中小型,2050,東EN,,"32,000","-3,710",-10.39%,1,ー倍,ー倍,ー%
20260728,3863,ツクルバ,2978,東G,,354,-1,-0.28%,1,ー倍,3.91倍,ー%
20260728,3864,２４７ＨＤ,7074,東G,,184,+3,+1.66%,1,224倍,34.0倍,ー%
20260728,3865,ＡＬｉＮＫ,7077,東G,,"1,008",-1,-0.10%,1,40.5倍,1.30倍,ー%
20260728,3866,ランサーズ,4484,東G,,286,-1,-0.35%,1,18.2倍,3.27倍,1.05%
20260728,3867,スペースマ,4487,東G,,224,-1,-0.44%,1,ー倍,2.77倍,ー%
20260728,3868,レンティア,7081,東S,,"1,329",+9,+0.68%,1,9.32倍,1.17倍,2.78%
20260728,3869,ミクリード,7687,東G,,438,+6,+1.39%,1,9.70倍,1.79倍,2.08%
20260728,3870,アディッシュ,7093,東G,,540,-5,-0.92%,1,19.4倍,2.15倍,ー%
20260728,3871,エコミック,3802,東S,,491,-2,-0.41%,1,11.9倍,1.24倍,2.65%
20260728,3872,コパ,7689,東G,,315,+10,+3.28%,1,926倍,1.25倍,ー%
20260728,3873,農中カーボン,2567,東Ｅ,,527.3,-14.4,-2.66%,1,ー倍,ー倍,ー%
20260728,3874,まぐまぐ,4059,東S,,410,-3,-0.73%,1,81.7倍,1.37倍,ー%
20260728,3875,レッティ,7356,東G,,119,-1,-0.83%,1,14.4倍,5.19倍,ー%
20260728,3876,バルミューダ,6612,東G,,638,+4,+0.63%,1,545倍,2.15倍,ー%
20260728,3877,ＧＸｅコ日株,2627,東Ｅ,,"1,597",+54,+3.50%,1,ー倍,ー倍,ー%
20260728,3878,ｉ－ｐｌｕｇ,4177,東G,,"1,502",-36,-2.34%,1,10.9倍,3.17倍,3.60%
20260728,3879,Ｔ．Ｓ．Ｉ,7362,東G,,886,-1,-0.11%,1,11.0倍,0.96倍,1.69%
20260728,3880,Ｓイノベ,4178,東G,,501,-10,-1.96%,1,46.9倍,1.15倍,ー%
20260728,3881,Ｂマインド,7343,東G,,"1,254",+19,+1.54%,1,22.5倍,1.78倍,5.58%
20260728,3882,表示灯,7368,東S,,"1,682",-3,-0.18%,1,9.80倍,0.93倍,3.86%
20260728,3883,デコルテＨＤ,7372,東G,,381,+1,+0.26%,1,8.19倍,0.38倍,ー%
20260728,3884,ＡＩＰＦ,7345,東G,,951,-13,-1.35%,1,ー倍,4.38倍,ー%
20260728,3885,ドリムベッド,7791,東S,,824,-3,-0.36%,1,6.83倍,0.69倍,4.49%
20260728,3886,ステムセル研,7096,東G,,724,-1,-0.14%,1,69.4倍,2.72倍,ー%
20260728,3887,ワクー,4937,東G,,"1,512",-58,-3.69%,1,21.6倍,2.42倍,ー%
20260728,3888,モビルス,4370,東G,,325,+24,+7.97%,1,ー倍,1.44倍,ー%
20260728,3889,ＧＸＬＥ日株,2645,東Ｅ,,"3,011",+7,+0.23%,1,ー倍,ー倍,ー%
20260728,3890,くふうカンパ,4376,東G,,156,0,0.00%,1,ー倍,1.14倍,ー%
20260728,3891,ＧＸフィ日株,2836,東Ｅ,,"3,179",+66,+2.12%,1,ー倍,ー倍,ー%
20260728,3892,サインド,4256,東G,,"1,001",-10,-0.99%,1,32.3倍,1.74倍,ー%
20260728,3893,長栄,2993,東S,,"2,145",-3,-0.14%,1,10.1倍,0.76倍,4.66%
20260728,3894,ＣＳ－Ｃ,9258,東G,,324,+12,+3.85%,1,ー倍,1.06倍,ー%
20260728,3895,ＣａＳｙ,9215,東G,,933,-8,-0.85%,1,ー倍,6.50倍,ー%
20260728,3896,マーキュリー,5025,東G,,559,+4,+0.72%,1,18.9倍,1.38倍,ー%
20260728,3897,イメージＭ,7793,東G,,"1,367",-3,-0.22%,1,7.62倍,1.77倍,2.56%
20260728,3898,セレ,5078,東S,,"4,890",-25,-0.51%,1,12.0倍,0.79倍,3.27%
20260728,3899,エフビー介護,9220,東S,,"1,222",+2,+0.16%,1,5.86倍,0.76倍,3.52%
20260728,3900,ＯＫＡＹＡ,6926,東S,,185,-1,-0.54%,1,ー倍,0.70倍,ー%
20260728,3901,ニッチツ,7021,東S,,"1,977",+11,+0.56%,1,32.4倍,0.32倍,1.52%
20260728,3902,サンライフＨ,7040,東S,,975,-10,-1.02%,1,7.57倍,0.87倍,3.59%
20260728,3903,ＣＲＧＨＤ,7041,東G,,348,+6,+1.75%,1,19.4倍,0.66倍,2.59%
20260728,3904,アクセスＨＤ,7042,東S,,660,-16,-2.37%,1,12.1倍,1.55倍,3.33%
20260728,3905,フレアス,7062,東G,,786,+1,+0.13%,1,6.21倍,0.94倍,1.34%
20260728,3906,ハウテレ,7064,東S,,870,0,0.00%,1,87.5倍,1.57倍,ー%
20260728,3907,ファルテック,7215,東S,,422,+1,+0.24%,1,19.8倍,0.21倍,ー%
20260728,3908,テイン,7217,東S,,426,-4,-0.93%,1,12.1倍,0.62倍,4.23%
20260728,3909,ＨＫＳ,7219,東S,,"2,530",+4,+0.16%,1,7.16倍,0.32倍,2.57%
20260728,3910,盟和産,7284,東S,,"1,171",-2,-0.17%,1,12.8倍,0.34倍,4.27%
20260728,3911,東邦レマック,7422,東S,,365,+1,+0.27%,1,26.2倍,0.42倍,3.12%
20260728,3912,横浜魚類,7443,東S,,637,-1,-0.16%,1,26.6倍,1.48倍,1.26%
20260728,3913,ハリマ共和,7444,東S,,"1,985",-5,-0.25%,1,8.69倍,0.41倍,3.02%
20260728,3914,プラザＨＤ,7502,東S,,"1,650",0,0.00%,1,18.5倍,1.44倍,1.52%
20260728,3915,ハウスローゼ,7506,東S,,"1,399",+10,+0.72%,1,469倍,1.20倍,1.79%
20260728,3916,アイエーＧ,7509,東S,,"4,705",+5,+0.11%,1,5.01倍,0.41倍,3.40%
20260728,3917,マルヨシ,7515,東S,,"4,650",0,0.00%,1,435倍,1.32倍,0.65%
20260728,3918,マルシェ,7524,東S,,184,+1,+0.55%,1,79.7倍,7.60倍,ー%
20260728,3919,大水,7538,東S,,380,+2,+0.53%,1,7.13倍,0.36倍,1.84%
20260728,3920,万世電機,7565,東S,,"6,910",+60,+0.88%,1,ー倍,0.85倍,ー%
20260728,3921,かんなん丸,7585,東S,,406,0,0.00%,1,ー倍,4.47倍,ー%
20260728,3922,Ｇダイニング,7625,東S,,464,-1,-0.22%,1,7.02倍,0.83倍,1.08%
20260728,3923,星医療,7634,東S,,"5,300",0,0.00%,1,11.8倍,0.83倍,1.70%
20260728,3924,セントラルＦ,7675,名M,,"2,800",-36,-1.27%,1,9.74倍,0.66倍,2.29%
20260728,3925,シンシア,7782,東S,,470,-5,-1.05%,1,12.6倍,1.12倍,3.83%
20260728,3926,ＣＳランバー,7808,東S,,"2,670",+10,+0.38%,1,5.43倍,0.42倍,3.00%
20260728,3927,アールシー,7837,東S,,347,+19,+5.79%,1,2.82倍,0.90倍,ー%
20260728,3928,スターツ出版,7849,東S,,"3,400",-10,-0.29%,1,8.62倍,1.22倍,3.82%
20260728,3929,ＳＬＤ,3223,東S,,922,+3,+0.33%,1,14.0倍,-5.1倍,ー%
20260728,3930,ウィル,3241,東S,,586,-7,-1.18%,1,7.56倍,1.25倍,4.01%
20260728,3931,アールエイジ,3248,東S,,881,-11,-1.23%,1,12.1倍,0.58倍,4.09%
20260728,3932,フライングＧ,3317,東S,,"1,465",0,0.00%,1,12.1倍,1.15倍,1.16%
20260728,3933,ランシステム,3326,東S,,639,-1,-0.16%,1,24.7倍,8.46倍,ー%
20260728,3934,フジタコーポ,3370,東S,,485,0,0.00%,1,13.2倍,6.55倍,0.62%
20260728,3935,関門海,3372,東S,,219,-2,-0.90%,1,25.0倍,2.13倍,ー%
20260728,3936,フェリシモ,3396,東S,,865,0,0.00%,1,20.6倍,0.32倍,2.89%
20260728,3937,ピクスタ,3416,東S,,837,+2,+0.24%,1,13.8倍,1.37倍,5.38%
20260728,3938,Ｊ－ＭＡＸ,3422,東S,,483,-4,-0.82%,1,5.54倍,0.29倍,1.66%
20260728,3939,サンコテクノ,3435,東S,,"1,419",+5,+0.35%,1,8.98倍,0.56倍,3.24%
20260728,3940,Ｆブラザーズ,3454,東S,,"1,270",-4,-0.31%,1,6.80倍,0.63倍,2.91%
20260728,3941,Ｇ－ＦＡＣ,3474,東G,,578,-2,-0.34%,1,111倍,3.47倍,ー%
20260728,3942,香陵住販,3495,東S,,"2,346",ー,ー%,1,5.94倍,0.95倍,2.60%
20260728,3943,昭栄薬品,3537,東S,,"1,660",-5,-0.30%,1,13.0倍,0.60倍,2.47%
20260728,3944,東海染,3577,東S,,935,+9,+0.97%,1,11.8倍,0.37倍,2.67%
20260728,3945,山喜,3598,東S,,163,+3,+1.88%,1,25.7倍,0.71倍,ー%
20260728,3946,メディカルＮ,3645,東G,,243,0,0.00%,1,15.4倍,1.13倍,1.23%
20260728,3947,オークファン,3674,東G,,329,-1,-0.30%,1,173倍,0.86倍,ー%
20260728,3948,ジョルダン,3710,東S,,620,+3,+0.49%,1,21.1倍,0.66倍,0.97%
20260728,3949,コムシード,3739,名N,,129,-2,-1.53%,1,8.30倍,2.22倍,ー%
20260728,3950,システムズＤ,3766,東S,,"1,428",0,0.00%,1,11.8倍,1.01倍,4.20%
20260728,3951,Ｊエスコム,3779,東S,,129,-3,-2.27%,1,ー倍,2.66倍,ー%
20260728,3952,テクノマセマ,3787,東S,,268,-7,-2.55%,1,22.4倍,0.38倍,ー%
20260728,3953,ユニリタ,3800,東S,,"1,960",+3,+0.15%,1,13.3倍,1.20倍,3.83%
20260728,3954,システムディ,3804,東S,,450,-1,-0.22%,1,12.3倍,1.64倍,2.44%
20260728,3955,ハビックス,3895,東S,,406,-1,-0.25%,1,ー倍,0.41倍,3.94%
20260728,3956,コラボス,3908,東S,,345,-3,-0.86%,1,32.1倍,1.18倍,1.74%
20260728,3957,ショーケース,3909,東S,,198,-2,-1.00%,1,15.4倍,1.01倍,ー%
20260728,3958,ＭＫシステム,3910,東S,,277,0,0.00%,1,7.83倍,1.67倍,2.89%
20260728,3959,キューブ,7112,東G,,694,-2,-0.29%,1,64.4倍,1.06倍,ー%
20260728,3960,アトラスＴ,9563,東G,,303,+3,+1.00%,1,56.3倍,1.32倍,ー%
20260728,3961,アップコン,5075,名N,,"1,020",-1,-0.10%,1,20.3倍,2.25倍,ー%
20260728,3962,ＧＬＯＥ,9565,東G,,666,ー,ー%,1,ー倍,3.72倍,ー%
20260728,3963,上場ダウヘ無,2235,東Ｅ,,"3,696",-9,-0.24%,1,ー倍,ー倍,ー%
20260728,3964,フリーダム,8996,東S,,"1,031",-6,-0.58%,1,5.85倍,1.08倍,5.33%
20260728,3965,スマサポ,9342,東G,,884,+34,+4.00%,1,13.7倍,3.49倍,ー%
20260728,3966,ＧＭＯプラ,5250,東S,,"1,015",-9,-0.88%,1,ー倍,2.56倍,2.00%
20260728,3967,ＭＸダウへ有,2242,東Ｅ,,671.9,+0.5,+0.07%,1,ー倍,ー倍,ー%
20260728,3968,上場ＳＰイ１,2240,東Ｅ,,"5,521",+86,+1.58%,1,ー倍,ー倍,ー%
20260728,3969,アクシスＣ,9344,東G,,925,-3,-0.32%,1,19.2倍,1.46倍,3.78%
20260728,3970,ビズメイツ,9345,東G,,650,+2,+0.31%,1,10.3倍,1.11倍,2.31%
20260728,3971,エコム,6225,名M,,"2,040",ー,ー%,1,11.3倍,1.10倍,1.76%
20260728,3972,ブリッジＧ,9225,東G,,976,0,0.00%,1,22.9倍,1.62倍,ー%
20260728,3973,ＱＬＳＨＤ,7075,東G,,807,-8,-0.98%,1,8.33倍,2.94倍,1.36%
20260728,3974,日本乾溜工,1771,福証,,944,-1,-0.11%,1,17.8倍,1.20倍,3.81%
20260728,3975,日グランデ,2976,札Ａ,,710,+25,+3.65%,1,23.9倍,0.48倍,ー%
20260728,3976,昭和鉄,5953,福証,,"7,200",-250,-3.36%,1,6.11倍,0.49倍,2.08%
20260728,3977,揚羽,9330,東G,,874,-1,-0.11%,1,40.4倍,1.32倍,ー%
20260728,3978,笹徳印刷,3958,東S,,547,0,0.00%,1,11.4倍,0.31倍,3.29%
20260728,3979,上場米債０ラ,2093,東Ｅ,,"5,459",+8,+0.15%,1,ー倍,ー倍,ー%
20260728,3980,成友興業,9170,名M,,"1,830",+80,+4.57%,1,23.5倍,2.70倍,0.77%
20260728,3981,ジャパンＭＡ,9236,東G,,"1,083",0,0.00%,1,11.2倍,2.31倍,0.92%
20260728,3982,アスマーク,4197,東S,,"2,303",0,0.00%,1,19.1倍,1.65倍,3.39%
20260728,3983,ｉＳＩＧ社債,2257,東Ｅ,,228.2,+0.1,+0.04%,1,ー倍,ー倍,ー%
20260728,3984,雨風太陽,5616,東G,,622,-3,-0.48%,1,50.2倍,4.60倍,ー%
20260728,3985,ナイル,5618,東G,,300,-4,-1.32%,1,55.7倍,6.63倍,ー%
20260728,3986,ＧＸ優証隔月,2019,東Ｅ,,"1,040",0,0.00%,1,ー倍,ー倍,ー%
20260728,3987,ｉＦ米債先ベ,140A,東Ｅ,,"2,017",+2,+0.10%,1,ー倍,ー倍,ー%
20260728,3988,ＡＩセレクト,162A,東EN,,"16,410",-735,-4.29%,1,ー倍,ー倍,ー%
20260728,3989,ＳＭＴ好配当,170A,東Ｅ,,"3,077",-78,-2.47%,1,ー倍,ー倍,ー%
20260728,3990,イタミアート,168A,東G,,"1,067",+5,+0.47%,1,9.39倍,1.18倍,1.87%
20260728,3991,ＧＸ超長米債,180A,東Ｅ,,297.2,+0.2,+0.07%,1,ー倍,ー倍,ー%
20260728,3992,コージンＢ,177A,東G,,890,-14,-1.55%,1,41.4倍,0.77倍,1.12%
20260728,3993,インテＧ,192A,東G,,"1,204",-3,-0.25%,1,12.1倍,1.37倍,4.15%
20260728,3994,ファベル,220A,東S,,927,-3,-0.32%,1,12.1倍,1.07倍,3.24%
20260728,3995,伸和ＨＤ,7118,名N,,"4,025",-70,-1.71%,1,32.4倍,6.88倍,0.94%
20260728,3996,アスア,246A,東G,,"1,084",0,0.00%,1,29.9倍,2.74倍,0.65%
20260728,3997,ＳＢＩサウジ,273A,東Ｅ,,"10,000",+50,+0.50%,1,ー倍,ー倍,ー%
20260728,3998,グリクロＨＤ,272A,福証,,"1,393",-10,-0.71%,1,8.41倍,0.96倍,2.87%
20260728,3999,ＧＶＡテック,298A,東G,,325,-7,-2.11%,1,756倍,7.54倍,ー%
20260728,4000,フォルシア,304A,東G,,"2,010",+4,+0.20%,1,9.00倍,1.22倍,ー%
20260728,4001,ＧＸ価格日株,328A,東Ｅ,,"1,345",-10,-0.74%,1,ー倍,ー倍,ー%
20260728,4002,福島印刷,7870,名M,,389,-2,-0.51%,1,39.5倍,0.39倍,2.57%
20260728,4003,永大化工,7877,東S,,"2,160",+13,+0.61%,1,7.59倍,0.36倍,3.24%
20260728,4004,光・彩,7878,東S,,"1,418",-6,-0.42%,1,8.16倍,1.21倍,2.12%
20260728,4005,サンメッセ,7883,東S,,390,-1,-0.26%,1,25.2倍,0.43倍,2.31%
20260728,4006,ヴィアＨＤ,7918,東S,,108,0,0.00%,1,ー倍,-1.1倍,ー%
20260728,4007,菊水化,7953,東S,,388,-3,-0.77%,1,ー倍,0.48倍,4.38%
20260728,4008,リヒトラブ,7975,東S,,"1,111",+1,+0.09%,1,18.9倍,0.34倍,2.25%
20260728,4009,ミロク,7983,東S,,"1,045",+4,+0.38%,1,5.03倍,0.27倍,0.96%
20260728,4010,日本ＩＳＫ,7986,東S,,"1,855",-15,-0.80%,1,6.32倍,0.60倍,1.62%
20260728,4011,くろ工,7997,東S,,"1,032",-13,-1.24%,1,19.1倍,0.36倍,3.88%
20260728,4012,ユアサフナ,8006,東S,,"1,609",+11,+0.69%,1,11.4倍,0.65倍,2.05%
20260728,4013,ツカモト,8025,東S,,"1,305",+24,+1.87%,1,35.1倍,0.33倍,2.30%
20260728,4014,東ソワール,8040,東S,,"1,047",+13,+1.26%,1,10.4倍,0.34倍,4.30%
20260728,4015,トルク,8077,東S,,209,0,0.00%,1,8.59倍,0.33倍,2.87%
20260728,4016,ナラサキ,8085,東S,,"4,195",-50,-1.18%,1,8.40倍,0.72倍,3.34%
20260728,4017,三栄コ,8119,東S,,795,+7,+0.89%,1,10.8倍,0.52倍,3.90%
20260728,4018,川辺,8123,東S,,"1,359",+9,+0.67%,1,10.8倍,0.33倍,3.68%
20260728,4019,ラピーヌ,8143,東S,,144,-1,-0.69%,1,ー倍,0.48倍,ー%
20260728,4020,中部水産,8145,名M,,"3,280",+50,+1.55%,1,12.2倍,0.36倍,2.59%
20260728,4021,井筒屋,8260,東S,,381,-2,-0.52%,1,8.47倍,0.35倍,1.84%
20260728,4022,ＲＩＳＥ,8836,東S,,26,0,0.00%,1,ー倍,-1.1倍,ー%
20260728,4023,光ビジネス,3948,東S,,"1,140",-7,-0.61%,1,18.0倍,0.65倍,4.39%
20260728,4024,大村紙業,3953,東S,,787,+11,+1.42%,1,9.60倍,0.55倍,3.81%
20260728,4025,ビーグリー,3981,東S,,"1,210",-8,-0.66%,1,9.39倍,0.86倍,3.72%
20260728,4026,テモナ,3985,東S,,181,+3,+1.69%,1,47.3倍,2.74倍,ー%
20260728,4027,ＳＹＳＨＤ,3988,東S,,550,-4,-0.72%,1,9.64倍,1.44倍,1.45%
20260728,4028,ウォンテッド,3991,東G,,916,0,0.00%,1,5.66倍,1.43倍,2.18%
20260728,4029,丸尾カル,4102,東S,,"1,470",+27,+1.87%,1,20.9倍,0.31倍,2.04%
20260728,4030,日ピグＨＤ,4119,東S,,"5,730",-50,-0.87%,1,6.92倍,0.40倍,1.75%
20260728,4031,大阪油化,4124,東S,,"2,710",-10,-0.37%,1,24.2倍,1.82倍,1.70%
20260728,4032,サンエー化研,4234,東S,,697,+2,+0.29%,1,10.4倍,0.30倍,2.58%
20260728,4033,ＩＰＳＨＤ,4335,東S,,"1,105",-1,-0.09%,1,10.0倍,1.44倍,3.44%
20260728,4034,西菱電機,4341,東S,,872,-1,-0.11%,1,14.1倍,0.53倍,5.16%
20260728,4035,ＺＵＵ,4387,東G,,486,-2,-0.41%,1,230倍,2.25倍,ー%
20260728,4036,ＤＩシステム,4421,東S,,923,0,0.00%,1,10.5倍,1.62倍,3.03%
20260728,4037,Ｗｅｌｂｙ,4438,東G,,238,-3,-1.24%,1,ー倍,15.8倍,ー%
20260728,4038,ソフト９９,4464,東S,,"3,565",0,0.00%,1,24.8倍,1.31倍,1.91%
20260728,4039,ケミファ,4539,東S,,"1,630",-41,-2.45%,1,98.5倍,0.30倍,3.07%
20260728,4040,中京医薬,4558,東S,,199,-1,-0.50%,1,25.0倍,0.83倍,2.51%
20260728,4041,アサヒペン,4623,東S,,"1,720",-5,-0.29%,1,9.58倍,0.43倍,3.49%
20260728,4042,イサム,4624,東S,,"3,520",-15,-0.42%,1,ー倍,0.37倍,ー%
20260728,4043,アトミクス,4625,東S,,738,-9,-1.20%,1,13.1倍,0.35倍,2.71%
20260728,4044,ＳＤエンター,4650,東S,,269,0,0.00%,1,16.1倍,1.34倍,ー%
20260728,4045,環境管理,4657,東S,,457,-8,-1.72%,1,13.7倍,0.89倍,1.75%
20260728,4046,秀英,4678,東S,,320,-2,-0.62%,1,4.77倍,0.45倍,3.13%
20260728,4047,田谷,4679,東S,,258,+1,+0.39%,1,193倍,2.40倍,ー%
20260728,4048,クリップ,4705,東S,,777,0,0.00%,1,36.3倍,0.59倍,5.15%
20260728,4049,トーセ,4728,東S,,644,+4,+0.63%,1,6.18倍,0.79倍,3.88%
20260728,4050,ホープ,6195,東G,,209,-1,-0.48%,1,9.27倍,2.70倍,4.02%
20260728,4051,太平製,6342,東S,,"2,876",ー,ー%,1,8.38倍,0.52倍,3.48%
20260728,4052,キクカワ,6346,東S,,"5,800",0,0.00%,1,20.1倍,0.55倍,2.07%
20260728,4053,オーイズミ,6428,東S,,315,-1,-0.32%,1,11.8倍,0.38倍,3.81%
20260728,4054,ＭＳコンサル,6555,東S,,416,-9,-2.12%,1,8.54倍,0.64倍,ー%
20260728,4055,神戸天然物化,6568,東G,,"1,260",-18,-1.41%,1,ー倍,0.69倍,ー%
20260728,4056,天昇電,6776,東S,,266,+1,+0.38%,1,7.54倍,0.41倍,1.88%
20260728,4057,東亜ＤＫＫ,6848,東S,,852,-2,-0.23%,1,18.3倍,0.72倍,2.58%
20260728,4058,リーダー電子,6867,東S,,419,+2,+0.48%,1,25.7倍,0.50倍,3.58%
20260728,4059,福留ハ,2291,東S,,527,+2,+0.38%,1,12.6倍,0.71倍,ー%
20260728,4060,ＫＧ情報,2408,東S,,854,-5,-0.58%,1,12.8倍,1.02倍,4.33%
20260728,4061,ケアサービス,2425,東S,,665,-1,-0.15%,1,32.8倍,0.85倍,3.31%
20260728,4062,日本和装,2499,東S,,296,+1,+0.34%,1,10.3倍,0.75倍,4.73%
20260728,4063,野村外国株Ｈ,2514,東Ｅ,,"1,987",-18,-0.90%,1,ー倍,ー倍,ー%
20260728,4064,アイケイＨＤ,2722,東S,,358,0,0.00%,1,16.9倍,1.07倍,2.51%
20260728,4065,カルラ,2789,東S,,468,-1,-0.21%,1,17.5倍,1.24倍,1.07%
20260728,4066,佐藤食品,2814,東S,,"3,110",+25,+0.81%,1,30.3倍,0.55倍,1.61%
20260728,4067,ダイショー,2816,東S,,"1,410",-2,-0.14%,1,32.4倍,1.35倍,1.42%
20260728,4068,デルソーレ,2876,東S,,485,0,0.00%,1,10.8倍,0.69倍,2.47%
20260728,4069,大冷,2883,東S,,"1,999",+1,+0.05%,1,22.3倍,1.33倍,3.00%
20260728,4070,大森屋,2917,東S,,944,+5,+0.53%,1,23.9倍,0.40倍,ー%
20260728,4071,クリエイト,3024,東S,,"1,117",-13,-1.15%,1,ー倍,0.79倍,ー%
20260728,4072,カワサキ,3045,東S,,"1,493",-23,-1.52%,1,11.4倍,0.54倍,3.35%
20260728,4073,ストリーム,3071,東S,,102,+1,+0.99%,1,14.7倍,0.96倍,2.94%
20260728,4074,ＤＶｘ,3079,東S,,949,0,0.00%,1,30.9倍,1.13倍,5.27%
20260728,4075,オーミケンシ,3111,東S,,170,-1,-0.58%,1,ー倍,1.22倍,ー%
20260728,4076,サイボー,3123,東S,,639,-8,-1.24%,1,8.27倍,0.42倍,2.82%
20260728,4077,エレコミ,353A,福証,,"1,572",0,0.00%,1,17.5倍,5.89倍,ー%
20260728,4078,ＡＩＧＨＤ,377A,名M,,"1,180",+56,+4.98%,1,42.5倍,1.67倍,ー%
20260728,4079,山忠,391A,名M,,"2,520",-20,-0.79%,1,6.18倍,0.61倍,3.10%
20260728,4080,野村高利Ｊリ,459A,東Ｅ,,"10,800",+50,+0.47%,1,ー倍,ー倍,ー%
20260728,4081,ＳＳ金Ｈ,448A,東Ｅ,,242.9,-3.5,-1.42%,1,ー倍,ー倍,ー%
20260728,4082,ＢＲＡＮＵ,460A,東G,,890,-5,-0.56%,1,15.4倍,4.17倍,ー%
20260728,4083,ＪＰＸ１００,526A,東Ｅ,,"2,048",-21,-1.01%,1,ー倍,ー倍,ー%
20260728,4084,ＧＸ先進ＣＦ,564A,東Ｅ,,"1,095",-3,-0.27%,1,ー倍,ー倍,ー%
20260728,4085,ＧＸ純銀,577A,東Ｅ,,231.0,-8.5,-3.55%,1,ー倍,ー倍,ー%
20260728,4086,グロームＨＤ,8938,東G,,341,-15,-4.21%,1,19.1倍,0.50倍,0.88%
20260728,4087,サンネクスタ,8945,東S,,"1,094",+2,+0.18%,1,17.9倍,1.30倍,3.84%
20260728,4088,センコン物流,9051,東S,,"1,303",-59,-4.33%,1,13.4倍,1.06倍,1.15%
20260728,4089,カンダ,9059,東S,,884,-10,-1.12%,1,7.41倍,0.67倍,2.94%
20260728,4090,東海汽,9173,東S,,"2,926",+1,+0.03%,1,40.1倍,1.25倍,ー%
20260728,4091,ヤマシタＨＤ,9265,東S,,"3,520",ー,ー%,1,16.2倍,0.96倍,1.85%
20260728,4092,鈴与シンワ,9360,東S,,"2,950",-24,-0.81%,1,6.99倍,1.53倍,4.07%
20260728,4093,兵機海,9362,東S,,"3,535",+30,+0.86%,1,10.6倍,0.75倍,3.11%
20260728,4094,ユーラシア,9376,東S,,809,+2,+0.25%,1,45.9倍,1.73倍,6.18%
20260728,4095,ＢＳＮＨＤ,9408,東S,,"2,590",ー,ー%,1,15.1倍,0.58倍,0.69%
20260728,4096,エヌジェイ,9421,東S,,498,0,0.00%,1,24.0倍,1.64倍,ー%
20260728,4097,クロップス,9428,東S,,"1,329",+8,+0.61%,1,6.77倍,0.94倍,2.41%
20260728,4098,アイドマＭＣ,9466,東S,,224,-2,-0.88%,1,14.0倍,0.87倍,4.46%
20260728,4099,昭文社ＨＤ,9475,東S,,500,-5,-0.99%,1,25.0倍,0.63倍,1.00%
20260728,4100,中央経済ＨＤ,9476,東S,,999,-21,-2.06%,1,30.7倍,0.87倍,1.30%
20260728,4101,グランド,9720,東S,,"6,130",0,0.00%,1,21.7倍,1.71倍,0.41%
20260728,4102,京都ホ,9723,東S,,639,+1,+0.16%,1,21.4倍,3.19倍,0.47%
20260728,4103,日建工学,9767,東S,,"1,511",+5,+0.33%,1,7.87倍,0.56倍,1.99%
20260728,4104,昴,9778,東S,,"5,780",0,0.00%,1,25.7倍,0.99倍,2.08%
20260728,4105,ストライダズ,9816,東S,,245,-1,-0.41%,1,14.8倍,0.78倍,2.04%
20260728,4106,ジュンテン,9835,東S,,508,0,0.00%,1,27.5倍,0.32倍,1.97%
20260728,4107,共同紙,9849,東S,,"4,515",+5,+0.11%,1,47.0倍,0.77倍,1.11%
20260728,4108,ソレキア,9867,東S,,"10,260",0,0.00%,1,6.38倍,0.69倍,0.68%
20260728,4109,シャルレ,9885,東S,,334,0,0.00%,1,45.2倍,0.38倍,2.40%
20260728,4110,ショクブン,9969,東S,,235,-1,-0.42%,1,"1,808倍",1.54倍,1.06%
20260728,4111,アルテック,9972,東S,,276,0,0.00%,1,9.50倍,0.42倍,2.54%
20260728,4112,セキチュー,9976,東S,,"1,052",-5,-0.47%,1,16.3倍,0.48倍,2.85%
