日付,順位,銘柄名,コード,市場,状態,株価,前日差,騰落率,売買代金,PER,PBR,配当利回り
20260825,1,キオクシア,285A,東P,,"51,260",+330,+0.65%,"1,535,833",ー倍,11.4倍,ー%
20260825,2,フジクラ,5803,東P,,"5,292",+276,+5.50%,"369,148",26.9倍,14.4倍,0.72%
20260825,3,アドテスト,6857,東P,,"34,450",-50,-0.14%,"299,324",37.7倍,23.9倍,ー%
20260825,4,太陽誘電,6976,東P,,"9,270",+121,+1.32%,"204,922",42.3倍,3.33倍,0.97%
20260825,5,古河電,5801,東P,,"4,000.0",+375.0,+10.34%,"160,466",26.8倍,6.44倍,0.55%
20260825,6,ＳＢＧ,9984,東P,,"5,087",+112,+2.25%,"142,508",ー倍,1.57倍,0.22%
20260825,7,日経レバ,1570,東Ｅ,,"68,820",+720,+1.06%,"141,710",ー倍,ー倍,ー%
20260825,8,イビデン,4062,東P,,"19,980","+1,185",+6.30%,"137,028",67.2倍,9.85倍,0.18%
20260825,9,村田製,6981,東P,,"7,130",+63,+0.89%,"130,876",38.4倍,4.70倍,0.98%
20260825,10,東エレク,8035,東P,,"55,410",+260,+0.47%,"124,331",ー倍,11.8倍,ー%
20260825,11,ディスコ,6146,東P,,"60,700",-720,-1.17%,"117,160",ー倍,11.3倍,ー%
20260825,12,レーザーテク,6920,東P,,"34,950",+140,+0.40%,"73,801",34.8倍,12.7倍,1.00%
20260825,13,三菱ＵＦＪ,8306,東P,,"3,529.0",+48.0,+1.38%,"71,220",14.7倍,1.75倍,2.72%
20260825,14,任天堂,7974,東P,,"8,864",+71,+0.81%,"60,277",33.0倍,3.50倍,1.83%
20260825,15,トヨタ,7203,東P,,"3,082.0",-43.0,-1.38%,"57,453",11.2倍,0.98倍,3.24%
20260825,16,ＪＸ金属,5016,東P,,"3,820",+34,+0.90%,"54,289",24.2倍,5.31倍,0.52%
20260825,17,リクルート,6098,東P,,"16,605",+90,+0.54%,"49,993",30.5倍,13.0倍,0.16%
20260825,18,みずほＦＧ,8411,東P,,"8,208",+100,+1.23%,"48,076",14.3倍,1.73倍,1.83%
20260825,19,三井住友ＦＧ,8316,東P,,"6,633",+40,+0.61%,"44,920",14.8倍,1.56倍,2.71%
20260825,20,コクサイエレ,6525,東P,,"8,489",+209,+2.52%,"43,637",35.7倍,8.80倍,0.77%
20260825,21,郵船,9101,東P,,"7,141",-59,-0.82%,"41,569",12.0倍,0.93倍,3.36%
20260825,22,ファストリ,9983,東P,,"72,530",-310,-0.43%,"41,046",44.5倍,8.16倍,0.88%
20260825,23,三井金属,5706,東P,,"28,330",-135,-0.47%,"39,705",20.3倍,3.84倍,0.99%
20260825,24,ＳＵＭＣＯ,3436,東P,,"3,543.0",+93.0,+2.70%,"39,619",ー倍,2.18倍,ー%
20260825,25,住友鉱,5713,東P,,"11,250",-225,-1.96%,"39,273",14.0倍,1.42倍,1.84%
20260825,26,ソニーＧ,6758,東P,,"3,832",-18,-0.47%,"39,074",18.5倍,2.68倍,0.91%
20260825,27,ティアフォー,593A,東G,,"1,391",+246,+21.48%,"38,156",ー倍,9.02倍,ー%
20260825,28,日立,6501,東P,,"5,300",+34,+0.65%,"37,533",26.3倍,3.60倍,ー%
20260825,29,住友電,5802,東P,,"2,199.5",+48.0,+2.23%,"37,210",20.2倍,2.42倍,1.77%
20260825,30,ルネサス,6723,東P,,"3,402.0",-26.0,-0.76%,"36,115",ー倍,2.18倍,ー%
20260825,31,商船三井,9104,東P,,"7,214",-61,-0.84%,"34,973",10.3倍,0.83倍,2.84%
20260825,32,川崎汽,9107,東P,,"3,421.0",-44.0,-1.27%,"34,798",15.2倍,1.18倍,3.51%
20260825,33,ユニチカ,3103,東S,,"1,543",+186,+13.71%,"34,244",18.8倍,2.65倍,ー%
20260825,34,信越化,4063,東P,,"6,005",-46,-0.76%,"33,988",20.8倍,2.39倍,1.93%
20260825,35,三菱重,7011,東P,,"3,946",-9,-0.23%,"33,872",34.9倍,4.18倍,0.73%
20260825,36,パナＨＤ,6752,東P,,"4,311",-37,-0.85%,"33,686",22.4倍,1.86倍,1.25%
20260825,37,ＮＴＴ,9432,東P,,169.2,+2.7,+1.62%,"31,351",14.0倍,1.39倍,3.19%
20260825,38,東京海上,8766,東P,,"7,408",+147,+2.02%,"31,255",16.9倍,1.71倍,3.31%
20260825,39,キーエンス,6861,東P,,"82,250","+1,350",+1.67%,"27,616",ー倍,5.62倍,0.67%
20260825,40,ホンダ,7267,東P,,"1,696.0",-51.0,-2.92%,"27,423",16.5倍,0.53倍,4.13%
20260825,41,メタプラ,3350,東S,,330,+25,+8.20%,"26,703",ー倍,1.24倍,ー%
20260825,42,ＮＥＣ,6701,東P,,"4,650",-57,-1.21%,"26,200",ー倍,2.76倍,0.86%
20260825,43,スクリン,7735,東P,,"13,305",+155,+1.18%,"25,866",21.9倍,5.06倍,1.38%
20260825,44,伊藤忠,8001,東P,,"2,118.0",+0.5,+0.02%,"25,838",15.6倍,2.19倍,2.08%
20260825,45,レゾナック,4004,東P,,"16,180",+405,+2.57%,"25,028",27.3倍,3.89倍,0.40%
20260825,46,ファナック,6954,東P,,"6,047",-5,-0.08%,"24,915",28.5倍,2.98倍,ー%
20260825,47,東電ＨＤ,9501,東P,,517.8,-18.2,-3.40%,"24,160",ー倍,0.35倍,ー%
20260825,48,日東紡,3110,東P,,"2,971",+53,+1.82%,"23,663",27.0倍,3.05倍,0.94%
20260825,49,三菱商,8058,東P,,"4,765",-28,-0.58%,"21,860",15.9倍,1.81倍,2.62%
20260825,50,日経Ｄインバ,1357,東Ｅ,,"2,766",-31,-1.11%,"21,628",ー倍,ー倍,ー%
20260825,51,ＩＨＩ,7013,東P,,"2,696.0",+32.5,+1.22%,"21,213",16.6倍,4.10倍,0.85%
20260825,52,川重,7012,東P,,"2,611.0",+21.0,+0.81%,"20,262",19.8倍,2.58倍,1.53%
20260825,53,ＴＤＫ,6762,東P,,"3,049.0",+7.0,+0.23%,"20,205",25.7倍,2.52倍,1.31%
20260825,54,三菱電,6503,東P,,"5,614",+46,+0.83%,"20,105",23.2倍,2.51倍,1.07%
20260825,55,三井物,8031,東P,,"4,949",-5,-0.10%,"19,655",15.3倍,1.56倍,2.83%
20260825,56,日本製鉄,5401,東P,,672.2,+6.1,+0.92%,"19,635",12.1倍,0.62倍,3.57%
20260825,57,ＪＴ,2914,東P,,"6,986",+96,+1.39%,"18,783",19.3倍,2.82倍,3.89%
20260825,58,ＳＢ,9434,東P,,239.3,+4.3,+1.83%,"18,546",20.8倍,4.35倍,3.68%
20260825,59,ＳＭＣ,6273,東P,,"72,090",+290,+0.40%,"18,426",26.6倍,2.10倍,1.39%
20260825,60,ダイキン,6367,東P,,"20,830",-25,-0.12%,"17,722",20.9倍,1.94倍,1.73%
20260825,61,武田,4502,東P,,"5,813",+16,+0.28%,"17,545",55.9倍,1.23倍,3.51%
20260825,62,テラドローン,278A,東G,,"14,050",+830,+6.28%,"17,331",ー倍,32.6倍,ー%
20260825,63,サンリオ,8136,東P,,"1,214.5",+5.0,+0.41%,"17,166",23.1倍,9.02倍,1.32%
20260825,64,ＱＤレーザ,6613,東G,,"2,452",+122,+5.24%,"16,932",234倍,21.0倍,ー%
20260825,65,アシックス,7936,東P,,"4,695",-71,-1.49%,"16,858",27.7倍,9.28倍,0.94%
20260825,66,ＫＤＤＩ,9433,東P,,"2,909.5",+32.5,+1.13%,"16,810",15.1倍,2.16倍,2.89%
20260825,67,富士通,6702,東P,,"3,728.0",+28.0,+0.76%,"16,185",20.8倍,3.17倍,1.48%
20260825,68,ＭＳ＆ＡＤ,8725,東P,,"5,072",+145,+2.94%,"16,003",17.1倍,1.09倍,3.35%
20260825,69,りそなＨＤ,8308,東P,,"2,416.0",+45.0,+1.90%,"15,679",16.4倍,1.80倍,1.53%
20260825,70,日立建機,6305,東P,,"5,936",-69,-1.15%,"15,535",15.0倍,1.37倍,3.20%
20260825,71,イオン,8267,東P,,"1,395.5",+27.5,+2.01%,"14,896",52.9倍,3.20倍,1.07%
20260825,72,コマツ,6301,東P,,"7,440",+26,+0.35%,"14,822",18.9倍,1.88倍,2.55%
20260825,73,セブン＆アイ,3382,東P,,"2,033.0",-12.0,-0.59%,"14,704",16.6倍,1.25倍,2.95%
20260825,74,東洋エンジ,6330,東P,,"2,630",+134,+5.37%,"14,325",25.7倍,3.96倍,0.95%
20260825,75,日経ベア２,1360,東Ｅ,,67.9,-0.9,-1.31%,"13,830",ー倍,ー倍,ー%
20260825,76,ＪＲ東日本,9020,東P,,"3,625.0",+88.0,+2.49%,"13,687",16.1倍,1.34倍,2.32%
20260825,77,富士フイルム,4901,東P,,"3,249.0",-32.0,-0.98%,"13,625",13.9倍,1.00倍,2.31%
20260825,78,オリックス,8591,東P,,"6,279",+70,+1.13%,"13,581",12.9倍,1.45倍,2.98%
20260825,79,ＩＮＰＥＸ,1605,東P,,"3,878",-11,-0.28%,"13,177",8.84倍,0.88倍,2.89%
20260825,80,野村日経平均,1321,東Ｅ,,"68,220",+400,+0.59%,"12,910",ー倍,ー倍,ー%
20260825,81,安川電,6506,東P,,"4,966",+16,+0.32%,"12,799",27.4倍,2.66倍,1.45%
20260825,82,豊田通商,8015,東P,,"7,484",+121,+1.64%,"12,695",16.3倍,2.71倍,1.67%
20260825,83,パンパシＨＤ,7532,東P,,814.0,+3.3,+0.41%,"12,641",22.2倍,3.48倍,1.23%
20260825,84,ソニーＦＧ,8729,東P,,162.1,+1.2,+0.75%,"12,522",47.3倍,1.24倍,4.94%
20260825,85,日本マイクロ,6871,東P,,"13,870",+300,+2.21%,"12,439",23.4倍,5.89倍,1.28%
20260825,86,野村,8604,東P,,"1,571.5",+32.5,+2.11%,"12,324",ー倍,1.20倍,ー%
20260825,87,第一ライフ,8750,東P,,"1,802.0",+25.0,+1.41%,"12,150",12.7倍,1.42倍,4.00%
20260825,88,純金信託,1540,東Ｅ,,"22,255",-20,-0.09%,"12,119",ー倍,ー倍,ー%
20260825,89,バンナムＨＤ,7832,東P,,"5,576",+34,+0.61%,"11,974",27.5倍,4.04倍,ー%
20260825,90,第一三共,4568,東P,,"2,829.5",-28.5,-1.00%,"11,922",20.5倍,3.03倍,3.53%
20260825,91,ＨＯＹＡ,7741,東P,,"24,995",+100,+0.40%,"11,695",ー倍,8.23倍,ー%
20260825,92,三菱マ,5711,東P,,"5,628",-144,-2.49%,"11,678",5.26倍,0.95倍,2.06%
20260825,93,丸紅,8002,東P,,"4,957",-25,-0.50%,"11,676",13.9倍,1.81倍,2.32%
20260825,94,味の素,2802,東P,,"5,497",+127,+2.36%,"11,477",42.4倍,6.76倍,0.91%
20260825,95,ＳＯＭＰＯ,8630,東P,,"6,803",+95,+1.42%,"11,143",12.3倍,1.14倍,2.94%
20260825,96,菱地所,8802,東P,,"3,710",-6,-0.16%,"10,997",19.0倍,1.64倍,1.32%
20260825,97,ＰｏｗｅｒＸ,485A,東G,,"1,947",+169,+9.51%,"10,861",181倍,35.0倍,ー%
20260825,98,花王,4452,東P,,"3,614.0",+47.0,+1.32%,"10,760",24.2倍,2.92倍,2.16%
20260825,99,ＪＦＥ,5411,東P,,"1,834.0",-16.0,-0.86%,"10,414",7.78倍,0.44倍,4.36%
20260825,100,キヤノン,7751,東P,,"4,609",-12,-0.26%,"10,403",11.4倍,1.11倍,3.47%
20260825,101,ゆうちょ銀,7182,東P,,"3,187.0",+36.0,+1.14%,"10,316",17.2倍,1.23倍,2.92%
20260825,102,ミネベア,6479,東P,,"3,346.0",+2.0,+0.06%,"10,255",15.4倍,1.45倍,1.79%
20260825,103,ソシオネクス,6526,東P,,"1,962.0",+36.5,+1.90%,"10,218",34.4倍,2.68倍,2.55%
20260825,104,ローム,6963,東P,,"4,718",+49,+1.05%,"10,202",62.8倍,2.35倍,1.06%
20260825,105,荏原,6361,東P,,"4,931",-29,-0.58%,"10,195",22.6倍,4.22倍,1.34%
20260825,106,アステラス,4503,東P,,"2,415.0",+8.5,+0.35%,"10,161",14.4倍,2.23倍,3.31%
20260825,107,住友商,8053,東P,,"1,769.0",-2.0,-0.11%,"10,144",13.3倍,1.77倍,2.26%
20260825,108,ＥＮＥＯＳ,5020,東P,,"1,341.5",+1.0,+0.07%,"10,103",8.59倍,0.95倍,2.53%
20260825,109,日産自,7201,東P,,323.8,-10.2,-3.05%,"10,091",56.6倍,0.23倍,ー%
20260825,110,ラインヤフー,4689,東P,,540.3,+6.6,+1.24%,"10,073",ー倍,1.23倍,2.04%
20260825,111,京セラ,6971,東P,,"3,602.0",+27.0,+0.76%,"9,972",29.0倍,1.39倍,1.55%
20260825,112,スズキ,7269,東P,,"2,119.0",-7.5,-0.35%,"9,964",9.73倍,1.16倍,2.41%
20260825,113,日本空港ビル,9706,東P,,"5,848",+121,+2.11%,"9,951",22.4倍,2.53倍,1.62%
20260825,114,ＳＢＩ,8473,東P,,"3,232.0",+41.0,+1.28%,"9,702",ー倍,1.12倍,ー%
20260825,115,良品計画,7453,東P,,"4,289",+48,+1.13%,"9,626",34.0倍,5.74倍,0.75%
20260825,116,三井不,8801,東P,,"1,513.5",+0.5,+0.03%,"9,605",14.3倍,1.26倍,2.44%
20260825,117,ＡＩメカ,6227,東S,,"6,740",+500,+8.01%,"9,561",25.6倍,8.75倍,0.33%
20260825,118,ヤマハ発,7272,東P,,"1,963.0",-10.0,-0.51%,"9,506",11.2倍,1.52倍,2.55%
20260825,119,Ｆ＆ＬＣ,3563,東P,,"5,695",+119,+2.13%,"9,459",41.1倍,10.4倍,0.35%
20260825,120,デンソー,6902,東P,,"1,921.5",-19.0,-0.98%,"9,390",12.6倍,0.94倍,3.85%
20260825,121,三井住友トラ,8309,東P,,"1,734.0",+32.0,+1.88%,"9,296",12.6倍,1.30倍,2.74%
20260825,122,日経ブル２,1579,東Ｅ,,744.2,+8.3,+1.13%,"9,194",ー倍,ー倍,ー%
20260825,123,ダイフク,6383,東P,,"5,861",-8,-0.14%,"9,155",25.2倍,4.35倍,1.54%
20260825,124,キリンＨＤ,2503,東P,,"3,084.0",+31.0,+1.02%,"9,122",15.3倍,1.80倍,2.46%
20260825,125,中外薬,4519,東P,,"6,950",-37,-0.53%,"9,041",ー倍,5.64倍,1.90%
20260825,126,関西電,9503,東P,,"2,591.5",+9.5,+0.37%,"8,761",9.31倍,0.81倍,3.09%
20260825,127,フェローテク,6890,東S,,"8,840",+160,+1.84%,"8,730",ー倍,1.48倍,3.02%
20260825,128,大和ハウス,1925,東P,,"4,709",+9,+0.19%,"8,648",11.0倍,1.00倍,3.78%
20260825,129,丸井Ｇ,8252,東P,,"3,022.0",+30.0,+1.00%,"8,644",18.3倍,2.29倍,4.43%
20260825,130,楽天グループ,4755,東P,,768.9,-1.9,-0.25%,"8,571",ー倍,1.83倍,ー%
20260825,131,オムロン,6645,東P,,"6,476",+169,+2.68%,"8,561",31.4倍,1.53倍,1.70%
20260825,132,ＯＬＣ,4661,東P,,"3,000.0",0,0.00%,"8,531",43.2倍,4.36倍,0.53%
20260825,133,ＳＵＢＡＲＵ,7270,東P,,"2,613.0",-42.5,-1.60%,"8,493",14.2倍,0.66倍,4.44%
20260825,134,ブリヂストン,5108,東P,,"4,134",-3,-0.07%,"8,455",15.1倍,1.35倍,3.02%
20260825,135,大成建,1801,東P,,"12,805",+85,+0.67%,"8,454",13.8倍,2.24倍,2.97%
20260825,136,ネクソン,3659,東P,,"3,114.0",+9.0,+0.29%,"8,401",ー倍,2.25倍,15.3%
20260825,137,メイコー,6787,東P,,"17,990",+930,+5.45%,"8,372",17.3倍,3.58倍,0.89%
20260825,138,鹿島,1812,東P,,"4,835",+4,+0.08%,"8,344",13.1倍,1.62倍,3.02%
20260825,139,アサヒ,2502,東P,,"1,688.0",+16.0,+0.96%,"8,236",12.7倍,0.77倍,3.38%
20260825,140,テルモ,4543,東P,,"2,596.5",+1.0,+0.04%,"8,088",19.8倍,2.30倍,1.39%
20260825,141,ＧＯ,581A,東G,,"3,875",+5,+0.13%,"7,989",28.3倍,12.7倍,ー%
20260825,142,楽天銀,5838,東P,,"6,457",+240,+3.86%,"7,909",12.8倍,2.87倍,ー%
20260825,143,ＪＲ東海,9022,東P,,"3,964",+41,+1.05%,"7,884",8.42倍,0.73倍,0.81%
20260825,144,明治ＨＤ,2269,東P,,"4,411",+41,+0.94%,"7,858",19.1倍,1.55倍,2.49%
20260825,145,特殊陶,5334,東P,,"8,701",-18,-0.21%,"7,797",16.1倍,2.00倍,2.41%
20260825,146,中部電,9502,東P,,"2,910.5",+13.5,+0.47%,"7,796",13.7倍,0.69倍,2.41%
20260825,147,ＴＯＷＡ,6315,東P,,"2,337",+12,+0.52%,"7,788",25.1倍,2.32倍,1.03%
20260825,148,エムスリー,2413,東P,,"1,750.0",+30.5,+1.77%,"7,785",22.0倍,2.88倍,ー%
20260825,149,メルカリ,4385,東P,,"4,456",-18,-0.40%,"7,694",ー倍,5.37倍,ー%
20260825,150,オリンパス,7733,東P,,"2,166.0",+6.0,+0.28%,"7,654",22.5倍,3.08倍,1.39%
20260825,151,コナミＧ,9766,東P,,"22,190",+30,+0.14%,"7,611",29.8倍,5.19倍,1.01%
20260825,152,菱ガス化,4182,東P,,"3,831",-24,-0.62%,"7,610",13.6倍,1.12倍,2.87%
20260825,153,楽天Ｗブル,1458,東Ｅ,,"82,240","+1,020",+1.26%,"7,602",ー倍,ー倍,ー%
20260825,154,大和,8601,東P,,"1,813.5",+27.0,+1.51%,"7,570",ー倍,1.40倍,2.43%
20260825,155,住友ベ,4203,東P,,"7,378",+165,+2.29%,"7,534",22.7倍,1.80倍,1.63%
20260825,156,カプコン,9697,東P,,"4,266",+45,+1.07%,"7,498",30.8倍,6.23倍,1.08%
20260825,157,野村日半導,200A,東Ｅ,,"4,355",+30,+0.69%,"7,484",ー倍,ー倍,ー%
20260825,158,横浜ＦＧ,7186,東P,,"1,907.5",+35.5,+1.90%,"7,473",16.4倍,1.46倍,2.46%
20260825,159,浜ゴム,5101,東P,,"7,467",-260,-3.36%,"7,403",10.1倍,1.05倍,2.99%
20260825,160,データセク,3905,東G,,"1,614",-48,-2.89%,"7,276",6.40倍,2.21倍,ー%
20260825,161,日本郵政,6178,東P,,"2,378.0",+35.5,+1.52%,"7,242",17.1倍,0.65倍,2.52%
20260825,162,大塚ＨＤ,4578,東P,,"12,090",-120,-0.98%,"7,192",17.9倍,1.96倍,1.65%
20260825,163,ＮＧＫ,5333,東P,,"5,408",+2,+0.04%,"7,160",18.6倍,1.88倍,1.96%
20260825,164,ＴＯＰＰＡＮ,7911,東P,,"4,946",-56,-1.12%,"6,965",25.1倍,1.00倍,1.17%
20260825,165,クボタ,6326,東P,,"2,802.5",+22.0,+0.79%,"6,965",10.9倍,1.13倍,1.86%
20260825,166,富士電機,6504,東P,,"14,010",-55,-0.39%,"6,956",18.3倍,2.59倍,ー%
20260825,167,野村総研,4307,東P,,"5,113",+28,+0.55%,"6,942",24.1倍,7.66倍,1.64%
20260825,168,住友不,8830,東P,,"3,402.0",+15.0,+0.44%,"6,925",14.1倍,1.23倍,1.53%
20260825,169,ニデック,6594,東P,,"2,606",+26,+1.01%,"6,872",ー倍,1.70倍,ー%
20260825,170,旭化成,3407,東P,,"1,633.5",0,0.00%,"6,852",13.6倍,1.03倍,2.69%
20260825,171,ＦＩＧ,4392,東P,,"1,020",+25,+2.51%,"6,746",52.7倍,3.17倍,0.98%
20260825,172,オンコリス,4588,東G,,"4,025",+190,+4.95%,"6,692",ー倍,36.5倍,ー%
20260825,173,マツダ,7261,東P,,"1,203.0",-13.5,-1.11%,"6,639",8.44倍,0.40倍,4.57%
20260825,174,資生堂,4911,東P,,"3,685.0",+17.0,+0.46%,"6,628",35.1倍,2.31倍,1.63%
20260825,175,アルバック,6728,東P,,"7,597",+25,+0.33%,"6,601",19.7倍,1.55倍,2.00%
20260825,176,ニトリＨＤ,9843,東P,,"3,073.0",+4.0,+0.13%,"6,587",19.1倍,1.72倍,1.04%
20260825,177,セガサミー,6460,東P,,"3,022.0",+175.5,+6.17%,"6,583",18.9倍,1.73倍,1.82%
20260825,178,オービック,4684,東P,,"4,776",-11,-0.23%,"6,578",25.1倍,4.17倍,1.97%
20260825,179,ベイカレント,6532,東P,,"7,810",+15,+0.19%,"6,570",23.9倍,10.4倍,1.66%
20260825,180,三井海洋,6269,東P,,"9,867",+17,+0.17%,"6,460",11.6倍,2.52倍,2.03%
20260825,181,積水ハウス,1928,東P,,"3,460.0",-18.0,-0.52%,"6,377",10.3倍,1.04倍,4.19%
20260825,182,デクセリ,4980,東P,,"3,021.0",+117.5,+4.05%,"6,322",18.4倍,4.54倍,2.12%
20260825,183,アマダ,6113,東P,,"2,586.0",+10.0,+0.39%,"6,264",23.4倍,1.49倍,2.47%
20260825,184,精工技研,6834,東S,,"26,840","+2,090",+8.44%,"6,257",26.1倍,6.74倍,0.56%
20260825,185,マクドナルド,2702,東S,,"8,180",+10,+0.12%,"6,175",31.1倍,3.72倍,0.78%
20260825,186,ハーモニック,6324,東P,,"5,780",+100,+1.76%,"6,149",91.2倍,6.72倍,0.35%
20260825,187,東ガス,9531,東P,,"6,094",-16,-0.26%,"5,900",14.6倍,1.16倍,1.97%
20260825,188,アーキテクツ,6085,東G,,185,+48,+35.04%,"5,895",561倍,-53倍,ー%
20260825,189,東京精,7729,東P,,"18,010",+415,+2.36%,"5,859",23.7倍,3.84倍,1.69%
20260825,190,ゼンショＨＤ,7550,東P,,"11,685",-25,-0.21%,"5,800",35.6倍,6.65倍,0.68%
20260825,191,名村造,7014,東S,,"4,550",+60,+1.34%,"5,780",14.4倍,2.30倍,1.32%
20260825,192,ローツェ,6323,東P,,"4,059",+106,+2.68%,"5,769",25.3倍,5.15倍,0.49%
20260825,193,ロート,4527,東P,,"2,969.5",+20.5,+0.70%,"5,720",19.1倍,2.17倍,1.68%
20260825,194,ＡＧＣ,5201,東P,,"5,715",-42,-0.73%,"5,709",15.8倍,0.79倍,3.67%
20260825,195,アストロＨＤ,186A,東G,,"1,135",+66,+6.17%,"5,612",ー倍,21.1倍,ー%
20260825,196,ＳＷＣＣ,5805,東P,,"14,210",+730,+5.42%,"5,443",18.3倍,4.16倍,2.19%
20260825,197,リガクＨＤ,268A,東P,,"1,678",+7,+0.42%,"5,388",30.4倍,4.26倍,1.13%
20260825,198,三菱ケミＧ,4188,東P,,"1,136.0",-0.5,-0.04%,"5,380",12.2倍,0.85倍,2.82%
20260825,199,ＭＡＲＵＷＡ,5344,東P,,"53,910",+200,+0.37%,"5,363",ー倍,4.39倍,0.20%
20260825,200,ＡＲＣＨＩＯ,543A,東P,,271,-2,-0.73%,"5,287",2.31倍,0.74倍,2.95%
20260825,201,三井Ｅ＆Ｓ,7003,東P,,"4,238",+80,+1.92%,"5,258",13.8倍,1.91倍,1.42%
20260825,202,Ｔ＆Ｄ,8795,東P,,"4,767",+43,+0.91%,"5,257",16.8倍,1.36倍,3.44%
20260825,203,サンコール,5985,東S,,"2,400",+200,+9.09%,"5,220",11.5倍,2.06倍,1.46%
20260825,204,ＮＸＨＤ,9147,東P,,"5,713",0,0.00%,"5,209",19.4倍,1.62倍,1.75%
20260825,205,シスメックス,6869,東P,,"1,970.5",+18.0,+0.92%,"5,203",32.1倍,2.44倍,2.03%
20260825,206,ＴＯＴＯ,5332,東P,,"6,457",+126,+1.99%,"5,145",23.1倍,1.98倍,1.86%
20260825,207,ＦＵＪＩ,6134,東P,,"7,219",-67,-0.92%,"5,145",14.4倍,2.61倍,2.63%
20260825,208,双日,2768,東P,,"5,696",+26,+0.46%,"5,081",9.12倍,1.04倍,3.16%
20260825,209,高島屋,8233,東P,,"2,446.0",+63.0,+2.64%,"5,005",18.9倍,1.58倍,1.64%
20260825,210,セコム,9735,東P,,"6,440",+5,+0.08%,"5,001",24.3倍,1.97倍,1.86%
20260825,211,シチズン,7762,東P,,"2,705",+109,+4.20%,"4,973",20.6倍,2.22倍,1.96%
20260825,212,芝浦,6590,東P,,"4,095",+30,+0.74%,"4,958",22.6倍,5.01倍,1.56%
20260825,213,ＴＯＹＯ,5105,東P,,"3,824",0,0.00%,"4,881",7.60倍,0.86倍,3.53%
20260825,214,ＤＯＷＡ,5714,東P,,"10,095",-250,-2.42%,"4,880",10.5倍,1.30倍,3.35%
20260825,215,清水建,1803,東P,,"2,384.5",+8.0,+0.34%,"4,857",9.78倍,1.60倍,3.23%
20260825,216,大林組,1802,東P,,"3,011.0",+13.0,+0.43%,"4,852",13.2倍,1.66倍,3.12%
20260825,217,フルヤ金属,7826,東P,,"8,900",+550,+6.59%,"4,837",12.4倍,2.79倍,2.02%
20260825,218,日東電,6988,東P,,"3,381.0",-26.0,-0.76%,"4,816",15.7倍,1.94倍,1.89%
20260825,219,ＡＣＳＬ,6232,東G,,"1,455",-139,-8.72%,"4,802",ー倍,9.99倍,ー%
20260825,220,日産化,4021,東P,,"8,185",+116,+1.44%,"4,797",21.2倍,4.35倍,2.59%
20260825,221,いすゞ,7202,東P,,"2,213.0",-24.5,-1.09%,"4,774",9.51倍,1.01倍,4.25%
20260825,222,住友重,6302,東P,,"5,852",-36,-0.61%,"4,725",19.8倍,0.99倍,2.48%
20260825,223,野村東証指数,1306,東Ｅ,,426.7,+2.0,+0.47%,"4,702",ー倍,ー倍,ー%
20260825,224,三越伊勢丹,3099,東P,,"3,511.0",+40.0,+1.15%,"4,650",19.4倍,2.04倍,2.28%
20260825,225,しずおかＦＧ,5831,東P,,"3,523.0",+105.0,+3.07%,"4,593",16.1倍,1.44倍,3.07%
20260825,226,ＴＨＫ,6481,東P,,"6,841",-2,-0.03%,"4,586",14.0倍,2.78倍,2.85%
20260825,227,東宝,9602,東P,,"1,570.0",+4.0,+0.26%,"4,538",31.9倍,2.61倍,1.40%
20260825,228,東レ,3402,東P,,"1,270.5",-24.0,-1.85%,"4,520",20.6倍,1.02倍,2.05%
20260825,229,武蔵精密,7220,東P,,"3,210",-65,-1.98%,"4,508",32.4倍,1.68倍,1.25%
20260825,230,京都ＦＧ,5844,東P,,"4,839",+64,+1.34%,"4,489",26.2倍,0.98倍,2.17%
20260825,231,サイバー,4751,東P,,"1,343.5",+10.5,+0.79%,"4,471",16.6倍,3.32倍,1.49%
20260825,232,ＡＮＡＨＤ,9202,東P,,"3,050.0",+10.0,+0.33%,"4,471",14.1倍,1.10倍,1.97%
20260825,233,スカＪＳＡＴ,9412,東P,,"2,209",+17,+0.78%,"4,462",23.2倍,2.05倍,2.17%
20260825,234,千葉銀,8331,東P,,"2,796.5",+66.5,+2.44%,"4,436",18.1倍,1.50倍,2.29%
20260825,235,塩野義,4507,東P,,"2,911.0",-10.5,-0.36%,"4,408",11.8倍,1.40倍,2.61%
20260825,236,ＪＡＬ,9201,東P,,"3,023.0",+24.0,+0.80%,"4,395",11.8倍,0.90倍,3.18%
20260825,237,朝日インテク,7747,東P,,"4,024",-26,-0.64%,"4,381",28.2倍,6.16倍,1.24%
20260825,238,小野薬,4528,東P,,"2,459.0",+15.0,+0.61%,"4,345",16.3倍,1.33倍,3.25%
20260825,239,出光興産,5019,東P,,"1,378.5",0,0.00%,"4,306",22.0倍,1.00倍,2.61%
20260825,240,東応化,4186,東P,,"8,729",+99,+1.15%,"4,301",24.6倍,4.22倍,0.92%
20260825,241,キヤノンＭＪ,8060,東P,,"3,514.0",-10.0,-0.28%,"4,257",16.4倍,1.86倍,2.70%
20260825,242,アンリツ,6754,東P,,"3,433.0",+121.0,+3.65%,"4,231",29.3倍,3.30倍,1.46%
20260825,243,ミスミＧ,9962,東P,,"3,664.0",+38.0,+1.05%,"4,211",21.5倍,2.51倍,1.62%
20260825,244,トレンド,4704,東P,,"5,554",-36,-0.64%,"4,189",23.5倍,6.23倍,ー%
20260825,245,マツキヨココ,3088,東P,,"2,600.0",+17.5,+0.68%,"4,186",17.3倍,1.90倍,2.15%
20260825,246,シマノ,7309,東P,,"20,075",-10,-0.05%,"4,180",39.5倍,1.94倍,1.81%
20260825,247,リコー,7752,東P,,"1,677.0",+17.5,+1.05%,"4,174",15.2倍,0.80倍,2.62%
20260825,248,住友化,4005,東P,,555.1,+1.3,+0.23%,"4,156",13.2倍,0.84倍,2.88%
20260825,249,キッコマン,2801,東P,,"1,830.5",-14.5,-0.79%,"4,143",27.7倍,2.95倍,1.37%
20260825,250,サントリＢＦ,2587,東P,,"4,602",+38,+0.83%,"4,141",16.0倍,1.05倍,2.61%
20260825,251,三菱自,7211,東P,,365.5,+3.3,+0.91%,"4,118",19.6倍,0.53倍,2.74%
20260825,252,ＪＲ西日本,9021,東P,,"2,986.0",+33.0,+1.12%,"4,081",13.6倍,1.11倍,3.27%
20260825,253,リンテック,7966,東P,,"5,470",+30,+0.55%,"4,069",16.8倍,1.26倍,2.19%
20260825,254,ブラザー,6448,東P,,"4,660",-7,-0.15%,"4,058",14.8倍,1.42倍,2.15%
20260825,255,日本取引所,8697,東P,,"2,262.5",+24.0,+1.07%,"4,051",23.4倍,7.18倍,3.40%
20260825,256,セイコーＧ,8050,東P,,"10,900",+400,+3.81%,"4,047",31.8倍,4.69倍,0.96%
20260825,257,大日印,7912,東P,,"3,126.0",-35.0,-1.11%,"4,042",14.1倍,1.09倍,1.31%
20260825,258,アイシン,7259,東P,,"2,248.0",-26.0,-1.14%,"4,037",10.5倍,0.74倍,3.34%
20260825,259,クラレ,3405,東P,,"1,789.0",-37.5,-2.05%,"4,016",13.5倍,0.71倍,3.58%
20260825,260,横河電,6841,東P,,"5,148",+47,+0.92%,"3,997",22.0倍,2.55倍,1.79%
20260825,261,オンコセラピ,4564,東G,,21,0,0.00%,"3,930",ー倍,3.76倍,ー%
20260825,262,ファンディノ,462A,東G,,339,+58,+20.64%,"3,915",ー倍,1.72倍,ー%
20260825,263,日製鋼,5631,東P,,"7,674",+129,+1.71%,"3,842",29.7倍,2.64倍,1.20%
20260825,264,ＡＲＥＨＤ,5857,東P,,"4,010",+35,+0.88%,"3,829",11.9倍,1.53倍,3.37%
20260825,265,純銀信託,1542,東Ｅ,,"31,980",-400,-1.24%,"3,824",ー倍,ー倍,ー%
20260825,266,神戸物産,3038,東P,,"2,848.5",+24.5,+0.87%,"3,789",21.4倍,3.76倍,1.12%
20260825,267,すかいらーく,3197,東P,,"3,395.0",+37.0,+1.10%,"3,765",37.7倍,3.96倍,0.80%
20260825,268,三菱ＨＣキャ,8593,東P,,"1,394.0",+1.0,+0.07%,"3,763",12.5倍,1.00倍,3.66%
20260825,269,大東建,1878,東P,,"3,331.0",-7.0,-0.21%,"3,710",10.1倍,2.19倍,4.89%
20260825,270,フューチャー,4722,東P,,"2,448",+2,+0.08%,"3,708",18.4倍,3.27倍,0.98%
20260825,271,Ｊフロント,3086,東P,,"3,097.0",+41.0,+1.34%,"3,707",26.1倍,1.84倍,1.81%
20260825,272,西武ＨＤ,9024,東P,,"3,402.0",-28.0,-0.82%,"3,642",32.0倍,1.51倍,1.23%
20260825,273,きんでん,1944,東P,,"6,861",+41,+0.60%,"3,632",16.1倍,2.61倍,3.50%
20260825,274,あおぞら銀,8304,東P,,"3,356.0",+80.0,+2.44%,"3,603",17.2倍,0.93倍,2.98%
20260825,275,トーメンデバ,2737,東P,,"31,950","+1,800",+5.97%,"3,589",7.24倍,3.08倍,5.13%
20260825,276,扶桑化学,4368,東P,,"3,055",+15,+0.49%,"3,544",16.8倍,2.63倍,0.92%
20260825,277,ランド,8918,東S,,10,-1,-9.09%,"3,541",11.4倍,1.62倍,ー%
20260825,278,エーザイ,4523,東P,,"4,861",+23,+0.48%,"3,529",26.3倍,1.51倍,3.29%
20260825,279,パーソルＨＤ,2181,東P,,298.1,+3.6,+1.22%,"3,491",14.9倍,3.00倍,4.36%
20260825,280,めぶきＦＧ,7167,東P,,"1,661.0",+25.5,+1.56%,"3,469",14.9倍,1.40倍,2.65%
20260825,281,神戸鋼,5406,東P,,"2,025.0",+1.0,+0.05%,"3,454",8.00倍,0.64倍,3.95%
20260825,282,ＳＢＩ新生銀,8303,東P,,"1,540.0",-9.0,-0.58%,"3,453",ー倍,1.12倍,ー%
20260825,283,大塚商会,4768,東P,,"3,531.0",-22.0,-0.62%,"3,449",20.6倍,3.24倍,2.97%
20260825,284,住友林,1911,東P,,"1,341.0",-14.0,-1.03%,"3,419",13.7倍,0.75倍,3.73%
20260825,285,野村不ＨＤ,3231,東P,,935.4,+2.4,+0.26%,"3,410",9.31倍,1.00倍,4.70%
20260825,286,ヤマトＨＤ,9064,東P,,"1,949.0",+13.0,+0.67%,"3,383",38.6倍,1.10倍,2.36%
20260825,287,電通グループ,4324,東P,,"3,641.0",+57.0,+1.59%,"3,329",13.6倍,2.23倍,ー%
20260825,288,ホトニクス,6965,東P,,"2,352.0",+16.0,+0.68%,"3,306",38.7倍,2.14倍,1.62%
20260825,289,かんぽ生命,7181,東P,,"1,663.5",+27.0,+1.65%,"3,288",12.8倍,0.39倍,3.01%
20260825,290,栗田工,6370,東P,,"8,096",+20,+0.25%,"3,282",17.2倍,2.60倍,1.66%
20260825,291,住友ゴ,5110,東P,,"2,290.5",-34.5,-1.48%,"3,246",11.0倍,0.80倍,3.67%
20260825,292,エプソン,6724,東P,,"3,117.0",+32.0,+1.04%,"3,230",14.5倍,1.15倍,2.57%
20260825,293,ヒロセ電,6806,東P,,"25,605",+350,+1.39%,"3,196",23.9倍,2.21倍,2.03%
20260825,294,大ガス,9532,東P,,"5,618",+11,+0.20%,"3,179",14.7倍,1.17倍,2.31%
20260825,295,金先物Ｗブル,2036,東EN,,"188,050","-1,600",-0.84%,"3,169",ー倍,ー倍,ー%
20260825,296,東急,9005,東P,,"1,678.0",-5.0,-0.30%,"3,167",10.4倍,1.00倍,1.91%
20260825,297,ジーエヌアイ,2160,東G,,"2,726",+25,+0.93%,"3,165",ー倍,4.44倍,ー%
20260825,298,マキタ,6586,東P,,"5,309",+6,+0.11%,"3,130",16.9倍,1.36倍,ー%
20260825,299,明電舎,6508,東P,,"11,580",-80,-0.69%,"3,087",21.0倍,2.96倍,ー%
20260825,300,ニコン,7731,東P,,"1,970.5",-10.0,-0.50%,"3,076",64.9倍,1.09倍,1.01%
20260825,301,東洋水,2875,東P,,"10,625",-140,-1.30%,"3,076",15.6倍,1.91倍,2.07%
20260825,302,堀場製,6856,東P,,"23,325",+150,+0.65%,"3,053",19.6倍,2.69倍,3.39%
20260825,303,ビルファンド,8951,東Ｒ,,"128,500","-1,700",-1.31%,"3,044",ー倍,1.50倍,3.84%
20260825,304,住友ファーマ,4506,東P,,"1,442.0",+24.0,+1.69%,"3,037",8.40倍,1.58倍,ー%
20260825,305,ナブテスコ,6268,東P,,"4,555",+36,+0.80%,"3,035",22.2倍,1.87倍,1.80%
20260825,306,ＤＭＧ森精機,6141,東P,,"3,037.0",-19.0,-0.62%,"3,027",27.6倍,1.22倍,3.46%
20260825,307,マクニカＨＤ,3132,東P,,"3,433.0",+23.0,+0.67%,"3,007",19.2倍,2.14倍,2.33%
20260825,308,ふくおかＦＧ,8354,東P,,"7,649",+113,+1.50%,"2,992",14.5倍,1.28倍,2.75%
20260825,309,電子材料,6855,東S,,"6,620",+280,+4.42%,"2,991",14.5倍,2.09倍,1.51%
20260825,310,九州電,9508,東P,,"1,953.5",+8.5,+0.44%,"2,983",7.44倍,0.93倍,2.56%
20260825,311,ヤクルト,2267,東P,,"2,919.0",-30.0,-1.02%,"2,979",18.0倍,1.39倍,2.47%
20260825,312,トライアル,141A,東G,,"3,935",0,0.00%,"2,969",45.2倍,3.69倍,0.43%
20260825,313,ワークマン,7564,東S,,"6,290",+80,+1.29%,"2,946",23.0倍,3.33倍,1.41%
20260825,314,マネフォ,3994,東P,,"6,150",-300,-4.65%,"2,937",ー倍,8.27倍,ー%
20260825,315,三井化学,4183,東P,,"2,123.0",-9.0,-0.42%,"2,932",17.1倍,0.88倍,3.53%
20260825,316,ＵＡＣＪ,5741,東P,,"2,361",-6,-0.25%,"2,916",10.2倍,1.12倍,2.96%
20260825,317,ＩＩＪ,3774,東P,,"3,378.0",+9.0,+0.27%,"2,909",24.0倍,3.72倍,1.27%
20260825,318,東北電,9506,東P,,"1,313.5",+4.0,+0.31%,"2,836",ー倍,0.58倍,3.05%
20260825,319,東建物,8804,東P,,"3,417.0",-9.0,-0.26%,"2,815",10.9倍,1.17倍,3.69%
20260825,320,モノタロウ,3064,東P,,"1,857.0",+16.5,+0.90%,"2,804",25.2倍,7.56倍,1.99%
20260825,321,コスモＨＤ,5021,東P,,"4,221",-51,-1.19%,"2,804",15.2倍,0.99倍,3.91%
20260825,322,ソレイジア,4597,東G,,29,-2,-6.45%,"2,784",ー倍,5.45倍,ー%
20260825,323,ユニオンツル,6278,東P,,"14,480",+250,+1.76%,"2,782",22.9倍,2.36倍,1.04%
20260825,324,ユニチャーム,8113,東P,,"1,000.0",+4.6,+0.46%,"2,778",24.6倍,2.12倍,2.20%
20260825,325,積水化,4204,東P,,"2,621.5",-19.5,-0.74%,"2,775",13.9倍,1.24倍,3.09%
20260825,326,東邦鉛,5707,東P,,"1,153",-39,-3.27%,"2,773",6.09倍,1.15倍,ー%
20260825,327,フリー,4478,東G,,"3,875",-45,-1.15%,"2,765",ー倍,10.9倍,ー%
20260825,328,アルプスアル,6770,東P,,"2,180.5",-26.0,-1.18%,"2,764",14.2倍,0.96倍,2.94%
20260825,329,光通信,9435,東P,,"40,210",+210,+0.53%,"2,762",14.7倍,1.41倍,1.99%
20260825,330,しまむら,8227,東P,,"3,323.0",-67.0,-1.98%,"2,756",14.6倍,1.40倍,2.41%
20260825,331,ニチアス,5393,東P,,"3,361.0",+105.0,+3.22%,"2,749",18.0倍,2.60倍,1.93%
20260825,332,さくらネット,3778,東P,,"3,500",+35,+1.01%,"2,735",93.4倍,4.56倍,0.16%
20260825,333,東ソー,4042,東P,,"2,635.0",-3.5,-0.13%,"2,709",13.8倍,0.96倍,3.80%
20260825,334,ニッパツ,5991,東P,,"3,457.0",+3.0,+0.09%,"2,685",15.6倍,1.54倍,2.00%
20260825,335,関電工,1942,東P,,"5,400",+1,+0.02%,"2,684",16.5倍,2.79倍,2.41%
20260825,336,ＳＧＨＤ,9143,東P,,"1,552.5",-13.0,-0.83%,"2,671",15.4倍,1.70倍,3.48%
20260825,337,インフロニア,5076,東P,,"2,769.0",+4.0,+0.14%,"2,664",8.40倍,1.38倍,4.77%
20260825,338,ＳＨＩＦＴ,3697,東P,,943.0,-27.6,-2.84%,"2,659",ー倍,6.34倍,0.43%
20260825,339,マブチ,6592,東P,,"1,771.5",+23.0,+1.32%,"2,650",19.0倍,1.23倍,3.95%
20260825,340,いよぎんＨＤ,5830,東P,,"3,875",+36,+0.94%,"2,646",14.5倍,1.21倍,2.06%
20260825,341,コスモス薬品,3349,東P,,"6,621",+157,+2.43%,"2,625",17.1倍,1.85倍,1.27%
20260825,342,フジＨＤ,4676,東P,,"4,173",-2,-0.05%,"2,596",22.8倍,1.10倍,4.79%
20260825,343,中国電,9504,東P,,980.3,+0.2,+0.02%,"2,569",11.4倍,0.45倍,3.06%
20260825,344,ＤＩＣ,4631,東P,,"5,095",-47,-0.91%,"2,547",10.1倍,0.95倍,2.94%
20260825,345,アスタリスク,6522,東G,,"2,048",+68,+3.43%,"2,516",260倍,8.90倍,ー%
20260825,346,ヒューリック,3003,東P,,"1,803.5",+6.0,+0.33%,"2,486",11.3倍,1.45倍,3.71%
20260825,347,コカＢＪＨ,2579,東P,,"3,931",+65,+1.68%,"2,471",28.3倍,1.74倍,1.83%
20260825,348,ＩＤＯＭ,7599,東P,,"1,279",-5,-0.39%,"2,464",9.04倍,1.43倍,3.32%
20260825,349,日経高配５０,1489,東Ｅ,,"3,558",-3,-0.08%,"2,445",ー倍,ー倍,ー%
20260825,350,ＧＸ半導日株,2644,東Ｅ,,"3,957",+25,+0.64%,"2,444",ー倍,ー倍,ー%
20260825,351,高砂熱,1969,東P,,"4,314",+11,+0.26%,"2,437",14.1倍,2.73倍,2.85%
20260825,352,日清食ＨＤ,2897,東P,,"3,026.0",-30.0,-0.98%,"2,435",18.6倍,1.65倍,2.31%
20260825,353,タイミー,215A,東G,,"1,690",+34,+2.05%,"2,415",26.1倍,10.6倍,ー%
20260825,354,阪急阪神,9042,東P,,"4,770",+18,+0.38%,"2,390",13.9倍,0.99倍,2.10%
20260825,355,ツルハＨＤ,3391,東P,,"2,402.5",-13.5,-0.56%,"2,383",26.3倍,1.24倍,2.00%
20260825,356,ＬＩＸＩＬ,5938,東P,,"1,771.0",+11.5,+0.65%,"2,350",42.4倍,0.78倍,5.08%
20260825,357,クレセゾン,8253,東P,,"4,735",+48,+1.02%,"2,347",9.01倍,0.88倍,3.38%
20260825,358,メック,4971,東P,,"6,730",+60,+0.90%,"2,344",20.5倍,3.40倍,1.63%
20260825,359,霞ヶ関Ｃ,3498,東P,,"7,650",-190,-2.42%,"2,325",11.4倍,2.52倍,2.16%
20260825,360,ＣＫＤ,6407,東P,,"5,550",+40,+0.73%,"2,324",19.5倍,2.31倍,2.02%
20260825,361,王子ＨＤ,3861,東P,,869.2,-6.8,-0.78%,"2,319",21.1倍,0.68倍,4.14%
20260825,362,ＱＰＳＨＤ,464A,東G,,"1,785",+86,+5.06%,"2,310",52.6倍,3.15倍,ー%
20260825,363,石油資源,1662,東P,,"1,869",-4,-0.21%,"2,302",7.36倍,0.81倍,2.41%
20260825,364,日電硝,5214,東P,,"4,768",+14,+0.29%,"2,299",23.4倍,0.71倍,3.36%
20260825,365,ＧＳユアサ,6674,東P,,"5,357",-21,-0.39%,"2,298",13.6倍,1.36倍,1.83%
20260825,366,スタンレー,6923,東P,,"3,610.0",+15.0,+0.42%,"2,298",13.1倍,0.96倍,3.07%
20260825,367,Ｓａｎｓａｎ,4443,東P,,"2,153",-95,-4.23%,"2,292",29.0倍,13.5倍,0.23%
20260825,368,スクエニＨＤ,9684,東P,,"2,953.0",-5.0,-0.17%,"2,274",34.4倍,3.01倍,1.46%
20260825,369,東急不ＨＤ,3289,東P,,"1,342.5",-10.0,-0.74%,"2,273",9.57倍,1.05倍,3.72%
20260825,370,テクセンド,429A,東P,,"3,740",+30,+0.81%,"2,263",15.7倍,2.09倍,1.87%
20260825,371,ｓａｎｔｅｃ,6777,東S,,"19,550",+950,+5.11%,"2,257",26.1倍,7.97倍,1.18%
20260825,372,ライオン,4912,東P,,"1,888.5",+12.5,+0.67%,"2,249",20.9倍,1.57倍,1.80%
20260825,373,ジェイテクト,6473,東P,,"2,052.5",-33.5,-1.61%,"2,225",13.1倍,0.81倍,3.41%
20260825,374,上場日経平均,1330,東Ｅ,,"68,200",+280,+0.41%,"2,213",ー倍,ー倍,ー%
20260825,375,ＴＢＳＨＤ,9401,東P,,"5,896",+1,+0.02%,"2,211",18.7倍,0.56倍,1.70%
20260825,376,日ハム,2282,東P,,"6,407",+16,+0.25%,"2,207",15.6倍,1.11倍,2.81%
20260825,377,日鉄鉱,1515,東P,,"3,710",-110,-2.88%,"2,198",23.8倍,1.81倍,1.67%
20260825,378,ビックカメラ,3048,東P,,"1,804.0",+7.0,+0.39%,"2,197",16.8倍,1.70倍,2.38%
20260825,379,日本ペＨＤ,4612,東P,,"1,194.0",-15.0,-1.24%,"2,169",14.7倍,1.38倍,1.42%
20260825,380,ボードルア,4413,東P,,"2,969",-11,-0.37%,"2,153",29.6倍,11.5倍,ー%
20260825,381,サイゼリヤ,7581,東P,,"7,310",+60,+0.83%,"2,147",30.5倍,2.75倍,0.48%
20260825,382,ＺＯＺＯ,3092,東P,,"1,148.5",+10.0,+0.88%,"2,135",20.3倍,10.2倍,3.48%
20260825,383,カシオ,6952,東P,,"2,339.0",-0.5,-0.02%,"2,107",21.8倍,2.18倍,ー%
20260825,384,Ａｐｐｉｅｒ,4180,東P,,"1,282",-63,-4.68%,"2,100",31.8倍,3.28倍,0.18%
20260825,385,東京計器,7721,東P,,"7,190",+320,+4.66%,"2,097",21.9倍,2.61倍,0.67%
20260825,386,八十二長野,8359,東P,,"2,609.5",+33.0,+1.28%,"2,095",16.3倍,0.99倍,2.49%
20260825,387,共立メンテ,9616,東P,,"3,453.0",+35.0,+1.02%,"2,082",17.5倍,2.14倍,1.33%
20260825,388,ラウンドワン,4680,東P,,"1,347.5",-4.5,-0.33%,"2,079",19.4倍,4.13倍,1.34%
20260825,389,セリア,2782,東S,,"4,435",+160,+3.74%,"2,068",18.1倍,2.94倍,1.80%
20260825,390,ほくほくＦＧ,8377,東P,,"8,025",+93,+1.17%,"2,065",15.4倍,1.27倍,1.87%
20260825,391,ＳＡＮＫＹＯ,6417,東P,,"1,970.5",+16.5,+0.84%,"2,064",9.73倍,1.57倍,5.07%
20260825,392,協和キリン,4151,東P,,"2,566.0",-13.0,-0.50%,"2,054",17.9倍,1.47倍,2.73%
20260825,393,ＵＢＥ,4208,東P,,"3,530.0",+6.0,+0.17%,"2,054",14.0倍,0.78倍,4.53%
20260825,394,ＪＲ九州,9142,東P,,"3,543.0",+28.0,+0.80%,"2,052",10.6倍,1.09倍,3.42%
20260825,395,ヤマダＨＤ,9831,東P,,701.4,+0.4,+0.06%,"2,050",16.8倍,0.74倍,2.42%
20260825,396,ＧＬＰ,3281,東Ｒ,,"139,500",-200,-0.14%,"2,049",ー倍,1.48倍,4.75%
20260825,397,ＩＮＶ,8963,東Ｒ,,"61,200",-200,-0.33%,"2,047",ー倍,1.33倍,7.14%
20260825,398,ウエストＨＤ,1407,東S,,"2,662",-176,-6.20%,"2,041",16.0倍,3.01倍,2.63%
20260825,399,小田急,9007,東P,,"1,788.5",+26.0,+1.48%,"2,038",15.9倍,1.20倍,3.35%
20260825,400,都市ファンド,8953,東Ｒ,,"115,900",-700,-0.60%,"2,037",ー倍,1.28倍,5.14%
20260825,401,日本酸素ＨＤ,4091,東P,,"5,653",-56,-0.98%,"2,035",18.7倍,1.93倍,1.17%
20260825,402,カバー,5253,東G,,"1,621",+8,+0.50%,"2,029",21.1倍,5.95倍,ー%
20260825,403,小糸製,7276,東P,,"2,682.0",-6.0,-0.22%,"2,029",17.5倍,1.11倍,2.16%
20260825,404,Ｊトラスト,8508,東S,,824,-18,-2.14%,"2,022",13.5倍,0.68倍,2.06%
20260825,405,大同特鋼,5471,東P,,"2,276.0",-5.5,-0.24%,"2,020",16.5倍,0.94倍,2.28%
20260825,406,Ｊパワー,9513,東P,,"4,011",+38,+0.96%,"2,018",8.72倍,0.49倍,2.62%
20260825,407,牧野フ,6135,東P,,"15,330",-300,-1.92%,"2,006",16.2倍,1.34倍,2.22%
20260825,408,豊田合,7282,東P,,"5,314",-56,-1.04%,"1,983",10.9倍,1.07倍,3.29%
20260825,409,山パン,2212,東P,,"3,676.0",+2.0,+0.05%,"1,962",17.0倍,1.53倍,1.63%
20260825,410,大和工,5444,東P,,"12,440",+40,+0.32%,"1,962",12.9倍,1.36倍,3.22%
20260825,411,山一電機,6941,東P,,"7,950",+180,+2.32%,"1,946",14.3倍,2.99倍,2.11%
20260825,412,古河機金,5715,東P,,"4,395",+25,+0.57%,"1,935",9.83倍,0.89倍,1.82%
20260825,413,日本新薬,4516,東P,,"3,531.0",-92.0,-2.54%,"1,934",7.86倍,0.81倍,3.51%
20260825,414,群馬銀,8334,東P,,"2,745.5",+50.5,+1.87%,"1,930",16.0倍,1.64倍,2.55%
20260825,415,参天薬,4536,東P,,"1,875.0",+0.5,+0.03%,"1,925",15.1倍,2.01倍,2.24%
20260825,416,東京メトロ,9023,東P,,"1,485.5",+7.0,+0.47%,"1,925",17.3倍,1.17倍,2.96%
20260825,417,ツムラ,4540,東P,,"3,783",+12,+0.32%,"1,920",10.8倍,0.86倍,4.18%
20260825,418,松屋,8237,東P,,"2,864",+162,+6.00%,"1,918",291倍,5.56倍,0.42%
20260825,419,日揮ＨＤ,1963,東P,,"2,259.0",-21.0,-0.92%,"1,916",11.9倍,1.29倍,2.30%
20260825,420,Ｓｙｎｓ,290A,東G,,"1,429",+83,+6.17%,"1,913",73.1倍,5.24倍,ー%
20260825,421,サッポロ,2501,東P,,"1,933.5",+16.5,+0.86%,"1,901",2.55倍,1.47倍,2.07%
20260825,422,円谷フィＨＤ,2767,東P,,"2,524",+46,+1.86%,"1,901",10.5倍,2.58倍,5.55%
20260825,423,東映アニメ,4816,東S,,"3,015",+27,+0.90%,"1,866",34.0倍,3.66倍,1.46%
20260825,424,アズビル,6845,東P,,"1,517.0",+9.5,+0.63%,"1,866",21.5倍,3.25倍,3.30%
20260825,425,北海電,9509,東P,,"1,076.0",+1.5,+0.14%,"1,852",10.7倍,0.54倍,3.07%
20260825,426,一工薬,4461,東P,,"13,500",+290,+2.20%,"1,851",18.6倍,2.61倍,1.11%
20260825,427,ディーエヌエ,2432,東P,,"2,525.0",+5.0,+0.20%,"1,849",ー倍,1.07倍,ー%
20260825,428,京成,9009,東P,,"1,341.0",+0.5,+0.04%,"1,847",16.5倍,1.15倍,1.64%
20260825,429,阿波銀,8388,東P,,"9,290",+360,+4.03%,"1,844",20.5倍,0.87倍,2.05%
20260825,430,東武,9001,東P,,"3,043.0",+14.0,+0.46%,"1,836",10.6倍,0.95倍,2.46%
20260825,431,ＲＳテクノ,3445,東P,,"5,570",+140,+2.58%,"1,835",14.8倍,1.65倍,0.99%
20260825,432,弁護士ＣＯＭ,6027,東P,,"4,345",-390,-8.24%,"1,834",49.5倍,13.5倍,ー%
20260825,433,五洋建,1893,東P,,"1,433.5",-6.5,-0.45%,"1,834",11.1倍,2.02倍,3.63%
20260825,434,日油,4403,東P,,"2,772.5",-17.0,-0.61%,"1,817",16.0倍,2.12倍,2.52%
20260825,435,オルガノ,6368,東P,,"13,385",+180,+1.36%,"1,816",20.5倍,4.34倍,1.64%
20260825,436,ＭＴＧ,7806,東G,,"8,980",+470,+5.52%,"1,810",32.1倍,5.85倍,0.41%
20260825,437,デンカ,4061,東P,,"3,411.0",+1.0,+0.03%,"1,802",18.4倍,0.95倍,2.93%
20260825,438,オープンＨ,3288,東P,,"8,003",-68,-0.84%,"1,798",7.42倍,1.50倍,2.56%
20260825,439,トムソン,6480,東P,,"1,797",+85,+4.96%,"1,794",13.2倍,1.44倍,1.78%
20260825,440,トヨタ紡織,3116,東P,,"2,234.5",-26.5,-1.17%,"1,776",8.68倍,0.81倍,3.85%
20260825,441,東京センチュ,8439,東P,,"2,584.5",+39.0,+1.53%,"1,775",10.3倍,1.09倍,3.48%
20260825,442,長谷工,1808,東P,,"2,867.0",-13.0,-0.45%,"1,771",11.5倍,1.33倍,3.49%
20260825,443,ＴＩＳＩ,3626,東P,,"3,867",+6,+0.16%,"1,770",14.2倍,2.78倍,2.33%
20260825,444,ｉＳ日経,1329,東Ｅ,,"6,829",+40,+0.59%,"1,769",ー倍,ー倍,ー%
20260825,445,吉野家ＨＤ,9861,東P,,"3,858",+15,+0.39%,"1,768",50.4倍,3.56倍,0.57%
20260825,446,ヤマハ,7951,東P,,"1,314.5",+0.5,+0.04%,"1,758",18.7倍,1.17倍,1.98%
20260825,447,日清粉Ｇ,2002,東P,,"2,066.0",+10.0,+0.49%,"1,758",14.1倍,1.12倍,3.15%
20260825,448,サンドラッグ,9989,東P,,"3,752",+12,+0.32%,"1,756",13.7倍,1.53倍,3.52%
20260825,449,スギＨＤ,7649,東P,,"2,751.5",+11.5,+0.42%,"1,741",15.6倍,1.74倍,1.27%
20260825,450,コニカミノル,4902,東P,,650.6,+1.0,+0.15%,"1,741",11.3倍,0.58倍,2.77%
20260825,451,スルガ銀,8358,東P,,"2,914",+65,+2.28%,"1,739",15.4倍,1.49倍,2.06%
20260825,452,大気社,1979,東P,,"3,900",-55,-1.39%,"1,726",13.7倍,1.41倍,3.05%
20260825,453,ピジョン,7956,東P,,"2,149.0",+7.0,+0.33%,"1,724",28.1倍,3.00倍,3.54%
20260825,454,シャープ,6753,東P,,622.7,-8.2,-1.30%,"1,714",16.2倍,1.38倍,ー%
20260825,455,イズミ,8273,東P,,"1,083",+18,+1.69%,"1,691",13.1倍,0.77倍,2.77%
20260825,456,インフォＭＴ,2492,東P,,602,-8,-1.31%,"1,679",51.8倍,5.34倍,1.09%
20260825,457,コーセーＨＤ,4922,東P,,"5,955",+18,+0.30%,"1,671",27.9倍,1.19倍,2.52%
20260825,458,三浦工,6005,東P,,"3,232.0",+40.0,+1.25%,"1,660",13.1倍,1.52倍,2.29%
20260825,459,ＧＭＯ－ＰＧ,3769,東P,,"9,497",+164,+1.76%,"1,648",30.8倍,5.77倍,1.79%
20260825,460,湖北工業,6524,東S,,"5,000",+385,+8.34%,"1,637",28.1倍,5.08倍,0.80%
20260825,461,ＯＫＩ,6703,東P,,"2,751",+62,+2.31%,"1,629",13.3倍,1.39倍,2.36%
20260825,462,大阪チタ,5726,東P,,"2,851",-139,-4.65%,"1,618",61.7倍,2.35倍,0.46%
20260825,463,ニチレイ,2871,東P,,"2,174.0",+4.5,+0.21%,"1,617",ー倍,1.89倍,3.07%
20260825,464,コムシスＨＤ,1721,東P,,"5,355",-7,-0.13%,"1,616",16.2倍,1.55倍,2.52%
20260825,465,ＪＰＭＣ,3276,東P,,"2,247",+3,+0.13%,"1,615",19.0倍,3.83倍,ー%
20260825,466,ダイヘン,6622,東P,,"12,930",+130,+1.02%,"1,612",18.5倍,1.95倍,1.62%
20260825,467,ジャパンＲＥ,8952,東Ｒ,,"118,800",-700,-0.59%,"1,608",ー倍,1.59倍,4.31%
20260825,468,四国電,9507,東P,,"1,911.0",+13.0,+0.68%,"1,602",13.0倍,0.80倍,2.88%
20260825,469,森永乳,2264,東P,,"1,185.5",+8.5,+0.72%,"1,599",18.2倍,1.38倍,2.11%
20260825,470,タカラトミー,7867,東P,,"3,699.0",+54.0,+1.48%,"1,597",17.7倍,2.92倍,1.89%
20260825,471,日触媒,4114,東P,,"2,639.0",-9.5,-0.36%,"1,593",19.0倍,0.97倍,5.31%
20260825,472,ゼオン,4205,東P,,"2,406.0",+9.5,+0.40%,"1,576",12.8倍,1.17倍,3.28%
20260825,473,島津,7701,東P,,"4,119",+4,+0.10%,"1,565",20.2倍,2.07倍,1.70%
20260825,474,トクヤマ,4043,東P,,"4,023",+17,+0.42%,"1,562",11.1倍,1.01倍,3.28%
20260825,475,滋賀銀,8366,東P,,"2,698",+57,+2.16%,"1,534",21.8倍,0.96倍,1.85%
20260825,476,東海カーボン,5301,東P,,"1,646.5",-4.5,-0.27%,"1,534",15.1倍,1.04倍,2.43%
20260825,477,ツガミ,6101,東P,,"5,480",+110,+2.05%,"1,526",15.0倍,2.93倍,1.79%
20260825,478,熊谷組,1861,東P,,"1,300",0,0.00%,"1,523",10.8倍,1.20倍,3.85%
20260825,479,大垣共立,8361,東P,,"7,940",+220,+2.85%,"1,521",15.8倍,0.78倍,1.89%
20260825,480,サンケン,6707,東P,,"7,398",-116,-1.54%,"1,516",148倍,1.24倍,ー%
20260825,481,日本オラクル,4716,東S,,"9,270",-104,-1.11%,"1,513",ー倍,5.80倍,ー%
20260825,482,長瀬産,8012,東P,,"1,173.5",-24.0,-2.00%,"1,507",13.9倍,1.07倍,2.30%
20260825,483,コーテクＨＤ,3635,東P,,"1,705.5",+8.0,+0.47%,"1,498",18.4倍,2.04倍,2.81%
20260825,484,Ａｉロボ,247A,東G,,935,-49,-4.98%,"1,496",ー倍,10.9倍,ー%
20260825,485,ＡＢＣマート,2670,東P,,"2,805.0",-1.5,-0.05%,"1,495",15.0倍,1.73倍,2.85%
20260825,486,上村工,4966,東S,,"19,470",+420,+2.20%,"1,487",21.4倍,2.71倍,1.49%
20260825,487,七十七,8341,東P,,"3,790",+52,+1.39%,"1,484",13.8倍,1.12倍,2.74%
20260825,488,ＯＢＣ,4733,東P,,"8,390",+43,+0.52%,"1,468",32.6倍,3.74倍,1.55%
20260825,489,ＫＯＡ,6999,東P,,"2,219",+69,+3.21%,"1,466",10.7倍,0.91倍,2.84%
20260825,490,ラクス,3923,東P,,"1,101.0",-33.0,-2.91%,"1,458",15.5倍,10.2倍,0.73%
20260825,491,ニチコン,6996,東P,,"2,672",+3,+0.11%,"1,437",26.8倍,1.44倍,1.46%
20260825,492,ＵＳＳ,4732,東P,,"1,976.0",+3.0,+0.15%,"1,433",21.1倍,4.81倍,2.85%
20260825,493,ユナイテド海,9110,東P,,"10,470",-10,-0.10%,"1,432",9.87倍,1.30倍,ー%
20260825,494,野村マイクロ,6254,東P,,"3,620",+50,+1.40%,"1,430",12.5倍,3.69倍,2.35%
20260825,495,ｉＦ日経年１,1320,東Ｅ,,"67,970",+250,+0.37%,"1,429",ー倍,ー倍,ー%
20260825,496,関西ペ,4613,東P,,"2,892.5",-23.0,-0.79%,"1,414",18.2倍,1.71倍,4.01%
20260825,497,北洋銀,8524,東P,,"1,251",+22,+1.79%,"1,412",15.9倍,1.19倍,2.56%
20260825,498,近鉄ＧＨＤ,9041,東P,,"3,584.0",+22.0,+0.62%,"1,410",14.5倍,1.10倍,1.95%
20260825,499,東京きらぼし,7173,東P,,"1,685",+29,+1.75%,"1,407",12.3倍,1.31倍,1.78%
20260825,500,アサカ理研,5724,東S,,"3,410",+350,+11.44%,"1,405",21.9倍,2.94倍,0.35%
20260825,501,ＭＸ２２５,1346,東Ｅ,,"68,110",+220,+0.32%,"1,404",ー倍,ー倍,ー%
20260825,502,ネクステージ,3186,東P,,"3,390",+35,+1.04%,"1,401",15.5倍,3.13倍,1.47%
20260825,503,テラプローブ,6627,東S,,"10,750",+710,+7.07%,"1,397",16.3倍,2.29倍,ー%
20260825,504,シンフォニア,6507,東P,,"12,270",+140,+1.15%,"1,387",23.1倍,3.40倍,1.31%
20260825,505,ＴＰＸブル,1568,東Ｅ,,"1,000.0",+11.3,+1.14%,"1,378",ー倍,ー倍,ー%
20260825,506,エンプラス,6961,東P,,"10,290",+290,+2.90%,"1,375",18.6倍,1.45倍,0.87%
20260825,507,クリレスＨＤ,3387,東P,,785,+2,+0.26%,"1,366",62.1倍,7.79倍,0.64%
20260825,508,ハートシード,219A,東G,,"2,385",+141,+6.28%,"1,364",ー倍,8.20倍,ー%
20260825,509,エクセディ,7278,東P,,"6,200",-20,-0.32%,"1,364",15.9倍,1.17倍,5.65%
20260825,510,クレハ,4023,東P,,"4,510",+10,+0.22%,"1,362",23.0倍,1.02倍,4.79%
20260825,511,ビプロジー,8056,東P,,"4,629",-31,-0.67%,"1,348",13.9倍,2.53倍,3.02%
20260825,512,日精工,6471,東P,,"1,108.0",-6.5,-0.58%,"1,346",18.7倍,0.79倍,3.07%
20260825,513,戸田建,1860,東P,,"1,515.0",-8.5,-0.56%,"1,334",12.8倍,0.93倍,3.96%
20260825,514,日電子,6951,東P,,"7,140",+6,+0.08%,"1,333",16.3倍,2.47倍,1.85%
20260825,515,ＰＩＬＬＡＲ,6490,東P,,"10,300",+470,+4.78%,"1,331",16.8倍,2.81倍,2.38%
20260825,516,太陽ＨＤ,4626,東P,,"4,754",-1,-0.02%,"1,330",20.8倍,4.19倍,ー%
20260825,517,三菱倉,9301,東P,,"1,525.5",-7.5,-0.49%,"1,329",22.5倍,1.36倍,2.88%
20260825,518,ラサ工,4022,東P,,"2,086",+23,+1.11%,"1,328",19.0倍,2.53倍,1.73%
20260825,519,ニッスイ,1332,東P,,"1,296.0",+4.5,+0.35%,"1,324",13.6倍,1.29倍,2.47%
20260825,520,ウシオ電,6925,東P,,"3,900",+28,+0.72%,"1,323",29.5倍,1.38倍,1.79%
20260825,521,三和ＨＤ,5929,東P,,"3,646.0",+12.0,+0.33%,"1,321",12.7倍,2.24倍,4.00%
20260825,522,技術承継機構,319A,東G,,"21,030",+870,+4.32%,"1,311",ー倍,17.3倍,ー%
20260825,523,野村金連動,1328,東Ｅ,,"17,595",+95,+0.54%,"1,309",ー倍,ー倍,ー%
20260825,524,コメダ,3543,東P,,"3,000",+10,+0.33%,"1,306",19.8倍,2.71倍,2.07%
20260825,525,洋缶ＨＤ,5901,東P,,"4,444",+31,+0.70%,"1,304",21.2倍,0.94倍,4.19%
20260825,526,西日本ＦＨ,7189,東P,,"4,653",+14,+0.30%,"1,302",13.5倍,1.01倍,3.01%
20260825,527,野村東証銀行,1615,東Ｅ,,742.0,+8.8,+1.20%,"1,290",ー倍,ー倍,ー%
20260825,528,クラフティア,1959,東P,,"8,236",+16,+0.19%,"1,290",14.4倍,1.68倍,2.67%
20260825,529,カドカワ,9468,東P,,"3,683.0",+46.0,+1.26%,"1,287",542倍,2.30倍,0.81%
20260825,530,ビジョナル,4194,東P,,"9,377",+92,+0.99%,"1,283",23.6倍,4.65倍,ー%
20260825,531,伊勢化,4107,東S,,"4,010",+50,+1.26%,"1,279",37.8倍,4.87倍,1.00%
20260825,532,日テレＨＤ,9404,東P,,"3,017.0",+26.0,+0.87%,"1,270",14.3倍,0.69倍,1.49%
20260825,533,日ケミコン,6997,東P,,"2,698",+6,+0.22%,"1,268",18.5倍,1.51倍,0.93%
20260825,534,マネックスＧ,8698,東P,,738,+13,+1.79%,"1,268",ー倍,1.42倍,4.17%
20260825,535,伊藤園,2593,東P,,"3,044.0",+69.5,+2.34%,"1,265",31.9倍,1.99倍,1.71%
20260825,536,オリックスＦ,8954,東Ｒ,,"101,100",-200,-0.20%,"1,260",ー倍,1.58倍,4.85%
20260825,537,三井ハイテク,6966,東P,,938,+15,+1.63%,"1,255",17.1倍,1.46倍,2.03%
20260825,538,ｉＳゴールド,314A,東Ｅ,,350.9,-0.1,-0.03%,"1,247",ー倍,ー倍,ー%
20260825,539,ワールド,3612,東P,,"1,705",+7,+0.41%,"1,247",10.3倍,1.31倍,3.93%
20260825,540,十六ＦＧ,7380,東P,,"2,515",+51,+2.07%,"1,242",14.9倍,0.86倍,2.11%
20260825,541,山九,9065,東P,,"8,425",+62,+0.74%,"1,240",12.8倍,1.38倍,3.13%
20260825,542,アンドＳＴ,2685,東P,,"3,530",+15,+0.43%,"1,238",15.5倍,1.96倍,2.55%
20260825,543,第四北越ＦＧ,7327,東P,,"2,499",+58,+2.38%,"1,231",12.4倍,1.10倍,3.20%
20260825,544,安藤ハザマ,1719,東P,,"1,904.0",-2.0,-0.10%,"1,225",13.5倍,1.38倍,4.41%
20260825,545,フジミインコ,5384,東P,,"3,630",+20,+0.55%,"1,222",25.9倍,3.16倍,2.12%
20260825,546,関電化,4047,東P,,"2,333",+10,+0.43%,"1,221",17.6倍,1.76倍,1.54%
20260825,547,ＵＴ,2146,東P,,230,-4,-1.71%,"1,219",21.4倍,5.22倍,4.45%
20260825,548,オークマ,6103,東P,,"4,905",+5,+0.10%,"1,215",14.3倍,1.13倍,2.45%
20260825,549,太平洋セメ,5233,東P,,"4,188",-20,-0.48%,"1,212",7.24倍,0.68倍,2.87%
20260825,550,クスリアオキ,3549,東S,,"4,211",+82,+1.99%,"1,210",21.1倍,2.84倍,1.52%
20260825,551,ベクトル,6058,東P,,"2,027",+74,+3.79%,"1,200",17.3倍,4.34倍,1.78%
20260825,552,ジャパンエン,6016,東S,,"10,230",+370,+3.75%,"1,197",17.1倍,4.47倍,0.98%
20260825,553,ダイセル,4202,東P,,"1,459.5",-6.5,-0.44%,"1,189",11.7倍,1.01倍,4.80%
20260825,554,マルマエ,6264,東P,,"2,104",+14,+0.67%,"1,185",18.1倍,3.93倍,2.14%
20260825,555,ＫＤＸ不動産,8972,東Ｒ,,"151,400",+500,+0.33%,"1,184",ー倍,0.96倍,5.58%
20260825,556,イオレ,2334,東G,,549,+44,+8.71%,"1,178",18.6倍,5.32倍,ー%
20260825,557,ＴＯＲＩＣＯ,7138,東G,,199,0,0.00%,"1,174",ー倍,2.18倍,ー%
20260825,558,ペプドリ,4587,東P,,"1,114.0",+14.5,+1.32%,"1,168",47.8倍,2.95倍,ー%
20260825,559,オークネット,3964,東P,,"1,449",+3,+0.21%,"1,166",16.9倍,4.44倍,5.66%
20260825,560,ホシザキ,6465,東P,,"5,713",+44,+0.78%,"1,166",21.0倍,2.01倍,2.01%
20260825,561,パーク２４,4666,東P,,"2,020.5",-3.5,-0.17%,"1,159",7.84倍,3.12倍,3.22%
20260825,562,ＪＩＮＳＨＤ,3046,東P,,"6,350",-50,-0.78%,"1,156",17.2倍,4.15倍,1.81%
20260825,563,ＧＥＮＤＡ,9166,東G,,770,+14,+1.85%,"1,150",ー倍,2.14倍,1.04%
20260825,564,千代建,6366,東S,,718,+7,+0.98%,"1,149",26.9倍,5.59倍,ー%
20260825,565,百五銀,8368,東P,,"2,258",+51,+2.31%,"1,143",18.9倍,1.04倍,1.86%
20260825,566,藤田観,9722,東P,,"2,726",+36,+1.34%,"1,142",13.1倍,3.80倍,0.73%
20260825,567,四国化ＨＤ,4099,東P,,"2,492",+30,+1.22%,"1,140",17.1倍,2.11倍,1.61%
20260825,568,ショーボンド,1414,東P,,"1,273.0",+1.0,+0.08%,"1,125",16.5倍,2.39倍,3.65%
20260825,569,古野電,6814,東P,,"7,650",+20,+0.26%,"1,123",18.6倍,2.63倍,2.09%
20260825,570,日清紡ＨＤ,3105,東P,,"2,119.0",+21.0,+1.00%,"1,121",33.1倍,1.04倍,1.70%
20260825,571,Ｈ２Ｏリテイ,8242,東P,,"3,019.0",+49.0,+1.65%,"1,116",14.8倍,1.13倍,1.59%
20260825,572,ＡＤＥＫＡ,4401,東P,,"4,582",+18,+0.39%,"1,114",13.9倍,1.38倍,2.88%
20260825,573,日電波,6779,東P,,"2,814",+107,+3.95%,"1,112",20.2倍,1.96倍,1.07%
20260825,574,ミズノ,8022,東P,,"4,110",+25,+0.61%,"1,111",16.5倍,1.76倍,1.61%
20260825,575,ケーズＨＤ,8282,東P,,"1,973.5",+17.5,+0.89%,"1,109",15.3倍,1.20倍,2.43%
20260825,576,博報堂ＤＹ,2433,東P,,"1,338.5",+21.0,+1.59%,"1,108",18.5倍,1.25倍,2.39%
20260825,577,日本Ｍ＆Ａ,2127,東P,,685.9,+6.4,+0.94%,"1,102",16.3倍,4.58倍,4.23%
20260825,578,岩谷産,8088,東P,,"2,171.0",-16.0,-0.73%,"1,094",11.0倍,1.05倍,2.16%
20260825,579,トリケミカル,4369,東P,,"3,245",+35,+1.09%,"1,091",22.9倍,2.87倍,1.08%
20260825,580,カネカ,4118,東P,,"6,125",-58,-0.94%,"1,089",11.7倍,0.73倍,3.43%
20260825,581,東洋合成,4970,東S,,"11,850",+470,+4.13%,"1,086",24.8倍,3.26倍,0.42%
20260825,582,ＧＸ超短米債,133A,東Ｅ,,"1,079",+1,+0.09%,"1,082",ー倍,ー倍,ー%
20260825,583,パルＨＤ,2726,東P,,"1,549",+19,+1.24%,"1,078",14.1倍,3.27倍,2.58%
20260825,584,飯田ＧＨＤ,3291,東P,,"2,342.0",0,0.00%,"1,076",9.88倍,0.63倍,3.93%
20260825,585,日本コークス,3315,東P,,104,+3,+2.97%,"1,075",60.5倍,0.89倍,ー%
20260825,586,エアウォータ,4088,東P,,"2,501",+13,+0.52%,"1,075",20.5倍,1.47倍,ー%
20260825,587,ダイダン,1980,東P,,"2,728",-5,-0.18%,"1,066",12.9倍,2.71倍,3.12%
20260825,588,ＵＮＥＸＴ,9418,東P,,"1,789",+17,+0.96%,"1,065",17.4倍,3.02倍,0.95%
20260825,589,トーカロ,3433,東P,,"2,776",-7,-0.25%,"1,059",15.2倍,2.47倍,3.31%
20260825,590,ゴルドウイン,8111,東P,,"2,185.0",+13.0,+0.60%,"1,051",11.7倍,2.36倍,3.20%
20260825,591,上組,9364,東P,,"4,865",-16,-0.33%,"1,043",17.5倍,1.22倍,4.21%
20260825,592,ＭＩＸＩ,2121,東P,,"3,565",+5,+0.14%,"1,037",9.31倍,1.24倍,4.35%
20260825,593,日機装,6376,東P,,"3,450",+15,+0.44%,"1,032",14.3倍,1.31倍,1.74%
20260825,594,兼松,8020,東P,,"2,181.0",-14.5,-0.66%,"1,032",10.4倍,1.70倍,3.21%
20260825,595,名古屋銀,8522,東P,,"6,830",+10,+0.15%,"1,030",14.6倍,1.07倍,2.93%
20260825,596,名鉄,9048,東P,,"1,909.0",+7.5,+0.39%,"1,023",9.61倍,0.75倍,3.14%
20260825,597,松田産業,7456,東P,,"7,130",+90,+1.28%,"1,019",8.94倍,1.47倍,1.68%
20260825,598,三井不アコモ,3226,東Ｒ,,"121,700",-200,-0.16%,"1,017",ー倍,2.00倍,3.94%
20260825,599,エニーカラー,5032,東P,,"2,917",+26,+0.90%,"1,014",13.4倍,6.48倍,2.13%
20260825,600,野村ＲＥＩＴ,1343,東Ｅ,,"1,948.5",+0.5,+0.03%,"1,005",ー倍,ー倍,ー%
20260825,601,カナデビア,7004,東P,,"1,204",+11,+0.92%,"1,002",9.65倍,1.03倍,3.16%
20260825,602,九州ＦＧ,7180,東P,,"1,527.5",+21.0,+1.39%,"1,000",14.3倍,0.82倍,2.49%
20260825,603,北川精機,6327,東S,,"3,310",+220,+7.12%,"1,000",33.4倍,4.29倍,0.76%
20260825,604,ＡＬＳＯＫ,2331,東P,,"1,192.5",+7.5,+0.63%,996,15.3倍,1.47倍,2.77%
20260825,605,小林製薬,4967,東P,,"5,680",+47,+0.83%,995,42.2倍,2.02倍,1.87%
20260825,606,Ｊエレベータ,6544,東P,,"1,582.5",+21.0,+1.34%,994,34.5倍,12.4倍,ー%
20260825,607,京阪ＨＤ,9045,東P,,"3,271.0",+36.0,+1.11%,984,11.4倍,0.97倍,2.63%
20260825,608,あいちＦＧ,7389,東P,,"1,806",+19,+1.06%,983,19.1倍,0.95倍,1.66%
20260825,609,リゾートトラ,4681,東P,,"1,866.5",-1.0,-0.05%,973,18.9倍,2.43倍,1.93%
20260825,610,Ｌドリンク,2585,東P,,"1,650",+54,+3.38%,972,20.4倍,5.07倍,0.91%
20260825,611,キユーピー,2809,東P,,"4,748",-14,-0.29%,968,25.2倍,1.98倍,1.37%
20260825,612,竹内製作所,6432,東P,,"7,550",+20,+0.27%,966,13.5倍,1.87倍,2.91%
20260825,613,タツモ,6266,東P,,"3,565",+95,+2.74%,963,20.7倍,1.96倍,0.95%
20260825,614,セイノーＨＤ,9076,東P,,"2,797.5",-18.5,-0.66%,960,16.6倍,0.99倍,3.72%
20260825,615,エスエムエス,2175,東P,,"2,382",+12,+0.51%,950,31.7倍,6.97倍,1.28%
20260825,616,ヨネックス,7906,東S,,"2,864",+38,+1.34%,946,17.3倍,2.87倍,0.98%
20260825,617,オプトラン,6235,東P,,"2,724",+69,+2.60%,945,19.4倍,1.16倍,2.06%
20260825,618,ＰＨＣＨＤ,6523,東P,,"1,501",+3,+0.20%,944,12.4倍,1.13倍,2.80%
20260825,619,帝人,3401,東P,,"1,737.5",-24.5,-1.39%,943,7.45倍,0.81倍,2.88%
20260825,620,邦ガス,9533,東P,,"1,222.5",+2.5,+0.20%,935,18.9倍,0.88倍,1.84%
20260825,621,秋田銀,8343,東P,,"8,490",+150,+1.80%,934,17.9倍,0.81倍,2.36%
20260825,622,シリコンスタ,3907,東S,,"1,755",-32,-1.79%,931,ー倍,3.01倍,ー%
20260825,623,エクシオＧ,1951,東P,,"2,603.5",+9.5,+0.37%,928,14.9倍,1.54倍,3.07%
20260825,624,山陰合銀,8381,東P,,"2,549",+47,+1.88%,923,14.9倍,1.17倍,2.67%
20260825,625,旭ダイヤ,6140,東P,,"1,232",+57,+4.85%,920,16.0倍,0.93倍,2.76%
20260825,626,グリコ,2206,東P,,"5,194",-11,-0.21%,919,34.9倍,1.16倍,1.83%
20260825,627,野村マスター,3462,東Ｒ,,"150,700",-500,-0.33%,915,ー倍,1.17倍,4.90%
20260825,628,セブン銀,8410,東P,,335.4,+2.3,+0.69%,915,19.6倍,1.40倍,3.28%
20260825,629,レンゴー,3941,東P,,"1,572.0",-7.5,-0.47%,914,12.3倍,0.76倍,3.18%
20260825,630,ＪＶＣケンウ,6632,東P,,"1,014.0",+5.5,+0.55%,910,9.56倍,0.98倍,1.97%
20260825,631,平田機工,6258,東P,,"3,460",+20,+0.58%,904,16.3倍,1.35倍,2.17%
20260825,632,インテグラル,5842,東G,,"3,115",+10,+0.32%,903,ー倍,1.50倍,1.19%
20260825,633,ＳＰＤＲ,1326,東Ｅ,,"68,000",+290,+0.43%,901,ー倍,ー倍,ー%
20260825,634,誠建設,8995,東S,,"1,532",-12,-0.78%,900,44.0倍,0.74倍,1.63%
20260825,635,コンフォリア,3282,東Ｒ,,"100,600",+400,+0.40%,900,ー倍,1.53倍,4.17%
20260825,636,不二製油,2607,東P,,"4,623",+49,+1.07%,899,20.4倍,1.61倍,1.34%
20260825,637,ヒュマメイド,456A,東G,,"1,721",+64,+3.86%,898,47.8倍,12.5倍,ー%
20260825,638,ＳＦＯＯＤＳ,2292,東P,,"2,937",+37,+1.28%,889,14.3倍,0.71倍,3.75%
20260825,639,ノジマ,7419,東P,,"1,279",+4,+0.31%,883,7.75倍,1.47倍,1.56%
20260825,640,アイカ,4206,東P,,"4,114",+2,+0.05%,881,13.4倍,1.34倍,3.50%
20260825,641,ホテルリート,8985,東Ｒ,,"81,100",-300,-0.37%,874,9.23倍,1.63倍,6.88%
20260825,642,ニフコ,7988,東P,,"5,041",+1,+0.02%,874,13.8倍,1.57倍,2.22%
20260825,643,リンナイ,5947,東P,,"3,571.0",+12.0,+0.34%,874,13.6倍,1.13倍,2.97%
20260825,644,三機工,1961,東P,,"2,409",+5,+0.21%,873,14.0倍,3.11倍,2.70%
20260825,645,トリドール,3397,東P,,"4,308",-75,-1.71%,873,54.1倍,3.96倍,0.28%
20260825,646,メディパル,7459,東P,,"2,909.0",+7.5,+0.26%,872,13.9倍,0.92倍,3.03%
20260825,647,ユナイテッド,8960,東Ｒ,,"161,900",+200,+0.12%,869,ー倍,1.35倍,5.73%
20260825,648,エクサＷｉｚ,4259,東G,,750,-29,-3.72%,859,ー倍,7.12倍,0.67%
20260825,649,京王,9008,東P,,787.7,+2.6,+0.33%,856,10.6倍,1.00倍,2.79%
20260825,650,ナカニシ,7716,東S,,"3,205",+95,+3.05%,855,19.4倍,2.16倍,1.87%
20260825,651,ひろぎんＨＤ,7337,東P,,"2,317.0",+36.5,+1.60%,851,13.4倍,1.13倍,3.02%
20260825,652,ＨＥＮＮＧＥ,4475,東G,,"1,539",-22,-1.41%,850,30.1倍,11.8倍,0.39%
20260825,653,楽天Ｗベア,1459,東Ｅ,,112,-1,-0.88%,847,ー倍,ー倍,ー%
20260825,654,Ｕｍｉｏｓ,1333,東P,,"1,304.0",+3.5,+0.27%,844,13.0倍,0.80倍,3.45%
20260825,655,高度紙,3891,東S,,"6,430",+180,+2.88%,844,16.2倍,2.50倍,1.71%
20260825,656,カカクコム,2371,東P,,"3,655.0",0,0.00%,841,34.9倍,11.2倍,ー%
20260825,657,産業ファンド,3249,東Ｒ,,"137,100",-800,-0.58%,837,ー倍,1.40倍,5.84%
20260825,658,日化薬,4272,東P,,"2,068.0",+3.0,+0.15%,815,13.1倍,1.06倍,3.19%
20260825,659,グローリー,6457,東P,,"4,869",+37,+0.77%,813,12.9倍,1.18倍,3.16%
20260825,660,コシダカＨＤ,2157,東P,,"1,062",+9,+0.85%,812,12.1倍,2.31倍,2.64%
20260825,661,山口ＦＧ,8418,東P,,"3,127.0",+55.0,+1.79%,809,14.0倍,0.92倍,3.07%
20260825,662,東邦銀,8346,東P,,943,+6,+0.64%,808,18.1倍,1.04倍,2.23%
20260825,663,全国保証,7164,東P,,"3,196.0",+5.0,+0.16%,808,13.0倍,1.75倍,3.85%
20260825,664,リンカーズ,5131,東G,,135,+18,+15.38%,807,ー倍,2.80倍,ー%
20260825,665,Ｖテク,7717,東P,,"5,400",+50,+0.93%,798,17.0倍,1.37倍,1.48%
20260825,666,アドバンスＲ,3269,東Ｒ,,"146,600",+200,+0.14%,797,ー倍,1.70倍,4.31%
20260825,667,アイスタイル,3660,東P,,521,+1,+0.19%,796,37.2倍,2.30倍,0.38%
20260825,668,リログループ,8876,東P,,"2,189.0",+10.0,+0.46%,788,14.8倍,4.24倍,3.43%
20260825,669,日本光電,6849,東P,,"1,512.5",-4.5,-0.30%,781,16.1倍,1.37倍,2.18%
20260825,670,メガチップス,6875,東P,,"10,700",+70,+0.66%,779,4.54倍,0.45倍,2.43%
20260825,671,ａｒｔｉｅｎ,4634,東P,,"5,050",+40,+0.80%,779,11.3倍,0.84倍,2.38%
20260825,672,バイセル,7685,東G,,"3,300",+15,+0.46%,779,20.8倍,7.69倍,0.82%
20260825,673,三洋化,4471,東P,,"6,380",+70,+1.11%,778,12.8倍,0.87倍,3.13%
20260825,674,イオンＦＳ,8570,東P,,"1,724.0",+13.5,+0.79%,778,24.8倍,0.80倍,3.07%
20260825,675,平和,6412,東P,,"2,241",+19,+0.86%,771,10.9倍,0.87倍,3.57%
20260825,676,パークシャ,3993,東P,,"3,200",+40,+1.27%,769,34.7倍,2.76倍,0.31%
20260825,677,タムロン,7740,東P,,"1,383",+31,+2.29%,768,16.3倍,2.50倍,3.69%
20260825,678,東洋紡,3101,東P,,"1,650",+17,+1.04%,768,20.8倍,0.68倍,2.42%
20260825,679,東陽テク,8151,東P,,"1,972",-43,-2.13%,767,16.4倍,1.47倍,3.55%
20260825,680,寿スピリッツ,2222,東P,,"2,725.5",+21.5,+0.80%,765,30.5倍,9.30倍,1.65%
20260825,681,ＯＳＧ,6136,東P,,"3,728",+21,+0.57%,763,14.6倍,1.60倍,3.08%
20260825,682,ミライトワン,1417,東P,,"3,592.0",-15.0,-0.42%,762,12.3倍,1.13倍,2.64%
20260825,683,ヘルスケアＭ,3455,東Ｒ,,"99,500",+300,+0.30%,761,ー倍,0.92倍,6.35%
20260825,684,筑波銀,8338,東P,,695,+2,+0.29%,760,8.66倍,0.81倍,0.72%
20260825,685,Ｊディスプレ,6740,東P,,47,0,0.00%,759,ー倍,-5.3倍,ー%
20260825,686,レノバ,9519,東P,,947,-3,-0.32%,759,25.2倍,0.65倍,ー%
20260825,687,富士紡ＨＤ,3104,東P,,"3,490",+100,+2.95%,758,17.3倍,2.24倍,2.41%
20260825,688,ＮＴＮ,6472,東P,,372.9,-1.7,-0.45%,757,14.8倍,0.74倍,3.49%
20260825,689,アルフレッサ,2784,東P,,"2,319.0",+0.5,+0.02%,755,19.6倍,0.84倍,3.06%
20260825,690,松竹,9601,東P,,"11,050",+30,+0.27%,753,69.1倍,1.44倍,0.27%
20260825,691,日本紙,3863,東P,,"1,365",+2,+0.15%,751,ー倍,0.31倍,1.10%
20260825,692,ハウスリート,8984,東Ｒ,,"120,600",-300,-0.25%,749,ー倍,1.11倍,4.84%
20260825,693,アクセルＨＤ,402A,東G,,516,+10,+1.98%,748,ー倍,4.93倍,ー%
20260825,694,富山第一銀,7184,東P,,"3,250",+150,+4.84%,744,15.2倍,1.03倍,2.31%
20260825,695,芙蓉リース,8424,東P,,"4,430",+36,+0.82%,743,8.33倍,0.78倍,3.88%
20260825,696,ＧＭＯ,9449,東P,,"4,068",+28,+0.69%,741,ー倍,2.49倍,ー%
20260825,697,ＧＭＯインタ,4784,東P,,569,-4,-0.70%,737,29.4倍,5.12倍,3.78%
20260825,698,サンバイオ,4592,東G,,"1,018",+14,+1.39%,729,ー倍,6.40倍,ー%
20260825,699,上場日経２倍,1358,東Ｅ,,"131,800","+1,250",+0.96%,726,ー倍,ー倍,ー%
20260825,700,レイズネク,6379,東P,,"3,050",-85,-2.71%,722,18.3倍,1.87倍,3.87%
20260825,701,東亜建,1885,東P,,"2,081",-11,-0.53%,719,11.1倍,1.39倍,3.70%
20260825,702,京急,9006,東P,,"1,586.0",+15.5,+0.99%,718,13.9倍,1.11倍,2.90%
20260825,703,北陸電,9505,東P,,983.5,+7.3,+0.75%,718,8.22倍,0.44倍,2.54%
20260825,704,テスＨＤ,5074,東P,,629,+11,+1.78%,711,24.7倍,0.85倍,1.53%
20260825,705,ニプロ,8086,東P,,"1,576.5",-14.0,-0.88%,707,17.5倍,0.93倍,2.03%
20260825,706,サムコ,6387,東P,,"8,880",+180,+2.07%,706,37.2倍,4.87倍,0.84%
20260825,707,三井不ロジ,3471,東Ｒ,,"106,700",0,0.00%,703,ー倍,1.06倍,4.69%
20260825,708,メイテックＧ,9744,東P,,"3,366.0",+8.0,+0.24%,700,18.7倍,5.89倍,5.38%
20260825,709,ＦＰＧ,7148,東P,,"1,673",+21,+1.27%,700,9.03倍,2.34倍,5.54%
20260825,710,Ｆスターズ,3687,東P,,"2,172",+5,+0.23%,699,36.0倍,7.71倍,0.87%
20260825,711,住友大阪,5232,東P,,"5,621",-15,-0.27%,699,17.8倍,0.91倍,2.13%
20260825,712,ムニノバＨＤ,547A,東P,,455,+1,+0.22%,697,6.81倍,0.89倍,4.40%
20260825,713,メドレー,4480,東P,,"2,739",-32,-1.15%,696,46.0倍,5.53倍,0.66%
20260825,714,稀元素,4082,東P,,"2,091",+66,+3.26%,695,33.7倍,1.30倍,1.43%
20260825,715,三井倉ＨＤ,9302,東P,,"3,314.0",-25.0,-0.75%,691,19.8倍,1.82倍,1.51%
20260825,716,丸一管,5463,東P,,"1,753.5",-0.5,-0.03%,690,15.1倍,1.10倍,2.97%
20260825,717,ｉＦ日経Ｗブ,1365,東Ｅ,,"4,244",+47,+1.12%,682,ー倍,ー倍,ー%
20260825,718,共和コーポ,6570,東S,,"4,230",+10,+0.24%,680,20.8倍,4.03倍,0.95%
20260825,719,ＵＳＭＨ,3222,東S,,841,+8,+0.96%,680,"1,168倍",0.85倍,1.90%
20260825,720,カチタス,8919,東P,,"3,700",+20,+0.54%,680,20.7倍,5.41倍,2.43%
20260825,721,ダイワボウ,3107,東P,,"3,681.0",0,0.00%,676,12.5倍,1.86倍,2.99%
20260825,722,クレスコ,4674,東P,,"1,998",-46,-2.25%,672,14.5倍,2.40倍,4.00%
20260825,723,ＧＸ半導体,2243,東Ｅ,,"4,389",+56,+1.29%,671,ー倍,ー倍,ー%
20260825,724,Ｄｅｆコン,4833,東G,,70,+1,+1.45%,668,3.79倍,2.68倍,ー%
20260825,725,センコーＨＤ,9069,東P,,"2,278.0",-19.5,-0.85%,665,16.3倍,1.65倍,2.46%
20260825,726,シンプレクス,4373,東P,,"1,175",-11,-0.93%,663,21.2倍,5.29倍,2.04%
20260825,727,ウイングアク,4432,東P,,"3,310",-25,-0.75%,662,15.5倍,2.52倍,3.26%
20260825,728,三井不商業,8964,東Ｒ,,"79,200",-200,-0.25%,660,ー倍,1.22倍,5.61%
20260825,729,ソディック,6143,東P,,"1,684",+32,+1.94%,657,11.4倍,0.88倍,2.08%
20260825,730,飯野海,9119,東P,,"1,738",-6,-0.34%,656,13.1倍,1.10倍,3.05%
20260825,731,芝浦機,6104,東P,,"4,385",-60,-1.35%,655,51.9倍,0.88倍,3.19%
20260825,732,アマノ,6436,東P,,"3,943",+23,+0.59%,654,15.5倍,2.09倍,4.57%
20260825,733,ノースサンド,446A,東G,,"1,958",+29,+1.50%,654,21.1倍,7.59倍,1.69%
20260825,734,プロロジスＲ,3283,東Ｒ,,"85,900",-500,-0.58%,652,ー倍,1.45倍,4.51%
20260825,735,岩井コスモ,8707,東P,,"4,580",+25,+0.55%,649,ー倍,1.45倍,ー%
20260825,736,紀陽銀,8370,東P,,"4,950",+100,+2.06%,647,12.8倍,1.29倍,3.15%
20260825,737,ＥＤＰ,7794,東G,,"1,006",+86,+9.35%,646,ー倍,7.25倍,ー%
20260825,738,山梨銀,8360,東P,,"7,110",+90,+1.28%,644,17.5倍,0.91倍,2.29%
20260825,739,ＮＯＫ,7240,東P,,"2,997.5",-25.5,-0.84%,642,10.1倍,0.74倍,4.67%
20260825,740,バローＨＤ,9956,東P,,"3,310",+45,+1.38%,642,11.7倍,1.02倍,2.42%
20260825,741,松井,8628,東P,,"1,118",+13,+1.18%,641,ー倍,3.54倍,ー%
20260825,742,カーブスＨＤ,7085,東P,,974,-2,-0.20%,641,18.0倍,3.64倍,3.08%
20260825,743,ジェイエイシ,2124,東P,,"1,003",+13,+1.31%,639,18.5倍,7.31倍,3.79%
20260825,744,日本電技,1723,東S,,"2,159",+44,+2.08%,638,15.8倍,2.92倍,2.59%
20260825,745,ノーリツ鋼機,7744,東P,,"2,038",+33,+1.65%,635,12.9倍,0.93倍,3.68%
20260825,746,Ｄガレージ,4819,東P,,"2,307",-20,-0.86%,632,ー倍,1.46倍,ー%
20260825,747,東光高岳,6617,東P,,"7,150",+20,+0.28%,630,11.2倍,1.58倍,1.87%
20260825,748,日本ＣＭＫ,6958,東P,,750,+53,+7.60%,629,17.8倍,0.65倍,3.73%
20260825,749,ＨＵグループ,4544,東P,,"3,690.0",+30.0,+0.82%,627,40.3倍,1.50倍,3.39%
20260825,750,日本ロジ,8967,東Ｒ,,"95,900",0,0.00%,627,ー倍,1.87倍,4.93%
20260825,751,沖縄セルラー,9436,東S,,"4,060",+85,+2.14%,626,28.1倍,3.76倍,1.72%
20260825,752,大分銀,8392,東P,,"2,767",+76,+2.82%,625,16.1倍,0.79倍,1.81%
20260825,753,トーモク,3946,東P,,"4,625",-90,-1.91%,625,9.44倍,0.75倍,3.68%
20260825,754,大阪ソーダ,4046,東P,,"2,052",+29,+1.43%,623,16.8倍,1.90倍,1.46%
20260825,755,ストライクＧ,6196,東P,,"1,360",-4,-0.29%,622,15.6倍,3.65倍,4.78%
20260825,756,日本アビオ,6946,東S,,"5,820",+320,+5.82%,622,20.5倍,5.04倍,0.26%
20260825,757,ベル２４ＨＤ,6183,東P,,"1,442",+32,+2.27%,620,12.6倍,1.45倍,4.16%
20260825,758,武蔵銀,8336,東P,,"2,699",+41,+1.54%,615,13.4倍,0.95倍,3.04%
20260825,759,ディップ,2379,東P,,"1,890",-3,-0.16%,615,21.3倍,2.84倍,5.13%
20260825,760,ちゅうぎんＦ,5832,東P,,"3,431.0",+49.0,+1.45%,615,13.6倍,0.91倍,2.97%
20260825,761,ＪＳＢ,3480,東P,,"8,940",-20,-0.22%,614,31.8倍,4.09倍,ー%
20260825,762,東亜道,1882,東P,,"1,620",-7,-0.43%,612,17.9倍,1.46倍,5.56%
20260825,763,阪和興,8078,東P,,"1,868",+6,+0.32%,610,9.00倍,0.82倍,3.53%
20260825,764,Ｊマテリアル,6055,東P,,"2,062",+3,+0.15%,610,19.6倍,3.37倍,1.70%
20260825,765,コクヨ,7984,東P,,893.8,+16.9,+1.93%,606,18.4倍,1.46倍,2.74%
20260825,766,福山運,9075,東P,,"6,400",-30,-0.47%,606,13.3倍,0.79倍,1.56%
20260825,767,積水ハウスＲ,3309,東Ｒ,,"74,100",+300,+0.41%,606,ー倍,1.10倍,5.15%
20260825,768,ミナトＨＤ,6862,東S,,"3,545",+15,+0.42%,606,4.41倍,2.27倍,1.18%
20260825,769,ウィルソンＷ,9610,東S,,119,+18,+17.82%,605,ー倍,2.03倍,ー%
20260825,770,ｉＳＴＰＸ,1475,東Ｅ,,420.4,+2.7,+0.65%,604,ー倍,ー倍,ー%
20260825,771,ネクセラ,4565,東P,,"1,108",+10,+0.91%,600,ー倍,1.56倍,ー%
20260825,772,堺化学,4078,東P,,"3,965",+80,+2.06%,598,14.6倍,0.78倍,4.04%
20260825,773,オンワード,8016,東P,,778,+4,+0.52%,598,9.47倍,1.12倍,4.24%
20260825,774,コロワイド,7616,東P,,"2,096.5",-1.0,-0.05%,597,106倍,3.25倍,0.24%
20260825,775,サイボウズ,4776,東P,,"3,020",-70,-2.27%,595,18.3倍,7.76倍,1.66%
20260825,776,ハウス食Ｇ,2810,東P,,"3,751",-6,-0.16%,592,19.7倍,1.16倍,2.67%
20260825,777,三井松島ＨＤ,1518,東P,,"2,279",0,0.00%,590,9.81倍,1.46倍,5.70%
20260825,778,奥村組,1833,東P,,"5,790",0,0.00%,590,13.5倍,1.08倍,5.18%
20260825,779,レオパレス,8848,東P,,643,+5,+0.78%,590,9.20倍,4.24倍,2.33%
20260825,780,ＮＡＮＫＡＩ,9044,東P,,"3,050.0",+17.0,+0.56%,589,13.9倍,0.96倍,1.80%
20260825,781,ライフネット,7157,東P,,"1,510",+29,+1.96%,589,14.8倍,1.28倍,ー%
20260825,782,ｉＳ米国株,1655,東Ｅ,,879.8,+3.6,+0.41%,587,ー倍,ー倍,ー%
20260825,783,ＪＭＤＣ,4483,東P,,"3,425",+35,+1.03%,586,31.6倍,2.70倍,ー%
20260825,784,ＹＥデジタル,2354,東S,,"1,382",+3,+0.22%,586,15.6倍,3.27倍,2.17%
20260825,785,愛媛銀,8541,東P,,"3,065",-45,-1.45%,583,18.4倍,0.83倍,1.57%
20260825,786,高速,7504,東P,,"4,970",+240,+5.07%,581,24.4倍,2.29倍,2.41%
20260825,787,岡三,8609,東P,,"1,182",+13,+1.11%,580,ー倍,1.01倍,ー%
20260825,788,ＥＩＺＯ,6737,東P,,"3,030",+45,+1.51%,580,18.0倍,0.59倍,3.80%
20260825,789,マックス,6454,東P,,"1,817",+35,+1.96%,579,21.3倍,2.84倍,2.20%
20260825,790,ＧＸＮデカバ,563A,東Ｅ,,"1,046",+4,+0.38%,579,ー倍,ー倍,ー%
20260825,791,カルビー,2229,東P,,"3,090.0",+7.0,+0.23%,578,21.6倍,1.81倍,2.23%
20260825,792,ホシデン,6804,東P,,"2,715",-5,-0.18%,577,10.7倍,0.87倍,2.84%
20260825,793,アカツキ,3932,東P,,"3,795",-25,-0.65%,577,ー倍,1.18倍,ー%
20260825,794,第一興商,7458,東P,,"1,891.0",+25.0,+1.34%,575,15.5倍,1.59倍,3.60%
20260825,795,ギフティＧ,590A,東P,,"1,319",-74,-5.31%,572,ー倍,4.28倍,1.21%
20260825,796,サン電子,6736,東S,,"8,410",+460,+5.79%,570,23.8倍,3.68倍,ー%
20260825,797,ハイデ日高,7611,東P,,"2,992",+6,+0.20%,568,24.0倍,4.26倍,1.74%
20260825,798,サワイＧＨＤ,4887,東P,,"1,617.0",-9.0,-0.55%,567,10.1倍,1.05倍,3.46%
20260825,799,ＡＰＩ,3279,東Ｒ,,"137,400",0,0.00%,565,ー倍,1.21倍,4.77%
20260825,800,エン,4849,東P,,"1,671",-14,-0.83%,562,11.6倍,1.84倍,4.09%
20260825,801,四国銀,8387,東P,,"3,380",+70,+2.11%,560,16.1倍,0.71倍,2.54%
20260825,802,純プラ信託,1541,東Ｅ,,"8,725",-134,-1.51%,559,ー倍,ー倍,ー%
20260825,803,南都銀,8367,東P,,"1,865",+23,+1.25%,557,13.3倍,0.96倍,3.00%
20260825,804,宝ＨＬＤ,2531,東P,,"2,182.0",+25.5,+1.18%,555,35.1倍,1.61倍,1.42%
20260825,805,リミックス,3825,東S,,240,+9,+3.90%,554,4.20倍,1.64倍,1.25%
20260825,806,ニッコンＨＤ,9072,東P,,"5,434",-20,-0.37%,553,30.2倍,2.69倍,2.06%
20260825,807,冶金工,5480,東P,,"5,440",+90,+1.68%,551,8.38倍,0.73倍,4.04%
20260825,808,ＴＳテック,7313,東P,,"1,846.0",-7.5,-0.40%,550,27.0倍,0.69倍,4.98%
20260825,809,相鉄ＨＤ,9003,東P,,"2,640.5",+9.0,+0.34%,550,11.5倍,1.21倍,2.65%
20260825,810,カーボン,5302,東P,,"4,905",+50,+1.03%,549,19.4倍,0.96倍,4.08%
20260825,811,ラサールロジ,3466,東Ｒ,,"149,300",-300,-0.20%,549,ー倍,1.22倍,5.41%
20260825,812,みずほリース,8425,東P,,"1,376",+5,+0.36%,549,7.41倍,0.86倍,3.78%
20260825,813,エアロエッジ,7409,東G,,"1,547",+104,+7.21%,548,39.9倍,8.00倍,ー%
20260825,814,ケイアイ不,3465,東P,,"3,895",-20,-0.51%,547,6.27倍,1.59倍,3.85%
20260825,815,テクノ菱和,1965,東S,,"6,540",+230,+3.65%,545,11.4倍,1.98倍,2.72%
20260825,816,ＭＸ全世界株,2559,東Ｅ,,"3,007",+8,+0.27%,544,ー倍,ー倍,ー%
20260825,817,森永,2201,東P,,"2,589.5",+11.0,+0.43%,543,13.2倍,1.51倍,2.70%
20260825,818,ＨＩＳ,9603,東P,,"1,180",+13,+1.11%,542,ー倍,1.47倍,2.12%
20260825,819,ハピネット,7552,東P,,"3,760",+5,+0.13%,542,15.5倍,2.77倍,ー%
20260825,820,岩手銀,8345,東P,,"2,355",+62,+2.70%,540,16.3倍,0.82倍,2.46%
20260825,821,おきなわＦＧ,7350,東P,,"7,570",+110,+1.47%,539,13.5倍,0.98倍,2.64%
20260825,822,京葉銀,8544,東P,,"2,712",+62,+2.34%,538,16.6倍,0.97倍,2.43%
20260825,823,東海東京,8616,東P,,864,+10,+1.17%,535,ー倍,1.12倍,ー%
20260825,824,エディオン,2730,東P,,"2,545",+25,+0.99%,534,17.2倍,1.12倍,1.96%
20260825,825,ＭＸトピクス,1348,東Ｅ,,"4,253",+14,+0.33%,532,ー倍,ー倍,ー%
20260825,826,物語コーポ,3097,東P,,"5,720",-10,-0.17%,531,25.1倍,4.66倍,0.80%
20260825,827,ヨコオ,6800,東P,,"3,795",0,0.00%,530,15.8倍,1.42倍,1.69%
20260825,828,ＰＩ,4290,東P,,740,0,0.00%,529,15.6倍,1.91倍,3.78%
20260825,829,Ｊｏｓｈｉｎ,8173,東P,,"4,365",+75,+1.75%,527,32.3倍,1.06倍,2.29%
20260825,830,ＷＴＩ原油,1671,東Ｅ,,"5,353",-61,-1.13%,527,ー倍,ー倍,ー%
20260825,831,ポーラＨＤ,4927,東P,,"1,400.0",+4.0,+0.29%,527,34.4倍,1.92倍,3.71%
20260825,832,山洋電,6516,東P,,"5,450",-40,-0.73%,525,16.1倍,1.45倍,3.12%
20260825,833,アコム,8572,東S,,490.8,+1.2,+0.25%,525,12.1倍,1.07倍,4.48%
20260825,834,加賀電子,8154,東P,,"4,895",-55,-1.11%,523,10.6倍,1.22倍,2.86%
20260825,835,グンゼ,3002,東P,,"4,205",+10,+0.24%,521,25.4倍,1.22倍,5.14%
20260825,836,サトー,6287,東P,,"2,824",+61,+2.21%,520,11.9倍,1.04倍,2.83%
20260825,837,ＮＳＳＯＬ,2327,東P,,"3,902",-13,-0.33%,519,22.1倍,2.58倍,2.23%
20260825,838,ミルボン,4919,東P,,"3,305",+10,+0.30%,519,22.9倍,2.10倍,2.66%
20260825,839,渋沢倉,9304,東P,,"2,064",+55,+2.74%,517,15.9倍,1.59倍,4.36%
20260825,840,リケンＮＰＲ,6209,東P,,"3,960",-35,-0.88%,516,11.9倍,0.65倍,5.30%
20260825,841,アークランズ,9842,東P,,"1,921",-3,-0.16%,514,12.1倍,0.95倍,2.08%
20260825,842,荒川化,4968,東P,,"2,200",+19,+0.87%,512,19.4倍,0.67倍,2.50%
20260825,843,キッツ,6498,東P,,"1,942",+4,+0.21%,510,12.6倍,1.36倍,3.19%
20260825,844,航空電子,6807,東P,,"2,421",+37,+1.55%,509,27.2倍,1.13倍,2.07%
20260825,845,百十四,8386,東P,,"2,978",+44,+1.50%,509,16.1倍,0.87倍,2.35%
20260825,846,池田泉州ＨＤ,8714,東P,,"1,058",+23,+2.22%,506,15.4倍,1.17倍,2.60%
20260825,847,西松建,1820,東P,,"5,537",-14,-0.25%,504,10.7倍,1.14倍,4.52%
20260825,848,テンシャル,325A,東G,,"1,786",-14,-0.78%,504,15.7倍,6.73倍,ー%
20260825,849,ギフトＨＤ,9279,東P,,"5,040",-140,-2.70%,502,33.5倍,8.38倍,0.52%
20260825,850,カゴメ,2811,東P,,"2,714.5",-6.0,-0.22%,501,23.4倍,1.27倍,2.14%
20260825,851,東京綱,5981,東P,,"1,925",-16,-0.82%,500,9.90倍,0.71倍,3.64%
20260825,852,大同メ,7245,東P,,"1,252",-9,-0.71%,499,11.6倍,0.71倍,2.88%
20260825,853,科研薬,4521,東P,,"3,985",+5,+0.13%,496,23.2倍,0.99倍,4.77%
20260825,854,電通総研,4812,東P,,"2,726",-3,-0.11%,495,29.6倍,5.05倍,1.65%
20260825,855,アインＨＤ,9627,東P,,"6,180",+28,+0.46%,495,14.5倍,1.37倍,1.62%
20260825,856,テレ朝ＨＤ,9409,東P,,"3,145",+20,+0.64%,494,12.7倍,0.66倍,3.18%
20260825,857,パイロット,7846,東P,,"2,025.0",+25.0,+1.25%,494,14.2倍,1.46倍,2.22%
20260825,858,ガンホー,3765,東P,,"2,433",0,0.00%,494,ー倍,1.11倍,ー%
20260825,859,西鉄,9031,東P,,"3,108.0",+2.0,+0.06%,492,10.4倍,0.81倍,2.90%
20260825,860,アルコニクス,3036,東P,,"3,460",-5,-0.14%,492,11.3倍,0.92倍,2.75%
20260825,861,太平電,1968,東P,,"2,479",+30,+1.22%,492,13.0倍,1.25倍,3.03%
20260825,862,飛島ＨＤ,256A,東P,,"2,154",-8,-0.37%,491,8.61倍,0.78倍,5.11%
20260825,863,ＧＸ半導１０,282A,東Ｅ,,"2,340",+11,+0.47%,488,ー倍,ー倍,ー%
20260825,864,ユシロ,5013,東S,,"2,938",-77,-2.55%,488,9.65倍,0.77倍,ー%
20260825,865,松屋フーズ,9887,東P,,"5,230",+30,+0.58%,487,28.4倍,1.86倍,0.50%
20260825,866,フィナＨＤ,4419,東G,,"1,358",-23,-1.67%,486,30.4倍,6.36倍,ー%
20260825,867,アステリア,3853,東P,,"1,196",+46,+4.00%,486,ー倍,2.15倍,0.84%
20260825,868,フクダ電,6960,東S,,"11,840",+80,+0.68%,485,18.1倍,1.67倍,1.94%
20260825,869,栗本鉄,5602,東P,,"1,731",+12,+0.70%,484,14.0倍,1.11倍,3.47%
20260825,870,オキサイド,6521,東G,,"3,390",+115,+3.51%,484,66.0倍,8.24倍,ー%
20260825,871,ビーエイブル,604A,東S,,"1,133",+52,+4.81%,484,15.4倍,1.93倍,1.77%
20260825,872,東プレ,5975,東P,,"3,160",-5,-0.16%,483,10.2倍,0.62倍,3.16%
20260825,873,地盤ＨＤ,6072,東S,,"1,061",-29,-2.66%,483,ー倍,17.1倍,ー%
20260825,874,岡本硝子,7746,東S,,767,+27,+3.65%,483,306倍,9.02倍,ー%
20260825,875,東洋証券,8614,東P,,714,-7,-0.97%,482,ー倍,1.70倍,ー%
20260825,876,王将フード,9936,東P,,"2,974",+2,+0.07%,480,22.0倍,2.44倍,1.88%
20260825,877,東急建設,1720,東P,,"1,162",-5,-0.43%,478,11.2倍,1.12倍,3.70%
20260825,878,平和不,8803,東P,,"2,402",+12,+0.50%,476,13.8倍,1.28倍,4.29%
20260825,879,ロイヤルＨＤ,8179,東P,,"1,370",+17,+1.26%,473,23.7倍,2.40倍,1.28%
20260825,880,日セラ,6929,東P,,"3,705",-10,-0.27%,473,16.2倍,1.65倍,4.45%
20260825,881,因幡電産,9934,東P,,"2,980.5",-11.5,-0.38%,472,14.1倍,1.62倍,2.85%
20260825,882,ノリタケ,5331,東P,,"3,610",0,0.00%,471,11.7倍,1.11倍,3.32%
20260825,883,クオリプス,4894,東G,,"5,490",+240,+4.57%,467,ー倍,10.3倍,ー%
20260825,884,ＮＳＤ,9759,東P,,"2,881.0",-10.5,-0.36%,466,16.6倍,3.18倍,3.37%
20260825,885,西松屋チェ,7545,東P,,"2,028",+1,+0.05%,466,14.5倍,1.22倍,1.58%
20260825,886,あいＨＤ,3076,東P,,"2,962",+27,+0.92%,465,17.6倍,1.34倍,4.73%
20260825,887,Ｋｕｄａｎ,4425,東G,,"1,404",+42,+3.08%,464,ー倍,6.37倍,ー%
20260825,888,ＴＲＥＨＤ,9247,東P,,"1,950",-16,-0.81%,463,18.3倍,1.11倍,2.56%
20260825,889,日軽金ＨＤ,5703,東P,,"3,025",-25,-0.82%,463,11.0倍,0.74倍,3.64%
20260825,890,テクニスコ,2962,東S,,"1,618",+97,+6.38%,461,74.4倍,8.44倍,ー%
20260825,891,ドトル日レス,3087,東P,,"3,375",+50,+1.50%,460,18.8倍,1.33倍,1.78%
20260825,892,ＮＴＴ都市Ｒ,8956,東Ｒ,,"131,400",+100,+0.08%,458,ー倍,1.30倍,4.72%
20260825,893,大紀ア,5702,東P,,"1,906",+5,+0.26%,456,6.21倍,0.96倍,4.72%
20260825,894,福井銀,8362,東P,,"6,740",+190,+2.90%,451,17.7倍,0.98倍,2.23%
20260825,895,ローランド,7944,東P,,"3,855",+5,+0.13%,451,14.1倍,2.34倍,4.41%
20260825,896,Ｊプライム,8955,東Ｒ,,"97,800",-200,-0.20%,449,ー倍,1.38倍,4.40%
20260825,897,東京衡機,7719,東S,,500,-4,-0.79%,449,15.3倍,2.03倍,ー%
20260825,898,アルバリンク,5537,東G,,"3,030",-190,-5.90%,446,17.4倍,9.91倍,ー%
20260825,899,プレイド,4165,東G,,688,-28,-3.91%,446,ー倍,5.56倍,ー%
20260825,900,三桜工,6584,東P,,800,-4,-0.50%,446,19.1倍,0.59倍,3.50%
20260825,901,ノート,5243,東G,,"2,551",+1,+0.04%,445,41.3倍,6.47倍,ー%
20260825,902,西華産,8061,東P,,"3,055",-5,-0.16%,445,13.0倍,2.05倍,3.44%
20260825,903,クオールＨＤ,3034,東P,,"2,620",+88,+3.48%,444,12.6倍,1.66倍,2.06%
20260825,904,ダイトロン,7609,東P,,"3,970",+25,+0.63%,442,12.9倍,2.07倍,3.02%
20260825,905,浅沼組,1852,東P,,926,-12,-1.28%,440,14.4倍,1.54倍,4.86%
20260825,906,ＶＩＸＥＴＦ,318A,東Ｅ,,376.9,+1.6,+0.43%,440,ー倍,ー倍,ー%
20260825,907,フォスター,6794,東P,,"3,085",+50,+1.65%,440,13.9倍,1.03倍,3.73%
20260825,908,東芝テック,6588,東P,,"3,140",+30,+0.96%,438,23.8倍,1.75倍,1.27%
20260825,909,雪印メグ,2270,東P,,"3,705",+20,+0.54%,438,9.04倍,0.91倍,2.70%
20260825,910,シップＨＤ,3360,東P,,"2,392.0",+14.0,+0.59%,438,13.6倍,1.48倍,2.72%
20260825,911,ニッタ,5186,東P,,"6,770",+150,+2.27%,436,12.4倍,1.10倍,2.51%
20260825,912,住石ＨＤ,1514,東S,,716,-9,-1.24%,432,26.4倍,1.51倍,2.09%
20260825,913,青山商,8219,東P,,776,+8,+1.04%,431,14.5倍,0.63倍,4.90%
20260825,914,大和証券リビ,8986,東Ｒ,,"95,700",+100,+0.10%,430,ー倍,1.21倍,5.25%
20260825,915,スマレジ,4431,東G,,"3,415",+55,+1.64%,430,23.7倍,6.84倍,0.85%
20260825,916,石原産,4028,東P,,"3,170",+20,+0.63%,429,ー倍,0.95倍,4.10%
20260825,917,伯東,7433,東P,,"5,290",0,0.00%,428,15.6倍,1.44倍,4.82%
20260825,918,東エレデバ,2760,東P,,"3,990",-5,-0.13%,428,12.5倍,2.20倍,3.23%
20260825,919,イワキポンプ,6237,東P,,"4,200",+15,+0.36%,427,18.1倍,2.22倍,2.19%
20260825,920,イオンリート,3292,東Ｒ,,"120,200",-400,-0.33%,425,ー倍,1.04倍,5.64%
20260825,921,丹青社,9743,東P,,"1,505",-13,-0.86%,425,12.5倍,1.89倍,5.32%
20260825,922,網屋,4258,東G,,"4,195",-185,-4.22%,423,39.8倍,14.5倍,0.48%
20260825,923,コジマ,7513,東P,,"1,487",-13,-0.87%,422,21.7倍,1.56倍,1.88%
20260825,924,ＳＲＥＨＤ,2980,東P,,"2,414",-39,-1.59%,421,13.8倍,2.41倍,0.83%
20260825,925,りたりこ,7366,東P,,"1,927",+39,+2.07%,421,19.9倍,4.68倍,0.78%
20260825,926,ライフコーポ,8194,東P,,"2,720",+13,+0.48%,421,12.4倍,1.49倍,2.57%
20260825,927,ミラースＨＤ,8897,東P,,462,+5,+1.09%,420,7.72倍,0.75倍,4.98%
20260825,928,くら寿司,2695,東P,,"1,746",+25,+1.45%,420,46.3倍,2.16倍,0.86%
20260825,929,リケンテクノ,4220,東P,,"2,628",-29,-1.09%,419,13.0倍,1.81倍,3.23%
20260825,930,東合成,4045,東P,,"1,861.5",+24.5,+1.33%,416,16.7倍,0.90倍,3.87%
20260825,931,ダスキン,4665,東P,,"4,682",+17,+0.36%,416,20.8倍,1.41倍,2.88%
20260825,932,やまびこ,6250,東P,,"4,160",-5,-0.12%,416,10.3倍,1.29倍,2.64%
20260825,933,ブレーキ,7238,東P,,108,-1,-0.92%,415,11.7倍,0.58倍,ー%
20260825,934,大和オフィス,8976,東Ｒ,,"324,500",-500,-0.15%,415,ー倍,1.24倍,4.42%
20260825,935,大栄環境,9336,東P,,"3,815",+5,+0.13%,412,23.2倍,3.44倍,1.44%
20260825,936,アークス,9948,東P,,"3,755",+20,+0.54%,411,16.1倍,1.02倍,2.18%
20260825,937,デジアーツ,2326,東P,,"4,445",-10,-0.22%,410,15.7倍,3.25倍,2.25%
20260825,938,稲畑産,8098,東P,,"4,235",-35,-0.82%,410,10.8倍,0.94倍,3.38%
20260825,939,日本化,4092,東P,,"5,320",-90,-1.66%,407,10.3倍,0.83倍,4.51%
20260825,940,バルカー,7995,東P,,"6,680",+120,+1.83%,405,13.5倍,2.10倍,2.99%
20260825,941,ジャフコＧ,8595,東P,,"2,327.5",+7.0,+0.30%,405,ー倍,0.92倍,5.71%
20260825,942,中国塗,4617,東P,,"3,560",-25,-0.70%,404,16.1倍,1.83倍,2.81%
20260825,943,コメ兵ＨＤ,2780,東S,,"5,050",-50,-0.98%,401,9.49倍,1.42倍,2.14%
20260825,944,日本ドライ,1909,東S,,"3,705",+5,+0.14%,399,ー倍,3.08倍,ー%
20260825,945,山形銀,8344,東P,,"4,300",+60,+1.42%,398,17.8倍,0.86倍,2.28%
20260825,946,ジャックス,8584,東P,,"3,835",0,0.00%,398,17.2倍,0.57倍,5.22%
20260825,947,長野計器,7715,東P,,"3,855",+20,+0.52%,398,16.7倍,1.42倍,1.56%
20260825,948,マクセル,6810,東P,,"2,397",+17,+0.71%,396,13.2倍,0.98倍,2.34%
20260825,949,Ｍ＆Ａキャピ,6080,東P,,"4,235",+70,+1.68%,396,17.5倍,2.82倍,1.71%
20260825,950,ＦＦＲＩ,3692,東G,,"4,950",-35,-0.70%,396,34.6倍,10.4倍,0.36%
20260825,951,エムアップ,3661,東P,,864,-6,-0.69%,386,17.3倍,7.15倍,2.78%
20260825,952,日本電設,1950,東P,,"3,915",+15,+0.38%,384,12.1倍,1.07倍,3.24%
20260825,953,テクノフレ,3449,東S,,"3,840",-30,-0.78%,383,17.2倍,2.53倍,1.67%
20260825,954,スズケン,9987,東P,,"5,071",-15,-0.29%,382,13.7倍,0.83倍,2.37%
20260825,955,三重交ＨＤ,3232,東P,,596,+19,+3.29%,382,10.0倍,0.82倍,3.36%
20260825,956,ヘリオス,4593,東G,,277,+10,+3.75%,382,ー倍,4.26倍,ー%
20260825,957,有沢製,5208,東P,,"2,544",0,0.00%,380,18.5倍,1.68倍,4.32%
20260825,958,ミラースＲ,3492,東Ｒ,,"82,100",0,0.00%,379,ー倍,0.92倍,6.58%
20260825,959,伊藤米久ＨＤ,2296,東P,,"5,130",-10,-0.19%,378,15.7倍,0.99倍,3.02%
20260825,960,アトム,7412,東S,,383,+7,+1.86%,378,ー倍,21.3倍,ー%
20260825,961,ＫＨネオケム,4189,東P,,"3,470",+65,+1.91%,378,14.0倍,1.63倍,3.75%
20260825,962,スピー,4499,東S,,"2,733",+8,+0.29%,377,ー倍,4.80倍,ー%
20260825,963,カーリット,4275,東P,,"2,140",+1,+0.05%,374,15.7倍,1.25倍,1.96%
20260825,964,コンヴァノ,6574,東G,,119,-7,-5.56%,374,10.2倍,4.89倍,0.84%
20260825,965,小森,6349,東P,,"2,002",-24,-1.18%,373,14.8倍,0.85倍,5.00%
20260825,966,サカタＩＮＸ,4633,東P,,"2,659",-10,-0.37%,372,11.0倍,1.03倍,3.76%
20260825,967,トモニＨＤ,8600,東P,,"1,079",+12,+1.12%,372,11.6倍,0.69倍,2.78%
20260825,968,カワチ薬品,2664,東P,,"3,765",+10,+0.27%,371,28.0倍,0.73倍,2.66%
20260825,969,Ｒみらい,3476,東Ｒ,,"41,200",-50,-0.12%,371,ー倍,0.89倍,6.26%
20260825,970,Ｕアローズ,7606,東P,,"2,514",+10,+0.40%,371,11.0倍,1.62倍,4.46%
20260825,971,サカタタネ,1377,東P,,"4,485",+5,+0.11%,368,19.0倍,1.06倍,2.01%
20260825,972,東邦ＨＤ,8129,東P,,"3,953",-4,-0.10%,368,20.0倍,0.97倍,4.55%
20260825,973,リョービ,5851,東P,,"2,779",-33,-1.17%,368,7.37倍,0.47倍,3.81%
20260825,974,ＤＣＭ,3050,東P,,"1,615",+8,+0.50%,367,12.7倍,0.77倍,2.97%
20260825,975,タダノ,6395,東P,,"1,371",-19,-1.37%,367,12.4倍,0.80倍,2.48%
20260825,976,大平金,5541,東P,,"2,670",+9,+0.34%,366,347倍,0.75倍,4.87%
20260825,977,ジャスト,4686,東P,,"4,100",+5,+0.12%,366,ー倍,2.16倍,0.73%
20260825,978,日本駐車場,2353,東P,,271,+2,+0.74%,364,14.8倍,4.32倍,3.32%
20260825,979,日ガス,8174,東P,,"2,975.5",+10.5,+0.35%,364,22.6倍,4.93倍,3.70%
20260825,980,アクシアル,8255,東P,,"1,280",+10,+0.79%,363,13.9倍,1.17倍,2.27%
20260825,981,グロバワン,8958,東Ｒ,,"112,300",+300,+0.27%,363,ー倍,1.23倍,5.70%
20260825,982,ＬＩＮＫ＆Ｍ,2170,東P,,692,+14,+2.06%,363,21.0倍,5.94倍,2.37%
20260825,983,ユニソルＨＤ,7128,東P,,"2,821",-55,-1.91%,362,32.3倍,0.93倍,6.42%
20260825,984,日本信号,6741,東P,,"1,867",+21,+1.14%,362,11.7倍,1.03倍,3.00%
20260825,985,タスキＨＤ,166A,東P,,"1,198",-7,-0.58%,362,12.8倍,2.29倍,4.17%
20260825,986,水戸,8622,東P,,915,+2,+0.22%,360,ー倍,1.27倍,ー%
20260825,987,紙パル商,8032,東P,,"1,195",-16,-1.32%,359,16.4倍,1.00倍,3.01%
20260825,988,多摩川ＨＤ,6838,東S,,"1,395",-42,-2.92%,359,6.93倍,1.40倍,0.72%
20260825,989,大日精,4116,東P,,"1,383",+8,+0.58%,358,10.9倍,0.67倍,3.98%
20260825,990,初穂商事,7425,東S,,"1,131",-59,-4.96%,357,8.50倍,0.73倍,3.54%
20260825,991,板硝子,5202,東P,,492,-1,-0.20%,357,23.4倍,0.46倍,ー%
20260825,992,ＡＮＡＰＨＤ,3189,東S,,150,-9,-5.66%,357,ー倍,0.92倍,ー%
20260825,993,酉島,6363,東P,,"3,105",-55,-1.74%,356,11.5倍,1.33倍,2.19%
20260825,994,愛知鋼,5482,東P,,"3,205",+5,+0.16%,356,18.2倍,0.87倍,4.68%
20260825,995,中電工,1941,東P,,"5,120",-40,-0.78%,355,13.8倍,1.07倍,2.73%
20260825,996,大豊工業,6470,東S,,"1,132",-36,-3.08%,355,8.94倍,0.50倍,2.65%
20260825,997,コムチュア,3844,東P,,"1,373",-39,-2.76%,353,19.5倍,2.27倍,3.79%
20260825,998,前田工繊,7821,東P,,"2,020",-10,-0.49%,353,14.0倍,1.77倍,1.58%
20260825,999,不二越,6474,東P,,"5,690",+60,+1.07%,352,16.5倍,0.70倍,1.93%
20260825,1000,ノエビアＨＤ,4928,東P,,"4,875",-65,-1.32%,352,20.3倍,3.26倍,4.72%
20260825,1001,東洋炭素,5310,東P,,"6,850",+10,+0.15%,352,28.7倍,1.47倍,2.12%
20260825,1002,ゼリア新薬,4559,東P,,"2,070",-51,-2.40%,351,9.12倍,0.84倍,2.42%
20260825,1003,宮崎銀,8393,東P,,"2,415",+39,+1.64%,351,14.0倍,0.87倍,2.32%
20260825,1004,極東開発,7226,東P,,"2,351",-11,-0.47%,350,18.1倍,0.81倍,5.10%
20260825,1005,日本リート,3296,東Ｒ,,"82,700",+200,+0.24%,350,ー倍,1.08倍,5.56%
20260825,1006,コスピブル,2033,東EN,,"75,000","+1,450",+1.97%,350,ー倍,ー倍,ー%
20260825,1007,守谷輸送機,6226,東S,,"2,281",+37,+1.65%,349,18.2倍,5.25倍,1.67%
20260825,1008,タクマ,6013,東P,,"3,070",+5,+0.16%,349,14.4倍,2.00倍,3.52%
20260825,1009,月島ＨＤ,6332,東P,,"2,803",+20,+0.72%,349,13.1倍,1.15倍,3.14%
20260825,1010,星野Ｒリート,3287,東Ｒ,,"241,400","-1,600",-0.66%,349,ー倍,0.97倍,5.55%
20260825,1011,ＦＣＣ,7296,東P,,"4,165",+5,+0.12%,349,11.6倍,0.95倍,4.32%
20260825,1012,パーカライ,4095,東P,,"1,737",+11,+0.64%,349,13.1倍,0.90倍,2.88%
20260825,1013,東和薬品,4553,東P,,"3,885",+10,+0.26%,348,8.90倍,1.05倍,2.19%
20260825,1014,壱番屋,7630,東P,,941,-3,-0.32%,347,55.2倍,4.73倍,1.70%
20260825,1015,エフピコ,7947,東P,,"2,777",-13,-0.47%,346,ー倍,1.37倍,2.63%
20260825,1016,乃村工芸社,9716,東P,,"1,261",+11,+0.88%,346,15.2倍,2.41倍,3.49%
20260825,1017,イリソ電子,6908,東P,,"2,779",+63,+2.32%,346,12.4倍,0.78倍,3.60%
20260825,1018,ＩＤＥＣ,6652,東P,,"3,610",+20,+0.56%,345,17.8倍,1.46倍,3.60%
20260825,1019,クラシル,299A,東G,,"1,300",-10,-0.76%,344,22.6倍,4.02倍,ー%
20260825,1020,ブルーゾーン,417A,東P,,"1,869.0",-2.0,-0.11%,343,15.8倍,1.85倍,1.71%
20260825,1021,イノテック,9880,東P,,"3,650",+70,+1.96%,340,8.57倍,1.65倍,3.56%
20260825,1022,コメリ,8218,東P,,"3,870",-5,-0.13%,339,12.1倍,0.69倍,1.50%
20260825,1023,シークス,7613,東P,,"1,573",+10,+0.64%,339,9.04倍,0.67倍,3.18%
20260825,1024,広済堂ＨＤ,7868,東P,,555,-19,-3.31%,339,17.8倍,1.66倍,2.40%
20260825,1025,ＷＮＩウェザ,4825,東P,,"2,122",+14,+0.66%,338,24.5倍,3.95倍,2.36%
20260825,1026,シェアテク,3989,東G,,"1,570",+30,+1.95%,337,15.0倍,6.66倍,3.50%
20260825,1027,化工機,6331,東P,,"3,225",+20,+0.62%,337,10.7倍,1.63倍,3.72%
20260825,1028,レッティ,7356,東G,,125,+8,+6.84%,337,23.7倍,4.79倍,ー%
20260825,1029,マニー,7730,東P,,"1,614",-4,-0.25%,336,23.4倍,2.78倍,2.54%
20260825,1030,セーレン,3569,東P,,"3,395",-50,-1.45%,336,12.7倍,1.21倍,2.24%
20260825,1031,カヤバ,7242,東P,,"4,705",0,0.00%,335,11.8倍,0.81倍,3.44%
20260825,1032,三十三ＦＧ,7322,東P,,"2,016",+31,+1.56%,334,14.0倍,0.90倍,2.18%
20260825,1033,平和堂,8276,東P,,"2,721",-28,-1.02%,334,13.7倍,0.69倍,2.43%
20260825,1034,第一実,8059,東P,,"3,625",+25,+0.69%,333,12.3倍,1.25倍,3.45%
20260825,1035,内海造,7018,東S,,"12,480",+680,+5.76%,333,21.2倍,1.48倍,0.32%
20260825,1036,椿本チ,6371,東P,,"2,689",+5,+0.19%,331,12.4倍,0.92倍,2.98%
20260825,1037,エネクス,8133,東P,,"2,249",-4,-0.18%,330,15.4倍,1.36倍,3.02%
20260825,1038,ＡＫＩＢＡ,6840,東S,,783,+12,+1.56%,328,ー倍,1.54倍,ー%
20260825,1039,森ヒルズＲ,3234,東Ｒ,,"129,300",+500,+0.39%,328,ー倍,1.20倍,4.80%
20260825,1040,ＴＯＫＡＩ,3167,東P,,"1,286",+25,+1.98%,328,15.1倍,1.61倍,2.95%
20260825,1041,カナモト,9678,東P,,"5,510",+10,+0.18%,327,14.5倍,1.22倍,2.00%
20260825,1042,タマホーム,1419,東P,,"3,065",-20,-0.65%,327,22.2倍,2.99倍,4.24%
20260825,1043,原油先Ｗブル,2038,東EN,,"2,285",-1,-0.04%,327,ー倍,ー倍,ー%
20260825,1044,リベラウェア,218A,東G,,"1,081",-32,-2.88%,327,ー倍,31.5倍,ー%
20260825,1045,乾汽船,9308,東S,,"2,067",-69,-3.23%,325,13.6倍,1.36倍,2.20%
20260825,1046,ポート,7047,東G,,"2,297",-117,-4.85%,325,9.10倍,2.74倍,0.57%
20260825,1047,ティラド,7236,東P,,"1,560",+11,+0.71%,324,9.30倍,1.66倍,5.26%
20260825,1048,山善,8051,東P,,"1,926",+20,+1.05%,323,16.8倍,1.17倍,2.91%
20260825,1049,わらべ日洋,2918,東P,,"2,876",+4,+0.14%,323,10.4倍,0.84倍,4.17%
20260825,1050,新日本空調,1952,東P,,"3,085",0,0.00%,323,11.0倍,1.73倍,3.89%
20260825,1051,鉄建建設,1815,東P,,"4,450",+10,+0.23%,322,9.84倍,0.82倍,5.17%
20260825,1052,ワコム,6727,東P,,794,-3,-0.38%,322,10.5倍,2.86倍,3.02%
20260825,1053,タムラ,6768,東P,,746,+3,+0.40%,322,13.2倍,0.91倍,2.14%
20260825,1054,ＣＳＨＤ,3810,東S,,221,-3,-1.34%,320,ー倍,2.77倍,ー%
20260825,1055,西川ゴム,5161,東S,,"3,620",0,0.00%,319,20.2倍,1.51倍,5.08%
20260825,1056,杏林製薬,4569,東P,,"1,171",+16,+1.39%,319,44.9倍,0.48倍,2.13%
20260825,1057,ＭＸ米株ＳＰ,2558,東Ｅ,,"3,520",+20,+0.57%,319,ー倍,ー倍,ー%
20260825,1058,日証金,8511,東P,,"2,468",+13,+0.53%,318,18.1倍,1.42倍,3.81%
20260825,1059,栃木銀,8550,東P,,"1,023",+12,+1.19%,317,11.8倍,0.65倍,2.93%
20260825,1060,平和不リート,8966,東Ｒ,,"133,200",-200,-0.15%,317,ー倍,1.33倍,6.05%
20260825,1061,エクセレント,8987,東Ｒ,,"140,200",-400,-0.28%,316,ー倍,1.23倍,4.42%
20260825,1062,ｉＦＦＡＮＧ,316A,東Ｅ,,"2,680",+1,+0.04%,316,ー倍,ー倍,ー%
20260825,1063,ＨＵＬＩＣＲ,3295,東Ｒ,,"154,500",-500,-0.32%,316,ー倍,1.10倍,5.18%
20260825,1064,能美防災,6744,東P,,"4,310",-65,-1.49%,316,19.1倍,1.88倍,2.69%
20260825,1065,フジ,8278,東P,,"2,123",+15,+0.71%,314,26.3倍,0.82倍,1.41%
20260825,1066,リョー菱ＨＤ,167A,東P,,"3,120",-10,-0.32%,313,16.7倍,0.91倍,4.49%
20260825,1067,ダイハツイン,6023,東S,,"2,992",+8,+0.27%,313,10.7倍,1.55倍,2.77%
20260825,1068,リンガハット,8200,東P,,"2,360",+6,+0.25%,312,51.0倍,3.98倍,0.55%
20260825,1069,アスクル,2678,東P,,"1,278",-4,-0.31%,312,28.6倍,2.39倍,1.56%
20260825,1070,大崎電,6644,東P,,"1,530",-2,-0.13%,311,13.9倍,1.18倍,3.20%
20260825,1071,シンデンハイ,3131,東S,,"6,200",+360,+6.16%,310,5.84倍,1.49倍,3.79%
20260825,1072,レナ,4889,東G,,"1,356",+26,+1.95%,310,ー倍,5.79倍,ー%
20260825,1073,明海グループ,9115,東S,,"1,197",-130,-9.80%,310,19.4倍,0.74倍,ー%
20260825,1074,トランスコス,9715,東P,,"3,735",+25,+0.67%,309,10.4倍,1.11倍,3.88%
20260825,1075,ニップン,2001,東P,,"2,945",+9,+0.31%,309,11.5倍,0.87倍,2.31%
20260825,1076,ＧＬテクノ,255A,東S,,"5,140",+50,+0.98%,308,12.1倍,1.35倍,2.45%
20260825,1077,矢作建,1870,東P,,"2,153",+3,+0.14%,307,10.0倍,1.22倍,5.11%
20260825,1078,三洋貿易,3176,東P,,"1,102",-8,-0.72%,307,10.6倍,1.14倍,3.63%
20260825,1079,クミアイ化,4996,東P,,782,-4,-0.51%,305,14.7倍,0.61倍,3.07%
20260825,1080,ＮＩＴＴＯＫ,6145,東S,,"2,493",+5,+0.20%,305,12.8倍,1.04倍,3.29%
20260825,1081,ｉＦナ百Ｗブ,2869,東Ｅ,,"2,898",+28,+0.98%,305,ー倍,ー倍,ー%
20260825,1082,ユアテック,1934,東P,,"2,519",-10,-0.40%,304,13.1倍,1.12倍,3.10%
20260825,1083,野村ナスＨ無,1545,東Ｅ,,235.1,+1.4,+0.60%,303,ー倍,ー倍,ー%
20260825,1084,ライト,1926,東P,,"3,770",0,0.00%,303,13.1倍,1.83倍,3.87%
20260825,1085,パソナＧ,2168,東P,,"1,681",+36,+2.19%,303,ー倍,0.49倍,4.46%
20260825,1086,オカムラ,7994,東P,,"2,365",0,0.00%,303,10.6倍,1.10倍,4.44%
20260825,1087,京阪神ビル,8818,東P,,"1,109",+5,+0.45%,303,15.1倍,1.25倍,2.71%
20260825,1088,クオンツ総研,9552,東P,,"1,088",-17,-1.54%,301,16.2倍,14.7倍,ー%
20260825,1089,ＳＨＯＥＩ,7839,東P,,"2,073",-16,-0.77%,299,17.9倍,3.27倍,2.89%
20260825,1090,ステラケミ,4109,東P,,"5,460",-50,-0.91%,299,19.6倍,1.40倍,3.30%
20260825,1091,エニマインド,5027,東G,,784,-27,-3.33%,298,28.5倍,2.63倍,0.26%
20260825,1092,セイワＨＤ,523A,東G,,"1,736",+48,+2.84%,298,ー倍,5.29倍,ー%
20260825,1093,新日本建,1879,東P,,"2,314",-15,-0.64%,298,7.73倍,1.00倍,3.46%
20260825,1094,地主,3252,東P,,"2,981",-3,-0.10%,298,7.71倍,1.21倍,4.36%
20260825,1095,ワコールＨＤ,3591,東P,,"4,283",-12,-0.28%,297,118倍,1.00倍,2.33%
20260825,1096,ＢＴＣＪＰＮ,8105,東S,,92,+1,+1.10%,297,ー倍,1.25倍,ー%
20260825,1097,ワシントンＨ,4691,東S,,"2,350",+122,+5.48%,296,12.3倍,2.29倍,1.91%
20260825,1098,ＣＣＩＧ,7381,東P,,"1,211",+11,+0.92%,296,15.7倍,1.01倍,2.48%
20260825,1099,プロクレＨＤ,7384,東P,,"4,480",+105,+2.40%,296,18.1倍,0.75倍,2.23%
20260825,1100,新電元,6844,東P,,"3,045",-15,-0.49%,296,11.5倍,0.42倍,3.28%
20260825,1101,ニチレキＧ,5011,東P,,"2,324",-82,-3.41%,296,15.4倍,0.84倍,3.66%
20260825,1102,川田テク,3443,東P,,"1,399",-1,-0.07%,295,10.1倍,0.73倍,3.00%
20260825,1103,セレス,3696,東P,,"2,299",+48,+2.13%,295,4.42倍,1.99倍,3.91%
20260825,1104,ＤｙＤｏ,2590,東P,,"3,090",+30,+0.98%,295,19.6倍,1.49倍,0.97%
20260825,1105,ＪＩＡ,7172,東P,,"2,093",+14,+0.67%,295,10.0倍,1.58倍,5.16%
20260825,1106,サーラ,2734,東P,,"1,226",-10,-0.81%,294,13.2倍,0.81倍,2.77%
20260825,1107,サンエー,2659,東P,,"3,380",0,0.00%,292,18.3倍,1.35倍,3.25%
20260825,1108,セ硝子,4044,東P,,"4,495",+10,+0.22%,292,13.9倍,0.87倍,3.78%
20260825,1109,ナガイレーベ,7447,東P,,"1,793",+6,+0.34%,291,18.2倍,1.34倍,3.90%
20260825,1110,富士急,9010,東P,,"2,776",+7,+0.25%,291,25.6倍,3.52倍,1.19%
20260825,1111,ＣＡＩＣＡＤ,2315,東S,,66,0,0.00%,289,129倍,1.93倍,ー%
20260825,1112,新晃工,6458,東P,,"1,259",0,0.00%,289,11.8倍,1.29倍,3.97%
20260825,1113,エレコム,6750,東P,,"1,985",+12,+0.61%,289,14.0倍,1.46倍,2.92%
20260825,1114,デジハＨＤ,3676,東P,,"1,058",0,0.00%,289,12.8倍,2.39倍,ー%
20260825,1115,ヨドコウ,5451,東P,,"1,419",-10,-0.70%,289,17.2倍,1.03倍,4.37%
20260825,1116,トランザク,7818,東P,,"1,258",+3,+0.24%,289,16.7倍,3.26倍,2.46%
20260825,1117,アズワン,7476,東P,,"2,461.0",+25.0,+1.03%,288,19.6倍,2.40倍,2.68%
20260825,1118,ＪＵＫＩ,6440,東P,,641,+32,+5.25%,287,12.6倍,0.57倍,2.34%
20260825,1119,日清オイリオ,2602,東P,,"2,051",-2,-0.10%,286,15.6倍,0.89倍,2.93%
20260825,1120,ｉＦ日経年４,2624,東Ｅ,,"6,627",+17,+0.26%,285,ー倍,ー倍,ー%
20260825,1121,タカラスタ,7981,東P,,"3,115",+15,+0.48%,285,13.8倍,1.01倍,3.98%
20260825,1122,スクロール,8005,東P,,"1,853",0,0.00%,285,13.4倍,1.63倍,5.50%
20260825,1123,いちごオフィ,8975,東Ｒ,,"95,200",+400,+0.42%,284,ー倍,1.41倍,11.9%
20260825,1124,プレミアＧ,7199,東P,,"2,119",-11,-0.52%,284,11.9倍,3.21倍,3.02%
20260825,1125,住友倉,9303,東P,,"4,160",-35,-0.83%,283,18.3倍,1.00倍,2.48%
20260825,1126,ダイセキ,9793,東P,,"3,855",+15,+0.39%,283,16.3倍,2.20倍,2.23%
20260825,1127,佐賀銀,8395,東P,,"6,350",+90,+1.44%,283,11.5倍,0.82倍,1.73%
20260825,1128,甜菜糖,2108,東P,,"5,760",-70,-1.20%,283,13.9倍,0.88倍,4.69%
20260825,1129,大有機,4187,東P,,"4,615",-20,-0.43%,282,18.1倍,1.73倍,1.86%
20260825,1130,ＴＫＣ,9746,東P,,"4,100",+55,+1.36%,281,15.6倍,1.81倍,3.07%
20260825,1131,双葉電,6986,東P,,685,-16,-2.28%,281,ー倍,0.35倍,ー%
20260825,1132,上場東証指数,1308,東Ｅ,,"4,209",+19,+0.45%,281,ー倍,ー倍,ー%
20260825,1133,三陽商,8011,東P,,"5,520",+110,+2.03%,281,13.5倍,1.39倍,3.33%
20260825,1134,金２倍ブル,606A,東Ｅ,,"25,315",+135,+0.54%,280,ー倍,ー倍,ー%
20260825,1135,図研,6947,東P,,"4,930",-20,-0.40%,279,18.2倍,2.53倍,3.04%
20260825,1136,東計電算,4746,東S,,"6,660",+100,+1.52%,277,14.0倍,2.07倍,7.15%
20260825,1137,東鉄工,1835,東P,,"3,985",+15,+0.38%,277,10.6倍,1.05倍,3.81%
20260825,1138,日本通信,9424,東P,,117,+4,+3.54%,276,ー倍,4.19倍,ー%
20260825,1139,新明和,7224,東P,,"1,989",-4,-0.20%,276,12.5倍,1.06倍,2.92%
20260825,1140,ＪＣＵ,4975,東P,,"5,410",-30,-0.55%,276,15.1倍,2.38倍,3.33%
20260825,1141,ＴＳＩＨＤ,3608,東P,,"1,280",+11,+0.87%,275,9.34倍,0.78倍,5.47%
20260825,1142,エスペック,6859,東P,,"4,000",+115,+2.96%,274,14.3倍,1.41倍,2.88%
20260825,1143,オプテクスＧ,6914,東P,,"3,230",+20,+0.62%,274,15.0倍,1.94倍,2.35%
20260825,1144,トーエネク,1946,東P,,"2,163",+16,+0.75%,274,11.2倍,1.29倍,3.51%
20260825,1145,シーイーシー,9692,東P,,"2,473",-17,-0.68%,274,12.9倍,1.78倍,3.44%
20260825,1146,琉球銀,8399,東P,,"3,105",+35,+1.14%,274,12.7倍,0.87倍,3.16%
20260825,1147,ＰＡコンサル,4071,東P,,"2,253",-17,-0.75%,273,18.4倍,5.54倍,2.22%
20260825,1148,ＡＺ丸和ＨＤ,9090,東P,,885,-2,-0.23%,273,14.4倍,1.94倍,3.62%
20260825,1149,日精機,7287,東S,,"2,594",+2,+0.08%,273,14.9倍,0.64倍,3.47%
20260825,1150,Ｋ＆Ｏエナジ,1663,東P,,"1,919",-14,-0.72%,273,15.1倍,0.93倍,2.29%
20260825,1151,ブックオフＧ,9278,東P,,"2,966",+48,+1.64%,272,18.6倍,2.46倍,1.35%
20260825,1152,ワキタ,8125,東P,,"1,969",-10,-0.51%,271,27.2倍,1.01倍,5.08%
20260825,1153,ＷＩＺＥ,3664,東G,,30,+3,+11.11%,271,ー倍,2.50倍,ー%
20260825,1154,朝日工,1975,東P,,"3,865",-40,-1.02%,270,10.8倍,1.96倍,3.73%
20260825,1155,東海理,6995,東P,,"3,100",-40,-1.27%,269,13.2倍,0.76倍,3.87%
20260825,1156,システナ,2317,東P,,444,-3,-0.67%,268,14.9倍,4.03倍,4.05%
20260825,1157,船井総研ＨＤ,9757,東P,,"1,172",+9,+0.77%,267,16.7倍,4.13倍,4.10%
20260825,1158,ゲオＨＤ,2681,東P,,"2,372",+29,+1.24%,266,15.7倍,0.94倍,1.43%
20260825,1159,東急ＲＥ,8957,東Ｒ,,"186,300",+800,+0.43%,266,ー倍,1.43倍,4.30%
20260825,1160,ＧＸ純金,425A,東Ｅ,,395.7,+1.1,+0.28%,265,ー倍,ー倍,ー%
20260825,1161,イトーキ,7972,東P,,"2,587",-10,-0.39%,264,11.4倍,2.07倍,3.48%
20260825,1162,アニコムＨＤ,8715,東P,,"1,119",+22,+2.01%,264,25.1倍,2.77倍,1.21%
20260825,1163,共栄タ,9130,東S,,"1,658",-25,-1.49%,264,3.43倍,0.46倍,2.41%
20260825,1164,ｉＳ米２０Ｈ,2621,東Ｅ,,"1,000",+2,+0.20%,263,ー倍,ー倍,ー%
20260825,1165,ＢＭＬ,4694,東P,,"3,655",+20,+0.55%,263,19.6倍,1.08倍,3.42%
20260825,1166,蝶理,8014,東P,,"4,355",0,0.00%,262,10.2倍,1.03倍,3.93%
20260825,1167,上場半導体株,213A,東Ｅ,,401.9,+3.0,+0.75%,262,ー倍,ー倍,ー%
20260825,1168,菱鉛筆,7976,東P,,"2,992",+22,+0.74%,261,18.7倍,1.09倍,1.91%
20260825,1169,ホーチキ,6745,東P,,"2,034",+10,+0.49%,261,16.9倍,2.23倍,1.97%
20260825,1170,アリアケ,2815,東P,,"5,440",+50,+0.93%,259,17.9倍,1.29倍,5.51%
20260825,1171,ヴレインＳ,135A,東G,,"4,115",-230,-5.29%,258,43.4倍,20.4倍,ー%
20260825,1172,４℃ホールデ,8008,東P,,"2,189",-2,-0.09%,258,17.8倍,1.17倍,3.88%
20260825,1173,愛三工,7283,東P,,"2,288",-20,-0.87%,258,9.74倍,0.91倍,3.63%
20260825,1174,日農薬,4997,東P,,"1,225",+8,+0.66%,257,13.0倍,1.09倍,3.10%
20260825,1175,ＪＢＣＣＨＤ,9889,東P,,"1,720",-23,-1.32%,257,17.4倍,4.26倍,3.49%
20260825,1176,ブシロード,7803,東G,,404,+4,+1.00%,257,13.0倍,1.90倍,0.74%
20260825,1177,モスフード,8153,東P,,"3,975",+20,+0.51%,256,34.1倍,2.10倍,0.86%
20260825,1178,リテールＰＡ,8167,東P,,"1,428",-5,-0.35%,256,11.1倍,0.65倍,2.80%
20260825,1179,福岡リート,8968,東Ｒ,,"179,300",-100,-0.06%,256,ー倍,1.37倍,4.46%
20260825,1180,東京製鉄,5423,東P,,"1,704",+2,+0.12%,256,173倍,0.80倍,2.35%
20260825,1181,福田組,1899,東P,,"4,840",+10,+0.21%,256,12.3倍,0.85倍,2.89%
20260825,1182,理計器,7734,東P,,"3,330",-15,-0.45%,255,15.8倍,1.73倍,1.80%
20260825,1183,イー・ギャラ,8771,東P,,"1,829",0,0.00%,255,21.4倍,4.18倍,4.59%
20260825,1184,ユニプレス,5949,東P,,"1,348",+1,+0.07%,254,13.4倍,0.46倍,5.19%
20260825,1185,ジーテクト,5970,東P,,"2,338",-25,-1.06%,254,7.70倍,0.44倍,4.19%
20260825,1186,レントラクス,6045,東G,,"2,470",+193,+8.48%,254,21.4倍,2.98倍,1.01%
20260825,1187,ネットプロ,7383,東P,,463,+10,+2.21%,254,21.1倍,2.13倍,ー%
20260825,1188,ブロドリーフ,3673,東P,,461,-1,-0.22%,254,26.1倍,3.32倍,1.68%
20260825,1189,日経ベア,1580,東Ｅ,,788.0,-4.0,-0.51%,253,ー倍,ー倍,ー%
20260825,1190,住友精化,4008,東P,,"1,551",+4,+0.26%,253,12.5倍,0.95倍,4.51%
20260825,1191,いちよし,8624,東P,,"1,693",-12,-0.70%,253,ー倍,1.77倍,ー%
20260825,1192,近鉄百,8244,東S,,"1,959",+11,+0.56%,251,20.3倍,1.70倍,1.02%
20260825,1193,ＡＯＫＩＨＤ,8214,東P,,"1,770",+18,+1.03%,250,14.9倍,1.06倍,5.08%
20260825,1194,ＤＴＳ,9682,東P,,"1,120",-4,-0.36%,250,15.0倍,2.92倍,3.39%
20260825,1195,ｉＦＳＰ無,2247,東Ｅ,,"2,303",+10,+0.44%,250,ー倍,ー倍,ー%
20260825,1196,ビジョン,9416,東P,,"1,054",0,0.00%,249,9.86倍,2.53倍,4.84%
20260825,1197,オリコ,8585,東P,,886,+6,+0.68%,249,11.7倍,0.62倍,4.51%
20260825,1198,メニコン,7780,東P,,"1,909",-5,-0.26%,249,21.8倍,1.48倍,1.47%
20260825,1199,ジョイ本田,3191,東P,,"2,280",-18,-0.78%,248,20.8倍,1.09倍,ー%
20260825,1200,エスケーエレ,6677,東S,,"3,215",+25,+0.78%,247,10.5倍,0.89倍,4.73%
20260825,1201,エレメンツ,5246,東G,,828,-10,-1.19%,246,90.2倍,6.40倍,ー%
20260825,1202,アイグリッド,603A,東G,,869,+19,+2.24%,246,14.1倍,3.54倍,ー%
20260825,1203,ＫｅｅＰｅｒ,6036,東P,,"3,285",-5,-0.15%,246,14.4倍,3.57倍,3.04%
20260825,1204,３ＤＭ,7777,東G,,366,+2,+0.55%,245,29.5倍,7.17倍,ー%
20260825,1205,丸三,8613,東P,,"1,261",-3,-0.24%,245,ー倍,1.57倍,ー%
20260825,1206,極東証券,8706,東P,,"1,899",-9,-0.47%,245,ー倍,1.14倍,ー%
20260825,1207,ｉＦＦＮＧ金,521A,東Ｅ,,"2,144",+12,+0.56%,244,ー倍,ー倍,ー%
20260825,1208,上場銀行１０,540A,東Ｅ,,"2,009",+27,+1.36%,244,ー倍,ー倍,ー%
20260825,1209,大黒屋,6993,東S,,88,-1,-1.12%,243,105倍,12.0倍,ー%
20260825,1210,マイポックス,5381,東S,,980,+40,+4.26%,242,15.2倍,1.50倍,1.02%
20260825,1211,渋谷工,6340,東P,,"5,090",-20,-0.39%,242,12.8倍,1.18倍,2.36%
20260825,1212,菱地所物流Ｒ,3481,東Ｒ,,"120,000",-100,-0.08%,242,ー倍,1.14倍,5.19%
20260825,1213,テクマト,3762,東P,,"2,366",-13,-0.55%,242,17.7倍,3.62倍,2.28%
20260825,1214,コーナン,7516,東P,,"4,470",+10,+0.22%,241,10.3倍,0.72倍,3.13%
20260825,1215,フジシール,7864,東P,,"3,330",+10,+0.30%,241,11.6倍,1.08倍,2.61%
20260825,1216,ベルク,9974,東P,,"6,850",+40,+0.59%,240,10.9倍,1.17倍,1.93%
20260825,1217,ＡＤプラズマ,6668,東S,,"3,600",+160,+4.65%,240,16.6倍,2.10倍,0.83%
20260825,1218,三星ベ,5192,東P,,"4,380",-25,-0.57%,240,12.5倍,1.20倍,4.41%
20260825,1219,ムービン,421A,東G,,"3,880",-65,-1.65%,239,16.5倍,6.89倍,ー%
20260825,1220,ＮＳグループ,471A,東P,,"1,614",+4,+0.25%,239,10.4倍,3.04倍,4.71%
20260825,1221,ミライニＨＤ,546A,東P,,"2,322",-19,-0.81%,238,5.26倍,0.90倍,4.13%
20260825,1222,黒田グループ,287A,東S,,"1,192",+6,+0.51%,238,12.4倍,1.21倍,5.29%
20260825,1223,ＫＰＰＧＨＤ,9274,東P,,"1,096",-26,-2.32%,237,13.5倍,0.75倍,3.65%
20260825,1224,千葉興,8337,東P,,"2,719",+54,+2.03%,237,17.6倍,1.02倍,0.74%
20260825,1225,亀田製菓,2220,東P,,"1,387",+3,+0.22%,236,20.4倍,0.84倍,1.73%
20260825,1226,インソース,6200,東P,,736,+1,+0.14%,236,13.6倍,4.43倍,4.76%
20260825,1227,日本ライフＬ,7575,東P,,"1,565",-4,-0.25%,235,13.7倍,1.71倍,5.18%
20260825,1228,ニシオＨＤ,9699,東P,,"4,640",-15,-0.32%,235,10.6倍,0.89倍,2.84%
20260825,1229,サンゲツ,8130,東P,,"3,180",-15,-0.47%,234,13.9倍,1.54倍,4.87%
20260825,1230,ｉＦ高配５０,354A,東Ｅ,,"3,380",+21,+0.63%,233,ー倍,ー倍,ー%
20260825,1231,ディアライフ,3245,東P,,"1,155",-2,-0.17%,233,8.55倍,1.71倍,5.54%
20260825,1232,ＧＭＯ－ＦＨ,7177,東S,,"1,150",+2,+0.17%,232,ー倍,2.40倍,4.96%
20260825,1233,森トラストＲ,8961,東Ｒ,,"74,800",-200,-0.27%,231,ー倍,1.14倍,4.85%
20260825,1234,ＷＳＣＯＰＥ,6619,東P,,154,+2,+1.32%,231,ー倍,0.23倍,ー%
20260825,1235,アルゴグラフ,7595,東P,,"1,329",-18,-1.34%,230,12.7倍,1.93倍,4.89%
20260825,1236,クラボウ,3106,東P,,"10,660",+110,+1.04%,230,11.4倍,1.24倍,3.11%
20260825,1237,ミツバ,7280,東P,,"1,313",-22,-1.65%,229,5.64倍,0.55倍,2.28%
20260825,1238,西部ガスＨＤ,9536,東P,,"2,501",+25,+1.01%,229,11.3倍,0.74倍,2.80%
20260825,1239,ＨＩＯＫＩ,6866,東P,,"10,860",+40,+0.37%,229,19.3倍,3.18倍,2.21%
20260825,1240,共英製鋼,5440,東P,,"2,025",-13,-0.64%,229,10.5倍,0.42倍,3.46%
20260825,1241,ＪＤＳＣ,4418,東G,,"1,010",-45,-4.27%,229,15.2倍,2.42倍,ー%
20260825,1242,レスター,3156,東P,,"4,785",+20,+0.42%,227,9.97倍,1.38倍,3.03%
20260825,1243,ＪＳＨ,150A,東G,,724,-28,-3.72%,227,21.4倍,2.05倍,0.41%
20260825,1244,木曽路,8160,東P,,"2,459",-3,-0.12%,226,33.0倍,2.22倍,1.22%
20260825,1245,ノーリツ,5943,東P,,"2,434",+5,+0.21%,226,12.9倍,0.78倍,3.86%
20260825,1246,東テク,9960,東P,,"3,765",0,0.00%,225,11.3倍,2.07倍,3.40%
20260825,1247,スズデン,7480,東S,,"3,490",0,0.00%,225,15.9倍,2.67倍,5.04%
20260825,1248,サガミＨＤ,9900,東P,,"2,150",-2,-0.09%,224,54.3倍,3.29倍,0.56%
20260825,1249,セルシス,3663,東P,,"1,864",-12,-0.64%,224,20.7倍,10.3倍,2.79%
20260825,1250,ＳＢＳＨＤ,2384,東P,,"5,110",+30,+0.59%,223,14.0倍,1.94倍,2.35%
20260825,1251,フライヤー,323A,東G,,404,+39,+10.68%,223,23.8倍,4.51倍,ー%
20260825,1252,タングス,6998,東S,,"3,150",-75,-2.33%,221,21.3倍,1.10倍,2.86%
20260825,1253,ユーグレナ,2931,東P,,358,+2,+0.56%,220,ー倍,1.51倍,ー%
20260825,1254,横河ブＨＤ,5911,東P,,"2,991",+3,+0.10%,220,14.4倍,0.89倍,4.35%
20260825,1255,サカイ引越,9039,東P,,"3,010",+5,+0.17%,220,13.9倍,1.20倍,3.89%
20260825,1256,メタウォータ,9551,東P,,"3,145",+25,+0.80%,220,13.7倍,1.56倍,2.54%
20260825,1257,ＮＩＳＳＨＡ,7915,東P,,"1,302",+5,+0.39%,220,19.3倍,0.53倍,3.84%
20260825,1258,野村ＳＰＨ無,2633,東Ｅ,,565.0,+2.4,+0.43%,219,ー倍,ー倍,ー%
20260825,1259,児玉化,4222,東S,,704,+5,+0.72%,219,7.83倍,0.38倍,1.42%
20260825,1260,日比谷設,1982,東P,,"2,978",-37,-1.23%,219,14.1倍,1.71倍,3.69%
20260825,1261,ＣＲＥロジ,3487,東Ｒ,,"136,600",-200,-0.15%,218,ー倍,1.02倍,5.45%
20260825,1262,信越ポリ,7970,東P,,"2,232",-8,-0.36%,217,17.1倍,1.38倍,2.96%
20260825,1263,ＬｉＮＫＸ,584A,東G,,"2,666",-2,-0.07%,217,38.3倍,10.8倍,ー%
20260825,1264,大日塗,4611,東P,,"1,557",+28,+1.83%,217,13.1倍,0.67倍,3.73%
20260825,1265,ソシラ物流,2979,東Ｒ,,"102,800",-100,-0.10%,217,ー倍,0.96倍,5.25%
20260825,1266,ＧＸテック日,2854,東Ｅ,,"2,799",+19,+0.68%,216,ー倍,ー倍,ー%
20260825,1267,山岡家,3399,東S,,"3,900",-40,-1.02%,216,21.0倍,7.24倍,0.77%
20260825,1268,ワンプラ,4199,東G,,864,-94,-9.81%,215,ー倍,7.27倍,ー%
20260825,1269,モリタＨＤ,6455,東P,,"2,487",+15,+0.61%,215,10.5倍,1.00倍,3.22%
20260825,1270,アイピーエス,4390,東P,,"3,910",+80,+2.09%,215,12.2倍,2.54倍,1.02%
20260825,1271,ＧＸＮカバコ,2865,東Ｅ,,"1,276",+5,+0.39%,213,ー倍,ー倍,ー%
20260825,1272,ヨコレイ,2874,東P,,"2,113",-16,-0.75%,213,19.8倍,1.47倍,1.28%
20260825,1273,ＲＹＯＤＥＮ,8084,東P,,"4,720",-25,-0.53%,213,16.9倍,1.07倍,3.60%
20260825,1274,沖縄電,9511,東P,,"1,176",0,0.00%,211,18.8倍,0.52倍,4.25%
20260825,1275,トラスコ中山,9830,東P,,"2,364",-7,-0.30%,211,10.3倍,0.81倍,2.58%
20260825,1276,ムゲンＥ,3299,東S,,"1,737",-15,-0.86%,210,8.59倍,1.15倍,5.99%
20260825,1277,ベース,4481,東P,,"3,270",-85,-2.53%,210,13.0倍,3.91倍,5.69%
20260825,1278,ＧＡテクノ,3491,東G,,"1,568",-7,-0.44%,209,11.8倍,1.95倍,0.83%
20260825,1279,北日銀,8551,東P,,"7,350",+90,+1.24%,209,13.2倍,0.62倍,2.61%
20260825,1280,トーセイ,8923,東P,,"1,826",+8,+0.44%,209,11.7倍,1.60倍,3.01%
20260825,1281,アイチコーポ,6345,東P,,"1,458",+7,+0.48%,209,14.1倍,1.26倍,4.46%
20260825,1282,プリマ,2281,東P,,"2,433",-8,-0.33%,208,16.3倍,1.01倍,3.29%
20260825,1283,東映,9605,東P,,"6,100",-30,-0.49%,208,30.3倍,1.29倍,0.20%
20260825,1284,コロプラ,3668,東P,,436,-3,-0.68%,208,ー倍,0.84倍,ー%
20260825,1285,藤コンポ,5121,東P,,"2,653",-81,-2.96%,208,12.8倍,1.23倍,3.24%
20260825,1286,文化シヤタ,5930,東P,,"1,897",+15,+0.80%,208,10.3倍,1.14倍,3.90%
20260825,1287,グリーＨＤ,3632,東P,,417,-3,-0.71%,207,ー倍,0.75倍,5.28%
20260825,1288,オートバクス,9832,東P,,"1,552",-6,-0.39%,207,13.6倍,0.90倍,3.87%
20260825,1289,新都ＨＤ,2776,東S,,101,+7,+7.45%,206,27.5倍,1.65倍,ー%
20260825,1290,フージャース,3284,東P,,"1,321",-11,-0.83%,206,7.50倍,1.06倍,5.68%
20260825,1291,ｉＦ日本配当,435A,東Ｅ,,"2,759",+4,+0.15%,206,ー倍,ー倍,ー%
20260825,1292,ハマキョウ,9037,東P,,"1,855",-12,-0.64%,205,12.7倍,1.38倍,2.48%
20260825,1293,ＧＸ銀行高配,315A,東Ｅ,,"1,886",+23,+1.23%,205,ー倍,ー倍,ー%
20260825,1294,ＬＩＦＵＬＬ,2120,東P,,237,-2,-0.84%,205,12.2倍,1.09倍,2.84%
20260825,1295,タチエス,7239,東P,,"2,354",+5,+0.21%,205,9.39倍,0.75倍,4.89%
20260825,1296,出前館,2484,東S,,162,+7,+4.52%,205,ー倍,0.81倍,ー%
20260825,1297,ＤＮＣ,4246,東P,,"1,119",-3,-0.27%,203,7.21倍,0.82倍,5.18%
20260825,1298,トランシティ,9310,東P,,"1,366",-39,-2.78%,203,12.4倍,0.80倍,3.18%
20260825,1299,ベルーナ,9997,東P,,"1,085",+11,+1.02%,203,8.70倍,0.69倍,3.59%
20260825,1300,Ｏｎｅリート,3290,東Ｒ,,"77,800",+100,+0.13%,203,ー倍,1.23倍,6.27%
20260825,1301,ホクト,1379,東P,,"2,111",0,0.00%,202,12.6倍,1.03倍,2.94%
20260825,1302,エネチェンジ,4169,東G,,290,+9,+3.20%,202,22.6倍,2.60倍,ー%
20260825,1303,ＢＣＣ,7376,東G,,798,-21,-2.56%,202,ー倍,3.34倍,ー%
20260825,1304,鈴木,6785,東P,,"2,871",-5,-0.17%,202,10.4倍,1.29倍,3.90%
20260825,1305,Ｓクリプトエ,5721,東S,,62,+7,+12.73%,202,ー倍,2.45倍,ー%
20260825,1306,ＩＢＪ,6071,東P,,933,-14,-1.48%,202,14.0倍,3.23倍,2.04%
20260825,1307,フタバ,7241,東P,,"1,108",-9,-0.81%,201,7.07倍,0.71倍,4.06%
20260825,1308,栄研化,4549,東P,,"2,339",-7,-0.30%,200,37.3倍,1.78倍,2.48%
20260825,1309,ピーエス,1871,東P,,"2,378",+56,+2.41%,200,14.3倍,1.73倍,4.25%
20260825,1310,オイレス,6282,東P,,"2,912",-7,-0.24%,200,16.6倍,1.05倍,3.26%
20260825,1311,応用地質,9755,東P,,"2,881",-15,-0.52%,199,16.8倍,0.84倍,3.82%
20260825,1312,泉州電,9824,東P,,"7,040",+50,+0.72%,198,14.1倍,1.94倍,2.27%
20260825,1313,ヤマエＧＨＤ,7130,東P,,"2,918",-63,-2.11%,198,6.49倍,0.74倍,2.74%
20260825,1314,エスビー,2805,東S,,"6,730",0,0.00%,198,20.1倍,1.65倍,0.89%
20260825,1315,ＡＢＥＪＡ,5574,東G,,"2,740",-34,-1.23%,198,32.2倍,5.18倍,ー%
20260825,1316,イーグル工,6486,東P,,"2,995",-5,-0.17%,198,11.4倍,1.01倍,ー%
20260825,1317,北越コーポ,3865,東P,,920,+10,+1.10%,197,29.2倍,0.59倍,2.83%
20260825,1318,ＭＸナスダク,2631,東Ｅ,,"33,300",+230,+0.70%,197,ー倍,ー倍,ー%
20260825,1319,ソリトン,3040,東P,,"2,296",-45,-1.92%,196,16.0倍,3.00倍,3.14%
20260825,1320,ＡＣＣＥＳＳ,4813,東P,,450,+8,+1.81%,196,27.8倍,2.51倍,ー%
20260825,1321,アズーム,3496,東P,,"4,920",+35,+0.72%,195,27.6倍,9.62倍,2.56%
20260825,1322,グロービング,277A,東P,,"1,854",+3,+0.16%,195,15.6倍,6.57倍,1.92%
20260825,1323,象印,7965,東P,,"1,485",+3,+0.20%,195,19.7倍,1.04倍,3.10%
20260825,1324,日本ＭＤＭ,7600,東P,,813,-15,-1.81%,194,357倍,0.86倍,2.09%
20260825,1325,日曹達,4041,東P,,"3,950",0,0.00%,193,13.4倍,1.00倍,4.05%
20260825,1326,アイスペース,9348,東G,,428,+4,+0.94%,193,ー倍,7.32倍,ー%
20260825,1327,インターメス,262A,東P,,"1,851",-21,-1.12%,192,12.0倍,2.05倍,2.76%
20260825,1328,Ａ＆Ｄホロン,7745,東P,,"2,865",+46,+1.63%,192,17.4倍,1.58倍,2.09%
20260825,1329,ジェイドＧ,3558,東G,,"1,815",-19,-1.04%,192,ー倍,2.41倍,ー%
20260825,1330,ワンキャリア,4377,東G,,"2,475",+71,+2.95%,191,21.2倍,6.72倍,1.41%
20260825,1331,セーフィー,4375,東G,,680,+24,+3.66%,190,ー倍,4.13倍,ー%
20260825,1332,サンマルク,3395,東P,,"2,528",+23,+0.92%,190,18.7倍,1.74倍,2.14%
20260825,1333,クリエイトＳ,3148,東P,,"3,415",-10,-0.29%,190,13.0倍,1.43倍,2.81%
20260825,1334,マースＧＨＤ,6419,東P,,"3,175",+35,+1.11%,189,8.36倍,0.66倍,4.72%
20260825,1335,アバール,6918,東S,,"3,655",+95,+2.67%,189,11.2倍,0.98倍,2.90%
20260825,1336,パンチ,6165,東S,,562,+35,+6.64%,189,12.9倍,0.64倍,3.58%
20260825,1337,アイザワ証Ｇ,8708,東P,,"1,745",-9,-0.51%,188,ー倍,1.14倍,ー%
20260825,1338,オリエン白石,1786,東P,,359,+1,+0.28%,187,16.8倍,0.88倍,4.04%
20260825,1339,多木化,4025,東P,,"6,140",-10,-0.16%,186,14.6倍,1.09倍,1.71%
20260825,1340,日リーテック,1938,東P,,"2,541",+2,+0.08%,186,10.3倍,0.93倍,3.82%
20260825,1341,スパークス,8739,東P,,"2,510",+8,+0.32%,185,ー倍,2.44倍,4.38%
20260825,1342,令和ＡＨ,296A,東G,,"1,124",+2,+0.18%,185,29.2倍,18.7倍,2.94%
20260825,1343,トレファク,3093,東P,,"2,139",-16,-0.74%,185,14.1倍,3.73倍,2.15%
20260825,1344,岡本工,6125,東S,,"4,775",+50,+1.06%,184,15.8倍,0.75倍,3.35%
20260825,1345,カナミックＮ,3939,東P,,533,0,0.00%,184,18.5倍,4.71倍,1.69%
20260825,1346,明光ネット,4668,東P,,792,0,0.00%,183,19.9倍,1.65倍,3.66%
20260825,1347,三愛オブリ,8097,東P,,"2,415",-8,-0.33%,183,18.2倍,1.29倍,4.14%
20260825,1348,アース製薬,4985,東P,,"4,915",-15,-0.30%,183,17.4倍,1.33倍,2.64%
20260825,1349,ハローズ,2742,東P,,"4,020",+35,+0.88%,182,9.91倍,1.09倍,1.79%
20260825,1350,スターアジア,3468,東Ｒ,,"53,700",-100,-0.19%,182,ー倍,1.00倍,6.15%
20260825,1351,大王紙,3880,東P,,984,-2,-0.20%,182,12.7倍,0.66倍,1.42%
20260825,1352,イエロハット,9882,東P,,"1,791",-3,-0.17%,182,12.4倍,1.22倍,3.80%
20260825,1353,チヨダ,8185,東P,,"1,072",+5,+0.47%,182,33.1倍,0.73倍,5.04%
20260825,1354,スターゼン,8043,東P,,"1,527",+10,+0.66%,181,10.2倍,0.90倍,3.41%
20260825,1355,リコーリース,8566,東P,,"6,770",+10,+0.15%,181,17.5倍,0.87倍,3.78%
20260825,1356,エスリード,8877,東P,,"5,390",-60,-1.10%,181,7.23倍,1.00倍,4.45%
20260825,1357,サムティＲ,3459,東Ｒ,,"91,400","+1,300",+1.44%,181,ー倍,0.91倍,5.69%
20260825,1358,あらた,2733,東P,,"2,710",+20,+0.74%,181,13.0倍,0.73倍,4.13%
20260825,1359,新日本電工,5563,東P,,443,-1,-0.23%,181,111倍,0.81倍,3.84%
20260825,1360,豊和工,6203,東S,,"1,505",+38,+2.59%,181,16.8倍,0.81倍,1.33%
20260825,1361,スターマイカ,2975,東P,,"1,597",+25,+1.59%,180,10.1倍,1.80倍,3.19%
20260825,1362,都築電,8157,東P,,"4,165",+10,+0.24%,180,13.2倍,1.62倍,4.56%
20260825,1363,日金銭,6418,東P,,"1,242",+12,+0.98%,180,14.7倍,0.91倍,3.70%
20260825,1364,プレス工,7246,東P,,984,-5,-0.51%,180,12.0倍,0.80倍,5.08%
20260825,1365,大戸屋ＨＤ,2705,東S,,"9,490",+120,+1.28%,179,49.3倍,16.1倍,0.21%
20260825,1366,ＬＡホールデ,2986,東G,,"2,830",-5,-0.18%,178,5.60倍,2.21倍,6.15%
20260825,1367,フィードワン,2060,東P,,"1,404",-19,-1.34%,177,8.27倍,0.86倍,3.70%
20260825,1368,阪急阪神Ｒ,8977,東Ｒ,,"135,800",+500,+0.37%,176,ー倍,1.09倍,5.01%
20260825,1369,東競馬,9672,東P,,"5,090",-20,-0.39%,176,12.3倍,1.35倍,2.87%
20260825,1370,安田倉,9324,東P,,"2,533",-40,-1.55%,175,11.7倍,0.69倍,2.92%
20260825,1371,アンジェス,4563,東G,,39,0,0.00%,175,ー倍,122倍,ー%
20260825,1372,東建コーポ,1766,東P,,"13,610",+20,+0.15%,175,10.4倍,1.30倍,2.94%
20260825,1373,サンフロ不,8934,東P,,"2,527",+4,+0.16%,175,8.31倍,1.07倍,3.17%
20260825,1374,アキレス,5142,東P,,"1,998",+34,+1.73%,174,12.4倍,0.61倍,2.50%
20260825,1375,ｍｅｉｔｏ,2207,東P,,"3,445",-30,-0.86%,174,12.1倍,0.86倍,2.32%
20260825,1376,アルペン,3028,東P,,"2,370",-9,-0.38%,174,14.3倍,0.72倍,2.53%
20260825,1377,エスコン,8892,東P,,"1,141",+3,+0.26%,173,7.82倍,1.33倍,4.65%
20260825,1378,ＶＴＨＤ,7593,東P,,531,-4,-0.75%,173,8.61倍,0.85倍,4.52%
20260825,1379,ダイナマップ,336A,東G,,846,+31,+3.80%,173,ー倍,3.16倍,ー%
20260825,1380,Ｇｅｎｋｙ,9267,東P,,"3,700",+20,+0.54%,173,13.8倍,1.84倍,0.35%
20260825,1381,ゼンリン,9474,東P,,904,-2,-0.22%,173,19.3倍,1.01倍,4.65%
20260825,1382,オカモト,5122,東P,,"6,310",-210,-3.22%,173,18.8倍,0.98倍,2.06%
20260825,1383,日東工,6651,東P,,"4,360",-30,-0.68%,173,14.3倍,1.34倍,3.53%
20260825,1384,東京産,8070,東P,,946,+8,+0.85%,172,14.5倍,0.94倍,4.23%
20260825,1385,サイバーセキ,4493,東G,,"1,910",-42,-2.15%,172,22.2倍,4.23倍,0.31%
20260825,1386,ｉＦＴＰ年１,1305,東Ｅ,,"4,308",+10,+0.23%,172,ー倍,ー倍,ー%
20260825,1387,ビーエンジ,4828,東P,,"1,408",+8,+0.57%,172,18.3倍,5.03倍,2.98%
20260825,1388,バンクオブイ,4393,東G,,"5,500",-90,-1.61%,171,ー倍,3.20倍,ー%
20260825,1389,持田薬,4534,東P,,"3,310",+45,+1.38%,171,11.7倍,0.83倍,2.57%
20260825,1390,ドウシシャ,7483,東P,,"3,010",+5,+0.17%,171,12.7倍,1.14倍,3.65%
20260825,1391,品川リフラ,5351,東P,,"2,094",-6,-0.29%,170,9.11倍,0.87倍,4.54%
20260825,1392,ＹＵＡＳＡ,8074,東P,,"6,130",-50,-0.81%,169,11.2倍,1.05倍,3.10%
20260825,1393,ＨＰＣシス,6597,東G,,"3,435",+45,+1.33%,169,21.4倍,5.50倍,1.05%
20260825,1394,コーセル,6905,東P,,"1,314",+9,+0.69%,168,33.7倍,1.04倍,4.57%
20260825,1395,ＪＭＨＤ,3539,東P,,"1,502",0,0.00%,168,10.9倍,1.60倍,1.60%
20260825,1396,オープンＵＰ,2154,東P,,"2,034",-5,-0.25%,168,14.1倍,2.15倍,4.42%
20260825,1397,静ガス,9543,東P,,"1,279",+1,+0.08%,168,10.6倍,0.68倍,3.52%
20260825,1398,サイバダイン,7779,東G,,233,-1,-0.43%,168,ー倍,0.78倍,ー%
20260825,1399,ＴＯＲＥＸ,6616,東P,,"2,008",+50,+2.55%,167,13.3倍,1.09倍,2.79%
20260825,1400,ＡＳＢ機械,6284,東P,,"8,810",+20,+0.23%,166,14.5倍,2.03倍,2.72%
20260825,1401,新日本科学,2395,東P,,"1,386",-8,-0.57%,166,16.5倍,1.38倍,3.61%
20260825,1402,アイル,3854,東P,,"2,400",-46,-1.88%,166,14.8倍,4.79倍,2.75%
20260825,1403,三菱総研,3636,東P,,"5,020",+10,+0.20%,164,12.0倍,1.02倍,3.29%
20260825,1404,ソースネクス,4344,東P,,118,-1,-0.84%,164,ー倍,3.46倍,ー%
20260825,1405,キッセイ,4547,東P,,"4,075",+5,+0.12%,164,12.8倍,0.75倍,4.17%
20260825,1406,日山村硝,5210,東S,,"2,962",-11,-0.37%,164,10.4倍,0.52倍,5.06%
20260825,1407,シナネンＨＤ,8132,東P,,"8,010",-450,-5.32%,163,16.6倍,1.45倍,1.50%
20260825,1408,ＳＲＳＨＤ,8163,東P,,"1,565",+15,+0.97%,163,36.0倍,3.66倍,0.64%
20260825,1409,東京エネシス,1945,東P,,"2,059",+10,+0.49%,163,13.1倍,0.95倍,3.74%
20260825,1410,ＪＢＳ,5036,東P,,"1,582",-54,-3.30%,162,10.2倍,2.49倍,3.16%
20260825,1411,バリュエンス,9270,東G,,"2,088",-44,-2.06%,162,9.17倍,2.62倍,2.16%
20260825,1412,アイネス,9742,東P,,"2,360",-167,-6.61%,162,28.9倍,1.34倍,2.33%
20260825,1413,日本高純度,4973,東P,,"4,750",+85,+1.82%,162,12.7倍,1.24倍,4.84%
20260825,1414,大真空,6962,東P,,792,+16,+2.06%,161,252倍,0.64倍,3.54%
20260825,1415,オリオン,409A,東P,,"1,201",-1,-0.08%,161,17.4倍,2.87倍,2.83%
20260825,1416,昭和産,2004,東P,,"3,775",+25,+0.67%,160,12.9倍,0.81倍,3.71%
20260825,1417,ミズホメディ,4595,東S,,"1,734",+1,+0.06%,159,10.3倍,1.78倍,5.77%
20260825,1418,建設技研,9621,東P,,"3,175",-55,-1.70%,159,12.4倍,1.28倍,3.46%
20260825,1419,鴻池運輸,9025,東P,,"2,927",-21,-0.71%,158,11.1倍,0.96倍,3.76%
20260825,1420,アドソル日進,3837,東P,,"1,461",-47,-3.12%,158,15.3倍,3.73倍,3.29%
20260825,1421,ホソミクロン,6277,東P,,"5,310",-30,-0.56%,158,24.3倍,1.08倍,2.64%
20260825,1422,松風,7979,東P,,"2,340",-6,-0.26%,158,17.6倍,1.63倍,2.86%
20260825,1423,中央自,8117,東S,,"2,170",-8,-0.37%,158,12.6倍,1.89倍,2.90%
20260825,1424,いちご,2337,東P,,412,-1,-0.24%,158,8.97倍,1.49倍,3.76%
20260825,1425,ｉＳ米国株Ｈ,2563,東Ｅ,,405.0,+0.9,+0.22%,158,ー倍,ー倍,ー%
20260825,1426,ＧＭＯ－ＦＧ,4051,東P,,"6,570",-50,-0.76%,157,29.0倍,7.81倍,1.90%
20260825,1427,ユーザーロカ,3984,東P,,"1,541",-33,-2.10%,157,16.0倍,2.55倍,1.95%
20260825,1428,菱製鋼,5632,東P,,"2,417",+2,+0.08%,156,11.8倍,0.75倍,4.30%
20260825,1429,シグマクシス,6088,東P,,561,-2,-0.36%,156,10.2倍,3.49倍,4.63%
20260825,1430,丸全運,9068,東P,,"7,400",+60,+0.82%,156,11.0倍,0.98倍,2.97%
20260825,1431,四電工,1939,東P,,"2,140",-4,-0.19%,156,15.4倍,1.44倍,3.93%
20260825,1432,ｉＦＲＥＩＴ,1488,東Ｅ,,"1,884",-4,-0.21%,155,ー倍,ー倍,ー%
20260825,1433,ＭＳＯＬ,7033,東P,,"1,677",-36,-2.10%,155,13.0倍,4.03倍,2.98%
20260825,1434,平河ヒューテ,5821,東P,,"3,175",+25,+0.79%,155,12.1倍,1.11倍,1.80%
20260825,1435,ＪＥＨ,5889,東P,,"2,587",+17,+0.66%,155,14.3倍,3.43倍,3.32%
20260825,1436,正興電,6653,東P,,"2,178",+36,+1.68%,155,11.8倍,1.50倍,2.75%
20260825,1437,立花エレ,8159,東P,,"4,070",+40,+0.99%,155,12.8倍,0.82倍,2.95%
20260825,1438,佐藤商,8065,東P,,"3,685",+15,+0.41%,154,9.43倍,0.98倍,2.85%
20260825,1439,合同鉄,5410,東P,,"3,010",+10,+0.33%,154,10.2倍,0.31倍,3.32%
20260825,1440,ロードスター,3482,東P,,"2,643",+13,+0.49%,154,5.84倍,1.50倍,3.09%
20260825,1441,メディアＬ,6659,東S,,49,0,0.00%,154,ー倍,1.54倍,ー%
20260825,1442,内田洋,8057,東P,,"2,229",+11,+0.50%,153,9.56倍,1.34倍,3.23%
20260825,1443,日本管財ＨＤ,9347,東P,,"2,914",+2,+0.07%,153,14.5倍,1.38倍,2.06%
20260825,1444,テセック,6337,東S,,"3,275",+200,+6.50%,152,16.2倍,1.17倍,3.05%
20260825,1445,ＴＰＸベア２,1356,東Ｅ,,105.5,-1.2,-1.12%,152,ー倍,ー倍,ー%
20260825,1446,世紀東急,1898,東P,,"1,502",+2,+0.13%,152,11.7倍,1.28倍,4.99%
20260825,1447,大末建,1814,東P,,"3,655",+20,+0.55%,151,9.75倍,1.47倍,5.09%
20260825,1448,木村化,6378,東S,,"1,218",+14,+1.16%,151,12.6倍,1.17倍,3.37%
20260825,1449,ＳＢＩリーシ,5834,東G,,"2,713",-30,-1.09%,151,7.09倍,1.42倍,4.24%
20260825,1450,積化成,4228,東P,,595,-3,-0.50%,151,10.9倍,0.52倍,2.86%
20260825,1451,東和銀,8558,東P,,"1,444",-1,-0.07%,151,9.33倍,0.60倍,3.46%
20260825,1452,津田駒,6217,東S,,858,+59,+7.38%,150,54.8倍,2.17倍,ー%
20260825,1453,リオン,6823,東P,,"3,325",-25,-0.75%,150,11.9倍,1.16倍,2.71%
20260825,1454,アトラエ,6194,東P,,891,-20,-2.20%,149,20.6倍,4.91倍,4.15%
20260825,1455,テレ東ＨＤ,9413,東P,,"3,460",+5,+0.14%,149,11.6倍,0.87倍,2.89%
20260825,1456,フィンテック,8789,東S,,170,-1,-0.58%,149,7.12倍,2.21倍,2.94%
20260825,1457,指月電,6994,東S,,"1,150",+17,+1.50%,149,13.2倍,1.04倍,2.30%
20260825,1458,コプロＨＤ,7059,東P,,919,+19,+2.11%,149,21.2倍,3.79倍,4.90%
20260825,1459,ザ・パック,3950,東P,,"1,522",+17,+1.13%,149,15.7倍,1.07倍,2.76%
20260825,1460,カメイ,8037,東P,,"4,390",-25,-0.57%,148,11.2倍,0.75倍,3.10%
20260825,1461,野村ＪＰＸ,1591,東Ｅ,,"37,150",+200,+0.54%,148,ー倍,ー倍,ー%
20260825,1462,清水銀,8364,東P,,"3,045",0,0.00%,147,13.8倍,0.43倍,1.97%
20260825,1463,ＪＣＲファ,4552,東P,,520,-6,-1.14%,147,317倍,1.47倍,3.85%
20260825,1464,学情,2301,東P,,"1,729",+12,+0.70%,147,11.5倍,1.56倍,4.34%
20260825,1465,スタ・アリス,2305,東S,,"1,920",-6,-0.31%,146,26.1倍,1.10倍,2.60%
20260825,1466,ＴＰＲ,6463,東P,,"1,552",-9,-0.58%,146,11.4倍,0.56倍,3.87%
20260825,1467,野村高配７０,1577,東Ｅ,,"59,940",+270,+0.45%,146,ー倍,ー倍,ー%
20260825,1468,助川電気,7711,東S,,"4,965",+180,+3.76%,146,30.3倍,4.90倍,1.05%
20260825,1469,シード,7743,東S,,538,+4,+0.75%,145,12.1倍,0.85倍,2.79%
20260825,1470,アイモバイル,6535,東P,,514,-7,-1.34%,145,9.07倍,1.66倍,5.25%
20260825,1471,スミダコーポ,6817,東P,,"1,230",+3,+0.24%,145,11.2倍,0.64倍,4.31%
20260825,1472,青山財産,8929,東S,,"1,389",+21,+1.54%,145,12.6倍,2.71倍,4.18%
20260825,1473,コロンビア,146A,東S,,"3,685",-50,-1.34%,145,6.71倍,1.51倍,2.55%
20260825,1474,加藤産,9869,東P,,"6,600",+10,+0.15%,145,13.9倍,1.15倍,2.42%
20260825,1475,フロンテオ,2158,東G,,642,-21,-3.17%,145,168倍,7.06倍,ー%
20260825,1476,ＴＷＯＳＴ,7352,東G,,360,+12,+3.45%,145,24.3倍,4.30倍,0.28%
20260825,1477,ｇｕｍｉ,3903,東P,,281,+3,+1.08%,145,ー倍,0.73倍,ー%
20260825,1478,テラスカイ,3915,東P,,"2,276",-5,-0.22%,145,19.3倍,2.35倍,0.75%
20260825,1479,帝国繊維,3302,東P,,"3,365",+5,+0.15%,144,22.7倍,1.17倍,1.93%
20260825,1480,巴工業,6309,東P,,"2,021",-14,-0.69%,144,13.5倍,1.36倍,3.76%
20260825,1481,共同印,7914,東P,,"1,759",-11,-0.62%,144,11.6倍,0.70倍,4.55%
20260825,1482,セプテニＨＤ,4293,東S,,509,0,0.00%,144,17.3倍,1.59倍,3.54%
20260825,1483,高松グループ,1762,東P,,"3,995",-20,-0.50%,144,11.1倍,0.94倍,3.60%
20260825,1484,ＯＢＡＲＡＧ,6877,東S,,"5,780",-10,-0.17%,143,11.0倍,1.08倍,2.60%
20260825,1485,エスケー化研,4628,東S,,"9,100",-30,-0.33%,143,12.9倍,0.70倍,1.98%
20260825,1486,ミニストップ,9946,東P,,"1,873",-5,-0.27%,143,543倍,2.28倍,1.07%
20260825,1487,ＺＡＣＲＯＳ,7917,東P,,"1,262",-15,-1.17%,143,13.9倍,0.94倍,2.85%
20260825,1488,東京鉄,5445,東P,,"2,021",+5,+0.25%,142,7.13倍,0.80倍,4.95%
20260825,1489,ＪＳＰ,7942,東P,,"3,085",-10,-0.32%,141,10.8倍,0.73倍,3.24%
20260825,1490,フィデアＨＤ,8713,東P,,"2,704",-4,-0.15%,141,15.2倍,0.53倍,2.77%
20260825,1491,ＤＧ,350A,東G,,794,+11,+1.40%,141,17.3倍,3.22倍,ー%
20260825,1492,ｉＦ除金高配,566A,東Ｅ,,"2,342",-3,-0.13%,141,ー倍,ー倍,ー%
20260825,1493,丸文,7537,東P,,"1,824",+40,+2.24%,141,12.0倍,0.83倍,4.22%
20260825,1494,オーバル,7727,東S,,846,+44,+5.49%,141,12.1倍,1.10倍,3.31%
20260825,1495,ネツレン,5976,東P,,"1,542",-12,-0.77%,140,22.5倍,0.86倍,4.60%
20260825,1496,スターシーズ,3083,東S,,"1,031",+62,+6.40%,140,14.8倍,3.28倍,0.97%
20260825,1497,ラクトＪ,3139,東P,,"3,425",-5,-0.15%,140,9.94倍,1.03倍,3.85%
20260825,1498,大倉工,4221,東P,,"5,570",-60,-1.07%,140,11.0倍,0.96倍,4.31%
20260825,1499,イオンファン,4343,東P,,"2,869",-3,-0.10%,139,18.9倍,7.24倍,0.70%
20260825,1500,日ヒュム,5262,東P,,"1,143",+12,+1.06%,139,17.1倍,1.08倍,2.27%
20260825,1501,ＮＴＴＤイン,3850,東S,,"3,355",-35,-1.03%,139,15.7倍,2.79倍,2.24%
20260825,1502,トーホー,8142,東P,,"1,432",-10,-0.69%,138,9.51倍,1.30倍,4.26%
20260825,1503,野村インド株,1678,東Ｅ,,309.9,+1.2,+0.39%,138,ー倍,ー倍,ー%
20260825,1504,バイタルＫＳ,3151,東P,,"1,671",-3,-0.18%,138,10.7倍,0.70倍,4.19%
20260825,1505,八洲電機,3153,東P,,"2,898",-1,-0.03%,138,11.2倍,1.74倍,1.93%
20260825,1506,寺崎電気,6637,東S,,"4,345",+145,+3.45%,138,14.2倍,0.95倍,1.29%
20260825,1507,京三,6742,東P,,"1,032",+3,+0.29%,138,15.2倍,1.17倍,2.62%
20260825,1508,三菱紙,3864,東P,,"1,182",+6,+0.51%,137,7.97倍,0.50倍,1.69%
20260825,1509,富士製薬,4554,東P,,"1,845",+7,+0.38%,137,21.5倍,0.93倍,2.66%
20260825,1510,日伝,9902,東P,,"3,025",-10,-0.33%,137,14.4倍,0.92倍,3.97%
20260825,1511,アルファＰ,9467,東G,,"1,212",-3,-0.25%,136,13.8倍,2.25倍,2.23%
20260825,1512,だいわ,6459,東P,,"1,691",-44,-2.54%,136,14.8倍,1.16倍,3.84%
20260825,1513,チェンジＨＤ,3962,東P,,"1,009",+2,+0.20%,136,10.0倍,1.55倍,2.58%
20260825,1514,エフ・コード,9211,東G,,"1,491",-41,-2.68%,136,9.64倍,2.17倍,ー%
20260825,1515,大黒天,2791,東P,,"4,615",+35,+0.76%,136,13.2倍,1.01倍,0.85%
20260825,1516,ニチハ,7943,東P,,"3,105",-15,-0.48%,135,12.6倍,0.83倍,3.90%
20260825,1517,ダイコク電,6430,東P,,"2,502",+42,+1.71%,135,11.8倍,0.73倍,4.00%
20260825,1518,Ｔホライゾン,6629,東S,,983,+14,+1.44%,135,7.79倍,1.07倍,3.36%
20260825,1519,ＤＭ三井製糖,2109,東P,,"3,700",-25,-0.67%,135,15.0倍,1.02倍,3.78%
20260825,1520,コーディア,190A,東G,,73,-9,-10.98%,134,ー倍,2.43倍,ー%
20260825,1521,ＳＳ米株,449A,東Ｅ,,830.8,+4.4,+0.53%,134,ー倍,ー倍,ー%
20260825,1522,日車両,7102,東P,,"3,740",-40,-1.06%,134,7.20倍,0.64倍,1.34%
20260825,1523,ＡＩＲＭＡＮ,6364,東P,,"2,534",+18,+0.72%,134,11.3倍,1.47倍,2.84%
20260825,1524,グロブライド,7990,東P,,"2,523",-22,-0.86%,134,9.73倍,0.83倍,3.96%
20260825,1525,高砂香,4914,東P,,"1,312",-11,-0.83%,133,13.6倍,0.81倍,3.96%
20260825,1526,サンケイＲＥ,2972,東Ｒ,,"111,700",-700,-0.62%,133,ー倍,1.15倍,6.37%
20260825,1527,ｉＦＥナ百無,2840,東Ｅ,,"2,681",+14,+0.52%,133,ー倍,ー倍,ー%
20260825,1528,ＰＲＯＮＩ,479A,東G,,"1,942",-37,-1.87%,132,9.57倍,4.22倍,ー%
20260825,1529,インテリＷ,4847,東P,,"1,330",+15,+1.14%,131,22.8倍,3.46倍,2.78%
20260825,1530,フルキャスト,4848,東P,,"1,877",-4,-0.21%,131,12.0倍,2.03倍,3.41%
20260825,1531,旭有機材,4216,東P,,"5,900",-30,-0.51%,131,18.2倍,1.35倍,2.20%
20260825,1532,日シス技術,4323,東P,,"1,915",-24,-1.24%,131,16.0倍,2.94倍,2.61%
20260825,1533,Ａｍａｚｉａ,4424,東G,,332,+1,+0.30%,130,ー倍,2.81倍,ー%
20260825,1534,前沢ＨＤ,575A,東P,,"1,947",+10,+0.52%,130,3.88倍,ー倍,3.24%
20260825,1535,ＳＭＤリート,1398,東Ｅ,,"1,868.5",-0.5,-0.03%,130,ー倍,ー倍,ー%
20260825,1536,野村ダウＨ無,1546,東Ｅ,,"82,560",+580,+0.71%,130,ー倍,ー倍,ー%
20260825,1537,ブラインド,7989,東P,,"2,700",-10,-0.37%,130,16.6倍,0.94倍,4.44%
20260825,1538,テーオーシー,8841,東S,,"1,031",-5,-0.48%,130,29.3倍,0.87倍,0.97%
20260825,1539,東証グロース,2516,東Ｅ,,619.8,+10.1,+1.66%,130,ー倍,ー倍,ー%
20260825,1540,オイシックス,3182,東P,,"1,764",-7,-0.40%,130,11.8倍,2.17倍,1.70%
20260825,1541,ハードオフ,2674,東P,,"2,723",+34,+1.26%,129,11.5倍,1.91倍,3.38%
20260825,1542,上場ＳＰ５百,1547,東Ｅ,,"13,290",+5,+0.04%,129,ー倍,ー倍,ー%
20260825,1543,ＭＦＳ,196A,東G,,368,-1,-0.27%,129,10.2倍,1.33倍,ー%
20260825,1544,ＫＬａｂ,3656,東P,,193,0,0.00%,129,ー倍,1.40倍,ー%
20260825,1545,エイチワン,5989,東P,,"1,549",-17,-1.09%,129,3.94倍,0.53倍,4.52%
20260825,1546,北興化,4992,東S,,"2,007",-45,-2.19%,128,11.5倍,0.84倍,2.69%
20260825,1547,キユソ流通,9369,東S,,"3,170",+30,+0.96%,128,37.5倍,1.69倍,0.76%
20260825,1548,プロシップ,3763,東P,,"2,329",-67,-2.80%,128,25.6倍,5.49倍,1.80%
20260825,1549,ワイエイシイ,6298,東P,,"1,328",+7,+0.53%,128,11.7倍,1.45倍,3.39%
20260825,1550,ＢＵＦ,6676,東S,,"2,952",+47,+1.62%,127,15.6倍,1.58倍,2.03%
20260825,1551,丸大食,2288,東P,,"2,259",+4,+0.18%,127,8.44倍,0.73倍,3.54%
20260825,1552,アドウェイズ,2489,東S,,394,+19,+5.07%,127,10.3倍,1.09倍,3.06%
20260825,1553,トヨカネツ,6369,東P,,"2,472",-1,-0.04%,126,14.0倍,0.96倍,4.25%
20260825,1554,東北新社,2329,東S,,502,+9,+1.83%,125,ー倍,0.81倍,5.39%
20260825,1555,Ｊオイル,2613,東P,,"2,230",-13,-0.58%,125,14.8倍,0.67倍,3.59%
20260825,1556,スマートＤ,5137,東G,,285,-5,-1.72%,125,11.9倍,7.69倍,ー%
20260825,1557,エアーテック,6291,東S,,"1,404",+38,+2.78%,124,13.0倍,0.94倍,3.92%
20260825,1558,ミマキエンジ,6638,東P,,"1,981",+44,+2.27%,124,9.41倍,1.40倍,2.78%
20260825,1559,ゼビオＨＤ,8281,東P,,"1,186",-5,-0.42%,124,6.54倍,0.41倍,2.95%
20260825,1560,ＣＥＨＤ,4320,東S,,"1,656",-6,-0.36%,123,31.7倍,3.38倍,ー%
20260825,1561,理ビタ,4526,東P,,"3,340",+10,+0.30%,123,12.8倍,1.14倍,3.29%
20260825,1562,キーコーヒー,2594,東P,,"2,037",0,0.00%,123,58.2倍,1.36倍,0.59%
20260825,1563,ＳＢＩＧＡＭ,4765,東P,,614,-6,-0.97%,122,ー倍,2.63倍,ー%
20260825,1564,サンワテク,8137,東P,,"4,015",+30,+0.75%,122,14.9倍,1.11倍,3.24%
20260825,1565,アジアパイル,5288,東P,,"1,562",-8,-0.51%,122,7.73倍,1.10倍,4.48%
20260825,1566,技研製,6289,東P,,"1,975",-10,-0.50%,122,22.8倍,1.28倍,2.73%
20260825,1567,システムリサ,3771,東P,,"1,945",-34,-1.72%,122,11.4倍,2.55倍,4.11%
20260825,1568,ＣＩＪ,4826,東P,,537,-8,-1.47%,121,16.1倍,2.00倍,3.91%
20260825,1569,明星工,1976,東P,,"1,749",-21,-1.19%,121,14.3倍,1.18倍,3.72%
20260825,1570,ガリレイ,6420,東P,,"3,540",-10,-0.28%,121,11.5倍,1.27倍,2.51%
20260825,1571,デンヨー,6517,東P,,"4,095",-15,-0.36%,121,13.9倍,0.99倍,4.15%
20260825,1572,アイダ,6118,東P,,"1,267",+7,+0.56%,121,16.0倍,0.80倍,3.08%
20260825,1573,ＧＸ防衛日株,513A,東Ｅ,,842,+4,+0.48%,120,ー倍,ー倍,ー%
20260825,1574,三精テクノロ,6357,東S,,"2,625",-2,-0.08%,120,8.80倍,0.92倍,3.62%
20260825,1575,アネスト岩田,6381,東P,,"1,961",-12,-0.61%,120,19.3倍,1.52倍,4.74%
20260825,1576,ｉＦ日経Ｗベ,1366,東Ｅ,,70,0,0.00%,120,ー倍,ー倍,ー%
20260825,1577,木村工機,6231,東S,,"13,240",-130,-0.97%,119,13.5倍,3.21倍,1.51%
20260825,1578,ｉＦＳＰベ,2238,東Ｅ,,"5,256",-8,-0.15%,119,ー倍,ー倍,ー%
20260825,1579,ゴールドクレ,8871,東S,,"3,345",-10,-0.30%,119,11.7倍,0.79倍,4.78%
20260825,1580,ＪＰＨＤ,2749,東P,,655,-3,-0.46%,119,12.9倍,2.44倍,2.06%
20260825,1581,フジッコ,2908,東P,,"1,630",-2,-0.12%,119,37.4倍,0.67倍,2.82%
20260825,1582,ブロンコＢ,3091,東P,,"2,780",-19,-0.68%,119,31.9倍,3.63倍,0.72%
20260825,1583,日経エンタメ,586A,東Ｅ,,252.8,+5.4,+2.18%,119,ー倍,ー倍,ー%
20260825,1584,ｉＳＢＡＩ,408A,東Ｅ,,286.4,+3.3,+1.17%,118,ー倍,ー倍,ー%
20260825,1585,日工,6306,東P,,"1,033",-2,-0.19%,118,15.0倍,1.08倍,4.07%
20260825,1586,エノモト,6928,東S,,"2,952",+30,+1.03%,117,11.1倍,0.82倍,2.71%
20260825,1587,荏原実業,6328,東P,,"2,417",-14,-0.58%,116,12.6倍,1.74倍,3.10%
20260825,1588,ＴＥＩＫＯＫ,6333,東P,,"3,375",-55,-1.60%,116,13.8倍,1.66倍,3.91%
20260825,1589,島精機,6222,東P,,976,0,0.00%,116,36.8倍,0.40倍,2.05%
20260825,1590,フリュー,6238,東P,,"1,415",-14,-0.98%,116,15.0倍,1.61倍,2.83%
20260825,1591,セレンＨＤ,7318,東G,,"1,498",+48,+3.31%,116,12.4倍,2.04倍,ー%
20260825,1592,ユトリ,5892,東G,,"2,420",+38,+1.60%,116,16.5倍,6.86倍,ー%
20260825,1593,イーレックス,9517,東P,,871,-19,-2.13%,116,12.6倍,0.96倍,2.53%
20260825,1594,コンドー,7438,東P,,"1,664",+24,+1.46%,116,12.6倍,1.10倍,3.49%
20260825,1595,エイベックス,7860,東P,,"1,281",-3,-0.23%,116,17.1倍,1.07倍,3.90%
20260825,1596,京都友禅ＨＤ,7615,東S,,98,+5,+5.38%,115,19.6倍,0.66倍,1.53%
20260825,1597,エンビプロ,5698,東S,,807,-7,-0.86%,115,11.0倍,1.22倍,2.73%
20260825,1598,イチネンＨＤ,9619,東P,,"2,719",+6,+0.22%,115,5.41倍,0.82倍,3.31%
20260825,1599,ステムリム,4599,東G,,353,-1,-0.28%,115,ー倍,4.81倍,ー%
20260825,1600,ＢＡＳＥ,4477,東G,,311,-2,-0.64%,115,23.9倍,2.42倍,1.61%
20260825,1601,東海道リート,2989,東Ｒ,,"98,900",+500,+0.51%,115,ー倍,1.15倍,6.53%
20260825,1602,ブロードＥ,4415,東G,,"1,281",+8,+0.63%,115,ー倍,3.61倍,1.65%
20260825,1603,セグエＧ,3968,東P,,638,-15,-2.30%,114,14.5倍,3.08倍,2.82%
20260825,1604,セック,3741,東P,,"3,120",-20,-0.64%,114,20.2倍,3.17倍,1.99%
20260825,1605,ゲンキＧＤＣ,9828,東S,,"3,535",0,0.00%,114,18.9倍,3.14倍,1.98%
20260825,1606,ニッカトー,5367,東S,,"1,225",+36,+3.03%,114,18.3倍,1.00倍,1.88%
20260825,1607,中発条,5992,東S,,"3,700",-5,-0.13%,113,38.9倍,1.08倍,2.43%
20260825,1608,宝＆ＣＯ,7921,東P,,"4,360",+35,+0.81%,113,16.1倍,1.74倍,4.13%
20260825,1609,Ｍラインズ,3901,東P,,"1,566",-1,-0.06%,113,12.0倍,2.84倍,3.70%
20260825,1610,西部技研,6223,東S,,"1,961",+36,+1.87%,113,9.85倍,1.16倍,3.57%
20260825,1611,進和,7607,東P,,"3,145",-5,-0.16%,112,13.6倍,0.91倍,3.94%
20260825,1612,白銅,7637,東P,,"3,750",-55,-1.45%,112,11.9倍,1.63倍,3.81%
20260825,1613,極洋,1301,東P,,"4,750",-5,-0.11%,112,7.84倍,0.71倍,3.37%
20260825,1614,放電精密,6469,東S,,"2,999",+72,+2.46%,112,37.0倍,3.68倍,0.67%
20260825,1615,スターツ,8850,東P,,"4,705",-55,-1.16%,112,8.58倍,1.17倍,3.19%
20260825,1616,野村銀行１７,1631,東Ｅ,,"40,100",+370,+0.93%,111,ー倍,ー倍,ー%
20260825,1617,ブランジスタ,6176,東S,,"1,005",+12,+1.21%,111,7.27倍,2.40倍,6.47%
20260825,1618,イオン北海道,7512,東S,,863,-1,-0.12%,111,40.0倍,1.65倍,1.85%
20260825,1619,免疫生物研,4570,東G,,"1,064",+4,+0.38%,111,28.6倍,5.25倍,0.70%
20260825,1620,ＣＡＮＢＡＳ,4575,東G,,787,-2,-0.25%,111,ー倍,9.68倍,ー%
20260825,1621,ヤマシン―Ｆ,6240,東P,,533,-2,-0.37%,111,18.5倍,1.69倍,3.75%
20260825,1622,井関農,6310,東P,,"1,814",-15,-0.82%,111,13.7倍,0.52倍,2.48%
20260825,1623,ヤーマン,6630,東P,,813,-10,-1.22%,111,128倍,1.84倍,1.11%
20260825,1624,フジオフード,2752,東P,,"1,145",+1,+0.09%,111,535倍,6.89倍,0.26%
20260825,1625,ＦＥＡＳＹ,212A,東P,,"3,055",-30,-0.97%,110,20.6倍,7.76倍,1.67%
20260825,1626,セントラルＲ,3488,東Ｒ,,"105,500",+800,+0.76%,110,ー倍,1.05倍,6.34%
20260825,1627,ＫＳＫ,9687,東S,,"4,605",+195,+4.42%,110,12.2倍,1.55倍,4.17%
20260825,1628,ＴＤＣソフト,4687,東P,,"1,027",-5,-0.48%,110,12.2倍,2.12倍,3.31%
20260825,1629,椿本興,8052,東P,,"2,838",+18,+0.64%,109,9.84倍,1.02倍,3.17%
20260825,1630,ヘッドウォ,4011,東G,,"2,250",-100,-4.26%,109,35.2倍,2.25倍,ー%
20260825,1631,理想科学,6413,東P,,"1,150",+1,+0.09%,109,17.6倍,1.07倍,4.35%
20260825,1632,ＦＪネクＨＤ,8935,東P,,"1,989",-28,-1.39%,108,6.20倍,0.78倍,4.02%
20260825,1633,ミラティブ,472A,東G,,576,+10,+1.77%,108,10.2倍,2.46倍,ー%
20260825,1634,藤倉化,4620,東S,,957,+18,+1.92%,108,10.3倍,0.53倍,2.09%
20260825,1635,ゼロ,9028,東S,,"3,460",-35,-1.00%,108,7.96倍,1.21倍,4.09%
20260825,1636,大庄,9979,東S,,"1,100",+2,+0.18%,108,25.1倍,1.98倍,1.27%
20260825,1637,神鋼商,8075,東P,,"3,055",-10,-0.33%,107,8.50倍,0.79倍,4.52%
20260825,1638,正栄食,8079,東P,,"4,540",-40,-0.87%,107,18.8倍,1.28倍,1.98%
20260825,1639,シンバイオ,4582,東G,,62,-1,-1.59%,107,ー倍,-5.9倍,ー%
20260825,1640,ＭＸ日半導体,221A,東Ｅ,,"1,134.0",+8.5,+0.76%,107,ー倍,ー倍,ー%
20260825,1641,北ガス,9534,東P,,819,-1,-0.12%,106,7.70倍,0.73倍,3.30%
20260825,1642,新東工,6339,東P,,"1,208",-5,-0.41%,106,11.3倍,0.55倍,3.97%
20260825,1643,トピー,7231,東P,,"3,045",-50,-1.62%,106,10.7倍,0.45倍,4.43%
20260825,1644,カーバイド,4064,東P,,"3,385",-20,-0.59%,106,10.2倍,0.82倍,3.96%
20260825,1645,クイック,4318,東P,,860,+3,+0.35%,106,17.0倍,2.38倍,4.42%
20260825,1646,ビリングシス,3623,東G,,"1,256",+58,+4.84%,106,13.4倍,2.45倍,2.59%
20260825,1647,アバントＧ,3836,東P,,"1,187",-21,-1.74%,106,11.9倍,2.81倍,2.86%
20260825,1648,日本国土開発,1887,東P,,551,+1,+0.18%,105,11.0倍,0.62倍,4.54%
20260825,1649,大豊建,1822,東S,,812,+5,+0.62%,104,14.6倍,0.99倍,4.68%
20260825,1650,スターツプロ,8979,東Ｒ,,"187,600",+800,+0.43%,104,ー倍,1.10倍,5.81%
20260825,1651,ＤＭＳ,9782,東S,,"3,480",+40,+1.16%,104,17.2倍,1.22倍,6.67%
20260825,1652,ＧＸＵテック,2244,東Ｅ,,"3,554",+4,+0.11%,104,ー倍,ー倍,ー%
20260825,1653,シュッピン,3179,東P,,"1,235",-9,-0.72%,103,14.2倍,2.83倍,3.24%
20260825,1654,岡野バ,6492,東S,,"14,060",+400,+2.93%,103,16.1倍,1.64倍,0.57%
20260825,1655,恵和,4251,東P,,"1,184",+3,+0.25%,103,10.7倍,0.88倍,4.22%
20260825,1656,ＩＭＶ,7760,東S,,"2,000",+15,+0.76%,103,17.2倍,2.43倍,1.50%
20260825,1657,ＮＳＷ,9739,東P,,"2,732",-30,-1.09%,102,10.9倍,1.09倍,4.58%
20260825,1658,フライト,3753,東S,,235,-1,-0.42%,102,14.4倍,3.85倍,ー%
20260825,1659,ホッカンＨＤ,5902,東P,,"2,844",+87,+3.16%,102,10.0倍,0.57倍,3.52%
20260825,1660,日本空調,4658,東P,,"1,546",-9,-0.58%,102,13.8倍,1.71倍,3.69%
20260825,1661,ニッケ,3201,東P,,"1,960",-6,-0.31%,101,13.4倍,0.94倍,2.55%
20260825,1662,帝ホテル,9708,東S,,996,-16,-1.58%,101,63.7倍,2.41倍,0.60%
20260825,1663,ｉＳＳＰカバ,452A,東Ｅ,,823.4,+4.3,+0.52%,101,ー倍,ー倍,ー%
20260825,1664,イノバセル,504A,東G,,579,0,0.00%,101,ー倍,2.74倍,ー%
20260825,1665,メディシノバ,4875,東S,,240,+12,+5.26%,101,ー倍,ー倍,ー%
20260825,1666,綜研化学,4972,東S,,"3,380",+10,+0.30%,101,13.1倍,1.33倍,ー%
20260825,1667,ＪＭＡＣＳ,5817,東S,,"1,036",+57,+5.82%,100,23.5倍,1.02倍,1.45%
20260825,1668,ＳＢＩアルヒ,7198,東P,,838,-9,-1.06%,100,17.9倍,0.89倍,4.77%
20260825,1669,萩原工業,7856,東P,,"1,892",-24,-1.25%,100,17.8倍,0.84倍,3.96%
20260825,1670,薬王堂ＨＤ,7679,東P,,"1,696",-12,-0.70%,100,8.19倍,0.81倍,1.77%
20260825,1671,トヨクモ,4058,東G,,"2,397",-52,-2.12%,100,18.6倍,5.86倍,1.13%
20260825,1672,小松ウオール,7949,東P,,"2,823",+7,+0.25%,100,16.3倍,1.29倍,4.78%
20260825,1673,未来工業,7931,東P,,"3,670",-35,-0.94%,99,13.7倍,1.07倍,3.68%
20260825,1674,やまみ,2820,東S,,"6,280",+90,+1.45%,99,21.2倍,3.69倍,1.59%
20260825,1675,ビープラッツ,4381,東G,,309,-24,-7.21%,99,24.6倍,-2.6倍,ー%
20260825,1676,ツバキナカ,6464,東P,,342,-6,-1.72%,99,26.2倍,0.33倍,ー%
20260825,1677,Ｊグループ,3063,東G,,"1,188",-12,-1.00%,98,54.1倍,17.7倍,0.42%
20260825,1678,アドバネクス,5998,東S,,"2,782",+171,+6.55%,98,5.71倍,1.09倍,1.80%
20260825,1679,山陽電,9052,東P,,"2,032",-11,-0.54%,98,15.0倍,0.70倍,2.46%
20260825,1680,たけびし,7510,東P,,"2,760",+14,+0.51%,98,12.8倍,0.97倍,3.44%
20260825,1681,ハイレックス,7279,東S,,"2,504",-34,-1.34%,97,2.50倍,0.43倍,3.19%
20260825,1682,共同ＰＲ,2436,東S,,630,-17,-2.63%,97,12.0倍,2.43倍,1.27%
20260825,1683,野村鉄鋼非鉄,1623,東Ｅ,,"66,270","+1,640",+2.54%,97,ー倍,ー倍,ー%
20260825,1684,ライトアップ,6580,東G,,917,-57,-5.85%,97,9.44倍,1.48倍,2.07%
20260825,1685,グッドコムＡ,3475,東P,,"1,586",-4,-0.25%,97,10.0倍,3.25倍,2.90%
20260825,1686,カナディアン,9284,東IF,,"77,000",+400,+0.52%,97,ー倍,0.75倍,8.23%
20260825,1687,積水樹,4212,東P,,"2,868",+2,+0.07%,97,15.9倍,0.86倍,3.49%
20260825,1688,アルプス技,4641,東P,,864,-2,-0.23%,97,13.1倍,2.42倍,4.17%
20260825,1689,サニックスＨ,4651,東S,,285,+10,+3.64%,96,13.6倍,1.24倍,1.05%
20260825,1690,パイオラック,5988,東P,,"1,718",-12,-0.69%,96,58.8倍,0.64倍,5.36%
20260825,1691,イントループ,9556,東G,,"2,299",+56,+2.50%,96,33.3倍,3.43倍,ー%
20260825,1692,ステラファ,4888,東G,,367,+10,+2.80%,95,ー倍,4.12倍,ー%
20260825,1693,大成ラミック,4994,東S,,"2,897",+16,+0.56%,95,11.7倍,0.66倍,2.42%
20260825,1694,三谷セキ,5273,東S,,"2,047",+39,+1.94%,95,14.1倍,1.35倍,2.13%
20260825,1695,中村超硬,6166,東G,,654,+14,+2.19%,95,ー倍,7.83倍,ー%
20260825,1696,キッズバイオ,4584,東G,,179,+12,+7.19%,94,ー倍,5.03倍,ー%
20260825,1697,鶴見製,6351,東P,,"2,399",+37,+1.57%,94,15.6倍,1.10倍,1.50%
20260825,1698,グリーンズ,6547,東S,,"2,102",+28,+1.35%,94,6.42倍,2.28倍,2.71%
20260825,1699,ｉＳ高配当,1478,東Ｅ,,"5,355",+27,+0.51%,94,ー倍,ー倍,ー%
20260825,1700,ＭＸＪリート,1597,東Ｅ,,"1,879",0,0.00%,94,ー倍,ー倍,ー%
20260825,1701,アンビスＨＤ,7071,東P,,426,-1,-0.23%,94,19.9倍,1.08倍,0.94%
20260825,1702,あさひ,3333,東P,,"1,360",-5,-0.37%,94,13.0倍,0.85倍,3.68%
20260825,1703,エニグモ,3665,東P,,423,+6,+1.44%,94,34.0倍,1.61倍,7.09%
20260825,1704,エスコンＪＰ,2971,東Ｒ,,"111,000",+200,+0.18%,93,ー倍,0.99倍,6.36%
20260825,1705,クレオス,8101,東P,,"2,715",-12,-0.44%,93,12.7倍,0.98倍,3.90%
20260825,1706,不動テトラ,1813,東P,,"2,869",+11,+0.38%,93,13.6倍,1.17倍,4.01%
20260825,1707,ｉＳＪリート,1476,東Ｅ,,"1,864",0,0.00%,92,ー倍,ー倍,ー%
20260825,1708,エリアリンク,8914,東S,,965,-10,-1.03%,92,12.9倍,1.59倍,2.85%
20260825,1709,Ｉｎｅ,4933,東P,,"1,477",+42,+2.93%,92,ー倍,1.48倍,1.02%
20260825,1710,ホットランド,3196,東P,,"1,667",-6,-0.36%,91,54.0倍,2.33倍,0.78%
20260825,1711,アンビＤＸ,3300,東G,,"1,955",-8,-0.41%,91,5.58倍,1.45倍,5.73%
20260825,1712,ビジ太田昭,9658,東P,,"1,078",+2,+0.19%,91,12.3倍,1.16倍,4.36%
20260825,1713,野村米十債,2647,東Ｅ,,"5,888",+7,+0.12%,90,ー倍,ー倍,ー%
20260825,1714,Ｇセキュリ,4417,東G,,"4,550",-25,-0.55%,90,34.2倍,15.4倍,1.08%
20260825,1715,ｅＷｅＬＬ,5038,東G,,"2,119",-57,-2.62%,90,24.1倍,9.06倍,0.99%
20260825,1716,レオン,6272,東P,,"1,555",+5,+0.32%,90,10.5倍,0.97倍,3.86%
20260825,1717,林兼,2286,東S,,930,-16,-1.69%,90,6.35倍,0.58倍,4.84%
20260825,1718,ＳＲＡＨＤ,3817,東P,,"4,835",-35,-0.72%,90,10.8倍,1.73倍,4.55%
20260825,1719,ミツウロコＧ,8131,東S,,"2,224",+22,+1.00%,90,20.3倍,1.15倍,2.97%
20260825,1720,福島銀,8562,東S,,365,+2,+0.55%,89,14.1倍,0.53倍,1.37%
20260825,1721,オリチェン,6380,東S,,"4,060",+120,+3.05%,89,77.1倍,2.71倍,0.49%
20260825,1722,ヤマタネ,9305,東P,,"2,099",-9,-0.43%,89,10.1倍,0.71倍,4.05%
20260825,1723,キャリアＬ,6070,東P,,"2,606",-44,-1.66%,89,11.0倍,1.98倍,4.60%
20260825,1724,リズム,7769,東P,,"4,000",+10,+0.25%,89,18.8倍,0.93倍,4.19%
20260825,1725,ＮＪＳ,2325,東P,,"4,830",-55,-1.13%,89,18.8倍,1.49倍,2.28%
20260825,1726,リプロセル,4978,東G,,148,-2,-1.33%,88,ー倍,1.65倍,ー%
20260825,1727,群栄化,4229,東P,,"4,365",-50,-1.13%,88,17.1倍,0.51倍,2.75%
20260825,1728,ｍｏｎｏＡＩ,5240,東G,,206,-5,-2.37%,88,ー倍,2.61倍,ー%
20260825,1729,エターナルＧ,3193,東P,,"1,463",-3,-0.20%,88,16.0倍,3.12倍,1.57%
20260825,1730,宮地エンジ,3431,東P,,"1,642",-2,-0.12%,88,21.5倍,1.03倍,4.57%
20260825,1731,菊池製作,3444,東S,,"1,008",+12,+1.20%,88,88.9倍,2.03倍,0.99%
20260825,1732,小松マテーレ,3580,東P,,767,+9,+1.19%,88,14.4倍,0.72倍,3.52%
20260825,1733,トーセイＲ,3451,東Ｒ,,"132,700",+500,+0.38%,87,ー倍,1.17倍,5.77%
20260825,1734,ドリコム,3793,東G,,488,-6,-1.21%,87,23.3倍,2.68倍,1.02%
20260825,1735,サクサ,6675,東S,,"2,157",-8,-0.37%,87,2.29倍,0.80倍,5.80%
20260825,1736,アーレスティ,5852,東P,,682,0,0.00%,87,34.1倍,0.31倍,4.99%
20260825,1737,アイドマＨＤ,7373,東G,,966,-2,-0.21%,87,11.6倍,1.80倍,3.11%
20260825,1738,ＭＥＲＦ,3168,東S,,"1,446",-9,-0.62%,87,7.27倍,1.70倍,2.77%
20260825,1739,中部飼,2053,東P,,"2,032",-1,-0.05%,87,8.45倍,0.78倍,3.74%
20260825,1740,カッパクリエ,7421,東P,,"1,620",0,0.00%,87,85.4倍,8.47倍,ー%
20260825,1741,コニシ,4956,東P,,"1,446",-9,-0.62%,86,10.9倍,0.97倍,2.63%
20260825,1742,アライドＨＤ,6835,東S,,259,+7,+2.78%,86,9.20倍,1.25倍,3.47%
20260825,1743,ジーデップ,5885,東S,,"3,180",+165,+5.47%,86,21.1倍,4.96倍,1.51%
20260825,1744,プリモＧＨＤ,367A,東S,,"2,791",+16,+0.58%,86,11.4倍,1.21倍,4.30%
20260825,1745,カナデン,8081,東P,,"2,560",+8,+0.31%,85,14.3倍,1.12倍,3.91%
20260825,1746,フリービット,3843,東P,,"1,779",+26,+1.48%,85,11.1倍,4.38倍,2.30%
20260825,1747,内外テック,3374,東S,,"4,230",+165,+4.06%,84,8.82倍,1.13倍,3.40%
20260825,1748,デジプラ,3691,東G,,"1,976",+96,+5.11%,84,ー倍,10.8倍,ー%
20260825,1749,ナガホリ,8139,東S,,"2,288",-56,-2.39%,84,58.5倍,2.52倍,0.66%
20260825,1750,システムサポ,4396,東P,,"1,368",-8,-0.58%,84,13.1倍,3.92倍,3.07%
20260825,1751,福井コン,9790,東P,,"3,105",-30,-0.96%,84,14.1倍,2.14倍,2.48%
20260825,1752,Ｊティッシュ,7774,東G,,881,+21,+2.44%,84,358倍,6.96倍,ー%
20260825,1753,あすか薬ＨＤ,4886,東P,,"2,136",-18,-0.84%,84,12.7倍,0.86倍,3.04%
20260825,1754,ヒーハイスト,6433,東S,,"1,058",+16,+1.54%,84,71.7倍,3.14倍,0.19%
20260825,1755,じげん,3679,東P,,454,-5,-1.09%,83,10.3倍,2.02倍,2.97%
20260825,1756,学研ＨＤ,9470,東P,,"1,052",+1,+0.10%,83,11.7倍,0.88倍,2.76%
20260825,1757,ＰＣＡ,9629,東P,,"1,626",+30,+1.88%,83,40.9倍,1.91倍,2.46%
20260825,1758,メディシス,4350,東S,,493,+6,+1.23%,83,14.4倍,0.85倍,2.43%
20260825,1759,Ｄｍミックス,7354,東S,,362,0,0.00%,83,9.43倍,1.06倍,2.62%
20260825,1760,日経インバ,1571,東Ｅ,,296,-2,-0.67%,83,ー倍,ー倍,ー%
20260825,1761,北浜ＣＰ,2134,東S,,21,0,0.00%,83,6.62倍,2.43倍,ー%
20260825,1762,カンロ,2216,東S,,"1,097",+6,+0.55%,82,15.0倍,2.28倍,3.01%
20260825,1763,エーアイテイ,9381,東P,,"2,358",-2,-0.08%,82,16.3倍,2.75倍,4.66%
20260825,1764,Ｔ－ＢＡＳＥ,3415,東P,,374,+4,+1.08%,82,10.6倍,2.53倍,1.87%
20260825,1765,霞ヶ関ホテル,401A,東Ｒ,,"96,700",-100,-0.10%,82,ー倍,0.98倍,6.43%
20260825,1766,オカアイヨン,6294,東P,,"1,971",+7,+0.36%,82,9.35倍,0.89倍,3.86%
20260825,1767,オロ,3983,東P,,"2,116",-49,-2.26%,82,15.0倍,3.22倍,2.36%
20260825,1768,ラサ商事,3023,東S,,"2,114",+2,+0.09%,82,11.1倍,0.95倍,3.78%
20260825,1769,くすりの窓口,5592,東G,,"2,708",+17,+0.63%,81,9.82倍,2.68倍,1.48%
20260825,1770,インターアク,7725,東P,,"1,883",+7,+0.37%,81,18.2倍,1.77倍,2.92%
20260825,1771,中山鋼,5408,東P,,635,-6,-0.94%,81,8.83倍,0.31倍,3.15%
20260825,1772,三信電,8150,東P,,"3,090",0,0.00%,81,10.5倍,0.83倍,4.53%
20260825,1773,野村商社卸売,1629,東Ｅ,,269.4,-0.5,-0.19%,81,ー倍,ー倍,ー%
20260825,1774,ナガワ,9663,東P,,"5,110",-60,-1.16%,81,24.0倍,1.17倍,1.17%
20260825,1775,トーカイ,9729,東P,,"2,573",+20,+0.78%,81,13.0倍,0.94倍,3.11%
20260825,1776,新日本製薬,4931,東P,,"2,088",-2,-0.10%,81,13.0倍,1.83倍,2.73%
20260825,1777,Ｕｂｉｃｏｍ,3937,東S,,"1,237",-41,-3.21%,81,14.2倍,2.57倍,ー%
20260825,1778,マイクロ波,9227,東G,,914,+4,+0.44%,81,"3,656倍",121倍,ー%
20260825,1779,ユーソナー,431A,東G,,"2,275",+85,+3.88%,81,17.8倍,3.77倍,ー%
20260825,1780,燦ＨＤ,9628,東P,,"1,388",0,0.00%,80,ー倍,0.85倍,2.90%
20260825,1781,日本ハウス,1873,東P,,329,+1,+0.30%,79,3.65倍,0.58倍,3.65%
20260825,1782,新光商,8141,東P,,"1,566",-3,-0.19%,79,31.9倍,0.84倍,ー%
20260825,1783,ＭＶ東海,8198,東S,,"3,265",+30,+0.93%,79,11.2倍,1.08倍,2.60%
20260825,1784,山王,3441,東S,,"2,758",+96,+3.61%,79,9.14倍,1.42倍,0.91%
20260825,1785,ＰＲＴＩＭＥ,3922,東P,,"2,176",+7,+0.32%,79,13.4倍,3.14倍,0.77%
20260825,1786,ＧＸ高配日株,2564,東Ｅ,,"3,687",-12,-0.32%,79,ー倍,ー倍,ー%
20260825,1787,エヌピーシー,6255,東G,,691,+3,+0.44%,79,27.3倍,1.42倍,1.45%
20260825,1788,ユニバーサル,6425,東S,,730,-8,-1.08%,79,28.3倍,0.44倍,ー%
20260825,1789,ＴＯＡ,6809,東P,,"1,690",+4,+0.24%,79,17.3倍,1.01倍,5.03%
20260825,1790,レカム,3323,東S,,92,+3,+3.37%,78,23.2倍,1.27倍,1.30%
20260825,1791,オエノンＨＤ,2533,東P,,477,-11,-2.25%,77,9.02倍,0.95倍,2.52%
20260825,1792,バンドー,5195,東P,,"2,457",-2,-0.08%,77,12.5倍,1.07倍,4.07%
20260825,1793,ＪＡＬＣＯ,6625,東S,,381,+5,+1.33%,77,39.7倍,2.51倍,4.72%
20260825,1794,ＧＸ宇宙テク,610A,東Ｅ,,"1,074",-7,-0.65%,77,ー倍,ー倍,ー%
20260825,1795,Ｆ＆Ｍ,4771,東S,,"2,765",+14,+0.51%,77,14.2倍,2.64倍,2.17%
20260825,1796,ネクストーン,7094,東G,,"1,739",-12,-0.69%,77,17.0倍,2.98倍,1.27%
20260825,1797,日産車体,7222,東S,,950,-23,-2.36%,76,9.19倍,0.69倍,ー%
20260825,1798,ＣＴＳ,4345,東P,,839,-11,-1.29%,76,12.7倍,2.09倍,3.58%
20260825,1799,石原ケミ,4462,東P,,"2,970",-30,-1.00%,75,14.7倍,1.60倍,1.62%
20260825,1800,エイビック,9554,東G,,"1,721",-40,-2.27%,75,14.3倍,3.78倍,ー%
20260825,1801,グリムス,3150,東P,,"2,520",0,0.00%,75,10.8倍,3.02倍,3.69%
20260825,1802,ソフトクリエ,3371,東P,,"2,123",-17,-0.79%,75,12.8倍,2.09倍,2.92%
20260825,1803,ＷＴ金,1672,東Ｅ,,"68,810",+230,+0.34%,75,ー倍,ー倍,ー%
20260825,1804,フコク,5185,東P,,"2,054",-7,-0.34%,75,12.7倍,0.71倍,4.87%
20260825,1805,中部鋼鈑,5461,東P,,"2,094",-5,-0.24%,74,62.0倍,0.76倍,5.40%
20260825,1806,岡部,5959,東P,,953,+3,+0.32%,74,11.4倍,0.67倍,4.41%
20260825,1807,小池工,6137,東S,,"1,476",+2,+0.14%,74,9.18倍,0.66倍,3.39%
20260825,1808,トレイダーズ,8704,東S,,"1,373",+11,+0.81%,74,7.60倍,1.78倍,3.28%
20260825,1809,ＮＩＳＳＯ,9332,東P,,667,+5,+0.76%,74,10.7倍,1.25倍,3.75%
20260825,1810,ラクサス,288A,東G,,100,+5,+5.26%,74,17.1倍,0.83倍,ー%
20260825,1811,イートアンド,2882,東P,,"2,052",0,0.00%,74,51.3倍,2.05倍,0.73%
20260825,1812,フォースタ,7089,東G,,"1,522",+8,+0.53%,74,10.5倍,3.24倍,ー%
20260825,1813,ユキグニ,1375,東P,,"1,164",-6,-0.51%,74,18.3倍,3.39倍,1.72%
20260825,1814,ロボホーム,1435,東S,,181,+3,+1.69%,74,8.04倍,1.45倍,1.10%
20260825,1815,ｉＳ米債７Ｈ,1482,東Ｅ,,"1,539",0,0.00%,73,ー倍,ー倍,ー%
20260825,1816,日コン,5269,東P,,388,+4,+1.04%,73,8.10倍,0.47倍,2.58%
20260825,1817,サーバワクス,4434,東S,,"2,400",-27,-1.11%,73,19.8倍,1.77倍,1.25%
20260825,1818,ラクオリア,4579,東G,,564,+11,+1.99%,73,ー倍,1.89倍,ー%
20260825,1819,オプティム,3694,東P,,435,-14,-3.12%,73,20.9倍,2.52倍,ー%
20260825,1820,リベルタ,4935,東S,,216,+6,+2.86%,73,58.1倍,4.93倍,0.93%
20260825,1821,ＦＰパートナ,7388,東P,,"2,265",+14,+0.62%,73,32.3倍,4.72倍,4.15%
20260825,1822,チャームケア,6062,東P,,"1,395",-5,-0.36%,72,11.2倍,1.98倍,3.44%
20260825,1823,ウィルＧ,6089,東P,,"1,184",+6,+0.51%,72,12.3倍,1.36倍,3.72%
20260825,1824,ハニーズＨＤ,2792,東P,,"1,460",+10,+0.69%,72,16.3倍,0.83倍,3.77%
20260825,1825,ＭＸ４００,1593,東Ｅ,,"37,970",+140,+0.37%,72,ー倍,ー倍,ー%
20260825,1826,イチケン,1847,東S,,"3,430",-20,-0.58%,72,6.82倍,1.22倍,5.25%
20260825,1827,巴,1921,東S,,"1,921",-11,-0.57%,72,24.8倍,0.85倍,1.25%
20260825,1828,弘電社,1948,東S,,"11,420",0,0.00%,72,41.6倍,4.02倍,ー%
20260825,1829,北里,368A,東P,,"1,500",-10,-0.66%,72,14.8倍,3.02倍,2.73%
20260825,1830,三谷商,8066,東S,,"3,330",+40,+1.22%,72,13.1倍,1.47倍,2.64%
20260825,1831,マリモリート,3470,東Ｒ,,"102,700",+400,+0.39%,72,ー倍,0.96倍,6.93%
20260825,1832,エコス,7520,東P,,"2,600",-61,-2.29%,72,8.21倍,0.98倍,2.69%
20260825,1833,シグマ光機,7713,東S,,"2,196",+42,+1.95%,72,16.0倍,0.84倍,2.28%
20260825,1834,レック,7874,東P,,975,+14,+1.46%,72,10.6倍,0.85倍,2.87%
20260825,1835,ｉＳ円高ハン,488A,東Ｅ,,766.5,-1.3,-0.17%,72,ー倍,ー倍,ー%
20260825,1836,エブリー,607A,東G,,221,-3,-1.34%,72,9.45倍,2.68倍,ー%
20260825,1837,不二家,2211,東P,,"2,497",-5,-0.20%,71,30.7倍,1.08倍,1.20%
20260825,1838,アステナＨＤ,8095,東P,,537,0,0.00%,71,9.24倍,0.76倍,3.35%
20260825,1839,ヒラノテク,6245,東S,,"1,812",+60,+3.42%,71,24.9倍,0.69倍,4.64%
20260825,1840,窪田製薬ＨＤ,4596,東G,,65,-2,-2.99%,70,ー倍,6.58倍,ー%
20260825,1841,ＡＤＷＧ,2982,東P,,423,+5,+1.20%,70,6.76倍,0.94倍,4.73%
20260825,1842,Ａｒｅｎｔ,5254,東G,,"4,060",-120,-2.87%,70,27.4倍,3.82倍,ー%
20260825,1843,ヒット,378A,東G,,"1,025",+19,+1.89%,70,14.6倍,2.53倍,2.05%
20260825,1844,上場高配当,1698,東Ｅ,,"4,413",+14,+0.32%,70,ー倍,ー倍,ー%
20260825,1845,ワタミ,7522,東P,,974,-5,-0.51%,70,ー倍,2.20倍,ー%
20260825,1846,グロバルＬＭ,3486,東P,,"1,972",-8,-0.40%,70,6.14倍,2.02倍,5.07%
20260825,1847,日阪製,6247,東P,,"1,779",+16,+0.91%,69,19.4倍,0.73倍,3.09%
20260825,1848,アイコム,6820,東P,,"3,625",+25,+0.69%,69,16.8倍,0.71倍,2.40%
20260825,1849,長府製,5946,東P,,"2,059",-13,-0.63%,69,21.9倍,0.50倍,2.23%
20260825,1850,アイサンテク,4667,東S,,"2,133",+51,+2.45%,69,20.6倍,1.80倍,2.11%
20260825,1851,早稲アカ,4718,東P,,"2,513",+11,+0.44%,69,16.4倍,2.84倍,2.98%
20260825,1852,ジーイエット,7603,東S,,44,0,0.00%,69,ー倍,1.17倍,ー%
20260825,1853,ｉＦナ百Ｗベ,2870,東Ｅ,,"7,733",-81,-1.04%,69,ー倍,ー倍,ー%
20260825,1854,ウルフハンド,194A,東G,,"1,835",-50,-2.65%,69,13.8倍,3.75倍,1.42%
20260825,1855,タウンズ,197A,東S,,502,-8,-1.57%,69,18.1倍,2.76倍,5.78%
20260825,1856,中外炉,1964,東P,,"4,055",-15,-0.37%,69,11.3倍,0.97倍,4.44%
20260825,1857,鎌倉新書,6184,東P,,601,+1,+0.17%,68,22.5倍,4.54倍,3.33%
20260825,1858,ＡｎｄＤｏ,3457,東P,,928,-3,-0.32%,68,20.8倍,0.97倍,4.96%
20260825,1859,ＡＩストーム,3719,東S,,121,-2,-1.63%,68,18.7倍,1.71倍,2.48%
20260825,1860,ＧＭＳ,544A,東P,,363,-2,-0.55%,68,3.48倍,0.41倍,ー%
20260825,1861,リッジアイ,5572,東G,,"2,758",+54,+2.00%,68,32.2倍,3.37倍,ー%
20260825,1862,ククレブ,276A,東G,,"3,655",+100,+2.81%,68,26.9倍,3.90倍,0.82%
20260825,1863,ＩＴＦＯＲ,4743,東P,,"1,684",-12,-0.71%,68,13.1倍,2.22倍,4.75%
20260825,1864,明和産,8103,東P,,965,-2,-0.21%,68,9.73倍,0.90倍,4.87%
20260825,1865,河西工,7256,東S,,420,+6,+1.45%,68,18.5倍,1.58倍,ー%
20260825,1866,アトネイチャ,7823,東S,,875,-9,-1.02%,68,23.6倍,1.04倍,3.20%
20260825,1867,ダイドー,3205,東S,,747,+6,+0.81%,67,26.3倍,2.32倍,6.69%
20260825,1868,ホテルレジＲ,3472,東Ｒ,,"67,200",+200,+0.30%,67,ー倍,0.83倍,5.92%
20260825,1869,アイフリーク,3845,東S,,284,+16,+5.97%,67,"7,100倍",6.42倍,ー%
20260825,1870,フィーチャ,4052,東G,,510,-16,-3.04%,67,67.8倍,4.10倍,ー%
20260825,1871,日特建,1929,東P,,"1,183",+3,+0.25%,67,13.4倍,1.34倍,4.23%
20260825,1872,マミーマート,9823,東S,,"1,041",+6,+0.58%,67,9.83倍,1.13倍,2.04%
20260825,1873,Ｅ・ＪＨＤ,2153,東P,,"1,826",0,0.00%,66,8.87倍,0.82倍,4.49%
20260825,1874,ＩＧポート,3791,東S,,"1,117",-14,-1.24%,66,72.4倍,2.26倍,1.16%
20260825,1875,中越パ,3877,東P,,"2,250",-1,-0.04%,66,17.7倍,0.47倍,5.33%
20260825,1876,アオイ電子,6832,東S,,"2,269",+22,+0.98%,66,114倍,0.60倍,2.38%
20260825,1877,農中日経平均,2525,東Ｅ,,"66,300",+80,+0.12%,66,ー倍,ー倍,ー%
20260825,1878,ソーダニッカ,8158,東P,,"1,310",-13,-0.98%,66,12.2倍,0.82倍,3.36%
20260825,1879,日神ＧＨＤ,8881,東P,,680,-2,-0.29%,66,9.07倍,0.45倍,5.44%
20260825,1880,オカムラ食品,2938,東S,,"1,295",+2,+0.15%,66,24.1倍,3.31倍,0.69%
20260825,1881,日理化,4406,東S,,251,+3,+1.21%,66,11.7倍,0.45倍,1.79%
20260825,1882,Ｃ＆Ｒ,4763,東P,,"1,527",+18,+1.19%,65,9.37倍,1.66倍,3.34%
20260825,1883,オハラ,5218,東S,,"1,580",+12,+0.77%,65,26.8倍,0.72倍,1.58%
20260825,1884,ユニバー園芸,6061,東S,,"3,310",+125,+3.92%,65,12.2倍,2.04倍,0.39%
20260825,1885,エイチーム,3662,東P,,966,-16,-1.63%,65,29.9倍,2.06倍,2.90%
20260825,1886,ＵＬＳグルプ,3798,東S,,536,+2,+0.37%,65,13.2倍,2.54倍,1.53%
20260825,1887,六甲バタ,2266,東P,,"1,090",+16,+1.49%,65,14.3倍,0.62倍,1.83%
20260825,1888,ケンコーマヨ,2915,東P,,"2,037",+2,+0.10%,64,10.3倍,0.71倍,3.44%
20260825,1889,長谷川香料,4958,東P,,"3,355",+5,+0.15%,64,18.6倍,1.01倍,2.98%
20260825,1890,ジーニー,6562,東G,,905,+28,+3.19%,64,8.60倍,ー倍,ー%
20260825,1891,ＲｅＹｕｕ,9425,東S,,216,+1,+0.47%,64,ー倍,1.34倍,ー%
20260825,1892,ＳＰＫ,7466,東P,,"1,451",-17,-1.16%,64,10.7倍,0.99倍,2.83%
20260825,1893,三光合成,7888,東P,,903,-6,-0.66%,64,6.12倍,0.79倍,3.54%
20260825,1894,カルナバイオ,4572,東G,,419,+11,+2.70%,64,ー倍,-21倍,ー%
20260825,1895,フォーカス,4662,東P,,"1,700",-18,-1.05%,64,10.1倍,1.69倍,4.00%
20260825,1896,ＧＸゲー日株,2640,東Ｅ,,"4,300",+38,+0.89%,64,ー倍,ー倍,ー%
20260825,1897,Ｏｎｅ２２５,1369,東Ｅ,,"66,230",+370,+0.56%,64,ー倍,ー倍,ー%
20260825,1898,東リ,7971,東S,,705,-7,-0.98%,64,11.8倍,0.77倍,4.82%
20260825,1899,中北製,6496,東S,,"5,710",+90,+1.60%,63,12.5倍,0.71倍,2.01%
20260825,1900,ヘリオスＴＨ,6927,東S,,980,+17,+1.77%,63,14.9倍,1.12倍,6.02%
20260825,1901,ｆｏｎｆｕｎ,2323,東S,,315,+4,+1.29%,63,14.8倍,4.72倍,ー%
20260825,1902,ワールドＨＤ,2429,東P,,"2,813",-52,-1.82%,63,7.13倍,1.02倍,4.85%
20260825,1903,新家工,7305,東S,,"2,699",-14,-0.52%,63,15.1倍,0.75倍,5.56%
20260825,1904,プロネクサス,7893,東P,,"1,156",+9,+0.78%,63,14.3倍,1.13倍,3.81%
20260825,1905,ＷＴ銅,1693,東Ｅ,,"9,090",+74,+0.82%,63,ー倍,ー倍,ー%
20260825,1906,第一建設,1799,東S,,"3,290",+15,+0.46%,63,13.6倍,0.80倍,4.86%
20260825,1907,若築建,1888,東P,,"3,860",-35,-0.90%,63,11.2倍,0.93倍,3.76%
20260825,1908,ウェルネオＳ,2117,東P,,"2,877",-13,-0.45%,63,14.5倍,1.22倍,4.14%
20260825,1909,Ａバランス,3856,東S,,399,-9,-2.21%,63,ー倍,0.18倍,ー%
20260825,1910,いちごホテル,3463,東Ｒ,,"112,700",+700,+0.63%,62,ー倍,0.90倍,6.33%
20260825,1911,フルッタ,2586,東G,,78,0,0.00%,62,90.7倍,1.23倍,ー%
20260825,1912,ニッピ,7932,東S,,"11,880",+40,+0.34%,62,11.9倍,0.83倍,5.90%
20260825,1913,空港施設,8864,東S,,972,+3,+0.31%,62,14.1倍,0.78倍,4.32%
20260825,1914,エアトリ,6191,東P,,845,+8,+0.96%,62,29.3倍,1.04倍,ー%
20260825,1915,ミダックＨＤ,6564,東P,,"2,050",-6,-0.29%,62,17.0倍,3.11倍,0.98%
20260825,1916,モリト,9837,東P,,"1,829",-8,-0.44%,62,15.1倍,1.12倍,3.94%
20260825,1917,ＷＴ銀,1673,東Ｅ,,"9,902",-56,-0.56%,62,ー倍,ー倍,ー%
20260825,1918,ＵＮＩＣＯＮ,407A,東S,,958,+51,+5.62%,62,8.61倍,2.28倍,4.70%
20260825,1919,ＲＩＺＡＰ,2928,札Ａ,,179,0,0.00%,61,21.3倍,2.13倍,0.75%
20260825,1920,まんだらけ,2652,東S,,444,+2,+0.45%,61,10.2倍,1.10倍,0.23%
20260825,1921,イオン九州,2653,東S,,"2,836",+2,+0.07%,61,14.9倍,1.62倍,1.76%
20260825,1922,マツオカ,3611,東S,,"2,540",+46,+1.84%,61,7.84倍,0.67倍,4.53%
20260825,1923,ＤＭＰ,3652,東G,,"2,364",-28,-1.17%,61,248倍,2.36倍,ー%
20260825,1924,オーナンバ,5816,東S,,"1,461",+11,+0.76%,61,9.37倍,0.60倍,4.79%
20260825,1925,オークワ,8217,東P,,805,0,0.00%,61,50.4倍,0.45倍,3.23%
20260825,1926,ＩＤＨＤ,4709,東P,,"1,089",+9,+0.83%,61,12.3倍,2.47倍,4.59%
20260825,1927,オプティマス,9268,東S,,421,+3,+0.72%,61,9.01倍,0.68倍,4.28%
20260825,1928,インフ,438A,東G,,968,-23,-2.32%,61,42.3倍,3.62倍,ー%
20260825,1929,ｉＳ国債〇一,570A,東Ｅ,,918.4,+17.3,+1.92%,60,ー倍,ー倍,ー%
20260825,1930,高知銀,8416,東S,,"1,177",+33,+2.88%,60,26.5倍,0.31倍,2.12%
20260825,1931,電気興,6706,東P,,"3,325",+50,+1.53%,60,12.6倍,0.78倍,3.16%
20260825,1932,ＤＩＴ,3916,東P,,961,-20,-2.04%,60,12.9倍,3.13倍,4.37%
20260825,1933,ラックランド,9612,東P,,"1,238",+8,+0.65%,60,5.55倍,1.04倍,3.23%
20260825,1934,日精化,4362,東P,,"2,708",-16,-0.59%,60,11.3倍,1.15倍,3.84%
20260825,1935,市光工,7244,東P,,570,-3,-0.52%,60,11.0倍,0.66倍,3.16%
20260825,1936,今仙電機,7266,東S,,"1,032",+7,+0.68%,59,9.54倍,0.39倍,3.10%
20260825,1937,ＡＢ＆Ｃ,9251,東G,,"1,531",+2,+0.13%,59,14.8倍,2.46倍,3.92%
20260825,1938,ヨシックス,3221,東P,,"3,365",-10,-0.30%,59,14.7倍,2.55倍,0.95%
20260825,1939,特種東海,3708,東P,,"2,161",-9,-0.41%,59,16.0倍,0.87倍,4.35%
20260825,1940,ギークリー,505A,東S,,"1,367",+14,+1.03%,58,9.71倍,4.01倍,4.17%
20260825,1941,野村国内債券,2510,東Ｅ,,803.7,+1.8,+0.22%,58,ー倍,ー倍,ー%
20260825,1942,シキボウ,3109,東P,,"1,096",+7,+0.64%,58,23.2倍,0.38倍,4.56%
20260825,1943,ベルテクス,5290,東S,,"1,189",+1,+0.08%,58,12.5倍,1.35倍,3.36%
20260825,1944,ヨータイ,5357,東P,,"1,782",+6,+0.34%,58,12.7倍,0.95倍,5.05%
20260825,1945,フルハシＥ,9221,東S,,"1,150",0,0.00%,58,15.0倍,2.15倍,2.78%
20260825,1946,ＪＥＳＣＯ,1434,東S,,"1,693",+8,+0.47%,58,10.7倍,1.40倍,2.84%
20260825,1947,篠崎屋,2926,東S,,129,+5,+4.03%,57,ー倍,1.60倍,3.10%
20260825,1948,半導体日本株,163A,東EN,,"19,245",+195,+1.02%,57,ー倍,ー倍,ー%
20260825,1949,保土谷,4112,東P,,"2,232",+2,+0.09%,57,27.3倍,0.65倍,2.69%
20260825,1950,ミライアル,4238,東S,,"1,773",+43,+2.49%,57,ー倍,0.68倍,ー%
20260825,1951,リソー教育Ｇ,4714,東P,,208,0,0.00%,56,20.9倍,3.44倍,4.81%
20260825,1952,ウェルネット,2428,東S,,645,+11,+1.74%,56,10.6倍,1.33倍,4.73%
20260825,1953,Ｖコマース,2491,東P,,494,-1,-0.20%,56,ー倍,0.95倍,3.24%
20260825,1954,丸山製,6316,東S,,"3,005",+26,+0.87%,56,10.5倍,0.51倍,2.66%
20260825,1955,東洋電,6505,東S,,"2,444",+18,+0.74%,56,9.02倍,0.77倍,4.75%
20260825,1956,小野建,7414,東P,,"1,442",-16,-1.10%,56,8.60倍,0.38倍,4.79%
20260825,1957,幸楽苑,7554,東P,,"1,186",+4,+0.34%,56,18.2倍,3.18倍,1.26%
20260825,1958,粧美堂,7819,東S,,976,-19,-1.91%,56,11.8倍,1.70倍,3.38%
20260825,1959,日精鉱,5729,東S,,"1,872",+53,+2.91%,56,16.4倍,1.21倍,3.21%
20260825,1960,アライドアキ,6081,東G,,166,+3,+1.84%,56,144倍,1.45倍,ー%
20260825,1961,石川製,6208,東S,,"1,644",+17,+1.04%,55,16.0倍,1.66倍,1.22%
20260825,1962,サトウ食品,2923,東S,,"8,300",-100,-1.19%,55,ー倍,1.68倍,ー%
20260825,1963,コスピベア,2034,東EN,,"1,950",-13,-0.66%,55,ー倍,ー倍,ー%
20260825,1964,ＣＬＨＤ,4286,東S,,"1,306",-7,-0.53%,55,12.8倍,1.71倍,2.37%
20260825,1965,ぴあ,4337,東P,,"2,833",-14,-0.49%,55,29.0倍,4.04倍,1.06%
20260825,1966,ミヨシ,4404,東S,,"2,153",-2,-0.09%,55,14.7倍,0.51倍,3.25%
20260825,1967,上場ダウヘ有,2562,東Ｅ,,"3,712",+13,+0.35%,55,ー倍,ー倍,ー%
20260825,1968,ジェコス,9991,東P,,"1,773",-10,-0.56%,55,10.5倍,0.84倍,3.89%
20260825,1969,エバラ食品,2819,東S,,"2,614",+7,+0.27%,54,25.5倍,0.70倍,1.91%
20260825,1970,日ギア,6356,東S,,"1,328",+32,+2.47%,54,10.7倍,1.27倍,0.75%
20260825,1971,かわでん,6648,東S,,"1,746",+37,+2.17%,54,9.51倍,1.35倍,3.78%
20260825,1972,アイホン,6718,東P,,"2,868",+5,+0.17%,54,14.7倍,0.67倍,4.53%
20260825,1973,極東貿易,8093,東P,,"1,834",-13,-0.70%,54,8.90倍,0.66倍,4.03%
20260825,1974,ＢＢタワー,3776,東S,,254,+11,+4.53%,54,32.6倍,1.71倍,0.79%
20260825,1975,ＪＲＣ,6224,東G,,"1,156",+20,+1.76%,54,12.0倍,2.54倍,2.94%
20260825,1976,ＧＸ純金Ｈ,424A,東Ｅ,,353.9,-0.2,-0.06%,54,ー倍,ー倍,ー%
20260825,1977,ＣＡＣ,4725,東P,,"1,931",-8,-0.41%,54,ー倍,0.92倍,5.18%
20260825,1978,リボミック,4591,東G,,83,-1,-1.19%,53,ー倍,1.71倍,ー%
20260825,1979,ＥＭシステム,4820,東P,,597,-5,-0.83%,53,18.9倍,2.08倍,3.85%
20260825,1980,東祥,8920,東S,,729,+5,+0.69%,53,7.91倍,0.68倍,1.37%
20260825,1981,日精線,5659,東P,,"1,417",-1,-0.07%,53,15.6倍,1.02倍,3.25%
20260825,1982,神鋼線,5660,東S,,"1,900",-11,-0.58%,53,ー倍,0.45倍,ー%
20260825,1983,ｉＳプラチナ,569A,東Ｅ,,186.9,-1.8,-0.95%,53,ー倍,ー倍,ー%
20260825,1984,コモ,2224,東S,,"3,655",-70,-1.88%,53,62.0倍,5.78倍,0.19%
20260825,1985,あみやき,2753,東P,,"1,404",+10,+0.72%,53,19.9倍,1.28倍,2.42%
20260825,1986,ゼンムテック,338A,東G,,"2,073",+3,+0.14%,53,18.7倍,7.41倍,ー%
20260825,1987,バードマン,7063,東G,,88,-1,-1.12%,53,24.9倍,4.12倍,ー%
20260825,1988,タカショー,7590,東S,,408,+6,+1.49%,53,57.3倍,0.53倍,1.23%
20260825,1989,ＴＫＰ,3479,東G,,"1,885",+14,+0.75%,53,17.1倍,1.34倍,ー%
20260825,1990,力の源ＨＤ,3561,東P,,"1,669",+16,+0.97%,53,27.8倍,4.18倍,1.44%
20260825,1991,日本一ソフト,3851,東S,,"1,266",+16,+1.28%,53,19.4倍,0.82倍,0.39%
20260825,1992,アイエスビー,9702,東P,,"2,411",-73,-2.94%,52,15.0倍,1.86倍,2.90%
20260825,1993,シリウスＶ,6276,東S,,382,-12,-3.05%,52,3.43倍,0.84倍,ー%
20260825,1994,ツカダＧＨＤ,2418,東S,,612,-3,-0.49%,52,4.79倍,0.73倍,2.29%
20260825,1995,丸善ＣＨＩ,3159,東S,,412,+22,+5.64%,51,15.4倍,0.68倍,1.46%
20260825,1996,いであ,9768,東S,,"3,790",+35,+0.93%,51,11.3倍,0.86倍,3.11%
20260825,1997,サイプレス,428A,東S,,"1,399",-14,-0.99%,51,34.3倍,6.67倍,0.71%
20260825,1998,原油先物ベア,2039,東EN,,515,-3,-0.58%,51,ー倍,ー倍,ー%
20260825,1999,メンバーズ,2130,東P,,945,-9,-0.94%,51,6.99倍,2.04倍,3.70%
20260825,2000,ＧＷ,3936,東G,,157,0,0.00%,51,48.0倍,4.96倍,ー%
20260825,2001,森六,4249,東P,,"2,909",-44,-1.49%,51,7.73倍,0.59倍,4.30%
20260825,2002,生化学,4548,東P,,713,+3,+0.42%,51,17.3倍,0.52倍,4.21%
20260825,2003,メドレックス,4586,東G,,66,-1,-1.49%,51,ー倍,2.84倍,ー%
20260825,2004,綿半ＨＤ,3199,東P,,"1,344",+12,+0.90%,51,11.0倍,1.03倍,2.31%
20260825,2005,河合楽,7952,東P,,"3,460",-95,-2.67%,51,18.6倍,0.65倍,2.75%
20260825,2006,ジェイリース,7187,東P,,"1,392",+5,+0.36%,51,9.84倍,3.37倍,4.31%
20260825,2007,システムソフ,7527,東S,,54,0,0.00%,51,257倍,1.09倍,ー%
20260825,2008,マーベラス,7844,東P,,501,-2,-0.40%,51,14.0倍,1.01倍,2.99%
20260825,2009,上場ＮＱヘ有,2569,東Ｅ,,"4,265",+12,+0.28%,51,ー倍,ー倍,ー%
20260825,2010,ルネサンス,2378,東P,,"1,077",+6,+0.56%,50,42.4倍,2.66倍,1.21%
20260825,2011,ヨシムラＨＤ,2884,東P,,657,-8,-1.20%,50,11.2倍,1.20倍,ー%
20260825,2012,ビート,9399,東S,,15,+1,+7.14%,50,ー倍,ー倍,ー%
20260825,2013,ＣＳＰ,9740,東P,,"2,804",+9,+0.32%,50,17.1倍,0.95倍,2.89%
20260825,2014,ミロク情報,9928,東P,,"1,939",-29,-1.47%,50,12.1倍,1.79倍,3.35%
20260825,2015,東証リート,2555,東Ｅ,,"1,865.5",-4.5,-0.24%,50,ー倍,ー倍,ー%
20260825,2016,テイカ,4027,東P,,"2,360",+30,+1.29%,50,29.6倍,0.87倍,3.39%
20260825,2017,ダイト,4577,東P,,"1,361",+1,+0.07%,50,12.8倍,0.73倍,3.31%
20260825,2018,山田コンサル,4792,東P,,"1,758",+12,+0.69%,50,11.7倍,1.71倍,4.38%
20260825,2019,冨士ダイス,6167,東P,,"1,028",-7,-0.68%,50,32.5倍,1.00倍,3.89%
20260825,2020,ブルボン,2208,東S,,"3,055",-40,-1.29%,50,18.0倍,1.08倍,1.44%
20260825,2021,Ｓｏｌｖｖｙ,7320,東G,,"1,454",-10,-0.68%,50,9.13倍,2.92倍,2.06%
20260825,2022,ＳＭＫ,6798,東P,,"3,300",+35,+1.07%,50,26.1倍,0.67倍,3.03%
20260825,2023,遠藤照明,6932,東S,,"2,556",-4,-0.16%,49,8.58倍,0.74倍,3.44%
20260825,2024,ＯＡＴアグリ,4979,東S,,"2,735",-27,-0.98%,49,11.5倍,1.30倍,2.19%
20260825,2025,スクイーズ,558A,東G,,"5,680",+50,+0.89%,49,36.1倍,7.75倍,ー%
20260825,2026,Ｔ＆Ｇニーズ,4331,東P,,735,-13,-1.74%,49,13.4倍,0.60倍,5.44%
20260825,2027,Ｒフィールド,2910,東P,,"1,417",-4,-0.28%,49,118倍,1.30倍,1.69%
20260825,2028,スバル,9632,東S,,"3,750",+30,+0.81%,49,15.6倍,1.29倍,2.13%
20260825,2029,ｉＳ米高配当,2013,東Ｅ,,320.7,+1.2,+0.38%,49,ー倍,ー倍,ー%
20260825,2030,ミーク,332A,東G,,"1,092",+11,+1.02%,49,12.3倍,1.94倍,ー%
20260825,2031,ナレルＧ,9163,東G,,"2,372",+19,+0.81%,48,9.94倍,1.39倍,4.85%
20260825,2032,ＴＭＨ,280A,東G,,"1,113",-29,-2.54%,48,ー倍,2.96倍,ー%
20260825,2033,片倉,3001,東S,,"2,953",+7,+0.24%,48,12.6倍,0.94倍,2.03%
20260825,2034,ラクーンＨＤ,3031,東P,,655,+7,+1.08%,48,42.3倍,3.03倍,3.36%
20260825,2035,ニレコ,6863,東S,,974,+24,+2.53%,48,14.5倍,1.24倍,3.59%
20260825,2036,野村ＳＰＨ有,2634,東Ｅ,,"3,170",+5,+0.16%,48,ー倍,ー倍,ー%
20260825,2037,明治電機工業,3388,東P,,"2,117",+5,+0.24%,48,8.73倍,0.70倍,4.53%
20260825,2038,リネットＪ,3556,東G,,880,+1,+0.11%,48,10.8倍,8.18倍,ー%
20260825,2039,クラウドＷ,3900,東G,,667,-26,-3.75%,48,ー倍,1.64倍,ー%
20260825,2040,日精蝋,5010,東S,,300,0,0.00%,48,2.96倍,0.78倍,ー%
20260825,2041,ＣＫサンエツ,5757,東P,,"5,440",-80,-1.45%,48,6.92倍,0.80倍,1.84%
20260825,2042,小田原エンジ,6149,東S,,"2,319",+40,+1.76%,48,15.5倍,0.69倍,3.02%
20260825,2043,ポエック,9264,東S,,"1,770",+6,+0.34%,48,11.6倍,1.83倍,4.24%
20260825,2044,ＪＫＨＤ,9896,東S,,"1,410",-12,-0.84%,48,8.98倍,0.58倍,4.26%
20260825,2045,高島,8007,東P,,825,+5,+0.61%,48,17.6倍,1.23倍,5.58%
20260825,2046,ＧセブンＨＤ,7508,東P,,"1,452",+1,+0.07%,48,11.0倍,1.85倍,4.82%
20260825,2047,テイツー,7610,東S,,142,+1,+0.71%,47,11.1倍,1.29倍,2.82%
20260825,2048,クリヤマＨＤ,3355,東S,,"1,836",+7,+0.38%,47,9.53倍,0.69倍,3.32%
20260825,2049,ソフトウェア,3733,東S,,"12,410",-230,-1.82%,47,9.42倍,1.40倍,1.37%
20260825,2050,加藤製,6390,東P,,"1,363",-7,-0.51%,47,ー倍,0.36倍,5.14%
20260825,2051,ザイン,6769,東S,,"1,071",+21,+2.00%,47,106倍,1.31倍,1.40%
20260825,2052,チノー,6850,東P,,"1,693",+9,+0.53%,47,13.0倍,1.20倍,3.54%
20260825,2053,エヌエフＨＤ,6864,東S,,"1,569",+34,+2.21%,47,15.7倍,0.85倍,2.29%
20260825,2054,上場高配５０,399A,東Ｅ,,"2,370",+10,+0.42%,47,ー倍,ー倍,ー%
20260825,2055,エスプール,2471,東P,,294,-4,-1.34%,47,13.8倍,2.36倍,3.40%
20260825,2056,ペッパー,3053,東S,,212,+3,+1.44%,47,81.5倍,3.74倍,ー%
20260825,2057,ｉＦ高配４０,1651,東Ｅ,,"3,282",+22,+0.67%,47,ー倍,ー倍,ー%
20260825,2058,北陸電工,1930,東P,,"1,515",+1,+0.07%,47,10.2倍,0.90倍,3.17%
20260825,2059,オオバ,9765,東P,,"1,151",-19,-1.62%,47,12.5倍,1.27倍,3.82%
20260825,2060,リアルゲイト,5532,東G,,"3,355",-70,-2.04%,46,30.0倍,3.41倍,ー%
20260825,2061,トヨコー,341A,東G,,"1,991",-12,-0.60%,46,41.6倍,8.75倍,ー%
20260825,2062,日本トリム,6788,東P,,"4,925",-40,-0.81%,46,16.7倍,1.58倍,2.64%
20260825,2063,バロック,3548,東P,,735,+4,+0.55%,46,35.7倍,1.97倍,5.17%
20260825,2064,ファインデ,3649,東P,,872,-5,-0.57%,46,16.4倍,3.77倍,3.10%
20260825,2065,ＧＭＯ－ＧＳ,3788,東P,,"2,098",+13,+0.62%,46,22.9倍,2.33倍,2.84%
20260825,2066,ｋｕｂｅｌｌ,4448,東G,,354,-11,-3.01%,46,24.9倍,5.85倍,ー%
20260825,2067,マクビープラ,7095,東P,,"1,272",+8,+0.63%,46,8.34倍,1.26倍,4.32%
20260825,2068,ＢＲＡＮＵ,460A,東G,,"1,028",-73,-6.63%,46,17.8倍,4.81倍,ー%
20260825,2069,ベステラ,1433,東P,,"1,224",+22,+1.83%,46,15.5倍,2.03倍,3.27%
20260825,2070,大光銀,8537,東S,,"2,955",-6,-0.20%,46,8.62倍,0.35倍,3.59%
20260825,2071,ＨＳＨＤ,8699,東S,,"1,135",0,0.00%,46,ー倍,0.33倍,ー%
20260825,2072,フジ住,8860,東P,,770,-4,-0.52%,46,5.99倍,0.47倍,4.16%
20260825,2073,動物高度医療,6039,東G,,"1,053",+3,+0.29%,46,15.3倍,2.75倍,1.23%
20260825,2074,エラン,6099,東P,,763,+1,+0.13%,46,14.4倍,3.01倍,2.10%
20260825,2075,鉄人化ＨＤ,2404,東S,,559,-4,-0.71%,46,18.3倍,7.09倍,ー%
20260825,2076,オリコンＨＤ,2498,東S,,"3,200",-10,-0.31%,45,9.57倍,1.22倍,4.06%
20260825,2077,フレクト,4414,東G,,"1,165",+29,+2.55%,45,8.38倍,2.75倍,ー%
20260825,2078,レント,372A,東S,,"5,600",-100,-1.75%,45,7.22倍,1.08倍,4.20%
20260825,2079,ＵＥＸ,9888,東S,,"1,200",-12,-0.99%,45,4.12倍,0.65倍,ー%
20260825,2080,巴川コーポ,3878,東S,,885,+6,+0.68%,45,12.4倍,0.47倍,1.69%
20260825,2081,ダブスタ,3925,東P,,"1,352",-13,-0.95%,45,15.3倍,3.07倍,5.18%
20260825,2082,ドリームＩ,4310,東P,,"2,538",+3,+0.12%,45,ー倍,2.08倍,5.40%
20260825,2083,ハリマ化成Ｇ,4410,東P,,"1,166",-8,-0.68%,45,10.7倍,0.68倍,3.60%
20260825,2084,技研ＨＤ,1443,東S,,286,+3,+1.06%,45,7.26倍,0.36倍,0.38%
20260825,2085,ｉＦ日経ベ,1456,東Ｅ,,"1,265",-5,-0.39%,45,ー倍,ー倍,ー%
20260825,2086,じもとＨＤ,7161,東S,,571,-2,-0.35%,44,4.46倍,1.63倍,0.88%
20260825,2087,ワッツ,2735,東S,,719,+5,+0.70%,44,9.54倍,0.70倍,3.20%
20260825,2088,神奈交,9081,東P,,"3,975",-10,-0.25%,44,13.1倍,0.73倍,2.26%
20260825,2089,ＯｎｅＪリト,2556,東Ｅ,,"1,862.5",-11.5,-0.61%,44,ー倍,ー倍,ー%
20260825,2090,シマダヤ,250A,東S,,"1,631",+5,+0.31%,44,8.98倍,1.25倍,3.31%
20260825,2091,ジャノメ,6445,東P,,"1,429",-1,-0.07%,44,12.0倍,0.68倍,4.20%
20260825,2092,ＮＡＮＯＨＤ,4571,東G,,103,-2,-1.90%,44,ー倍,2.80倍,ー%
20260825,2093,ワイズＨＤ,5955,東S,,84,-1,-1.18%,44,30.2倍,0.93倍,1.19%
20260825,2094,フツパー,478A,東G,,775,-14,-1.77%,44,22.8倍,3.74倍,ー%
20260825,2095,ツツミ,7937,東S,,"2,693",+41,+1.55%,44,15.0倍,0.61倍,4.27%
20260825,2096,ソラコム,147A,東G,,"1,039",+3,+0.29%,43,67.3倍,4.22倍,ー%
20260825,2097,サイバトラス,4498,東G,,"1,308",-17,-1.28%,43,17.3倍,2.86倍,1.07%
20260825,2098,ｉＦＥナ百ベ,2842,東Ｅ,,"12,295",-45,-0.36%,43,ー倍,ー倍,ー%
20260825,2099,ミタチ産業,3321,東S,,"1,677",+14,+0.84%,43,8.91倍,0.75倍,4.17%
20260825,2100,ＧＭＯペパボ,3633,東S,,"2,456",+13,+0.53%,43,9.58倍,3.84倍,6.80%
20260825,2101,ＢＳ１１,9414,東S,,926,+1,+0.11%,43,12.7倍,0.67倍,3.24%
20260825,2102,シモジマ,7482,東P,,"1,509",+7,+0.47%,43,13.6倍,0.95倍,3.91%
20260825,2103,リックス,7525,東P,,"3,685",-10,-0.27%,43,9.96倍,1.04倍,4.40%
20260825,2104,農中Ｊリコア,2527,東Ｅ,,"1,115",+3,+0.27%,43,ー倍,ー倍,ー%
20260825,2105,ファーマＦ,2929,東P,,620,+3,+0.49%,43,12.0倍,1.79倍,4.03%
20260825,2106,石井表記,6336,東S,,"1,696",+55,+3.35%,43,14.3倍,1.25倍,2.12%
20260825,2107,ｉＦプ１５０,2017,東Ｅ,,"1,519",+6,+0.40%,42,ー倍,ー倍,ー%
20260825,2108,ｉＦＴＰＷブ,1367,東Ｅ,,"3,067",-3,-0.10%,42,ー倍,ー倍,ー%
20260825,2109,スペース,9622,東P,,"1,457",-6,-0.41%,42,10.9倍,1.00倍,4.94%
20260825,2110,インタートレ,3747,東S,,470,-10,-2.08%,42,43.3倍,2.86倍,ー%
20260825,2111,タカミヤ,2445,東S,,410,-7,-1.68%,42,10.2倍,0.82倍,3.90%
20260825,2112,キャンドゥ,2698,東S,,"3,640",0,0.00%,42,129倍,5.41倍,0.47%
20260825,2113,ギミック,475A,東S,Ｓ,697,+100,+16.75%,42,15.7倍,1.45倍,ー%
20260825,2114,トランヴィア,545A,東P,,979,-7,-0.71%,42,16.1倍,1.56倍,4.09%
20260825,2115,イーソル,4420,東S,,678,-25,-3.56%,42,16.2倍,2.17倍,0.81%
20260825,2116,ＴＯＷ,4767,東S,,394,-2,-0.51%,42,11.3倍,1.51倍,5.25%
20260825,2117,杉本商,9932,東P,,"1,334",-1,-0.07%,41,13.4倍,0.67倍,4.05%
20260825,2118,太洋物産,9941,東S,,"1,227",+51,+4.34%,41,16.5倍,2.70倍,ー%
20260825,2119,日本アクア,1429,東P,,792,0,0.00%,41,12.9倍,2.26倍,4.42%
20260825,2120,井村屋Ｇ,2209,東P,,"2,403",-6,-0.25%,41,12.8倍,1.22倍,1.58%
20260825,2121,紀文食品,2933,東P,,"1,142",+8,+0.71%,41,10.2倍,1.04倍,2.01%
20260825,2122,キャリアデザ,2410,東P,,"2,921",+8,+0.27%,41,12.1倍,3.04倍,5.48%
20260825,2123,プレミアムＷ,2588,東S,,"3,810",-25,-0.65%,41,9.10倍,3.67倍,3.15%
20260825,2124,ポールＨＤ,3657,東P,,359,0,0.00%,41,18.1倍,1.58倍,4.46%
20260825,2125,バリューＨＲ,6078,東P,,"1,630",+2,+0.12%,41,41.5倍,6.45倍,1.72%
20260825,2126,大阪製鉄,5449,東S,,"2,655",-25,-0.93%,40,265倍,0.72倍,ー%
20260825,2127,日東精,5957,東P,,770,-1,-0.13%,40,12.2倍,0.75倍,3.12%
20260825,2128,ＱＢＮＨＤ,6571,東P,,"1,305",0,0.00%,40,18.6倍,1.14倍,3.07%
20260825,2129,オープンＧ,6572,東P,,272,+5,+1.87%,40,23.5倍,1.43倍,2.39%
20260825,2130,リバーエレク,6666,東S,,786,+20,+2.61%,40,"3,275倍",1.41倍,1.27%
20260825,2131,フラベッドＨ,7840,東P,,"1,279",-10,-0.78%,40,13.9倍,1.07倍,3.28%
20260825,2132,戸田工,4100,東S,,"1,580",-24,-1.50%,40,18.3倍,0.80倍,ー%
20260825,2133,ブライトパス,4594,東G,,53,0,0.00%,40,ー倍,4.05倍,ー%
20260825,2134,成友興業,9170,名M,,"1,637",ー,ー%,40,21.2倍,2.36倍,0.86%
20260825,2135,Ｔ＆Ｓ・Ｇ,4055,東G,,"1,618",+37,+2.34%,40,22.5倍,2.99倍,0.68%
20260825,2136,犬猫生活,556A,東G,,"2,264",+45,+2.03%,40,13.3倍,3.49倍,ー%
20260825,2137,ＧＸ商社資源,609A,東Ｅ,,"1,104",-7,-0.63%,40,ー倍,ー倍,ー%
20260825,2138,コア,2359,東P,,"2,109",-18,-0.85%,40,10.1倍,1.46倍,3.08%
20260825,2139,ケアサプライ,2393,東S,,"4,415",+50,+1.15%,39,29.8倍,3.82倍,1.68%
20260825,2140,野村電力ガス,1627,東Ｅ,,"11,935",-50,-0.42%,39,ー倍,ー倍,ー%
20260825,2141,野村原油,1699,東Ｅ,,641.6,-7.1,-1.09%,39,ー倍,ー倍,ー%
20260825,2142,ナ・デックス,7435,東S,,"1,342",-10,-0.74%,39,10.1倍,0.53倍,2.98%
20260825,2143,愛時計,7723,東P,,"2,861",-17,-0.59%,39,12.3倍,0.86倍,4.19%
20260825,2144,グルメ杵屋,9850,東P,,992,+4,+0.40%,39,87.3倍,2.56倍,0.71%
20260825,2145,Ｄｅｎｋｅｉ,9908,東S,,"2,706",-2,-0.07%,39,8.78倍,0.92倍,4.03%
20260825,2146,ＧＸウラン,224A,東Ｅ,,"1,682",+21,+1.26%,39,ー倍,ー倍,ー%
20260825,2147,伊沢タオル,365A,東S,,796,+2,+0.25%,39,11.4倍,1.91倍,5.28%
20260825,2148,ビーロット,3452,東S,,"1,480",-1,-0.07%,39,5.58倍,1.26倍,5.41%
20260825,2149,電算システム,4072,東P,,"3,035",-60,-1.94%,39,12.4倍,1.27倍,3.29%
20260825,2150,ピックルス,2935,東P,,"1,190",+13,+1.10%,39,12.2倍,0.75倍,2.44%
20260825,2151,ポピンズ,7358,東S,,"1,891",-11,-0.58%,38,11.9倍,1.87倍,2.86%
20260825,2152,シャノン,3976,東G,,670,+15,+2.29%,38,6.62倍,2.88倍,ー%
20260825,2153,高圧ガス,4097,東P,,"1,200",+6,+0.50%,38,14.4倍,0.77倍,3.33%
20260825,2154,三谷産業,8285,東S,,786,+7,+0.90%,38,18.6倍,0.85倍,1.65%
20260825,2155,ヤマウラ,1780,東P,,"1,489",-2,-0.13%,38,10.0倍,1.06倍,2.42%
20260825,2156,三晃金,1972,東S,,"1,335",+13,+0.98%,38,10.5倍,0.95倍,4.79%
20260825,2157,ヒビノ,2469,東S,,"2,775",-19,-0.68%,38,10.6倍,1.98倍,3.24%
20260825,2158,ブルドック,2804,東P,,"1,862",+11,+0.59%,38,24.0倍,0.90倍,2.42%
20260825,2159,日本麻,3306,東S,,570,-17,-2.90%,38,891倍,1.28倍,0.70%
20260825,2160,アクセルＭ,3624,東G,,82,-1,-1.20%,38,ー倍,16.1倍,ー%
20260825,2161,ナガセ,9733,東S,,"2,312",-12,-0.52%,38,12.6倍,2.06倍,5.19%
20260825,2162,ｉＦリート２,443A,東Ｅ,,"1,866",+23,+1.25%,38,ー倍,ー倍,ー%
20260825,2163,農中リート２,530A,東Ｅ,,"1,837",+9,+0.49%,37,ー倍,ー倍,ー%
20260825,2164,チャットプラ,598A,東G,,"1,393",+9,+0.65%,37,18.7倍,8.92倍,0.65%
20260825,2165,ＩＴメディア,2148,東P,,"1,261",+2,+0.16%,37,17.8倍,3.48倍,3.97%
20260825,2166,ビーウィズ,9216,東P,,"1,706",+4,+0.24%,37,25.8倍,2.82倍,4.51%
20260825,2167,ＥＲＩＨＤ,6083,東S,,"1,654",-16,-0.96%,37,11.3倍,4.37倍,2.66%
20260825,2168,日本ホスピス,7061,東G,,485,+2,+0.41%,37,ー倍,1.12倍,ー%
20260825,2169,ニホンフラ,7820,東P,,721,0,0.00%,37,18.2倍,0.51倍,4.99%
20260825,2170,北川鉄,6317,東S,,"1,853",-7,-0.38%,37,8.76倍,0.37倍,3.45%
20260825,2171,ＬＴＳ,6560,東P,,"1,716",+9,+0.53%,37,7.20倍,1.51倍,2.33%
20260825,2172,シンワワイズ,2437,東S,,640,+34,+5.61%,37,69.1倍,3.35倍,ー%
20260825,2173,ＧＸＳカバコ,2868,東Ｅ,,"1,146",+5,+0.44%,37,ー倍,ー倍,ー%
20260825,2174,ＧＥＮＯＶＡ,9341,東P,,642,+6,+0.94%,37,9.35倍,1.84倍,4.67%
20260825,2175,インフォメテ,281A,東G,,445,+18,+4.22%,37,ー倍,3.23倍,ー%
20260825,2176,ＦＣＥ,9564,東S,,583,-17,-2.83%,36,14.1倍,2.89倍,1.89%
20260825,2177,ニチリョク,7578,東S,,75,+2,+2.74%,36,11.4倍,0.50倍,ー%
20260825,2178,ＰＳＳ,7707,東G,,223,-2,-0.89%,36,21.0倍,1.50倍,1.35%
20260825,2179,野村米十債Ｈ,2648,東Ｅ,,"3,348",-2,-0.06%,36,ー倍,ー倍,ー%
20260825,2180,クリアル,2998,東G,,537,+1,+0.19%,36,9.12倍,1.80倍,1.49%
20260825,2181,神島化,4026,東S,,"1,638",+5,+0.31%,36,ー倍,1.02倍,ー%
20260825,2182,ＭｒＭａｘ,8203,東P,,794,+4,+0.51%,36,8.55倍,0.69倍,3.65%
20260825,2183,ＮＥＣキャピ,8793,東P,,"4,240",+15,+0.36%,36,9.14倍,0.70倍,3.54%
20260825,2184,手間いらず,2477,東S,,"3,170",-20,-0.63%,36,14.0倍,2.80倍,1.67%
20260825,2185,ユニシアＨＤ,3547,東S,,"1,844",+11,+0.60%,36,40.0倍,2.71倍,ー%
20260825,2186,ｅｎｉｓｈ,3667,東S,,30,+1,+3.45%,36,ー倍,2.10倍,ー%
20260825,2187,Ｆ－ブレイン,3927,東S,,910,+4,+0.44%,36,14.8倍,2.30倍,1.76%
20260825,2188,メディアドゥ,3678,東P,,"1,296",+4,+0.31%,35,16.4倍,1.06倍,3.09%
20260825,2189,フィスコ,3807,東G,,89,0,0.00%,35,228倍,20.2倍,ー%
20260825,2190,ＮＥＸＹＺ．,4346,東S,,875,+9,+1.04%,35,12.0倍,3.35倍,3.43%
20260825,2191,菱友システム,4685,東S,,"2,703",+15,+0.56%,35,9.58倍,1.56倍,3.70%
20260825,2192,ＩＮＧＳ,245A,東G,,"2,590",+112,+4.52%,35,19.3倍,2.88倍,ー%
20260825,2193,オーバラップ,414A,東G,,902,+1,+0.11%,35,11.6倍,2.12倍,4.88%
20260825,2194,ＳＳ金,447A,東Ｅ,,295.9,+2.3,+0.78%,35,ー倍,ー倍,ー%
20260825,2195,ｉシェア４百,1364,東Ｅ,,"3,780",+19,+0.51%,35,ー倍,ー倍,ー%
20260825,2196,野村エネ資源,1618,東Ｅ,,"35,270",-30,-0.08%,35,ー倍,ー倍,ー%
20260825,2197,新田ゼラチン,4977,東S,,"1,215",+3,+0.25%,35,9.23倍,0.88倍,3.29%
20260825,2198,ヨロズ,7294,東P,,941,-7,-0.74%,35,17.8倍,0.36倍,3.51%
20260825,2199,ＳＫジャパン,7608,東S,,819,-19,-2.27%,35,10.1倍,2.04倍,2.93%
20260825,2200,アスカネット,2438,東G,,347,-11,-3.07%,35,16.5倍,0.98倍,2.02%
20260825,2201,ＰＣＮＥＴ,3021,東S,,"1,601",-29,-1.78%,35,9.53倍,2.11倍,4.06%
20260825,2202,海帆,3133,東G,,72,+2,+2.86%,35,ー倍,7.29倍,ー%
20260825,2203,鳥取銀,8383,東S,,"1,923",-7,-0.36%,35,11.3倍,0.35倍,2.60%
20260825,2204,明和地所,8869,東S,,840,-3,-0.36%,35,6.79倍,0.52倍,4.76%
20260825,2205,コーア商ＨＤ,9273,東P,,762,-9,-1.17%,35,8.94倍,1.03倍,2.49%
20260825,2206,朝日放送ＨＤ,9405,東P,,829,-1,-0.12%,35,12.8倍,0.43倍,2.41%
20260825,2207,広ガス,9535,東P,,425,0,0.00%,35,13.3倍,0.41倍,2.82%
20260825,2208,ファイバーＧ,9450,東S,,773,-2,-0.26%,34,13.6倍,2.23倍,3.49%
20260825,2209,サックスバー,9990,東P,,760,+7,+0.93%,34,10.5倍,0.74倍,4.61%
20260825,2210,ＷＯＷＯＷ,4839,東P,,"1,008",+1,+0.10%,34,47.7倍,0.41倍,2.98%
20260825,2211,ｉＳ米２５ヘ,238A,東Ｅ,,121.1,+0.3,+0.25%,34,ー倍,ー倍,ー%
20260825,2212,フェイスＮＷ,3489,東S,,860,-3,-0.35%,34,6.71倍,2.28倍,5.23%
20260825,2213,Ｎｏ．１,3562,東S,,"1,583",-3,-0.19%,34,10.6倍,2.56倍,4.99%
20260825,2214,上場リート隔,1345,東Ｅ,,"1,854",+13,+0.71%,34,ー倍,ー倍,ー%
20260825,2215,上場２２５Ｍ,1578,東Ｅ,,"5,272",+40,+0.76%,34,ー倍,ー倍,ー%
20260825,2216,野村金融,1632,東Ｅ,,"42,300",+660,+1.59%,34,ー倍,ー倍,ー%
20260825,2217,松井建,1810,東S,,"1,502",-4,-0.27%,34,10.7倍,0.74倍,4.66%
20260825,2218,田辺工業,1828,東S,,"2,300",-15,-0.65%,34,8.95倍,0.87倍,4.35%
20260825,2219,ＧＸロボ日株,2638,東Ｅ,,"2,673",+7,+0.26%,34,ー倍,ー倍,ー%
20260825,2220,ＧＸ超短円債,502A,東Ｅ,,901.0,0,0.00%,34,ー倍,ー倍,ー%
20260825,2221,豊トラスティ,8747,東S,,"2,259",-52,-2.25%,34,ー倍,0.75倍,ー%
20260825,2222,日本精密,7771,東S,,280,-4,-1.41%,34,33.6倍,2.96倍,ー%
20260825,2223,ダイヤＨＤ,6699,東S,,527,0,0.00%,34,643倍,0.43倍,4.74%
20260825,2224,ネオマーケ,4196,東S,,"2,046",+18,+0.89%,33,50.7倍,6.24倍,ー%
20260825,2225,東京インフラ,9285,東IF,,"42,000",-200,-0.47%,33,ー倍,0.52倍,7.04%
20260825,2226,ステップ,9795,東P,,"2,301",+5,+0.22%,33,13.0倍,1.30倍,3.82%
20260825,2227,田岡化,4113,東S,,772,+19,+2.52%,33,44.2倍,0.57倍,0.78%
20260825,2228,インテージＨ,4326,東P,,"1,916",-12,-0.62%,33,18.3倍,2.15倍,2.61%
20260825,2229,日特塗,4619,東S,,"2,730",-10,-0.36%,33,11.0倍,0.96倍,4.76%
20260825,2230,ｉＳＨＹ債Ｈ,1497,東Ｅ,,"1,735",+2,+0.12%,33,ー倍,ー倍,ー%
20260825,2231,野村医薬品,1621,東Ｅ,,"30,700",-340,-1.10%,33,ー倍,ー倍,ー%
20260825,2232,トリドリ,9337,東G,,"1,460",-6,-0.41%,33,10.7倍,2.69倍,ー%
20260825,2233,ロゴスＨＤ,205A,東G,,"1,681",-7,-0.41%,33,5.69倍,1.63倍,5.28%
20260825,2234,スタティアＨ,3393,東P,,"3,020",+15,+0.50%,33,12.1倍,3.52倍,4.80%
20260825,2235,国際計測,7722,東S,,790,-5,-0.63%,33,10.6倍,0.86倍,5.06%
20260825,2236,プリントＮ,7805,東S,,736,-2,-0.27%,33,9.62倍,0.80倍,1.77%
20260825,2237,ＡＦＣ－ＨＤ,2927,東S,,904,+4,+0.44%,33,8.52倍,0.82倍,4.42%
20260825,2238,ｉＦＳＰＷベ,2249,東Ｅ,,"9,426",-29,-0.31%,32,ー倍,ー倍,ー%
20260825,2239,ネットスタズ,5590,東G,,696,+3,+0.43%,32,23.9倍,1.49倍,ー%
20260825,2240,サスメド,4263,東G,,569,-7,-1.22%,32,ー倍,2.41倍,ー%
20260825,2241,酒井重,6358,東P,,"2,171",-9,-0.41%,32,17.0倍,0.59倍,5.07%
20260825,2242,シライ電子,6658,東S,,454,+4,+0.89%,32,11.4倍,0.63倍,4.41%
20260825,2243,ＳＰＤＲ５百,1557,東Ｅ,,"122,000",+600,+0.49%,32,ー倍,ー倍,ー%
20260825,2244,ＷＴ小麦,1695,東Ｅ,,"3,515",-25,-0.71%,32,ー倍,ー倍,ー%
20260825,2245,モロゾフ,2217,東P,,"1,515",+1,+0.07%,32,105倍,1.53倍,0.66%
20260825,2246,シンクロ,3963,東P,,343,-1,-0.29%,32,68.2倍,2.21倍,4.37%
20260825,2247,東インキ,4635,東S,,"2,070",-21,-1.00%,32,9.76倍,0.82倍,4.59%
20260825,2248,安永,7271,東S,,820,0,0.00%,32,6.50倍,0.58倍,4.63%
20260825,2249,セルシード,7776,東G,,233,+1,+0.43%,32,ー倍,5.22倍,ー%
20260825,2250,アスリナ,3647,東S,,121,-2,-1.63%,32,ー倍,3.19倍,ー%
20260825,2251,ファルコム,3723,東G,,"2,897",-2,-0.07%,32,19.1倍,2.61倍,0.35%
20260825,2252,ハビックス,3895,東S,,497,-3,-0.60%,32,11.2倍,0.51倍,3.22%
20260825,2253,稲葉製作,3421,東S,,"1,753",+5,+0.29%,31,14.8倍,0.62倍,2.51%
20260825,2254,大成温調,1904,東S,,"5,120",0,0.00%,31,6.01倍,1.04倍,3.87%
20260825,2255,売れるＧ,9235,東G,,492,-4,-0.81%,31,"2,343倍",8.20倍,ー%
20260825,2256,全保連,5845,東S,,"1,249",-13,-1.03%,31,11.8倍,4.22倍,4.32%
20260825,2257,カウリス,153A,東G,,"1,395",+50,+3.72%,31,25.6倍,5.82倍,0.39%
20260825,2258,ニチリン,5184,東S,,"4,145",0,0.00%,31,9.70倍,0.86倍,4.58%
20260825,2259,ＳＥＣカーボ,5304,東S,,"2,546",+16,+0.63%,31,16.8倍,0.65倍,3.93%
20260825,2260,三協立山,5932,東P,,671,-1,-0.15%,31,21.0倍,0.23倍,3.73%
20260825,2261,クロスキャト,2307,東P,,"1,067",-18,-1.66%,31,9.71倍,2.32倍,3.66%
20260825,2262,ベクターＨＤ,2656,東S,,198,+1,+0.51%,31,18.7倍,4.33倍,ー%
20260825,2263,ウインＰ,3183,東P,,"1,279",-8,-0.62%,31,15.9倍,1.58倍,4.30%
20260825,2264,オリジン,6513,東S,,"1,264",-1,-0.08%,31,64.9倍,0.27倍,3.16%
20260825,2265,カイゼン,4170,東G,Ｓ,222,+50,+29.07%,31,190倍,1.31倍,ー%
20260825,2266,マイクロアド,9553,東G,,582,+1,+0.17%,31,22.8倍,3.88倍,ー%
20260825,2267,アルビス,7475,東P,,"2,524",-25,-0.98%,31,15.7倍,0.64倍,2.77%
20260825,2268,エディア,3935,東S,,674,+4,+0.60%,31,7.64倍,2.37倍,2.52%
20260825,2269,ノムラシス,3940,東S,,128,-2,-1.54%,31,15.9倍,1.67倍,2.77%
20260825,2270,サンエー化研,4234,東S,,980,+13,+1.34%,31,5.92倍,0.42倍,1.84%
20260825,2271,ファルコＨＤ,4671,東S,,"2,860",+4,+0.14%,31,14.0倍,1.12倍,4.48%
20260825,2272,信金中央,8421,東証,,"191,500",0,0.00%,31,ー倍,ー倍,3.39%
20260825,2273,日産東ＨＤ,8291,東S,,555,-3,-0.54%,30,9.43倍,0.56倍,4.86%
20260825,2274,ＭＳジャパン,6539,東P,,"1,015",+1,+0.10%,30,23.3倍,2.95倍,5.52%
20260825,2275,宮越ＨＤ,6620,東P,,712,+14,+2.01%,30,86.3倍,1.15倍,ー%
20260825,2276,ＳＥＭＴＥＣ,6626,東S,,"2,158",-4,-0.19%,30,10.1倍,0.84倍,2.59%
20260825,2277,インスペック,6656,東S,,821,+13,+1.61%,30,41.2倍,3.99倍,ー%
20260825,2278,アクセル,6730,東S,,"1,181",-4,-0.34%,30,14.3倍,0.91倍,3.47%
20260825,2279,トリプラ,5136,東G,,"1,926",-4,-0.21%,30,19.0倍,5.60倍,ー%
20260825,2280,農中米債７Ｈ,2090,東Ｅ,,"4,310",-2,-0.05%,30,ー倍,ー倍,ー%
20260825,2281,ヒューマンＴ,5621,東G,,"1,642",-6,-0.36%,30,14.2倍,3.00倍,2.13%
20260825,2282,アグレ都市,3467,東S,,"2,948",-32,-1.07%,30,7.39倍,2.04倍,4.75%
20260825,2283,ファンコミ,2461,東P,,398,-1,-0.25%,30,38.1倍,1.61倍,5.28%
20260825,2284,カネ美食品,2669,東S,,"4,000",0,0.00%,30,21.4倍,1.25倍,0.95%
20260825,2285,マーチャント,3121,東S,,263,+7,+2.73%,30,33.7倍,1.81倍,0.76%
20260825,2286,日進工具,6157,東S,,850,-6,-0.70%,30,25.7倍,1.12倍,3.53%
20260825,2287,サイバＳＯＬ,436A,東G,,"1,163",+8,+0.69%,30,15.4倍,4.34倍,3.27%
20260825,2288,ＧＸ防衛テク,466A,東Ｅ,,"1,104",-10,-0.90%,30,ー倍,ー倍,ー%
20260825,2289,ｉＳ米債カバ,453A,東Ｅ,,758.8,+2.7,+0.36%,29,ー倍,ー倍,ー%
20260825,2290,木徳神糧,2700,東S,,"1,792",+11,+0.62%,29,4.89倍,0.71倍,2.79%
20260825,2291,アップル,2788,東S,,437,+12,+2.82%,29,9.18倍,0.53倍,2.29%
20260825,2292,Ｗディッシュ,2901,東S,,161,-2,-1.23%,29,15.4倍,0.78倍,2.48%
20260825,2293,なとり,2922,東P,,"2,024",+14,+0.70%,29,17.4倍,0.91倍,1.48%
20260825,2294,北の達人,2930,東P,,129,+1,+0.78%,29,24.6倍,2.33倍,2.71%
20260825,2295,Ｂガレージ,3180,東P,,"1,576",+3,+0.19%,29,14.6倍,2.36倍,1.14%
20260825,2296,ＣＲＡＶＩＡ,6573,東G,,30,+1,+3.45%,29,ー倍,4.16倍,ー%
20260825,2297,三共興,8018,東S,,891,-5,-0.56%,29,16.6倍,0.54倍,3.03%
20260825,2298,コスモスイニ,8844,東S,,"1,287",+5,+0.39%,29,6.02倍,0.77倍,4.12%
20260825,2299,岩塚製菓,2221,東S,,"3,045",-15,-0.49%,29,23.4倍,0.51倍,1.05%
20260825,2300,ネオジャパン,3921,東P,,"1,659",+8,+0.48%,29,12.4倍,3.07倍,3.25%
20260825,2301,中央倉,9319,東P,,"1,806",-2,-0.11%,29,15.3倍,0.63倍,2.33%
20260825,2302,プラスゼロ,5132,東G,,"2,015",+4,+0.20%,29,33.1倍,9.84倍,ー%
20260825,2303,ＴＭＮ,5258,東G,,432,+6,+1.41%,29,21.4倍,1.88倍,ー%
20260825,2304,ｉＳ米債３月,2012,東Ｅ,,242.4,+0.8,+0.33%,29,ー倍,ー倍,ー%
20260825,2305,ｉＦ印Ｎ５０,233A,東Ｅ,,"1,890",+13,+0.69%,29,ー倍,ー倍,ー%
20260825,2306,Ｇｕｎｏｓｙ,6047,東S,,420,+7,+1.69%,29,ー倍,0.80倍,3.10%
20260825,2307,Ｔワークス,3997,東S,,375,+7,+1.90%,29,50.8倍,6.06倍,0.53%
20260825,2308,アミューズ,4301,東P,,"1,917",-10,-0.52%,29,24.9倍,0.87倍,3.34%
20260825,2309,ＡＩクロス,4476,東G,,"1,140",-11,-0.96%,29,12.1倍,2.08倍,ー%
20260825,2310,ＭＣＰｓ,4360,東S,,952,+35,+3.82%,29,ー倍,0.67倍,1.58%
20260825,2311,松尾電,6969,東S,,998,+5,+0.50%,29,8.14倍,1.03倍,1.50%
20260825,2312,魚力,7596,東P,,"2,367",+2,+0.08%,28,30.6倍,1.74倍,2.20%
20260825,2313,ホクリヨウ,1384,東S,,"2,195",+11,+0.50%,28,8.18倍,1.08倍,3.64%
20260825,2314,野村電機精密,1625,東Ｅ,,"64,480",+510,+0.80%,28,ー倍,ー倍,ー%
20260825,2315,ＭＯＲＥＳＣ,5018,東S,,"2,255",-14,-0.62%,28,13.4倍,0.86倍,2.44%
20260825,2316,Ｓａｐｅｅｔ,269A,東G,,"2,590",-35,-1.33%,28,31.3倍,6.01倍,ー%
20260825,2317,ニチバン,4218,東P,,"1,961",-4,-0.20%,28,17.2倍,0.90倍,2.04%
20260825,2318,ヒトコムＨＤ,4433,東P,,909,-1,-0.11%,28,107倍,0.96倍,4.13%
20260825,2319,トビラシステ,4441,東S,,"1,418",-27,-1.87%,27,27.5倍,5.06倍,1.41%
20260825,2320,アルファ,4719,東P,,"3,375",0,0.00%,27,13.0倍,1.05倍,4.15%
20260825,2321,ＮＩＴＴＡＮ,6493,東S,,511,-1,-0.20%,27,8.19倍,0.46倍,3.91%
20260825,2322,帝通工,6763,東P,,"2,899",-9,-0.31%,27,19.1倍,0.93倍,4.31%
20260825,2323,ＦＤＫ,6955,東S,,410,+9,+2.24%,27,18.9倍,0.73倍,ー%
20260825,2324,ＱＱＱ,587A,東Ｅ,,"113,250",+700,+0.62%,27,ー倍,ー倍,ー%
20260825,2325,クオンタムＳ,2338,東S,,126,-3,-2.33%,27,ー倍,-9.8倍,ー%
20260825,2326,ホドルワン,2345,東S,,108,-5,-4.42%,27,ー倍,11.5倍,ー%
20260825,2327,ＷＤＢ,2475,東P,,"1,833",-3,-0.16%,27,12.7倍,1.07倍,5.13%
20260825,2328,アジア航,9233,東S,,"1,145",-11,-0.95%,27,12.6倍,0.95倍,3.84%
20260825,2329,トーシンＨＤ,9444,東S,,320,+1,+0.31%,27,ー倍,1.95倍,ー%
20260825,2330,クリナップ,7955,東P,,994,-5,-0.50%,27,9.87倍,0.58倍,3.32%
20260825,2331,ａｂｃ,8783,東S,,67,+2,+3.08%,27,ー倍,0.37倍,ー%
20260825,2332,朝日ネット,3834,東P,,623,-5,-0.80%,27,12.4倍,1.25倍,4.01%
20260825,2333,地銀業界改革,395A,東Ｅ,,"1,063.0",+17.0,+1.63%,27,ー倍,ー倍,ー%
20260825,2334,大盛工業,1844,東S,,495,+8,+1.64%,27,18.6倍,1.52倍,2.32%
20260825,2335,植木組,1867,東S,,"2,703",+3,+0.11%,27,8.28倍,0.56倍,4.07%
20260825,2336,リベロ,9245,東G,,"1,972",+23,+1.18%,27,14.0倍,3.34倍,2.13%
20260825,2337,ヤマックス,5285,東S,,"1,420",+10,+0.71%,27,7.21倍,1.43倍,4.23%
20260825,2338,ＺＥＴＡ,6031,東G,,271,+2,+0.74%,27,18.1倍,6.56倍,1.66%
20260825,2339,ダイジェト,6138,東S,,"2,100",-36,-1.69%,27,7.34倍,0.62倍,3.33%
20260825,2340,ＣＯＴＡ,4923,東P,,"1,248",-11,-0.87%,26,28.1倍,3.01倍,1.60%
20260825,2341,メタルアート,5644,東S,,"7,390",-50,-0.67%,26,13.1倍,0.81倍,2.17%
20260825,2342,アルインコ,5933,東P,,"1,138",+3,+0.26%,26,10.4倍,0.67倍,3.95%
20260825,2343,ＹＵＳＨＩＮ,6482,東S,,733,+4,+0.55%,26,25.5倍,0.68倍,ー%
20260825,2344,三社電機,6882,東S,,"1,185",-10,-0.84%,26,17.3倍,0.64倍,3.38%
20260825,2345,タナベＣＧ,9644,東P,,766,0,0.00%,26,21.2倍,2.41倍,3.79%
20260825,2346,アゴーラＨＧ,9704,東S,,29,-1,-3.33%,26,30.9倍,1.39倍,ー%
20260825,2347,ＫＮＴＣＴ,9726,東S,,"1,937",-1,-0.05%,26,9.25倍,2.75倍,0.52%
20260825,2348,日創グループ,3440,東S,,948,+1,+0.11%,26,11.2倍,0.48倍,4.43%
20260825,2349,キューブシス,2335,東P,,"1,104",-1,-0.09%,26,11.2倍,1.50倍,4.17%
20260825,2350,チムニー,3178,東S,,"1,206",+12,+1.01%,26,93.1倍,3.64倍,0.41%
20260825,2351,スタメン,4019,東G,,642,+14,+2.23%,26,15.4倍,3.55倍,1.56%
20260825,2352,ヤプリ,4168,東G,,752,-6,-0.79%,26,10.3倍,2.80倍,1.99%
20260825,2353,ＧＸメタ日株,2646,東Ｅ,,"3,970",0,0.00%,26,ー倍,ー倍,ー%
20260825,2354,サクシード,9256,東G,,"1,147",0,0.00%,26,15.8倍,1.57倍,1.39%
20260825,2355,ジェネパ,3195,東S,,652,+3,+0.46%,26,29.6倍,2.53倍,ー%
20260825,2356,ほぼ日,3560,東S,,"4,500",+70,+1.58%,26,21.8倍,1.87倍,2.00%
20260825,2357,Ａｉｍｉｎｇ,3911,東G,,179,+3,+1.70%,26,ー倍,1.15倍,ー%
20260825,2358,野村自動車,1622,東Ｅ,,"35,440",-330,-0.92%,26,ー倍,ー倍,ー%
20260825,2359,アクシーズ,1381,東S,,"3,495",+50,+1.45%,25,10.9倍,0.81倍,3.43%
20260825,2360,グリーンエナ,1436,東G,,"1,562",-6,-0.38%,25,24.2倍,3.40倍,0.38%
20260825,2361,塩水糖,2112,東S,,475,0,0.00%,25,7.28倍,0.60倍,3.37%
20260825,2362,歌舞伎,9661,東S,,"4,465",+5,+0.11%,25,228倍,4.88倍,0.11%
20260825,2363,東北銀,8349,東S,,"1,623",+4,+0.25%,25,9.74倍,0.65倍,3.08%
20260825,2364,日本プラスト,7291,東S,,452,-2,-0.44%,25,5.31倍,0.23倍,5.53%
20260825,2365,ＳＳ米株Ｈ,450A,東Ｅ,,788.3,+0.8,+0.10%,25,ー倍,ー倍,ー%
20260825,2366,ダイニチ工業,5951,東S,,"1,220",-15,-1.21%,25,16.5倍,0.68倍,2.30%
20260825,2367,アーバネット,3242,東S,,528,+4,+0.76%,25,9.07倍,1.00倍,4.55%
20260825,2368,環境フレンド,3777,東G,,47,0,0.00%,25,ー倍,3.06倍,ー%
20260825,2369,ジェリビンズ,3070,東G,,70,+1,+1.45%,25,35.5倍,1.15倍,ー%
20260825,2370,プロパテクノ,5527,東G,,714,+16,+2.29%,25,6.85倍,1.03倍,3.50%
20260825,2371,ｊｉｇ．ｊｐ,5244,東G,,176,0,0.00%,25,6.33倍,1.42倍,1.66%
20260825,2372,ジョイフル,9942,福証,,"1,338",0,0.00%,25,9.37倍,2.67倍,0.75%
20260825,2373,上場米債０ラ,2093,東Ｅ,,"5,296",+7,+0.13%,25,ー倍,ー倍,ー%
20260825,2374,ペルセウス,4882,東G,,147,-1,-0.68%,25,ー倍,2.38倍,ー%
20260825,2375,コラントッテ,7792,東G,,"1,461",-3,-0.20%,25,9.51倍,2.24倍,3.42%
20260825,2376,セキュア,4264,東G,,"1,474",-9,-0.61%,25,22.3倍,2.30倍,ー%
20260825,2377,アクシージア,4936,東S,,325,+4,+1.25%,24,ー倍,0.98倍,3.08%
20260825,2378,グランディ,8999,東P,,579,+2,+0.35%,24,15.3倍,0.68倍,5.53%
20260825,2379,ナック,9788,東P,,526,0,0.00%,24,12.5倍,0.99倍,4.18%
20260825,2380,片倉コープ,4031,東S,,"1,102",-7,-0.63%,24,19.8倍,0.43倍,2.54%
20260825,2381,日華化学,4463,東S,,"2,000",-12,-0.60%,24,8.40倍,0.86倍,3.50%
20260825,2382,ＮＣＤ,4783,東S,,"2,620",-53,-1.98%,24,11.5倍,2.63倍,4.58%
20260825,2383,ベルトラ,7048,東G,,154,-4,-2.53%,24,16.6倍,2.33倍,ー%
20260825,2384,ＴＶＥ,6466,東S,,"3,780",+20,+0.53%,24,10.8倍,0.69倍,1.46%
20260825,2385,前沢給装,6485,東S,,"1,677",-6,-0.36%,24,16.8倍,0.84倍,3.58%
20260825,2386,大東銀,8563,東S,,"1,122",+13,+1.17%,24,8.90倍,0.50倍,3.57%
20260825,2387,穴吹興産,8928,東S,,"2,331",0,0.00%,24,5.53倍,0.52倍,3.43%
20260825,2388,野村Ａ成長,2083,東Ｅ,,"3,985",+18,+0.45%,24,ー倍,ー倍,ー%
20260825,2389,情報戦略テク,155A,東G,,813,-18,-2.17%,24,19.5倍,4.32倍,ー%
20260825,2390,ＡＩＦＣＧ,254A,東S,,"1,183",+14,+1.20%,24,20.6倍,2.37倍,ー%
20260825,2391,共和レ,3553,東S,,931,-1,-0.11%,24,ー倍,0.62倍,5.59%
20260825,2392,ＪＩＧＳＡＷ,3914,東G,,"2,318",-52,-2.19%,24,ー倍,4.25倍,ー%
20260825,2393,エステー,4951,東P,,"1,535",-7,-0.45%,24,16.5倍,0.88倍,3.00%
20260825,2394,柿安本店,2294,東P,,"2,622",-9,-0.34%,24,31.4倍,1.62倍,3.24%
20260825,2395,ヒューマン,2415,東S,,"1,678",+35,+2.13%,24,7.11倍,0.90倍,4.23%
20260825,2396,イメージワン,2667,東S,,100,-1,-0.99%,24,ー倍,1.76倍,ー%
20260825,2397,ホリイフード,3077,東S,,"1,044",-19,-1.79%,24,11.5倍,5.34倍,ー%
20260825,2398,大日光,6635,東S,,675,+20,+3.05%,23,6.30倍,0.59倍,2.37%
20260825,2399,モダリス,4883,東G,,33,0,0.00%,23,ー倍,1.42倍,ー%
20260825,2400,クリングル,4884,東G,,437,+4,+0.92%,23,ー倍,3.01倍,ー%
20260825,2401,ＦＬネット,9241,東G,,"1,396",-64,-4.38%,23,41.8倍,6.12倍,ー%
20260825,2402,人・夢・技術,9248,東S,,"1,720",-14,-0.81%,23,12.4倍,0.69倍,3.49%
20260825,2403,三和油化工業,4125,東S,,"3,820",+15,+0.39%,23,15.0倍,1.19倍,1.31%
20260825,2404,野村建設資材,1619,東Ｅ,,"45,370",+230,+0.51%,23,ー倍,ー倍,ー%
20260825,2405,ＷＴプラチナ,1674,東Ｅ,,"27,185",-125,-0.46%,23,ー倍,ー倍,ー%
20260825,2406,銭高組,1811,東S,,"7,890",-40,-0.50%,23,37.4倍,0.48倍,ー%
20260825,2407,岡谷鋼機,7485,名P,,"5,070",-10,-0.20%,23,6.97倍,0.40倍,1.70%
20260825,2408,遠藤製作所,7841,東S,,"1,098",-13,-1.17%,23,9.68倍,0.42倍,3.64%
20260825,2409,エフオン,9514,東S,,351,-1,-0.28%,23,5.71倍,0.38倍,2.28%
20260825,2410,オリコン,4800,東S,,"1,357",0,0.00%,23,16.6倍,3.09倍,ー%
20260825,2411,フマキラ,4998,東S,,"1,199",-8,-0.66%,23,12.1倍,0.72倍,2.00%
20260825,2412,ｉＦＳＰ有,2248,東Ｅ,,"2,759",+3,+0.11%,23,ー倍,ー倍,ー%
20260825,2413,Ｓ＆Ｊ,5599,東G,,987,+1,+0.10%,23,13.6倍,2.59倍,1.72%
20260825,2414,ｉＳ米増配株,2014,東Ｅ,,324.4,+1.3,+0.40%,23,ー倍,ー倍,ー%
20260825,2415,理経,8226,東S,,396,-2,-0.50%,23,14.3倍,1.00倍,1.77%
20260825,2416,ＡＭＩ,3773,東G,,"1,028",-6,-0.58%,23,14.0倍,1.20倍,2.14%
20260825,2417,信和,3447,東S,,"1,029",-3,-0.29%,22,8.72倍,0.81倍,3.50%
20260825,2418,電算,3640,東S,,"2,817",+5,+0.18%,22,9.22倍,0.99倍,3.55%
20260825,2419,サイバーリン,3683,東S,,"1,101",-18,-1.61%,22,9.47倍,1.27倍,3.18%
20260825,2420,あさくま,7678,東S,,"3,145",+35,+1.13%,22,80.7倍,9.57倍,ー%
20260825,2421,エヌアイデイ,2349,東S,,"2,500",-43,-1.69%,22,10.8倍,1.11倍,1.20%
20260825,2422,オーハシテク,7628,東P,,"1,215",+13,+1.08%,22,14.8倍,0.76倍,3.70%
20260825,2423,ＷＡ,7683,東P,,"1,411",+3,+0.21%,22,30.6倍,2.53倍,1.20%
20260825,2424,ファブリカ,4193,東S,,"2,120",-31,-1.44%,22,12.2倍,2.98倍,2.45%
20260825,2425,リファバスＧ,7375,東G,,"1,157",+10,+0.87%,22,9.69倍,8.30倍,ー%
20260825,2426,ｉＦＥナ百有,2841,東Ｅ,,"1,678",+7,+0.42%,22,ー倍,ー倍,ー%
20260825,2427,第一カッタ,1716,東S,,"1,425",-10,-0.70%,22,11.0倍,0.79倍,3.16%
20260825,2428,ヤマト,1967,東S,,"2,092",-3,-0.14%,22,10.9倍,1.09倍,3.68%
20260825,2429,エイシアンＳ,8946,東S,,75,+1,+1.35%,22,16.7倍,0.95倍,ー%
20260825,2430,東名,4439,東S,,769,-1,-0.13%,22,8.95倍,2.07倍,1.69%
20260825,2431,わかもと,4512,東S,,306,0,0.00%,22,46.2倍,0.91倍,1.14%
20260825,2432,セントラルＳ,4801,東P,,"2,450",-14,-0.57%,22,18.7倍,1.04倍,1.63%
20260825,2433,ＰＢＲ１解消,2080,東Ｅ,,"2,069",+3,+0.15%,22,ー倍,ー倍,ー%
20260825,2434,Ｓｃｈｏｏ,264A,東G,,320,+1,+0.31%,22,17.6倍,2.21倍,ー%
20260825,2435,ガーデン,274A,東S,,"2,361",+1,+0.04%,22,20.1倍,2.27倍,3.81%
20260825,2436,ライズＣＧ,9168,東G,,417,0,0.00%,21,15.2倍,1.49倍,5.04%
20260825,2437,ＲＯＸＸ,241A,東G,,423,+17,+4.19%,21,"3,021倍",2.10倍,ー%
20260825,2438,富士ユナイト,416A,東S,,"1,310",+21,+1.63%,21,14.4倍,0.85倍,4.73%
20260825,2439,上場ＮＱヘ無,2568,東Ｅ,,"7,980",+45,+0.57%,21,ー倍,ー倍,ー%
20260825,2440,ホームポジ,2999,東S,,615,+2,+0.33%,21,10.7倍,0.96倍,1.63%
20260825,2441,イントランス,3237,東G,,101,-1,-0.98%,21,138倍,38.9倍,ー%
20260825,2442,オルトＰ,3672,東S,,29,+1,+3.57%,21,ー倍,2.00倍,ー%
20260825,2443,ペガサス,6262,東S,,545,-3,-0.55%,21,52.3倍,0.40倍,ー%
20260825,2444,宮入バ,6495,東S,,122,0,0.00%,21,73.5倍,1.48倍,1.64%
20260825,2445,ティアック,6803,東S,,100,0,0.00%,21,9.60倍,0.71倍,1.00%
20260825,2446,東ラヂ,7235,東S,,"1,594",+9,+0.57%,21,8.51倍,0.62倍,4.83%
20260825,2447,三協フロンテ,9639,東S,,"2,334",-2,-0.09%,21,8.87倍,0.99倍,4.28%
20260825,2448,野村外国債券,2511,東Ｅ,,"1,184.0",-2.5,-0.21%,21,ー倍,ー倍,ー%
20260825,2449,カイオム,4583,東G,,84,+1,+1.20%,21,ー倍,4.36倍,ー%
20260825,2450,パラカ,4809,東P,,"2,053",-17,-0.82%,21,9.10倍,0.97倍,3.51%
20260825,2451,インタライフ,1418,東S,,602,-4,-0.66%,21,11.5倍,1.91倍,4.98%
20260825,2452,ＷＴ天然ガス,1689,東Ｅ,,724,+6,+0.84%,21,ー倍,ー倍,ー%
20260825,2453,ＳＳＳＫＨＤ,4838,東S,,693,-1,-0.14%,21,9.22倍,1.29倍,4.33%
20260825,2454,コロナ,5909,東S,,973,-32,-3.18%,21,47.5倍,0.37倍,2.88%
20260825,2455,トレンダ,6069,東G,,700,+7,+1.01%,21,12.1倍,1.34倍,5.14%
20260825,2456,フジコピアン,7957,東S,,"2,519",-1,-0.04%,21,3.12倍,0.45倍,6.75%
20260825,2457,富山銀,8365,東S,,"2,317",+20,+0.87%,21,11.8倍,0.39倍,2.37%
20260825,2458,フォーバル,8275,東S,,992,0,0.00%,20,11.8倍,1.41倍,3.23%
20260825,2459,トマト銀,8542,東S,,"1,922",-6,-0.31%,20,12.1倍,0.47倍,2.60%
20260825,2460,明豊エンタ,8927,東S,,476,-3,-0.63%,20,5.83倍,1.30倍,3.15%
20260825,2461,エネクスＩＦ,9286,東IF,,"46,700",+50,+0.11%,20,ー倍,0.56倍,6.48%
20260825,2462,学究社,9769,東P,,"2,631",-8,-0.30%,20,13.1倍,3.77倍,4.83%
20260825,2463,ケーユーＨＤ,9856,東S,,"1,241",-5,-0.40%,20,7.02倍,0.57倍,4.67%
20260825,2464,アールプラン,2983,東G,,"1,655",-31,-1.84%,20,6.67倍,2.15倍,2.72%
20260825,2465,サンウェルズ,9229,東P,,117,-2,-1.68%,20,ー倍,0.60倍,ー%
20260825,2466,アクシスＣ,9344,東G,,"1,252",-45,-3.47%,20,12.5倍,1.85倍,3.27%
20260825,2467,ラボロＡＩ,5586,東G,,877,-17,-1.90%,20,52.2倍,5.12倍,ー%
20260825,2468,今村証券,7175,東S,,"1,883",-55,-2.84%,20,ー倍,0.71倍,ー%
20260825,2469,イントラスト,7191,東S,,"1,174",+13,+1.12%,20,14.3倍,3.25倍,4.22%
20260825,2470,アツギ,3529,東S,,"1,050",+20,+1.94%,20,ー倍,0.53倍,ー%
20260825,2471,サツドラＨＤ,3544,東S,,"1,250",+1,+0.08%,20,ー倍,1.70倍,ー%
20260825,2472,菊水ＨＤ,6912,東S,,"2,420",+17,+0.71%,20,11.2倍,1.28倍,2.44%
20260825,2473,Ａ＆ＡＭ,5391,東S,,"1,498",-13,-0.86%,20,6.90倍,0.49倍,4.67%
20260825,2474,エクストリム,6033,東G,,"1,602",-52,-3.14%,20,9.32倍,1.27倍,4.24%
20260825,2475,大幸薬品,4574,東P,,270,+1,+0.37%,20,24.7倍,1.61倍,1.30%
20260825,2476,ハイパー,3054,東S,,358,+2,+0.56%,20,14.4倍,1.09倍,1.96%
20260825,2477,野村コア３０,1311,東Ｅ,,"2,101",+1,+0.05%,20,ー倍,ー倍,ー%
20260825,2478,カネコ種,1376,東S,,"1,620",-20,-1.22%,20,10.8倍,0.66倍,2.96%
20260825,2479,中外鉱,1491,東S,,737,+6,+0.82%,20,10.6倍,1.27倍,ー%
20260825,2480,ｉＳ米債７,1656,東Ｅ,,310.2,+0.4,+0.13%,20,ー倍,ー倍,ー%
20260825,2481,クックパッド,2193,東S,,133,+1,+0.76%,19,ー倍,0.72倍,ー%
20260825,2482,フエルト,3512,東S,,"1,074",+21,+1.99%,19,35.9倍,0.77倍,2.61%
20260825,2483,自重堂,3597,東S,,"9,160",-10,-0.11%,19,17.6倍,0.68倍,5.46%
20260825,2484,キムラユニテ,9368,東S,,933,+5,+0.54%,19,9.97倍,0.86倍,4.07%
20260825,2485,ＭＴＩ,9438,東P,,602,-2,-0.33%,19,12.5倍,1.71倍,3.32%
20260825,2486,九州リース,8596,東S,,"1,609",+2,+0.12%,19,8.68倍,0.79倍,3.85%
20260825,2487,シーラＨＤ,8887,東S,,386,+2,+0.52%,19,9.59倍,0.81倍,3.63%
20260825,2488,スタートＬ,477A,東G,,665,-24,-3.48%,19,8.87倍,1.42倍,ー%
20260825,2489,ＧＬ・再エネ,509A,東IF,,"71,300",-600,-0.83%,19,ー倍,0.90倍,8.27%
20260825,2490,ヒトトヒトＨ,549A,東S,,519,+3,+0.58%,19,ー倍,2.30倍,4.13%
20260825,2491,ｉＳシルバー,568A,東Ｅ,,179.5,-1.5,-0.83%,19,ー倍,ー倍,ー%
20260825,2492,ＳＢＩＩＧ,7326,東G,,"2,107",+1,+0.05%,19,14.5倍,1.04倍,2.80%
20260825,2493,ＡＩｉｎｓ,4488,東G,,"2,117",-54,-2.49%,19,23.3倍,1.64倍,ー%
20260825,2494,ｉＦＴＰ年４,2625,東Ｅ,,"4,101",+23,+0.56%,19,ー倍,ー倍,ー%
20260825,2495,ジオコード,7357,東S,,"1,950",+42,+2.20%,19,51.0倍,5.01倍,1.28%
20260825,2496,コリー,4175,東G,,"2,721",+8,+0.29%,19,ー倍,3.11倍,ー%
20260825,2497,ココナラ,4176,東G,,286,-3,-1.04%,19,17.8倍,2.87倍,ー%
20260825,2498,プログリット,9560,東G,,887,+3,+0.34%,19,10.3倍,3.81倍,2.48%
20260825,2499,オープンＷ,5139,東G,,947,-5,-0.53%,19,20.4倍,2.57倍,0.95%
20260825,2500,グリッド,5582,東G,,"1,952",-46,-2.30%,19,23.5倍,2.19倍,ー%
20260825,2501,ＧＸ中国ＥＶ,2254,東Ｅ,,"1,092",-9,-0.82%,19,ー倍,ー倍,ー%
20260825,2502,第一交通,9035,福証,,743,-5,-0.67%,19,11.1倍,0.56倍,3.36%
20260825,2503,野村米半導,346A,東Ｅ,,"4,929",+129,+2.69%,19,ー倍,ー倍,ー%
20260825,2504,北海コカ,2573,東S,,"4,020",+10,+0.25%,19,49.7倍,1.25倍,0.75%
20260825,2505,テンポスＨＤ,2751,東S,,"3,775",-25,-0.66%,19,16.8倍,2.59倍,0.24%
20260825,2506,リソル,5261,東P,,"7,740",-80,-1.02%,19,22.1倍,2.34倍,1.55%
20260825,2507,ＩＲジャパン,6035,東S,,742,+4,+0.54%,19,ー倍,2.04倍,ー%
20260825,2508,楽待,6037,東S,,"1,042",+11,+1.07%,19,15.1倍,3.65倍,1.25%
20260825,2509,ＮＦＫＨＤ,6494,東S,,97,+1,+1.04%,19,45.1倍,0.81倍,ー%
20260825,2510,昭和真空,6384,東S,,"1,678",+10,+0.60%,18,18.5倍,0.89倍,4.17%
20260825,2511,ＤＭソリュ,6549,東S,,"1,035",-13,-1.24%,18,8.67倍,1.49倍,2.03%
20260825,2512,ＵＭＣエレ,6615,東P,,234,-3,-1.27%,18,ー倍,0.59倍,ー%
20260825,2513,星和電,6748,東S,,779,+2,+0.26%,18,7.55倍,0.49倍,2.57%
20260825,2514,千代田インテ,6915,東S,,"3,510",-5,-0.14%,18,8.44倍,0.76倍,4.56%
20260825,2515,サンアスタ,4053,東P,,466,-4,-0.85%,18,13.1倍,1.62倍,2.15%
20260825,2516,アルマード,4932,東S,,752,-9,-1.18%,18,13.0倍,5.65倍,ー%
20260825,2517,純パラ信託,1543,東Ｅ,,"61,800",-320,-0.52%,18,ー倍,ー倍,ー%
20260825,2518,野村食品,1617,東Ｅ,,"49,230",-50,-0.10%,18,ー倍,ー倍,ー%
20260825,2519,ＭＸ高利Ｊリ,1660,東Ｅ,,"10,600",+35,+0.33%,18,ー倍,ー倍,ー%
20260825,2520,アルトナー,2163,東P,,979,+8,+0.82%,18,16.6倍,4.04倍,4.39%
20260825,2521,Ｊテック・Ｃ,3446,東S,,"1,582",-17,-1.06%,18,ー倍,3.28倍,ー%
20260825,2522,アセンテック,3565,東S,,446,-3,-0.67%,18,13.4倍,3.16倍,3.36%
20260825,2523,はてな,3930,東G,,764,+14,+1.87%,18,ー倍,1.08倍,ー%
20260825,2524,スプリックス,7030,東S,,998,+7,+0.71%,18,12.6倍,1.73倍,3.81%
20260825,2525,ヤマノＨＤ,7571,東S,,89,0,0.00%,18,24.3倍,2.31倍,1.69%
20260825,2526,ＮＡＴＴＹ,7674,東G,,"2,689",+105,+4.06%,18,661倍,5.09倍,ー%
20260825,2527,中央魚,8030,東S,,"3,800",+20,+0.53%,18,6.91倍,0.40倍,3.16%
20260825,2528,インテリクス,463A,東S,,991,-11,-1.10%,18,5.87倍,0.60倍,4.84%
20260825,2529,スカラ,4845,東S,,356,-1,-0.28%,18,11.3倍,1.28倍,5.06%
20260825,2530,那須鉄,5922,東S,,"20,090",-10,-0.05%,18,13.4倍,0.69倍,2.24%
20260825,2531,ＪＴＰ,2488,東S,,"1,472",+13,+0.89%,18,11.4倍,2.12倍,3.40%
20260825,2532,ひらまつ,2764,東S,,151,+1,+0.67%,18,37.0倍,1.74倍,0.81%
20260825,2533,エキサイト,5571,東S,,"1,057",+16,+1.54%,18,14.5倍,1.48倍,3.09%
20260825,2534,南海化学,4040,東S,,"3,835",+35,+0.92%,18,6.08倍,0.67倍,1.69%
20260825,2535,アヴィレン,5591,東G,,860,+5,+0.58%,18,23.8倍,6.32倍,ー%
20260825,2536,早稲田学習研,5869,東S,,"1,249",-17,-1.34%,18,12.1倍,1.73倍,5.20%
20260825,2537,ダイトーケミ,4366,東S,,427,+4,+0.95%,18,16.2倍,0.81倍,2.11%
20260825,2538,日化産,4094,東S,,"2,299",+7,+0.31%,17,35.9倍,0.86倍,3.91%
20260825,2539,扶桑薬,4538,東P,,"2,288",-27,-1.17%,17,15.0倍,0.55倍,3.93%
20260825,2540,ＲＳＣ,4664,東S,,938,+8,+0.86%,17,41.7倍,1.22倍,2.56%
20260825,2541,ムトー精工,7927,東S,,"2,269",+11,+0.49%,17,5.26倍,0.75倍,5.16%
20260825,2542,アピリッツ,4174,東S,,854,+23,+2.77%,17,30.5倍,2.01倍,3.40%
20260825,2543,ｉＦＥ科創板,2628,東Ｅ,,"3,801",-38,-0.99%,17,ー倍,ー倍,ー%
20260825,2544,ＣＣＴ,4371,東G,,"1,257",-24,-1.87%,17,15.4倍,3.92倍,1.67%
20260825,2545,ラストワンＭ,9252,東G,,"3,900",+5,+0.13%,17,9.41倍,1.99倍,0.77%
20260825,2546,東陽倉,9306,東S,,"2,011",-18,-0.89%,17,13.2倍,0.51倍,3.73%
20260825,2547,藤商事,6257,東S,,"1,007",-2,-0.20%,17,10.0倍,0.50倍,5.46%
20260825,2548,Ｏｎｅ高配当,1494,東Ｅ,,"44,140",+80,+0.18%,17,ー倍,ー倍,ー%
20260825,2549,ＷＴ穀物,1688,東Ｅ,,602.0,-4.0,-0.66%,17,ー倍,ー倍,ー%
20260825,2550,博展,2173,東G,,730,-11,-1.48%,17,7.00倍,2.13倍,3.70%
20260825,2551,ミラタップ,3187,東G,,367,+5,+1.38%,17,28.1倍,2.28倍,ー%
20260825,2552,プロパスト,3236,東S,,293,+2,+0.69%,17,5.99倍,0.71倍,3.41%
20260825,2553,ダイニック,3551,東S,,"1,604",-7,-0.43%,17,6.61倍,0.42倍,2.87%
20260825,2554,オープンドア,3926,東S,,427,+12,+2.89%,17,ー倍,3.92倍,ー%
20260825,2555,シーユーシー,9158,東G,,712,-11,-1.52%,17,19.0倍,0.62倍,ー%
20260825,2556,ミガロＨＤ,5535,東P,,283,+3,+1.07%,17,12.1倍,1.19倍,3.18%
20260825,2557,ｉＳ米２０,2255,東Ｅ,,201.6,+0.8,+0.40%,17,ー倍,ー倍,ー%
20260825,2558,ブルーイノベ,5597,東G,,"1,343",+5,+0.37%,17,ー倍,107倍,ー%
20260825,2559,ｉＦ米債７有,2016,東Ｅ,,"1,749",-1,-0.06%,17,ー倍,ー倍,ー%
20260825,2560,Ｍ米債長ヘ無,182A,東Ｅ,,487.8,+2.0,+0.41%,17,ー倍,ー倍,ー%
20260825,2561,ＧＸＣＦキン,234A,東Ｅ,,"1,495",-5,-0.33%,17,ー倍,ー倍,ー%
20260825,2562,ＧＸ高配３０,235A,東Ｅ,,"1,456",-22,-1.49%,17,ー倍,ー倍,ー%
20260825,2563,ＥＴＳ・Ｇ,253A,東S,,"1,050",+10,+0.96%,17,11.9倍,1.73倍,2.19%
20260825,2564,ウェルネス,366A,東G,,"1,133",-4,-0.35%,17,12.3倍,2.54倍,3.53%
20260825,2565,ｉＳＱＴＯＰ,392A,東Ｅ,,271.3,+1.8,+0.67%,17,ー倍,ー倍,ー%
20260825,2566,ＧＸ中テ１０,404A,東Ｅ,,"1,295",+28,+2.21%,17,ー倍,ー倍,ー%
20260825,2567,ヤマウＨＤ,5284,東S,,"2,263",-7,-0.31%,17,6.09倍,1.02倍,4.95%
20260825,2568,ＧＸ銀ビジ,579A,東Ｅ,,"1,133",+12,+1.07%,17,ー倍,ー倍,ー%
20260825,2569,ＧＸ銅ビジ,580A,東Ｅ,,"1,085",-12,-1.09%,17,ー倍,ー倍,ー%
20260825,2570,ライク,2462,東P,,"1,550",0,0.00%,17,11.7倍,1.57倍,3.87%
20260825,2571,高千穂交易,2676,東P,,"2,091",+11,+0.53%,17,23.7倍,2.33倍,3.63%
20260825,2572,オーシャンシ,3096,東S,,"1,601",-4,-0.25%,17,9.87倍,1.21倍,1.25%
20260825,2573,日食品,2892,東S,,"4,555",+5,+0.11%,16,14.4倍,0.72倍,3.29%
20260825,2574,ＳＡＡＦＨＤ,1447,東G,,400,-4,-0.99%,16,22.1倍,5.83倍,1.20%
20260825,2575,北野建,1866,東S,,"1,185",-24,-1.99%,16,8.25倍,0.54倍,2.53%
20260825,2576,中村屋,2204,東S,,"3,190",+15,+0.47%,16,19.2倍,0.66倍,2.35%
20260825,2577,オーケーエム,6229,東S,,"1,502",-15,-0.99%,16,8.99倍,0.61倍,3.33%
20260825,2578,フォトシンス,4379,東G,,435,+3,+0.69%,16,22.8倍,2.61倍,ー%
20260825,2579,野村ダウＨ有,2846,東Ｅ,,"2,572",+7,+0.27%,16,ー倍,ー倍,ー%
20260825,2580,ＵＦＨＤ,4235,東S,,690,-8,-1.15%,16,26.2倍,0.73倍,5.07%
20260825,2581,ナカバヤシ,7987,東S,,570,0,0.00%,16,7.93倍,0.50倍,3.86%
20260825,2582,アバンティア,8904,東S,,872,+1,+0.11%,16,10.5倍,0.45倍,4.36%
20260825,2583,三相電機,6518,東S,,"1,760",+1,+0.06%,16,9.49倍,0.63倍,1.42%
20260825,2584,ケル,6919,東S,,"1,417",-5,-0.35%,16,79.3倍,0.68倍,5.65%
20260825,2585,ブリッジ－Ｇ,7039,東G,,"1,371",+8,+0.59%,16,52.8倍,1.02倍,6.20%
20260825,2586,ヤギ,7460,東S,,"1,708",-2,-0.12%,16,11.3倍,0.87倍,3.51%
20260825,2587,ＧＸ日経株主,465A,東Ｅ,,"1,344",+3,+0.22%,16,ー倍,ー倍,ー%
20260825,2588,梅乃宿酒造,559A,東S,,"1,169",+38,+3.36%,16,19.6倍,1.99倍,2.04%
20260825,2589,スカイマーク,9204,東G,,418,-6,-1.42%,16,31.4倍,0.89倍,ー%
20260825,2590,マテリアルＧ,156A,東G,,863,0,0.00%,16,13.3倍,3.50倍,3.02%
20260825,2591,ＧＸ超長米Ｈ,179A,東Ｅ,,240.6,+0.1,+0.04%,16,ー倍,ー倍,ー%
20260825,2592,エスポア,3260,名N,,570,+1,+0.18%,16,ー倍,153倍,ー%
20260825,2593,デリカフＨＤ,3392,東S,,798,-4,-0.50%,16,7.42倍,1.25倍,3.38%
20260825,2594,ＡＤＲバイオ,3750,東S,,771,+8,+1.05%,16,344倍,-97倍,ー%
20260825,2595,クリエート,5187,東S,,"1,137",-12,-1.04%,16,16.2倍,0.55倍,4.13%
20260825,2596,フイルコン,5942,東S,,640,-4,-0.62%,16,15.5倍,0.54倍,4.38%
20260825,2597,イーガーディ,6050,東P,,"1,784",-3,-0.17%,16,20.0倍,1.69倍,2.13%
20260825,2598,エンバイオＨ,6092,東S,,855,-9,-1.04%,16,10.1倍,0.73倍,2.81%
20260825,2599,日東工器,6151,東P,,"1,744",-3,-0.17%,16,22.3倍,0.54倍,1.83%
20260825,2600,アップバンク,6177,東G,,84,0,0.00%,16,ー倍,3.08倍,ー%
20260825,2601,セラク,6199,東S,,"1,377",-3,-0.22%,16,9.56倍,1.82倍,1.26%
20260825,2602,ナガオカ,6239,東S,,"1,452",+66,+4.76%,16,9.16倍,1.26倍,2.41%
20260825,2603,朝日ラバー,5162,東S,,773,+1,+0.13%,15,20.8倍,0.69倍,3.10%
20260825,2604,石塚硝,5204,東S,,"3,020",+15,+0.50%,15,5.88倍,0.32倍,2.38%
20260825,2605,ヨシコン,5280,東S,,"2,190",-5,-0.23%,15,5.45倍,0.54倍,4.11%
20260825,2606,イワブチ,5983,東S,,"13,600",+10,+0.07%,15,20.8倍,0.68倍,2.43%
20260825,2607,ライドオンＥ,6082,東S,,"1,031",-4,-0.39%,15,25.8倍,1.13倍,1.45%
20260825,2608,シンメンテ,6086,東G,,"1,047",-9,-0.85%,15,14.9倍,4.37倍,2.10%
20260825,2609,電業社,6365,東S,,"5,770",+80,+1.41%,15,9.39倍,0.77倍,3.29%
20260825,2610,トリニ工,6382,東S,,"1,255",+1,+0.08%,15,10.4倍,0.59倍,4.86%
20260825,2611,サンデン,6444,東S,,197,-4,-1.99%,15,44.4倍,0.71倍,ー%
20260825,2612,マクアケ,4479,東G,,905,+8,+0.89%,15,17.9倍,1.91倍,ー%
20260825,2613,ＭＸナスヘ有,2632,東Ｅ,,"17,710",-55,-0.31%,15,ー倍,ー倍,ー%
20260825,2614,スパイダー,4192,東G,,272,-3,-1.09%,15,ー倍,3.56倍,ー%
20260825,2615,ＩＧＳ,4265,東G,,294,+10,+3.52%,15,200倍,3.61倍,ー%
20260825,2616,サーティワン,2268,東S,,"4,055",0,0.00%,15,21.7倍,2.55倍,1.48%
20260825,2617,ぐるなび,2440,東S,,130,+1,+0.78%,15,ー倍,1.41倍,ー%
20260825,2618,野村新興国株,2520,東Ｅ,,"2,370",+13,+0.55%,15,ー倍,ー倍,ー%
20260825,2619,ｉＳロボット,2522,東Ｅ,,"8,947",+66,+0.74%,15,ー倍,ー倍,ー%
20260825,2620,ジーエルシー,2970,東S,,"1,058",-40,-3.64%,15,12.5倍,2.77倍,ー%
20260825,2621,ポラリスＨＤ,3010,東S,,191,+1,+0.53%,15,27.9倍,1.43倍,5.24%
20260825,2622,ハブ,3030,東S,,855,-4,-0.47%,15,32.6倍,3.18倍,1.17%
20260825,2623,銚子丸,3075,東S,,"1,714",+8,+0.47%,15,27.4倍,2.37倍,0.88%
20260825,2624,Ｈａｍｅｅ,3134,東S,,313,+3,+0.97%,15,21.8倍,0.69倍,0.96%
20260825,2625,上場新興国債,1566,東Ｅ,,"54,250",+150,+0.28%,15,ー倍,ー倍,ー%
20260825,2626,農中Ｊリート,1595,東Ｅ,,"1,859",+4,+0.22%,15,ー倍,ー倍,ー%
20260825,2627,野村運輸物流,1628,東Ｅ,,"22,495",+305,+1.37%,15,ー倍,ー倍,ー%
20260825,2628,ｉＳ新興国株,1658,東Ｅ,,"4,330",+18,+0.42%,15,ー倍,ー倍,ー%
20260825,2629,日東富士,2003,東S,,"1,812",+1,+0.06%,15,20.0倍,1.34倍,3.86%
20260825,2630,キングジム,7962,東P,,817,+1,+0.12%,15,21.8倍,0.88倍,1.84%
20260825,2631,築地魚,8039,東S,,"3,520",-70,-1.95%,15,15.7倍,1.09倍,0.99%
20260825,2632,さいか屋,8254,東S,,310,-4,-1.27%,15,16.9倍,1.44倍,1.61%
20260825,2633,エコモット,3987,東G,,655,-5,-0.76%,15,82.5倍,4.21倍,ー%
20260825,2634,ミンカブ,4436,東G,,415,-3,-0.72%,15,12.8倍,4.65倍,ー%
20260825,2635,ニイタカ,4465,東S,,"2,437",+13,+0.54%,15,11.0倍,0.87倍,3.45%
20260825,2636,ＤＷセラピ研,4576,東G,,89,0,0.00%,15,ー倍,3.64倍,ー%
20260825,2637,玉井船,9127,東S,,"3,305",-35,-1.05%,15,9.03倍,0.63倍,3.33%
20260825,2638,和心,9271,東G,,990,-15,-1.49%,15,12.4倍,4.18倍,1.21%
20260825,2639,いちごグリン,9282,東IF,,"38,650",-150,-0.39%,15,38.3倍,1.26倍,4.76%
20260825,2640,川西倉,9322,東S,,"2,486",0,0.00%,15,29.4倍,0.90倍,5.31%
20260825,2641,バルニバービ,3418,東G,,"1,057",0,0.00%,15,25.8倍,1.89倍,0.71%
20260825,2642,バトンズ,554A,東G,,"1,597",+7,+0.44%,15,28.0倍,7.90倍,ー%
20260825,2643,ネイス,589A,東G,,"1,310",-6,-0.46%,15,13.1倍,8.36倍,ー%
20260825,2644,イクヨ,7273,東S,,581,-1,-0.17%,15,278倍,1.30倍,0.52%
20260825,2645,アドヴァンＧ,7463,東S,,954,-7,-0.73%,15,ー倍,0.53倍,4.19%
20260825,2646,アルメディオ,7859,東S,,237,-3,-1.25%,15,ー倍,0.60倍,ー%
20260825,2647,アイビス,9343,東G,,766,-4,-0.52%,15,15.1倍,4.53倍,1.57%
20260825,2648,ドリムアーツ,4811,東G,,845,-5,-0.59%,15,15.9倍,3.19倍,2.37%
20260825,2649,日水コン,261A,東S,,"1,988",+5,+0.25%,15,14.2倍,1.54倍,3.72%
20260825,2650,モンラボ,5255,東G,,91,0,0.00%,14,ー倍,8.91倍,ー%
20260825,2651,笑美面,9237,東G,,962,-3,-0.31%,14,22.2倍,4.79倍,ー%
20260825,2652,ｉＳ米２５,237A,東Ｅ,,146.7,+0.5,+0.34%,14,ー倍,ー倍,ー%
20260825,2653,朝日印刷,3951,東S,,901,-2,-0.22%,14,11.1倍,0.52倍,4.22%
20260825,2654,タイガポリ,4231,東S,,"1,030",0,0.00%,14,8.28倍,0.42倍,3.69%
20260825,2655,ＨＥＲＯＺ,4382,東S,,751,-15,-1.96%,14,44.5倍,2.68倍,ー%
20260825,2656,ユナイト,4486,東G,,700,+10,+1.45%,14,11.4倍,2.28倍,2.29%
20260825,2657,交換できる,7695,東G,,902,+33,+3.80%,14,27.0倍,3.19倍,ー%
20260825,2658,ＭＸ米ＳＰ有,2630,東Ｅ,,"16,075",+20,+0.12%,14,ー倍,ー倍,ー%
20260825,2659,コンフインタ,7374,東G,,"1,519",-10,-0.65%,14,10.2倍,1.56倍,5.60%
20260825,2660,ジィ・シィ,4073,東G,,493,-3,-0.60%,14,18.7倍,3.53倍,ー%
20260825,2661,ＫＹＯＲＩＴ,7795,東S,,229,+1,+0.44%,14,12.8倍,0.54倍,3.49%
20260825,2662,ＴＹＫ,5363,東S,,692,-1,-0.14%,14,6.79倍,0.61倍,4.42%
20260825,2663,コンバム,6265,東S,,"3,205",0,0.00%,14,17.4倍,0.80倍,2.50%
20260825,2664,ヨシタケ,6488,東S,,"1,033",-3,-0.29%,14,9.45倍,0.71倍,3.48%
20260825,2665,ウインテスト,6721,東S,,71,0,0.00%,14,79.8倍,11.4倍,ー%
20260825,2666,ジオマテック,6907,東S,,777,+16,+2.10%,14,12.1倍,0.59倍,ー%
20260825,2667,ルックＨＤ,8029,東S,,"2,647",-4,-0.15%,14,12.4倍,0.48倍,3.78%
20260825,2668,ＯＵＧＨＤ,8041,東S,,"4,550",+50,+1.11%,14,7.67倍,0.59倍,3.78%
20260825,2669,テンアライド,8207,東S,,298,+1,+0.34%,14,248倍,10.1倍,ー%
20260825,2670,レボリュー,8894,東S,,22,0,0.00%,14,ー倍,4.39倍,ー%
20260825,2671,ジェイテック,2479,東S,,244,-2,-0.81%,14,10.9倍,1.41倍,ー%
20260825,2672,農中４００,2526,東Ｅ,,"37,330",-40,-0.11%,14,ー倍,ー倍,ー%
20260825,2673,森組,1853,東S,,333,-1,-0.30%,14,14.0倍,0.71倍,4.20%
20260825,2674,サンテック,1960,東S,,"1,695",+11,+0.65%,14,11.3倍,0.77倍,3.24%
20260825,2675,アンファク,7035,東S,,272,+1,+0.37%,14,ー倍,3.61倍,ー%
20260825,2676,島根銀行,7150,東S,,520,-4,-0.76%,14,27.8倍,0.80倍,1.92%
20260825,2677,橋本総業ＨＤ,7570,東S,,"1,415",-11,-0.77%,14,7.45倍,0.73倍,3.67%
20260825,2678,中本パックス,7811,東S,,"1,963",+5,+0.26%,14,7.96倍,0.82倍,3.77%
20260825,2679,ホクシン,7897,東S,,108,+2,+1.89%,14,23.5倍,0.52倍,1.85%
20260825,2680,ベガコーポ,3542,東G,,"1,478",+23,+1.58%,14,17.1倍,2.16倍,1.22%
20260825,2681,ウェルス,3772,東S,,"1,092",+2,+0.18%,14,11.6倍,1.21倍,ー%
20260825,2682,ＷＨＤＣ,3823,東S,,31,-1,-3.13%,14,ー倍,3.02倍,ー%
20260825,2683,テアトル,9633,東S,,"1,875",+1,+0.05%,14,4.71倍,0.65倍,1.60%
20260825,2684,日本プロセス,9651,東S,,"1,981",-2,-0.10%,14,14.1倍,1.50倍,4.64%
20260825,2685,旭情報,9799,東S,,989,+11,+1.12%,14,12.4倍,1.24倍,3.44%
20260825,2686,ＦフォースＧ,7068,東G,,606,-5,-0.82%,14,9.49倍,3.94倍,3.30%
20260825,2687,Ｊファーマ,520A,東G,,284,+14,+5.19%,14,ー倍,1.46倍,ー%
20260825,2688,リブコンサル,480A,東G,,877,-9,-1.02%,13,10.0倍,1.52倍,ー%
20260825,2689,ビタブリッド,542A,東G,,"1,123",+4,+0.36%,13,8.48倍,1.21倍,ー%
20260825,2690,野村政策,605A,東Ｅ,,199.4,+0.1,+0.05%,13,ー倍,ー倍,ー%
20260825,2691,極楽湯ＨＤ,2340,東S,,516,-2,-0.39%,13,ー倍,3.65倍,1.16%
20260825,2692,野村外リート,2515,東Ｅ,,"1,718",+7,+0.41%,13,ー倍,ー倍,ー%
20260825,2693,上場リートＭ,2552,東Ｅ,,"1,951",+9,+0.46%,13,ー倍,ー倍,ー%
20260825,2694,ユニカフェ,2597,東S,,"1,212",+15,+1.25%,13,23.2倍,2.18倍,ー%
20260825,2695,ＹＫＴ,2693,東S,,295,-1,-0.34%,13,68.5倍,0.43倍,1.69%
20260825,2696,太陽化,2902,名M,,"2,695",+3,+0.11%,13,9.40倍,0.81倍,3.75%
20260825,2697,ＫＴＫ,3035,東S,,773,+3,+0.39%,13,10.1倍,0.87倍,2.72%
20260825,2698,ＪＦＬＡＨＤ,3069,東S,,169,+2,+1.20%,13,ー倍,1.32倍,ー%
20260825,2699,ジオリーブＧ,3157,東S,,"1,477",+39,+2.71%,13,8.35倍,0.78倍,3.72%
20260825,2700,スマイルＨＤ,7084,東G,,"2,769",-15,-0.54%,13,40.1倍,1.46倍,3.79%
20260825,2701,勤次郎,4013,東G,,660,-4,-0.60%,13,12.4倍,1.23倍,1.52%
20260825,2702,サイエンスＡ,4412,東G,,"1,234",-21,-1.67%,13,53.3倍,6.50倍,0.08%
20260825,2703,ティムス,4891,東G,,109,-1,-0.91%,13,ー倍,2.14倍,ー%
20260825,2704,ノイル,4893,東G,,148,+3,+2.07%,13,ー倍,1.80倍,ー%
20260825,2705,ＪＥＴ,6228,東S,,503,-8,-1.57%,13,ー倍,0.76倍,ー%
20260825,2706,サキガケＨＤ,5891,東S,,"1,693",+26,+1.56%,13,38.4倍,1.98倍,1.36%
20260825,2707,ＭＩＣ,300A,東S,,"3,310",+35,+1.07%,13,17.4倍,2.59倍,2.33%
20260825,2708,ＶＰＪ,334A,東G,,"1,066",+91,+9.33%,13,17.3倍,2.67倍,ー%
20260825,2709,ＫＩＭＯＴＯ,7908,東S,,237,-1,-0.42%,13,12.9倍,0.54倍,2.95%
20260825,2710,ゼット,8135,東S,,443,-5,-1.12%,13,10.5倍,0.57倍,4.06%
20260825,2711,ヤマナカ,8190,名M,,518,-1,-0.19%,13,28.2倍,0.55倍,1.93%
20260825,2712,倉元,5216,東S,,152,0,0.00%,13,ー倍,8.51倍,ー%
20260825,2713,モリ工業,5464,東S,,954,-4,-0.42%,13,11.3倍,0.62倍,3.56%
20260825,2714,日金属,5491,東S,,934,+1,+0.11%,13,11.8倍,0.20倍,0.54%
20260825,2715,アドベンチャ,6030,東G,,"1,467",-33,-2.20%,13,9.57倍,1.16倍,ー%
20260825,2716,エーワン精密,6156,東S,,"1,861",-13,-0.69%,13,37.1倍,1.27倍,5.37%
20260825,2717,タカトリ,6338,東S,,"1,684",+21,+1.26%,13,27.2倍,0.91倍,2.38%
20260825,2718,鈴茂器工,6405,東S,,"1,179",-7,-0.59%,13,20.9倍,1.02倍,2.97%
20260825,2719,船場,6540,東S,,"1,540",-19,-1.22%,13,10.3倍,1.16倍,5.06%
20260825,2720,愛電機,6623,名P,,"8,880",+20,+0.23%,13,9.59倍,0.96倍,3.15%
20260825,2721,ＫＯＺＯＨＤ,9973,東S,,20,0,0.00%,13,111倍,12.7倍,ー%
20260825,2722,ＰＬＡＮＴ,7646,東S,,"1,859",-2,-0.11%,13,11.7倍,0.82倍,5.11%
20260825,2723,富士ＰＳ,1848,東S,,721,-9,-1.23%,13,12.6倍,0.96倍,3.47%
20260825,2724,フジ日本,2114,東S,,650,-3,-0.46%,13,13.3倍,1.20倍,2.92%
20260825,2725,サイオス,3744,東S,,454,+2,+0.44%,13,10.6倍,2.07倍,1.10%
20260825,2726,Ｓワイヤー,3929,東G,,240,-1,-0.41%,13,8.59倍,1.56倍,ー%
20260825,2727,メディ一光Ｇ,3353,東S,,"2,895",+14,+0.49%,12,8.39倍,0.69倍,4.15%
20260825,2728,ＳＭＩＮＯＥ,3501,東P,,"1,190",-10,-0.83%,12,10.9倍,0.48倍,3.53%
20260825,2729,ＧＭＯ－ＰＰ,3695,東G,,"1,431",-7,-0.49%,12,15.2倍,2.54倍,4.95%
20260825,2730,クエスト,2332,東S,,"1,677",-1,-0.06%,12,10.0倍,1.18倍,3.64%
20260825,2731,ウェッジＨＤ,2388,東G,,35,0,0.00%,12,ー倍,1.92倍,ー%
20260825,2732,株主還元７０,2529,東Ｅ,,"2,392",+6,+0.25%,12,ー倍,ー倍,ー%
20260825,2733,佐藤食品,2814,東S,,"3,700",0,0.00%,12,36.1倍,0.64倍,1.35%
20260825,2734,メディアス,3154,東P,,806,+4,+0.50%,12,12.8倍,0.86倍,2.48%
20260825,2735,ＡＰＨＤ,3175,東S,,938,-2,-0.21%,12,20.6倍,-51倍,ー%
20260825,2736,ニーズウェル,3992,東P,,468,0,0.00%,12,19.3倍,3.61倍,2.99%
20260825,2737,Ｄ・アクシス,4245,東S,,717,-2,-0.28%,12,17.7倍,0.92倍,3.35%
20260825,2738,イサム,4624,東S,,"4,040",-35,-0.86%,12,8.85倍,0.42倍,1.24%
20260825,2739,キタック,4707,東S,,340,+5,+1.49%,12,11.2倍,0.51倍,2.06%
20260825,2740,あかつき本社,8737,東S,,637,0,0.00%,12,5.84倍,0.92倍,4.71%
20260825,2741,ジモティー,7082,東G,,"1,406",0,0.00%,12,36.1倍,7.12倍,ー%
20260825,2742,ｉＳ日本国債,2561,東Ｅ,,"1,984",-2,-0.10%,12,ー倍,ー倍,ー%
20260825,2743,ビイングＨＤ,9145,東S,,584,+14,+2.46%,12,9.98倍,1.66倍,2.57%
20260825,2744,ワクー,4937,東G,,"2,421",-74,-2.97%,12,21.0倍,3.46倍,ー%
20260825,2745,サインド,4256,東G,,"1,030",+25,+2.49%,12,33.2倍,1.77倍,ー%
20260825,2746,セカンドＸ,5028,東G,,365,0,0.00%,12,21.3倍,2.86倍,ー%
20260825,2747,ｉＦＳＰＷブ,2237,東Ｅ,,"2,449",+7,+0.29%,12,ー倍,ー倍,ー%
20260825,2748,野村国債Ｄイ,2251,東Ｅ,,901.4,+2.3,+0.26%,12,ー倍,ー倍,ー%
20260825,2749,笹徳印刷,3958,東S,,548,-1,-0.18%,12,10.6倍,0.31倍,3.65%
20260825,2750,ｉＦ米債先ベ,140A,東Ｅ,,"2,020",+5,+0.25%,12,ー倍,ー倍,ー%
20260825,2751,ＰＲＩＳＭバ,206A,東G,,170,0,0.00%,12,ー倍,3.36倍,ー%
20260825,2752,上場米債ヘ無,1486,東Ｅ,,"23,670",+20,+0.08%,12,ー倍,ー倍,ー%
20260825,2753,グロースコア,1563,東Ｅ,,"2,471",+41,+1.69%,12,ー倍,ー倍,ー%
20260825,2754,野村機械,1624,東Ｅ,,"85,980","+1,670",+1.98%,12,ー倍,ー倍,ー%
20260825,2755,ＷＴ貴金属,1676,東Ｅ,,"45,000",+900,+2.04%,12,ー倍,ー倍,ー%
20260825,2756,日基技,1914,東S,,765,+7,+0.92%,12,9.28倍,0.56倍,3.92%
20260825,2757,高橋ウォール,1994,東S,,608,-5,-0.82%,12,8.76倍,0.43倍,3.62%
20260825,2758,パーカー,9845,東S,,"1,394",-13,-0.92%,12,7.93倍,0.67倍,3.80%
20260825,2759,天満屋ス,9846,東S,,998,0,0.00%,12,8.20倍,0.41倍,2.00%
20260825,2760,タキヒヨー,9982,東S,,"2,595",+10,+0.39%,12,13.5倍,0.68倍,1.93%
20260825,2761,リンクユーＧ,4446,東S,,847,+11,+1.32%,12,68.6倍,4.44倍,ー%
20260825,2762,新コスモス,6824,東S,,"4,315",+85,+2.01%,12,13.2倍,1.00倍,2.20%
20260825,2763,サノヤスＨＤ,7022,東S,,314,0,0.00%,12,13.2倍,0.86倍,2.39%
20260825,2764,ｕｐｒ,7065,東S,,"1,017",-2,-0.20%,12,10.7倍,0.81倍,3.64%
20260825,2765,近畿車,7122,東S,,"2,437",-10,-0.41%,12,16.8倍,0.47倍,2.05%
20260825,2766,北電工,6989,東S,,"2,523",+17,+0.68%,11,16.5倍,0.76倍,3.77%
20260825,2767,フロンティＭ,7038,東P,,582,+6,+1.04%,11,138倍,4.31倍,ー%
20260825,2768,識学,7049,東G,,877,+1,+0.11%,11,ー倍,2.45倍,ー%
20260825,2769,エフテック,7212,東S,,719,-13,-1.78%,11,16.7倍,0.22倍,2.78%
20260825,2770,インテＭ,7072,東G,,"1,164",-11,-0.94%,11,19.8倍,2.15倍,ー%
20260825,2771,セルソース,4880,東S,,347,+10,+2.97%,11,ー倍,1.17倍,ー%
20260825,2772,ＡＩＡＩ,6557,東G,,785,-5,-0.63%,11,7.35倍,1.48倍,ー%
20260825,2773,ウィルズ,4482,東G,,731,+2,+0.27%,11,15.6倍,4.73倍,2.46%
20260825,2774,ひとまいる,7686,東S,,444,0,0.00%,11,20.0倍,2.62倍,4.50%
20260825,2775,ＷＤＢココ,7079,東G,,"2,571",-12,-0.46%,11,9.09倍,1.32倍,3.89%
20260825,2776,ｉ３,4495,東G,,"1,986",+16,+0.81%,11,12.2倍,3.19倍,2.01%
20260825,2777,ｒａｋｕｍｏ,4060,東G,,"1,169",+4,+0.34%,11,21.5倍,3.47倍,1.20%
20260825,2778,マーキュリア,7347,東P,,795,+7,+0.89%,11,15.4倍,0.88倍,2.77%
20260825,2779,アシロ,7378,東G,,"1,515",+23,+1.54%,11,10.9倍,3.76倍,4.29%
20260825,2780,ブレインズ,4075,東G,,891,-17,-1.87%,11,32.4倍,2.99倍,ー%
20260825,2781,エアクロ,9557,東G,,223,+4,+1.83%,11,68.4倍,6.26倍,ー%
20260825,2782,ＧＸ優先証券,2866,東Ｅ,,986,+1,+0.10%,11,ー倍,ー倍,ー%
20260825,2783,Ｊ－ＭＡＸ,3422,東S,,620,+2,+0.32%,11,7.12倍,0.35倍,1.29%
20260825,2784,いい生活,3796,東S,,313,+2,+0.64%,11,22.2倍,2.21倍,0.96%
20260825,2785,ＳＩ,3826,東S,,499,+3,+0.60%,11,13.7倍,1.24倍,2.20%
20260825,2786,ｅＢＡＳＥ,3835,東P,,426,-3,-0.70%,11,17.5倍,2.76倍,3.57%
20260825,2787,ソフトテック,550A,東S,,"2,194",+22,+1.01%,11,9.53倍,1.27倍,3.42%
20260825,2788,日エンター,4829,東S,,111,+1,+0.91%,11,50.2倍,0.91倍,2.70%
20260825,2789,ＪＦＥシステ,4832,東S,,"1,981",-2,-0.10%,11,14.2倍,1.79倍,3.53%
20260825,2790,東北鋼,5484,東S,,"4,475",ー,ー%,11,ー倍,1.11倍,ー%
20260825,2791,鋳鉄管,5612,東S,,"1,657",+9,+0.55%,11,25.4倍,0.55倍,1.51%
20260825,2792,モリテック,5986,東S,,259,-2,-0.77%,11,11.6倍,0.35倍,2.32%
20260825,2793,リブセンス,6054,東S,,113,0,0.00%,11,ー倍,0.78倍,ー%
20260825,2794,富士精,6142,名M,,"1,740",+37,+2.17%,11,6.80倍,0.23倍,2.87%
20260825,2795,丸藤パ,8046,東S,,"1,011",-9,-0.88%,11,9.96倍,0.54倍,3.76%
20260825,2796,ニチモウ,8091,東P,,"2,420",-8,-0.33%,11,7.82倍,0.58倍,4.13%
20260825,2797,ヤマトインタ,8127,東S,,577,0,0.00%,11,58.8倍,0.68倍,2.43%
20260825,2798,日産証券Ｇ,8705,東S,,218,+2,+0.93%,11,ー倍,0.86倍,ー%
20260825,2799,トランスＧＧ,2342,東S,,252,-1,-0.40%,11,28.0倍,0.86倍,ー%
20260825,2800,焼肉坂井ＨＤ,2694,東S,,72,0,0.00%,11,160倍,2.76倍,ー%
20260825,2801,石光商事,2750,東S,,"1,352",-7,-0.52%,11,6.08倍,0.75倍,4.07%
20260825,2802,パレモ・ＨＤ,2778,東S,,114,0,0.00%,11,13.5倍,0.87倍,ー%
20260825,2803,一正蒲鉾,2904,東S,,751,-2,-0.27%,11,28.7倍,0.92倍,1.86%
20260825,2804,コミニックス,3173,東S,,"1,512",-13,-0.85%,11,9.44倍,1.12倍,3.31%
20260825,2805,アクリート,4395,東G,,703,+13,+1.88%,11,12.6倍,1.50倍,1.42%
20260825,2806,ＶＮＸ,4422,東G,,559,-3,-0.53%,11,37.7倍,5.71倍,ー%
20260825,2807,有機薬,4531,東S,,360,+2,+0.56%,11,13.0倍,0.58倍,2.78%
20260825,2808,ＪＮグループ,6634,東S,,71,-1,-1.39%,11,29.6倍,1.33倍,ー%
20260825,2809,テクノメデカ,6678,東S,,"2,095",-30,-1.41%,11,17.3倍,0.97倍,4.44%
20260825,2810,共和電,6853,東S,,756,-2,-0.26%,11,15.8倍,1.01倍,2.78%
20260825,2811,ＳＭＤ２２５,1397,東Ｅ,,"66,600",+310,+0.47%,11,ー倍,ー倍,ー%
20260825,2812,ＳＸＮＹダウ,1679,東Ｅ,,"68,020",+350,+0.52%,11,ー倍,ー倍,ー%
20260825,2813,ファンタジス,1783,東S,,49,0,0.00%,11,33.8倍,1.24倍,ー%
20260825,2814,佐田建,1826,東S,,"1,078",-7,-0.65%,11,14.3倍,1.20倍,5.57%
20260825,2815,Ａパーチェス,7115,東S,,"1,505",+24,+1.62%,11,13.1倍,2.14倍,2.46%
20260825,2816,ｉＳインド株,201A,東Ｅ,,181.2,-0.4,-0.22%,11,ー倍,ー倍,ー%
20260825,2817,タレントＸ,330A,東G,,505,+5,+1.00%,11,25.7倍,2.98倍,ー%
20260825,2818,ミライロ,335A,東G,,359,+7,+1.99%,11,66.0倍,4.25倍,ー%
20260825,2819,野村ＳＰ配貴,364A,東Ｅ,,"2,599",+11,+0.43%,11,ー倍,ー倍,ー%
20260825,2820,野村台湾テク,412A,東Ｅ,,"4,225",+25,+0.60%,11,ー倍,ー倍,ー%
20260825,2821,ＣＢＣ,9402,名P,,"1,219",-5,-0.41%,11,20.5倍,0.39倍,2.05%
20260825,2822,日邦産業,9913,東S,,"3,260",-20,-0.61%,11,21.0倍,1.73倍,2.42%
20260825,2823,白洋舎,9731,東S,,"3,405",0,0.00%,10,5.21倍,0.91倍,2.94%
20260825,2824,翻訳センター,2483,東S,,"2,234",+18,+0.81%,10,15.0倍,1.14倍,6.27%
20260825,2825,ＵＮＩＴＥＤ,2497,東G,,532,+2,+0.38%,10,794倍,1.21倍,4.14%
20260825,2826,セイヒョー,2872,東S,,"2,000",0,0.00%,10,29.6倍,1.96倍,0.90%
20260825,2827,ｃｏｔｔａ,3359,東G,,527,0,0.00%,10,8.91倍,1.16倍,1.90%
20260825,2828,イチカワ,3513,東S,,"3,340",-15,-0.45%,10,15.6倍,0.56倍,2.99%
20260825,2829,ウイルプラス,3538,東S,,"1,030",-5,-0.48%,10,7.46倍,0.80倍,5.21%
20260825,2830,モルフォ,3653,東G,,767,+9,+1.19%,10,ー倍,1.34倍,ー%
20260825,2831,カヤック,3904,東G,,434,+1,+0.23%,10,11.2倍,1.13倍,1.79%
20260825,2832,ヒロセ通商,7185,東S,,"3,930",+5,+0.13%,10,ー倍,1.10倍,ー%
20260825,2833,ミクニ,7247,東S,,372,-1,-0.27%,10,7.36倍,0.30倍,4.03%
20260825,2834,ＣＡＰＩＴＡ,7462,東S,,376,-9,-2.34%,10,15.5倍,1.70倍,2.66%
20260825,2835,尾家産,7481,東S,,"2,629",+22,+0.84%,10,7.64倍,1.26倍,3.96%
20260825,2836,竹田ｉＰ,7875,東S,,809,+1,+0.12%,10,9.37倍,0.66倍,2.90%
20260825,2837,光・彩,7878,東S,,"1,527",+58,+3.95%,10,8.79倍,1.30倍,1.96%
20260825,2838,レンティア,7081,東S,,"1,307",-10,-0.76%,10,8.63倍,1.11倍,2.83%
20260825,2839,関通ＨＤ,9326,東G,,499,0,0.00%,10,19.0倍,2.39倍,2.00%
20260825,2840,東京通信Ｇ,7359,東G,,247,-2,-0.80%,10,22.6倍,2.77倍,ー%
20260825,2841,ラキール,4074,東G,,770,+18,+2.39%,10,ー倍,1.47倍,ー%
20260825,2842,ランドネット,2991,東S,,553,+9,+1.65%,10,5.00倍,1.05倍,2.01%
20260825,2843,くふうカンパ,4376,東G,,169,0,0.00%,10,ー倍,1.23倍,ー%
20260825,2844,ＣＩＮＣ,4378,東G,,519,-4,-0.76%,10,384倍,1.39倍,ー%
20260825,2845,ヌーラボ,5033,東G,,883,+3,+0.34%,10,11.6倍,2.74倍,ー%
20260825,2846,マミヤＯＰ,7991,東S,,"1,072",+9,+0.85%,10,9.23倍,0.43倍,4.66%
20260825,2847,千趣会,8165,東S,,105,-1,-0.94%,10,ー倍,0.29倍,ー%
20260825,2848,マルイチ,8228,名M,,"1,112",-2,-0.18%,10,12.2倍,0.85倍,2.52%
20260825,2849,ファースト住,8917,東S,,"1,139",-1,-0.09%,10,10.6倍,0.38倍,3.78%
20260825,2850,和田興産,8931,東S,,"1,414",+4,+0.28%,10,7.38倍,0.44倍,4.24%
20260825,2851,テラテクノ,483A,東S,,"2,181",-17,-0.77%,10,8.82倍,1.37倍,4.13%
20260825,2852,ケミプロ,4960,東S,,513,+6,+1.18%,10,51.7倍,1.66倍,0.58%
20260825,2853,ジオスター,5282,東S,,411,+5,+1.23%,10,6.81倍,0.51倍,2.43%
20260825,2854,川岸工,5921,東S,,"4,315",-55,-1.26%,10,10.8倍,0.40倍,3.94%
20260825,2855,タメニー,6181,東G,,84,+2,+2.44%,10,11.7倍,3.25倍,ー%
20260825,2856,バーチャレク,6193,東G,,"1,163",+13,+1.13%,10,12.7倍,1.98倍,1.29%
20260825,2857,テリロジＨＤ,5133,東S,,321,+4,+1.26%,10,12.7倍,1.72倍,1.68%
20260825,2858,グロービー,5575,東G,,"1,286",+9,+0.70%,10,14.8倍,5.73倍,ー%
20260825,2859,ＡＲアドバン,5578,東G,,846,-1,-0.12%,10,11.4倍,3.20倍,1.18%
20260825,2860,ケイファーマ,4896,東G,,771,-14,-1.78%,10,ー倍,11.6倍,ー%
20260825,2861,ＳＭＤ高配当,2011,東Ｅ,,855.2,-1.6,-0.19%,10,ー倍,ー倍,ー%
20260825,2862,アズパートナ,160A,東S,,"2,023",0,0.00%,10,5.56倍,1.41倍,3.95%
20260825,2863,構造計画ＨＤ,208A,東S,,"2,981",-34,-1.13%,10,12.3倍,2.73倍,3.69%
20260825,2864,Ｔスマート,6246,東S,,"1,839",-10,-0.54%,10,15.1倍,1.01倍,5.00%
20260825,2865,瑞光,6279,東P,,921,0,0.00%,10,18.7倍,0.67倍,2.17%
20260825,2866,森尾電,6647,東S,,"3,675",-65,-1.74%,10,16.2倍,0.79倍,1.63%
20260825,2867,不二電機,6654,東S,,"1,077",-6,-0.55%,10,25.0倍,0.53倍,2.97%
20260825,2868,大同信,6743,東S,,"1,072",+5,+0.47%,10,7.85倍,0.54倍,3.36%
20260825,2869,小野測器,6858,東S,,821,+1,+0.12%,10,10.6倍,0.50倍,3.65%
20260825,2870,エデュラボ,4427,東G,,227,+11,+5.09%,10,232倍,1.81倍,ー%
20260825,2871,ｉＦＴＰベ,1457,東Ｅ,,"1,763",-9,-0.51%,10,ー倍,ー倍,ー%
20260825,2872,野村小売,1630,東Ｅ,,"38,050",+10,+0.03%,10,ー倍,ー倍,ー%
20260825,2873,野村不動産,1633,東Ｅ,,"49,760",+280,+0.57%,10,ー倍,ー倍,ー%
20260825,2874,上場外債毎月,1677,東Ｅ,,"60,250",+290,+0.48%,10,ー倍,ー倍,ー%
20260825,2875,南海辰村,1850,東S,,417,-8,-1.88%,10,7.13倍,0.60倍,1.92%
20260825,2876,１ｓｔコーポ,1430,東S,,"1,035",+5,+0.49%,9,6.30倍,1.17倍,4.93%
20260825,2877,オーテック,1736,東S,,"2,428",+8,+0.33%,9,9.90倍,1.41倍,4.04%
20260825,2878,ナカノフドー,1827,東S,,"1,333",0,0.00%,9,15.8倍,0.92倍,1.88%
20260825,2879,暁飯島工業,1997,東S,,"4,220",+20,+0.48%,9,8.98倍,1.04倍,3.20%
20260825,2880,インドブル,2046,東EN,,"24,615",-230,-0.93%,9,ー倍,ー倍,ー%
20260825,2881,ｎｍｓ,2162,東S,,537,+1,+0.19%,9,18.8倍,2.01倍,1.68%
20260825,2882,ＳＳ金Ｈ,448A,東Ｅ,,279.6,+0.4,+0.14%,9,ー倍,ー倍,ー%
20260825,2883,ＧＸステコイ,512A,東Ｅ,,"1,186",+8,+0.68%,9,ー倍,ー倍,ー%
20260825,2884,サンセイラン,3277,東S,,812,+4,+0.50%,9,6.04倍,0.88倍,4.62%
20260825,2885,ＡＧＳ,3648,東S,,"1,066",+5,+0.47%,9,9.73倍,1.11倍,3.38%
20260825,2886,クロスマーケ,3675,東S,,609,-4,-0.65%,9,8.79倍,1.37倍,2.63%
20260825,2887,東京汽,9193,東S,,876,-2,-0.23%,9,235倍,0.31倍,3.42%
20260825,2888,伊勢湾,9359,名M,,959,-7,-0.72%,9,9.77倍,0.47倍,3.13%
20260825,2889,北陸ガス,9537,東S,,"4,320",-145,-3.25%,9,11.0倍,0.37倍,1.85%
20260825,2890,東海リース,9761,東S,,"2,436",+9,+0.37%,9,9.61倍,0.48倍,4.93%
20260825,2891,愛眼,9854,東S,,280,0,0.00%,9,27.9倍,0.44倍,ー%
20260825,2892,大森屋,2917,東S,,926,+1,+0.11%,9,23.5倍,0.39倍,ー%
20260825,2893,ＤＡＩＫＯＸ,8023,東S,,"1,036",+3,+0.29%,9,7.44倍,0.98倍,3.67%
20260825,2894,ＡＭＧＨＤ,8891,東S,,"2,070",-23,-1.10%,9,6.74倍,0.47倍,3.86%
20260825,2895,Ｆインタ,7050,東G,,"1,470",+11,+0.75%,9,10.1倍,1.34倍,4.97%
20260825,2896,ＴＢＫ,7277,東S,,357,-2,-0.56%,9,18.9倍,0.36倍,2.24%
20260825,2897,ヤガミ,7488,名M,,"5,140",0,0.00%,9,18.3倍,2.01倍,5.45%
20260825,2898,ハークスレイ,7561,東S,,694,+5,+0.73%,9,8.02倍,0.49倍,4.32%
20260825,2899,安楽亭,7562,東S,,"3,830",0,0.00%,9,23.2倍,2.11倍,0.39%
20260825,2900,ＮＥＷＡＲＴ,7638,東S,,"1,413",-1,-0.07%,9,9.70倍,2.21倍,5.66%
20260825,2901,ＪＭＳ,7702,東S,,461,+10,+2.22%,9,18.9倍,0.27倍,3.69%
20260825,2902,ペイクラウド,4015,東G,,561,+1,+0.18%,9,24.0倍,1.88倍,ー%
20260825,2903,ジーネクスト,4179,東G,,355,-2,-0.56%,9,ー倍,25.4倍,ー%
20260825,2904,エコシステム,9249,東S,,"1,665",-10,-0.60%,9,25.2倍,2.35倍,1.08%
20260825,2905,アジアＱ,4261,東G,,"2,925",-33,-1.12%,9,43.7倍,2.22倍,ー%
20260825,2906,坪田ラボ,4890,東G,,279,+6,+2.20%,9,106倍,9.94倍,ー%
20260825,2907,ウネリー,5034,東G,,"2,138",-1,-0.05%,9,21.0倍,3.39倍,ー%
20260825,2908,スパバッグ,3945,東S,,"2,162",+4,+0.19%,9,4.53倍,0.58倍,5.09%
20260825,2909,エルテス,3967,東G,,610,+6,+0.99%,9,37.7倍,2.13倍,ー%
20260825,2910,Ｊストリーム,4308,東G,,362,+6,+1.69%,9,16.8倍,0.86倍,3.87%
20260825,2911,Ｍマート,4380,東G,,700,-20,-2.78%,9,15.0倍,3.21倍,3.71%
20260825,2912,ヴィッツ,4440,東S,,"1,190",+10,+0.85%,9,10.6倍,1.49倍,1.51%
20260825,2913,アサヒペン,4623,東S,,"1,890",+14,+0.75%,9,9.80倍,0.43倍,3.17%
20260825,2914,ＸＮＥＴ,4762,東S,,"2,105",-19,-0.89%,9,19.6倍,2.69倍,3.33%
20260825,2915,ＷＴＯＫＹＯ,9159,東G,,"2,025",+53,+2.69%,9,19.7倍,2.89倍,ー%
20260825,2916,クラダシ,5884,東G,,627,+9,+1.46%,9,25.1倍,4.50倍,ー%
20260825,2917,オンザページ,9160,東S,,330,0,0.00%,9,7.69倍,0.91倍,ー%
20260825,2918,農中ＳＰ５Ｈ,2086,東Ｅ,,"3,056",-4,-0.13%,9,ー倍,ー倍,ー%
20260825,2919,ＧＸ住宅日Ｒ,2097,東Ｅ,,950,+3,+0.32%,9,ー倍,ー倍,ー%
20260825,2920,ＳＯＬＩＺＥ,5871,東S,,"1,370",0,0.00%,9,24.5倍,0.66倍,4.01%
20260825,2921,プログレス,339A,東G,,929,-13,-1.38%,9,7.04倍,1.23倍,3.23%
20260825,2922,ＧＸ中国テク,380A,東Ｅ,,974,+4,+0.41%,9,ー倍,ー倍,ー%
20260825,2923,エータイ,369A,東G,,"2,473",-12,-0.48%,9,18.5倍,3.22倍,2.18%
20260825,2924,報国マテリア,5542,東S,,957,0,0.00%,9,9.95倍,1.07倍,3.13%
20260825,2925,三ッ星,5820,東S,,803,-2,-0.25%,9,11.6倍,0.44倍,2.12%
20260825,2926,フジマック,5965,東S,,"1,200",-9,-0.74%,9,3.74倍,0.54倍,5.00%
20260825,2927,ＷＡＳＨハウ,6537,東G,,296,+1,+0.34%,9,23.8倍,1.26倍,ー%
20260825,2928,大井電気,6822,東S,,"5,000",-40,-0.79%,9,2.29倍,0.66倍,1.60%
20260825,2929,フェンオール,6870,東S,,"2,177",-4,-0.18%,9,13.9倍,0.78倍,3.58%
20260825,2930,ゲームカード,6249,東S,,"2,766",-57,-2.02%,8,16.2倍,0.64倍,3.62%
20260825,2931,ニチダイ,6467,東S,,346,+1,+0.29%,8,312倍,0.30倍,1.73%
20260825,2932,ディスラプタ,6538,東S,,240,-2,-0.83%,8,8.14倍,1.79倍,2.08%
20260825,2933,旅工房,6548,東G,,116,-1,-0.85%,8,ー倍,3.09倍,ー%
20260825,2934,ベストワン,6577,東G,,"1,990",+34,+1.74%,8,12.3倍,2.83倍,1.31%
20260825,2935,太洋テクノ,6663,東S,,318,+12,+3.92%,8,25.7倍,0.69倍,0.94%
20260825,2936,協立電機,6874,東S,,"2,342",-7,-0.30%,8,8.59倍,0.85倍,3.93%
20260825,2937,ツインバード,6897,東S,,679,+2,+0.30%,8,161倍,1.10倍,1.91%
20260825,2938,日本モゲジＳ,7192,東S,,626,-4,-0.63%,8,10.1倍,0.98倍,4.79%
20260825,2939,レシップＨＤ,7213,東S,,677,+4,+0.59%,8,7.96倍,0.93倍,3.84%
20260825,2940,アイナボＨＤ,7539,東S,,799,+3,+0.38%,8,11.6倍,0.68倍,3.25%
20260825,2941,平山,7781,東S,,872,-11,-1.25%,8,8.33倍,2.27倍,4.82%
20260825,2942,クロスフォー,7810,東S,,146,0,0.00%,8,71.2倍,1.35倍,0.43%
20260825,2943,福島印刷,7870,名M,,368,-4,-1.08%,8,37.3倍,0.37倍,2.72%
20260825,2944,クロスプラス,3320,東S,,"1,319",-14,-1.05%,8,6.79倍,0.51倍,4.55%
20260825,2945,アズ企画設計,3490,東S,,"3,190",0,0.00%,8,9.14倍,1.15倍,0.94%
20260825,2946,テックファム,3625,東G,,665,+7,+1.06%,8,9.46倍,1.50倍,1.20%
20260825,2947,アエリア,3758,東S,,242,+1,+0.41%,8,9.81倍,0.57倍,ー%
20260825,2948,ＧｒｅｅｎＢ,3913,東S,,"1,164",-35,-2.92%,8,13.0倍,1.96倍,ー%
20260825,2949,ＭＸ海外株式,1550,東Ｅ,,"8,189",+29,+0.36%,8,ー倍,ー倍,ー%
20260825,2950,上場ＭＳコク,1680,東Ｅ,,"8,427",+27,+0.32%,8,ー倍,ー倍,ー%
20260825,2951,ＷＴコーン,1696,東Ｅ,,"3,210",+16,+0.50%,8,ー倍,ー倍,ー%
20260825,2952,大本組,1793,東S,,"2,138",+40,+1.91%,8,20.2倍,0.80倍,3.46%
20260825,2953,インタスペス,2122,東S,,"1,458",0,0.00%,8,21.8倍,1.57倍,2.06%
20260825,2954,アイケイケイ,2198,東P,,791,-4,-0.50%,8,32.1倍,1.92倍,3.03%
20260825,2955,ライオン事務,423A,東S,,322,-1,-0.31%,8,11.0倍,0.81倍,4.66%
20260825,2956,丸八証券,8700,東S,,"1,980",+21,+1.07%,8,ー倍,0.88倍,ー%
20260825,2957,エリアクエス,8912,東S,,157,+3,+1.95%,8,17.4倍,1.82倍,2.55%
20260825,2958,広電鉄,9033,東S,,628,+1,+0.16%,8,19.1倍,0.42倍,1.27%
20260825,2959,ケイヒン,9312,東S,,"2,895",+36,+1.26%,8,5.56倍,0.54倍,4.84%
20260825,2960,名港海,9357,名M,,"2,460",+1,+0.04%,8,12.2倍,0.51倍,4.07%
20260825,2961,インフォネ,4444,東G,,943,-7,-0.74%,8,32.0倍,2.34倍,ー%
20260825,2962,Ｂ＆Ｐ,7804,東S,,"2,338",+12,+0.52%,8,10.8倍,1.41倍,3.72%
20260825,2963,コイケヤ,2226,東S,,"4,865",0,0.00%,8,20.0倍,2.43倍,1.13%
20260825,2964,メディネット,2370,東G,,25,0,0.00%,8,ー倍,2.09倍,ー%
20260825,2965,ゲンダイ,2411,東S,,473,+5,+1.07%,8,10.0倍,1.35倍,5.29%
20260825,2966,ティア,2485,東S,,453,+2,+0.44%,8,20.4倍,1.17倍,5.08%
20260825,2967,オートＷ,2666,東S,,181,0,0.00%,8,10.9倍,0.58倍,2.21%
20260825,2968,Ｙｓテーブル,2798,東S,,"3,055",+5,+0.16%,8,16.0倍,7.91倍,ー%
20260825,2969,和弘食品,2813,東S,,"3,940",-10,-0.25%,8,8.71倍,0.95倍,2.79%
20260825,2970,大冷,2883,東S,,"2,033",+13,+0.64%,8,22.7倍,1.40倍,2.95%
20260825,2971,ＷＤＩ,3068,東S,,"3,025",+5,+0.17%,8,54.3倍,2.86倍,0.56%
20260825,2972,トライアイズ,4840,東S,,554,0,0.00%,8,31.3倍,1.01倍,0.90%
20260825,2973,ＢＰカストロ,5015,東S,,"1,003",-1,-0.10%,8,20.2倍,2.25倍,4.99%
20260825,2974,日伸銅,5753,東S,,"2,607",-30,-1.14%,8,5.31倍,0.43倍,0.58%
20260825,2975,中西製,5941,東S,,"2,776",-7,-0.25%,8,8.63倍,0.82倍,3.60%
20260825,2976,カネソウ,5979,名M,,"5,420",+180,+3.44%,8,11.2倍,0.50倍,3.69%
20260825,2977,マルゼン,5982,東S,,"4,165",-25,-0.60%,8,12.5倍,1.26倍,3.00%
20260825,2978,アサンテ,6073,東P,,"1,515",-7,-0.46%,8,423倍,1.58倍,4.09%
20260825,2979,ＨＭＴ,6090,東S,,645,+21,+3.37%,8,20.6倍,1.91倍,2.79%
20260825,2980,ロンシール,4224,東S,,"2,146",-8,-0.37%,8,9.42倍,0.50倍,3.96%
20260825,2981,ソルクシーズ,4284,東S,,439,+2,+0.46%,8,8.81倍,1.30倍,3.19%
20260825,2982,東海ソフト,4430,東S,,"1,680",+6,+0.36%,8,8.95倍,1.18倍,3.99%
20260825,2983,イマジニア,4644,東S,,"1,057",+2,+0.19%,8,20.4倍,0.83倍,5.68%
20260825,2984,アイスコ,7698,東S,,"2,650",+12,+0.45%,8,21.4倍,2.48倍,0.79%
20260825,2985,デジタリフト,9244,東G,,"1,313",+19,+1.47%,8,17.1倍,2.41倍,ー%
20260825,2986,トリプルアイ,5026,東G,,604,-8,-1.31%,8,ー倍,3.59倍,ー%
20260825,2987,アトラスＴ,9563,東G,,359,-9,-2.45%,8,36.2倍,1.45倍,1.95%
20260825,2988,ＳＨＩＮＫＯ,7120,東S,,998,-5,-0.50%,8,6.89倍,2.41倍,4.41%
20260825,2989,クオルテック,9165,東G,,"1,676",+6,+0.36%,8,9.97倍,1.10倍,2.80%
20260825,2990,野村Ａ高配,2084,東Ｅ,,"3,864",-4,-0.10%,8,ー倍,ー倍,ー%
20260825,2991,ナルネット,5870,東G,,936,-8,-0.85%,8,9.75倍,1.30倍,3.21%
20260825,2992,ウェリタス,130A,東G,,449,+21,+4.91%,8,ー倍,2.08倍,ー%
20260825,2993,ポスプラ,198A,東G,,158,+2,+1.28%,8,ー倍,2.53倍,ー%
20260825,2994,グリクロＨＤ,272A,福証,,"1,375",-13,-0.94%,8,8.31倍,0.94倍,2.91%
20260825,2995,ＩＡＣＥトラ,343A,東S,,"1,312",-3,-0.23%,8,10.4倍,1.46倍,2.90%
20260825,2996,ロイブ,352A,東G,,536,-8,-1.47%,8,173倍,3.06倍,ー%
20260825,2997,ＦＩＸＥＲ,5129,東G,,261,+8,+3.16%,7,ー倍,1.76倍,ー%
20260825,2998,ＧＸＵＳ配当,2236,東Ｅ,,"1,531",+6,+0.39%,7,ー倍,ー倍,ー%
20260825,2999,ＯＢシステム,5576,東S,,"2,979",+37,+1.26%,7,9.64倍,1.23倍,4.20%
20260825,3000,南日銀,8554,福証,,"1,461",-25,-1.68%,7,8.16倍,0.31倍,3.42%
20260825,3001,ファーストＡ,5588,東G,,825,+2,+0.24%,7,44.2倍,5.69倍,0.47%
20260825,3002,ＧＸホリ日Ｒ,2098,東Ｅ,,979,0,0.00%,7,ー倍,ー倍,ー%
20260825,3003,ｉＳＨＹ社債,2258,東Ｅ,,227.0,+0.7,+0.31%,7,ー倍,ー倍,ー%
20260825,3004,ＧＸ革新優良,178A,東Ｅ,,"1,677",+10,+0.60%,7,ー倍,ー倍,ー%
20260825,3005,ｉＦ高リート,210A,東Ｅ,,"1,604",+2,+0.12%,7,ー倍,ー倍,ー%
20260825,3006,Ｈｍｃｏｍｍ,265A,東G,,698,-2,-0.29%,7,90.8倍,1.69倍,ー%
20260825,3007,ユカリア,286A,東G,,818,+1,+0.12%,7,17.6倍,1.39倍,ー%
20260825,3008,ＧＭＯコマス,410A,東G,,"1,133",-2,-0.18%,7,14.4倍,2.34倍,4.46%
20260825,3009,神電鉄,9046,東S,,"2,495",+33,+1.34%,7,16.6倍,0.77倍,1.00%
20260825,3010,日ロジテム,9060,東S,,"4,130",-40,-0.96%,7,7.99倍,0.33倍,1.94%
20260825,3011,シルバライフ,9262,東S,,690,-2,-0.29%,7,9.31倍,1.02倍,2.61%
20260825,3012,フォーバルＲ,9423,東S,,105,0,0.00%,7,20.4倍,3.68倍,2.86%
20260825,3013,御園座,9664,名M,,"1,500",-1,-0.07%,7,115倍,1.61倍,ー%
20260825,3014,進学会ＨＤ,9760,東S,,119,0,0.00%,7,66.1倍,0.32倍,ー%
20260825,3015,大丸エナ,9818,東S,,"1,553",+40,+2.64%,7,13.3倍,0.74倍,1.87%
20260825,3016,セントラル総,3238,東S,,384,-4,-1.03%,7,9.23倍,0.35倍,3.39%
20260825,3017,フィルＣ,3267,東S,,648,-6,-0.92%,7,12.9倍,1.07倍,3.86%
20260825,3018,ケーエフシー,3420,東S,,"1,604",-6,-0.37%,7,10.9倍,0.53倍,4.36%
20260825,3019,Ｆブラザーズ,3454,東S,,"1,288",-1,-0.08%,7,6.89倍,0.64倍,2.87%
20260825,3020,ユニネク,3566,東G,,760,+5,+0.66%,7,12.8倍,1.89倍,0.79%
20260825,3021,ソフトＭＡＸ,3671,東S,,314,+9,+2.95%,7,13.0倍,1.92倍,3.18%
20260825,3022,ホットリンク,3680,東G,,211,-2,-0.94%,7,36.3倍,0.83倍,2.94%
20260825,3023,イメージ情報,3803,東G,,564,+9,+1.62%,7,ー倍,3.12倍,ー%
20260825,3024,サンセイ,6307,東S,,481,+6,+1.26%,7,9.35倍,0.73倍,3.12%
20260825,3025,プラコー,6347,東S,,262,+6,+2.34%,7,25.2倍,1.57倍,2.29%
20260825,3026,宇野鉄,6396,東S,,"4,730",+340,+7.74%,7,10.9倍,1.31倍,1.06%
20260825,3027,ツナグＧＨＤ,6551,東S,,615,-8,-1.28%,7,7.44倍,2.14倍,3.25%
20260825,3028,エスユーエス,6554,東G,,"1,084",-1,-0.09%,7,9.82倍,2.05倍,4.61%
20260825,3029,神戸天然物化,6568,東G,,"1,267",+15,+1.20%,7,15.1倍,0.69倍,2.60%
20260825,3030,ＴＢグループ,6775,東S,,116,+1,+0.87%,7,173倍,3.63倍,ー%
20260825,3031,アルチザ,6778,東S,,642,+11,+1.74%,7,35.3倍,0.81倍,3.89%
20260825,3032,名古屋電機,6797,東S,,"1,184",0,0.00%,7,25.0倍,0.59倍,4.22%
20260825,3033,京写,6837,東S,,370,-1,-0.27%,7,12.3倍,0.52倍,2.43%
20260825,3034,プロレド,7034,東P,,366,-4,-1.08%,7,ー倍,0.58倍,ー%
20260825,3035,フレアス,7062,東G,,705,-10,-1.40%,7,5.57倍,0.85倍,1.50%
20260825,3036,村上開明,7292,東S,,"6,740",+50,+0.75%,7,13.3倍,0.82倍,3.56%
20260825,3037,南陽,7417,東S,,"1,906",-33,-1.70%,7,10.2倍,0.83倍,3.41%
20260825,3038,中山福,7442,東S,,486,0,0.00%,7,15.3倍,0.40倍,2.47%
20260825,3039,黒田精,7726,東S,,"1,313",-1,-0.08%,7,22.3倍,0.61倍,1.52%
20260825,3040,メディキット,7749,東S,,"2,895",+5,+0.17%,7,14.7倍,0.90倍,3.45%
20260825,3041,日本創発Ｇ,7814,東S,,622,-3,-0.48%,7,14.6倍,1.47倍,2.41%
20260825,3042,タカノ,7885,東S,,"1,135",-8,-0.70%,7,23.7倍,0.53倍,1.76%
20260825,3043,クワザワＨＤ,8104,東S,,702,+5,+0.72%,7,9.03倍,0.61倍,4.27%
20260825,3044,ソマール,8152,東S,,"7,390",-30,-0.40%,7,5.71倍,0.61倍,1.35%
20260825,3045,東天紅,8181,東S,,992,+2,+0.20%,7,5.60倍,0.34倍,1.51%
20260825,3046,サンヨーＨ,1420,東S,,636,0,0.00%,7,5.63倍,0.49倍,3.93%
20260825,3047,Ｏｎｅトピ,1473,東Ｅ,,"4,169",+16,+0.39%,7,ー倍,ー倍,ー%
20260825,3048,鳥越粉,2009,東S,,"1,091",+1,+0.09%,7,22.7倍,0.68倍,4.49%
20260825,3049,ＮＥ,441A,東G,,275,+4,+1.48%,7,9.00倍,1.98倍,ー%
20260825,3050,名南Ｍ＆Ａ,7076,名M,,"1,047",+7,+0.67%,7,24.2倍,2.00倍,0.83%
20260825,3051,ビザスク,4490,東G,,654,-6,-0.91%,7,8.10倍,3.07倍,ー%
20260825,3052,ミクリード,7687,東G,,453,+11,+2.49%,7,10.1倍,1.81倍,2.01%
20260825,3053,リビングＰＦ,7091,東G,,"1,289",+11,+0.86%,7,13.5倍,2.22倍,0.39%
20260825,3054,カラダノート,4014,東G,,503,-8,-1.57%,7,13.8倍,5.36倍,ー%
20260825,3055,さくらさく,7097,東G,,"2,759",+2,+0.07%,7,14.7倍,1.84倍,1.01%
20260825,3056,ミット,4016,東S,,967,-21,-2.13%,7,11.3倍,2.69倍,3.10%
20260825,3057,ＧＸデジ日株,2626,東Ｅ,,"3,317",+28,+0.85%,7,ー倍,ー倍,ー%
20260825,3058,ＨＣＨ,7361,東G,,"1,199",+10,+0.84%,7,8.56倍,2.42倍,3.75%
20260825,3059,シキノＨＴ,6614,東S,,854,-6,-0.70%,7,45.8倍,1.67倍,1.76%
20260825,3060,Ｚｅｎｋｅｎ,7371,東G,,769,+9,+1.18%,7,16.7倍,0.73倍,3.51%
20260825,3061,ＧＸバイ日株,2639,東Ｅ,,"1,779",-80,-4.30%,7,ー倍,ー倍,ー%
20260825,3062,ロボペイ,4374,東G,,"2,460",-45,-1.80%,7,15.7倍,6.06倍,1.26%
20260825,3063,大石産業,3943,東S,,"1,326",-6,-0.45%,7,25.0倍,0.53倍,3.92%
20260825,3064,ＭＨＴ,9218,東G,,772,+5,+0.65%,7,28.4倍,5.74倍,1.30%
20260825,3065,クラシコム,7110,東G,,"2,035",+9,+0.44%,7,15.6倍,2.55倍,2.70%
20260825,3066,グラッドＣ,9561,東G,,410,+3,+0.74%,7,69.1倍,4.58倍,ー%
20260825,3067,ＩＮＥＳＴ,7111,東S,,512,+2,+0.39%,7,12.4倍,0.73倍,ー%
20260825,3068,アイビー,4918,東S,,297,0,0.00%,7,8.48倍,1.14倍,5.05%
20260825,3069,ノザワ,5237,東S,,"1,215",+5,+0.41%,7,9.28倍,0.66倍,3.54%
20260825,3070,クニミネ,5388,東S,,"1,324",-16,-1.19%,7,11.9倍,0.72倍,3.02%
20260825,3071,日亜鋼,5658,東S,,404,-2,-0.49%,7,15.1倍,0.34倍,2.48%
20260825,3072,イボキン,5699,東S,,"1,572",-16,-1.01%,7,9.86倍,0.96倍,2.04%
20260825,3073,不二サッシ,5940,東S,,760,-2,-0.26%,7,5.96倍,0.38倍,3.95%
20260825,3074,天竜製鋸,5945,東S,,"2,360",-31,-1.30%,7,31.5倍,0.53倍,3.52%
20260825,3075,アマテイ,5952,東S,,192,+3,+1.59%,7,16.9倍,1.46倍,2.60%
20260825,3076,日本スキー,6040,東G,,468,0,0.00%,7,8.72倍,2.10倍,1.07%
20260825,3077,野村外国株式,2513,東Ｅ,,"3,642",+16,+0.44%,7,ー倍,ー倍,ー%
20260825,3078,あじかん,2907,東S,,"1,533",-7,-0.45%,7,9.98倍,0.63倍,3.78%
20260825,3079,ライフフーズ,3065,東S,,"1,623",+4,+0.25%,7,68.9倍,2.89倍,0.31%
20260825,3080,ＵＮＩＶＡ,3113,東S,,81,-1,-1.22%,7,42.6倍,3.45倍,ー%
20260825,3081,ＢＲＵＮＯ,3140,東G,,"1,022",-3,-0.29%,7,20.7倍,2.44倍,1.13%
20260825,3082,ありがとうＳ,3177,東S,,"4,360",-20,-0.46%,7,8.18倍,1.14倍,3.10%
20260825,3083,夢展望,3185,東G,,145,+2,+1.40%,7,ー倍,-57倍,ー%
20260825,3084,サインポスト,3996,東S,,197,+3,+1.55%,7,28.4倍,1.33倍,2.54%
20260825,3085,チムスピ,4397,東G,,414,-3,-0.72%,7,19.7倍,4.80倍,ー%
20260825,3086,東邦化,4409,東S,,791,+1,+0.13%,7,8.99倍,0.67倍,3.16%
20260825,3087,デルタフライ,4598,東G,,106,0,0.00%,7,ー倍,-7.7倍,ー%
20260825,3088,川崎地質,4673,東S,,"4,810",-15,-0.31%,7,5.69倍,0.71倍,2.49%
20260825,3089,アセチレン,4093,東S,,425,0,0.00%,6,12.3倍,0.77倍,3.29%
20260825,3090,アテクト,4241,東S,,652,-4,-0.61%,6,24.0倍,1.56倍,1.53%
20260825,3091,竹本容器,4248,東S,,885,-2,-0.23%,6,11.9倍,0.86倍,4.29%
20260825,3092,中京医薬,4558,東S,,202,0,0.00%,6,25.4倍,0.82倍,2.48%
20260825,3093,ネクスウェア,4814,東S,,166,+2,+1.22%,6,70.3倍,3.10倍,ー%
20260825,3094,リブワーク,1431,東G,,652,+2,+0.31%,6,54.2倍,3.24倍,0.98%
20260825,3095,ＴＰＸベア,1569,東Ｅ,,737.0,-3.0,-0.41%,6,ー倍,ー倍,ー%
20260825,3096,川崎設備,1777,名M,,"2,325",+3,+0.13%,6,8.07倍,1.69倍,4.09%
20260825,3097,米国配当貴族,2044,東EN,,"36,040",+40,+0.11%,6,ー倍,ー倍,ー%
20260825,3098,幼児活動研,2152,東S,,"1,587",+17,+1.08%,6,17.2倍,1.56倍,1.64%
20260825,3099,ＣＤＳ,2169,東S,,"1,720",-10,-0.58%,6,17.7倍,1.32倍,4.30%
20260825,3100,トーア紡,3204,東S,,498,-2,-0.40%,6,8.36倍,0.30倍,3.01%
20260825,3101,Ｔｒａｉｌ,3358,東S,,98,+1,+1.03%,6,69.0倍,1.69倍,2.04%
20260825,3102,バイク王,3377,東S,,398,+4,+1.02%,6,10.0倍,0.78倍,2.76%
20260825,3103,Ｕ＆Ｃ,3557,東G,,558,-4,-0.71%,6,"1,395倍",5.63倍,ー%
20260825,3104,ユニリタ,3800,東S,,"1,978",+11,+0.56%,6,12.5倍,1.14倍,3.79%
20260825,3105,メディア工房,3815,東G,,459,-1,-0.22%,6,ー倍,8.60倍,ー%
20260825,3106,ＰＣＩＨＤ,3918,東S,,"1,182",-1,-0.08%,6,9.31倍,1.24倍,4.91%
20260825,3107,ハルメク,7119,東G,,"1,730",-2,-0.12%,6,16.0倍,2.08倍,2.31%
20260825,3108,ノバシステム,5257,東S,,"2,745",-12,-0.44%,6,8.63倍,1.57倍,3.83%
20260825,3109,フュージック,5256,東G,,"2,584",+54,+2.13%,6,18.4倍,2.71倍,ー%
20260825,3110,ジェノバ,5570,東G,,620,-10,-1.59%,6,15.1倍,2.24倍,1.13%
20260825,3111,ＭＸ高配日ア,2085,東Ｅ,,791.9,-2.1,-0.26%,6,ー倍,ー倍,ー%
20260825,3112,ＧＸオフ日Ｒ,2096,東Ｅ,,"1,027",-4,-0.39%,6,ー倍,ー倍,ー%
20260825,3113,ジンジブ,142A,東G,,857,+3,+0.35%,6,7.05倍,4.27倍,ー%
20260825,3114,ＧＸ印１０＋,188A,東Ｅ,,874,+2,+0.23%,6,ー倍,ー倍,ー%
20260825,3115,リスキル,291A,東G,,"2,044",+54,+2.71%,6,10.5倍,1.77倍,ー%
20260825,3116,サンリツ,9366,東S,,"1,130",+18,+1.62%,6,9.15倍,0.52倍,3.36%
20260825,3117,クレオ,9698,東S,,"1,328",+8,+0.61%,6,12.4倍,1.39倍,4.22%
20260825,3118,ＮＣＳ＆Ａ,9709,東S,,"1,392",-7,-0.50%,6,11.3倍,1.51倍,4.17%
20260825,3119,やまや,9994,東S,,"2,087",+12,+0.58%,6,10.8倍,0.61倍,3.45%
20260825,3120,野崎紙,7919,東S,,226,+2,+0.89%,6,5.99倍,0.77倍,3.41%
20260825,3121,リーガル,7938,東S,,"2,174",-16,-0.73%,6,ー倍,0.47倍,3.76%
20260825,3122,ナラサキ,8085,東S,,"4,095",-25,-0.61%,6,8.24倍,0.70倍,3.42%
20260825,3123,デンキョーＧ,8144,東S,,"1,237",-4,-0.32%,6,12.6倍,0.29倍,3.23%
20260825,3124,光世,8617,東S,,601,-1,-0.17%,6,ー倍,0.34倍,ー%
20260825,3125,ｕｎｂａｎｋ,8746,東S,,100,+1,+1.01%,6,ー倍,0.43倍,ー%
20260825,3126,ゼネラルパ,6267,東S,,"4,010",+10,+0.25%,6,8.76倍,0.88倍,2.99%
20260825,3127,東京機,6335,東S,,591,+3,+0.51%,6,8.36倍,0.52倍,ー%
20260825,3128,オーケストラ,6533,東P,,"1,226",+1,+0.08%,6,11.9倍,1.71倍,2.45%
20260825,3129,日宣,6543,東S,,"1,264",-10,-0.78%,6,14.9倍,1.23倍,2.61%
20260825,3130,ＲＶＨ,6786,東S,,49,0,0.00%,6,ー倍,1.65倍,ー%
20260825,3131,ぷらっと,6836,東S,,840,+18,+2.19%,6,79.7倍,8.48倍,ー%
20260825,3132,テノ．ＨＤ,7037,東S,,824,-2,-0.24%,6,13.0倍,1.97倍,1.21%
20260825,3133,ファルテック,7215,東S,,446,+2,+0.45%,6,20.9倍,0.22倍,ー%
20260825,3134,デイトナ,7228,東S,,"3,995",-10,-0.25%,6,8.03倍,0.99倍,3.75%
20260825,3135,コナカ,7494,東S,,243,+1,+0.41%,6,5.18倍,0.48倍,4.12%
20260825,3136,扶桑電通,7505,東S,,"2,126",-1,-0.05%,6,9.58倍,1.36倍,4.19%
20260825,3137,ヒマラヤ,7514,東S,,881,0,0.00%,6,33.7倍,0.68倍,2.95%
20260825,3138,ムサシ,7521,東S,,"2,786",+14,+0.51%,6,48.6倍,0.51倍,1.29%
20260825,3139,栄電子,7567,東S,,607,-8,-1.30%,6,15.2倍,0.59倍,2.14%
20260825,3140,梅の花Ｇ,7604,東S,,896,+1,+0.11%,6,28.5倍,3.79倍,1.12%
20260825,3141,田中商事,7619,東S,,970,+17,+1.78%,6,6.88倍,0.50倍,3.20%
20260825,3142,ドーン,2303,東S,,"1,323",-15,-1.12%,6,16.2倍,2.63倍,1.21%
20260825,3143,フォーサイド,2330,東S,,77,0,0.00%,6,41.9倍,1.12倍,ー%
20260825,3144,ＭＸＪリコア,2517,東Ｅ,,"1,101.0",+4.0,+0.36%,6,ー倍,ー倍,ー%
20260825,3145,夢みつけ隊,2673,東S,,118,+2,+1.72%,6,ー倍,0.41倍,ー%
20260825,3146,オルバヘルス,2689,東S,,"1,875",0,0.00%,6,ー倍,0.85倍,ー%
20260825,3147,ＪＨＤ,2721,東S,,110,+2,+1.85%,6,ー倍,4.69倍,ー%
20260825,3148,フェスタリア,2736,東S,,666,-2,-0.30%,6,14.9倍,1.42倍,1.05%
20260825,3149,神栄,3004,東S,,"2,118",+12,+0.57%,6,6.65倍,0.74倍,5.19%
20260825,3150,Ｔアルファ,3089,東S,,"1,099",+12,+1.10%,6,ー倍,0.84倍,3.18%
20260825,3151,アミファ,7800,東S,,"1,003",-4,-0.40%,6,4.75倍,1.13倍,2.99%
20260825,3152,ＳＭＤトピク,2557,東Ｅ,,"4,141",+15,+0.36%,6,ー倍,ー倍,ー%
20260825,3153,スポーツＦ,7080,東G,,868,+20,+2.36%,6,7.54倍,2.26倍,2.65%
20260825,3154,ＳＴＩＦＨＤ,2932,東S,,"1,112",+10,+0.91%,6,11.6倍,1.89倍,3.60%
20260825,3155,ココペリ,4167,東G,,325,+6,+1.88%,6,49.5倍,1.69倍,ー%
20260825,3156,ＧＸ中小日株,2837,東Ｅ,,"4,820",+21,+0.44%,6,ー倍,ー倍,ー%
20260825,3157,ヒュウガプラ,7133,東G,,"1,309",+4,+0.31%,6,14.8倍,3.38倍,1.53%
20260825,3158,ＴＨＥＣＯＯ,4255,東G,,"3,430",-35,-1.01%,6,11.9倍,8.69倍,ー%
20260825,3159,ＧＥＩ,9212,東G,,266,-1,-0.37%,6,20.7倍,1.76倍,ー%
20260825,3160,ＧＸインフ日,2847,東Ｅ,,"3,044",-4,-0.13%,6,ー倍,ー倍,ー%
20260825,3161,ギックス,9219,東G,,886,-1,-0.11%,6,99.2倍,3.05倍,6.04%
20260825,3162,野村欧州株Ｈ,2859,東Ｅ,,"3,250",+3,+0.09%,6,ー倍,ー倍,ー%
20260825,3163,ＴＯブックス,500A,東S,,"3,280",-5,-0.15%,6,8.89倍,1.59倍,2.32%
20260825,3164,野村高配ＣＦ,518A,東Ｅ,,"2,059",-5,-0.24%,6,ー倍,ー倍,ー%
20260825,3165,シスエグゼ,548A,東S,,955,+6,+0.63%,6,8.63倍,0.85倍,4.66%
20260825,3166,ファインシン,5994,東S,,"1,005",-5,-0.50%,6,8.60倍,0.31倍,2.49%
20260825,3167,リンクバル,6046,東S,,145,+1,+0.69%,6,"2,900倍",3.43倍,ー%
20260825,3168,ミトラＧ,6093,東S,,165,+1,+0.61%,6,16.9倍,2.19倍,3.64%
20260825,3169,土木管理,6171,東S,,373,-1,-0.27%,6,11.7倍,1.01倍,3.22%
20260825,3170,ＳＭＮ,6185,東S,,373,+1,+0.27%,6,11.0倍,1.27倍,ー%
20260825,3171,桜ゴム,5189,東S,,"3,595",-5,-0.14%,5,8.69倍,0.69倍,3.34%
20260825,3172,イトヨーギョ,5287,東S,,844,-1,-0.12%,5,12.5倍,0.63倍,2.37%
20260825,3173,カナレ電気,5819,東S,,"1,763",+15,+0.86%,5,10.3倍,0.62倍,3.74%
20260825,3174,和井田,6158,東S,,"1,020",+6,+0.59%,5,19.0倍,0.63倍,3.73%
20260825,3175,メタリアル,6182,東G,,483,+3,+0.63%,5,32.9倍,2.67倍,ー%
20260825,3176,東自機,6360,東S,,"4,680",-15,-0.32%,5,14.3倍,0.63倍,2.14%
20260825,3177,兼松エンジ,6402,東S,,"1,648",+58,+3.65%,5,12.3倍,1.04倍,2.73%
20260825,3178,クラッチ,6408,東S,,"4,225",+5,+0.12%,5,20.4倍,0.31倍,ー%
20260825,3179,ＩＩＦ,6545,東G,,828,+2,+0.24%,5,10.3倍,2.48倍,3.02%
20260825,3180,ＡＢホテル,6565,名M,,"1,300",+5,+0.39%,5,5.85倍,1.17倍,2.23%
20260825,3181,トラースＯＰ,6696,東G,,304,-10,-3.18%,5,ー倍,4.78倍,ー%
20260825,3182,ピクセラ,6731,東S,,108,0,0.00%,5,ー倍,4.07倍,ー%
20260825,3183,天昇電,6776,東S,,280,-1,-0.36%,5,7.94倍,0.42倍,1.79%
20260825,3184,Ｇオイスター,3224,東G,,690,+2,+0.29%,5,108倍,2.52倍,1.45%
20260825,3185,大木ヘルス,3417,東S,,"1,052",-3,-0.28%,5,ー倍,0.43倍,2.85%
20260825,3186,アルファＣｏ,3434,東S,,"1,250",-6,-0.48%,5,12.0倍,0.31倍,4.08%
20260825,3187,昭栄薬品,3537,東S,,"1,726",-9,-0.52%,5,13.6倍,0.61倍,2.38%
20260825,3188,テクミラ,3627,東S,,269,-4,-1.47%,5,21.6倍,0.54倍,1.86%
20260825,3189,ＤＬＥ,3686,東S,,60,0,0.00%,5,17.4倍,2.05倍,ー%
20260825,3190,ＣＲＩ,3698,東S,,"1,165",-11,-0.94%,5,13.2倍,1.46倍,2.32%
20260825,3191,キーウェア,3799,東S,,"1,127",+11,+0.99%,5,11.7倍,1.20倍,3.55%
20260825,3192,パス,3840,東S,,59,+1,+1.72%,5,ー倍,2.71倍,ー%
20260825,3193,モバファク,3912,東S,,"1,131",-5,-0.44%,5,8.97倍,2.94倍,4.51%
20260825,3194,ベネフィＪ,3934,東S,,"2,310",0,0.00%,5,12.0倍,1.59倍,4.20%
20260825,3195,エイトレッド,3969,東S,,"1,411",-5,-0.35%,5,13.5倍,1.90倍,2.55%
20260825,3196,フジプレアム,4237,東S,,332,-3,-0.90%,5,33.2倍,1.25倍,1.81%
20260825,3197,川口化,4361,東S,,"1,546",0,0.00%,5,7.84倍,0.57倍,3.88%
20260825,3198,上場ＭＳ世界,1554,東Ｅ,,"6,900",+25,+0.36%,5,ー倍,ー倍,ー%
20260825,3199,Ｈ株ブル,1572,東Ｅ,,"7,050",-8,-0.11%,5,ー倍,ー倍,ー%
20260825,3200,明豊ファシリ,1717,東S,,956,-4,-0.42%,5,12.0倍,1.94倍,4.60%
20260825,3201,金先物ベア,2037,東EN,,"1,168",-10,-0.85%,5,ー倍,ー倍,ー%
20260825,3202,サニーサイド,2180,東S,,"1,308",+1,+0.08%,5,ー倍,5.18倍,ー%
20260825,3203,シイエムシイ,2185,東S,,"1,966",+16,+0.82%,5,11.6倍,1.09倍,2.90%
20260825,3204,ソーバル,2186,東S,,920,+2,+0.22%,5,17.2倍,1.61倍,3.59%
20260825,3205,旭化学,7928,東S,,655,0,0.00%,5,39.8倍,0.35倍,1.53%
20260825,3206,菊水化,7953,東S,,404,-1,-0.25%,5,10.4倍,0.49倍,4.21%
20260825,3207,東ソワール,8040,東S,,"1,059",+24,+2.32%,5,10.5倍,0.34倍,4.25%
20260825,3208,ムーンバット,8115,東S,,"1,323",-2,-0.15%,5,9.94倍,0.97倍,4.08%
20260825,3209,トミタ,8147,東S,,"1,379",-37,-2.61%,5,10.5倍,0.52倍,1.81%
20260825,3210,ラオックス,8202,東S,,148,+1,+0.68%,5,21.5倍,0.63倍,2.70%
20260825,3211,太平発,8835,東S,,796,+4,+0.51%,5,13.2倍,0.39倍,5.09%
20260825,3212,毎コムネット,8908,東S,,883,-5,-0.56%,5,7.96倍,1.08倍,4.42%
20260825,3213,サイフューズ,4892,東G,,561,+4,+0.72%,5,ー倍,2.27倍,ー%
20260825,3214,テクノロジー,5248,東G,,500,+2,+0.40%,5,ー倍,6.01倍,ー%
20260825,3215,ＭＸダウへ有,2242,東Ｅ,,686.2,+1.6,+0.23%,5,ー倍,ー倍,ー%
20260825,3216,オートサーバ,5589,東S,,"2,843",+6,+0.21%,5,13.8倍,1.53倍,2.36%
20260825,3217,ロココ,5868,東S,,"1,030",+24,+2.39%,5,9.39倍,1.34倍,3.88%
20260825,3218,エルイズビー,145A,東G,,897,+2,+0.22%,5,25.7倍,2.33倍,ー%
20260825,3219,カドスＣ,211A,東S,,"3,360",0,0.00%,5,10.6倍,0.77倍,5.36%
20260825,3220,アルピコＨＤ,297A,東S,,214,-1,-0.47%,5,9.61倍,1.17倍,2.34%
20260825,3221,ＭＸ読売日株,348A,東Ｅ,,301.9,+1.3,+0.43%,5,ー倍,ー倍,ー%
20260825,3222,ｉＦ台湾テク,413A,東Ｅ,,"3,735",-8,-0.21%,5,ー倍,ー倍,ー%
20260825,3223,ヒガシＨＤ,9029,東S,,"1,918",-16,-0.83%,5,9.32倍,1.54倍,3.23%
20260825,3224,南総通運,9034,東S,,"1,622",+2,+0.12%,5,11.1倍,0.67倍,4.93%
20260825,3225,神姫バ,9083,東S,,"1,965",-10,-0.51%,5,10.8倍,0.44倍,2.29%
20260825,3226,東海汽,9173,東S,,"2,815",-7,-0.25%,5,38.6倍,1.32倍,ー%
20260825,3227,ヤマシタＨＤ,9265,東S,,"3,750",-10,-0.27%,5,17.3倍,1.02倍,1.73%
20260825,3228,東洋埠頭,9351,東S,,"1,909",-5,-0.26%,5,9.67倍,0.43倍,4.19%
20260825,3229,鈴与シンワ,9360,東S,,"2,746",+8,+0.29%,5,6.51倍,1.43倍,4.37%
20260825,3230,大東港運,9367,東S,,"2,089",+39,+1.90%,5,22.6倍,1.70倍,1.48%
20260825,3231,東海運,9380,東S,,436,-3,-0.68%,5,14.6倍,0.63倍,2.06%
20260825,3232,アイドマＭＣ,9466,東S,,240,-3,-1.23%,5,15.0倍,0.93倍,4.17%
20260825,3233,昴,9778,東S,,"5,820",+10,+0.17%,5,25.9倍,0.99倍,2.06%
20260825,3234,リリカラ,9827,東S,,631,0,0.00%,5,11.6倍,1.03倍,5.71%
20260825,3235,マキヤ,9890,東S,,"1,378",+16,+1.17%,5,6.50倍,0.43倍,2.76%
20260825,3236,ＭＲＫＨＬＤ,9980,東S,,94,0,0.00%,5,6.60倍,0.58倍,1.06%
20260825,3237,蔵王産業,9986,東S,,"2,493",-7,-0.28%,5,18.1倍,1.05倍,4.01%
20260825,3238,ヤマザワ,9993,東S,,"1,194",+8,+0.67%,5,27.3倍,0.46倍,2.26%
20260825,3239,辻本郷ＩＴＣ,476A,東S,,"1,580",-10,-0.63%,5,10.7倍,1.88倍,ー%
20260825,3240,農中海外債Ｕ,539A,東Ｅ,,"4,975",+13,+0.26%,5,ー倍,ー倍,ー%
20260825,3241,ベーシック,519A,東G,,510,0,0.00%,5,9.02倍,2.01倍,ー%
20260825,3242,ＭＸ米株ＡＩ,552A,東Ｅ,,"2,400",-20,-0.83%,5,ー倍,ー倍,ー%
20260825,3243,ソフトフロン,2321,東G,,131,-2,-1.50%,5,ー倍,4.10倍,ー%
20260825,3244,アルバイトＴ,2341,東S,,173,+2,+1.17%,5,22.8倍,1.11倍,2.89%
20260825,3245,ギグワークス,2375,東S,,210,+6,+2.94%,5,83.7倍,1.55倍,0.95%
20260825,3246,プラネット,2391,東S,,"1,172",-2,-0.17%,5,18.7倍,1.45倍,3.75%
20260825,3247,ＫＧ情報,2408,東S,,845,-2,-0.24%,5,12.7倍,1.01倍,4.38%
20260825,3248,アオバＢＢＴ,2464,東S,,362,+1,+0.28%,5,11.7倍,1.00倍,3.04%
20260825,3249,ナフコ,2790,東S,,"2,163",-10,-0.46%,5,41.9倍,0.35倍,2.68%
20260825,3250,シノブフズ,2903,東S,,"1,610",+7,+0.44%,5,10.1倍,1.16倍,2.11%
20260825,3251,アプライド,3020,東S,,"4,365",+25,+0.58%,5,5.49倍,0.84倍,2.29%
20260825,3252,きちりＨＤ,3082,東S,,977,+2,+0.21%,5,31.6倍,5.27倍,0.77%
20260825,3253,ファンデリー,3137,東S,,208,-1,-0.48%,5,21.1倍,9.80倍,ー%
20260825,3254,ギークス,7060,東S,,599,-1,-0.17%,5,9.66倍,2.11倍,5.34%
20260825,3255,Ｃａｓａ,7196,東S,,746,+1,+0.13%,5,36.2倍,1.06倍,2.68%
20260825,3256,フジオーゼ,7299,東S,,"1,897",-3,-0.16%,5,11.1倍,0.58倍,2.85%
20260825,3257,アイリック,7325,東G,,697,0,0.00%,5,12.8倍,1.46倍,4.59%
20260825,3258,マルシェ,7524,東S,,178,+1,+0.56%,5,77.1倍,7.35倍,ー%
20260825,3259,ＮａＩＴＯ,7624,東S,,156,+1,+0.65%,5,31.6倍,0.65倍,2.56%
20260825,3260,大研医器,7775,東S,,428,0,0.00%,5,20.8倍,1.62倍,4.67%
20260825,3261,寿屋,7809,東S,,"1,320",-4,-0.30%,5,21.3倍,1.29倍,3.41%
20260825,3262,ノダ,7879,東S,,673,+2,+0.30%,5,49.3倍,0.29倍,4.46%
20260825,3263,ウッドワン,7898,東S,,937,+3,+0.32%,5,21.8倍,0.20倍,2.56%
20260825,3264,サイバーバズ,7069,東G,,546,-10,-1.80%,5,12.1倍,4.71倍,ー%
20260825,3265,ランディクス,2981,東G,,"2,162",+2,+0.09%,5,6.54倍,1.16倍,2.59%
20260825,3266,コマースワン,4496,東G,,772,-6,-0.77%,5,16.3倍,2.05倍,5.44%
20260825,3267,いつも,7694,東G,,500,+15,+3.09%,5,15.9倍,1.18倍,ー%
20260825,3268,ファンペップ,4881,東G,,49,0,0.00%,5,ー倍,1.51倍,ー%
20260825,3269,ｉ－ｐｌｕｇ,4177,東G,,"1,529",+26,+1.73%,5,11.1倍,4.32倍,3.53%
20260825,3270,ベビカレ,7363,東G,,"1,300",+37,+2.93%,5,16.5倍,1.52倍,ー%
20260825,3271,ＡＩＰＦ,7345,東G,,931,-8,-0.85%,5,ー倍,4.15倍,ー%
20260825,3272,Ｊクラフト,7135,東S,,182,0,0.00%,5,13.5倍,1.73倍,1.65%
20260825,3273,セレ,5078,東S,,"4,795",ー,ー%,5,11.7倍,0.77倍,3.34%
20260825,3274,パワーソリュ,4450,東G,,"2,281",+26,+1.15%,4,32.9倍,1.93倍,1.14%
20260825,3275,ＡＬｉＮＫ,7077,東G,,"1,009",-3,-0.30%,4,40.5倍,1.31倍,ー%
20260825,3276,ＡＨＣ,7083,東G,,"1,098",0,0.00%,4,24.4倍,1.91倍,1.09%
20260825,3277,ニッソウ,1444,東G,,"2,624",-12,-0.46%,4,ー倍,1.73倍,ー%
20260825,3278,ウイルテック,7087,東S,,"1,409",+4,+0.28%,4,9.69倍,1.03倍,3.05%
20260825,3279,Ｃマネージ,4491,東S,,"3,285",+5,+0.15%,4,13.1倍,1.55倍,1.83%
20260825,3280,グッドパッチ,7351,東G,,462,-6,-1.28%,4,9.87倍,0.92倍,2.16%
20260825,3281,日本情報Ｃ,4054,東G,,525,-5,-0.94%,4,20.1倍,1.71倍,2.48%
20260825,3282,ニューラルＧ,4056,東G,,218,-1,-0.46%,4,ー倍,2.49倍,ー%
20260825,3283,室町ケミカル,4885,東S,,908,+5,+0.55%,4,10.4倍,1.42倍,2.86%
20260825,3284,Ｂマインド,7343,東G,,"1,262",-27,-2.09%,4,22.7倍,1.94倍,5.55%
20260825,3285,ＧＸクリ日株,2637,東Ｅ,,"2,690",+3,+0.11%,4,ー倍,ー倍,ー%
20260825,3286,セルム,7367,東S,,334,-1,-0.30%,4,11.8倍,2.54倍,4.64%
20260825,3287,ＤＮＨＤ,7377,東S,,"1,682",-2,-0.12%,4,7.48倍,0.80倍,4.46%
20260825,3288,シイエヌエス,4076,東G,,"1,968",-12,-0.61%,4,8.42倍,1.32倍,3.56%
20260825,3289,のむら産業,7131,東S,,"3,570",+5,+0.14%,4,8.61倍,1.81倍,2.69%
20260825,3290,アップガレＧ,7134,東S,,"1,379",+4,+0.29%,4,12.0倍,2.18倍,3.08%
20260825,3291,ＰＢシステム,4447,東G,,500,+3,+0.60%,4,17.7倍,2.78倍,4.50%
20260825,3292,ベースフード,2936,東G,,272,-2,-0.73%,4,ー倍,12.9倍,ー%
20260825,3293,サンクゼール,2937,東G,,"1,743",-1,-0.06%,4,40.3倍,3.29倍,2.01%
20260825,3294,上場ＳＰレ２,2239,東Ｅ,,"26,800",+240,+0.90%,4,ー倍,ー倍,ー%
20260825,3295,ＱＬＳＨＤ,7075,東G,,867,+7,+0.81%,4,8.95倍,2.86倍,1.27%
20260825,3296,プロディ,5580,東G,,"1,715",-10,-0.58%,4,17.9倍,2.99倍,ー%
20260825,3297,光フードＳ,138A,東G,,"3,115",-35,-1.11%,4,24.3倍,2.20倍,1.54%
20260825,3298,ハンモック,173A,東G,,"1,574",+5,+0.32%,4,11.4倍,2.12倍,4.13%
20260825,3299,マスカットＧ,195A,東G,,611,+1,+0.16%,4,ー倍,2.40倍,ー%
20260825,3300,ＧＸＡＩビグ,223A,東Ｅ,,"1,789",+1,+0.06%,4,ー倍,ー倍,ー%
20260825,3301,ＧＶＡテック,298A,東G,,315,-14,-4.26%,4,733倍,11.7倍,ー%
20260825,3302,ｉＳＳＴ２０,313A,東Ｅ,,261.6,+1.8,+0.69%,4,ー倍,ー倍,ー%
20260825,3303,ブッキングＲ,324A,東G,,750,+3,+0.40%,4,10.8倍,2.28倍,ー%
20260825,3304,グラン,3261,東G,,411,+1,+0.24%,4,21.1倍,0.64倍,3.65%
20260825,3305,東和フード,3329,東S,,"2,120",-3,-0.14%,4,30.0倍,2.20倍,0.94%
20260825,3306,フジタコーポ,3370,東S,,466,-1,-0.21%,4,12.7倍,6.29倍,0.64%
20260825,3307,コスモバイオ,3386,東S,,"1,245",-9,-0.72%,4,22.2倍,0.73倍,4.02%
20260825,3308,北紡,3409,東S,,96,-1,-1.03%,4,152倍,2.01倍,ー%
20260825,3309,テルマー湯,3521,東S,,157,0,0.00%,4,23.1倍,0.86倍,3.18%
20260825,3310,ＰバンＣＯＭ,3559,東S,,439,+15,+3.54%,4,16.2倍,1.47倍,2.28%
20260825,3311,オーベクス,3583,東S,,"1,316",-2,-0.15%,4,10.9倍,0.49倍,2.66%
20260825,3312,クラウディア,3607,東S,,364,+2,+0.55%,4,9.43倍,0.68倍,2.75%
20260825,3313,フォーシーズ,3726,東S,,405,+3,+0.75%,4,ー倍,2.72倍,ー%
20260825,3314,アプリックス,3727,東G,,153,-2,-1.29%,4,ー倍,1.01倍,1.31%
20260825,3315,リスモン,3768,東S,,567,+4,+0.71%,4,17.8倍,0.74倍,2.91%
20260825,3316,テクノマセマ,3787,東S,,324,-5,-1.52%,4,27.1倍,0.47倍,ー%
20260825,3317,ネクスジェン,3842,東S,,"1,054",+15,+1.44%,4,11.6倍,1.30倍,2.85%
20260825,3318,岡山製紙,3892,東S,,"1,557",0,0.00%,4,11.5倍,0.50倍,3.21%
20260825,3319,阿波製紙,3896,東S,,396,-2,-0.50%,4,26.4倍,0.61倍,ー%
20260825,3320,アイリッジ,3917,東G,,490,0,0.00%,4,12.8倍,1.33倍,ー%
20260825,3321,マイネット,3928,東S,,235,+2,+0.86%,4,7.87倍,1.64倍,ー%
20260825,3322,不二ラテ,5199,東S,,"1,963",-47,-2.34%,4,8.67倍,0.61倍,4.23%
20260825,3323,旭コン,5268,東S,,839,-5,-0.59%,4,23.5倍,0.86倍,2.03%
20260825,3324,高田機,5923,東S,,"1,173",+2,+0.17%,4,31.2倍,0.33倍,4.26%
20260825,3325,洋シヤタ,5936,東S,,890,0,0.00%,4,7.04倍,0.56倍,4.83%
20260825,3326,パワーファス,5950,東S,,156,+2,+1.30%,4,30.7倍,0.97倍,1.60%
20260825,3327,共和工業,5971,東S,,"8,380",-10,-0.12%,4,17.8倍,0.63倍,0.95%
20260825,3328,エスティック,6161,東S,,"1,078",-12,-1.10%,4,8.82倍,0.94倍,2.88%
20260825,3329,静甲,6286,東S,,"1,505",+14,+0.94%,4,9.72倍,0.55倍,1.86%
20260825,3330,池上通,6771,東S,,673,-5,-0.74%,4,8.64倍,0.33倍,2.23%
20260825,3331,原田工業,6904,東S,,560,-1,-0.18%,4,19.7倍,0.78倍,1.79%
20260825,3332,ＮＫＫ,6943,東S,,"5,560",-40,-0.71%,4,14.9倍,0.32倍,1.80%
20260825,3333,ツカモト,8025,東S,,"1,360",+27,+2.03%,4,36.6倍,0.32倍,2.21%
20260825,3334,キムラタン,8107,東S,,31,0,0.00%,4,344倍,5.32倍,ー%
20260825,3335,アジア投資,8518,東S,,138,-1,-0.72%,4,ー倍,0.48倍,ー%
20260825,3336,Ａクリエイト,8798,東P,,143,0,0.00%,4,11.7倍,11.8倍,ー%
20260825,3337,うるる,3979,東G,,429,+6,+1.42%,4,15.1倍,3.18倍,1.00%
20260825,3338,ＳＹＳＨＤ,3988,東S,,554,-3,-0.54%,4,9.71倍,1.45倍,1.44%
20260825,3339,細火工,4274,東S,,"1,093",-2,-0.18%,4,19.9倍,1.26倍,1.19%
20260825,3340,アズジェント,4288,東S,,470,-3,-0.63%,4,35.9倍,4.02倍,ー%
20260825,3341,松本油脂,4365,東S,,"20,840",-210,-1.00%,4,8.89倍,0.66倍,2.16%
20260825,3342,エクスＭ,4394,東G,,560,+4,+0.72%,4,25.5倍,2.03倍,2.23%
20260825,3343,シノプス,4428,東G,,725,+3,+0.42%,4,16.5倍,2.36倍,2.34%
20260825,3344,バルテスＨＤ,4442,東G,,401,-3,-0.74%,4,13.1倍,2.32倍,1.00%
20260825,3345,仁丹,4524,東S,,"2,241",+1,+0.04%,4,17.4倍,0.71倍,2.90%
20260825,3346,ケミファ,4539,東S,,"1,579",+15,+0.96%,4,95.4倍,0.30倍,3.17%
20260825,3347,大伸化学,4629,東S,,"2,150",+35,+1.65%,4,7.68倍,0.55倍,2.09%
20260825,3348,オリジナル設,4642,東S,,"1,409",+4,+0.28%,4,14.1倍,0.99倍,2.84%
20260825,3349,ＫｅｙＨ,4712,東S,,795,+3,+0.38%,4,15.0倍,0.65倍,1.38%
20260825,3350,野村ボベスパ,1325,東Ｅ,,281.5,+2.0,+0.72%,4,ー倍,ー倍,ー%
20260825,3351,ベルグアース,1383,東S,,"3,000",0,0.00%,4,88.9倍,2.29倍,0.33%
20260825,3352,ｉＳ設備人材,1483,東Ｅ,,"3,882",+9,+0.23%,4,ー倍,ー倍,ー%
20260825,3353,スタンダ２０,1551,東Ｅ,,"7,170",+160,+2.28%,4,ー倍,ー倍,ー%
20260825,3354,野村素材化学,1620,東Ｅ,,"37,200",+180,+0.49%,4,ー倍,ー倍,ー%
20260825,3355,ｉＳ先進国株,1657,東Ｅ,,"7,347",+12,+0.16%,4,ー倍,ー倍,ー%
20260825,3356,ｉＳ米リート,1659,東Ｅ,,"3,980",+19,+0.48%,4,ー倍,ー倍,ー%
20260825,3357,上場ＭＳエマ,1681,東Ｅ,,"3,376",-5,-0.15%,4,ー倍,ー倍,ー%
20260825,3358,ＳＤＳＨＤ,1711,東S,,239,0,0.00%,4,412倍,4.86倍,ー%
20260825,3359,美樹工業,1718,東S,,"6,880",+80,+1.18%,4,6.72倍,0.42倍,4.36%
20260825,3360,土屋ＨＤ,1840,東S,,254,-1,-0.39%,4,25.2倍,0.54倍,3.94%
20260825,3361,名工建,1869,名M,,"1,918",+4,+0.21%,4,8.80倍,0.56倍,3.44%
20260825,3362,ＮＹダウベア,2041,東EN,,"1,930",-12,-0.62%,4,ー倍,ー倍,ー%
20260825,3363,リニカル,2183,東S,,206,-2,-0.96%,4,25.9倍,1.45倍,3.88%
20260825,3364,アミタＨＤ,2195,東G,,355,+7,+2.01%,4,17.2倍,2.07倍,1.41%
20260825,3365,アストマクス,7162,東S,,266,+2,+0.76%,4,ー倍,0.53倍,ー%
20260825,3366,ＧＭＢ,7214,東S,,"1,112",+9,+0.82%,4,5.94倍,0.26倍,4.23%
20260825,3367,田中精密,7218,東S,,"1,091",+4,+0.37%,4,4.52倍,0.35倍,3.12%
20260825,3368,エコーＴＤ,7427,東S,,850,+6,+0.71%,4,6.87倍,0.43倍,3.53%
20260825,3369,アールビバン,7523,東S,,"1,879",0,0.00%,4,12.3倍,1.05倍,ー%
20260825,3370,ウェッズ,7551,東S,,730,+4,+0.55%,4,10.8倍,0.66倍,3.01%
20260825,3371,レダックス,7602,東S,,166,+1,+0.61%,4,19.7倍,0.75倍,1.20%
20260825,3372,永大産業,7822,東S,,255,0,0.00%,4,5.64倍,0.27倍,3.92%
20260825,3373,アビックス,7836,東S,,78,+1,+1.30%,4,15.8倍,1.46倍,ー%
20260825,3374,スターツ出版,7849,東S,,"3,035",+25,+0.83%,4,11.2倍,1.07倍,4.28%
20260825,3375,ＳＳ米高配,451A,東Ｅ,,307.5,+2.1,+0.69%,4,ー倍,ー倍,ー%
20260825,3376,ニ日経２２５,473A,東Ｅ,,"1,327",+10,+0.76%,4,ー倍,ー倍,ー%
20260825,3377,ＧＸ純銀Ｈ,578A,東Ｅ,,264.3,-2.3,-0.86%,4,ー倍,ー倍,ー%
20260825,3378,上場リ高３０,608A,東Ｅ,,"1,494",+6,+0.40%,4,ー倍,ー倍,ー%
20260825,3379,ｉＦ独３短国,613A,東Ｅ,,"1,988",+3,+0.15%,4,ー倍,ー倍,ー%
20260825,3380,京福電,9049,東S,,"6,710",+40,+0.60%,4,7.25倍,0.90倍,0.30%
20260825,3381,岡県運送,9063,東S,,"4,175",-45,-1.07%,4,7.49倍,0.31倍,1.68%
20260825,3382,大和自,9082,東S,,"1,995",ー,ー%,4,90.9倍,0.93倍,0.50%
20260825,3383,リンコー,9355,東S,,"2,198",-26,-1.17%,4,8.27倍,0.29倍,1.82%
20260825,3384,サカイＨＤ,9446,東S,,694,+6,+0.87%,4,5.71倍,1.05倍,5.04%
20260825,3385,葉ガス,9539,東S,,"1,385",0,0.00%,4,14.4倍,0.42倍,1.88%
20260825,3386,セゾンテク,9640,東S,,"2,012",+14,+0.70%,4,32.6倍,2.41倍,4.47%
20260825,3387,丸建リース,9763,東S,,"1,311",+6,+0.46%,4,8.91倍,0.69倍,4.12%
20260825,3388,藤井産業,9906,東S,,"4,295",+45,+1.06%,4,9.56倍,0.87倍,3.73%
20260825,3389,ハチバン,9950,東S,,"3,430",+10,+0.29%,4,108倍,2.60倍,0.58%
20260825,3390,サトー商会,9996,東S,,"2,068",-12,-0.58%,4,14.1倍,0.63倍,2.32%
20260825,3391,エプコ,2311,東S,,788,-3,-0.38%,4,14.5倍,1.50倍,4.44%
20260825,3392,総医研ＨＤ,2385,東G,,224,-1,-0.44%,4,23.4倍,0.96倍,4.46%
20260825,3393,アウン,2459,東S,,177,+3,+1.72%,4,ー倍,4.33倍,ー%
20260825,3394,野村外国債Ｈ,2512,東Ｅ,,729.4,-0.5,-0.07%,4,ー倍,ー倍,ー%
20260825,3395,野村新興国債,2519,東Ｅ,,"1,204.5",+4.5,+0.38%,4,ー倍,ー倍,ー%
20260825,3396,かどや製油,2612,東S,,"1,795",-1,-0.06%,4,24.2倍,1.34倍,2.62%
20260825,3397,魚喜,2683,東S,,"1,016",+1,+0.10%,4,85.5倍,2.84倍,0.98%
20260825,3398,ＳＡＮＫＯ,2762,東S,,70,-1,-1.41%,4,ー倍,48.0倍,ー%
20260825,3399,ヴィレッジＶ,2769,東S,,906,0,0.00%,4,"1,177倍",8.48倍,ー%
20260825,3400,バナーズ,3011,東S,,146,+2,+1.39%,4,9.16倍,0.82倍,3.42%
20260825,3401,カワサキ,3045,東S,,"1,488",-6,-0.40%,4,11.4倍,0.54倍,3.36%
20260825,3402,ストリーム,3071,東S,,104,0,0.00%,4,15.0倍,0.98倍,2.88%
20260825,3403,マーケットＥ,3135,東S,,"1,190",+13,+1.10%,4,36.6倍,4.90倍,ー%
20260825,3404,大光,3160,東S,,578,-1,-0.17%,4,20.6倍,1.32倍,2.60%
20260825,3405,ＡＳＪ,2351,東S,,325,-4,-1.22%,3,25.4倍,0.87倍,0.92%
20260825,3406,ＶＬＣセキュ,2467,名N,,178,+1,+0.56%,3,12.3倍,2.31倍,ー%
20260825,3407,タウンＮ,2481,東S,,669,+9,+1.36%,3,8.12倍,0.65倍,3.29%
20260825,3408,日本和装,2499,東S,,295,+2,+0.68%,3,10.3倍,0.74倍,4.75%
20260825,3409,ファマライズ,2796,東S,,503,-1,-0.20%,3,524倍,0.87倍,2.78%
20260825,3410,ダイショー,2816,東S,,"1,412",-3,-0.21%,3,32.5倍,1.37倍,1.42%
20260825,3411,ピエトロ,2818,東S,,"1,761",0,0.00%,3,ー倍,2.02倍,1.36%
20260825,3412,はごろも,2831,東S,,"3,675",+10,+0.27%,3,11.5倍,0.70倍,1.90%
20260825,3413,イフジ産業,2924,東S,,"1,949",+6,+0.31%,3,7.86倍,1.25倍,3.54%
20260825,3414,ＪＢイレブン,3066,名M,,638,+3,+0.47%,3,279倍,3.00倍,0.39%
20260825,3415,東京一番,3067,東S,,457,-3,-0.65%,3,35.5倍,2.25倍,ー%
20260825,3416,ＤＶｘ,3079,東S,,933,0,0.00%,3,ー倍,1.17倍,ー%
20260825,3417,サイボー,3123,東S,,654,+2,+0.31%,3,8.46倍,0.41倍,2.75%
20260825,3418,ＯＣＨＩＨＤ,3166,東S,,"1,459",+10,+0.69%,3,14.5倍,0.76倍,3.77%
20260825,3419,ティーライフ,3172,東S,,"1,121",-2,-0.18%,3,25.5倍,0.75倍,2.68%
20260825,3420,買取王国,3181,東S,,"1,089",+10,+0.93%,3,9.96倍,1.14倍,1.01%
20260825,3421,チエル,3933,東S,,557,-4,-0.71%,3,10.4倍,1.17倍,4.13%
20260825,3422,イノベーショ,3970,東S,,855,+5,+0.59%,3,10.6倍,0.85倍,4.68%
20260825,3423,チタン,4098,東S,,"1,020",+1,+0.10%,3,14.5倍,0.57倍,1.18%
20260825,3424,スガイ,4120,東S,,"3,095",+60,+1.98%,3,ー倍,0.46倍,2.91%
20260825,3425,大阪油化,4124,東S,,"2,900",+10,+0.35%,3,21.4倍,1.88倍,1.93%
20260825,3426,ニックス,4243,東S,,"1,048",-24,-2.24%,3,12.7倍,0.50倍,1.91%
20260825,3427,ハイマックス,4299,東S,,"1,220",0,0.00%,3,16.4倍,1.18倍,4.18%
20260825,3428,ビーマップ,4316,東G,,77,-4,-4.94%,3,ー倍,0.98倍,ー%
20260825,3429,ＳＩＧＧ,4386,東S,,900,-3,-0.33%,3,10.2倍,1.80倍,3.67%
20260825,3430,プロパテＤＢ,4389,東G,,"1,040",0,0.00%,3,12.2倍,3.46倍,3.08%
20260825,3431,ＧＤＨ,4437,東G,,785,-4,-0.51%,3,8.74倍,1.61倍,0.64%
20260825,3432,川上塗,4616,東S,,"2,143",+39,+1.85%,3,11.7倍,0.61倍,2.10%
20260825,3433,アトミクス,4625,東S,,796,+8,+1.02%,3,8.48倍,0.38倍,2.51%
20260825,3434,環境管理,4657,東S,,480,-2,-0.41%,3,14.4倍,0.96倍,2.50%
20260825,3435,トーセ,4728,東S,,653,0,0.00%,3,6.26倍,0.80倍,3.83%
20260825,3436,ダイサン,4750,東S,,572,-4,-0.69%,3,28.2倍,0.64倍,3.85%
20260825,3437,さくらＫＣＳ,4761,東S,,"1,446",-8,-0.55%,3,13.0倍,0.78倍,4.29%
20260825,3438,ＳＭＥＪ,4772,東G,,70,-1,-1.41%,3,32.1倍,1.16倍,1.43%
20260825,3439,ガーラ,4777,東S,,199,-1,-0.50%,3,ー倍,8.00倍,ー%
20260825,3440,フェリシモ,3396,東S,,879,+2,+0.23%,3,20.9倍,0.32倍,2.84%
20260825,3441,丸八ＨＤ,3504,名M,,"1,428",+21,+1.49%,3,12.0倍,0.38倍,3.50%
20260825,3442,日東網,3524,東S,,"1,483",0,0.00%,3,12.8倍,0.48倍,3.37%
20260825,3443,ネットイヤー,3622,東S,,500,+5,+1.01%,3,14.4倍,1.31倍,1.40%
20260825,3444,パピレス,3641,東S,,980,+1,+0.10%,3,59.8倍,0.86倍,1.02%
20260825,3445,オークファン,3674,東G,,338,+1,+0.30%,3,178倍,0.87倍,ー%
20260825,3446,ケイブ,3760,東S,,737,0,0.00%,3,3.79倍,1.77倍,ー%
20260825,3447,ショーケース,3909,東S,,189,+2,+1.07%,3,14.7倍,0.97倍,ー%
20260825,3448,ランサーズ,4484,東G,,290,+2,+0.69%,3,18.5倍,3.47倍,1.03%
20260825,3449,ＩＮＣＨＤ,7078,東G,,341,-2,-0.58%,3,ー倍,2.35倍,ー%
20260825,3450,ゼネテック,4492,東S,,370,-2,-0.54%,3,11.7倍,1.67倍,3.38%
20260825,3451,Ｋラーニング,7353,東G,,549,+6,+1.10%,3,11.4倍,2.37倍,ー%
20260825,3452,ＧＸロジ日Ｒ,2565,東Ｅ,,896,+1,+0.11%,3,ー倍,ー倍,ー%
20260825,3453,ｉＳ米債１３,2620,東Ｅ,,369.9,+0.9,+0.24%,3,ー倍,ー倍,ー%
20260825,3454,バルミューダ,6612,東G,,603,+3,+0.50%,3,515倍,2.07倍,ー%
20260825,3455,テンダ,4198,東S,,496,-2,-0.40%,3,41.2倍,1.28倍,4.44%
20260825,3456,Ｅｎｊｉｎ,7370,東G,,716,+2,+0.28%,3,24.7倍,1.10倍,5.59%
20260825,3457,デコルテＨＤ,7372,東G,,394,+4,+1.03%,3,8.46倍,0.38倍,ー%
20260825,3458,デリバリコン,9240,東G,,447,-7,-1.54%,3,16.7倍,1.74倍,ー%
20260825,3459,グローバルＳ,7126,東S,,"1,420",-1,-0.07%,3,9.06倍,1.47倍,3.31%
20260825,3460,トゥルーＤ,4416,東G,,406,-1,-0.25%,3,31.2倍,1.68倍,ー%
20260825,3461,ニフティＬＳ,4262,東G,,"1,378",+9,+0.66%,3,10.6倍,1.43倍,4.64%
20260825,3462,ｉＳジニメＨ,2649,東Ｅ,,579.0,+1.7,+0.29%,3,ー倍,ー倍,ー%
20260825,3463,上場豪債ヘ無,2844,東Ｅ,,"5,605",-1,-0.02%,3,ー倍,ー倍,ー%
20260825,3464,ＢｅｅＸ,4270,東G,,"1,916",-2,-0.10%,3,9.51倍,1.40倍,1.30%
20260825,3465,野村ナスＨ有,2845,東Ｅ,,"3,510",+18,+0.52%,3,ー倍,ー倍,ー%
20260825,3466,ノバック,5079,東S,,"2,612",+5,+0.19%,3,17.5倍,0.72倍,4.59%
20260825,3467,サークレイス,5029,東G,,793,+9,+1.15%,3,9.94倍,4.09倍,ー%
20260825,3468,ストレジ王,2997,東G,,"1,323",0,0.00%,3,18.7倍,2.17倍,ー%
20260825,3469,ｉＳ米債３Ｈ,2856,東Ｅ,,648.4,+0.4,+0.06%,3,ー倍,ー倍,ー%
20260825,3470,ファインズ,5125,東G,,469,-6,-1.26%,3,11.2倍,0.95倍,ー%
20260825,3471,アイズ,5242,東G,,"1,978",+63,+3.29%,3,677倍,3.34倍,ー%
20260825,3472,アソインター,9340,東S,,705,+1,+0.14%,3,12.5倍,2.14倍,3.97%
20260825,3473,ＢＴＭ,5247,東G,,584,+2,+0.34%,3,24.9倍,2.23倍,ー%
20260825,3474,ココルポート,9346,東G,,"1,812",+3,+0.17%,3,10.5倍,2.03倍,4.75%
20260825,3475,ブリーチ,9162,東G,,231,+1,+0.43%,3,ー倍,0.64倍,ー%
20260825,3476,ＧＸＵＳＤＶ,2253,東Ｅ,,"1,361",+5,+0.37%,3,ー倍,ー倍,ー%
20260825,3477,アメイズ,6076,福証,,"1,270",+3,+0.24%,3,7.74倍,0.98倍,2.76%
20260825,3478,豊和銀,8559,福証,,495,+6,+1.23%,3,7.03倍,0.54倍,2.02%
20260825,3479,宮崎太銀,8560,福証,,"2,521",-49,-1.91%,3,8.84倍,0.31倍,1.98%
20260825,3480,インシュア,5843,東S,,"2,429",-1,-0.04%,3,9.75倍,2.28倍,1.03%
20260825,3481,バリューＣ,9238,東G,,393,-2,-0.51%,3,ー倍,-15倍,ー%
20260825,3482,ｉＳＩＧ社債,2257,東Ｅ,,222.4,+0.5,+0.23%,3,ー倍,ー倍,ー%
20260825,3483,ハッチワーク,148A,東G,,"1,725",+22,+1.29%,3,15.3倍,3.07倍,ー%
20260825,3484,シンカ,149A,東G,,771,0,0.00%,3,ー倍,2.81倍,ー%
20260825,3485,Ｇモンスター,157A,東G,,722,0,0.00%,3,ー倍,2.23倍,ー%
20260825,3486,イタミアート,168A,東G,,"1,080",+18,+1.69%,3,9.51倍,1.19倍,1.85%
20260825,3487,アスア,246A,東G,,916,-1,-0.11%,3,23.3倍,2.26倍,0.76%
20260825,3488,リップス,373A,東G,,"1,470",-3,-0.20%,3,7.78倍,0.96倍,ー%
20260825,3489,ＭＸＳＰ等ウ,383A,東Ｅ,,"2,692",+8,+0.30%,3,ー倍,ー倍,ー%
20260825,3490,フラー,387A,東G,,915,-15,-1.61%,3,9.94倍,1.30倍,ー%
20260825,3491,ヴィアＨＤ,7918,東S,,106,-2,-1.85%,3,161倍,-1.1倍,ー%
20260825,3492,興研,7963,東S,,"1,820",+14,+0.78%,3,10.6倍,0.64倍,1.92%
20260825,3493,ミロク,7983,東S,,"1,095",+11,+1.01%,3,1.13倍,0.28倍,0.91%
20260825,3494,ナイガイ,8013,東S,,357,+7,+2.00%,3,39.8倍,0.41倍,ー%
20260825,3495,浜丸魚,8045,東S,,"1,994",+47,+2.41%,3,19.4倍,0.50倍,1.71%
20260825,3496,カノークス,8076,東S,,"2,087",+4,+0.19%,3,9.95倍,0.61倍,5.08%
20260825,3497,タカキュー,8166,東S,,79,0,0.00%,3,25.3倍,1.54倍,ー%
20260825,3498,井筒屋,8260,東S,,379,+1,+0.26%,3,8.42倍,0.35倍,1.85%
20260825,3499,アドバンＲＭ,8769,東S,,500,-1,-0.20%,3,9.31倍,1.86倍,3.80%
20260825,3500,ＲＩＳＥ,8836,東S,,28,0,0.00%,3,ー倍,-1.2倍,ー%
20260825,3501,センチュ２１,8898,東S,,"1,138",+3,+0.26%,3,14.1倍,1.70倍,4.66%
20260825,3502,サンネクスタ,8945,東S,,"1,091",-2,-0.18%,3,27.6倍,1.28倍,4.03%
20260825,3503,相模ゴ,5194,東S,,634,+3,+0.48%,3,115倍,0.57倍,1.58%
20260825,3504,アサヒエイト,5341,東S,,152,+1,+0.66%,3,ー倍,0.97倍,ー%
20260825,3505,北越メ,5446,東S,,"1,082",+2,+0.19%,3,ー倍,0.22倍,ー%
20260825,3506,中可鍛,5607,名M,,606,+4,+0.66%,3,5.99倍,0.29倍,3.14%
20260825,3507,パウダテック,5695,東S,,"3,000",0,0.00%,3,26.5倍,0.70倍,3.33%
20260825,3508,サンユウ,5697,東S,,825,+3,+0.36%,3,8.04倍,0.48倍,3.64%
20260825,3509,ダイケン,5900,東S,,889,+11,+1.25%,3,13.9倍,0.36倍,2.81%
20260825,3510,駒井ハルテク,5915,東S,,"2,457",-3,-0.12%,3,75.1倍,0.33倍,2.85%
20260825,3511,アルメタクス,5928,東S,,284,-3,-1.05%,3,23.9倍,0.32倍,2.82%
20260825,3512,大谷工業,5939,東S,,"4,805",-60,-1.23%,3,14.4倍,0.84倍,0.62%
20260825,3513,トーソー,5956,東S,,575,0,0.00%,3,9.09倍,0.32倍,2.26%
20260825,3514,ＫＴＣ,5966,東S,,"2,660",ー,ー%,3,13.7倍,0.49倍,3.01%
20260825,3515,ＴＯＮＥ,5967,東S,,458,-3,-0.65%,3,9.44倍,0.82倍,2.84%
20260825,3516,赤阪鉄,6022,東S,,"2,670",-28,-1.04%,3,39.7倍,0.34倍,ー%
20260825,3517,ＥＡＪ,6063,東S,,999,-1,-0.10%,3,18.0倍,1.30倍,ー%
20260825,3518,ＧＭＯメディ,6180,東G,,"3,840",+30,+0.79%,3,11.8倍,2.38倍,5.47%
20260825,3519,ホープ,6195,東G,,204,+3,+1.49%,3,9.05倍,3.14倍,4.12%
20260825,3520,カワタ,6292,東S,,860,+10,+1.18%,3,15.8倍,0.45倍,4.42%
20260825,3521,ヤマダコーポ,6392,東S,,"7,730",+80,+1.05%,3,10.9倍,1.00倍,2.85%
20260825,3522,油研工,6393,東S,,"3,050",+25,+0.83%,3,10.9倍,0.45倍,4.92%
20260825,3523,ハマイ,6497,東S,,"1,444",-12,-0.82%,3,9.89倍,0.56倍,3.12%
20260825,3524,フルテック,6546,東S,,"1,153",-16,-1.37%,3,15.2倍,0.89倍,2.95%
20260825,3525,ハナツアーＪ,6561,東G,,813,-4,-0.49%,3,7.16倍,2.17倍,5.17%
20260825,3526,コレックＨＤ,6578,東S,,504,+3,+0.60%,3,17.9倍,4.11倍,1.79%
20260825,3527,戸上電,6643,東S,,"5,650",+40,+0.71%,3,9.19倍,1.07倍,2.48%
20260825,3528,ＯＳＧコーポ,6757,東S,,888,+1,+0.11%,3,15.5倍,1.97倍,4.50%
20260825,3529,遠州トラック,9057,東S,,"3,200",0,0.00%,3,11.4倍,0.96倍,3.00%
20260825,3530,日石輸,9074,東S,,"5,070",+70,+1.40%,3,ー倍,0.57倍,2.37%
20260825,3531,栗林船,9171,東S,,"1,525",+11,+0.73%,3,10.7倍,0.54倍,1.97%
20260825,3532,ＳＦＪ,9206,東S,,"1,970",+8,+0.41%,3,25.2倍,-3.4倍,ー%
20260825,3533,ブティックス,9272,東G,,"1,428",+8,+0.56%,3,9.76倍,5.48倍,ー%
20260825,3534,兵機海,9362,東S,,"3,780",+80,+2.16%,3,11.4倍,0.79倍,2.91%
20260825,3535,大運,9363,東S,,545,+2,+0.37%,3,7.77倍,0.60倍,2.94%
20260825,3536,ショーエイ,9385,東S,,757,0,0.00%,3,6.02倍,1.14倍,4.62%
20260825,3537,クロップス,9428,東S,,"1,489",0,0.00%,3,7.59倍,1.05倍,2.15%
20260825,3538,ＭＨグループ,9439,東S,,230,0,0.00%,3,120倍,8.77倍,0.22%
20260825,3539,ベルパーク,9441,東S,,"3,095",-10,-0.32%,3,8.15倍,1.28倍,4.65%
20260825,3540,ＳＥＨＩ,9478,東S,,513,+10,+1.99%,3,15.6倍,0.65倍,0.78%
20260825,3541,ホウライ,9679,東S,,"2,388",+28,+1.19%,3,20.0倍,0.98倍,1.01%
20260825,3542,東洋テク,9686,東S,,"1,669",+2,+0.12%,3,14.0倍,0.76倍,4.25%
20260825,3543,ロイヤルホ,9713,東S,,904,+2,+0.22%,3,17.3倍,0.79倍,0.66%
20260825,3544,ビステム,9780,東S,,"1,096",+3,+0.27%,3,9.86倍,0.96倍,3.28%
20260825,3545,ビケンテクノ,9791,東S,,"1,209",+34,+2.89%,3,8.29倍,0.39倍,2.98%
20260825,3546,銀座ルノア,9853,東S,,908,-1,-0.11%,3,13.3倍,1.71倍,0.55%
20260825,3547,北恵,9872,東S,,952,+2,+0.21%,3,15.8倍,0.63倍,2.94%
20260825,3548,ベリテ,9904,東S,,242,-2,-0.82%,3,15.7倍,1.55倍,2.48%
20260825,3549,アシードＨＤ,9959,東S,,"1,091",-8,-0.73%,3,13.5倍,1.65倍,2.20%
20260825,3550,文教堂ＧＨＤ,9978,東S,,45,0,0.00%,3,167倍,-5.5倍,ー%
20260825,3551,ブランドＴ,7067,東G,,"1,033",0,0.00%,3,25.1倍,1.33倍,0.97%
20260825,3552,Ｏｎｅ中国５,2553,東Ｅ,,"2,419.5",+43.5,+1.83%,3,ー倍,ー倍,ー%
20260825,3553,サンコー,6964,東S,,696,-4,-0.57%,3,11.0倍,0.38倍,2.87%
20260825,3554,抵抗器,6977,東S,,"1,486",+17,+1.16%,3,18.4倍,1.56倍,2.02%
20260825,3555,ピアラ,7044,東S,,531,+3,+0.57%,3,17.5倍,5.59倍,ー%
20260825,3556,ピアズ,7066,東G,,435,+8,+1.87%,3,14.5倍,1.39倍,ー%
20260825,3557,ユニバンス,7254,東S,,810,+2,+0.25%,3,8.50倍,0.55倍,2.47%
20260825,3558,横浜魚類,7443,東S,,659,-5,-0.75%,3,27.5倍,1.53倍,1.21%
20260825,3559,ハリマ共和,7444,東S,,"1,979",-1,-0.05%,3,8.66倍,0.41倍,3.03%
20260825,3560,キムラ,7461,東S,,482,-4,-0.82%,3,11.1倍,0.42倍,2.90%
20260825,3561,オーエムツー,7614,東S,,"1,540",+8,+0.52%,3,10.3倍,0.57倍,2.34%
20260825,3562,うかい,7621,東S,,"3,480",+20,+0.58%,3,ー倍,4.00倍,0.43%
20260825,3563,ダイイチ,7643,東S,,"1,747",-6,-0.34%,3,16.4倍,1.11倍,2.29%
20260825,3564,シンシア,7782,東S,,464,-5,-1.07%,3,12.4倍,1.08倍,3.88%
20260825,3565,アイフィス,7833,東S,,651,-3,-0.46%,3,11.0倍,1.05倍,4.61%
20260825,3566,グラファイト,7847,東S,,674,+5,+0.75%,3,21.0倍,0.86倍,4.45%
20260825,3567,総合商研,7850,東S,,825,+3,+0.36%,3,9.16倍,0.69倍,2.42%
20260825,3568,ｉＦＴＰＷベ,1368,東Ｅ,,154,-1,-0.65%,3,ー倍,ー倍,ー%
20260825,3569,上場高配低ボ,1399,東Ｅ,,"3,232",+15,+0.47%,3,ー倍,ー倍,ー%
20260825,3570,エムビーエス,1401,東G,,"1,290",+1,+0.08%,3,ー倍,2.30倍,ー%
20260825,3571,岐阜造園,1438,東S,,"2,323",-32,-1.36%,3,16.1倍,1.66倍,1.72%
20260825,3572,キャンディル,1446,東S,,541,-2,-0.37%,3,25.2倍,1.63倍,1.85%
20260825,3573,タナケン,1450,東S,,"1,482",+14,+0.95%,3,9.21倍,1.40倍,3.71%
20260825,3574,ｉＳ最小分散,1477,東Ｅ,,"3,378",+13,+0.39%,3,ー倍,ー倍,ー%
20260825,3575,野村情通サ他,1626,東Ｅ,,"47,860",+660,+1.40%,3,ー倍,ー倍,ー%
20260825,3576,工藤建設,1764,東S,,"2,758",+38,+1.40%,3,11.3倍,0.58倍,4.60%
20260825,3577,ソネック,1768,東S,,"1,028",+3,+0.29%,3,9.12倍,0.73倍,4.86%
20260825,3578,佐藤渡辺,1807,東S,,"1,930",+30,+1.58%,3,13.1倍,0.53倍,4.15%
20260825,3579,テノックス,1905,東S,,"1,469",-8,-0.54%,3,9.87倍,0.74倍,4.22%
20260825,3580,高田工,1966,東S,,"1,732",-10,-0.57%,3,13.9倍,0.59倍,4.04%
20260825,3581,日和産,2055,東S,,341,+1,+0.29%,3,20.6倍,0.32倍,1.76%
20260825,3582,ヒップ,2136,東S,,"1,419",-1,-0.07%,3,13.0倍,1.38倍,5.00%
20260825,3583,地域新聞社,2164,東S,,147,+1,+0.68%,3,ー倍,2.54倍,ー%
20260825,3584,フィットクル,469A,東G,,"1,621",-36,-2.17%,3,11.8倍,2.02倍,ー%
20260825,3585,ｉＳ国債二十,573A,東Ｅ,,489.7,-0.3,-0.06%,2,ー倍,ー倍,ー%
20260825,3586,ＧＸ純銀,577A,東Ｅ,,268.0,-1.3,-0.48%,2,ー倍,ー倍,ー%
20260825,3587,ハーバー研,4925,東S,,"1,717",+1,+0.06%,2,13.8倍,0.69倍,2.33%
20260825,3588,アジュバン,4929,東S,,741,+1,+0.14%,2,247倍,1.41倍,1.62%
20260825,3589,東洋ドライ,4976,東S,,"1,442",-3,-0.21%,2,9.37倍,0.52倍,2.91%
20260825,3590,昭和化,4990,東S,,502,-3,-0.59%,2,12.2倍,0.53倍,1.20%
20260825,3591,トーヨアサノ,5271,東S,,"2,302",-54,-2.29%,2,ー倍,0.78倍,3.69%
20260825,3592,日本興業,5279,東S,,"1,211",+9,+0.75%,2,8.64倍,0.41倍,3.72%
20260825,3593,ダントーＨＤ,5337,東S,,836,+3,+0.36%,2,ー倍,3.41倍,ー%
20260825,3594,ニッコー,5343,名M,,184,0,0.00%,2,ー倍,1.91倍,ー%
20260825,3595,美濃窯,5356,東S,,"1,294",-4,-0.31%,2,9.01倍,0.78倍,4.02%
20260825,3596,ＪＭＣ,5704,東S,,385,+2,+0.52%,2,16.2倍,1.28倍,ー%
20260825,3597,日カン,5905,東S,,"1,365",ー,ー%,2,ー倍,0.46倍,1.47%
20260825,3598,エムケー精工,5906,東S,,752,0,0.00%,2,6.99倍,0.54倍,2.39%
20260825,3599,トーアミ,5973,東S,,610,-9,-1.45%,2,11.5倍,0.31倍,2.95%
20260825,3600,協立エアテク,5997,東S,,933,+2,+0.21%,2,9.80倍,0.45倍,2.14%
20260825,3601,アトラＧ,6029,東S,,186,0,0.00%,2,130倍,1.18倍,ー%
20260825,3602,ＭＲＴ,6034,東G,,636,-9,-1.40%,2,27.0倍,0.73倍,ー%
20260825,3603,イード,6038,東G,,832,-8,-0.95%,2,ー倍,0.83倍,2.88%
20260825,3604,三機サービス,6044,東S,,"1,944",-9,-0.46%,2,ー倍,2.23倍,ー%
20260825,3605,ＪＳＳ,6074,東S,,514,-5,-0.96%,2,7.13倍,0.65倍,4.09%
20260825,3606,アビスト,6087,東S,,"3,510",-5,-0.14%,2,23.7倍,1.96倍,2.91%
20260825,3607,ウエスコＨＤ,6091,東S,,903,0,0.00%,2,13.9倍,0.70倍,3.10%
20260825,3608,フリークＨＤ,6094,東G,,571,+2,+0.35%,2,12.6倍,0.83倍,ー%
20260825,3609,旭精機,6111,名M,,"2,011",+2,+0.10%,2,154倍,0.33倍,2.98%
20260825,3610,西部電機,6144,東S,,"2,930",-20,-0.68%,2,14.7倍,1.25倍,3.07%
20260825,3611,高松機械,6155,東S,,544,+7,+1.30%,2,44.2倍,0.36倍,1.84%
20260825,3612,一蔵,6186,東S,,388,0,0.00%,2,12.1倍,0.95倍,3.87%
20260825,3613,Ｇキッズ,6189,東S,,"1,034",0,0.00%,2,14.1倍,1.20倍,3.87%
20260825,3614,フェニクスＢ,6190,東G,,341,+1,+0.29%,2,18.3倍,0.96倍,ー%
20260825,3615,ＫＬＡＳＳ,6233,東S,,392,-2,-0.51%,2,8.71倍,0.64倍,2.55%
20260825,3616,ダイトウボウ,3202,東S,,129,+1,+0.78%,2,32.1倍,0.78倍,2.33%
20260825,3617,ウィル,3241,東S,,599,+4,+0.67%,2,7.73倍,1.20倍,3.92%
20260825,3618,アズマハウス,3293,東S,,774,0,0.00%,2,9.78倍,0.36倍,4.52%
20260825,3619,フライングＧ,3317,東S,,"1,463",+5,+0.34%,2,12.1倍,1.14倍,1.16%
20260825,3620,ランシステム,3326,東S,,651,-2,-0.31%,2,25.2倍,8.49倍,ー%
20260825,3621,ピクスタ,3416,東S,,871,-9,-1.02%,2,14.4倍,1.44倍,5.17%
20260825,3622,エスイー,3423,東S,,277,0,0.00%,2,52.7倍,0.83倍,4.33%
20260825,3623,特殊電極,3437,東S,,"2,743",-8,-0.29%,2,13.6倍,0.55倍,3.72%
20260825,3624,ＭＩＥコーポ,3442,名M,,"1,989",+274,+15.98%,2,5.84倍,0.71倍,2.01%
20260825,3625,パルマ,3461,東S,,609,-1,-0.16%,2,19.6倍,1.69倍,2.13%
20260825,3626,デュアルＴ,3469,東S,,898,-2,-0.22%,2,65.5倍,1.49倍,1.39%
20260825,3627,フォーライフ,3477,東G,,885,+2,+0.23%,2,5.45倍,0.80倍,3.67%
20260825,3628,イノベＨＤ,3484,東S,,"1,081",+1,+0.09%,2,14.2倍,3.92倍,3.15%
20260825,3629,香陵住販,3495,東S,,"2,299",-16,-0.69%,2,5.82倍,0.92倍,2.78%
20260825,3630,アクサスＨＤ,3536,東S,,131,+1,+0.77%,2,15.9倍,1.61倍,1.53%
20260825,3631,ソトー,3571,東S,,725,+1,+0.14%,2,ー倍,0.58倍,5.52%
20260825,3632,ソケッツ,3634,東S,,604,0,0.00%,2,26.4倍,2.50倍,0.99%
20260825,3633,駅探,3646,東S,,340,-8,-2.30%,2,ー倍,1.39倍,2.35%
20260825,3634,エンカレッジ,3682,東S,,586,0,0.00%,2,17.5倍,1.15倍,4.61%
20260825,3635,ジョルダン,3710,東S,,648,+7,+1.09%,2,10.3倍,0.67倍,1.54%
20260825,3636,情報企画,3712,東S,,"1,000",-1,-0.10%,2,13.8倍,2.02倍,2.40%
20260825,3637,Ｊエスコム,3779,東S,,132,0,0.00%,2,ー倍,3.07倍,ー%
20260825,3638,システムディ,3804,東S,,468,+19,+4.23%,2,12.8倍,1.71倍,2.35%
20260825,3639,ユビＡＩ,3858,東S,,298,0,0.00%,2,ー倍,1.51倍,ー%
20260825,3640,Ｖゴルフ,3931,東G,,"1,522",+10,+0.66%,2,25.0倍,2.65倍,1.64%
20260825,3641,ＣＳＳ,2304,東S,,913,-1,-0.11%,2,7.68倍,1.36倍,3.83%
20260825,3642,ケア２１,2373,東S,,407,-3,-0.73%,2,110倍,1.32倍,4.18%
20260825,3643,ブラス,2424,東S,,602,-1,-0.17%,2,10.2倍,0.74倍,1.33%
20260825,3644,イーサポート,2493,東S,,947,-1,-0.11%,2,29.1倍,1.13倍,0.53%
20260825,3645,マルサンアイ,2551,名M,,"3,580",-15,-0.42%,2,9.82倍,1.04倍,0.84%
20260825,3646,久世,2708,東S,,"1,886",+6,+0.32%,2,6.23倍,0.91倍,2.39%
20260825,3647,北雄ラッキー,2747,東S,,"3,160",+40,+1.28%,2,76.8倍,0.69倍,1.58%
20260825,3648,日東ベスト,2877,東S,,741,-9,-1.20%,2,44.8倍,0.54倍,1.62%
20260825,3649,石井食,2894,東S,,350,-5,-1.41%,2,83.3倍,1.48倍,1.14%
20260825,3650,仙波糖化,2916,東S,,747,+2,+0.27%,2,11.9倍,0.67倍,2.01%
20260825,3651,ゴルフ・ドゥ,3032,名N,,242,0,0.00%,2,13.5倍,1.39倍,1.65%
20260825,3652,ビューテＨＤ,3041,東S,,402,+1,+0.25%,2,330倍,3.95倍,ー%
20260825,3653,ヒラキ,3059,東S,,708,+1,+0.14%,2,34.5倍,0.57倍,2.82%
20260825,3654,ジェーソン,3080,東S,,809,-2,-0.25%,2,69.1倍,1.77倍,1.61%
20260825,3655,富士山ＭＳ,3138,東S,,"1,135",+3,+0.27%,2,313倍,1.63倍,1.41%
20260825,3656,オーウイル,3143,東S,,690,0,0.00%,2,8.94倍,1.01倍,3.19%
20260825,3657,アゼアス,3161,東S,,681,+3,+0.44%,2,22.1倍,0.57倍,3.38%
20260825,3658,ミサワ,3169,東S,,663,-1,-0.15%,2,27.4倍,1.49倍,1.21%
20260825,3659,ハピネス＆Ｄ,3174,東S,,402,0,0.00%,2,ー倍,4.35倍,ー%
20260825,3660,古林紙,3944,東S,,"3,100",-40,-1.27%,2,14.0倍,0.33倍,1.61%
20260825,3661,ダイナパック,3947,東S,,"2,468",+12,+0.49%,2,7.09倍,0.49倍,3.65%
20260825,3662,イムラ,3955,東S,,844,+4,+0.48%,2,18.4倍,0.48倍,3.55%
20260825,3663,キャピタルＡ,3965,東S,,886,0,0.00%,2,9.63倍,1.32倍,2.93%
20260825,3664,ビーグリー,3981,東S,,"1,204",+9,+0.75%,2,24.9倍,0.84倍,3.74%
20260825,3665,テモナ,3985,東S,,184,+1,+0.55%,2,48.0倍,2.81倍,ー%
20260825,3666,ビーブレイク,3986,東S,,479,+2,+0.42%,2,20.8倍,1.22倍,3.34%
20260825,3667,クラスター,4240,東S,,324,-9,-2.70%,2,40.1倍,1.07倍,1.54%
20260825,3668,ジャストプラ,4287,東S,,494,0,0.00%,2,11.5倍,1.49倍,2.63%
20260825,3669,レイ,4317,東S,,554,-5,-0.89%,2,8.93倍,0.93倍,2.71%
20260825,3670,ＩＰＳＨＤ,4335,東S,,"1,099",0,0.00%,2,9.45倍,1.41倍,3.46%
20260825,3671,ブロメディア,4347,東S,,"1,670",+19,+1.15%,2,13.4倍,2.46倍,3.89%
20260825,3672,ＺＵＵ,4387,東G,,505,+2,+0.40%,2,239倍,2.23倍,ー%
20260825,3673,エーアイ,4388,東S,,365,+1,+0.27%,2,36.7倍,1.02倍,ー%
20260825,3674,ロジザード,4391,東G,,"1,123",-1,-0.09%,2,12.7倍,1.49倍,1.69%
20260825,3675,ＢＢＳｅｃ,4398,東S,,"1,285",-2,-0.16%,2,12.1倍,2.34倍,1.32%
20260825,3676,ＤＩシステム,4421,東S,,945,0,0.00%,2,10.7倍,1.63倍,2.96%
20260825,3677,ナトコ,4627,東S,,"1,867",+14,+0.76%,2,14.1倍,0.56倍,2.89%
20260825,3678,日本ラッド,4736,東S,,586,0,0.00%,2,18.8倍,0.89倍,1.71%
20260825,3679,ＡＬＰＨＡ,4760,東S,,"1,733",-9,-0.52%,2,10.7倍,1.01倍,4.04%
20260825,3680,ピーエイ,4766,東S,,205,0,0.00%,2,22.0倍,4.53倍,2.54%
20260825,3681,セーラー,7992,東S,,104,+2,+1.96%,2,ー倍,3.10倍,ー%
20260825,3682,くろ工,7997,東S,,"1,085",+11,+1.02%,2,20.1倍,0.38倍,3.69%
20260825,3683,トルク,8077,東S,,214,0,0.00%,2,8.80倍,0.34倍,2.80%
20260825,3684,ナイス,8089,東S,,"1,970",+7,+0.36%,2,7.18倍,0.38倍,4.01%
20260825,3685,ラピーヌ,8143,東S,,141,+1,+0.71%,2,ー倍,0.47倍,ー%
20260825,3686,はせがわ,8230,東S,,312,-1,-0.32%,2,10.1倍,0.45倍,4.81%
20260825,3687,大和デ,8247,東S,,318,+2,+0.63%,2,17.8倍,0.32倍,ー%
20260825,3688,アサックス,8772,東S,,879,+5,+0.57%,2,7.04倍,0.54倍,2.50%
20260825,3689,レオクラン,7681,東S,,999,-6,-0.60%,2,25.7倍,1.02倍,1.70%
20260825,3690,浜木綿,7682,東S,,"3,910",-10,-0.26%,2,46.4倍,4.97倍,0.43%
20260825,3691,ジェイック,7073,東G,,"2,253",-2,-0.09%,2,16.8倍,2.18倍,2.44%
20260825,3692,日本インシュ,5368,東S,,"1,015",-1,-0.10%,2,12.0倍,0.60倍,3.94%
20260825,3693,ヴィス,5071,東S,,"1,375",-5,-0.36%,2,9.38倍,1.53倍,4.29%
20260825,3694,上場ＥＳＧリ,2566,東Ｅ,,"1,020",-7,-0.68%,2,ー倍,ー倍,ー%
20260825,3695,アクシス,4012,東S,,"1,741",+7,+0.40%,2,10.7倍,1.76倍,3.27%
20260825,3696,Ｐアンチエイ,4934,東G,,600,+5,+0.84%,2,17.4倍,0.74倍,ー%
20260825,3697,ビートレンド,4020,東G,,811,+10,+1.25%,2,ー倍,2.75倍,ー%
20260825,3698,Ｓイノベ,4178,東G,,491,-9,-1.80%,2,46.0倍,1.11倍,ー%
20260825,3699,表示灯,7368,東S,,"1,710",0,0.00%,2,9.97倍,0.95倍,3.80%
20260825,3700,ＧＸリー日株,2641,東Ｅ,,"4,530",-17,-0.37%,2,ー倍,ー倍,ー%
20260825,3701,ジェイフロ,2934,東G,,"2,004",-10,-0.50%,2,19.4倍,8.72倍,ー%
20260825,3702,メディア総研,9242,東G,,"1,911",-25,-1.29%,2,9.65倍,1.33倍,1.31%
20260825,3703,一家ＨＤ,7127,東S,,703,0,0.00%,2,22.6倍,5.01倍,ー%
20260825,3704,日本調理機,2961,東S,,"1,430",+14,+0.99%,2,12.8倍,0.87倍,3.15%
20260825,3705,タカヨシＨＤ,9259,東G,,844,-7,-0.82%,2,9.11倍,1.38倍,3.55%
20260825,3706,ＣａＳｙ,9215,東G,,962,+8,+0.84%,2,ー倍,6.70倍,ー%
20260825,3707,ＡＳＮＯＶＡ,9223,東G,,449,+3,+0.67%,2,ー倍,1.90倍,0.45%
20260825,3708,モイ,5031,東G,,332,+1,+0.30%,2,ー倍,2.83倍,ー%
20260825,3709,ペットゴー,7140,東G,,801,+1,+0.13%,2,21.7倍,1.83倍,ー%
20260825,3710,ＧＸグリ日Ｒ,2855,東Ｅ,,952,+1,+0.11%,2,ー倍,ー倍,ー%
20260825,3711,ＨＯＵＳＥＩ,5035,東G,,361,0,0.00%,2,14.2倍,0.81倍,0.83%
20260825,3712,ＧＸ日カバコ,2858,東Ｅ,,"1,512",+12,+0.80%,2,ー倍,ー倍,ー%
20260825,3713,野村独株Ｈ有,2860,東Ｅ,,"3,285",0,0.00%,2,ー倍,ー倍,ー%
20260825,3714,ジャパニアス,9558,東G,,"1,992",-4,-0.20%,2,10.0倍,2.33倍,5.07%
20260825,3715,キューブ,7112,東G,,699,-2,-0.29%,2,64.8倍,1.09倍,ー%
20260825,3716,ビジコーチ,9562,東G,,622,+11,+1.80%,2,527倍,2.01倍,2.73%
20260825,3717,ＰＯＰＥＲ,5134,東G,,486,-15,-2.99%,2,34.3倍,2.12倍,ー%
20260825,3718,フリーダム,8996,東S,,"1,107",-13,-1.16%,2,6.29倍,1.07倍,4.97%
20260825,3719,スマサポ,9342,東G,,941,0,0.00%,2,14.6倍,3.49倍,ー%
20260825,3720,日本ナレッジ,5252,東G,,790,+5,+0.64%,2,31.3倍,2.86倍,0.89%
20260825,3721,日本乾溜工,1771,福証,,938,+1,+0.11%,2,17.6倍,1.20倍,3.84%
20260825,3722,トラックワン,3047,福Ｑ,,"1,070",+70,+7.00%,2,7.78倍,1.46倍,1.03%
20260825,3723,フュージョン,3977,札Ａ,,537,+19,+3.67%,2,31.0倍,1.85倍,ー%
20260825,3724,筑邦銀,8398,福証,,"2,292",+50,+2.23%,2,8.66倍,0.35倍,2.62%
20260825,3725,ロジネットＪ,9027,札証,,"4,885",+5,+0.10%,2,8.40倍,1.01倍,3.52%
20260825,3726,中バス,9085,札証,,"5,400",-90,-1.64%,2,11.8倍,0.44倍,ー%
20260825,3727,インバＰＦ,5587,東G,,820,0,0.00%,2,12.0倍,1.73倍,ー%
20260825,3728,Ｄサイクル,5888,東G,,"2,810",-20,-0.71%,2,7.71倍,1.18倍,2.60%
20260825,3729,ｉＳ米総合債,2256,東Ｅ,,221.4,+0.4,+0.18%,2,ー倍,ー倍,ー%
20260825,3730,ナイル,5618,東G,,282,-2,-0.70%,2,52.3倍,7.38倍,ー%
20260825,3731,マーソ,5619,東G,,855,0,0.00%,2,ー倍,1.55倍,ー%
20260825,3732,ＧＸ優証隔月,2019,東Ｅ,,"1,017",+3,+0.30%,2,ー倍,ー倍,ー%
20260825,3733,ＳＴＧ,5858,東G,,"1,163",+9,+0.78%,2,9.54倍,0.70倍,1.72%
20260825,3734,野村Ｐ１５０,159A,東Ｅ,,733.7,+3.2,+0.44%,2,ー倍,ー倍,ー%
20260825,3735,ダイブＧ,151A,東G,,648,+5,+0.78%,2,8.64倍,1.97倍,ー%
20260825,3736,ＧＸ超長米債,180A,東Ｅ,,282.4,+1.3,+0.46%,2,ー倍,ー倍,ー%
20260825,3737,コージンＢ,177A,東G,,849,+4,+0.47%,2,39.5倍,0.74倍,1.18%
20260825,3738,ＤＭカンパニ,189A,東G,,979,-3,-0.31%,2,9.18倍,0.97倍,2.04%
20260825,3739,インテＧ,192A,東G,,"1,244",+10,+0.81%,2,12.5倍,1.42倍,4.02%
20260825,3740,ファベル,220A,東S,,938,0,0.00%,2,12.3倍,1.07倍,3.20%
20260825,3741,ＳＭＴ厳選投,257A,東Ｅ,,"3,393",+9,+0.27%,2,ー倍,ー倍,ー%
20260825,3742,グロースｘＰ,244A,東G,,"1,158",+4,+0.35%,2,14.3倍,1.04倍,ー%
20260825,3743,ケイ・ウノ,259A,名N,,"1,735",+5,+0.29%,2,23.5倍,1.44倍,ー%
20260825,3744,ＳＢＩサウジ,273A,東Ｅ,,"10,180",+150,+1.50%,2,ー倍,ー倍,ー%
20260825,3745,メディックス,331A,東S,,487,-3,-0.61%,2,8.22倍,1.12倍,3.90%
20260825,3746,ジグザグ,340A,東G,,331,+1,+0.30%,2,18.7倍,1.87倍,ー%
20260825,3747,ＧＸＳＰＣＦ,356A,東Ｅ,,"1,582",+12,+0.76%,2,ー倍,ー倍,ー%
20260825,3748,みのや,386A,東S,,"1,263",+1,+0.08%,2,13.2倍,1.16倍,2.38%
20260825,3749,上場米債ヘ有,1487,東Ｅ,,"11,770",-10,-0.08%,2,ー倍,ー倍,ー%
20260825,3750,ｉＳＩＧ債Ｈ,1496,東Ｅ,,"1,633",+4,+0.25%,2,ー倍,ー倍,ー%
20260825,3751,ＷＴアグリ,1687,東Ｅ,,"1,109.5",+1.0,+0.09%,2,ー倍,ー倍,ー%
20260825,3752,ＷＴ大豆,1697,東Ｅ,,"4,739",-1,-0.02%,2,ー倍,ー倍,ー%
20260825,3753,シンクレイヤ,1724,東S,,710,-6,-0.84%,2,8.83倍,0.51倍,4.23%
20260825,3754,太洋基礎,1758,東S,,"2,450",+7,+0.29%,2,10.3倍,0.51倍,2.65%
20260825,3755,ナカボテック,1787,東S,,"5,970",0,0.00%,2,14.0倍,1.57倍,4.36%
20260825,3756,マサル,1795,東S,,"5,590",-40,-0.71%,2,17.5倍,0.92倍,1.97%
20260825,3757,守谷商会,1798,東S,,"1,030",0,0.00%,2,6.61倍,0.60倍,3.69%
20260825,3758,徳倉建,1892,名M,,"8,100",0,0.00%,2,7.09倍,0.74倍,3.09%
20260825,3759,金下建,1897,東S,,"3,225",-15,-0.46%,2,20.6倍,0.33倍,1.55%
20260825,3760,ＮＹダウブル,2040,東EN,,"39,710",+160,+0.40%,2,ー倍,ー倍,ー%
20260825,3761,グロス２５０,2042,東EN,,"8,155",+183,+2.30%,2,ー倍,ー倍,ー%
20260825,3762,成学社,2179,東S,,847,-3,-0.35%,2,7.74倍,1.20倍,3.90%
20260825,3763,一パン,2215,東S,,607,0,0.00%,2,23.4倍,0.48倍,ー%
20260825,3764,東部ネット,9036,東S,,"1,227",-22,-1.76%,2,25.9倍,0.32倍,1.63%
20260825,3765,カンダ,9059,東S,,913,+1,+0.11%,2,7.66倍,0.69倍,2.85%
20260825,3766,杉村倉,9307,東S,,986,+2,+0.20%,2,18.8倍,0.91倍,1.52%
20260825,3767,アサガミ,9311,東S,,"7,740",ー,ー%,2,8.74倍,0.46倍,ー%
20260825,3768,ファイズＨＤ,9325,東S,,"1,084",-7,-0.64%,2,8.33倍,2.48倍,3.51%
20260825,3769,桜島埠,9353,東S,,"2,890",+30,+1.05%,2,17.0倍,0.49倍,1.87%
20260825,3770,トレーディア,9365,東S,,"1,666",+47,+2.90%,2,6.98倍,0.39倍,3.00%
20260825,3771,ユーラシア,9376,東S,,825,+5,+0.61%,2,ー倍,1.89倍,6.06%
20260825,3772,スマバ,9417,東S,,326,-6,-1.81%,2,ー倍,2.37倍,ー%
20260825,3773,セレスポ,9625,東S,,962,+3,+0.31%,2,7.78倍,0.56倍,5.20%
20260825,3774,きんえい,9636,東S,,"4,185",+20,+0.48%,2,77.8倍,4.23倍,0.24%
20260825,3775,会舘,9701,東S,,"4,250",-40,-0.93%,2,13.9倍,1.04倍,1.18%
20260825,3776,ＩＸナレッジ,9753,東S,,"1,370",+19,+1.41%,2,8.13倍,1.13倍,3.65%
20260825,3777,英和,9857,東S,,"2,654",+2,+0.08%,2,9.08倍,0.87倍,3.62%
20260825,3778,コックス,9876,東S,,220,+1,+0.46%,2,5.63倍,0.58倍,ー%
20260825,3779,北沢産,9930,東S,,405,-10,-2.41%,2,24.3倍,0.68倍,2.47%
20260825,3780,ヨンキュウ,9955,東S,,"2,824",+1,+0.04%,2,ー倍,0.84倍,ー%
20260825,3781,ショクブン,9969,東S,,232,-2,-0.85%,2,"1,785倍",1.56倍,1.08%
20260825,3782,リビンＴ,4445,東G,,"1,851",-10,-0.54%,2,33.9倍,3.12倍,ー%
20260825,3783,ツクルバ,2978,東G,,348,0,0.00%,2,ー倍,3.85倍,ー%
20260825,3784,タクミナ,6322,東S,,"1,577",-5,-0.32%,2,8.84倍,0.97倍,3.42%
20260825,3785,タカキタ,6325,東S,,419,-1,-0.24%,2,19.2倍,0.57倍,2.39%
20260825,3786,明治機,6334,東S,,494,-1,-0.20%,2,53.2倍,2.00倍,1.21%
20260825,3787,不二精機,6400,東S,,292,-1,-0.34%,2,6.44倍,0.57倍,3.42%
20260825,3788,高見サイ,6424,東S,,896,0,0.00%,2,7.19倍,0.63倍,2.57%
20260825,3789,オーイズミ,6428,東S,,330,+1,+0.30%,2,12.4倍,0.39倍,3.64%
20260825,3790,ログリー,6579,東G,,347,-8,-2.25%,2,ー倍,3.56倍,ー%
20260825,3791,ＣＧＳＨＤ,6633,東S,,321,+3,+0.94%,2,14.3倍,0.93倍,3.12%
20260825,3792,オプトエレ,6664,東S,,246,+4,+1.65%,2,ー倍,0.49倍,ー%
20260825,3793,ズーム,6694,東S,,741,+6,+0.82%,2,8.00倍,0.54倍,4.32%
20260825,3794,コスモス,6772,東S,,"1,076",-11,-1.01%,2,23.3倍,0.95倍,4.65%
20260825,3795,伊豆シャボ,6819,東S,,475,+2,+0.42%,2,8.99倍,1.45倍,4.21%
20260825,3796,東亜ＤＫＫ,6848,東S,,867,+5,+0.58%,2,18.6倍,0.72倍,2.54%
20260825,3797,アクモス,6888,東S,,504,0,0.00%,2,11.7倍,1.46倍,4.96%
20260825,3798,ＡＳＴＩ,6899,東S,,"2,279",-16,-0.70%,2,10.2倍,0.28倍,3.51%
20260825,3799,ソフィア,6942,東S,,"1,389",+3,+0.22%,2,920倍,2.14倍,ー%
20260825,3800,エヌシーエヌ,7057,東S,,929,+7,+0.76%,2,11.3倍,1.40倍,3.55%
20260825,3801,ハウテレ,7064,東S,,876,+1,+0.11%,2,88.1倍,1.58倍,ー%
20260825,3802,あんしん保証,7183,東S,,254,0,0.00%,2,ー倍,1.76倍,ー%
20260825,3803,カネミツ,7208,東S,,"1,290",-2,-0.15%,2,9.70倍,0.52倍,3.18%
20260825,3804,ＨＫＳ,7219,東S,,"2,670",-8,-0.30%,2,7.56倍,0.34倍,2.43%
20260825,3805,アスカ,7227,名M,,"1,830",0,0.00%,2,6.74倍,0.66倍,2.95%
20260825,3806,エイケン工業,7265,東S,,"3,885",+5,+0.13%,2,13.3倍,0.65倍,2.83%
20260825,3807,ナンシン,7399,東S,,598,+1,+0.17%,2,15.3倍,0.32倍,3.34%
20260825,3808,オータケ,7434,東S,,"1,815",-15,-0.82%,2,8.34倍,0.42倍,2.20%
20260825,3809,東北化学,7446,東S,,"4,560",0,0.00%,2,8.06倍,0.47倍,2.30%
20260825,3810,セフテック,7464,東S,,"1,526",+1,+0.07%,2,18.5倍,0.37倍,3.93%
20260825,3811,小津産業,7487,東S,,"1,799",+4,+0.22%,2,34.4倍,0.79倍,1.50%
20260825,3812,日新商,7490,東S,,"2,190",-1,-0.05%,2,ー倍,0.55倍,ー%
20260825,3813,西川計測,7500,東S,,"9,680",-30,-0.31%,2,11.3倍,1.28倍,3.62%
20260825,3814,大水,7538,東S,,393,-5,-1.26%,2,7.41倍,0.38倍,1.78%
20260825,3815,ハンズマン,7636,東S,,793,0,0.00%,2,9.92倍,0.58倍,3.78%
20260825,3816,オーウエル,7670,東S,,"1,221",-9,-0.73%,2,6.47倍,0.52倍,4.50%
20260825,3817,ダイコー通産,7673,東S,,"1,647",+5,+0.30%,2,9.25倍,0.97倍,4.37%
20260825,3818,クボテック,7709,東S,,36,-1,-2.70%,2,ー倍,-35倍,ー%
20260825,3819,クレステック,7812,東S,,"2,154",+10,+0.47%,2,6.85倍,0.66倍,4.46%
20260825,3820,プラッツ,7813,東S,,834,+10,+1.21%,2,12.3倍,0.83倍,2.52%
20260825,3821,東京ボード,7815,東S,,370,+4,+1.09%,2,ー倍,1.57倍,ー%
20260825,3822,カワセコンピ,7851,福証,,184,-13,-6.60%,2,28.0倍,0.33倍,ー%
20260825,3823,フクビ,7871,東S,,"1,001",+1,+0.10%,2,10.1倍,0.48倍,3.10%
20260825,3824,エステール,7872,東S,,616,-3,-0.48%,2,15.0倍,0.57倍,4.38%
20260825,3825,永大化工,7877,東S,,"2,210",-23,-1.03%,2,7.77倍,0.36倍,3.17%
20260825,3826,ＥＭネットＪ,7036,東G,,669,0,0.00%,1,19.0倍,3.06倍,ー%
20260825,3827,ＣＲＧＨＤ,7041,東G,,345,-2,-0.58%,1,19.2倍,0.65倍,2.61%
20260825,3828,アクセスＨＤ,7042,東S,,709,-2,-0.28%,1,13.2倍,1.63倍,3.10%
20260825,3829,ＴＤＳＥ,7046,東G,,"1,306",-25,-1.88%,1,32.6倍,1.17倍,0.77%
20260825,3830,共栄セキュリ,7058,東S,,"2,900",-46,-1.56%,1,ー倍,0.85倍,3.10%
20260825,3831,テイン,7217,東S,,463,+7,+1.54%,1,13.1倍,0.66倍,3.89%
20260825,3832,ＭＵＲＯ,7264,東S,,"1,324",+9,+0.68%,1,6.60倍,0.35倍,3.55%
20260825,3833,盟和産,7284,東S,,"1,203",+1,+0.08%,1,13.2倍,0.34倍,4.16%
20260825,3834,カーメイト,7297,東S,,861,+1,+0.12%,1,10.7倍,0.40倍,3.48%
20260825,3835,小田原機器,7314,東S,,"1,311",0,0.00%,1,49.7倍,1.08倍,3.05%
20260825,3836,創健社,7413,東S,,"2,662",-38,-1.41%,1,93.1倍,1.57倍,0.75%
20260825,3837,はるやまＨＤ,7416,東S,,685,-2,-0.29%,1,107倍,0.49倍,2.26%
20260825,3838,山大,7426,東S,,620,-25,-3.88%,1,ー倍,0.40倍,ー%
20260825,3839,プラザＨＤ,7502,東S,,"1,671",+3,+0.18%,1,18.8倍,2.20倍,1.50%
20260825,3840,ハウスローゼ,7506,東S,,"1,380",-1,-0.07%,1,463倍,1.25倍,1.81%
20260825,3841,マルヨシ,7515,東S,,"4,625",-10,-0.22%,1,432倍,1.31倍,0.65%
20260825,3842,スリーエフ,7544,東S,,556,-1,-0.18%,1,14.0倍,1.01倍,3.24%
20260825,3843,大田花き,7555,東S,,742,-3,-0.40%,1,27.4倍,0.74倍,1.62%
20260825,3844,万世電機,7565,東S,,"7,950",+30,+0.38%,1,12.0倍,0.97倍,ー%
20260825,3845,かんなん丸,7585,東S,,407,-1,-0.25%,1,515倍,6.55倍,ー%
20260825,3846,ポプラ,7601,東S,,166,+1,+0.61%,1,11.9倍,13.9倍,ー%
20260825,3847,Ｇダイニング,7625,東S,,472,-3,-0.63%,1,7.14倍,0.80倍,1.06%
20260825,3848,トップカルチ,7640,東S,,182,+2,+1.11%,1,ー倍,-4.1倍,ー%
20260825,3849,幸和製,7807,東S,,876,+4,+0.46%,1,7.49倍,1.00倍,1.48%
20260825,3850,ＣＳランバー,7808,東S,,"2,672",-62,-2.27%,1,5.43倍,0.42倍,2.99%
20260825,3851,オービス,7827,東S,,"1,750",+1,+0.06%,1,8.81倍,0.55倍,3.54%
20260825,3852,ウイルコＨＤ,7831,東S,,68,0,0.00%,1,35.2倍,0.55倍,2.94%
20260825,3853,アールシー,7837,東S,,338,+7,+2.11%,1,2.75倍,0.99倍,ー%
20260825,3854,セキ,7857,東S,,"1,297",+2,+0.15%,1,40.0倍,0.33倍,2.00%
20260825,3855,ピープル,7865,東S,,343,+3,+0.88%,1,ー倍,0.81倍,ー%
20260825,3856,サンメッセ,7883,東S,,400,0,0.00%,1,25.9倍,0.34倍,2.25%
20260825,3857,南プラ,7887,東S,,"1,536",+9,+0.59%,1,4.97倍,0.28倍,2.60%
20260825,3858,マツモト,7901,東S,,875,+7,+0.81%,1,20.6倍,0.99倍,ー%
20260825,3859,ＧＸ自動ＥＶ,2867,東Ｅ,,"1,720",-32,-1.83%,1,ー倍,ー倍,ー%
20260825,3860,アップコン,5075,名N,,"1,034",+6,+0.58%,1,20.6倍,2.28倍,ー%
20260825,3861,ＧＬＯＥ,9565,東G,,676,+7,+1.05%,1,125倍,4.00倍,ー%
20260825,3862,フーディソン,7114,東G,,782,+2,+0.26%,1,19.4倍,1.48倍,ー%
20260825,3863,コーチエィ,9339,東S,,"1,425",+10,+0.71%,1,27.2倍,1.08倍,1.40%
20260825,3864,ＧＭＯプラ,5250,東S,,"1,022",-13,-1.26%,1,ー倍,2.58倍,1.99%
20260825,3865,ＭＸＮＹダウ,2241,東Ｅ,,947.0,+5.9,+0.63%,1,ー倍,ー倍,ー%
20260825,3866,日本ＳＢ,5530,名M,,"1,092",+2,+0.18%,1,7.67倍,0.93倍,4.12%
20260825,3867,ＧＸＵＳ中小,2252,東Ｅ,,"1,501",-2,-0.13%,1,ー倍,ー倍,ー%
20260825,3868,北海電工,1832,札証,,"1,391",+2,+0.14%,1,8.38倍,0.77倍,1.44%
20260825,3869,ヒガシマル,2058,福証,,"1,015",+17,+1.70%,1,30.3倍,0.90倍,1.18%
20260825,3870,ＢワンＨＤ,4827,福Ｑ,,870,0,0.00%,1,3.80倍,0.51倍,1.49%
20260825,3871,サンケ化,4995,福証,,"1,725",+2,+0.12%,1,6.84倍,0.43倍,1.74%
20260825,3872,中道リース,8594,札証,,691,-9,-1.29%,1,5.68倍,0.35倍,2.17%
20260825,3873,揚羽,9330,東G,,872,+2,+0.23%,1,ー倍,1.43倍,ー%
20260825,3874,キャスター,9331,東G,,740,+11,+1.51%,1,ー倍,2.08倍,ー%
20260825,3875,ジャパンＭＡ,9236,東G,,"1,293",-7,-0.54%,1,13.4倍,2.75倍,0.77%
20260825,3876,ＧＸＵＳ配ヘ,2095,東Ｅ,,"1,207",+7,+0.58%,1,ー倍,ー倍,ー%
20260825,3877,アスマーク,4197,東S,,"2,352",+1,+0.04%,1,19.5倍,1.68倍,3.32%
20260825,3878,雨風太陽,5616,東G,,640,+7,+1.11%,1,51.7倍,5.45倍,ー%
20260825,3879,エスネット,5867,東G,,"1,237",-1,-0.08%,1,9.67倍,2.04倍,ー%
20260825,3880,ココリブ,137A,東G,,719,+9,+1.27%,1,16.8倍,2.01倍,ー%
20260825,3881,ＡＩセレクト,162A,東EN,,"17,030",+10,+0.06%,1,ー倍,ー倍,ー%
20260825,3882,ウィルスマ,175A,東G,,631,+10,+1.61%,1,34.0倍,4.69倍,ー%
20260825,3883,学びエイド,184A,東G,,320,-4,-1.23%,1,13.2倍,2.04倍,ー%
20260825,3884,オプロ,228A,東G,,"1,682",+18,+1.08%,1,12.8倍,2.75倍,ー%
20260825,3885,クロスＥ,231A,福Ｑ,,"1,059",-2,-0.19%,1,12.3倍,0.89倍,5.19%
20260825,3886,キッズスター,248A,東G,,817,0,0.00%,1,30.2倍,0.89倍,ー%
20260825,3887,ｖｉｓｕｍｏ,303A,東G,,601,-4,-0.66%,1,58.7倍,1.79倍,ー%
20260825,3888,フォルシア,304A,東G,,"1,970",+1,+0.05%,1,8.82倍,1.20倍,ー%
20260825,3889,パパネッツ,9388,福Ｑ,,891,0,0.00%,1,8.06倍,1.57倍,2.81%
20260825,3890,高配当成長,345A,東EN,,"15,710",+85,+0.54%,1,ー倍,ー倍,ー%
20260825,3891,ＳＭＤ日グ株,349A,東Ｅ,,854.6,+13.8,+1.64%,1,ー倍,ー倍,ー%
20260825,3892,ｉＦ英１００,363A,東Ｅ,,"2,825",+16,+0.57%,1,ー倍,ー倍,ー%
20260825,3893,ＡＩＧＨＤ,377A,名M,,"1,038",-10,-0.95%,1,37.4倍,1.43倍,ー%
20260825,3894,ＧＭＯテック,415A,東G,,"5,050",-80,-1.56%,1,18.0倍,2.07倍,5.48%
20260825,3895,光ビジネス,3948,東S,,"1,162",0,0.00%,1,18.4倍,0.66倍,4.30%
20260825,3896,昭和パックス,3954,東S,,"3,230",0,0.00%,1,10.5倍,0.51倍,1.55%
20260825,3897,ＳＣＡＴ,3974,東S,,672,+2,+0.30%,1,16.8倍,1.01倍,2.08%
20260825,3898,ウォンテッド,3991,東G,,947,+4,+0.42%,1,5.85倍,1.48倍,2.11%
20260825,3899,すららネット,3998,東G,,303,0,0.00%,1,ー倍,0.88倍,ー%
20260825,3900,日ピグＨＤ,4119,東S,,"5,930",+60,+1.02%,1,7.16倍,0.41倍,1.69%
20260825,3901,タカギセイコ,4242,東S,,"1,790",-10,-0.56%,1,8.11倍,0.39倍,3.35%
20260825,3902,ポバール興業,4247,東S,,"1,395",+5,+0.36%,1,11.9倍,0.61倍,3.01%
20260825,3903,ユークス,4334,東S,,383,+2,+0.52%,1,11.5倍,1.28倍,2.61%
20260825,3904,西菱電機,4341,東S,,912,+4,+0.44%,1,14.7倍,0.58倍,4.93%
20260825,3905,山田債権,4351,東S,,826,0,0.00%,1,24.6倍,1.12倍,1.21%
20260825,3906,応用技術,4356,東S,,"1,659",+9,+0.55%,1,12.1倍,1.49倍,2.41%
20260825,3907,リックソフト,4429,東G,,725,-2,-0.28%,1,20.5倍,0.96倍,ー%
20260825,3908,Ｗｅｌｂｙ,4438,東G,,255,-3,-1.16%,1,ー倍,38.4倍,ー%
20260825,3909,神東塗,4615,東S,,132,0,0.00%,1,22.5倍,0.34倍,ー%
20260825,3910,市進ＨＤ,4645,東S,,437,0,0.00%,1,10.1倍,1.56倍,2.29%
20260825,3911,ＳＤエンター,4650,東S,,269,-3,-1.10%,1,16.1倍,1.36倍,ー%
20260825,3912,秀英,4678,東S,,332,+2,+0.61%,1,4.95倍,0.52倍,3.01%
20260825,3913,田谷,4679,東S,,262,-2,-0.76%,1,196倍,2.64倍,ー%
20260825,3914,城南進研,4720,東S,,244,+2,+0.83%,1,23.3倍,1.70倍,2.05%
20260825,3915,トスネット,4754,東S,,"1,509",+14,+0.94%,1,13.1倍,0.83倍,2.45%
20260825,3916,ＩＣ,4769,東S,,"1,136",+11,+0.98%,1,22.0倍,1.28倍,3.52%
20260825,3917,福留ハ,2291,東S,,513,+1,+0.20%,1,12.2倍,0.70倍,ー%
20260825,3918,滝沢ハム,2293,東S,,"2,718",+14,+0.52%,1,69.8倍,1.72倍,0.74%
20260825,3919,ケアサービス,2425,東S,,660,+2,+0.30%,1,32.5倍,0.88倍,3.33%
20260825,3920,シダー,2435,東S,,209,-1,-0.48%,1,9.02倍,1.22倍,3.83%
20260825,3921,プラップＪ,2449,東S,,"1,095",0,0.00%,1,9.68倍,0.88倍,3.74%
20260825,3922,オルアバウト,2454,東S,,349,+3,+0.87%,1,ー倍,1.42倍,ー%
20260825,3923,シスロケ,2480,東S,,"1,730",0,0.00%,1,15.0倍,1.49倍,2.20%
20260825,3924,野村外国株Ｈ,2514,東Ｅ,,"2,054",+11,+0.54%,1,ー倍,ー倍,ー%
20260825,3925,上場ＳＰヘ有,2521,東Ｅ,,"2,172",+10,+0.46%,1,ー倍,ー倍,ー%
20260825,3926,ＭＸトピ除金,2523,東Ｅ,,"3,143.0",-92.0,-2.84%,1,ー倍,ー倍,ー%
20260825,3927,農中東証指数,2524,東Ｅ,,"4,185",+20,+0.48%,1,ー倍,ー倍,ー%
20260825,3928,アスモ,2654,東S,,424,-1,-0.24%,1,14.6倍,0.83倍,2.36%
20260825,3929,タビオ,2668,東S,,"1,268",-1,-0.08%,1,18.9倍,1.59倍,2.37%
20260825,3930,ＣＶＳベイ,2687,東S,,507,+1,+0.20%,1,10.2倍,0.79倍,3.94%
20260825,3931,アイケイＨＤ,2722,東S,,359,+1,+0.28%,1,17.0倍,1.07倍,2.51%
20260825,3932,ユタカフーズ,2806,東S,,"1,894",0,0.00%,1,123倍,0.57倍,2.11%
20260825,3933,デルソーレ,2876,東S,,467,+1,+0.21%,1,10.4倍,0.65倍,2.57%
20260825,3934,クリエイト,3024,東S,,"1,171",0,0.00%,1,8.34倍,0.79倍,3.67%
20260825,3935,セキュアヴェ,3042,東S,,301,+1,+0.33%,1,24.4倍,1.94倍,1.00%
20260825,3936,ＩＣＤＡ,3184,東S,,"4,260",-20,-0.47%,1,6.65倍,0.75倍,1.64%
20260825,3937,日本色材,4920,東S,,"1,135",-15,-1.30%,1,12.3倍,0.55倍,2.64%
20260825,3938,高見沢,5283,東S,,"3,140",-5,-0.16%,1,4.32倍,0.33倍,2.23%
20260825,3939,ルツボ,5355,東S,,675,0,0.00%,1,9.97倍,0.73倍,2.96%
20260825,3940,新東,5380,東S,,"1,246",+17,+1.38%,1,29.4倍,0.28倍,3.01%
20260825,3941,高砂鉄,5458,東S,,"1,377",+2,+0.15%,1,9.29倍,0.81倍,3.27%
20260825,3942,虹技,5603,東S,,"1,324",+4,+0.30%,1,10.9倍,0.28倍,3.02%
20260825,3943,ＮＩＣ,5742,東S,,751,-5,-0.66%,1,31.2倍,1.26倍,5.46%
20260825,3944,中国工,5974,東S,,848,-5,-0.59%,1,10.3倍,0.46倍,2.71%
20260825,3945,兼房,5984,東S,,775,+3,+0.39%,1,12.0倍,0.34倍,2.97%
20260825,3946,オーネックス,5987,東S,,"1,690",-21,-1.23%,1,13.0倍,0.49倍,1.18%
20260825,3947,スーパツール,5990,東S,,"1,953",+7,+0.36%,1,27.2倍,0.45倍,3.07%
20260825,3948,日本ＰＣ,6025,名N,,742,-4,-0.54%,1,129倍,4.10倍,ー%
20260825,3949,ニッキ,6042,東S,,"4,000",-25,-0.62%,1,9.99倍,0.53倍,3.00%
20260825,3950,イトクロ,6049,東G,,244,-1,-0.41%,1,16.0倍,0.53倍,ー%
20260825,3951,タケダ機械,6150,東S,,"2,774",+2,+0.07%,1,9.81倍,0.47倍,2.88%
20260825,3952,ミクロン,6159,東S,,"1,888",ー,ー%,1,19.0倍,0.60倍,0.64%
20260825,3953,Ｃａｒｅｅｒ,6198,東G,,207,+4,+1.97%,1,ー倍,1.04倍,ー%
20260825,3954,エンシュウ,6218,東S,,632,0,0.00%,1,15.9倍,0.37倍,1.90%
20260825,3955,ウリドキ,418A,名N,,"1,275",0,0.00%,1,19.2倍,9.03倍,ー%
20260825,3956,クラシコ,442A,東G,,971,-11,-1.12%,1,13.4倍,1.23倍,ー%
20260825,3957,ＭＸ高配５０,461A,東Ｅ,,"2,672",+4,+0.15%,1,ー倍,ー倍,ー%
20260825,3958,野村欧州株,486A,東Ｅ,,"2,295",+8,+0.35%,1,ー倍,ー倍,ー%
20260825,3959,野村独株Ｈ無,487A,東Ｅ,,"2,134",+7,+0.33%,1,ー倍,ー倍,ー%
20260825,3960,防衛航空欧州,498A,東EN,,"9,572",-182,-1.87%,1,ー倍,ー倍,ー%
20260825,3961,ラグジュ欧州,499A,東EN,,"9,048",+70,+0.78%,1,ー倍,ー倍,ー%
20260825,3962,ＪＰＸ１００,526A,東Ｅ,,"2,285",+5,+0.22%,1,ー倍,ー倍,ー%
20260825,3963,ＧＸ先進ＣＦ,564A,東Ｅ,,"1,112",+8,+0.72%,1,ー倍,ー倍,ー%
20260825,3964,ｉＳ国債一三,571A,東Ｅ,,500.0,-0.2,-0.04%,1,ー倍,ー倍,ー%
20260825,3965,ＧＸＣカバコ,576A,東Ｅ,,993,+12,+1.22%,1,ー倍,ー倍,ー%
20260825,3966,ニラセル２千,600A,東Ｅ,,"1,974",-6,-0.30%,1,ー倍,ー倍,ー%
20260825,3967,秩父鉄,9012,東S,,"2,130",+32,+1.53%,1,13.8倍,0.56倍,ー%
20260825,3968,新潟交,9017,東S,,"2,000",+5,+0.25%,1,12.8倍,0.38倍,0.50%
20260825,3969,京極運,9073,東S,,"1,239",+9,+0.73%,1,32.1倍,0.75倍,0.97%
20260825,3970,丸八倉,9313,東S,,"1,050",+11,+1.06%,1,12.5倍,0.46倍,2.67%
20260825,3971,伏木運,9361,東S,,"2,060",ー,ー%,1,7.62倍,0.40倍,2.91%
20260825,3972,ＢＳＮＨＤ,9408,東S,,"2,648",-51,-1.89%,1,15.5倍,0.58倍,0.68%
20260825,3973,ワイヤレスＧ,9419,東S,,295,0,0.00%,1,12.8倍,1.88倍,ー%
20260825,3974,エヌジェイ,9421,東S,,509,-1,-0.20%,1,15.9倍,1.81倍,ー%
20260825,3975,フォーバルＴ,9445,東S,,537,0,0.00%,1,10.0倍,2.35倍,4.66%
20260825,3976,文溪堂,9471,名M,,"1,136",+1,+0.09%,1,11.6倍,0.44倍,3.59%
20260825,3977,昭文社ＨＤ,9475,東S,,531,+6,+1.14%,1,26.5倍,0.67倍,0.94%
20260825,3978,協和コンサル,9647,東S,,"7,010",+10,+0.14%,1,6.12倍,0.84倍,0.43%
20260825,3979,グリンランド,9656,東S,,599,-2,-0.33%,1,12.4倍,0.58倍,2.50%
20260825,3980,両毛システム,9691,東S,,"5,150",ー,ー%,1,ー倍,1.10倍,ー%
20260825,3981,京都ホ,9723,東S,,635,0,0.00%,1,21.3倍,3.17倍,0.47%
20260825,3982,日建工学,9767,東S,,"1,586",-2,-0.13%,1,8.26倍,0.58倍,1.89%
20260825,3983,テーオーＨＤ,9812,東S,,242,-3,-1.22%,1,310倍,4.10倍,0.21%
20260825,3984,ストライダズ,9816,東S,,258,-2,-0.77%,1,15.6倍,0.83倍,1.94%
20260825,3985,ジェネックス,9820,東S,,"3,730",+20,+0.54%,1,9.42倍,0.89倍,1.07%
20260825,3986,ジュンテン,9835,東S,,515,0,0.00%,1,27.8倍,0.32倍,1.94%
20260825,3987,セキド,9878,東S,,414,-1,-0.24%,1,679倍,-12倍,ー%
20260825,3988,シャルレ,9885,東S,,336,+2,+0.60%,1,45.4倍,0.39倍,2.38%
20260825,3989,カンセキ,9903,東S,,903,-3,-0.33%,1,21.0倍,1.05倍,2.21%
20260825,3990,平和紙業,9929,東S,,472,+2,+0.43%,1,28.2倍,0.42倍,2.54%
20260825,3991,アルテック,9972,東S,,283,-2,-0.70%,1,9.74倍,0.43倍,2.47%
20260825,3992,ヤシマキザイ,7677,東S,,"2,722",+48,+1.80%,1,17.0倍,0.74倍,0.92%
20260825,3993,野村上証５０,1309,東Ｅ,,"54,750",+310,+0.57%,1,ー倍,ー倍,ー%
20260825,3994,日経３００投,1319,東Ｅ,,733.5,ー,ー%,1,ー倍,ー倍,ー%
20260825,3995,上場パ中国Ａ,1322,東Ｅ,,"11,610",+65,+0.56%,1,ー倍,ー倍,ー%
20260825,3996,ホーブ,1382,東S,,880,-9,-1.01%,1,37.2倍,0.97倍,5.68%
20260825,3997,Ｏｎｅ４００,1474,東Ｅ,,"37,340",+90,+0.24%,1,ー倍,ー倍,ー%
20260825,3998,Ｏｎｅ中小型,1493,東Ｅ,,"25,940",+115,+0.45%,1,ー倍,ー倍,ー%
20260825,3999,上場アジリト,1495,東Ｅ,,"11,585",-5,-0.04%,1,ー倍,ー倍,ー%
20260825,4000,上場Ａリート,1555,東Ｅ,,"2,436",+5,+0.21%,1,ー倍,ー倍,ー%
20260825,4001,野村タイ５０,1559,東Ｅ,,"4,847",-1,-0.02%,1,ー倍,ー倍,ー%
20260825,4002,野村マレシア,1560,東Ｅ,,"6,516",-24,-0.37%,1,ー倍,ー倍,ー%
20260825,4003,Ｈ株ベア,1573,東Ｅ,,"8,320",+32,+0.39%,1,ー倍,ー倍,ー%
20260825,4004,ｉＦＥＸ－Ｆ,1585,東Ｅ,,"2,665.0",+6.5,+0.24%,1,ー倍,ー倍,ー%
20260825,4005,上場ＪＰＸ日,1592,東Ｅ,,"3,395",+15,+0.44%,1,ー倍,ー倍,ー%
20260825,4006,ＷＴパラジ,1675,東Ｅ,,"19,430",-135,-0.69%,1,ー倍,ー倍,ー%
20260825,4007,ＷＴ原油,1690,東Ｅ,,"2,380.5",-21.5,-0.90%,1,ー倍,ー倍,ー%
20260825,4008,ＷＴアルミ,1692,東Ｅ,,696.0,-3.0,-0.43%,1,ー倍,ー倍,ー%
20260825,4009,藤田エンジ,1770,東S,,"2,130",+18,+0.85%,1,9.79倍,0.88倍,3.19%
20260825,4010,ＹＴＬ,1773,東P,,93,+1,+1.09%,1,ー倍,ー倍,ー%
20260825,4011,協和日成,1981,東S,,"1,326",+6,+0.45%,1,10.7倍,0.68倍,3.92%
20260825,4012,神田通機,1992,東S,,"2,935",+35,+1.21%,1,22.5倍,1.10倍,2.90%
20260825,4013,ハンセンベア,2032,東EN,,"6,056",+9,+0.15%,1,ー倍,ー倍,ー%
20260825,4014,クルーズ,2138,東S,,452,-6,-1.31%,1,90.0倍,0.51倍,ー%
20260825,4015,中広,2139,東S,,526,+3,+0.57%,1,11.9倍,1.68倍,2.66%
20260825,4016,光村印,7916,東S,,"1,884",+3,+0.16%,1,ー倍,0.29倍,2.65%
20260825,4017,リヒトラブ,7975,東S,,"1,146",+2,+0.17%,1,19.4倍,0.35倍,2.18%
20260825,4018,重松製,7980,東S,,853,+3,+0.35%,1,8.31倍,0.62倍,1.76%
20260825,4019,日本ＩＳＫ,7986,東S,,"1,921",-10,-0.52%,1,6.55倍,0.61倍,1.56%
20260825,4020,ユアサフナ,8006,東S,,"1,540",+19,+1.25%,1,10.9倍,0.61倍,2.14%
20260825,4021,キング,8118,東S,,"1,224",+7,+0.58%,1,27.9倍,0.84倍,1.47%
20260825,4022,三栄コ,8119,東S,,768,+5,+0.66%,1,10.5倍,0.49倍,4.04%
20260825,4023,川辺,8123,東S,,"1,415",+12,+0.86%,1,11.2倍,0.34倍,3.53%
20260825,4024,三京化,8138,東S,,"4,360",ー,ー%,1,10.1倍,0.42倍,2.29%
20260825,4025,中部水産,8145,名M,,"3,225",0,0.00%,1,12.0倍,0.35倍,2.64%
20260825,4026,タカチホ,8225,東S,,"3,475",+25,+0.72%,1,7.05倍,0.93倍,3.17%
20260825,4027,小林洋行,8742,東S,,556,-2,-0.36%,1,ー倍,0.64倍,ー%
20260825,4028,グロームＨＤ,8938,東G,,342,+2,+0.59%,1,19.1倍,0.47倍,0.88%
20260825,4029,ランビジネス,8944,東S,,244,-1,-0.41%,1,9.40倍,0.27倍,2.46%
20260825,4030,ホットマン,3190,東S,,583,+1,+0.17%,1,11.1倍,0.53倍,1.89%
20260825,4031,白鳩,3192,東S,,297,-1,-0.34%,1,141倍,0.81倍,ー%
20260825,4032,コーセーＲＥ,3246,東S,,673,-2,-0.30%,1,15.5倍,0.66倍,3.57%
20260825,4033,アールエイジ,3248,東S,,882,0,0.00%,1,12.2倍,0.58倍,4.08%
20260825,4034,ファンクリＧ,3266,東S,,79,-1,-1.25%,1,8.62倍,0.93倍,1.27%
20260825,4035,エストラスト,3280,東S,,935,0,0.00%,1,5.69倍,0.53倍,3.64%
20260825,4036,トラストＨＤ,3286,東S,,899,+6,+0.67%,1,17.4倍,7.68倍,2.00%
20260825,4037,東武住販,3297,東S,,"1,188",-3,-0.25%,1,8.94倍,0.68倍,3.62%
20260825,4038,ヒロタＧＨＤ,3346,名N,,83,0,0.00%,1,14.7倍,5.90倍,ー%
20260825,4039,バッファロー,3352,東S,,"1,797",-1,-0.06%,1,8.68倍,0.64倍,3.90%
20260825,4040,トーエル,3361,東S,,882,+5,+0.57%,1,12.3倍,0.74倍,2.61%
20260825,4041,関門海,3372,東S,,220,0,0.00%,1,25.1倍,2.28倍,ー%
20260825,4042,ＺＯＡ,3375,東S,,"1,750",0,0.00%,1,6.49倍,0.70倍,4.29%
20260825,4043,アートＧ,3419,名N,,"1,980",0,0.00%,1,773倍,4.27倍,ー%
20260825,4044,アトムリビン,3426,東S,,"1,292",0,0.00%,1,12.6倍,0.48倍,2.55%
20260825,4045,サンコテクノ,3435,東S,,"1,460",-4,-0.27%,1,9.25倍,0.58倍,3.15%
20260825,4046,Ｇ－ＦＡＣ,3474,東G,,586,+1,+0.17%,1,113倍,3.63倍,ー%
20260825,4047,マリオン,3494,東S,,439,0,0.00%,1,12.3倍,0.68倍,1.59%
20260825,4048,ＡＴＡＯ,3550,東G,,218,0,0.00%,1,13.8倍,1.17倍,2.29%
20260825,4049,東海染,3577,東S,,946,-5,-0.53%,1,11.9倍,0.36倍,2.64%
20260825,4050,山喜,3598,東S,,163,+1,+0.62%,1,25.7倍,0.69倍,ー%
20260825,4051,ボルテージ,3639,東S,,226,+3,+1.35%,1,ー倍,0.66倍,ー%
20260825,4052,メディカルＮ,3645,東G,,244,+1,+0.41%,1,15.5倍,1.13倍,1.23%
20260825,4053,イルグルム,3690,東S,,564,-2,-0.35%,1,13.2倍,1.91倍,1.42%
20260825,4054,コムシード,3739,名N,,124,+3,+2.48%,1,7.98倍,2.25倍,ー%
20260825,4055,システムズＤ,3766,東S,,"1,401",-19,-1.34%,1,11.5倍,1.02倍,4.28%
20260825,4056,ＯＫＷＥＢ,3808,名N,,29,0,0.00%,1,ー倍,4.55倍,ー%
20260825,4057,大和コン,3816,東S,,"1,129",+1,+0.09%,1,23.3倍,0.80倍,1.68%
20260825,4058,ＯＤＫ,3839,東S,,638,+3,+0.47%,1,17.4倍,0.84倍,1.57%
20260825,4059,ジーダット,3841,東S,,"1,295",+27,+2.13%,1,23.7倍,1.37倍,3.09%
20260825,4060,データアプリ,3848,東S,,847,+2,+0.24%,1,30.4倍,1.18倍,4.13%
20260825,4061,横田製,6248,東S,,"1,721",0,0.00%,1,10.7倍,1.04倍,3.49%
20260825,4062,太平製,6342,東S,,"2,961",-64,-2.12%,1,8.63倍,0.52倍,3.38%
20260825,4063,フリージア,6343,東S,,152,0,0.00%,1,4.28倍,0.41倍,0.39%
20260825,4064,キクカワ,6346,東S,,"5,830",+100,+1.75%,1,20.2倍,0.55倍,2.06%
20260825,4065,加地テック,6391,東S,,"4,630",-70,-1.49%,1,10.5倍,0.90倍,1.51%
20260825,4066,ＫＶＫ,6484,東S,,"2,230",-14,-0.62%,1,8.14倍,0.58倍,3.81%
20260825,4067,ゲームウィズ,6552,東S,,178,+1,+0.56%,1,ー倍,1.15倍,ー%
20260825,4068,ＭＳコンサル,6555,東S,,427,ー,ー%,1,8.76倍,0.66倍,ー%
20260825,4069,クックビズ,6558,東G,,685,+6,+0.88%,1,23.9倍,2.02倍,ー%
20260825,4070,みらいＷＫＳ,6563,東G,,470,+2,+0.43%,1,17.1倍,1.75倍,ー%
20260825,4071,パルステック,6894,東S,,"2,150",+9,+0.42%,1,9.80倍,0.76倍,4.19%
20260825,4072,スペースマ,4487,東G,,228,+2,+0.88%,1,ー倍,2.82倍,ー%
20260825,4073,リグア,7090,東G,,885,-13,-1.45%,1,118倍,8.44倍,ー%
20260825,4074,アディッシュ,7093,東G,,580,+1,+0.17%,1,20.8倍,2.15倍,ー%
20260825,4075,インタファク,4057,東G,,349,-2,-0.57%,1,19.6倍,1.16倍,ー%
20260825,4076,Ｅインフィニ,7692,東S,,80,0,0.00%,1,16.0倍,7.04倍,3.25%
20260825,4077,ＥＳＧ総合,2071,東EN,,"20,450",-55,-0.27%,1,ー倍,ー倍,ー%
20260825,4078,クリーマ,4017,東G,,212,+5,+2.42%,1,46.1倍,1.25倍,ー%
20260825,4079,かっこ,4166,東G,,632,-3,-0.47%,1,ー倍,2.82倍,ー%
20260825,4080,Ｈｉクラテス,4172,東S,,"2,285",-15,-0.65%,1,11.3倍,1.16倍,3.85%
20260825,4081,ＳＡＮＥＩ,6230,東S,,"2,150",+15,+0.70%,1,7.69倍,0.65倍,3.49%
20260825,4082,イーロジット,9327,東S,,191,-2,-1.04%,1,382倍,1.59倍,ー%
20260825,4083,ＧＸガバ日株,2636,東Ｅ,,"4,965",+16,+0.32%,1,ー倍,ー倍,ー%
20260825,4084,ｉＦＥＧＢＡ,2629,東Ｅ,,"3,672",+44,+1.21%,1,ー倍,ー倍,ー%
20260825,4085,メイホーＨＤ,7369,東G,,356,+5,+1.42%,1,10.5倍,0.77倍,ー%
20260825,4086,ドリムベッド,7791,東S,,832,+7,+0.85%,1,6.93倍,0.69倍,4.45%
20260825,4087,ベイシス,4068,東G,,"1,754",+4,+0.23%,1,16.6倍,1.52倍,ー%
20260825,4088,ステムセル研,7096,東G,,772,+5,+0.65%,1,74.0倍,2.86倍,ー%
20260825,4089,ブルーミーム,4069,東G,,672,+1,+0.15%,1,27.0倍,0.89倍,ー%
20260825,4090,モビルス,4370,東G,,300,+6,+2.04%,1,ー倍,1.33倍,ー%
20260825,4091,ユミルリンク,4372,東G,,"1,265",-15,-1.17%,1,13.3倍,1.54倍,1.58%
20260825,4092,プロＨＤ,9246,東G,,"1,078",-3,-0.28%,1,16.8倍,2.52倍,ー%
20260825,4093,ミアヘルサ,7129,東S,,"1,157",-5,-0.43%,1,9.01倍,0.83倍,2.59%
20260825,4094,ラバブルＭＧ,9254,東G,,"1,118",-2,-0.18%,1,ー倍,2.15倍,ー%
20260825,4095,ＣＳ－Ｃ,9258,東G,,303,0,0.00%,1,ー倍,1.00倍,ー%
20260825,4096,エフビー介護,9220,東S,,"1,253",-5,-0.40%,1,6.01倍,0.76倍,3.43%
20260825,4097,ｉＳＪＳＲＩ,2851,東Ｅ,,400.0,+2.1,+0.53%,1,ー倍,ー倍,ー%
20260825,4098,ヤマイチ,2984,東S,,769,+4,+0.52%,1,5.73倍,0.49倍,4.03%
20260825,4099,上場仏債ヘ無,2861,東Ｅ,,"5,666",+6,+0.11%,1,ー倍,ー倍,ー%
20260825,4100,ポーターズ,5126,東G,,"1,429",+26,+1.85%,1,11.0倍,1.57倍,ー%
