日付,順位,銘柄名,コード,市場,状態,株価,前日差,騰落率,売買代金,PER,PBR,配当利回り
20260612,1,キオクシア,285A,東P,,"75,440","+4,940",+7.01%,"3,755,418",ー倍,29.5倍,ー%
20260612,2,太陽誘電,6976,東P,,"16,630",+975,+6.23%,"461,509",116倍,6.04倍,0.54%
20260612,3,ＳＢＧ,9984,東P,,"6,374",-87,-1.35%,"414,151",ー倍,2.06倍,0.17%
20260612,4,村田製,6981,東P,,"8,967",+317,+3.66%,"376,882",55.7倍,6.00倍,0.78%
20260612,5,東エレク,8035,東P,,"63,400","+1,570",+2.54%,"348,782",ー倍,14.1倍,ー%
20260612,6,日経レバ,1570,東Ｅ,,"67,250",-200,-0.30%,"238,745",ー倍,ー倍,ー%
20260612,7,フジクラ,5803,東P,,"4,142",-52,-1.24%,"207,588",44.0倍,12.2倍,0.92%
20260612,8,アドテスト,6857,東P,,"25,175",-60,-0.24%,"180,289",39.2倍,22.9倍,ー%
20260612,9,イビデン,4062,東P,,"18,210",+810,+4.66%,"150,992",87.7倍,9.24倍,0.19%
20260612,10,三菱ＵＦＪ,8306,東P,,"3,141.0",-42.0,-1.32%,"136,939",13.1倍,1.59倍,3.06%
20260612,11,古河電,5801,東P,,"40,780",-260,-0.63%,"135,363",35.0倍,6.88倍,0.54%
20260612,12,ディスコ,6146,東P,,"70,030",-30,-0.04%,"112,707",ー倍,13.0倍,ー%
20260612,13,レーザーテク,6920,東P,,"40,200",-450,-1.11%,"104,502",50.0倍,16.0倍,0.82%
20260612,14,三井住友ＦＧ,8316,東P,,"6,203",-24,-0.39%,"103,210",13.9倍,1.50倍,2.90%
20260612,15,みずほＦＧ,8411,東P,,"7,394",-220,-2.89%,"82,646",13.9倍,1.59倍,2.03%
20260612,16,トヨタ,7203,東P,,"2,747.5",-66.5,-2.36%,"75,648",10.8倍,0.81倍,3.64%
20260612,17,日立,6501,東P,,"4,655",-129,-2.70%,"70,427",24.6倍,3.18倍,ー%
20260612,18,住友電,5802,東P,,"10,250",-380,-3.57%,"70,380",25.0倍,2.91倍,1.52%
20260612,19,ルネサス,6723,東P,,"4,262",-46,-1.07%,"65,134",ー倍,3.04倍,ー%
20260612,20,ファストリ,9983,東P,,"78,480",-650,-0.82%,"64,311",50.2倍,9.15倍,0.82%
20260612,21,三菱重,7011,東P,,"3,494.0",-84.0,-2.35%,"62,631",30.9倍,3.80倍,0.83%
20260612,22,三井金属,5706,東P,,"37,330",+350,+0.95%,"62,464",28.5倍,5.18倍,0.75%
20260612,23,ＪＸ金属,5016,東P,,"3,341.0",-51.0,-1.50%,"61,776",27.9倍,4.37倍,0.60%
20260612,24,任天堂,7974,東P,,"7,144",-71,-0.98%,"60,964",26.6倍,2.79倍,2.27%
20260612,25,レゾナック,4004,東P,,"16,375","+1,040",+6.78%,"59,872",38.5倍,4.17倍,0.40%
20260612,26,ＳＵＭＣＯ,3436,東P,,"3,408.0",+208.0,+6.50%,"59,617",ー倍,2.09倍,ー%
20260612,27,信越化,4063,東P,,"6,858",+163,+2.43%,"54,465",ー倍,2.86倍,ー%
20260612,28,リクルート,6098,東P,,"11,155",-225,-1.98%,"52,917",24.9倍,9.79倍,0.23%
20260612,29,コクサイエレ,6525,東P,,"8,042",+207,+2.64%,"51,082",48.4倍,8.57倍,0.58%
20260612,30,ＴＤＫ,6762,東P,,"3,561.0",-79.0,-2.17%,"50,899",30.0倍,3.09倍,1.12%
20260612,31,ファナック,6954,東P,,"6,778",+15,+0.22%,"49,004",34.2倍,3.39倍,ー%
20260612,32,ソニーＧ,6758,東P,,"3,369.0",-16.0,-0.47%,"48,772",17.1倍,2.44倍,1.04%
20260612,33,野村日経平均,1321,東Ｅ,,"67,210",-60,-0.09%,"46,960",ー倍,ー倍,ー%
20260612,34,東京海上,8766,東P,,"7,404",-2,-0.03%,"46,433",17.0倍,2.61倍,3.31%
20260612,35,味の素,2802,東P,,"5,084",+355,+7.51%,"46,089",40.5倍,6.30倍,0.98%
20260612,36,日経Ｄインバ,1357,東Ｅ,,"3,128",+5,+0.16%,"44,566",ー倍,ー倍,ー%
20260612,37,キーエンス,6861,東P,,"71,270","-1,620",-2.22%,"44,296",ー倍,4.98倍,0.77%
20260612,38,三菱電,6503,東P,,"5,446",-126,-2.26%,"39,389",23.5倍,2.49倍,1.10%
20260612,39,ＮＴＴ,9432,東P,,150.7,+1.7,+1.14%,"38,132",12.5倍,1.26倍,3.58%
20260612,40,ＪＴ,2914,東P,,"6,305",+141,+2.29%,"37,853",19.6倍,2.74倍,3.84%
20260612,41,川重,7012,東P,,"2,749.5",-110.0,-3.85%,"37,539",20.9倍,2.62倍,1.45%
20260612,42,ＩＨＩ,7013,東P,,"2,358.0",-81.5,-3.34%,"37,259",15.2倍,3.83倍,0.98%
20260612,43,パナＨＤ,6752,東P,,"3,767",+11,+0.29%,"34,584",20.9倍,1.69倍,1.43%
20260612,44,伊藤忠,8001,東P,,"1,826.0",-29.5,-1.59%,"31,771",13.4倍,1.94倍,2.41%
20260612,45,三菱商,8058,東P,,"4,605",-10,-0.22%,"31,665",15.3倍,1.79倍,2.71%
20260612,46,京セラ,6971,東P,,"3,596.0",+39.0,+1.10%,"31,650",33.4倍,1.41倍,1.56%
20260612,47,スクリン,7735,東P,,"12,990",+10,+0.08%,"31,616",22.3倍,5.05倍,1.35%
20260612,48,りそなＨＤ,8308,東P,,"2,116.0",-23.0,-1.08%,"31,064",15.3倍,1.64倍,1.75%
20260612,49,三井住友トラ,8309,東P,,"5,876",-42,-0.71%,"30,151",10.7倍,1.15倍,3.23%
20260612,50,日東紡,3110,東P,,"17,330",-510,-2.86%,"29,541",37.1倍,3.63倍,0.81%
20260612,51,三井不,8801,東P,,"1,538.0",-8.5,-0.55%,"29,373",14.5倍,1.26倍,2.41%
20260612,52,住友商,8053,東P,,"6,186",-152,-2.40%,"29,099",11.7倍,1.59倍,2.59%
20260612,53,安川電,6506,東P,,"6,016",+28,+0.47%,"29,010",33.2倍,3.23倍,1.20%
20260612,54,ホンダ,7267,東P,,"1,427.5",-10.0,-0.70%,"27,886",21.4倍,0.47倍,4.90%
20260612,55,野村日半導,200A,東Ｅ,,"4,987",+114,+2.34%,"26,248",ー倍,ー倍,ー%
20260612,56,武蔵精密,7220,東P,,"5,130",-260,-4.82%,"25,670",51.7倍,2.76倍,0.78%
20260612,57,ダイキン,6367,東P,,"23,070",-230,-0.99%,"25,154",23.1倍,1.98倍,1.56%
20260612,58,ゆうちょ銀,7182,東P,,"3,096.0",-81.0,-2.55%,"24,265",16.7倍,1.20倍,3.00%
20260612,59,住友鉱,5713,東P,,"7,735",-109,-1.39%,"24,124",14.9倍,1.00倍,2.68%
20260612,60,ＨＯＹＡ,7741,東P,,"25,650",-60,-0.23%,"23,969",ー倍,8.41倍,ー%
20260612,61,三井物,8031,東P,,"4,857",+8,+0.16%,"23,891",15.0倍,1.57倍,2.88%
20260612,62,ＧＸ半導日株,2644,東Ｅ,,"4,088",+5,+0.12%,"23,751",ー倍,ー倍,ー%
20260612,63,ＮＥＣ,6701,東P,,"4,000",-10,-0.25%,"22,984",ー倍,2.42倍,1.00%
20260612,64,菱地所,8802,東P,,"4,130",-32,-0.77%,"22,752",21.2倍,1.85倍,1.19%
20260612,65,コマツ,6301,東P,,"6,405",-163,-2.48%,"22,569",18.0倍,1.63倍,2.97%
20260612,66,日経ブル２,1579,東Ｅ,,727.1,-1.0,-0.14%,"22,268",ー倍,ー倍,ー%
20260612,67,日経ベア２,1360,東Ｅ,,76.7,0,0.00%,"22,222",ー倍,ー倍,ー%
20260612,68,ＳＭＣ,6273,東P,,"61,920",+80,+0.13%,"22,046",23.0倍,1.85倍,1.61%
20260612,69,ＴＯＰＰＡＮ,7911,東P,,"4,588",+621,+15.65%,"21,648",23.5倍,0.97倍,1.26%
20260612,70,ローム,6963,東P,,"4,714",-25,-0.53%,"21,432",62.8倍,2.40倍,1.06%
20260612,71,キヤノン,7751,東P,,"4,275",-49,-1.13%,"21,379",11.0倍,1.06倍,3.74%
20260612,72,東電ＨＤ,9501,東P,,494.8,-17.4,-3.40%,"21,034",ー倍,0.33倍,ー%
20260612,73,オリックス,8591,東P,,"6,050",-117,-1.90%,"20,767",12.6倍,1.48倍,3.10%
20260612,74,第一ライフ,8750,東P,,"1,730.5",-1.5,-0.09%,"20,563",12.2倍,1.46倍,4.16%
20260612,75,デンソー,6902,東P,,"1,834.5",-48.0,-2.55%,"20,212",12.9倍,0.90倍,4.03%
20260612,76,ＩＮＰＥＸ,1605,東P,,"3,607.0",+124.0,+3.56%,"19,991",10.5倍,0.86倍,2.99%
20260612,77,ＰｏｗｅｒＸ,485A,東G,,"2,497",+185,+8.00%,"19,959",229倍,41.4倍,ー%
20260612,78,楽天Ｗブル,1458,東Ｅ,,"80,230",-120,-0.15%,"19,917",ー倍,ー倍,ー%
20260612,79,富士通,6702,東P,,"3,367.0",+5.0,+0.15%,"19,729",18.8倍,2.88倍,1.63%
20260612,80,ＫＤＤＩ,9433,東P,,"2,757.5",+5.5,+0.20%,"19,610",ー倍,2.07倍,3.05%
20260612,81,セブン＆アイ,3382,東P,,"1,942.0",+1.0,+0.05%,"19,429",16.6倍,1.24倍,3.09%
20260612,82,ＪＲ東日本,9020,東P,,"3,460.0",0,0.00%,"19,130",15.3倍,1.28倍,2.43%
20260612,83,ＳＯＭＰＯ,8630,東P,,"6,174",+28,+0.46%,"18,783",11.2倍,1.07倍,3.24%
20260612,84,丸紅,8002,東P,,"4,812",+17,+0.35%,"18,712",13.6倍,1.80倍,2.39%
20260612,85,イオン,8267,東P,,"1,373.0",-50.0,-3.51%,"18,505",52.0倍,3.12倍,1.09%
20260612,86,ブリヂストン,5108,東P,,"3,360.0",-57.0,-1.67%,"18,455",12.3倍,1.14倍,3.72%
20260612,87,メイコー,6787,東P,,"29,180","-1,720",-5.57%,"18,320",28.1倍,5.80倍,0.55%
20260612,88,野村東証銀行,1615,東Ｅ,,682.6,-11.9,-1.71%,"17,872",ー倍,ー倍,ー%
20260612,89,アステラス,4503,東P,,"2,107.0",-33.5,-1.57%,"17,780",12.6倍,2.06倍,3.80%
20260612,90,郵船,9101,東P,,"5,660",+94,+1.69%,"17,382",11.7倍,0.74倍,3.53%
20260612,91,ソシオネクス,6526,東P,,"2,294.0",-8.5,-0.37%,"17,016",40.2倍,3.02倍,2.18%
20260612,92,良品計画,7453,東P,,"3,720.0",+73.0,+2.00%,"16,713",31.9倍,5.24倍,0.86%
20260612,93,ＳＢ,9434,東P,,215.0,+0.2,+0.09%,"16,702",18.6倍,3.90倍,4.09%
20260612,94,ミネベア,6479,東P,,"4,319",-77,-1.75%,"16,656",20.9倍,1.93倍,1.39%
20260612,95,ニデック,6594,東P,,"2,548",-47,-1.81%,"16,539",ー倍,1.66倍,ー%
20260612,96,純金信託,1540,東Ｅ,,"19,520",-640,-3.17%,"16,443",ー倍,ー倍,ー%
20260612,97,富士フイルム,4901,東P,,"3,485.0",-36.0,-1.02%,"16,281",14.9倍,1.09倍,2.15%
20260612,98,日本郵政,6178,東P,,"2,209.5",+4.5,+0.20%,"16,276",15.9倍,0.62倍,2.72%
20260612,99,日本製鉄,5401,東P,,535.0,-7.3,-1.35%,"16,159",12.7倍,0.51倍,4.49%
20260612,100,楽天銀,5838,東P,,"5,104",+342,+7.18%,"16,133",11.0倍,2.40倍,ー%
20260612,101,中外薬,4519,東P,,"7,428",-132,-1.75%,"16,012",ー倍,6.41倍,1.78%
20260612,102,ＭＳ＆ＡＤ,8725,東P,,"4,552",-45,-0.98%,"15,684",15.5倍,1.38倍,3.73%
20260612,103,ＦＩＧ,4392,東P,,"1,421",-167,-10.52%,"15,375",63.7倍,4.95倍,0.70%
20260612,104,第一三共,4568,東P,,"2,495.0",+7.5,+0.30%,"15,268",17.5倍,2.73倍,4.01%
20260612,105,オムロン,6645,東P,,"5,578",+91,+1.66%,"15,097",39.9倍,1.31倍,1.97%
20260612,106,アストロＨＤ,186A,東G,,"1,810",+61,+3.49%,"15,032",ー倍,24.1倍,ー%
20260612,107,ＭＡＲＵＷＡ,5344,東P,,"66,300","+1,620",+2.50%,"14,880",ー倍,5.56倍,0.17%
20260612,108,住友不,8830,東P,,"3,468.0",-22.0,-0.63%,"14,485",14.4倍,1.30倍,1.50%
20260612,109,スズキ,7269,東P,,"1,786.5",-57.5,-3.12%,"13,864",9.07倍,1.02倍,2.85%
20260612,110,商船三井,9104,東P,,"5,712",+23,+0.40%,"13,738",11.6倍,0.68倍,3.59%
20260612,111,日産自,7201,東P,,328.8,+2.4,+0.74%,"13,735",57.5倍,0.24倍,ー%
20260612,112,ＱＤレーザ,6613,東G,,"2,409",+37,+1.56%,"13,725",229倍,20.7倍,ー%
20260612,113,荏原,6361,東P,,"5,243",-22,-0.42%,"13,390",24.1倍,4.62倍,1.26%
20260612,114,武田,4502,東P,,"5,033",-37,-0.73%,"13,195",47.9倍,1.07倍,4.05%
20260612,115,ＯＬＣ,4661,東P,,"2,305.5",+13.0,+0.57%,"13,112",33.2倍,3.44倍,0.69%
20260612,116,大塚ＨＤ,4578,東P,,"10,220",-45,-0.44%,"13,064",20.3倍,1.73倍,1.37%
20260612,117,東応化,4186,東P,,"9,501",+114,+1.21%,"13,064",32.6倍,4.85倍,0.84%
20260612,118,ホトニクス,6965,東P,,"2,427.5",+59.0,+2.49%,"12,781",42.9倍,2.19倍,1.57%
20260612,119,富士電機,6504,東P,,"13,305",+35,+0.26%,"12,539",18.5倍,2.43倍,ー%
20260612,120,ユニオンツル,6278,東P,,"23,970","+1,600",+7.15%,"12,474",49.2倍,5.67倍,0.54%
20260612,121,川崎汽,9107,東P,,"2,675.0",+79.0,+3.04%,"12,409",17.3倍,0.91倍,4.49%
20260612,122,ＴＯＴＯ,5332,東P,,"7,450",-50,-0.67%,"12,252",26.6倍,2.32倍,1.61%
20260612,123,日電波,6779,東P,,"4,370",+100,+2.34%,"12,208",43.6倍,3.14倍,0.69%
20260612,124,アシックス,7936,東P,,"4,458",+78,+1.78%,"12,049",28.7倍,10.0倍,0.85%
20260612,125,パンパシＨＤ,7532,東P,,867.8,+18.8,+2.21%,"11,869",24.3倍,3.79倍,0.98%
20260612,126,豊田通商,8015,東P,,"5,969",-123,-2.02%,"11,546",15.8倍,2.00倍,2.09%
20260612,127,ＪＲ東海,9022,東P,,"3,405.0",-102.0,-2.91%,"11,447",7.26倍,0.64倍,0.94%
20260612,128,リガクＨＤ,268A,東P,,"2,469",+79,+3.31%,"11,418",44.7倍,6.39倍,0.77%
20260612,129,楽天グループ,4755,東P,,740.0,+17.5,+2.42%,"11,376",ー倍,1.79倍,ー%
20260612,130,大成建,1801,東P,,"13,220",-315,-2.33%,"11,275",14.3倍,2.27倍,2.87%
20260612,131,ＴＯＷＡ,6315,東P,,"2,653",-51,-1.89%,"11,107",28.4倍,2.82倍,0.90%
20260612,132,キリンＨＤ,2503,東P,,"2,739.5",+20.0,+0.74%,"11,079",14.0倍,1.66倍,2.77%
20260612,133,三井Ｅ＆Ｓ,7003,東P,,"3,927",+28,+0.72%,"10,871",13.2倍,1.73倍,1.53%
20260612,134,ニチコン,6996,東P,,"3,895",-305,-7.26%,"10,734",39.0倍,2.19倍,1.00%
20260612,135,特殊陶,5334,東P,,"9,912",-6,-0.06%,"10,631",18.4倍,2.52倍,2.12%
20260612,136,積水ハウス,1928,東P,,"3,257.0",-62.0,-1.87%,"10,513",9.69倍,0.98倍,4.45%
20260612,137,ＮＧＫ,5333,東P,,"5,957",+24,+0.40%,"10,454",20.4倍,2.07倍,1.78%
20260612,138,ＳＵＢＡＲＵ,7270,東P,,"2,480.0",-55.5,-2.19%,"10,432",13.7倍,0.64倍,4.68%
20260612,139,シマノ,7309,東P,,"16,885",+995,+6.26%,"10,395",34.3倍,1.66倍,2.15%
20260612,140,コナミＧ,9766,東P,,"19,235",-190,-0.98%,"10,295",25.8倍,4.62倍,1.16%
20260612,141,ＳＢＩ,8473,東P,,"2,803.5",-61.5,-2.15%,"10,291",ー倍,1.01倍,ー%
20260612,142,データセク,3905,東G,,"4,340",+25,+0.58%,"10,194",15.8倍,7.44倍,ー%
20260612,143,ソニーＦＧ,8729,東P,,142.1,-4.9,-3.33%,"10,105",ー倍,1.52倍,5.63%
20260612,144,ダイフク,6383,東P,,"6,379",+11,+0.17%,"10,096",29.3倍,5.12倍,1.29%
20260612,145,Ｆスターズ,3687,東P,,"2,305",-82,-3.44%,"9,816",38.2倍,8.51倍,0.82%
20260612,146,野村東証指数,1306,東Ｅ,,406.3,-1.5,-0.37%,"9,812",ー倍,ー倍,ー%
20260612,147,クボタ,6326,東P,,"2,701.5",-74.0,-2.67%,"9,809",14.6倍,1.14倍,1.92%
20260612,148,デクセリ,4980,東P,,"3,785.0",+99.0,+2.69%,"9,677",23.1倍,5.80倍,1.69%
20260612,149,スカＪＳＡＴ,9412,東P,,"3,240",+75,+2.37%,"9,498",34.0倍,3.03倍,1.48%
20260612,150,日製鋼,5631,東P,,"7,114",+23,+0.32%,"9,487",27.6倍,2.47倍,1.29%
20260612,151,野村,8604,東P,,"1,352.5",-34.5,-2.49%,"9,463",ー倍,1.05倍,ー%
20260612,152,日本マイクロ,6871,東P,,"12,720",+110,+0.87%,"9,335",ー倍,6.67倍,ー%
20260612,153,花王,4452,東P,,"6,070",+21,+0.35%,"9,311",21.1倍,2.56倍,2.57%
20260612,154,ＡＧＣ,5201,東P,,"6,964",+23,+0.33%,"9,304",19.2倍,0.99倍,3.02%
20260612,155,鹿島,1812,東P,,"5,450",-117,-2.10%,"9,302",14.9倍,1.79倍,2.68%
20260612,156,東宝,9602,東P,,"1,334.0",+15.5,+1.18%,"9,237",27.1倍,2.15倍,1.65%
20260612,157,資生堂,4911,東P,,"2,566.0",+37.0,+1.46%,"9,230",24.4倍,1.69倍,2.34%
20260612,158,サンリオ,8136,東P,,876.8,-10.6,-1.19%,"9,196",20.4倍,7.72倍,1.51%
20260612,159,ＥＮＥＯＳ,5020,東P,,"1,222.5",+14.0,+1.16%,"9,179",7.90倍,0.97倍,2.78%
20260612,160,Ｆ＆ＬＣ,3563,東P,,"9,781",-82,-0.83%,"9,166",37.0倍,9.69倍,0.41%
20260612,161,ＪＲ西日本,9021,東P,,"2,609.5",-7.5,-0.29%,"9,082",11.9倍,0.98倍,3.74%
20260612,162,テルモ,4543,東P,,"2,264.0",-44.5,-1.93%,"9,054",20.2倍,2.11倍,1.59%
20260612,163,大和ハウス,1925,東P,,"4,283",-98,-2.24%,"8,955",11.7倍,0.92倍,4.11%
20260612,164,日東電,6988,東P,,"2,953.0",-5.0,-0.17%,"8,939",14.0倍,1.72倍,2.17%
20260612,165,Ｔ＆Ｄ,8795,東P,,"4,656",-30,-0.64%,"8,891",16.6倍,1.39倍,3.52%
20260612,166,関西電,9503,東P,,"2,306.0",-12.5,-0.54%,"8,812",8.29倍,0.74倍,3.47%
20260612,167,ＡＩメカ,6227,東S,,"6,850",-150,-2.14%,"8,753",41.9倍,9.51倍,0.25%
20260612,168,東京精,7729,東P,,"17,480",+555,+3.28%,"8,558",25.3倍,3.71倍,1.58%
20260612,169,マツダ,7261,東P,,"1,096.5",-17.5,-1.57%,"8,419",7.69倍,0.36倍,5.02%
20260612,170,三井海洋,6269,東P,,"9,535",-71,-0.74%,"8,418",11.3倍,2.69倍,2.10%
20260612,171,セコム,9735,東P,,"6,604",+57,+0.87%,"8,247",25.2倍,2.02倍,1.82%
20260612,172,大東建,1878,東P,,"3,106.0",+19.0,+0.62%,"8,230",9.36倍,2.02倍,5.25%
20260612,173,野村総研,4307,東P,,"4,600",-50,-1.08%,"8,178",21.6倍,5.93倍,1.83%
20260612,174,バンナムＨＤ,7832,東P,,"3,665.0",+9.0,+0.25%,"8,145",18.1倍,2.73倍,ー%
20260612,175,西武ＨＤ,9024,東P,,"2,933.0",+77.0,+2.70%,"8,123",27.6倍,1.31倍,1.43%
20260612,176,ＪＦＥ,5411,東P,,"1,573.0",-9.5,-0.60%,"8,112",6.67倍,0.38倍,5.09%
20260612,177,ハーモニック,6324,東P,,"6,280",+40,+0.64%,"8,063",132倍,7.40倍,0.32%
20260612,178,キッコマン,2801,東P,,"1,591.0",-7.5,-0.47%,"8,019",24.1倍,2.63倍,1.57%
20260612,179,ベイカレント,6532,東P,,"5,758",-73,-1.25%,"7,988",17.9倍,7.37倍,2.26%
20260612,180,ｉＳ日経,1329,東Ｅ,,"6,692",-8,-0.12%,"7,978",ー倍,ー倍,ー%
20260612,181,ＴＨＫ,6481,東P,,"6,993",+42,+0.60%,"7,930",34.5倍,3.10倍,2.63%
20260612,182,芝浦,6590,東P,,"4,275",-80,-1.84%,"7,838",23.6倍,5.05倍,1.50%
20260612,183,ニトリＨＤ,9843,東P,,"2,665.5",-42.0,-1.55%,"7,827",16.6倍,1.52倍,1.20%
20260612,184,東ガス,9531,東P,,"6,395",+90,+1.43%,"7,725",15.5倍,1.24倍,1.88%
20260612,185,清水建,1803,東P,,"2,404.5",-59.0,-2.39%,"7,718",12.6倍,1.67倍,3.20%
20260612,186,ＳＭＤリート,1398,東Ｅ,,"1,827.5",+6.0,+0.33%,"7,717",ー倍,ー倍,ー%
20260612,187,ラインヤフー,4689,東P,,405.3,-2.2,-0.54%,"7,647",ー倍,0.93倍,2.71%
20260612,188,中部電,9502,東P,,"2,760.5",+5.5,+0.20%,"7,564",ー倍,0.66倍,2.54%
20260612,189,東急,9005,東P,,"1,711.0",-25.5,-1.47%,"7,446",10.8倍,1.06倍,1.87%
20260612,190,ＪＡＬ,9201,東P,,"2,584.5",-52.5,-1.99%,"7,430",10.1倍,0.86倍,3.71%
20260612,191,ＴＰＸブル,1568,東Ｅ,,887.8,-5.6,-0.63%,"7,418",ー倍,ー倍,ー%
20260612,192,住友林,1911,東P,,"1,303.5",-37.0,-2.76%,"7,399",8.41倍,0.77倍,3.84%
20260612,193,オリンパス,7733,東P,,"1,740.5",-62.5,-3.47%,"7,386",18.1倍,2.28倍,1.72%
20260612,194,大林組,1802,東P,,"3,060.0",-44.0,-1.42%,"7,372",13.4倍,1.67倍,3.07%
20260612,195,双日,2768,東P,,"5,028",-61,-1.20%,"7,272",8.05倍,0.96倍,3.58%
20260612,196,エーザイ,4523,東P,,"3,723",-17,-0.45%,"7,265",20.1倍,1.17倍,4.30%
20260612,197,エムスリー,2413,東P,,"1,614.5",-36.5,-2.21%,"7,241",20.3倍,2.64倍,ー%
20260612,198,モノタロウ,3064,東P,,"1,793.0",-121.0,-6.32%,"7,241",24.4倍,7.66倍,2.06%
20260612,199,旭化成,3407,東P,,"1,760.0",+4.0,+0.23%,"7,237",14.9倍,1.14倍,2.50%
20260612,200,三越伊勢丹,3099,東P,,"3,586.0",-26.0,-0.72%,"7,168",20.4倍,2.02倍,2.23%
20260612,201,塩野義,4507,東P,,"2,769.5",-28.0,-1.00%,"7,007",11.2倍,1.40倍,2.74%
20260612,202,東京メトロ,9023,東P,,"1,353.0",-5.0,-0.37%,"7,005",15.7倍,1.07倍,3.25%
20260612,203,ヤマハ発,7272,東P,,"1,200.0",-19.5,-1.60%,"6,902",11.7倍,1.00倍,4.17%
20260612,204,大ガス,9532,東P,,"5,672",+155,+2.81%,"6,896",14.9倍,1.20倍,2.29%
20260612,205,積水化,4204,東P,,"2,379.5",+2.0,+0.08%,"6,865",12.6倍,1.13倍,3.40%
20260612,206,三菱ＨＣキャ,8593,東P,,"1,315.5",-10.0,-0.75%,"6,859",11.8倍,0.95倍,3.88%
20260612,207,神戸物産,3038,東P,,"2,720.0",+46.5,+1.74%,"6,837",20.5倍,3.84倍,1.18%
20260612,208,島津,7701,東P,,"3,766",-16,-0.42%,"6,781",19.8倍,1.93倍,1.86%
20260612,209,マクドナルド,2702,東S,,"7,470",+190,+2.61%,"6,751",28.8倍,3.50倍,0.86%
20260612,210,ニコン,7731,東P,,"1,939.0",+114.0,+6.25%,"6,738",63.9倍,1.09倍,1.03%
20260612,211,カプコン,9697,東P,,"2,838.0",-31.0,-1.08%,"6,718",20.5倍,4.44倍,1.62%
20260612,212,アサヒ,2502,東P,,"1,545.0",+1.5,+0.10%,"6,705",18.8倍,0.80倍,3.37%
20260612,213,日ケミコン,6997,東P,,"4,110",-135,-3.18%,"6,699",24.8倍,1.58倍,0.61%
20260612,214,ナブテスコ,6268,東P,,"4,604",+87,+1.93%,"6,626",29.0倍,1.97倍,1.78%
20260612,215,阪急阪神,9042,東P,,"4,718",+86,+1.86%,"6,616",14.1倍,1.01倍,2.12%
20260612,216,シスメックス,6869,東P,,"1,435.0",-32.0,-2.18%,"6,605",24.3倍,1.73倍,2.79%
20260612,217,横河電,6841,東P,,"4,766",+9,+0.19%,"6,554",20.6倍,2.31倍,1.93%
20260612,218,アンリツ,6754,東P,,"3,879",+45,+1.17%,"6,464",33.1倍,3.74倍,1.29%
20260612,219,すかいらーく,3197,東P,,"2,747.5",+16.0,+0.59%,"6,462",32.0倍,3.29倍,0.95%
20260612,220,日本取引所,8697,東P,,"2,072.0",-2.0,-0.10%,"6,456",27.5倍,6.17倍,2.94%
20260612,221,ＺＯＺＯ,3092,東P,,"1,068.5",-42.0,-3.78%,"6,415",19.0倍,8.85倍,3.74%
20260612,222,三菱ケミＧ,4188,東P,,"1,036.0",+16.5,+1.62%,"6,301",11.1倍,0.80倍,3.09%
20260612,223,住友ファーマ,4506,東P,,"1,360.5",-58.0,-4.09%,"6,231",7.93倍,2.09倍,ー%
20260612,224,サイバー,4751,東P,,"1,406.5",+9.0,+0.64%,"6,167",25.9倍,3.66倍,1.35%
20260612,225,ＡＮＡＨＤ,9202,東P,,"2,804.5",-18.5,-0.66%,"5,978",12.9倍,0.83倍,2.14%
20260612,226,大日印,7912,東P,,"2,582.0",+38.5,+1.51%,"5,962",11.7倍,0.93倍,1.59%
20260612,227,メタプラ,3350,東S,,224,-5,-2.18%,"5,944",ー倍,0.71倍,ー%
20260612,228,ＱＰＳＨＤ,464A,東G,,"2,607",+74,+2.92%,"5,692",291倍,9.67倍,ー%
20260612,229,東急不ＨＤ,3289,東P,,"1,321.0",-28.5,-2.11%,"5,650",9.42倍,1.05倍,3.79%
20260612,230,ヒューリック,3003,東P,,"1,721.5",-6.0,-0.35%,"5,628",10.8倍,1.44倍,3.89%
20260612,231,東建物,8804,東P,,"3,258.0",-74.0,-2.22%,"5,520",10.7倍,1.14倍,3.74%
20260612,232,千葉銀,8331,東P,,"2,379.0",-54.5,-2.24%,"5,457",15.4倍,1.31倍,2.69%
20260612,233,ＳＢＩ新生銀,8303,東P,,"1,436.0",-9.0,-0.62%,"5,456",ー倍,1.04倍,2.92%
20260612,234,ネクソン,3659,東P,,"2,196.0",-11.0,-0.50%,"5,432",ー倍,1.63倍,2.73%
20260612,235,マツキヨココ,3088,東P,,"2,358.0",-30.0,-1.26%,"5,425",15.7倍,1.71倍,2.37%
20260612,236,名村造,7014,東S,,"3,430",+15,+0.44%,"5,409",10.8倍,1.74倍,1.75%
20260612,237,ユニチャーム,8113,東P,,923.7,+21.2,+2.35%,"5,354",18.4倍,2.03倍,2.38%
20260612,238,テラドローン,278A,東G,,"8,570",-420,-4.67%,"5,347",ー倍,17.3倍,ー%
20260612,239,サントリＢＦ,2587,東P,,"4,329",-10,-0.23%,"5,298",15.0倍,1.02倍,2.77%
20260612,240,浜ゴム,5101,東P,,"6,775",-84,-1.22%,"5,287",9.80倍,1.02倍,2.54%
20260612,241,アマダ,6113,東P,,"2,804.0",-20.0,-0.71%,"5,250",25.6倍,1.63倍,2.28%
20260612,242,メルカリ,4385,東P,,"3,716.0",+34.0,+0.92%,"5,159",ー倍,5.11倍,ー%
20260612,243,インフロニア,5076,東P,,"2,600.0",-4.5,-0.17%,"5,130",11.3倍,1.29倍,3.85%
20260612,244,ゼンショＨＤ,7550,東P,,"8,081",+154,+1.94%,"5,103",27.3倍,4.85倍,0.99%
20260612,245,ローツェ,6323,東P,,"3,841",-26,-0.67%,"5,088",24.0倍,5.12倍,0.52%
20260612,246,いすゞ,7202,東P,,"2,083.0",-68.5,-3.18%,"5,081",8.95倍,0.97倍,4.51%
20260612,247,しずおかＦＧ,5831,東P,,"2,973.5",+0.5,+0.02%,"5,006",15.0倍,1.28倍,3.30%
20260612,248,日立建機,6305,東P,,"5,150",-117,-2.22%,"4,967",13.7倍,1.22倍,3.69%
20260612,249,横浜ＦＧ,7186,東P,,"1,666.5",-25.0,-1.48%,"4,935",14.4倍,1.32倍,2.82%
20260612,250,大塚商会,4768,東P,,"2,954.5",+26.0,+0.89%,"4,893",18.3倍,2.86倍,3.22%
20260612,251,ＤＯＷＡ,5714,東P,,"8,905",-92,-1.02%,"4,882",9.24倍,1.16倍,3.80%
20260612,252,野村不ＨＤ,3231,東P,,934.3,-21.0,-2.20%,"4,829",9.28倍,1.00倍,4.71%
20260612,253,ＳＷＣＣ,5805,東P,,"11,950",-350,-2.85%,"4,811",19.1倍,3.60倍,2.09%
20260612,254,電子材料,6855,東S,,"7,120",+170,+2.45%,"4,777",19.0倍,2.32倍,1.12%
20260612,255,出光興産,5019,東P,,"1,344.0",+12.0,+0.90%,"4,752",21.5倍,0.84倍,2.68%
20260612,256,ふくおかＦＧ,8354,東P,,"6,690",-170,-2.48%,"4,752",12.6倍,1.17倍,3.14%
20260612,257,高島屋,8233,東P,,"2,057.0",+43.0,+2.14%,"4,730",15.9倍,1.34倍,1.94%
20260612,258,フェローテク,6890,東S,,"7,940",+60,+0.76%,"4,725",13.1倍,1.55倍,3.36%
20260612,259,ＦＵＪＩ,6134,東P,,"7,426",+71,+0.97%,"4,711",19.8倍,2.81倍,2.56%
20260612,260,きんでん,1944,東P,,"6,831",-85,-1.23%,"4,671",19.3倍,2.04倍,3.51%
20260612,261,電通グループ,4324,東P,,"3,173.0",+50.0,+1.60%,"4,667",11.8倍,1.97倍,ー%
20260612,262,大和,8601,東P,,"1,538.0",-25.0,-1.60%,"4,653",ー倍,1.21倍,ー%
20260612,263,マキタ,6586,東P,,"5,497",+61,+1.12%,"4,627",17.5倍,1.42倍,ー%
20260612,264,東レ,3402,東P,,"1,118.5",+5.5,+0.49%,"4,612",18.1倍,0.90倍,2.32%
20260612,265,日本ペＨＤ,4612,東P,,970.0,+5.0,+0.52%,"4,572",11.4倍,1.18倍,1.75%
20260612,266,ＧＳユアサ,6674,東P,,"6,297",-115,-1.79%,"4,571",17.6倍,1.60倍,1.56%
20260612,267,関電工,1942,東P,,"5,801",-134,-2.26%,"4,512",17.8倍,2.96倍,2.24%
20260612,268,ＴＩＳ,3626,東P,,"3,217.0",-28.0,-0.86%,"4,466",11.8倍,2.08倍,2.80%
20260612,269,関電化,4047,東P,,"4,020",+160,+4.15%,"4,439",33.9倍,3.18倍,0.90%
20260612,270,三井化学,4183,東P,,"2,019.5",+15.0,+0.75%,"4,404",16.2倍,0.84倍,3.71%
20260612,271,エプソン,6724,東P,,"2,795.5",-28.0,-0.99%,"4,401",15.2倍,1.05倍,2.86%
20260612,272,ＤＭＧ森精機,6141,東P,,"3,311.0",+6.0,+0.18%,"4,398",31.1倍,1.39倍,3.17%
20260612,273,日清食ＨＤ,2897,東P,,"2,713.5",+9.0,+0.33%,"4,373",16.7倍,1.51倍,2.58%
20260612,274,Ｊフロント,3086,東P,,"2,348.0",+12.5,+0.54%,"4,361",19.8倍,1.38倍,2.39%
20260612,275,菱ガス化,4182,東P,,"4,464",+38,+0.86%,"4,294",18.9倍,1.35倍,2.46%
20260612,276,トレンド,4704,東P,,"6,135",-82,-1.32%,"4,278",21.8倍,7.17倍,ー%
20260612,277,ＧＥＮＤＡ,9166,東G,,532,-60,-10.14%,"4,266",ー倍,1.47倍,1.50%
20260612,278,ＮＸＨＤ,9147,東P,,"5,068",+3,+0.06%,"4,248",20.4倍,1.48倍,1.97%
20260612,279,ＴＯＹＯ,5105,東P,,"3,655.0",-3.0,-0.08%,"4,193",10.4倍,1.06倍,3.69%
20260612,280,ミスミＧ,9962,東P,,"3,645.0",+7.0,+0.19%,"4,189",25.8倍,2.54倍,1.45%
20260612,281,住友重,6302,東P,,"4,871",+13,+0.27%,"4,186",17.0倍,0.85倍,2.98%
20260612,282,オービック,4684,東P,,"3,966",+10,+0.25%,"4,156",20.8倍,3.31倍,2.37%
20260612,283,精工技研,6834,東S,,"24,230",-700,-2.81%,"4,150",33.8倍,6.40倍,0.50%
20260612,284,高度紙,3891,東S,,"8,900",-340,-3.68%,"4,131",29.3倍,3.58倍,1.24%
20260612,285,住友ゴ,5110,東P,,"2,019.5",-15.0,-0.74%,"4,113",9.65倍,0.73倍,4.16%
20260612,286,日産化,4021,東P,,"7,228",+131,+1.85%,"4,099",18.8倍,3.79倍,2.93%
20260612,287,上場日経平均,1330,東Ｅ,,"67,260",-100,-0.15%,"4,096",ー倍,ー倍,ー%
20260612,288,三菱自,7211,東P,,325.0,0,0.00%,"4,062",17.4倍,0.47倍,3.08%
20260612,289,栗田工,6370,東P,,"8,125",-75,-0.91%,"4,047",21.1倍,2.59倍,1.65%
20260612,290,ジーエヌアイ,2160,東G,,"2,685",-50,-1.83%,"4,009",ー倍,3.00倍,ー%
20260612,291,アイシン,7259,東P,,"2,287.0",-41.0,-1.76%,"3,987",11.1倍,0.75倍,3.28%
20260612,292,東洋水,2875,東P,,"9,991",-124,-1.23%,"3,979",14.8倍,1.83倍,2.20%
20260612,293,オンコリス,4588,東G,,"2,668",+144,+5.71%,"3,909",ー倍,21.8倍,ー%
20260612,294,ｉＳＴＰＸ,1475,東Ｅ,,396.5,-2.4,-0.60%,"3,897",ー倍,ー倍,ー%
20260612,295,三菱マ,5711,東P,,"4,443",-28,-0.63%,"3,883",11.9倍,0.79倍,2.61%
20260612,296,トクヤマ,4043,東P,,"4,630",-26,-0.56%,"3,856",ー倍,1.18倍,ー%
20260612,297,ジェイテクト,6473,東P,,"1,968.5",-51.5,-2.55%,"3,852",12.5倍,0.79倍,3.56%
20260612,298,ＣＫＤ,6407,東P,,"6,150",-40,-0.65%,"3,851",25.2倍,2.68倍,1.54%
20260612,299,コカＢＪＨ,2579,東P,,"3,849",-33,-0.85%,"3,812",27.8倍,1.70倍,1.87%
20260612,300,丸井Ｇ,8252,東P,,"2,840.5",+2.5,+0.09%,"3,807",17.2倍,2.08倍,4.72%
20260612,301,小野薬,4528,東P,,"2,237.5",+13.5,+0.61%,"3,796",14.8倍,1.24倍,3.58%
20260612,302,ビルファンド,8951,東Ｒ,,"122,600","-1,100",-0.89%,"3,788",22.5倍,1.48倍,4.01%
20260612,303,ユニチカ,3103,東S,,"1,133",-83,-6.83%,"3,787",14.1倍,1.95倍,ー%
20260612,304,サイゼリヤ,7581,東P,,"5,380",+120,+2.28%,"3,758",22.4倍,2.10倍,0.56%
20260612,305,アルバック,6728,東P,,"8,236",+23,+0.28%,"3,758",21.9倍,1.76倍,1.85%
20260612,306,住友化,4005,東P,,542.5,-6.5,-1.18%,"3,756",12.8倍,0.89倍,2.95%
20260612,307,ヤマダＨＤ,9831,東P,,691.3,+5.6,+0.82%,"3,734",16.5倍,0.72倍,2.46%
20260612,308,クラレ,3405,東P,,"1,679.0",-8.0,-0.47%,"3,681",12.7倍,0.68倍,3.81%
20260612,309,ＡＲＣＨＩＯ,543A,東P,,277,-18,-6.10%,"3,650",10.2倍,1.56倍,2.89%
20260612,310,日揮ＨＤ,1963,東P,,"2,475.5",-53.0,-2.10%,"3,618",13.0倍,1.39倍,2.10%
20260612,311,楽天Ｗベア,1459,東Ｅ,,126,+1,+0.80%,"3,607",ー倍,ー倍,ー%
20260612,312,ＢＴＣＪＰＮ,8105,東S,,239,+18,+8.14%,"3,607",ー倍,3.85倍,ー%
20260612,313,かんぽ生命,7181,東P,,"1,535.0",-33.0,-2.10%,"3,592",11.8倍,0.40倍,3.26%
20260612,314,ツガミ,6101,東P,,"6,650",-60,-0.89%,"3,544",18.2倍,3.86倍,1.47%
20260612,315,オルガノ,6368,東P,,"14,260",-115,-0.80%,"3,539",21.9倍,4.59倍,1.54%
20260612,316,日電硝,5214,東P,,"5,882",+51,+0.87%,"3,535",18.8倍,0.88倍,2.72%
20260612,317,あおぞら銀,8304,東P,,"2,696.0",-52.5,-1.91%,"3,527",13.8倍,0.78倍,3.71%
20260612,318,メック,4971,東P,,"9,460",+380,+4.19%,"3,445",31.1倍,5.46倍,1.16%
20260612,319,ｉＦ日経Ｗブ,1365,東Ｅ,,"4,146",-2,-0.05%,"3,401",ー倍,ー倍,ー%
20260612,320,光通信,9435,東P,,"36,300",-180,-0.49%,"3,368",13.2倍,1.34倍,2.15%
20260612,321,神戸鋼,5406,東P,,"1,900.0",-2.0,-0.11%,"3,357",7.51倍,0.60倍,4.21%
20260612,322,純銀信託,1542,東Ｅ,,"30,010",-370,-1.22%,"3,324",ー倍,ー倍,ー%
20260612,323,めぶきＦＧ,7167,東P,,"1,372.5",-3.0,-0.22%,"3,304",13.6倍,1.20倍,2.91%
20260612,324,ラウンドワン,4680,東P,,992.6,-9.9,-0.99%,"3,303",14.3倍,3.16倍,1.81%
20260612,325,五洋建,1893,東P,,"1,618.5",-17.5,-1.07%,"3,287",12.6倍,2.22倍,3.21%
20260612,326,トライアル,141A,東G,,"2,850",+57,+2.04%,"3,264",700倍,2.67倍,0.56%
20260612,327,八十二長野,8359,東P,,"2,304.5",-26.5,-1.14%,"3,256",14.4倍,0.91倍,2.82%
20260612,328,協和キリン,4151,東P,,"2,428.5",+46.5,+1.95%,"3,252",17.0倍,1.42倍,2.88%
20260612,329,ｉＦ日経年１,1320,東Ｅ,,"66,990",-80,-0.12%,"3,239",ー倍,ー倍,ー%
20260612,330,フルヤ金属,7826,東P,,"8,170",+110,+1.36%,"3,222",13.4倍,2.72倍,1.90%
20260612,331,長谷工,1808,東P,,"2,731.0",+3.5,+0.13%,"3,191",11.0倍,1.28倍,3.66%
20260612,332,ＰＡＬＴＡＣ,8283,東P,,"6,636",+2,+0.03%,"3,184",ー倍,1.33倍,ー%
20260612,333,ダイヘン,6622,東P,,"14,440",-290,-1.97%,"3,167",20.7倍,2.21倍,1.45%
20260612,334,ｉＳゴールド,314A,東Ｅ,,311.0,-8.7,-2.72%,"3,149",ー倍,ー倍,ー%
20260612,335,京都ＦＧ,5844,東P,,"4,442",-52,-1.16%,"3,143",24.2倍,1.11倍,2.36%
20260612,336,朝日インテク,7747,東P,,"3,820",+55,+1.46%,"3,139",33.2倍,6.10倍,1.21%
20260612,337,アズビル,6845,東P,,"1,552.0",+23.5,+1.54%,"3,118",22.1倍,3.09倍,3.22%
20260612,338,ニッパツ,5991,東P,,"3,685",-89,-2.36%,"3,111",16.6倍,1.71倍,1.87%
20260612,339,大真空,6962,東P,,"1,052",-54,-4.88%,"3,103",335倍,0.86倍,2.66%
20260612,340,ＳＧＨＤ,9143,東P,,"1,514.5",+64.0,+4.41%,"3,100",15.1倍,1.65倍,3.57%
20260612,341,森永乳,2264,東P,,"5,194",-74,-1.40%,"3,060",21.0倍,1.53倍,1.93%
20260612,342,東海カーボン,5301,東P,,"1,777.0",-19.5,-1.09%,"3,024",30.0倍,1.14倍,2.25%
20260612,343,ＧＸ半導体,2243,東Ｅ,,"4,715",-33,-0.70%,"3,016",ー倍,ー倍,ー%
20260612,344,ニチレイ,2871,東P,,"2,082.5",+13.0,+0.63%,"2,994",15.5倍,1.82倍,3.20%
20260612,345,ワークマン,7564,東S,,"7,280",-290,-3.83%,"2,989",26.6倍,3.87倍,1.22%
20260612,346,住友ベ,4203,東P,,"6,335",+221,+3.61%,"2,966",19.5倍,1.60倍,1.89%
20260612,347,セガサミー,6460,東P,,"2,243.0",+23.5,+1.06%,"2,962",14.0倍,1.28倍,2.45%
20260612,348,オークマ,6103,東P,,"4,025",-25,-0.62%,"2,954",18.2倍,0.97倍,2.48%
20260612,349,太平洋セメ,5233,東P,,"4,075",-55,-1.33%,"2,951",9.25倍,0.65倍,2.94%
20260612,350,日本オラクル,4716,東S,,"8,856",-110,-1.23%,"2,946",ー倍,6.04倍,ー%
20260612,351,Ｊパワー,9513,東P,,"4,020",+84,+2.13%,"2,931",8.74倍,0.50倍,2.61%
20260612,352,ヒロセ電,6806,東P,,"26,690",-35,-0.13%,"2,915",25.7倍,2.31倍,1.95%
20260612,353,ケーズＨＤ,8282,東P,,"2,102.0",-35.5,-1.66%,"2,904",16.2倍,1.31倍,2.28%
20260612,354,ブラザー,6448,東P,,"3,799",+6,+0.16%,"2,903",13.1倍,1.23倍,2.63%
20260612,355,ＬＩＸＩＬ,5938,東P,,"1,728.0",-11.0,-0.63%,"2,897",41.4倍,0.75倍,5.21%
20260612,356,堀場製,6856,東P,,"24,800",+60,+0.24%,"2,895",21.5倍,3.03倍,1.98%
20260612,357,Ｓｙｎｓ,290A,東G,,"1,441",+57,+4.12%,"2,876",72.5倍,5.30倍,ー%
20260612,358,石油資源,1662,東P,,"1,668",+29,+1.77%,"2,875",7.12倍,0.68倍,2.70%
20260612,359,東ソー,4042,東P,,"2,768.0",-3.0,-0.11%,"2,843",ー倍,1.02倍,3.61%
20260612,360,シンフォニア,6507,東P,,"13,210",-70,-0.53%,"2,829",24.9倍,3.77倍,1.22%
20260612,361,ツルハＨＤ,3391,東P,,"2,108.5",+6.5,+0.31%,"2,804",23.0倍,1.09倍,2.28%
20260612,362,東北電,9506,東P,,"1,018.5",+3.0,+0.30%,"2,799",ー倍,0.46倍,3.93%
20260612,363,日精工,6471,東P,,"1,088.0",-12.0,-1.09%,"2,781",22.2倍,0.79倍,3.13%
20260612,364,日本ドライ,1909,東S,,"3,785",+55,+1.47%,"2,778",ー倍,3.27倍,ー%
20260612,365,日ハム,2282,東P,,"6,057",-28,-0.46%,"2,778",15.0倍,1.06倍,2.97%
20260612,366,スタンレー,6923,東P,,"3,573.0",+27.0,+0.76%,"2,768",12.9倍,0.97倍,3.11%
20260612,367,アルプスアル,6770,東P,,"2,002.5",-32.5,-1.60%,"2,764",13.0倍,0.87倍,3.20%
20260612,368,ラサ工,4022,東P,,"1,832",-19,-1.03%,"2,753",16.6倍,2.25倍,1.97%
20260612,369,オープンＨ,3288,東P,,"8,519",-325,-3.67%,"2,740",8.04倍,1.62倍,2.35%
20260612,370,パーソルＨＤ,2181,東P,,250.7,+3.2,+1.29%,"2,735",12.6倍,2.55倍,5.19%
20260612,371,ＯＳＧ,6136,東P,,"3,318.0",+36.0,+1.10%,"2,692",17.7倍,1.50倍,2.53%
20260612,372,牧野フ,6135,東P,,"14,150",-340,-2.35%,"2,686",15.0倍,1.27倍,2.40%
20260612,373,野村マイクロ,6254,東P,,"3,940",-25,-0.63%,"2,683",13.6倍,3.84倍,2.16%
20260612,374,ＳＨＩＦＴ,3697,東P,,678.7,+3.5,+0.52%,"2,681",ー倍,4.54倍,ー%
20260612,375,スクエニＨＤ,9684,東P,,"2,455.0",-25.0,-1.01%,"2,659",28.6倍,2.54倍,1.75%
20260612,376,ディーエヌエ,2432,東P,,"2,636.0",-25.0,-0.94%,"2,653",ー倍,1.11倍,ー%
20260612,377,東京きらぼし,7173,東P,,"11,790",-240,-2.00%,"2,640",9.07倍,0.97倍,2.04%
20260612,378,ビジョナル,4194,東P,,"8,056",+45,+0.56%,"2,631",20.2倍,3.97倍,ー%
20260612,379,金先物Ｗブル,2036,東EN,,"145,800","-9,100",-5.87%,"2,629",ー倍,ー倍,ー%
20260612,380,カカクコム,2371,東P,,"3,325.0",-28.0,-0.84%,"2,612",31.8倍,10.1倍,ー%
20260612,381,コムシスＨＤ,1721,東P,,"5,359",-45,-0.83%,"2,586",16.3倍,1.55倍,2.52%
20260612,382,大同特鋼,5471,東P,,"2,165.0",-15.0,-0.69%,"2,573",15.7倍,0.92倍,2.40%
20260612,383,コスモス薬品,3349,東P,,"6,124",-26,-0.42%,"2,572",15.7倍,1.77倍,1.22%
20260612,384,ＵＢＥ,4208,東P,,"2,999.5",-18.5,-0.61%,"2,571",11.9倍,0.67倍,5.33%
20260612,385,都市ファンド,8953,東Ｒ,,"109,900",+100,+0.09%,"2,562",17.6倍,1.21倍,5.42%
20260612,386,近鉄ＧＨＤ,9041,東P,,"3,572.0",-76.0,-2.08%,"2,562",14.5倍,1.11倍,1.96%
20260612,387,寿スピリッツ,2222,東P,,"2,392.5",-3.5,-0.15%,"2,553",26.8倍,7.71倍,1.46%
20260612,388,王子ＨＤ,3861,東P,,783.0,-2.2,-0.28%,"2,533",19.0倍,0.60倍,4.60%
20260612,389,明治ＨＤ,2269,東P,,"3,772",+9,+0.24%,"2,520",16.4倍,1.32倍,2.92%
20260612,390,カバー,5253,東G,,"1,522",+2,+0.13%,"2,505",19.8倍,4.86倍,ー%
20260612,391,オプトラン,6235,東P,,"3,545",-5,-0.14%,"2,505",25.3倍,1.76倍,1.58%
20260612,392,高砂熱,1969,東P,,"4,560",-107,-2.29%,"2,492",14.9倍,2.84倍,2.70%
20260612,393,日油,4403,東P,,"2,625.5",+34.5,+1.33%,"2,485",15.2倍,2.01倍,2.67%
20260612,394,三和ＨＤ,5929,東P,,"3,598.0",-48.0,-1.32%,"2,468",12.6倍,2.16倍,4.06%
20260612,395,ニチアス,5393,東P,,"3,657.0",+97.0,+2.72%,"2,459",21.6倍,2.90倍,1.78%
20260612,396,小田急,9007,東P,,"1,694.0",-34.5,-2.00%,"2,444",15.2倍,1.15倍,3.54%
20260612,397,フジＨＤ,4676,東P,,"4,094",-28,-0.68%,"2,444",22.3倍,1.07倍,4.89%
20260612,398,しまむら,8227,東P,,"3,352.0",-35.0,-1.03%,"2,418",14.7倍,1.42倍,2.39%
20260612,399,テクセンド,429A,東P,,"3,620",-20,-0.55%,"2,401",15.2倍,2.06倍,1.93%
20260612,400,アクセルＨＤ,402A,東G,,644,-6,-0.92%,"2,394",ー倍,5.71倍,ー%
20260612,401,タイミー,215A,東G,,"1,093",-8,-0.73%,"2,389",16.9倍,6.83倍,ー%
20260612,402,ｓａｎｔｅｃ,6777,東S,,"22,800",-840,-3.55%,"2,379",30.5倍,9.63倍,1.01%
20260612,403,クレセゾン,8253,東P,,"4,178",-33,-0.78%,"2,355",7.95倍,0.79倍,3.83%
20260612,404,日経高配５０,1489,東Ｅ,,"3,151",-10,-0.32%,"2,351",ー倍,ー倍,ー%
20260612,405,参天薬,4536,東P,,"1,935.5",-6.5,-0.33%,"2,319",15.6倍,2.10倍,2.17%
20260612,406,日清紡ＨＤ,3105,東P,,"2,050.0",+36.0,+1.79%,"2,318",32.0倍,1.06倍,1.76%
20260612,407,マネックスＧ,8698,東P,,629,-6,-0.94%,"2,318",ー倍,1.25倍,4.90%
20260612,408,小糸製,7276,東P,,"2,748.5",-40.0,-1.43%,"2,304",18.3倍,1.17倍,2.11%
20260612,409,ＧＭＯ－ＰＧ,3769,東P,,"8,205",+364,+4.64%,"2,304",26.6倍,5.31倍,2.07%
20260612,410,ＵＡＣＪ,5741,東P,,"2,915",-46,-1.55%,"2,283",18.9倍,1.52倍,1.99%
20260612,411,トムソン,6480,東P,,"1,893",-27,-1.41%,"2,266",19.4倍,1.59倍,1.69%
20260612,412,山一電機,6941,東P,,"8,750",+90,+1.04%,"2,257",17.6倍,3.47倍,1.71%
20260612,413,千代建,6366,東S,,668,-2,-0.30%,"2,241",25.0倍,5.20倍,ー%
20260612,414,トリケミカル,4369,東P,,"3,365",+35,+1.05%,"2,237",23.8倍,2.97倍,1.04%
20260612,415,ゼオン,4205,東P,,"2,195.5",+42.0,+1.95%,"2,224",11.7倍,1.11倍,3.60%
20260612,416,リミックス,3825,東S,Ｓ,201,+50,+33.11%,"2,223",3.52倍,1.23倍,ー%
20260612,417,共立メンテ,9616,東P,,"2,618.0",-33.5,-1.26%,"2,223",13.2倍,1.64倍,1.76%
20260612,418,ＵＳＳ,4732,東P,,"1,899.5",-14.5,-0.76%,"2,211",20.7倍,4.16倍,2.90%
20260612,419,京成,9009,東P,,"1,082.5",-7.5,-0.69%,"2,210",13.3倍,0.94倍,2.03%
20260612,420,東洋エンジ,6330,東P,,"1,830",-62,-3.28%,"2,196",24.1倍,2.76倍,1.37%
20260612,421,シャープ,6753,東P,,620.5,-15.7,-2.47%,"2,192",9.59倍,1.44倍,ー%
20260612,422,ランド,8918,東S,,10,0,0.00%,"2,191",11.4倍,1.68倍,ー%
20260612,423,北海電,9509,東P,,923.1,-0.8,-0.09%,"2,165",9.21倍,0.46倍,3.57%
20260612,424,野村ＲＥＩＴ,1343,東Ｅ,,"1,929.5",+11.5,+0.60%,"2,161",ー倍,ー倍,ー%
20260612,425,ヤマトＨＤ,9064,東P,,"1,815.5",+10.5,+0.58%,"2,158",35.9倍,1.01倍,2.53%
20260612,426,アステリア,3853,東P,,"1,745",+70,+4.18%,"2,141",ー倍,3.80倍,0.57%
20260612,427,関西ペ,4613,東P,,"2,431.0",-38.5,-1.56%,"2,133",15.9倍,1.43倍,4.52%
20260612,428,宝ＨＬＤ,2531,東P,,"2,217.0",+82.5,+3.87%,"2,130",35.8倍,1.64倍,1.40%
20260612,429,Ｖテク,7717,東P,,"5,960",+40,+0.68%,"2,116",18.8倍,1.56倍,1.34%
20260612,430,日本酸素ＨＤ,4091,東P,,"5,293",+18,+0.34%,"2,110",17.5倍,1.88倍,1.25%
20260612,431,岡本硝子,7746,東S,,700,+18,+2.64%,"2,103",271倍,7.74倍,ー%
20260612,432,竹内製作所,6432,東P,,"7,290",-90,-1.22%,"2,099",13.0倍,1.80倍,3.02%
20260612,433,ジャパンＲＥ,8952,東Ｒ,,"113,900",-600,-0.52%,"2,088",21.7倍,1.53倍,4.50%
20260612,434,ヤクルト,2267,東P,,"2,658.0",-24.0,-0.89%,"2,077",16.5倍,1.26倍,2.71%
20260612,435,リコー,7752,東P,,"1,434.5",-23.5,-1.61%,"2,052",13.1倍,0.70倍,3.07%
20260612,436,エクシオＧ,1951,東P,,"2,738.0",-92.0,-3.25%,"2,020",15.7倍,1.63倍,2.92%
20260612,437,ＰＩＬＬＡＲ,6490,東P,,"8,620",-80,-0.92%,"2,018",18.4倍,2.48倍,2.18%
20260612,438,ＡＲＥＨＤ,5857,東P,,"2,929",-101,-3.33%,"2,013",8.68倍,1.09倍,4.61%
20260612,439,エアウォータ,4088,東P,,"2,419",-21,-0.86%,"2,012",ー倍,1.25倍,3.10%
20260612,440,ホシザキ,6465,東P,,"5,209",-9,-0.17%,"2,007",18.9倍,1.84倍,2.21%
20260612,441,ラクス,3923,東P,,929.0,-46.9,-4.81%,"2,004",13.1倍,12.6倍,0.86%
20260612,442,ＪＲ九州,9142,東P,,"3,529.0",-40.0,-1.12%,"1,993",10.5倍,1.10倍,3.43%
20260612,443,北洋銀,8524,東P,,999,-7,-0.70%,"1,982",12.7倍,0.96倍,3.20%
20260612,444,扶桑化学,4368,東P,,"3,855",+140,+3.77%,"1,975",24.6倍,3.48倍,0.73%
20260612,445,セイコーＧ,8050,東P,,"6,820",+110,+1.64%,"1,952",24.2倍,3.17倍,1.32%
20260612,446,古野電,6814,東P,,"5,640",-120,-2.08%,"1,951",13.7倍,2.00倍,2.84%
20260612,447,山九,9065,東P,,"8,536",-40,-0.47%,"1,944",13.0倍,1.41倍,3.09%
20260612,448,ほくほくＦＧ,8377,東P,,"6,364",-85,-1.32%,"1,938",12.3倍,1.05倍,2.36%
20260612,449,ＣＩＮＣ,4378,東G,,801,-209,-20.69%,"1,935",593倍,2.24倍,ー%
20260612,450,ＮＴＮ,6472,東P,,412.5,-0.4,-0.10%,"1,932",16.4倍,0.83倍,3.15%
20260612,451,ＳＰＤＲ,1326,東Ｅ,,"60,180","-1,770",-2.86%,"1,930",ー倍,ー倍,ー%
20260612,452,ＧＬＰ,3281,東Ｒ,,"133,500",-500,-0.37%,"1,922",23.0倍,1.42倍,4.97%
20260612,453,スルガ銀,8358,東P,,"2,304",-59,-2.50%,"1,921",12.3倍,1.21倍,2.60%
20260612,454,ＪＩＮＳＨＤ,3046,東P,,"8,720",-400,-4.39%,"1,912",23.6倍,6.01倍,1.32%
20260612,455,メガチップス,6875,東P,,"10,610",0,0.00%,"1,895",4.73倍,0.84倍,2.45%
20260612,456,ＩＩＪ,3774,東P,,"3,092.0",-15.0,-0.48%,"1,889",21.9倍,3.47倍,1.39%
20260612,457,テスＨＤ,5074,東P,,807,+2,+0.25%,"1,881",47.4倍,1.15倍,0.72%
20260612,458,大阪チタ,5726,東P,,"2,534",-36,-1.40%,"1,881",51.8倍,2.10倍,0.51%
20260612,459,コニカミノル,4902,東P,,591.0,-6.0,-1.01%,"1,878",10.3倍,0.54倍,3.05%
20260612,460,コスモＨＤ,5021,東P,,"3,503.0",+41.0,+1.18%,"1,878",12.6倍,0.92倍,4.71%
20260612,461,ＫＬａｂ,3656,東P,,232,-4,-1.69%,"1,877",ー倍,1.82倍,ー%
20260612,462,サンドラッグ,9989,東P,,"3,826",-32,-0.83%,"1,874",13.9倍,1.56倍,3.45%
20260612,463,デンカ,4061,東P,,"3,835",+18,+0.47%,"1,860",20.7倍,1.06倍,2.61%
20260612,464,大和工,5444,東P,,"11,360",+25,+0.22%,"1,858",14.4倍,1.25倍,3.52%
20260612,465,日清粉Ｇ,2002,東P,,"1,969.5",+7.0,+0.36%,"1,857",13.4倍,1.06倍,3.30%
20260612,466,オンコセラピ,4564,東G,,19,0,0.00%,"1,854",ー倍,3.66倍,ー%
20260612,467,マブチ,6592,東P,,"1,528.5",+8.0,+0.53%,"1,845",17.3倍,1.10倍,3.66%
20260612,468,山口ＦＧ,8418,東P,,"2,847.5",-41.5,-1.44%,"1,838",12.9倍,0.87倍,3.37%
20260612,469,堺化学,4078,東P,,"4,530",-10,-0.22%,"1,826",15.8倍,0.89倍,3.53%
20260612,470,セブン銀,8410,東P,,287.5,+1.5,+0.52%,"1,823",19.8倍,1.20倍,3.83%
20260612,471,豊田合,7282,東P,,"4,506",-144,-3.10%,"1,801",9.27倍,0.93倍,3.88%
20260612,472,ニッスイ,1332,東P,,"1,273.5",-11.5,-0.89%,"1,798",13.3倍,1.29倍,2.51%
20260612,473,日鉄鉱,1515,東P,,"2,176",-59,-2.64%,"1,796",14.1倍,1.08倍,2.85%
20260612,474,サムコ,6387,東P,,"11,190",-570,-4.85%,"1,783",52.3倍,6.47倍,0.54%
20260612,475,ＤＩＣ,4631,東P,,"4,653",+3,+0.06%,"1,783",13.4倍,0.91倍,3.01%
20260612,476,ＫＤＸ不動産,8972,東Ｒ,,"155,900",-300,-0.19%,"1,780",20.0倍,1.00倍,5.34%
20260612,477,ヤマハ,7951,東P,,"1,098.5",-0.5,-0.05%,"1,779",17.3倍,1.01倍,2.37%
20260612,478,マクニカＨＤ,3132,東P,,"3,205.0",-22.0,-0.68%,"1,771",17.9倍,2.05倍,2.50%
20260612,479,ペプドリ,4587,東P,,950.9,-40.5,-4.09%,"1,762",40.7倍,2.46倍,ー%
20260612,480,三機工,1961,東P,,"2,453",-10,-0.41%,"1,758",14.8倍,3.09倍,2.65%
20260612,481,太陽ＨＤ,4626,東P,,"5,114",+118,+2.36%,"1,751",23.6倍,4.92倍,ー%
20260612,482,七十七,8341,東P,,"3,255.0",-1.0,-0.03%,"1,739",11.8倍,1.05倍,3.20%
20260612,483,野村金連動,1328,東Ｅ,,"15,515",-455,-2.85%,"1,716",ー倍,ー倍,ー%
20260612,484,ビプロジー,8056,東P,,"4,481",-39,-0.86%,"1,710",13.4倍,2.42倍,3.12%
20260612,485,レナ,4889,東G,,"1,543",-166,-9.71%,"1,704",ー倍,6.42倍,ー%
20260612,486,霞ヶ関Ｃ,3498,東P,,"5,650",-30,-0.53%,"1,702",8.40倍,1.86倍,2.92%
20260612,487,群馬銀,8334,東P,,"2,299.5",-13.5,-0.58%,"1,701",13.4倍,1.41倍,3.04%
20260612,488,エクサＷｉｚ,4259,東G,,991,+26,+2.69%,"1,695",ー倍,20.7倍,0.50%
20260612,489,ノジマ,7419,東P,,"1,516",-57,-3.62%,"1,692",9.14倍,1.81倍,1.32%
20260612,490,九州電,9508,東P,,"1,634.5",-14.5,-0.88%,"1,688",6.22倍,0.78倍,3.06%
20260612,491,タスキＨＤ,166A,東G,,"1,061",+39,+3.82%,"1,685",11.3倍,2.06倍,3.77%
20260612,492,キユーピー,2809,東P,,"4,150",-31,-0.74%,"1,680",22.2倍,1.74倍,1.57%
20260612,493,イオレ,2334,東G,,564,-6,-1.05%,"1,678",18.5倍,6.72倍,ー%
20260612,494,ＩＮＶ,8963,東Ｒ,,"60,700",0,0.00%,"1,678",16.2倍,1.31倍,6.24%
20260612,495,日テレＨＤ,9404,東P,,"2,871.0",-14.5,-0.50%,"1,678",13.7倍,0.71倍,1.57%
20260612,496,スギＨＤ,7649,東P,,"2,968.0",-26.0,-0.87%,"1,672",16.4倍,1.85倍,1.18%
20260612,497,ダイセル,4202,東P,,"1,270.5",-27.5,-2.12%,"1,664",10.1倍,0.91倍,5.51%
20260612,498,クラフティア,1959,東P,,"8,659",-79,-0.90%,"1,664",15.1倍,1.76倍,2.54%
20260612,499,ＷＴＩ原油,1671,東Ｅ,,"5,423",+149,+2.83%,"1,657",ー倍,ー倍,ー%
20260612,500,不二製油,2607,東P,,"3,947",-61,-1.52%,"1,655",17.4倍,1.41倍,1.57%
20260612,501,サンコール,5985,東S,,"1,417",-65,-4.39%,"1,651",10.2倍,1.25倍,2.12%
20260612,502,３ＤＭ,7777,東G,,439,-19,-4.15%,"1,641",35.4倍,8.60倍,ー%
20260612,503,山パン,2212,東P,,"3,196.0",+56.0,+1.78%,"1,639",14.8倍,1.36倍,1.88%
20260612,504,シチズン,7762,東P,,"2,159",-26,-1.19%,"1,635",19.2倍,1.80倍,2.32%
20260612,505,兼松,8020,東P,,"2,066.0",+2.5,+0.12%,"1,630",9.82倍,1.65倍,3.39%
20260612,506,日電子,6951,東P,,"6,302",+20,+0.32%,"1,610",14.4倍,2.12倍,2.09%
20260612,507,東京計器,7721,東P,,"5,040",-110,-2.14%,"1,599",16.6倍,1.82倍,0.95%
20260612,508,日機装,6376,東P,,"3,570",0,0.00%,"1,595",17.9倍,1.43倍,1.40%
20260612,509,カネカ,4118,東P,,"5,456",-3,-0.05%,"1,590",10.4倍,0.66倍,3.85%
20260612,510,野村マスター,3462,東Ｒ,,"149,600",-700,-0.47%,"1,588",23.1倍,1.16倍,4.94%
20260612,511,三菱倉,9301,東P,,"1,425.0",+14.5,+1.03%,"1,577",21.2倍,1.28倍,3.09%
20260612,512,ピジョン,7956,東P,,"1,963.0",-21.0,-1.06%,"1,572",25.7倍,2.88倍,3.87%
20260612,513,ｉＦ日経Ｗベ,1366,東Ｅ,,78,-1,-1.27%,"1,566",ー倍,ー倍,ー%
20260612,514,百五銀,8368,東P,,"1,926",-54,-2.73%,"1,564",16.1倍,0.90倍,2.18%
20260612,515,北川精機,6327,東S,,"3,050",-50,-1.61%,"1,553",42.2倍,4.41倍,0.46%
20260612,516,上場日経２倍,1358,東Ｅ,,"128,600",+200,+0.16%,"1,550",ー倍,ー倍,ー%
20260612,517,日本空港ビル,9706,東P,,"4,644",-33,-0.71%,"1,548",17.8倍,2.05倍,2.05%
20260612,518,ＮＥＸＹＺ．,4346,東S,Ｓ,873,+150,+20.75%,"1,544",12.0倍,3.08倍,2.29%
20260612,519,名鉄,9048,東P,,"1,876.0",-4.0,-0.21%,"1,537",9.43倍,0.76倍,3.20%
20260612,520,滋賀銀,8366,東P,,"2,220",-6,-0.27%,"1,532",17.9倍,1.00倍,2.25%
20260612,521,いよぎんＨＤ,5830,東P,,"3,006.0",-34.0,-1.12%,"1,528",11.2倍,0.98倍,2.66%
20260612,522,西日本ＦＨ,7189,東P,,"4,058",-26,-0.64%,"1,518",11.8倍,0.92倍,3.45%
20260612,523,カシオ,6952,東P,,"1,752.5",-12.5,-0.71%,"1,515",21.2倍,1.67倍,ー%
20260612,524,ウエストＨＤ,1407,東S,,"2,305",+8,+0.35%,"1,514",13.9倍,2.66倍,3.04%
20260612,525,ＮＯＫ,7240,東P,,"2,877.0",-18.0,-0.62%,"1,511",9.85倍,0.73倍,4.87%
20260612,526,京急,9006,東P,,"1,485.5",-17.5,-1.16%,"1,506",13.2倍,1.02倍,3.10%
20260612,527,Ｓａｎｓａｎ,4443,東P,,"1,534",-15,-0.97%,"1,500",ー倍,10.7倍,0.16%
20260612,528,三井ハイテク,6966,東P,,781,+7,+0.90%,"1,493",20.4倍,1.26倍,2.43%
20260612,529,オキサイド,6521,東G,,"4,430",-65,-1.45%,"1,488",86.1倍,10.9倍,ー%
20260612,530,日本化,4092,東P,,"4,935",+70,+1.44%,"1,483",14.3倍,0.85倍,ー%
20260612,531,ＯＫＩ,6703,東P,,"2,928",-22,-0.75%,"1,483",14.1倍,1.41倍,2.22%
20260612,532,ｉＦＦＡＮＧ,316A,東Ｅ,,"2,485",-15,-0.60%,"1,483",ー倍,ー倍,ー%
20260612,533,クレハ,4023,東P,,"3,650",-25,-0.68%,"1,478",18.6倍,0.84倍,5.92%
20260612,534,野村ナスＨ無,1545,東Ｅ,,233.5,-1.1,-0.47%,"1,472",ー倍,ー倍,ー%
20260612,535,ＴＰＸベア２,1356,東Ｅ,,123.4,+0.6,+0.49%,"1,470",ー倍,ー倍,ー%
20260612,536,ヨネックス,7906,東S,,"2,348",-27,-1.14%,"1,467",15.2倍,2.50倍,1.19%
20260612,537,ＪＶＣケンウ,6632,東P,,"1,109.5",-39.5,-3.44%,"1,453",10.5倍,1.09倍,1.80%
20260612,538,エディオン,2730,東P,,"2,572",+3,+0.12%,"1,448",17.3倍,1.16倍,1.94%
20260612,539,Ｌドリンク,2585,東P,,"1,675",-85,-4.83%,"1,438",20.7倍,5.28倍,0.90%
20260612,540,ウシオ電,6925,東P,,"3,918",-60,-1.51%,"1,436",29.6倍,1.57倍,1.79%
20260612,541,キヤノンＭＪ,8060,東P,,"3,365.0",-50.0,-1.46%,"1,434",16.5倍,1.75倍,2.67%
20260612,542,ＯＢＣ,4733,東P,,"5,927",-49,-0.82%,"1,433",23.0倍,2.63倍,2.19%
20260612,543,Ｊマテリアル,6055,東P,,"2,167",+49,+2.31%,"1,426",20.6倍,3.56倍,1.62%
20260612,544,さくらネット,3778,東P,,"2,635",-33,-1.24%,"1,425",124倍,3.50倍,0.21%
20260612,545,ライオン,4912,東P,,"1,662.5",-16.5,-0.98%,"1,424",18.4倍,1.42倍,2.05%
20260612,546,大気社,1979,東P,,"4,480",-45,-0.99%,"1,420",15.7倍,1.75倍,2.66%
20260612,547,プロロジスＲ,3283,東Ｒ,,"84,800",+500,+0.59%,"1,418",24.8倍,1.43倍,4.53%
20260612,548,ロート,4527,東P,,"2,375.5",-37.5,-1.55%,"1,410",15.6倍,1.78倍,2.10%
20260612,549,住友大阪,5232,東P,,"5,187",-79,-1.50%,"1,410",16.4倍,0.84倍,2.31%
20260612,550,ＡＤＥＫＡ,4401,東P,,"3,854",+21,+0.55%,"1,405",13.0倍,1.19倍,3.11%
20260612,551,ネクステージ,3186,東P,,"3,550",-90,-2.47%,"1,403",18.5倍,3.49倍,1.41%
20260612,552,九州ＦＧ,7180,東P,,"1,417.5",-10.5,-0.74%,"1,403",13.3倍,0.79倍,2.68%
20260612,553,中国電,9504,東P,,885.4,+1.5,+0.17%,"1,393",10.3倍,0.41倍,3.39%
20260612,554,日化薬,4272,東P,,"2,051.5",-24.5,-1.18%,"1,392",13.6倍,1.09倍,3.22%
20260612,555,上組,9364,東P,,"4,788",+29,+0.61%,"1,387",17.3倍,1.20倍,4.28%
20260612,556,テラスカイ,3915,東P,,"2,439",+41,+1.71%,"1,380",20.6倍,2.51倍,0.70%
20260612,557,ｉＳ米国株,1655,東Ｅ,,847.3,-4.6,-0.54%,"1,375",ー倍,ー倍,ー%
20260612,558,タカラトミー,7867,東P,,"2,930.5",+22.5,+0.77%,"1,374",14.1倍,2.28倍,2.39%
20260612,559,東洋炭素,5310,東P,,"7,710",-70,-0.90%,"1,359",32.3倍,1.69倍,1.88%
20260612,560,東武,9001,東P,,"2,852.5",-51.0,-1.76%,"1,349",9.96倍,0.91倍,2.63%
20260612,561,東洋紡,3101,東P,,"1,704",-24,-1.39%,"1,346",ー倍,0.70倍,ー%
20260612,562,フジミインコ,5384,東P,,"3,870",+120,+3.20%,"1,344",27.6倍,3.42倍,1.99%
20260612,563,トリドール,3397,東P,,"3,905",+49,+1.27%,"1,329",49.1倍,3.72倍,0.31%
20260612,564,ＳＡＮＫＹＯ,6417,東P,,"1,605.0",-32.5,-1.98%,"1,327",7.93倍,1.27倍,4.98%
20260612,565,ＶＩＸＥＴＦ,318A,東Ｅ,,541.1,+24.9,+4.82%,"1,320",ー倍,ー倍,ー%
20260612,566,エンプラス,6961,東P,,"11,650",-10,-0.09%,"1,316",21.0倍,1.69倍,0.77%
20260612,567,東京センチュ,8439,東P,,"2,394.5",-22.5,-0.93%,"1,305",9.51倍,1.04倍,3.76%
20260612,568,ダイダン,1980,東P,,"2,443",-50,-2.01%,"1,298",11.6倍,2.42倍,3.48%
20260612,569,第四北越ＦＧ,7327,東P,,"2,072",-23,-1.10%,"1,295",10.9倍,0.95倍,3.67%
20260612,570,三桜工,6584,東P,,962,-38,-3.80%,"1,295",23.0倍,0.72倍,2.91%
20260612,571,伊勢化,4107,東S,,"3,680",-230,-5.88%,"1,292",34.7倍,4.64倍,1.09%
20260612,572,ＴＢＳＨＤ,9401,東P,,"5,913",0,0.00%,"1,291",19.1倍,0.82倍,1.69%
20260612,573,京王,9008,東P,,748.0,-11.6,-1.53%,"1,280",10.1倍,0.98倍,2.94%
20260612,574,リンテック,7966,東P,,"5,580",+40,+0.72%,"1,280",18.7倍,1.42倍,2.15%
20260612,575,ホテルリート,8985,東Ｒ,,"76,000",+300,+0.40%,"1,277",16.1倍,1.53倍,6.81%
20260612,576,サッポロＨＤ,2501,東P,,"1,693.0",+19.5,+1.17%,"1,271",2.23倍,3.07倍,2.36%
20260612,577,ＭＸ２２５,1346,東Ｅ,,"66,720",-180,-0.27%,"1,271",ー倍,ー倍,ー%
20260612,578,帝人,3401,東P,,"1,607.5",-12.0,-0.74%,"1,269",6.89倍,0.85倍,3.11%
20260612,579,パーク２４,4666,東P,,"1,821.5",-31.0,-1.67%,"1,251",12.0倍,4.38倍,3.57%
20260612,580,東亜建,1885,東P,,"2,081",-48,-2.25%,"1,251",11.1倍,1.38倍,3.70%
20260612,581,ＡＬＳＯＫ,2331,東P,,"1,088.0",+7.5,+0.69%,"1,245",14.2倍,1.38倍,3.03%
20260612,582,ＫＯＡ,6999,東P,,"2,566",-52,-1.99%,"1,240",19.9倍,1.08倍,1.52%
20260612,583,日経ベア,1580,東Ｅ,,828.0,+1.0,+0.12%,"1,237",ー倍,ー倍,ー%
20260612,584,Ａｐｐｉｅｒ,4180,東P,,803,-20,-2.43%,"1,233",23.7倍,2.17倍,0.29%
20260612,585,ＨＩＳ,9603,東P,,"1,008",-76,-7.01%,"1,225",8.37倍,1.26倍,2.48%
20260612,586,ＧＸＮデカバ,563A,東Ｅ,,"1,069",-10,-0.93%,"1,223",ー倍,ー倍,ー%
20260612,587,ソレイジア,4597,東G,,22,0,0.00%,"1,219",ー倍,3.51倍,ー%
20260612,588,コーテクＨＤ,3635,東P,,"1,478.0",-9.0,-0.61%,"1,217",15.9倍,1.82倍,3.25%
20260612,589,ひろぎんＨＤ,7337,東P,,"2,051.5",-4.0,-0.19%,"1,214",12.0倍,1.07倍,3.41%
20260612,590,コーセーＨＤ,4922,東P,,"5,204",-13,-0.25%,"1,210",24.4倍,1.06倍,2.88%
20260612,591,物語コーポ,3097,東P,,"4,730",-50,-1.05%,"1,209",24.5倍,4.11倍,0.85%
20260612,592,日軽金ＨＤ,5703,東P,,"2,986",-79,-2.58%,"1,205",11.2倍,0.74倍,3.35%
20260612,593,大垣共立,8361,東P,,"7,220",-190,-2.56%,"1,204",14.4倍,0.81倍,2.08%
20260612,594,ＩＤＯＭ,7599,東P,,"1,322",-6,-0.45%,"1,200",9.35倍,1.51倍,3.21%
20260612,595,Ｊディスプレ,6740,東P,,54,0,0.00%,"1,172",ー倍,-5.3倍,ー%
20260612,596,ＡＣＳＬ,6232,東G,,"1,828",-74,-3.89%,"1,168",ー倍,12.7倍,ー%
20260612,597,ノースサンド,446A,東G,,"1,380",-25,-1.78%,"1,168",14.9倍,5.35倍,2.39%
20260612,598,小林製薬,4967,東P,,"5,550",+14,+0.25%,"1,148",41.3倍,1.98倍,1.91%
20260612,599,アルフレッサ,2784,東P,,"2,197.0",-2.0,-0.09%,"1,147",18.5倍,0.76倍,3.23%
20260612,600,プロクレＨＤ,7384,東P,,"3,520",-125,-3.43%,"1,143",14.2倍,0.61倍,2.84%
20260612,601,サンケン,6707,東P,,"7,825",-90,-1.14%,"1,138",156倍,1.30倍,ー%
20260612,602,全国保証,7164,東P,,"2,878.5",+13.0,+0.45%,"1,136",11.7倍,1.56倍,4.27%
20260612,603,ＨＰＣシス,6597,東G,,"4,430",-160,-3.49%,"1,135",35.7倍,6.96倍,0.72%
20260612,604,レンゴー,3941,東P,,"1,372.0",-17.5,-1.26%,"1,130",10.9倍,0.69倍,3.64%
20260612,605,カナデビア,7004,東P,,"1,260",-20,-1.56%,"1,126",10.1倍,1.08倍,3.02%
20260612,606,ノリタケ,5331,東P,,"3,840",+65,+1.72%,"1,123",14.6倍,1.27倍,2.60%
20260612,607,伊藤園,2593,東P,,"2,813.5",+7.5,+0.27%,"1,123",29.5倍,1.84倍,1.85%
20260612,608,岩谷産,8088,東P,,"1,833.5",+3.5,+0.19%,"1,122",9.28倍,0.97倍,2.56%
20260612,609,筑波銀,8338,東P,,660,-27,-3.93%,"1,115",8.22倍,0.77倍,0.76%
20260612,610,三浦工,6005,東P,,"3,117.0",-3.0,-0.10%,"1,114",12.7倍,1.48倍,2.37%
20260612,611,カドカワ,9468,東P,,"3,310.0",+42.0,+1.29%,"1,109",83.9倍,1.99倍,0.91%
20260612,612,湖北工業,6524,東S,,"5,180",0,0.00%,"1,107",38.0倍,5.65倍,0.77%
20260612,613,雪印メグ,2270,東P,,"3,655",-100,-2.66%,"1,107",9.01倍,0.93倍,2.74%
20260612,614,タクマ,6013,東P,,"3,435",+40,+1.18%,"1,105",16.2倍,2.22倍,3.14%
20260612,615,オリックスＦ,8954,東Ｒ,,"94,200",-200,-0.21%,"1,104",17.8倍,1.47倍,5.20%
20260612,616,トヨタ紡織,3116,東P,,"2,148.0",-34.5,-1.58%,"1,096",7.99倍,0.79倍,4.00%
20260612,617,ジャフコＧ,8595,東P,,"2,237.0",+15.5,+0.70%,"1,093",ー倍,0.88倍,5.95%
20260612,618,明電舎,6508,東P,,"8,850",-60,-0.67%,"1,089",18.3倍,2.30倍,ー%
20260612,619,ＳＲＥＨＤ,2980,東P,,"2,431",-101,-3.99%,"1,075",13.8倍,2.56倍,0.82%
20260612,620,池田泉州ＨＤ,8714,東P,,"1,006",-12,-1.18%,"1,069",14.7倍,1.12倍,2.73%
20260612,621,邦ガス,9533,東P,,"1,265.0",+12.0,+0.96%,"1,063",19.8倍,0.95倍,1.78%
20260612,622,スズケン,9987,東P,,"5,061",-35,-0.69%,"1,060",13.7倍,0.82倍,2.37%
20260612,623,日触媒,4114,東P,,"2,011.5",+10.5,+0.52%,"1,058",ー倍,0.75倍,ー%
20260612,624,バイセル,7685,東G,,"3,835",+15,+0.39%,"1,055",25.2倍,10.1倍,0.57%
20260612,625,コスピブル,2033,東EN,,"108,000",-700,-0.64%,"1,054",ー倍,ー倍,ー%
20260612,626,豊和工,6203,東S,,"1,605",-71,-4.24%,"1,053",17.9倍,0.92倍,1.25%
20260612,627,山陰合銀,8381,東P,,"2,118",-16,-0.75%,"1,049",12.5倍,0.99倍,3.21%
20260612,628,上村工,4966,東S,,"23,150",+680,+3.03%,"1,048",25.5倍,3.18倍,1.25%
20260612,629,十六ＦＧ,7380,東P,,"2,180",+17,+0.79%,"1,046",13.8倍,0.82倍,2.29%
20260612,630,ＨＩＯＫＩ,6866,東P,,"12,070",-420,-3.36%,"1,041",21.5倍,3.73倍,1.99%
20260612,631,テクノフレ,3449,東S,,"7,040",-180,-2.49%,"1,040",46.1倍,4.90倍,0.88%
20260612,632,スマバ,9417,東S,,385,-66,-14.63%,"1,034",ー倍,2.71倍,2.60%
20260612,633,戸田建,1860,東P,,"1,524.0",-15.0,-0.97%,"1,032",12.9倍,1.15倍,3.94%
20260612,634,ダイワボウ,3107,東P,,"3,451.0",-1.0,-0.03%,"1,031",11.8倍,1.76倍,3.19%
20260612,635,上場東証指数,1308,東Ｅ,,"4,015",-12,-0.30%,"1,029",ー倍,ー倍,ー%
20260612,636,ネクセラ,4565,東P,,987,+7,+0.71%,"1,028",ー倍,1.44倍,ー%
20260612,637,クオリプス,4894,東G,,"3,690",-325,-8.09%,"1,026",ー倍,6.50倍,ー%
20260612,638,ニプロ,8086,東P,,"1,722.5",-14.5,-0.83%,"1,009",18.7倍,1.02倍,1.86%
20260612,639,芝浦機,6104,東P,,"3,925",+20,+0.51%,"1,009",46.4倍,0.78倍,3.57%
20260612,640,マネフォ,3994,東P,,"3,968",-34,-0.85%,"1,006",ー倍,5.27倍,ー%
20260612,641,メイテックＧ,9744,東P,,"3,081.0",+9.0,+0.29%,"1,005",17.1倍,4.88倍,5.87%
20260612,642,ヨコオ,6800,東P,,"5,120",-80,-1.54%,"1,005",26.5倍,1.98倍,1.25%
20260612,643,安藤ハザマ,1719,東P,,"1,746.0",-2.5,-0.14%,"1,003",12.3倍,1.32倍,4.81%
20260612,644,大同メ,7245,東P,,"1,188",-42,-3.41%,"1,003",11.1倍,0.67倍,3.03%
20260612,645,農中日経平均,2525,東Ｅ,,"64,640",-340,-0.52%,"1,002",ー倍,ー倍,ー%
20260612,646,ニフコ,7988,東P,,"4,215",-70,-1.63%,999,11.5倍,1.32倍,2.66%
20260612,647,タムラ,6768,東P,,916,-30,-3.17%,989,16.2倍,1.16倍,1.75%
20260612,648,ｉＦナ百Ｗブ,2869,東Ｅ,,"72,640",-450,-0.62%,987,ー倍,ー倍,ー%
20260612,649,セリア,2782,東S,,"3,555",-140,-3.79%,982,15.1倍,2.40倍,2.25%
20260612,650,ＡＢＣマート,2670,東P,,"2,717.5",-35.5,-1.29%,980,14.5倍,1.69倍,2.94%
20260612,651,飯田ＧＨＤ,3291,東P,,"2,148.5",-42.5,-1.94%,976,9.06倍,0.58倍,4.28%
20260612,652,北陸電,9505,東P,,853.5,-4.3,-0.50%,971,7.13倍,0.40倍,2.93%
20260612,653,東洋合成,4970,東S,,"14,340",+180,+1.27%,969,35.6倍,4.15倍,0.35%
20260612,654,ゴルドウイン,8111,東P,,"2,145.0",+17.0,+0.80%,966,11.5倍,2.27倍,3.26%
20260612,655,ハウス食Ｇ,2810,東P,,"3,535.0",+25.0,+0.71%,965,18.7倍,1.08倍,2.83%
20260612,656,あいちＦＧ,7389,東P,,"1,336",-16,-1.18%,964,14.2倍,0.76倍,2.25%
20260612,657,バルカー,7995,東P,,"7,590",+40,+0.53%,963,18.8倍,2.50倍,2.64%
20260612,658,ＴＳテック,7313,東P,,"1,781.0",-29.0,-1.60%,963,26.0倍,0.67倍,5.17%
20260612,659,ＪＭＤＣ,4483,東P,,"2,650",-27,-1.01%,956,24.4倍,2.07倍,ー%
20260612,660,ＲＳテクノ,3445,東P,,"6,510",-30,-0.46%,956,17.3倍,2.05倍,0.84%
20260612,661,ミライトワン,1417,東P,,"3,818",-54,-1.39%,947,13.2倍,1.21倍,2.49%
20260612,662,ＧＸＵテック,2244,東Ｅ,,"3,421",-26,-0.75%,946,ー倍,ー倍,ー%
20260612,663,エクセディ,7278,東P,,"5,940",-50,-0.83%,945,15.4倍,1.12倍,5.89%
20260612,664,ライフコーポ,8194,東P,,"2,713",-14,-0.51%,945,12.4倍,1.51倍,2.58%
20260612,665,カルビー,2229,東P,,"2,877.0",+23.0,+0.81%,941,20.1倍,1.66倍,2.40%
20260612,666,四国化ＨＤ,4099,東P,,"6,030",+50,+0.84%,940,26.1倍,2.70倍,1.00%
20260612,667,パルＨＤ,2726,東P,,"1,439",-9,-0.62%,939,13.2倍,2.99倍,2.78%
20260612,668,三井倉ＨＤ,9302,東P,,"3,847",-14,-0.36%,939,23.2倍,2.04倍,1.30%
20260612,669,吉野家ＨＤ,9861,東P,,"3,154.0",+47.0,+1.51%,939,41.7倍,3.00倍,0.70%
20260612,670,ジャパンエン,6016,東S,,"7,440",+140,+1.92%,937,12.5倍,3.39倍,1.34%
20260612,671,ミズノ,8022,東P,,"3,415",-65,-1.87%,936,13.7倍,1.50倍,1.93%
20260612,672,ＬＡホールデ,2986,東G,,"8,020",-60,-0.74%,935,5.28倍,2.11倍,6.51%
20260612,673,アーキテクツ,6085,東G,,396,-21,-5.04%,929,"1,200倍",-204倍,ー%
20260612,674,ハウスリート,8984,東Ｒ,,"118,700",-400,-0.34%,923,23.9倍,1.09倍,4.92%
20260612,675,アドバンスＲ,3269,東Ｒ,,"151,000",+300,+0.20%,917,25.6倍,1.75倍,4.19%
20260612,676,サイボウズ,4776,東P,,"2,322",-17,-0.73%,916,14.3倍,6.09倍,2.15%
20260612,677,広済堂ＨＤ,7868,東P,,498,-15,-2.92%,916,15.9倍,1.49倍,2.68%
20260612,678,セイノーＨＤ,9076,東P,,"2,727.0",-35.5,-1.29%,915,16.1倍,1.00倍,3.81%
20260612,679,いちごオフィ,8975,東Ｒ,,"91,600","+6,600",+7.76%,914,20.0倍,1.34倍,4.97%
20260612,680,四国電,9507,東P,,"1,455.5",-14.5,-0.99%,911,9.92倍,0.63倍,3.78%
20260612,681,サンバイオ,4592,東G,,"1,182",-36,-2.96%,910,ー倍,6.92倍,ー%
20260612,682,福井銀,8362,東P,,"5,370",-400,-6.93%,908,14.1倍,0.83倍,2.79%
20260612,683,アイスペース,9348,東G,,576,-1,-0.17%,908,ー倍,5.59倍,ー%
20260612,684,東光高岳,6617,東P,,"7,010",-60,-0.85%,906,11.2倍,1.65倍,1.91%
20260612,685,ステラケミ,4109,東P,,"7,740",+60,+0.78%,905,27.8倍,1.98倍,2.33%
20260612,686,三井不アコモ,3226,東Ｒ,,"122,200",-700,-0.57%,889,23.0倍,2.01倍,3.92%
20260612,687,ショーボンド,1414,東P,,"1,258.0",-5.5,-0.44%,879,16.5倍,2.43倍,3.62%
20260612,688,ＭＴＧ,7806,東G,,"7,140",+120,+1.71%,874,28.1倍,4.80倍,0.46%
20260612,689,リログループ,8876,東P,,"1,831.5",+21.5,+1.19%,872,12.3倍,3.28倍,4.10%
20260612,690,伊藤米久ＨＤ,2296,東P,,"4,805",-40,-0.83%,872,14.7倍,0.93倍,3.23%
20260612,691,福山運,9075,東P,,"6,470",-10,-0.15%,871,13.4倍,0.80倍,1.55%
20260612,692,ニップン,2001,東P,,"2,730",+27,+1.00%,870,10.6倍,0.80倍,2.49%
20260612,693,ＭＸ全世界株,2559,東Ｅ,,"2,871",-37,-1.27%,864,ー倍,ー倍,ー%
20260612,694,ソディック,6143,東P,,"1,801",0,0.00%,863,17.7倍,0.98倍,1.94%
20260612,695,Ｊｏｓｈｉｎ,8173,東P,,"3,900",+170,+4.56%,860,28.8倍,0.96倍,2.56%
20260612,696,ユナイテッド,8960,東Ｒ,,"158,600",-400,-0.25%,857,17.5倍,1.42倍,5.74%
20260612,697,リゾートトラ,4681,東P,,"1,678.5",-9.0,-0.53%,854,17.0倍,2.22倍,2.14%
20260612,698,トーメンデバ,2737,東P,,"14,110",-190,-1.33%,852,8.72倍,1.62倍,4.25%
20260612,699,グリコ,2206,東P,,"5,418",+68,+1.27%,852,33.5倍,1.21倍,1.75%
20260612,700,平田機工,6258,東P,,"2,598",-24,-0.92%,851,12.2倍,1.04倍,2.89%
20260612,701,産業ファンド,3249,東Ｒ,,"140,800",+400,+0.28%,851,18.3倍,1.44倍,5.68%
20260612,702,森永,2201,東P,,"2,579.5",+17.0,+0.66%,848,13.1倍,1.53倍,2.71%
20260612,703,阪和興,8078,東P,,"1,667",-20,-1.19%,843,8.08倍,0.76倍,3.96%
20260612,704,Ｈ２Ｏリテイ,8242,東P,,"2,593.0",+8.0,+0.31%,843,12.8倍,0.95倍,1.85%
20260612,705,日本アビオ,6946,東S,,"4,845",-155,-3.10%,843,17.1倍,4.45倍,0.31%
20260612,706,ＵＴ,2146,東P,,175,-1,-0.57%,841,16.3倍,3.94倍,5.85%
20260612,707,ＺＥＴＡ,6031,東G,,277,-6,-2.12%,841,18.5倍,7.17倍,1.62%
20260612,708,ＡＰＩ,3279,東Ｒ,,"132,900",-400,-0.30%,839,18.9倍,1.18倍,4.77%
20260612,709,テラプローブ,6627,東S,,"9,100",-160,-1.73%,839,ー倍,2.04倍,ー%
20260612,710,メディパル,7459,東P,,"2,682.0",+2.0,+0.07%,838,14.1倍,0.84倍,2.54%
20260612,711,クオンツ総研,9552,東P,,"1,065",-62,-5.50%,832,16.4倍,8.25倍,ー%
20260612,712,日本Ｍ＆Ａ,2127,東P,,643.5,+6.0,+0.94%,832,15.2倍,4.07倍,4.51%
20260612,713,京阪ＨＤ,9045,東P,,"3,228.0",-2.0,-0.06%,827,11.2倍,0.95倍,2.66%
20260612,714,インスペック,6656,東S,,"1,290",-80,-5.84%,822,86.3倍,9.33倍,ー%
20260612,715,Ｊプライム,8955,東Ｒ,,"93,700",-400,-0.43%,818,19.8倍,1.33倍,4.57%
20260612,716,ｉＦＥナ百無,2840,東Ｅ,,"2,661",-13,-0.49%,816,ー倍,ー倍,ー%
20260612,717,大有機,4187,東P,,"5,120",-140,-2.66%,814,23.1倍,2.00倍,1.56%
20260612,718,電通総研,4812,東P,,"2,087",-19,-0.90%,813,22.6倍,4.04倍,2.16%
20260612,719,リンナイ,5947,東P,,"3,536.0",0,0.00%,811,13.5倍,1.12倍,3.00%
20260612,720,オプテクスＧ,6914,東P,,"4,140",-110,-2.59%,806,22.4倍,2.58倍,1.57%
20260612,721,ＫＨネオケム,4189,東P,,"2,614",-2,-0.08%,803,10.5倍,1.31倍,4.21%
20260612,722,Ｊエレベータ,6544,東P,,"1,654.0",+44.0,+2.73%,801,36.1倍,12.0倍,ー%
20260612,723,王将フード,9936,東P,,"2,719",+44,+1.64%,795,20.1倍,2.20倍,2.06%
20260612,724,ちゅうぎんＦ,5832,東P,,"3,050.0",-19.0,-0.62%,793,12.1倍,0.87倍,3.34%
20260612,725,センコーＨＤ,9069,東P,,"1,945.0",-9.0,-0.46%,790,13.9倍,1.43倍,2.88%
20260612,726,ＧＭＯ,9449,東P,,"3,146.0",-25.0,-0.79%,788,ー倍,2.76倍,ー%
20260612,727,ヘリオス,4593,東G,,247,-7,-2.76%,786,ー倍,4.42倍,ー%
20260612,728,日本紙,3863,東P,,"1,210",-4,-0.33%,786,14.0倍,0.27倍,1.24%
20260612,729,長瀬産,8012,東P,,"1,099.5",-0.5,-0.05%,782,13.0倍,1.05倍,2.46%
20260612,730,京葉銀,8544,東P,,"2,487",-13,-0.52%,781,15.6倍,0.91倍,2.65%
20260612,731,シンプレクス,4373,東P,,"1,021",-17,-1.64%,781,18.4倍,4.44倍,2.35%
20260612,732,三井不ロジ,3471,東Ｒ,,"104,900",+100,+0.10%,778,29.5倍,1.05倍,4.77%
20260612,733,熊谷組,1861,東P,,"1,342",-22,-1.61%,777,11.2倍,1.21倍,3.73%
20260612,734,クリレスＨＤ,3387,東P,,717,+9,+1.27%,776,53.0倍,6.90倍,0.70%
20260612,735,一工薬,4461,東P,,"9,990",-160,-1.58%,776,15.8倍,2.04倍,1.50%
20260612,736,南都銀,8367,東P,,"1,768",+3,+0.17%,774,12.6倍,0.93倍,3.17%
20260612,737,松田産業,7456,東P,,"5,960",-150,-2.45%,772,9.01倍,1.30倍,1.85%
20260612,738,石原産,4028,東P,,"2,913",+10,+0.34%,772,12.3倍,0.86倍,4.46%
20260612,739,中国塗,4617,東P,,"3,160",-45,-1.40%,771,ー倍,1.64倍,3.16%
20260612,740,ニッコンＨＤ,9072,東P,,"5,970",+98,+1.67%,771,31.2倍,2.93倍,1.88%
20260612,741,パークシャ,3993,東P,,"2,663",-25,-0.93%,769,29.0倍,2.31倍,ー%
20260612,742,古河機金,5715,東P,,"3,575",-50,-1.38%,766,22.7倍,0.79倍,2.24%
20260612,743,洋缶ＨＤ,5901,東P,,"3,837",-9,-0.23%,765,19.3倍,0.83倍,4.85%
20260612,744,紀陽銀,8370,東P,,"4,455",-5,-0.11%,763,11.5倍,1.16倍,3.50%
20260612,745,日ガス,8174,東P,,"2,760.0",+13.0,+0.47%,759,21.0倍,4.39倍,3.99%
20260612,746,多摩川ＨＤ,6838,東S,,"1,750",-86,-4.68%,759,21.2倍,2.41倍,0.29%
20260612,747,日本光電,6849,東P,,"1,388.0",-6.0,-0.43%,758,14.8倍,1.24倍,2.38%
20260612,748,弘電社,1948,東S,,"11,480",+10,+0.09%,758,41.8倍,4.01倍,ー%
20260612,749,ＨＵグループ,4544,東P,,"3,411.0",-51.0,-1.47%,757,37.8倍,1.38倍,3.66%
20260612,750,加賀電子,8154,東P,,"4,560",-5,-0.11%,753,10.9倍,1.18倍,3.07%
20260612,751,ジョイ本田,3191,東P,,"2,238",-6,-0.27%,750,15.3倍,1.08倍,3.75%
20260612,752,グローリー,6457,東P,,"3,939",-12,-0.30%,739,10.6倍,0.97倍,3.91%
20260612,753,レノバ,9519,東P,,901,-19,-2.07%,738,24.0倍,0.66倍,ー%
20260612,754,相鉄ＨＤ,9003,東P,,"2,466.0",-19.0,-0.76%,736,10.7倍,1.16倍,2.84%
20260612,755,山洋電,6516,東P,,"6,250",-10,-0.16%,734,18.5倍,1.74倍,2.72%
20260612,756,ＧＸ半導１０,282A,東Ｅ,,"2,640",+38,+1.46%,734,ー倍,ー倍,ー%
20260612,757,エムアップ,3661,東P,,686,+11,+1.63%,733,ー倍,5.08倍,3.50%
20260612,758,スピー,4499,東S,,"2,583",-227,-8.08%,728,ー倍,4.35倍,ー%
20260612,759,武蔵銀,8336,東P,,"2,451",-22,-0.89%,726,12.2倍,0.85倍,3.35%
20260612,760,ＴＲＥＨＤ,9247,東P,,"1,714",-25,-1.44%,724,19.7倍,0.97倍,2.92%
20260612,761,クスリアオキ,3549,東P,,"3,797",-5,-0.13%,721,23.3倍,2.60倍,1.47%
20260612,762,松風,7979,東P,,"2,083",-4,-0.19%,720,15.6倍,1.53倍,2.93%
20260612,763,ラサールロジ,3466,東Ｒ,,"145,200",0,0.00%,716,19.3倍,1.19倍,5.56%
20260612,764,守谷輸送機,6226,東S,,"2,193",+203,+10.20%,712,17.5倍,5.20倍,1.73%
20260612,765,サカタＩＮＸ,4633,東P,,"2,329",-18,-0.77%,711,9.62倍,0.94倍,4.29%
20260612,766,ツムラ,4540,東P,,"3,744",-7,-0.19%,709,10.7倍,0.87倍,4.22%
20260612,767,石井表記,6336,東S,,"1,605",-71,-4.24%,707,13.6倍,1.18倍,2.24%
20260612,768,キッツ,6498,東P,,"2,228",-2,-0.09%,706,15.3倍,1.62倍,2.65%
20260612,769,エフピコ,7947,東P,,"2,488",+32,+1.30%,703,ー倍,1.22倍,2.93%
20260612,770,酉島,6363,東P,,"2,620",+11,+0.42%,698,18.1倍,1.15倍,2.44%
20260612,771,平和,6412,東P,,"2,082",-8,-0.38%,693,10.1倍,0.83倍,3.84%
20260612,772,みずほリース,8425,東P,,"1,265",-8,-0.63%,690,6.82倍,0.83倍,4.11%
20260612,773,ベース,4481,東P,,"2,889",-58,-1.97%,688,11.5倍,3.69倍,6.44%
20260612,774,ＧＭＯインタ,4784,東P,,447,-9,-1.97%,685,23.1倍,9.98倍,4.81%
20260612,775,カナモト,9678,東P,,"5,510",0,0.00%,683,14.6倍,1.23倍,2.00%
20260612,776,ｉＦＦＮＧ金,521A,東Ｅ,,"1,769",-79,-4.27%,679,ー倍,ー倍,ー%
20260612,777,化工機,6331,東P,,"3,615",0,0.00%,678,12.0倍,1.83倍,3.32%
20260612,778,山梨銀,8360,東P,,"5,980",-90,-1.48%,677,14.7倍,0.79倍,2.73%
20260612,779,博報堂ＤＹ,2433,東P,,"1,174.5",-15.0,-1.26%,676,16.2倍,1.08倍,2.72%
20260612,780,ＮＡＮＫＡＩ,9044,東P,,"2,759.0",-31.5,-1.13%,675,12.5倍,0.90倍,1.99%
20260612,781,日経インバ,1571,東Ｅ,,311,0,0.00%,674,ー倍,ー倍,ー%
20260612,782,イオンＦＳ,8570,東P,,"1,506.0",0,0.00%,674,21.7倍,0.68倍,3.52%
20260612,783,丸一管,5463,東P,,"1,588.5",+10.5,+0.67%,671,13.7倍,1.01倍,3.27%
20260612,784,ティラド,7236,東P,,"14,130",-220,-1.53%,671,8.89倍,1.51倍,5.66%
20260612,785,パーカライ,4095,東P,,"1,752",+4,+0.23%,669,13.4倍,0.93倍,2.85%
20260612,786,ＧＡテクノ,3491,東G,,"1,465",+7,+0.48%,665,11.0倍,1.83倍,0.89%
20260612,787,マルマエ,6264,東P,,"1,915",0,0.00%,664,16.3倍,5.58倍,2.35%
20260612,788,富士急,9010,東P,,"2,266",-11,-0.48%,664,20.9倍,2.88倍,1.46%
20260612,789,エニーカラー,5032,東P,Ｓ,"2,375",-500,-17.39%,662,10.9倍,5.28倍,2.61%
20260612,790,テレ朝ＨＤ,9409,東P,,"3,300",-60,-1.79%,661,13.3倍,0.71倍,3.03%
20260612,791,ナカニシ,7716,東S,,"3,080",+30,+0.98%,658,22.9倍,2.21倍,1.95%
20260612,792,日本新薬,4516,東P,,"4,004",-40,-0.99%,656,8.91倍,0.93倍,3.10%
20260612,793,大崎電,6644,東P,,"1,416",+11,+0.78%,655,13.0倍,1.10倍,3.46%
20260612,794,ＤＧ,350A,東G,,697,-34,-4.65%,653,14.9倍,2.77倍,ー%
20260612,795,ビックカメラ,3048,東P,,"1,786.0",-2.5,-0.14%,653,16.6倍,1.73倍,2.41%
20260612,796,ジーネクスト,4179,東G,Ｓ,420,+80,+23.53%,649,ー倍,30.0倍,ー%
20260612,797,旭ダイヤ,6140,東P,,"1,214",-12,-0.98%,648,22.5倍,0.94倍,2.80%
20260612,798,奥村組,1833,東P,,"5,550",-10,-0.18%,645,12.9倍,1.01倍,5.41%
20260612,799,ダスキン,4665,東P,,"4,300",+30,+0.70%,640,20.7倍,1.28倍,2.91%
20260612,800,ミナトＨＤ,6862,東S,,"1,907",-55,-2.80%,640,6.60倍,1.75倍,1.57%
20260612,801,イオンリート,3292,東Ｒ,,"121,900",-200,-0.16%,635,21.8倍,1.05倍,5.56%
20260612,802,Ｄガレージ,4819,東P,,"1,866",-7,-0.37%,631,ー倍,1.14倍,ー%
20260612,803,インフォＭＴ,2492,東P,,354,-3,-0.84%,629,30.5倍,3.20倍,1.86%
20260612,804,大分銀,8392,東P,,"2,334",-27,-1.14%,629,14.5倍,0.72倍,2.14%
20260612,805,積水ハウスＲ,3309,東Ｒ,,"79,200",-200,-0.25%,628,14.3倍,1.19倍,8.55%
20260612,806,カゴメ,2811,東P,,"2,600.0",+17.0,+0.66%,625,17.5倍,1.24倍,2.23%
20260612,807,ｉＦＴＰ年１,1305,東Ｅ,,"4,105",-15,-0.36%,625,ー倍,ー倍,ー%
20260612,808,アンドＳＴ,2685,東P,,"3,455",-55,-1.57%,624,15.2倍,1.96倍,2.60%
20260612,809,マクセル,6810,東P,,"2,140",+15,+0.71%,622,11.8倍,0.91倍,2.62%
20260612,810,カーリット,4275,東P,,"2,157",-37,-1.69%,621,15.9倍,1.20倍,1.95%
20260612,811,ＮＳＳＯＬ,2327,東P,,"3,232.0",-24.0,-0.74%,618,18.7倍,2.12倍,2.69%
20260612,812,東京エネシス,1945,東P,,"2,304",-48,-2.04%,615,14.7倍,1.05倍,3.34%
20260612,813,アマノ,6436,東P,,"3,597.0",-35.0,-0.96%,614,14.2倍,1.80倍,5.00%
20260612,814,上場半導体株,213A,東Ｅ,,461.0,+9.3,+2.06%,614,ー倍,ー倍,ー%
20260612,815,西松建,1820,東P,,"5,262",-51,-0.96%,613,10.1倍,1.07倍,4.75%
20260612,816,テクマト,3762,東P,,"1,783",-42,-2.30%,613,13.3倍,2.72倍,3.03%
20260612,817,日東工,6651,東P,,"4,320",-25,-0.58%,613,14.1倍,1.32倍,3.56%
20260612,818,アスクル,2678,東P,,"1,154",-25,-2.12%,612,ー倍,1.86倍,0.87%
20260612,819,ＷＳＣＯＰＥ,6619,東P,,232,-10,-4.13%,610,ー倍,0.35倍,ー%
20260612,820,西華産,8061,東P,,"2,818",-3,-0.11%,610,13.3倍,1.87倍,3.30%
20260612,821,アインＨＤ,9627,東P,,"5,972",-45,-0.75%,610,14.0倍,1.32倍,1.67%
20260612,822,インターメス,262A,東P,,"2,151",-87,-3.89%,610,13.9倍,2.53倍,2.37%
20260612,823,阿波銀,8388,東P,,"6,840",+20,+0.29%,609,15.1倍,0.67倍,2.78%
20260612,824,日本ＣＭＫ,6958,東P,,736,-18,-2.39%,608,26.2倍,0.63倍,3.80%
20260612,825,プレミアＧ,7199,東P,,"1,878",-11,-0.58%,606,10.6倍,2.89倍,3.41%
20260612,826,セーレン,3569,東P,,"3,350",-45,-1.33%,605,13.1倍,1.22倍,2.27%
20260612,827,ニッカトー,5367,東S,,"1,230",+51,+4.33%,601,18.4倍,1.04倍,1.87%
20260612,828,大平金,5541,東P,,"2,109",-25,-1.17%,596,232倍,0.58倍,6.16%
20260612,829,壱番屋,7630,東P,,899,+16,+1.81%,596,52.8倍,4.44倍,1.78%
20260612,830,ミラースＨＤ,8897,東P,,409,-7,-1.68%,592,6.83倍,0.65倍,5.62%
20260612,831,サワイＧＨＤ,4887,東P,,"1,711.0",-9.0,-0.52%,591,10.6倍,1.11倍,3.27%
20260612,832,ライト,1926,東P,,"3,945",-30,-0.75%,589,13.8倍,1.80倍,3.70%
20260612,833,コクヨ,7984,東P,,817.2,+3.0,+0.37%,589,17.1倍,1.35倍,3.00%
20260612,834,平和不,8803,東P,,"2,401",-2,-0.08%,584,13.8倍,1.25倍,4.29%
20260612,835,ＧＸ防衛日株,513A,東Ｅ,,809,-8,-0.98%,582,ー倍,ー倍,ー%
20260612,836,ＪＳＢ,3480,東P,,"7,000",+140,+2.04%,581,24.9倍,3.70倍,1.64%
20260612,837,ＦＰＧ,7148,東P,,"1,509",-12,-0.79%,581,8.15倍,2.11倍,6.14%
20260612,838,百十四,8386,東P,,"2,463",-26,-1.04%,579,13.3倍,0.72倍,2.84%
20260612,839,東北鋼,5484,東S,,"4,485",+5,+0.11%,579,ー倍,1.13倍,ー%
20260612,840,住友倉,9303,東P,,"3,900",+40,+1.04%,577,17.2倍,0.94倍,2.64%
20260612,841,航空電子,6807,東P,,"2,292",+18,+0.79%,576,25.8倍,1.07倍,2.18%
20260612,842,ＪＩＡ,7172,東P,,"2,009",-1,-0.05%,576,9.60倍,1.62倍,5.38%
20260612,843,カチタス,8919,東P,,"3,375",-75,-2.17%,572,18.9倍,4.98倍,2.67%
20260612,844,ノーリツ鋼機,7744,東P,,"1,981",0,0.00%,570,12.5倍,0.92倍,3.79%
20260612,845,フクダ電,6960,東S,,"11,500",-10,-0.09%,569,17.6倍,1.65倍,2.00%
20260612,846,東海理,6995,東P,,"2,864",+6,+0.21%,568,12.2倍,0.70倍,4.19%
20260612,847,ＧＬテクノ,255A,東S,,"5,380",-80,-1.47%,566,12.7倍,1.40倍,2.34%
20260612,848,イーグル工,6486,東P,,"2,848",-27,-0.94%,564,13.6倍,0.97倍,ー%
20260612,849,イノテック,9880,東P,,"4,035",-65,-1.59%,564,10.1倍,1.86倍,3.22%
20260612,850,ＵＮＥＸＴ,9418,東P,,"1,589",-14,-0.87%,561,15.5倍,2.72倍,1.07%
20260612,851,ジモティー,7082,東G,,"1,416",0,0.00%,561,36.4倍,7.59倍,ー%
20260612,852,名古屋銀,8522,東P,,"5,820",-60,-1.02%,560,12.5倍,0.91倍,3.44%
20260612,853,エスエムエス,2175,東P,,"2,033",-24,-1.17%,559,27.1倍,6.30倍,1.50%
20260612,854,ホシデン,6804,東P,,"2,741",+12,+0.44%,557,10.8倍,0.90倍,2.81%
20260612,855,平和不リート,8966,東Ｒ,,"133,300",-700,-0.52%,556,15.9倍,1.34倍,5.99%
20260612,856,タツモ,6266,東P,,"3,480",-20,-0.57%,554,20.2倍,1.92倍,0.98%
20260612,857,円谷フィＨＤ,2767,東P,,"1,361",-18,-1.31%,554,6.28倍,1.39倍,5.14%
20260612,858,栃木銀,8550,東P,,950,-27,-2.76%,554,11.0倍,0.61倍,3.16%
20260612,859,ミラースＲ,3492,東Ｒ,,"81,800",-100,-0.12%,553,16.3倍,0.92倍,6.60%
20260612,860,コメダ,3543,東P,,"2,743",+23,+0.85%,553,18.1倍,2.50倍,2.26%
20260612,861,クミアイ化,4996,東P,,739,+5,+0.68%,552,13.9倍,0.60倍,3.25%
20260612,862,稀元素,4082,東P,,"1,865",+26,+1.41%,551,30.0倍,1.17倍,1.61%
20260612,863,大和オフィス,8976,東Ｒ,,"317,500",-500,-0.16%,548,18.9倍,1.22倍,4.76%
20260612,864,宮崎銀,8393,東P,,"2,064",-8,-0.39%,547,11.9倍,0.78倍,2.71%
20260612,865,ローランド,7944,東P,,"4,320",0,0.00%,547,15.8倍,2.77倍,3.94%
20260612,866,Ｕｍｉｏｓ,1333,東P,,"1,281.5",+4.0,+0.31%,546,12.9倍,0.78倍,3.51%
20260612,867,星野Ｒリート,3287,東Ｒ,,"234,100","+1,200",+0.52%,544,18.0倍,0.94倍,5.55%
20260612,868,レスター,3156,東P,,"4,485",+75,+1.70%,542,12.6倍,1.36倍,3.01%
20260612,869,アイモバイル,6535,東P,,492,+27,+5.81%,540,8.85倍,1.62倍,5.49%
20260612,870,富士紡ＨＤ,3104,東P,,"3,640",+15,+0.41%,538,19.5倍,2.37倍,2.14%
20260612,871,アピリッツ,4174,東S,Ｓ,715,-150,-17.34%,535,25.4倍,1.62倍,4.06%
20260612,872,ポート,7047,東G,,"2,021",+25,+1.25%,535,8.01倍,2.51倍,0.64%
20260612,873,ケイアイ不,3465,東P,,"3,765",-110,-2.84%,533,6.68倍,1.60倍,3.72%
20260612,874,アイカ,4206,東P,,"3,465.0",+3.0,+0.09%,532,11.8倍,1.15倍,4.04%
20260612,875,板硝子,5202,東P,,471,+1,+0.21%,532,22.3倍,0.44倍,ー%
20260612,876,日本ロジ,8967,東Ｒ,,"92,500",+100,+0.11%,531,19.4倍,1.80倍,5.11%
20260612,877,リンクユーＧ,4446,東P,Ｓ,695,+100,+16.81%,531,56.3倍,3.83倍,ー%
20260612,878,沖縄セルラー,9436,東S,,"3,705",0,0.00%,530,25.7倍,3.45倍,1.89%
20260612,879,グンゼ,3002,東P,,"3,725",-15,-0.40%,528,22.5倍,1.04倍,5.80%
20260612,880,トーカロ,3433,東P,,"2,973",+10,+0.34%,527,17.3倍,2.65倍,2.89%
20260612,881,純プラ信託,1541,東Ｅ,,"7,801",-12,-0.15%,526,ー倍,ー倍,ー%
20260612,882,レオパレス,8848,東P,,612,-6,-0.97%,525,8.76倍,4.78倍,2.45%
20260612,883,オンワード,8016,東P,,733,+4,+0.55%,524,8.90倍,1.07倍,4.50%
20260612,884,中電工,1941,東P,,"5,090",+30,+0.59%,524,13.7倍,1.10倍,2.75%
20260612,885,ワコム,6727,東P,,869,-12,-1.36%,518,11.6倍,3.10倍,2.76%
20260612,886,Ｊトラスト,8508,東S,,713,-28,-3.78%,515,11.6倍,0.59倍,2.38%
20260612,887,極東開発,7226,東P,,"2,060",-18,-0.87%,515,15.9倍,0.70倍,5.83%
20260612,888,ヒュマメイド,456A,東G,,"1,574",+24,+1.55%,515,43.7倍,12.2倍,ー%
20260612,889,フロンティア,8964,東Ｒ,,"81,000",-300,-0.37%,512,18.5倍,1.25倍,5.43%
20260612,890,ＣＣＩＧ,7381,東P,,972,-19,-1.92%,512,12.7倍,0.88倍,3.09%
20260612,891,オカムラ,7994,東P,,"2,246",+16,+0.72%,512,10.1倍,1.04倍,4.67%
20260612,892,ＭＸ米株ＳＰ,2558,東Ｅ,,"3,366",-26,-0.77%,510,ー倍,ー倍,ー%
20260612,893,泉州電,9824,東P,,"6,710",-170,-2.47%,508,13.5倍,1.86倍,2.38%
20260612,894,富山第一銀,7184,東P,,"2,487",-50,-1.97%,507,11.6倍,0.76倍,3.02%
20260612,895,長野計器,7715,東P,,"3,770",+10,+0.27%,506,16.3倍,1.46倍,1.59%
20260612,896,Ａｉロボ,247A,東G,,684,-10,-1.44%,502,ー倍,7.34倍,ー%
20260612,897,ヨドコウ,5451,東P,,"1,288",+14,+1.10%,502,18.5倍,0.91倍,4.11%
20260612,898,藤田観,9722,東P,,"1,764",-23,-1.29%,501,9.19倍,2.67倍,1.13%
20260612,899,あいＨＤ,3076,東P,,"2,701",+6,+0.22%,500,14.0倍,1.26倍,4.63%
20260612,900,リバーエレク,6666,東S,,"1,028",-135,-11.61%,500,"4,283倍",1.84倍,0.97%
20260612,901,ムニノバＨＤ,547A,東P,,415,-9,-2.12%,498,6.29倍,0.83倍,4.82%
20260612,902,大栄環境,9336,東P,,"3,850",+5,+0.13%,498,23.4倍,3.50倍,1.43%
20260612,903,コロワイド,7616,東P,,"1,862.5",+9.0,+0.49%,496,95.2倍,2.88倍,0.27%
20260612,904,大阪ソーダ,4046,東P,,"1,778",+8,+0.45%,496,15.9倍,1.68倍,1.57%
20260612,905,ＮＳＤ,9759,東P,,"2,558.0",+0.5,+0.02%,495,14.8倍,2.63倍,3.79%
20260612,906,デジアーツ,2326,東P,,"3,610",-15,-0.41%,494,12.8倍,2.63倍,2.77%
20260612,907,三十三ＦＧ,7322,東P,,"1,693",+11,+0.65%,491,11.8倍,0.76倍,2.60%
20260612,908,シップＨＤ,3360,東P,,"2,111.0",-11.5,-0.54%,491,12.1倍,1.29倍,3.08%
20260612,909,山形銀,8344,東P,,"3,370",+20,+0.60%,491,13.9倍,0.69倍,2.91%
20260612,910,フリー,4478,東G,,"1,981",-26,-1.30%,490,ー倍,5.80倍,ー%
20260612,911,ＪＣＵ,4975,東P,,"6,810",+100,+1.49%,490,19.1倍,3.07倍,2.64%
20260612,912,アイピーエス,4390,東P,,"3,705",-70,-1.85%,489,11.5倍,2.57倍,1.08%
20260612,913,技術承継機構,319A,東G,,"16,640",+230,+1.40%,489,ー倍,14.5倍,ー%
20260612,914,サイバダイン,7779,東G,,286,-5,-1.72%,488,ー倍,0.96倍,ー%
20260612,915,ＶＮＸ,4422,東G,,778,+31,+4.15%,486,ー倍,7.95倍,ー%
20260612,916,東邦銀,8346,東P,,765,-5,-0.65%,485,14.7倍,0.88倍,2.75%
20260612,917,芙蓉リース,8424,東P,,"4,272",-42,-0.97%,485,8.03倍,0.77倍,4.03%
20260612,918,東京製鉄,5423,東P,,"1,689",+18,+1.08%,483,ー倍,0.78倍,2.37%
20260612,919,ＭＣＪ,6670,東S,,"2,184",+1,+0.05%,478,ー倍,2.05倍,ー%
20260612,920,フォスター,6794,東P,,"2,791",-20,-0.71%,474,12.5倍,0.93倍,4.12%
20260612,921,セルシス,3663,東P,,"1,877",-64,-3.30%,472,25.4倍,12.1倍,2.13%
20260612,922,岩手銀,8345,東P,,"2,005",+5,+0.25%,467,13.8倍,0.71倍,2.89%
20260612,923,ニッタ,5186,東P,,"5,940",+140,+2.41%,466,13.3倍,0.99倍,2.86%
20260612,924,ネットスタズ,5590,東G,,679,-3,-0.44%,466,23.3倍,1.47倍,ー%
20260612,925,ＧＸＮカバコ,2865,東Ｅ,,"1,247",-5,-0.40%,466,ー倍,ー倍,ー%
20260612,926,エスペック,6859,東P,,"4,050",-40,-0.98%,464,14.6倍,1.40倍,2.84%
20260612,927,ＦＦＲＩ,3692,東G,,"4,670",+20,+0.43%,463,32.6倍,9.78倍,0.39%
20260612,928,東海東京,8616,東P,,716,-4,-0.56%,463,ー倍,0.93倍,ー%
20260612,929,日セラ,6929,東P,,"3,745",-45,-1.19%,461,16.5倍,1.76倍,4.41%
20260612,930,オリコン,4800,東S,,"1,329",0,0.00%,460,16.3倍,2.94倍,ー%
20260612,931,綜研化学,4972,東S,,"3,490",-15,-0.43%,459,13.5倍,1.40倍,ー%
20260612,932,東陽テク,8151,東P,,"1,995",-33,-1.63%,459,16.6倍,1.45倍,3.51%
20260612,933,サカタタネ,1377,東P,,"4,210",+25,+0.60%,458,17.8倍,1.03倍,1.78%
20260612,934,サンエー,2659,東P,,"3,240",+35,+1.09%,458,17.9倍,1.26倍,3.40%
20260612,935,ガンホー,3765,東P,,"2,238",-19,-0.84%,458,ー倍,1.02倍,ー%
20260612,936,川田テク,3443,東P,,"1,182",-10,-0.84%,457,8.54倍,0.61倍,3.55%
20260612,937,東エレデバ,2760,東P,,"3,850",-35,-0.90%,457,14.4倍,2.15倍,2.81%
20260612,938,カヤバ,7242,東P,,"3,845",-65,-1.66%,457,27.4倍,0.65倍,4.21%
20260612,939,旭有機材,4216,東P,,"6,690",+10,+0.15%,457,20.6倍,1.55倍,1.94%
20260612,940,ポーラＨＤ,4927,東P,,"1,268.5",+2.0,+0.16%,453,31.2倍,1.78倍,4.10%
20260612,941,愛知鋼,5482,東P,,"2,930",+1,+0.03%,452,16.7倍,0.80倍,5.12%
20260612,942,イトーキ,7972,東P,,"2,416",+8,+0.33%,451,10.7倍,2.02倍,3.73%
20260612,943,京三,6742,東P,,934,-22,-2.30%,449,13.7倍,1.04倍,2.89%
20260612,944,ホーチキ,6745,東P,,"1,946",-14,-0.71%,449,16.1倍,2.12倍,2.06%
20260612,945,イズミ,8273,東P,,942,+12,+1.29%,447,11.4倍,0.67倍,3.18%
20260612,946,グロバワン,8958,東Ｒ,,"107,900",-100,-0.09%,445,16.7倍,1.18倍,5.93%
20260612,947,大黒屋,6993,東S,,96,-2,-2.04%,445,114倍,13.3倍,ー%
20260612,948,Ｋ＆Ｏエナジ,1663,東P,,"3,935",+40,+1.03%,445,16.7倍,0.98倍,1.52%
20260612,949,東映,9605,東P,,"5,730",+110,+1.96%,445,28.4倍,1.23倍,0.21%
20260612,950,伯東,7433,東P,,"4,425",-50,-1.12%,444,14.6倍,1.22倍,4.97%
20260612,951,地主,3252,東P,,"2,885",-28,-0.96%,442,7.47倍,1.20倍,4.51%
20260612,952,アニコムＨＤ,8715,東P,,"1,231",+42,+3.53%,442,27.9倍,3.12倍,1.10%
20260612,953,浅沼組,1852,東P,,793,+2,+0.25%,442,12.4倍,1.29倍,5.67%
20260612,954,フジシール,7864,東P,,"2,658",+47,+1.80%,439,9.27倍,0.88倍,3.27%
20260612,955,ケアサプライ,2393,東S,,"3,960",-105,-2.58%,439,26.8倍,3.31倍,1.87%
20260612,956,コンフォリア,3282,東Ｒ,,"102,400",-500,-0.49%,438,22.7倍,1.48倍,4.10%
20260612,957,タマホーム,1419,東P,,"2,974",-16,-0.54%,437,63.9倍,3.33倍,4.20%
20260612,958,ユナイテド海,9110,東P,,"7,090",+80,+1.14%,436,7.23倍,0.89倍,4.16%
20260612,959,大黒天,2791,東P,,"4,385",-125,-2.77%,436,13.4倍,0.98倍,0.80%
20260612,960,東映アニメ,4816,東S,,"2,412",+11,+0.46%,436,27.2倍,2.88倍,1.82%
20260612,961,松井,8628,東P,,946,+1,+0.11%,436,ー倍,2.97倍,ー%
20260612,962,山善,8051,東P,,"1,723",-5,-0.29%,433,15.9倍,1.03倍,3.25%
20260612,963,丹青社,9743,東P,,"1,316",-8,-0.60%,433,10.9倍,1.65倍,6.08%
20260612,964,原油先Ｗブル,2038,東EN,,"2,612",+84,+3.32%,433,ー倍,ー倍,ー%
20260612,965,メニコン,7780,東P,,"1,678",+29,+1.76%,433,19.2倍,1.32倍,1.67%
20260612,966,タダノ,6395,東P,,"1,259",-24,-1.87%,432,11.4倍,0.77倍,2.70%
20260612,967,青山商,8219,東P,,690,-3,-0.43%,432,12.9倍,0.55倍,5.51%
20260612,968,小森,6349,東P,,"1,430",+10,+0.70%,429,10.5倍,0.62倍,5.24%
20260612,969,ＪＮグループ,6634,東S,,61,+11,+22.00%,428,25.4倍,1.21倍,ー%
20260612,970,アクセルＭ,3624,東G,,61,+8,+15.09%,428,ー倍,3.01倍,ー%
20260612,971,新日本空調,1952,東P,,"3,250",+5,+0.15%,427,11.5倍,1.79倍,3.69%
20260612,972,ロイヤルＨＤ,8179,東P,,"1,233",0,0.00%,426,21.3倍,2.24倍,1.42%
20260612,973,ＧＸ銀行高配,315A,東Ｅ,,"1,717",-18,-1.04%,425,ー倍,ー倍,ー%
20260612,974,アース製薬,4985,東P,,"4,710",+25,+0.53%,424,16.7倍,1.35倍,2.76%
20260612,975,クリエイトＳ,3148,東P,,"3,300",+20,+0.61%,424,13.1倍,1.43倍,2.73%
20260612,976,サンゲツ,8130,東P,,"2,885",+9,+0.31%,424,12.6倍,1.40倍,5.37%
20260612,977,岡野バ,6492,東S,,"12,930",-390,-2.93%,421,14.8倍,1.56倍,0.62%
20260612,978,ダイハツイン,6023,東S,,"2,547",+23,+0.91%,420,11.4倍,1.31倍,2.71%
20260612,979,ｉＳＪリート,1476,東Ｅ,,"1,842",+2,+0.11%,420,ー倍,ー倍,ー%
20260612,980,理計器,7734,東P,,"3,475",-90,-2.52%,419,16.5倍,1.85倍,1.73%
20260612,981,ｉＳＢＡＩ,408A,東Ｅ,,307.6,+2.3,+0.75%,418,ー倍,ー倍,ー%
20260612,982,飛島ＨＤ,256A,東P,,"1,919",-17,-0.88%,417,7.66倍,0.68倍,5.73%
20260612,983,ビジョン,9416,東P,,"1,006",-3,-0.30%,417,9.63倍,2.40倍,5.07%
20260612,984,キッセイ,4547,東P,,"3,875",+15,+0.39%,417,11.1倍,0.70倍,4.39%
20260612,985,稲畑産,8098,東P,,"3,800",+5,+0.13%,416,9.66倍,0.86倍,3.76%
20260612,986,千葉興,8337,東P,,"2,342",-66,-2.74%,414,14.0倍,0.88倍,0.85%
20260612,987,椿本チ,6371,東P,,"2,536",-8,-0.31%,413,12.0倍,0.89倍,3.15%
20260612,988,森ヒルズＲ,3234,東Ｒ,,"126,800",-400,-0.31%,412,20.5倍,1.18倍,4.89%
20260612,989,ＭＩＸＩ,2121,東P,,"2,685",-15,-0.56%,412,13.0倍,0.96倍,4.66%
20260612,990,ＳＨＯＥＩ,7839,東P,,"1,840",-75,-3.92%,409,15.9倍,3.10倍,3.26%
20260612,991,Ｕアローズ,7606,東P,,"2,471",-53,-2.10%,407,11.1倍,1.62倍,3.72%
20260612,992,レイズネク,6379,東P,,"2,210",+57,+2.65%,407,13.3倍,1.30倍,5.29%
20260612,993,ＭＸナスダク,2631,東Ｅ,,"33,030",-170,-0.51%,406,ー倍,ー倍,ー%
20260612,994,有沢製,5208,東P,,"2,193",-5,-0.23%,405,18.0倍,1.42倍,4.47%
20260612,995,バローＨＤ,9956,東P,,"3,690",+80,+2.22%,405,11.8倍,1.05倍,2.06%
20260612,996,アルペン,3028,東P,,"2,104",+59,+2.89%,405,14.1倍,0.66倍,2.61%
20260612,997,やまびこ,6250,東P,,"3,600",-20,-0.55%,404,9.82倍,1.19倍,3.06%
20260612,998,東合成,4045,東P,,"1,706.5",+12.5,+0.74%,403,15.8倍,0.85倍,4.10%
20260612,999,カーバイド,4064,東P,,"3,510",-50,-1.40%,402,10.6倍,0.85倍,3.82%
20260612,1000,松屋フーズ,9887,東P,,"4,780",+80,+1.70%,402,25.9倍,1.71倍,0.54%
20260612,1001,スミダコーポ,6817,東P,,"1,427",-55,-3.71%,401,12.9倍,0.75倍,3.71%
20260612,1002,新明和,7224,東P,,"2,098",-76,-3.50%,399,13.2倍,1.11倍,2.76%
20260612,1003,日清オイリオ,2602,東P,,"1,813",+4,+0.22%,399,13.8倍,0.79倍,3.31%
20260612,1004,新日本電工,5563,東P,,443,0,0.00%,399,ー倍,0.77倍,2.93%
20260612,1005,朝日工,1975,東P,,"3,840",-25,-0.65%,399,10.7倍,1.95倍,3.75%
20260612,1006,東亜道,1882,東P,,"1,502",-10,-0.66%,398,16.5倍,1.29倍,5.99%
20260612,1007,ＧＭＯ－ＦＧ,4051,東P,,"6,040",+140,+2.37%,398,26.7倍,7.68倍,2.07%
20260612,1008,ＢＭＬ,4694,東P,,"3,665",+5,+0.14%,398,19.6倍,1.08倍,3.41%
20260612,1009,指月電,6994,東S,,"1,078",-22,-2.00%,397,13.6倍,1.07倍,2.23%
20260612,1010,船井総研ＨＤ,9757,東P,,"1,086",+12,+1.12%,395,15.1倍,4.03倍,4.42%
20260612,1011,メディアＬ,6659,東S,,56,-9,-13.85%,393,ー倍,1.72倍,ー%
20260612,1012,モスフード,8153,東P,,"3,670",+80,+2.23%,393,31.5倍,1.92倍,0.93%
20260612,1013,いちご,2337,東P,,442,-3,-0.67%,393,9.62倍,1.49倍,3.51%
20260612,1014,東急建設,1720,東P,,"1,122",-10,-0.88%,392,10.8倍,1.07倍,3.83%
20260612,1015,ジャックス,8584,東P,,"3,545",-5,-0.14%,392,15.9倍,0.54倍,5.64%
20260612,1016,ＤＮＣ,4246,東P,,997,-5,-0.50%,391,7.11倍,0.74倍,5.72%
20260612,1017,ダイトロン,7609,東P,,"3,430",-5,-0.15%,390,13.8倍,1.99倍,2.77%
20260612,1018,ワイエイシイ,6298,東P,,"1,286",-27,-2.06%,389,11.3倍,1.33倍,3.50%
20260612,1019,おきなわＦＧ,7350,東P,,"6,320",-10,-0.16%,389,11.2倍,0.83倍,3.16%
20260612,1020,フィナＨＤ,4419,東G,,"1,210",+22,+1.85%,389,27.1倍,5.97倍,ー%
20260612,1021,ＤＴＳ,9682,東P,,994,-9,-0.90%,388,13.4倍,2.47倍,3.82%
20260612,1022,セック,3741,東P,,"3,220",-80,-2.42%,388,20.9倍,3.19倍,1.93%
20260612,1023,東邦鉛,5707,東P,,794,-29,-3.52%,387,7.14倍,1.07倍,ー%
20260612,1024,タカラバイオ,4974,東P,,"1,144",+1,+0.09%,386,ー倍,1.33倍,ー%
20260612,1025,栗本鉄,5602,東P,,"1,373",-7,-0.51%,386,11.6倍,0.88倍,4.37%
20260612,1026,タムロン,7740,東P,,"1,031",-12,-1.15%,386,12.1倍,1.96倍,3.59%
20260612,1027,黒田グループ,287A,東S,,"1,012",-3,-0.30%,386,10.5倍,1.04倍,6.23%
20260612,1028,菱地所物流Ｒ,3481,東Ｒ,,"118,900",-300,-0.25%,386,21.0倍,1.13倍,5.23%
20260612,1029,電気興,6706,東P,,"3,175",-115,-3.50%,386,12.0倍,0.75倍,3.31%
20260612,1030,因幡電産,9934,東P,,"2,678.5",+17.5,+0.66%,385,12.7倍,1.53倍,3.17%
20260612,1031,アイスタイル,3660,東P,,375,-17,-4.34%,384,14.2倍,1.74倍,0.27%
20260612,1032,東和薬品,4553,東P,,"3,780",+40,+1.07%,381,8.66倍,1.04倍,2.25%
20260612,1033,大紀ア,5702,東P,,"1,816",-15,-0.82%,380,8.13倍,0.94倍,3.85%
20260612,1034,松屋,8237,東P,,"1,530",+43,+2.89%,380,155倍,2.91倍,0.78%
20260612,1035,ブルーゾーン,417A,東P,,"1,786.5",+16.0,+0.90%,379,15.2倍,1.82倍,1.79%
20260612,1036,東邦ＨＤ,8129,東P,,"4,115",-43,-1.03%,378,20.6倍,0.98倍,4.37%
20260612,1037,東芝テック,6588,東P,,"3,080",-30,-0.96%,378,23.3倍,1.73倍,1.30%
20260612,1038,セプテニＨＤ,4293,東S,,487,+3,+0.62%,376,19.2倍,1.54倍,3.70%
20260612,1039,プラスゼロ,5132,東G,,"1,558",+160,+11.44%,376,25.6倍,7.59倍,ー%
20260612,1040,三菱総研,3636,東P,,"4,540",-15,-0.33%,375,10.8倍,0.90倍,3.63%
20260612,1041,アコム,8572,東S,,449.3,-2.6,-0.58%,375,11.0倍,0.98倍,4.90%
20260612,1042,リョー菱ＨＤ,167A,東P,,"2,770",-48,-1.70%,373,ー倍,0.81倍,5.05%
20260612,1043,Ａｉｍｉｎｇ,3911,東G,,180,+6,+3.45%,372,ー倍,1.19倍,ー%
20260612,1044,大和証券リビ,8986,東Ｒ,,"99,200",-400,-0.40%,372,20.1倍,1.26倍,5.06%
20260612,1045,能美防災,6744,東P,,"4,210",-80,-1.86%,371,18.6倍,1.79倍,2.76%
20260612,1046,ジャスト,4686,東P,,"3,850",-35,-0.90%,371,ー倍,2.08倍,0.78%
20260612,1047,Ａ＆Ｄホロン,7745,東P,,"2,629",-69,-2.56%,370,16.0倍,1.46倍,2.28%
20260612,1048,東急ＲＥ,8957,東Ｒ,,"180,100",-200,-0.11%,370,15.9倍,1.39倍,4.45%
20260612,1049,ｉＦ日本配当,435A,東Ｅ,,"2,388",-10,-0.42%,370,ー倍,ー倍,ー%
20260612,1050,ＩＤＥＣ,6652,東P,,"3,065",-65,-2.08%,370,15.1倍,1.31倍,4.24%
20260612,1051,ベルーナ,9997,東P,,935,-17,-1.79%,368,7.50倍,0.59倍,4.17%
20260612,1052,ＤＣＭ,3050,東P,,"1,493",0,0.00%,367,11.7倍,0.68倍,3.22%
20260612,1053,愛三工,7283,東P,,"1,776",-61,-3.32%,365,8.44倍,0.71倍,4.50%
20260612,1054,東鉄工,1835,東P,,"4,030",-45,-1.10%,365,10.7倍,1.05倍,3.77%
20260612,1055,日本電設,1950,東P,,"4,320",-90,-2.04%,364,13.7倍,1.17倍,2.94%
20260612,1056,ハードオフ,2674,東P,,"2,573",+145,+5.97%,363,10.9倍,1.77倍,3.58%
20260612,1057,ミツバ,7280,東P,,"1,055",-61,-5.47%,363,4.52倍,0.44倍,2.84%
20260612,1058,日本コークス,3315,東P,,98,-1,-1.01%,363,57.0倍,0.82倍,ー%
20260612,1059,野村原油,1699,東Ｅ,,658.9,+16.3,+2.54%,362,ー倍,ー倍,ー%
20260612,1060,日ギア,6356,東S,,"1,378",-47,-3.30%,362,11.2倍,1.35倍,0.73%
20260612,1061,正興電,6653,東P,,"2,190",-84,-3.69%,362,12.9倍,1.54倍,2.51%
20260612,1062,ディップ,2379,東P,,"1,759",-22,-1.24%,362,19.8倍,2.50倍,5.51%
20260612,1063,西鉄,9031,東P,,"2,847.5",-29.5,-1.03%,361,9.56倍,0.76倍,3.16%
20260612,1064,ＰＨＣＨＤ,6523,東P,,"1,071",-14,-1.29%,361,8.80倍,0.84倍,3.92%
20260612,1065,ベクトル,6058,東P,,"1,445",+10,+0.70%,361,12.3倍,3.21倍,2.49%
20260612,1066,ＨＵＬＩＣＲ,3295,東Ｒ,,"153,100",-600,-0.39%,360,19.6倍,1.09倍,5.23%
20260612,1067,クラシル,299A,東G,,940,-53,-5.34%,359,16.3倍,3.03倍,ー%
20260612,1068,リベラウェア,218A,東G,,"1,026",-79,-7.15%,358,ー倍,44.7倍,ー%
20260612,1069,山岡家,3399,東S,,"3,280",+25,+0.77%,358,17.8倍,6.38倍,0.91%
20260612,1070,ロードスター,3482,東P,,"2,826",+10,+0.36%,358,5.20倍,1.37倍,3.47%
20260612,1071,森トラストＲ,8961,東Ｒ,,"72,700",-100,-0.14%,358,20.1倍,1.10倍,4.99%
20260612,1072,ａｒｔｉｅｎ,4634,東P,,"4,005",-5,-0.12%,358,8.94倍,0.71倍,3.00%
20260612,1073,ＮＴＴ都市Ｒ,8956,東Ｒ,,"130,500",+100,+0.08%,357,18.8倍,1.31倍,4.81%
20260612,1074,ＨＥＮＮＧＥ,4475,東G,,"1,090",-5,-0.46%,357,21.3倍,9.27倍,0.55%
20260612,1075,ＥＩＺＯ,6737,東P,,"2,521",-18,-0.71%,357,15.3倍,0.73倍,4.56%
20260612,1076,サンフロ不,8934,東P,,"2,360",-41,-1.71%,356,7.76倍,1.13倍,3.39%
20260612,1077,ＮＩＴＴＯＫ,6145,東S,,"3,010",-15,-0.50%,355,15.4倍,1.26倍,2.72%
20260612,1078,日本駐車場,2353,東P,,244,-1,-0.41%,355,13.4倍,3.90倍,3.69%
20260612,1079,スターツ,8850,東P,,"4,550",+10,+0.22%,354,8.29倍,1.14倍,3.30%
20260612,1080,ボードルア,4413,東P,,"2,529",-63,-2.43%,353,25.2倍,10.2倍,0.40%
20260612,1081,ブシロード,7803,東G,,275,+4,+1.48%,352,8.07倍,1.36倍,0.91%
20260612,1082,ＭＸトピクス,1348,東Ｅ,,"4,017",-15,-0.37%,352,ー倍,ー倍,ー%
20260612,1083,オリコ,8585,東P,,842,-5,-0.59%,352,11.1倍,0.58倍,4.75%
20260612,1084,アルコニクス,3036,東P,,"2,286",-24,-1.04%,351,10.4倍,0.87倍,3.94%
20260612,1085,ドトル日レス,3087,東P,,"2,707",+37,+1.39%,350,15.1倍,1.08倍,2.22%
20260612,1086,ＳＢＳＨＤ,2384,東P,,"4,515",-45,-0.99%,347,13.3倍,1.77倍,2.33%
20260612,1087,日曹達,4041,東P,,"3,455",-5,-0.14%,347,11.7倍,0.90倍,4.63%
20260612,1088,日本リート,3296,東Ｒ,,"84,000",-200,-0.24%,347,15.7倍,1.15倍,5.77%
20260612,1089,ワコールＨＤ,3591,東P,,"4,505",+43,+0.96%,347,124倍,1.06倍,2.22%
20260612,1090,ハイデ日高,7611,東P,,"2,629",+25,+0.96%,346,21.0倍,3.81倍,1.98%
20260612,1091,大末建,1814,東P,,"3,140",-30,-0.95%,342,8.37倍,1.28倍,5.92%
20260612,1092,ジェイエイシ,2124,東P,,862,+1,+0.12%,341,15.9倍,6.88倍,4.41%
20260612,1093,ムゲンＥ,3299,東S,,"1,676",-20,-1.18%,341,5.20倍,1.14倍,7.76%
20260612,1094,神島化,4026,東S,,"1,555",-111,-6.66%,340,ー倍,0.96倍,ー%
20260612,1095,ギフトＨＤ,9279,東P,,"4,035",-15,-0.37%,339,31.0倍,7.26倍,0.64%
20260612,1096,ユーグレナ,2931,東P,,344,-2,-0.58%,339,ー倍,1.46倍,ー%
20260612,1097,ダイナマップ,336A,東G,,799,-20,-2.44%,338,ー倍,2.62倍,ー%
20260612,1098,リケンＮＰＲ,6209,東P,,"3,905",+20,+0.51%,337,11.7倍,0.66倍,5.38%
20260612,1099,モイ,5031,東G,,405,-57,-12.34%,336,ー倍,2.78倍,ー%
20260612,1100,トーシンＨＤ,9444,東S,,271,+44,+19.38%,334,ー倍,0.63倍,ー%
20260612,1101,冶金工,5480,東P,,"4,395",-10,-0.23%,333,7.61倍,0.60倍,5.01%
20260612,1102,野村鉄鋼非鉄,1623,東Ｅ,,"60,990","-1,260",-2.02%,333,ー倍,ー倍,ー%
20260612,1103,中村超硬,6166,東G,,616,-44,-6.67%,332,ー倍,6.21倍,ー%
20260612,1104,ダイセキ,9793,東P,,"3,905",+40,+1.03%,330,16.5倍,2.26倍,2.20%
20260612,1105,ネットプロ,7383,東P,,347,-5,-1.42%,330,15.8倍,1.64倍,ー%
20260612,1106,ＡＳＢ機械,6284,東P,,"8,610",-200,-2.27%,330,14.2倍,2.09倍,2.79%
20260612,1107,不二越,6474,東P,,"5,390",-30,-0.55%,329,18.3倍,0.67倍,1.86%
20260612,1108,新電元,6844,東P,,"3,050",-50,-1.61%,329,11.5倍,0.43倍,3.28%
20260612,1109,カーボン,5302,東P,,"4,660",+30,+0.65%,329,18.9倍,0.95倍,4.29%
20260612,1110,メタウォータ,9551,東P,,"3,105",-45,-1.43%,326,13.6倍,1.51倍,2.58%
20260612,1111,ヴレインＳ,135A,東G,,"3,570",+35,+0.99%,325,37.7倍,17.6倍,ー%
20260612,1112,ムービン,421A,東G,,"3,410",+25,+0.74%,325,16.5倍,6.93倍,ー%
20260612,1113,ヨコレイ,2874,東P,,"1,920",-14,-0.72%,324,23.7倍,1.32倍,1.41%
20260612,1114,大倉工,4221,東P,,"4,770",+15,+0.32%,324,12.5倍,0.86倍,4.61%
20260612,1115,内田洋,8057,東P,,"1,954",0,0.00%,323,8.38倍,1.18倍,3.68%
20260612,1116,コメリ,8218,東P,,"3,585",-10,-0.28%,323,11.2倍,0.66倍,1.62%
20260612,1117,日ヒュム,5262,東P,,"1,024",-56,-5.19%,322,15.3倍,1.00倍,2.54%
20260612,1118,オートバクス,9832,東P,,"1,482",-8,-0.54%,321,12.9倍,0.85倍,4.05%
20260612,1119,エレコム,6750,東P,,"1,788",+2,+0.11%,320,12.6倍,1.33倍,3.24%
20260612,1120,太平電,1968,東P,,"2,588",-14,-0.54%,320,13.6倍,1.29倍,2.90%
20260612,1121,第一興商,7458,東P,,"1,689.5",+9.5,+0.57%,319,14.3倍,1.41倍,4.02%
20260612,1122,アジアパイル,5288,東P,,"1,497",+22,+1.49%,317,7.41倍,1.09倍,4.68%
20260612,1123,オープンＵＰ,2154,東P,,"1,895",-15,-0.79%,317,13.6倍,2.07倍,4.49%
20260612,1124,アズワン,7476,東P,,"2,174.5",+8.0,+0.37%,316,17.3倍,2.18倍,3.04%
20260612,1125,システナ,2317,東P,,408,-4,-0.97%,316,13.7倍,3.68倍,4.41%
20260612,1126,エアロエッジ,7409,東G,,"3,235",-200,-5.82%,315,57.3倍,8.71倍,ー%
20260612,1127,栄研化,4549,東P,,"2,704",-20,-0.73%,314,43.1倍,2.03倍,2.14%
20260612,1128,エクセレント,8987,東Ｒ,,"137,100",+200,+0.15%,313,20.7倍,1.21倍,4.45%
20260612,1129,ＢＢタワー,3776,東S,,276,-5,-1.78%,312,170倍,1.93倍,0.72%
20260612,1130,平河ヒューテ,5821,東P,,"3,490",-85,-2.38%,312,16.0倍,1.28倍,1.52%
20260612,1131,秋田銀,8343,東P,,"6,230",-50,-0.80%,311,13.0倍,0.62倍,3.21%
20260612,1132,トレファク,3093,東P,,"1,957",-6,-0.31%,311,13.5倍,3.60倍,2.25%
20260612,1133,ストライクＧ,6196,東P,,"1,239",-5,-0.40%,310,14.2倍,3.58倍,5.25%
20260612,1134,日本電技,1723,東S,,"2,184",-25,-1.13%,310,16.0倍,2.97倍,2.56%
20260612,1135,くら寿司,2695,東P,,"1,548",-2,-0.13%,309,41.0倍,1.94倍,0.97%
20260612,1136,紙パル商,8032,東P,,"1,105",+7,+0.64%,309,15.2倍,0.94倍,3.26%
20260612,1137,サンワテク,8137,東P,,"3,670",-75,-2.00%,309,13.6倍,1.08倍,3.54%
20260612,1138,Ｔワークス,3997,東S,,422,+28,+7.11%,308,57.5倍,6.49倍,0.47%
20260612,1139,リョービ,5851,東P,,"2,608",-26,-0.99%,306,7.21倍,0.45倍,3.99%
20260612,1140,飯野海,9119,東P,,"1,448",+15,+1.05%,304,12.7倍,0.97倍,3.18%
20260612,1141,マックス,6454,東P,,"1,611",+7,+0.44%,304,20.4倍,2.51倍,2.48%
20260612,1142,助川電気,7711,東S,,"4,635",-75,-1.59%,303,28.3倍,4.71倍,1.12%
20260612,1143,パイロット,7846,東P,,"4,914",+33,+0.68%,303,12.3倍,1.26倍,2.56%
20260612,1144,ライフネット,7157,東P,,"1,638",-11,-0.67%,302,16.1倍,1.38倍,ー%
20260612,1145,Ｏｎｅ２２５,1369,東Ｅ,,"65,030",+150,+0.23%,302,ー倍,ー倍,ー%
20260612,1146,グリーンエナ,1436,東G,,"1,251",-139,-10.00%,302,19.3倍,2.72倍,0.48%
20260612,1147,ＰＩ,4290,東P,,664,-19,-2.78%,302,14.0倍,1.71倍,4.22%
20260612,1148,クオールＨＤ,3034,東P,,"1,917",-17,-0.88%,302,9.24倍,1.25倍,2.82%
20260612,1149,菱鉛筆,7976,東P,,"2,570",+30,+1.18%,301,16.7倍,0.91倍,2.14%
20260612,1150,タカラスタ,7981,東P,,"2,961",+17,+0.58%,301,12.2倍,0.95倍,4.19%
20260612,1151,ＴＳＩＨＤ,3608,東P,,"1,158",-22,-1.86%,301,8.44倍,0.65倍,6.04%
20260612,1152,セレンＨＤ,7318,東G,,"2,287",-15,-0.65%,301,18.9倍,3.08倍,ー%
20260612,1153,アトム,7412,東S,,692,+23,+3.44%,299,"69,200倍",38.5倍,ー%
20260612,1154,西松屋チェ,7545,東P,,"1,970",+2,+0.10%,299,14.0倍,1.20倍,1.62%
20260612,1155,ＣＲＥロジ,3487,東Ｒ,,"141,300",-100,-0.07%,299,19.6倍,1.05倍,5.44%
20260612,1156,ＯＢＡＲＡＧ,6877,東S,,"5,720",-60,-1.04%,297,10.9倍,1.11倍,2.62%
20260612,1157,グロービング,277A,東P,,"2,233",+82,+3.81%,297,22.7倍,8.70倍,0.67%
20260612,1158,ＰＡコンサル,4071,東P,,"2,680",+4,+0.15%,296,21.9倍,7.07倍,1.87%
20260612,1159,日山村硝,5210,東S,,"2,563",+21,+0.83%,296,11.4倍,0.46倍,5.85%
20260612,1160,Ｍ＆Ａキャピ,6080,東P,,"3,460",+10,+0.29%,296,15.2倍,2.42倍,1.98%
20260612,1161,琉球銀,8399,東P,,"2,513",-16,-0.63%,295,10.3倍,0.71倍,3.90%
20260612,1162,東和銀,8558,東P,,"1,448",-28,-1.90%,295,9.33倍,0.57倍,3.45%
20260612,1163,トランスコス,9715,東P,,"3,805",+40,+1.06%,294,10.6倍,1.11倍,3.81%
20260612,1164,新晃工,6458,東P,,"1,227",-5,-0.41%,293,11.4倍,1.30倍,4.07%
20260612,1165,三井松島ＨＤ,1518,東P,,"1,461",+29,+2.03%,293,7.63倍,0.97倍,5.07%
20260612,1166,ＫｅｅＰｅｒ,6036,東P,,"2,776",+5,+0.18%,293,8.11倍,3.16倍,3.60%
20260612,1167,トモニＨＤ,8600,東P,,879,-4,-0.45%,290,9.46倍,0.57倍,3.41%
20260612,1168,ハピネット,7552,東P,,"2,698",-12,-0.44%,289,11.1倍,1.95倍,ー%
20260612,1169,マニー,7730,東P,,"1,680",-3,-0.18%,288,25.7倍,2.92倍,2.44%
20260612,1170,ＴＫＣ,9746,東P,,"3,445",+35,+1.03%,288,14.1倍,1.59倍,3.19%
20260612,1171,科研薬,4521,東P,,"3,855",+35,+0.92%,288,22.5倍,0.99倍,4.93%
20260612,1172,昭和産,2004,東P,,"3,335",+35,+1.06%,287,11.4倍,0.73倍,4.20%
20260612,1173,リッジアイ,5572,東G,,"3,115",+95,+3.15%,286,64.0倍,4.00倍,ー%
20260612,1174,ハートシード,219A,東G,,"1,585",+18,+1.15%,286,ー倍,5.08倍,ー%
20260612,1175,ジーテクト,5970,東P,,"2,069",-22,-1.05%,286,6.81倍,0.40倍,4.74%
20260612,1176,不動テトラ,1813,東P,,"2,626",-12,-0.45%,284,12.4倍,1.04倍,4.38%
20260612,1177,ワールド,3612,東P,,"1,526",-9,-0.59%,284,9.23倍,1.23倍,4.39%
20260612,1178,ゲオＨＤ,2681,東P,,"2,076",-27,-1.28%,284,13.8倍,0.84倍,1.64%
20260612,1179,ＡＫＩＢＡ,6840,東S,,808,-22,-2.65%,283,ー倍,1.68倍,ー%
20260612,1180,Ｇｅｎｋｙ,9267,東P,,"3,495",+60,+1.75%,283,13.6倍,1.81倍,0.37%
20260612,1181,ｉＦナ百Ｗベ,2870,東Ｅ,,"8,164",+117,+1.45%,282,ー倍,ー倍,ー%
20260612,1182,オリエン白石,1786,東P,,325,0,0.00%,281,15.2倍,0.79倍,4.46%
20260612,1183,東テク,9960,東P,,"3,735",-55,-1.45%,281,11.2倍,2.08倍,3.43%
20260612,1184,ｉＳ米債３月,2012,東Ｅ,,242.5,+0.5,+0.21%,280,ー倍,ー倍,ー%
20260612,1185,セレス,3696,東P,,"1,775",+6,+0.34%,279,12.9倍,1.57倍,3.38%
20260612,1186,東建コーポ,1766,東P,,"12,230",-110,-0.89%,279,9.26倍,0.96倍,2.94%
20260612,1187,ヒラノテク,6245,東S,,"1,775",-30,-1.66%,279,24.4倍,0.68倍,4.73%
20260612,1188,ガリレイ,6420,東P,,"3,395",+15,+0.44%,279,11.0倍,1.20倍,2.62%
20260612,1189,西川ゴム,5161,東S,,"3,055",+10,+0.33%,278,17.0倍,1.26倍,6.02%
20260612,1190,ピーエス,1871,東P,,"2,104",-27,-1.27%,278,12.6倍,1.50倍,4.80%
20260612,1191,ｉＳ米２０Ｈ,2621,東Ｅ,,"1,037",-2,-0.19%,278,ー倍,ー倍,ー%
20260612,1192,ＳＦＯＯＤＳ,2292,東P,,"2,630",-7,-0.27%,277,12.8倍,0.63倍,4.18%
20260612,1193,新光商,8141,東P,,"1,579",+1,+0.06%,277,32.2倍,0.86倍,1.55%
20260612,1194,スクロール,8005,東P,,"1,634",+6,+0.37%,273,12.9倍,1.47倍,6.24%
20260612,1195,ワキタ,8125,東P,,"1,658",-14,-0.84%,273,22.9倍,0.81倍,6.03%
20260612,1196,ＵＳＭＨ,3222,東S,,845,+1,+0.12%,273,"1,174倍",0.87倍,1.89%
20260612,1197,長谷川香料,4958,東P,,"3,160",+55,+1.77%,273,17.5倍,0.97倍,3.16%
20260612,1198,井関農,6310,東P,,"1,722",-26,-1.49%,272,13.0倍,0.52倍,2.61%
20260612,1199,メドレー,4480,東P,,"2,041",-65,-3.09%,272,34.1倍,4.70倍,ー%
20260612,1200,高砂香,4914,東P,,"1,113",+9,+0.82%,271,11.5倍,0.71倍,4.67%
20260612,1201,品川リフラ,5351,東P,,"1,873",+19,+1.02%,271,8.55倍,0.80倍,5.07%
20260612,1202,東証グロース,2516,東Ｅ,,573.4,-0.4,-0.07%,270,ー倍,ー倍,ー%
20260612,1203,四国銀,8387,東P,,"2,854",-47,-1.62%,269,13.6倍,0.63倍,3.01%
20260612,1204,乃村工芸社,9716,東P,,"1,078",-16,-1.46%,269,13.0倍,1.94倍,4.08%
20260612,1205,月島ＨＤ,6332,東P,,"2,496",-23,-0.91%,268,11.6倍,1.01倍,3.53%
20260612,1206,パソナＧ,2168,東P,,"1,507",-3,-0.20%,267,ー倍,0.44倍,4.98%
20260612,1207,積化成,4228,東P,,546,+3,+0.55%,267,9.96倍,0.50倍,3.11%
20260612,1208,ノート,5243,東G,,"1,683",+7,+0.42%,266,38.3倍,6.33倍,ー%
20260612,1209,大王紙,3880,東P,,925,-28,-2.94%,266,11.9倍,0.63倍,1.51%
20260612,1210,レダックス,7602,東S,,146,+2,+1.39%,265,17.3倍,0.64倍,1.37%
20260612,1211,キャスター,9331,東G,,"1,308",+265,+25.41%,265,ー倍,3.73倍,ー%
20260612,1212,エイチワン,5989,東P,,"1,480",-35,-2.31%,265,3.79倍,0.52倍,4.73%
20260612,1213,前田工繊,7821,東P,,"1,727",-47,-2.65%,264,15.2倍,1.54倍,1.62%
20260612,1214,トーエネク,1946,東P,,"2,050",-11,-0.53%,264,10.6倍,1.25倍,3.71%
20260612,1215,イエロハット,9882,東P,,"1,727",+18,+1.05%,263,12.1倍,1.19倍,3.94%
20260612,1216,ＦＣＣ,7296,東P,,"3,410",-40,-1.16%,263,11.0倍,0.81倍,4.69%
20260612,1217,フタバ,7241,東P,,954,+4,+0.42%,262,6.09倍,0.61倍,4.72%
20260612,1218,日本ライフＬ,7575,東P,,"1,332",-8,-0.60%,262,11.7倍,1.42倍,4.20%
20260612,1219,ユアテック,1934,東P,,"2,312",+8,+0.35%,262,12.0倍,1.02倍,3.37%
20260612,1220,アイル,3854,東P,,"2,352",-58,-2.41%,262,14.5倍,4.70倍,2.81%
20260612,1221,東競馬,9672,東P,,"4,680",-40,-0.85%,262,11.3倍,1.28倍,3.12%
20260612,1222,阪急阪神Ｒ,8977,東Ｒ,,"138,000",+300,+0.22%,261,21.4倍,1.10倍,4.74%
20260612,1223,ソースネクス,4344,東P,,105,-6,-5.41%,261,ー倍,2.87倍,ー%
20260612,1224,スターアジア,3468,東Ｒ,,"54,100",-100,-0.18%,261,16.7倍,1.00倍,6.10%
20260612,1225,ヤマシン―Ｆ,6240,東P,,506,-14,-2.69%,261,17.3倍,1.52倍,3.95%
20260612,1226,ウイングアク,4432,東P,,"2,371",-7,-0.29%,260,11.1倍,1.75倍,4.56%
20260612,1227,ＡＢＥＪＡ,5574,東G,,"2,129",-40,-1.84%,260,39.3倍,4.34倍,ー%
20260612,1228,東京綱,5981,東P,,"1,979",-23,-1.15%,259,10.2倍,0.74倍,3.54%
20260612,1229,トーセイ,8923,東P,,"1,557",-14,-0.89%,258,9.96倍,1.39倍,3.53%
20260612,1230,テンシャル,325A,東G,,"3,710",-110,-2.88%,258,11.0倍,4.97倍,ー%
20260612,1231,コロンビア,146A,東S,,"2,606",-88,-3.27%,257,4.79倍,1.15倍,3.61%
20260612,1232,野村銀行１７,1631,東Ｅ,,"36,740",-460,-1.24%,257,ー倍,ー倍,ー%
20260612,1233,ブレーキ,7238,東P,,108,-4,-3.57%,257,11.7倍,0.92倍,ー%
20260612,1234,Ｋｕｄａｎ,4425,東G,,"1,658",-57,-3.32%,257,ー倍,7.14倍,ー%
20260612,1235,グリーンズ,6547,東S,,"1,925",-26,-1.33%,256,7.51倍,3.27倍,2.08%
20260612,1236,イリソ電子,6908,東P,,"2,979",-26,-0.87%,256,13.3倍,0.84倍,3.36%
20260612,1237,ＮＳグループ,471A,東P,,"1,382",-21,-1.50%,256,8.52倍,2.32倍,5.50%
20260612,1238,シリコンスタ,3907,東S,,961,-12,-1.23%,256,32.6倍,1.56倍,1.04%
20260612,1239,積水樹,4212,東P,,"2,225",+72,+3.34%,254,15.2倍,0.67倍,3.69%
20260612,1240,ｉＦＳＰベ,2238,東Ｅ,,"5,485",+53,+0.98%,254,ー倍,ー倍,ー%
20260612,1241,ＳＢＩリーシ,5834,東G,,"2,271",+19,+0.84%,253,5.93倍,1.26倍,5.06%
20260612,1242,亀田製菓,2220,東P,,"1,271",+26,+2.09%,253,18.7倍,0.78倍,1.89%
20260612,1243,クラボウ,3106,東P,,"8,950",-40,-0.44%,253,10.9倍,1.07倍,3.70%
20260612,1244,山王,3441,東S,,"2,366",-107,-4.33%,253,7.84倍,1.28倍,1.06%
20260612,1245,ＰバンＣＯＭ,3559,東S,,400,-75,-15.79%,253,14.7倍,1.30倍,2.50%
20260612,1246,ツバキナカ,6464,東P,,360,-18,-4.76%,253,27.5倍,0.36倍,ー%
20260612,1247,神鋼商,8075,東P,,"2,367",+15,+0.64%,253,6.95倍,0.63倍,5.49%
20260612,1248,日リーテック,1938,東P,,"2,664",-80,-2.92%,251,10.8倍,0.95倍,3.64%
20260612,1249,日比谷設,1982,東P,,"2,994",+39,+1.32%,251,14.2倍,1.55倍,3.67%
20260612,1250,ＴＯＲＥＸ,6616,東P,,"2,289",-34,-1.46%,251,17.3倍,1.29倍,2.45%
20260612,1251,合同鉄,5410,東P,,"2,533",-20,-0.78%,250,8.61倍,0.26倍,3.95%
20260612,1252,日精機,7287,東S,,"2,514",-41,-1.60%,248,14.5倍,0.62倍,3.58%
20260612,1253,日本ＭＤＭ,7600,東P,,781,-13,-1.64%,247,343倍,0.81倍,2.18%
20260612,1254,カワチ薬品,2664,東P,,"3,445",+40,+1.17%,247,25.7倍,0.66倍,2.90%
20260612,1255,東プレ,5975,東P,,"2,657",-14,-0.52%,247,8.57倍,0.53倍,3.76%
20260612,1256,コシダカＨＤ,2157,東P,,970,-2,-0.21%,247,10.8倍,2.11倍,2.68%
20260612,1257,トピー,7231,東P,,"2,649",-47,-1.74%,246,9.54倍,0.40倍,5.10%
20260612,1258,スマレジ,4431,東G,,"2,268",-84,-3.57%,246,21.7倍,4.90倍,1.06%
20260612,1259,トラスコ中山,9830,東P,,"2,218",+1,+0.05%,246,10.1倍,0.78倍,2.64%
20260612,1260,理ビタ,4526,東P,,"2,991",+5,+0.17%,245,11.6倍,1.05倍,3.68%
20260612,1261,ユーザーロカ,3984,東P,,"1,800",+9,+0.50%,244,18.7倍,2.99倍,1.33%
20260612,1262,ミライアル,4238,東S,,"1,718",-7,-0.41%,243,ー倍,0.68倍,ー%
20260612,1263,象印,7965,東P,,"1,430",+23,+1.63%,243,18.9倍,1.00倍,3.22%
20260612,1264,ＧＸＡＩビグ,223A,東Ｅ,,"1,780",-20,-1.11%,243,ー倍,ー倍,ー%
20260612,1265,アズーム,3496,東P,,"4,355",-50,-1.14%,243,24.4倍,8.20倍,2.89%
20260612,1266,アークス,9948,東P,,"3,375",+55,+1.66%,242,14.5倍,0.92倍,2.43%
20260612,1267,日本信号,6741,東P,,"1,543",-1,-0.06%,242,9.62倍,0.84倍,3.63%
20260612,1268,ＧＸ純金,425A,東Ｅ,,350.5,-10.2,-2.83%,241,ー倍,ー倍,ー%
20260612,1269,日証金,8511,東P,,"2,282",-16,-0.70%,240,16.8倍,1.34倍,4.12%
20260612,1270,フューチャー,4722,東P,,"1,525",-18,-1.17%,240,11.5倍,2.14倍,3.15%
20260612,1271,シグマクシス,6088,東P,,540,-16,-2.88%,240,9.79倍,3.06倍,4.81%
20260612,1272,矢作建,1870,東P,,"1,814",-1,-0.06%,239,9.55倍,1.03倍,5.51%
20260612,1273,アルメディオ,7859,東S,,250,-19,-7.06%,238,ー倍,0.63倍,ー%
20260612,1274,コーナン,7516,東P,,"4,160",-5,-0.12%,237,9.37倍,0.68倍,3.37%
20260612,1275,テクノ菱和,1965,東S,,"5,420",-90,-1.63%,237,9.42倍,1.68倍,3.25%
20260612,1276,岡三,8609,東P,,928,+4,+0.43%,236,ー倍,0.80倍,ー%
20260612,1277,ブロドリーフ,3673,東P,,803,-15,-1.83%,236,22.7倍,2.96倍,1.93%
20260612,1278,コムチュア,3844,東P,,"1,283",-21,-1.61%,236,12.7倍,2.03倍,4.05%
20260612,1279,福岡リート,8968,東Ｒ,,"170,900",+300,+0.18%,236,19.9倍,1.31倍,4.68%
20260612,1280,日本高純度,4973,東P,,"5,000",-100,-1.96%,235,13.4倍,1.61倍,4.60%
20260612,1281,半導体日本株,163A,東EN,,"19,930",+290,+1.48%,235,ー倍,ー倍,ー%
20260612,1282,コメ兵ＨＤ,2780,東S,,"5,170",+40,+0.78%,235,9.71倍,1.52倍,2.09%
20260612,1283,サン電子,6736,東S,,"8,690",-340,-3.77%,234,24.6倍,3.88倍,ー%
20260612,1284,トヨカネツ,6369,東P,,"2,126",-16,-0.75%,233,12.3倍,0.82倍,4.94%
20260612,1285,農中東証指数,2524,東Ｅ,,"3,949",-39,-0.98%,233,ー倍,ー倍,ー%
20260612,1286,バンクオブイ,4393,東G,,"4,960",-15,-0.30%,232,ー倍,2.97倍,ー%
20260612,1287,ＳＲＡＨＤ,3817,東P,,"4,480",+30,+0.67%,231,10.3倍,1.68倍,4.91%
20260612,1288,ＥＤＰ,7794,東G,,"1,064",-26,-2.39%,231,ー倍,9.63倍,ー%
20260612,1289,ＦＥＡＳＹ,212A,東P,,"2,293",+2,+0.09%,231,17.8倍,6.42倍,2.01%
20260612,1290,ＷＮＩウェザ,4825,東P,,"2,077",-12,-0.57%,230,26.4倍,4.05倍,4.09%
20260612,1291,明和産,8103,東P,,858,-10,-1.15%,230,8.93倍,0.80倍,5.48%
20260612,1292,信越ポリ,7970,東P,,"2,197",-2,-0.09%,229,ー倍,1.37倍,ー%
20260612,1293,ニチハ,7943,東P,,"2,985",+12,+0.40%,227,12.4倍,0.82倍,3.82%
20260612,1294,荒川化,4968,東P,,"1,642",-34,-2.03%,227,14.5倍,0.52倍,3.35%
20260612,1295,応用地質,9755,東P,,"2,770",-18,-0.65%,227,16.2倍,0.80倍,3.97%
20260612,1296,ＮＪＳ,2325,東P,,"4,945",-65,-1.30%,227,19.2倍,1.56倍,2.22%
20260612,1297,オリンピック,8289,東S,,"1,014",+20,+2.01%,226,ー倍,1.11倍,ー%
20260612,1298,ザ・パック,3950,東P,,"1,288",+5,+0.39%,226,13.5倍,0.93倍,3.26%
20260612,1299,ココナラ,4176,東G,,249,+7,+2.89%,226,15.5倍,2.65倍,ー%
20260612,1300,アルゴグラフ,7595,東P,,"1,215",-11,-0.90%,225,11.6倍,1.71倍,5.35%
20260612,1301,プレス工,7246,東P,,800,-4,-0.50%,224,11.2倍,0.65倍,5.50%
20260612,1302,岩井コスモ,8707,東P,,"3,860",0,0.00%,224,ー倍,1.22倍,ー%
20260612,1303,三洋化,4471,東P,,"4,950",-45,-0.90%,224,12.2倍,0.69倍,3.54%
20260612,1304,インターアク,7725,東P,,"1,836",-29,-1.55%,223,34.9倍,1.73倍,2.40%
20260612,1305,シークス,7613,東P,,"1,388",-5,-0.36%,222,10.9倍,0.62倍,3.60%
20260612,1306,東京鉄,5445,東P,,"1,794",-4,-0.22%,222,6.36倍,0.71倍,5.57%
20260612,1307,鉄建建設,1815,東P,,"4,285",-30,-0.70%,222,9.48倍,0.76倍,5.20%
20260612,1308,上場ＳＰ５百,1547,東Ｅ,,"12,725",-90,-0.70%,221,ー倍,ー倍,ー%
20260612,1309,ノエビアＨＤ,4928,東P,,"4,310",-30,-0.69%,221,18.0倍,3.01倍,5.34%
20260612,1310,ノーリツ,5943,東P,,"2,247",+23,+1.03%,221,11.9倍,0.72倍,4.18%
20260612,1311,富士製薬,4554,東P,,"2,266",-5,-0.22%,221,26.4倍,1.15倍,2.16%
20260612,1312,ファーマＦ,2929,東P,,542,-2,-0.37%,221,10.5倍,1.56倍,4.61%
20260612,1313,ハイレックス,7279,東S,,"2,068",-81,-3.77%,221,2.07倍,0.36倍,3.87%
20260612,1314,ｉＳＳＴ２０,313A,東Ｅ,,258.2,-0.8,-0.31%,221,ー倍,ー倍,ー%
20260612,1315,アクシアル,8255,東P,,"1,100",+11,+1.01%,221,12.2倍,1.02倍,2.64%
20260612,1316,日本通信,9424,東P,,113,-1,-0.88%,221,ー倍,4.18倍,ー%
20260612,1317,アイチコーポ,6345,東P,,"1,350",-11,-0.81%,221,13.0倍,1.16倍,4.81%
20260612,1318,ミルボン,4919,東P,,"2,600",+2,+0.08%,220,19.2倍,1.70倍,3.38%
20260612,1319,ユニプレス,5949,東P,,"1,206",-8,-0.66%,220,12.0倍,0.41倍,5.80%
20260612,1320,新日本建,1879,東P,,"2,216",+21,+0.96%,220,7.41倍,0.96倍,3.47%
20260612,1321,カーブスＨＤ,7085,東P,,870,+2,+0.23%,220,16.5倍,3.50倍,3.45%
20260612,1322,杏林製薬,4569,東P,,"1,139",-10,-0.87%,220,43.6倍,0.46倍,2.19%
20260612,1323,北興化,4992,東S,,"1,875",-33,-1.73%,219,10.8倍,0.86倍,2.88%
20260612,1324,ｉＳ米国株Ｈ,2563,東Ｅ,,389.5,-2.4,-0.61%,218,ー倍,ー倍,ー%
20260612,1325,白銅,7637,東P,,"3,275",+25,+0.77%,218,11.6倍,1.46倍,3.91%
20260612,1326,コーセル,6905,東P,,"1,375",-21,-1.50%,218,"1,884倍",1.03倍,4.00%
20260612,1327,グリムス,3150,東P,,"2,364",+10,+0.42%,218,10.2倍,2.81倍,3.93%
20260612,1328,平和堂,8276,東P,,"2,574",+24,+0.94%,218,13.0倍,0.65倍,2.56%
20260612,1329,マイポックス,5381,東S,,931,-34,-3.52%,217,18.5倍,1.45倍,1.07%
20260612,1330,岡本工,6125,東S,,"4,740",-75,-1.56%,216,15.7倍,0.73倍,3.38%
20260612,1331,ＺＡＣＲＯＳ,7917,東P,,"1,232",+3,+0.24%,216,13.6倍,0.93倍,2.92%
20260612,1332,ＡＯＫＩＨＤ,8214,東P,,"1,610",-2,-0.12%,216,13.6倍,0.94倍,5.59%
20260612,1333,タチエス,7239,東P,,"2,147",-18,-0.83%,216,8.57倍,0.70倍,5.36%
20260612,1334,ＳＰＤＲ５百,1557,東Ｅ,,"117,150",-650,-0.55%,216,ー倍,ー倍,ー%
20260612,1335,ＣＳＨＤ,3810,東S,,182,-13,-6.67%,216,ー倍,2.20倍,ー%
20260612,1336,Ｒみらい,3476,東Ｒ,,"42,850",-250,-0.58%,215,16.5倍,0.93倍,6.07%
20260612,1337,ミマキエンジ,6638,東P,,"1,759",-15,-0.85%,214,8.35倍,1.28倍,3.13%
20260612,1338,リケンテクノ,4220,東P,,"1,593",+41,+2.64%,214,11.2倍,1.12倍,3.39%
20260612,1339,第一実,8059,東P,,"2,943",-15,-0.51%,214,9.98倍,1.04倍,4.25%
20260612,1340,中央自,8117,東S,,"2,018",-14,-0.69%,214,11.7倍,1.77倍,3.12%
20260612,1341,松竹,9601,東P,,"10,560",+10,+0.09%,214,66.0倍,1.34倍,0.28%
20260612,1342,ｉＦ日経ベ,1456,東Ｅ,,"1,325",+2,+0.15%,213,ー倍,ー倍,ー%
20260612,1343,野村商社卸売,1629,東Ｅ,,250.0,-1.7,-0.68%,211,ー倍,ー倍,ー%
20260612,1344,ＮＩＳＳＨＡ,7915,東P,,"1,418",+2,+0.14%,211,21.0倍,0.57倍,3.53%
20260612,1345,上場ＮＱヘ無,2568,東Ｅ,,"7,995",+34,+0.43%,210,ー倍,ー倍,ー%
20260612,1346,ＴＰＲ,6463,東P,,"1,410",-10,-0.70%,210,11.2倍,0.52倍,3.97%
20260612,1347,弁護士ＣＯＭ,6027,東P,,"2,109",-62,-2.86%,210,24.1倍,6.78倍,ー%
20260612,1348,ＭＸ日半導体,221A,東Ｅ,,"1,300.0",+20.0,+1.56%,210,ー倍,ー倍,ー%
20260612,1349,ＧＭＯ－ＦＨ,7177,東S,,"1,013",+14,+1.40%,209,ー倍,2.13倍,5.41%
20260612,1350,ＪＢＣＣＨＤ,9889,東P,,"1,178",-5,-0.42%,209,11.8倍,2.87倍,4.24%
20260612,1351,アリアケ,2815,東P,,"5,190",+20,+0.39%,209,17.3倍,1.24倍,5.78%
20260612,1352,エヌエフＨＤ,6864,東S,,"1,873",-18,-0.95%,208,18.8倍,1.01倍,1.92%
20260612,1353,グリーＨＤ,3632,東P,,399,+3,+0.76%,208,ー倍,0.74倍,5.39%
20260612,1354,ＧＸ中小日株,2837,東Ｅ,,"5,113",+179,+3.63%,208,ー倍,ー倍,ー%
20260612,1355,ＩＢＪ,6071,東P,,793,-11,-1.37%,208,12.9倍,2.78倍,1.64%
20260612,1356,ＪＣＲファ,4552,東P,,451,-7,-1.53%,207,275倍,1.17倍,4.43%
20260612,1357,ＧＸ超短米債,133A,東Ｅ,,"1,086",0,0.00%,207,ー倍,ー倍,ー%
20260612,1358,インソース,6200,東P,,586,-7,-1.18%,206,11.2倍,3.96倍,5.03%
20260612,1359,プレイド,4165,東G,,513,-5,-0.97%,205,19.9倍,4.10倍,ー%
20260612,1360,加藤産,9869,東P,,"5,940",-20,-0.34%,205,12.5倍,1.02倍,2.69%
20260612,1361,ＴＭＨ,280A,東G,,"1,922",-120,-5.88%,204,28.6倍,5.31倍,ー%
20260612,1362,ＦＤＫ,6955,東S,,505,-20,-3.81%,204,23.2倍,0.92倍,ー%
20260612,1363,ＴＯＫＡＩ,3167,東P,,"1,123",+6,+0.54%,203,13.2倍,1.42倍,3.38%
20260612,1364,ヒーハイスト,6433,東S,,"1,004",-34,-3.28%,203,68.1倍,2.98倍,0.20%
20260612,1365,寺崎電気,6637,東S,,"3,330",+10,+0.30%,201,10.9倍,0.74倍,1.68%
20260612,1366,エスビー,2805,東S,,"5,250",+110,+2.14%,201,15.7倍,1.35倍,1.14%
20260612,1367,三星ベ,5192,東P,,"3,910",-15,-0.38%,201,12.1倍,1.07倍,4.88%
20260612,1368,メタルアート,5644,東S,,"7,620",-20,-0.26%,201,15.9倍,0.84倍,ー%
20260612,1369,児玉化,4222,東S,,660,-5,-0.75%,200,7.33倍,0.36倍,1.52%
20260612,1370,Ｊオイル,2613,東P,,"2,075",+26,+1.27%,200,13.7倍,0.62倍,3.86%
20260612,1371,サンケイＲＥ,2972,東Ｒ,,"114,000","-1,900",-1.64%,200,16.0倍,1.17倍,6.25%
20260612,1372,エフ・コード,9211,東G,,"1,375",-19,-1.36%,200,8.86倍,2.11倍,ー%
20260612,1373,ユシロ,5013,東S,,"3,085",-70,-2.22%,199,10.3倍,0.84倍,ー%
20260612,1374,ユニバーサル,6425,東S,,674,0,0.00%,198,26.1倍,0.41倍,ー%
20260612,1375,三菱紙,3864,東P,,"1,054",-20,-1.86%,198,7.10倍,0.45倍,1.90%
20260612,1376,中部鋼鈑,5461,東P,,"2,029",-13,-0.64%,197,60.8倍,0.73倍,5.57%
20260612,1377,内海造,7018,東S,,"8,510",-200,-2.30%,197,14.4倍,1.07倍,0.47%
20260612,1378,フジオフード,2752,東P,,"1,175",+8,+0.69%,197,549倍,6.88倍,0.26%
20260612,1379,セ硝子,4044,東P,,"4,000",-5,-0.12%,196,13.8倍,0.80倍,4.25%
20260612,1380,ディアライフ,3245,東P,,990,-6,-0.60%,194,7.33倍,1.53倍,6.46%
20260612,1381,ミライニＨＤ,546A,東P,,"1,804",-47,-2.54%,194,4.74倍,ー倍,5.16%
20260612,1382,エネクス,8133,東P,,"1,991",-15,-0.75%,194,13.6倍,1.24倍,3.42%
20260612,1383,エスケーエレ,6677,東S,,"3,165",-15,-0.47%,193,10.3倍,0.92倍,4.80%
20260612,1384,あすか薬ＨＤ,4886,東P,,"2,412",-33,-1.35%,193,14.3倍,0.97倍,2.69%
20260612,1385,藤コンポ,5121,東P,,"2,500",-12,-0.48%,193,12.2倍,1.20倍,3.44%
20260612,1386,ヤマト,1967,東S,,"1,951",-92,-4.50%,193,10.2倍,1.02倍,3.95%
20260612,1387,フロンテオ,2158,東G,,543,-19,-3.38%,192,142倍,5.82倍,ー%
20260612,1388,ＤｙＤｏ,2590,東P,,"2,557",+8,+0.31%,192,16.2倍,1.24倍,1.17%
20260612,1389,ギフティ,4449,東P,,"1,070",-41,-3.69%,191,ー倍,3.74倍,1.50%
20260612,1390,横河ブＨＤ,5911,東P,,"2,749",-15,-0.54%,191,13.2倍,0.80倍,4.73%
20260612,1391,ｉＦ日経年４,2624,東Ｅ,,"6,468",-18,-0.28%,190,ー倍,ー倍,ー%
20260612,1392,テンポスＨＤ,2751,東S,,"3,650",+40,+1.11%,189,16.0倍,2.50倍,0.25%
20260612,1393,海帆,3133,東G,,126,+11,+9.57%,189,ー倍,30.4倍,ー%
20260612,1394,グロブライド,7990,東P,,"2,457",-21,-0.85%,189,9.47倍,0.81倍,4.07%
20260612,1395,シーイーシー,9692,東P,,"1,980",+2,+0.10%,189,11.0倍,1.45倍,4.29%
20260612,1396,野村高配７０,1577,東Ｅ,,"54,020",-340,-0.63%,189,ー倍,ー倍,ー%
20260612,1397,明星工,1976,東P,,"1,672",-18,-1.07%,189,13.7倍,1.11倍,3.89%
20260612,1398,ウェーブＨＤ,7940,東S,,"1,045",-1,-0.10%,188,ー倍,0.53倍,ー%
20260612,1399,ＧＸロボ日株,2638,東Ｅ,,"2,620",-6,-0.23%,188,ー倍,ー倍,ー%
20260612,1400,テレ東ＨＤ,9413,東P,,"3,630",0,0.00%,188,12.1倍,0.90倍,2.75%
20260612,1401,シグマ光機,7713,東S,,"2,025",-22,-1.07%,188,16.2倍,0.79倍,2.07%
20260612,1402,愛媛銀,8541,東P,,"2,040",-24,-1.16%,187,12.3倍,0.55倍,2.35%
20260612,1403,ソシラ物流,2979,東Ｒ,,"112,700",-200,-0.18%,187,24.0倍,1.04倍,4.76%
20260612,1404,ベステラ,1433,東P,,"1,102",-18,-1.61%,186,14.0倍,1.82倍,3.63%
20260612,1405,エスリード,8877,東P,,"4,815",-55,-1.13%,186,6.46倍,0.91倍,4.98%
20260612,1406,あらた,2733,東P,,"2,478",-16,-0.64%,185,11.9倍,0.67倍,4.52%
20260612,1407,ジェイドＧ,3558,東G,,"1,553",-29,-1.83%,185,ー倍,2.14倍,ー%
20260612,1408,スパークス,8739,東P,,"2,151",+24,+1.13%,184,ー倍,2.17倍,4.37%
20260612,1409,ＶＴＨＤ,7593,東P,,437,-5,-1.13%,183,7.26倍,0.72倍,5.49%
20260612,1410,日本国土開発,1887,東P,,523,-1,-0.19%,182,10.4倍,0.60倍,4.40%
20260612,1411,ｉＦ高配５０,354A,東Ｅ,,"2,990",-17,-0.57%,182,ー倍,ー倍,ー%
20260612,1412,テクニスコ,2962,東S,,989,-36,-3.51%,181,303倍,5.73倍,ー%
20260612,1413,丸三,8613,東P,,"1,055",+7,+0.67%,181,ー倍,1.36倍,ー%
20260612,1414,東洋証券,8614,東P,,612,-6,-0.97%,181,ー倍,1.36倍,ー%
20260612,1415,前沢ＨＤ,575A,東P,,"1,431",+5,+0.35%,181,ー倍,ー倍,ー%
20260612,1416,巴工業,6309,東P,,"1,760",+6,+0.34%,181,11.8倍,1.18倍,4.32%
20260612,1417,リオン,6823,東P,,"3,525",-75,-2.08%,181,12.6倍,1.25倍,2.55%
20260612,1418,遠藤照明,6932,東S,,"2,309",-76,-3.19%,181,7.75倍,0.68倍,3.81%
20260612,1419,ワイズＨＤ,5955,東S,,78,0,0.00%,181,28.1倍,0.87倍,1.28%
20260612,1420,モリタＨＤ,6455,東P,,"2,440",+5,+0.21%,180,10.3倍,0.99倍,2.62%
20260612,1421,コジマ,7513,東P,,"1,429",-9,-0.63%,180,20.9倍,1.55倍,1.68%
20260612,1422,渋沢倉,9304,東P,,"1,453",+18,+1.25%,180,12.7倍,1.21倍,4.82%
20260612,1423,三愛オブリ,8097,東P,,"2,080",+2,+0.10%,179,15.7倍,1.11倍,4.81%
20260612,1424,八洲電機,3153,東P,,"2,673",-85,-3.08%,179,10.4倍,1.56倍,2.10%
20260612,1425,エイベックス,7860,東P,,"1,201",+12,+1.01%,178,16.0倍,0.99倍,4.16%
20260612,1426,鈴木,6785,東P,,"3,140",-20,-0.63%,178,12.1倍,1.44倍,3.34%
20260612,1427,ホソミクロン,6277,東P,,"4,950",-10,-0.20%,177,14.0倍,1.03倍,2.83%
20260612,1428,共英製鋼,5440,東P,,"1,716",-1,-0.06%,177,8.29倍,0.35倍,4.08%
20260612,1429,ＬＩＮＫ＆Ｍ,2170,東P,,554,-6,-1.07%,177,17.0倍,4.72倍,2.96%
20260612,1430,ソリトン,3040,東P,,"2,086",-1,-0.05%,177,16.5倍,2.88倍,2.88%
20260612,1431,オカムラ食品,2938,東S,,"1,473",-21,-1.41%,176,28.7倍,3.89倍,0.54%
20260612,1432,テイカ,4027,東P,,"2,198",-43,-1.92%,176,27.8倍,0.82倍,3.64%
20260612,1433,オークネット,3964,東P,,"1,414",-23,-1.60%,175,17.1倍,4.77倍,2.97%
20260612,1434,ＪＥＨ,5889,東P,,"2,180",+5,+0.23%,175,12.0倍,2.90倍,3.94%
20260612,1435,ＩＭＶ,7760,東S,,"2,074",-36,-1.71%,175,17.9倍,2.54倍,1.45%
20260612,1436,アオイ電子,6832,東S,,"2,370",-22,-0.92%,174,115倍,0.61倍,2.28%
20260612,1437,文化シヤタ,5930,東P,,"1,872",-2,-0.11%,174,10.1倍,1.10倍,3.95%
20260612,1438,リベルタ,4935,東S,,189,-6,-3.08%,173,45.5倍,4.50倍,1.06%
20260612,1439,ＪＵＫＩ,6440,東P,,486,-5,-1.02%,173,9.58倍,0.45倍,3.09%
20260612,1440,デンヨー,6517,東P,,"3,570",+70,+2.00%,173,12.2倍,0.88倍,3.36%
20260612,1441,ＭＸＪリート,1597,東Ｅ,,"1,838",+3,+0.16%,173,ー倍,ー倍,ー%
20260612,1442,住友精化,4008,東P,,"1,256",+1,+0.08%,172,ー倍,0.78倍,3.82%
20260612,1443,Ｏｎｅリート,3290,東Ｒ,,"74,000",-200,-0.27%,172,19.9倍,1.17倍,5.86%
20260612,1444,トランザク,7818,東P,,"1,318",-37,-2.73%,172,17.4倍,3.65倍,2.35%
20260612,1445,正栄食,8079,東P,,"4,075",+10,+0.25%,171,19.9倍,1.19倍,2.21%
20260612,1446,ａｂｃ,8783,東S,,97,+7,+7.78%,171,ー倍,0.41倍,ー%
20260612,1447,ジェリビンズ,3070,東G,,81,-5,-5.81%,171,41.1倍,1.33倍,ー%
20260612,1448,ＱＱＱ,587A,東Ｅ,,"112,350",-750,-0.66%,171,ー倍,ー倍,ー%
20260612,1449,ハローズ,2742,東P,,"3,875",+30,+0.78%,170,9.55倍,1.07倍,1.86%
20260612,1450,フジ,8278,東P,,"1,990",+28,+1.43%,170,24.6倍,0.76倍,1.51%
20260612,1451,イー・ギャラ,8771,東P,,"1,700",-23,-1.33%,170,19.9倍,3.73倍,4.94%
20260612,1452,ワンキャリア,4377,東G,,"1,824",-8,-0.44%,170,15.8倍,6.07倍,1.86%
20260612,1453,オイレス,6282,東P,,"2,672",+3,+0.11%,170,15.4倍,0.97倍,3.56%
20260612,1454,渋谷工,6340,東P,,"3,910",-10,-0.26%,169,11.6倍,0.96倍,2.43%
20260612,1455,ＡＺ丸和ＨＤ,9090,東P,,755,+4,+0.53%,169,12.3倍,1.63倍,4.24%
20260612,1456,京阪神ビル,8818,東P,,"2,091",-14,-0.67%,169,20.4倍,1.23倍,2.87%
20260612,1457,サーラ,2734,東P,,"1,004",+6,+0.60%,168,12.2倍,0.67倍,3.29%
20260612,1458,サトー,6287,東P,,"2,312",+6,+0.26%,167,10.1倍,0.88倍,3.46%
20260612,1459,コプロＨＤ,7059,東P,,729,-7,-0.95%,167,16.9倍,2.82倍,6.17%
20260612,1460,ミーク,332A,東G,,"1,000",-13,-1.28%,167,11.8倍,1.94倍,ー%
20260612,1461,ユニソルＨＤ,7128,東P,,"2,019",+1,+0.05%,167,23.1倍,0.67倍,5.00%
20260612,1462,Ｔホライゾン,6629,東S,,908,-32,-3.40%,166,7.20倍,1.00倍,3.63%
20260612,1463,いちよし,8624,東P,,"1,294",+24,+1.89%,166,ー倍,1.34倍,ー%
20260612,1464,ホットランド,3196,東P,,"1,617",-21,-1.28%,166,52.4倍,3.66倍,0.80%
20260612,1465,フージャース,3284,東P,,"1,151",-9,-0.78%,166,6.54倍,0.89倍,6.52%
20260612,1466,両毛システム,9691,東S,,"5,180",-10,-0.19%,165,ー倍,1.11倍,ー%
20260612,1467,アークランズ,9842,東P,,"1,898",+2,+0.11%,164,11.9倍,0.93倍,2.11%
20260612,1468,ＷＴ銅,1693,東Ｅ,,"8,590",-150,-1.72%,164,ー倍,ー倍,ー%
20260612,1469,ＤＭ三井製糖,2109,東P,,"3,250",+45,+1.40%,163,13.1倍,0.90倍,4.31%
20260612,1470,鴻池運輸,9025,東P,,"2,628",-7,-0.27%,163,9.97倍,0.88倍,4.19%
20260612,1471,北ガス,9534,東P,,747,-3,-0.40%,163,7.02倍,0.68倍,3.61%
20260612,1472,加藤製,6390,東P,,"1,182",-22,-1.83%,163,ー倍,0.31倍,5.92%
20260612,1473,ビーエンジ,4828,東P,,"1,044",-6,-0.57%,163,13.5倍,3.87倍,4.02%
20260612,1474,日農薬,4997,東P,,991,-29,-2.84%,163,10.5倍,0.91倍,3.83%
20260612,1475,オハラ,5218,東S,,"1,434",+16,+1.13%,163,28.4倍,0.66倍,1.74%
20260612,1476,リファバスＧ,7375,東G,,"1,312",-33,-2.45%,162,14.6倍,11.1倍,ー%
20260612,1477,佐賀銀,8395,東P,,"5,430",-70,-1.27%,161,9.87倍,0.73倍,2.03%
20260612,1478,インテグラル,5842,東G,,"3,000",-170,-5.36%,161,ー倍,1.49倍,1.23%
20260612,1479,Ｓｏｌｖｖｙ,7320,東G,,"1,430",-88,-5.80%,161,9.81倍,3.22倍,1.40%
20260612,1480,ＫＰＰＧＨＤ,9274,東P,,939,-4,-0.42%,160,11.7倍,0.65倍,4.26%
20260612,1481,りたりこ,7366,東P,,"1,585",-3,-0.19%,160,16.4倍,3.76倍,0.95%
20260612,1482,マクビープラ,7095,東P,,"1,163",-4,-0.34%,159,7.63倍,1.15倍,4.73%
20260612,1483,フルキャスト,4848,東P,,"1,551",+15,+0.98%,159,9.94倍,1.75倍,4.13%
20260612,1484,ネツレン,5976,東P,,"1,275",-1,-0.08%,159,27.6倍,0.71倍,5.57%
20260612,1485,鶴見製,6351,東P,,"2,071",-29,-1.38%,159,17.7倍,0.97倍,1.74%
20260612,1486,わらべ日洋,2918,東P,,"2,578",-8,-0.31%,159,9.30倍,0.75倍,4.65%
20260612,1487,セイワＨＤ,523A,東G,,"1,808",+43,+2.44%,159,34.5倍,19.3倍,ー%
20260612,1488,ニッケ,3201,東P,,"1,705",-3,-0.18%,159,11.7倍,0.81倍,2.93%
20260612,1489,ゼリア新薬,4559,東P,,"2,148",+9,+0.42%,158,9.47倍,0.87倍,2.33%
20260612,1490,リンガハット,8200,東P,,"2,118",+28,+1.34%,158,45.7倍,3.60倍,0.61%
20260612,1491,エスコン,8892,東P,,"1,089",-14,-1.27%,158,7.46倍,1.20倍,4.87%
20260612,1492,トレイダーズ,8704,東S,,"1,106",+7,+0.64%,157,6.07倍,1.48倍,4.07%
20260612,1493,四電工,1939,東P,,"1,889",+4,+0.21%,157,13.6倍,1.26倍,4.45%
20260612,1494,サイバーセキ,4493,東G,,"1,769",+12,+0.68%,157,21.0倍,3.92倍,0.34%
20260612,1495,Ｔ＆Ｓ・Ｇ,4055,東G,,"1,728",-27,-1.54%,156,24.0倍,4.11倍,0.64%
20260612,1496,戸田工,4100,東S,,"1,596",-59,-3.56%,156,18.5倍,1.02倍,ー%
20260612,1497,いちごホテル,3463,東Ｒ,,"110,700","-2,200",-1.95%,155,15.5倍,0.88倍,6.44%
20260612,1498,Ｍラインズ,3901,東P,,"1,271",-45,-3.42%,155,9.76倍,2.58倍,4.56%
20260612,1499,木曽路,8160,東P,,"2,333",+29,+1.26%,155,31.3倍,2.08倍,1.29%
20260612,1500,スマートＤ,5137,東G,,179,-14,-7.25%,155,7.57倍,5.02倍,ー%
20260612,1501,住石ＨＤ,1514,東S,,548,-7,-1.26%,154,20.5倍,1.12倍,2.74%
20260612,1502,キーコーヒー,2594,東P,,"1,973",+13,+0.66%,154,56.4倍,1.33倍,0.61%
20260612,1503,スターマイカ,2975,東P,,"1,527",-7,-0.46%,154,9.61倍,1.84倍,3.34%
20260612,1504,ＪＡＬＣＯ,6625,東S,,322,0,0.00%,154,160倍,1.88倍,5.59%
20260612,1505,ゼンリン,9474,東P,,855,-2,-0.23%,154,18.3倍,0.93倍,4.91%
20260612,1506,グロバルＬＭ,3486,東P,,"1,688",-51,-2.93%,153,5.26倍,1.82倍,5.92%
20260612,1507,大日精,4116,東P,,"1,025",+2,+0.20%,153,10.6倍,0.50倍,5.37%
20260612,1508,イーソル,4420,東S,,804,+5,+0.63%,152,19.2倍,2.63倍,0.68%
20260612,1509,高速,7504,東P,,"2,959",+2,+0.07%,152,14.5倍,1.36倍,4.06%
20260612,1510,ＹＵＡＳＡ,8074,東P,,"5,270",-40,-0.75%,152,9.65倍,0.93倍,3.61%
20260612,1511,サンマルク,3395,東P,,"2,439",+1,+0.04%,151,18.0倍,1.66倍,2.21%
20260612,1512,世紀東急,1898,東P,,"1,416",-4,-0.28%,151,11.0倍,1.17倍,5.30%
20260612,1513,図研,6947,東P,,"4,520",-75,-1.63%,151,16.7倍,2.31倍,3.32%
20260612,1514,ＣＳランバー,7808,東S,,"2,535",-22,-0.86%,151,5.86倍,0.40倍,3.16%
20260612,1515,小野測器,6858,東S,,888,-58,-6.13%,151,11.5倍,0.56倍,3.38%
20260612,1516,マイクロ波,9227,東G,,864,-1,-0.12%,151,ー倍,36.4倍,ー%
20260612,1517,ＵＬＳグルプ,3798,東S,,526,+2,+0.38%,150,12.9倍,2.54倍,1.56%
20260612,1518,北越コーポ,3865,東P,,922,-8,-0.86%,150,29.3倍,0.58倍,2.82%
20260612,1519,丸全運,9068,東P,,"7,380",-190,-2.51%,150,10.9倍,1.00倍,2.85%
20260612,1520,エヌピーシー,6255,東G,,712,-16,-2.20%,150,28.1倍,1.48倍,1.40%
20260612,1521,新東工,6339,東P,,"1,156",-12,-1.03%,150,10.8倍,0.55倍,4.15%
20260612,1522,木村化,6378,東S,,"1,135",-8,-0.70%,150,11.8倍,1.06倍,3.61%
20260612,1523,福田組,1899,東P,,"7,160",-50,-0.69%,150,11.9倍,0.66倍,3.63%
20260612,1524,中外炉,1964,東P,,"3,940",-25,-0.63%,150,10.9倍,0.88倍,4.57%
20260612,1525,マースＧＨＤ,6419,東P,,"2,974",+1,+0.03%,149,8.07倍,0.63倍,5.04%
20260612,1526,都築電,8157,東P,,"3,880",+25,+0.65%,148,12.3倍,1.46倍,4.90%
20260612,1527,極東証券,8706,東P,,"1,545",-2,-0.13%,148,ー倍,0.93倍,ー%
20260612,1528,ＴＢＫ,7277,東S,,313,-5,-1.57%,148,16.6倍,0.32倍,2.56%
20260612,1529,ビーロット,3452,東S,,"1,375",-31,-2.20%,147,5.18倍,1.22倍,5.82%
20260612,1530,ワシントンＨ,4691,東S,,"1,949",+45,+2.36%,147,10.2倍,1.92倍,2.31%
20260612,1531,アールプラン,2983,東G,,"1,426",-51,-3.45%,147,5.74倍,1.85倍,3.16%
20260612,1532,ヤマエＧＨＤ,7130,東P,,"2,933",-13,-0.44%,147,6.52倍,0.76倍,2.73%
20260612,1533,水戸,8622,東P,,643,+2,+0.31%,147,ー倍,0.91倍,ー%
20260612,1534,極洋,1301,東P,,"4,280",0,0.00%,147,7.06倍,0.66倍,3.74%
20260612,1535,ＴＰＸベア,1569,東Ｅ,,794.1,+2.4,+0.30%,147,ー倍,ー倍,ー%
20260612,1536,ｉＳＱＴＯＰ,392A,東Ｅ,,274.9,-1.6,-0.58%,147,ー倍,ー倍,ー%
20260612,1537,チェンジＨＤ,3962,東P,,921,-15,-1.60%,146,9.15倍,1.37倍,2.82%
20260612,1538,島精機,6222,東P,,894,+3,+0.34%,146,33.7倍,0.37倍,2.24%
20260612,1539,ＦＪネクＨＤ,8935,東P,,"1,737",-50,-2.80%,146,5.42倍,0.70倍,4.61%
20260612,1540,学情,2301,東P,,"1,534",+3,+0.20%,144,10.3倍,1.40倍,4.89%
20260612,1541,ＣＡＩＣＡＤ,2315,東S,,55,0,0.00%,144,110倍,2.81倍,ー%
20260612,1542,コンヴァノ,6574,東G,,84,+2,+2.44%,144,7.20倍,3.85倍,1.19%
20260612,1543,ニチレキＧ,5011,東P,,"2,065",-40,-1.90%,144,13.7倍,0.74倍,4.12%
20260612,1544,アカツキ,3932,東P,,"2,932",-88,-2.91%,143,ー倍,0.78倍,ー%
20260612,1545,ＳＢＩＧＡＭ,4765,東P,,588,+5,+0.86%,143,ー倍,2.49倍,ー%
20260612,1546,オリオン,409A,東P,,"1,194",-19,-1.57%,143,17.1倍,2.71倍,2.85%
20260612,1547,丸文,7537,東P,,"1,604",-34,-2.08%,143,10.5倍,0.74倍,4.80%
20260612,1548,ドウシシャ,7483,東P,,"2,878",-8,-0.28%,142,12.1倍,1.09倍,3.82%
20260612,1549,菱友システム,4685,東S,,"2,756",-50,-1.78%,142,9.76倍,1.58倍,3.63%
20260612,1550,Ｄｅｆコン,4833,東G,,46,+1,+2.22%,142,ー倍,1.39倍,ー%
20260612,1551,放電精密,6469,東S,,"2,370",-52,-2.15%,142,35.8倍,2.91倍,0.84%
20260612,1552,ナガワ,9663,東P,,"4,705",-115,-2.39%,141,22.1倍,1.05倍,1.28%
20260612,1553,保土谷,4112,東P,,"2,155",+16,+0.75%,140,26.4倍,0.65倍,2.78%
20260612,1554,ＮＴＴＤイン,3850,東S,,"2,737",-16,-0.58%,140,12.8倍,2.27倍,2.74%
20260612,1555,Ｇセキュリ,4417,東G,,"3,030",-70,-2.26%,140,22.7倍,10.3倍,1.62%
20260612,1556,サクシード,9256,東G,,"3,340",0,0.00%,140,46.0倍,4.59倍,0.48%
20260612,1557,ＢＡＳＥ,4477,東G,,262,-1,-0.38%,139,20.2倍,2.07倍,1.91%
20260612,1558,ニシオＨＤ,9699,東P,,"3,890",0,0.00%,139,8.85倍,0.75倍,3.39%
20260612,1559,宮地エンジ,3431,東P,,"1,517",-14,-0.91%,139,20.1倍,0.94倍,4.94%
20260612,1560,オカモト,5122,東P,,"5,640",-50,-0.88%,139,20.0倍,0.87倍,2.13%
20260612,1561,第一建設,1799,東S,,"3,105",-10,-0.32%,139,12.8倍,0.74倍,5.15%
20260612,1562,高松グループ,1762,東P,,"3,400",-5,-0.15%,138,9.47倍,0.81倍,4.24%
20260612,1563,ＬＩＦＵＬＬ,2120,東P,,191,-1,-0.52%,138,12.9倍,0.90倍,2.73%
20260612,1564,プリマ,2281,東P,,"2,373",-2,-0.08%,138,15.9倍,0.98倍,3.37%
20260612,1565,新日本科学,2395,東P,,"1,090",-12,-1.09%,137,13.0倍,1.05倍,4.59%
20260612,1566,リコーリース,8566,東P,,"6,200",+10,+0.16%,137,16.1倍,0.79倍,4.13%
20260612,1567,アイダ,6118,東P,,"1,083",-25,-2.26%,137,13.7倍,0.68倍,3.60%
20260612,1568,ヤマタネ,9305,東P,,"2,017",+3,+0.15%,137,9.68倍,0.67倍,4.21%
20260612,1569,ＴＥＩＫＯＫ,6333,東P,,"2,929",-14,-0.48%,137,12.0倍,1.43倍,4.51%
20260612,1570,技研製,6289,東P,,"1,721",-11,-0.64%,136,19.8倍,1.11倍,3.14%
20260612,1571,Ｒフィールド,2910,東P,,"1,266",+16,+1.28%,136,106倍,1.16倍,1.90%
20260612,1572,多木化,4025,東P,,"5,370",+130,+2.48%,136,16.9倍,1.00倍,1.49%
20260612,1573,ｊｉｇ．ｊｐ,5244,東G,,157,-7,-4.27%,136,5.58倍,1.29倍,1.87%
20260612,1574,双葉電,6986,東P,,580,-3,-0.51%,136,ー倍,0.29倍,ー%
20260612,1575,河西工,7256,東S,,327,+6,+1.87%,136,3.16倍,0.76倍,ー%
20260612,1576,静ガス,9543,東P,,"1,283",+16,+1.26%,136,10.6倍,0.70倍,3.43%
20260612,1577,中発条,5992,東S,,"3,795",+10,+0.26%,136,39.9倍,1.09倍,2.37%
20260612,1578,三信電,8150,東P,,"2,683",-66,-2.40%,136,9.12倍,0.72倍,5.22%
20260612,1579,立花エレ,8159,東P,,"3,045",-20,-0.65%,136,11.2倍,0.64倍,3.94%
20260612,1580,リテールＰＡ,8167,東P,,"1,349",+3,+0.22%,136,10.8倍,0.63倍,2.97%
20260612,1581,ＭＳＯＬ,7033,東P,,"1,361",-29,-2.09%,135,10.5倍,3.56倍,3.67%
20260612,1582,丸大食,2288,東P,,"2,241",+14,+0.63%,134,8.43倍,0.71倍,3.57%
20260612,1583,ＲＹＯＤＥＮ,8084,東P,,"3,870",+10,+0.26%,134,17.7倍,0.88倍,3.88%
20260612,1584,デジハＨＤ,3676,東P,,700,+6,+0.86%,134,8.44倍,1.62倍,3.57%
20260612,1585,持田薬,4534,東P,,"3,195",+5,+0.16%,133,11.3倍,0.81倍,2.66%
20260612,1586,東計電算,4746,東S,,"4,195",0,0.00%,133,13.7倍,1.48倍,4.12%
20260612,1587,イーレックス,9517,東P,,749,+3,+0.40%,133,ー倍,0.83倍,2.94%
20260612,1588,ゲンキＧＤＣ,9828,東S,,"2,785",+12,+0.43%,133,14.9倍,2.53倍,2.51%
20260612,1589,サガミＨＤ,9900,東P,,"1,611",+27,+1.70%,133,40.7倍,2.48倍,0.74%
20260612,1590,シンデンハイ,3131,東S,,"3,290",-85,-2.52%,133,7.30倍,0.83倍,4.10%
20260612,1591,Ｓクリプトエ,5721,東S,,67,0,0.00%,132,ー倍,2.54倍,ー%
20260612,1592,ｉシェア４百,1364,東Ｅ,,"3,585",-14,-0.39%,131,ー倍,ー倍,ー%
20260612,1593,日本アクア,1429,東P,,711,-4,-0.56%,131,11.6倍,2.11倍,4.92%
20260612,1594,Ｅ・ＪＨＤ,2153,東P,,"1,582",+3,+0.19%,131,8.49倍,0.81倍,4.36%
20260612,1595,スタ・アリス,2305,東S,,"1,816",+2,+0.11%,131,24.7倍,1.02倍,2.75%
20260612,1596,ＧＷ,3936,東G,,167,-4,-2.34%,131,50.5倍,6.72倍,ー%
20260612,1597,ミズホメディ,4595,東S,,"1,683",-13,-0.77%,130,9.96倍,1.75倍,5.94%
20260612,1598,フリークＨＤ,6094,東G,,520,-35,-6.31%,130,11.4倍,0.75倍,ー%
20260612,1599,ベル２４ＨＤ,6183,東P,,"1,390",0,0.00%,130,12.2倍,1.40倍,4.32%
20260612,1600,エターナルＧ,3193,東P,,"2,672",+30,+1.14%,130,14.6倍,2.84倍,1.72%
20260612,1601,Ｆ－ブレイン,3927,東S,,864,-16,-1.82%,129,14.0倍,2.18倍,1.85%
20260612,1602,パイオラック,5988,東P,,"1,531",-15,-0.97%,129,52.7倍,0.57倍,6.01%
20260612,1603,エレメンツ,5246,東G,,558,-7,-1.24%,129,ー倍,4.58倍,ー%
20260612,1604,網屋,4258,東G,,"3,500",-50,-1.41%,129,33.9倍,14.4倍,ー%
20260612,1605,東リ,7971,東S,,601,-9,-1.48%,129,10.0倍,0.66倍,5.66%
20260612,1606,ＷＴ銀,1673,東Ｅ,,"9,300",-181,-1.91%,129,ー倍,ー倍,ー%
20260612,1607,中部飼,2053,東P,,"1,809",+31,+1.74%,128,7.52倍,0.71倍,4.20%
20260612,1608,日金銭,6418,東P,,960,0,0.00%,128,11.3倍,0.73倍,4.79%
20260612,1609,小松ウオール,7949,東P,,"2,429",-11,-0.45%,128,14.0倍,1.09倍,5.56%
20260612,1610,石塚硝,5204,東S,,"2,730",-25,-0.91%,127,5.30倍,0.30倍,2.64%
20260612,1611,アンビスＨＤ,7071,東P,,344,-5,-1.43%,127,16.1倍,0.89倍,1.16%
20260612,1612,ＪＢＳ,5036,東P,,"1,521",-30,-1.93%,127,9.79倍,2.40倍,3.29%
20260612,1613,Ｂガレージ,3180,東P,,"1,400",-69,-4.70%,126,13.0倍,2.09倍,1.29%
20260612,1614,トーセイＲ,3451,東Ｒ,,"128,900",-500,-0.39%,126,17.2倍,1.13倍,5.90%
20260612,1615,カッパクリエ,7421,東P,,"1,450",+11,+0.76%,126,76.4倍,7.01倍,ー%
20260612,1616,ベルテクス,5290,東S,,"1,445",-94,-6.11%,126,15.2倍,1.62倍,2.77%
20260612,1617,ｉＦＴＰＷブ,1367,東Ｅ,,"2,747",-3,-0.11%,125,ー倍,ー倍,ー%
20260612,1618,クイック,4318,東P,,727,+6,+0.83%,125,14.5倍,2.10倍,5.23%
20260612,1619,ＮＣＤ,4783,東S,,"2,330",-116,-4.74%,125,10.2倍,2.21倍,5.15%
20260612,1620,西部ガスＨＤ,9536,東P,,"2,232",+3,+0.13%,125,10.0倍,0.70倍,3.14%
20260612,1621,フリュー,6238,東P,,"1,364",-7,-0.51%,125,14.5倍,1.53倍,2.93%
20260612,1622,野村インド株,1678,東Ｅ,,306.9,-3.6,-1.16%,124,ー倍,ー倍,ー%
20260612,1623,上場高配当,1698,東Ｅ,,"4,029",-6,-0.15%,124,ー倍,ー倍,ー%
20260612,1624,ＴＫＰ,3479,東G,,"1,506",-43,-2.78%,124,14.3倍,1.15倍,ー%
20260612,1625,インフォメテ,281A,東G,,548,+5,+0.92%,124,ー倍,3.74倍,ー%
20260612,1626,北里,368A,東P,,"1,168",-17,-1.43%,123,11.5倍,2.28倍,3.51%
20260612,1627,ＨＳＨＤ,8699,東S,,"1,149",-36,-3.04%,123,ー倍,0.35倍,ー%
20260612,1628,ザイン,6769,東S,,"1,005",-24,-2.33%,123,"3,466倍",1.28倍,1.49%
20260612,1629,アサカ理研,5724,東S,,"2,231",-19,-0.84%,123,14.3倍,2.08倍,0.54%
20260612,1630,ＡＤＷＧ,2982,東P,,385,-3,-0.77%,123,6.13倍,0.88倍,5.19%
20260612,1631,沖縄電,9511,東P,,908,-2,-0.22%,123,ー倍,0.38倍,ー%
20260612,1632,建設技研,9621,東P,,"2,618",-8,-0.30%,123,10.2倍,1.05倍,2.98%
20260612,1633,アルバリンク,5537,東G,,"2,193",-80,-3.52%,122,14.4倍,8.71倍,ー%
20260612,1634,ｉＳ高配当,1478,東Ｅ,,"4,924",-45,-0.91%,122,ー倍,ー倍,ー%
20260612,1635,ＴＯＡ,6809,東P,,"1,548",-14,-0.90%,122,15.8倍,0.92倍,5.49%
20260612,1636,青山財産,8929,東S,,"1,302",-4,-0.31%,122,11.8倍,2.72倍,4.45%
20260612,1637,ファンディノ,462A,東G,,402,-28,-6.51%,122,8.37倍,1.91倍,ー%
20260612,1638,セーフィー,4375,東G,,655,-1,-0.15%,122,ー倍,3.96倍,ー%
20260612,1639,ＭＥＲＦ,3168,東S,,"1,292",-61,-4.51%,122,9.87倍,1.62倍,2.32%
20260612,1640,ダイト,4577,東P,,"1,203",+9,+0.75%,122,13.9倍,0.66倍,3.33%
20260612,1641,藤倉化,4620,東S,,992,-56,-5.34%,122,ー倍,0.60倍,ー%
20260612,1642,日本空調,4658,東P,,"1,517",-6,-0.39%,121,13.5倍,1.72倍,3.76%
20260612,1643,ハマキョウ,9037,東P,,"1,866",+2,+0.11%,121,12.8倍,1.41倍,2.47%
20260612,1644,菱製鋼,5632,東P,,"2,111",+4,+0.19%,121,10.3倍,0.66倍,4.93%
20260612,1645,アネスト岩田,6381,東P,,"1,619",+10,+0.62%,121,16.1倍,1.25倍,5.74%
20260612,1646,ホクト,1379,東P,,"1,879",+8,+0.43%,121,11.2倍,0.91倍,3.30%
20260612,1647,マイクロアド,9553,東G,,516,-24,-4.44%,121,21.0倍,3.61倍,ー%
20260612,1648,日阪製,6247,東P,,"1,557",-49,-3.05%,120,17.0倍,0.65倍,3.53%
20260612,1649,オプティム,3694,東P,,414,-19,-4.39%,120,ー倍,2.43倍,ー%
20260612,1650,岡部,5959,東P,,899,-4,-0.44%,120,10.8倍,0.64倍,4.67%
20260612,1651,甜菜糖,2108,東P,,"4,575",+80,+1.78%,120,44.9倍,0.69倍,5.68%
20260612,1652,スクイーズ,558A,東G,,"4,525",+145,+3.31%,120,28.7倍,8.74倍,ー%
20260612,1653,ＪＭＨＤ,3539,東P,,"1,272",+3,+0.24%,119,9.26倍,1.37倍,1.89%
20260612,1654,コロプラ,3668,東P,,375,+1,+0.27%,119,ー倍,0.72倍,ー%
20260612,1655,トーホー,8142,東P,,"1,294",-1,-0.08%,119,8.60倍,1.18倍,4.71%
20260612,1656,テーオーシー,8841,東S,,952,-16,-1.65%,119,27.1倍,0.81倍,1.05%
20260612,1657,石原ケミ,4462,東P,,"2,944",-81,-2.68%,119,14.6倍,1.63倍,1.63%
20260612,1658,ＧＸＳカバコ,2868,東Ｅ,,"1,112",-4,-0.36%,119,ー倍,ー倍,ー%
20260612,1659,松尾電,6969,東S,,"1,504",-46,-2.97%,119,12.3倍,1.84倍,1.00%
20260612,1660,テイツー,7610,東S,,137,-2,-1.44%,119,10.6倍,1.22倍,2.92%
20260612,1661,ブロンコＢ,3091,東P,,"4,325",+40,+0.93%,119,32.2倍,2.91倍,0.65%
20260612,1662,ゴールドクレ,8871,東S,,"3,325",-5,-0.15%,118,11.6倍,0.81倍,4.81%
20260612,1663,アイケイケイ,2198,東P,,819,+5,+0.61%,118,33.2倍,1.99倍,2.93%
20260612,1664,メンバーズ,2130,東P,,"1,033",+25,+2.48%,117,7.63倍,1.99倍,3.39%
20260612,1665,Ｔ－ＢＡＳＥ,3415,東P,,326,-9,-2.69%,117,9.26倍,2.22倍,2.15%
20260612,1666,アドソル日進,3837,東P,,"1,343",-15,-1.10%,117,14.1倍,3.36倍,3.57%
20260612,1667,ステラファ,4888,東G,,318,+13,+4.26%,117,ー倍,4.59倍,ー%
20260612,1668,アライドＨＤ,6835,東S,,243,-10,-3.95%,117,12.0倍,1.18倍,3.70%
20260612,1669,安田倉,9324,東P,,"2,210",-16,-0.72%,117,10.3倍,0.59倍,3.35%
20260612,1670,近鉄百,8244,東S,,"1,811",+21,+1.17%,117,19.7倍,1.59倍,1.10%
20260612,1671,日東精,5957,東P,,764,+11,+1.46%,117,12.1倍,0.76倍,3.14%
20260612,1672,小田原エンジ,6149,東S,,"2,057",-11,-0.53%,117,13.7倍,0.64倍,3.40%
20260612,1673,ｉＦＳＰＷベ,2249,東Ｅ,,"10,355",+170,+1.67%,117,ー倍,ー倍,ー%
20260612,1674,くすりの窓口,5592,東G,,"2,553",-53,-2.03%,117,9.44倍,2.58倍,1.57%
20260612,1675,ｉＳ米債７Ｈ,1482,東Ｅ,,"1,564",-3,-0.19%,116,ー倍,ー倍,ー%
20260612,1676,上場ＪＰＸ日,1592,東Ｅ,,"3,212",-19,-0.59%,116,ー倍,ー倍,ー%
20260612,1677,鎌倉新書,6184,東P,,451,-6,-1.31%,116,16.9倍,3.40倍,4.43%
20260612,1678,乾汽船,9308,東S,,"1,537",-21,-1.35%,116,13.3倍,1.03倍,2.26%
20260612,1679,レオン,6272,東P,,"1,420",+8,+0.57%,115,9.54倍,0.89倍,4.23%
20260612,1680,東洋電,6505,東S,,"1,849",-66,-3.45%,115,7.41倍,0.54倍,4.06%
20260612,1681,三社電機,6882,東S,,"1,265",-21,-1.63%,115,18.5倍,0.68倍,3.16%
20260612,1682,ｇｕｍｉ,3903,東P,,248,-5,-1.98%,115,ー倍,0.63倍,ー%
20260612,1683,カウリス,153A,東G,,"1,190",-14,-1.16%,114,26.6倍,4.81倍,0.46%
20260612,1684,トーモク,3946,東P,,"3,785",-10,-0.26%,114,7.71倍,0.61倍,4.49%
20260612,1685,ファンペップ,4881,東G,,63,0,0.00%,114,ー倍,1.90倍,ー%
20260612,1686,ヘッドウォ,4011,東G,,"1,931",-74,-3.69%,113,30.2倍,8.81倍,ー%
20260612,1687,日本トリム,6788,東P,,"4,345",-225,-4.92%,113,14.7倍,1.36倍,2.99%
20260612,1688,キユソ流通,9369,東S,,"3,145",-65,-2.02%,113,37.2倍,1.70倍,0.76%
20260612,1689,ベルク,9974,東P,,"6,410",+10,+0.16%,113,10.2倍,1.11倍,2.06%
20260612,1690,日伝,9902,東P,,"2,507",+11,+0.44%,112,13.5倍,0.81倍,3.99%
20260612,1691,ホドルワン,2345,東S,,197,-11,-5.29%,112,ー倍,11.7倍,ー%
20260612,1692,高千穂交易,2676,東P,,"2,100",+15,+0.72%,112,23.8倍,2.23倍,3.62%
20260612,1693,グッドコムＡ,3475,東P,,"1,391",-27,-1.90%,112,8.80倍,3.28倍,3.31%
20260612,1694,大阪製鉄,5449,東S,,"2,306",-15,-0.65%,112,53.1倍,0.62倍,ー%
20260612,1695,アーレスティ,5852,東P,,686,-3,-0.44%,112,34.2倍,0.31倍,4.96%
20260612,1696,パンチ,6165,東S,,505,-17,-3.26%,111,12.6倍,0.60倍,3.96%
20260612,1697,犬猫生活,556A,東G,,"2,859",+173,+6.44%,111,16.5倍,11.1倍,ー%
20260612,1698,梅乃宿酒造,559A,東S,,"1,185",-41,-3.34%,111,22.7倍,2.04倍,1.77%
20260612,1699,エニマインド,5027,東G,,434,0,0.00%,111,16.0倍,1.50倍,0.46%
20260612,1700,ワールドＨＤ,2429,東P,,"2,355",-9,-0.38%,110,6.05倍,0.87倍,5.79%
20260612,1701,システムサポ,4396,東P,,973,+9,+0.93%,110,10.9倍,2.94倍,3.19%
20260612,1702,ＡＣＣＥＳＳ,4813,東P,,441,-17,-3.71%,110,27.2倍,2.45倍,ー%
20260612,1703,サスメド,4263,東G,,699,+50,+7.70%,110,ー倍,2.93倍,ー%
20260612,1704,オイシックス,3182,東P,,"1,572",-24,-1.50%,110,11.9倍,2.00倍,1.65%
20260612,1705,共同印,7914,東P,,"1,540",-1,-0.06%,110,10.1倍,0.65倍,5.19%
20260612,1706,４℃ホールデ,8008,東P,,"1,870",+5,+0.27%,110,17.5倍,0.98倍,4.55%
20260612,1707,ＳＥＣカーボ,5304,東S,,"2,405",-26,-1.07%,109,16.0倍,0.62倍,4.16%
20260612,1708,日特建,1929,東P,,"1,094",-2,-0.18%,109,12.4倍,1.21倍,4.57%
20260612,1709,ｍｅｉｔｏ,2207,東P,,"2,930",-40,-1.35%,109,22.8倍,0.77倍,2.73%
20260612,1710,日車両,7102,東P,,"3,085",-65,-2.06%,109,5.94倍,0.54倍,1.62%
20260612,1711,群栄化,4229,東P,,"4,485",-65,-1.43%,108,ー倍,0.54倍,ー%
20260612,1712,長府製,5946,東P,,"1,985",-5,-0.25%,108,17.8倍,0.49倍,2.32%
20260612,1713,エンビプロ,5698,東S,,815,-7,-0.85%,107,12.9倍,1.29倍,2.70%
20260612,1714,エノモト,6928,東S,,"3,315",-140,-4.05%,107,15.6倍,0.94倍,2.32%
20260612,1715,三洋貿易,3176,東P,,"1,509",+5,+0.33%,107,9.06倍,0.80倍,3.98%
20260612,1716,ＩＤＨＤ,4709,東P,,"1,059",-25,-2.31%,107,12.0倍,2.37倍,4.72%
20260612,1717,北陸電工,1930,東P,,"1,581",-13,-0.82%,107,10.6倍,0.94倍,3.04%
20260612,1718,コニシ,4956,東P,,"1,421",+2,+0.14%,106,10.8倍,1.00倍,2.67%
20260612,1719,エアトリ,6191,東P,,759,-25,-3.19%,106,28.2倍,0.99倍,ー%
20260612,1720,石川製,6208,東S,,"1,688",-28,-1.63%,106,16.5倍,1.72倍,1.18%
20260612,1721,ＪＳＰ,7942,東P,,"2,535",-2,-0.08%,106,13.3倍,0.61倍,3.94%
20260612,1722,椿本興,8052,東P,,"2,635",-15,-0.57%,106,9.13倍,0.97倍,3.42%
20260612,1723,新都ＨＤ,2776,東S,,112,-2,-1.75%,106,29.9倍,1.80倍,ー%
20260612,1724,マーケットＥ,3135,東S,,"1,407",+27,+1.96%,106,752倍,5.78倍,ー%
20260612,1725,タウンズ,197A,東S,,486,-2,-0.41%,105,9.10倍,3.18倍,5.76%
20260612,1726,ブックオフＧ,9278,東P,,"1,938",-33,-1.67%,105,14.2倍,1.64倍,1.55%
20260612,1727,アイネス,9742,東P,,"2,073",-65,-3.04%,105,25.4倍,1.17倍,2.65%
20260612,1728,荏原実業,6328,東P,,"2,272",-8,-0.35%,105,11.9倍,1.78倍,3.30%
20260612,1729,ハリマ化成Ｇ,4410,東P,,"1,070",-25,-2.28%,105,9.82倍,0.64倍,3.93%
20260612,1730,環境フレンド,3777,東G,,53,0,0.00%,105,ー倍,4.58倍,ー%
20260612,1731,稲葉製作,3421,東S,,"1,727",-5,-0.29%,104,14.5倍,0.61倍,2.55%
20260612,1732,菊池製作,3444,東S,,"1,002",-8,-0.79%,104,76.1倍,2.25倍,1.00%
20260612,1733,スターツプロ,8979,東Ｒ,,"182,800",-700,-0.38%,104,21.5倍,1.07倍,5.09%
20260612,1734,中山鋼,5408,東P,,603,-3,-0.50%,104,9.34倍,0.30倍,3.32%
20260612,1735,ＹＥデジタル,2354,東S,,873,-12,-1.36%,104,9.83倍,2.08倍,3.44%
20260612,1736,ラクトＪ,3139,東P,,"3,235",+5,+0.15%,104,9.39倍,1.00倍,4.08%
20260612,1737,シェアテク,3989,東G,,981,-1,-0.10%,104,9.39倍,4.78倍,5.61%
20260612,1738,ＣＡＮＢＡＳ,4575,東G,,545,+13,+2.44%,104,ー倍,5.27倍,ー%
20260612,1739,ＩＴＦＯＲ,4743,東P,,"1,618",-14,-0.86%,104,12.6倍,2.07倍,4.94%
20260612,1740,三陽商,8011,東P,,"3,710",-15,-0.40%,104,9.20倍,0.90倍,3.96%
20260612,1741,カメイ,8037,東P,,"3,430",-25,-0.72%,104,9.54倍,0.60倍,3.79%
20260612,1742,北日銀,8551,東P,,"5,320",-90,-1.66%,103,9.69倍,0.46倍,3.61%
20260612,1743,ｅｎｉｓｈ,3667,東S,,30,0,0.00%,103,ー倍,1.67倍,ー%
20260612,1744,ｉＦ米債７有,2016,東Ｅ,,"1,781",+1,+0.06%,103,ー倍,ー倍,ー%
20260612,1745,ヘリオスＴＨ,6927,東S,,895,+9,+1.02%,103,13.5倍,0.94倍,6.59%
20260612,1746,イントループ,9556,東G,,"1,710",-21,-1.21%,103,7.67倍,2.43倍,ー%
20260612,1747,特種東海,3708,東P,,"1,810",-6,-0.33%,102,13.7倍,0.76倍,5.19%
20260612,1748,エン,4849,東P,,"1,202",-20,-1.64%,102,8.31倍,1.45倍,5.68%
20260612,1749,バリュエンス,9270,東G,,"2,446",+15,+0.62%,102,10.7倍,3.42倍,1.84%
20260612,1750,日精化,4362,東P,,"2,412",+2,+0.08%,102,10.1倍,1.02倍,4.31%
20260612,1751,セグエＧ,3968,東P,,553,-15,-2.64%,101,14.3倍,2.83倍,3.25%
20260612,1752,東海道リート,2989,東Ｒ,,"101,100",-400,-0.39%,101,16.8倍,1.18倍,6.39%
20260612,1753,ｉＳＳＰカバ,452A,東Ｅ,,840.0,+3.4,+0.41%,101,ー倍,ー倍,ー%
20260612,1754,フィデアＨＤ,8713,東P,,"2,014",-1,-0.05%,101,11.3倍,0.42倍,3.72%
20260612,1755,フィンテック,8789,東S,,121,-2,-1.63%,101,5.06倍,1.71倍,4.13%
20260612,1756,日産東ＨＤ,8291,東S,,560,-14,-2.44%,100,9.51倍,0.57倍,4.82%
20260612,1757,大光銀,8537,東S,,"2,778",-40,-1.42%,100,8.02倍,0.33倍,3.82%
20260612,1758,シライ電子,6658,東S,,418,-15,-3.46%,100,10.5倍,0.57倍,4.78%
20260612,1759,アズパートナ,160A,東S,,"1,916",-85,-4.25%,100,5.26倍,1.33倍,4.18%
20260612,1760,プリモＧＨＤ,367A,東S,,"2,813",+36,+1.30%,100,11.3倍,1.23倍,4.27%
20260612,1761,ＧＸウラン,224A,東Ｅ,,"1,576",-45,-2.78%,99,ー倍,ー倍,ー%
20260612,1762,クレスコ,4674,東P,,"1,463",-7,-0.48%,99,10.7倍,1.76倍,4.78%
20260612,1763,テラテクノ,483A,東S,,"2,080",-15,-0.72%,98,8.17倍,1.23倍,4.33%
20260612,1764,ＰＲＯＮＩ,479A,東G,,"1,224",-34,-2.70%,98,6.01倍,3.09倍,ー%
20260612,1765,ＥＭシステム,4820,東P,,486,-10,-2.02%,98,15.4倍,1.76倍,4.73%
20260612,1766,木村工機,6231,東S,,"11,350",+280,+2.53%,98,11.6倍,2.85倍,1.76%
20260612,1767,三和油化工業,4125,東S,,"2,550",+10,+0.39%,98,10.0倍,0.83倍,1.96%
20260612,1768,アバントＧ,3836,東P,,"1,113",-13,-1.15%,98,11.0倍,2.67倍,2.88%
20260612,1769,帝ホテル,9708,東S,,"1,002",-4,-0.40%,98,64.1倍,2.42倍,0.60%
20260612,1770,バイタルＫＳ,3151,東P,,"1,558",-13,-0.83%,98,10.0倍,0.64倍,4.49%
20260612,1771,河合楽,7952,東P,,"3,010",-85,-2.75%,98,16.2倍,0.55倍,3.16%
20260612,1772,ぴあ,4337,東P,,"2,585",-31,-1.19%,97,26.5倍,3.69倍,1.16%
20260612,1773,ラクオリア,4579,東G,,463,+1,+0.22%,97,ー倍,1.50倍,ー%
20260612,1774,アイサンテク,4667,東S,,"1,710",-137,-7.42%,97,23.6倍,1.44倍,2.16%
20260612,1775,ＣＩＪ,4826,東P,,494,-6,-1.20%,97,16.4倍,1.85倍,4.05%
20260612,1776,野村ダウＨ無,1546,東Ｅ,,"78,720",-930,-1.17%,97,ー倍,ー倍,ー%
20260612,1777,スタティアＨ,3393,東P,,"2,854",+11,+0.39%,97,11.4倍,3.18倍,5.08%
20260612,1778,イワキポンプ,6237,東P,,"2,993",-17,-0.56%,97,12.9倍,1.61倍,3.07%
20260612,1779,かわでん,6648,東S,,"1,576",-24,-1.50%,97,8.59倍,1.24倍,4.19%
20260612,1780,ＫＮＴＣＴ,9726,東S,,"1,892",-54,-2.77%,97,9.03倍,2.82倍,0.53%
20260612,1781,チャームケア,6062,東P,,"1,309",-17,-1.28%,96,12.0倍,1.98倍,3.28%
20260612,1782,日本管財ＨＤ,9347,東P,,"2,689",+14,+0.52%,96,13.4倍,1.31倍,2.23%
20260612,1783,ジーデップ,5885,東S,,"2,481",-36,-1.43%,96,20.7倍,4.09倍,1.45%
20260612,1784,宝＆ＣＯ,7921,東P,,"3,050",-20,-0.65%,96,12.7倍,1.29倍,3.93%
20260612,1785,ブラインド,7989,東P,,"2,435",+4,+0.16%,96,14.9倍,0.86倍,4.93%
20260612,1786,ＮＥＣキャピ,8793,東P,,"4,105",-25,-0.61%,96,8.84倍,0.68倍,3.65%
20260612,1787,ＢＵＦ,6676,東S,,"2,550",-47,-1.81%,96,13.4倍,1.41倍,2.35%
20260612,1788,アツギ,3529,東S,,927,-13,-1.38%,96,ー倍,0.46倍,ー%
20260612,1789,システムリサ,3771,東P,,"1,724",-8,-0.46%,96,10.1倍,2.12倍,4.06%
20260612,1790,カンセキ,9903,東S,,"1,269",+79,+6.64%,95,29.6倍,1.41倍,1.58%
20260612,1791,あさくま,7678,東S,,"6,230",-380,-5.75%,95,81.0倍,9.60倍,ー%
20260612,1792,恵和,4251,東P,,"1,193",-5,-0.42%,95,7.23倍,0.91倍,4.19%
20260612,1793,日産車体,7222,東S,,934,-25,-2.61%,95,9.04倍,0.69倍,ー%
20260612,1794,大和冷,6459,東P,,"1,662",+10,+0.61%,95,14.6倍,1.17倍,3.61%
20260612,1795,フジッコ,2908,東P,,"1,513",+7,+0.46%,95,34.7倍,0.62倍,3.04%
20260612,1796,大戸屋ＨＤ,2705,東S,,"7,630",+100,+1.33%,94,39.6倍,13.5倍,0.26%
20260612,1797,じげん,3679,東P,,386,-11,-2.77%,94,8.72倍,1.70倍,3.50%
20260612,1798,ＩＧポート,3791,東S,,"1,214",+9,+0.75%,94,18.1倍,2.38倍,1.40%
20260612,1799,楽待,6037,東S,,989,-9,-0.90%,93,14.6倍,3.59倍,1.31%
20260612,1800,ＣＡＣ,4725,東P,,"1,771",-10,-0.56%,93,ー倍,0.89倍,5.65%
20260612,1801,小野建,7414,東P,,"1,309",-2,-0.15%,93,7.80倍,0.34倍,5.27%
20260612,1802,オーバル,7727,東S,,711,-18,-2.47%,93,10.2倍,0.92倍,3.94%
20260612,1803,ＳＲＳＨＤ,8163,東P,,"1,193",+5,+0.42%,93,27.4倍,2.77倍,0.84%
20260612,1804,ミツウロコＧ,8131,東S,,"1,841",+27,+1.49%,92,16.8倍,0.96倍,3.59%
20260612,1805,リアルゲイト,5532,東G,,"3,320",-100,-2.92%,92,29.7倍,5.41倍,ー%
20260612,1806,帝国繊維,3302,東P,,"3,305",-20,-0.60%,92,22.3倍,1.12倍,1.97%
20260612,1807,あさひ,3333,東P,,"1,283",+2,+0.16%,92,12.2倍,0.83倍,3.90%
20260612,1808,アセンテック,3565,東S,,409,+2,+0.49%,92,12.3倍,2.83倍,3.67%
20260612,1809,バンドー,5195,東P,,"2,188",-2,-0.09%,91,11.1倍,0.96倍,4.57%
20260612,1810,ハブ,3030,東S,,954,+15,+1.60%,91,36.4倍,3.56倍,1.05%
20260612,1811,ＡＤプラズマ,6668,東S,,"2,882",+17,+0.59%,91,24.4倍,1.76倍,0.83%
20260612,1812,ｉＦプ１５０,2017,東Ｅ,,"1,427",-5,-0.35%,89,ー倍,ー倍,ー%
20260612,1813,太洋物産,9941,東S,,"1,219",+81,+7.12%,89,13.0倍,2.18倍,ー%
20260612,1814,福島銀,8562,東S,,349,-5,-1.41%,89,13.5倍,0.51倍,1.43%
20260612,1815,南海辰村,1850,東S,,389,-5,-1.27%,89,6.65倍,0.55倍,2.06%
20260612,1816,ｉＦＲＥＩＴ,1488,東Ｅ,,"1,846",+13,+0.71%,88,ー倍,ー倍,ー%
20260612,1817,福井コン,9790,東P,,"3,120",-5,-0.16%,88,14.2倍,2.14倍,2.47%
20260612,1818,テセック,6337,東S,,"2,338",-65,-2.70%,88,22.3倍,0.85倍,4.28%
20260612,1819,ダイコク電,6430,東P,,"2,072",+15,+0.73%,88,9.73倍,0.61倍,4.83%
20260612,1820,大豊工業,6470,東S,,"1,094",-45,-3.95%,88,8.63倍,0.49倍,2.74%
20260612,1821,エネチェンジ,4169,東G,,182,-5,-2.67%,88,14.2倍,1.65倍,ー%
20260612,1822,日精線,5659,東P,,"1,443",+21,+1.48%,88,15.8倍,1.04倍,3.19%
20260612,1823,津田駒,6217,東S,,915,-20,-2.14%,88,23.4倍,2.22倍,ー%
20260612,1824,ホテルレジＲ,3472,東Ｒ,,"63,200",-200,-0.32%,88,15.6倍,1.05倍,6.45%
20260612,1825,セントラルＲ,3488,東Ｒ,,"104,500",-100,-0.10%,88,15.6倍,1.04倍,6.40%
20260612,1826,スターゼン,8043,東P,,"1,170",-4,-0.34%,88,7.87倍,0.70倍,4.27%
20260612,1827,イオン北海道,7512,東S,,849,+4,+0.47%,88,39.4倍,1.59倍,1.88%
20260612,1828,日理化,4406,東S,,204,-8,-3.77%,88,12.7倍,0.39倍,2.21%
20260612,1829,ＴＤＣソフト,4687,東P,,921,-32,-3.36%,87,11.0倍,1.83倍,3.69%
20260612,1830,三精テクノロ,6357,東S,,"2,377",-54,-2.22%,87,7.95倍,0.82倍,4.00%
20260612,1831,鈴茂器工,6405,東S,,997,-2,-0.20%,87,17.7倍,0.86倍,3.51%
20260612,1832,大豊建,1822,東S,,733,0,0.00%,87,13.1倍,0.82倍,5.18%
20260612,1833,ネクストーン,7094,東G,,"1,250",-26,-2.04%,87,12.2倍,2.19倍,1.76%
20260612,1834,トリプラ,5136,東G,,"1,390",-22,-1.56%,87,16.2倍,4.50倍,ー%
20260612,1835,ユトリ,5892,東G,,"2,121",-76,-3.46%,87,14.5倍,4.81倍,ー%
20260612,1836,三光合成,7888,東P,,758,-8,-1.04%,87,5.78倍,0.64倍,3.69%
20260612,1837,ＹＫＴ,2693,東S,,331,-14,-4.06%,87,22.6倍,0.47倍,1.51%
20260612,1838,ＧＸゲー日株,2640,東Ｅ,,"3,486",-13,-0.37%,86,ー倍,ー倍,ー%
20260612,1839,アスタリスク,6522,東G,,743,-5,-0.67%,86,92.0倍,3.50倍,ー%
20260612,1840,サカイ引越,9039,東P,,"2,875",+9,+0.31%,86,13.2倍,1.17倍,4.07%
20260612,1841,ＪＥＳＣＯ,1434,東S,,"1,785",-63,-3.41%,86,11.3倍,1.53倍,2.69%
20260612,1842,サクサ,6675,東S,,"1,878",-33,-1.73%,86,1.98倍,1.00倍,6.66%
20260612,1843,シーユーシー,9158,東G,,808,-9,-1.10%,86,21.5倍,0.71倍,ー%
20260612,1844,ＧＸ中国ＥＶ,2254,東Ｅ,,"1,192",0,0.00%,86,ー倍,ー倍,ー%
20260612,1845,シュッピン,3179,東P,,"1,075",+3,+0.28%,86,12.3倍,2.22倍,3.72%
20260612,1846,リネットＪ,3556,東G,,774,-34,-4.21%,86,9.45倍,7.81倍,ー%
20260612,1847,極東貿易,8093,東P,,"1,705",-22,-1.27%,86,8.34倍,0.64倍,4.34%
20260612,1848,理経,8226,東S,,372,-7,-1.85%,86,13.4倍,0.93倍,1.88%
20260612,1849,さいか屋,8254,東S,,241,-12,-4.74%,85,12.5倍,1.21倍,2.07%
20260612,1850,エリアリンク,8914,東S,,877,-23,-2.56%,85,12.0倍,1.51倍,3.02%
20260612,1851,倉元,5216,東S,,127,-8,-5.93%,85,ー倍,10.7倍,ー%
20260612,1852,ブランジスタ,6176,東S,,910,+13,+1.45%,85,6.58倍,1.97倍,7.14%
20260612,1853,ＳＭＤトピク,2557,東Ｅ,,"3,868",-15,-0.39%,85,ー倍,ー倍,ー%
20260612,1854,野村ダウＨ有,2846,東Ｅ,,"2,438",-28,-1.14%,85,ー倍,ー倍,ー%
20260612,1855,ファインデ,3649,東P,,792,-35,-4.23%,85,14.9倍,3.43倍,3.41%
20260612,1856,ネオジャパン,3921,東P,,"1,500",-36,-2.34%,85,11.2倍,2.78倍,3.60%
20260612,1857,内外テック,3374,東S,,"2,811",-19,-0.67%,84,9.83倍,0.77倍,3.91%
20260612,1858,ＤＭＰ,3652,東G,,"2,820",+57,+2.06%,84,296倍,2.72倍,ー%
20260612,1859,フィードワン,2060,東P,,"1,200",+20,+1.69%,84,7.07倍,0.74倍,4.33%
20260612,1860,ツカダＧＨＤ,2418,東S,,576,-3,-0.52%,84,4.51倍,0.73倍,2.43%
20260612,1861,アルプス技,4641,東P,,"2,328",+5,+0.22%,84,10.4倍,2.01倍,4.64%
20260612,1862,クラシコ,442A,東G,,"1,546",+181,+13.26%,84,21.3倍,1.94倍,ー%
20260612,1863,ＧＸ高配日株,2564,東Ｅ,,"3,249",-20,-0.61%,84,ー倍,ー倍,ー%
20260612,1864,未来工業,7931,東P,,"3,010",+28,+0.94%,83,ー倍,0.88倍,3.32%
20260612,1865,東京産,8070,東P,,788,-2,-0.25%,83,12.1倍,0.82倍,5.08%
20260612,1866,上場銀行１０,540A,東Ｅ,,"1,825",-24,-1.30%,83,ー倍,ー倍,ー%
20260612,1867,西部技研,6223,東S,,"2,176",-27,-1.23%,83,10.9倍,1.35倍,3.22%
20260612,1868,ＪＲＣ,6224,東G,,"1,252",-27,-2.11%,82,12.9倍,2.77倍,2.72%
20260612,1869,電算システム,4072,東P,,"2,845",-40,-1.39%,82,11.6倍,1.22倍,3.51%
20260612,1870,ｎｍｓ,2162,東S,,538,0,0.00%,82,18.8倍,2.05倍,1.67%
20260612,1871,アクリート,4395,東G,,692,-18,-2.54%,82,12.4倍,1.48倍,1.45%
20260612,1872,カナディアン,9284,東IF,,"85,200",+100,+0.12%,82,14.3倍,0.83倍,7.00%
20260612,1873,タングス,6998,東S,,"1,926",-128,-6.23%,82,13.0倍,0.70倍,3.12%
20260612,1874,リズム,7769,東P,,"3,480",-50,-1.42%,82,16.3倍,0.82倍,4.82%
20260612,1875,ＳＢＩアルヒ,7198,東P,,792,+2,+0.25%,81,16.9倍,0.84倍,5.05%
20260612,1876,ゼンムテック,338A,東G,,"2,037",-33,-1.59%,81,18.4倍,7.06倍,ー%
20260612,1877,地盤ＨＤ,6072,東S,Ｓ,"1,100",-400,-26.67%,81,ー倍,17.2倍,ー%
20260612,1878,サムティＲ,3459,東Ｒ,,"95,200",-200,-0.21%,81,21.6倍,0.95倍,5.46%
20260612,1879,イチケン,1847,東S,,"2,566",+6,+0.23%,81,6.65倍,0.93倍,4.87%
20260612,1880,北浜ＣＰ,2134,東S,,25,0,0.00%,81,7.60倍,2.62倍,ー%
20260612,1881,スターシーズ,3083,東S,,"1,002",+8,+0.80%,81,17.3倍,3.14倍,1.00%
20260612,1882,イノバセル,504A,東G,,554,+16,+2.97%,81,ー倍,2.45倍,ー%
20260612,1883,ＡＩＲＭＡＮ,6364,東P,,"1,665",-14,-0.83%,81,11.3倍,1.00倍,4.32%
20260612,1884,アバール,6918,東S,,"2,975",+75,+2.59%,81,19.0倍,0.85倍,3.56%
20260612,1885,カナデン,8081,東P,,"2,479",+7,+0.28%,81,13.8倍,1.09倍,4.03%
20260612,1886,明治電機工業,3388,東P,,"2,018",0,0.00%,80,8.31倍,0.67倍,4.76%
20260612,1887,野村ＳＰＨ無,2633,東Ｅ,,541.0,-3.9,-0.72%,80,ー倍,ー倍,ー%
20260612,1888,学研ＨＤ,9470,東P,,963,-5,-0.52%,80,10.0倍,0.75倍,3.01%
20260612,1889,東証リート,2555,東Ｅ,,"1,846.5",+10.5,+0.57%,79,ー倍,ー倍,ー%
20260612,1890,フリービット,3843,東P,,"1,421",-22,-1.52%,79,8.86倍,3.50倍,2.89%
20260612,1891,野村米半導,346A,東Ｅ,,"4,950",-35,-0.70%,79,ー倍,ー倍,ー%
20260612,1892,フルッタ,2586,東G,,87,-3,-3.33%,79,95.6倍,1.35倍,ー%
20260612,1893,ＪＰＨＤ,2749,東P,,593,+1,+0.17%,78,11.7倍,2.21倍,2.28%
20260612,1894,エフティ,2763,東S,,"1,074",+3,+0.28%,78,8.40倍,0.90倍,ー%
20260612,1895,モリト,9837,東P,,"1,748",+10,+0.58%,78,14.6倍,1.08倍,4.12%
20260612,1896,チムスピ,4397,東G,,360,-6,-1.64%,78,17.2倍,4.66倍,ー%
20260612,1897,日本モゲジＳ,7192,東S,,573,-7,-1.21%,78,9.26倍,0.88倍,5.24%
20260612,1898,新家工,7305,東S,,"2,470",-1,-0.04%,78,13.9倍,0.68倍,6.07%
20260612,1899,レック,7874,東P,,942,+4,+0.43%,78,10.3倍,0.82倍,2.97%
20260612,1900,オーナンバ,5816,東S,,"1,628",-43,-2.57%,78,10.4倍,0.70倍,4.30%
20260612,1901,ソラコム,147A,東G,,"1,015",+20,+2.01%,78,65.5倍,4.20倍,ー%
20260612,1902,アイドマＨＤ,7373,東G,,"1,123",-20,-1.75%,78,7.26倍,2.20倍,2.67%
20260612,1903,ミダックＨＤ,6564,東P,,"2,001",-44,-2.15%,78,16.6倍,3.08倍,1.00%
20260612,1904,ＱＢＮＨＤ,6571,東P,,"1,250",-13,-1.03%,78,12.0倍,1.11倍,3.20%
20260612,1905,安永,7271,東S,,"1,006",-26,-2.52%,77,7.97倍,0.71倍,3.78%
20260612,1906,ファイバーＧ,9450,東S,,733,-10,-1.35%,77,11.6倍,2.14倍,3.68%
20260612,1907,ＷＩＺＥ,3664,東G,,23,+1,+4.55%,77,ー倍,1.73倍,ー%
20260612,1908,カンロ,2216,東S,,"1,135",+20,+1.79%,77,13.9倍,2.49倍,2.91%
20260612,1909,ヒビノ,2469,東S,,"2,652",+2,+0.08%,77,10.1倍,1.87倍,3.39%
20260612,1910,サーバワクス,4434,東S,,"2,009",-10,-0.50%,77,16.5倍,1.53倍,1.49%
20260612,1911,リソー教育Ｇ,4714,東P,,192,+2,+1.05%,77,19.2倍,2.68倍,5.21%
20260612,1912,農中Ｊリート,1595,東Ｅ,,"1,828",+7,+0.38%,77,ー倍,ー倍,ー%
20260612,1913,ｒａｋｕｍｏ,4060,東G,,"1,119",+51,+4.78%,77,20.5倍,3.47倍,1.25%
20260612,1914,グリッド,5582,東G,,"1,832",-74,-3.88%,77,31.3倍,2.11倍,ー%
20260612,1915,ブルーイノベ,5597,東G,,"1,468",-51,-3.36%,76,ー倍,43.2倍,ー%
20260612,1916,大日塗,4611,東P,,"1,285",-5,-0.39%,76,10.8倍,0.55倍,4.51%
20260612,1917,グルメ杵屋,9850,東P,,937,-6,-0.64%,76,82.4倍,2.29倍,0.75%
20260612,1918,マツオカ,3611,東S,,"2,192",-34,-1.53%,76,6.77倍,0.58倍,5.25%
20260612,1919,ＧＥＩ,9212,東G,,283,+8,+2.91%,76,22.0倍,1.68倍,ー%
20260612,1920,ＳＭＤ２２５,1397,東Ｅ,,"65,000",-800,-1.22%,76,ー倍,ー倍,ー%
20260612,1921,原油先物ベア,2039,東EN,,500,-8,-1.57%,76,ー倍,ー倍,ー%
20260612,1922,アキレス,5142,東P,,"1,115",-9,-0.80%,76,11.7倍,0.35倍,2.69%
20260612,1923,ＣＫサンエツ,5757,東P,,"4,595",-145,-3.06%,75,5.84倍,0.69倍,2.18%
20260612,1924,ＰＣＡ,9629,東P,,"1,283",-13,-1.00%,75,32.2倍,1.36倍,3.12%
20260612,1925,シリウスＶ,6276,東S,,279,+10,+3.72%,75,2.50倍,0.63倍,ー%
20260612,1926,ジェイリース,7187,東P,,"1,260",-3,-0.24%,75,8.91倍,3.04倍,4.76%
20260612,1927,免疫生物研,4570,東G,,918,+6,+0.66%,75,24.6倍,4.64倍,0.82%
20260612,1928,霞ヶ関ホテル,401A,東Ｒ,,"94,400",-300,-0.32%,75,17.4倍,0.95倍,6.21%
20260612,1929,三谷セキ,5273,東S,,"1,409",+7,+0.50%,74,9.70倍,0.97倍,3.09%
20260612,1930,フォーカス,4662,東P,,"1,520",-15,-0.98%,74,9.05倍,1.45倍,4.47%
20260612,1931,ＩＴメディア,2148,東P,,"1,171",+14,+1.21%,74,16.5倍,2.63倍,4.27%
20260612,1932,グロースコア,1563,東Ｅ,,"2,301",-15,-0.65%,73,ー倍,ー倍,ー%
20260612,1933,アイホン,6718,東P,,"2,664",+24,+0.91%,73,13.6倍,0.62倍,4.88%
20260612,1934,オロ,3983,東P,,"2,030",-4,-0.20%,73,14.5倍,3.08倍,2.46%
20260612,1935,Ｄｍミックス,7354,東S,,304,-3,-0.98%,73,7.91倍,0.93倍,3.13%
20260612,1936,ビーウィズ,9216,東P,,"1,453",-32,-2.15%,73,29.7倍,2.46倍,5.30%
20260612,1937,Ｉｎｅ,4933,東P,,"1,330",+27,+2.07%,72,ー倍,1.29倍,1.13%
20260612,1938,進和,7607,東P,,"3,030",+5,+0.17%,72,13.1倍,0.88倍,4.09%
20260612,1939,ラックランド,9612,東P,,"1,196",-27,-2.21%,72,5.28倍,1.03倍,3.34%
20260612,1940,ＳＭＫ,6798,東P,,"3,265",-125,-3.69%,72,25.8倍,0.66倍,3.06%
20260612,1941,ユニシアＨＤ,3547,東S,,"1,554",+2,+0.13%,72,40.1倍,2.41倍,ー%
20260612,1942,Ａバランス,3856,東S,,528,-8,-1.49%,72,ー倍,0.27倍,0.57%
20260612,1943,動物高度医療,6039,東G,,986,-14,-1.40%,72,14.3倍,2.61倍,1.32%
20260612,1944,アトラエ,6194,東P,,698,+6,+0.87%,72,17.2倍,4.21倍,4.87%
20260612,1945,ソラスト,6197,東P,,"1,111",+1,+0.09%,72,ー倍,4.29倍,ー%
20260612,1946,システムソフ,7527,東S,,46,+1,+2.22%,71,219倍,1.23倍,ー%
20260612,1947,松屋Ｒ＆Ｄ,7317,東G,,"1,109",+1,+0.09%,71,ー倍,2.92倍,ー%
20260612,1948,ｉＳロボット,2522,東Ｅ,,"8,356",-73,-0.87%,71,ー倍,ー倍,ー%
20260612,1949,ゼビオＨＤ,8281,東P,,"1,055",-10,-0.94%,71,5.82倍,0.37倍,3.32%
20260612,1950,シーラＨＤ,8887,東S,,359,-4,-1.10%,71,2.08倍,0.76倍,3.62%
20260612,1951,ＣＢＣ,9402,名P,,"1,146",+3,+0.26%,71,19.2倍,0.38倍,2.18%
20260612,1952,トーカイ,9729,東P,,"2,283",-18,-0.78%,71,11.5倍,0.84倍,3.50%
20260612,1953,アクセル,6730,東S,,"1,131",-57,-4.80%,71,13.7倍,0.90倍,3.63%
20260612,1954,柿安本店,2294,東P,,"2,528",-1,-0.04%,70,30.3倍,1.56倍,3.36%
20260612,1955,野村国内債券,2510,東Ｅ,,812.2,+1.9,+0.23%,70,ー倍,ー倍,ー%
20260612,1956,アップバンク,6177,東G,,79,+2,+2.60%,70,ー倍,2.38倍,ー%
20260612,1957,ｉＳ米高配当,2013,東Ｅ,,297.6,+2.2,+0.74%,70,ー倍,ー倍,ー%
20260612,1958,三晃金,1972,東S,,"1,207",-2,-0.17%,70,9.50倍,0.84倍,5.30%
20260612,1959,今仙電機,7266,東S,,869,-12,-1.36%,70,8.03倍,0.33倍,3.68%
20260612,1960,アルファＰ,9467,東G,,"1,048",-22,-2.06%,70,11.9倍,1.95倍,2.58%
20260612,1961,ＳＦＰ,3198,東P,,"2,283",+24,+1.06%,70,ー倍,5.67倍,ー%
20260612,1962,プロシップ,3763,東P,,"1,683",-8,-0.47%,70,18.4倍,3.80倍,2.50%
20260612,1963,東祥,8920,東S,,723,-19,-2.56%,70,7.95倍,0.68倍,1.38%
20260612,1964,ニッピ,7932,東S,,"11,510",+80,+0.70%,69,11.5倍,0.78倍,6.09%
20260612,1965,高島,8007,東P,,736,-5,-0.67%,69,15.7倍,1.08倍,6.25%
20260612,1966,ＡＦＣ－ＨＤ,2927,東S,,821,-10,-1.20%,69,7.74倍,0.75倍,4.38%
20260612,1967,スカイマーク,9204,東G,,400,-3,-0.74%,69,30.1倍,0.71倍,ー%
20260612,1968,オーバラップ,414A,東G,,900,-1,-0.11%,69,8.07倍,2.20倍,4.89%
20260612,1969,スペース,9622,東P,,"1,390",-9,-0.64%,69,10.4倍,0.98倍,5.18%
20260612,1970,いであ,9768,東S,,"3,065",-70,-2.23%,69,9.12倍,0.71倍,3.85%
20260612,1971,ＫＯＺＯＨＤ,9973,東S,,19,-1,-5.00%,69,106倍,10.1倍,ー%
20260612,1972,ナガセ,9733,東S,,"2,225",-21,-0.93%,68,12.1倍,1.44倍,5.39%
20260612,1973,ナレルＧ,9163,東G,,"2,155",-12,-0.55%,68,9.03倍,1.31倍,5.34%
20260612,1974,片倉,3001,東S,,"2,347",-4,-0.17%,68,10.3倍,0.74倍,2.56%
20260612,1975,佐藤商,8065,東P,,"3,090",-30,-0.96%,68,9.70倍,0.83倍,2.82%
20260612,1976,エフテック,7212,東S,,632,-11,-1.71%,68,14.7倍,0.20倍,3.16%
20260612,1977,イオンファン,4343,東P,,"2,467",-12,-0.48%,68,16.3倍,6.24倍,0.81%
20260612,1978,生化学,4548,東P,,725,-2,-0.28%,68,17.6倍,0.53倍,4.14%
20260612,1979,日シス技術,4323,東P,,"1,640",+22,+1.36%,67,13.7倍,2.42倍,3.05%
20260612,1980,ブライトパス,4594,東G,,45,0,0.00%,67,ー倍,2.66倍,ー%
20260612,1981,理想科学,6413,東P,,977,-11,-1.11%,67,15.0倍,0.89倍,5.12%
20260612,1982,フコク,5185,東P,,"1,767",-3,-0.17%,67,10.9倍,0.61倍,5.66%
20260612,1983,ｉＦＳＰＷブ,2237,東Ｅ,,"113,100","-2,000",-1.74%,67,ー倍,ー倍,ー%
20260612,1984,ＧＸテック日,2854,東Ｅ,,"2,540",-74,-2.83%,67,ー倍,ー倍,ー%
20260612,1985,フジ住,8860,東P,,765,-14,-1.80%,67,ー倍,0.47倍,4.18%
20260612,1986,ＪＰＭＣ,3276,東P,,"1,291",-23,-1.75%,67,10.9倍,2.32倍,4.96%
20260612,1987,マリモリート,3470,東Ｒ,,"107,300",0,0.00%,67,17.8倍,1.01倍,6.53%
20260612,1988,ＲＩＺＡＰ,2928,札Ａ,,193,-4,-2.03%,66,23.0倍,2.28倍,0.69%
20260612,1989,上場高配５０,399A,東Ｅ,,"2,075",-17,-0.81%,66,ー倍,ー倍,ー%
20260612,1990,エスコンＪＰ,2971,東Ｒ,,"113,900",-100,-0.09%,66,16.1倍,1.01倍,6.20%
20260612,1991,スバル,9632,東S,,"3,615",-195,-5.12%,66,15.0倍,1.24倍,2.21%
20260612,1992,ＮＩＴＴＡＮ,6493,東S,,457,-20,-4.19%,66,7.31倍,0.42倍,4.38%
20260612,1993,野村台湾テク,412A,東Ｅ,,"4,452",-81,-1.79%,66,ー倍,ー倍,ー%
20260612,1994,ＧＭＳ,544A,東P,,352,-8,-2.22%,66,ー倍,ー倍,ー%
20260612,1995,サイバトラス,4498,東G,,"1,130",-14,-1.22%,66,14.9倍,2.49倍,1.24%
20260612,1996,ＪＤＳＣ,4418,東G,,615,-25,-3.91%,66,18.7倍,1.58倍,ー%
20260612,1997,中越パ,3877,東P,,"1,984",-22,-1.10%,65,15.6倍,0.42倍,6.05%
20260612,1998,ダブスタ,3925,東P,,"1,165",-6,-0.51%,65,13.2倍,2.36倍,6.01%
20260612,1999,カルナバイオ,4572,東G,,374,+16,+4.47%,65,ー倍,-41倍,ー%
20260612,2000,ハニーズＨＤ,2792,東P,,"1,376",-5,-0.36%,65,10.7倍,0.81倍,4.00%
20260612,2001,Ｇｕｎｏｓｙ,6047,東S,,443,-2,-0.45%,65,79.1倍,0.97倍,4.97%
20260612,2002,冨士ダイス,6167,東P,,933,-24,-2.51%,65,35.1倍,0.89倍,4.29%
20260612,2003,ＳＳ金,447A,東Ｅ,,269.5,+0.2,+0.07%,65,ー倍,ー倍,ー%
20260612,2004,ｉＳシルバー,568A,東Ｅ,,168.9,-3.5,-2.03%,65,ー倍,ー倍,ー%
20260612,2005,チヨダ,8185,東P,,971,-6,-0.61%,65,30.0倍,0.66倍,5.56%
20260612,2006,東ラヂ,7235,東S,,"1,423",-39,-2.67%,65,7.53倍,0.56倍,5.41%
20260612,2007,日新商,7490,東S,,"2,205",0,0.00%,65,ー倍,0.56倍,ー%
20260612,2008,共和電,6853,東S,,823,-17,-2.02%,65,17.4倍,1.14倍,2.55%
20260612,2009,ダイヤＨＤ,6699,東S,,467,+3,+0.65%,64,525倍,0.36倍,5.35%
20260612,2010,ｅＷｅＬＬ,5038,東G,,"1,780",-18,-1.00%,64,20.3倍,8.56倍,1.18%
20260612,2011,上場２２５Ｍ,1578,東Ｅ,,"5,150",-22,-0.43%,64,ー倍,ー倍,ー%
20260612,2012,ミタチ産業,3321,東S,,"1,698",-56,-3.19%,64,6.77倍,0.78倍,4.71%
20260612,2013,Ｊテック・Ｃ,3446,東S,,"1,560",-56,-3.47%,64,53.6倍,3.52倍,ー%
20260612,2014,ヘルスケアＭ,3455,東Ｒ,,"107,700",-400,-0.37%,64,19.2倍,1.00倍,5.87%
20260612,2015,じもとＨＤ,7161,東S,,509,-5,-0.97%,64,3.98倍,1.45倍,0.98%
20260612,2016,空港施設,8864,東S,,898,0,0.00%,64,13.1倍,0.72倍,4.68%
20260612,2017,中北製,6496,東S,,"4,430",-75,-1.66%,63,12.6倍,0.56倍,2.48%
20260612,2018,ニレコ,6863,東S,,"2,520",-63,-2.44%,63,12.4倍,1.06倍,4.17%
20260612,2019,共栄タ,9130,東S,,"1,324",+16,+1.22%,63,7.79倍,0.39倍,3.02%
20260612,2020,ＵＥＸ,9888,東S,,923,-16,-1.70%,62,3.46倍,0.50倍,ー%
20260612,2021,重松製,7980,東S,,785,-19,-2.36%,62,7.65倍,0.59倍,1.91%
20260612,2022,クレオス,8101,東P,,"2,334",-3,-0.13%,62,10.9倍,0.88倍,4.54%
20260612,2023,田辺工業,1828,東S,,"2,300",+1,+0.04%,62,8.94倍,0.86倍,4.35%
20260612,2024,北野建,1866,東S,,951,-14,-1.45%,62,6.61倍,0.45倍,3.15%
20260612,2025,トヨクモ,4058,東G,,"1,926",-27,-1.38%,62,16.1倍,5.07倍,1.40%
20260612,2026,ＳＫジャパン,7608,東S,,721,0,0.00%,62,8.83倍,1.82倍,3.33%
20260612,2027,アルインコ,5933,東P,,"1,017",-17,-1.64%,62,9.39倍,0.60倍,4.42%
20260612,2028,ＯＡＴアグリ,4979,東S,,"2,630",+22,+0.84%,61,11.0倍,1.34倍,2.28%
20260612,2029,エラン,6099,東P,,716,+5,+0.70%,61,13.5倍,2.98倍,2.23%
20260612,2030,ウェルネオＳ,2117,東P,,"2,553",-8,-0.31%,61,12.9倍,1.08倍,4.66%
20260612,2031,ＪＴＰ,2488,東S,,"1,300",-23,-1.74%,61,10.2倍,1.77倍,3.85%
20260612,2032,チノー,6850,東P,,"1,609",-16,-0.98%,61,12.4倍,1.14倍,3.73%
20260612,2033,蝶理,8014,東P,,"3,880",-25,-0.64%,61,9.11倍,0.93倍,4.41%
20260612,2034,トビラシステ,4441,東S,,"1,265",+35,+2.85%,61,24.6倍,4.51倍,1.58%
20260612,2035,スズデン,7480,東S,,"2,073",-13,-0.62%,61,15.1倍,1.57倍,5.07%
20260612,2036,スパイダー,4192,東G,,244,-5,-2.01%,61,ー倍,3.25倍,ー%
20260612,2037,人・夢・技術,9248,東S,,"1,520",-14,-0.91%,61,10.9倍,0.59倍,3.95%
20260612,2038,ｉＦＥナ百ベ,2842,東Ｅ,,"12,525",+90,+0.72%,61,ー倍,ー倍,ー%
20260612,2039,ＡＩストーム,3719,東S,,195,+2,+1.04%,61,25.6倍,2.34倍,1.54%
20260612,2040,ＤＩＴ,3916,東P,,813,-7,-0.85%,61,10.9倍,2.78倍,4.61%
20260612,2041,若築建,1888,東P,,"3,195",-50,-1.54%,60,9.24倍,0.75倍,4.54%
20260612,2042,アイエスビー,9702,東P,,"2,338",+25,+1.08%,60,14.5倍,1.84倍,2.99%
20260612,2043,不二サッシ,5940,東S,,670,-23,-3.32%,60,5.25倍,0.33倍,4.48%
20260612,2044,オリコンＨＤ,2498,東S,,"2,890",-54,-1.83%,60,8.93倍,1.13倍,4.33%
20260612,2045,カイゼン,4170,東G,,100,-8,-7.41%,60,85.5倍,0.58倍,ー%
20260612,2046,日本ホスピス,7061,東G,,571,-15,-2.56%,60,8.04倍,1.36倍,4.38%
20260612,2047,アイザワ証Ｇ,8708,東P,,"1,466",+8,+0.55%,59,ー倍,0.96倍,ー%
20260612,2048,ジェコス,9991,東P,,"1,468",-1,-0.07%,59,8.67倍,0.69倍,4.70%
20260612,2049,日工,6306,東P,,840,-7,-0.83%,59,12.2倍,0.87倍,5.00%
20260612,2050,ミガロＨＤ,5535,東P,,250,-2,-0.79%,59,10.7倍,1.06倍,3.60%
20260612,2051,ククレブ,276A,東G,,"2,754",-21,-0.76%,59,19.9倍,3.08倍,0.98%
20260612,2052,高圧ガス,4097,東P,,"1,088",+8,+0.74%,59,13.1倍,0.71倍,3.68%
20260612,2053,田岡化,4113,東S,,671,-23,-3.31%,59,38.5倍,0.49倍,0.89%
20260612,2054,キッズバイオ,4584,東G,,133,+1,+0.76%,59,ー倍,4.11倍,ー%
20260612,2055,ルネサンス,2378,東P,,981,-13,-1.31%,59,38.7倍,2.42倍,1.33%
20260612,2056,ラクーンＨＤ,3031,東P,,634,-5,-0.78%,59,41.0倍,2.94倍,3.47%
20260612,2057,不二家,2211,東P,,"2,359",+12,+0.51%,58,29.0倍,1.02倍,1.27%
20260612,2058,アスカネット,2438,東G,,310,-8,-2.52%,58,14.8倍,0.87倍,2.26%
20260612,2059,野村新興国株,2520,東Ｅ,,"2,327",-20,-0.85%,58,ー倍,ー倍,ー%
20260612,2060,新田ゼラチン,4977,東S,,"1,268",+14,+1.12%,58,9.62倍,0.95倍,3.15%
20260612,2061,大盛工業,1844,東S,,470,-8,-1.67%,58,17.7倍,1.44倍,2.45%
20260612,2062,巴,1921,東S,,"1,647",-44,-2.60%,58,21.3倍,0.76倍,1.46%
20260612,2063,力の源ＨＤ,3561,東P,,"1,517",+2,+0.13%,58,25.3倍,3.77倍,1.58%
20260612,2064,オプティマス,9268,東S,,380,-2,-0.52%,58,8.13倍,0.62倍,4.74%
20260612,2065,朝日放送ＨＤ,9405,東P,,801,-4,-0.50%,58,12.4倍,0.40倍,2.50%
20260612,2066,ビジ太田昭,9658,東P,,995,-11,-1.09%,58,11.3倍,1.05倍,4.72%
20260612,2067,ＧセブンＨＤ,7508,東P,,"1,359",-1,-0.07%,58,10.3倍,1.67倍,5.15%
20260612,2068,ミヨシ,4404,東S,,"1,803",-25,-1.37%,58,12.3倍,0.43倍,3.88%
20260612,2069,ＮＡＮＯＨＤ,4571,東G,,102,+3,+3.03%,58,ー倍,2.39倍,ー%
20260612,2070,日特塗,4619,東S,,"2,259",-28,-1.22%,58,9.08倍,0.80倍,5.75%
20260612,2071,ＧＸ革新優良,178A,東Ｅ,,"1,597",-36,-2.20%,58,ー倍,ー倍,ー%
20260612,2072,ＴＶＥ,6466,東S,,"3,565",-50,-1.38%,57,16.1倍,0.64倍,1.12%
20260612,2073,ハンセンブル,2031,東EN,,"7,344",-86,-1.16%,57,ー倍,ー倍,ー%
20260612,2074,清水銀,8364,東P,,"2,421",-46,-1.86%,57,11.0倍,0.35倍,2.48%
20260612,2075,穴吹興産,8928,東S,,"2,351",-17,-0.72%,57,5.70倍,0.52倍,2.89%
20260612,2076,サニックスＨ,4651,東S,,223,-3,-1.33%,57,10.6倍,0.97倍,1.35%
20260612,2077,ＡＩＡＩ,6557,東G,,600,-10,-1.64%,57,5.56倍,1.20倍,ー%
20260612,2078,フォースタ,7089,東G,,"1,635",-7,-0.43%,57,11.2倍,3.84倍,ー%
20260612,2079,ｉＦＴＰ年４,2625,東Ｅ,,"3,844",-22,-0.57%,57,ー倍,ー倍,ー%
20260612,2080,ＣＣＴ,4371,東G,,"1,307",-38,-2.83%,57,15.7倍,4.60倍,1.61%
20260612,2081,ワタミ,7522,東P,,931,-4,-0.43%,57,ー倍,2.11倍,ー%
20260612,2082,セルシード,7776,東G,,215,-1,-0.46%,57,ー倍,4.21倍,ー%
20260612,2083,ロボホーム,1435,東S,,159,-1,-0.63%,56,7.06倍,1.30倍,1.26%
20260612,2084,Ｏｎｅ高配当,1494,東Ｅ,,"41,790",-210,-0.50%,56,ー倍,ー倍,ー%
20260612,2085,マミーマート,9823,東S,,"1,015",+15,+1.50%,56,9.58倍,1.12倍,2.09%
20260612,2086,Ｄｅｎｋｅｉ,9908,東S,,"2,401",-34,-1.40%,56,7.79倍,0.83倍,4.54%
20260612,2087,ヤマックス,5285,東S,,"1,192",-19,-1.57%,56,6.05倍,1.14倍,5.03%
20260612,2088,シキボウ,3109,東P,,"1,003",-7,-0.69%,56,21.2倍,0.35倍,4.99%
20260612,2089,三相電機,6518,東S,,"1,985",+20,+1.02%,56,10.7倍,0.72倍,1.26%
20260612,2090,インタートレ,3747,東S,,395,-20,-4.82%,56,11.8倍,2.37倍,ー%
20260612,2091,明豊エンタ,8927,東S,,420,-8,-1.87%,56,6.42倍,1.15倍,3.10%
20260612,2092,ダイトーケミ,4366,東S,,465,-8,-1.69%,56,17.6倍,0.92倍,1.94%
20260612,2093,窪田製薬ＨＤ,4596,東G,,56,0,0.00%,56,ー倍,4.87倍,ー%
20260612,2094,早稲アカ,4718,東P,,"2,527",-22,-0.86%,55,17.0倍,2.82倍,2.97%
20260612,2095,ジャノメ,6445,東P,,"1,255",-9,-0.71%,55,10.5倍,0.61倍,4.78%
20260612,2096,コーア商ＨＤ,9273,東P,,757,-5,-0.66%,55,8.76倍,1.05倍,2.38%
20260612,2097,イチネンＨＤ,9619,東P,,"2,158",-12,-0.55%,55,7.39倍,0.71倍,3.71%
20260612,2098,ＰＳＳ,7707,東G,,197,+1,+0.51%,55,24.8倍,1.39倍,ー%
20260612,2099,純パラ信託,1543,東Ｅ,,"57,520","+2,010",+3.62%,55,ー倍,ー倍,ー%
20260612,2100,やまみ,2820,東S,,"4,600",+135,+3.02%,55,19.8倍,2.83倍,1.78%
20260612,2101,ＴＹＫ,5363,東S,,677,+4,+0.59%,55,6.64倍,0.64倍,4.52%
20260612,2102,ＭＸナスヘ有,2632,東Ｅ,,"17,830",+165,+0.93%,55,ー倍,ー倍,ー%
20260612,2103,ブレインズ,4075,東G,,"1,008",-32,-3.08%,55,36.6倍,3.48倍,ー%
20260612,2104,三重交ＨＤ,3232,東P,,527,-4,-0.75%,55,8.83倍,0.76倍,3.80%
20260612,2105,アンビＤＸ,3300,東G,,"2,170",-31,-1.41%,55,5.79倍,1.80倍,5.07%
20260612,2106,Ｖコマース,2491,東P,,463,+9,+1.98%,54,ー倍,0.87倍,3.46%
20260612,2107,タカトリ,6338,東S,,"1,468",-73,-4.74%,54,23.7倍,0.79倍,2.72%
20260612,2108,日本精密,7771,東S,,285,-15,-5.00%,54,34.2倍,3.35倍,ー%
20260612,2109,ＪＥＴ,6228,東S,,683,-27,-3.80%,54,ー倍,0.92倍,ー%
20260612,2110,インフ,438A,東G,,724,-13,-1.76%,54,31.3倍,2.70倍,ー%
20260612,2111,フツパー,478A,東G,,704,-8,-1.12%,54,20.6倍,3.37倍,ー%
20260612,2112,キャリアＬ,6070,東P,,"2,160",0,0.00%,54,9.13倍,1.61倍,5.56%
20260612,2113,セルソース,4880,東S,,297,-18,-5.71%,53,ー倍,1.00倍,ー%
20260612,2114,ＭＩＣ,300A,東S,,"2,780",-20,-0.71%,53,14.6倍,2.12倍,2.77%
20260612,2115,ＭＸＮＹダウ,2241,東Ｅ,,891.4,-12.4,-1.37%,52,ー倍,ー倍,ー%
20260612,2116,ＲＥＩＴイン,2094,東Ｅ,,799,-19,-2.32%,52,ー倍,ー倍,ー%
20260612,2117,東京衡機,7719,東S,,387,-13,-3.25%,52,11.8倍,1.62倍,ー%
20260612,2118,ユビＡＩ,3858,東S,,300,-11,-3.54%,52,ー倍,1.64倍,ー%
20260612,2119,クラウドＷ,3900,東G,,600,+17,+2.92%,52,ー倍,1.47倍,ー%
20260612,2120,酒井重,6358,東P,,"2,030",-9,-0.44%,52,15.8倍,0.55倍,5.42%
20260612,2121,コスピベア,2034,東EN,,"1,758",-50,-2.77%,52,ー倍,ー倍,ー%
20260612,2122,塩水糖,2112,東S,,419,+2,+0.48%,52,6.41倍,0.56倍,3.82%
20260612,2123,ウェルネット,2428,東S,,608,0,0.00%,52,11.5倍,1.29倍,4.85%
20260612,2124,株主還元７０,2529,東Ｅ,,"2,162",+5,+0.23%,52,ー倍,ー倍,ー%
20260612,2125,イメージワン,2667,東S,,126,-7,-5.26%,52,8.43倍,1.76倍,ー%
20260612,2126,サンアスタ,4053,東P,,434,-7,-1.59%,52,12.2倍,1.51倍,2.30%
20260612,2127,ＧＸメタ日株,2646,東Ｅ,,"3,552",-128,-3.48%,52,ー倍,ー倍,ー%
20260612,2128,オークワ,8217,東P,,790,+2,+0.25%,52,49.4倍,0.43倍,3.29%
20260612,2129,明和地所,8869,東S,,778,-7,-0.89%,52,6.29倍,0.49倍,5.14%
20260612,2130,九州リース,8596,東S,,"1,398",-16,-1.13%,51,7.53倍,0.70倍,4.43%
20260612,2131,松井建,1810,東S,,"1,324",-6,-0.45%,51,9.44倍,0.66倍,5.29%
20260612,2132,ブティックス,9272,東G,,"1,312",-11,-0.83%,51,9.03倍,4.88倍,ー%
20260612,2133,ＭＳジャパン,6539,東P,,948,+6,+0.64%,51,21.8倍,2.48倍,5.91%
20260612,2134,愛電機,6623,名P,,"8,750",-20,-0.23%,51,11.8倍,0.94倍,3.20%
20260612,2135,ヤギ,7460,東S,,"4,605",-20,-0.43%,51,10.1倍,0.80倍,3.91%
20260612,2136,フォーライフ,3477,東G,,804,+41,+5.37%,51,4.95倍,0.74倍,4.04%
20260612,2137,エニグモ,3665,東P,,343,-5,-1.44%,51,27.6倍,1.16倍,ー%
20260612,2138,メディアドゥ,3678,東P,,"1,293",-18,-1.37%,51,16.4倍,1.03倍,3.09%
20260612,2139,日経エンタメ,586A,東Ｅ,,197.0,-3.0,-1.50%,51,ー倍,ー倍,ー%
20260612,2140,ＳＳＳＫＨＤ,4838,東S,,620,-15,-2.36%,51,8.25倍,1.14倍,4.84%
20260612,2141,ＷＯＷＯＷ,4839,東P,,"1,003",-1,-0.10%,51,47.4倍,0.41倍,2.99%
20260612,2142,ＥＲＩＨＤ,6083,東S,,"1,326",-6,-0.45%,51,10.6倍,3.98倍,2.77%
20260612,2143,ドリームＩ,4310,東P,,"2,802",-12,-0.43%,50,ー倍,2.12倍,4.89%
20260612,2144,ＰＢＲ１解消,2080,東Ｅ,,"1,884",-13,-0.69%,50,ー倍,ー倍,ー%
20260612,2145,北川鉄,6317,東S,,"1,586",-29,-1.80%,50,7.34倍,0.32倍,4.04%
20260612,2146,中央倉,9319,東P,,"1,739",-59,-3.28%,50,14.7倍,0.63倍,2.42%
20260612,2147,ＦＰパートナ,7388,東P,,"2,029",+11,+0.55%,50,21.1倍,4.55倍,4.63%
20260612,2148,ｋｕｂｅｌｌ,4448,東G,,275,-9,-3.17%,49,ー倍,5.41倍,ー%
20260612,2149,ｉＦＥナ百有,2841,東Ｅ,,"1,659",-15,-0.90%,49,ー倍,ー倍,ー%
20260612,2150,エアーテック,6291,東S,,"1,239",+5,+0.41%,49,11.5倍,0.86倍,4.44%
20260612,2151,ＪＭＡＣＳ,5817,東S,,850,-36,-4.06%,49,19.3倍,0.85倍,1.76%
20260612,2152,アドバネクス,5998,東S,,"2,520",-155,-5.79%,49,5.17倍,1.02倍,1.98%
20260612,2153,日神ＧＨＤ,8881,東P,,639,-10,-1.54%,49,8.53倍,0.42倍,5.79%
20260612,2154,萩原工業,7856,東P,,"1,671",+13,+0.78%,49,15.7倍,0.74倍,4.49%
20260612,2155,ヒット,378A,東G,,"2,140",-16,-0.74%,49,16.5倍,2.73倍,1.87%
20260612,2156,ｉＳ米リート,1659,東Ｅ,,"3,944",+19,+0.48%,49,ー倍,ー倍,ー%
20260612,2157,ステムリム,4599,東G,,283,+7,+2.54%,49,ー倍,3.85倍,ー%
20260612,2158,トランヴィア,545A,東P,,826,-6,-0.72%,49,13.6倍,ー倍,4.84%
20260612,2159,翻訳センター,2483,東S,,"2,023",-55,-2.65%,49,13.6倍,0.97倍,6.92%
20260612,2160,ラサ商事,3023,東S,,"1,741",-30,-1.69%,49,9.18倍,0.78倍,4.60%
20260612,2161,フェイスＮＷ,3489,東S,,693,-4,-0.57%,49,5.41倍,1.66倍,6.49%
20260612,2162,ドリコム,3793,東G,,392,-7,-1.75%,48,18.8倍,2.27倍,1.28%
20260612,2163,ＧＸＵＳ配当,2236,東Ｅ,,"1,435",+1,+0.07%,48,ー倍,ー倍,ー%
20260612,2164,ラボロＡＩ,5586,東G,,756,-16,-2.07%,48,60.0倍,4.45倍,ー%
20260612,2165,ニチリン,5184,東S,,"4,040",-10,-0.25%,48,9.51倍,0.87倍,4.70%
20260612,2166,日コン,5269,東P,,318,-1,-0.31%,48,13.3倍,0.38倍,3.14%
20260612,2167,小池工,6137,東S,,"1,408",-23,-1.61%,48,8.74倍,0.63倍,3.55%
20260612,2168,トリニ工,6382,東S,,"1,219",-7,-0.57%,48,10.1倍,0.57倍,5.00%
20260612,2169,ＳＢＩＩＧ,7326,東G,,"2,161",-39,-1.77%,48,14.8倍,1.12倍,2.73%
20260612,2170,フラベッドＨ,7840,東P,,"1,247",-6,-0.48%,48,13.6倍,1.04倍,3.37%
20260612,2171,シンクロ,3963,東P,,298,-3,-1.00%,48,59.2倍,1.76倍,5.03%
20260612,2172,アンジェス,4563,東G,,46,0,0.00%,48,ー倍,9.43倍,ー%
20260612,2173,ペッパー,3053,東S,,195,+5,+2.63%,48,241倍,3.46倍,ー%
20260612,2174,ＤＭＳ,9782,東S,,"3,270",+50,+1.55%,48,16.1倍,1.12倍,7.09%
20260612,2175,ミロク情報,9928,東P,,"1,748",0,0.00%,48,10.9倍,1.58倍,3.72%
20260612,2176,ＭＸ４００,1593,東Ｅ,,"35,930",-150,-0.42%,48,ー倍,ー倍,ー%
20260612,2177,アストマクス,7162,東S,,273,+8,+3.02%,47,ー倍,0.47倍,ー%
20260612,2178,市光工,7244,東P,,521,-7,-1.33%,47,10.0倍,0.63倍,3.45%
20260612,2179,南海化学,4040,東S,,"3,680",-25,-0.67%,47,5.82倍,0.66倍,1.77%
20260612,2180,ライズＣＧ,9168,東G,,391,-9,-2.25%,47,14.1倍,1.30倍,5.37%
20260612,2181,ＧＸ高配３０,235A,東Ｅ,,"1,310",-6,-0.46%,47,ー倍,ー倍,ー%
20260612,2182,マクアケ,4479,東G,,830,-15,-1.78%,47,16.4倍,1.81倍,ー%
20260612,2183,イーグランド,3294,東S,,"4,835",+5,+0.10%,47,ー倍,2.31倍,ー%
20260612,2184,ＡｎｄＤｏ,3457,東P,,"1,038",-2,-0.19%,47,7.48倍,1.08倍,4.43%
20260612,2185,ＰＲＴＩＭＥ,3922,東P,,"2,230",-1,-0.04%,47,13.7倍,3.30倍,0.75%
20260612,2186,太洋テクノ,6663,東S,,304,-20,-6.17%,47,24.6倍,0.69倍,0.99%
20260612,2187,ソーダニッカ,8158,東P,,"1,101",-7,-0.63%,47,10.3倍,0.74倍,4.00%
20260612,2188,富山銀,8365,東S,,"2,056",-26,-1.25%,47,10.5倍,0.35倍,2.68%
20260612,2189,トランシティ,9310,東P,,"1,072",-6,-0.56%,47,9.90倍,0.66倍,4.06%
20260612,2190,ミニストップ,9946,東P,,"1,822",+7,+0.39%,47,528倍,2.00倍,1.10%
20260612,2191,タカミヤ,2445,東S,,370,-4,-1.07%,47,9.17倍,0.74倍,4.32%
20260612,2192,ライク,2462,東P,,"1,416",+1,+0.07%,47,9.88倍,1.54倍,4.24%
20260612,2193,まんだらけ,2652,東S,,388,+7,+1.84%,47,8.92倍,0.98倍,0.26%
20260612,2194,オエノンＨＤ,2533,東P,,482,-3,-0.62%,46,9.31倍,1.01倍,2.49%
20260612,2195,アヴィレン,5591,東G,,703,-18,-2.50%,46,19.4倍,5.60倍,ー%
20260612,2196,ｉＦＴＰＷベ,1368,東Ｅ,,179,0,0.00%,46,ー倍,ー倍,ー%
20260612,2197,井村屋Ｇ,2209,東P,,"2,306",+20,+0.87%,46,12.3倍,1.18倍,1.65%
20260612,2198,ＧＭＯ－ＧＳ,3788,東P,,"1,904",-64,-3.25%,46,20.8倍,2.18倍,3.13%
20260612,2199,アシロ,7378,東G,,"1,332",-106,-7.37%,46,9.61倍,3.49倍,4.88%
20260612,2200,日東工器,6151,東P,,"1,577",-17,-1.07%,46,20.1倍,0.49倍,2.03%
20260612,2201,シナネンＨＤ,8132,東P,,"8,250",-100,-1.20%,46,17.2倍,1.49倍,1.45%
20260612,2202,鳥取銀,8383,東S,,"1,453",-26,-1.76%,46,8.50倍,0.27倍,3.44%
20260612,2203,ｕｎｂａｎｋ,8746,東S,,233,-28,-10.73%,46,ー倍,1.24倍,ー%
20260612,2204,エスプール,2471,東P,,244,-2,-0.81%,45,11.5倍,2.04倍,4.10%
20260612,2205,イクヨ,7273,東S,,628,-1,-0.16%,45,300倍,1.38倍,0.48%
20260612,2206,幸楽苑,7554,東P,,"1,088",-2,-0.18%,45,16.6倍,2.91倍,1.38%
20260612,2207,ダイドー,3205,東S,,702,-6,-0.85%,45,24.7倍,1.91倍,7.12%
20260612,2208,野村電力ガス,1627,東Ｅ,,"11,450",+60,+0.53%,45,ー倍,ー倍,ー%
20260612,2209,日精蝋,5010,東S,,216,-7,-3.14%,45,5.33倍,0.64倍,ー%
20260612,2210,日金属,5491,東S,,816,-26,-3.09%,45,10.3倍,0.18倍,0.61%
20260612,2211,ユニバー園芸,6061,東S,,"2,796",+33,+1.19%,45,12.8倍,1.69倍,0.46%
20260612,2212,日進工具,6157,東S,,853,+3,+0.35%,45,ー倍,1.13倍,ー%
20260612,2213,カナミックＮ,3939,東P,,484,-2,-0.41%,45,16.8倍,4.58倍,1.86%
20260612,2214,ＧＸ純金Ｈ,424A,東Ｅ,,314.0,-10.1,-3.12%,45,ー倍,ー倍,ー%
20260612,2215,ＮＦＫＨＤ,6494,東S,,87,+2,+2.35%,44,40.5倍,0.73倍,ー%
20260612,2216,ＳＥＭＴＥＣ,6626,東S,,"1,980",-34,-1.69%,44,9.27倍,0.80倍,2.83%
20260612,2217,ミクニ,7247,東S,,342,-1,-0.29%,44,6.76倍,0.29倍,4.39%
20260612,2218,タカノ,7885,東S,,"1,019",-44,-4.14%,44,21.3倍,0.48倍,1.96%
20260612,2219,有機薬,4531,東S,,328,-7,-2.09%,44,ー倍,0.53倍,3.05%
20260612,2220,ｉＦＴＰベ,1457,東Ｅ,,"1,898",+8,+0.42%,44,ー倍,ー倍,ー%
20260612,2221,野村電機精密,1625,東Ｅ,,"63,390",-30,-0.05%,44,ー倍,ー倍,ー%
20260612,2222,リプロセル,4978,東G,,126,0,0.00%,44,ー倍,1.35倍,ー%
20260612,2223,ＹＵＳＨＩＮ,6482,東S,,672,+4,+0.60%,43,23.4倍,0.61倍,ー%
20260612,2224,クロスマーケ,3675,東S,,559,-1,-0.18%,43,6.76倍,1.14倍,2.68%
20260612,2225,デジプラ,3691,東G,,"1,213",-6,-0.49%,43,ー倍,6.59倍,ー%
20260612,2226,高知銀,8416,東S,,"1,231",-28,-2.22%,43,6.50倍,0.32倍,2.03%
20260612,2227,野村Ａ高配,2084,東Ｅ,,"3,563",-21,-0.59%,43,ー倍,ー倍,ー%
20260612,2228,ｉＳ米２０,2255,東Ｅ,,209.5,+0.1,+0.05%,43,ー倍,ー倍,ー%
20260612,2229,ｉＳ米債７,1656,東Ｅ,,316.2,+0.3,+0.09%,43,ー倍,ー倍,ー%
20260612,2230,コンドー,7438,東P,,"1,468",+14,+0.96%,43,11.1倍,0.98倍,3.95%
20260612,2231,ナガイレーベ,7447,東P,,"1,668",-1,-0.06%,43,17.2倍,1.30倍,3.60%
20260612,2232,ＪＫＨＤ,9896,東S,,"1,419",-6,-0.42%,43,8.86倍,0.58倍,4.23%
20260612,2233,アミューズ,4301,東P,,"1,788",-26,-1.43%,43,23.2倍,0.80倍,3.58%
20260612,2234,ＴＯＷ,4767,東S,,351,-3,-0.85%,43,9.68倍,1.40倍,5.21%
20260612,2235,戸上電,6643,東S,,"4,810",-110,-2.24%,42,9.10倍,0.92倍,2.70%
20260612,2236,新コスモス,6824,東S,,"4,395",-265,-5.69%,42,13.4倍,1.00倍,2.16%
20260612,2237,上場ＮＱヘ有,2569,東Ｅ,,"4,214",-30,-0.71%,42,ー倍,ー倍,ー%
20260612,2238,クリングル,4884,東G,,308,-1,-0.32%,42,ー倍,2.73倍,ー%
20260612,2239,シンワワイズ,2437,東S,,398,+20,+5.29%,42,79.8倍,2.16倍,ー%
20260612,2240,ＷＴ金,1672,東Ｅ,,"61,020","-1,290",-2.07%,42,ー倍,ー倍,ー%
20260612,2241,ｉＦＳＰ無,2247,東Ｅ,,"2,206",-13,-0.59%,42,ー倍,ー倍,ー%
20260612,2242,エータイ,369A,東G,,"1,973",-35,-1.74%,42,14.7倍,2.62倍,2.74%
20260612,2243,リックス,7525,東P,,"3,355",-25,-0.74%,42,9.07倍,0.95倍,4.83%
20260612,2244,国際計測,7722,東S,,738,-15,-1.99%,41,9.94倍,0.80倍,5.42%
20260612,2245,マーベラス,7844,東P,,450,-4,-0.88%,41,13.6倍,0.98倍,3.33%
20260612,2246,ヤプリ,4168,東G,,704,-11,-1.54%,41,9.74倍,2.90倍,2.13%
20260612,2247,Ｃ＆Ｒ,4763,東P,,"1,265",-7,-0.55%,41,8.00倍,1.40倍,3.95%
20260612,2248,ネクスウェア,4814,東S,,151,-1,-0.66%,41,64.0倍,2.52倍,ー%
20260612,2249,ジオスター,5282,東S,,369,-8,-2.12%,41,6.11倍,0.45倍,2.71%
20260612,2250,三協立山,5932,東P,,621,0,0.00%,41,9.73倍,0.20倍,4.03%
20260612,2251,コスモスイニ,8844,東S,,"1,182",-11,-0.92%,41,5.56倍,0.70倍,4.48%
20260612,2252,オリチェン,6380,東S,,"4,825",-205,-4.08%,41,82.7倍,3.94倍,0.41%
20260612,2253,ＴＢグループ,6775,東S,,116,-5,-4.13%,41,161倍,3.38倍,ー%
20260612,2254,ＧＸ超短円債,502A,東Ｅ,,902.0,+0.1,+0.01%,41,ー倍,ー倍,ー%
20260612,2255,ソフトクリエ,3371,東P,,"1,660",+6,+0.36%,41,10.0倍,1.67倍,3.73%
20260612,2256,アイフリーク,3845,東S,,208,-15,-6.73%,41,"5,200倍",4.78倍,ー%
20260612,2257,コーディア,190A,東G,,97,-2,-2.02%,41,ー倍,3.22倍,ー%
20260612,2258,ヨシムラＨＤ,2884,東P,,640,-5,-0.78%,41,10.9倍,1.23倍,ー%
20260612,2259,丸建リース,9763,東S,,"1,160",-28,-2.36%,41,7.89倍,0.61倍,4.66%
20260612,2260,やまや,9994,東S,,"2,011",-27,-1.32%,41,10.4倍,0.59倍,3.58%
20260612,2261,中外鉱,1491,東S,,639,-20,-3.03%,41,9.18倍,0.98倍,ー%
20260612,2262,野村エネ資源,1618,東Ｅ,,"32,910",+780,+2.43%,40,ー倍,ー倍,ー%
20260612,2263,野村不動産,1633,東Ｅ,,"50,730",-670,-1.30%,40,ー倍,ー倍,ー%
20260612,2264,ＧＸ防衛テク,466A,東Ｅ,,"1,046",-7,-0.66%,40,ー倍,ー倍,ー%
20260612,2265,片倉コープ,4031,東S,,"1,044",+4,+0.38%,40,18.7倍,0.41倍,2.68%
20260612,2266,東インキ,4635,東S,,"1,214",-12,-0.98%,40,7.78倍,0.48倍,5.35%
20260612,2267,トリプルアイ,5026,東G,,530,-26,-4.68%,40,124倍,3.25倍,ー%
20260612,2268,藤商事,6257,東S,,991,-3,-0.30%,40,9.87倍,0.48倍,5.55%
20260612,2269,ペガサス,6262,東S,,519,-2,-0.38%,40,49.7倍,0.38倍,ー%
20260612,2270,ＪＦＥシステ,4832,東S,,"1,846",-50,-2.64%,40,13.2倍,1.63倍,3.79%
20260612,2271,ツツミ,7937,東S,,"2,659",+40,+1.53%,40,14.8倍,0.59倍,4.32%
20260612,2272,トマト銀,8542,東S,,"1,454",-32,-2.15%,40,9.15倍,0.35倍,3.44%
20260612,2273,シルバライフ,9262,東S,,742,-3,-0.40%,40,10.0倍,1.10倍,2.43%
20260612,2274,新日本製薬,4931,東P,,"1,946",+21,+1.09%,40,12.1倍,1.77倍,2.93%
20260612,2275,ＧＸ住宅日Ｒ,2097,東Ｅ,,974,-1,-0.10%,40,ー倍,ー倍,ー%
20260612,2276,ＥＴＳ・Ｇ,253A,東S,,992,-24,-2.36%,40,12.7倍,1.67倍,2.32%
20260612,2277,養命酒,2540,東P,,"4,025",0,0.00%,40,ー倍,1.20倍,ー%
20260612,2278,ホリイフード,3077,東S,,722,-28,-3.73%,40,12.3倍,4.08倍,ー%
20260612,2279,ｆｏｎｆｕｎ,2323,東S,,308,-2,-0.65%,39,14.5倍,4.84倍,ー%
20260612,2280,プレミアムＷ,2588,東S,,"3,380",-10,-0.29%,39,8.07倍,2.26倍,3.55%
20260612,2281,ケンコーマヨ,2915,東P,,"1,981",-4,-0.20%,39,10.0倍,0.69倍,3.53%
20260612,2282,トレンダ,6069,東G,,590,-7,-1.17%,39,10.2倍,1.07倍,6.10%
20260612,2283,サニーサイド,2180,東S,,"1,317",0,0.00%,39,15.2倍,3.39倍,0.84%
20260612,2284,アイコム,6820,東P,,"2,948",-62,-2.06%,39,13.7倍,0.58倍,2.95%
20260612,2285,日化産,4094,東S,,"2,048",-24,-1.16%,39,31.9倍,0.78倍,4.39%
20260612,2286,細火工,4274,東S,,"1,022",-24,-2.29%,39,18.6倍,1.18倍,1.27%
20260612,2287,売れるＧ,9235,東G,,514,-7,-1.34%,39,"2,056倍",6.12倍,ー%
20260612,2288,ヒューマンＴ,5621,東G,,"1,335",-12,-0.89%,39,11.5倍,2.43倍,2.62%
20260612,2289,ポスプラ,198A,東G,,132,-9,-6.38%,39,ー倍,1.93倍,ー%
20260612,2290,ムトー精工,7927,東S,,"2,126",-27,-1.25%,39,7.38倍,0.70倍,5.50%
20260612,2291,キングジム,7962,東P,,813,-6,-0.73%,39,35.2倍,0.91倍,1.72%
20260612,2292,ソマール,8152,東S,,"6,990",-390,-5.28%,39,5.40倍,0.61倍,1.43%
20260612,2293,共和レ,3553,東S,,839,-3,-0.36%,39,ー倍,0.55倍,6.20%
20260612,2294,電算,3640,東S,,"2,211",-35,-1.56%,39,7.22倍,0.76倍,4.52%
20260612,2295,ＮＳＷ,9739,東P,,"2,478",-14,-0.56%,39,9.85倍,0.97倍,5.04%
20260612,2296,昭和真空,6384,東S,,"1,617",-56,-3.35%,38,17.8倍,0.82倍,4.33%
20260612,2297,たけびし,7510,東P,,"2,294",-46,-1.97%,38,11.9倍,0.83倍,3.49%
20260612,2298,愛時計,7723,東P,,"2,869",-21,-0.73%,38,9.55倍,0.84倍,4.18%
20260612,2299,ニＳＰＥＷ無,426A,東Ｅ,,"1,197",-6,-0.50%,38,ー倍,ー倍,ー%
20260612,2300,ユーソナー,431A,東G,,"2,108",-62,-2.86%,38,16.5倍,3.77倍,ー%
20260612,2301,インタライフ,1418,東S,,502,-9,-1.76%,38,9.57倍,1.64倍,5.98%
20260612,2302,アルトナー,2163,東P,,"1,929",-11,-0.57%,38,16.4倍,3.98倍,4.46%
20260612,2303,ヨータイ,5357,東P,,"1,708",-13,-0.76%,38,12.1倍,0.91倍,5.27%
20260612,2304,エディア,3935,東S,,616,-10,-1.60%,38,7.30倍,2.26倍,2.76%
20260612,2305,ＣＴＳ,4345,東P,,825,-4,-0.48%,38,12.5倍,2.17倍,3.64%
20260612,2306,シンバイオ,4582,東G,,71,0,0.00%,38,ー倍,-104倍,ー%
20260612,2307,ＲＳＣ,4664,東S,,759,-63,-7.66%,37,33.6倍,0.95倍,3.16%
20260612,2308,インドブル,2046,東EN,,"23,560",-390,-1.63%,37,ー倍,ー倍,ー%
20260612,2309,サンセイ,6307,東S,,414,-21,-4.83%,37,8.04倍,0.60倍,3.62%
20260612,2310,ＬＴＳ,6560,東P,,"1,638",+18,+1.11%,37,6.87倍,1.47倍,2.44%
20260612,2311,大日光,6635,東S,,732,+1,+0.14%,37,6.84倍,0.67倍,2.19%
20260612,2312,北の達人,2930,東P,,119,0,0.00%,37,22.6倍,2.06倍,2.94%
20260612,2313,ゼロ,9028,東S,,"3,590",-5,-0.14%,37,8.38倍,1.31倍,3.91%
20260612,2314,エーアイテイ,9381,東P,,"2,212",+13,+0.59%,37,15.3倍,2.54倍,4.97%
20260612,2315,広ガス,9535,東P,,392,0,0.00%,37,12.3倍,0.38倍,3.06%
20260612,2316,日邦産業,9913,東S,,"3,500",-65,-1.82%,37,22.5倍,1.76倍,2.26%
20260612,2317,シキノＨＴ,6614,東S,,762,-40,-4.99%,37,40.8倍,1.46倍,1.97%
20260612,2318,ｉＦＥ科創板,2628,東Ｅ,,"3,745",0,0.00%,37,ー倍,ー倍,ー%
20260612,2319,リソル,5261,東P,,"6,810",-60,-0.87%,37,19.4倍,2.07倍,1.76%
20260612,2320,ＧＥＮＯＶＡ,9341,東P,,551,-6,-1.08%,37,8.03倍,1.51倍,5.44%
20260612,2321,トヨコー,341A,東G,,"2,000",-1,-0.05%,37,41.7倍,9.14倍,ー%
20260612,2322,アステナＨＤ,8095,東P,,490,-4,-0.81%,37,8.43倍,0.72倍,3.67%
20260612,2323,クリナップ,7955,東P,,871,-2,-0.23%,36,8.65倍,0.51倍,3.79%
20260612,2324,ＭＶ東海,8198,東S,,"3,305",-15,-0.45%,36,11.3倍,1.09倍,2.57%
20260612,2325,加地テック,6391,東S,,"3,780",-85,-2.20%,36,8.57倍,0.74倍,1.85%
20260612,2326,サンデン,6444,東S,,149,0,0.00%,36,33.3倍,0.58倍,ー%
20260612,2327,ファルコＨＤ,4671,東S,,"2,576",+14,+0.55%,36,12.8倍,1.00倍,4.97%
20260612,2328,ＳＡＡＦＨＤ,1447,東G,,287,+3,+1.06%,36,15.9倍,2.86倍,1.67%
20260612,2329,Ｏｎｅトピ,1473,東Ｅ,,"3,946",-13,-0.33%,36,ー倍,ー倍,ー%
20260612,2330,ＷＴプラチナ,1674,東Ｅ,,"24,370",-25,-0.10%,36,ー倍,ー倍,ー%
20260612,2331,あみやき,2753,東P,,"1,346",+2,+0.15%,36,19.1倍,1.23倍,2.53%
20260612,2332,リブコンサル,480A,東G,,865,-21,-2.37%,36,7.98倍,1.53倍,ー%
20260612,2333,サイフューズ,4892,東G,,540,-4,-0.74%,36,ー倍,2.07倍,ー%
20260612,2334,ＮＩＳＳＯ,9332,東P,,573,0,0.00%,36,9.19倍,1.05倍,4.36%
20260612,2335,ウェルネス,366A,東G,,"1,072",0,0.00%,36,11.6倍,2.29倍,3.73%
20260612,2336,レント,372A,東S,,"4,805",-65,-1.33%,36,7.13倍,0.94倍,4.37%
20260612,2337,セキュア,4264,東G,,"1,468",-39,-2.59%,36,22.2倍,2.27倍,ー%
20260612,2338,ユキグニ,1375,東P,,"1,079",+4,+0.37%,35,16.9倍,2.91倍,1.85%
20260612,2339,フォトシンス,4379,東G,,375,-2,-0.53%,35,19.6倍,2.31倍,ー%
20260612,2340,野村ナスＨ有,2845,東Ｅ,,"3,472",-28,-0.80%,35,ー倍,ー倍,ー%
20260612,2341,メディネット,2370,東G,,25,+1,+4.17%,35,ー倍,1.96倍,ー%
20260612,2342,ヒガシＨＤ,9029,東S,,"1,811",-42,-2.27%,35,8.76倍,1.47倍,3.42%
20260612,2343,ＫＩＭＯＴＯ,7908,東S,,222,0,0.00%,35,ー倍,0.51倍,ー%
20260612,2344,三谷商,8066,東S,,"2,463",-19,-0.77%,35,9.71倍,1.10倍,3.57%
20260612,2345,大東銀,8563,東S,,959,-13,-1.34%,35,7.60倍,0.42倍,4.17%
20260612,2346,Ｊティッシュ,7774,東G,,578,-11,-1.87%,35,235倍,4.61倍,ー%
20260612,2347,ＣＥＨＤ,4320,東S,,"1,655",+3,+0.18%,35,31.7倍,3.38倍,1.45%
20260612,2348,Ｓ＆Ｊ,5599,東G,,921,-14,-1.50%,35,12.7倍,2.39倍,1.85%
20260612,2349,伊沢タオル,365A,東S,,710,-11,-1.53%,35,10.8倍,1.67倍,5.92%
20260612,2350,アーバネット,3242,東S,,523,-3,-0.57%,35,10.2倍,1.01倍,4.21%
20260612,2351,信和,3447,東S,,884,-4,-0.45%,35,7.49倍,0.71倍,4.07%
20260612,2352,ヨシックス,3221,東P,,"3,150",-25,-0.79%,34,13.7倍,2.43倍,1.02%
20260612,2353,ＳＭＩＮＯＥ,3501,東P,,"1,054",-11,-1.03%,34,35.0倍,0.42倍,3.80%
20260612,2354,ＷＨＤＣ,3823,東S,,32,0,0.00%,34,ー倍,3.41倍,ー%
20260612,2355,阿波製紙,3896,東S,,347,-22,-5.96%,34,23.1倍,0.55倍,ー%
20260612,2356,ＳＰＫ,7466,東P,,"1,214",-5,-0.41%,34,8.98倍,0.84倍,3.38%
20260612,2357,中本パックス,7811,東S,,"1,856",+4,+0.22%,34,7.52倍,0.78倍,3.99%
20260612,2358,クエスト,2332,東S,,"1,649",-22,-1.32%,34,9.88倍,1.13倍,3.70%
20260612,2359,キャリアデザ,2410,東P,,"2,523",+5,+0.20%,34,10.5倍,2.87倍,5.15%
20260612,2360,焼肉坂井ＨＤ,2694,東S,,69,0,0.00%,34,153倍,2.61倍,ー%
20260612,2361,Ｊグループ,3063,東G,,"1,158",+9,+0.78%,34,52.2倍,17.0倍,0.43%
20260612,2362,ＣＲＡＶＩＡ,6573,東G,,24,-1,-4.00%,34,ー倍,2.76倍,ー%
20260612,2363,星和電,6748,東S,,676,-12,-1.74%,34,6.55倍,0.45倍,2.96%
20260612,2364,上場リート隔,1345,東Ｅ,,"1,817",+10,+0.55%,34,ー倍,ー倍,ー%
20260612,2365,ホクリヨウ,1384,東S,,"2,027",-47,-2.27%,34,7.55倍,0.98倍,3.95%
20260612,2366,グランディ,8999,東P,,511,-7,-1.35%,34,13.5倍,0.59倍,6.26%
20260612,2367,明海グループ,9115,東S,,899,-5,-0.55%,34,14.6倍,0.57倍,ー%
20260612,2368,和心,9271,東G,,914,-68,-6.92%,34,8.81倍,4.26倍,1.31%
20260612,2369,ＦフォースＧ,7068,東G,,453,-9,-1.95%,34,7.45倍,3.34倍,2.21%
20260612,2370,クオルテック,9165,東G,,"1,680",-27,-1.58%,34,12.3倍,1.13倍,2.80%
20260612,2371,野村Ｐ１５０,159A,東Ｅ,,689.5,-2.4,-0.35%,34,ー倍,ー倍,ー%
20260612,2372,情報戦略テク,155A,東G,,858,-31,-3.49%,34,20.5倍,4.70倍,ー%
20260612,2373,タレントＸ,330A,東G,,382,-9,-2.30%,34,20.2倍,2.47倍,ー%
20260612,2374,エイトレッド,3969,東S,,"1,314",-15,-1.13%,34,12.6倍,1.78倍,2.74%
20260612,2375,ニチバン,4218,東P,,"1,835",+9,+0.49%,34,16.1倍,0.84倍,2.18%
20260612,2376,ｉＳ米債カバ,453A,東Ｅ,,799.4,+1.2,+0.15%,34,ー倍,ー倍,ー%
20260612,2377,ＭＸ高利Ｊリ,1660,東Ｅ,,"10,535",+50,+0.48%,33,ー倍,ー倍,ー%
20260612,2378,金先物ベア,2037,東EN,,"1,366",+53,+4.04%,33,ー倍,ー倍,ー%
20260612,2379,チムニー,3178,東S,,"1,056",-9,-0.85%,33,81.5倍,3.18倍,0.47%
20260612,2380,クリアル,2998,東G,,429,0,0.00%,33,7.28倍,1.35倍,1.86%
20260612,2381,水道機,6403,東S,,"4,015",0,0.00%,33,ー倍,1.46倍,ー%
20260612,2382,宮越ＨＤ,6620,東P,,644,-25,-3.74%,33,ー倍,1.05倍,ー%
20260612,2383,ルックＨＤ,8029,東S,,"2,671",-23,-0.85%,33,12.5倍,0.50倍,3.74%
20260612,2384,ＦＣＥ,9564,東S,,451,-1,-0.22%,33,11.5倍,2.36倍,2.22%
20260612,2385,ＡＲアドバン,5578,東G,,804,-24,-2.90%,33,10.8倍,3.31倍,0.87%
20260612,2386,マテリアルＧ,156A,東G,,802,-10,-1.23%,33,12.4倍,3.55倍,3.25%
20260612,2387,日水コン,261A,東S,,"2,102",-42,-1.96%,33,14.8倍,1.63倍,3.52%
20260612,2388,プログレス,339A,東G,,917,-33,-3.47%,33,6.93倍,1.16倍,3.27%
20260612,2389,セラク,6199,東S,,"1,142",-14,-1.21%,33,8.05倍,1.61倍,1.52%
20260612,2390,ディスラプタ,6538,東S,,212,-12,-5.36%,32,7.18倍,1.61倍,2.36%
20260612,2391,ティアック,6803,東S,,97,+2,+2.11%,32,9.31倍,0.69倍,1.03%
20260612,2392,野村ＪＰＸ,1591,東Ｅ,,"34,900",-970,-2.70%,32,ー倍,ー倍,ー%
20260612,2393,ＷＴ天然ガス,1689,東Ｅ,,864,+26,+3.10%,32,ー倍,ー倍,ー%
20260612,2394,大成温調,1904,東S,,"4,880",-100,-2.01%,32,5.72倍,0.99倍,4.06%
20260612,2395,サンテック,1960,東S,,"1,371",-22,-1.58%,32,9.15倍,0.63倍,4.01%
20260612,2396,オーケーエム,6229,東S,,"1,434",-19,-1.31%,32,8.58倍,0.58倍,3.49%
20260612,2397,ポピンズ,7358,東S,,"1,355",-35,-2.52%,32,11.0倍,1.42倍,3.47%
20260612,2398,サイエンスＡ,4412,東G,,"1,120",-28,-2.44%,32,75.7倍,6.05倍,0.09%
20260612,2399,ＧＸオフ日Ｒ,2096,東Ｅ,,991,+4,+0.41%,32,ー倍,ー倍,ー%
20260612,2400,ＡＩＦＣＧ,254A,東S,,973,+8,+0.83%,32,16.9倍,1.81倍,ー%
20260612,2401,燦ＨＤ,9628,東P,,"1,330",-16,-1.19%,32,9.92倍,0.83倍,3.03%
20260612,2402,ベリテ,9904,東S,,233,-5,-2.10%,32,15.1倍,1.50倍,2.58%
20260612,2403,丸藤パ,8046,東S,,821,-9,-1.08%,32,8.09倍,0.43倍,4.63%
20260612,2404,豊トラスティ,8747,東S,,"2,102",-38,-1.78%,32,ー倍,0.66倍,ー%
20260612,2405,ニチモウ,8091,東P,,"2,175",-31,-1.41%,31,7.03倍,0.53倍,4.60%
20260612,2406,ＣＯＴＡ,4923,東P,,"1,129",-1,-0.09%,31,24.1倍,2.76倍,1.69%
20260612,2407,大成ラミック,4994,東S,,"2,211",+29,+1.33%,31,14.1倍,0.52倍,3.17%
20260612,2408,エンバイオＨ,6092,東S,,709,-20,-2.74%,31,8.34倍,0.62倍,3.39%
20260612,2409,黒田精,7726,東S,,"1,179",-44,-3.60%,31,20.0倍,0.58倍,1.70%
20260612,2410,サイバＳＯＬ,436A,東G,,969,0,0.00%,31,12.7倍,3.60倍,3.92%
20260612,2411,デリカフＨＤ,3392,東S,,787,-18,-2.24%,31,7.31倍,1.23倍,3.43%
20260612,2412,エイチーム,3662,東P,,910,-7,-0.76%,31,28.2倍,1.94倍,3.08%
20260612,2413,コリー,4175,東G,,"1,980",-123,-5.85%,31,ー倍,2.01倍,ー%
20260612,2414,Ｔ＆Ｇニーズ,4331,東P,,664,-9,-1.34%,31,17.0倍,0.54倍,6.02%
20260612,2415,ＨＥＲＯＺ,4382,東S,,761,-2,-0.26%,31,30.8倍,2.54倍,ー%
20260612,2416,ＴＭＮ,5258,東G,,330,+6,+1.85%,31,16.3倍,1.50倍,ー%
20260612,2417,ユカリア,286A,東G,,633,-13,-2.01%,31,13.7倍,1.08倍,ー%
20260612,2418,ＭＸ読売日株,348A,東Ｅ,,284.8,0,0.00%,31,ー倍,ー倍,ー%
20260612,2419,インフォＲ,9338,東G,,"4,530",-5,-0.11%,30,38.4倍,5.47倍,ー%
20260612,2420,上場ＳＰレ２,2239,東Ｅ,,"24,600",-425,-1.70%,30,ー倍,ー倍,ー%
20260612,2421,Ａｒｅｎｔ,5254,東G,,"3,295",-5,-0.15%,30,14.3倍,3.18倍,ー%
20260612,2422,ｉＦ台湾テク,413A,東Ｅ,,"3,810",-35,-0.91%,30,ー倍,ー倍,ー%
20260612,2423,三ッ星,5820,東S,,644,-22,-3.30%,30,9.10倍,0.36倍,2.64%
20260612,2424,ホッカンＨＤ,5902,東P,,"2,278",+15,+0.66%,30,8.01倍,0.46倍,4.39%
20260612,2425,ＷＴ小麦,1695,東Ｅ,,"3,083",-18,-0.58%,30,ー倍,ー倍,ー%
20260612,2426,三共興,8018,東S,,837,-40,-4.56%,30,15.6倍,0.56倍,3.23%
20260612,2427,フロンティＭ,7038,東P,,610,+6,+0.99%,30,144倍,4.45倍,ー%
20260612,2428,ヨロズ,7294,東P,,849,+6,+0.71%,30,15.9倍,0.32倍,3.89%
20260612,2429,ゲームカード,6249,東S,,"2,454",-23,-0.93%,30,14.3倍,0.57倍,4.07%
20260612,2430,サーティワン,2268,東S,,"4,125",-10,-0.24%,30,22.1倍,2.71倍,1.45%
20260612,2431,クロスキャト,2307,東P,,923,-24,-2.53%,30,8.39倍,1.94倍,4.23%
20260612,2432,コア,2359,東P,,"2,019",-8,-0.39%,30,9.67倍,1.40倍,2.97%
20260612,2433,なとり,2922,東P,,"1,910",+11,+0.58%,30,16.5倍,0.87倍,1.57%
20260612,2434,ニーズウェル,3992,東P,,398,-3,-0.75%,30,16.4倍,3.18倍,3.02%
20260612,2435,小松マテーレ,3580,東P,,687,-9,-1.29%,30,13.0倍,0.65倍,3.93%
20260612,2436,ｉ３,4495,東G,,"1,828",-31,-1.67%,30,12.7倍,2.98倍,1.97%
20260612,2437,ｉＳ米債１３,2620,東Ｅ,,372.8,+0.7,+0.19%,30,ー倍,ー倍,ー%
20260612,2438,ペルセウス,4882,東G,,150,+4,+2.74%,30,ー倍,2.24倍,ー%
20260612,2439,野村欧州株Ｈ,2859,東Ｅ,,"3,024",-28,-0.92%,30,ー倍,ー倍,ー%
20260612,2440,ＴＷＯＳＴ,7352,東G,,318,+4,+1.27%,29,21.4倍,3.81倍,0.31%
20260612,2441,インテリＷ,4847,東P,,919,-3,-0.33%,29,17.0倍,2.50倍,4.03%
20260612,2442,ケミプロ,4960,東S,,487,-13,-2.60%,29,ー倍,1.57倍,ー%
20260612,2443,美濃窯,5356,東S,,"1,365",+43,+3.25%,29,10.0倍,0.89倍,3.81%
20260612,2444,ＬＩＥＨ,5856,東S,,6,0,0.00%,29,ー倍,0.26倍,ー%
20260612,2445,ＧＸＵＳＤＶ,2253,東Ｅ,,"1,322",+14,+1.07%,29,ー倍,ー倍,ー%
20260612,2446,ドリムアーツ,4811,東G,,729,+9,+1.25%,29,13.7倍,2.90倍,2.74%
20260612,2447,ＧＸ日経株主,465A,東Ｅ,,"1,217",-3,-0.25%,29,ー倍,ー倍,ー%
20260612,2448,スタートＬ,477A,東G,,607,-10,-1.62%,29,8.09倍,1.33倍,ー%
20260612,2449,Ｈ株ブル,1572,東Ｅ,,"6,707",-163,-2.37%,29,ー倍,ー倍,ー%
20260612,2450,ランビジネス,8944,東S,,226,-5,-2.16%,29,8.71倍,0.27倍,2.65%
20260612,2451,バロック,3548,東P,,726,+5,+0.69%,29,35.2倍,1.78倍,5.23%
20260612,2452,手間いらず,2477,東S,,"2,311",-13,-0.56%,29,12.4倍,2.12倍,1.73%
20260612,2453,野村外国株式,2513,東Ｅ,,"3,469",-17,-0.49%,29,ー倍,ー倍,ー%
20260612,2454,イオン九州,2653,東S,,"2,812",+7,+0.25%,29,14.8倍,1.59倍,1.78%
20260612,2455,山陽電,9052,東P,,"1,907",-2,-0.10%,29,14.1倍,0.68倍,2.62%
20260612,2456,エフオン,9514,東S,,341,+3,+0.89%,29,11.5倍,0.35倍,2.35%
20260612,2457,アゴーラＨＧ,9704,東S,,27,-1,-3.57%,29,28.7倍,1.30倍,ー%
20260612,2458,Ｕｂｉｃｏｍ,3937,東S,,933,-4,-0.43%,29,10.7倍,1.88倍,ー%
20260612,2459,森六,4249,東P,,"2,279",-30,-1.30%,29,10.5倍,0.49倍,5.48%
20260612,2460,ＳＭＥＪ,4772,東G,,65,-2,-2.99%,29,29.8倍,1.06倍,1.54%
20260612,2461,パラカ,4809,東P,,"1,970",0,0.00%,29,9.51倍,0.95倍,3.55%
20260612,2462,ユークス,4334,東S,,384,-19,-4.71%,28,11.6倍,1.29倍,2.60%
20260612,2463,野村コア３０,1311,東Ｅ,,"2,002",-32,-1.57%,28,ー倍,ー倍,ー%
20260612,2464,Ｏｎｅ中小型,1493,東Ｅ,,"24,435",-235,-0.95%,28,ー倍,ー倍,ー%
20260612,2465,ＮＹダウブル,2040,東EN,,"35,570",-770,-2.12%,28,ー倍,ー倍,ー%
20260612,2466,アサヒエイト,5341,東S,,188,0,0.00%,28,ー倍,1.49倍,ー%
20260612,2467,ぷらっと,6836,東S,,707,-3,-0.42%,28,67.1倍,7.66倍,ー%
20260612,2468,エイビック,9554,東G,,"1,548",-41,-2.58%,28,12.9倍,3.69倍,ー%
20260612,2469,ウネリー,5034,東G,,"2,022",-35,-1.70%,28,18.9倍,3.30倍,ー%
20260612,2470,ミラティブ,472A,東G,,410,-4,-0.97%,28,7.22倍,1.84倍,ー%
20260612,2471,ｉＳＳ除金融,491A,東Ｅ,,529.7,-5.0,-0.94%,28,ー倍,ー倍,ー%
20260612,2472,村上開明,7292,東S,,"6,600",-80,-1.20%,28,13.0倍,0.81倍,3.64%
20260612,2473,オーハシテク,7628,東P,,"1,027",-8,-0.77%,28,12.5倍,0.65倍,4.38%
20260612,2474,ＧＸＵＳ配ヘ,2095,東Ｅ,,"1,132",-15,-1.31%,28,ー倍,ー倍,ー%
20260612,2475,ＭＦＳ,196A,東G,,295,-12,-3.91%,28,20.1倍,1.17倍,ー%
20260612,2476,アジア航,9233,東S,,"1,096",+7,+0.64%,28,9.83倍,0.85倍,4.01%
20260612,2477,マキヤ,9890,東S,,"1,327",-38,-2.78%,28,8.85倍,0.59倍,2.86%
20260612,2478,ＡＧＳ,3648,東S,,"1,030",-7,-0.68%,28,9.39倍,1.07倍,3.50%
20260612,2479,巴川コーポ,3878,東S,,782,-17,-2.13%,28,17.0倍,0.43倍,1.92%
20260612,2480,プロネクサス,7893,東P,,"1,044",+6,+0.58%,28,12.9倍,1.09倍,4.21%
20260612,2481,あかつき本社,8737,東S,,589,-5,-0.84%,28,5.40倍,0.85倍,5.09%
20260612,2482,三谷産業,8285,東S,,617,-8,-1.28%,27,14.6倍,0.67倍,2.11%
20260612,2483,ＮＥＷＡＲＴ,7638,東S,,"1,318",-13,-0.98%,27,9.04倍,2.03倍,6.07%
20260612,2484,エステー,4951,東P,,"1,465",+3,+0.21%,27,17.0倍,0.91倍,3.14%
20260612,2485,扶桑薬,4538,東P,,"2,034",-2,-0.10%,27,13.4倍,0.50倍,4.42%
20260612,2486,Ｆ＆Ｍ,4771,東S,,"2,417",-23,-0.94%,27,12.4倍,2.32倍,2.48%
20260612,2487,野村建設資材,1619,東Ｅ,,"46,970",-420,-0.89%,27,ー倍,ー倍,ー%
20260612,2488,ギークリー,505A,東S,,"1,058",+3,+0.28%,27,8.83倍,3.37倍,2.84%
20260612,2489,帝通工,6763,東P,,"2,940",-75,-2.49%,27,19.4倍,0.95倍,4.25%
20260612,2490,ＡＩクロス,4476,東G,,944,-8,-0.84%,27,9.98倍,1.81倍,ー%
20260612,2491,フレクト,4414,東G,,"1,026",-28,-2.66%,27,7.37倍,2.48倍,ー%
20260612,2492,綿半ＨＤ,3199,東P,,"1,326",-2,-0.15%,27,10.8倍,1.02倍,2.34%
20260612,2493,ＪＩＧＳＡＷ,3914,東G,,"2,275",0,0.00%,27,ー倍,4.36倍,ー%
20260612,2494,東京インフラ,9285,東IF,,"47,450",+50,+0.11%,27,16.0倍,0.58倍,6.98%
20260612,2495,シマダヤ,250A,東S,,"1,613",+8,+0.50%,27,8.87倍,1.25倍,3.35%
20260612,2496,Ｈｍｃｏｍｍ,265A,東G,,610,+8,+1.33%,27,112倍,1.46倍,ー%
20260612,2497,ｉＦ米債３無,381A,東Ｅ,,"2,220",+1,+0.05%,27,ー倍,ー倍,ー%
20260612,2498,共同ＰＲ,2436,東S,,"1,015",+8,+0.79%,27,9.88倍,2.06倍,1.58%
20260612,2499,メディアス,3154,東P,,844,-17,-1.97%,27,14.4倍,0.90倍,2.37%
20260612,2500,モロゾフ,2217,東P,,"1,502",+16,+1.08%,26,39.2倍,1.52倍,1.07%
20260612,2501,ピクセラ,6731,東S,,123,+1,+0.82%,26,ー倍,2.01倍,ー%
20260612,2502,大同信,6743,東S,,819,-20,-2.38%,26,6.84倍,0.47倍,4.40%
20260612,2503,千代田インテ,6915,東S,,"3,145",+30,+0.96%,26,7.92倍,0.72倍,5.09%
20260612,2504,フマキラ,4998,東S,,"1,143",-11,-0.95%,26,11.6倍,0.70倍,2.10%
20260612,2505,Ａ＆ＡＭ,5391,東S,,"1,402",-6,-0.43%,26,6.46倍,0.45倍,4.99%
20260612,2506,日精鉱,5729,東S,,"1,396",+17,+1.23%,26,12.2倍,0.89倍,4.30%
20260612,2507,ホクシン,7897,東S,,98,+1,+1.03%,26,21.4倍,0.47倍,2.04%
20260612,2508,チタン,4098,東S,,"1,025",-1,-0.10%,26,14.5倍,0.58倍,1.17%
20260612,2509,バルテスＨＤ,4442,東G,,372,-1,-0.27%,26,12.1倍,2.03倍,1.08%
20260612,2510,アルファ,4719,東P,,"3,175",+15,+0.47%,26,12.2倍,0.98倍,4.41%
20260612,2511,ヤマウラ,1780,東P,,"1,388",-10,-0.72%,26,9.68倍,1.00倍,2.59%
20260612,2512,オープンＷ,5139,東G,,979,-11,-1.11%,26,21.1倍,2.80倍,0.92%
20260612,2513,ＳＨＩＮＫＯ,7120,東S,,991,+12,+1.23%,26,6.83倍,2.05倍,4.44%
20260612,2514,ファーストＡ,5588,東G,,694,-33,-4.54%,26,37.1倍,5.10倍,0.56%
20260612,2515,ＳＭＤ高配当,2011,東Ｅ,,799.2,+2.8,+0.35%,26,ー倍,ー倍,ー%
20260612,2516,ｉＦ高リート,210A,東Ｅ,,"1,578",+11,+0.70%,26,ー倍,ー倍,ー%
20260612,2517,地銀業界改革,395A,東Ｅ,,912.0,-27.6,-2.94%,26,ー倍,ー倍,ー%
20260612,2518,ｃｏｔｔａ,3359,東G,,509,-10,-1.93%,26,8.60倍,1.14倍,1.96%
20260612,2519,自重堂,3597,東S,,"10,220",+40,+0.39%,26,21.8倍,0.77倍,4.89%
20260612,2520,ＡＭＩ,3773,東G,,"1,025",-32,-3.03%,26,14.1倍,1.11倍,2.15%
20260612,2521,フィスコ,3807,東G,,92,-3,-3.16%,26,236倍,6.12倍,ー%
20260612,2522,ＢｅｅＸ,4270,東G,,"1,890",-71,-3.62%,26,9.37倍,1.39倍,1.32%
20260612,2523,ノバック,5079,東S,,"2,527",-29,-1.13%,26,11.1倍,0.72倍,4.75%
20260612,2524,ロイヤルホ,9713,東S,,881,-11,-1.23%,26,17.5倍,0.77倍,0.68%
20260612,2525,ＣＳＰ,9740,東P,,"2,705",-8,-0.29%,26,16.5倍,0.92倍,2.26%
20260612,2526,ケーユーＨＤ,9856,東S,,"1,138",0,0.00%,26,6.37倍,0.52倍,5.10%
20260612,2527,ケイヒン,9312,東S,,"2,819",+11,+0.39%,25,5.41倍,0.54倍,4.97%
20260612,2528,タナベＣＧ,9644,東P,,720,-4,-0.55%,25,20.0倍,2.19倍,4.03%
20260612,2529,リリカラ,9827,東S,,582,-8,-1.36%,25,10.7倍,0.93倍,6.19%
20260612,2530,杉本商,9932,東P,,"1,141",-7,-0.61%,25,11.5倍,0.59倍,4.73%
20260612,2531,サイバーバズ,7069,東G,,"1,300",-100,-7.14%,25,14.4倍,5.96倍,ー%
20260612,2532,ヒトコムＨＤ,4433,東P,,839,-1,-0.12%,25,11.6倍,0.87倍,4.47%
20260612,2533,デルタフライ,4598,東G,,133,-1,-0.75%,25,ー倍,62.2倍,ー%
20260612,2534,山田コンサル,4792,東P,,"1,655",-4,-0.24%,25,11.0倍,1.60倍,4.65%
20260612,2535,オカアイヨン,6294,東P,,"1,938",-24,-1.22%,25,9.19倍,0.86倍,3.92%
20260612,2536,ライトアップ,6580,東G,,737,-16,-2.12%,25,7.67倍,1.12倍,2.58%
20260612,2537,テクノメデカ,6678,東S,,"1,960",-22,-1.11%,25,17.0倍,0.91倍,4.74%
20260612,2538,ジオマテック,6907,東S,,590,-5,-0.84%,25,13.2倍,0.46倍,ー%
20260612,2539,ティア,2485,東S,,463,+1,+0.22%,25,9.92倍,1.15倍,4.97%
20260612,2540,アドウェイズ,2489,東S,,260,-3,-1.14%,25,19.2倍,0.74倍,2.53%
20260612,2541,ブルドック,2804,東P,,"1,762",+13,+0.74%,25,23.4倍,0.88倍,2.55%
20260612,2542,イートアンド,2882,東P,,"2,007",+4,+0.20%,25,50.1倍,2.04倍,0.75%
20260612,2543,ジーエルシー,2970,東S,,"1,182",+25,+2.16%,25,14.0倍,3.38倍,ー%
20260612,2544,遠藤製作所,7841,東S,,"1,079",-5,-0.46%,25,9.48倍,0.41倍,3.71%
20260612,2545,ＭＸ米株ＡＩ,552A,東Ｅ,,"2,560",0,0.00%,25,ー倍,ー倍,ー%
20260612,2546,シスエグゼ,548A,東S,,886,+1,+0.11%,25,8.00倍,0.82倍,5.02%
20260612,2547,メタリアル,6182,東G,,506,-15,-2.88%,25,34.4倍,2.74倍,ー%
20260612,2548,ＡＩｉｎｓ,4488,東G,,"1,969",+27,+1.39%,25,21.5倍,1.58倍,ー%
20260612,2549,ＧＸクリ日株,2637,東Ｅ,,"2,991",-23,-0.76%,25,ー倍,ー倍,ー%
20260612,2550,Ｚｅｎｋｅｎ,7371,東G,,752,+17,+2.31%,25,26.2倍,0.72倍,3.46%
20260612,2551,のむら産業,7131,東S,,"3,590",-160,-4.27%,25,8.66倍,1.82倍,2.67%
20260612,2552,プログリット,9560,東G,,674,-26,-3.71%,25,8.71倍,3.32倍,3.26%
20260612,2553,モンラボ,5255,東G,,83,0,0.00%,25,ー倍,7.19倍,ー%
20260612,2554,ロゴスＨＤ,205A,東G,,"1,606",-34,-2.07%,25,7.63倍,1.94倍,3.95%
20260612,2555,ｉＳ米２５,237A,東Ｅ,,159.4,-0.7,-0.44%,25,ー倍,ー倍,ー%
20260612,2556,ジグザグ,340A,東G,,330,+10,+3.13%,25,10.7倍,1.97倍,ー%
20260612,2557,上場ＭＳ世界,1554,東Ｅ,,"6,572",-46,-0.70%,25,ー倍,ー倍,ー%
20260612,2558,ｉＦ高配４０,1651,東Ｅ,,"2,962",-38,-1.27%,25,ー倍,ー倍,ー%
20260612,2559,クリヤマＨＤ,3355,東S,,"1,532",-6,-0.39%,25,7.95倍,0.60倍,3.98%
20260612,2560,Ｎｏ．１,3562,東S,,"1,467",-6,-0.41%,25,9.63倍,2.20倍,5.39%
20260612,2561,フライト,3753,東S,,140,-1,-0.71%,25,8.48倍,3.03倍,ー%
20260612,2562,ジーニー,6562,東G,,909,-24,-2.57%,24,7.40倍,ー倍,ー%
20260612,2563,タイガポリ,4231,東S,,938,-7,-0.74%,24,7.57倍,0.39倍,4.05%
20260612,2564,インテージＨ,4326,東P,,"1,711",+6,+0.35%,24,20.4倍,1.87倍,2.81%
20260612,2565,扶桑電通,7505,東S,,"2,012",-7,-0.35%,24,9.06倍,1.31倍,4.42%
20260612,2566,ＭｒＭａｘ,8203,東P,,727,-7,-0.95%,24,7.82倍,0.63倍,3.99%
20260612,2567,ＳＡＮＫＯ,2762,東S,,91,-1,-1.09%,24,ー倍,19.8倍,ー%
20260612,2568,上場Ａリート,1555,東Ｅ,,"2,513",-1,-0.04%,24,ー倍,ー倍,ー%
20260612,2569,上場新興国債,1566,東Ｅ,,"53,390",+180,+0.34%,24,ー倍,ー倍,ー%
20260612,2570,野村機械,1624,東Ｅ,,"82,600","-1,140",-1.36%,24,ー倍,ー倍,ー%
20260612,2571,日基技,1914,東S,,651,-10,-1.51%,24,7.89倍,0.48倍,4.61%
20260612,2572,高田工,1966,東S,,"1,578",-39,-2.41%,24,12.7倍,0.53倍,4.44%
20260612,2573,モダリス,4883,東G,,34,+1,+3.03%,24,ー倍,1.19倍,ー%
20260612,2574,いつも,7694,東G,,462,-50,-9.77%,24,14.6倍,1.09倍,ー%
20260612,2575,トライアイズ,4840,東S,,761,-39,-4.88%,24,63.2倍,1.45倍,0.13%
20260612,2576,ＭＯＲＥＳＣ,5018,東S,,"1,751",-45,-2.51%,24,10.4倍,0.68倍,3.14%
20260612,2577,駒井ハルテク,5915,東S,,"2,104",-76,-3.49%,24,64.3倍,0.28倍,3.33%
20260612,2578,フジマック,5965,東S,,"1,123",-17,-1.49%,24,3.50倍,0.55倍,5.34%
20260612,2579,ケイファーマ,4896,東G,,638,-12,-1.85%,24,ー倍,7.31倍,ー%
20260612,2580,Ｇモンスター,157A,東G,,771,-46,-5.63%,24,ー倍,1.93倍,1.30%
20260612,2581,野村ＳＰ配貴,364A,東Ｅ,,"2,425",0,0.00%,24,ー倍,ー倍,ー%
20260612,2582,ＧＸ優先証券,2866,東Ｅ,,"1,002",-1,-0.10%,23,ー倍,ー倍,ー%
20260612,2583,ティムス,4891,東G,,117,-1,-0.85%,23,ー倍,2.10倍,ー%
20260612,2584,構造計画ＨＤ,208A,東S,,"2,821",-30,-1.05%,23,12.9倍,2.79倍,3.19%
20260612,2585,ナカバヤシ,7987,東S,,551,+1,+0.18%,23,7.66倍,0.49倍,3.99%
20260612,2586,ｅＢＡＳＥ,3835,東P,,392,-1,-0.25%,23,16.1倍,2.34倍,3.88%
20260612,2587,日石輸,9074,東S,,"5,350",-30,-0.56%,23,ー倍,0.59倍,2.24%
20260612,2588,薬王堂ＨＤ,7679,東P,,"1,679",-9,-0.53%,23,8.10倍,0.81倍,1.79%
20260612,2589,ＳＳ米株,449A,東Ｅ,,796.0,-5.8,-0.72%,23,ー倍,ー倍,ー%
20260612,2590,野村高配ＣＦ,518A,東Ｅ,,"1,847",-25,-1.34%,23,ー倍,ー倍,ー%
20260612,2591,ジーイエット,7603,東S,,57,0,0.00%,23,4.72倍,2.36倍,ー%
20260612,2592,ニホンフラ,7820,東P,,714,+3,+0.42%,23,18.1倍,0.51倍,5.04%
20260612,2593,兼松エンジ,6402,東S,,"1,305",-21,-1.58%,23,9.76倍,0.80倍,3.45%
20260612,2594,ＵＭＣエレ,6615,東P,,225,-5,-2.17%,23,ー倍,0.57倍,ー%
20260612,2595,ヤーマン,6630,東P,,721,-2,-0.28%,23,113倍,1.64倍,1.25%
20260612,2596,スパバッグ,3945,東S,,"2,099",-32,-1.50%,23,4.39倍,0.56倍,5.24%
20260612,2597,メドレックス,4586,東G,,56,+2,+3.70%,23,ー倍,1.87倍,ー%
20260612,2598,ＫｅｙＨ,4712,東S,,791,-5,-0.63%,23,14.9倍,0.65倍,1.39%
20260612,2599,セントラルＳ,4801,東P,,"2,291",+9,+0.39%,23,17.5倍,0.96倍,1.75%
20260612,2600,ウィルＧ,6089,東P,,"1,018",+1,+0.10%,23,10.6倍,1.15倍,4.32%
20260612,2601,ミトラＧ,6093,東S,,153,-3,-1.92%,23,15.7倍,1.92倍,3.92%
20260612,2602,ＪＦＬＡＨＤ,3069,東S,,149,0,0.00%,23,ー倍,1.17倍,ー%
20260612,2603,ハピネス＆Ｄ,3174,東S,,469,-23,-4.67%,23,ー倍,3.26倍,ー%
20260612,2604,Ｅインフィニ,7692,東S,,90,0,0.00%,23,18.0倍,6.84倍,2.89%
20260612,2605,紀文食品,2933,東P,,"1,050",+2,+0.19%,23,9.37倍,0.93倍,2.19%
20260612,2606,ＧＸリー日株,2641,東Ｅ,,"4,227",-38,-0.89%,23,ー倍,ー倍,ー%
20260612,2607,ＢＣＣ,7376,東G,,"1,010",-74,-6.83%,23,ー倍,4.02倍,ー%
20260612,2608,室町ケミカル,4885,東S,,920,-22,-2.34%,22,7.88倍,1.33倍,2.83%
20260612,2609,前沢給装,6485,東S,,"1,411",-18,-1.26%,22,14.4倍,0.71倍,4.25%
20260612,2610,大井電気,6822,東S,,"5,360",0,0.00%,22,3.58倍,0.80倍,1.49%
20260612,2611,白鳩,3192,東S,,324,-5,-1.52%,22,154倍,0.87倍,ー%
20260612,2612,フィルＣ,3267,東S,,612,+1,+0.16%,22,5.48倍,1.02倍,4.08%
20260612,2613,ウイルプラス,3538,東S,,897,-13,-1.43%,22,7.26倍,0.72倍,5.13%
20260612,2614,ダイニック,3551,東S,,"1,255",-3,-0.24%,22,5.24倍,0.34倍,3.67%
20260612,2615,サイバーリン,3683,東S,,"1,010",-5,-0.49%,22,8.60倍,1.21倍,3.47%
20260612,2616,ジョイフル,9942,福証,,"1,220",-9,-0.73%,22,12.0倍,2.57倍,0.82%
20260612,2617,ＰＲＩＳＭバ,206A,東G,,134,0,0.00%,22,ー倍,2.34倍,ー%
20260612,2618,ナ・デックス,7435,東S,,943,+10,+1.07%,22,7.13倍,0.37倍,4.24%
20260612,2619,シモジマ,7482,東P,,"1,289",+8,+0.62%,22,11.6倍,0.82倍,4.58%
20260612,2620,ヤマノＨＤ,7571,東S,,85,-1,-1.16%,22,23.2倍,1.99倍,1.76%
20260612,2621,竹田ｉＰ,7875,東S,,742,+29,+4.07%,22,10.9倍,0.62倍,3.17%
20260612,2622,神奈交,9081,東P,,"3,470",-15,-0.43%,22,11.4倍,0.67倍,2.59%
20260612,2623,タキヒヨー,9982,東S,,"2,616",-49,-1.84%,22,13.6倍,0.68倍,1.91%
20260612,2624,ヒトトヒトＨ,549A,東S,,457,0,0.00%,22,9.48倍,2.23倍,4.69%
20260612,2625,北海コカ,2573,東S,,"4,210",-5,-0.12%,22,52.1倍,1.32倍,0.71%
20260612,2626,ナフコ,2790,東S,,"2,099",+1,+0.05%,22,40.6倍,0.34倍,2.76%
20260612,2627,マーチャント,3121,東S,,213,-4,-1.84%,22,26.7倍,1.39倍,0.94%
20260612,2628,古林紙,3944,東S,,"2,321",-12,-0.51%,22,10.5倍,0.26倍,2.15%
20260612,2629,ソルクシーズ,4284,東S,,405,-4,-0.98%,22,8.12倍,1.25倍,3.46%
20260612,2630,ミンカブ,4436,東G,,415,-4,-0.95%,22,12.8倍,4.42倍,ー%
20260612,2631,カイオム,4583,東G,,69,-1,-1.43%,22,ー倍,3.96倍,ー%
20260612,2632,ナカノフドー,1827,東S,,"1,139",-23,-1.98%,22,13.5倍,0.79倍,2.19%
20260612,2633,シンメンテ,6086,東G,,"1,011",-18,-1.75%,22,14.4倍,4.12倍,2.18%
20260612,2634,西部電機,6144,東S,,"2,654",+81,+3.15%,22,13.3倍,1.18倍,3.39%
20260612,2635,エーワン精密,6156,東S,,"2,005",+9,+0.45%,22,45.9倍,1.40倍,4.99%
20260612,2636,那須鉄,5922,東S,,"17,770",+170,+0.97%,21,11.9倍,0.62倍,2.53%
20260612,2637,ＧＸロジ日Ｒ,2565,東Ｅ,,888,+5,+0.57%,21,ー倍,ー倍,ー%
20260612,2638,スタメン,4019,東G,,589,-7,-1.17%,21,19.5倍,3.44倍,1.36%
20260612,2639,エコス,7520,東P,,"2,268",-3,-0.13%,21,7.24倍,0.87倍,3.09%
20260612,2640,栄電子,7567,東S,,519,-9,-1.70%,21,20.3倍,0.55倍,2.50%
20260612,2641,ビリングシス,3623,東G,,970,-14,-1.42%,21,10.4倍,1.96倍,3.35%
20260612,2642,アエリア,3758,東S,,228,+3,+1.33%,21,9.29倍,0.54倍,ー%
20260612,2643,野村Ａ成長,2083,東Ｅ,,"3,731",-15,-0.40%,21,ー倍,ー倍,ー%
20260612,2644,ＧＸホリ日Ｒ,2098,東Ｅ,,956,+4,+0.42%,21,ー倍,ー倍,ー%
20260612,2645,ブルボン,2208,東S,,"2,891",-27,-0.93%,21,17.0倍,1.04倍,1.52%
20260612,2646,六甲バタ,2266,東P,,"1,051",+4,+0.38%,21,12.9倍,0.58倍,1.90%
20260612,2647,東北新社,2329,東S,,531,-7,-1.30%,21,ー倍,0.85倍,ー%
20260612,2648,クオンタムＳ,2338,東S,,105,-6,-5.41%,21,ー倍,-8.6倍,ー%
20260612,2649,ギグワークス,2375,東S,,217,+5,+2.36%,21,86.5倍,1.61倍,0.92%
20260612,2650,ファンコミ,2461,東P,,414,+3,+0.73%,21,19.0倍,1.68倍,5.07%
20260612,2651,イフジ産業,2924,東S,,"2,105",-12,-0.57%,21,8.48倍,1.36倍,3.28%
20260612,2652,バトンズ,554A,東G,,"1,180",+28,+2.43%,21,20.7倍,7.89倍,ー%
20260612,2653,ダイナパック,3947,東S,,"2,040",+31,+1.54%,21,7.97倍,0.42倍,3.92%
20260612,2654,アズジェント,4288,東S,,351,-12,-3.31%,20,26.8倍,2.65倍,ー%
20260612,2655,ベガコーポ,3542,東G,,"1,309",-66,-4.80%,20,15.1倍,1.92倍,1.38%
20260612,2656,ポールＨＤ,3657,東P,,285,-2,-0.70%,20,14.4倍,1.20倍,5.61%
20260612,2657,エネクスＩＦ,9286,東IF,,"54,300",-100,-0.18%,20,13.7倍,0.70倍,7.50%
20260612,2658,ウィルソンＷ,9610,東S,,97,+4,+4.30%,20,ー倍,1.40倍,ー%
20260612,2659,Ｔスマート,6246,東S,,"1,730",-15,-0.86%,20,14.2倍,0.95倍,5.32%
20260612,2660,東京機,6335,東S,,509,-22,-4.14%,20,7.20倍,0.43倍,ー%
20260612,2661,宮入バ,6495,東S,,139,-6,-4.14%,20,83.7倍,1.68倍,1.44%
20260612,2662,ツナグＧＨＤ,6551,東S,,516,-10,-1.90%,20,6.24倍,1.91倍,3.88%
20260612,2663,オープンＧ,6572,東P,,204,+1,+0.49%,20,17.6倍,1.07倍,3.19%
20260612,2664,池上通,6771,東S,,611,-7,-1.13%,20,7.84倍,0.27倍,2.45%
20260612,2665,東北銀,8349,東S,,"1,398",-25,-1.76%,20,8.39倍,0.56倍,3.58%
20260612,2666,イントラスト,7191,東S,,"1,056",-14,-1.31%,20,12.8倍,2.91倍,4.69%
20260612,2667,マルゼン,5982,東S,,"3,780",+40,+1.07%,20,11.3倍,1.15倍,3.31%
20260612,2668,ファインシン,5994,東S,,947,-10,-1.04%,20,8.11倍,0.28倍,2.64%
20260612,2669,日本スキー,6040,東G,,478,-7,-1.44%,20,8.91倍,2.15倍,1.05%
20260612,2670,ＳＴＩＦＨＤ,2932,東S,,"1,049",-8,-0.76%,20,11.0倍,1.87倍,3.81%
20260612,2671,ペイクラウド,4015,東G,,478,+10,+2.14%,20,20.9倍,1.66倍,ー%
20260612,2672,ＡＢ＆Ｃ,9251,東G,,"1,213",-2,-0.16%,20,11.8倍,2.05倍,4.95%
20260612,2673,インテリクス,463A,東S,,865,-30,-3.35%,20,5.98倍,0.61倍,5.43%
20260612,2674,ＧＸ銀ビジ,579A,東Ｅ,,836,-20,-2.34%,20,ー倍,ー倍,ー%
20260612,2675,ＧＸ銅ビジ,580A,東Ｅ,,926,+5,+0.54%,20,ー倍,ー倍,ー%
20260612,2676,技研ＨＤ,1443,東S,,223,-3,-1.33%,20,5.66倍,0.28倍,0.49%
20260612,2677,ソネック,1768,東S,,987,-13,-1.30%,20,8.76倍,0.69倍,5.07%
20260612,2678,インシュア,5843,東S,,"2,030",-46,-2.22%,20,9.44倍,2.02倍,1.08%
20260612,2679,全保連,5845,東S,,996,-4,-0.40%,20,10.4倍,3.23倍,4.82%
20260612,2680,ロココ,5868,東S,,997,-3,-0.30%,20,9.09倍,1.29倍,4.01%
20260612,2681,Ｓｃｈｏｏ,264A,東G,,280,-5,-1.75%,20,15.4倍,1.91倍,ー%
20260612,2682,ブッキングＲ,324A,東G,,773,-7,-0.90%,20,11.8倍,1.88倍,ー%
20260612,2683,岩塚製菓,2221,東S,,"3,010",-5,-0.17%,20,23.8倍,0.44倍,1.06%
20260612,2684,木徳神糧,2700,東S,,"1,808",-18,-0.99%,20,4.93倍,0.72倍,2.77%
20260612,2685,Ｈａｍｅｅ,3134,東S,,400,-7,-1.72%,20,42.1倍,0.90倍,5.63%
20260612,2686,ポラリスＨＤ,3010,東S,,165,-4,-2.37%,19,24.1倍,1.20倍,3.03%
20260612,2687,ＰＣＮＥＴ,3021,東S,,"1,615",-45,-2.71%,19,10.0倍,2.19倍,3.22%
20260612,2688,レントラクス,6045,東G,,"1,380",-2,-0.14%,19,12.0倍,1.83倍,1.81%
20260612,2689,神電鉄,9046,東S,,"2,359",-22,-0.92%,19,15.7倍,0.74倍,1.06%
20260612,2690,玉井船,9127,東S,,"2,704",-5,-0.18%,19,12.5倍,0.51倍,2.96%
20260612,2691,東陽倉,9306,東S,,"1,990",0,0.00%,19,13.0倍,0.51倍,3.77%
20260612,2692,ビート,9399,東S,,13,+1,+8.33%,19,ー倍,ー倍,ー%
20260612,2693,ＲｅＹｕｕ,9425,東S,,156,+3,+1.96%,19,ー倍,0.80倍,ー%
20260612,2694,ＭＴＩ,9438,東P,,568,-13,-2.24%,19,11.7倍,1.59倍,3.52%
20260612,2695,大庄,9979,東S,,"1,086",-3,-0.28%,19,24.8倍,1.98倍,1.29%
20260612,2696,ＭＲＫＨＬＤ,9980,東S,,96,-1,-1.03%,19,6.80倍,0.58倍,1.04%
20260612,2697,東海ソフト,4430,東S,,"1,620",+10,+0.62%,19,8.63倍,1.18倍,3.70%
20260612,2698,リボミック,4591,東G,,62,0,0.00%,19,ー倍,1.20倍,ー%
20260612,2699,川崎地質,4673,東S,,"4,240",-135,-3.09%,19,5.00倍,0.66倍,2.83%
20260612,2700,アグレ都市,3467,東S,,"2,423",-22,-0.90%,19,6.08倍,1.62倍,5.78%
20260612,2701,粧美堂,7819,東S,,812,-25,-2.99%,19,9.77倍,1.42倍,4.06%
20260612,2702,フリージア,6343,東S,,130,-2,-1.52%,19,3.66倍,0.35倍,0.46%
20260612,2703,天昇電,6776,東S,,250,-1,-0.40%,19,7.09倍,0.39倍,2.00%
20260612,2704,日産証券Ｇ,8705,東S,,224,-2,-0.88%,19,ー倍,0.87倍,ー%
20260612,2705,Ａクリエイト,8798,東P,,127,-4,-3.05%,19,10.4倍,8.67倍,ー%
20260612,2706,ファースト住,8917,東S,,"1,051",0,0.00%,19,9.75倍,0.36倍,4.09%
20260612,2707,テリロジＨＤ,5133,東S,,272,-3,-1.09%,19,10.9倍,1.42倍,1.99%
20260612,2708,Ａパーチェス,7115,東S,,"1,417",-29,-2.01%,19,12.3倍,2.08倍,2.61%
20260612,2709,ｉＳインド株,201A,東Ｅ,,175.4,+0.4,+0.23%,19,ー倍,ー倍,ー%
20260612,2710,令和ＡＨ,296A,東G,,764,+8,+1.06%,19,19.8倍,10.8倍,4.32%
20260612,2711,ＷＡ,7683,東P,,"1,405",-7,-0.50%,19,30.4倍,2.42倍,1.21%
20260612,2712,勤次郎,4013,東G,,607,+3,+0.50%,19,11.4倍,1.17倍,1.65%
20260612,2713,ビイングＨＤ,9145,東S,,535,-19,-3.43%,19,9.14倍,1.59倍,2.80%
20260612,2714,ＭＸ米ＳＰ有,2630,東Ｅ,,"15,340",-120,-0.78%,19,ー倍,ー倍,ー%
20260612,2715,ロボペイ,4374,東G,,"2,306",-55,-2.33%,19,14.7倍,6.42倍,1.34%
20260612,2716,上場豪債ヘ無,2844,東Ｅ,,"5,607",-3,-0.05%,19,ー倍,ー倍,ー%
20260612,2717,ジャパニアス,9558,東G,,"1,916",-4,-0.21%,19,9.68倍,2.27倍,5.27%
20260612,2718,野村食品,1617,東Ｅ,,"46,100",+800,+1.77%,19,ー倍,ー倍,ー%
20260612,2719,第一カッタ,1716,東S,,"1,376",-42,-2.96%,19,9.42倍,0.77倍,2.91%
20260612,2720,中村屋,2204,東S,,"3,140",+20,+0.64%,19,18.9倍,0.62倍,2.39%
20260612,2721,日東富士,2003,東S,,"1,726",+8,+0.47%,18,19.1倍,1.26倍,4.06%
20260612,2722,ウインテスト,6721,東S,,79,+1,+1.28%,18,84.0倍,12.7倍,ー%
20260612,2723,オオバ,9765,東P,,"1,070",+1,+0.09%,18,12.1倍,1.28倍,4.11%
20260612,2724,サックスバー,9990,東P,,732,-5,-0.68%,18,10.1倍,0.69倍,4.78%
20260612,2725,野村外リート,2515,東Ｅ,,"1,680",+14,+0.84%,18,ー倍,ー倍,ー%
20260612,2726,かどや製油,2612,東S,,"1,600",-2,-0.12%,18,21.6倍,1.18倍,2.94%
20260612,2727,ＢＲＵＮＯ,3140,東G,,"1,075",+6,+0.56%,18,40.6倍,2.68倍,0.37%
20260612,2728,桜ゴム,5189,東S,,"2,810",-102,-3.50%,18,ー倍,0.54倍,ー%
20260612,2729,相模ゴ,5194,東S,,616,+5,+0.82%,18,111倍,0.58倍,1.62%
20260612,2730,イトヨーギョ,5287,東S,,818,-3,-0.37%,18,12.1倍,0.61倍,2.44%
20260612,2731,ブリッジ－Ｇ,7039,東G,,"1,699",-11,-0.64%,18,8.81倍,1.34倍,5.59%
20260612,2732,ヤガミ,7488,名M,,"4,670",-45,-0.95%,18,16.7倍,1.76倍,6.00%
20260612,2733,魚力,7596,東P,,"2,209",+16,+0.73%,18,35.4倍,1.64倍,2.35%
20260612,2734,エルテス,3967,東G,,560,-9,-1.58%,18,34.6倍,1.90倍,ー%
20260612,2735,クラスター,4240,東S,,317,+19,+6.38%,18,39.2倍,1.03倍,1.58%
20260612,2736,ＤＷセラピ研,4576,東G,,67,-1,-1.47%,18,ー倍,2.93倍,ー%
20260612,2737,ユニネク,3566,東G,,916,+5,+0.55%,18,15.4倍,2.43倍,0.66%
20260612,2738,ＧｒｅｅｎＢ,3913,東S,,885,-35,-3.80%,18,9.89倍,1.61倍,ー%
20260612,2739,ゼット,8135,東S,,417,+6,+1.46%,18,9.83倍,0.53倍,4.32%
20260612,2740,ナガホリ,8139,東S,,"2,313",+50,+2.21%,18,59.1倍,2.51倍,0.65%
20260612,2741,ＦＩＸＥＲ,5129,東G,,248,-1,-0.40%,18,ー倍,1.55倍,ー%
20260612,2742,ＧＸ自動ＥＶ,2867,東Ｅ,,"1,909",-45,-2.30%,18,ー倍,ー倍,ー%
20260612,2743,プロパテクノ,5527,東G,,592,-7,-1.17%,18,5.67倍,0.89倍,4.22%
20260612,2744,ナルネット,5870,東G,,751,-20,-2.59%,18,7.82倍,1.04倍,3.99%
20260612,2745,クラダシ,5884,東G,,556,-4,-0.71%,17,54.5倍,4.25倍,ー%
20260612,2746,魁力屋,5891,東S,,"1,597",-13,-0.81%,17,36.2倍,1.84倍,1.44%
20260612,2747,ＳＯＬＩＺＥ,5871,東S,,"1,447",+97,+7.19%,17,25.9倍,0.69倍,3.80%
20260612,2748,ノムラシス,3940,東S,,117,-1,-0.85%,17,14.6倍,1.59倍,3.03%
20260612,2749,アセチレン,4093,東S,,397,+2,+0.51%,17,11.5倍,0.72倍,3.53%
20260612,2750,メディシス,4350,東S,,494,-2,-0.40%,17,14.4倍,0.84倍,2.43%
20260612,2751,プロパテＤＢ,4389,東G,,881,+27,+3.16%,17,10.3倍,2.76倍,3.63%
20260612,2752,東京汽,9193,東S,,879,+4,+0.46%,17,ー倍,0.31倍,ー%
20260612,2753,ファイズＨＤ,9325,東S,,"1,160",-11,-0.94%,17,8.91倍,2.68倍,3.28%
20260612,2754,ＯｎｅＪリト,2556,東Ｅ,,"1,843.5",+7.0,+0.38%,17,ー倍,ー倍,ー%
20260612,2755,１ｓｔコーポ,1430,東S,,906,-5,-0.55%,17,5.90倍,1.06倍,5.08%
20260612,2756,クックパッド,2193,東S,,121,+1,+0.83%,17,ー倍,0.71倍,ー%
20260612,2757,船場,6540,東S,,"1,480",-15,-1.00%,17,9.90倍,1.12倍,5.27%
20260612,2758,ＡＳＴＩ,6899,東S,,"2,168",-37,-1.68%,17,9.68倍,0.27倍,3.69%
20260612,2759,サノヤスＨＤ,7022,東S,,246,-3,-1.20%,17,10.3倍,0.66倍,3.05%
20260612,2760,ベルトラ,7048,東G,,116,-8,-6.45%,17,12.5倍,1.67倍,ー%
20260612,2761,Ｆインタ,7050,東G,,"1,272",-15,-1.17%,17,10.0倍,1.21倍,5.11%
20260612,2762,あんしん保証,7183,東S,,256,0,0.00%,17,ー倍,1.71倍,ー%
20260612,2763,日本プラスト,7291,東S,,446,-1,-0.22%,17,5.24倍,0.22倍,5.61%
20260612,2764,トップカルチ,7640,東S,,204,+8,+4.08%,17,ー倍,-4.6倍,ー%
20260612,2765,トランスＧＧ,2342,東S,,208,-2,-0.95%,17,23.1倍,0.72倍,ー%
20260612,2766,ＷＤＢ,2475,東P,,"1,737",-13,-0.74%,17,12.0倍,1.02倍,5.41%
20260612,2767,出前館,2484,東S,,118,0,0.00%,17,ー倍,0.52倍,ー%
20260612,2768,ベクターＨＤ,2656,東S,,178,0,0.00%,17,16.5倍,5.42倍,ー%
20260612,2769,佐藤食品,2814,東S,,"3,110",+10,+0.32%,17,30.3倍,0.55倍,1.61%
20260612,2770,ＷＤＩ,3068,東S,,"2,850",-17,-0.59%,17,51.0倍,2.72倍,0.60%
20260612,2771,インテＭ,7072,東G,,950,-40,-4.04%,17,16.1倍,1.83倍,ー%
20260612,2772,ビザスク,4490,東G,,579,0,0.00%,17,7.17倍,3.09倍,ー%
20260612,2773,グローバルＩ,4171,東S,,"1,676",+1,+0.06%,17,24.5倍,1.94倍,ー%
20260612,2774,ソフトテック,550A,東S,,"1,991",+23,+1.17%,17,8.65倍,1.32倍,3.52%
20260612,2775,夢展望,3185,東G,,139,0,0.00%,17,ー倍,135倍,ー%
20260612,2776,サイオス,3744,東S,,486,-6,-1.22%,17,11.4倍,2.23倍,1.03%
20260612,2777,朝日ネット,3834,東P,,612,+3,+0.49%,17,12.2倍,1.21倍,4.08%
20260612,2778,プロパスト,3236,東S,,263,-8,-2.95%,16,4.07倍,0.65倍,2.28%
20260612,2779,イチカワ,3513,東S,,"3,095",-85,-2.67%,16,14.5倍,0.54倍,3.23%
20260612,2780,情報企画,3712,東S,,908,-27,-2.89%,16,12.5倍,1.85倍,2.64%
20260612,2781,プロレド,7034,東P,,365,+10,+2.82%,16,ー倍,0.58倍,ー%
20260612,2782,小津産業,7487,東S,,"1,698",-7,-0.41%,16,33.2倍,0.73倍,1.47%
20260612,2783,橋本総業ＨＤ,7570,東S,,"1,348",+15,+1.13%,16,7.09倍,0.72倍,3.86%
20260612,2784,日本プロセス,9651,東S,,"1,664",+13,+0.79%,16,14.8倍,1.42倍,4.57%
20260612,2785,学究社,9769,東P,,"2,543",-26,-1.01%,16,12.6倍,3.38倍,4.99%
20260612,2786,ステップ,9795,東P,,"2,262",-24,-1.05%,16,12.7倍,1.26倍,3.89%
20260612,2787,笑美面,9237,東G,,524,-33,-5.92%,16,12.1倍,2.79倍,ー%
20260612,2788,カドスＣ,211A,東S,,"3,480",+50,+1.46%,16,5.19倍,0.81倍,5.17%
20260612,2789,ブロメディア,4347,東S,,"1,597",+15,+0.95%,16,12.8倍,2.25倍,4.07%
20260612,2790,松本油脂,4365,東S,,"20,360",-70,-0.34%,16,ー倍,0.66倍,ー%
20260612,2791,ヴィッツ,4440,東S,,"1,048",-16,-1.50%,16,9.64倍,1.38倍,1.72%
20260612,2792,植木組,1867,東S,,"2,391",-32,-1.32%,16,7.31倍,0.50倍,4.60%
20260612,2793,クルーズ,2138,東S,,453,-10,-2.16%,16,90.2倍,0.50倍,ー%
20260612,2794,シイエムシイ,2185,東S,,"1,795",-31,-1.70%,16,10.5倍,1.01倍,3.18%
20260612,2795,ＢＰカストロ,5015,東S,,997,0,0.00%,16,20.0倍,2.34倍,5.02%
20260612,2796,モリ工業,5464,東S,,929,-7,-0.75%,16,11.0倍,0.60倍,3.66%
20260612,2797,エムケー精工,5906,東S,,742,-23,-3.01%,16,6.89倍,0.53倍,2.43%
20260612,2798,コロナ,5909,東S,,918,+8,+0.88%,16,44.7倍,0.34倍,3.05%
20260612,2799,アサンテ,6073,東P,,"1,358",+7,+0.52%,16,379倍,1.38倍,4.57%
20260612,2800,アライドアキ,6081,東G,,157,+2,+1.29%,16,130倍,1.50倍,ー%
20260612,2801,サイプレス,428A,東S,,"1,224",-7,-0.57%,16,30.0倍,6.12倍,0.82%
20260612,2802,林兼,2286,東S,,840,-10,-1.18%,16,5.72倍,0.51倍,5.36%
20260612,2803,ジーフット,2686,東S,,297,0,0.00%,16,ー倍,-5.4倍,ー%
20260612,2804,信金中央,8421,東証,,"187,400",+200,+0.11%,16,ー倍,ー倍,3.47%
20260612,2805,サインド,4256,東G,,915,-1,-0.11%,16,29.5倍,1.59倍,ー%
20260612,2806,坪田ラボ,4890,東G,,218,-2,-0.91%,16,82.6倍,6.52倍,ー%
20260612,2807,アクシージア,4936,東S,,338,-9,-2.59%,15,20.9倍,1.02倍,2.96%
20260612,2808,野村ＳＰＨ有,2634,東Ｅ,,"3,031",-24,-0.79%,15,ー倍,ー倍,ー%
20260612,2809,ＭＸ海外株式,1550,東Ｅ,,"7,810",-44,-0.56%,15,ー倍,ー倍,ー%
20260612,2810,野村医薬品,1621,東Ｅ,,"28,145",-390,-1.37%,15,ー倍,ー倍,ー%
20260612,2811,明豊ファシリ,1717,東S,,899,-1,-0.11%,15,11.3倍,1.74倍,4.89%
20260612,2812,オーテック,1736,東S,,"2,259",+3,+0.13%,15,9.21倍,1.32倍,4.34%
20260612,2813,アミタＨＤ,2195,東G,,358,-7,-1.92%,15,17.3倍,2.14倍,1.40%
20260612,2814,パーカー,9845,東S,,"1,250",-38,-2.95%,15,7.11倍,0.62倍,4.24%
20260612,2815,コックス,9876,東S,,214,-7,-3.17%,15,5.47倍,0.56倍,ー%
20260612,2816,藤井産業,9906,東S,,"3,580",-65,-1.78%,15,7.97倍,0.73倍,4.47%
20260612,2817,Ｔｒａｉｌ,3358,東S,,91,+2,+2.25%,15,64.1倍,1.59倍,2.20%
20260612,2818,ＧＭＯペパボ,3633,東S,,"1,582",-18,-1.13%,15,11.1倍,3.36倍,5.88%
20260612,2819,ウェルス,3772,東S,,"1,056",-7,-0.66%,15,11.3倍,1.15倍,ー%
20260612,2820,パス,3840,東S,,56,+1,+1.82%,15,ー倍,2.43倍,ー%
20260612,2821,カヤック,3904,東G,,380,-3,-0.78%,15,9.76倍,1.00倍,1.03%
20260612,2822,マルシェ,7524,東S,,183,+6,+3.39%,15,30.6倍,2.62倍,ー%
20260612,2823,Ｓワイヤー,3929,東G,,276,-8,-2.82%,15,9.88倍,1.82倍,ー%
20260612,2824,アテクト,4241,東S,,590,-14,-2.32%,15,21.7倍,1.43倍,1.69%
20260612,2825,わかもと,4512,東S,,242,-6,-2.42%,15,36.5倍,0.70倍,1.45%
20260612,2826,ｍｏｎｏＡＩ,5240,東G,,126,+1,+0.80%,15,ー倍,1.43倍,ー%
20260612,2827,アイビス,9343,東G,,785,-11,-1.38%,15,15.4倍,4.94倍,1.53%
20260612,2828,ＧＸＵＳ中小,2252,東Ｅ,,"1,394",-18,-1.27%,15,ー倍,ー倍,ー%
20260612,2829,ヤマナカ,8190,名M,,522,+1,+0.19%,15,28.4倍,0.55倍,1.92%
20260612,2830,アドバンＲＭ,8769,東S,,470,-14,-2.89%,15,8.74倍,1.71倍,4.04%
20260612,2831,太平発,8835,東S,,755,-3,-0.40%,15,12.5倍,0.37倍,5.36%
20260612,2832,バリューＨＲ,6078,東P,,"1,388",+12,+0.87%,15,35.3倍,5.62倍,2.02%
20260612,2833,ライドオンＥ,6082,東S,,965,-4,-0.41%,15,ー倍,1.07倍,1.55%
20260612,2834,ソフトフロン,2321,東G,,133,-6,-4.32%,15,ー倍,4.11倍,ー%
20260612,2835,野村外国債券,2511,東Ｅ,,"1,189.5",-1.0,-0.08%,15,ー倍,ー倍,ー%
20260612,2836,上場ＳＰヘ有,2521,東Ｅ,,"2,080",-6,-0.29%,15,ー倍,ー倍,ー%
20260612,2837,篠崎屋,2926,東S,,97,-2,-2.02%,15,ー倍,1.23倍,ー%
20260612,2838,極楽湯ＨＤ,2340,東S,,471,-1,-0.21%,14,ー倍,3.24倍,1.27%
20260612,2839,ぐるなび,2440,東S,,126,+2,+1.61%,14,ー倍,1.36倍,ー%
20260612,2840,ひらまつ,2764,東S,,130,+1,+0.78%,14,31.9倍,1.51倍,0.94%
20260612,2841,エバラ食品,2819,東S,,"2,380",+10,+0.42%,14,23.2倍,0.64倍,2.10%
20260612,2842,ビューテＨＤ,3041,東S,,535,-10,-1.83%,14,54.9倍,4.26倍,0.98%
20260612,2843,丸善ＣＨＩ,3159,東S,,353,-1,-0.28%,14,13.2倍,0.60倍,1.70%
20260612,2844,イノベーショ,3970,東S,,797,-2,-0.25%,14,85.7倍,0.74倍,5.02%
20260612,2845,エスケー化研,4628,東S,,"9,820",+70,+0.72%,14,13.9倍,0.76倍,1.83%
20260612,2846,明光ネット,4668,東P,,684,+2,+0.29%,14,17.2倍,1.36倍,4.09%
20260612,2847,サカイＨＤ,9446,東S,,654,-9,-1.36%,14,5.38倍,1.02倍,5.35%
20260612,2848,ＴＯＲＩＣＯ,7138,東G,,122,-1,-0.81%,14,ー倍,1.20倍,ー%
20260612,2849,野村素材化学,1620,東Ｅ,,"37,070",+560,+1.53%,14,ー倍,ー倍,ー%
20260612,2850,野村自動車,1622,東Ｅ,,"31,970",-440,-1.36%,14,ー倍,ー倍,ー%
20260612,2851,野村金融,1632,東Ｅ,,"40,830",-120,-0.29%,14,ー倍,ー倍,ー%
20260612,2852,美樹工業,1718,東S,,"6,800",0,0.00%,14,6.64倍,0.42倍,4.41%
20260612,2853,佐田建,1826,東S,,982,-8,-0.81%,14,13.0倍,1.04倍,6.11%
20260612,2854,名工建,1869,名M,,"1,690",-13,-0.76%,14,7.76倍,0.50倍,3.91%
20260612,2855,ムラキ,7477,東S,,"1,889",ー,ー%,14,ー倍,0.97倍,ー%
20260612,2856,岡谷鋼機,7485,名P,,"4,745",-15,-0.32%,14,6.52倍,0.37倍,1.81%
20260612,2857,京都友禅ＨＤ,7615,東S,,93,0,0.00%,14,18.5倍,0.62倍,1.61%
20260612,2858,クレステック,7812,東S,,"2,054",+33,+1.63%,14,5.90倍,0.64倍,5.06%
20260612,2859,アトネイチャ,7823,東S,,839,-11,-1.29%,14,22.5倍,0.98倍,3.34%
20260612,2860,ナガオカ,6239,東S,,"1,303",+15,+1.16%,14,20.2倍,1.16倍,2.69%
20260612,2861,ジェネパ,3195,東S,,398,-5,-1.24%,14,18.1倍,1.62倍,ー%
20260612,2862,バルニバービ,3418,東G,,"1,104",+2,+0.18%,14,27.0倍,1.97倍,0.68%
20260612,2863,イボキン,5699,東S,,"1,448",-4,-0.28%,14,9.08倍,0.91倍,2.21%
20260612,2864,アドベンチャ,6030,東G,,"1,160",-41,-3.41%,14,8.33倍,0.90倍,ー%
20260612,2865,ベースフード,2936,東G,,298,-5,-1.65%,14,ー倍,11.7倍,ー%
20260612,2866,フュージック,5256,東G,,"2,433",+71,+3.01%,14,182倍,2.47倍,ー%
20260612,2867,早稲田学習研,5869,東S,,"1,208",+3,+0.25%,14,14.1倍,1.66倍,4.40%
20260612,2868,ガーデン,274A,東S,,"2,168",-6,-0.28%,14,18.5倍,2.01倍,4.15%
20260612,2869,アルピコＨＤ,297A,東S,,210,+1,+0.48%,14,9.06倍,0.93倍,2.38%
20260612,2870,Ｊファーマ,520A,東G,,384,-8,-2.04%,14,ー倍,1.70倍,ー%
20260612,2871,名古屋電機,6797,東S,,"1,145",-16,-1.38%,13,24.0倍,0.56倍,4.37%
20260612,2872,東部ネット,9036,東S,,"1,215",-16,-1.30%,13,25.8倍,0.32倍,1.65%
20260612,2873,東海リース,9761,東S,,"2,219",+42,+1.93%,13,8.73倍,0.44倍,5.41%
20260612,2874,ナック,9788,東P,,492,0,0.00%,13,11.7倍,0.86倍,4.47%
20260612,2875,Ｗディッシュ,2901,東S,,187,+3,+1.63%,13,17.7倍,0.89倍,2.14%
20260612,2876,Ｔアルファ,3089,東S,,"1,106",-39,-3.41%,13,ー倍,0.85倍,3.16%
20260612,2877,サインポスト,3996,東S,,171,-2,-1.16%,13,33.1倍,1.16倍,ー%
20260612,2878,日ピグＨＤ,4119,東S,,"5,050",+85,+1.71%,13,6.10倍,0.35倍,1.98%
20260612,2879,フジプレアム,4237,東S,,316,0,0.00%,13,31.6倍,1.18倍,1.90%
20260612,2880,タカギセイコ,4242,東S,,"1,740",+56,+3.33%,13,7.86倍,0.39倍,3.45%
20260612,2881,Ｃａｓａ,7196,東S,,762,-1,-0.13%,13,37.0倍,1.09倍,2.62%
20260612,2882,ハリマ共和,7444,東S,,"1,929",+9,+0.47%,13,8.44倍,0.40倍,3.11%
20260612,2883,クロスフォー,7810,東S,,173,0,0.00%,13,98.3倍,1.62倍,0.20%
20260612,2884,上場ダウヘ有,2562,東Ｅ,,"3,520",-46,-1.29%,13,ー倍,ー倍,ー%
20260612,2885,ＩＧＳ,4265,東G,,221,+2,+0.91%,13,150倍,2.21倍,ー%
20260612,2886,ピックルス,2935,東P,,"1,105",0,0.00%,13,11.3倍,0.70倍,2.62%
20260612,2887,ファンタジス,1783,東S,,53,0,0.00%,13,36.6倍,1.56倍,ー%
20260612,2888,森組,1853,東S,,313,-1,-0.32%,13,13.1倍,0.66倍,4.47%
20260612,2889,東証ＲＥＩＴ,2066,東EN,,"23,945",ー,ー%,13,ー倍,ー倍,ー%
20260612,2890,ジェノバ,5570,東G,,607,-18,-2.88%,13,14.8倍,2.28倍,1.15%
20260612,2891,ｉＦ印Ｎ５０,233A,東Ｅ,,"1,817",-22,-1.20%,13,ー倍,ー倍,ー%
20260612,2892,鋳鉄管,5612,東S,,"1,491",-19,-1.26%,13,ー倍,0.48倍,ー%
20260612,2893,フイルコン,5942,東S,,554,-4,-0.72%,13,23.8倍,0.47倍,5.05%
20260612,2894,ＳＭＮ,6185,東S,,361,-3,-0.82%,13,10.6倍,1.20倍,ー%
20260612,2895,Ｆブラザーズ,3454,東S,,"1,160",-40,-3.33%,13,6.21倍,0.62倍,3.19%
20260612,2896,ウインＰ,3183,東P,,"1,212",+13,+1.08%,12,15.1倍,1.43倍,4.54%
20260612,2897,テックファム,3625,東G,,555,+14,+2.59%,12,12.0倍,1.33倍,1.44%
20260612,2898,モルフォ,3653,東G,,614,-5,-0.81%,12,45.1倍,0.97倍,ー%
20260612,2899,ブイキューブ,3681,東P,,20,0,0.00%,12,ー倍,-0.3倍,ー%
20260612,2900,ＤＬＥ,3686,東S,,81,+1,+1.25%,12,23.5倍,2.66倍,ー%
20260612,2901,ＣＲＩ,3698,東S,,"1,037",-14,-1.33%,12,11.7倍,1.30倍,2.60%
20260612,2902,日本一ソフト,3851,東S,,790,-30,-3.66%,12,12.1倍,0.51倍,0.63%
20260612,2903,日本インシュ,5368,東S,,916,-10,-1.08%,12,10.8倍,0.54倍,4.37%
20260612,2904,エブレン,6599,東S,,"2,875",-14,-0.48%,12,10.9倍,0.85倍,2.02%
20260612,2905,かっこ,4166,東G,,652,-27,-3.98%,12,ー倍,2.71倍,ー%
20260612,2906,交換できる,7695,東G,,730,-29,-3.82%,12,21.8倍,2.66倍,ー%
20260612,2907,ジェイフロ,2934,東G,,"1,440",-30,-2.04%,12,76.8倍,4.56倍,ー%
20260612,2908,ラストワンＭ,9252,東G,,"3,410",-60,-1.73%,12,8.28倍,1.83倍,0.88%
20260612,2909,フルハシＥ,9221,東S,,"1,160",0,0.00%,12,15.1倍,2.16倍,2.76%
20260612,2910,ポエック,9264,東S,,"1,586",-9,-0.56%,12,10.4倍,1.70倍,4.73%
20260612,2911,フォーバルＲ,9423,東S,,100,+1,+1.01%,12,19.4倍,3.25倍,3.00%
20260612,2912,ＮＣＳ＆Ａ,9709,東S,,"1,216",-43,-3.42%,12,9.94倍,1.31倍,4.77%
20260612,2913,愛眼,9854,東S,,219,-3,-1.35%,12,21.8倍,0.35倍,ー%
20260612,2914,ライオン事務,423A,東S,,298,-1,-0.33%,12,10.2倍,0.73倍,5.03%
20260612,2915,ギミック,475A,東S,,654,-23,-3.40%,12,14.8倍,1.41倍,ー%
20260612,2916,プラコー,6347,東S,,244,+1,+0.41%,12,23.5倍,1.40倍,2.46%
20260612,2917,油研工,6393,東S,,"2,810",+3,+0.11%,12,9.99倍,0.43倍,5.34%
20260612,2918,エスユーエス,6554,東G,,967,-15,-1.53%,12,8.76倍,1.92倍,5.17%
20260612,2919,北電工,6989,東S,,"2,286",+23,+1.02%,12,15.0倍,0.69倍,4.16%
20260612,2920,アドヴァンＧ,7463,東S,,911,-16,-1.73%,12,ー倍,0.51倍,4.39%
20260612,2921,アルビス,7475,東P,,"2,469",+5,+0.20%,12,15.3倍,0.63倍,2.84%
20260612,2922,シード,7743,東S,,480,-2,-0.41%,12,10.8倍,0.75倍,3.13%
20260612,2923,プラッツ,7813,東S,,969,-5,-0.51%,12,11.9倍,0.97倍,2.48%
20260612,2924,ドーン,2303,東S,,"1,215",-44,-3.49%,12,16.6倍,2.50倍,1.15%
20260612,2925,フォーサイド,2330,東S,,72,0,0.00%,12,39.1倍,1.01倍,ー%
20260612,2926,総医研ＨＤ,2385,東G,,247,+2,+0.82%,12,53.8倍,1.05倍,4.05%
20260612,2927,ＫＧ情報,2408,東S,,815,-5,-0.61%,12,16.4倍,0.97倍,4.54%
20260612,2928,ヒューマン,2415,東S,,"1,538",-35,-2.23%,12,6.51倍,0.82倍,4.62%
20260612,2929,日食品,2892,東S,,"3,940",-15,-0.38%,12,12.6倍,0.63倍,3.81%
20260612,2930,うるる,3979,東G,,378,-16,-4.06%,12,13.4倍,2.83倍,1.14%
20260612,2931,Ｊストリーム,4308,東G,,345,0,0.00%,12,16.0倍,0.80倍,4.06%
20260612,2932,ビーマップ,4316,東G,,121,-2,-1.63%,12,10.8倍,1.15倍,ー%
20260612,2933,Ｗｅｌｂｙ,4438,東G,,262,0,0.00%,12,ー倍,17.4倍,ー%
20260612,2934,日エンター,4829,東S,,101,0,0.00%,12,86.3倍,0.83倍,2.97%
20260612,2935,ダントーＨＤ,5337,東S,,798,+55,+7.40%,12,ー倍,3.12倍,ー%
20260612,2936,ｉＦＳＰ有,2248,東Ｅ,,"2,638",-20,-0.75%,12,ー倍,ー倍,ー%
20260612,2937,野村国債Ｄイ,2251,東Ｅ,,888.7,+2.2,+0.25%,12,ー倍,ー倍,ー%
20260612,2938,ＳＴＧ,5858,東G,,"1,088",-1,-0.09%,12,7.97倍,0.65倍,1.84%
20260612,2939,ウルフハンド,194A,東G,,"1,242",+10,+0.81%,12,11.2倍,2.80倍,ー%
20260612,2940,ｉＳ米２５ヘ,238A,東Ｅ,,130.8,-0.8,-0.61%,12,ー倍,ー倍,ー%
20260612,2941,カネコ種,1376,東S,,"1,421",-19,-1.32%,12,10.4倍,0.61倍,3.38%
20260612,2942,アクシーズ,1381,東S,,"3,750",+20,+0.54%,12,8.77倍,0.90倍,3.00%
20260612,2943,ｉＳ新興国株,1658,東Ｅ,,"4,309",+33,+0.77%,12,ー倍,ー倍,ー%
20260612,2944,ウッドワン,7898,東S,,857,-15,-1.72%,12,19.9倍,0.18倍,2.80%
20260612,2945,マミヤＯＰ,7991,東S,,"1,069",-2,-0.19%,12,9.20倍,0.42倍,4.68%
20260612,2946,フォーバル,8275,東S,,998,-2,-0.20%,12,11.9倍,1.38倍,3.21%
20260612,2947,ＤＡＩＫＯＸ,8023,東S,,928,-2,-0.22%,11,6.72倍,0.85倍,4.09%
20260612,2948,ＡＭＧＨＤ,8891,東S,,"1,770",-36,-1.99%,11,7.43倍,0.41倍,4.52%
20260612,2949,サトウ食品,2923,東S,,"7,350",0,0.00%,11,16.1倍,1.42倍,1.02%
20260612,2950,ＵＮＩＶＡ,3113,東S,,69,+1,+1.47%,11,63.3倍,5.42倍,ー%
20260612,2951,買取王国,3181,東S,,942,-10,-1.05%,11,8.56倍,1.01倍,1.17%
20260612,2952,ほぼ日,3560,東S,,"4,180",+80,+1.95%,11,20.2倍,1.62倍,2.15%
20260612,2953,アスリナ,3647,東S,,111,0,0.00%,11,ー倍,2.76倍,ー%
20260612,2954,ＰＣＩＨＤ,3918,東S,,"1,151",-16,-1.37%,11,9.06倍,1.17倍,5.04%
20260612,2955,東京通信Ｇ,7359,東G,,217,-8,-3.56%,11,19.9倍,2.82倍,ー%
20260612,2956,Ｔ．Ｓ．Ｉ,7362,東G,,839,-61,-6.78%,11,10.5倍,0.91倍,1.79%
20260612,2957,ベビカレ,7363,東G,,"1,045",-19,-1.79%,11,6.46倍,1.18倍,ー%
20260612,2958,ブルーミーム,4069,東G,,963,+67,+7.48%,11,38.7倍,1.28倍,ー%
20260612,2959,タカヨシＨＤ,9259,東G,,775,-7,-0.90%,11,8.36倍,1.30倍,3.87%
20260612,2960,バードマン,7063,東G,,87,-2,-2.25%,11,ー倍,1.91倍,ー%
20260612,2961,近畿車,7122,東S,,"2,280",+53,+2.38%,11,15.7倍,0.44倍,2.19%
20260612,2962,ハークスレイ,7561,東S,,630,-2,-0.32%,11,7.28倍,0.45倍,4.76%
20260612,2963,アビックス,7836,東S,,79,+2,+2.60%,11,16.0倍,1.41倍,ー%
20260612,2964,辻本郷ＩＴＣ,476A,東S,,"1,402",-28,-1.96%,11,9.46倍,1.70倍,ー%
20260612,2965,ＪＰＸ１００,526A,東Ｅ,,"1,876",-33,-1.73%,11,ー倍,ー倍,ー%
20260612,2966,ビタブリッド,542A,東G,,960,+2,+0.21%,11,7.25倍,1.95倍,ー%
20260612,2967,ｉＳプラチナ,569A,東Ｅ,,168.7,-1.3,-0.76%,11,ー倍,ー倍,ー%
20260612,2968,電業社,6365,東S,,"5,500",+50,+0.92%,11,8.95倍,0.74倍,3.45%
20260612,2969,オーケストラ,6533,東P,,973,+4,+0.41%,11,9.47倍,1.38倍,1.34%
20260612,2970,京写,6837,東S,,363,+1,+0.28%,11,12.1倍,0.53倍,2.48%
20260612,2971,アクモス,6888,東S,,514,+2,+0.39%,11,15.0倍,1.52倍,4.86%
20260612,2972,野村情通サ他,1626,東Ｅ,,"43,180",-220,-0.51%,11,ー倍,ー倍,ー%
20260612,2973,川崎設備,1777,名M,,"2,175",-15,-0.68%,11,7.55倍,1.59倍,4.37%
20260612,2974,日本ハウス,1873,東P,,295,-2,-0.67%,11,8.81倍,0.54倍,3.73%
20260612,2975,鳥越粉,2009,東S,,"1,077",+4,+0.37%,11,22.4倍,0.69倍,4.55%
20260612,2976,博展,2173,東G,,657,-6,-0.90%,11,6.30倍,2.16倍,4.11%
20260612,2977,旭コン,5268,東S,,908,-15,-1.63%,11,25.5倍,0.94倍,1.87%
20260612,2978,Ｄ・アクシス,4245,東S,,655,+5,+0.77%,11,16.1倍,0.87倍,3.66%
20260612,2979,日華化学,4463,東S,,"1,680",-4,-0.24%,11,9.55倍,0.75倍,4.17%
20260612,2980,大幸薬品,4574,東P,,254,-4,-1.55%,11,23.2倍,1.54倍,1.38%
20260612,2981,ガーラ,4777,東S,,200,+2,+1.01%,11,ー倍,13.9倍,ー%
20260612,2982,ＯＢシステム,5576,東S,,"2,728",-63,-2.26%,11,8.81倍,1.11倍,4.58%
20260612,2983,ノイル,4893,東G,,118,-1,-0.84%,11,ー倍,1.36倍,ー%
20260612,2984,ＷＴＯＫＹＯ,9159,東G,,"1,888",-18,-0.94%,11,14.8倍,2.54倍,ー%
20260612,2985,ＭＸ高配日ア,2085,東Ｅ,,712.8,-5.8,-0.81%,11,ー倍,ー倍,ー%
20260612,2986,エルイズビー,145A,東G,,788,-22,-2.72%,11,22.5倍,2.12倍,ー%
20260612,2987,ＫＹＯＲＩＴ,7795,東S,,192,0,0.00%,10,10.8倍,0.45倍,4.17%
20260612,2988,ダイブ,151A,東G,,586,+2,+0.34%,10,9.12倍,1.83倍,ー%
20260612,2989,キューブシス,2335,東P,,"1,016",-3,-0.29%,10,10.3倍,1.35倍,4.53%
20260612,2990,シスロケ,2480,東S,,"1,699",-1,-0.06%,10,14.7倍,1.48倍,2.24%
20260612,2991,石光商事,2750,東S,,"1,256",-4,-0.32%,10,5.63倍,0.73倍,4.38%
20260612,2992,ストリーム,3071,東S,,98,-1,-1.01%,10,14.1倍,0.93倍,3.06%
20260612,2993,きちりＨＤ,3082,東S,,984,-4,-0.40%,10,31.8倍,5.31倍,0.76%
20260612,2994,誠建設,8995,東S,,918,-50,-5.17%,10,26.4倍,0.45倍,2.72%
20260612,2995,カンダ,9059,東S,,870,-6,-0.68%,10,7.30倍,0.66倍,2.99%
20260612,2996,サンリツ,9366,東S,,956,-1,-0.10%,10,7.70倍,0.44倍,3.97%
20260612,2997,ＢＳ１１,9414,東S,,901,-1,-0.11%,10,12.3倍,0.66倍,3.33%
20260612,2998,エヌジェイ,9421,東S,,546,-16,-2.85%,10,26.3倍,1.80倍,ー%
20260612,2999,旭情報,9799,東S,,871,+6,+0.69%,10,10.8倍,1.09倍,3.90%
20260612,3000,菊水化,7953,東S,,378,-1,-0.26%,10,ー倍,0.46倍,4.50%
20260612,3001,興研,7963,東S,,"1,709",+4,+0.23%,10,9.96倍,0.61倍,2.05%
20260612,3002,ＯＵＧＨＤ,8041,東S,,"4,300",0,0.00%,10,7.25倍,0.56倍,4.00%
20260612,3003,カノークス,8076,東S,,"1,929",-14,-0.72%,10,9.19倍,0.57倍,5.50%
20260612,3004,和田興産,8931,東S,,"1,230",-10,-0.81%,10,6.42倍,0.39倍,4.88%
20260612,3005,エイシアンＳ,8946,東S,,72,0,0.00%,10,14.2倍,0.76倍,ー%
20260612,3006,ティムコ,7501,東S,,"1,789",+54,+3.11%,10,277倍,1.03倍,0.67%
20260612,3007,ウェッズ,7551,東S,,669,+16,+2.45%,10,9.93倍,0.60倍,3.29%
20260612,3008,ダイコー通産,7673,東S,,"1,621",+41,+2.59%,10,9.85倍,0.98倍,4.13%
20260612,3009,フクビ,7871,東S,,860,-1,-0.12%,10,ー倍,0.43倍,3.60%
20260612,3010,ノダ,7879,東S,,639,0,0.00%,10,46.8倍,0.27倍,4.69%
20260612,3011,日東網,3524,東S,,"1,449",+13,+0.91%,10,5.53倍,0.50倍,3.45%
20260612,3012,サツドラＨＤ,3544,東S,,847,+3,+0.36%,10,29.2倍,1.15倍,1.42%
20260612,3013,ソケッツ,3634,東S,,615,+41,+7.14%,10,26.8倍,2.53倍,0.98%
20260612,3014,ソフトＭＡＸ,3671,東S,,276,-10,-3.50%,10,11.4倍,1.72倍,3.62%
20260612,3015,アプリックス,3727,東G,,126,-2,-1.56%,10,ー倍,2.45倍,1.59%
20260612,3016,ユニリタ,3800,東S,,"1,947",-1,-0.05%,10,13.2倍,1.20倍,3.85%
20260612,3017,オープンドア,3926,東S,,226,-4,-1.74%,10,ー倍,2.03倍,ー%
20260612,3018,上場ＥＳＧリ,2566,東Ｅ,,"1,014",+4,+0.40%,10,ー倍,ー倍,ー%
20260612,3019,アクシス,4012,東S,,"1,633",+17,+1.05%,10,10.0倍,1.71倍,3.49%
20260612,3020,ｉ－ｐｌｕｇ,4177,東G,,"1,390",-22,-1.56%,10,10.0倍,2.92倍,3.88%
20260612,3021,ＭＣＰｓ,4360,東S,,713,-21,-2.86%,10,ー倍,0.52倍,2.10%
20260612,3022,ＭＨＴ,9218,東G,,672,-6,-0.88%,10,24.7倍,5.32倍,1.49%
20260612,3023,はてな,3930,東G,,926,-12,-1.28%,10,27.5倍,0.96倍,ー%
20260612,3024,ビーブレイク,3986,東S,,517,-13,-2.45%,10,21.5倍,1.34倍,2.90%
20260612,3025,ＵＦＨＤ,4235,東S,,674,-2,-0.30%,10,25.3倍,0.71倍,5.19%
20260612,3026,広栄化学,4367,東S,,"2,666",-8,-0.30%,10,ー倍,0.81倍,ー%
20260612,3027,ｉＳＨＹ債Ｈ,1497,東Ｅ,,"1,753",-2,-0.11%,10,ー倍,ー倍,ー%
20260612,3028,ｉＳ先進国株,1657,東Ｅ,,"7,030",-44,-0.62%,10,ー倍,ー倍,ー%
20260612,3029,ＳＤＳＨＤ,1711,東S,,220,+2,+0.92%,10,379倍,3.93倍,ー%
20260612,3030,コスモス,6772,東S,,"1,076",-14,-1.28%,10,ー倍,0.94倍,ー%
20260612,3031,日亜鋼,5658,東S,,343,-7,-2.00%,10,12.8倍,0.29倍,2.92%
20260612,3032,カナレ電気,5819,東S,,"1,734",-7,-0.40%,10,10.1倍,0.62倍,3.81%
20260612,3033,クリエート,5187,東S,,"1,083",-9,-0.82%,9,11.7倍,0.54倍,4.34%
20260612,3034,三機サービス,6044,東S,,"1,524",+5,+0.33%,9,13.9倍,1.88倍,1.97%
20260612,3035,イーガーディ,6050,東P,,"1,661",+11,+0.67%,9,18.7倍,1.60倍,2.29%
20260612,3036,クロスプラス,3320,東S,,"1,290",-17,-1.30%,9,6.61倍,0.49倍,4.65%
20260612,3037,データＨＲ,3628,東G,,525,+15,+2.94%,9,25.6倍,15.9倍,ー%
20260612,3038,アオバＢＢＴ,2464,東S,,312,-4,-1.27%,9,10.1倍,0.84倍,3.53%
20260612,3039,キャンドゥ,2698,東S,,"3,250",+15,+0.46%,9,116倍,4.94倍,0.52%
20260612,3040,オーシャンシ,3096,東S,,"1,667",-7,-0.42%,9,10.3倍,1.29倍,1.20%
20260612,3041,ウリドキ,418A,名N,,"1,187",-3,-0.25%,9,21.0倍,10.6倍,ー%
20260612,3042,テクノロジー,5248,東G,,478,+5,+1.06%,9,ー倍,5.31倍,ー%
20260612,3043,ｉＳ米増配株,2014,東Ｅ,,306.7,-1.2,-0.39%,9,ー倍,ー倍,ー%
20260612,3044,ウェリタス,130A,東G,,432,0,0.00%,9,ー倍,1.84倍,ー%
20260612,3045,ＧＸ超長米Ｈ,179A,東Ｅ,,249.9,-0.2,-0.08%,9,ー倍,ー倍,ー%
20260612,3046,Ｓａｐｅｅｔ,269A,東G,,"2,067",+6,+0.29%,9,25.6倍,5.22倍,ー%
20260612,3047,ラクサス,288A,東G,,96,-2,-2.04%,9,16.3倍,0.80倍,ー%
20260612,3048,ＧＸ価格日株,328A,東Ｅ,,"1,306",-34,-2.54%,9,ー倍,ー倍,ー%
20260612,3049,ＧＸＳＰＣＦ,356A,東Ｅ,,"1,474",-7,-0.47%,9,ー倍,ー倍,ー%
20260612,3050,みのや,386A,東S,,"1,282",-8,-0.62%,9,9.65倍,1.18倍,1.92%
20260612,3051,識学,7049,東G,,812,+3,+0.37%,9,ー倍,2.69倍,ー%
20260612,3052,島根銀行,7150,東S,,476,-10,-2.06%,9,26.3倍,0.73倍,2.10%
20260612,3053,ユニバンス,7254,東S,,724,-9,-1.23%,9,7.55倍,0.52倍,2.76%
20260612,3054,南陽,7417,東S,,"1,441",+5,+0.35%,9,7.78倍,0.64倍,4.51%
20260612,3055,ＪＭＳ,7702,東S,,429,-5,-1.15%,9,17.5倍,0.25倍,3.96%
20260612,3056,南プラ,7887,東S,,"1,474",-21,-1.40%,9,4.76倍,0.27倍,2.71%
20260612,3057,いちごグリン,9282,東IF,,"55,700",+200,+0.36%,9,32.2倍,1.89倍,6.36%
20260612,3058,キムラユニテ,9368,東S,,856,-3,-0.35%,9,9.14倍,0.80倍,4.44%
20260612,3059,築地魚,8039,東S,,"3,805",-10,-0.26%,9,16.9倍,1.19倍,0.92%
20260612,3060,キムラタン,8107,東S,,32,0,0.00%,9,356倍,5.35倍,ー%
20260612,3061,レボリュー,8894,東S,,25,+1,+4.17%,9,ー倍,4.42倍,ー%
20260612,3062,ハマイ,6497,東S,,"1,327",-13,-0.97%,9,9.09倍,0.51倍,3.39%
20260612,3063,ＩＩＦ,6545,東G,,701,0,0.00%,9,8.70倍,2.10倍,3.57%
20260612,3064,ロンシール,4224,東S,,"1,975",-13,-0.65%,9,8.67倍,0.46倍,4.30%
20260612,3065,エーアイ,4388,東S,,356,-4,-1.11%,9,ー倍,0.98倍,ー%
20260612,3066,ナトコ,4627,東S,,"1,729",-3,-0.17%,9,13.1倍,0.52倍,3.12%
20260612,3067,スポーツＦ,7080,東G,,775,-13,-1.65%,9,6.73倍,2.14倍,2.97%
20260612,3068,カラダノート,4014,東G,Ｓ,500,+80,+19.05%,9,13.8倍,5.33倍,ー%
20260612,3069,さくらさく,7097,東G,,"2,850",-13,-0.45%,9,15.5倍,2.10倍,0.98%
20260612,3070,ココペリ,4167,東G,,267,-6,-2.20%,9,40.6倍,1.39倍,ー%
20260612,3071,セルム,7367,東S,,330,+2,+0.61%,9,11.9倍,2.40倍,4.70%
20260612,3072,アルマード,4932,東S,,618,-4,-0.64%,9,ー倍,3.15倍,ー%
20260612,3073,コンフインタ,7374,東G,,"1,524",+4,+0.26%,9,10.2倍,1.52倍,5.58%
20260612,3074,ランドネット,2991,東S,,573,0,0.00%,9,5.18倍,1.15倍,1.94%
20260612,3075,セカンドＸ,5028,東G,,332,-13,-3.77%,9,19.2倍,2.66倍,ー%
20260612,3076,クラシコム,7110,東G,,"2,057",+14,+0.69%,9,15.7倍,2.73倍,2.33%
20260612,3077,野村ボベスパ,1325,東Ｅ,,284.5,-0.5,-0.18%,9,ー倍,ー倍,ー%
20260612,3078,ｉＳ最小分散,1477,東Ｅ,,"3,159",-3,-0.09%,9,ー倍,ー倍,ー%
20260612,3079,ｉＦブロサム,1654,東Ｅ,,"3,137.0",ー,ー%,9,ー倍,ー倍,ー%
20260612,3080,ＷＴ穀物,1688,東Ｅ,,539.4,+1.4,+0.26%,9,ー倍,ー倍,ー%
20260612,3081,ＷＴコーン,1696,東Ｅ,,"2,778",-2,-0.07%,9,ー倍,ー倍,ー%
20260612,3082,上場米債ヘ有,1487,東Ｅ,,"12,125",-10,-0.08%,8,ー倍,ー倍,ー%
20260612,3083,野村小売,1630,東Ｅ,,"36,960",-360,-0.96%,8,ー倍,ー倍,ー%
20260612,3084,上場ＭＳエマ,1681,東Ｅ,,"3,295",-55,-1.64%,8,ー倍,ー倍,ー%
20260612,3085,シンクレイヤ,1724,東S,,685,-9,-1.30%,8,8.52倍,0.50倍,4.38%
20260612,3086,グロス２５０,2042,東EN,,"7,538",-42,-0.55%,8,ー倍,ー倍,ー%
20260612,3087,遠州トラック,9057,東S,,"3,105",+5,+0.16%,8,11.1倍,0.94倍,3.09%
20260612,3088,名港海,9357,名M,,"2,405",+13,+0.54%,8,11.9倍,0.51倍,4.16%
20260612,3089,歌舞伎,9661,東S,,"4,465",0,0.00%,8,228倍,4.76倍,0.11%
20260612,3090,東洋テク,9686,東S,,"1,582",-13,-0.82%,8,13.2倍,0.72倍,4.49%
20260612,3091,カネ美食品,2669,東S,,"3,750",-25,-0.66%,8,20.2倍,1.19倍,1.01%
20260612,3092,ワッツ,2735,東S,,611,-1,-0.16%,8,9.01倍,0.61倍,3.27%
20260612,3093,ヤマウＨＤ,5284,東S,,"2,152",+2,+0.09%,8,5.79倍,0.95倍,5.20%
20260612,3094,虹技,5603,東S,,"1,196",+10,+0.84%,8,9.81倍,0.25倍,3.34%
20260612,3095,神鋼線,5660,東S,,"1,771",+13,+0.74%,8,ー倍,0.41倍,ー%
20260612,3096,モリテック,5986,東S,,223,-3,-1.33%,8,9.99倍,0.31倍,2.69%
20260612,3097,ＩＲジャパン,6035,東S,,705,-8,-1.12%,8,ー倍,2.05倍,ー%
20260612,3098,リンクバル,6046,東S,,109,-4,-3.54%,8,"2,180倍",2.51倍,ー%
20260612,3099,ファルコム,3723,東G,,"2,302",+14,+0.61%,8,15.1倍,2.11倍,0.43%
20260612,3100,Ｊエスコム,3779,東S,,135,-6,-4.26%,8,ー倍,2.78倍,ー%
20260612,3101,キーウェア,3799,東S,,960,-9,-0.93%,8,9.91倍,1.00倍,4.17%
20260612,3102,イメージ情報,3803,東G,,465,-30,-6.06%,8,ー倍,2.44倍,ー%
20260612,3103,ＳＩ,3826,東S,,436,-3,-0.68%,8,11.9倍,1.07倍,2.52%
20260612,3104,データアプリ,3848,東S,,797,-9,-1.12%,8,28.5倍,1.06倍,4.39%
20260612,3105,岡山製紙,3892,東S,,"1,755",-18,-1.02%,8,11.7倍,0.55倍,2.85%
20260612,3106,アイリッジ,3917,東G,,409,+1,+0.25%,8,10.7倍,1.06倍,ー%
20260612,3107,ピアズ,7066,東G,,372,-11,-2.87%,8,12.4倍,1.16倍,ー%
20260612,3108,アイナボＨＤ,7539,東S,,761,-15,-1.93%,8,11.1倍,0.65倍,3.42%
20260612,3109,田中商事,7619,東S,,872,-17,-1.91%,8,6.16倍,0.45倍,3.56%
20260612,3110,ＧＸ中テ１０,404A,東Ｅ,,"1,335",-44,-3.19%,8,ー倍,ー倍,ー%
20260612,3111,ＵＮＩＣＯＮ,407A,東S,,875,-9,-1.02%,8,7.87倍,2.22倍,5.14%
20260612,3112,ＮＥ,441A,東G,,252,0,0.00%,8,8.56倍,1.91倍,ー%
20260612,3113,ＴＯブックス,500A,東S,,"3,040",+25,+0.83%,8,8.73倍,2.08倍,ー%
20260612,3114,ＧＸＣカバコ,576A,東Ｅ,,995,+1,+0.10%,8,ー倍,ー倍,ー%
20260612,3115,ＧＸ超長米債,180A,東Ｅ,,294.0,-0.1,-0.03%,8,ー倍,ー倍,ー%
20260612,3116,学びエイド,184A,東G,,314,-1,-0.32%,8,ー倍,1.89倍,ー%
20260612,3117,マスカットＧ,195A,東G,,701,+29,+4.32%,8,ー倍,2.21倍,ー%
20260612,3118,ＲＯＸＸ,241A,東G,,448,-10,-2.18%,8,"3,200倍",2.33倍,ー%
20260612,3119,リップス,373A,東G,,"1,497",-8,-0.53%,8,7.92倍,1.00倍,ー%
20260612,3120,ブロードＥ,4415,東G,,"1,159",-34,-2.85%,8,11.0倍,3.84倍,1.83%
20260612,3121,アップガレＧ,7134,東S,,"1,169",-19,-1.60%,8,10.2倍,1.81倍,3.64%
20260612,3122,瑞光,6279,東P,,883,+5,+0.57%,8,17.9倍,0.63倍,2.27%
20260612,3123,カワタ,6292,東S,,828,+9,+1.10%,8,15.2倍,0.44倍,4.59%
20260612,3124,キクカワ,6346,東S,,"5,740",ー,ー%,8,19.9倍,0.54倍,2.09%
20260612,3125,トラースＯＰ,6696,東G,,239,-10,-4.02%,8,ー倍,3.76倍,ー%
20260612,3126,東ソワール,8040,東S,,"1,018",-23,-2.21%,8,10.1倍,0.33倍,4.42%
20260612,3127,ナラサキ,8085,東S,,"3,920",-5,-0.13%,8,7.85倍,0.68倍,3.57%
20260612,3128,クワザワＨＤ,8104,東S,,619,-9,-1.43%,8,7.96倍,0.53倍,4.85%
20260612,3129,千趣会,8165,東S,,118,0,0.00%,8,4.09倍,0.34倍,ー%
20260612,3130,エリアクエス,8912,東S,,170,0,0.00%,8,16.3倍,1.71倍,2.35%
20260612,3131,エデュラボ,4427,東G,,198,-2,-1.00%,8,202倍,1.49倍,ー%
20260612,3132,朝日印刷,3951,東S,,837,-8,-0.95%,7,10.4倍,0.49倍,4.54%
20260612,3133,サンエー化研,4234,東S,,651,-13,-1.96%,7,9.65倍,0.28倍,2.76%
20260612,3134,ジャストプラ,4287,東S,,452,-5,-1.09%,7,10.7倍,1.38倍,2.88%
20260612,3135,Ｍマート,4380,東G,,"1,123",+12,+1.08%,7,12.0倍,2.57倍,2.32%
20260612,3136,環境管理,4657,東S,,424,-2,-0.47%,7,12.7倍,0.82倍,1.89%
20260612,3137,ＸＮＥＴ,4762,東S,,"1,589",+42,+2.71%,7,14.8倍,2.04倍,4.41%
20260612,3138,ＳＳ金Ｈ,448A,東Ｅ,,247.0,-7.6,-2.99%,7,ー倍,ー倍,ー%
20260612,3139,フィットクル,469A,東G,,"1,458",-42,-2.80%,7,10.6倍,1.89倍,ー%
20260612,3140,ＧＬ・再エネ,509A,東IF,,"76,300",-500,-0.65%,7,268倍,7.01倍,2.36%
20260612,3141,エプコ,2311,東S,,785,0,0.00%,7,14.5倍,1.53倍,4.46%
20260612,3142,ＶＬＣセキュ,2467,名N,,216,-3,-1.37%,7,15.0倍,5.16倍,ー%
20260612,3143,野村外国債Ｈ,2512,東Ｅ,,733.3,-0.4,-0.05%,7,ー倍,ー倍,ー%
20260612,3144,オルバヘルス,2689,東S,,"2,021",-15,-0.74%,7,9.07倍,0.95倍,3.96%
20260612,3145,アップル,2788,東S,,359,-4,-1.10%,7,7.54倍,0.44倍,2.79%
20260612,3146,神栄,3004,東S,,"2,084",-4,-0.19%,7,6.53倍,0.75倍,5.28%
20260612,3147,アプライド,3020,東S,,"3,960",-40,-1.00%,7,4.98倍,0.78倍,2.53%
20260612,3148,大光,3160,東S,,559,-3,-0.53%,7,14.5倍,1.27倍,2.68%
20260612,3149,サンヨーＨ,1420,東S,,620,-4,-0.64%,7,5.47倍,0.45倍,4.03%
20260612,3150,上場外債毎月,1677,東Ｅ,,"60,470",ー,ー%,7,ー倍,ー倍,ー%
20260612,3151,ＷＴ原油,1690,東Ｅ,,"2,454.5",+60.5,+2.53%,7,ー倍,ー倍,ー%
20260612,3152,協和日成,1981,東S,,"1,295",-3,-0.23%,7,10.4倍,0.64倍,4.02%
20260612,3153,ＮＹダウベア,2041,東EN,,"2,060",+22,+1.08%,7,ー倍,ー倍,ー%
20260612,3154,米国配当貴族,2044,東EN,,"33,740",-30,-0.09%,7,ー倍,ー倍,ー%
20260612,3155,岡県運送,9063,東S,,"3,900",ー,ー%,7,6.99倍,0.29倍,1.79%
20260612,3156,ベルパーク,9441,東S,,"2,740",+2,+0.07%,7,10.2倍,1.20倍,3.72%
20260612,3157,セレスポ,9625,東S,,"1,077",+2,+0.19%,7,8.68倍,0.60倍,4.64%
20260612,3158,ソレキア,9867,東S,,"10,310",-10,-0.10%,7,6.41倍,0.69倍,0.68%
20260612,3159,ヨンキュウ,9955,東S,,"2,542",-32,-1.24%,7,ー倍,0.76倍,ー%
20260612,3160,蔵王産業,9986,東S,,"2,494",-4,-0.16%,7,18.0倍,1.04倍,4.01%
20260612,3161,ｕｐｒ,7065,東S,,937,-16,-1.68%,7,10.7倍,0.76倍,3.74%
20260612,3162,ヒロセ通商,7185,東S,,"3,740",+10,+0.27%,7,ー倍,1.06倍,ー%
20260612,3163,フジオーゼ,7299,東S,,"1,685",-35,-2.03%,7,9.75倍,0.52倍,3.20%
20260612,3164,山大,7426,東S,,599,-2,-0.33%,7,ー倍,0.36倍,ー%
20260612,3165,永大産業,7822,東S,,240,-1,-0.41%,7,5.30倍,0.25倍,4.17%
20260612,3166,メディシノバ,4875,東S,,200,-4,-1.96%,7,ー倍,ー倍,ー%
20260612,3167,ＳＨＩＮＰＯ,5903,東S,,"1,697",0,0.00%,7,20.7倍,1.31倍,ー%
20260612,3168,洋シヤタ,5936,東S,,879,-11,-1.24%,7,6.96倍,0.53倍,4.89%
20260612,3169,三洋工,5958,東S,,"4,370",0,0.00%,7,9.43倍,0.59倍,4.81%
20260612,3170,アトラＧ,6029,東S,,177,-6,-3.28%,7,ー倍,1.15倍,ー%
20260612,3171,エクストリム,6033,東G,,"1,377",0,0.00%,7,8.01倍,1.07倍,4.94%
20260612,3172,リブセンス,6054,東S,,109,+2,+1.87%,7,ー倍,0.73倍,ー%
20260612,3173,ＧＭＯメディ,6180,東G,,"3,565",-20,-0.56%,7,11.0倍,2.25倍,5.89%
20260612,3174,タメニー,6181,東G,,74,+2,+2.78%,7,10.3倍,2.93倍,ー%
20260612,3175,Ｇキッズ,6189,東S,,934,+7,+0.76%,7,13.7倍,1.12倍,4.28%
20260612,3176,ファンクリＧ,3266,東S,,79,-1,-1.25%,7,8.62倍,0.92倍,1.27%
20260612,3177,トラストＨＤ,3286,東S,,"1,034",-3,-0.29%,7,ー倍,3.77倍,1.74%
20260612,3178,トーエル,3361,東S,,850,-18,-2.07%,7,12.2倍,0.73倍,2.71%
20260612,3179,丸八ＨＤ,3504,名M,,"1,242",-2,-0.16%,7,10.4倍,0.33倍,4.03%
20260612,3180,テクミラ,3627,東S,,259,-2,-0.77%,7,20.8倍,0.52倍,1.93%
20260612,3181,ホットリンク,3680,東G,,227,-3,-1.30%,7,39.1倍,0.88倍,2.73%
20260612,3182,フォーシーズ,3726,東S,,328,+8,+2.50%,7,52.6倍,2.06倍,ー%
20260612,3183,ソフトウェア,3733,東S,,"10,350",-90,-0.86%,7,8.55倍,1.27倍,1.64%
20260612,3184,モバファク,3912,東S,,"1,082",-3,-0.28%,7,8.58倍,3.12倍,4.71%
20260612,3185,ムーンバット,8115,東S,,"1,665",-3,-0.18%,7,12.5倍,1.28倍,3.24%
20260612,3186,ラオックス,8202,東S,,146,-1,-0.68%,7,21.2倍,0.62倍,2.74%
20260612,3187,アジア投資,8518,東S,,133,0,0.00%,7,ー倍,0.48倍,ー%
20260612,3188,ＩＮＣＨＤ,7078,東G,,346,-5,-1.42%,7,ー倍,2.27倍,ー%
20260612,3189,リビングＰＦ,7091,東G,,"1,180",-3,-0.25%,7,12.4倍,2.16倍,0.42%
20260612,3190,デリバリコン,9240,東G,,450,-7,-1.53%,7,16.8倍,1.79倍,ー%
20260612,3191,ＧＲＣＳ,9250,東G,,911,+6,+0.66%,7,20.2倍,-17倍,ー%
20260612,3192,ＴＨＥＣＯＯ,4255,東G,,"2,498",+59,+2.42%,7,21.1倍,7.85倍,ー%
20260612,3193,アソインター,9340,東S,,662,0,0.00%,7,12.9倍,2.11倍,3.93%
20260612,3194,ハルメク,7119,東G,,"1,591",-3,-0.19%,7,14.7倍,1.98倍,2.51%
20260612,3195,豊和銀,8559,福証,,469,+10,+2.18%,7,6.66倍,0.51倍,2.13%
20260612,3196,オートサーバ,5589,東S,,"2,772",+19,+0.69%,7,13.4倍,1.54倍,2.42%
20260612,3197,イタミアート,168A,東G,,"1,134",+9,+0.80%,7,9.98倍,1.26倍,1.76%
20260612,3198,インテＧ,192A,東G,,"1,332",-9,-0.67%,7,36.8倍,1.59倍,ー%
20260612,3199,オプロ,228A,東G,,"1,619",-63,-3.75%,7,12.3倍,2.68倍,ー%
20260612,3200,ビースタイル,302A,東G,,507,+12,+2.42%,7,9.16倍,1.12倍,ー%
20260612,3201,ＧＸＳＰプロ,379A,東Ｅ,,"1,316",-23,-1.72%,7,ー倍,ー倍,ー%
20260612,3202,ＤＭソリュ,6549,東S,,"2,056",-20,-0.96%,7,8.35倍,1.49倍,2.04%
20260612,3203,ＣＧＳＨＤ,6633,東S,,328,-6,-1.80%,7,14.6倍,0.95倍,3.05%
20260612,3204,ＡＢホテル,6565,名M,,"1,306",-18,-1.36%,6,5.88倍,1.19倍,2.22%
20260612,3205,ベストワン,6577,東G,,"2,008",-19,-0.94%,6,12.4倍,2.85倍,1.29%
20260612,3206,ログリー,6579,東G,,367,+12,+3.38%,6,ー倍,3.36倍,ー%
20260612,3207,協立電機,6874,東S,,"2,587",+7,+0.27%,6,8.52倍,0.95倍,3.48%
20260612,3208,ルツボ,5355,東S,,665,+6,+0.91%,6,9.82倍,0.71倍,3.01%
20260612,3209,中可鍛,5607,名M,,615,-3,-0.49%,6,6.07倍,0.30倍,3.09%
20260612,3210,日伸銅,5753,東S,,"2,220",-47,-2.07%,6,5.21倍,0.37倍,0.68%
20260612,3211,イード,6038,東G,,903,-5,-0.55%,6,13.0倍,0.88倍,2.55%
20260612,3212,アビスト,6087,東S,,"3,325",-5,-0.15%,6,22.4倍,1.88倍,3.07%
20260612,3213,ＡＳＪ,2351,東S,,303,-1,-0.33%,6,23.6倍,0.81倍,0.99%
20260612,3214,太陽化,2902,名M,,"2,506",-30,-1.18%,6,8.74倍,0.76倍,4.03%
20260612,3215,シノブフズ,2903,東S,,"1,437",-29,-1.98%,6,9.07倍,1.03倍,2.37%
20260612,3216,スガイ,4120,東S,,"2,467",-50,-1.99%,6,ー倍,0.39倍,3.65%
20260612,3217,ＩＰＳＨＤ,4335,東S,,"1,206",-1,-0.08%,6,11.0倍,1.57倍,3.15%
20260612,3218,ＳＩＧＧ,4386,東S,,812,-4,-0.49%,6,9.21倍,1.65倍,4.06%
20260612,3219,シノプス,4428,東G,,630,+9,+1.45%,6,14.4倍,2.09倍,2.70%
20260612,3220,中京医薬,4558,東S,,198,+1,+0.51%,6,24.9倍,0.82倍,2.53%
20260612,3221,エイジス,4659,東S,,"4,425",0,0.00%,6,ー倍,1.41倍,ー%
20260612,3222,日本ラッド,4736,東S,,571,+10,+1.78%,6,18.3倍,0.86倍,1.75%
20260612,3223,さくらＫＣＳ,4761,東S,,"1,351",-9,-0.66%,6,12.1倍,0.71倍,4.59%
20260612,3224,ＧＭＯコマス,410A,東G,,"1,054",0,0.00%,6,13.6倍,2.16倍,4.58%
20260612,3225,ＢＲＡＮＵ,460A,東G,Ｓ,877,+150,+20.63%,6,15.1倍,4.55倍,ー%
20260612,3226,ｉＳ円高ハン,488A,東Ｅ,,765.7,-1.2,-0.16%,6,ー倍,ー倍,ー%
20260612,3227,ＭＵＲＯ,7264,東S,,"1,255",+4,+0.32%,6,6.26倍,0.33倍,3.75%
20260612,3228,オータケ,7434,東S,,"1,735",-9,-0.52%,6,7.91倍,0.40倍,2.31%
20260612,3229,安楽亭,7562,東S,,"3,715",-10,-0.27%,6,22.5倍,2.08倍,0.40%
20260612,3230,大研医器,7775,東S,,418,-3,-0.71%,6,20.4倍,1.55倍,4.78%
20260612,3231,リブワーク,1431,東G,,642,-3,-0.47%,6,78.6倍,3.44倍,1.00%
20260612,3232,ｉＳＩＧ債Ｈ,1496,東Ｅ,,"1,678",-3,-0.18%,6,ー倍,ー倍,ー%
20260612,3233,ＷＴパラジ,1675,東Ｅ,,"18,160",+710,+4.07%,6,ー倍,ー倍,ー%
20260612,3234,上場ＭＳコク,1680,東Ｅ,,"8,040",-27,-0.33%,6,ー倍,ー倍,ー%
20260612,3235,太洋基礎,1758,東S,,"2,502",-1,-0.04%,6,10.5倍,0.52倍,2.60%
20260612,3236,銭高組,1811,東S,,"7,360",-150,-2.00%,6,34.9倍,0.46倍,ー%
20260612,3237,テノックス,1905,東S,,"1,538",+7,+0.46%,6,10.3倍,0.75倍,4.03%
20260612,3238,伊勢湾,9359,名M,,954,+4,+0.42%,6,9.70倍,0.47倍,3.14%
20260612,3239,ワイヤレスＧ,9419,東S,,293,-2,-0.68%,6,12.8倍,1.91倍,ー%
20260612,3240,ビステム,9780,東S,,902,-1,-0.11%,6,8.04倍,0.81倍,3.99%
20260612,3241,天満屋ス,9846,東S,,985,0,0.00%,6,8.08倍,0.41倍,2.03%
20260612,3242,アメイズ,6076,福証,,"1,130",-4,-0.35%,6,6.88倍,0.91倍,3.10%
20260612,3243,ジャパンＭＡ,9236,東G,,954,-9,-0.93%,6,9.86倍,2.03倍,1.05%
20260612,3244,ココリブ,137A,東G,,647,+2,+0.31%,6,13.6倍,1.89倍,ー%
20260612,3245,ＡＩセレクト,162A,東EN,,"16,395",-275,-1.65%,6,ー倍,ー倍,ー%
20260612,3246,シンカ,149A,東G,,705,0,0.00%,6,ー倍,2.28倍,ー%
20260612,3247,高配当成長,345A,東EN,,"14,410",-25,-0.17%,6,ー倍,ー倍,ー%
20260612,3248,ＩＡＣＥトラ,343A,東S,,"1,139",-21,-1.81%,6,9.05倍,1.27倍,3.34%
20260612,3249,フジコピアン,7957,東S,,"1,639",-6,-0.36%,6,4.18倍,0.31倍,7.20%
20260612,3250,ＡＮＡＰＨＤ,3189,東S,,107,+1,+0.94%,6,ー倍,0.86倍,ー%
20260612,3251,レカム,3323,東S,,71,+1,+1.43%,6,17.9倍,1.04倍,1.69%
20260612,3252,東和フード,3329,東S,,"2,046",+6,+0.29%,6,29.0倍,2.13倍,0.98%
20260612,3253,フジタコーポ,3370,東S,,491,-7,-1.41%,6,13.3倍,6.63倍,0.61%
20260612,3254,大木ヘルス,3417,東S,,"1,095",0,0.00%,6,ー倍,0.44倍,2.74%
20260612,3255,アレンザＨＤ,3546,東P,,"1,456",0,0.00%,6,ー倍,1.36倍,ー%
20260612,3256,山喜,3598,東S,,156,-1,-0.64%,6,24.6倍,0.68倍,ー%
20260612,3257,いい生活,3796,東S,,253,-15,-5.60%,6,17.9倍,1.76倍,1.19%
20260612,3258,スマイルＨＤ,7084,東G,,"2,060",-4,-0.19%,6,ー倍,1.07倍,4.61%
20260612,3259,ネオマーケ,4196,東S,,"1,668",-3,-0.18%,6,41.2倍,4.47倍,ー%
20260612,3260,テンダ,4198,東S,,500,-5,-0.99%,6,111倍,1.29倍,4.40%
20260612,3261,ベイシス,4068,東G,,"1,728",-22,-1.26%,6,24.9倍,1.49倍,ー%
20260612,3262,サンウェルズ,9229,東P,,148,0,0.00%,6,ー倍,0.69倍,ー%
20260612,3263,ランサーズ,4484,東G,,261,-4,-1.51%,5,16.6倍,2.99倍,1.15%
20260612,3264,ランディクス,2981,東G,,"1,940",+2,+0.10%,5,5.86倍,1.12倍,2.89%
20260612,3265,ミクリード,7687,東G,,408,+4,+0.99%,5,9.03倍,1.67倍,2.23%
20260612,3266,コマースワン,4496,東G,,770,-40,-4.94%,5,16.4倍,2.05倍,5.45%
20260612,3267,クリーマ,4017,東G,,199,-5,-2.45%,5,43.3倍,1.19倍,ー%
20260612,3268,Ｂマインド,7343,東G,,"1,177",+5,+0.43%,5,21.1倍,1.67倍,5.95%
20260612,3269,マーキュリア,7347,東P,,760,+2,+0.26%,5,14.7倍,0.85倍,2.89%
20260612,3270,リベロ,9245,東G,,"1,957",-93,-4.54%,5,13.9倍,3.64倍,2.15%
20260612,3271,サークレイス,5029,東G,,661,-6,-0.90%,5,8.28倍,2.27倍,ー%
20260612,3272,ヌーラボ,5033,東G,,729,-11,-1.49%,5,9.57倍,2.35倍,ー%
20260612,3273,ｉＳ米債３Ｈ,2856,東Ｅ,,655.3,0,0.00%,5,ー倍,ー倍,ー%
20260612,3274,野村独株Ｈ有,2860,東Ｅ,,"3,042",-46,-1.49%,5,ー倍,ー倍,ー%
20260612,3275,Ｊ４百ベア２,1469,東Ｅ,,214.6,-0.7,-0.33%,5,ー倍,ー倍,ー%
20260612,3276,ＷＴアグリ,1687,東Ｅ,,967.3,+7.6,+0.79%,5,ー倍,ー倍,ー%
20260612,3277,守谷商会,1798,東S,,"1,009",+2,+0.20%,5,6.47倍,0.59倍,3.77%
20260612,3278,インタスペス,2122,東S,,"1,245",+1,+0.08%,5,18.6倍,1.36倍,2.41%
20260612,3279,ＣＤＳ,2169,東S,,"1,763",-1,-0.06%,5,18.1倍,1.36倍,4.20%
20260612,3280,ＣＳＳ,2304,東S,,902,-13,-1.42%,5,7.58倍,1.33倍,3.88%
20260612,3281,アウン,2459,東S,,165,-1,-0.60%,5,ー倍,3.86倍,ー%
20260612,3282,ジェイテック,2479,東S,,229,-3,-1.29%,5,10.2倍,1.25倍,ー%
20260612,3283,野村新興国債,2519,東Ｅ,,"1,201.5",-3.0,-0.25%,5,ー倍,ー倍,ー%
20260612,3284,オートＷ,2666,東S,,155,+1,+0.65%,5,9.29倍,0.49倍,2.58%
20260612,3285,ＪＨＤ,2721,東S,,116,0,0.00%,5,ー倍,9.56倍,ー%
20260612,3286,フェスタリア,2736,東S,,672,-9,-1.32%,5,15.1倍,1.43倍,1.04%
20260612,3287,はごろも,2831,東S,,"3,455",-5,-0.14%,5,10.8倍,0.65倍,2.03%
20260612,3288,一正蒲鉾,2904,東S,,771,-1,-0.13%,5,18.8倍,0.92倍,1.82%
20260612,3289,オーイズミ,6428,東S,,310,-3,-0.96%,5,11.6倍,0.37倍,3.87%
20260612,3290,ヨシタケ,6488,東S,,915,-6,-0.65%,5,8.37倍,0.63倍,3.93%
20260612,3291,共和コーポ,6570,東S,,"1,622",-10,-0.61%,5,7.96倍,1.65倍,2.47%
20260612,3292,東亜ＤＫＫ,6848,東S,,878,+28,+3.29%,5,18.8倍,0.75倍,2.51%
20260612,3293,アイビー,4918,東S,,258,0,0.00%,5,15.2倍,0.99倍,5.81%
20260612,3294,ノザワ,5237,東S,,"1,108",-5,-0.45%,5,8.45倍,0.60倍,3.88%
20260612,3295,ニッコー,5343,名M,,178,-6,-3.26%,5,ー倍,1.86倍,ー%
20260612,3296,ＪＭＣ,5704,東G,,398,+8,+2.05%,5,16.8倍,1.28倍,ー%
20260612,3297,中西製,5941,東S,,"2,507",+2,+0.08%,5,7.79倍,0.69倍,3.99%
20260612,3298,レアジョブ,6096,東S,,372,-1,-0.27%,5,ー倍,1.58倍,ー%
20260612,3299,土木管理,6171,東S,,385,-4,-1.03%,5,12.1倍,1.04倍,3.12%
20260612,3300,ギークス,7060,東S,,578,-11,-1.87%,5,9.32倍,1.93倍,5.54%
20260612,3301,レシップＨＤ,7213,東S,,564,-2,-0.35%,5,6.64倍,0.79倍,4.61%
20260612,3302,デイトナ,7228,東S,,"3,560",-50,-1.39%,5,7.16倍,0.93倍,4.21%
20260612,3303,アイリック,7325,東G,,695,-5,-0.71%,5,11.2倍,1.50倍,4.60%
20260612,3304,コナカ,7494,東S,,218,0,0.00%,5,4.65倍,0.42倍,4.59%
20260612,3305,ニチリョク,7578,東S,,80,0,0.00%,5,12.1倍,0.52倍,ー%
20260612,3306,タカショー,7590,東S,,398,+7,+1.79%,5,55.9倍,0.52倍,1.26%
20260612,3307,オーウエル,7670,東S,,996,-3,-0.30%,5,6.26倍,0.44倍,4.52%
20260612,3308,ＮＡＴＴＹ,7674,東G,,"2,666",-29,-1.08%,5,652倍,4.96倍,ー%
20260612,3309,寿屋,7809,東S,,"1,331",+4,+0.30%,5,21.5倍,1.33倍,3.38%
20260612,3310,シャノン,3976,東G,,461,-9,-1.91%,5,9.45倍,2.39倍,ー%
20260612,3311,ＣＬＨＤ,4286,東S,,"1,080",-7,-0.64%,5,10.6倍,1.49倍,2.87%
20260612,3312,西菱電機,4341,東S,,844,+9,+1.08%,5,13.6倍,0.52倍,5.33%
20260612,3313,東名,4439,東S,,739,-2,-0.27%,5,8.51倍,2.09倍,1.76%
20260612,3314,ニイタカ,4465,東S,,"2,087",-15,-0.71%,5,8.25倍,0.78倍,3.64%
20260612,3315,アトミクス,4625,東S,,697,-6,-0.85%,5,12.4倍,0.33倍,2.87%
20260612,3316,イマジニア,4644,東S,,"1,019",-7,-0.68%,5,19.7倍,0.82倍,5.89%
20260612,3317,昭和システム,4752,東S,,"1,485",+30,+2.06%,5,8.81倍,1.08倍,4.11%
20260612,3318,ＳＳ米高配,451A,東Ｅ,,295.8,+2.1,+0.72%,5,ー倍,ー倍,ー%
20260612,3319,ニ日経２２５,473A,東Ｅ,,"1,294",0,0.00%,5,ー倍,ー倍,ー%
20260612,3320,防衛航空欧州,498A,東EN,,"8,697",-22,-0.25%,5,ー倍,ー倍,ー%
20260612,3321,グローバル社,3271,東S,,"1,268",0,0.00%,5,11.8倍,3.43倍,ー%
20260612,3322,ケーエフシー,3420,東S,,"1,515",-10,-0.66%,5,10.3倍,0.50倍,4.62%
20260612,3323,アルファＣｏ,3434,東S,,"1,194",-2,-0.17%,5,11.5倍,0.30倍,4.27%
20260612,3324,テルマー湯,3521,東S,,145,0,0.00%,5,21.3倍,0.78倍,3.45%
20260612,3325,オルトＰ,3672,東S,,26,0,0.00%,5,ー倍,1.73倍,ー%
20260612,3326,ＯＤＫ,3839,東S,,620,0,0.00%,5,16.9倍,0.79倍,1.61%
20260612,3327,ＩＮＥＳＴ,7111,東S,,439,+5,+1.15%,5,10.7倍,0.63倍,ー%
20260612,3328,ビジコーチ,9562,東G,,500,-4,-0.79%,5,424倍,1.57倍,3.40%
20260612,3329,アクシスＣ,9344,東G,,950,+14,+1.50%,5,19.7倍,1.50倍,3.68%
20260612,3330,ノバシステム,5257,東S,,"2,440",-17,-0.69%,5,7.70倍,1.45倍,4.30%
20260612,3331,ジンジブ,142A,東G,,753,0,0.00%,5,7.32倍,3.81倍,ー%
20260612,3332,ハッチワーク,148A,東G,,"1,680",-21,-1.23%,5,14.9倍,3.11倍,ー%
20260612,3333,フライヤー,323A,東G,,381,+3,+0.79%,5,22.5倍,4.31倍,ー%
20260612,3334,ＶＰＪ,334A,東G,,906,-39,-4.13%,5,14.7倍,2.36倍,ー%
20260612,3335,マツモト,7901,東S,,792,+8,+1.02%,5,15.7倍,1.52倍,ー%
20260612,3336,ヴィアＨＤ,7918,東S,,104,+1,+0.97%,5,ー倍,-1.1倍,ー%
20260612,3337,リーガル,7938,東S,,"2,046",-25,-1.21%,5,6.42倍,0.45倍,4.00%
20260612,3338,中央魚,8030,東S,,"3,455",0,0.00%,5,6.27倍,0.38倍,3.47%
20260612,3339,アバンティア,8904,東S,,820,-6,-0.73%,5,9.91倍,0.42倍,4.63%
20260612,3340,毎コムネット,8908,東S,,825,+4,+0.49%,5,7.64倍,1.09倍,4.61%
20260612,3341,トルク,8077,東S,,199,-4,-1.97%,4,8.18倍,0.31倍,3.02%
20260612,3342,ナイス,8089,東S,,"1,827",-7,-0.38%,4,6.63倍,0.36倍,4.32%
20260612,3343,三栄コ,8119,東S,,754,+1,+0.13%,4,10.2倍,0.49倍,4.11%
20260612,3344,トミタ,8147,東S,,"1,210",-12,-0.98%,4,9.23倍,0.49倍,2.07%
20260612,3345,タカキュー,8166,東S,,79,0,0.00%,4,25.3倍,1.66倍,ー%
20260612,3346,テンアライド,8207,東S,,283,+1,+0.35%,4,236倍,9.62倍,ー%
20260612,3347,光世,8617,東S,,529,-1,-0.19%,4,ー倍,0.31倍,ー%
20260612,3348,アサックス,8772,東S,,796,-4,-0.50%,4,6.37倍,0.50倍,2.76%
20260612,3349,サンネクスタ,8945,東S,,"1,112",-2,-0.18%,4,18.1倍,1.31倍,3.78%
20260612,3350,ベネフィＪ,3934,東S,,"2,195",-21,-0.95%,4,11.4倍,1.49倍,4.42%
20260612,3351,キャピタルＡ,3965,東S,,833,-6,-0.72%,4,10.3倍,1.24倍,2.52%
20260612,3352,エコモット,3987,東G,,523,-4,-0.76%,4,65.9倍,3.26倍,ー%
20260612,3353,ＳＹＳＨＤ,3988,東S,,520,-4,-0.76%,4,9.11倍,1.41倍,1.54%
20260612,3354,ハイマックス,4299,東S,,"1,132",0,0.00%,4,15.1倍,1.08倍,4.51%
20260612,3355,イサム,4624,東S,,"3,550",0,0.00%,4,ー倍,0.37倍,ー%
20260612,3356,大伸化学,4629,東S,,"1,835",+8,+0.44%,4,10.4倍,0.48倍,2.45%
20260612,3357,鉄人化ＨＤ,2404,東S,,586,+4,+0.69%,4,19.1倍,8.32倍,ー%
20260612,3358,ゲンダイ,2411,東S,,447,+1,+0.22%,4,9.46倍,1.26倍,5.59%
20260612,3359,シダー,2435,東S,,204,+1,+0.49%,4,8.80倍,1.17倍,3.92%
20260612,3360,イーサポート,2493,東S,,910,0,0.00%,4,28.0倍,1.09倍,0.55%
20260612,3361,Ｙｓテーブル,2798,東S,,"2,991",+1,+0.03%,4,23.4倍,11.2倍,ー%
20260612,3362,ピエトロ,2818,東S,,"1,723",-6,-0.35%,4,ー倍,1.92倍,1.39%
20260612,3363,デルソーレ,2876,東S,,435,-16,-3.55%,4,9.68倍,0.62倍,2.76%
20260612,3364,仙波糖化,2916,東S,,706,0,0.00%,4,11.2倍,0.63倍,2.12%
20260612,3365,バナーズ,3011,東S,,150,+1,+0.67%,4,9.41倍,0.83倍,3.33%
20260612,3366,銚子丸,3075,東S,,"1,606",0,0.00%,4,25.6倍,2.30倍,0.93%
20260612,3367,ファンデリー,3137,東S,,188,-1,-0.53%,4,19.1倍,8.10倍,ー%
20260612,3368,アゼアス,3161,東S,,638,+3,+0.47%,4,18.8倍,0.54倍,3.61%
20260612,3369,ウィルズ,4482,東G,,720,+1,+0.14%,4,15.3倍,5.39倍,2.50%
20260612,3370,ｉＳ日本国債,2561,東Ｅ,,"2,018",-4,-0.20%,4,ー倍,ー倍,ー%
20260612,3371,アディッシュ,7093,東G,,499,-6,-1.19%,4,17.9倍,1.99倍,ー%
20260612,3372,フィーチャ,4052,東G,,252,-8,-3.08%,4,105倍,2.13倍,ー%
20260612,3373,日本情報Ｃ,4054,東G,,518,-2,-0.38%,4,9.76倍,1.78倍,2.32%
20260612,3374,ニューラルＧ,4056,東G,,216,-1,-0.46%,4,ー倍,2.23倍,ー%
20260612,3375,Ｐアンチエイ,4934,東G,,603,-13,-2.11%,4,17.5倍,0.75倍,ー%
20260612,3376,バルミューダ,6612,東G,,573,-2,-0.35%,4,490倍,1.93倍,ー%
20260612,3377,Ｓイノベ,4178,東G,,510,-6,-1.16%,4,47.8倍,1.17倍,ー%
20260612,3378,アイスコ,7698,東S,,"2,448",-3,-0.12%,4,19.7倍,2.32倍,0.86%
20260612,3379,Ｅｎｊｉｎ,7370,東G,,730,+2,+0.27%,4,17.9倍,1.15倍,5.48%
20260612,3380,ＡＩＰＦ,7345,東G,,951,-14,-1.45%,4,ー倍,4.36倍,ー%
20260612,3381,コラントッテ,7792,東G,,"1,416",-1,-0.07%,4,9.20倍,2.32倍,3.11%
20260612,3382,ラキール,4074,東G,,711,-22,-3.00%,4,12.2倍,1.32倍,ー%
20260612,3383,グローバルＳ,7126,東S,,"1,490",-10,-0.67%,4,9.47倍,1.69倍,ー%
20260612,3384,Ｊクラフト,7135,東S,,219,0,0.00%,4,45.9倍,2.21倍,1.37%
20260612,3385,セイファート,9213,東S,,"1,044",+10,+0.97%,4,ー倍,1.91倍,ー%
20260612,3386,大石産業,3943,東S,,"1,217",0,0.00%,4,22.9倍,0.49倍,4.27%
20260612,3387,エアクロ,9557,東G,,157,-3,-1.88%,4,ー倍,4.61倍,ー%
20260612,3388,グラッドＣ,9561,東G,,420,+1,+0.24%,4,127倍,4.68倍,ー%
20260612,3389,野村上証５０,1309,東Ｅ,,"53,210",+10,+0.02%,4,ー倍,ー倍,ー%
20260612,3390,タナケン,1450,東S,,"1,340",+14,+1.06%,4,8.33倍,1.25倍,4.10%
20260612,3391,Ｈ株ベア,1573,東Ｅ,,"8,699",+125,+1.46%,4,ー倍,ー倍,ー%
20260612,3392,野村運輸物流,1628,東Ｅ,,"20,740",+50,+0.24%,4,ー倍,ー倍,ー%
20260612,3393,佐藤渡辺,1807,東S,,"1,808",-18,-0.99%,4,12.5倍,0.49倍,4.42%
20260612,3394,土屋ＨＤ,1840,東S,,233,-9,-3.72%,4,23.1倍,0.48倍,4.29%
20260612,3395,高橋ウォール,1994,東S,,550,0,0.00%,4,12.6倍,0.40倍,3.64%
20260612,3396,フジ日本,2114,東S,,611,0,0.00%,4,12.5倍,1.12倍,3.11%
20260612,3397,抵抗器,6977,東S,,"1,201",-64,-5.06%,4,14.9倍,1.27倍,2.50%
20260612,3398,スプリックス,7030,東S,,"1,039",-16,-1.52%,4,13.1倍,1.69倍,3.66%
20260612,3399,ハウテレ,7064,東S,Ｓ,969,+150,+18.32%,4,97.5倍,1.75倍,ー%
20260612,3400,今村証券,7175,東S,,"1,308",-12,-0.91%,4,ー倍,0.51倍,ー%
20260612,3401,田中精密,7218,東S,,928,-1,-0.11%,4,6.03倍,0.35倍,3.66%
20260612,3402,中山福,7442,東S,,477,-2,-0.42%,4,15.0倍,0.38倍,2.52%
20260612,3403,尾家産,7481,東S,,"2,465",+9,+0.37%,4,7.15倍,1.21倍,4.22%
20260612,3404,ヒマラヤ,7514,東S,,857,+3,+0.35%,4,32.8倍,0.66倍,3.03%
20260612,3405,ＮａＩＴＯ,7624,東S,,132,0,0.00%,4,26.8倍,0.55倍,3.03%
20260612,3406,平山,7781,東S,,"1,419",+1,+0.07%,4,12.3倍,1.95倍,3.95%
20260612,3407,ＷＡＳＨハウ,6537,東G,,338,-8,-2.31%,4,27.2倍,1.40倍,ー%
20260612,3408,ハナツアーＪ,6561,東G,,766,-11,-1.42%,4,6.75倍,2.17倍,5.48%
20260612,3409,みらいＷＫＳ,6563,東G,,486,-3,-0.61%,4,7.07倍,1.66倍,ー%
20260612,3410,ＯＳＧコーポ,6757,東S,,820,-5,-0.61%,4,14.3倍,1.73倍,4.88%
20260612,3411,アルチザ,6778,東S,,630,-1,-0.16%,4,28.1倍,0.84倍,3.17%
20260612,3412,ツインバード,6897,東S,,398,+1,+0.25%,4,94.3倍,0.65倍,3.27%
20260612,3413,ケル,6919,東S,,"1,323",-2,-0.15%,4,80.2倍,0.63倍,6.05%
20260612,3414,ＯＫＡＹＡ,6926,東S,,186,-3,-1.59%,4,ー倍,0.70倍,ー%
20260612,3415,スカラ,4845,東S,,331,-1,-0.30%,4,13.8倍,1.22倍,5.14%
20260612,3416,ヨシコン,5280,東S,,"2,128",-7,-0.33%,4,5.24倍,0.50倍,4.23%
20260612,3417,アマテイ,5952,東S,,181,-2,-1.09%,4,15.9倍,1.36倍,2.76%
20260612,3418,イワブチ,5983,東S,,"13,510",+10,+0.07%,4,20.7倍,0.69倍,2.44%
20260612,3419,タケダ機械,6150,東S,,"2,690",0,0.00%,4,10.8倍,0.46倍,2.97%
20260612,3420,ミクロン,6159,東S,,"1,973",+6,+0.31%,4,20.2倍,0.64倍,0.61%
20260612,3421,エスティック,6161,東S,,"1,033",+4,+0.39%,4,8.45倍,0.92倍,3.00%
20260612,3422,フェニクスＢ,6190,東G,,375,+9,+2.46%,4,20.1倍,0.99倍,ー%
20260612,3423,ホープ,6195,東G,,219,+3,+1.39%,4,9.65倍,2.81倍,3.84%
20260612,3424,リンカーズ,5131,東G,,129,+3,+2.38%,4,ー倍,2.39倍,ー%
20260612,3425,ＰＯＰＥＲ,5134,東G,,528,+8,+1.54%,4,37.2倍,2.31倍,ー%
20260612,3426,トリドリ,9337,東G,,"1,627",+6,+0.37%,4,11.9倍,2.84倍,ー%
20260612,3427,日本ＳＢ,5530,名M,,"1,100",-36,-3.17%,4,7.12倍,0.95倍,2.91%
20260612,3428,ブリッジＧ,9225,東G,,959,+10,+1.05%,4,22.4倍,1.58倍,ー%
20260612,3429,オンザページ,9160,東S,,283,0,0.00%,4,6.59倍,1.08倍,ー%
20260612,3430,北海電工,1832,札証,,"1,350",-15,-1.10%,4,8.13倍,0.76倍,1.48%
20260612,3431,Ｄサイクル,5888,東G,,"2,810",-28,-0.99%,4,7.71倍,1.23倍,2.60%
20260612,3432,雨風太陽,5616,東G,,676,+13,+1.96%,4,54.6倍,5.00倍,ー%
20260612,3433,アスア,246A,東G,,"1,069",+11,+1.04%,4,29.4倍,2.70倍,0.65%
20260612,3434,ハンワＨ,275A,名N,,350,+46,+15.13%,4,21.9倍,3.71倍,ー%
20260612,3435,ｖｉｓｕｍｏ,303A,東G,,636,+5,+0.79%,4,62.1倍,1.90倍,ー%
20260612,3436,パパネッツ,9388,福Ｑ,,"1,335",+9,+0.68%,4,7.61倍,1.60倍,3.00%
20260612,3437,ＧＸ中国テク,380A,東Ｅ,,984,-24,-2.38%,4,ー倍,ー倍,ー%
20260612,3438,富士ユナイト,416A,東S,,"1,120",-10,-0.88%,4,12.3倍,0.76倍,5.54%
20260612,3439,野村高利Ｊリ,459A,東Ｅ,,"10,170",-85,-0.83%,4,ー倍,ー倍,ー%
20260612,3440,ｉＳ円社債,515A,東Ｅ,,503.4,+0.5,+0.10%,4,ー倍,ー倍,ー%
20260612,3441,Ｏｎｅ高配グ,541A,東Ｅ,,"1,031.0",+1.0,+0.10%,4,ー倍,ー倍,ー%
20260612,3442,ベーシック,519A,東G,,517,+1,+0.19%,4,9.14倍,2.10倍,ー%
20260612,3443,南総通運,9034,東S,,"1,552",-21,-1.34%,4,10.6倍,0.64倍,5.15%
20260612,3444,大和自,9082,東S,,"1,285",+46,+3.71%,4,57.2倍,0.60倍,0.78%
20260612,3445,神姫バ,9083,東S,,"1,872",-10,-0.53%,4,10.3倍,0.42倍,2.40%
20260612,3446,桜島埠,9353,東S,,"2,629",+47,+1.82%,4,15.4倍,0.50倍,2.05%
20260612,3447,大運,9363,東S,,521,-2,-0.38%,4,7.43倍,0.62倍,3.07%
20260612,3448,アイドマＭＣ,9466,東S,,221,0,0.00%,4,13.8倍,0.86倍,4.52%
20260612,3449,ＳＥＨＩ,9478,東S,,500,-14,-2.72%,4,15.3倍,0.68倍,0.80%
20260612,3450,きんえい,9636,東S,,"4,190",+10,+0.24%,4,77.9倍,4.24倍,0.24%
20260612,3451,白洋舎,9731,東S,,"3,500",+20,+0.57%,4,5.36倍,0.99倍,2.86%
20260612,3452,ジェネックス,9820,東S,,"3,595",+95,+2.71%,4,9.08倍,0.88倍,1.11%
20260612,3453,英和,9857,東S,,"2,400",-21,-0.87%,4,8.21倍,0.80倍,4.00%
20260612,3454,セキド,9878,東S,,427,-3,-0.70%,4,678倍,33.0倍,ー%
20260612,3455,北沢産,9930,東S,,357,+10,+2.88%,4,21.4倍,0.58倍,2.80%
20260612,3456,文教堂ＧＨＤ,9978,東S,,45,0,0.00%,4,167倍,-5.0倍,ー%
20260612,3457,イントランス,3237,東G,,74,+1,+1.37%,4,101倍,17.1倍,ー%
20260612,3458,サンセイラン,3277,東S,,"1,240",-5,-0.40%,4,7.58倍,0.69倍,4.11%
20260612,3459,東武住販,3297,東S,,"1,123",-4,-0.35%,4,10.2倍,0.68倍,3.56%
20260612,3460,フライングＧ,3317,東S,,"1,347",+26,+1.97%,4,11.1倍,1.06倍,1.26%
20260612,3461,メディ一光Ｇ,3353,東S,,"2,708",-1,-0.04%,4,7.84倍,0.65倍,4.43%
20260612,3462,ＺＯＡ,3375,東S,,"1,617",-6,-0.37%,4,5.98倍,0.64倍,4.64%
20260612,3463,Ｊ－ＭＡＸ,3422,東S,,468,-11,-2.30%,4,5.37倍,0.28倍,1.71%
20260612,3464,イノベＨＤ,3484,東S,,"1,079",+4,+0.37%,4,14.2倍,3.67倍,3.15%
20260612,3465,マリオン,3494,東S,,318,-7,-2.15%,4,10.4倍,0.52倍,2.01%
20260612,3466,昭栄薬品,3537,東S,,"1,602",-8,-0.50%,4,12.6倍,0.58倍,2.56%
20260612,3467,ケイブ,3760,東S,,605,0,0.00%,4,ー倍,2.04倍,ー%
20260612,3468,ネクスジェン,3842,東S,,920,-5,-0.54%,4,10.2倍,1.19倍,3.26%
20260612,3469,ＩＣＤＡ,3184,東S,,"4,350",-30,-0.68%,3,6.79倍,0.78倍,1.61%
20260612,3470,ダイトウボウ,3202,東S,,128,-2,-1.54%,3,31.8倍,0.76倍,2.34%
20260612,3471,トーア紡,3204,東S,,490,-5,-1.01%,3,8.28倍,0.30倍,3.06%
20260612,3472,Ｇオイスター,3224,東G,,702,-15,-2.09%,3,110倍,2.45倍,1.42%
20260612,3473,セントラル総,3238,東S,,366,0,0.00%,3,8.80倍,0.34倍,3.55%
20260612,3474,コーセーＲＥ,3246,東S,,627,+1,+0.16%,3,14.5倍,0.61倍,3.83%
20260612,3475,アールエイジ,3248,東S,,847,-22,-2.53%,3,11.7倍,0.56倍,4.25%
20260612,3476,グラン,3261,東G,,403,-18,-4.28%,3,20.7倍,0.63倍,3.72%
20260612,3477,デュアルＴ,3469,東S,,"1,020",+4,+0.39%,3,89.3倍,1.73倍,1.23%
20260612,3478,Ｕ＆Ｃ,3557,東G,,519,+1,+0.19%,3,"1,298倍",5.18倍,ー%
20260612,3479,メディカルＮ,3645,東G,,233,-1,-0.43%,3,17.8倍,1.09倍,1.29%
20260612,3480,イルグルム,3690,東S,,518,-5,-0.96%,3,16.3倍,1.73倍,1.54%
20260612,3481,システムズＤ,3766,東S,,"1,298",+16,+1.25%,3,10.7倍,0.92倍,4.62%
20260612,3482,テクノマセマ,3787,東S,,280,+6,+2.19%,3,23.4倍,0.40倍,ー%
20260612,3483,コラボス,3908,東S,,307,+6,+1.99%,3,28.6倍,1.05倍,1.95%
20260612,3484,ショーケース,3909,東S,,196,+1,+0.51%,3,15.3倍,1.00倍,ー%
20260612,3485,コンバム,6265,東S,,"3,300",+55,+1.69%,3,21.9倍,0.85倍,1.52%
20260612,3486,タカキタ,6325,東S,,393,0,0.00%,3,17.9倍,0.53倍,2.54%
20260612,3487,東自機,6360,東S,,"4,320",+70,+1.65%,3,13.2倍,0.60倍,2.31%
20260612,3488,クラッチ,6408,東S,,"4,250",+120,+2.91%,3,20.5倍,0.32倍,ー%
20260612,3489,高見サイ,6424,東S,,870,+8,+0.93%,3,6.98倍,0.55倍,2.64%
20260612,3490,ＫＶＫ,6484,東S,,"2,400",-19,-0.79%,3,8.76倍,0.63倍,3.54%
20260612,3491,旅工房,6548,東G,,98,+4,+4.26%,3,ー倍,2.27倍,ー%
20260612,3492,ゲームウィズ,6552,東S,,188,+2,+1.08%,3,65.7倍,1.16倍,ー%
20260612,3493,ＭＳコンサル,6555,東S,,424,-2,-0.47%,3,8.67倍,0.65倍,ー%
20260612,3494,不二電機,6654,東S,,"1,064",0,0.00%,3,24.7倍,0.53倍,3.01%
20260612,3495,オプトエレ,6664,東S,,244,-3,-1.21%,3,ー倍,0.48倍,ー%
20260612,3496,伊豆シャボ,6819,東S,,457,+2,+0.44%,3,8.65倍,1.34倍,4.38%
20260612,3497,リーダー電子,6867,東S,,423,+12,+2.92%,3,25.9倍,0.50倍,3.55%
20260612,3498,フェンオール,6870,東S,,"2,338",-2,-0.09%,3,14.9倍,0.87倍,3.34%
20260612,3499,菊水ＨＤ,6912,東S,,"1,926",-25,-1.28%,3,9.90倍,1.02倍,3.06%
20260612,3500,一パン,2215,東S,,599,-3,-0.50%,3,23.0倍,0.47倍,ー%
20260612,3501,コモ,2224,東S,,"3,660",+10,+0.27%,3,62.0倍,5.94倍,0.19%
20260612,3502,コイケヤ,2226,東S,,"4,680",+10,+0.21%,3,19.2倍,2.35倍,1.18%
20260612,3503,福留ハ,2291,東S,,485,0,0.00%,3,11.6倍,0.65倍,ー%
20260612,3504,滝沢ハム,2293,東S,,"2,665",+5,+0.19%,3,68.4倍,1.64倍,0.75%
20260612,3505,エヌアイデイ,2349,東S,,"2,314",ー,ー%,3,10.0倍,1.04倍,1.30%
20260612,3506,ウェッジＨＤ,2388,東G,,38,0,0.00%,3,ー倍,0.62倍,ー%
20260612,3507,プラネット,2391,東S,,"1,176",-4,-0.34%,3,18.8倍,1.45倍,3.74%
20260612,3508,夢みつけ隊,2673,東S,,89,0,0.00%,3,ー倍,0.31倍,ー%
20260612,3509,アイケイＨＤ,2722,東S,,355,-2,-0.56%,3,9.59倍,1.04倍,2.54%
20260612,3510,ヴィレッジＶ,2769,東S,,831,0,0.00%,3,8.96倍,27.1倍,ー%
20260612,3511,パレモ・ＨＤ,2778,東S,,107,+1,+0.94%,3,12.7倍,0.81倍,ー%
20260612,3512,和弘食品,2813,東S,,"3,900",-15,-0.38%,3,8.62倍,0.94倍,2.82%
20260612,3513,あじかん,2907,東S,,"1,369",-8,-0.58%,3,8.91倍,0.56倍,4.24%
20260612,3514,旭松食品,2911,東S,,"2,235",-5,-0.22%,3,27.1倍,0.48倍,1.57%
20260612,3515,セキュアヴェ,3042,東S,,272,0,0.00%,3,22.0倍,1.63倍,1.10%
20260612,3516,ヒラキ,3059,東S,,709,0,0.00%,3,34.5倍,0.58倍,2.82%
20260612,3517,ＪＢイレブン,3066,名M,,611,-4,-0.65%,3,273倍,2.87倍,0.41%
20260612,3518,ジオリーブＧ,3157,東S,,"1,351",-12,-0.88%,3,7.63倍,0.72倍,4.07%
20260612,3519,ミサワ,3169,東S,,662,-3,-0.45%,3,27.4倍,1.45倍,1.21%
20260612,3520,ＡＰＨＤ,3175,東S,,929,+2,+0.22%,3,20.3倍,-50倍,ー%
20260612,3521,光村印,7916,東S,,"1,816",-24,-1.30%,3,ー倍,0.31倍,2.75%
20260612,3522,セーラー,7992,東S,,104,-1,-0.95%,3,ー倍,2.88倍,ー%
20260612,3523,東海エレ,8071,名M,,"2,814",+16,+0.57%,3,16.1倍,0.32倍,4.05%
20260612,3524,キング,8118,東S,,"1,180",+50,+4.42%,3,26.9倍,0.81倍,1.53%
20260612,3525,三京化,8138,東S,,"4,035",ー,ー%,3,9.29倍,0.40倍,2.48%
20260612,3526,デンキョーＧ,8144,東S,,"1,337",+4,+0.30%,3,13.6倍,0.31倍,2.99%
20260612,3527,小林洋行,8742,東S,,550,-1,-0.18%,3,ー倍,0.64倍,ー%
20260612,3528,ＲＩＳＥ,8836,東S,,25,+2,+8.70%,3,ー倍,-1.0倍,ー%
20260612,3529,グロームＨＤ,8938,東G,,310,+10,+3.33%,3,17.4倍,0.45倍,0.97%
20260612,3530,マイネット,3928,東S,,230,-2,-0.86%,3,7.00倍,1.44倍,ー%
20260612,3531,チエル,3933,東S,,440,+2,+0.46%,3,8.22倍,0.98倍,5.23%
20260612,3532,イムラ,3955,東S,,822,-10,-1.20%,3,17.9倍,0.46倍,3.65%
20260612,3533,大阪油化,4124,東S,,"2,526",-7,-0.28%,3,22.5倍,1.69倍,1.82%
20260612,3534,山田債権,4351,東S,,958,-8,-0.83%,3,28.5倍,1.27倍,1.04%
20260612,3535,応用技術,4356,東S,,"1,647",+33,+2.04%,3,12.0倍,1.51倍,2.43%
20260612,3536,ビープラッツ,4381,東G,,237,-13,-5.20%,3,16.4倍,-1.5倍,ー%
20260612,3537,ロジザード,4391,東G,,"1,105",-5,-0.45%,3,14.0倍,1.52倍,1.63%
20260612,3538,ＢＢＳｅｃ,4398,東S,,"1,255",-9,-0.71%,3,12.1倍,2.34倍,1.27%
20260612,3539,アサヒペン,4623,東S,,"1,692",-3,-0.18%,3,9.36倍,0.42倍,3.55%
20260612,3540,トスネット,4754,東S,,"1,503",0,0.00%,3,13.0倍,0.83倍,2.46%
20260612,3541,サンコー,6964,東S,,654,-1,-0.15%,3,10.4倍,0.36倍,3.06%
20260612,3542,アンファク,7035,東S,,231,-4,-1.70%,3,ー倍,3.24倍,ー%
20260612,3543,ＥＭネットＪ,7036,東G,,616,-7,-1.12%,3,17.5倍,2.84倍,ー%
20260612,3544,ピアラ,7044,東S,,537,+3,+0.56%,3,17.7倍,6.01倍,ー%
20260612,3545,ＨＫＳ,7219,東S,,"2,300",+40,+1.77%,3,10.0倍,0.30倍,2.83%
20260612,3546,エイケン工業,7265,東S,,"3,700",-35,-0.94%,3,12.7倍,0.62倍,2.97%
20260612,3547,初穂商事,7425,東S,,"2,373",-43,-1.78%,3,8.92倍,0.78倍,3.37%
20260612,3548,エコーＴＤ,7427,東S,,819,+1,+0.12%,3,6.56倍,0.41倍,3.66%
20260612,3549,鳥羽洋行,7472,東S,,"3,525",-75,-2.08%,3,11.1倍,0.63倍,3.40%
20260612,3550,ムサシ,7521,東S,,"2,597",ー,ー%,3,45.3倍,0.48倍,1.39%
20260612,3551,うかい,7621,東S,,"3,310",0,0.00%,3,ー倍,3.71倍,0.45%
20260612,3552,ダイイチ,7643,東S,,"1,695",-10,-0.59%,3,15.9倍,1.07倍,2.36%
20260612,3553,ＰＬＡＮＴ,7646,東S,,"1,782",+47,+2.71%,3,11.2倍,0.78倍,5.33%
20260612,3554,プリントＮ,7805,東S,,734,-4,-0.54%,3,9.52倍,0.81倍,1.77%
20260612,3555,グラファイト,7847,東S,,621,-2,-0.32%,3,19.4倍,0.80倍,4.83%
20260612,3556,スターツ出版,7849,東S,,"3,310",-40,-1.19%,3,8.39倍,1.19倍,3.93%
20260612,3557,光・彩,7878,東S,Ｓ,"1,046",+150,+16.74%,3,6.02倍,1.01倍,2.87%
20260612,3558,アミファ,7800,東S,,885,-14,-1.56%,3,4.19倍,1.13倍,3.39%
20260612,3559,パワーソリュ,4450,東G,,"1,922",-12,-0.62%,3,27.7倍,1.65倍,1.35%
20260612,3560,浜木綿,7682,東S,,"4,065",0,0.00%,3,48.2倍,5.17倍,0.42%
20260612,3561,スペースマ,4487,東G,,213,-1,-0.47%,3,17.1倍,2.64倍,ー%
20260612,3562,関通ＨＤ,9326,東G,,420,+4,+0.96%,3,15.9倍,1.89倍,2.38%
20260612,3563,レッティ,7356,東G,,113,+1,+0.89%,3,13.6倍,4.93倍,ー%
20260612,3564,インバウＴ,7031,東G,,613,+12,+2.00%,3,ー倍,1.24倍,ー%
20260612,3565,ＨＣＨ,7361,東G,,"1,155",+5,+0.43%,3,8.25倍,2.45倍,3.90%
20260612,3566,イーロジット,9327,東S,,193,-3,-1.53%,3,386倍,1.51倍,ー%
20260612,3567,ファブリカ,4193,東S,,"2,200",-33,-1.48%,3,12.6倍,3.20倍,1.82%
20260612,3568,ワンプラ,4199,東G,,710,-5,-0.70%,3,ー倍,5.42倍,ー%
20260612,3569,くふうカンパ,4376,東G,,172,-2,-1.15%,3,ー倍,1.26倍,ー%
20260612,3570,一家ＨＤ,7127,東S,,686,0,0.00%,3,22.0倍,5.11倍,ー%
20260612,3571,ニフティＬＳ,4262,東G,,"1,371",-3,-0.22%,3,10.5倍,1.40倍,4.67%
20260612,3572,ＣａＳｙ,9215,東G,,881,-18,-2.00%,3,ー倍,6.02倍,ー%
20260612,3573,ギックス,9219,東G,,901,-2,-0.22%,3,ー倍,3.01倍,5.94%
20260612,3574,ｉＳＧＪリト,2852,東Ｅ,,173.4,+0.1,+0.06%,3,ー倍,ー倍,ー%
20260612,3575,ヤマイチ,2984,東S,,694,0,0.00%,3,5.11倍,0.43倍,4.47%
20260612,3576,ホームポジ,2999,東S,,564,+2,+0.36%,3,22.1倍,0.89倍,1.77%
20260612,3577,ＧＸ日カバコ,2858,東Ｅ,,"1,499",+18,+1.22%,3,ー倍,ー倍,ー%
20260612,3578,ファインズ,5125,東G,,465,-8,-1.69%,3,25.7倍,0.95倍,ー%
20260612,3579,ホーブ,1382,東S,,"1,475",0,0.00%,3,62.4倍,1.55倍,3.39%
20260612,3580,ベルグアース,1383,東S,,"2,859",+1,+0.03%,3,84.7倍,2.44倍,0.35%
20260612,3581,ＷＴ貴金属,1676,東Ｅ,,"41,680",-630,-1.49%,3,ー倍,ー倍,ー%
20260612,3582,ＷＴ大豆,1697,東Ｅ,,"4,300",+11,+0.26%,3,ー倍,ー倍,ー%
20260612,3583,暁飯島工業,1997,東S,,"3,650",-130,-3.44%,3,10.5倍,0.92倍,2.60%
20260612,3584,セーラー広告,2156,東S,,260,+3,+1.17%,3,ー倍,0.58倍,2.31%
20260612,3585,広電鉄,9033,東S,,618,+1,+0.16%,3,18.8倍,0.42倍,1.29%
20260612,3586,東海汽,9173,東S,,"3,000",0,0.00%,3,41.2倍,1.28倍,ー%
20260612,3587,ＳＦＪ,9206,東S,,"1,949",0,0.00%,3,24.5倍,-3.3倍,ー%
20260612,3588,川西倉,9322,東S,,"2,221",-29,-1.29%,3,26.3倍,0.77倍,5.94%
20260612,3589,大東港運,9367,東S,,"1,811",-49,-2.63%,3,19.6倍,1.48倍,1.71%
20260612,3590,東海運,9380,東S,,406,-1,-0.25%,3,13.9倍,0.61倍,2.22%
20260612,3591,ショーエイ,9385,東S,,682,-9,-1.30%,3,5.42倍,1.03倍,5.13%
20260612,3592,クロップス,9428,東S,,"1,221",ー,ー%,3,6.22倍,0.87倍,2.62%
20260612,3593,フォーバルＴ,9445,東S,,522,-4,-0.76%,3,9.72倍,2.22倍,4.79%
20260612,3594,ＫＹＣＯＭ,9685,東S,,529,-17,-3.11%,3,5.97倍,0.51倍,1.89%
20260612,3595,ＫＳＫ,9687,東S,,"4,325",-5,-0.12%,3,11.4倍,1.43倍,4.39%
20260612,3596,ＭＸ中国株投,2530,東Ｅ,,"17,355",0,0.00%,3,ー倍,ー倍,ー%
20260612,3597,Ｏｎｅ中国５,2553,東Ｅ,,"2,481.0",+15.0,+0.61%,3,ー倍,ー倍,ー%
20260612,3598,サンクゼール,2937,東G,,"1,676",0,0.00%,3,38.7倍,3.01倍,2.09%
20260612,3599,アイズ,5242,東G,,868,-12,-1.36%,3,297倍,1.48倍,ー%
20260612,3600,ＢＴＭ,5247,東G,,532,-9,-1.66%,3,22.7倍,2.07倍,ー%
20260612,3601,上場ＳＰイ１,2240,東Ｅ,,"5,549",+44,+0.80%,3,ー倍,ー倍,ー%
20260612,3602,日本ナレッジ,5252,東G,,768,0,0.00%,3,30.4倍,2.64倍,0.91%
20260612,3603,ビズメイツ,9345,東G,,561,-5,-0.88%,3,8.89倍,0.95倍,2.67%
20260612,3604,ココルポート,9346,東G,,"1,658",-2,-0.12%,3,10.6倍,1.95倍,3.68%
20260612,3605,ＱＬＳＨＤ,7075,東G,,770,-1,-0.13%,3,7.94倍,2.80倍,1.43%
20260612,3606,ブリーチ,9162,東G,,238,+6,+2.59%,3,ー倍,0.65倍,ー%
20260612,3607,第一交通,9035,福証,,727,-1,-0.14%,3,10.8倍,0.55倍,3.44%
20260612,3608,ＲＫＢＨＤ,9407,福証,,"5,920",ー,ー%,3,14.3倍,0.31倍,1.44%
20260612,3609,インバＰＦ,5587,東G,,757,-21,-2.70%,3,11.1倍,1.64倍,ー%
20260612,3610,ｉＳＨＹ社債,2258,東Ｅ,,229.3,+0.1,+0.04%,3,ー倍,ー倍,ー%
20260612,3611,ＧＸＣＦキン,234A,東Ｅ,,"1,368",+8,+0.59%,3,ー倍,ー倍,ー%
20260612,3612,リスキル,291A,東G,,"1,693",-13,-0.76%,3,8.72倍,1.83倍,ー%
20260612,3613,ｉＦ英１００,363A,東Ｅ,,"2,614",-13,-0.49%,3,ー倍,ー倍,ー%
20260612,3614,トーヨアサノ,5271,東S,,"2,197",-3,-0.14%,3,10.4倍,0.75倍,3.87%
20260612,3615,高見沢,5283,東S,,"2,925",0,0.00%,3,4.83倍,0.31倍,2.39%
20260612,3616,クニミネ,5388,東S,,"1,209",-6,-0.49%,3,10.9倍,0.66倍,3.31%
20260612,3617,高田機,5923,東S,,"1,058",-20,-1.86%,3,28.0倍,0.29倍,4.73%
20260612,3618,パワーファス,5950,東S,,140,+1,+0.72%,3,28.6倍,0.89倍,1.79%
20260612,3619,ダイニチ工業,5951,東S,,945,-1,-0.11%,3,12.8倍,0.52倍,2.96%
20260612,3620,兼房,5984,東S,,707,-17,-2.35%,3,10.9倍,0.31倍,3.25%
20260612,3621,赤阪鉄,6022,東S,,"2,489",+13,+0.53%,3,37.0倍,0.30倍,ー%
20260612,3622,ＭＲＴ,6034,東G,,611,-12,-1.93%,3,25.9倍,0.73倍,ー%
20260612,3623,イトクロ,6049,東G,,258,-1,-0.39%,3,16.9倍,0.57倍,ー%
20260612,3624,ウチヤマＨＤ,6059,東S,,346,+1,+0.29%,3,22.9倍,0.47倍,2.89%
20260612,3625,ＥＡＪ,6063,東S,,891,-8,-0.89%,3,16.0倍,1.20倍,ー%
20260612,3626,ＨＭＴ,6090,東S,,611,-5,-0.81%,3,16.8倍,1.78倍,2.95%
20260612,3627,バーチャレク,6193,東G,,992,+7,+0.71%,3,10.8倍,1.73倍,1.51%
20260612,3628,日本色材,4920,東S,,"1,138",+27,+2.43%,2,12.4倍,0.54倍,2.64%
20260612,3629,アジュバン,4929,東S,,726,-1,-0.14%,2,242倍,1.38倍,1.65%
20260612,3630,報国マテリア,5542,東S,,798,-2,-0.25%,2,10.6倍,0.91倍,3.13%
20260612,3631,日鋳造,5609,東S,,865,+3,+0.35%,2,11.6倍,0.36倍,2.89%
20260612,3632,大谷工業,5939,東S,,"4,910",-25,-0.51%,2,14.7倍,0.87倍,0.61%
20260612,3633,ＴＯＮＥ,5967,東S,,443,-1,-0.23%,2,12.6倍,0.82倍,2.03%
20260612,3634,スーパツール,5990,東S,,"1,983",-3,-0.15%,2,27.6倍,0.45倍,3.03%
20260612,3635,阪神燃,6018,東S,,"5,320",+130,+2.50%,2,23.6倍,1.10倍,1.71%
20260612,3636,ＪＳＳ,6074,東S,,473,-5,-1.05%,2,6.57倍,0.60倍,4.44%
20260612,3637,ウエスコＨＤ,6091,東S,,841,+8,+0.96%,2,13.2倍,0.67倍,3.33%
20260612,3638,旭精機,6111,名M,,"1,983",-16,-0.80%,2,151倍,0.32倍,3.03%
20260612,3639,高松機械,6155,東S,,477,-1,-0.21%,2,38.7倍,0.32倍,2.10%
20260612,3640,和井田,6158,東S,,949,+14,+1.50%,2,17.6倍,0.59倍,4.00%
20260612,3641,一蔵,6186,東S,,371,-1,-0.27%,2,11.6倍,0.76倍,4.04%
20260612,3642,エンシュウ,6218,東S,,590,-10,-1.67%,2,14.9倍,0.35倍,2.03%
20260612,3643,ＫＬＡＳＳ,6233,東S,,395,-1,-0.25%,2,8.76倍,0.65倍,2.53%
20260612,3644,ジェイック,7073,東G,,"2,251",-24,-1.05%,2,16.7倍,1.95倍,2.44%
20260612,3645,２４７ＨＤ,7074,東G,,166,0,0.00%,2,202倍,28.2倍,ー%
20260612,3646,ユナイト,4486,東G,,662,+3,+0.46%,2,10.8倍,2.28倍,2.42%
20260612,3647,ひとまいる,7686,東S,,411,-1,-0.24%,2,18.5倍,2.40倍,4.87%
20260612,3648,レンティア,7081,東S,,"1,310",-5,-0.38%,2,9.11倍,1.15倍,2.82%
20260612,3649,ニッソウ,1444,東G,,"2,855",+9,+0.32%,2,ー倍,1.92倍,ー%
20260612,3650,Ｃマネージ,4491,東S,,"2,954",+18,+0.61%,2,11.8倍,1.45倍,2.03%
20260612,3651,ヴィス,5071,東S,,"1,366",+1,+0.07%,2,9.30倍,1.45倍,4.32%
20260612,3652,エコミック,3802,東S,,464,-5,-1.07%,2,11.3倍,1.17倍,2.80%
20260612,3653,グッドパッチ,7351,東G,,452,-7,-1.53%,2,9.65倍,0.92倍,2.21%
20260612,3654,Ｋラーニング,7353,東G,,564,-3,-0.53%,2,11.8倍,2.72倍,ー%
20260612,3655,インタファク,4057,東G,,355,0,0.00%,2,27.0倍,1.17倍,ー%
20260612,3656,ｉＳ新興債Ｈ,2622,東Ｅ,,"1,724",-1,-0.06%,2,ー倍,ー倍,ー%
20260612,3657,ｉＳユＩＧＨ,2623,東Ｅ,,"1,939",-1,-0.05%,2,ー倍,ー倍,ー%
20260612,3658,バリオ,4494,東S,,654,-11,-1.65%,2,ー倍,0.47倍,ー%
20260612,3659,ＳＡＮＥＩ,6230,東S,,"2,230",+18,+0.81%,2,7.98倍,0.67倍,3.36%
20260612,3660,ｉＦＥＧＢＡ,2629,東Ｅ,,"3,630",-32,-0.87%,2,ー倍,ー倍,ー%
20260612,3661,メイホーＨＤ,7369,東G,,436,0,0.00%,2,10.3倍,0.84倍,ー%
20260612,3662,ステムセル研,7096,東G,,674,+14,+2.12%,2,64.6倍,2.53倍,ー%
20260612,3663,シイエヌエス,4076,東G,,"1,626",-7,-0.43%,2,8.88倍,1.14倍,3.38%
20260612,3664,モビルス,4370,東G,,297,-7,-2.30%,2,ー倍,1.34倍,ー%
20260612,3665,メディア総研,9242,東G,,"1,857",-12,-0.64%,2,9.38倍,1.26倍,1.35%
20260612,3666,エコシステム,9249,東S,,"1,582",+5,+0.32%,2,24.0倍,2.23倍,1.14%
20260612,3667,トゥルーＤ,4416,東G,,413,+3,+0.73%,2,31.7倍,1.72倍,ー%
20260612,3668,マーキュリー,5025,東G,,596,-22,-3.56%,2,20.1倍,1.50倍,ー%
20260612,3669,ＡＳＮＯＶＡ,9223,東G,,396,+1,+0.25%,2,ー倍,1.66倍,0.51%
20260612,3670,ストレジ王,2997,東G,,940,+1,+0.11%,2,13.0倍,1.41倍,ー%
20260612,3671,ペットゴー,7140,東G,,849,+25,+3.03%,2,19.5倍,1.58倍,ー%
20260612,3672,アルバイトＴ,2341,東S,,155,-1,-0.64%,2,20.4倍,0.99倍,3.23%
20260612,3673,オルアバウト,2454,東S,,345,-3,-0.86%,2,ー倍,1.36倍,ー%
20260612,3674,ＵＮＩＴＥＤ,2497,東G,,494,0,0.00%,2,737倍,1.08倍,4.45%
20260612,3675,日本和装,2499,東S,,277,0,0.00%,2,9.66倍,0.70倍,5.05%
20260612,3676,ＭＸＪリコア,2517,東Ｅ,,"1,087.0",+5.0,+0.46%,2,ー倍,ー倍,ー%
20260612,3677,農中４００,2526,東Ｅ,,"35,200",-500,-1.40%,2,ー倍,ー倍,ー%
20260612,3678,マルサンアイ,2551,名M,,"3,530",0,0.00%,2,9.68倍,1.07倍,0.85%
20260612,3679,上場リートＭ,2552,東Ｅ,,"1,920",+13,+0.68%,2,ー倍,ー倍,ー%
20260612,3680,ユニカフェ,2597,東S,,"1,082",0,0.00%,2,27.9倍,2.02倍,ー%
20260612,3681,ＣＶＳベイ,2687,東S,,477,-1,-0.21%,2,9.61倍,0.75倍,4.19%
20260612,3682,久世,2708,東S,,"1,819",-4,-0.22%,2,6.01倍,0.87倍,2.47%
20260612,3683,日東ベスト,2877,東S,,735,-8,-1.08%,2,22.2倍,0.53倍,1.63%
20260612,3684,石井食,2894,東S,,321,-5,-1.53%,2,76.3倍,1.40倍,1.25%
20260612,3685,ＫＴＫ,3035,東S,,756,0,0.00%,2,9.85倍,0.87倍,2.65%
20260612,3686,ハイパー,3054,東S,,232,0,0.00%,2,22.0倍,0.73倍,3.02%
20260612,3687,サイボー,3123,東S,,634,-3,-0.47%,2,8.20倍,0.41倍,2.84%
20260612,3688,富士山ＭＳ,3138,東S,,"1,155",0,0.00%,2,39.7倍,1.66倍,1.39%
20260612,3689,ＯＣＨＩＨＤ,3166,東S,,"1,375",-1,-0.07%,2,13.7倍,0.73倍,4.00%
20260612,3690,ティーライフ,3172,東S,,"1,149",+2,+0.17%,2,26.1倍,0.77倍,2.61%
20260612,3691,コミニックス,3173,東S,,963,-17,-1.73%,2,8.27倍,0.77倍,4.15%
20260612,3692,ありがとうＳ,3177,東S,,"3,450",+50,+1.47%,2,6.47倍,0.93倍,3.91%
20260612,3693,ミラタップ,3187,東G,,242,0,0.00%,2,19.0倍,1.51倍,ー%
20260612,3694,ウィル,3241,東S,,556,-10,-1.77%,2,7.17倍,1.19倍,4.23%
20260612,3695,エスポア,3260,名N,,739,+8,+1.09%,2,ー倍,198倍,ー%
20260612,3696,アズマハウス,3293,東S,,756,-2,-0.26%,2,9.55倍,0.35倍,4.63%
20260612,3697,日本麻,3306,東S,,595,-8,-1.33%,2,875倍,1.24倍,0.67%
20260612,3698,ランシステム,3326,東S,,608,-2,-0.33%,2,23.5倍,8.05倍,ー%
20260612,3699,関門海,3372,東S,,220,-1,-0.45%,2,25.1倍,2.14倍,ー%
20260612,3700,北紡,3409,東S,,90,+2,+2.27%,2,143倍,1.86倍,ー%
20260612,3701,エスイー,3423,東S,,268,-2,-0.74%,2,51.0倍,0.77倍,4.48%
20260612,3702,サンコテクノ,3435,東S,,"1,360",-34,-2.44%,2,8.61倍,0.54倍,3.38%
20260612,3703,特殊電極,3437,東S,,"2,653",-23,-0.86%,2,13.2倍,0.54倍,3.84%
20260612,3704,フエルト,3512,東S,,813,+11,+1.37%,2,27.2倍,0.61倍,3.44%
20260612,3705,ソトー,3571,東S,,695,-1,-0.14%,2,ー倍,0.57倍,5.76%
20260612,3706,クラウディア,3607,東S,,352,-4,-1.12%,2,9.11倍,0.69倍,2.84%
20260612,3707,ボルテージ,3639,東S,,214,-3,-1.38%,2,ー倍,0.64倍,ー%
20260612,3708,パピレス,3641,東S,,914,+9,+0.99%,2,62.3倍,0.88倍,1.09%
20260612,3709,ＧＭＯ－ＰＰ,3695,東G,,"1,645",+28,+1.73%,2,19.2倍,3.02倍,3.90%
20260612,3710,ＭＫシステム,3910,東S,,275,-3,-1.08%,2,7.77倍,1.65倍,2.91%
20260612,3711,アイビーシー,3920,東S,,983,-3,-0.30%,2,12.7倍,2.27倍,2.24%
20260612,3712,静甲,6286,東S,,"1,430",-10,-0.69%,2,9.24倍,0.53倍,1.96%
20260612,3713,丸山製,6316,東S,,"2,461",+10,+0.41%,2,10.6倍,0.45倍,3.05%
20260612,3714,タクミナ,6322,東S,,"1,579",+6,+0.38%,2,8.83倍,0.96倍,3.42%
20260612,3715,明治機,6334,東S,,450,-1,-0.22%,2,48.4倍,1.58倍,1.33%
20260612,3716,不二精機,6400,東S,,261,+3,+1.16%,2,7.31倍,0.53倍,2.68%
20260612,3717,要興業,6566,東S,,"1,175",-15,-1.26%,2,12.1倍,0.89倍,ー%
20260612,3718,森尾電,6647,東S,,"2,570",+50,+1.98%,2,11.3倍,0.56倍,2.33%
20260612,3719,ユビテック,6662,東S,,217,0,0.00%,2,ー倍,2.15倍,ー%
20260612,3720,ソフィア,6942,東S,,"1,303",-5,-0.38%,2,863倍,2.01倍,ー%
20260612,3721,ニッチツ,7021,東S,,"1,769",-37,-2.05%,2,29.0倍,0.28倍,1.70%
20260612,3722,テノ．ＨＤ,7037,東S,,860,-12,-1.38%,2,13.6倍,2.11倍,1.16%
20260612,3723,アクセスＨＤ,7042,東S,,570,-8,-1.38%,2,10.5倍,1.34倍,3.86%
20260612,3724,カネミツ,7208,東S,,"1,141",+9,+0.80%,2,8.58倍,0.47倍,3.59%
20260612,3725,ＧＭＢ,7214,東S,,920,+6,+0.66%,2,4.90倍,0.22倍,5.11%
20260612,3726,東邦レマック,7422,東S,,399,+2,+0.50%,2,28.6倍,0.46倍,2.86%
20260612,3727,ＣＡＰＩＴＡ,7462,東S,,640,+5,+0.79%,2,13.2倍,1.42倍,3.13%
20260612,3728,サンリン,7486,東S,,737,+1,+0.14%,2,9.26倍,0.41倍,3.26%
20260612,3729,かんなん丸,7585,東S,,416,-1,-0.24%,2,ー倍,4.58倍,ー%
20260612,3730,梅の花Ｇ,7604,東S,,850,-8,-0.93%,2,15.6倍,3.88倍,1.18%
20260612,3731,オーエムツー,7614,東S,,"1,538",+3,+0.20%,2,10.3倍,0.57倍,2.34%
20260612,3732,ハンズマン,7636,東S,,794,-2,-0.25%,2,12.0倍,0.59倍,3.78%
20260612,3733,メディキット,7749,東S,,"2,816",+30,+1.08%,2,14.3倍,0.87倍,3.55%
20260612,3734,シンシア,7782,東S,,473,+8,+1.72%,2,12.7倍,1.13倍,3.38%
20260612,3735,オービス,7827,東S,,"1,575",-7,-0.44%,2,7.93倍,0.50倍,3.94%
20260612,3736,アイフィス,7833,東S,,627,+1,+0.16%,2,10.6倍,1.03倍,4.78%
20260612,3737,ソノコム,7902,東S,,992,-18,-1.78%,2,20.1倍,0.39倍,1.31%
20260612,3738,野崎紙,7919,東S,,191,+1,+0.53%,2,ー倍,0.67倍,ー%
20260612,3739,三光産業,7922,東S,,718,+1,+0.14%,2,ー倍,0.62倍,ー%
20260612,3740,日デコラ,7950,名M,,"8,500",ー,ー%,2,12.5倍,0.41倍,4.35%
20260612,3741,リヒトラブ,7975,東S,,"1,072",-6,-0.56%,2,18.2倍,0.33倍,2.33%
20260612,3742,ミロク,7983,東S,,"1,063",+8,+0.76%,2,5.12倍,0.27倍,0.94%
20260612,3743,ナイガイ,8013,東S,,361,-2,-0.55%,2,40.3倍,0.41倍,ー%
20260612,3744,マルイチ,8228,名M,,"1,139",+2,+0.18%,2,12.5倍,0.87倍,2.46%
20260612,3745,はせがわ,8230,東S,,304,-2,-0.65%,2,9.87倍,0.43倍,4.93%
20260612,3746,井筒屋,8260,東S,,382,+5,+1.33%,2,8.49倍,0.35倍,1.83%
20260612,3747,丸八証券,8700,東S,,"1,741",+17,+0.99%,2,ー倍,0.85倍,ー%
20260612,3748,Ｖゴルフ,3931,東G,,"1,805",+3,+0.17%,2,29.7倍,3.05倍,1.39%
20260612,3749,ビーグリー,3981,東S,,"1,218",-2,-0.16%,2,9.45倍,0.87倍,3.69%
20260612,3750,テモナ,3985,東S,,174,+1,+0.58%,2,45.4倍,2.63倍,ー%
20260612,3751,ニックス,4243,東S,,878,+3,+0.34%,2,10.7倍,0.43倍,2.28%
20260612,3752,竹本容器,4248,東S,,870,-1,-0.11%,2,11.7倍,0.87倍,4.37%
20260612,3753,東邦化,4409,東S,,721,0,0.00%,2,ー倍,0.63倍,ー%
20260612,3754,Ａｍａｚｉａ,4424,東G,,199,+1,+0.51%,2,ー倍,1.74倍,ー%
20260612,3755,ＧＤＨ,4437,東G,,837,-31,-3.57%,2,9.32倍,1.75倍,0.60%
20260612,3756,仁丹,4524,東S,,"2,154",-9,-0.42%,2,16.7倍,0.68倍,3.02%
20260612,3757,神東塗,4615,東S,,125,-1,-0.79%,2,21.3倍,0.32倍,ー%
20260612,3758,オリジナル設,4642,東S,,"1,447",+5,+0.35%,2,14.5倍,1.07倍,2.76%
20260612,3759,秀英,4678,東S,,310,-2,-0.64%,2,4.62倍,0.44倍,3.23%
20260612,3760,トーセ,4728,東S,,631,-4,-0.63%,2,6.05倍,0.75倍,3.96%
20260612,3761,ダイサン,4750,東S,,546,-2,-0.36%,2,26.9倍,0.61倍,4.03%
20260612,3762,アトラスＴ,9563,東G,,281,0,0.00%,2,52.2倍,1.23倍,ー%
20260612,3763,ＧＬＯＥ,9565,東G,,651,+1,+0.15%,2,ー倍,3.53倍,ー%
20260612,3764,スマサポ,9342,東G,,789,+15,+1.94%,2,12.2倍,3.12倍,ー%
20260612,3765,ＭＸダウへ有,2242,東Ｅ,,645.8,-9.1,-1.39%,2,ー倍,ー倍,ー%
20260612,3766,マルタイ,2919,福証,,"4,105",ー,ー%,2,17.8倍,0.76倍,1.22%
20260612,3767,筑邦銀,8398,福証,,"1,890",+20,+1.07%,2,7.12倍,0.30倍,3.17%
20260612,3768,南日銀,8554,福証,,"1,265",+18,+1.44%,2,7.07倍,0.27倍,3.95%
20260612,3769,上場米債０ラ,2093,東Ｅ,,"5,336",+6,+0.11%,2,ー倍,ー倍,ー%
20260612,3770,バリューＣ,9238,東G,,418,-30,-6.70%,2,ー倍,24.7倍,ー%
20260612,3771,ｉＳ米総合債,2256,東Ｅ,,225.5,+0.1,+0.04%,2,ー倍,ー倍,ー%
20260612,3772,ウィルスマ,175A,東G,,597,-3,-0.50%,2,32.2倍,-25倍,ー%
20260612,3773,ＧＸ印１０＋,188A,東Ｅ,,845,-16,-1.86%,2,ー倍,ー倍,ー%
20260612,3774,ＤＭカンパニ,189A,東G,,913,-8,-0.87%,2,14.0倍,0.94倍,2.19%
20260612,3775,ｉＳ国債７,236A,東Ｅ,,444.1,+0.2,+0.05%,2,ー倍,ー倍,ー%
20260612,3776,リプライオリ,242A,福Ｑ,,517,-45,-8.01%,2,7.06倍,0.90倍,4.41%
20260612,3777,グロースｘＰ,244A,東G,,"1,133",+35,+3.19%,2,7.37倍,1.05倍,ー%
20260612,3778,ＩＮＧＳ,245A,東G,,"2,321",+47,+2.07%,2,17.3倍,2.76倍,ー%
20260612,3779,キッズスター,248A,東G,,871,-1,-0.11%,2,32.2倍,0.95倍,ー%
20260612,3780,ミライロ,335A,東G,,367,+3,+0.82%,2,30.0倍,4.48倍,ー%
20260612,3781,エレコミ,353A,福証,,"1,288",-47,-3.52%,2,16.9倍,5.59倍,ー%
20260612,3782,栗林船,9171,東S,,"1,722",+7,+0.41%,2,12.4倍,0.62倍,1.74%
20260612,3783,杉村倉,9307,東S,,929,-16,-1.69%,2,17.6倍,0.85倍,1.61%
20260612,3784,東洋埠頭,9351,東S,,"1,800",-9,-0.50%,2,9.22倍,0.42倍,4.44%
20260612,3785,ユーラシア,9376,東S,,751,-2,-0.27%,2,42.6倍,1.60倍,6.66%
20260612,3786,テアトル,9633,東S,,"1,651",+1,+0.06%,2,4.14倍,0.67倍,1.82%
20260612,3787,セゾンテク,9640,東S,,"2,090",+30,+1.46%,2,33.9倍,2.40倍,4.31%
20260612,3788,グリンランド,9656,東S,,606,0,0.00%,2,12.5倍,0.59倍,2.48%
20260612,3789,会舘,9701,東S,,"4,220",+70,+1.69%,2,13.8倍,1.06倍,1.18%
20260612,3790,京都ホ,9723,東S,,632,-1,-0.16%,2,21.2倍,3.15倍,0.47%
20260612,3791,進学会ＨＤ,9760,東S,,111,+2,+1.83%,2,61.7倍,0.25倍,ー%
20260612,3792,昴,9778,東S,,"5,560",0,0.00%,2,24.7倍,0.91倍,2.16%
20260612,3793,大丸エナ,9818,東S,,"1,664",-20,-1.19%,2,14.2倍,0.80倍,1.74%
20260612,3794,共同紙,9849,東S,,"4,445",-5,-0.11%,2,46.2倍,0.76倍,1.12%
20260612,3795,平和紙業,9929,東S,,465,-3,-0.64%,2,27.8倍,0.42倍,2.58%
20260612,3796,ハチバン,9950,東S,,"3,405",0,0.00%,2,108倍,2.63倍,0.59%
20260612,3797,アシードＨＤ,9959,東S,,900,ー,ー%,2,11.1倍,1.40倍,2.67%
20260612,3798,サトー商会,9996,東S,,"1,945",-50,-2.51%,2,13.3倍,0.60倍,2.47%
20260612,3799,インフォネ,4444,東G,,789,-18,-2.23%,2,28.4倍,1.47倍,ー%
20260612,3800,リビンＴ,4445,東G,,"1,539",+22,+1.45%,2,28.3倍,2.48倍,ー%
20260612,3801,日創グループ,3440,東S,,899,-9,-0.99%,2,11.1倍,0.46倍,4.67%
20260612,3802,Ｂ＆Ｐ,7804,東S,,"2,206",-12,-0.54%,2,10.2倍,1.33倍,3.94%
20260612,3803,ツクルバ,2978,東G,,367,-5,-1.34%,2,23.3倍,4.06倍,ー%
20260612,3804,エムビーエス,1401,東G,,"1,289",-1,-0.08%,2,17.9倍,2.40倍,1.16%
20260612,3805,キャンディル,1446,東S,,523,-1,-0.19%,2,24.3倍,1.55倍,1.91%
20260612,3806,Ｏｎｅ４００,1474,東Ｅ,,"35,290",-100,-0.28%,2,ー倍,ー倍,ー%
20260612,3807,上場米債ヘ無,1486,東Ｅ,,"24,595",+25,+0.10%,2,ー倍,ー倍,ー%
20260612,3808,野村タイ５０,1559,東Ｅ,,"4,666",+48,+1.04%,2,ー倍,ー倍,ー%
20260612,3809,野村マレシア,1560,東Ｅ,,"6,521",+89,+1.38%,2,ー倍,ー倍,ー%
20260612,3810,ｉＦ４百,1599,東Ｅ,,"35,450",-160,-0.45%,2,ー倍,ー倍,ー%
20260612,3811,ＷＴアルミ,1692,東Ｅ,,746.0,+10.4,+1.41%,2,ー倍,ー倍,ー%
20260612,3812,藤田エンジ,1770,東S,,"1,752",-18,-1.02%,2,8.05倍,0.78倍,3.88%
20260612,3813,三東工業,1788,東S,,"4,555",0,0.00%,2,10.2倍,0.75倍,2.85%
20260612,3814,大本組,1793,東S,,"1,846",-4,-0.22%,2,17.4倍,0.68倍,4.01%
20260612,3815,ハンセンベア,2032,東EN,,"6,447",+62,+0.97%,2,ー倍,ー倍,ー%
20260612,3816,日和産,2055,東S,,318,+3,+0.95%,2,19.2倍,0.30倍,1.89%
20260612,3817,地域新聞社,2164,東S,,288,-2,-0.69%,2,ー倍,3.85倍,ー%
20260612,3818,リニカル,2183,東S,,212,-1,-0.47%,2,26.6倍,1.20倍,3.77%
20260612,3819,野村欧州株,486A,東Ｅ,,"2,125",-21,-0.98%,2,ー倍,ー倍,ー%
20260612,3820,ＧＸステコイ,512A,東Ｅ,,"1,057",+2,+0.19%,2,ー倍,ー倍,ー%
20260612,3821,山忠,391A,名M,,"2,386",-18,-0.75%,1,5.64倍,0.59倍,3.69%
20260612,3822,ＧＭＯテック,415A,東G,,"4,650",-50,-1.06%,1,16.6倍,2.00倍,5.95%
20260612,3823,ｉＦリート２,443A,東Ｅ,,"1,838",+7,+0.38%,1,ー倍,ー倍,ー%
20260612,3824,ＭＸ高配５０,461A,東Ｅ,,"2,398",-1,-0.04%,1,ー倍,ー倍,ー%
20260612,3825,ＳＳ米株Ｈ,450A,東Ｅ,,752.7,-7.6,-1.00%,1,ー倍,ー倍,ー%
20260612,3826,野村独株Ｈ無,487A,東Ｅ,,"1,953",-29,-1.46%,1,ー倍,ー倍,ー%
20260612,3827,ＯｎｅＪ２０,496A,東Ｅ,,961.9,+0.2,+0.02%,1,ー倍,ー倍,ー%
20260612,3828,農中日経高配,531A,東Ｅ,,"2,038",-8,-0.39%,1,ー倍,ー倍,ー%
20260612,3829,ＧＸ先進ＣＦ,564A,東Ｅ,,"1,040",-10,-0.95%,1,ー倍,ー倍,ー%
20260612,3830,ｉＳ国債二十,573A,東Ｅ,,510.0,-0.8,-0.16%,1,ー倍,ー倍,ー%
20260612,3831,ＧＸ純銀,577A,東Ｅ,,252.0,-3.2,-1.25%,1,ー倍,ー倍,ー%
20260612,3832,日本バリュー,585A,東Ｅ,,"1,015",-11,-1.07%,1,ー倍,ー倍,ー%
20260612,3833,大村紙業,3953,東S,,738,0,0.00%,1,9.00倍,0.51倍,4.07%
20260612,3834,昭和パックス,3954,東S,,"2,940",-60,-2.00%,1,ー倍,0.48倍,1.70%
20260612,3835,ＳＣＡＴ,3974,東S,,530,-2,-0.38%,1,13.3倍,0.82倍,2.64%
20260612,3836,ウォンテッド,3991,東G,,948,ー,ー%,1,5.85倍,1.78倍,2.11%
20260612,3837,すららネット,3998,東G,,308,+1,+0.33%,1,ー倍,0.88倍,ー%
20260612,3838,レイ,4317,東S,,461,+5,+1.10%,1,7.40倍,0.78倍,3.25%
20260612,3839,ＺＵＵ,4387,東G,,475,0,0.00%,1,225倍,2.20倍,ー%
20260612,3840,エクスＭ,4394,東G,,393,+9,+2.34%,1,17.9倍,1.44倍,3.18%
20260612,3841,リックソフト,4429,東G,,702,-8,-1.13%,1,19.8倍,0.95倍,ー%
20260612,3842,ソフト９９,4464,東S,,"3,420",-45,-1.30%,1,23.8倍,1.26倍,1.99%
20260612,3843,川上塗,4616,東S,,"1,789",-47,-2.56%,1,9.79倍,0.51倍,2.52%
20260612,3844,ＳＤエンター,4650,東S,,266,0,0.00%,1,15.9倍,1.32倍,ー%
20260612,3845,クリップ,4705,東S,,775,+2,+0.26%,1,36.3倍,0.59倍,5.16%
20260612,3846,キタック,4707,東S,,320,-1,-0.31%,1,10.5倍,0.48倍,2.19%
20260612,3847,城南進研,4720,東S,,231,0,0.00%,1,22.1倍,1.33倍,2.16%
20260612,3848,ＡＬＰＨＡ,4760,東S,,"1,555",+10,+0.65%,1,9.62倍,0.85倍,4.50%
20260612,3849,ピーエイ,4766,東S,,185,+1,+0.54%,1,19.9倍,4.43倍,2.81%
20260612,3850,横田製,6248,東S,,"1,711",+1,+0.06%,1,10.6倍,1.02倍,3.51%
20260612,3851,ゼネラルパ,6267,東S,,"3,570",-10,-0.28%,1,7.80倍,0.81倍,3.36%
20260612,3852,太平製,6342,東S,,"2,676",-24,-0.89%,1,7.74倍,0.48倍,3.74%
20260612,3853,ヤマダコーポ,6392,東S,,"7,240",-150,-2.03%,1,10.2倍,0.96倍,3.04%
20260612,3854,ニチダイ,6467,東S,,321,+1,+0.31%,1,ー倍,0.27倍,1.87%
20260612,3855,オリジン,6513,東S,,"1,056",-5,-0.47%,1,54.2倍,0.24倍,3.79%
20260612,3856,日宣,6543,東S,,"1,161",-2,-0.17%,1,13.7倍,1.14倍,2.84%
20260612,3857,フルテック,6546,東S,,"1,095",-14,-1.26%,1,14.7倍,0.84倍,3.11%
20260612,3858,神戸天然物化,6568,東G,,"1,229",-7,-0.57%,1,ー倍,0.68倍,ー%
20260612,3859,コレックＨＤ,6578,東S,,422,-8,-1.86%,1,14.8倍,2.94倍,2.13%
20260612,3860,東洋電機,6655,名M,,759,0,0.00%,1,13.4倍,0.48倍,2.64%
20260612,3861,ＲＶＨ,6786,東S,,51,+1,+2.00%,1,ー倍,1.65倍,ー%
20260612,3862,パルステック,6894,東S,,"2,085",-10,-0.48%,1,9.51倍,0.71倍,4.32%
20260612,3863,トミタ電機,6898,東S,,"3,740",-115,-2.98%,1,61.1倍,0.77倍,ー%
20260612,3864,原田工業,6904,東S,,446,+1,+0.22%,1,15.7倍,0.69倍,2.24%
20260612,3865,バッファロー,3352,東S,,"1,670",-27,-1.59%,1,8.07倍,0.60倍,4.19%
20260612,3866,バイク王,3377,東S,,371,-1,-0.27%,1,9.32倍,0.76倍,2.96%
20260612,3867,コスモバイオ,3386,東S,,"1,226",+2,+0.16%,1,31.8倍,0.74倍,4.08%
20260612,3868,フェリシモ,3396,東S,,839,+5,+0.60%,1,20.0倍,0.30倍,2.98%
20260612,3869,ピクスタ,3416,東S,,825,0,0.00%,1,13.6倍,1.35倍,5.45%
20260612,3870,アトムリビン,3426,東S,,"1,299",-11,-0.84%,1,19.2倍,0.49倍,2.42%
20260612,3871,三ツ知,3439,東S,,628,-10,-1.57%,1,12.4倍,0.28倍,3.18%
20260612,3872,パルマ,3461,東S,,552,+1,+0.18%,1,17.8倍,1.55倍,2.36%
20260612,3873,Ｇ－ＦＡＣ,3474,東G,,532,+1,+0.19%,1,102倍,3.19倍,ー%
20260612,3874,アズ企画設計,3490,東S,,"2,819",-4,-0.14%,1,8.02倍,1.07倍,1.06%
20260612,3875,アクサスＨＤ,3536,東S,,129,-1,-0.77%,1,15.7倍,1.79倍,1.55%
20260612,3876,ＡＴＡＯ,3550,東G,,219,-1,-0.45%,1,13.8倍,1.17倍,2.28%
20260612,3877,東海染,3577,東S,,931,-18,-1.90%,1,19.6倍,0.37倍,2.69%
20260612,3878,オーベクス,3583,東S,,"1,170",-4,-0.34%,1,ー倍,0.44倍,2.99%
20260612,3879,ネットイヤー,3622,東S,,499,0,0.00%,1,14.4倍,1.26倍,1.40%
20260612,3880,駅探,3646,東S,,317,0,0.00%,1,ー倍,1.23倍,2.52%
20260612,3881,ジョルダン,3710,東S,,599,+2,+0.34%,1,20.4倍,0.63倍,1.00%
20260612,3882,コムシード,3739,名N,,121,-2,-1.63%,1,7.79倍,2.09倍,ー%
20260612,3883,ガイアックス,3775,名N,,410,-2,-0.49%,1,11.6倍,1.61倍,1.22%
20260612,3884,メディア工房,3815,東G,,444,-1,-0.22%,1,ー倍,7.67倍,ー%
20260612,3885,ジーダット,3841,東S,,"1,166",-10,-0.85%,1,21.4倍,1.24倍,3.43%
20260612,3886,レオクラン,7681,東S,,852,-63,-6.89%,1,21.9倍,0.88倍,2.00%
20260612,3887,名南Ｍ＆Ａ,7076,名M,,957,-1,-0.10%,1,22.2倍,1.79倍,0.90%
20260612,3888,ＷＤＢココ,7079,東G,,"2,551",-28,-1.09%,1,9.02倍,1.28倍,3.92%
20260612,3889,ＡＨＣ,7083,東G,,734,-6,-0.81%,1,16.5倍,1.34倍,1.63%
20260612,3890,ウイルテック,7087,東S,,"1,295",+7,+0.54%,1,8.88倍,0.94倍,3.32%
20260612,3891,リグア,7090,東G,,"1,000",-14,-1.38%,1,133倍,9.04倍,ー%
20260612,3892,ゼネテック,4492,東S,,378,-7,-1.82%,1,12.0倍,1.60倍,3.31%
20260612,3893,まぐまぐ,4059,東S,,367,+5,+1.38%,1,73.1倍,1.22倍,ー%
20260612,3894,ミット,4016,東S,,885,+5,+0.57%,1,10.3倍,2.54倍,3.39%
20260612,3895,ジオコード,7357,東S,,"1,514",+7,+0.46%,1,39.6倍,3.93倍,1.65%
20260612,3896,Ｈｉクラテス,4172,東S,,"2,147",+44,+2.09%,1,10.6倍,1.10倍,4.10%
20260612,3897,オンデック,7360,東G,,591,0,0.00%,1,11.8倍,1.77倍,ー%
20260612,3898,ＧＸデジ日株,2626,東Ｅ,,"2,884",-20,-0.69%,1,ー倍,ー倍,ー%
20260612,3899,ＧＸガバ日株,2636,東Ｅ,,"4,639",-38,-0.81%,1,ー倍,ー倍,ー%
20260612,3900,表示灯,7368,東S,,"1,662",-14,-0.84%,1,9.69倍,0.92倍,3.91%
20260612,3901,ＧＸバイ日株,2639,東Ｅ,,"1,643",-16,-0.96%,1,ー倍,ー倍,ー%
20260612,3902,ドリムベッド,7791,東S,,786,+2,+0.26%,1,6.51倍,0.66倍,4.71%
20260612,3903,ワクー,4937,東G,,"1,540",ー,ー%,1,22.0倍,2.46倍,ー%
20260612,3904,オムニプラス,7699,東G,,743,+23,+3.19%,1,ー倍,ー倍,ー%
20260612,3905,ＤＮＨＤ,7377,東S,,"1,827",-2,-0.11%,1,8.43倍,0.91倍,4.11%
20260612,3906,ジオロケ,4018,福Ｑ,,"1,181",-4,-0.34%,1,ー倍,3.37倍,0.85%
20260612,3907,ユミルリンク,4372,東G,,"1,120",-21,-1.84%,1,11.8倍,1.41倍,1.79%
20260612,3908,ジィ・シィ,4073,東G,,428,-3,-0.70%,1,20.1倍,5.87倍,ー%
20260612,3909,デジタリフト,9244,東G,,"1,005",-10,-0.99%,1,13.0倍,1.85倍,ー%
20260612,3910,ミアヘルサ,7129,東S,,"1,128",-10,-0.88%,1,8.78倍,0.81倍,2.66%
20260612,3911,長栄,2993,東S,,"2,057",+5,+0.24%,1,9.76倍,0.73倍,4.86%
20260612,3912,ＣＳ－Ｃ,9258,東G,,281,-12,-4.10%,1,ー倍,0.92倍,ー%
20260612,3913,アジアＱ,4261,東G,,"3,380",-10,-0.29%,1,15.8倍,2.49倍,ー%
20260612,3914,ＲＩ,9214,東G,,"1,232",+1,+0.08%,1,10.6倍,2.19倍,ー%
20260612,3915,上場豪債ヘ有,2843,東Ｅ,,"3,736",-4,-0.11%,1,ー倍,ー倍,ー%
20260612,3916,イメージＭ,7793,東G,,"1,483",+12,+0.82%,1,8.30倍,1.93倍,2.36%
20260612,3917,セレ,5078,東S,,"4,880",-70,-1.41%,1,12.0倍,0.76倍,3.28%
20260612,3918,ＧＸインフ日,2847,東Ｅ,,"2,949",-36,-1.21%,1,ー倍,ー倍,ー%
20260612,3919,エフビー介護,9220,東S,,"1,183",0,0.00%,1,5.67倍,0.74倍,3.63%
20260612,3920,ＧＸグリ日Ｒ,2855,東Ｅ,,938,+3,+0.32%,1,ー倍,ー倍,ー%
20260612,3921,ｉＳ独国債Ｈ,2857,東Ｅ,,629.8,-1.2,-0.19%,1,ー倍,ー倍,ー%
20260612,3922,ＨＯＵＳＥＩ,5035,東G,,366,-6,-1.61%,1,14.4倍,0.79倍,0.82%
20260612,3923,ハーバー研,4925,東S,,"1,703",-2,-0.12%,1,13.7倍,0.68倍,2.35%
20260612,3924,東洋ドライ,4976,東S,,"1,290",-3,-0.23%,1,8.54倍,0.47倍,2.59%
20260612,3925,昭和化,4990,東S,,479,-2,-0.42%,1,ー倍,0.54倍,1.25%
20260612,3926,昭和ＨＤ,5103,東S,,38,0,0.00%,1,ー倍,2.63倍,ー%
20260612,3927,朝日ラバー,5162,東S,,714,-21,-2.86%,1,37.7倍,0.64倍,3.36%
20260612,3928,鶴弥,5386,名M,,380,0,0.00%,1,ー倍,0.22倍,ー%
20260612,3929,パウダテック,5695,東S,,"2,635",-12,-0.45%,1,23.2倍,0.60倍,3.80%
20260612,3930,サンユウ,5697,東S,,689,+3,+0.44%,1,6.72倍,0.40倍,4.35%
20260612,3931,ＮＩＣ,5742,東S,,681,-3,-0.44%,1,28.3倍,1.14倍,ー%
20260612,3932,ダイケン,5900,東S,,830,-9,-1.07%,1,13.0倍,0.33倍,3.01%
20260612,3933,滝上工,5918,東S,,"7,270",0,0.00%,1,17.7倍,0.30倍,1.38%
20260612,3934,川岸工,5921,東S,,"4,020",+10,+0.25%,1,13.8倍,0.38倍,3.48%
20260612,3935,アルメタクス,5928,東S,,273,0,0.00%,1,22.9倍,0.30倍,2.93%
20260612,3936,天竜製鋸,5945,東S,,"2,515",+25,+1.00%,1,15.2倍,0.57倍,3.30%
20260612,3937,トーソー,5956,東S,,561,0,0.00%,1,8.85倍,0.31倍,2.32%
20260612,3938,浅香工,5962,東S,,"1,663",-28,-1.66%,1,9.40倍,0.35倍,3.01%
20260612,3939,オーネックス,5987,東S,,"1,960",+10,+0.51%,1,49.9倍,0.58倍,1.02%
20260612,3940,ニッキ,6042,東S,,"4,120",+55,+1.35%,1,12.8倍,0.55倍,2.91%
20260612,3941,ダイジェト,6138,東S,,"1,085",-19,-1.72%,1,10.8倍,0.34倍,3.23%
20260612,3942,富士精,6142,名M,,"1,612",-35,-2.13%,1,58.3倍,0.22倍,3.10%
20260612,3943,大宝運輸,9040,名M,,"4,300",ー,ー%,1,16.9倍,0.47倍,2.33%
20260612,3944,京福電,9049,東S,,"6,900",ー,ー%,1,7.45倍,0.96倍,0.29%
20260612,3945,トレーディア,9365,東S,,"1,500",+10,+0.67%,1,6.28倍,0.37倍,3.33%
20260612,3946,ＭＨグループ,9439,東S,,244,+2,+0.83%,1,ー倍,5.71倍,ー%
20260612,3947,文溪堂,9471,名M,,"1,123",+2,+0.18%,1,11.4倍,0.46倍,3.63%
20260612,3948,昭文社ＨＤ,9475,東S,,486,+3,+0.62%,1,24.3倍,0.61倍,1.03%
20260612,3949,葉ガス,9539,東S,,"1,373",-3,-0.22%,1,15.2倍,0.41倍,1.89%
20260612,3950,武蔵野,9635,東S,,"2,500",0,0.00%,1,87.2倍,0.66倍,ー%
20260612,3951,三協フロンテ,9639,東S,,"2,130",-11,-0.51%,1,8.09倍,0.90倍,4.23%
20260612,3952,協和コンサル,9647,東S,,"7,000",ー,ー%,1,6.11倍,0.89倍,0.43%
20260612,3953,御園座,9664,名M,,"1,501",-9,-0.60%,1,115倍,1.59倍,ー%
20260612,3954,クレオ,9698,東S,,"1,192",+1,+0.08%,1,11.2倍,1.19倍,4.70%
20260612,3955,ＩＸナレッジ,9753,東S,,"1,233",+6,+0.49%,1,7.31倍,1.02倍,4.06%
20260612,3956,日建工学,9767,東S,,"1,485",ー,ー%,1,7.73倍,0.55倍,2.02%
20260612,3957,テーオーＨＤ,9812,東S,,224,0,0.00%,1,7.97倍,6.21倍,ー%
20260612,3958,ストライダズ,9816,東S,,248,-7,-2.75%,1,15.0倍,0.79倍,2.02%
20260612,3959,ジュンテン,9835,東S,,512,-1,-0.19%,1,27.7倍,0.33倍,1.95%
20260612,3960,銀座ルノア,9853,東S,,902,0,0.00%,1,13.3倍,1.72倍,0.55%
20260612,3961,コンセック,9895,東S,,"1,260",+2,+0.16%,1,22.2倍,0.28倍,2.14%
20260612,3962,ワットマン,9927,東S,,965,0,0.00%,1,ー倍,2.33倍,ー%
20260612,3963,アルテック,9972,東S,,263,-4,-1.50%,1,9.05倍,0.42倍,2.66%
20260612,3964,ヤマザワ,9993,東S,,"1,163",+2,+0.17%,1,26.5倍,0.45倍,2.32%
20260612,3965,ブランドＴ,7067,東G,,"1,001",-4,-0.40%,1,24.6倍,1.27倍,1.00%
20260612,3966,ヤシマキザイ,7677,東S,,"2,573",ー,ー%,1,16.1倍,0.72倍,0.97%
20260612,3967,野村米社債Ｈ,2554,東Ｅ,,750.5,-1.1,-0.15%,1,ー倍,ー倍,ー%
20260612,3968,ＰＢシステム,4447,東G,,435,-2,-0.46%,1,15.4倍,2.35倍,4.60%
20260612,3969,アップコン,5075,名N,,"1,300",+22,+1.72%,1,25.9倍,2.86倍,ー%
20260612,3970,上場ダウヘ無,2235,東Ｅ,,"3,515",-38,-1.07%,1,ー倍,ー倍,ー%
20260612,3971,リベース,5138,東G,,391,-9,-2.25%,1,34.9倍,1.50倍,ー%
20260612,3972,フーディソン,7114,東G,,765,0,0.00%,1,18.9倍,1.45倍,ー%
20260612,3973,コーチエィ,9339,東S,,"1,259",+14,+1.12%,1,24.0倍,0.96倍,1.59%
20260612,3974,フリーダム,8996,東S,,962,0,0.00%,1,5.46倍,1.00倍,5.72%
20260612,3975,ＧＭＯプラ,5250,東S,,"1,105",-12,-1.07%,1,82.6倍,2.83倍,1.84%
20260612,3976,エキサイト,5571,東S,,977,-9,-0.91%,1,13.4倍,1.31倍,3.35%
20260612,3977,グロービー,5575,東G,,633,-11,-1.71%,1,10.8倍,2.85倍,ー%
20260612,3978,プロディ,5580,東G,,"1,464",-4,-0.27%,1,15.3倍,2.63倍,ー%
20260612,3979,大英産業,2974,福証,,874,-1,-0.11%,1,6.24倍,0.35倍,2.75%
20260612,3980,トラックワン,3047,福Ｑ,,754,ー,ー%,1,8.22倍,1.10倍,1.46%
20260612,3981,キットア,5039,札Ａ,,"1,001",-39,-3.75%,1,10.0倍,1.32倍,ー%
20260612,3982,ＧＳＩ,5579,札証,,"1,277",-20,-1.54%,1,13.1倍,1.05倍,5.01%
20260612,3983,Ｍｉｓｕｍｉ,7441,福証,,"1,784",0,0.00%,1,11.5倍,0.47倍,2.80%
20260612,3984,宮崎太銀,8560,福証,,"2,258",0,0.00%,1,8.11倍,0.29倍,2.21%
20260612,3985,ロジネットＪ,9027,札証,,"4,015",-20,-0.50%,1,7.25倍,0.89倍,4.28%
20260612,3986,中バス,9085,札証,,"6,300",ー,ー%,1,13.7倍,0.50倍,ー%
20260612,3987,揚羽,9330,東G,,837,-2,-0.24%,1,38.7倍,1.27倍,ー%
20260612,3988,農中ＮＱ１Ｈ,2087,東Ｅ,,"3,380",-33,-0.97%,1,ー倍,ー倍,ー%
20260612,3989,農中米債７Ｈ,2090,東Ｅ,,"4,346",-11,-0.25%,1,ー倍,ー倍,ー%
20260612,3990,笹徳印刷,3958,東S,,554,-6,-1.07%,1,11.6倍,0.31倍,3.25%
20260612,3991,アスマーク,4197,東S,,"2,272",-33,-1.43%,1,18.8倍,1.68倍,3.43%
20260612,3992,ｉＳＩＧ社債,2257,東Ｅ,,227.7,+0.2,+0.09%,1,ー倍,ー倍,ー%
20260612,3993,エスネット,5867,東G,,"1,107",-1,-0.09%,1,14.3倍,2.07倍,ー%
20260612,3994,ＧＸ優証隔月,2019,東Ｅ,,"1,038",0,0.00%,1,ー倍,ー倍,ー%
20260612,3995,光フードＳ,138A,東G,,"2,897",+22,+0.77%,1,22.6倍,2.14倍,1.66%
20260612,3996,ｉＦ米債先ベ,140A,東Ｅ,,"2,006",+5,+0.25%,1,ー倍,ー倍,ー%
20260612,3997,ＪＳＨ,150A,東G,,336,-1,-0.30%,1,47.6倍,0.98倍,ー%
20260612,3998,ハンモック,173A,東G,,"1,307",-7,-0.53%,1,9.42倍,1.71倍,3.44%
20260612,3999,ファベル,220A,東S,,925,0,0.00%,1,12.1倍,1.07倍,3.24%
20260612,4000,ＳＭＴ厳選投,257A,東Ｅ,,"3,279",-50,-1.50%,1,ー倍,ー倍,ー%
20260612,4001,ケイ・ウノ,259A,名N,,"1,545",ー,ー%,1,20.9倍,1.21倍,ー%
20260612,4002,ＳＢＩサウジ,273A,東Ｅ,,"9,910",-50,-0.50%,1,ー倍,ー倍,ー%
20260612,4003,ＧＸＵＳＴ配,283A,東Ｅ,,"1,343",-14,-1.03%,1,ー倍,ー倍,ー%
20260612,4004,野村日気候,294A,東Ｅ,,"2,769",-60,-2.12%,1,ー倍,ー倍,ー%
20260612,4005,Ｏｎｅサウジ,295A,東Ｅ,,"10,095",+55,+0.55%,1,ー倍,ー倍,ー%
20260612,4006,ＧＶＡテック,298A,東G,,278,-6,-2.11%,1,647倍,6.45倍,ー%
20260612,4007,メディックス,331A,東S,,470,-2,-0.42%,1,8.30倍,1.05倍,4.04%
20260612,4008,ＳＭＤ日グ株,349A,東Ｅ,,809.9,-1.0,-0.12%,1,ー倍,ー倍,ー%
20260612,4009,ロイブ,352A,東G,,484,-1,-0.21%,1,156倍,2.66倍,ー%
20260612,4010,リートコア,360A,東Ｅ,,"1,086.0",+5.5,+0.51%,1,ー倍,ー倍,ー%
20260612,4011,フラー,387A,東G,,825,-5,-0.60%,1,12.7倍,1.21倍,ー%
20260612,4012,アルー,7043,東G,,895,+4,+0.45%,1,9.26倍,1.76倍,1.23%
20260612,4013,ＴＤＳＥ,7046,東G,,"1,308",+78,+6.34%,1,32.2倍,1.15倍,0.76%
20260612,4014,エヌシーエヌ,7057,東S,,893,0,0.00%,1,10.8倍,1.26倍,3.70%
20260612,4015,フレアス,7062,東G,,746,-14,-1.84%,1,5.90倍,0.89倍,1.42%
20260612,4016,ファルテック,7215,東S,,438,-11,-2.45%,1,20.5倍,0.22倍,ー%
20260612,4017,テイン,7217,東S,,418,+13,+3.21%,1,11.9倍,0.61倍,4.31%
20260612,4018,アスカ,7227,名M,,"1,801",-26,-1.42%,1,6.63倍,0.66倍,3.00%
20260612,4019,桜井製,7255,東S,,472,+1,+0.21%,1,36.1倍,0.30倍,1.48%
20260612,4020,カーメイト,7297,東S,,855,0,0.00%,1,10.6倍,0.40倍,3.51%
20260612,4021,ナンシン,7399,東S,,582,-3,-0.51%,1,14.9倍,0.31倍,3.44%
20260612,4022,はるやまＨＤ,7416,東S,,678,-1,-0.15%,1,106倍,0.47倍,2.29%
20260612,4023,セフテック,7464,東S,,"1,565",ー,ー%,1,19.0倍,0.38倍,3.83%
20260612,4024,ハウスローゼ,7506,東S,,"1,356",+1,+0.07%,1,455倍,1.16倍,1.84%
20260612,4025,アールビバン,7523,東S,,"1,660",0,0.00%,1,10.9倍,0.94倍,3.61%
20260612,4026,清和中央ＨＤ,7531,東S,,"1,271",-7,-0.55%,1,13.9倍,0.31倍,1.73%
20260612,4027,大水,7538,東S,,355,0,0.00%,1,6.66倍,0.34倍,1.97%
20260612,4028,スリーエフ,7544,東S,,564,0,0.00%,1,14.2倍,1.03倍,3.19%
20260612,4029,大田花き,7555,東S,,757,-3,-0.39%,1,27.9倍,0.74倍,1.59%
20260612,4030,万世電機,7565,東S,,"6,100",0,0.00%,1,ー倍,0.75倍,ー%
20260612,4031,Ｇダイニング,7625,東S,,462,-2,-0.43%,1,6.99倍,0.83倍,1.08%
20260612,4032,クボテック,7709,東S,,67,0,0.00%,1,ー倍,16.5倍,ー%
20260612,4033,幸和製,7807,東S,,811,-2,-0.25%,1,6.93倍,0.98倍,1.60%
20260612,4034,日本創発Ｇ,7814,東S,,578,-2,-0.34%,1,13.5倍,1.29倍,2.60%
20260612,4035,東京ボード,7815,東S,,268,+3,+1.13%,1,ー倍,0.89倍,ー%
20260612,4036,ウイルコＨＤ,7831,東S,,75,0,0.00%,1,11.9倍,0.94倍,2.67%
20260612,4037,アールシー,7837,東S,,300,+2,+0.67%,1,2.43倍,0.78倍,ー%
20260612,4038,総合商研,7850,東S,,862,0,0.00%,1,7.72倍,0.67倍,2.32%
20260612,4039,カワセコンピ,7851,福証,,165,0,0.00%,1,25.5倍,0.31倍,ー%
20260612,4040,ピープル,7865,東S,,351,0,0.00%,1,ー倍,0.83倍,ー%
20260612,4041,福島印刷,7870,名M,,385,-2,-0.52%,1,39.1倍,0.40倍,2.60%
20260612,4042,エステール,7872,東S,,594,-2,-0.34%,1,14.5倍,0.53倍,4.55%
20260612,4043,サンメッセ,7883,東S,,379,-2,-0.52%,1,24.4倍,0.42倍,2.37%
20260612,4044,ケア２１,2373,東S,,420,+2,+0.48%,1,22.7倍,1.27倍,4.05%
20260612,4045,ブラス,2424,東S,,603,+3,+0.50%,1,10.2倍,0.76倍,1.33%
20260612,4046,プラップＪ,2449,東S,,"1,033",+1,+0.10%,1,9.13倍,0.85倍,3.97%
20260612,4047,タウンＮ,2481,東S,,648,+6,+0.93%,1,9.99倍,0.64倍,3.09%
20260612,4048,野村外国株Ｈ,2514,東Ｅ,,"1,950",-9,-0.46%,1,ー倍,ー倍,ー%
20260612,4049,野村女性活躍,2518,東Ｅ,,"2,264",+63,+2.86%,1,ー倍,ー倍,ー%
20260612,4050,ｉＦＪリコア,2528,東Ｅ,,"1,082",+4,+0.37%,1,ー倍,ー倍,ー%
20260612,4051,アスモ,2654,東S,,389,-3,-0.77%,1,13.3倍,0.75倍,2.57%
20260612,4052,北雄ラッキー,2747,東S,,"3,030",+15,+0.50%,1,20.2倍,0.65倍,1.65%
20260612,4053,ファマライズ,2796,東S,,498,0,0.00%,1,21.5倍,0.88倍,2.81%
20260612,4054,ダイショー,2816,東S,,"1,401",-1,-0.07%,1,32.2倍,1.34倍,1.43%
20260612,4055,セイヒョー,2872,東S,,"2,100",0,0.00%,1,31.0倍,1.96倍,0.86%
20260612,4056,大冷,2883,東S,,"1,971",0,0.00%,1,22.0倍,1.31倍,3.04%
20260612,4057,大森屋,2917,東S,,909,-15,-1.62%,1,23.0倍,0.39倍,ー%
20260612,4058,クリエイト,3024,東S,,"1,000",0,0.00%,1,ー倍,0.70倍,ー%
20260612,4059,ゴルフ・ドゥ,3032,名N,,297,-1,-0.34%,1,20.6倍,1.75倍,1.01%
20260612,4060,カワサキ,3045,東S,,"1,478",ー,ー%,1,11.3倍,0.54倍,3.38%
20260612,4061,ライフフーズ,3065,東S,,"1,614",+1,+0.06%,1,68.4倍,2.92倍,0.31%
20260612,4062,東京一番,3067,東S,,452,0,0.00%,1,35.1倍,2.14倍,ー%
20260612,4063,ＤＶｘ,3079,東S,,981,-9,-0.91%,1,31.9倍,1.17倍,5.10%
20260612,4064,ジェーソン,3080,東S,,749,-2,-0.27%,1,64.0倍,1.62倍,1.74%
20260612,4065,オーミケンシ,3111,東S,,180,-1,-0.55%,1,ー倍,1.29倍,ー%
20260612,4066,オーウイル,3143,東S,,636,-1,-0.16%,1,8.19倍,0.97倍,3.46%
20260612,4067,上場パ中国Ａ,1322,東Ｅ,,"11,800",-135,-1.13%,1,ー倍,ー倍,ー%
20260612,4068,秋川牧園,1380,東S,,996,-3,-0.30%,1,51.9倍,1.91倍,1.00%
20260612,4069,岐阜造園,1438,東S,,"1,824",+1,+0.05%,1,12.6倍,1.32倍,2.19%
20260612,4070,ｉＦ４百Ｗベ,1466,東Ｅ,,227,-3,-1.30%,1,ー倍,ー倍,ー%
20260612,4071,野村４百Ｄイ,1472,東Ｅ,,88,+2,+2.33%,1,ー倍,ー倍,ー%
20260612,4072,上場経済貢献,1481,東Ｅ,,"3,677",-23,-0.62%,1,ー倍,ー倍,ー%
20260612,4073,Ｏｎｅ設備,1484,東Ｅ,,"3,432.0",ー,ー%,1,ー倍,ー倍,ー%
20260612,4074,上場アジリト,1495,東Ｅ,,"11,500",+95,+0.83%,1,ー倍,ー倍,ー%
20260612,4075,スタンダ２０,1551,東Ｅ,,"6,800",-71,-1.03%,1,ー倍,ー倍,ー%
20260612,4076,ＳＸＮＹダウ,1679,東Ｅ,,"64,720",ー,ー%,1,ー倍,ー倍,ー%
20260612,4077,ＷＴエナジー,1685,東Ｅ,,805.0,0,0.00%,1,ー倍,ー倍,ー%
20260612,4078,ＷＴニッケル,1694,東Ｅ,,"2,400.0",-99.0,-3.96%,1,ー倍,ー倍,ー%
20260612,4079,工藤建設,1764,東S,,"2,922",-1,-0.03%,1,9.10倍,0.63倍,4.00%
20260612,4080,ナカボテック,1787,東S,,"5,190",+40,+0.78%,1,13.8倍,1.36倍,5.01%
20260612,4081,マサル,1795,東S,,"4,795",-70,-1.44%,1,15.0倍,0.77倍,2.29%
20260612,4082,富士ＰＳ,1848,東S,,591,-5,-0.84%,1,10.3倍,0.79倍,4.23%
20260612,4083,神田通機,1992,東S,,"2,789",0,0.00%,1,21.3倍,1.01倍,3.05%
20260612,4084,ヒップ,2136,東S,,"1,390",+14,+1.02%,1,12.7倍,1.30倍,5.11%
20260612,4085,中広,2139,東S,,487,+9,+1.88%,1,11.0倍,1.52倍,2.87%
20260612,4086,幼児活動研,2152,東S,,"1,420",+33,+2.38%,1,15.4倍,1.39倍,1.83%
20260612,4087,ソーバル,2186,東S,,896,-3,-0.33%,1,16.8倍,1.56倍,3.68%
20260612,4088,セブン工業,7896,東S,,488,-3,-0.61%,1,48.4倍,0.36倍,4.10%
20260612,4089,旭化学,7928,東S,,598,-5,-0.83%,1,36.4倍,0.33倍,1.67%
20260612,4090,くろ工,7997,東S,,"1,005",0,0.00%,1,41.9倍,0.36倍,3.98%
20260612,4091,ユアサフナ,8006,東S,,"1,450",-26,-1.76%,1,10.2倍,0.59倍,2.28%
20260612,4092,ツカモト,8025,東S,,"1,230",+17,+1.40%,1,33.1倍,0.31倍,2.44%
20260612,4093,川辺,8123,東S,,"1,310",-3,-0.23%,1,10.4倍,0.32倍,3.82%
20260612,4094,ヤマトインタ,8127,東S,,592,-8,-1.33%,1,60.3倍,0.67倍,2.36%
20260612,4095,ラピーヌ,8143,東S,,158,+3,+1.94%,1,ー倍,0.50倍,ー%
20260612,4096,東天紅,8181,東S,,"1,005",+28,+2.87%,1,5.67倍,0.35倍,1.49%
20260612,4097,センチュ２１,8898,東S,,"1,118",-4,-0.36%,1,13.8倍,1.65倍,4.74%
