日付,順位,銘柄名,コード,市場,状態,株価,前日差,騰落率,売買代金,PER,PBR,配当利回り
20260703,1,キオクシア,285A,東P,,"83,300","+7,040",+9.23%,"4,474,402",ー倍,32.6倍,ー%
20260703,2,太陽誘電,6976,東P,,"20,560",+160,+0.78%,"494,428",143倍,7.47倍,0.44%
20260703,3,東エレク,8035,東P,,"73,200",+260,+0.36%,"334,442",ー倍,16.3倍,ー%
20260703,4,日経レバ,1570,東Ｅ,,"78,680","+2,300",+3.01%,"333,393",ー倍,ー倍,ー%
20260703,5,ＳＢＧ,9984,東P,,"6,169",-26,-0.42%,"314,270",ー倍,2.00倍,0.18%
20260703,6,村田製,6981,東P,,"11,080",+205,+1.89%,"256,790",68.8倍,7.42倍,0.63%
20260703,7,アドテスト,6857,東P,,"29,345",+530,+1.84%,"227,615",45.6倍,26.7倍,ー%
20260703,8,フジクラ,5803,東P,,"5,358",-10,-0.19%,"221,828",38.7倍,15.8倍,0.71%
20260703,9,イビデン,4062,東P,,"23,345",-75,-0.32%,"194,509",112倍,11.9倍,0.15%
20260703,10,コクサイエレ,6525,東P,,"12,000","+1,570",+15.05%,"157,447",72.2倍,12.8倍,0.39%
20260703,11,レーザーテク,6920,東P,,"47,650",-90,-0.19%,"136,626",59.3倍,18.9倍,0.69%
20260703,12,ディスコ,6146,東P,,"76,590",-270,-0.35%,"118,091",ー倍,14.2倍,ー%
20260703,13,ＳＵＭＣＯ,3436,東P,,"5,094",+517,+11.30%,"114,494",ー倍,3.13倍,ー%
20260703,14,ＪＸ金属,5016,東P,,"4,085",+37,+0.91%,"92,083",34.1倍,5.35倍,0.49%
20260703,15,古河電,5801,東P,,"4,000",+24,+0.60%,"91,443",34.3倍,6.75倍,0.55%
20260703,16,ファストリ,9983,東P,,"84,500","+2,180",+2.65%,"87,523",54.0倍,9.85倍,0.76%
20260703,17,三井金属,5706,東P,,"38,740",+490,+1.28%,"82,658",29.6倍,5.38倍,0.72%
20260703,18,三菱ＵＦＪ,8306,東P,,"3,326.0",+20.0,+0.60%,"81,970",13.9倍,1.68倍,2.89%
20260703,19,ソニーＧ,6758,東P,,"3,380.0",+50.0,+1.50%,"77,473",17.2倍,2.45倍,1.04%
20260703,20,スクリン,7735,東P,,"18,940",+885,+4.90%,"74,544",32.6倍,7.36倍,0.92%
20260703,21,任天堂,7974,東P,,"7,132",-5,-0.07%,"73,119",26.5倍,2.78倍,2.27%
20260703,22,パナＨＤ,6752,東P,,"4,522",-25,-0.55%,"71,763",25.1倍,2.03倍,1.19%
20260703,23,住友電,5802,東P,,"2,664.0",-24.5,-0.91%,"66,846",26.0倍,3.03倍,1.46%
20260703,24,トヨタ,7203,東P,,"2,828.0",+35.0,+1.25%,"66,396",11.2倍,0.84倍,3.54%
20260703,25,三井住友ＦＧ,8316,東P,,"6,672",+99,+1.51%,"62,562",14.9倍,1.61倍,2.70%
20260703,26,ルネサス,6723,東P,,"4,820",-22,-0.45%,"60,590",ー倍,3.44倍,ー%
20260703,27,三菱重,7011,東P,,"3,792",+4,+0.11%,"58,500",33.5倍,4.13倍,0.76%
20260703,28,ローム,6963,東P,,"5,950",+739,+14.18%,"57,191",79.2倍,3.03倍,0.84%
20260703,29,日経Ｄインバ,1357,東Ｅ,,"2,566",-83,-3.13%,"56,072",ー倍,ー倍,ー%
20260703,30,みずほＦＧ,8411,東P,,"8,078",+105,+1.32%,"55,665",15.1倍,1.74倍,1.86%
20260703,31,レゾナック,4004,東P,,"17,500",-400,-2.23%,"54,787",41.1倍,4.46倍,0.37%
20260703,32,リクルート,6098,東P,,"11,920",+290,+2.49%,"47,065",26.6倍,10.5倍,0.22%
20260703,33,信越化,4063,東P,,"6,958",-66,-0.94%,"46,427",ー倍,2.90倍,ー%
20260703,34,日立,6501,東P,,"4,615",-54,-1.16%,"45,740",24.3倍,3.14倍,ー%
20260703,35,ＴＤＫ,6762,東P,,"3,699.0",+39.0,+1.07%,"41,062",31.2倍,3.21倍,1.08%
20260703,36,ＮＴＴ,9432,東P,,146.1,0,0.00%,"39,714",12.1倍,1.22倍,3.70%
20260703,37,ＩＨＩ,7013,東P,,"2,869.5",+68.0,+2.43%,"38,782",18.4倍,4.66倍,0.80%
20260703,38,川重,7012,東P,,"2,820.0",+55.0,+1.99%,"38,476",21.4倍,2.68倍,1.42%
20260703,39,東京海上,8766,東P,,"7,584",+73,+0.97%,"38,003",17.5倍,1.82倍,3.23%
20260703,40,第一三共,4568,東P,,"2,649.5",+8.5,+0.32%,"37,339",18.5倍,2.90倍,3.77%
20260703,41,キーエンス,6861,東P,,"80,300",-100,-0.12%,"37,274",ー倍,5.61倍,0.68%
20260703,42,安川電,6506,東P,,"7,479",+537,+7.74%,"37,180",41.3倍,4.01倍,0.96%
20260703,43,ハーモニック,6324,東P,,"8,840",+710,+8.73%,"34,439",186倍,10.4倍,0.23%
20260703,44,野村日半導,200A,東Ｅ,,"5,710",+237,+4.33%,"34,066",ー倍,ー倍,ー%
20260703,45,ソシオネクス,6526,東P,,"2,874.0",+106.5,+3.85%,"33,576",50.4倍,3.79倍,1.74%
20260703,46,三菱商,8058,東P,,"4,457",+72,+1.64%,"33,564",14.8倍,1.73倍,2.80%
20260703,47,ダイキン,6367,東P,,"25,695",+590,+2.35%,"33,397",25.7倍,2.20倍,1.40%
20260703,48,ＳＭＣ,6273,東P,,"75,800","+3,120",+4.29%,"32,641",28.0倍,2.25倍,1.32%
20260703,49,ファナック,6954,東P,,"7,439",+230,+3.19%,"32,386",37.5倍,3.72倍,ー%
20260703,50,ＪＴ,2914,東P,,"6,057",-32,-0.53%,"31,888",18.9倍,2.63倍,4.00%
20260703,51,丸紅,8002,東P,,"4,963",+157,+3.27%,"31,104",13.9倍,1.85倍,2.32%
20260703,52,三井物,8031,東P,,"4,600",+49,+1.08%,"30,496",14.2倍,1.49倍,3.04%
20260703,53,ＮＥＣ,6701,東P,,"4,168",-32,-0.76%,"30,313",ー倍,2.52倍,0.96%
20260703,54,住友鉱,5713,東P,,"7,930",+409,+5.44%,"29,174",15.3倍,1.03倍,2.61%
20260703,55,ホンダ,7267,東P,,"1,550.0",+23.0,+1.51%,"28,177",23.2倍,0.51倍,4.52%
20260703,56,野村日経平均,1321,東Ｅ,,"73,140","+1,140",+1.58%,"27,728",ー倍,ー倍,ー%
20260703,57,日経ベア２,1360,東Ｅ,,63.0,-2.0,-3.08%,"26,364",ー倍,ー倍,ー%
20260703,58,楽天Ｗブル,1458,東Ｅ,,"93,810","+2,650",+2.91%,"25,972",ー倍,ー倍,ー%
20260703,59,ＨＯＹＡ,7741,東P,,"25,930",+340,+1.33%,"25,674",ー倍,8.50倍,ー%
20260703,60,サンリオ,8136,東P,,"1,087.5",-24.5,-2.20%,"24,436",20.7倍,8.46倍,1.47%
20260703,61,三菱電,6503,東P,,"5,944",+31,+0.52%,"24,360",25.6倍,2.71倍,1.01%
20260703,62,日経ブル２,1579,東Ｅ,,849.6,+23.7,+2.87%,"23,919",ー倍,ー倍,ー%
20260703,63,アシックス,7936,東P,,"4,624",+150,+3.35%,"23,627",29.8倍,10.4倍,0.82%
20260703,64,味の素,2802,東P,,"6,167",+125,+2.07%,"23,547",49.1倍,7.64倍,0.81%
20260703,65,良品計画,7453,東P,,"3,615.0",+105.0,+2.99%,"23,446",31.0倍,5.09倍,0.89%
20260703,66,京セラ,6971,東P,,"3,916",+29,+0.75%,"23,357",36.4倍,1.54倍,1.43%
20260703,67,ＭＳ＆ＡＤ,8725,東P,,"4,454",+59,+1.34%,"22,927",15.1倍,1.00倍,3.82%
20260703,68,富士通,6702,東P,,"3,326.0",-18.0,-0.54%,"22,655",18.6倍,2.85倍,1.65%
20260703,69,芝浦,6590,東P,,"5,980",+580,+10.74%,"22,491",33.0倍,7.06倍,1.07%
20260703,70,武田,4502,東P,,"5,359",+85,+1.61%,"22,098",51.0倍,1.14倍,3.81%
20260703,71,ＫＤＤＩ,9433,東P,,"2,702.5",-21.0,-0.77%,"21,551",ー倍,1.97倍,3.11%
20260703,72,コマツ,6301,東P,,"6,627",+237,+3.71%,"21,547",18.6倍,1.68倍,2.87%
20260703,73,中外薬,4519,東P,,"7,642",+222,+2.99%,"21,369",ー倍,6.59倍,1.73%
20260703,74,スズキ,7269,東P,,"2,110.0",+47.5,+2.30%,"21,086",10.7倍,1.20倍,2.42%
20260703,75,アスタリスク,6522,東G,,"1,950",-10,-0.51%,"20,104",241倍,9.18倍,ー%
20260703,76,荏原,6361,東P,,"6,063",+74,+1.24%,"19,479",27.8倍,5.33倍,1.09%
20260703,77,りそなＨＤ,8308,東P,,"2,245.5",+48.5,+2.21%,"18,842",16.3倍,1.73倍,1.65%
20260703,78,ゆうちょ銀,7182,東P,,"3,230.0",+82.0,+2.60%,"18,621",17.4倍,1.25倍,2.88%
20260703,79,伊藤忠,8001,東P,,"1,888.5",+2.5,+0.13%,"18,610",13.9倍,2.00倍,2.33%
20260703,80,日本マイクロ,6871,東P,,"16,000",+180,+1.14%,"18,176",ー倍,8.38倍,ー%
20260703,81,富士フイルム,4901,東P,,"3,621.0",+107.0,+3.04%,"18,071",15.5倍,1.13倍,2.07%
20260703,82,日東紡,3110,東P,,"3,625",-10,-0.28%,"17,479",38.8倍,3.80倍,0.77%
20260703,83,ＳＯＭＰＯ,8630,東P,,"6,635",+149,+2.30%,"16,677",12.1倍,1.15倍,3.01%
20260703,84,東京精,7729,東P,,"19,370",+260,+1.36%,"16,294",28.1倍,4.12倍,1.42%
20260703,85,ＳＢ,9434,東P,,209.1,-1.0,-0.48%,"15,717",18.2倍,3.79倍,4.21%
20260703,86,第一ライフ,8750,東P,,"1,843.0",+18.5,+1.01%,"15,338",12.9倍,1.56倍,3.91%
20260703,87,ニデック,6594,東P,,"2,787",+109,+4.07%,"15,278",ー倍,1.82倍,ー%
20260703,88,イオン,8267,東P,,"1,407.5",+53.5,+3.95%,"15,184",53.3倍,3.20倍,1.07%
20260703,89,大塚ＨＤ,4578,東P,,"11,300",-295,-2.54%,"15,115",22.4倍,1.91倍,1.24%
20260703,90,住友商,8053,東P,,"1,575.0",-9.0,-0.57%,"14,886",11.9倍,1.61倍,2.54%
20260703,91,オリックス,8591,東P,,"6,331",+53,+0.84%,"14,881",13.1倍,1.55倍,2.96%
20260703,92,野村総研,4307,東P,,"4,910",+74,+1.53%,"14,847",23.1倍,6.33倍,1.71%
20260703,93,ベイカレント,6532,東P,,"6,671",+116,+1.77%,"14,793",20.8倍,8.54倍,1.95%
20260703,94,メイコー,6787,東P,,"29,330",+750,+2.62%,"14,392",28.2倍,5.83倍,0.55%
20260703,95,日本製鉄,5401,東P,,548.2,+6.2,+1.14%,"14,290",13.0倍,0.52倍,4.38%
20260703,96,三井不,8801,東P,,"1,540.0",+28.0,+1.85%,"14,135",14.5倍,1.26倍,2.40%
20260703,97,ミネベア,6479,東P,,"4,848",+154,+3.28%,"14,032",23.5倍,2.17倍,1.24%
20260703,98,中部電,9502,東P,,"3,174.0",+66.0,+2.12%,"13,750",ー倍,0.76倍,2.21%
20260703,99,テルモ,4543,東P,,"2,258.0",+43.5,+1.96%,"13,710",20.2倍,2.10倍,1.59%
20260703,100,東電ＨＤ,9501,東P,,465.0,+7.6,+1.66%,"13,631",ー倍,0.31倍,ー%
20260703,101,ＮＧＫ,5333,東P,,"7,473",+81,+1.10%,"13,529",25.6倍,2.60倍,1.42%
20260703,102,豊田通商,8015,東P,,"6,216",+109,+1.78%,"13,039",14.6倍,1.85倍,2.01%
20260703,103,キヤノン,7751,東P,,"4,260",+56,+1.33%,"12,963",10.9倍,1.06倍,3.76%
20260703,104,住友不,8830,東P,,"3,847",+118,+3.16%,"12,842",15.9倍,1.44倍,1.35%
20260703,105,菱地所,8802,東P,,"4,215",+126,+3.08%,"12,792",21.6倍,1.89倍,1.16%
20260703,106,ＯＬＣ,4661,東P,,"2,543.5",+38.5,+1.54%,"12,715",36.7倍,3.79倍,0.63%
20260703,107,ブリヂストン,5108,東P,,"3,515.0",+10.0,+0.29%,"12,539",12.9倍,1.19倍,3.56%
20260703,108,デンソー,6902,東P,,"1,955.5",+23.0,+1.19%,"12,516",12.8倍,0.89倍,3.78%
20260703,109,三井住友トラ,8309,東P,,"6,326",+66,+1.05%,"12,495",11.5倍,1.22倍,3.00%
20260703,110,大成建,1801,東P,,"14,650",+225,+1.56%,"12,296",15.8倍,2.52倍,2.59%
20260703,111,ＧＸ半導日株,2644,東Ｅ,,"5,009",+176,+3.64%,"12,235",ー倍,ー倍,ー%
20260703,112,住友化,4005,東P,,554.0,+32.2,+6.17%,"12,205",13.1倍,0.91倍,2.89%
20260703,113,Ｆ＆ＬＣ,3563,東P,,"4,643",-85,-1.80%,"11,770",35.2倍,9.20倍,0.43%
20260703,114,ＳＢＩ,8473,東P,,"2,695.5",+43.5,+1.64%,"11,741",ー倍,0.97倍,ー%
20260703,115,セブン＆アイ,3382,東P,,"2,024.0",+24.0,+1.20%,"11,592",17.3倍,1.29倍,2.96%
20260703,116,野村,8604,東P,,"1,471.5",+13.5,+0.93%,"11,583",ー倍,1.15倍,ー%
20260703,117,ＩＮＰＥＸ,1605,東P,,"3,242.0",+38.0,+1.19%,"11,510",9.42倍,0.77倍,3.33%
20260703,118,鹿島,1812,東P,,"6,128",+136,+2.27%,"11,207",16.7倍,2.01倍,2.38%
20260703,119,アステラス,4503,東P,,"2,152.0",+12.5,+0.58%,"11,207",12.9倍,2.11倍,3.72%
20260703,120,三越伊勢丹,3099,東P,,"3,928",-62,-1.55%,"11,145",22.3倍,2.21倍,2.04%
20260703,121,富士電機,6504,東P,,"13,540",+110,+0.82%,"11,108",18.8倍,2.47倍,ー%
20260703,122,川崎汽,9107,東P,,"2,543.5",+62.0,+2.50%,"11,015",16.2倍,0.85倍,4.72%
20260703,123,フェローテク,6890,東S,,"9,280",+330,+3.69%,"11,003",ー倍,1.88倍,2.87%
20260703,124,ＪＲ東海,9022,東P,,"3,514.0",+61.0,+1.77%,"10,988",7.49倍,0.66倍,0.91%
20260703,125,ＪＲ西日本,9021,東P,,"2,796.5",+96.5,+3.57%,"10,612",12.7倍,1.05倍,3.49%
20260703,126,商船三井,9104,東P,,"5,193",+72,+1.41%,"10,581",10.5倍,0.62倍,3.95%
20260703,127,メルカリ,4385,東P,,"4,392",+203,+4.85%,"10,381",ー倍,6.04倍,ー%
20260703,128,ＣＫＤ,6407,東P,,"7,490",+30,+0.40%,"10,364",30.7倍,3.26倍,1.27%
20260703,129,楽天グループ,4755,東P,,764.0,+21.8,+2.94%,"10,321",ー倍,1.85倍,ー%
20260703,130,ＡＮＡＨＤ,9202,東P,,"3,140.0",+57.0,+1.85%,"10,295",14.7倍,1.07倍,1.91%
20260703,131,ＪＦＥ,5411,東P,,"1,600.0",+29.0,+1.85%,"10,294",6.79倍,0.39倍,5.00%
20260703,132,ＪＡＬ,9201,東P,,"3,050.0",+39.0,+1.30%,"10,250",11.9倍,1.02倍,3.15%
20260703,133,郵船,9101,東P,,"5,211",+28,+0.54%,"10,188",10.8倍,0.68倍,3.84%
20260703,134,デクセリ,4980,東P,,"4,298",+207,+5.06%,"10,159",26.2倍,6.58倍,1.49%
20260703,135,ＴＯＷＡ,6315,東P,,"3,335",+65,+1.99%,"9,986",35.7倍,3.54倍,0.72%
20260703,136,ローツェ,6323,東P,,"4,940",+239,+5.08%,"9,782",30.8倍,6.58倍,0.40%
20260703,137,花王,4452,東P,,"3,289.0",+22.0,+0.67%,"9,733",22.9倍,2.77倍,2.37%
20260703,138,北川精機,6327,東S,,"8,210",+450,+5.80%,"9,619",110倍,11.9倍,0.24%
20260703,139,ＭＡＲＵＷＡ,5344,東P,,"73,700",+630,+0.86%,"9,515",ー倍,6.18倍,0.15%
20260703,140,ダイフク,6383,東P,,"7,313",+73,+1.01%,"9,458",33.6倍,5.87倍,1.12%
20260703,141,コナミＧ,9766,東P,,"18,265",+210,+1.16%,"9,371",24.5倍,4.39倍,1.23%
20260703,142,オムロン,6645,東P,,"6,056",+171,+2.91%,"9,259",43.3倍,1.42倍,1.82%
20260703,143,いすゞ,7202,東P,,"2,314.0",+82.0,+3.67%,"9,206",9.94倍,1.07倍,4.06%
20260703,144,日本郵政,6178,東P,,"2,271.5",+34.0,+1.52%,"9,163",16.3倍,0.64倍,2.64%
20260703,145,積水ハウス,1928,東P,,"3,445.0",+23.0,+0.67%,"9,133",10.3倍,1.03倍,4.21%
20260703,146,ＰｏｗｅｒＸ,485A,東G,,"2,011",+149,+8.00%,"9,126",185倍,33.0倍,ー%
20260703,147,旭化成,3407,東P,,"1,849.0",+65.5,+3.67%,"9,103",15.6倍,1.19倍,2.38%
20260703,148,スカＪＳＡＴ,9412,東P,,"2,766",+156,+5.98%,"9,052",29.0倍,2.58倍,1.74%
20260703,149,ナブテスコ,6268,東P,,"5,655",+439,+8.42%,"9,013",35.6倍,2.42倍,1.45%
20260703,150,資生堂,4911,東P,,"2,769.0",+57.0,+2.10%,"8,974",26.4倍,1.82倍,2.17%
20260703,151,ホトニクス,6965,東P,,"2,669.0",+20.5,+0.77%,"8,862",47.1倍,2.40倍,1.42%
20260703,152,日産自,7201,東P,,313.1,+1.1,+0.35%,"8,850",54.7倍,0.23倍,ー%
20260703,153,サイバー,4751,東P,,"1,459.0",+31.0,+2.17%,"8,821",26.9倍,3.80倍,1.30%
20260703,154,ＴＯＴＯ,5332,東P,,"8,586",+125,+1.48%,"8,724",30.7倍,2.67倍,1.40%
20260703,155,東応化,4186,東P,,"10,855",+215,+2.02%,"8,590",37.2倍,5.54倍,0.74%
20260703,156,セコム,9735,東P,,"6,573",+76,+1.17%,"8,536",24.9倍,2.00倍,1.83%
20260703,157,日本取引所,8697,東P,,"2,179.0",+54.5,+2.57%,"8,488",28.7倍,6.44倍,2.80%
20260703,158,Ｔ＆Ｄ,8795,東P,,"4,954",+50,+1.02%,"8,311",17.6倍,1.47倍,3.31%
20260703,159,アサヒ,2502,東P,,"1,553.0",+9.0,+0.58%,"8,298",18.9倍,0.81倍,3.35%
20260703,160,大和ハウス,1925,東P,,"4,503",+45,+1.01%,"8,274",12.3倍,0.96倍,3.91%
20260703,161,日東電,6988,東P,,"3,222.0",-11.0,-0.34%,"8,248",15.3倍,1.87倍,1.99%
20260703,162,ＱＤレーザ,6613,東G,,"2,595",-15,-0.57%,"8,240",247倍,22.3倍,ー%
20260703,163,塩野義,4507,東P,,"2,869.0",+86.5,+3.11%,"8,237",11.6倍,1.45倍,2.65%
20260703,164,三井Ｅ＆Ｓ,7003,東P,,"4,411",+58,+1.33%,"8,211",14.8倍,1.94倍,1.36%
20260703,165,関西電,9503,東P,,"2,275.5",-15.5,-0.68%,"8,020",8.18倍,0.73倍,3.52%
20260703,166,特殊陶,5334,東P,,"10,990",+230,+2.14%,"7,733",20.4倍,2.79倍,1.91%
20260703,167,ＪＲ東日本,9020,東P,,"3,459.0",+49.0,+1.44%,"7,694",15.3倍,1.28倍,2.43%
20260703,168,リガクＨＤ,268A,東P,,"2,426",-9,-0.37%,"7,477",44.0倍,6.28倍,0.78%
20260703,169,ＳＵＢＡＲＵ,7270,東P,,"2,515.5",+14.0,+0.56%,"7,320",13.6倍,0.64倍,4.61%
20260703,170,電通総研,4812,東P,,"2,732",+367,+15.52%,"7,234",29.6倍,5.28倍,1.65%
20260703,171,野村東証指数,1306,東Ｅ,,431.7,+5.3,+1.24%,"7,201",ー倍,ー倍,ー%
20260703,172,堀場製,6856,東P,,"27,675",+95,+0.34%,"7,158",24.0倍,3.38倍,1.77%
20260703,173,ニトリＨＤ,9843,東P,,"2,339.5",-14.0,-0.59%,"7,148",14.5倍,1.34倍,1.37%
20260703,174,電子材料,6855,東S,,"7,750",+230,+3.06%,"7,143",20.6倍,2.53倍,1.03%
20260703,175,カプコン,9697,東P,,"3,253.0",+37.0,+1.15%,"7,128",23.5倍,5.09倍,1.41%
20260703,176,キッコマン,2801,東P,,"1,631.5",-13.0,-0.79%,"7,093",24.7倍,2.69倍,1.53%
20260703,177,ＡＩメカ,6227,東S,,"6,940",-140,-1.98%,"7,085",42.4倍,9.63倍,0.24%
20260703,178,浜ゴム,5101,東P,,"7,833",+263,+3.47%,"7,065",11.3倍,1.18倍,2.20%
20260703,179,日ケミコン,6997,東P,,"5,570",+430,+8.37%,"7,050",37.4倍,3.06倍,0.45%
20260703,180,ヤマハ発,7272,東P,,"1,249.0",+15.5,+1.26%,"7,045",12.1倍,1.04倍,4.00%
20260703,181,パンパシＨＤ,7532,東P,,818.3,-2.4,-0.29%,"7,034",23.1倍,3.61倍,1.04%
20260703,182,大和,8601,東P,,"1,684.0",+37.0,+2.25%,"6,968",ー倍,1.32倍,ー%
20260703,183,Ｊフロント,3086,東P,,"3,173.0",-129.0,-3.91%,"6,966",26.7倍,1.89倍,1.76%
20260703,184,マツダ,7261,東P,,"1,140.0",+26.5,+2.38%,"6,903",7.99倍,0.38倍,4.82%
20260703,185,エーザイ,4523,東P,,"4,255",+67,+1.60%,"6,855",23.0倍,1.34倍,3.76%
20260703,186,キリンＨＤ,2503,東P,,"2,813.5",+37.0,+1.33%,"6,824",14.4倍,1.71倍,2.70%
20260703,187,ラインヤフー,4689,東P,,438.2,+2.2,+0.50%,"6,792",ー倍,1.00倍,2.51%
20260703,188,テクセンド,429A,東P,,"4,775",+120,+2.58%,"6,769",20.0倍,2.72倍,1.47%
20260703,189,しずおかＦＧ,5831,東P,,"3,232.0",+136.0,+4.39%,"6,746",16.3倍,1.39倍,3.03%
20260703,190,ソニーＦＧ,8729,東P,,146.8,+0.5,+0.34%,"6,638",ー倍,1.57倍,5.45%
20260703,191,三菱ケミＧ,4188,東P,,"1,163.0",+33.5,+2.97%,"6,636",12.4倍,0.90倍,2.75%
20260703,192,アンリツ,6754,東P,,"4,500",+80,+1.81%,"6,608",38.4倍,4.34倍,1.11%
20260703,193,ｉＳ日経,1329,東Ｅ,,"7,280",+106,+1.48%,"6,571",ー倍,ー倍,ー%
20260703,194,住友ファーマ,4506,東P,,"1,557.0",+67.0,+4.50%,"6,543",9.07倍,2.39倍,ー%
20260703,195,ＡＧＣ,5201,東P,,"6,885",+105,+1.55%,"6,510",19.0倍,0.98倍,3.05%
20260703,196,オービック,4684,東P,,"3,996",+60,+1.52%,"6,493",21.0倍,3.34倍,2.35%
20260703,197,大東建,1878,東P,,"3,073.0",-49.0,-1.57%,"6,488",9.26倍,2.00倍,5.30%
20260703,198,アマダ,6113,東P,,"3,075.0",+49.0,+1.62%,"6,486",28.1倍,1.78倍,2.08%
20260703,199,ＮＸＨＤ,9147,東P,,"5,426",+240,+4.63%,"6,446",21.7倍,1.57倍,1.84%
20260703,200,オリンパス,7733,東P,,"1,768.0",+50.0,+2.91%,"6,437",18.4倍,2.31倍,1.70%
20260703,201,大林組,1802,東P,,"3,305.0",+31.0,+0.95%,"6,357",14.5倍,1.81倍,2.84%
20260703,202,日産化,4021,東P,,"8,627",+135,+1.59%,"6,165",22.4倍,4.51倍,2.46%
20260703,203,ＴＯＰＰＡＮ,7911,東P,,"5,313",+114,+2.19%,"6,102",27.1倍,1.11倍,1.09%
20260703,204,千葉銀,8331,東P,,"2,665.0",+110.0,+4.31%,"6,092",17.2倍,1.46倍,2.40%
20260703,205,純金信託,1540,東Ｅ,,"20,180",+275,+1.38%,"6,075",ー倍,ー倍,ー%
20260703,206,日製鋼,5631,東P,,"7,955",+25,+0.32%,"6,012",30.8倍,2.76倍,1.16%
20260703,207,ふくおかＦＧ,8354,東P,,"7,221",+223,+3.19%,"5,977",13.6倍,1.27倍,2.91%
20260703,208,バンナムＨＤ,7832,東P,,"3,916",+25,+0.64%,"5,968",19.3倍,2.92倍,ー%
20260703,209,横浜ＦＧ,7186,東P,,"1,848.0",+68.0,+3.82%,"5,942",15.9倍,1.46倍,2.54%
20260703,210,ラウンドワン,4680,東P,,"1,256.5",+65.5,+5.50%,"5,941",18.1倍,4.00倍,1.43%
20260703,211,ＥＮＥＯＳ,5020,東P,,"1,221.0",+1.5,+0.12%,"5,913",7.84倍,0.97倍,2.78%
20260703,212,積水化,4204,東P,,"2,639.5",+33.5,+1.29%,"5,851",14.0倍,1.25倍,3.07%
20260703,213,マクドナルド,2702,東S,,"7,650",+80,+1.06%,"5,836",29.5倍,3.58倍,0.84%
20260703,214,三菱ＨＣキャ,8593,東P,,"1,351.0",+21.0,+1.58%,"5,835",12.1倍,0.98倍,3.77%
20260703,215,ＦＵＪＩ,6134,東P,,"8,748",+298,+3.53%,"5,770",23.3倍,3.31倍,2.17%
20260703,216,ＴＨＫ,6481,東P,,"7,784",+351,+4.72%,"5,749",38.4倍,3.45倍,2.36%
20260703,217,クボタ,6326,東P,,"2,745.5",+63.0,+2.35%,"5,672",14.7倍,1.15倍,1.89%
20260703,218,データセク,3905,東G,,"3,160",+55,+1.77%,"5,664",11.6倍,5.44倍,ー%
20260703,219,横河電,6841,東P,,"5,812",+228,+4.08%,"5,646",25.1倍,2.82倍,1.58%
20260703,220,アストロＨＤ,186A,東G,,"1,218",+94,+8.36%,"5,632",ー倍,20.9倍,ー%
20260703,221,ニチコン,6996,東P,,"4,435",+140,+3.26%,"5,584",44.5倍,2.49倍,0.88%
20260703,222,三井ハイテク,6966,東P,,"1,095",+91,+9.06%,"5,507",20.0倍,1.70倍,1.74%
20260703,223,清水建,1803,東P,,"2,599.0",+26.0,+1.01%,"5,499",13.6倍,1.80倍,2.96%
20260703,224,西武ＨＤ,9024,東P,,"3,402.0",+122.0,+3.72%,"5,463",32.0倍,1.52倍,1.23%
20260703,225,トレンド,4704,東P,,"6,267",+6,+0.10%,"5,432",22.2倍,7.33倍,ー%
20260703,226,ＴＰＸブル,1568,東Ｅ,,995.8,+24.9,+2.56%,"5,419",ー倍,ー倍,ー%
20260703,227,ＬＩＸＩＬ,5938,東P,,"1,865.5",+33.5,+1.83%,"5,391",44.7倍,0.81倍,4.82%
20260703,228,大塚商会,4768,東P,,"2,853.0",+38.5,+1.37%,"5,391",17.7倍,2.76倍,3.33%
20260703,229,ＯＳＧ,6136,東P,,"4,101",+379,+10.18%,"5,333",21.9倍,1.85倍,2.05%
20260703,230,エムスリー,2413,東P,,"1,860.5",+7.5,+0.40%,"5,262",23.4倍,3.04倍,ー%
20260703,231,野村マイクロ,6254,東P,,"4,915",+215,+4.57%,"5,207",17.0倍,4.79倍,1.73%
20260703,232,楽天銀,5838,東P,,"5,395",+67,+1.26%,"5,201",11.6倍,2.54倍,ー%
20260703,233,住友ゴ,5110,東P,,"2,246.0",+73.5,+3.38%,"5,192",10.7倍,0.81倍,3.74%
20260703,234,武蔵精密,7220,東P,,"4,125",+175,+4.43%,"5,187",41.6倍,2.22倍,0.97%
20260703,235,アルバック,6728,東P,,"10,080",+207,+2.10%,"5,159",26.8倍,2.16倍,1.51%
20260703,236,関電工,1942,東P,,"6,772",+129,+1.94%,"5,119",20.7倍,3.45倍,1.92%
20260703,237,エプソン,6724,東P,,"2,807.0",+85.5,+3.14%,"5,049",15.2倍,1.05倍,2.85%
20260703,238,コカＢＪＨ,2579,東P,,"4,421",+92,+2.13%,"5,040",31.8倍,1.94倍,1.63%
20260703,239,三井海洋,6269,東P,,"9,354",+297,+3.28%,"5,009",11.0倍,2.64倍,2.14%
20260703,240,電通グループ,4324,東P,,"3,243.0",+138.0,+4.44%,"4,994",12.1倍,2.02倍,ー%
20260703,241,マツキヨココ,3088,東P,,"2,405.0",+12.5,+0.52%,"4,993",16.0倍,1.74倍,2.33%
20260703,242,東建物,8804,東P,,"3,314.0",+43.0,+1.31%,"4,991",10.9倍,1.16倍,3.68%
20260703,243,阪急阪神,9042,東P,,"4,449",+63,+1.44%,"4,989",13.1倍,0.94倍,2.25%
20260703,244,上場日経平均,1330,東Ｅ,,"73,260","+1,080",+1.50%,"4,970",ー倍,ー倍,ー%
20260703,245,メタプラ,3350,東S,,214,+7,+3.38%,"4,928",ー倍,0.68倍,ー%
20260703,246,三菱マ,5711,東P,,"4,555",+103,+2.31%,"4,925",12.2倍,0.81倍,2.55%
20260703,247,日電硝,5214,東P,,"6,355",+71,+1.13%,"4,906",20.4倍,0.95倍,2.52%
20260703,248,ｉＦ日経年１,1320,東Ｅ,,"72,800",+980,+1.36%,"4,880",ー倍,ー倍,ー%
20260703,249,京都ＦＧ,5844,東P,,"4,710",+67,+1.44%,"4,850",25.6倍,1.17倍,2.23%
20260703,250,きんでん,1944,東P,,"7,936",+99,+1.26%,"4,840",18.7倍,1.97倍,3.02%
20260703,251,東レ,3402,東P,,"1,173.5",+40.5,+3.57%,"4,824",19.0倍,0.95倍,2.22%
20260703,252,ネクソン,3659,東P,,"2,289.0",+54.5,+2.44%,"4,808",ー倍,1.69倍,2.62%
20260703,253,ＳＨＩＦＴ,3697,東P,,708.5,+23.6,+3.45%,"4,775",ー倍,4.74倍,ー%
20260703,254,ＧＸ半導体,2243,東Ｅ,,"5,028",-46,-0.91%,"4,742",ー倍,ー倍,ー%
20260703,255,タイミー,215A,東G,,"1,682",+56,+3.44%,"4,694",26.0倍,10.5倍,ー%
20260703,256,高島屋,8233,東P,,"2,336.0",-40.0,-1.68%,"4,649",18.0倍,1.51倍,1.71%
20260703,257,大日印,7912,東P,,"3,052.0",+52.0,+1.73%,"4,622",13.8倍,1.10倍,1.34%
20260703,258,栗田工,6370,東P,,"9,398",+298,+3.27%,"4,579",24.2倍,2.98倍,1.43%
20260703,259,精工技研,6834,東S,,"26,540",+260,+0.99%,"4,548",37.1倍,7.01倍,0.45%
20260703,260,ＬｉＮＫＸ,584A,東G,,"2,522",-273,-9.77%,"4,533",75.1倍,11.2倍,ー%
20260703,261,ＧＯ,581A,東G,,"2,376",+175,+7.95%,"4,521",28.8倍,8.42倍,ー%
20260703,262,日電波,6779,東P,,"3,750",+280,+8.07%,"4,513",37.4倍,2.69倍,0.80%
20260703,263,ビルファンド,8951,東Ｒ,,"128,300","+1,400",+1.10%,"4,507",ー倍,1.55倍,3.83%
20260703,264,上場日経２倍,1358,東Ｅ,,"150,400","+3,750",+2.56%,"4,504",ー倍,ー倍,ー%
20260703,265,シスメックス,6869,東P,,"1,528.5",+0.5,+0.03%,"4,473",25.7倍,1.83倍,2.62%
20260703,266,東ガス,9531,東P,,"6,037",+31,+0.52%,"4,431",14.6倍,1.16倍,1.99%
20260703,267,野村東証銀行,1615,東Ｅ,,732.0,+9.2,+1.27%,"4,417",ー倍,ー倍,ー%
20260703,268,日電子,6951,東P,,"7,582",+98,+1.31%,"4,378",17.3倍,2.55倍,1.74%
20260703,269,出光興産,5019,東P,,"1,214.5",+11.5,+0.96%,"4,361",19.4倍,0.76倍,2.96%
20260703,270,双日,2768,東P,,"5,227",+21,+0.40%,"4,357",8.37倍,1.00倍,3.44%
20260703,271,菱ガス化,4182,東P,,"4,973",+125,+2.58%,"4,348",21.1倍,1.50倍,2.21%
20260703,272,Ｖテク,7717,東P,,"8,090",+70,+0.87%,"4,343",25.5倍,2.11倍,0.99%
20260703,273,東京メトロ,9023,東P,,"1,445.0",-5.5,-0.38%,"4,303",16.8倍,1.14倍,3.04%
20260703,274,マネックスＧ,8698,東P,,690,+12,+1.77%,"4,294",ー倍,1.37倍,4.46%
20260703,275,ＳＢＩ新生銀,8303,東P,,"1,447.5",+35.5,+2.51%,"4,241",ー倍,1.05倍,2.90%
20260703,276,東洋水,2875,東P,,"10,535",+75,+0.72%,"4,235",15.6倍,1.92倍,2.09%
20260703,277,ニッパツ,5991,東P,,"4,095",+149,+3.78%,"4,193",18.4倍,1.90倍,1.68%
20260703,278,ＤＯＷＡ,5714,東P,,"8,834",+44,+0.50%,"4,173",9.17倍,1.15倍,3.83%
20260703,279,ミスミＧ,9962,東P,,"4,187",+122,+3.00%,"4,136",29.5倍,2.91倍,1.27%
20260703,280,ユニオンツル,6278,東P,,"22,130",+590,+2.74%,"4,112",45.4倍,5.23倍,0.59%
20260703,281,ディーエヌエ,2432,東P,,"2,664.0",-0.5,-0.02%,"4,111",ー倍,1.12倍,ー%
20260703,282,クレセゾン,8253,東P,,"4,592",+73,+1.62%,"4,036",8.74倍,0.87倍,3.48%
20260703,283,エアウォータ,4088,東P,,"2,777",+19,+0.69%,"4,032",ー倍,1.43倍,2.70%
20260703,284,日立建機,6305,東P,,"5,352",+146,+2.80%,"4,009",14.2倍,1.26倍,3.55%
20260703,285,インフォＭＴ,2492,東P,,479,+79,+19.75%,"3,978",41.2倍,4.33倍,1.37%
20260703,286,島津,7701,東P,,"4,143",+8,+0.19%,"3,973",21.8倍,2.12倍,1.69%
20260703,287,北海電,9509,東P,,970.0,+39.7,+4.27%,"3,964",9.67倍,0.49倍,3.40%
20260703,288,マルマエ,6264,東P,,"2,962",+239,+8.78%,"3,940",25.5倍,5.53倍,1.52%
20260703,289,すかいらーく,3197,東P,,"2,849.0",+29.5,+1.05%,"3,932",33.2倍,3.41倍,0.91%
20260703,290,野村ＲＥＩＴ,1343,東Ｅ,,"1,978.0",+28.5,+1.46%,"3,923",ー倍,ー倍,ー%
20260703,291,ＧＳユアサ,6674,東P,,"6,737",+135,+2.04%,"3,906",18.8倍,1.71倍,1.45%
20260703,292,霞ヶ関Ｃ,3498,東P,,"7,050",+50,+0.71%,"3,890",10.5倍,2.32倍,2.34%
20260703,293,ツガミ,6101,東P,,"8,120",+310,+3.97%,"3,877",22.2倍,4.71倍,1.21%
20260703,294,ヒューリック,3003,東P,,"1,734.5",+21.0,+1.23%,"3,874",10.9倍,1.45倍,3.86%
20260703,295,メック,4971,東P,,"10,360",+50,+0.48%,"3,850",34.1倍,5.98倍,1.06%
20260703,296,ツルハＨＤ,3391,東P,,"2,133.0",+29.0,+1.38%,"3,842",23.3倍,1.10倍,2.25%
20260703,297,ＤＭＧ森精機,6141,東P,,"3,750.0",+135.0,+3.73%,"3,789",35.3倍,1.58倍,2.80%
20260703,298,日本ペＨＤ,4612,東P,,"1,087.5",+19.5,+1.83%,"3,784",12.7倍,1.33倍,1.56%
20260703,299,九州電,9508,東P,,"1,703.5",+64.5,+3.94%,"3,760",6.48倍,0.81倍,2.94%
20260703,300,ヤマトＨＤ,9064,東P,,"1,945.5",+36.5,+1.91%,"3,724",38.5倍,1.08倍,2.36%
20260703,301,めぶきＦＧ,7167,東P,,"1,509.0",+29.5,+1.99%,"3,717",14.9倍,1.31倍,2.65%
20260703,302,大ガス,9532,東P,,"5,363",+29,+0.54%,"3,713",14.1倍,1.13倍,2.42%
20260703,303,オンコセラピ,4564,東G,,20,+1,+5.26%,"3,701",ー倍,3.85倍,ー%
20260703,304,日揮ＨＤ,1963,東P,,"2,493.5",-4.5,-0.18%,"3,653",13.1倍,1.40倍,2.09%
20260703,305,ＲＳテクノ,3445,東P,,"8,450",+890,+11.77%,"3,636",22.5倍,2.65倍,0.65%
20260703,306,サントリＢＦ,2587,東P,,"4,586",+58,+1.28%,"3,628",15.9倍,1.08倍,2.62%
20260703,307,共立メンテ,9616,東P,,"2,994.0",-73.0,-2.38%,"3,618",15.1倍,1.87倍,1.54%
20260703,308,ヒロセ電,6806,東P,,"29,265",+365,+1.26%,"3,617",28.2倍,2.53倍,1.78%
20260703,309,ダイヘン,6622,東P,,"17,000",-130,-0.76%,"3,616",24.3倍,2.61倍,1.24%
20260703,310,関西ペ,4613,東P,,"2,756.5",+58.0,+2.15%,"3,567",18.0倍,1.62倍,3.99%
20260703,311,東ソー,4042,東P,,"2,826.5",-11.5,-0.41%,"3,562",ー倍,1.05倍,3.54%
20260703,312,農中東証指数,2524,東Ｅ,,"4,251",+103,+2.48%,"3,562",ー倍,ー倍,ー%
20260703,313,フルヤ金属,7826,東P,,"7,690",+70,+0.92%,"3,543",12.6倍,2.56倍,2.02%
20260703,314,名村造,7014,東S,,"3,640",+70,+1.96%,"3,504",11.5倍,1.85倍,1.65%
20260703,315,ＱＰＳＨＤ,464A,東G,,"2,098",+115,+5.80%,"3,487",107倍,7.80倍,ー%
20260703,316,ｓａｎｔｅｃ,6777,東S,,"23,350",-350,-1.48%,"3,469",31.2倍,9.87倍,0.99%
20260703,317,アイシン,7259,東P,,"2,282.5",+30.0,+1.33%,"3,467",10.7倍,0.73倍,3.29%
20260703,318,ゼンショＨＤ,7550,東P,,"8,232",-25,-0.30%,"3,462",27.2倍,4.94倍,0.97%
20260703,319,王子ＨＤ,3861,東P,,814.2,+1.9,+0.23%,"3,456",19.8倍,0.63倍,4.42%
20260703,320,東急,9005,東P,,"1,670.0",+7.5,+0.45%,"3,447",10.5倍,1.04倍,1.92%
20260703,321,テラドローン,278A,東G,,"8,410",+300,+3.70%,"3,443",ー倍,18.4倍,ー%
20260703,322,ＳＷＣＣ,5805,東P,,"12,560",-30,-0.24%,"3,419",20.1倍,3.78倍,1.99%
20260703,323,神戸鋼,5406,東P,,"1,905.5",+48.0,+2.58%,"3,418",7.54倍,0.60倍,4.20%
20260703,324,ＺＯＺＯ,3092,東P,,"1,150.0",-1.5,-0.13%,"3,406",20.4倍,9.50倍,3.48%
20260703,325,シマノ,7309,東P,,"17,540",+415,+2.42%,"3,402",35.5倍,1.72倍,2.07%
20260703,326,ミライニＨＤ,546A,東P,,"2,358",-62,-2.56%,"3,398",5.50倍,ー倍,4.07%
20260703,327,東宝,9602,東P,,"1,303.0",-5.5,-0.42%,"3,394",26.4倍,2.10倍,1.69%
20260703,328,かんぽ生命,7181,東P,,"1,613.0",+31.5,+1.99%,"3,359",12.4倍,0.42倍,3.10%
20260703,329,モノタロウ,3064,東P,,"1,922.5",+55.5,+2.97%,"3,357",26.1倍,8.21倍,1.92%
20260703,330,ＴＰＸベア２,1356,東Ｅ,,108.8,-3.0,-2.68%,"3,351",ー倍,ー倍,ー%
20260703,331,マキタ,6586,東P,,"5,993",+211,+3.65%,"3,340",19.1倍,1.55倍,ー%
20260703,332,東急不ＨＤ,3289,東P,,"1,333.5",+20.5,+1.56%,"3,337",9.50倍,1.06倍,3.75%
20260703,333,ホシザキ,6465,東P,,"5,648",+109,+1.97%,"3,300",20.4倍,1.99倍,2.04%
20260703,334,リコー,7752,東P,,"1,441.5",+19.0,+1.34%,"3,297",13.2倍,0.71倍,3.05%
20260703,335,あおぞら銀,8304,東P,,"2,830.0",+39.0,+1.40%,"3,257",14.5倍,0.82倍,3.53%
20260703,336,丸井Ｇ,8252,東P,,"2,932.0",+62.0,+2.16%,"3,217",17.8倍,2.15倍,4.57%
20260703,337,ユニチャーム,8113,東P,,959.8,+7.9,+0.83%,"3,212",19.1倍,2.11倍,2.29%
20260703,338,ランド,8918,東S,,10,0,0.00%,"3,210",11.4倍,1.68倍,ー%
20260703,339,東京きらぼし,7173,東P,,"1,798",+24,+1.35%,"3,181",13.1倍,1.40倍,1.67%
20260703,340,コスモス薬品,3349,東P,,"6,421",+55,+0.86%,"3,179",16.4倍,1.86倍,1.17%
20260703,341,三井化学,4183,東P,,"2,182.0",+61.0,+2.88%,"3,175",17.5倍,0.91倍,3.44%
20260703,342,朝日インテク,7747,東P,,"3,864",+83,+2.20%,"3,149",33.6倍,6.17倍,1.19%
20260703,343,日ハム,2282,東P,,"6,117",+33,+0.54%,"3,121",15.1倍,1.07倍,2.94%
20260703,344,Ｆスターズ,3687,東P,,"2,380",+44,+1.88%,"3,102",39.4倍,8.79倍,0.80%
20260703,345,オープンＨ,3288,東P,,"8,549",+234,+2.81%,"3,093",8.04倍,1.62倍,2.34%
20260703,346,神戸物産,3038,東P,,"2,661.5",-2.5,-0.09%,"3,080",20.0倍,3.52倍,1.20%
20260703,347,Ｓａｎｓａｎ,4443,東P,,"1,716",+40,+2.39%,"3,076",ー倍,11.9倍,0.15%
20260703,348,ほくほくＦＧ,8377,東P,,"7,270",+219,+3.11%,"3,069",14.0倍,1.20倍,2.06%
20260703,349,ネイス,589A,東G,,"1,348",-328,-19.57%,"3,067",12.6倍,10.8倍,ー%
20260703,350,カバー,5253,東G,,"1,548",+90,+6.17%,"3,061",20.2倍,4.94倍,ー%
20260703,351,ワークマン,7564,東S,,"6,370",+150,+2.41%,"3,051",23.3倍,3.39倍,1.40%
20260703,352,インフロニア,5076,東P,,"2,684.0",+6.5,+0.24%,"3,049",11.7倍,1.33倍,3.73%
20260703,353,住友林,1911,東P,,"1,361.5",+16.5,+1.23%,"3,040",8.79倍,0.80倍,3.67%
20260703,354,ビプロジー,8056,東P,,"4,477",+73,+1.66%,"3,031",13.4倍,2.42倍,3.13%
20260703,355,光通信,9435,東P,,"36,010",+900,+2.56%,"3,029",13.1倍,1.33倍,2.17%
20260703,356,デンカ,4061,東P,,"4,213",+26,+0.62%,"3,014",22.7倍,1.17倍,2.37%
20260703,357,東北電,9506,東P,,"1,069.0",+5.5,+0.52%,"3,008",ー倍,0.48倍,3.74%
20260703,358,上場東証指数,1308,東Ｅ,,"4,263",+58,+1.38%,"3,001",ー倍,ー倍,ー%
20260703,359,シチズン,7762,東P,,"2,405",+24,+1.01%,"2,992",21.3倍,2.00倍,2.08%
20260703,360,ヤクルト,2267,東P,,"2,846.5",+56.0,+2.01%,"2,962",17.6倍,1.35倍,2.53%
20260703,361,八十二長野,8359,東P,,"2,529.5",+61.5,+2.49%,"2,960",15.8倍,1.00倍,2.57%
20260703,362,住友ベ,4203,東P,,"7,506",+166,+2.26%,"2,913",23.1倍,1.90倍,1.60%
20260703,363,しまむら,8227,東P,,"3,354.0",+44.0,+1.33%,"2,883",14.7倍,1.41倍,2.39%
20260703,364,協和キリン,4151,東P,,"2,663.5",+32.5,+1.24%,"2,862",18.6倍,1.56倍,2.63%
20260703,365,参天薬,4536,東P,,"2,209.5",+34.0,+1.56%,"2,814",17.8倍,2.39倍,1.90%
20260703,366,ニコン,7731,東P,,"2,271.0",+50.0,+2.25%,"2,807",74.8倍,1.27倍,0.88%
20260703,367,楽天Ｗベア,1459,東Ｅ,,103,-4,-3.74%,"2,804",ー倍,ー倍,ー%
20260703,368,コムシスＨＤ,1721,東P,,"5,451",-76,-1.38%,"2,800",16.6倍,1.57倍,2.48%
20260703,369,日清食ＨＤ,2897,東P,,"2,852.5",+4.5,+0.16%,"2,789",17.5倍,1.58倍,2.45%
20260703,370,森永乳,2264,東P,,"1,300.5",-16.0,-1.22%,"2,749",21.0倍,1.53倍,1.92%
20260703,371,明治ＨＤ,2269,東P,,"3,818",+13,+0.34%,"2,747",16.6倍,1.34倍,2.88%
20260703,372,大有機,4187,東P,,"5,870",-10,-0.17%,"2,741",23.0倍,2.30倍,1.47%
20260703,373,野村不ＨＤ,3231,東P,,944.2,+8.2,+0.88%,"2,740",9.38倍,1.01倍,4.66%
20260703,374,リンテック,7966,東P,,"7,310",+290,+4.13%,"2,737",24.6倍,1.86倍,1.64%
20260703,375,山一電機,6941,東P,,"9,420",+310,+3.40%,"2,720",18.9倍,3.74倍,1.59%
20260703,376,ニチレイ,2871,東P,,"2,164.0",-13.0,-0.60%,"2,719",ー倍,1.89倍,3.08%
20260703,377,帝人,3401,東P,,"1,718.5",+79.0,+4.82%,"2,712",7.37倍,0.91倍,2.91%
20260703,378,京成,9009,東P,,"1,187.0",+8.5,+0.72%,"2,711",14.6倍,1.03倍,1.85%
20260703,379,純銀信託,1542,東Ｅ,,"29,615","+1,045",+3.66%,"2,710",ー倍,ー倍,ー%
20260703,380,ＧＭＯ－ＰＧ,3769,東P,,"9,720",+211,+2.22%,"2,689",31.5倍,6.29倍,1.75%
20260703,381,ＴＩＳＩ,3626,東P,,"3,273.0",-15.0,-0.46%,"2,674",12.0倍,2.11倍,2.75%
20260703,382,ＴＯＹＯ,5105,東P,,"3,871",+15,+0.39%,"2,669",11.0倍,1.12倍,3.49%
20260703,383,日本酸素ＨＤ,4091,東P,,"6,275",+25,+0.40%,"2,657",20.7倍,2.23倍,1.05%
20260703,384,さくらネット,3778,東P,,"2,816",+23,+0.82%,"2,652",133倍,3.74倍,0.20%
20260703,385,ｉＦ日経Ｗブ,1365,東Ｅ,,"4,845",+135,+2.87%,"2,616",ー倍,ー倍,ー%
20260703,386,日本オラクル,4716,東S,,"8,746",+99,+1.14%,"2,607",ー倍,5.48倍,ー%
20260703,387,五洋建,1893,東P,,"1,706.5",+35.0,+2.09%,"2,599",13.3倍,2.34倍,3.05%
20260703,388,小野薬,4528,東P,,"2,419.0",+17.0,+0.71%,"2,592",16.0倍,1.34倍,3.31%
20260703,389,ジーエヌアイ,2160,東G,,"2,858",+2,+0.07%,"2,588",ー倍,3.76倍,ー%
20260703,390,宝ＨＬＤ,2531,東P,,"2,114.0",+122.0,+6.12%,"2,588",34.0倍,1.56倍,1.47%
20260703,391,クラレ,3405,東P,,"1,727.0",+42.0,+2.49%,"2,588",13.0倍,0.70倍,3.71%
20260703,392,Ｊマテリアル,6055,東P,,"2,500",+10,+0.40%,"2,583",23.8倍,4.10倍,1.40%
20260703,393,ジャパンＲＥ,8952,東Ｒ,,"119,200","+1,800",+1.53%,"2,581",ー倍,1.60倍,4.30%
20260703,394,日精工,6471,東P,,"1,184.0",+24.0,+2.07%,"2,563",24.1倍,0.86倍,2.87%
20260703,395,日油,4403,東P,,"2,815.5",+83.5,+3.06%,"2,560",16.2倍,2.14倍,2.49%
20260703,396,千代建,6366,東S,,694,+3,+0.43%,"2,542",26.0倍,5.40倍,ー%
20260703,397,Ｊパワー,9513,東P,,"3,659.0",-24.0,-0.65%,"2,536",7.95倍,0.46倍,2.87%
20260703,398,ジェイテクト,6473,東P,,"2,131.0",+57.0,+2.75%,"2,503",13.6倍,0.86倍,3.28%
20260703,399,ユニチカ,3103,東S,,"1,031",+30,+3.00%,"2,486",12.6倍,1.77倍,ー%
20260703,400,日経高配５０,1489,東Ｅ,,"3,262",+39,+1.21%,"2,473",ー倍,ー倍,ー%
20260703,401,ウシオ電,6925,東P,,"4,700",+16,+0.34%,"2,469",35.5倍,1.88倍,1.49%
20260703,402,ＵＡＣＪ,5741,東P,,"2,508",-22,-0.87%,"2,467",16.2倍,1.31倍,2.31%
20260703,403,テクノフレ,3449,東S,,"8,060",-180,-2.18%,"2,463",52.8倍,5.61倍,0.77%
20260703,404,アルプスアル,6770,東P,,"2,126.0",+24.0,+1.14%,"2,450",13.8倍,0.93倍,3.01%
20260703,405,ＴＢＳＨＤ,9401,東P,,"6,380",-35,-0.55%,"2,441",20.3倍,0.87倍,1.57%
20260703,406,オークマ,6103,東P,,"4,945",+155,+3.24%,"2,437",22.4倍,1.19倍,2.02%
20260703,407,トクヤマ,4043,東P,,"5,030",+71,+1.43%,"2,402",ー倍,1.28倍,ー%
20260703,408,ＵＳＳ,4732,東P,,"1,927.0",+13.0,+0.68%,"2,380",21.0倍,4.22倍,2.85%
20260703,409,ヤマダＨＤ,9831,東P,,642.3,+2.2,+0.34%,"2,372",15.4倍,0.67倍,2.65%
20260703,410,スクエニＨＤ,9684,東P,,"2,507.0",+11.0,+0.44%,"2,370",29.2倍,2.59倍,1.72%
20260703,411,住友重,6302,東P,,"5,356",+106,+2.02%,"2,360",18.7倍,0.93倍,2.71%
20260703,412,ピジョン,7956,東P,,"2,080.5",-21.0,-1.00%,"2,349",27.2倍,3.05倍,3.65%
20260703,413,上場半導体株,213A,東Ｅ,,526.3,+22.3,+4.42%,"2,348",ー倍,ー倍,ー%
20260703,414,古野電,6814,東P,,"6,150",+330,+5.67%,"2,317",15.0倍,2.18倍,2.60%
20260703,415,ラクス,3923,東P,,"1,025.0",+19.0,+1.89%,"2,308",14.4倍,13.9倍,0.78%
20260703,416,いよぎんＨＤ,5830,東P,,"3,335.0",+88.0,+2.71%,"2,296",12.4倍,1.09倍,2.40%
20260703,417,丸一管,5463,東P,,"1,935.0",+39.0,+2.06%,"2,295",16.7倍,1.23倍,2.69%
20260703,418,ソレイジア,4597,東G,,26,0,0.00%,"2,284",ー倍,4.15倍,ー%
20260703,419,サンケン,6707,東P,,"11,015",-480,-4.18%,"2,283",220倍,1.84倍,ー%
20260703,420,大同メ,7245,東P,,"1,792",-1,-0.06%,"2,272",16.6倍,1.01倍,2.01%
20260703,421,カカクコム,2371,東P,,"3,564.0",+49.0,+1.39%,"2,251",34.1倍,10.9倍,ー%
20260703,422,Ｓｙｎｓ,290A,東G,,"1,290",+93,+7.77%,"2,251",64.9倍,4.74倍,ー%
20260703,423,東洋エンジ,6330,東P,,"2,067",+28,+1.37%,"2,233",20.2倍,3.11倍,1.21%
20260703,424,三菱自,7211,東P,,333.8,+4.9,+1.49%,"2,216",17.9倍,0.49倍,3.00%
20260703,425,高度紙,3891,東S,,"9,300",-100,-1.06%,"2,214",30.7倍,3.74倍,1.18%
20260703,426,東京計器,7721,東P,,"6,510",+150,+2.36%,"2,206",21.4倍,2.35倍,0.74%
20260703,427,オルガノ,6368,東P,,"16,125",+110,+0.69%,"2,206",24.7倍,5.19倍,1.36%
20260703,428,ＡＢＣマート,2670,東P,,"2,800.0",+43.0,+1.56%,"2,192",14.9倍,1.74倍,2.86%
20260703,429,群馬銀,8334,東P,,"2,419.0",+13.5,+0.56%,"2,191",14.1倍,1.48倍,2.89%
20260703,430,東海カーボン,5301,東P,,"1,758.5",+24.0,+1.38%,"2,183",29.7倍,1.12倍,2.27%
20260703,431,大同特鋼,5471,東P,,"2,830.0",+55.5,+2.00%,"2,173",20.6倍,1.20倍,1.84%
20260703,432,トリケミカル,4369,東P,,"3,635",+95,+2.68%,"2,159",25.7倍,3.21倍,0.96%
20260703,433,ラサ工,4022,東P,,"2,083",+31,+1.51%,"2,150",18.9倍,2.56倍,1.73%
20260703,434,リベルタ,4935,東S,,360,+52,+16.88%,"2,132",88.0倍,8.70倍,0.56%
20260703,435,堺化学,4078,東P,,"4,515",+85,+1.92%,"2,122",15.7倍,0.89倍,3.54%
20260703,436,滋賀銀,8366,東P,,"2,641",+48,+1.85%,"2,113",21.3倍,1.19倍,1.89%
20260703,437,オンコリス,4588,東G,,"2,680",-41,-1.51%,"2,096",ー倍,21.9倍,ー%
20260703,438,クスリアオキ,3549,東S,,"3,738.0",+48.0,+1.30%,"2,089",18.7倍,2.52倍,1.71%
20260703,439,エクサＷｉｚ,4259,東G,,886,+52,+6.24%,"2,089",ー倍,18.6倍,0.56%
20260703,440,小田急,9007,東P,,"1,677.5",+12.0,+0.72%,"2,081",15.0倍,1.13倍,3.58%
20260703,441,関電化,4047,東P,,"3,480",+135,+4.04%,"2,076",29.4倍,2.76倍,1.03%
20260703,442,牧野フ,6135,東P,,"15,330",+130,+0.86%,"2,072",16.2倍,1.37倍,2.22%
20260703,443,上組,9364,東P,,"5,228",+80,+1.55%,"2,065",18.9倍,1.31倍,3.92%
20260703,444,みずほリース,8425,東P,,"1,262",+12,+0.96%,"2,055",6.80倍,0.83倍,4.12%
20260703,445,ニッスイ,1332,東P,,"1,293.5",+13.5,+1.05%,"2,048",13.5倍,1.31倍,2.47%
20260703,446,高砂熱,1969,東P,,"5,150",+39,+0.76%,"2,042",16.9倍,3.21倍,2.39%
20260703,447,ＡＤＥＫＡ,4401,東P,,"4,280",+131,+3.16%,"2,035",14.4倍,1.32倍,2.80%
20260703,448,三和ＨＤ,5929,東P,,"3,808",+8,+0.21%,"2,029",13.3倍,2.28倍,3.83%
20260703,449,カネカ,4118,東P,,"5,747",+98,+1.73%,"2,007",11.0倍,0.69倍,3.65%
20260703,450,長谷工,1808,東P,,"2,825.0",+25.0,+0.89%,"1,985",11.3倍,1.33倍,3.54%
20260703,451,吉野家ＨＤ,9861,東P,,"3,198.0",+86.0,+2.76%,"1,984",42.3倍,3.04倍,0.69%
20260703,452,太洋物産,9941,東S,,"1,630",+199,+13.91%,"1,971",21.7倍,3.66倍,ー%
20260703,453,シンフォニア,6507,東P,,"15,690",+370,+2.42%,"1,959",29.5倍,4.48倍,1.03%
20260703,454,ブラザー,6448,東P,,"3,779.0",+84.0,+2.27%,"1,946",13.0倍,1.23倍,2.65%
20260703,455,トライアル,141A,東G,,"3,075",+77,+2.57%,"1,933",756倍,2.88倍,0.52%
20260703,456,日清紡ＨＤ,3105,東P,,"2,480.0",-4.5,-0.18%,"1,930",38.7倍,1.28倍,1.45%
20260703,457,ＩＮＶ,8963,東Ｒ,,"60,800",+600,+1.00%,"1,921",ー倍,1.31倍,6.23%
20260703,458,ライオン,4912,東P,,"1,722.5",-7.0,-0.40%,"1,916",19.1倍,1.47倍,1.97%
20260703,459,寿スピリッツ,2222,東P,,"2,545.0",+53.5,+2.15%,"1,888",28.5倍,8.20倍,1.38%
20260703,460,山九,9065,東P,,"8,780",+216,+2.52%,"1,886",13.3倍,1.45倍,3.01%
20260703,461,エニーカラー,5032,東P,,"2,433",+54,+2.27%,"1,885",11.2倍,5.41倍,2.55%
20260703,462,ＵＢＥ,4208,東P,,"3,243.0",+41.0,+1.28%,"1,883",12.9倍,0.72倍,4.93%
20260703,463,オプトラン,6235,東P,,"3,845",+80,+2.12%,"1,880",27.4倍,1.91倍,1.46%
20260703,464,ダイセキ,9793,東P,,"3,840",-190,-4.71%,"1,879",16.2倍,2.19倍,2.24%
20260703,465,ＫＤＸ不動産,8972,東Ｒ,,"157,300","+3,000",+1.94%,"1,877",ー倍,1.00倍,5.37%
20260703,466,サッポロ,2501,東P,,"1,898.5",+35.0,+1.88%,"1,867",2.50倍,3.44倍,2.11%
20260703,467,三機工,1961,東P,,"2,796",-55,-1.93%,"1,862",16.9倍,3.52倍,2.32%
20260703,468,テラプローブ,6627,東S,,"13,880",+670,+5.07%,"1,851",ー倍,3.11倍,ー%
20260703,469,住友大阪,5232,東P,,"5,944",+69,+1.17%,"1,848",18.8倍,0.96倍,2.02%
20260703,470,マネフォ,3994,東P,,"4,538",+94,+2.12%,"1,846",ー倍,6.03倍,ー%
20260703,471,ロート,4527,東P,,"2,405.5",+14.0,+0.59%,"1,840",15.8倍,1.80倍,2.08%
20260703,472,ＡＲＥＨＤ,5857,東P,,"3,035",+75,+2.53%,"1,840",8.99倍,1.13倍,4.45%
20260703,473,アズビル,6845,東P,,"1,729.0",+19.5,+1.14%,"1,825",24.6倍,3.43倍,2.89%
20260703,474,ＧＸＮデカバ,563A,東Ｅ,,"1,107",-5,-0.45%,"1,825",ー倍,ー倍,ー%
20260703,475,ＧＸ半導１０,282A,東Ｅ,,"3,030",+95,+3.24%,"1,821",ー倍,ー倍,ー%
20260703,476,コーセーＨＤ,4922,東P,,"5,393",+114,+2.16%,"1,820",25.3倍,1.09倍,2.78%
20260703,477,シャープ,6753,東P,,639.1,-4.5,-0.70%,"1,818",9.88倍,1.48倍,ー%
20260703,478,太平洋セメ,5233,東P,,"4,088",+151,+3.84%,"1,817",9.28倍,0.65倍,2.94%
20260703,479,岡野バ,6492,東S,,"21,350","+2,630",+14.05%,"1,815",24.5倍,2.58倍,0.37%
20260703,480,ヤマハ,7951,東P,,"1,163.5",+8.5,+0.74%,"1,801",18.3倍,1.07倍,2.23%
20260703,481,セガサミー,6460,東P,,"2,331.5",+26.5,+1.15%,"1,800",14.5倍,1.33倍,2.36%
20260703,482,スルガ銀,8358,東P,,"2,540",+37,+1.48%,"1,796",13.5倍,1.34倍,2.36%
20260703,483,ＧＬＰ,3281,東Ｒ,,"138,400","+1,900",+1.39%,"1,793",ー倍,1.47倍,4.79%
20260703,484,ＭＴＧ,7806,東G,,"8,100",+240,+3.05%,"1,788",31.9倍,5.45倍,0.41%
20260703,485,ＪＲ九州,9142,東P,,"3,526.0",+24.0,+0.69%,"1,784",10.5倍,1.10倍,3.43%
20260703,486,中村超硬,6166,東G,,930,+131,+16.40%,"1,781",ー倍,9.38倍,ー%
20260703,487,竹内製作所,6432,東P,,"7,400",+170,+2.35%,"1,781",13.2倍,1.83倍,2.97%
20260703,488,パーク２４,4666,東P,,"2,016.0",+16.0,+0.80%,"1,770",7.82倍,3.11倍,3.22%
20260703,489,岩谷産,8088,東P,,"1,976.0",+47.0,+2.44%,"1,763",10.0倍,1.04倍,2.38%
20260703,490,ビジョナル,4194,東P,,"7,941",-8,-0.10%,"1,749",20.0倍,3.93倍,ー%
20260703,491,トヨタ紡織,3116,東P,,"2,248.5",+39.0,+1.77%,"1,742",8.37倍,0.83倍,3.82%
20260703,492,Ｊディスプレ,6740,東P,,53,+1,+1.92%,"1,738",ー倍,-5.7倍,ー%
20260703,493,ホテルリート,8985,東Ｒ,,"79,300",+300,+0.38%,"1,732",16.8倍,1.60倍,6.53%
20260703,494,ＯＢＣ,4733,東P,,"6,452",+74,+1.16%,"1,724",25.1倍,2.86倍,2.01%
20260703,495,ＰＩＬＬＡＲ,6490,東P,,"10,710",+380,+3.68%,"1,714",22.9倍,3.08倍,1.76%
20260703,496,アンドＳＴ,2685,東P,,"3,530",+130,+3.82%,"1,712",15.5倍,1.96倍,2.55%
20260703,497,ＳＧＨＤ,9143,東P,,"1,578.0",+26.0,+1.68%,"1,708",15.7倍,1.72倍,3.42%
20260703,498,七十七,8341,東P,,"3,519.0",+72.0,+2.09%,"1,699",12.8倍,1.13倍,2.96%
20260703,499,北洋銀,8524,東P,,"1,141",+19,+1.69%,"1,693",14.5倍,1.10倍,2.80%
20260703,500,スタンレー,6923,東P,,"3,603.0",-11.0,-0.30%,"1,690",13.0倍,0.97倍,3.08%
20260703,501,扶桑化学,4368,東P,,"4,330",+35,+0.81%,"1,689",23.9倍,3.91倍,0.65%
20260703,502,バローＨＤ,9956,東P,,"3,415",-25,-0.73%,"1,674",10.9倍,0.97倍,2.34%
20260703,503,トムソン,6480,東P,,"2,190",+63,+2.96%,"1,672",22.5倍,1.84倍,1.46%
20260703,504,カシオ,6952,東P,,"1,865.5",+0.5,+0.03%,"1,660",22.3倍,1.76倍,ー%
20260703,505,日テレＨＤ,9404,東P,,"2,860.5",-9.0,-0.31%,"1,641",13.6倍,0.70倍,1.57%
20260703,506,ＡＲＣＨＩＯ,543A,東P,,313,+15,+5.03%,"1,638",11.5倍,1.76倍,2.56%
20260703,507,石油資源,1662,東P,,"1,613",+9,+0.56%,"1,622",6.88倍,0.66倍,2.79%
20260703,508,リログループ,8876,東P,,"2,058.0",-7.0,-0.34%,"1,608",13.9倍,3.69倍,3.64%
20260703,509,東京センチュ,8439,東P,,"2,495.0",+21.5,+0.87%,"1,603",9.91倍,1.09倍,3.61%
20260703,510,エクシオＧ,1951,東P,,"2,696.0",-33.0,-1.21%,"1,602",15.4倍,1.60倍,2.97%
20260703,511,日清粉Ｇ,2002,東P,,"1,997.0",+21.5,+1.09%,"1,592",13.6倍,1.08倍,3.25%
20260703,512,近鉄ＧＨＤ,9041,東P,,"3,422.0",+49.0,+1.45%,"1,592",13.8倍,1.06倍,2.05%
20260703,513,トーメンデバ,2737,東P,,"16,730",+30,+0.18%,"1,582",10.3倍,1.92倍,3.59%
20260703,514,ＩＩＪ,3774,東P,,"3,309.0",-2.0,-0.06%,"1,577",23.5倍,3.71倍,1.30%
20260703,515,コニカミノル,4902,東P,,573.7,+7.3,+1.29%,"1,572",9.95倍,0.53倍,3.14%
20260703,516,パーソルＨＤ,2181,東P,,254.2,+2.1,+0.83%,"1,570",12.7倍,2.58倍,5.11%
20260703,517,エンプラス,6961,東P,,"13,300",+350,+2.70%,"1,569",24.0倍,1.93倍,0.68%
20260703,518,マブチ,6592,東P,,"1,624.0",+36.5,+2.30%,"1,568",18.2倍,1.16倍,3.45%
20260703,519,ケーズＨＤ,8282,東P,,"1,809.5",-21.5,-1.17%,"1,565",14.0倍,1.12倍,2.65%
20260703,520,セイコーＧ,8050,東P,,"8,060",+220,+2.81%,"1,564",28.7倍,3.75倍,1.12%
20260703,521,大阪チタ,5726,東P,,"2,724",+69,+2.60%,"1,563",55.7倍,2.26倍,0.48%
20260703,522,リンクユーＧ,4446,東S,,925,+82,+9.73%,"1,556",74.9倍,4.85倍,ー%
20260703,523,東洋紡,3101,東P,,"1,741",+125,+7.74%,"1,547",ー倍,0.72倍,ー%
20260703,524,マクニカＨＤ,3132,東P,,"3,175.0",+38.0,+1.21%,"1,545",17.7倍,2.03倍,2.52%
20260703,525,三浦工,6005,東P,,"3,167.0",+7.0,+0.22%,"1,545",12.9倍,1.51倍,2.34%
20260703,526,小糸製,7276,東P,,"2,596.0",+5.0,+0.19%,"1,518",17.3倍,1.10倍,2.23%
20260703,527,ＮＴＮ,6472,東P,,408.8,+7.3,+1.82%,"1,516",16.2倍,0.82倍,3.18%
20260703,528,ＰＡコンサル,4071,東P,,"2,906",+196,+7.23%,"1,515",23.7倍,7.66倍,1.72%
20260703,529,ニチアス,5393,東P,,"3,953",+44,+1.13%,"1,510",23.3倍,3.12倍,1.64%
20260703,530,中国電,9504,東P,,916.4,+6.0,+0.66%,"1,510",10.6倍,0.42倍,3.27%
20260703,531,西日本ＦＨ,7189,東P,,"4,282",+55,+1.30%,"1,500",12.4倍,0.97倍,3.27%
20260703,532,サンドラッグ,9989,東P,,"3,820",+30,+0.79%,"1,497",13.9倍,1.56倍,3.46%
20260703,533,一工薬,4461,東P,,"12,880",+710,+5.83%,"1,497",20.4倍,2.63倍,1.16%
20260703,534,都市ファンド,8953,東Ｒ,,"114,400","+2,000",+1.78%,"1,491",ー倍,1.26倍,5.21%
20260703,535,豊田合,7282,東P,,"5,230",+61,+1.18%,"1,481",10.8倍,1.08倍,3.35%
20260703,536,第四北越ＦＧ,7327,東P,,"2,211",+22,+1.01%,"1,476",11.6倍,1.02倍,3.44%
20260703,537,Ｈ２Ｏリテイ,8242,東P,,"2,870.0",+7.0,+0.24%,"1,469",14.2倍,1.05倍,1.67%
20260703,538,フジミインコ,5384,東P,,"4,490",+35,+0.79%,"1,463",32.0倍,3.97倍,1.71%
20260703,539,オリックスＦ,8954,東Ｒ,,"99,100","+1,800",+1.85%,"1,458",ー倍,1.55倍,4.94%
20260703,540,サイゼリヤ,7581,東P,,"5,470",+70,+1.30%,"1,457",22.8倍,2.13倍,0.55%
20260703,541,フジＨＤ,4676,東P,,"3,970",-26,-0.65%,"1,454",21.7倍,1.03倍,5.04%
20260703,542,フィナＨＤ,4419,東G,,"1,516",+148,+10.82%,"1,453",33.9倍,7.48倍,ー%
20260703,543,プロロジスＲ,3283,東Ｒ,,"87,900","+1,700",+1.97%,"1,445",ー倍,1.48倍,4.37%
20260703,544,日本空港ビル,9706,東P,,"5,239",+105,+2.05%,"1,442",20.1倍,2.31倍,1.81%
20260703,545,愛三工,7283,東P,,"2,147",+162,+8.16%,"1,434",10.3倍,0.87倍,3.73%
20260703,546,森永,2201,東P,,"2,672.5",+5.0,+0.19%,"1,431",13.6倍,1.58倍,2.62%
20260703,547,ＪＭＤＣ,4483,東P,,"3,025",-10,-0.33%,"1,431",27.9倍,2.37倍,ー%
20260703,548,カドカワ,9468,東P,,"3,669.0",+11.0,+0.30%,"1,427",93.0倍,2.20倍,0.82%
20260703,549,ゼオン,4205,東P,,"2,307.0",+14.0,+0.61%,"1,425",12.3倍,1.17倍,3.42%
20260703,550,ＭＸ２２５,1346,東Ｅ,,"72,620",+850,+1.18%,"1,422",ー倍,ー倍,ー%
20260703,551,メガチップス,6875,東P,,"10,770",-80,-0.74%,"1,421",4.65倍,0.83倍,2.41%
20260703,552,ニフコ,7988,東P,,"5,046",+25,+0.50%,"1,416",13.8倍,1.59倍,2.22%
20260703,553,三菱倉,9301,東P,,"1,582.0",+13.0,+0.83%,"1,413",23.4倍,1.42倍,2.78%
20260703,554,ＤＩＣ,4631,東P,,"4,791",+1,+0.02%,"1,411",13.8倍,0.94倍,2.92%
20260703,555,ネクステージ,3186,東P,,"4,055",-5,-0.12%,"1,397",21.2倍,3.99倍,1.23%
20260703,556,ノリタケ,5331,東P,,"4,075",+110,+2.77%,"1,394",15.5倍,1.34倍,2.45%
20260703,557,伊勢化,4107,東S,,"4,060",0,0.00%,"1,387",38.3倍,5.12倍,0.99%
20260703,558,四国化ＨＤ,4099,東P,,"3,310",+35,+1.07%,"1,386",28.6倍,2.96倍,0.91%
20260703,559,ヒュマメイド,456A,東G,,"1,587",+185,+13.20%,"1,386",44.1倍,11.5倍,ー%
20260703,560,九州ＦＧ,7180,東P,,"1,512.5",+25.0,+1.68%,"1,384",14.2倍,0.84倍,2.51%
20260703,561,パルＨＤ,2726,東P,,"1,514",+27,+1.82%,"1,369",13.8倍,3.14倍,2.64%
20260703,562,京王,9008,東P,,748.2,+7.8,+1.05%,"1,358",10.1倍,0.98倍,2.94%
20260703,563,積水ハウスＲ,3309,東Ｒ,,"76,600",+500,+0.66%,"1,358",ー倍,1.14倍,4.98%
20260703,564,セリア,2782,東S,,"3,580",0,0.00%,"1,356",15.2倍,2.42倍,2.23%
20260703,565,サムコ,6387,東P,,"13,400",+200,+1.52%,"1,347",56.1倍,7.35倍,0.56%
20260703,566,金先物Ｗブル,2036,東EN,,"152,250","+5,000",+3.40%,"1,347",ー倍,ー倍,ー%
20260703,567,ＮＳＳＯＬ,2327,東P,,"3,593.0",+108.0,+3.10%,"1,340",20.8倍,2.35倍,2.42%
20260703,568,日機装,6376,東P,,"4,060",+130,+3.31%,"1,337",20.4倍,1.62倍,1.23%
20260703,569,東武,9001,東P,,"2,902.0",+31.0,+1.08%,"1,335",10.1倍,0.92倍,2.58%
20260703,570,ｉＳＴＰＸ,1475,東Ｅ,,421.9,+4.4,+1.05%,"1,332",ー倍,ー倍,ー%
20260703,571,トリドール,3397,東P,,"3,840",-52,-1.34%,"1,332",48.2倍,3.65倍,0.31%
20260703,572,セブン銀,8410,東P,,288.8,+1.1,+0.38%,"1,322",19.9倍,1.20倍,3.81%
20260703,573,ＯＫＩ,6703,東P,,"3,425",+10,+0.29%,"1,319",16.5倍,1.65倍,1.90%
20260703,574,コスモＨＤ,5021,東P,,"3,889",+14,+0.36%,"1,314",14.0倍,1.02倍,4.24%
20260703,575,熊谷組,1861,東P,,"1,445",+10,+0.70%,"1,308",12.0倍,1.31倍,3.46%
20260703,576,ＧＭＯ,9449,東P,,"3,609.0",+75.0,+2.12%,"1,304",ー倍,3.15倍,ー%
20260703,577,ダイセル,4202,東P,,"1,418.0",+24.5,+1.76%,"1,302",11.3倍,1.02倍,4.94%
20260703,578,ニッコンＨＤ,9072,東P,,"5,666",+5,+0.09%,"1,300",29.8倍,2.80倍,1.98%
20260703,579,キユーピー,2809,東P,,"4,416",+39,+0.89%,"1,299",23.5倍,1.85倍,1.47%
20260703,580,スギＨＤ,7649,東P,,"3,149.0",+23.0,+0.74%,"1,298",17.4倍,1.96倍,1.11%
20260703,581,黒田グループ,287A,東S,,"1,101",+54,+5.16%,"1,284",11.4倍,1.14倍,5.72%
20260703,582,ｉＦ日経Ｗベ,1366,東Ｅ,,64,-3,-4.48%,"1,282",ー倍,ー倍,ー%
20260703,583,グリコ,2206,東P,,"5,360",+57,+1.07%,"1,279",32.9倍,1.19倍,1.77%
20260703,584,タツモ,6266,東P,,"4,880",+95,+1.99%,"1,269",28.3倍,2.69倍,0.70%
20260703,585,Ａｉロボ,247A,東G,,851,+47,+5.85%,"1,267",ー倍,9.14倍,ー%
20260703,586,山パン,2212,東P,,"3,224.0",-12.0,-0.37%,"1,265",14.9倍,1.37倍,1.86%
20260703,587,アクセルＨＤ,402A,東G,,552,+38,+7.39%,"1,258",ー倍,4.90倍,ー%
20260703,588,ダイワボウ,3107,東P,,"3,504.0",+42.0,+1.21%,"1,254",12.0倍,1.78倍,3.14%
20260703,589,コスピブル,2033,東EN,,"112,400","+5,700",+5.34%,"1,241",ー倍,ー倍,ー%
20260703,590,ｉＦＴＰＷブ,1367,東Ｅ,,"3,090",+77,+2.56%,"1,234",ー倍,ー倍,ー%
20260703,591,ＦＦＲＩ,3692,東G,,"5,380",+170,+3.26%,"1,233",37.6倍,11.3倍,0.33%
20260703,592,カーリット,4275,東P,,"2,570",+323,+14.37%,"1,227",18.9倍,1.42倍,1.63%
20260703,593,ＳＡＮＫＹＯ,6417,東P,,"1,604.0",-15.0,-0.93%,"1,202",7.92倍,1.27倍,4.99%
20260703,594,カルビー,2229,東P,,"2,972.5",-9.5,-0.32%,"1,193",20.8倍,1.72倍,2.32%
20260703,595,明電舎,6508,東P,,"9,780",+300,+3.16%,"1,189",20.2倍,2.54倍,ー%
20260703,596,全国保証,7164,東P,,"3,082.0",+29.0,+0.95%,"1,187",12.5倍,1.67倍,3.99%
20260703,597,ＪＩＮＳＨＤ,3046,東P,,"8,180",+360,+4.60%,"1,186",22.2倍,5.64倍,1.41%
20260703,598,クレハ,4023,東P,,"4,085",+105,+2.64%,"1,181",20.8倍,0.94倍,5.29%
20260703,599,野村ナスＨ無,1545,東Ｅ,,241.3,-2.2,-0.90%,"1,167",ー倍,ー倍,ー%
20260703,600,テスＨＤ,5074,東P,,892,+25,+2.88%,"1,158",52.5倍,1.27倍,0.65%
20260703,601,上村工,4966,東S,,"26,630",+880,+3.42%,"1,153",29.3倍,3.65倍,1.09%
20260703,602,バイセル,7685,東G,,"3,565",+140,+4.09%,"1,151",23.5倍,9.39倍,0.62%
20260703,603,百五銀,8368,東P,,"2,081",+41,+2.01%,"1,151",17.4倍,0.97倍,2.02%
20260703,604,不二製油,2607,東P,,"4,039",+86,+2.18%,"1,150",17.8倍,1.45倍,1.54%
20260703,605,西松屋チェ,7545,東P,,"2,036",+60,+3.04%,"1,148",14.5倍,1.23倍,1.57%
20260703,606,ひろぎんＨＤ,7337,東P,,"2,198.5",+31.0,+1.43%,"1,146",12.8倍,1.15倍,3.18%
20260703,607,大垣共立,8361,東P,,"7,850",+170,+2.21%,"1,145",15.7倍,0.89倍,1.91%
20260703,608,フリー,4478,東G,,"2,124",+8,+0.38%,"1,144",ー倍,6.23倍,ー%
20260703,609,ＦＩＧ,4392,東P,,"1,171",+56,+5.02%,"1,141",58.5倍,4.54倍,0.85%
20260703,610,山洋電,6516,東P,,"6,530",+10,+0.15%,"1,126",19.3倍,1.81倍,2.60%
20260703,611,ＪＣＵ,4975,東P,,"7,330",-160,-2.14%,"1,126",20.5倍,3.31倍,2.46%
20260703,612,戸田建,1860,東P,,"1,616.0",+9.5,+0.59%,"1,120",13.7倍,1.22倍,3.71%
20260703,613,日化薬,4272,東P,,"2,033.5",+23.5,+1.17%,"1,112",13.5倍,1.08倍,3.25%
20260703,614,理想科学,6413,東P,,997,0,0.00%,"1,108",15.3倍,0.91倍,5.02%
20260703,615,サイボウズ,4776,東P,,"2,533",+59,+2.38%,"1,105",15.4倍,6.55倍,1.97%
20260703,616,日鉄鉱,1515,東P,,"2,463",+89,+3.75%,"1,101",15.9倍,1.21倍,2.52%
20260703,617,ＫＯＡ,6999,東P,,"2,926",+35,+1.21%,"1,101",22.7倍,1.23倍,1.33%
20260703,618,アドバンスＲ,3269,東Ｒ,,"151,200","+2,500",+1.68%,"1,093",ー倍,1.75倍,4.18%
20260703,619,コーテクＨＤ,3635,東P,,"1,564.5",+6.0,+0.38%,"1,086",16.9倍,1.92倍,3.07%
20260703,620,サンコール,5985,東S,,"1,655",+63,+3.96%,"1,086",11.9倍,1.47倍,1.81%
20260703,621,カナデビア,7004,東P,,"1,323",+16,+1.22%,"1,084",10.6倍,1.13倍,2.87%
20260703,622,京急,9006,東P,,"1,502.0",+10.0,+0.67%,"1,082",13.4倍,1.03倍,3.06%
20260703,623,イオレ,2334,東G,,610,+13,+2.18%,"1,082",20.5倍,7.46倍,ー%
20260703,624,湖北工業,6524,東S,,"5,230",+90,+1.75%,"1,078",38.3倍,5.71倍,0.76%
20260703,625,ハウスリート,8984,東Ｒ,,"122,500","+1,900",+1.58%,"1,078",ー倍,1.12倍,4.77%
20260703,626,レンゴー,3941,東P,,"1,411.0",+4.5,+0.32%,"1,072",11.2倍,0.71倍,3.54%
20260703,627,キヤノンＭＪ,8060,東P,,"3,504.0",+53.0,+1.54%,"1,072",17.2倍,1.82倍,2.57%
20260703,628,ＡＬＳＯＫ,2331,東P,,"1,082.5",+6.0,+0.56%,"1,070",14.1倍,1.37倍,3.05%
20260703,629,産業ファンド,3249,東Ｒ,,"143,400","+2,400",+1.70%,"1,066",ー倍,1.46倍,5.58%
20260703,630,大和工,5444,東P,,"12,480",+120,+0.97%,"1,062",15.9倍,1.38倍,3.21%
20260703,631,山口ＦＧ,8418,東P,,"2,987.0",+53.5,+1.82%,"1,061",13.4倍,0.90倍,3.21%
20260703,632,酉島,6363,東P,,"3,140",+100,+3.29%,"1,061",11.6倍,1.37倍,2.17%
20260703,633,ちゅうぎんＦ,5832,東P,,"3,225.0",+57.0,+1.80%,"1,060",12.7倍,0.92倍,3.16%
20260703,634,池田泉州ＨＤ,8714,東P,,"1,016",+11,+1.09%,"1,056",14.8倍,1.13倍,2.71%
20260703,635,Ｄガレージ,4819,東P,,"2,074",+54,+2.67%,"1,054",ー倍,1.26倍,ー%
20260703,636,ユナイテッド,8960,東Ｒ,,"163,900","+2,300",+1.42%,"1,040",ー倍,1.46倍,5.55%
20260703,637,ダイダン,1980,東P,,"2,833",+35,+1.25%,"1,037",13.4倍,2.81倍,3.00%
20260703,638,ジャフコＧ,8595,東P,,"2,352.0",-27.0,-1.13%,"1,034",ー倍,0.92倍,5.65%
20260703,639,シンプレクス,4373,東P,,"1,018",+28,+2.83%,"1,034",18.4倍,4.43倍,2.36%
20260703,640,ボードルア,4413,東P,,"2,895",+116,+4.17%,"1,032",28.8倍,11.7倍,0.35%
20260703,641,名鉄,9048,東P,,"1,840.5",-1.5,-0.08%,"1,031",9.26倍,0.74倍,3.26%
20260703,642,クラフティア,1959,東P,,"9,172",+40,+0.44%,"1,030",16.0倍,1.87倍,2.40%
20260703,643,ハイデ日高,7611,東P,,"2,627",+73,+2.86%,"1,030",21.0倍,3.74倍,1.98%
20260703,644,Ｊエレベータ,6544,東P,,"1,825.0",+40.0,+2.24%,"1,014",39.8倍,13.3倍,ー%
20260703,645,野村マスター,3462,東Ｒ,,"153,300","+1,700",+1.12%,"1,014",ー倍,1.19倍,4.82%
20260703,646,ＳＲＥＨＤ,2980,東P,,"2,610",+95,+3.78%,"1,011",14.9倍,2.75倍,0.77%
20260703,647,ＲｅＹｕｕ,9425,東S,,261,+51,+24.29%,"1,007",ー倍,1.42倍,ー%
20260703,648,小林製薬,4967,東P,,"5,579",+74,+1.34%,"1,002",41.5倍,1.99倍,1.90%
20260703,649,飯田ＧＨＤ,3291,東P,,"2,178.0",+12.0,+0.55%,998,9.19倍,0.59倍,4.22%
20260703,650,ＭＸ日半導体,221A,東Ｅ,,"1,480.5",+59.0,+4.15%,995,ー倍,ー倍,ー%
20260703,651,ＳＭＤリート,1398,東Ｅ,,"1,869.0",+18.5,+1.00%,994,ー倍,ー倍,ー%
20260703,652,太陽ＨＤ,4626,東P,,"4,990",-7,-0.14%,990,23.0倍,4.80倍,ー%
20260703,653,芙蓉リース,8424,東P,,"4,189",+8,+0.19%,990,7.87倍,0.75倍,4.11%
20260703,654,松田産業,7456,東P,,"5,850",+140,+2.45%,987,8.84倍,1.28倍,1.88%
20260703,655,あいちＦＧ,7389,東P,,"1,483",+17,+1.16%,985,15.7倍,0.84倍,2.02%
20260703,656,富士紡ＨＤ,3104,東P,,"4,490",+120,+2.75%,985,24.0倍,2.93倍,1.74%
20260703,657,ヨコオ,6800,東P,,"5,720",-80,-1.38%,984,29.6倍,2.21倍,1.12%
20260703,658,アルフレッサ,2784,東P,,"2,178.0",+10.5,+0.48%,983,18.4倍,0.75倍,3.26%
20260703,659,不二越,6474,東P,,"6,430",+460,+7.71%,978,21.9倍,0.80倍,1.56%
20260703,660,伊藤園,2593,東P,,"2,952.0",+24.0,+0.82%,976,30.9倍,1.93倍,1.76%
20260703,661,日本ドライ,1909,東S,,"3,695",0,0.00%,976,ー倍,3.19倍,ー%
20260703,662,日本化,4092,東P,,"4,445",+60,+1.37%,975,12.9倍,0.77倍,ー%
20260703,663,Ａｐｐｉｅｒ,4180,東P,,876,+3,+0.34%,974,25.8倍,2.37倍,0.26%
20260703,664,スズケン,9987,東P,,"4,950",+26,+0.53%,969,13.4倍,0.81倍,2.42%
20260703,665,ＭＩＸＩ,2121,東P,,"2,813",+7,+0.25%,969,13.6倍,1.01倍,4.44%
20260703,666,地盤ＨＤ,6072,東S,,"1,046",-19,-1.78%,967,ー倍,16.4倍,ー%
20260703,667,京葉銀,8544,東P,,"2,638",+35,+1.34%,961,16.4倍,0.96倍,2.50%
20260703,668,東洋合成,4970,東S,,"17,180",+560,+3.37%,959,42.6倍,4.97倍,0.29%
20260703,669,京阪神ビル,8818,東P,,"1,129",+40,+3.67%,957,22.0倍,1.32倍,2.66%
20260703,670,ＭＸ全世界株,2559,東Ｅ,,"2,982",-1,-0.03%,953,ー倍,ー倍,ー%
20260703,671,海帆,3133,東G,Ｓ,102,+30,+41.67%,952,ー倍,26.0倍,ー%
20260703,672,ＡＣＳＬ,6232,東G,,"1,850",+116,+6.69%,952,ー倍,13.0倍,ー%
20260703,673,東洋炭素,5310,東P,,"7,710",+320,+4.33%,947,32.3倍,1.69倍,1.88%
20260703,674,十六ＦＧ,7380,東P,,"2,461",+26,+1.07%,945,15.6倍,0.93倍,2.03%
20260703,675,野村商社卸売,1629,東Ｅ,,251.1,+4.1,+1.66%,942,ー倍,ー倍,ー%
20260703,676,サンバイオ,4592,東G,,"1,073",+63,+6.24%,938,ー倍,6.74倍,ー%
20260703,677,ジャパンエン,6016,東S,,"8,290",+510,+6.56%,937,13.9倍,3.78倍,1.21%
20260703,678,タムラ,6768,東P,,939,+28,+3.07%,924,16.6倍,1.19倍,1.70%
20260703,679,筑波銀,8338,東P,,652,+17,+2.68%,922,8.12倍,0.76倍,0.77%
20260703,680,名古屋銀,8522,東P,,"6,300",-10,-0.16%,920,13.5倍,0.99倍,3.17%
20260703,681,新電元,6844,東P,,"3,890",+155,+4.15%,920,14.7倍,0.55倍,2.57%
20260703,682,オキサイド,6521,東G,,"4,585",+170,+3.85%,919,89.1倍,11.3倍,ー%
20260703,683,ＰＡＬＴＡＣ,8283,東P,,"6,642",+1,+0.02%,918,ー倍,1.33倍,ー%
20260703,684,山形銀,8344,東P,,"3,965",+140,+3.66%,918,16.4倍,0.82倍,2.47%
20260703,685,ペプドリ,4587,東P,,"1,028.0",-21.5,-2.05%,904,44.0倍,2.66倍,ー%
20260703,686,ハウス食Ｇ,2810,東P,,"3,850",+50,+1.32%,899,20.3倍,1.18倍,2.60%
20260703,687,ＣＡＮＢＡＳ,4575,東G,Ｓ,690,+100,+16.95%,897,ー倍,6.67倍,ー%
20260703,688,ツムラ,4540,東P,,"3,755",+28,+0.75%,892,10.7倍,0.87倍,4.21%
20260703,689,博報堂ＤＹ,2433,東P,,"1,172.5",+29.5,+2.58%,888,16.2倍,1.08倍,2.73%
20260703,690,東合成,4045,東P,,"1,771.0",+16.5,+0.94%,883,16.3倍,0.88倍,3.95%
20260703,691,三井不ロジ,3471,東Ｒ,,"109,400","+2,200",+2.05%,878,ー倍,1.09倍,4.58%
20260703,692,エクセディ,7278,東P,,"6,030",-30,-0.50%,874,15.6倍,1.13倍,5.80%
20260703,693,ベクトル,6058,東P,,"1,893",+28,+1.50%,874,16.1倍,4.20倍,1.90%
20260703,694,ＩＤＯＭ,7599,東P,,"1,429",+11,+0.78%,873,10.1倍,1.63倍,2.97%
20260703,695,メディパル,7459,東P,,"2,645.5",-35.0,-1.31%,872,13.9倍,0.83倍,2.57%
20260703,696,大栄環境,9336,東P,,"3,815",+65,+1.73%,871,23.2倍,3.47倍,1.44%
20260703,697,日本紙,3863,東P,,"1,309",-14,-1.06%,870,15.1倍,0.30倍,1.15%
20260703,698,タカラトミー,7867,東P,,"3,259.0",+29.0,+0.90%,868,15.6倍,2.53倍,2.15%
20260703,699,東テク,9960,東P,,"4,265",+160,+3.90%,866,12.8倍,2.37倍,3.00%
20260703,700,山陰合銀,8381,東P,,"2,391",+21,+0.89%,865,14.0倍,1.11倍,2.84%
20260703,701,Ｊプライム,8955,東Ｒ,,"94,800","+1,800",+1.94%,859,ー倍,1.35倍,4.51%
20260703,702,クリレスＨＤ,3387,東P,,719,-5,-0.69%,857,56.9倍,7.41倍,0.70%
20260703,703,ＮＡＮＫＡＩ,9044,東P,,"2,855.5",+42.5,+1.51%,847,13.0倍,0.93倍,1.93%
20260703,704,日本アビオ,6946,東S,,"5,430",+310,+6.05%,839,19.1倍,4.99倍,0.28%
20260703,705,センコーＨＤ,9069,東P,,"1,974.0",+67.5,+3.54%,838,14.1倍,1.45倍,2.84%
20260703,706,日触媒,4114,東P,,"2,106.5",+31.0,+1.49%,838,ー倍,0.78倍,ー%
20260703,707,農中Ｊリート,1595,東Ｅ,,"1,879",+23,+1.24%,837,ー倍,ー倍,ー%
20260703,708,日本Ｍ＆Ａ,2127,東P,,656.5,+7.1,+1.09%,832,15.6倍,4.15倍,4.42%
20260703,709,ソディック,6143,東P,,"1,907",+44,+2.36%,828,18.7倍,1.04倍,1.84%
20260703,710,ＵＴ,2146,東P,,177,+2,+1.14%,825,16.5倍,3.98倍,5.78%
20260703,711,ＨＵグループ,4544,東P,,"3,391.0",+2.0,+0.06%,825,37.3倍,1.36倍,3.69%
20260703,712,大気社,1979,東P,,"4,920",-10,-0.20%,823,17.2倍,1.93倍,2.42%
20260703,713,秋田銀,8343,東P,,"7,060",+140,+2.02%,822,14.8倍,0.70倍,2.83%
20260703,714,ホーチキ,6745,東P,,"2,084",+77,+3.84%,822,17.3倍,2.27倍,1.92%
20260703,715,ビックカメラ,3048,東P,,"1,634.0",+21.0,+1.30%,815,15.2倍,1.58倍,2.63%
20260703,716,安藤ハザマ,1719,東P,,"1,808.0",+6.5,+0.36%,814,12.8倍,1.36倍,4.65%
20260703,717,東光高岳,6617,東P,,"7,740",+70,+0.91%,810,12.2倍,1.80倍,1.73%
20260703,718,ＵＮＥＸＴ,9418,東P,,"1,682",-3,-0.18%,806,16.4倍,2.88倍,1.01%
20260703,719,アイカ,4206,東P,,"3,728",+8,+0.22%,804,12.7倍,1.24倍,3.76%
20260703,720,ショーボンド,1414,東P,,"1,260.0",-1.0,-0.08%,802,16.5倍,2.43倍,3.61%
20260703,721,ゴルドウイン,8111,東P,,"2,237.5",+11.0,+0.49%,801,12.0倍,2.36倍,3.13%
20260703,722,グンゼ,3002,東P,,"4,000",+65,+1.65%,800,24.1倍,1.12倍,5.40%
20260703,723,メイテックＧ,9744,東P,,"3,139.0",+20.0,+0.64%,794,17.4倍,4.97倍,5.77%
20260703,724,ノート,5243,東G,,"2,075",+51,+2.52%,791,47.3倍,7.82倍,ー%
20260703,725,ＧＥＮＤＡ,9166,東G,,566,-15,-2.58%,791,ー倍,1.57倍,1.41%
20260703,726,アーキテクツ,6085,東G,,215,-24,-10.04%,790,652倍,-111倍,ー%
20260703,727,日ギア,6356,東S,,"1,647",+120,+7.86%,785,13.3倍,1.62倍,0.61%
20260703,728,ｉＳ米国株,1655,東Ｅ,,873.6,-0.6,-0.07%,777,ー倍,ー倍,ー%
20260703,729,イワキポンプ,6237,東P,,"4,150",+205,+5.20%,773,17.9倍,2.23倍,2.22%
20260703,730,大分銀,8392,東P,,"2,547",+3,+0.12%,773,15.8倍,0.79倍,1.96%
20260703,731,ＡＰＩ,3279,東Ｒ,,"138,300","+1,800",+1.32%,772,ー倍,1.23倍,4.58%
20260703,732,三井不アコモ,3226,東Ｒ,,"124,300","+2,400",+1.97%,771,ー倍,2.05倍,3.86%
20260703,733,リゾートトラ,4681,東P,,"1,761.0",+5.0,+0.28%,769,17.8倍,2.33倍,2.04%
20260703,734,ｉＳＢＡＩ,408A,東Ｅ,,323.2,-6.0,-1.82%,768,ー倍,ー倍,ー%
20260703,735,ミライトワン,1417,東P,,"3,849",-28,-0.72%,765,13.3倍,1.22倍,2.47%
20260703,736,アスクル,2678,東P,,"1,226",+16,+1.32%,763,27.4倍,2.30倍,1.63%
20260703,737,ノジマ,7419,東P,,"1,321",-2,-0.15%,759,7.96倍,1.58倍,1.51%
20260703,738,日本光電,6849,東P,,"1,466.0",0,0.00%,757,15.6倍,1.30倍,2.25%
20260703,739,伊藤米久ＨＤ,2296,東P,,"4,720",+10,+0.21%,755,14.5倍,0.91倍,3.28%
20260703,740,テクニスコ,2962,東S,,"1,490",-48,-3.12%,754,457倍,8.63倍,ー%
20260703,741,ＧＬテクノ,255A,東S,,"6,440",-20,-0.31%,750,15.2倍,1.67倍,1.96%
20260703,742,イオンＦＳ,8570,東P,,"1,507.0",+25.5,+1.72%,748,21.7倍,0.68倍,3.52%
20260703,743,網屋,4258,東G,,"4,395",+475,+12.12%,737,42.6倍,18.1倍,ー%
20260703,744,ＮＯＫ,7240,東P,,"2,953.0",-5.5,-0.19%,737,10.1倍,0.75倍,4.74%
20260703,745,ＮＳＤ,9759,東P,,"2,577.0",+26.5,+1.04%,734,14.9倍,2.65倍,3.76%
20260703,746,アマノ,6436,東P,,"3,683",-28,-0.75%,734,14.5倍,1.84倍,4.89%
20260703,747,Ｊｏｓｈｉｎ,8173,東P,,"3,655",-40,-1.08%,728,27.0倍,0.90倍,2.74%
20260703,748,Ｔ－ＢＡＳＥ,3415,東P,,356,+19,+5.64%,721,10.1倍,2.41倍,1.97%
20260703,749,ニプロ,8086,東P,,"1,558.5",-7.5,-0.48%,715,17.0倍,0.93倍,2.05%
20260703,750,グローリー,6457,東P,,"4,065",+33,+0.82%,715,10.8倍,0.99倍,3.79%
20260703,751,タスキＨＤ,166A,東P,,"1,104",-29,-2.56%,715,11.8倍,2.14倍,4.53%
20260703,752,クオリプス,4894,東G,,"4,655",+270,+6.16%,714,ー倍,8.20倍,ー%
20260703,753,ｉＦＴＰ年１,1305,東Ｅ,,"4,361",+36,+0.83%,714,ー倍,ー倍,ー%
20260703,754,浅沼組,1852,東P,,864,+1,+0.12%,714,13.4倍,1.40倍,5.21%
20260703,755,タクマ,6013,東P,,"3,665",+55,+1.52%,713,17.2倍,2.36倍,2.95%
20260703,756,三桜工,6584,東P,,930,-10,-1.06%,712,22.2倍,0.69倍,3.01%
20260703,757,エムアップ,3661,東P,,750,+11,+1.49%,712,14.9倍,5.55倍,3.20%
20260703,758,ポーラＨＤ,4927,東P,,"1,304.0",+4.0,+0.31%,710,32.1倍,1.83倍,3.99%
20260703,759,ＴＲＥＨＤ,9247,東P,,"2,094",+14,+0.67%,710,24.0倍,1.19倍,2.39%
20260703,760,アコム,8572,東S,,470.3,+8.0,+1.73%,709,11.6倍,1.02倍,4.68%
20260703,761,バルカー,7995,東P,,"7,090",+80,+1.14%,707,17.6倍,2.34倍,2.82%
20260703,762,ＳＰＤＲ,1326,東Ｅ,,"61,470",+860,+1.42%,703,ー倍,ー倍,ー%
20260703,763,パークシャ,3993,東P,,"2,780",+67,+2.47%,701,30.1倍,2.40倍,ー%
20260703,764,中国塗,4617,東P,,"3,485",+100,+2.95%,696,15.7倍,1.81倍,2.87%
20260703,765,長瀬産,8012,東P,,"1,200.0",+29.5,+2.52%,696,14.2倍,1.15倍,2.25%
20260703,766,カチタス,8919,東P,,"3,275",+85,+2.66%,696,18.3倍,4.83倍,2.75%
20260703,767,セイノーＨＤ,9076,東P,,"2,646.5",-3.5,-0.13%,695,15.6倍,0.97倍,3.93%
20260703,768,ライフコーポ,8194,東P,,"2,585",+33,+1.29%,693,11.8倍,1.44倍,2.71%
20260703,769,ＬＡホールデ,2986,東G,,"2,872",+105,+3.79%,691,5.68倍,2.26倍,6.06%
20260703,770,日本新薬,4516,東P,,"4,120",+36,+0.88%,691,9.16倍,0.95倍,3.01%
20260703,771,四国電,9507,東P,,"1,485.0",+12.0,+0.81%,690,10.1倍,0.64倍,3.70%
20260703,772,ＧＸＮカバコ,2865,東Ｅ,,"1,299",-11,-0.84%,687,ー倍,ー倍,ー%
20260703,773,リンナイ,5947,東P,,"3,598.0",+28.0,+0.78%,687,13.7倍,1.14倍,2.95%
20260703,774,日軽金ＨＤ,5703,東P,,"2,764",+38,+1.39%,682,10.3倍,0.68倍,3.62%
20260703,775,大和証券リビ,8986,東Ｒ,,"100,500","+1,200",+1.21%,681,ー倍,1.27倍,5.00%
20260703,776,平和不リート,8966,東Ｒ,,"135,000","+1,000",+0.75%,678,ー倍,1.36倍,5.91%
20260703,777,ＭＸ米株ＳＰ,2558,東Ｅ,,"3,467",-23,-0.66%,674,ー倍,ー倍,ー%
20260703,778,大真空,6962,東P,,946,+15,+1.61%,672,301倍,0.77倍,2.96%
20260703,779,長野計器,7715,東P,,"4,185",-140,-3.24%,670,18.1倍,1.62倍,1.43%
20260703,780,大黒屋,6993,東S,,84,-1,-1.18%,666,100倍,11.6倍,ー%
20260703,781,ＨＩＯＫＩ,6866,東P,,"12,110",+70,+0.58%,664,21.5倍,3.74倍,1.98%
20260703,782,松井,8628,東P,,987,+18,+1.86%,663,ー倍,3.10倍,ー%
20260703,783,レノバ,9519,東P,,"1,000",+19,+1.94%,661,26.6倍,0.74倍,ー%
20260703,784,エスエムエス,2175,東P,,"2,268",+63,+2.86%,660,30.2倍,7.03倍,1.34%
20260703,785,フューチャー,4722,東P,,"1,677",+88,+5.54%,660,12.6倍,2.35倍,2.86%
20260703,786,ヨネックス,7906,東S,,"2,331",-19,-0.81%,658,15.1倍,2.48倍,1.20%
20260703,787,ＧＸ中小日株,2837,東Ｅ,,"5,700",+337,+6.28%,656,ー倍,ー倍,ー%
20260703,788,３ＤＭ,7777,東G,,357,+3,+0.85%,655,28.7倍,6.99倍,ー%
20260703,789,物語コーポ,3097,東P,,"4,740",+80,+1.72%,651,24.5倍,4.12倍,0.84%
20260703,790,ＪＶＣケンウ,6632,東P,,"1,131.5",+11.0,+0.98%,650,10.7倍,1.11倍,1.77%
20260703,791,百十四,8386,東P,,"2,669",+44,+1.68%,648,14.4倍,0.79倍,2.62%
20260703,792,三井倉ＨＤ,9302,東P,,"3,545.0",+4.0,+0.11%,645,21.2倍,1.87倍,1.41%
20260703,793,加賀電子,8154,東P,,"4,205",+50,+1.20%,642,10.0倍,1.09倍,3.33%
20260703,794,ｉＦナ百Ｗブ,2869,東Ｅ,,"3,040",-26,-0.84%,637,ー倍,ー倍,ー%
20260703,795,ムニノバＨＤ,547A,東P,,452,+9,+2.03%,637,6.85倍,0.91倍,4.42%
20260703,796,イトーキ,7972,東P,,"2,730",+76,+2.86%,635,12.1倍,2.29倍,3.30%
20260703,797,ＭＸＪリート,1597,東Ｅ,,"1,877",+22,+1.19%,634,ー倍,ー倍,ー%
20260703,798,プロクレＨＤ,7384,東P,,"4,055",+140,+3.58%,633,16.4倍,0.71倍,2.47%
20260703,799,山梨銀,8360,東P,,"6,480",+30,+0.47%,633,15.9倍,0.85倍,2.52%
20260703,800,兼松,8020,東P,,"2,085.5",+25.5,+1.24%,632,9.92倍,1.67倍,3.36%
20260703,801,阿波銀,8388,東P,,"7,540",-10,-0.13%,632,16.7倍,0.73倍,2.52%
20260703,802,能美防災,6744,東P,,"4,370",+195,+4.67%,629,19.3倍,1.86倍,2.65%
20260703,803,福山運,9075,東P,,"5,710",+70,+1.24%,625,11.8倍,0.71倍,1.75%
20260703,804,カゴメ,2811,東P,,"2,658.5",+0.5,+0.02%,624,17.9倍,1.27倍,2.18%
20260703,805,ＨＩＳ,9603,東P,,"1,012",-1,-0.10%,623,ー倍,1.26倍,2.47%
20260703,806,コクヨ,7984,東P,,827.1,+17.8,+2.20%,622,17.3倍,1.36倍,2.96%
20260703,807,ラサールロジ,3466,東Ｒ,,"148,400","+2,400",+1.64%,622,ー倍,1.21倍,5.44%
20260703,808,京阪ＨＤ,9045,東P,,"3,157.0",+24.0,+0.77%,621,11.0倍,0.93倍,2.72%
20260703,809,Ａｍａｚｉａ,4424,東G,,272,+26,+10.57%,621,ー倍,2.37倍,ー%
20260703,810,ウエストＨＤ,1407,東S,,"2,389",+43,+1.83%,616,14.4倍,2.76倍,2.93%
20260703,811,朝日工,1975,東P,,"4,485",+185,+4.30%,612,12.6倍,2.28倍,3.21%
20260703,812,阪和興,8078,東P,,"1,734",+15,+0.87%,612,8.38倍,0.78倍,3.81%
20260703,813,Ｇセキュリ,4417,東G,,"4,210",+180,+4.47%,611,31.6倍,14.3倍,1.17%
20260703,814,ＪＳＢ,3480,東P,,"8,980",0,0.00%,610,31.9倍,4.11倍,ー%
20260703,815,野村金連動,1328,東Ｅ,,"15,860",+225,+1.44%,609,ー倍,ー倍,ー%
20260703,816,日本ロジ,8967,東Ｒ,,"96,400","+1,800",+1.90%,609,ー倍,1.88倍,4.91%
20260703,817,アインＨＤ,9627,東P,,"5,582",0,0.00%,608,13.1倍,1.23倍,1.79%
20260703,818,邦ガス,9533,東P,,"1,237.5",+17.5,+1.43%,607,19.4倍,0.93倍,1.82%
20260703,819,サンゲツ,8130,東P,,"2,985",+5,+0.17%,607,13.0倍,1.44倍,5.19%
20260703,820,ＤＣＭ,3050,東P,,"1,487",+5,+0.34%,605,11.7倍,0.71倍,3.23%
20260703,821,東映アニメ,4816,東S,,"2,511",-33,-1.30%,603,28.3倍,3.00倍,1.75%
20260703,822,アイピーエス,4390,東P,,"3,670",+100,+2.80%,602,11.4倍,2.55倍,1.09%
20260703,823,三井不商業,8964,東Ｒ,,"81,400","+1,400",+1.75%,601,ー倍,1.25倍,5.41%
20260703,824,洋缶ＨＤ,5901,東P,,"4,111",+37,+0.91%,599,20.6倍,0.89倍,4.52%
20260703,825,雪印メグ,2270,東P,,"3,640",-30,-0.82%,598,8.93倍,0.92倍,2.75%
20260703,826,セレンＨＤ,7318,東G,,"2,359",+139,+6.26%,596,19.5倍,3.18倍,ー%
20260703,827,四国銀,8387,東P,,"3,140",+35,+1.13%,594,15.0倍,0.69倍,2.74%
20260703,828,壱番屋,7630,東P,,902,+18,+2.04%,589,52.9倍,4.53倍,1.77%
20260703,829,渋沢倉,9304,東P,,"1,757",+32,+1.86%,588,15.4倍,1.46倍,3.98%
20260703,830,ベース,4481,東P,,"2,963",+56,+1.93%,587,11.8倍,3.79倍,6.28%
20260703,831,武蔵銀,8336,東P,,"2,584",+16,+0.62%,585,12.9倍,0.89倍,3.17%
20260703,832,ホシデン,6804,東P,,"2,833",+31,+1.11%,582,11.2倍,0.93倍,2.72%
20260703,833,日経インバ,1571,東Ｅ,,283,-5,-1.74%,579,ー倍,ー倍,ー%
20260703,834,ムゲンＥ,3299,東S,,"1,815",+63,+3.60%,575,5.64倍,1.24倍,7.16%
20260703,835,三十三ＦＧ,7322,東P,,"1,825",+25,+1.39%,574,12.7倍,0.82倍,2.41%
20260703,836,イオンリート,3292,東Ｒ,,"124,400","+1,700",+1.39%,573,ー倍,1.07倍,5.45%
20260703,837,トーカロ,3433,東P,,"3,305",+30,+0.92%,572,19.2倍,2.94倍,2.60%
20260703,838,旭ダイヤ,6140,東P,,"1,249",+27,+2.21%,572,23.1倍,0.97倍,2.72%
20260703,839,ニップン,2001,東P,,"2,766",-23,-0.82%,571,10.8倍,0.81倍,2.46%
20260703,840,大阪ソーダ,4046,東P,,"1,878",+14,+0.75%,569,16.8倍,1.77倍,1.49%
20260703,841,ガンホー,3765,東P,,"2,367",+22,+0.94%,565,ー倍,1.08倍,ー%
20260703,842,ワイエイシイ,6298,東P,,"1,366",-10,-0.73%,564,12.0倍,1.42倍,3.29%
20260703,843,Ｕアローズ,7606,東P,,"2,438",+52,+2.18%,563,10.9倍,1.59倍,3.77%
20260703,844,東亜道,1882,東P,,"1,555",+4,+0.26%,563,17.1倍,1.34倍,5.79%
20260703,845,ｉＦＦＡＮＧ,316A,東Ｅ,,"2,558",+2,+0.08%,563,ー倍,ー倍,ー%
20260703,846,ＷＴＩ原油,1671,東Ｅ,,"4,287",+23,+0.54%,560,ー倍,ー倍,ー%
20260703,847,東邦ＨＤ,8129,東P,,"3,884",+36,+0.94%,559,19.5倍,0.93倍,4.63%
20260703,848,セーレン,3569,東P,,"3,455",+10,+0.29%,559,13.5倍,1.26倍,2.20%
20260703,849,サンエー,2659,東P,,"3,185",-30,-0.93%,556,17.4倍,1.23倍,3.45%
20260703,850,日ガス,8174,東P,,"2,837.0",+4.5,+0.16%,556,21.6倍,4.51倍,3.88%
20260703,851,テレ朝ＨＤ,9409,東P,,"3,215",+10,+0.31%,555,12.9倍,0.69倍,3.11%
20260703,852,イノテック,9880,東P,,"3,820",+45,+1.19%,555,9.48倍,1.74倍,3.40%
20260703,853,日本駐車場,2353,東P,,252,+1,+0.40%,555,13.8倍,4.02倍,3.57%
20260703,854,リョー菱ＨＤ,167A,東P,,"2,756",+22,+0.80%,554,ー倍,0.81倍,5.08%
20260703,855,平田機工,6258,東P,,"3,090",+20,+0.65%,553,14.6倍,1.23倍,2.43%
20260703,856,フジシール,7864,東P,,"2,935",+54,+1.87%,551,10.2倍,0.97倍,2.96%
20260703,857,南都銀,8367,東P,,"1,850",+26,+1.43%,547,13.2倍,0.97倍,3.03%
20260703,858,コメダ,3543,東P,,"2,800",+15,+0.54%,546,18.5倍,2.56倍,2.21%
20260703,859,相鉄ＨＤ,9003,東P,,"2,491.0",+35.5,+1.45%,546,10.8倍,1.18倍,2.81%
20260703,860,野村鉄鋼非鉄,1623,東Ｅ,,"66,820",+390,+0.59%,542,ー倍,ー倍,ー%
20260703,861,バードマン,7063,東G,,86,-20,-18.87%,541,ー倍,1.89倍,ー%
20260703,862,ｉＳゴールド,314A,東Ｅ,,317.6,+4.7,+1.50%,540,ー倍,ー倍,ー%
20260703,863,王将フード,9936,東P,,"2,890",-25,-0.86%,540,21.4倍,2.33倍,1.94%
20260703,864,東芝テック,6588,東P,,"2,868",+34,+1.20%,540,21.7倍,1.62倍,1.39%
20260703,865,東亜建,1885,東P,,"2,084",+28,+1.36%,539,11.1倍,1.38倍,3.69%
20260703,866,旭有機材,4216,東P,,"6,990",-110,-1.55%,539,21.5倍,1.62倍,1.86%
20260703,867,ニッカトー,5367,東S,,"1,355",-2,-0.15%,537,20.3倍,1.15倍,1.70%
20260703,868,東邦銀,8346,東P,,818,+18,+2.25%,535,15.7倍,0.94倍,2.57%
20260703,869,オプテクスＧ,6914,東P,,"4,320",+25,+0.58%,534,23.3倍,2.70倍,1.50%
20260703,870,ミズノ,8022,東P,,"3,370",+90,+2.74%,532,13.5倍,1.48倍,1.96%
20260703,871,アズーム,3496,東P,,"4,335",-90,-2.03%,532,24.3倍,8.16倍,2.91%
20260703,872,ネクセラ,4565,東P,,970,+10,+1.04%,530,ー倍,1.41倍,ー%
20260703,873,石原産,4028,東P,,"2,902",+41,+1.43%,528,12.2倍,0.86倍,4.48%
20260703,874,ＭＸナスダク,2631,東Ｅ,,"34,320",-540,-1.55%,528,ー倍,ー倍,ー%
20260703,875,船井総研ＨＤ,9757,東P,,"1,091",+4,+0.37%,527,15.1倍,4.05倍,4.40%
20260703,876,ＨＵＬＩＣＲ,3295,東Ｒ,,"157,100","+1,800",+1.16%,521,ー倍,1.12倍,5.09%
20260703,877,サワイＧＨＤ,4887,東P,,"1,718.0",+16.0,+0.94%,519,10.7倍,1.11倍,3.26%
20260703,878,ブルーゾーン,417A,東P,,"1,739.0",-5.0,-0.29%,516,14.8倍,1.77倍,1.84%
20260703,879,レオパレス,8848,東P,,648,+1,+0.15%,514,9.27倍,5.06倍,2.31%
20260703,880,有沢製,5208,東P,,"2,786",+60,+2.20%,511,22.8倍,1.80倍,3.52%
20260703,881,紀陽銀,8370,東P,,"4,550",+60,+1.34%,510,11.7倍,1.18倍,3.43%
20260703,882,古河機金,5715,東P,,"3,600",+50,+1.41%,509,22.9倍,0.79倍,2.22%
20260703,883,Ｌドリンク,2585,東P,,"1,544",+21,+1.38%,509,19.1倍,4.87倍,0.97%
20260703,884,エクセレント,8987,東Ｒ,,"139,500","+2,500",+1.82%,508,ー倍,1.23倍,4.37%
20260703,885,星野Ｒリート,3287,東Ｒ,,"242,500","+3,400",+1.42%,508,ー倍,0.97倍,5.53%
20260703,886,航空電子,6807,東P,,"2,372",+19,+0.81%,507,26.7倍,1.11倍,2.11%
20260703,887,ＤＴＳ,9682,東P,,"1,046",+12,+1.16%,506,14.0倍,2.58倍,3.63%
20260703,888,北陸電,9505,東P,,886.0,+1.6,+0.18%,505,7.40倍,0.41倍,2.82%
20260703,889,システナ,2317,東P,,413,+7,+1.72%,505,13.9倍,3.73倍,4.36%
20260703,890,シップＨＤ,3360,東P,,"2,255.0",-4.0,-0.18%,504,12.9倍,1.37倍,2.88%
20260703,891,守谷輸送機,6226,東S,,"2,320",+60,+2.65%,503,18.5倍,5.50倍,1.64%
20260703,892,西松建,1820,東P,,"5,255",+4,+0.08%,502,10.1倍,1.06倍,4.76%
20260703,893,プレイド,4165,東G,,549,+29,+5.58%,500,ー倍,4.38倍,ー%
20260703,894,アイズ,5242,東G,,907,+90,+11.02%,500,311倍,1.55倍,ー%
20260703,895,ＦＥＡＳＹ,212A,東P,,"2,834",-49,-1.70%,500,19.1倍,7.20倍,1.80%
20260703,896,東エレデバ,2760,東P,,"3,875",+10,+0.26%,500,14.5倍,2.16倍,2.79%
20260703,897,化工機,6331,東P,,"3,820",+105,+2.83%,500,12.7倍,1.94倍,3.14%
20260703,898,多摩川ＨＤ,6838,東S,,"1,747",+21,+1.22%,500,8.68倍,1.75倍,0.57%
20260703,899,アイスペース,9348,東G,,450,+9,+2.04%,499,ー倍,4.37倍,ー%
20260703,900,大和オフィス,8976,東Ｒ,,"331,500","+4,500",+1.38%,496,ー倍,1.28倍,4.56%
20260703,901,石井表記,6336,東S,,"1,899",+121,+6.81%,495,16.1倍,1.40倍,1.90%
20260703,902,日曹達,4041,東P,,"3,675",+60,+1.66%,495,12.5倍,0.96倍,4.35%
20260703,903,インターメス,262A,東P,,"2,119",+80,+3.92%,492,13.7倍,2.49倍,2.41%
20260703,904,東映,9605,東P,,"5,720",-70,-1.21%,491,28.4倍,1.23倍,0.21%
20260703,905,スクロール,8005,東P,,"1,670",+25,+1.52%,489,13.2倍,1.51倍,6.11%
20260703,906,オカムラ,7994,東P,,"2,241",-1,-0.04%,487,10.1倍,1.04倍,4.69%
20260703,907,西華産,8061,東P,,"2,799",-6,-0.21%,484,13.1倍,1.84倍,3.32%
20260703,908,アルバリンク,5537,東G,,"3,130",+328,+11.71%,484,20.3倍,12.3倍,ー%
20260703,909,内田洋,8057,東P,,"2,058",+36,+1.78%,483,8.83倍,1.24倍,3.50%
20260703,910,ヴレインＳ,135A,東G,,"4,570",+245,+5.66%,482,48.2倍,22.5倍,ー%
20260703,911,日経ベア,1580,東Ｅ,,753.9,-11.6,-1.52%,480,ー倍,ー倍,ー%
20260703,912,岡本硝子,7746,東S,,854,-24,-2.73%,480,331倍,9.44倍,ー%
20260703,913,森トラストＲ,8961,東Ｒ,,"75,100","+1,400",+1.90%,479,ー倍,1.14倍,4.83%
20260703,914,因幡電産,9934,東P,,"2,779.5",+27.0,+0.98%,478,13.2倍,1.58倍,3.06%
20260703,915,富山第一銀,7184,東P,,"2,671",+52,+1.99%,475,12.5倍,0.82倍,2.81%
20260703,916,松竹,9601,東P,,"10,430",-120,-1.14%,470,65.2倍,1.33倍,0.29%
20260703,917,東急ＲＥ,8957,東Ｒ,,"187,800","+2,800",+1.51%,469,ー倍,1.45倍,4.27%
20260703,918,ＧＸＵテック,2244,東Ｅ,,"3,590",-45,-1.24%,469,ー倍,ー倍,ー%
20260703,919,エディオン,2730,東P,,"2,212",+7,+0.32%,467,14.9倍,1.00倍,2.26%
20260703,920,イリソ電子,6908,東P,,"2,935",+3,+0.10%,465,13.1倍,0.83倍,3.41%
20260703,921,青山商,8219,東P,,705,+16,+2.32%,463,13.2倍,0.57倍,5.39%
20260703,922,岡本工,6125,東S,,"5,670",+200,+3.66%,462,18.7倍,0.88倍,2.82%
20260703,923,オンワード,8016,東P,,740,+5,+0.68%,461,9.00倍,1.08倍,4.46%
20260703,924,ＪＩＡ,7172,東P,,"2,072",+29,+1.42%,460,9.90倍,1.67倍,5.21%
20260703,925,ミルボン,4919,東P,,"2,764",+4,+0.14%,459,20.5倍,1.81倍,3.18%
20260703,926,農中日経平均,2525,東Ｅ,,"70,220",+500,+0.72%,457,ー倍,ー倍,ー%
20260703,927,ロードスター,3482,東P,,"2,660",+36,+1.37%,456,5.87倍,1.54倍,3.07%
20260703,928,サクシード,9256,東G,,"4,940",-60,-1.20%,455,68.0倍,6.79倍,0.32%
20260703,929,サンワテク,8137,東P,,"3,865",+125,+3.34%,454,14.3倍,1.14倍,3.36%
20260703,930,新日本空調,1952,東P,,"3,800",+20,+0.53%,453,13.5倍,2.09倍,3.16%
20260703,931,ナカニシ,7716,東S,,"3,005",+28,+0.94%,452,22.3倍,2.15倍,2.00%
20260703,932,指月電,6994,東S,,"1,282",-16,-1.23%,451,16.2倍,1.28倍,1.87%
20260703,933,ＪＮグループ,6634,東S,,83,+16,+23.88%,451,34.6倍,1.65倍,ー%
20260703,934,ＦＰＧ,7148,東P,,"1,547",+9,+0.59%,448,8.35倍,2.17倍,5.99%
20260703,935,ティラド,7236,東P,,"1,559",+49,+3.25%,448,9.81倍,1.67倍,5.13%
20260703,936,愛知鋼,5482,東P,,"3,065",+20,+0.66%,448,17.4倍,0.83倍,4.89%
20260703,937,日本ＣＭＫ,6958,東P,,663,+12,+1.84%,447,23.6倍,0.57倍,4.22%
20260703,938,いちごオフィ,8975,東Ｒ,,"95,100","+2,100",+2.26%,447,ー倍,1.41倍,12.0%
20260703,939,栃木銀,8550,東P,,974,+8,+0.83%,446,11.3倍,0.62倍,3.08%
20260703,940,ＪＢＳ,5036,東P,,"1,618",+101,+6.66%,446,10.4倍,2.56倍,3.09%
20260703,941,ＷＳＣＯＰＥ,6619,東P,,195,+10,+5.41%,445,ー倍,0.29倍,ー%
20260703,942,デジアーツ,2326,東P,,"3,845",+90,+2.40%,445,13.6倍,2.79倍,2.60%
20260703,943,コンフォリア,3282,東Ｒ,,"105,200","+1,500",+1.45%,444,ー倍,1.52倍,3.99%
20260703,944,クミアイ化,4996,東P,,713,+3,+0.42%,444,13.4倍,0.56倍,3.37%
20260703,945,ＮＴＴ都市Ｒ,8956,東Ｒ,,"134,500","+1,300",+0.98%,443,ー倍,1.34倍,4.61%
20260703,946,沖縄セルラー,9436,東S,,"3,845",+85,+2.26%,442,26.7倍,3.57倍,1.82%
20260703,947,ステラケミ,4109,東P,,"6,300",-80,-1.25%,441,22.6倍,1.61倍,2.86%
20260703,948,森ヒルズＲ,3234,東Ｒ,,"130,000","+1,300",+1.01%,440,ー倍,1.20倍,4.77%
20260703,949,菱地所物流Ｒ,3481,東Ｒ,,"120,900","+1,600",+1.34%,439,ー倍,1.15倍,5.15%
20260703,950,セプテニＨＤ,4293,東S,,477,+9,+1.92%,438,18.9倍,1.51倍,3.77%
20260703,951,カーボン,5302,東P,,"4,860",+35,+0.73%,436,19.7倍,0.99倍,4.12%
20260703,952,キッツ,6498,東P,,"2,570",+65,+2.59%,435,17.6倍,1.86倍,2.30%
20260703,953,ＧＭＯインタ,4784,東P,,471,+5,+1.07%,434,24.3倍,10.5倍,4.57%
20260703,954,コロワイド,7616,東P,,"1,835.5",-1.5,-0.08%,433,92.5倍,2.84倍,0.27%
20260703,955,福井銀,8362,東P,,"6,010",+70,+1.18%,430,15.8倍,0.93倍,2.50%
20260703,956,エスペック,6859,東P,,"4,270",+20,+0.47%,430,15.4倍,1.47倍,2.69%
20260703,957,Ｕｍｉｏｓ,1333,東P,,"1,307.5",-1.5,-0.11%,430,13.2倍,0.80倍,3.44%
20260703,958,奥村組,1833,東P,,"5,680",+20,+0.35%,428,13.2倍,1.03倍,5.28%
20260703,959,ヤマエＧＨＤ,7130,東P,,"2,973",+42,+1.43%,428,6.60倍,0.77倍,2.69%
20260703,960,ジャックス,8584,東P,,"3,625",+30,+0.83%,427,16.2倍,0.55倍,5.52%
20260703,961,アズワン,7476,東P,,"2,331.0",-1.5,-0.06%,424,18.5倍,2.34倍,2.83%
20260703,962,日証金,8511,東P,,"2,340",+10,+0.43%,421,17.2倍,1.38倍,4.02%
20260703,963,ＪＣＲファ,4552,東P,,455,0,0.00%,421,277倍,1.18倍,4.40%
20260703,964,月島ＨＤ,6332,東P,,"2,638",+38,+1.46%,420,12.3倍,1.06倍,3.34%
20260703,965,丹青社,9743,東P,,"1,381",+23,+1.69%,419,11.5倍,1.74倍,5.79%
20260703,966,ダイハツイン,6023,東S,,"2,747",+128,+4.89%,417,12.3倍,1.41倍,2.51%
20260703,967,キッセイ,4547,東P,,"4,095",0,0.00%,417,11.7倍,0.74倍,4.15%
20260703,968,ワールド,3612,東P,,"1,598",+13,+0.82%,415,9.67倍,1.23倍,4.19%
20260703,969,Ｋｕｄａｎ,4425,東G,,"1,995",+85,+4.45%,413,ー倍,8.61倍,ー%
20260703,970,東和薬品,4553,東P,,"3,925",+25,+0.64%,410,8.99倍,1.08倍,2.17%
20260703,971,ノーリツ鋼機,7744,東P,,"2,060",+3,+0.15%,409,13.0倍,0.96倍,3.64%
20260703,972,ビジョン,9416,東P,,"1,001",+18,+1.83%,408,9.35倍,2.33倍,5.09%
20260703,973,リコーリース,8566,東P,,"6,240",+100,+1.63%,406,16.2倍,0.80倍,4.10%
20260703,974,円谷フィＨＤ,2767,東P,,"1,378",-13,-0.93%,406,6.35倍,1.41倍,5.08%
20260703,975,クリエイトＳ,3148,東P,,"3,255",0,0.00%,406,12.9倍,1.41倍,2.76%
20260703,976,サカタＩＮＸ,4633,東P,,"2,400",+33,+1.39%,406,9.92倍,0.97倍,4.17%
20260703,977,日清オイリオ,2602,東P,,"1,858",+7,+0.38%,404,14.2倍,0.81倍,3.23%
20260703,978,東京製鉄,5423,東P,,"1,750",+36,+2.10%,404,ー倍,0.80倍,2.29%
20260703,979,宮崎銀,8393,東P,,"2,222",+19,+0.86%,403,12.9倍,0.84倍,2.52%
20260703,980,日東工,6651,東P,,"4,605",-55,-1.18%,403,15.1倍,1.41倍,3.34%
20260703,981,富士急,9010,東P,,"2,532",-49,-1.90%,401,23.4倍,3.21倍,1.30%
20260703,982,大平金,5541,東P,,"2,313",+30,+1.31%,400,254倍,0.64倍,5.62%
20260703,983,ディップ,2379,東P,,"1,834",+13,+0.71%,400,20.7倍,2.61倍,5.29%
20260703,984,ａｒｔｉｅｎ,4634,東P,,"4,395",+55,+1.27%,399,9.81倍,0.78倍,2.73%
20260703,985,ＨＥＮＮＧＥ,4475,東G,,"1,248",+21,+1.71%,399,24.4倍,10.6倍,0.48%
20260703,986,エフピコ,7947,東P,,"2,627",-4,-0.15%,399,ー倍,1.29倍,2.78%
20260703,987,平和不,8803,東P,,"2,375",-6,-0.25%,398,13.6倍,1.24倍,4.34%
20260703,988,シェアテク,3989,東G,,"1,423",-20,-1.39%,398,13.6倍,6.94倍,3.87%
20260703,989,ＳＰＤＲ５百,1557,東Ｅ,,"120,400",-600,-0.50%,397,ー倍,ー倍,ー%
20260703,990,ユナイテド海,9110,東P,,"6,690",+280,+4.37%,396,6.82倍,0.84倍,4.41%
20260703,991,スミダコーポ,6817,東P,,"1,450",+29,+2.04%,395,13.2倍,0.76倍,3.66%
20260703,992,セレス,3696,東P,,"2,096",-90,-4.12%,395,4.10倍,1.83倍,4.29%
20260703,993,アカツキ,3932,東P,,"3,085",+125,+4.22%,395,ー倍,0.82倍,ー%
20260703,994,パーカライ,4095,東P,,"1,715",+2,+0.12%,395,13.0倍,0.90倍,2.92%
20260703,995,サンウェルズ,9229,東P,,153,0,0.00%,395,ー倍,0.72倍,ー%
20260703,996,おきなわＦＧ,7350,東P,,"6,630",+160,+2.47%,394,11.8倍,0.87倍,3.02%
20260703,997,グロバワン,8958,東Ｒ,,"112,000","+1,400",+1.27%,394,ー倍,1.23倍,5.71%
20260703,998,マクセル,6810,東P,,"2,153",+5,+0.23%,394,11.9倍,0.91倍,2.60%
20260703,999,Ｊトラスト,8508,東S,,818,+14,+1.74%,393,13.4倍,0.68倍,2.08%
20260703,1000,住友精化,4008,東P,,"1,376",+71,+5.44%,393,ー倍,0.86倍,3.49%
20260703,1001,富士製薬,4554,東P,,"2,000",+48,+2.46%,393,23.3倍,1.02倍,2.45%
20260703,1002,ギフティＧ,590A,東P,,"1,107",+67,+6.44%,393,ー倍,3.87倍,1.45%
20260703,1003,ＫＬａｂ,3656,東P,,195,-3,-1.52%,391,ー倍,1.58倍,ー%
20260703,1004,ｉＦＥナ百無,2840,東Ｅ,,"2,753",-39,-1.40%,391,ー倍,ー倍,ー%
20260703,1005,りたりこ,7366,東P,,"1,668",+55,+3.41%,390,17.2倍,3.96倍,0.90%
20260703,1006,サカタタネ,1377,東P,,"4,165",-10,-0.24%,389,17.6倍,1.02倍,1.80%
20260703,1007,ジェイエイシ,2124,東P,,852,-5,-0.58%,389,15.8倍,6.80倍,4.46%
20260703,1008,ジョイ本田,3191,東P,,"2,245",+20,+0.90%,388,15.4倍,1.08倍,3.74%
20260703,1009,ミツバ,7280,東P,,"1,235",+20,+1.65%,388,5.30倍,0.52倍,2.43%
20260703,1010,タムロン,7740,東P,,"1,142",0,0.00%,388,13.5倍,2.17倍,4.47%
20260703,1011,愛媛銀,8541,東P,,"2,210",+7,+0.32%,388,13.3倍,0.60倍,2.17%
20260703,1012,ハピネット,7552,東P,,"2,990",-25,-0.83%,386,12.3倍,2.16倍,ー%
20260703,1013,ＶＩＸＥＴＦ,318A,東Ｅ,,443.6,-14.4,-3.14%,385,ー倍,ー倍,ー%
20260703,1014,アース製薬,4985,東P,,"4,785",+45,+0.95%,385,16.9倍,1.37倍,2.72%
20260703,1015,ブロドリーフ,3673,東P,,429,+15,+3.62%,384,24.3倍,3.16倍,1.81%
20260703,1016,ＩＭＶ,7760,東S,,"2,722",+169,+6.62%,384,23.5倍,3.33倍,1.10%
20260703,1017,ＴＳテック,7313,東P,,"1,762.5",+8.0,+0.46%,383,25.7倍,0.66倍,5.22%
20260703,1018,中電工,1941,東P,,"5,390",+20,+0.37%,383,14.5倍,1.17倍,2.60%
20260703,1019,象印,7965,東P,,"1,386",+19,+1.39%,383,18.3倍,0.97倍,3.32%
20260703,1020,ＴＰＸベア,1569,東Ｅ,,746.0,-10.5,-1.39%,382,ー倍,ー倍,ー%
20260703,1021,日本リート,3296,東Ｒ,,"84,600","+1,200",+1.44%,381,ー倍,1.16倍,5.73%
20260703,1022,理計器,7734,東P,,"3,785",+25,+0.66%,380,17.9倍,2.02倍,1.59%
20260703,1023,インスペック,6656,東S,,"1,321",+119,+9.90%,378,66.3倍,6.43倍,ー%
20260703,1024,トランスコス,9715,東P,,"3,610",+15,+0.42%,378,10.0倍,1.05倍,4.02%
20260703,1025,野村外国株式,2513,東Ｅ,,"3,595",+14,+0.39%,378,ー倍,ー倍,ー%
20260703,1026,山善,8051,東P,,"1,739",+7,+0.40%,378,15.8倍,1.03倍,3.22%
20260703,1027,スターアジア,3468,東Ｒ,,"55,700",+600,+1.09%,377,ー倍,1.03倍,5.92%
20260703,1028,大紀ア,5702,東P,,"1,514",+29,+1.95%,377,6.78倍,0.79倍,4.62%
20260703,1029,信越ポリ,7970,東P,,"2,500",+29,+1.17%,375,ー倍,1.56倍,ー%
20260703,1030,ロイヤルＨＤ,8179,東P,,"1,210",+6,+0.50%,375,20.9倍,2.20倍,1.45%
20260703,1031,ウイングアク,4432,東P,,"2,478",+20,+0.81%,375,11.6倍,1.83倍,4.36%
20260703,1032,正栄食,8079,東P,,"4,090",+30,+0.74%,374,17.0倍,1.15倍,2.20%
20260703,1033,科研薬,4521,東P,,"3,825",0,0.00%,374,22.3倍,0.98倍,4.97%
20260703,1034,ｉＦ日経年４,2624,東Ｅ,,"7,020",-6,-0.09%,369,ー倍,ー倍,ー%
20260703,1035,クラボウ,3106,東P,,"10,610",+270,+2.61%,369,12.9倍,1.27倍,3.12%
20260703,1036,カヤバ,7242,東P,,"4,035",+45,+1.13%,367,10.2倍,0.68倍,4.01%
20260703,1037,ブシロード,7803,東G,,308,+12,+4.05%,366,9.05倍,1.52倍,0.81%
20260703,1038,菊池製作,3444,東S,,"1,200",+73,+6.48%,365,106倍,2.42倍,0.83%
20260703,1039,芝浦機,6104,東P,,"4,690",+95,+2.07%,364,55.5倍,0.94倍,2.99%
20260703,1040,ｉＦ日本配当,435A,東Ｅ,,"2,592",+39,+1.53%,364,ー倍,ー倍,ー%
20260703,1041,岩井コスモ,8707,東P,,"4,015",+10,+0.25%,364,ー倍,1.27倍,ー%
20260703,1042,レダックス,7602,東S,,166,-25,-13.09%,363,19.7倍,0.73倍,1.20%
20260703,1043,ＳＭＤ２２５,1397,東Ｅ,,"70,590",+430,+0.61%,363,ー倍,ー倍,ー%
20260703,1044,川田テク,3443,東P,,"1,342",+38,+2.91%,362,9.69倍,0.70倍,3.13%
20260703,1045,東海理,6995,東P,,"3,075",+15,+0.49%,362,13.1倍,0.75倍,3.90%
20260703,1046,極東開発,7226,東P,,"2,189",+30,+1.39%,362,16.9倍,0.74倍,5.48%
20260703,1047,住友倉,9303,東P,,"3,800",+15,+0.40%,361,16.8倍,0.92倍,2.71%
20260703,1048,モスフード,8153,東P,,"3,715",+45,+1.23%,361,31.9倍,1.94倍,0.92%
20260703,1049,ＥＩＺＯ,6737,東P,,"2,520",+36,+1.45%,360,15.3倍,0.72倍,4.56%
20260703,1050,グリーＨＤ,3632,東P,,396,+9,+2.33%,360,ー倍,0.73倍,5.43%
20260703,1051,日本電設,1950,東P,,"4,385",+40,+0.92%,359,13.9倍,1.19倍,2.90%
20260703,1052,マックス,6454,東P,,"1,703",-16,-0.93%,359,21.6倍,2.66倍,2.35%
20260703,1053,ノースサンド,446A,東G,,"1,325",+23,+1.77%,359,14.3倍,5.14倍,2.49%
20260703,1054,パイロット,7846,東P,,"1,724.5",+2.5,+0.15%,358,13.0倍,1.32倍,2.44%
20260703,1055,ミナトＨＤ,6862,東S,,"2,139",+14,+0.66%,357,7.37倍,1.96倍,1.40%
20260703,1056,フォスター,6794,東P,,"2,954",-76,-2.51%,356,13.3倍,0.98倍,3.89%
20260703,1057,ＣＣＩＧ,7381,東P,,"1,043",+13,+1.26%,355,13.6倍,0.94倍,2.88%
20260703,1058,日本コークス,3315,東P,,93,+1,+1.09%,355,54.1倍,0.78倍,ー%
20260703,1059,純プラ信託,1541,東Ｅ,,"7,785",+205,+2.70%,354,ー倍,ー倍,ー%
20260703,1060,椿本チ,6371,東P,,"2,645",+16,+0.61%,352,12.2倍,0.91倍,3.02%
20260703,1061,カナモト,9678,東P,,"5,190",-50,-0.95%,352,13.7倍,1.16倍,2.12%
20260703,1062,豊和工,6203,東S,,"1,635",+66,+4.21%,351,18.3倍,0.94倍,1.22%
20260703,1063,マニー,7730,東P,,"1,745",-6,-0.34%,351,26.7倍,3.03倍,2.35%
20260703,1064,平和,6412,東P,,"1,995",-1,-0.05%,350,9.69倍,0.79倍,4.01%
20260703,1065,Ｇｅｎｋｙ,9267,東P,,"3,420",+65,+1.94%,349,13.3倍,1.77倍,0.38%
20260703,1066,テクマト,3762,東P,,"1,814",+38,+2.14%,349,13.6倍,2.77倍,2.98%
20260703,1067,岡三,8609,東P,,997,+11,+1.12%,348,ー倍,0.86倍,ー%
20260703,1068,コメ兵ＨＤ,2780,東S,,"4,875",-5,-0.10%,348,9.16倍,1.43倍,2.22%
20260703,1069,トーセイ,8923,東P,,"1,714",+16,+0.94%,347,11.0倍,1.54倍,3.21%
20260703,1070,ＫＨネオケム,4189,東P,,"2,982",+59,+2.02%,346,12.0倍,1.50倍,3.69%
20260703,1071,フクダ電,6960,東S,,"11,470",+220,+1.96%,342,17.5倍,1.64倍,2.01%
20260703,1072,ＡＳＢ機械,6284,東P,,"9,210",-70,-0.75%,341,15.2倍,2.23倍,2.61%
20260703,1073,冶金工,5480,東P,,"4,860",+55,+1.14%,341,8.42倍,0.67倍,4.53%
20260703,1074,東邦鉛,5707,東P,,858,+26,+3.13%,341,3.66倍,0.93倍,ー%
20260703,1075,グロービング,277A,東P,,"2,262",-15,-0.66%,341,23.0倍,8.81倍,0.66%
20260703,1076,ヨドコウ,5451,東P,,"1,303",-1,-0.08%,340,18.7倍,0.92倍,4.07%
20260703,1077,ＷＮＩウェザ,4825,東P,,"2,070",+46,+2.27%,339,26.3倍,4.03倍,4.11%
20260703,1078,ニッタ,5186,東P,,"6,050",+130,+2.20%,339,13.5倍,1.01倍,2.81%
20260703,1079,サイバダイン,7779,東G,,240,+8,+3.45%,338,ー倍,0.81倍,ー%
20260703,1080,東競馬,9672,東P,,"4,780",-10,-0.21%,338,11.5倍,1.31倍,3.05%
20260703,1081,ワコールＨＤ,3591,東P,,"4,420",+41,+0.94%,337,121倍,1.04倍,2.26%
20260703,1082,野村高配７０,1577,東Ｅ,,"56,060",+830,+1.50%,337,ー倍,ー倍,ー%
20260703,1083,東京エネシス,1945,東P,,"2,122",+36,+1.73%,337,13.5倍,0.97倍,3.63%
20260703,1084,ＥＤＰ,7794,東G,,"1,229",+7,+0.57%,337,ー倍,11.5倍,ー%
20260703,1085,アイスタイル,3660,東P,,390,0,0.00%,335,14.7倍,1.81倍,0.26%
20260703,1086,アステリア,3853,東P,,"1,203",+37,+3.17%,335,ー倍,2.62倍,0.83%
20260703,1087,テレ東ＨＤ,9413,東P,,"3,745",+20,+0.54%,333,12.5倍,0.93倍,2.67%
20260703,1088,トモニＨＤ,8600,東P,,895,-5,-0.56%,332,9.63倍,0.58倍,3.35%
20260703,1089,コシダカＨＤ,2157,東P,,967,0,0.00%,332,10.8倍,2.10倍,2.69%
20260703,1090,ベル２４ＨＤ,6183,東P,,"1,383",-5,-0.36%,331,12.1倍,1.39倍,4.34%
20260703,1091,アークス,9948,東P,,"3,400",0,0.00%,331,14.6倍,0.92倍,2.41%
20260703,1092,飛島ＨＤ,256A,東P,,"2,025",+15,+0.75%,331,8.08倍,0.71倍,5.43%
20260703,1093,コロンビア,146A,東S,,"3,180",+95,+3.08%,330,5.84倍,1.41倍,2.96%
20260703,1094,東海東京,8616,東P,,766,+8,+1.06%,330,ー倍,0.99倍,ー%
20260703,1095,タマホーム,1419,東P,,"2,912",-3,-0.10%,327,62.5倍,3.27倍,4.29%
20260703,1096,タダノ,6395,東P,,"1,289",+21,+1.66%,326,11.7倍,0.79倍,2.64%
20260703,1097,サツドラＨＤ,3544,東S,,"1,237",-20,-1.59%,324,ー倍,1.69倍,ー%
20260703,1098,アルゴグラフ,7595,東P,,"1,268",+22,+1.77%,323,12.1倍,1.79倍,5.13%
20260703,1099,岩手銀,8345,東P,,"2,161",+32,+1.50%,322,14.9倍,0.77倍,2.68%
20260703,1100,レスター,3156,東P,,"4,020",-10,-0.25%,322,11.3倍,1.21倍,3.36%
20260703,1101,ｉＦ高配４０,1651,東Ｅ,,"3,025",+33,+1.10%,322,ー倍,ー倍,ー%
20260703,1102,日セラ,6929,東P,,"3,805",+70,+1.87%,321,16.8倍,1.79倍,4.34%
20260703,1103,ウイルプラス,3538,東S,,903,-1,-0.11%,321,7.31倍,0.72倍,5.09%
20260703,1104,ジャスト,4686,東P,,"3,815",+40,+1.06%,321,ー倍,2.06倍,0.79%
20260703,1105,前田工繊,7821,東P,,"1,845",+44,+2.44%,318,16.2倍,1.64倍,1.52%
20260703,1106,西鉄,9031,東P,,"2,924.0",+17.0,+0.58%,318,9.81倍,0.78倍,3.08%
20260703,1107,日本信号,6741,東P,,"1,566",+20,+1.29%,317,9.77倍,0.85倍,3.58%
20260703,1108,技術承継機構,319A,東G,,"17,480",+780,+4.67%,316,ー倍,15.2倍,ー%
20260703,1109,ＳＨＯＥＩ,7839,東P,,"1,841",+43,+2.39%,316,15.9倍,3.10倍,3.26%
20260703,1110,松風,7979,東P,,"2,093",+83,+4.13%,315,15.7倍,1.53倍,2.91%
20260703,1111,ノエビアＨＤ,4928,東P,,"4,470",-20,-0.45%,315,18.6倍,3.12倍,5.15%
20260703,1112,アルペン,3028,東P,,"2,074",+21,+1.02%,315,13.9倍,0.65倍,2.65%
20260703,1113,セ硝子,4044,東P,,"4,410",+10,+0.23%,312,15.2倍,0.88倍,3.85%
20260703,1114,ミラースＲ,3492,東Ｒ,,"84,100","+1,600",+1.94%,312,ー倍,0.94倍,6.42%
20260703,1115,ネットプロ,7383,東P,,368,-4,-1.08%,311,16.7倍,1.74倍,ー%
20260703,1116,テンシャル,325A,東G,,"1,350",-17,-1.24%,311,12.0倍,5.44倍,ー%
20260703,1117,リョービ,5851,東P,,"2,569",+19,+0.75%,311,7.11倍,0.45倍,4.05%
20260703,1118,プレミアＧ,7199,東P,,"2,140",+17,+0.80%,310,12.0倍,3.27倍,2.99%
20260703,1119,ヨコレイ,2874,東P,,"2,045",+15,+0.74%,310,25.2倍,1.41倍,1.32%
20260703,1120,ダスキン,4665,東P,,"4,389",+8,+0.18%,310,21.1倍,1.31倍,2.85%
20260703,1121,スターツ,8850,東P,,"4,670",+25,+0.54%,309,8.50倍,1.17倍,3.21%
20260703,1122,稀元素,4082,東P,,"2,050",+2,+0.10%,308,33.0倍,1.29倍,1.46%
20260703,1123,バンクオブイ,4393,東G,,"5,270",+190,+3.74%,307,ー倍,3.15倍,ー%
20260703,1124,クオールＨＤ,3034,東P,,"1,937",+30,+1.57%,307,9.33倍,1.27倍,2.79%
20260703,1125,アニコムＨＤ,8715,東P,,"1,253",+9,+0.72%,306,28.2倍,3.15倍,1.08%
20260703,1126,新日本電工,5563,東P,,444,+7,+1.60%,306,ー倍,0.77倍,2.93%
20260703,1127,Ｏｎｅリート,3290,東Ｒ,,"75,000",+500,+0.67%,304,ー倍,1.18倍,5.79%
20260703,1128,東急建設,1720,東P,,"1,189",+9,+0.76%,304,11.5倍,1.13倍,3.62%
20260703,1129,ＮＳグループ,471A,東P,,"1,515",+13,+0.87%,303,9.34倍,2.54倍,5.02%
20260703,1130,日本高純度,4973,東P,,"5,510",-80,-1.43%,303,14.7倍,1.78倍,4.17%
20260703,1131,スマレジ,4431,東G,,"2,935",+29,+1.00%,303,20.3倍,5.88倍,0.99%
20260703,1132,ユーザーロカ,3984,東P,,"1,793",+68,+3.94%,302,18.5倍,2.97倍,1.34%
20260703,1133,ｉＦＴＰＷベ,1368,東Ｅ,,159,-3,-1.85%,301,ー倍,ー倍,ー%
20260703,1134,くら寿司,2695,東P,,"1,614",0,0.00%,301,42.8倍,2.00倍,0.93%
20260703,1135,東京鉄,5445,東P,,"1,861",+27,+1.47%,301,6.56倍,0.73倍,5.37%
20260703,1136,ライト,1926,東P,,"4,100",0,0.00%,300,14.3倍,1.88倍,3.56%
20260703,1137,泉州電,9824,東P,,"6,760",+70,+1.05%,300,13.6倍,1.87倍,2.37%
20260703,1138,第一興商,7458,東P,,"1,728.5",+6.5,+0.38%,299,14.7倍,1.45倍,3.93%
20260703,1139,広済堂ＨＤ,7868,東P,,556,+12,+2.21%,297,17.8倍,1.67倍,2.40%
20260703,1140,ＮＩＳＳＨＡ,7915,東P,,"1,362",+3,+0.22%,297,20.2倍,0.55倍,3.67%
20260703,1141,稲畑産,8098,東P,,"3,940",+30,+0.77%,297,10.0倍,0.89倍,3.63%
20260703,1142,ハートシード,219A,東G,,"1,641",+60,+3.80%,297,ー倍,5.26倍,ー%
20260703,1143,津田駒,6217,東S,,864,-54,-5.88%,296,22.1倍,2.10倍,ー%
20260703,1144,松屋フーズ,9887,東P,,"4,750",-35,-0.73%,295,25.7倍,1.70倍,0.55%
20260703,1145,エレコム,6750,東P,,"1,804",0,0.00%,294,12.7倍,1.34倍,3.22%
20260703,1146,アトム,7412,東S,,354,-4,-1.12%,294,ー倍,19.7倍,ー%
20260703,1147,テクノ菱和,1965,東S,,"5,910",+20,+0.34%,293,10.3倍,1.83倍,2.98%
20260703,1148,エスビー,2805,東S,,"5,430",+160,+3.04%,293,16.2倍,1.39倍,1.10%
20260703,1149,レイズネク,6379,東P,,"2,343",+33,+1.43%,292,14.1倍,1.38倍,4.99%
20260703,1150,京三,6742,東P,,920,+7,+0.77%,292,13.5倍,1.02倍,2.93%
20260703,1151,シグマクシス,6088,東P,,572,+15,+2.69%,292,10.4倍,3.24倍,4.55%
20260703,1152,千葉興,8337,東P,,"2,614",+91,+3.61%,292,16.9倍,0.98倍,0.77%
20260703,1153,オリコ,8585,東P,,874,+1,+0.11%,292,11.5倍,0.60倍,4.58%
20260703,1154,ジーネクスト,4179,東G,,500,-15,-2.91%,292,ー倍,35.7倍,ー%
20260703,1155,藤田観,9722,東P,,"1,951",+6,+0.31%,291,10.2倍,2.96倍,1.03%
20260703,1156,太平電,1968,東P,,"2,564",+12,+0.47%,291,13.5倍,1.28倍,2.93%
20260703,1157,ＭＸトピクス,1348,東Ｅ,,"4,258",+39,+0.92%,290,ー倍,ー倍,ー%
20260703,1158,弘電社,1948,東S,,"11,390",-100,-0.87%,290,41.5倍,3.98倍,ー%
20260703,1159,オープンＵＰ,2154,東P,,"1,921",+3,+0.16%,290,13.8倍,2.09倍,4.42%
20260703,1160,半導体日本株,163A,東EN,,"23,390",+555,+2.43%,290,ー倍,ー倍,ー%
20260703,1161,合同鉄,5410,東P,,"2,659",+53,+2.03%,289,9.04倍,0.27倍,3.76%
20260703,1162,サンフロ不,8934,東P,,"2,453",+27,+1.11%,287,8.06倍,1.17倍,3.26%
20260703,1163,メニコン,7780,東P,,"1,704",+25,+1.49%,286,19.5倍,1.34倍,1.64%
20260703,1164,セック,3741,東P,,"3,230",+80,+2.54%,285,20.9倍,3.20倍,1.92%
20260703,1165,ＳＦＯＯＤＳ,2292,東P,,"2,673",+22,+0.83%,285,13.0倍,0.64倍,4.12%
20260703,1166,松屋,8237,東P,,"1,673",-10,-0.59%,285,170倍,3.19倍,0.72%
20260703,1167,日精機,7287,東S,,"2,496",+5,+0.20%,284,14.4倍,0.62倍,3.61%
20260703,1168,日本電技,1723,東S,,"2,409",+37,+1.56%,283,17.7倍,3.28倍,2.32%
20260703,1169,リンガハット,8200,東P,,"2,181",+4,+0.18%,282,47.1倍,3.71倍,0.60%
20260703,1170,積水樹,4212,東P,,"2,650",+86,+3.35%,282,18.1倍,0.80倍,3.09%
20260703,1171,ＳＢＳＨＤ,2384,東P,,"4,315",-35,-0.80%,282,12.7倍,1.69倍,2.43%
20260703,1172,マースＧＨＤ,6419,東P,,"3,095",-20,-0.64%,281,8.28倍,0.65倍,4.85%
20260703,1173,ＰＨＣＨＤ,6523,東P,,"1,035",0,0.00%,280,8.54倍,0.81倍,4.06%
20260703,1174,ローランド,7944,東P,,"4,265",+20,+0.47%,279,15.6倍,2.74倍,3.99%
20260703,1175,コーセル,6905,東P,,"1,474",-52,-3.41%,279,37.8倍,1.16倍,4.07%
20260703,1176,三陽商,8011,東P,,"4,375",-55,-1.24%,279,10.8倍,1.11倍,4.21%
20260703,1177,高速,7504,東P,,"3,640",+95,+2.68%,279,17.8倍,1.67倍,3.30%
20260703,1178,スパークス,8739,東P,,"2,299",+40,+1.77%,278,ー倍,2.32倍,4.09%
20260703,1179,ワコム,6727,東P,,787,+5,+0.64%,278,10.5倍,2.79倍,3.05%
20260703,1180,ＹＥデジタル,2354,東S,,846,+56,+7.09%,278,9.53倍,2.00倍,3.55%
20260703,1181,スピー,4499,東S,,"2,144",+82,+3.98%,278,ー倍,3.61倍,ー%
20260703,1182,アークランズ,9842,東P,,"1,916",+3,+0.16%,278,12.0倍,0.94倍,2.09%
20260703,1183,パソナＧ,2168,東P,,"1,497",+19,+1.29%,277,ー倍,0.44倍,5.01%
20260703,1184,リオン,6823,東P,,"3,745",+35,+0.94%,276,13.4倍,1.33倍,2.40%
20260703,1185,ポート,7047,東G,,"2,400",+52,+2.21%,276,9.51倍,2.98倍,0.54%
20260703,1186,フタバ,7241,東P,,991,+14,+1.43%,275,6.32倍,0.64倍,4.54%
20260703,1187,アクシアル,8255,東P,,"1,139",+19,+1.70%,275,12.5倍,1.05倍,2.55%
20260703,1188,ユーグレナ,2931,東P,,335,+3,+0.90%,275,ー倍,1.43倍,ー%
20260703,1189,ヘリオス,4593,東G,,250,-5,-1.96%,275,ー倍,4.47倍,ー%
20260703,1190,サン電子,6736,東S,,"9,390",-290,-3.00%,274,26.6倍,4.20倍,ー%
20260703,1191,メタウォータ,9551,東P,,"3,325",+40,+1.22%,274,14.5倍,1.62倍,2.41%
20260703,1192,三井松島ＨＤ,1518,東P,,"1,552",+2,+0.13%,274,8.11倍,1.03倍,4.77%
20260703,1193,スターマイカ,2975,東P,,"1,519",+2,+0.13%,274,9.56倍,1.71倍,3.36%
20260703,1194,あいＨＤ,3076,東P,,"2,685",+44,+1.67%,273,13.9倍,1.25倍,4.66%
20260703,1195,メドレー,4480,東P,,"2,020",-23,-1.13%,273,33.7倍,4.65倍,ー%
20260703,1196,トレファク,3093,東P,,"2,239",+37,+1.68%,272,15.5倍,4.12倍,1.97%
20260703,1197,やまびこ,6250,東P,,"3,935",+125,+3.28%,271,10.7倍,1.30倍,2.80%
20260703,1198,大崎電,6644,東P,,"1,513",+23,+1.54%,270,13.8倍,1.17倍,3.24%
20260703,1199,コーナン,7516,東P,,"4,025",+15,+0.37%,270,9.07倍,0.65倍,3.48%
20260703,1200,ＴＳＩＨＤ,3608,東P,,"1,178",+18,+1.55%,270,8.59倍,0.67倍,5.94%
20260703,1201,カーブスＨＤ,7085,東P,,919,+2,+0.22%,270,17.5倍,3.69倍,3.26%
20260703,1202,阪急阪神Ｒ,8977,東Ｒ,,"139,900","+1,600",+1.16%,269,ー倍,1.12倍,4.67%
20260703,1203,イズミ,8273,東P,,961,+2,+0.21%,269,11.6倍,0.69倍,3.12%
20260703,1204,ムービン,421A,東G,,"3,725",-115,-2.99%,269,18.0倍,7.57倍,ー%
20260703,1205,内海造,7018,東S,,"9,980",+30,+0.30%,268,16.9倍,1.25倍,0.40%
20260703,1206,ＪＢＣＣＨＤ,9889,東P,,"1,332",+47,+3.66%,268,13.4倍,3.25倍,3.75%
20260703,1207,サトー,6287,東P,,"2,333",-23,-0.98%,268,10.2倍,0.89倍,3.43%
20260703,1208,平和堂,8276,東P,,"2,528",+2,+0.08%,267,12.8倍,0.64倍,2.61%
20260703,1209,ＤｙＤｏ,2590,東P,,"2,692",+26,+0.98%,267,17.1倍,1.30倍,1.11%
20260703,1210,山岡家,3399,東S,,"3,365",+90,+2.75%,267,18.1倍,6.24倍,0.89%
20260703,1211,ＡＢＥＪＡ,5574,東G,,"2,276",+154,+7.26%,267,42.0倍,4.65倍,ー%
20260703,1212,極洋,1301,東P,,"4,395",-10,-0.23%,267,7.25倍,0.67倍,3.64%
20260703,1213,板硝子,5202,東P,,481,+1,+0.21%,266,22.8倍,0.45倍,ー%
20260703,1214,ストライクＧ,6196,東P,,"1,301",+22,+1.72%,265,14.9倍,3.76倍,5.00%
20260703,1215,ＴＫＣ,9746,東P,,"3,490",+45,+1.31%,265,14.3倍,1.61倍,3.15%
20260703,1216,ソシラ物流,2979,東Ｒ,,"115,200","+2,300",+2.04%,265,ー倍,1.06倍,4.65%
20260703,1217,いちご,2337,東P,,437,+3,+0.69%,265,9.51倍,1.48倍,3.55%
20260703,1218,正興電,6653,東P,,"2,413",+56,+2.38%,264,14.2倍,1.70倍,2.28%
20260703,1219,ＪＭＨＤ,3539,東P,,"1,235",+7,+0.57%,264,8.99倍,1.31倍,1.94%
20260703,1220,ＩＤＥＣ,6652,東P,,"3,380",+55,+1.65%,263,16.7倍,1.44倍,3.85%
20260703,1221,東建コーポ,1766,東P,,"12,740",-30,-0.23%,263,9.71倍,1.22倍,3.14%
20260703,1222,東鉄工,1835,東P,,"4,240",+15,+0.36%,263,11.2倍,1.10倍,3.58%
20260703,1223,アイダ,6118,東P,,"1,176",+10,+0.86%,262,14.9倍,0.74倍,3.32%
20260703,1224,地主,3252,東P,,"2,891",+28,+0.98%,261,7.48倍,1.21倍,4.50%
20260703,1225,マイクロアド,9553,東G,,609,+53,+9.53%,261,24.7倍,4.26倍,ー%
20260703,1226,ドトル日レス,3087,東P,,"2,740",+30,+1.11%,260,15.3倍,1.10倍,2.19%
20260703,1227,日本通信,9424,東P,,109,+1,+0.93%,260,ー倍,4.04倍,ー%
20260703,1228,ＡＤプラズマ,6668,東S,,"3,730",-50,-1.32%,260,31.5倍,2.28倍,0.64%
20260703,1229,リッジアイ,5572,東G,,"2,800",+279,+11.07%,260,32.7倍,3.42倍,ー%
20260703,1230,野村ダウＨ無,1546,東Ｅ,,"83,840",+750,+0.90%,259,ー倍,ー倍,ー%
20260703,1231,ライフネット,7157,東P,,"1,639",+26,+1.61%,259,16.1倍,1.38倍,ー%
20260703,1232,マイポックス,5381,東S,,"1,012",-10,-0.98%,259,20.1倍,1.58倍,0.99%
20260703,1233,綜研化学,4972,東S,,"3,545",+100,+2.90%,258,13.7倍,1.42倍,ー%
20260703,1234,Ｍ＆Ａキャピ,6080,東P,,"3,575",+60,+1.71%,258,15.7倍,2.50倍,1.91%
20260703,1235,ＨＰＣシス,6597,東G,,"4,285",+70,+1.66%,258,34.5倍,6.73倍,0.75%
20260703,1236,ワンキャリア,4377,東G,,"2,135",+57,+2.74%,258,18.5倍,7.11倍,1.59%
20260703,1237,セルシス,3663,東P,,"1,893",-22,-1.15%,257,25.6倍,12.2倍,2.11%
20260703,1238,イエロハット,9882,東P,,"1,780",+15,+0.85%,256,12.4倍,1.23倍,3.82%
20260703,1239,島精機,6222,東P,,883,+2,+0.23%,256,33.3倍,0.36倍,2.27%
20260703,1240,極東証券,8706,東P,,"1,604",+19,+1.20%,255,ー倍,0.96倍,ー%
20260703,1241,クオンツ総研,9552,東P,,902,+30,+3.44%,255,13.3倍,6.69倍,ー%
20260703,1242,ＧＭＯ－ＦＨ,7177,東S,,"1,029",+26,+2.59%,254,ー倍,2.17倍,5.32%
20260703,1243,ｉＦＲＥＩＴ,1488,東Ｅ,,"1,887",+20,+1.07%,253,ー倍,ー倍,ー%
20260703,1244,ＵＳＭＨ,3222,東S,,801,+3,+0.38%,253,"1,113倍",0.83倍,2.00%
20260703,1245,ＢＢタワー,3776,東S,,292,+12,+4.29%,252,180倍,2.04倍,0.68%
20260703,1246,ＮＩＴＴＯＫ,6145,東S,,"2,980",+96,+3.33%,252,15.2倍,1.25倍,2.75%
20260703,1247,ケイアイ不,3465,東P,,"3,715",+90,+2.48%,250,6.59倍,1.58倍,3.77%
20260703,1248,鉄建建設,1815,東P,,"4,460",+55,+1.25%,250,9.86倍,0.79倍,5.00%
20260703,1249,ＰＩ,4290,東P,,649,+7,+1.09%,249,13.7倍,1.67倍,4.31%
20260703,1250,オートバクス,9832,東P,,"1,466",+2,+0.14%,249,12.8倍,0.84倍,4.09%
20260703,1251,ユアテック,1934,東P,,"2,453",+24,+0.99%,248,12.8倍,1.08倍,3.18%
20260703,1252,横河ブＨＤ,5911,東P,,"2,843",+3,+0.11%,248,13.7倍,0.83倍,4.57%
20260703,1253,ＫｅｅＰｅｒ,6036,東P,,"2,796",-2,-0.07%,248,8.17倍,3.18倍,3.58%
20260703,1254,メディアＬ,6659,東S,,58,+1,+1.75%,248,ー倍,1.84倍,ー%
20260703,1255,ＯＢＡＲＡＧ,6877,東S,,"6,160",+160,+2.67%,247,11.7倍,1.19倍,2.44%
20260703,1256,イーグル工,6486,東P,,"2,902",+2,+0.07%,246,13.9倍,0.99倍,ー%
20260703,1257,三愛オブリ,8097,東P,,"2,108",+3,+0.14%,244,15.9倍,1.13倍,4.74%
20260703,1258,西川ゴム,5161,東S,,"3,095",+10,+0.32%,243,17.3倍,1.28倍,5.95%
20260703,1259,スズデン,7480,東S,,"2,522",+37,+1.49%,242,18.4倍,1.91倍,4.16%
20260703,1260,ゲオＨＤ,2681,東P,,"2,040",+25,+1.24%,241,13.5倍,0.83倍,1.67%
20260703,1261,荒川化,4968,東P,,"2,102",+32,+1.55%,240,18.5倍,0.67倍,2.62%
20260703,1262,飯野海,9119,東P,,"1,435",+32,+2.28%,240,12.6倍,0.96倍,3.21%
20260703,1263,応用地質,9755,東P,,"2,778",+22,+0.80%,240,16.2倍,0.81倍,3.96%
20260703,1264,木村工機,6231,東S,,"12,350",+650,+5.56%,239,12.6倍,3.10倍,1.62%
20260703,1265,ダイナマップ,336A,東G,,877,-27,-2.99%,237,ー倍,2.88倍,ー%
20260703,1266,ニシオＨＤ,9699,東P,,"4,005",+15,+0.38%,237,9.11倍,0.78倍,3.30%
20260703,1267,日伝,9902,東P,,"2,677",+55,+2.10%,237,14.4倍,0.86倍,3.74%
20260703,1268,ベルク,9974,東P,,"6,600",+60,+0.92%,237,10.5倍,1.14倍,2.00%
20260703,1269,ＩＧＳ,4265,東G,,382,-13,-3.29%,236,260倍,3.82倍,ー%
20260703,1270,佐賀銀,8395,東P,,"5,470",+80,+1.48%,236,9.94倍,0.73倍,2.01%
20260703,1271,ゼンムテック,338A,東G,,"2,309",+154,+7.15%,236,20.8倍,8.01倍,ー%
20260703,1272,ＤＧ,350A,東G,,776,-9,-1.15%,236,16.6倍,3.09倍,ー%
20260703,1273,テラスカイ,3915,東P,,"2,279",+77,+3.50%,236,19.3倍,2.34倍,0.75%
20260703,1274,ＴＯＫＡＩ,3167,東P,,"1,148",+14,+1.23%,235,13.5倍,1.45倍,3.31%
20260703,1275,エイベックス,7860,東P,,"1,206",-5,-0.41%,235,16.0倍,0.99倍,4.15%
20260703,1276,ククレブ,276A,東G,,"3,425",+145,+4.42%,235,24.8倍,3.83倍,0.79%
20260703,1277,沖縄電,9511,東P,,909,+6,+0.66%,234,ー倍,0.38倍,ー%
20260703,1278,ＧＭＯ－ＦＧ,4051,東P,,"6,900",-120,-1.71%,234,30.5倍,8.77倍,1.81%
20260703,1279,シークス,7613,東P,,"1,314",+20,+1.55%,234,10.3倍,0.58倍,3.81%
20260703,1280,中央自,8117,東S,,"2,066",+33,+1.62%,234,12.0倍,1.81倍,3.05%
20260703,1281,トラスコ中山,9830,東P,,"2,338",+53,+2.32%,233,10.6倍,0.82倍,2.50%
20260703,1282,くすりの窓口,5592,東G,,"2,350",+92,+4.07%,233,8.63倍,2.36倍,1.70%
20260703,1283,Ｏｎｅ２２５,1369,東Ｅ,,"70,600",+880,+1.26%,233,ー倍,ー倍,ー%
20260703,1284,栄研化,4549,東P,,"2,603",-21,-0.80%,233,41.5倍,1.95倍,2.23%
20260703,1285,ＯｎｅＪリト,2556,東Ｅ,,"1,888.5",+22.0,+1.18%,232,ー倍,ー倍,ー%
20260703,1286,ＴＯＲＥＸ,6616,東P,,"2,444",0,0.00%,232,18.5倍,1.38倍,2.29%
20260703,1287,アリアケ,2815,東P,,"5,130",+40,+0.79%,230,17.1倍,1.23倍,5.85%
20260703,1288,福岡リート,8968,東Ｒ,,"174,600","+2,900",+1.69%,230,ー倍,1.33倍,4.58%
20260703,1289,共英製鋼,5440,東P,,"1,781",+23,+1.31%,230,8.60倍,0.37倍,3.93%
20260703,1290,インソース,6200,東P,,610,-2,-0.33%,229,11.7倍,4.13倍,4.84%
20260703,1291,丸全運,9068,東P,,"7,460",+120,+1.63%,229,11.1倍,1.01倍,2.82%
20260703,1292,ＪＥＨ,5889,東P,,"2,403",+30,+1.26%,229,13.2倍,3.18倍,3.58%
20260703,1293,ＢＴＣＪＰＮ,8105,東S,,142,+4,+2.90%,229,ー倍,2.29倍,ー%
20260703,1294,東洋証券,8614,東P,,637,+11,+1.76%,229,ー倍,1.41倍,ー%
20260703,1295,Ａ＆Ｄホロン,7745,東P,,"2,920",+33,+1.14%,229,17.8倍,1.62倍,2.05%
20260703,1296,ＢＭＬ,4694,東P,,"3,630",-5,-0.14%,229,19.4倍,1.07倍,3.44%
20260703,1297,ＷＩＺＥ,3664,東G,,24,-1,-4.00%,228,ー倍,1.81倍,ー%
20260703,1298,ＣＳＨＤ,3810,東S,,188,+4,+2.17%,228,ー倍,2.64倍,ー%
20260703,1299,矢作建,1870,東P,,"1,830",-1,-0.05%,227,9.64倍,1.04倍,5.46%
20260703,1300,第一実,8059,東P,,"3,175",+75,+2.42%,226,10.7倍,1.12倍,3.94%
20260703,1301,ソラコム,147A,東G,,"1,171",+45,+4.00%,225,75.9倍,4.86倍,ー%
20260703,1302,宮越ＨＤ,6620,東P,,829,+38,+4.80%,225,100倍,1.35倍,ー%
20260703,1303,助川電気,7711,東S,,"5,030",+220,+4.57%,225,30.7倍,5.11倍,1.03%
20260703,1304,伯東,7433,東P,,"4,635",-15,-0.32%,224,15.3倍,1.28倍,4.75%
20260703,1305,ディアライフ,3245,東P,,"1,045",+9,+0.87%,224,7.74倍,1.62倍,6.12%
20260703,1306,アジアパイル,5288,東P,,"1,470",+13,+0.89%,223,7.27倍,1.07倍,4.76%
20260703,1307,ＺＡＣＲＯＳ,7917,東P,,"1,362",-3,-0.22%,223,15.0倍,1.03倍,2.64%
20260703,1308,山王,3441,東S,,"3,410",+70,+2.10%,222,11.3倍,1.76倍,0.73%
20260703,1309,ＣＲＥロジ,3487,東Ｒ,,"142,100","+2,100",+1.50%,221,ー倍,1.05倍,5.41%
20260703,1310,エネクス,8133,東P,,"2,022",+16,+0.80%,221,13.8倍,1.26倍,3.36%
20260703,1311,大黒天,2791,東P,,"4,320",-20,-0.46%,221,13.2倍,0.96倍,0.81%
20260703,1312,日リーテック,1938,東P,,"2,685",+30,+1.13%,221,10.8倍,0.96倍,3.61%
20260703,1313,メタルアート,5644,東S,,"7,640",0,0.00%,220,16.0倍,0.84倍,ー%
20260703,1314,エターナルＧ,3193,東P,,"2,837",+7,+0.25%,219,15.5倍,3.02倍,1.62%
20260703,1315,Ｒみらい,3476,東Ｒ,,"42,350",+400,+0.95%,219,ー倍,0.92倍,6.09%
20260703,1316,日本ライフＬ,7575,東P,,"1,329",+15,+1.14%,219,11.7倍,1.42倍,4.21%
20260703,1317,エレメンツ,5246,東G,,658,+19,+2.97%,218,ー倍,5.40倍,ー%
20260703,1318,ＦＣＣ,7296,東P,,"3,465",+15,+0.43%,217,11.2倍,0.82倍,4.62%
20260703,1319,鴻池運輸,9025,東P,,"2,779",+35,+1.28%,217,10.5倍,0.93倍,3.96%
20260703,1320,エニマインド,5027,東G,,526,+5,+0.96%,216,19.3倍,1.81倍,0.38%
20260703,1321,ＡＯＫＩＨＤ,8214,東P,,"1,659",+4,+0.24%,216,14.0倍,0.96倍,5.42%
20260703,1322,丸大食,2288,東P,,"2,259",-5,-0.22%,216,8.45倍,0.71倍,3.54%
20260703,1323,日本ＭＤＭ,7600,東P,,895,+27,+3.11%,214,393倍,0.93倍,1.90%
20260703,1324,三星ベ,5192,東P,,"3,940",-5,-0.13%,214,12.2倍,1.08倍,4.85%
20260703,1325,ＧＡテクノ,3491,東G,,"1,429",-7,-0.49%,214,10.7倍,1.78倍,0.91%
20260703,1326,日ヒュム,5262,東P,,"1,068",+24,+2.30%,213,16.0倍,1.04倍,2.43%
20260703,1327,ツバキナカ,6464,東P,,390,0,0.00%,213,29.8倍,0.39倍,ー%
20260703,1328,アスカネット,2438,東G,,356,-13,-3.52%,212,17.0倍,1.00倍,1.97%
20260703,1329,アイモバイル,6535,東P,,525,0,0.00%,211,9.27倍,1.69倍,5.14%
20260703,1330,図研,6947,東P,,"4,710",-5,-0.11%,211,17.4倍,2.40倍,3.18%
20260703,1331,ダイトロン,7609,東P,,"3,670",+30,+0.82%,211,14.7倍,2.13倍,2.59%
20260703,1332,Ｋ＆Ｏエナジ,1663,東P,,"1,891",+20,+1.07%,211,16.0倍,0.94倍,1.59%
20260703,1333,ジーテクト,5970,東P,,"2,084",+16,+0.77%,211,6.86倍,0.40倍,4.70%
20260703,1334,丸三,8613,東P,,"1,080",+7,+0.65%,211,ー倍,1.40倍,ー%
20260703,1335,ＧＸロボ日株,2638,東Ｅ,,"2,849",+79,+2.85%,211,ー倍,ー倍,ー%
20260703,1336,三菱総研,3636,東P,,"4,540",+25,+0.55%,211,10.8倍,0.90倍,3.63%
20260703,1337,リミックス,3825,東S,,188,+6,+3.30%,211,3.29倍,1.15倍,1.60%
20260703,1338,コムチュア,3844,東P,,"1,335",+13,+0.98%,211,13.2倍,2.11倍,3.90%
20260703,1339,ＤＩＴ,3916,東P,,870,+20,+2.35%,211,11.7倍,2.98倍,4.31%
20260703,1340,アイル,3854,東P,,"2,321",+65,+2.88%,210,14.3倍,4.63倍,2.84%
20260703,1341,東証グロース,2516,東Ｅ,,583.9,+15.9,+2.80%,210,ー倍,ー倍,ー%
20260703,1342,テリロジＨＤ,5133,東S,,310,+31,+11.11%,210,12.4倍,1.62倍,1.74%
20260703,1343,トーエネク,1946,東P,,"2,247",+18,+0.81%,210,11.7倍,1.37倍,3.38%
20260703,1344,ＣＡＩＣＡＤ,2315,東S,,61,+1,+1.67%,209,120倍,1.78倍,ー%
20260703,1345,乃村工芸社,9716,東P,,"1,092",+5,+0.46%,209,13.2倍,1.97倍,4.03%
20260703,1346,品川リフラ,5351,東P,,"1,961",+33,+1.71%,209,8.95倍,0.84倍,4.84%
20260703,1347,琉球銀,8399,東P,,"2,651",+18,+0.68%,209,10.9倍,0.75倍,3.70%
20260703,1348,渋谷工,6340,東P,,"4,550",+110,+2.48%,208,13.5倍,1.11倍,2.09%
20260703,1349,オカムラ食品,2938,東S,,"1,211",-9,-0.74%,208,23.6倍,3.20倍,0.66%
20260703,1350,インターアク,7725,東P,,"1,939",+45,+2.38%,205,36.8倍,1.83倍,2.27%
20260703,1351,ヒラノテク,6245,東S,,"1,805",-1,-0.06%,205,24.8倍,0.69倍,4.65%
20260703,1352,トヨカネツ,6369,東P,,"2,517",+31,+1.25%,204,14.5倍,0.97倍,4.17%
20260703,1353,ワールドＨＤ,2429,東P,,"2,502",+35,+1.42%,204,6.34倍,0.92倍,5.45%
20260703,1354,サカイ引越,9039,東P,,"2,914",-12,-0.41%,204,13.4倍,1.18倍,4.02%
20260703,1355,栗本鉄,5602,東P,,"1,425",+27,+1.93%,203,12.0倍,0.92倍,4.21%
20260703,1356,ビーエンジ,4828,東P,,"1,099",+11,+1.01%,202,14.3倍,4.08倍,3.82%
20260703,1357,アドソル日進,3837,東P,,"1,459",+77,+5.57%,202,15.3倍,3.65倍,3.29%
20260703,1358,ｉＳ高配当,1478,東Ｅ,,"5,093",+100,+2.00%,202,ー倍,ー倍,ー%
20260703,1359,クルーズ,2138,東S,,372,+11,+3.05%,202,74.1倍,0.41倍,ー%
20260703,1360,エアロエッジ,7409,東G,,"1,888",+121,+6.85%,201,66.8倍,10.2倍,ー%
20260703,1361,日比谷設,1982,東P,,"3,090",+20,+0.65%,200,14.6倍,1.60倍,3.56%
20260703,1362,アルコニクス,3036,東P,,"2,528",+38,+1.53%,200,11.5倍,0.96倍,3.56%
20260703,1363,鶴見製,6351,東P,,"2,430",+69,+2.92%,198,20.7倍,1.14倍,1.48%
20260703,1364,アネスト岩田,6381,東P,,"1,753",+38,+2.22%,198,17.4倍,1.36倍,5.31%
20260703,1365,チェンジＨＤ,3962,東P,,914,-3,-0.33%,197,9.08倍,1.36倍,2.84%
20260703,1366,中部鋼鈑,5461,東P,,"2,040",+27,+1.34%,197,60.7倍,0.73倍,5.54%
20260703,1367,ホクト,1379,東P,,"1,887",+18,+0.96%,197,11.3倍,0.91倍,3.29%
20260703,1368,ｉＦＴＰベ,1457,東Ｅ,,"1,782",-23,-1.27%,197,ー倍,ー倍,ー%
20260703,1369,サイバーセキ,4493,東G,,"1,803",-29,-1.58%,197,21.0倍,3.93倍,0.33%
20260703,1370,ＴＶＥ,6466,東S,,"5,000",+415,+9.05%,196,22.6倍,0.90倍,0.80%
20260703,1371,新明和,7224,東P,,"2,049",+36,+1.79%,195,12.9倍,1.09倍,2.83%
20260703,1372,ＪＤＳＣ,4418,東G,,762,+41,+5.69%,194,23.2倍,1.96倍,ー%
20260703,1373,農中Ｊリコア,2527,東Ｅ,,"1,136",+17,+1.52%,194,ー倍,ー倍,ー%
20260703,1374,シンデンハイ,3131,東S,,"4,025",+165,+4.27%,193,8.93倍,1.02倍,3.35%
20260703,1375,ワキタ,8125,東P,,"1,768",+16,+0.91%,193,24.4倍,0.87倍,5.66%
20260703,1376,フージャース,3284,東P,,"1,194",+4,+0.34%,193,6.78倍,0.92倍,6.28%
20260703,1377,ＡＫＩＢＡ,6840,東S,,766,+14,+1.86%,193,ー倍,1.59倍,ー%
20260703,1378,ウェーブＨＤ,7940,東S,,"1,058",+1,+0.09%,192,ー倍,0.54倍,ー%
20260703,1379,東和銀,8558,東P,,"1,536",+33,+2.20%,192,9.90倍,0.61倍,3.26%
20260703,1380,大倉工,4221,東P,,"4,875",+120,+2.52%,192,12.8倍,0.87倍,4.51%
20260703,1381,ソフトウェア,3733,東S,,"11,720",+510,+4.55%,192,9.68倍,1.43倍,1.45%
20260703,1382,Ｔ＆Ｓ・Ｇ,4055,東G,,"1,714",+10,+0.59%,191,23.8倍,4.07倍,0.64%
20260703,1383,コジマ,7513,東P,,"1,271",+5,+0.39%,191,18.6倍,1.38倍,1.89%
20260703,1384,亀田製菓,2220,東P,,"1,223",+10,+0.82%,191,18.0倍,0.75倍,1.96%
20260703,1385,エイチワン,5989,東P,,"1,534",+34,+2.27%,191,3.93倍,0.54倍,4.56%
20260703,1386,甜菜糖,2108,東P,,"4,975",+85,+1.74%,191,48.8倍,0.76倍,5.23%
20260703,1387,犬猫生活,556A,東G,,"2,325",-106,-4.36%,190,13.6倍,3.57倍,ー%
20260703,1388,トーモク,3946,東P,,"4,005",+30,+0.75%,190,8.16倍,0.65倍,4.24%
20260703,1389,ＤＮＣ,4246,東P,,"1,005",+3,+0.30%,190,7.11倍,0.74倍,5.67%
20260703,1390,シーイーシー,9692,東P,,"2,151",+8,+0.37%,190,11.9倍,1.56倍,3.95%
20260703,1391,エネチェンジ,4169,東G,,210,+2,+0.96%,189,16.4倍,1.90倍,ー%
20260703,1392,コメリ,8218,東P,,"3,475",+25,+0.72%,188,10.9倍,0.63倍,1.67%
20260703,1393,プリマ,2281,東P,,"2,386",-3,-0.13%,188,16.0倍,0.98倍,3.35%
20260703,1394,サンケイＲＥ,2972,東Ｒ,,"115,000","+1,100",+0.97%,187,ー倍,1.18倍,6.19%
20260703,1395,カナディアン,9284,東IF,,"80,900",+600,+0.75%,187,ー倍,0.79倍,7.37%
20260703,1396,弁護士ＣＯＭ,6027,東P,,"2,390",-61,-2.49%,187,27.2倍,7.65倍,ー%
20260703,1397,楽待,6037,東S,,"1,188",+54,+4.76%,187,17.3倍,4.18倍,1.09%
20260703,1398,北興化,4992,東S,,"2,129",+24,+1.14%,186,12.3倍,0.98倍,2.54%
20260703,1399,ｉＳＪリート,1476,東Ｅ,,"1,891",+26,+1.39%,186,ー倍,ー倍,ー%
20260703,1400,世紀東急,1898,東P,,"1,452",+3,+0.21%,186,11.3倍,1.20倍,5.17%
20260703,1401,ｉＳ日本国債,2561,東Ｅ,,"2,003",-2,-0.10%,185,ー倍,ー倍,ー%
20260703,1402,サンマルク,3395,東P,,"2,535",+24,+0.96%,185,18.7倍,1.73倍,2.13%
20260703,1403,カワチ薬品,2664,東P,,"3,390",+50,+1.50%,185,25.2倍,0.65倍,2.95%
20260703,1404,立花エレ,8159,東P,,"3,380",+150,+4.64%,185,12.4倍,0.71倍,3.55%
20260703,1405,タカラスタ,7981,東P,,"3,095",+20,+0.65%,184,12.7倍,1.00倍,4.01%
20260703,1406,あらた,2733,東P,,"2,511",+3,+0.12%,184,12.0倍,0.68倍,4.46%
20260703,1407,アツギ,3529,東S,,"1,109",+53,+5.02%,183,ー倍,0.55倍,ー%
20260703,1408,レナ,4889,東G,,"1,529",+48,+3.24%,183,ー倍,6.36倍,ー%
20260703,1409,トーホー,8142,東P,,"1,363",+19,+1.41%,183,9.06倍,1.24倍,4.48%
20260703,1410,フジ,8278,東P,,"1,988",+7,+0.35%,183,24.6倍,0.76倍,1.51%
20260703,1411,タチエス,7239,東P,,"2,151",+12,+0.56%,182,8.58倍,0.70倍,5.35%
20260703,1412,新コスモス,6824,東S,,"5,790",+340,+6.24%,182,17.7倍,1.32倍,1.64%
20260703,1413,リアルゲイト,5532,東G,,"3,625",+110,+3.13%,181,32.5倍,5.92倍,ー%
20260703,1414,スターゼン,8043,東P,,"1,232",+8,+0.65%,181,8.28倍,0.74倍,4.06%
20260703,1415,わらべ日洋,2918,東P,,"2,665",+51,+1.95%,181,9.61倍,0.78倍,4.50%
20260703,1416,理ビタ,4526,東P,,"3,095",0,0.00%,181,12.0倍,1.08倍,3.55%
20260703,1417,明和産,8103,東P,,906,+12,+1.34%,180,9.43倍,0.84倍,5.19%
20260703,1418,ミラースＨＤ,8897,東P,,404,-2,-0.49%,180,6.75倍,0.64倍,5.69%
20260703,1419,コロプラ,3668,東P,,394,+2,+0.51%,180,ー倍,0.76倍,ー%
20260703,1420,ＡＤＷＧ,2982,東P,,407,+8,+2.01%,180,6.49倍,0.93倍,4.91%
20260703,1421,ＢＡＳＥ,4477,東G,,284,+1,+0.35%,179,21.9倍,2.24倍,1.76%
20260703,1422,紙パル商,8032,東P,,"1,108",+24,+2.21%,179,15.2倍,0.95倍,3.25%
20260703,1423,日本国土開発,1887,東P,,523,+4,+0.77%,179,10.4倍,0.60倍,4.40%
20260703,1424,鈴木,6785,東P,,"3,305",+55,+1.69%,179,12.7倍,1.52倍,3.18%
20260703,1425,ベルーナ,9997,東P,,961,+6,+0.63%,179,7.71倍,0.61倍,4.06%
20260703,1426,オークネット,3964,東P,,"1,355",-8,-0.59%,178,16.4倍,4.58倍,3.10%
20260703,1427,リケンテクノ,4220,東P,,"1,756",+38,+2.21%,178,12.3倍,1.24倍,3.08%
20260703,1428,杏林製薬,4569,東P,,"1,178",+12,+1.03%,178,45.1倍,0.48倍,2.12%
20260703,1429,カーバイド,4064,東P,,"3,580",+25,+0.70%,177,10.8倍,0.87倍,3.74%
20260703,1430,加藤産,9869,東P,,"6,000",0,0.00%,176,12.7倍,1.03倍,2.67%
20260703,1431,エン,4849,東P,,"1,152",+5,+0.44%,176,7.96倍,1.39倍,5.93%
20260703,1432,ＶＴＨＤ,7593,東P,,460,0,0.00%,176,7.64倍,0.76倍,5.22%
20260703,1433,大王紙,3880,東P,,935,+9,+0.97%,176,12.0倍,0.64倍,1.50%
20260703,1434,三洋化,4471,東P,,"4,920",+30,+0.61%,175,12.1倍,0.68倍,3.56%
20260703,1435,ブロンコＢ,3091,東P,,"2,206",+16,+0.73%,175,32.9倍,2.97倍,0.63%
20260703,1436,リベラウェア,218A,東G,,"1,030",+42,+4.25%,174,ー倍,29.7倍,ー%
20260703,1437,東海道リート,2989,東Ｒ,,"103,700",+900,+0.88%,173,ー倍,1.21倍,6.23%
20260703,1438,ペルセウス,4882,東G,,154,-2,-1.28%,172,ー倍,2.30倍,ー%
20260703,1439,デジプラ,3691,東G,,"1,645",+89,+5.72%,172,ー倍,8.93倍,ー%
20260703,1440,不動テトラ,1813,東P,,"2,812",+40,+1.44%,171,13.3倍,1.12倍,4.09%
20260703,1441,新日本建,1879,東P,,"2,119",+7,+0.33%,170,7.08倍,0.92倍,3.63%
20260703,1442,ドウシシャ,7483,東P,,"2,874",+15,+0.52%,170,12.1倍,1.09倍,3.83%
20260703,1443,ニッケ,3201,東P,,"1,789",+41,+2.35%,169,12.3倍,0.85倍,2.79%
20260703,1444,ＤＭ三井製糖,2109,東P,,"3,295",+25,+0.76%,169,13.3倍,0.92倍,4.25%
20260703,1445,ＤＭＰ,3652,東G,,"2,407",-41,-1.67%,168,252倍,2.32倍,ー%
20260703,1446,東陽テク,8151,東P,,"1,934",+17,+0.89%,167,16.1倍,1.41倍,3.62%
20260703,1447,オイレス,6282,東P,,"2,844",+40,+1.43%,167,16.3倍,1.03倍,3.34%
20260703,1448,西部ガスＨＤ,9536,東P,,"2,257",+32,+1.44%,166,10.2倍,0.70倍,3.10%
20260703,1449,ゲンキＧＤＣ,9828,東S,,"3,145",-10,-0.32%,166,16.8倍,2.86倍,2.23%
20260703,1450,井関農,6310,東P,,"1,794",+26,+1.47%,165,13.5倍,0.54倍,2.51%
20260703,1451,新晃工,6458,東P,,"1,262",+5,+0.40%,165,11.8倍,1.34倍,3.96%
20260703,1452,リバーエレク,6666,東S,,926,+12,+1.31%,165,"3,858倍",1.66倍,1.08%
20260703,1453,エンビプロ,5698,東S,,807,+7,+0.88%,165,12.8倍,1.28倍,2.73%
20260703,1454,ギフトＨＤ,9279,東P,,"4,285",+25,+0.59%,164,29.8倍,7.12倍,0.61%
20260703,1455,特種東海,3708,東P,,"1,958",+61,+3.22%,164,14.8倍,0.82倍,4.80%
20260703,1456,住石ＨＤ,1514,東S,,546,+2,+0.37%,164,20.4倍,1.12倍,2.75%
20260703,1457,持田薬,4534,東P,,"3,150",-15,-0.47%,164,11.1倍,0.79倍,2.70%
20260703,1458,木村化,6378,東S,,"1,223",+21,+1.75%,163,12.7倍,1.14倍,3.35%
20260703,1459,上場米債ヘ無,1486,東Ｅ,,"25,680",+680,+2.72%,163,ー倍,ー倍,ー%
20260703,1460,木曽路,8160,東P,,"2,370",+22,+0.94%,163,31.8倍,2.11倍,1.27%
20260703,1461,コスモスイニ,8844,東S,,"1,417",+16,+1.14%,163,6.67倍,0.84倍,3.74%
20260703,1462,あみやき,2753,東P,,"1,316",-35,-2.59%,162,18.7倍,1.20倍,2.58%
20260703,1463,ジェリビンズ,3070,東G,,78,-2,-2.50%,162,39.6倍,1.28倍,ー%
20260703,1464,ハマキョウ,9037,東P,,"1,829",+28,+1.55%,161,12.5倍,1.38倍,2.52%
20260703,1465,日本管財ＨＤ,9347,東P,,"2,668",+13,+0.49%,161,13.3倍,1.30倍,2.25%
20260703,1466,タウンズ,197A,東S,,465,0,0.00%,160,8.71倍,3.04倍,6.02%
20260703,1467,ｉＦＦＮＧ金,521A,東Ｅ,,"1,847",+63,+3.53%,160,ー倍,ー倍,ー%
20260703,1468,ゼンリン,9474,東P,,882,-3,-0.34%,159,18.8倍,0.96倍,4.76%
20260703,1469,ソラスト,6197,東P,,"1,110",+1,+0.09%,159,ー倍,4.28倍,ー%
20260703,1470,大末建,1814,東P,,"3,370",+60,+1.81%,159,8.99倍,1.38倍,5.52%
20260703,1471,トーシンＨＤ,9444,東S,,259,+39,+17.73%,158,ー倍,0.60倍,ー%
20260703,1472,藤井産業,9906,東S,,"4,030",-255,-5.95%,158,8.97倍,0.82倍,3.97%
20260703,1473,４℃ホールデ,8008,東P,,"1,958",-21,-1.06%,158,18.3倍,1.02倍,4.34%
20260703,1474,エスリード,8877,東P,,"5,000",+85,+1.73%,158,6.71倍,0.95倍,4.80%
20260703,1475,プリモＧＨＤ,367A,東S,,"3,090",+146,+4.96%,158,12.5倍,1.35倍,3.88%
20260703,1476,ヤマシン―Ｆ,6240,東P,,511,+6,+1.19%,158,17.5倍,1.54倍,3.91%
20260703,1477,四電工,1939,東P,,"2,006",-7,-0.35%,157,14.4倍,1.34倍,4.19%
20260703,1478,ｉＳ米国株Ｈ,2563,東Ｅ,,398.9,+1.6,+0.40%,157,ー倍,ー倍,ー%
20260703,1479,日産東ＨＤ,8291,東S,,549,-4,-0.72%,157,9.33倍,0.56倍,4.92%
20260703,1480,野村銀行１７,1631,東Ｅ,,"39,340",+600,+1.55%,156,ー倍,ー倍,ー%
20260703,1481,荏原実業,6328,東P,,"2,465",+50,+2.07%,156,12.9倍,1.93倍,3.04%
20260703,1482,オリエン白石,1786,東P,,344,0,0.00%,156,16.1倍,0.83倍,4.22%
20260703,1483,ｉＦＥ科創板,2628,東Ｅ,,"4,620",+75,+1.65%,155,ー倍,ー倍,ー%
20260703,1484,ＧＸ純金,425A,東Ｅ,,360.1,+6.9,+1.95%,155,ー倍,ー倍,ー%
20260703,1485,ネットスタズ,5590,東G,,743,+18,+2.48%,154,25.6倍,1.61倍,ー%
20260703,1486,リケンＮＰＲ,6209,東P,,"3,965",+5,+0.13%,154,11.9倍,0.67倍,5.30%
20260703,1487,北里,368A,東P,,"1,375",+13,+0.95%,154,13.6倍,2.68倍,2.98%
20260703,1488,平河ヒューテ,5821,東P,,"3,605",-5,-0.14%,154,16.5倍,1.32倍,1.47%
20260703,1489,新東工,6339,東P,,"1,212",+13,+1.08%,153,11.4倍,0.57倍,3.96%
20260703,1490,ＴＯＡ,6809,東P,,"1,600",+34,+2.17%,152,16.3倍,0.95倍,5.31%
20260703,1491,北日銀,8551,東P,,"5,680",+100,+1.79%,152,10.3倍,0.49倍,3.38%
20260703,1492,新日本科学,2395,東P,,"1,170",-5,-0.43%,152,13.9倍,1.13倍,4.27%
20260703,1493,宮地エンジ,3431,東P,,"1,531",-2,-0.13%,152,20.3倍,0.95倍,4.90%
20260703,1494,小森,6349,東P,,"1,519",+24,+1.61%,151,11.2倍,0.66倍,4.94%
20260703,1495,アンビスＨＤ,7071,東P,,359,+7,+1.99%,151,16.8倍,0.93倍,1.11%
20260703,1496,フルキャスト,4848,東P,,"1,540",+9,+0.59%,151,9.87倍,1.74倍,4.16%
20260703,1497,長谷川香料,4958,東P,,"3,250",+45,+1.40%,151,18.0倍,1.00倍,3.08%
20260703,1498,キユソ流通,9369,東S,,"3,210",+70,+2.23%,150,38.0倍,1.71倍,0.75%
20260703,1499,ユニソルＨＤ,7128,東P,,"2,186",+25,+1.16%,150,25.0倍,0.73倍,4.62%
20260703,1500,八洲電機,3153,東P,,"2,821",+64,+2.32%,150,10.9倍,1.65倍,1.99%
20260703,1501,サーラ,2734,東P,,"1,093",+16,+1.49%,149,13.3倍,0.73倍,3.02%
20260703,1502,巴工業,6309,東P,,"1,828",+16,+0.88%,149,12.2倍,1.23倍,4.16%
20260703,1503,エスケーエレ,6677,東S,,"3,595",+45,+1.27%,149,11.7倍,1.05倍,4.23%
20260703,1504,ビーロット,3452,東S,,"1,464",+19,+1.31%,149,5.52倍,1.30倍,5.46%
20260703,1505,ｉＳ米２０Ｈ,2621,東Ｅ,,"1,048",0,0.00%,149,ー倍,ー倍,ー%
20260703,1506,Ｄｅｆコン,4833,東G,,42,-3,-6.67%,148,2.28倍,1.27倍,ー%
20260703,1507,積化成,4228,東P,,547,+16,+3.01%,148,9.98倍,0.50倍,3.11%
20260703,1508,高砂香,4914,東P,,"1,146",+8,+0.70%,147,11.9倍,0.73倍,4.54%
20260703,1509,カメイ,8037,東P,,"3,545",+30,+0.85%,147,9.86倍,0.63倍,3.67%
20260703,1510,ＲＹＯＤＥＮ,8084,東P,,"4,010",+35,+0.88%,147,18.3倍,0.91倍,3.74%
20260703,1511,ハイレックス,7279,東S,,"2,111",+61,+2.98%,147,2.12倍,0.37倍,3.79%
20260703,1512,双葉電,6986,東P,,582,+22,+3.93%,146,ー倍,0.29倍,ー%
20260703,1513,グロブライド,7990,東P,,"2,361",+33,+1.42%,146,9.10倍,0.77倍,4.24%
20260703,1514,セーフィー,4375,東G,,672,+10,+1.51%,146,ー倍,4.07倍,ー%
20260703,1515,ｇｕｍｉ,3903,東P,,241,+2,+0.84%,146,ー倍,0.63倍,ー%
20260703,1516,静ガス,9543,東P,,"1,219",+1,+0.08%,146,10.1倍,0.67倍,3.61%
20260703,1517,ホソミクロン,6277,東P,,"4,980",+85,+1.74%,145,14.0倍,1.03倍,2.81%
20260703,1518,アサカ理研,5724,東S,,"2,681",+146,+5.76%,145,17.2倍,2.49倍,0.45%
20260703,1519,菱製鋼,5632,東P,,"2,208",+62,+2.89%,144,10.8倍,0.69倍,4.71%
20260703,1520,プレス工,7246,東P,,804,+6,+0.75%,144,11.2倍,0.65倍,5.47%
20260703,1521,ヤマタネ,9305,東P,,"2,070",+29,+1.42%,144,9.94倍,0.69倍,4.11%
20260703,1522,チノー,6850,東P,,"1,663",+16,+0.97%,143,12.8倍,1.18倍,3.61%
20260703,1523,ｉＦＪリコア,2528,東Ｅ,,"1,115",+21,+1.92%,143,ー倍,ー倍,ー%
20260703,1524,ＪＰＨＤ,2749,東P,,607,+8,+1.34%,143,12.0倍,2.27倍,2.22%
20260703,1525,オロ,3983,東P,,"2,106",+18,+0.86%,143,15.1倍,3.20倍,2.37%
20260703,1526,東計電算,4746,東S,,"4,485",-5,-0.11%,143,14.7倍,1.58倍,3.86%
20260703,1527,インテグラル,5842,東G,,"2,874",+36,+1.27%,143,ー倍,1.43倍,1.29%
20260703,1528,地銀業界改革,395A,東Ｅ,,"1,020.0",+39.9,+4.07%,142,ー倍,ー倍,ー%
20260703,1529,菱鉛筆,7976,東P,,"2,690",+28,+1.05%,142,17.4倍,0.96倍,2.04%
20260703,1530,セグエＧ,3968,東P,,584,+8,+1.39%,142,15.1倍,2.99倍,3.08%
20260703,1531,北越コーポ,3865,東P,,866,+6,+0.70%,142,27.5倍,0.55倍,3.00%
20260703,1532,アバントＧ,3836,東P,,"1,171",+1,+0.09%,141,11.5倍,2.81倍,2.73%
20260703,1533,ＬＩＮＫ＆Ｍ,2170,東P,,565,+2,+0.36%,141,17.4倍,4.81倍,2.90%
20260703,1534,ＭＳＯＬ,7033,東P,,"1,361",+28,+2.10%,141,10.5倍,3.56倍,3.67%
20260703,1535,エヌエフＨＤ,6864,東S,,"1,730",+14,+0.82%,141,17.4倍,0.93倍,2.08%
20260703,1536,菱友システム,4685,東S,,"2,858",+102,+3.70%,141,10.1倍,1.64倍,3.50%
20260703,1537,イオンファン,4343,東P,,"2,559",-21,-0.81%,140,16.9倍,6.48倍,0.78%
20260703,1538,寺崎電気,6637,東S,,"3,665",+190,+5.47%,140,12.0倍,0.81倍,1.53%
20260703,1539,やまみ,2820,東S,,"5,060",+20,+0.40%,139,21.8倍,3.11倍,1.62%
20260703,1540,昭和産,2004,東P,,"3,375",-30,-0.88%,139,11.5倍,0.73倍,4.15%
20260703,1541,オリオン,409A,東P,,"1,223",+10,+0.82%,139,17.5倍,2.78倍,2.78%
20260703,1542,アイビー,4918,東S,,353,+2,+0.57%,138,10.1倍,1.35倍,4.25%
20260703,1543,ノーリツ,5943,東P,,"2,310",+12,+0.52%,138,12.3倍,0.74倍,4.07%
20260703,1544,ＳＢＩＧＡＭ,4765,東P,,564,+6,+1.08%,138,ー倍,2.39倍,ー%
20260703,1545,あすか薬ＨＤ,4886,東P,,"2,391",+39,+1.66%,138,14.1倍,0.96倍,2.72%
20260703,1546,デジハＨＤ,3676,東P,,749,-8,-1.06%,137,9.03倍,1.73倍,3.34%
20260703,1547,ガリレイ,6420,東P,,"3,350",+15,+0.45%,137,10.9倍,1.19倍,2.66%
20260703,1548,ＫＰＰＧＨＤ,9274,東P,,"1,032",+11,+1.08%,137,12.9倍,0.72倍,3.88%
20260703,1549,高松グループ,1762,東P,,"3,650",+50,+1.39%,137,10.2倍,0.87倍,3.95%
20260703,1550,エスコン,8892,東P,,"1,094",+9,+0.83%,137,7.49倍,1.21倍,4.84%
20260703,1551,グロームＨＤ,8938,東G,,349,+9,+2.65%,137,19.5倍,0.51倍,0.86%
20260703,1552,Ｊオイル,2613,東P,,"2,066",+1,+0.05%,136,13.7倍,0.62倍,3.87%
20260703,1553,ｉＦＳＰＷブ,2237,東Ｅ,,"2,373",+11,+0.47%,135,ー倍,ー倍,ー%
20260703,1554,ミタチ産業,3321,東S,,"1,824",+37,+2.07%,135,7.27倍,0.84倍,4.39%
20260703,1555,ＡｎｄＤｏ,3457,東P,,948,+7,+0.74%,135,6.83倍,0.99倍,4.85%
20260703,1556,ＴＫＰ,3479,東G,,"1,712",+7,+0.41%,135,16.0倍,1.28倍,ー%
20260703,1557,大日精,4116,東P,,"1,077",+13,+1.22%,135,11.1倍,0.53倍,5.11%
20260703,1558,アイザワ証Ｇ,8708,東P,,"1,554",+18,+1.17%,134,ー倍,1.02倍,ー%
20260703,1559,日車両,7102,東P,,"3,265",+90,+2.83%,134,6.28倍,0.57倍,1.53%
20260703,1560,丸文,7537,東P,,"1,683",+20,+1.20%,134,11.0倍,0.78倍,4.58%
20260703,1561,放電精密,6469,東S,,"2,581",+92,+3.70%,134,39.0倍,3.18倍,0.77%
20260703,1562,電気興,6706,東P,,"3,035",-10,-0.33%,134,11.5倍,0.72倍,3.46%
20260703,1563,あさくま,7678,東S,,"6,480",-50,-0.77%,134,83.2倍,9.86倍,ー%
20260703,1564,北ガス,9534,東P,,755,+13,+1.75%,133,7.10倍,0.68倍,3.58%
20260703,1565,福井コン,9790,東P,,"3,115",+15,+0.48%,133,14.2倍,2.14倍,2.47%
20260703,1566,カウリス,153A,東G,,"1,277",+34,+2.74%,133,28.5倍,5.16倍,0.43%
20260703,1567,霞ヶ関ホテル,401A,東Ｒ,,"99,200",-200,-0.20%,133,ー倍,1.00倍,5.91%
20260703,1568,ソリトン,3040,東P,,"1,986",+65,+3.38%,133,15.7倍,2.75倍,3.02%
20260703,1569,ＭＥＲＦ,3168,東S,,"1,300",+85,+7.00%,133,9.93倍,1.63倍,2.31%
20260703,1570,ホットランド,3196,東P,,"1,562",+6,+0.39%,133,50.6倍,3.53倍,0.83%
20260703,1571,内外テック,3374,東S,,"3,435",+90,+2.69%,133,12.0倍,0.94倍,3.20%
20260703,1572,日農薬,4997,東P,,"1,033",+9,+0.88%,133,10.9倍,0.95倍,3.68%
20260703,1573,ＳＥＣカーボ,5304,東S,,"2,566",+85,+3.43%,133,17.1倍,0.66倍,3.90%
20260703,1574,東京綱,5981,東P,,"1,953",+52,+2.74%,133,10.0倍,0.73倍,3.58%
20260703,1575,ＭＸＪリコア,2517,東Ｅ,,"1,120.0",+17.5,+1.59%,132,ー倍,ー倍,ー%
20260703,1576,都築電,8157,東P,,"3,955",+40,+1.02%,131,12.5倍,1.49倍,4.80%
20260703,1577,野村原油,1699,東Ｅ,,539.5,+4.6,+0.86%,131,ー倍,ー倍,ー%
20260703,1578,グリーンエナ,1436,東G,,"1,560",+136,+9.55%,130,24.1倍,3.40倍,0.38%
20260703,1579,ピーエス,1871,東P,,"2,249",+3,+0.13%,130,13.5倍,1.61倍,4.49%
20260703,1580,ザ・パック,3950,東P,,"1,358",0,0.00%,130,14.2倍,0.98倍,3.09%
20260703,1581,トレイダーズ,8704,東S,,"1,269",+44,+3.59%,130,6.97倍,1.70倍,3.55%
20260703,1582,アイチコーポ,6345,東P,,"1,378",+4,+0.29%,130,13.3倍,1.18倍,4.72%
20260703,1583,かわでん,6648,東S,,"1,916",+76,+4.13%,130,10.4倍,1.51倍,3.44%
20260703,1584,フィードワン,2060,東P,,"1,258",+20,+1.62%,129,7.41倍,0.78倍,4.13%
20260703,1585,三信電,8150,東P,,"2,809",+28,+1.01%,129,9.55倍,0.75倍,4.98%
20260703,1586,ＴＰＲ,6463,東P,,"1,417",-8,-0.56%,128,11.2倍,0.52倍,3.95%
20260703,1587,ＮＪＳ,2325,東P,,"4,555",-45,-0.98%,128,17.7倍,1.44倍,2.41%
20260703,1588,河西工,7256,東S,,444,+17,+3.98%,128,4.80倍,1.67倍,ー%
20260703,1589,ＧＭＳ,544A,東P,,357,-4,-1.11%,128,ー倍,ー倍,ー%
20260703,1590,ゼリア新薬,4559,東P,,"2,048",+7,+0.34%,128,9.03倍,0.83倍,2.44%
20260703,1591,テイカ,4027,東P,,"2,362",-2,-0.08%,127,29.7倍,0.88倍,3.39%
20260703,1592,アクリート,4395,東G,,770,-3,-0.39%,127,13.8倍,1.65倍,1.30%
20260703,1593,大日塗,4611,東P,,"1,374",+29,+2.16%,127,11.5倍,0.59倍,4.22%
20260703,1594,フジオフード,2752,東P,,"1,079",+2,+0.19%,127,504倍,6.32倍,0.28%
20260703,1595,ｉＦ日経ベ,1456,東Ｅ,,"1,207",-20,-1.63%,127,ー倍,ー倍,ー%
20260703,1596,ＬＩＦＵＬＬ,2120,東P,,200,+4,+2.04%,127,13.5倍,0.94倍,2.61%
20260703,1597,フイルコン,5942,東S,,658,+10,+1.54%,127,15.9倍,0.55倍,4.26%
20260703,1598,ワシントンＨ,4691,東S,,"2,668",+70,+2.69%,126,13.9倍,2.63倍,1.69%
20260703,1599,ネクストーン,7094,東G,,"1,409",+17,+1.22%,126,13.8倍,2.47倍,1.56%
20260703,1600,ラクトＪ,3139,東P,,"3,355",+50,+1.51%,126,9.74倍,1.04倍,3.93%
20260703,1601,中山鋼,5408,東P,,621,+4,+0.65%,125,9.62倍,0.31倍,3.22%
20260703,1602,テセック,6337,東S,,"2,502",-56,-2.19%,125,23.7倍,0.90倍,4.00%
20260703,1603,デンヨー,6517,東P,,"3,690",+50,+1.37%,124,12.6倍,0.91倍,3.25%
20260703,1604,クレスコ,4674,東P,,"1,502",+31,+2.11%,124,10.9倍,1.80倍,4.66%
20260703,1605,ミズホメディ,4595,東S,,"1,674",+20,+1.21%,123,9.90倍,1.74倍,5.97%
20260703,1606,ダイコク電,6430,東P,,"2,298",+18,+0.79%,123,10.8倍,0.67倍,4.35%
20260703,1607,Ｔホライゾン,6629,東S,,"1,035",+27,+2.68%,123,8.21倍,1.14倍,3.19%
20260703,1608,オハラ,5218,東S,,"1,555",+1,+0.06%,123,26.4倍,0.70倍,1.61%
20260703,1609,トリプラ,5136,東G,,"1,961",+54,+2.83%,123,19.4倍,5.70倍,ー%
20260703,1610,サイバトラス,4498,東G,,"1,203",+25,+2.12%,123,15.9倍,2.65倍,1.16%
20260703,1611,ｍｅｉｔｏ,2207,東P,,"3,195",-30,-0.93%,123,24.8倍,0.84倍,2.50%
20260703,1612,ＡＺ丸和ＨＤ,9090,東P,,811,+10,+1.25%,122,13.2倍,1.75倍,3.95%
20260703,1613,イーレックス,9517,東P,,763,+6,+0.79%,122,ー倍,0.85倍,2.88%
20260703,1614,チヨダ,8185,東P,,987,+3,+0.30%,122,30.5倍,0.67倍,5.47%
20260703,1615,イー・ギャラ,8771,東P,,"1,775",+11,+0.62%,122,20.8倍,3.90倍,4.73%
20260703,1616,ＲＳＣ,4664,東S,,"1,008",-11,-1.08%,122,44.6倍,1.26倍,2.38%
20260703,1617,ミライアル,4238,東S,,"1,834",+37,+2.06%,121,ー倍,0.71倍,ー%
20260703,1618,トピー,7231,東P,,"2,794",+27,+0.98%,121,10.1倍,0.42倍,4.83%
20260703,1619,トーセイＲ,3451,東Ｒ,,"134,600","+1,800",+1.36%,121,ー倍,1.19倍,5.68%
20260703,1620,鎌倉新書,6184,東P,,504,+8,+1.61%,120,18.9倍,3.80倍,3.97%
20260703,1621,マクビープラ,7095,東P,,"1,105",0,0.00%,120,7.25倍,1.09倍,4.98%
20260703,1622,フロンテオ,2158,東G,,630,+11,+1.78%,119,164倍,6.75倍,ー%
20260703,1623,フリュー,6238,東P,,"1,369",-15,-1.08%,119,14.5倍,1.53倍,2.92%
20260703,1624,ＪＵＫＩ,6440,東P,,544,+17,+3.23%,119,10.7倍,0.50倍,2.76%
20260703,1625,野村Ａ高配,2084,東Ｅ,,"3,760",+43,+1.16%,119,ー倍,ー倍,ー%
20260703,1626,インフォメテ,281A,東G,,626,-1,-0.16%,119,ー倍,4.27倍,ー%
20260703,1627,ＧＸ銀行高配,315A,東Ｅ,,"1,837",+21,+1.16%,119,ー倍,ー倍,ー%
20260703,1628,原油先物ベア,2039,東EN,,579,-2,-0.34%,118,ー倍,ー倍,ー%
20260703,1629,システムリサ,3771,東P,,"1,812",+25,+1.40%,118,10.6倍,2.23倍,3.86%
20260703,1630,エフ・コード,9211,東G,,"1,422",+28,+2.01%,118,9.17倍,2.18倍,ー%
20260703,1631,ニチハ,7943,東P,,"2,982",-23,-0.77%,118,12.4倍,0.82倍,3.82%
20260703,1632,ＣＩＪ,4826,東P,,486,+1,+0.21%,118,16.2倍,1.82倍,4.12%
20260703,1633,アキレス,5142,東P,,"1,217",+43,+3.66%,118,12.8倍,0.38倍,2.47%
20260703,1634,ＹＵＡＳＡ,8074,東P,,"5,340",+30,+0.56%,117,9.78倍,0.94倍,3.56%
20260703,1635,ミツウロコＧ,8131,東S,,"2,018",+31,+1.56%,116,18.4倍,1.05倍,3.27%
20260703,1636,野村米半導,346A,東Ｅ,,"5,176",-24,-0.46%,116,ー倍,ー倍,ー%
20260703,1637,コスピベア,2034,東EN,,"1,601",-128,-7.40%,116,ー倍,ー倍,ー%
20260703,1638,グリーンズ,6547,東S,,"2,110",-14,-0.66%,116,6.56倍,3.58倍,2.46%
20260703,1639,前沢ＨＤ,575A,東P,,"1,489",+8,+0.54%,116,ー倍,ー倍,ー%
20260703,1640,日経エンタメ,586A,東Ｅ,,210.0,+3.1,+1.50%,116,ー倍,ー倍,ー%
20260703,1641,ＧＸ防衛日株,513A,東Ｅ,,862,+5,+0.58%,115,ー倍,ー倍,ー%
20260703,1642,ヘルスケアＭ,3455,東Ｒ,,"111,400",+900,+0.81%,115,ー倍,1.03倍,5.67%
20260703,1643,エノモト,6928,東S,,"2,911",-10,-0.34%,115,13.7倍,0.83倍,2.65%
20260703,1644,ウェルネオＳ,2117,東P,,"2,660",+23,+0.87%,115,13.4倍,1.13倍,4.47%
20260703,1645,東プレ,5975,東P,,"2,635",-9,-0.34%,115,8.50倍,0.52倍,3.80%
20260703,1646,セイワＨＤ,523A,東G,,"1,758",+53,+3.11%,114,33.5倍,18.8倍,ー%
20260703,1647,フィデアＨＤ,8713,東P,,"2,005",+7,+0.35%,114,11.3倍,0.42倍,3.74%
20260703,1648,三重交ＨＤ,3232,東P,,544,+8,+1.49%,114,9.11倍,0.78倍,3.68%
20260703,1649,帝国繊維,3302,東P,,"3,370",+20,+0.60%,113,22.7倍,1.14倍,1.93%
20260703,1650,あさひ,3333,東P,,"1,303",-6,-0.46%,113,12.4倍,0.81倍,3.84%
20260703,1651,セントラルＲ,3488,東Ｒ,,"105,100",+700,+0.67%,113,ー倍,1.05倍,6.36%
20260703,1652,ピクセラ,6731,東S,,124,+9,+7.83%,113,ー倍,2.03倍,ー%
20260703,1653,ナガイレーベ,7447,東P,,"1,728",+9,+0.52%,113,17.8倍,1.31倍,4.05%
20260703,1654,カナミックＮ,3939,東P,,485,-5,-1.02%,112,16.8倍,4.59倍,1.86%
20260703,1655,ｉＳ米債３月,2012,東Ｅ,,243.7,-1.8,-0.73%,112,ー倍,ー倍,ー%
20260703,1656,戸田工,4100,東S,,"1,636",+41,+2.57%,111,18.9倍,1.05倍,ー%
20260703,1657,カッパクリエ,7421,東P,,"1,491",+2,+0.13%,111,78.6倍,7.21倍,ー%
20260703,1658,ＪＦＥシステ,4832,東S,,"2,026",-3,-0.15%,111,14.5倍,1.79倍,3.46%
20260703,1659,プロシップ,3763,東P,,"1,791",+82,+4.80%,111,19.6倍,4.04倍,2.35%
20260703,1660,ＧＸ高配日株,2564,東Ｅ,,"3,391",+21,+0.62%,110,ー倍,ー倍,ー%
20260703,1661,だいわ,6459,東P,,"1,673",+29,+1.76%,110,14.7倍,1.17倍,3.59%
20260703,1662,ユニバーサル,6425,東S,,659,+8,+1.23%,109,25.5倍,0.40倍,ー%
20260703,1663,ナガワ,9663,東P,,"5,020",-70,-1.38%,109,23.6倍,1.12倍,1.20%
20260703,1664,ユニプレス,5949,東P,,"1,252",+1,+0.08%,109,12.4倍,0.42倍,5.59%
20260703,1665,ＪＡＬＣＯ,6625,東S,,336,-9,-2.61%,108,167倍,1.96倍,5.36%
20260703,1666,キーコーヒー,2594,東P,,"1,977",-2,-0.10%,108,56.5倍,1.33倍,0.61%
20260703,1667,ＵＬＳグルプ,3798,東S,,551,+24,+4.55%,108,13.6倍,2.66倍,1.49%
20260703,1668,アクセルＭ,3624,東G,,81,+1,+1.25%,107,ー倍,12.8倍,ー%
20260703,1669,エニグモ,3665,東P,,395,+7,+1.80%,107,31.8倍,1.50倍,7.59%
20260703,1670,アルファＰ,9467,東G,,999,+9,+0.91%,107,11.3倍,1.86倍,2.70%
20260703,1671,建設技研,9621,東P,,"2,889",+11,+0.38%,107,11.3倍,1.16倍,2.70%
20260703,1672,野村エネ資源,1618,東Ｅ,,"31,720",+360,+1.15%,107,ー倍,ー倍,ー%
20260703,1673,テイツー,7610,東S,,147,+4,+2.80%,106,11.4倍,1.30倍,2.72%
20260703,1674,帝ホテル,9708,東S,,"1,006",-11,-1.08%,106,64.4倍,2.43倍,0.60%
20260703,1675,いちごホテル,3463,東Ｒ,,"118,100","+2,100",+1.81%,106,ー倍,0.94倍,6.04%
20260703,1676,ｉＦナ百Ｗベ,2870,東Ｅ,,"7,576",+41,+0.54%,105,ー倍,ー倍,ー%
20260703,1677,ソースネクス,4344,東P,,105,+3,+2.94%,105,ー倍,2.87倍,ー%
20260703,1678,イーソル,4420,東S,,801,+4,+0.50%,105,19.2倍,2.62倍,0.69%
20260703,1679,コンヴァノ,6574,東G,,90,+3,+3.45%,104,7.71倍,4.12倍,1.11%
20260703,1680,大豊建,1822,東S,,773,0,0.00%,104,13.9倍,0.86倍,4.92%
20260703,1681,ブックオフＧ,9278,東P,,"1,979",+36,+1.85%,104,14.5倍,1.68倍,1.52%
20260703,1682,エリアリンク,8914,東S,,817,+8,+0.99%,104,11.2倍,1.41倍,3.24%
20260703,1683,小松ウオール,7949,東P,,"2,593",+38,+1.49%,103,15.0倍,1.16倍,5.21%
20260703,1684,蝶理,8014,東P,,"3,935",+20,+0.51%,103,9.24倍,0.95倍,4.35%
20260703,1685,バンドー,5195,東P,,"2,231",+41,+1.87%,103,11.3倍,0.98倍,4.48%
20260703,1686,ＩＢＪ,6071,東P,,814,+10,+1.24%,103,13.2倍,2.85倍,1.60%
20260703,1687,トランヴィア,545A,東P,,919,-1,-0.11%,103,15.1倍,ー倍,4.35%
20260703,1688,神島化,4026,東S,,"1,666",+40,+2.46%,103,ー倍,1.03倍,ー%
20260703,1689,西部技研,6223,東S,,"2,260",+69,+3.15%,103,11.4倍,1.40倍,3.10%
20260703,1690,上場ＳＰ５百,1547,東Ｅ,,"13,110",-80,-0.61%,103,ー倍,ー倍,ー%
20260703,1691,新光商,8141,東P,,"1,587",-1,-0.06%,102,32.4倍,0.86倍,1.54%
20260703,1692,文化シヤタ,5930,東P,,"1,914",-3,-0.16%,102,10.4倍,1.12倍,3.87%
20260703,1693,ブレーキ,7238,東P,,111,+1,+0.91%,102,12.1倍,0.94倍,ー%
20260703,1694,ＳＲＳＨＤ,8163,東P,,"1,242",+1,+0.08%,101,28.5倍,2.88倍,0.81%
20260703,1695,ゼビオＨＤ,8281,東P,,"1,077",+9,+0.84%,101,5.94倍,0.38倍,3.25%
20260703,1696,クイック,4318,東P,,740,+5,+0.68%,101,14.7倍,2.13倍,5.14%
20260703,1697,日金銭,6418,東P,,"1,010",+17,+1.71%,101,11.9倍,0.76倍,4.55%
20260703,1698,ジェイドＧ,3558,東G,,"1,593",+29,+1.85%,101,ー倍,2.20倍,ー%
20260703,1699,藤コンポ,5121,東P,,"2,585",+17,+0.66%,101,12.6倍,1.24倍,3.33%
20260703,1700,Ｄｍミックス,7354,東S,,329,+1,+0.30%,101,8.56倍,1.01倍,2.89%
20260703,1701,イオン北海道,7512,東S,,841,+2,+0.24%,100,39.0倍,1.57倍,1.90%
20260703,1702,ＰＲＴＩＭＥ,3922,東P,,"2,417",+26,+1.09%,100,14.9倍,3.58倍,0.70%
20260703,1703,ＩＴＦＯＲ,4743,東P,,"1,641",+13,+0.80%,100,12.8倍,2.10倍,4.88%
20260703,1704,ＧＸ超短米債,133A,東Ｅ,,"1,092",-8,-0.73%,100,ー倍,ー倍,ー%
20260703,1705,クラシル,299A,東G,,979,+29,+3.05%,100,17.0倍,3.17倍,ー%
20260703,1706,スターツプロ,8979,東Ｒ,,"187,400","+1,200",+0.64%,100,ー倍,1.10倍,5.82%
20260703,1707,イントランス,3237,東G,,109,+6,+5.83%,100,149倍,25.2倍,ー%
20260703,1708,ＮＴＴＤイン,3850,東S,,"3,100",+45,+1.47%,100,14.5倍,2.57倍,2.42%
20260703,1709,小松マテーレ,3580,東P,,722,+1,+0.14%,99,13.6倍,0.68倍,3.74%
20260703,1710,藤倉化,4620,東S,,"1,067",+32,+3.09%,99,ー倍,0.64倍,ー%
20260703,1711,オカモト,5122,東P,,"5,420",+60,+1.12%,99,19.2倍,0.83倍,2.21%
20260703,1712,ベルテクス,5290,東S,,"1,347",-2,-0.15%,99,14.1倍,1.50倍,2.97%
20260703,1713,ＥＲＩＨＤ,6083,東S,,"1,466",+30,+2.09%,99,11.8倍,4.40倍,2.50%
20260703,1714,タレントＸ,330A,東G,,510,-9,-1.73%,99,26.7倍,3.27倍,ー%
20260703,1715,村上開明,7292,東S,,"6,400",+40,+0.63%,98,12.6倍,0.78倍,3.75%
20260703,1716,アライドＨＤ,6835,東S,,244,+2,+0.83%,98,12.1倍,1.18倍,3.69%
20260703,1717,ＳＡＡＦＨＤ,1447,東G,,326,+26,+8.67%,98,18.0倍,3.25倍,1.47%
20260703,1718,ＷＴ銀,1673,東Ｅ,,"9,115",+241,+2.72%,98,ー倍,ー倍,ー%
20260703,1719,シンバイオ,4582,東G,,77,+6,+8.45%,98,ー倍,-115倍,ー%
20260703,1720,アルプス技,4641,東P,,780,+6,+0.78%,97,10.4倍,2.02倍,4.62%
20260703,1721,ＡＣＣＥＳＳ,4813,東P,,343,+3,+0.88%,97,21.2倍,1.91倍,ー%
20260703,1722,エヌピーシー,6255,東G,,747,+14,+1.91%,97,29.5倍,1.55倍,1.34%
20260703,1723,ＧＸＵＳ配ヘ,2095,東Ｅ,,"1,189",+20,+1.71%,97,ー倍,ー倍,ー%
20260703,1724,ジーイエット,7603,東S,,55,-1,-1.79%,97,4.63倍,2.32倍,ー%
20260703,1725,福田組,1899,東P,,"3,655",+10,+0.27%,97,12.1倍,0.67倍,3.56%
20260703,1726,アーバネット,3242,東S,,486,+2,+0.41%,97,9.44倍,0.94倍,4.53%
20260703,1727,ホテルレジＲ,3472,東Ｒ,,"66,300","+1,700",+2.63%,97,ー倍,1.10倍,6.15%
20260703,1728,日山村硝,5210,東S,,"2,855",+4,+0.14%,97,12.7倍,0.51倍,5.25%
20260703,1729,大阪製鉄,5449,東S,,"2,421",+93,+3.99%,97,55.7倍,0.65倍,ー%
20260703,1730,ハードオフ,2674,東P,,"2,632",+22,+0.84%,96,11.1倍,1.81倍,3.50%
20260703,1731,近鉄百,8244,東S,,"1,804",+28,+1.58%,96,19.7倍,1.59倍,1.11%
20260703,1732,ＪＰＭＣ,3276,東P,,"1,329",+18,+1.37%,96,11.2倍,2.39倍,4.82%
20260703,1733,グッドコムＡ,3475,東P,,"1,481",+15,+1.02%,96,9.36倍,3.03倍,3.11%
20260703,1734,中外炉,1964,東P,,"4,065",+20,+0.49%,96,11.3倍,0.91倍,4.43%
20260703,1735,明星工,1976,東P,,"1,847",+24,+1.32%,95,15.1倍,1.23倍,3.52%
20260703,1736,ハニーズＨＤ,2792,東P,,"1,407",+12,+0.86%,95,10.9倍,0.83倍,3.91%
20260703,1737,コニシ,4956,東P,,"1,453",0,0.00%,95,11.1倍,1.03倍,2.62%
20260703,1738,アクセル,6730,東S,,"1,209",+31,+2.63%,95,14.6倍,0.96倍,3.39%
20260703,1739,福島銀,8562,東S,,347,+6,+1.76%,95,13.4倍,0.51倍,1.44%
20260703,1740,水戸,8622,東P,,672,+7,+1.05%,95,ー倍,0.95倍,ー%
20260703,1741,レボリュー,8894,東S,,25,-1,-3.85%,94,ー倍,4.78倍,ー%
20260703,1742,ＷＯＷＯＷ,4839,東P,,"1,001",+1,+0.10%,94,47.3倍,0.41倍,3.00%
20260703,1743,中部飼,2053,東P,,"1,891",+26,+1.39%,94,7.86倍,0.75倍,4.02%
20260703,1744,アイケイケイ,2198,東P,,713,+8,+1.13%,94,28.9倍,1.73倍,3.37%
20260703,1745,児玉化,4222,東S,,681,+28,+4.29%,94,7.56倍,0.37倍,1.47%
20260703,1746,日シス技術,4323,東P,,"1,782",+35,+2.00%,94,14.9倍,2.63倍,2.81%
20260703,1747,ＳＢＩリーシ,5834,東G,,"2,697",+23,+0.86%,94,7.04倍,1.50倍,4.26%
20260703,1748,スクイーズ,558A,東G,,"4,540",+245,+5.70%,94,28.8倍,8.78倍,ー%
20260703,1749,ミダックＨＤ,6564,東P,,"2,085",+22,+1.07%,94,17.3倍,3.21倍,0.96%
20260703,1750,ミマキエンジ,6638,東P,,"1,883",+48,+2.62%,94,8.94倍,1.37倍,2.92%
20260703,1751,松尾電,6969,東S,,"1,335",+65,+5.12%,94,10.9倍,1.63倍,1.12%
20260703,1752,サガミＨＤ,9900,東P,,"1,646",+12,+0.73%,94,41.5倍,2.54倍,0.73%
20260703,1753,グロバルＬＭ,3486,東P,,"1,895",+43,+2.32%,94,5.90倍,2.04倍,5.28%
20260703,1754,エイチーム,3662,東P,,"1,020",+1,+0.10%,94,31.6倍,2.18倍,2.75%
20260703,1755,ｅｎｉｓｈ,3667,東S,,30,-2,-6.25%,94,ー倍,1.70倍,ー%
20260703,1756,Ｅ・ＪＨＤ,2153,東P,,"1,660",+16,+0.97%,93,8.91倍,0.85倍,4.16%
20260703,1757,宝＆ＣＯ,7921,東P,,"3,340",0,0.00%,93,13.9倍,1.42倍,3.59%
20260703,1758,未来工業,7931,東P,,"3,145",+20,+0.64%,93,ー倍,0.92倍,3.18%
20260703,1759,ＪＳＰ,7942,東P,,"2,531",+44,+1.77%,93,13.3倍,0.61倍,3.95%
20260703,1760,ゴールドクレ,8871,東S,,"3,280",0,0.00%,93,11.5倍,0.80倍,4.88%
20260703,1761,ユシロ,5013,東S,,"2,948",+15,+0.51%,93,9.74倍,0.80倍,ー%
20260703,1762,チャームケア,6062,東P,,"1,333",+18,+1.37%,93,12.2倍,2.02倍,3.23%
20260703,1763,ハローズ,2742,東P,,"3,750",-20,-0.53%,93,9.24倍,1.02倍,1.92%
20260703,1764,片倉,3001,東S,,"2,569",+62,+2.47%,93,11.2倍,0.81倍,2.34%
20260703,1765,三社電機,6882,東S,,"1,278",-7,-0.54%,93,18.7倍,0.68倍,3.13%
20260703,1766,日工,6306,東P,,945,+16,+1.72%,92,13.7倍,0.97倍,4.44%
20260703,1767,中北製,6496,東S,,"5,320",+385,+7.80%,92,15.1倍,0.67倍,2.07%
20260703,1768,原油先Ｗブル,2038,東EN,,"1,857",+21,+1.14%,92,ー倍,ー倍,ー%
20260703,1769,メディアドゥ,3678,東P,,"1,322",+6,+0.46%,92,16.7倍,1.05倍,3.03%
20260703,1770,ＳＲＡＨＤ,3817,東P,,"4,550",+5,+0.11%,92,10.5倍,1.71倍,4.84%
20260703,1771,椿本興,8052,東P,,"2,796",+35,+1.27%,92,9.69倍,1.03倍,3.22%
20260703,1772,石原ケミ,4462,東P,,"3,390",+70,+2.11%,92,16.8倍,1.87倍,1.42%
20260703,1773,ＣＡＣ,4725,東P,,"1,774",+13,+0.74%,92,ー倍,0.90倍,5.64%
20260703,1774,フルッタ,2586,東G,,110,-1,-0.90%,92,125倍,1.76倍,ー%
20260703,1775,グリムス,3150,東P,,"2,462",+31,+1.28%,92,10.6倍,2.92倍,3.78%
20260703,1776,ｉＳＳＰカバ,452A,東Ｅ,,824.0,+3.8,+0.46%,92,ー倍,ー倍,ー%
20260703,1777,青山財産,8929,東S,,"1,284",+26,+2.07%,91,11.7倍,2.68倍,4.52%
20260703,1778,ユトリ,5892,東G,,"2,133",+59,+2.84%,91,14.6倍,4.84倍,ー%
20260703,1779,ＧＸテック日,2854,東Ｅ,,"2,800",-14,-0.50%,91,ー倍,ー倍,ー%
20260703,1780,Ｏｎｅ４００,1474,東Ｅ,,"37,650",+430,+1.16%,91,ー倍,ー倍,ー%
20260703,1781,モリタＨＤ,6455,東P,,"2,390",+21,+0.89%,90,10.1倍,0.97倍,2.68%
20260703,1782,アイサンテク,4667,東S,,"2,170",+164,+8.18%,90,21.0倍,1.76倍,1.71%
20260703,1783,システムソフ,7527,東S,,50,+1,+2.04%,90,238倍,1.34倍,ー%
20260703,1784,カナデン,8081,東P,,"2,564",+69,+2.77%,89,14.3倍,1.12倍,3.90%
20260703,1785,ぴあ,4337,東P,,"2,713",+102,+3.91%,89,27.8倍,3.87倍,1.11%
20260703,1786,いであ,9768,東S,,"3,495",+15,+0.43%,89,10.4倍,0.81倍,3.38%
20260703,1787,加藤製,6390,東P,,"1,285",+29,+2.31%,89,ー倍,0.34倍,5.45%
20260703,1788,ＢＵＦ,6676,東S,,"2,540",+46,+1.84%,89,13.4倍,1.40倍,2.36%
20260703,1789,ニレコ,6863,東S,,"3,030",+72,+2.43%,88,15.0倍,1.28倍,3.47%
20260703,1790,ベルトラ,7048,東G,,172,+1,+0.58%,88,18.5倍,2.48倍,ー%
20260703,1791,トランザク,7818,東P,,"1,381",-10,-0.72%,88,18.3倍,3.83倍,2.24%
20260703,1792,ウィルＧ,6089,東P,,"1,066",+16,+1.52%,88,11.1倍,1.21倍,4.13%
20260703,1793,野村金融,1632,東Ｅ,,"42,350",+830,+2.00%,88,ー倍,ー倍,ー%
20260703,1794,野村インド株,1678,東Ｅ,,325.1,+1.4,+0.43%,88,ー倍,ー倍,ー%
20260703,1795,サムティＲ,3459,東Ｒ,,"96,600","+1,900",+2.01%,88,ー倍,0.96倍,5.38%
20260703,1796,ナガホリ,8139,東S,,"2,303",+167,+7.82%,88,58.9倍,2.50倍,0.65%
20260703,1797,フォーカス,4662,東P,,"1,676",+31,+1.88%,88,9.98倍,1.60倍,4.06%
20260703,1798,セントラルＳ,4801,東P,,"2,374",-20,-0.84%,87,18.1倍,1.00倍,1.68%
20260703,1799,ＮＹダウブル,2040,東EN,,"39,650",+970,+2.51%,87,ー倍,ー倍,ー%
20260703,1800,日阪製,6247,東P,,"1,803",+4,+0.22%,87,19.7倍,0.75倍,3.05%
20260703,1801,ダイヤＨＤ,6699,東S,,485,+11,+2.32%,87,557倍,0.40倍,5.15%
20260703,1802,白銅,7637,東P,,"3,380",+60,+1.81%,87,11.9倍,1.51倍,3.79%
20260703,1803,プラスゼロ,5132,東G,,"2,060",+60,+3.00%,87,33.8倍,10.0倍,ー%
20260703,1804,日水コン,261A,東S,,"1,964",+34,+1.76%,87,14.1倍,1.55倍,3.77%
20260703,1805,ＰＣＡ,9629,東P,,"1,369",-6,-0.44%,87,34.4倍,1.46倍,2.92%
20260703,1806,バイタルＫＳ,3151,東P,,"1,526",+8,+0.53%,87,9.77倍,0.63倍,4.59%
20260703,1807,多木化,4025,東P,,"4,960",+135,+2.80%,86,15.6倍,0.92倍,1.61%
20260703,1808,ＴＷＯＳＴ,7352,東G,,382,-12,-3.05%,86,25.7倍,4.58倍,0.26%
20260703,1809,ステラファ,4888,東G,,312,+8,+2.63%,86,ー倍,4.63倍,ー%
20260703,1810,アオイ電子,6832,東S,,"2,606",-61,-2.29%,86,127倍,0.67倍,2.07%
20260703,1811,上場ＪＰＸ日,1592,東Ｅ,,"3,408",+31,+0.92%,86,ー倍,ー倍,ー%
20260703,1812,三光合成,7888,東P,,764,+4,+0.53%,86,5.82倍,0.64倍,3.66%
20260703,1813,シグマ光機,7713,東S,,"2,111",-14,-0.66%,85,16.9倍,0.82倍,1.99%
20260703,1814,ＪＥＳＣＯ,1434,東S,,"1,908",+87,+4.78%,85,12.1倍,1.64倍,2.52%
20260703,1815,日特建,1929,東P,,"1,110",-1,-0.09%,85,12.5倍,1.23倍,4.50%
20260703,1816,ヨシックス,3221,東P,,"3,130",0,0.00%,85,13.6倍,2.42倍,1.02%
20260703,1817,稲葉製作,3421,東S,,"1,766",-7,-0.39%,85,14.9倍,0.63倍,2.49%
20260703,1818,イーサポート,2493,東S,,937,+5,+0.54%,84,28.8倍,1.12倍,0.53%
20260703,1819,イントループ,9556,東G,,"1,775",+55,+3.20%,84,25.7倍,2.64倍,ー%
20260703,1820,システムサポ,4396,東P,,"1,059",+20,+1.92%,84,11.9倍,3.19倍,2.93%
20260703,1821,トランシティ,9310,東P,,"1,183",+21,+1.81%,84,10.9倍,0.72倍,3.68%
20260703,1822,ＦＤＫ,6955,東S,,483,-15,-3.01%,84,22.2倍,0.88倍,ー%
20260703,1823,ジェイリース,7187,東P,,"1,360",+30,+2.26%,83,9.62倍,3.28倍,4.41%
20260703,1824,ＦフォースＧ,7068,東G,,553,+13,+2.41%,83,8.66倍,3.59倍,3.62%
20260703,1825,マイクロ波,9227,東G,,938,-9,-0.95%,83,ー倍,39.5倍,ー%
20260703,1826,パイオラック,5988,東P,,"1,612",+11,+0.69%,83,55.5倍,0.60倍,5.71%
20260703,1827,Ｇｕｎｏｓｙ,6047,東S,,454,-1,-0.22%,83,81.1倍,0.99倍,4.85%
20260703,1828,オリコン,4800,東S,,"1,368",0,0.00%,83,16.7倍,3.03倍,ー%
20260703,1829,群栄化,4229,東P,,"4,670",+130,+2.86%,82,ー倍,0.57倍,ー%
20260703,1830,免疫生物研,4570,東G,,"1,009",+33,+3.38%,82,27.1倍,5.10倍,0.74%
20260703,1831,共同印,7914,東P,,"1,583",+9,+0.57%,82,10.4倍,0.67倍,5.05%
20260703,1832,いちよし,8624,東P,,"1,429",+7,+0.49%,82,ー倍,1.48倍,ー%
20260703,1833,豊トラスティ,8747,東S,,"2,243",+52,+2.37%,82,ー倍,0.70倍,ー%
20260703,1834,日産車体,7222,東S,,959,+4,+0.42%,82,9.28倍,0.71倍,ー%
20260703,1835,インテリＷ,4847,東P,,967,+17,+1.79%,82,17.8倍,2.63倍,3.83%
20260703,1836,ヒーハイスト,6433,東S,,"1,074",+32,+3.07%,81,72.8倍,3.19倍,0.19%
20260703,1837,ＣＴＳ,4345,東P,,842,-1,-0.12%,81,12.8倍,2.21倍,3.56%
20260703,1838,生化学,4548,東P,,720,-1,-0.14%,81,17.5倍,0.52倍,4.17%
20260703,1839,日本空調,4658,東P,,"1,620",+23,+1.44%,81,14.4倍,1.83倍,3.52%
20260703,1840,シリコンスタ,3907,東S,,899,+26,+2.98%,81,30.5倍,1.46倍,1.11%
20260703,1841,ミーク,332A,東G,,"1,072",+46,+4.48%,81,12.7倍,2.08倍,ー%
20260703,1842,コーア商ＨＤ,9273,東P,,775,+7,+0.91%,81,8.97倍,1.07倍,2.32%
20260703,1843,クリングル,4884,東G,,339,-3,-0.88%,80,ー倍,3.11倍,ー%
20260703,1844,クリアル,2998,東G,,543,+32,+6.26%,80,9.22倍,1.71倍,1.47%
20260703,1845,アイホン,6718,東P,,"2,758",+17,+0.62%,80,14.1倍,0.64倍,4.71%
20260703,1846,ｉＦＳＰ無,2247,東Ｅ,,"2,276",-9,-0.39%,80,ー倍,ー倍,ー%
20260703,1847,上場リート隔,1345,東Ｅ,,"1,868",+27,+1.47%,80,ー倍,ー倍,ー%
20260703,1848,Ｏｎｅ設備,1484,東Ｅ,,"3,591.0",+7.0,+0.20%,80,ー倍,ー倍,ー%
20260703,1849,薬王堂ＨＤ,7679,東P,,"1,673",+23,+1.39%,79,8.07倍,0.81倍,1.79%
20260703,1850,ＦＪネクＨＤ,8935,東P,,"1,788",+20,+1.13%,79,5.58倍,0.72倍,4.47%
20260703,1851,安田倉,9324,東P,,"2,435",+23,+0.95%,79,11.3倍,0.65倍,3.04%
20260703,1852,モリト,9837,東P,,"1,797",+12,+0.67%,79,15.0倍,1.11倍,4.01%
20260703,1853,エスプール,2471,東P,,265,+2,+0.76%,79,12.5倍,2.21倍,3.77%
20260703,1854,長府製,5946,東P,,"1,990",+1,+0.05%,79,17.8倍,0.49倍,2.31%
20260703,1855,ＳＢＩアルヒ,7198,東P,,790,-1,-0.13%,79,16.9倍,0.83倍,5.06%
20260703,1856,マツオカ,3611,東S,,"2,459",+58,+2.42%,79,7.59倍,0.65倍,4.68%
20260703,1857,マミーマート,9823,東S,,"1,030",+6,+0.59%,78,9.72倍,1.14倍,2.06%
20260703,1858,ＧＸクリ日株,2637,東Ｅ,,"3,290",-54,-1.61%,78,ー倍,ー倍,ー%
20260703,1859,ＣＩＮＣ,4378,東G,,532,-43,-7.48%,78,394倍,1.43倍,ー%
20260703,1860,ブラインド,7989,東P,,"2,540",+20,+0.79%,78,15.6倍,0.90倍,4.72%
20260703,1861,ＮＥＣキャピ,8793,東P,,"3,990",+20,+0.50%,78,8.60倍,0.66倍,3.76%
20260703,1862,ＧＸ超長米債,180A,東Ｅ,,298.5,-1.2,-0.40%,78,ー倍,ー倍,ー%
20260703,1863,三精テクノロ,6357,東S,,"2,467",+3,+0.12%,78,8.25倍,0.85倍,3.85%
20260703,1864,ザイン,6769,東S,,"1,124",+31,+2.84%,77,"3,876倍",1.43倍,1.33%
20260703,1865,アバール,6918,東S,,"3,375",+25,+0.75%,77,21.6倍,0.97倍,3.14%
20260703,1866,ＧＸゲー日株,2640,東Ｅ,,"3,533",-4,-0.11%,77,ー倍,ー倍,ー%
20260703,1867,ＧＸ純金Ｈ,424A,東Ｅ,,319.6,+7.0,+2.24%,77,ー倍,ー倍,ー%
20260703,1868,ｉＳロボット,2522,東Ｅ,,"9,023",-226,-2.44%,77,ー倍,ー倍,ー%
20260703,1869,ファーマＦ,2929,東P,,584,+6,+1.04%,77,11.3倍,1.68倍,4.28%
20260703,1870,アセンテック,3565,東S,,420,+13,+3.19%,77,12.6倍,2.98倍,3.57%
20260703,1871,清水銀,8364,東P,,"2,480",+57,+2.35%,77,11.2倍,0.35倍,2.42%
20260703,1872,野村医薬品,1621,東Ｅ,,"30,220",+305,+1.02%,76,ー倍,ー倍,ー%
20260703,1873,ＱＱＱ,587A,東Ｅ,,"116,000","-1,350",-1.15%,76,ー倍,ー倍,ー%
20260703,1874,学研ＨＤ,9470,東P,,"1,002",-12,-1.18%,76,10.4倍,0.78倍,2.89%
20260703,1875,ビジ太田昭,9658,東P,,"1,018",+12,+1.19%,76,11.6倍,1.08倍,4.62%
20260703,1876,三和油化工業,4125,東S,,"3,195",+150,+4.93%,76,12.6倍,1.04倍,1.56%
20260703,1877,ｅＷｅＬＬ,5038,東G,,"1,933",-14,-0.72%,76,22.0倍,9.30倍,1.09%
20260703,1878,オイシックス,3182,東P,,"1,521",+16,+1.06%,76,11.5倍,1.93倍,1.71%
20260703,1879,Ａｒｅｎｔ,5254,東G,,"3,980",+10,+0.25%,76,17.3倍,3.84倍,ー%
20260703,1880,Ｈｍｃｏｍｍ,265A,東G,,715,-24,-3.25%,76,131倍,1.71倍,ー%
20260703,1881,ネツレン,5976,東P,,"1,308",+21,+1.63%,76,28.3倍,0.73倍,5.43%
20260703,1882,三谷セキ,5273,東S,,"1,628",+45,+2.84%,75,11.2倍,1.13倍,2.67%
20260703,1883,動物高度医療,6039,東G,,"1,085",+50,+4.83%,75,15.8倍,2.87倍,1.20%
20260703,1884,ナガセ,9733,東S,,"2,363",+28,+1.20%,75,12.9倍,1.53倍,5.08%
20260703,1885,ＡＩＲＭＡＮ,6364,東P,,"1,900",+33,+1.77%,75,12.9倍,1.14倍,3.79%
20260703,1886,大豊工業,6470,東S,,"1,071",-21,-1.92%,75,8.45倍,0.48倍,2.80%
20260703,1887,ＮＥＸＹＺ．,4346,東S,,767,-15,-1.92%,75,10.5倍,2.71倍,2.61%
20260703,1888,第一建設,1799,東S,,"3,490",+50,+1.45%,75,14.4倍,0.83倍,4.58%
20260703,1889,ＴＭＨ,280A,東G,,"2,020",+56,+2.85%,75,30.2倍,5.61倍,ー%
20260703,1890,上場高配５０,399A,東Ｅ,,"2,156",+31,+1.46%,75,ー倍,ー倍,ー%
20260703,1891,恵和,4251,東P,,"1,210",+16,+1.34%,75,7.34倍,0.93倍,4.13%
20260703,1892,Ｉｎｅ,4933,東P,,"1,202",+2,+0.17%,75,ー倍,1.17倍,1.25%
20260703,1893,ヘッドウォ,4011,東G,,"2,181",+61,+2.88%,75,34.1倍,9.95倍,ー%
20260703,1894,マリモリート,3470,東Ｒ,,"105,800",+400,+0.38%,75,ー倍,0.99倍,6.62%
20260703,1895,環境フレンド,3777,東G,,50,+1,+2.04%,75,ー倍,4.32倍,ー%
20260703,1896,バリュエンス,9270,東G,,"2,186",+32,+1.49%,74,9.60倍,3.06倍,2.06%
20260703,1897,グルメ杵屋,9850,東P,,954,-8,-0.83%,74,83.9倍,2.34倍,0.73%
20260703,1898,サックスバー,9990,東P,,760,+6,+0.80%,74,10.5倍,0.72倍,4.61%
20260703,1899,ワイズＨＤ,5955,東S,,80,+1,+1.27%,74,28.8倍,0.89倍,1.25%
20260703,1900,レオン,6272,東P,,"1,512",+24,+1.61%,74,10.2倍,0.95倍,3.97%
20260703,1901,京写,6837,東S,,405,+8,+2.02%,74,13.5倍,0.59倍,2.22%
20260703,1902,ＧＥＩ,9212,東G,,286,-7,-2.39%,74,22.3倍,1.70倍,ー%
20260703,1903,Ｏｎｅトピ,1473,東Ｅ,,"4,184",+56,+1.36%,74,ー倍,ー倍,ー%
20260703,1904,ルネサンス,2378,東P,,"1,024",-5,-0.49%,73,40.3倍,2.52倍,1.27%
20260703,1905,エスコンＪＰ,2971,東Ｒ,,"117,700","+1,700",+1.47%,73,ー倍,1.05倍,6.00%
20260703,1906,ドリームＩ,4310,東P,,"2,648",+3,+0.11%,73,ー倍,2.00倍,5.17%
20260703,1907,神鋼商,8075,東P,,"2,410",+19,+0.79%,73,7.08倍,0.64倍,5.39%
20260703,1908,野村台湾テク,412A,東Ｅ,,"4,820",-50,-1.03%,73,ー倍,ー倍,ー%
20260703,1909,ＰＲＯＮＩ,479A,東G,,"1,457",+56,+4.00%,73,7.18倍,3.69倍,ー%
20260703,1910,タングス,6998,東S,,"2,089",+97,+4.87%,73,14.1倍,0.76倍,2.87%
20260703,1911,リテールＰＡ,8167,東P,,"1,338",-6,-0.45%,72,10.6倍,0.62倍,2.99%
20260703,1912,オークワ,8217,東P,,780,+8,+1.04%,72,48.8倍,0.43倍,3.33%
20260703,1913,ｉＳ新興国株,1658,東Ｅ,,"4,531",+121,+2.74%,72,ー倍,ー倍,ー%
20260703,1914,ブルボン,2208,東S,,"3,140",-40,-1.26%,72,18.5倍,1.13倍,1.40%
20260703,1915,ポールＨＤ,3657,東P,,333,+2,+0.60%,72,16.8倍,1.46倍,4.80%
20260703,1916,スタ・アリス,2305,東S,,"1,876",-19,-1.00%,72,25.5倍,1.05倍,2.67%
20260703,1917,ｉＳ米債カバ,453A,東Ｅ,,800.0,-6.2,-0.77%,72,ー倍,ー倍,ー%
20260703,1918,ｉＳ米２５ヘ,238A,東Ｅ,,133.4,+0.2,+0.15%,72,ー倍,ー倍,ー%
20260703,1919,Ｍラインズ,3901,東P,,"1,310",+17,+1.31%,71,10.1倍,2.66倍,4.43%
20260703,1920,小野建,7414,東P,,"1,357",+15,+1.12%,71,8.09倍,0.36倍,5.08%
20260703,1921,リズム,7769,東P,,"3,860",+45,+1.18%,71,18.1倍,0.91倍,4.34%
20260703,1922,エラン,6099,東P,,749,-10,-1.32%,71,14.2倍,3.12倍,2.14%
20260703,1923,ＴＯＷ,4767,東S,,325,-2,-0.61%,71,8.96倍,1.30倍,5.63%
20260703,1924,ＩＧポート,3791,東S,,"1,384",+28,+2.06%,70,20.6倍,2.71倍,1.23%
20260703,1925,Ａｉｍｉｎｇ,3911,東G,,201,-2,-0.99%,70,ー倍,1.33倍,ー%
20260703,1926,ミニストップ,9946,東P,,"1,850",+1,+0.05%,70,536倍,2.03倍,1.08%
20260703,1927,オーバラップ,414A,東G,,920,+3,+0.33%,70,8.25倍,2.25倍,4.78%
20260703,1928,アイコム,6820,東P,,"3,240",+75,+2.37%,70,15.0倍,0.64倍,2.69%
20260703,1929,ヨシコン,5280,東S,,"2,242",+19,+0.85%,69,5.51倍,0.53倍,4.01%
20260703,1930,日進工具,6157,東S,,944,+32,+3.51%,69,ー倍,1.26倍,ー%
20260703,1931,日神ＧＨＤ,8881,東P,,643,+3,+0.47%,69,8.58倍,0.42倍,5.75%
20260703,1932,サニックスＨ,4651,東S,,241,+7,+2.99%,69,11.5倍,1.05倍,1.24%
20260703,1933,レック,7874,東P,,938,-6,-0.64%,69,10.2倍,0.82倍,2.99%
20260703,1934,学情,2301,東P,,"1,602",+1,+0.06%,69,10.7倍,1.45倍,4.68%
20260703,1935,ＹＫＴ,2693,東S,,369,+17,+4.83%,69,25.2倍,0.53倍,1.36%
20260703,1936,Ｖコマース,2491,東P,,448,-6,-1.32%,68,ー倍,0.84倍,3.57%
20260703,1937,野村国内債券,2510,東Ｅ,,805.9,-2.7,-0.33%,68,ー倍,ー倍,ー%
20260703,1938,ダイト,4577,東P,,"1,246",+5,+0.40%,68,14.4倍,0.69倍,3.21%
20260703,1939,ＧＭＯ－ＧＳ,3788,東P,,"2,042",-18,-0.87%,68,22.3倍,2.33倍,2.92%
20260703,1940,ＳＭＤ高配当,2011,東Ｅ,,824.8,+12.4,+1.53%,68,ー倍,ー倍,ー%
20260703,1941,松井建,1810,東S,,"1,377",+2,+0.15%,68,9.82倍,0.69倍,5.08%
20260703,1942,北陸電工,1930,東P,,"1,655",+1,+0.06%,68,11.1倍,0.99倍,2.90%
20260703,1943,遠藤照明,6932,東S,,"2,454",+50,+2.08%,68,8.24倍,0.72倍,3.59%
20260703,1944,東京ボード,7815,東S,,355,-56,-13.63%,67,ー倍,1.17倍,ー%
20260703,1945,ＦＰパートナ,7388,東P,,"2,164",-8,-0.37%,67,22.5倍,4.86倍,4.34%
20260703,1946,マテリアルＧ,156A,東G,,903,+44,+5.12%,67,13.9倍,4.00倍,2.89%
20260703,1947,広栄化学,4367,東S,,"2,749",+198,+7.76%,67,ー倍,0.84倍,ー%
20260703,1948,スタティアＨ,3393,東P,,"3,100",+35,+1.14%,67,12.4倍,3.45倍,4.68%
20260703,1949,ＭＸ高利Ｊリ,1660,東Ｅ,,"10,765",+100,+0.94%,67,ー倍,ー倍,ー%
20260703,1950,不二家,2211,東P,,"2,374",+15,+0.64%,67,29.1倍,1.02倍,1.26%
20260703,1951,杉本商,9932,東P,,"1,224",+5,+0.41%,67,12.3倍,0.63倍,4.41%
20260703,1952,ｉＳ国債二十,573A,東Ｅ,,498.1,-2.1,-0.42%,67,ー倍,ー倍,ー%
20260703,1953,保土谷,4112,東P,,"2,115",+43,+2.08%,66,25.9倍,0.64倍,2.84%
20260703,1954,キッズバイオ,4584,東G,,156,+3,+1.96%,66,ー倍,4.82倍,ー%
20260703,1955,窪田製薬ＨＤ,4596,東G,Ｓ,87,+30,+52.63%,66,ー倍,7.73倍,ー%
20260703,1956,コプロＨＤ,7059,東P,,794,+1,+0.13%,66,18.4倍,3.08倍,5.67%
20260703,1957,平山,7781,東S,,830,-5,-0.60%,66,11.4倍,2.28倍,3.37%
20260703,1958,ジーニー,6562,東G,,998,+46,+4.83%,66,9.49倍,ー倍,ー%
20260703,1959,ペッパー,3053,東S,,177,0,0.00%,66,219倍,3.14倍,ー%
20260703,1960,日コン,5269,東P,,331,+6,+1.85%,66,13.8倍,0.39倍,3.02%
20260703,1961,ＪＭＡＣＳ,5817,東S,,860,+4,+0.47%,66,19.5倍,0.86倍,1.74%
20260703,1962,フジ住,8860,東P,,761,+4,+0.53%,66,ー倍,0.46倍,4.20%
20260703,1963,エーアイテイ,9381,東P,,"2,333",-4,-0.17%,66,16.2倍,2.67倍,4.71%
20260703,1964,ソフトクリエ,3371,東P,,"1,845",+5,+0.27%,66,11.1倍,1.86倍,3.36%
20260703,1965,フリービット,3843,東P,,"1,502",+2,+0.13%,66,9.36倍,3.70倍,2.73%
20260703,1966,アンビＤＸ,3300,東G,,"2,113",+13,+0.62%,65,5.63倍,1.75倍,5.21%
20260703,1967,日東精,5957,東P,,775,-6,-0.77%,65,12.3倍,0.77倍,3.10%
20260703,1968,エアトリ,6191,東P,,809,-3,-0.37%,65,29.8倍,1.05倍,ー%
20260703,1969,ミロク情報,9928,東P,,"1,774",+20,+1.14%,65,11.0倍,1.60倍,3.66%
20260703,1970,ジェコス,9991,東P,,"1,587",+20,+1.28%,65,9.37倍,0.75倍,4.35%
20260703,1971,高島,8007,東P,,764,+9,+1.19%,65,16.3倍,1.12倍,6.02%
20260703,1972,佐藤商,8065,東P,,"2,879",+36,+1.27%,65,9.03倍,0.78倍,3.02%
20260703,1973,ステムリム,4599,東G,,313,+3,+0.97%,65,ー倍,4.26倍,ー%
20260703,1974,野村ＳＰＨ有,2634,東Ｅ,,"3,110",+5,+0.16%,65,ー倍,ー倍,ー%
20260703,1975,ＢＣＣ,7376,東G,,"1,000",-96,-8.76%,65,ー倍,3.98倍,ー%
20260703,1976,ＩＴメディア,2148,東P,,"1,169",+2,+0.17%,65,16.5倍,2.63倍,4.28%
20260703,1977,ミガロＨＤ,5535,東P,,269,+3,+1.13%,64,11.5倍,1.15倍,3.35%
20260703,1978,石川製,6208,東S,,"1,740",+20,+1.16%,64,17.0倍,1.77倍,1.15%
20260703,1979,ｉＦＴＰ年４,2625,東Ｅ,,"4,079",+59,+1.47%,64,ー倍,ー倍,ー%
20260703,1980,カイゼン,4170,東G,,111,+1,+0.91%,64,94.9倍,0.64倍,ー%
20260703,1981,乾汽船,9308,東S,,"1,467",+10,+0.69%,64,12.7倍,0.99倍,2.37%
20260703,1982,ＯＡＴアグリ,4979,東S,,"2,489",+26,+1.06%,64,10.4倍,1.27倍,2.41%
20260703,1983,Ｓクリプトエ,5721,東S,,63,+3,+5.00%,64,ー倍,2.39倍,ー%
20260703,1984,ダイニチ工業,5951,東S,,"1,242",+69,+5.88%,63,16.8倍,0.68倍,2.25%
20260703,1985,エーワン精密,6156,東S,,"1,730",+23,+1.35%,63,39.6倍,1.21倍,5.78%
20260703,1986,オープンＷ,5139,東G,,933,+10,+1.08%,63,20.1倍,2.67倍,0.96%
20260703,1987,ミラティブ,472A,東G,,450,+36,+8.70%,63,7.93倍,2.02倍,ー%
20260703,1988,キャリアデザ,2410,東P,,"2,878",+44,+1.55%,63,12.0倍,3.27倍,5.56%
20260703,1989,オエノンＨＤ,2533,東P,,497,+5,+1.02%,63,9.54倍,1.04倍,2.41%
20260703,1990,キャンドゥ,2698,東S,,"3,530",+45,+1.29%,63,126倍,5.36倍,0.48%
20260703,1991,三洋貿易,3176,東P,,793,+14,+1.80%,63,9.52倍,0.84倍,3.78%
20260703,1992,じげん,3679,東P,,391,-3,-0.76%,63,8.83倍,1.72倍,3.45%
20260703,1993,アイフリーク,3845,東S,,205,-9,-4.21%,63,"5,125倍",4.71倍,ー%
20260703,1994,ユキグニ,1375,東P,,"1,154",-1,-0.09%,63,18.1倍,3.12倍,1.73%
20260703,1995,ＣＣＴ,4371,東G,,"1,474",+54,+3.80%,63,17.7倍,5.19倍,1.42%
20260703,1996,ＴＥＩＫＯＫ,6333,東P,,"3,105",+30,+0.98%,63,12.7倍,1.52倍,4.25%
20260703,1997,クオンタムＳ,2338,東S,,117,-6,-4.88%,62,ー倍,-9.6倍,ー%
20260703,1998,メディネット,2370,東G,,26,+2,+8.33%,62,ー倍,2.04倍,ー%
20260703,1999,フジッコ,2908,東P,,"1,515",+9,+0.60%,62,34.8倍,0.62倍,3.04%
20260703,2000,オーバル,7727,東S,,770,+6,+0.79%,62,11.0倍,1.00倍,3.64%
20260703,2001,日特塗,4619,東S,,"2,389",+29,+1.23%,62,9.60倍,0.84倍,5.44%
20260703,2002,シーユーシー,9158,東G,,812,+19,+2.40%,62,21.6倍,0.71倍,ー%
20260703,2003,Ｇモンスター,157A,東G,,870,+40,+4.82%,62,ー倍,2.18倍,1.15%
20260703,2004,ヤプリ,4168,東G,,779,+8,+1.04%,62,10.8倍,3.21倍,1.93%
20260703,2005,サイエンスＡ,4412,東G,,"1,280",+108,+9.22%,62,86.5倍,6.91倍,0.08%
20260703,2006,ＭＶ東海,8198,東S,,"3,160",+30,+0.96%,62,10.8倍,1.04倍,2.69%
20260703,2007,トマト銀,8542,東S,,"1,514",-7,-0.46%,62,9.52倍,0.37倍,3.30%
20260703,2008,ニッピ,7932,東S,,"12,200",+310,+2.61%,61,12.2倍,0.83倍,5.75%
20260703,2009,リソー教育Ｇ,4714,東P,,197,-2,-1.01%,61,19.7倍,2.75倍,5.08%
20260703,2010,ヤマックス,5285,東S,,"1,361",+3,+0.22%,61,6.91倍,1.30倍,4.41%
20260703,2011,ヨータイ,5357,東P,,"1,742",-4,-0.23%,61,12.4倍,0.93倍,5.17%
20260703,2012,オカアイヨン,6294,東P,,"2,007",+6,+0.30%,61,9.51倍,0.89倍,3.79%
20260703,2013,ＧセブンＨＤ,7508,東P,,"1,385",+3,+0.22%,61,10.5倍,1.71倍,5.05%
20260703,2014,上場２２５Ｍ,1578,東Ｅ,,"5,603",+79,+1.43%,61,ー倍,ー倍,ー%
20260703,2015,オプティマス,9268,東S,,395,-2,-0.50%,61,8.45倍,0.64倍,4.56%
20260703,2016,ｉＳ米増配株,2014,東Ｅ,,320.0,+2.8,+0.88%,61,ー倍,ー倍,ー%
20260703,2017,Ｓ＆Ｊ,5599,東G,,"1,112",+62,+5.90%,60,15.3倍,2.88倍,1.53%
20260703,2018,クエスト,2332,東S,,"1,757",+72,+4.27%,60,10.5倍,1.21倍,3.47%
20260703,2019,河合楽,7952,東P,,"3,265",+50,+1.56%,60,17.6倍,0.60倍,2.91%
20260703,2020,技研製,6289,東P,,"1,785",+35,+2.00%,60,19.7倍,1.10倍,3.03%
20260703,2021,上場銀行１０,540A,東Ｅ,,"1,950",+23,+1.19%,60,ー倍,ー倍,ー%
20260703,2022,モダリス,4883,東G,,33,0,0.00%,60,ー倍,1.15倍,ー%
20260703,2023,電算システム,4072,東P,,"2,903",+20,+0.69%,60,11.9倍,1.25倍,3.44%
20260703,2024,ダイドー,3205,東S,,724,+4,+0.56%,60,25.4倍,1.97倍,6.91%
20260703,2025,野村自動車,1622,東Ｅ,,"33,480","+1,360",+4.23%,60,ー倍,ー倍,ー%
20260703,2026,ｉＳＩＧ債Ｈ,1496,東Ｅ,,"1,687",0,0.00%,59,ー倍,ー倍,ー%
20260703,2027,メンバーズ,2130,東P,,"1,052",+8,+0.77%,59,7.77倍,2.03倍,3.33%
20260703,2028,野村国債Ｄイ,2251,東Ｅ,,891.4,-1.1,-0.12%,59,ー倍,ー倍,ー%
20260703,2029,ジーデップ,5885,東S,,"2,940",+50,+1.73%,59,20.6倍,4.87倍,1.50%
20260703,2030,松本油脂,4365,東S,,"20,180",-570,-2.75%,59,ー倍,0.66倍,ー%
20260703,2031,リプロセル,4978,東G,,130,+6,+4.84%,59,ー倍,1.44倍,ー%
20260703,2032,ソフトフロン,2321,東G,,142,-6,-4.05%,59,ー倍,4.39倍,ー%
20260703,2033,共同ＰＲ,2436,東S,,610,+25,+4.27%,59,11.8倍,2.46倍,1.31%
20260703,2034,サトウ食品,2923,東S,,"8,500",+340,+4.17%,59,ー倍,1.72倍,ー%
20260703,2035,野村外国債券,2511,東Ｅ,,"1,200.5",-4.0,-0.33%,58,ー倍,ー倍,ー%
20260703,2036,ケンコーマヨ,2915,東P,,"1,960",-3,-0.15%,58,9.94倍,0.68倍,3.57%
20260703,2037,石塚硝,5204,東S,,"3,110",+45,+1.47%,58,6.03倍,0.34倍,2.32%
20260703,2038,キャリアＬ,6070,東P,,"2,249",+14,+0.63%,58,9.51倍,1.67倍,5.34%
20260703,2039,ＭｒＭａｘ,8203,東P,,764,+4,+0.53%,58,8.22倍,0.66倍,3.80%
20260703,2040,ＲＥＩＴイン,2094,東Ｅ,,777,-10,-1.27%,58,ー倍,ー倍,ー%
20260703,2041,ユニシアＨＤ,3547,東S,,"1,552",+2,+0.13%,58,40.1倍,2.41倍,ー%
20260703,2042,三菱紙,3864,東P,,"1,015",+7,+0.69%,58,6.84倍,0.43倍,1.97%
20260703,2043,インフ,438A,東G,,815,-12,-1.45%,58,35.3倍,3.04倍,ー%
20260703,2044,勤次郎,4013,東G,,691,+23,+3.44%,58,13.0倍,1.33倍,1.45%
20260703,2045,穴吹興産,8928,東S,,"2,247",+27,+1.22%,57,5.45倍,0.50倍,3.03%
20260703,2046,Ｈ株ブル,1572,東Ｅ,,"6,030",+98,+1.65%,57,ー倍,ー倍,ー%
20260703,2047,イチケン,1847,東S,,"2,675",+21,+0.79%,57,6.93倍,0.97倍,4.67%
20260703,2048,エアーテック,6291,東S,,"1,300",+3,+0.23%,57,12.1倍,0.90倍,4.23%
20260703,2049,ニチリン,5184,東S,,"4,130",+25,+0.61%,57,9.70倍,0.89倍,4.60%
20260703,2050,Ｒフィールド,2910,東P,,"1,339",-2,-0.15%,57,112倍,1.22倍,1.79%
20260703,2051,ｉＳ米高配当,2013,東Ｅ,,304.7,+3.8,+1.26%,57,ー倍,ー倍,ー%
20260703,2052,ヒット,378A,東G,,"1,098",+78,+7.65%,57,17.0倍,2.80倍,1.82%
20260703,2053,フエルト,3512,東S,,"1,042",+41,+4.10%,57,34.9倍,0.78倍,2.69%
20260703,2054,Ｎｏ．１,3562,東S,,"1,580",+18,+1.15%,56,10.4倍,2.36倍,5.00%
20260703,2055,冨士ダイス,6167,東P,,"1,019",+7,+0.69%,56,38.4倍,0.98倍,3.93%
20260703,2056,東リ,7971,東S,,658,-5,-0.75%,56,11.0倍,0.72倍,5.17%
20260703,2057,カンロ,2216,東S,,"1,104",+1,+0.09%,56,13.5倍,2.42倍,2.99%
20260703,2058,Ｊテック・Ｃ,3446,東S,,"1,873",+98,+5.52%,55,64.3倍,4.23倍,ー%
20260703,2059,オプティム,3694,東P,,406,+3,+0.74%,55,ー倍,2.38倍,ー%
20260703,2060,フライト,3753,東S,,174,+5,+2.96%,55,10.6倍,3.81倍,ー%
20260703,2061,フコク,5185,東P,,"1,812",-1,-0.06%,55,11.2倍,0.63倍,5.52%
20260703,2062,ＣＥＨＤ,4320,東S,,"1,718",-29,-1.66%,55,32.9倍,3.51倍,1.40%
20260703,2063,ブライトパス,4594,東G,,46,-2,-4.17%,55,ー倍,2.72倍,ー%
20260703,2064,東洋電,6505,東S,,"2,008",+49,+2.50%,55,8.05倍,0.58倍,3.74%
20260703,2065,シライ電子,6658,東S,,455,+3,+0.66%,55,11.4倍,0.62倍,4.40%
20260703,2066,モロゾフ,2217,東P,,"1,549",-3,-0.19%,55,40.4倍,1.56倍,1.03%
20260703,2067,ファンコミ,2461,東P,,396,-4,-1.00%,55,18.2倍,1.61倍,5.30%
20260703,2068,高千穂交易,2676,東P,,"2,136",+9,+0.42%,54,24.2倍,2.27倍,3.56%
20260703,2069,はてな,3930,東G,,"1,150",+10,+0.88%,54,ー倍,1.63倍,ー%
20260703,2070,インテージＨ,4326,東P,,"1,759",-1,-0.06%,54,21.0倍,1.92倍,2.73%
20260703,2071,愛時計,7723,東P,,"3,000",+7,+0.23%,54,9.98倍,0.88倍,4.00%
20260703,2072,ヒューマンＴ,5621,東G,,"1,532",+8,+0.52%,54,13.2倍,2.79倍,2.28%
20260703,2073,ダブスタ,3925,東P,,"1,213",+18,+1.51%,53,13.7倍,2.45倍,5.77%
20260703,2074,高圧ガス,4097,東P,,"1,116",+5,+0.45%,53,13.4倍,0.73倍,3.58%
20260703,2075,Ｏｎｅ中小型,1493,東Ｅ,,"25,800",+450,+1.78%,53,ー倍,ー倍,ー%
20260703,2076,力の源ＨＤ,3561,東P,,"1,546",+6,+0.39%,53,25.8倍,3.84倍,1.55%
20260703,2077,ヤギ,7460,東S,,"1,690",-6,-0.35%,53,10.4倍,0.82倍,3.55%
20260703,2078,リックス,7525,東P,,"3,500",-15,-0.43%,53,9.46倍,0.99倍,4.63%
20260703,2079,萩原工業,7856,東P,,"1,734",-6,-0.34%,53,16.3倍,0.77倍,4.33%
20260703,2080,ｉＳＱＴＯＰ,392A,東Ｅ,,283.1,-2.8,-0.98%,53,ー倍,ー倍,ー%
20260703,2081,トーカイ,9729,東P,,"2,407",+8,+0.33%,53,12.2倍,0.89倍,3.32%
20260703,2082,ＤＭＳ,9782,東S,,"3,450",+50,+1.47%,53,17.0倍,1.18倍,6.72%
20260703,2083,柿安本店,2294,東P,,"2,515",-4,-0.16%,52,30.1倍,1.55倍,3.38%
20260703,2084,クリナップ,7955,東P,,926,+5,+0.54%,52,9.20倍,0.54倍,3.56%
20260703,2085,大光銀,8537,東S,,"2,843",+19,+0.67%,52,8.21倍,0.34倍,3.73%
20260703,2086,アルインコ,5933,東P,,"1,078",+11,+1.03%,52,9.89倍,0.63倍,4.17%
20260703,2087,東京衡機,7719,東S,,433,+7,+1.64%,52,13.2倍,1.81倍,ー%
20260703,2088,マーベラス,7844,東P,,438,+4,+0.92%,52,13.3倍,0.96倍,3.42%
20260703,2089,アルメディオ,7859,東S,,243,+5,+2.10%,52,ー倍,0.62倍,ー%
20260703,2090,中越パ,3877,東P,,"2,033",+4,+0.20%,52,16.0倍,0.43倍,5.90%
20260703,2091,昭和真空,6384,東S,,"1,780",+5,+0.28%,52,19.6倍,0.90倍,3.93%
20260703,2092,ＹＵＳＨＩＮ,6482,東S,,686,-7,-1.01%,51,23.9倍,0.62倍,ー%
20260703,2093,アステナＨＤ,8095,東P,,500,-3,-0.60%,51,8.60倍,0.73倍,3.60%
20260703,2094,ソーダニッカ,8158,東P,,"1,143",+4,+0.35%,51,10.7倍,0.77倍,3.85%
20260703,2095,野村電機精密,1625,東Ｅ,,"70,010",+720,+1.04%,51,ー倍,ー倍,ー%
20260703,2096,ＴＤＣソフト,4687,東P,,949,+13,+1.39%,51,11.3倍,1.89倍,3.58%
20260703,2097,バルニバービ,3418,東G,,"1,130",+1,+0.09%,51,27.6倍,2.02倍,0.66%
20260703,2098,ニチレキＧ,5011,東P,,"2,078",+1,+0.05%,51,13.8倍,0.74倍,4.09%
20260703,2099,岡部,5959,東P,,898,+1,+0.11%,51,10.7倍,0.64倍,4.68%
20260703,2100,エコス,7520,東P,,"2,301",-15,-0.65%,51,7.31倍,0.88倍,3.04%
20260703,2101,ワタミ,7522,東P,,927,-5,-0.54%,50,ー倍,2.10倍,ー%
20260703,2102,ＳＫジャパン,7608,東S,,812,+29,+3.70%,50,9.96倍,2.05倍,2.96%
20260703,2103,ロボホーム,1435,東S,,164,+3,+1.86%,50,7.29倍,1.34倍,1.22%
20260703,2104,日東富士,2003,東S,,"1,734",-16,-0.91%,50,19.1倍,1.26倍,4.04%
20260703,2105,井村屋Ｇ,2209,東P,,"2,372",-6,-0.25%,50,12.7倍,1.21倍,1.60%
20260703,2106,ジャノメ,6445,東P,,"1,353",-3,-0.22%,50,11.3倍,0.65倍,4.43%
20260703,2107,アルチザ,6778,東S,,689,-5,-0.72%,50,38.3倍,0.88倍,3.63%
20260703,2108,朝日放送ＨＤ,9405,東P,,793,-2,-0.25%,50,12.2倍,0.40倍,2.52%
20260703,2109,ＨＳＨＤ,8699,東S,,"1,160",-12,-1.02%,50,ー倍,0.35倍,ー%
20260703,2110,ラクーンＨＤ,3031,東P,,595,+1,+0.17%,50,38.5倍,2.76倍,3.70%
20260703,2111,ＧＸ高配３０,235A,東Ｅ,,"1,347",+41,+3.14%,50,ー倍,ー倍,ー%
20260703,2112,ＥＭシステム,4820,東P,,500,0,0.00%,50,15.8倍,1.82倍,4.60%
20260703,2113,ＣＯＴＡ,4923,東P,,"1,175",+8,+0.69%,49,25.0倍,2.87倍,1.62%
20260703,2114,アーレスティ,5852,東P,,710,+10,+1.43%,49,35.4倍,0.32倍,4.79%
20260703,2115,イオン九州,2653,東S,,"2,821",-1,-0.04%,49,14.8倍,1.60倍,1.77%
20260703,2116,ヨシムラＨＤ,2884,東P,,616,0,0.00%,49,10.5倍,1.18倍,ー%
20260703,2117,上場ダウヘ有,2562,東Ｅ,,"3,714",+46,+1.25%,49,ー倍,ー倍,ー%
20260703,2118,アールプラン,2983,東G,,"1,514",+54,+3.70%,49,6.11倍,1.97倍,2.97%
20260703,2119,南陽,7417,東S,,"1,640",+58,+3.67%,49,8.85倍,0.72倍,3.96%
20260703,2120,キムラユニテ,9368,東S,,888,+9,+1.02%,49,9.49倍,0.82倍,4.28%
20260703,2121,エフオン,9514,東S,,325,+3,+0.93%,49,10.9倍,0.33倍,2.46%
20260703,2122,アイネス,9742,東P,,"2,151",-20,-0.92%,49,26.3倍,1.21倍,2.56%
20260703,2123,ステップ,9795,東P,,"2,226",-25,-1.11%,49,12.5倍,1.24倍,3.95%
20260703,2124,エディア,3935,東S,,721,-10,-1.37%,49,8.34倍,2.58倍,2.36%
20260703,2125,Ｃ＆Ｒ,4763,東P,,"1,323",+12,+0.92%,49,8.36倍,1.47倍,3.78%
20260703,2126,進和,7607,東P,,"3,295",+40,+1.23%,48,14.3倍,0.95倍,3.76%
20260703,2127,ポラリスＨＤ,3010,東S,,195,-1,-0.51%,48,28.5倍,1.42倍,5.13%
20260703,2128,サンアスタ,4053,東P,,441,+2,+0.46%,48,12.4倍,1.54倍,2.27%
20260703,2129,コンバム,6265,東S,,"3,420",-230,-6.30%,48,22.7倍,0.88倍,1.46%
20260703,2130,ＱＢＮＨＤ,6571,東P,,"1,250",-5,-0.40%,48,12.1倍,1.11倍,3.20%
20260703,2131,空港施設,8864,東S,,948,+10,+1.07%,48,13.8倍,0.76倍,4.43%
20260703,2132,売れるＧ,9235,東G,,503,+6,+1.21%,48,"2,012倍",7.05倍,ー%
20260703,2133,ＧＸＡＩビグ,223A,東Ｅ,,"1,833",-4,-0.22%,48,ー倍,ー倍,ー%
20260703,2134,ユーソナー,431A,東G,,"1,940",+41,+2.16%,48,15.2倍,3.48倍,ー%
20260703,2135,ＧＸ防衛テク,466A,東Ｅ,,"1,069",+29,+2.79%,48,ー倍,ー倍,ー%
20260703,2136,ｉＳシルバー,568A,東Ｅ,,164.5,+4.2,+2.62%,48,ー倍,ー倍,ー%
20260703,2137,リネットＪ,3556,東G,,761,+20,+2.70%,48,9.32倍,7.70倍,ー%
20260703,2138,明治電機工業,3388,東P,,"2,176",+38,+1.78%,47,8.96倍,0.72倍,4.41%
20260703,2139,ファインデ,3649,東P,,818,+8,+0.99%,47,15.3倍,3.54倍,3.30%
20260703,2140,ブリッジ－Ｇ,7039,東G,,"1,686",+7,+0.42%,47,9.02倍,1.38倍,5.63%
20260703,2141,セルシード,7776,東G,,233,+7,+3.10%,47,ー倍,4.58倍,ー%
20260703,2142,エフティ,2763,東S,,"1,070",+18,+1.71%,47,8.37倍,0.90倍,ー%
20260703,2143,テーオーシー,8841,東S,,968,+8,+0.83%,47,27.6倍,0.82倍,1.03%
20260703,2144,東祥,8920,東S,,757,-7,-0.92%,47,8.27倍,0.71倍,1.32%
20260703,2145,ＫＯＺＯＨＤ,9973,東S,,20,-1,-4.76%,47,111倍,10.7倍,ー%
20260703,2146,コーディア,190A,東G,,80,+4,+5.26%,47,ー倍,2.68倍,ー%
20260703,2147,シマダヤ,250A,東S,,"1,658",+28,+1.72%,46,9.12倍,1.28倍,3.26%
20260703,2148,扶桑電通,7505,東S,,"2,306",+45,+1.99%,46,10.4倍,1.51倍,3.86%
20260703,2149,ニチバン,4218,東P,,"1,895",0,0.00%,46,16.6倍,0.86倍,2.11%
20260703,2150,ハリマ化成Ｇ,4410,東P,,"1,056",+13,+1.25%,46,9.69倍,0.63倍,3.98%
20260703,2151,アンジェス,4563,東G,,47,0,0.00%,46,ー倍,9.67倍,ー%
20260703,2152,パラカ,4809,東P,,"2,070",0,0.00%,46,9.99倍,1.00倍,3.38%
20260703,2153,シュッピン,3179,東P,,"1,057",+6,+0.57%,46,12.1倍,2.19倍,3.78%
20260703,2154,タカトリ,6338,東S,,"1,711",+59,+3.57%,46,27.7倍,0.93倍,2.34%
20260703,2155,ウェッジＨＤ,2388,東G,,39,-4,-9.30%,46,ー倍,0.63倍,ー%
20260703,2156,木徳神糧,2700,東S,,"1,798",+14,+0.78%,46,4.91倍,0.72倍,2.78%
20260703,2157,極東貿易,8093,東P,,"1,715",+13,+0.76%,46,8.35倍,0.64倍,4.31%
20260703,2158,あかつき本社,8737,東S,,602,+9,+1.52%,46,5.52倍,0.87倍,4.98%
20260703,2159,フィンテック,8789,東S,,128,+2,+1.59%,45,5.36倍,1.81倍,3.91%
20260703,2160,ＧＸ優先証券,2866,東Ｅ,,"1,014",-6,-0.59%,45,ー倍,ー倍,ー%
20260703,2161,構造計画ＨＤ,208A,東S,,"2,895",+40,+1.40%,45,13.2倍,2.86倍,3.11%
20260703,2162,ユカリア,286A,東G,,705,+15,+2.17%,45,15.2倍,1.21倍,ー%
20260703,2163,ベステラ,1433,東P,,"1,146",+12,+1.06%,45,14.5倍,1.90倍,3.49%
20260703,2164,上場新興国債,1566,東Ｅ,,"54,520",-80,-0.15%,45,ー倍,ー倍,ー%
20260703,2165,三晃金,1972,東S,,"1,268",+13,+1.04%,45,9.98倍,0.88倍,5.05%
20260703,2166,リソル,5261,東P,,"7,720",+120,+1.58%,45,22.0倍,2.34倍,1.55%
20260703,2167,ＴＹＫ,5363,東S,,671,-1,-0.15%,45,6.58倍,0.63倍,4.56%
20260703,2168,ＷＡ,7683,東P,,"1,448",+6,+0.42%,45,31.4倍,2.60倍,1.17%
20260703,2169,ＳＭＤトピク,2557,東Ｅ,,"4,079",0,0.00%,45,ー倍,ー倍,ー%
20260703,2170,ラックランド,9612,東P,,"1,222",+2,+0.16%,45,5.47倍,1.07倍,3.27%
20260703,2171,大庄,9979,東S,,"1,082",+1,+0.09%,45,24.7倍,1.98倍,1.29%
20260703,2172,ＮＦＫＨＤ,6494,東S,,96,0,0.00%,45,44.7倍,0.80倍,ー%
20260703,2173,ＴＯＮＥ,5967,東S,,463,-17,-3.54%,44,9.64倍,0.85倍,2.81%
20260703,2174,ＧＸＵＳ配当,2236,東Ｅ,,"1,515",+12,+0.80%,44,ー倍,ー倍,ー%
20260703,2175,ナレルＧ,9163,東G,,"2,251",+2,+0.09%,44,9.43倍,1.32倍,5.11%
20260703,2176,ラボロＡＩ,5586,東G,,847,+18,+2.17%,44,67.2倍,4.99倍,ー%
20260703,2177,シンカ,149A,東G,,801,+45,+5.95%,44,ー倍,2.59倍,ー%
20260703,2178,鳥取銀,8383,東S,,"1,610",+7,+0.44%,44,9.42倍,0.30倍,3.11%
20260703,2179,ｉＳ米債７,1656,東Ｅ,,319.6,-1.9,-0.59%,44,ー倍,ー倍,ー%
20260703,2180,シンクロ,3963,東P,,322,+16,+5.23%,44,64.0倍,1.90倍,4.66%
20260703,2181,ラクオリア,4579,東G,,481,+10,+2.12%,44,ー倍,1.56倍,ー%
20260703,2182,アルファ,4719,東P,,"3,315",-85,-2.50%,44,12.8倍,1.03倍,4.22%
20260703,2183,シモジマ,7482,東P,,"1,342",-4,-0.30%,44,12.1倍,0.85倍,4.40%
20260703,2184,ＮＳＷ,9739,東P,,"2,525",+3,+0.12%,44,10.0倍,0.99倍,4.95%
20260703,2185,ライク,2462,東P,,"1,499",+5,+0.33%,44,10.5倍,1.63倍,4.00%
20260703,2186,ラサ商事,3023,東S,,"1,827",+24,+1.33%,44,9.63倍,0.82倍,4.38%
20260703,2187,ＧＸ超短円債,502A,東Ｅ,,902.4,-0.1,-0.01%,44,ー倍,ー倍,ー%
20260703,2188,サイバーバズ,7069,東G,,718,+28,+4.06%,44,15.9倍,6.58倍,ー%
20260703,2189,アイドマＨＤ,7373,東G,,"1,220",+27,+2.26%,44,7.88倍,2.39倍,2.46%
20260703,2190,上場ＮＱヘ無,2568,東Ｅ,,"8,268",-6,-0.07%,43,ー倍,ー倍,ー%
20260703,2191,トライアイズ,4840,東S,,685,+9,+1.33%,43,38.2倍,1.30倍,0.15%
20260703,2192,大成ラミック,4994,東S,,"2,420",-20,-0.82%,43,15.5倍,0.57倍,2.89%
20260703,2193,ＳＭＫ,6798,東P,,"3,175",-25,-0.78%,43,25.1倍,0.64倍,3.15%
20260703,2194,塩水糖,2112,東S,,431,-1,-0.23%,43,6.59倍,0.58倍,3.71%
20260703,2195,ＧＸ中国ＥＶ,2254,東Ｅ,,"1,200",+12,+1.01%,43,ー倍,ー倍,ー%
20260703,2196,ブルーイノベ,5597,東G,,"1,388",+68,+5.15%,43,ー倍,41.0倍,ー%
20260703,2197,シナネンＨＤ,8132,東P,,"6,810",+180,+2.71%,43,14.2倍,1.23倍,1.76%
20260703,2198,広ガス,9535,東P,,398,+4,+1.02%,43,12.4倍,0.38倍,3.02%
20260703,2199,イチネンＨＤ,9619,東P,,"2,223",+17,+0.77%,43,7.62倍,0.74倍,3.60%
20260703,2200,スペース,9622,東P,,"1,441",+9,+0.63%,43,10.7倍,1.01倍,5.00%
20260703,2201,燦ＨＤ,9628,東P,,"1,383",-14,-1.00%,43,ー倍,0.85倍,2.91%
20260703,2202,新日本製薬,4931,東P,,"1,976",+6,+0.30%,42,12.3倍,1.80倍,2.88%
20260703,2203,ＧＸＳカバコ,2868,東Ｅ,,"1,147",-6,-0.52%,42,ー倍,ー倍,ー%
20260703,2204,ｉＳ米総合債,2256,東Ｅ,,227.6,-1.4,-0.61%,42,ー倍,ー倍,ー%
20260703,2205,フェイスＮＷ,3489,東S,,768,+1,+0.13%,42,5.99倍,1.84倍,5.86%
20260703,2206,Ｔワークス,3997,東S,,336,+2,+0.60%,42,45.5倍,5.14倍,0.60%
20260703,2207,アミューズ,4301,東P,,"1,880",+11,+0.59%,42,24.4倍,0.85倍,3.40%
20260703,2208,ダイトーケミ,4366,東S,,501,+13,+2.66%,42,19.0倍,0.99倍,1.80%
20260703,2209,第一カッタ,1716,東S,,"1,384",+14,+1.02%,42,9.48倍,0.78倍,2.89%
20260703,2210,暁飯島工業,1997,東S,,"4,170",+85,+2.08%,42,8.87倍,1.02倍,3.24%
20260703,2211,エステー,4951,東P,,"1,500",-5,-0.33%,42,17.4倍,0.93倍,3.07%
20260703,2212,アドバネクス,5998,東S,,"2,776",+1,+0.04%,42,5.70倍,1.12倍,1.80%
20260703,2213,アトラエ,6194,東P,,704,-5,-0.71%,42,17.3倍,4.25倍,4.83%
20260703,2214,ツツミ,7937,東S,,"2,607",+62,+2.44%,42,14.6倍,0.58倍,4.41%
20260703,2215,北電工,6989,東S,,"2,749",+190,+7.42%,42,18.0倍,0.84倍,3.46%
20260703,2216,フラベッドＨ,7840,東P,,"1,239",-10,-0.80%,42,13.5倍,1.03倍,3.39%
20260703,2217,翻訳センター,2483,東S,,"2,260",+82,+3.76%,42,15.2倍,1.08倍,6.19%
20260703,2218,ジーエルシー,2970,東S,,949,+29,+3.15%,41,11.2倍,2.71倍,ー%
20260703,2219,ｉシェア４百,1364,東Ｅ,,"3,801",+26,+0.69%,41,ー倍,ー倍,ー%
20260703,2220,ＰＢＲ１解消,2080,東Ｅ,,"1,985",+31,+1.59%,41,ー倍,ー倍,ー%
20260703,2221,トヨクモ,4058,東G,,"2,136",+82,+3.99%,41,17.8倍,5.63倍,1.26%
20260703,2222,サスメド,4263,東G,,841,-3,-0.36%,41,ー倍,3.52倍,ー%
20260703,2223,田岡化,4113,東S,,713,+29,+4.24%,41,40.9倍,0.52倍,0.84%
20260703,2224,ＣＲＩ,3698,東S,,"1,217",-52,-4.10%,41,13.8倍,1.53倍,2.22%
20260703,2225,東ラヂ,7235,東S,,"1,510",+32,+2.17%,41,7.99倍,0.60倍,5.10%
20260703,2226,イクヨ,7273,東S,,628,0,0.00%,41,300倍,1.38倍,0.48%
20260703,2227,黒田精,7726,東S,,"1,469",+69,+4.93%,41,24.9倍,0.72倍,1.36%
20260703,2228,中発条,5992,東S,,"3,860",-15,-0.39%,41,40.6倍,1.11倍,2.33%
20260703,2229,Ｊファーマ,520A,東G,,296,+8,+2.78%,41,ー倍,1.31倍,ー%
20260703,2230,明和地所,8869,東S,,801,+8,+1.01%,41,6.48倍,0.51倍,4.99%
20260703,2231,プロネクサス,7893,東P,,"1,101",-9,-0.81%,40,13.6倍,1.15倍,4.00%
20260703,2232,三谷商,8066,東S,,"2,679",+41,+1.55%,40,10.6倍,1.20倍,3.28%
20260703,2233,アズジェント,4288,東S,,445,-3,-0.67%,40,34.0倍,3.36倍,ー%
20260703,2234,日本アクア,1429,東P,,736,-2,-0.27%,40,12.0倍,2.19倍,4.76%
20260703,2235,野村電力ガス,1627,東Ｅ,,"11,415",+80,+0.71%,40,ー倍,ー倍,ー%
20260703,2236,大成温調,1904,東S,,"5,080",+50,+0.99%,40,5.96倍,1.03倍,3.90%
20260703,2237,まんだらけ,2652,東S,,424,-1,-0.24%,40,9.75倍,1.07倍,0.24%
20260703,2238,ＣＳＰ,9740,東P,,"2,694",+47,+1.78%,40,16.4倍,0.91倍,2.26%
20260703,2239,リファバスＧ,7375,東G,,"1,254",+17,+1.37%,40,14.0倍,10.6倍,ー%
20260703,2240,アヴィレン,5591,東G,,790,+21,+2.73%,40,21.8倍,6.29倍,ー%
20260703,2241,市光工,7244,東P,,521,+4,+0.77%,40,10.0倍,0.63倍,3.45%
20260703,2242,イチカワ,3513,東S,,"3,600",+115,+3.30%,40,16.8倍,0.63倍,2.78%
20260703,2243,自重堂,3597,東S,,"8,890",+70,+0.79%,40,19.0倍,0.67倍,5.62%
20260703,2244,ｉＦＥナ百有,2841,東Ｅ,,"1,709",-4,-0.23%,39,ー倍,ー倍,ー%
20260703,2245,野村ナスＨ有,2845,東Ｅ,,"3,579",-6,-0.17%,39,ー倍,ー倍,ー%
20260703,2246,グロースコア,1563,東Ｅ,,"2,312",+63,+2.80%,39,ー倍,ー倍,ー%
20260703,2247,野村機械,1624,東Ｅ,,"92,270","+2,170",+2.41%,39,ー倍,ー倍,ー%
20260703,2248,ヤマウラ,1780,東P,,"1,450",+7,+0.49%,39,9.79倍,1.02倍,2.48%
20260703,2249,クックパッド,2193,東S,,121,+5,+4.31%,39,ー倍,0.71倍,ー%
20260703,2250,クレオス,8101,東P,,"2,418",+18,+0.75%,39,11.3倍,0.91倍,4.38%
20260703,2251,ａｂｃ,8783,東S,,92,-1,-1.08%,39,ー倍,0.40倍,ー%
20260703,2252,ＧＷ,3936,東G,,157,+5,+3.29%,39,48.0倍,6.39倍,ー%
20260703,2253,山田コンサル,4792,東P,,"1,662",-4,-0.24%,39,11.0倍,1.61倍,4.63%
20260703,2254,エネクスＩＦ,9286,東IF,,"54,000",+600,+1.12%,39,ー倍,0.69倍,7.54%
20260703,2255,ツカダＧＨＤ,2418,東S,,606,0,0.00%,39,4.74倍,0.76倍,2.31%
20260703,2256,戸上電,6643,東S,,"5,600",+130,+2.38%,39,10.6倍,1.08倍,2.32%
20260703,2257,ＴＭＮ,5258,東G,,392,0,0.00%,39,19.4倍,1.79倍,ー%
20260703,2258,ＲＩＺＡＰ,2928,札Ａ,,191,-1,-0.52%,39,22.8倍,2.26倍,0.70%
20260703,2259,クオルテック,9165,東G,,"1,777",+29,+1.66%,39,13.0倍,1.20倍,2.64%
20260703,2260,野村Ａ成長,2083,東Ｅ,,"3,975",+43,+1.09%,39,ー倍,ー倍,ー%
20260703,2261,インシュア,5843,東S,,"2,273",+56,+2.53%,38,10.6倍,2.26倍,0.97%
20260703,2262,ヒビノ,2469,東S,,"2,772",+13,+0.47%,38,10.6倍,1.96倍,3.25%
20260703,2263,なとり,2922,東P,,"1,952",+7,+0.36%,38,16.8倍,0.89倍,1.54%
20260703,2264,北の達人,2930,東P,,120,+1,+0.84%,38,22.9倍,2.08倍,2.92%
20260703,2265,フォースタ,7089,東G,,"1,552",+4,+0.26%,38,10.7倍,3.64倍,ー%
20260703,2266,東京産,8070,東P,,831,+18,+2.21%,38,12.8倍,0.86倍,4.81%
20260703,2267,理経,8226,東S,,384,+10,+2.67%,38,13.8倍,0.96倍,1.82%
20260703,2268,ＶＮＸ,4422,東G,,585,+28,+5.03%,38,ー倍,5.97倍,ー%
20260703,2269,カルナバイオ,4572,東G,,337,-2,-0.59%,38,ー倍,-39倍,ー%
20260703,2270,カイオム,4583,東G,,76,0,0.00%,38,ー倍,4.47倍,ー%
20260703,2271,北川鉄,6317,東S,,"1,678",+4,+0.24%,38,7.92倍,0.34倍,3.81%
20260703,2272,ヤーマン,6630,東P,,720,-10,-1.37%,38,113倍,1.63倍,1.25%
20260703,2273,コンドー,7438,東P,,"1,539",+15,+0.98%,38,11.6倍,1.02倍,3.77%
20260703,2274,日精線,5659,東P,,"1,490",+24,+1.64%,38,16.3倍,1.07倍,3.09%
20260703,2275,パンチ,6165,東S,,504,+5,+1.00%,38,12.6倍,0.60倍,3.97%
20260703,2276,三協立山,5932,東P,,628,-2,-0.32%,37,ー倍,0.20倍,3.98%
20260703,2277,光・彩,7878,東S,,"1,689",-107,-5.96%,37,9.72倍,1.44倍,1.78%
20260703,2278,ムトー精工,7927,東S,,"2,229",+6,+0.27%,37,5.16倍,0.74倍,5.25%
20260703,2279,ＮＩＳＳＯ,9332,東P,,585,+2,+0.34%,37,9.38倍,1.07倍,4.27%
20260703,2280,ＧＸＵＲ２０,2018,東Ｅ,,"1,304",-1,-0.08%,37,ー倍,ー倍,ー%
20260703,2281,若築建,1888,東P,,"3,290",+50,+1.54%,37,9.52倍,0.78倍,4.41%
20260703,2282,大戸屋ＨＤ,2705,東S,,"7,700",+30,+0.39%,37,40.0倍,13.6倍,0.26%
20260703,2283,Ｕｂｉｃｏｍ,3937,東S,,"1,000",+2,+0.20%,37,11.5倍,2.01倍,ー%
20260703,2284,ソルクシーズ,4284,東S,,436,+3,+0.69%,37,8.74倍,1.35倍,3.21%
20260703,2285,東インキ,4635,東S,,"1,384",+33,+2.44%,37,8.87倍,0.54倍,4.70%
20260703,2286,ｉＳ円高ハン,488A,東Ｅ,,761.9,+5.4,+0.71%,37,ー倍,ー倍,ー%
20260703,2287,ファンディノ,462A,東G,,249,+3,+1.22%,36,ー倍,1.26倍,ー%
20260703,2288,大盛工業,1844,東S,,512,+11,+2.20%,36,19.3倍,1.57倍,2.25%
20260703,2289,北野建,1866,東S,,"1,134",+26,+2.35%,36,7.88倍,0.53倍,2.65%
20260703,2290,ヤマト,1967,東S,,"1,984",+1,+0.05%,36,10.3倍,1.04倍,3.88%
20260703,2291,倉元,5216,東S,,158,-2,-1.25%,36,ー倍,14.2倍,ー%
20260703,2292,日本スキー,6040,東G,,507,+4,+0.80%,36,9.45倍,2.28倍,0.99%
20260703,2293,バリューＨＲ,6078,東P,,"1,466",-20,-1.35%,36,37.3倍,5.94倍,1.91%
20260703,2294,ｉＳＩＧ社債,2257,東Ｅ,,229.6,-1.6,-0.69%,36,ー倍,ー倍,ー%
20260703,2295,東陽倉,9306,東S,,"2,000",-7,-0.35%,36,13.1倍,0.52倍,3.75%
20260703,2296,ＵＥＸ,9888,東S,,990,+22,+2.27%,36,3.71倍,0.54倍,ー%
20260703,2297,オーケーエム,6229,東S,,"1,554",+57,+3.81%,36,9.30倍,0.63倍,3.22%
20260703,2298,明光ネット,4668,東P,,697,-1,-0.14%,36,17.5倍,1.38倍,4.02%
20260703,2299,ＩＤＨＤ,4709,東P,,"1,074",+13,+1.23%,36,12.2倍,2.40倍,4.66%
20260703,2300,ウェルネット,2428,東S,,625,+1,+0.16%,36,11.9倍,1.33倍,4.72%
20260703,2301,ＢＲＵＮＯ,3140,東G,,"1,002",0,0.00%,36,37.8倍,2.50倍,0.40%
20260703,2302,ｕｐｒ,7065,東S,,"1,071",+68,+6.78%,36,12.2倍,0.87倍,3.27%
20260703,2303,エフテック,7212,東S,,678,+18,+2.73%,36,15.7倍,0.22倍,2.95%
20260703,2304,幸楽苑,7554,東P,,"1,098",+1,+0.09%,36,16.8倍,2.94倍,1.37%
20260703,2305,トラースＯＰ,6696,東G,,272,-24,-8.11%,36,ー倍,4.28倍,ー%
20260703,2306,ＭＳジャパン,6539,東P,,958,+2,+0.21%,35,22.0倍,2.50倍,5.85%
20260703,2307,山陽電,9052,東P,,"1,958",0,0.00%,35,14.5倍,0.70倍,2.55%
20260703,2308,中央倉,9319,東P,,"1,802",-10,-0.55%,35,15.3倍,0.66倍,2.33%
20260703,2309,令和ＡＨ,296A,東G,,749,-8,-1.06%,35,19.5倍,10.6倍,4.41%
20260703,2310,ＷＴ銅,1693,東Ｅ,,"8,626",+108,+1.27%,35,ー倍,ー倍,ー%
20260703,2311,サンテック,1960,東S,,"1,509",+10,+0.67%,35,10.1倍,0.69倍,3.64%
20260703,2312,抵抗器,6977,東S,,"1,616",+44,+2.80%,35,20.0倍,1.71倍,1.86%
20260703,2313,たけびし,7510,東P,,"2,312",+26,+1.14%,35,12.0倍,0.84倍,3.46%
20260703,2314,日理化,4406,東S,,204,+2,+0.99%,35,12.7倍,0.39倍,2.21%
20260703,2315,ヒトコムＨＤ,4433,東P,,871,+4,+0.46%,35,12.0倍,0.90倍,4.31%
20260703,2316,早稲アカ,4718,東P,,"2,404",+16,+0.67%,35,16.1倍,2.68倍,3.12%
20260703,2317,野村ＳＰＨ無,2633,東Ｅ,,558.2,-2.1,-0.37%,35,ー倍,ー倍,ー%
20260703,2318,エイビック,9554,東G,,"1,654",+16,+0.98%,34,13.8倍,3.95倍,ー%
20260703,2319,グリッド,5582,東G,,"1,976",+57,+2.97%,34,33.9倍,2.28倍,ー%
20260703,2320,ＭＸ高配日ア,2085,東Ｅ,,740.5,+7.5,+1.02%,34,ー倍,ー倍,ー%
20260703,2321,ウルフハンド,194A,東G,,"1,497",+24,+1.63%,34,13.5倍,3.37倍,ー%
20260703,2322,トヨコー,341A,東G,,"2,028",-7,-0.34%,34,42.3倍,9.28倍,ー%
20260703,2323,ＤＡＩＫＯＸ,8023,東S,,981,+12,+1.24%,34,7.10倍,0.90倍,3.87%
20260703,2324,大東銀,8563,東S,,978,+3,+0.31%,34,7.75倍,0.43倍,4.09%
20260703,2325,タナベＣＧ,9644,東P,,761,0,0.00%,34,21.1倍,2.31倍,3.81%
20260703,2326,Ｄｅｎｋｅｉ,9908,東S,,"2,697",+49,+1.85%,34,8.75倍,0.93倍,4.04%
20260703,2327,オープンＧ,6572,東P,,213,-2,-0.93%,34,18.4倍,1.12倍,3.05%
20260703,2328,日本トリム,6788,東P,,"4,510",-15,-0.33%,34,15.2倍,1.41倍,2.88%
20260703,2329,ニーズウェル,3992,東P,,438,+2,+0.46%,34,18.0倍,3.50倍,3.20%
20260703,2330,サーバワクス,4434,東S,,"1,987",+33,+1.69%,34,16.3倍,1.51倍,1.51%
20260703,2331,日華化学,4463,東S,,"1,707",+12,+0.71%,34,9.71倍,0.76倍,4.10%
20260703,2332,扶桑薬,4538,東P,,"2,136",0,0.00%,34,14.0倍,0.52倍,4.21%
20260703,2333,ＮＣＤ,4783,東S,,"2,430",-4,-0.16%,34,10.7倍,2.30倍,4.94%
20260703,2334,コア,2359,東P,,"1,941",-9,-0.46%,34,9.30倍,1.35倍,3.09%
20260703,2335,北海コカ,2573,東S,,"3,970",+30,+0.76%,34,49.1倍,1.25倍,0.76%
20260703,2336,プレミアムＷ,2588,東S,,"3,785",+65,+1.75%,34,9.06倍,3.61倍,3.17%
20260703,2337,スターシーズ,3083,東S,,"1,015",+24,+2.42%,34,14.6倍,3.18倍,0.99%
20260703,2338,ドーン,2303,東S,,"1,300",+44,+3.50%,33,17.8倍,2.68倍,1.08%
20260703,2339,東北新社,2329,東S,,520,+1,+0.19%,33,ー倍,0.83倍,ー%
20260703,2340,手間いらず,2477,東S,,"2,306",+26,+1.14%,33,12.3倍,2.10倍,1.73%
20260703,2341,アドウェイズ,2489,東S,,297,-3,-1.00%,33,21.9倍,0.84倍,2.21%
20260703,2342,かどや製油,2612,東S,,"1,954",+32,+1.66%,33,26.3倍,1.44倍,2.41%
20260703,2343,シキボウ,3109,東P,,"1,029",-1,-0.10%,33,21.8倍,0.36倍,4.86%
20260703,2344,ゼロ,9028,東S,,"3,685",+10,+0.27%,33,8.60倍,1.35倍,3.81%
20260703,2345,ウネリー,5034,東G,,"2,301",+81,+3.65%,33,21.5倍,3.75倍,ー%
20260703,2346,サイバーリン,3683,東S,,"1,057",+8,+0.76%,33,9.00倍,1.27倍,3.31%
20260703,2347,ドリコム,3793,東G,,417,+10,+2.46%,33,19.9倍,2.40倍,1.20%
20260703,2348,ＴＯブックス,500A,東S,,"2,890",+31,+1.08%,33,7.82倍,1.40倍,2.63%
20260703,2349,スマートＤ,5137,東G,,214,+1,+0.47%,33,9.05倍,6.00倍,ー%
20260703,2350,ＡＲアドバン,5578,東G,,935,-6,-0.64%,33,12.6倍,3.84倍,0.75%
20260703,2351,ＭＸ読売日株,348A,東Ｅ,,304.9,+4.9,+1.63%,33,ー倍,ー倍,ー%
20260703,2352,スカラ,4845,東S,,324,-1,-0.31%,33,13.5倍,1.19倍,5.25%
20260703,2353,Ｃａｓａ,7196,東S,,788,-4,-0.51%,33,38.3倍,1.12倍,2.54%
20260703,2354,新家工,7305,東S,,"2,549",+20,+0.79%,33,14.3倍,0.71倍,5.88%
20260703,2355,ＳＰＫ,7466,東P,,"1,313",-7,-0.53%,33,9.71倍,0.91倍,3.12%
20260703,2356,日本精密,7771,東S,,309,+1,+0.32%,33,37.1倍,3.63倍,ー%
20260703,2357,前沢給装,6485,東S,,"1,520",-9,-0.59%,33,15.5倍,0.76倍,3.95%
20260703,2358,スカイマーク,9204,東G,,429,+12,+2.88%,32,32.3倍,0.76倍,ー%
20260703,2359,ｉＳ米２５,237A,東Ｅ,,163.0,-1.1,-0.67%,32,ー倍,ー倍,ー%
20260703,2360,クロスキャト,2307,東P,,977,-9,-0.91%,32,8.88倍,2.05倍,3.99%
20260703,2361,野村外国株Ｈ,2514,東Ｅ,,"2,014",+13,+0.65%,32,ー倍,ー倍,ー%
20260703,2362,焼肉坂井ＨＤ,2694,東S,,70,0,0.00%,32,156倍,2.65倍,ー%
20260703,2363,丸建リース,9763,東S,,"1,219",+4,+0.33%,32,8.29倍,0.64倍,4.43%
20260703,2364,綿半ＨＤ,3199,東P,,"1,333",-12,-0.89%,32,10.8倍,1.02倍,2.33%
20260703,2365,ナ・デックス,7435,東S,,"1,305",-1,-0.08%,32,9.84倍,0.51倍,3.07%
20260703,2366,日精化,4362,東P,,"2,576",+31,+1.22%,32,10.7倍,1.09倍,4.04%
20260703,2367,ジオスター,5282,東S,,441,+4,+0.92%,32,7.30倍,0.54倍,2.27%
20260703,2368,日東工器,6151,東P,,"1,690",-12,-0.71%,32,21.6倍,0.52倍,1.89%
20260703,2369,ダントーＨＤ,5337,東S,,876,+40,+4.78%,31,ー倍,3.42倍,ー%
20260703,2370,ＫＮＴＣＴ,9726,東S,,"1,820",+15,+0.83%,31,8.69倍,2.71倍,0.55%
20260703,2371,ｉＦプ１５０,2017,東Ｅ,,"1,505",+3,+0.20%,31,ー倍,ー倍,ー%
20260703,2372,上場ＮＱヘ有,2569,東Ｅ,,"4,340",-15,-0.34%,31,ー倍,ー倍,ー%
20260703,2373,フレクト,4414,東G,,"1,185",+35,+3.04%,31,8.51倍,2.86倍,ー%
20260703,2374,ライトアップ,6580,東G,,847,+6,+0.71%,31,8.72倍,1.28倍,2.24%
20260703,2375,サクサ,6675,東S,,"1,961",+29,+1.50%,31,2.07倍,1.04倍,6.37%
20260703,2376,ケアサプライ,2393,東S,,"4,350",-10,-0.23%,31,29.4倍,3.63倍,1.70%
20260703,2377,メディアス,3154,東P,,828,+12,+1.47%,31,14.2倍,0.88倍,2.42%
20260703,2378,フツパー,478A,東G,,760,+1,+0.13%,31,22.3倍,3.64倍,ー%
20260703,2379,ファルコＨＤ,4671,東S,,"2,617",+11,+0.42%,31,13.0倍,1.01倍,4.89%
20260703,2380,ＧＭＯペパボ,3633,東S,,"1,698",+3,+0.18%,31,11.9倍,3.61倍,5.48%
20260703,2381,ＡＭＩ,3773,東G,,"1,119",+3,+0.27%,31,15.3倍,1.20倍,1.97%
20260703,2382,ｅＢＡＳＥ,3835,東P,,407,-4,-0.97%,31,16.7倍,2.43倍,3.73%
20260703,2383,ホクリヨウ,1384,東S,,"2,041",+20,+0.99%,31,7.61倍,0.99倍,3.92%
20260703,2384,日本ホスピス,7061,東G,,582,+10,+1.75%,31,8.23倍,1.39倍,4.30%
20260703,2385,岡谷鋼機,7485,名P,,"4,900",+65,+1.34%,31,6.73倍,0.39倍,1.76%
20260703,2386,今村証券,7175,東S,,"1,404",+23,+1.67%,30,ー倍,0.54倍,ー%
20260703,2387,アールビバン,7523,東S,,"1,718",+7,+0.41%,30,11.2倍,0.97倍,3.49%
20260703,2388,六甲バタ,2266,東P,,"1,085",+8,+0.74%,30,13.3倍,0.60倍,1.84%
20260703,2389,ＰＣＮＥＴ,3021,東S,,"1,761",+16,+0.92%,30,11.0倍,2.39倍,2.95%
20260703,2390,南海化学,4040,東S,,"3,610",+140,+4.03%,30,5.71倍,0.65倍,1.80%
20260703,2391,オートサーバ,5589,東S,,"2,729",+48,+1.79%,30,13.2倍,1.52倍,2.46%
20260703,2392,ケミプロ,4960,東S,,581,-7,-1.19%,30,ー倍,1.87倍,ー%
20260703,2393,日精鉱,5729,東S,,"1,506",+58,+4.01%,30,13.2倍,0.96倍,3.98%
20260703,2394,アサンテ,6073,東P,,"1,452",-3,-0.21%,30,406倍,1.48倍,4.27%
20260703,2395,小池工,6137,東S,,"1,503",+15,+1.01%,30,9.33倍,0.68倍,3.33%
20260703,2396,共栄タ,9130,東S,,"1,452",+27,+1.89%,30,8.54倍,0.43倍,2.75%
20260703,2397,ウインテスト,6721,東S,,89,+1,+1.14%,30,96.7倍,14.6倍,ー%
20260703,2398,共和電,6853,東S,,798,+21,+2.70%,30,16.8倍,1.10倍,2.63%
20260703,2399,ヘリオスＴＨ,6927,東S,,947,+8,+0.85%,30,14.3倍,1.00倍,6.23%
20260703,2400,ビイングＨＤ,9145,東S,,543,+4,+0.74%,30,9.28倍,1.61倍,2.76%
20260703,2401,ファンペップ,4881,東G,,63,+1,+1.61%,30,ー倍,1.97倍,ー%
20260703,2402,ＭＸナスヘ有,2632,東Ｅ,,"18,100",-40,-0.22%,30,ー倍,ー倍,ー%
20260703,2403,インドブル,2046,東EN,,"25,950",+230,+0.89%,30,ー倍,ー倍,ー%
20260703,2404,ＤＷセラピ研,4576,東G,,79,+3,+3.95%,30,ー倍,3.46倍,ー%
20260703,2405,メドレックス,4586,東G,,53,+2,+3.92%,30,ー倍,1.77倍,ー%
20260703,2406,ｃｏｔｔａ,3359,東G,,529,+14,+2.72%,30,8.94倍,1.19倍,1.89%
20260703,2407,ファルコム,3723,東G,,"2,818",+31,+1.11%,30,18.5倍,2.59倍,0.35%
20260703,2408,ＷＨＤＣ,3823,東S,,32,+2,+6.67%,29,ー倍,3.03倍,ー%
20260703,2409,ティアック,6803,東S,,101,+3,+3.06%,29,9.69倍,0.71倍,0.99%
20260703,2410,情報戦略テク,155A,東G,,890,+20,+2.30%,29,21.3倍,4.88倍,ー%
20260703,2411,エータイ,369A,東G,,"2,244",+41,+1.86%,29,16.7倍,2.98倍,2.41%
20260703,2412,Ｓｏｌｖｖｙ,7320,東G,,"1,456",+13,+0.90%,29,9.93倍,3.26倍,1.37%
20260703,2413,ホドルワン,2345,東S,,122,+10,+8.93%,29,ー倍,13.0倍,ー%
20260703,2414,出前館,2484,東S,,124,+2,+1.64%,29,ー倍,0.54倍,ー%
20260703,2415,野村外リート,2515,東Ｅ,,"1,733",+7,+0.41%,29,ー倍,ー倍,ー%
20260703,2416,ブルドック,2804,東P,,"1,752",+4,+0.23%,29,23.3倍,0.87倍,2.57%
20260703,2417,きちりＨＤ,3082,東S,,955,+3,+0.32%,29,30.8倍,5.15倍,0.79%
20260703,2418,ソマール,8152,東S,,"7,950",+360,+4.74%,29,6.14倍,0.69倍,1.26%
20260703,2419,三谷産業,8285,東S,,696,+5,+0.72%,29,16.5倍,0.75倍,1.87%
20260703,2420,ココナラ,4176,東G,,272,+6,+2.26%,29,16.9倍,2.89倍,ー%
20260703,2421,野村独株Ｈ有,2860,東Ｅ,,"3,239",+109,+3.48%,29,ー倍,ー倍,ー%
20260703,2422,中外鉱,1491,東S,,730,+9,+1.25%,29,10.5倍,1.12倍,ー%
20260703,2423,アルトナー,2163,東P,,"2,012",+11,+0.55%,29,17.1倍,4.16倍,4.27%
20260703,2424,ｉＳ米リート,1659,東Ｅ,,"4,037",+6,+0.15%,28,ー倍,ー倍,ー%
20260703,2425,ＷＴ金,1672,東Ｅ,,"62,230",+950,+1.55%,28,ー倍,ー倍,ー%
20260703,2426,田辺工業,1828,東S,,"2,455",+49,+2.04%,28,9.55倍,0.92倍,4.07%
20260703,2427,巴,1921,東S,,"1,779",-44,-2.41%,28,23.0倍,0.82倍,1.35%
20260703,2428,テンポスＨＤ,2751,東S,,"3,670",-20,-0.54%,28,16.3倍,2.52倍,0.25%
20260703,2429,ナフコ,2790,東S,,"2,189",-58,-2.58%,28,42.4倍,0.35倍,2.65%
20260703,2430,丸善ＣＨＩ,3159,東S,,362,+2,+0.56%,28,13.6倍,0.60倍,1.66%
20260703,2431,ライズＣＧ,9168,東G,,399,+3,+0.76%,28,14.5倍,1.34倍,5.26%
20260703,2432,ｉＳ米２０,2255,東Ｅ,,212.2,-1.2,-0.56%,28,ー倍,ー倍,ー%
20260703,2433,チムニー,3178,東S,,"1,127",+17,+1.53%,28,87.0倍,3.40倍,0.44%
20260703,2434,Ｂガレージ,3180,東P,,"1,440",-39,-2.64%,28,13.4倍,2.16倍,1.25%
20260703,2435,ほぼ日,3560,東S,,"4,490",+20,+0.45%,28,21.7倍,1.74倍,2.00%
20260703,2436,Ａバランス,3856,東S,,515,+18,+3.62%,28,ー倍,0.26倍,0.58%
20260703,2437,ネオジャパン,3921,東P,,"1,600",-4,-0.25%,28,12.0倍,2.96倍,3.38%
20260703,2438,ＮＩＴＴＡＮ,6493,東S,,466,+12,+2.64%,28,7.46倍,0.43倍,4.29%
20260703,2439,小野測器,6858,東S,,910,+17,+1.90%,28,11.8倍,0.57倍,3.30%
20260703,2440,識学,7049,東G,,881,+22,+2.56%,28,ー倍,2.92倍,ー%
20260703,2441,グランディ,8999,東P,,518,+2,+0.39%,28,13.7倍,0.60倍,6.18%
20260703,2442,マクアケ,4479,東G,,889,+21,+2.42%,28,17.6倍,1.93倍,ー%
20260703,2443,ビーウィズ,9216,東P,,"1,553",-4,-0.26%,28,31.9倍,2.64倍,4.96%
20260703,2444,ジモティー,7082,東G,,"1,405",+2,+0.14%,27,36.1倍,7.53倍,ー%
20260703,2445,ジャパニアス,9558,東G,,"1,999",+17,+0.86%,27,10.1倍,2.36倍,5.05%
20260703,2446,橋本総業ＨＤ,7570,東S,,"1,437",+20,+1.41%,27,7.56倍,0.77倍,3.62%
20260703,2447,ＰＬＡＮＴ,7646,東S,,"1,751",0,0.00%,27,11.0倍,0.77倍,5.43%
20260703,2448,竹田ｉＰ,7875,東S,,871,+11,+1.28%,27,12.8倍,0.73倍,2.70%
20260703,2449,トリドリ,9337,東G,,"1,650",0,0.00%,27,12.1倍,2.88倍,ー%
20260703,2450,ｊｉｇ．ｊｐ,5244,東G,,173,+1,+0.58%,27,6.15倍,1.42倍,1.69%
20260703,2451,ｉＦ高配５０,354A,東Ｅ,,"3,140",+38,+1.23%,27,ー倍,ー倍,ー%
20260703,2452,明豊ファシリ,1717,東S,,920,+7,+0.77%,27,11.5倍,1.78倍,4.78%
20260703,2453,帝通工,6763,東P,,"2,976",+1,+0.03%,27,19.6倍,0.96倍,4.20%
20260703,2454,ツインバード,6897,東S,,650,+3,+0.46%,27,154倍,1.06倍,2.00%
20260703,2455,プロパスト,3236,東S,,272,+2,+0.74%,27,4.21倍,0.67倍,2.21%
20260703,2456,朝日ネット,3834,東P,,616,-1,-0.16%,27,12.3倍,1.22倍,4.06%
20260703,2457,虹技,5603,東S,,"1,246",+14,+1.14%,27,10.2倍,0.26倍,3.21%
20260703,2458,ファイバーＧ,9450,東S,,754,-11,-1.44%,27,12.0倍,2.20倍,3.58%
20260703,2459,エクスＭ,4394,東G,,450,+19,+4.41%,27,20.5倍,1.63倍,2.78%
20260703,2460,有機薬,4531,東S,,363,+6,+1.68%,27,ー倍,0.58倍,2.75%
20260703,2461,ＭＸ米株ＡＩ,552A,東Ｅ,,"2,577",-38,-1.45%,27,ー倍,ー倍,ー%
20260703,2462,ＧＸ銅ビジ,580A,東Ｅ,,936,+33,+3.65%,27,ー倍,ー倍,ー%
20260703,2463,マミヤＯＰ,7991,東S,,"1,039",+1,+0.10%,27,8.94倍,0.41倍,4.81%
20260703,2464,明豊エンタ,8927,東S,,453,-1,-0.22%,27,6.93倍,1.24倍,2.87%
20260703,2465,信金中央,8421,東証,,"185,800",+200,+0.11%,26,ー倍,ー倍,3.50%
20260703,2466,日産証券Ｇ,8705,東S,,229,+2,+0.88%,26,ー倍,0.89倍,ー%
20260703,2467,スプリックス,7030,東S,,"1,008",+5,+0.50%,26,12.7倍,1.64倍,3.77%
20260703,2468,ヨロズ,7294,東P,,844,+4,+0.48%,26,15.8倍,0.32倍,3.91%
20260703,2469,Ｊティッシュ,7774,東G,,614,+9,+1.49%,26,250倍,4.90倍,ー%
20260703,2470,アクシージア,4936,東S,,330,-1,-0.30%,26,ー倍,0.99倍,3.03%
20260703,2471,サーティワン,2268,東S,,"4,080",+20,+0.49%,26,21.8倍,2.68倍,1.47%
20260703,2472,エンシュウ,6218,東S,,693,+56,+8.79%,26,17.5倍,0.41倍,1.73%
20260703,2473,テクノメデカ,6678,東S,,"1,993",+23,+1.17%,26,17.3倍,0.92倍,4.67%
20260703,2474,ティムス,4891,東G,,108,-1,-0.92%,26,ー倍,1.94倍,ー%
20260703,2475,ＪＲＣ,6224,東G,,"1,350",+18,+1.35%,26,14.0倍,2.99倍,2.52%
20260703,2476,ｉＳインド株,201A,東Ｅ,,188.0,-0.9,-0.48%,26,ー倍,ー倍,ー%
20260703,2477,中村屋,2204,東S,,"3,150",-40,-1.25%,26,19.0倍,0.63倍,2.38%
20260703,2478,英和,9857,東S,,"2,407",+2,+0.08%,26,8.23倍,0.80倍,3.99%
20260703,2479,ＪＫＨＤ,9896,東S,,"1,450",-8,-0.55%,26,9.23倍,0.60倍,4.14%
20260703,2480,わかもと,4512,東S,,279,+4,+1.45%,26,42.1倍,0.81倍,1.25%
20260703,2481,Ｔ＆Ｇニーズ,4331,東P,,661,0,0.00%,25,16.9倍,0.54倍,6.05%
20260703,2482,バイク王,3377,東S,,373,-1,-0.27%,25,9.37倍,0.73倍,2.95%
20260703,2483,ウェルス,3772,東S,,"1,056",+15,+1.44%,25,11.3倍,1.15倍,ー%
20260703,2484,キングジム,7962,東P,,762,0,0.00%,25,33.0倍,0.85倍,1.84%
20260703,2485,ニチモウ,8091,東P,,"2,303",+8,+0.35%,25,7.44倍,0.56倍,4.34%
20260703,2486,太平発,8835,東S,,785,0,0.00%,25,13.0倍,0.38倍,5.16%
20260703,2487,ＡＢ＆Ｃ,9251,東G,,"1,326",-2,-0.15%,25,12.8倍,2.13倍,4.52%
20260703,2488,ラストワンＭ,9252,東G,,"3,520",-25,-0.71%,25,8.54倍,1.89倍,0.85%
20260703,2489,のむら産業,7131,東S,,"3,600",+100,+2.86%,25,8.69倍,1.83倍,2.67%
20260703,2490,フルハシＥ,9221,東S,,"1,158",+5,+0.43%,25,15.1倍,2.16倍,2.76%
20260703,2491,タカミヤ,2445,東S,,401,+1,+0.25%,25,9.94倍,0.80倍,3.99%
20260703,2492,イートアンド,2882,東P,,"2,026",+3,+0.15%,25,50.6倍,2.06倍,0.74%
20260703,2493,マーケットＥ,3135,東S,,"1,053",+22,+2.13%,25,563倍,4.33倍,ー%
20260703,2494,愛眼,9854,東S,,276,-1,-0.36%,25,27.5倍,0.44倍,ー%
20260703,2495,シスエグゼ,548A,東S,,957,+14,+1.48%,25,8.64倍,0.89倍,4.65%
20260703,2496,ホッカンＨＤ,5902,東P,,"2,374",+14,+0.59%,25,8.35倍,0.48倍,4.21%
20260703,2497,ダイジェト,6138,東S,,"1,145",+40,+3.62%,25,11.3倍,0.36倍,3.06%
20260703,2498,野村不動産,1633,東Ｅ,,"52,140",-260,-0.50%,25,ー倍,ー倍,ー%
20260703,2499,サニーサイド,2180,東S,,"1,306",+1,+0.08%,25,15.1倍,3.36倍,0.84%
20260703,2500,上場ＭＳエマ,1681,東Ｅ,,"3,456",+42,+1.23%,24,ー倍,ー倍,ー%
20260703,2501,川崎設備,1777,名M,,"2,529",-10,-0.39%,24,8.78倍,1.84倍,3.76%
20260703,2502,ポピンズ,7358,東S,,"1,459",+25,+1.74%,24,11.9倍,1.53倍,3.22%
20260703,2503,ＧＸリー日株,2641,東Ｅ,,"4,362",+52,+1.21%,24,ー倍,ー倍,ー%
20260703,2504,シャノン,3976,東G,,565,+7,+1.25%,24,11.6倍,2.93倍,ー%
20260703,2505,川口化,4361,東S,,"1,513",+25,+1.68%,24,7.67倍,0.56倍,3.97%
20260703,2506,ＨＥＲＯＺ,4382,東S,,717,+4,+0.56%,24,42.5倍,2.56倍,ー%
20260703,2507,ＮＡＮＯＨＤ,4571,東G,,102,+1,+0.99%,24,ー倍,2.40倍,ー%
20260703,2508,レシップＨＤ,7213,東S,,612,+17,+2.86%,24,7.18倍,0.85倍,4.25%
20260703,2509,安永,7271,東S,,997,+24,+2.47%,24,7.90倍,0.70倍,3.81%
20260703,2510,日新商,7490,東S,,"2,187",+2,+0.09%,24,ー倍,0.56倍,ー%
20260703,2511,オーハシテク,7628,東P,,"1,127",+8,+0.71%,24,13.7倍,0.71倍,3.99%
20260703,2512,ＰＳＳ,7707,東G,,195,+2,+1.04%,24,24.6倍,1.38倍,ー%
20260703,2513,ナルネット,5870,東G,,786,+36,+4.80%,24,8.19倍,1.09倍,3.82%
20260703,2514,三共興,8018,東S,,796,-4,-0.50%,24,14.8倍,0.53倍,3.39%
20260703,2515,高知銀,8416,東S,,"1,261",+24,+1.94%,24,6.66倍,0.33倍,1.98%
20260703,2516,酒井重,6358,東P,,"2,086",+6,+0.29%,24,16.3倍,0.57倍,5.27%
20260703,2517,愛電機,6623,名P,,"9,420",-130,-1.36%,24,12.7倍,1.01倍,2.97%
20260703,2518,太洋テクノ,6663,東S,,317,+4,+1.28%,24,25.6倍,0.72倍,0.95%
20260703,2519,大井電気,6822,東S,,"5,480",+30,+0.55%,24,3.67倍,0.81倍,1.46%
20260703,2520,クロスプラス,3320,東S,,"1,329",-1,-0.08%,24,6.84倍,0.52倍,4.51%
20260703,2521,ＡＩストーム,3719,東S,,182,+2,+1.11%,24,26.0倍,2.37倍,1.65%
20260703,2522,神鋼線,5660,東S,,"1,786",+65,+3.78%,24,ー倍,0.42倍,ー%
20260703,2523,中西製,5941,東S,,"2,504",-1,-0.04%,24,7.78倍,0.69倍,3.99%
20260703,2524,イード,6038,東G,,797,0,0.00%,24,11.5倍,0.77倍,2.89%
20260703,2525,ブランジスタ,6176,東S,,911,0,0.00%,24,6.59倍,1.97倍,7.14%
20260703,2526,ヒガシＨＤ,9029,東S,,"1,950",+40,+2.09%,24,9.43倍,1.58倍,3.18%
20260703,2527,ナック,9788,東P,,512,+2,+0.39%,24,12.2倍,0.89倍,4.30%
20260703,2528,野村新興国債,2519,東Ｅ,,"1,228.0",0,0.00%,24,ー倍,ー倍,ー%
20260703,2529,野村新興国株,2520,東Ｅ,,"2,411",+19,+0.79%,24,ー倍,ー倍,ー%
20260703,2530,ウリドキ,418A,名N,,"1,470",-75,-4.85%,24,28.0倍,14.1倍,ー%
20260703,2531,ＳＳ金,447A,東Ｅ,,267.3,+3.7,+1.40%,23,ー倍,ー倍,ー%
20260703,2532,ＳＥＭＴＥＣ,6626,東S,,"2,030",-5,-0.25%,23,9.50倍,0.82倍,2.76%
20260703,2533,千代田インテ,6915,東S,,"3,270",-5,-0.15%,23,7.86倍,0.71倍,4.89%
20260703,2534,森六,4249,東P,,"2,403",+17,+0.71%,23,11.1倍,0.52倍,5.20%
20260703,2535,ｉＳ米債１３,2620,東Ｅ,,374.8,-2.6,-0.69%,23,ー倍,ー倍,ー%
20260703,2536,アジアＱ,4261,東G,,"3,085",+80,+2.66%,23,14.4倍,2.27倍,ー%
20260703,2537,ヤガミ,7488,名M,,"4,780",-120,-2.45%,23,17.1倍,1.80倍,5.86%
20260703,2538,魚力,7596,東P,,"2,245",-2,-0.09%,23,36.0倍,1.67倍,2.32%
20260703,2539,ＮＥＷＡＲＴ,7638,東S,,"1,361",+3,+0.22%,23,9.34倍,2.09倍,5.88%
20260703,2540,国際計測,7722,東S,,787,+12,+1.55%,23,10.6倍,0.85倍,5.08%
20260703,2541,ＭＸＮＹダウ,2241,東Ｅ,,947.5,+4.1,+0.43%,23,ー倍,ー倍,ー%
20260703,2542,ＪＥＴ,6228,東S,,525,-10,-1.87%,23,ー倍,0.71倍,ー%
20260703,2543,ファーストＡ,5588,東G,,783,+58,+8.00%,23,41.9倍,5.76倍,0.50%
20260703,2544,セラク,6199,東S,,"1,270",+15,+1.20%,23,8.93倍,1.78倍,1.37%
20260703,2545,アグレ都市,3467,東S,,"2,653",+54,+2.08%,23,6.65倍,1.77倍,5.28%
20260703,2546,バロック,3548,東P,,742,-4,-0.54%,23,36.0倍,1.82倍,5.12%
20260703,2547,ポエック,9264,東S,,"1,726",+25,+1.47%,23,11.3倍,1.85倍,4.35%
20260703,2548,学究社,9769,東P,,"2,502",-18,-0.71%,23,12.4倍,3.33倍,5.08%
20260703,2549,スバル,9632,東S,,"3,545",-25,-0.70%,22,14.7倍,1.22倍,2.26%
20260703,2550,アイエスビー,9702,東P,,"2,300",-1,-0.04%,22,14.3倍,1.81倍,3.04%
20260703,2551,フロンティＭ,7038,東P,,547,+5,+0.92%,22,129倍,4.00倍,ー%
20260703,2552,アドヴァンＧ,7463,東S,,908,+5,+0.55%,22,ー倍,0.51倍,4.41%
20260703,2553,小津産業,7487,東S,,"1,806",+2,+0.11%,22,24.9倍,0.78倍,1.38%
20260703,2554,ニホンフラ,7820,東P,,717,+1,+0.14%,22,18.1倍,0.51倍,5.02%
20260703,2555,アトネイチャ,7823,東S,,859,-6,-0.69%,22,23.1倍,1.00倍,3.26%
20260703,2556,トリニ工,6382,東S,,"1,255",+5,+0.40%,22,10.4倍,0.58倍,4.86%
20260703,2557,宮入バ,6495,東S,,139,+7,+5.30%,22,83.7倍,1.68倍,1.44%
20260703,2558,純パラ信託,1543,東Ｅ,,"59,250","+1,140",+1.96%,22,ー倍,ー倍,ー%
20260703,2559,野村建設資材,1619,東Ｅ,,"51,390",+60,+0.12%,22,ー倍,ー倍,ー%
20260703,2560,ＷＴ天然ガス,1689,東Ｅ,,854,-1,-0.12%,22,ー倍,ー倍,ー%
20260703,2561,上場高配当,1698,東Ｅ,,"4,132",+45,+1.10%,22,ー倍,ー倍,ー%
20260703,2562,ファンタジス,1783,東S,,52,+2,+4.00%,22,35.9倍,1.53倍,ー%
20260703,2563,ｉＦ台湾テク,413A,東Ｅ,,"4,090",+55,+1.36%,22,ー倍,ー倍,ー%
20260703,2564,梅乃宿酒造,559A,東S,,"1,029",0,0.00%,22,19.7倍,1.77倍,2.04%
20260703,2565,コリー,4175,東G,,"2,498",+128,+5.40%,22,ー倍,2.86倍,ー%
20260703,2566,スパイダー,4192,東G,,266,0,0.00%,22,ー倍,3.54倍,ー%
20260703,2567,タカノ,7885,東S,,"1,127",+12,+1.08%,22,23.5倍,0.53倍,1.77%
20260703,2568,ナカバヤシ,7987,東S,,563,-1,-0.18%,22,7.83倍,0.50倍,3.91%
20260703,2569,ｕｎｂａｎｋ,8746,東S,,106,-1,-0.93%,22,ー倍,0.63倍,ー%
20260703,2570,片倉コープ,4031,東S,,"1,058",+11,+1.05%,22,19.0倍,0.41倍,2.65%
20260703,2571,情報企画,3712,東S,,914,+26,+2.93%,22,12.6倍,1.86倍,2.63%
20260703,2572,ＪＩＧＳＡＷ,3914,東G,,"2,424",-3,-0.12%,22,ー倍,4.65倍,ー%
20260703,2573,ＧＥＮＯＶＡ,9341,東P,,597,+4,+0.67%,22,8.70倍,1.64倍,5.03%
20260703,2574,農中独債７Ｈ,2091,東Ｅ,,"4,589",-11,-0.24%,22,ー倍,ー倍,ー%
20260703,2575,全保連,5845,東S,,"1,020",+10,+0.99%,22,10.6倍,3.30倍,4.71%
20260703,2576,ｉＳＨＹ社債,2258,東Ｅ,,232.3,-0.7,-0.30%,22,ー倍,ー倍,ー%
20260703,2577,アズパートナ,160A,東S,,"2,000",+30,+1.52%,22,5.49倍,1.39倍,4.00%
20260703,2578,ｉＳＳＴ２０,313A,東Ｅ,,262.1,0,0.00%,22,ー倍,ー倍,ー%
20260703,2579,プログレス,339A,東G,,919,-2,-0.22%,22,6.96倍,1.17倍,3.26%
20260703,2580,ＪＴＰ,2488,東S,,"1,337",-3,-0.22%,22,10.4倍,1.80倍,3.74%
20260703,2581,ワッツ,2735,東S,,632,+14,+2.27%,22,9.32倍,0.63倍,3.16%
20260703,2582,新田ゼラチン,4977,東S,,"1,336",+12,+0.91%,22,10.1倍,1.00倍,2.99%
20260703,2583,日精蝋,5010,東S,,237,+5,+2.16%,22,5.85倍,0.70倍,ー%
20260703,2584,オーナンバ,5816,東S,,"1,688",+42,+2.55%,21,10.8倍,0.72倍,4.15%
20260703,2585,トレンダ,6069,東G,,659,+3,+0.46%,21,11.4倍,1.19倍,5.46%
20260703,2586,アライドアキ,6081,東G,,164,0,0.00%,21,138倍,1.59倍,ー%
20260703,2587,ＯＵＧＨＤ,8041,東S,,"4,280",+10,+0.23%,21,7.22倍,0.56倍,4.02%
20260703,2588,センチュ２１,8898,東S,,"1,129",+4,+0.36%,21,14.0倍,1.66倍,4.69%
20260703,2589,フリージア,6343,東S,,160,+5,+3.23%,21,4.50倍,0.43倍,0.38%
20260703,2590,ブティックス,9272,東G,,"1,539",+31,+2.06%,21,10.5倍,5.68倍,ー%
20260703,2591,東証リート,2555,東Ｅ,,"1,901.0",+26.0,+1.39%,21,ー倍,ー倍,ー%
20260703,2592,ＡＩクロス,4476,東G,,965,+30,+3.21%,21,10.2倍,1.85倍,ー%
20260703,2593,松屋Ｒ＆Ｄ,7317,東G,,"1,101",0,0.00%,21,ー倍,2.90倍,ー%
20260703,2594,紀文食品,2933,東P,,"1,065",+1,+0.09%,21,9.50倍,0.95倍,2.16%
20260703,2595,ヌーラボ,5033,東G,,890,-23,-2.52%,21,11.7倍,2.86倍,ー%
20260703,2596,オーテック,1736,東S,,"2,522",+22,+0.88%,21,10.3倍,1.47倍,3.89%
20260703,2597,ニＳＰＥＷ無,426A,東Ｅ,,"1,249",+2,+0.16%,21,ー倍,ー倍,ー%
20260703,2598,株主還元７０,2529,東Ｅ,,"2,230",+25,+1.13%,21,ー倍,ー倍,ー%
20260703,2599,エバラ食品,2819,東S,,"2,420",-14,-0.58%,21,23.6倍,0.65倍,2.07%
20260703,2600,Ｊグループ,3063,東G,,"1,175",-8,-0.68%,21,53.5倍,17.5倍,0.43%
20260703,2601,ウインＰ,3183,東P,,"1,241",0,0.00%,21,15.4倍,1.47倍,4.43%
20260703,2602,ジェネパ,3195,東S,,536,+9,+1.71%,21,24.3倍,2.08倍,ー%
20260703,2603,クラウドＷ,3900,東G,,590,-5,-0.84%,21,ー倍,1.44倍,ー%
20260703,2604,ニイタカ,4465,東S,,"2,147",+3,+0.14%,21,8.49倍,0.80倍,3.54%
20260703,2605,野村独十債Ｈ,2245,東Ｅ,,716.5,+1.0,+0.14%,21,ー倍,ー倍,ー%
20260703,2606,伊沢タオル,365A,東S,,742,+4,+0.54%,21,10.6倍,1.63倍,5.66%
20260703,2607,プログリット,9560,東G,,755,+14,+1.89%,20,9.77倍,3.72倍,2.91%
20260703,2608,ＦＩＸＥＲ,5129,東G,,261,-3,-1.14%,20,ー倍,1.63倍,ー%
20260703,2609,モンラボ,5255,東G,,80,+4,+5.26%,20,ー倍,6.93倍,ー%
20260703,2610,ＥＴＳ・Ｇ,253A,東S,,"1,125",+30,+2.74%,20,14.5倍,1.90倍,2.04%
20260703,2611,アサヒエイト,5341,東S,,178,+6,+3.49%,20,ー倍,1.51倍,ー%
20260703,2612,日亜鋼,5658,東S,,357,-1,-0.28%,20,13.4倍,0.30倍,2.80%
20260703,2613,ＣＫサンエツ,5757,東P,,"5,350",+90,+1.71%,20,6.80倍,0.80倍,1.87%
20260703,2614,中本パックス,7811,東S,,"1,962",+12,+0.62%,20,7.95倍,0.83倍,3.77%
20260703,2615,グローバルＩ,4171,東S,,"1,660",0,0.00%,20,24.3倍,1.93倍,ー%
20260703,2616,アクモス,6888,東S,,467,-1,-0.21%,20,13.7倍,1.38倍,5.35%
20260703,2617,葉ガス,9539,東S,,"1,465",-59,-3.87%,20,16.2倍,0.43倍,1.77%
20260703,2618,両毛システム,9691,東S,,"5,190",0,0.00%,20,ー倍,1.11倍,ー%
20260703,2619,タキヒヨー,9982,東S,,"2,604",0,0.00%,20,13.5倍,0.68倍,1.92%
20260703,2620,朝日印刷,3951,東S,,873,0,0.00%,20,10.8倍,0.51倍,4.35%
20260703,2621,エイトレッド,3969,東S,,"1,390",+30,+2.21%,20,13.3倍,1.88倍,2.59%
20260703,2622,チタン,4098,東S,,"1,019",+11,+1.09%,20,14.4倍,0.57倍,1.18%
20260703,2623,ブロメディア,4347,東S,,"1,787",-19,-1.05%,20,14.3倍,2.52倍,3.64%
20260703,2624,ＫｅｙＨ,4712,東S,,726,-4,-0.55%,20,13.7倍,0.60倍,1.52%
20260703,2625,コイケヤ,2226,東S,,"4,730",+10,+0.21%,20,19.4倍,2.37倍,1.16%
20260703,2626,イメージワン,2667,東S,,132,+4,+3.13%,20,8.83倍,1.85倍,ー%
20260703,2627,ひらまつ,2764,東S,,146,+2,+1.39%,20,35.8倍,1.69倍,0.84%
20260703,2628,Ｗディッシュ,2901,東S,,193,+1,+0.52%,20,18.2倍,0.92倍,2.07%
20260703,2629,ヒトトヒトＨ,549A,東S,,469,+5,+1.08%,20,9.73倍,2.29倍,4.57%
20260703,2630,バッファロー,3352,東S,,"1,668",+61,+3.80%,20,8.06倍,0.60倍,4.20%
20260703,2631,電算,3640,東S,,"2,363",-3,-0.13%,19,7.71倍,0.81倍,4.23%
20260703,2632,瑞光,6279,東P,,891,-7,-0.78%,19,18.1倍,0.65倍,2.24%
20260703,2633,加地テック,6391,東S,,"4,400",-10,-0.23%,19,9.97倍,0.86倍,1.59%
20260703,2634,ベストワン,6577,東G,,"2,325",+10,+0.43%,19,14.3倍,3.30倍,1.12%
20260703,2635,テクノロジー,5248,東G,,530,+17,+3.31%,19,ー倍,6.37倍,ー%
20260703,2636,千趣会,8165,東S,,107,-1,-0.93%,19,3.71倍,0.31倍,ー%
20260703,2637,１ｓｔコーポ,1430,東S,,934,-1,-0.11%,19,6.09倍,1.09倍,4.93%
20260703,2638,ＷＴプラチナ,1674,東Ｅ,,"24,220",+370,+1.55%,19,ー倍,ー倍,ー%
20260703,2639,ＧＸメタ日株,2646,東Ｅ,,"3,754",+68,+1.84%,19,ー倍,ー倍,ー%
20260703,2640,ピックルス,2935,東P,,"1,130",-10,-0.88%,19,11.6倍,0.71倍,2.57%
20260703,2641,桜ゴム,5189,東S,,"3,385",+280,+9.02%,19,ー倍,0.65倍,ー%
20260703,2642,日金属,5491,東S,,847,+6,+0.71%,19,10.7倍,0.19倍,0.59%
20260703,2643,ファインシン,5994,東S,,"1,005",-3,-0.30%,19,8.60倍,0.30倍,2.49%
20260703,2644,ＳＢＩＩＧ,7326,東G,,"2,088",+16,+0.77%,19,14.3倍,1.08倍,2.83%
20260703,2645,アルビス,7475,東P,,"2,500",-9,-0.36%,19,15.5倍,0.63倍,2.80%
20260703,2646,遠藤製作所,7841,東S,,"1,090",0,0.00%,19,9.58倍,0.42倍,3.67%
20260703,2647,ノムラシス,3940,東S,,113,0,0.00%,19,14.1倍,1.54倍,3.14%
20260703,2648,日化産,4094,東S,,"2,095",+25,+1.21%,19,32.6倍,0.80倍,4.30%
20260703,2649,チムスピ,4397,東G,,382,+6,+1.60%,19,18.2倍,4.95倍,ー%
20260703,2650,エスケー化研,4628,東S,,"9,130",-30,-0.33%,19,13.0倍,0.70倍,1.97%
20260703,2651,エプコ,2311,東S,,753,+5,+0.67%,19,13.9倍,1.46倍,4.65%
20260703,2652,ぐるなび,2440,東S,,125,-2,-1.57%,19,ー倍,1.35倍,ー%
20260703,2653,ジェイテック,2479,東S,,241,+5,+2.12%,19,10.8倍,1.31倍,ー%
20260703,2654,篠崎屋,2926,東S,,105,+1,+0.96%,19,ー倍,1.33倍,2.86%
20260703,2655,ＫＴＫ,3035,東S,,830,-20,-2.35%,19,10.8倍,0.93倍,2.41%
20260703,2656,ＷＤＩ,3068,東S,,"2,991",+14,+0.47%,19,53.5倍,2.85倍,0.57%
20260703,2657,セイヒョー,2872,東S,,"2,002",+4,+0.20%,18,29.6倍,1.87倍,0.90%
20260703,2658,Ｈａｍｅｅ,3134,東S,,281,+1,+0.36%,18,19.6倍,0.62倍,1.07%
20260703,2659,サイフューズ,4892,東G,,556,+3,+0.54%,18,ー倍,2.13倍,ー%
20260703,2660,Ａパーチェス,7115,東S,,"1,600",-12,-0.74%,18,13.9倍,2.35倍,2.31%
20260703,2661,クラダシ,5884,東G,,567,-3,-0.53%,18,55.5倍,4.33倍,ー%
20260703,2662,ドリムアーツ,4811,東G,,796,+3,+0.38%,18,15.0倍,3.17倍,2.51%
20260703,2663,ポスプラ,198A,東G,,149,+4,+2.76%,18,ー倍,2.18倍,ー%
20260703,2664,クリヤマＨＤ,3355,東S,,"1,583",+20,+1.28%,18,8.21倍,0.62倍,3.85%
20260703,2665,デリカフＨＤ,3392,東S,,860,+19,+2.26%,18,7.98倍,1.34倍,3.14%
20260703,2666,ＳＭＩＮＯＥ,3501,東P,,"1,097",+10,+0.92%,18,36.4倍,0.44倍,3.65%
20260703,2667,ＰバンＣＯＭ,3559,東S,,415,+1,+0.24%,18,15.3倍,1.35倍,2.41%
20260703,2668,ペガサス,6262,東S,,521,+6,+1.17%,18,49.9倍,0.38倍,ー%
20260703,2669,ＣＲＡＶＩＡ,6573,東G,,24,-1,-4.00%,18,ー倍,3.07倍,ー%
20260703,2670,不二電機,6654,東S,,"1,135",+5,+0.44%,18,26.3倍,0.56倍,2.82%
20260703,2671,協立電機,6874,東S,,"2,570",+57,+2.27%,18,8.46倍,0.95倍,3.50%
20260703,2672,ｋｕｂｅｌｌ,4448,東G,,297,-1,-0.34%,18,ー倍,5.84倍,ー%
20260703,2673,ｒａｋｕｍｏ,4060,東G,,"1,121",+49,+4.57%,18,20.6倍,3.47倍,1.25%
20260703,2674,ｉＦＥナ百ベ,2842,東Ｅ,,"12,100",+55,+0.46%,18,ー倍,ー倍,ー%
20260703,2675,ファースト住,8917,東S,,"1,102",+13,+1.19%,18,10.2倍,0.37倍,3.90%
20260703,2676,カネコ種,1376,東S,,"1,459",+6,+0.41%,18,10.7倍,0.63倍,3.29%
20260703,2677,タイガポリ,4231,東S,,"1,028",+12,+1.18%,18,8.27倍,0.42倍,3.70%
20260703,2678,メディシス,4350,東S,,473,-1,-0.21%,18,13.8倍,0.80倍,2.54%
20260703,2679,明海グループ,9115,東S,,839,+21,+2.57%,18,13.6倍,0.54倍,ー%
20260703,2680,アジア航,9233,東S,,"1,175",+16,+1.38%,18,10.5倍,0.91倍,3.74%
20260703,2681,ショーエイ,9385,東S,,745,+23,+3.19%,18,5.92倍,1.12倍,4.70%
20260703,2682,カンセキ,9903,東S,,872,-44,-4.80%,18,20.3倍,0.97倍,2.29%
20260703,2683,ＧＭＢ,7214,東S,,988,+18,+1.86%,18,5.26倍,0.23倍,4.76%
20260703,2684,ミクニ,7247,東S,,364,+1,+0.28%,18,7.20倍,0.31倍,4.12%
20260703,2685,日本モゲジＳ,7192,東S,,580,+16,+2.84%,17,9.37倍,0.89倍,5.17%
20260703,2686,ヤマノＨＤ,7571,東S,,85,+1,+1.19%,17,23.2倍,1.99倍,1.76%
20260703,2687,ＫＩＭＯＴＯ,7908,東S,,237,+2,+0.85%,17,ー倍,0.55倍,ー%
20260703,2688,早稲田学習研,5869,東S,,"1,188",+2,+0.17%,17,ー倍,1.64倍,4.47%
20260703,2689,ＰＲＩＳＭバ,206A,東G,,142,-2,-1.39%,17,ー倍,2.48倍,ー%
20260703,2690,ウェルネス,366A,東G,,"1,087",+18,+1.68%,17,11.8倍,2.33倍,3.68%
20260703,2691,不二サッシ,5940,東S,,715,+3,+0.42%,17,5.60倍,0.35倍,4.20%
20260703,2692,ＺＥＴＡ,6031,東G,,264,0,0.00%,17,17.7倍,6.83倍,1.70%
20260703,2693,レントラクス,6045,東G,,"1,511",-15,-0.98%,17,13.1倍,2.01倍,1.65%
20260703,2694,イーガーディ,6050,東P,,"1,702",+5,+0.29%,17,19.1倍,1.64倍,2.23%
20260703,2695,ｆｏｎｆｕｎ,2323,東S,,270,+9,+3.45%,17,12.7倍,4.24倍,ー%
20260703,2696,総医研ＨＤ,2385,東G,,209,+3,+1.46%,17,45.5倍,0.89倍,4.78%
20260703,2697,ＷＤＢ,2475,東P,,"1,758",-19,-1.07%,17,12.2倍,1.03倍,5.35%
20260703,2698,アクシス,4012,東S,,"1,674",+23,+1.39%,17,10.3倍,1.75倍,3.41%
20260703,2699,さくらさく,7097,東G,,"3,005",0,0.00%,17,16.0倍,1.99倍,0.93%
20260703,2700,ネオマーケ,4196,東S,,"1,695",-2,-0.12%,17,41.9倍,4.54倍,ー%
20260703,2701,ブレインズ,4075,東G,,895,+15,+1.70%,17,32.5倍,3.00倍,ー%
20260703,2702,クラウディア,3607,東S,,345,-4,-1.15%,17,8.93倍,0.64倍,2.90%
20260703,2703,ＢＳ１１,9414,東S,,917,+7,+0.77%,17,12.5倍,0.67倍,3.27%
20260703,2704,アゴーラＨＧ,9704,東S,,32,-1,-3.03%,17,34.0倍,1.54倍,ー%
20260703,2705,リリカラ,9827,東S,,614,0,0.00%,17,11.3倍,0.98倍,5.86%
20260703,2706,やまや,9994,東S,,"2,025",+14,+0.70%,17,10.5倍,0.59倍,3.56%
20260703,2707,野村ＪＰＸ,1591,東Ｅ,,"36,850",+190,+0.52%,17,ー倍,ー倍,ー%
20260703,2708,野村運輸物流,1628,東Ｅ,,"20,715",+40,+0.19%,17,ー倍,ー倍,ー%
20260703,2709,ＧＭＯコマス,410A,東G,,"1,139",+24,+2.15%,17,14.5倍,2.33倍,4.44%
20260703,2710,ロンシール,4224,東S,,"2,020",+3,+0.15%,17,8.87倍,0.47倍,4.21%
20260703,2711,フジプレアム,4237,東S,,344,+1,+0.29%,17,34.4倍,1.28倍,1.74%
20260703,2712,東海ソフト,4430,東S,,"1,660",+5,+0.30%,17,8.85倍,1.21倍,3.61%
20260703,2713,大幸薬品,4574,東P,,272,-5,-1.81%,17,24.8倍,1.65倍,1.29%
20260703,2714,プロパテＤＢ,4389,東G,,995,-49,-4.69%,16,11.6倍,3.12倍,3.22%
20260703,2715,ミヨシ,4404,東S,,"1,845",+25,+1.37%,16,12.6倍,0.44倍,3.79%
20260703,2716,ＡＩＡＩ,6557,東G,,638,+21,+3.40%,16,5.91倍,1.27倍,ー%
20260703,2717,いつも,7694,東G,,441,-6,-1.34%,16,14.0倍,1.04倍,ー%
20260703,2718,ロボペイ,4374,東G,,"2,428",+94,+4.03%,16,15.5倍,6.77倍,1.28%
20260703,2719,ノバック,5079,東S,,"2,503",+6,+0.24%,16,16.8倍,0.69倍,4.79%
20260703,2720,ヒロセ通商,7185,東S,,"3,875",0,0.00%,16,ー倍,1.10倍,ー%
20260703,2721,今仙電機,7266,東S,,903,-10,-1.10%,16,8.34倍,0.34倍,3.54%
20260703,2722,興研,7963,東S,,"1,775",+51,+2.96%,16,10.4倍,0.63倍,1.97%
20260703,2723,九州リース,8596,東S,,"1,467",+11,+0.76%,16,7.90倍,0.73倍,4.23%
20260703,2724,シーラＨＤ,8887,東S,,358,+3,+0.85%,16,2.07倍,0.76倍,3.63%
20260703,2725,オートＷ,2666,東S,,168,0,0.00%,16,10.1倍,0.54倍,2.38%
20260703,2726,新都ＨＤ,2776,東S,,95,+2,+2.15%,16,25.3倍,1.52倍,ー%
20260703,2727,はごろも,2831,東S,,"3,465",-25,-0.72%,16,10.9倍,0.66倍,2.02%
20260703,2728,ハブ,3030,東S,,815,+8,+0.99%,16,31.1倍,3.04倍,1.23%
20260703,2729,中可鍛,5607,名M,,615,-2,-0.32%,16,6.07倍,0.30倍,3.09%
20260703,2730,ユニバー園芸,6061,東S,,"2,670",+15,+0.56%,16,12.2倍,1.62倍,0.49%
20260703,2731,Ｔスマート,6246,東S,,"1,938",+40,+2.11%,16,15.9倍,1.07倍,4.75%
20260703,2732,明治機,6334,東S,,470,-4,-0.84%,16,50.6倍,1.65倍,1.28%
20260703,2733,オオバ,9765,東P,,"1,121",+2,+0.18%,16,12.6倍,1.34倍,3.93%
20260703,2734,ＡＮＡＰＨＤ,3189,東S,,113,+3,+2.73%,16,ー倍,0.93倍,ー%
20260703,2735,共和レ,3553,東S,,872,+3,+0.35%,16,ー倍,0.57倍,5.96%
20260703,2736,サイオス,3744,東S,,522,+9,+1.75%,16,12.2倍,2.39倍,0.96%
20260703,2737,ＰＣＩＨＤ,3918,東S,,"1,218",-1,-0.08%,16,9.59倍,1.24倍,4.76%
20260703,2738,野村食品,1617,東Ｅ,,"48,120",+50,+0.10%,16,ー倍,ー倍,ー%
20260703,2739,ナカノフドー,1827,東S,,"1,266",+3,+0.24%,16,15.0倍,0.87倍,1.97%
20260703,2740,植木組,1867,東S,,"2,585",+54,+2.13%,16,7.91倍,0.54倍,4.26%
20260703,2741,名工建,1869,名M,,"1,980",+14,+0.71%,15,9.09倍,0.58倍,3.33%
20260703,2742,ＮＹダウベア,2041,東EN,,"1,955",-16,-0.81%,15,ー倍,ー倍,ー%
20260703,2743,フマキラ,4998,東S,,"1,176",0,0.00%,15,11.9倍,0.72倍,2.04%
20260703,2744,日鋳造,5609,東S,,914,+2,+0.22%,15,12.2倍,0.38倍,2.74%
20260703,2745,パワーソリュ,4450,東G,,"1,994",+53,+2.73%,15,28.8倍,1.71倍,1.30%
20260703,2746,ＨＣＨ,7361,東G,,"1,169",+9,+0.78%,15,8.35倍,2.48倍,3.85%
20260703,2747,ＭＣＰｓ,4360,東S,,831,+21,+2.59%,15,ー倍,0.60倍,1.81%
20260703,2748,フォトシンス,4379,東G,,403,+14,+3.60%,15,21.1倍,2.48倍,ー%
20260703,2749,ｉＦ高リート,210A,東Ｅ,,"1,600",-9,-0.56%,15,ー倍,ー倍,ー%
20260703,2750,竹本容器,4248,東S,,869,-2,-0.23%,15,11.7倍,0.87倍,4.37%
20260703,2751,ＣＬＨＤ,4286,東S,,"1,144",-21,-1.80%,15,11.2倍,1.57倍,2.71%
20260703,2752,キューブシス,2335,東P,,"1,045",+3,+0.29%,15,10.6倍,1.39倍,4.40%
20260703,2753,石光商事,2750,東S,,"1,261",+26,+2.11%,15,5.67倍,0.73倍,4.36%
20260703,2754,Ｔアルファ,3089,東S,,"1,030",+9,+0.88%,15,ー倍,0.79倍,3.40%
20260703,2755,ＣＲＧＨＤ,7041,東G,,352,+1,+0.28%,15,19.6倍,0.66倍,2.56%
20260703,2756,アストマクス,7162,東S,,264,+8,+3.13%,15,ー倍,0.46倍,ー%
20260703,2757,ホクシン,7897,東S,,101,+3,+3.06%,15,22.0倍,0.49倍,1.98%
20260703,2758,東北銀,8349,東S,,"1,416",-1,-0.07%,15,8.49倍,0.57倍,3.53%
20260703,2759,白鳩,3192,東S,,354,-4,-1.12%,15,169倍,0.95倍,ー%
20260703,2760,フィルＣ,3267,東S,,724,+15,+2.12%,15,6.48倍,1.21倍,3.45%
20260703,2761,北紡,3409,東S,,84,0,0.00%,15,133倍,1.73倍,ー%
20260703,2762,ダイニック,3551,東S,,"1,320",+10,+0.76%,15,5.47倍,0.36倍,3.48%
20260703,2763,巴川コーポ,3878,東S,,787,+6,+0.77%,15,17.2倍,0.44倍,1.91%
20260703,2764,三相電機,6518,東S,,"1,919",+81,+4.41%,15,10.3倍,0.70倍,1.30%
20260703,2765,防衛航空欧州,498A,東EN,,"9,400",+415,+4.62%,15,ー倍,ー倍,ー%
20260703,2766,ギークリー,505A,東S,,"1,143",+9,+0.79%,15,9.54倍,3.64倍,2.62%
20260703,2767,ＪＰＸ１００,526A,東Ｅ,,"1,937",+63,+3.36%,15,ー倍,ー倍,ー%
20260703,2768,バトンズ,554A,東G,,"1,310",+16,+1.24%,15,23.0倍,8.76倍,ー%
20260703,2769,ＭＴＩ,9438,東P,,558,-1,-0.18%,15,11.5倍,1.57倍,3.58%
20260703,2770,神奈交,9081,東P,,"3,570",-60,-1.65%,14,11.7倍,0.69倍,2.52%
20260703,2771,北恵,9872,東S,,903,+3,+0.33%,14,15.0倍,0.59倍,3.10%
20260703,2772,サノヤスＨＤ,7022,東S,,259,+6,+2.37%,14,10.9倍,0.70倍,2.90%
20260703,2773,あんしん保証,7183,東S,,254,+1,+0.40%,14,ー倍,1.70倍,ー%
20260703,2774,安楽亭,7562,東S,,"3,760",+15,+0.40%,14,22.8倍,2.10倍,0.40%
20260703,2775,シード,7743,東S,,512,0,0.00%,14,11.5倍,0.80倍,2.93%
20260703,2776,ＡＩｉｎｓ,4488,東G,,"2,095",+32,+1.55%,14,22.9倍,1.68倍,ー%
20260703,2777,スポーツＦ,7080,東G,,797,-11,-1.36%,14,6.92倍,2.20倍,2.89%
20260703,2778,東京通信Ｇ,7359,東G,,222,-3,-1.33%,14,20.3倍,2.89倍,ー%
20260703,2779,アルマード,4932,東S,,685,+17,+2.54%,14,ー倍,3.49倍,ー%
20260703,2780,野村コア３０,1311,東Ｅ,,"2,090",+6,+0.29%,14,ー倍,ー倍,ー%
20260703,2781,アクシーズ,1381,東S,,"3,515",-10,-0.28%,14,8.22倍,0.85倍,3.20%
20260703,2782,野村小売,1630,東Ｅ,,"38,620",+840,+2.22%,14,ー倍,ー倍,ー%
20260703,2783,美樹工業,1718,東S,,"6,950",-10,-0.14%,14,6.79倍,0.43倍,4.32%
20260703,2784,ｎｍｓ,2162,東S,,539,0,0.00%,14,18.8倍,2.05倍,1.67%
20260703,2785,日エンター,4829,東S,,106,0,0.00%,14,90.6倍,0.87倍,2.83%
20260703,2786,ＭＯＲＥＳＣ,5018,東S,,"1,919",-23,-1.18%,14,11.4倍,0.75倍,2.87%
20260703,2787,マルゼン,5982,東S,,"3,925",+60,+1.55%,14,11.8倍,1.19倍,3.18%
20260703,2788,ウエスコＨＤ,6091,東S,,956,+8,+0.84%,14,15.0倍,0.75倍,2.93%
20260703,2789,メタリアル,6182,東G,,545,0,0.00%,14,37.1倍,2.96倍,ー%
20260703,2790,ＫＧ情報,2408,東S,,832,+1,+0.12%,14,16.8倍,0.99倍,4.45%
20260703,2791,シンワワイズ,2437,東S,,501,-7,-1.38%,14,100倍,2.71倍,ー%
20260703,2792,日食品,2892,東S,,"4,210",+25,+0.60%,14,13.5倍,0.67倍,3.56%
20260703,2793,ＦＣＥ,9564,東S,,506,+5,+1.00%,14,12.9倍,2.65倍,1.98%
20260703,2794,北海電工,1832,札証,,"1,374",0,0.00%,14,8.28倍,0.77倍,1.46%
20260703,2795,ケイファーマ,4896,東G,,715,+37,+5.46%,14,ー倍,8.19倍,ー%
20260703,2796,クロスＥ,231A,福Ｑ,,"1,050",+8,+0.77%,14,12.2倍,0.88倍,5.24%
20260703,2797,細火工,4274,東S,,"1,068",+17,+1.62%,14,19.4倍,1.23倍,1.22%
20260703,2798,ＳＳ米株,449A,東Ｅ,,821.4,-3.0,-0.36%,14,ー倍,ー倍,ー%
20260703,2799,ＧＬ・再エネ,509A,東IF,,"75,000",+100,+0.13%,14,ー倍,6.89倍,2.40%
20260703,2800,夢展望,3185,東G,,144,+1,+0.70%,14,ー倍,140倍,ー%
20260703,2801,ソフトＭＡＸ,3671,東S,,303,+3,+1.00%,14,12.6倍,1.89倍,3.30%
20260703,2802,フィスコ,3807,東G,,88,+1,+1.15%,14,226倍,5.85倍,ー%
20260703,2803,中央魚,8030,東S,,"3,600",0,0.00%,14,6.54倍,0.39倍,3.33%
20260703,2804,フォーバル,8275,東S,,998,-9,-0.89%,14,11.9倍,1.38倍,3.21%
20260703,2805,エイシアンＳ,8946,東S,,76,0,0.00%,14,15.0倍,0.80倍,ー%
20260703,2806,藤商事,6257,東S,,"1,010",+9,+0.90%,14,10.1倍,0.49倍,5.45%
20260703,2807,東京機,6335,東S,,650,-6,-0.91%,14,9.19倍,0.55倍,ー%
20260703,2808,油研工,6393,東S,,"2,941",+57,+1.98%,14,10.5倍,0.45倍,5.10%
20260703,2809,鈴茂器工,6405,東S,,"1,072",+10,+0.94%,14,19.0倍,0.93倍,3.26%
20260703,2810,ゲームカード,6249,東S,,"2,462",+2,+0.08%,13,14.4倍,0.57倍,4.06%
20260703,2811,大日光,6635,東S,,713,-2,-0.28%,13,6.66倍,0.65倍,2.24%
20260703,2812,プロパテクノ,5527,東G,,647,+7,+1.09%,13,6.20倍,0.98倍,3.86%
20260703,2813,サキガケＨＤ,5891,東S,,"1,555",-21,-1.33%,13,35.2倍,1.80倍,1.48%
20260703,2814,野村Ｐ１５０,159A,東Ｅ,,729.0,+9.0,+1.25%,13,ー倍,ー倍,ー%
20260703,2815,グロースｘＰ,244A,東G,,"1,239",+9,+0.73%,13,8.06倍,1.14倍,ー%
20260703,2816,ＭＩＣ,300A,東S,,"2,917",0,0.00%,13,15.4倍,2.23倍,2.64%
20260703,2817,セルソース,4880,東S,,325,-5,-1.52%,13,ー倍,1.10倍,ー%
20260703,2818,アシロ,7378,東G,,"1,598",+44,+2.83%,13,11.5倍,3.97倍,4.07%
20260703,2819,シイエヌエス,4076,東G,,"1,693",-7,-0.41%,13,9.25倍,1.18倍,3.25%
20260703,2820,ＭＸ米債ヘ無,2838,東Ｅ,,"8,976",-57,-0.63%,13,ー倍,ー倍,ー%
20260703,2821,ＴＯＲＩＣＯ,7138,東G,,131,+3,+2.34%,13,ー倍,1.29倍,ー%
20260703,2822,坪田ラボ,4890,東G,,239,-3,-1.24%,13,90.5倍,7.14倍,ー%
20260703,2823,東海リース,9761,東S,,"2,312",+12,+0.52%,13,9.10倍,0.46倍,5.19%
20260703,2824,ビステム,9780,東S,,915,+2,+0.22%,13,8.16倍,0.82倍,3.93%
20260703,2825,ケーユーＨＤ,9856,東S,,"1,150",-2,-0.17%,13,6.44倍,0.52倍,5.04%
20260703,2826,ピアラ,7044,東S,,474,+3,+0.64%,13,15.6倍,5.30倍,ー%
20260703,2827,日本プラスト,7291,東S,,464,+3,+0.65%,13,5.45倍,0.23倍,5.39%
20260703,2828,ＮＡＴＴＹ,7674,東G,,"2,880",+9,+0.31%,13,704倍,5.42倍,ー%
20260703,2829,林兼,2286,東S,,892,+7,+0.79%,13,6.07倍,0.54倍,5.04%
20260703,2830,エヌアイデイ,2349,東S,,"2,419",-52,-2.10%,13,10.5倍,1.09倍,1.24%
20260703,2831,ｉＳ最小分散,1477,東Ｅ,,"3,297",+43,+1.32%,13,ー倍,ー倍,ー%
20260703,2832,日本ハウス,1873,東P,,303,0,0.00%,13,8.85倍,0.53倍,3.96%
20260703,2833,ＳＳＳＫＨＤ,4838,東S,,646,+7,+1.10%,13,8.60倍,1.19倍,4.64%
20260703,2834,Ａ＆ＡＭ,5391,東S,,"1,489",+16,+1.09%,13,6.86倍,0.48倍,4.70%
20260703,2835,フジマック,5965,東S,,"1,132",-1,-0.09%,13,3.53倍,0.56倍,5.30%
20260703,2836,アドベンチャ,6030,東G,,"1,406",-17,-1.19%,13,10.1倍,1.09倍,ー%
20260703,2837,ミトラＧ,6093,東S,,163,-1,-0.61%,13,16.7倍,2.04倍,3.68%
20260703,2838,小田原エンジ,6149,東S,,"2,155",+11,+0.51%,13,14.4倍,0.67倍,3.25%
20260703,2839,フジコピアン,7957,東S,,"1,785",+91,+5.37%,13,4.56倍,0.34倍,6.61%
20260703,2840,リヒトラブ,7975,東S,,"1,105",+13,+1.19%,13,18.7倍,0.34倍,2.26%
20260703,2841,ルックＨＤ,8029,東S,,"2,706",-25,-0.92%,13,12.7倍,0.51倍,3.70%
20260703,2842,丸藤パ,8046,東S,,865,+9,+1.05%,13,8.52倍,0.46倍,4.39%
20260703,2843,ナイス,8089,東S,,"1,844",-4,-0.22%,13,6.69倍,0.36倍,4.28%
20260703,2844,Ａクリエイト,8798,東P,,126,-1,-0.79%,13,10.3倍,8.61倍,ー%
20260703,2845,富士ユナイト,416A,東S,,"1,189",+22,+1.89%,13,13.1倍,0.80倍,5.21%
20260703,2846,サイプレス,428A,東S,,"1,270",+10,+0.79%,13,31.1倍,6.34倍,0.79%
20260703,2847,サイバＳＯＬ,436A,東G,,"1,009",+11,+1.10%,13,13.3倍,3.76倍,3.77%
20260703,2848,ニ日経２２５,473A,東Ｅ,,"1,405",+26,+1.89%,13,ー倍,ー倍,ー%
20260703,2849,テラテクノ,483A,東S,,"2,150",+18,+0.84%,13,8.44倍,1.27倍,4.19%
20260703,2850,川崎地質,4673,東S,,"4,685",+65,+1.41%,13,5.52倍,0.73倍,2.56%
20260703,2851,Ｆ－ブレイン,3927,東S,,932,+9,+0.98%,12,15.2倍,2.35倍,1.72%
20260703,2852,ミンカブ,4436,東G,,433,+5,+1.17%,12,13.3倍,4.61倍,ー%
20260703,2853,リブワーク,1431,東G,,643,+4,+0.63%,12,78.7倍,3.44倍,1.00%
20260703,2854,上場ＭＳ世界,1554,東Ｅ,,"6,820",+25,+0.37%,12,ー倍,ー倍,ー%
20260703,2855,上場外債毎月,1677,東Ｅ,,"61,270",-60,-0.10%,12,ー倍,ー倍,ー%
20260703,2856,ナカボテック,1787,東S,,"5,700",+340,+6.34%,12,15.1倍,1.49倍,4.56%
20260703,2857,北浜ＣＰ,2134,東S,,26,0,0.00%,12,7.93倍,2.73倍,ー%
20260703,2858,レンティア,7081,東S,,"1,329",-12,-0.89%,12,9.32倍,1.17倍,2.78%
20260703,2859,カラダノート,4014,東G,,507,+21,+4.32%,12,14.0倍,5.41倍,ー%
20260703,2860,ワンプラ,4199,東G,,667,-13,-1.91%,12,ー倍,5.09倍,ー%
20260703,2861,コラントッテ,7792,東G,,"1,451",+1,+0.07%,12,9.43倍,2.38倍,3.03%
20260703,2862,モイ,5031,東G,,342,+12,+3.64%,12,ー倍,2.91倍,ー%
20260703,2863,丸山製,6316,東S,,"2,765",+64,+2.37%,12,11.9倍,0.50倍,2.71%
20260703,2864,ヨシタケ,6488,東S,,965,-3,-0.31%,12,8.83倍,0.67倍,3.73%
20260703,2865,ハナツアーＪ,6561,東G,,815,+30,+3.82%,12,7.18倍,2.31倍,5.15%
20260703,2866,ジオマテック,6907,東S,,665,+11,+1.68%,12,14.8倍,0.52倍,ー%
20260703,2867,菊水ＨＤ,6912,東S,,"1,996",-23,-1.14%,12,10.3倍,1.06倍,2.96%
20260703,2868,ココルポート,9346,東G,,"1,614",-19,-1.16%,12,10.3倍,1.90倍,3.78%
20260703,2869,ｉＦＳＰＷベ,2249,東Ｅ,,"9,781",-74,-0.75%,12,ー倍,ー倍,ー%
20260703,2870,中バス,9085,札証,,"6,100",+100,+1.67%,12,13.3倍,0.49倍,ー%
20260703,2871,カドスＣ,211A,東S,,"3,760",+40,+1.08%,12,11.8倍,0.86倍,4.79%
20260703,2872,ガーデン,274A,東S,,"2,230",+11,+0.50%,12,19.0倍,2.07倍,4.04%
20260703,2873,ブッキングＲ,324A,東G,,704,+4,+0.57%,12,10.2倍,2.14倍,ー%
20260703,2874,ＧＸ中国テク,380A,東Ｅ,,971,+12,+1.25%,12,ー倍,ー倍,ー%
20260703,2875,ゲンダイ,2411,東S,,463,+8,+1.76%,12,9.79倍,1.31倍,5.40%
20260703,2876,上場リートＭ,2552,東Ｅ,,"1,975",+51,+2.65%,12,ー倍,ー倍,ー%
20260703,2877,太陽化,2902,名M,,"2,796",+16,+0.58%,12,9.75倍,0.85倍,3.61%
20260703,2878,ＡＦＣ－ＨＤ,2927,東S,,852,+4,+0.47%,12,8.03倍,0.77倍,4.23%
20260703,2879,東海運,9380,東S,,418,+5,+1.21%,12,14.3倍,0.63倍,2.15%
20260703,2880,フォーバルＲ,9423,東S,,103,+1,+0.98%,12,20.0倍,3.35倍,2.91%
20260703,2881,田中精密,7218,東S,,"1,003",+1,+0.10%,12,5.79倍,0.33倍,3.39%
20260703,2882,アスカ,7227,名M,,"1,800",-15,-0.83%,12,6.63倍,0.65倍,3.00%
20260703,2883,ムサシ,7521,東S,,"2,769",+19,+0.69%,12,48.3倍,0.51倍,1.30%
20260703,2884,アイナボＨＤ,7539,東S,,806,-8,-0.98%,12,11.7倍,0.69倍,3.23%
20260703,2885,ＢＲＡＮＵ,460A,東G,,877,+26,+3.06%,12,15.2倍,4.11倍,ー%
20260703,2886,インテリクス,463A,東S,,915,+7,+0.77%,12,6.33倍,0.64倍,5.14%
20260703,2887,ウッドワン,7898,東S,,865,+4,+0.46%,12,20.1倍,0.18倍,2.77%
20260703,2888,カノークス,8076,東S,,"2,006",-2,-0.10%,12,9.55倍,0.59倍,5.28%
20260703,2889,アドバンＲＭ,8769,東S,,513,+8,+1.58%,12,9.54倍,1.86倍,3.70%
20260703,2890,駒井ハルテク,5915,東S,,"2,345",+19,+0.82%,12,71.6倍,0.31倍,2.99%
20260703,2891,シンメンテ,6086,東G,,"1,038",+14,+1.37%,12,14.8倍,4.23倍,2.12%
20260703,2892,土木管理,6171,東S,,386,+8,+2.12%,12,12.1倍,1.04倍,3.11%
20260703,2893,アルファＣｏ,3434,東S,,"1,237",+7,+0.57%,12,11.9倍,0.31倍,4.12%
20260703,2894,信和,3447,東S,,959,+6,+0.63%,12,8.13倍,0.77倍,3.75%
20260703,2895,ユニネク,3566,東G,,861,+6,+0.70%,12,14.5倍,2.29倍,0.70%
20260703,2896,インタートレ,3747,東S,,405,+4,+1.00%,12,12.1倍,2.43倍,ー%
20260703,2897,ジーダット,3841,東S,,"1,250",+49,+4.08%,12,22.9倍,1.33倍,3.20%
20260703,2898,ＡＧＳ,3648,東S,,"1,120",+11,+0.99%,11,10.2倍,1.17倍,3.21%
20260703,2899,和心,9271,東G,,951,-11,-1.14%,11,9.53倍,4.61倍,1.26%
20260703,2900,サンリツ,9366,東S,,"1,000",+2,+0.20%,11,8.05倍,0.46倍,3.80%
20260703,2901,ベルパーク,9441,東S,,"2,428",+28,+1.17%,11,9.01倍,1.06倍,4.20%
20260703,2902,エブレン,6599,東S,,"3,075",+65,+2.16%,11,11.6倍,0.91倍,1.89%
20260703,2903,ＧＸバイ日株,2639,東Ｅ,,"1,673",+25,+1.52%,11,ー倍,ー倍,ー%
20260703,2904,ベイシス,4068,東G,,"1,596",-11,-0.68%,11,23.0倍,1.38倍,ー%
20260703,2905,ステムセル研,7096,東G,,741,+22,+3.06%,11,71.1倍,2.78倍,ー%
20260703,2906,上場豪債ヘ無,2844,東Ｅ,,"5,629",+7,+0.12%,11,ー倍,ー倍,ー%
20260703,2907,うるる,3979,東G,,395,+4,+1.02%,11,14.0倍,2.94倍,1.09%
20260703,2908,ヴィッツ,4440,東S,,"1,135",+14,+1.25%,11,10.4倍,1.50倍,1.59%
20260703,2909,バルテスＨＤ,4442,東G,,403,+8,+2.03%,11,13.1倍,2.20倍,0.99%
20260703,2910,デルタフライ,4598,東G,,133,+2,+1.53%,11,ー倍,63.0倍,ー%
20260703,2911,ｉＳ米債７Ｈ,1482,東Ｅ,,"1,577",+4,+0.25%,11,ー倍,ー倍,ー%
20260703,2912,野村素材化学,1620,東Ｅ,,"39,120",+200,+0.51%,11,ー倍,ー倍,ー%
20260703,2913,野村情通サ他,1626,東Ｅ,,"44,030",+270,+0.62%,11,ー倍,ー倍,ー%
20260703,2914,藤田エンジ,1770,東S,,"2,072",+72,+3.60%,11,9.51倍,0.92倍,3.28%
20260703,2915,極楽湯ＨＤ,2340,東S,,492,+1,+0.20%,11,ー倍,3.38倍,1.22%
20260703,2916,オリコンＨＤ,2498,東S,,"3,085",0,0.00%,11,9.53倍,1.20倍,4.05%
20260703,2917,あじかん,2907,東S,,"1,566",+17,+1.10%,11,10.2倍,0.64倍,3.70%
20260703,2918,ＵＭＣエレ,6615,東P,,227,+2,+0.89%,11,ー倍,0.58倍,ー%
20260703,2919,フェンオール,6870,東S,,"2,726",-7,-0.26%,11,17.4倍,1.01倍,2.86%
20260703,2920,ＧＸホリ日Ｒ,2098,東Ｅ,,981,+12,+1.24%,11,ー倍,ー倍,ー%
20260703,2921,ダイブＧ,151A,東G,,641,+2,+0.31%,11,9.97倍,2.00倍,ー%
20260703,2922,野村ＳＰ配貴,364A,東Ｅ,,"2,558",+21,+0.83%,11,ー倍,ー倍,ー%
20260703,2923,ＢＰカストロ,5015,東S,,989,-6,-0.60%,11,19.9倍,2.32倍,5.06%
20260703,2924,モリ工業,5464,東S,,950,-1,-0.11%,11,11.3倍,0.62倍,3.58%
20260703,2925,三ッ星,5820,東S,,731,+12,+1.67%,11,10.6倍,0.42倍,2.33%
20260703,2926,那須鉄,5922,東S,,"17,790",-160,-0.89%,11,11.9倍,0.63倍,2.53%
20260703,2927,野村高配ＣＦ,518A,東Ｅ,,"1,930",+30,+1.58%,11,ー倍,ー倍,ー%
20260703,2928,コナカ,7494,東S,,233,+5,+2.19%,11,4.97倍,0.45倍,4.29%
20260703,2929,田中商事,7619,東S,,881,-7,-0.79%,11,6.23倍,0.46倍,3.52%
20260703,2930,クワザワＨＤ,8104,東S,,688,+3,+0.44%,11,8.85倍,0.59倍,4.36%
20260703,2931,重松製,7980,東S,,810,+17,+2.14%,10,7.89倍,0.61倍,1.85%
20260703,2932,シリウスＶ,6276,東S,,306,-4,-1.29%,10,2.74倍,0.69倍,ー%
20260703,2933,オーケストラ,6533,東P,,"1,183",+8,+0.68%,10,11.5倍,1.68倍,2.54%
20260703,2934,ＬＴＳ,6560,東P,,"1,809",-24,-1.31%,10,7.59倍,1.62倍,2.21%
20260703,2935,ケル,6919,東S,,"1,380",-7,-0.50%,10,83.7倍,0.66倍,5.80%
20260703,2936,浜木綿,7682,東S,,"4,060",-5,-0.12%,10,48.1倍,5.17倍,0.42%
20260703,2937,ウィルズ,4482,東G,,711,+1,+0.14%,10,15.1倍,5.32倍,2.53%
20260703,2938,ＷＤＢココ,7079,東G,,"2,618",ー,ー%,10,9.26倍,1.32倍,3.82%
20260703,2939,ＳＴＩＦＨＤ,2932,東S,,"1,062",+10,+0.95%,10,11.1倍,1.89倍,3.77%
20260703,2940,スタメン,4019,東G,,636,+4,+0.63%,10,21.0倍,3.72倍,1.26%
20260703,2941,Ｚｅｎｋｅｎ,7371,東G,,719,-4,-0.55%,10,25.0倍,0.69倍,3.62%
20260703,2942,ラキール,4074,東G,,780,+1,+0.13%,10,13.3倍,1.45倍,ー%
20260703,2943,グローバルＳ,7126,東S,,"1,542",+4,+0.26%,10,9.80倍,1.59倍,3.05%
20260703,2944,ベガコーポ,3542,東G,,"1,399",+2,+0.14%,10,16.2倍,2.05倍,1.29%
20260703,2945,ＤＬＥ,3686,東S,,75,+1,+1.35%,10,21.7倍,2.46倍,ー%
20260703,2946,ユビＡＩ,3858,東S,,302,+2,+0.67%,10,ー倍,1.65倍,ー%
20260703,2947,いちごグリン,9282,東IF,,"48,050",-800,-1.64%,10,27.8倍,1.63倍,7.37%
20260703,2948,ビート,9399,東S,,11,0,0.00%,10,ー倍,ー倍,ー%
20260703,2949,ＮＣＳ＆Ａ,9709,東S,,"1,248",+4,+0.32%,10,10.2倍,1.34倍,4.65%
20260703,2950,マキヤ,9890,東S,,"1,342",+14,+1.05%,10,8.95倍,0.60倍,2.83%
20260703,2951,ティア,2485,東S,,472,+2,+0.43%,10,10.1倍,1.17倍,4.87%
20260703,2952,上場ＳＰヘ有,2521,東Ｅ,,"2,125",+5,+0.24%,10,ー倍,ー倍,ー%
20260703,2953,ユニカフェ,2597,東S,,"1,120",+15,+1.36%,10,28.8倍,2.09倍,ー%
20260703,2954,ベクターＨＤ,2656,東S,,165,+3,+1.85%,10,15.5倍,5.07倍,ー%
20260703,2955,オルバヘルス,2689,東S,,"1,903",+16,+0.85%,10,8.54倍,0.90倍,4.20%
20260703,2956,ＳＡＮＫＯ,2762,東S,,87,0,0.00%,10,ー倍,19.0倍,ー%
20260703,2957,スガイ,4120,東S,,"3,200",+50,+1.59%,10,ー倍,0.50倍,2.81%
20260703,2958,ジャストプラ,4287,東S,,457,0,0.00%,10,10.7倍,1.38倍,2.84%
20260703,2959,トビラシステ,4441,東S,,"1,420",-20,-1.39%,10,27.6倍,5.06倍,1.41%
20260703,2960,ケミファ,4539,東S,,"1,550",0,0.00%,10,93.7倍,0.29倍,3.23%
20260703,2961,ｉＳ先進国株,1657,東Ｅ,,"7,280",-4,-0.05%,10,ー倍,ー倍,ー%
20260703,2962,金先物ベア,2037,東EN,,"1,300",-28,-2.11%,10,ー倍,ー倍,ー%
20260703,2963,じもとＨＤ,7161,東S,,508,+5,+0.99%,10,3.97倍,1.45倍,0.98%
20260703,2964,イントラスト,7191,東S,,"1,084",+14,+1.31%,10,13.2倍,2.99倍,4.57%
20260703,2965,ＴＢＫ,7277,東S,,322,0,0.00%,10,17.1倍,0.33倍,2.48%
20260703,2966,栄電子,7567,東S,,530,+1,+0.19%,10,20.7倍,0.56倍,2.45%
20260703,2967,フクビ,7871,東S,,930,+20,+2.20%,10,ー倍,0.46倍,3.33%
20260703,2968,上場ＳＰレ２,2239,東Ｅ,,"25,870",+165,+0.64%,10,ー倍,ー倍,ー%
20260703,2969,ＳＨＩＮＫＯ,7120,東S,,"1,054",+17,+1.64%,10,7.27倍,2.18倍,4.17%
20260703,2970,筑邦銀,8398,福証,,"2,020",-28,-1.37%,10,7.61倍,0.32倍,2.97%
20260703,2971,イタミアート,168A,東G,,"1,091",-4,-0.37%,10,9.60倍,1.21倍,1.83%
20260703,2972,レント,372A,東S,,"5,010",+45,+0.91%,10,7.43倍,0.98倍,4.19%
20260703,2973,ＳＳ米高配,451A,東Ｅ,,297.3,-1.1,-0.37%,10,ー倍,ー倍,ー%
20260703,2974,ＧＸ日経株主,465A,東Ｅ,,"1,251",-3,-0.24%,9,ー倍,ー倍,ー%
20260703,2975,Ｓワイヤー,3929,東G,,279,-5,-1.76%,9,9.99倍,1.84倍,ー%
20260703,2976,Ｖゴルフ,3931,東G,,"1,975",+11,+0.56%,9,32.4倍,3.43倍,1.27%
20260703,2977,日ピグＨＤ,4119,東S,,"5,380",-90,-1.65%,9,6.50倍,0.38倍,1.86%
20260703,2978,Ｊストリーム,4308,東G,,355,+6,+1.72%,9,16.5倍,0.82倍,3.94%
20260703,2979,ジェイック,7073,東G,,"2,483",+38,+1.55%,9,18.5倍,2.40倍,2.22%
20260703,2980,ニッソウ,1444,東G,,"2,851",+4,+0.14%,9,ー倍,1.88倍,ー%
20260703,2981,コマースワン,4496,東G,,765,-2,-0.26%,9,16.3倍,2.03倍,5.49%
20260703,2982,ｉ３,4495,東G,,"1,789",+9,+0.51%,9,12.5倍,2.92倍,2.12%
20260703,2983,ニューラルＧ,4056,東G,,221,-3,-1.34%,9,ー倍,2.29倍,ー%
20260703,2984,ペイクラウド,4015,東G,,513,-2,-0.39%,9,22.2倍,1.76倍,ー%
20260703,2985,Ｅｎｊｉｎ,7370,東G,,710,+9,+1.28%,9,17.4倍,1.12倍,5.63%
20260703,2986,セカンドＸ,5028,東G,,395,+3,+0.77%,9,23.0倍,3.20倍,ー%
20260703,2987,ホームポジ,2999,東S,,603,+4,+0.67%,9,23.6倍,0.95倍,1.66%
20260703,2988,富山銀,8365,東S,,"2,279",+21,+0.93%,9,11.6倍,0.39倍,2.41%
20260703,2989,ランビジネス,8944,東S,,238,0,0.00%,9,9.17倍,0.28倍,2.52%
20260703,2990,オリジン,6513,東S,,"1,074",-10,-0.92%,9,55.1倍,0.24倍,3.72%
20260703,2991,カネ美食品,2669,東S,,"4,010",-5,-0.12%,9,21.6倍,1.27倍,0.95%
20260703,2992,ＪＦＬＡＨＤ,3069,東S,,153,0,0.00%,9,ー倍,1.20倍,ー%
20260703,2993,ティーライフ,3172,東S,,"1,155",+3,+0.26%,9,26.3倍,0.77倍,2.60%
20260703,2994,ミラタップ,3187,東G,,257,0,0.00%,9,20.1倍,1.59倍,ー%
20260703,2995,トラストＨＤ,3286,東S,,854,-6,-0.70%,9,ー倍,3.12倍,2.11%
20260703,2996,レカム,3323,東S,,73,0,0.00%,9,18.4倍,1.07倍,1.64%
20260703,2997,フォーシーズ,3726,東S,,353,+12,+3.52%,9,56.6倍,2.21倍,ー%
20260703,2998,メディア工房,3815,東G,,444,-2,-0.45%,9,ー倍,7.67倍,ー%
20260703,2999,神電鉄,9046,東S,,"2,412",-25,-1.03%,9,16.0倍,0.75倍,1.04%
20260703,3000,日石輸,9074,東S,,"5,550",-90,-1.60%,9,ー倍,0.61倍,2.16%
20260703,3001,玉井船,9127,東S,,"2,713",+60,+2.26%,9,12.6倍,0.51倍,2.95%
20260703,3002,東京インフラ,9285,東IF,,"44,450",+350,+0.79%,9,ー倍,0.55倍,7.45%
20260703,3003,ケイヒン,9312,東S,,"2,843",-8,-0.28%,9,5.46倍,0.55倍,4.92%
20260703,3004,ＳＥＨＩ,9478,東S,,511,-13,-2.48%,9,15.5倍,0.69倍,0.78%
20260703,3005,パーカー,9845,東S,,"1,400",+20,+1.45%,9,7.96倍,0.69倍,3.79%
20260703,3006,天満屋ス,9846,東S,,"1,001",+8,+0.81%,9,8.21倍,0.42倍,2.00%
20260703,3007,ベースフード,2936,東G,,290,-2,-0.68%,9,ー倍,11.4倍,ー%
20260703,3008,上場ダウヘ無,2235,東Ｅ,,"3,720",+10,+0.27%,9,ー倍,ー倍,ー%
20260703,3009,アイビス,9343,東G,,762,-1,-0.13%,9,15.0倍,4.80倍,1.57%
20260703,3010,南日銀,8554,福証,,"1,220",-10,-0.81%,9,6.81倍,0.26倍,4.10%
20260703,3011,笑美面,9237,東G,,788,+34,+4.51%,9,18.1倍,3.92倍,ー%
20260703,3012,Ｍ米債長ヘ無,182A,東Ｅ,,515.3,-5.9,-1.13%,9,ー倍,ー倍,ー%
20260703,3013,インテＧ,192A,東G,,"1,239",-44,-3.43%,9,12.4倍,1.41倍,4.04%
20260703,3014,ＲＯＸＸ,241A,東G,,420,-3,-0.71%,9,"3,000倍",2.19倍,ー%
20260703,3015,ＡＩＦＣＧ,254A,東S,,"1,012",+5,+0.50%,9,17.6倍,1.88倍,ー%
20260703,3016,インタライフ,1418,東S,,529,+1,+0.19%,9,10.1倍,1.73倍,5.67%
20260703,3017,ｉＦＥＳＧセ,1653,東Ｅ,,"5,252",+54,+1.04%,9,ー倍,ー倍,ー%
20260703,3018,ＷＴ貴金属,1676,東Ｅ,,"41,250","+1,460",+3.67%,9,ー倍,ー倍,ー%
20260703,3019,銭高組,1811,東S,,"7,660",-450,-5.55%,9,36.3倍,0.48倍,ー%
20260703,3020,南海辰村,1850,東S,,424,+4,+0.95%,9,7.25倍,0.60倍,1.89%
20260703,3021,ＣＤＳ,2169,東S,,"1,713",+4,+0.23%,9,17.6倍,1.32倍,4.32%
20260703,3022,アミタＨＤ,2195,東G,,328,+5,+1.55%,9,15.9倍,1.96倍,1.52%
20260703,3023,クリエート,5187,東S,,"1,117",+15,+1.36%,9,11.9倍,0.55倍,4.21%
20260703,3024,美濃窯,5356,東S,,"1,365",-8,-0.58%,9,10.0倍,0.89倍,3.81%
20260703,3025,東北鋼,5484,東S,,"4,450",+10,+0.23%,9,ー倍,1.12倍,ー%
20260703,3026,エンバイオＨ,6092,東S,,712,+5,+0.71%,9,8.38倍,0.62倍,3.37%
20260703,3027,エスティック,6161,東S,,"1,036",-4,-0.38%,9,8.47倍,0.92倍,2.99%
20260703,3028,タメニー,6181,東G,,81,+2,+2.53%,9,11.3倍,3.21倍,ー%
20260703,3029,ＪＭＳ,7702,東S,,456,+3,+0.66%,9,18.6倍,0.27倍,3.73%
20260703,3030,日本創発Ｇ,7814,東S,,628,-10,-1.57%,9,14.7倍,1.40倍,2.39%
20260703,3031,Ｆインタ,7050,東G,,"1,332",+13,+0.99%,8,9.18倍,1.22倍,5.48%
20260703,3032,ギークス,7060,東S,,585,+1,+0.17%,8,9.43倍,1.96倍,5.47%
20260703,3033,西川計測,7500,東S,,"9,860",ー,ー%,8,11.2倍,1.38倍,3.55%
20260703,3034,タカショー,7590,東S,,401,+1,+0.25%,8,56.3倍,0.53倍,1.25%
20260703,3035,ダイコー通産,7673,東S,,"1,614",+13,+0.81%,8,9.80倍,0.97倍,4.15%
20260703,3036,グローバル社,3271,東S,,"1,268",0,0.00%,8,11.8倍,3.43倍,ー%
20260703,3037,Ｔｒａｉｌ,3358,東S,,97,-2,-2.02%,8,68.3倍,1.70倍,2.06%
20260703,3038,丸八ＨＤ,3504,名M,,"1,364",+1,+0.07%,8,11.5倍,0.36倍,3.67%
20260703,3039,ビリングシス,3623,東G,,"1,051",-7,-0.66%,8,11.2倍,2.13倍,3.09%
20260703,3040,メディカルＮ,3645,東G,,240,+1,+0.42%,8,18.3倍,1.12倍,1.25%
20260703,3041,カヤック,3904,東G,,406,+6,+1.50%,8,10.4倍,1.06倍,0.96%
20260703,3042,日本情報Ｃ,4054,東G,,552,+9,+1.66%,8,10.4倍,1.90倍,2.17%
20260703,3043,Ｐアンチエイ,4934,東G,,627,+3,+0.48%,8,18.2倍,0.77倍,ー%
20260703,3044,交換できる,7695,東G,,718,+10,+1.41%,8,21.5倍,2.62倍,ー%
20260703,3045,アピリッツ,4174,東S,,661,-1,-0.15%,8,23.5倍,1.55倍,4.39%
20260703,3046,ジェイフロ,2934,東G,,"1,566",-16,-1.01%,8,83.6倍,4.96倍,ー%
20260703,3047,人・夢・技術,9248,東S,,"1,551",+3,+0.19%,8,11.2倍,0.60倍,3.87%
20260703,3048,セキュア,4264,東G,,"1,560",+11,+0.71%,8,23.6倍,2.41倍,ー%
20260703,3049,ペットゴー,7140,東G,,805,-3,-0.37%,8,18.5倍,1.50倍,ー%
20260703,3050,トリプルアイ,5026,東G,,579,+8,+1.40%,8,135倍,3.56倍,ー%
20260703,3051,ハイマックス,4299,東S,,"1,182",0,0.00%,8,15.8倍,1.13倍,4.31%
20260703,3052,アサヒペン,4623,東S,,"1,725",+9,+0.52%,8,9.55倍,0.43倍,3.48%
20260703,3053,ナトコ,4627,東S,,"1,773",-50,-2.74%,8,13.4倍,0.53倍,3.05%
20260703,3054,ダイサン,4750,東S,,544,+8,+1.49%,8,26.8倍,0.61倍,4.04%
20260703,3055,ＪＨＤ,2721,東S,,122,0,0.00%,8,ー倍,10.9倍,ー%
20260703,3056,銚子丸,3075,東S,,"1,647",-9,-0.54%,8,26.3倍,2.36倍,0.91%
20260703,3057,ファンデリー,3137,東S,,203,+2,+1.00%,8,20.6倍,8.75倍,ー%
20260703,3058,コミニックス,3173,東S,,"1,058",+18,+1.73%,8,9.08倍,0.84倍,3.78%
20260703,3059,ＡＰＨＤ,3175,東S,,933,+3,+0.32%,8,20.4倍,-51倍,ー%
20260703,3060,ナイガイ,8013,東S,,340,-3,-0.87%,8,38.0倍,0.39倍,ー%
20260703,3061,さいか屋,8254,東S,,276,0,0.00%,8,14.7倍,1.41倍,1.81%
20260703,3062,毎コムネット,8908,東S,,852,-6,-0.70%,8,7.89倍,1.13倍,4.46%
20260703,3063,船場,6540,東S,,"1,490",+5,+0.34%,8,9.96倍,1.13倍,5.23%
20260703,3064,ツナグＧＨＤ,6551,東S,,559,+12,+2.19%,8,6.76倍,2.07倍,3.58%
20260703,3065,大同信,6743,東S,,820,-6,-0.73%,8,6.85倍,0.47倍,4.39%
20260703,3066,ＯＳＧコーポ,6757,東S,,855,+27,+3.26%,8,14.9倍,1.90倍,4.68%
20260703,3067,パルステック,6894,東S,,"2,148",-27,-1.24%,8,9.80倍,0.73倍,4.19%
20260703,3068,カナレ電気,5819,東S,,"1,763",-1,-0.06%,8,10.3倍,0.63倍,3.74%
20260703,3069,浅香工,5962,東S,,"2,050",+1,+0.05%,8,11.6倍,0.43倍,2.44%
20260703,3070,阪神燃,6018,東S,,"5,970",+60,+1.02%,8,26.5倍,1.24倍,1.52%
20260703,3071,ライドオンＥ,6082,東S,,983,-8,-0.81%,8,ー倍,1.09倍,1.53%
20260703,3072,アビスト,6087,東S,,"3,375",+5,+0.15%,8,22.8倍,1.91倍,3.02%
20260703,3073,Ｇキッズ,6189,東S,,992,+12,+1.22%,8,14.5倍,1.19倍,4.03%
20260703,3074,ノイル,4893,東G,,128,+5,+4.07%,8,ー倍,1.47倍,ー%
20260703,3075,オンザページ,9160,東S,,290,+1,+0.35%,8,6.76倍,1.11倍,ー%
20260703,3076,成友興業,9170,名M,,"1,845",+144,+8.47%,8,23.7倍,2.72倍,0.76%
20260703,3077,Ｄサイクル,5888,東G,,"2,990",+5,+0.17%,8,8.20倍,1.26倍,2.44%
20260703,3078,ココリブ,137A,東G,,827,0,0.00%,8,17.4倍,2.42倍,ー%
20260703,3079,ＧＸウラン,224A,東Ｅ,,"1,619",+20,+1.25%,8,ー倍,ー倍,ー%
20260703,3080,フラー,387A,東G,,960,+64,+7.14%,8,14.8倍,1.41倍,ー%
20260703,3081,シルバライフ,9262,東S,,656,+8,+1.23%,8,8.85倍,0.97倍,2.74%
20260703,3082,杉村倉,9307,東S,,984,+20,+2.07%,8,18.7倍,0.90倍,1.52%
20260703,3083,ファイズＨＤ,9325,東S,,"1,148",+10,+0.88%,8,8.82倍,2.65倍,3.31%
20260703,3084,ベリテ,9904,東S,,221,+1,+0.45%,8,14.4倍,1.42倍,2.71%
20260703,3085,日邦産業,9913,東S,,"3,570",+50,+1.42%,8,23.0倍,1.80倍,2.21%
20260703,3086,サンヨーＨ,1420,東S,,636,+1,+0.16%,8,5.63倍,0.46倍,3.93%
20260703,3087,技研ＨＤ,1443,東S,,253,+4,+1.61%,8,6.42倍,0.32倍,0.43%
20260703,3088,ＷＴパラジ,1675,東Ｅ,,"18,845",+465,+2.53%,8,ー倍,ー倍,ー%
20260703,3089,ＷＴアグリ,1687,東Ｅ,,"1,000.0",-1.0,-0.10%,8,ー倍,ー倍,ー%
20260703,3090,日基技,1914,東S,,679,+4,+0.59%,8,8.23倍,0.50倍,4.42%
20260703,3091,グロス２５０,2042,東EN,,"7,600",+104,+1.39%,8,ー倍,ー倍,ー%
20260703,3092,ホーブ,1382,東S,,"1,111",-3,-0.27%,7,47.0倍,1.17倍,4.50%
20260703,3093,Ｏｎｅ高配当,1494,東Ｅ,,"43,890",+500,+1.15%,7,ー倍,ー倍,ー%
20260703,3094,ＯｎｅＥＳＧ,1498,東Ｅ,,"32,980",+190,+0.58%,7,ー倍,ー倍,ー%
20260703,3095,ＷＴ小麦,1695,東Ｅ,,"3,123",-2,-0.06%,7,ー倍,ー倍,ー%
20260703,3096,高橋ウォール,1994,東S,,567,+6,+1.07%,7,13.0倍,0.41倍,3.53%
20260703,3097,フジ日本,2114,東S,,625,0,0.00%,7,12.8倍,1.15倍,3.04%
20260703,3098,地域新聞社,2164,東S,,156,-1,-0.64%,7,ー倍,3.77倍,ー%
20260703,3099,ラオックス,8202,東S,,147,+1,+0.68%,7,21.3倍,0.62倍,2.72%
20260703,3100,アバンティア,8904,東S,,835,+8,+0.97%,7,10.1倍,0.43倍,4.55%
20260703,3101,エリアクエス,8912,東S,,151,+1,+0.67%,7,14.4倍,1.52倍,2.65%
20260703,3102,買取王国,3181,東S,,989,+19,+1.96%,7,8.98倍,1.06倍,1.11%
20260703,3103,東和フード,3329,東S,,"2,072",+11,+0.53%,7,29.3倍,2.15倍,0.97%
20260703,3104,Ｊ－ＭＡＸ,3422,東S,,493,+5,+1.02%,7,5.66倍,0.30倍,1.62%
20260703,3105,エスイー,3423,東S,,269,+6,+2.28%,7,51.1倍,0.78倍,4.46%
20260703,3106,マリオン,3494,東S,,378,+15,+4.13%,7,10.6倍,0.62倍,1.85%
20260703,3107,オーベクス,3583,東S,,"1,221",+11,+0.91%,7,ー倍,0.46倍,2.87%
20260703,3108,ＧｒｅｅｎＢ,3913,東S,,928,+6,+0.65%,7,10.4倍,1.69倍,ー%
20260703,3109,ＵＮＩＣＯＮ,407A,東S,,864,+6,+0.70%,7,7.77倍,2.19倍,5.21%
20260703,3110,野村欧州株,486A,東Ｅ,,"2,250",+38,+1.72%,7,ー倍,ー倍,ー%
20260703,3111,スタートＬ,477A,東G,,592,+16,+2.78%,7,7.89倍,1.30倍,ー%
20260703,3112,イノバセル,504A,東G,Ｓ,543,+80,+17.28%,7,ー倍,2.41倍,ー%
20260703,3113,ビタブリッド,542A,東G,,975,+9,+0.93%,7,7.36倍,1.99倍,ー%
20260703,3114,ソフトテック,550A,東S,,"2,086",+1,+0.05%,7,9.06倍,1.38倍,3.60%
20260703,3115,サンコー,6964,東S,,672,+5,+0.75%,7,10.7倍,0.37倍,2.98%
20260703,3116,フジオーゼ,7299,東S,,"1,681",-17,-1.00%,7,9.72倍,0.52倍,3.21%
20260703,3117,ＣＡＰＩＴＡ,7462,東S,,319,-7,-2.15%,7,13.1倍,1.41倍,3.13%
20260703,3118,サンリン,7486,東S,,753,-2,-0.26%,7,9.46倍,0.42倍,3.19%
20260703,3119,ヒマラヤ,7514,東S,,864,+2,+0.23%,7,33.1倍,0.66倍,3.01%
20260703,3120,フォーサイド,2330,東S,,77,+2,+2.67%,7,41.9倍,1.08倍,ー%
20260703,3121,ＶＬＣセキュ,2467,名N,,218,+5,+2.35%,7,15.1倍,5.21倍,ー%
20260703,3122,ヴィレッジＶ,2769,東S,,880,+14,+1.62%,7,9.49倍,28.7倍,ー%
20260703,3123,スマイルＨＤ,7084,東G,,"2,764",-3,-0.11%,7,40.1倍,1.44倍,3.80%
20260703,3124,ビザスク,4490,東G,,595,+11,+1.88%,7,7.37倍,3.18倍,ー%
20260703,3125,Ｃマネージ,4491,東S,,"3,090",+10,+0.32%,7,12.3倍,1.52倍,1.94%
20260703,3126,リビングＰＦ,7091,東G,,"1,214",-4,-0.33%,7,12.8倍,2.22倍,0.41%
20260703,3127,Ｅインフィニ,7692,東S,,78,+1,+1.30%,7,15.6倍,6.87倍,3.33%
20260703,3128,ＳＡＮＥＩ,6230,東S,,"2,297",+48,+2.13%,7,8.22倍,0.69倍,3.27%
20260703,3129,シキノＨＴ,6614,東S,,873,-2,-0.23%,7,46.8倍,1.67倍,1.72%
20260703,3130,クラシコム,7110,東G,,"2,017",-5,-0.25%,7,15.4倍,2.53倍,2.73%
20260703,3131,ＳＹＳＨＤ,3988,東S,,535,+10,+1.90%,7,9.37倍,1.40倍,1.50%
20260703,3132,ＵＦＨＤ,4235,東S,,654,+4,+0.62%,7,24.6倍,0.69倍,5.35%
20260703,3133,アテクト,4241,東S,,649,+17,+2.69%,7,23.9倍,1.57倍,1.54%
20260703,3134,ＤＩシステム,4421,東S,,938,-26,-2.70%,7,10.7倍,1.65倍,2.99%
20260703,3135,エデュラボ,4427,東G,,173,0,0.00%,7,177倍,1.30倍,ー%
20260703,3136,リボミック,4591,東G,,66,+2,+3.13%,7,ー倍,1.30倍,ー%
20260703,3137,イサム,4624,東S,,"3,410",-5,-0.15%,7,ー倍,0.36倍,ー%
20260703,3138,イマジニア,4644,東S,,"1,039",+2,+0.19%,7,20.0倍,0.84倍,5.77%
20260703,3139,Ｆ＆Ｍ,4771,東S,,"2,471",+36,+1.48%,7,12.7倍,2.37倍,2.43%
20260703,3140,新潟交,9017,東S,,"1,967",-32,-1.60%,7,12.6倍,0.37倍,0.51%
20260703,3141,東京汽,9193,東S,,834,+13,+1.58%,7,224倍,0.29倍,3.60%
20260703,3142,名港海,9357,名M,,"2,399",+6,+0.25%,7,11.9倍,0.51倍,4.17%
20260703,3143,ロイヤルホ,9713,東S,,918,+7,+0.77%,7,17.6倍,0.80倍,0.65%
20260703,3144,ヨンキュウ,9955,東S,,"2,714",+4,+0.15%,7,ー倍,0.82倍,ー%
20260703,3145,蔵王産業,9986,東S,,"2,477",+17,+0.69%,7,17.9倍,1.03倍,4.04%
20260703,3146,イボキン,5699,東S,,"1,465",-8,-0.54%,7,9.19倍,0.92倍,2.18%
20260703,3147,イワブチ,5983,東S,,"13,510",-240,-1.75%,7,20.7倍,0.69倍,2.44%
20260703,3148,ＩＲジャパン,6035,東S,,713,-8,-1.11%,7,ー倍,2.07倍,ー%
20260703,3149,キクカワ,6346,東S,,"5,720",+50,+0.88%,7,19.8倍,0.54倍,2.10%
20260703,3150,共和コーポ,6570,東S,,"1,882",-17,-0.90%,7,9.23倍,1.91倍,2.13%
20260703,3151,森尾電,6647,東S,,"2,726",-4,-0.15%,7,12.0倍,0.60倍,2.20%
20260703,3152,ＧＸロジＲグ,2864,東Ｅ,,"1,430",+10,+0.70%,7,ー倍,ー倍,ー%
20260703,3153,リンカーズ,5131,東G,,140,-1,-0.71%,7,ー倍,2.90倍,ー%
20260703,3154,ウェリタス,130A,東G,,431,+2,+0.47%,7,ー倍,1.83倍,ー%
20260703,3155,ｉＦ印Ｎ５０,233A,東Ｅ,,"1,916",-3,-0.16%,7,ー倍,ー倍,ー%
20260703,3156,ラクサス,288A,東G,,94,-3,-3.09%,7,16.0倍,0.79倍,ー%
20260703,3157,高配当成長,345A,東EN,,"15,200",+105,+0.70%,7,ー倍,ー倍,ー%
20260703,3158,ミライロ,335A,東G,,332,-2,-0.60%,7,27.1倍,4.05倍,ー%
20260703,3159,ＩＡＣＥトラ,343A,東S,,"1,401",-30,-2.10%,7,11.1倍,1.56倍,2.71%
20260703,3160,サンクゼール,2937,東G,,"1,673",-11,-0.65%,6,38.6倍,3.00倍,2.09%
20260703,3161,ＧＭＯプラ,5250,東S,,"1,119",-6,-0.53%,6,ー倍,2.88倍,1.82%
20260703,3162,日本ナレッジ,5252,東G,,815,+8,+0.99%,6,32.2倍,2.80倍,0.86%
20260703,3163,ＷＴＯＫＹＯ,9159,東G,,"1,916",+13,+0.68%,6,15.0倍,2.58倍,ー%
20260703,3164,ジョイフル,9942,福証,,"1,254",+5,+0.40%,6,12.3倍,2.64倍,0.80%
20260703,3165,ＧＸ優証隔月,2019,東Ｅ,,"1,055",+8,+0.76%,6,ー倍,ー倍,ー%
20260703,3166,ロゴスＨＤ,205A,東G,,"1,665",+11,+0.67%,6,7.91倍,2.01倍,3.81%
20260703,3167,Ｓａｐｅｅｔ,269A,東G,,"2,236",-4,-0.18%,6,27.7倍,5.65倍,ー%
20260703,3168,日創グループ,3440,東S,,931,+1,+0.11%,6,11.5倍,0.47倍,4.51%
20260703,3169,インテＭ,7072,東G,,994,+6,+0.61%,6,16.9倍,1.92倍,ー%
20260703,3170,ランディクス,2981,東G,,"2,036",-4,-0.20%,6,6.16倍,1.18倍,2.75%
20260703,3171,ゼネテック,4492,東S,,411,+2,+0.49%,6,13.0倍,1.74倍,3.04%
20260703,3172,室町ケミカル,4885,東S,,914,+3,+0.33%,6,7.83倍,1.32倍,2.84%
20260703,3173,Ｔ．Ｓ．Ｉ,7362,東G,,823,-53,-6.05%,6,10.3倍,0.89倍,1.82%
20260703,3174,セルム,7367,東S,,340,+1,+0.29%,6,12.1倍,2.45倍,4.56%
20260703,3175,リベロ,9245,東G,,"1,950",+51,+2.69%,6,13.9倍,3.64倍,2.15%
20260703,3176,エコシステム,9249,東S,,"1,623",+5,+0.31%,6,24.6倍,2.28倍,1.11%
20260703,3177,アップガレＧ,7134,東S,,"1,246",-8,-0.64%,6,10.9倍,1.92倍,3.41%
20260703,3178,ニフティＬＳ,4262,東G,,"1,322",0,0.00%,6,10.1倍,1.35倍,4.84%
20260703,3179,ＭＨＴ,9218,東G,,729,-4,-0.55%,6,26.8倍,5.77倍,1.37%
20260703,3180,イノベＨＤ,3484,東S,,"1,150",+5,+0.44%,6,15.2倍,3.91倍,2.96%
20260703,3181,ボルテージ,3639,東S,,231,+16,+7.44%,6,ー倍,0.69倍,ー%
20260703,3182,クロスマーケ,3675,東S,,590,+7,+1.20%,6,7.14倍,1.20倍,2.54%
20260703,3183,ジョルダン,3710,東S,,618,+1,+0.16%,6,21.0倍,0.65倍,0.97%
20260703,3184,ＭＸ海外株式,1550,東Ｅ,,"8,066",+5,+0.06%,6,ー倍,ー倍,ー%
20260703,3185,上場ＭＳコク,1680,東Ｅ,,"8,313",-9,-0.11%,6,ー倍,ー倍,ー%
20260703,3186,富士ＰＳ,1848,東S,,648,-2,-0.31%,6,11.3倍,0.87倍,3.86%
20260703,3187,協和日成,1981,東S,,"1,330",+15,+1.14%,6,10.7倍,0.65倍,3.91%
20260703,3188,鳥越粉,2009,東S,,"1,077",-7,-0.65%,6,22.4倍,0.69倍,4.55%
20260703,3189,築地魚,8039,東S,,"3,390",0,0.00%,6,15.1倍,1.06倍,1.03%
20260703,3190,浜丸魚,8045,東S,,"1,900",+38,+2.04%,6,18.5倍,0.55倍,1.79%
20260703,3191,ムーンバット,8115,東S,,"1,653",+57,+3.57%,6,12.4倍,1.27倍,3.27%
20260703,3192,ヤマトインタ,8127,東S,,589,+1,+0.17%,6,60.0倍,0.67倍,2.38%
20260703,3193,アサックス,8772,東S,,806,-2,-0.25%,6,6.45倍,0.50倍,2.73%
20260703,3194,岩塚製菓,2221,東S,,"3,075",+5,+0.16%,6,24.3倍,0.45倍,1.04%
20260703,3195,ＵＮＩＴＥＤ,2497,東G,,507,-2,-0.39%,6,757倍,1.11倍,4.34%
20260703,3196,イフジ産業,2924,東S,,"2,045",+11,+0.54%,6,8.23倍,1.32倍,3.37%
20260703,3197,神栄,3004,東S,,"2,238",+14,+0.63%,6,7.01倍,0.81倍,4.92%
20260703,3198,ハピネス＆Ｄ,3174,東S,,407,+1,+0.25%,6,ー倍,2.83倍,ー%
20260703,3199,リブコンサル,480A,東G,,980,+13,+1.34%,6,9.04倍,1.73倍,ー%
20260703,3200,アンファク,7035,東S,,248,-4,-1.59%,6,ー倍,3.48倍,ー%
20260703,3201,近畿車,7122,東S,,"2,394",-1,-0.04%,6,16.5倍,0.46倍,2.09%
20260703,3202,ウェッズ,7551,東S,,687,-9,-1.29%,6,10.2倍,0.62倍,3.20%
20260703,3203,ハークスレイ,7561,東S,,659,+4,+0.61%,6,7.62倍,0.48倍,4.55%
20260703,3204,京都友禅ＨＤ,7615,東S,,95,0,0.00%,6,18.9倍,0.64倍,1.58%
20260703,3205,星医療,7634,東S,,"4,900",0,0.00%,6,10.9倍,0.77倍,1.84%
20260703,3206,プリントＮ,7805,東S,,747,-3,-0.40%,6,9.69倍,0.82倍,1.74%
20260703,3207,クロスフォー,7810,東S,,159,0,0.00%,6,77.6倍,1.47倍,0.40%
20260703,3208,サンデン,6444,東S,,160,-1,-0.62%,6,36.0倍,0.62倍,ー%
20260703,3209,ＷＡＳＨハウ,6537,東G,,314,0,0.00%,6,25.3倍,1.30倍,ー%
20260703,3210,ＤＭソリュ,6549,東S,,"1,121",+21,+1.91%,6,9.11倍,1.63倍,1.87%
20260703,3211,池上通,6771,東S,,650,+4,+0.62%,6,8.34倍,0.29倍,2.31%
20260703,3212,名古屋電機,6797,東S,,"1,174",+4,+0.34%,6,24.6倍,0.58倍,4.26%
20260703,3213,遠州トラック,9057,東S,,"3,290",+115,+3.62%,6,11.7倍,0.99倍,2.92%
20260703,3214,北陸ガス,9537,東S,,"4,230",+205,+5.09%,6,10.8倍,0.37倍,1.89%
20260703,3215,三協フロンテ,9639,東S,,"2,289",-3,-0.13%,6,8.70倍,0.97倍,3.93%
20260703,3216,歌舞伎,9661,東S,,"4,465",+5,+0.11%,6,228倍,4.76倍,0.11%
20260703,3217,進学会ＨＤ,9760,東S,,118,-1,-0.84%,6,65.6倍,0.27倍,ー%
20260703,3218,ＭＲＫＨＬＤ,9980,東S,,94,+1,+1.08%,6,6.66倍,0.57倍,1.06%
20260703,3219,オープンドア,3926,東S,,321,+3,+0.94%,6,ー倍,2.88倍,ー%
20260703,3220,スパバッグ,3945,東S,,"2,186",-3,-0.14%,6,4.57倍,0.59倍,5.03%
20260703,3221,キャピタルＡ,3965,東S,,859,+20,+2.38%,6,10.6倍,1.28倍,2.44%
20260703,3222,エコモット,3987,東G,,558,+2,+0.36%,6,70.3倍,3.48倍,ー%
20260703,3223,ＩＰＳＨＤ,4335,東S,,"1,095",-5,-0.45%,6,9.94倍,1.43倍,3.47%
20260703,3224,ガーラ,4777,東S,,203,+1,+0.50%,6,ー倍,14.1倍,ー%
20260703,3225,メディシノバ,4875,東S,,226,+5,+2.26%,6,ー倍,ー倍,ー%
20260703,3226,日本興業,5279,東S,,"1,220",+12,+0.99%,6,8.68倍,0.41倍,3.69%
20260703,3227,イトヨーギョ,5287,東S,,820,+12,+1.49%,6,12.1倍,0.61倍,2.44%
20260703,3228,コロナ,5909,東S,,986,-15,-1.50%,6,48.1倍,0.37倍,2.84%
20260703,3229,三洋工,5958,東S,,"4,430",+20,+0.45%,6,9.56倍,0.59倍,4.74%
20260703,3230,モリテック,5986,東S,,234,+1,+0.43%,6,10.5倍,0.32倍,2.56%
20260703,3231,ホープ,6195,東G,,209,-1,-0.48%,6,9.21倍,2.68倍,4.02%
20260703,3232,ノザワ,5237,東S,,"1,194",-2,-0.17%,5,9.11倍,0.65倍,3.60%
20260703,3233,クニミネ,5388,東S,,"1,298",+18,+1.41%,5,11.7倍,0.71倍,3.08%
20260703,3234,鋳鉄管,5612,東S,,"1,573",+14,+0.90%,5,ー倍,0.51倍,ー%
20260703,3235,エムケー精工,5906,東S,,807,+21,+2.67%,5,7.49倍,0.58倍,2.23%
20260703,3236,川岸工,5921,東S,,"3,925",+20,+0.51%,5,13.5倍,0.37倍,3.57%
20260703,3237,アルメタクス,5928,東S,,279,+5,+1.82%,5,23.4倍,0.31倍,2.87%
20260703,3238,ＭＲＴ,6034,東G,,625,-5,-0.79%,5,26.5倍,0.75倍,ー%
20260703,3239,レアジョブ,6096,東S,,391,-2,-0.51%,5,ー倍,1.66倍,ー%
20260703,3240,西部電機,6144,東S,,"2,921",+39,+1.35%,5,14.6倍,1.30倍,3.08%
20260703,3241,アップバンク,6177,東G,,82,+3,+3.80%,5,ー倍,2.47倍,ー%
20260703,3242,ライオン事務,423A,東S,,308,+3,+0.98%,5,10.5倍,0.76倍,4.87%
20260703,3243,ＮＥ,441A,東G,,246,0,0.00%,5,8.04倍,1.77倍,ー%
20260703,3244,フィットクル,469A,東G,,"1,662",-3,-0.18%,5,12.1倍,2.15倍,ー%
20260703,3245,辻本郷ＩＴＣ,476A,東S,,"1,478",-7,-0.47%,5,9.97倍,1.80倍,ー%
20260703,3246,エストラスト,3280,東S,,992,+5,+0.51%,5,6.01倍,0.56倍,3.43%
20260703,3247,日本麻,3306,東S,,675,+10,+1.50%,5,993倍,1.41倍,0.59%
20260703,3248,メディ一光Ｇ,3353,東S,,"2,811",+11,+0.39%,5,8.14倍,0.67倍,4.27%
20260703,3249,テックファム,3625,東G,,551,+3,+0.55%,5,11.9倍,1.32倍,1.45%
20260703,3250,テクミラ,3627,東S,,273,+1,+0.37%,5,22.0倍,0.55倍,1.83%
20260703,3251,モルフォ,3653,東G,,601,+10,+1.69%,5,ー倍,1.05倍,ー%
20260703,3252,アエリア,3758,東S,,230,-1,-0.43%,5,9.36倍,0.55倍,ー%
20260703,3253,キーウェア,3799,東S,,"1,034",+9,+0.88%,5,10.7倍,1.08倍,3.87%
20260703,3254,パス,3840,東S,,63,+2,+3.28%,5,ー倍,2.73倍,ー%
20260703,3255,ハビックス,3895,東S,,408,-2,-0.49%,5,ー倍,0.41倍,3.92%
20260703,3256,ビジコーチ,9562,東G,,499,+1,+0.20%,5,423倍,1.57倍,3.41%
20260703,3257,ｍｏｎｏＡＩ,5240,東G,,129,+3,+2.38%,5,ー倍,1.47倍,ー%
20260703,3258,光フードＳ,138A,東G,,"2,972",-11,-0.37%,5,23.2倍,2.20倍,1.62%
20260703,3259,メディックス,331A,東S,,489,+4,+0.82%,5,8.24倍,1.04倍,3.89%
20260703,3260,リップス,373A,東G,,"1,528",-2,-0.13%,5,8.09倍,1.02倍,ー%
20260703,3261,ＭＸＳＰ等ウ,383A,東Ｅ,,"2,629",-38,-1.42%,5,ー倍,ー倍,ー%
20260703,3262,ＧＸロジ日Ｒ,2565,東Ｅ,,906,+7,+0.78%,5,ー倍,ー倍,ー%
20260703,3263,ココペリ,4167,東G,,296,+1,+0.34%,5,45.1倍,1.54倍,ー%
20260703,3264,コンフインタ,7374,東G,,"1,556",+11,+0.71%,5,10.4倍,1.55倍,5.46%
20260703,3265,ブルーミーム,4069,東G,,672,+7,+1.05%,5,27.0倍,0.89倍,ー%
20260703,3266,マーキュリア,7347,東P,,762,+1,+0.13%,5,14.7倍,0.85倍,2.89%
20260703,3267,野村米十債,2647,東Ｅ,,"6,001",-42,-0.70%,5,ー倍,ー倍,ー%
20260703,3268,ラバブルＭＧ,9254,東G,,"1,165",+25,+2.19%,5,ー倍,1.99倍,ー%
20260703,3269,サインド,4256,東G,,938,+14,+1.52%,5,30.3倍,1.63倍,ー%
20260703,3270,タカヨシＨＤ,9259,東G,,813,+3,+0.37%,5,8.77倍,1.36倍,3.69%
20260703,3271,Ｊクラフト,7135,東S,,218,+2,+0.93%,5,45.7倍,2.20倍,1.38%
20260703,3272,野村ダウＨ有,2846,東Ｅ,,"2,572",+34,+1.34%,5,ー倍,ー倍,ー%
20260703,3273,ギックス,9219,東G,,849,-3,-0.35%,5,ー倍,2.83倍,6.30%
20260703,3274,ヤマイチ,2984,東S,,733,+9,+1.24%,5,5.40倍,0.45倍,4.23%
20260703,3275,きょくとう,2300,東S,,494,-4,-0.80%,5,21.7倍,1.13倍,2.23%
20260703,3276,アルバイトＴ,2341,東S,,170,+3,+1.80%,5,22.4倍,1.09倍,2.94%
20260703,3277,ＡＳＪ,2351,東S,,319,+6,+1.92%,5,24.9倍,0.85倍,0.94%
20260703,3278,ケア２１,2373,東S,,410,+2,+0.49%,5,111倍,1.33倍,4.15%
20260703,3279,プラネット,2391,東S,,"1,206",+3,+0.25%,5,19.3倍,1.49倍,3.65%
20260703,3280,ＣＶＳベイ,2687,東S,,481,+5,+1.05%,5,9.69倍,0.76倍,4.16%
20260703,3281,ファマライズ,2796,東S,,480,+7,+1.48%,5,500倍,0.83倍,2.92%
20260703,3282,ダイショー,2816,東S,,"1,403",-2,-0.14%,5,32.3倍,1.34倍,1.43%
20260703,3283,一正蒲鉾,2904,東S,,761,+6,+0.79%,5,18.6倍,0.91倍,1.84%
20260703,3284,ビューテＨＤ,3041,東S,,438,+7,+1.62%,5,ー倍,3.49倍,ー%
20260703,3285,ベルグアース,1383,東S,,"2,865",0,0.00%,5,84.9倍,2.19倍,0.35%
20260703,3286,ｉＳＨＹ債Ｈ,1497,東Ｅ,,"1,760",+1,+0.06%,5,ー倍,ー倍,ー%
20260703,3287,Ｈ株ベア,1573,東Ｅ,,"9,147",-193,-2.07%,5,ー倍,ー倍,ー%
20260703,3288,ソネック,1768,東S,,"1,057",-2,-0.19%,5,9.38倍,0.74倍,4.73%
20260703,3289,佐田建,1826,東S,,"1,016",+1,+0.10%,5,13.5倍,1.08倍,5.91%
20260703,3290,金下建,1897,東S,,"3,180",-130,-3.93%,5,33.5倍,0.34倍,1.57%
20260703,3291,テノックス,1905,東S,,"1,529",+23,+1.53%,5,10.2倍,0.75倍,4.05%
20260703,3292,ハンセンブル,2031,東EN,,"6,890",+190,+2.84%,5,ー倍,ー倍,ー%
20260703,3293,高配株米ドル,2048,東EN,,"53,020",ー,ー%,5,ー倍,ー倍,ー%
20260703,3294,インタスペス,2122,東S,,"1,338",+10,+0.75%,5,20.0倍,1.46倍,2.24%
20260703,3295,シイエムシイ,2185,東S,,"1,843",+15,+0.82%,5,10.8倍,1.04倍,3.09%
20260703,3296,南プラ,7887,東S,,"1,494",+15,+1.01%,5,4.83倍,0.27倍,2.68%
20260703,3297,ヴィアＨＤ,7918,東S,,108,-1,-0.92%,5,ー倍,-1.1倍,ー%
20260703,3298,アジア投資,8518,東S,,127,+1,+0.79%,5,ー倍,0.46倍,ー%
20260703,3299,和田興産,8931,東S,,"1,263",0,0.00%,5,6.59倍,0.40倍,4.75%
20260703,3300,マイネット,3928,東S,,229,+3,+1.33%,5,6.97倍,1.44倍,ー%
20260703,3301,イムラ,3955,東S,,799,+7,+0.88%,5,17.4倍,0.45倍,3.75%
20260703,3302,応用技術,4356,東S,,"1,568",+25,+1.62%,5,11.5倍,1.43倍,2.55%
20260703,3303,サンセイ,6307,東S,,422,+9,+2.18%,5,8.20倍,0.62倍,3.55%
20260703,3304,ハマイ,6497,東S,,"1,332",-9,-0.67%,5,9.12倍,0.51倍,3.38%
20260703,3305,みらいＷＫＳ,6563,東G,,494,+10,+2.07%,5,7.18倍,1.69倍,ー%
20260703,3306,ズーム,6694,東S,,633,0,0.00%,5,13.7倍,0.50倍,5.06%
20260703,3307,星和電,6748,東S,,725,0,0.00%,5,7.02倍,0.48倍,2.76%
20260703,3308,ぷらっと,6836,東S,,698,+4,+0.58%,5,66.2倍,7.56倍,ー%
20260703,3309,リーダー電子,6867,東S,,431,+4,+0.94%,5,26.4倍,0.51倍,3.48%
20260703,3310,ＴＤＳＥ,7046,東G,,"1,300",-24,-1.81%,5,32.0倍,1.15倍,0.77%
20260703,3311,エイケン工業,7265,東S,,"3,810",-5,-0.13%,5,13.0倍,0.64倍,2.89%
20260703,3312,アイリック,7325,東G,,669,-7,-1.04%,5,10.8倍,1.44倍,4.78%
20260703,3313,創健社,7413,東S,,"2,680",+72,+2.76%,5,93.8倍,1.58倍,0.75%
20260703,3314,中山福,7442,東S,,476,+5,+1.06%,5,15.0倍,0.38倍,2.52%
20260703,3315,大水,7538,東S,,374,+20,+5.65%,5,7.01倍,0.35倍,1.87%
20260703,3316,ＮａＩＴＯ,7624,東S,,142,+1,+0.71%,5,28.8倍,0.59倍,2.82%
20260703,3317,大研医器,7775,東S,,419,+3,+0.72%,5,20.4倍,1.55倍,4.77%
20260703,3318,寿屋,7809,東S,,"1,320",0,0.00%,5,21.3倍,1.31倍,3.41%
20260703,3319,永大産業,7822,東S,,239,+1,+0.42%,5,5.28倍,0.25倍,4.18%
20260703,3320,アビックス,7836,東S,,81,+1,+1.25%,5,16.4倍,1.44倍,ー%
20260703,3321,南総通運,9034,東S,,"1,608",+14,+0.88%,5,11.0倍,0.66倍,4.98%
20260703,3322,ワイヤレスＧ,9419,東S,,285,0,0.00%,5,12.4倍,1.86倍,ー%
20260703,3323,ウィルソンＷ,9610,東S,,105,+2,+1.94%,5,ー倍,1.52倍,ー%
20260703,3324,きんえい,9636,東S,,"4,260",-25,-0.58%,5,79.2倍,4.31倍,0.23%
20260703,3325,クレオ,9698,東S,,"1,202",-4,-0.33%,5,11.3倍,1.20倍,4.66%
20260703,3326,誠建設,8995,東S,,827,-14,-1.66%,4,23.8倍,0.40倍,3.02%
20260703,3327,京福電,9049,東S,,"6,750",+110,+1.66%,4,7.29倍,0.94倍,0.30%
20260703,3328,桜島埠,9353,東S,,"2,760",-39,-1.39%,4,16.2倍,0.52倍,1.96%
20260703,3329,伊勢湾,9359,名M,,972,-1,-0.10%,4,9.89倍,0.48倍,3.09%
20260703,3330,スマバ,9417,東S,,326,-2,-0.61%,4,ー倍,2.29倍,3.07%
20260703,3331,エヌジェイ,9421,東S,,501,+3,+0.60%,4,24.1倍,1.65倍,ー%
20260703,3332,セゾンテク,9640,東S,,"2,080",+31,+1.51%,4,33.7倍,2.38倍,4.33%
20260703,3333,日本プロセス,9651,東S,,"1,800",+31,+1.75%,4,16.0倍,1.54倍,4.22%
20260703,3334,東洋テク,9686,東S,,"1,615",+2,+0.12%,4,13.5倍,0.73倍,4.40%
20260703,3335,ソレキア,9867,東S,,"9,910",-210,-2.08%,4,6.16倍,0.67倍,0.71%
20260703,3336,サトー商会,9996,東S,,"2,051",+71,+3.59%,4,14.0倍,0.63倍,2.34%
20260703,3337,上場高配低ボ,1399,東Ｅ,,"3,061",+37,+1.22%,4,ー倍,ー倍,ー%
20260703,3338,エムビーエス,1401,東G,,"1,293",+11,+0.86%,4,17.9倍,2.40倍,1.16%
20260703,3339,野村タイ５０,1559,東Ｅ,,"4,925",+180,+3.79%,4,ー倍,ー倍,ー%
20260703,3340,ＭＸ４００,1593,東Ｅ,,"38,190",+250,+0.66%,4,ー倍,ー倍,ー%
20260703,3341,ＳＤＳＨＤ,1711,東S,,226,+3,+1.35%,4,390倍,4.04倍,ー%
20260703,3342,工藤建設,1764,東S,,"2,630",0,0.00%,4,8.19倍,0.57倍,4.45%
20260703,3343,守谷商会,1798,東S,,"1,109",+17,+1.56%,4,7.11倍,0.64倍,3.43%
20260703,3344,高田工,1966,東S,,"1,774",+27,+1.55%,4,14.3倍,0.60倍,3.95%
20260703,3345,博展,2173,東G,,682,+5,+0.74%,4,6.54倍,2.24倍,3.96%
20260703,3346,ＳＬＤ,3223,東S,,925,-18,-1.91%,4,14.0倍,-5.2倍,ー%
20260703,3347,コーセーＲＥ,3246,東S,,624,+2,+0.32%,4,14.4倍,0.61倍,3.85%
20260703,3348,グラン,3261,東G,,391,+7,+1.82%,4,20.0倍,0.61倍,3.84%
20260703,3349,大木ヘルス,3417,東S,,"1,140",+14,+1.24%,4,ー倍,0.46倍,2.63%
20260703,3350,ケーエフシー,3420,東S,,"1,519",+10,+0.66%,4,10.4倍,0.50倍,4.61%
20260703,3351,デュアルＴ,3469,東S,,886,+6,+0.68%,4,77.6倍,1.50倍,1.41%
20260703,3352,フォーライフ,3477,東G,,849,+15,+1.80%,4,5.22倍,0.78倍,3.83%
20260703,3353,アズ企画設計,3490,東S,,"2,990",+13,+0.44%,4,8.51倍,1.13倍,1.00%
20260703,3354,アクサスＨＤ,3536,東S,,130,+1,+0.78%,4,15.8倍,1.81倍,1.54%
20260703,3355,ＡＴＡＯ,3550,東G,,231,+4,+1.76%,4,14.6倍,1.24倍,2.16%
20260703,3356,ソトー,3571,東S,,709,-6,-0.84%,4,ー倍,0.58倍,5.64%
20260703,3357,山喜,3598,東S,,158,+5,+3.27%,4,24.9倍,0.69倍,ー%
20260703,3358,アスリナ,3647,東S,,116,-1,-0.85%,4,ー倍,2.88倍,ー%
20260703,3359,アプリックス,3727,東G,,139,0,0.00%,4,ー倍,2.71倍,1.44%
20260703,3360,ケイブ,3760,東S,,662,+5,+0.76%,4,ー倍,2.23倍,ー%
20260703,3361,データアプリ,3848,東S,,818,+15,+1.87%,4,29.3倍,1.08倍,4.28%
20260703,3362,モバファク,3912,東S,,"1,080",+20,+1.89%,4,8.56倍,3.11倍,4.72%
20260703,3363,アイリッジ,3917,東G,,418,-5,-1.18%,4,10.9倍,1.09倍,ー%
20260703,3364,高見沢,5283,東S,,"2,917",0,0.00%,4,4.82倍,0.30倍,2.40%
20260703,3365,ヤマウＨＤ,5284,東S,,"2,258",+12,+0.53%,4,6.08倍,0.99倍,4.96%
20260703,3366,報国マテリア,5542,東S,,809,0,0.00%,4,10.9倍,0.94倍,3.09%
20260703,3367,ＮＩＣ,5742,東S,,724,+12,+1.69%,4,30.1倍,1.21倍,ー%
20260703,3368,ＳＨＩＮＰＯ,5903,東S,,"1,683",0,0.00%,4,20.6倍,1.30倍,ー%
20260703,3369,トーソー,5956,東S,,606,+20,+3.41%,4,9.56倍,0.34倍,2.15%
20260703,3370,三機サービス,6044,東S,,"1,630",-9,-0.55%,4,14.8倍,2.01倍,1.84%
20260703,3371,リンクバル,6046,東S,,122,-1,-0.81%,4,"2,440倍",2.81倍,ー%
20260703,3372,リブセンス,6054,東S,,112,0,0.00%,4,ー倍,0.75倍,ー%
20260703,3373,フリークＨＤ,6094,東G,,521,-3,-0.57%,4,11.5倍,0.76倍,ー%
20260703,3374,和井田,6158,東S,,987,+22,+2.28%,4,18.3倍,0.61倍,3.85%
20260703,3375,バーチャレク,6193,東G,,"1,009",+8,+0.80%,4,11.0倍,1.76倍,1.49%
20260703,3376,ＧＸ中テ１０,404A,東Ｅ,,"1,336",+2,+0.15%,4,ー倍,ー倍,ー%
20260703,3377,ＭＸ高配５０,461A,東Ｅ,,"2,471",+34,+1.40%,4,ー倍,ー倍,ー%
20260703,3378,ｉＳプラチナ,569A,東Ｅ,,167.8,+1.9,+1.15%,4,ー倍,ー倍,ー%
20260703,3379,トランスＧＧ,2342,東S,,216,+4,+1.89%,4,24.0倍,0.75倍,ー%
20260703,3380,アオバＢＢＴ,2464,東S,,317,+2,+0.63%,4,10.2倍,0.86倍,3.47%
20260703,3381,夢みつけ隊,2673,東S,,96,+2,+2.13%,4,ー倍,0.34倍,ー%
20260703,3382,アップル,2788,東S,,379,+8,+2.16%,4,7.96倍,0.47倍,2.64%
20260703,3383,クリエイト,3024,東S,,"1,063",+32,+3.10%,4,ー倍,0.74倍,ー%
20260703,3384,セキュアヴェ,3042,東S,,286,-1,-0.35%,4,23.2倍,1.72倍,1.05%
20260703,3385,ハイパー,3054,東S,,244,+12,+5.17%,4,23.1倍,0.76倍,2.87%
20260703,3386,ＵＮＩＶＡ,3113,東S,,76,-1,-1.30%,4,69.7倍,5.97倍,ー%
20260703,3387,ファインズ,5125,東G,,464,-2,-0.43%,4,25.6倍,0.96倍,ー%
20260703,3388,ＫＹＯＲＩＴ,7795,東S,,206,0,0.00%,4,11.5倍,0.49倍,3.88%
20260703,3389,ＧＸ自動ＥＶ,2867,東Ｅ,,"1,908",-32,-1.65%,4,ー倍,ー倍,ー%
20260703,3390,フュージック,5256,東G,,"2,299",+6,+0.26%,4,173倍,2.34倍,ー%
20260703,3391,ｉＦＳＰ有,2248,東Ｅ,,"2,710",+13,+0.48%,4,ー倍,ー倍,ー%
20260703,3392,第一交通,9035,福証,,733,+3,+0.41%,4,10.9倍,0.55倍,3.41%
20260703,3393,インバＰＦ,5587,東G,,763,+15,+2.01%,4,11.2倍,1.65倍,ー%
20260703,3394,上場米債０ラ,2093,東Ｅ,,"5,359",-37,-0.69%,4,ー倍,ー倍,ー%
20260703,3395,ＧＸ住宅日Ｒ,2097,東Ｅ,,971,+9,+0.94%,4,ー倍,ー倍,ー%
20260703,3396,アスマーク,4197,東S,,"2,225",+4,+0.18%,4,18.4倍,1.64倍,3.51%
20260703,3397,ジンジブ,142A,東G,,769,+16,+2.12%,4,7.47倍,3.89倍,ー%
20260703,3398,コージンＢ,177A,東G,,868,-7,-0.80%,4,40.3倍,0.75倍,1.15%
20260703,3399,マスカットＧ,195A,東G,,665,-11,-1.63%,4,ー倍,2.10倍,ー%
20260703,3400,Ｓｃｈｏｏ,264A,東G,,265,+5,+1.92%,4,14.6倍,1.81倍,ー%
20260703,3401,ＳＢＩサウジ,273A,東Ｅ,,"9,930",-25,-0.25%,4,ー倍,ー倍,ー%
20260703,3402,アルピコＨＤ,297A,東S,,215,+1,+0.47%,4,9.62倍,1.17倍,2.33%
20260703,3403,ロイブ,352A,東G,,505,-1,-0.20%,4,163倍,2.78倍,ー%
20260703,3404,みのや,386A,東S,,"1,273",0,0.00%,4,9.58倍,1.17倍,1.94%
20260703,3405,アミファ,7800,東S,,890,+5,+0.56%,4,4.21倍,1.14倍,3.37%
20260703,3406,ユナイト,4486,東G,,641,+5,+0.79%,4,10.5倍,2.21倍,2.50%
20260703,3407,日本インシュ,5368,東S,,936,+7,+0.75%,4,11.1倍,0.55倍,4.27%
20260703,3408,関通ＨＤ,9326,東G,,429,+10,+2.39%,4,16.3倍,1.93倍,2.33%
20260703,3409,Ｂマインド,7343,東G,,"1,194",+9,+0.76%,4,21.4倍,1.69倍,5.86%
20260703,3410,ファブリカ,4193,東S,,"2,316",+16,+0.70%,4,13.2倍,3.37倍,1.73%
20260703,3411,テンダ,4198,東S,,491,-1,-0.20%,4,109倍,1.26倍,4.48%
20260703,3412,ランドネット,2991,東S,,589,-1,-0.17%,4,5.33倍,1.12倍,1.88%
20260703,3413,ＧＸＬＥ日株,2645,東Ｅ,,"3,020",+90,+3.07%,4,ー倍,ー倍,ー%
20260703,3414,デジタリフト,9244,東G,,"1,240",+6,+0.49%,4,16.0倍,2.28倍,ー%
20260703,3415,ＢｅｅＸ,4270,東G,,"1,867",+2,+0.11%,4,9.26倍,1.38倍,1.34%
20260703,3416,ＧＸ高配Ｅ日,2849,東Ｅ,,"5,463",+40,+0.74%,4,ー倍,ー倍,ー%
20260703,3417,ＡＳＮＯＶＡ,9223,東G,,396,-4,-1.00%,4,ー倍,1.66倍,0.51%
20260703,3418,ニッチツ,7021,東S,,"1,808",+17,+0.95%,4,29.6倍,0.29倍,1.66%
20260703,3419,プロレド,7034,東P,,344,-2,-0.58%,4,ー倍,0.54倍,ー%
20260703,3420,アクセスＨＤ,7042,東S,,638,+4,+0.63%,4,11.7倍,1.49倍,3.45%
20260703,3421,島根銀行,7150,東S,,482,+6,+1.26%,4,25.7倍,0.74倍,2.07%
20260703,3422,ＨＫＳ,7219,東S,,"2,305",+13,+0.57%,4,10.0倍,0.30倍,2.82%
20260703,3423,尾家産,7481,東S,,"2,658",+46,+1.76%,4,7.71倍,1.30倍,3.91%
20260703,3424,万世電機,7565,東S,,"6,200",+40,+0.65%,4,ー倍,0.77倍,ー%
20260703,3425,ニチリョク,7578,東S,,76,0,0.00%,4,11.5倍,0.48倍,ー%
20260703,3426,梅の花Ｇ,7604,東S,,886,+5,+0.57%,4,28.2倍,3.75倍,1.13%
20260703,3427,オーエムツー,7614,東S,,"1,554",+8,+0.52%,4,10.4倍,0.57倍,2.32%
20260703,3428,メディキット,7749,東S,,"2,790",+10,+0.36%,4,14.2倍,0.86倍,3.58%
20260703,3429,ＣＳランバー,7808,東S,,"2,574",+23,+0.90%,4,5.95倍,0.41倍,3.11%
20260703,3430,粧美堂,7819,東S,,893,+3,+0.34%,4,10.8倍,1.56倍,3.70%
20260703,3431,ウイルコＨＤ,7831,東S,,67,-1,-1.47%,4,34.7倍,0.55倍,2.99%
20260703,3432,エステール,7872,東S,,601,+3,+0.50%,4,14.6倍,0.54倍,4.49%
20260703,3433,ビーブレイク,3986,東S,,463,+1,+0.22%,4,19.2倍,1.20倍,3.24%
20260703,3434,レイ,4317,東S,,481,+12,+2.56%,4,7.75倍,0.82倍,3.12%
20260703,3435,ユークス,4334,東S,,378,+6,+1.61%,4,11.4倍,1.27倍,2.65%
20260703,3436,東名,4439,東S,,752,+2,+0.27%,4,8.66倍,2.13倍,1.73%
20260703,3437,さくらＫＣＳ,4761,東S,,"1,440",+15,+1.05%,4,12.9倍,0.75倍,4.31%
20260703,3438,ＳＭＥＪ,4772,東G,,73,+2,+2.82%,4,33.5倍,1.19倍,1.37%
20260703,3439,ノダ,7879,東S,,646,+2,+0.31%,4,47.3倍,0.27倍,4.64%
20260703,3440,ユアサフナ,8006,東S,,"1,458",+10,+0.69%,4,10.3倍,0.59倍,2.26%
20260703,3441,キムラタン,8107,東S,,33,0,0.00%,4,367倍,5.52倍,ー%
20260703,3442,ゼット,8135,東S,,426,-8,-1.84%,4,10.1倍,0.54倍,4.23%
20260703,3443,テンアライド,8207,東S,,288,-1,-0.35%,4,240倍,9.79倍,ー%
20260703,3444,静甲,6286,東S,,"1,358",0,0.00%,4,8.77倍,0.50倍,2.06%
20260703,3445,太平製,6342,東S,,"2,813",+23,+0.82%,4,8.13倍,0.51倍,3.55%
20260703,3446,オリチェン,6380,東S,,"4,700",+5,+0.11%,4,82.6倍,3.94倍,0.43%
20260703,3447,兼松エンジ,6402,東S,,"1,466",-10,-0.68%,4,11.0倍,0.90倍,3.07%
20260703,3448,ＫＶＫ,6484,東S,,"2,402",+32,+1.35%,4,8.76倍,0.63倍,3.54%
20260703,3449,ディスラプタ,6538,東S,,237,+4,+1.72%,4,8.03倍,1.80倍,2.11%
20260703,3450,エスユーエス,6554,東G,,"1,022",+7,+0.69%,4,9.26倍,2.03倍,4.89%
20260703,3451,コレックＨＤ,6578,東S,,485,+5,+1.04%,4,17.2倍,3.41倍,1.86%
20260703,3452,ＴＢグループ,6775,東S,,120,-1,-0.83%,4,179倍,3.72倍,ー%
20260703,3453,ＡＳＴＩ,6899,東S,,"2,371",+6,+0.25%,4,10.6倍,0.30倍,3.37%
20260703,3454,ＯＫＡＹＡ,6926,東S,,185,0,0.00%,4,ー倍,0.70倍,ー%
20260703,3455,オーイズミ,6428,東S,,314,+2,+0.64%,3,11.8倍,0.38倍,3.82%
20260703,3456,ＡＢホテル,6565,名M,,"1,360",-8,-0.58%,3,6.12倍,1.24倍,2.13%
20260703,3457,神戸天然物化,6568,東G,,"1,335",+14,+1.06%,3,ー倍,0.73倍,ー%
20260703,3458,ＲＶＨ,6786,東S,,54,+1,+1.89%,3,ー倍,1.75倍,ー%
20260703,3459,伊豆シャボ,6819,東S,,464,-3,-0.64%,3,8.78倍,1.36倍,4.31%
20260703,3460,東亜ＤＫＫ,6848,東S,,864,+13,+1.53%,3,18.5倍,0.73倍,2.55%
20260703,3461,ＰＢシステム,4447,東G,,446,+9,+2.06%,3,15.7倍,2.41倍,4.48%
20260703,3462,コーチエィ,9339,東S,,"1,274",-21,-1.62%,3,24.3倍,0.97倍,1.57%
20260703,3463,アソインター,9340,東S,,697,+5,+0.72%,3,13.6倍,2.22倍,3.73%
20260703,3464,ＢＴＭ,5247,東G,,531,+3,+0.57%,3,22.7倍,2.06倍,ー%
20260703,3465,ハルメク,7119,東G,,"1,680",-9,-0.53%,3,15.5倍,2.09倍,2.38%
20260703,3466,ＱＬＳＨＤ,7075,東G,,803,-1,-0.12%,3,8.28倍,2.92倍,1.37%
20260703,3467,ＯＢシステム,5576,東S,,"2,835",-15,-0.53%,3,9.16倍,1.16倍,4.41%
20260703,3468,プロディ,5580,東G,,"1,607",+34,+2.16%,3,16.8倍,2.89倍,ー%
20260703,3469,ＧＸＵＳＤＶ,2253,東Ｅ,,"1,338",-3,-0.22%,3,ー倍,ー倍,ー%
20260703,3470,ＳＯＬＩＺＥ,5871,東S,,"1,330",+12,+0.91%,3,23.8倍,0.63倍,4.14%
20260703,3471,ＡＩセレクト,162A,東EN,,"18,170",0,0.00%,3,ー倍,ー倍,ー%
20260703,3472,ＧＸ革新優良,178A,東Ｅ,,"1,601",+4,+0.25%,3,ー倍,ー倍,ー%
20260703,3473,ＭＦＳ,196A,東G,,279,-8,-2.79%,3,19.0倍,1.10倍,ー%
20260703,3474,ＩＮＧＳ,245A,東G,,"2,327",+14,+0.61%,3,17.3倍,2.77倍,ー%
20260703,3475,アスア,246A,東G,,"1,003",+2,+0.20%,3,27.7倍,2.54倍,0.70%
20260703,3476,グリクロＨＤ,272A,福証,,"1,330",+21,+1.60%,3,7.97倍,0.91倍,3.01%
20260703,3477,フライヤー,323A,東G,,405,-5,-1.22%,3,23.9倍,4.59倍,ー%
20260703,3478,ＧＸ価格日株,328A,東Ｅ,,"1,358",+12,+0.89%,3,ー倍,ー倍,ー%
20260703,3479,ジグザグ,340A,東G,,326,+8,+2.52%,3,10.5倍,1.95倍,ー%
20260703,3480,エレコミ,353A,福証,,"1,399",+61,+4.56%,3,18.4倍,6.07倍,ー%
20260703,3481,山忠,391A,名M,,"2,279",-2,-0.09%,3,5.59倍,0.55倍,3.42%
20260703,3482,ダイトウボウ,3202,東S,,130,+1,+0.78%,3,32.3倍,0.78倍,2.31%
20260703,3483,トーア紡,3204,東S,,502,-2,-0.40%,3,8.42倍,0.31倍,2.99%
20260703,3484,セントラル総,3238,東S,,371,+4,+1.09%,3,8.92倍,0.35倍,3.50%
20260703,3485,エスポア,3260,名N,,702,-28,-3.84%,3,ー倍,188倍,ー%
20260703,3486,サンセイラン,3277,東S,,645,-2,-0.31%,3,7.89倍,0.72倍,3.95%
20260703,3487,東武住販,3297,東S,,"1,114",+4,+0.36%,3,10.1倍,0.67倍,3.59%
20260703,3488,サンコテクノ,3435,東S,,"1,424",-40,-2.73%,3,9.02倍,0.56倍,3.23%
20260703,3489,テルマー湯,3521,東S,,150,-1,-0.66%,3,22.0倍,0.80倍,3.33%
20260703,3490,東海染,3577,東S,,940,-1,-0.11%,3,19.8倍,0.38倍,2.66%
20260703,3491,データＨＲ,3628,東G,,498,-2,-0.40%,3,24.3倍,15.1倍,ー%
20260703,3492,ソケッツ,3634,東S,,551,-6,-1.08%,3,24.0倍,2.27倍,1.09%
20260703,3493,パピレス,3641,東S,,972,-3,-0.31%,3,66.2倍,0.94倍,1.03%
20260703,3494,オルトＰ,3672,東S,,27,-1,-3.57%,3,ー倍,1.84倍,ー%
20260703,3495,ＧＭＯ－ＰＰ,3695,東G,,"1,428",+4,+0.28%,3,16.7倍,2.63倍,4.50%
20260703,3496,Ｊエスコム,3779,東S,,135,+3,+2.27%,3,ー倍,2.78倍,ー%
20260703,3497,イメージ情報,3803,東G,,464,+4,+0.87%,3,ー倍,2.44倍,ー%
20260703,3498,岡山製紙,3892,東S,,"1,657",0,0.00%,3,11.0倍,0.52倍,3.02%
20260703,3499,栗林船,9171,東S,,"1,781",-3,-0.17%,3,12.5倍,0.62倍,1.68%
20260703,3500,東海汽,9173,東S,,"2,910",+2,+0.07%,3,39.9倍,1.24倍,ー%
20260703,3501,川西倉,9322,東S,,"2,385",-5,-0.21%,3,28.2倍,0.83倍,5.53%
20260703,3502,大東港運,9367,東S,,"1,908",+31,+1.65%,3,20.6倍,1.56倍,1.62%
20260703,3503,ＣＢＣ,9402,名P,,"1,280",0,0.00%,3,21.5倍,0.42倍,1.95%
20260703,3504,サカイＨＤ,9446,東S,,681,+9,+1.34%,3,5.60倍,1.06倍,5.14%
20260703,3505,文溪堂,9471,名M,,"1,134",+24,+2.16%,3,11.5倍,0.46倍,3.60%
20260703,3506,グリンランド,9656,東S,,598,0,0.00%,3,12.4倍,0.58倍,2.51%
20260703,3507,御園座,9664,名M,,"1,519",0,0.00%,3,116倍,1.61倍,ー%
20260703,3508,ホウライ,9679,東S,,"2,345",+50,+2.18%,3,19.7倍,0.98倍,1.02%
20260703,3509,ＫＹＣＯＭ,9685,東S,,594,+4,+0.68%,3,6.71倍,0.57倍,1.68%
20260703,3510,会舘,9701,東S,,"4,200",+20,+0.48%,3,13.7倍,1.06倍,1.19%
20260703,3511,白洋舎,9731,東S,,"3,455",+20,+0.58%,3,5.29倍,0.98倍,2.89%
20260703,3512,旭情報,9799,東S,,912,-2,-0.22%,3,11.4倍,1.14倍,3.73%
20260703,3513,大丸エナ,9818,東S,,"1,547",+7,+0.45%,3,13.2倍,0.74倍,1.87%
20260703,3514,銀座ルノア,9853,東S,,910,+8,+0.89%,3,13.4倍,1.74倍,0.55%
20260703,3515,コックス,9876,東S,,230,+3,+1.32%,3,5.88倍,0.60倍,ー%
20260703,3516,セキド,9878,東S,,419,-2,-0.48%,3,676倍,32.8倍,ー%
20260703,3517,タナケン,1450,東S,,"1,405",+36,+2.63%,3,8.73倍,1.31倍,3.91%
20260703,3518,Ｊ４百ベア２,1469,東Ｅ,,190.0,-2.1,-1.09%,3,ー倍,ー倍,ー%
20260703,3519,ＷＴ穀物,1688,東Ｅ,,546.5,-5.5,-1.00%,3,ー倍,ー倍,ー%
20260703,3520,ＹＴＬ,1773,東P,,80,+1,+1.27%,3,ー倍,ー倍,ー%
20260703,3521,大本組,1793,東S,,"1,982",+12,+0.61%,3,18.7倍,0.73倍,3.73%
20260703,3522,米国配当貴族,2044,東EN,,"35,890",+580,+1.64%,3,ー倍,ー倍,ー%
20260703,3523,リニカル,2183,東S,,216,+6,+2.86%,3,27.1倍,1.23倍,3.70%
20260703,3524,ＣＳＳ,2304,東S,,921,-2,-0.22%,3,7.74倍,1.36倍,3.80%
20260703,3525,サイネックス,2376,東S,,837,-2,-0.24%,3,19.6倍,0.58倍,1.79%
20260703,3526,鉄人化ＨＤ,2404,東S,,594,-3,-0.50%,3,19.4倍,8.43倍,ー%
20260703,3527,アウン,2459,東S,,161,+1,+0.63%,3,ー倍,3.76倍,ー%
20260703,3528,タウンＮ,2481,東S,,637,+1,+0.16%,3,9.82倍,0.63倍,3.14%
20260703,3529,久世,2708,東S,,"1,970",+30,+1.55%,3,6.51倍,0.94倍,2.28%
20260703,3530,アイケイＨＤ,2722,東S,,357,+1,+0.28%,3,9.64倍,1.05倍,2.52%
20260703,3531,パレモ・ＨＤ,2778,東S,,111,-1,-0.89%,3,13.2倍,0.85倍,ー%
20260703,3532,ユタカフーズ,2806,東S,,"1,864",+19,+1.03%,3,121倍,0.56倍,2.15%
20260703,3533,佐藤食品,2814,東S,,"3,085",-30,-0.96%,3,30.1倍,0.55倍,1.62%
20260703,3534,ピエトロ,2818,東S,,"1,739",+4,+0.23%,3,ー倍,1.94倍,1.38%
20260703,3535,大森屋,2917,東S,,917,-8,-0.86%,3,23.2倍,0.39倍,ー%
20260703,3536,ライフフーズ,3065,東S,,"1,619",+2,+0.12%,3,68.6倍,2.93倍,0.31%
20260703,3537,ＪＢイレブン,3066,名M,,618,+3,+0.49%,3,276倍,2.90倍,0.40%
20260703,3538,ホリイフード,3077,東S,,812,-16,-1.93%,3,13.8倍,4.56倍,ー%
20260703,3539,ＤＶｘ,3079,東S,,968,-12,-1.22%,3,31.5倍,1.15倍,5.17%
20260703,3540,オーミケンシ,3111,東S,,161,-1,-0.62%,3,ー倍,1.16倍,ー%
20260703,3541,オーウイル,3143,東S,,687,-4,-0.58%,3,8.85倍,1.05倍,3.20%
20260703,3542,ジオリーブＧ,3157,東S,,"1,429",+21,+1.49%,3,8.07倍,0.76倍,3.85%
20260703,3543,ミサワ,3169,東S,,656,-3,-0.46%,3,27.1倍,1.48倍,1.22%
20260703,3544,昭和化,4990,東S,,516,-14,-2.64%,3,ー倍,0.59倍,1.16%
20260703,3545,旭コン,5268,東S,,844,+7,+0.84%,3,23.7倍,0.87倍,2.01%
20260703,3546,ニッコー,5343,名M,,187,0,0.00%,3,ー倍,1.95倍,ー%
20260703,3547,ルツボ,5355,東S,,680,+3,+0.44%,3,10.0倍,0.73倍,2.94%
20260703,3548,パウダテック,5695,東S,,"2,950",+10,+0.34%,3,26.0倍,0.67倍,3.39%
20260703,3549,ＪＭＣ,5704,東G,,395,+2,+0.51%,3,16.7倍,1.27倍,ー%
20260703,3550,大谷工業,5939,東S,,"4,975",-20,-0.40%,3,14.9倍,0.88倍,0.60%
20260703,3551,赤阪鉄,6022,東S,,"2,509",0,0.00%,3,37.3倍,0.31倍,ー%
20260703,3552,エクストリム,6033,東G,,"1,402",+2,+0.14%,3,8.16倍,1.09倍,4.85%
20260703,3553,ＨＭＴ,6090,東S,,609,-4,-0.65%,3,16.5倍,1.75倍,2.96%
20260703,3554,タケダ機械,6150,東S,,"2,742",+12,+0.44%,3,11.0倍,0.47倍,2.92%
20260703,3555,高松機械,6155,東S,,495,0,0.00%,3,40.2倍,0.33倍,2.02%
20260703,3556,ＧＭＯメディ,6180,東G,,"3,575",+25,+0.70%,3,11.0倍,2.25倍,5.87%
20260703,3557,ＧＭＯテック,415A,東G,,"4,715",+55,+1.18%,3,16.8倍,2.03倍,5.86%
20260703,3558,ギミック,475A,東S,,659,+12,+1.85%,3,14.9倍,1.43倍,ー%
20260703,3559,ｉＳ円社債,515A,東Ｅ,,504.6,+1.5,+0.30%,3,ー倍,ー倍,ー%
20260703,3560,ベーシック,519A,東G,,517,-1,-0.19%,3,9.14倍,2.10倍,ー%
20260703,3561,リーガル,7938,東S,,"2,070",0,0.00%,3,ー倍,0.45倍,3.95%
20260703,3562,ナラサキ,8085,東S,,"4,170",+5,+0.12%,3,8.35倍,0.72倍,3.36%
20260703,3563,タカキュー,8166,東S,,79,0,0.00%,3,25.3倍,1.66倍,ー%
20260703,3564,マルイチ,8228,名M,,"1,125",+6,+0.54%,3,12.4倍,0.86倍,2.49%
20260703,3565,テノ．ＨＤ,7037,東S,,843,-12,-1.40%,3,13.3倍,2.07倍,1.19%
20260703,3566,デイトナ,7228,東S,,"3,845",-5,-0.13%,3,7.73倍,1.00倍,3.90%
20260703,3567,小田原機器,7314,東S,,"1,199",-1,-0.08%,3,45.5倍,0.95倍,3.34%
20260703,3568,エコーＴＤ,7427,東S,,845,-1,-0.12%,3,6.77倍,0.42倍,3.55%
20260703,3569,ハリマ共和,7444,東S,,"1,984",+12,+0.61%,3,8.68倍,0.41倍,3.02%
20260703,3570,東北化学,7446,東S,,"4,680",ー,ー%,3,9.81倍,0.50倍,2.24%
20260703,3571,キムラ,7461,東S,,477,+5,+1.06%,3,11.0倍,0.42倍,2.94%
20260703,3572,ハウスローゼ,7506,東S,,"1,371",+4,+0.29%,3,460倍,1.18倍,1.82%
20260703,3573,ハンズマン,7636,東S,,776,+3,+0.39%,3,11.7倍,0.58倍,3.87%
20260703,3574,ダイイチ,7643,東S,,"1,700",+5,+0.29%,3,15.9倍,1.08倍,2.35%
20260703,3575,クボテック,7709,東S,,56,-3,-5.08%,3,ー倍,13.8倍,ー%
20260703,3576,アールシー,7837,東S,,321,-16,-4.75%,3,2.61倍,0.84倍,ー%
20260703,3577,スターツ出版,7849,東S,,"3,300",+35,+1.07%,3,8.37倍,1.19倍,3.94%
20260703,3578,Ｂ＆Ｐ,7804,東S,,"2,250",+12,+0.54%,3,10.4倍,1.35倍,3.87%
20260703,3579,ＡＨＣ,7083,東G,,984,+1,+0.10%,3,22.1倍,1.79倍,1.22%
20260703,3580,リグア,7090,東G,,742,-27,-3.51%,3,98.4倍,6.71倍,ー%
20260703,3581,Ｋラーニング,7353,東G,,556,-1,-0.18%,3,11.6倍,2.68倍,ー%
20260703,3582,ミット,4016,東S,,898,0,0.00%,3,10.4倍,2.58倍,3.34%
20260703,3583,ジオコード,7357,東S,,"1,648",+25,+1.54%,3,43.1倍,4.28倍,1.52%
20260703,3584,インバウＴ,7031,東G,,670,+30,+4.69%,3,ー倍,1.35倍,ー%
20260703,3585,ＧＸデジ日株,2626,東Ｅ,,"2,995",+31,+1.05%,3,ー倍,ー倍,ー%
20260703,3586,ｉ－ｐｌｕｇ,4177,東G,,"1,400",0,0.00%,3,10.1倍,2.94倍,3.86%
20260703,3587,ＧＸガバ日株,2636,東Ｅ,,"4,951",+30,+0.61%,3,ー倍,ー倍,ー%
20260703,3588,表示灯,7368,東S,,"1,660",+3,+0.18%,3,9.67倍,0.92倍,3.92%
20260703,3589,アイスコ,7698,東S,,"2,499",+4,+0.16%,3,20.1倍,2.37倍,0.84%
20260703,3590,ドリムベッド,7791,東S,,821,+11,+1.36%,3,6.80倍,0.69倍,4.51%
20260703,3591,メディア総研,9242,東G,,"1,990",+35,+1.79%,3,10.1倍,1.39倍,1.26%
20260703,3592,ユミルリンク,4372,東G,,"1,229",-18,-1.44%,3,12.9倍,1.55倍,1.63%
20260703,3593,一家ＨＤ,7127,東S,,701,0,0.00%,3,22.5倍,5.23倍,ー%
20260703,3594,スローガン,9253,東G,,712,+6,+0.85%,3,9.14倍,0.99倍,ー%
20260703,3595,ブロードＥ,4415,東G,,"1,255",+9,+0.72%,3,11.9倍,4.16倍,1.69%
20260703,3596,大石産業,3943,東S,,"1,241",+2,+0.16%,3,23.4倍,0.50倍,4.19%
20260703,3597,エアクロ,9557,東G,,166,-6,-3.49%,3,ー倍,4.88倍,ー%
20260703,3598,ベネフィＪ,3934,東S,,"2,300",-10,-0.43%,3,11.9倍,1.56倍,4.22%
20260703,3599,ダイナパック,3947,東S,,"2,249",+24,+1.08%,3,8.79倍,0.46倍,3.56%
20260703,3600,エルテス,3967,東G,,570,0,0.00%,3,35.3倍,1.93倍,ー%
20260703,3601,ＳＣＡＴ,3974,東S,,592,+6,+1.02%,3,14.8倍,0.89倍,2.36%
20260703,3602,サインポスト,3996,東S,,180,+4,+2.27%,3,35.0倍,1.23倍,ー%
20260703,3603,アセチレン,4093,東S,,424,-2,-0.47%,3,12.3倍,0.77倍,3.30%
20260703,3604,Ｄ・アクシス,4245,東S,,669,+2,+0.30%,3,16.4倍,0.88倍,3.59%
20260703,3605,ビーマップ,4316,東G,,128,-2,-1.54%,3,11.4倍,1.22倍,ー%
20260703,3606,Ｍマート,4380,東G,,"1,135",+24,+2.16%,3,12.2倍,2.60倍,4.58%
20260703,3607,ビープラッツ,4381,東G,,184,+10,+5.75%,3,12.7倍,-1.2倍,ー%
20260703,3608,ＳＩＧＧ,4386,東S,,823,+3,+0.37%,3,9.33倍,1.68倍,4.01%
20260703,3609,ＢＢＳｅｃ,4398,東S,,"1,235",0,0.00%,3,11.9倍,2.31倍,1.30%
20260703,3610,東邦化,4409,東S,,739,0,0.00%,3,ー倍,0.65倍,ー%
20260703,3611,リックソフト,4429,東G,,712,+4,+0.56%,3,20.1倍,0.97倍,ー%
20260703,3612,仁丹,4524,東S,,"2,161",+3,+0.14%,3,16.7倍,0.68倍,3.01%
20260703,3613,アトミクス,4625,東S,,749,+12,+1.63%,3,13.3倍,0.36倍,2.67%
20260703,3614,チエル,3933,東S,,483,+6,+1.26%,2,9.02倍,1.07倍,4.76%
20260703,3615,昭和パックス,3954,東S,,"2,842",+47,+1.68%,2,ー倍,0.47倍,1.76%
20260703,3616,イノベーショ,3970,東S,,769,+2,+0.26%,2,82.7倍,0.71倍,5.20%
20260703,3617,丸尾カル,4102,東S,,"1,432",-6,-0.42%,2,20.4倍,0.30倍,2.09%
20260703,3618,サンエー化研,4234,東S,,695,-5,-0.71%,2,10.3倍,0.30倍,2.59%
20260703,3619,ニックス,4243,東S,,928,-7,-0.75%,2,11.3倍,0.46倍,2.16%
20260703,3620,西菱電機,4341,東S,,887,-8,-0.89%,2,14.3倍,0.54倍,5.07%
20260703,3621,山田債権,4351,東S,,862,+1,+0.12%,2,25.7倍,1.14倍,1.16%
20260703,3622,エーアイ,4388,東S,,371,-2,-0.54%,2,37.7倍,1.02倍,ー%
20260703,3623,ロジザード,4391,東G,,"1,096",-2,-0.18%,2,13.9倍,1.51倍,1.64%
20260703,3624,中京医薬,4558,東S,,198,-1,-0.50%,2,24.9倍,0.82倍,2.53%
20260703,3625,神東塗,4615,東S,,128,+1,+0.79%,2,21.8倍,0.33倍,ー%
20260703,3626,オリジナル設,4642,東S,,"1,426",+6,+0.42%,2,14.3倍,1.05倍,2.81%
20260703,3627,環境管理,4657,東S,,474,+6,+1.28%,2,14.2倍,0.92倍,1.69%
20260703,3628,田谷,4679,東S,,247,0,0.00%,2,184倍,2.30倍,ー%
20260703,3629,日本ラッド,4736,東S,,605,0,0.00%,2,19.4倍,0.91倍,1.65%
20260703,3630,ＸＮＥＴ,4762,東S,,"1,767",+34,+1.96%,2,16.4倍,2.27倍,3.96%
20260703,3631,ピーエイ,4766,東S,,180,-2,-1.10%,2,19.4倍,4.31倍,2.89%
20260703,3632,ネクスウェア,4814,東S,,151,+2,+1.34%,2,64.0倍,2.52倍,ー%
20260703,3633,日本色材,4920,東S,,"1,149",+10,+0.88%,2,12.5倍,0.55倍,2.61%
20260703,3634,ハーバー研,4925,東S,,"1,711",+2,+0.12%,2,13.8倍,0.68倍,2.34%
20260703,3635,シーボン,4926,東S,,"1,221",0,0.00%,2,25.4倍,0.89倍,1.64%
20260703,3636,アジュバン,4929,東S,,730,0,0.00%,2,243倍,1.38倍,1.64%
20260703,3637,朝日ラバー,5162,東S,,793,-6,-0.75%,2,41.9倍,0.71倍,3.03%
20260703,3638,相模ゴ,5194,東S,,632,0,0.00%,2,114倍,0.59倍,1.58%
20260703,3639,高田機,5923,東S,,"1,130",+5,+0.44%,2,29.9倍,0.31倍,4.42%
20260703,3640,天竜製鋸,5945,東S,,"2,464",-18,-0.73%,2,14.9倍,0.56倍,3.37%
20260703,3641,アマテイ,5952,東S,,182,+2,+1.11%,2,16.0倍,1.37倍,2.75%
20260703,3642,カネソウ,5979,名M,,"5,060",0,0.00%,2,10.4倍,0.46倍,3.95%
20260703,3643,兼房,5984,東S,,726,-7,-0.95%,2,11.2倍,0.32倍,3.17%
20260703,3644,アトラＧ,6029,東S,,182,+1,+0.55%,2,ー倍,1.18倍,ー%
20260703,3645,ＪＳＳ,6074,東S,,497,+7,+1.43%,2,6.90倍,0.63倍,4.23%
20260703,3646,ＳＭＮ,6185,東S,,390,+2,+0.52%,2,11.4倍,1.30倍,ー%
20260703,3647,フェニクスＢ,6190,東G,,336,+9,+2.75%,2,18.0倍,0.89倍,ー%
20260703,3648,ＩＣＤＡ,3184,東S,,"4,515",ー,ー%,2,7.04倍,0.81倍,1.55%
20260703,3649,ホットマン,3190,東S,,572,-1,-0.17%,2,10.9倍,0.52倍,1.92%
20260703,3650,Ｇオイスター,3224,東G,,704,-1,-0.14%,2,111倍,2.46倍,1.42%
20260703,3651,アールエイジ,3248,東S,,860,+9,+1.06%,2,11.8倍,0.57倍,4.19%
20260703,3652,フライングＧ,3317,東S,,"1,400",+26,+1.89%,2,11.6倍,1.10倍,1.21%
20260703,3653,フジタコーポ,3370,東S,,483,-1,-0.21%,2,13.2倍,6.52倍,0.62%
20260703,3654,関門海,3372,東S,,220,0,0.00%,2,25.1倍,2.14倍,ー%
20260703,3655,コスモバイオ,3386,東S,,"1,266",-10,-0.78%,2,32.8倍,0.76倍,3.95%
20260703,3656,フェリシモ,3396,東S,,863,-3,-0.35%,2,20.6倍,0.31倍,2.90%
20260703,3657,アトムリビン,3426,東S,,"1,297",-3,-0.23%,2,19.2倍,0.49倍,2.43%
20260703,3658,パルマ,3461,東S,,572,+4,+0.70%,2,18.4倍,1.61倍,2.27%
20260703,3659,日東網,3524,東S,,"1,408",-7,-0.49%,2,12.2倍,0.45倍,3.55%
20260703,3660,昭栄薬品,3537,東S,,"1,630",+10,+0.62%,2,12.8倍,0.59倍,2.52%
20260703,3661,Ｕ＆Ｃ,3557,東G,,532,+1,+0.19%,2,"1,330倍",5.31倍,ー%
20260703,3662,フジックス,3600,東S,,"1,721",+11,+0.64%,2,ー倍,0.24倍,2.91%
20260703,3663,オークファン,3674,東G,,321,-1,-0.31%,2,169倍,0.83倍,ー%
20260703,3664,ホットリンク,3680,東G,,214,0,0.00%,2,36.8倍,0.83倍,2.90%
20260703,3665,イルグルム,3690,東S,,537,+2,+0.37%,2,16.9倍,1.79倍,1.49%
20260703,3666,ＡＤＲバイオ,3750,東S,,777,+8,+1.04%,2,347倍,316倍,ー%
20260703,3667,ユニリタ,3800,東S,,"1,958",-1,-0.05%,2,13.3倍,1.20倍,3.83%
20260703,3668,ＳＩ,3826,東S,,438,0,0.00%,2,12.0倍,1.08倍,2.51%
20260703,3669,阿波製紙,3896,東S,,369,0,0.00%,2,24.6倍,0.58倍,ー%
20260703,3670,ナガオカ,6239,東S,,"1,348",+25,+1.89%,2,20.9倍,1.20倍,2.60%
20260703,3671,ゼネラルパ,6267,東S,,"3,795",-65,-1.68%,2,8.29倍,0.84倍,3.16%
20260703,3672,タカキタ,6325,東S,,401,+3,+0.75%,2,18.3倍,0.55倍,2.49%
20260703,3673,プラコー,6347,東S,,261,+5,+1.95%,2,25.1倍,1.50倍,2.30%
20260703,3674,東自機,6360,東S,,"4,475",0,0.00%,2,13.7倍,0.62倍,2.23%
20260703,3675,不二精機,6400,東S,,262,+3,+1.16%,2,7.34倍,0.53倍,2.67%
20260703,3676,日宣,6543,東S,,"1,198",+3,+0.25%,2,14.2倍,1.18倍,2.75%
20260703,3677,ＩＩＦ,6545,東G,,745,+1,+0.13%,2,9.24倍,2.23倍,3.36%
20260703,3678,旅工房,6548,東G,,96,+2,+2.13%,2,ー倍,2.22倍,ー%
20260703,3679,ゲームウィズ,6552,東S,,181,-1,-0.55%,2,63.3倍,1.12倍,ー%
20260703,3680,ログリー,6579,東G,,352,-1,-0.28%,2,ー倍,3.23倍,ー%
20260703,3681,ＣＧＳＨＤ,6633,東S,,332,+2,+0.61%,2,14.7倍,0.96倍,3.01%
20260703,3682,オプトエレ,6664,東S,,238,-1,-0.42%,2,ー倍,0.47倍,ー%
20260703,3683,コスモス,6772,東S,,"1,100",-5,-0.45%,2,ー倍,0.96倍,ー%
20260703,3684,トミタ電機,6898,東S,,"3,900",+100,+2.63%,2,63.7倍,0.79倍,ー%
20260703,3685,原田工業,6904,東S,,446,+1,+0.22%,2,15.7倍,0.69倍,2.24%
20260703,3686,グラッドＣ,9561,東G,,422,+8,+1.93%,2,127倍,4.70倍,ー%
20260703,3687,スマサポ,9342,東G,,848,+27,+3.29%,2,13.2倍,3.35倍,ー%
20260703,3688,ビズメイツ,9345,東G,,568,+7,+1.25%,2,9.00倍,0.97倍,2.64%
20260703,3689,日本ＳＢ,5530,名M,,"1,018",0,0.00%,2,6.59倍,0.88倍,3.14%
20260703,3690,ジェノバ,5570,東G,,624,+5,+0.81%,2,15.2倍,2.34倍,1.12%
20260703,3691,ブリッジＧ,9225,東G,,955,+5,+0.53%,2,22.4倍,1.58倍,ー%
20260703,3692,日本乾溜工,1771,福証,,962,+26,+2.78%,2,18.1倍,1.23倍,3.74%
20260703,3693,アメイズ,6076,福証,,"1,146",+4,+0.35%,2,6.98倍,0.93倍,3.05%
20260703,3694,宮崎太銀,8560,福証,,"2,147",+2,+0.09%,2,7.77倍,0.27倍,2.33%
20260703,3695,ロジネットＪ,9027,札証,,"4,490",-130,-2.81%,2,8.11倍,0.99倍,3.83%
20260703,3696,キャスター,9331,東G,,756,-22,-2.83%,2,ー倍,2.16倍,ー%
20260703,3697,ジャパンＭＡ,9236,東G,,"1,025",+24,+2.40%,2,10.6倍,2.18倍,0.98%
20260703,3698,マーソ,5619,東G,,820,-21,-2.50%,2,ー倍,1.48倍,ー%
20260703,3699,ＳＴＧ,5858,東G,,"1,300",0,0.00%,2,10.7倍,0.78倍,1.54%
20260703,3700,エルイズビー,145A,東G,,810,+7,+0.87%,2,23.2倍,2.18倍,ー%
20260703,3701,ＧＸ印１０＋,188A,東Ｅ,,879,-1,-0.11%,2,ー倍,ー倍,ー%
20260703,3702,オプロ,228A,東G,,"1,731",+40,+2.37%,2,13.1倍,2.87倍,ー%
20260703,3703,リスキル,291A,東G,,"1,754",+2,+0.11%,2,9.04倍,1.90倍,ー%
20260703,3704,ＧＶＡテック,298A,東G,,312,-11,-3.41%,2,726倍,7.24倍,ー%
20260703,3705,ｖｉｓｕｍｏ,303A,東G,,564,+2,+0.36%,2,55.1倍,1.69倍,ー%
20260703,3706,ＳＭＤ日グ株,349A,東Ｅ,,874.6,+14.9,+1.73%,2,ー倍,ー倍,ー%
20260703,3707,ＧＸＳＰＣＦ,356A,東Ｅ,,"1,544",-10,-0.64%,2,ー倍,ー倍,ー%
20260703,3708,ｉＦ英１００,363A,東Ｅ,,"2,746",+57,+2.12%,2,ー倍,ー倍,ー%
20260703,3709,ＡＩＧＨＤ,377A,名M,,"1,095",-95,-7.98%,2,39.4倍,1.55倍,ー%
20260703,3710,コモ,2224,東S,,"3,670",+20,+0.55%,2,62.2倍,5.96倍,0.19%
20260703,3711,福留ハ,2291,東S,,489,+4,+0.82%,2,11.7倍,0.66倍,ー%
20260703,3712,滝沢ハム,2293,東S,,"2,673",+11,+0.41%,2,68.6倍,1.64倍,0.75%
20260703,3713,ヒューマン,2415,東S,,"1,584",-24,-1.49%,2,6.71倍,0.84倍,4.48%
20260703,3714,ブラス,2424,東S,,615,+3,+0.49%,2,10.4倍,0.75倍,1.30%
20260703,3715,プラップＪ,2449,東S,,"1,057",+8,+0.76%,2,9.34倍,0.87倍,3.88%
20260703,3716,オルアバウト,2454,東S,,331,-2,-0.60%,2,ー倍,1.31倍,ー%
20260703,3717,シスロケ,2480,東S,,"1,701",+1,+0.06%,2,14.8倍,1.48倍,2.23%
20260703,3718,日本和装,2499,東S,,286,0,0.00%,2,9.97倍,0.72倍,4.90%
20260703,3719,野村外国債Ｈ,2512,東Ｅ,,736.3,-0.4,-0.05%,2,ー倍,ー倍,ー%
20260703,3720,アスモ,2654,東S,,399,+1,+0.25%,2,13.7倍,0.77倍,2.51%
20260703,3721,フェスタリア,2736,東S,,686,+3,+0.44%,2,15.4倍,1.46倍,1.02%
20260703,3722,Ｙｓテーブル,2798,東S,,"2,998",+7,+0.23%,2,23.4倍,11.2倍,ー%
20260703,3723,和弘食品,2813,東S,,"4,020",+20,+0.50%,2,8.88倍,0.97倍,2.74%
20260703,3724,デルソーレ,2876,東S,,446,-8,-1.76%,2,9.93倍,0.64倍,2.69%
20260703,3725,大冷,2883,東S,,"1,985",+4,+0.20%,2,22.2倍,1.32倍,3.02%
20260703,3726,旭松食品,2911,東S,,"2,275",-1,-0.04%,2,27.6倍,0.49倍,1.54%
20260703,3727,バナーズ,3011,東S,,149,+2,+1.36%,2,9.35倍,0.82倍,3.36%
20260703,3728,アプライド,3020,東S,,"4,090",+30,+0.74%,2,5.14倍,0.80倍,2.44%
20260703,3729,ゴルフ・ドゥ,3032,名N,,308,+4,+1.32%,2,21.4倍,1.82倍,0.97%
20260703,3730,東京一番,3067,東S,,453,-1,-0.22%,2,35.2倍,2.14倍,ー%
20260703,3731,ストリーム,3071,東S,,101,0,0.00%,2,14.5倍,0.96倍,2.97%
20260703,3732,サイボー,3123,東S,,645,0,0.00%,2,8.35倍,0.42倍,2.79%
20260703,3733,富士山ＭＳ,3138,東S,,"1,102",+4,+0.36%,2,37.9倍,1.58倍,1.45%
20260703,3734,大光,3160,東S,,568,0,0.00%,2,14.8倍,1.29倍,2.64%
20260703,3735,アゼアス,3161,東S,,663,+1,+0.15%,2,21.5倍,0.55倍,3.47%
20260703,3736,ＯＣＨＩＨＤ,3166,東S,,"1,410",+12,+0.86%,2,14.0倍,0.75倍,3.90%
20260703,3737,広電鉄,9033,東S,,628,-1,-0.16%,2,19.1倍,0.43倍,1.27%
20260703,3738,東部ネット,9036,東S,,"1,278",+20,+1.59%,2,27.1倍,0.34倍,1.56%
20260703,3739,センコン物流,9051,東S,,"1,348",-6,-0.44%,2,13.9倍,1.10倍,1.11%
20260703,3740,神姫バ,9083,東S,,"1,912",+7,+0.37%,2,10.5倍,0.43倍,2.35%
20260703,3741,ＳＦＪ,9206,東S,,"1,930",0,0.00%,2,24.7倍,-3.3倍,ー%
20260703,3742,ヤマシタＨＤ,9265,東S,,"3,355",-75,-2.19%,2,24.1倍,0.96倍,2.09%
20260703,3743,アサガミ,9311,東S,,"7,930",0,0.00%,2,8.96倍,0.48倍,ー%
20260703,3744,東洋埠頭,9351,東S,,"1,845",+9,+0.49%,2,9.45倍,0.43倍,4.34%
20260703,3745,鈴与シンワ,9360,東S,,"2,864",+54,+1.92%,2,6.79倍,1.48倍,4.19%
20260703,3746,兵機海,9362,東S,,"3,690",-65,-1.73%,2,11.1倍,0.78倍,2.98%
20260703,3747,大運,9363,東S,,520,+2,+0.39%,2,7.42倍,0.62倍,3.08%
20260703,3748,ユーラシア,9376,東S,,799,+1,+0.13%,2,45.4倍,1.70倍,6.26%
20260703,3749,ＭＨグループ,9439,東S,,245,+2,+0.82%,2,ー倍,5.74倍,ー%
20260703,3750,昭文社ＨＤ,9475,東S,,492,+3,+0.61%,2,24.6倍,0.62倍,1.02%
20260703,3751,セレスポ,9625,東S,,"1,075",+1,+0.09%,2,8.67倍,0.60倍,4.65%
20260703,3752,テアトル,9633,東S,,"1,625",+4,+0.25%,2,4.08倍,0.66倍,1.85%
20260703,3753,武蔵野,9635,東S,,"2,549",+4,+0.16%,2,88.9倍,0.67倍,ー%
20260703,3754,中日興,9643,名M,,"11,020",ー,ー%,2,117倍,1.62倍,0.54%
20260703,3755,協和コンサル,9647,東S,,"7,150",+220,+3.17%,2,6.24倍,0.91倍,0.42%
20260703,3756,京都ホ,9723,東S,,635,0,0.00%,2,21.3倍,3.17倍,0.47%
20260703,3757,日建工学,9767,東S,,"1,504",+20,+1.35%,2,7.83倍,0.56倍,1.99%
20260703,3758,昴,9778,東S,,"5,600",+80,+1.45%,2,24.9倍,0.92倍,2.14%
20260703,3759,シャルレ,9885,東S,,335,+2,+0.60%,2,45.4倍,0.39倍,2.39%
20260703,3760,コンセック,9895,東S,,"1,264",-27,-2.09%,2,22.2倍,0.28倍,2.14%
20260703,3761,アシードＨＤ,9959,東S,,901,-4,-0.44%,2,11.1倍,1.40倍,2.66%
20260703,3762,ヤマザワ,9993,東S,,"1,183",+1,+0.08%,2,27.0倍,0.45倍,2.28%
20260703,3763,リビンＴ,4445,東G,,"1,515",+3,+0.20%,2,27.8倍,2.43倍,ー%
20260703,3764,日経３００投,1319,東Ｅ,,765.0,+3.3,+0.43%,2,ー倍,ー倍,ー%
20260703,3765,野村ボベスパ,1325,東Ｅ,,298.0,-0.4,-0.13%,2,ー倍,ー倍,ー%
20260703,3766,秋川牧園,1380,東S,,"1,001",ー,ー%,2,52.2倍,1.92倍,1.00%
20260703,3767,岐阜造園,1438,東S,,"1,879",-21,-1.11%,2,13.0倍,1.36倍,2.13%
20260703,3768,キャンディル,1446,東S,,530,+2,+0.38%,2,24.7倍,1.57倍,1.89%
20260703,3769,野村企業価値,1480,東Ｅ,,"39,880",-140,-0.35%,2,ー倍,ー倍,ー%
20260703,3770,上場米債ヘ有,1487,東Ｅ,,"12,185",0,0.00%,2,ー倍,ー倍,ー%
20260703,3771,上場Ａリート,1555,東Ｅ,,"2,516",+3,+0.12%,2,ー倍,ー倍,ー%
20260703,3772,ＷＴコーン,1696,東Ｅ,,"2,783",+2,+0.07%,2,ー倍,ー倍,ー%
20260703,3773,シンクレイヤ,1724,東S,,692,0,0.00%,2,8.61倍,0.50倍,4.34%
20260703,3774,太洋基礎,1758,東S,,"2,429",-69,-2.76%,2,10.2倍,0.50倍,2.68%
20260703,3775,佐藤渡辺,1807,東S,,"1,813",-27,-1.47%,2,12.6倍,0.50倍,4.41%
20260703,3776,土屋ＨＤ,1840,東S,,239,+2,+0.84%,2,23.7倍,0.51倍,4.18%
20260703,3777,森組,1853,東S,,324,+1,+0.31%,2,13.6倍,0.69倍,4.32%
20260703,3778,日和産,2055,東S,,328,0,0.00%,2,19.8倍,0.31倍,1.83%
20260703,3779,幼児活動研,2152,東S,,"1,420",ー,ー%,2,15.4倍,1.39倍,1.83%
20260703,3780,セーラー広告,2156,東S,,263,0,0.00%,2,ー倍,0.59倍,2.28%
20260703,3781,ソーバル,2186,東S,,906,-2,-0.22%,2,17.0倍,1.58倍,3.64%
20260703,3782,一パン,2215,東S,,599,-1,-0.17%,2,23.0倍,0.47倍,ー%
20260703,3783,名南Ｍ＆Ａ,7076,名M,,"1,019",+20,+2.00%,2,23.6倍,1.91倍,0.85%
20260703,3784,ＡＬｉＮＫ,7077,東G,,999,+2,+0.20%,2,40.1倍,1.30倍,ー%
20260703,3785,ランサーズ,4484,東G,,275,0,0.00%,2,17.5倍,3.15倍,1.09%
20260703,3786,ミクリード,7687,東G,,415,+5,+1.22%,2,9.19倍,1.69倍,2.19%
20260703,3787,ヴィス,5071,東S,,"1,371",+26,+1.93%,2,9.33倍,1.46倍,4.30%
20260703,3788,グッドパッチ,7351,東G,,461,0,0.00%,2,9.84倍,0.94倍,2.17%
20260703,3789,ｉＳ新興債Ｈ,2622,東Ｅ,,"1,750",+2,+0.11%,2,ー倍,ー倍,ー%
20260703,3790,クリーマ,4017,東G,,206,+1,+0.49%,2,44.8倍,1.23倍,ー%
20260703,3791,バルミューダ,6612,東G,,598,+6,+1.01%,2,511倍,2.02倍,ー%
20260703,3792,ベビカレ,7363,東G,,"1,060",+10,+0.95%,2,13.5倍,1.22倍,ー%
20260703,3793,イーロジット,9327,東S,,202,+4,+2.02%,2,404倍,1.58倍,ー%
20260703,3794,ｉＦＥＧＢＡ,2629,東Ｅ,,"3,818",+53,+1.41%,2,ー倍,ー倍,ー%
20260703,3795,ワクー,4937,東G,,"1,500",+15,+1.01%,2,21.4倍,2.40倍,ー%
20260703,3796,ＤＮＨＤ,7377,東S,,"1,772",-1,-0.06%,2,8.17倍,0.88倍,4.23%
20260703,3797,ミアヘルサ,7129,東S,,"1,149",+3,+0.26%,2,8.94倍,0.82倍,2.61%
20260703,3798,イメージＭ,7793,東G,,"1,364",+8,+0.59%,2,7.61倍,1.77倍,2.57%
20260703,3799,サークレイス,5029,東G,,677,+9,+1.35%,2,8.48倍,2.33倍,ー%
20260703,3800,永大化工,7877,東S,,"2,035",+10,+0.49%,2,7.15倍,0.34倍,3.44%
20260703,3801,マツモト,7901,東S,,777,-10,-1.27%,2,18.3倍,0.88倍,ー%
20260703,3802,野崎紙,7919,東S,,191,+3,+1.60%,2,ー倍,0.67倍,ー%
20260703,3803,旭化学,7928,東S,,621,+2,+0.32%,2,37.8倍,0.34倍,1.61%
20260703,3804,日本ＩＳＫ,7986,東S,,"1,881",+12,+0.64%,2,6.41倍,0.61倍,1.59%
20260703,3805,トルク,8077,東S,,210,+2,+0.96%,2,8.63倍,0.33倍,2.86%
20260703,3806,三栄コ,8119,東S,,765,+7,+0.92%,2,10.4倍,0.50倍,4.05%
20260703,3807,デンキョーＧ,8144,東S,,"1,300",+24,+1.88%,2,13.2倍,0.30倍,3.08%
20260703,3808,大和デ,8247,東S,,303,+6,+2.02%,2,17.0倍,0.31倍,ー%
20260703,3809,井筒屋,8260,東S,,377,-2,-0.53%,2,8.38倍,0.34倍,1.86%
20260703,3810,丸八証券,8700,東S,,"1,780",+5,+0.28%,2,ー倍,0.87倍,ー%
20260703,3811,小林洋行,8742,東S,,551,+1,+0.18%,2,ー倍,0.64倍,ー%
20260703,3812,ＲＩＳＥ,8836,東S,,27,+1,+3.85%,2,ー倍,-1.1倍,ー%
20260703,3813,サンネクスタ,8945,東S,,"1,085",-3,-0.28%,2,17.7倍,1.28倍,3.87%
20260703,3814,野村高利Ｊリ,459A,東Ｅ,,"10,400",+50,+0.48%,2,ー倍,ー倍,ー%
20260703,3815,ＳＳ金Ｈ,448A,東Ｅ,,251.1,+5.9,+2.41%,2,ー倍,ー倍,ー%
20260703,3816,ＧＸＵ社債,468A,東Ｅ,,293.8,-2.0,-0.68%,2,ー倍,ー倍,ー%
20260703,3817,ＧＸ銀ビジ,579A,東Ｅ,,925,+39,+4.40%,2,ー倍,ー倍,ー%
20260703,3818,ソフィア,6942,東S,,"1,348",+3,+0.22%,2,893倍,2.08倍,ー%
20260703,3819,エヌシーエヌ,7057,東S,,920,+3,+0.33%,2,11.2倍,1.30倍,3.59%
20260703,3820,共栄セキュリ,7058,東S,,"3,120",0,0.00%,2,ー倍,0.91倍,2.88%
20260703,3821,ピアズ,7066,東G,,417,+6,+1.46%,2,13.9倍,1.31倍,ー%
20260703,3822,桜井製,7255,東S,,471,+11,+2.39%,2,36.0倍,0.30倍,1.49%
20260703,3823,ＭＵＲＯ,7264,東S,,"1,328",+13,+0.99%,2,6.62倍,0.35倍,3.54%
20260703,3824,ナンシン,7399,東S,,590,+1,+0.17%,2,15.1倍,0.31倍,3.39%
20260703,3825,はるやまＨＤ,7416,東S,,668,+3,+0.45%,2,105倍,0.46倍,2.32%
20260703,3826,初穂商事,7425,東S,,"1,250",+5,+0.40%,2,9.39倍,0.82倍,3.20%
20260703,3827,山大,7426,東S,,600,-1,-0.17%,2,ー倍,0.36倍,ー%
20260703,3828,横浜魚類,7443,東S,,636,+6,+0.95%,2,26.5倍,1.48倍,1.26%
20260703,3829,鳥羽洋行,7472,東S,,"3,840",+15,+0.39%,2,12.1倍,0.69倍,3.13%
20260703,3830,大田花き,7555,東S,,740,-1,-0.13%,2,27.3倍,0.72倍,1.62%
20260703,3831,かんなん丸,7585,東S,,406,0,0.00%,2,ー倍,4.47倍,ー%
20260703,3832,うかい,7621,東S,,"3,305",+5,+0.15%,2,ー倍,3.70倍,0.45%
20260703,3833,トップカルチ,7640,東S,,165,+4,+2.48%,2,ー倍,-3.8倍,ー%
20260703,3834,クレステック,7812,東S,,"2,170",+16,+0.74%,2,6.23倍,0.67倍,4.79%
20260703,3835,総合商研,7850,東S,,872,-2,-0.23%,2,9.69倍,0.73倍,2.29%
20260703,3836,ピープル,7865,東S,,334,-2,-0.60%,2,ー倍,0.79倍,ー%
20260703,3837,サンライフＨ,7040,東S,,955,+4,+0.42%,1,7.40倍,0.85倍,3.66%
20260703,3838,アルー,7043,東G,,931,+6,+0.65%,1,9.63倍,1.83倍,1.18%
20260703,3839,フレアス,7062,東G,,769,+16,+2.12%,1,6.08倍,0.92倍,1.37%
20260703,3840,ハウテレ,7064,東S,,855,0,0.00%,1,86.0倍,1.54倍,ー%
20260703,3841,カネミツ,7208,東S,,"1,212",-2,-0.16%,1,9.11倍,0.50倍,3.38%
20260703,3842,ファルテック,7215,東S,,426,-4,-0.93%,1,20.0倍,0.21倍,ー%
20260703,3843,ユニバンス,7254,東S,,724,-1,-0.14%,1,7.55倍,0.52倍,2.76%
20260703,3844,カーメイト,7297,東S,,851,-9,-1.05%,1,10.6倍,0.39倍,3.53%
20260703,3845,オータケ,7434,東S,,"1,799",-27,-1.48%,1,8.21倍,0.41倍,2.22%
20260703,3846,ティムコ,7501,東S,,"1,550",-40,-2.52%,1,240倍,0.89倍,0.77%
20260703,3847,プラザＨＤ,7502,東S,,"1,611",-4,-0.25%,1,18.0倍,1.40倍,1.55%
20260703,3848,アイエーＧ,7509,東S,,"4,670",ー,ー%,1,4.97倍,0.41倍,3.43%
20260703,3849,マルシェ,7524,東S,,185,+1,+0.54%,1,80.1倍,7.64倍,ー%
20260703,3850,スリーエフ,7544,東S,,561,-1,-0.18%,1,14.2倍,1.03倍,3.21%
20260703,3851,Ｇダイニング,7625,東S,,458,+4,+0.88%,1,6.93倍,0.82倍,1.09%
20260703,3852,オーウエル,7670,東S,,"1,034",+6,+0.58%,1,6.50倍,0.46倍,4.35%
20260703,3853,シンシア,7782,東S,,457,0,0.00%,1,12.2倍,1.09倍,3.94%
20260703,3854,幸和製,7807,東S,,808,-2,-0.25%,1,6.91倍,0.98倍,1.61%
20260703,3855,プラッツ,7813,東S,,870,+1,+0.12%,1,10.7倍,0.87倍,2.76%
20260703,3856,オービス,7827,東S,,"1,620",-5,-0.31%,1,8.15倍,0.51倍,3.83%
20260703,3857,アイフィス,7833,東S,,635,+4,+0.63%,1,10.7倍,1.04倍,4.72%
20260703,3858,グラファイト,7847,東S,,607,-3,-0.49%,1,18.9倍,0.78倍,4.94%
20260703,3859,福島印刷,7870,名M,,387,-1,-0.26%,1,39.3倍,0.39倍,2.58%
20260703,3860,野村上証５０,1309,東Ｅ,,"55,600",+250,+0.45%,1,ー倍,ー倍,ー%
20260703,3861,上場パ中国Ａ,1322,東Ｅ,,"12,285",+80,+0.66%,1,ー倍,ー倍,ー%
20260703,3862,上場アジリト,1495,東Ｅ,,"11,540",-60,-0.52%,1,ー倍,ー倍,ー%
20260703,3863,スタンダ２０,1551,東Ｅ,,"7,291",+117,+1.63%,1,ー倍,ー倍,ー%
20260703,3864,野村マレシア,1560,東Ｅ,,"6,600",-12,-0.18%,1,ー倍,ー倍,ー%
20260703,3865,ＷＴアルミ,1692,東Ｅ,,677.0,+2.0,+0.30%,1,ー倍,ー倍,ー%
20260703,3866,ＷＴ大豆,1697,東Ｅ,,"4,432",+22,+0.50%,1,ー倍,ー倍,ー%
20260703,3867,三東工業,1788,東S,,"4,385",-5,-0.11%,1,9.82倍,0.73倍,2.96%
20260703,3868,徳倉建,1892,名M,,"7,720",-80,-1.03%,1,6.73倍,0.71倍,3.24%
20260703,3869,ヒップ,2136,東S,,"1,545",+11,+0.72%,1,14.1倍,1.44倍,4.60%
20260703,3870,成学社,2179,東S,,777,-2,-0.26%,1,7.08倍,1.00倍,4.25%
20260703,3871,ＩＮＥＳＴ,7111,東S,,434,+1,+0.23%,1,10.5倍,0.62倍,ー%
20260703,3872,キューブ,7112,東G,,711,+6,+0.85%,1,66.0倍,1.09倍,ー%
20260703,3873,リベース,5138,東G,,410,-7,-1.68%,1,36.6倍,1.57倍,ー%
20260703,3874,フーディソン,7114,東G,,716,-1,-0.14%,1,17.8倍,1.36倍,ー%
20260703,3875,フリーダム,8996,東S,,"1,001",+11,+1.11%,1,5.68倍,1.04倍,5.49%
20260703,3876,ＭＸダウへ有,2242,東Ｅ,,682.6,+7.5,+1.11%,1,ー倍,ー倍,ー%
20260703,3877,アクシスＣ,9344,東G,,930,0,0.00%,1,19.3倍,1.46倍,3.76%
20260703,3878,エキサイト,5571,東S,,980,-20,-2.00%,1,13.5倍,1.32倍,3.34%
20260703,3879,ｉＳ日株気候,2250,東Ｅ,,372.5,+0.5,+0.13%,1,ー倍,ー倍,ー%
20260703,3880,グロービー,5575,東G,,653,0,0.00%,1,11.1倍,2.93倍,ー%
20260703,3881,エリッツＨＤ,5533,東S,,"2,030",-15,-0.73%,1,9.93倍,1.29倍,3.45%
20260703,3882,マルタイ,2919,福証,,"4,145",ー,ー%,1,18.0倍,0.76倍,1.21%
20260703,3883,大英産業,2974,福証,,875,+13,+1.51%,1,6.25倍,0.35倍,2.74%
20260703,3884,ほくたけ,3055,札証,,903,+9,+1.01%,1,16.1倍,0.29倍,2.21%
20260703,3885,サンケ化,4995,福証,,"1,731",ー,ー%,1,6.86倍,0.46倍,1.73%
20260703,3886,昭和鉄,5953,福証,,"6,150",ー,ー%,1,5.22倍,0.42倍,2.44%
20260703,3887,Ｍｉｓｕｍｉ,7441,福証,,"1,760",0,0.00%,1,11.4倍,0.47倍,2.84%
20260703,3888,中道リース,8594,札証,,670,-1,-0.15%,1,5.50倍,0.36倍,2.24%
20260703,3889,ＲＫＢＨＤ,9407,福証,,"6,000",ー,ー%,1,14.5倍,0.31倍,1.42%
20260703,3890,政策保有解消,2081,東Ｅ,,"2,150",0,0.00%,1,ー倍,ー倍,ー%
20260703,3891,揚羽,9330,東G,,851,-1,-0.12%,1,39.3倍,1.29倍,ー%
20260703,3892,農中ＮＱ１Ｈ,2087,東Ｅ,,"3,474",-21,-0.60%,1,ー倍,ー倍,ー%
20260703,3893,農中ＤＡＸＨ,2089,東Ｅ,,"2,845",+71,+2.56%,1,ー倍,ー倍,ー%
20260703,3894,農中米債７Ｈ,2090,東Ｅ,,"4,361",-7,-0.16%,1,ー倍,ー倍,ー%
20260703,3895,バリューＣ,9238,東G,,388,+5,+1.31%,1,ー倍,22.9倍,ー%
20260703,3896,雨風太陽,5616,東G,,605,-12,-1.94%,1,48.8倍,4.48倍,ー%
20260703,3897,エスネット,5867,東G,,"1,189",0,0.00%,1,10.2倍,2.22倍,ー%
20260703,3898,ロココ,5868,東S,,990,+2,+0.20%,1,9.03倍,1.28倍,4.04%
20260703,3899,ｉＦ米債７無,2015,東Ｅ,,"2,195",-15,-0.68%,1,ー倍,ー倍,ー%
20260703,3900,ＳＭＴ好配当,170A,東Ｅ,,"3,149",+33,+1.06%,1,ー倍,ー倍,ー%
20260703,3901,ＪＳＨ,150A,東G,,357,+1,+0.28%,1,50.6倍,1.04倍,ー%
20260703,3902,ＧＸ超長米Ｈ,179A,東Ｅ,,252.1,+0.3,+0.12%,1,ー倍,ー倍,ー%
20260703,3903,ハンモック,173A,東G,,"1,370",+12,+0.88%,1,9.87倍,1.80倍,3.28%
20260703,3904,ウィルスマ,175A,東G,,606,+11,+1.85%,1,32.7倍,-26倍,ー%
20260703,3905,学びエイド,184A,東G,,310,+6,+1.97%,1,12.8倍,1.97倍,ー%
20260703,3906,ＤＭカンパニ,189A,東G,,975,+7,+0.72%,1,10.2倍,1.00倍,2.05%
20260703,3907,ＧＸＣＦキン,234A,東Ｅ,,"1,419",+22,+1.57%,1,ー倍,ー倍,ー%
20260703,3908,キッズスター,248A,東G,,852,-8,-0.93%,1,31.5倍,0.93倍,ー%
20260703,3909,ケイ・ウノ,259A,名N,,"1,622",+15,+0.93%,1,21.9倍,1.28倍,ー%
20260703,3910,日本オーエー,5241,名M,,757,-23,-2.95%,1,11.3倍,1.45倍,1.98%
20260703,3911,ＧＸＵＳＴ配,283A,東Ｅ,,"1,356",-36,-2.59%,1,ー倍,ー倍,ー%
20260703,3912,ＶＰＪ,334A,東G,,939,+39,+4.33%,1,15.2倍,2.44倍,ー%
20260703,3913,カワタ,6292,東S,,816,+2,+0.25%,1,15.0倍,0.43倍,4.66%
20260703,3914,タクミナ,6322,東S,,"1,607",-1,-0.06%,1,8.98倍,0.98倍,3.36%
20260703,3915,電業社,6365,東S,,"5,360",-40,-0.74%,1,8.72倍,0.73倍,3.54%
20260703,3916,ヤマダコーポ,6392,東S,,"7,180",+40,+0.56%,1,10.1倍,0.95倍,3.06%
20260703,3917,宇野鉄,6396,東S,,"3,930",-70,-1.75%,1,9.04倍,1.14倍,1.27%
20260703,3918,クラッチ,6408,東S,,"4,000",+20,+0.50%,1,19.3倍,0.30倍,ー%
20260703,3919,中日鋳,6439,名M,,397,+27,+7.30%,1,17.7倍,0.31倍,ー%
20260703,3920,ニチダイ,6467,東S,,328,+2,+0.61%,1,ー倍,0.28倍,1.83%
20260703,3921,フルテック,6546,東S,,"1,129",+4,+0.36%,1,14.9倍,0.85倍,3.01%
20260703,3922,クックビズ,6558,東G,,643,+6,+0.94%,1,22.4倍,1.76倍,ー%
20260703,3923,ユビテック,6662,東S,,216,-3,-1.37%,1,ー倍,2.14倍,ー%
20260703,3924,昭和ＨＤ,5103,東S,,38,0,0.00%,1,ー倍,2.63倍,ー%
20260703,3925,トーヨアサノ,5271,東S,,"2,137",-48,-2.20%,1,10.1倍,0.73倍,3.98%
20260703,3926,新東,5380,東S,,"1,100",+20,+1.85%,1,ー倍,0.24倍,3.41%
20260703,3927,北越メ,5446,東S,,"1,170",-5,-0.43%,1,ー倍,0.25倍,ー%
20260703,3928,サンユウ,5697,東S,,695,+7,+1.02%,1,6.78倍,0.41倍,4.32%
20260703,3929,日伸銅,5753,東S,,"2,342",+29,+1.25%,1,5.50倍,0.39倍,0.64%
20260703,3930,滝上工,5918,東S,,"7,100",0,0.00%,1,17.2倍,0.29倍,1.41%
20260703,3931,洋シヤタ,5936,東S,,925,+10,+1.09%,1,7.32倍,0.56倍,4.65%
20260703,3932,パワーファス,5950,東S,,146,0,0.00%,1,28.7倍,0.90倍,1.71%
20260703,3933,共和工業,5971,東S,,"8,190",ー,ー%,1,17.5倍,0.62倍,0.98%
20260703,3934,中国工,5974,東S,,838,-11,-1.30%,1,10.1倍,0.46倍,2.74%
20260703,3935,オーネックス,5987,東S,,"1,783",-12,-0.67%,1,45.4倍,0.53倍,1.12%
20260703,3936,スーパツール,5990,東S,,"1,977",0,0.00%,1,27.5倍,0.45倍,3.03%
20260703,3937,協立エアテク,5997,東S,,930,+9,+0.98%,1,9.76倍,0.45倍,2.15%
20260703,3938,ニッキ,6042,東S,,"4,000",0,0.00%,1,12.5倍,0.54倍,3.00%
20260703,3939,イトクロ,6049,東G,,248,+1,+0.40%,1,16.2倍,0.54倍,ー%
20260703,3940,ウチヤマＨＤ,6059,東S,,339,-1,-0.29%,1,22.5倍,0.46倍,2.95%
20260703,3941,ＥＡＪ,6063,東S,,989,+13,+1.33%,1,17.8倍,1.34倍,ー%
20260703,3942,旭精機,6111,名M,,"2,032",+3,+0.15%,1,155倍,0.33倍,2.95%
20260703,3943,富士精,6142,名M,,"1,641",-9,-0.55%,1,59.4倍,0.23倍,3.05%
20260703,3944,ミクロン,6159,東S,,"1,870",+30,+1.63%,1,19.1倍,0.61倍,0.64%
20260703,3945,一蔵,6186,東S,,375,-1,-0.27%,1,11.7倍,0.76倍,4.00%
20260703,3946,光ビジネス,3948,東S,,"1,115",0,0.00%,1,28.6倍,0.63倍,4.48%
20260703,3947,大村紙業,3953,東S,,760,+5,+0.66%,1,9.27倍,0.53倍,3.95%
20260703,3948,テモナ,3985,東S,,180,0,0.00%,1,47.0倍,2.72倍,ー%
20260703,3949,すららネット,3998,東G,,308,0,0.00%,1,ー倍,0.88倍,ー%
20260703,3950,大阪油化,4124,東S,,"2,610",+10,+0.38%,1,23.3倍,1.75倍,1.76%
20260703,3951,タカギセイコ,4242,東S,,"1,780",+10,+0.56%,1,8.04倍,0.39倍,3.37%
20260703,3952,ポバール興業,4247,東S,,"1,342",+3,+0.22%,1,11.5倍,0.59倍,3.13%
20260703,3953,シノプス,4428,東G,,635,+5,+0.79%,1,14.5倍,2.11倍,2.68%
20260703,3954,ＧＤＨ,4437,東G,,796,ー,ー%,1,8.86倍,1.67倍,0.63%
20260703,3955,Ｗｅｌｂｙ,4438,東G,,249,+2,+0.81%,1,ー倍,16.5倍,ー%
20260703,3956,ソフト９９,4464,東S,,"3,605",+5,+0.14%,1,25.1倍,1.32倍,1.89%
20260703,3957,大伸化学,4629,東S,,"1,821",+17,+0.94%,1,10.3倍,0.48倍,2.47%
20260703,3958,クリップ,4705,東S,,778,+9,+1.17%,1,36.4倍,0.59倍,5.14%
20260703,3959,キタック,4707,東S,,334,-1,-0.30%,1,11.0倍,0.50倍,2.10%
20260703,3960,城南進研,4720,東S,,235,-1,-0.42%,1,22.5倍,1.36倍,2.13%
20260703,3961,トーセ,4728,東S,,644,-2,-0.31%,1,6.18倍,0.77倍,3.88%
20260703,3962,京進,4735,東S,,325,-1,-0.31%,1,12.5倍,0.64倍,2.40%
20260703,3963,昭和システム,4752,東S,,"1,550",0,0.00%,1,9.19倍,1.12倍,3.94%
20260703,3964,トスネット,4754,東S,,"1,474",0,0.00%,1,12.8倍,0.82倍,2.51%
20260703,3965,ＡＬＰＨＡ,4760,東S,,"1,662",0,0.00%,1,10.3倍,0.90倍,4.21%
20260703,3966,サンメッセ,7883,東S,,383,+1,+0.26%,1,24.7倍,0.42倍,2.35%
20260703,3967,ヤマトモビＭ,7886,東S,,716,+10,+1.42%,1,67.8倍,2.03倍,ー%
20260703,3968,ソノコム,7902,東S,,"1,072",+21,+2.00%,1,21.7倍,0.42倍,1.21%
20260703,3969,光村印,7916,東S,,"1,812",ー,ー%,1,ー倍,0.30倍,2.76%
20260703,3970,研創,7939,東S,,586,0,0.00%,1,10.0倍,0.66倍,3.92%
20260703,3971,日デコラ,7950,名M,,"8,650",-90,-1.03%,1,12.7倍,0.41倍,4.28%
20260703,3972,ミロク,7983,東S,,"1,048",+2,+0.19%,1,5.04倍,0.27倍,0.95%
20260703,3973,セーラー,7992,東S,,102,-1,-0.97%,1,ー倍,2.82倍,ー%
20260703,3974,くろ工,7997,東S,,"1,024",+2,+0.20%,1,42.7倍,0.36倍,3.91%
20260703,3975,ツカモト,8025,東S,,"1,245",-9,-0.72%,1,33.5倍,0.31倍,2.41%
20260703,3976,東ソワール,8040,東S,,"1,020",0,0.00%,1,10.1倍,0.33倍,4.41%
20260703,3977,東海エレ,8071,名M,,"2,811",-39,-1.37%,1,16.1倍,0.32倍,4.06%
20260703,3978,キング,8118,東S,,"1,261",-9,-0.71%,1,28.7倍,0.87倍,1.43%
20260703,3979,川辺,8123,東S,,"1,317",+1,+0.08%,1,10.5倍,0.32倍,3.80%
20260703,3980,ラピーヌ,8143,東S,,141,+2,+1.44%,1,ー倍,0.45倍,ー%
20260703,3981,東天紅,8181,東S,,"1,030",+3,+0.29%,1,5.81倍,0.36倍,1.46%
20260703,3982,ヤマナカ,8190,名M,,519,-1,-0.19%,1,28.2倍,0.55倍,1.93%
20260703,3983,はせがわ,8230,東S,,309,+1,+0.32%,1,10.0倍,0.44倍,4.85%
20260703,3984,ツクルバ,2978,東G,,353,+2,+0.57%,1,ー倍,3.90倍,ー%
20260703,3985,２４７ＨＤ,7074,東G,,167,0,0.00%,1,204倍,28.4倍,ー%
20260703,3986,スペースマ,4487,東G,,217,+3,+1.40%,1,ー倍,2.69倍,ー%
20260703,3987,ＩＮＣＨＤ,7078,東G,,359,0,0.00%,1,ー倍,2.36倍,ー%
20260703,3988,ひとまいる,7686,東S,,414,+2,+0.49%,1,18.6倍,2.42倍,4.83%
20260703,3989,エコミック,3802,東S,,480,+2,+0.42%,1,11.7倍,1.21倍,2.71%
20260703,3990,上場ＥＳＧリ,2566,東Ｅ,,"1,045",+21,+2.05%,1,ー倍,ー倍,ー%
20260703,3991,ｉＳユＩＧＨ,2623,東Ｅ,,"1,959",0,0.00%,1,ー倍,ー倍,ー%
20260703,3992,レッティ,7356,東G,,116,+2,+1.75%,1,14.0倍,5.06倍,ー%
20260703,3993,かっこ,4166,東G,,668,+5,+0.75%,1,ー倍,2.78倍,ー%
20260703,3994,Ｈｉクラテス,4172,東S,,"2,173",ー,ー%,1,10.7倍,1.11倍,4.05%
20260703,3995,オンデック,7360,東G,,619,+7,+1.14%,1,12.4倍,1.85倍,ー%
20260703,3996,メイホーＨＤ,7369,東G,,332,+3,+0.91%,1,ー倍,0.64倍,ー%
20260703,3997,デコルテＨＤ,7372,東G,,381,+1,+0.26%,1,8.19倍,0.38倍,ー%
20260703,3998,オムニプラス,7699,東G,,740,+5,+0.68%,1,ー倍,ー倍,ー%
20260703,3999,デリバリコン,9240,東G,,400,0,0.00%,1,14.9倍,1.55倍,ー%
20260703,4000,ジオロケ,4018,福Ｑ,,999,+30,+3.10%,1,ー倍,2.85倍,1.00%
20260703,4001,ＦＬネット,9241,東G,,"1,341",+1,+0.07%,1,40.1倍,4.08倍,ー%
20260703,4002,モビルス,4370,東G,,303,+6,+2.02%,1,ー倍,1.36倍,ー%
20260703,4003,ジィ・シィ,4073,東G,,431,-3,-0.69%,1,20.3倍,5.91倍,ー%
20260703,4004,プロＨＤ,9246,東G,,"1,010",-29,-2.79%,1,15.8倍,2.33倍,ー%
20260703,4005,くふうカンパ,4376,東G,,158,+1,+0.64%,1,ー倍,1.15倍,ー%
20260703,4006,日本調理機,2961,東S,,"6,800",+100,+1.49%,1,15.2倍,0.99倍,2.65%
20260703,4007,ＧＸフィ日株,2836,東Ｅ,,"2,977",+31,+1.05%,1,ー倍,ー倍,ー%
20260703,4008,トゥルーＤ,4416,東G,,442,+4,+0.91%,1,34.0倍,1.84倍,ー%
20260703,4009,ヒュウガプラ,7133,東G,,"1,115",+11,+1.00%,1,12.6倍,2.91倍,1.79%
20260703,4010,ＴＨＥＣＯＯ,4255,東G,,"2,550",0,0.00%,1,21.6倍,8.02倍,ー%
20260703,4011,ハイブリッド,4260,東G,,239,+1,+0.42%,1,"2,656倍",1.32倍,ー%
20260703,4012,長栄,2993,東S,,"2,185",-1,-0.05%,1,9.79倍,0.74倍,4.58%
20260703,4013,ＲＩ,9214,東G,,"1,260",+15,+1.20%,1,10.9倍,2.24倍,ー%
20260703,4014,セレ,5078,東S,,"4,690",0,0.00%,1,11.5倍,0.73倍,3.41%
20260703,4015,ＧＸインフ日,2847,東Ｅ,,"3,097",+46,+1.51%,1,ー倍,ー倍,ー%
20260703,4016,ストレジ王,2997,東G,,938,-1,-0.11%,1,13.0倍,1.51倍,ー%
20260703,4017,ｉＳ米債３Ｈ,2856,東Ｅ,,657.6,+1.1,+0.17%,1,ー倍,ー倍,ー%
20260703,4018,ＨＯＵＳＥＩ,5035,東G,,364,+4,+1.11%,1,14.3倍,0.79倍,0.82%
20260703,4019,ＧＸ日カバコ,2858,東Ｅ,,"1,516",-7,-0.46%,1,ー倍,ー倍,ー%
20260703,4020,野村欧州株Ｈ,2859,東Ｅ,,"3,225",+61,+1.93%,1,ー倍,ー倍,ー%
20260703,4021,ギグワークス,2375,東S,,204,+1,+0.49%,1,81.3倍,1.51倍,0.98%
20260703,4022,ケアサービス,2425,東S,,639,+4,+0.63%,1,31.5倍,0.82倍,3.44%
20260703,4023,シダー,2435,東S,,206,0,0.00%,1,8.89倍,1.18倍,3.88%
20260703,4024,マルサンアイ,2551,名M,,"3,590",+5,+0.14%,1,9.85倍,1.08倍,0.84%
20260703,4025,タビオ,2668,東S,,"1,262",+6,+0.48%,1,18.8倍,1.60倍,2.38%
20260703,4026,魚喜,2683,東S,,"1,001",-1,-0.10%,1,84.1倍,2.79倍,1.00%
20260703,4027,北雄ラッキー,2747,東S,,"3,080",0,0.00%,1,20.5倍,0.66倍,1.62%
20260703,4028,カルラ,2789,東S,,463,0,0.00%,1,17.3倍,1.22倍,1.08%
20260703,4029,プリメックス,2795,東S,,959,-16,-1.64%,1,13.2倍,0.59倍,2.61%
20260703,4030,日東ベスト,2877,東S,,740,-3,-0.40%,1,22.4倍,0.53倍,1.62%
20260703,4031,石井食,2894,東S,,330,-1,-0.30%,1,78.4倍,1.44倍,1.21%
20260703,4032,シノブフズ,2903,東S,,"1,520",-38,-2.44%,1,9.59倍,1.08倍,2.24%
20260703,4033,仙波糖化,2916,東S,,738,+1,+0.14%,1,11.8倍,0.66倍,2.03%
20260703,4034,カワサキ,3045,東S,,"1,473",+6,+0.41%,1,11.3倍,0.53倍,3.39%
20260703,4035,ヒラキ,3059,東S,,708,+3,+0.43%,1,34.5倍,0.57倍,2.82%
20260703,4036,ジェーソン,3080,東S,,759,+3,+0.40%,1,64.8倍,1.64倍,1.71%
20260703,4037,オーシャンシ,3096,東S,,"1,593",+23,+1.46%,1,9.82倍,1.22倍,1.26%
20260703,4038,マーチャント,3121,東S,,216,-1,-0.46%,1,26.3倍,1.42倍,0.93%
20260703,4039,ありがとうＳ,3177,東S,,"3,530",+60,+1.73%,1,6.62倍,0.95倍,3.82%
20260703,4040,ウィル,3241,東S,,580,+2,+0.35%,1,7.48倍,1.24倍,4.05%
20260703,4041,ファンクリＧ,3266,東S,,82,0,0.00%,1,8.94倍,0.95倍,1.22%
20260703,4042,アズマハウス,3293,東S,,760,-2,-0.26%,1,9.60倍,0.35倍,4.61%
20260703,4043,ランシステム,3326,東S,,606,0,0.00%,1,23.4倍,8.02倍,ー%
20260703,4044,トーエル,3361,東S,,885,+4,+0.45%,1,12.4倍,0.74倍,2.60%
20260703,4045,ＺＯＡ,3375,東S,,"1,804",+120,+7.13%,1,6.68倍,0.71倍,4.16%
20260703,4046,ピクスタ,3416,東S,,830,+14,+1.72%,1,13.7倍,1.36倍,5.42%
20260703,4047,特殊電極,3437,東S,,"2,631",+1,+0.04%,1,13.1倍,0.53倍,3.88%
20260703,4048,Ｆブラザーズ,3454,東S,,"1,212",-1,-0.08%,1,6.49倍,0.65倍,3.05%
20260703,4049,Ｇ－ＦＡＣ,3474,東G,,547,+4,+0.74%,1,105倍,3.28倍,ー%
20260703,4050,香陵住販,3495,東S,,"2,370",+10,+0.42%,1,6.00倍,0.96倍,2.57%
20260703,4051,ネットイヤー,3622,東S,,502,+6,+1.21%,1,14.5倍,1.27倍,1.39%
20260703,4052,駅探,3646,東S,,329,+2,+0.61%,1,ー倍,1.28倍,2.43%
20260703,4053,エンカレッジ,3682,東S,,596,-1,-0.17%,1,17.8倍,1.11倍,4.53%
20260703,4054,システムズＤ,3766,東S,,"1,347",+2,+0.15%,1,11.1倍,0.96倍,4.45%
20260703,4055,テクノマセマ,3787,東S,,305,-4,-1.29%,1,25.5倍,0.44倍,ー%
20260703,4056,いい生活,3796,東S,,277,-1,-0.36%,1,19.6倍,1.92倍,1.08%
20260703,4057,ＯＫＷＥＢ,3808,名N,,24,-1,-4.00%,1,ー倍,2.90倍,ー%
20260703,4058,大和コン,3816,東S,,"1,121",+1,+0.09%,1,23.1倍,0.80倍,1.69%
20260703,4059,ＯＤＫ,3839,東S,,624,-1,-0.16%,1,17.0倍,0.80倍,1.60%
20260703,4060,ネクスジェン,3842,東S,,934,+5,+0.54%,1,10.3倍,1.20倍,3.21%
20260703,4061,日本一ソフト,3851,東S,,836,0,0.00%,1,12.8倍,0.54倍,0.60%
20260703,4062,コラボス,3908,東S,,324,+1,+0.31%,1,30.2倍,1.11倍,1.85%
20260703,4063,ショーケース,3909,東S,,194,+1,+0.52%,1,15.1倍,0.99倍,ー%
20260703,4064,ＭＫシステム,3910,東S,,280,+3,+1.08%,1,7.91倍,1.68倍,2.86%
20260703,4065,アイビーシー,3920,東S,,983,-12,-1.21%,1,12.7倍,2.27倍,2.24%
20260703,4066,クラシコ,442A,東G,,"1,022",+5,+0.49%,1,14.1倍,1.30倍,ー%
20260703,4067,野村独株Ｈ無,487A,東Ｅ,,"2,090",+62,+3.06%,1,ー倍,ー倍,ー%
20260703,4068,ＯｎｅＪ２０,496A,東Ｅ,,940.0,-4.4,-0.47%,1,ー倍,ー倍,ー%
20260703,4069,ＧＸステコイ,512A,東Ｅ,,"1,139",+15,+1.33%,1,ー倍,ー倍,ー%
20260703,4070,農中日経高配,531A,東Ｅ,,"2,125",+34,+1.63%,1,ー倍,ー倍,ー%
20260703,4071,農中ＳＰ５Ｕ,533A,東Ｅ,,"2,285",+3,+0.13%,1,ー倍,ー倍,ー%
20260703,4072,Ｏｎｅ高配グ,541A,東Ｅ,,"1,097.5",+17.5,+1.62%,1,ー倍,ー倍,ー%
20260703,4073,ＧＸ先進ＣＦ,564A,東Ｅ,,"1,106",+12,+1.10%,1,ー倍,ー倍,ー%
20260703,4074,ｉＳ国債〇一,570A,東Ｅ,,900.4,-0.2,-0.02%,1,ー倍,ー倍,ー%
20260703,4075,ＧＸＣカバコ,576A,東Ｅ,,978,+8,+0.82%,1,ー倍,ー倍,ー%
20260703,4076,ＧＸ純銀,577A,東Ｅ,,246.8,+6.9,+2.88%,1,ー倍,ー倍,ー%
20260703,4077,日本バリュー,585A,東Ｅ,,"1,051",-4,-0.38%,1,ー倍,ー倍,ー%
20260703,4078,大宝運輸,9040,名M,,"4,170",ー,ー%,1,16.4倍,0.46倍,2.40%
20260703,4079,カンダ,9059,東S,,907,-18,-1.95%,1,7.61倍,0.69倍,2.87%
20260703,4080,日ロジテム,9060,東S,,"4,290",-55,-1.27%,1,8.30倍,0.35倍,1.86%
20260703,4081,岡県運送,9063,東S,,"3,950",+35,+0.89%,1,7.08倍,0.30倍,1.77%
20260703,4082,京極運,9073,東S,,"1,258",+10,+0.80%,1,32.6倍,0.75倍,0.95%
20260703,4083,大和自,9082,東S,,"1,442",+2,+0.14%,1,64.2倍,0.67倍,0.69%
20260703,4084,ＢＳＮＨＤ,9408,東S,,"2,665",-37,-1.37%,1,15.6倍,0.60倍,0.68%
20260703,4085,クロップス,9428,東S,,"1,282",0,0.00%,1,6.54倍,0.91倍,2.50%
20260703,4086,アイドマＭＣ,9466,東S,,222,0,0.00%,1,13.9倍,0.86倍,4.50%
20260703,4087,中央経済ＨＤ,9476,東S,,"1,046",+6,+0.58%,1,32.2倍,0.91倍,1.24%
20260703,4088,ＫＳＫ,9687,東S,,"4,360",-5,-0.11%,1,11.5倍,1.44倍,4.36%
20260703,4089,ＩＸナレッジ,9753,東S,,"1,297",+16,+1.25%,1,7.69倍,1.07倍,3.86%
20260703,4090,ビケンテクノ,9791,東S,,"1,190",+20,+1.71%,1,8.16倍,0.39倍,3.03%
20260703,4091,テーオーＨＤ,9812,東S,,226,0,0.00%,1,8.05倍,6.27倍,ー%
20260703,4092,ストライダズ,9816,東S,,235,0,0.00%,1,14.2倍,0.74倍,2.13%
20260703,4093,ジュンテン,9835,東S,,504,-3,-0.59%,1,27.2倍,0.32倍,1.98%
20260703,4094,共同紙,9849,東S,,"4,465",0,0.00%,1,46.4倍,0.76倍,1.12%
20260703,4095,北沢産,9930,東S,,356,+1,+0.28%,1,21.3倍,0.58倍,2.81%
20260703,4096,ハチバン,9950,東S,,"3,420",-5,-0.15%,1,108倍,2.64倍,0.58%
20260703,4097,ショクブン,9969,東S,,231,+1,+0.43%,1,"1,777倍",1.51倍,1.08%
20260703,4098,アルテック,9972,東S,,261,+1,+0.38%,1,8.98倍,0.42倍,2.68%
20260703,4099,文教堂ＧＨＤ,9978,東S,,46,+1,+2.22%,1,170倍,-5.2倍,ー%
20260703,4100,インフォネ,4444,東G,,897,+26,+2.99%,1,39.1倍,2.01倍,ー%
