日付,順位,銘柄名,コード,市場,状態,株価,前日差,騰落率,売買代金,PER,PBR,配当利回り
20260716,1,キオクシア,285A,東P,,"62,110","-10,990",-15.03%,"2,891,531",ー倍,24.3倍,ー%
20260716,2,東エレク,8035,東P,,"70,890","-3,350",-4.51%,"361,653",ー倍,15.8倍,ー%
20260716,3,太陽誘電,6976,東P,,"12,525",-80,-0.63%,"345,729",87.1倍,4.55倍,0.72%
20260716,4,ＳＢＧ,9984,東P,,"5,961",-399,-6.27%,"278,643",ー倍,1.93倍,0.18%
20260716,5,アドテスト,6857,東P,,"29,640","-1,870",-5.93%,"264,617",46.1倍,27.0倍,ー%
20260716,6,日経レバ,1570,東Ｅ,,"71,860","-4,060",-5.35%,"237,522",ー倍,ー倍,ー%
20260716,7,村田製,6981,東P,,"8,400",-700,-7.69%,"203,044",52.2倍,5.62倍,0.83%
20260716,8,レーザーテク,6920,東P,,"46,370","-3,320",-6.68%,"194,889",57.7倍,18.4倍,0.71%
20260716,9,フジクラ,5803,東P,,"4,761",-384,-7.46%,"173,854",34.4倍,14.1倍,0.80%
20260716,10,三菱ＵＦＪ,8306,東P,,"3,629.0",-68.0,-1.84%,"140,351",15.1倍,1.83倍,2.65%
20260716,11,イビデン,4062,東P,,"17,405","-1,935",-10.01%,"134,180",83.8倍,8.84倍,0.20%
20260716,12,ディスコ,6146,東P,,"70,590","-2,960",-4.02%,"102,009",ー倍,13.1倍,ー%
20260716,13,三井住友ＦＧ,8316,東P,,"7,030",-91,-1.28%,"91,456",15.7倍,1.69倍,2.56%
20260716,14,トヨタ,7203,東P,,"2,909.0",+33.5,+1.17%,"86,569",11.5倍,0.86倍,3.44%
20260716,15,ファストリ,9983,東P,,"78,840",+10,+0.01%,"85,005",48.4倍,8.87倍,0.81%
20260716,16,ＳＵＭＣＯ,3436,東P,,"4,614",-460,-9.07%,"78,247",ー倍,2.83倍,ー%
20260716,17,安川電,6506,東P,,"5,494",+4,+0.07%,"75,546",30.3倍,2.94倍,1.31%
20260716,18,スクリン,7735,東P,,"18,770",-160,-0.85%,"74,765",32.3倍,7.29倍,0.93%
20260716,19,コクサイエレ,6525,東P,,"9,890",-960,-8.85%,"71,434",59.5倍,10.5倍,0.48%
20260716,20,ＪＸ金属,5016,東P,,"3,852",-282,-6.82%,"69,064",30.2倍,4.74倍,0.52%
20260716,21,三菱重,7011,東P,,"3,823",-5,-0.13%,"67,495",33.8倍,4.16倍,0.76%
20260716,22,日立,6501,東P,,"4,828",+32,+0.67%,"67,190",25.4倍,3.29倍,ー%
20260716,23,みずほＦＧ,8411,東P,,"8,440",-184,-2.13%,"62,985",15.8倍,1.81倍,1.78%
20260716,24,任天堂,7974,東P,,"7,080",+66,+0.94%,"62,382",26.3倍,2.76倍,2.29%
20260716,25,テラドローン,278A,東G,,"12,120",-980,-7.48%,"56,715",ー倍,26.5倍,ー%
20260716,26,ルネサス,6723,東P,,"4,139",-320,-7.18%,"56,373",ー倍,2.96倍,ー%
20260716,27,古河電,5801,東P,,"3,474",-292,-7.75%,"55,043",29.8倍,5.86倍,0.63%
20260716,28,ソニーＧ,6758,東P,,"3,438.0",+49.0,+1.45%,"50,621",17.4倍,2.49倍,1.02%
20260716,29,住友電,5802,東P,,"2,397.5",-134.5,-5.31%,"49,727",23.4倍,2.73倍,1.63%
20260716,30,川重,7012,東P,,"2,737.5",+12.0,+0.44%,"46,325",20.8倍,2.61倍,1.46%
20260716,31,ＴＤＫ,6762,東P,,"3,085.0",-161.0,-4.96%,"43,439",26.0倍,2.68倍,1.30%
20260716,32,信越化,4063,東P,,"7,361",-329,-4.28%,"40,668",ー倍,3.05倍,ー%
20260716,33,ファナック,6954,東P,,"7,020",+12,+0.17%,"40,614",35.4倍,3.51倍,ー%
20260716,34,リクルート,6098,東P,,"12,615",+35,+0.28%,"39,554",28.1倍,11.1倍,0.21%
20260716,35,パナＨＤ,6752,東P,,"4,218",-100,-2.32%,"38,654",23.5倍,1.89倍,1.28%
20260716,36,富士通,6702,東P,,"3,257.0",+39.0,+1.21%,"38,224",18.2倍,2.79倍,1.69%
20260716,37,ＮＥＣ,6701,東P,,"4,441",+171,+4.00%,"38,210",ー倍,2.68倍,0.90%
20260716,38,ＧＯ,581A,東G,,"2,831",-119,-4.03%,"35,239",20.4倍,9.17倍,ー%
20260716,39,キーエンス,6861,東P,,"74,050","-2,570",-3.35%,"34,555",ー倍,5.17倍,0.74%
20260716,40,野村日経平均,1321,東Ｅ,,"69,230","-1,910",-2.68%,"33,848",ー倍,ー倍,ー%
20260716,41,ＪＴ,2914,東P,,"6,195",+85,+1.39%,"31,996",19.3倍,2.69倍,3.91%
20260716,42,三井金属,5706,東P,,"32,280","-2,700",-7.72%,"31,159",24.6倍,4.48倍,0.87%
20260716,43,武田,4502,東P,,"5,345",+57,+1.08%,"28,745",51.4倍,1.15倍,3.82%
20260716,44,ＮＴＴ,9432,東P,,150.9,+0.9,+0.60%,"28,737",12.5倍,1.26倍,3.58%
20260716,45,ＩＨＩ,7013,東P,,"2,809.0",-2.5,-0.09%,"28,471",18.1倍,4.57倍,0.82%
20260716,46,良品計画,7453,東P,,"4,370",+204,+4.90%,"27,901",34.6倍,5.85倍,0.73%
20260716,47,東京海上,8766,東P,,"7,600",-172,-2.21%,"27,801",17.4倍,1.81倍,3.22%
20260716,48,サンリオ,8136,東P,,"1,216.5",+38.0,+3.22%,"27,800",23.1倍,9.47倍,1.32%
20260716,49,レゾナック,4004,東P,,"14,895","-1,055",-6.61%,"27,645",35.0倍,3.80倍,0.44%
20260716,50,三菱商,8058,東P,,"4,530",-55,-1.20%,"27,574",15.1倍,1.76倍,2.76%
20260716,51,ＭＳ＆ＡＤ,8725,東P,,"4,553",-21,-0.46%,"27,391",15.4倍,1.02倍,3.73%
20260716,52,荏原,6361,東P,,"5,830",-400,-6.42%,"26,860",26.7倍,5.13倍,1.13%
20260716,53,ベイカレント,6532,東P,,"6,755",+372,+5.83%,"26,295",20.7倍,9.07倍,1.92%
20260716,54,三井物,8031,東P,,"4,738",-86,-1.78%,"25,755",14.6倍,1.53倍,2.95%
20260716,55,ホンダ,7267,東P,,"1,558.5",+47.0,+3.11%,"24,722",23.3倍,0.51倍,4.49%
20260716,56,日経Ｄインバ,1357,東Ｅ,,"2,780",+145,+5.50%,"24,260",ー倍,ー倍,ー%
20260716,57,三菱電,6503,東P,,"5,666",-98,-1.70%,"23,058",24.4倍,2.59倍,1.06%
20260716,58,野村日半導,200A,東Ｅ,,"5,004",-423,-7.79%,"22,669",ー倍,ー倍,ー%
20260716,59,ＳＯＭＰＯ,8630,東P,,"6,618",-19,-0.29%,"22,539",12.0倍,1.14倍,3.02%
20260716,60,ＫＤＤＩ,9433,東P,,"2,844.0",-8.5,-0.30%,"21,463",ー倍,2.07倍,2.95%
20260716,61,ＨＯＹＡ,7741,東P,,"25,050",-280,-1.11%,"21,368",ー倍,8.21倍,ー%
20260716,62,ダイキン,6367,東P,,"24,870",-120,-0.48%,"20,471",24.9倍,2.13倍,1.45%
20260716,63,伊藤忠,8001,東P,,"1,919.5",-16.5,-0.85%,"20,288",14.1倍,2.04倍,2.29%
20260716,64,野村,8604,東P,,"1,609.0",-17.0,-1.05%,"19,949",ー倍,1.25倍,ー%
20260716,65,味の素,2802,東P,,"5,361",-245,-4.37%,"19,934",42.7倍,6.64倍,0.93%
20260716,66,ゆうちょ銀,7182,東P,,"3,258.0",-92.0,-2.75%,"19,753",17.6倍,1.26倍,2.85%
20260716,67,ソシオネクス,6526,東P,,"2,472.5",-99.5,-3.87%,"19,143",43.3倍,3.26倍,2.02%
20260716,68,オリックス,8591,東P,,"6,515",-78,-1.18%,"18,791",13.5倍,1.59倍,2.88%
20260716,69,ＳＢ,9434,東P,,219.6,-0.4,-0.18%,"18,679",19.1倍,3.99倍,4.01%
20260716,70,京セラ,6971,東P,,"3,632.0",+7.0,+0.19%,"18,546",33.4倍,1.41倍,1.54%
20260716,71,セブン＆アイ,3382,東P,,"2,007.0",+43.0,+2.19%,"18,412",16.7倍,1.26倍,2.99%
20260716,72,日本マイクロ,6871,東P,,"15,930",-960,-5.68%,"18,176",ー倍,8.35倍,ー%
20260716,73,丸紅,8002,東P,,"5,084",-26,-0.51%,"18,002",14.3倍,1.90倍,2.26%
20260716,74,りそなＨＤ,8308,東P,,"2,354.0",-25.5,-1.07%,"17,956",17.0倍,1.82倍,1.57%
20260716,75,東宝,9602,東P,,"1,397.5",+52.5,+3.90%,"17,238",28.4倍,2.32倍,1.57%
20260716,76,ローツェ,6323,東P,,"4,676",-274,-5.54%,"16,717",29.2倍,5.93倍,0.43%
20260716,77,中外薬,4519,東P,,"7,241",+113,+1.59%,"16,684",ー倍,6.25倍,1.82%
20260716,78,日本製鉄,5401,東P,,580.2,+5.9,+1.03%,"16,598",13.8倍,0.55倍,4.14%
20260716,79,日経ベア２,1360,東Ｅ,,68.2,+3.6,+5.57%,"16,474",ー倍,ー倍,ー%
20260716,80,ＯＬＣ,4661,東P,,"2,695.0",+73.0,+2.78%,"16,095",38.8倍,4.02倍,0.59%
20260716,81,第一三共,4568,東P,,"2,746.5",+69.5,+2.60%,"15,535",19.2倍,3.00倍,3.64%
20260716,82,日経ブル２,1579,東Ｅ,,777.0,-43.9,-5.35%,"15,493",ー倍,ー倍,ー%
20260716,83,アステラス,4503,東P,,"2,148.0",+6.0,+0.28%,"15,358",12.8倍,2.10倍,3.72%
20260716,84,コマツ,6301,東P,,"6,440",+20,+0.31%,"15,278",18.1倍,1.64倍,2.95%
20260716,85,ローム,6963,東P,,"4,999",-258,-4.91%,"15,157",66.6倍,2.55倍,1.00%
20260716,86,東電ＨＤ,9501,東P,,501.6,-7.1,-1.40%,"14,629",ー倍,0.34倍,ー%
20260716,87,ＳＭＣ,6273,東P,,"73,430","-1,570",-2.09%,"14,490",27.2倍,2.18倍,1.36%
20260716,88,豊田通商,8015,東P,,"6,209",-14,-0.22%,"14,454",14.6倍,1.84倍,2.01%
20260716,89,楽天Ｗブル,1458,東Ｅ,,"85,800","-4,690",-5.18%,"14,374",ー倍,ー倍,ー%
20260716,90,アシックス,7936,東P,,"4,976",+66,+1.34%,"14,246",32.1倍,11.2倍,0.76%
20260716,91,野村総研,4307,東P,,"5,100",+164,+3.32%,"14,182",24.0倍,6.58倍,1.65%
20260716,92,ＮＧＫ,5333,東P,,"6,465",-294,-4.35%,"14,088",22.2倍,2.25倍,1.64%
20260716,93,日産自,7201,東P,,329.0,+12.0,+3.79%,"14,035",57.5倍,0.24倍,ー%
20260716,94,芝浦,6590,東P,,"5,420",-240,-4.24%,"13,951",29.9倍,6.40倍,1.18%
20260716,95,ＰｏｗｅｒＸ,485A,東G,,"1,975",-175,-8.14%,"13,759",181倍,32.4倍,ー%
20260716,96,ＪＲ東日本,9020,東P,,"3,601.0",+21.0,+0.59%,"13,669",15.9倍,1.33倍,2.33%
20260716,97,キヤノン,7751,東P,,"4,397",-22,-0.50%,"13,603",11.2倍,1.09倍,3.64%
20260716,98,住友商,8053,東P,,"1,583.0",-7.0,-0.44%,"13,520",11.9倍,1.62倍,2.53%
20260716,99,日東紡,3110,東P,,"3,280",-275,-7.74%,"13,377",35.1倍,3.44倍,0.85%
20260716,100,ＩＮＰＥＸ,1605,東P,,"3,429.0",-21.0,-0.61%,"13,313",9.96倍,0.81倍,3.15%
20260716,101,スズキ,7269,東P,,"2,052.0",+26.5,+1.31%,"13,114",10.4倍,1.17倍,2.49%
20260716,102,第一ライフ,8750,東P,,"1,836.5",-47.5,-2.52%,"13,073",12.9倍,1.55倍,3.92%
20260716,103,ブリヂストン,5108,東P,,"3,705.0",+26.0,+0.71%,"12,990",13.6倍,1.25倍,3.37%
20260716,104,住友鉱,5713,東P,,"7,276",-128,-1.73%,"12,809",14.1倍,0.94倍,2.84%
20260716,105,三井住友トラ,8309,東P,,"6,700",-57,-0.84%,"12,602",12.1倍,1.30倍,2.84%
20260716,106,ソニーＦＧ,8729,東P,,156.4,-1.6,-1.01%,"12,441",ー倍,1.67倍,5.12%
20260716,107,ニチレイ,2871,東P,,"2,026.5",+86.5,+4.46%,"12,308",ー倍,1.77倍,3.29%
20260716,108,ＳＢＩ,8473,東P,,"2,839.5",+6.0,+0.21%,"12,291",ー倍,1.02倍,ー%
20260716,109,バローＨＤ,9956,東P,,"3,320",+70,+2.15%,"12,007",11.5倍,1.03倍,2.41%
20260716,110,ＧＸ半導日株,2644,東Ｅ,,"4,671",-246,-5.00%,"11,975",ー倍,ー倍,ー%
20260716,111,富士フイルム,4901,東P,,"3,624.0",+3.0,+0.08%,"11,942",15.5倍,1.13倍,2.07%
20260716,112,資生堂,4911,東P,,"3,024.0",+39.5,+1.32%,"11,839",28.8倍,1.99倍,1.98%
20260716,113,日本郵政,6178,東P,,"2,388.0",-19.5,-0.81%,"11,775",17.2倍,0.67倍,2.51%
20260716,114,大塚ＨＤ,4578,東P,,"11,025",+65,+0.59%,"11,592",21.9倍,1.86倍,1.27%
20260716,115,郵船,9101,東P,,"5,540",-74,-1.32%,"11,589",11.5倍,0.73倍,3.61%
20260716,116,ＳＨＩＦＴ,3697,東P,,679.8,-22.1,-3.15%,"11,543",ー倍,4.57倍,0.60%
20260716,117,三井不,8801,東P,,"1,549.0",-5.0,-0.32%,"11,536",14.6倍,1.27倍,2.39%
20260716,118,ミネベア,6479,東P,,"4,077",-108,-2.58%,"11,501",19.7倍,1.82倍,1.47%
20260716,119,アサヒ,2502,東P,,"1,583.0",-5.0,-0.31%,"11,372",11.9倍,0.77倍,3.60%
20260716,120,商船三井,9104,東P,,"5,522",-83,-1.48%,"11,338",11.2倍,0.66倍,3.71%
20260716,121,ＴＯＴＯ,5332,東P,,"7,809",-137,-1.72%,"11,030",27.9倍,2.43倍,1.54%
20260716,122,メイコー,6787,東P,,"24,800","-2,130",-7.91%,"10,997",23.9倍,4.93倍,0.65%
20260716,123,ＱＤレーザ,6613,東G,,"1,940",-444,-18.62%,"10,906",185倍,16.7倍,ー%
20260716,124,バンナムＨＤ,7832,東P,,"4,108",+20,+0.49%,"10,721",20.3倍,3.06倍,ー%
20260716,125,デンソー,6902,東P,,"1,975.5",+22.0,+1.13%,"10,701",13.0倍,0.90倍,3.75%
20260716,126,ニデック,6594,東P,,"2,583",-43,-1.64%,"10,468",ー倍,1.68倍,ー%
20260716,127,イオン,8267,東P,,"1,371.0",+4.5,+0.33%,"10,467",52.0倍,3.14倍,1.09%
20260716,128,楽天グループ,4755,東P,,809.2,-0.9,-0.11%,"10,087",ー倍,1.96倍,ー%
20260716,129,大成建,1801,東P,,"13,905",-240,-1.70%,"9,955",15.0倍,2.39倍,2.73%
20260716,130,ＪＲ東海,9022,東P,,"3,709.0",+15.0,+0.41%,"9,923",7.88倍,0.70倍,0.86%
20260716,131,菱地所,8802,東P,,"4,215",-46,-1.08%,"9,887",21.6倍,1.89倍,1.16%
20260716,132,日製鋼,5631,東P,,"7,909",+88,+1.13%,"9,862",30.6倍,2.74倍,1.16%
20260716,133,Ｆ＆ＬＣ,3563,東P,,"5,423",+218,+4.19%,"9,823",41.1倍,10.8倍,0.37%
20260716,134,富士電機,6504,東P,,"12,695",-255,-1.97%,"9,764",17.7倍,2.32倍,ー%
20260716,135,シマノ,7309,東P,,"18,140",+550,+3.13%,"9,464",36.7倍,1.78倍,2.00%
20260716,136,日東電,6988,東P,,"3,315.0",-8.0,-0.24%,"9,439",15.6倍,1.92倍,1.93%
20260716,137,ハーモニック,6324,東P,,"7,200",-230,-3.10%,"9,416",151倍,8.48倍,0.28%
20260716,138,ＡＩメカ,6227,東S,,"7,030",-370,-5.00%,"9,394",43.0倍,9.76倍,0.24%
20260716,139,オムロン,6645,東P,,"5,594",-104,-1.83%,"9,386",40.0倍,1.32倍,1.97%
20260716,140,東応化,4186,東P,,"10,465",-780,-6.94%,"9,327",35.9倍,5.34倍,0.76%
20260716,141,ダイフク,6383,東P,,"6,573",-201,-2.97%,"9,218",30.2倍,5.27倍,1.25%
20260716,142,野村東証銀行,1615,東Ｅ,,755.0,-10.4,-1.36%,"9,196",ー倍,ー倍,ー%
20260716,143,ＴＯＷＡ,6315,東P,,"3,165",-235,-6.91%,"9,089",33.9倍,3.36倍,0.76%
20260716,144,ＳＵＢＡＲＵ,7270,東P,,"2,518.5",+19.0,+0.76%,"8,930",13.7倍,0.64倍,4.61%
20260716,145,中部電,9502,東P,,"3,022.0",-74.0,-2.39%,"8,857",ー倍,0.73倍,2.32%
20260716,146,セコム,9735,東P,,"6,678",-12,-0.18%,"8,614",25.3倍,2.04倍,1.80%
20260716,147,テルモ,4543,東P,,"2,207.0",+27.5,+1.26%,"8,560",19.7倍,2.05倍,1.63%
20260716,148,大和,8601,東P,,"1,875.5",-3.5,-0.19%,"8,504",ー倍,1.47倍,ー%
20260716,149,積水ハウス,1928,東P,,"3,555.0",+39.0,+1.11%,"8,424",10.6倍,1.07倍,4.08%
20260716,150,東京精,7729,東P,,"18,850",-360,-1.87%,"8,392",27.3倍,4.01倍,1.46%
20260716,151,ＪＦＥ,5411,東P,,"1,696.5",+17.5,+1.04%,"8,362",7.19倍,0.41倍,4.72%
20260716,152,川崎汽,9107,東P,,"2,643.5",-33.0,-1.23%,"8,357",16.9倍,0.89倍,4.54%
20260716,153,ＪＲ西日本,9021,東P,,"2,960.5",-13.0,-0.44%,"8,315",13.5倍,1.12倍,3.29%
20260716,154,三井Ｅ＆Ｓ,7003,東P,,"4,659",-56,-1.19%,"8,298",15.7倍,2.05倍,1.29%
20260716,155,マツダ,7261,東P,,"1,136.0",+23.5,+2.11%,"8,255",7.96倍,0.38倍,4.84%
20260716,156,メルカリ,4385,東P,,"4,670",-23,-0.49%,"8,243",ー倍,6.42倍,ー%
20260716,157,三菱自,7211,東P,,389.2,+23.5,+6.43%,"8,174",20.8倍,0.57倍,2.57%
20260716,158,キリンＨＤ,2503,東P,,"2,854.0",-8.5,-0.30%,"8,109",14.6倍,1.73倍,2.66%
20260716,159,Ｔ＆Ｄ,8795,東P,,"4,940",-110,-2.18%,"8,100",17.5倍,1.47倍,3.32%
20260716,160,ＴＯＰＰＡＮ,7911,東P,,"4,746",-141,-2.89%,"8,075",24.2倍,1.00倍,1.22%
20260716,161,コナミＧ,9766,東P,,"18,225",+145,+0.80%,"8,048",24.5倍,4.38倍,1.23%
20260716,162,フェローテク,6890,東S,,"8,000",-260,-3.15%,"7,958",ー倍,1.62倍,3.33%
20260716,163,ＥＮＥＯＳ,5020,東P,,"1,274.0",-9.0,-0.70%,"7,908",8.18倍,1.01倍,2.67%
20260716,164,花王,4452,東P,,"3,285.0",+2.0,+0.06%,"7,838",22.9倍,2.77倍,2.37%
20260716,165,住友不,8830,東P,,"3,825",-45,-1.16%,"7,788",15.8倍,1.43倍,1.36%
20260716,166,特殊陶,5334,東P,,"9,990",-380,-3.66%,"7,699",18.6倍,2.54倍,2.10%
20260716,167,ＴＨＫ,6481,東P,,"7,096",-340,-4.57%,"7,567",35.0倍,3.15倍,2.59%
20260716,168,ヤマハ発,7272,東P,,"1,281.5",+23.0,+1.83%,"7,532",12.4倍,1.07倍,3.90%
20260716,169,大和ハウス,1925,東P,,"4,599",-1,-0.02%,"7,477",12.6倍,0.98倍,3.83%
20260716,170,ＪＡＬ,9201,東P,,"2,907.0",-6.0,-0.21%,"7,403",11.4倍,0.97倍,3.30%
20260716,171,三越伊勢丹,3099,東P,,"3,992",-33,-0.82%,"7,363",22.6倍,2.25倍,2.00%
20260716,172,千葉銀,8331,東P,,"2,694.5",-92.5,-3.32%,"7,276",17.4倍,1.48倍,2.38%
20260716,173,日電子,6951,東P,,"8,660",+242,+2.87%,"7,248",19.8倍,2.91倍,1.52%
20260716,174,パンパシＨＤ,7532,東P,,869.0,+10.5,+1.22%,"7,243",24.5倍,3.83倍,0.98%
20260716,175,高島屋,8233,東P,,"2,493.5",+103.5,+4.33%,"7,075",19.2倍,1.61倍,1.60%
20260716,176,ｉＳ日経,1329,東Ｅ,,"6,973",-183,-2.56%,"7,051",ー倍,ー倍,ー%
20260716,177,ホトニクス,6965,東P,,"2,398.0",-111.5,-4.44%,"7,023",42.3倍,2.16倍,1.58%
20260716,178,鹿島,1812,東P,,"5,681",-34,-0.59%,"6,909",15.3倍,1.84倍,2.57%
20260716,179,ラインヤフー,4689,東P,,455.0,+9.0,+2.02%,"6,776",ー倍,1.04倍,2.42%
20260716,180,オリンパス,7733,東P,,"1,747.0",0,0.00%,"6,738",18.2倍,2.29倍,1.72%
20260716,181,ＭＡＲＵＷＡ,5344,東P,,"58,380","-4,530",-7.20%,"6,727",ー倍,4.89倍,0.19%
20260716,182,スカＪＳＡＴ,9412,東P,,"2,344",-91,-3.74%,"6,726",24.6倍,2.19倍,2.05%
20260716,183,リガクＨＤ,268A,東P,,"2,406",-222,-8.45%,"6,709",43.6倍,6.23倍,0.79%
20260716,184,日本取引所,8697,東P,,"2,238.0",-9.5,-0.42%,"6,686",29.4倍,6.61倍,2.73%
20260716,185,双日,2768,東P,,"5,215",-5,-0.10%,"6,545",8.35倍,1.00倍,3.45%
20260716,186,横河電,6841,東P,,"5,495",-105,-1.88%,"6,456",23.5倍,2.65倍,1.67%
20260716,187,旭化成,3407,東P,,"1,876.0",-11.5,-0.61%,"6,395",15.8倍,1.21倍,2.35%
20260716,188,塩野義,4507,東P,,"2,842.5",+1.5,+0.05%,"6,327",11.5倍,1.44倍,2.67%
20260716,189,大林組,1802,東P,,"3,241.0",-1.0,-0.03%,"6,257",14.2倍,1.77倍,2.90%
20260716,190,浜ゴム,5101,東P,,"7,700",+15,+0.20%,"6,193",11.1倍,1.16倍,2.23%
20260716,191,東ガス,9531,東P,,"6,066",-6,-0.10%,"6,061",14.6倍,1.17倍,1.98%
20260716,192,エムスリー,2413,東P,,"1,926.5",+28.5,+1.50%,"6,061",24.3倍,3.15倍,ー%
20260716,193,クボタ,6326,東P,,"2,750.0",-20.0,-0.72%,"5,998",14.7倍,1.15倍,1.89%
20260716,194,住友林,1911,東P,,"1,365.5",+9.5,+0.70%,"5,915",8.81倍,0.80倍,3.66%
20260716,195,オービック,4684,東P,,"4,208",+57,+1.37%,"5,883",22.1倍,3.51倍,2.23%
20260716,196,エーザイ,4523,東P,,"4,338",+82,+1.93%,"5,809",23.4倍,1.36倍,3.69%
20260716,197,マネフォ,3994,東P,,"5,250",+286,+5.76%,"5,699",ー倍,7.06倍,ー%
20260716,198,ＧＳユアサ,6674,東P,,"5,902",-178,-2.93%,"5,664",16.5倍,1.50倍,1.66%
20260716,199,アストロＨＤ,186A,東G,,"1,022",-80,-7.26%,"5,645",ー倍,18.5倍,ー%
20260716,200,三菱ケミＧ,4188,東P,,"1,202.5",-19.5,-1.60%,"5,637",12.9倍,0.93倍,2.66%
20260716,201,ＡＧＣ,5201,東P,,"6,422",-94,-1.44%,"5,565",17.7倍,0.91倍,3.27%
20260716,202,ＮＸＨＤ,9147,東P,,"5,428",-160,-2.86%,"5,463",21.7倍,1.57倍,1.84%
20260716,203,カプコン,9697,東P,,"3,279.0",+33.0,+1.02%,"5,445",23.7倍,5.13倍,1.40%
20260716,204,ゼンショＨＤ,7550,東P,,"9,200",+165,+1.83%,"5,440",30.4倍,5.52倍,0.87%
20260716,205,ユニオンツル,6278,東P,,"18,880","-1,620",-7.90%,"5,396",38.7倍,4.46倍,0.69%
20260716,206,しずおかＦＧ,5831,東P,,"3,343.0",-41.0,-1.21%,"5,302",16.9倍,1.44倍,2.93%
20260716,207,サントリＢＦ,2587,東P,,"4,613",-47,-1.01%,"5,198",16.0倍,1.08倍,2.60%
20260716,208,ＳＷＣＣ,5805,東P,,"11,070",-830,-6.97%,"5,168",17.7倍,3.33倍,2.26%
20260716,209,横浜ＦＧ,7186,東P,,"1,909.5",-23.0,-1.19%,"5,166",16.5倍,1.51倍,2.46%
20260716,210,阪急阪神,9042,東P,,"4,703",+4,+0.09%,"5,131",13.8倍,0.99倍,2.13%
20260716,211,大日印,7912,東P,,"3,198.0",-17.0,-0.53%,"5,127",14.4倍,1.15倍,1.28%
20260716,212,ＡＮＡＨＤ,9202,東P,,"2,998.5",-5.5,-0.18%,"5,084",13.9倍,1.01倍,2.00%
20260716,213,データセク,3905,東G,,"2,689",-305,-10.19%,"5,064",9.85倍,4.63倍,ー%
20260716,214,堀場製,6856,東P,,"27,835","-1,045",-3.62%,"5,049",24.1倍,3.40倍,1.76%
20260716,215,ニトリＨＤ,9843,東P,,"2,414.5",+11.5,+0.48%,"5,045",15.0倍,1.38倍,1.33%
20260716,216,ｉＦ日経年１,1320,東Ｅ,,"69,080","-1,700",-2.40%,"5,032",ー倍,ー倍,ー%
20260716,217,関電工,1942,東P,,"6,114",-216,-3.41%,"5,022",18.7倍,3.12倍,2.13%
20260716,218,トレンド,4704,東P,,"6,470",+79,+1.24%,"4,983",22.9倍,7.56倍,ー%
20260716,219,ウエストＨＤ,1407,東S,,"2,747",-55,-1.96%,"4,969",16.5倍,3.11倍,2.55%
20260716,220,関西電,9503,東P,,"2,321.5",-12.0,-0.51%,"4,833",8.34倍,0.75倍,3.45%
20260716,221,野村東証指数,1306,東Ｅ,,419.7,-5.9,-1.39%,"4,810",ー倍,ー倍,ー%
20260716,222,キッコマン,2801,東P,,"1,632.0",+11.5,+0.71%,"4,766",24.7倍,2.70倍,1.53%
20260716,223,アマダ,6113,東P,,"2,866.5",-75.0,-2.55%,"4,749",26.2倍,1.66倍,2.23%
20260716,224,ＺＯＺＯ,3092,東P,,"1,186.5",+16.5,+1.41%,"4,655",21.1倍,9.80倍,3.37%
20260716,225,アルバック,6728,東P,,"10,305",-165,-1.58%,"4,644",27.4倍,2.21倍,1.48%
20260716,226,ビルファンド,8951,東Ｒ,,"131,000","-1,700",-1.28%,"4,623",ー倍,1.58倍,3.76%
20260716,227,武蔵精密,7220,東P,,"3,370",-100,-2.88%,"4,619",34.0倍,1.81倍,1.19%
20260716,228,いすゞ,7202,東P,,"2,327.5",-18.0,-0.77%,"4,531",10.0倍,1.08倍,4.04%
20260716,229,アンリツ,6754,東P,,"3,922",-170,-4.15%,"4,472",33.5倍,3.78倍,1.27%
20260716,230,三菱ＨＣキャ,8593,東P,,"1,411.5",-2.5,-0.18%,"4,452",12.7倍,1.02倍,3.61%
20260716,231,電子材料,6855,東S,,"6,620",-510,-7.15%,"4,432",17.6倍,2.16倍,1.21%
20260716,232,マキタ,6586,東P,,"5,678",-31,-0.54%,"4,418",18.1倍,1.47倍,ー%
20260716,233,西武ＨＤ,9024,東P,,"3,600.0",+58.0,+1.64%,"4,409",33.9倍,1.61倍,1.17%
20260716,234,ニコン,7731,東P,,"2,297.5",+16.5,+0.72%,"4,391",75.7倍,1.29倍,0.87%
20260716,235,住友化,4005,東P,,541.0,-7.7,-1.40%,"4,381",12.8倍,0.89倍,2.96%
20260716,236,日ケミコン,6997,東P,,"3,630",-70,-1.89%,"4,371",24.4倍,2.00倍,0.69%
20260716,237,ナブテスコ,6268,東P,,"5,172",-158,-2.96%,"4,362",32.6倍,2.21倍,1.59%
20260716,238,楽天銀,5838,東P,,"5,553",-127,-2.24%,"4,341",11.9倍,2.61倍,ー%
20260716,239,ネクソン,3659,東P,,"2,285.0",+57.5,+2.58%,"4,325",ー倍,1.69倍,2.63%
20260716,240,ＦＵＪＩ,6134,東P,,"7,639",-381,-4.75%,"4,310",20.4倍,2.89倍,2.49%
20260716,241,清水建,1803,東P,,"2,508.5",-23.5,-0.93%,"4,287",13.1倍,1.74倍,3.07%
20260716,242,京都ＦＧ,5844,東P,,"4,649",-121,-2.54%,"4,286",25.2倍,1.15倍,2.26%
20260716,243,大東建,1878,東P,,"3,234.0",+37.0,+1.16%,"4,212",9.75倍,2.11倍,5.04%
20260716,244,大塚商会,4768,東P,,"2,985.0",+58.0,+1.98%,"4,123",18.5倍,2.89倍,3.18%
20260716,245,エプソン,6724,東P,,"2,863.5",-24.0,-0.83%,"3,997",15.6倍,1.08倍,2.79%
20260716,246,三菱マ,5711,東P,,"4,193",-49,-1.16%,"3,991",11.2倍,0.74倍,2.77%
20260716,247,テクセンド,429A,東P,,"3,900",-260,-6.25%,"3,965",16.4倍,2.22倍,1.79%
20260716,248,めぶきＦＧ,7167,東P,,"1,508.0",-23.5,-1.53%,"3,911",14.9倍,1.31倍,2.65%
20260716,249,すかいらーく,3197,東P,,"3,003.0",+56.5,+1.92%,"3,873",35.0倍,3.59倍,0.87%
20260716,250,ふくおかＦＧ,8354,東P,,"7,522",-74,-0.97%,"3,863",14.2倍,1.32倍,2.79%
20260716,251,カカクコム,2371,東P,,"3,594.0",-6.0,-0.17%,"3,860",34.4倍,10.9倍,ー%
20260716,252,霞ヶ関Ｃ,3498,東P,,"6,910",+70,+1.02%,"3,814",10.3倍,2.27倍,2.39%
20260716,253,積水化,4204,東P,,"2,664.5",-22.0,-0.82%,"3,798",14.2倍,1.26倍,3.04%
20260716,254,リコー,7752,東P,,"1,506.0",-25.0,-1.63%,"3,786",13.7倍,0.74倍,2.92%
20260716,255,メタプラ,3350,東S,,233,-13,-5.28%,"3,785",ー倍,0.74倍,ー%
20260716,256,ツルハＨＤ,3391,東P,,"2,353.0",+39.0,+1.69%,"3,782",25.7倍,1.22倍,2.04%
20260716,257,Ｓａｎｓａｎ,4443,東P,,"1,837",+64,+3.61%,"3,766",24.8倍,11.5倍,0.27%
20260716,258,名村造,7014,東S,,"3,960",-55,-1.37%,"3,735",12.5倍,2.01倍,1.52%
20260716,259,小野薬,4528,東P,,"2,346.5",-42.0,-1.76%,"3,733",15.5倍,1.30倍,3.41%
20260716,260,日揮ＨＤ,1963,東P,,"2,270.0",-55.0,-2.37%,"3,729",11.9倍,1.28倍,2.29%
20260716,261,ヒューリック,3003,東P,,"1,790.0",-2.5,-0.14%,"3,716",11.2倍,1.50倍,3.74%
20260716,262,住友ファーマ,4506,東P,,"1,317.5",-11.5,-0.87%,"3,691",7.68倍,2.02倍,ー%
20260716,263,三井化学,4183,東P,,"2,185.0",-19.5,-0.88%,"3,690",17.6倍,0.91倍,3.43%
20260716,264,東急,9005,東P,,"1,753.0",+18.5,+1.07%,"3,675",11.0倍,1.08倍,1.83%
20260716,265,インフロニア,5076,東P,,"2,814.0",-101.5,-3.48%,"3,674",12.3倍,1.40倍,3.55%
20260716,266,セガサミー,6460,東P,,"2,481.5",+48.0,+1.97%,"3,659",15.5倍,1.42倍,2.22%
20260716,267,滋賀銀,8366,東P,,"2,732",-29,-1.05%,"3,650",22.0倍,1.23倍,1.83%
20260716,268,マツキヨココ,3088,東P,,"2,469.5",0,0.00%,"3,649",16.5倍,1.79倍,2.27%
20260716,269,電通グループ,4324,東P,,"3,446.0",+20.0,+0.58%,"3,631",12.8倍,2.14倍,ー%
20260716,270,日産化,4021,東P,,"7,884",-147,-1.83%,"3,616",20.4倍,4.12倍,2.69%
20260716,271,デクセリ,4980,東P,,"3,777",-164,-4.16%,"3,604",23.0倍,5.79倍,1.69%
20260716,272,いよぎんＨＤ,5830,東P,,"3,388.0",-32.0,-0.94%,"3,589",12.6倍,1.11倍,2.36%
20260716,273,ＪＩＮＳＨＤ,3046,東P,,"6,410",+240,+3.89%,"3,583",17.4倍,4.19倍,1.79%
20260716,274,ＣＫＤ,6407,東P,,"6,770",-440,-6.10%,"3,582",27.8倍,2.95倍,1.40%
20260716,275,東洋水,2875,東P,,"10,550",+15,+0.14%,"3,564",15.6倍,1.93倍,2.09%
20260716,276,ランド,8918,東S,,10,0,0.00%,"3,564",11.4倍,1.62倍,ー%
20260716,277,テンシャル,325A,東G,,"1,637",+219,+15.44%,"3,544",14.6倍,6.24倍,ー%
20260716,278,ヒロセ電,6806,東P,,"27,325",-295,-1.07%,"3,510",26.3倍,2.36倍,1.90%
20260716,279,オンコセラピ,4564,東G,,21,+1,+5.00%,"3,476",ー倍,4.05倍,ー%
20260716,280,ＱＰＳＨＤ,464A,東G,,"1,737",-149,-7.90%,"3,467",51.1倍,3.06倍,ー%
20260716,281,大ガス,9532,東P,,"5,371",-21,-0.39%,"3,450",14.1倍,1.13倍,2.42%
20260716,282,出光興産,5019,東P,,"1,262.5",-17.0,-1.33%,"3,448",20.2倍,0.79倍,2.85%
20260716,283,ヤマダＨＤ,9831,東P,,679.1,-2.8,-0.41%,"3,446",16.2倍,0.71倍,2.50%
20260716,284,サイバー,4751,東P,,"1,494.5",+20.0,+1.36%,"3,417",27.6倍,3.89倍,1.27%
20260716,285,ＯＫＩ,6703,東P,,"3,320",+50,+1.53%,"3,415",16.0倍,1.60倍,1.96%
20260716,286,東急不ＨＤ,3289,東P,,"1,331.5",-4.0,-0.30%,"3,352",9.49倍,1.06倍,3.76%
20260716,287,神戸鋼,5406,東P,,"1,951.0",+14.5,+0.75%,"3,347",7.72倍,0.61倍,4.10%
20260716,288,三井海洋,6269,東P,,"9,873",-287,-2.82%,"3,345",11.7倍,2.79倍,2.03%
20260716,289,ニチコン,6996,東P,,"3,230",-20,-0.62%,"3,338",32.4倍,1.81倍,1.21%
20260716,290,東建物,8804,東P,,"3,443.0",+13.0,+0.38%,"3,301",11.4倍,1.21倍,3.54%
20260716,291,タカラトミー,7867,東P,,"3,466.0",+35.0,+1.02%,"3,296",16.6倍,2.69倍,2.02%
20260716,292,アスタリスク,6522,東G,Ｓ,"1,499",-400,-21.06%,"3,293",186倍,6.35倍,ー%
20260716,293,きんでん,1944,東P,,"7,391",-162,-2.14%,"3,290",17.4倍,1.84倍,3.25%
20260716,294,マクドナルド,2702,東S,,"7,510",-70,-0.92%,"3,288",28.9倍,3.52倍,0.85%
20260716,295,八十二長野,8359,東P,,"2,601.5",-36.5,-1.38%,"3,283",16.2倍,1.03倍,2.50%
20260716,296,ＳＢＩ新生銀,8303,東P,,"1,458.0",-14.0,-0.95%,"3,275",ー倍,1.06倍,2.88%
20260716,297,モノタロウ,3064,東P,,"1,969.0",+19.0,+0.97%,"3,263",26.8倍,8.41倍,1.88%
20260716,298,テスＨＤ,5074,東P,,797,-85,-9.64%,"3,262",46.9倍,1.14倍,0.73%
20260716,299,日本化,4092,東P,,"5,140",+410,+8.67%,"3,258",14.9倍,0.89倍,ー%
20260716,300,島津,7701,東P,,"4,203",-58,-1.36%,"3,254",22.1倍,2.15倍,1.67%
20260716,301,住友重,6302,東P,,"5,249",-8,-0.15%,"3,252",18.4倍,0.91倍,2.76%
20260716,302,オルガノ,6368,東P,,"15,585",-235,-1.49%,"3,215",23.9倍,5.01倍,1.41%
20260716,303,東レ,3402,東P,,"1,166.5",-5.5,-0.47%,"3,214",18.9倍,0.94倍,2.23%
20260716,304,ラウンドワン,4680,東P,,"1,311.5",+13.0,+1.00%,"3,211",18.9倍,4.17倍,1.37%
20260716,305,野村マイクロ,6254,東P,,"4,250",-135,-3.08%,"3,156",14.7倍,4.14倍,2.00%
20260716,306,共立メンテ,9616,東P,,"3,053.0",+49.0,+1.63%,"3,156",15.4倍,1.91倍,1.51%
20260716,307,日立建機,6305,東P,,"5,287",+38,+0.72%,"3,153",14.1倍,1.25倍,3.59%
20260716,308,ｉＳＴＰＸ,1475,東Ｅ,,417.9,-5.8,-1.37%,"3,151",ー倍,ー倍,ー%
20260716,309,ＤＯＷＡ,5714,東P,,"8,349",-94,-1.11%,"3,149",8.66倍,1.08倍,4.05%
20260716,310,日本ペＨＤ,4612,東P,,"1,081.5",-3.0,-0.28%,"3,143",12.7倍,1.32倍,1.57%
20260716,311,ホシザキ,6465,東P,,"5,277",-33,-0.62%,"3,130",19.4倍,1.89倍,2.18%
20260716,312,ＵＢＥ,4208,東P,,"3,287.0",+14.0,+0.43%,"3,127",13.0倍,0.73倍,4.87%
20260716,313,ＤＭＧ森精機,6141,東P,,"3,586.0",-13.0,-0.36%,"3,125",33.7倍,1.51倍,2.93%
20260716,314,あいちＦＧ,7389,東P,,"1,741",+83,+5.01%,"3,056",18.5倍,0.99倍,1.72%
20260716,315,シスメックス,6869,東P,,"1,551.0",+10.0,+0.65%,"3,054",26.1倍,1.86倍,2.58%
20260716,316,ベクトル,6058,東P,,"1,706",-239,-12.29%,"3,027",14.6倍,3.66倍,2.11%
20260716,317,ＴＩＳＩ,3626,東P,,"3,471.0",+60.0,+1.76%,"3,021",12.8倍,2.24倍,2.59%
20260716,318,ミスミＧ,9962,東P,,"3,772",-82,-2.13%,"3,015",26.6倍,2.62倍,1.40%
20260716,319,光通信,9435,東P,,"37,720",-40,-0.11%,"3,014",13.8倍,1.39倍,2.07%
20260716,320,かんぽ生命,7181,東P,,"1,657.5",-15.0,-0.90%,"2,980",12.7倍,0.43倍,3.02%
20260716,321,上場日経平均,1330,東Ｅ,,"69,280","-1,810",-2.55%,"2,976",ー倍,ー倍,ー%
20260716,322,菱ガス化,4182,東P,,"4,597",-165,-3.46%,"2,967",19.5倍,1.39倍,2.39%
20260716,323,東ソー,4042,東P,,"2,764.5",-24.5,-0.88%,"2,955",ー倍,1.02倍,3.62%
20260716,324,精工技研,6834,東S,,"20,290","-1,890",-8.52%,"2,951",28.3倍,5.36倍,0.59%
20260716,325,ＭＸ２２５,1346,東Ｅ,,"69,120","-1,900",-2.68%,"2,939",ー倍,ー倍,ー%
20260716,326,ダイヘン,6622,東P,,"15,040",-690,-4.39%,"2,937",21.5倍,2.31倍,1.40%
20260716,327,あおぞら銀,8304,東P,,"2,928.5",-29.5,-1.00%,"2,923",15.0倍,0.85倍,3.41%
20260716,328,フューチャー,4722,東P,,"2,150",+119,+5.86%,"2,919",16.2倍,3.01倍,2.23%
20260716,329,明治ＨＤ,2269,東P,,"3,741",-3,-0.08%,"2,910",16.2倍,1.31倍,2.94%
20260716,330,ニッパツ,5991,東P,,"3,654",-189,-4.92%,"2,890",16.5倍,1.69倍,1.89%
20260716,331,スギＨＤ,7649,東P,,"2,919.0",-46.5,-1.57%,"2,880",16.1倍,1.80倍,1.20%
20260716,332,ヤクルト,2267,東P,,"2,789.0",-31.0,-1.10%,"2,880",17.3倍,1.32倍,2.58%
20260716,333,日電硝,5214,東P,,"5,764",-156,-2.64%,"2,868",18.5倍,0.86倍,2.78%
20260716,334,純金信託,1540,東Ｅ,,"19,630",+25,+0.13%,"2,861",ー倍,ー倍,ー%
20260716,335,古野電,6814,東P,,"7,220",-310,-4.12%,"2,853",17.6倍,2.49倍,2.22%
20260716,336,ユニチャーム,8113,東P,,964.8,+3.4,+0.35%,"2,851",19.2倍,2.12倍,2.28%
20260716,337,神戸物産,3038,東P,,"2,678.0",+3.5,+0.13%,"2,836",20.1倍,3.54倍,1.19%
20260716,338,栗田工,6370,東P,,"8,973",-297,-3.20%,"2,817",23.1倍,2.84倍,1.49%
20260716,339,マネックスＧ,8698,東P,,762,-6,-0.78%,"2,772",ー倍,1.52倍,4.04%
20260716,340,ＬＩＸＩＬ,5938,東P,,"1,887.0",-2.0,-0.11%,"2,765",45.2倍,0.82倍,4.77%
20260716,341,ヤマハ,7951,東P,,"1,222.0",+18.0,+1.50%,"2,739",19.2倍,1.12倍,2.13%
20260716,342,ＨＩＯＫＩ,6866,東P,,"11,230",-470,-4.02%,"2,738",20.0倍,3.29倍,2.14%
20260716,343,ＴＰＸブル,1568,東Ｅ,,975.5,-30.0,-2.98%,"2,734",ー倍,ー倍,ー%
20260716,344,住友ゴ,5110,東P,,"2,222.5",+7.0,+0.32%,"2,711",10.6倍,0.80倍,3.78%
20260716,345,グロービング,277A,東P,,"1,812",-303,-14.33%,"2,704",15.3倍,6.42倍,1.96%
20260716,346,ＰＡＬＴＡＣ,8283,東P,,"6,601",+6,+0.09%,"2,701",ー倍,1.33倍,ー%
20260716,347,タイミー,215A,東G,,"1,484",+51,+3.56%,"2,696",22.9倍,9.27倍,ー%
20260716,348,トクヤマ,4043,東P,,"4,664",-136,-2.83%,"2,692",ー倍,1.19倍,ー%
20260716,349,アイシン,7259,東P,,"2,285.5",+22.0,+0.97%,"2,688",10.7倍,0.73倍,3.28%
20260716,350,ネクステージ,3186,東P,,"3,590",+160,+4.66%,"2,687",16.5倍,3.32倍,1.39%
20260716,351,ディーエヌエ,2432,東P,,"2,410.0",-42.0,-1.71%,"2,684",ー倍,0.96倍,ー%
20260716,352,ツガミ,6101,東P,,"7,200",-370,-4.89%,"2,683",19.7倍,4.18倍,1.36%
20260716,353,クレセゾン,8253,東P,,"4,662",-6,-0.13%,"2,674",8.87倍,0.88倍,3.43%
20260716,354,ブラザー,6448,東P,,"3,836",-23,-0.60%,"2,672",13.2倍,1.24倍,2.61%
20260716,355,Ｊフロント,3086,東P,,"3,292.0",+73.0,+2.27%,"2,671",27.7倍,1.96倍,1.70%
20260716,356,コカＢＪＨ,2579,東P,,"4,227",-16,-0.38%,"2,598",30.4倍,1.86倍,1.70%
20260716,357,北川精機,6327,東S,,"4,570",-650,-12.45%,"2,568",61.2倍,6.60倍,0.44%
20260716,358,ロート,4527,東P,,"2,432.5",-50.5,-2.03%,"2,555",15.9倍,1.82倍,2.06%
20260716,359,住友ベ,4203,東P,,"7,264",-230,-3.07%,"2,543",22.4倍,1.84倍,1.65%
20260716,360,ｉＦ日経Ｗブ,1365,東Ｅ,,"4,423",-251,-5.37%,"2,539",ー倍,ー倍,ー%
20260716,361,ほくほくＦＧ,8377,東P,,"7,581",-163,-2.10%,"2,539",14.6倍,1.25倍,1.98%
20260716,362,日清食ＨＤ,2897,東P,,"2,872.5",+13.0,+0.45%,"2,528",17.6倍,1.59倍,2.44%
20260716,363,ｓａｎｔｅｃ,6777,東S,,"20,620","-1,230",-5.63%,"2,503",27.6倍,8.71倍,1.12%
20260716,364,東北電,9506,東P,,"1,132.0",+4.5,+0.40%,"2,503",ー倍,0.51倍,3.53%
20260716,365,協和キリン,4151,東P,,"2,645.5",+6.0,+0.23%,"2,498",18.5倍,1.55倍,2.65%
20260716,366,山一電機,6941,東P,,"9,150",-250,-2.66%,"2,497",18.4倍,3.63倍,1.64%
20260716,367,シチズン,7762,東P,,"2,268",-51,-2.20%,"2,495",20.1倍,1.89倍,2.20%
20260716,368,ＳＧＨＤ,9143,東P,,"1,591.5",-6.0,-0.38%,"2,486",15.8倍,1.74倍,3.39%
20260716,369,Ｖテク,7717,東P,,"6,950",-450,-6.08%,"2,478",21.9倍,1.82倍,1.15%
20260716,370,日経高配５０,1489,東Ｅ,,"3,329",+2,+0.06%,"2,441",ー倍,ー倍,ー%
20260716,371,日ハム,2282,東P,,"6,153",+48,+0.79%,"2,433",15.2倍,1.08倍,2.93%
20260716,372,テラプローブ,6627,東S,,"11,930",-600,-4.79%,"2,431",ー倍,2.67倍,ー%
20260716,373,コムシスＨＤ,1721,東P,,"5,274",-56,-1.05%,"2,426",16.0倍,1.52倍,2.56%
20260716,374,日本酸素ＨＤ,4091,東P,,"6,031",-121,-1.97%,"2,408",19.9倍,2.14倍,1.09%
20260716,375,コスモス薬品,3349,東P,,"6,307",+67,+1.07%,"2,400",16.3倍,1.76倍,1.33%
20260716,376,丸井Ｇ,8252,東P,,"2,963.5",-29.5,-0.99%,"2,398",18.0倍,2.17倍,4.52%
20260716,377,京王,9008,東P,,782.0,+8.9,+1.15%,"2,387",10.5倍,1.02倍,2.81%
20260716,378,フルヤ金属,7826,東P,,"6,980",-290,-3.99%,"2,379",11.5倍,2.32倍,2.22%
20260716,379,サイゼリヤ,7581,東P,Ｓ,"6,780","+1,000",+17.30%,"2,349",28.2倍,2.55倍,0.52%
20260716,380,ジャパンＲＥ,8952,東Ｒ,,"119,200","-2,300",-1.89%,"2,348",ー倍,1.60倍,4.30%
20260716,381,さくらネット,3778,東P,,"2,925",-60,-2.01%,"2,346",138倍,3.89倍,0.19%
20260716,382,王子ＨＤ,3861,東P,,838.7,+11.2,+1.35%,"2,335",20.4倍,0.65倍,4.29%
20260716,383,ＡＢＥＪＡ,5574,東G,,"2,397",+47,+2.00%,"2,330",28.1倍,4.52倍,ー%
20260716,384,ＴＯＹＯ,5105,東P,,"4,019",+26,+0.65%,"2,329",11.5倍,1.16倍,3.36%
20260716,385,アルプスアル,6770,東P,,"2,129.0",-18.5,-0.86%,"2,302",13.9倍,0.93倍,3.01%
20260716,386,日本空港ビル,9706,東P,,"5,382",-20,-0.37%,"2,238",20.6倍,2.38倍,1.77%
20260716,387,小田急,9007,東P,,"1,727.5",+8.0,+0.47%,"2,236",15.4倍,1.16倍,3.47%
20260716,388,上場日経２倍,1358,東Ｅ,,"136,800","-8,300",-5.72%,"2,232",ー倍,ー倍,ー%
20260716,389,ボードルア,4413,東P,,"3,110",-110,-3.42%,"2,217",31.0倍,12.0倍,0.32%
20260716,390,日精工,6471,東P,,"1,144.5",-4.0,-0.35%,"2,212",23.3倍,0.83倍,2.97%
20260716,391,ＩＤＯＭ,7599,東P,,"1,297",+27,+2.13%,"2,206",9.17倍,1.45倍,3.27%
20260716,392,大同特鋼,5471,東P,,"2,440.5",-22.0,-0.89%,"2,196",17.7倍,1.03倍,2.13%
20260716,393,ジーエヌアイ,2160,東G,,"2,523",-79,-3.04%,"2,185",ー倍,3.32倍,ー%
20260716,394,日清紡ＨＤ,3105,東P,,"2,346.5",+24.5,+1.06%,"2,183",36.7倍,1.21倍,1.53%
20260716,395,ｉＳ米国株,1655,東Ｅ,,887.3,+1.4,+0.16%,"2,182",ー倍,ー倍,ー%
20260716,396,日本オラクル,4716,東S,,"8,490",+52,+0.62%,"2,172",ー倍,5.32倍,ー%
20260716,397,朝日インテク,7747,東P,,"3,468.0",+2.0,+0.06%,"2,150",30.1倍,5.54倍,1.33%
20260716,398,群馬銀,8334,東P,,"2,582.5",-38.5,-1.47%,"2,135",15.0倍,1.58倍,2.71%
20260716,399,ＧＭＯ,9449,東P,,"4,075",+37,+0.92%,"2,132",ー倍,3.54倍,ー%
20260716,400,ＤＩＣ,4631,東P,,"4,560",-90,-1.94%,"2,126",13.1倍,0.89倍,3.07%
20260716,401,東洋エンジ,6330,東P,,"1,895",-61,-3.12%,"2,118",18.5倍,2.86倍,1.32%
20260716,402,リンテック,7966,東P,,"6,800",0,0.00%,"2,112",22.8倍,1.73倍,1.76%
20260716,403,メック,4971,東P,,"8,610",-710,-7.62%,"2,106",28.3倍,4.97倍,1.28%
20260716,404,五洋建,1893,東P,,"1,610.0",-22.5,-1.38%,"2,103",12.4倍,2.19倍,3.23%
20260716,405,野村ＲＥＩＴ,1343,東Ｅ,,"1,976.0",-23.0,-1.15%,"2,092",ー倍,ー倍,ー%
20260716,406,コニカミノル,4902,東P,,625.1,+6.4,+1.03%,"2,087",10.8倍,0.58倍,2.88%
20260716,407,ＩＮＶ,8963,東Ｒ,,"59,800",-800,-1.32%,"2,041",ー倍,1.29倍,6.34%
20260716,408,スタンレー,6923,東P,,"3,497.0",-18.0,-0.51%,"2,021",12.6倍,0.95倍,3.17%
20260716,409,Ｊマテリアル,6055,東P,,"2,437",-173,-6.63%,"2,020",23.2倍,4.00倍,1.44%
20260716,410,ヨネックス,7906,東S,,"2,677",+118,+4.61%,"2,011",17.4倍,2.85倍,1.05%
20260716,411,スクエニＨＤ,9684,東P,,"2,499.0",-8.5,-0.34%,"2,011",29.1倍,2.59倍,1.72%
20260716,412,東海カーボン,5301,東P,,"1,646.0",-11.0,-0.66%,"2,003",27.8倍,1.05倍,2.43%
20260716,413,ＪＲ九州,9142,東P,,"3,602.0",-9.0,-0.25%,"2,002",10.7倍,1.12倍,3.36%
20260716,414,高砂熱,1969,東P,,"4,681",-68,-1.43%,"1,993",15.3倍,2.92倍,2.63%
20260716,415,スルガ銀,8358,東P,,"2,716",-45,-1.63%,"1,983",14.5倍,1.43倍,2.21%
20260716,416,吉野家ＨＤ,9861,東P,,"3,617.0",-9.0,-0.25%,"1,982",47.8倍,3.37倍,0.61%
20260716,417,石油資源,1662,東P,,"1,689",-16,-0.94%,"1,978",7.21倍,0.69倍,2.66%
20260716,418,ＴＯＲＩＣＯ,7138,東G,,167,+23,+15.97%,"1,977",ー倍,1.65倍,ー%
20260716,419,北海電,9509,東P,,"1,013.0",-3.0,-0.30%,"1,971",10.1倍,0.51倍,3.26%
20260716,420,ユニチカ,3103,東S,,945,-26,-2.68%,"1,970",11.5倍,1.63倍,ー%
20260716,421,ジェイテクト,6473,東P,,"2,124.5",+5.5,+0.26%,"1,961",13.5倍,0.86倍,3.29%
20260716,422,野村不ＨＤ,3231,東P,,952.9,+1.3,+0.14%,"1,961",9.46倍,1.02倍,4.62%
20260716,423,都市ファンド,8953,東Ｒ,,"114,800","-1,700",-1.46%,"1,937",ー倍,1.26倍,5.19%
20260716,424,アイスペース,9348,東G,,421,-28,-6.24%,"1,933",ー倍,4.09倍,ー%
20260716,425,東京きらぼし,7173,東P,,"1,740",-29,-1.64%,"1,928",12.7倍,1.35倍,1.72%
20260716,426,ニチアス,5393,東P,,"3,433.0",-86.0,-2.44%,"1,917",20.2倍,2.71倍,1.89%
20260716,427,デンカ,4061,東P,,"3,859",-236,-5.76%,"1,906",20.8倍,1.07倍,2.59%
20260716,428,太平洋セメ,5233,東P,,"3,960",-24,-0.60%,"1,896",9.01倍,0.64倍,3.03%
20260716,429,コスモＨＤ,5021,東P,,"3,810",-57,-1.47%,"1,892",13.8倍,1.00倍,4.33%
20260716,430,カドカワ,9468,東P,,"3,675.0",-2.0,-0.05%,"1,878",93.1倍,2.20倍,0.82%
20260716,431,ライオン,4912,東P,,"1,682.0",+18.5,+1.11%,"1,877",18.6倍,1.44倍,2.02%
20260716,432,チャットプラ,598A,東G,Ｓ,"2,784",ー,ー%,"1,871",40.2倍,18.7倍,0.11%
20260716,433,九州電,9508,東P,,"1,767.0",+14.5,+0.83%,"1,869",6.73倍,0.84倍,2.83%
20260716,434,ソレイジア,4597,東G,,27,-1,-3.57%,"1,869",ー倍,4.31倍,ー%
20260716,435,ＯＳＧ,6136,東P,,"3,906",-69,-1.74%,"1,849",15.3倍,1.67倍,2.94%
20260716,436,日電波,6779,東P,,"3,030",-185,-5.75%,"1,848",30.2倍,2.18倍,0.99%
20260716,437,扶桑化学,4368,東P,,"4,080",-195,-4.56%,"1,847",22.5倍,3.68倍,0.69%
20260716,438,セイコーＧ,8050,東P,,"7,740",+20,+0.26%,"1,846",27.5倍,3.60倍,1.16%
20260716,439,カバー,5253,東G,,"1,677",-20,-1.18%,"1,843",21.8倍,5.36倍,ー%
20260716,440,ＡＢＣマート,2670,東P,,"2,648.5",+3.0,+0.11%,"1,814",14.1倍,1.63倍,3.02%
20260716,441,マクニカＨＤ,3132,東P,,"3,300.0",-119.0,-3.48%,"1,814",18.4倍,2.11倍,2.42%
20260716,442,ワークマン,7564,東S,,"5,670",-80,-1.39%,"1,809",20.7倍,3.02倍,1.57%
20260716,443,ラサ工,4022,東P,,"1,870",-86,-4.40%,"1,805",17.0倍,2.29倍,1.93%
20260716,444,クラレ,3405,東P,,"1,766.5",-2.5,-0.14%,"1,802",13.3倍,0.72倍,3.62%
20260716,445,東武,9001,東P,,"3,019.0",+22.0,+0.73%,"1,796",10.5倍,0.96倍,2.48%
20260716,446,クリレスＨＤ,3387,東P,,789,-11,-1.38%,"1,791",62.4倍,7.83倍,0.63%
20260716,447,フジＨＤ,4676,東P,,"4,111",-75,-1.79%,"1,786",22.4倍,1.07倍,4.86%
20260716,448,テラスカイ,3915,東P,,"2,266",-50,-2.16%,"1,780",19.2倍,2.34倍,0.75%
20260716,449,第四北越ＦＧ,7327,東P,,"2,338",-23,-0.97%,"1,762",12.3倍,1.08倍,3.25%
20260716,450,マルマエ,6264,東P,,"2,091",-97,-4.43%,"1,740",18.0倍,3.91倍,2.15%
20260716,451,マニー,7730,東P,,"1,601",-131,-7.56%,"1,736",23.2倍,2.76倍,2.56%
20260716,452,タツモ,6266,東P,,"4,995",-315,-5.93%,"1,726",28.9倍,2.75倍,0.68%
20260716,453,シャープ,6753,東P,,634.1,-2.9,-0.46%,"1,724",9.80倍,1.47倍,ー%
20260716,454,サンバイオ,4592,東G,,"1,073",+23,+2.19%,"1,723",ー倍,6.74倍,ー%
20260716,455,ＵＳＳ,4732,東P,,"1,975.0",-8.5,-0.43%,"1,723",21.6倍,4.33倍,2.78%
20260716,456,北洋銀,8524,東P,,"1,220",-13,-1.05%,"1,712",15.5倍,1.18倍,2.62%
20260716,457,安藤ハザマ,1719,東P,,"1,814.5",-9.5,-0.52%,"1,710",12.8倍,1.37倍,4.63%
20260716,458,サッポロ,2501,東P,,"1,996.5",+12.5,+0.63%,"1,708",2.63倍,3.62倍,2.00%
20260716,459,テクノフレ,3449,東S,Ｓ,"5,380","-1,000",-15.67%,"1,708",24.1倍,3.74倍,1.19%
20260716,460,ノースサンド,446A,東G,,"1,598",+154,+10.66%,"1,699",17.2倍,6.20倍,2.07%
20260716,461,ＫＤＸ不動産,8972,東Ｒ,,"155,000","-1,600",-1.02%,"1,695",ー倍,0.98倍,5.45%
20260716,462,ＧＸ半導体,2243,東Ｅ,,"4,776",-218,-4.37%,"1,695",ー倍,ー倍,ー%
20260716,463,ウイングアク,4432,東P,,"2,839",+149,+5.54%,"1,693",13.3倍,2.16倍,3.80%
20260716,464,トリケミカル,4369,東P,,"3,410",-200,-5.54%,"1,684",24.1倍,3.01倍,1.03%
20260716,465,牧野フ,6135,東P,,"14,570",-220,-1.49%,"1,684",15.4倍,1.31倍,2.33%
20260716,466,山パン,2212,東P,,"3,308.0",0,0.00%,"1,679",15.3倍,1.41倍,1.81%
20260716,467,ダイダン,1980,東P,,"2,674",-47,-1.73%,"1,655",12.7倍,2.65倍,3.18%
20260716,468,ダイセル,4202,東P,,"1,476.0",0,0.00%,"1,650",11.8倍,1.06倍,4.74%
20260716,469,Ｊパワー,9513,東P,,"3,668.0",+7.0,+0.19%,"1,640",7.97倍,0.46倍,2.86%
20260716,470,ＩＩＪ,3774,東P,,"3,556.0",+6.0,+0.17%,"1,634",25.2倍,3.99倍,1.21%
20260716,471,ＵＡＣＪ,5741,東P,,"2,457",-68,-2.69%,"1,633",15.9倍,1.28倍,2.36%
20260716,472,竹内製作所,6432,東P,,"7,350",+110,+1.52%,"1,625",13.1倍,1.82倍,2.99%
20260716,473,小糸製,7276,東P,,"2,514.0",-33.0,-1.30%,"1,621",16.7倍,1.07倍,2.31%
20260716,474,ゼオン,4205,東P,,"2,264.0",-74.0,-3.17%,"1,618",12.0倍,1.15倍,3.49%
20260716,475,オークマ,6103,東P,,"4,950",-80,-1.59%,"1,615",22.4倍,1.19倍,2.02%
20260716,476,ＯＢＣ,4733,東P,,"6,570",+87,+1.34%,"1,600",25.5倍,2.92倍,1.98%
20260716,477,アクセルＨＤ,402A,東G,,500,-27,-5.12%,"1,600",ー倍,4.78倍,ー%
20260716,478,しまむら,8227,東P,,"3,348.0",+19.0,+0.57%,"1,599",14.7倍,1.41倍,2.39%
20260716,479,百五銀,8368,東P,,"2,096",-14,-0.66%,"1,597",17.5倍,0.98倍,2.00%
20260716,480,ＧＭＯ－ＰＧ,3769,東P,,"9,771",-36,-0.37%,"1,596",31.7倍,6.33倍,1.74%
20260716,481,サンドラッグ,9989,東P,,"3,816",+7,+0.18%,"1,590",13.9倍,1.56倍,3.46%
20260716,482,太陽ＨＤ,4626,東P,,"4,811",-64,-1.31%,"1,588",22.2倍,4.63倍,ー%
20260716,483,三井ハイテク,6966,東P,,963,-37,-3.70%,"1,575",17.6倍,1.50倍,1.97%
20260716,484,セブン銀,8410,東P,,303.3,-1.1,-0.36%,"1,574",20.9倍,1.26倍,3.63%
20260716,485,ノジマ,7419,東P,,"1,338",-2,-0.15%,"1,573",8.07倍,1.60倍,1.49%
20260716,486,コンフォリア,3282,東Ｒ,,"105,500","-1,000",-0.94%,"1,571",ー倍,1.53倍,3.98%
20260716,487,パーク２４,4666,東P,,"1,996.5",+14.5,+0.73%,"1,571",7.75倍,3.08倍,3.26%
20260716,488,東京メトロ,9023,東P,,"1,468.0",+6.5,+0.44%,"1,562",17.1倍,1.16倍,3.00%
20260716,489,七十七,8341,東P,,"3,512.0",-68.0,-1.90%,"1,557",12.7倍,1.13倍,2.96%
20260716,490,Ｓｙｎｓ,290A,東G,,"1,246",-20,-1.58%,"1,544",62.7倍,4.58倍,ー%
20260716,491,近鉄ＧＨＤ,9041,東P,,"3,476.0",-10.0,-0.29%,"1,543",14.1倍,1.08倍,2.01%
20260716,492,Ｊディスプレ,6740,東P,,49,-1,-2.00%,"1,535",ー倍,-5.3倍,ー%
20260716,493,ラクス,3923,東P,,"1,019.0",+4.5,+0.44%,"1,534",14.3倍,13.9倍,0.79%
20260716,494,ビプロジー,8056,東P,,"4,634",+52,+1.13%,"1,533",13.9倍,2.50倍,3.02%
20260716,495,東京計器,7721,東P,,"6,400",-200,-3.03%,"1,530",21.0倍,2.31倍,0.75%
20260716,496,ピジョン,7956,東P,,"2,016.5",-18.5,-0.91%,"1,509",26.4倍,2.96倍,3.77%
20260716,497,アズビル,6845,東P,,"1,653.5",-35.5,-2.10%,"1,503",23.5倍,3.28倍,3.02%
20260716,498,森永乳,2264,東P,,"1,202.5",-15.5,-1.27%,"1,497",19.4倍,1.41倍,2.08%
20260716,499,山口ＦＧ,8418,東P,,"3,071.0",-24.0,-0.78%,"1,483",13.8倍,0.93倍,3.13%
20260716,500,トヨタ紡織,3116,東P,,"2,232.0",+20.5,+0.93%,"1,480",8.31倍,0.82倍,3.85%
20260716,501,ＧＬＰ,3281,東Ｒ,,"140,500","-1,300",-0.92%,"1,478",ー倍,1.49倍,4.72%
20260716,502,ＭＴＧ,7806,東G,,"8,130",+430,+5.58%,"1,472",32.0倍,5.47倍,0.41%
20260716,503,ひろぎんＨＤ,7337,東P,,"2,233.5",-16.5,-0.73%,"1,469",13.0倍,1.17倍,3.13%
20260716,504,ＧＭＯインタ,4784,東P,,552,-16,-2.82%,"1,463",28.5倍,12.3倍,3.90%
20260716,505,京成,9009,東P,,"1,269.5",+12.5,+0.99%,"1,457",15.6倍,1.10倍,1.73%
20260716,506,京急,9006,東P,,"1,588.0",+15.0,+0.95%,"1,452",14.1倍,1.09倍,2.90%
20260716,507,関電化,4047,東P,,"2,925",-130,-4.26%,"1,444",24.7倍,2.32倍,1.23%
20260716,508,上村工,4966,東S,,"24,110","-1,140",-4.51%,"1,443",26.5倍,3.31倍,1.20%
20260716,509,ＡＲＥＨＤ,5857,東P,,"3,065",-20,-0.65%,"1,440",9.08倍,1.14倍,4.40%
20260716,510,ニッスイ,1332,東P,,"1,244.0",+2.0,+0.16%,"1,439",13.0倍,1.26倍,2.57%
20260716,511,ニフコ,7988,東P,,"5,086",+5,+0.10%,"1,436",13.9倍,1.60倍,2.20%
20260716,512,純銀信託,1542,東Ｅ,,"27,205",-385,-1.40%,"1,435",ー倍,ー倍,ー%
20260716,513,ＴＢＳＨＤ,9401,東P,,"6,312",-89,-1.39%,"1,434",20.1倍,0.86倍,1.58%
20260716,514,住友大阪,5232,東P,,"5,653",-18,-0.32%,"1,412",17.9倍,0.92倍,2.12%
20260716,515,三菱倉,9301,東P,,"1,574.0",-24.5,-1.53%,"1,392",23.3倍,1.41倍,2.80%
20260716,516,三機工,1961,東P,,"2,595",-33,-1.26%,"1,389",15.7倍,3.27倍,2.50%
20260716,517,インフォＭＴ,2492,東P,,478,-1,-0.21%,"1,387",41.1倍,4.32倍,1.38%
20260716,518,ＦＩＧ,4392,東P,,"1,115",+7,+0.63%,"1,384",55.7倍,4.32倍,0.90%
20260716,519,電通総研,4812,東P,,"2,700",+1,+0.04%,"1,367",29.3倍,5.22倍,1.67%
20260716,520,エンプラス,6961,東P,,"12,630",-400,-3.07%,"1,363",22.8倍,1.83倍,0.71%
20260716,521,コメダ,3543,東P,,"2,825",-50,-1.74%,"1,361",18.6倍,2.56倍,2.19%
20260716,522,ユナイテッド,8960,東Ｒ,,"160,600","-3,100",-1.89%,"1,355",ー倍,1.34倍,5.78%
20260716,523,日鉄鉱,1515,東P,,"2,679",-38,-1.40%,"1,352",17.3倍,1.32倍,2.31%
20260716,524,大和工,5444,東P,,"12,955",+95,+0.74%,"1,351",16.5倍,1.43倍,3.09%
20260716,525,九州ＦＧ,7180,東P,,"1,539.5",-31.5,-2.01%,"1,343",14.5倍,0.86倍,2.47%
20260716,526,クラフティア,1959,東P,,"8,865",-80,-0.89%,"1,343",15.5倍,1.80倍,2.48%
20260716,527,豊和工,6203,東S,,"1,457",-193,-11.70%,"1,336",16.3倍,0.84倍,1.37%
20260716,528,日機装,6376,東P,,"3,860",-35,-0.90%,"1,334",19.4倍,1.54倍,1.30%
20260716,529,千代建,6366,東S,,671,-31,-4.42%,"1,328",25.1倍,5.22倍,ー%
20260716,530,東洋電,6505,東S,,"2,369",+353,+17.51%,"1,310",8.22倍,0.70倍,4.90%
20260716,531,三浦工,6005,東P,,"3,240.0",+6.0,+0.19%,"1,310",13.2倍,1.54倍,2.28%
20260716,532,ＡＬＳＯＫ,2331,東P,,"1,128.0",+14.0,+1.26%,"1,308",14.7倍,1.43倍,2.93%
20260716,533,豊田合,7282,東P,,"5,014",-48,-0.95%,"1,308",10.3倍,1.03倍,3.49%
20260716,534,岩谷産,8088,東P,,"1,965.5",-54.5,-2.70%,"1,306",9.94倍,1.04倍,2.39%
20260716,535,上組,9364,東P,,"5,107",-54,-1.05%,"1,301",18.4倍,1.27倍,4.01%
20260716,536,Ｆスターズ,3687,東P,,"2,290",-42,-1.80%,"1,298",37.9倍,8.46倍,0.83%
20260716,537,上場半導体株,213A,東Ｅ,,462.1,-39.1,-7.80%,"1,294",ー倍,ー倍,ー%
20260716,538,パーソルＨＤ,2181,東P,,262.3,+2.7,+1.04%,"1,294",13.2倍,2.67倍,4.96%
20260716,539,ＧＸ半導１０,282A,東Ｅ,,"2,725",-194,-6.65%,"1,292",ー倍,ー倍,ー%
20260716,540,名鉄,9048,東P,,"1,917.5",+13.0,+0.68%,"1,290",9.64倍,0.78倍,3.13%
20260716,541,エクセディ,7278,東P,,"5,930",-40,-0.67%,"1,288",15.3倍,1.11倍,5.90%
20260716,542,ホテルリート,8985,東Ｒ,,"78,100","-1,300",-1.64%,"1,282",16.5倍,1.57倍,6.63%
20260716,543,ＬｉＮＫＸ,584A,東G,,"3,125",-95,-2.95%,"1,278",93.0倍,13.9倍,ー%
20260716,544,三和ＨＤ,5929,東P,,"3,721",+13,+0.35%,"1,278",13.0倍,2.23倍,3.92%
20260716,545,関西ペ,4613,東P,,"2,655.5",-23.5,-0.88%,"1,275",17.3倍,1.56倍,4.14%
20260716,546,シンフォニア,6507,東P,,"14,380",-530,-3.55%,"1,271",27.1倍,4.10倍,1.12%
20260716,547,ヤマトＨＤ,9064,東P,,"1,968.0",-2.5,-0.13%,"1,270",39.0倍,1.09倍,2.34%
20260716,548,ＲＳテクノ,3445,東P,,"7,160",-590,-7.61%,"1,266",19.0倍,2.25倍,0.77%
20260716,549,戸田建,1860,東P,,"1,512.5",-3.0,-0.20%,"1,264",12.8倍,1.15倍,3.97%
20260716,550,トムソン,6480,東P,,"1,923",-81,-4.04%,"1,257",19.7倍,1.61倍,1.66%
20260716,551,西日本ＦＨ,7189,東P,,"4,346",-73,-1.65%,"1,250",12.6倍,0.98倍,3.22%
20260716,552,メディパル,7459,東P,,"2,803.0",+24.0,+0.86%,"1,250",13.3倍,0.88倍,3.14%
20260716,553,兼松,8020,東P,,"2,125.0",-1.5,-0.07%,"1,248",10.1倍,1.70倍,3.29%
20260716,554,アルフレッサ,2784,東P,,"2,300.5",+14.0,+0.61%,"1,247",19.4倍,0.80倍,3.09%
20260716,555,シンプレクス,4373,東P,,"1,065",+33,+3.20%,"1,240",19.2倍,4.63倍,2.25%
20260716,556,日テレＨＤ,9404,東P,,"2,876.0",+7.5,+0.26%,"1,237",13.6倍,0.71倍,1.56%
20260716,557,日本紙,3863,東P,,"1,455",+52,+3.71%,"1,237",16.8倍,0.33倍,1.03%
20260716,558,ＰＩＬＬＡＲ,6490,東P,,"10,100",-260,-2.51%,"1,234",21.6倍,2.91倍,1.86%
20260716,559,パルＨＤ,2726,東P,,"1,423",-20,-1.39%,"1,234",13.0倍,3.01倍,2.81%
20260716,560,野村マスター,3462,東Ｒ,,"152,900",-800,-0.52%,"1,224",ー倍,1.18倍,4.83%
20260716,561,大気社,1979,東P,,"4,595",-95,-2.03%,"1,224",16.1倍,1.80倍,2.59%
20260716,562,Ｌドリンク,2585,東P,,"1,437",-58,-3.88%,"1,224",17.8倍,4.53倍,1.04%
20260716,563,プリモＧＨＤ,367A,東S,,"2,779",-151,-5.15%,"1,223",11.2倍,1.20倍,4.32%
20260716,564,オープンＨ,3288,東P,,"8,549",-35,-0.41%,"1,214",8.04倍,1.62倍,2.34%
20260716,565,コーテクＨＤ,3635,東P,,"1,543.0",-9.0,-0.58%,"1,214",16.6倍,1.90倍,3.11%
20260716,566,日清粉Ｇ,2002,東P,,"2,028.5",+1.5,+0.07%,"1,213",13.8倍,1.09倍,3.20%
20260716,567,グリコ,2206,東P,,"5,124",-44,-0.85%,"1,209",31.4倍,1.14倍,1.85%
20260716,568,帝人,3401,東P,,"1,732.5",+10.5,+0.61%,"1,208",7.43倍,0.92倍,2.89%
20260716,569,池田泉州ＨＤ,8714,東P,,"1,046",-5,-0.48%,"1,203",15.3倍,1.16倍,2.63%
20260716,570,松井,8628,東P,,"1,095",+10,+0.92%,"1,200",ー倍,3.44倍,ー%
20260716,571,中国電,9504,東P,,931.0,-1.0,-0.11%,"1,198",10.8倍,0.43倍,3.22%
20260716,572,ＡＤＥＫＡ,4401,東P,,"4,170",-101,-2.36%,"1,184",14.0倍,1.29倍,2.88%
20260716,573,参天薬,4536,東P,,"2,093.0",-8.0,-0.38%,"1,183",16.8倍,2.27倍,2.01%
20260716,574,日油,4403,東P,,"2,741.5",-22.0,-0.80%,"1,172",15.8倍,2.09倍,2.55%
20260716,575,東京衡機,7719,東S,,513,-10,-1.91%,"1,161",15.7倍,2.08倍,ー%
20260716,576,東京センチュ,8439,東P,,"2,654.0",+1.0,+0.04%,"1,159",10.6倍,1.16倍,3.39%
20260716,577,テイツー,7610,東S,,151,+3,+2.03%,"1,155",11.7倍,1.37倍,2.65%
20260716,578,明電舎,6508,東P,,"8,790",-270,-2.98%,"1,150",18.1倍,2.28倍,ー%
20260716,579,ツムラ,4540,東P,,"3,861",+6,+0.16%,"1,146",11.0倍,0.89倍,4.09%
20260716,580,ＳＡＮＫＹＯ,6417,東P,,"1,660.5",+8.5,+0.51%,"1,144",8.20倍,1.32倍,4.82%
20260716,581,ＮＴＮ,6472,東P,,390.0,+3.7,+0.96%,"1,136",15.5倍,0.78倍,3.33%
20260716,582,センコーＨＤ,9069,東P,,"2,121.0",-11.0,-0.52%,"1,126",15.2倍,1.56倍,2.64%
20260716,583,産業ファンド,3249,東Ｒ,,"143,800","-1,400",-0.96%,"1,126",ー倍,1.47倍,5.56%
20260716,584,マブチ,6592,東P,,"1,616.5",-3.5,-0.22%,"1,122",18.1倍,1.15倍,3.46%
20260716,585,オリックスＦ,8954,東Ｒ,,"99,000",-900,-0.90%,"1,119",ー倍,1.55倍,4.95%
20260716,586,コーセーＨＤ,4922,東P,,"5,382",-37,-0.68%,"1,114",25.2倍,1.09倍,2.79%
20260716,587,全国保証,7164,東P,,"3,074.0",-24.0,-0.77%,"1,111",12.5倍,1.67倍,4.00%
20260716,588,サムコ,6387,東P,,"11,380","-1,070",-8.59%,"1,101",47.6倍,6.24倍,0.66%
20260716,589,アドバンスＲ,3269,東Ｒ,,"150,100","-1,000",-0.66%,"1,097",ー倍,1.74倍,4.21%
20260716,590,エクサＷｉｚ,4259,東G,,828,-17,-2.01%,"1,096",ー倍,17.4倍,0.60%
20260716,591,エニーカラー,5032,東P,,"2,457",-1,-0.04%,"1,095",11.3倍,5.46倍,2.52%
20260716,592,一工薬,4461,東P,,"10,790",-770,-6.66%,"1,088",17.1倍,2.20倍,1.39%
20260716,593,ＵＮＥＸＴ,9418,東P,,"1,686",-26,-1.52%,"1,087",16.4倍,2.84倍,1.01%
20260716,594,堺化学,4078,東P,,"4,055",-235,-5.48%,"1,084",14.1倍,0.80倍,3.95%
20260716,595,エスエムエス,2175,東P,,"2,516",-20,-0.79%,"1,081",33.5倍,7.79倍,1.21%
20260716,596,長谷工,1808,東P,,"2,809.0",-0.5,-0.02%,"1,078",11.3倍,1.32倍,3.56%
20260716,597,キユーピー,2809,東P,,"4,525",+15,+0.33%,"1,076",24.1倍,1.89倍,1.44%
20260716,598,フリー,4478,東G,,"2,480",+74,+3.08%,"1,075",ー倍,7.27倍,ー%
20260716,599,レンゴー,3941,東P,,"1,448.5",+13.0,+0.91%,"1,073",11.4倍,0.72倍,3.45%
20260716,600,東光高岳,6617,東P,,"8,050",-240,-2.90%,"1,071",12.7倍,1.87倍,1.66%
20260716,601,日本アビオ,6946,東S,,"4,875",-155,-3.08%,"1,070",17.2倍,4.48倍,0.31%
20260716,602,ビジョナル,4194,東P,,"8,387",+143,+1.73%,"1,069",21.1倍,4.16倍,ー%
20260716,603,トライアル,141A,東G,,"3,030",+25,+0.83%,"1,069",744倍,2.84倍,0.53%
20260716,604,カシオ,6952,東P,,"1,816.5",-16.5,-0.90%,"1,066",21.7倍,1.71倍,ー%
20260716,605,伊藤園,2593,東P,,"3,018.0",+14.0,+0.47%,"1,061",31.6倍,1.98倍,1.72%
20260716,606,プロロジスＲ,3283,東Ｒ,,"88,500",-700,-0.78%,"1,060",ー倍,1.50倍,4.38%
20260716,607,サンケン,6707,東P,,"9,476",-719,-7.05%,"1,042",189倍,1.58倍,ー%
20260716,608,ノート,5243,東G,,"2,195",+51,+2.38%,"1,037",35.4倍,5.55倍,ー%
20260716,609,ジャパンエン,6016,東S,,"8,690",-180,-2.03%,"1,033",14.5倍,3.96倍,1.15%
20260716,610,日触媒,4114,東P,,"2,100.0",-9.0,-0.43%,"1,026",ー倍,0.78倍,ー%
20260716,611,大有機,4187,東P,,"5,210",-210,-3.87%,"1,023",20.4倍,1.95倍,1.65%
20260716,612,ウシオ電,6925,東P,,"4,076",-159,-3.75%,"1,023",30.8倍,1.63倍,1.72%
20260716,613,フジミインコ,5384,東P,,"4,105",-255,-5.85%,"1,018",29.3倍,3.63倍,1.88%
20260716,614,ブシロード,7803,東G,,415,+2,+0.48%,"1,018",12.2倍,2.05倍,0.60%
20260716,615,大垣共立,8361,東P,,"7,960",-90,-1.12%,"1,015",15.9倍,0.90倍,1.88%
20260716,616,ダイワボウ,3107,東P,,"3,440.0",-14.0,-0.41%,"1,013",11.7倍,1.75倍,3.20%
20260716,617,ビックカメラ,3048,東P,,"1,648.5",+16.0,+0.98%,"1,000",15.3倍,1.55倍,2.61%
20260716,618,パークシャ,3993,東P,,"2,968",+19,+0.64%,995,32.2倍,2.57倍,ー%
20260716,619,四国化ＨＤ,4099,東P,,"2,782",-218,-7.27%,994,24.1倍,2.49倍,1.08%
20260716,620,ＩＧポート,3791,東S,,"1,026",-299,-22.57%,991,66.7倍,2.08倍,1.27%
20260716,621,内田洋,8057,東P,,"2,059",-91,-4.23%,991,8.83倍,1.24倍,3.50%
20260716,622,ＧＥＮＤＡ,9166,東G,,594,-11,-1.82%,991,ー倍,1.65倍,1.35%
20260716,623,東映アニメ,4816,東S,,"2,777",+98,+3.66%,984,31.4倍,3.32倍,1.58%
20260716,624,オーバラップ,414A,東G,,801,-128,-13.78%,980,10.2倍,1.88倍,5.49%
20260716,625,ＤｙＤｏ,2590,東P,,"2,901",+4,+0.14%,980,18.4倍,1.40倍,1.03%
20260716,626,ギフトＨＤ,9279,東P,,"4,970",+370,+8.04%,979,34.6倍,8.26倍,0.52%
20260716,627,ＧＸＮデカバ,563A,東Ｅ,,"1,093",-7,-0.64%,971,ー倍,ー倍,ー%
20260716,628,メガチップス,6875,東P,,"9,990",-140,-1.38%,970,4.24倍,0.76倍,2.60%
20260716,629,カナデビア,7004,東P,,"1,219",-9,-0.73%,969,9.77倍,1.04倍,3.12%
20260716,630,ＪＶＣケンウ,6632,東P,,"1,134.5",-8.5,-0.74%,966,10.7倍,1.11倍,1.76%
20260716,631,日本駐車場,2353,東P,,263,+1,+0.38%,958,14.4倍,4.20倍,3.42%
20260716,632,Ｊトラスト,8508,東S,,857,-36,-4.03%,956,14.0倍,0.71倍,1.98%
20260716,633,ｉＦＦＡＮＧ,316A,東Ｅ,,"2,677",+23,+0.87%,952,ー倍,ー倍,ー%
20260716,634,コロワイド,7616,東P,,"1,966.0",-12.5,-0.63%,952,99.1倍,3.04倍,0.25%
20260716,635,農中日経平均,2525,東Ｅ,,"67,800","-1,750",-2.52%,951,ー倍,ー倍,ー%
20260716,636,エレメンツ,5246,東G,,712,-8,-1.11%,948,77.6倍,5.51倍,ー%
20260716,637,ＷＴＩ原油,1671,東Ｅ,,"4,960",+9,+0.18%,937,ー倍,ー倍,ー%
20260716,638,ｉＦＴＰ年１,1305,東Ｅ,,"4,241",-56,-1.30%,935,ー倍,ー倍,ー%
20260716,639,寿スピリッツ,2222,東P,,"2,630.0",+30.0,+1.15%,935,29.4倍,8.47倍,1.33%
20260716,640,ＭＸ全世界株,2559,東Ｅ,,"3,000",-2,-0.07%,929,ー倍,ー倍,ー%
20260716,641,サンコール,5985,東S,,"1,390",-71,-4.86%,929,10.0倍,1.23倍,2.16%
20260716,642,ニッコンＨＤ,9072,東P,,"5,425",-15,-0.28%,925,28.5倍,2.68倍,2.06%
20260716,643,野村ナスＨ無,1545,東Ｅ,,242.0,-2.8,-1.14%,925,ー倍,ー倍,ー%
20260716,644,ＪＤＳＣ,4418,東G,,940,-18,-1.88%,918,28.6倍,2.42倍,ー%
20260716,645,オンコリス,4588,東G,,"2,501",-119,-4.54%,918,ー倍,20.4倍,ー%
20260716,646,オキサイド,6521,東G,,"3,645",-305,-7.72%,916,70.8倍,8.84倍,ー%
20260716,647,Ｏｎｅ２２５,1369,東Ｅ,,"67,110","-1,970",-2.85%,916,ー倍,ー倍,ー%
20260716,648,ＭＸ日半導体,221A,東Ｅ,,"1,303.0",-110.5,-7.82%,915,ー倍,ー倍,ー%
20260716,649,飯田ＧＨＤ,3291,東P,,"2,241.0",+4.0,+0.18%,914,9.45倍,0.61倍,4.11%
20260716,650,レノバ,9519,東P,,"1,033",-2,-0.19%,910,27.5倍,0.76倍,ー%
20260716,651,ＰＡコンサル,4071,東P,,"2,477",+37,+1.52%,909,20.2倍,6.53倍,2.02%
20260716,652,ＳＢＳＨＤ,2384,東P,,"4,535",+235,+5.47%,909,13.3倍,1.77倍,2.32%
20260716,653,福山運,9075,東P,,"6,090",+120,+2.01%,907,12.6倍,0.76倍,1.64%
20260716,654,いちご,2337,東P,,414,-30,-6.76%,906,9.01倍,1.50倍,3.74%
20260716,655,積水ハウスＲ,3309,東Ｒ,,"76,900",-300,-0.39%,904,ー倍,1.14倍,4.96%
20260716,656,日化薬,4272,東P,,"1,960.0",-24.0,-1.21%,903,12.9倍,1.03倍,3.37%
20260716,657,ＭＩＸＩ,2121,東P,,"2,958",+20,+0.68%,902,14.3倍,1.06倍,4.23%
20260716,658,秋田銀,8343,東P,,"7,290",-10,-0.14%,902,15.3倍,0.73倍,2.74%
20260716,659,山九,9065,東P,,"8,651",-79,-0.90%,902,13.1倍,1.43倍,3.05%
20260716,660,上場ＮＱヘ無,2568,東Ｅ,,"8,207",-90,-1.08%,900,ー倍,ー倍,ー%
20260716,661,京葉銀,8544,東P,,"2,681",-23,-0.85%,899,16.7倍,0.98倍,2.46%
20260716,662,トリドール,3397,東P,,"4,096",+29,+0.71%,898,51.5倍,3.90倍,0.29%
20260716,663,メイテックＧ,9744,東P,,"3,224.0",+6.0,+0.19%,898,17.9倍,5.10倍,5.61%
20260716,664,ＪＭＤＣ,4483,東P,,"3,215",+45,+1.42%,892,29.6倍,2.51倍,ー%
20260716,665,フィナＨＤ,4419,東G,,"1,697",+18,+1.07%,892,37.9倍,8.37倍,ー%
20260716,666,山陰合銀,8381,東P,,"2,471",-38,-1.51%,892,14.5倍,1.15倍,2.75%
20260716,667,ケーズＨＤ,8282,東P,,"1,775.0",-6.0,-0.34%,886,13.7倍,1.10倍,2.70%
20260716,668,ヨコオ,6800,東P,,"4,855",-175,-3.48%,875,25.2倍,1.88倍,1.32%
20260716,669,ＪＭＡＣＳ,5817,東S,,"1,051",+46,+4.58%,872,23.8倍,1.03倍,1.43%
20260716,670,リベルタ,4935,東S,,290,-41,-12.39%,870,70.9倍,7.01倍,0.69%
20260716,671,十六ＦＧ,7380,東P,,"2,483",-35,-1.39%,869,15.7倍,0.94倍,2.01%
20260716,672,アインＨＤ,9627,東P,,"5,758",+113,+2.00%,865,13.5倍,1.27倍,1.74%
20260716,673,楽天Ｗベア,1459,東Ｅ,,112,+6,+5.66%,865,ー倍,ー倍,ー%
20260716,674,ペプドリ,4587,東P,,979.0,-20.3,-2.03%,863,41.9倍,2.53倍,ー%
20260716,675,洋缶ＨＤ,5901,東P,,"4,055",+28,+0.70%,862,20.4倍,0.88倍,4.59%
20260716,676,日本国土開発,1887,東P,,509,-28,-5.21%,861,10.2倍,0.57倍,4.91%
20260716,677,四国電,9507,東P,,"1,497.0",-4.5,-0.30%,859,10.2倍,0.64倍,3.67%
20260716,678,ＡＲＣＨＩＯ,543A,東P,,295,-6,-1.99%,857,10.9倍,1.66倍,2.71%
20260716,679,リンナイ,5947,東P,,"3,618.0",+26.0,+0.72%,855,13.8倍,1.14倍,2.93%
20260716,680,不二越,6474,東P,,"6,410",-80,-1.23%,853,18.6倍,0.79倍,1.72%
20260716,681,小林製薬,4967,東P,,"5,519",-7,-0.13%,851,41.0倍,1.97倍,1.92%
20260716,682,百十四,8386,東P,,"2,743",-4,-0.15%,848,14.8倍,0.81倍,2.55%
20260716,683,阿波銀,8388,東P,,"8,020",+30,+0.38%,846,17.7倍,0.78倍,2.37%
20260716,684,ＵＴ,2146,東P,,180,-2,-1.10%,844,16.7倍,4.05倍,5.68%
20260716,685,三光合成,7888,東P,,921,-3,-0.32%,842,6.24倍,0.81倍,3.47%
20260716,686,レナ,4889,東G,,"1,522",-35,-2.25%,835,ー倍,6.33倍,ー%
20260716,687,広済堂ＨＤ,7868,東P,,521,-21,-3.87%,835,16.7倍,1.56倍,2.56%
20260716,688,中国塗,4617,東P,,"3,630",-60,-1.63%,833,16.4倍,1.89倍,2.75%
20260716,689,ＡＣＳＬ,6232,東G,,"1,756",-49,-2.71%,829,ー倍,12.3倍,ー%
20260716,690,オプトラン,6235,東P,,"3,360",-220,-6.15%,829,23.9倍,1.67倍,1.67%
20260716,691,ＮＯＫ,7240,東P,,"2,978.0",-25.0,-0.83%,825,10.2倍,0.76倍,4.70%
20260716,692,イーレックス,9517,東P,,900,+76,+9.22%,823,13.0倍,1.00倍,2.44%
20260716,693,古河機金,5715,東P,,"3,650",-115,-3.05%,820,23.2倍,0.80倍,2.19%
20260716,694,南都銀,8367,東P,,"1,901",+5,+0.26%,817,13.6倍,0.99倍,2.95%
20260716,695,Ｊプライム,8955,東Ｒ,,"95,100","-1,000",-1.04%,812,ー倍,1.35倍,4.50%
20260716,696,平田機工,6258,東P,,"3,100",-10,-0.32%,810,14.6倍,1.24倍,2.42%
20260716,697,ニプロ,8086,東P,,"1,580.0",-14.0,-0.88%,808,17.2倍,0.94倍,2.03%
20260716,698,熊谷組,1861,東P,,"1,477",-13,-0.87%,808,12.3倍,1.34倍,3.39%
20260716,699,スズケン,9987,東P,,"5,110",-47,-0.91%,805,13.8倍,0.83倍,2.35%
20260716,700,エアウォータ,4088,東P,,"2,530",-44,-1.71%,799,ー倍,1.30倍,2.96%
20260716,701,サイボウズ,4776,東P,,"2,610",+47,+1.83%,799,15.9倍,6.74倍,1.92%
20260716,702,大阪チタ,5726,東P,,"2,710",-72,-2.59%,794,55.4倍,2.25倍,0.48%
20260716,703,大同メ,7245,東P,,"1,335",-14,-1.04%,790,12.4倍,0.75倍,2.70%
20260716,704,名古屋銀,8522,東P,,"6,670",-110,-1.62%,788,14.3倍,1.05倍,3.00%
20260716,705,おきなわＦＧ,7350,東P,,"7,310",+10,+0.14%,788,13.0倍,0.96倍,2.74%
20260716,706,ＴＫＰ,3479,東G,,"1,826",+6,+0.33%,786,17.1倍,1.34倍,ー%
20260716,707,サイエンスＡ,4412,東G,,"1,350",+37,+2.82%,781,58.3倍,7.11倍,0.07%
20260716,708,ノリタケ,5331,東P,,"3,435",-75,-2.14%,781,13.0倍,1.13倍,2.91%
20260716,709,Ｈ２Ｏリテイ,8242,東P,,"2,845.0",+22.0,+0.78%,781,14.0倍,1.04倍,1.69%
20260716,710,丸一管,5463,東P,,"1,840.0",+3.0,+0.16%,777,15.8倍,1.17倍,2.83%
20260716,711,エクシオＧ,1951,東P,,"2,623.0",-44.0,-1.65%,774,15.0倍,1.56倍,3.05%
20260716,712,地盤ＨＤ,6072,東S,,980,-30,-2.97%,772,ー倍,15.3倍,ー%
20260716,713,アーキテクツ,6085,東G,,167,-35,-17.33%,767,506倍,-48倍,ー%
20260716,714,日経ベア,1580,東Ｅ,,785.5,+20.5,+2.68%,759,ー倍,ー倍,ー%
20260716,715,丹青社,9743,東P,,"1,410",0,0.00%,758,11.7倍,1.77倍,5.67%
20260716,716,ＡＤプラズマ,6668,東S,,"3,825",-25,-0.65%,755,17.7倍,2.23倍,0.78%
20260716,717,日本光電,6849,東P,,"1,553.0",+4.5,+0.29%,755,16.6倍,1.38倍,2.12%
20260716,718,Ｄガレージ,4819,東P,,"2,297",-29,-1.25%,753,ー倍,1.40倍,ー%
20260716,719,三井不アコモ,3226,東Ｒ,,"121,700","-1,500",-1.22%,752,ー倍,2.00倍,3.94%
20260716,720,リログループ,8876,東P,,"2,007.5",-21.0,-1.04%,749,13.5倍,3.60倍,3.74%
20260716,721,ニッタ,5186,東P,,"6,740",-20,-0.30%,747,15.0倍,1.12倍,2.52%
20260716,722,ショーボンド,1414,東P,,"1,271.5",+0.5,+0.04%,747,16.7倍,2.45倍,3.58%
20260716,723,ミライニＨＤ,546A,東P,,"2,143",-90,-4.03%,745,5.00倍,ー倍,4.48%
20260716,724,ネイス,589A,東G,,"1,291",-151,-10.47%,739,12.0倍,7.68倍,ー%
20260716,725,湖北工業,6524,東S,,"4,585",-195,-4.08%,739,33.6倍,5.01倍,0.87%
20260716,726,オープンＧ,6572,東P,,259,+39,+17.73%,738,22.3倍,1.36倍,2.51%
20260716,727,ラサールロジ,3466,東Ｒ,,"148,600",-800,-0.54%,735,ー倍,1.21倍,5.44%
20260716,728,ＳＡＡＦＨＤ,1447,東G,,410,+6,+1.49%,731,22.7倍,4.09倍,1.17%
20260716,729,東邦銀,8346,東P,,850,-13,-1.51%,729,16.3倍,0.98倍,2.47%
20260716,730,Ａｐｐｉｅｒ,4180,東P,,922,+6,+0.66%,726,27.2倍,2.50倍,0.25%
20260716,731,荒川化,4968,東P,,"2,410",+10,+0.42%,725,21.3倍,0.77倍,2.28%
20260716,732,タマホーム,1419,東P,,"2,973",-8,-0.27%,722,21.6倍,2.90倍,4.37%
20260716,733,アイカ,4206,東P,,"3,691",-35,-0.94%,719,12.6倍,1.23倍,3.79%
20260716,734,アマノ,6436,東P,,"3,785",+8,+0.21%,717,14.9倍,1.89倍,4.76%
20260716,735,ネクセラ,4565,東P,,937,-6,-0.64%,716,ー倍,1.36倍,ー%
20260716,736,クレオス,8101,東P,,"2,580",+155,+6.39%,712,12.1倍,0.97倍,4.11%
20260716,737,伊勢化,4107,東S,,"3,635",-130,-3.45%,711,34.3倍,4.58倍,1.10%
20260716,738,メドレックス,4586,東G,,65,-14,-17.72%,710,ー倍,2.17倍,ー%
20260716,739,いちよし,8624,東P,,"1,563",-67,-4.11%,709,ー倍,1.62倍,ー%
20260716,740,富山第一銀,7184,東P,,"2,896",-8,-0.28%,705,13.6倍,0.89倍,2.59%
20260716,741,エディオン,2730,東P,,"2,373",+28,+1.19%,703,16.0倍,1.07倍,2.11%
20260716,742,日経インバ,1571,東Ｅ,,296,+8,+2.78%,702,ー倍,ー倍,ー%
20260716,743,ＫＬａｂ,3656,東P,,206,-6,-2.83%,702,ー倍,1.67倍,ー%
20260716,744,東洋紡,3101,東P,,"1,737",-38,-2.14%,701,ー倍,0.72倍,ー%
20260716,745,宝ＨＬＤ,2531,東P,,"2,163.0",-18.5,-0.85%,699,34.8倍,1.60倍,1.43%
20260716,746,Ｊエレベータ,6544,東P,,"1,741.0",-19.0,-1.08%,699,38.0倍,12.7倍,ー%
20260716,747,サワイＧＨＤ,4887,東P,,"1,677.5",-16.0,-0.94%,698,10.4倍,1.08倍,3.34%
20260716,748,ＥＤＰ,7794,東G,,952,-71,-6.94%,697,ー倍,8.88倍,ー%
20260716,749,京阪ＨＤ,9045,東P,,"3,225.0",-1.0,-0.03%,694,11.2倍,0.95倍,2.67%
20260716,750,コクヨ,7984,東P,,855.8,+5.1,+0.60%,692,17.8倍,1.40倍,2.86%
20260716,751,ＮＳＳＯＬ,2327,東P,,"3,816",+36,+0.95%,688,22.1倍,2.50倍,2.28%
20260716,752,ヨコレイ,2874,東P,,"2,169",-121,-5.28%,688,26.7倍,1.49倍,1.24%
20260716,753,日本新薬,4516,東P,,"3,990",-23,-0.57%,686,8.88倍,0.92倍,3.11%
20260716,754,ａｒｔｉｅｎ,4634,東P,,"4,500",-40,-0.88%,682,10.1倍,0.80倍,2.67%
20260716,755,トーメンデバ,2737,東P,,"16,090",-410,-2.48%,681,9.95倍,1.85倍,3.73%
20260716,756,北陸電,9505,東P,,912.9,+2.5,+0.27%,679,7.63倍,0.42倍,2.74%
20260716,757,グローリー,6457,東P,,"4,215",+2,+0.05%,679,11.2倍,1.03倍,3.65%
20260716,758,不二製油,2607,東P,,"3,943",-56,-1.40%,673,17.4倍,1.41倍,1.57%
20260716,759,ハウスリート,8984,東Ｒ,,"121,800",-800,-0.65%,671,ー倍,1.12倍,4.79%
20260716,760,Ｕｍｉｏｓ,1333,東P,,"1,323.5",+6.5,+0.49%,670,13.3倍,0.81倍,3.40%
20260716,761,博報堂ＤＹ,2433,東P,,"1,228.5",+6.5,+0.53%,667,17.0倍,1.13倍,2.60%
20260716,762,カルビー,2229,東P,,"2,960.0",-16.5,-0.55%,665,20.7倍,1.71倍,2.33%
20260716,763,パソナＧ,2168,東P,,"1,548",0,0.00%,663,ー倍,0.46倍,4.84%
20260716,764,キヤノンＭＪ,8060,東P,,"3,516.0",-16.0,-0.45%,661,17.2倍,1.83倍,2.56%
20260716,765,雪印メグ,2270,東P,,"3,665",-20,-0.54%,658,8.99倍,0.93倍,2.73%
20260716,766,大黒屋,6993,東S,,82,-5,-5.75%,658,97.6倍,11.3倍,ー%
20260716,767,前沢ＨＤ,575A,東P,,"1,789",0,0.00%,656,3.56倍,ー倍,3.52%
20260716,768,ｉＦ日経年４,2624,東Ｅ,,"6,769",-148,-2.14%,653,ー倍,ー倍,ー%
20260716,769,セイワＨＤ,523A,東G,,"1,605",+36,+2.29%,651,ー倍,4.89倍,ー%
20260716,770,邦ガス,9533,東P,,"1,200.5",-2.0,-0.17%,651,18.7倍,0.90倍,1.87%
20260716,771,高度紙,3891,東S,,"7,560",-360,-4.55%,648,24.9倍,3.04倍,1.46%
20260716,772,タムロン,7740,東P,,"1,125",-18,-1.57%,646,13.3倍,2.14倍,4.53%
20260716,773,化工機,6331,東P,,"3,345",-120,-3.46%,646,11.1倍,1.70倍,3.59%
20260716,774,守谷輸送機,6226,東S,,"2,627",-7,-0.27%,646,21.0倍,6.23倍,1.45%
20260716,775,東京製鉄,5423,東P,,"1,770",+3,+0.17%,646,ー倍,0.81倍,2.26%
20260716,776,エクストリム,6033,東G,,"1,648",+238,+16.88%,645,9.59倍,1.28倍,4.13%
20260716,777,ＣＣＩＧ,7381,東P,,"1,145",+22,+1.96%,645,14.9倍,1.04倍,2.62%
20260716,778,岩手銀,8345,東P,,"2,195",+2,+0.09%,644,15.2倍,0.78倍,2.64%
20260716,779,ジャフコＧ,8595,東P,,"2,311.0",-26.5,-1.13%,644,ー倍,0.91倍,5.76%
20260716,780,ＦＦＲＩ,3692,東G,,"5,520",-130,-2.30%,643,38.5倍,11.6倍,0.33%
20260716,781,ジェイドＧ,3558,東G,,"1,677",+56,+3.45%,636,ー倍,2.23倍,ー%
20260716,782,ミズノ,8022,東P,,"3,675",+80,+2.23%,634,14.7倍,1.61倍,1.80%
20260716,783,ＫＯＡ,6999,東P,,"2,415",-85,-3.40%,632,18.8倍,1.01倍,1.61%
20260716,784,航空電子,6807,東P,,"2,445",+26,+1.07%,629,27.5倍,1.14倍,2.04%
20260716,785,ハウス食Ｇ,2810,東P,,"3,873",-17,-0.44%,629,20.4倍,1.19倍,2.58%
20260716,786,コスピブル,2033,東EN,,"81,020","-11,530",-12.46%,629,ー倍,ー倍,ー%
20260716,787,西松建,1820,東P,,"5,269",-66,-1.24%,627,10.2倍,1.07倍,4.74%
20260716,788,上場東証指数,1308,東Ｅ,,"4,148",-54,-1.29%,626,ー倍,ー倍,ー%
20260716,789,ミライトワン,1417,東P,,"3,700",-60,-1.60%,624,12.8倍,1.16倍,2.57%
20260716,790,みずほリース,8425,東P,,"1,305",-4,-0.31%,623,7.03倍,0.85倍,3.98%
20260716,791,クリエイトＳ,3148,東P,,"3,355",-55,-1.61%,623,12.8倍,1.40倍,2.86%
20260716,792,日軽金ＨＤ,5703,東P,,"2,734",-16,-0.58%,621,10.2倍,0.68倍,3.66%
20260716,793,クスリアオキ,3549,東S,,"3,831",+52,+1.38%,619,19.2倍,2.58倍,1.67%
20260716,794,日本ドライ,1909,東S,,"3,690",0,0.00%,617,ー倍,3.19倍,ー%
20260716,795,サカタタネ,1377,東P,,"4,380",+5,+0.11%,615,18.5倍,1.04倍,2.05%
20260716,796,山梨銀,8360,東P,,"6,730",-30,-0.44%,615,16.5倍,0.89倍,2.42%
20260716,797,武蔵銀,8336,東P,,"2,677",-21,-0.78%,614,13.3倍,0.93倍,3.06%
20260716,798,丸三,8613,東P,,"1,160",-4,-0.34%,611,ー倍,1.50倍,ー%
20260716,799,ＭＸ米株ＳＰ,2558,東Ｅ,,"3,528",+6,+0.17%,611,ー倍,ー倍,ー%
20260716,800,インタライフ,1418,東S,,595,+63,+11.84%,609,11.4倍,1.89倍,5.04%
20260716,801,野村商社卸売,1629,東Ｅ,,252.3,-2.4,-0.94%,607,ー倍,ー倍,ー%
20260716,802,ｍｏｎｏＡＩ,5240,東G,,199,-26,-11.56%,607,ー倍,2.26倍,ー%
20260716,803,ジェイエイシ,2124,東P,,923,+20,+2.21%,605,17.1倍,7.36倍,4.12%
20260716,804,ＡＰＩ,3279,東Ｒ,,"137,400","-1,400",-1.01%,604,ー倍,1.22倍,4.61%
20260716,805,ゴルドウイン,8111,東P,,"2,276.0",+8.0,+0.35%,600,12.2倍,2.41倍,3.08%
20260716,806,岩井コスモ,8707,東P,,"4,370",-55,-1.24%,600,ー倍,1.38倍,ー%
20260716,807,ＨＵグループ,4544,東P,,"3,366.0",-9.0,-0.27%,600,37.0倍,1.35倍,3.71%
20260716,808,日本ロジ,8967,東Ｒ,,"97,800",-400,-0.41%,599,ー倍,1.90倍,4.84%
20260716,809,技術承継機構,319A,東G,,"18,750","-1,910",-9.24%,597,ー倍,16.4倍,ー%
20260716,810,ディップ,2379,東P,,"1,811",-2,-0.11%,596,20.4倍,2.72倍,5.36%
20260716,811,極東証券,8706,東P,,"1,753",-6,-0.34%,591,ー倍,1.05倍,ー%
20260716,812,長瀬産,8012,東P,,"1,177.5",-4.0,-0.34%,590,13.9倍,1.13倍,2.29%
20260716,813,セイノーＨＤ,9076,東P,,"2,699.0",-12.5,-0.46%,589,15.9倍,0.99倍,3.85%
20260716,814,ちゅうぎんＦ,5832,東P,,"3,320.0",-36.0,-1.07%,587,13.1倍,0.95倍,3.07%
20260716,815,オンワード,8016,東P,,738,+3,+0.41%,587,8.98倍,1.07倍,4.47%
20260716,816,ソディック,6143,東P,,"1,881",-67,-3.44%,584,18.4倍,1.02倍,1.86%
20260716,817,デジアーツ,2326,東P,,"4,015",-20,-0.50%,584,14.2倍,2.91倍,2.49%
20260716,818,東洋炭素,5310,東P,,"6,920",-240,-3.35%,582,29.0倍,1.51倍,2.10%
20260716,819,イオンＦＳ,8570,東P,,"1,536.5",-6.0,-0.39%,581,22.1倍,0.71倍,3.45%
20260716,820,日ガス,8174,東P,,"2,885.0",+15.5,+0.54%,579,21.9倍,4.59倍,3.81%
20260716,821,東洋合成,4970,東S,,"15,080",-890,-5.57%,579,37.4倍,4.36倍,0.33%
20260716,822,ＭＸナスダク,2631,東Ｅ,,"34,240",-370,-1.07%,578,ー倍,ー倍,ー%
20260716,823,東海東京,8616,東P,,807,+2,+0.25%,573,ー倍,1.05倍,ー%
20260716,824,ポーラＨＤ,4927,東P,,"1,326.5",-1.0,-0.08%,573,32.6倍,1.86倍,3.92%
20260716,825,ＳＲＥＨＤ,2980,東P,,"2,568",-69,-2.62%,572,14.6倍,2.70倍,0.78%
20260716,826,森ヒルズＲ,3234,東Ｒ,,"130,500","-1,300",-0.99%,571,ー倍,1.21倍,4.75%
20260716,827,日本Ｍ＆Ａ,2127,東P,,673.1,-5.6,-0.83%,570,15.9倍,4.26倍,4.31%
20260716,828,オカムラ,7994,東P,,"2,280",+5,+0.22%,567,10.2倍,1.06倍,4.61%
20260716,829,三井不ロジ,3471,東Ｒ,,"109,700",-600,-0.54%,566,ー倍,1.09倍,4.56%
20260716,830,クレハ,4023,東P,,"4,230",-40,-0.94%,566,21.6倍,0.98倍,5.11%
20260716,831,円谷フィＨＤ,2767,東P,,"1,478",+41,+2.85%,565,6.82倍,1.51倍,4.74%
20260716,832,ＦＰＧ,7148,東P,,"1,569",-10,-0.63%,562,8.47倍,2.20倍,5.91%
20260716,833,シップＨＤ,3360,東P,,"2,317.5",-2.0,-0.09%,560,13.3倍,1.41倍,2.80%
20260716,834,カネカ,4118,東P,,"5,700",-38,-0.66%,557,10.9倍,0.69倍,3.68%
20260716,835,阪和興,8078,東P,,"1,684",-22,-1.29%,556,8.14倍,0.76倍,3.92%
20260716,836,紀陽銀,8370,東P,,"4,685",-85,-1.78%,556,12.1倍,1.22倍,3.33%
20260716,837,愛三工,7283,東P,,"2,375",-33,-1.37%,553,11.4倍,0.96倍,3.37%
20260716,838,東洋証券,8614,東P,,671,-11,-1.61%,551,ー倍,1.49倍,ー%
20260716,839,ニップン,2001,東P,,"2,787",+1,+0.04%,551,10.9倍,0.82倍,2.44%
20260716,840,３ＤＭ,7777,東G,,351,-16,-4.36%,550,28.3倍,6.87倍,ー%
20260716,841,コシダカＨＤ,2157,東P,,"1,056",-14,-1.31%,549,11.8倍,2.24倍,2.65%
20260716,842,大分銀,8392,東P,,"2,636",-11,-0.42%,547,16.3倍,0.81倍,1.90%
20260716,843,ＧＸＵテック,2244,東Ｅ,,"3,674",+1,+0.03%,547,ー倍,ー倍,ー%
20260716,844,コジマ,7513,東P,,"1,320",+2,+0.15%,545,19.3倍,1.39倍,2.12%
20260716,845,物語コーポ,3097,東P,,"5,080",+40,+0.79%,543,26.3倍,4.41倍,0.79%
20260716,846,芙蓉リース,8424,東P,,"4,352",-9,-0.21%,543,8.18倍,0.78倍,3.95%
20260716,847,リゾートトラ,4681,東P,,"1,715.0",-21.5,-1.24%,538,17.3倍,2.27倍,2.10%
20260716,848,西鉄,9031,東P,,"3,082.0",+4.0,+0.13%,537,10.3倍,0.82倍,2.92%
20260716,849,ＪＩＡ,7172,東P,,"2,125",-5,-0.23%,536,10.2倍,1.71倍,5.08%
20260716,850,キッツ,6498,東P,,"2,366",-27,-1.13%,534,16.2倍,1.72倍,2.49%
20260716,851,ヴレインＳ,135A,東G,,"3,810",-230,-5.69%,533,40.2倍,18.9倍,ー%
20260716,852,ＫＨネオケム,4189,東P,,"3,060",+25,+0.82%,531,12.3倍,1.54倍,3.59%
20260716,853,松竹,9601,東P,,"11,310",-60,-0.53%,529,70.7倍,1.47倍,0.27%
20260716,854,伊藤米久ＨＤ,2296,東P,,"4,830",-5,-0.10%,529,14.8倍,0.93倍,3.21%
20260716,855,森永,2201,東P,,"2,658.5",-6.0,-0.23%,529,13.5倍,1.57倍,2.63%
20260716,856,ＣＳＨＤ,3810,東S,,167,-23,-12.11%,529,ー倍,2.59倍,ー%
20260716,857,山岡家,3399,東S,,"3,890",+105,+2.77%,526,20.9倍,7.22倍,0.77%
20260716,858,ガンホー,3765,東P,,"2,350",+16,+0.69%,526,ー倍,1.07倍,ー%
20260716,859,カーブスＨＤ,7085,東P,,958,-4,-0.42%,525,17.8倍,3.60倍,3.13%
20260716,860,ＮＡＮＫＡＩ,9044,東P,,"2,935.0",-16.5,-0.56%,525,13.3倍,0.95倍,1.87%
20260716,861,日清オイリオ,2602,東P,,"1,904",+14,+0.74%,525,14.5倍,0.83倍,3.15%
20260716,862,アンドＳＴ,2685,東P,,"3,525",+25,+0.71%,524,15.5倍,1.95倍,2.55%
20260716,863,ＶＩＸＥＴＦ,318A,東Ｅ,,426.8,-6.4,-1.48%,523,ー倍,ー倍,ー%
20260716,864,ライト,1926,東P,,"3,885",0,0.00%,520,13.5倍,1.77倍,3.76%
20260716,865,渋沢倉,9304,東P,,"2,040",-11,-0.54%,519,17.8倍,1.69倍,3.43%
20260716,866,富士急,9010,東P,,"2,693",+34,+1.28%,518,24.9倍,3.42倍,1.23%
20260716,867,トーカロ,3433,東P,,"3,055",-95,-3.02%,518,17.8倍,2.72倍,2.82%
20260716,868,岡野バ,6492,東S,,"16,480",-360,-2.14%,518,18.9倍,1.99倍,0.49%
20260716,869,ＮＳＤ,9759,東P,,"2,684.5",-5.5,-0.20%,517,15.5倍,2.76倍,3.61%
20260716,870,相鉄ＨＤ,9003,東P,,"2,567.0",-2.5,-0.10%,516,11.2倍,1.21倍,2.73%
20260716,871,ＳＭＤリート,1398,東Ｅ,,"1,876.5",-27.5,-1.44%,515,ー倍,ー倍,ー%
20260716,872,ベル２４ＨＤ,6183,東P,,"1,365",-17,-1.23%,513,11.9倍,1.37倍,4.40%
20260716,873,三井不商業,8964,東Ｒ,,"81,500",-700,-0.85%,513,ー倍,1.26倍,5.40%
20260716,874,レオパレス,8848,東P,,669,+4,+0.60%,511,9.57倍,5.23倍,2.24%
20260716,875,東邦ＨＤ,8129,東P,,"4,022",+14,+0.35%,509,20.2倍,0.96倍,4.48%
20260716,876,ＳＭＤ２２５,1397,東Ｅ,,"67,720","-1,730",-2.49%,506,ー倍,ー倍,ー%
20260716,877,栃木銀,8550,東P,,"1,009",-16,-1.56%,504,11.7倍,0.64倍,2.97%
20260716,878,三十三ＦＧ,7322,東P,,"1,895",0,0.00%,503,13.2倍,0.85倍,2.32%
20260716,879,タムラ,6768,東P,,919,-16,-1.71%,502,16.3倍,1.17倍,1.74%
20260716,880,トモニＨＤ,8600,東P,,954,+2,+0.21%,502,10.3倍,0.62倍,3.14%
20260716,881,ライフコーポ,8194,東P,,"2,437",-20,-0.81%,500,11.1倍,1.34倍,2.87%
20260716,882,ムニノバＨＤ,547A,東P,,441,-6,-1.34%,500,6.68倍,0.89倍,4.54%
20260716,883,ＳＦＯＯＤＳ,2292,東P,,"2,685",-10,-0.37%,500,13.1倍,0.65倍,4.10%
20260716,884,ブックオフＧ,9278,東P,,"2,410",+85,+3.66%,496,15.1倍,2.00倍,1.66%
20260716,885,日曹達,4041,東P,,"3,700",+10,+0.27%,496,12.5倍,0.97倍,4.32%
20260716,886,大阪ソーダ,4046,東P,,"1,820",-7,-0.38%,495,16.2倍,1.72倍,1.54%
20260716,887,山洋電,6516,東P,,"5,780",-150,-2.53%,495,17.1倍,1.61倍,2.94%
20260716,888,ホシデン,6804,東P,,"2,723",-58,-2.09%,493,10.7倍,0.89倍,2.83%
20260716,889,琉球銀,8399,東P,,"2,895",-21,-0.72%,493,11.9倍,0.82倍,3.39%
20260716,890,バルカー,7995,東P,,"6,620",-190,-2.79%,490,16.4倍,2.18倍,3.02%
20260716,891,大和オフィス,8976,東Ｒ,,"326,000","-5,500",-1.66%,490,ー倍,1.26倍,4.64%
20260716,892,テレ朝ＨＤ,9409,東P,,"3,175",-35,-1.09%,490,12.8倍,0.69倍,3.15%
20260716,893,オリコ,8585,東P,,883,-9,-1.01%,488,11.6倍,0.60倍,4.53%
20260716,894,Ａｉロボ,247A,東G,,801,-11,-1.35%,487,ー倍,8.60倍,ー%
20260716,895,バイセル,7685,東G,,"3,515",-70,-1.95%,486,23.1倍,9.26倍,0.63%
20260716,896,ＰＨＣＨＤ,6523,東P,,"1,102",+32,+2.99%,486,9.10倍,0.87倍,3.81%
20260716,897,東亜建,1885,東P,,"2,035",-43,-2.07%,485,10.9倍,1.35倍,3.78%
20260716,898,ナカニシ,7716,東S,,"3,050",-10,-0.33%,485,22.6倍,2.18倍,1.97%
20260716,899,システナ,2317,東P,,420,-2,-0.47%,483,14.1倍,3.79倍,4.29%
20260716,900,リンガハット,8200,東P,,"2,330",-57,-2.39%,483,50.3倍,3.93倍,0.56%
20260716,901,ＴＳテック,7313,東P,,"1,764.5",+6.5,+0.37%,475,25.8倍,0.66倍,5.21%
20260716,902,ビープラッツ,4381,東G,,580,+6,+1.05%,475,40.2倍,-3.8倍,ー%
20260716,903,セーレン,3569,東P,,"3,265",+5,+0.15%,473,12.8倍,1.19倍,2.33%
20260716,904,ＷＳＣＯＰＥ,6619,東P,,168,-8,-4.55%,473,ー倍,0.25倍,ー%
20260716,905,フクダ電,6960,東S,,"11,550",+70,+0.61%,472,17.6倍,1.65倍,1.99%
20260716,906,筑波銀,8338,東P,,640,-8,-1.23%,471,7.97倍,0.75倍,0.78%
20260716,907,乃村工芸社,9716,東P,,"1,169",-18,-1.52%,469,14.1倍,2.24倍,3.76%
20260716,908,宮崎銀,8393,東P,,"2,308",-28,-1.20%,468,13.4倍,0.87倍,2.43%
20260716,909,ＮＴＴ都市Ｒ,8956,東Ｒ,,"134,600","-1,000",-0.74%,467,ー倍,1.34倍,4.61%
20260716,910,岡三,8609,東P,,"1,050",-7,-0.66%,466,ー倍,0.91倍,ー%
20260716,911,アリアケ,2815,東P,,"5,190",+20,+0.39%,465,17.3倍,1.24倍,5.78%
20260716,912,鉄建建設,1815,東P,,"4,580",-85,-1.82%,462,10.1倍,0.81倍,5.02%
20260716,913,旭ダイヤ,6140,東P,,"1,201",-17,-1.40%,461,22.2倍,0.93倍,2.83%
20260716,914,日東工,6651,東P,,"4,460",-70,-1.55%,458,14.6倍,1.37倍,3.45%
20260716,915,オプテクスＧ,6914,東P,,"3,700",-40,-1.07%,454,20.0倍,2.31倍,1.76%
20260716,916,ＴＲＥＨＤ,9247,東P,,"2,181",-47,-2.11%,454,25.0倍,1.24倍,2.29%
20260716,917,ユニシアＨＤ,3547,東S,,"1,795",+194,+12.12%,450,38.9倍,2.64倍,ー%
20260716,918,ローランド,7944,東P,,"4,155",+40,+0.97%,449,15.2倍,2.67倍,4.09%
20260716,919,ＪＣＲファ,4552,東P,,522,-2,-0.38%,449,318倍,1.36倍,3.83%
20260716,920,東亜道,1882,東P,,"1,604",+9,+0.56%,449,17.7倍,1.38倍,5.61%
20260716,921,ＢＡＳＥ,4477,東G,,321,+1,+0.31%,448,24.7倍,2.53倍,1.56%
20260716,922,エスペック,6859,東P,,"4,080",+35,+0.87%,447,14.6倍,1.40倍,2.82%
20260716,923,タクマ,6013,東P,,"3,405",-60,-1.73%,447,16.0倍,2.19倍,3.17%
20260716,924,イリソ電子,6908,東P,,"2,863",-42,-1.45%,443,12.7倍,0.81倍,3.49%
20260716,925,平和不リート,8966,東Ｒ,,"133,900","-1,600",-1.18%,441,ー倍,1.34倍,6.02%
20260716,926,ワキタ,8125,東P,,"1,889",-1,-0.05%,441,26.1倍,0.97倍,5.29%
20260716,927,京阪神ビル,8818,東P,,"1,077",-29,-2.62%,441,21.0倍,1.26倍,2.79%
20260716,928,山形銀,8344,東P,,"3,910",-20,-0.51%,438,16.2倍,0.81倍,2.51%
20260716,929,ＨＥＮＮＧＥ,4475,東G,,"1,321",+11,+0.84%,437,25.8倍,11.2倍,0.45%
20260716,930,グンゼ,3002,東P,,"3,980",-15,-0.38%,437,24.0倍,1.12倍,5.43%
20260716,931,ハイデ日高,7611,東P,,"2,816",+33,+1.19%,436,22.5倍,4.01倍,1.85%
20260716,932,アコム,8572,東S,,485.6,-2.9,-0.59%,436,11.9倍,1.06倍,4.53%
20260716,933,ヘリオス,4593,東G,,267,-13,-4.64%,435,ー倍,4.78倍,ー%
20260716,934,サンエー,2659,東P,,"3,195",-15,-0.47%,434,17.5倍,1.29倍,3.44%
20260716,935,サンゲツ,8130,東P,,"2,996",+5,+0.17%,433,13.1倍,1.45倍,5.17%
20260716,936,愛媛銀,8541,東P,,"2,421",+59,+2.50%,433,14.6倍,0.66倍,1.98%
20260716,937,安田倉,9324,東P,,"2,561",-15,-0.58%,433,11.9倍,0.68倍,2.89%
20260716,938,石原産,4028,東P,,"2,862",-6,-0.21%,432,12.0倍,0.85倍,4.54%
20260716,939,リベラウェア,218A,東G,,"1,093",-92,-7.76%,428,ー倍,31.5倍,ー%
20260716,940,高速,7504,東P,,"3,755",-130,-3.35%,427,18.4倍,1.73倍,3.20%
20260716,941,ＭＸトピクス,1348,東Ｅ,,"4,182",-51,-1.20%,427,ー倍,ー倍,ー%
20260716,942,Ｇｕｎｏｓｙ,6047,東S,Ｓ,388,-80,-17.09%,427,ー倍,0.87倍,3.35%
20260716,943,日証金,8511,東P,,"2,435",0,0.00%,426,17.9倍,1.43倍,3.86%
20260716,944,第一興商,7458,東P,,"1,774.0",-5.5,-0.31%,424,15.0倍,1.48倍,3.83%
20260716,945,タウンズ,197A,東S,,488,+21,+4.50%,424,9.14倍,3.19倍,5.74%
20260716,946,エネクスＩＦ,9286,東IF,,"50,100","-3,000",-5.65%,424,ー倍,0.60倍,6.04%
20260716,947,スターアジア,3468,東Ｒ,,"55,400",-600,-1.07%,423,ー倍,1.03倍,5.96%
20260716,948,トーセイ,8923,東P,,"1,844",-20,-1.07%,420,11.8倍,1.61倍,2.98%
20260716,949,東海理,6995,東P,,"3,130",+50,+1.62%,420,13.3倍,0.77倍,3.83%
20260716,950,イワキポンプ,6237,東P,,"4,630",+125,+2.77%,418,20.0倍,2.48倍,1.99%
20260716,951,ニッケ,3201,東P,,"1,891",+63,+3.45%,418,13.0倍,0.91倍,2.64%
20260716,952,大和証券リビ,8986,東Ｒ,,"98,200",-900,-0.91%,418,ー倍,1.24倍,5.11%
20260716,953,イオンリート,3292,東Ｒ,,"124,700",-800,-0.64%,417,ー倍,1.08倍,5.44%
20260716,954,東競馬,9672,東P,,"4,915",+20,+0.41%,416,11.9倍,1.35倍,2.97%
20260716,955,セリア,2782,東S,,"3,660",-25,-0.68%,416,15.5倍,2.47倍,2.19%
20260716,956,クラボウ,3106,東P,,"9,780",+20,+0.20%,416,11.9倍,1.17倍,3.38%
20260716,957,泉州電,9824,東P,,"6,660",+140,+2.15%,413,13.4倍,1.84倍,2.40%
20260716,958,芝浦機,6104,東P,,"4,785",-80,-1.64%,413,56.6倍,0.95倍,2.93%
20260716,959,ＴＰＸベア２,1356,東Ｅ,,110.7,+3.3,+3.07%,412,ー倍,ー倍,ー%
20260716,960,新日本空調,1952,東P,,"3,510",-25,-0.71%,411,12.5倍,1.93倍,3.42%
20260716,961,大紀ア,5702,東P,,"1,507",-1,-0.07%,411,6.75倍,0.78倍,4.64%
20260716,962,サツドラＨＤ,3544,東S,,"1,224",-3,-0.24%,410,ー倍,1.67倍,ー%
20260716,963,フジシール,7864,東P,,"3,020",0,0.00%,409,10.5倍,1.00倍,2.88%
20260716,964,パイロット,7846,東P,,"1,807.5",+17.5,+0.98%,408,13.6倍,1.39倍,2.32%
20260716,965,加賀電子,8154,東P,,"4,190",-35,-0.83%,408,9.98倍,1.09倍,3.34%
20260716,966,浅沼組,1852,東P,,855,-3,-0.35%,408,13.3倍,1.38倍,5.26%
20260716,967,窪田製薬ＨＤ,4596,東G,,68,-5,-6.85%,407,ー倍,6.04倍,ー%
20260716,968,東和薬品,4553,東P,,"4,200",+85,+2.07%,405,9.62倍,1.16倍,2.02%
20260716,969,菱地所物流Ｒ,3481,東Ｒ,,"121,800",-900,-0.73%,405,ー倍,1.16倍,5.11%
20260716,970,ロゴスＨＤ,205A,東G,,"2,084",+226,+12.16%,404,7.05倍,2.02倍,4.26%
20260716,971,船井総研ＨＤ,9757,東P,,"1,117",-8,-0.71%,404,15.5倍,4.14倍,4.30%
20260716,972,東急ＲＥ,8957,東Ｒ,,"190,600","-1,700",-0.88%,402,ー倍,1.47倍,4.21%
20260716,973,東エレデバ,2760,東P,,"3,850",-70,-1.79%,402,14.4倍,2.15倍,2.81%
20260716,974,ＧＸＮカバコ,2865,東Ｅ,,"1,301",-12,-0.91%,400,ー倍,ー倍,ー%
20260716,975,アイスタイル,3660,東P,,420,+5,+1.20%,398,15.9倍,1.95倍,0.24%
20260716,976,日本高純度,4973,東P,,"4,995",-95,-1.87%,397,13.4倍,1.61倍,4.60%
20260716,977,王将フード,9936,東P,,"2,949",+27,+0.92%,397,21.8倍,2.38倍,1.90%
20260716,978,長野計器,7715,東P,,"3,905",-90,-2.25%,396,16.9倍,1.51倍,1.54%
20260716,979,三井倉ＨＤ,9302,東P,,"3,536.0",-75.0,-2.08%,395,21.1倍,1.86倍,1.41%
20260716,980,住友倉,9303,東P,,"3,925",-35,-0.88%,394,17.3倍,0.95倍,2.62%
20260716,981,エムアップ,3661,東P,,758,+3,+0.40%,393,15.1倍,5.61倍,3.17%
20260716,982,放電精密,6469,東S,,"2,669",-210,-7.29%,393,32.9倍,3.27倍,0.75%
20260716,983,ＴＯＲＥＸ,6616,東P,,"1,910",-152,-7.37%,393,14.5倍,1.08倍,2.93%
20260716,984,あいＨＤ,3076,東P,,"2,704",-8,-0.29%,392,14.0倍,1.26倍,4.62%
20260716,985,黒田グループ,287A,東S,,"1,105",-20,-1.78%,391,11.4倍,1.14倍,5.70%
20260716,986,クオリプス,4894,東G,,"4,505",-155,-3.33%,389,ー倍,7.93倍,ー%
20260716,987,カゴメ,2811,東P,,"2,704.0",-3.0,-0.11%,389,18.2倍,1.29倍,2.14%
20260716,988,松屋,8237,東P,,"1,815",-8,-0.44%,388,184倍,3.53倍,0.66%
20260716,989,三桜工,6584,東P,,859,-29,-3.27%,387,20.5倍,0.64倍,3.26%
20260716,990,ワコム,6727,東P,,734,-17,-2.26%,387,9.75倍,2.60倍,3.27%
20260716,991,奥村組,1833,東P,,"5,680",0,0.00%,387,13.2倍,1.03倍,5.28%
20260716,992,日本電設,1950,東P,,"4,015",-75,-1.83%,386,12.7倍,1.09倍,3.16%
20260716,993,ＧＬテクノ,255A,東S,,"5,650",-370,-6.15%,386,13.3倍,1.47倍,2.23%
20260716,994,ＦＥＡＳＹ,212A,東P,,"2,795",-1,-0.04%,384,18.9倍,7.10倍,1.82%
20260716,995,カナモト,9678,東P,,"5,100",-70,-1.35%,384,13.5倍,1.14倍,2.16%
20260716,996,ブロンコＢ,3091,東P,,"2,347",+80,+3.53%,384,35.0倍,3.16倍,0.60%
20260716,997,青山商,8219,東P,,715,+3,+0.42%,384,13.4倍,0.57倍,5.31%
20260716,998,ＺＡＣＲＯＳ,7917,東P,,"1,412",+51,+3.75%,382,15.5倍,1.06倍,2.55%
20260716,999,ＬＡホールデ,2986,東G,,"2,778",-57,-2.01%,382,5.49倍,2.19倍,6.26%
20260716,1000,ステラケミ,4109,東P,,"5,720",-210,-3.54%,382,20.5倍,1.46倍,3.15%
20260716,1001,ミラースＲ,3492,東Ｒ,,"83,000","-1,100",-1.31%,380,ー倍,0.93倍,6.51%
20260716,1002,ドトル日レス,3087,東P,,"2,914",+2,+0.07%,380,16.2倍,1.15倍,2.06%
20260716,1003,酉島,6363,東P,,"2,870",-25,-0.86%,378,10.6倍,1.26倍,2.37%
20260716,1004,エレコム,6750,東P,,"1,851",+14,+0.76%,378,13.0倍,1.38倍,3.13%
20260716,1005,栄研化,4549,東P,,"2,558",-55,-2.10%,377,40.7倍,1.92倍,2.27%
20260716,1006,サカタＩＮＸ,4633,東P,,"2,452",-18,-0.73%,377,10.1倍,0.99倍,4.08%
20260716,1007,ＡＣＣＥＳＳ,4813,東P,,336,-12,-3.45%,377,20.7倍,1.87倍,ー%
20260716,1008,森トラストＲ,8961,東Ｒ,,"75,700",-600,-0.79%,377,ー倍,1.15倍,4.79%
20260716,1009,ヒュマメイド,456A,東G,,"1,550",+7,+0.45%,376,43.1倍,11.2倍,ー%
20260716,1010,西華産,8061,東P,,"2,650",-34,-1.27%,376,12.4倍,1.74倍,3.51%
20260716,1011,四国銀,8387,東P,,"3,285",0,0.00%,376,15.6倍,0.72倍,2.62%
20260716,1012,助川電気,7711,東S,,"4,960",-170,-3.31%,373,30.3倍,5.04倍,1.05%
20260716,1013,テクニスコ,2962,東S,,"1,372",+69,+5.30%,372,421倍,7.94倍,ー%
20260716,1014,コムチュア,3844,東P,,"1,377",-16,-1.15%,372,13.6倍,2.18倍,3.78%
20260716,1015,日本コークス,3315,東P,,98,-2,-2.00%,371,57.0倍,0.82倍,ー%
20260716,1016,メタウォータ,9551,東P,,"3,200",-30,-0.93%,371,14.0倍,1.56倍,2.50%
20260716,1017,因幡電産,9934,東P,,"2,764.0",-13.0,-0.47%,371,13.1倍,1.58倍,3.08%
20260716,1018,タスキＨＤ,166A,東P,,"1,123",-4,-0.35%,371,12.0倍,2.18倍,4.45%
20260716,1019,飛島ＨＤ,256A,東P,,"2,013",-32,-1.56%,370,8.03倍,0.71倍,5.46%
20260716,1020,くら寿司,2695,東P,,"1,620",-20,-1.22%,368,42.9倍,2.00倍,0.93%
20260716,1021,ヒーハイスト,6433,東S,,"1,093",+10,+0.92%,366,74.1倍,3.25倍,0.18%
20260716,1022,大真空,6962,東P,,775,-26,-3.25%,364,247倍,0.63倍,3.61%
20260716,1023,エクセレント,8987,東Ｒ,,"140,400","-1,000",-0.71%,364,ー倍,1.24倍,4.34%
20260716,1024,カヤバ,7242,東P,,"4,230",+5,+0.12%,363,10.6倍,0.72倍,3.83%
20260716,1025,有沢製,5208,東P,,"2,560",-55,-2.10%,363,21.0倍,1.66倍,3.83%
20260716,1026,イトーキ,7972,東P,,"2,801",-49,-1.72%,362,12.4倍,2.35倍,3.21%
20260716,1027,日本ＣＭＫ,6958,東P,,668,-19,-2.77%,362,23.8倍,0.57倍,4.19%
20260716,1028,ダイセキ,9793,東P,,"3,815",-40,-1.04%,362,16.1倍,2.18倍,2.25%
20260716,1029,サトー,6287,東P,,"2,432",-16,-0.65%,361,10.7倍,0.93倍,3.29%
20260716,1030,ミラティブ,472A,東G,,565,-34,-5.68%,361,9.95倍,2.54倍,ー%
20260716,1031,ＳＰＤＲ,1326,東Ｅ,,"59,920",+60,+0.10%,361,ー倍,ー倍,ー%
20260716,1032,セルシス,3663,東P,,"1,908",-11,-0.57%,360,25.8倍,12.3倍,2.62%
20260716,1033,松田産業,7456,東P,,"5,540",-180,-3.15%,359,8.37倍,1.21倍,1.99%
20260716,1034,ＧＸ銀行高配,315A,東Ｅ,,"1,945",-37,-1.87%,359,ー倍,ー倍,ー%
20260716,1035,いちごオフィ,8975,東Ｒ,,"93,400",-500,-0.53%,358,ー倍,1.38倍,12.2%
20260716,1036,愛知鋼,5482,東P,,"3,050",+10,+0.33%,356,17.3倍,0.83倍,4.92%
20260716,1037,ＴＳＩＨＤ,3608,東P,,"1,227",-5,-0.41%,356,8.95倍,0.74倍,5.70%
20260716,1038,テクマト,3762,東P,,"1,912",+32,+1.70%,355,14.3倍,2.92倍,2.82%
20260716,1039,Ｇモンスター,157A,東G,Ｓ,"1,015",+150,+17.34%,354,ー倍,2.54倍,0.99%
20260716,1040,ＪＰＭＣ,3276,東P,,"1,726",+5,+0.29%,353,14.6倍,3.10倍,3.71%
20260716,1041,東建コーポ,1766,東P,,"12,910",+20,+0.16%,352,9.84倍,1.23倍,3.10%
20260716,1042,グロバワン,8958,東Ｒ,,"111,100","-1,200",-1.07%,351,ー倍,1.22倍,5.76%
20260716,1043,アスクル,2678,東P,,"1,243",+2,+0.16%,351,27.8倍,2.33倍,1.61%
20260716,1044,ＨＵＬＩＣＲ,3295,東Ｒ,,"157,200","-1,000",-0.63%,350,ー倍,1.12倍,5.09%
20260716,1045,大栄環境,9336,東P,,"3,780",-45,-1.18%,350,23.0倍,3.44倍,1.46%
20260716,1046,ＷＩＺＥ,3664,東G,,24,0,0.00%,349,ー倍,1.81倍,ー%
20260716,1047,ハピネット,7552,東P,,"3,130",+30,+0.97%,349,12.9倍,2.26倍,ー%
20260716,1048,メニコン,7780,東P,,"1,725",+45,+2.68%,346,19.7倍,1.36倍,1.62%
20260716,1049,メドレー,4480,東P,,"2,112",+10,+0.48%,346,35.3倍,4.86倍,ー%
20260716,1050,ジーデップ,5885,東S,,"2,778",-152,-5.19%,345,18.4倍,4.33倍,1.73%
20260716,1051,イズミ,8273,東P,,987,+2,+0.20%,345,11.9倍,0.70倍,3.04%
20260716,1052,アークランズ,9842,東P,,"1,872",-1,-0.05%,344,11.8倍,0.92倍,2.14%
20260716,1053,リョー菱ＨＤ,167A,東P,,"2,802",-20,-0.71%,343,ー倍,0.82倍,5.00%
20260716,1054,ブルーゾーン,417A,東P,,"1,746.5",-8.5,-0.48%,342,14.9倍,1.78倍,1.83%
20260716,1055,ポート,7047,東G,,"2,690",-27,-0.99%,342,10.7倍,3.35倍,0.48%
20260716,1056,ロイヤルＨＤ,8179,東P,,"1,266",0,0.00%,341,21.9倍,2.30倍,1.38%
20260716,1057,金先物Ｗブル,2036,東EN,,"142,550",-250,-0.18%,341,ー倍,ー倍,ー%
20260716,1058,星野Ｒリート,3287,東Ｒ,,"241,200","-2,500",-1.03%,341,ー倍,0.97倍,5.56%
20260716,1059,福井銀,8362,東P,,"6,040",-190,-3.05%,340,15.9倍,0.93倍,2.48%
20260716,1060,ＣＲＥロジ,3487,東Ｒ,,"140,700","-2,300",-1.61%,339,ー倍,1.04倍,5.46%
20260716,1061,トランザク,7818,東P,,"1,291",-128,-9.02%,338,17.1倍,3.34倍,2.40%
20260716,1062,ヨシムラＨＤ,2884,東P,,615,-75,-10.87%,337,10.5倍,1.13倍,ー%
20260716,1063,ＤＣＭ,3050,東P,,"1,483",0,0.00%,337,11.6倍,0.71倍,3.24%
20260716,1064,平和不,8803,東P,,"2,350",-3,-0.13%,336,13.5倍,1.22倍,4.38%
20260716,1065,平和,6412,東P,,"2,048",+9,+0.44%,336,9.95倍,0.81倍,3.91%
20260716,1066,Ｋ＆Ｏエナジ,1663,東P,,"1,818",-51,-2.73%,336,15.4倍,0.91倍,1.65%
20260716,1067,ユニソルＨＤ,7128,東P,,"2,595",+2,+0.08%,335,29.7倍,0.87倍,6.97%
20260716,1068,Ｇセキュリ,4417,東G,,"4,425",+60,+1.37%,335,33.2倍,15.1倍,1.11%
20260716,1069,極東開発,7226,東P,,"2,339",+6,+0.26%,335,18.0倍,0.79倍,5.13%
20260716,1070,ＤＴＳ,9682,東P,,"1,072",+7,+0.66%,333,14.3倍,2.64倍,3.54%
20260716,1071,ダイハツイン,6023,東S,,"2,745",-22,-0.80%,333,12.3倍,1.41倍,2.51%
20260716,1072,ジャスト,4686,東P,,"3,835",-5,-0.13%,331,ー倍,2.08倍,0.78%
20260716,1073,信越ポリ,7970,東P,,"2,468",-48,-1.91%,330,ー倍,1.54倍,ー%
20260716,1074,コーナン,7516,東P,,"4,110",-5,-0.12%,330,9.26倍,0.65倍,3.41%
20260716,1075,インターアク,7725,東P,,"1,810",-76,-4.03%,329,17.5倍,1.70倍,3.04%
20260716,1076,ＨＩＳ,9603,東P,,"1,013",-1,-0.10%,329,ー倍,1.26倍,2.47%
20260716,1077,イノテック,9880,東P,,"3,425",-115,-3.25%,329,8.50倍,1.56倍,3.80%
20260716,1078,東急建設,1720,東P,,"1,187",-7,-0.59%,327,11.5倍,1.13倍,3.62%
20260716,1079,スミダコーポ,6817,東P,,"1,331",-24,-1.77%,327,12.1倍,0.70倍,3.98%
20260716,1080,藤田観,9722,東P,,"1,914",-6,-0.31%,326,9.98倍,2.90倍,1.04%
20260716,1081,アイドマＨＤ,7373,東G,,"1,018",+17,+1.70%,326,12.6倍,1.95倍,2.95%
20260716,1082,ｉＦ日本配当,435A,東Ｅ,,"2,620",+20,+0.77%,326,ー倍,ー倍,ー%
20260716,1083,ＪＣＵ,4975,東P,,"6,570",-230,-3.38%,326,18.4倍,2.96倍,2.74%
20260716,1084,東映,9605,東P,,"5,770",+30,+0.52%,325,28.6倍,1.24倍,0.21%
20260716,1085,野村原油,1699,東Ｅ,,608.9,+1.9,+0.31%,325,ー倍,ー倍,ー%
20260716,1086,ＪＲＣ,6224,東G,,"1,214",-157,-11.45%,324,12.6倍,2.66倍,2.80%
20260716,1087,イエロハット,9882,東P,,"1,827",+15,+0.83%,323,12.7倍,1.25倍,3.72%
20260716,1088,大平金,5541,東P,,"2,294",-1,-0.04%,322,252倍,0.63倍,5.67%
20260716,1089,日本リート,3296,東Ｒ,,"83,100","-1,100",-1.31%,320,ー倍,1.14倍,5.83%
20260716,1090,稀元素,4082,東P,,"1,873",-75,-3.85%,318,30.2倍,1.18倍,1.60%
20260716,1091,キッセイ,4547,東P,,"4,195",+25,+0.60%,317,12.0倍,0.76倍,4.05%
20260716,1092,西松屋チェ,7545,東P,,"1,991",-9,-0.45%,316,14.2倍,1.20倍,1.61%
20260716,1093,中電工,1941,東P,,"5,110",-90,-1.73%,314,13.7倍,1.11倍,2.74%
20260716,1094,アズワン,7476,東P,,"2,460.0",+32.0,+1.32%,313,19.5倍,2.47倍,2.68%
20260716,1095,鴻池運輸,9025,東P,,"2,838",-37,-1.29%,312,10.8倍,0.95倍,3.88%
20260716,1096,ストライクＧ,6196,東P,,"1,368",-12,-0.87%,312,15.7倍,3.96倍,4.75%
20260716,1097,中村超硬,6166,東G,,680,-37,-5.16%,311,ー倍,6.86倍,ー%
20260716,1098,栗本鉄,5602,東P,,"1,471",-12,-0.81%,310,12.4倍,0.95倍,4.08%
20260716,1099,稲畑産,8098,東P,,"3,980",+15,+0.38%,310,10.1倍,0.90倍,3.59%
20260716,1100,東京エネシス,1945,東P,,"1,995",-56,-2.73%,309,12.7倍,0.91倍,3.86%
20260716,1101,指月電,6994,東S,,"1,064",-75,-6.58%,309,13.4倍,1.06倍,2.26%
20260716,1102,ＪＭＨＤ,3539,東P,,"1,291",+16,+1.25%,308,9.40倍,1.37倍,1.86%
20260716,1103,富士紡ＨＤ,3104,東P,,"3,880",-125,-3.12%,307,20.8倍,2.53倍,2.01%
20260716,1104,ＰＩ,4290,東P,,674,-1,-0.15%,307,14.2倍,1.74倍,4.15%
20260716,1105,Ｋｕｄａｎ,4425,東G,,"1,948",-20,-1.02%,307,ー倍,8.41倍,ー%
20260716,1106,ＮＳグループ,471A,東P,,"1,519",-12,-0.78%,307,9.36倍,2.55倍,5.00%
20260716,1107,ビーエンジ,4828,東P,,"1,144",+7,+0.62%,306,14.8倍,4.25倍,3.67%
20260716,1108,エフピコ,7947,東P,,"2,539",-6,-0.24%,305,ー倍,1.25倍,2.88%
20260716,1109,４℃ホールデ,8008,東P,,"2,126",-20,-0.93%,305,17.2倍,1.14倍,4.00%
20260716,1110,イオレ,2334,東G,,551,-7,-1.25%,305,18.5倍,6.74倍,ー%
20260716,1111,ノーリツ鋼機,7744,東P,,"2,000",-6,-0.30%,304,12.6倍,0.93倍,3.75%
20260716,1112,レント,372A,東S,,"5,350",+250,+4.90%,303,6.88倍,1.03倍,4.39%
20260716,1113,ｉＦ日経ベ,1456,東Ｅ,,"1,259",+33,+2.69%,302,ー倍,ー倍,ー%
20260716,1114,タカラスタ,7981,東P,,"3,115",-10,-0.32%,302,12.8倍,1.00倍,3.98%
20260716,1115,ザ・パック,3950,東P,,"1,414",+2,+0.14%,302,14.7倍,1.02倍,2.97%
20260716,1116,リコーリース,8566,東P,,"6,580",+20,+0.30%,301,17.0倍,0.84倍,3.89%
20260716,1117,ｉＦＲＥＩＴ,1488,東Ｅ,,"1,892",-8,-0.42%,301,ー倍,ー倍,ー%
20260716,1118,上場ＳＰ５百,1547,東Ｅ,,"13,350",+20,+0.15%,300,ー倍,ー倍,ー%
20260716,1119,セレンＨＤ,7318,東G,,"2,064",-94,-4.36%,300,17.1倍,2.78倍,ー%
20260716,1120,ワコールＨＤ,3591,東P,,"4,493",+48,+1.08%,300,123倍,1.06倍,2.23%
20260716,1121,ダイトロン,7609,東P,,"3,455",-40,-1.14%,300,13.9倍,2.00倍,2.75%
20260716,1122,ミナトＨＤ,6862,東S,,"1,954",-119,-5.74%,299,6.73倍,1.79倍,1.54%
20260716,1123,純プラ信託,1541,東Ｅ,,"7,905",+155,+2.00%,299,ー倍,ー倍,ー%
20260716,1124,テクノ菱和,1965,東S,,"6,320",+120,+1.94%,299,11.0倍,1.95倍,2.78%
20260716,1125,野村金連動,1328,東Ｅ,,"15,440",+10,+0.06%,298,ー倍,ー倍,ー%
20260716,1126,ジャックス,8584,東P,,"3,745",0,0.00%,298,16.8倍,0.57倍,5.34%
20260716,1127,クミアイ化,4996,東P,,726,-4,-0.55%,296,13.7倍,0.57倍,3.31%
20260716,1128,カーボン,5302,東P,,"4,675",-50,-1.06%,292,18.8倍,0.94倍,4.28%
20260716,1129,新日本電工,5563,東P,,433,+5,+1.17%,292,ー倍,0.75倍,3.00%
20260716,1130,エアロエッジ,7409,東G,,"1,547",-138,-8.19%,292,54.8倍,8.33倍,ー%
20260716,1131,ｉＳＳＰカバ,452A,東Ｅ,,830.0,-3.0,-0.36%,292,ー倍,ー倍,ー%
20260716,1132,ＳＨＯＥＩ,7839,東P,,"1,870",-8,-0.43%,291,16.1倍,3.15倍,3.21%
20260716,1133,東合成,4045,東P,,"1,734.5",-10.5,-0.60%,291,15.9倍,0.86倍,4.04%
20260716,1134,ダスキン,4665,東P,,"4,492",+2,+0.04%,291,21.6倍,1.34倍,2.78%
20260716,1135,象印,7965,東P,,"1,390",-5,-0.36%,290,18.4倍,0.97倍,3.31%
20260716,1136,ミマキエンジ,6638,東P,,"2,189",+12,+0.55%,290,10.4倍,1.59倍,2.51%
20260716,1137,プレミアＧ,7199,東P,,"2,133",-5,-0.23%,290,11.9倍,3.26倍,3.00%
20260716,1138,ＳＰＤＲ５百,1557,東Ｅ,,"122,550",+300,+0.25%,290,ー倍,ー倍,ー%
20260716,1139,松屋フーズ,9887,東P,,"5,000",+5,+0.10%,289,27.1倍,1.79倍,0.52%
20260716,1140,やまびこ,6250,東P,,"3,785",+20,+0.53%,289,10.3倍,1.25倍,2.91%
20260716,1141,椿本チ,6371,東P,,"2,631",-13,-0.49%,288,12.2倍,0.90倍,3.04%
20260716,1142,島精機,6222,東P,,904,-27,-2.90%,287,34.1倍,0.37倍,2.21%
20260716,1143,ＪＰＨＤ,2749,東P,,621,-5,-0.80%,287,12.3倍,2.32倍,2.17%
20260716,1144,マクセル,6810,東P,,"2,040",-44,-2.11%,286,11.2倍,0.86倍,2.75%
20260716,1145,新電元,6844,東P,,"3,555",-70,-1.93%,286,13.4倍,0.50倍,2.81%
20260716,1146,原油先Ｗブル,2038,東EN,,"2,285",-9,-0.39%,286,ー倍,ー倍,ー%
20260716,1147,ＥＩＺＯ,6737,東P,,"2,630",-40,-1.50%,285,15.9倍,0.76倍,4.37%
20260716,1148,タダノ,6395,東P,,"1,274",-1,-0.08%,284,11.5倍,0.78倍,2.67%
20260716,1149,サンフロ不,8934,東P,,"2,534",+1,+0.04%,284,8.33倍,1.21倍,3.16%
20260716,1150,ＴＷＯＳＴ,7352,東G,Ｓ,373,-80,-17.66%,284,25.1倍,4.45倍,0.27%
20260716,1151,ディアライフ,3245,東P,,"1,086",-10,-0.91%,284,8.04倍,1.68倍,5.89%
20260716,1152,アニコムＨＤ,8715,東P,,"1,194",-46,-3.71%,283,26.9倍,3.01倍,1.13%
20260716,1153,海帆,3133,東G,,107,-7,-6.14%,283,ー倍,27.2倍,ー%
20260716,1154,東和銀,8558,東P,,"1,380",-19,-1.36%,281,8.89倍,0.54倍,3.62%
20260716,1155,アルゴグラフ,7595,東P,,"1,287",-13,-1.00%,281,12.3倍,1.81倍,5.05%
20260716,1156,壱番屋,7630,東P,,904,+2,+0.22%,277,53.1倍,4.54倍,1.77%
20260716,1157,レイズネク,6379,東P,,"2,518",-36,-1.41%,277,15.1倍,1.49倍,4.65%
20260716,1158,ＴＫＣ,9746,東P,,"3,600",-5,-0.14%,276,14.5倍,1.63倍,3.06%
20260716,1159,ウリドキ,418A,名N,,"1,342",-213,-13.70%,274,20.2倍,9.51倍,ー%
20260716,1160,ホットランド,3196,東P,,"1,604",-1,-0.06%,274,52.0倍,3.63倍,0.81%
20260716,1161,地主,3252,東P,,"2,920",-25,-0.85%,273,7.56倍,1.22倍,4.45%
20260716,1162,オープンＵＰ,2154,東P,,"1,972",-9,-0.45%,273,14.2倍,2.15倍,4.31%
20260716,1163,上場銀行１０,540A,東Ｅ,,"2,110",+11,+0.52%,272,ー倍,ー倍,ー%
20260716,1164,ｉＦナ百Ｗブ,2869,東Ｅ,,"2,971",-88,-2.88%,272,ー倍,ー倍,ー%
20260716,1165,東鉄工,1835,東P,,"4,140",-10,-0.24%,270,11.0倍,1.07倍,3.67%
20260716,1166,ゲンキＧＤＣ,9828,東S,,"3,440",+105,+3.15%,270,18.4倍,3.13倍,2.03%
20260716,1167,ＣＡＮＢＡＳ,4575,東G,,740,-56,-7.04%,269,ー倍,7.16倍,ー%
20260716,1168,ＷＮＩウェザ,4825,東P,,"2,015",-16,-0.79%,268,23.3倍,3.75倍,2.48%
20260716,1169,能美防災,6744,東P,,"4,265",-85,-1.95%,268,18.9倍,1.81倍,2.72%
20260716,1170,科研薬,4521,東P,,"3,875",+25,+0.65%,267,22.6倍,0.99倍,4.90%
20260716,1171,ワールド,3612,東P,,"1,629",+2,+0.12%,267,9.86倍,1.25倍,4.11%
20260716,1172,ダイナマップ,336A,東G,,917,-4,-0.43%,267,ー倍,3.01倍,ー%
20260716,1173,スターツ,8850,東P,,"4,795",+5,+0.10%,267,8.73倍,1.20倍,3.13%
20260716,1174,フタバ,7241,東P,,992,+4,+0.40%,266,6.33倍,0.64倍,4.54%
20260716,1175,丸全運,9068,東P,,"7,530",-120,-1.57%,266,11.2倍,1.02倍,2.79%
20260716,1176,巴工業,6309,東P,,"1,915",-7,-0.36%,265,12.8倍,1.28倍,3.97%
20260716,1177,日本信号,6741,東P,,"1,596",-13,-0.81%,265,9.95倍,0.87倍,3.51%
20260716,1178,ハートシード,219A,東G,,"1,564",-75,-4.58%,264,ー倍,5.01倍,ー%
20260716,1179,カチタス,8919,東P,,"3,340",0,0.00%,262,18.7倍,4.93倍,2.69%
20260716,1180,ノエビアＨＤ,4928,東P,,"4,570",-10,-0.22%,261,19.0倍,3.19倍,5.03%
20260716,1181,サクシード,9256,東G,,"4,740",-210,-4.24%,261,65.3倍,6.51倍,0.34%
20260716,1182,岡本工,6125,東S,,"5,500",-360,-6.14%,260,18.2倍,0.85倍,2.91%
20260716,1183,コロプラ,3668,東P,,388,-5,-1.27%,259,ー倍,0.75倍,ー%
20260716,1184,ＡＺ丸和ＨＤ,9090,東P,,855,+13,+1.54%,259,13.9倍,1.85倍,3.74%
20260716,1185,山善,8051,東P,,"1,774",-4,-0.22%,259,16.1倍,1.05倍,3.16%
20260716,1186,ムゲンＥ,3299,東S,,"1,985",+22,+1.12%,258,6.16倍,1.36倍,6.55%
20260716,1187,ククレブ,276A,東G,,"3,890",-135,-3.35%,258,28.1倍,4.08倍,0.77%
20260716,1188,ｉＦＦＮＧ金,521A,東Ｅ,,"1,843",-5,-0.27%,258,ー倍,ー倍,ー%
20260716,1189,太平電,1968,東P,,"2,498",-8,-0.32%,257,13.1倍,1.25倍,3.00%
20260716,1190,チェンジＨＤ,3962,東P,,970,+2,+0.21%,257,9.64倍,1.44倍,2.68%
20260716,1191,ホーチキ,6745,東P,,"1,925",-54,-2.73%,257,16.0倍,2.10倍,2.08%
20260716,1192,千葉興,8337,東P,,"2,666",-85,-3.09%,256,17.2倍,1.00倍,0.75%
20260716,1193,北興化,4992,東S,,"1,965",-41,-2.04%,256,11.4倍,0.84倍,2.75%
20260716,1194,沖縄セルラー,9436,東S,,"3,800",0,0.00%,256,26.4倍,3.53倍,1.84%
20260716,1195,トーエネク,1946,東P,,"2,106",-47,-2.18%,252,10.9倍,1.29倍,3.61%
20260716,1196,東芝テック,6588,東P,,"2,942",-41,-1.37%,252,22.3倍,1.66倍,1.36%
20260716,1197,矢作建,1870,東P,,"1,876",+1,+0.05%,251,9.88倍,1.07倍,5.33%
20260716,1198,シェアテク,3989,東G,,"1,469",+19,+1.31%,251,14.1倍,7.16倍,3.74%
20260716,1199,サーバワクス,4434,東S,,"1,939",-127,-6.15%,251,15.9倍,1.43倍,1.55%
20260716,1200,オートバクス,9832,東P,,"1,501",+3,+0.20%,250,13.1倍,0.87倍,4.00%
20260716,1201,阪急阪神Ｒ,8977,東Ｒ,,"138,800",-800,-0.57%,249,ー倍,1.11倍,4.90%
20260716,1202,ＣＡＩＣＡＤ,2315,東S,,64,-1,-1.54%,247,125倍,1.87倍,ー%
20260716,1203,エスプール,2471,東P,,267,-2,-0.74%,247,12.6倍,2.15倍,3.75%
20260716,1204,トレファク,3093,東P,,"2,111",-21,-0.98%,247,13.9倍,3.68倍,2.18%
20260716,1205,ロードスター,3482,東P,,"2,740",+4,+0.15%,247,6.05倍,1.59倍,2.98%
20260716,1206,アース製薬,4985,東P,,"4,710",-5,-0.11%,247,16.7倍,1.35倍,2.76%
20260716,1207,ＡＳＢ機械,6284,東P,,"9,610",-150,-1.54%,246,15.8倍,2.33倍,2.50%
20260716,1208,多摩川ＨＤ,6838,東S,,"1,437",-59,-3.94%,246,7.14倍,1.44倍,0.70%
20260716,1209,サイバダイン,7779,東G,,234,+1,+0.43%,245,ー倍,0.79倍,ー%
20260716,1210,ｉＦ米債３無,381A,東Ｅ,,"2,249",+2,+0.09%,245,ー倍,ー倍,ー%
20260716,1211,イーグル工,6486,東P,,"2,941",-21,-0.71%,244,14.1倍,1.00倍,ー%
20260716,1212,日ヒュム,5262,東P,,"1,019",-13,-1.26%,244,15.3倍,0.99倍,2.55%
20260716,1213,品川リフラ,5351,東P,,"2,024",-16,-0.78%,244,9.24倍,0.86倍,4.69%
20260716,1214,クオールＨＤ,3034,東P,,"2,079",+7,+0.34%,243,10.0倍,1.36倍,2.60%
20260716,1215,網屋,4258,東G,,"4,725",+5,+0.11%,243,45.8倍,19.5倍,ー%
20260716,1216,Ａｍａｚｉａ,4424,東G,,311,-59,-15.95%,242,ー倍,2.71倍,ー%
20260716,1217,住石ＨＤ,1514,東S,,584,-9,-1.52%,242,21.8倍,1.20倍,2.57%
20260716,1218,ミルボン,4919,東P,,"2,812",-14,-0.50%,241,20.8倍,1.84倍,3.13%
20260716,1219,モスフード,8153,東P,,"3,760",-25,-0.66%,241,32.2倍,1.96倍,0.90%
20260716,1220,ビジョン,9416,東P,,"1,006",-8,-0.79%,241,9.40倍,2.34倍,5.07%
20260716,1221,新明和,7224,東P,,"1,991",-20,-0.99%,241,12.5倍,1.05倍,2.91%
20260716,1222,理計器,7734,東P,,"3,410",-90,-2.57%,240,16.2倍,1.82倍,1.76%
20260716,1223,野村銀行１７,1631,東Ｅ,,"40,730",-700,-1.69%,240,ー倍,ー倍,ー%
20260716,1224,日本ＭＤＭ,7600,東P,,963,-15,-1.53%,239,422倍,1.00倍,1.77%
20260716,1225,ＧＭＳ,544A,東P,,359,-1,-0.28%,239,ー倍,ー倍,ー%
20260716,1226,ユニバーサル,6425,東S,,654,-40,-5.76%,239,25.3倍,0.40倍,ー%
20260716,1227,ジョイ本田,3191,東P,,"2,260",-2,-0.09%,239,15.5倍,1.09倍,3.72%
20260716,1228,アズーム,3496,東P,,"4,580",+30,+0.66%,239,25.7倍,8.62倍,2.75%
20260716,1229,パーカライ,4095,東P,,"1,631",-36,-2.16%,239,12.3倍,0.85倍,3.07%
20260716,1230,ＰＲＴＩＭＥ,3922,東P,,"2,169",-43,-1.94%,238,13.4倍,3.13倍,0.77%
20260716,1231,ｉＳゴールド,314A,東Ｅ,,309.5,+0.1,+0.03%,238,ー倍,ー倍,ー%
20260716,1232,合同鉄,5410,東P,,"2,697",+4,+0.15%,238,9.17倍,0.27倍,3.71%
20260716,1233,ＫｅｅＰｅｒ,6036,東P,,"2,900",-26,-0.89%,238,8.47倍,3.30倍,3.45%
20260716,1234,正興電,6653,東P,,"2,257",-58,-2.51%,238,13.3倍,1.59倍,2.44%
20260716,1235,ＡＲアドバン,5578,東G,,798,-42,-5.00%,237,10.8倍,3.02倍,0.88%
20260716,1236,ベース,4481,東P,,"3,110",-30,-0.96%,237,12.4倍,3.98倍,5.98%
20260716,1237,Ｊｏｓｈｉｎ,8173,東P,,"3,540",-10,-0.28%,237,26.2倍,0.87倍,2.82%
20260716,1238,旭有機材,4216,東P,,"6,370",-220,-3.34%,237,19.6倍,1.48倍,2.04%
20260716,1239,明光ネット,4668,東P,,788,+18,+2.34%,237,19.8倍,1.64倍,3.68%
20260716,1240,マックス,6454,東P,,"1,725",+2,+0.12%,236,21.8倍,2.69倍,2.32%
20260716,1241,シークス,7613,東P,,"1,363",-1,-0.07%,236,10.7倍,0.61倍,3.67%
20260716,1242,西川ゴム,5161,東S,,"3,130",-40,-1.26%,236,17.5倍,1.29倍,5.88%
20260716,1243,第一実,8059,東P,,"3,400",-15,-0.44%,235,11.5倍,1.20倍,3.68%
20260716,1244,ユアテック,1934,東P,,"2,382",-17,-0.71%,235,12.4倍,1.05倍,3.27%
20260716,1245,福岡リート,8968,東Ｒ,,"177,100",-900,-0.51%,235,ー倍,1.35倍,4.52%
20260716,1246,日本通信,9424,東P,,116,-2,-1.69%,234,ー倍,4.29倍,ー%
20260716,1247,ワイエイシイ,6298,東P,,"1,233",-35,-2.76%,234,10.8倍,1.28倍,3.65%
20260716,1248,アイモバイル,6535,東P,,526,+2,+0.38%,234,9.29倍,1.70倍,5.13%
20260716,1249,京三,6742,東P,,889,-51,-5.43%,234,13.1倍,0.99倍,3.04%
20260716,1250,アルペン,3028,東P,,"2,166",+26,+1.21%,234,14.5倍,0.68倍,2.54%
20260716,1251,日伝,9902,東P,,"2,820",+18,+0.64%,233,15.2倍,0.91倍,3.55%
20260716,1252,Ｕアローズ,7606,東P,,"2,448",+10,+0.41%,233,10.9倍,1.60倍,3.76%
20260716,1253,三菱総研,3636,東P,,"4,665",-20,-0.43%,233,11.1倍,0.93倍,3.54%
20260716,1254,エターナルＧ,3193,東P,,"2,881",+18,+0.63%,232,15.7倍,3.07倍,1.60%
20260716,1255,スパークス,8739,東P,,"2,290",-62,-2.64%,232,ー倍,2.31倍,4.10%
20260716,1256,グロービー,5575,東G,,978,+89,+10.01%,232,11.4倍,4.41倍,ー%
20260716,1257,ＥＲＩＨＤ,6083,東S,,"1,460",-40,-2.67%,232,9.99倍,3.86倍,3.01%
20260716,1258,ＬＩＮＫ＆Ｍ,2170,東P,,600,-6,-0.99%,232,18.4倍,5.11倍,2.73%
20260716,1259,スターマイカ,2975,東P,,"1,577",-1,-0.06%,231,9.92倍,1.78倍,3.23%
20260716,1260,Ａ＆Ｄホロン,7745,東P,,"2,919",-161,-5.23%,230,17.8倍,1.62倍,2.06%
20260716,1261,ＩＤＥＣ,6652,東P,,"3,315",-45,-1.34%,230,16.3倍,1.41倍,3.92%
20260716,1262,正栄食,8079,東P,,"4,355",+45,+1.04%,229,18.1倍,1.23倍,2.07%
20260716,1263,ヨドコウ,5451,東P,,"1,339",+2,+0.15%,229,19.2倍,0.95倍,3.96%
20260716,1264,ＴＰＲ,6463,東P,,"1,427",+4,+0.28%,228,11.3倍,0.52倍,3.92%
20260716,1265,インテグラル,5842,東G,,"2,832",-99,-3.38%,227,ー倍,1.41倍,1.31%
20260716,1266,インターメス,262A,東P,,"1,843",-43,-2.28%,227,11.9倍,2.17倍,2.77%
20260716,1267,セック,3741,東P,,"2,934",-66,-2.20%,227,19.0倍,2.90倍,2.11%
20260716,1268,ＰＣＮＥＴ,3021,東S,,"1,641",-214,-11.54%,227,9.76倍,2.16倍,3.96%
20260716,1269,シーイーシー,9692,東P,,"2,183",-13,-0.59%,226,12.1倍,1.59倍,3.89%
20260716,1270,アイザワ証Ｇ,8708,東P,,"1,618",-11,-0.68%,225,ー倍,1.06倍,ー%
20260716,1271,冶金工,5480,東P,,"5,000",-40,-0.79%,223,8.66倍,0.69倍,4.40%
20260716,1272,Ｍ＆Ａキャピ,6080,東P,,"3,700",-25,-0.67%,223,16.3倍,2.58倍,1.85%
20260716,1273,昭和産,2004,東P,,"3,465",-25,-0.72%,223,11.9倍,0.75倍,4.04%
20260716,1274,コメ兵ＨＤ,2780,東S,,"5,380",-30,-0.55%,223,10.1倍,1.58倍,2.01%
20260716,1275,ソシラ物流,2979,東Ｒ,,"110,100","-2,700",-2.39%,222,ー倍,1.02倍,4.87%
20260716,1276,レスター,3156,東P,,"3,640",-75,-2.02%,221,10.2倍,1.10倍,3.71%
20260716,1277,横河ブＨＤ,5911,東P,,"2,898",-4,-0.14%,221,13.9倍,0.85倍,4.49%
20260716,1278,板硝子,5202,東P,,482,-1,-0.21%,220,22.9倍,0.45倍,ー%
20260716,1279,ｉＳＢＡＩ,408A,東Ｅ,,302.4,-14.3,-4.52%,220,ー倍,ー倍,ー%
20260716,1280,上場リート隔,1345,東Ｅ,,"1,849",-23,-1.23%,220,ー倍,ー倍,ー%
20260716,1281,アジアパイル,5288,東P,,"1,536",+11,+0.72%,219,7.60倍,1.12倍,4.56%
20260716,1282,新日本科学,2395,東P,,"1,305",-9,-0.68%,219,15.5倍,1.26倍,3.83%
20260716,1283,アルコニクス,3036,東P,,"2,540",-21,-0.82%,219,11.6倍,0.96倍,3.54%
20260716,1284,ネットプロ,7383,東P,,403,-5,-1.23%,219,18.3倍,1.91倍,ー%
20260716,1285,宝＆ＣＯ,7921,東P,,"4,490",+80,+1.81%,219,16.6倍,1.79倍,4.01%
20260716,1286,ＦＣＣ,7296,東P,,"3,490",0,0.00%,219,11.0倍,0.81倍,4.58%
20260716,1287,日セラ,6929,東P,,"3,715",-65,-1.72%,217,16.4倍,1.75倍,4.44%
20260716,1288,木村化,6378,東S,,"1,242",-32,-2.51%,216,12.9倍,1.16倍,3.30%
20260716,1289,プレイド,4165,東G,,590,+3,+0.51%,216,ー倍,4.71倍,ー%
20260716,1290,ＪＥＳＣＯ,1434,東S,,"1,842",-48,-2.54%,215,11.7倍,1.53倍,2.61%
20260716,1291,アークス,9948,東P,,"3,515",+10,+0.29%,215,15.1倍,0.96倍,2.33%
20260716,1292,わらべ日洋,2918,東P,,"2,663",+5,+0.19%,214,9.62倍,0.77倍,4.51%
20260716,1293,ギークリー,505A,東S,,"1,420",+1,+0.07%,214,10.1倍,4.16倍,4.01%
20260716,1294,バリュエンス,9270,東G,,"2,006",-89,-4.25%,213,8.81倍,2.52倍,2.24%
20260716,1295,フォスター,6794,東P,,"2,879",-7,-0.24%,213,12.9倍,0.96倍,3.99%
20260716,1296,前田工繊,7821,東P,,"1,840",-39,-2.08%,213,16.1倍,1.64倍,1.52%
20260716,1297,アピリッツ,4174,東S,,820,-31,-3.64%,213,29.1倍,1.92倍,3.54%
20260716,1298,住友精化,4008,東P,,"1,288",-26,-1.98%,213,ー倍,0.80倍,3.73%
20260716,1299,ＲＳＣ,4664,東S,,979,+49,+5.27%,213,43.3倍,1.23倍,2.45%
20260716,1300,朝日工,1975,東P,,"4,220",-70,-1.63%,213,11.8倍,2.15倍,3.41%
20260716,1301,エネクス,8133,東P,,"2,040",-2,-0.10%,212,14.0倍,1.27倍,3.33%
20260716,1302,飯野海,9119,東P,,"1,498",-22,-1.45%,211,13.1倍,1.00倍,3.07%
20260716,1303,ＢＭＬ,4694,東P,,"3,640",-25,-0.68%,211,19.5倍,1.07倍,3.43%
20260716,1304,三星ベ,5192,東P,,"3,995",-20,-0.50%,210,12.4倍,1.10倍,4.78%
20260716,1305,大崎電,6644,東P,,"1,507",-11,-0.72%,210,13.8倍,1.17倍,3.25%
20260716,1306,半導体日本株,163A,東EN,,"21,740","-1,160",-5.07%,209,ー倍,ー倍,ー%
20260716,1307,ＡＯＫＩＨＤ,8214,東P,,"1,700",-3,-0.18%,209,14.3倍,0.99倍,5.29%
20260716,1308,ゲオＨＤ,2681,東P,,"1,971",+23,+1.18%,209,13.1倍,0.80倍,1.73%
20260716,1309,ＵＳＭＨ,3222,東S,,818,-3,-0.37%,209,"1,136倍",0.82倍,1.96%
20260716,1310,アイル,3854,東P,,"2,380",-20,-0.83%,209,14.7倍,4.75倍,2.77%
20260716,1311,東京鉄,5445,東P,,"1,928",-11,-0.57%,208,6.79倍,0.76倍,5.19%
20260716,1312,水戸,8622,東P,,724,+1,+0.14%,208,ー倍,1.02倍,ー%
20260716,1313,ｉＦＥナ百無,2840,東Ｅ,,"2,757",-35,-1.25%,207,ー倍,ー倍,ー%
20260716,1314,ユーグレナ,2931,東P,,348,-3,-0.85%,207,ー倍,1.48倍,ー%
20260716,1315,ティラド,7236,東P,,"1,527",-3,-0.20%,206,9.60倍,1.63倍,5.24%
20260716,1316,カーリット,4275,東P,,"2,374",-65,-2.67%,206,17.5倍,1.32倍,1.77%
20260716,1317,ＯｎｅＪリト,2556,東Ｅ,,"1,865.0",-33.5,-1.76%,206,ー倍,ー倍,ー%
20260716,1318,ｉＦＥナ百ベ,2842,東Ｅ,,"12,200",+190,+1.58%,206,ー倍,ー倍,ー%
20260716,1319,野村ナスＨ有,2845,東Ｅ,,"3,560",-30,-0.84%,206,ー倍,ー倍,ー%
20260716,1320,トランスコス,9715,東P,,"3,685",-5,-0.14%,206,10.2倍,1.08倍,3.93%
20260716,1321,伯東,7433,東P,,"4,515",-60,-1.31%,205,14.9倍,1.24倍,4.87%
20260716,1322,ＮＩＴＴＯＫ,6145,東S,,"2,711",-81,-2.90%,205,13.9倍,1.14倍,3.02%
20260716,1323,学情,2301,東P,,"1,650",+4,+0.24%,204,11.0倍,1.50倍,4.55%
20260716,1324,ＹＥデジタル,2354,東S,Ｓ,978,+150,+18.12%,204,11.0倍,2.31倍,3.07%
20260716,1325,ＤＧ,350A,東G,,787,-18,-2.24%,203,16.8倍,3.13倍,ー%
20260716,1326,メディアＬ,6659,東S,,57,-1,-1.72%,203,ー倍,1.81倍,ー%
20260716,1327,ＧＸ中小日株,2837,東Ｅ,,"4,940",-410,-7.66%,203,ー倍,ー倍,ー%
20260716,1328,Ｒみらい,3476,東Ｒ,,"41,850",-600,-1.41%,202,ー倍,0.91倍,6.16%
20260716,1329,ブロドリーフ,3673,東P,,437,+5,+1.16%,202,24.7倍,3.22倍,1.77%
20260716,1330,プロクレＨＤ,7384,東P,,"4,130",-80,-1.90%,201,16.7倍,0.72倍,2.42%
20260716,1331,ＳＳ米株,449A,東Ｅ,,834.7,+1.2,+0.14%,201,ー倍,ー倍,ー%
20260716,1332,ユナイテド海,9110,東P,,"7,040",-80,-1.12%,200,7.18倍,0.89倍,4.19%
20260716,1333,ＧＭＯ－ＦＧ,4051,東P,,"6,730",-110,-1.61%,199,29.7倍,8.56倍,1.86%
20260716,1334,オリエン白石,1786,東P,,356,-1,-0.28%,199,16.7倍,0.86倍,4.07%
20260716,1335,あらた,2733,東P,,"2,570",+1,+0.04%,199,12.3倍,0.69倍,4.36%
20260716,1336,ＨＰＣシス,6597,東G,,"3,770",+15,+0.40%,198,30.4倍,5.92倍,0.85%
20260716,1337,東海道リート,2989,東Ｒ,,"102,400","-1,200",-1.16%,198,ー倍,1.19倍,6.31%
20260716,1338,ＪＥＨ,5889,東P,,"2,416",-2,-0.08%,198,13.3倍,3.20倍,3.56%
20260716,1339,ｉＦナ百Ｗベ,2870,東Ｅ,,"7,645",+189,+2.53%,196,ー倍,ー倍,ー%
20260716,1340,エネチェンジ,4169,東G,,221,-5,-2.21%,196,17.2倍,2.00倍,ー%
20260716,1341,三機サービス,6044,東S,,"1,899",+50,+2.70%,196,ー倍,2.18倍,ー%
20260716,1342,Ｏｎｅリート,3290,東Ｒ,,"75,700",-600,-0.79%,196,ー倍,1.19倍,5.73%
20260716,1343,ＧＡテクノ,3491,東G,,"1,378",-14,-1.01%,196,10.4倍,1.72倍,0.94%
20260716,1344,ＶＴＨＤ,7593,東P,,472,+1,+0.21%,196,7.84倍,0.78倍,5.08%
20260716,1345,亀田製菓,2220,東P,,"1,250",-11,-0.87%,195,18.4倍,0.77倍,1.92%
20260716,1346,サーラ,2734,東P,,"1,148",+1,+0.09%,195,12.3倍,0.76倍,2.96%
20260716,1347,サカイ引越,9039,東P,,"2,987",+17,+0.57%,195,13.8倍,1.21倍,3.92%
20260716,1348,スクロール,8005,東P,,"1,737",-6,-0.34%,195,13.7倍,1.57倍,5.87%
20260716,1349,三洋化,4471,東P,,"4,945",-55,-1.10%,194,12.2倍,0.69倍,3.54%
20260716,1350,ｉＳＪリート,1476,東Ｅ,,"1,900",-12,-0.63%,194,ー倍,ー倍,ー%
20260716,1351,ニッカトー,5367,東S,,"1,212",-48,-3.81%,193,18.1倍,1.02倍,1.90%
20260716,1352,東邦鉛,5707,東P,,811,-36,-4.25%,193,4.28倍,1.09倍,ー%
20260716,1353,関通ＨＤ,9326,東G,,510,-1,-0.20%,193,19.5倍,2.45倍,1.96%
20260716,1354,ラストワンＭ,9252,東G,,"3,790",+110,+2.99%,193,9.20倍,1.94倍,0.79%
20260716,1355,世紀東急,1898,東P,,"1,461",-1,-0.07%,192,11.4倍,1.21倍,5.13%
20260716,1356,カナディアン,9284,東IF,,"78,400",-900,-1.13%,192,ー倍,0.76倍,7.61%
20260716,1357,大倉工,4221,東P,,"5,000",-40,-0.79%,192,13.2倍,0.90倍,4.40%
20260716,1358,スマレジ,4431,東G,,"2,900",+23,+0.80%,191,20.1倍,5.81倍,1.00%
20260716,1359,農中Ｊリート,1595,東Ｅ,,"1,838",-48,-2.55%,191,ー倍,ー倍,ー%
20260716,1360,シグマクシス,6088,東P,,574,-2,-0.35%,191,10.4倍,3.25倍,4.53%
20260716,1361,ＧＸ防衛日株,513A,東Ｅ,,849,-3,-0.35%,191,ー倍,ー倍,ー%
20260716,1362,ＮＩＳＳＨＡ,7915,東P,,"1,327",-17,-1.26%,191,19.7倍,0.54倍,3.77%
20260716,1363,中部鋼鈑,5461,東P,,"2,070",+3,+0.15%,190,61.6倍,0.74倍,5.46%
20260716,1364,リョービ,5851,東P,,"2,505",-18,-0.71%,190,6.93倍,0.44倍,4.15%
20260716,1365,アクシアル,8255,東P,,"1,200",+6,+0.50%,189,13.2倍,1.11倍,2.42%
20260716,1366,ビザスク,4490,東G,,662,+43,+6.95%,189,8.20倍,3.11倍,ー%
20260716,1367,菱鉛筆,7976,東P,,"2,691",-3,-0.11%,188,17.5倍,0.96倍,2.04%
20260716,1368,明和産,8103,東P,,904,-13,-1.42%,187,9.28倍,0.83倍,5.20%
20260716,1369,日本ライフＬ,7575,東P,,"1,360",-11,-0.80%,187,11.9倍,1.45倍,4.12%
20260716,1370,ベルーナ,9997,東P,,"1,048",+3,+0.29%,187,8.40倍,0.67倍,3.72%
20260716,1371,アイダ,6118,東P,,"1,232",-22,-1.75%,186,15.6倍,0.77倍,3.17%
20260716,1372,川田テク,3443,東P,,"1,304",-20,-1.51%,186,9.42倍,0.68倍,3.22%
20260716,1373,大王紙,3880,東P,,961,+3,+0.31%,186,12.4倍,0.65倍,1.46%
20260716,1374,帝国繊維,3302,東P,,"3,300",-95,-2.80%,185,22.3倍,1.12倍,1.97%
20260716,1375,ＧＸ中国ＥＶ,2254,東Ｅ,,"1,110",-4,-0.36%,185,ー倍,ー倍,ー%
20260716,1376,野村高配７０,1577,東Ｅ,,"57,330",-130,-0.23%,185,ー倍,ー倍,ー%
20260716,1377,ニチハ,7943,東P,,"3,070",0,0.00%,183,12.7倍,0.84倍,3.71%
20260716,1378,ＪＳＢ,3480,東P,,"8,990",-10,-0.11%,183,31.9倍,4.11倍,ー%
20260716,1379,アステリア,3853,東P,,"1,112",-24,-2.11%,183,ー倍,2.42倍,0.90%
20260716,1380,ＧＭＯ－ＦＨ,7177,東S,,"1,064",-5,-0.47%,183,ー倍,2.24倍,5.15%
20260716,1381,ｉＦ日経Ｗベ,1366,東Ｅ,,70,+3,+4.48%,182,ー倍,ー倍,ー%
20260716,1382,菊池製作,3444,東S,,"1,005",-19,-1.86%,182,88.6倍,2.02倍,1.00%
20260716,1383,リオン,6823,東P,,"3,495",-60,-1.69%,182,12.5倍,1.24倍,2.58%
20260716,1384,コーセル,6905,東P,,"1,323",-39,-2.86%,182,33.9倍,1.04倍,4.54%
20260716,1385,小森,6349,東P,,"1,629",+3,+0.18%,181,12.0倍,0.70倍,4.60%
20260716,1386,トヨカネツ,6369,東P,,"2,431",-21,-0.86%,181,14.0倍,0.94倍,4.32%
20260716,1387,Ｔホライゾン,6629,東S,,"1,029",+27,+2.69%,181,8.16倍,1.13倍,3.21%
20260716,1388,ＯＢＡＲＡＧ,6877,東S,,"6,080",-90,-1.46%,180,11.5倍,1.18倍,2.47%
20260716,1389,トラスコ中山,9830,東P,,"2,368",+5,+0.21%,180,10.7倍,0.83倍,2.47%
20260716,1390,東陽テク,8151,東P,,"1,945",-50,-2.51%,180,16.2倍,1.42倍,3.60%
20260716,1391,北越コーポ,3865,東P,,929,+7,+0.76%,180,29.5倍,0.59倍,2.80%
20260716,1392,Ｔ－ＢＡＳＥ,3415,東P,,405,+3,+0.75%,179,11.5倍,2.74倍,1.73%
20260716,1393,ＳＢＩＧＡＭ,4765,東P,,584,-6,-1.02%,179,ー倍,2.48倍,ー%
20260716,1394,セプテニＨＤ,4293,東S,,509,-9,-1.74%,178,20.1倍,1.61倍,3.54%
20260716,1395,石井表記,6336,東S,,"1,897",-90,-4.53%,178,16.0倍,1.40倍,1.90%
20260716,1396,コメリ,8218,東P,,"3,485",+15,+0.43%,178,10.9倍,0.64倍,1.66%
20260716,1397,日比谷設,1982,東P,,"2,872",-62,-2.11%,178,13.6倍,1.49倍,3.83%
20260716,1398,Ｅ・ＪＨＤ,2153,東P,,"1,793",0,0.00%,177,8.71倍,0.80倍,4.57%
20260716,1399,クラシル,299A,東G,,"1,084",-10,-0.91%,175,18.8倍,3.50倍,ー%
20260716,1400,日産東ＨＤ,8291,東S,,552,+2,+0.36%,175,9.38倍,0.56倍,4.89%
20260716,1401,エン,4849,東P,,"1,244",+13,+1.06%,175,8.60倍,1.50倍,5.49%
20260716,1402,中発条,5992,東S,,"3,700",-20,-0.54%,175,38.9倍,1.06倍,2.43%
20260716,1403,Ｏｎｅ４００,1474,東Ｅ,,"36,890",-460,-1.23%,174,ー倍,ー倍,ー%
20260716,1404,ヤマシン―Ｆ,6240,東P,,523,-7,-1.32%,174,17.9倍,1.57倍,3.82%
20260716,1405,セグエＧ,3968,東P,,613,-8,-1.29%,173,15.9倍,3.14倍,2.94%
20260716,1406,プレス工,7246,東P,,814,-8,-0.97%,173,11.3倍,0.66倍,5.41%
20260716,1407,アトム,7412,東S,,381,+2,+0.53%,173,ー倍,21.2倍,ー%
20260716,1408,大末建,1814,東P,,"3,565",-10,-0.28%,173,9.51倍,1.46倍,5.22%
20260716,1409,エスリード,8877,東P,,"5,190",+10,+0.19%,173,6.96倍,0.98倍,4.62%
20260716,1410,ＴＯＫＡＩ,3167,東P,,"1,146",-4,-0.35%,172,13.4倍,1.45倍,3.32%
20260716,1411,エフ・コード,9211,東G,,"1,434",-24,-1.65%,172,9.25倍,2.20倍,ー%
20260716,1412,沖縄電,9511,東P,,925,-1,-0.11%,171,ー倍,0.39倍,ー%
20260716,1413,三愛オブリ,8097,東P,,"2,215",-12,-0.54%,171,16.7倍,1.18倍,4.51%
20260716,1414,松風,7979,東P,,"2,209",+20,+0.91%,170,16.5倍,1.62倍,2.76%
20260716,1415,ヤマエＧＨＤ,7130,東P,,"3,100",+5,+0.16%,170,6.89倍,0.80倍,2.58%
20260716,1416,エスコン,8892,東P,,"1,109",-6,-0.54%,169,7.60倍,1.23倍,4.78%
20260716,1417,持田薬,4534,東P,,"3,110",-30,-0.96%,169,11.0倍,0.78倍,2.73%
20260716,1418,弘電社,1948,東S,,"11,420",0,0.00%,169,41.6倍,3.99倍,ー%
20260716,1419,リケンＮＰＲ,6209,東P,,"3,910",-45,-1.14%,169,11.7倍,0.66倍,5.37%
20260716,1420,平和堂,8276,東P,,"2,557",+6,+0.24%,168,12.9倍,0.65倍,2.58%
20260716,1421,アルファＰ,9467,東G,,"1,038",-20,-1.89%,168,11.8倍,1.93倍,2.60%
20260716,1422,ＫＰＰＧＨＤ,9274,東P,,"1,088",-7,-0.64%,167,13.6倍,0.76倍,3.68%
20260716,1423,リミックス,3825,東S,,207,-6,-2.82%,167,3.62倍,1.27倍,1.45%
20260716,1424,クオンツ総研,9552,東P,,857,-24,-2.72%,167,12.6倍,6.36倍,ー%
20260716,1425,エイベックス,7860,東P,,"1,264",+1,+0.08%,166,16.8倍,1.04倍,3.96%
20260716,1426,特種東海,3708,東P,,"2,074",-14,-0.67%,165,15.7倍,0.87倍,4.53%
20260716,1427,フージャース,3284,東P,,"1,239",-6,-0.48%,164,7.04倍,0.96倍,6.05%
20260716,1428,富士製薬,4554,東P,,"1,940",-26,-1.32%,164,22.6倍,0.99倍,2.53%
20260716,1429,インソース,6200,東P,,626,-3,-0.48%,163,12.0倍,4.23倍,4.71%
20260716,1430,マースＧＨＤ,6419,東P,,"3,120",-5,-0.16%,163,8.35倍,0.65倍,4.81%
20260716,1431,サン電子,6736,東S,,"8,950",-100,-1.10%,163,25.3倍,4.00倍,ー%
20260716,1432,ｉＦプ１５０,2017,東Ｅ,,"1,498",-12,-0.79%,163,ー倍,ー倍,ー%
20260716,1433,チヨダ,8185,東P,,993,-8,-0.80%,163,30.7倍,0.68倍,5.44%
20260716,1434,キユソ流通,9369,東S,,"3,190",-95,-2.89%,162,37.8倍,1.70倍,0.75%
20260716,1435,ミニストップ,9946,東P,,"1,830",-13,-0.71%,162,530倍,2.23倍,1.09%
20260716,1436,児玉化,4222,東S,,627,-23,-3.54%,161,6.96倍,0.34倍,1.59%
20260716,1437,日農薬,4997,東P,,"1,020",+6,+0.59%,161,10.8倍,0.94倍,3.73%
20260716,1438,リテールＰＡ,8167,東P,,"1,340",+37,+2.84%,160,10.6倍,0.63倍,2.99%
20260716,1439,コロンビア,146A,東S,,"3,325",-50,-1.48%,160,6.05倍,1.46倍,2.83%
20260716,1440,イー・ギャラ,8771,東P,,"1,866",-33,-1.74%,159,21.8倍,4.10倍,4.50%
20260716,1441,サンケイＲＥ,2972,東Ｒ,,"112,000","-1,800",-1.58%,159,ー倍,1.15倍,6.36%
20260716,1442,日精機,7287,東S,,"2,433",-17,-0.69%,159,14.0倍,0.60倍,3.70%
20260716,1443,日ギア,6356,東S,,"1,527",-51,-3.23%,159,12.4倍,1.50倍,0.65%
20260716,1444,応用地質,9755,東P,,"2,758",-33,-1.18%,159,16.1倍,0.80倍,3.99%
20260716,1445,スピー,4499,東S,,"2,204",-61,-2.69%,158,ー倍,3.71倍,ー%
20260716,1446,ＧＸＵＳＴ配,283A,東Ｅ,,"1,338",-17,-1.25%,157,ー倍,ー倍,ー%
20260716,1447,Ｄｅｆコン,4833,東G,,52,-1,-1.89%,157,2.82倍,1.57倍,ー%
20260716,1448,野村コア３０,1311,東Ｅ,,"2,073",-25,-1.19%,157,ー倍,ー倍,ー%
20260716,1449,日本電技,1723,東S,,"2,155",-44,-2.00%,156,15.8倍,2.93倍,2.60%
20260716,1450,ＤＮＣ,4246,東P,,"1,014",+4,+0.40%,156,7.17倍,0.74倍,5.62%
20260716,1451,ライフネット,7157,東P,,"1,706",-13,-0.76%,156,16.7倍,1.43倍,ー%
20260716,1452,ドウシシャ,7483,東P,,"2,959",-5,-0.17%,156,12.4倍,1.12倍,3.72%
20260716,1453,グリーＨＤ,3632,東P,,398,-1,-0.25%,156,ー倍,0.74倍,5.40%
20260716,1454,ＳＲＡＨＤ,3817,東P,,"4,575",0,0.00%,156,10.5倍,1.72倍,4.81%
20260716,1455,ＲｅＹｕｕ,9425,東S,,212,-23,-9.79%,156,ー倍,1.15倍,ー%
20260716,1456,東テク,9960,東P,,"4,120",0,0.00%,156,12.3倍,2.29倍,3.11%
20260716,1457,セ硝子,4044,東P,,"4,170",-95,-2.23%,155,14.4倍,0.84倍,4.08%
20260716,1458,ＦＰパートナ,7388,東P,,"2,246",+13,+0.58%,155,32.1倍,4.68倍,4.19%
20260716,1459,霞ヶ関ホテル,401A,東Ｒ,,"96,700","-1,100",-1.12%,155,ー倍,0.98倍,6.06%
20260716,1460,ウィルスマ,175A,東G,,690,+95,+15.97%,153,37.2倍,-29倍,ー%
20260716,1461,月島ＨＤ,6332,東P,,"2,651",-8,-0.30%,153,12.3倍,1.07倍,3.32%
20260716,1462,トーホー,8142,東P,,"1,365",-16,-1.16%,153,9.07倍,1.24倍,4.47%
20260716,1463,長府製,5946,東P,,"1,992",+1,+0.05%,153,17.8倍,0.49倍,2.31%
20260716,1464,ミツバ,7280,東P,,"1,165",-23,-1.94%,152,5.00倍,0.49倍,2.58%
20260716,1465,エスケーエレ,6677,東S,,"3,420",-5,-0.15%,151,11.1倍,1.00倍,4.44%
20260716,1466,プリマ,2281,東P,,"2,402",-15,-0.62%,150,16.1倍,0.99倍,3.33%
20260716,1467,セレス,3696,東P,,"2,145",-13,-0.60%,150,4.20倍,1.88倍,4.20%
20260716,1468,テレ東ＨＤ,9413,東P,,"3,640",+5,+0.14%,149,12.1倍,0.90倍,2.75%
20260716,1469,図研,6947,東P,,"4,645",+20,+0.43%,149,17.2倍,2.37倍,3.23%
20260716,1470,シグマ光機,7713,東S,,"2,007",-98,-4.66%,149,14.6倍,0.76倍,2.49%
20260716,1471,パイオラック,5988,東P,,"1,664",+9,+0.54%,149,57.2倍,0.62倍,5.53%
20260716,1472,ＢＴＣＪＰＮ,8105,東S,,135,-3,-2.17%,149,ー倍,2.18倍,ー%
20260716,1473,Ｇｅｎｋｙ,9267,東P,,"3,740",+5,+0.13%,148,14.5倍,1.94倍,0.35%
20260716,1474,理ビタ,4526,東P,,"3,145",-10,-0.32%,148,12.2倍,1.10倍,3.50%
20260716,1475,トーモク,3946,東P,,"4,245",-10,-0.24%,147,8.66倍,0.69倍,4.00%
20260716,1476,鈴木,6785,東P,,"3,140",-70,-2.18%,147,12.1倍,1.44倍,3.34%
20260716,1477,加藤産,9869,東P,,"6,120",-10,-0.16%,146,12.9倍,1.05倍,2.61%
20260716,1478,都築電,8157,東P,,"3,995",-125,-3.03%,146,12.7倍,1.51倍,4.76%
20260716,1479,ｉＦＥ科創板,2628,東Ｅ,,"4,260",-215,-4.80%,146,ー倍,ー倍,ー%
20260716,1480,綜研化学,4972,東S,,"3,455",-145,-4.03%,145,13.3倍,1.38倍,ー%
20260716,1481,木曽路,8160,東P,,"2,405",+6,+0.25%,144,32.3倍,2.14倍,1.25%
20260716,1482,ユシロ,5013,東S,,"2,927",+9,+0.31%,143,9.68倍,0.79倍,ー%
20260716,1483,ジーテクト,5970,東P,,"2,097",+2,+0.10%,143,6.91倍,0.40倍,4.67%
20260716,1484,くすりの窓口,5592,東G,,"2,408",+1,+0.04%,143,8.85倍,2.42倍,1.66%
20260716,1485,静ガス,9543,東P,,"1,240",-1,-0.08%,143,10.3倍,0.68倍,3.55%
20260716,1486,グリーンエナ,1436,東G,,"1,382",-113,-7.56%,143,21.4倍,3.01倍,0.43%
20260716,1487,ＤＭ三井製糖,2109,東P,,"3,330",-10,-0.30%,143,13.5倍,0.93倍,4.20%
20260716,1488,ｉＳ米２０Ｈ,2621,東Ｅ,,"1,017",+1,+0.10%,143,ー倍,ー倍,ー%
20260716,1489,ヤマタネ,9305,東P,,"2,097",-23,-1.08%,142,10.1倍,0.70倍,4.05%
20260716,1490,乾汽船,9308,東S,,"1,659",-18,-1.07%,142,14.3倍,1.12倍,2.09%
20260716,1491,スターゼン,8043,東P,,"1,282",-6,-0.47%,142,8.62倍,0.77倍,3.90%
20260716,1492,藤コンポ,5121,東P,,"2,540",-52,-2.01%,142,12.3倍,1.22倍,3.39%
20260716,1493,エイチワン,5989,東P,,"1,585",-31,-1.92%,142,4.06倍,0.56倍,4.42%
20260716,1494,ＭＸＪリート,1597,東Ｅ,,"1,881",-27,-1.42%,142,ー倍,ー倍,ー%
20260716,1495,大黒天,2791,東P,,"4,475",-30,-0.67%,142,12.8倍,0.98倍,0.87%
20260716,1496,サイバーセキ,4493,東G,,"1,869",-45,-2.35%,141,21.8倍,4.08倍,0.32%
20260716,1497,Ｔ＆Ｓ・Ｇ,4055,東G,,"1,645",-101,-5.78%,141,22.8倍,3.91倍,0.67%
20260716,1498,免疫生物研,4570,東G,,980,-49,-4.76%,141,26.3倍,4.95倍,0.77%
20260716,1499,ケイアイ不,3465,東P,,"3,705",+5,+0.14%,141,6.57倍,1.57倍,3.78%
20260716,1500,ｉＦＳＰ無,2247,東Ｅ,,"2,313",+5,+0.22%,141,ー倍,ー倍,ー%
20260716,1501,極洋,1301,東P,,"4,515",-25,-0.55%,141,7.45倍,0.69倍,3.54%
20260716,1502,ＪＢＣＣＨＤ,9889,東P,,"1,443",+9,+0.63%,140,14.5倍,3.52倍,3.47%
20260716,1503,オイレス,6282,東P,,"2,826",-25,-0.88%,139,16.2倍,1.02倍,3.36%
20260716,1504,カーバイド,4064,東P,,"3,365",-55,-1.61%,139,10.1倍,0.82倍,3.98%
20260716,1505,リケンテクノ,4220,東P,,"1,838",-34,-1.82%,139,12.9倍,1.29倍,2.94%
20260716,1506,東プレ,5975,東P,,"2,657",+4,+0.15%,139,8.57倍,0.53倍,3.76%
20260716,1507,ハードオフ,2674,東P,,"2,751",+35,+1.29%,138,11.6倍,1.89倍,3.34%
20260716,1508,トリプルアイ,5026,東G,,587,-98,-14.31%,138,ー倍,3.48倍,ー%
20260716,1509,杏林製薬,4569,東P,,"1,162",-8,-0.68%,138,44.5倍,0.47倍,2.15%
20260716,1510,リボミック,4591,東G,,70,-3,-4.11%,137,ー倍,1.38倍,ー%
20260716,1511,ムービン,421A,東G,,"4,160",+55,+1.34%,137,20.1倍,8.45倍,ー%
20260716,1512,グリムス,3150,東P,,"2,594",-15,-0.57%,136,11.2倍,3.08倍,3.59%
20260716,1513,テセック,6337,東S,,"2,344",-71,-2.94%,136,22.2倍,0.85倍,4.27%
20260716,1514,中北製,6496,東S,,"5,210",-290,-5.27%,136,11.4倍,0.65倍,2.21%
20260716,1515,フジ,8278,東P,,"1,969",+3,+0.15%,136,24.4倍,0.76倍,1.52%
20260716,1516,マイポックス,5381,東S,,887,-28,-3.06%,136,17.7倍,1.38倍,1.13%
20260716,1517,ＧＸロボ日株,2638,東Ｅ,,"2,700",-9,-0.33%,136,ー倍,ー倍,ー%
20260716,1518,岡本硝子,7746,東S,,781,-21,-2.62%,136,303倍,8.64倍,ー%
20260716,1519,高松グループ,1762,東P,,"3,680",+20,+0.55%,135,10.3倍,0.87倍,3.91%
20260716,1520,ソフトウェア,3733,東S,,"10,330",-170,-1.62%,135,8.54倍,1.26倍,1.65%
20260716,1521,ＭＸナスヘ有,2632,東Ｅ,,"17,975",-190,-1.05%,135,ー倍,ー倍,ー%
20260716,1522,エアトリ,6191,東P,,901,+8,+0.90%,135,33.2倍,1.16倍,ー%
20260716,1523,ｉＳ米債７Ｈ,1482,東Ｅ,,"1,551",+5,+0.32%,134,ー倍,ー倍,ー%
20260716,1524,アイチコーポ,6345,東P,,"1,400",-17,-1.20%,134,13.5倍,1.20倍,4.64%
20260716,1525,ハマキョウ,9037,東P,,"1,824",-19,-1.03%,134,12.5倍,1.38倍,2.52%
20260716,1526,アカツキ,3932,東P,,"2,869",-54,-1.85%,134,ー倍,0.77倍,ー%
20260716,1527,ブレーキ,7238,東P,,111,0,0.00%,133,12.1倍,0.94倍,ー%
20260716,1528,長谷川香料,4958,東P,,"3,255",-15,-0.46%,133,18.1倍,1.00倍,3.07%
20260716,1529,共英製鋼,5440,東P,,"1,843",-1,-0.05%,133,8.90倍,0.38倍,3.80%
20260716,1530,ゼンリン,9474,東P,,918,+1,+0.11%,133,19.6倍,1.00倍,4.58%
20260716,1531,三井松島ＨＤ,1518,東P,,"1,548",-13,-0.83%,132,8.09倍,1.03倍,4.78%
20260716,1532,高砂香,4914,東P,,"1,185",-10,-0.84%,132,12.3倍,0.75倍,4.39%
20260716,1533,あすか薬ＨＤ,4886,東P,,"2,213",-39,-1.73%,132,13.1倍,0.89倍,2.94%
20260716,1534,環境フレンド,3777,東G,,48,-2,-4.00%,132,ー倍,4.15倍,ー%
20260716,1535,ＮＴＴＤイン,3850,東S,,"2,890",-120,-3.99%,132,13.5倍,2.40倍,2.60%
20260716,1536,シリコンスタ,3907,東S,,693,-31,-4.28%,132,ー倍,1.19倍,ー%
20260716,1537,アネスト岩田,6381,東P,,"1,729",-24,-1.37%,131,17.2倍,1.33倍,5.38%
20260716,1538,ピーエス,1871,東P,,"2,232",0,0.00%,131,13.4倍,1.60倍,4.53%
20260716,1539,ＡｎｄＤｏ,3457,東P,,930,+3,+0.32%,130,12.0倍,0.97倍,4.95%
20260716,1540,ＤＩＴ,3916,東P,,973,-6,-0.61%,130,13.0倍,3.33倍,3.85%
20260716,1541,大戸屋ＨＤ,2705,東S,,"8,110",-80,-0.98%,130,42.1倍,14.3倍,0.25%
20260716,1542,ザイン,6769,東S,,"1,003",-64,-6.00%,130,"3,459倍",1.28倍,1.50%
20260716,1543,りたりこ,7366,東P,,"1,668",-32,-1.88%,130,17.2倍,3.96倍,0.90%
20260716,1544,ミラースＨＤ,8897,東P,,415,-4,-0.95%,129,6.93倍,0.66倍,5.54%
20260716,1545,建設技研,9621,東P,,"2,955",-17,-0.57%,129,11.5倍,1.19倍,2.64%
20260716,1546,ニシオＨＤ,9699,東P,,"4,070",-45,-1.09%,129,9.26倍,0.79倍,3.24%
20260716,1547,ゼリア新薬,4559,東P,,"2,040",-21,-1.02%,129,8.99倍,0.83倍,2.45%
20260716,1548,ＴＥＩＫＯＫ,6333,東P,,"3,220",-5,-0.16%,129,13.2倍,1.57倍,4.10%
20260716,1549,遠藤照明,6932,東S,,"2,479",+89,+3.72%,129,8.32倍,0.73倍,3.55%
20260716,1550,東証グロース,2516,東Ｅ,,570.0,-14.0,-2.40%,129,ー倍,ー倍,ー%
20260716,1551,メタルアート,5644,東S,,"7,730",+10,+0.13%,129,16.2倍,0.85倍,ー%
20260716,1552,日特建,1929,東P,,"1,116",-7,-0.62%,128,12.6倍,1.24倍,4.48%
20260716,1553,ノイル,4893,東G,,135,-4,-2.88%,128,ー倍,1.55倍,ー%
20260716,1554,渋谷工,6340,東P,,"4,310",-50,-1.15%,128,12.8倍,1.06倍,2.20%
20260716,1555,北日銀,8551,東P,,"6,360",+50,+0.79%,127,11.6倍,0.55倍,3.02%
20260716,1556,トピー,7231,東P,,"2,886",-19,-0.65%,127,10.4倍,0.43倍,4.68%
20260716,1557,メンバーズ,2130,東P,,"1,115",-44,-3.80%,127,8.23倍,2.15倍,3.14%
20260716,1558,中山鋼,5408,東P,,624,-6,-0.95%,126,9.67倍,0.31倍,3.21%
20260716,1559,ｉＦ高配５０,354A,東Ｅ,,"3,180",+10,+0.32%,126,ー倍,ー倍,ー%
20260716,1560,日リーテック,1938,東P,,"2,581",-7,-0.27%,125,10.4倍,0.92倍,3.76%
20260716,1561,紙パル商,8032,東P,,"1,144",-2,-0.17%,125,15.7倍,0.98倍,3.15%
20260716,1562,オリオン,409A,東P,,"1,203",-17,-1.39%,124,17.3倍,2.74倍,2.83%
20260716,1563,犬猫生活,556A,東G,,"2,186",-105,-4.58%,124,12.8倍,3.36倍,ー%
20260716,1564,ギフティＧ,590A,東P,,"1,021",-26,-2.48%,124,ー倍,3.57倍,1.57%
20260716,1565,ＳＢＩリーシ,5834,東G,,"2,730",-9,-0.33%,124,7.13倍,1.52倍,4.21%
20260716,1566,ｉＳ米高配当,2013,東Ｅ,,303.4,+3.0,+1.00%,124,ー倍,ー倍,ー%
20260716,1567,マイクロ波,9227,東G,,820,-24,-2.84%,124,ー倍,34.5倍,ー%
20260716,1568,バイタルＫＳ,3151,東P,,"1,614",-5,-0.31%,124,10.3倍,0.66倍,4.34%
20260716,1569,サンマルク,3395,東P,,"2,550",0,0.00%,123,18.9倍,1.74倍,2.12%
20260716,1570,ｇｕｍｉ,3903,東P,,243,-4,-1.62%,123,ー倍,0.63倍,ー%
20260716,1571,ＹＵＡＳＡ,8074,東P,,"5,520",-30,-0.54%,123,10.1倍,0.97倍,3.44%
20260716,1572,クレスコ,4674,東P,,"1,539",-8,-0.52%,123,11.2倍,1.85倍,4.55%
20260716,1573,リソー教育Ｇ,4714,東P,,199,-1,-0.50%,123,19.9倍,3.28倍,5.03%
20260716,1574,セントラルＳ,4801,東P,,"2,387",-4,-0.17%,123,18.2倍,1.00倍,1.68%
20260716,1575,日車両,7102,東P,,"3,595",-45,-1.24%,123,6.92倍,0.63倍,1.39%
20260716,1576,遠藤製作所,7841,東S,,"1,090",0,0.00%,122,9.58倍,0.42倍,3.67%
20260716,1577,エスビー,2805,東S,,"5,930",-140,-2.31%,122,17.7倍,1.52倍,1.01%
20260716,1578,不動テトラ,1813,東P,,"2,685",-37,-1.36%,121,12.7倍,1.07倍,4.28%
20260716,1579,福田組,1899,東P,,"3,820",+5,+0.13%,121,12.7倍,0.70倍,3.40%
20260716,1580,力の源ＨＤ,3561,東P,,"1,591",+19,+1.21%,121,26.5倍,3.95倍,1.51%
20260716,1581,グリーンズ,6547,東S,,"2,104",+29,+1.40%,121,6.54倍,3.57倍,2.47%
20260716,1582,ユーザーロカ,3984,東P,,"1,829",-6,-0.33%,121,18.9倍,3.03倍,1.31%
20260716,1583,日精化,4362,東P,,"2,639",+3,+0.11%,121,11.0倍,1.11倍,3.94%
20260716,1584,ＴＤＣソフト,4687,東P,,"1,008",-9,-0.88%,120,12.0倍,2.00倍,3.37%
20260716,1585,三洋貿易,3176,東P,,818,-8,-0.97%,120,9.82倍,0.87倍,3.67%
20260716,1586,三菱紙,3864,東P,,"1,095",-13,-1.17%,120,7.38倍,0.47倍,1.83%
20260716,1587,ストレジ王,2997,東G,,"1,337",+1,+0.07%,120,18.5倍,2.15倍,ー%
20260716,1588,クリングル,4884,東G,,340,-3,-0.87%,119,ー倍,3.12倍,ー%
20260716,1589,ヘルスケアＭ,3455,東Ｒ,,"110,000","-1,800",-1.61%,119,ー倍,1.02倍,5.75%
20260716,1590,ツバキナカ,6464,東P,,393,-8,-2.00%,119,30.1倍,0.39倍,ー%
20260716,1591,技研製,6289,東P,,"1,885",+10,+0.53%,118,21.7倍,1.22倍,2.86%
20260716,1592,アオイ電子,6832,東S,,"2,402",-114,-4.53%,118,117倍,0.62倍,2.25%
20260716,1593,文化シヤタ,5930,東P,,"1,920",-9,-0.47%,118,10.4倍,1.13倍,3.85%
20260716,1594,シーラＨＤ,8887,東S,,376,+12,+3.30%,118,9.39倍,0.79倍,3.72%
20260716,1595,中央自,8117,東S,,"2,163",+11,+0.51%,117,12.6倍,1.90倍,2.91%
20260716,1596,ＧＸ中国テク,380A,東Ｅ,,"1,049",+24,+2.34%,117,ー倍,ー倍,ー%
20260716,1597,フロンテオ,2158,東G,,642,-18,-2.73%,117,168倍,6.88倍,ー%
20260716,1598,カンロ,2216,東S,,"1,216",+29,+2.44%,117,14.9倍,2.66倍,2.71%
20260716,1599,山王,3441,東S,,"2,765",-179,-6.08%,117,9.16倍,1.42倍,0.90%
20260716,1600,鶴見製,6351,東P,,"2,328",-7,-0.30%,117,19.9倍,1.09倍,1.55%
20260716,1601,モリタＨＤ,6455,東P,,"2,417",-10,-0.41%,116,10.2倍,0.98倍,2.65%
20260716,1602,インスペック,6656,東S,,"1,192",-6,-0.50%,116,59.8倍,5.80倍,ー%
20260716,1603,野村鉄鋼非鉄,1623,東Ｅ,,"61,250","-2,940",-4.58%,116,ー倍,ー倍,ー%
20260716,1604,コスピベア,2034,東EN,,"1,949",+159,+8.88%,116,ー倍,ー倍,ー%
20260716,1605,フツパー,478A,東G,,737,-19,-2.51%,116,21.6倍,3.53倍,ー%
20260716,1606,ＭＯＲＥＳＣ,5018,東S,,"2,064",-105,-4.84%,116,12.2倍,0.79倍,2.66%
20260716,1607,出前館,2484,東S,,118,-5,-4.07%,116,ー倍,0.59倍,ー%
20260716,1608,カワチ薬品,2664,東P,,"3,390",-10,-0.29%,116,25.2倍,0.65倍,2.95%
20260716,1609,ハローズ,2742,東P,,"3,710",-50,-1.33%,116,9.15倍,1.01倍,1.94%
20260716,1610,クイック,4318,東P,,765,-11,-1.42%,115,15.2倍,2.19倍,4.97%
20260716,1611,エヌピーシー,6255,東G,,665,-6,-0.89%,115,26.2倍,1.37倍,1.50%
20260716,1612,ユニプレス,5949,東P,,"1,273",+2,+0.16%,115,12.6倍,0.43倍,5.50%
20260716,1613,東京綱,5981,東P,,"1,954",-56,-2.79%,114,10.0倍,0.73倍,3.58%
20260716,1614,ヒトコムＨＤ,4433,東P,,871,-27,-3.01%,114,102倍,0.92倍,4.31%
20260716,1615,モリト,9837,東P,,"1,798",-4,-0.22%,114,14.9倍,1.10倍,4.00%
20260716,1616,ワールドＨＤ,2429,東P,,"2,624",0,0.00%,114,6.65倍,0.96倍,5.19%
20260716,1617,ＧＸ超短米債,133A,東Ｅ,,"1,101",0,0.00%,114,ー倍,ー倍,ー%
20260716,1618,新光商,8141,東P,,"1,602",-20,-1.23%,114,32.7倍,0.87倍,ー%
20260716,1619,新晃工,6458,東P,,"1,265",-7,-0.55%,114,11.8倍,1.34倍,3.95%
20260716,1620,フルキャスト,4848,東P,,"1,642",-4,-0.24%,113,10.5倍,1.85倍,3.90%
20260716,1621,アサカ理研,5724,東S,,"2,390",-83,-3.36%,113,15.3倍,2.22倍,0.50%
20260716,1622,ＮＪＳ,2325,東P,,"4,360",-110,-2.46%,113,17.0倍,1.37倍,2.52%
20260716,1623,ＳＲＳＨＤ,8163,東P,,"1,277",-5,-0.39%,113,29.3倍,2.96倍,0.78%
20260716,1624,佐賀銀,8395,東P,,"5,800",-80,-1.36%,113,10.5倍,0.78倍,1.90%
20260716,1625,信和,3447,東S,,"1,005",+32,+3.29%,113,8.52倍,0.81倍,3.58%
20260716,1626,ＡＤＷＧ,2982,東P,,418,-3,-0.71%,113,6.66倍,0.96倍,4.78%
20260716,1627,ワンプラ,4199,東G,,903,-63,-6.52%,112,ー倍,7.60倍,ー%
20260716,1628,ノーリツ,5943,東P,,"2,337",-4,-0.17%,112,12.4倍,0.75倍,4.02%
20260716,1629,上場２２５Ｍ,1578,東Ｅ,,"5,341",-139,-2.54%,112,ー倍,ー倍,ー%
20260716,1630,ＷＴ小麦,1695,東Ｅ,,"3,500",+170,+5.11%,112,ー倍,ー倍,ー%
20260716,1631,イオンファン,4343,東P,,"2,740",-20,-0.72%,112,18.1倍,6.91倍,0.73%
20260716,1632,フォーカス,4662,東P,,"1,757",+11,+0.63%,111,10.5倍,1.67倍,3.87%
20260716,1633,ＣＩＪ,4826,東P,,503,-3,-0.59%,111,16.7倍,1.89倍,3.98%
20260716,1634,井関農,6310,東P,,"1,847",-28,-1.49%,111,13.9倍,0.56倍,2.44%
20260716,1635,トーセイＲ,3451,東Ｒ,,"134,000","-1,300",-0.96%,111,ー倍,1.18倍,5.71%
20260716,1636,アドソル日進,3837,東P,,"1,452",-34,-2.29%,111,15.2倍,3.63倍,3.31%
20260716,1637,サンワテク,8137,東P,,"3,845",-50,-1.28%,111,14.2倍,1.13倍,3.38%
20260716,1638,ａｂｃ,8783,東S,,74,-6,-7.50%,111,ー倍,0.36倍,ー%
20260716,1639,ワシントンＨ,4691,東S,,"2,398",-84,-3.38%,110,12.5倍,2.36倍,1.88%
20260716,1640,オークネット,3964,東P,,"1,429",+10,+0.70%,109,17.3倍,4.83倍,2.94%
20260716,1641,ミズホメディ,4595,東S,,"1,660",-4,-0.24%,109,9.82倍,1.72倍,6.02%
20260716,1642,ｉＳ高配当,1478,東Ｅ,,"5,157",-1,-0.02%,109,ー倍,ー倍,ー%
20260716,1643,明星工,1976,東P,,"1,861",-44,-2.31%,109,15.3倍,1.24倍,3.49%
20260716,1644,ガリレイ,6420,東P,,"3,280",-35,-1.06%,109,10.6倍,1.16倍,2.71%
20260716,1645,宮越ＨＤ,6620,東P,,712,-33,-4.43%,109,86.3倍,1.16倍,ー%
20260716,1646,ＭＥＲＦ,3168,東S,,"1,300",-32,-2.40%,109,6.54倍,1.53倍,2.31%
20260716,1647,多木化,4025,東P,,"4,975",-75,-1.49%,108,15.7倍,0.92倍,1.61%
20260716,1648,日本管財ＨＤ,9347,東P,,"2,761",+1,+0.04%,108,13.7倍,1.34倍,2.17%
20260716,1649,セーフィー,4375,東G,,662,-9,-1.34%,108,ー倍,4.01倍,ー%
20260716,1650,荏原実業,6328,東P,,"2,394",-38,-1.56%,108,12.5倍,1.87倍,3.13%
20260716,1651,ラクトＪ,3139,東P,,"3,465",-50,-1.42%,107,10.1倍,1.04倍,3.81%
20260716,1652,丸文,7537,東P,,"1,653",-34,-2.02%,107,10.9倍,0.76倍,4.66%
20260716,1653,テーオーシー,8841,東S,,915,-36,-3.79%,107,26.0倍,0.78倍,1.09%
20260716,1654,アンビスＨＤ,7071,東P,,382,-4,-1.04%,107,17.8倍,0.99倍,1.05%
20260716,1655,Ｏｎｅ高配当,1494,東Ｅ,,"43,910",-270,-0.61%,107,ー倍,ー倍,ー%
20260716,1656,中外炉,1964,東P,,"4,020",-60,-1.47%,107,11.2倍,0.90倍,4.48%
20260716,1657,オイシックス,3182,東P,,"1,580",-15,-0.94%,107,11.9倍,2.01倍,1.65%
20260716,1658,宮地エンジ,3431,東P,,"1,545",-16,-1.02%,107,20.5倍,0.96倍,4.85%
20260716,1659,野村高配ＣＦ,518A,東Ｅ,,"1,965",+1,+0.05%,107,ー倍,ー倍,ー%
20260716,1660,白銅,7637,東P,,"3,350",-75,-2.19%,106,11.8倍,1.49倍,3.82%
20260716,1661,アイピーエス,4390,東P,,"3,480",-65,-1.83%,106,10.8倍,2.42倍,1.15%
20260716,1662,バンクオブイ,4393,東G,,"4,930",-140,-2.76%,106,ー倍,2.95倍,ー%
20260716,1663,マツオカ,3611,東S,,"2,572",-27,-1.04%,106,7.94倍,0.68倍,4.47%
20260716,1664,ｉＳ新興国株,1658,東Ｅ,,"4,423",-7,-0.16%,106,ー倍,ー倍,ー%
20260716,1665,ＬＩＦＵＬＬ,2120,東P,,203,-1,-0.49%,105,13.7倍,0.96倍,2.57%
20260716,1666,Ｖコマース,2491,東P,,458,-14,-2.97%,105,ー倍,0.86倍,3.49%
20260716,1667,木村工機,6231,東S,,"12,930",+130,+1.02%,105,13.2倍,3.24倍,1.55%
20260716,1668,エディア,3935,東S,,730,-23,-3.05%,105,8.44倍,2.62倍,2.33%
20260716,1669,ＩＢＪ,6071,東P,,857,-24,-2.72%,104,13.9倍,3.00倍,1.52%
20260716,1670,タチエス,7239,東P,,"2,156",+2,+0.09%,104,8.60倍,0.71倍,5.33%
20260716,1671,イチネンＨＤ,9619,東P,,"2,378",+2,+0.08%,104,8.15倍,0.79倍,3.78%
20260716,1672,フィデアＨＤ,8713,東P,,"2,127",-9,-0.42%,104,11.9倍,0.45倍,3.53%
20260716,1673,まんだらけ,2652,東S,,462,+22,+5.00%,104,10.6倍,1.17倍,0.22%
20260716,1674,フジッコ,2908,東P,,"1,550",-11,-0.70%,104,35.6倍,0.63倍,2.97%
20260716,1675,丸大食,2288,東P,,"2,255",-3,-0.13%,103,8.42倍,0.71倍,3.55%
20260716,1676,ＩＭＶ,7760,東S,,"2,421",-102,-4.04%,103,20.9倍,2.96倍,1.24%
20260716,1677,北里,368A,東P,,"1,356",-4,-0.29%,103,13.4倍,2.65倍,3.02%
20260716,1678,北ガス,9534,東P,,774,-8,-1.02%,103,7.27倍,0.70倍,3.49%
20260716,1679,ベルク,9974,東P,,"6,460",-10,-0.15%,103,10.3倍,1.11倍,2.04%
20260716,1680,北の達人,2930,東P,,122,-6,-4.69%,102,23.2倍,2.21倍,2.87%
20260716,1681,エニグモ,3665,東P,,404,-3,-0.74%,102,32.5倍,1.54倍,7.43%
20260716,1682,ナガホリ,8139,東S,,"2,204",-3,-0.14%,102,56.3倍,2.39倍,0.68%
20260716,1683,近鉄百,8244,東S,,"1,905",-34,-1.75%,101,19.7倍,1.65倍,1.05%
20260716,1684,リプロセル,4978,東G,,127,-4,-3.05%,101,ー倍,1.41倍,ー%
20260716,1685,東計電算,4746,東S,,"4,800",-55,-1.13%,101,15.7倍,1.69倍,3.60%
20260716,1686,パラカ,4809,東P,,"2,079",-9,-0.43%,101,9.21倍,1.00倍,3.46%
20260716,1687,大日塗,4611,東P,,"1,388",-22,-1.56%,100,11.7倍,0.59倍,4.18%
20260716,1688,津田駒,6217,東S,,765,-10,-1.29%,100,48.9倍,1.93倍,ー%
20260716,1689,四電工,1939,東P,,"1,977",-24,-1.20%,100,14.2倍,1.32倍,4.25%
20260716,1690,エータイ,369A,東G,,"2,296",-125,-5.16%,100,17.1倍,2.99倍,2.35%
20260716,1691,キーコーヒー,2594,東P,,"1,983",-6,-0.30%,100,56.6倍,1.34倍,0.61%
20260716,1692,シンメンテ,6086,東G,,"1,051",+51,+5.10%,99,15.0倍,4.38倍,2.09%
20260716,1693,三社電機,6882,東S,,"1,144",-15,-1.29%,99,16.7倍,0.61倍,3.50%
20260716,1694,西部ガスＨＤ,9536,東P,,"2,316",-17,-0.73%,99,10.4倍,0.72倍,3.02%
20260716,1695,エンビプロ,5698,東S,,796,-14,-1.73%,98,12.6倍,1.26倍,2.76%
20260716,1696,ＡＩＦＣＧ,254A,東S,,"1,288",+8,+0.63%,98,22.4倍,2.39倍,ー%
20260716,1697,ソフトクリエ,3371,東P,,"2,001",0,0.00%,98,12.1倍,2.01倍,3.10%
20260716,1698,ジェイフロ,2934,東G,,"1,769",-36,-1.99%,98,17.2倍,7.69倍,ー%
20260716,1699,ＧＥＩ,9212,東G,,288,-51,-15.04%,98,22.4倍,1.71倍,ー%
20260716,1700,神島化,4026,東S,,"1,551",-23,-1.46%,97,ー倍,0.96倍,ー%
20260716,1701,トヨコー,341A,東G,,"1,994",-27,-1.34%,97,41.6倍,9.13倍,ー%
20260716,1702,オハラ,5218,東S,,"1,429",-42,-2.86%,97,24.2倍,0.65倍,1.75%
20260716,1703,ホクト,1379,東P,,"1,923",-11,-0.57%,97,11.5倍,0.93倍,3.22%
20260716,1704,野村ＪＰＸ,1591,東Ｅ,,"36,580",-430,-1.16%,97,ー倍,ー倍,ー%
20260716,1705,ソリトン,3040,東P,,"2,008",-22,-1.08%,96,15.9倍,2.78倍,2.99%
20260716,1706,八洲電機,3153,東P,,"2,781",-26,-0.93%,96,10.8倍,1.63倍,2.01%
20260716,1707,テイカ,4027,東P,,"2,341",-30,-1.27%,96,29.5倍,0.87倍,3.42%
20260716,1708,東証リート,2555,東Ｅ,,"1,865.0",-52.0,-2.71%,95,ー倍,ー倍,ー%
20260716,1709,ＳＢＩアルヒ,7198,東P,,805,-15,-1.83%,95,17.2倍,0.85倍,4.97%
20260716,1710,共同印,7914,東P,,"1,622",-25,-1.52%,95,10.7倍,0.69倍,4.93%
20260716,1711,三陽商,8011,東P,,"4,195",-20,-0.47%,95,10.3倍,1.07倍,4.39%
20260716,1712,弁護士ＣＯＭ,6027,東P,,"2,388",-3,-0.13%,95,27.2倍,7.65倍,ー%
20260716,1713,石川製,6208,東S,,"1,718",-62,-3.48%,94,16.7倍,1.75倍,1.16%
20260716,1714,ミタチ産業,3321,東S,,"1,565",-19,-1.20%,94,8.32倍,0.70倍,4.47%
20260716,1715,内海造,7018,東S,,"10,080",-270,-2.61%,93,17.1倍,1.26倍,0.40%
20260716,1716,大日精,4116,東P,,"1,077",-17,-1.55%,93,11.1倍,0.53倍,5.11%
20260716,1717,学研ＨＤ,9470,東P,,"1,012",-23,-2.22%,93,10.5倍,0.79倍,2.87%
20260716,1718,福井コン,9790,東P,,"3,130",-55,-1.73%,93,14.3倍,2.15倍,2.46%
20260716,1719,上場ＮＱヘ有,2569,東Ｅ,,"4,313",-44,-1.01%,93,ー倍,ー倍,ー%
20260716,1720,コニシ,4956,東P,,"1,462",-7,-0.48%,93,11.1倍,1.03倍,2.60%
20260716,1721,バンドー,5195,東P,,"2,264",-31,-1.35%,92,11.5倍,0.99倍,4.42%
20260716,1722,平河ヒューテ,5821,東P,,"3,250",-80,-2.40%,92,14.9倍,1.19倍,1.63%
20260716,1723,双葉電,6986,東P,,576,0,0.00%,92,ー倍,0.29倍,ー%
20260716,1724,純パラ信託,1543,東Ｅ,,"59,860","-1,940",-3.14%,92,ー倍,ー倍,ー%
20260716,1725,ミラタップ,3187,東G,,322,+31,+10.65%,92,25.1倍,2.00倍,ー%
20260716,1726,Ｃ＆Ｒ,4763,東P,,"1,480",+34,+2.35%,92,9.08倍,1.61倍,3.45%
20260716,1727,デンヨー,6517,東P,,"3,515",-25,-0.71%,92,12.0倍,0.86倍,3.41%
20260716,1728,トレイダーズ,8704,東S,,"1,294",-18,-1.37%,92,7.11倍,1.73倍,3.48%
20260716,1729,佐藤商,8065,東P,,"3,015",-55,-1.79%,91,9.46倍,0.81倍,2.89%
20260716,1730,フィンテック,8789,東S,,130,-3,-2.26%,91,5.44倍,1.83倍,3.85%
20260716,1731,グルメ杵屋,9850,東P,,967,+2,+0.21%,91,85.1倍,2.37倍,0.72%
20260716,1732,ネツレン,5976,東P,,"1,336",-8,-0.60%,91,28.7倍,0.74倍,5.31%
20260716,1733,ミダックＨＤ,6564,東P,,"2,174",+19,+0.88%,91,18.0倍,3.35倍,0.92%
20260716,1734,ＡＫＩＢＡ,6840,東S,,698,-25,-3.46%,91,ー倍,1.45倍,ー%
20260716,1735,イオン北海道,7512,東S,,848,-1,-0.12%,90,39.3倍,1.63倍,1.89%
20260716,1736,ハイレックス,7279,東S,,"2,169",+3,+0.14%,89,2.18倍,0.38倍,3.69%
20260716,1737,ミライアル,4238,東S,,"1,791",-58,-3.14%,89,ー倍,0.69倍,ー%
20260716,1738,日本空調,4658,東P,,"1,622",-20,-1.22%,89,14.4倍,1.84倍,3.51%
20260716,1739,ＣＡＣ,4725,東P,,"1,824",-11,-0.60%,89,ー倍,0.92倍,5.48%
20260716,1740,ＩＴＦＯＲ,4743,東P,,"1,658",-28,-1.66%,89,12.9倍,2.12倍,4.83%
20260716,1741,ダイドー,3205,東S,,757,-3,-0.39%,89,26.6倍,2.06倍,6.61%
20260716,1742,ホテルレジＲ,3472,東Ｒ,,"66,100","-1,000",-1.49%,89,ー倍,1.10倍,6.17%
20260716,1743,ＷＯＷＯＷ,4839,東P,,998,-16,-1.58%,89,47.1倍,0.41倍,3.01%
20260716,1744,フルッタ,2586,東G,,100,-3,-2.91%,89,114倍,1.60倍,ー%
20260716,1745,上場高配当,1698,東Ｅ,,"4,204",+9,+0.21%,88,ー倍,ー倍,ー%
20260716,1746,甜菜糖,2108,東P,,"4,695",-75,-1.57%,88,46.0倍,0.71倍,5.54%
20260716,1747,大阪製鉄,5449,東S,,"2,552",+15,+0.59%,88,58.7倍,0.69倍,ー%
20260716,1748,あさひ,3333,東P,,"1,341",-1,-0.07%,88,12.8倍,0.84倍,3.73%
20260716,1749,サムティＲ,3459,東Ｒ,,"94,600","-1,600",-1.66%,87,ー倍,0.94倍,5.50%
20260716,1750,スターツプロ,8979,東Ｒ,,"187,700","-2,100",-1.11%,87,ー倍,1.10倍,5.81%
20260716,1751,ｉＳ米債カバ,453A,東Ｅ,,789.0,-3.3,-0.42%,87,ー倍,ー倍,ー%
20260716,1752,菱製鋼,5632,東P,,"2,147",-34,-1.56%,87,10.5倍,0.67倍,4.84%
20260716,1753,ｉＳ米国株Ｈ,2563,東Ｅ,,402.5,+0.5,+0.12%,87,ー倍,ー倍,ー%
20260716,1754,デジハＨＤ,3676,東P,,732,-4,-0.54%,86,8.82倍,1.69倍,3.42%
20260716,1755,ジェイリース,7187,東P,,"1,359",-11,-0.80%,86,9.61倍,3.28倍,4.42%
20260716,1756,レダックス,7602,東S,,179,+9,+5.29%,86,21.2倍,0.79倍,1.12%
20260716,1757,ｉＦＴＰＷブ,1367,東Ｅ,,"3,038",-56,-1.81%,86,ー倍,ー倍,ー%
20260716,1758,内外テック,3374,東S,,"3,370",-100,-2.88%,85,11.8倍,0.92倍,3.26%
20260716,1759,小松ウオール,7949,東P,,"2,617",-21,-0.80%,85,15.1倍,1.17倍,5.16%
20260716,1760,カナデン,8081,東P,,"2,585",-41,-1.56%,85,14.4倍,1.13倍,3.87%
20260716,1761,ＲＹＯＤＥＮ,8084,東P,,"3,880",-30,-0.77%,85,17.8倍,0.88倍,3.87%
20260716,1762,エリアリンク,8914,東S,,882,-2,-0.23%,85,12.1倍,1.52倍,3.00%
20260716,1763,ＴＯＡ,6809,東P,,"1,585",-23,-1.43%,85,16.2倍,0.94倍,5.36%
20260716,1764,積水樹,4212,東P,,"2,631",-27,-1.02%,85,17.9倍,0.79倍,3.12%
20260716,1765,ナガイレーベ,7447,東P,,"1,752",+11,+0.63%,85,18.1倍,1.33倍,4.00%
20260716,1766,ワイズＨＤ,5955,東S,,83,-1,-1.19%,85,29.9倍,0.92倍,1.20%
20260716,1767,ｊｉｇ．ｊｐ,5244,東G,,187,+1,+0.54%,85,6.64倍,1.53倍,1.57%
20260716,1768,ライズＣＧ,9168,東G,,406,-10,-2.40%,85,14.8倍,1.45倍,5.17%
20260716,1769,アルバリンク,5537,東G,,"3,055",-45,-1.45%,85,19.8倍,12.0倍,ー%
20260716,1770,インフォメテ,281A,東G,,479,-36,-6.99%,85,ー倍,3.27倍,ー%
20260716,1771,ＧＸ高配３０,235A,東Ｅ,,"1,370",+22,+1.63%,84,ー倍,ー倍,ー%
20260716,1772,ヒラノテク,6245,東S,,"1,683",-48,-2.77%,84,23.2倍,0.65倍,4.99%
20260716,1773,寺崎電気,6637,東S,,"3,810",-100,-2.56%,84,12.4倍,0.84倍,1.47%
20260716,1774,エヌエフＨＤ,6864,東S,,"1,540",-47,-2.96%,84,15.4倍,0.83倍,2.34%
20260716,1775,農中Ｊリコア,2527,東Ｅ,,"1,114",-14,-1.24%,84,ー倍,ー倍,ー%
20260716,1776,明豊エンタ,8927,東S,,464,+1,+0.22%,84,5.68倍,1.27倍,3.23%
20260716,1777,オカモト,5122,東P,,"5,320",-70,-1.30%,84,18.8倍,0.82倍,2.26%
20260716,1778,Ｓクリプトエ,5721,東S,,61,-3,-4.69%,84,ー倍,2.31倍,ー%
20260716,1779,ＭＸ４００,1593,東Ｅ,,"37,430",-560,-1.47%,83,ー倍,ー倍,ー%
20260716,1780,加藤製,6390,東P,,"1,310",-15,-1.13%,83,ー倍,0.35倍,5.34%
20260716,1781,アゴーラＨＧ,9704,東S,,37,+2,+5.71%,83,39.4倍,1.78倍,ー%
20260716,1782,チムスピ,4397,東G,,392,-13,-3.21%,83,18.7倍,4.54倍,ー%
20260716,1783,ＦＤＫ,6955,東S,,412,-19,-4.41%,83,19.0倍,0.75倍,ー%
20260716,1784,イオン九州,2653,東S,,"2,805",-14,-0.50%,82,14.8倍,1.61倍,1.78%
20260716,1785,エニマインド,5027,東G,,546,-8,-1.44%,82,19.9倍,1.87倍,0.37%
20260716,1786,グロースｘＰ,244A,東G,,"1,118",-122,-9.84%,82,13.8倍,1.01倍,ー%
20260716,1787,ＧＸ高配日株,2564,東Ｅ,,"3,462",-6,-0.17%,82,ー倍,ー倍,ー%
20260716,1788,サガミＨＤ,9900,東P,,"1,773",+8,+0.45%,82,44.7倍,2.73倍,0.68%
20260716,1789,ナガセ,9733,東S,,"2,342",-9,-0.38%,81,12.8倍,1.51倍,5.12%
20260716,1790,ネットスタズ,5590,東G,,698,+8,+1.16%,81,24.0倍,1.51倍,ー%
20260716,1791,日産車体,7222,東S,,957,+5,+0.53%,81,9.26倍,0.71倍,ー%
20260716,1792,Ｊテック・Ｃ,3446,東S,,"1,531",-59,-3.71%,81,153倍,3.45倍,ー%
20260716,1793,マリモリート,3470,東Ｒ,,"105,500","-1,200",-1.12%,81,ー倍,0.99倍,6.64%
20260716,1794,ｅｎｉｓｈ,3667,東S,,32,0,0.00%,81,ー倍,1.81倍,ー%
20260716,1795,ＵＬＳグルプ,3798,東S,,558,-5,-0.89%,81,13.7倍,2.69倍,1.47%
20260716,1796,日工,6306,東P,,950,-1,-0.11%,81,13.8倍,0.98倍,4.42%
20260716,1797,やまみ,2820,東S,,"5,100",+155,+3.13%,81,22.0倍,3.14倍,1.61%
20260716,1798,大豊建,1822,東S,,791,-5,-0.63%,81,14.2倍,0.88倍,4.80%
20260716,1799,アトラエ,6194,東P,,828,+4,+0.49%,81,20.4倍,5.00倍,4.11%
20260716,1800,サインポスト,3996,東S,,208,-21,-9.17%,81,29.9倍,1.41倍,2.40%
20260716,1801,日特塗,4619,東S,,"2,414",-12,-0.49%,81,9.70倍,0.85倍,5.39%
20260716,1802,ナガワ,9663,東P,,"5,130",+40,+0.79%,80,24.1倍,1.15倍,1.17%
20260716,1803,ｉＦ米債先ベ,140A,東Ｅ,,"2,002",-6,-0.30%,80,ー倍,ー倍,ー%
20260716,1804,ファーマＦ,2929,東P,,595,-8,-1.33%,80,11.5倍,1.71倍,4.20%
20260716,1805,エイチーム,3662,東P,,"1,027",-6,-0.58%,80,31.8倍,2.19倍,2.73%
20260716,1806,ＢＵＦ,6676,東S,,"2,650",-58,-2.14%,80,14.0倍,1.46倍,2.26%
20260716,1807,ビーロット,3452,東S,,"1,500",+8,+0.54%,79,5.65倍,1.33倍,5.33%
20260716,1808,いちごホテル,3463,東Ｒ,,"121,600",-600,-0.49%,79,ー倍,0.97倍,5.87%
20260716,1809,アツギ,3529,東S,,"1,117",+7,+0.63%,79,ー倍,0.56倍,ー%
20260716,1810,ＢＢタワー,3776,東S,,286,-6,-2.05%,79,177倍,2.00倍,0.70%
20260716,1811,片倉,3001,東S,,"2,600",-55,-2.07%,79,11.4倍,0.82倍,2.31%
20260716,1812,三信電,8150,東P,,"2,817",-34,-1.19%,79,9.58倍,0.75倍,4.97%
20260716,1813,コスモスイニ,8844,東S,,"1,391",-20,-1.42%,79,6.55倍,0.83倍,3.81%
20260716,1814,ワンキャリア,4377,東G,,"2,108",-34,-1.59%,79,18.3倍,7.02倍,1.61%
20260716,1815,三和油化工業,4125,東S,,"3,650",+105,+2.96%,79,14.3倍,1.18倍,1.37%
20260716,1816,ジーイエット,7603,東S,,53,-2,-3.64%,78,4.46倍,1.27倍,ー%
20260716,1817,ハニーズＨＤ,2792,東P,,"1,405",0,0.00%,78,15.7倍,0.80倍,3.91%
20260716,1818,オエノンＨＤ,2533,東P,,497,-1,-0.20%,77,9.54倍,1.04倍,2.41%
20260716,1819,フジオフード,2752,東P,,"1,097",+3,+0.27%,77,513倍,6.42倍,0.27%
20260716,1820,ヨシックス,3221,東P,,"3,220",-45,-1.38%,77,14.0倍,2.49倍,0.99%
20260716,1821,レカム,3323,東S,,77,0,0.00%,77,19.4倍,1.13倍,1.56%
20260716,1822,エノモト,6928,東S,,"2,785",-93,-3.23%,77,13.1倍,0.79倍,2.76%
20260716,1823,日山村硝,5210,東S,,"2,772",-29,-1.04%,77,12.3倍,0.50倍,5.41%
20260716,1824,メタリアル,6182,東G,,495,-87,-14.95%,76,33.7倍,2.74倍,ー%
20260716,1825,ＴＶＥ,6466,東S,,"4,405",+30,+0.69%,76,19.9倍,0.80倍,0.91%
20260716,1826,ぷらっと,6836,東S,,833,-86,-9.36%,76,79.0倍,9.03倍,ー%
20260716,1827,アステナＨＤ,8095,東P,,512,-7,-1.35%,76,8.81倍,0.73倍,3.52%
20260716,1828,ゴールドクレ,8871,東S,,"3,385",+5,+0.15%,76,11.8倍,0.83倍,4.73%
20260716,1829,グロブライド,7990,東P,,"2,442",+12,+0.49%,75,9.41倍,0.80倍,4.10%
20260716,1830,ダイト,4577,東P,,"1,300",-13,-0.99%,75,12.3倍,0.69倍,3.46%
20260716,1831,ＩＤＨＤ,4709,東P,,"1,119",-8,-0.71%,75,12.7倍,2.50倍,4.47%
20260716,1832,ｍｅｉｔｏ,2207,東P,,"3,140",0,0.00%,75,24.4倍,0.82倍,2.55%
20260716,1833,トランシティ,9310,東P,,"1,249",-3,-0.24%,75,11.5倍,0.76倍,3.48%
20260716,1834,新東工,6339,東P,,"1,189",-17,-1.41%,75,11.2倍,0.56倍,4.04%
20260716,1835,ＪＡＬＣＯ,6625,東S,,350,0,0.00%,75,174倍,2.05倍,5.14%
20260716,1836,河西工,7256,東S,,425,-18,-4.06%,75,4.59倍,1.60倍,ー%
20260716,1837,松尾電,6969,東S,,"1,125",-65,-5.46%,74,9.18倍,1.38倍,1.33%
20260716,1838,グッドコムＡ,3475,東P,,"1,499",-1,-0.07%,74,9.48倍,3.07倍,3.07%
20260716,1839,イーソル,4420,東S,,817,-14,-1.68%,74,19.6倍,2.67倍,0.67%
20260716,1840,ブライトパス,4594,東G,,49,-3,-5.77%,74,ー倍,2.90倍,ー%
20260716,1841,ユトリ,5892,東G,,"2,060",-33,-1.58%,74,14.1倍,4.67倍,ー%
20260716,1842,リバーエレク,6666,東S,,749,-11,-1.45%,74,"3,121倍",1.34倍,1.34%
20260716,1843,ＧＸ超短円債,502A,東Ｅ,,900.2,0,0.00%,74,ー倍,ー倍,ー%
20260716,1844,ニチレキＧ,5011,東P,,"2,147",-21,-0.97%,74,14.2倍,0.77倍,3.96%
20260716,1845,トライアイズ,4840,東S,,653,-6,-0.91%,73,36.4倍,1.24倍,0.15%
20260716,1846,オロ,3983,東P,,"2,177",-20,-0.91%,73,15.5倍,3.29倍,2.30%
20260716,1847,リンクユーＧ,4446,東S,,807,-11,-1.34%,73,65.3倍,4.23倍,ー%
20260716,1848,新日本建,1879,東P,,"2,070",-23,-1.10%,73,6.92倍,0.90倍,3.72%
20260716,1849,フリービット,3843,東P,,"1,583",-17,-1.06%,73,9.87倍,3.90倍,2.59%
20260716,1850,カメイ,8037,東P,,"3,660",-55,-1.48%,73,10.2倍,0.65倍,3.55%
20260716,1851,帝ホテル,9708,東S,,998,-2,-0.20%,73,63.9倍,2.41倍,0.60%
20260716,1852,ＣＳＰ,9740,東P,,"2,846",+47,+1.68%,73,17.3倍,0.96倍,2.85%
20260716,1853,ヘリオスＴＨ,6927,東S,,932,+1,+0.11%,73,14.1倍,0.98倍,6.33%
20260716,1854,ゲームウィズ,6552,東S,,180,-39,-17.81%,72,ー倍,1.16倍,ー%
20260716,1855,Ａｉｍｉｎｇ,3911,東G,,199,-1,-0.50%,72,ー倍,1.32倍,ー%
20260716,1856,リズム,7769,東P,,"3,870",0,0.00%,72,18.1倍,0.91倍,4.33%
20260716,1857,エーアイテイ,9381,東P,,"2,300",-19,-0.82%,72,15.9倍,2.68倍,4.78%
20260716,1858,太洋物産,9941,東S,,"1,378",-36,-2.55%,72,18.4倍,3.10倍,ー%
20260716,1859,野村政策,605A,東Ｅ,,198.0,-6.2,-3.04%,72,ー倍,ー倍,ー%
20260716,1860,ブラインド,7989,東P,,"2,527",-6,-0.24%,72,15.5倍,0.90倍,4.75%
20260716,1861,メディアドゥ,3678,東P,,"1,313",-37,-2.74%,71,16.6倍,1.07倍,3.05%
20260716,1862,アバントＧ,3836,東P,,"1,189",-4,-0.34%,71,11.7倍,2.85倍,2.69%
20260716,1863,Ｊオイル,2613,東P,,"2,097",-9,-0.43%,71,13.9倍,0.63倍,3.81%
20260716,1864,フコク,5185,東P,,"1,852",-23,-1.23%,71,11.5倍,0.64倍,5.40%
20260716,1865,三谷セキ,5273,東S,,"1,784",+1,+0.06%,71,12.3倍,1.23倍,2.44%
20260716,1866,ホソミクロン,6277,東P,,"4,890",-55,-1.11%,71,13.8倍,1.01倍,2.86%
20260716,1867,かわでん,6648,東S,,"1,812",-58,-3.10%,71,9.87倍,1.43倍,3.64%
20260716,1868,野村インド株,1678,東Ｅ,,319.8,-1.0,-0.31%,71,ー倍,ー倍,ー%
20260716,1869,スズデン,7480,東S,,"2,416",-42,-1.71%,71,17.6倍,1.83倍,4.35%
20260716,1870,ＤＭＰ,3652,東G,,"2,270",-140,-5.81%,70,238倍,2.19倍,ー%
20260716,1871,ソースネクス,4344,東P,,108,-1,-0.92%,70,ー倍,2.95倍,ー%
20260716,1872,日創グループ,3440,東S,,888,-81,-8.36%,70,10.5倍,0.45倍,4.73%
20260716,1873,野村ダウＨ有,2846,東Ｅ,,"2,555",+5,+0.20%,70,ー倍,ー倍,ー%
20260716,1874,保土谷,4112,東P,,"2,090",-5,-0.24%,69,25.6倍,0.63倍,2.87%
20260716,1875,福島銀,8562,東S,,346,-3,-0.86%,69,13.4倍,0.51倍,1.45%
20260716,1876,稲葉製作,3421,東S,,"1,758",0,0.00%,69,14.8倍,0.62倍,2.50%
20260716,1877,中越パ,3877,東P,,"2,123",-6,-0.28%,69,16.7倍,0.44倍,5.65%
20260716,1878,エスコンＪＰ,2971,東Ｒ,,"117,100",-600,-0.51%,69,ー倍,1.04倍,6.03%
20260716,1879,ＷＴ金,1672,東Ｅ,,"60,630",+30,+0.05%,69,ー倍,ー倍,ー%
20260716,1880,じげん,3679,東P,,404,-3,-0.74%,68,9.13倍,1.78倍,3.34%
20260716,1881,ＳＫジャパン,7608,東S,,780,+5,+0.65%,68,9.57倍,1.95倍,3.08%
20260716,1882,ニチリン,5184,東S,,"4,060",-15,-0.37%,68,9.53倍,0.87倍,4.68%
20260716,1883,アーレスティ,5852,東P,,720,-10,-1.37%,68,35.9倍,0.32倍,4.72%
20260716,1884,シンワワイズ,2437,東S,,629,+28,+4.66%,68,67.9倍,3.29倍,ー%
20260716,1885,日経エンタメ,586A,東Ｅ,,212.8,+3.8,+1.82%,68,ー倍,ー倍,ー%
20260716,1886,ｉＳ米２５,237A,東Ｅ,,154.9,+0.4,+0.26%,68,ー倍,ー倍,ー%
20260716,1887,蝶理,8014,東P,,"3,910",-5,-0.13%,67,9.18倍,0.94倍,4.37%
20260716,1888,神鋼商,8075,東P,,"2,487",-6,-0.24%,67,7.30倍,0.66倍,5.23%
20260716,1889,カナミックＮ,3939,東P,,499,-2,-0.40%,67,17.3倍,4.73倍,1.80%
20260716,1890,積化成,4228,東P,,511,-19,-3.58%,67,9.32倍,0.46倍,3.33%
20260716,1891,生化学,4548,東P,,730,-10,-1.35%,67,17.7倍,0.53倍,4.11%
20260716,1892,ファンディノ,462A,東G,,239,-17,-6.64%,67,ー倍,1.21倍,ー%
20260716,1893,ひらまつ,2764,東S,,139,-7,-4.79%,67,34.1倍,1.61倍,0.88%
20260716,1894,ＰＣＡ,9629,東P,,"1,429",+8,+0.56%,67,36.0倍,1.52倍,2.80%
20260716,1895,高島,8007,東P,,786,-4,-0.51%,66,16.7倍,1.16倍,5.85%
20260716,1896,ＪＵＫＩ,6440,東P,,541,-8,-1.46%,66,10.7倍,0.50倍,2.77%
20260716,1897,マクビープラ,7095,東P,,"1,150",-12,-1.03%,66,7.54倍,1.14倍,4.78%
20260716,1898,スタ・アリス,2305,東S,,"1,953",-2,-0.10%,66,26.5倍,1.12倍,2.56%
20260716,1899,ジェリビンズ,3070,東G,,83,0,0.00%,66,42.1倍,1.36倍,ー%
20260716,1900,宮入バ,6495,東S,,121,-13,-9.70%,65,72.9倍,1.46倍,1.65%
20260716,1901,フィードワン,2060,東P,,"1,305",+5,+0.38%,65,7.68倍,0.81倍,3.98%
20260716,1902,マミーマート,9823,東S,,"1,050",+3,+0.29%,65,9.91倍,1.16倍,2.02%
20260716,1903,フライト,3753,東S,,195,-11,-5.34%,65,11.9倍,4.27倍,ー%
20260716,1904,Ａバランス,3856,東S,,495,-15,-2.94%,65,ー倍,0.25倍,0.61%
20260716,1905,カッパクリエ,7421,東P,,"1,546",-9,-0.58%,65,81.5倍,7.47倍,ー%
20260716,1906,レック,7874,東P,,963,+2,+0.21%,65,10.5倍,0.84倍,2.91%
20260716,1907,ステラファ,4888,東G,,319,-18,-5.34%,65,ー倍,4.74倍,ー%
20260716,1908,アセンテック,3565,東S,,411,-13,-3.07%,64,12.4倍,2.92倍,3.65%
20260716,1909,立花エレ,8159,東P,,"3,295",-45,-1.35%,64,12.1倍,0.69倍,3.64%
20260716,1910,ｉＦＳＰベ,2238,東Ｅ,,"5,300",-5,-0.09%,64,ー倍,ー倍,ー%
20260716,1911,１ｓｔコーポ,1430,東S,,"1,020",-18,-1.73%,64,5.91倍,1.10倍,5.00%
20260716,1912,ナカボテック,1787,東S,,"6,180",-120,-1.90%,64,16.4倍,1.62倍,4.21%
20260716,1913,アールビバン,7523,東S,,"1,902",+2,+0.11%,64,12.4倍,1.07倍,ー%
20260716,1914,萩原工業,7856,東P,,"1,789",+2,+0.11%,64,16.8倍,0.80倍,4.19%
20260716,1915,アンジェス,4563,東G,,50,0,0.00%,64,ー倍,10.3倍,ー%
20260716,1916,鎌倉新書,6184,東P,,534,0,0.00%,64,20.0倍,4.03倍,3.75%
20260716,1917,ポスプラ,198A,東G,,145,-14,-8.81%,63,ー倍,2.32倍,ー%
20260716,1918,ＷＡ,7683,東P,,"1,422",+2,+0.14%,63,30.8倍,2.55倍,1.20%
20260716,1919,ＭＳＯＬ,7033,東P,,"1,360",-13,-0.95%,63,10.5倍,3.56倍,3.68%
20260716,1920,中部飼,2053,東P,,"1,906",+2,+0.11%,63,7.93倍,0.75倍,3.99%
20260716,1921,西部技研,6223,東S,,"2,106",-49,-2.27%,62,10.6倍,1.30倍,3.32%
20260716,1922,ＧＸＵＳ配ヘ,2095,東Ｅ,,"1,156",-2,-0.17%,62,ー倍,ー倍,ー%
20260716,1923,ミーク,332A,東G,,"1,019",-31,-2.95%,62,12.1倍,1.98倍,ー%
20260716,1924,日東精,5957,東P,,774,-10,-1.28%,62,12.2倍,0.77倍,3.10%
20260716,1925,オリチェン,6380,東S,,"3,905",-40,-1.01%,62,68.6倍,3.27倍,0.51%
20260716,1926,河合楽,7952,東P,,"3,275",+80,+2.50%,62,17.6倍,0.60倍,2.90%
20260716,1927,あさくま,7678,東S,,"6,570",-70,-1.05%,62,84.3倍,10.0倍,ー%
20260716,1928,セントラルＲ,3488,東Ｒ,,"105,600",-400,-0.38%,62,ー倍,1.05倍,6.33%
20260716,1929,小野建,7414,東P,,"1,415",-7,-0.49%,62,8.43倍,0.37倍,4.88%
20260716,1930,菱友システム,4685,東S,,"2,896",-48,-1.63%,62,10.3倍,1.66倍,3.45%
20260716,1931,藤倉化,4620,東S,,967,-22,-2.22%,61,ー倍,0.57倍,ー%
20260716,1932,日本アクア,1429,東P,,742,-2,-0.27%,61,12.1倍,2.20倍,4.72%
20260716,1933,Ｏｎｅトピ,1473,東Ｅ,,"4,094",-67,-1.61%,61,ー倍,ー倍,ー%
20260716,1934,野村電機精密,1625,東Ｅ,,"64,800","-2,080",-3.11%,61,ー倍,ー倍,ー%
20260716,1935,北陸電工,1930,東P,,"1,616",+2,+0.12%,61,10.8倍,0.96倍,2.97%
20260716,1936,ジェネパ,3195,東S,,580,+16,+2.84%,61,26.3倍,2.25倍,ー%
20260716,1937,スタティアＨ,3393,東P,,"3,090",-30,-0.96%,61,12.3倍,3.44倍,4.69%
20260716,1938,ポールＨＤ,3657,東P,,335,-1,-0.30%,60,16.9倍,1.47倍,4.78%
20260716,1939,田岡化,4113,東S,,753,+5,+0.67%,60,43.2倍,0.55倍,0.80%
20260716,1940,アルプス技,4641,東P,,802,-4,-0.50%,60,10.7倍,2.08倍,4.49%
20260716,1941,ミガロＨＤ,5535,東P,,285,-6,-2.06%,60,12.2倍,1.21倍,3.16%
20260716,1942,コーディア,190A,東G,,79,-7,-8.14%,60,ー倍,2.63倍,ー%
20260716,1943,ＨＳＨＤ,8699,東S,,"1,142",-22,-1.89%,60,ー倍,0.34倍,ー%
20260716,1944,空港施設,8864,東S,,981,-2,-0.20%,60,14.3倍,0.79倍,4.28%
20260716,1945,青山財産,8929,東S,,"1,292",-15,-1.15%,60,11.7倍,2.70倍,4.49%
20260716,1946,ＦＪネクＨＤ,8935,東P,,"1,823",-13,-0.71%,60,5.69倍,0.74倍,4.39%
20260716,1947,チャームケア,6062,東P,,"1,359",-5,-0.37%,60,12.4倍,2.06倍,3.16%
20260716,1948,レオン,6272,東P,,"1,519",-10,-0.65%,60,10.2倍,0.95倍,3.95%
20260716,1949,アイホン,6718,東P,,"2,779",-21,-0.75%,60,14.2倍,0.65倍,4.68%
20260716,1950,マイクロアド,9553,東G,,627,-4,-0.63%,60,25.5倍,4.39倍,ー%
20260716,1951,ウネリー,5034,東G,,"2,330",-96,-3.96%,60,21.8倍,3.80倍,ー%
20260716,1952,グロバルＬＭ,3486,東P,,"1,924",-16,-0.82%,59,5.99倍,2.07倍,5.20%
20260716,1953,アスリナ,3647,東S,,116,-8,-6.45%,59,ー倍,3.06倍,ー%
20260716,1954,ＪＳＰ,7942,東P,,"2,469",-16,-0.64%,59,12.9倍,0.60倍,4.05%
20260716,1955,野村金融,1632,東Ｅ,,"42,090",-730,-1.70%,59,ー倍,ー倍,ー%
20260716,1956,インフ,438A,東G,,820,-28,-3.30%,59,35.6倍,3.06倍,ー%
20260716,1957,ＧＸ純金,425A,東Ｅ,,349.0,-0.3,-0.09%,58,ー倍,ー倍,ー%
20260716,1958,プロシップ,3763,東P,,"1,840",-4,-0.22%,58,20.2倍,4.15倍,2.28%
20260716,1959,アイネス,9742,東P,,"2,206",+8,+0.36%,58,27.0倍,1.24倍,2.49%
20260716,1960,ＪＨＤ,2721,東S,,142,+4,+2.90%,58,ー倍,12.7倍,ー%
20260716,1961,日金銭,6418,東P,,"1,065",-15,-1.39%,58,12.6倍,0.81倍,4.32%
20260716,1962,だいわ,6459,東P,,"1,657",-20,-1.19%,58,14.5倍,1.16倍,3.62%
20260716,1963,電気興,6706,東P,,"2,991",-39,-1.29%,58,11.3倍,0.71倍,3.51%
20260716,1964,安永,7271,東S,,954,-21,-2.15%,58,7.56倍,0.67倍,3.98%
20260716,1965,アルメディオ,7859,東S,,228,-5,-2.15%,58,ー倍,0.58倍,ー%
20260716,1966,東リ,7971,東S,,649,-9,-1.37%,58,10.8倍,0.71倍,5.24%
20260716,1967,岡部,5959,東P,,903,-7,-0.77%,57,10.8倍,0.64倍,4.65%
20260716,1968,上場ダウヘ有,2562,東Ｅ,,"3,669",+9,+0.25%,57,ー倍,ー倍,ー%
20260716,1969,電算システム,4072,東P,,"2,876",-48,-1.64%,57,11.8倍,1.23倍,3.48%
20260716,1970,ＤＷセラピ研,4576,東G,,81,-3,-3.57%,57,ー倍,3.54倍,ー%
20260716,1971,パパネッツ,9388,福Ｑ,Ｓ,"1,701",+300,+21.41%,57,9.69倍,1.89倍,2.94%
20260716,1972,日阪製,6247,東P,,"1,660",-49,-2.87%,57,18.1倍,0.69倍,3.31%
20260716,1973,フリュー,6238,東P,,"1,393",-3,-0.21%,56,14.8倍,1.56倍,2.87%
20260716,1974,オークワ,8217,東P,,782,-5,-0.64%,56,49.0倍,0.43倍,3.32%
20260716,1975,ＮＩＳＳＯ,9332,東P,,617,-6,-0.96%,56,9.89倍,1.13倍,4.05%
20260716,1976,ブルーイノベ,5597,東G,,"1,363",-30,-2.15%,56,ー倍,40.3倍,ー%
20260716,1977,ｉＦ高配４０,1651,東Ｅ,,"3,117",-10,-0.32%,56,ー倍,ー倍,ー%
20260716,1978,ＴＰＸベア,1569,東Ｅ,,751.9,+9.9,+1.33%,55,ー倍,ー倍,ー%
20260716,1979,松井建,1810,東S,,"1,454",-6,-0.41%,55,10.4倍,0.73倍,4.81%
20260716,1980,アイケイケイ,2198,東P,,766,+6,+0.79%,55,31.0倍,1.86倍,3.13%
20260716,1981,理想科学,6413,東P,,"1,020",+2,+0.20%,55,15.6倍,0.93倍,4.90%
20260716,1982,アーバネット,3242,東S,,494,-3,-0.60%,55,9.60倍,0.96倍,4.45%
20260716,1983,ベガコーポ,3542,東G,,"1,230",-27,-2.15%,55,14.2倍,1.81倍,1.46%
20260716,1984,サニックスＨ,4651,東S,,249,-4,-1.58%,55,11.9倍,1.08倍,1.20%
20260716,1985,野村ＳＰＨ無,2633,東Ｅ,,567.4,+0.4,+0.07%,55,ー倍,ー倍,ー%
20260716,1986,アップガレＧ,7134,東S,,"1,411",+74,+5.53%,55,12.3倍,2.18倍,3.01%
20260716,1987,リッジアイ,5572,東G,,"2,652",-85,-3.11%,55,30.9倍,3.24倍,ー%
20260716,1988,伊沢タオル,365A,東S,,783,+10,+1.29%,55,11.2倍,1.87倍,5.36%
20260716,1989,極東貿易,8093,東P,,"1,745",-6,-0.34%,55,8.50倍,0.65倍,4.24%
20260716,1990,ミツウロコＧ,8131,東S,,"2,096",-19,-0.90%,55,19.1倍,1.09倍,3.15%
20260716,1991,ＭｒＭａｘ,8203,東P,,795,+4,+0.51%,54,8.56倍,0.69倍,3.65%
20260716,1992,ＮＥＣキャピ,8793,東P,,"4,085",-20,-0.49%,54,8.80倍,0.68倍,3.67%
20260716,1993,ラクオリア,4579,東G,,476,-16,-3.25%,54,ー倍,1.54倍,ー%
20260716,1994,日進工具,6157,東S,,"1,005",-19,-1.86%,54,ー倍,1.34倍,ー%
20260716,1995,ＢｅｅＸ,4270,東G,,"1,776",-164,-8.45%,54,8.81倍,1.30倍,1.41%
20260716,1996,ＪＢＳ,5036,東P,,"1,564",-30,-1.88%,54,10.1倍,2.47倍,3.20%
20260716,1997,ツカダＧＨＤ,2418,東S,,596,-5,-0.83%,54,4.66倍,0.75倍,2.35%
20260716,1998,エフティ,2763,東S,,"1,128",+8,+0.71%,54,8.82倍,0.95倍,ー%
20260716,1999,ケンコーマヨ,2915,東P,,"2,036",-25,-1.21%,54,10.3倍,0.71倍,3.44%
20260716,2000,ホリイフード,3077,東S,,899,+59,+7.02%,54,9.90倍,4.60倍,ー%
20260716,2001,シンデンハイ,3131,東S,,"3,505",-65,-1.82%,53,7.77倍,0.88倍,3.85%
20260716,2002,キッズバイオ,4584,東G,,151,-7,-4.43%,53,ー倍,4.67倍,ー%
20260716,2003,日神ＧＨＤ,8881,東P,,667,-6,-0.89%,53,8.90倍,0.43倍,5.55%
20260716,2004,オカアイヨン,6294,東P,,"1,997",-27,-1.33%,53,9.46倍,0.89倍,3.81%
20260716,2005,ジャノメ,6445,東P,,"1,311",-27,-2.02%,53,11.0倍,0.63倍,4.58%
20260716,2006,ＰＢＲ１解消,2080,東Ｅ,,"2,033",0,0.00%,53,ー倍,ー倍,ー%
20260716,2007,ＧＸ革新優良,178A,東Ｅ,,"1,640",+13,+0.80%,53,ー倍,ー倍,ー%
20260716,2008,ｉＳＳＴ２０,313A,東Ｅ,,270.6,+0.6,+0.22%,53,ー倍,ー倍,ー%
20260716,2009,ＧＸＵＳＤＶ,2253,東Ｅ,,"1,365",+7,+0.52%,52,ー倍,ー倍,ー%
20260716,2010,ＭＶ東海,8198,東S,,"3,190",+10,+0.31%,52,10.9倍,1.06倍,2.66%
20260716,2011,戸田工,4100,東S,,"1,458",-38,-2.54%,52,16.9倍,0.93倍,ー%
20260716,2012,ＮＥＸＹＺ．,4346,東S,,857,-8,-0.92%,52,11.7倍,3.03倍,2.33%
20260716,2013,アイサンテク,4667,東S,,"2,080",-34,-1.61%,52,20.1倍,1.69倍,1.78%
20260716,2014,ファインデ,3649,東P,,872,-10,-1.13%,52,16.4倍,3.77倍,3.10%
20260716,2015,ＡＩストーム,3719,東S,,171,-8,-4.47%,52,24.5倍,2.23倍,1.75%
20260716,2016,システムリサ,3771,東P,,"1,821",-42,-2.25%,52,10.7倍,2.24倍,3.84%
20260716,2017,アイコム,6820,東P,,"3,315",+50,+1.53%,52,15.4倍,0.65倍,2.62%
20260716,2018,アライドＨＤ,6835,東S,,251,-3,-1.18%,52,12.4倍,1.21倍,3.59%
20260716,2019,ＥＭシステム,4820,東P,,521,+4,+0.77%,52,16.5倍,1.89倍,4.41%
20260716,2020,昭和ＨＤ,5103,東S,,19,-4,-17.39%,52,ー倍,1.31倍,ー%
20260716,2021,ソラスト,6197,東P,,"1,111",+1,+0.09%,52,ー倍,4.29倍,ー%
20260716,2022,石原ケミ,4462,東P,,"3,025",-105,-3.35%,51,15.0倍,1.67倍,1.59%
20260716,2023,野村情通サ他,1626,東Ｅ,,"44,390",-110,-0.25%,51,ー倍,ー倍,ー%
20260716,2024,ファンタジス,1783,東S,,50,0,0.00%,51,34.5倍,1.47倍,ー%
20260716,2025,日ロジテム,9060,東S,,"4,180",-280,-6.28%,51,8.09倍,0.34倍,1.91%
20260716,2026,オプティマス,9268,東S,,410,0,0.00%,51,8.77倍,0.67倍,4.39%
20260716,2027,ジェコス,9991,東P,,"1,593",-5,-0.31%,51,9.40倍,0.75倍,4.33%
20260716,2028,ｉＳロボット,2522,東Ｅ,,"8,655",-158,-1.79%,51,ー倍,ー倍,ー%
20260716,2029,プラスゼロ,5132,東G,,"2,012",+9,+0.45%,51,33.0倍,9.80倍,ー%
20260716,2030,ティムス,4891,東G,,100,-3,-2.91%,51,ー倍,1.80倍,ー%
20260716,2031,オカムラ食品,2938,東S,,"1,245",-6,-0.48%,51,24.3倍,3.29倍,0.64%
20260716,2032,シュッピン,3179,東P,,"1,086",-7,-0.64%,51,12.5倍,2.25倍,3.68%
20260716,2033,アクセルＭ,3624,東G,,68,-4,-5.56%,51,ー倍,10.8倍,ー%
20260716,2034,ヘッドウォ,4011,東G,,"2,059",-84,-3.92%,51,32.2倍,9.40倍,ー%
20260716,2035,ＡＢ＆Ｃ,9251,東G,,"1,350",+10,+0.75%,51,13.1倍,2.17倍,4.44%
20260716,2036,クリアル,2998,東G,,530,-10,-1.85%,51,9.00倍,1.67倍,1.51%
20260716,2037,ココナラ,4176,東G,,274,-6,-2.14%,50,17.1倍,2.74倍,ー%
20260716,2038,ＧＸゲー日株,2640,東Ｅ,,"3,598",+48,+1.35%,50,ー倍,ー倍,ー%
20260716,2039,アルインコ,5933,東P,,"1,081",-4,-0.37%,50,9.92倍,0.64倍,4.16%
20260716,2040,エラン,6099,東P,,781,-6,-0.76%,50,14.8倍,3.25倍,2.05%
20260716,2041,サイプレス,428A,東S,,"1,394",+27,+1.98%,50,34.2倍,6.64倍,0.72%
20260716,2042,野村国債Ｄイ,2251,東Ｅ,,884.6,+2.2,+0.25%,50,ー倍,ー倍,ー%
20260716,2043,ＭＸ高配日ア,2085,東Ｅ,,751.6,-0.4,-0.05%,50,ー倍,ー倍,ー%
20260716,2044,Ｓ＆Ｊ,5599,東G,,"1,180",+19,+1.64%,50,16.2倍,3.06倍,1.44%
20260716,2045,ＡＩＲＭＡＮ,6364,東P,,"1,913",+2,+0.10%,50,13.0倍,1.14倍,3.76%
20260716,2046,ダイコク電,6430,東P,,"2,370",-13,-0.55%,50,11.1倍,0.69倍,4.22%
20260716,2047,イクヨ,7273,東S,,627,+1,+0.16%,50,300倍,1.37倍,0.48%
20260716,2048,パンチ,6165,東S,,485,-9,-1.82%,49,12.1倍,0.58倍,4.12%
20260716,2049,ブランジスタ,6176,東S,,928,-9,-0.96%,49,6.71倍,2.01倍,7.00%
20260716,2050,ノムラシス,3940,東S,,119,-1,-0.83%,49,14.8倍,1.62倍,2.98%
20260716,2051,システムサポ,4396,東P,,"1,074",-18,-1.65%,49,12.1倍,3.24倍,2.89%
20260716,2052,有機薬,4531,東S,,353,-16,-4.34%,49,ー倍,0.57倍,2.83%
20260716,2053,ラクーンＨＤ,3031,東P,,618,-5,-0.80%,49,40.0倍,2.86倍,3.56%
20260716,2054,未来工業,7931,東P,,"3,270",-20,-0.61%,49,ー倍,0.95倍,3.06%
20260716,2055,三精テクノロ,6357,東S,,"2,397",+7,+0.29%,49,8.02倍,0.83倍,3.96%
20260716,2056,アンビＤＸ,3300,東G,,"2,139",-21,-0.97%,49,5.70倍,1.77倍,5.14%
20260716,2057,バロック,3548,東P,,740,-2,-0.27%,49,35.9倍,1.99倍,5.14%
20260716,2058,マテリアルＧ,156A,東G,,872,-5,-0.57%,49,13.5倍,3.53倍,2.99%
20260716,2059,スカイマーク,9204,東G,,425,-10,-2.30%,48,32.0倍,0.75倍,ー%
20260716,2060,ソラコム,147A,東G,,"1,109",-5,-0.45%,48,71.9倍,4.60倍,ー%
20260716,2061,令和ＡＨ,296A,東G,,750,0,0.00%,48,19.5倍,10.6倍,4.40%
20260716,2062,クオンタムＳ,2338,東S,,133,-5,-3.62%,48,ー倍,-9.6倍,ー%
20260716,2063,ＹＫＴ,2693,東S,,383,-7,-1.79%,48,26.2倍,0.55倍,1.31%
20260716,2064,新田ゼラチン,4977,東S,,"1,318",+10,+0.76%,48,10.0倍,0.99倍,3.03%
20260716,2065,ナ・デックス,7435,東S,,"1,202",-40,-3.22%,48,9.07倍,0.47倍,3.33%
20260716,2066,群栄化,4229,東P,,"4,605",-95,-2.02%,48,ー倍,0.56倍,ー%
20260716,2067,カイオム,4583,東G,,73,-4,-5.19%,48,ー倍,4.29倍,ー%
20260716,2068,アルトナー,2163,東P,,"2,018",+2,+0.10%,48,17.1倍,4.17倍,4.26%
20260716,2069,明治電機工業,3388,東P,,"2,221",-34,-1.51%,48,9.15倍,0.74倍,4.32%
20260716,2070,ＷＨＤＣ,3823,東S,,34,0,0.00%,48,ー倍,3.22倍,ー%
20260716,2071,不二家,2211,東P,,"2,462",-2,-0.08%,47,30.2倍,1.06倍,1.22%
20260716,2072,農中東証指数,2524,東Ｅ,,"4,178",-40,-0.95%,47,ー倍,ー倍,ー%
20260716,2073,トヨクモ,4058,東G,,"2,235",-13,-0.58%,47,18.6倍,5.89倍,1.21%
20260716,2074,Ｉｎｅ,4933,東P,,"1,232",-13,-1.04%,47,ー倍,1.20倍,1.22%
20260716,2075,Ｄｍミックス,7354,東S,,350,0,0.00%,47,9.11倍,1.07倍,2.71%
20260716,2076,サックスバー,9990,東P,,762,+2,+0.26%,47,10.6倍,0.72倍,4.59%
20260716,2077,鳥取銀,8383,東S,,"1,654",-9,-0.54%,47,9.67倍,0.30倍,3.02%
20260716,2078,明和地所,8869,東S,,826,-11,-1.31%,47,6.68倍,0.52倍,4.84%
20260716,2079,清水銀,8364,東P,,"2,681",-31,-1.14%,46,12.1倍,0.38倍,2.24%
20260716,2080,ＧＸテック日,2854,東Ｅ,,"2,673",-58,-2.12%,46,ー倍,ー倍,ー%
20260716,2081,三重交ＨＤ,3232,東P,,542,-3,-0.55%,46,9.08倍,0.78倍,3.69%
20260716,2082,リアルゲイト,5532,東G,,"3,615",-25,-0.69%,46,32.4倍,5.90倍,ー%
20260716,2083,ヒビノ,2469,東S,,"2,741",-81,-2.87%,46,10.5倍,1.94倍,3.28%
20260716,2084,ＭＸＪリコア,2517,東Ｅ,,"1,116.0",-34.0,-2.96%,46,ー倍,ー倍,ー%
20260716,2085,コプロＨＤ,7059,東P,,798,-8,-0.99%,46,18.5倍,3.09倍,5.64%
20260716,2086,セルシード,7776,東G,,224,-10,-4.27%,46,ー倍,4.41倍,ー%
20260716,2087,ワタミ,7522,東P,,943,-1,-0.11%,45,ー倍,2.14倍,ー%
20260716,2088,焼肉坂井ＨＤ,2694,東S,,72,+1,+1.41%,45,160倍,2.72倍,ー%
20260716,2089,ポラリスＨＤ,3010,東S,,196,-2,-1.01%,45,28.7倍,1.43倍,5.10%
20260716,2090,薬王堂ＨＤ,7679,東P,,"1,714",+16,+0.94%,45,8.27倍,0.82倍,1.75%
20260716,2091,恵和,4251,東P,,"1,218",-16,-1.30%,45,7.39倍,0.93倍,4.11%
20260716,2092,ｅＷｅＬＬ,5038,東G,,"2,025",-34,-1.65%,45,23.1倍,9.74倍,1.04%
20260716,2093,ＮＡＮＯＨＤ,4571,東G,,102,-4,-3.77%,45,ー倍,2.40倍,ー%
20260716,2094,ソーダニッカ,8158,東P,,"1,177",-22,-1.83%,45,11.0倍,0.80倍,3.74%
20260716,2095,大光銀,8537,東S,,"2,771",-30,-1.07%,45,8.00倍,0.33倍,3.83%
20260716,2096,ヨシコン,5280,東S,,"2,279",-25,-1.09%,45,5.60倍,0.53倍,3.95%
20260716,2097,キャリアＬ,6070,東P,,"2,345",-2,-0.09%,45,9.91倍,1.75倍,5.12%
20260716,2098,山陽電,9052,東P,,"1,985",-8,-0.40%,45,14.7倍,0.71倍,2.52%
20260716,2099,Ｄｅｎｋｅｉ,9908,東S,,"2,703",+23,+0.86%,45,8.77倍,0.94倍,4.03%
20260716,2100,椿本興,8052,東P,,"2,836",-7,-0.25%,44,9.83倍,1.04倍,3.17%
20260716,2101,さいか屋,8254,東S,,266,-23,-7.96%,44,14.1倍,1.21倍,1.88%
20260716,2102,ステムリム,4599,東G,,297,-6,-1.98%,44,ー倍,4.04倍,ー%
20260716,2103,ジーネクスト,4179,東G,,418,-12,-2.79%,44,ー倍,29.8倍,ー%
20260716,2104,ｕｐｒ,7065,東S,,"1,077",+19,+1.80%,44,11.3倍,0.86倍,3.44%
20260716,2105,Ｔワークス,3997,東S,,367,+8,+2.23%,44,49.7倍,5.62倍,0.54%
20260716,2106,モンラボ,5255,東G,,92,-4,-4.17%,44,ー倍,7.97倍,ー%
20260716,2107,ガーデン,274A,東S,,"2,300",-2,-0.09%,44,19.6倍,2.21倍,3.91%
20260716,2108,日精線,5659,東P,,"1,447",-25,-1.70%,44,15.9倍,1.04倍,3.18%
20260716,2109,アバール,6918,東S,,"3,215",-115,-3.45%,44,20.6倍,0.92倍,3.30%
20260716,2110,ジーニー,6562,東G,,"1,006",-17,-1.66%,43,9.56倍,ー倍,ー%
20260716,2111,愛電機,6623,名P,,"9,000",-50,-0.55%,43,12.1倍,0.97倍,3.11%
20260716,2112,早稲アカ,4718,東P,,"2,421",+8,+0.33%,43,16.3倍,2.70倍,3.10%
20260716,2113,ニッピ,7932,東S,,"12,150",+20,+0.16%,43,12.2倍,0.83倍,5.77%
20260716,2114,ゼビオＨＤ,8281,東P,,"1,097",+2,+0.18%,43,6.05倍,0.39倍,3.19%
20260716,2115,カンダ,9059,東S,,867,-62,-6.67%,43,7.27倍,0.66倍,3.00%
20260716,2116,ビート,9399,東S,,13,0,0.00%,43,ー倍,ー倍,ー%
20260716,2117,広ガス,9535,東P,,420,-1,-0.24%,43,13.1倍,0.40倍,2.86%
20260716,2118,Ｒフィールド,2910,東P,,"1,347",-4,-0.30%,43,113倍,1.23倍,1.78%
20260716,2119,タングス,6998,東S,,"1,964",-46,-2.29%,43,13.3倍,0.72倍,3.05%
20260716,2120,扶桑電通,7505,東S,,"2,197",-93,-4.06%,43,9.90倍,1.43倍,4.05%
20260716,2121,愛時計,7723,東P,,"3,045",-5,-0.16%,43,10.1倍,0.89倍,3.94%
20260716,2122,Ｎｏ．１,3562,東S,,"1,591",-7,-0.44%,43,10.6倍,2.57倍,4.97%
20260716,2123,Ｍラインズ,3901,東P,,"1,365",-14,-1.02%,43,10.5倍,2.77倍,4.25%
20260716,2124,ベースフード,2936,東G,,275,-15,-5.17%,43,ー倍,13.0倍,ー%
20260716,2125,トリプラ,5136,東G,,"1,840",-78,-4.07%,43,18.2倍,5.35倍,ー%
20260716,2126,野村Ａ高配,2084,東Ｅ,,"3,734",-41,-1.09%,42,ー倍,ー倍,ー%
20260716,2127,高知銀,8416,東S,,"1,197",+3,+0.25%,42,6.32倍,0.31倍,2.09%
20260716,2128,スターシーズ,3083,東S,,977,-1,-0.10%,42,14.1倍,3.11倍,1.02%
20260716,2129,グランディ,8999,東P,,543,-1,-0.18%,42,14.3倍,0.63倍,5.89%
20260716,2130,ビジ太田昭,9658,東P,,"1,035",-4,-0.38%,42,11.8倍,1.09倍,4.54%
20260716,2131,トーカイ,9729,東P,,"2,413",-23,-0.94%,42,12.2倍,0.89倍,3.32%
20260716,2132,野村医薬品,1621,東Ｅ,,"29,170",+255,+0.88%,42,ー倍,ー倍,ー%
20260716,2133,ＷＴ銅,1693,東Ｅ,,"8,862",+52,+0.59%,41,ー倍,ー倍,ー%
20260716,2134,守谷商会,1798,東S,,"1,099",-72,-6.15%,41,7.05倍,0.64倍,3.46%
20260716,2135,ウェルネオＳ,2117,東P,,"2,683",-26,-0.96%,41,13.5倍,1.14倍,4.44%
20260716,2136,ヨロズ,7294,東P,,881,-8,-0.90%,41,16.5倍,0.34倍,3.75%
20260716,2137,リックス,7525,東P,,"3,555",-20,-0.56%,41,9.61倍,1.00倍,4.56%
20260716,2138,ダイヤＨＤ,6699,東S,,482,-7,-1.43%,41,554倍,0.40倍,5.19%
20260716,2139,日シス技術,4323,東P,,"1,841",-12,-0.65%,41,15.4倍,2.72倍,2.72%
20260716,2140,ＣＴＳ,4345,東P,,858,-6,-0.69%,41,13.0倍,2.25倍,3.50%
20260716,2141,ｉＦＳＰＷベ,2249,東Ｅ,,"9,635",-21,-0.22%,41,ー倍,ー倍,ー%
20260716,2142,プログレス,339A,東G,,875,-8,-0.91%,41,6.63倍,1.16倍,3.43%
20260716,2143,上場高配５０,399A,東Ｅ,,"2,212",+4,+0.18%,41,ー倍,ー倍,ー%
20260716,2144,ｉＳＱＴＯＰ,392A,東Ｅ,,284.7,-3.7,-1.28%,41,ー倍,ー倍,ー%
20260716,2145,ネクストーン,7094,東G,,"1,444",-21,-1.43%,41,14.1倍,2.54倍,1.52%
20260716,2146,ペイクラウド,4015,東G,,576,0,0.00%,41,24.9倍,1.95倍,ー%
20260716,2147,ビーウィズ,9216,東P,,"1,634",-6,-0.37%,41,24.7倍,2.70倍,4.71%
20260716,2148,東北新社,2329,東S,,499,0,0.00%,40,ー倍,0.80倍,ー%
20260716,2149,ライク,2462,東P,,"1,515",-17,-1.11%,40,11.4倍,1.53倍,3.96%
20260716,2150,ｉシェア４百,1364,東Ｅ,,"3,773",-47,-1.23%,40,ー倍,ー倍,ー%
20260716,2151,Ｏｎｅ設備,1484,東Ｅ,,"3,616.0",-3.0,-0.08%,40,ー倍,ー倍,ー%
20260716,2152,ＩＴメディア,2148,東P,,"1,182",+2,+0.17%,40,16.7倍,2.66倍,4.23%
20260716,2153,高圧ガス,4097,東P,,"1,111",-10,-0.89%,40,13.3倍,0.73倍,3.60%
20260716,2154,ぴあ,4337,東P,,"2,729",-22,-0.80%,40,27.9倍,3.90倍,1.10%
20260716,2155,東京産,8070,東P,,836,0,0.00%,40,12.9倍,0.87倍,4.78%
20260716,2156,コンヴァノ,6574,東G,,90,-2,-2.17%,40,7.71倍,4.12倍,1.11%
20260716,2157,アジア航,9233,東S,,"1,133",-2,-0.18%,40,12.4倍,0.88倍,3.88%
20260716,2158,ラックランド,9612,東P,,"1,253",-30,-2.34%,40,5.61倍,1.10倍,3.19%
20260716,2159,クリナップ,7955,東P,,942,-3,-0.32%,39,9.36倍,0.55倍,3.50%
20260716,2160,ＳＭＤトピク,2557,東Ｅ,,"4,078",-47,-1.14%,39,ー倍,ー倍,ー%
20260716,2161,ＧＸメタ日株,2646,東Ｅ,,"3,523",-142,-3.87%,39,ー倍,ー倍,ー%
20260716,2162,ＩＧＳ,4265,東G,,361,+1,+0.28%,39,246倍,3.61倍,ー%
20260716,2163,スマートＤ,5137,東G,,221,-11,-4.74%,39,9.27倍,6.15倍,ー%
20260716,2164,ヒューマンＴ,5621,東G,,"1,713",+50,+3.01%,39,14.8倍,3.12倍,2.04%
20260716,2165,インテージＨ,4326,東P,,"1,867",-29,-1.53%,39,22.3倍,2.04倍,2.57%
20260716,2166,シンバイオ,4582,東G,,70,-3,-4.11%,39,ー倍,-104倍,ー%
20260716,2167,フェイスＮＷ,3489,東S,,811,-7,-0.86%,39,6.33倍,1.94倍,5.55%
20260716,2168,ＥＴＳ・Ｇ,253A,東S,,"1,105",-21,-1.87%,38,14.2倍,1.87倍,2.08%
20260716,2169,エコス,7520,東P,,"2,428",-8,-0.33%,38,7.71倍,0.92倍,2.88%
20260716,2170,Ｊティッシュ,7774,東G,,653,-20,-2.97%,38,265倍,5.21倍,ー%
20260716,2171,ぐるなび,2440,東S,,127,-2,-1.55%,38,ー倍,1.38倍,ー%
20260716,2172,ラサ商事,3023,東S,,"1,821",-17,-0.92%,38,9.60倍,0.82倍,4.39%
20260716,2173,ヤマト,1967,東S,,"2,030",-32,-1.55%,38,10.6倍,1.06倍,3.79%
20260716,2174,ダブスタ,3925,東P,,"1,206",-2,-0.17%,38,13.6倍,2.44倍,5.80%
20260716,2175,ＮＣＤ,4783,東S,,"2,450",-23,-0.93%,38,10.7倍,2.32倍,4.90%
20260716,2176,エアーテック,6291,東S,,"1,295",+2,+0.15%,38,12.0倍,0.90倍,4.25%
20260716,2177,チノー,6850,東P,,"1,629",-24,-1.45%,38,12.5倍,1.15倍,3.68%
20260716,2178,ＰＲＯＮＩ,479A,東G,,"1,434",-12,-0.83%,38,7.07倍,3.63倍,ー%
20260716,2179,リソル,5261,東P,,"7,720",-60,-0.77%,38,22.0倍,2.34倍,1.55%
20260716,2180,ＳＥＣカーボ,5304,東S,,"2,430",-48,-1.94%,38,16.1倍,0.62倍,4.12%
20260716,2181,アサヒエイト,5341,東S,,171,-17,-9.04%,38,ー倍,1.06倍,ー%
20260716,2182,ヨータイ,5357,東P,,"1,752",-7,-0.40%,38,12.4倍,0.94倍,5.14%
20260716,2183,西部電機,6144,東S,,"3,020",-95,-3.05%,38,15.1倍,1.35倍,2.98%
20260716,2184,冨士ダイス,6167,東P,,963,-15,-1.53%,38,36.3倍,0.92倍,4.15%
20260716,2185,ベルテクス,5290,東S,,"1,350",-23,-1.68%,37,14.1倍,1.51倍,2.96%
20260716,2186,イーガーディ,6050,東P,,"1,770",+18,+1.03%,37,19.9倍,1.71倍,2.15%
20260716,2187,バリューＨＲ,6078,東P,,"1,494",-6,-0.40%,37,38.0倍,6.05倍,1.87%
20260716,2188,ウィルＧ,6089,東P,,"1,086",-5,-0.46%,37,11.3倍,1.23倍,4.05%
20260716,2189,キャリアデザ,2410,東P,,"2,907",+4,+0.14%,37,12.1倍,3.30倍,5.50%
20260716,2190,ペッパー,3053,東S,,183,-1,-0.54%,37,226倍,3.24倍,ー%
20260716,2191,イントランス,3237,東G,,101,-1,-0.98%,37,138倍,23.4倍,ー%
20260716,2192,リネットＪ,3556,東G,,798,-1,-0.13%,37,9.77倍,8.08倍,ー%
20260716,2193,ほぼ日,3560,東S,,"4,255",+80,+1.92%,37,20.6倍,1.77倍,2.12%
20260716,2194,ソフトＭＡＸ,3671,東S,,335,+5,+1.52%,37,13.9倍,2.09倍,2.99%
20260716,2195,オプティム,3694,東P,,402,-8,-1.95%,37,ー倍,2.36倍,ー%
20260716,2196,トマト銀,8542,東S,,"1,566",-21,-1.32%,37,9.85倍,0.38倍,3.19%
20260716,2197,大庄,9979,東S,,"1,090",-3,-0.27%,37,24.9倍,1.97倍,1.28%
20260716,2198,幸楽苑,7554,東P,,"1,120",+4,+0.36%,37,17.1倍,3.00倍,1.34%
20260716,2199,ＰＳＳ,7707,東G,,213,-5,-2.29%,37,26.8倍,1.50倍,ー%
20260716,2200,マーベラス,7844,東P,,453,-2,-0.44%,37,13.7倍,0.99倍,3.31%
20260716,2201,ｉＳ米債１３,2620,東Ｅ,,375.1,+0.8,+0.21%,37,ー倍,ー倍,ー%
20260716,2202,グリッド,5582,東G,,"1,998",+4,+0.20%,37,34.2倍,2.31倍,ー%
20260716,2203,ナレルＧ,9163,東G,,"2,283",+3,+0.13%,37,9.56倍,1.34倍,5.04%
20260716,2204,野村米半導,346A,東Ｅ,,"5,160",-200,-3.73%,37,ー倍,ー倍,ー%
20260716,2205,ニ日経２２５,473A,東Ｅ,,"1,347",-31,-2.25%,37,ー倍,ー倍,ー%
20260716,2206,ハリマ化成Ｇ,4410,東P,,"1,044",-13,-1.23%,37,9.58倍,0.62倍,4.02%
20260716,2207,Ｈ株ブル,1572,東Ｅ,,"7,000",+205,+3.02%,37,ー倍,ー倍,ー%
20260716,2208,インドブル,2046,東EN,,"25,200",-280,-1.10%,37,ー倍,ー倍,ー%
20260716,2209,サクサ,6675,東S,,"1,958",-7,-0.36%,37,2.07倍,1.04倍,6.38%
20260716,2210,クラウドＷ,3900,東G,,626,-6,-0.95%,36,ー倍,1.53倍,ー%
20260716,2211,三協立山,5932,東P,,641,-4,-0.62%,36,20.1倍,0.22倍,3.90%
20260716,2212,動物高度医療,6039,東G,,"1,047",-31,-2.88%,36,15.2倍,2.77倍,1.24%
20260716,2213,井村屋Ｇ,2209,東P,,"2,401",-16,-0.66%,36,12.8倍,1.23倍,1.58%
20260716,2214,システムソフ,7527,東S,,48,-2,-4.00%,36,229倍,1.29倍,ー%
20260716,2215,いであ,9768,東S,,"3,390",-30,-0.88%,36,10.1倍,0.79倍,3.48%
20260716,2216,第一建設,1799,東S,,"3,300",-55,-1.64%,36,13.6倍,0.78倍,4.85%
20260716,2217,ＧＸ日経株主,465A,東Ｅ,,"1,254",+2,+0.16%,36,ー倍,ー倍,ー%
20260716,2218,トランヴィア,545A,東P,,928,+9,+0.98%,36,15.3倍,ー倍,4.31%
20260716,2219,ラボロＡＩ,5586,東G,,863,-8,-0.92%,36,68.5倍,5.08倍,ー%
20260716,2220,ｉＳ米２５ヘ,238A,東Ｅ,,125.3,-0.3,-0.24%,36,ー倍,ー倍,ー%
20260716,2221,ゼンムテック,338A,東G,,"2,174",-22,-1.00%,36,19.6倍,7.54倍,ー%
20260716,2222,Ｔ＆Ｇニーズ,4331,東P,,673,-5,-0.74%,36,17.2倍,0.55倍,5.94%
20260716,2223,日理化,4406,東S,,201,-2,-0.99%,36,12.5倍,0.38倍,2.24%
20260716,2224,東海ソフト,4430,東S,,"1,683",+18,+1.08%,35,8.97倍,1.18倍,3.98%
20260716,2225,ＳＭＥＪ,4772,東G,,82,+1,+1.23%,35,37.6倍,1.34倍,1.22%
20260716,2226,村上開明,7292,東S,,"6,760",-130,-1.89%,35,13.3倍,0.83倍,3.55%
20260716,2227,サンウェルズ,9229,東P,,147,-5,-3.29%,35,ー倍,0.69倍,ー%
20260716,2228,ニレコ,6863,東S,,"2,700",-41,-1.50%,35,13.3倍,1.14倍,3.89%
20260716,2229,野村自動車,1622,東Ｅ,,"33,700",+660,+2.00%,35,ー倍,ー倍,ー%
20260716,2230,南海辰村,1850,東S,,443,-7,-1.56%,35,7.57倍,0.63倍,1.81%
20260716,2231,上場高配低ボ,1399,東Ｅ,,"3,079",+9,+0.29%,34,ー倍,ー倍,ー%
20260716,2232,上場ＪＰＸ日,1592,東Ｅ,,"3,348",-43,-1.27%,34,ー倍,ー倍,ー%
20260716,2233,原油先物ベア,2039,東EN,,523,-2,-0.38%,34,ー倍,ー倍,ー%
20260716,2234,北電工,6989,東S,,"2,564",-98,-3.68%,34,16.8倍,0.78倍,3.71%
20260716,2235,オーハシテク,7628,東P,,"1,136",-10,-0.87%,34,13.8倍,0.72倍,3.96%
20260716,2236,ＧＭＯ－ＧＳ,3788,東P,,"2,155",-53,-2.40%,34,23.5倍,2.46倍,2.77%
20260716,2237,東名,4439,東S,,856,-42,-4.68%,34,9.96倍,2.30倍,1.52%
20260716,2238,高千穂交易,2676,東P,,"2,129",-17,-0.79%,34,24.1倍,2.26倍,3.57%
20260716,2239,ランビジネス,8944,東S,,248,+7,+2.90%,34,9.56倍,0.30倍,2.42%
20260716,2240,アキレス,5142,東P,,"1,233",-23,-1.83%,34,13.0倍,0.39倍,2.43%
20260716,2241,バリューＣ,9238,東G,Ｓ,454,+80,+21.39%,34,ー倍,-16倍,ー%
20260716,2242,ＤＭＳ,9782,東S,,"3,470",0,0.00%,34,17.1倍,1.19倍,6.69%
20260716,2243,燦ＨＤ,9628,東P,,"1,434",-2,-0.14%,33,ー倍,0.88倍,2.81%
20260716,2244,杉本商,9932,東P,,"1,259",-2,-0.16%,33,12.7倍,0.65倍,4.29%
20260716,2245,バードマン,7063,東G,,90,-2,-2.17%,33,ー倍,1.97倍,ー%
20260716,2246,新家工,7305,東S,,"2,601",+8,+0.31%,33,14.6倍,0.72倍,5.77%
20260716,2247,Ｓｏｌｖｖｙ,7320,東G,,"1,482",-28,-1.85%,33,10.1倍,3.31倍,1.35%
20260716,2248,進和,7607,東P,,"3,075",-35,-1.13%,33,13.3倍,0.89倍,4.03%
20260716,2249,ペルセウス,4882,東G,,158,-2,-1.25%,33,ー倍,2.36倍,ー%
20260716,2250,ホドルワン,2345,東S,,102,-8,-7.27%,33,ー倍,10.9倍,ー%
20260716,2251,Ｊグループ,3063,東G,,"1,276",+2,+0.16%,33,58.1倍,19.0倍,0.39%
20260716,2252,丸善ＣＨＩ,3159,東S,,365,0,0.00%,33,13.7倍,0.60倍,1.64%
20260716,2253,サイバーリン,3683,東S,,"1,051",+8,+0.77%,33,8.95倍,1.26倍,3.33%
20260716,2254,ＴＭＮ,5258,東G,,433,-5,-1.14%,33,21.4倍,1.97倍,ー%
20260716,2255,ＣＯＴＡ,4923,東P,,"1,186",-6,-0.50%,33,25.3倍,2.90倍,1.61%
20260716,2256,日コン,5269,東P,,342,-3,-0.87%,33,14.3倍,0.41倍,2.92%
20260716,2257,エーワン精密,6156,東S,,"1,763",-5,-0.28%,33,40.4倍,1.23倍,5.67%
20260716,2258,ウインテスト,6721,東S,,82,-1,-1.20%,33,89.1倍,13.5倍,ー%
20260716,2259,ツインバード,6897,東S,,699,+2,+0.29%,33,166倍,1.13倍,1.86%
20260716,2260,ヒトトヒトＨ,549A,東S,,460,-1,-0.22%,33,9.54倍,2.24倍,4.66%
20260716,2261,ニチモウ,8091,東P,,"2,312",-11,-0.47%,32,7.47倍,0.57倍,4.33%
20260716,2262,野村機械,1624,東Ｅ,,"87,500","-1,500",-1.69%,32,ー倍,ー倍,ー%
20260716,2263,イチケン,1847,東S,,"2,699",-7,-0.26%,32,7.00倍,0.98倍,4.63%
20260716,2264,ファンペップ,4881,東G,,70,-4,-5.41%,32,ー倍,2.19倍,ー%
20260716,2265,ｉＳ米債３Ｈ,2856,東Ｅ,,650.7,+2.0,+0.31%,32,ー倍,ー倍,ー%
20260716,2266,ＧＷ,3936,東G,,163,-5,-2.98%,32,49.9倍,6.63倍,ー%
20260716,2267,ロンシール,4224,東S,,"2,025",+4,+0.20%,32,8.89倍,0.47倍,4.20%
20260716,2268,ＨＥＲＯＺ,4382,東S,,724,0,0.00%,32,42.9倍,2.58倍,ー%
20260716,2269,ミヨシ,4404,東S,,"1,908",+8,+0.42%,32,13.1倍,0.46倍,3.67%
20260716,2270,川崎地質,4673,東S,,"4,525",-65,-1.42%,32,5.35倍,0.67倍,2.65%
20260716,2271,オリコン,4800,東S,,"1,358",0,0.00%,32,16.6倍,3.00倍,ー%
20260716,2272,酒井重,6358,東P,,"2,163",+5,+0.23%,32,16.9倍,0.59倍,5.09%
20260716,2273,ＮＦＫＨＤ,6494,東S,,99,-7,-6.60%,32,46.1倍,0.83倍,ー%
20260716,2274,テクノロジー,5248,東G,,554,-1,-0.18%,32,ー倍,6.66倍,ー%
20260716,2275,ＪＥＴ,6228,東S,,506,-15,-2.88%,32,ー倍,0.68倍,ー%
20260716,2276,プロパスト,3236,東S,,276,-8,-2.82%,32,5.65倍,0.67倍,3.62%
20260716,2277,ＳＭＩＮＯＥ,3501,東P,,"1,129",+11,+0.98%,32,10.3倍,0.45倍,3.72%
20260716,2278,小松マテーレ,3580,東P,,727,-8,-1.09%,32,13.7倍,0.69倍,3.71%
20260716,2279,ｉＦＴＰ年４,2625,東Ｅ,,"4,077",-19,-0.46%,31,ー倍,ー倍,ー%
20260716,2280,ヤプリ,4168,東G,,807,-6,-0.74%,31,11.2倍,3.32倍,1.86%
20260716,2281,フレクト,4414,東G,,"1,236",+3,+0.24%,31,8.88倍,2.98倍,ー%
20260716,2282,エイビック,9554,東G,,"1,631",-50,-2.97%,31,13.6倍,3.89倍,ー%
20260716,2283,ユーソナー,431A,東G,,"1,957",-34,-1.71%,31,15.3倍,3.51倍,ー%
20260716,2284,アイエスビー,9702,東P,,"2,218",-21,-0.94%,31,13.8倍,1.75倍,3.16%
20260716,2285,ステップ,9795,東P,,"2,228",-15,-0.67%,31,12.5倍,1.24倍,3.95%
20260716,2286,柿安本店,2294,東P,,"2,569",+9,+0.35%,31,30.8倍,1.59倍,3.31%
20260716,2287,ケアサプライ,2393,東S,,"4,345",-25,-0.57%,31,29.4倍,3.63倍,1.70%
20260716,2288,ティア,2485,東S,,462,-8,-1.70%,31,9.90倍,1.15倍,4.98%
20260716,2289,ＧセブンＨＤ,7508,東P,,"1,404",-5,-0.35%,31,10.6倍,1.73倍,4.99%
20260716,2290,Ａｒｅｎｔ,5254,東G,,"4,250",-10,-0.23%,31,18.4倍,4.09倍,ー%
20260716,2291,日水コン,261A,東S,,"2,001",-31,-1.53%,31,14.3倍,1.57倍,3.70%
20260716,2292,トリニ工,6382,東S,,"1,237",-1,-0.08%,31,10.2倍,0.58倍,4.93%
20260716,2293,ＭＳジャパン,6539,東P,,981,-2,-0.20%,31,22.5倍,2.56倍,5.71%
20260716,2294,ＱＢＮＨＤ,6571,東P,,"1,279",-11,-0.85%,31,12.4倍,1.14倍,3.13%
20260716,2295,シライ電子,6658,東S,,443,-5,-1.12%,31,11.1倍,0.61倍,4.51%
20260716,2296,共和電,6853,東S,,766,-14,-1.79%,31,16.1倍,1.05倍,2.74%
20260716,2297,小野測器,6858,東S,,882,-8,-0.90%,31,11.4倍,0.56倍,3.40%
20260716,2298,ドリームＩ,4310,東P,,"2,559",-6,-0.23%,31,ー倍,1.93倍,5.35%
20260716,2299,ＣＥＨＤ,4320,東S,,"1,794",-6,-0.33%,31,34.4倍,3.66倍,1.34%
20260716,2300,ＳＳＳＫＨＤ,4838,東S,,675,+5,+0.75%,31,8.97倍,1.24倍,4.44%
20260716,2301,ジオスター,5282,東S,,433,-8,-1.81%,31,7.17倍,0.53倍,2.31%
20260716,2302,ヤマックス,5285,東S,,"1,376",-31,-2.20%,31,6.98倍,1.31倍,4.36%
20260716,2303,モリ工業,5464,東S,,959,-5,-0.52%,31,11.4倍,0.62倍,3.55%
20260716,2304,日金属,5491,東S,,888,-5,-0.56%,30,11.2倍,0.20倍,0.56%
20260716,2305,イノバセル,504A,東G,,476,-9,-1.86%,30,ー倍,2.11倍,ー%
20260716,2306,梅乃宿酒造,559A,東S,,"1,112",-54,-4.63%,30,21.3倍,1.91倍,1.88%
20260716,2307,フィルＣ,3267,東S,,633,-1,-0.16%,30,12.6倍,1.04倍,3.95%
20260716,2308,ファルコム,3723,東G,,"2,726",+26,+0.96%,30,17.9倍,2.50倍,0.37%
20260716,2309,ケイブ,3760,東S,,729,+1,+0.14%,30,3.75倍,1.75倍,ー%
20260716,2310,サンアスタ,4053,東P,,460,-4,-0.86%,30,12.9倍,1.60倍,2.17%
20260716,2311,ユキグニ,1375,東P,,"1,152",-5,-0.43%,30,18.1倍,3.11倍,1.74%
20260716,2312,歌舞伎,9661,東S,,"4,480",+5,+0.11%,30,229倍,4.89倍,0.11%
20260716,2313,愛眼,9854,東S,,302,-4,-1.31%,30,30.1倍,0.48倍,ー%
20260716,2314,ＵＥＸ,9888,東S,,986,-7,-0.70%,30,3.69倍,0.54倍,ー%
20260716,2315,ミロク情報,9928,東P,,"1,809",-10,-0.55%,30,11.3倍,1.63倍,3.59%
20260716,2316,ｉＦＴＰＷベ,1368,東Ｅ,,161,+4,+2.55%,30,ー倍,ー倍,ー%
20260716,2317,中外鉱,1491,東S,,725,-14,-1.89%,30,10.4倍,1.11倍,ー%
20260716,2318,ｉＳＨＹ債Ｈ,1497,東Ｅ,,"1,735",+3,+0.17%,30,ー倍,ー倍,ー%
20260716,2319,若築建,1888,東P,,"3,400",-10,-0.29%,30,9.83倍,0.80倍,4.26%
20260716,2320,ルックＨＤ,8029,東S,,"2,631",-16,-0.60%,30,12.4倍,0.49倍,3.80%
20260716,2321,オープンドア,3926,東S,,390,+10,+2.63%,30,ー倍,3.50倍,ー%
20260716,2322,森六,4249,東P,,"2,441",-12,-0.49%,30,11.3倍,0.53倍,5.12%
20260716,2323,日華化学,4463,東S,,"1,735",+10,+0.58%,30,9.87倍,0.77倍,4.03%
20260716,2324,トリドリ,9337,東G,,"1,565",-59,-3.63%,30,11.5倍,2.73倍,ー%
20260716,2325,ｉＳ米２０,2255,東Ｅ,,207.9,+0.3,+0.14%,30,ー倍,ー倍,ー%
20260716,2326,ｉＳ米増配株,2014,東Ｅ,,318.8,+1.4,+0.44%,30,ー倍,ー倍,ー%
20260716,2327,情報戦略テク,155A,東G,,891,-2,-0.22%,30,21.3倍,4.89倍,ー%
20260716,2328,シマダヤ,250A,東S,,"1,677",-4,-0.24%,30,9.23倍,1.30倍,3.22%
20260716,2329,市光工,7244,東P,,515,+4,+0.78%,30,9.92倍,0.62倍,3.50%
20260716,2330,アルビス,7475,東P,,"2,575",+10,+0.39%,30,16.0倍,0.65倍,2.72%
20260716,2331,大研医器,7775,東S,,429,+7,+1.66%,30,20.9倍,1.59倍,4.66%
20260716,2332,中本パックス,7811,東S,,"1,930",-22,-1.13%,30,7.82倍,0.80倍,3.83%
20260716,2333,アクセル,6730,東S,,"1,126",-14,-1.23%,30,13.6倍,0.89倍,3.64%
20260716,2334,大盛工業,1844,東S,,504,-5,-0.98%,29,19.0倍,1.54倍,2.28%
20260716,2335,コア,2359,東P,,"1,990",-20,-1.00%,29,9.53倍,1.38倍,3.02%
20260716,2336,アスカネット,2438,東G,,354,-7,-1.94%,29,16.9倍,1.00倍,1.98%
20260716,2337,ホッカンＨＤ,5902,東P,,"2,370",-4,-0.17%,29,8.34倍,0.48倍,4.22%
20260716,2338,リファバスＧ,7375,東G,,"1,271",-34,-2.61%,29,14.2倍,10.8倍,ー%
20260716,2339,ＣＣＴ,4371,東G,,"1,439",+8,+0.56%,29,17.3倍,5.06倍,1.46%
20260716,2340,ヴィッツ,4440,東S,,"1,145",-35,-2.97%,29,10.2倍,1.44倍,1.57%
20260716,2341,大東銀,8563,東S,,"1,023",-5,-0.49%,29,8.10倍,0.44倍,3.91%
20260716,2342,東祥,8920,東S,,771,-6,-0.77%,28,8.42倍,0.72倍,1.30%
20260716,2343,フマキラ,4998,東S,,"1,186",-4,-0.34%,28,12.0倍,0.73倍,2.02%
20260716,2344,ＭＸ高利Ｊリ,1660,東Ｅ,,"10,615",-110,-1.03%,28,ー倍,ー倍,ー%
20260716,2345,ヤマウラ,1780,東P,,"1,496",-9,-0.60%,28,10.1倍,1.05倍,2.41%
20260716,2346,巴,1921,東S,,"1,739",-9,-0.51%,28,22.5倍,0.80倍,1.38%
20260716,2347,大豊工業,6470,東S,,"1,082",-12,-1.10%,28,8.53倍,0.48倍,2.77%
20260716,2348,株主還元７０,2529,東Ｅ,,"2,251",-5,-0.22%,28,ー倍,ー倍,ー%
20260716,2349,イートアンド,2882,東P,,"2,060",+2,+0.10%,28,51.5倍,2.05倍,0.73%
20260716,2350,なとり,2922,東P,,"1,982",+9,+0.46%,28,17.1倍,0.90倍,1.51%
20260716,2351,ＪＩＧＳＡＷ,3914,東G,,"2,365",-67,-2.75%,28,ー倍,4.53倍,ー%
20260716,2352,ＭＴＩ,9438,東P,,620,+10,+1.64%,28,12.8倍,1.74倍,3.23%
20260716,2353,日化産,4094,東S,,"2,073",-11,-0.53%,28,32.3倍,0.79倍,4.34%
20260716,2354,サイバトラス,4498,東G,,"1,210",-32,-2.58%,28,16.0倍,2.67倍,1.16%
20260716,2355,Ｃａｓａ,7196,東S,,792,+2,+0.25%,28,38.5倍,1.13倍,2.53%
20260716,2356,たけびし,7510,東P,,"2,360",+12,+0.51%,28,12.2倍,0.86倍,3.39%
20260716,2357,オーバル,7727,東S,,742,-17,-2.24%,28,10.6倍,0.96倍,3.77%
20260716,2358,プログリット,9560,東G,,820,0,0.00%,28,9.54倍,3.53倍,2.68%
20260716,2359,ＧＸＳカバコ,2868,東Ｅ,,"1,157",+2,+0.17%,28,ー倍,ー倍,ー%
20260716,2360,ウェルネス,366A,東G,,"1,068",-25,-2.29%,28,11.6倍,2.28倍,3.75%
20260716,2361,地銀業界改革,395A,東Ｅ,,"1,025.5",-10.5,-1.01%,28,ー倍,ー倍,ー%
20260716,2362,ＲＩＺＡＰ,2928,札Ａ,,187,-1,-0.53%,27,22.3倍,2.21倍,0.72%
20260716,2363,カウリス,153A,東G,,"1,264",-19,-1.48%,27,28.2倍,5.11倍,0.44%
20260716,2364,日精鉱,5729,東S,,"1,528",-35,-2.24%,27,13.4倍,0.97倍,3.93%
20260716,2365,セラク,6199,東S,,"1,230",-40,-3.15%,27,8.65倍,1.65倍,1.41%
20260716,2366,野村台湾テク,412A,東Ｅ,,"4,533",-16,-0.35%,27,ー倍,ー倍,ー%
20260716,2367,ソフトテック,550A,東S,,"2,280",-46,-1.98%,27,9.90倍,1.51倍,3.29%
20260716,2368,三共興,8018,東S,,812,-6,-0.73%,27,15.1倍,0.54倍,3.33%
20260716,2369,明豊ファシリ,1717,東S,,931,-7,-0.75%,27,11.7倍,1.81倍,4.73%
20260716,2370,大成温調,1904,東S,,"5,110",-40,-0.78%,27,5.99倍,1.03倍,3.87%
20260716,2371,日東富士,2003,東S,,"1,798",+8,+0.45%,27,19.8倍,1.31倍,3.89%
20260716,2372,戸上電,6643,東S,,"5,470",-60,-1.08%,27,10.4倍,1.05倍,2.38%
20260716,2373,ＳＭＫ,6798,東P,,"2,968",+17,+0.58%,27,23.5倍,0.60倍,3.37%
20260716,2374,ベルトラ,7048,東G,,180,-3,-1.64%,27,19.4倍,2.60倍,ー%
20260716,2375,日本ホスピス,7061,東G,,569,-21,-3.56%,27,8.04倍,1.36倍,4.39%
20260716,2376,コンドー,7438,東P,,"1,525",-15,-0.97%,27,11.5倍,1.02倍,3.80%
20260716,2377,タカショー,7590,東S,,393,-7,-1.75%,27,55.2倍,0.52倍,1.27%
20260716,2378,京都友禅ＨＤ,7615,東S,,99,0,0.00%,27,19.7倍,0.66倍,1.52%
20260716,2379,ニホンフラ,7820,東P,,718,-6,-0.83%,27,18.2倍,0.51倍,5.01%
20260716,2380,フラベッドＨ,7840,東P,,"1,266",-7,-0.55%,27,13.8倍,1.05倍,3.32%
20260716,2381,ニチバン,4218,東P,,"1,916",+4,+0.21%,27,16.8倍,0.87倍,2.09%
20260716,2382,メディシス,4350,東S,,490,-4,-0.81%,27,14.3倍,0.83倍,2.45%
20260716,2383,スペース,9622,東P,,"1,434",-9,-0.62%,27,10.7倍,1.01倍,5.02%
20260716,2384,ＦフォースＧ,7068,東G,,557,-3,-0.54%,27,8.72倍,3.62倍,3.59%
20260716,2385,共栄タ,9130,東S,,"1,451",-3,-0.21%,26,8.54倍,0.43倍,2.76%
20260716,2386,コーア商ＨＤ,9273,東P,,774,-7,-0.90%,26,8.96倍,1.07倍,2.33%
20260716,2387,タキヒヨー,9982,東S,,"2,337",-64,-2.67%,26,12.2倍,0.61倍,2.14%
20260716,2388,ｉＳＩＧ債Ｈ,1496,東Ｅ,,"1,649",+6,+0.37%,26,ー倍,ー倍,ー%
20260716,2389,田辺工業,1828,東S,,"2,432",+20,+0.83%,26,9.46倍,0.91倍,4.11%
20260716,2390,ＴＹＫ,5363,東S,,700,-3,-0.43%,26,6.87倍,0.66倍,4.37%
20260716,2391,楽待,6037,東S,,"1,017",-9,-0.88%,26,14.7倍,3.56倍,1.28%
20260716,2392,ＭＸＮＹダウ,2241,東Ｅ,,949.7,+2.2,+0.23%,26,ー倍,ー倍,ー%
20260716,2393,ＷＤＢ,2475,東P,,"1,794",-10,-0.55%,26,12.4倍,1.05倍,5.24%
20260716,2394,ナフコ,2790,東S,,"2,270",+5,+0.22%,26,43.9倍,0.37倍,2.56%
20260716,2395,Ｗディッシュ,2901,東S,,183,+2,+1.10%,26,17.3倍,0.87倍,2.19%
20260716,2396,アミューズ,4301,東P,,"1,880",-13,-0.69%,26,24.4倍,0.85倍,3.40%
20260716,2397,黒田精,7726,東S,,"1,335",-44,-3.19%,26,22.6倍,0.65倍,1.50%
20260716,2398,鈴茂器工,6405,東S,,"1,037",-3,-0.29%,26,18.4倍,0.90倍,3.38%
20260716,2399,ＡＩＡＩ,6557,東G,,681,+14,+2.10%,26,6.31倍,1.36倍,ー%
20260716,2400,マクアケ,4479,東G,,897,-30,-3.24%,25,17.7倍,1.95倍,ー%
20260716,2401,グッドパッチ,7351,東G,,444,-26,-5.53%,25,9.48倍,0.89倍,2.25%
20260716,2402,野村ＳＰＨ有,2634,東Ｅ,,"3,145",+7,+0.22%,25,ー倍,ー倍,ー%
20260716,2403,サスメド,4263,東G,,721,-9,-1.23%,25,ー倍,3.02倍,ー%
20260716,2404,ＦＣＥ,9564,東S,,526,+13,+2.53%,25,13.4倍,2.75倍,1.90%
20260716,2405,ＰＲＩＳＭバ,206A,東G,,146,-10,-6.41%,25,ー倍,2.55倍,ー%
20260716,2406,ＧＸＡＩビグ,223A,東Ｅ,,"1,771",-51,-2.80%,25,ー倍,ー倍,ー%
20260716,2407,ヒット,378A,東G,,"1,069",-7,-0.65%,25,16.5倍,2.73倍,1.87%
20260716,2408,ベステラ,1433,東P,,"1,145",-8,-0.69%,25,14.5倍,1.90倍,3.49%
20260716,2409,上場米債ヘ無,1486,東Ｅ,,"24,220",+60,+0.25%,25,ー倍,ー倍,ー%
20260716,2410,ｅＢＡＳＥ,3835,東P,,427,-1,-0.23%,25,17.5倍,2.55倍,3.56%
20260716,2411,東京インフラ,9285,東IF,,"44,000",-400,-0.90%,25,ー倍,0.54倍,7.52%
20260716,2412,ケイヒン,9312,東S,,"2,870",-41,-1.41%,25,5.51倍,0.55倍,4.88%
20260716,2413,中央倉,9319,東P,,"1,847",-33,-1.76%,25,15.6倍,0.67倍,2.27%
20260716,2414,ＯＡＴアグリ,4979,東S,,"2,517",-33,-1.29%,25,10.6倍,1.28倍,2.38%
20260716,2415,小池工,6137,東S,,"1,486",+18,+1.23%,25,9.23倍,0.67倍,3.36%
20260716,2416,ツツミ,7937,東S,,"2,614",-22,-0.83%,25,14.6倍,0.58倍,4.40%
20260716,2417,太平発,8835,東S,,790,-10,-1.25%,25,13.1倍,0.38倍,5.13%
20260716,2418,ペガサス,6262,東S,,553,+2,+0.36%,25,53.0倍,0.41倍,ー%
20260716,2419,ＮＩＴＴＡＮ,6493,東S,,454,-7,-1.52%,25,7.27倍,0.42倍,4.41%
20260716,2420,ツナグＧＨＤ,6551,東S,,574,+8,+1.41%,25,6.94倍,2.13倍,3.48%
20260716,2421,ＣＲＡＶＩＡ,6573,東G,,25,-2,-7.41%,25,ー倍,3.19倍,ー%
20260716,2422,ベストワン,6577,東G,,"2,320",-37,-1.57%,25,14.3倍,3.29倍,1.12%
20260716,2423,ティアック,6803,東S,,98,-1,-1.01%,25,9.40倍,0.69倍,1.02%
20260716,2424,新コスモス,6824,東S,,"4,745",-305,-6.04%,25,14.5倍,1.08倍,2.00%
20260716,2425,ニーズウェル,3992,東P,,450,-5,-1.10%,25,18.5倍,3.59倍,3.11%
20260716,2426,細火工,4274,東S,,"1,074",-23,-2.10%,25,19.5倍,1.24倍,1.21%
20260716,2427,ロジザード,4391,東G,,"1,111",-57,-4.88%,25,14.0倍,1.53倍,1.62%
20260716,2428,トビラシステ,4441,東S,,"1,500",-19,-1.25%,25,29.1倍,5.35倍,1.33%
20260716,2429,Ｆ＆Ｍ,4771,東S,,"2,389",-28,-1.16%,25,12.3倍,2.29倍,2.51%
20260716,2430,六甲バタ,2266,東P,,"1,104",-16,-1.43%,25,13.5倍,0.61倍,1.81%
20260716,2431,じもとＨＤ,7161,東S,,511,-1,-0.20%,25,3.99倍,1.46倍,0.98%
20260716,2432,ＳＰＫ,7466,東P,,"1,363",-1,-0.07%,25,10.1倍,0.94倍,3.01%
20260716,2433,ミクニ,7247,東S,,364,0,0.00%,24,7.20倍,0.31倍,4.12%
20260716,2434,日本精密,7771,東S,,288,-3,-1.03%,24,34.5倍,3.39倍,ー%
20260716,2435,大成ラミック,4994,東S,,"2,478",-8,-0.32%,24,15.8倍,0.58倍,2.82%
20260716,2436,オーナンバ,5816,東S,,"1,601",-26,-1.60%,24,10.3倍,0.68倍,4.37%
20260716,2437,ユニバー園芸,6061,東S,,"2,729",+9,+0.33%,24,12.5倍,1.65倍,0.48%
20260716,2438,ホクリヨウ,1384,東S,,"2,021",-9,-0.44%,24,7.53倍,0.98倍,3.96%
20260716,2439,ＷＴ天然ガス,1689,東Ｅ,,784,-2,-0.25%,24,ー倍,ー倍,ー%
20260716,2440,日本ハウス,1873,東P,,315,0,0.00%,24,9.20倍,0.55倍,3.81%
20260716,2441,プロパテクノ,5527,東G,,680,-13,-1.88%,24,6.52倍,0.98倍,3.68%
20260716,2442,ドリムアーツ,4811,東G,,859,+20,+2.38%,24,16.2倍,3.42倍,2.33%
20260716,2443,エストラスト,3280,東S,,925,-10,-1.07%,24,5.63倍,0.53倍,3.68%
20260716,2444,自重堂,3597,東S,,"8,930",+30,+0.34%,24,19.1倍,0.67倍,5.60%
20260716,2445,サイバＳＯＬ,436A,東G,,"1,025",-19,-1.82%,24,13.5倍,3.82倍,3.71%
20260716,2446,モロゾフ,2217,東P,,"1,574",+2,+0.13%,24,41.0倍,1.59倍,1.02%
20260716,2447,ファンコミ,2461,東P,,406,+4,+1.00%,24,18.7倍,1.65倍,5.17%
20260716,2448,木徳神糧,2700,東S,,"1,734",-29,-1.64%,24,4.73倍,0.69倍,2.88%
20260716,2449,ハブ,3030,東S,,823,-12,-1.44%,24,31.4倍,3.06倍,1.22%
20260716,2450,シキボウ,3109,東P,,"1,039",-3,-0.29%,24,22.0倍,0.36倍,4.81%
20260716,2451,前沢給装,6485,東S,,"1,552",-2,-0.13%,24,15.8倍,0.78倍,3.87%
20260716,2452,日本トリム,6788,東P,,"4,680",+5,+0.11%,24,15.8倍,1.47倍,2.78%
20260716,2453,ムトー精工,7927,東S,,"2,284",-32,-1.38%,24,5.29倍,0.76倍,5.12%
20260716,2454,Ｓワイヤー,3929,東G,,270,-5,-1.82%,24,9.67倍,1.78倍,ー%
20260716,2455,シンクロ,3963,東P,,340,-6,-1.73%,24,67.6倍,2.01倍,4.41%
20260716,2456,アクリート,4395,東G,,772,-13,-1.66%,24,13.8倍,1.65倍,1.30%
20260716,2457,山田コンサル,4792,東P,,"1,699",-3,-0.18%,24,11.3倍,1.64倍,4.53%
20260716,2458,Ｕｂｉｃｏｍ,3937,東S,,"1,001",-16,-1.57%,23,11.5倍,2.02倍,ー%
20260716,2459,タイガポリ,4231,東S,,"1,061",-6,-0.56%,23,8.54倍,0.44倍,3.58%
20260716,2460,ダイトーケミ,4366,東S,,462,-13,-2.74%,23,17.5倍,0.91倍,1.95%
20260716,2461,買取王国,3181,東S,,"1,042",+53,+5.36%,23,9.53倍,1.09倍,1.06%
20260716,2462,綿半ＨＤ,3199,東P,,"1,344",+1,+0.07%,23,10.9倍,1.03倍,2.31%
20260716,2463,クリヤマＨＤ,3355,東S,,"1,627",+4,+0.25%,23,8.44倍,0.64倍,3.75%
20260716,2464,ドリコム,3793,東G,,427,-2,-0.47%,23,20.4倍,2.46倍,1.17%
20260716,2465,日エンター,4829,東S,,108,0,0.00%,23,48.9倍,0.88倍,2.78%
20260716,2466,勤次郎,4013,東G,,699,-2,-0.29%,23,13.1倍,1.34倍,1.43%
20260716,2467,アールプラン,2983,東G,,"1,532",-22,-1.42%,23,6.18倍,1.99倍,2.94%
20260716,2468,シキノＨＴ,6614,東S,,930,-68,-6.81%,23,49.8倍,1.78倍,1.61%
20260716,2469,紀文食品,2933,東P,,"1,081",+3,+0.28%,23,9.64倍,0.96倍,2.13%
20260716,2470,島根銀行,7150,東S,,482,-2,-0.41%,23,25.7倍,0.74倍,2.07%
20260716,2471,アヴィレン,5591,東G,,837,-11,-1.30%,23,23.1倍,6.67倍,ー%
20260716,2472,ｉＳ米債３月,2012,東Ｅ,,245.6,0,0.00%,23,ー倍,ー倍,ー%
20260716,2473,野村食品,1617,東Ｅ,,"46,530",-240,-0.51%,23,ー倍,ー倍,ー%
20260716,2474,タカノ,7885,東S,,"1,149",-3,-0.26%,23,24.0倍,0.54倍,1.74%
20260716,2475,キングジム,7962,東P,,779,0,0.00%,23,33.8倍,0.87倍,1.80%
20260716,2476,信金中央,8421,東証,,"185,800",0,0.00%,23,ー倍,ー倍,3.50%
20260716,2477,九州リース,8596,東S,,"1,460",-3,-0.21%,23,7.86倍,0.73倍,4.25%
20260716,2478,ルネサンス,2378,東P,,"1,044",-5,-0.48%,23,41.1倍,2.57倍,1.25%
20260716,2479,キャンドゥ,2698,東S,,"3,485",-15,-0.43%,23,124倍,5.18倍,0.49%
20260716,2480,スクイーズ,558A,東G,,"4,335",-40,-0.91%,23,27.5倍,8.38倍,ー%
20260716,2481,ｉＳシルバー,568A,東Ｅ,,156.5,+0.8,+0.51%,23,ー倍,ー倍,ー%
20260716,2482,テクノメデカ,6678,東S,,"2,066",+4,+0.19%,23,17.9倍,0.96倍,4.50%
20260716,2483,ＪＮグループ,6634,東S,,74,-1,-1.33%,22,30.8倍,1.38倍,ー%
20260716,2484,アイビス,9343,東G,,798,+4,+0.50%,22,15.7倍,5.02倍,1.50%
20260716,2485,早稲田学習研,5869,東S,,"1,232",-13,-1.04%,22,11.9倍,1.71倍,5.28%
20260716,2486,シャノン,3976,東G,,624,+4,+0.65%,22,12.8倍,3.24倍,ー%
20260716,2487,東インキ,4635,東S,,"1,395",-5,-0.36%,22,8.94倍,0.55倍,4.66%
20260716,2488,アルファ,4719,東P,,"3,330",-15,-0.45%,22,12.8倍,1.03倍,4.20%
20260716,2489,ＴＯＷ,4767,東S,,333,-1,-0.30%,22,9.18倍,1.33倍,5.50%
20260716,2490,バルニバービ,3418,東G,,"1,147",-1,-0.09%,22,28.0倍,2.05倍,0.65%
20260716,2491,ダイニック,3551,東S,,"1,425",-10,-0.70%,22,5.91倍,0.39倍,3.23%
20260716,2492,山喜,3598,東S,,164,-1,-0.61%,22,25.8倍,0.72倍,ー%
20260716,2493,ＡＧＳ,3648,東S,,"1,148",+14,+1.23%,22,10.5倍,1.20倍,3.14%
20260716,2494,インタートレ,3747,東S,,432,-17,-3.79%,22,12.9倍,2.59倍,ー%
20260716,2495,ウェルス,3772,東S,,"1,051",-6,-0.57%,22,11.2倍,1.14倍,ー%
20260716,2496,万世電機,7565,東S,,"7,400",-200,-2.63%,22,ー倍,0.91倍,ー%
20260716,2497,伊勢湾,9359,名M,,975,-25,-2.50%,22,9.92倍,0.49倍,3.08%
20260716,2498,野村電力ガス,1627,東Ｅ,,"11,370",-60,-0.52%,22,ー倍,ー倍,ー%
20260716,2499,ＷＴ銀,1673,東Ｅ,,"8,435",-137,-1.60%,22,ー倍,ー倍,ー%
20260716,2500,三晃金,1972,東S,,"1,264",-7,-0.55%,22,9.95倍,0.88倍,5.06%
20260716,2501,プレミアムＷ,2588,東S,,"3,770",-20,-0.53%,22,9.00倍,3.59倍,3.18%
20260716,2502,サトウ食品,2923,東S,,"8,340",+30,+0.36%,22,ー倍,1.69倍,ー%
20260716,2503,あみやき,2753,東P,,"1,343",+12,+0.90%,21,19.0倍,1.23倍,2.53%
20260716,2504,篠崎屋,2926,東S,,112,+1,+0.90%,21,ー倍,1.42倍,2.68%
20260716,2505,シモジマ,7482,東P,,"1,371",-8,-0.58%,21,12.3倍,0.87倍,4.30%
20260716,2506,幸和製,7807,東S,,850,+28,+3.41%,21,7.27倍,0.97倍,1.53%
20260716,2507,ＧＥＮＯＶＡ,9341,東P,,611,-6,-0.97%,21,8.90倍,1.68倍,4.91%
20260716,2508,ＧＸオフ日Ｒ,2096,東Ｅ,,"1,032",-16,-1.53%,21,ー倍,ー倍,ー%
20260716,2509,インテリＷ,4847,東P,,960,-3,-0.31%,21,17.7倍,2.62倍,3.85%
20260716,2510,ＴＯＮＥ,5967,東S,,479,-12,-2.44%,21,9.87倍,0.86倍,2.71%
20260716,2511,日本スキー,6040,東G,,507,+4,+0.80%,21,9.45倍,2.28倍,0.99%
20260716,2512,昭和真空,6384,東S,,"1,673",-33,-1.93%,21,18.5倍,0.85倍,4.18%
20260716,2513,ＹＵＳＨＩＮ,6482,東S,,666,-3,-0.45%,21,23.2倍,0.61倍,ー%
20260716,2514,ＵＭＣエレ,6615,東P,,234,-11,-4.49%,21,ー倍,0.59倍,ー%
20260716,2515,ＳＥＭＴＥＣ,6626,東S,,"2,031",-18,-0.88%,21,9.51倍,0.82倍,2.76%
20260716,2516,大日光,6635,東S,,683,-22,-3.12%,21,6.38倍,0.62倍,2.34%
20260716,2517,ＡＭＩ,3773,東G,,"1,145",+4,+0.35%,21,15.6倍,1.23倍,1.92%
20260716,2518,ＧｒｅｅｎＢ,3913,東S,,988,-21,-2.08%,21,11.0倍,1.80倍,ー%
20260716,2519,ファルコＨＤ,4671,東S,,"2,738",+3,+0.11%,21,13.5倍,1.06倍,4.67%
20260716,2520,Ｅインフィニ,7692,東S,,81,+1,+1.25%,21,16.2倍,7.13倍,3.21%
20260716,2521,イントループ,9556,東G,,"1,766",-45,-2.48%,21,25.6倍,2.63倍,ー%
20260716,2522,東北銀,8349,東S,,"1,455",-9,-0.61%,21,8.73倍,0.59倍,3.44%
20260716,2523,オオバ,9765,東P,,"1,120",-16,-1.41%,21,12.2倍,1.24倍,3.93%
20260716,2524,ベリテ,9904,東S,,241,+8,+3.43%,21,15.7倍,1.55倍,2.49%
20260716,2525,新日本製薬,4931,東P,,"2,033",+5,+0.25%,21,12.7倍,1.85倍,2.80%
20260716,2526,いちごグリン,9282,東IF,,"48,200",+100,+0.21%,20,27.9倍,1.64倍,7.34%
20260716,2527,日本プロセス,9651,東S,,"2,002",+16,+0.81%,20,14.3倍,1.52倍,4.60%
20260716,2528,ＮＣＳ＆Ａ,9709,東S,,"1,280",-26,-1.99%,20,10.4倍,1.38倍,4.53%
20260716,2529,はてな,3930,東G,,"1,117",-1,-0.09%,20,ー倍,1.58倍,ー%
20260716,2530,売れるＧ,9235,東G,,515,-11,-2.09%,20,"2,060倍",7.22倍,ー%
20260716,2531,アズパートナ,160A,東S,,"2,064",-34,-1.62%,20,5.67倍,1.43倍,3.88%
20260716,2532,Ｓｃｈｏｏ,264A,東G,,302,-12,-3.82%,20,16.6倍,2.06倍,ー%
20260716,2533,鉄人化ＨＤ,2404,東S,,599,+8,+1.35%,20,19.6倍,7.60倍,ー%
20260716,2534,ウェルネット,2428,東S,,636,+1,+0.16%,20,12.1倍,1.35倍,4.64%
20260716,2535,テンポスＨＤ,2751,東S,,"3,745",+10,+0.27%,20,16.7倍,2.57倍,0.24%
20260716,2536,ヤギ,7460,東S,,"1,667",-14,-0.83%,20,10.2倍,0.81倍,3.60%
20260716,2537,竹田ｉＰ,7875,東S,,814,-9,-1.09%,20,12.0倍,0.69倍,2.89%
20260716,2538,エステー,4951,東P,,"1,511",0,0.00%,20,17.5倍,0.94倍,3.04%
20260716,2539,ケミプロ,4960,東S,,523,-28,-5.08%,20,ー倍,1.69倍,ー%
20260716,2540,旭コン,5268,東S,,800,-13,-1.60%,20,22.4倍,0.83倍,2.13%
20260716,2541,アドベンチャ,6030,東G,,"1,485",-44,-2.88%,20,10.7倍,1.15倍,ー%
20260716,2542,アサンテ,6073,東P,,"1,510",+5,+0.33%,20,422倍,1.54倍,4.11%
20260716,2543,理経,8226,東S,,375,-5,-1.32%,20,13.5倍,0.94倍,1.87%
20260716,2544,フィットクル,469A,東G,,"1,486",-129,-7.99%,20,10.8倍,1.85倍,ー%
20260716,2545,バトンズ,554A,東G,,"1,444",-2,-0.14%,20,25.4倍,9.66倍,ー%
20260716,2546,コリー,4175,東G,,"2,749",-51,-1.82%,20,ー倍,3.14倍,ー%
20260716,2547,ポピンズ,7358,東S,,"1,485",-19,-1.26%,19,12.1倍,1.56倍,3.16%
20260716,2548,ｉＦＥナ百有,2841,東Ｅ,,"1,699",-20,-1.16%,19,ー倍,ー倍,ー%
20260716,2549,ＭＨＴ,9218,東G,,747,+11,+1.49%,19,27.4倍,5.91倍,1.34%
20260716,2550,サノヤスＨＤ,7022,東S,,295,-5,-1.67%,19,12.3倍,0.79倍,2.54%
20260716,2551,イントラスト,7191,東S,,"1,083",-6,-0.55%,19,13.2倍,2.99倍,4.57%
20260716,2552,レシップＨＤ,7213,東S,,634,-2,-0.31%,19,7.44倍,0.88倍,4.10%
20260716,2553,ヤマノＨＤ,7571,東S,,84,-2,-2.33%,19,22.9倍,1.96倍,1.79%
20260716,2554,魚力,7596,東P,,"2,293",+1,+0.04%,19,36.8倍,1.70倍,2.27%
20260716,2555,ケーユーＨＤ,9856,東S,,"1,166",-11,-0.93%,19,6.53倍,0.53倍,4.97%
20260716,2556,エコモット,3987,東G,,595,-12,-1.98%,19,74.9倍,3.82倍,ー%
20260716,2557,イメージワン,2667,東S,,134,-2,-1.47%,19,8.96倍,1.87倍,ー%
20260716,2558,ワッツ,2735,東S,,671,-3,-0.45%,19,9.90倍,0.65倍,2.98%
20260716,2559,ピクセラ,6731,東S,,113,-5,-4.24%,19,ー倍,1.85倍,ー%
20260716,2560,フイルコン,5942,東S,,659,-4,-0.60%,19,16.0倍,0.55倍,4.25%
20260716,2561,日東工器,6151,東P,,"1,696",-28,-1.62%,19,21.6倍,0.52倍,1.89%
20260716,2562,技研ＨＤ,1443,東S,,251,-3,-1.18%,19,6.37倍,0.32倍,0.44%
20260716,2563,オーテック,1736,東S,,"2,491",-9,-0.36%,19,10.2倍,1.45倍,3.93%
20260716,2564,ナカバヤシ,7987,東S,,570,-2,-0.35%,19,7.93倍,0.50倍,3.86%
20260716,2565,富山銀,8365,東S,,"2,438",-4,-0.16%,19,12.4倍,0.42倍,2.26%
20260716,2566,フジ住,8860,東P,,777,0,0.00%,19,ー倍,0.47倍,4.12%
20260716,2567,レボリュー,8894,東S,,27,-1,-3.57%,19,ー倍,5.16倍,ー%
20260716,2568,三谷産業,8285,東S,,689,+4,+0.58%,18,16.3倍,0.75倍,1.89%
20260716,2569,ソフトフロン,2321,東G,,139,-4,-2.80%,18,ー倍,4.29倍,ー%
20260716,2570,野村外リート,2515,東Ｅ,,"1,733",+8,+0.46%,18,ー倍,ー倍,ー%
20260716,2571,オートＷ,2666,東S,,176,0,0.00%,18,10.6倍,0.56倍,2.27%
20260716,2572,ブルドック,2804,東P,,"1,804",0,0.00%,18,23.9倍,0.90倍,2.49%
20260716,2573,ブリッジ－Ｇ,7039,東G,,"1,713",0,0.00%,18,9.05倍,1.38倍,5.55%
20260716,2574,エフテック,7212,東S,,677,-5,-0.73%,18,15.7倍,0.22倍,2.95%
20260716,2575,東ラヂ,7235,東S,,"1,522",-5,-0.33%,18,8.05倍,0.60倍,5.06%
20260716,2576,今仙電機,7266,東S,,912,-3,-0.33%,18,8.42倍,0.35倍,3.51%
20260716,2577,ｉＦＳＰＷブ,2237,東Ｅ,,"2,415",+10,+0.42%,18,ー倍,ー倍,ー%
20260716,2578,マスカットＧ,195A,東G,,757,-51,-6.31%,18,ー倍,2.39倍,ー%
20260716,2579,スパイダー,4192,東G,,283,-5,-1.74%,18,ー倍,3.77倍,ー%
20260716,2580,フルハシＥ,9221,東S,,"1,224",+7,+0.58%,18,15.9倍,2.28倍,2.61%
20260716,2581,ピックルス,2935,東P,,"1,153",-9,-0.77%,18,11.8倍,0.73倍,2.52%
20260716,2582,ＶＮＸ,4422,東G,,559,-6,-1.06%,18,ー倍,5.71倍,ー%
20260716,2583,扶桑薬,4538,東P,,"2,171",+16,+0.74%,18,14.3倍,0.53倍,4.15%
20260716,2584,共和レ,3553,東S,,888,-5,-0.56%,18,ー倍,0.58倍,5.86%
20260716,2585,ゼロ,9028,東S,,"3,675",+5,+0.14%,18,8.58倍,1.34倍,3.82%
20260716,2586,朝日放送ＨＤ,9405,東P,,835,-1,-0.12%,18,12.9倍,0.42倍,2.40%
20260716,2587,エフオン,9514,東S,,334,-4,-1.18%,18,11.2倍,0.34倍,2.40%
20260716,2588,スバル,9632,東S,,"3,570",-25,-0.70%,18,14.8倍,1.23倍,2.24%
20260716,2589,ＫＯＺＯＨＤ,9973,東S,,20,0,0.00%,18,111倍,10.7倍,ー%
20260716,2590,やまや,9994,東S,,"2,077",-6,-0.29%,18,10.8倍,0.61倍,3.47%
20260716,2591,ロボホーム,1435,東S,,168,-2,-1.18%,18,7.46倍,1.37倍,1.19%
20260716,2592,野村ダウＨ無,1546,東Ｅ,,"83,780",+250,+0.30%,18,ー倍,ー倍,ー%
20260716,2593,野村エネ資源,1618,東Ｅ,,"32,150",-340,-1.05%,18,ー倍,ー倍,ー%
20260716,2594,野村小売,1630,東Ｅ,,"38,030",+470,+1.25%,18,ー倍,ー倍,ー%
20260716,2595,クックパッド,2193,東S,,117,0,0.00%,18,ー倍,0.69倍,ー%
20260716,2596,ライトアップ,6580,東G,,832,-21,-2.46%,18,8.57倍,1.26倍,2.28%
20260716,2597,ヤーマン,6630,東P,,738,+6,+0.82%,18,116倍,1.67倍,1.22%
20260716,2598,ＴＯブックス,500A,東S,,"2,975",-30,-1.00%,18,8.05倍,1.44倍,2.55%
20260716,2599,ＧＬ・再エネ,509A,東IF,,"74,900","+1,600",+2.18%,18,ー倍,6.88倍,2.40%
20260716,2600,ＱＱＱ,587A,東Ｅ,,"116,600","-1,100",-0.93%,18,ー倍,ー倍,ー%
20260716,2601,ＪＦＥシステ,4832,東S,,"2,002",+3,+0.15%,18,14.4倍,1.77倍,3.50%
20260716,2602,小田原エンジ,6149,東S,,"2,094",-12,-0.57%,17,14.0倍,0.65倍,3.34%
20260716,2603,デリカフＨＤ,3392,東S,,841,-14,-1.64%,17,7.81倍,1.31倍,3.21%
20260716,2604,フエルト,3512,東S,,"1,008",+2,+0.20%,17,33.8倍,0.75倍,2.78%
20260716,2605,ＳＩ,3826,東S,,464,+7,+1.53%,17,12.7倍,1.15倍,2.37%
20260716,2606,あんしん保証,7183,東S,,254,0,0.00%,17,ー倍,1.70倍,ー%
20260716,2607,ヤガミ,7488,名M,,"4,705",-85,-1.77%,17,16.8倍,1.77倍,5.95%
20260716,2608,国際計測,7722,東S,,792,-10,-1.25%,17,10.7倍,0.85倍,5.05%
20260716,2609,ノダ,7879,東S,,647,-21,-3.14%,17,47.4倍,0.28倍,4.64%
20260716,2610,三谷商,8066,東S,,"2,837",-88,-3.01%,17,11.2倍,1.27倍,3.10%
20260716,2611,穴吹興産,8928,東S,,"2,268",-14,-0.61%,17,5.50倍,0.50倍,3.00%
20260716,2612,北海コカ,2573,東S,,"3,980",-15,-0.38%,17,49.2倍,1.25倍,0.75%
20260716,2613,ＭＸ読売日株,348A,東Ｅ,,301.7,-3.7,-1.21%,17,ー倍,ー倍,ー%
20260716,2614,ＡＩクロス,4476,東G,,"1,014",+12,+1.20%,17,10.7倍,1.95倍,ー%
20260716,2615,ＡＩｉｎｓ,4488,東G,,"2,135",-65,-2.95%,17,23.3倍,1.71倍,ー%
20260716,2616,ネオマーケ,4196,東S,,"1,688",+3,+0.18%,17,41.7倍,4.53倍,ー%
20260716,2617,ロボペイ,4374,東G,,"2,397",+7,+0.29%,17,15.3倍,6.69倍,1.29%
20260716,2618,ｉＦ台湾テク,413A,東Ｅ,,"3,846",-72,-1.84%,17,ー倍,ー倍,ー%
20260716,2619,インテリクス,463A,東S,,949,+2,+0.21%,17,5.62倍,0.57倍,5.06%
20260716,2620,名工建,1869,名M,,"1,898",-8,-0.42%,17,8.71倍,0.56倍,3.48%
20260716,2621,高田工,1966,東S,,"1,817",+55,+3.12%,17,14.6倍,0.61倍,3.85%
20260716,2622,ポエック,9264,東S,,"1,723",+13,+0.76%,17,11.3倍,1.79倍,4.35%
20260716,2623,タナベＣＧ,9644,東P,,753,-4,-0.53%,17,20.9倍,2.28倍,3.85%
20260716,2624,北川鉄,6317,東S,,"1,687",-17,-1.00%,17,7.97倍,0.35倍,3.79%
20260716,2625,油研工,6393,東S,,"3,015",+15,+0.50%,17,10.7倍,0.46倍,4.98%
20260716,2626,タカトリ,6338,東S,,"1,588",-42,-2.58%,16,25.7倍,0.86倍,2.52%
20260716,2627,京写,6837,東S,,348,-5,-1.42%,16,11.6倍,0.50倍,2.59%
20260716,2628,ＧＸ優先証券,2866,東Ｅ,,"1,015",+2,+0.20%,16,ー倍,ー倍,ー%
20260716,2629,サイフューズ,4892,東G,,540,-23,-4.09%,16,ー倍,2.07倍,ー%
20260716,2630,ＳＨＩＮＫＯ,7120,東S,,"1,092",+23,+2.15%,16,7.53倍,2.26倍,4.03%
20260716,2631,南海化学,4040,東S,,"3,560",-70,-1.93%,16,5.63倍,0.64倍,1.83%
20260716,2632,インシュア,5843,東S,,"2,433",-38,-1.54%,16,11.3倍,2.42倍,0.90%
20260716,2633,ウルフハンド,194A,東G,,"1,696",+17,+1.01%,16,15.2倍,3.82倍,ー%
20260716,2634,ｉＦ印Ｎ５０,233A,東Ｅ,,"1,891",-14,-0.73%,16,ー倍,ー倍,ー%
20260716,2635,ＭＩＣ,300A,東S,,"2,881",+1,+0.03%,16,15.2倍,2.20倍,2.67%
20260716,2636,リップス,373A,東G,,"1,495",-25,-1.64%,16,7.91倍,0.97倍,ー%
20260716,2637,ＳＢＩＩＧ,7326,東G,,"2,092",-35,-1.65%,16,14.3倍,1.08倍,2.82%
20260716,2638,山大,7426,東S,,601,0,0.00%,16,ー倍,0.36倍,ー%
20260716,2639,永大産業,7822,東S,,243,-1,-0.41%,16,5.37倍,0.26倍,4.12%
20260716,2640,クリエート,5187,東S,,"1,160",+19,+1.67%,16,12.4倍,0.57倍,4.05%
20260716,2641,神鋼線,5660,東S,,"1,818",+2,+0.11%,16,ー倍,0.42倍,ー%
20260716,2642,ＩＲジャパン,6035,東S,,710,-2,-0.28%,16,ー倍,2.06倍,ー%
20260716,2643,ミトラＧ,6093,東S,,162,+1,+0.62%,16,16.6倍,2.15倍,3.70%
20260716,2644,富士精,6142,名M,,"1,770",-40,-2.21%,16,6.92倍,0.23倍,2.82%
20260716,2645,ビリングシス,3623,東G,,"1,020",-7,-0.68%,16,10.9倍,2.06倍,3.19%
20260716,2646,電算,3640,東S,,"2,400",-36,-1.48%,16,7.83倍,0.82倍,4.17%
20260716,2647,パピレス,3641,東S,,959,+17,+1.80%,16,65.3倍,0.93倍,1.04%
20260716,2648,デジプラ,3691,東G,,"1,663",-52,-3.03%,16,ー倍,9.03倍,ー%
20260716,2649,サーティワン,2268,東S,,"4,085",-10,-0.24%,16,21.9倍,2.69倍,1.47%
20260716,2650,ドーン,2303,東S,,"1,243",-7,-0.56%,16,15.2倍,2.47倍,1.29%
20260716,2651,ＢＲＵＮＯ,3140,東G,,"1,000",-1,-0.10%,16,37.8倍,2.49倍,0.40%
20260716,2652,Ｖゴルフ,3931,東G,,"1,875",-8,-0.42%,16,30.8倍,3.26倍,1.33%
20260716,2653,広栄化学,4367,東S,,"2,665",-34,-1.26%,16,ー倍,0.81倍,ー%
20260716,2654,デルタフライ,4598,東G,,129,-3,-2.27%,16,ー倍,61.1倍,ー%
20260716,2655,ＫＩＭＯＴＯ,7908,東S,,240,-3,-1.23%,16,ー倍,0.55倍,ー%
20260716,2656,あかつき本社,8737,東S,,607,-6,-0.98%,16,5.57倍,0.87倍,4.94%
20260716,2657,ｕｎｂａｎｋ,8746,東S,,105,-3,-2.78%,16,ー倍,0.63倍,ー%
20260716,2658,東陽倉,9306,東S,,"2,069",+46,+2.27%,16,13.5倍,0.53倍,3.62%
20260716,2659,名港海,9357,名M,,"2,401",+5,+0.21%,16,11.9倍,0.51倍,4.16%
20260716,2660,ＧＸ中テ１０,404A,東Ｅ,,"1,379",-8,-0.58%,16,ー倍,ー倍,ー%
20260716,2661,ＭＸ米株ＡＩ,552A,東Ｅ,,"2,471",-76,-2.98%,16,ー倍,ー倍,ー%
20260716,2662,モダリス,4883,東G,,34,0,0.00%,16,ー倍,1.19倍,ー%
20260716,2663,オーケーエム,6229,東S,,"1,590",-13,-0.81%,16,9.51倍,0.64倍,3.14%
20260716,2664,ＭＸ米ＳＰ有,2630,東Ｅ,,"15,915",+15,+0.09%,16,ー倍,ー倍,ー%
20260716,2665,ｉＦＴＰベ,1457,東Ｅ,,"1,800",+27,+1.52%,16,ー倍,ー倍,ー%
20260716,2666,第一カッタ,1716,東S,,"1,393",-17,-1.21%,16,9.54倍,0.78倍,2.87%
20260716,2667,北野建,1866,東S,,"1,161",-13,-1.11%,16,8.07倍,0.55倍,2.58%
20260716,2668,協和日成,1981,東S,,"1,308",-7,-0.53%,16,10.5倍,0.64倍,3.98%
20260716,2669,北浜ＣＰ,2134,東S,,26,0,0.00%,16,7.93倍,2.73倍,ー%
20260716,2670,カネコ種,1376,東S,,"1,501",-20,-1.31%,15,9.98倍,0.62倍,3.20%
20260716,2671,野村素材化学,1620,東Ｅ,,"38,410",-970,-2.46%,15,ー倍,ー倍,ー%
20260716,2672,大幸薬品,4574,東P,,273,-3,-1.09%,15,24.9倍,1.66倍,1.28%
20260716,2673,アストマクス,7162,東S,,266,-7,-2.56%,15,ー倍,0.46倍,ー%
20260716,2674,アトネイチャ,7823,東S,,871,+6,+0.69%,15,23.4倍,1.01倍,3.21%
20260716,2675,ＴＢグループ,6775,東S,,118,-5,-4.07%,15,176倍,3.65倍,ー%
20260716,2676,アルチザ,6778,東S,,710,+3,+0.42%,15,39.4倍,0.91倍,3.52%
20260716,2677,千代田インテ,6915,東S,,"3,300",+50,+1.54%,15,7.93倍,0.72倍,4.85%
20260716,2678,ＧＸ住宅日Ｒ,2097,東Ｅ,,966,-9,-0.92%,15,ー倍,ー倍,ー%
20260716,2679,ＴＭＨ,280A,東G,Ｓ,"1,403",-400,-22.19%,15,ー倍,3.73倍,ー%
20260716,2680,総医研ＨＤ,2385,東G,,216,+2,+0.93%,15,47.1倍,0.92倍,4.63%
20260716,2681,ＪＴＰ,2488,東S,,"1,383",+10,+0.73%,15,10.8倍,1.87倍,3.62%
20260716,2682,野村新興国株,2520,東Ｅ,,"2,375",-22,-0.92%,15,ー倍,ー倍,ー%
20260716,2683,Ｙｓテーブル,2798,東S,,"3,035",+20,+0.66%,15,15.9倍,7.86倍,ー%
20260716,2684,アドバネクス,5998,東S,,"2,699",-77,-2.77%,15,5.54倍,1.09倍,1.85%
20260716,2685,Ｇキッズ,6189,東S,,995,-19,-1.87%,15,14.6倍,1.19倍,4.02%
20260716,2686,ウインＰ,3183,東P,,"1,301",-11,-0.84%,15,16.2倍,1.54倍,4.23%
20260716,2687,ネオジャパン,3921,東P,,"1,615",-10,-0.62%,15,12.1倍,2.99倍,3.34%
20260716,2688,ジモティー,7082,東G,,"1,406",+1,+0.07%,15,36.1倍,7.54倍,ー%
20260716,2689,ブルーミーム,4069,東G,,672,-22,-3.17%,15,27.0倍,0.89倍,ー%
20260716,2690,ＣＩＮＣ,4378,東G,,522,-22,-4.04%,15,387倍,1.40倍,ー%
20260716,2691,ノバック,5079,東S,,"2,593",+26,+1.01%,15,17.4倍,0.71倍,4.63%
20260716,2692,ファイバーＧ,9450,東S,,759,-6,-0.78%,15,12.0倍,2.21倍,3.56%
20260716,2693,ＮＳＷ,9739,東P,,"2,540",+3,+0.12%,15,10.1倍,1.00倍,4.92%
20260716,2694,ナック,9788,東P,,536,+1,+0.19%,15,12.7倍,0.94倍,4.10%
20260716,2695,プロネクサス,7893,東P,,"1,153",+7,+0.61%,15,14.2倍,1.20倍,3.82%
20260716,2696,ホクシン,7897,東S,,102,-1,-0.97%,15,22.2倍,0.49倍,1.96%
20260716,2697,マミヤＯＰ,7991,東S,,"1,131",+10,+0.89%,15,9.73倍,0.45倍,4.42%
20260716,2698,フォーバル,8275,東S,,"1,015",-2,-0.20%,15,12.1倍,1.40倍,3.15%
20260716,2699,日産証券Ｇ,8705,東S,,235,-2,-0.84%,15,ー倍,0.91倍,ー%
20260716,2700,ＧＸ純金Ｈ,424A,東Ｅ,,308.9,+0.3,+0.10%,15,ー倍,ー倍,ー%
20260716,2701,スーパツール,5990,東S,,"2,010",+16,+0.80%,14,27.9倍,0.46倍,2.99%
20260716,2702,今村証券,7175,東S,,"1,525",-41,-2.62%,14,ー倍,0.59倍,ー%
20260716,2703,ユニバンス,7254,東S,,804,+61,+8.21%,14,8.39倍,0.57倍,2.49%
20260716,2704,フジオーゼ,7299,東S,,"1,843",+19,+1.04%,14,10.7倍,0.57倍,2.93%
20260716,2705,南陽,7417,東S,,"1,830",+2,+0.11%,14,9.86倍,0.81倍,3.55%
20260716,2706,アドヴァンＧ,7463,東S,,931,-2,-0.21%,14,ー倍,0.52倍,4.30%
20260716,2707,シード,7743,東S,,519,-3,-0.57%,14,11.6倍,0.82倍,2.89%
20260716,2708,植木組,1867,東S,,"2,668",+9,+0.34%,14,8.16倍,0.55倍,4.12%
20260716,2709,エクスＭ,4394,東G,,563,-2,-0.35%,14,25.6倍,2.04倍,2.22%
20260716,2710,ｆｏｎｆｕｎ,2323,東S,,307,+6,+1.99%,14,14.5倍,4.83倍,ー%
20260716,2711,ＡＦＣ－ＨＤ,2927,東S,,867,+1,+0.12%,14,8.17倍,0.78倍,4.15%
20260716,2712,ＪＦＬＡＨＤ,3069,東S,,158,+1,+0.64%,14,ー倍,1.24倍,ー%
20260716,2713,東京機,6335,東S,,736,-29,-3.79%,14,10.4倍,0.62倍,ー%
20260716,2714,フリージア,6343,東S,,150,-2,-1.32%,14,4.22倍,0.40倍,0.40%
20260716,2715,不二電機,6654,東S,,"1,115",-7,-0.62%,14,25.9倍,0.55倍,2.87%
20260716,2716,アメイズ,6076,福証,,"1,239",+34,+2.82%,14,7.55倍,0.96倍,2.82%
20260716,2717,ｉＳＨＹ社債,2258,東Ｅ,,229.8,-0.2,-0.09%,14,ー倍,ー倍,ー%
20260716,2718,ジグザグ,340A,東G,,314,-7,-2.18%,14,17.8倍,1.77倍,ー%
20260716,2719,シナネンＨＤ,8132,東P,,"6,870",-180,-2.55%,14,14.3倍,1.24倍,1.75%
20260716,2720,和田興産,8931,東S,,"1,370",+13,+0.96%,14,7.15倍,0.43倍,4.38%
20260716,2721,フォースタ,7089,東G,,"1,560",-9,-0.57%,14,10.7倍,3.66倍,ー%
20260716,2722,ＣａＳｙ,9215,東G,,925,-19,-2.01%,14,ー倍,6.44倍,ー%
20260716,2723,モイ,5031,東G,,341,-13,-3.67%,14,ー倍,2.90倍,ー%
20260716,2724,Ｂガレージ,3180,東P,,"1,475",+9,+0.61%,14,13.7倍,2.21倍,1.22%
20260716,2725,フィスコ,3807,東G,,87,-2,-2.25%,14,223倍,5.78倍,ー%
20260716,2726,明海グループ,9115,東S,,825,-28,-3.28%,14,13.4倍,0.53倍,ー%
20260716,2727,ＫＮＴＣＴ,9726,東S,,"1,923",-22,-1.13%,14,9.18倍,2.87倍,0.52%
20260716,2728,神奈交,9081,東P,,"3,740",+15,+0.40%,13,12.3倍,0.72倍,2.41%
20260716,2729,ＣＢＣ,9402,名P,,"1,295",-4,-0.31%,13,21.7倍,0.43倍,1.93%
20260716,2730,ＢＳ１１,9414,東S,,910,-6,-0.66%,13,12.4倍,0.65倍,3.30%
20260716,2731,カンセキ,9903,東S,,869,-16,-1.81%,13,20.3倍,1.01倍,2.30%
20260716,2732,藤商事,6257,東S,,"1,015",0,0.00%,13,10.1倍,0.49倍,5.42%
20260716,2733,ユビテック,6662,東S,,216,-2,-0.92%,13,ー倍,2.14倍,ー%
20260716,2734,ＮＥＷＡＲＴ,7638,東S,,"1,381",-9,-0.65%,13,9.48倍,2.12倍,5.79%
20260716,2735,日精蝋,5010,東S,,238,+2,+0.85%,13,5.88倍,0.70倍,ー%
20260716,2736,石塚硝,5204,東S,,"3,060",-35,-1.13%,13,5.94倍,0.34倍,2.35%
20260716,2737,Ａ＆ＡＭ,5391,東S,,"1,518",+6,+0.40%,13,7.00倍,0.49倍,4.61%
20260716,2738,中西製,5941,東S,,"2,630",-63,-2.34%,13,8.17倍,0.73倍,3.80%
20260716,2739,マルゼン,5982,東S,,"3,925",-35,-0.88%,13,11.8倍,1.19倍,3.18%
20260716,2740,キューブシス,2335,東P,,"1,070",+2,+0.19%,13,10.8倍,1.42倍,4.30%
20260716,2741,アドウェイズ,2489,東S,,309,-3,-0.96%,13,22.8倍,0.88倍,2.13%
20260716,2742,アップル,2788,東S,,388,-2,-0.51%,13,8.15倍,0.48倍,2.58%
20260716,2743,ジーエルシー,2970,東S,,944,-18,-1.87%,13,11.2倍,2.70倍,ー%
20260716,2744,ティーライフ,3172,東S,,"1,158",-7,-0.60%,13,26.3倍,0.77倍,2.59%
20260716,2745,野村不動産,1633,東Ｅ,,"51,860","-1,540",-2.88%,13,ー倍,ー倍,ー%
20260716,2746,ＷＴ穀物,1688,東Ｅ,,580.9,+9.7,+1.70%,13,ー倍,ー倍,ー%
20260716,2747,ソネック,1768,東S,,"1,110",+32,+2.97%,13,9.85倍,0.78倍,4.50%
20260716,2748,川崎設備,1777,名M,,"2,433",-4,-0.16%,13,8.44倍,1.77倍,3.90%
20260716,2749,サンテック,1960,東S,,"1,452",-56,-3.71%,13,9.69倍,0.67倍,3.79%
20260716,2750,地域新聞社,2164,東S,,171,-6,-3.39%,13,ー倍,2.89倍,ー%
20260716,2751,大村紙業,3953,東S,,814,+13,+1.62%,13,9.93倍,0.57倍,3.69%
20260716,2752,ブロメディア,4347,東S,,"1,778",-3,-0.17%,13,14.2倍,2.50倍,3.66%
20260716,2753,カルナバイオ,4572,東G,,332,-7,-2.06%,13,ー倍,-38倍,ー%
20260716,2754,チムニー,3178,東S,,"1,157",+17,+1.49%,13,89.3倍,3.49倍,0.43%
20260716,2755,データＨＲ,3628,東G,,590,+6,+1.03%,13,28.8倍,17.8倍,ー%
20260716,2756,オープンＷ,5139,東G,,913,+2,+0.22%,13,19.6倍,2.61倍,0.99%
20260716,2757,シーユーシー,9158,東G,,817,-7,-0.85%,13,21.8倍,0.72倍,ー%
20260716,2758,ｉＦ高リート,210A,東Ｅ,,"1,608",-17,-1.05%,13,ー倍,ー倍,ー%
20260716,2759,野村ＳＰ配貴,364A,東Ｅ,,"2,512",0,0.00%,13,ー倍,ー倍,ー%
20260716,2760,ｋｕｂｅｌｌ,4448,東G,,293,-6,-2.01%,13,ー倍,5.76倍,ー%
20260716,2761,カラダノート,4014,東G,,536,+14,+2.68%,13,14.8倍,5.72倍,ー%
20260716,2762,ＧＸクリ日株,2637,東Ｅ,,"2,925",-145,-4.72%,13,ー倍,ー倍,ー%
20260716,2763,グローバルＳ,7126,東S,,"1,537",-2,-0.13%,13,9.77倍,1.58倍,3.06%
20260716,2764,ヌーラボ,5033,東G,,929,+12,+1.31%,12,12.2倍,2.99倍,ー%
20260716,2765,上場ＭＳエマ,1681,東Ｅ,,"3,371",-61,-1.78%,12,ー倍,ー倍,ー%
20260716,2766,Ｔスマート,6246,東S,,"1,880",-3,-0.16%,12,15.4倍,1.04倍,4.89%
20260716,2767,ハナツアーＪ,6561,東G,,838,0,0.00%,12,7.38倍,2.37倍,5.01%
20260716,2768,トラースＯＰ,6696,東G,,291,-10,-3.32%,12,ー倍,4.58倍,ー%
20260716,2769,帝通工,6763,東P,,"2,879",-19,-0.66%,12,19.0倍,0.93倍,4.34%
20260716,2770,大井電気,6822,東S,,"5,450",-80,-1.45%,12,3.65倍,0.81倍,1.47%
20260716,2771,ＧＸ防衛テク,466A,東Ｅ,,"1,026",+9,+0.88%,12,ー倍,ー倍,ー%
20260716,2772,ＢＲＡＮＵ,460A,東G,,932,-20,-2.10%,12,16.1倍,4.36倍,ー%
20260716,2773,ＪＫＨＤ,9896,東S,,"1,460",-4,-0.27%,12,9.29倍,0.61倍,4.11%
20260716,2774,ＭＲＫＨＬＤ,9980,東S,,95,0,0.00%,12,6.70倍,0.57倍,1.05%
20260716,2775,クエスト,2332,東S,,"1,723",-16,-0.92%,12,10.3倍,1.18倍,3.54%
20260716,2776,共同ＰＲ,2436,東S,,601,-12,-1.96%,12,11.6倍,2.42倍,1.33%
20260716,2777,野村外国株式,2513,東Ｅ,,"3,636",+8,+0.22%,12,ー倍,ー倍,ー%
20260716,2778,銚子丸,3075,東S,,"1,695",-2,-0.12%,12,27.1倍,2.34倍,0.88%
20260716,2779,Ｈａｍｅｅ,3134,東S,,276,-1,-0.36%,12,19.2倍,0.61倍,1.09%
20260716,2780,メディアス,3154,東P,,780,0,0.00%,12,13.3倍,0.83倍,2.56%
20260716,2781,日本創発Ｇ,7814,東S,,627,-9,-1.42%,12,14.7倍,1.40倍,2.39%
20260716,2782,日亜鋼,5658,東S,,360,+1,+0.28%,12,13.5倍,0.30倍,2.78%
20260716,2783,ＣＫサンエツ,5757,東P,,"5,310",-70,-1.30%,12,6.74倍,0.80倍,1.88%
20260716,2784,駒井ハルテク,5915,東S,,"2,211",-29,-1.29%,12,67.5倍,0.29倍,3.17%
20260716,2785,レントラクス,6045,東G,,"1,640",0,0.00%,12,14.2倍,2.18倍,1.52%
20260716,2786,エンバイオＨ,6092,東S,,728,+8,+1.11%,12,8.56倍,0.64倍,3.30%
20260716,2787,アソインター,9340,東S,,718,+6,+0.84%,12,14.0倍,2.29倍,3.62%
20260716,2788,上場ＳＰレ２,2239,東Ｅ,,"26,295",+115,+0.44%,12,ー倍,ー倍,ー%
20260716,2789,ココルポート,9346,東G,,"1,630",+10,+0.62%,12,10.4倍,1.91倍,3.74%
20260716,2790,野村Ａ成長,2083,東Ｅ,,"3,905",-40,-1.01%,12,ー倍,ー倍,ー%
20260716,2791,ナルネット,5870,東G,,788,-38,-4.60%,12,8.21倍,1.09倍,3.81%
20260716,2792,ｉＳインド株,201A,東Ｅ,,183.6,-1.0,-0.54%,12,ー倍,ー倍,ー%
20260716,2793,Ｈｍｃｏｍｍ,265A,東G,,724,-23,-3.08%,12,133倍,1.74倍,ー%
20260716,2794,タレントＸ,330A,東G,,498,+1,+0.20%,12,26.1倍,3.19倍,ー%
20260716,2795,ミンカブ,4436,東G,,470,-3,-0.63%,12,14.5倍,5.00倍,ー%
20260716,2796,エスケー化研,4628,東S,,"9,000",+30,+0.33%,12,12.8倍,0.69倍,2.00%
20260716,2797,丸藤パ,8046,東S,,884,-7,-0.79%,12,8.71倍,0.47倍,4.30%
20260716,2798,千趣会,8165,東S,,111,+2,+1.83%,12,3.85倍,0.32倍,ー%
20260716,2799,毎コムネット,8908,東S,,869,0,0.00%,12,7.83倍,1.06倍,4.49%
20260716,2800,グロームＨＤ,8938,東G,,380,+17,+4.68%,12,21.3倍,0.55倍,0.79%
20260716,2801,エイシアンＳ,8946,東S,,81,+1,+1.25%,12,16.0倍,0.85倍,ー%
20260716,2802,ＣＲＩ,3698,東S,,"1,236",+41,+3.43%,12,14.0倍,1.55倍,2.18%
20260716,2803,朝日ネット,3834,東P,,636,+3,+0.47%,12,12.7倍,1.26倍,3.93%
20260716,2804,ｃｏｔｔａ,3359,東G,,527,0,0.00%,11,8.91倍,1.18倍,1.90%
20260716,2805,アグレ都市,3467,東S,,"2,727",-43,-1.55%,11,6.84倍,1.82倍,5.13%
20260716,2806,スプリックス,7030,東S,,"1,028",+3,+0.29%,11,13.0倍,1.67倍,3.70%
20260716,2807,ギークス,7060,東S,,614,+11,+1.82%,11,9.90倍,2.05倍,5.21%
20260716,2808,ＪＭＳ,7702,東S,,467,-1,-0.21%,11,19.1倍,0.27倍,3.64%
20260716,2809,クロスフォー,7810,東S,,161,0,0.00%,11,78.5倍,1.49倍,0.39%
20260716,2810,瑞光,6279,東P,,903,-2,-0.22%,11,18.3倍,0.66倍,2.21%
20260716,2811,電業社,6365,東S,,"5,500",0,0.00%,11,8.95倍,0.74倍,3.45%
20260716,2812,エスユーエス,6554,東G,,"1,031",-17,-1.62%,11,9.34倍,2.05倍,4.85%
20260716,2813,太洋テクノ,6663,東S,,308,-7,-2.22%,11,24.9倍,0.69倍,0.97%
20260716,2814,ジオマテック,6907,東S,,674,-17,-2.46%,11,15.0倍,0.53倍,ー%
20260716,2815,スマイルＨＤ,7084,東G,,"2,766",-14,-0.50%,11,40.1倍,1.44倍,3.80%
20260716,2816,さくらさく,7097,東G,,"2,992",+7,+0.23%,11,15.9倍,2.00倍,0.94%
20260716,2817,インバウＴ,7031,東G,,695,-58,-7.70%,11,ー倍,1.40倍,ー%
20260716,2818,室町ケミカル,4885,東S,,913,0,0.00%,11,10.5倍,1.43倍,2.85%
20260716,2819,コンフインタ,7374,東G,,"1,535",+2,+0.13%,11,10.3倍,1.53倍,5.54%
20260716,2820,タカヨシＨＤ,9259,東G,,866,+15,+1.76%,11,9.34倍,1.45倍,3.46%
20260716,2821,サンヨーＨ,1420,東S,,647,+2,+0.31%,11,5.73倍,0.47倍,3.86%
20260716,2822,野村建設資材,1619,東Ｅ,,"48,080","-1,090",-2.22%,11,ー倍,ー倍,ー%
20260716,2823,銭高組,1811,東S,,"8,300",ー,ー%,11,39.4倍,0.52倍,ー%
20260716,2824,タカミヤ,2445,東S,,402,-5,-1.23%,11,9.96倍,0.80倍,3.98%
20260716,2825,エバラ食品,2819,東S,,"2,460",-10,-0.40%,11,24.0倍,0.66倍,2.03%
20260716,2826,Ｊファーマ,520A,東G,,295,-6,-1.99%,11,ー倍,1.31倍,ー%
20260716,2827,丸建リース,9763,東S,,"1,247",-8,-0.64%,11,8.48倍,0.65倍,4.33%
20260716,2828,学究社,9769,東P,,"2,553",+1,+0.04%,11,12.7倍,3.40倍,4.97%
20260716,2829,旭情報,9799,東S,,967,+24,+2.55%,11,12.0倍,1.21倍,3.52%
20260716,2830,アイズ,5242,東G,,"1,024",+69,+7.23%,11,351倍,1.75倍,ー%
20260716,2831,オンザページ,9160,東S,,305,+4,+1.33%,11,7.10倍,1.17倍,ー%
20260716,2832,ＳＭＤ高配当,2011,東Ｅ,,825.8,-11.1,-1.33%,11,ー倍,ー倍,ー%
20260716,2833,桜ゴム,5189,東S,,"3,890",+25,+0.65%,11,ー倍,0.75倍,ー%
20260716,2834,倉元,5216,東S,,157,+1,+0.64%,11,ー倍,14.1倍,ー%
20260716,2835,鋳鉄管,5612,東S,,"1,548",+1,+0.06%,11,ー倍,0.50倍,ー%
20260716,2836,三ッ星,5820,東S,,739,-9,-1.20%,11,10.7倍,0.42倍,2.30%
20260716,2837,那須鉄,5922,東S,,"18,990",+120,+0.64%,11,12.7倍,0.67倍,2.37%
20260716,2838,ウエスコＨＤ,6091,東S,,946,+2,+0.21%,11,14.6倍,0.74倍,2.96%
20260716,2839,アップバンク,6177,東G,,86,0,0.00%,11,ー倍,2.59倍,ー%
20260716,2840,片倉コープ,4031,東S,,"1,062",-16,-1.48%,11,19.0倍,0.42倍,2.64%
20260716,2841,ソルクシーズ,4284,東S,,445,-1,-0.22%,11,8.92倍,1.37倍,3.15%
20260716,2842,Ｊストリーム,4308,東G,,359,+4,+1.13%,11,16.7倍,0.83倍,3.90%
20260716,2843,東邦化,4409,東S,,749,+4,+0.54%,11,ー倍,0.66倍,ー%
20260716,2844,大伸化学,4629,東S,,"1,886",-9,-0.47%,10,10.7倍,0.50倍,2.39%
20260716,2845,ＵＮＩＣＯＮ,407A,東S,,884,-1,-0.11%,10,7.95倍,2.25倍,5.09%
20260716,2846,ｉＳ国債二十,573A,東Ｅ,,504.8,-6.4,-1.25%,10,ー倍,ー倍,ー%
20260716,2847,ゲームカード,6249,東S,,"2,570",+11,+0.43%,10,15.0倍,0.60倍,3.89%
20260716,2848,ＬＴＳ,6560,東P,,"1,782",-44,-2.41%,10,7.47倍,1.60倍,2.24%
20260716,2849,ありがとうＳ,3177,東S,,"3,865",-135,-3.38%,10,7.25倍,1.01倍,3.49%
20260716,2850,夢展望,3185,東G,,148,+2,+1.37%,10,ー倍,144倍,ー%
20260716,2851,ＰバンＣＯＭ,3559,東S,,409,-9,-2.15%,10,15.0倍,1.33倍,2.44%
20260716,2852,ＤＬＥ,3686,東S,,72,-1,-1.37%,10,20.9倍,2.36倍,ー%
20260716,2853,日本一ソフト,3851,東S,,890,-19,-2.09%,10,13.6倍,0.58倍,0.56%
20260716,2854,抵抗器,6977,東S,,"1,520",-78,-4.88%,10,18.8倍,1.61倍,1.97%
20260716,2855,うかい,7621,東S,,"3,435",-5,-0.15%,10,ー倍,3.85倍,0.44%
20260716,2856,クロスキャト,2307,東P,,991,-4,-0.40%,10,9.01倍,2.08倍,3.94%
20260716,2857,エプコ,2311,東S,,751,+2,+0.27%,10,13.9倍,1.46倍,4.66%
20260716,2858,新都ＨＤ,2776,東S,,96,-1,-1.03%,10,25.6倍,1.54倍,ー%
20260716,2859,神栄,3004,東S,,"2,249",-15,-0.66%,10,7.05倍,0.81倍,4.89%
20260716,2860,マーケットＥ,3135,東S,,"1,100",+8,+0.73%,10,588倍,4.52倍,ー%
20260716,2861,アルマード,4932,東S,,702,-1,-0.14%,10,ー倍,3.57倍,ー%
20260716,2862,ブレインズ,4075,東G,,900,-22,-2.39%,10,32.7倍,3.02倍,ー%
20260716,2863,アクシーズ,1381,東S,,"3,515",-10,-0.28%,10,8.22倍,0.85倍,3.20%
20260716,2864,タナケン,1450,東S,,"1,415",+20,+1.43%,10,8.79倍,1.32倍,3.89%
20260716,2865,ｉＦＥＳＧセ,1653,東Ｅ,,"5,183",ー,ー%,10,ー倍,ー倍,ー%
20260716,2866,ｉＳ米債７,1656,東Ｅ,,317.4,+0.5,+0.16%,10,ー倍,ー倍,ー%
20260716,2867,上場ＭＳコク,1680,東Ｅ,,"8,405",+18,+0.21%,10,ー倍,ー倍,ー%
20260716,2868,ＳＤＳＨＤ,1711,東S,,241,+1,+0.42%,10,416倍,4.31倍,ー%
20260716,2869,富士ＰＳ,1848,東S,,645,-9,-1.38%,10,11.3倍,0.87倍,3.88%
20260716,2870,森組,1853,東S,,324,-2,-0.61%,10,13.6倍,0.69倍,4.32%
20260716,2871,日基技,1914,東S,,698,-1,-0.14%,10,8.46倍,0.52倍,4.30%
20260716,2872,塩水糖,2112,東S,,449,-2,-0.44%,10,6.86倍,0.60倍,3.56%
20260716,2873,フジ日本,2114,東S,,633,-3,-0.47%,10,13.0倍,1.16倍,3.00%
20260716,2874,スカラ,4845,東S,,344,+2,+0.58%,10,14.4倍,1.27倍,4.94%
20260716,2875,日鋳造,5609,東S,,943,-32,-3.28%,10,12.6倍,0.39倍,2.65%
20260716,2876,フジマック,5965,東S,,"1,172",+9,+0.77%,10,3.66倍,0.58倍,5.12%
20260716,2877,レアジョブ,6096,東S,,394,-5,-1.25%,10,ー倍,1.68倍,ー%
20260716,2878,土木管理,6171,東S,,383,-4,-1.03%,10,12.0倍,1.03倍,3.13%
20260716,2879,栗林船,9171,東S,,"1,734",+24,+1.40%,10,12.1倍,0.60倍,1.73%
20260716,2880,シルバライフ,9262,東S,,663,-9,-1.34%,10,8.94倍,0.98倍,2.71%
20260716,2881,和心,9271,東G,,"1,000",-19,-1.86%,10,10.0倍,4.85倍,1.20%
20260716,2882,大運,9363,東S,,515,-10,-1.90%,10,7.35倍,0.61倍,3.11%
20260716,2883,キムラユニテ,9368,東S,,903,-1,-0.11%,10,9.65倍,0.84倍,4.21%
20260716,2884,スマバ,9417,東S,,318,-1,-0.31%,10,ー倍,2.24倍,3.14%
20260716,2885,三協フロンテ,9639,東S,,"2,279",-1,-0.04%,10,8.66倍,0.96倍,3.95%
20260716,2886,日邦産業,9913,東S,,"3,130",+25,+0.81%,10,20.1倍,1.58倍,2.52%
20260716,2887,文教堂ＧＨＤ,9978,東S,,45,-1,-2.17%,10,167倍,-5.5倍,ー%
20260716,2888,ＫＹＯＲＩＴ,7795,東S,,203,-2,-0.98%,10,11.4倍,0.48倍,3.94%
20260716,2889,クオルテック,9165,東G,,"1,708",-19,-1.10%,10,12.5倍,1.15倍,2.75%
20260716,2890,オートサーバ,5589,東S,,"2,703",-14,-0.52%,10,13.1倍,1.50倍,2.48%
20260716,2891,ケイファーマ,4896,東G,,741,-1,-0.13%,10,ー倍,8.49倍,ー%
20260716,2892,サキガケＨＤ,5891,東S,,"1,595",+10,+0.63%,10,36.1倍,1.84倍,1.44%
20260716,2893,ＧＸウラン,224A,東Ｅ,,"1,518",-23,-1.49%,10,ー倍,ー倍,ー%
20260716,2894,ブッキングＲ,324A,東G,,703,+3,+0.43%,10,10.2倍,2.14倍,ー%
20260716,2895,ジョイフル,9942,福証,,"1,270",+5,+0.40%,9,12.5倍,2.67倍,0.79%
20260716,2896,全保連,5845,東S,,"1,022",-8,-0.78%,9,10.7倍,3.32倍,4.70%
20260716,2897,ｉＳＩＧ社債,2257,東Ｅ,,227.5,+0.5,+0.22%,9,ー倍,ー倍,ー%
20260716,2898,セルソース,4880,東S,,343,-2,-0.58%,9,ー倍,1.16倍,ー%
20260716,2899,上場ＥＳＧリ,2566,東Ｅ,,"1,027",-17,-1.63%,9,ー倍,ー倍,ー%
20260716,2900,ジオコード,7357,東S,,"1,699",+7,+0.41%,9,44.4倍,4.36倍,1.47%
20260716,2901,ＢＣＣ,7376,東G,,"1,069",+31,+2.99%,9,ー倍,4.25倍,ー%
20260716,2902,ｉＳジニメＨ,2649,東Ｅ,,580.2,+0.7,+0.12%,9,ー倍,ー倍,ー%
20260716,2903,ｉＳＧＪリト,2852,東Ｅ,,177.9,-3.0,-1.66%,9,ー倍,ー倍,ー%
20260716,2904,ジャパニアス,9558,東G,,"1,923",0,0.00%,9,9.71倍,2.26倍,5.25%
20260716,2905,ゼネラルパ,6267,東S,,"3,900",+65,+1.69%,9,8.52倍,0.86倍,3.08%
20260716,2906,クックビズ,6558,東G,,690,+35,+5.34%,9,24.1倍,2.03倍,ー%
20260716,2907,協立電機,6874,東S,,"2,541",-13,-0.51%,9,8.37倍,0.94倍,3.54%
20260716,2908,アクモス,6888,東S,,482,+4,+0.84%,9,14.1倍,1.42倍,5.19%
20260716,2909,菊水ＨＤ,6912,東S,,"1,999",+7,+0.35%,9,10.3倍,1.06倍,2.95%
20260716,2910,ニイタカ,4465,東S,,"2,256",+1,+0.04%,9,10.2倍,0.80倍,3.72%
20260716,2911,ＭＸ高配５０,461A,東Ｅ,,"2,519",-6,-0.24%,9,ー倍,ー倍,ー%
20260716,2912,スタートＬ,477A,東G,,602,+12,+2.03%,9,8.02倍,1.32倍,ー%
20260716,2913,ビタブリッド,542A,東G,,"1,040",+32,+3.17%,9,7.85倍,1.12倍,ー%
20260716,2914,林兼,2286,東S,,890,+12,+1.37%,9,6.06倍,0.54倍,5.06%
20260716,2915,ＫＧ情報,2408,東S,,853,-8,-0.93%,9,12.8倍,1.02倍,4.34%
20260716,2916,ゲンダイ,2411,東S,,472,-3,-0.63%,9,9.99倍,1.33倍,5.30%
20260716,2917,翻訳センター,2483,東S,,"2,363",-37,-1.54%,9,15.9倍,1.13倍,5.92%
20260716,2918,ＵＮＩＴＥＤ,2497,東G,,529,+2,+0.38%,9,790倍,1.15倍,4.16%
20260716,2919,ＳＡＮＫＯ,2762,東S,,85,-1,-1.16%,9,ー倍,18.5倍,ー%
20260716,2920,はごろも,2831,東S,,"3,535",+25,+0.71%,9,11.1倍,0.67倍,1.98%
20260716,2921,日食品,2892,東S,,"4,350",-25,-0.57%,9,13.9倍,0.69倍,3.45%
20260716,2922,日本麻,3306,東S,,739,+24,+3.36%,9,"1,087倍",1.54倍,0.54%
20260716,2923,マリオン,3494,東S,,458,+3,+0.66%,9,12.8倍,0.76倍,1.53%
20260716,2924,ＧＭＯペパボ,3633,東S,,"1,743",-8,-0.46%,9,12.2倍,3.70倍,5.34%
20260716,2925,パス,3840,東S,,64,0,0.00%,9,ー倍,2.78倍,ー%
20260716,2926,アイフリーク,3845,東S,,231,-1,-0.43%,9,"5,775倍",5.31倍,ー%
20260716,2927,ユビＡＩ,3858,東S,,297,-4,-1.33%,9,ー倍,1.63倍,ー%
20260716,2928,プロレド,7034,東P,,360,-6,-1.64%,9,ー倍,0.57倍,ー%
20260716,2929,識学,7049,東G,,879,+3,+0.34%,9,ー倍,2.46倍,ー%
20260716,2930,小田原機器,7314,東S,,"1,210",-33,-2.65%,9,45.9倍,0.96倍,3.31%
20260716,2931,小津産業,7487,東S,,"1,802",-4,-0.22%,9,34.5倍,0.80倍,1.50%
20260716,2932,アイナボＨＤ,7539,東S,,819,-4,-0.49%,9,11.9倍,0.70倍,3.17%
20260716,2933,グロースコア,1563,東Ｅ,,"2,223",-27,-1.20%,9,ー倍,ー倍,ー%
20260716,2934,野村運輸物流,1628,東Ｅ,,"20,960",-70,-0.33%,9,ー倍,ー倍,ー%
20260716,2935,大本組,1793,東S,,"2,049",+21,+1.04%,9,19.3倍,0.76倍,3.61%
20260716,2936,鳥越粉,2009,東S,,"1,084",0,0.00%,9,22.6倍,0.70倍,4.52%
20260716,2937,クルーズ,2138,東S,,455,+4,+0.89%,9,90.6倍,0.50倍,ー%
20260716,2938,南プラ,7887,東S,,"1,487",-1,-0.07%,9,4.80倍,0.27倍,2.69%
20260716,2939,アサックス,8772,東S,,842,+7,+0.84%,9,6.74倍,0.53倍,2.61%
20260716,2940,ダントーＨＤ,5337,東S,,804,-8,-0.99%,9,ー倍,3.14倍,ー%
20260716,2941,阪神燃,6018,東S,,"6,400",+10,+0.16%,9,28.4倍,1.33倍,1.42%
20260716,2942,ＨＭＴ,6090,東S,,583,-5,-0.85%,9,15.8倍,1.68倍,3.09%
20260716,2943,日伸銅,5753,東S,,"2,397",+37,+1.57%,8,5.63倍,0.40倍,0.63%
20260716,2944,トレンダ,6069,東G,,670,-7,-1.03%,8,11.6倍,1.21倍,5.37%
20260716,2945,フリークＨＤ,6094,東G,,530,-15,-2.75%,8,11.7倍,0.77倍,ー%
20260716,2946,アルファＣｏ,3434,東S,,"1,231",0,0.00%,8,11.8倍,0.31倍,4.14%
20260716,2947,ユニネク,3566,東G,,873,+13,+1.51%,8,14.7倍,2.32倍,0.69%
20260716,2948,メディカルＮ,3645,東G,,254,-8,-3.05%,8,16.1倍,1.18倍,1.18%
20260716,2949,情報企画,3712,東S,,"1,005",+13,+1.31%,8,13.8倍,2.05倍,2.39%
20260716,2950,巴川コーポ,3878,東S,,767,-6,-0.78%,8,16.7倍,0.43倍,1.96%
20260716,2951,三相電機,6518,東S,,"1,978",-58,-2.85%,8,10.7倍,0.72倍,1.26%
20260716,2952,ＷＡＳＨハウ,6537,東G,,307,-2,-0.65%,8,24.7倍,1.27倍,ー%
20260716,2953,共和コーポ,6570,東S,,"1,983",-16,-0.80%,8,9.73倍,2.01倍,2.02%
20260716,2954,ＦＩＸＥＲ,5129,東G,,252,-7,-2.70%,8,ー倍,1.70倍,ー%
20260716,2955,サンクゼール,2937,東G,,"1,701",-4,-0.23%,8,39.3倍,3.05倍,2.06%
20260716,2956,ｉＦＳＰ有,2248,東Ｅ,,"2,732",+4,+0.15%,8,ー倍,ー倍,ー%
20260716,2957,北海電工,1832,札証,,"1,377",+9,+0.66%,8,8.29倍,0.77倍,1.45%
20260716,2958,キャスター,9331,東G,,766,+9,+1.19%,8,ー倍,2.16倍,ー%
20260716,2959,光フードＳ,138A,東G,,"2,925",-63,-2.11%,8,22.9倍,2.06倍,1.64%
20260716,2960,ユカリア,286A,東G,,797,-10,-1.24%,8,17.2倍,1.36倍,ー%
20260716,2961,スポーツＦ,7080,東G,,808,-1,-0.12%,8,7.02倍,2.23倍,2.85%
20260716,2962,レンティア,7081,東S,,"1,326",+6,+0.45%,8,9.30倍,1.17倍,2.79%
20260716,2963,コマースワン,4496,東G,,838,0,0.00%,8,17.9倍,2.22倍,5.01%
20260716,2964,ニューラルＧ,4056,東G,,215,-7,-3.15%,8,ー倍,2.22倍,ー%
20260716,2965,アクシージア,4936,東S,,349,0,0.00%,8,ー倍,1.05倍,2.87%
20260716,2966,ホームポジ,2999,東S,,630,+6,+0.96%,8,11.0倍,0.98倍,1.59%
20260716,2967,エヌアイデイ,2349,東S,,"2,510",+12,+0.48%,8,10.9倍,1.13倍,1.20%
20260716,2968,ケア２１,2373,東S,,402,0,0.00%,8,109倍,1.31倍,4.23%
20260716,2969,上場ＳＰヘ有,2521,東Ｅ,,"2,147",-3,-0.14%,8,ー倍,ー倍,ー%
20260716,2970,クリエイト,3024,東S,,"1,137",+12,+1.07%,8,ー倍,0.80倍,ー%
20260716,2971,大光,3160,東S,,579,+5,+0.87%,8,20.7倍,1.32倍,2.59%
20260716,2972,日ピグＨＤ,4119,東S,,"5,700",0,0.00%,8,6.88倍,0.40倍,1.75%
20260716,2973,ＣＬＨＤ,4286,東S,,"1,131",+1,+0.09%,8,11.1倍,1.56倍,2.74%
20260716,2974,ジャストプラ,4287,東S,,456,0,0.00%,8,10.7倍,1.38倍,2.85%
20260716,2975,インバウンド,497A,東EN,,"10,330",+120,+1.18%,8,ー倍,ー倍,ー%
20260716,2976,丸八証券,8700,東S,,"1,890",-19,-1.00%,8,ー倍,0.92倍,ー%
20260716,2977,アバンティア,8904,東S,,850,-6,-0.70%,8,10.3倍,0.44倍,4.47%
20260716,2978,近畿車,7122,東S,,"2,365",+55,+2.38%,8,16.3倍,0.45倍,2.11%
20260716,2979,ヒロセ通商,7185,東S,,"3,890",-15,-0.38%,8,ー倍,1.10倍,ー%
20260716,2980,日本モゲジＳ,7192,東S,,592,0,0.00%,8,9.56倍,0.91倍,5.07%
20260716,2981,ＴＢＫ,7277,東S,,327,-1,-0.30%,8,17.3倍,0.33倍,2.45%
20260716,2982,ナンシン,7399,東S,,601,-8,-1.31%,8,15.4倍,0.32倍,3.33%
20260716,2983,ＮＡＴＴＹ,7674,東G,,"2,796",+14,+0.50%,8,684倍,5.26倍,ー%
20260716,2984,ロイヤルホ,9713,東S,,904,-1,-0.11%,8,17.3倍,0.79倍,0.66%
20260716,2985,リリカラ,9827,東S,,631,+3,+0.48%,8,11.6倍,1.01倍,5.71%
20260716,2986,ｉＳ最小分散,1477,東Ｅ,,"3,304",-40,-1.20%,8,ー倍,ー倍,ー%
20260716,2987,ＷＴアグリ,1687,東Ｅ,,"1,057.5",+14.0,+1.34%,8,ー倍,ー倍,ー%
20260716,2988,工藤建設,1764,東S,,"2,717",+26,+0.97%,8,8.47倍,0.58倍,4.31%
20260716,2989,高橋ウォール,1994,東S,,546,-5,-0.91%,8,12.5倍,0.39倍,3.66%
20260716,2990,リブワーク,1431,東G,,649,-1,-0.15%,7,79.4倍,3.47倍,0.99%
20260716,2991,ＭＸ海外株式,1550,東Ｅ,,"8,187",+15,+0.18%,7,ー倍,ー倍,ー%
20260716,2992,野村タイ５０,1559,東Ｅ,,"4,879",+2,+0.04%,7,ー倍,ー倍,ー%
20260716,2993,ＷＴプラチナ,1674,東Ｅ,,"24,455",+430,+1.79%,7,ー倍,ー倍,ー%
20260716,2994,ハンセンブル,2031,東EN,,"7,925",+222,+2.88%,7,ー倍,ー倍,ー%
20260716,2995,ＮＹダウブル,2040,東EN,,"39,190",+200,+0.51%,7,ー倍,ー倍,ー%
20260716,2996,ｎｍｓ,2162,東S,,535,-1,-0.19%,7,18.7倍,2.04倍,1.68%
20260716,2997,博展,2173,東G,,702,-11,-1.54%,7,6.73倍,2.31倍,3.85%
20260716,2998,サニーサイド,2180,東S,,"1,306",0,0.00%,7,15.1倍,3.36倍,0.84%
20260716,2999,リニカル,2183,東S,,206,0,0.00%,7,25.9倍,1.17倍,3.88%
20260716,3000,中村屋,2204,東S,,"3,205",-20,-0.62%,7,19.3倍,0.64倍,2.34%
20260716,3001,Ｆ－ブレイン,3927,東S,,958,+8,+0.84%,7,15.6倍,2.42倍,1.67%
20260716,3002,タカギセイコ,4242,東S,,"1,832",+4,+0.22%,7,8.27倍,0.41倍,3.28%
20260716,3003,ユークス,4334,東S,,386,+1,+0.26%,7,11.6倍,1.29倍,2.59%
20260716,3004,バルテスＨＤ,4442,東G,,407,-3,-0.73%,7,13.2倍,2.22倍,0.98%
20260716,3005,わかもと,4512,東S,,281,+1,+0.36%,7,42.4倍,0.81倍,1.25%
20260716,3006,イマジニア,4644,東S,,"1,050",+1,+0.10%,7,20.2倍,0.85倍,5.71%
20260716,3007,ネクスウェア,4814,東S,,150,-3,-1.96%,7,63.6倍,2.51倍,ー%
20260716,3008,ハマイ,6497,東S,,"1,329",-10,-0.75%,7,9.10倍,0.51倍,3.39%
20260716,3009,船場,6540,東S,,"1,502",-18,-1.18%,7,10.0倍,1.14倍,5.19%
20260716,3010,大同信,6743,東S,,834,-2,-0.24%,7,6.97倍,0.48倍,4.32%
20260716,3011,メディシノバ,4875,東S,,220,+1,+0.46%,7,ー倍,ー倍,ー%
20260716,3012,ヤマウＨＤ,5284,東S,,"2,239",0,0.00%,7,6.03倍,0.98倍,5.00%
20260716,3013,イトヨーギョ,5287,東S,,807,-7,-0.86%,7,11.9倍,0.60倍,2.48%
20260716,3014,洋シヤタ,5936,東S,,916,-9,-0.97%,7,7.25倍,0.56倍,4.69%
20260716,3015,アトラＧ,6029,東S,,200,-6,-2.91%,7,ー倍,1.30倍,ー%
20260716,3016,トーア紡,3204,東S,,529,+4,+0.76%,7,8.88倍,0.33倍,2.84%
20260716,3017,ファンクリＧ,3266,東S,,80,-3,-3.61%,7,8.72倍,0.94倍,1.25%
20260716,3018,トラストＨＤ,3286,東S,,874,+3,+0.34%,7,ー倍,3.19倍,2.06%
20260716,3019,バイク王,3377,東S,,368,+1,+0.27%,7,9.24倍,0.72倍,2.99%
20260716,3020,イノベＨＤ,3484,東S,,"1,095",-15,-1.35%,7,14.4倍,3.73倍,3.11%
20260716,3021,メディア工房,3815,東G,,443,-1,-0.23%,7,ー倍,8.30倍,ー%
20260716,3022,カヤック,3904,東G,,425,+1,+0.24%,7,10.9倍,1.11倍,0.92%
20260716,3023,ＰＣＩＨＤ,3918,東S,,"1,230",-14,-1.13%,7,9.69倍,1.25倍,4.72%
20260716,3024,極楽湯ＨＤ,2340,東S,,500,0,0.00%,7,ー倍,3.44倍,1.20%
20260716,3025,トランスＧＧ,2342,東S,,222,-5,-2.20%,7,24.6倍,0.77倍,ー%
20260716,3026,ウェッジＨＤ,2388,東G,,39,-1,-2.50%,7,ー倍,0.63倍,ー%
20260716,3027,野村外国債券,2511,東Ｅ,,"1,200.5",+1.0,+0.08%,7,ー倍,ー倍,ー%
20260716,3028,あじかん,2907,東S,,"1,548",-22,-1.40%,7,10.1倍,0.63倍,3.75%
20260716,3029,イフジ産業,2924,東S,,"2,076",+7,+0.34%,7,8.36倍,1.34倍,3.32%
20260716,3030,ＫＴＫ,3035,東S,,776,-13,-1.65%,7,10.1倍,0.87倍,2.58%
20260716,3031,ＯＣＨＩＨＤ,3166,東S,,"1,427",+4,+0.28%,7,14.2倍,0.76倍,3.85%
20260716,3032,ＯＢシステム,5576,東S,,"2,938",+33,+1.14%,7,9.49倍,1.20倍,4.25%
20260716,3033,クラダシ,5884,東G,,541,-19,-3.39%,7,53.0倍,4.13倍,ー%
20260716,3034,南日銀,8554,福証,,"1,368",+21,+1.56%,7,7.64倍,0.29倍,3.65%
20260716,3035,構造計画ＨＤ,208A,東S,,"2,887",+6,+0.21%,7,13.2倍,2.86倍,3.12%
20260716,3036,カドスＣ,211A,東S,,"3,675",0,0.00%,7,11.6倍,0.84倍,4.90%
20260716,3037,ウィルズ,4482,東G,,720,+4,+0.56%,7,15.3倍,5.39倍,2.50%
20260716,3038,いつも,7694,東G,,425,-7,-1.62%,7,13.4倍,1.00倍,ー%
20260716,3039,ラキール,4074,東G,,831,+12,+1.47%,7,14.2倍,1.54倍,ー%
20260716,3040,アシロ,7378,東G,,"1,617",-47,-2.82%,7,11.6倍,4.02倍,4.02%
20260716,3041,リベロ,9245,東G,,"1,958",+32,+1.66%,7,13.9倍,3.66倍,2.15%
20260716,3042,人・夢・技術,9248,東S,,"1,540",-3,-0.19%,7,11.1倍,0.60倍,3.90%
20260716,3043,ブロードＥ,4415,東G,,"1,348",+13,+0.97%,7,12.7倍,4.47倍,1.57%
20260716,3044,ニフティＬＳ,4262,東G,,"1,349",+13,+0.97%,7,10.3倍,1.38倍,4.74%
20260716,3045,アジアＱ,4261,東G,,"3,220",-15,-0.46%,7,15.0倍,2.37倍,ー%
20260716,3046,サークレイス,5029,東G,,800,+46,+6.10%,7,10.0倍,2.75倍,ー%
20260716,3047,南総通運,9034,東S,,"1,616",-2,-0.12%,7,11.1倍,0.67倍,4.95%
20260716,3048,ブティックス,9272,東G,,"1,522",-19,-1.23%,7,10.4倍,5.61倍,ー%
20260716,3049,ファイズＨＤ,9325,東S,,"1,110",-5,-0.45%,7,8.52倍,2.56倍,3.42%
20260716,3050,桜島埠,9353,東S,,"2,930",-24,-0.81%,7,17.2倍,0.55倍,1.84%
20260716,3051,大東港運,9367,東S,,"1,891",-8,-0.42%,7,20.4倍,1.54倍,1.64%
20260716,3052,ショーエイ,9385,東S,,800,+1,+0.13%,7,6.36倍,1.20倍,4.38%
20260716,3053,パーカー,9845,東S,,"1,526",+6,+0.39%,7,8.68倍,0.75倍,3.47%
20260716,3054,マキヤ,9890,東S,,"1,368",-4,-0.29%,7,9.12倍,0.61倍,2.78%
20260716,3055,ＯＵＧＨＤ,8041,東S,,"4,540",-5,-0.11%,7,7.66倍,0.59倍,3.79%
20260716,3056,キムラタン,8107,東S,,32,0,0.00%,7,356倍,5.35倍,ー%
20260716,3057,フロンティＭ,7038,東P,,555,-1,-0.18%,7,131倍,4.07倍,ー%
20260716,3058,ＣＡＰＩＴＡ,7462,東S,,390,-9,-2.26%,7,16.0倍,1.73倍,2.56%
20260716,3059,岡谷鋼機,7485,名P,,"5,140",-60,-1.15%,7,7.06倍,0.41倍,1.67%
20260716,3060,フクビ,7871,東S,,933,-4,-0.43%,7,ー倍,0.46倍,3.32%
20260716,3061,ＣＲＧＨＤ,7041,東G,,359,-2,-0.55%,6,20.0倍,0.68倍,2.51%
20260716,3062,エコーＴＤ,7427,東S,,822,+1,+0.12%,6,6.64倍,0.42倍,3.65%
20260716,3063,鳥羽洋行,7472,東S,,"3,975",-95,-2.33%,6,12.6倍,0.71倍,3.02%
20260716,3064,サンリン,7486,東S,,800,+16,+2.04%,6,10.1倍,0.44倍,3.00%
20260716,3065,ハークスレイ,7561,東S,,662,-2,-0.30%,6,7.65倍,0.48倍,4.53%
20260716,3066,橋本総業ＨＤ,7570,東S,,"1,408",-6,-0.42%,6,7.41倍,0.75倍,3.69%
20260716,3067,梅の花Ｇ,7604,東S,,876,+3,+0.34%,6,27.9倍,3.71倍,1.14%
20260716,3068,オーウエル,7670,東S,,"1,097",+29,+2.72%,6,6.90倍,0.49倍,4.10%
20260716,3069,メディキット,7749,東S,,"2,785",-24,-0.85%,6,14.2倍,0.86倍,3.59%
20260716,3070,粧美堂,7819,東S,,895,+5,+0.56%,6,10.8倍,1.56倍,3.69%
20260716,3071,Ａパーチェス,7115,東S,,"1,668",-49,-2.85%,6,14.5倍,2.45倍,2.22%
20260716,3072,第一交通,9035,福証,,736,-4,-0.54%,6,11.0倍,0.56倍,3.40%
20260716,3073,成友興業,9170,名M,,"1,625",-25,-1.52%,6,20.9倍,2.40倍,0.86%
20260716,3074,ｉＳ米総合債,2256,東Ｅ,,226.0,+0.2,+0.09%,6,ー倍,ー倍,ー%
20260716,3075,ＳＯＬＩＺＥ,5871,東S,,"1,382",+10,+0.73%,6,24.8倍,0.66倍,3.98%
20260716,3076,ＡＩセレクト,162A,東EN,,"17,150",-350,-2.00%,6,ー倍,ー倍,ー%
20260716,3077,ＧＸ超長米Ｈ,179A,東Ｅ,,247.9,+0.7,+0.28%,6,ー倍,ー倍,ー%
20260716,3078,Ｍ米債長ヘ無,182A,東Ｅ,,510.1,+1.6,+0.31%,6,ー倍,ー倍,ー%
20260716,3079,ＭＦＳ,196A,東G,,287,+4,+1.41%,6,19.5倍,1.14倍,ー%
20260716,3080,フォルシア,304A,東G,,"1,950",+84,+4.50%,6,8.74倍,1.18倍,ー%
20260716,3081,サンセイ,6307,東S,,446,+6,+1.36%,6,8.67倍,0.65倍,3.36%
20260716,3082,兼松エンジ,6402,東S,,"1,538",-11,-0.71%,6,11.5倍,0.95倍,2.93%
20260716,3083,サンデン,6444,東S,,161,-2,-1.23%,6,36.3倍,0.63倍,ー%
20260716,3084,ＩＩＦ,6545,東G,,765,-17,-2.17%,6,9.49倍,2.29倍,3.27%
20260716,3085,ＡＳＴＩ,6899,東S,,"2,380",+23,+0.98%,6,10.6倍,0.30倍,3.36%
20260716,3086,ＷＴコーン,1696,東Ｅ,,"2,922",+24,+0.83%,6,ー倍,ー倍,ー%
20260716,3087,藤田エンジ,1770,東S,,"2,142",-83,-3.73%,6,9.84倍,0.95倍,3.17%
20260716,3088,ビーグリー,3981,東S,,"1,206",-5,-0.41%,6,9.36倍,0.86倍,3.73%
20260716,3089,川口化,4361,東S,,"1,524",-3,-0.20%,6,7.73倍,0.56倍,3.94%
20260716,3090,松本油脂,4365,東S,,"20,040",0,0.00%,6,ー倍,0.65倍,ー%
20260716,3091,ＺＵＵ,4387,東G,,458,ー,ー%,6,217倍,2.12倍,ー%
20260716,3092,エデュラボ,4427,東G,,199,-5,-2.45%,6,203倍,1.50倍,ー%
20260716,3093,イサム,4624,東S,,"3,460",+10,+0.29%,6,ー倍,0.37倍,ー%
20260716,3094,さくらＫＣＳ,4761,東S,,"1,484",-17,-1.13%,6,13.4倍,0.78倍,4.18%
20260716,3095,コイケヤ,2226,東S,,"4,720",-15,-0.32%,6,19.4倍,2.37倍,1.17%
20260716,3096,プラネット,2391,東S,,"1,205",+4,+0.33%,6,19.3倍,1.49倍,3.65%
20260716,3097,手間いらず,2477,東S,,"2,301",-14,-0.60%,6,12.3倍,2.09倍,1.74%
20260716,3098,野村国内債券,2510,東Ｅ,,812.7,+0.4,+0.05%,6,ー倍,ー倍,ー%
20260716,3099,かどや製油,2612,東S,,"1,814",+5,+0.28%,6,24.4倍,1.34倍,2.59%
20260716,3100,ベクターＨＤ,2656,東S,,161,-8,-4.73%,6,15.1倍,4.95倍,ー%
20260716,3101,ヴィレッジＶ,2769,東S,,886,-10,-1.12%,6,"1,151倍",8.29倍,ー%
20260716,3102,セイヒョー,2872,東S,,"2,012",+1,+0.05%,6,29.8倍,1.97倍,0.89%
20260716,3103,きちりＨＤ,3082,東S,,947,-3,-0.32%,6,30.6倍,5.11倍,0.79%
20260716,3104,オーシャンシ,3096,東S,,"1,615",+19,+1.19%,6,9.95倍,1.24倍,1.24%
20260716,3105,虹技,5603,東S,,"1,278",0,0.00%,6,10.5倍,0.27倍,3.13%
20260716,3106,コロナ,5909,東S,,"1,012",+18,+1.81%,6,49.4倍,0.38倍,2.77%
20260716,3107,ダイニチ工業,5951,東S,,"1,057",-8,-0.75%,6,14.3倍,0.58倍,2.65%
20260716,3108,アビスト,6087,東S,,"3,465",+5,+0.14%,6,23.4倍,1.96倍,2.94%
20260716,3109,和井田,6158,東S,,994,0,0.00%,6,18.5倍,0.61倍,3.82%
20260716,3110,ＳＭＮ,6185,東S,,396,0,0.00%,6,11.6倍,1.32倍,ー%
20260716,3111,ハピネス＆Ｄ,3174,東S,,415,+9,+2.22%,6,ー倍,4.16倍,ー%
20260716,3112,クロスプラス,3320,東S,,"1,338",+2,+0.15%,6,6.89倍,0.52倍,4.48%
20260716,3113,フジタコーポ,3370,東S,,485,+15,+3.19%,6,13.2倍,6.55倍,0.62%
20260716,3114,ケーエフシー,3420,東S,,"1,622",-27,-1.64%,6,11.1倍,0.54倍,4.32%
20260716,3115,クラウディア,3607,東S,,363,0,0.00%,6,9.40倍,0.67倍,2.75%
20260716,3116,テックファム,3625,東G,,570,0,0.00%,6,12.3倍,1.36倍,1.40%
20260716,3117,オルトＰ,3672,東S,,28,-1,-3.45%,6,ー倍,1.90倍,ー%
20260716,3118,アプリックス,3727,東G,,140,0,0.00%,6,ー倍,2.73倍,1.43%
20260716,3119,キーウェア,3799,東S,,"1,061",+1,+0.09%,6,11.0倍,1.11倍,3.77%
20260716,3120,アイリッジ,3917,東G,,466,+9,+1.97%,6,12.2倍,1.21倍,ー%
20260716,3121,リーガル,7938,東S,,"2,222",+3,+0.14%,6,ー倍,0.48倍,3.68%
20260716,3122,くろ工,7997,東S,,"1,040",-26,-2.44%,6,19.3倍,0.37倍,3.85%
20260716,3123,クワザワＨＤ,8104,東S,,681,-3,-0.44%,6,8.76倍,0.59倍,4.41%
20260716,3124,ムーンバット,8115,東S,,"1,706",+1,+0.06%,6,12.8倍,1.31倍,3.17%
20260716,3125,浜木綿,7682,東S,,"4,075",+5,+0.12%,6,48.3倍,5.18倍,0.42%
20260716,3126,ニッソウ,1444,東G,,"2,922",-14,-0.48%,6,ー倍,1.93倍,ー%
20260716,3127,リビングＰＦ,7091,東G,,"1,219",-3,-0.25%,6,12.8倍,2.23倍,0.41%
20260716,3128,ｉ３,4495,東G,,"1,872",+13,+0.70%,6,13.0倍,3.06倍,2.03%
20260716,3129,ｒａｋｕｍｏ,4060,東G,,"1,107",-16,-1.42%,6,20.3倍,3.43倍,1.26%
20260716,3130,ミット,4016,東S,,930,0,0.00%,6,10.8倍,2.58倍,3.23%
20260716,3131,ビイングＨＤ,9145,東S,,550,-11,-1.96%,6,9.40倍,1.63倍,2.73%
20260716,3132,かっこ,4166,東G,,668,-1,-0.15%,6,ー倍,2.78倍,ー%
20260716,3133,ココペリ,4167,東G,,307,-9,-2.85%,6,46.7倍,1.60倍,ー%
20260716,3134,カイゼン,4170,東G,,123,-1,-0.81%,6,105倍,0.71倍,ー%
20260716,3135,ファブリカ,4193,東S,,"2,343",-7,-0.30%,6,13.4倍,3.41倍,1.71%
20260716,3136,アイスコ,7698,東S,,"2,635",+6,+0.23%,6,21.2倍,2.50倍,0.80%
20260716,3137,ＤＮＨＤ,7377,東S,,"1,736",-2,-0.12%,6,8.01倍,0.87倍,4.32%
20260716,3138,エコシステム,9249,東S,,"1,640",-5,-0.30%,6,24.9倍,2.31倍,1.10%
20260716,3139,ＳＳ金,447A,東Ｅ,,260.5,+0.7,+0.27%,6,ー倍,ー倍,ー%
20260716,3140,ＯｎｅＪ２０,496A,東Ｅ,,953.9,-5.6,-0.58%,6,ー倍,ー倍,ー%
20260716,3141,シスエグゼ,548A,東S,,993,-10,-1.00%,6,8.97倍,0.92倍,4.48%
20260716,3142,ニラセル２千,600A,東Ｅ,,"2,022",-73,-3.48%,6,ー倍,ー倍,ー%
20260716,3143,神電鉄,9046,東S,,"2,436",-15,-0.61%,6,16.2倍,0.76倍,1.03%
20260716,3144,川西倉,9322,東S,,"2,429",+11,+0.45%,6,28.7倍,0.84倍,5.43%
20260716,3145,遠州トラック,9057,東S,,"3,195",-5,-0.16%,5,11.4倍,0.97倍,3.00%
20260716,3146,サンリツ,9366,東S,,"1,032",-18,-1.71%,5,8.31倍,0.48倍,3.68%
20260716,3147,フォーバルＲ,9423,東S,,103,-1,-0.96%,5,20.0倍,3.35倍,2.91%
20260716,3148,協和コンサル,9647,東S,,"6,600",-50,-0.75%,5,5.76倍,0.79倍,0.45%
20260716,3149,白洋舎,9731,東S,,"3,445",-20,-0.58%,5,5.27倍,0.98倍,2.90%
20260716,3150,ハチバン,9950,東S,,"3,420",+5,+0.15%,5,108倍,2.64倍,0.58%
20260716,3151,野村米社債Ｈ,2554,東Ｅ,,752.8,+1.1,+0.15%,5,ー倍,ー倍,ー%
20260716,3152,アイビー,4918,東S,,324,-3,-0.92%,5,9.25倍,1.24倍,4.63%
20260716,3153,中可鍛,5607,名M,,621,+4,+0.65%,5,6.14倍,0.31倍,3.06%
20260716,3154,ＺＥＴＡ,6031,東G,,255,0,0.00%,5,17.1倍,6.60倍,1.76%
20260716,3155,ニッキ,6042,東S,,"3,865",-75,-1.90%,5,12.0倍,0.52倍,3.10%
20260716,3156,ナガオカ,6239,東S,,"1,315",-7,-0.53%,5,20.3倍,1.17倍,2.66%
20260716,3157,シリウスＶ,6276,東S,,320,+2,+0.63%,5,2.87倍,0.72倍,ー%
20260716,3158,タカキタ,6325,東S,,400,0,0.00%,5,18.2倍,0.54倍,2.50%
20260716,3159,オーケストラ,6533,東P,,"1,173",+1,+0.09%,5,11.4倍,1.66倍,2.56%
20260716,3160,ケル,6919,東S,,"1,380",0,0.00%,5,83.7倍,0.66倍,5.80%
20260716,3161,カネミツ,7208,東S,,"1,281",-22,-1.69%,5,9.63倍,0.52倍,3.20%
20260716,3162,日本プラスト,7291,東S,,472,-2,-0.42%,5,5.55倍,0.24倍,5.30%
20260716,3163,コナカ,7494,東S,,232,0,0.00%,5,4.95倍,0.44倍,4.31%
20260716,3164,スリーエフ,7544,東S,,560,0,0.00%,5,14.1倍,1.02倍,3.21%
20260716,3165,安楽亭,7562,東S,,"3,790",0,0.00%,5,23.0倍,2.12倍,0.40%
20260716,3166,オーエムツー,7614,東S,,"1,564",+14,+0.90%,5,10.4倍,0.57倍,2.30%
20260716,3167,星医療,7634,東S,,"5,100",+10,+0.20%,5,11.4倍,0.80倍,1.76%
20260716,3168,トップカルチ,7640,東S,,168,+1,+0.60%,5,ー倍,-3.8倍,ー%
20260716,3169,ダイイチ,7643,東S,,"1,705",-3,-0.18%,5,16.0倍,1.08倍,2.35%
20260716,3170,東京ボード,7815,東S,,353,-13,-3.55%,5,ー倍,1.50倍,ー%
20260716,3171,総合商研,7850,東S,,886,+8,+0.91%,5,9.84倍,0.74倍,2.26%
20260716,3172,テリロジＨＤ,5133,東S,,311,-2,-0.64%,5,12.4倍,1.63倍,1.74%
20260716,3173,ＢＴＭ,5247,東G,,535,-15,-2.73%,5,22.8倍,2.08倍,ー%
20260716,3174,ＧＭＯプラ,5250,東S,,"1,048",-11,-1.04%,5,ー倍,2.64倍,1.94%
20260716,3175,ジェノバ,5570,東G,,635,0,0.00%,5,15.5倍,2.38倍,1.10%
20260716,3176,ＷＴＯＫＹＯ,9159,東G,,"1,871",-19,-1.01%,5,14.6倍,2.52倍,ー%
20260716,3177,筑邦銀,8398,福証,,"2,149",+109,+5.34%,5,8.10倍,0.34倍,2.79%
20260716,3178,ファーストＡ,5588,東G,,752,-6,-0.79%,5,40.3倍,5.53倍,0.52%
20260716,3179,ＧＸホリ日Ｒ,2098,東Ｅ,,991,-2,-0.20%,5,ー倍,ー倍,ー%
20260716,3180,ハンモック,173A,東G,,"1,482",+25,+1.72%,5,10.7倍,1.94倍,3.04%
20260716,3181,ＧＸ印１０＋,188A,東Ｅ,,885,+11,+1.26%,5,ー倍,ー倍,ー%
20260716,3182,ブルボン,2208,東S,,"3,135",+25,+0.80%,5,18.5倍,1.13倍,1.40%
20260716,3183,ＣＳＳ,2304,東S,,940,-3,-0.32%,5,7.90倍,1.39倍,3.72%
20260716,3184,アルバイトＴ,2341,東S,,171,+2,+1.18%,5,22.5倍,1.10倍,2.92%
20260716,3185,メディネット,2370,東G,,25,0,0.00%,5,ー倍,1.96倍,ー%
20260716,3186,イーサポート,2493,東S,,954,+5,+0.53%,5,29.3倍,1.14倍,0.52%
20260716,3187,野村外国債Ｈ,2512,東Ｅ,,732.7,+0.2,+0.03%,5,ー倍,ー倍,ー%
20260716,3188,夢みつけ隊,2673,東S,,96,-3,-3.03%,5,ー倍,0.34倍,ー%
20260716,3189,オルバヘルス,2689,東S,,"1,920",+1,+0.05%,5,8.62倍,0.91倍,4.17%
20260716,3190,石光商事,2750,東S,,"1,300",+7,+0.54%,5,5.84倍,0.75倍,4.23%
20260716,3191,佐藤食品,2814,東S,,"3,145",-5,-0.16%,5,30.7倍,0.56倍,1.59%
20260716,3192,日東ベスト,2877,東S,,763,+8,+1.06%,5,23.1倍,0.55倍,1.57%
20260716,3193,Ｔアルファ,3089,東S,,"1,025",-2,-0.19%,5,ー倍,0.79倍,3.41%
20260716,3194,ＵＮＩＶＡ,3113,東S,,75,-1,-1.32%,5,68.8倍,5.89倍,ー%
20260716,3195,秋川牧園,1380,東S,,"1,009",-10,-0.98%,5,52.6倍,1.93倍,0.99%
20260716,3196,ベルグアース,1383,東S,,"2,949",+18,+0.61%,5,87.4倍,2.25倍,0.34%
20260716,3197,エムビーエス,1401,東G,,"1,295",+4,+0.31%,5,ー倍,2.31倍,ー%
20260716,3198,上場アジリト,1495,東Ｅ,,"11,510",-235,-2.00%,5,ー倍,ー倍,ー%
20260716,3199,ＷＴパラジ,1675,東Ｅ,,"19,205",-135,-0.70%,5,ー倍,ー倍,ー%
20260716,3200,徳倉建,1892,名M,,"8,100",-60,-0.74%,5,7.06倍,0.74倍,3.09%
20260716,3201,テノックス,1905,東S,,"1,515",-21,-1.37%,5,10.1倍,0.74倍,4.09%
20260716,3202,ソーバル,2186,東S,,913,0,0.00%,5,17.1倍,1.60倍,3.61%
20260716,3203,アミタＨＤ,2195,東G,,334,-6,-1.76%,5,16.2倍,2.00倍,1.50%
20260716,3204,朝日印刷,3951,東S,,875,-5,-0.57%,5,10.8倍,0.51倍,4.34%
20260716,3205,うるる,3979,東G,,427,+8,+1.91%,5,15.1倍,3.18倍,1.01%
20260716,3206,すららネット,3998,東G,,308,-1,-0.32%,5,ー倍,0.88倍,ー%
20260716,3207,アセチレン,4093,東S,,423,-2,-0.47%,5,12.3倍,0.77倍,3.31%
20260716,3208,フジプレアム,4237,東S,,337,-2,-0.59%,5,33.7倍,1.26倍,1.78%
20260716,3209,Ｄ・アクシス,4245,東S,,675,0,0.00%,5,16.6倍,0.89倍,3.56%
20260716,3210,竹本容器,4248,東S,,865,0,0.00%,5,11.6倍,0.86倍,4.39%
20260716,3211,ＫｅｙＨ,4712,東S,,734,-1,-0.14%,5,13.8倍,0.61倍,1.50%
20260716,3212,ＮＥ,441A,東G,,250,0,0.00%,5,8.18倍,1.80倍,ー%
20260716,3213,辻本郷ＩＴＣ,476A,東S,,"1,588",-71,-4.28%,5,10.7倍,1.93倍,ー%
20260716,3214,金２倍ブル,606A,東Ｅ,,"19,975",-60,-0.30%,5,ー倍,ー倍,ー%
20260716,3215,光村印,7916,東S,,"1,850",+30,+1.65%,5,ー倍,0.31倍,2.70%
20260716,3216,重松製,7980,東S,,813,-11,-1.33%,5,7.92倍,0.61倍,1.85%
20260716,3217,ＤＡＩＫＯＸ,8023,東S,,"1,001",+2,+0.20%,5,7.25倍,0.92倍,3.80%
20260716,3218,カノークス,8076,東S,,"2,054",-7,-0.34%,5,9.78倍,0.60倍,5.16%
20260716,3219,ナラサキ,8085,東S,,"4,115",-25,-0.60%,5,8.24倍,0.71倍,3.40%
20260716,3220,トミタ,8147,東S,,"1,419",+19,+1.36%,5,10.8倍,0.57倍,1.76%
20260716,3221,豊トラスティ,8747,東S,,"2,418",-30,-1.23%,5,ー倍,0.76倍,ー%
20260716,3222,ＡＰＨＤ,3175,東S,,947,+1,+0.11%,5,20.7倍,-51倍,ー%
20260716,3223,サンセイラン,3277,東S,,647,0,0.00%,5,7.91倍,0.72倍,3.94%
20260716,3224,東和フード,3329,東S,,"2,099",-4,-0.19%,5,29.7倍,2.18倍,0.95%
20260716,3225,バッファロー,3352,東S,,"1,654",+9,+0.55%,5,7.99倍,0.60倍,4.23%
20260716,3226,大木ヘルス,3417,東S,,"1,187",-7,-0.59%,5,ー倍,0.47倍,2.53%
20260716,3227,Ｊ－ＭＡＸ,3422,東S,,497,+11,+2.26%,5,5.71倍,0.30倍,1.61%
20260716,3228,Ｆブラザーズ,3454,東S,,"1,277",+1,+0.08%,5,6.84倍,0.64倍,2.90%
20260716,3229,アズ企画設計,3490,東S,,"3,030",-25,-0.82%,5,8.68倍,1.09倍,0.99%
20260716,3230,日東網,3524,東S,,"1,432",+1,+0.07%,5,12.4倍,0.46倍,3.49%
20260716,3231,Ｕ＆Ｃ,3557,東G,,551,+1,+0.18%,5,"1,378倍",5.56倍,ー%
20260716,3232,テクミラ,3627,東S,,270,-2,-0.74%,5,21.7倍,0.54倍,1.85%
20260716,3233,エンカレッジ,3682,東S,,625,+23,+3.82%,5,18.7倍,1.17倍,4.32%
20260716,3234,サイオス,3744,東S,,506,-9,-1.75%,5,11.9倍,2.32倍,0.99%
20260716,3235,アエリア,3758,東S,,239,+1,+0.42%,5,9.73倍,0.57倍,ー%
20260716,3236,ガイアックス,3775,名N,,439,-9,-2.01%,5,12.4倍,1.73倍,1.14%
20260716,3237,イメージ情報,3803,東G,,470,-16,-3.29%,5,ー倍,2.47倍,ー%
20260716,3238,モバファク,3912,東S,,"1,091",-5,-0.46%,5,8.65倍,3.14倍,4.67%
20260716,3239,パワーソリュ,4450,東G,,"2,170",+35,+1.64%,5,31.3倍,1.86倍,1.20%
20260716,3240,インテＭ,7072,東G,,"1,028",+1,+0.10%,5,17.5倍,1.98倍,ー%
20260716,3241,ＩＮＣＨＤ,7078,東G,,353,-10,-2.75%,5,ー倍,2.32倍,ー%
20260716,3242,ゼネテック,4492,東S,,415,-3,-0.72%,5,13.2倍,1.76倍,3.01%
20260716,3243,日本インシュ,5368,東S,,"1,000",-7,-0.70%,5,11.8倍,0.59倍,4.00%
20260716,3244,ＳＴＩＦＨＤ,2932,東S,,"1,085",-6,-0.55%,5,11.4倍,1.94倍,3.69%
20260716,3245,Ｓイノベ,4178,東G,,501,-11,-2.15%,5,46.9倍,1.15倍,ー%
20260716,3246,イーロジット,9327,東S,,201,-14,-6.51%,5,402倍,1.58倍,ー%
20260716,3247,マーキュリア,7347,東P,,775,-5,-0.64%,5,15.0倍,0.87倍,2.84%
20260716,3248,コラントッテ,7792,東G,,"1,453",+1,+0.07%,5,9.44倍,2.38倍,3.03%
20260716,3249,上場豪債ヘ無,2844,東Ｅ,,"5,674",+8,+0.14%,5,ー倍,ー倍,ー%
20260716,3250,ペットゴー,7140,東G,,806,+3,+0.37%,5,21.8倍,1.77倍,ー%
20260716,3251,エアクロ,9557,東G,,188,+4,+2.17%,5,ー倍,5.52倍,ー%
20260716,3252,アミファ,7800,東S,,922,-25,-2.64%,4,4.36倍,1.18倍,3.25%
20260716,3253,２４７ＨＤ,7074,東G,,181,-6,-3.21%,4,221倍,33.4倍,ー%
20260716,3254,ＡＨＣ,7083,東G,,"1,082",-12,-1.10%,4,24.3倍,1.91倍,1.11%
20260716,3255,ウイルテック,7087,東S,,"1,350",0,0.00%,4,9.25倍,0.98倍,3.19%
20260716,3256,ヴィス,5071,東S,,"1,428",+52,+3.78%,4,9.72倍,1.52倍,4.13%
20260716,3257,松屋Ｒ＆Ｄ,7317,東G,,"1,103",0,0.00%,4,ー倍,2.91倍,ー%
20260716,3258,ＧＸロジ日Ｒ,2565,東Ｅ,,921,-4,-0.43%,4,ー倍,ー倍,ー%
20260716,3259,Ｐアンチエイ,4934,東G,,620,-4,-0.64%,4,18.0倍,0.76倍,ー%
20260716,3260,スタメン,4019,東G,,626,-10,-1.57%,4,20.7倍,3.66倍,1.28%
20260716,3261,ＳＡＮＥＩ,6230,東S,,"2,281",+1,+0.04%,4,8.16倍,0.69倍,3.29%
20260716,3262,ＨＣＨ,7361,東G,,"1,200",0,0.00%,4,8.57倍,2.54倍,3.75%
20260716,3263,ＡＩＰＦ,7345,東G,,986,-4,-0.40%,4,ー倍,4.53倍,ー%
20260716,3264,シイエヌエス,4076,東G,,"1,846",+2,+0.11%,4,7.90倍,1.24倍,3.79%
20260716,3265,メディア総研,9242,東G,,"1,997",-1,-0.05%,4,10.1倍,1.39倍,1.25%
20260716,3266,デジタリフト,9244,東G,,"1,237",-4,-0.32%,4,16.0倍,2.28倍,ー%
20260716,3267,フォトシンス,4379,東G,,398,-4,-1.00%,4,20.9倍,2.45倍,ー%
20260716,3268,のむら産業,7131,東S,,"3,760",-5,-0.13%,4,9.07倍,1.91倍,2.55%
20260716,3269,長栄,2993,東S,,"2,165",-15,-0.69%,4,10.2倍,0.76倍,4.62%
20260716,3270,セイファート,9213,東S,,"1,060",-19,-1.76%,4,ー倍,1.94倍,ー%
20260716,3271,大石産業,3943,東S,,"1,300",-14,-1.07%,4,24.5倍,0.52倍,4.00%
20260716,3272,セカンドＸ,5028,東G,,403,-2,-0.49%,4,23.5倍,3.26倍,ー%
20260716,3273,坪田ラボ,4890,東G,,237,+2,+0.85%,4,89.8倍,7.08倍,ー%
20260716,3274,野村欧州株Ｈ,2859,東Ｅ,,"3,165",+10,+0.32%,4,ー倍,ー倍,ー%
20260716,3275,Ｊ４百ベア２,1469,東Ｅ,,191.0,+4.0,+2.14%,4,ー倍,ー倍,ー%
20260716,3276,上場ＭＳ世界,1554,東Ｅ,,"6,886",+12,+0.17%,4,ー倍,ー倍,ー%
20260716,3277,上場Ａリート,1555,東Ｅ,,"2,477",0,0.00%,4,ー倍,ー倍,ー%
20260716,3278,ｉＳ先進国株,1657,東Ｅ,,"7,386",+31,+0.42%,4,ー倍,ー倍,ー%
20260716,3279,ｉＳ米リート,1659,東Ｅ,,"4,050",+9,+0.22%,4,ー倍,ー倍,ー%
20260716,3280,上場外債毎月,1677,東Ｅ,,"61,170",+110,+0.18%,4,ー倍,ー倍,ー%
20260716,3281,ＷＴ原油,1690,東Ｅ,,"2,280.5",+23.0,+1.02%,4,ー倍,ー倍,ー%
20260716,3282,佐藤渡辺,1807,東S,,"1,863",0,0.00%,4,12.9倍,0.51倍,4.29%
20260716,3283,佐田建,1826,東S,,"1,057",-2,-0.19%,4,14.0倍,1.12倍,5.68%
20260716,3284,ナカノフドー,1827,東S,,"1,228",+2,+0.16%,4,14.6倍,0.85倍,2.04%
20260716,3285,金先物ベア,2037,東EN,,"1,341",-3,-0.22%,4,ー倍,ー倍,ー%
20260716,3286,インタスペス,2122,東S,,"1,389",+3,+0.22%,4,20.8倍,1.52倍,2.16%
20260716,3287,エンシュウ,6218,東S,,636,-9,-1.40%,4,16.0倍,0.38倍,1.89%
20260716,3288,コンバム,6265,東S,,"3,325",+65,+1.99%,4,22.1倍,0.86倍,1.50%
20260716,3289,プラコー,6347,東S,,276,+2,+0.73%,4,26.6倍,1.59倍,2.17%
20260716,3290,不二精機,6400,東S,,260,-2,-0.76%,4,7.28倍,0.52倍,2.69%
20260716,3291,クラッチ,6408,東S,,"4,015",+15,+0.38%,4,19.4倍,0.30倍,ー%
20260716,3292,オーイズミ,6428,東S,,316,-2,-0.63%,4,11.9倍,0.38倍,3.80%
20260716,3293,日宣,6543,東S,,"1,180",+13,+1.11%,4,13.9倍,1.15倍,2.80%
20260716,3294,みらいＷＫＳ,6563,東G,,499,+3,+0.60%,4,7.26倍,1.70倍,ー%
20260716,3295,神戸天然物化,6568,東G,,"1,296",-24,-1.82%,4,ー倍,0.71倍,ー%
20260716,3296,ログリー,6579,東G,,354,+3,+0.85%,4,ー倍,3.24倍,ー%
20260716,3297,ＯＫＡＹＡ,6926,東S,,187,-2,-1.06%,4,ー倍,0.71倍,ー%
20260716,3298,ヒガシＨＤ,9029,東S,,"1,922",-4,-0.21%,4,9.34倍,1.57倍,3.23%
20260716,3299,大和自,9082,東S,,"1,539",+2,+0.13%,4,68.6倍,0.72倍,0.65%
20260716,3300,玉井船,9127,東S,,"2,743",-27,-0.97%,4,12.7倍,0.52倍,2.92%
20260716,3301,杉村倉,9307,東S,,"1,003",+3,+0.30%,4,19.0倍,0.92倍,1.50%
20260716,3302,サカイＨＤ,9446,東S,,685,-15,-2.14%,4,5.64倍,1.07倍,5.11%
20260716,3303,葉ガス,9539,東S,,"1,452",+13,+0.90%,4,16.1倍,0.43倍,1.79%
20260716,3304,セゾンテク,9640,東S,,"2,201",-24,-1.08%,4,35.7倍,2.52倍,4.09%
20260716,3305,東洋テク,9686,東S,,"1,650",+17,+1.04%,4,13.8倍,0.75倍,4.30%
20260716,3306,クレオ,9698,東S,,"1,243",+18,+1.47%,4,11.6倍,1.23倍,4.51%
20260716,3307,ビステム,9780,東S,,941,+15,+1.62%,4,8.39倍,0.84倍,3.83%
20260716,3308,ヨンキュウ,9955,東S,,"2,772",-7,-0.25%,4,ー倍,0.83倍,ー%
20260716,3309,ヤマザワ,9993,東S,,"1,173",0,0.00%,4,26.8倍,0.45倍,2.30%
20260716,3310,ＢＰカストロ,5015,東S,,995,+2,+0.20%,4,20.0倍,2.33倍,5.03%
20260716,3311,相模ゴ,5194,東S,,659,+8,+1.23%,4,119倍,0.62倍,1.52%
20260716,3312,パウダテック,5695,東S,,"3,085",+55,+1.82%,4,27.2倍,0.70倍,3.24%
20260716,3313,エムケー精工,5906,東S,,818,-6,-0.73%,4,7.61倍,0.59倍,2.20%
20260716,3314,イワブチ,5983,東S,,"14,000",-110,-0.78%,4,21.4倍,0.71倍,2.36%
20260716,3315,アライドアキ,6081,東G,,164,-2,-1.20%,4,138倍,1.59倍,ー%
20260716,3316,ライドオンＥ,6082,東S,,989,+1,+0.10%,4,ー倍,1.10倍,1.52%
20260716,3317,タケダ機械,6150,東S,,"2,816",-11,-0.39%,4,9.96倍,0.47倍,2.84%
20260716,3318,岩塚製菓,2221,東S,,"3,050",-15,-0.49%,4,24.1倍,0.45倍,1.05%
20260716,3319,フォーサイド,2330,東S,,79,-1,-1.25%,4,42.9倍,1.11倍,ー%
20260716,3320,ギグワークス,2375,東S,,204,0,0.00%,4,81.3倍,1.51倍,0.98%
20260716,3321,シダー,2435,東S,,210,-4,-1.87%,4,9.06倍,1.20倍,3.81%
20260716,3322,プラップＪ,2449,東S,,"1,059",-1,-0.09%,4,9.36倍,0.85倍,3.87%
20260716,3323,オルアバウト,2454,東S,,337,0,0.00%,4,ー倍,1.33倍,ー%
20260716,3324,パレモ・ＨＤ,2778,東S,,114,+2,+1.79%,4,13.5倍,0.87倍,ー%
20260716,3325,和弘食品,2813,東S,,"4,005",+5,+0.13%,4,8.85倍,0.97倍,2.75%
20260716,3326,大冷,2883,東S,,"1,998",+1,+0.05%,4,22.3倍,1.33倍,3.00%
20260716,3327,シノブフズ,2903,東S,,"1,677",+19,+1.15%,4,10.5倍,1.19倍,2.03%
20260716,3328,セキュアヴェ,3042,東S,,299,0,0.00%,4,24.2倍,1.79倍,1.00%
20260716,3329,ライフフーズ,3065,東S,,"1,619",+1,+0.06%,4,68.7倍,2.88倍,0.31%
20260716,3330,ＷＤＩ,3068,東S,,"2,991",-19,-0.63%,4,53.5倍,2.85倍,0.57%
20260716,3331,ＤＶｘ,3079,東S,,961,+11,+1.16%,4,31.2倍,1.14倍,5.20%
20260716,3332,ＧＭＢ,7214,東S,,"1,053",0,0.00%,4,5.61倍,0.25倍,4.46%
20260716,3333,デイトナ,7228,東S,,"3,850",-15,-0.39%,4,7.74倍,1.00倍,3.90%
20260716,3334,カーメイト,7297,東S,,880,+10,+1.15%,4,10.9倍,0.41倍,3.41%
20260716,3335,ＰＬＡＮＴ,7646,東S,,"1,786",-16,-0.89%,4,11.2倍,0.79倍,5.32%
20260716,3336,ダイコー通産,7673,東S,,"1,677",-23,-1.35%,4,9.41倍,0.99倍,4.29%
20260716,3337,プリントＮ,7805,東S,,766,-7,-0.91%,4,10.0倍,0.83倍,1.70%
20260716,3338,寿屋,7809,東S,,"1,324",0,0.00%,4,21.4倍,1.32倍,3.40%
20260716,3339,ビジコーチ,9562,東G,,500,+2,+0.40%,4,424倍,1.57倍,3.40%
20260716,3340,アップコン,5075,名N,,"1,188",+11,+0.93%,4,23.7倍,2.62倍,ー%
20260716,3341,フリーダム,8996,東S,,"1,012",-24,-2.32%,4,5.75倍,1.06倍,5.43%
20260716,3342,ノバシステム,5257,東S,,"2,519",+14,+0.56%,4,7.92倍,1.49倍,4.17%
20260716,3343,日本ＳＢ,5530,名M,,"1,028",+6,+0.59%,4,6.65倍,0.89倍,3.11%
20260716,3344,プロディ,5580,東G,,"1,680",+4,+0.24%,4,17.6倍,2.93倍,ー%
20260716,3345,Ｍｉｓｕｍｉ,7441,福証,,"1,763",0,0.00%,4,11.4倍,0.47倍,2.84%
20260716,3346,笑美面,9237,東G,,819,+10,+1.24%,4,18.9倍,4.07倍,ー%
20260716,3347,ＩＮＧＳ,245A,東G,,"2,460",+4,+0.16%,4,18.3倍,2.73倍,ー%
20260716,3348,白鳩,3192,東S,,314,-1,-0.32%,4,150倍,0.85倍,ー%
20260716,3349,コーセーＲＥ,3246,東S,,653,+7,+1.08%,4,15.1倍,0.64倍,3.68%
20260716,3350,デュアルＴ,3469,東S,,916,+15,+1.66%,4,80.2倍,1.55倍,1.36%
20260716,3351,昭栄薬品,3537,東S,,"1,655",+20,+1.22%,4,13.0倍,0.60倍,2.48%
20260716,3352,ウイルプラス,3538,東S,,942,-2,-0.21%,4,7.63倍,0.75倍,4.88%
20260716,3353,クロスマーケ,3675,東S,,600,+3,+0.50%,4,7.26倍,1.22倍,2.50%
20260716,3354,フォーシーズ,3726,東S,,365,-7,-1.88%,4,58.5倍,2.29倍,ー%
20260716,3355,ＯＫＷＥＢ,3808,名N,,26,-2,-7.14%,4,ー倍,3.14倍,ー%
20260716,3356,ＧＭＯコマス,410A,東G,,"1,157",-21,-1.78%,4,14.7倍,2.37倍,4.37%
20260716,3357,ニＳＰＥＷ無,426A,東Ｅ,,"1,237",-11,-0.88%,4,ー倍,ー倍,ー%
20260716,3358,ライオン事務,423A,東S,,307,-1,-0.32%,4,10.5倍,0.75倍,4.89%
20260716,3359,リブコンサル,480A,東G,,977,+10,+1.03%,4,9.01倍,1.73倍,ー%
20260716,3360,ベーシック,519A,東G,,530,+14,+2.71%,4,9.37倍,2.15倍,ー%
20260716,3361,ＧＸＣカバコ,576A,東Ｅ,,999,+4,+0.40%,4,ー倍,ー倍,ー%
20260716,3362,キャピタルＡ,3965,東S,,855,-12,-1.38%,4,10.6倍,1.27倍,2.46%
20260716,3363,エイトレッド,3969,東S,,"1,400",0,0.00%,4,13.4倍,1.89倍,2.57%
20260716,3364,ビーマップ,4316,東G,,118,-3,-2.48%,4,10.5倍,1.12倍,ー%
20260716,3365,レイ,4317,東S,,500,+7,+1.42%,4,8.06倍,0.84倍,3.00%
20260716,3366,Ｍマート,4380,東G,,"1,200",-2,-0.17%,4,12.9倍,2.75倍,4.33%
20260716,3367,川上塗,4616,東S,,"2,023",-42,-2.03%,4,11.1倍,0.57倍,2.22%
20260716,3368,中央魚,8030,東S,,"3,680",+10,+0.27%,4,6.68倍,0.40倍,3.26%
20260716,3369,中部水産,8145,名M,,"3,500",ー,ー%,4,13.0倍,0.39倍,2.43%
20260716,3370,アジア投資,8518,東S,,132,-2,-1.49%,4,ー倍,0.48倍,ー%
20260716,3371,アドバンＲＭ,8769,東S,,502,+4,+0.80%,4,9.34倍,1.82倍,3.78%
20260716,3372,Ａクリエイト,8798,東P,,129,-1,-0.77%,4,10.6倍,8.81倍,ー%
20260716,3373,ウッドワン,7898,東S,,904,+7,+0.78%,3,21.0倍,0.19倍,2.65%
20260716,3374,ヴィアＨＤ,7918,東S,,109,0,0.00%,3,ー倍,-1.1倍,ー%
20260716,3375,興研,7963,東S,,"1,801",-26,-1.42%,3,10.5倍,0.64倍,1.94%
20260716,3376,築地魚,8039,東S,,"3,520",+40,+1.15%,3,15.7倍,1.10倍,0.99%
20260716,3377,ナイス,8089,東S,,"1,917",+4,+0.21%,3,6.96倍,0.37倍,4.12%
20260716,3378,三栄コ,8119,東S,,788,-5,-0.63%,3,10.7倍,0.51倍,3.93%
20260716,3379,ヤマトインタ,8127,東S,,597,+1,+0.17%,3,60.8倍,0.70倍,2.35%
20260716,3380,ゼット,8135,東S,,434,+3,+0.70%,3,10.2倍,0.55倍,4.15%
20260716,3381,ラオックス,8202,東S,,148,+1,+0.68%,3,21.5倍,0.63倍,2.70%
20260716,3382,テンアライド,8207,東S,,295,+2,+0.68%,3,246倍,10.0倍,ー%
20260716,3383,マルイチ,8228,名M,,"1,128",+11,+0.98%,3,12.4倍,0.87倍,2.48%
20260716,3384,光世,8617,東S,,573,-3,-0.52%,3,ー倍,0.33倍,ー%
20260716,3385,ＡＭＧＨＤ,8891,東S,,"2,015",-4,-0.20%,3,8.46倍,0.47倍,3.97%
20260716,3386,ファースト住,8917,東S,,"1,136",-1,-0.09%,3,10.5倍,0.38倍,3.79%
20260716,3387,アンファク,7035,東S,,246,+2,+0.82%,3,ー倍,3.27倍,ー%
20260716,3388,ピアラ,7044,東S,,479,+3,+0.63%,3,15.8倍,5.36倍,ー%
20260716,3389,ＨＫＳ,7219,東S,,"2,501",+52,+2.12%,3,7.08倍,0.32倍,2.60%
20260716,3390,中山福,7442,東S,,490,+5,+1.03%,3,15.5倍,0.39倍,2.45%
20260716,3391,ヒマラヤ,7514,東S,,870,-4,-0.46%,3,33.3倍,0.67倍,2.99%
20260716,3392,マルヨシ,7515,東S,,"4,600",-45,-0.97%,3,430倍,1.30倍,0.65%
20260716,3393,ウェッズ,7551,東S,,695,+5,+0.72%,3,10.3倍,0.63倍,3.17%
20260716,3394,栄電子,7567,東S,,538,-2,-0.37%,3,21.0倍,0.57倍,2.42%
20260716,3395,ニチリョク,7578,東S,,73,-2,-2.67%,3,11.0倍,0.46倍,ー%
20260716,3396,ＮａＩＴＯ,7624,東S,,142,-1,-0.70%,3,28.8倍,0.59倍,2.82%
20260716,3397,セントラルＦ,7675,名M,,"2,807",+26,+0.93%,3,9.77倍,0.66倍,2.28%
20260716,3398,クボテック,7709,東S,,46,-4,-8.00%,3,ー倍,11.3倍,ー%
20260716,3399,アビックス,7836,東S,,81,0,0.00%,3,16.4倍,1.44倍,ー%
20260716,3400,スターツ出版,7849,東S,,"3,385",-35,-1.02%,3,8.58倍,1.22倍,3.84%
20260716,3401,静甲,6286,東S,,"1,398",+24,+1.75%,3,9.03倍,0.52倍,2.00%
20260716,3402,丸山製,6316,東S,,"2,697",+63,+2.39%,3,11.6倍,0.49倍,2.78%
20260716,3403,タクミナ,6322,東S,,"1,607",-5,-0.31%,3,8.98倍,0.98倍,3.36%
20260716,3404,太平製,6342,東S,,"2,835",+19,+0.67%,3,8.20倍,0.51倍,3.53%
20260716,3405,東自機,6360,東S,,"4,615",-35,-0.75%,3,14.1倍,0.64倍,2.17%
20260716,3406,ヨシタケ,6488,東S,,976,-2,-0.20%,3,8.93倍,0.68倍,3.69%
20260716,3407,オリジン,6513,東S,,"1,085",-2,-0.18%,3,55.7倍,0.24倍,3.69%
20260716,3408,コレックＨＤ,6578,東S,,486,+4,+0.83%,3,17.3倍,3.96倍,1.85%
20260716,3409,星和電,6748,東S,,724,+1,+0.14%,3,7.01倍,0.48倍,2.76%
20260716,3410,池上通,6771,東S,,637,-1,-0.16%,3,8.17倍,0.29倍,2.35%
20260716,3411,天昇電,6776,東S,,263,-5,-1.87%,3,7.46倍,0.41倍,1.90%
20260716,3412,名古屋電機,6797,東S,,"1,155",-10,-0.86%,3,24.3倍,0.57倍,4.33%
20260716,3413,パルステック,6894,東S,,"2,132",-10,-0.47%,3,9.72倍,0.73倍,4.22%
20260716,3414,ソフィア,6942,東S,,"1,356",0,0.00%,3,898倍,2.10倍,ー%
20260716,3415,Ｂ＆Ｐ,7804,東S,,"2,247",-31,-1.36%,3,10.4倍,1.35倍,3.87%
20260716,3416,名南Ｍ＆Ａ,7076,名M,,"1,003",-7,-0.69%,3,23.2倍,1.88倍,0.86%
20260716,3417,ｉＳ日本国債,2561,東Ｅ,,"2,007",-9,-0.45%,3,ー倍,ー倍,ー%
20260716,3418,ミクリード,7687,東G,,415,+3,+0.73%,3,9.19倍,1.69倍,2.19%
20260716,3419,日本情報Ｃ,4054,東G,,582,0,0.00%,3,11.0倍,2.00倍,2.06%
20260716,3420,グローバルＩ,4171,東S,,"1,662",0,0.00%,3,24.3倍,1.93倍,ー%
20260716,3421,東京通信Ｇ,7359,東G,,228,-1,-0.44%,3,20.9倍,2.96倍,ー%
20260716,3422,オンデック,7360,東G,,665,-9,-1.34%,3,13.3倍,1.97倍,ー%
20260716,3423,ＧＸリー日株,2641,東Ｅ,,"4,313",-11,-0.25%,3,ー倍,ー倍,ー%
20260716,3424,ベイシス,4068,東G,,"1,635",0,0.00%,3,23.5倍,1.41倍,ー%
20260716,3425,ランドネット,2991,東S,,590,-1,-0.17%,3,5.34倍,1.12倍,1.88%
20260716,3426,ＦＬネット,9241,東G,,"1,403",-61,-4.17%,3,42.0倍,6.15倍,ー%
20260716,3427,ユミルリンク,4372,東G,,"1,300",+25,+1.96%,3,13.7倍,1.64倍,1.54%
20260716,3428,ＭＣＰｓ,4360,東S,,835,+2,+0.24%,3,ー倍,0.60倍,1.80%
20260716,3429,サインド,4256,東G,,980,+2,+0.20%,3,31.6倍,1.70倍,ー%
20260716,3430,ギックス,9219,東G,,855,+2,+0.23%,3,ー倍,2.85倍,6.26%
20260716,3431,エフビー介護,9220,東S,,"1,229",+15,+1.24%,3,5.90倍,0.76倍,3.50%
20260716,3432,ｉＳＪＳＲＩ,2851,東Ｅ,,399.8,-7.2,-1.77%,3,ー倍,ー倍,ー%
20260716,3433,ＧＸ日カバコ,2858,東Ｅ,,"1,498",-19,-1.25%,3,ー倍,ー倍,ー%
20260716,3434,上場米債ヘ有,1487,東Ｅ,,"11,845",+25,+0.21%,3,ー倍,ー倍,ー%
20260716,3435,上場新興国債,1566,東Ｅ,,"54,230",+50,+0.09%,3,ー倍,ー倍,ー%
20260716,3436,Ｈ株ベア,1573,東Ｅ,,"8,605",-127,-1.45%,3,ー倍,ー倍,ー%
20260716,3437,ＳＸＮＹダウ,1679,東Ｅ,,"68,390",ー,ー%,3,ー倍,ー倍,ー%
20260716,3438,土屋ＨＤ,1840,東S,,244,+1,+0.41%,3,24.2倍,0.52倍,4.10%
20260716,3439,ＮＹダウベア,2041,東EN,,"1,963",0,0.00%,3,ー倍,ー倍,ー%
20260716,3440,ＣＤＳ,2169,東S,,"1,709",+2,+0.12%,3,17.6倍,1.32倍,4.33%
20260716,3441,一パン,2215,東S,,601,-1,-0.17%,3,23.1倍,0.48倍,ー%
20260716,3442,ＡＳＪ,2351,東S,,356,-2,-0.56%,3,27.8倍,0.95倍,0.84%
20260716,3443,ブラス,2424,東S,,626,-3,-0.48%,3,10.6倍,0.77倍,1.28%
20260716,3444,アウン,2459,東S,,162,0,0.00%,3,ー倍,3.96倍,ー%
20260716,3445,ジェイテック,2479,東S,,239,+1,+0.42%,3,10.7倍,1.30倍,ー%
20260716,3446,カネ美食品,2669,東S,,"4,020",-10,-0.25%,3,21.6倍,1.27倍,0.95%
20260716,3447,ピエトロ,2818,東S,,"1,762",+2,+0.11%,3,ー倍,1.97倍,1.36%
20260716,3448,ストリーム,3071,東S,,102,0,0.00%,3,14.7倍,0.96倍,2.94%
20260716,3449,ジェーソン,3080,東S,,774,-2,-0.26%,3,66.1倍,1.69倍,1.68%
20260716,3450,マーチャント,3121,東S,,224,-2,-0.88%,3,28.7倍,1.54倍,0.89%
20260716,3451,ファンデリー,3137,東S,,215,+5,+2.38%,3,21.8倍,9.27倍,ー%
20260716,3452,ジオリーブＧ,3157,東S,,"1,476",+26,+1.79%,3,8.34倍,0.79倍,3.73%
20260716,3453,ミサワ,3169,東S,,649,-3,-0.46%,3,26.8倍,1.46倍,1.23%
20260716,3454,岡県運送,9063,東S,,"4,000",ー,ー%,3,7.17倍,0.30倍,1.75%
20260716,3455,日石輸,9074,東S,,"5,410",-50,-0.92%,3,ー倍,0.59倍,2.22%
20260716,3456,神姫バ,9083,東S,,"1,941",-17,-0.87%,3,10.7倍,0.44倍,2.32%
20260716,3457,東京汽,9193,東S,,864,-2,-0.23%,3,232倍,0.30倍,3.47%
20260716,3458,アサガミ,9311,東S,,"8,140",+20,+0.25%,3,9.20倍,0.49倍,ー%
20260716,3459,ワイヤレスＧ,9419,東S,,292,+3,+1.04%,3,12.7倍,1.90倍,ー%
20260716,3460,中央経済ＨＤ,9476,東S,,"1,024",-22,-2.10%,3,31.5倍,0.89倍,1.27%
20260716,3461,ＳＥＨＩ,9478,東S,,510,-5,-0.97%,3,15.4倍,0.69倍,0.78%
20260716,3462,ウィルソンＷ,9610,東S,,118,0,0.00%,3,ー倍,1.71倍,ー%
20260716,3463,会舘,9701,東S,,"4,250",+5,+0.12%,3,13.9倍,1.07倍,1.18%
20260716,3464,グランド,9720,東S,,"5,740",+80,+1.41%,3,20.4倍,1.60倍,0.44%
20260716,3465,東海リース,9761,東S,,"2,347",+8,+0.34%,3,9.24倍,0.46倍,5.11%
20260716,3466,ビケンテクノ,9791,東S,,"1,220",+11,+0.91%,3,8.37倍,0.40倍,2.95%
20260716,3467,銀座ルノア,9853,東S,,906,-4,-0.44%,3,13.3倍,1.73倍,0.55%
20260716,3468,藤井産業,9906,東S,,"4,080",-15,-0.37%,3,9.08倍,0.83倍,3.92%
20260716,3469,アシードＨＤ,9959,東S,,936,+16,+1.74%,3,11.6倍,1.45倍,2.56%
20260716,3470,セキチュー,9976,東S,,"1,090",+13,+1.21%,3,16.9倍,0.50倍,2.75%
20260716,3471,蔵王産業,9986,東S,,"2,525",+5,+0.20%,3,18.3倍,1.05倍,3.96%
20260716,3472,Ｏｎｅ中国５,2553,東Ｅ,,"2,504.5",-56.5,-2.21%,3,ー倍,ー倍,ー%
20260716,3473,高見沢,5283,東S,,"2,950",+9,+0.31%,3,4.87倍,0.31倍,2.37%
20260716,3474,美濃窯,5356,東S,,"1,285",-12,-0.93%,3,9.42倍,0.84倍,4.05%
20260716,3475,クニミネ,5388,東S,,"1,253",-7,-0.56%,3,11.3倍,0.69倍,3.19%
20260716,3476,イボキン,5699,東S,,"1,476",-6,-0.40%,3,9.26倍,0.93倍,2.17%
20260716,3477,カナレ電気,5819,東S,,"1,759",+3,+0.17%,3,10.2倍,0.63倍,3.75%
20260716,3478,川岸工,5921,東S,,"4,085",+20,+0.49%,3,14.1倍,0.38倍,3.43%
20260716,3479,大谷工業,5939,東S,,"4,940",-40,-0.80%,3,14.8倍,0.87倍,0.61%
20260716,3480,天竜製鋸,5945,東S,,"2,450",-13,-0.53%,3,14.8倍,0.56倍,3.39%
20260716,3481,三洋工,5958,東S,,"4,725",0,0.00%,3,10.2倍,0.63倍,4.44%
20260716,3482,中国工,5974,東S,,858,+10,+1.18%,3,10.4倍,0.47倍,2.68%
20260716,3483,ファインシン,5994,東S,,"1,015",-10,-0.98%,3,8.69倍,0.30倍,2.46%
20260716,3484,ＭＲＴ,6034,東G,,630,0,0.00%,3,26.7倍,0.75倍,ー%
20260716,3485,イード,6038,東G,,826,-5,-0.60%,3,11.9倍,0.80倍,2.78%
20260716,3486,リブセンス,6054,東S,,110,0,0.00%,3,ー倍,0.74倍,ー%
20260716,3487,ダイジェト,6138,東S,,"1,194",+12,+1.02%,3,11.8倍,0.37倍,2.93%
20260716,3488,タメニー,6181,東G,,79,0,0.00%,3,11.0倍,3.13倍,ー%
20260716,3489,バーチャレク,6193,東G,,"1,021",-12,-1.16%,3,11.1倍,1.78倍,1.47%
20260716,3490,チエル,3933,東S,,481,-6,-1.23%,3,8.98倍,1.07倍,4.78%
20260716,3491,スパバッグ,3945,東S,,"2,220",-14,-0.63%,3,4.64倍,0.59倍,4.95%
20260716,3492,エルテス,3967,東G,,575,-5,-0.86%,3,35.6倍,2.01倍,ー%
20260716,3493,チタン,4098,東S,,"1,022",-9,-0.87%,3,14.5倍,0.58倍,1.17%
20260716,3494,アテクト,4241,東S,,666,-3,-0.45%,3,24.5倍,1.61倍,1.50%
20260716,3495,ハイマックス,4299,東S,,"1,221",+8,+0.66%,3,16.3倍,1.17倍,4.18%
20260716,3496,プロパテＤＢ,4389,東G,,"1,055",+15,+1.44%,3,12.3倍,3.30倍,3.03%
20260716,3497,ＢＢＳｅｃ,4398,東S,,"1,249",-1,-0.08%,3,12.0倍,2.33倍,1.28%
20260716,3498,シノプス,4428,東G,,690,-17,-2.40%,3,15.7倍,2.29倍,2.46%
20260716,3499,アトミクス,4625,東S,,755,+5,+0.67%,3,13.4倍,0.36倍,2.65%
20260716,3500,ナトコ,4627,東S,,"1,752",+16,+0.92%,3,13.2倍,0.52倍,3.08%
20260716,3501,昭和システム,4752,東S,,"1,559",+2,+0.13%,3,9.24倍,1.13倍,3.91%
20260716,3502,ピーエイ,4766,東S,,188,-3,-1.57%,3,20.2倍,4.50倍,2.77%
20260716,3503,ガーラ,4777,東S,,197,-3,-1.50%,3,ー倍,13.7倍,ー%
20260716,3504,コミニックス,3173,東S,,"1,022",-28,-2.67%,3,8.77倍,0.81倍,3.91%
20260716,3505,ＡＮＡＰＨＤ,3189,東S,,103,-2,-1.90%,3,ー倍,0.63倍,ー%
20260716,3506,セントラル総,3238,東S,,373,-1,-0.27%,3,8.96倍,0.35倍,3.49%
20260716,3507,エスポア,3260,名N,,625,-34,-5.16%,3,ー倍,168倍,ー%
20260716,3508,グローバル社,3271,東S,,"1,270",-1,-0.08%,3,11.8倍,3.44倍,ー%
20260716,3509,フライングＧ,3317,東S,,"1,469",-7,-0.47%,3,12.1倍,1.16倍,1.16%
20260716,3510,Ｔｒａｉｌ,3358,東S,,99,+1,+1.02%,3,69.7倍,1.74倍,2.02%
20260716,3511,フェリシモ,3396,東S,,870,+6,+0.69%,3,20.7倍,0.32倍,2.87%
20260716,3512,北紡,3409,東S,,96,-1,-1.03%,3,152倍,1.98倍,ー%
20260716,3513,エスイー,3423,東S,,267,-1,-0.37%,3,50.8倍,0.77倍,4.49%
20260716,3514,Ｇ－ＦＡＣ,3474,東G,,572,-5,-0.87%,3,110倍,3.43倍,ー%
20260716,3515,イチカワ,3513,東S,,"3,475",-15,-0.43%,3,16.3倍,0.61倍,2.88%
20260716,3516,モルフォ,3653,東G,,631,+4,+0.64%,3,ー倍,1.11倍,ー%
20260716,3517,Ｊエスコム,3779,東S,,130,-2,-1.52%,3,ー倍,2.68倍,ー%
20260716,3518,いい生活,3796,東S,,278,+4,+1.46%,3,19.7倍,1.93倍,1.08%
20260716,3519,データアプリ,3848,東S,,821,+3,+0.37%,3,29.4倍,1.09倍,4.26%
20260716,3520,阿波製紙,3896,東S,,366,-2,-0.54%,3,24.4倍,0.58倍,ー%
20260716,3521,ＭＫシステム,3910,東S,,276,-4,-1.43%,3,7.80倍,1.66倍,2.90%
20260716,3522,ＰＢシステム,4447,東G,,458,-4,-0.87%,3,16.2倍,2.48倍,4.37%
20260716,3523,上場ダウヘ無,2235,東Ｅ,,"3,696",+3,+0.08%,3,ー倍,ー倍,ー%
20260716,3524,ヒガシマル,2058,福証,,"1,005",+3,+0.30%,3,30.0倍,0.89倍,1.19%
20260716,3525,豊和銀,8559,福証,,459,+3,+0.66%,3,6.52倍,0.50倍,2.18%
20260716,3526,野村Ｐ１５０,159A,東Ｅ,,724.7,-7.8,-1.06%,3,ー倍,ー倍,ー%
20260716,3527,ダイブＧ,151A,東G,,648,-1,-0.15%,3,10.1倍,2.02倍,ー%
20260716,3528,イタミアート,168A,東G,,"1,065",+2,+0.19%,3,9.37倍,1.18倍,1.88%
20260716,3529,ＤＭカンパニ,189A,東G,,"1,001",+2,+0.20%,3,9.39倍,0.99倍,2.00%
20260716,3530,オプロ,228A,東G,,"1,674",-28,-1.65%,3,12.7倍,2.73倍,ー%
20260716,3531,ＧＸＣＦキン,234A,東Ｅ,,"1,441",-13,-0.89%,3,ー倍,ー倍,ー%
20260716,3532,Ｓａｐｅｅｔ,269A,東G,,"2,312",-39,-1.66%,3,28.7倍,5.84倍,ー%
20260716,3533,ラクサス,288A,東G,,94,-2,-2.08%,3,16.0倍,0.79倍,ー%
20260716,3534,アルピコＨＤ,297A,東S,,217,0,0.00%,3,9.70倍,1.18倍,2.30%
20260716,3535,ＧＶＡテック,298A,東G,,369,-19,-4.90%,3,858倍,8.56倍,ー%
20260716,3536,メディックス,331A,東S,,500,-1,-0.20%,3,8.43倍,1.06倍,3.80%
20260716,3537,ＩＡＣＥトラ,343A,東S,,"1,401",+2,+0.14%,3,11.1倍,1.56倍,2.71%
20260716,3538,ロイブ,352A,東G,,532,+14,+2.70%,3,172倍,2.93倍,ー%
20260716,3539,エレコミ,353A,福証,,"1,600",+10,+0.63%,3,17.7倍,5.98倍,ー%
20260716,3540,フラー,387A,東G,,975,-9,-0.91%,3,15.0倍,1.43倍,ー%
20260716,3541,富士ユナイト,416A,東S,,"1,213",+10,+0.83%,3,13.3倍,0.82倍,5.11%
20260716,3542,テラテクノ,483A,東S,,"2,211",+5,+0.23%,3,8.68倍,1.31倍,4.07%
20260716,3543,ラグジュ欧州,499A,東EN,,"9,328",+353,+3.93%,3,ー倍,ー倍,ー%
20260716,3544,ＪＰＸ１００,526A,東Ｅ,,"2,064",+20,+0.98%,3,ー倍,ー倍,ー%
20260716,3545,ＧＭＯテック,415A,東G,,"4,950",-100,-1.98%,2,17.6倍,2.13倍,5.59%
20260716,3546,ＳＳ米高配,451A,東Ｅ,,301.3,+0.3,+0.10%,2,ー倍,ー倍,ー%
20260716,3547,野村欧州株,486A,東Ｅ,,"2,236",+7,+0.31%,2,ー倍,ー倍,ー%
20260716,3548,ギミック,475A,東S,,608,-24,-3.80%,2,13.7倍,1.31倍,ー%
20260716,3549,農中日経高配,531A,東Ｅ,,"2,171",-70,-3.12%,2,ー倍,ー倍,ー%
20260716,3550,ＧＸ純銀,577A,東Ｅ,,228.7,-4.0,-1.72%,2,ー倍,ー倍,ー%
20260716,3551,ＧＸ銅ビジ,580A,東Ｅ,,906,-7,-0.77%,2,ー倍,ー倍,ー%
20260716,3552,広電鉄,9033,東S,,622,-1,-0.16%,2,18.9倍,0.43倍,1.29%
20260716,3553,東部ネット,9036,東S,,"1,325",+11,+0.84%,2,28.1倍,0.35倍,1.51%
20260716,3554,センコン物流,9051,東S,,"1,282",-25,-1.91%,2,13.2倍,1.05倍,1.17%
20260716,3555,ＳＦＪ,9206,東S,,"1,937",+13,+0.68%,2,24.8倍,-3.3倍,ー%
20260716,3556,鈴与シンワ,9360,東S,,"2,929",-1,-0.03%,2,6.94倍,1.52倍,4.10%
20260716,3557,東海運,9380,東S,,416,+3,+0.73%,2,14.2倍,0.63倍,2.16%
20260716,3558,エヌジェイ,9421,東S,,501,+2,+0.40%,2,24.1倍,1.65倍,ー%
20260716,3559,ベルパーク,9441,東S,,"2,532",+7,+0.28%,2,9.39倍,1.10倍,4.03%
20260716,3560,アイドマＭＣ,9466,東S,,222,-1,-0.45%,2,13.9倍,0.86倍,4.50%
20260716,3561,昭文社ＨＤ,9475,東S,,508,0,0.00%,2,25.4倍,0.64倍,0.98%
20260716,3562,北陸ガス,9537,東S,,"4,350",-20,-0.46%,2,11.1倍,0.38倍,1.84%
20260716,3563,セレスポ,9625,東S,,"1,092",+1,+0.09%,2,8.80倍,0.61倍,4.58%
20260716,3564,テアトル,9633,東S,,"1,634",+1,+0.06%,2,4.10倍,0.66倍,1.84%
20260716,3565,御園座,9664,名M,,"1,517",+7,+0.46%,2,116倍,1.60倍,ー%
20260716,3566,ＫＳＫ,9687,東S,,"4,380",-15,-0.34%,2,11.6倍,1.44倍,4.34%
20260716,3567,両毛システム,9691,東S,,"5,150",0,0.00%,2,ー倍,1.10倍,ー%
20260716,3568,ＩＸナレッジ,9753,東S,,"1,303",+3,+0.23%,2,7.73倍,1.08倍,3.84%
20260716,3569,進学会ＨＤ,9760,東S,,120,-1,-0.83%,2,66.7倍,0.27倍,ー%
20260716,3570,昴,9778,東S,,"5,800",+120,+2.11%,2,25.8倍,0.99倍,2.07%
20260716,3571,ストライダズ,9816,東S,,245,+1,+0.41%,2,14.8倍,0.78倍,2.04%
20260716,3572,天満屋ス,9846,東S,,"1,007",0,0.00%,2,8.28倍,0.41倍,1.99%
20260716,3573,共同紙,9849,東S,,"4,500",+30,+0.67%,2,46.8倍,0.77倍,1.11%
20260716,3574,コックス,9876,東S,,229,0,0.00%,2,5.86倍,0.60倍,ー%
20260716,3575,セキド,9878,東S,,423,0,0.00%,2,682倍,33.1倍,ー%
20260716,3576,シャルレ,9885,東S,,338,0,0.00%,2,45.7倍,0.39倍,2.37%
20260716,3577,カワタ,6292,東S,,814,-1,-0.12%,2,15.0倍,0.43倍,4.67%
20260716,3578,明治機,6334,東S,,465,-1,-0.21%,2,50.1倍,1.63倍,1.29%
20260716,3579,加地テック,6391,東S,,"4,305",-55,-1.26%,2,9.76倍,0.84倍,1.63%
20260716,3580,ヤマダコーポ,6392,東S,,"7,500",0,0.00%,2,10.6倍,0.99倍,2.93%
20260716,3581,宇野鉄,6396,東S,,"3,995",+10,+0.25%,2,9.19倍,1.16倍,1.25%
20260716,3582,ズーム,6694,東S,,645,+6,+0.94%,2,13.9倍,0.51倍,4.96%
20260716,3583,伊豆シャボ,6819,東S,,471,-2,-0.42%,2,8.92倍,1.38倍,4.25%
20260716,3584,東亜ＤＫＫ,6848,東S,,856,+1,+0.12%,2,18.4倍,0.73倍,2.57%
20260716,3585,野崎紙,7919,東S,,199,+1,+0.51%,2,ー倍,0.70倍,ー%
20260716,3586,旭化学,7928,東S,,630,+6,+0.96%,2,38.3倍,0.34倍,1.59%
20260716,3587,菊水化,7953,東S,,386,-2,-0.52%,2,ー倍,0.47倍,4.40%
20260716,3588,ユアサフナ,8006,東S,,"1,662",+12,+0.73%,2,11.7倍,0.68倍,1.99%
20260716,3589,三京化,8138,東S,,"4,055",+55,+1.38%,2,9.33倍,0.40倍,2.47%
20260716,3590,ソマール,8152,東S,,"7,900",+40,+0.51%,2,6.10倍,0.69倍,1.27%
20260716,3591,はせがわ,8230,東S,,316,+2,+0.64%,2,10.3倍,0.45倍,4.75%
20260716,3592,井筒屋,8260,東S,,380,-3,-0.78%,2,8.44倍,0.35倍,1.84%
20260716,3593,ＲＩＳＥ,8836,東S,,27,+1,+3.85%,2,ー倍,-1.1倍,ー%
20260716,3594,エリアクエス,8912,東S,,151,-1,-0.66%,2,14.4倍,1.52倍,2.65%
20260716,3595,サンネクスタ,8945,東S,,"1,101",+1,+0.09%,2,18.0倍,1.30倍,3.81%
20260716,3596,ニッチツ,7021,東S,,"1,878",+32,+1.73%,2,30.8倍,0.30倍,1.60%
20260716,3597,テノ．ＨＤ,7037,東S,,865,+9,+1.05%,2,13.6倍,2.12倍,1.16%
20260716,3598,サンライフＨ,7040,東S,,958,-13,-1.34%,2,7.43倍,0.85倍,3.65%
20260716,3599,アルー,7043,東G,,898,-18,-1.97%,2,9.29倍,1.76倍,1.22%
20260716,3600,共栄セキュリ,7058,東S,,"3,200",+15,+0.47%,2,ー倍,0.94倍,2.81%
20260716,3601,フレアス,7062,東G,,788,+13,+1.68%,2,6.23倍,0.94倍,1.34%
20260716,3602,盟和産,7284,東S,,"1,221",-3,-0.25%,2,13.4倍,0.35倍,4.10%
20260716,3603,横浜魚類,7443,東S,,649,+15,+2.37%,2,27.1倍,1.51倍,1.23%
20260716,3604,キムラ,7461,東S,,467,+1,+0.21%,2,10.8倍,0.41倍,3.00%
20260716,3605,セフテック,7464,東S,,"1,565",0,0.00%,2,19.0倍,0.38倍,3.83%
20260716,3606,ムラキ,7477,東S,,"1,790",-11,-0.61%,2,ー倍,0.92倍,ー%
20260716,3607,尾家産,7481,東S,,"2,595",+3,+0.12%,2,7.53倍,1.27倍,4.01%
20260716,3608,日新商,7490,東S,,"2,189",ー,ー%,2,ー倍,0.56倍,ー%
20260716,3609,西川計測,7500,東S,,"9,940",+20,+0.20%,2,11.2倍,1.39倍,3.52%
20260716,3610,ハウスローゼ,7506,東S,,"1,393",0,0.00%,2,467倍,1.20倍,1.79%
20260716,3611,ムサシ,7521,東S,,"2,750",+73,+2.73%,2,47.9倍,0.51倍,1.31%
20260716,3612,ポプラ,7601,東S,,170,+2,+1.19%,2,12.2倍,14.2倍,ー%
20260716,3613,田中商事,7619,東S,,897,+2,+0.22%,2,6.34倍,0.47倍,3.46%
20260716,3614,Ｇダイニング,7625,東S,,463,+3,+0.65%,2,7.00倍,0.83倍,1.08%
20260716,3615,ハンズマン,7636,東S,,782,0,0.00%,2,11.8倍,0.58倍,3.84%
20260716,3616,平山,7781,東S,,794,+2,+0.25%,2,10.9倍,2.18倍,3.53%
20260716,3617,シンシア,7782,東S,,467,+7,+1.52%,2,12.5倍,1.11倍,3.85%
20260716,3618,クレステック,7812,東S,,"2,190",+1,+0.05%,2,6.29倍,0.68倍,4.75%
20260716,3619,プラッツ,7813,東S,,821,-9,-1.08%,2,10.1倍,0.82倍,2.92%
20260716,3620,アイフィス,7833,東S,,639,+1,+0.16%,2,10.8倍,1.05倍,4.69%
20260716,3621,グラファイト,7847,東S,,639,0,0.00%,2,19.9倍,0.81倍,4.69%
20260716,3622,光・彩,7878,東S,,"1,529",-1,-0.07%,2,8.80倍,1.30倍,1.96%
20260716,3623,ヒューマン,2415,東S,,"1,578",0,0.00%,2,6.68倍,0.84倍,4.50%
20260716,3624,オリコンＨＤ,2498,東S,,"3,125",+5,+0.16%,2,9.66倍,1.22倍,4.00%
20260716,3625,野村女性活躍,2518,東Ｅ,,"2,405",-104,-4.15%,2,ー倍,ー倍,ー%
20260716,3626,マルサンアイ,2551,名M,,"3,555",-10,-0.28%,2,9.75倍,1.07倍,0.84%
20260716,3627,上場リートＭ,2552,東Ｅ,,"1,968",-22,-1.11%,2,ー倍,ー倍,ー%
20260716,3628,ユニカフェ,2597,東S,,"1,143",+19,+1.69%,2,29.4倍,2.13倍,ー%
20260716,3629,アスモ,2654,東S,,400,-3,-0.74%,2,13.7倍,0.77倍,2.50%
20260716,3630,タビオ,2668,東S,,"1,258",-8,-0.63%,2,18.7倍,1.58倍,2.38%
20260716,3631,アイケイＨＤ,2722,東S,,355,0,0.00%,2,16.8倍,1.06倍,2.54%
20260716,3632,フェスタリア,2736,東S,,677,-8,-1.17%,2,15.2倍,1.45倍,1.03%
20260716,3633,カルラ,2789,東S,,468,+1,+0.21%,2,17.5倍,1.24倍,1.07%
20260716,3634,ダイショー,2816,東S,,"1,408",-2,-0.14%,2,32.4倍,1.35倍,1.42%
20260716,3635,石井食,2894,東S,,329,0,0.00%,2,78.2倍,1.43倍,1.22%
20260716,3636,一正蒲鉾,2904,東S,,759,0,0.00%,2,18.5倍,0.91倍,1.84%
20260716,3637,仙波糖化,2916,東S,,735,-10,-1.34%,2,11.7倍,0.66倍,2.04%
20260716,3638,大森屋,2917,東S,,931,+1,+0.11%,2,23.6倍,0.40倍,ー%
20260716,3639,バナーズ,3011,東S,,145,-1,-0.68%,2,9.10倍,0.80倍,3.45%
20260716,3640,ゴルフ・ドゥ,3032,名N,,314,+4,+1.29%,2,21.8倍,1.85倍,0.96%
20260716,3641,ビューテＨＤ,3041,東S,,425,0,0.00%,2,ー倍,3.38倍,ー%
20260716,3642,富士山ＭＳ,3138,東S,,"1,174",+17,+1.47%,2,40.4倍,1.68倍,1.36%
20260716,3643,オーウイル,3143,東S,,700,+6,+0.86%,2,9.02倍,1.07倍,3.14%
20260716,3644,サイバーバズ,7069,東G,,688,-6,-0.86%,2,15.2倍,6.30倍,ー%
20260716,3645,レオクラン,7681,東S,,959,+11,+1.16%,2,24.7倍,0.99倍,1.77%
20260716,3646,ジェイック,7073,東G,,"2,490",+25,+1.01%,2,18.5倍,2.41倍,2.21%
20260716,3647,ランサーズ,4484,東G,,285,+4,+1.42%,2,18.1倍,3.26倍,1.05%
20260716,3648,ランディクス,2981,東G,,"2,091",+4,+0.19%,2,6.32倍,1.21倍,2.68%
20260716,3649,Ｃマネージ,4491,東S,,"3,120",-5,-0.16%,2,12.4倍,1.53倍,1.92%
20260716,3650,エコミック,3802,東S,,493,+3,+0.61%,2,12.0倍,1.24倍,2.64%
20260716,3651,エブレン,6599,東S,,"3,060",-70,-2.24%,2,11.5倍,0.90倍,1.90%
20260716,3652,Ｋラーニング,7353,東G,,567,0,0.00%,2,11.8倍,2.74倍,ー%
20260716,3653,アクシス,4012,東S,,"1,680",+10,+0.60%,2,10.3倍,1.76倍,3.39%
20260716,3654,レッティ,7356,東G,,122,-2,-1.61%,2,14.7倍,5.32倍,ー%
20260716,3655,トップシェア,2072,東EN,,"21,590",-480,-2.17%,2,ー倍,ー倍,ー%
20260716,3656,交換できる,7695,東G,,771,+35,+4.76%,2,23.0倍,2.81倍,ー%
20260716,3657,ｉ－ｐｌｕｇ,4177,東G,,"1,500",-2,-0.13%,2,10.8倍,3.15倍,3.60%
20260716,3658,メイホーＨＤ,7369,東G,,346,+1,+0.29%,2,ー倍,0.67倍,ー%
20260716,3659,Ｚｅｎｋｅｎ,7371,東G,,722,-3,-0.41%,2,25.1倍,0.69倍,3.60%
20260716,3660,Ｅｎｊｉｎ,7370,東G,,715,+1,+0.14%,2,24.8倍,1.10倍,5.59%
20260716,3661,デコルテＨＤ,7372,東G,,384,-4,-1.03%,2,8.26倍,0.38倍,ー%
20260716,3662,ドリムベッド,7791,東S,,844,-8,-0.94%,2,6.99倍,0.71倍,4.38%
20260716,3663,ステムセル研,7096,東G,,752,-16,-2.08%,2,72.1倍,2.82倍,ー%
20260716,3664,デリバリコン,9240,東G,,396,-4,-1.00%,2,14.8倍,1.54倍,ー%
20260716,3665,モビルス,4370,東G,,318,0,0.00%,2,ー倍,1.41倍,ー%
20260716,3666,くふうカンパ,4376,東G,,157,0,0.00%,2,ー倍,1.15倍,ー%
20260716,3667,一家ＨＤ,7127,東S,,703,-3,-0.42%,2,22.6倍,5.24倍,ー%
20260716,3668,ミアヘルサ,7129,東S,,"1,148",-2,-0.17%,2,8.94倍,0.82倍,2.61%
20260716,3669,ＧＲＣＳ,9250,東G,,883,-19,-2.11%,2,19.7倍,-46倍,ー%
20260716,3670,ヒュウガプラ,7133,東G,,"1,246",+12,+0.97%,2,14.1倍,3.25倍,1.61%
20260716,3671,ＴＨＥＣＯＯ,4255,東G,,"2,404",-12,-0.50%,2,20.4倍,7.56倍,ー%
20260716,3672,イメージＭ,7793,東G,,"1,340",0,0.00%,2,7.47倍,1.73倍,2.61%
20260716,3673,セレ,5078,東S,,"4,870",-30,-0.61%,2,11.9倍,0.79倍,3.29%
20260716,3674,ヤマイチ,2984,東S,,742,0,0.00%,2,5.53倍,0.46倍,4.18%
20260716,3675,上場パ中国Ａ,1322,東Ｅ,,"12,000",-295,-2.40%,2,ー倍,ー倍,ー%
20260716,3676,キャンディル,1446,東S,,540,0,0.00%,2,25.1倍,1.60倍,1.85%
20260716,3677,ＭＸ高配ＭＮ,1499,東Ｅ,,"8,839",+10,+0.11%,2,ー倍,ー倍,ー%
20260716,3678,ＷＴアルミ,1692,東Ｅ,,698.5,-7.2,-1.02%,2,ー倍,ー倍,ー%
20260716,3679,暁飯島工業,1997,東S,,"4,020",-15,-0.37%,2,8.56倍,0.99倍,3.36%
20260716,3680,グロス２５０,2042,東EN,,"7,516",-334,-4.25%,2,ー倍,ー倍,ー%
20260716,3681,日和産,2055,東S,,336,0,0.00%,2,20.3倍,0.32倍,1.79%
20260716,3682,中広,2139,東S,,516,+2,+0.39%,2,11.7倍,1.61倍,2.71%
20260716,3683,幼児活動研,2152,東S,,"1,506",+17,+1.14%,2,16.3倍,1.48倍,1.73%
20260716,3684,シイエムシイ,2185,東S,,"1,912",+2,+0.10%,2,11.2倍,1.08倍,2.98%
20260716,3685,リンカーズ,5131,東G,,133,+1,+0.76%,2,ー倍,2.76倍,ー%
20260716,3686,ＧＸＵＳ配当,2236,東Ｅ,,"1,488",0,0.00%,2,ー倍,ー倍,ー%
20260716,3687,ハルメク,7119,東G,,"1,678",-6,-0.36%,2,15.5倍,2.08倍,2.38%
20260716,3688,ビズメイツ,9345,東G,,630,+20,+3.28%,2,9.99倍,1.07倍,2.38%
20260716,3689,フュージック,5256,東G,,"2,406",-39,-1.60%,2,181倍,2.45倍,ー%
20260716,3690,ブリーチ,9162,東G,,234,-2,-0.85%,2,ー倍,0.64倍,ー%
20260716,3691,丸東産,7894,福証,,"2,200",ー,ー%,2,10.4倍,0.35倍,1.82%
20260716,3692,中バス,9085,札証,,"5,760",ー,ー%,2,12.6倍,0.46倍,ー%
20260716,3693,インバＰＦ,5587,東G,,854,+5,+0.59%,2,12.5倍,1.85倍,ー%
20260716,3694,笹徳印刷,3958,東S,,549,-2,-0.36%,2,11.5倍,0.31倍,3.28%
20260716,3695,Ｄサイクル,5888,東G,,"2,914",-36,-1.22%,2,7.99倍,1.23倍,2.51%
20260716,3696,ココリブ,137A,東G,,739,+5,+0.68%,2,17.5倍,2.09倍,ー%
20260716,3697,ジンジブ,142A,東G,,785,+1,+0.13%,2,7.63倍,3.97倍,ー%
20260716,3698,ＪＳＨ,150A,東G,Ｓ,462,+80,+20.94%,2,13.6倍,1.35倍,ー%
20260716,3699,シンカ,149A,東G,,761,-4,-0.52%,2,ー倍,2.57倍,ー%
20260716,3700,コージンＢ,177A,東G,,870,-28,-3.12%,2,40.4倍,0.75倍,1.15%
20260716,3701,学びエイド,184A,東G,,317,+7,+2.26%,2,13.0倍,2.02倍,ー%
20260716,3702,インテＧ,192A,東G,,"1,216",-9,-0.73%,2,12.2倍,1.38倍,4.11%
20260716,3703,ＲＯＸＸ,241A,東G,,410,-1,-0.24%,2,"2,929倍",2.13倍,ー%
20260716,3704,ケイ・ウノ,259A,名N,,"1,627",+6,+0.37%,2,22.0倍,1.28倍,ー%
20260716,3705,ＳＢＩサウジ,273A,東Ｅ,,"9,848",0,0.00%,2,ー倍,ー倍,ー%
20260716,3706,グリクロＨＤ,272A,福証,,"1,421",-17,-1.18%,2,8.51倍,0.97倍,2.81%
20260716,3707,ハンワＨ,275A,名N,,362,+18,+5.23%,2,22.6倍,3.56倍,ー%
20260716,3708,リスキル,291A,東G,,"1,725",0,0.00%,2,8.89倍,1.86倍,ー%
20260716,3709,ビースタイル,302A,東G,,635,-9,-1.40%,2,11.5倍,1.41倍,ー%
20260716,3710,フライヤー,323A,東G,,380,-6,-1.55%,2,22.4倍,4.25倍,ー%
20260716,3711,ミライロ,335A,東G,,337,-4,-1.17%,2,27.5倍,4.11倍,ー%
20260716,3712,ＳＭＤ日グ株,349A,東Ｅ,,853.3,-11.9,-1.38%,2,ー倍,ー倍,ー%
20260716,3713,ＧＸＳＰＣＦ,356A,東Ｅ,,"1,572",+5,+0.32%,2,ー倍,ー倍,ー%
20260716,3714,ＭＸＳＰ等ウ,383A,東Ｅ,,"2,635",-30,-1.13%,2,ー倍,ー倍,ー%
20260716,3715,みのや,386A,東S,,"1,280",-4,-0.31%,2,9.63倍,1.18倍,1.93%
20260716,3716,マイネット,3928,東S,,229,-2,-0.87%,2,7.67倍,1.58倍,ー%
20260716,3717,ＩＰＳＨＤ,4335,東S,,"1,113",+8,+0.72%,2,10.1倍,1.45倍,3.41%
20260716,3718,西菱電機,4341,東S,,892,-3,-0.34%,2,14.4倍,0.55倍,5.04%
20260716,3719,ＳＩＧＧ,4386,東S,,845,+2,+0.24%,2,9.58倍,1.72倍,3.91%
20260716,3720,エーアイ,4388,東S,,370,-4,-1.07%,2,37.5倍,1.01倍,ー%
20260716,3721,リックソフト,4429,東G,,710,-5,-0.70%,2,20.0倍,0.94倍,ー%
20260716,3722,Ｗｅｌｂｙ,4438,東G,,256,-2,-0.78%,2,ー倍,17.0倍,ー%
20260716,3723,仁丹,4524,東S,,"2,174",+3,+0.14%,2,16.8倍,0.69倍,2.99%
20260716,3724,ケミファ,4539,東S,,"1,622",ー,ー%,2,98.0倍,0.30倍,3.08%
20260716,3725,中京医薬,4558,東S,,199,-1,-0.50%,2,25.0倍,0.82倍,2.51%
20260716,3726,オリジナル設,4642,東S,,"1,405",-5,-0.35%,2,14.1倍,1.04倍,2.85%
20260716,3727,秀英,4678,東S,,320,-1,-0.31%,2,4.77倍,0.45倍,3.13%
20260716,3728,キタック,4707,東S,,330,-2,-0.60%,2,10.9倍,0.50倍,2.12%
20260716,3729,日本色材,4920,東S,,"1,096",-9,-0.81%,2,11.9倍,0.53倍,2.74%
20260716,3730,シーボン,4926,東S,,"1,250",0,0.00%,2,26.0倍,0.91倍,1.60%
20260716,3731,アジュバン,4929,東S,,736,+1,+0.14%,2,245倍,1.40倍,1.63%
20260716,3732,ニッコー,5343,名M,,187,-1,-0.53%,2,ー倍,1.95倍,ー%
20260716,3733,ルツボ,5355,東S,,681,-3,-0.44%,2,10.1倍,0.73倍,2.94%
20260716,3734,高砂鉄,5458,東S,,"1,216",-1,-0.08%,2,8.20倍,0.72倍,3.70%
20260716,3735,報国マテリア,5542,東S,,803,-9,-1.11%,2,10.9倍,0.93倍,3.11%
20260716,3736,ダイケン,5900,東S,,835,+1,+0.12%,2,13.1倍,0.34倍,2.99%
20260716,3737,不二サッシ,5940,東S,,729,+2,+0.28%,2,5.71倍,0.36倍,4.12%
20260716,3738,アマテイ,5952,東S,,184,+1,+0.55%,2,16.2倍,1.39倍,2.72%
20260716,3739,トーソー,5956,東S,,597,-4,-0.67%,2,9.42倍,0.33倍,2.18%
20260716,3740,ロブテックス,5969,東S,,"1,190",ー,ー%,2,18.5倍,0.45倍,2.52%
20260716,3741,共和工業,5971,東S,,"8,200",0,0.00%,2,17.5倍,0.62倍,0.98%
20260716,3742,カネソウ,5979,名M,,"5,080",+40,+0.79%,2,10.5倍,0.46倍,3.94%
20260716,3743,兼房,5984,東S,,747,+11,+1.49%,2,11.5倍,0.33倍,3.08%
20260716,3744,モリテック,5986,東S,,239,+2,+0.84%,2,10.7倍,0.33倍,2.51%
20260716,3745,リンクバル,6046,東S,,131,+2,+1.55%,2,"2,620倍",3.01倍,ー%
20260716,3746,ウチヤマＨＤ,6059,東S,,340,0,0.00%,2,22.5倍,0.46倍,2.94%
20260716,3747,エスティック,6161,東S,,"1,031",0,0.00%,2,8.43倍,0.92倍,3.01%
20260716,3748,東武住販,3297,東S,,"1,132",+12,+1.07%,2,8.52倍,0.65倍,3.80%
20260716,3749,関門海,3372,東S,,221,-1,-0.45%,2,25.2倍,2.15倍,ー%
20260716,3750,コスモバイオ,3386,東S,,"1,234",-2,-0.16%,2,32.0倍,0.74倍,4.05%
20260716,3751,ピクスタ,3416,東S,,842,-2,-0.24%,2,13.9倍,1.38倍,5.34%
20260716,3752,アトムリビン,3426,東S,,"1,300",+4,+0.31%,2,19.2倍,0.49倍,2.42%
20260716,3753,パルマ,3461,東S,,589,0,0.00%,2,19.0倍,1.66倍,2.21%
20260716,3754,フォーライフ,3477,東G,,862,-6,-0.69%,2,5.30倍,0.79倍,3.77%
20260716,3755,香陵住販,3495,東S,,"2,357",-3,-0.13%,2,5.97倍,0.95倍,2.59%
20260716,3756,ソトー,3571,東S,,711,+1,+0.14%,2,ー倍,0.58倍,5.63%
20260716,3757,オーベクス,3583,東S,,"1,318",-21,-1.57%,2,ー倍,0.49倍,2.66%
20260716,3758,ホットリンク,3680,東G,,220,+2,+0.92%,2,37.9倍,0.86倍,2.82%
20260716,3759,システムズＤ,3766,東S,,"1,385",-19,-1.35%,2,11.4倍,0.98倍,4.33%
20260716,3760,ユニリタ,3800,東S,,"1,960",+7,+0.36%,2,13.3倍,1.20倍,3.83%
20260716,3761,コラボス,3908,東S,,341,-1,-0.29%,2,31.8倍,1.16倍,1.76%
20260716,3762,アイビーシー,3920,東S,,999,+9,+0.91%,2,12.9倍,2.31倍,2.20%
20260716,3763,ホットマン,3190,東S,,577,+3,+0.52%,1,11.0倍,0.53倍,1.91%
20260716,3764,ダイトウボウ,3202,東S,,128,+1,+0.79%,1,31.8倍,0.76倍,2.34%
20260716,3765,ＳＬＤ,3223,東S,,927,-5,-0.54%,1,14.1倍,-5.2倍,ー%
20260716,3766,Ｇオイスター,3224,東G,,711,+8,+1.14%,1,112倍,2.48倍,1.41%
20260716,3767,アールエイジ,3248,東S,,868,-2,-0.23%,1,12.0倍,0.57倍,4.15%
20260716,3768,ランシステム,3326,東S,,622,-2,-0.32%,1,24.0倍,8.24倍,ー%
20260716,3769,メディ一光Ｇ,3353,東S,,"2,848",+32,+1.14%,1,8.25倍,0.68倍,4.21%
20260716,3770,アークコア,3384,名N,,731,+7,+0.97%,1,8.38倍,0.76倍,ー%
20260716,3771,サンコテクノ,3435,東S,,"1,406",0,0.00%,1,8.90倍,0.56倍,3.27%
20260716,3772,特殊電極,3437,東S,,"2,700",+15,+0.56%,1,13.4倍,0.54倍,3.78%
20260716,3773,三ツ知,3439,東S,,677,+1,+0.15%,1,13.4倍,0.30倍,2.95%
20260716,3774,丸八ＨＤ,3504,名M,,"1,344",-15,-1.10%,1,11.3倍,0.36倍,3.72%
20260716,3775,テルマー湯,3521,東S,,151,-2,-1.31%,1,22.2倍,0.81倍,3.31%
20260716,3776,アクサスＨＤ,3536,東S,,129,-1,-0.77%,1,15.7倍,1.59倍,1.55%
20260716,3777,ＡＴＡＯ,3550,東G,,218,0,0.00%,1,13.7倍,1.17倍,2.29%
20260716,3778,東海染,3577,東S,,925,0,0.00%,1,19.5倍,0.37倍,2.70%
20260716,3779,ソケッツ,3634,東S,,578,+3,+0.52%,1,25.2倍,2.38倍,1.04%
20260716,3780,ボルテージ,3639,東S,,230,+1,+0.44%,1,ー倍,0.69倍,ー%
20260716,3781,駅探,3646,東S,,334,0,0.00%,1,ー倍,1.30倍,2.40%
20260716,3782,オークファン,3674,東G,,319,-4,-1.24%,1,168倍,0.83倍,ー%
20260716,3783,イルグルム,3690,東S,,547,+9,+1.67%,1,17.3倍,1.83倍,1.46%
20260716,3784,ＧＭＯ－ＰＰ,3695,東G,,"1,450",+1,+0.07%,1,16.9倍,2.67倍,4.43%
20260716,3785,コムシード,3739,名N,,129,0,0.00%,1,8.30倍,2.22倍,ー%
20260716,3786,ＡＤＲバイオ,3750,東S,,805,0,0.00%,1,359倍,327倍,ー%
20260716,3787,システムディ,3804,東S,,439,-5,-1.13%,1,12.0倍,1.60倍,2.51%
20260716,3788,ＯＤＫ,3839,東S,,627,0,0.00%,1,17.1倍,0.80倍,1.59%
20260716,3789,ジーダット,3841,東S,,"1,205",-5,-0.41%,1,22.1倍,1.28倍,3.32%
20260716,3790,ネクスジェン,3842,東S,,927,+3,+0.32%,1,10.2倍,1.19倍,3.24%
20260716,3791,岡山製紙,3892,東S,,"1,662",+1,+0.06%,1,12.3倍,0.53倍,3.01%
20260716,3792,ハビックス,3895,東S,,404,-1,-0.25%,1,ー倍,0.41倍,3.96%
20260716,3793,ショーケース,3909,東S,,199,-2,-1.00%,1,15.5倍,1.01倍,ー%
20260716,3794,野村上証５０,1309,東Ｅ,,"55,800",-500,-0.89%,1,ー倍,ー倍,ー%
20260716,3795,日経３００投,1319,東Ｅ,,749.9,+13.3,+1.81%,1,ー倍,ー倍,ー%
20260716,3796,野村ボベスパ,1325,東Ｅ,,293.2,-2.7,-0.91%,1,ー倍,ー倍,ー%
20260716,3797,ホーブ,1382,東S,,"1,121",-17,-1.49%,1,47.4倍,1.18倍,4.46%
20260716,3798,上場経済貢献,1481,東Ｅ,,"3,657",+10,+0.27%,1,ー倍,ー倍,ー%
20260716,3799,Ｏｎｅ中小型,1493,東Ｅ,,"25,200",-375,-1.47%,1,ー倍,ー倍,ー%
20260716,3800,ＯｎｅＥＳＧ,1498,東Ｅ,,"32,310",-530,-1.61%,1,ー倍,ー倍,ー%
20260716,3801,ＭＸ東海,1553,名Ｅ,,"5,583",+33,+0.59%,1,ー倍,ー倍,ー%
20260716,3802,野村マレシア,1560,東Ｅ,,"6,761",-27,-0.40%,1,ー倍,ー倍,ー%
20260716,3803,ｉＦＷＩＮ,1652,東Ｅ,,"5,016",-31,-0.61%,1,ー倍,ー倍,ー%
20260716,3804,ＷＴ貴金属,1676,東Ｅ,,"40,700",+100,+0.25%,1,ー倍,ー倍,ー%
20260716,3805,ＷＴ商品総合,1684,東Ｅ,,"2,470.5",+10.5,+0.43%,1,ー倍,ー倍,ー%
20260716,3806,ＷＴガソリン,1691,東Ｅ,,"14,045",+45,+0.32%,1,ー倍,ー倍,ー%
20260716,3807,ＷＴニッケル,1694,東Ｅ,,"2,360.0",+33.5,+1.44%,1,ー倍,ー倍,ー%
20260716,3808,ＷＴ大豆,1697,東Ｅ,,"4,558",+38,+0.84%,1,ー倍,ー倍,ー%
20260716,3809,美樹工業,1718,東S,,"6,950",+30,+0.43%,1,6.79倍,0.43倍,4.32%
20260716,3810,シンクレイヤ,1724,東S,,690,-3,-0.43%,1,8.59倍,0.50倍,4.35%
20260716,3811,ＮＩＴＴＯＨ,1738,名M,,572,+10,+1.78%,1,7.48倍,0.47倍,3.15%
20260716,3812,三東工業,1788,東S,,"4,220",-5,-0.12%,1,9.45倍,0.70倍,3.08%
20260716,3813,マサル,1795,東S,,"5,210",0,0.00%,1,16.3倍,0.83倍,2.11%
20260716,3814,金下建,1897,東S,,"3,140",+35,+1.13%,1,33.1倍,0.33倍,1.59%
20260716,3815,ハンセンベア,2032,東EN,,"6,245",-88,-1.39%,1,ー倍,ー倍,ー%
20260716,3816,米国配当貴族,2044,東EN,,"34,900",-410,-1.16%,1,ー倍,ー倍,ー%
20260716,3817,セーラー広告,2156,東S,,272,+1,+0.37%,1,ー倍,0.61倍,2.21%
20260716,3818,成学社,2179,東S,,792,+5,+0.64%,1,7.22倍,1.01倍,4.17%
20260716,3819,サンコー,6964,東S,,693,+6,+0.87%,1,11.0倍,0.38倍,2.89%
20260716,3820,ＥＭネットＪ,7036,東G,,649,+3,+0.46%,1,18.5倍,2.99倍,ー%
20260716,3821,アクセスＨＤ,7042,東S,,673,+12,+1.82%,1,12.4倍,1.58倍,3.27%
20260716,3822,ＴＤＳＥ,7046,東G,,"1,306",+5,+0.38%,1,32.2倍,1.15倍,0.77%
20260716,3823,Ｆインタ,7050,東G,,"1,359",+28,+2.10%,1,9.36倍,1.24倍,5.37%
20260716,3824,エヌシーエヌ,7057,東S,,911,+1,+0.11%,1,11.1倍,1.28倍,3.62%
20260716,3825,ハウテレ,7064,東S,,873,0,0.00%,1,87.8倍,1.57倍,ー%
20260716,3826,ピアズ,7066,東G,,429,0,0.00%,1,14.3倍,1.34倍,ー%
20260716,3827,テイン,7217,東S,,421,-2,-0.47%,1,11.9倍,0.61倍,4.28%
20260716,3828,田中精密,7218,東S,,"1,025",-3,-0.29%,1,5.94倍,0.34倍,3.32%
20260716,3829,桜井製,7255,東S,,506,-5,-0.98%,1,38.7倍,0.33倍,1.38%
20260716,3830,ＭＵＲＯ,7264,東S,,"1,363",+10,+0.74%,1,6.79倍,0.36倍,3.45%
20260716,3831,アイリック,7325,東G,,693,-15,-2.12%,1,11.2倍,1.49倍,4.62%
20260716,3832,創健社,7413,東S,,"2,625",+50,+1.94%,1,91.9倍,1.55倍,0.76%
20260716,3833,はるやまＨＤ,7416,東S,,671,+2,+0.30%,1,105倍,0.46倍,2.31%
20260716,3834,東邦レマック,7422,東S,,380,-10,-2.56%,1,27.2倍,0.44倍,3.00%
20260716,3835,オータケ,7434,東S,,"1,800",-1,-0.06%,1,8.27倍,0.42倍,2.22%
20260716,3836,ハリマ共和,7444,東S,,"1,978",-11,-0.55%,1,8.66倍,0.41倍,3.03%
20260716,3837,マルシェ,7524,東S,,182,-1,-0.55%,1,78.8倍,7.52倍,ー%
20260716,3838,清和中央ＨＤ,7531,東S,,"1,318",+20,+1.54%,1,14.4倍,0.32倍,1.67%
20260716,3839,大水,7538,東S,,375,0,0.00%,1,7.03倍,0.36倍,1.87%
20260716,3840,大田花き,7555,東S,,741,0,0.00%,1,27.3倍,0.72倍,1.62%
20260716,3841,かんなん丸,7585,東S,,408,-2,-0.49%,1,ー倍,4.49倍,ー%
20260716,3842,ＣＳランバー,7808,東S,,"2,600",0,0.00%,1,5.29倍,0.40倍,3.08%
20260716,3843,オービス,7827,東S,,"1,615",-4,-0.25%,1,8.13倍,0.51倍,3.84%
20260716,3844,アールシー,7837,東S,,352,-3,-0.85%,1,2.86倍,0.92倍,ー%
20260716,3845,カワセコンピ,7851,福証,,180,-1,-0.55%,1,27.4倍,0.33倍,ー%
20260716,3846,エステール,7872,東S,,605,-1,-0.17%,1,14.7倍,0.54倍,4.46%
20260716,3847,永大化工,7877,東S,,"2,179",-5,-0.23%,1,7.66倍,0.36倍,3.21%
20260716,3848,サンメッセ,7883,東S,,395,0,0.00%,1,25.5倍,0.44倍,2.28%
20260716,3849,マツモト,7901,東S,,780,-5,-0.64%,1,18.4倍,0.89倍,ー%
20260716,3850,ソノコム,7902,東S,,"1,111",-27,-2.37%,1,22.5倍,0.43倍,1.17%
20260716,3851,フジコピアン,7957,東S,,"1,859",+12,+0.65%,1,4.75倍,0.36倍,6.35%
20260716,3852,リヒトラブ,7975,東S,,"1,112",-14,-1.24%,1,18.9倍,0.34倍,2.25%
20260716,3853,ミロク,7983,東S,,"1,040",+2,+0.19%,1,5.01倍,0.27倍,0.96%
20260716,3854,セーラー,7992,東S,,103,+1,+0.98%,1,ー倍,2.85倍,ー%
20260716,3855,ナイガイ,8013,東S,,365,0,0.00%,1,40.7倍,0.42倍,ー%
20260716,3856,ツカモト,8025,東S,,"1,310",+13,+1.00%,1,35.2倍,0.33倍,2.29%
20260716,3857,東ソワール,8040,東S,,"1,024",-6,-0.58%,1,10.2倍,0.33倍,4.39%
20260716,3858,浜丸魚,8045,東S,,"1,982",+12,+0.61%,1,19.3倍,0.57倍,1.72%
20260716,3859,東海エレ,8071,名M,,"2,920",+10,+0.34%,1,16.7倍,0.33倍,3.90%
20260716,3860,川辺,8123,東S,,"1,339",0,0.00%,1,10.6倍,0.33倍,3.73%
20260716,3861,ラピーヌ,8143,東S,,145,0,0.00%,1,ー倍,0.48倍,ー%
20260716,3862,デンキョーＧ,8144,東S,,"1,286",-1,-0.08%,1,13.0倍,0.29倍,3.11%
20260716,3863,タカキュー,8166,東S,,78,0,0.00%,1,25.0倍,1.52倍,ー%
20260716,3864,東天紅,8181,東S,,"1,043",+15,+1.46%,1,5.89倍,0.36倍,1.44%
20260716,3865,ヤマナカ,8190,名M,,520,0,0.00%,1,28.3倍,0.55倍,1.92%
20260716,3866,大和デ,8247,東S,,299,+2,+0.67%,1,16.8倍,0.30倍,ー%
20260716,3867,小林洋行,8742,東S,,550,-1,-0.18%,1,ー倍,0.64倍,ー%
20260716,3868,センチュ２１,8898,東S,,"1,129",0,0.00%,1,14.0倍,1.66倍,4.69%
20260716,3869,大宝運輸,9040,名M,,"4,145",ー,ー%,1,16.3倍,0.45倍,2.41%
20260716,3870,京福電,9049,東S,,"6,710",-140,-2.04%,1,7.25倍,0.93倍,0.30%
20260716,3871,京極運,9073,東S,,"1,267",+3,+0.24%,1,32.8倍,0.76倍,0.95%
20260716,3872,東海汽,9173,東S,,"2,933",-1,-0.03%,1,40.2倍,1.25倍,ー%
20260716,3873,ヤマシタＨＤ,9265,東S,,"3,500",+10,+0.29%,1,16.1倍,0.95倍,1.86%
20260716,3874,丸八倉,9313,東S,,"1,037",-12,-1.14%,1,12.4倍,0.45倍,2.70%
20260716,3875,東洋埠頭,9351,東S,,"1,852",-1,-0.05%,1,9.49倍,0.43倍,4.32%
20260716,3876,ユーラシア,9376,東S,,796,-2,-0.25%,1,45.2倍,1.70倍,6.28%
20260716,3877,ＢＳＮＨＤ,9408,東S,,"2,640",-18,-0.68%,1,15.4倍,0.59倍,0.68%
20260716,3878,トーシンＨＤ,9444,東S,,250,-5,-1.96%,1,ー倍,1.52倍,ー%
20260716,3879,文溪堂,9471,名M,,"1,145",ー,ー%,1,11.7倍,0.47倍,3.56%
20260716,3880,武蔵野,9635,東S,,"2,550",ー,ー%,1,88.9倍,0.67倍,ー%
20260716,3881,きんえい,9636,東S,,"4,225",+5,+0.12%,1,78.5倍,4.27倍,0.24%
20260716,3882,グリンランド,9656,東S,,603,+1,+0.17%,1,12.5倍,0.59倍,2.49%
20260716,3883,ＫＹＣＯＭ,9685,東S,,584,-2,-0.34%,1,6.59倍,0.56倍,1.71%
20260716,3884,京都ホ,9723,東S,,631,-1,-0.16%,1,21.2倍,3.15倍,0.48%
20260716,3885,日建工学,9767,東S,,"1,476",+1,+0.07%,1,7.68倍,0.55倍,2.03%
20260716,3886,テーオーＨＤ,9812,東S,,228,-7,-2.98%,1,292倍,3.87倍,0.22%
20260716,3887,ジェネックス,9820,東S,,"3,670",-10,-0.27%,1,9.27倍,0.90倍,1.09%
20260716,3888,英和,9857,東S,,"2,415",-5,-0.21%,1,8.26倍,0.80倍,3.98%
20260716,3889,ソレキア,9867,東S,,"10,250",-210,-2.01%,1,6.37倍,0.69倍,0.68%
20260716,3890,北恵,9872,東S,,927,-3,-0.32%,1,15.4倍,0.61倍,3.02%
20260716,3891,コンセック,9895,東S,,"1,267",+1,+0.08%,1,22.4倍,0.28倍,2.13%
20260716,3892,平和紙業,9929,東S,,468,+1,+0.21%,1,27.9倍,0.42倍,2.56%
20260716,3893,北沢産,9930,東S,,368,0,0.00%,1,22.1倍,0.60倍,2.72%
20260716,3894,ショクブン,9969,東S,,235,-1,-0.42%,1,"1,808倍",1.54倍,1.06%
20260716,3895,アルテック,9972,東S,,284,-4,-1.39%,1,9.78倍,0.43倍,2.46%
20260716,3896,サトー商会,9996,東S,,"2,173",0,0.00%,1,14.9倍,0.67倍,2.21%
20260716,3897,インフォネ,4444,東G,,916,+6,+0.66%,1,39.9倍,2.05倍,ー%
20260716,3898,リビンＴ,4445,東G,,"1,643",0,0.00%,1,30.2倍,2.64倍,ー%
20260716,3899,クラシコ,442A,東G,,"1,006",-12,-1.18%,1,13.9倍,1.28倍,ー%
20260716,3900,ＧＸＵ社債Ｈ,467A,東Ｅ,,282.0,+1.3,+0.46%,1,ー倍,ー倍,ー%
20260716,3901,野村独株Ｈ無,487A,東Ｅ,,"2,056",+1,+0.05%,1,ー倍,ー倍,ー%
20260716,3902,ｉＳ円高ハン,488A,東Ｅ,,756.1,0,0.00%,1,ー倍,ー倍,ー%
20260716,3903,ＧＸステコイ,512A,東Ｅ,,"1,168",+6,+0.52%,1,ー倍,ー倍,ー%
20260716,3904,ＧＸ先進ＣＦ,564A,東Ｅ,,"1,108",+3,+0.27%,1,ー倍,ー倍,ー%
20260716,3905,ｉＳ国債〇一,570A,東Ｅ,,900.6,-1.0,-0.11%,1,ー倍,ー倍,ー%
20260716,3906,ＧＸ銀ビジ,579A,東Ｅ,,856,-3,-0.35%,1,ー倍,ー倍,ー%
20260716,3907,ベネフィＪ,3934,東S,,"2,210",+4,+0.18%,1,11.5倍,1.50倍,4.39%
20260716,3908,古林紙,3944,東S,,"2,410",ー,ー%,1,10.9倍,0.27倍,2.07%
20260716,3909,ダイナパック,3947,東S,,"2,176",-1,-0.05%,1,8.51倍,0.44倍,3.68%
20260716,3910,光ビジネス,3948,東S,,"1,130",-5,-0.44%,1,17.9倍,0.64倍,4.42%
20260716,3911,昭和パックス,3954,東S,,"2,900",+63,+2.22%,1,ー倍,0.48倍,1.72%
20260716,3912,イノベーショ,3970,東S,,823,+27,+3.39%,1,88.5倍,0.76倍,4.86%
20260716,3913,ＳＣＡＴ,3974,東S,,609,-1,-0.16%,1,15.2倍,0.92倍,2.30%
20260716,3914,ビーブレイク,3986,東S,,478,0,0.00%,1,19.8倍,1.24倍,3.14%
20260716,3915,ウォンテッド,3991,東G,,921,-28,-2.95%,1,5.69倍,1.44倍,2.17%
20260716,3916,丸尾カル,4102,東S,,"1,449",+5,+0.35%,1,20.6倍,0.31倍,2.07%
20260716,3917,スガイ,4120,東S,,"3,095",+20,+0.65%,1,ー倍,0.48倍,2.91%
20260716,3918,大阪油化,4124,東S,,"2,703",-17,-0.63%,1,24.1倍,1.81倍,1.70%
20260716,3919,サンエー化研,4234,東S,,692,-1,-0.14%,1,10.3倍,0.30倍,2.60%
20260716,3920,ＵＦＨＤ,4235,東S,,687,-2,-0.29%,1,25.9倍,0.72倍,5.09%
20260716,3921,クラスター,4240,東S,,316,-1,-0.32%,1,39.1倍,1.03倍,1.58%
20260716,3922,アズジェント,4288,東S,,423,-7,-1.63%,1,32.3倍,3.20倍,ー%
20260716,3923,山田債権,4351,東S,,864,-1,-0.12%,1,25.7倍,1.15倍,1.16%
20260716,3924,ＤＩシステム,4421,東S,,945,-2,-0.21%,1,10.7倍,1.66倍,2.96%
20260716,3925,神東塗,4615,東S,,128,-1,-0.78%,1,21.8倍,0.33倍,ー%
20260716,3926,アサヒペン,4623,東S,,"1,719",+7,+0.41%,1,9.51倍,0.43倍,3.49%
20260716,3927,環境管理,4657,東S,,466,+2,+0.43%,1,14.0倍,0.90倍,1.72%
20260716,3928,城南進研,4720,東S,,241,-1,-0.41%,1,23.0倍,1.39倍,2.07%
20260716,3929,トーセ,4728,東S,,640,-1,-0.16%,1,6.14倍,0.78倍,3.91%
20260716,3930,京進,4735,東S,,304,0,0.00%,1,11.7倍,0.64倍,2.57%
20260716,3931,日本ラッド,4736,東S,,583,-12,-2.02%,1,18.7倍,0.87倍,1.72%
20260716,3932,ダイサン,4750,東S,,558,-1,-0.18%,1,27.5倍,0.62倍,3.94%
20260716,3933,トスネット,4754,東S,,"1,510",-27,-1.76%,1,13.1倍,0.84倍,2.45%
20260716,3934,ＸＮＥＴ,4762,東S,,"1,650",-19,-1.14%,1,15.3倍,2.12倍,4.24%
20260716,3935,ファインズ,5125,東G,,472,-3,-0.63%,1,26.0倍,0.98倍,ー%
20260716,3936,ＩＮＥＳＴ,7111,東S,,483,+5,+1.05%,1,11.7倍,0.69倍,ー%
20260716,3937,ＧＸ自動ＥＶ,2867,東Ｅ,,"1,826",-26,-1.40%,1,ー倍,ー倍,ー%
20260716,3938,ＧＬＯＥ,9565,東G,,685,+1,+0.15%,1,ー倍,3.83倍,ー%
20260716,3939,リベース,5138,東G,,434,-22,-4.82%,1,38.8倍,1.66倍,ー%
20260716,3940,フーディソン,7114,東G,,737,-6,-0.81%,1,18.3倍,1.40倍,ー%
20260716,3941,コーチエィ,9339,東S,,"1,332",-2,-0.15%,1,25.4倍,1.01倍,1.50%
20260716,3942,スマサポ,9342,東G,,826,-3,-0.36%,1,12.8倍,3.26倍,ー%
20260716,3943,アクシスＣ,9344,東G,,934,0,0.00%,1,19.4倍,1.47倍,3.75%
20260716,3944,ＱＬＳＨＤ,7075,東G,,820,0,0.00%,1,8.46倍,2.98倍,1.34%
20260716,3945,ｉＳ日株気候,2250,東Ｅ,,370.1,0,0.00%,1,ー倍,ー倍,ー%
20260716,3946,エリッツＨＤ,5533,東S,,"2,040",ー,ー%,1,9.98倍,1.30倍,3.43%
20260716,3947,ＧＸＵＳ中小,2252,東Ｅ,,"1,461",+10,+0.69%,1,ー倍,ー倍,ー%
20260716,3948,Ｈヴェラス,2137,札Ａ,,720,ー,ー%,1,75.2倍,0.50倍,ー%
20260716,3949,マルタイ,2919,福証,,"4,250",ー,ー%,1,18.5倍,0.78倍,1.18%
20260716,3950,トラックワン,3047,福Ｑ,,839,-26,-3.01%,1,9.15倍,1.22倍,1.31%
20260716,3951,キットア,5039,札Ａ,,"1,030",-29,-2.74%,1,10.3倍,1.35倍,ー%
20260716,3952,昭和鉄,5953,福証,,"6,600",-100,-1.49%,1,5.60倍,0.45倍,2.27%
20260716,3953,宮崎太銀,8560,福証,,"2,425",+14,+0.58%,1,8.78倍,0.31倍,2.06%
20260716,3954,ロジネットＪ,9027,札証,,"4,675",+65,+1.41%,1,8.47倍,1.04倍,3.68%
20260716,3955,上場米債０ラ,2093,東Ｅ,,"5,408",+8,+0.15%,1,ー倍,ー倍,ー%
20260716,3956,ジャパンＭＡ,9236,東G,,"1,040",+14,+1.36%,1,10.8倍,2.22倍,0.96%
20260716,3957,アスマーク,4197,東S,,"2,311",-2,-0.09%,1,19.1倍,1.65倍,3.38%
20260716,3958,雨風太陽,5616,東G,,633,-3,-0.47%,1,51.1倍,4.69倍,ー%
20260716,3959,エスネット,5867,東G,,"1,169",0,0.00%,1,10.0倍,2.18倍,ー%
20260716,3960,ロココ,5868,東S,,958,0,0.00%,1,8.73倍,1.24倍,4.18%
20260716,3961,ｉＦ米債７無,2015,東Ｅ,,"2,202",+6,+0.27%,1,ー倍,ー倍,ー%
20260716,3962,ＧＸ優証隔月,2019,東Ｅ,,"1,051",+1,+0.10%,1,ー倍,ー倍,ー%
20260716,3963,ウェリタス,130A,東G,,435,0,0.00%,1,ー倍,1.85倍,ー%
20260716,3964,ＳＭＴ好配当,170A,東Ｅ,,"3,121",-39,-1.23%,1,ー倍,ー倍,ー%
20260716,3965,エルイズビー,145A,東G,,810,-10,-1.22%,1,23.2倍,2.18倍,ー%
20260716,3966,ＧＸ超長米債,180A,東Ｅ,,295.0,+0.5,+0.17%,1,ー倍,ー倍,ー%
20260716,3967,Ｍ米債長ヘ有,183A,東Ｅ,,441.8,-1.0,-0.23%,1,ー倍,ー倍,ー%
20260716,3968,クロスＥ,231A,福Ｑ,,"1,080",ー,ー%,1,12.6倍,0.91倍,5.09%
20260716,3969,伸和ＨＤ,7118,名N,,"4,040",ー,ー%,1,32.5倍,6.91倍,0.94%
20260716,3970,ＳＭＴ内リ厳,258A,東Ｅ,,"2,090",-90,-4.13%,1,ー倍,ー倍,ー%
20260716,3971,アスア,246A,東G,,"1,083",+3,+0.28%,1,29.9倍,2.74倍,0.65%
20260716,3972,キッズスター,248A,東G,,835,-12,-1.42%,1,30.8倍,0.91倍,ー%
20260716,3973,ｖｉｓｕｍｏ,303A,東G,,583,-5,-0.85%,1,56.9倍,1.74倍,ー%
20260716,3974,ＧＸ価格日株,328A,東Ｅ,,"1,335",-13,-0.96%,1,ー倍,ー倍,ー%
20260716,3975,高配当成長,345A,東EN,,"15,455",+95,+0.62%,1,ー倍,ー倍,ー%
20260716,3976,ｉＦ英１００,363A,東Ｅ,,"2,740",+18,+0.66%,1,ー倍,ー倍,ー%
20260716,3977,ＡＩＧＨＤ,377A,名M,,"1,158",-11,-0.94%,1,41.7倍,1.64倍,ー%
20260716,3978,コモ,2224,東S,,"3,675",-5,-0.14%,1,62.3倍,5.96倍,0.19%
20260716,3979,福留ハ,2291,東S,,514,-1,-0.19%,1,12.3倍,0.69倍,ー%
20260716,3980,滝沢ハム,2293,東S,,"2,718",-34,-1.24%,1,69.8倍,1.67倍,0.74%
20260716,3981,きょくとう,2300,東S,,504,+4,+0.80%,1,22.1倍,1.05倍,2.18%
20260716,3982,ケアサービス,2425,東S,,675,+2,+0.30%,1,33.3倍,0.87倍,3.26%
20260716,3983,アオバＢＢＴ,2464,東S,,325,+1,+0.31%,1,10.5倍,0.88倍,3.38%
20260716,3984,ＶＬＣセキュ,2467,名N,,209,+1,+0.48%,1,14.5倍,5.00倍,ー%
20260716,3985,シスロケ,2480,東S,,"1,696",-4,-0.24%,1,14.7倍,1.48倍,2.24%
20260716,3986,タウンＮ,2481,東S,,635,-2,-0.31%,1,9.79倍,0.63倍,3.15%
20260716,3987,日本和装,2499,東S,,293,0,0.00%,1,10.2倍,0.74倍,4.78%
20260716,3988,ｉＦＪリコア,2528,東Ｅ,,"1,110",-13,-1.16%,1,ー倍,ー倍,ー%
20260716,3989,魚喜,2683,東S,,"1,014",+2,+0.20%,1,85.3倍,2.84倍,0.99%
20260716,3990,ＣＶＳベイ,2687,東S,,492,+2,+0.41%,1,9.91倍,0.77倍,4.07%
20260716,3991,久世,2708,東S,,"2,020",0,0.00%,1,6.68倍,0.97倍,2.23%
20260716,3992,北雄ラッキー,2747,東S,,"3,060",ー,ー%,1,20.4倍,0.67倍,1.63%
20260716,3993,プリメックス,2795,東S,,975,ー,ー%,1,13.5倍,0.60倍,2.56%
20260716,3994,ファマライズ,2796,東S,,493,+2,+0.41%,1,514倍,0.85倍,2.84%
20260716,3995,デルソーレ,2876,東S,,479,-2,-0.42%,1,10.7倍,0.68倍,2.51%
20260716,3996,カワサキ,3045,東S,,"1,499",+6,+0.40%,1,11.5倍,0.54倍,3.34%
20260716,3997,ハイパー,3054,東S,,242,0,0.00%,1,22.9倍,0.76倍,2.89%
20260716,3998,三洋堂ＨＤ,3058,東S,,699,+2,+0.29%,1,34.0倍,1.67倍,0.14%
20260716,3999,ヒラキ,3059,東S,,713,-1,-0.14%,1,34.7倍,0.58倍,2.81%
20260716,4000,ＪＢイレブン,3066,名M,,618,-1,-0.16%,1,276倍,2.90倍,0.40%
20260716,4001,東京一番,3067,東S,,453,+1,+0.22%,1,35.2倍,2.14倍,ー%
20260716,4002,オーミケンシ,3111,東S,,165,-4,-2.37%,1,ー倍,1.18倍,ー%
20260716,4003,サイボー,3123,東S,,645,+2,+0.31%,1,8.35倍,0.42倍,2.79%
20260716,4004,アゼアス,3161,東S,,665,+1,+0.15%,1,21.6倍,0.56倍,3.46%
20260716,4005,横田製,6248,東S,,"1,730",+5,+0.29%,1,10.7倍,1.03倍,3.47%
20260716,4006,高見サイ,6424,東S,,893,0,0.00%,1,7.16倍,0.56倍,2.58%
20260716,4007,ニチダイ,6467,東S,,330,0,0.00%,1,ー倍,0.28倍,1.82%
20260716,4008,フルテック,6546,東S,,"1,144",+2,+0.18%,1,15.1倍,0.86倍,2.97%
20260716,4009,旅工房,6548,東G,,96,0,0.00%,1,ー倍,2.22倍,ー%
20260716,4010,ＤＭソリュ,6549,東S,,"1,146",-7,-0.61%,1,9.31倍,1.66倍,1.83%
20260716,4011,ＭＳコンサル,6555,東S,,420,-5,-1.18%,1,8.62倍,0.65倍,ー%
20260716,4012,ＡＢホテル,6565,名M,,"1,435",+10,+0.70%,1,6.46倍,1.30倍,2.02%
20260716,4013,要興業,6566,東S,,"1,280",0,0.00%,1,13.2倍,0.97倍,ー%
20260716,4014,ＣＧＳＨＤ,6633,東S,,334,0,0.00%,1,14.8倍,0.97倍,2.99%
20260716,4015,森尾電,6647,東S,,"2,799",ー,ー%,1,12.4倍,0.61倍,2.14%
20260716,4016,ＯＳＧコーポ,6757,東S,,871,-6,-0.68%,1,15.2倍,1.94倍,4.59%
20260716,4017,フェンオール,6870,東S,,"2,574",-86,-3.23%,1,16.4倍,0.96倍,3.03%
20260716,4018,原田工業,6904,東S,,451,+2,+0.45%,1,15.9倍,0.70倍,2.22%
20260716,4019,ハーバー研,4925,東S,,"1,754",+2,+0.11%,1,14.1倍,0.70倍,2.28%
20260716,4020,東洋ドライ,4976,東S,,"1,340",0,0.00%,1,8.87倍,0.49倍,2.49%
20260716,4021,朝日ラバー,5162,東S,,793,-7,-0.88%,1,41.9倍,0.71倍,3.03%
20260716,4022,不二ラテ,5199,東S,,"1,974",-28,-1.40%,1,8.72倍,0.62倍,4.20%
20260716,4023,ノザワ,5237,東S,,"1,258",0,0.00%,1,9.60倍,0.68倍,3.42%
20260716,4024,トーヨアサノ,5271,東S,,"2,222",+22,+1.00%,1,10.5倍,0.75倍,3.83%
20260716,4025,東北鋼,5484,東S,,"4,455",+5,+0.11%,1,ー倍,1.12倍,ー%
20260716,4026,サンユウ,5697,東S,,707,-3,-0.42%,1,6.89倍,0.41倍,4.24%
20260716,4027,ＮＩＣ,5742,東S,,720,+7,+0.98%,1,30.0倍,1.20倍,ー%
20260716,4028,滝上工,5918,東S,,"7,140",0,0.00%,1,17.3倍,0.29倍,1.40%
20260716,4029,アルメタクス,5928,東S,,286,+3,+1.06%,1,24.0倍,0.32倍,2.80%
20260716,4030,パワーファス,5950,東S,,145,-1,-0.68%,1,28.5倍,0.89倍,1.72%
20260716,4031,浅香工,5962,東S,,"1,999",ー,ー%,1,11.3倍,0.42倍,2.50%
20260716,4032,ＫＴＣ,5966,東S,,"2,580",+15,+0.58%,1,13.3倍,0.49倍,3.10%
20260716,4033,トーアミ,5973,東S,,610,+3,+0.49%,1,11.5倍,0.31倍,2.95%
20260716,4034,協立エアテク,5997,東S,,916,+2,+0.22%,1,9.62倍,0.45倍,2.18%
20260716,4035,赤阪鉄,6022,東S,,"2,472",-42,-1.67%,1,36.8倍,0.30倍,ー%
20260716,4036,日本ＰＣ,6025,名N,,752,-9,-1.18%,1,131倍,4.15倍,ー%
20260716,4037,イトクロ,6049,東G,,246,-4,-1.60%,1,16.1倍,0.54倍,ー%
20260716,4038,ＥＡＪ,6063,東S,,974,-7,-0.71%,1,17.5倍,1.32倍,ー%
20260716,4039,旭精機,6111,名M,,"2,050",-4,-0.19%,1,157倍,0.33倍,2.93%
20260716,4040,高松機械,6155,東S,,513,0,0.00%,1,41.6倍,0.34倍,1.95%
20260716,4041,ミクロン,6159,東S,,"1,791",-4,-0.22%,1,18.3倍,0.58倍,0.67%
20260716,4042,ＧＭＯメディ,6180,東G,,"3,875",+140,+3.75%,1,12.0倍,2.44倍,5.42%
20260716,4043,フェニクスＢ,6190,東G,,347,-4,-1.14%,1,18.6倍,0.92倍,ー%
20260716,4044,ホープ,6195,東G,,219,+2,+0.92%,1,9.65倍,2.81倍,3.84%
20260716,4045,ツクルバ,2978,東G,,338,-7,-2.03%,1,ー倍,3.74倍,ー%
20260716,4046,ＡＬｉＮＫ,7077,東G,,"1,007",+3,+0.30%,1,40.4倍,1.30倍,ー%
20260716,4047,ユナイト,4486,東G,,652,-2,-0.31%,1,10.6倍,2.24倍,2.45%
20260716,4048,ひとまいる,7686,東S,,417,0,0.00%,1,18.7倍,2.44倍,4.80%
20260716,4049,ＷＤＢココ,7079,東G,,"2,610",+26,+1.01%,1,9.23倍,1.31倍,3.83%
20260716,4050,リグア,7090,東G,,800,+3,+0.38%,1,106倍,7.23倍,ー%
20260716,4051,アディッシュ,7093,東G,,500,-13,-2.53%,1,17.9倍,1.99倍,ー%
20260716,4052,インタファク,4057,東G,,355,-2,-0.56%,1,19.9倍,1.18倍,ー%
20260716,4053,まぐまぐ,4059,東S,,419,-1,-0.24%,1,83.5倍,1.40倍,ー%
20260716,4054,ｉＳ新興債Ｈ,2622,東Ｅ,,"1,715",+1,+0.06%,1,ー倍,ー倍,ー%
20260716,4055,クリーマ,4017,東G,,208,-3,-1.42%,1,45.2倍,1.22倍,ー%
20260716,4056,バルミューダ,6612,東G,,605,0,0.00%,1,517倍,2.04倍,ー%
20260716,4057,ビートレンド,4020,東G,,685,+2,+0.29%,1,ー倍,2.07倍,ー%
20260716,4058,ＧＸデジ日株,2626,東Ｅ,,"3,048",+17,+0.56%,1,ー倍,ー倍,ー%
20260716,4059,ベビカレ,7363,東G,,"1,060",+9,+0.86%,1,13.5倍,1.22倍,ー%
20260716,4060,表示灯,7368,東S,,"1,706",-2,-0.12%,1,9.94倍,0.94倍,3.81%
20260716,4061,ｉＦＥＧＢＡ,2629,東Ｅ,,"3,720",+19,+0.51%,1,ー倍,ー倍,ー%
20260716,4062,テンダ,4198,東S,,492,+4,+0.82%,1,40.8倍,1.26倍,4.47%
20260716,4063,ＧＸバイ日株,2639,東Ｅ,,"1,667",+17,+1.03%,1,ー倍,ー倍,ー%
20260716,4064,野村日セレ,2643,東Ｅ,,"4,296",ー,ー%,1,ー倍,ー倍,ー%
20260716,4065,野村米十債,2647,東Ｅ,,"6,027",+17,+0.28%,1,ー倍,ー倍,ー%
20260716,4066,野村米十債Ｈ,2648,東Ｅ,,"3,376",+12,+0.36%,1,ー倍,ー倍,ー%
20260716,4067,日本調理機,2961,東S,,"6,300",ー,ー%,1,14.1倍,0.92倍,2.86%
20260716,4068,ＧＸフィ日株,2836,東Ｅ,,"3,168",+168,+5.60%,1,ー倍,ー倍,ー%
20260716,4069,ＹＣＰ,9257,東G,,599,-11,-1.80%,1,ー倍,ー倍,ー%
20260716,4070,ハイブリッド,4260,東G,,227,-3,-1.30%,1,"2,522倍",1.25倍,ー%
20260716,4071,Ｊクラフト,7135,東S,,220,-1,-0.45%,1,46.1倍,2.22倍,1.36%
20260716,4072,ＡＳＮＯＶＡ,9223,東G,,404,+1,+0.25%,1,ー倍,1.69倍,0.50%
20260716,4073,ＨＯＵＳＥＩ,5035,東G,,365,-9,-2.41%,1,14.4倍,0.79倍,0.82%
20260716,4074,クラシコム,7110,東G,,"2,030",-18,-0.88%,1,15.5倍,2.55倍,2.71%
20260716,4075,野村独株Ｈ有,2860,東Ｅ,,"3,142",-20,-0.63%,1,ー倍,ー倍,ー%
