日付,順位,銘柄名,コード,市場,状態,株価,前日差,騰落率,売買代金,PER,PBR,配当利回り
20260812,1,キオクシア,285A,東P,,"49,870","+1,860",+3.87%,"1,925,351",ー倍,11.0倍,ー%
20260812,2,フジクラ,5803,東P,,"5,800",+220,+3.94%,"404,776",29.5倍,15.8倍,0.66%
20260812,3,太陽誘電,6976,東P,,"10,265",+717,+7.51%,"294,209",46.1倍,3.63倍,0.88%
20260812,4,アドテスト,6857,東P,,"34,550",+290,+0.85%,"251,662",37.8倍,23.9倍,ー%
20260812,5,村田製,6981,東P,,"7,538",+236,+3.23%,"184,128",40.6倍,4.97倍,0.93%
20260812,6,イビデン,4062,東P,,"20,480",+600,+3.02%,"161,354",68.5倍,10.0倍,0.17%
20260812,7,日経レバ,1570,東Ｅ,,"72,650","+1,260",+1.76%,"160,204",ー倍,ー倍,ー%
20260812,8,東エレク,8035,東P,,"58,230","+1,480",+2.61%,"157,238",ー倍,12.4倍,ー%
20260812,9,古河電,5801,東P,,"4,222",+270,+6.83%,"150,240",28.3倍,6.80倍,0.52%
20260812,10,リクルート,6098,東P,,"16,660",+495,+3.06%,"149,663",30.6倍,13.0倍,0.16%
20260812,11,任天堂,7974,東P,,"8,488",+223,+2.70%,"145,560",31.6倍,3.35倍,1.91%
20260812,12,三菱ＵＦＪ,8306,東P,,"3,606.0",+96.0,+2.74%,"143,074",15.0倍,1.79倍,2.66%
20260812,13,レーザーテク,6920,東P,,"38,980",-610,-1.54%,"142,567",38.8倍,14.2倍,0.90%
20260812,14,ＳＢＧ,9984,東P,,"5,520",+36,+0.66%,"139,550",ー倍,1.71倍,0.20%
20260812,15,サンリオ,8136,東P,,"1,191.0",-263.5,-18.12%,"107,030",22.6倍,8.85倍,1.34%
20260812,16,ディスコ,6146,東P,,"62,960",-20,-0.03%,"93,216",ー倍,11.8倍,ー%
20260812,17,三井住友ＦＧ,8316,東P,,"6,857",+228,+3.44%,"84,517",15.3倍,1.61倍,2.63%
20260812,18,ファストリ,9983,東P,,"78,050",-670,-0.85%,"78,266",47.9倍,8.78倍,0.82%
20260812,19,みずほＦＧ,8411,東P,,"8,502",+258,+3.13%,"76,097",14.8倍,1.79倍,1.76%
20260812,20,三井金属,5706,東P,,"29,000","+1,145",+4.11%,"75,802",20.7倍,3.93倍,0.97%
20260812,21,トヨタ,7203,東P,,"2,999.5",+18.5,+0.62%,"70,235",10.9倍,0.95倍,3.33%
20260812,22,日立,6501,東P,,"5,669",+49,+0.87%,"65,265",28.1倍,3.85倍,ー%
20260812,23,レゾナック,4004,東P,,"17,410","+1,075",+6.58%,"63,800",29.3倍,4.19倍,0.37%
20260812,24,三菱重,7011,東P,,"4,094",+90,+2.25%,"62,444",36.2倍,4.34倍,0.71%
20260812,25,ソニーＧ,6758,東P,,"3,762",-2,-0.05%,"61,539",18.2倍,2.63倍,0.93%
20260812,26,ＪＸ金属,5016,東P,,"3,900",+55,+1.43%,"61,136",24.7倍,5.43倍,0.51%
20260812,27,住友電,5802,東P,,"2,270.0",+109.0,+5.04%,"61,012",20.8倍,2.50倍,1.72%
20260812,28,コクサイエレ,6525,東P,,"8,657",+651,+8.13%,"60,325",36.4倍,8.98倍,0.75%
20260812,29,キーエンス,6861,東P,,"87,200","+2,200",+2.59%,"57,839",ー倍,5.96倍,0.63%
20260812,30,住友鉱,5713,東P,,"9,684",-381,-3.79%,"53,978",12.0倍,1.22倍,2.14%
20260812,31,楽天グループ,4755,東P,,745.0,-119.0,-13.77%,"52,218",ー倍,1.78倍,ー%
20260812,32,パナＨＤ,6752,東P,,"4,574",+138,+3.11%,"52,207",23.7倍,1.98倍,1.18%
20260812,33,ＩＨＩ,7013,東P,,"2,896.5",+137.5,+4.98%,"48,187",17.9倍,4.41倍,0.79%
20260812,34,ファナック,6954,東P,,"6,720",+213,+3.27%,"47,510",31.7倍,3.31倍,ー%
20260812,35,ＳＵＭＣＯ,3436,東P,,"3,647.0",+160.0,+4.59%,"46,794",ー倍,2.24倍,ー%
20260812,36,スクリン,7735,東P,,"13,745",+570,+4.33%,"41,427",22.6倍,5.23倍,1.33%
20260812,37,ダイキン,6367,東P,,"21,570",-655,-2.95%,"41,057",21.6倍,2.01倍,1.67%
20260812,38,信越化,4063,東P,,"6,410",+124,+1.97%,"40,005",22.2倍,2.56倍,1.81%
20260812,39,川重,7012,東P,,"2,775.0",+81.0,+3.01%,"39,417",21.1倍,2.74倍,1.44%
20260812,40,ＮＴＴ,9432,東P,,158.4,-1.5,-0.94%,"38,370",13.1倍,1.30倍,3.41%
20260812,41,ＮＥＣ,6701,東P,,"4,913",+25,+0.51%,"36,174",ー倍,2.92倍,0.81%
20260812,42,ルネサス,6723,東P,,"3,806",-19,-0.50%,"34,593",ー倍,2.44倍,ー%
20260812,43,富士フイルム,4901,東P,,"3,198.0",+36.0,+1.14%,"34,428",13.7倍,0.98倍,2.35%
20260812,44,三菱商,8058,東P,,"4,856",+7,+0.14%,"30,656",16.2倍,1.85倍,2.57%
20260812,45,東京海上,8766,東P,,"7,751",-1,-0.01%,"30,494",17.6倍,1.79倍,3.16%
20260812,46,ＫＤＤＩ,9433,東P,,"2,833.0",+3.0,+0.11%,"30,087",14.7倍,2.10倍,2.97%
20260812,47,アシックス,7936,東P,,"4,796",-250,-4.95%,"29,505",30.9倍,10.8倍,0.79%
20260812,48,ホンダ,7267,東P,,"1,664.5",-27.5,-1.63%,"28,656",16.2倍,0.52倍,4.21%
20260812,49,ＩＮＰＥＸ,1605,東P,,"3,717.0",+105.0,+2.91%,"28,570",8.47倍,0.85倍,3.01%
20260812,50,三菱電,6503,東P,,"5,892",+48,+0.82%,"28,477",24.4倍,2.64倍,1.02%
20260812,51,日東紡,3110,東P,,"3,050",+235,+8.35%,"28,126",27.8倍,3.13倍,0.92%
20260812,52,ブリヂストン,5108,東P,,"4,229",-91,-2.11%,"27,693",15.4倍,1.38倍,2.96%
20260812,53,味の素,2802,東P,,"5,456",+184,+3.49%,"26,830",42.1倍,6.71倍,0.92%
20260812,54,菱地所,8802,東P,,"3,684",-33,-0.89%,"26,634",18.8倍,1.63倍,1.33%
20260812,55,日本製鉄,5401,東P,,690.9,+1.5,+0.22%,"26,148",12.5倍,0.64倍,3.47%
20260812,56,鹿島,1812,東P,,"4,868",-34,-0.69%,"25,921",13.1倍,1.63倍,3.00%
20260812,57,三井物,8031,東P,,"4,900",+20,+0.41%,"25,237",15.1倍,1.55倍,2.86%
20260812,58,ＪＴ,2914,東P,,"7,026",-69,-0.97%,"24,774",19.4倍,2.84倍,3.87%
20260812,59,エムスリー,2413,東P,,"1,631.5",+93.5,+6.08%,"24,636",20.6倍,2.68倍,ー%
20260812,60,ＨＯＹＡ,7741,東P,,"26,010",-240,-0.91%,"24,591",ー倍,8.57倍,ー%
20260812,61,富士通,6702,東P,,"3,701",-18,-0.48%,"24,147",20.7倍,3.15倍,1.49%
20260812,62,日本マイクロ,6871,東P,,"13,950",+60,+0.43%,"24,013",23.5倍,5.92倍,1.28%
20260812,63,オリックス,8591,東P,,"6,351",+79,+1.26%,"23,501",13.1倍,1.47倍,2.95%
20260812,64,日経Ｄインバ,1357,東Ｅ,,"2,643",-46,-1.71%,"22,904",ー倍,ー倍,ー%
20260812,65,豊田通商,8015,東P,,"7,204",-176,-2.38%,"22,713",15.7倍,2.61倍,1.74%
20260812,66,ＴＤＫ,6762,東P,,"3,114.0",+69.0,+2.27%,"22,508",26.3倍,2.57倍,1.28%
20260812,67,伊藤忠,8001,東P,,"2,096.0",+5.5,+0.26%,"22,462",15.4倍,2.16倍,2.10%
20260812,68,三井不,8801,東P,,"1,451.5",-13.0,-0.89%,"22,181",13.7倍,1.20倍,2.55%
20260812,69,丸紅,8002,東P,,"5,016",+66,+1.33%,"22,058",14.1倍,1.83倍,2.29%
20260812,70,三菱マ,5711,東P,,"5,290",+178,+3.48%,"21,777",4.94倍,0.89倍,2.19%
20260812,71,りそなＨＤ,8308,東P,,"2,344.0",+71.0,+3.12%,"21,750",15.9倍,1.74倍,1.58%
20260812,72,安川電,6506,東P,,"5,454",+89,+1.66%,"21,301",30.1倍,2.92倍,1.32%
20260812,73,浜ゴム,5101,東P,,"7,693",+209,+2.79%,"21,135",10.4倍,1.08倍,2.90%
20260812,74,バンナムＨＤ,7832,東P,,"5,362",-67,-1.23%,"20,910",26.5倍,3.88倍,ー%
20260812,75,荏原,6361,東P,,"5,723",+144,+2.58%,"19,872",26.2倍,5.03倍,1.15%
20260812,76,ゆうちょ銀,7182,東P,,"3,142.0",+55.0,+1.78%,"18,542",17.0倍,1.21倍,2.96%
20260812,77,住友商,8053,東P,,"1,781.5",-4.0,-0.22%,"18,423",13.4倍,1.78倍,2.25%
20260812,78,武田,4502,東P,,"5,562",-20,-0.36%,"18,193",53.5倍,1.18倍,3.67%
20260812,79,コマツ,6301,東P,,"7,349",-97,-1.30%,"18,186",18.7倍,1.86倍,2.59%
20260812,80,ＳＭＣ,6273,東P,,"78,320",-20,-0.03%,"18,026",28.9倍,2.28倍,1.28%
20260812,81,三井住友トラ,8309,東P,,"1,705.0",+26.5,+1.58%,"17,599",12.4倍,1.28倍,2.79%
20260812,82,精工技研,6834,東S,,"23,700","+2,630",+12.48%,"17,474",23.0倍,5.95倍,0.63%
20260812,83,テルモ,4543,東P,,"2,598.5",+23.0,+0.89%,"17,418",19.9倍,2.31倍,1.39%
20260812,84,花王,4452,東P,,"3,689",-49,-1.31%,"16,977",24.7倍,2.98倍,2.11%
20260812,85,第一ライフ,8750,東P,,"1,877.0",+37.5,+2.04%,"16,886",13.2倍,1.48倍,3.84%
20260812,86,ＭＳ＆ＡＤ,8725,東P,,"4,855",+26,+0.54%,"16,576",16.4倍,1.08倍,3.50%
20260812,87,スクエニＨＤ,9684,東P,,"2,974.0",+103.0,+3.59%,"16,505",34.6倍,3.03倍,1.45%
20260812,88,ＳＯＭＰＯ,8630,東P,,"6,984",+25,+0.36%,"16,301",12.7倍,1.20倍,2.86%
20260812,89,セブン＆アイ,3382,東P,,"2,060.5",-25.0,-1.20%,"16,095",15.7倍,1.19倍,2.91%
20260812,90,中外薬,4519,東P,,"7,184",+72,+1.01%,"16,016",ー倍,5.83倍,1.84%
20260812,91,ＤＩＣ,4631,東P,,"5,631",+253,+4.70%,"15,915",11.1倍,1.05倍,2.66%
20260812,92,商船三井,9104,東P,,"6,166",-113,-1.80%,"15,860",8.83倍,0.71倍,3.32%
20260812,93,ローム,6963,東P,,"4,793",+83,+1.76%,"15,761",63.8倍,2.39倍,1.04%
20260812,94,ＳＢ,9434,東P,,229.3,+0.9,+0.39%,"15,641",19.9倍,4.16倍,3.84%
20260812,95,ＯＬＣ,4661,東P,,"2,983.0",-34.0,-1.13%,"15,442",43.0倍,4.34倍,0.54%
20260812,96,キヤノン,7751,東P,,"4,564",-64,-1.38%,"15,284",11.3倍,1.10倍,3.51%
20260812,97,東電ＨＤ,9501,東P,,516.6,-4.9,-0.94%,"15,242",ー倍,0.35倍,ー%
20260812,98,第一三共,4568,東P,,"2,805.0",0,0.00%,"15,182",20.3倍,3.00倍,3.57%
20260812,99,大塚ＨＤ,4578,東P,,"12,250",-310,-2.47%,"14,886",18.1倍,1.99倍,1.63%
20260812,100,スズキ,7269,東P,,"2,006.0",-22.0,-1.08%,"14,561",9.21倍,1.09倍,2.54%
20260812,101,アステラス,4503,東P,,"2,356.0",-7.0,-0.30%,"14,487",14.1倍,2.17倍,3.40%
20260812,102,ヤマハ発,7272,東P,,"1,900.0",-22.0,-1.14%,"14,452",10.9倍,1.47倍,2.63%
20260812,103,Ｆ＆ＬＣ,3563,東P,,"5,770",-158,-2.67%,"14,277",41.6倍,10.5倍,0.35%
20260812,104,サイバー,4751,東P,,"1,247.5",-1.5,-0.12%,"14,271",15.4倍,3.09倍,1.60%
20260812,105,郵船,9101,東P,,"6,128",-29,-0.47%,"13,821",10.3倍,0.79倍,3.92%
20260812,106,キリンＨＤ,2503,東P,,"3,068.0",+78.5,+2.63%,"13,803",15.2倍,1.79倍,2.48%
20260812,107,菱ガス化,4182,東P,,"4,050",+235,+6.16%,"13,463",14.4倍,1.19倍,2.72%
20260812,108,ユニチカ,3103,東S,,"1,102",-87,-7.32%,"13,462",13.4倍,1.90倍,ー%
20260812,109,京セラ,6971,東P,,"3,790",-32,-0.84%,"13,366",30.5倍,1.47倍,1.48%
20260812,110,良品計画,7453,東P,,"4,495",-31,-0.68%,"13,316",35.6倍,6.01倍,0.71%
20260812,111,イオン,8267,東P,,"1,393.5",+4.0,+0.29%,"13,309",52.8倍,3.19倍,1.08%
20260812,112,ニトリＨＤ,9843,東P,,"2,941.5",-158.5,-5.11%,"13,246",18.3倍,1.65倍,1.09%
20260812,113,資生堂,4911,東P,,"3,479.0",-132.0,-3.66%,"13,137",33.1倍,2.18倍,1.72%
20260812,114,ソシオネクス,6526,東P,,"1,963.5",-4.5,-0.23%,"13,122",34.4倍,2.68倍,2.55%
20260812,115,野村総研,4307,東P,,"4,982",+10,+0.20%,"13,072",23.4倍,7.47倍,1.69%
20260812,116,旭化成,3407,東P,,"1,734.0",+53.0,+3.15%,"12,882",14.5倍,1.10倍,2.54%
20260812,117,ローツェ,6323,東P,,"4,100",+61,+1.51%,"12,796",25.6倍,5.20倍,0.49%
20260812,118,メイコー,6787,東P,,"17,970","+1,060",+6.27%,"12,776",17.3倍,3.57倍,0.89%
20260812,119,ＳＵＢＡＲＵ,7270,東P,,"2,582.5",-32.5,-1.24%,"12,720",14.0倍,0.66倍,4.49%
20260812,120,野村日経平均,1321,東Ｅ,,"69,940",+620,+0.89%,"12,641",ー倍,ー倍,ー%
20260812,121,川崎汽,9107,東P,,"2,871.0",-8.0,-0.28%,"12,610",12.7倍,0.99倍,4.18%
20260812,122,ラインヤフー,4689,東P,,499.7,+11.4,+2.33%,"12,602",ー倍,1.14倍,2.20%
20260812,123,ミネベア,6479,東P,,"3,753",+27,+0.72%,"12,597",17.3倍,1.63倍,1.60%
20260812,124,日産自,7201,東P,,336.1,-13.9,-3.97%,"12,534",58.8倍,0.24倍,ー%
20260812,125,デンソー,6902,東P,,"1,940.5",+2.5,+0.13%,"12,428",12.7倍,0.95倍,3.81%
20260812,126,野村,8604,東P,,"1,566.0",+16.0,+1.03%,"12,195",ー倍,1.19倍,ー%
20260812,127,セイコーＧ,8050,東P,,"11,240",+570,+5.34%,"12,133",32.8倍,4.84倍,0.93%
20260812,128,コナミＧ,9766,東P,,"21,660",0,0.00%,"12,124",29.1倍,5.06倍,1.03%
20260812,129,ＮＸＨＤ,9147,東P,,"5,668",+93,+1.67%,"12,018",19.2倍,1.61倍,1.76%
20260812,130,アサヒ,2502,東P,,"1,679.0",-7.0,-0.42%,"11,994",12.7倍,0.82倍,3.39%
20260812,131,ＣＫＤ,6407,東P,,"6,170",+140,+2.32%,"11,755",21.7倍,2.57倍,1.82%
20260812,132,ＥＮＥＯＳ,5020,東P,,"1,281.5",+14.0,+1.10%,"11,640",8.21倍,0.91倍,2.65%
20260812,133,オムロン,6645,東P,,"6,850",-24,-0.35%,"11,612",33.3倍,1.62倍,1.61%
20260812,134,パンパシＨＤ,7532,東P,,930.0,+3.6,+0.39%,"11,406",26.2倍,4.10倍,0.91%
20260812,135,芝浦,6590,東P,,"4,340",+55,+1.28%,"11,295",23.9倍,5.31倍,1.47%
20260812,136,ＴＯＷＡ,6315,東P,,"2,541",0,0.00%,"11,268",27.2倍,2.52倍,0.94%
20260812,137,オリンパス,7733,東P,,"2,075.5",-23.0,-1.10%,"11,119",21.6倍,2.95倍,1.45%
20260812,138,ダイフク,6383,東P,,"6,190",+36,+0.58%,"11,045",26.6倍,4.59倍,1.45%
20260812,139,ＭＡＲＵＷＡ,5344,東P,,"60,670","+1,910",+3.25%,"10,966",ー倍,4.95倍,0.18%
20260812,140,ＪＲ東海,9022,東P,,"3,821",-25,-0.65%,"10,737",8.12倍,0.70倍,0.84%
20260812,141,セコム,9735,東P,,"6,549",+209,+3.30%,"10,731",24.7倍,2.00倍,1.83%
20260812,142,メック,4971,東P,,"7,690","-1,290",-14.37%,"10,724",23.4倍,3.89倍,1.43%
20260812,143,住友不,8830,東P,,"3,406.0",-9.0,-0.26%,"10,700",14.1倍,1.23倍,1.53%
20260812,144,富士電機,6504,東P,,"14,490",-140,-0.96%,"10,545",19.0倍,2.67倍,ー%
20260812,145,清水建,1803,東P,,"2,382.0",+7.5,+0.32%,"10,408",9.77倍,1.59倍,3.23%
20260812,146,カプコン,9697,東P,,"4,147",-76,-1.80%,"10,127",29.9倍,6.06倍,1.11%
20260812,147,楽天銀,5838,東P,,"5,690",+38,+0.67%,"10,079",11.3倍,2.53倍,ー%
20260812,148,テラドローン,278A,東G,,"12,760",+630,+5.19%,"10,026",ー倍,28.0倍,ー%
20260812,149,塩野義,4507,東P,,"2,821.0",-21.0,-0.74%,"9,781",11.4倍,1.35倍,2.69%
20260812,150,日経ベア２,1360,東Ｅ,,64.9,-1.1,-1.67%,"9,753",ー倍,ー倍,ー%
20260812,151,ＪＦＥ,5411,東P,,"1,822.5",-22.5,-1.22%,"9,617",7.73倍,0.44倍,4.39%
20260812,152,野村日半導,200A,東Ｅ,,"4,448",+84,+1.92%,"9,596",ー倍,ー倍,ー%
20260812,153,東応化,4186,東P,,"9,336",+311,+3.45%,"9,525",26.3倍,4.52倍,0.86%
20260812,154,ソニーＦＧ,8729,東P,,154.4,-1.9,-1.22%,"9,445",45.0倍,1.18倍,5.18%
20260812,155,東レ,3402,東P,,"1,359.5",-14.0,-1.02%,"9,394",22.0倍,1.09倍,1.91%
20260812,156,四国化ＨＤ,4099,東P,,"2,893",-19,-0.65%,"9,348",19.9倍,2.45倍,1.38%
20260812,157,ＴＯＰＰＡＮ,7911,東P,,"4,918",+102,+2.12%,"9,319",25.0倍,1.00倍,1.18%
20260812,158,大和ハウス,1925,東P,,"4,610",+47,+1.03%,"9,240",10.7倍,0.98倍,3.86%
20260812,159,フェローテク,6890,東S,,"8,940",-100,-1.11%,"9,192",ー倍,1.86倍,2.98%
20260812,160,ＳＢＩ,8473,東P,,"3,066.0",+58.0,+1.93%,"9,180",ー倍,1.06倍,ー%
20260812,161,日東電,6988,東P,,"3,575.0",+20.0,+0.56%,"9,134",16.7倍,2.06倍,1.79%
20260812,162,サンコール,5985,東S,,"1,994",+244,+13.94%,"9,042",9.59倍,1.71倍,1.76%
20260812,163,クボタ,6326,東P,,"2,704.0",-59.0,-2.14%,"8,995",10.5倍,1.09倍,1.92%
20260812,164,日本郵政,6178,東P,,"2,362.0",+27.5,+1.18%,"8,908",17.0倍,0.65倍,2.54%
20260812,165,積水ハウス,1928,東P,,"3,422.0",-3.0,-0.09%,"8,896",10.2倍,1.03倍,4.24%
20260812,166,ラウンドワン,4680,東P,,"1,269.5",-95.5,-7.00%,"8,889",18.3倍,3.89倍,1.42%
20260812,167,大和,8601,東P,,"1,806.5",+18.0,+1.01%,"8,788",ー倍,1.40倍,2.44%
20260812,168,ＱＤレーザ,6613,東G,,"1,735",-225,-11.48%,"8,685",165倍,14.9倍,ー%
20260812,169,ＴＨＫ,6481,東P,,"7,244",+227,+3.24%,"8,643",14.8倍,2.94倍,2.69%
20260812,170,ハーモニック,6324,東P,,"6,400",+20,+0.31%,"8,626",101倍,7.45倍,0.31%
20260812,171,ＪＲ東日本,9020,東P,,"3,454.0",+1.0,+0.03%,"8,559",15.3倍,1.27倍,2.43%
20260812,172,ゼンショＨＤ,7550,東P,,"11,340",-255,-2.20%,"8,558",34.5倍,6.45倍,0.71%
20260812,173,Ｔ＆Ｄ,8795,東P,,"4,913",+66,+1.36%,"8,522",17.3倍,1.40倍,3.34%
20260812,174,ＪＲ西日本,9021,東P,,"2,861.0",-8.0,-0.28%,"8,499",13.0倍,1.06倍,3.41%
20260812,175,純金信託,1540,東Ｅ,,"21,050",+335,+1.62%,"8,358",ー倍,ー倍,ー%
20260812,176,ベイカレント,6532,東P,,"7,379",-14,-0.19%,"8,347",22.6倍,9.87倍,1.76%
20260812,177,堀場製,6856,東P,,"24,675",-205,-0.82%,"8,134",20.7倍,2.84倍,3.20%
20260812,178,日経ブル２,1579,東Ｅ,,784.9,+13.7,+1.78%,"8,109",ー倍,ー倍,ー%
20260812,179,シスメックス,6869,東P,,"1,936.0",-44.0,-2.22%,"8,087",31.5倍,2.40倍,2.07%
20260812,180,メルカリ,4385,東P,,"4,733",-109,-2.25%,"8,087",ー倍,5.71倍,ー%
20260812,181,ＳＷＣＣ,5805,東P,,"13,580",-80,-0.59%,"7,986",17.5倍,3.98倍,2.29%
20260812,182,大成建,1801,東P,,"12,835",+200,+1.58%,"7,977",13.9倍,2.24倍,2.96%
20260812,183,東京精,7729,東P,,"18,460",+365,+2.02%,"7,881",24.3倍,3.94倍,1.65%
20260812,184,大林組,1802,東P,,"3,027.0",+9.0,+0.30%,"7,564",13.3倍,1.67倍,3.11%
20260812,185,ユニチャーム,8113,東P,,"1,003.0",-27.5,-2.67%,"7,550",24.7倍,2.13倍,2.19%
20260812,186,ＡＧＣ,5201,東P,,"5,900",+27,+0.46%,"7,541",16.3倍,0.82倍,3.56%
20260812,187,リガクＨＤ,268A,東P,,"2,086",+140,+7.19%,"7,527",37.8倍,5.30倍,0.91%
20260812,188,三井Ｅ＆Ｓ,7003,東P,,"4,263",+53,+1.26%,"7,480",13.9倍,1.92倍,1.41%
20260812,189,ＧＯ,581A,東G,,"3,605",-40,-1.10%,"7,473",26.2倍,11.8倍,ー%
20260812,190,三越伊勢丹,3099,東P,,"3,677.0",+32.0,+0.88%,"7,456",20.8倍,2.07倍,2.18%
20260812,191,エプソン,6724,東P,,"3,129.0",-136.0,-4.17%,"7,447",14.5倍,1.16倍,2.56%
20260812,192,アストロＨＤ,186A,東G,,"1,296",+67,+5.45%,"7,405",ー倍,24.0倍,ー%
20260812,193,ネクソン,3659,東P,,"2,526.5",+57.5,+2.33%,"7,404",ー倍,1.85倍,2.37%
20260812,194,栗田工,6370,東P,,"8,532",+15,+0.18%,"7,398",18.1倍,2.74倍,1.57%
20260812,195,日立建機,6305,東P,,"5,684",+104,+1.86%,"7,372",14.4倍,1.31倍,3.34%
20260812,196,楽天Ｗブル,1458,東Ｅ,,"86,770","+1,570",+1.84%,"7,231",ー倍,ー倍,ー%
20260812,197,中部電,9502,東P,,"2,729.0",+68.0,+2.56%,"7,227",12.9倍,0.65倍,2.57%
20260812,198,エーザイ,4523,東P,,"4,988",+39,+0.79%,"7,138",26.9倍,1.55倍,3.21%
20260812,199,フルヤ金属,7826,東P,,"8,700",+140,+1.64%,"7,118",12.1倍,2.73倍,2.07%
20260812,200,サントリＢＦ,2587,東P,,"4,639",0,0.00%,"6,930",16.1倍,1.06倍,2.59%
20260812,201,アマダ,6113,東P,,"2,739.5",-25.5,-0.92%,"6,878",24.8倍,1.58倍,2.34%
20260812,202,ＪＡＬ,9201,東P,,"3,036.0",-18.0,-0.59%,"6,776",11.9倍,0.90倍,3.16%
20260812,203,東洋エンジ,6330,東P,,"2,270",-31,-1.35%,"6,736",22.2倍,3.42倍,1.10%
20260812,204,ＡＮＡＨＤ,9202,東P,,"3,078.0",-27.0,-0.87%,"6,735",14.2倍,1.11倍,1.95%
20260812,205,住友林,1911,東P,,"1,345.0",+7.5,+0.56%,"6,732",13.8倍,0.75倍,3.72%
20260812,206,シマノ,7309,東P,,"20,320",+60,+0.30%,"6,720",40.0倍,1.97倍,1.79%
20260812,207,ヨネックス,7906,東S,,"2,820",+190,+7.22%,"6,619",17.0倍,2.82倍,0.99%
20260812,208,ＴＯＹＯ,5105,東P,,"3,764",-16,-0.42%,"6,550",7.48倍,0.84倍,3.59%
20260812,209,ＮＧＫ,5333,東P,,"5,763",+73,+1.28%,"6,534",19.8倍,2.01倍,1.84%
20260812,210,三菱ＨＣキャ,8593,東P,,"1,409.5",+24.5,+1.77%,"6,523",12.6倍,1.01倍,3.62%
20260812,211,特殊陶,5334,東P,,"9,633",-52,-0.54%,"6,496",17.9倍,2.22倍,2.18%
20260812,212,大日印,7912,東P,,"3,244.0",+38.0,+1.19%,"6,465",14.6倍,1.13倍,1.26%
20260812,213,ミスミＧ,9962,東P,,"3,687.0",-10.0,-0.27%,"6,460",21.6倍,2.52倍,1.61%
20260812,214,ふくおかＦＧ,8354,東P,,"7,521",+259,+3.57%,"6,440",14.2倍,1.26倍,2.79%
20260812,215,東ガス,9531,東P,,"6,033",+118,+1.99%,"6,429",14.5倍,1.15倍,1.99%
20260812,216,電子材料,6855,東S,,"6,690",+110,+1.67%,"6,393",14.6倍,2.11倍,1.49%
20260812,217,千葉銀,8331,東P,,"2,747.0",+73.0,+2.73%,"6,373",17.8倍,1.48倍,2.33%
20260812,218,ＡＩメカ,6227,東S,,"6,470",-120,-1.82%,"6,318",24.5倍,8.40倍,0.34%
20260812,219,マクドナルド,2702,東S,,"7,890",-30,-0.38%,"6,318",30.0倍,3.58倍,0.81%
20260812,220,データセク,3905,東G,,"1,859",+81,+4.56%,"6,291",6.81倍,3.20倍,ー%
20260812,221,三井海洋,6269,東P,,"9,898",+244,+2.53%,"6,283",11.7倍,2.53倍,2.02%
20260812,222,ニデック,6594,東P,,"2,734",-25,-0.91%,"6,147",ー倍,1.78倍,ー%
20260812,223,共立メンテ,9616,東P,,"3,358.0",-37.0,-1.09%,"6,123",17.0倍,2.08倍,1.37%
20260812,224,ＤＯＷＡ,5714,東P,,"9,499",-45,-0.47%,"6,069",9.86倍,1.22倍,3.56%
20260812,225,きんでん,1944,東P,,"6,822",+117,+1.74%,"6,068",16.0倍,2.59倍,3.52%
20260812,226,ＳＢＩ新生銀,8303,東P,,"1,579.5",+35.0,+2.27%,"6,041",ー倍,1.14倍,ー%
20260812,227,ＦＵＪＩ,6134,東P,,"8,107",+46,+0.57%,"6,029",16.2倍,2.94倍,2.34%
20260812,228,西武ＨＤ,9024,東P,,"3,412.0",+181.0,+5.60%,"5,978",32.1倍,1.51倍,1.23%
20260812,229,トレンド,4704,東P,,"6,966",+50,+0.72%,"5,965",24.7倍,8.14倍,ー%
20260812,230,三菱ケミＧ,4188,東P,,"1,246.5",+14.0,+1.14%,"5,929",13.3倍,0.93倍,2.57%
20260812,231,日本取引所,8697,東P,,"2,252.0",-8.0,-0.35%,"5,897",23.3倍,7.14倍,3.42%
20260812,232,双日,2768,東P,,"5,594",-86,-1.51%,"5,846",8.95倍,1.02倍,3.22%
20260812,233,オープンＨ,3288,東P,,"8,278",+217,+2.69%,"5,827",7.69倍,1.55倍,2.48%
20260812,234,ブラザー,6448,東P,,"4,684",+114,+2.49%,"5,779",14.9倍,1.43倍,2.13%
20260812,235,しずおかＦＧ,5831,東P,,"3,402.0",+54.0,+1.61%,"5,769",15.5倍,1.39倍,3.17%
20260812,236,電通グループ,4324,東P,,"3,800",+26,+0.69%,"5,769",14.2倍,2.36倍,ー%
20260812,237,野村マイクロ,6254,東P,,"3,985",+165,+4.32%,"5,747",13.8倍,4.06倍,2.13%
20260812,238,大ガス,9532,東P,,"5,553",+135,+2.49%,"5,718",14.5倍,1.15倍,2.34%
20260812,239,近鉄ＧＨＤ,9041,東P,,"3,567.0",+6.0,+0.17%,"5,701",14.4倍,1.09倍,1.96%
20260812,240,マツダ,7261,東P,,"1,165.5",-15.5,-1.31%,"5,700",8.17倍,0.38倍,4.72%
20260812,241,関電工,1942,東P,,"5,422",+125,+2.36%,"5,573",16.6倍,2.80倍,2.40%
20260812,242,大塚商会,4768,東P,,"3,420.0",-21.0,-0.61%,"5,571",20.0倍,3.13倍,3.07%
20260812,243,住友化,4005,東P,,525.9,+6.2,+1.19%,"5,566",12.5倍,0.79倍,3.04%
20260812,244,マキタ,6586,東P,,"5,435",-5,-0.09%,"5,554",17.3倍,1.39倍,ー%
20260812,245,出光興産,5019,東P,,"1,297.0",+2.5,+0.19%,"5,540",20.7倍,0.94倍,2.78%
20260812,246,かんぽ生命,7181,東P,,"1,650.0",+24.0,+1.48%,"5,530",12.7倍,0.38倍,3.03%
20260812,247,キッコマン,2801,東P,,"1,768.5",-4.5,-0.25%,"5,525",26.7倍,2.85倍,1.41%
20260812,248,横河電,6841,東P,,"5,473",+20,+0.37%,"5,509",23.4倍,2.71倍,1.68%
20260812,249,明治ＨＤ,2269,東P,,"4,187",-3,-0.07%,"5,495",18.2倍,1.47倍,2.63%
20260812,250,ホトニクス,6965,東P,,"2,450.0",+52.5,+2.19%,"5,469",40.4倍,2.23倍,1.55%
20260812,251,オービック,4684,東P,,"4,625",+28,+0.61%,"5,464",24.3倍,4.04倍,2.03%
20260812,252,日産化,4021,東P,,"7,923",+86,+1.10%,"5,437",20.5倍,4.21倍,2.68%
20260812,253,すかいらーく,3197,東P,,"3,200.0",-45.0,-1.39%,"5,437",37.3倍,3.83倍,0.81%
20260812,254,住友ベ,4203,東P,,"7,780",+171,+2.25%,"5,359",24.0倍,1.90倍,1.54%
20260812,255,横浜ＦＧ,7186,東P,,"1,874.5",+37.0,+2.01%,"5,351",16.2倍,1.43倍,2.51%
20260812,256,いすゞ,7202,東P,,"2,274.0",-37.5,-1.62%,"5,331",9.77倍,1.04倍,4.13%
20260812,257,関電化,4047,東P,,"2,634",-152,-5.46%,"5,296",19.9倍,1.99倍,1.37%
20260812,258,ＵＢＥ,4208,東P,,"3,650.0",+96.0,+2.70%,"5,276",14.5倍,0.81倍,4.38%
20260812,259,マツキヨココ,3088,東P,,"2,515.5",-41.0,-1.60%,"5,252",16.8倍,1.84倍,2.23%
20260812,260,ユニオンツル,6278,東P,,"16,580",-320,-1.89%,"5,153",26.3倍,2.70倍,0.90%
20260812,261,アイシン,7259,東P,,"2,234.0",-7.0,-0.31%,"5,074",10.5倍,0.74倍,3.36%
20260812,262,ヒューリック,3003,東P,,"1,747.5",+13.0,+0.75%,"5,071",11.0倍,1.40倍,3.83%
20260812,263,サッポロ,2501,東P,,"2,034.0",+84.0,+4.31%,"5,057",2.68倍,1.55倍,1.97%
20260812,264,大東建,1878,東P,,"3,252.0",+2.0,+0.06%,"5,021",9.82倍,2.13倍,5.01%
20260812,265,住友重,6302,東P,,"5,994",+63,+1.06%,"4,990",20.3倍,1.01倍,2.42%
20260812,266,日触媒,4114,東P,,"2,658.5",+65.5,+2.53%,"4,957",19.2倍,0.98倍,5.27%
20260812,267,ＰｏｗｅｒＸ,485A,東G,,"1,882",+26,+1.40%,"4,945",173倍,30.9倍,ー%
20260812,268,ロート,4527,東P,,"2,850.0",+22.0,+0.78%,"4,869",18.3倍,2.08倍,1.75%
20260812,269,関西電,9503,東P,,"2,372.0",+11.0,+0.47%,"4,857",8.53倍,0.74倍,3.37%
20260812,270,ＴＯＴＯ,5332,東P,,"6,556",+2,+0.03%,"4,809",23.4倍,2.01倍,1.83%
20260812,271,トムソン,6480,東P,,"1,826",-53,-2.82%,"4,797",13.4倍,1.46倍,1.75%
20260812,272,ＡＲＣＨＩＯ,543A,東P,,271,-4,-1.45%,"4,756",2.46倍,0.79倍,2.95%
20260812,273,ナブテスコ,6268,東P,,"5,002",+116,+2.37%,"4,642",24.3倍,2.06倍,1.64%
20260812,274,島津,7701,東P,,"4,227",+98,+2.37%,"4,619",20.7倍,2.12倍,1.66%
20260812,275,神戸物産,3038,東P,,"2,803.5",-42.0,-1.48%,"4,601",21.1倍,3.71倍,1.14%
20260812,276,日本ペＨＤ,4612,東P,,"1,269.5",+31.0,+2.50%,"4,589",15.6倍,1.47倍,1.34%
20260812,277,日本化,4092,東P,,"5,180",-440,-7.83%,"4,568",10.0倍,0.81倍,4.63%
20260812,278,アンリツ,6754,東P,,"3,590.0",-8.0,-0.22%,"4,494",30.6倍,3.45倍,1.39%
20260812,279,シチズン,7762,東P,,"2,595",+24,+0.93%,"4,488",23.0倍,2.16倍,1.93%
20260812,280,ｓａｎｔｅｃ,6777,東S,,"19,450","+1,520",+8.48%,"4,486",26.0倍,7.93倍,1.18%
20260812,281,日製鋼,5631,東P,,"7,746",+108,+1.41%,"4,442",30.0倍,2.67倍,1.19%
20260812,282,インフロニア,5076,東P,,"2,690.0",+57.5,+2.18%,"4,410",8.16倍,1.34倍,4.91%
20260812,283,東急,9005,東P,,"1,643.0",-1.5,-0.09%,"4,360",10.2倍,0.98倍,1.95%
20260812,284,タツモ,6266,東P,,"3,640",+150,+4.30%,"4,336",21.1倍,2.00倍,0.93%
20260812,285,トーメンデバ,2737,東P,,"31,200","+1,830",+6.23%,"4,314",7.07倍,3.01倍,5.26%
20260812,286,東洋水,2875,東P,,"10,510",-80,-0.76%,"4,304",15.4倍,1.89倍,2.09%
20260812,287,光通信,9435,東P,,"39,850",-330,-0.82%,"4,290",14.6倍,1.48倍,1.96%
20260812,288,三井化学,4183,東P,,"2,230.0",+19.0,+0.86%,"4,275",17.9倍,0.92倍,3.36%
20260812,289,野村不ＨＤ,3231,東P,,919.3,+10.7,+1.18%,"4,259",9.15倍,0.98倍,4.79%
20260812,290,ＡＲＥＨＤ,5857,東P,,"3,660",+35,+0.97%,"4,249",10.9倍,1.40倍,3.69%
20260812,291,ダイヘン,6622,東P,,"13,580",+130,+0.97%,"4,247",19.4倍,2.05倍,1.55%
20260812,292,オンコセラピ,4564,東G,,20,+1,+5.26%,"4,233",ー倍,3.58倍,ー%
20260812,293,五洋建,1893,東P,,"1,419.0",+18.5,+1.32%,"4,225",11.0倍,2.00倍,3.66%
20260812,294,リゾートトラ,4681,東P,,"1,905.5",+154.0,+8.79%,"4,141",19.3倍,2.48倍,1.89%
20260812,295,メタプラ,3350,東S,,221,-12,-5.15%,"4,137",ー倍,0.70倍,ー%
20260812,296,住友ゴ,5110,東P,,"2,421.5",+10.0,+0.41%,"4,117",11.6倍,0.84倍,3.47%
20260812,297,サイゼリヤ,7581,東P,,"7,650",-30,-0.39%,"4,091",31.9倍,2.88倍,0.46%
20260812,298,パーソルＨＤ,2181,東P,,284.0,+1.8,+0.64%,"4,091",14.2倍,2.86倍,4.58%
20260812,299,野村東証指数,1306,東Ｅ,,431.9,+4.3,+1.01%,"4,088",ー倍,ー倍,ー%
20260812,300,ＤＭＧ森精機,6141,東P,,"3,661.0",-13.0,-0.35%,"4,048",33.3倍,1.46倍,2.87%
20260812,301,テクセンド,429A,東P,,"3,870",+105,+2.79%,"4,048",16.2倍,2.17倍,1.81%
20260812,302,物語コーポ,3097,東P,,"5,790",+350,+6.43%,"3,994",25.4倍,4.72倍,0.79%
20260812,303,ヒロセ電,6806,東P,,"27,020",+40,+0.15%,"3,940",25.3倍,2.33倍,1.92%
20260812,304,小野薬,4528,東P,,"2,416.0",-3.0,-0.12%,"3,906",16.0倍,1.31倍,3.31%
20260812,305,東京計器,7721,東P,,"7,300",-40,-0.54%,"3,899",22.2倍,2.65倍,0.66%
20260812,306,アルバック,6728,東P,,"9,159",+14,+0.15%,"3,889",24.3倍,1.96倍,1.66%
20260812,307,ＧＳユアサ,6674,東P,,"5,520",+70,+1.28%,"3,865",14.0倍,1.41倍,1.78%
20260812,308,京都ＦＧ,5844,東P,,"4,759",+90,+1.93%,"3,852",25.7倍,0.97倍,2.21%
20260812,309,デンカ,4061,東P,,"3,596.0",+176.0,+5.15%,"3,850",19.4倍,1.00倍,2.78%
20260812,310,野村東証銀行,1615,東Ｅ,,751.6,+19.4,+2.65%,"3,827",ー倍,ー倍,ー%
20260812,311,東宝,9602,東P,,"1,493.0",-16.5,-1.09%,"3,812",30.3倍,2.48倍,1.47%
20260812,312,オルガノ,6368,東P,,"14,280",-115,-0.80%,"3,812",21.9倍,4.63倍,1.54%
20260812,313,リコー,7752,東P,,"1,639.0",-1.0,-0.06%,"3,806",14.9倍,0.78倍,2.68%
20260812,314,いよぎんＨＤ,5830,東P,,"3,830",+117,+3.15%,"3,804",14.3倍,1.19倍,2.09%
20260812,315,シャープ,6753,東P,,659.3,+9.3,+1.43%,"3,727",17.1倍,1.46倍,ー%
20260812,316,クラレ,3405,東P,,"1,903.5",-16.5,-0.86%,"3,720",14.3倍,0.76倍,3.36%
20260812,317,スカＪＳＡＴ,9412,東P,,"2,390",+87,+3.78%,"3,696",25.1倍,2.21倍,2.01%
20260812,318,八十二長野,8359,東P,,"2,604.0",+69.5,+2.74%,"3,686",16.2倍,0.98倍,2.50%
20260812,319,あおぞら銀,8304,東P,,"3,298.0",+34.0,+1.04%,"3,681",16.9倍,0.91倍,3.03%
20260812,320,阪急阪神,9042,東P,,"4,625",+79,+1.74%,"3,659",13.5倍,0.96倍,2.16%
20260812,321,ＵＴ,2146,東P,,228,+7,+3.17%,"3,637",21.3倍,5.17倍,4.49%
20260812,322,積水化,4204,東P,,"2,685.0",-4.0,-0.15%,"3,609",14.3倍,1.27倍,3.02%
20260812,323,名村造,7014,東S,,"4,385",+75,+1.74%,"3,567",13.9倍,2.21倍,1.37%
20260812,324,シリコンスタ,3907,東S,,"1,618",-12,-0.74%,"3,554",ー倍,2.77倍,ー%
20260812,325,スルガ銀,8358,東P,,"2,803",+48,+1.74%,"3,553",14.8倍,1.44倍,2.14%
20260812,326,カシオ,6952,東P,,"2,365.0",+54.0,+2.34%,"3,503",22.1倍,2.20倍,ー%
20260812,327,めぶきＦＧ,7167,東P,,"1,593.5",+43.5,+2.81%,"3,492",14.3倍,1.34倍,2.76%
20260812,328,東急不ＨＤ,3289,東P,,"1,311.0",+10.0,+0.77%,"3,487",9.35倍,1.03倍,3.81%
20260812,329,住友ファーマ,4506,東P,,"1,350.0",+5.0,+0.37%,"3,473",7.86倍,1.48倍,ー%
20260812,330,扶桑化学,4368,東P,,"3,385",+30,+0.89%,"3,472",18.7倍,2.91倍,0.83%
20260812,331,朝日インテク,7747,東P,,"3,914",+17,+0.44%,"3,454",34.0倍,6.25倍,1.18%
20260812,332,日ケミコン,6997,東P,,"2,956",+56,+1.93%,"3,440",20.2倍,1.66倍,0.85%
20260812,333,東ソー,4042,東P,,"2,736.5",-4.0,-0.15%,"3,421",14.3倍,1.00倍,3.65%
20260812,334,ライオン,4912,東P,,"1,889.5",-8.0,-0.42%,"3,412",20.9倍,1.57倍,1.80%
20260812,335,ＧＸ半導日株,2644,東Ｅ,,"4,116",+58,+1.43%,"3,406",ー倍,ー倍,ー%
20260812,336,ヤマハ,7951,東P,,"1,397.0",-9.0,-0.64%,"3,403",19.8倍,1.25倍,1.86%
20260812,337,ニチレイ,2871,東P,,"2,172.0",-5.0,-0.23%,"3,399",ー倍,1.89倍,3.07%
20260812,338,デクセリ,4980,東P,,"3,120.0",+55.0,+1.79%,"3,387",19.0倍,4.69倍,2.05%
20260812,339,マネフォ,3994,東P,,"5,796",+415,+7.71%,"3,384",ー倍,7.80倍,ー%
20260812,340,神戸鋼,5406,東P,,"2,001.0",-8.0,-0.40%,"3,381",7.90倍,0.63倍,4.00%
20260812,341,一工薬,4461,東P,,"14,950",+630,+4.40%,"3,367",20.6倍,2.89倍,1.00%
20260812,342,平田機工,6258,東P,,"3,610",-255,-6.60%,"3,354",17.0倍,1.41倍,2.08%
20260812,343,関西ペ,4613,東P,,"2,980.5",-48.5,-1.60%,"3,324",18.7倍,1.76倍,3.89%
20260812,344,松田産業,7456,東P,,"6,900",+50,+0.73%,"3,313",8.66倍,1.42倍,1.74%
20260812,345,セガサミー,6460,東P,,"2,762.0",-43.0,-1.53%,"3,306",17.3倍,1.58倍,1.99%
20260812,346,高砂熱,1969,東P,,"4,135",+139,+3.48%,"3,285",13.5倍,2.61倍,2.97%
20260812,347,高島屋,8233,東P,,"2,273.5",-30.5,-1.32%,"3,278",17.5倍,1.47倍,1.76%
20260812,348,ＡＤＥＫＡ,4401,東P,,"4,774",+15,+0.32%,"3,269",14.5倍,1.44倍,2.76%
20260812,349,オンコリス,4588,東G,,"2,870",+21,+0.74%,"3,262",ー倍,25.9倍,ー%
20260812,350,モノタロウ,3064,東P,,"1,892.5",-63.5,-3.25%,"3,250",25.7倍,7.71倍,1.96%
20260812,351,ほくほくＦＧ,8377,東P,,"8,121",+343,+4.41%,"3,248",15.6倍,1.29倍,1.85%
20260812,352,日清食ＨＤ,2897,東P,,"2,944.5",-35.5,-1.19%,"3,230",18.1倍,1.61倍,2.38%
20260812,353,ＱＰＳＨＤ,464A,東G,,"1,795",+125,+7.49%,"3,217",52.8倍,3.17倍,ー%
20260812,354,明電舎,6508,東P,,"11,400",+610,+5.65%,"3,214",20.7倍,2.92倍,ー%
20260812,355,ニコン,7731,東P,,"2,032.5",-34.0,-1.65%,"3,205",67.0倍,1.13倍,0.98%
20260812,356,石油資源,1662,東P,,"1,815",+59,+3.36%,"3,204",7.15倍,0.79倍,2.48%
20260812,357,ＧＭＯ－ＰＧ,3769,東P,,"10,175",-60,-0.59%,"3,193",33.0倍,6.59倍,1.67%
20260812,358,日ハム,2282,東P,,"6,186",+88,+1.44%,"3,168",15.1倍,1.07倍,2.91%
20260812,359,ツガミ,6101,東P,,"6,220",+340,+5.78%,"3,156",17.0倍,3.32倍,1.58%
20260812,360,ＬＩＸＩＬ,5938,東P,,"1,800.0",-18.0,-0.99%,"3,150",43.1倍,0.79倍,5.00%
20260812,361,トライアル,141A,東G,,"3,420",+155,+4.75%,"3,133",840倍,3.21倍,0.47%
20260812,362,しまむら,8227,東P,,"3,409.0",-74.0,-2.12%,"3,092",15.0倍,1.44倍,2.35%
20260812,363,ＺＯＺＯ,3092,東P,,"1,155.5",-9.5,-0.82%,"3,091",20.4倍,10.3倍,3.46%
20260812,364,ティアフォー,593A,東G,,"1,008",+99,+10.89%,"3,080",ー倍,5.57倍,ー%
20260812,365,日電波,6779,東P,,"2,860",-106,-3.57%,"3,070",20.5倍,2.00倍,1.05%
20260812,366,ビジョナル,4194,東P,,"9,228",+38,+0.41%,"3,060",23.2倍,4.57倍,ー%
20260812,367,デジハＨＤ,3676,東P,,"1,057",+4,+0.38%,"3,039",12.7倍,2.39倍,ー%
20260812,368,ＳＨＩＦＴ,3697,東P,,916.2,+10.4,+1.15%,"3,038",ー倍,6.16倍,0.45%
20260812,369,タイミー,215A,東G,,"1,670",+40,+2.45%,"3,027",25.8倍,10.4倍,ー%
20260812,370,ランド,8918,東S,,10,0,0.00%,"2,983",11.4倍,1.62倍,ー%
20260812,371,地盤ＨＤ,6072,東S,,"1,175",+101,+9.40%,"2,978",ー倍,18.9倍,ー%
20260812,372,東建物,8804,東P,,"3,378.0",+38.0,+1.14%,"2,977",10.8倍,1.15倍,3.73%
20260812,373,長谷工,1808,東P,,"2,769.0",+44.5,+1.63%,"2,967",11.1倍,1.29倍,3.61%
20260812,374,コカＢＪＨ,2579,東P,,"3,935",-55,-1.38%,"2,963",28.3倍,1.74倍,1.83%
20260812,375,武蔵精密,7220,東P,,"3,480",+80,+2.35%,"2,942",35.1倍,1.82倍,1.15%
20260812,376,シンフォニア,6507,東P,,"13,000",+440,+3.50%,"2,919",24.5倍,3.60倍,1.24%
20260812,377,日本オラクル,4716,東S,,"9,360",+12,+0.13%,"2,896",ー倍,5.86倍,ー%
20260812,378,トクヤマ,4043,東P,,"4,040",+87,+2.20%,"2,891",11.2倍,1.01倍,3.27%
20260812,379,ＴＩＳＩ,3626,東P,,"3,780",+15,+0.40%,"2,882",13.9倍,2.71倍,2.38%
20260812,380,ヤマダＨＤ,9831,東P,,689.7,+16.5,+2.45%,"2,875",16.5倍,0.73倍,2.46%
20260812,381,ラサ工,4022,東P,,"2,235",-15,-0.67%,"2,842",20.3倍,2.71倍,1.61%
20260812,382,日電硝,5214,東P,,"5,024",+66,+1.33%,"2,836",24.7倍,0.75倍,3.18%
20260812,383,群馬銀,8334,東P,,"2,664.0",+92.5,+3.60%,"2,833",15.5倍,1.59倍,2.63%
20260812,384,熊谷組,1861,東P,,"1,288",-3,-0.23%,"2,829",10.7倍,1.19倍,3.88%
20260812,385,ムニノバＨＤ,547A,東P,,476,+9,+1.93%,"2,826",7.21倍,0.94倍,4.20%
20260812,386,レカム,3323,東S,,102,+20,+24.39%,"2,804",25.8倍,1.41倍,1.18%
20260812,387,Ｓｙｎｓ,290A,東G,,"1,444",+56,+4.03%,"2,796",73.2倍,5.34倍,ー%
20260812,388,ビプロジー,8056,東P,,"4,516",+157,+3.60%,"2,786",13.6倍,2.47倍,3.10%
20260812,389,ヤクルト,2267,東P,,"2,882.5",-1.5,-0.05%,"2,759",17.8倍,1.37倍,2.50%
20260812,390,三菱自,7211,東P,,346.7,-4.0,-1.14%,"2,740",18.6倍,0.51倍,2.88%
20260812,391,王子ＨＤ,3861,東P,,873.5,-2.1,-0.24%,"2,717",21.2倍,0.68倍,4.12%
20260812,392,エクシオＧ,1951,東P,,"2,632.0",+51.0,+1.98%,"2,707",15.1倍,1.56倍,3.04%
20260812,393,クレセゾン,8253,東P,,"4,728",+80,+1.72%,"2,696",9.00倍,0.88倍,3.38%
20260812,394,カバー,5253,東G,,"1,630",+20,+1.24%,"2,627",21.2倍,5.98倍,ー%
20260812,395,ディーエヌエ,2432,東P,,"2,512.0",+55.5,+2.26%,"2,626",ー倍,1.06倍,ー%
20260812,396,山一電機,6941,東P,,"8,240",+40,+0.49%,"2,602",14.8倍,3.10倍,2.04%
20260812,397,協和キリン,4151,東P,,"2,592.0",+29.5,+1.15%,"2,595",18.1倍,1.48倍,2.70%
20260812,398,小田急,9007,東P,,"1,697.5",+7.5,+0.44%,"2,580",15.1倍,1.14倍,3.53%
20260812,399,北川精機,6327,東S,,"3,550",+340,+10.59%,"2,578",47.5倍,5.13倍,0.56%
20260812,400,フジＨＤ,4676,東P,,"4,170",+111,+2.73%,"2,574",22.8倍,1.10倍,4.80%
20260812,401,純銀信託,1542,東Ｅ,,"30,690",+715,+2.39%,"2,557",ー倍,ー倍,ー%
20260812,402,ＨＵグループ,4544,東P,,"3,680.0",+144.0,+4.07%,"2,551",40.2倍,1.49倍,3.40%
20260812,403,ニプロ,8086,東P,,"1,610.5",-60.5,-3.62%,"2,543",17.9倍,0.95倍,1.99%
20260812,404,アルプスアル,6770,東P,,"2,188.0",+39.0,+1.81%,"2,542",14.2倍,0.96倍,2.93%
20260812,405,東北電,9506,東P,,"1,223.0",+5.0,+0.41%,"2,542",ー倍,0.54倍,3.27%
20260812,406,コムシスＨＤ,1721,東P,,"5,306",+41,+0.78%,"2,516",16.1倍,1.54倍,2.54%
20260812,407,コーセーＨＤ,4922,東P,,"5,781",-114,-1.93%,"2,495",27.1倍,1.15倍,2.59%
20260812,408,ニッパツ,5991,東P,,"3,606.0",+57.0,+1.61%,"2,481",16.2倍,1.61倍,1.91%
20260812,409,東海カーボン,5301,東P,,"1,818.5",+3.0,+0.17%,"2,477",16.7倍,1.14倍,2.20%
20260812,410,さくらネット,3778,東P,,"3,440",+125,+3.77%,"2,477",91.8倍,4.48倍,0.16%
20260812,411,上場日経平均,1330,東Ｅ,,"70,040",+590,+0.85%,"2,467",ー倍,ー倍,ー%
20260812,412,日油,4403,東P,,"2,751.0",+35.5,+1.31%,"2,458",15.9倍,2.11倍,2.54%
20260812,413,コスモＨＤ,5021,東P,,"4,083",+57,+1.42%,"2,454",14.7倍,0.96倍,4.04%
20260812,414,小糸製,7276,東P,,"2,696.5",-5.0,-0.19%,"2,446",17.6倍,1.11倍,2.15%
20260812,415,エンプラス,6961,東P,,"10,790",+190,+1.79%,"2,432",19.5倍,1.52倍,0.83%
20260812,416,スギＨＤ,7649,東P,,"2,829.5",+26.5,+0.95%,"2,420",16.1倍,1.79倍,1.24%
20260812,417,ツルハＨＤ,3391,東P,,"2,422.0",-1.5,-0.06%,"2,387",26.5倍,1.25倍,1.98%
20260812,418,日鉄鉱,1515,東P,,"3,305",-5,-0.15%,"2,385",21.2倍,1.61倍,1.88%
20260812,419,ショーボンド,1414,東P,,"1,292.5",-19.0,-1.45%,"2,384",16.7倍,2.42倍,3.60%
20260812,420,アズビル,6845,東P,,"1,551.0",+4.0,+0.26%,"2,348",22.0倍,3.32倍,3.22%
20260812,421,森永乳,2264,東P,,"1,212.0",+17.0,+1.42%,"2,321",18.6倍,1.41倍,2.06%
20260812,422,七十七,8341,東P,,"3,738.0",+132.0,+3.66%,"2,321",13.6倍,1.10倍,2.78%
20260812,423,インフォＭＴ,2492,東P,,591,+29,+5.16%,"2,315",50.9倍,5.24倍,1.11%
20260812,424,日本空港ビル,9706,東P,,"5,801",0,0.00%,"2,299",22.3倍,2.51倍,1.64%
20260812,425,九州ＦＧ,7180,東P,,"1,495.0",+21.5,+1.46%,"2,275",14.0倍,0.80倍,2.54%
20260812,426,日揮ＨＤ,1963,東P,,"2,279.0",-5.0,-0.22%,"2,264",12.0倍,1.30倍,2.28%
20260812,427,ｉＦ日経年１,1320,東Ｅ,,"69,700",+590,+0.85%,"2,262",ー倍,ー倍,ー%
20260812,428,ミズノ,8022,東P,,"4,300",-10,-0.23%,"2,252",17.2倍,1.84倍,1.53%
20260812,429,オークマ,6103,東P,,"5,410",-110,-1.99%,"2,250",15.8倍,1.25倍,2.22%
20260812,430,ＴＢＳＨＤ,9401,東P,,"5,903",+193,+3.38%,"2,248",18.7倍,0.56倍,1.69%
20260812,431,ニチコン,6996,東P,,"2,913",+50,+1.75%,"2,229",29.2倍,1.57倍,1.34%
20260812,432,東京メトロ,9023,東P,,"1,464.0",0,0.00%,"2,219",17.0倍,1.15倍,3.01%
20260812,433,ソレイジア,4597,東G,,30,-1,-3.23%,"2,217",ー倍,4.79倍,ー%
20260812,434,ｉＳ日経,1329,東Ｅ,,"7,000",+65,+0.94%,"2,215",ー倍,ー倍,ー%
20260812,435,三浦工,6005,東P,,"3,168.0",+129.0,+4.24%,"2,207",12.9倍,1.49倍,2.34%
20260812,436,Ｊフロント,3086,東P,,"2,976.5",-7.0,-0.23%,"2,205",25.1倍,1.77倍,1.88%
20260812,437,マクニカＨＤ,3132,東P,,"3,676.0",+84.0,+2.34%,"2,186",20.5倍,2.29倍,2.18%
20260812,438,北洋銀,8524,東P,,"1,242",+38,+3.16%,"2,179",15.8倍,1.18倍,2.58%
20260812,439,山パン,2212,東P,,"3,549.0",+15.0,+0.42%,"2,174",16.4倍,1.48倍,1.69%
20260812,440,三和ＨＤ,5929,東P,,"3,683.0",+25.0,+0.68%,"2,168",12.8倍,2.27倍,3.96%
20260812,441,丸井Ｇ,8252,東P,,"2,987.5",+30.5,+1.03%,"2,166",18.1倍,2.26倍,4.49%
20260812,442,ＴＰＸブル,1568,東Ｅ,,"1,027.0",+17.5,+1.73%,"2,147",ー倍,ー倍,ー%
20260812,443,コニカミノル,4902,東P,,670.4,+15.7,+2.40%,"2,107",11.6倍,0.60倍,2.68%
20260812,444,吉野家ＨＤ,9861,東P,,"3,749",-3,-0.08%,"2,103",49.3倍,3.48倍,0.59%
20260812,445,ＡＫＩＢＡ,6840,東S,,709,-131,-15.60%,"2,081",ー倍,1.39倍,ー%
20260812,446,Ｊマテリアル,6055,東P,,"2,209",+15,+0.68%,"2,060",21.0倍,3.61倍,1.58%
20260812,447,ＵＳＳ,4732,東P,,"1,996.5",-8.5,-0.42%,"2,051",21.3倍,4.86倍,2.82%
20260812,448,ビルファンド,8951,東Ｒ,,"129,900",0,0.00%,"2,026",ー倍,1.57倍,3.79%
20260812,449,日電子,6951,東P,,"8,495",+92,+1.09%,"2,021",19.4倍,2.86倍,1.55%
20260812,450,ＯＢＣ,4733,東P,,"8,051",-59,-0.73%,"2,014",31.3倍,3.59倍,1.61%
20260812,451,フューチャー,4722,東P,,"2,445",+1,+0.04%,"2,013",18.4倍,3.27倍,0.98%
20260812,452,ハピネット,7552,東P,,"3,315",-125,-3.63%,"2,013",13.7倍,2.44倍,ー%
20260812,453,岩谷産,8088,東P,,"2,220.0",+11.5,+0.52%,"2,000",11.2倍,1.07倍,2.12%
20260812,454,ジーエヌアイ,2160,東G,,"2,900",-15,-0.51%,"1,988",ー倍,3.81倍,ー%
20260812,455,ＳＡＮＫＹＯ,6417,東P,,"1,935.5",+19.5,+1.02%,"1,985",9.56倍,1.54倍,5.17%
20260812,456,オプトラン,6235,東P,,"3,165",-50,-1.56%,"1,984",22.6倍,1.35倍,1.77%
20260812,457,西日本ＦＨ,7189,東P,,"4,640",+221,+5.00%,"1,984",13.5倍,1.01倍,3.02%
20260812,458,コスモス薬品,3349,東P,,"6,505",+24,+0.37%,"1,975",16.8倍,1.82倍,1.29%
20260812,459,ヤマトＨＤ,9064,東P,,"1,937.0",+3.0,+0.16%,"1,972",38.3倍,1.09倍,2.37%
20260812,460,ＪＩＮＳＨＤ,3046,東P,,"6,550",+90,+1.39%,"1,971",17.7倍,4.28倍,1.76%
20260812,461,ラクス,3923,東P,,"1,094.5",+9.5,+0.88%,"1,965",15.4倍,14.9倍,0.73%
20260812,462,北海電,9509,東P,,"1,015.5",-19.0,-1.84%,"1,962",10.1倍,0.51倍,3.25%
20260812,463,マブチ,6592,東P,,"1,684.0",+1.0,+0.06%,"1,959",18.6倍,1.19倍,3.33%
20260812,464,第四北越ＦＧ,7327,東P,,"2,426",+85,+3.63%,"1,948",12.0倍,1.07倍,3.30%
20260812,465,ダスキン,4665,東P,,"4,603",+109,+2.43%,"1,946",20.5倍,1.39倍,2.93%
20260812,466,ＩＩＪ,3774,東P,,"3,501.0",+48.0,+1.39%,"1,939",24.8倍,3.86倍,1.23%
20260812,467,日本酸素ＨＤ,4091,東P,,"6,136",+34,+0.56%,"1,930",20.3倍,2.10倍,1.08%
20260812,468,ワークマン,7564,東S,,"6,330",-20,-0.31%,"1,920",23.1倍,3.35倍,1.41%
20260812,469,ＯＫＩ,6703,東P,,"2,799",+22,+0.79%,"1,915",13.5倍,1.41倍,2.32%
20260812,470,ホシザキ,6465,東P,,"5,693",-36,-0.63%,"1,914",20.9倍,2.00倍,2.02%
20260812,471,山九,9065,東P,,"8,485",+53,+0.63%,"1,913",12.9倍,1.39倍,3.11%
20260812,472,ＪＲ九州,9142,東P,,"3,481.0",+30.0,+0.87%,"1,899",10.4倍,1.07倍,3.48%
20260812,473,アインＨＤ,9627,東P,,"6,015",+43,+0.72%,"1,897",14.1倍,1.33倍,1.66%
20260812,474,板硝子,5202,東P,,481,-1,-0.21%,"1,897",22.8倍,0.45倍,ー%
20260812,475,九州電,9508,東P,,"1,820.0",+17.5,+0.97%,"1,896",6.93倍,0.87倍,2.75%
20260812,476,プレミアＧ,7199,東P,,"2,185",+78,+3.70%,"1,896",12.3倍,3.31倍,2.93%
20260812,477,京成,9009,東P,,"1,276.5",-9.0,-0.70%,"1,886",15.7倍,1.09倍,1.72%
20260812,478,ｉＦＦＡＮＧ,316A,東Ｅ,,"2,727",-17,-0.62%,"1,881",ー倍,ー倍,ー%
20260812,479,円谷フィＨＤ,2767,東P,,"2,453",-25,-1.01%,"1,874",10.2倍,2.50倍,5.71%
20260812,480,ＳＧＨＤ,9143,東P,,"1,601.5",-5.5,-0.34%,"1,873",15.9倍,1.76倍,3.37%
20260812,481,東京きらぼし,7173,東P,,"1,722",+43,+2.56%,"1,870",12.5倍,1.34倍,1.74%
20260812,482,大同特鋼,5471,東P,,"2,331.5",+13.0,+0.56%,"1,860",16.9倍,0.96倍,2.23%
20260812,483,ＧＭＯ,9449,東P,,"4,193",-4,-0.10%,"1,850",ー倍,3.56倍,ー%
20260812,484,レナ,4889,東G,,"1,155",-112,-8.84%,"1,843",ー倍,4.81倍,ー%
20260812,485,大阪チタ,5726,東P,,"2,753",-124,-4.31%,"1,827",59.6倍,2.27倍,0.47%
20260812,486,ニチアス,5393,東P,,"3,529.0",+27.0,+0.77%,"1,821",18.9倍,2.72倍,1.84%
20260812,487,ＦＩＧ,4392,東P,,878,-35,-3.83%,"1,820",45.4倍,2.73倍,1.14%
20260812,488,日機装,6376,東P,,"3,735",-185,-4.72%,"1,819",18.8倍,1.49倍,1.34%
20260812,489,古野電,6814,東P,,"7,670",-180,-2.29%,"1,819",18.7倍,2.64倍,2.09%
20260812,490,クレハ,4023,東P,,"4,565",+20,+0.44%,"1,807",23.3倍,1.03倍,4.73%
20260812,491,Ｊエレベータ,6544,東P,,"1,496.5",+30.0,+2.05%,"1,794",32.6倍,11.8倍,ー%
20260812,492,エアウォータ,4088,東P,,"2,550",-3,-0.12%,"1,792",20.9倍,1.50倍,ー%
20260812,493,Ｊパワー,9513,東P,,"3,905",+77,+2.01%,"1,785",8.49倍,0.48倍,2.69%
20260812,494,金先物Ｗブル,2036,東EN,,"167,150","+6,550",+4.08%,"1,781",ー倍,ー倍,ー%
20260812,495,三菱倉,9301,東P,,"1,501.0",-21.5,-1.41%,"1,779",22.2倍,1.34倍,2.93%
20260812,496,ＵＡＣＪ,5741,東P,,"2,420",+91,+3.91%,"1,778",10.4倍,1.15倍,2.89%
20260812,497,エクサＷｉｚ,4259,東G,,842,+2,+0.24%,"1,774",ー倍,7.98倍,0.59%
20260812,498,豊田合,7282,東P,,"5,182",-2,-0.04%,"1,772",10.7倍,1.05倍,3.38%
20260812,499,上村工,4966,東S,,"20,970",+140,+0.67%,"1,760",23.1倍,2.92倍,1.38%
20260812,500,帝人,3401,東P,,"1,780.0",+15.5,+0.88%,"1,758",7.64倍,0.83倍,2.81%
20260812,501,旭ダイヤ,6140,東P,,"1,289",+20,+1.58%,"1,757",16.8倍,0.97倍,2.64%
20260812,502,ミルボン,4919,東P,,"3,215",+288,+9.84%,"1,756",22.2倍,2.04倍,2.74%
20260812,503,サンドラッグ,9989,東P,,"3,759",+43,+1.16%,"1,754",13.7倍,1.54倍,3.51%
20260812,504,参天薬,4536,東P,,"1,969.5",+26.5,+1.36%,"1,753",15.8倍,2.11倍,2.13%
20260812,505,エネチェンジ,4169,東G,,276,-15,-5.15%,"1,737",21.5倍,2.47倍,ー%
20260812,506,ビックカメラ,3048,東P,,"1,732.5",+11.5,+0.67%,"1,729",16.1倍,1.63倍,2.48%
20260812,507,セイノーＨＤ,9076,東P,,"2,793.5",+49.5,+1.80%,"1,728",16.5倍,0.99倍,3.72%
20260812,508,エニーカラー,5032,東P,,"2,810",+38,+1.37%,"1,725",12.9倍,6.24倍,2.21%
20260812,509,ダイダン,1980,東P,,"2,628",+90,+3.55%,"1,724",12.5倍,2.61倍,3.23%
20260812,510,コーテクＨＤ,3635,東P,,"1,656.0",+10.0,+0.61%,"1,722",17.9倍,1.98倍,2.90%
20260812,511,三機工,1961,東P,,"2,379",+9,+0.38%,"1,718",13.8倍,3.07倍,2.73%
20260812,512,日清紡ＨＤ,3105,東P,,"2,388.5",-81.0,-3.28%,"1,708",37.3倍,1.17倍,1.51%
20260812,513,名鉄,9048,東P,,"1,868.0",+9.0,+0.48%,"1,702",9.39倍,0.74倍,3.21%
20260812,514,タカラトミー,7867,東P,,"3,662.0",-10.0,-0.27%,"1,689",17.5倍,2.89倍,1.91%
20260812,515,ＡＬＳＯＫ,2331,東P,,"1,170.0",+26.5,+2.32%,"1,687",15.0倍,1.45倍,2.82%
20260812,516,太平洋セメ,5233,東P,,"4,191",+20,+0.48%,"1,674",7.25倍,0.68倍,2.86%
20260812,517,ソリトン,3040,東P,,"2,299",+234,+11.33%,"1,652",16.0倍,3.01倍,3.13%
20260812,518,日清粉Ｇ,2002,東P,,"2,011.5",+14.0,+0.70%,"1,651",13.7倍,1.09倍,3.23%
20260812,519,大和工,5444,東P,,"13,205",-70,-0.53%,"1,639",13.7倍,1.44倍,3.03%
20260812,520,ＧＬＰ,3281,東Ｒ,,"139,800",+800,+0.58%,"1,637",ー倍,1.48倍,4.74%
20260812,521,バイセル,7685,東G,,"3,315",+155,+4.91%,"1,635",21.8倍,8.73倍,0.66%
20260812,522,ＬＡホールデ,2986,東G,,"2,765",+46,+1.69%,"1,634",5.47倍,2.15倍,6.29%
20260812,523,滋賀銀,8366,東P,,"2,561",+74,+2.98%,"1,626",20.7倍,0.91倍,1.95%
20260812,524,レスター,3156,東P,,"5,100",-20,-0.39%,"1,625",10.6倍,1.47倍,2.84%
20260812,525,ノリタケ,5331,東P,,"3,765",-95,-2.46%,"1,625",12.2倍,1.15倍,3.19%
20260812,526,セブン銀,8410,東P,,329.6,-5.3,-1.58%,"1,622",19.3倍,1.37倍,3.34%
20260812,527,不二製油,2607,東P,,"4,439",-18,-0.40%,"1,610",19.6倍,1.54倍,1.40%
20260812,528,日精工,6471,東P,,"1,176.5",+0.5,+0.04%,"1,609",19.9倍,0.84倍,2.89%
20260812,529,大気社,1979,東P,,"4,045",+10,+0.25%,"1,602",14.2倍,1.46倍,2.94%
20260812,530,Ｊトラスト,8508,東S,,809,+6,+0.75%,"1,598",13.2倍,0.67倍,2.10%
20260812,531,アドウェイズ,2489,東S,,350,+24,+7.36%,"1,589",9.12倍,0.97倍,3.45%
20260812,532,ニッスイ,1332,東P,,"1,258.0",+7.5,+0.60%,"1,587",13.2倍,1.25倍,2.54%
20260812,533,Ｓａｎｓａｎ,4443,東P,,"1,983",+31,+1.59%,"1,586",26.7倍,12.4倍,0.25%
20260812,534,ＰＩＬＬＡＲ,6490,東P,,"10,350",+320,+3.19%,"1,583",16.9倍,2.83倍,2.37%
20260812,535,スタンレー,6923,東P,,"3,612.0",+34.0,+0.95%,"1,583",13.1倍,0.96倍,3.07%
20260812,536,霞ヶ関Ｃ,3498,東P,,"7,920",+30,+0.38%,"1,581",11.8倍,2.61倍,2.08%
20260812,537,飯田ＧＨＤ,3291,東P,,"2,286.0",-8.0,-0.35%,"1,558",9.64倍,0.62倍,4.02%
20260812,538,ゼオン,4205,東P,,"2,459.0",+14.0,+0.57%,"1,547",13.1倍,1.19倍,3.21%
20260812,539,ピジョン,7956,東P,,"2,082.0",0,0.00%,"1,544",27.2倍,2.91倍,3.65%
20260812,540,中国電,9504,東P,,916.0,+5.2,+0.57%,"1,525",10.6倍,0.42倍,3.28%
20260812,541,ＡＢＣマート,2670,東P,,"2,823.5",+0.5,+0.02%,"1,524",15.1倍,1.74倍,2.83%
20260812,542,フリー,4478,東G,,"2,812",+89,+3.27%,"1,521",ー倍,8.25倍,ー%
20260812,543,戸田建,1860,東P,,"1,473.0",+12.0,+0.82%,"1,521",12.5倍,0.91倍,4.07%
20260812,544,ｉＦ日経Ｗブ,1365,東Ｅ,,"4,480",+76,+1.73%,"1,518",ー倍,ー倍,ー%
20260812,545,イノテック,9880,東P,,"3,560",-135,-3.65%,"1,515",8.35倍,1.61倍,3.65%
20260812,546,山口ＦＧ,8418,東P,,"3,043.0",+45.0,+1.50%,"1,505",13.6倍,0.89倍,3.15%
20260812,547,日化薬,4272,東P,,"2,105.0",+52.0,+2.53%,"1,476",13.3倍,1.08倍,3.14%
20260812,548,ＷＴＩ原油,1671,東Ｅ,,"5,228",+375,+7.73%,"1,475",ー倍,ー倍,ー%
20260812,549,ＪＶＣケンウ,6632,東P,,"1,018.5",+8.5,+0.84%,"1,467",9.60倍,0.99倍,1.96%
20260812,550,パーク２４,4666,東P,,"2,006.0",+24.0,+1.21%,"1,467",7.78倍,3.10倍,3.24%
20260812,551,東映アニメ,4816,東S,,"2,862",-123,-4.12%,"1,459",32.3倍,3.47倍,1.54%
20260812,552,東洋合成,4970,東S,,"12,020",+220,+1.86%,"1,456",25.1倍,3.31倍,0.42%
20260812,553,百五銀,8368,東P,,"2,150",+90,+4.37%,"1,451",18.0倍,0.99倍,1.95%
20260812,554,テラプローブ,6627,東S,,"11,770",+120,+1.03%,"1,443",ー倍,2.63倍,ー%
20260812,555,平和堂,8276,東P,,"2,713",+6,+0.22%,"1,433",13.7倍,0.69倍,2.43%
20260812,556,リンナイ,5947,東P,,"3,605.0",-18.0,-0.50%,"1,432",13.7倍,1.14倍,2.94%
20260812,557,ジャパンＲＥ,8952,東Ｒ,,"119,000",+200,+0.17%,"1,431",ー倍,1.59倍,4.30%
20260812,558,ユナイテド海,9110,東P,,"10,430",-20,-0.19%,"1,428",9.83倍,1.30倍,ー%
20260812,559,四国電,9507,東P,,"1,748.0",+13.5,+0.78%,"1,423",11.9倍,0.73倍,3.15%
20260812,560,日経高配５０,1489,東Ｅ,,"3,508",+1,+0.03%,"1,419",ー倍,ー倍,ー%
20260812,561,都市ファンド,8953,東Ｒ,,"116,200","+1,200",+1.04%,"1,418",ー倍,1.28倍,5.13%
20260812,562,ケーズＨＤ,8282,東P,,"1,927.0",-17.5,-0.90%,"1,414",14.9倍,1.17倍,2.49%
20260812,563,牧野フ,6135,東P,,"14,520",+30,+0.21%,"1,412",15.4倍,1.27倍,2.34%
20260812,564,ダイセル,4202,東P,,"1,485.5",-2.5,-0.17%,"1,402",11.9倍,1.03倍,4.71%
20260812,565,ＵＮＥＸＴ,9418,東P,,"1,733",+12,+0.70%,"1,402",16.9倍,2.92倍,0.98%
20260812,566,ＫＯＡ,6999,東P,,"2,459",-1,-0.04%,"1,391",11.8倍,1.00倍,2.56%
20260812,567,上組,9364,東P,,"5,044",+9,+0.18%,"1,387",18.1倍,1.25倍,4.06%
20260812,568,アニコムＨＤ,8715,東P,,"1,141",-101,-8.13%,"1,387",25.6倍,2.83倍,1.18%
20260812,569,日本Ｍ＆Ａ,2127,東P,,663.4,+13.3,+2.05%,"1,383",15.7倍,4.43倍,4.37%
20260812,570,ウシオ電,6925,東P,,"4,222",+66,+1.59%,"1,378",31.9倍,1.50倍,1.66%
20260812,571,カドカワ,9468,東P,,"3,602.0",+31.0,+0.87%,"1,378",91.3倍,2.16倍,0.83%
20260812,572,デジアーツ,2326,東P,,"4,840",+150,+3.20%,"1,374",17.1倍,3.54倍,2.07%
20260812,573,ゴルドウイン,8111,東P,,"2,155.5",+33.0,+1.55%,"1,372",11.5倍,2.33倍,3.25%
20260812,574,セリア,2782,東S,,"4,220",+20,+0.48%,"1,369",17.2倍,2.80倍,1.90%
20260812,575,ツムラ,4540,東P,,"3,777",+20,+0.53%,"1,367",10.8倍,0.86倍,4.18%
20260812,576,クラフティア,1959,東P,,"8,180",+85,+1.05%,"1,365",14.3倍,1.66倍,2.69%
20260812,577,ネクセラ,4565,東P,,"1,002",+76,+8.21%,"1,351",ー倍,1.41倍,ー%
20260812,578,ひろぎんＨＤ,7337,東P,,"2,286.5",+55.0,+2.46%,"1,348",13.3倍,1.12倍,3.06%
20260812,579,カナデビア,7004,東P,,"1,212",-42,-3.35%,"1,343",9.71倍,1.04倍,3.14%
20260812,580,Ａｐｐｉｅｒ,4180,東P,,983,+14,+1.44%,"1,342",29.0倍,2.66倍,0.23%
20260812,581,長瀬産,8012,東P,,"1,239.0",-15.0,-1.20%,"1,335",14.7倍,1.13倍,2.18%
20260812,582,ジェイテクト,6473,東P,,"2,122.0",+1.0,+0.05%,"1,334",13.5倍,0.83倍,3.30%
20260812,583,ナカニシ,7716,東S,,"3,310",+35,+1.07%,"1,329",20.3倍,2.26倍,1.81%
20260812,584,京王,9008,東P,,759.7,+6.9,+0.92%,"1,328",10.2倍,0.97倍,2.90%
20260812,585,寿スピリッツ,2222,東P,,"2,586.5",-55.5,-2.10%,"1,323",28.9倍,8.82倍,1.74%
20260812,586,クリレスＨＤ,3387,東P,,755,-2,-0.26%,"1,322",59.7倍,7.49倍,0.66%
20260812,587,ＲＳテクノ,3445,東P,,"6,800",-40,-0.58%,"1,315",18.1倍,2.14倍,0.81%
20260812,588,フィナＨＤ,4419,東G,,"1,650",+47,+2.93%,"1,294",36.9倍,7.73倍,ー%
20260812,589,アイカ,4206,東P,,"4,176",-30,-0.71%,"1,288",13.6倍,1.37倍,3.45%
20260812,590,リンテック,7966,東P,,"6,100",+30,+0.49%,"1,286",20.5倍,1.53倍,1.97%
20260812,591,ミライニＨＤ,546A,東P,,"2,520",-83,-3.19%,"1,284",5.84倍,1.01倍,3.81%
20260812,592,日本光電,6849,東P,,"1,516.5",+1.5,+0.10%,"1,275",16.2倍,1.37倍,2.18%
20260812,593,キッツ,6498,東P,,"2,086",+63,+3.11%,"1,273",13.5倍,1.46倍,2.97%
20260812,594,古河機金,5715,東P,,"3,980",-25,-0.62%,"1,264",25.3倍,0.88倍,2.01%
20260812,595,カネカ,4118,東P,,"6,099",+51,+0.84%,"1,264",11.6倍,0.73倍,3.44%
20260812,596,山陰合銀,8381,東P,,"2,498",+62,+2.55%,"1,260",14.6倍,1.15倍,2.72%
20260812,597,千代建,6366,東S,,707,+9,+1.29%,"1,257",26.5倍,5.50倍,ー%
20260812,598,レンゴー,3941,東P,,"1,597.5",+3.0,+0.19%,"1,253",12.5倍,0.77倍,3.13%
20260812,599,ＹＥデジタル,2354,東S,,"1,421",+76,+5.65%,"1,248",16.0倍,3.36倍,2.11%
20260812,600,セレンＨＤ,7318,東G,,"1,553",+6,+0.39%,"1,248",12.9倍,2.11倍,ー%
20260812,601,兼松,8020,東P,,"2,180.5",-15.0,-0.68%,"1,244",10.4倍,1.70倍,3.21%
20260812,602,アスタリスク,6522,東G,,"1,794",+16,+0.90%,"1,239",222倍,7.61倍,ー%
20260812,603,ちゅうぎんＦ,5832,東P,,"3,402.0",+85.0,+2.56%,"1,237",13.5倍,0.90倍,3.00%
20260812,604,トヨタ紡織,3116,東P,,"2,226.0",-5.5,-0.25%,"1,237",8.65倍,0.81倍,3.86%
20260812,605,センコーＨＤ,9069,東P,,"2,261.5",-0.5,-0.02%,"1,235",16.2倍,1.64倍,2.48%
20260812,606,日テレＨＤ,9404,東P,,"2,929.5",+34.5,+1.19%,"1,226",13.9倍,0.67倍,1.54%
20260812,607,アドバンスＲ,3269,東Ｒ,,"147,200","+1,800",+1.24%,"1,225",ー倍,1.71倍,4.30%
20260812,608,日本新薬,4516,東P,,"3,603.0",+7.0,+0.19%,"1,223",8.01倍,0.82倍,3.44%
20260812,609,ａｒｔｉｅｎ,4634,東P,,"5,020",+190,+3.93%,"1,213",11.2倍,0.84倍,2.39%
20260812,610,カチタス,8919,東P,,"3,515",+10,+0.29%,"1,213",19.7倍,5.14倍,2.56%
20260812,611,大栄環境,9336,東P,,"3,900",+150,+4.00%,"1,212",23.8倍,3.51倍,1.41%
20260812,612,フォスター,6794,東P,,"2,878",-74,-2.51%,"1,208",12.9倍,0.96倍,4.00%
20260812,613,キユーピー,2809,東P,,"4,638",+49,+1.07%,"1,206",24.6倍,1.93倍,1.40%
20260812,614,ソディック,6143,東P,,"1,760",-16,-0.90%,"1,204",11.9倍,0.92倍,1.99%
20260812,615,グローリー,6457,東P,,"4,853",+164,+3.50%,"1,203",12.8倍,1.18倍,3.17%
20260812,616,メディパル,7459,東P,,"2,792.0",-17.0,-0.61%,"1,202",13.3倍,0.88倍,3.15%
20260812,617,パークシャ,3993,東P,,"3,010",+110,+3.79%,"1,190",32.6倍,2.60倍,0.33%
20260812,618,東武,9001,東P,,"2,971.0",+35.5,+1.21%,"1,188",10.4倍,0.93倍,2.52%
20260812,619,東京センチュ,8439,東P,,"2,523.5",+31.0,+1.24%,"1,182",10.0倍,1.06倍,3.57%
20260812,620,メガチップス,6875,東P,,"11,230",-130,-1.14%,"1,178",4.77倍,0.47倍,2.32%
20260812,621,安藤ハザマ,1719,東P,,"1,863.5",+3.5,+0.19%,"1,176",13.2倍,1.36倍,4.51%
20260812,622,ユニソルＨＤ,7128,東P,,"2,903",-48,-1.63%,"1,159",33.3倍,0.96倍,6.23%
20260812,623,ネクステージ,3186,東P,,"3,560",+45,+1.28%,"1,155",16.3倍,3.29倍,1.40%
20260812,624,あいちＦＧ,7389,東P,,"1,688",+115,+7.31%,"1,154",17.9倍,0.96倍,1.78%
20260812,625,筑波銀,8338,東P,,669,-3,-0.45%,"1,154",8.33倍,0.78倍,0.75%
20260812,626,全国保証,7164,東P,,"3,114.0",+23.0,+0.74%,"1,153",12.7倍,1.70倍,3.95%
20260812,627,堺化学,4078,東P,,"3,900",-120,-2.99%,"1,146",14.4倍,0.77倍,4.10%
20260812,628,グリコ,2206,東P,,"5,136",-27,-0.52%,"1,145",34.5倍,1.15倍,1.85%
20260812,629,大阪ソーダ,4046,東P,,"2,096",+13,+0.62%,"1,140",17.1倍,1.94倍,1.43%
20260812,630,邦ガス,9533,東P,,"1,155.0",+26.5,+2.35%,"1,140",17.9倍,0.83倍,1.95%
20260812,631,メイテックＧ,9744,東P,,"3,353.0",+29.0,+0.87%,"1,140",18.6倍,5.87倍,5.40%
20260812,632,アルフレッサ,2784,東P,,"2,214.0",+16.5,+0.75%,"1,126",18.7倍,0.80倍,3.21%
20260812,633,ＯＳＧ,6136,東P,,"3,879",-12,-0.31%,"1,125",15.2倍,1.66倍,2.96%
20260812,634,京急,9006,東P,,"1,513.0",+9.0,+0.60%,"1,124",13.3倍,1.06倍,3.04%
20260812,635,スズケン,9987,東P,,"5,000",+132,+2.71%,"1,122",13.5倍,0.81倍,2.40%
20260812,636,雪印メグ,2270,東P,,"3,605",+40,+1.12%,"1,119",8.80倍,0.88倍,2.77%
20260812,637,大垣共立,8361,東P,,"7,610",+310,+4.25%,"1,114",15.2倍,0.75倍,1.97%
20260812,638,ＰＨＣＨＤ,6523,東P,,"1,348",+35,+2.67%,"1,107",11.1倍,1.01倍,3.12%
20260812,639,三洋化,4471,東P,,"6,420",0,0.00%,"1,106",12.9倍,0.87倍,3.12%
20260812,640,丸一管,5463,東P,,"1,743.0",-5.5,-0.31%,"1,101",15.0倍,1.10倍,2.98%
20260812,641,内外テック,3374,東S,,"4,420",+210,+4.99%,"1,099",9.22倍,1.18倍,3.26%
20260812,642,システムサポ,4396,東P,,"1,268",+103,+8.84%,"1,097",12.1倍,3.64倍,3.31%
20260812,643,Ｖテク,7717,東P,,"5,600",+20,+0.36%,"1,095",17.7倍,1.42倍,1.43%
20260812,644,ＮＴＮ,6472,東P,,388.2,+3.4,+0.88%,"1,089",15.4倍,0.77倍,3.35%
20260812,645,三桜工,6584,東P,,806,+31,+4.00%,"1,084",19.2倍,0.60倍,3.47%
20260812,646,洋缶ＨＤ,5901,東P,,"4,337",+16,+0.37%,"1,083",20.7倍,0.92倍,4.29%
20260812,647,Ｈ２Ｏリテイ,8242,東P,,"2,823.0",+3.0,+0.11%,"1,081",13.8倍,1.05倍,1.70%
20260812,648,フジミインコ,5384,東P,,"4,010",+70,+1.78%,"1,079",28.6倍,3.49倍,1.92%
20260812,649,阿波銀,8388,東P,,"8,960",+200,+2.28%,"1,076",19.8倍,0.84倍,2.12%
20260812,650,加賀電子,8154,東P,,"5,160",+200,+4.03%,"1,073",12.3倍,1.34倍,2.71%
20260812,651,トリドール,3397,東P,,"4,262",+1,+0.02%,"1,057",53.5倍,4.06倍,0.28%
20260812,652,野村マスター,3462,東Ｒ,,"151,100","+1,600",+1.07%,"1,053",ー倍,1.17倍,4.89%
20260812,653,タングス,6998,東S,,"3,310",+30,+0.91%,"1,049",22.4倍,1.16倍,2.72%
20260812,654,ホテルリート,8985,東Ｒ,,"81,400",+300,+0.37%,"1,049",9.26倍,1.64倍,6.86%
20260812,655,ＩＮＶ,8963,東Ｒ,,"61,100",+300,+0.49%,"1,044",ー倍,1.32倍,6.20%
20260812,656,京阪ＨＤ,9045,東P,,"3,146.0",0,0.00%,"1,042",11.0倍,0.93倍,2.73%
20260812,657,ワコールＨＤ,3591,東P,,"4,254",-249,-5.53%,"1,042",117倍,0.99倍,2.35%
20260812,658,京葉銀,8544,東P,,"2,644",+72,+2.80%,"1,042",16.1倍,0.94倍,2.50%
20260812,659,カーリット,4275,東P,,"2,047",-67,-3.17%,"1,042",15.1倍,1.19倍,2.05%
20260812,660,三井ハイテク,6966,東P,,949,-18,-1.86%,"1,038",17.3倍,1.47倍,2.00%
20260812,661,ＭＴＧ,7806,東G,,"8,180",+220,+2.76%,"1,033",29.3倍,5.33倍,0.45%
20260812,662,トリケミカル,4369,東P,,"3,365",+30,+0.90%,"1,031",23.8倍,2.97倍,1.04%
20260812,663,十六ＦＧ,7380,東P,,"2,424",+74,+3.15%,"1,015",14.3倍,0.83倍,2.19%
20260812,664,三井松島ＨＤ,1518,東P,,"2,313",+25,+1.09%,"1,014",9.96倍,1.48倍,5.62%
20260812,665,ＰＡコンサル,4071,東P,,"2,382",+77,+3.34%,"1,010",19.4倍,5.86倍,2.10%
20260812,666,リログループ,8876,東P,,"2,184.0",+19.5,+0.90%,"1,008",14.7倍,4.23倍,3.43%
20260812,667,マルマエ,6264,東P,,"2,086",+33,+1.61%,"1,005",17.9倍,3.90倍,2.16%
20260812,668,日本ＣＭＫ,6958,東P,,744,+25,+3.48%,"1,000",17.7倍,0.64倍,3.76%
20260812,669,太陽ＨＤ,4626,東P,,"4,848",+21,+0.44%,990,21.2倍,4.27倍,ー%
20260812,670,セーレン,3569,東P,,"3,445",+10,+0.29%,980,12.8倍,1.22倍,2.21%
20260812,671,ＮＯＫ,7240,東P,,"3,078.0",+10.0,+0.33%,977,10.3倍,0.76倍,4.55%
20260812,672,竹内製作所,6432,東P,,"7,700",+10,+0.13%,976,13.7倍,1.91倍,2.86%
20260812,673,武蔵銀,8336,東P,,"2,660",+41,+1.57%,975,13.2倍,0.94倍,3.08%
20260812,674,野村ＲＥＩＴ,1343,東Ｅ,,"1,949.0",+11.5,+0.59%,974,ー倍,ー倍,ー%
20260812,675,弁護士ＣＯＭ,6027,東P,,"2,650",+224,+9.23%,971,30.2倍,8.25倍,ー%
20260812,676,奥村組,1833,東P,,"5,610",-40,-0.71%,969,13.1倍,1.05倍,5.35%
20260812,677,サワイＧＨＤ,4887,東P,,"1,633.5",+37.0,+2.32%,967,10.1倍,1.06倍,3.43%
20260812,678,阪和興,8078,東P,,"1,792",+21,+1.19%,965,8.63倍,0.79倍,3.68%
20260812,679,ＭＩＸＩ,2121,東P,,"3,320",-15,-0.45%,962,8.67倍,1.15倍,4.67%
20260812,680,三十三ＦＧ,7322,東P,,"1,916",+94,+5.16%,960,13.3倍,0.85倍,2.30%
20260812,681,ｉＳＴＰＸ,1475,東Ｅ,,425.5,+3.5,+0.83%,947,ー倍,ー倍,ー%
20260812,682,コロワイド,7616,東P,,"2,052.5",-4.5,-0.22%,946,103倍,3.18倍,0.24%
20260812,683,Ｌドリンク,2585,東P,,"1,513",-1,-0.07%,946,18.7倍,4.78倍,0.99%
20260812,684,伊藤園,2593,東P,,"2,984.0",+0.5,+0.02%,946,31.3倍,1.95倍,1.74%
20260812,685,ＪＭＤＣ,4483,東P,,"3,500",+70,+2.04%,945,32.3倍,2.76倍,ー%
20260812,686,ＭＸ全世界株,2559,東Ｅ,,"3,022",+15,+0.50%,941,ー倍,ー倍,ー%
20260812,687,パルＨＤ,2726,東P,,"1,496",-5,-0.33%,937,13.6倍,3.16倍,2.67%
20260812,688,Ｆスターズ,3687,東P,,"2,220",+25,+1.14%,931,36.8倍,7.88倍,0.86%
20260812,689,ペプドリ,4587,東P,,"1,007.0",+14.8,+1.49%,931,43.2倍,2.67倍,ー%
20260812,690,ブルーゾーン,417A,東P,,"1,798.5",+22.5,+1.27%,928,15.3倍,1.79倍,1.78%
20260812,691,ｉＳゴールド,314A,東Ｅ,,331.3,+5.1,+1.56%,921,ー倍,ー倍,ー%
20260812,692,レオパレス,8848,東P,,619,-10,-1.59%,913,8.86倍,4.09倍,2.42%
20260812,693,テクノフレ,3449,東S,,"4,115",+255,+6.61%,912,18.4倍,2.72倍,1.56%
20260812,694,メニコン,7780,東P,,"1,965",-58,-2.87%,911,22.5倍,1.53倍,1.42%
20260812,695,シンプレクス,4373,東P,,"1,141",+28,+2.52%,906,20.6倍,5.14倍,2.10%
20260812,696,サンケン,6707,東P,,"8,536",-190,-2.18%,906,171倍,1.42倍,ー%
20260812,697,ｉＳ米国株,1655,東Ｅ,,887.3,+2.4,+0.27%,902,ー倍,ー倍,ー%
20260812,698,テスＨＤ,5074,東P,,774,0,0.00%,899,30.4倍,1.10倍,1.04%
20260812,699,池田泉州ＨＤ,8714,東P,,"1,039",+25,+2.47%,898,15.2倍,1.15倍,2.65%
20260812,700,大紀ア,5702,東P,,"1,850",+10,+0.54%,895,6.03倍,0.94倍,4.86%
20260812,701,東邦銀,8346,東P,,935,+7,+0.75%,891,18.0倍,1.04倍,2.25%
20260812,702,ポーラＨＤ,4927,東P,,"1,428.0",-0.5,-0.04%,886,35.1倍,1.96倍,3.64%
20260812,703,リケンＮＰＲ,6209,東P,,"3,835",-60,-1.54%,868,11.5倍,0.62倍,5.48%
20260812,704,ニフコ,7988,東P,,"5,107",-25,-0.49%,866,14.0倍,1.59倍,2.19%
20260812,705,ＫＬａｂ,3656,東P,,206,-5,-2.37%,866,ー倍,1.50倍,ー%
20260812,706,三井倉ＨＤ,9302,東P,,"3,336.0",+48.0,+1.46%,862,20.0倍,1.83倍,1.50%
20260812,707,マネックスＧ,8698,東P,,695,+2,+0.29%,858,ー倍,1.34倍,4.43%
20260812,708,エスエムエス,2175,東P,,"2,311",+17,+0.74%,854,30.8倍,6.76倍,1.32%
20260812,709,ジェイエイシ,2124,東P,,959,+11,+1.16%,844,17.7倍,6.99倍,3.96%
20260812,710,東映,9605,東P,,"5,890",-240,-3.92%,844,29.2倍,1.25倍,0.20%
20260812,711,セ硝子,4044,東P,,"4,650",+30,+0.65%,843,14.4倍,0.90倍,3.66%
20260812,712,東亜建,1885,東P,,"2,029",+23,+1.15%,842,10.8倍,1.35倍,3.79%
20260812,713,サンテック,1960,東S,,"1,634",+183,+12.61%,842,10.9倍,0.75倍,3.37%
20260812,714,ＳＲＥＨＤ,2980,東P,,"2,588",+20,+0.78%,840,14.8倍,2.59倍,0.77%
20260812,715,小林製薬,4967,東P,,"5,561",-56,-1.00%,839,41.3倍,1.98倍,1.91%
20260812,716,ヨコオ,6800,東P,,"4,165",-25,-0.60%,836,17.4倍,1.56倍,1.54%
20260812,717,電通総研,4812,東P,,"2,698",+3,+0.11%,834,29.3倍,4.99倍,1.67%
20260812,718,エブリー,607A,東G,,255,+23,+9.91%,834,10.9倍,3.09倍,ー%
20260812,719,ＪＣＵ,4975,東P,,"5,640",+120,+2.17%,830,15.8倍,2.48倍,3.19%
20260812,720,アマノ,6436,東P,,"3,886",+6,+0.15%,829,15.3倍,2.06倍,4.63%
20260812,721,カカクコム,2371,東P,,"3,720",0,0.00%,828,35.6倍,11.4倍,ー%
20260812,722,伯東,7433,東P,,"5,300",0,0.00%,827,15.6倍,1.44倍,4.81%
20260812,723,ＤＴＳ,9682,東P,,"1,089",+39,+3.71%,826,14.5倍,2.84倍,3.49%
20260812,724,日証金,8511,東P,,"2,496",-41,-1.62%,824,18.3倍,1.43倍,3.77%
20260812,725,トランザク,7818,東P,,"1,194",+34,+2.93%,822,15.8倍,3.09倍,2.60%
20260812,726,カルビー,2229,東P,,"3,034.0",+13.0,+0.43%,821,21.2倍,1.78倍,2.27%
20260812,727,名古屋銀,8522,東P,,"6,620",+200,+3.12%,818,14.2倍,1.03倍,3.02%
20260812,728,ダイトロン,7609,東P,,"4,570",+85,+1.90%,814,15.3倍,2.45倍,2.63%
20260812,729,森永,2201,東P,,"2,538.0",-12.5,-0.49%,814,12.9倍,1.48倍,2.76%
20260812,730,エクセディ,7278,東P,,"6,060",+20,+0.33%,813,15.6倍,1.14倍,5.78%
20260812,731,黒田グループ,287A,東S,,"1,190",+41,+3.57%,813,12.3倍,1.21倍,5.29%
20260812,732,ＦＰＧ,7148,東P,,"1,637",+32,+1.99%,809,8.84倍,2.28倍,5.66%
20260812,733,住友大阪,5232,東P,,"5,707",-63,-1.09%,808,18.1倍,0.93倍,2.10%
20260812,734,石原産,4028,東P,,"3,055",+64,+2.14%,804,ー倍,0.92倍,4.26%
20260812,735,品川リフラ,5351,東P,,"2,054",-104,-4.82%,801,8.93倍,0.85倍,4.63%
20260812,736,秋田銀,8343,東P,,"8,030",+130,+1.65%,800,16.9倍,0.76倍,2.49%
20260812,737,百十四,8386,東P,,"2,904",+74,+2.61%,800,15.7倍,0.85倍,2.41%
20260812,738,野村金連動,1328,東Ｅ,,"16,670",+375,+2.30%,800,ー倍,ー倍,ー%
20260812,739,ワールド,3612,東P,,"1,624",+20,+1.25%,799,9.83倍,1.25倍,4.13%
20260812,740,東プレ,5975,東P,,"3,175",-50,-1.55%,799,10.2倍,0.62倍,3.15%
20260812,741,サカタＩＮＸ,4633,東P,,"2,694",+97,+3.74%,798,11.1倍,1.04倍,3.71%
20260812,742,日本紙,3863,東P,,"1,389",-5,-0.36%,796,ー倍,0.31倍,1.08%
20260812,743,日ガス,8174,東P,,"2,854.0",+43.5,+1.55%,794,21.7倍,4.73倍,3.85%
20260812,744,オリックスＦ,8954,東Ｒ,,"99,800",+800,+0.81%,792,ー倍,1.56倍,4.91%
20260812,745,コメダ,3543,東P,,"2,888",+34,+1.19%,791,19.1倍,2.61倍,2.15%
20260812,746,ＩＤＯＭ,7599,東P,,"1,296",-2,-0.15%,788,9.16倍,1.45倍,3.27%
20260812,747,博報堂ＤＹ,2433,東P,,"1,252.0",+6.0,+0.48%,788,17.3倍,1.17倍,2.56%
20260812,748,ＶＴＨＤ,7593,東P,,513,+27,+5.56%,787,8.52倍,0.84倍,4.68%
20260812,749,上場銀行１０,540A,東Ｅ,,"2,049",+50,+2.50%,785,ー倍,ー倍,ー%
20260812,750,東和薬品,4553,東P,,"3,700",-5,-0.13%,781,8.47倍,1.00倍,2.30%
20260812,751,東光高岳,6617,東P,,"7,440",-160,-2.11%,779,11.6倍,1.64倍,1.80%
20260812,752,青山商,8219,東P,,748,0,0.00%,779,14.0倍,0.61倍,5.08%
20260812,753,鈴木,6785,東P,,"2,972",-233,-7.27%,777,10.7倍,1.34倍,3.77%
20260812,754,ニッコンＨＤ,9072,東P,,"5,300",-58,-1.08%,774,29.5倍,2.62倍,2.11%
20260812,755,東洋炭素,5310,東P,,"7,330",-90,-1.21%,773,30.8倍,1.58倍,1.98%
20260812,756,ＧＥＮＤＡ,9166,東G,,681,+20,+3.03%,772,ー倍,1.89倍,1.17%
20260812,757,Ｊディスプレ,6740,東P,,49,-1,-2.00%,771,ー倍,-5.5倍,ー%
20260812,758,グンゼ,3002,東P,,"4,220",+30,+0.72%,771,25.5倍,1.23倍,5.12%
20260812,759,ＧＸ半導体,2243,東Ｅ,,"4,606",-80,-1.71%,770,ー倍,ー倍,ー%
20260812,760,ノジマ,7419,東P,,"1,317",-1,-0.08%,770,7.98倍,1.51倍,1.52%
20260812,761,西松建,1820,東P,,"5,434",+6,+0.11%,770,10.5倍,1.12倍,4.60%
20260812,762,高度紙,3891,東S,,"7,110",+360,+5.33%,770,17.9倍,2.77倍,1.55%
20260812,763,オリオン,409A,東P,,"1,187",-62,-4.96%,768,17.1倍,2.82倍,2.86%
20260812,764,ライト,1926,東P,,"3,735",-45,-1.19%,765,13.0倍,1.82倍,3.91%
20260812,765,松屋,8237,東P,,"2,005",-220,-9.89%,763,204倍,3.89倍,0.60%
20260812,766,平和,6412,東P,,"2,147",+29,+1.37%,763,10.4倍,0.84倍,3.73%
20260812,767,藤田観,9722,東P,,"2,336",-13,-0.55%,762,11.2倍,3.25倍,0.86%
20260812,768,東邦鉛,5707,東P,,"1,006",+1,+0.10%,760,5.31倍,1.35倍,ー%
20260812,769,福山運,9075,東P,,"6,170",+120,+1.98%,757,12.8倍,0.77倍,1.62%
20260812,770,テレ朝ＨＤ,9409,東P,,"3,060",+10,+0.33%,751,12.3倍,0.65倍,3.27%
20260812,771,湖北工業,6524,東S,,"4,780",+15,+0.31%,751,26.8倍,4.86倍,0.84%
20260812,772,ハイデ日高,7611,東P,,"2,869",+1,+0.03%,748,23.0倍,4.09倍,1.81%
20260812,773,ＭＸナスダク,2631,東Ｅ,,"33,730",-50,-0.15%,747,ー倍,ー倍,ー%
20260812,774,ユナイテッド,8960,東Ｒ,,"161,900","+1,400",+0.87%,744,ー倍,1.35倍,5.73%
20260812,775,ホシデン,6804,東P,,"2,896",+3,+0.10%,744,11.4倍,0.93倍,2.66%
20260812,776,ミライトワン,1417,東P,,"3,468.0",+12.0,+0.35%,742,11.8倍,1.10倍,2.74%
20260812,777,ＫＤＸ不動産,8972,東Ｒ,,"153,100","+1,500",+0.99%,742,ー倍,0.97倍,5.52%
20260812,778,ＪＳＢ,3480,東P,,"8,970",+20,+0.22%,741,31.9倍,4.10倍,ー%
20260812,779,丹青社,9743,東P,,"1,447",+25,+1.76%,740,12.0倍,1.82倍,5.53%
20260812,780,楽天Ｗベア,1459,東Ｅ,,107,-2,-1.83%,736,ー倍,ー倍,ー%
20260812,781,宝ＨＬＤ,2531,東P,,"2,027.5",+19.0,+0.95%,735,32.6倍,1.50倍,1.53%
20260812,782,クオールＨＤ,3034,東P,,"2,427",+8,+0.33%,735,11.7倍,1.53倍,2.22%
20260812,783,ｉＦＦＮＧ金,521A,東Ｅ,,"2,063",+13,+0.63%,733,ー倍,ー倍,ー%
20260812,784,南都銀,8367,東P,,"1,850",+70,+3.93%,732,13.2倍,0.95倍,3.03%
20260812,785,アイグリッド,603A,東G,,886,+38,+4.48%,723,17.9倍,3.81倍,ー%
20260812,786,松竹,9601,東P,,"10,890",+240,+2.25%,723,68.1倍,1.42倍,0.28%
20260812,787,ジャフコＧ,8595,東P,,"2,295.5",+38.5,+1.71%,721,ー倍,0.90倍,5.79%
20260812,788,ＨＥＮＮＧＥ,4475,東G,,"1,445",-60,-3.99%,720,28.2倍,11.1倍,0.42%
20260812,789,西松屋チェ,7545,東P,,"2,020",-17,-0.83%,719,14.4倍,1.22倍,1.58%
20260812,790,ＦＣＣ,7296,東P,,"4,100",-110,-2.61%,715,11.4倍,0.94倍,4.39%
20260812,791,上場日経２倍,1358,東Ｅ,,"139,150","+2,300",+1.68%,714,ー倍,ー倍,ー%
20260812,792,山洋電,6516,東P,,"5,810",-10,-0.17%,711,17.2倍,1.55倍,2.93%
20260812,793,ハウス食Ｇ,2810,東P,,"3,748",-2,-0.05%,711,19.7倍,1.16倍,2.67%
20260812,794,ノート,5243,東G,,"2,473",+84,+3.52%,711,39.9倍,6.25倍,ー%
20260812,795,ジョイ本田,3191,東P,,"2,266",-38,-1.65%,708,20.7倍,1.08倍,ー%
20260812,796,産業ファンド,3249,東Ｒ,,"137,800",+200,+0.15%,707,ー倍,1.41倍,5.81%
20260812,797,ウイングアク,4432,東P,,"3,160",+25,+0.80%,707,14.8倍,2.41倍,3.42%
20260812,798,ＭＸ２２５,1346,東Ｅ,,"69,880",+530,+0.76%,706,ー倍,ー倍,ー%
20260812,799,イワキポンプ,6237,東P,,"4,605",-215,-4.46%,705,19.9倍,2.43倍,2.00%
20260812,800,Ｋ＆Ｏエナジ,1663,東P,,"1,842",+25,+1.38%,702,14.5倍,0.89倍,2.39%
20260812,801,ブシロード,7803,東G,,385,-2,-0.52%,701,11.2倍,1.89倍,0.65%
20260812,802,ＪＰＭＣ,3276,東P,,"2,244",0,0.00%,700,19.0倍,3.83倍,ー%
20260812,803,山梨銀,8360,東P,,"7,040",+150,+2.18%,698,17.3倍,0.90倍,2.32%
20260812,804,ＧＭＯインタ,4784,東P,,559,+16,+2.95%,697,28.8倍,12.5倍,3.85%
20260812,805,三星ベ,5192,東P,,"4,520",-70,-1.53%,697,12.9倍,1.24倍,4.27%
20260812,806,サムコ,6387,東P,,"9,200",+40,+0.44%,695,38.5倍,5.04倍,0.82%
20260812,807,大黒屋,6993,東S,,94,-9,-8.74%,693,112倍,12.8倍,ー%
20260812,808,新日本空調,1952,東P,,"3,045",+25,+0.83%,690,10.8倍,1.71倍,3.94%
20260812,809,ダイワボウ,3107,東P,,"3,712.0",+24.0,+0.65%,689,12.6倍,1.88倍,2.96%
20260812,810,Ｕｍｉｏｓ,1333,東P,,"1,278.0",+9.0,+0.71%,688,12.8倍,0.78倍,3.52%
20260812,811,東洋紡,3101,東P,,"1,615",+25,+1.57%,686,20.4倍,0.67倍,2.48%
20260812,812,ＮＩＴＴＯＫ,6145,東S,,"2,371",+55,+2.37%,685,12.1倍,0.99倍,3.46%
20260812,813,タクマ,6013,東P,,"3,215",+25,+0.78%,684,15.0倍,2.10倍,3.36%
20260812,814,アンドＳＴ,2685,東P,,"3,445",0,0.00%,684,15.1倍,1.91倍,2.61%
20260812,815,ジャパンエン,6016,東S,,"9,570",+370,+4.02%,682,16.0倍,4.18倍,1.04%
20260812,816,コクヨ,7984,東P,,879.1,-0.2,-0.02%,682,18.0倍,1.44倍,2.79%
20260812,817,野村ナスＨ無,1545,東Ｅ,,238.1,-0.6,-0.25%,681,ー倍,ー倍,ー%
20260812,818,ＩＤＥＣ,6652,東P,,"3,925",+105,+2.75%,681,19.4倍,1.58倍,3.31%
20260812,819,キヤノンＭＪ,8060,東P,,"3,677.0",-1.0,-0.03%,679,17.2倍,1.94倍,2.58%
20260812,820,伊勢化,4107,東S,,"3,790",+55,+1.47%,679,35.8倍,4.60倍,1.06%
20260812,821,プロロジスＲ,3283,東Ｒ,,"87,600",+700,+0.81%,679,ー倍,1.48倍,4.42%
20260812,822,エスケーエレ,6677,東S,,"3,480",-235,-6.33%,677,11.3倍,0.96倍,4.37%
20260812,823,レイズネク,6379,東P,,"2,900",+10,+0.35%,671,17.4倍,1.78倍,4.07%
20260812,824,エムアップ,3661,東P,,833,+32,+4.00%,671,16.6倍,6.20倍,2.88%
20260812,825,西川ゴム,5161,東S,,"3,540",-5,-0.14%,671,19.8倍,1.47倍,5.20%
20260812,826,北陸電,9505,東P,,933.0,+7.0,+0.76%,670,7.80倍,0.41倍,2.68%
20260812,827,ＷＩＺＥ,3664,東G,,23,+1,+4.55%,669,ー倍,1.91倍,ー%
20260812,828,浅沼組,1852,東P,,926,+9,+0.98%,668,14.4倍,1.54倍,4.86%
20260812,829,コメ兵ＨＤ,2780,東S,,"5,500",+160,+3.00%,667,10.3倍,1.62倍,1.96%
20260812,830,レノバ,9519,東P,,915,+13,+1.44%,666,24.3倍,0.62倍,ー%
20260812,831,オプテクスＧ,6914,東P,,"3,545",-35,-0.98%,665,16.4倍,2.12倍,2.14%
20260812,832,東エレデバ,2760,東P,,"4,305",-20,-0.46%,665,13.5倍,2.38倍,3.00%
20260812,833,東芝テック,6588,東P,,"3,210",-240,-6.96%,662,24.3倍,1.79倍,1.25%
20260812,834,ＬＩＮＫ＆Ｍ,2170,東P,,610,-46,-7.01%,658,18.5倍,5.23倍,2.69%
20260812,835,ローランド,7944,東P,,"4,390",+140,+3.29%,658,16.1倍,2.67倍,3.87%
20260812,836,マニー,7730,東P,,"1,603",+54,+3.49%,656,23.2倍,2.76倍,2.56%
20260812,837,ＡＣＣＥＳＳ,4813,東P,,409,-20,-4.66%,656,25.3倍,2.28倍,ー%
20260812,838,Ｄガレージ,4819,東P,,"2,326",+40,+1.75%,654,ー倍,1.42倍,ー%
20260812,839,ムービン,421A,東G,,"3,455",+30,+0.88%,654,14.7倍,6.13倍,ー%
20260812,840,バローＨＤ,9956,東P,,"3,170",+20,+0.63%,651,11.0倍,0.96倍,2.52%
20260812,841,やまびこ,6250,東P,,"4,220",-190,-4.31%,650,10.5倍,1.31倍,2.61%
20260812,842,四国銀,8387,東P,,"3,405",+85,+2.56%,648,16.2倍,0.72倍,2.53%
20260812,843,東京綱,5981,東P,,"1,913",-199,-9.42%,648,9.83倍,0.71倍,3.66%
20260812,844,トモニＨＤ,8600,東P,,"1,046",+16,+1.55%,647,11.3倍,0.67倍,2.87%
20260812,845,Ｕアローズ,7606,東P,,"2,578",-35,-1.34%,647,11.3倍,1.66倍,4.34%
20260812,846,ブロドリーフ,3673,東P,,457,+20,+4.58%,644,25.9倍,3.29倍,1.70%
20260812,847,大有機,4187,東P,,"4,840",-35,-0.72%,644,18.9倍,1.81倍,1.78%
20260812,848,ＮＳＳＯＬ,2327,東P,,"3,853",+22,+0.57%,641,21.8倍,2.55倍,2.26%
20260812,849,伊藤米久ＨＤ,2296,東P,,"5,030",+20,+0.40%,638,15.4倍,0.97倍,3.08%
20260812,850,タムロン,7740,東P,,"1,428",-4,-0.28%,638,16.8倍,2.58倍,3.57%
20260812,851,大平金,5541,東P,,"2,654",-49,-1.81%,636,345倍,0.75倍,4.90%
20260812,852,サイボウズ,4776,東P,,"2,811",+61,+2.22%,635,17.0倍,7.22倍,1.78%
20260812,853,タムラ,6768,東P,,782,-14,-1.76%,633,13.8倍,0.96倍,2.05%
20260812,854,アジアパイル,5288,東P,,"1,510",-19,-1.24%,630,7.47倍,1.06倍,4.64%
20260812,855,セック,3741,東P,,"3,235",+25,+0.78%,630,21.0倍,3.28倍,1.92%
20260812,856,リョー菱ＨＤ,167A,東P,,"3,230",+30,+0.94%,629,17.3倍,0.94倍,4.33%
20260812,857,誠建設,8995,東S,,"1,371",+235,+20.69%,629,39.4倍,0.66倍,1.82%
20260812,858,日本アビオ,6946,東S,,"5,840",-10,-0.17%,628,20.6倍,5.06倍,0.26%
20260812,859,ビジョン,9416,東P,,"1,036",+9,+0.88%,627,9.70倍,2.48倍,4.92%
20260812,860,日軽金ＨＤ,5703,東P,,"2,944",-4,-0.14%,627,10.7倍,0.72倍,3.74%
20260812,861,大真空,6962,東P,,790,-33,-4.01%,626,252倍,0.64倍,3.54%
20260812,862,ハウスリート,8984,東Ｒ,,"121,000","+1,200",+1.00%,625,ー倍,1.11倍,4.83%
20260812,863,トーカロ,3433,東P,,"2,951",+35,+1.20%,623,16.2倍,2.63倍,3.12%
20260812,864,相鉄ＨＤ,9003,東P,,"2,508.5",+30.0,+1.21%,622,10.9倍,1.15倍,2.79%
20260812,865,ｉＦナ百Ｗブ,2869,東Ｅ,,"2,979",-39,-1.29%,622,ー倍,ー倍,ー%
20260812,866,ミラースＨＤ,8897,東P,,442,-1,-0.23%,622,7.38倍,0.71倍,5.20%
20260812,867,クオリプス,4894,東G,,"5,180",-220,-4.07%,621,ー倍,9.12倍,ー%
20260812,868,科研薬,4521,東P,,"4,010",+10,+0.25%,620,23.4倍,0.99倍,4.74%
20260812,869,上場ＮＱヘ無,2568,東Ｅ,,"8,088",-12,-0.15%,618,ー倍,ー倍,ー%
20260812,870,カゴメ,2811,東P,,"2,657.0",-3.0,-0.11%,615,22.9倍,1.25倍,2.18%
20260812,871,ノーリツ鋼機,7744,東P,,"2,074",-8,-0.38%,615,13.1倍,0.96倍,3.62%
20260812,872,ＨＩＯＫＩ,6866,東P,,"11,740",-110,-0.93%,614,20.9倍,3.44倍,2.04%
20260812,873,アルコニクス,3036,東P,,"3,585",-55,-1.51%,613,11.7倍,0.95倍,2.65%
20260812,874,三井不ロジ,3471,東Ｒ,,"107,200","+1,200",+1.13%,612,ー倍,1.07倍,4.67%
20260812,875,福田組,1899,東P,,"4,790",+185,+4.02%,610,12.2倍,0.84倍,2.92%
20260812,876,シップＨＤ,3360,東P,,"2,366.0",+28.0,+1.20%,605,13.5倍,1.47倍,2.75%
20260812,877,イオンＦＳ,8570,東P,,"1,628.5",+5.5,+0.34%,605,23.4倍,0.76倍,3.25%
20260812,878,イトーキ,7972,東P,,"2,611",+39,+1.52%,604,11.5倍,2.09倍,3.45%
20260812,879,山善,8051,東P,,"1,942",+42,+2.21%,600,15.7倍,1.09倍,2.88%
20260812,880,みずほリース,8425,東P,,"1,358",+12,+0.89%,598,7.32倍,0.84倍,3.83%
20260812,881,日セラ,6929,東P,,"3,720",+45,+1.22%,598,16.2倍,1.66倍,4.44%
20260812,882,コシダカＨＤ,2157,東P,,"1,021",+1,+0.10%,597,11.5倍,2.20倍,2.74%
20260812,883,東京製鉄,5423,東P,,"1,737",+4,+0.23%,596,177倍,0.81倍,2.30%
20260812,884,ダイハツイン,6023,東S,,"2,938",+3,+0.10%,587,10.5倍,1.52倍,2.83%
20260812,885,有沢製,5208,東P,,"2,659",-11,-0.41%,584,19.4倍,1.76倍,4.14%
20260812,886,王将フード,9936,東P,,"2,879",-10,-0.35%,584,21.3倍,2.36倍,1.95%
20260812,887,守谷輸送機,6226,東S,,"2,035",+4,+0.20%,583,16.3倍,4.68倍,1.87%
20260812,888,ホクト,1379,東P,,"2,001",+83,+4.33%,583,12.0倍,0.97倍,3.10%
20260812,889,おきなわＦＧ,7350,東P,,"7,560",+100,+1.34%,579,13.5倍,0.99倍,2.65%
20260812,890,因幡電産,9934,東P,,"3,031.0",-3.0,-0.10%,577,14.4倍,1.64倍,2.80%
20260812,891,西華産,8061,東P,,"3,075",-110,-3.45%,577,13.1倍,2.06倍,3.41%
20260812,892,テクマト,3762,東P,,"2,321",+18,+0.78%,577,17.3倍,3.55倍,2.33%
20260812,893,ＮＡＮＫＡＩ,9044,東P,,"2,929.0",+38.5,+1.33%,576,13.3倍,0.92倍,1.88%
20260812,894,クスリアオキ,3549,東S,,"4,010",-7,-0.17%,574,20.0倍,2.70倍,1.60%
20260812,895,ダイセキ,9793,東P,,"3,840",+45,+1.19%,572,16.2倍,2.19倍,2.24%
20260812,896,クレスコ,4674,東P,,"1,855",-12,-0.64%,571,13.4倍,2.22倍,4.31%
20260812,897,栃木銀,8550,東P,,"1,024",+10,+0.99%,570,11.9倍,0.65倍,2.93%
20260812,898,宮崎銀,8393,東P,,"2,414",+103,+4.46%,568,14.0倍,0.87倍,2.32%
20260812,899,日本電設,1950,東P,,"3,860",+15,+0.39%,565,12.0倍,1.06倍,3.29%
20260812,900,ＣＣＩＧ,7381,東P,,"1,215",+9,+0.75%,564,15.7倍,1.01倍,2.47%
20260812,901,東テク,9960,東P,,"3,760",+50,+1.35%,563,11.3倍,2.07倍,3.40%
20260812,902,ＨＩＳ,9603,東P,,"1,138",+27,+2.43%,562,ー倍,1.42倍,2.20%
20260812,903,アクセルＨＤ,402A,東G,,543,+20,+3.82%,562,ー倍,5.19倍,ー%
20260812,904,電算システム,4072,東P,,"3,015",+10,+0.33%,561,12.4倍,1.26倍,3.32%
20260812,905,ＮＪＳ,2325,東P,,"4,600",+110,+2.45%,557,17.9倍,1.42倍,2.39%
20260812,906,ＧＭＳ,544A,東P,,336,-22,-6.15%,557,3.22倍,0.38倍,ー%
20260812,907,オキサイド,6521,東G,,"3,270",+65,+2.03%,551,63.6倍,7.94倍,ー%
20260812,908,コンフォリア,3282,東Ｒ,,"99,600","+1,200",+1.22%,551,ー倍,1.51倍,4.21%
20260812,909,東海東京,8616,東P,,818,-3,-0.37%,549,ー倍,1.06倍,ー%
20260812,910,ケイアイ不,3465,東P,,"3,675",-10,-0.27%,547,6.52倍,1.56倍,3.81%
20260812,911,オークネット,3964,東P,,"1,465",-9,-0.61%,547,17.1倍,4.49倍,5.60%
20260812,912,フクダ電,6960,東S,,"12,100",+90,+0.75%,546,18.5倍,1.70倍,1.90%
20260812,913,ＪＩＡ,7172,東P,,"2,069",+44,+2.17%,544,9.88倍,1.56倍,5.22%
20260812,914,理計器,7734,東P,,"3,450",+70,+2.07%,544,16.3倍,1.80倍,1.74%
20260812,915,沖縄セルラー,9436,東S,,"4,070",-50,-1.21%,544,28.2倍,3.77倍,1.72%
20260812,916,積水ハウスＲ,3309,東Ｒ,,"74,400",+600,+0.81%,544,ー倍,1.10倍,5.13%
20260812,917,マクセル,6810,東P,,"2,414",-47,-1.91%,544,13.3倍,0.98倍,2.32%
20260812,918,ベル２４ＨＤ,6183,東P,,"1,388",+24,+1.76%,543,12.1倍,1.39倍,4.32%
20260812,919,応用地質,9755,東P,,"2,815",-18,-0.64%,543,16.5倍,0.82倍,3.91%
20260812,920,ウエストＨＤ,1407,東S,,"2,671",+23,+0.87%,542,16.0倍,3.02倍,2.62%
20260812,921,長野計器,7715,東P,,"3,965",+25,+0.63%,541,17.1倍,1.46倍,1.51%
20260812,922,原油先Ｗブル,2038,東EN,,"2,180",+229,+11.74%,538,ー倍,ー倍,ー%
20260812,923,富士急,9010,東P,,"2,750",+6,+0.22%,535,25.4倍,3.49倍,1.20%
20260812,924,アース製薬,4985,東P,,"4,820",+5,+0.10%,535,17.0倍,1.30倍,2.70%
20260812,925,オカムラ,7994,東P,,"2,328",+28,+1.22%,535,10.5倍,1.08倍,4.51%
20260812,926,ＳＰＤＲ,1326,東Ｅ,,"64,200","+1,050",+1.66%,533,ー倍,ー倍,ー%
20260812,927,日山村硝,5210,東S,,"2,991",+164,+5.80%,533,10.5倍,0.53倍,5.02%
20260812,928,システナ,2317,東P,,433,+13,+3.10%,532,14.6倍,3.93倍,4.16%
20260812,929,エディオン,2730,東P,,"2,503",-25,-0.99%,532,16.9倍,1.10倍,2.00%
20260812,930,インテグラル,5842,東G,,"2,985",+137,+4.81%,531,ー倍,1.44倍,1.24%
20260812,931,ＳＦＯＯＤＳ,2292,東P,,"2,737",+18,+0.66%,529,13.4倍,0.66倍,4.02%
20260812,932,ディップ,2379,東P,,"1,864",+16,+0.87%,529,21.0倍,2.80倍,5.20%
20260812,933,エノモト,6928,東S,,"3,005",-65,-2.12%,527,11.3倍,0.83倍,2.66%
20260812,934,ビーエイブル,604A,東S,,"1,016",+83,+8.90%,527,13.8倍,1.73倍,1.97%
20260812,935,ＵＳＭＨ,3222,東S,,813,+4,+0.49%,527,"1,129倍",0.82倍,1.97%
20260812,936,ロイヤルＨＤ,8179,東P,,"1,343",-17,-1.25%,524,23.2倍,2.36倍,1.30%
20260812,937,インターメス,262A,東P,,"1,967",+37,+1.92%,523,12.7倍,2.18倍,2.59%
20260812,938,ジャックス,8584,東P,,"3,775",+15,+0.40%,521,16.9倍,0.56倍,5.30%
20260812,939,３ＤＭ,7777,東G,,359,+7,+1.99%,521,28.9倍,7.03倍,ー%
20260812,940,メタウォータ,9551,東P,,"3,160",-35,-1.10%,519,13.8倍,1.57倍,2.53%
20260812,941,ｉＦＲＥＩＴ,1488,東Ｅ,,"1,890",+20,+1.07%,517,ー倍,ー倍,ー%
20260812,942,新電元,6844,東P,,"3,290",-50,-1.50%,516,12.4倍,0.46倍,3.04%
20260812,943,日清オイリオ,2602,東P,,"1,960",+28,+1.45%,515,15.0倍,0.85倍,3.06%
20260812,944,インテリＷ,4847,東P,,"1,260",+6,+0.48%,515,21.6倍,3.28倍,2.94%
20260812,945,ベクトル,6058,東P,,"1,755",-38,-2.12%,515,15.0倍,3.76倍,2.05%
20260812,946,航空電子,6807,東P,,"2,301",-37,-1.58%,514,25.9倍,1.08倍,2.17%
20260812,947,ＧＸ半導１０,282A,東Ｅ,,"2,430",+40,+1.67%,514,ー倍,ー倍,ー%
20260812,948,オカモト,5122,東P,,"6,100",-30,-0.49%,513,18.2倍,0.95倍,2.13%
20260812,949,ＭＸ米株ＳＰ,2558,東Ｅ,,"3,542",+8,+0.23%,513,ー倍,ー倍,ー%
20260812,950,グロブライド,7990,東P,,"2,455",+85,+3.59%,511,9.46倍,0.81倍,4.07%
20260812,951,サカタタネ,1377,東P,,"4,395",0,0.00%,510,18.6倍,1.04倍,2.05%
20260812,952,松井,8628,東P,,"1,095",-2,-0.18%,507,ー倍,3.47倍,ー%
20260812,953,川田テク,3443,東P,,"1,325",-27,-2.00%,505,9.59倍,0.69倍,3.17%
20260812,954,アイスタイル,3660,東P,,445,+4,+0.91%,504,16.8倍,2.07倍,0.22%
20260812,955,紀陽銀,8370,東P,,"4,845",+115,+2.43%,504,12.5倍,1.26倍,3.22%
20260812,956,稀元素,4082,東P,,"1,954",+49,+2.57%,504,31.5倍,1.21倍,1.54%
20260812,957,日本駐車場,2353,東P,,257,+4,+1.58%,504,14.0倍,4.10倍,3.50%
20260812,958,日精機,7287,東S,,"2,641",+44,+1.69%,502,15.2倍,0.65倍,3.41%
20260812,959,トーモク,3946,東P,,"4,580",-40,-0.87%,501,9.34倍,0.74倍,3.71%
20260812,960,ゲオＨＤ,2681,東P,,"2,260",-46,-1.99%,500,15.0倍,0.89倍,1.50%
20260812,961,大同メ,7245,東P,,"1,341",-20,-1.47%,499,12.4倍,0.76倍,2.68%
20260812,962,ドトル日レス,3087,東P,,"3,175",+45,+1.44%,498,17.7倍,1.25倍,1.89%
20260812,963,ステラケミ,4109,東P,,"5,430",+130,+2.45%,497,19.5倍,1.39倍,3.31%
20260812,964,タダノ,6395,東P,,"1,421",+18,+1.28%,496,12.9倍,0.83倍,2.39%
20260812,965,栗本鉄,5602,東P,,"1,720",-31,-1.77%,495,13.9倍,1.10倍,3.49%
20260812,966,ニップン,2001,東P,,"2,826",-4,-0.14%,494,11.0倍,0.83倍,2.41%
20260812,967,ワクー,4937,東G,,"2,150",+182,+9.25%,494,18.7倍,3.07倍,ー%
20260812,968,芙蓉リース,8424,東P,,"4,457",+1,+0.02%,493,8.38倍,0.79倍,3.86%
20260812,969,アイピーエス,4390,東P,,"3,605",-160,-4.25%,493,11.2倍,2.34倍,1.11%
20260812,970,大分銀,8392,東P,,"2,701",+75,+2.86%,492,15.7倍,0.78倍,1.85%
20260812,971,荒川化,4968,東P,,"2,292",+54,+2.41%,490,20.2倍,0.70倍,2.40%
20260812,972,ＤＮＣ,4246,東P,,"1,100",0,0.00%,489,7.08倍,0.80倍,5.27%
20260812,973,アークランズ,9842,東P,,"1,899",-14,-0.73%,489,11.9倍,0.93倍,2.11%
20260812,974,日本ロジ,8967,東Ｒ,,"95,700",+300,+0.31%,488,ー倍,1.86倍,4.94%
20260812,975,大末建,1814,東P,,"3,670",-105,-2.78%,488,9.79倍,1.48倍,5.07%
20260812,976,リケンテクノ,4220,東P,,"2,714",-17,-0.62%,488,13.5倍,1.87倍,3.13%
20260812,977,ＳＢＳＨＤ,2384,東P,,"4,830",-90,-1.83%,488,13.2倍,1.83倍,2.48%
20260812,978,ＮＳＤ,9759,東P,,"2,799.5",+53.5,+1.95%,487,16.2倍,3.09倍,3.46%
20260812,979,ＡＤプラズマ,6668,東S,,"3,660",+205,+5.93%,486,16.9倍,2.14倍,0.82%
20260812,980,上場半導体株,213A,東Ｅ,,410.0,+7.1,+1.76%,486,ー倍,ー倍,ー%
20260812,981,フジシール,7864,東P,,"3,255",-20,-0.61%,486,11.4倍,1.06倍,2.67%
20260812,982,アスクル,2678,東P,,"1,261",+6,+0.48%,485,28.2倍,2.36倍,1.59%
20260812,983,山形銀,8344,東P,,"4,250",+150,+3.66%,482,17.6倍,0.85倍,2.31%
20260812,984,丸全運,9068,東P,,"7,290",-430,-5.57%,482,10.8倍,0.97倍,3.02%
20260812,985,セルシス,3663,東P,,"1,917",-28,-1.44%,480,21.3倍,10.6倍,2.71%
20260812,986,ミラースＲ,3492,東Ｒ,,"80,700",+200,+0.25%,479,ー倍,0.90倍,6.69%
20260812,987,テクノ菱和,1965,東S,,"6,300",+110,+1.78%,479,11.0倍,1.91倍,2.83%
20260812,988,芝浦機,6104,東P,,"4,160",+60,+1.46%,478,49.2倍,0.84倍,3.37%
20260812,989,スターツ,8850,東P,,"4,680",-15,-0.32%,478,8.53倍,1.16倍,3.21%
20260812,990,ラサールロジ,3466,東Ｒ,,"149,400",+900,+0.61%,477,ー倍,1.22倍,5.41%
20260812,991,三井不アコモ,3226,東Ｒ,,"119,000",+800,+0.68%,476,ー倍,1.96倍,4.03%
20260812,992,コメリ,8218,東P,,"3,885",-40,-1.02%,476,12.1倍,0.69倍,1.49%
20260812,993,野村商社卸売,1629,東Ｅ,,269.6,-1.4,-0.52%,475,ー倍,ー倍,ー%
20260812,994,ＴＲＥＨＤ,9247,東P,,"1,987",+36,+1.85%,475,18.7倍,1.13倍,2.52%
20260812,995,中国塗,4617,東P,,"3,685",+15,+0.41%,474,16.6倍,1.89倍,2.71%
20260812,996,Ａｉロボ,247A,東G,,840,-8,-0.94%,473,ー倍,9.03倍,ー%
20260812,997,鉄建建設,1815,東P,,"4,220",-5,-0.12%,472,9.33倍,0.77倍,5.45%
20260812,998,ダイジェト,6138,東S,Ｓ,"1,972",+400,+25.45%,472,6.89倍,0.58倍,3.55%
20260812,999,パーカライ,4095,東P,,"1,727",-6,-0.35%,471,13.0倍,0.90倍,2.90%
20260812,1000,トラスコ中山,9830,東P,,"2,428",+35,+1.46%,471,10.6倍,0.83倍,2.51%
20260812,1001,富士紡ＨＤ,3104,東P,,"3,650",+20,+0.55%,470,18.1倍,2.35倍,2.30%
20260812,1002,ツバキナカ,6464,東P,,340,-60,-15.00%,470,26.0倍,0.33倍,ー%
20260812,1003,シグマクシス,6088,東P,,551,+23,+4.36%,466,10.0倍,3.43倍,4.72%
20260812,1004,中電工,1941,東P,,"5,030",+30,+0.60%,466,13.5倍,1.05倍,2.78%
20260812,1005,シナネンＨＤ,8132,東P,,"7,180",+980,+15.81%,466,15.0倍,1.31倍,1.67%
20260812,1006,岩手銀,8345,東P,,"2,363",+80,+3.50%,465,16.3倍,0.82倍,2.45%
20260812,1007,ＴＰＸベア２,1356,東Ｅ,,103.4,-1.9,-1.80%,462,ー倍,ー倍,ー%
20260812,1008,ｍｅｉｔｏ,2207,東P,,"3,530",+270,+8.28%,458,12.4倍,0.88倍,2.27%
20260812,1009,住友精化,4008,東P,,"1,509",-46,-2.96%,457,12.1倍,0.92倍,4.64%
20260812,1010,渋沢倉,9304,東P,,"1,891",+5,+0.27%,457,14.6倍,1.46倍,4.76%
20260812,1011,ＧＸＵテック,2244,東Ｅ,,"3,650",+1,+0.03%,455,ー倍,ー倍,ー%
20260812,1012,日本コークス,3315,東P,,102,0,0.00%,455,59.3倍,0.87倍,ー%
20260812,1013,Ｊプライム,8955,東Ｒ,,"97,000",+900,+0.94%,452,ー倍,1.38倍,4.41%
20260812,1014,鴻池運輸,9025,東P,,"2,932",+26,+0.89%,452,11.1倍,0.96倍,3.75%
20260812,1015,ＫＨネオケム,4189,東P,,"3,460",-25,-0.72%,451,13.9倍,1.62倍,3.76%
20260812,1016,テレ東ＨＤ,9413,東P,,"3,445",+105,+3.14%,450,11.5倍,0.87倍,2.90%
20260812,1017,バルカー,7995,東P,,"6,840",-80,-1.16%,450,13.9倍,2.15倍,2.92%
20260812,1018,白銅,7637,東P,,"3,910",+275,+7.57%,450,12.4倍,1.70倍,3.66%
20260812,1019,ＴＳテック,7313,東P,,"1,817.5",+7.5,+0.41%,449,26.5倍,0.68倍,5.06%
20260812,1020,エスビー,2805,東S,,"6,700",-210,-3.04%,449,20.0倍,1.64倍,0.90%
20260812,1021,乾汽船,9308,東S,,"2,060",+28,+1.38%,446,13.6倍,1.36倍,2.21%
20260812,1022,パイロット,7846,東P,,"1,976.5",-29.0,-1.45%,446,13.8倍,1.43倍,2.28%
20260812,1023,クリングル,4884,東G,,411,+49,+13.54%,446,ー倍,2.83倍,ー%
20260812,1024,第一興商,7458,東P,,"1,832.0",+16.0,+0.88%,444,15.0倍,1.54倍,3.71%
20260812,1025,ＴＫＣ,9746,東P,,"3,985",+20,+0.50%,442,15.2倍,1.76倍,3.16%
20260812,1026,エン,4849,東P,,"1,442",-7,-0.48%,441,9.97倍,1.59倍,4.74%
20260812,1027,ヨドコウ,5451,東P,,"1,439",-23,-1.57%,440,17.5倍,1.05倍,4.31%
20260812,1028,ツカダＧＨＤ,2418,東S,,607,-12,-1.94%,436,4.75倍,0.73倍,2.31%
20260812,1029,カーブスＨＤ,7085,東P,,943,+1,+0.11%,436,17.4倍,3.53倍,3.18%
20260812,1030,ＳＨＯＥＩ,7839,東P,,"2,043",+2,+0.10%,434,17.6倍,3.22倍,2.94%
20260812,1031,リョービ,5851,東P,,"2,784",+15,+0.54%,433,7.38倍,0.47倍,3.81%
20260812,1032,アコム,8572,東S,,482.7,+2.3,+0.48%,433,11.9倍,1.06倍,4.56%
20260812,1033,紙パル商,8032,東P,,"1,254",-21,-1.65%,432,17.2倍,1.05倍,2.87%
20260812,1034,アズワン,7476,東P,,"2,394.5",+13.0,+0.55%,432,19.0倍,2.33倍,2.76%
20260812,1035,カーボン,5302,東P,,"4,990",-50,-0.99%,432,19.7倍,0.98倍,4.01%
20260812,1036,東計電算,4746,東S,,"6,500",+60,+0.93%,430,13.6倍,2.02倍,7.33%
20260812,1037,上場東証指数,1308,東Ｅ,,"4,260",+33,+0.78%,430,ー倍,ー倍,ー%
20260812,1038,三井不商業,8964,東Ｒ,,"80,400",+500,+0.63%,429,ー倍,1.24倍,5.47%
20260812,1039,泉州電,9824,東P,,"6,730",+30,+0.45%,428,13.5倍,1.86倍,2.38%
20260812,1040,サンゲツ,8130,東P,,"3,135",+25,+0.80%,428,13.7倍,1.52倍,4.94%
20260812,1041,網屋,4258,東G,,"4,840",+70,+1.47%,428,46.9倍,17.1倍,0.41%
20260812,1042,モスフード,8153,東P,,"3,745",+5,+0.13%,427,32.1倍,1.98倍,0.91%
20260812,1043,サンバイオ,4592,東G,,"1,017",-3,-0.29%,426,ー倍,6.39倍,ー%
20260812,1044,イオンリート,3292,東Ｒ,,"121,100",+500,+0.41%,426,ー倍,1.05倍,5.60%
20260812,1045,ガンホー,3765,東P,,"2,422",+27,+1.13%,425,ー倍,1.11倍,ー%
20260812,1046,コスピブル,2033,東EN,,"68,050","+4,440",+6.98%,425,ー倍,ー倍,ー%
20260812,1047,広済堂ＨＤ,7868,東P,,543,+19,+3.63%,424,17.4倍,1.63倍,2.46%
20260812,1048,フルキャスト,4848,東P,,"1,832",+56,+3.15%,423,11.7倍,1.98倍,3.49%
20260812,1049,技術承継機構,319A,東G,,"19,750",+70,+0.36%,423,ー倍,17.2倍,ー%
20260812,1050,東亜道,1882,東P,,"1,596",0,0.00%,420,17.6倍,1.44倍,5.64%
20260812,1051,不二越,6474,東P,,"5,680",-30,-0.53%,419,16.5倍,0.70倍,1.94%
20260812,1052,西鉄,9031,東P,,"3,000.0",0,0.00%,419,10.1倍,0.78倍,3.00%
20260812,1053,サンエー,2659,東P,,"3,340",-35,-1.04%,418,18.1倍,1.34倍,3.29%
20260812,1054,ストライクＧ,6196,東P,,"1,323",0,0.00%,414,15.2倍,3.55倍,4.91%
20260812,1055,化工機,6331,東P,,"3,185",-35,-1.09%,413,10.6倍,1.61倍,3.77%
20260812,1056,イチケン,1847,東S,,"3,480",+85,+2.50%,411,6.92倍,1.23倍,5.17%
20260812,1057,オープンＵＰ,2154,東P,,"2,018",-3,-0.15%,411,13.9倍,2.14倍,4.46%
20260812,1058,アサカ理研,5724,東S,,"2,722",-18,-0.66%,411,17.5倍,2.35倍,0.44%
20260812,1059,ポート,7047,東G,,"2,685",+80,+3.07%,411,10.6倍,3.21倍,0.48%
20260812,1060,シークス,7613,東P,,"1,621",+6,+0.37%,408,9.32倍,0.69倍,3.08%
20260812,1061,地主,3252,東P,,"2,910",+50,+1.75%,408,7.53倍,1.21倍,4.47%
20260812,1062,ＪＢＣＣＨＤ,9889,東P,,"1,708",+9,+0.53%,406,17.3倍,4.23倍,3.51%
20260812,1063,富山第一銀,7184,東P,,"3,040",+71,+2.39%,405,14.2倍,0.96倍,2.47%
20260812,1064,ノースサンド,446A,東G,,"1,725",+76,+4.61%,404,18.6倍,6.69倍,1.91%
20260812,1065,トレファク,3093,東P,,"2,104",+4,+0.19%,403,13.9倍,3.66倍,2.19%
20260812,1066,飛島ＨＤ,256A,東P,,"2,061",+28,+1.38%,403,8.24倍,0.74倍,5.34%
20260812,1067,スクロール,8005,東P,,"1,870",-17,-0.90%,403,13.5倍,1.65倍,5.45%
20260812,1068,岡三,8609,東P,,"1,100",-3,-0.27%,402,ー倍,0.94倍,ー%
20260812,1069,ＳＰＤＲ５百,1557,東Ｅ,,"122,900",+200,+0.16%,402,ー倍,ー倍,ー%
20260812,1070,第一実,8059,東P,,"3,450",-65,-1.85%,400,11.7倍,1.19倍,3.62%
20260812,1071,福井銀,8362,東P,,"6,320",+300,+4.98%,400,16.6倍,0.92倍,2.37%
20260812,1072,愛媛銀,8541,東P,,"2,835",+55,+1.98%,400,17.0倍,0.77倍,1.69%
20260812,1073,平和不,8803,東P,,"2,347",+22,+0.95%,400,13.5倍,1.25倍,4.39%
20260812,1074,藤コンポ,5121,東P,,"2,688",-67,-2.43%,400,13.0倍,1.25倍,3.20%
20260812,1075,平和不リート,8966,東Ｒ,,"133,300","+1,900",+1.45%,399,ー倍,1.33倍,6.05%
20260812,1076,イオレ,2334,東G,,536,+16,+3.08%,399,18.2倍,6.61倍,ー%
20260812,1077,くら寿司,2695,東P,,"1,696",+2,+0.12%,399,44.9倍,2.10倍,0.88%
20260812,1078,クラボウ,3106,東P,,"10,230",-130,-1.25%,399,10.9倍,1.19倍,3.24%
20260812,1079,共和コーポ,6570,東S,,"2,970",+368,+14.14%,399,14.6倍,2.83倍,1.35%
20260812,1080,野村ダウＨ無,1546,東Ｅ,,"83,090",-130,-0.16%,399,ー倍,ー倍,ー%
20260812,1081,ＧＸＮデカバ,563A,東Ｅ,,"1,059",0,0.00%,397,ー倍,ー倍,ー%
20260812,1082,エアロエッジ,7409,東G,,"1,612",+2,+0.12%,396,57.1倍,8.68倍,ー%
20260812,1083,稲畑産,8098,東P,,"4,130",+20,+0.49%,396,10.5倍,0.91倍,3.46%
20260812,1084,椿本チ,6371,東P,,"2,706",+2,+0.07%,394,12.5倍,0.92倍,2.96%
20260812,1085,極東開発,7226,東P,,"2,325",-4,-0.17%,394,17.9倍,0.80倍,5.16%
20260812,1086,菱鉛筆,7976,東P,,"2,916",-45,-1.52%,392,18.2倍,1.06倍,1.95%
20260812,1087,ワコム,6727,東P,,807,+15,+1.89%,391,10.7倍,2.91倍,2.97%
20260812,1088,大和オフィス,8976,東Ｒ,,"329,500","+4,000",+1.23%,390,ー倍,1.26倍,4.35%
20260812,1089,船井総研ＨＤ,9757,東P,,"1,136",+11,+0.98%,390,16.2倍,4.00倍,4.23%
20260812,1090,ヘリオス,4593,東G,,254,-4,-1.55%,389,ー倍,3.91倍,ー%
20260812,1091,ＥＩＺＯ,6737,東P,,"2,947",0,0.00%,388,17.5倍,0.57倍,3.90%
20260812,1092,東急建設,1720,東P,,"1,132",+5,+0.44%,388,10.9倍,1.09倍,3.80%
20260812,1093,東鉄工,1835,東P,,"3,975",+15,+0.38%,388,10.5倍,1.05倍,3.82%
20260812,1094,日本信号,6741,東P,,"1,836",-47,-2.50%,387,11.5倍,1.01倍,3.05%
20260812,1095,ホーチキ,6745,東P,,"2,050",-20,-0.97%,386,17.0倍,2.25倍,1.95%
20260812,1096,三洋貿易,3176,東P,,"1,068",-13,-1.20%,386,10.3倍,1.11倍,3.75%
20260812,1097,ＡＰＩ,3279,東Ｒ,,"140,400",+700,+0.50%,385,ー倍,1.24倍,4.67%
20260812,1098,日ヒュム,5262,東P,,"1,126",+10,+0.90%,384,16.9倍,1.06倍,2.31%
20260812,1099,荏原実業,6328,東P,,"2,291",+47,+2.09%,383,12.0倍,1.65倍,3.27%
20260812,1100,トヨカネツ,6369,東P,,"2,401",-21,-0.87%,382,13.6倍,0.93倍,4.37%
20260812,1101,大崎電,6644,東P,,"1,541",+27,+1.78%,380,14.0倍,1.19倍,3.18%
20260812,1102,新晃工,6458,東P,,"1,208",+18,+1.51%,379,11.3倍,1.24倍,4.14%
20260812,1103,エスペック,6859,東P,,"4,160",+25,+0.60%,379,14.9倍,1.46倍,2.76%
20260812,1104,ニッタ,5186,東P,,"6,970",-100,-1.41%,378,12.8倍,1.14倍,2.44%
20260812,1105,ＩＭＶ,7760,東S,,"1,981",+65,+3.39%,378,17.1倍,2.40倍,1.51%
20260812,1106,アトラエ,6194,東P,,901,+21,+2.39%,377,20.8倍,4.97倍,4.11%
20260812,1107,カーバイド,4064,東P,,"3,275",+75,+2.34%,377,9.86倍,0.79倍,4.09%
20260812,1108,ＷＮＩウェザ,4825,東P,,"2,006",+34,+1.72%,377,23.2倍,3.73倍,2.49%
20260812,1109,ＡＣＳＬ,6232,東G,,"1,758",+4,+0.23%,376,ー倍,12.3倍,ー%
20260812,1110,新日本建,1879,東P,,"2,248",0,0.00%,376,7.51倍,0.97倍,3.56%
20260812,1111,ヤマシン―Ｆ,6240,東P,,538,+5,+0.94%,375,18.7倍,1.71倍,3.72%
20260812,1112,インターアク,7725,東P,,"1,925",+11,+0.57%,375,18.6倍,1.81倍,2.86%
20260812,1113,山岡家,3399,東S,,"3,655",+25,+0.69%,375,19.7倍,6.78倍,0.82%
20260812,1114,アイル,3854,東P,,"2,328",+50,+2.19%,375,14.4倍,4.65倍,2.84%
20260812,1115,太平電,1968,東P,,"2,378",+3,+0.13%,374,12.5倍,1.20倍,3.15%
20260812,1116,アリアケ,2815,東P,,"5,360",+40,+0.75%,374,17.9倍,1.30倍,5.60%
20260812,1117,星野Ｒリート,3287,東Ｒ,,"240,500","+1,800",+0.75%,373,ー倍,0.96倍,5.57%
20260812,1118,ムゲンＥ,3299,東S,,"1,681",+1,+0.06%,373,8.31倍,1.11倍,6.19%
20260812,1119,ＡＯＫＩＨＤ,8214,東P,,"1,704",+8,+0.47%,372,14.3倍,1.02倍,5.28%
20260812,1120,東邦ＨＤ,8129,東P,,"3,778",+7,+0.19%,371,19.1倍,0.93倍,4.76%
20260812,1121,琉球銀,8399,東P,,"3,055",+10,+0.33%,371,12.5倍,0.86倍,3.21%
20260812,1122,岩井コスモ,8707,東P,,"4,335",+35,+0.81%,370,ー倍,1.37倍,ー%
20260812,1123,飯野海,9119,東P,,"1,563",-4,-0.26%,370,11.8倍,0.99倍,3.39%
20260812,1124,グリーＨＤ,3632,東P,,425,+9,+2.16%,368,ー倍,0.77倍,5.18%
20260812,1125,ＶＩＸＥＴＦ,318A,東Ｅ,,401.2,-5.4,-1.33%,366,ー倍,ー倍,ー%
20260812,1126,ユーグレナ,2931,東P,,355,-13,-3.53%,365,ー倍,1.50倍,ー%
20260812,1127,アイスペース,9348,東G,,421,+8,+1.94%,364,ー倍,7.20倍,ー%
20260812,1128,かわでん,6648,東S,,"1,663",+8,+0.48%,364,9.06倍,1.28倍,3.97%
20260812,1129,住友倉,9303,東P,,"4,115",+15,+0.37%,364,18.1倍,0.99倍,2.50%
20260812,1130,リンガハット,8200,東P,,"2,269",-28,-1.22%,361,49.0倍,3.83倍,0.57%
20260812,1131,アクシアル,8255,東P,,"1,201",-8,-0.66%,361,13.1倍,1.11倍,2.41%
20260812,1132,サイバーリン,3683,東S,,"1,083",-17,-1.55%,361,9.22倍,1.24倍,3.23%
20260812,1133,東京エネシス,1945,東P,,"2,028",-7,-0.34%,360,12.9倍,0.93倍,3.80%
20260812,1134,ＧＸ宇宙テク,610A,東Ｅ,,"1,161",+9,+0.78%,359,ー倍,ー倍,ー%
20260812,1135,千葉興,8337,東P,,"2,702",+84,+3.21%,359,17.5倍,1.01倍,0.74%
20260812,1136,セレス,3696,東P,,"2,068",+28,+1.37%,358,3.98倍,1.81倍,4.35%
20260812,1137,旭有機材,4216,東P,,"6,010",-40,-0.66%,357,18.5倍,1.38倍,2.16%
20260812,1138,冶金工,5480,東P,,"5,430",-90,-1.63%,356,8.36倍,0.73倍,4.05%
20260812,1139,日本電技,1723,東S,,"2,150",+33,+1.56%,355,15.8倍,2.91倍,2.60%
20260812,1140,井関農,6310,東P,,"1,758",+7,+0.40%,355,13.3倍,0.51倍,2.56%
20260812,1141,タスキＨＤ,166A,東P,,"1,117",+1,+0.09%,354,11.9倍,2.14倍,4.48%
20260812,1142,日本通信,9424,東P,,112,+7,+6.67%,354,ー倍,4.01倍,ー%
20260812,1143,カワチ薬品,2664,東P,,"3,620",+25,+0.70%,353,27.0倍,0.70倍,2.76%
20260812,1144,ノエビアＨＤ,4928,東P,,"4,840",+20,+0.41%,352,20.2倍,3.24倍,4.75%
20260812,1145,ギフトＨＤ,9279,東P,,"5,310",-70,-1.30%,350,37.0倍,8.83倍,0.49%
20260812,1146,イズミ,8273,東P,,"1,004",+4,+0.40%,349,12.1倍,0.71倍,2.99%
20260812,1147,ＦＦＲＩ,3692,東G,,"5,400",-30,-0.55%,349,37.7倍,11.3倍,0.33%
20260812,1148,大和証券リビ,8986,東Ｒ,,"96,100","+1,000",+1.05%,348,ー倍,1.22倍,5.22%
20260812,1149,新日本科学,2395,東P,,"1,485",-2,-0.13%,348,17.7倍,1.48倍,3.37%
20260812,1150,能美防災,6744,東P,,"4,480",+25,+0.56%,348,19.8倍,1.95倍,2.59%
20260812,1151,アキレス,5142,東P,,"1,789",-6,-0.33%,347,11.1倍,0.55倍,2.79%
20260812,1152,ライフコーポ,8194,東P,,"2,597",-14,-0.54%,347,11.8倍,1.43倍,2.70%
20260812,1153,カヤバ,7242,東P,,"4,535",-75,-1.63%,346,11.4倍,0.78倍,3.57%
20260812,1154,コロンビア,146A,東S,,"3,305",+25,+0.76%,346,6.02倍,1.35倍,2.84%
20260812,1155,ｉＦ日本配当,435A,東Ｅ,,"2,728",0,0.00%,346,ー倍,ー倍,ー%
20260812,1156,京三,6742,東P,,"1,000",+6,+0.60%,345,14.7倍,1.14倍,2.70%
20260812,1157,サカイ引越,9039,東P,,"2,958",+10,+0.34%,345,13.6倍,1.18倍,3.96%
20260812,1158,コジマ,7513,東P,,"1,350",+20,+1.50%,344,19.7倍,1.41倍,2.07%
20260812,1159,ジャスト,4686,東P,,"4,025",+65,+1.64%,343,ー倍,2.12倍,0.75%
20260812,1160,ＡＢＥＪＡ,5574,東G,,"2,800",-94,-3.25%,342,32.8倍,5.28倍,ー%
20260812,1161,ＤＣＭ,3050,東P,,"1,563",+4,+0.26%,341,12.3倍,0.75倍,3.07%
20260812,1162,ユーザーロカ,3984,東P,,"1,533",+65,+4.43%,341,15.9倍,2.53倍,1.96%
20260812,1163,ロードスター,3482,東P,,"2,583",+15,+0.58%,340,5.71倍,1.47倍,3.16%
20260812,1164,前田工繊,7821,東P,,"2,066",-25,-1.20%,339,14.4倍,1.81倍,1.55%
20260812,1165,スパークス,8739,東P,,"2,448",-41,-1.65%,339,ー倍,2.38倍,4.49%
20260812,1166,佐賀銀,8395,東P,,"5,970",+190,+3.29%,338,10.9倍,0.77倍,1.84%
20260812,1167,サンマルク,3395,東P,,"2,401",+26,+1.09%,338,17.8倍,1.65倍,2.25%
20260812,1168,ファルコム,3723,東G,,"2,651",-96,-3.49%,338,17.4倍,2.39倍,0.38%
20260812,1169,エイチワン,5989,東P,,"1,436",-2,-0.14%,338,3.66倍,0.49倍,4.87%
20260812,1170,京阪神ビル,8818,東P,,"1,059",+11,+1.05%,337,14.4倍,1.20倍,2.83%
20260812,1171,日曹達,4041,東P,,"3,940",+5,+0.13%,337,13.3倍,1.00倍,4.06%
20260812,1172,だいわ,6459,東P,,"1,715",+16,+0.94%,337,15.0倍,1.18倍,3.79%
20260812,1173,プレス工,7246,東P,,962,-1,-0.10%,337,11.7倍,0.78倍,5.20%
20260812,1174,アークス,9948,東P,,"3,570",+15,+0.42%,337,15.3倍,0.97倍,2.30%
20260812,1175,オンワード,8016,東P,,768,+1,+0.13%,336,9.35倍,1.11倍,4.30%
20260812,1176,ＫｅｅＰｅｒ,6036,東P,,"2,958",+19,+0.65%,336,8.64倍,3.36倍,3.38%
20260812,1177,ビーエンジ,4828,東P,,"1,315",+15,+1.15%,335,17.1倍,4.70倍,3.19%
20260812,1178,東急ＲＥ,8957,東Ｒ,,"185,700",+200,+0.11%,334,ー倍,1.43倍,4.32%
20260812,1179,ＮＳグループ,471A,東P,,"1,583",+36,+2.33%,334,10.2倍,2.98倍,4.80%
20260812,1180,東海理,6995,東P,,"3,025",-25,-0.82%,333,12.9倍,0.74倍,3.97%
20260812,1181,Ｍ＆Ａキャピ,6080,東P,,"4,070",+40,+0.99%,333,16.9倍,2.71倍,1.78%
20260812,1182,インソース,6200,東P,,714,+3,+0.42%,333,13.2倍,4.30倍,4.90%
20260812,1183,マックス,6454,東P,,"1,845",-24,-1.28%,333,21.6倍,2.88倍,2.17%
20260812,1184,リテールＰＡ,8167,東P,,"1,407",-7,-0.50%,332,11.1倍,0.65倍,2.84%
20260812,1185,丸三,8613,東P,,"1,201",-19,-1.56%,332,ー倍,1.50倍,ー%
20260812,1186,ティラド,7236,東P,,"1,552",+33,+2.17%,332,9.25倍,1.65倍,5.28%
20260812,1187,Ｊｏｓｈｉｎ,8173,東P,,"4,005",+5,+0.13%,330,29.6倍,0.97倍,2.50%
20260812,1188,ＪＳＰ,7942,東P,,"2,990",-25,-0.83%,329,10.5倍,0.70倍,3.34%
20260812,1189,ＡＺ丸和ＨＤ,9090,東P,,864,+21,+2.49%,329,14.0倍,1.90倍,3.70%
20260812,1190,日理化,4406,東S,,255,+7,+2.82%,329,11.9倍,0.46倍,1.76%
20260812,1191,メドレー,4480,東P,,"2,136",+58,+2.79%,329,35.7倍,4.92倍,ー%
20260812,1192,矢作建,1870,東P,,"2,035",-7,-0.34%,328,9.45倍,1.16倍,5.41%
20260812,1193,栄研化,4549,東P,,"2,260",+1,+0.04%,327,36.0倍,1.72倍,2.57%
20260812,1194,アルペン,3028,東P,,"2,352",-6,-0.25%,326,14.2倍,0.72倍,2.55%
20260812,1195,ヨコレイ,2874,東P,,"2,056",-17,-0.82%,323,25.3倍,1.42倍,1.31%
20260812,1196,サトー,6287,東P,,"2,605",-5,-0.19%,322,11.0倍,0.96倍,3.07%
20260812,1197,アルゴグラフ,7595,東P,,"1,323",+33,+2.56%,318,12.6倍,1.92倍,4.91%
20260812,1198,キッセイ,4547,東P,,"4,160",+45,+1.09%,318,13.1倍,0.76倍,4.09%
20260812,1199,ｉＦＴＰ年１,1305,東Ｅ,,"4,360",+36,+0.83%,318,ー倍,ー倍,ー%
20260812,1200,コーナン,7516,東P,,"4,235",-30,-0.70%,317,9.79倍,0.69倍,3.31%
20260812,1201,パソナＧ,2168,東P,,"1,635",+18,+1.11%,316,ー倍,0.48倍,4.59%
20260812,1202,あらた,2733,東P,,"2,569",+6,+0.23%,315,12.3倍,0.70倍,4.36%
20260812,1203,ロゴスＨＤ,205A,東G,,"1,677",-23,-1.35%,315,5.67倍,1.63倍,5.29%
20260812,1204,エフピコ,7947,東P,,"2,692",-24,-0.88%,315,ー倍,1.33倍,2.71%
20260812,1205,綜研化学,4972,東S,,"3,325",+25,+0.76%,314,12.8倍,1.31倍,ー%
20260812,1206,マイポックス,5381,東S,,936,+39,+4.35%,313,14.5倍,1.43倍,1.07%
20260812,1207,オリコ,8585,東P,,875,+4,+0.46%,313,11.5倍,0.61倍,4.57%
20260812,1208,日比谷設,1982,東P,,"2,927",-18,-0.61%,313,13.9倍,1.68倍,3.76%
20260812,1209,ＧＬテクノ,255A,東S,,"5,490",+100,+1.86%,312,12.9倍,1.44倍,2.30%
20260812,1210,ｉＳ米債７Ｈ,1482,東Ｅ,,"1,540",-2,-0.13%,311,ー倍,ー倍,ー%
20260812,1211,高速,7504,東P,,"4,705",0,0.00%,311,23.1倍,2.17倍,2.55%
20260812,1212,新日本電工,5563,東P,,429,-13,-2.94%,310,107倍,0.78倍,3.96%
20260812,1213,スミダコーポ,6817,東P,,"1,232",+24,+1.99%,310,11.2倍,0.64倍,4.30%
20260812,1214,森ヒルズＲ,3234,東Ｒ,,"128,200","+1,100",+0.87%,310,ー倍,1.19倍,4.84%
20260812,1215,リミックス,3825,東S,,223,+11,+5.19%,310,3.90倍,1.36倍,1.35%
20260812,1216,Ｇｅｎｋｙ,9267,東P,,"3,590",+115,+3.31%,308,13.4倍,1.79倍,0.36%
20260812,1217,東競馬,9672,東P,,"5,090",+80,+1.60%,307,12.3倍,1.35倍,2.87%
20260812,1218,野村銀行１７,1631,東Ｅ,,"40,570",+880,+2.22%,306,ー倍,ー倍,ー%
20260812,1219,ライフネット,7157,東P,,"1,675",-25,-1.47%,305,16.4倍,1.42倍,ー%
20260812,1220,ＪＥＨ,5889,東P,,"2,569",+73,+2.92%,305,14.2倍,3.41倍,3.35%
20260812,1221,ＣＥＨＤ,4320,東S,,"1,648",-2,-0.12%,305,31.6倍,3.37倍,ー%
20260812,1222,アカツキ,3932,東P,,"3,230",-5,-0.15%,304,ー倍,1.01倍,ー%
20260812,1223,東洋証券,8614,東P,,669,-4,-0.59%,304,ー倍,1.59倍,ー%
20260812,1224,日東工,6651,東P,,"4,440",-30,-0.67%,304,14.5倍,1.37倍,3.47%
20260812,1225,大日精,4116,東P,,"1,344",-12,-0.88%,303,10.6倍,0.65倍,4.09%
20260812,1226,岡本工,6125,東S,,"5,010",+80,+1.62%,303,16.6倍,0.79倍,3.19%
20260812,1227,フジ,8278,東P,,"1,995",+21,+1.06%,303,24.7倍,0.77倍,1.50%
20260812,1228,東建コーポ,1766,東P,,"13,190",-80,-0.60%,302,10.1倍,1.26倍,3.03%
20260812,1229,テセック,6337,東S,,"3,355",+20,+0.60%,302,16.5倍,1.20倍,2.98%
20260812,1230,横河ブＨＤ,5911,東P,,"2,929",+6,+0.21%,302,14.1倍,0.87倍,4.44%
20260812,1231,愛知鋼,5482,東P,,"3,170",-25,-0.78%,300,18.0倍,0.86倍,4.73%
20260812,1232,ワキタ,8125,東P,,"1,929",+2,+0.10%,298,26.6倍,0.99倍,5.18%
20260812,1233,ハマキョウ,9037,東P,,"1,859",+10,+0.54%,298,12.8倍,1.39倍,2.47%
20260812,1234,カナモト,9678,東P,,"5,420",-20,-0.37%,297,14.3倍,1.20倍,2.03%
20260812,1235,乃村工芸社,9716,東P,,"1,188",+9,+0.76%,297,14.3倍,2.27倍,3.70%
20260812,1236,スズデン,7480,東S,,"3,285",-45,-1.35%,297,15.0倍,2.52倍,5.36%
20260812,1237,トリドリ,9337,東G,,"1,403",-295,-17.37%,297,10.3倍,2.58倍,ー%
20260812,1238,沖縄電,9511,東P,,"1,093",+23,+2.15%,296,17.5倍,0.48倍,4.57%
20260812,1239,中山鋼,5408,東P,,636,+9,+1.44%,296,8.85倍,0.31倍,3.14%
20260812,1240,セグエＧ,3968,東P,,601,+12,+2.04%,295,15.6倍,3.07倍,3.00%
20260812,1241,東合成,4045,東P,,"1,879.5",-11.5,-0.61%,295,16.8倍,0.90倍,3.83%
20260812,1242,ＲＹＯＤＥＮ,8084,東P,,"4,455",-65,-1.44%,295,16.0倍,1.01倍,3.82%
20260812,1243,小森,6349,東P,,"1,905",-5,-0.26%,294,14.0倍,0.81倍,5.25%
20260812,1244,イーグル工,6486,東P,,"3,060",+15,+0.49%,293,11.7倍,1.03倍,ー%
20260812,1245,ブックオフＧ,9278,東P,,"2,873",-57,-1.95%,293,18.0倍,2.38倍,1.39%
20260812,1246,ＨＵＬＩＣＲ,3295,東Ｒ,,"155,000",+400,+0.26%,291,ー倍,1.11倍,5.16%
20260812,1247,東和銀,8558,東P,,"1,392",+36,+2.65%,291,9.00倍,0.58倍,3.59%
20260812,1248,フィデアＨＤ,8713,東P,,"2,477",+50,+2.06%,290,13.9倍,0.49倍,3.03%
20260812,1249,クリエイトＳ,3148,東P,,"3,315",+20,+0.61%,290,12.6倍,1.39倍,2.90%
20260812,1250,ＴＯＫＡＩ,3167,東P,,"1,228",-8,-0.65%,289,14.4倍,1.53倍,3.09%
20260812,1251,ユニバーサル,6425,東S,,764,-7,-0.91%,289,29.6倍,0.46倍,ー%
20260812,1252,新明和,7224,東P,,"2,004",-19,-0.94%,289,12.6倍,1.07倍,2.89%
20260812,1253,文化シヤタ,5930,東P,,"1,830",+20,+1.10%,287,9.90倍,1.10倍,4.04%
20260812,1254,ＮＴＴ都市Ｒ,8956,東Ｒ,,"132,000",+600,+0.46%,287,ー倍,1.31倍,4.70%
20260812,1255,アドソル日進,3837,東P,,"1,422",+45,+3.27%,287,14.9倍,3.63倍,3.38%
20260812,1256,朝日工,1975,東P,,"3,765",+30,+0.80%,286,10.5倍,1.91倍,3.82%
20260812,1257,プリマ,2281,東P,,"2,389",+17,+0.72%,285,16.0倍,0.99倍,3.35%
20260812,1258,いちご,2337,東P,,403,+4,+1.00%,285,8.77倍,1.46倍,3.85%
20260812,1259,ヒュマメイド,456A,東G,,"1,399",-40,-2.78%,284,38.9倍,10.1倍,ー%
20260812,1260,イエロハット,9882,東P,,"1,749",+4,+0.23%,284,12.1倍,1.19倍,3.89%
20260812,1261,ミダックＨＤ,6564,東P,,"2,106",-215,-9.26%,284,17.5倍,3.19倍,0.95%
20260812,1262,東陽テク,8151,東P,,"1,991",-9,-0.45%,283,16.6倍,1.48倍,3.52%
20260812,1263,トーエネク,1946,東P,,"2,077",+26,+1.27%,283,10.8倍,1.24倍,3.66%
20260812,1264,ＰＩ,4290,東P,,705,+2,+0.28%,283,14.9倍,1.81倍,3.97%
20260812,1265,木曽路,8160,東P,,"2,429",+15,+0.62%,282,32.6倍,2.20倍,1.24%
20260812,1266,酉島,6363,東P,,"3,180",-15,-0.47%,282,11.8倍,1.36倍,2.14%
20260812,1267,エレコム,6750,東P,,"1,874",+19,+1.02%,282,13.2倍,1.40倍,3.09%
20260812,1268,イーレックス,9517,東P,,828,-36,-4.17%,281,12.0倍,0.92倍,2.66%
20260812,1269,加藤産,9869,東P,,"6,470",-140,-2.12%,281,13.7倍,1.13倍,2.47%
20260812,1270,ＴＳＩＨＤ,3608,東P,,"1,230",+15,+1.23%,280,8.97倍,0.74倍,5.69%
20260812,1271,サンセイラン,3277,東S,,750,+21,+2.88%,279,5.58倍,0.82倍,5.00%
20260812,1272,グロバワン,8958,東Ｒ,,"108,200",-400,-0.37%,278,ー倍,1.19倍,5.91%
20260812,1273,ａｂｃ,8783,東S,,81,+10,+14.08%,278,ー倍,0.40倍,ー%
20260812,1274,農中日経平均,2525,東Ｅ,,"68,530",+720,+1.06%,278,ー倍,ー倍,ー%
20260812,1275,ジーテクト,5970,東P,,"2,265",-21,-0.92%,277,7.46倍,0.43倍,4.33%
20260812,1276,宮入バ,6495,東S,,133,+13,+10.83%,277,80.1倍,1.62倍,1.50%
20260812,1277,ワイエイシイ,6298,東P,,"1,264",+51,+4.20%,276,11.1倍,1.31倍,3.56%
20260812,1278,ミズホメディ,4595,東S,,"1,693",-14,-0.82%,275,10.0倍,1.74倍,5.91%
20260812,1279,松尾電,6969,東S,Ｓ,959,-300,-23.83%,275,7.82倍,0.99倍,1.56%
20260812,1280,Ａ＆Ｄホロン,7745,東P,,"2,900",+69,+2.44%,274,17.7倍,1.60倍,2.07%
20260812,1281,ミマキエンジ,6638,東P,,"1,904",+37,+1.98%,274,9.04倍,1.34倍,2.89%
20260812,1282,ＫＰＰＧＨＤ,9274,東P,,"1,063",-4,-0.37%,273,13.1倍,0.73倍,3.76%
20260812,1283,ＥＤＰ,7794,東G,,903,-8,-0.88%,273,ー倍,8.71倍,ー%
20260812,1284,中央自,8117,東S,,"2,192",-41,-1.84%,273,12.8倍,1.91倍,2.87%
20260812,1285,オイレス,6282,東P,,"2,918",-5,-0.17%,272,16.6倍,1.05倍,3.26%
20260812,1286,月島ＨＤ,6332,東P,,"2,725",-24,-0.87%,272,12.7倍,1.12倍,3.23%
20260812,1287,サン電子,6736,東S,,"10,030",-840,-7.73%,272,28.4倍,4.38倍,ー%
20260812,1288,Ｊ－ＭＡＸ,3422,東S,,662,-38,-5.43%,272,7.60倍,0.37倍,1.21%
20260812,1289,ボードルア,4413,東P,,"2,823",+35,+1.26%,272,28.1倍,10.9倍,0.36%
20260812,1290,ｉＦＥナ百無,2840,東Ｅ,,"2,720",-5,-0.18%,272,ー倍,ー倍,ー%
20260812,1291,サイバダイン,7779,東G,,239,+1,+0.42%,270,ー倍,0.80倍,ー%
20260812,1292,信越ポリ,7970,東P,,"2,288",+16,+0.70%,268,17.5倍,1.41倍,2.88%
20260812,1293,三菱総研,3636,東P,,"4,780",+45,+0.95%,268,11.4倍,0.98倍,3.45%
20260812,1294,エクセレント,8987,東Ｒ,,"142,100",+700,+0.50%,267,ー倍,1.25倍,4.29%
20260812,1295,ＪＣＲファ,4552,東P,,509,+1,+0.20%,267,310倍,1.44倍,3.93%
20260812,1296,ＰＣＡ,9629,東P,,"1,478",-9,-0.61%,266,37.2倍,1.73倍,2.71%
20260812,1297,Ｉｎｅ,4933,東P,,"1,399",+18,+1.30%,266,ー倍,1.40倍,1.07%
20260812,1298,ディアライフ,3245,東P,,"1,095",+3,+0.27%,266,8.11倍,1.69倍,5.84%
20260812,1299,アステリア,3853,東P,,"1,132",+18,+1.62%,266,ー倍,2.47倍,0.88%
20260812,1300,アルファＰ,9467,東G,,"1,000",+5,+0.50%,265,11.4倍,1.86倍,2.70%
20260812,1301,丸大食,2288,東P,,"2,164",+9,+0.42%,265,8.08倍,0.70倍,3.70%
20260812,1302,北里,368A,東P,,"1,598",+57,+3.70%,265,15.8倍,3.22倍,2.57%
20260812,1303,世紀東急,1898,東P,,"1,460",+9,+0.62%,265,11.4倍,1.24倍,5.14%
20260812,1304,ネットプロ,7383,東P,,453,-3,-0.66%,264,20.6倍,2.15倍,ー%
20260812,1305,プロクレＨＤ,7384,東P,,"4,310",+100,+2.38%,264,17.4倍,0.72倍,2.32%
20260812,1306,ＮＩＳＳＨＡ,7915,東P,,"1,275",+25,+2.00%,264,18.9倍,0.52倍,3.92%
20260812,1307,タカラスタ,7981,東P,,"3,035",+10,+0.33%,264,13.4倍,0.98倍,4.09%
20260812,1308,立花エレ,8159,東P,,"4,125",-110,-2.60%,264,13.0倍,0.83倍,2.91%
20260812,1309,杏林製薬,4569,東P,,"1,113",+6,+0.54%,263,42.6倍,0.46倍,2.25%
20260812,1310,ハートシード,219A,東G,,"1,886",-6,-0.32%,263,ー倍,6.05倍,ー%
20260812,1311,水戸,8622,東P,,850,-12,-1.39%,262,ー倍,1.18倍,ー%
20260812,1312,豊和工,6203,東S,,"1,498",-11,-0.73%,262,16.7倍,0.81倍,1.34%
20260812,1313,Ｇセキュリ,4417,東G,,"4,545",-85,-1.84%,261,34.1倍,15.3倍,1.08%
20260812,1314,ＨＰＣシス,6597,東G,,"3,580",+170,+4.99%,260,28.8倍,5.63倍,0.89%
20260812,1315,日農薬,4997,東P,,"1,153",-7,-0.60%,259,12.2倍,1.02倍,3.30%
20260812,1316,高砂香,4914,東P,,"1,286",+11,+0.86%,258,13.3倍,0.80倍,4.04%
20260812,1317,合同鉄,5410,東P,,"2,925",+24,+0.83%,258,9.95倍,0.30倍,3.42%
20260812,1318,ＺＡＣＲＯＳ,7917,東P,,"1,270",-13,-1.01%,257,14.0倍,0.95倍,2.83%
20260812,1319,三愛オブリ,8097,東P,,"2,354",+23,+0.99%,257,17.8倍,1.26倍,4.25%
20260812,1320,ＧＸ銀行高配,315A,東Ｅ,,"1,934",+45,+2.38%,257,ー倍,ー倍,ー%
20260812,1321,扶桑電通,7505,東S,,"2,036",-241,-10.58%,257,9.18倍,1.30倍,4.37%
20260812,1322,ＯＢＡＲＡＧ,6877,東S,,"5,810",+20,+0.35%,256,11.0倍,1.09倍,2.58%
20260812,1323,サーラ,2734,東P,,"1,166",+3,+0.26%,256,12.6倍,0.77倍,2.92%
20260812,1324,ＡＳＢ機械,6284,東P,,"9,450",+120,+1.29%,255,15.6倍,2.18倍,2.54%
20260812,1325,デンヨー,6517,東P,,"4,145",-105,-2.47%,255,14.1倍,1.00倍,4.10%
20260812,1326,ＦＥＡＳＹ,212A,東P,,"3,085",-35,-1.12%,254,20.8倍,7.83倍,1.65%
20260812,1327,フジオフード,2752,東P,,"1,093",-12,-1.09%,254,511倍,6.57倍,0.27%
20260812,1328,カッパクリエ,7421,東P,,"1,559",-26,-1.64%,254,82.2倍,8.15倍,ー%
20260812,1329,松風,7979,東P,,"2,290",-24,-1.04%,253,17.2倍,1.60倍,2.93%
20260812,1330,北越コーポ,3865,東P,,909,-32,-3.40%,253,28.9倍,0.58倍,2.86%
20260812,1331,スターアジア,3468,東Ｒ,,"53,400",+200,+0.38%,252,ー倍,0.99倍,6.18%
20260812,1332,イー・ギャラ,8771,東P,,"1,828",-9,-0.49%,252,21.4倍,4.18倍,4.60%
20260812,1333,アトム,7412,東S,,370,+1,+0.27%,252,ー倍,20.6倍,ー%
20260812,1334,双葉電,6986,東P,,646,-1,-0.15%,251,ー倍,0.33倍,ー%
20260812,1335,日本ライフＬ,7575,東P,,"1,515",-16,-1.05%,250,13.3倍,1.65倍,5.35%
20260812,1336,冨士ダイス,6167,東P,,"1,101",-7,-0.63%,250,34.8倍,1.07倍,3.63%
20260812,1337,チノー,6850,東P,,"1,646",-94,-5.40%,250,12.6倍,1.17倍,3.65%
20260812,1338,シェアテク,3989,東G,,"1,475",+10,+0.68%,249,14.1倍,7.19倍,3.73%
20260812,1339,粧美堂,7819,東S,,947,-73,-7.16%,249,11.4倍,1.65倍,3.48%
20260812,1340,トーセイ,8923,東P,,"1,753",+12,+0.69%,249,11.2倍,1.53倍,3.14%
20260812,1341,エンビプロ,5698,東S,,882,-13,-1.45%,248,10.5倍,1.39倍,2.83%
20260812,1342,明和産,8103,東P,,954,+3,+0.32%,248,9.62倍,0.89倍,4.93%
20260812,1343,シュッピン,3179,東P,,"1,208",-14,-1.15%,248,13.9倍,2.77倍,3.31%
20260812,1344,野村ＳＰＨ無,2633,東Ｅ,,569.2,+1.1,+0.19%,248,ー倍,ー倍,ー%
20260812,1345,カメイ,8037,東P,,"4,215",+10,+0.24%,247,10.7倍,0.72倍,3.23%
20260812,1346,わらべ日洋,2918,東P,,"2,794",+9,+0.32%,247,10.1倍,0.81倍,4.29%
20260812,1347,アネスト岩田,6381,東P,,"1,914",+23,+1.22%,246,18.8倍,1.48倍,4.86%
20260812,1348,エイベックス,7860,東P,,"1,219",-31,-2.48%,246,16.3倍,1.02倍,4.10%
20260812,1349,内田洋,8057,東P,,"2,140",+28,+1.33%,246,9.18倍,1.29倍,3.36%
20260812,1350,フィンテック,8789,東S,,138,+1,+0.73%,246,5.78倍,1.79倍,3.62%
20260812,1351,トランスコス,9715,東P,,"3,635",+25,+0.69%,245,10.1倍,1.08倍,3.99%
20260812,1352,スターマイカ,2975,東P,,"1,585",+20,+1.28%,244,9.97倍,1.79倍,3.22%
20260812,1353,リベルタ,4935,東S,,215,-10,-4.44%,243,52.7倍,4.47倍,0.93%
20260812,1354,エレメンツ,5246,東G,,808,+5,+0.62%,243,88.0倍,6.25倍,ー%
20260812,1355,グロービング,277A,東P,,"1,706",+37,+2.22%,242,14.4倍,6.05倍,2.09%
20260812,1356,ＣＲＥロジ,3487,東Ｒ,,"136,900","+1,100",+0.81%,242,ー倍,1.02倍,5.61%
20260812,1357,佐藤商,8065,東P,,"3,560",+120,+3.49%,241,9.11倍,0.94倍,2.95%
20260812,1358,ベルーナ,9997,東P,,"1,025",+22,+2.19%,241,8.22倍,0.65倍,3.80%
20260812,1359,ＧＭＯ－ＦＧ,4051,東P,,"6,810",+200,+3.03%,240,30.1倍,8.66倍,1.84%
20260812,1360,りたりこ,7366,東P,,"1,835",+22,+1.21%,238,19.0倍,4.45倍,0.82%
20260812,1361,あいＨＤ,3076,東P,,"2,946",-22,-0.74%,238,15.3倍,1.38倍,4.24%
20260812,1362,Ｋｕｄａｎ,4425,東G,,"1,720",+69,+4.18%,238,ー倍,7.42倍,ー%
20260812,1363,菱地所物流Ｒ,3481,東Ｒ,,"120,500",+800,+0.67%,237,ー倍,1.15倍,5.17%
20260812,1364,ユアテック,1934,東P,,"2,449",+21,+0.86%,237,12.8倍,1.09倍,3.18%
20260812,1365,日本高純度,4973,東P,,"4,770",+85,+1.81%,237,12.8倍,1.25倍,4.82%
20260812,1366,ニシオＨＤ,9699,東P,,"4,460",-5,-0.11%,237,10.2倍,0.85倍,2.96%
20260812,1367,オリエン白石,1786,東P,,347,+2,+0.58%,236,16.2倍,0.85倍,4.18%
20260812,1368,日経エンタメ,586A,東Ｅ,,240.0,+1.8,+0.76%,236,ー倍,ー倍,ー%
20260812,1369,森トラストＲ,8961,東Ｒ,,"74,400",0,0.00%,235,ー倍,1.13倍,4.88%
20260812,1370,日工,6306,東P,,981,-1,-0.10%,235,14.3倍,1.02倍,4.28%
20260812,1371,日金銭,6418,東P,,"1,211",-18,-1.46%,235,14.3倍,0.88倍,3.80%
20260812,1372,ソラコム,147A,東G,,"1,127",+17,+1.53%,234,73.0倍,4.58倍,ー%
20260812,1373,ＳＢＩアルヒ,7198,東P,,842,+25,+3.06%,233,18.0倍,0.90倍,4.75%
20260812,1374,ヤマエＧＨＤ,7130,東P,,"2,888",-10,-0.35%,233,6.42倍,0.73倍,2.77%
20260812,1375,甜菜糖,2108,東P,,"5,390",+110,+2.08%,231,13.2倍,0.83倍,4.82%
20260812,1376,壱番屋,7630,東P,,928,+9,+0.98%,231,54.5倍,4.66倍,1.72%
20260812,1377,エフ・コード,9211,東G,,"1,534",+39,+2.61%,230,9.91倍,2.36倍,ー%
20260812,1378,亀田製菓,2220,東P,,"1,308",+16,+1.24%,230,19.2倍,0.79倍,1.83%
20260812,1379,ＴＯＲＥＸ,6616,東P,,"2,040",+4,+0.20%,230,13.5倍,1.10倍,2.75%
20260812,1380,ＬＩＦＵＬＬ,2120,東P,,211,+1,+0.48%,229,10.8倍,0.97倍,3.18%
20260812,1381,木村工機,6231,東S,,"13,380",+330,+2.53%,228,13.6倍,3.24倍,1.49%
20260812,1382,ゼリア新薬,4559,東P,,"2,078",+21,+1.02%,228,9.16倍,0.85倍,2.41%
20260812,1383,内海造,7018,東S,,"11,750",+210,+1.82%,227,19.9倍,1.40倍,0.34%
20260812,1384,大戸屋ＨＤ,2705,東S,,"8,490",+30,+0.35%,226,44.1倍,14.4倍,0.24%
20260812,1385,野村鉄鋼非鉄,1623,東Ｅ,,"67,600",+760,+1.14%,225,ー倍,ー倍,ー%
20260812,1386,フォーカス,4662,東P,,"1,702",+61,+3.72%,224,10.1倍,1.70倍,4.00%
20260812,1387,ハイレックス,7279,東S,,"2,512",+28,+1.13%,224,2.51倍,0.44倍,3.18%
20260812,1388,ヒラノテク,6245,東S,,"1,772",+81,+4.79%,224,24.4倍,0.68倍,4.74%
20260812,1389,上場ＪＰＸ日,1592,東Ｅ,,"3,440",+24,+0.70%,223,ー倍,ー倍,ー%
20260812,1390,ニッピ,7932,東S,,"11,530",+270,+2.40%,223,11.5倍,0.81倍,6.08%
20260812,1391,サーバワクス,4434,東S,,"2,526",+136,+5.69%,223,20.8倍,1.87倍,1.19%
20260812,1392,ＷＳＣＯＰＥ,6619,東P,,157,-2,-1.26%,220,ー倍,0.24倍,ー%
20260812,1393,極洋,1301,東P,,"4,605",+10,+0.22%,220,7.60倍,0.69倍,3.47%
20260812,1394,ＣＡＩＣＡＤ,2315,東S,,61,-1,-1.61%,219,120倍,1.78倍,ー%
20260812,1395,ｉＦ高配５０,354A,東Ｅ,,"3,350",+14,+0.42%,219,ー倍,ー倍,ー%
20260812,1396,ＤｙＤｏ,2590,東P,,"2,945",+19,+0.65%,218,18.7倍,1.42倍,1.02%
20260812,1397,コプロＨＤ,7059,東P,,814,+8,+0.99%,218,18.8倍,3.36倍,5.53%
20260812,1398,愛三工,7283,東P,,"2,250",-18,-0.79%,218,9.57倍,0.89倍,3.69%
20260812,1399,クミアイ化,4996,東P,,759,+1,+0.13%,217,14.3倍,0.59倍,3.16%
20260812,1400,いちごオフィ,8975,東Ｒ,,"94,700",+100,+0.11%,217,ー倍,1.40倍,12.0%
20260812,1401,静ガス,9543,東P,,"1,254",+12,+0.97%,217,10.4倍,0.67倍,3.59%
20260812,1402,ＵＥＸ,9888,東S,,"1,288",+61,+4.97%,216,4.42倍,0.69倍,ー%
20260812,1403,野村金融,1632,東Ｅ,,"42,920",+270,+0.63%,215,ー倍,ー倍,ー%
20260812,1404,ザ・パック,3950,東P,,"1,422",-3,-0.21%,215,14.7倍,1.00倍,2.95%
20260812,1405,サンフロ不,8934,東P,,"2,452",-17,-0.69%,214,8.06倍,1.04倍,3.26%
20260812,1406,東証グロース,2516,東Ｅ,,590.1,+7.2,+1.24%,214,ー倍,ー倍,ー%
20260812,1407,岡野バ,6492,東S,,"14,570",+420,+2.97%,214,16.7倍,1.70倍,0.55%
20260812,1408,ｉＦ日経Ｗベ,1366,東Ｅ,,66,-2,-2.94%,212,ー倍,ー倍,ー%
20260812,1409,八洲電機,3153,東P,,"2,878",-90,-3.03%,212,11.2倍,1.73倍,1.95%
20260812,1410,北日銀,8551,東P,,"6,870",+180,+2.69%,212,12.3倍,0.58倍,2.79%
20260812,1411,蝶理,8014,東P,,"4,140",+35,+0.85%,211,9.72倍,0.98倍,4.13%
20260812,1412,チェンジＨＤ,3962,東P,,982,+9,+0.92%,211,9.75倍,1.46倍,2.65%
20260812,1413,助川電気,7711,東S,,"4,770",+115,+2.47%,211,29.1倍,4.71倍,1.09%
20260812,1414,積化成,4228,東P,,618,-16,-2.52%,207,11.3倍,0.54倍,2.75%
20260812,1415,四電工,1939,東P,,"2,090",+13,+0.63%,207,15.0倍,1.40倍,4.02%
20260812,1416,サンワテク,8137,東P,,"3,930",-5,-0.13%,206,14.6倍,1.09倍,3.31%
20260812,1417,三陽商,8011,東P,,"5,330",+60,+1.14%,205,13.0倍,1.34倍,3.45%
20260812,1418,上場ＳＰ５百,1547,東Ｅ,,"13,395",+35,+0.26%,205,ー倍,ー倍,ー%
20260812,1419,ＪＵＫＩ,6440,東P,,643,-28,-4.17%,204,12.7倍,0.57倍,2.33%
20260812,1420,ＳＲＡＨＤ,3817,東P,,"4,870",+20,+0.41%,203,10.9倍,1.74倍,4.52%
20260812,1421,学情,2301,東P,,"1,641",+34,+2.12%,203,10.9倍,1.48倍,4.57%
20260812,1422,アイモバイル,6535,東P,,494,+10,+2.07%,202,8.72倍,1.59倍,5.47%
20260812,1423,ワンキャリア,4377,東G,,"2,201",+100,+4.76%,202,18.9倍,7.33倍,1.59%
20260812,1424,イリソ電子,6908,東P,,"2,768",-33,-1.18%,201,12.3倍,0.78倍,3.61%
20260812,1425,多木化,4025,東P,,"5,730",+50,+0.88%,201,13.7倍,1.02倍,1.83%
20260812,1426,児玉化,4222,東S,,621,-2,-0.32%,201,6.91倍,0.34倍,1.61%
20260812,1427,ＩＴＦＯＲ,4743,東P,,"1,752",+29,+1.68%,200,13.6倍,2.31倍,4.57%
20260812,1428,極東証券,8706,東P,,"1,833",+12,+0.66%,200,ー倍,1.10倍,ー%
20260812,1429,中部鋼鈑,5461,東P,,"2,050",+29,+1.43%,199,60.7倍,0.75倍,5.51%
20260812,1430,ＴＯＡ,6809,東P,,"1,704",+22,+1.31%,198,17.4倍,1.02倍,4.99%
20260812,1431,ＧＸＮカバコ,2865,東Ｅ,,"1,269",+9,+0.71%,198,ー倍,ー倍,ー%
20260812,1432,シーイーシー,9692,東P,,"2,278",+7,+0.31%,198,12.5倍,1.64倍,3.73%
20260812,1433,帝国繊維,3302,東P,,"3,385",+5,+0.15%,198,22.8倍,1.17倍,1.92%
20260812,1434,三菱紙,3864,東P,,"1,133",+9,+0.80%,198,7.64倍,0.48倍,1.77%
20260812,1435,ＴＰＲ,6463,東P,,"1,513",+12,+0.80%,197,11.1倍,0.55倍,3.97%
20260812,1436,ファンコミ,2461,東P,,389,-3,-0.77%,197,37.2倍,1.57倍,5.40%
20260812,1437,神鋼商,8075,東P,,"2,956",-18,-0.61%,197,8.22倍,0.76倍,4.67%
20260812,1438,ＡＩＲＭＡＮ,6364,東P,,"2,529",+27,+1.08%,196,11.3倍,1.48倍,2.85%
20260812,1439,リネットＪ,3556,東G,,833,-3,-0.36%,196,10.2倍,7.74倍,ー%
20260812,1440,ＭＸ４００,1593,東Ｅ,,"38,550",+380,+1.00%,196,ー倍,ー倍,ー%
20260812,1441,大王紙,3880,東P,,975,-15,-1.52%,195,12.5倍,0.66倍,1.44%
20260812,1442,バンドー,5195,東P,,"2,474",-50,-1.98%,195,12.5倍,1.07倍,4.04%
20260812,1443,エターナルＧ,3193,東P,,"1,481",+13,+0.89%,194,16.2倍,3.15倍,1.55%
20260812,1444,エアトリ,6191,東P,,925,+21,+2.32%,194,33.8倍,1.19倍,ー%
20260812,1445,寺崎電気,6637,東S,,"4,115",+100,+2.49%,194,13.4倍,0.90倍,1.36%
20260812,1446,サガミＨＤ,9900,東P,,"2,205",+15,+0.68%,194,55.6倍,3.38倍,0.54%
20260812,1447,グロバルＬＭ,3486,東P,,"1,921",+15,+0.79%,193,5.98倍,1.97倍,5.21%
20260812,1448,ＪＢＳ,5036,東P,,"1,631",+33,+2.07%,193,10.5倍,2.58倍,3.07%
20260812,1449,エニマインド,5027,東G,,598,+31,+5.47%,193,21.8倍,2.04倍,0.33%
20260812,1450,アズーム,3496,東P,,"4,580",+25,+0.55%,192,25.7倍,8.95倍,2.75%
20260812,1451,丸文,7537,東P,,"1,794",-35,-1.91%,192,11.8倍,0.82倍,4.29%
20260812,1452,フタバ,7241,東P,,"1,044",-9,-0.85%,191,6.66倍,0.67倍,4.31%
20260812,1453,積水樹,4212,東P,,"2,811",-54,-1.88%,191,15.6倍,0.84倍,3.56%
20260812,1454,フージャース,3284,東P,,"1,263",+5,+0.40%,190,7.17倍,1.01倍,5.94%
20260812,1455,日本リート,3296,東Ｒ,,"82,400",+400,+0.49%,189,ー倍,1.13倍,5.88%
20260812,1456,ＵＬＳグルプ,3798,東S,,569,+12,+2.15%,189,14.0倍,2.70倍,1.44%
20260812,1457,エスコン,8892,東P,,"1,092",+4,+0.37%,189,7.48倍,1.27倍,4.85%
20260812,1458,東京鉄,5445,東P,,"1,998",+32,+1.63%,189,7.04倍,0.79倍,5.01%
20260812,1459,ＢＡＳＥ,4477,東G,,290,+7,+2.47%,188,22.3倍,2.26倍,1.72%
20260812,1460,ベルク,9974,東P,,"6,610",+50,+0.76%,188,10.6倍,1.13倍,2.00%
20260812,1461,ニッケ,3201,東P,,"1,986",+5,+0.25%,188,13.6倍,0.96倍,2.52%
20260812,1462,あさひ,3333,東P,,"1,352",+15,+1.12%,188,12.9倍,0.84倍,3.70%
20260812,1463,ハードオフ,2674,東P,,"2,839",-24,-0.84%,188,12.0倍,1.99倍,3.24%
20260812,1464,都築電,8157,東P,,"3,985",-55,-1.36%,187,12.6倍,1.55倍,4.77%
20260812,1465,アイザワ証Ｇ,8708,東P,,"1,695",-2,-0.12%,187,ー倍,1.10倍,ー%
20260812,1466,ソーダニッカ,8158,東P,,"1,320",-32,-2.37%,186,12.3倍,0.83倍,3.33%
20260812,1467,ステムリム,4599,東G,,343,+17,+5.21%,186,ー倍,4.67倍,ー%
20260812,1468,ＡＤＷＧ,2982,東P,,419,+14,+3.46%,186,6.69倍,0.93倍,4.77%
20260812,1469,ＧＸゲー日株,2640,東Ｅ,,"4,129",+39,+0.95%,186,ー倍,ー倍,ー%
20260812,1470,ホソミクロン,6277,東P,,"5,230",+90,+1.75%,186,24.0倍,1.07倍,2.68%
20260812,1471,ベース,4481,東P,,"3,235",+70,+2.21%,185,12.9倍,4.14倍,5.75%
20260812,1472,安田倉,9324,東P,,"2,510",+1,+0.04%,184,11.6倍,0.69倍,2.95%
20260812,1473,共英製鋼,5440,東P,,"1,936",+28,+1.47%,184,10.0倍,0.40倍,3.62%
20260812,1474,バンクオブイ,4393,東G,,"5,160",+180,+3.61%,184,ー倍,3.09倍,ー%
20260812,1475,クオンツ総研,9552,東P,,992,+24,+2.48%,184,14.6倍,7.36倍,ー%
20260812,1476,コロプラ,3668,東P,,416,+4,+0.97%,184,ー倍,0.80倍,ー%
20260812,1477,Ａｉｍｉｎｇ,3911,東G,,172,-1,-0.58%,184,ー倍,1.11倍,ー%
20260812,1478,タチエス,7239,東P,,"2,301",+4,+0.17%,183,9.18倍,0.73倍,5.00%
20260812,1479,カナミックＮ,3939,東P,,519,0,0.00%,183,18.0倍,4.59倍,1.73%
20260812,1480,石原ケミ,4462,東P,,"3,180",-60,-1.85%,183,15.8倍,1.71倍,1.51%
20260812,1481,ＧＡテクノ,3491,東G,,"1,512",+14,+0.93%,182,11.4倍,1.88倍,0.86%
20260812,1482,松屋フーズ,9887,東P,,"5,030",0,0.00%,182,27.3倍,1.80倍,0.52%
20260812,1483,アイドマＨＤ,7373,東G,,956,+21,+2.25%,182,11.5倍,1.78倍,3.14%
20260812,1484,ブロードＥ,4415,東G,,"1,382",-43,-3.02%,182,ー倍,3.90倍,1.53%
20260812,1485,若築建,1888,東P,,"3,780",+45,+1.20%,182,11.0倍,0.91倍,3.84%
20260812,1486,ＬｉＮＫＸ,584A,東G,,"2,350",+62,+2.71%,182,72.3倍,10.8倍,ー%
20260812,1487,長谷川香料,4958,東P,,"3,330",-5,-0.15%,182,18.5倍,1.00倍,3.00%
20260812,1488,ブレーキ,7238,東P,,108,-2,-1.82%,181,11.7倍,0.58倍,ー%
20260812,1489,ＧＥＮＯＶＡ,9341,東P,,604,-36,-5.63%,181,8.80倍,1.73倍,4.97%
20260812,1490,トランシティ,9310,東P,,"1,387",+13,+0.95%,180,12.7倍,0.82倍,3.14%
20260812,1491,アバール,6918,東S,,"3,395",+95,+2.88%,180,21.8倍,0.98倍,3.12%
20260812,1492,図研,6947,東P,,"4,940",-35,-0.70%,179,18.3倍,2.54倍,3.04%
20260812,1493,ダイナマップ,336A,東G,,717,+6,+0.84%,179,ー倍,2.68倍,ー%
20260812,1494,日産東ＨＤ,8291,東S,,546,-20,-3.53%,179,9.28倍,0.56倍,4.95%
20260812,1495,タマホーム,1419,東P,,"2,928",-2,-0.07%,179,21.2倍,2.86倍,4.44%
20260812,1496,日リーテック,1938,東P,,"2,402",-21,-0.87%,179,9.69倍,0.88倍,4.04%
20260812,1497,北興化,4992,東S,,"1,988",+24,+1.22%,179,11.4倍,0.84倍,2.72%
20260812,1498,エスリード,8877,東P,,"5,180",+90,+1.77%,178,6.95倍,0.96倍,4.63%
20260812,1499,三谷商,8066,東S,,"3,135",+50,+1.62%,177,12.4倍,1.40倍,2.81%
20260812,1500,ＭＸ日半導体,221A,東Ｅ,,"1,160.5",+19.5,+1.71%,177,ー倍,ー倍,ー%
20260812,1501,サスメド,4263,東G,,528,-30,-5.38%,176,ー倍,2.24倍,ー%
20260812,1502,ソシラ物流,2979,東Ｒ,,"105,500",+700,+0.67%,175,ー倍,0.98倍,5.12%
20260812,1503,スピー,4499,東S,,"2,228",-70,-3.05%,175,ー倍,3.75倍,ー%
20260812,1504,Ｒみらい,3476,東Ｒ,,"40,700",+50,+0.12%,175,ー倍,0.88倍,6.34%
20260812,1505,ＳＲＳＨＤ,8163,東P,,"1,450",-1,-0.07%,175,33.3倍,3.39倍,0.69%
20260812,1506,新東工,6339,東P,,"1,228",-42,-3.31%,175,11.5倍,0.56倍,3.91%
20260812,1507,渋谷工,6340,東P,,"4,410",-75,-1.67%,175,13.1倍,1.08倍,2.15%
20260812,1508,鶴見製,6351,東P,,"2,436",-77,-3.06%,175,15.9倍,1.11倍,1.48%
20260812,1509,新コスモス,6824,東S,,"4,505",-135,-2.91%,175,13.8倍,1.04倍,2.11%
20260812,1510,オートバクス,9832,東P,,"1,530",+3,+0.20%,175,13.4倍,0.89倍,3.92%
20260812,1511,福岡リート,8968,東Ｒ,,"177,700",+900,+0.51%,174,ー倍,1.36倍,4.50%
20260812,1512,アスア,246A,東G,,960,-132,-12.09%,174,24.4倍,2.37倍,0.73%
20260812,1513,日シス技術,4323,東P,,"1,915",+91,+4.99%,174,16.0倍,2.81倍,2.61%
20260812,1514,ｉＳ米２０Ｈ,2621,東Ｅ,,999,-3,-0.30%,174,ー倍,ー倍,ー%
20260812,1515,リコーリース,8566,東P,,"6,680",+30,+0.45%,174,17.3倍,0.85倍,3.83%
20260812,1516,ＳＢＩＧＡＭ,4765,東P,,613,+12,+2.00%,173,ー倍,2.63倍,ー%
20260812,1517,コムチュア,3844,東P,,"1,455",+21,+1.46%,173,14.4倍,2.30倍,3.57%
20260812,1518,ドウシシャ,7483,東P,,"3,005",-30,-0.99%,173,12.7倍,1.13倍,3.66%
20260812,1519,三和油化工業,4125,東S,,"3,985",+120,+3.10%,173,15.7倍,1.25倍,1.25%
20260812,1520,ＪＭＨＤ,3539,東P,,"1,399",+11,+0.79%,172,10.2倍,1.49倍,1.72%
20260812,1521,正興電,6653,東P,,"2,255",-10,-0.44%,172,12.2倍,1.56倍,2.66%
20260812,1522,建設技研,9621,東P,,"3,190",+5,+0.16%,171,12.5倍,1.28倍,3.45%
20260812,1523,Ａバランス,3856,東S,,362,+18,+5.23%,171,ー倍,0.19倍,0.83%
20260812,1524,プロシップ,3763,東P,,"1,900",+56,+3.04%,170,20.9倍,4.31倍,2.21%
20260812,1525,エスケー化研,4628,東S,,"9,040",-100,-1.09%,170,12.8倍,0.69倍,1.99%
20260812,1526,ＪＰＨＤ,2749,東P,,631,+2,+0.32%,169,12.5倍,2.36倍,2.14%
20260812,1527,純プラ信託,1541,東Ｅ,,"8,196",+31,+0.38%,169,ー倍,ー倍,ー%
20260812,1528,日経インバ,1571,東Ｅ,,290,-2,-0.68%,169,ー倍,ー倍,ー%
20260812,1529,大黒天,2791,東P,,"4,395",+25,+0.57%,168,12.5倍,0.96倍,0.89%
20260812,1530,日伝,9902,東P,,"3,035",-55,-1.78%,168,14.5倍,0.92倍,3.95%
20260812,1531,イオンファン,4343,東P,,"2,789",-10,-0.36%,167,18.4倍,7.04倍,0.72%
20260812,1532,スマレジ,4431,東G,,"3,285",+15,+0.46%,167,22.8倍,6.58倍,0.88%
20260812,1533,スターゼン,8043,東P,,"1,390",+10,+0.72%,167,9.25倍,0.82倍,3.60%
20260812,1534,サムティＲ,3459,東Ｒ,,"88,700",-700,-0.78%,167,ー倍,0.88倍,5.86%
20260812,1535,アルバリンク,5537,東G,,"3,195",+231,+7.79%,167,20.6倍,12.5倍,ー%
20260812,1536,Ｊオイル,2613,東P,,"2,093",+26,+1.26%,167,13.9倍,0.63倍,3.82%
20260812,1537,日基技,1914,東S,,723,+1,+0.14%,167,8.77倍,0.53倍,4.15%
20260812,1538,フィーチャ,4052,東G,Ｓ,733,+100,+15.80%,166,102倍,6.19倍,ー%
20260812,1539,４℃ホールデ,8008,東P,,"2,069",+6,+0.29%,166,16.8倍,1.11倍,4.11%
20260812,1540,エネクス,8133,東P,,"2,144",-9,-0.42%,166,14.7倍,1.29倍,3.17%
20260812,1541,ゴールドクレ,8871,東S,,"3,265",+15,+0.46%,166,11.4倍,0.77倍,4.90%
20260812,1542,イーソル,4420,東S,,713,-20,-2.73%,165,17.1倍,2.29倍,0.77%
20260812,1543,ユシロ,5013,東S,,"2,985",+11,+0.37%,165,9.81倍,0.79倍,ー%
20260812,1544,ニッカトー,5367,東S,,"1,213",+21,+1.76%,164,18.1倍,0.99倍,1.90%
20260812,1545,ノーリツ,5943,東P,,"2,363",+1,+0.04%,164,12.6倍,0.76倍,3.98%
20260812,1546,アイチコーポ,6345,東P,,"1,401",-3,-0.21%,164,13.5倍,1.21倍,4.64%
20260812,1547,リオン,6823,東P,,"3,485",+20,+0.58%,164,12.5倍,1.22倍,2.58%
20260812,1548,あすか薬ＨＤ,4886,東P,,"2,086",+51,+2.51%,164,12.3倍,0.84倍,3.12%
20260812,1549,特種東海,3708,東P,,"2,092",-62,-2.88%,163,15.5倍,0.84倍,4.49%
20260812,1550,北陸電工,1930,東P,,"1,494",+12,+0.81%,163,10.0倍,0.89倍,3.21%
20260812,1551,ＹＵＡＳＡ,8074,東P,,"5,960",-30,-0.50%,163,10.9倍,1.02倍,3.19%
20260812,1552,ブロンコＢ,3091,東P,,"2,557",+23,+0.91%,163,29.3倍,3.34倍,0.78%
20260812,1553,テンシャル,325A,東G,,"1,547",-10,-0.64%,163,13.7倍,5.87倍,ー%
20260812,1554,市光工,7244,東P,,564,-7,-1.23%,163,10.9倍,0.65倍,3.19%
20260812,1555,ミツバ,7280,東P,,"1,192",-11,-0.91%,162,5.12倍,0.50倍,2.52%
20260812,1556,住石ＨＤ,1514,東S,,625,+1,+0.16%,162,23.1倍,1.32倍,2.40%
20260812,1557,大倉工,4221,東P,,"5,630",-90,-1.57%,162,11.1倍,0.97倍,4.26%
20260812,1558,ガリレイ,6420,東P,,"3,500",-5,-0.14%,161,11.3倍,1.25倍,2.54%
20260812,1559,東洋電,6505,東S,,"2,401",-81,-3.26%,161,8.87倍,0.75倍,4.83%
20260812,1560,ユニプレス,5949,東P,,"1,290",-13,-1.00%,161,12.8倍,0.44倍,5.43%
20260812,1561,ＧＸ純金Ｈ,424A,東Ｅ,,335.3,+3.1,+0.93%,161,ー倍,ー倍,ー%
20260812,1562,シンワワイズ,2437,東S,,578,-80,-12.16%,161,62.4倍,3.02倍,ー%
20260812,1563,ＭＸトピクス,1348,東Ｅ,,"4,295",+33,+0.77%,160,ー倍,ー倍,ー%
20260812,1564,富士製薬,4554,東P,,"1,846",+22,+1.21%,160,21.5倍,0.93倍,2.65%
20260812,1565,日本アクア,1429,東P,,810,+27,+3.45%,159,13.2倍,2.31倍,4.32%
20260812,1566,野村原油,1699,東Ｅ,,627.8,+37.0,+6.26%,159,ー倍,ー倍,ー%
20260812,1567,フリュー,6238,東P,,"1,349",-29,-2.10%,159,14.3倍,1.54倍,2.97%
20260812,1568,象印,7965,東P,,"1,463",+10,+0.69%,159,19.4倍,1.02倍,3.14%
20260812,1569,サクシード,9256,東G,,"1,300",+40,+3.17%,158,17.9倍,1.77倍,1.23%
20260812,1570,木村化,6378,東S,,"1,272",-13,-1.01%,158,13.2倍,1.22倍,3.22%
20260812,1571,ヤマタネ,9305,東P,,"2,040",+15,+0.74%,157,9.85倍,0.69倍,4.17%
20260812,1572,ブランジスタ,6176,東S,,928,+20,+2.20%,157,6.71倍,2.01倍,7.00%
20260812,1573,金２倍ブル,606A,東Ｅ,,"23,095",+780,+3.50%,156,ー倍,ー倍,ー%
20260812,1574,巴工業,6309,東P,,"1,938",-5,-0.26%,155,13.0倍,1.30倍,3.92%
20260812,1575,多摩川ＨＤ,6838,東S,,"1,491",+17,+1.15%,155,7.41倍,1.49倍,0.67%
20260812,1576,カナデン,8081,東P,,"2,457",+24,+0.99%,155,13.7倍,1.07倍,4.07%
20260812,1577,ＴＫＰ,3479,東G,,"1,786",-23,-1.27%,155,16.2倍,1.27倍,ー%
20260812,1578,Ｍラインズ,3901,東P,,"1,515",+1,+0.07%,155,11.6倍,2.75倍,3.83%
20260812,1579,エリアリンク,8914,東S,,919,+8,+0.88%,155,12.3倍,1.51倍,2.99%
20260812,1580,ナガホリ,8139,東S,,"2,240",+30,+1.36%,154,57.3倍,2.47倍,0.67%
20260812,1581,昭和産,2004,東P,,"3,540",+30,+0.85%,154,12.1倍,0.76倍,3.95%
20260812,1582,ＭＥＲＦ,3168,東S,,"1,551",-43,-2.70%,154,7.80倍,1.83倍,1.93%
20260812,1583,日本管財ＨＤ,9347,東P,,"2,828",+30,+1.07%,154,14.1倍,1.34倍,2.12%
20260812,1584,ＧＭＯ－ＦＨ,7177,東S,,"1,084",-4,-0.37%,153,ー倍,2.26倍,5.26%
20260812,1585,チャットプラ,598A,東G,,"1,663",+86,+5.45%,152,24.0倍,11.2倍,0.18%
20260812,1586,菱製鋼,5632,東P,,"2,325",+17,+0.74%,152,11.3倍,0.72倍,4.47%
20260812,1587,上場ＮＱヘ有,2569,東Ｅ,,"4,324",-39,-0.89%,152,ー倍,ー倍,ー%
20260812,1588,ジオマテック,6907,東S,,756,+94,+14.20%,150,11.8倍,0.58倍,ー%
20260812,1589,生化学,4548,東P,,698,-1,-0.14%,150,17.0倍,0.51倍,4.30%
20260812,1590,不動テトラ,1813,東P,,"2,739",-3,-0.11%,150,13.0倍,1.12倍,4.20%
20260812,1591,ＯＡＴアグリ,4979,東S,,"2,528",+49,+1.98%,150,10.6倍,1.20倍,2.37%
20260812,1592,ウィルＧ,6089,東P,,"1,148",+33,+2.96%,150,11.9倍,1.32倍,3.83%
20260812,1593,ＳＥＣカーボ,5304,東S,,"2,610",-32,-1.21%,149,17.2倍,0.66倍,3.83%
20260812,1594,チヨダ,8185,東P,,"1,026",+4,+0.39%,149,31.7倍,0.70倍,5.26%
20260812,1595,ＴＥＩＫＯＫ,6333,東P,,"3,235",+105,+3.35%,149,13.2倍,1.59倍,4.08%
20260812,1596,ゼンリン,9474,東P,,884,+7,+0.80%,149,18.9倍,0.98倍,4.75%
20260812,1597,ピーエス,1871,東P,,"2,284",-23,-1.00%,149,13.7倍,1.66倍,4.42%
20260812,1598,エスプール,2471,東P,,289,+5,+1.76%,149,13.6倍,2.32倍,3.46%
20260812,1599,ナガイレーベ,7447,東P,,"1,787",-9,-0.50%,148,18.2倍,1.34倍,3.92%
20260812,1600,三信電,8150,東P,,"3,015",-10,-0.33%,147,10.3倍,0.81倍,4.64%
20260812,1601,テイカ,4027,東P,,"2,339",-22,-0.93%,147,29.3倍,0.86倍,3.42%
20260812,1602,日特塗,4619,東S,,"2,654",-54,-1.99%,147,10.7倍,0.93倍,4.90%
20260812,1603,フィードワン,2060,東P,,"1,342",+40,+3.07%,147,7.90倍,0.82倍,3.87%
20260812,1604,三光合成,7888,東P,,919,-29,-3.06%,146,6.23倍,0.81倍,3.48%
20260812,1605,小松ウオール,7949,東P,,"2,748",-10,-0.36%,146,15.9倍,1.26倍,4.91%
20260812,1606,ソマール,8152,東S,,"7,270",-730,-9.13%,146,5.61倍,0.60倍,1.38%
20260812,1607,ＩＢＪ,6071,東P,,852,+17,+2.04%,146,13.8倍,2.99倍,1.53%
20260812,1608,報国マテリア,5542,東S,,984,+111,+12.71%,145,10.2倍,1.10倍,3.05%
20260812,1609,ニチハ,7943,東P,,"3,140",-65,-2.03%,145,12.8倍,0.84倍,3.85%
20260812,1610,日経ベア,1580,東Ｅ,,770.0,-6.5,-0.84%,145,ー倍,ー倍,ー%
20260812,1611,Ｊティッシュ,7774,東G,,875,+13,+1.51%,145,356倍,6.91倍,ー%
20260812,1612,ソフトウェア,3733,東S,,"11,740",+240,+2.09%,145,8.92倍,1.32倍,1.45%
20260812,1613,栄電子,7567,東S,,633,-33,-4.95%,144,15.8倍,0.62倍,2.05%
20260812,1614,オーバル,7727,東S,,793,0,0.00%,144,11.4倍,1.03倍,3.53%
20260812,1615,理ビタ,4526,東P,,"3,215",0,0.00%,144,12.4倍,1.10倍,3.42%
20260812,1616,青山財産,8929,東S,,"1,269",+50,+4.10%,144,11.5倍,2.47倍,4.57%
20260812,1617,西部ガスＨＤ,9536,東P,,"2,361",+5,+0.21%,144,10.6倍,0.69倍,2.96%
20260812,1618,オプティマス,9268,東S,,420,+1,+0.24%,143,8.98倍,0.68倍,4.29%
20260812,1619,サイバーセキ,4493,東G,,"1,940",+35,+1.84%,143,22.5倍,4.21倍,0.31%
20260812,1620,安永,7271,東S,,797,+8,+1.01%,143,6.32倍,0.56倍,4.77%
20260812,1621,日本一ソフト,3851,東S,,"1,140",+5,+0.44%,143,17.4倍,0.74倍,0.44%
20260812,1622,長府製,5946,東P,,"2,020",+4,+0.20%,142,21.5倍,0.49倍,2.28%
20260812,1623,犬猫生活,556A,東G,,"2,179",+179,+8.95%,142,12.8倍,3.36倍,ー%
20260812,1624,中外炉,1964,東P,,"4,045",+65,+1.63%,141,11.2倍,0.97倍,4.45%
20260812,1625,たけびし,7510,東P,,"2,796",-109,-3.75%,141,13.0倍,0.98倍,3.40%
20260812,1626,指月電,6994,東S,,"1,101",-10,-0.90%,140,12.6倍,1.00倍,2.41%
20260812,1627,宮地エンジ,3431,東P,,"1,593",+2,+0.13%,140,20.8倍,1.00倍,4.71%
20260812,1628,システムリサ,3771,東P,,"1,846",+11,+0.60%,140,10.8倍,2.42倍,4.33%
20260812,1629,タウンズ,197A,東S,,481,+6,+1.26%,140,9.02倍,3.15倍,5.82%
20260812,1630,グリムス,3150,東P,,"2,462",-13,-0.53%,140,10.6倍,2.95倍,3.78%
20260812,1631,プレイド,4165,東G,,607,+5,+0.83%,140,ー倍,4.85倍,ー%
20260812,1632,ぷらっと,6836,東S,,840,+18,+2.19%,139,79.7倍,8.48倍,ー%
20260812,1633,ＦＪネクＨＤ,8935,東P,,"1,942",-30,-1.52%,139,6.06倍,0.76倍,4.12%
20260812,1634,テーオーシー,8841,東S,,968,-22,-2.22%,139,27.6倍,0.82倍,1.03%
20260812,1635,ベクターＨＤ,2656,東S,,181,+10,+5.85%,139,17.0倍,5.59倍,ー%
20260812,1636,日本国土開発,1887,東P,,526,+3,+0.57%,139,10.5倍,0.59倍,4.75%
20260812,1637,アルプス技,4641,東P,,828,+32,+4.02%,139,12.5倍,2.32倍,4.35%
20260812,1638,エヌピーシー,6255,東G,,714,+9,+1.28%,138,28.2倍,1.47倍,1.40%
20260812,1639,日本トリム,6788,東P,,"4,935",+75,+1.54%,138,16.7倍,1.58倍,2.63%
20260812,1640,テラスカイ,3915,東P,,"2,291",+33,+1.46%,138,19.4倍,2.36倍,0.74%
20260812,1641,Ａｒｅｎｔ,5254,東G,,"4,390",+125,+2.93%,137,29.6倍,4.13倍,ー%
20260812,1642,共同印,7914,東P,,"1,690",-5,-0.29%,137,11.1倍,0.67倍,4.73%
20260812,1643,トーホー,8142,東P,,"1,382",+22,+1.62%,136,9.18倍,1.26倍,4.41%
20260812,1644,ＧＸ防衛日株,513A,東Ｅ,,887,+16,+1.84%,136,ー倍,ー倍,ー%
20260812,1645,新日本製薬,4931,東P,,"2,064",+31,+1.52%,136,12.9倍,1.80倍,2.76%
20260812,1646,片倉,3001,東S,,"3,000",+12,+0.40%,135,12.8倍,0.95倍,2.00%
20260812,1647,ヨシックス,3221,東P,,"3,155",+10,+0.32%,134,13.8倍,2.39倍,1.01%
20260812,1648,高圧ガス,4097,東P,,"1,175",+12,+1.03%,134,14.1倍,0.75倍,3.40%
20260812,1649,ネクストーン,7094,東G,,"1,669",-39,-2.28%,134,16.3倍,2.86倍,1.32%
20260812,1650,ゲンキＧＤＣ,9828,東S,,"3,290",+15,+0.46%,133,17.6倍,2.93倍,2.13%
20260812,1651,Ｄｍミックス,7354,東S,,356,+7,+2.01%,132,9.27倍,1.09倍,2.67%
20260812,1652,バイタルＫＳ,3151,東P,,"1,583",-9,-0.57%,131,10.1倍,0.66倍,4.42%
20260812,1653,ビープラッツ,4381,東G,Ｓ,474,+80,+20.30%,131,33.9倍,-3.5倍,ー%
20260812,1654,ミーク,332A,東G,,996,+8,+0.81%,131,11.8倍,1.86倍,ー%
20260812,1655,インフ,438A,東G,,868,+25,+2.97%,130,37.7倍,3.22倍,ー%
20260812,1656,電気興,6706,東P,,"3,320",-60,-1.78%,130,12.6倍,0.78倍,3.16%
20260812,1657,いちよし,8624,東P,,"1,565",-9,-0.57%,130,ー倍,1.64倍,ー%
20260812,1658,正栄食,8079,東P,,"4,420",+20,+0.45%,129,18.3倍,1.25倍,2.04%
20260812,1659,エイチーム,3662,東P,,927,+17,+1.87%,129,28.7倍,1.98倍,3.02%
20260812,1660,福井コン,9790,東P,,"3,075",+25,+0.82%,129,14.0倍,2.12倍,2.50%
20260812,1661,日神ＧＨＤ,8881,東P,,657,0,0.00%,128,8.77倍,0.44倍,5.63%
20260812,1662,ＴＤＣソフト,4687,東P,,"1,009",+64,+6.77%,128,12.0倍,2.08倍,3.37%
20260812,1663,ＢＭＬ,4694,東P,,"3,585",+10,+0.28%,128,19.2倍,1.06倍,3.49%
20260812,1664,早稲アカ,4718,東P,,"2,292",-22,-0.95%,128,14.9倍,2.59倍,3.27%
20260812,1665,ケアサプライ,2393,東S,,"4,150",-10,-0.24%,128,28.0倍,3.59倍,1.78%
20260812,1666,ＭＸＪリート,1597,東Ｅ,,"1,872",+3,+0.16%,128,ー倍,ー倍,ー%
20260812,1667,フコク,5185,東P,,"2,035",+2,+0.10%,128,12.6倍,0.70倍,4.91%
20260812,1668,平河ヒューテ,5821,東P,,"3,385",-70,-2.03%,127,12.8倍,1.19倍,1.68%
20260812,1669,マースＧＨＤ,6419,東P,,"3,155",0,0.00%,127,8.30倍,0.65倍,4.75%
20260812,1670,コーセル,6905,東P,,"1,324",-20,-1.49%,126,34.0倍,1.04倍,4.53%
20260812,1671,日車両,7102,東P,,"3,510",+10,+0.29%,126,6.75倍,0.60倍,1.42%
20260812,1672,日本ＭＤＭ,7600,東P,,882,+12,+1.38%,126,387倍,0.94倍,1.93%
20260812,1673,Ｏｎｅリート,3290,東Ｒ,,"77,900",+400,+0.52%,126,ー倍,1.23倍,6.26%
20260812,1674,持田薬,4534,東P,,"3,225",-15,-0.46%,126,11.4倍,0.81倍,2.64%
20260812,1675,河合楽,7952,東P,,"3,575",0,0.00%,126,19.2倍,0.67倍,2.66%
20260812,1676,ワールドＨＤ,2429,東P,,"2,678",+27,+1.02%,126,6.79倍,0.97倍,5.09%
20260812,1677,高松グループ,1762,東P,,"3,880",+5,+0.13%,125,10.8倍,0.92倍,3.71%
20260812,1678,ＥＲＩＨＤ,6083,東S,,"1,718",+24,+1.42%,124,11.8倍,4.54倍,2.56%
20260812,1679,ｉＦ米債７有,2016,東Ｅ,,"1,770",-3,-0.17%,124,ー倍,ー倍,ー%
20260812,1680,ＢＵＦ,6676,東S,,"2,805",+2,+0.07%,124,14.8倍,1.50倍,2.14%
20260812,1681,まんだらけ,2652,東S,,480,+23,+5.03%,124,11.0倍,1.21倍,0.21%
20260812,1682,Ｗディッシュ,2901,東S,,152,-8,-5.00%,124,14.5倍,0.73倍,2.63%
20260812,1683,野村インド株,1678,東Ｅ,,313.3,-1.7,-0.54%,123,ー倍,ー倍,ー%
20260812,1684,キユソ流通,9369,東S,,"2,930",-19,-0.64%,123,34.7倍,1.56倍,0.82%
20260812,1685,ジェイドＧ,3558,東G,,"1,730",+15,+0.87%,123,ー倍,2.30倍,ー%
20260812,1686,ソースネクス,4344,東P,,111,+2,+1.83%,123,ー倍,3.25倍,ー%
20260812,1687,ＤＭ三井製糖,2109,東P,,"3,495",+20,+0.58%,122,14.1倍,0.96倍,4.01%
20260812,1688,東海道リート,2989,東Ｒ,,"99,400",+400,+0.40%,122,ー倍,1.16倍,6.50%
20260812,1689,ニホンフラ,7820,東P,,713,+2,+0.28%,122,18.0倍,0.51倍,5.05%
20260812,1690,出前館,2484,東S,,151,-1,-0.66%,122,ー倍,0.75倍,ー%
20260812,1691,オイシックス,3182,東P,,"1,688",+22,+1.32%,122,11.3倍,2.15倍,1.78%
20260812,1692,ＦＰパートナ,7388,東P,,"2,210",+54,+2.50%,121,31.5倍,4.61倍,4.25%
20260812,1693,リベラウェア,218A,東G,,"1,065",+29,+2.80%,121,ー倍,31.1倍,ー%
20260812,1694,三谷セキ,5273,東S,,"1,863",+20,+1.09%,121,12.8倍,1.28倍,2.33%
20260812,1695,未来工業,7931,東P,,"3,505",-70,-1.96%,121,13.1倍,1.02倍,3.85%
20260812,1696,カナディアン,9284,東IF,,"77,000",+400,+0.52%,121,ー倍,0.75倍,7.75%
20260812,1697,ＮＳＷ,9739,東P,,"2,618",+82,+3.23%,121,10.4倍,1.05倍,4.77%
20260812,1698,Ｔ－ＢＡＳＥ,3415,東P,,384,+4,+1.05%,120,10.9倍,2.60倍,1.82%
20260812,1699,クロスマーケ,3675,東S,,601,-27,-4.30%,119,8.67倍,1.35倍,2.66%
20260812,1700,ネツレン,5976,東P,,"1,472",0,0.00%,119,21.5倍,0.82倍,4.82%
20260812,1701,チャームケア,6062,東P,,"1,405",-49,-3.37%,118,11.3倍,2.00倍,3.42%
20260812,1702,アーキテクツ,6085,東G,,82,+5,+6.49%,118,248倍,-23倍,ー%
20260812,1703,進和,7607,東P,,"3,125",-5,-0.16%,118,13.5倍,0.90倍,3.97%
20260812,1704,明星工,1976,東P,,"1,787",-4,-0.22%,118,14.7倍,1.20倍,3.64%
20260812,1705,ヴレインＳ,135A,東G,,"3,835",-75,-1.92%,118,40.5倍,19.0倍,ー%
20260812,1706,ＡＩストーム,3719,東S,,137,-9,-6.16%,118,21.2倍,1.93倍,2.19%
20260812,1707,ＭＳＯＬ,7033,東P,,"1,460",+9,+0.62%,117,11.3倍,3.82倍,3.42%
20260812,1708,椿本興,8052,東P,,"2,767",+58,+2.14%,117,9.59倍,0.99倍,3.25%
20260812,1709,ゼビオＨＤ,8281,東P,,"1,137",+2,+0.18%,117,6.27倍,0.40倍,3.08%
20260812,1710,コスモスイニ,8844,東S,,"1,237",+32,+2.66%,116,5.79倍,0.74倍,4.28%
20260812,1711,小田原エンジ,6149,東S,,"2,216",+1,+0.05%,115,14.8倍,0.65倍,3.16%
20260812,1712,イチネンＨＤ,9619,東P,,"2,601",-12,-0.46%,115,5.17倍,0.79倍,3.46%
20260812,1713,宝＆ＣＯ,7921,東P,,"4,140",-40,-0.96%,114,15.3倍,1.65倍,4.35%
20260812,1714,ソフトクリエ,3371,東P,,"1,968",+82,+4.35%,114,11.9倍,1.94倍,3.15%
20260812,1715,ＤＧ,350A,東G,,756,+9,+1.20%,114,16.4倍,3.06倍,ー%
20260812,1716,ＧＸ純金,425A,東Ｅ,,374.3,+6.0,+1.63%,114,ー倍,ー倍,ー%
20260812,1717,ハローズ,2742,東P,,"3,820",+15,+0.39%,114,9.42倍,1.04倍,1.88%
20260812,1718,やまみ,2820,東S,,"5,180",-40,-0.77%,114,17.5倍,3.05倍,1.93%
20260812,1719,ニチレキＧ,5011,東P,,"2,265",+18,+0.80%,113,15.0倍,0.82倍,3.75%
20260812,1720,セプテニＨＤ,4293,東S,,508,-2,-0.39%,113,17.3倍,1.59倍,3.54%
20260812,1721,保土谷,4112,東P,,"2,222",-42,-1.86%,112,27.2倍,0.65倍,2.70%
20260812,1722,ＣＡＣ,4725,東P,,"1,867",+26,+1.41%,112,ー倍,0.94倍,5.36%
20260812,1723,手間いらず,2477,東S,,"2,938",+221,+8.13%,112,13.0倍,2.60倍,1.80%
20260812,1724,学研ＨＤ,9470,東P,,"1,027",-8,-0.77%,112,11.5倍,0.86倍,2.82%
20260812,1725,グッドコムＡ,3475,東P,,"1,535",0,0.00%,112,9.71倍,3.14倍,3.00%
20260812,1726,ＣＳＨＤ,3810,東S,,177,-8,-4.32%,112,ー倍,2.22倍,ー%
20260812,1727,ｉＳ米国株Ｈ,2563,東Ｅ,,408.9,-0.8,-0.20%,112,ー倍,ー倍,ー%
20260812,1728,岡本硝子,7746,東S,,723,-9,-1.23%,112,280倍,8.28倍,ー%
20260812,1729,日阪製,6247,東P,,"1,730",+44,+2.61%,112,18.9倍,0.71倍,3.18%
20260812,1730,放電精密,6469,東S,,"2,864",+83,+2.98%,112,35.3倍,3.51倍,0.70%
20260812,1731,ジーデップ,5885,東S,,"3,025",+50,+1.68%,112,20.1倍,4.72倍,1.59%
20260812,1732,ホットランド,3196,東P,,"1,613",+15,+0.94%,111,52.3倍,3.65倍,0.81%
20260812,1733,日東精,5957,東P,,774,+10,+1.31%,111,12.2倍,0.76倍,3.10%
20260812,1734,アイエスビー,9702,東P,,"2,435",-30,-1.22%,111,15.1倍,1.88倍,2.87%
20260812,1735,セイワＨＤ,523A,東G,,"1,760",+43,+2.50%,111,ー倍,5.37倍,ー%
20260812,1736,ジェイリース,7187,東P,,"1,360",+25,+1.87%,111,9.62倍,3.29倍,4.41%
20260812,1737,ｇｕｍｉ,3903,東P,,255,-5,-1.92%,110,ー倍,0.66倍,ー%
20260812,1738,Ｅ・ＪＨＤ,2153,東P,,"1,739",-5,-0.29%,110,8.45倍,0.78倍,4.72%
20260812,1739,イオン北海道,7512,東S,,846,+11,+1.32%,109,39.2倍,1.62倍,1.89%
20260812,1740,竹田ｉＰ,7875,東S,,850,+45,+5.59%,109,9.84倍,0.69倍,2.76%
20260812,1741,大日塗,4611,東P,,"1,477",+9,+0.61%,108,12.4倍,0.64倍,3.93%
20260812,1742,原油先物ベア,2039,東EN,,527,-29,-5.22%,108,ー倍,ー倍,ー%
20260812,1743,アバントＧ,3836,東P,,"1,165",+27,+2.37%,108,11.6倍,2.75倍,2.92%
20260812,1744,トーカイ,9729,東P,,"2,494",+46,+1.88%,108,12.6倍,0.91倍,3.21%
20260812,1745,トピー,7231,東P,,"2,914",-34,-1.15%,107,10.3倍,0.43倍,4.63%
20260812,1746,マイクロ波,9227,東G,,898,+6,+0.67%,107,"3,592倍",119倍,ー%
20260812,1747,ＨＥＲＯＺ,4382,東S,,754,+19,+2.59%,107,44.7倍,2.69倍,ー%
20260812,1748,ＣＩＪ,4826,東P,,530,+6,+1.15%,107,15.9倍,1.97倍,3.96%
20260812,1749,免疫生物研,4570,東G,,999,+3,+0.30%,106,26.8倍,4.93倍,0.75%
20260812,1750,ｉＳＪリート,1476,東Ｅ,,"1,870",+16,+0.86%,106,ー倍,ー倍,ー%
20260812,1751,メディアＬ,6659,東S,,46,0,0.00%,106,ー倍,1.45倍,ー%
20260812,1752,協立電機,6874,東S,,"2,360",+52,+2.25%,105,8.65倍,0.86倍,3.90%
20260812,1753,リプロセル,4978,東G,,140,+3,+2.19%,105,ー倍,1.60倍,ー%
20260812,1754,中村超硬,6166,東G,,642,+7,+1.10%,105,ー倍,7.69倍,ー%
20260812,1755,クレオス,8101,東P,,"2,643",+24,+0.92%,105,12.3倍,0.95倍,4.01%
20260812,1756,ｉＳＢＡＩ,408A,東Ｅ,,291.6,+0.9,+0.31%,105,ー倍,ー倍,ー%
20260812,1757,ダイト,4577,東P,,"1,275",-1,-0.08%,104,12.0倍,0.68倍,3.53%
20260812,1758,オカアイヨン,6294,東P,,"1,932",-19,-0.97%,104,9.16倍,0.87倍,3.93%
20260812,1759,リバーエレク,6666,東S,,851,-12,-1.39%,103,"3,546倍",1.53倍,1.18%
20260812,1760,日本空調,4658,東P,,"1,545",+15,+0.98%,103,13.8倍,1.70倍,3.69%
20260812,1761,シスエグゼ,548A,東S,,907,-91,-9.12%,103,8.19倍,0.81倍,4.90%
20260812,1762,野村外国株Ｈ,2514,東Ｅ,,"2,069",0,0.00%,102,ー倍,ー倍,ー%
20260812,1763,日ギア,6356,東S,,"1,366",+29,+2.17%,102,11.1倍,1.30倍,0.73%
20260812,1764,三重交ＨＤ,3232,東P,,547,+4,+0.74%,102,9.16倍,0.75倍,3.66%
20260812,1765,ドリームＩ,4310,東P,,"2,464",+44,+1.82%,101,ー倍,2.02倍,5.56%
20260812,1766,ＧセブンＨＤ,7508,東P,,"1,410",+9,+0.64%,101,10.6倍,1.80倍,4.96%
20260812,1767,ミナトＨＤ,6862,東S,Ｓ,"2,948",+500,+20.42%,101,3.62倍,1.86倍,1.42%
20260812,1768,明和地所,8869,東S,,840,+15,+1.82%,101,6.79倍,0.52倍,4.76%
20260812,1769,ギフティＧ,590A,東P,,"1,124",+18,+1.63%,100,ー倍,3.93倍,1.42%
20260812,1770,ダイコク電,6430,東P,,"2,448",-14,-0.57%,100,11.6倍,0.71倍,4.08%
20260812,1771,ＪＤＳＣ,4418,東G,,795,+10,+1.27%,100,24.2倍,2.04倍,ー%
20260812,1772,ラクトＪ,3139,東P,,"3,340",+50,+1.52%,99,9.69倍,1.00倍,3.95%
20260812,1773,パイオラック,5988,東P,,"1,720",-16,-0.92%,99,58.9倍,0.64倍,5.35%
20260812,1774,サンエー化研,4234,東S,,955,+43,+4.71%,99,5.77倍,0.40倍,1.88%
20260812,1775,テクニスコ,2962,東S,,"1,316",+49,+3.87%,99,404倍,7.62倍,ー%
20260812,1776,構造計画ＨＤ,208A,東S,,"2,990",-95,-3.08%,99,12.4倍,2.75倍,3.68%
20260812,1777,レオン,6272,東P,,"1,508",-2,-0.13%,99,10.1倍,0.94倍,3.98%
20260812,1778,モリタＨＤ,6455,東P,,"2,360",+5,+0.21%,99,10.0倍,0.95倍,3.39%
20260812,1779,野村高配７０,1577,東Ｅ,,"59,380",+160,+0.27%,99,ー倍,ー倍,ー%
20260812,1780,ＣＴＳ,4345,東P,,847,+17,+2.05%,98,12.8倍,2.11倍,3.54%
20260812,1781,ロボペイ,4374,東G,,"2,448",+125,+5.38%,98,15.6倍,6.03倍,1.27%
20260812,1782,コニシ,4956,東P,,"1,485",+1,+0.07%,98,11.2倍,1.00倍,2.56%
20260812,1783,サクサ,6675,東S,,"2,140",+81,+3.93%,98,2.27倍,0.79倍,5.84%
20260812,1784,ＳＢＩリーシ,5834,東G,,"2,779",+22,+0.80%,98,7.26倍,1.45倍,4.14%
20260812,1785,マクビープラ,7095,東P,,"1,243",+21,+1.72%,97,8.15倍,1.23倍,4.42%
20260812,1786,ＰＲＴＩＭＥ,3922,東P,,"2,095",+34,+1.65%,97,12.9倍,3.02倍,0.80%
20260812,1787,フライト,3753,東S,,222,+4,+1.83%,97,13.6倍,3.63倍,ー%
20260812,1788,カンロ,2216,東S,,"1,109",-1,-0.09%,97,15.2倍,2.31倍,2.98%
20260812,1789,アイダ,6118,東P,,"1,185",-2,-0.17%,97,15.0倍,0.74倍,3.29%
20260812,1790,サンケイＲＥ,2972,東Ｒ,,"111,300",0,0.00%,96,ー倍,1.14倍,6.40%
20260812,1791,ｉＳＳＰカバ,452A,東Ｅ,,827.9,+4.5,+0.55%,96,ー倍,ー倍,ー%
20260812,1792,技研製,6289,東P,,"1,905",-6,-0.31%,96,22.0倍,1.23倍,2.83%
20260812,1793,Ｔホライゾン,6629,東S,,982,-9,-0.91%,95,7.79倍,1.06倍,3.36%
20260812,1794,山王,3441,東S,,"2,725",+92,+3.49%,95,9.03倍,1.40倍,0.92%
20260812,1795,メンバーズ,2130,東P,,922,+12,+1.32%,95,6.82倍,1.99倍,3.80%
20260812,1796,フロンテオ,2158,東G,,644,+6,+0.94%,95,168倍,6.90倍,ー%
20260812,1797,レック,7874,東P,,949,0,0.00%,95,10.3倍,0.82倍,2.95%
20260812,1798,クイック,4318,東P,,811,+16,+2.01%,95,16.1倍,2.24倍,4.69%
20260812,1799,ワシントンＨ,4691,東S,,"2,245",-73,-3.15%,95,11.7倍,2.21倍,2.00%
20260812,1800,日コン,5269,東P,,360,+4,+1.12%,95,7.51倍,0.43倍,2.78%
20260812,1801,ベルテクス,5290,東S,,"1,158",-3,-0.26%,95,12.1倍,1.32倍,3.45%
20260812,1802,アドバネクス,5998,東S,,"2,446",-84,-3.32%,95,5.02倍,0.96倍,2.04%
20260812,1803,愛時計,7723,東P,,"2,801",+28,+1.01%,95,12.1倍,0.84倍,4.28%
20260812,1804,リズム,7769,東P,,"3,925",+25,+0.64%,95,18.4倍,0.91倍,4.27%
20260812,1805,ファーマＦ,2929,東P,,599,+22,+3.81%,95,11.6倍,1.73倍,4.17%
20260812,1806,菱友システム,4685,東S,,"2,698",+78,+2.98%,94,9.57倍,1.56倍,3.71%
20260812,1807,リソー教育Ｇ,4714,東P,,202,0,0.00%,94,20.3倍,3.34倍,4.95%
20260812,1808,大豊建,1822,東S,,791,+3,+0.38%,94,14.2倍,0.97倍,4.80%
20260812,1809,小野建,7414,東P,,"1,421",+6,+0.42%,94,8.48倍,0.37倍,4.86%
20260812,1810,ジェコス,9991,東P,,"1,738",-11,-0.63%,94,10.3倍,0.83倍,3.97%
20260812,1811,キーコーヒー,2594,東P,,"2,002",+4,+0.20%,93,57.2倍,1.33倍,0.60%
20260812,1812,ｉシェア４百,1364,東Ｅ,,"3,833",+30,+0.79%,93,ー倍,ー倍,ー%
20260812,1813,前沢ＨＤ,575A,東P,,"1,810",+18,+1.00%,93,3.61倍,ー倍,3.48%
20260812,1814,プリモＧＨＤ,367A,東S,,"2,843",+20,+0.71%,92,11.5倍,1.22倍,4.22%
20260812,1815,ポピンズ,7358,東S,,"1,743",+61,+3.63%,92,11.0倍,1.72倍,3.10%
20260812,1816,戸田工,4100,東S,,"1,529",-21,-1.35%,92,17.7倍,0.78倍,ー%
20260812,1817,窪田製薬ＨＤ,4596,東G,,66,+1,+1.54%,92,ー倍,6.03倍,ー%
20260812,1818,Ｓｏｌｖｖｙ,7320,東G,,"1,564",+32,+2.09%,92,10.7倍,3.50倍,1.28%
20260812,1819,ステラファ,4888,東G,,325,+7,+2.20%,91,ー倍,4.83倍,ー%
20260812,1820,ＮＴＴＤイン,3850,東S,,"3,275",-115,-3.39%,91,15.3倍,2.72倍,2.29%
20260812,1821,じげん,3679,東P,,423,+5,+1.20%,90,9.56倍,1.86倍,3.19%
20260812,1822,アンビスＨＤ,7071,東P,,387,-3,-0.77%,90,18.1倍,1.00倍,1.03%
20260812,1823,黒田精,7726,東S,,"1,315",-127,-8.81%,90,22.3倍,0.61倍,1.52%
20260812,1824,三精テクノロ,6357,東S,,"2,554",-37,-1.43%,90,8.56倍,0.90倍,3.72%
20260812,1825,グリーンズ,6547,東S,,"2,252",+28,+1.26%,90,7.00倍,3.82倍,2.31%
20260812,1826,阪急阪神Ｒ,8977,東Ｒ,,"136,500",+300,+0.22%,90,ー倍,1.09倍,4.98%
20260812,1827,新光商,8141,東P,,"1,565",0,0.00%,90,31.9倍,0.83倍,ー%
20260812,1828,鎌倉新書,6184,東P,,545,+11,+2.06%,90,20.4倍,4.11倍,3.67%
20260812,1829,マミーマート,9823,東S,,"1,026",+6,+0.59%,89,9.69倍,1.12倍,2.07%
20260812,1830,ｉＳ日本国債,2561,東Ｅ,,"1,992",-8,-0.40%,89,ー倍,ー倍,ー%
20260812,1831,三社電機,6882,東S,,"1,202",+12,+1.01%,89,17.6倍,0.65倍,3.33%
20260812,1832,くすりの窓口,5592,東G,,"2,530",-10,-0.39%,89,9.18倍,2.51倍,1.58%
20260812,1833,ミラティブ,472A,東G,,593,+21,+3.67%,89,10.5倍,2.67倍,ー%
20260812,1834,半導体日本株,163A,東EN,,"20,000",+400,+2.04%,88,ー倍,ー倍,ー%
20260812,1835,アセンテック,3565,東S,,434,+8,+1.88%,88,13.1倍,3.08倍,3.46%
20260812,1836,Ｊクラフト,7135,東S,,183,-36,-16.44%,88,13.6倍,1.74倍,1.64%
20260812,1837,南海化学,4040,東S,,"3,855",+155,+4.19%,87,6.10倍,0.70倍,1.69%
20260812,1838,島精機,6222,東P,,948,0,0.00%,87,35.7倍,0.39倍,2.11%
20260812,1839,ヒビノ,2469,東S,,"2,649",+33,+1.26%,87,10.1倍,1.89倍,3.40%
20260812,1840,扶桑薬,4538,東P,,"2,281",+90,+4.11%,87,15.0倍,0.54倍,3.95%
20260812,1841,ＣＡＮＢＡＳ,4575,東G,,744,-9,-1.20%,87,ー倍,9.15倍,ー%
20260812,1842,ＦＣＥ,9564,東S,,587,+20,+3.53%,86,14.2倍,2.91倍,1.87%
20260812,1843,ｉＦプ１５０,2017,東Ｅ,,"1,550",+14,+0.91%,86,ー倍,ー倍,ー%
20260812,1844,アンビＤＸ,3300,東G,,"2,221",+41,+1.88%,86,5.94倍,1.85倍,4.95%
20260812,1845,ミツウロコＧ,8131,東S,,"2,080",+13,+0.63%,86,18.9倍,1.08倍,3.17%
20260812,1846,ｉＦＴＰＷブ,1367,東Ｅ,,"3,174",+50,+1.60%,86,ー倍,ー倍,ー%
20260812,1847,コンヴァノ,6574,東G,,97,+2,+2.11%,86,8.31倍,4.44倍,1.03%
20260812,1848,大同信,6743,東S,,"1,071",+2,+0.19%,86,7.85倍,0.54倍,3.36%
20260812,1849,ｉＳ米債カバ,453A,東Ｅ,,763.5,+0.9,+0.12%,85,ー倍,ー倍,ー%
20260812,1850,藤倉化,4620,東S,,926,-2,-0.22%,85,9.91倍,0.51倍,2.16%
20260812,1851,中部飼,2053,東P,,"1,931",+15,+0.78%,85,8.03倍,0.74倍,3.94%
20260812,1852,リアルゲイト,5532,東G,,"3,450",+100,+2.99%,84,30.9倍,3.50倍,ー%
20260812,1853,ＥＭシステム,4820,東P,,557,+14,+2.58%,84,17.6倍,1.94倍,4.13%
20260812,1854,大阪製鉄,5449,東S,,"2,747",+84,+3.15%,84,274倍,0.74倍,ー%
20260812,1855,岡部,5959,東P,,931,+6,+0.65%,84,11.1倍,0.65倍,4.51%
20260812,1856,ワタミ,7522,東P,,954,+13,+1.38%,84,ー倍,2.16倍,ー%
20260812,1857,ヘルスケアＭ,3455,東Ｒ,,"105,000",+200,+0.19%,84,ー倍,0.98倍,6.02%
20260812,1858,力の源ＨＤ,3561,東P,,"1,615",+6,+0.37%,83,26.9倍,4.01倍,1.49%
20260812,1859,巴川コーポ,3878,東S,,914,+45,+5.18%,83,12.8倍,0.48倍,1.64%
20260812,1860,マーベラス,7844,東P,,489,-2,-0.41%,83,13.7倍,0.98倍,3.07%
20260812,1861,ネットスタズ,5590,東G,,711,+23,+3.34%,82,24.5倍,1.54倍,ー%
20260812,1862,エーアイテイ,9381,東P,,"2,311",+16,+0.70%,82,16.0倍,2.69倍,4.76%
20260812,1863,ビジ太田昭,9658,東P,,"1,055",+6,+0.57%,82,12.0倍,1.11倍,4.45%
20260812,1864,コンフインタ,7374,東G,,"1,533",+4,+0.26%,82,10.3倍,1.57倍,5.54%
20260812,1865,野村米十債,2647,東Ｅ,,"5,891",+15,+0.26%,82,ー倍,ー倍,ー%
20260812,1866,ｉＦＥナ百ベ,2842,東Ｅ,,"12,145",0,0.00%,82,ー倍,ー倍,ー%
20260812,1867,スターツプロ,8979,東Ｒ,,"183,700","+1,300",+0.71%,81,ー倍,1.07倍,5.93%
20260812,1868,ヤマックス,5285,東S,,"1,387",+18,+1.31%,81,7.04倍,1.40倍,4.33%
20260812,1869,中外鉱,1491,東S,,828,+43,+5.48%,81,11.9倍,1.27倍,ー%
20260812,1870,インスペック,6656,東S,,879,+23,+2.69%,81,44.1倍,4.28倍,ー%
20260812,1871,Ｔワークス,3997,東S,,367,+7,+1.94%,81,49.7倍,5.93倍,0.54%
20260812,1872,ミヨシ,4404,東S,,"2,045",+47,+2.35%,81,14.0倍,0.48倍,3.42%
20260812,1873,第一建設,1799,東S,,"3,285",+40,+1.23%,80,13.5倍,0.80倍,4.87%
20260812,1874,北ガス,9534,東P,,771,+3,+0.39%,80,7.25倍,0.69倍,3.50%
20260812,1875,霞ヶ関ホテル,401A,東Ｒ,,"96,400",-400,-0.41%,80,ー倍,0.97倍,6.08%
20260812,1876,ネイス,589A,東G,,"1,320",+30,+2.33%,80,12.8倍,8.19倍,ー%
20260812,1877,ＧＸ中小日株,2837,東Ｅ,,"4,770",-43,-0.89%,80,ー倍,ー倍,ー%
20260812,1878,クラシル,299A,東G,,"1,143",+17,+1.51%,80,19.9倍,3.53倍,ー%
20260812,1879,近鉄百,8244,東S,,"1,832",+16,+0.88%,80,19.0倍,1.59倍,1.09%
20260812,1880,ビーロット,3452,東S,,"1,502",+2,+0.13%,80,5.66倍,1.34倍,5.33%
20260812,1881,ＡｎｄＤｏ,3457,東P,,937,+12,+1.30%,79,12.1倍,0.98倍,4.91%
20260812,1882,ＰＢＲ１解消,2080,東Ｅ,,"2,062",+15,+0.73%,79,ー倍,ー倍,ー%
20260812,1883,西部技研,6223,東S,,"1,986",+18,+0.91%,79,9.97倍,1.17倍,3.52%
20260812,1884,サイバトラス,4498,東G,,"1,267",-5,-0.39%,79,16.8倍,2.76倍,1.10%
20260812,1885,上場高配５０,399A,東Ｅ,,"2,330",+5,+0.22%,79,ー倍,ー倍,ー%
20260812,1886,ラサ商事,3023,東S,,"2,059",-6,-0.29%,79,10.9倍,0.93倍,3.89%
20260812,1887,キャリアデザ,2410,東P,,"2,910",+38,+1.32%,78,12.1倍,3.03倍,5.50%
20260812,1888,ＲｅＹｕｕ,9425,東S,,204,+10,+5.15%,78,ー倍,1.11倍,ー%
20260812,1889,ジンジブ,142A,東G,,785,-2,-0.25%,78,6.46倍,3.91倍,ー%
20260812,1890,ＷＯＷＯＷ,4839,東P,,"1,000",+6,+0.60%,78,47.3倍,0.41倍,3.00%
20260812,1891,ダイドー,3205,東S,,731,-1,-0.14%,78,25.7倍,2.27倍,6.84%
20260812,1892,オーバラップ,414A,東G,,889,+18,+2.07%,78,11.4倍,2.09倍,4.95%
20260812,1893,空港施設,8864,東S,,935,+8,+0.86%,78,13.6倍,0.75倍,4.49%
20260812,1894,オークワ,8217,東P,,794,-8,-1.00%,77,49.7倍,0.44倍,3.27%
20260812,1895,Ｏｎｅ２２５,1369,東Ｅ,,"68,000",+650,+0.97%,77,ー倍,ー倍,ー%
20260812,1896,ｉＦＳＰ無,2247,東Ｅ,,"2,323",+10,+0.43%,77,ー倍,ー倍,ー%
20260812,1897,ＭＩＣ,300A,東S,,"3,265",+105,+3.32%,77,17.2倍,2.55倍,2.36%
20260812,1898,スターシーズ,3083,東S,,956,-5,-0.52%,77,13.8倍,3.04倍,1.05%
20260812,1899,ＤＩＴ,3916,東P,,950,+23,+2.48%,77,12.8倍,3.09倍,4.42%
20260812,1900,ジャノメ,6445,東P,,"1,409",+9,+0.64%,77,11.8倍,0.67倍,4.26%
20260812,1901,ＧＸテック日,2854,東Ｅ,,"2,851",+44,+1.57%,76,ー倍,ー倍,ー%
20260812,1902,エラン,6099,東P,,776,+18,+2.37%,76,14.7倍,3.06倍,2.06%
20260812,1903,セーフィー,4375,東G,,633,+8,+1.28%,76,ー倍,3.84倍,ー%
20260812,1904,トレイダーズ,8704,東S,,"1,318",-12,-0.90%,76,7.29倍,1.70倍,3.41%
20260812,1905,広電鉄,9033,東S,,626,0,0.00%,76,19.0倍,0.42倍,1.28%
20260812,1906,ミニストップ,9946,東P,,"1,825",0,0.00%,76,529倍,2.22倍,1.10%
20260812,1907,ケンコーマヨ,2915,東P,,"2,003",+30,+1.52%,76,10.2倍,0.70倍,3.49%
20260812,1908,Ｖコマース,2491,東P,,459,+1,+0.22%,75,ー倍,0.88倍,3.49%
20260812,1909,スマートＤ,5137,東G,,235,-1,-0.42%,75,9.84倍,6.52倍,ー%
20260812,1910,ヘッドウォ,4011,東G,,"2,144",+77,+3.73%,75,33.5倍,9.79倍,ー%
20260812,1911,ＧＸロボ日株,2638,東Ｅ,,"2,745",+21,+0.77%,75,ー倍,ー倍,ー%
20260812,1912,ヤマウラ,1780,東P,,"1,430",+7,+0.49%,75,9.63倍,1.01倍,2.52%
20260812,1913,日特建,1929,東P,,"1,148",+10,+0.88%,75,13.0倍,1.30倍,4.36%
20260812,1914,ロボホーム,1435,東S,,166,+3,+1.84%,74,7.37倍,1.33倍,1.20%
20260812,1915,トヨクモ,4058,東G,,"2,463",+26,+1.07%,74,20.5倍,6.49倍,1.10%
20260812,1916,東インキ,4635,東S,,"2,073",-3,-0.14%,74,9.77倍,0.82倍,4.58%
20260812,1917,野村外リート,2515,東Ｅ,,"1,684",-21,-1.23%,74,ー倍,ー倍,ー%
20260812,1918,オハラ,5218,東S,,"1,556",-20,-1.27%,74,26.4倍,0.70倍,1.61%
20260812,1919,ＪＦＬＡＨＤ,3069,東S,,170,+8,+4.94%,73,ー倍,1.33倍,ー%
20260812,1920,不二家,2211,東P,,"2,428",+20,+0.83%,73,29.8倍,1.05倍,1.24%
20260812,1921,ザイン,6769,東S,,"1,086",+18,+1.69%,73,107倍,1.33倍,1.38%
20260812,1922,タイガポリ,4231,東S,,991,-29,-2.84%,73,7.96倍,0.40倍,3.83%
20260812,1923,シマダヤ,250A,東S,,"1,629",-37,-2.22%,73,8.97倍,1.25倍,3.31%
20260812,1924,アイネス,9742,東P,,"2,319",+13,+0.56%,73,28.4倍,1.32倍,2.37%
20260812,1925,ファインデ,3649,東P,,885,+12,+1.37%,73,16.6倍,3.83倍,3.05%
20260812,1926,ギークリー,505A,東S,,"1,351",+61,+4.73%,73,9.60倍,3.96倍,4.22%
20260812,1927,ヒトトヒトＨ,549A,東S,,495,-5,-1.00%,72,ー倍,2.20倍,4.33%
20260812,1928,梅乃宿酒造,559A,東S,,"1,092",-56,-4.88%,72,18.3倍,1.86倍,2.18%
20260812,1929,ヒーハイスト,6433,東S,,953,-7,-0.73%,72,64.6倍,2.83倍,0.21%
20260812,1930,ヤマト,1967,東S,,"2,070",+66,+3.29%,72,10.8倍,1.08倍,3.72%
20260812,1931,日本麻,3306,東S,,629,-18,-2.78%,72,925倍,1.32倍,0.64%
20260812,1932,菊池製作,3444,東S,,"1,002",+13,+1.31%,72,88.4倍,2.02倍,1.00%
20260812,1933,ユニシアＨＤ,3547,東S,,"1,790",-7,-0.39%,72,38.8倍,2.64倍,ー%
20260812,1934,ＪＳＨ,150A,東G,,501,+9,+1.83%,72,14.8倍,1.46倍,ー%
20260812,1935,ＴＭＨ,280A,東G,,"1,077",+37,+3.56%,71,ー倍,2.87倍,ー%
20260812,1936,恵和,4251,東P,,"1,288",+13,+1.02%,71,7.81倍,0.99倍,3.88%
20260812,1937,ＩＧポート,3791,東S,,"1,134",+4,+0.35%,71,73.5倍,2.29倍,1.15%
20260812,1938,エフオン,9514,東S,,335,+5,+1.52%,71,5.45倍,0.36倍,2.39%
20260812,1939,Ｍ米債長ヘ無,182A,東Ｅ,,487.3,+1.5,+0.31%,70,ー倍,ー倍,ー%
20260812,1940,ハニーズＨＤ,2792,東P,,"1,423",+9,+0.64%,70,15.9倍,0.81倍,3.87%
20260812,1941,太平発,8835,東S,,773,-27,-3.38%,70,12.8倍,0.38倍,5.24%
20260812,1942,桜ゴム,5189,東S,,"3,670",+335,+10.04%,70,8.88倍,0.71倍,3.27%
20260812,1943,アーレスティ,5852,東P,,669,0,0.00%,70,33.5倍,0.30倍,5.08%
20260812,1944,動物高度医療,6039,東G,,"1,079",+30,+2.86%,70,15.7倍,2.86倍,1.20%
20260812,1945,フツパー,478A,東G,,745,-13,-1.72%,70,21.9倍,3.60倍,ー%
20260812,1946,マツオカ,3611,東S,,"2,447",-19,-0.77%,70,7.56倍,0.64倍,4.70%
20260812,1947,ｉＦ日経年４,2624,東Ｅ,,"6,795",+65,+0.97%,70,ー倍,ー倍,ー%
20260812,1948,小池工,6137,東S,,"1,489",-30,-1.97%,69,9.26倍,0.66倍,3.36%
20260812,1949,全保連,5845,東S,,"1,212",+17,+1.42%,69,11.4倍,3.94倍,4.46%
20260812,1950,森六,4249,東P,,"2,868",-9,-0.31%,69,7.62倍,0.59倍,4.36%
20260812,1951,ぴあ,4337,東P,,"2,709",+7,+0.26%,69,27.7倍,3.87倍,1.11%
20260812,1952,明光ネット,4668,東P,,775,+5,+0.65%,69,19.5倍,1.62倍,3.74%
20260812,1953,遠藤照明,6932,東S,,"2,590",-64,-2.41%,69,8.70倍,0.75倍,3.40%
20260812,1954,中発条,5992,東S,,"3,695",+35,+0.96%,68,38.8倍,1.08倍,2.44%
20260812,1955,トヨコー,341A,東G,,"1,948",+38,+1.99%,68,40.6倍,8.54倍,ー%
20260812,1956,メディアドゥ,3678,東P,,"1,285",+33,+2.64%,68,16.3倍,1.05倍,3.11%
20260812,1957,スペース,9622,東P,,"1,425",-3,-0.21%,67,10.6倍,0.98倍,5.05%
20260812,1958,燦ＨＤ,9628,東P,,"1,408",0,0.00%,67,ー倍,0.86倍,2.86%
20260812,1959,オカムラ食品,2938,東S,,"1,244",-12,-0.96%,67,23.1倍,3.18倍,0.72%
20260812,1960,大光銀,8537,東S,,"2,763",+52,+1.92%,67,8.06倍,0.33倍,3.84%
20260812,1961,ＮＥＣキャピ,8793,東P,,"4,105",+20,+0.49%,67,8.85倍,0.67倍,3.65%
20260812,1962,ワイズＨＤ,5955,東S,,84,+1,+1.20%,67,30.2倍,0.93倍,1.19%
20260812,1963,キャリアＬ,6070,東P,,"2,379",+22,+0.93%,67,10.1倍,1.77倍,5.04%
20260812,1964,ナルネット,5870,東G,,825,-11,-1.32%,66,8.59倍,1.15倍,3.64%
20260812,1965,ヘリオスＴＨ,6927,東S,,952,-3,-0.31%,66,14.4倍,1.09倍,6.20%
20260812,1966,システムソフ,7527,東S,,51,+1,+2.00%,66,243倍,1.03倍,ー%
20260812,1967,フォースタ,7089,東G,,"1,586",-6,-0.38%,66,10.9倍,3.37倍,ー%
20260812,1968,東祥,8920,東S,,712,+7,+0.99%,66,7.72倍,0.66倍,1.40%
20260812,1969,エネクスＩＦ,9286,東IF,,"47,200",+350,+0.75%,66,ー倍,0.57倍,6.41%
20260812,1970,ナガワ,9663,東P,,"5,140",+30,+0.59%,66,24.1倍,1.18倍,1.17%
20260812,1971,いちごホテル,3463,東Ｒ,,"111,200",+700,+0.63%,66,ー倍,0.89倍,6.41%
20260812,1972,ダイニック,3551,東S,,"1,381",-11,-0.79%,66,5.69倍,0.36倍,3.33%
20260812,1973,Ｃ＆Ｒ,4763,東P,,"1,436",-15,-1.03%,66,8.81倍,1.56倍,3.55%
20260812,1974,ホクリヨウ,1384,東S,,"2,075",+24,+1.17%,66,7.73倍,1.00倍,3.86%
20260812,1975,中村屋,2204,東S,,"3,210",0,0.00%,65,19.3倍,0.66倍,2.34%
20260812,1976,ＣＳＰ,9740,東P,,"2,706",+43,+1.61%,65,16.5倍,0.91倍,2.99%
20260812,1977,イントループ,9556,東G,,"2,012",+81,+4.19%,65,29.1倍,3.00倍,ー%
20260812,1978,ｉＦＳＰＷブ,2237,東Ｅ,,"2,525",+16,+0.64%,65,ー倍,ー倍,ー%
20260812,1979,ｉＦＳＰベ,2238,東Ｅ,,"5,203",+19,+0.37%,65,ー倍,ー倍,ー%
20260812,1980,ＧＸ超長米債,180A,東Ｅ,,285.5,+0.5,+0.18%,65,ー倍,ー倍,ー%
20260812,1981,ＢＢタワー,3776,東S,,255,+12,+4.94%,65,32.7倍,1.72倍,0.78%
20260812,1982,福島銀,8562,東S,,350,-1,-0.28%,65,13.6倍,0.51倍,1.43%
20260812,1983,グランディ,8999,東P,,564,+12,+2.17%,64,14.9倍,0.66倍,5.67%
20260812,1984,共栄タ,9130,東S,,"1,499",+34,+2.32%,64,3.10倍,0.41倍,2.67%
20260812,1985,モリト,9837,東P,,"1,814",-6,-0.33%,64,15.0倍,1.11倍,3.97%
20260812,1986,海帆,3133,東G,,84,-4,-4.55%,64,ー倍,21.4倍,ー%
20260812,1987,シモジマ,7482,東P,,"1,469",-19,-1.28%,64,13.2倍,0.92倍,4.02%
20260812,1988,愛電機,6623,名P,,"9,140",-130,-1.40%,64,9.88倍,0.99倍,3.06%
20260812,1989,スタティアＨ,3393,東P,,"3,030",+10,+0.33%,64,12.2倍,3.53倍,4.79%
20260812,1990,中越パ,3877,東P,,"2,208",-12,-0.54%,64,17.3倍,0.46倍,5.43%
20260812,1991,稲葉製作,3421,東S,,"1,708",+23,+1.36%,63,14.4倍,0.60倍,2.58%
20260812,1992,エスコンＪＰ,2971,東Ｒ,,"111,000",+400,+0.36%,63,ー倍,0.99倍,6.36%
20260812,1993,薬王堂ＨＤ,7679,東P,,"1,714",-4,-0.23%,63,8.27倍,0.82倍,1.75%
20260812,1994,エヌエフＨＤ,6864,東S,,"1,611",+18,+1.13%,63,16.2倍,0.87倍,2.23%
20260812,1995,ｍｏｎｏＡＩ,5240,東G,,208,-4,-1.89%,63,ー倍,2.36倍,ー%
20260812,1996,上場米債０ラ,2093,東Ｅ,,"5,296",-30,-0.56%,62,ー倍,ー倍,ー%
20260812,1997,フジッコ,2908,東P,,"1,573",+2,+0.13%,62,36.1倍,0.65倍,2.92%
20260812,1998,ウェルネオＳ,2117,東P,,"2,773",-3,-0.11%,62,14.0倍,1.17倍,4.29%
20260812,1999,ＧＭＯ－ＧＳ,3788,東P,,"2,308",+22,+0.96%,62,25.2倍,2.64倍,2.59%
20260812,2000,ＫＮＴＣＴ,9726,東S,,"1,882",-11,-0.58%,62,8.98倍,2.67倍,0.53%
20260812,2001,Ｄｅｎｋｅｉ,9908,東S,,"2,704",+33,+1.24%,62,8.77倍,0.92倍,4.03%
20260812,2002,アオイ電子,6832,東S,,"2,319",+34,+1.49%,62,113倍,0.60倍,2.33%
20260812,2003,ＭＸナスヘ有,2632,東Ｅ,,"18,030",-160,-0.88%,62,ー倍,ー倍,ー%
20260812,2004,ＩＤＨＤ,4709,東P,,"1,045",+8,+0.77%,62,11.8倍,2.37倍,4.78%
20260812,2005,シャノン,3976,東G,,601,+68,+12.76%,61,12.3倍,3.12倍,ー%
20260812,2006,ハリマ化成Ｇ,4410,東P,,"1,129",-1,-0.09%,61,10.4倍,0.66倍,3.72%
20260812,2007,カルナバイオ,4572,東G,,332,+3,+0.91%,61,ー倍,-16倍,ー%
20260812,2008,明治電機工業,3388,東P,,"2,104",+15,+0.72%,61,8.68倍,0.69倍,4.56%
20260812,2009,ブルーイノベ,5597,東G,,"1,271",-8,-0.63%,61,ー倍,102倍,ー%
20260812,2010,ＴＹＫ,5363,東S,,693,-9,-1.28%,61,6.80倍,0.61倍,4.42%
20260812,2011,日精鉱,5729,東S,,"1,763",+63,+3.71%,61,15.5倍,1.14倍,3.40%
20260812,2012,ＣＫサンエツ,5757,東P,,"5,050",+30,+0.60%,61,6.42倍,0.74倍,1.98%
20260812,2013,ＷＤＢ,2475,東P,,"1,771",+3,+0.17%,61,12.3倍,1.04倍,5.31%
20260812,2014,Ｔ＆Ｓ・Ｇ,4055,東G,,"1,570",+34,+2.21%,61,21.8倍,3.73倍,0.70%
20260812,2015,勤次郎,4013,東G,,736,+7,+0.96%,61,13.9倍,1.38倍,1.36%
20260812,2016,石井表記,6336,東S,,"1,642",+37,+2.31%,61,13.9倍,1.21倍,2.19%
20260812,2017,バリュエンス,9270,東G,,"1,992",-2,-0.10%,61,8.75倍,2.50倍,2.26%
20260812,2018,帝ホテル,9708,東S,,988,-7,-0.70%,60,63.2倍,2.39倍,0.61%
20260812,2019,インテージＨ,4326,東P,,"1,863",+2,+0.11%,60,17.8倍,2.09倍,2.68%
20260812,2020,清水銀,8364,東P,,"2,811",+64,+2.33%,60,12.8倍,0.39倍,2.13%
20260812,2021,Ｓａｐｅｅｔ,269A,東G,,"2,465",-38,-1.52%,60,30.6倍,6.23倍,ー%
20260812,2022,日産車体,7222,東S,,948,-3,-0.32%,60,9.17倍,0.69倍,ー%
20260812,2023,コンドー,7438,東P,,"1,560",+10,+0.65%,60,11.8倍,1.04倍,3.72%
20260812,2024,スパイダー,4192,東G,,283,+6,+2.17%,60,ー倍,3.71倍,ー%
20260812,2025,アップル,2788,東S,,406,+18,+4.64%,60,8.53倍,0.49倍,2.46%
20260812,2026,ＪＴＰ,2488,東S,,"1,448",+67,+4.85%,59,11.2倍,2.08倍,3.45%
20260812,2027,マイクロアド,9553,東G,,631,+16,+2.60%,59,24.7倍,4.25倍,ー%
20260812,2028,萩原工業,7856,東P,,"1,813",-10,-0.55%,59,17.0倍,0.81倍,4.14%
20260812,2029,極東貿易,8093,東P,,"1,814",-15,-0.82%,59,8.79倍,0.66倍,4.08%
20260812,2030,アイサンテク,4667,東S,,"1,967",+58,+3.04%,59,19.0倍,1.66倍,2.29%
20260812,2031,グロースコア,1563,東Ｅ,,"2,361",+58,+2.52%,59,ー倍,ー倍,ー%
20260812,2032,北川鉄,6317,東S,,"1,819",+37,+2.08%,59,8.60倍,0.37倍,3.52%
20260812,2033,大豊工業,6470,東S,,"1,130",+1,+0.09%,59,8.93倍,0.50倍,2.65%
20260812,2034,ＤＭＰ,3652,東G,,"2,528",+16,+0.64%,58,265倍,2.52倍,ー%
20260812,2035,ｉＳ米高配当,2013,東Ｅ,,309.5,+4.3,+1.41%,58,ー倍,ー倍,ー%
20260812,2036,ｉＳ高配当,1478,東Ｅ,,"5,303",-7,-0.13%,58,ー倍,ー倍,ー%
20260812,2037,ＷＴ天然ガス,1689,東Ｅ,,749,+15,+2.04%,58,ー倍,ー倍,ー%
20260812,2038,大成温調,1904,東S,,"5,190",+80,+1.57%,58,6.09倍,1.05倍,3.82%
20260812,2039,ジーネクスト,4179,東G,,373,-8,-2.10%,58,ー倍,26.6倍,ー%
20260812,2040,シグマ光機,7713,東S,,"2,226",-5,-0.22%,58,16.2倍,0.85倍,2.25%
20260812,2041,エータイ,369A,東G,,"2,476",+46,+1.89%,58,18.5倍,3.22倍,2.18%
20260812,2042,三ッ星,5820,東S,,764,+8,+1.06%,57,11.1倍,0.42倍,2.23%
20260812,2043,京写,6837,東S,,364,+10,+2.82%,57,12.1倍,0.51倍,2.47%
20260812,2044,フルッタ,2586,東G,,92,-1,-1.08%,57,107倍,1.51倍,ー%
20260812,2045,シキボウ,3109,東P,,"1,058",+10,+0.95%,57,22.4倍,0.37倍,4.73%
20260812,2046,ＯｎｅＪリト,2556,東Ｅ,,"1,873.0",+14.0,+0.75%,57,ー倍,ー倍,ー%
20260812,2047,アミファ,7800,東S,,"1,060",+38,+3.72%,56,5.02倍,1.20倍,2.83%
20260812,2048,セラク,6199,東S,,"1,409",+54,+3.99%,56,9.79倍,1.87倍,1.23%
20260812,2049,丸山製,6316,東S,,"2,838",+26,+0.92%,56,9.94倍,0.49倍,2.82%
20260812,2050,ＹＵＳＨＩＮ,6482,東S,,713,-12,-1.66%,56,24.8倍,0.66倍,ー%
20260812,2051,ウィル,3241,東S,,597,+10,+1.70%,56,7.70倍,1.19倍,3.94%
20260812,2052,ホッカンＨＤ,5902,東P,,"2,448",+8,+0.33%,56,8.61倍,0.49倍,4.08%
20260812,2053,ｉＦ高配４０,1651,東Ｅ,,"3,255",+30,+0.93%,56,ー倍,ー倍,ー%
20260812,2054,日本ドライ,1909,東S,,"3,705",0,0.00%,56,ー倍,3.08倍,ー%
20260812,2055,綿半ＨＤ,3199,東P,,"1,307",+5,+0.38%,55,10.6倍,1.01倍,2.37%
20260812,2056,ＡＭＩ,3773,東G,,"1,085",+34,+3.24%,55,14.7倍,1.16倍,2.03%
20260812,2057,テクノマセマ,3787,東S,,291,+23,+8.58%,55,24.3倍,0.42倍,ー%
20260812,2058,ヤプリ,4168,東G,,796,+6,+0.76%,55,11.0倍,3.28倍,1.88%
20260812,2059,コーア商ＨＤ,9273,東P,,772,+6,+0.78%,55,9.06倍,1.04倍,2.46%
20260812,2060,ミロク情報,9928,東P,,"1,845",+23,+1.26%,55,11.5倍,1.71倍,3.52%
20260812,2061,帝通工,6763,東P,,"2,822",+30,+1.07%,55,18.6倍,0.90倍,4.43%
20260812,2062,ＢＴＣＪＰＮ,8105,東S,,90,-3,-3.23%,55,ー倍,1.22倍,ー%
20260812,2063,大成ラミック,4994,東S,,"2,710",+46,+1.73%,55,11.0倍,0.61倍,2.58%
20260812,2064,日精線,5659,東P,,"1,398",+2,+0.14%,55,15.3倍,1.01倍,3.29%
20260812,2065,日進工具,6157,東S,,865,+8,+0.93%,55,26.1倍,1.14倍,3.47%
20260812,2066,ジェリビンズ,3070,東G,,71,-2,-2.74%,55,36.0倍,1.17倍,ー%
20260812,2067,ウネリー,5034,東G,,"2,246",+115,+5.40%,55,24.6倍,3.66倍,ー%
20260812,2068,ＪＲＣ,6224,東G,,"1,128",+23,+2.08%,55,11.7倍,2.47倍,3.01%
20260812,2069,ｉＳ米債３月,2012,東Ｅ,,242.2,+1.6,+0.67%,55,ー倍,ー倍,ー%
20260812,2070,クリアル,2998,東G,,500,+3,+0.60%,54,8.49倍,1.58倍,1.60%
20260812,2071,アイビス,9343,東G,,772,+11,+1.45%,54,15.2倍,4.56倍,1.55%
20260812,2072,石川製,6208,東S,,"1,699",+35,+2.10%,54,16.6倍,1.72倍,1.18%
20260812,2073,宮越ＨＤ,6620,東P,,700,+40,+6.06%,54,84.9倍,1.13倍,ー%
20260812,2074,ＪＡＬＣＯ,6625,東S,,365,+2,+0.55%,54,38.0倍,2.13倍,4.93%
20260812,2075,トーセイＲ,3451,東Ｒ,,"131,100",+900,+0.69%,54,ー倍,1.15倍,5.84%
20260812,2076,ＧＭＯ－ＰＰ,3695,東G,,"1,485",0,0.00%,54,15.7倍,2.63倍,4.77%
20260812,2077,野村電機精密,1625,東Ｅ,,"66,650",+590,+0.89%,54,ー倍,ー倍,ー%
20260812,2078,ｉＳ米債７,1656,東Ｅ,,310.5,+1.2,+0.39%,54,ー倍,ー倍,ー%
20260812,2079,ダブスタ,3925,東P,,"1,249",-1,-0.08%,54,14.1倍,2.53倍,5.60%
20260812,2080,ケーユーＨＤ,9856,東S,,"1,184",-2,-0.17%,54,6.63倍,0.53倍,4.90%
20260812,2081,ヨータイ,5357,東P,,"1,766",+10,+0.57%,54,12.5倍,0.94倍,5.10%
20260812,2082,パンチ,6165,東S,,524,-4,-0.76%,54,12.0倍,0.59倍,3.84%
20260812,2083,アルメディオ,7859,東S,,234,+2,+0.86%,54,ー倍,0.60倍,ー%
20260812,2084,幸楽苑,7554,東P,,"1,126",-2,-0.18%,54,17.2倍,3.02倍,1.33%
20260812,2085,ＮＥＷＡＲＴ,7638,東S,,"1,397",+1,+0.07%,53,9.59倍,2.15倍,5.73%
20260812,2086,神島化,4026,東S,,"1,664",+8,+0.48%,53,ー倍,1.03倍,ー%
20260812,2087,ミライアル,4238,東S,,"1,699",+7,+0.41%,53,ー倍,0.65倍,ー%
20260812,2088,信和,3447,東S,,"1,028",-4,-0.39%,53,8.71倍,0.81倍,3.50%
20260812,2089,ポールＨＤ,3657,東P,,348,+5,+1.46%,53,17.6倍,1.53倍,4.60%
20260812,2090,サンウェルズ,9229,東P,,117,+2,+1.74%,53,ー倍,0.60倍,ー%
20260812,2091,ユトリ,5892,東G,,"2,205",-21,-0.94%,53,15.0倍,5.00倍,ー%
20260812,2092,酒井重,6358,東P,,"2,148",+27,+1.27%,53,16.8倍,0.58倍,5.12%
20260812,2093,サンアスタ,4053,東P,,444,+1,+0.23%,53,12.5倍,1.55倍,2.25%
20260812,2094,ＭＶ東海,8198,東S,,"3,200",+15,+0.47%,53,11.0倍,1.06倍,2.66%
20260812,2095,ラックランド,9612,東P,,"1,268",0,0.00%,53,5.68倍,1.11倍,3.15%
20260812,2096,Ｒフィールド,2910,東P,,"1,376",+11,+0.81%,53,115倍,1.26倍,1.74%
20260812,2097,丸善ＣＨＩ,3159,東S,,411,-9,-2.14%,53,15.4倍,0.68倍,1.46%
20260812,2098,サンデン,6444,東S,,190,+9,+4.97%,52,42.8倍,0.69倍,ー%
20260812,2099,ニレコ,6863,東S,,960,+20,+2.13%,52,14.2倍,1.22倍,3.65%
20260812,2100,ＳＫジャパン,7608,東S,,828,-12,-1.43%,52,10.2倍,2.07倍,2.90%
20260812,2101,アルファ,4719,東P,,"3,390",+10,+0.30%,52,13.0倍,1.05倍,4.13%
20260812,2102,ｉＦナ百Ｗベ,2870,東Ｅ,,"7,543",+127,+1.71%,52,ー倍,ー倍,ー%
20260812,2103,グリーンエナ,1436,東G,,"1,552",+53,+3.54%,52,24.0倍,3.38倍,0.39%
20260812,2104,山陽電,9052,東P,,"1,956",+26,+1.35%,52,14.5倍,0.67倍,2.56%
20260812,2105,中央倉,9319,東P,,"1,736",+20,+1.17%,52,14.7倍,0.61倍,2.42%
20260812,2106,太洋物産,9941,東S,,"1,215",+15,+1.25%,52,16.2倍,2.65倍,ー%
20260812,2107,新田ゼラチン,4977,東S,,"1,250",+1,+0.08%,52,9.49倍,0.91倍,3.20%
20260812,2108,Ｇｕｎｏｓｙ,6047,東S,,390,+14,+3.72%,52,ー倍,0.75倍,3.33%
20260812,2109,ニチリン,5184,東S,,"4,145",+35,+0.85%,51,9.70倍,0.86倍,4.58%
20260812,2110,エクストリム,6033,東G,,"1,686",-23,-1.35%,51,9.81倍,1.31倍,4.03%
20260812,2111,エイビック,9554,東G,,"1,657",+64,+4.02%,51,13.8倍,3.95倍,ー%
20260812,2112,グリッド,5582,東G,,"2,016",+49,+2.49%,51,34.6倍,2.33倍,ー%
20260812,2113,ＮＩＳＳＯ,9332,東P,,638,+5,+0.79%,51,10.3倍,1.20倍,3.92%
20260812,2114,ヤーマン,6630,東P,,757,-3,-0.39%,51,119倍,1.72倍,1.19%
20260812,2115,アイホン,6718,東P,,"2,833",+11,+0.39%,51,14.5倍,0.66倍,4.59%
20260812,2116,ペッパー,3053,東S,,194,+1,+0.52%,51,240倍,3.44倍,ー%
20260812,2117,リックス,7525,東P,,"3,675",-50,-1.34%,51,9.94倍,1.03倍,4.41%
20260812,2118,アトネイチャ,7823,東S,,838,-5,-0.59%,51,22.6倍,1.00倍,3.34%
20260812,2119,ショーエイ,9385,東S,,749,-28,-3.60%,51,5.95倍,1.13倍,4.67%
20260812,2120,ビステム,9780,東S,,991,+46,+4.87%,51,8.84倍,0.86倍,3.63%
20260812,2121,あかつき本社,8737,東S,,622,+14,+2.30%,51,5.70倍,0.90倍,4.82%
20260812,2122,ｉＦ日経ベ,1456,東Ｅ,,"1,235",-11,-0.88%,51,ー倍,ー倍,ー%
20260812,2123,ＷＴ銅,1693,東Ｅ,,"9,105",+75,+0.83%,51,ー倍,ー倍,ー%
20260812,2124,上場リート隔,1345,東Ｅ,,"1,843",+4,+0.22%,50,ー倍,ー倍,ー%
20260812,2125,ＪＥＳＣＯ,1434,東S,,"1,701",+5,+0.29%,50,10.8倍,1.41倍,2.82%
20260812,2126,松井建,1810,東S,,"1,449",+14,+0.98%,50,10.3倍,0.72倍,4.83%
20260812,2127,高配当成長,345A,東EN,,"15,685",+135,+0.87%,50,ー倍,ー倍,ー%
20260812,2128,ＴＶＥ,6466,東S,,"4,125",+80,+1.98%,50,11.8倍,0.75倍,1.33%
20260812,2129,日精化,4362,東P,,"2,636",+20,+0.76%,50,11.0倍,1.12倍,3.95%
20260812,2130,アステナＨＤ,8095,東P,,527,+3,+0.57%,50,9.07倍,0.75倍,3.42%
20260812,2131,中本パックス,7811,東S,,"1,920",+9,+0.47%,50,7.78倍,0.80倍,3.85%
20260812,2132,津田駒,6217,東S,,804,-1,-0.12%,49,51.3倍,2.03倍,ー%
20260812,2133,オートＷ,2666,東S,,177,-11,-5.85%,49,10.6倍,0.56倍,2.26%
20260812,2134,メタルアート,5644,東S,,"7,100",-80,-1.11%,49,12.6倍,0.78倍,2.25%
20260812,2135,Ａパーチェス,7115,東S,,"1,555",-105,-6.33%,49,13.5倍,2.21倍,2.38%
20260812,2136,ＲＩＺＡＰ,2928,札Ａ,,186,+2,+1.09%,49,22.2倍,2.19倍,0.72%
20260812,2137,インシュア,5843,東S,,"2,433",-51,-2.05%,49,9.76倍,2.29倍,1.03%
20260812,2138,日東富士,2003,東S,,"1,775",0,0.00%,49,19.6倍,1.31倍,3.94%
20260812,2139,アンジェス,4563,東G,,51,+2,+4.08%,49,ー倍,10.5倍,ー%
20260812,2140,スポーツＦ,7080,東G,,811,-39,-4.59%,49,7.04倍,2.11倍,2.84%
20260812,2141,ＢＣＣ,7376,東G,,994,-91,-8.39%,49,ー倍,4.15倍,ー%
20260812,2142,大庄,9979,東S,,"1,094",+2,+0.18%,48,25.0倍,1.97倍,1.28%
20260812,2143,ヴィス,5071,東S,,"1,345",-107,-7.37%,48,9.17倍,1.50倍,4.39%
20260812,2144,プログリット,9560,東G,,841,-1,-0.12%,48,9.79倍,3.62倍,2.62%
20260812,2145,情報戦略テク,155A,東G,,854,+11,+1.30%,48,20.4倍,4.69倍,ー%
20260812,2146,鈴茂器工,6405,東S,,"1,134",+25,+2.25%,48,20.1倍,0.98倍,3.09%
20260812,2147,コスモバイオ,3386,東S,,"1,216",-26,-2.09%,48,21.7倍,0.71倍,4.11%
20260812,2148,エニグモ,3665,東P,,410,+2,+0.49%,48,33.0倍,1.56倍,7.32%
20260812,2149,アドヴァンＧ,7463,東S,,928,-1,-0.11%,48,ー倍,0.52倍,4.31%
20260812,2150,アルインコ,5933,東P,,"1,105",+2,+0.18%,48,10.1倍,0.65倍,4.07%
20260812,2151,地銀業界改革,395A,東Ｅ,,"1,035.0",+19.0,+1.87%,48,ー倍,ー倍,ー%
20260812,2152,ＵＮＩＣＯＮ,407A,東S,,899,+20,+2.28%,48,8.08倍,2.14倍,5.01%
20260812,2153,ブラインド,7989,東P,,"2,617",+26,+1.00%,48,16.0倍,0.91倍,4.59%
20260812,2154,ニチモウ,8091,東P,,"2,363",-9,-0.38%,48,7.64倍,0.57倍,4.23%
20260812,2155,プロネクサス,7893,東P,,"1,120",+15,+1.36%,47,13.8倍,1.10倍,3.93%
20260812,2156,ルックＨＤ,8029,東S,,"2,588",-17,-0.65%,47,12.2倍,0.47倍,3.86%
20260812,2157,ＨＳＨＤ,8699,東S,,"1,119",+7,+0.63%,47,ー倍,0.33倍,ー%
20260812,2158,ＪＭＡＣＳ,5817,東S,,"1,024",-1,-0.10%,47,23.2倍,1.01倍,1.46%
20260812,2159,紀文食品,2933,東P,,"1,128",0,0.00%,47,10.1倍,1.03倍,2.04%
20260812,2160,河西工,7256,東S,,446,+22,+5.19%,47,4.82倍,1.67倍,ー%
20260812,2161,ミラタップ,3187,東G,,338,+28,+9.03%,47,25.9倍,2.10倍,ー%
20260812,2162,セントラルＲ,3488,東Ｒ,,"102,900",+300,+0.29%,47,ー倍,1.02倍,6.50%
20260812,2163,六甲バタ,2266,東P,,"1,068",+12,+1.14%,47,13.1倍,0.59倍,1.87%
20260812,2164,ルネサンス,2378,東P,,"1,059",+8,+0.76%,47,41.7倍,2.61倍,1.23%
20260812,2165,ウェルネット,2428,東S,,633,-1,-0.16%,47,10.4倍,1.31倍,4.82%
20260812,2166,農中リート２,530A,東Ｅ,,"1,858",+4,+0.22%,47,ー倍,ー倍,ー%
20260812,2167,群栄化,4229,東P,,"4,485",-60,-1.32%,47,17.5倍,0.52倍,2.68%
20260812,2168,ラクオリア,4579,東G,,517,+2,+0.39%,47,ー倍,1.67倍,ー%
20260812,2169,学究社,9769,東P,,"2,670",-38,-1.40%,47,13.3倍,3.55倍,4.76%
20260812,2170,東海運,9380,東S,,433,+15,+3.59%,46,14.8倍,0.64倍,2.08%
20260812,2171,ホテルレジＲ,3472,東Ｒ,,"66,400",+100,+0.15%,46,ー倍,0.82倍,5.99%
20260812,2172,ライトアップ,6580,東G,,761,+40,+5.55%,46,7.84倍,1.23倍,2.50%
20260812,2173,フュージック,5256,東G,,"2,598",+153,+6.26%,46,18.5倍,2.73倍,ー%
20260812,2174,ｉＦ印Ｎ５０,233A,東Ｅ,,"1,900",-19,-0.99%,46,ー倍,ー倍,ー%
20260812,2175,ＥＴＳ・Ｇ,253A,東S,,"1,024",+16,+1.59%,46,11.6倍,1.69倍,2.25%
20260812,2176,ＴＯＷ,4767,東S,,372,+1,+0.27%,46,10.6倍,1.42倍,5.56%
20260812,2177,モロゾフ,2217,東P,,"1,497",+1,+0.07%,46,104倍,1.51倍,0.67%
20260812,2178,シンデンハイ,3131,東S,Ｓ,"6,160","+1,000",+19.38%,46,5.81倍,1.48倍,3.81%
20260812,2179,Ｏｎｅ４００,1474,東Ｅ,,"37,930",+230,+0.61%,46,ー倍,ー倍,ー%
20260812,2180,農中Ｊリート,1595,東Ｅ,,"1,853",+1,+0.05%,45,ー倍,ー倍,ー%
20260812,2181,エアーテック,6291,東S,,"1,335",+7,+0.53%,45,12.4倍,0.89倍,4.12%
20260812,2182,ユニリタ,3800,東S,,"2,010",+44,+2.24%,45,13.7倍,1.24倍,3.73%
20260812,2183,フリービット,3843,東P,,"1,619",+12,+0.75%,45,10.1倍,3.99倍,2.53%
20260812,2184,鳥取銀,8383,東S,,"1,860",+30,+1.64%,45,10.9倍,0.34倍,2.69%
20260812,2185,日本精密,7771,東S,,307,+6,+1.99%,45,36.8倍,3.24倍,ー%
20260812,2186,シンメンテ,6086,東G,,"1,045",-16,-1.51%,45,14.9倍,4.36倍,2.11%
20260812,2187,ＫＴＫ,3035,東S,,809,0,0.00%,45,10.5倍,0.91倍,2.60%
20260812,2188,Ｓ＆Ｊ,5599,東G,,"1,140",+51,+4.68%,45,15.7倍,2.99倍,1.49%
20260812,2189,ククレブ,276A,東G,,"3,340",-20,-0.60%,45,24.5倍,3.55倍,0.90%
20260812,2190,ヒット,378A,東G,,"1,125",+37,+3.40%,45,17.4倍,2.88倍,1.78%
20260812,2191,ヨロズ,7294,東P,,911,+1,+0.11%,44,17.2倍,0.35倍,3.62%
20260812,2192,ダイヤＨＤ,6699,東S,,505,+1,+0.20%,44,601倍,0.40倍,4.95%
20260812,2193,神奈交,9081,東P,,"3,800",+20,+0.53%,44,12.5倍,0.70倍,2.37%
20260812,2194,ケイヒン,9312,東S,,"2,864",+33,+1.17%,44,5.50倍,0.53倍,4.89%
20260812,2195,ＤＭＳ,9782,東S,,"3,455",+40,+1.17%,44,17.0倍,1.21倍,6.71%
20260812,2196,高島,8007,東P,,800,+7,+0.88%,44,17.1倍,1.20倍,5.75%
20260812,2197,Ｊテック・Ｃ,3446,東S,,"1,583",+62,+4.08%,44,ー倍,3.28倍,ー%
20260812,2198,マリモリート,3470,東Ｒ,,"102,900",+300,+0.29%,44,ー倍,0.97倍,6.80%
20260812,2199,ナレルＧ,9163,東G,,"2,350",+22,+0.95%,44,9.84倍,1.38倍,4.89%
20260812,2200,カウリス,153A,東G,,"1,338",+46,+3.56%,44,29.9倍,5.41倍,0.41%
20260812,2201,ｉＳ米２５,237A,東Ｅ,,147.0,0,0.00%,44,ー倍,ー倍,ー%
20260812,2202,トビラシステ,4441,東S,,"1,563",+42,+2.76%,44,30.4倍,5.57倍,1.28%
20260812,2203,バードマン,7063,東G,,99,+1,+1.02%,43,ー倍,2.17倍,ー%
20260812,2204,オーテック,1736,東S,,"2,323",+58,+2.56%,43,9.47倍,1.35倍,4.22%
20260812,2205,ＰＲＯＮＩ,479A,東G,,"1,394",+32,+2.35%,43,6.87倍,3.53倍,ー%
20260812,2206,イノバセル,504A,東G,,588,+16,+2.80%,43,ー倍,2.78倍,ー%
20260812,2207,日本プロセス,9651,東S,,"2,020",-57,-2.74%,43,14.4倍,1.53倍,4.55%
20260812,2208,ナガオカ,6239,東S,,"1,421",-48,-3.27%,43,8.96倍,1.24倍,2.46%
20260812,2209,ＧＸ高配日株,2564,東Ｅ,,"3,627",+2,+0.06%,43,ー倍,ー倍,ー%
20260812,2210,ｊｉｇ．ｊｐ,5244,東G,,178,+1,+0.56%,43,6.32倍,1.46倍,1.65%
20260812,2211,リソル,5261,東P,,"7,750",+50,+0.65%,43,22.1倍,2.35倍,1.55%
20260812,2212,クエスト,2332,東S,,"1,771",+26,+1.49%,43,10.6倍,1.22倍,3.44%
20260812,2213,オエノンＨＤ,2533,東P,,458,+11,+2.46%,43,8.66倍,0.92倍,2.62%
20260812,2214,理想科学,6413,東P,,"1,098",-5,-0.45%,42,16.8倍,1.02倍,4.55%
20260812,2215,オープンＧ,6572,東P,,249,+3,+1.22%,42,21.5倍,1.31倍,2.61%
20260812,2216,アライドＨＤ,6835,東S,,256,+3,+1.19%,42,12.6倍,1.23倍,3.52%
20260812,2217,国際計測,7722,東S,,756,-2,-0.26%,42,10.2倍,0.82倍,5.29%
20260812,2218,フラベッドＨ,7840,東P,,"1,264",+16,+1.28%,42,13.7倍,1.06倍,3.32%
20260812,2219,ニチバン,4218,東P,,"1,923",+2,+0.10%,42,16.9倍,0.88倍,2.08%
20260812,2220,カイオム,4583,東G,,73,+3,+4.29%,42,ー倍,4.42倍,ー%
20260812,2221,穴吹興産,8928,東S,,"2,334",+20,+0.86%,42,5.53倍,0.52倍,3.43%
20260812,2222,Ｏｎｅ高配当,1494,東Ｅ,,"43,770",+180,+0.41%,42,ー倍,ー倍,ー%
20260812,2223,野村エネ資源,1618,東Ｅ,,"33,720",+510,+1.54%,42,ー倍,ー倍,ー%
20260812,2224,上場高配当,1698,東Ｅ,,"4,378",-20,-0.45%,42,ー倍,ー倍,ー%
20260812,2225,井村屋Ｇ,2209,東P,,"2,362",-6,-0.25%,42,12.6倍,1.20倍,1.61%
20260812,2226,山田コンサル,4792,東P,,"1,665",+13,+0.79%,42,11.0倍,1.62倍,4.62%
20260812,2227,エステー,4951,東P,,"1,502",+6,+0.40%,42,17.4倍,0.93倍,3.06%
20260812,2228,ビリングシス,3623,東G,,"1,100",+15,+1.38%,42,11.7倍,2.23倍,2.95%
20260812,2229,プラスゼロ,5132,東G,,"1,868",+34,+1.85%,42,30.7倍,9.12倍,ー%
20260812,2230,ピックルス,2935,東P,,"1,148",+5,+0.44%,41,11.8倍,0.72倍,2.53%
20260812,2231,ヒューマンＴ,5621,東G,,"1,704",+47,+2.84%,41,14.7倍,3.10倍,2.05%
20260812,2232,ＡＩＦＣＧ,254A,東S,,"1,160",-29,-2.44%,41,20.2倍,2.16倍,ー%
20260812,2233,ＷＤＩ,3068,東S,,"3,035",+10,+0.33%,41,54.4倍,2.86倍,0.56%
20260812,2234,オロ,3983,東P,,"2,245",+16,+0.72%,41,15.9倍,3.37倍,2.23%
20260812,2235,ＳＰＫ,7466,東P,,"1,369",-8,-0.58%,41,10.1倍,0.94倍,2.99%
20260812,2236,ウェルネス,366A,東G,,"1,063",+34,+3.30%,41,11.5倍,2.27倍,3.76%
20260812,2237,バロック,3548,東P,,726,-1,-0.14%,41,35.2倍,1.95倍,5.23%
20260812,2238,小松マテーレ,3580,東P,,747,+3,+0.40%,41,14.0倍,0.70倍,3.61%
20260812,2239,オプティム,3694,東P,,415,+6,+1.47%,41,ー倍,2.44倍,ー%
20260812,2240,上場２２５Ｍ,1578,東Ｅ,,"5,400",+50,+0.93%,41,ー倍,ー倍,ー%
20260812,2241,ベビカレ,7363,東G,,"1,270",+90,+7.63%,41,16.2倍,1.47倍,ー%
20260812,2242,三協立山,5932,東P,,654,-7,-1.06%,41,20.5倍,0.23倍,3.82%
20260812,2243,楽待,6037,東S,,"1,066",+37,+3.60%,41,15.4倍,3.73倍,1.22%
20260812,2244,明豊エンタ,8927,東S,,465,+2,+0.43%,40,5.69倍,1.27倍,3.23%
20260812,2245,クリナップ,7955,東P,,936,+8,+0.86%,40,9.30倍,0.55倍,3.53%
20260812,2246,東リ,7971,東S,,679,-3,-0.44%,40,11.3倍,0.74倍,5.01%
20260812,2247,高知銀,8416,東S,,"1,087",+25,+2.35%,40,24.4倍,0.28倍,2.30%
20260812,2248,アクセル,6730,東S,,"1,085",-10,-0.91%,40,13.1倍,0.84倍,3.78%
20260812,2249,星和電,6748,東S,,762,+8,+1.06%,40,7.38倍,0.48倍,2.62%
20260812,2250,Ｆ＆Ｍ,4771,東S,,"2,671",+67,+2.57%,40,13.7倍,2.55倍,2.25%
20260812,2251,ｅＷｅＬＬ,5038,東G,,"2,118",-25,-1.17%,40,24.1倍,10.2倍,0.99%
20260812,2252,スタ・アリス,2305,東S,,"1,950",-5,-0.26%,40,26.5倍,1.12倍,2.56%
20260812,2253,北の達人,2930,東P,,120,+1,+0.84%,40,22.9倍,2.17倍,2.92%
20260812,2254,ユキグニ,1375,東P,,"1,133",+16,+1.43%,40,17.8倍,3.30倍,1.77%
20260812,2255,ＧＸリー日株,2641,東Ｅ,,"4,589",+9,+0.20%,40,ー倍,ー倍,ー%
20260812,2256,アップガレＧ,7134,東S,,"1,468",+35,+2.44%,40,12.8倍,2.32倍,2.90%
20260812,2257,アーバネット,3242,東S,,512,+3,+0.59%,40,8.79倍,0.97倍,4.69%
20260812,2258,クリヤマＨＤ,3355,東S,,"1,762",-13,-0.73%,40,9.14倍,0.66倍,3.46%
20260812,2259,ＷＴ金,1672,東Ｅ,,"64,950","+1,200",+1.88%,40,ー倍,ー倍,ー%
20260812,2260,巴,1921,東S,,"1,896",+18,+0.96%,40,24.5倍,0.84倍,1.27%
20260812,2261,クラダシ,5884,東G,,630,+20,+3.28%,39,61.7倍,4.81倍,ー%
20260812,2262,ゼロ,9028,東S,,"3,515",+15,+0.43%,39,8.09倍,1.23倍,4.03%
20260812,2263,テイツー,7610,東S,,142,-1,-0.70%,39,11.1倍,1.29倍,2.82%
20260812,2264,シード,7743,東S,,529,-4,-0.75%,39,11.9倍,0.84倍,2.84%
20260812,2265,オーナンバ,5816,東S,,"1,600",+33,+2.11%,39,10.3倍,0.66倍,4.38%
20260812,2266,マイネット,3928,東S,,260,+15,+6.12%,39,8.71倍,1.80倍,ー%
20260812,2267,アミューズ,4301,東P,,"1,928",+22,+1.15%,39,25.0倍,0.87倍,3.32%
20260812,2268,キッズバイオ,4584,東G,,148,+2,+1.37%,39,ー倍,4.57倍,ー%
20260812,2269,大東銀,8563,東S,,"1,045",+14,+1.36%,39,8.29倍,0.47倍,3.83%
20260812,2270,セントラル総,3238,東S,,388,-13,-3.24%,39,9.32倍,0.36倍,3.35%
20260812,2271,ポラリスＨＤ,3010,東S,,195,0,0.00%,39,28.5倍,1.42倍,5.13%
20260812,2272,ＣＣＴ,4371,東G,,"1,508",+8,+0.53%,39,18.4倍,5.40倍,1.39%
20260812,2273,ビーウィズ,9216,東P,,"1,648",+17,+1.04%,39,24.9倍,2.73倍,4.67%
20260812,2274,朝日放送ＨＤ,9405,東P,,822,+4,+0.49%,38,12.7倍,0.42倍,2.43%
20260812,2275,ベステラ,1433,東P,,"1,148",+8,+0.70%,38,14.6倍,1.90倍,3.48%
20260812,2276,第一カッタ,1716,東S,,"1,442",+22,+1.55%,38,9.87倍,0.81倍,2.77%
20260812,2277,クックパッド,2193,東S,,130,+2,+1.56%,38,ー倍,0.70倍,ー%
20260812,2278,ＧＸＳカバコ,2868,東Ｅ,,"1,145",+6,+0.53%,38,ー倍,ー倍,ー%
20260812,2279,ＮＣＤ,4783,東S,,"2,495",+15,+0.60%,38,11.0倍,2.50倍,4.81%
20260812,2280,イボキン,5699,東S,,"1,530",-44,-2.80%,38,9.60倍,0.94倍,2.09%
20260812,2281,北電工,6989,東S,,"2,359",+47,+2.03%,38,15.4倍,0.71倍,4.03%
20260812,2282,ＳＭＫ,6798,東P,,"3,315",+40,+1.22%,38,26.2倍,0.67倍,3.02%
20260812,2283,木徳神糧,2700,東S,,"1,724",+40,+2.38%,38,4.70倍,0.69倍,2.90%
20260812,2284,ＧＸ防衛テク,466A,東Ｅ,,"1,158",+13,+1.14%,38,ー倍,ー倍,ー%
20260812,2285,サイオス,3744,東S,,450,-15,-3.23%,38,10.5倍,2.05倍,1.11%
20260812,2286,ＪＩＧＳＡＷ,3914,東G,,"2,271",+6,+0.26%,38,ー倍,4.16倍,ー%
20260812,2287,ミタチ産業,3321,東S,,"1,653",+20,+1.22%,37,8.78倍,0.74倍,4.23%
20260812,2288,広ガス,9535,東P,,412,+2,+0.49%,37,12.9倍,0.40倍,2.91%
20260812,2289,杉本商,9932,東P,,"1,298",+12,+0.93%,37,13.1倍,0.65倍,4.16%
20260812,2290,ＮＥＸＹＺ．,4346,東S,,827,+8,+0.98%,37,11.3倍,2.92倍,2.42%
20260812,2291,ダイトーケミ,4366,東S,,432,+7,+1.65%,37,16.4倍,0.82倍,2.08%
20260812,2292,大伸化学,4629,東S,,"2,103",-47,-2.19%,37,7.52倍,0.54倍,2.14%
20260812,2293,ＩＴメディア,2148,東P,,"1,220",+3,+0.25%,37,17.2倍,3.36倍,4.10%
20260812,2294,サイフューズ,4892,東G,,559,+13,+2.38%,37,ー倍,2.14倍,ー%
20260812,2295,インフォメテ,281A,東G,,459,+15,+3.38%,37,ー倍,3.13倍,ー%
20260812,2296,ＳＳ金,447A,東Ｅ,,278.8,+3.8,+1.38%,37,ー倍,ー倍,ー%
20260812,2297,信金中央,8421,東証,,"188,600",+400,+0.21%,37,ー倍,ー倍,3.45%
20260812,2298,あみやき,2753,東P,,"1,364",-1,-0.07%,37,19.3倍,1.25倍,2.49%
20260812,2299,イートアンド,2882,東P,,"2,065",+4,+0.19%,37,51.6倍,2.06倍,0.73%
20260812,2300,ぐるなび,2440,東S,,129,+5,+4.03%,36,ー倍,1.40倍,ー%
20260812,2301,ブルドック,2804,東P,,"1,817",+5,+0.28%,36,23.4倍,0.88倍,2.48%
20260812,2302,アルトナー,2163,東P,,981,+12,+1.24%,36,16.7倍,4.05倍,4.38%
20260812,2303,ＤＬＥ,3686,東S,,59,-2,-3.28%,36,17.1倍,1.94倍,ー%
20260812,2304,エディア,3935,東S,,672,+2,+0.30%,36,7.61倍,2.36倍,2.53%
20260812,2305,ノムラシス,3940,東S,,124,+2,+1.64%,36,15.4倍,1.62倍,2.86%
20260812,2306,メディシス,4350,東S,,463,-19,-3.94%,36,13.5倍,0.80倍,2.59%
20260812,2307,日華化学,4463,東S,,"2,059",+19,+0.93%,36,8.65倍,0.88倍,3.40%
20260812,2308,日亜鋼,5658,東S,,384,+1,+0.26%,36,14.4倍,0.32倍,2.60%
20260812,2309,明海グループ,9115,東S,,927,+61,+7.04%,36,15.0倍,0.57倍,ー%
20260812,2310,三共興,8018,東S,,821,-14,-1.68%,36,15.3倍,0.50倍,3.29%
20260812,2311,丸藤パ,8046,東S,,"1,012",+27,+2.74%,36,9.97倍,0.54倍,3.75%
20260812,2312,ライズＣＧ,9168,東G,,403,+6,+1.51%,36,14.7倍,1.44倍,5.21%
20260812,2313,ゼンムテック,338A,東G,,"2,159",+37,+1.74%,36,19.5倍,7.49倍,ー%
20260812,2314,前沢給装,6485,東S,,"1,622",+9,+0.56%,36,16.3倍,0.81倍,3.70%
20260812,2315,ＧＸ商社資源,609A,東Ｅ,,"1,060",+2,+0.19%,36,ー倍,ー倍,ー%
20260812,2316,ＳＳＳＫＨＤ,4838,東S,,678,+15,+2.26%,35,9.02倍,1.26倍,4.42%
20260812,2317,トライアイズ,4840,東S,,584,+14,+2.46%,35,32.9倍,1.07倍,0.86%
20260812,2318,ケミプロ,4960,東S,,557,+23,+4.31%,35,56.1倍,1.81倍,0.54%
20260812,2319,日金属,5491,東S,,940,-23,-2.39%,35,11.9倍,0.21倍,0.53%
20260812,2320,エーワン精密,6156,東S,,"1,887",+21,+1.13%,35,37.6倍,1.28倍,5.30%
20260812,2321,クロスキャト,2307,東P,,"1,034",+10,+0.98%,35,9.40倍,2.24倍,3.77%
20260812,2322,東北新社,2329,東S,,500,+1,+0.20%,35,ー倍,0.80倍,5.41%
20260812,2323,イオン九州,2653,東S,,"2,845",0,0.00%,35,15.0倍,1.63倍,1.76%
20260812,2324,Ｃａｓａ,7196,東S,,754,+13,+1.75%,35,36.6倍,1.08倍,2.65%
20260812,2325,サックスバー,9990,東P,,748,+3,+0.40%,35,10.4倍,0.73倍,4.68%
20260812,2326,上場ダウヘ有,2562,東Ｅ,,"3,738",-15,-0.40%,35,ー倍,ー倍,ー%
20260812,2327,リボミック,4591,東G,,77,+2,+2.67%,35,ー倍,1.53倍,ー%
20260812,2328,ｉＳ最小分散,1477,東Ｅ,,"3,376",+26,+0.78%,35,ー倍,ー倍,ー%
20260812,2329,テノックス,1905,東S,,"1,451",-10,-0.68%,35,9.74倍,0.73倍,4.27%
20260812,2330,塩水糖,2112,東S,,462,-1,-0.22%,35,7.06倍,0.58倍,3.46%
20260812,2331,プロパスト,3236,東S,,280,+4,+1.45%,35,5.73倍,0.68倍,3.57%
20260812,2332,共和電,6853,東S,,774,+22,+2.93%,35,16.2倍,1.04倍,2.71%
20260812,2333,ムトー精工,7927,東S,,"2,230",+27,+1.23%,35,5.17倍,0.74倍,5.25%
20260812,2334,キングジム,7962,東P,,813,-1,-0.12%,35,21.7倍,0.88倍,1.85%
20260812,2335,ナカバヤシ,7987,東S,,560,-6,-1.06%,35,7.79倍,0.49倍,3.93%
20260812,2336,東京産,8070,東P,,869,+6,+0.70%,35,13.4倍,0.90倍,4.60%
20260812,2337,愛眼,9854,東S,,286,+9,+3.25%,35,28.5倍,0.45倍,ー%
20260812,2338,スカイマーク,9204,東G,,414,-2,-0.48%,35,31.1倍,0.89倍,ー%
20260812,2339,上場ダウヘ無,2235,東Ｅ,,"3,704",+8,+0.22%,34,ー倍,ー倍,ー%
20260812,2340,オープンＷ,5139,東G,,941,-6,-0.63%,34,20.3倍,2.56倍,0.96%
20260812,2341,野村ボベスパ,1325,東Ｅ,,274.3,-8.7,-3.07%,34,ー倍,ー倍,ー%
20260812,2342,田辺工業,1828,東S,,"2,371",+23,+0.98%,34,9.23倍,0.90倍,4.22%
20260812,2343,農中Ｊリコア,2527,東Ｅ,,"1,114",+6,+0.54%,34,ー倍,ー倍,ー%
20260812,2344,高千穂交易,2676,東P,,"2,061",+6,+0.29%,34,23.3倍,2.29倍,3.69%
20260812,2345,なとり,2922,東P,,"1,971",+10,+0.51%,34,17.0倍,0.88倍,1.52%
20260812,2346,ユーソナー,431A,東G,,"2,151",+35,+1.65%,34,16.8倍,3.57倍,ー%
20260812,2347,ファンディノ,462A,東G,,232,+9,+4.04%,34,ー倍,1.18倍,ー%
20260812,2348,パラカ,4809,東P,,"2,033",+5,+0.25%,34,9.02倍,0.96倍,3.54%
20260812,2349,ＵＦＨＤ,4235,東S,,729,+13,+1.82%,34,27.5倍,0.77倍,4.80%
20260812,2350,Ｔ＆Ｇニーズ,4331,東P,,688,+1,+0.15%,34,17.6倍,0.56倍,5.81%
20260812,2351,サニックスＨ,4651,東S,,269,+5,+1.89%,34,12.8倍,1.17倍,1.12%
20260812,2352,新家工,7305,東S,,"2,692",+1,+0.04%,34,15.1倍,0.75倍,5.57%
20260812,2353,エコス,7520,東P,,"2,471",+14,+0.57%,34,7.80倍,0.93倍,2.83%
20260812,2354,ＷＡ,7683,東P,,"1,388",+8,+0.58%,34,30.1倍,2.49倍,1.22%
20260812,2355,ｃｏｔｔａ,3359,東G,,532,+3,+0.57%,34,8.99倍,1.17倍,1.88%
20260812,2356,デリカフＨＤ,3392,東S,,825,0,0.00%,34,7.66倍,1.29倍,3.27%
20260812,2357,アドバンＲＭ,8769,東S,,504,+4,+0.80%,34,9.38倍,1.83倍,3.77%
20260812,2358,フジ住,8860,東P,,756,+2,+0.27%,34,5.88倍,0.46倍,4.23%
20260812,2359,ヤギ,7460,東S,,"1,658",-11,-0.66%,33,10.9倍,0.85倍,3.62%
20260812,2360,セルシード,7776,東G,,231,-2,-0.86%,33,ー倍,4.56倍,ー%
20260812,2361,令和ＡＨ,296A,東G,,893,+25,+2.88%,33,23.2倍,14.8倍,3.70%
20260812,2362,ＰＣＩＨＤ,3918,東S,,"1,150",+37,+3.32%,33,9.06倍,1.21倍,5.04%
20260812,2363,野村台湾テク,412A,東Ｅ,,"4,221",-4,-0.09%,33,ー倍,ー倍,ー%
20260812,2364,和心,9271,東G,,"1,070",+45,+4.39%,33,13.4倍,6.49倍,1.12%
20260812,2365,ＭＴＩ,9438,東P,,562,+9,+1.63%,33,11.7倍,1.59倍,3.56%
20260812,2366,加藤製,6390,東P,,"1,341",+11,+0.83%,33,ー倍,0.36倍,5.22%
20260812,2367,ＮＦＫＨＤ,6494,東S,,102,+2,+2.00%,33,47.4倍,0.85倍,ー%
20260812,2368,ＣＲＡＶＩＡ,6573,東G,,25,-1,-3.85%,33,ー倍,3.60倍,ー%
20260812,2369,シライ電子,6658,東S,,441,+5,+1.15%,32,11.1倍,0.62倍,4.54%
20260812,2370,ラクーンＨＤ,3031,東P,,637,+2,+0.31%,32,41.2倍,2.95倍,3.45%
20260812,2371,Ｊグループ,3063,東G,,"1,205",-2,-0.17%,32,54.9倍,17.9倍,0.41%
20260812,2372,コミニックス,3173,東S,Ｓ,"1,559",+300,+23.83%,32,9.73倍,1.15倍,3.21%
20260812,2373,植木組,1867,東S,,"2,671",-4,-0.15%,32,8.18倍,0.56倍,4.12%
20260812,2374,三晃金,1972,東S,,"1,314",+7,+0.54%,32,10.3倍,0.93倍,4.87%
20260812,2375,菊水ＨＤ,6912,東S,,"2,347",+22,+0.95%,32,10.8倍,1.24倍,2.51%
20260812,2376,滝上工,5918,東S,,"7,960",+550,+7.42%,32,9.67倍,0.31倍,1.26%
20260812,2377,テアトル,9633,東S,,"1,700",+47,+2.84%,32,4.27倍,0.59倍,1.76%
20260812,2378,ニ日経２２５,473A,東Ｅ,,"1,356",+6,+0.44%,32,ー倍,ー倍,ー%
20260812,2379,アクセルＭ,3624,東G,,72,+2,+2.86%,32,ー倍,11.4倍,ー%
20260812,2380,ドリコム,3793,東G,,461,+2,+0.44%,32,21.9倍,2.52倍,1.08%
20260812,2381,ＧＸメタ日株,2646,東Ｅ,,"3,915",+55,+1.42%,32,ー倍,ー倍,ー%
20260812,2382,リンクユーＧ,4446,東S,,807,+6,+0.75%,31,65.3倍,4.23倍,ー%
20260812,2383,ＨＣＨ,7361,東G,,"1,186",-10,-0.84%,31,8.47倍,2.40倍,3.79%
20260812,2384,ヨシタケ,6488,東S,,"1,044",+44,+4.40%,31,9.55倍,0.72倍,3.45%
20260812,2385,ＭＳジャパン,6539,東P,,985,+12,+1.23%,31,22.6倍,2.86倍,5.69%
20260812,2386,ＳＥＭＴＥＣ,6626,東S,,"2,240",+6,+0.27%,31,10.5倍,0.87倍,2.50%
20260812,2387,日ピグＨＤ,4119,東S,,"5,920",-160,-2.63%,31,7.15倍,0.40倍,1.69%
20260812,2388,メドレックス,4586,東G,,65,0,0.00%,31,ー倍,2.55倍,ー%
20260812,2389,ＷＴ銀,1673,東Ｅ,,"9,460",+222,+2.40%,31,ー倍,ー倍,ー%
20260812,2390,ＷＴ小麦,1695,東Ｅ,,"3,325",-32,-0.95%,31,ー倍,ー倍,ー%
20260812,2391,大盛工業,1844,東S,,484,+9,+1.89%,31,18.2倍,1.48倍,2.38%
20260812,2392,テクノロジー,5248,東G,,483,+13,+2.77%,31,ー倍,5.80倍,ー%
20260812,2393,ＭＸ高配日ア,2085,東Ｅ,,778.1,-0.3,-0.04%,31,ー倍,ー倍,ー%
20260812,2394,総医研ＨＤ,2385,東G,,217,-1,-0.46%,31,22.7倍,0.93倍,4.61%
20260812,2395,キャンドゥ,2698,東S,,"3,620",+15,+0.42%,31,129倍,5.38倍,0.47%
20260812,2396,アツギ,3529,東S,,"1,045",-15,-1.42%,31,ー倍,0.53倍,ー%
20260812,2397,ウェルス,3772,東S,,"1,067",+7,+0.66%,31,11.4倍,1.19倍,ー%
20260812,2398,ポエック,9264,東S,,"1,750",+13,+0.75%,31,11.5倍,1.81倍,4.29%
20260812,2399,東海リース,9761,東S,,"2,380",-30,-1.24%,31,9.39倍,0.47倍,5.04%
20260812,2400,ＭＯＲＥＳＣ,5018,東S,,"2,231",+11,+0.50%,31,13.2倍,0.85倍,2.47%
20260812,2401,伊沢タオル,365A,東S,,794,+7,+0.89%,31,11.3倍,1.90倍,5.29%
20260812,2402,ｉＳＳＴ２０,313A,東Ｅ,,264.3,-2.7,-1.01%,30,ー倍,ー倍,ー%
20260812,2403,三谷産業,8285,東S,,746,-12,-1.58%,30,17.7倍,0.80倍,1.74%
20260812,2404,トマト銀,8542,東S,,"1,772",+21,+1.20%,30,11.2倍,0.43倍,2.82%
20260812,2405,日本プラスト,7291,東S,,446,+3,+0.68%,30,5.24倍,0.22倍,5.61%
20260812,2406,野村自動車,1622,東Ｅ,,"35,020",-70,-0.20%,30,ー倍,ー倍,ー%
20260812,2407,東京機,6335,東S,,696,-10,-1.42%,30,9.84倍,0.61倍,ー%
20260812,2408,三相電機,6518,東S,,"1,950",+71,+3.78%,30,10.5倍,0.69倍,1.28%
20260812,2409,ヒトコムＨＤ,4433,東P,,904,+10,+1.12%,30,106倍,0.95倍,4.15%
20260812,2410,大幸薬品,4574,東P,,255,+3,+1.19%,30,23.3倍,1.55倍,1.37%
20260812,2411,アサヒペン,4623,東S,,"1,806",+26,+1.46%,30,9.36倍,0.42倍,3.32%
20260812,2412,大木ヘルス,3417,東S,,"1,047",-13,-1.23%,30,ー倍,0.43倍,2.87%
20260812,2413,環境フレンド,3777,東G,,46,0,0.00%,30,ー倍,4.42倍,ー%
20260812,2414,ステップ,9795,東P,,"2,250",+42,+1.90%,30,12.7倍,1.27倍,3.91%
20260812,2415,大和自,9082,東S,,"2,000",-187,-8.55%,29,91.1倍,0.94倍,0.50%
20260812,2416,ウインテスト,6721,東S,,77,0,0.00%,29,85.6倍,13.0倍,ー%
20260812,2417,トリプラ,5136,東G,,"1,777",-32,-1.77%,29,17.6倍,5.17倍,ー%
20260812,2418,オートサーバ,5589,東S,,"2,774",-6,-0.22%,29,13.4倍,1.50倍,2.42%
20260812,2419,ＳＭＤ高配当,2011,東Ｅ,,851.5,+2.5,+0.29%,29,ー倍,ー倍,ー%
20260812,2420,ｉＦ高リート,210A,東Ｅ,,"1,610",+16,+1.00%,29,ー倍,ー倍,ー%
20260812,2421,ｉＳ米債１３,2620,東Ｅ,,369.5,+2.1,+0.57%,29,ー倍,ー倍,ー%
20260812,2422,ココナラ,4176,東G,,266,+6,+2.31%,29,16.6倍,2.66倍,ー%
20260812,2423,リファバスＧ,7375,東G,,"1,220",+21,+1.75%,29,13.6倍,10.3倍,ー%
20260812,2424,トランヴィア,545A,東P,,930,+6,+0.65%,29,15.3倍,1.49倍,4.30%
20260812,2425,フェイスＮＷ,3489,東S,,787,+1,+0.13%,29,6.14倍,1.88倍,5.72%
20260812,2426,モリテック,5986,東S,,246,0,0.00%,29,11.0倍,0.34倍,2.44%
20260812,2427,イメージワン,2667,東S,,118,+4,+3.51%,29,ー倍,2.08倍,ー%
20260812,2428,ファルコＨＤ,4671,東S,,"2,726",+23,+0.85%,29,13.4倍,1.07倍,4.70%
20260812,2429,Ｕｂｉｃｏｍ,3937,東S,,"1,041",+1,+0.10%,28,12.0倍,2.10倍,ー%
20260812,2430,モダリス,4883,東G,,33,0,0.00%,28,ー倍,1.33倍,ー%
20260812,2431,モンラボ,5255,東G,,98,-2,-2.00%,28,ー倍,8.48倍,ー%
20260812,2432,ＡＲアドバン,5578,東G,,859,+17,+2.02%,28,11.6倍,3.25倍,1.16%
20260812,2433,ラボロＡＩ,5586,東G,,843,+3,+0.36%,28,66.9倍,4.97倍,ー%
20260812,2434,ナガセ,9733,東S,,"2,301",-1,-0.04%,28,12.5倍,2.05倍,5.22%
20260812,2435,いであ,9768,東S,,"3,695",+15,+0.41%,28,11.0倍,0.84倍,3.19%
20260812,2436,東ラヂ,7235,東S,,"1,587",-1,-0.06%,28,8.39倍,0.62倍,4.85%
20260812,2437,今仙電機,7266,東S,,940,+18,+1.95%,28,8.69倍,0.35倍,3.40%
20260812,2438,オーハシテク,7628,東P,,"1,183",+6,+0.51%,28,14.4倍,0.74倍,3.80%
20260812,2439,極楽湯ＨＤ,2340,東S,,533,+15,+2.90%,28,ー倍,3.67倍,1.13%
20260812,2440,コア,2359,東P,,"2,086",+18,+0.87%,28,10.0倍,1.45倍,3.12%
20260812,2441,ＵＮＩＶＡ,3113,東S,,77,+1,+1.32%,28,70.6倍,6.04倍,ー%
20260812,2442,日エンター,4829,東S,,110,+3,+2.80%,28,49.8倍,0.90倍,2.73%
20260812,2443,ＪＦＥシステ,4832,東S,,"1,913",0,0.00%,28,13.7倍,1.73倍,3.66%
20260812,2444,アドベンチャ,6030,東G,,"1,630",+80,+5.16%,28,11.7倍,1.26倍,ー%
20260812,2445,ＣＯＴＡ,4923,東P,,"1,226",+3,+0.25%,27,27.6倍,2.96倍,1.63%
20260812,2446,イーガーディ,6050,東P,,"1,745",+14,+0.81%,27,19.6倍,1.66倍,2.18%
20260812,2447,ＡＩクロス,4476,東G,,"1,111",+7,+0.63%,27,11.8倍,2.13倍,ー%
20260812,2448,ＴＨＥＣＯＯ,4255,東G,,"2,699",+99,+3.81%,27,9.37倍,6.83倍,ー%
20260812,2449,片倉コープ,4031,東S,,"1,052",-16,-1.50%,27,18.9倍,0.41倍,2.66%
20260812,2450,ＶＮＸ,4422,東G,,557,-4,-0.71%,27,ー倍,5.69倍,ー%
20260812,2451,バルテスＨＤ,4442,東G,,401,-8,-1.96%,27,13.1倍,2.32倍,1.00%
20260812,2452,オーケストラ,6533,東P,,"1,251",+2,+0.16%,27,12.2倍,1.77倍,2.40%
20260812,2453,ＱＢＮＨＤ,6571,東P,,"1,320",+4,+0.30%,27,12.8倍,1.18倍,3.03%
20260812,2454,ドリムアーツ,4811,東G,,844,+53,+6.70%,27,15.9倍,3.36倍,2.37%
20260812,2455,ＧＸ超短米債,133A,東Ｅ,,"1,078",+7,+0.65%,27,ー倍,ー倍,ー%
20260812,2456,アズパートナ,160A,東S,,"2,065",-9,-0.43%,27,5.68倍,1.44倍,3.87%
20260812,2457,ツツミ,7937,東S,,"2,529",-9,-0.35%,27,14.1倍,0.57倍,4.55%
20260812,2458,ＭｒＭａｘ,8203,東P,,777,-5,-0.64%,27,8.36倍,0.68倍,3.73%
20260812,2459,Ｏｎｅ設備,1484,東Ｅ,,"3,879",-6,-0.15%,27,ー倍,ー倍,ー%
20260812,2460,タカミヤ,2445,東S,,415,-2,-0.48%,27,10.3倍,0.83倍,3.86%
20260812,2461,ライク,2462,東P,,"1,532",+9,+0.59%,27,11.5倍,1.55倍,3.92%
20260812,2462,焼肉坂井ＨＤ,2694,東S,,71,-1,-1.39%,27,158倍,2.72倍,ー%
20260812,2463,バルニバービ,3418,東G,,"1,040",+4,+0.39%,27,25.4倍,1.86倍,0.72%
20260812,2464,ＧｒｅｅｎＢ,3913,東S,,"1,073",+36,+3.47%,27,12.0倍,1.96倍,ー%
20260812,2465,ＧＬ・再エネ,509A,東IF,,"73,200",+900,+1.24%,27,ー倍,0.92倍,8.05%
20260812,2466,京都友禅ＨＤ,7615,東S,,94,-5,-5.05%,27,18.7倍,0.63倍,1.60%
20260812,2467,さいか屋,8254,東S,,338,-3,-0.88%,26,18.4倍,1.57倍,1.48%
20260812,2468,九州リース,8596,東S,,"1,631",+1,+0.06%,26,8.79倍,0.80倍,3.80%
20260812,2469,フォトシンス,4379,東G,,447,-2,-0.45%,26,23.4倍,2.75倍,ー%
20260812,2470,ストレジ王,2997,東G,,"1,336",-1,-0.07%,26,18.5倍,2.15倍,ー%
20260812,2471,トーシンＨＤ,9444,東S,,289,-31,-9.69%,26,ー倍,1.76倍,ー%
20260812,2472,ヤマウＨＤ,5284,東S,,"2,248",+9,+0.40%,26,6.05倍,1.02倍,4.98%
20260812,2473,テリロジＨＤ,5133,東S,,320,+3,+0.95%,26,12.6倍,1.65倍,1.69%
20260812,2474,ＭＦＳ,196A,東G,,289,-4,-1.37%,26,19.7倍,1.14倍,ー%
20260812,2475,日水コン,261A,東S,,"2,032",+8,+0.40%,26,14.5倍,1.60倍,3.64%
20260812,2476,ブッキングＲ,324A,東G,,759,-1,-0.13%,26,11.0倍,2.31倍,ー%
20260812,2477,日化産,4094,東S,,"2,219",-8,-0.36%,26,34.6倍,0.83倍,4.06%
20260812,2478,アクリート,4395,東G,,687,+2,+0.29%,26,12.3倍,1.47倍,1.46%
20260812,2479,シンバイオ,4582,東G,,71,+1,+1.43%,26,ー倍,-6.4倍,ー%
20260812,2480,Ｇキッズ,6189,東S,,"1,038",+18,+1.76%,26,14.1倍,1.21倍,3.85%
20260812,2481,ＤＭソリュ,6549,東S,,"1,099",-6,-0.54%,26,8.93倍,1.54倍,1.91%
20260812,2482,リブコンサル,480A,東G,,"1,054",+20,+1.93%,26,9.72倍,1.86倍,ー%
20260812,2483,カネ美食品,2669,東S,,"3,985",-15,-0.38%,26,21.4倍,1.26倍,0.95%
20260812,2484,ワッツ,2735,東S,,679,-1,-0.15%,26,10.0倍,0.66倍,2.95%
20260812,2485,ＰＣＮＥＴ,3021,東S,,"1,626",+15,+0.93%,26,9.67倍,2.14倍,4.00%
20260812,2486,野村コア３０,1311,東Ｅ,,"2,161",+24,+1.12%,26,ー倍,ー倍,ー%
20260812,2487,Ｈ株ブル,1572,東Ｅ,,"7,060",-230,-3.16%,26,ー倍,ー倍,ー%
20260812,2488,コスピベア,2034,東EN,,"1,972",-44,-2.18%,26,ー倍,ー倍,ー%
20260812,2489,ＳＭＩＮＯＥ,3501,東P,,"1,170",-7,-0.59%,26,10.7倍,0.47倍,3.59%
20260812,2490,電算,3640,東S,,"2,688",+12,+0.45%,26,8.78倍,0.95倍,3.72%
20260812,2491,ベネフィＪ,3934,東S,,"2,372",+27,+1.15%,25,12.3倍,1.63倍,4.09%
20260812,2492,フジプレアム,4237,東S,,346,+4,+1.17%,25,34.6倍,1.29倍,1.73%
20260812,2493,チムスピ,4397,東G,,399,-1,-0.25%,25,19.0倍,4.62倍,ー%
20260812,2494,東海ソフト,4430,東S,,"1,682",+15,+0.90%,25,8.96倍,1.18倍,3.98%
20260812,2495,日創グループ,3440,東S,,920,+13,+1.43%,25,10.9倍,0.47倍,4.57%
20260812,2496,マクアケ,4479,東G,,874,+9,+1.04%,25,17.3倍,1.84倍,ー%
20260812,2497,ランディクス,2981,東G,,"2,135",+33,+1.57%,25,6.45倍,1.15倍,2.62%
20260812,2498,ＧＸクリ日株,2637,東Ｅ,,"2,787",-13,-0.46%,25,ー倍,ー倍,ー%
20260812,2499,ｉＦＥナ百有,2841,東Ｅ,,"1,700",-12,-0.70%,25,ー倍,ー倍,ー%
20260812,2500,ＳＢＩＩＧ,7326,東G,,"2,098",+7,+0.33%,25,14.4倍,1.04倍,2.81%
20260812,2501,アルビス,7475,東P,,"2,500",0,0.00%,25,15.5倍,0.63倍,2.80%
20260812,2502,東京衡機,7719,東S,,430,-9,-2.05%,25,13.1倍,1.74倍,ー%
20260812,2503,千趣会,8165,東S,,106,-1,-0.93%,25,ー倍,0.29倍,ー%
20260812,2504,野村米半導,346A,東Ｅ,,"5,061",-99,-1.92%,25,ー倍,ー倍,ー%
20260812,2505,ＭＸ読売日株,348A,東Ｅ,,300.0,-4.2,-1.38%,25,ー倍,ー倍,ー%
20260812,2506,ヨシコン,5280,東S,,"2,169",-12,-0.55%,25,5.39倍,0.54倍,4.15%
20260812,2507,駒井ハルテク,5915,東S,,"2,297",+45,+2.00%,25,70.2倍,0.30倍,3.05%
20260812,2508,トレンダ,6069,東G,,689,+20,+2.99%,25,11.9倍,1.25倍,5.22%
20260812,2509,インタライフ,1418,東S,,601,+4,+0.67%,25,11.5倍,1.91倍,4.99%
20260812,2510,マサル,1795,東S,,"5,450",-150,-2.68%,25,17.1倍,0.90倍,2.02%
20260812,2511,ｉＳＱＴＯＰ,392A,東Ｅ,,278.2,-0.8,-0.29%,25,ー倍,ー倍,ー%
20260812,2512,藤商事,6257,東S,,"1,017",-5,-0.49%,25,10.1倍,0.50倍,5.41%
20260812,2513,トリニ工,6382,東S,,"1,233",-4,-0.32%,25,10.2倍,0.58倍,4.95%
20260812,2514,アイコム,6820,東P,,"3,370",-15,-0.44%,25,15.6倍,0.66倍,2.58%
20260812,2515,夢みつけ隊,2673,東S,,117,+5,+4.46%,25,ー倍,0.41倍,ー%
20260812,2516,エバラ食品,2819,東S,,"2,477",-26,-1.04%,24,24.2倍,0.66倍,2.02%
20260812,2517,ＴＭＮ,5258,東G,,438,+1,+0.23%,24,21.7倍,2.00倍,ー%
20260812,2518,野村Ａ高配,2084,東Ｅ,,"3,834",+34,+0.89%,24,ー倍,ー倍,ー%
20260812,2519,マスカットＧ,195A,東G,,666,+4,+0.60%,24,ー倍,2.13倍,ー%
20260812,2520,ジィ・シィ,4073,東G,,540,+5,+0.93%,24,25.4倍,7.41倍,ー%
20260812,2521,人・夢・技術,9248,東S,,"1,620",+26,+1.63%,24,11.7倍,0.63倍,3.70%
20260812,2522,サツドラＨＤ,3544,東S,,"1,249",-2,-0.16%,24,ー倍,1.70倍,ー%
20260812,2523,Ｄ・アクシス,4245,東S,,702,-13,-1.82%,24,17.3倍,0.91倍,3.42%
20260812,2524,Ａｍａｚｉａ,4424,東G,,338,-2,-0.59%,24,ー倍,2.95倍,ー%
20260812,2525,ＣＢＣ,9402,名P,,"1,205",-1,-0.08%,24,20.2倍,0.39倍,2.07%
20260812,2526,魚力,7596,東P,,"2,303",-4,-0.17%,24,37.0倍,1.71倍,2.26%
20260812,2527,ジーイエット,7603,東S,,48,0,0.00%,24,4.19倍,1.20倍,ー%
20260812,2528,大日光,6635,東S,,691,-6,-0.86%,24,6.45倍,0.63倍,2.32%
20260812,2529,ティアック,6803,東S,,98,0,0.00%,24,9.40倍,0.69倍,1.02%
20260812,2530,アクシーズ,1381,東S,,"3,385",-15,-0.44%,24,10.6倍,0.79倍,3.55%
20260812,2531,ＳＭＤリート,1398,東Ｅ,,"1,873.0",+10.5,+0.56%,24,ー倍,ー倍,ー%
20260812,2532,野村建設資材,1619,東Ｅ,,"45,570",+90,+0.20%,24,ー倍,ー倍,ー%
20260812,2533,野村情通サ他,1626,東Ｅ,,"47,550",+50,+0.11%,24,ー倍,ー倍,ー%
20260812,2534,野村電力ガス,1627,東Ｅ,,"11,480",+210,+1.86%,24,ー倍,ー倍,ー%
20260812,2535,北浜ＣＰ,2134,東S,,24,0,0.00%,24,7.36倍,2.53倍,ー%
20260812,2536,バリューＨＲ,6078,東P,,"1,488",+8,+0.54%,24,37.9倍,6.03倍,1.88%
20260812,2537,ＧＸ中国テク,380A,東Ｅ,,"1,000",-24,-2.34%,24,ー倍,ー倍,ー%
20260812,2538,サイバＳＯＬ,436A,東G,,"1,058",+9,+0.86%,24,14.0倍,3.95倍,3.59%
20260812,2539,ソフトテック,550A,東S,,"2,103",-79,-3.62%,24,9.14倍,1.22倍,3.57%
20260812,2540,ライオン事務,423A,東S,,314,-5,-1.57%,23,10.7倍,0.79倍,4.78%
20260812,2541,ｉＳ円高ハン,488A,東Ｅ,,766.1,-4.6,-0.60%,23,ー倍,ー倍,ー%
20260812,2542,サンリツ,9366,東S,,"1,100",+28,+2.61%,23,8.91倍,0.50倍,3.45%
20260812,2543,タナベＣＧ,9644,東P,,761,+10,+1.33%,23,21.1倍,2.39倍,3.81%
20260812,2544,日邦産業,9913,東S,,"3,210",+65,+2.07%,23,20.7倍,1.70倍,2.46%
20260812,2545,Ｅインフィニ,7692,東S,,79,+2,+2.60%,23,15.8倍,6.95倍,3.29%
20260812,2546,コラントッテ,7792,東G,,"1,512",+34,+2.30%,23,9.82倍,2.31倍,3.31%
20260812,2547,ブレインズ,4075,東G,,899,+33,+3.81%,23,32.6倍,3.01倍,ー%
20260812,2548,フレクト,4414,東G,,"1,250",+4,+0.32%,23,8.98倍,3.02倍,ー%
20260812,2549,ノバック,5079,東S,,"2,600",+20,+0.78%,23,17.4倍,0.71倍,4.62%
20260812,2550,リッジアイ,5572,東G,,"2,557",-42,-1.62%,23,29.8倍,3.12倍,ー%
20260812,2551,クオルテック,9165,東G,,"1,704",+23,+1.37%,23,10.1倍,1.12倍,2.76%
20260812,2552,ｉＳ米総合債,2256,東Ｅ,,221.0,+0.8,+0.36%,23,ー倍,ー倍,ー%
20260812,2553,ＲＳＣ,4664,東S,,949,-7,-0.73%,23,42.2倍,1.20倍,2.53%
20260812,2554,ＳＭＥＪ,4772,東G,,72,+2,+2.86%,23,33.0倍,1.20倍,1.39%
20260812,2555,タカノ,7885,東S,,"1,117",+47,+4.39%,23,23.3倍,0.52倍,1.79%
20260812,2556,イントランス,3237,東G,,98,-2,-2.00%,23,134倍,37.7倍,ー%
20260812,2557,朝日ネット,3834,東P,,615,+2,+0.33%,23,12.3倍,1.24倍,4.07%
20260812,2558,ＩＲジャパン,6035,東S,,720,+11,+1.55%,23,ー倍,1.98倍,ー%
20260812,2559,テクノメデカ,6678,東S,,"2,100",+15,+0.72%,23,17.3倍,0.97倍,4.43%
20260812,2560,じもとＨＤ,7161,東S,,525,+4,+0.77%,23,4.10倍,1.50倍,0.95%
20260812,2561,レダックス,7602,東S,,171,0,0.00%,23,20.3倍,0.77倍,1.17%
20260812,2562,ｉＳＩＧ債Ｈ,1496,東Ｅ,,"1,634",-6,-0.37%,23,ー倍,ー倍,ー%
20260812,2563,鳥越粉,2009,東S,,"1,090",-1,-0.09%,23,22.7倍,0.68倍,4.50%
20260812,2564,カネコ種,1376,東S,,"1,580",+18,+1.15%,22,10.5倍,0.65倍,3.04%
20260812,2565,丸建リース,9763,東S,,"1,321",+21,+1.62%,22,8.98倍,0.69倍,4.09%
20260812,2566,ジーエルシー,2970,東S,,"1,001",+12,+1.21%,22,11.9倍,2.62倍,ー%
20260812,2567,メディアス,3154,東P,,792,+6,+0.76%,22,12.6倍,0.85倍,2.53%
20260812,2568,ｉＦ米債３有,382A,東Ｅ,,"1,896",0,0.00%,22,ー倍,ー倍,ー%
20260812,2569,ＣＬＨＤ,4286,東S,,"1,099",+12,+1.10%,22,10.7倍,1.44倍,2.82%
20260812,2570,松本油脂,4365,東S,,"20,190",-210,-1.03%,22,8.61倍,0.64倍,2.23%
20260812,2571,ＮＡＮＯＨＤ,4571,東G,,102,0,0.00%,22,ー倍,2.59倍,ー%
20260812,2572,ＦフォースＧ,7068,東G,,569,+12,+2.15%,22,8.91倍,3.70倍,3.51%
20260812,2573,ＡＩＡＩ,6557,東G,,766,-1,-0.13%,22,7.18倍,1.45倍,ー%
20260812,2574,ＴＷＯＳＴ,7352,東G,,364,+6,+1.68%,22,24.5倍,4.34倍,0.27%
20260812,2575,ＡＢ＆Ｃ,9251,東G,,"1,389",+1,+0.07%,22,13.5倍,2.23倍,4.32%
20260812,2576,ＴＯＲＩＣＯ,7138,東G,,126,+2,+1.61%,22,ー倍,1.24倍,ー%
20260812,2577,ジョイフル,9942,福証,,"1,331",+9,+0.68%,22,9.32倍,2.66倍,0.75%
20260812,2578,野村Ａ成長,2083,東Ｅ,,"4,064",+49,+1.22%,22,ー倍,ー倍,ー%
20260812,2579,マテリアルＧ,156A,東G,,834,+12,+1.46%,22,12.9倍,3.38倍,3.13%
20260812,2580,ベルトラ,7048,東G,,159,-1,-0.63%,22,17.1倍,2.30倍,ー%
20260812,2581,セントラルＳ,4801,東P,,"2,423",+4,+0.17%,22,18.5倍,1.02倍,1.65%
20260812,2582,ウエスコＨＤ,6091,東S,,922,+18,+1.99%,22,14.2倍,0.72倍,3.04%
20260812,2583,ベガコーポ,3542,東G,,"1,441",+29,+2.05%,22,16.6倍,2.11倍,1.25%
20260812,2584,ＧＭＯペパボ,3633,東S,,"1,795",-1,-0.06%,22,12.6倍,3.81倍,5.18%
20260812,2585,アイリッジ,3917,東G,,437,+7,+1.63%,22,11.5倍,1.18倍,ー%
20260812,2586,ペガサス,6262,東S,,538,+11,+2.09%,22,51.6倍,0.39倍,ー%
20260812,2587,プラコー,6347,東S,,255,-27,-9.57%,22,24.5倍,1.53倍,2.35%
20260812,2588,船場,6540,東S,,"1,517",+6,+0.40%,22,10.1倍,1.15倍,5.14%
20260812,2589,ジーニー,6562,東G,,"1,093",+26,+2.44%,22,10.4倍,ー倍,ー%
20260812,2590,ＡＳＴＩ,6899,東S,,"2,300",-27,-1.16%,22,10.3倍,0.29倍,3.48%
20260812,2591,オリチェン,6380,東S,,"3,855",+100,+2.66%,21,70.0倍,2.46倍,0.52%
20260812,2592,エスユーエス,6554,東G,,"1,059",+23,+2.22%,21,9.59倍,2.01倍,4.72%
20260812,2593,ピクセラ,6731,東S,,106,0,0.00%,21,ー倍,1.74倍,ー%
20260812,2594,あさくま,7678,東S,,"3,040",-65,-2.09%,21,78.0倍,9.25倍,ー%
20260812,2595,ジェイフロ,2934,東G,,"1,995",+2,+0.10%,21,19.4倍,8.68倍,ー%
20260812,2596,ナック,9788,東P,,530,-2,-0.38%,21,12.6倍,1.00倍,4.15%
20260812,2597,ジュンテン,9835,東S,,512,-2,-0.39%,21,27.7倍,0.32倍,1.95%
20260812,2598,フォーバル,8275,東S,,"1,010",+7,+0.70%,21,12.0倍,1.43倍,3.17%
20260812,2599,ＳＡＡＦＨＤ,1447,東G,,364,+10,+2.82%,21,20.1倍,3.63倍,1.32%
20260812,2600,アミタＨＤ,2195,東G,,349,+6,+1.75%,21,16.9倍,2.04倍,1.43%
20260812,2601,ロンシール,4224,東S,,"2,155",+4,+0.19%,21,9.46倍,0.50倍,3.94%
20260812,2602,細火工,4274,東S,,"1,077",+7,+0.65%,21,19.6倍,1.24倍,1.21%
20260812,2603,林兼,2286,東S,,868,+19,+2.24%,21,5.93倍,0.54倍,5.18%
20260812,2604,三洋堂ＨＤ,3058,東S,,701,-8,-1.13%,21,34.1倍,1.60倍,0.14%
20260812,2605,スクイーズ,558A,東G,,"4,660",+30,+0.65%,21,29.6倍,9.02倍,ー%
20260812,2606,ＧＸ銅ビジ,580A,東Ｅ,,"1,019",+2,+0.20%,21,ー倍,ー倍,ー%
20260812,2607,アグレ都市,3467,東S,,"2,805",+91,+3.35%,21,7.04倍,1.94倍,4.99%
20260812,2608,Ｎｏ．１,3562,東S,,"1,584",+8,+0.51%,21,10.6倍,2.56倍,4.99%
20260812,2609,ムラキ,7477,東S,,"1,460",-55,-3.63%,21,ー倍,0.76倍,ー%
20260812,2610,コーディア,190A,東G,,80,-2,-2.44%,21,ー倍,2.66倍,ー%
20260812,2611,ｉＳ米２５ヘ,238A,東Ｅ,,121.2,-0.4,-0.33%,21,ー倍,ー倍,ー%
20260812,2612,Ｓｃｈｏｏ,264A,東G,,317,-3,-0.94%,21,17.5倍,2.16倍,ー%
20260812,2613,兼房,5984,東S,,764,+11,+1.46%,21,11.8倍,0.33倍,3.01%
20260812,2614,ユニバー園芸,6061,東S,,"2,973",-37,-1.23%,21,13.6倍,1.80倍,0.44%
20260812,2615,ライドオンＥ,6082,東S,,996,-1,-0.10%,21,ー倍,1.10倍,1.51%
20260812,2616,フマキラ,4998,東S,,"1,183",+6,+0.51%,20,12.0倍,0.71倍,2.03%
20260812,2617,ｆｏｎｆｕｎ,2323,東S,,290,+13,+4.69%,20,13.7倍,4.56倍,ー%
20260812,2618,ＮＩＴＴＡＮ,6493,東S,,496,-7,-1.39%,20,7.94倍,0.45倍,4.03%
20260812,2619,ＬＴＳ,6560,東P,,"1,718",+14,+0.82%,20,7.20倍,1.54倍,2.33%
20260812,2620,ＡＩｉｎｓ,4488,東G,,"2,190",+52,+2.43%,20,23.9倍,1.68倍,ー%
20260812,2621,ｉ３,4495,東G,,"2,021",+20,+1.00%,20,12.4倍,3.24倍,1.98%
20260812,2622,ダイナパック,3947,東S,,"2,418",-2,-0.08%,20,6.95倍,0.48倍,3.72%
20260812,2623,朝日印刷,3951,東S,,889,0,0.00%,20,11.0倍,0.51倍,4.27%
20260812,2624,ニーズウェル,3992,東P,,455,+13,+2.94%,20,18.7倍,3.51倍,3.08%
20260812,2625,ノダ,7879,東S,,646,0,0.00%,20,47.3倍,0.28倍,4.64%
20260812,2626,北野建,1866,東S,,"1,180",-3,-0.25%,20,8.21倍,0.54倍,2.54%
20260812,2627,ティムス,4891,東G,,101,+1,+1.00%,20,ー倍,1.82倍,ー%
20260812,2628,ウルフハンド,194A,東G,,"1,500",+8,+0.54%,20,13.5倍,3.38倍,ー%
20260812,2629,Ｂガレージ,3180,東P,,"1,452",-5,-0.34%,20,13.5倍,2.18倍,1.24%
20260812,2630,フジタコーポ,3370,東S,,473,-7,-1.46%,20,12.9倍,6.39倍,0.63%
20260812,2631,イメージ情報,3803,東G,,568,+40,+7.58%,20,ー倍,2.99倍,ー%
20260812,2632,サイプレス,428A,東S,,"1,366",-3,-0.22%,20,33.5倍,6.51倍,0.73%
20260812,2633,ｉＦリート２,443A,東Ｅ,,"1,858",-7,-0.38%,20,ー倍,ー倍,ー%
20260812,2634,ＧＸ日経株主,465A,東Ｅ,,"1,311",-5,-0.38%,20,ー倍,ー倍,ー%
20260812,2635,ＧＸ超短円債,502A,東Ｅ,,900.7,0,0.00%,20,ー倍,ー倍,ー%
20260812,2636,レシップＨＤ,7213,東S,,655,+9,+1.39%,20,7.67倍,0.90倍,3.97%
20260812,2637,千代田インテ,6915,東S,,"3,360",+25,+0.75%,19,8.08倍,0.73倍,4.76%
20260812,2638,ＫＩＭＯＴＯ,7908,東S,,241,0,0.00%,19,13.2倍,0.55倍,2.90%
20260812,2639,富山銀,8365,東S,,"2,338",+5,+0.21%,19,11.9倍,0.39倍,2.35%
20260812,2640,シーラＨＤ,8887,東S,,381,+4,+1.06%,19,9.49倍,0.80倍,3.67%
20260812,2641,トランスＧＧ,2342,東S,,231,+10,+4.52%,19,25.7倍,0.79倍,ー%
20260812,2642,共同ＰＲ,2436,東S,,645,+6,+0.94%,19,12.3倍,2.57倍,1.24%
20260812,2643,神栄,3004,東S,,"2,089",+20,+0.97%,19,6.56倍,0.73倍,5.27%
20260812,2644,マーチャント,3121,東S,,237,+5,+2.16%,19,30.4倍,1.63倍,0.84%
20260812,2645,昭和ＨＤ,5103,東S,,6,0,0.00%,19,ー倍,0.42倍,ー%
20260812,2646,Ｓクリプトエ,5721,東S,,61,-2,-3.17%,19,ー倍,2.32倍,ー%
20260812,2647,アサンテ,6073,東P,,"1,494",+14,+0.95%,19,417倍,1.56倍,4.15%
20260812,2648,メタリアル,6182,東G,,472,+15,+3.28%,19,32.1倍,2.61倍,ー%
20260812,2649,スパバッグ,3945,東S,,"2,186",-57,-2.54%,19,4.58倍,0.58倍,5.03%
20260812,2650,ＢＢＳｅｃ,4398,東S,,"1,308",+48,+3.81%,19,12.3倍,2.38倍,1.30%
20260812,2651,タカトリ,6338,東S,,"1,630",+17,+1.05%,19,26.3倍,0.88倍,2.45%
20260812,2652,ＡＢホテル,6565,名M,,"1,255",-23,-1.80%,19,5.65倍,1.13倍,2.31%
20260812,2653,ＭＲＫＨＬＤ,9980,東S,,98,+2,+2.08%,19,6.88倍,0.58倍,1.02%
20260812,2654,ｉＦＴＰ年４,2625,東Ｅ,,"4,150",+39,+0.95%,19,ー倍,ー倍,ー%
20260812,2655,交換できる,7695,東G,,756,+15,+2.02%,19,22.6倍,2.76倍,ー%
20260812,2656,ネオマーケ,4196,東S,,"1,975",+5,+0.25%,19,49.0倍,5.31倍,ー%
20260812,2657,ＢＲＡＮＵ,460A,東G,,965,+33,+3.54%,19,16.7倍,4.52倍,ー%
20260812,2658,ＧＸ銀ビジ,579A,東Ｅ,,"1,021",+33,+3.34%,19,ー倍,ー倍,ー%
20260812,2659,グロービー,5575,東G,,"1,137",+27,+2.43%,19,13.1倍,5.07倍,ー%
20260812,2660,ミガロＨＤ,5535,東P,,271,+6,+2.26%,19,11.6倍,1.14倍,3.32%
20260812,2661,笑美面,9237,東G,,843,-18,-2.09%,19,19.4倍,4.20倍,ー%
20260812,2662,ｉＳ米２０,2255,東Ｅ,,200.9,+0.4,+0.20%,19,ー倍,ー倍,ー%
20260812,2663,１ｓｔコーポ,1430,東S,,"1,022",+9,+0.89%,19,6.22倍,1.15倍,4.99%
20260812,2664,野村食品,1617,東Ｅ,,"49,030",+210,+0.43%,19,ー倍,ー倍,ー%
20260812,2665,ＳＩ,3826,東S,,503,+14,+2.86%,19,13.8倍,1.25倍,2.19%
20260812,2666,トーア紡,3204,東S,,495,-9,-1.79%,18,8.31倍,0.30倍,3.03%
20260812,2667,阿波製紙,3896,東S,,395,-12,-2.95%,18,26.3倍,0.61倍,ー%
20260812,2668,コンバム,6265,東S,,"3,500",+175,+5.26%,18,19.0倍,0.87倍,2.29%
20260812,2669,不二精機,6400,東S,,287,-1,-0.35%,18,6.33倍,0.56倍,3.48%
20260812,2670,戸上電,6643,東S,,"5,770",+20,+0.35%,18,9.39倍,1.09倍,2.43%
20260812,2671,ＯＵＧＨＤ,8041,東S,,"4,435",+30,+0.68%,18,7.48倍,0.58倍,3.88%
20260812,2672,東北銀,8349,東S,,"1,471",+10,+0.68%,18,8.83倍,0.59倍,3.40%
20260812,2673,柿安本店,2294,東P,,"2,556",+3,+0.12%,18,30.6倍,1.58倍,3.33%
20260812,2674,ＵＮＩＴＥＤ,2497,東G,,523,+2,+0.38%,18,781倍,1.19倍,4.21%
20260812,2675,ＳＡＮＫＯ,2762,東S,,78,-1,-1.27%,18,ー倍,17.3倍,ー%
20260812,2676,ヨシムラＨＤ,2884,東P,,650,+6,+0.93%,18,11.1倍,1.19倍,ー%
20260812,2677,倉元,5216,東S,,153,+1,+0.66%,18,ー倍,8.56倍,ー%
20260812,2678,野村ＪＰＸ,1591,東Ｅ,,"37,690",+350,+0.94%,18,ー倍,ー倍,ー%
20260812,2679,野村医薬品,1621,東Ｅ,,"30,560",-10,-0.03%,18,ー倍,ー倍,ー%
20260812,2680,ｉＳ米リート,1659,東Ｅ,,"3,889",-63,-1.59%,18,ー倍,ー倍,ー%
20260812,2681,工藤建設,1764,東S,,"2,692",-147,-5.18%,18,11.0倍,0.57倍,4.72%
20260812,2682,ＳＳ米株Ｈ,450A,東Ｅ,,795.3,-3.3,-0.41%,18,ー倍,ー倍,ー%
20260812,2683,ペイクラウド,4015,東G,,553,+9,+1.65%,18,23.7倍,1.85倍,ー%
20260812,2684,グローバルＩ,4171,東S,,"1,665",0,0.00%,18,24.4倍,1.94倍,ー%
20260812,2685,表示灯,7368,東S,,"1,697",0,0.00%,18,9.89倍,0.94倍,3.83%
20260812,2686,野村ナスＨ有,2845,東Ｅ,,"3,562",-28,-0.78%,18,ー倍,ー倍,ー%
20260812,2687,シーユーシー,9158,東G,,747,+14,+1.91%,18,19.9倍,0.66倍,ー%
20260812,2688,ｉＳ米増配株,2014,東Ｅ,,324.0,+2.7,+0.84%,18,ー倍,ー倍,ー%
20260812,2689,ＧＸ優先証券,2866,東Ｅ,,992,0,0.00%,17,ー倍,ー倍,ー%
20260812,2690,ホドルワン,2345,東S,,99,+3,+3.13%,17,ー倍,10.6倍,ー%
20260812,2691,翻訳センター,2483,東S,,"2,116",+5,+0.24%,17,14.2倍,1.08倍,6.62%
20260812,2692,ひらまつ,2764,東S,,150,0,0.00%,17,36.8倍,1.74倍,0.81%
20260812,2693,日食品,2892,東S,,"4,445",+25,+0.57%,17,14.1倍,0.70倍,3.37%
20260812,2694,ウインＰ,3183,東P,,"1,270",+11,+0.87%,17,15.8倍,1.57倍,4.33%
20260812,2695,共和レ,3553,東S,,926,0,0.00%,17,ー倍,0.61倍,5.62%
20260812,2696,フィスコ,3807,東G,,90,+3,+3.45%,17,231倍,5.98倍,ー%
20260812,2697,ＢＳ１１,9414,東S,,924,+1,+0.11%,17,12.6倍,0.66倍,3.25%
20260812,2698,ファイバーＧ,9450,東S,,800,+5,+0.63%,17,12.7倍,2.33倍,3.38%
20260812,2699,ＩＸナレッジ,9753,東S,,"1,337",+32,+2.45%,17,7.93倍,1.10倍,3.74%
20260812,2700,グルメ杵屋,9850,東P,,972,+1,+0.10%,17,85.5倍,2.51倍,0.72%
20260812,2701,ＪＫＨＤ,9896,東S,,"1,397",-2,-0.14%,17,8.90倍,0.57倍,4.29%
20260812,2702,南陽,7417,東S,,"1,817",-17,-0.93%,17,9.73倍,0.79倍,3.58%
20260812,2703,日産証券Ｇ,8705,東S,,214,-1,-0.47%,17,ー倍,0.84倍,ー%
20260812,2704,ネオジャパン,3921,東P,,"1,597",+2,+0.13%,17,11.9倍,2.96倍,3.38%
20260812,2705,ＫｅｙＨ,4712,東S,,774,+5,+0.65%,17,14.6倍,0.63倍,1.42%
20260812,2706,瑞光,6279,東P,,932,-4,-0.43%,17,18.9倍,0.68倍,2.15%
20260812,2707,スタメン,4019,東G,,650,+24,+3.83%,17,21.5倍,3.80倍,1.23%
20260812,2708,アールプラン,2983,東G,,"1,536",+19,+1.25%,17,6.19倍,2.00倍,2.93%
20260812,2709,ラキール,4074,東G,Ｓ,796,-150,-15.86%,17,ー倍,1.52倍,ー%
20260812,2710,野村米十債Ｈ,2648,東Ｅ,,"3,355",-2,-0.06%,17,ー倍,ー倍,ー%
20260812,2711,モイ,5031,東G,,328,-2,-0.61%,17,ー倍,2.79倍,ー%
20260812,2712,Ｏｎｅトピ,1473,東Ｅ,,"4,228",+46,+1.10%,17,ー倍,ー倍,ー%
20260812,2713,インドブル,2046,東EN,,"25,360",-195,-0.76%,17,ー倍,ー倍,ー%
20260812,2714,ｎｍｓ,2162,東S,,536,0,0.00%,17,18.7倍,2.00倍,1.68%
20260812,2715,北越メ,5446,東S,,"1,074",-4,-0.37%,17,ー倍,0.22倍,ー%
20260812,2716,那須鉄,5922,東S,,"19,560",-380,-1.91%,17,13.1倍,0.67倍,2.30%
20260812,2717,日東工器,6151,東P,,"1,745",-9,-0.51%,17,22.3倍,0.54倍,1.83%
20260812,2718,中可鍛,5607,名M,,606,+1,+0.17%,16,5.99倍,0.29倍,3.14%
20260812,2719,アライドアキ,6081,東G,,163,+3,+1.88%,16,141倍,1.62倍,ー%
20260812,2720,ブロメディア,4347,東S,,"1,666",-3,-0.18%,16,13.3倍,2.45倍,3.90%
20260812,2721,わかもと,4512,東S,,270,+6,+2.27%,16,40.7倍,0.80倍,1.30%
20260812,2722,有機薬,4531,東S,,358,+4,+1.13%,16,12.9倍,0.58倍,2.79%
20260812,2723,ファンクリＧ,3266,東S,,79,0,0.00%,16,8.62倍,0.93倍,1.27%
20260812,2724,アイフリーク,3845,東S,,249,+10,+4.18%,16,"6,225倍",5.72倍,ー%
20260812,2725,ジャパニアス,9558,東G,,"1,984",+24,+1.22%,16,9.96倍,2.32倍,5.09%
20260812,2726,ＧＸＵＳ配当,2236,東Ｅ,,"1,515",+9,+0.60%,16,ー倍,ー倍,ー%
20260812,2727,売れるＧ,9235,東G,,506,+3,+0.60%,16,"2,410倍",8.43倍,ー%
20260812,2728,玉井船,9127,東S,,"3,050",0,0.00%,16,8.33倍,0.58倍,3.61%
20260812,2729,歌舞伎,9661,東S,,"4,465",-10,-0.22%,16,228倍,4.88倍,0.11%
20260812,2730,デイトナ,7228,東S,,"4,045",+65,+1.63%,16,8.13倍,1.00倍,3.71%
20260812,2731,梅の花Ｇ,7604,東S,,890,-1,-0.11%,16,28.3倍,3.77倍,1.12%
20260812,2732,ＯｎｅＥＳＧ,1498,東Ｅ,,"32,980",+310,+0.95%,16,ー倍,ー倍,ー%
20260812,2733,ナカノフドー,1827,東S,,"1,414",-46,-3.15%,16,16.8倍,0.97倍,1.77%
20260812,2734,アイケイケイ,2198,東P,,774,+4,+0.52%,16,31.4倍,1.88倍,3.10%
20260812,2735,やまや,9994,東S,,"2,120",+11,+0.52%,16,11.0倍,0.62倍,3.40%
20260812,2736,ニューラルＧ,4056,東G,,211,-11,-4.95%,16,ー倍,2.41倍,ー%
20260812,2737,ファブリカ,4193,東S,,"2,410",+21,+0.88%,16,13.8倍,3.52倍,1.66%
20260812,2738,アルマード,4932,東S,,715,-1,-0.14%,16,ー倍,3.66倍,ー%
20260812,2739,サークレイス,5029,東G,,860,+49,+6.04%,16,10.8倍,4.43倍,ー%
20260812,2740,ＧＭＯコマス,410A,東G,,"1,158",+41,+3.67%,16,14.8倍,2.37倍,4.37%
20260812,2741,富士ユナイト,416A,東S,,"1,255",-8,-0.63%,16,13.8倍,0.81倍,4.94%
20260812,2742,ウリドキ,418A,名N,,"1,360",-1,-0.07%,16,20.4倍,9.63倍,ー%
20260812,2743,ビケンテクノ,9791,東S,,"1,176",-44,-3.61%,15,8.06倍,0.38倍,3.06%
20260812,2744,はてな,3930,東G,,725,-8,-1.09%,15,ー倍,1.03倍,ー%
20260812,2745,プロパテＤＢ,4389,東G,,"1,095",-10,-0.90%,15,12.7倍,3.62倍,2.92%
20260812,2746,ブライトパス,4594,東G,,51,+1,+2.00%,15,ー倍,3.02倍,ー%
20260812,2747,デルタフライ,4598,東G,,105,-2,-1.87%,15,ー倍,-7.6倍,ー%
20260812,2748,オリコン,4800,東S,,"1,357",0,0.00%,15,16.6倍,3.09倍,ー%
20260812,2749,日本スキー,6040,東G,,452,+5,+1.12%,15,8.42倍,2.03倍,1.11%
20260812,2750,ＣＳＳ,2304,東S,,973,+33,+3.51%,15,8.18倍,1.45倍,3.60%
20260812,2751,オリコンＨＤ,2498,東S,,"3,240",+20,+0.62%,15,10.0倍,1.26倍,3.86%
20260812,2752,株主還元７０,2529,東Ｅ,,"2,373",+5,+0.21%,15,ー倍,ー倍,ー%
20260812,2753,ＹＫＴ,2693,東S,,307,-3,-0.97%,15,71.2倍,0.44倍,1.63%
20260812,2754,ハルメク,7119,東G,,"1,724",-11,-0.63%,15,15.9倍,2.07倍,2.32%
20260812,2755,野村国債Ｄイ,2251,東Ｅ,,900.5,+4.9,+0.55%,15,ー倍,ー倍,ー%
20260812,2756,ＪＥＴ,6228,東S,,498,+1,+0.20%,15,ー倍,0.67倍,ー%
20260812,2757,Ｇモンスター,157A,東G,,773,-6,-0.77%,15,ー倍,1.94倍,1.29%
20260812,2758,ＰＲＩＳＭバ,206A,東G,,172,+5,+2.99%,15,ー倍,3.00倍,ー%
20260812,2759,ＧＸ高配３０,235A,東Ｅ,,"1,439",-2,-0.14%,15,ー倍,ー倍,ー%
20260812,2760,ＲＯＸＸ,241A,東G,,407,+7,+1.75%,15,"2,907倍",2.12倍,ー%
20260812,2761,菊水化,7953,東S,,397,+3,+0.76%,15,10.2倍,0.48倍,4.28%
20260812,2762,重松製,7980,東S,,862,+7,+0.82%,15,8.40倍,0.63倍,1.74%
20260812,2763,理経,8226,東S,,385,-5,-1.28%,15,13.9倍,0.97倍,1.82%
20260812,2764,豊トラスティ,8747,東S,,"2,079",+47,+2.31%,15,ー倍,0.69倍,ー%
20260812,2765,バイク王,3377,東S,,389,+3,+0.78%,15,9.77倍,0.76倍,2.83%
20260812,2766,ＣＲＩ,3698,東S,,"1,134",+3,+0.27%,15,12.8倍,1.42倍,2.38%
20260812,2767,メディア工房,3815,東G,,455,+5,+1.11%,15,ー倍,8.52倍,ー%
20260812,2768,ネクスジェン,3842,東S,,"1,024",+13,+1.29%,15,11.3倍,1.26倍,2.93%
20260812,2769,オーケーエム,6229,東S,,"1,611",+39,+2.48%,15,9.64倍,0.65倍,3.10%
20260812,2770,デコルテＨＤ,7372,東G,,400,+9,+2.30%,15,8.59倍,0.38倍,ー%
20260812,2771,マーキュリア,7347,東P,,785,+14,+1.82%,15,15.2倍,0.88倍,2.80%
20260812,2772,日本モゲジＳ,7192,東S,,634,+4,+0.63%,15,10.2倍,0.99倍,4.73%
20260812,2773,岡谷鋼機,7485,名P,,"5,060",+10,+0.20%,15,6.95倍,0.40倍,1.70%
20260812,2774,カワタ,6292,東S,,860,+23,+2.75%,15,15.8倍,0.45倍,4.42%
20260812,2775,明治機,6334,東S,,509,+16,+3.25%,15,54.8倍,2.07倍,1.18%
20260812,2776,ハマイ,6497,東S,,"1,455",+16,+1.11%,15,9.96倍,0.56倍,3.09%
20260812,2777,日本ハウス,1873,東P,,309,+2,+0.65%,15,3.42倍,0.54倍,3.88%
20260812,2778,純パラ信託,1543,東Ｅ,,"62,740",+40,+0.06%,14,ー倍,ー倍,ー%
20260812,2779,ＤＡＩＫＯＸ,8023,東S,,999,-18,-1.77%,14,7.23倍,0.95倍,3.80%
20260812,2780,大阪油化,4124,東S,,"2,820",+50,+1.81%,14,20.8倍,1.83倍,1.99%
20260812,2781,クラスター,4240,東S,,350,+30,+9.38%,14,43.3倍,1.15倍,1.43%
20260812,2782,神電鉄,9046,東S,,"2,445",+9,+0.37%,14,16.3倍,0.75倍,1.02%
20260812,2783,東京汽,9193,東S,,888,0,0.00%,14,239倍,0.32倍,3.38%
20260812,2784,アジア航,9233,東S,,"1,145",+15,+1.33%,14,12.6倍,0.95倍,3.84%
20260812,2785,スバル,9632,東S,,"3,615",0,0.00%,14,15.0倍,1.24倍,2.21%
20260812,2786,リリカラ,9827,東S,,635,+7,+1.11%,14,11.7倍,1.03倍,5.67%
20260812,2787,マキヤ,9890,東S,,"1,351",+5,+0.37%,14,6.37倍,0.42倍,2.81%
20260812,2788,ジオスター,5282,東S,,410,-2,-0.49%,14,6.79倍,0.51倍,2.44%
20260812,2789,野村外国債券,2511,東Ｅ,,"1,185.0",+6.5,+0.55%,14,ー倍,ー倍,ー%
20260812,2790,プレミアムＷ,2588,東S,,"3,775",+40,+1.07%,14,9.01倍,3.64倍,3.18%
20260812,2791,テンポスＨＤ,2751,東S,,"3,810",+20,+0.53%,14,17.0倍,2.61倍,0.24%
20260812,2792,新都ＨＤ,2776,東S,,95,+3,+3.26%,14,25.8倍,1.55倍,ー%
20260812,2793,ＡＦＣ－ＨＤ,2927,東S,,870,+2,+0.23%,14,8.20倍,0.78倍,4.14%
20260812,2794,ヤマダコーポ,6392,東S,,"7,590",+90,+1.20%,14,10.7倍,0.99倍,2.90%
20260812,2795,ＩＩＦ,6545,東G,,900,+17,+1.93%,14,11.2倍,2.70倍,2.78%
20260812,2796,ペルセウス,4882,東G,,143,+1,+0.70%,14,ー倍,2.32倍,ー%
20260812,2797,サイエンスＡ,4412,東G,,"1,158",+18,+1.58%,14,50.0倍,6.10倍,0.09%
20260812,2798,大石産業,3943,東S,,"1,319",+9,+0.69%,14,24.9倍,0.53倍,3.94%
20260812,2799,ジェネパ,3195,東S,,575,+33,+6.09%,14,26.1倍,2.23倍,ー%
20260812,2800,ＦＤＫ,6955,東S,,415,+6,+1.47%,14,19.1倍,0.74倍,ー%
20260812,2801,日本ホスピス,7061,東G,,566,+2,+0.35%,14,8.00倍,1.35倍,4.42%
20260812,2802,ＧＭＢ,7214,東S,,"1,144",+9,+0.79%,14,6.11倍,0.27倍,4.11%
20260812,2803,ヤマノＨＤ,7571,東S,,83,+1,+1.22%,14,22.6倍,1.94倍,1.81%
20260812,2804,ＮａＩＴＯ,7624,東S,,143,+1,+0.70%,14,29.0倍,0.60倍,2.80%
20260812,2805,ブリッジ－Ｇ,7039,東G,,"1,734",+11,+0.64%,13,9.05倍,1.38倍,5.48%
20260812,2806,識学,7049,東G,,866,-2,-0.23%,13,ー倍,2.42倍,ー%
20260812,2807,エフテック,7212,東S,,727,-2,-0.27%,13,16.9倍,0.23倍,2.75%
20260812,2808,アイリック,7325,東G,,722,-3,-0.41%,13,11.7倍,1.56倍,4.43%
20260812,2809,小津産業,7487,東S,,"1,787",+4,+0.22%,13,34.2倍,0.79倍,1.51%
20260812,2810,日精蝋,5010,東S,,245,+6,+2.51%,13,6.05倍,0.72倍,ー%
20260812,2811,神鋼線,5660,東S,,"1,876",+3,+0.16%,13,ー倍,0.44倍,ー%
20260812,2812,サンユウ,5697,東S,,846,+22,+2.67%,13,8.25倍,0.49倍,3.55%
20260812,2813,フイルコン,5942,東S,,653,0,0.00%,13,15.8倍,0.55倍,4.29%
20260812,2814,マルゼン,5982,東S,,"4,095",-50,-1.21%,13,12.3倍,1.24倍,3.05%
20260812,2815,三機サービス,6044,東S,,"1,960",+5,+0.26%,13,ー倍,2.25倍,ー%
20260812,2816,ミトラＧ,6093,東S,,161,+1,+0.63%,13,16.5倍,2.14倍,3.73%
20260812,2817,スターツ出版,7849,東S,,"2,978",-22,-0.73%,13,11.0倍,1.05倍,4.37%
20260812,2818,はせがわ,8230,東S,,316,0,0.00%,13,10.3倍,0.46倍,4.75%
20260812,2819,ｉＦ台湾テク,413A,東Ｅ,,"3,835",+60,+1.59%,13,ー倍,ー倍,ー%
20260812,2820,スタートＬ,477A,東G,,649,+24,+3.84%,13,8.65倍,1.43倍,ー%
20260812,2821,ＴＯブックス,500A,東S,,"3,065",+79,+2.65%,13,8.29倍,1.48倍,2.48%
20260812,2822,野村高配ＣＦ,518A,東Ｅ,,"2,118",+24,+1.15%,13,ー倍,ー倍,ー%
20260812,2823,ｉＳシルバー,568A,東Ｅ,,171.0,+4.0,+2.40%,13,ー倍,ー倍,ー%
20260812,2824,上場ＭＳ世界,1554,東Ｅ,,"6,899",+11,+0.16%,13,ー倍,ー倍,ー%
20260812,2825,明豊ファシリ,1717,東S,,951,+1,+0.11%,13,11.9倍,1.93倍,4.63%
20260812,2826,銭高組,1811,東S,,"8,250",+110,+1.35%,13,39.1倍,0.50倍,ー%
20260812,2827,金先物ベア,2037,東EN,,"1,243",-21,-1.66%,13,ー倍,ー倍,ー%
20260812,2828,キムラユニテ,9368,東S,,920,-4,-0.43%,13,9.84倍,0.85倍,4.13%
20260812,2829,セレスポ,9625,東S,,912,+12,+1.33%,13,7.37倍,0.51倍,5.48%
20260812,2830,三協フロンテ,9639,東S,,"2,330",-2,-0.09%,13,8.85倍,0.99倍,4.29%
20260812,2831,ソレキア,9867,東S,,"10,380",+20,+0.19%,13,6.45倍,0.69倍,0.67%
20260812,2832,坪田ラボ,4890,東G,,275,+6,+2.23%,13,105倍,9.80倍,ー%
20260812,2833,ＧＸＵＳＤＶ,2253,東Ｅ,,"1,331",-9,-0.67%,13,ー倍,ー倍,ー%
20260812,2834,ｉＳインド株,201A,東Ｅ,,185.2,-0.6,-0.32%,13,ー倍,ー倍,ー%
20260812,2835,ＧＸウラン,224A,東Ｅ,,"1,650",+21,+1.29%,13,ー倍,ー倍,ー%
20260812,2836,ガーデン,274A,東S,,"2,328",-4,-0.17%,13,19.8倍,2.24倍,3.87%
20260812,2837,プログレス,339A,東G,,918,+24,+2.68%,13,6.95倍,1.21倍,3.27%
20260812,2838,エーアイ,4388,東S,,367,+7,+1.94%,13,36.9倍,1.02倍,ー%
20260812,2839,ＡＮＡＰＨＤ,3189,東S,,106,+2,+1.92%,13,ー倍,0.65倍,ー%
20260812,2840,ソフトＭＡＸ,3671,東S,,314,+6,+1.95%,13,13.0倍,1.92倍,3.18%
20260812,2841,クラウドＷ,3900,東G,,701,+2,+0.29%,13,ー倍,1.71倍,ー%
20260812,2842,Ｔスマート,6246,東S,,"1,825",+34,+1.90%,13,15.0倍,1.00倍,5.04%
20260812,2843,ゲームカード,6249,東S,,"2,670",+7,+0.26%,13,15.6倍,0.62倍,3.75%
20260812,2844,小野測器,6858,東S,,842,-11,-1.29%,13,10.9倍,0.52倍,3.56%
20260812,2845,ソフトフロン,2321,東G,,133,-1,-0.75%,13,ー倍,4.16倍,ー%
20260812,2846,野村国内債券,2510,東Ｅ,,805.0,-1.8,-0.22%,13,ー倍,ー倍,ー%
20260812,2847,上場ＳＰヘ有,2521,東Ｅ,,"2,185",-9,-0.41%,13,ー倍,ー倍,ー%
20260812,2848,ｋｕｂｅｌｌ,4448,東G,,320,-2,-0.62%,13,ー倍,6.29倍,ー%
20260812,2849,ＩＮＣＨＤ,7078,東G,,345,+8,+2.37%,12,ー倍,2.27倍,ー%
20260812,2850,日本インシュ,5368,東S,,"1,033",+27,+2.68%,12,12.2倍,0.61倍,3.87%
20260812,2851,アクシス,4012,東S,,"1,752",-4,-0.23%,12,10.8倍,1.77倍,3.25%
20260812,2852,アピリッツ,4174,東S,,762,+18,+2.42%,12,27.1倍,1.78倍,3.81%
20260812,2853,室町ケミカル,4885,東S,,892,+7,+0.79%,12,10.3倍,1.39倍,2.91%
20260812,2854,アシロ,7378,東G,,"1,504",-19,-1.25%,12,10.8倍,3.73倍,4.32%
20260812,2855,リベロ,9245,東G,,"2,140",+9,+0.42%,12,15.2倍,3.63倍,1.96%
20260812,2856,ラストワンＭ,9252,東G,,"3,760",-15,-0.40%,12,9.07倍,1.92倍,0.80%
20260812,2857,タカヨシＨＤ,9259,東G,,827,-1,-0.12%,12,8.92倍,1.36倍,3.63%
20260812,2858,ＫＹＯＲＩＴ,7795,東S,,213,+2,+0.95%,12,11.9倍,0.50倍,3.76%
20260812,2859,ＰＢシステム,4447,東G,,480,+7,+1.48%,12,17.0倍,2.67倍,4.69%
20260812,2860,上場ＳＰレ２,2239,東Ｅ,,"27,145",-200,-0.73%,12,ー倍,ー倍,ー%
20260812,2861,ホクシン,7897,東S,,104,+1,+0.97%,12,22.7倍,0.50倍,1.92%
20260812,2862,ナラサキ,8085,東S,,"4,250",-15,-0.35%,12,8.51倍,0.72倍,3.29%
20260812,2863,クワザワＨＤ,8104,東S,,688,+10,+1.47%,12,8.85倍,0.60倍,4.36%
20260812,2864,ミクニ,7247,東S,,360,+2,+0.56%,12,7.12倍,0.29倍,4.17%
20260812,2865,ハークスレイ,7561,東S,,693,-1,-0.14%,12,8.01倍,0.49倍,4.33%
20260812,2866,平山,7781,東S,,796,+7,+0.89%,12,10.9倍,2.19倍,3.52%
20260812,2867,スカラ,4845,東S,,339,+5,+1.50%,12,14.2倍,1.25倍,5.01%
20260812,2868,モリ工業,5464,東S,,944,+4,+0.43%,12,11.2倍,0.61倍,3.60%
20260812,2869,エムケー精工,5906,東S,,739,+1,+0.14%,12,6.87倍,0.53倍,2.44%
20260812,2870,協立エアテク,5997,東S,,911,-11,-1.19%,12,9.57倍,0.43倍,2.20%
20260812,2871,フリークＨＤ,6094,東G,,595,+6,+1.02%,12,13.1倍,0.86倍,ー%
20260812,2872,富士精,6142,名M,,"1,715",+5,+0.29%,12,6.70倍,0.23倍,2.92%
20260812,2873,エスティック,6161,東S,,"1,062",-23,-2.12%,12,8.68倍,0.93倍,2.92%
20260812,2874,タメニー,6181,東G,,82,+3,+3.80%,12,11.5倍,3.17倍,ー%
20260812,2875,川西倉,9322,東S,,"2,441",+1,+0.04%,12,28.9倍,0.85倍,5.41%
20260812,2876,オオバ,9765,東P,,"1,138",+8,+0.71%,12,12.4倍,1.26倍,3.87%
20260812,2877,パーカー,9845,東S,,"1,431",+1,+0.07%,12,8.14倍,0.69倍,3.70%
20260812,2878,ＳＳ金Ｈ,448A,東Ｅ,,263.7,-0.3,-0.11%,12,ー倍,ー倍,ー%
20260812,2879,インテリクス,463A,東S,,958,+8,+0.84%,12,5.68倍,0.58倍,5.01%
20260812,2880,野村素材化学,1620,東Ｅ,,"38,400",+430,+1.13%,12,ー倍,ー倍,ー%
20260812,2881,太洋基礎,1758,東S,,"2,497",+62,+2.55%,12,10.5倍,0.52倍,2.60%
20260812,2882,ソネック,1768,東S,,"1,021",-9,-0.87%,12,9.06倍,0.73倍,4.90%
20260812,2883,暁飯島工業,1997,東S,,"3,960",+135,+3.53%,12,8.43倍,0.97倍,3.41%
20260812,2884,インタスペス,2122,東S,,"1,435",+16,+1.13%,12,21.5倍,1.54倍,2.09%
20260812,2885,岩塚製菓,2221,東S,,"3,070",-10,-0.32%,12,24.2倍,0.53倍,1.04%
20260812,2886,ドーン,2303,東S,,"1,303",-15,-1.14%,12,16.0倍,2.59倍,1.23%
20260812,2887,フォーサイド,2330,東S,,75,+3,+4.17%,12,40.8倍,1.05倍,ー%
20260812,2888,キューブシス,2335,東P,,"1,071",+2,+0.19%,12,10.8倍,1.46倍,4.30%
20260812,2889,クオンタムＳ,2338,東S,,132,+1,+0.76%,12,ー倍,-9.5倍,ー%
20260812,2890,プラップＪ,2449,東S,,"1,083",-3,-0.28%,12,9.57倍,0.87倍,3.79%
20260812,2891,ティア,2485,東S,,475,+3,+0.64%,12,10.2倍,1.18倍,4.84%
20260812,2892,農中東証指数,2524,東Ｅ,,"4,286",+26,+0.61%,12,ー倍,ー倍,ー%
20260812,2893,ＪＨＤ,2721,東S,,119,+2,+1.71%,12,ー倍,11.5倍,ー%
20260812,2894,ナフコ,2790,東S,,"2,205",+17,+0.78%,12,42.7倍,0.35倍,2.63%
20260812,2895,サトウ食品,2923,東S,,"8,260",+30,+0.36%,12,ー倍,1.68倍,ー%
20260812,2896,篠崎屋,2926,東S,,118,+4,+3.51%,12,ー倍,1.46倍,2.54%
20260812,2897,オーシャンシ,3096,東S,,"1,624",-18,-1.10%,12,10.0倍,1.23倍,1.23%
20260812,2898,チムニー,3178,東S,,"1,154",+7,+0.61%,12,89.0倍,3.49倍,0.43%
20260812,2899,夢展望,3185,東G,,149,-2,-1.32%,12,ー倍,145倍,ー%
20260812,2900,ケイブ,3760,東S,,760,+5,+0.66%,12,3.91倍,1.83倍,ー%
20260812,2901,アイビーシー,3920,東S,,999,+13,+1.32%,12,12.9倍,2.31倍,2.20%
20260812,2902,オープンドア,3926,東S,,403,-12,-2.89%,12,ー倍,3.70倍,ー%
20260812,2903,田岡化,4113,東S,,735,+8,+1.10%,12,42.1倍,0.54倍,0.82%
20260812,2904,アテクト,4241,東S,,665,+10,+1.53%,12,24.5倍,1.59倍,1.50%
20260812,2905,ハイマックス,4299,東S,,"1,201",+3,+0.25%,12,16.1倍,1.15倍,4.25%
20260812,2906,ロジザード,4391,東G,,"1,188",+35,+3.04%,12,13.5倍,1.58倍,1.60%
20260812,2907,東邦化,4409,東S,,757,+17,+2.30%,12,8.60倍,0.64倍,3.30%
20260812,2908,環境管理,4657,東S,,493,+6,+1.23%,12,14.8倍,0.96倍,1.62%
20260812,2909,静甲,6286,東S,,"1,481",-12,-0.80%,12,9.56倍,0.54倍,1.89%
20260812,2910,ツナグＧＨＤ,6551,東S,,590,+9,+1.55%,12,7.14倍,2.06倍,3.39%
20260812,2911,森尾電,6647,東S,,"3,220",+190,+6.27%,12,14.2倍,0.69倍,1.86%
20260812,2912,アルチザ,6778,東S,,612,+6,+0.99%,12,33.6倍,0.77倍,4.08%
20260812,2913,ＪＮグループ,6634,東S,,70,+2,+2.94%,11,29.2倍,1.31倍,ー%
20260812,2914,ツインバード,6897,東S,,676,0,0.00%,11,160倍,1.10倍,1.92%
20260812,2915,農中世界株Ｕ,537A,東Ｅ,,"1,154",+19,+1.67%,11,ー倍,ー倍,ー%
20260812,2916,ＭＸ米株ＡＩ,552A,東Ｅ,,"2,500",+50,+2.04%,11,ー倍,ー倍,ー%
20260812,2917,マミヤＯＰ,7991,東S,,"1,058",-7,-0.66%,11,9.11倍,0.43倍,4.73%
20260812,2918,ナイス,8089,東S,,"1,950",+20,+1.04%,11,7.11倍,0.38倍,4.05%
20260812,2919,ＡＭＧＨＤ,8891,東S,,"2,062",-6,-0.29%,11,6.72倍,0.47倍,3.88%
20260812,2920,ＳＴＩＦＨＤ,2932,東S,,"1,108",+26,+2.40%,11,11.6倍,1.88倍,3.61%
20260812,2921,さくらさく,7097,東G,,"2,753",+30,+1.10%,11,14.7倍,1.84倍,1.02%
20260812,2922,東京通信Ｇ,7359,東G,,226,+4,+1.80%,11,20.7倍,2.53倍,ー%
20260812,2923,Ｈｉクラテス,4172,東S,,"2,262",ー,ー%,11,11.2倍,1.14倍,3.89%
20260812,2924,ＧＸデジ日株,2626,東Ｅ,,"3,250",-13,-0.40%,11,ー倍,ー倍,ー%
20260812,2925,アジアＱ,4261,東G,,"3,210",+75,+2.39%,11,15.0倍,2.37倍,ー%
20260812,2926,トリプルアイ,5026,東G,,584,+15,+2.64%,11,ー倍,3.47倍,ー%
20260812,2927,ホームポジ,2999,東S,,649,+5,+0.78%,11,11.3倍,1.01倍,1.54%
20260812,2928,ヌーラボ,5033,東G,,833,-6,-0.72%,11,10.9倍,2.68倍,ー%
20260812,2929,ベースフード,2936,東G,,275,-2,-0.72%,11,ー倍,13.0倍,ー%
20260812,2930,サキガケＨＤ,5891,東S,,"1,667",+44,+2.71%,11,37.8倍,1.95倍,1.38%
20260812,2931,スマバ,9417,東S,,355,+6,+1.72%,11,ー倍,2.50倍,2.82%
20260812,2932,ケル,6919,東S,,"1,434",0,0.00%,11,80.3倍,0.68倍,5.58%
20260812,2933,Ｆインタ,7050,東G,,"1,334",-10,-0.74%,11,9.19倍,1.22倍,5.47%
20260812,2934,ギークス,7060,東S,,595,+20,+3.48%,11,9.60倍,2.09倍,5.38%
20260812,2935,あんしん保証,7183,東S,,254,0,0.00%,11,ー倍,1.76倍,ー%
20260812,2936,ヒロセ通商,7185,東S,,"3,925",-5,-0.13%,11,ー倍,1.10倍,ー%
20260812,2937,村上開明,7292,東S,,"6,570",+40,+0.61%,11,12.9倍,0.80倍,3.65%
20260812,2938,ＪＭＳ,7702,東S,,457,+1,+0.22%,11,18.7倍,0.27倍,3.72%
20260812,2939,クボテック,7709,東S,,41,-1,-2.38%,11,ー倍,-40倍,ー%
20260812,2940,アイビー,4918,東S,,308,+4,+1.32%,11,8.80倍,1.18倍,4.87%
20260812,2941,ＺＥＴＡ,6031,東G,,245,0,0.00%,11,16.4倍,5.93倍,1.84%
20260812,2942,エイトレッド,3969,東S,,"1,418",+17,+1.21%,11,13.6倍,1.91倍,2.54%
20260812,2943,エコモット,3987,東G,,679,+1,+0.15%,11,85.5倍,4.36倍,ー%
20260812,2944,ソルクシーズ,4284,東S,,423,-6,-1.40%,11,8.49倍,1.26倍,3.31%
20260812,2945,レイ,4317,東S,,564,+22,+4.06%,11,9.09倍,0.95倍,2.66%
20260812,2946,ヴィッツ,4440,東S,,"1,157",+6,+0.52%,11,10.3倍,1.45倍,1.56%
20260812,2947,アオバＢＢＴ,2464,東S,,338,-5,-1.46%,11,10.9倍,0.93倍,3.25%
20260812,2948,アプライド,3020,東S,,"4,225",-15,-0.35%,11,5.31倍,0.81倍,2.37%
20260812,2949,ホリイフード,3077,東S,,868,0,0.00%,11,9.55倍,4.44倍,ー%
20260812,2950,Ｈａｍｅｅ,3134,東S,,299,+7,+2.40%,11,20.8倍,0.66倍,1.00%
20260812,2951,マーケットＥ,3135,東S,,"1,117",+1,+0.09%,11,597倍,4.59倍,ー%
20260812,2952,ＳＭＤ２２５,1397,東Ｅ,,"68,310",+670,+0.99%,11,ー倍,ー倍,ー%
20260812,2953,キャンディル,1446,東S,,546,+6,+1.11%,11,25.4倍,1.64倍,1.83%
20260812,2954,ｉＳＨＹ債Ｈ,1497,東Ｅ,,"1,730",-4,-0.23%,11,ー倍,ー倍,ー%
20260812,2955,ＴＰＸベア,1569,東Ｅ,,730.0,-6.0,-0.82%,11,ー倍,ー倍,ー%
20260812,2956,南海辰村,1850,東S,,419,+8,+1.95%,11,7.16倍,0.60倍,1.91%
20260812,2957,ブルボン,2208,東S,,"3,125",+5,+0.16%,11,18.4倍,1.11倍,1.41%
20260812,2958,コーセーＲＥ,3246,東S,,680,+9,+1.34%,11,15.7倍,0.66倍,3.53%
20260812,2959,自重堂,3597,東S,,"9,060",-50,-0.55%,11,17.4倍,0.68倍,5.52%
20260812,2960,アプリックス,3727,東G,,149,+2,+1.36%,11,ー倍,2.90倍,1.34%
20260812,2961,ｅＢＡＳＥ,3835,東P,,427,+2,+0.47%,11,17.5倍,2.76倍,3.56%
20260812,2962,デジプラ,3691,東G,,"1,514",+30,+2.02%,10,ー倍,8.22倍,ー%
20260812,2963,カヤック,3904,東G,,412,+2,+0.49%,10,10.6倍,1.08倍,0.95%
20260812,2964,フロンティＭ,7038,東P,,564,+6,+1.08%,10,133倍,4.13倍,ー%
20260812,2965,ｕｐｒ,7065,東S,,"1,015",+7,+0.69%,10,10.7倍,0.81倍,3.65%
20260812,2966,橋本総業ＨＤ,7570,東S,,"1,396",+18,+1.31%,10,7.35倍,0.72倍,3.72%
20260812,2967,ＰＳＳ,7707,東G,,216,0,0.00%,10,27.2倍,1.52倍,ー%
20260812,2968,丸八証券,8700,東S,,"1,961",+10,+0.51%,10,ー倍,0.88倍,ー%
20260812,2969,シリウスＶ,6276,東S,,322,-3,-0.92%,10,2.89倍,0.72倍,ー%
20260812,2970,中北製,6496,東S,,"5,370",+30,+0.56%,10,11.7倍,0.67倍,2.14%
20260812,2971,ＷＡＳＨハウ,6537,東G,,303,-1,-0.33%,10,24.4倍,1.29倍,ー%
20260812,2972,池上通,6771,東S,,683,+11,+1.64%,10,8.77倍,0.33倍,2.20%
20260812,2973,ビタブリッド,542A,東G,,"1,114",-6,-0.54%,10,8.41倍,1.20倍,ー%
20260812,2974,日ロジテム,9060,東S,,"4,200",-85,-1.98%,10,8.12倍,0.34倍,1.90%
20260812,2975,クレオ,9698,東S,,"1,255",+8,+0.64%,10,11.7倍,1.31倍,4.46%
20260812,2976,ビザスク,4490,東G,,675,+25,+3.85%,10,8.36倍,3.17倍,ー%
20260812,2977,エブレン,6599,東S,,"3,335",+90,+2.77%,10,12.6倍,0.99倍,1.74%
20260812,2978,コリー,4175,東G,,"2,789",0,0.00%,10,ー倍,3.19倍,ー%
20260812,2979,テンダ,4198,東S,,492,+4,+0.82%,10,40.8倍,1.26倍,4.47%
20260812,2980,ランドネット,2991,東S,,564,+10,+1.81%,10,5.10倍,1.07倍,1.97%
20260812,2981,セキュア,4264,東G,,"1,628",+9,+0.56%,10,24.7倍,2.52倍,ー%
20260812,2982,セカンドＸ,5028,東G,,388,+5,+1.31%,10,22.6倍,3.14倍,ー%
20260812,2983,ヤマイチ,2984,東S,,754,0,0.00%,10,5.61倍,0.48倍,4.11%
20260812,2984,ダイブＧ,151A,東G,,637,+3,+0.47%,10,9.91倍,1.98倍,ー%
20260812,2985,野村小売,1630,東Ｅ,,"38,980",+340,+0.88%,10,ー倍,ー倍,ー%
20260812,2986,ＹＴＬ,1773,東P,,87,ー,ー%,10,ー倍,ー倍,ー%
20260812,2987,大本組,1793,東S,,"2,010",-15,-0.74%,10,18.9倍,0.75倍,3.68%
20260812,2988,高橋ウォール,1994,東S,,558,0,0.00%,10,8.04倍,0.40倍,3.94%
20260812,2989,フジ日本,2114,東S,,634,+1,+0.16%,10,13.0倍,1.17倍,3.00%
20260812,2990,博展,2173,東G,,685,-7,-1.01%,10,6.57倍,2.25倍,3.94%
20260812,2991,成学社,2179,東S,,838,+1,+0.12%,10,7.65倍,1.19倍,3.94%
20260812,2992,リニカル,2183,東S,,210,+2,+0.96%,10,26.4倍,1.19倍,3.81%
20260812,2993,一パン,2215,東S,,623,+7,+1.14%,10,24.0倍,0.49倍,ー%
20260812,2994,Ｆ－ブレイン,3927,東S,,983,-7,-0.71%,10,16.0倍,2.48倍,1.63%
20260812,2995,ＧＷ,3936,東G,,160,0,0.00%,10,48.9倍,6.51倍,ー%
20260812,2996,エルテス,3967,東G,,600,+5,+0.84%,10,37.1倍,2.09倍,ー%
20260812,2997,アズジェント,4288,東S,,468,+3,+0.65%,10,35.7倍,3.54倍,ー%
20260812,2998,クリエート,5187,東S,,"1,132",+11,+0.98%,10,16.1倍,0.55倍,4.15%
20260812,2999,石塚硝,5204,東S,,"3,065",+15,+0.49%,10,5.97倍,0.33倍,2.35%
20260812,3000,美濃窯,5356,東S,,"1,274",+24,+1.92%,10,8.87倍,0.77倍,4.08%
20260812,3001,クニミネ,5388,東S,,"1,268",+8,+0.63%,10,11.4倍,0.69倍,3.15%
20260812,3002,日伸銅,5753,東S,,"2,440",-8,-0.33%,10,4.97倍,0.40倍,0.61%
20260812,3003,三洋工,5958,東S,,"4,675",-50,-1.06%,10,10.1倍,0.63倍,4.49%
20260812,3004,ウチヤマＨＤ,6059,東S,,361,+4,+1.12%,10,23.9倍,0.46倍,2.77%
20260812,3005,エンバイオＨ,6092,東S,,767,+4,+0.52%,10,9.02倍,0.67倍,3.13%
20260812,3006,西部電機,6144,東S,,"3,080",+40,+1.32%,10,15.4倍,1.31倍,2.92%
20260812,3007,北海コカ,2573,東S,,"4,000",-5,-0.12%,10,49.5倍,1.25倍,0.75%
20260812,3008,Ｙｓテーブル,2798,東S,,"3,055",0,0.00%,10,16.0倍,7.91倍,ー%
20260812,3009,ハブ,3030,東S,,849,+6,+0.71%,10,32.4倍,3.16倍,1.18%
20260812,3010,コモ,2224,東S,,"3,700",-5,-0.13%,9,62.7倍,5.85倍,0.19%
20260812,3011,ウィルズ,4482,東G,,744,+17,+2.34%,9,15.8倍,5.57倍,2.42%
20260812,3012,ジモティー,7082,東G,,"1,406",+1,+0.07%,9,36.1倍,7.54倍,ー%
20260812,3013,リビングＰＦ,7091,東G,,"1,209",+8,+0.67%,9,12.7倍,2.21倍,0.41%
20260812,3014,ココペリ,4167,東G,,311,+2,+0.65%,9,47.3倍,1.62倍,ー%
20260812,3015,ＭＸ米ＳＰ有,2630,東Ｅ,,"16,210",-70,-0.43%,9,ー倍,ー倍,ー%
20260812,3016,ｉＦＥ科創板,2628,東Ｅ,,"4,087",+18,+0.44%,9,ー倍,ー倍,ー%
20260812,3017,ＭＣＰｓ,4360,東S,,878,-31,-3.41%,9,ー倍,0.61倍,1.71%
20260812,3018,サインド,4256,東G,,972,-18,-1.82%,9,31.4倍,1.69倍,ー%
20260812,3019,ＭＨＴ,9218,東G,,756,+3,+0.40%,9,27.8倍,5.98倍,1.32%
20260812,3020,フクビ,7871,東S,,"1,008",-15,-1.47%,9,10.2倍,0.48倍,3.08%
20260812,3021,ユアサフナ,8006,東S,,"1,579",+7,+0.45%,9,11.2倍,0.63倍,2.09%
20260812,3022,Ｔｒａｉｌ,3358,東S,,95,+1,+1.06%,9,66.9倍,1.67倍,2.11%
20260812,3023,ソトー,3571,東S,,710,0,0.00%,9,ー倍,0.57倍,5.63%
20260812,3024,ｅｎｉｓｈ,3667,東S,,27,0,0.00%,9,ー倍,1.68倍,ー%
20260812,3025,インタートレ,3747,東S,,408,+6,+1.49%,9,37.6倍,2.48倍,ー%
20260812,3026,リスモン,3768,東S,,550,-18,-3.17%,9,17.3倍,0.72倍,3.00%
20260812,3027,Ｊエスコム,3779,東S,,132,-1,-0.75%,9,ー倍,3.07倍,ー%
20260812,3028,スプリックス,7030,東S,,"1,040",-2,-0.19%,9,13.1倍,1.81倍,3.65%
20260812,3029,ナンシン,7399,東S,,597,-6,-1.00%,9,15.3倍,0.32倍,3.35%
20260812,3030,タカショー,7590,東S,,398,+2,+0.51%,9,55.9倍,0.52倍,1.26%
20260812,3031,遠藤製作所,7841,東S,,"1,111",+2,+0.18%,9,9.79倍,0.42倍,3.60%
20260812,3032,ファースト住,8917,東S,,"1,151",-4,-0.35%,9,10.7倍,0.39倍,3.74%
20260812,3033,サンネクスタ,8945,東S,,"1,090",-53,-4.64%,9,27.5倍,1.28倍,4.04%
20260812,3034,ブティックス,9272,東G,,"1,407",-2,-0.14%,9,9.62倍,5.40倍,ー%
20260812,3035,いちごグリン,9282,東IF,,"46,500",-300,-0.64%,9,26.9倍,1.58倍,7.61%
20260812,3036,東陽倉,9306,東S,,"2,010",+29,+1.46%,9,13.1倍,0.51倍,3.73%
20260812,3037,クロップス,9428,東S,,"1,455",+65,+4.68%,9,7.42倍,1.02倍,2.20%
20260812,3038,フリージア,6343,東S,,148,0,0.00%,9,4.16倍,0.39倍,0.41%
20260812,3039,ディスラプタ,6538,東S,,262,+3,+1.16%,9,8.88倍,1.99倍,1.91%
20260812,3040,伊豆シャボ,6819,東S,,480,+5,+1.05%,9,9.09倍,1.41倍,4.17%
20260812,3041,バトンズ,554A,東G,,"1,498",+25,+1.70%,9,26.3倍,10.0倍,ー%
20260812,3042,ｉＳ国債〇一,570A,東Ｅ,,901.0,-0.2,-0.02%,9,ー倍,ー倍,ー%
20260812,3043,Ａ＆ＡＭ,5391,東S,,"1,482",-13,-0.87%,9,6.83倍,0.49倍,4.72%
20260812,3044,日鋳造,5609,東S,,936,+25,+2.74%,9,9.40倍,0.39倍,3.21%
20260812,3045,コロナ,5909,東S,,990,+2,+0.20%,9,48.3倍,0.38倍,2.83%
20260812,3046,高田機,5923,東S,,"1,153",-22,-1.87%,9,30.7倍,0.33倍,4.34%
20260812,3047,不二サッシ,5940,東S,,735,+5,+0.68%,9,5.76倍,0.37倍,4.08%
20260812,3048,ホーブ,1382,東S,,862,-18,-2.05%,9,36.5倍,0.95倍,5.80%
20260812,3049,サンヨーＨ,1420,東S,,630,+1,+0.16%,9,5.58倍,0.48倍,3.97%
20260812,3050,リブワーク,1431,東G,,650,-1,-0.15%,9,79.6倍,3.48倍,0.98%
20260812,3051,ＭＸ海外株式,1550,東Ｅ,,"8,237",+30,+0.37%,9,ー倍,ー倍,ー%
20260812,3052,日和産,2055,東S,,345,+4,+1.17%,9,20.8倍,0.32倍,1.74%
20260812,3053,ファーストＡ,5588,東G,,861,+3,+0.35%,9,46.1倍,6.34倍,0.45%
20260812,3054,ＧＸホリ日Ｒ,2098,東Ｅ,,989,+5,+0.51%,9,ー倍,ー倍,ー%
20260812,3055,早稲田学習研,5869,東S,,"1,231",+6,+0.49%,9,11.9倍,1.71倍,5.28%
20260812,3056,Ｓワイヤー,3929,東G,,260,+9,+3.59%,9,9.31倍,1.72倍,ー%
20260812,3057,ビーブレイク,3986,東S,,497,+1,+0.20%,8,21.6倍,1.27倍,3.22%
20260812,3058,アセチレン,4093,東S,,413,-5,-1.20%,8,12.0倍,0.75倍,3.39%
20260812,3059,竹本容器,4248,東S,,888,+4,+0.45%,8,11.9倍,0.86倍,4.28%
20260812,3060,ミンカブ,4436,東G,,456,0,0.00%,8,14.0倍,4.85倍,ー%
20260812,3061,イマジニア,4644,東S,,"1,055",+3,+0.29%,8,20.4倍,0.83倍,5.69%
20260812,3062,昭和真空,6384,東S,,"1,653",+12,+0.73%,8,18.3倍,0.88倍,4.23%
20260812,3063,油研工,6393,東S,,"3,035",-5,-0.16%,8,10.8倍,0.45倍,4.94%
20260812,3064,ハナツアーＪ,6561,東G,,835,-5,-0.60%,8,7.36倍,2.36倍,5.03%
20260812,3065,ＣＧＳＨＤ,6633,東S,,321,-4,-1.23%,8,14.3倍,0.93倍,3.12%
20260812,3066,ＯＳＧコーポ,6757,東S,,885,+15,+1.72%,8,15.4倍,1.97倍,4.52%
20260812,3067,大井電気,6822,東S,,"4,730",-50,-1.05%,8,2.49倍,0.72倍,1.69%
20260812,3068,ヴィアＨＤ,7918,東S,,105,+1,+0.96%,8,159倍,-1.1倍,ー%
20260812,3069,コイケヤ,2226,東S,,"4,825",+5,+0.10%,8,19.8倍,2.41倍,1.14%
20260812,3070,サーティワン,2268,東S,,"4,060",0,0.00%,8,21.7倍,2.55倍,1.48%
20260812,3071,野村新興国株,2520,東Ｅ,,"2,335",+22,+0.95%,8,ー倍,ー倍,ー%
20260812,3072,ｉＳロボット,2522,東Ｅ,,"9,098",+51,+0.56%,8,ー倍,ー倍,ー%
20260812,3073,かどや製油,2612,東S,,"1,746",-23,-1.30%,8,23.5倍,1.30倍,2.69%
20260812,3074,石光商事,2750,東S,,"1,287",+17,+1.34%,8,5.79倍,0.74倍,4.27%
20260812,3075,ヤマザワ,9993,東S,,"1,190",0,0.00%,8,27.2倍,0.45倍,2.27%
20260812,3076,東証リート,2555,東Ｅ,,"1,873.0",+10.0,+0.54%,8,ー倍,ー倍,ー%
20260812,3077,サイバーバズ,7069,東G,,625,+3,+0.48%,8,13.8倍,5.73倍,ー%
20260812,3078,ｒａｋｕｍｏ,4060,東G,,"1,180",+13,+1.11%,8,21.7倍,3.66倍,1.19%
20260812,3079,ビイングＨＤ,9145,東S,,568,-5,-0.87%,8,9.71倍,1.69倍,2.64%
20260812,3080,シキノＨＴ,6614,東S,,870,-6,-0.68%,8,46.7倍,1.70倍,1.72%
20260812,3081,Ｚｅｎｋｅｎ,7371,東G,,748,0,0.00%,8,26.0倍,0.72倍,3.48%
20260812,3082,グローバルＳ,7126,東S,,"1,404",-7,-0.50%,8,8.96倍,1.45倍,3.35%
20260812,3083,ＢｅｅＸ,4270,東G,,"1,850",+24,+1.31%,8,9.18倍,1.35倍,1.35%
20260812,3084,フルハシＥ,9221,東S,,"1,255",+23,+1.87%,8,16.4倍,2.35倍,2.55%
20260812,3085,東部ネット,9036,東S,,"1,343",-27,-1.97%,8,28.4倍,0.35倍,1.49%
20260812,3086,日石輸,9074,東S,,"5,100",-80,-1.54%,8,ー倍,0.58倍,2.35%
20260812,3087,大東港運,9367,東S,,"1,948",+30,+1.56%,8,21.1倍,1.58倍,1.59%
20260812,3088,ベルパーク,9441,東S,,"2,864",+9,+0.32%,8,7.54倍,1.18倍,5.03%
20260812,3089,ＳＥＨＩ,9478,東S,,526,0,0.00%,8,15.9倍,0.67倍,0.76%
20260812,3090,セゾンテク,9640,東S,,"2,018",-4,-0.20%,8,32.7倍,2.41倍,4.46%
20260812,3091,ＫＳＫ,9687,東S,,"4,400",0,0.00%,8,11.6倍,1.48倍,4.32%
20260812,3092,アゴーラＨＧ,9704,東S,,31,0,0.00%,8,33.0倍,1.49倍,ー%
20260812,3093,ロイヤルホ,9713,東S,,903,+2,+0.22%,8,17.3倍,0.78倍,0.66%
20260812,3094,旭情報,9799,東S,,927,-8,-0.86%,8,11.6倍,1.16倍,3.67%
20260812,3095,ジェネックス,9820,東S,,"3,790",-40,-1.04%,8,9.58倍,0.90倍,1.06%
20260812,3096,フィルＣ,3267,東S,,639,+11,+1.75%,8,12.7倍,1.05倍,3.91%
20260812,3097,トラストＨＤ,3286,東S,,893,-5,-0.56%,8,17.3倍,7.63倍,2.02%
20260812,3098,アルファＣｏ,3434,東S,,"1,228",-3,-0.24%,8,11.8倍,0.31倍,4.15%
20260812,3099,イノベＨＤ,3484,東S,,"1,083",+3,+0.28%,8,14.3倍,3.93倍,3.14%
20260812,3100,ＰバンＣＯＭ,3559,東S,,440,+7,+1.62%,8,16.2倍,1.44倍,2.27%
20260812,3101,ユニネク,3566,東G,,772,+11,+1.45%,8,13.0倍,1.92倍,0.78%
20260812,3102,ピアラ,7044,東S,,512,+12,+2.40%,8,16.8倍,5.73倍,ー%
20260812,3103,今村証券,7175,東S,,"1,700",-3,-0.18%,8,ー倍,0.64倍,ー%
20260812,3104,イントラスト,7191,東S,,"1,140",-1,-0.09%,8,13.9倍,3.16倍,4.34%
20260812,3105,ＴＢＫ,7277,東S,,349,+1,+0.29%,8,18.5倍,0.35倍,2.29%
20260812,3106,尾家産,7481,東S,,"2,540",-8,-0.31%,8,7.38倍,1.22倍,4.09%
20260812,3107,ヒマラヤ,7514,東S,,877,-1,-0.11%,8,33.6倍,0.67倍,2.96%
20260812,3108,永大産業,7822,東S,,255,-1,-0.39%,8,5.64倍,0.27倍,3.92%
20260812,3109,アイズ,5242,東G,,"2,133",-14,-0.65%,8,730倍,3.64倍,ー%
20260812,3110,ジェノバ,5570,東G,,613,+8,+1.32%,8,14.9倍,2.22倍,1.14%
20260812,3111,エリッツＨＤ,5533,東S,,"1,927",-80,-3.99%,8,9.45倍,1.16倍,3.63%
20260812,3112,北海電工,1832,札証,,"1,421",-16,-1.11%,8,8.56倍,0.79倍,1.41%
20260812,3113,ＧＸ超長米Ｈ,179A,東Ｅ,,243.0,-0.9,-0.37%,8,ー倍,ー倍,ー%
20260812,3114,ＧＸＡＩビグ,223A,東Ｅ,,"1,803",+9,+0.50%,8,ー倍,ー倍,ー%
20260812,3115,リスキル,291A,東G,,"1,888",+96,+5.36%,8,9.73倍,2.04倍,ー%
20260812,3116,Ｄｅｆコン,4833,東G,,44,+1,+2.33%,8,2.38倍,1.33倍,ー%
20260812,3117,フジマック,5965,東S,,"1,148",-12,-1.03%,8,3.58倍,0.52倍,5.23%
20260812,3118,共和工業,5971,東S,,"7,860",-180,-2.24%,8,16.7倍,0.59倍,1.02%
20260812,3119,イワブチ,5983,東S,,"14,060",+50,+0.36%,8,21.5倍,0.72倍,2.35%
20260812,3120,イード,6038,東G,,830,+19,+2.34%,8,12.0倍,0.81倍,2.77%
20260812,3121,レントラクス,6045,東G,,"1,688",+18,+1.08%,8,14.6倍,2.24倍,1.48%
20260812,3122,土木管理,6171,東S,,382,+1,+0.26%,8,12.0倍,1.04倍,3.14%
20260812,3123,ＧＭＯメディ,6180,東G,,"3,815",+15,+0.39%,8,11.8倍,2.40倍,5.50%
20260812,3124,ＩＡＣＥトラ,343A,東S,,"1,370",0,0.00%,8,10.9倍,1.52倍,2.77%
20260812,3125,ＧＭＯテック,415A,東G,,"4,845",+35,+0.73%,8,17.3倍,2.09倍,5.71%
20260812,3126,Ｊファーマ,520A,東G,,294,+4,+1.38%,8,ー倍,1.51倍,ー%
20260812,3127,エムビーエス,1401,東G,,"1,326",+28,+2.16%,8,ー倍,2.37倍,ー%
20260812,3128,野村機械,1624,東Ｅ,,"88,250","+1,230",+1.41%,8,ー倍,ー倍,ー%
20260812,3129,野村不動産,1633,東Ｅ,,"48,810",-10,-0.02%,8,ー倍,ー倍,ー%
20260812,3130,上場外債毎月,1677,東Ｅ,,"59,900",+300,+0.50%,8,ー倍,ー倍,ー%
20260812,3131,上場ＭＳコク,1680,東Ｅ,,"8,453",+33,+0.39%,8,ー倍,ー倍,ー%
20260812,3132,ＮＹダウベア,2041,東EN,,"1,917",+4,+0.21%,8,ー倍,ー倍,ー%
20260812,3133,上場米債ヘ有,1487,東Ｅ,,"11,770",-15,-0.13%,7,ー倍,ー倍,ー%
20260812,3134,上場新興国債,1566,東Ｅ,,"53,820",+80,+0.15%,7,ー倍,ー倍,ー%
20260812,3135,ｉＳ先進国株,1657,東Ｅ,,"7,390",+34,+0.46%,7,ー倍,ー倍,ー%
20260812,3136,ｉＳ新興国株,1658,東Ｅ,,"4,310",+36,+0.84%,7,ー倍,ー倍,ー%
20260812,3137,土屋ＨＤ,1840,東S,,249,+1,+0.40%,7,24.7倍,0.53倍,4.02%
20260812,3138,富士ＰＳ,1848,東S,,694,+8,+1.17%,7,12.1倍,0.92倍,3.60%
20260812,3139,名工建,1869,名M,,"1,903",-2,-0.10%,7,8.73倍,0.56倍,3.47%
20260812,3140,ＮＹダウブル,2040,東EN,,"40,560",-300,-0.73%,7,ー倍,ー倍,ー%
20260812,3141,ＣＤＳ,2169,東S,,"1,713",-2,-0.12%,7,17.6倍,1.32倍,4.32%
20260812,3142,買取王国,3181,東S,,"1,091",+16,+1.49%,7,9.98倍,1.15倍,1.01%
20260812,3143,ウイルプラス,3538,東S,,947,+10,+1.07%,7,7.67倍,0.76倍,4.86%
20260812,3144,ほぼ日,3560,東S,,"4,315",+35,+0.82%,7,20.9倍,1.79倍,2.09%
20260812,3145,ＡＧＳ,3648,東S,,"1,045",+6,+0.58%,7,9.54倍,1.09倍,3.44%
20260812,3146,ＷＨＤＣ,3823,東S,,30,0,0.00%,7,ー倍,2.92倍,ー%
20260812,3147,モバファク,3912,東S,,"1,104",+5,+0.45%,7,8.75倍,2.87倍,4.62%
20260812,3148,ソノコム,7902,東S,,"1,080",-40,-3.57%,7,22.0倍,0.41倍,1.20%
20260812,3149,フジコピアン,7957,東S,Ｓ,"2,390",+400,+20.10%,7,2.96倍,0.43倍,7.11%
20260812,3150,カノークス,8076,東S,,"2,100",+9,+0.43%,7,10.0倍,0.62倍,5.05%
20260812,3151,テンアライド,8207,東S,,294,+1,+0.34%,7,245倍,9.99倍,ー%
20260812,3152,アバンティア,8904,東S,,867,+2,+0.23%,7,10.5倍,0.45倍,4.38%
20260812,3153,古林紙,3944,東S,,"3,050",+175,+6.09%,7,13.7倍,0.32倍,1.64%
20260812,3154,昭和パックス,3954,東S,,"3,170",+150,+4.97%,7,10.3倍,0.50倍,1.58%
20260812,3155,シンクロ,3963,東P,,359,+7,+1.99%,7,71.4倍,2.12倍,4.18%
20260812,3156,うるる,3979,東G,,421,+9,+2.18%,7,14.8倍,3.13倍,1.02%
20260812,3157,すららネット,3998,東G,,299,-5,-1.64%,7,ー倍,0.86倍,ー%
20260812,3158,ニックス,4243,東S,,985,0,0.00%,7,12.0倍,0.47倍,2.03%
20260812,3159,応用技術,4356,東S,,"1,685",+5,+0.30%,7,12.3倍,1.52倍,2.37%
20260812,3160,東名,4439,東S,,763,+2,+0.26%,7,8.88倍,2.05倍,1.70%
20260812,3161,バーチャレク,6193,東G,,"1,053",+13,+1.25%,7,11.5倍,1.84倍,1.42%
20260812,3162,横田製,6248,東S,,"1,769",-11,-0.62%,7,11.0倍,1.07倍,3.39%
20260812,3163,電業社,6365,東S,,"5,590",-10,-0.18%,7,9.10倍,0.75倍,3.40%
20260812,3164,ＵＭＣエレ,6615,東P,,234,-5,-2.09%,7,ー倍,0.59倍,ー%
20260812,3165,ユビテック,6662,東S,,222,+1,+0.45%,7,ー倍,2.14倍,ー%
20260812,3166,オプトエレ,6664,東S,,237,-5,-2.07%,7,ー倍,0.47倍,ー%
20260812,3167,和田興産,8931,東S,,"1,400",+3,+0.21%,7,7.30倍,0.44倍,4.29%
20260812,3168,ヒガシＨＤ,9029,東S,,"1,957",+2,+0.10%,7,9.51倍,1.57倍,3.17%
20260812,3169,シルバライフ,9262,東S,,663,+8,+1.22%,7,8.94倍,0.98倍,2.71%
20260812,3170,ファイズＨＤ,9325,東S,,"1,082",+2,+0.19%,7,8.32倍,2.48倍,3.51%
20260812,3171,伊勢湾,9359,名M,,969,-11,-1.12%,7,9.88倍,0.48倍,3.10%
20260812,3172,鈴与シンワ,9360,東S,,"2,755",-6,-0.22%,7,6.53倍,1.43倍,4.36%
20260812,3173,ビート,9399,東S,,12,0,0.00%,7,ー倍,ー倍,ー%
20260812,3174,フォーバルＲ,9423,東S,,103,-1,-0.96%,7,20.0倍,3.61倍,2.91%
20260812,3175,ベリテ,9904,東S,,240,0,0.00%,7,15.6倍,1.54倍,2.50%
20260812,3176,ＫＯＺＯＨＤ,9973,東S,,20,0,0.00%,7,111倍,10.8倍,ー%
20260812,3177,タウンＮ,2481,東S,,656,-10,-1.50%,7,7.96倍,0.64倍,3.35%
20260812,3178,野村外国株式,2513,東Ｅ,,"3,658",+14,+0.38%,7,ー倍,ー倍,ー%
20260812,3179,上場リートＭ,2552,東Ｅ,,"1,945",+9,+0.46%,7,ー倍,ー倍,ー%
20260812,3180,和弘食品,2813,東S,,"3,915",-40,-1.01%,7,8.66倍,0.94倍,2.81%
20260812,3181,ピエトロ,2818,東S,,"1,755",-9,-0.51%,7,ー倍,2.01倍,1.37%
20260812,3182,銚子丸,3075,東S,,"1,708",+1,+0.06%,7,27.3倍,2.36倍,0.88%
20260812,3183,タキヒヨー,9982,東S,,"2,450",+5,+0.20%,7,12.8倍,0.64倍,2.04%
20260812,3184,浜木綿,7682,東S,,"3,905",0,0.00%,7,46.3倍,4.97倍,0.44%
20260812,3185,セルソース,4880,東S,,331,+1,+0.30%,7,ー倍,1.12倍,ー%
20260812,3186,関通ＨＤ,9326,東G,,497,0,0.00%,7,19.0倍,2.38倍,2.01%
20260812,3187,上場ＥＳＧリ,2566,東Ｅ,,"1,030",+1,+0.10%,7,ー倍,ー倍,ー%
20260812,3188,アクシージア,4936,東S,,318,-1,-0.31%,7,ー倍,0.96倍,3.14%
20260812,3189,ＤＮＨＤ,7377,東S,,"1,686",-2,-0.12%,7,7.50倍,0.80倍,4.45%
20260812,3190,一家ＨＤ,7127,東S,,700,-3,-0.43%,7,22.5倍,5.23倍,ー%
20260812,3191,上場豪債ヘ無,2844,東Ｅ,,"5,526",+19,+0.35%,7,ー倍,ー倍,ー%
20260812,3192,フラー,387A,東G,,"1,050",+51,+5.11%,7,11.4倍,1.50倍,ー%
20260812,3193,防衛航空欧州,498A,東EN,,"10,060",+241,+2.45%,7,ー倍,ー倍,ー%
20260812,3194,ＱＱＱ,587A,東Ｅ,,"114,800",-150,-0.13%,7,ー倍,ー倍,ー%
20260812,3195,野村政策,605A,東Ｅ,,200.2,-0.8,-0.40%,7,ー倍,ー倍,ー%
20260812,3196,プロパテクノ,5527,東G,,692,+12,+1.76%,7,6.63倍,0.99倍,3.61%
20260812,3197,ＳＨＩＮＫＯ,7120,東S,,"1,039",+5,+0.48%,7,7.18倍,2.15倍,4.23%
20260812,3198,オンザページ,9160,東S,,306,+2,+0.66%,7,7.13倍,1.17倍,ー%
20260812,3199,第一交通,9035,福証,,739,+2,+0.27%,7,11.0倍,0.55倍,3.38%
20260812,3200,アヴィレン,5591,東G,,800,+10,+1.27%,7,22.1倍,6.37倍,ー%
20260812,3201,ＳＴＧ,5858,東G,,"1,336",+1,+0.07%,7,11.0倍,0.80倍,1.50%
20260812,3202,ＧＸ革新優良,178A,東Ｅ,,"1,697",+4,+0.24%,7,ー倍,ー倍,ー%
20260812,3203,ＧＸ印１０＋,188A,東Ｅ,,886,-10,-1.12%,7,ー倍,ー倍,ー%
20260812,3204,ポスプラ,198A,東G,,158,+2,+1.28%,7,ー倍,2.53倍,ー%
20260812,3205,Ｈｍｃｏｍｍ,265A,東G,,675,+20,+3.05%,7,124倍,1.62倍,ー%
20260812,3206,タレントＸ,330A,東G,,477,-3,-0.63%,7,24.3倍,2.82倍,ー%
20260812,3207,共栄セキュリ,7058,東S,,"2,900",-82,-2.75%,7,ー倍,0.85倍,3.10%
20260812,3208,近畿車,7122,東S,,"2,330",-10,-0.43%,7,16.0倍,0.45倍,2.15%
20260812,3209,島根銀行,7150,東S,,486,-1,-0.21%,7,26.0倍,0.75倍,2.06%
20260812,3210,カネミツ,7208,東S,,"1,303",+8,+0.62%,7,9.80倍,0.53倍,3.15%
20260812,3211,イクヨ,7273,東S,,607,+2,+0.33%,7,290倍,1.33倍,0.49%
20260812,3212,ナ・デックス,7435,東S,,"1,279",+3,+0.24%,7,9.61倍,0.50倍,3.13%
20260812,3213,ハリマ共和,7444,東S,,"1,985",-20,-1.00%,7,8.69倍,0.41倍,3.02%
20260812,3214,安楽亭,7562,東S,,"3,785",0,0.00%,7,22.9倍,2.11倍,0.40%
20260812,3215,うかい,7621,東S,,"3,410",+10,+0.29%,7,ー倍,3.92倍,0.44%
20260812,3216,オーウエル,7670,東S,,"1,175",-3,-0.25%,7,6.23倍,0.50倍,4.68%
20260812,3217,メディキット,7749,東S,,"2,836",-40,-1.39%,7,14.4倍,0.88倍,3.53%
20260812,3218,メディシノバ,4875,東S,,210,+1,+0.48%,7,ー倍,ー倍,ー%
20260812,3219,ＢＰカストロ,5015,東S,,999,0,0.00%,7,20.1倍,2.24倍,5.01%
20260812,3220,ニッコー,5343,名M,,186,+1,+0.54%,7,ー倍,1.93倍,ー%
20260812,3221,大谷工業,5939,東S,,"4,850",+45,+0.94%,7,14.5倍,0.85倍,0.62%
20260812,3222,旭コン,5268,東S,,856,+11,+1.30%,6,24.0倍,0.88倍,1.99%
20260812,3223,鋳鉄管,5612,東S,,"1,560",-24,-1.52%,6,23.9倍,0.51倍,1.60%
20260812,3224,パウダテック,5695,東S,,"3,020",+10,+0.33%,6,26.7倍,0.70倍,3.31%
20260812,3225,パワーファス,5950,東S,,148,0,0.00%,6,29.1倍,0.92倍,1.69%
20260812,3226,ＴＯＮＥ,5967,東S,,488,+1,+0.21%,6,10.1倍,0.87倍,2.66%
20260812,3227,トーアミ,5973,東S,,615,+4,+0.65%,6,11.7倍,0.31倍,2.93%
20260812,3228,高松機械,6155,東S,,537,-1,-0.19%,6,43.6倍,0.36倍,1.86%
20260812,3229,鉄人化ＨＤ,2404,東S,,564,+3,+0.53%,6,18.4倍,7.16倍,ー%
20260812,3230,アスカネット,2438,東G,,344,+5,+1.47%,6,16.4倍,0.97倍,2.03%
20260812,3231,農中４００,2526,東Ｅ,,"38,380",+280,+0.73%,6,ー倍,ー倍,ー%
20260812,3232,あじかん,2907,東S,,"1,506",-10,-0.66%,6,9.80倍,0.62倍,3.85%
20260812,3233,セキュアヴェ,3042,東S,,299,+2,+0.67%,6,24.2倍,1.79倍,1.00%
20260812,3234,きちりＨＤ,3082,東S,,960,0,0.00%,6,31.0倍,5.18倍,0.78%
20260812,3235,ＡＰＨＤ,3175,東S,,949,+2,+0.21%,6,20.7倍,-51倍,ー%
20260812,3236,福島印刷,7870,名M,,407,+3,+0.74%,6,41.3倍,0.41倍,2.46%
20260812,3237,ミロク,7983,東S,,"1,036",0,0.00%,6,4.99倍,0.26倍,0.97%
20260812,3238,ムーンバット,8115,東S,,"1,320",-8,-0.60%,6,9.92倍,0.97倍,4.09%
20260812,3239,ヤマトインタ,8127,東S,,578,-3,-0.52%,6,58.9倍,0.68倍,2.42%
20260812,3240,ｕｎｂａｎｋ,8746,東S,,91,-3,-3.19%,6,ー倍,0.54倍,ー%
20260812,3241,技研ＨＤ,1443,東S,,264,+1,+0.38%,6,6.70倍,0.33倍,0.42%
20260812,3242,上場Ａリート,1555,東Ｅ,,"2,530",-4,-0.16%,6,ー倍,ー倍,ー%
20260812,3243,ＳＤＳＨＤ,1711,東S,,242,0,0.00%,6,417倍,4.32倍,ー%
20260812,3244,協和日成,1981,東S,,"1,315",+2,+0.15%,6,10.6倍,0.68倍,3.95%
20260812,3245,高配株米ドル,2048,東EN,,"55,440",ー,ー%,6,ー倍,ー倍,ー%
20260812,3246,地域新聞社,2164,東S,,153,-1,-0.65%,6,ー倍,2.61倍,ー%
20260812,3247,フライングＧ,3317,東S,,"1,468",+7,+0.48%,6,12.1倍,1.15倍,1.16%
20260812,3248,フエルト,3512,東S,,939,+1,+0.11%,6,31.4倍,0.67倍,2.98%
20260812,3249,Ｕ＆Ｃ,3557,東G,,572,+7,+1.24%,6,"1,430倍",5.77倍,ー%
20260812,3250,メディカルＮ,3645,東G,,244,0,0.00%,6,15.5倍,1.13倍,1.23%
20260812,3251,アスリナ,3647,東S,,113,-2,-1.74%,6,ー倍,2.98倍,ー%
20260812,3252,モルフォ,3653,東G,,680,+3,+0.44%,6,ー倍,1.19倍,ー%
20260812,3253,岡山製紙,3892,東S,,"1,563",+33,+2.16%,6,11.5倍,0.50倍,3.20%
20260812,3254,遠州トラック,9057,東S,,"3,255",+100,+3.17%,6,11.6倍,0.98倍,2.95%
20260812,3255,ウィルソンＷ,9610,東S,,105,+2,+1.94%,6,ー倍,1.52倍,ー%
20260812,3256,東洋テク,9686,東S,,"1,636",-2,-0.12%,6,13.7倍,0.75倍,4.34%
20260812,3257,ＮＣＳ＆Ａ,9709,東S,,"1,368",+3,+0.22%,6,11.1倍,1.49倍,4.24%
20260812,3258,コックス,9876,東S,,222,+4,+1.83%,6,5.68倍,0.58倍,ー%
20260812,3259,サインポスト,3996,東S,,195,-1,-0.51%,6,28.1倍,1.32倍,2.56%
20260812,3260,タカギセイコ,4242,東S,,"1,800",+20,+1.12%,6,8.15倍,0.39倍,3.33%
20260812,3261,Ｊストリーム,4308,東G,,355,+1,+0.28%,6,16.5倍,0.84倍,3.94%
20260812,3262,ＩＰＳＨＤ,4335,東S,,"1,090",-3,-0.27%,6,9.38倍,1.40倍,3.49%
20260812,3263,Ｍマート,4380,東G,,645,-8,-1.23%,6,13.8倍,2.96倍,4.03%
20260812,3264,昭和システム,4752,東S,,"1,550",+30,+1.97%,6,9.19倍,1.13倍,3.94%
20260812,3265,さくらＫＣＳ,4761,東S,,"1,422",-4,-0.28%,6,12.8倍,0.77倍,4.36%
20260812,3266,ＸＮＥＴ,4762,東S,,"1,916",-7,-0.36%,6,17.8倍,2.45倍,3.65%
20260812,3267,高見サイ,6424,東S,,891,-13,-1.44%,6,7.15倍,0.62倍,2.58%
20260812,3268,オーイズミ,6428,東S,,324,-3,-0.92%,6,12.2倍,0.39倍,3.70%
20260812,3269,ＫＶＫ,6484,東S,,"2,251",-21,-0.92%,6,8.21倍,0.58倍,3.78%
20260812,3270,ゲームウィズ,6552,東S,,177,+3,+1.72%,6,ー倍,1.14倍,ー%
20260812,3271,コレックＨＤ,6578,東S,,500,0,0.00%,6,17.8倍,4.08倍,1.80%
20260812,3272,トラースＯＰ,6696,東G,,299,+6,+2.05%,6,ー倍,4.70倍,ー%
20260812,3273,プロレド,7034,東P,,384,+12,+3.23%,6,ー倍,0.60倍,ー%
20260812,3274,アルー,7043,東G,,947,+9,+0.96%,6,9.79倍,1.57倍,1.16%
20260812,3275,ハウテレ,7064,東S,,869,+10,+1.16%,6,87.4倍,1.57倍,ー%
20260812,3276,ピアズ,7066,東G,,480,+5,+1.05%,6,16.0倍,1.50倍,ー%
20260812,3277,ユニバンス,7254,東S,,810,-10,-1.22%,6,8.50倍,0.55倍,2.47%
20260812,3278,エコーＴＤ,7427,東S,,834,+14,+1.71%,6,6.74倍,0.43倍,3.60%
20260812,3279,オータケ,7434,東S,,"1,798",+31,+1.75%,6,8.26倍,0.42倍,2.22%
20260812,3280,ヤガミ,7488,名M,,"4,855",-25,-0.51%,6,17.3倍,1.83倍,5.77%
20260812,3281,アイナボＨＤ,7539,東S,,792,+6,+0.76%,6,11.5倍,0.68倍,3.28%
20260812,3282,プリントＮ,7805,東S,,746,0,0.00%,6,9.75倍,0.81倍,1.74%
20260812,3283,クラシコ,442A,東G,,971,+8,+0.83%,6,13.4倍,1.23倍,ー%
20260812,3284,ＳＳ米高配,451A,東Ｅ,,303.0,-3.0,-0.98%,6,ー倍,ー倍,ー%
20260812,3285,テラテクノ,483A,東S,,"2,220",+3,+0.14%,6,8.72倍,1.31倍,4.05%
20260812,3286,蔵王産業,9986,東S,,"2,490",-8,-0.32%,6,18.0倍,1.05倍,4.02%
20260812,3287,Ｃマネージ,4491,東S,,"3,235",0,0.00%,6,12.9倍,1.53倍,1.85%
20260812,3288,ジオコード,7357,東S,,"1,706",+24,+1.43%,6,44.6倍,4.38倍,1.47%
20260812,3289,カイゼン,4170,東G,,118,+1,+0.85%,6,101倍,0.68倍,ー%
20260812,3290,アイスコ,7698,東S,,"2,664",+24,+0.91%,6,21.5倍,2.53倍,0.79%
20260812,3291,ワンプラ,4199,東G,,781,-11,-1.39%,6,ー倍,6.57倍,ー%
20260812,3292,ＩＮＥＳＴ,7111,東S,,478,-13,-2.65%,6,11.6倍,0.68倍,ー%
20260812,3293,ビジコーチ,9562,東G,,549,+10,+1.86%,6,465倍,1.78倍,3.10%
20260812,3294,上場ＳＰイ１,2240,東Ｅ,,"5,258",+28,+0.54%,6,ー倍,ー倍,ー%
20260812,3295,ＯＢシステム,5576,東S,,"2,946",+27,+0.92%,6,9.53倍,1.21倍,4.24%
20260812,3296,筑邦銀,8398,福証,,"2,100",+73,+3.60%,6,7.94倍,0.32倍,2.86%
20260812,3297,ｉＳＨＹ社債,2258,東Ｅ,,226.7,+1.4,+0.62%,6,ー倍,ー倍,ー%
20260812,3298,ココリブ,137A,東G,,724,+16,+2.26%,6,16.8倍,2.02倍,ー%
20260812,3299,エルイズビー,145A,東G,,929,+27,+2.99%,6,26.6倍,2.50倍,ー%
20260812,3300,ｉＳ国債７,236A,東Ｅ,,438.9,-1.6,-0.36%,6,ー倍,ー倍,ー%
20260812,3301,フォルシア,304A,東G,,"1,920",0,0.00%,6,8.60倍,1.17倍,ー%
20260812,3302,ペットゴー,7140,東G,,803,-12,-1.47%,5,21.8倍,1.83倍,ー%
20260812,3303,上場仏債ヘ無,2861,東Ｅ,,"5,646",+4,+0.07%,5,ー倍,ー倍,ー%
20260812,3304,フリーダム,8996,東S,,"1,097",+24,+2.24%,5,6.23倍,1.06倍,5.01%
20260812,3305,ココルポート,9346,東G,,"1,718",+3,+0.17%,5,11.0倍,2.02倍,3.55%
20260812,3306,ブリッジＧ,9225,東G,,969,-18,-1.82%,5,22.8倍,1.61倍,ー%
20260812,3307,ＱＬＳＨＤ,7075,東G,,851,+1,+0.12%,5,8.78倍,2.80倍,1.29%
20260812,3308,日本乾溜工,1771,福証,,935,-3,-0.32%,5,17.6倍,1.19倍,3.85%
20260812,3309,豊和銀,8559,福証,,481,+3,+0.63%,5,6.83倍,0.52倍,2.08%
20260812,3310,エスネット,5867,東G,,"1,204",-2,-0.17%,5,9.41倍,1.98倍,ー%
20260812,3311,ＳＯＬＩＺＥ,5871,東S,,"1,350",0,0.00%,5,24.2倍,0.65倍,4.07%
20260812,3312,ＶＰＪ,334A,東G,,925,-9,-0.96%,5,15.0倍,2.31倍,ー%
20260812,3313,キャピタルＡ,3965,東S,,880,0,0.00%,5,9.56倍,1.31倍,2.95%
20260812,3314,ＳＩＧＧ,4386,東S,,885,+15,+1.72%,5,10.1倍,1.77倍,3.73%
20260812,3315,アトミクス,4625,東S,,794,+3,+0.38%,5,8.46倍,0.37倍,2.52%
20260812,3316,ナトコ,4627,東S,,"1,762",+7,+0.40%,5,13.3倍,0.53倍,3.06%
20260812,3317,南プラ,7887,東S,,"1,552",-8,-0.51%,5,5.02倍,0.28倍,2.58%
20260812,3318,野崎紙,7919,東S,,215,+2,+0.94%,5,5.70倍,0.73倍,3.58%
20260812,3319,興研,7963,東S,,"1,812",+10,+0.55%,5,10.6倍,0.64倍,1.93%
20260812,3320,アサックス,8772,東S,,872,-3,-0.34%,5,6.98倍,0.54倍,2.52%
20260812,3321,ＲＩＳＥ,8836,東S,,28,+1,+3.70%,5,ー倍,-1.2倍,ー%
20260812,3322,ネクスウェア,4814,東S,,161,+2,+1.26%,5,68.2倍,2.69倍,ー%
20260812,3323,相模ゴ,5194,東S,,644,+4,+0.63%,5,116倍,0.58倍,1.55%
20260812,3324,トーヨアサノ,5271,東S,,"2,278",+2,+0.09%,5,10.7倍,0.77倍,3.73%
20260812,3325,ダントーＨＤ,5337,東S,,829,-1,-0.12%,5,ー倍,3.38倍,ー%
20260812,3326,アサヒエイト,5341,東S,,146,+3,+2.10%,5,ー倍,0.92倍,ー%
20260812,3327,カナレ電気,5819,東S,,"1,741",+2,+0.12%,5,10.1倍,0.61倍,3.79%
20260812,3328,アビスト,6087,東S,,"3,495",0,0.00%,5,23.6倍,1.95倍,2.92%
20260812,3329,ＳＭＮ,6185,東S,,367,+3,+0.82%,5,10.8倍,1.25倍,ー%
20260812,3330,エプコ,2311,東S,,787,-5,-0.63%,5,14.5倍,1.50倍,4.45%
20260812,3331,プラネット,2391,東S,,"1,176",-3,-0.25%,5,18.8倍,1.45倍,3.74%
20260812,3332,シダー,2435,東S,,218,+2,+0.93%,5,9.41倍,1.25倍,3.67%
20260812,3333,アウン,2459,東S,,174,0,0.00%,5,ー倍,4.25倍,ー%
20260812,3334,野村外国債Ｈ,2512,東Ｅ,,730.1,-1.7,-0.23%,5,ー倍,ー倍,ー%
20260812,3335,久世,2708,東S,,"2,012",+13,+0.65%,5,6.65倍,0.96倍,2.24%
20260812,3336,ヴィレッジＶ,2769,東S,,897,-1,-0.11%,5,"1,165倍",8.40倍,ー%
20260812,3337,セイヒョー,2872,東S,,"1,996",+1,+0.05%,5,29.5倍,1.96倍,0.90%
20260812,3338,石井食,2894,東S,,342,0,0.00%,5,81.4倍,1.45倍,1.17%
20260812,3339,イフジ産業,2924,東S,,"1,932",-8,-0.41%,5,7.79倍,1.24倍,3.57%
20260812,3340,富士山ＭＳ,3138,東S,,"1,121",-13,-1.15%,5,309倍,1.61倍,1.43%
20260812,3341,大光,3160,東S,,579,-1,-0.17%,5,20.7倍,1.32倍,2.59%
20260812,3342,ありがとうＳ,3177,東S,,"4,170",-55,-1.30%,5,7.82倍,1.09倍,3.24%
20260812,3343,東海汽,9173,東S,,"2,851",+19,+0.67%,5,39.1倍,1.21倍,ー%
20260812,3344,東京インフラ,9285,東IF,,"43,100",-50,-0.12%,5,ー倍,0.53倍,7.68%
20260812,3345,アイドマＭＣ,9466,東S,,224,0,0.00%,5,14.0倍,0.87倍,4.46%
20260812,3346,きんえい,9636,東S,,"4,170",-5,-0.12%,5,77.5倍,4.22倍,0.24%
20260812,3347,会舘,9701,東S,,"4,300",+10,+0.23%,5,14.0倍,1.05倍,1.16%
20260812,3348,天満屋ス,9846,東S,,"1,007",+1,+0.10%,5,8.28倍,0.41倍,1.99%
20260812,3349,藤井産業,9906,東S,,"4,160",-5,-0.12%,5,9.26倍,0.85倍,3.85%
20260812,3350,ヨンキュウ,9955,東S,,"2,826",+2,+0.07%,5,ー倍,0.84倍,ー%
20260812,3351,ベルグアース,1383,東S,,"2,998",-7,-0.23%,5,88.9倍,2.29倍,0.33%
20260812,3352,上場高配低ボ,1399,東Ｅ,,"3,190",+11,+0.35%,5,ー倍,ー倍,ー%
20260812,3353,上場米債ヘ無,1486,東Ｅ,,"23,680",+120,+0.51%,5,ー倍,ー倍,ー%
20260812,3354,Ｏｎｅ中小型,1493,東Ｅ,,"25,870",+255,+1.00%,5,ー倍,ー倍,ー%
20260812,3355,ｉＦＥＳＧセ,1653,東Ｅ,,"5,204",+8,+0.15%,5,ー倍,ー倍,ー%
20260812,3356,ＭＸ高利Ｊリ,1660,東Ｅ,,"10,610",-20,-0.19%,5,ー倍,ー倍,ー%
20260812,3357,ＷＴプラチナ,1674,東Ｅ,,"25,515",+75,+0.29%,5,ー倍,ー倍,ー%
20260812,3358,ＷＴ原油,1690,東Ｅ,,"2,369.5",+169.0,+7.68%,5,ー倍,ー倍,ー%
20260812,3359,ＷＴコーン,1696,東Ｅ,,"2,878",+8,+0.28%,5,ー倍,ー倍,ー%
20260812,3360,川崎設備,1777,名M,,"2,333",+3,+0.13%,5,8.10倍,1.70倍,4.07%
20260812,3361,守谷商会,1798,東S,,"1,010",0,0.00%,5,6.49倍,0.59倍,3.76%
20260812,3362,クルーズ,2138,東S,,450,+3,+0.67%,5,89.6倍,0.50倍,ー%
20260812,3363,シイエムシイ,2185,東S,,"1,900",0,0.00%,5,11.2倍,1.06倍,3.00%
20260812,3364,関門海,3372,東S,,219,-2,-0.90%,5,25.0倍,2.27倍,ー%
20260812,3365,エスイー,3423,東S,,273,-1,-0.36%,5,51.9倍,0.82倍,4.40%
20260812,3366,サンコテクノ,3435,東S,,"1,480",0,0.00%,5,9.38倍,0.59倍,3.11%
20260812,3367,テルマー湯,3521,東S,,156,+1,+0.65%,5,22.9倍,0.85倍,3.21%
20260812,3368,山喜,3598,東S,,163,-2,-1.21%,5,25.7倍,0.69倍,ー%
20260812,3369,フォーシーズ,3726,東S,,405,+5,+1.25%,5,64.9倍,2.54倍,ー%
20260812,3370,ユビＡＩ,3858,東S,,294,+4,+1.38%,5,ー倍,1.61倍,ー%
20260812,3371,日本情報Ｃ,4054,東G,,564,+5,+0.89%,5,10.6倍,1.94倍,2.13%
20260812,3372,ファンペップ,4881,東G,,49,0,0.00%,5,ー倍,1.59倍,ー%
20260812,3373,野村ＳＰＨ有,2634,東Ｅ,,"3,197",-15,-0.47%,5,ー倍,ー倍,ー%
20260812,3374,デジタリフト,9244,東G,,"1,287",-5,-0.39%,5,16.6倍,2.37倍,ー%
20260812,3375,エコシステム,9249,東S,,"1,636",+1,+0.06%,5,24.8倍,2.31倍,1.10%
20260812,3376,ＣＩＮＣ,4378,東G,,483,-5,-1.02%,5,358倍,1.30倍,ー%
20260812,3377,のむら産業,7131,東S,,"3,625",0,0.00%,5,8.75倍,1.84倍,2.65%
20260812,3378,ニフティＬＳ,4262,東G,,"1,340",+9,+0.68%,5,10.3倍,1.39倍,4.78%
20260812,3379,ＧＥＩ,9212,東G,,271,+2,+0.74%,5,21.1倍,1.61倍,ー%
20260812,3380,サノヤスＨＤ,7022,東S,,312,0,0.00%,5,13.1倍,0.86倍,2.40%
20260812,3381,アンファク,7035,東S,,257,+2,+0.78%,5,ー倍,3.41倍,ー%
20260812,3382,テノ．ＨＤ,7037,東S,,849,-14,-1.62%,5,13.4倍,2.03倍,1.18%
20260812,3383,アストマクス,7162,東S,,264,-1,-0.38%,5,ー倍,0.53倍,ー%
20260812,3384,ＣＡＰＩＴＡ,7462,東S,,402,-5,-1.23%,5,16.5倍,1.78倍,2.49%
20260812,3385,アールビバン,7523,東S,,"1,898",0,0.00%,5,12.4倍,1.06倍,ー%
20260812,3386,ＮＡＴＴＹ,7674,東G,,"2,570",+3,+0.12%,5,628倍,4.84倍,ー%
20260812,3387,大研医器,7775,東S,,426,+1,+0.24%,5,20.7倍,1.61倍,4.69%
20260812,3388,寿屋,7809,東S,,"1,328",+8,+0.61%,5,21.5倍,1.32倍,3.39%
20260812,3389,ホープ,6195,東G,,218,+7,+3.32%,5,9.67倍,3.35倍,3.85%
20260812,3390,サンセイ,6307,東S,,473,+5,+1.07%,5,9.19倍,0.72倍,3.17%
20260812,3391,キクカワ,6346,東S,,"5,800",-40,-0.68%,5,20.1倍,0.54倍,2.07%
20260812,3392,加地テック,6391,東S,,"4,585",+5,+0.11%,5,10.4倍,0.89倍,1.53%
20260812,3393,兼松エンジ,6402,東S,,"1,561",-21,-1.33%,5,11.7倍,0.98倍,2.88%
20260812,3394,旅工房,6548,東G,,112,+2,+1.82%,5,ー倍,2.59倍,ー%
20260812,3395,東亜ＤＫＫ,6848,東S,,864,-1,-0.12%,5,18.6倍,0.72倍,2.55%
20260812,3396,フェンオール,6870,東S,,"2,191",-14,-0.63%,5,14.0倍,0.79倍,3.56%
20260812,3397,ロイブ,352A,東G,,559,+26,+4.88%,5,181倍,3.19倍,ー%
20260812,3398,ＮＥ,441A,東G,,260,-2,-0.76%,5,8.51倍,1.87倍,ー%
20260812,3399,ｉＳ国債二十,573A,東Ｅ,,494.9,-3.4,-0.68%,5,ー倍,ー倍,ー%
20260812,3400,ジグザグ,340A,東G,,310,-1,-0.32%,4,17.5倍,1.75倍,ー%
20260812,3401,野村ＳＰ配貴,364A,東Ｅ,,"2,573",+19,+0.74%,4,ー倍,ー倍,ー%
20260812,3402,レント,372A,東S,,"5,550",-20,-0.36%,4,7.14倍,1.07倍,4.23%
20260812,3403,みのや,386A,東S,,"1,277",-8,-0.62%,4,9.61倍,1.17倍,1.93%
20260812,3404,ニＳＰＥＷ無,426A,東Ｅ,,"1,247",+4,+0.32%,4,ー倍,ー倍,ー%
20260812,3405,フィットクル,469A,東G,,"1,492",+22,+1.50%,4,10.8倍,1.86倍,ー%
20260812,3406,ギミック,475A,東S,,606,+10,+1.68%,4,13.7倍,1.31倍,ー%
20260812,3407,辻本郷ＩＴＣ,476A,東S,,"1,593",-7,-0.44%,4,10.8倍,1.94倍,ー%
20260812,3408,ベーシック,519A,東G,,498,0,0.00%,4,8.80倍,1.96倍,ー%
20260812,3409,上場リ高３０,608A,東Ｅ,,"1,495",+13,+0.88%,4,ー倍,ー倍,ー%
20260812,3410,野村上証５０,1309,東Ｅ,,"55,970",+250,+0.45%,4,ー倍,ー倍,ー%
20260812,3411,日経３００投,1319,東Ｅ,,750.1,+12.9,+1.75%,4,ー倍,ー倍,ー%
20260812,3412,ｉＦＴＰＷベ,1368,東Ｅ,,150,-2,-1.32%,4,ー倍,ー倍,ー%
20260812,3413,野村運輸物流,1628,東Ｅ,,"21,210",-160,-0.75%,4,ー倍,ー倍,ー%
20260812,3414,シンクレイヤ,1724,東S,,704,+1,+0.14%,4,8.76倍,0.50倍,4.26%
20260812,3415,藤田エンジ,1770,東S,,"2,109",+14,+0.67%,4,9.70倍,0.87倍,3.22%
20260812,3416,ファンタジス,1783,東S,,49,+1,+2.08%,4,33.8倍,1.44倍,ー%
20260812,3417,佐田建,1826,東S,,"1,098",+1,+0.09%,4,14.6倍,1.22倍,5.46%
20260812,3418,森組,1853,東S,,333,0,0.00%,4,14.0倍,0.71倍,4.20%
20260812,3419,高田工,1966,東S,,"1,701",-6,-0.35%,4,13.7倍,0.58倍,4.12%
20260812,3420,ソーバル,2186,東S,,919,+3,+0.33%,4,17.2倍,1.61倍,3.59%
20260812,3421,エステール,7872,東S,,607,+2,+0.33%,4,14.8倍,0.57倍,4.45%
20260812,3422,日本ＩＳＫ,7986,東S,,"1,881",-44,-2.29%,4,6.41倍,0.59倍,1.59%
20260812,3423,中央魚,8030,東S,,"3,615",-5,-0.14%,4,6.58倍,0.38倍,3.32%
20260812,3424,築地魚,8039,東S,,"3,530",-5,-0.14%,4,15.7倍,1.11倍,0.99%
20260812,3425,ラオックス,8202,東S,,148,+1,+0.68%,4,21.5倍,0.63倍,2.70%
20260812,3426,大和デ,8247,東S,,300,+4,+1.35%,4,16.8倍,0.30倍,ー%
20260812,3427,Ａクリエイト,8798,東P,,131,+1,+0.77%,4,10.8倍,8.95倍,ー%
20260812,3428,クラシコム,7110,東G,,"2,001",+1,+0.05%,4,15.3倍,2.51倍,2.75%
20260812,3429,グラッドＣ,9561,東G,,418,+12,+2.96%,4,70.5倍,4.66倍,ー%
20260812,3430,リベース,5138,東G,,419,-9,-2.10%,4,37.4倍,1.61倍,ー%
20260812,3431,サンクゼール,2937,東G,,"1,750",+9,+0.52%,4,40.4倍,3.31倍,2.00%
20260812,3432,コーチエィ,9339,東S,,"1,418",+33,+2.38%,4,27.1倍,1.07倍,1.41%
20260812,3433,エキサイト,5571,東S,,980,-6,-0.61%,4,13.5倍,1.32倍,3.34%
20260812,3434,ノイル,4893,東G,,140,-1,-0.71%,4,ー倍,1.61倍,ー%
20260812,3435,プロディ,5580,東G,,"1,676",+29,+1.76%,4,17.5倍,2.92倍,ー%
20260812,3436,ヒガシマル,2058,福証,,"1,005",+21,+2.13%,4,30.0倍,0.89倍,1.19%
20260812,3437,アメイズ,6076,福証,,"1,277",+13,+1.03%,4,7.78倍,0.99倍,2.74%
20260812,3438,ケイファーマ,4896,東G,,749,+10,+1.35%,4,ー倍,8.58倍,ー%
20260812,3439,シンカ,149A,東G,,773,+38,+5.17%,4,ー倍,2.62倍,ー%
20260812,3440,インテＧ,192A,東G,,"1,213",+1,+0.08%,4,12.2倍,1.38倍,4.12%
20260812,3441,ユカリア,286A,東G,,827,+1,+0.12%,4,17.8倍,1.41倍,ー%
20260812,3442,アルピコＨＤ,297A,東S,,215,+1,+0.47%,4,9.62倍,1.18倍,2.33%
20260812,3443,Ｖゴルフ,3931,東G,,"1,485",+5,+0.34%,4,24.4倍,2.58倍,1.68%
20260812,3444,大村紙業,3953,東S,,809,+6,+0.75%,4,9.87倍,0.56倍,3.71%
20260812,3445,チタン,4098,東S,,"1,035",+15,+1.47%,4,14.7倍,0.58倍,1.16%
20260812,3446,山田債権,4351,東S,,842,-9,-1.06%,4,25.1倍,1.15倍,1.19%
20260812,3447,川口化,4361,東S,,"1,540",-6,-0.39%,4,7.81倍,0.57倍,3.90%
20260812,3448,エクスＭ,4394,東G,,546,0,0.00%,4,24.8倍,1.97倍,2.29%
20260812,3449,エデュラボ,4427,東G,,215,+1,+0.47%,4,219倍,1.62倍,ー%
20260812,3450,ＧＤＨ,4437,東G,,801,+9,+1.14%,4,8.92倍,1.68倍,0.62%
20260812,3451,ソフト９９,4464,東S,,"3,600",0,0.00%,4,25.1倍,1.31倍,1.89%
20260812,3452,ニイタカ,4465,東S,,"2,326",-20,-0.85%,4,10.5倍,0.83倍,3.61%
20260812,3453,川上塗,4616,東S,,"2,089",ー,ー%,4,11.4倍,0.59倍,2.15%
20260812,3454,川崎地質,4673,東S,,"4,800",+40,+0.84%,4,5.68倍,0.71倍,2.50%
20260812,3455,城南進研,4720,東S,,241,-1,-0.41%,4,23.0倍,1.67倍,2.07%
20260812,3456,ダイサン,4750,東S,,569,+3,+0.53%,4,28.1倍,0.64倍,3.87%
20260812,3457,エイシアンＳ,8946,東S,,78,-1,-1.27%,4,17.4倍,0.92倍,ー%
20260812,3458,南総通運,9034,東S,,"1,640",+13,+0.80%,4,11.3倍,0.67倍,4.88%
20260812,3459,岡県運送,9063,東S,,"4,205",-85,-1.98%,4,7.54倍,0.31倍,1.66%
20260812,3460,栗林船,9171,東S,,"1,589",-1,-0.06%,4,11.1倍,0.56倍,1.89%
20260812,3461,ワイヤレスＧ,9419,東S,,293,+4,+1.38%,4,12.8倍,1.91倍,ー%
20260812,3462,サカイＨＤ,9446,東S,,678,+4,+0.59%,4,5.58倍,1.03倍,5.16%
20260812,3463,北陸ガス,9537,東S,,"4,460",-35,-0.78%,4,11.4倍,0.38倍,1.79%
20260812,3464,御園座,9664,名M,,"1,502",-1,-0.07%,4,115倍,1.61倍,ー%
20260812,3465,進学会ＨＤ,9760,東S,,120,-1,-0.83%,4,66.7倍,0.27倍,ー%
20260812,3466,北恵,9872,東S,,964,+4,+0.42%,4,16.0倍,0.63倍,2.90%
20260812,3467,北沢産,9930,東S,,375,-21,-5.30%,4,22.5倍,0.63倍,2.67%
20260812,3468,東洋ドライ,4976,東S,,"1,264",-10,-0.78%,4,8.22倍,0.46倍,3.32%
20260812,3469,ルツボ,5355,東S,,675,-6,-0.88%,4,9.97倍,0.73倍,2.96%
20260812,3470,中西製,5941,東S,,"2,665",+3,+0.11%,4,8.29倍,0.78倍,3.75%
20260812,3471,アマテイ,5952,東S,,183,-1,-0.54%,4,16.1倍,1.40倍,2.73%
20260812,3472,リンクバル,6046,東S,,136,+2,+1.49%,4,"2,720倍",3.13倍,ー%
20260812,3473,ＥＡＪ,6063,東S,,"1,015",+12,+1.20%,4,18.3倍,1.37倍,ー%
20260812,3474,ミクロン,6159,東S,,"1,945",+45,+2.37%,4,19.6倍,0.62倍,0.62%
20260812,3475,アルバイトＴ,2341,東S,,165,0,0.00%,4,21.7倍,1.06倍,3.03%
20260812,3476,メディネット,2370,東G,,25,0,0.00%,4,ー倍,1.98倍,ー%
20260812,3477,ヒューマン,2415,東S,,"1,620",-4,-0.25%,4,6.86倍,0.87倍,4.38%
20260812,3478,ＶＬＣセキュ,2467,名N,,182,0,0.00%,4,12.6倍,4.35倍,ー%
20260812,3479,シスロケ,2480,東S,,"1,730",+29,+1.70%,4,15.0倍,1.49倍,2.20%
20260812,3480,イーサポート,2493,東S,,943,+2,+0.21%,4,29.0倍,1.12倍,0.53%
20260812,3481,アスモ,2654,東S,,413,+3,+0.73%,4,14.2倍,0.80倍,2.42%
20260812,3482,ＣＶＳベイ,2687,東S,,507,+5,+1.00%,4,10.2倍,0.79倍,3.94%
20260812,3483,オルバヘルス,2689,東S,,"1,913",+8,+0.42%,4,ー倍,0.87倍,ー%
20260812,3484,大冷,2883,東S,,"2,004",+4,+0.20%,4,22.4倍,1.38倍,2.99%
20260812,3485,太陽化,2902,名M,,"2,725",+5,+0.18%,4,9.51倍,0.82倍,3.71%
20260812,3486,仙波糖化,2916,東S,,743,+4,+0.54%,4,11.8倍,0.66倍,2.02%
20260812,3487,バナーズ,3011,東S,,145,+1,+0.69%,4,9.10倍,0.82倍,3.45%
20260812,3488,ハイパー,3054,東S,,241,+2,+0.84%,4,9.71倍,0.73倍,2.90%
20260812,3489,ジェーソン,3080,東S,,810,+13,+1.63%,4,69.2倍,1.77倍,1.60%
20260812,3490,ＢＲＵＮＯ,3140,東G,,"1,002",-1,-0.10%,4,37.8倍,2.50倍,0.40%
20260812,3491,オーウイル,3143,東S,,700,0,0.00%,4,9.07倍,1.02倍,3.14%
20260812,3492,ハピネス＆Ｄ,3174,東S,,401,+2,+0.50%,4,ー倍,4.02倍,ー%
20260812,3493,東自機,6360,東S,,"4,795",-5,-0.10%,4,14.6倍,0.65倍,2.09%
20260812,3494,オリジン,6513,東S,,"1,065",+6,+0.57%,4,54.6倍,0.24倍,3.76%
20260812,3495,ベストワン,6577,東G,,"1,884",0,0.00%,4,11.6倍,2.68倍,1.38%
20260812,3496,太洋テクノ,6663,東S,,296,+1,+0.34%,4,23.9倍,0.64倍,1.01%
20260812,3497,ＴＢグループ,6775,東S,,116,+1,+0.87%,4,173倍,3.63倍,ー%
20260812,3498,アクモス,6888,東S,,484,+2,+0.41%,4,11.2倍,1.40倍,5.17%
20260812,3499,Ｂ＆Ｐ,7804,東S,,"2,294",+29,+1.28%,4,10.6倍,1.38倍,3.79%
20260812,3500,ＷＤＢココ,7079,東G,,"2,581",-29,-1.11%,4,9.13倍,1.32倍,3.87%
20260812,3501,ＡＨＣ,7083,東G,,"1,046",+11,+1.06%,4,23.5倍,1.85倍,1.15%
20260812,3502,スマイルＨＤ,7084,東G,,"2,759",+9,+0.33%,4,40.0倍,1.44倍,3.81%
20260812,3503,ウイルテック,7087,東S,,"1,368",+2,+0.15%,4,9.41倍,1.00倍,3.14%
20260812,3504,Ｋラーニング,7353,東G,,551,+1,+0.18%,4,11.5倍,2.66倍,ー%
20260812,3505,ＳＡＮＥＩ,6230,東S,,"2,113",+2,+0.09%,4,7.56倍,0.64倍,3.55%
20260812,3506,Ｂマインド,7343,東G,,"1,244",-11,-0.88%,4,22.3倍,1.91倍,5.63%
20260812,3507,シイエヌエス,4076,東G,,"1,895",+35,+1.88%,4,8.11倍,1.27倍,3.69%
20260812,3508,メディア総研,9242,東G,,"1,846",+5,+0.27%,4,9.32倍,1.29倍,1.35%
20260812,3509,ミアヘルサ,7129,東S,,"1,142",-8,-0.70%,4,8.89倍,0.82倍,2.63%
20260812,3510,長栄,2993,東S,,"2,155",+21,+0.98%,4,10.1倍,0.80倍,4.64%
20260812,3511,ＩＧＳ,4265,東G,,282,+5,+1.81%,4,192倍,2.82倍,ー%
20260812,3512,ギックス,9219,東G,,875,-1,-0.11%,4,ー倍,2.92倍,6.11%
20260812,3513,ＡＳＮＯＶＡ,9223,東G,,443,-8,-1.77%,4,ー倍,1.87倍,0.45%
20260812,3514,白鳩,3192,東S,,298,+12,+4.20%,4,142倍,0.81倍,ー%
20260812,3515,エスポア,3260,名N,,762,+36,+4.96%,4,ー倍,204倍,ー%
20260812,3516,クロスプラス,3320,東S,,"1,300",+1,+0.08%,4,6.69倍,0.51倍,4.62%
20260812,3517,パルマ,3461,東S,,599,+3,+0.50%,4,19.3倍,1.67倍,2.17%
20260812,3518,マリオン,3494,東S,,445,+11,+2.53%,4,12.5倍,0.69倍,1.57%
20260812,3519,テックファム,3625,東G,,647,0,0.00%,4,14.0倍,1.55倍,1.24%
20260812,3520,駅探,3646,東S,,332,-8,-2.35%,4,ー倍,1.35倍,2.41%
20260812,3521,ホットリンク,3680,東G,,213,-1,-0.47%,4,36.7倍,0.84倍,2.91%
20260812,3522,情報企画,3712,東S,,984,-6,-0.61%,4,13.5倍,1.99倍,2.44%
20260812,3523,アエリア,3758,東S,,248,+1,+0.40%,4,10.1倍,0.59倍,ー%
20260812,3524,ソフィア,6942,東S,,"1,371",-1,-0.07%,4,908倍,2.12倍,ー%
20260812,3525,ＮＫＫ,6943,東S,,"5,330",-70,-1.30%,4,14.2倍,0.31倍,1.88%
20260812,3526,テイン,7217,東S,,454,-3,-0.66%,4,12.9倍,0.64倍,3.96%
20260812,3527,ＭＵＲＯ,7264,東S,,"1,321",+10,+0.76%,4,6.59倍,0.35倍,3.56%
20260812,3528,小田原機器,7314,東S,,"1,296",+1,+0.08%,4,49.2倍,1.07倍,3.09%
20260812,3529,キムラ,7461,東S,,477,-3,-0.63%,4,11.0倍,0.42倍,2.94%
20260812,3530,サンリン,7486,東S,,810,+8,+1.00%,4,10.2倍,0.45倍,2.96%
20260812,3531,西川計測,7500,東S,,"9,900",+30,+0.30%,4,11.6倍,1.31倍,3.54%
20260812,3532,ムサシ,7521,東S,,"2,831",+10,+0.35%,4,49.3倍,0.52倍,1.27%
20260812,3533,田中商事,7619,東S,,967,-6,-0.62%,4,6.83倍,0.49倍,3.21%
20260812,3534,Ｇダイニング,7625,東S,,483,+2,+0.42%,4,7.30倍,0.82倍,1.04%
20260812,3535,ハンズマン,7636,東S,,795,+7,+0.89%,4,9.94倍,0.58倍,3.77%
20260812,3536,ダイイチ,7643,東S,,"1,740",+23,+1.34%,4,16.3倍,1.10倍,2.30%
20260812,3537,クロスフォー,7810,東S,,147,+1,+0.68%,4,71.7倍,1.36倍,0.43%
20260812,3538,日本創発Ｇ,7814,東S,,655,0,0.00%,4,15.3倍,1.46倍,2.29%
20260812,3539,アビックス,7836,東S,,82,+1,+1.23%,4,16.6倍,1.46倍,ー%
20260812,3540,サンコー,6964,東S,,694,-4,-0.57%,3,11.0倍,0.38倍,2.88%
20260812,3541,抵抗器,6977,東S,,"1,524",+6,+0.40%,3,18.9倍,1.61倍,1.97%
20260812,3542,サンライフＨ,7040,東S,,979,+2,+0.20%,3,7.60倍,0.86倍,3.58%
20260812,3543,アクセスＨＤ,7042,東S,,704,+6,+0.86%,3,13.1倍,1.67倍,3.13%
20260812,3544,ファルテック,7215,東S,,431,-7,-1.60%,3,20.2倍,0.21倍,ー%
20260812,3545,田中精密,7218,東S,,"1,089",+15,+1.40%,3,4.51倍,0.35倍,3.12%
20260812,3546,桜井製,7255,東S,,513,-12,-2.29%,3,39.0倍,0.33倍,1.36%
20260812,3547,セフテック,7464,東S,,"1,546",+6,+0.39%,3,18.7倍,0.38倍,3.88%
20260812,3548,鳥羽洋行,7472,東S,,"3,805",+30,+0.79%,3,12.0倍,0.68倍,3.15%
20260812,3549,コナカ,7494,東S,,235,-1,-0.42%,3,5.01倍,0.45倍,4.26%
20260812,3550,オーエムツー,7614,東S,,"1,529",+5,+0.33%,3,10.2倍,0.56倍,2.35%
20260812,3551,ＰＬＡＮＴ,7646,東S,,"1,823",-7,-0.38%,3,11.4倍,0.80倍,5.21%
20260812,3552,クレステック,7812,東S,,"2,156",+10,+0.47%,3,6.19倍,0.67倍,4.82%
20260812,3553,アールシー,7837,東S,,333,-17,-4.86%,3,2.71倍,0.98倍,ー%
20260812,3554,シーボン,4926,東S,,"1,231",-2,-0.16%,3,25.6倍,0.91倍,1.62%
20260812,3555,ノザワ,5237,東S,,"1,200",+4,+0.33%,3,9.17倍,0.65倍,3.58%
20260812,3556,高見沢,5283,東S,,"3,135",+45,+1.46%,3,4.32倍,0.33倍,2.23%
20260812,3557,イトヨーギョ,5287,東S,,808,+2,+0.25%,3,11.9倍,0.60倍,2.48%
20260812,3558,高砂鉄,5458,東S,,"1,404",-5,-0.35%,3,9.47倍,0.83倍,3.21%
20260812,3559,川岸工,5921,東S,,"4,255",+60,+1.43%,3,10.7倍,0.39倍,4.00%
20260812,3560,アルメタクス,5928,東S,,281,0,0.00%,3,23.6倍,0.32倍,2.85%
20260812,3561,ダイニチ工業,5951,東S,,"1,081",+8,+0.75%,3,14.6倍,0.60倍,2.59%
20260812,3562,トーソー,5956,東S,,573,-5,-0.87%,3,9.06倍,0.32倍,2.27%
20260812,3563,ロブテックス,5969,東S,,"1,176",-20,-1.67%,3,18.3倍,0.44倍,2.55%
20260812,3564,アトラＧ,6029,東S,,195,0,0.00%,3,134倍,1.21倍,ー%
20260812,3565,ＭＲＴ,6034,東G,,638,+3,+0.47%,3,27.1倍,0.76倍,ー%
20260812,3566,リブセンス,6054,東S,,123,-1,-0.81%,3,ー倍,0.82倍,ー%
20260812,3567,ＪＳＳ,6074,東S,,524,+1,+0.19%,3,7.27倍,0.66倍,4.01%
20260812,3568,ＨＭＴ,6090,東S,,600,+2,+0.33%,3,19.1倍,1.78倍,3.00%
20260812,3569,和井田,6158,東S,,985,0,0.00%,3,18.4倍,0.61倍,3.86%
20260812,3570,アップバンク,6177,東G,,82,+1,+1.23%,3,ー倍,2.47倍,ー%
20260812,3571,グラファイト,7847,東S,,662,+3,+0.46%,3,20.6倍,0.84倍,4.53%
20260812,3572,総合商研,7850,東S,,815,+7,+0.87%,3,9.05倍,0.68倍,2.45%
20260812,3573,ウッドワン,7898,東S,,899,-4,-0.44%,3,20.9倍,0.19倍,2.67%
20260812,3574,光村印,7916,東S,,"1,946",+8,+0.41%,3,ー倍,0.30倍,2.57%
20260812,3575,リーガル,7938,東S,,"2,196",-9,-0.41%,3,ー倍,0.47倍,3.73%
20260812,3576,リヒトラブ,7975,東S,,"1,121",+5,+0.45%,3,19.0倍,0.34倍,2.23%
20260812,3577,くろ工,7997,東S,,"1,040",+2,+0.19%,3,19.3倍,0.37倍,3.85%
20260812,3578,ツカモト,8025,東S,,"1,329",+37,+2.86%,3,35.8倍,0.31倍,2.26%
20260812,3579,浜丸魚,8045,東S,,"2,160",-5,-0.23%,3,21.0倍,0.54倍,1.57%
20260812,3580,キムラタン,8107,東S,,31,0,0.00%,3,344倍,5.32倍,ー%
20260812,3581,キング,8118,東S,,"1,202",-4,-0.33%,3,27.4倍,0.82倍,1.50%
20260812,3582,ゼット,8135,東S,,436,+2,+0.46%,3,10.3倍,0.56倍,4.13%
20260812,3583,ラピーヌ,8143,東S,,145,-1,-0.68%,3,ー倍,0.48倍,ー%
20260812,3584,タカキュー,8166,東S,,77,-1,-1.28%,3,24.7倍,1.50倍,ー%
20260812,3585,マルイチ,8228,名M,,"1,117",+4,+0.36%,3,12.3倍,0.86倍,2.51%
20260812,3586,小林洋行,8742,東S,,560,-2,-0.36%,3,ー倍,0.65倍,ー%
20260812,3587,レボリュー,8894,東S,,22,0,0.00%,3,ー倍,4.31倍,ー%
20260812,3588,エリアクエス,8912,東S,,152,-1,-0.65%,3,14.5倍,1.53倍,2.63%
20260812,3589,ＧＸＳＰＣＦ,356A,東Ｅ,,"1,577",0,0.00%,3,ー倍,ー倍,ー%
20260812,3590,リップス,373A,東G,,"1,472",-4,-0.27%,3,7.79倍,0.96倍,ー%
20260812,3591,ＧＸ中テ１０,404A,東Ｅ,,"1,298",-1,-0.08%,3,ー倍,ー倍,ー%
20260812,3592,ＭＸ高配５０,461A,東Ｅ,,"2,611",+11,+0.42%,3,ー倍,ー倍,ー%
20260812,3593,野村独株Ｈ無,487A,東Ｅ,,"2,130",+30,+1.43%,3,ー倍,ー倍,ー%
20260812,3594,ＧＸ純銀,577A,東Ｅ,,255.5,+6.0,+2.40%,3,ー倍,ー倍,ー%
20260812,3595,ニラセル２千,600A,東Ｅ,,"1,991",+2,+0.10%,3,ー倍,ー倍,ー%
20260812,3596,ｉＦＴＰベ,1457,東Ｅ,,"1,746",-15,-0.85%,3,ー倍,ー倍,ー%
20260812,3597,Ｈ株ベア,1573,東Ｅ,,"8,280",+215,+2.67%,3,ー倍,ー倍,ー%
20260812,3598,上場ＭＳエマ,1681,東Ｅ,,"3,336",+37,+1.12%,3,ー倍,ー倍,ー%
20260812,3599,ＷＴ穀物,1688,東Ｅ,,560.6,+0.1,+0.02%,3,ー倍,ー倍,ー%
20260812,3600,ナカボテック,1787,東S,,"5,970",+20,+0.34%,3,14.0倍,1.57倍,4.36%
20260812,3601,ランビジネス,8944,東S,,242,-1,-0.41%,3,9.33倍,0.27倍,2.48%
20260812,3602,京福電,9049,東S,,"6,510",-90,-1.36%,3,7.03倍,0.87倍,0.31%
20260812,3603,東洋埠頭,9351,東S,,"1,843",+8,+0.44%,3,9.34倍,0.41倍,4.34%
20260812,3604,桜島埠,9353,東S,,"2,920",+37,+1.28%,3,17.2倍,0.50倍,1.85%
20260812,3605,大運,9363,東S,,542,+5,+0.93%,3,7.73倍,0.64倍,2.95%
20260812,3606,グリンランド,9656,東S,,596,-2,-0.33%,3,12.3倍,0.58倍,2.52%
20260812,3607,日建工学,9767,東S,,"1,566",+19,+1.23%,3,8.15倍,0.57倍,1.92%
20260812,3608,昴,9778,東S,,"5,750",+20,+0.35%,3,25.6倍,0.98倍,2.09%
20260812,3609,ＰＯＰＥＲ,5134,東G,,478,0,0.00%,3,33.7倍,2.09倍,ー%
20260812,3610,フーディソン,7114,東G,,805,+12,+1.51%,3,20.0倍,1.52倍,ー%
20260812,3611,ＭＸＮＹダウ,2241,東Ｅ,,953.2,+2.5,+0.26%,3,ー倍,ー倍,ー%
20260812,3612,アクシスＣ,9344,東G,,943,+1,+0.11%,3,19.6倍,1.49倍,3.71%
20260812,3613,エコム,6225,名M,,"2,049",+16,+0.79%,3,11.3倍,1.10倍,1.76%
20260812,3614,ｉＦＳＰＷベ,2249,東Ｅ,,"9,261",+70,+0.76%,3,ー倍,ー倍,ー%
20260812,3615,ＷＴＯＫＹＯ,9159,東G,,"1,895",+10,+0.53%,3,14.8倍,2.56倍,ー%
20260812,3616,ＢワンＨＤ,4827,福Ｑ,,880,+49,+5.90%,3,3.84倍,0.51倍,1.48%
20260812,3617,南日銀,8554,福証,,"1,437",+10,+0.70%,3,8.02倍,0.30倍,3.48%
20260812,3618,インバＰＦ,5587,東G,,896,+11,+1.24%,3,13.1倍,1.94倍,ー%
20260812,3619,ジャパンＭＡ,9236,東G,,"1,260",+50,+4.13%,3,13.0倍,2.68倍,0.79%
20260812,3620,Ｄサイクル,5888,東G,,"2,758",+61,+2.26%,3,7.56倍,1.16倍,2.65%
20260812,3621,雨風太陽,5616,東G,,620,-4,-0.64%,3,50.0倍,4.59倍,ー%
20260812,3622,野村Ｐ１５０,159A,東Ｅ,,746.9,+3.0,+0.40%,3,ー倍,ー倍,ー%
20260812,3623,ウィルスマ,175A,東G,,600,-5,-0.83%,3,32.4倍,-25倍,ー%
20260812,3624,学びエイド,184A,東G,,337,+1,+0.30%,3,13.9倍,2.15倍,ー%
20260812,3625,グロースｘＰ,244A,東G,,"1,163",ー,ー%,3,14.4倍,1.05倍,ー%
20260812,3626,ＩＮＧＳ,245A,東G,,"2,475",0,0.00%,3,18.4倍,2.75倍,ー%
20260812,3627,キッズスター,248A,東G,,835,-1,-0.12%,3,30.8倍,0.91倍,ー%
20260812,3628,ラクサス,288A,東G,,96,+1,+1.05%,3,16.4倍,0.81倍,ー%
20260812,3629,パパネッツ,9388,福Ｑ,,914,+14,+1.56%,3,8.26倍,1.61倍,2.74%
20260812,3630,メディックス,331A,東S,,503,+2,+0.40%,3,8.49倍,1.16倍,3.78%
20260812,3631,イムラ,3955,東S,,849,-2,-0.24%,3,18.5倍,0.48倍,3.53%
20260812,3632,スガイ,4120,東S,,"2,892",-58,-1.97%,3,ー倍,0.43倍,3.11%
20260812,3633,ジャストプラ,4287,東S,,493,+3,+0.61%,3,11.5倍,1.48倍,2.64%
20260812,3634,ビーマップ,4316,東G,,87,-1,-1.14%,3,ー倍,0.83倍,ー%
20260812,3635,Ｗｅｌｂｙ,4438,東G,,256,-1,-0.39%,3,ー倍,17.0倍,ー%
20260812,3636,ＤＷセラピ研,4576,東G,,80,0,0.00%,3,ー倍,3.50倍,ー%
20260812,3637,神東塗,4615,東S,,132,-1,-0.75%,3,22.5倍,0.34倍,ー%
20260812,3638,オリジナル設,4642,東S,,"1,418",+12,+0.85%,3,14.2倍,1.00倍,2.82%
20260812,3639,日本ラッド,4736,東S,,579,-16,-2.69%,3,18.5倍,0.88倍,1.73%
20260812,3640,ＩＣＤＡ,3184,東S,,"4,200",+20,+0.48%,3,6.55倍,0.74倍,1.67%
20260812,3641,ランシステム,3326,東S,,656,-3,-0.46%,3,25.4倍,8.55倍,ー%
20260812,3642,ヒロタＧＨＤ,3346,名N,,81,0,0.00%,3,14.3倍,13.9倍,ー%
20260812,3643,フェリシモ,3396,東S,,869,+1,+0.12%,3,20.7倍,0.32倍,2.88%
20260812,3644,ピクスタ,3416,東S,,866,+28,+3.34%,3,14.3倍,1.43倍,5.20%
20260812,3645,ケーエフシー,3420,東S,,"1,624",-1,-0.06%,3,11.1倍,0.54倍,4.31%
20260812,3646,Ｆブラザーズ,3454,東S,,"1,266",+1,+0.08%,3,6.78倍,0.63倍,2.92%
20260812,3647,デュアルＴ,3469,東S,,901,-1,-0.11%,3,77.3倍,1.53倍,1.39%
20260812,3648,アズ企画設計,3490,東S,,"3,165",0,0.00%,3,9.06倍,1.14倍,0.95%
20260812,3649,丸八ＨＤ,3504,名M,,"1,350",-5,-0.37%,3,11.4倍,0.36倍,3.70%
20260812,3650,イチカワ,3513,東S,,"3,465",+50,+1.46%,3,16.2倍,0.58倍,2.89%
20260812,3651,昭栄薬品,3537,東S,,"1,741",+1,+0.06%,3,13.6倍,0.62倍,2.35%
20260812,3652,テクミラ,3627,東S,,265,+4,+1.53%,3,21.3倍,0.53倍,1.89%
20260812,3653,ソケッツ,3634,東S,,585,+5,+0.86%,3,25.5倍,2.43倍,1.03%
20260812,3654,パピレス,3641,東S,,964,-3,-0.31%,3,65.7倍,0.94倍,1.04%
20260812,3655,オルトＰ,3672,東S,,26,-1,-3.70%,3,ー倍,1.79倍,ー%
20260812,3656,イルグルム,3690,東S,,543,+1,+0.18%,3,12.7倍,1.83倍,1.47%
20260812,3657,いい生活,3796,東S,,290,0,0.00%,3,20.5倍,2.05倍,1.03%
20260812,3658,パス,3840,東S,,56,0,0.00%,3,ー倍,2.43倍,ー%
20260812,3659,ジーダット,3841,東S,,"1,320",+9,+0.69%,3,24.2倍,1.40倍,3.03%
20260812,3660,ショーケース,3909,東S,,202,0,0.00%,3,15.7倍,1.03倍,ー%
20260812,3661,フェニクスＢ,6190,東G,,348,+5,+1.46%,3,18.6倍,0.92倍,ー%
20260812,3662,タクミナ,6322,東S,,"1,581",-9,-0.57%,3,8.86倍,0.97倍,3.42%
20260812,3663,太平製,6342,東S,,"3,075",+15,+0.49%,3,8.96倍,0.54倍,3.25%
20260812,3664,フルテック,6546,東S,,"1,119",-11,-0.97%,3,14.8倍,0.86倍,3.04%
20260812,3665,神戸天然物化,6568,東G,,"1,274",+11,+0.87%,3,15.2倍,0.69倍,2.59%
20260812,3666,不二電機,6654,東S,,"1,103",-5,-0.45%,3,25.6倍,0.55倍,2.90%
20260812,3667,ズーム,6694,東S,,664,+18,+2.79%,3,14.4倍,0.52倍,4.82%
20260812,3668,名古屋電機,6797,東S,,"1,170",0,0.00%,3,24.7倍,0.59倍,4.27%
20260812,3669,福留ハ,2291,東S,,523,+11,+2.15%,3,12.5倍,0.71倍,ー%
20260812,3670,ＡＳＪ,2351,東S,,311,-1,-0.32%,3,24.3倍,0.83倍,0.96%
20260812,3671,ギグワークス,2375,東S,,202,0,0.00%,3,80.5倍,1.49倍,0.99%
20260812,3672,ジェイテック,2479,東S,,240,+1,+0.42%,3,10.7倍,1.39倍,ー%
20260812,3673,マルサンアイ,2551,名M,,"3,560",-5,-0.14%,3,9.77倍,1.04倍,0.84%
20260812,3674,ユニカフェ,2597,東S,,"1,170",-1,-0.09%,3,30.1倍,2.18倍,ー%
20260812,3675,佐藤食品,2814,東S,,"3,170",-30,-0.94%,3,30.9倍,0.55倍,1.58%
20260812,3676,ダイショー,2816,東S,,"1,411",-1,-0.07%,3,32.4倍,1.37倍,1.42%
20260812,3677,はごろも,2831,東S,,"3,640",+25,+0.69%,3,11.4倍,0.69倍,1.92%
20260812,3678,日東ベスト,2877,東S,,750,-5,-0.66%,3,45.4倍,0.55倍,1.60%
20260812,3679,一正蒲鉾,2904,東S,,757,-1,-0.13%,3,28.9倍,0.93倍,1.85%
20260812,3680,ストリーム,3071,東S,,104,+2,+1.96%,3,15.0倍,0.98倍,2.88%
20260812,3681,ＤＶｘ,3079,東S,,950,-2,-0.21%,3,ー倍,1.19倍,ー%
20260812,3682,ジオリーブＧ,3157,東S,,"1,430",+33,+2.36%,3,8.09倍,0.75倍,3.85%
20260812,3683,Ｏｎｅ中国５,2553,東Ｅ,,"2,484.5",+20.5,+0.83%,3,ー倍,ー倍,ー%
20260812,3684,リビンＴ,4445,東G,,"1,862",-2,-0.11%,3,34.1倍,2.98倍,ー%
20260812,3685,パワーソリュ,4450,東G,,"2,170",-5,-0.23%,3,31.3倍,1.86倍,1.20%
20260812,3686,名南Ｍ＆Ａ,7076,名M,,"1,033",-9,-0.86%,3,23.9倍,1.98倍,0.84%
20260812,3687,ＡＬｉＮＫ,7077,東G,,"1,009",+4,+0.40%,3,40.5倍,1.31倍,ー%
20260812,3688,ランサーズ,4484,東G,,292,+1,+0.34%,3,18.6倍,3.34倍,1.03%
20260812,3689,ユナイト,4486,東G,,666,+9,+1.37%,3,10.9倍,2.29倍,2.40%
20260812,3690,スペースマ,4487,東G,,233,+3,+1.30%,3,ー倍,2.88倍,ー%
20260812,3691,ひとまいる,7686,東S,,427,+2,+0.47%,3,19.2倍,2.50倍,4.68%
20260812,3692,ニッソウ,1444,東G,,"2,669",+15,+0.57%,3,ー倍,1.76倍,ー%
20260812,3693,アディッシュ,7093,東G,,557,+12,+2.20%,3,20.0倍,2.22倍,ー%
20260812,3694,エコミック,3802,東S,,491,0,0.00%,3,11.9倍,1.33倍,2.65%
20260812,3695,インタファク,4057,東G,,351,-1,-0.28%,3,19.7倍,1.17倍,ー%
20260812,3696,バルミューダ,6612,東G,,636,+11,+1.76%,3,544倍,2.18倍,ー%
20260812,3697,かっこ,4166,東G,,643,+11,+1.74%,3,ー倍,2.67倍,ー%
20260812,3698,セルム,7367,東S,,336,0,0.00%,3,11.9倍,2.41倍,4.61%
20260812,3699,メイホーＨＤ,7369,東G,,375,+18,+5.04%,3,ー倍,0.72倍,ー%
20260812,3700,ＧＸバイ日株,2639,東Ｅ,,"1,759",+15,+0.86%,3,ー倍,ー倍,ー%
20260812,3701,ベイシス,4068,東G,,"1,726",-11,-0.63%,3,24.8倍,1.49倍,ー%
20260812,3702,ステムセル研,7096,東G,,739,+11,+1.51%,3,70.9倍,2.74倍,ー%
20260812,3703,ブルーミーム,4069,東G,,651,+11,+1.72%,3,26.2倍,0.86倍,ー%
20260812,3704,プロＨＤ,9246,東G,,"1,099",+10,+0.92%,3,17.2倍,2.53倍,ー%
20260812,3705,くふうカンパ,4376,東G,,161,+1,+0.63%,3,ー倍,1.18倍,ー%
20260812,3706,野村ダウＨ有,2846,東Ｅ,,"2,617",+15,+0.58%,3,ー倍,ー倍,ー%
20260812,3707,エフビー介護,9220,東S,,"1,224",-21,-1.69%,3,5.87倍,0.75倍,3.51%
20260812,3708,野村米社債Ｈ,2554,東Ｅ,,749.9,-1.1,-0.15%,2,ー倍,ー倍,ー%
20260812,3709,ツクルバ,2978,東G,,341,+3,+0.89%,2,ー倍,3.77倍,ー%
20260812,3710,インテＭ,7072,東G,,"1,113",-3,-0.27%,2,18.9倍,2.15倍,ー%
20260812,3711,ジェイック,7073,東G,,"2,249",-10,-0.44%,2,16.7倍,2.17倍,2.45%
20260812,3712,レンティア,7081,東S,,"1,325",+19,+1.45%,2,8.75倍,1.13倍,2.79%
20260812,3713,ゼネテック,4492,東S,,387,+3,+0.78%,2,12.3倍,1.74倍,3.23%
20260812,3714,コマースワン,4496,東G,,792,+31,+4.07%,2,16.8倍,2.09倍,5.30%
20260812,3715,ＧＸロジ日Ｒ,2565,東Ｅ,,902,+2,+0.22%,2,ー倍,ー倍,ー%
20260812,3716,ｉＳ新興債Ｈ,2622,東Ｅ,,"1,704",-2,-0.12%,2,ー倍,ー倍,ー%
20260812,3717,Ｐアンチエイ,4934,東G,,600,+2,+0.33%,2,17.4倍,0.74倍,ー%
20260812,3718,クリーマ,4017,東G,,212,-4,-1.85%,2,46.1倍,1.25倍,ー%
20260812,3719,ビートレンド,4020,東G,,707,+4,+0.57%,2,ー倍,2.13倍,ー%
20260812,3720,いつも,7694,東G,,448,+3,+0.67%,2,14.2倍,1.05倍,ー%
20260812,3721,ｉ－ｐｌｕｇ,4177,東G,,"1,527",+2,+0.13%,2,11.1倍,3.22倍,3.54%
20260812,3722,ｉＦＥＧＢＡ,2629,東Ｅ,,"3,703",-17,-0.46%,2,ー倍,ー倍,ー%
20260812,3723,Ｅｎｊｉｎ,7370,東G,,709,+5,+0.71%,2,24.5倍,1.09倍,5.64%
20260812,3724,デリバリコン,9240,東G,,400,+3,+0.76%,2,14.9倍,1.55倍,ー%
20260812,3725,ＦＬネット,9241,東G,,"1,510",+20,+1.34%,2,45.2倍,6.62倍,ー%
20260812,3726,ユミルリンク,4372,東G,,"1,310",+8,+0.61%,2,13.8倍,1.65倍,1.53%
20260812,3727,ＭＸ米債ヘ無,2838,東Ｅ,,"8,700",+37,+0.43%,2,ー倍,ー倍,ー%
20260812,3728,ＲＩ,9214,東G,,"1,282",ー,ー%,2,11.1倍,2.24倍,ー%
20260812,3729,ＣａＳｙ,9215,東G,,948,+8,+0.85%,2,ー倍,6.60倍,ー%
20260812,3730,ＧＸグリ日Ｒ,2855,東Ｅ,,956,+2,+0.21%,2,ー倍,ー倍,ー%
20260812,3731,ｉＳ米債３Ｈ,2856,東Ｅ,,648.6,-0.1,-0.02%,2,ー倍,ー倍,ー%
20260812,3732,エアクロ,9557,東G,,193,0,0.00%,2,ー倍,5.67倍,ー%
20260812,3733,ＦＩＸＥＲ,5129,東G,,247,-1,-0.40%,2,ー倍,1.67倍,ー%
20260812,3734,キューブ,7112,東G,,720,0,0.00%,2,66.8倍,1.10倍,ー%
20260812,3735,リンカーズ,5131,東G,,117,-1,-0.85%,2,ー倍,2.43倍,ー%
20260812,3736,アトラスＴ,9563,東G,,314,+5,+1.62%,2,58.4倍,1.37倍,ー%
20260812,3737,アソインター,9340,東S,,700,-10,-1.41%,2,12.4倍,2.13倍,4.00%
20260812,3738,ノバシステム,5257,東S,,"2,720",+11,+0.41%,2,8.55倍,1.55倍,3.86%
20260812,3739,日本ＳＢ,5530,名M,,"1,081",-2,-0.18%,2,7.60倍,0.92倍,4.16%
20260812,3740,ブリーチ,9162,東G,,230,+1,+0.44%,2,ー倍,0.63倍,ー%
20260812,3741,ＧＸ中国ＥＶ,2254,東Ｅ,,"1,124",+2,+0.18%,2,ー倍,ー倍,ー%
20260812,3742,大英産業,2974,福証,,907,-13,-1.41%,2,6.48倍,0.36倍,2.65%
20260812,3743,ロジネットＪ,9027,札証,,"4,820",+20,+0.42%,2,8.73倍,1.05倍,3.57%
20260812,3744,揚羽,9330,東G,,871,-6,-0.68%,2,ー倍,1.43倍,ー%
20260812,3745,アスマーク,4197,東S,,"2,320",0,0.00%,2,19.2倍,1.66倍,3.36%
20260812,3746,バリューＣ,9238,東G,,399,+9,+2.31%,2,ー倍,-16倍,ー%
20260812,3747,ｉＳＩＧ社債,2257,東Ｅ,,222.3,+0.6,+0.27%,2,ー倍,ー倍,ー%
20260812,3748,ロココ,5868,東S,,"1,018",+6,+0.59%,2,9.28倍,1.32倍,3.93%
20260812,3749,ＧＸＵＲ２０,2018,東Ｅ,,"1,282",-14,-1.08%,2,ー倍,ー倍,ー%
20260812,3750,ＧＸ優証隔月,2019,東Ｅ,,"1,024",+4,+0.39%,2,ー倍,ー倍,ー%
20260812,3751,ウェリタス,130A,東G,,406,0,0.00%,2,ー倍,1.89倍,ー%
20260812,3752,ハッチワーク,148A,東G,,"1,707",-16,-0.93%,2,15.2倍,3.16倍,ー%
20260812,3753,ハンモック,173A,東G,,"1,508",+54,+3.71%,2,10.9倍,1.98倍,2.98%
20260812,3754,ＤＭカンパニ,189A,東G,,972,+1,+0.10%,2,9.12倍,0.96倍,2.06%
20260812,3755,カドスＣ,211A,東S,,"3,350",+20,+0.60%,2,10.5倍,0.77倍,5.37%
20260812,3756,ファベル,220A,東S,,957,+14,+1.48%,2,12.5倍,1.11倍,3.13%
20260812,3757,オプロ,228A,東G,,"1,609",-1,-0.06%,2,12.2倍,2.62倍,ー%
20260812,3758,ＳＢＩサウジ,273A,東Ｅ,,"9,830",-20,-0.20%,2,ー倍,ー倍,ー%
20260812,3759,ｖｉｓｕｍｏ,303A,東G,,618,-18,-2.83%,2,60.4倍,1.84倍,ー%
20260812,3760,フライヤー,323A,東G,,363,-1,-0.27%,2,21.4倍,4.06倍,ー%
20260812,3761,ＧＸ価格日株,328A,東Ｅ,,"1,389",+8,+0.58%,2,ー倍,ー倍,ー%
20260812,3762,ミライロ,335A,東G,,332,-5,-1.48%,2,27.1倍,4.05倍,ー%
20260812,3763,光・彩,7878,東S,,"1,287",+7,+0.55%,2,7.41倍,1.10倍,2.33%
20260812,3764,サンメッセ,7883,東S,,404,-1,-0.25%,2,26.2倍,0.34倍,2.23%
20260812,3765,マツモト,7901,東S,,800,0,0.00%,2,18.9倍,0.91倍,ー%
20260812,3766,旭化学,7928,東S,,642,+3,+0.47%,2,39.0倍,0.35倍,1.56%
20260812,3767,ナイガイ,8013,東S,,350,-2,-0.57%,2,39.1倍,0.40倍,ー%
20260812,3768,三栄コ,8119,東S,,773,+7,+0.91%,2,10.6倍,0.49倍,4.01%
20260812,3769,デンキョーＧ,8144,東S,,"1,234",-13,-1.04%,2,12.5倍,0.29倍,3.24%
20260812,3770,トミタ,8147,東S,,"1,404",+8,+0.57%,2,10.7倍,0.53倍,1.78%
20260812,3771,ヤマナカ,8190,名M,,520,0,0.00%,2,28.3倍,0.55倍,1.92%
20260812,3772,井筒屋,8260,東S,,374,+4,+1.08%,2,8.31倍,0.34倍,1.87%
20260812,3773,日銀,8301,東証,,"22,800",ー,ー%,2,ー倍,ー倍,ー%
20260812,3774,アジア投資,8518,東S,,134,-1,-0.74%,2,ー倍,0.50倍,ー%
20260812,3775,光世,8617,東S,,573,+12,+2.14%,2,ー倍,0.32倍,ー%
20260812,3776,センチュ２１,8898,東S,,"1,129",-3,-0.27%,2,14.0倍,1.69倍,4.69%
20260812,3777,ＯＫＡＹＡ,6926,東S,,185,0,0.00%,2,ー倍,0.69倍,ー%
20260812,3778,ＥＭネットＪ,7036,東G,,640,0,0.00%,2,18.2倍,2.93倍,ー%
20260812,3779,エイケン工業,7265,東S,,"3,885",+50,+1.30%,2,13.3倍,0.65倍,2.83%
20260812,3780,カーメイト,7297,東S,,860,-4,-0.46%,2,10.7倍,0.40倍,3.49%
20260812,3781,フジオーゼ,7299,東S,,"1,839",-10,-0.54%,2,10.7倍,0.56倍,2.94%
20260812,3782,東邦レマック,7422,東S,,354,-1,-0.28%,2,25.4倍,0.40倍,3.22%
20260812,3783,初穂商事,7425,東S,,"1,219",+44,+3.74%,2,9.16倍,0.79倍,3.28%
20260812,3784,中山福,7442,東S,,488,+2,+0.41%,2,15.4倍,0.40倍,2.46%
20260812,3785,横浜魚類,7443,東S,,654,+8,+1.24%,2,27.3倍,1.52倍,1.22%
20260812,3786,マルシェ,7524,東S,,179,-1,-0.56%,2,77.5倍,7.39倍,ー%
20260812,3787,清和中央ＨＤ,7531,東S,,"1,299",-16,-1.22%,2,14.2倍,0.32倍,1.92%
20260812,3788,かんなん丸,7585,東S,,406,-2,-0.49%,2,ー倍,4.47倍,ー%
20260812,3789,トップカルチ,7640,東S,,180,+3,+1.69%,2,ー倍,-4.1倍,ー%
20260812,3790,東京ボード,7815,東S,,310,+3,+0.98%,2,ー倍,1.32倍,ー%
20260812,3791,オービス,7827,東S,,"1,641",+6,+0.37%,2,8.26倍,0.52倍,3.78%
20260812,3792,アイフィス,7833,東S,,639,+1,+0.16%,2,10.8倍,1.03倍,4.69%
20260812,3793,ＪＭＣ,5704,東S,,397,+2,+0.51%,2,16.7倍,1.28倍,ー%
20260812,3794,ＮＩＣ,5742,東S,,738,+4,+0.54%,2,30.7倍,1.24倍,5.56%
20260812,3795,ダイケン,5900,東S,,863,+7,+0.82%,2,13.5倍,0.35倍,2.90%
20260812,3796,ＫＴＣ,5966,東S,,"2,690",+14,+0.52%,2,13.9倍,0.50倍,2.97%
20260812,3797,中国工,5974,東S,,850,0,0.00%,2,10.3倍,0.47倍,2.71%
20260812,3798,ファインシン,5994,東S,,979,0,0.00%,2,8.38倍,0.30倍,2.55%
20260812,3799,赤阪鉄,6022,東S,,"2,656",+6,+0.23%,2,39.5倍,0.34倍,ー%
20260812,3800,旭精機,6111,名M,,"2,030",-10,-0.49%,2,155倍,0.33倍,2.96%
20260812,3801,新潟交,9017,東S,,"2,020",+27,+1.35%,2,12.9倍,0.38倍,0.50%
20260812,3802,カンダ,9059,東S,,909,0,0.00%,2,7.62倍,0.68倍,2.86%
20260812,3803,ＳＦＪ,9206,東S,,"1,914",+1,+0.05%,2,24.5倍,-3.3倍,ー%
20260812,3804,名港海,9357,名M,,"2,459",+12,+0.49%,2,12.2倍,0.51倍,4.07%
20260812,3805,ＭＨグループ,9439,東S,,223,-3,-1.33%,2,ー倍,7.08倍,ー%
20260812,3806,葉ガス,9539,東S,,"1,391",+6,+0.43%,2,14.4倍,0.42倍,1.87%
20260812,3807,中日興,9643,名M,,"11,000",+90,+0.82%,2,117倍,1.61倍,0.55%
20260812,3808,京都ホ,9723,東S,,631,-2,-0.32%,2,21.2倍,3.15倍,0.48%
20260812,3809,白洋舎,9731,東S,,"3,490",+20,+0.58%,2,5.34倍,0.99倍,2.87%
20260812,3810,ストライダズ,9816,東S,,244,0,0.00%,2,14.8倍,0.78倍,2.05%
20260812,3811,共同紙,9849,東S,,"4,510",ー,ー%,2,46.9倍,0.78倍,1.11%
20260812,3812,英和,9857,東S,,"2,611",-19,-0.72%,2,8.93倍,0.86倍,3.68%
20260812,3813,セキド,9878,東S,,414,+1,+0.24%,2,668倍,-11倍,ー%
20260812,3814,平和紙業,9929,東S,,465,+1,+0.22%,2,27.8倍,0.41倍,2.58%
20260812,3815,ハチバン,9950,東S,,"3,420",+5,+0.15%,2,108倍,2.59倍,0.58%
20260812,3816,アシードＨＤ,9959,東S,,"1,118",+31,+2.85%,2,13.8倍,1.69倍,2.15%
20260812,3817,アルテック,9972,東S,,273,-1,-0.36%,2,9.40倍,0.41倍,2.56%
20260812,3818,ＡＩＧＨＤ,377A,名M,,"1,110",-2,-0.18%,2,40.0倍,1.57倍,ー%
20260812,3819,ＳＳ米株,449A,東Ｅ,,837.6,+1.5,+0.18%,2,ー倍,ー倍,ー%
20260812,3820,Ｏｎｅ高配グ,541A,東Ｅ,,"1,131.5",-3.5,-0.31%,2,ー倍,ー倍,ー%
20260812,3821,ｉＦ除金高配,566A,東Ｅ,,"2,301",+6,+0.26%,2,ー倍,ー倍,ー%
20260812,3822,上場パ中国Ａ,1322,東Ｅ,,"11,900",+100,+0.85%,2,ー倍,ー倍,ー%
20260812,3823,岐阜造園,1438,東S,,"2,143",-6,-0.28%,2,14.9倍,1.53倍,1.87%
20260812,3824,タナケン,1450,東S,,"1,451",-9,-0.62%,2,9.02倍,1.37倍,3.79%
20260812,3825,ＷＴ貴金属,1676,東Ｅ,,"42,550",+40,+0.09%,2,ー倍,ー倍,ー%
20260812,3826,ＷＴアルミ,1692,東Ｅ,,700.2,+10.1,+1.46%,2,ー倍,ー倍,ー%
20260812,3827,ＷＴ大豆,1697,東Ｅ,,"4,530",+2,+0.04%,2,ー倍,ー倍,ー%
20260812,3828,ヒップ,2136,東S,,"1,405",-5,-0.35%,2,12.8倍,1.37倍,5.05%
20260812,3829,セーラー広告,2156,東S,,276,-2,-0.72%,2,ー倍,0.64倍,2.17%
20260812,3830,サニーサイド,2180,東S,,"1,308",+1,+0.08%,2,15.1倍,3.36倍,0.84%
20260812,3831,滝沢ハム,2293,東S,,"2,766",+1,+0.04%,2,71.0倍,1.76倍,0.72%
20260812,3832,サイネックス,2376,東S,,788,+22,+2.87%,2,18.4倍,0.57倍,1.90%
20260812,3833,ウェッジＨＤ,2388,東G,,37,+1,+2.78%,2,ー倍,0.60倍,ー%
20260812,3834,ＫＧ情報,2408,東S,,850,+5,+0.59%,2,12.7倍,1.02倍,4.35%
20260812,3835,ゲンダイ,2411,東S,,461,0,0.00%,2,9.76倍,1.32倍,5.42%
20260812,3836,日本和装,2499,東S,,294,+1,+0.34%,2,10.3倍,0.74倍,4.76%
20260812,3837,野村新興国債,2519,東Ｅ,,"1,199.0",+0.5,+0.04%,2,ー倍,ー倍,ー%
20260812,3838,タビオ,2668,東S,,"1,267",+3,+0.24%,2,18.8倍,1.59倍,2.37%
20260812,3839,魚喜,2683,東S,,"1,009",0,0.00%,2,84.9倍,2.82倍,0.99%
20260812,3840,フェスタリア,2736,東S,,670,+1,+0.15%,2,15.0倍,1.43倍,1.04%
20260812,3841,北雄ラッキー,2747,東S,,"3,170",+20,+0.63%,2,21.1倍,0.69倍,1.58%
20260812,3842,パレモ・ＨＤ,2778,東S,,110,0,0.00%,2,13.0倍,0.84倍,ー%
20260812,3843,ファマライズ,2796,東S,,493,+1,+0.20%,2,514倍,0.85倍,2.84%
20260812,3844,デルソーレ,2876,東S,,492,+16,+3.36%,2,11.0倍,0.70倍,2.44%
20260812,3845,シノブフズ,2903,東S,,"1,574",-4,-0.25%,2,9.84倍,1.13倍,2.16%
20260812,3846,大森屋,2917,東S,,942,0,0.00%,2,23.9倍,0.40倍,ー%
20260812,3847,クリエイト,3024,東S,,"1,142",-5,-0.44%,2,8.13倍,0.78倍,3.77%
20260812,3848,ゴルフ・ドゥ,3032,名N,,320,+4,+1.27%,2,22.2倍,1.89倍,0.94%
20260812,3849,ビューテＨＤ,3041,東S,,404,0,0.00%,2,ー倍,3.22倍,ー%
20260812,3850,東京一番,3067,東S,,454,+2,+0.44%,2,35.3倍,2.15倍,ー%
20260812,3851,Ｔアルファ,3089,東S,,"1,040",+4,+0.39%,2,ー倍,0.80倍,3.37%
20260812,3852,オーミケンシ,3111,東S,,183,+3,+1.67%,2,6.86倍,2.77倍,ー%
20260812,3853,サイボー,3123,東S,,638,+4,+0.63%,2,8.26倍,0.40倍,2.82%
20260812,3854,ファンデリー,3137,東S,,206,+1,+0.49%,2,20.9倍,9.71倍,ー%
20260812,3855,ＯＣＨＩＨＤ,3166,東S,,"1,468",-3,-0.20%,2,14.6倍,0.77倍,3.75%
20260812,3856,ミサワ,3169,東S,,665,+4,+0.61%,2,27.5倍,1.50倍,1.20%
20260812,3857,ティーライフ,3172,東S,,"1,131",-3,-0.26%,2,25.7倍,0.75倍,2.65%
20260812,3858,ホットマン,3190,東S,,586,+1,+0.17%,2,11.2倍,0.53倍,1.88%
20260812,3859,ダイトウボウ,3202,東S,,128,0,0.00%,2,31.8倍,0.77倍,2.34%
20260812,3860,Ｇオイスター,3224,東G,,699,0,0.00%,2,110倍,2.44倍,1.43%
20260812,3861,グラン,3261,東G,,400,+5,+1.27%,2,20.5倍,0.62倍,3.75%
20260812,3862,エストラスト,3280,東S,,922,+7,+0.77%,2,5.62倍,0.53倍,3.69%
20260812,3863,アズマハウス,3293,東S,,768,-4,-0.52%,2,9.71倍,0.36倍,4.56%
20260812,3864,東和フード,3329,東S,,"2,124",+1,+0.05%,2,30.1倍,2.21倍,0.94%
20260812,3865,バッファロー,3352,東S,,"1,770",+9,+0.51%,2,8.55倍,0.63倍,3.95%
20260812,3866,メディ一光Ｇ,3353,東S,,"2,864",-5,-0.17%,2,8.30倍,0.68倍,4.19%
20260812,3867,トーエル,3361,東S,,875,-5,-0.57%,2,12.3倍,0.73倍,2.63%
20260812,3868,日東網,3524,東S,,"1,484",+6,+0.41%,2,12.8倍,0.48倍,3.37%
20260812,3869,アクサスＨＤ,3536,東S,,130,0,0.00%,2,15.8倍,1.60倍,1.54%
20260812,3870,オーベクス,3583,東S,,"1,281",+33,+2.64%,2,10.6倍,0.48倍,2.73%
20260812,3871,クラウディア,3607,東S,,363,+1,+0.28%,2,9.40倍,0.67倍,2.75%
20260812,3872,データＨＲ,3628,東G,,576,+16,+2.86%,2,28.1倍,50.1倍,ー%
20260812,3873,コムシード,3739,名N,,121,-1,-0.82%,2,7.79倍,2.20倍,ー%
20260812,3874,システムズＤ,3766,東S,,"1,425",+1,+0.07%,2,11.7倍,1.04倍,4.21%
20260812,3875,キーウェア,3799,東S,,"1,168",+21,+1.83%,2,12.1倍,1.22倍,3.42%
20260812,3876,大和コン,3816,東S,,"1,112",-16,-1.42%,2,22.9倍,0.79倍,1.71%
20260812,3877,データアプリ,3848,東S,,833,+9,+1.09%,2,29.8倍,1.16倍,4.20%
20260812,3878,ＭＫシステム,3910,東S,,274,-2,-0.72%,2,7.74倍,1.67倍,2.92%
20260812,3879,チエル,3933,東S,,506,+7,+1.40%,2,9.45倍,1.12倍,4.55%
20260812,3880,光ビジネス,3948,東S,,"1,160",+10,+0.87%,2,18.4倍,0.65倍,4.31%
20260812,3881,ビーグリー,3981,東S,,"1,237",+2,+0.16%,2,9.60倍,0.88倍,3.64%
20260812,3882,テモナ,3985,東S,,180,-1,-0.55%,2,47.0倍,2.75倍,ー%
20260812,3883,ＳＹＳＨＤ,3988,東S,,559,+4,+0.72%,2,9.79倍,1.46倍,1.43%
20260812,3884,西菱電機,4341,東S,,887,+22,+2.54%,2,14.3倍,0.56倍,5.07%
20260812,3885,イサム,4624,東S,,"3,780",+10,+0.27%,2,8.28倍,0.39倍,1.32%
20260812,3886,トーセ,4728,東S,,651,+4,+0.62%,2,6.25倍,0.79倍,3.84%
20260812,3887,ＡＬＰＨＡ,4760,東S,,"1,716",+37,+2.20%,2,10.6倍,1.00倍,4.08%
20260812,3888,ピーエイ,4766,東S,,192,+2,+1.05%,2,20.7倍,4.60倍,2.71%
20260812,3889,エンシュウ,6218,東S,,631,0,0.00%,2,15.9倍,0.37倍,1.90%
20260812,3890,タカキタ,6325,東S,,405,-3,-0.74%,2,18.6倍,0.55倍,2.47%
20260812,3891,ニチダイ,6467,東S,,335,+3,+0.90%,2,302倍,0.29倍,1.79%
20260812,3892,日宣,6543,東S,,"1,200",+3,+0.25%,2,14.2倍,1.17倍,2.75%
20260812,3893,みらいＷＫＳ,6563,東G,,501,+6,+1.21%,2,7.29倍,1.71倍,ー%
20260812,3894,要興業,6566,東S,,"1,415",-13,-0.91%,2,14.6倍,1.08倍,ー%
20260812,3895,ログリー,6579,東G,,364,+1,+0.28%,2,ー倍,3.34倍,ー%
20260812,3896,天昇電,6776,東S,,273,+1,+0.37%,2,7.74倍,0.41倍,1.83%
20260812,3897,中央製,6846,名M,,"1,466",+115,+8.51%,2,8.39倍,0.43倍,3.75%
20260812,3898,リーダー電子,6867,東S,,418,+3,+0.72%,2,26.0倍,0.53倍,3.59%
20260812,3899,ゼネラルパ,6267,東S,,"4,010",+5,+0.12%,1,8.76倍,0.88倍,2.99%
20260812,3900,宇野鉄,6396,東S,,"4,710",-10,-0.21%,1,10.8倍,1.31倍,1.06%
20260812,3901,クラッチ,6408,東S,,"4,505",0,0.00%,1,21.7倍,0.33倍,ー%
20260812,3902,ＭＳコンサル,6555,東S,,417,-2,-0.48%,1,8.56倍,0.64倍,ー%
20260812,3903,東洋電機,6655,名M,,765,+10,+1.32%,1,13.5倍,0.48倍,2.61%
20260812,3904,ＲＶＨ,6786,東S,,49,0,0.00%,1,ー倍,1.65倍,ー%
20260812,3905,パルステック,6894,東S,,"2,141",+5,+0.23%,1,9.76倍,0.75倍,4.20%
20260812,3906,原田工業,6904,東S,,452,+1,+0.22%,1,15.9倍,0.70倍,2.21%
20260812,3907,秋川牧園,1380,東S,,996,-5,-0.50%,1,51.9倍,1.91倍,1.00%
20260812,3908,ｉＦ４百Ｗベ,1466,東Ｅ,,192,-3,-1.54%,1,ー倍,ー倍,ー%
20260812,3909,Ｊ４百ベア２,1469,東Ｅ,,180.9,-2.3,-1.26%,1,ー倍,ー倍,ー%
20260812,3910,上場アジリト,1495,東Ｅ,,"11,550",0,0.00%,1,ー倍,ー倍,ー%
20260812,3911,ＭＸ高配ＭＮ,1499,東Ｅ,,"9,209",+2,+0.02%,1,ー倍,ー倍,ー%
20260812,3912,スタンダ２０,1551,東Ｅ,,"7,250",0,0.00%,1,ー倍,ー倍,ー%
20260812,3913,野村タイ５０,1559,東Ｅ,,"4,884",-25,-0.51%,1,ー倍,ー倍,ー%
20260812,3914,野村マレシア,1560,東Ｅ,,"6,596",-1,-0.02%,1,ー倍,ー倍,ー%
20260812,3915,ＷＴパラジ,1675,東Ｅ,,"19,900",+5,+0.03%,1,ー倍,ー倍,ー%
20260812,3916,ＷＴアグリ,1687,東Ｅ,,"1,049.0",+4.0,+0.38%,1,ー倍,ー倍,ー%
20260812,3917,美樹工業,1718,東S,,"6,830",+10,+0.15%,1,6.67倍,0.42倍,4.39%
20260812,3918,金下建,1897,東S,,"3,285",-20,-0.61%,1,21.0倍,0.34倍,1.52%
20260812,3919,神田通機,1992,東S,,"2,951",+1,+0.03%,1,22.6倍,1.10倍,2.88%
20260812,3920,ハンセンブル,2031,東EN,,"7,973",-162,-1.99%,1,ー倍,ー倍,ー%
20260812,3921,グロス２５０,2042,東EN,,"7,730",+60,+0.78%,1,ー倍,ー倍,ー%
20260812,3922,米国配当貴族,2044,東EN,,"35,640",+250,+0.71%,1,ー倍,ー倍,ー%
20260812,3923,中広,2139,東S,,530,+3,+0.57%,1,12.0倍,1.69倍,2.64%
20260812,3924,ハーバー研,4925,東S,,"1,755",-1,-0.06%,1,14.1倍,0.70倍,2.28%
20260812,3925,アジュバン,4929,東S,,736,0,0.00%,1,245倍,1.40倍,1.63%
20260812,3926,昭和化,4990,東S,,497,+2,+0.40%,1,ー倍,0.56倍,1.21%
20260812,3927,朝日ラバー,5162,東S,,800,-3,-0.37%,1,21.5倍,0.71倍,3.00%
20260812,3928,不二ラテ,5199,東S,,"1,990",+4,+0.20%,1,8.79倍,0.62倍,4.17%
20260812,3929,日本興業,5279,東S,,"1,183",-2,-0.17%,1,8.44倍,0.40倍,3.80%
20260812,3930,鶴弥,5386,名M,,381,+2,+0.53%,1,ー倍,0.22倍,ー%
20260812,3931,虹技,5603,東S,,"1,310",-1,-0.08%,1,10.8倍,0.27倍,3.05%
20260812,3932,洋シヤタ,5936,東S,,889,+2,+0.23%,1,7.04倍,0.56倍,4.84%
20260812,3933,天竜製鋸,5945,東S,,"2,436",-23,-0.94%,1,32.5倍,0.55倍,3.41%
20260812,3934,浅香工,5962,東S,,"1,984",+18,+0.92%,1,11.2倍,0.41倍,2.52%
20260812,3935,カネソウ,5979,名M,,"5,090",-10,-0.20%,1,10.5倍,0.47倍,3.93%
20260812,3936,オーネックス,5987,東S,Ｓ,"2,050",+400,+24.24%,1,8.34倍,0.60倍,0.98%
20260812,3937,スーパツール,5990,東S,,"1,933",-7,-0.36%,1,26.9倍,0.45倍,3.10%
20260812,3938,日本ＰＣ,6025,名N,,763,+21,+2.83%,1,133倍,4.21倍,ー%
20260812,3939,ニッキ,6042,東S,,"3,950",+10,+0.25%,1,9.87倍,0.52倍,3.04%
20260812,3940,イトクロ,6049,東G,,243,-2,-0.82%,1,15.9倍,0.53倍,ー%
20260812,3941,ニッチツ,7021,東S,,"2,139",+25,+1.18%,1,35.0倍,0.33倍,1.40%
20260812,3942,ＣＲＧＨＤ,7041,東G,,344,-2,-0.58%,1,19.2倍,0.65倍,2.62%
20260812,3943,ＴＤＳＥ,7046,東G,,"1,300",0,0.00%,1,32.5倍,1.16倍,0.77%
20260812,3944,フレアス,7062,東G,,800,ー,ー%,1,6.32倍,0.96倍,1.32%
20260812,3945,ＨＫＳ,7219,東S,,"2,660",+3,+0.11%,1,7.53倍,0.34倍,2.44%
20260812,3946,アスカ,7227,名M,,"1,825",-25,-1.35%,1,6.72倍,0.65倍,2.96%
20260812,3947,盟和産,7284,東S,,"1,183",0,0.00%,1,12.9倍,0.34倍,4.23%
20260812,3948,はるやまＨＤ,7416,東S,,683,+2,+0.29%,1,107倍,0.49倍,2.27%
20260812,3949,山大,7426,東S,,603,+2,+0.33%,1,ー倍,0.39倍,ー%
20260812,3950,東北化学,7446,東S,,"4,360",+100,+2.35%,1,7.70倍,0.45倍,2.41%
20260812,3951,プラザＨＤ,7502,東S,,"1,662",-5,-0.30%,1,18.7倍,2.19倍,1.50%
20260812,3952,ハウスローゼ,7506,東S,,"1,380",+2,+0.15%,1,463倍,1.25倍,1.81%
20260812,3953,大水,7538,東S,,385,+4,+1.05%,1,7.22倍,0.37倍,1.82%
20260812,3954,スリーエフ,7544,東S,,557,+6,+1.09%,1,14.1倍,1.01倍,3.23%
20260812,3955,ウェッズ,7551,東S,,718,+4,+0.56%,1,10.7倍,0.65倍,3.06%
20260812,3956,大田花き,7555,東S,,743,+2,+0.27%,1,27.4倍,0.72倍,1.62%
20260812,3957,ニチリョク,7578,東S,,65,-1,-1.52%,1,9.83倍,0.41倍,ー%
20260812,3958,星医療,7634,東S,,"5,100",0,0.00%,1,11.4倍,0.79倍,1.76%
20260812,3959,ダイコー通産,7673,東S,,"1,640",-5,-0.30%,1,9.21倍,0.97倍,4.39%
20260812,3960,シンシア,7782,東S,,475,0,0.00%,1,12.7倍,1.13倍,3.79%
20260812,3961,幸和製,7807,東S,,875,+15,+1.74%,1,7.48倍,1.00倍,1.49%
20260812,3962,プラッツ,7813,東S,,820,-3,-0.36%,1,12.1倍,0.82倍,2.56%
20260812,3963,ウイルコＨＤ,7831,東S,,67,+1,+1.52%,1,34.7倍,0.55倍,2.99%
20260812,3964,ｉＳ独国債Ｈ,2857,東Ｅ,,625.6,-0.9,-0.14%,1,ー倍,ー倍,ー%
20260812,3965,ＨＯＵＳＥＩ,5035,東G,,359,+5,+1.41%,1,14.1倍,0.78倍,0.84%
20260812,3966,ＧＸ日カバコ,2858,東Ｅ,,"1,544",+17,+1.11%,1,ー倍,ー倍,ー%
20260812,3967,野村独株Ｈ有,2860,東Ｅ,,"3,312",-1,-0.03%,1,ー倍,ー倍,ー%
20260812,3968,ファインズ,5125,東G,,478,-1,-0.21%,1,26.4倍,0.99倍,ー%
20260812,3969,ポーターズ,5126,東G,,"1,540",+60,+4.05%,1,11.9倍,1.69倍,ー%
20260812,3970,ＧＸ自動ＥＶ,2867,東Ｅ,,"1,795",-10,-0.55%,1,ー倍,ー倍,ー%
20260812,3971,アップコン,5075,名N,,"1,025",-4,-0.39%,1,20.4倍,2.26倍,ー%
20260812,3972,ＢＴＭ,5247,東G,,538,-1,-0.19%,1,23.0倍,2.09倍,ー%
20260812,3973,ｉＦＳＰ有,2248,東Ｅ,,"2,782",-11,-0.39%,1,ー倍,ー倍,ー%
20260812,3974,ＧＸＵＳ中小,2252,東Ｅ,,"1,490",+13,+0.88%,1,ー倍,ー倍,ー%
20260812,3975,キットア,5039,札Ａ,,"1,050",+1,+0.10%,1,10.5倍,1.38倍,ー%
20260812,3976,Ｍｉｓｕｍｉ,7441,福証,,"1,755",ー,ー%,1,11.3倍,0.46倍,2.85%
20260812,3977,ＲＫＢＨＤ,9407,福証,,"5,880",+200,+3.52%,1,14.2倍,0.30倍,1.45%
20260812,3978,一心同体,2082,東Ｅ,,"1,279",+4,+0.31%,1,ー倍,ー倍,ー%
20260812,3979,キャスター,9331,東G,,753,ー,ー%,1,ー倍,2.12倍,ー%
20260812,3980,ＲＥＩＴイン,2094,東Ｅ,,776,-6,-0.77%,1,ー倍,ー倍,ー%
20260812,3981,成友興業,9170,名M,,"1,725",+5,+0.29%,1,22.2倍,2.47倍,0.81%
20260812,3982,光フードＳ,138A,東G,,"3,000",0,0.00%,1,23.4倍,2.12倍,1.60%
20260812,3983,ＡＩセレクト,162A,東EN,,"17,720",+215,+1.23%,1,ー倍,ー倍,ー%
20260812,3984,イタミアート,168A,東G,,"1,076",+5,+0.47%,1,9.47倍,1.19倍,1.86%
20260812,3985,コージンＢ,177A,東G,,897,+2,+0.22%,1,41.7倍,0.77倍,1.11%
20260812,3986,ＧＸＣＦキン,234A,東Ｅ,,"1,512",0,0.00%,1,ー倍,ー倍,ー%
20260812,3987,伸和ＨＤ,7118,名N,,"4,135",-140,-3.27%,1,33.3倍,7.07倍,0.92%
20260812,3988,ＳＭＴ厳選投,257A,東Ｅ,,"3,506",+41,+1.18%,1,ー倍,ー倍,ー%
20260812,3989,グリクロＨＤ,272A,福証,,"1,346",-7,-0.52%,1,8.13倍,0.92倍,2.97%
20260812,3990,ハンワＨ,275A,名N,,346,+1,+0.29%,1,21.6倍,3.40倍,ー%
20260812,3991,ＧＸＵＳＴ配,283A,東Ｅ,,"1,382",0,0.00%,1,ー倍,ー倍,ー%
20260812,3992,ＧＶＡテック,298A,東G,,325,+5,+1.56%,1,756倍,7.54倍,ー%
20260812,3993,サトー商会,9996,東S,,"2,226",+4,+0.18%,1,15.2倍,0.68倍,2.16%
20260812,3994,ブランドＴ,7067,東G,,"1,030",-19,-1.81%,1,25.1倍,1.32倍,0.97%
20260812,3995,インフォネ,4444,東G,,952,+2,+0.21%,1,32.3倍,2.14倍,ー%
20260812,3996,２４７ＨＤ,7074,東G,,198,0,0.00%,1,241倍,36.5倍,ー%
20260812,3997,ＳＭＤトピク,2557,東Ｅ,,"4,194",+50,+1.21%,1,ー倍,ー倍,ー%
20260812,3998,リグア,7090,東G,,806,+3,+0.37%,1,107倍,7.69倍,ー%
20260812,3999,ミクリード,7687,東G,,426,0,0.00%,1,9.43倍,1.69倍,2.14%
20260812,4000,コパ,7689,東G,,303,-4,-1.30%,1,891倍,1.21倍,ー%
20260812,4001,グッドパッチ,7351,東G,,434,-1,-0.23%,1,9.27倍,0.87倍,2.30%
20260812,4002,まぐまぐ,4059,東S,,408,+18,+4.62%,1,81.3倍,1.36倍,ー%
20260812,4003,カラダノート,4014,東G,,508,+2,+0.40%,1,14.0倍,5.42倍,ー%
20260812,4004,ミット,4016,東S,,941,-2,-0.21%,1,11.0倍,2.61倍,3.19%
20260812,4005,インバウＴ,7031,東G,,688,0,0.00%,1,ー倍,1.40倍,ー%
20260812,4006,オンデック,7360,東G,,644,+3,+0.47%,1,12.9倍,1.91倍,ー%
20260812,4007,Ｔ．Ｓ．Ｉ,7362,東G,,868,+18,+2.12%,1,10.8倍,0.94倍,1.73%
20260812,4008,イーロジット,9327,東S,,194,+6,+3.19%,1,388倍,1.52倍,ー%
20260812,4009,ＧＸガバ日株,2636,東Ｅ,,"5,074",+44,+0.87%,1,ー倍,ー倍,ー%
20260812,4010,ドリムベッド,7791,東S,,813,+8,+0.99%,1,6.77倍,0.68倍,4.55%
20260812,4011,オムニプラス,7699,東G,,698,+20,+2.95%,1,ー倍,ー倍,ー%
20260812,4012,ジオロケ,4018,福Ｑ,,990,+20,+2.06%,1,ー倍,2.83倍,1.01%
20260812,4013,モビルス,4370,東G,,303,-2,-0.66%,1,ー倍,1.34倍,ー%
20260812,4014,日本調理機,2961,東S,,"1,555",+70,+4.71%,1,13.9倍,0.95倍,2.89%
20260812,4015,ＧＲＣＳ,9250,東G,,892,+9,+1.02%,1,19.9倍,-46倍,ー%
20260812,4016,トゥルーＤ,4416,東G,,413,+22,+5.63%,1,31.7倍,1.71倍,ー%
20260812,4017,ヒュウガプラ,7133,東G,,"1,247",-3,-0.24%,1,14.1倍,3.22倍,1.60%
20260812,4018,ＹＣＰ,9257,東G,,518,-4,-0.77%,1,ー倍,ー倍,ー%
20260812,4019,ハイブリッド,4260,東G,,216,+2,+0.93%,1,"2,400倍",1.19倍,ー%
20260812,4020,ＣＳ－Ｃ,9258,東G,,289,+1,+0.35%,1,ー倍,0.95倍,ー%
20260812,4021,ｉＳジニメＨ,2649,東Ｅ,,577.2,-0.5,-0.09%,1,ー倍,ー倍,ー%
20260812,4022,イメージＭ,7793,東G,,"1,400",+28,+2.04%,1,7.80倍,1.81倍,2.50%
20260812,4023,ＧＸインフ日,2847,東Ｅ,,"3,076",-2,-0.06%,1,ー倍,ー倍,ー%
20260812,4024,ＳＬＤ,3223,東S,,912,0,0.00%,1,13.8倍,-5.1倍,ー%
20260812,4025,東武住販,3297,東S,,"1,178",+2,+0.17%,1,8.87倍,0.68倍,3.65%
20260812,4026,ＺＯＡ,3375,東S,,"1,760",+35,+2.03%,1,6.53倍,0.70倍,4.26%
20260812,4027,北紡,3409,東S,,91,+1,+1.11%,1,144倍,1.88倍,ー%
20260812,4028,アートＧ,3419,名N,,"1,975",-2,-0.10%,1,771倍,4.26倍,ー%
20260812,4029,アトムリビン,3426,東S,,"1,289",-5,-0.39%,1,12.5倍,0.48倍,2.56%
20260812,4030,特殊電極,3437,東S,,"2,690",+20,+0.75%,1,13.4倍,0.54倍,3.79%
20260812,4031,三ツ知,3439,東S,,659,+2,+0.30%,1,11.4倍,0.30倍,3.03%
20260812,4032,Ｇ－ＦＡＣ,3474,東G,,579,+1,+0.17%,1,111倍,3.47倍,ー%
20260812,4033,フォーライフ,3477,東G,,898,+1,+0.11%,1,5.53倍,0.82倍,3.62%
20260812,4034,香陵住販,3495,東S,,"2,360",-40,-1.67%,1,5.98倍,0.94倍,2.71%
20260812,4035,ＡＴＡＯ,3550,東G,,218,-1,-0.46%,1,13.8倍,1.17倍,2.29%
20260812,4036,東海染,3577,東S,,934,+4,+0.43%,1,11.8倍,0.35倍,2.68%
20260812,4037,ネットイヤー,3622,東S,,492,+3,+0.61%,1,14.2倍,1.29倍,1.42%
20260812,4038,オークファン,3674,東G,,320,0,0.00%,1,168倍,0.83倍,ー%
20260812,4039,エンカレッジ,3682,東S,,618,+10,+1.64%,1,18.5倍,1.15倍,4.37%
20260812,4040,ジョルダン,3710,東S,,618,+5,+0.82%,1,21.0倍,0.65倍,0.97%
20260812,4041,ＡＤＲバイオ,3750,東S,,792,0,0.00%,1,354倍,322倍,ー%
20260812,4042,ガイアックス,3775,名N,,452,+5,+1.12%,1,12.7倍,1.77倍,1.11%
20260812,4043,システムディ,3804,東S,,440,+1,+0.23%,1,12.1倍,1.61倍,2.50%
20260812,4044,ＯＤＫ,3839,東S,,632,-1,-0.16%,1,17.3倍,0.84倍,1.58%
20260812,4045,ハビックス,3895,東S,,409,+1,+0.25%,1,9.20倍,0.42倍,3.91%
20260812,4046,コラボス,3908,東S,,343,-1,-0.29%,1,31.9倍,1.19倍,1.75%
20260812,4047,きょくとう,2300,東S,,501,+1,+0.20%,1,22.0倍,1.04倍,2.20%
20260812,4048,エヌアイデイ,2349,東S,,"2,504",-46,-1.80%,1,10.9倍,1.12倍,1.20%
20260812,4049,ケア２１,2373,東S,,405,+1,+0.25%,1,109倍,1.31倍,4.20%
20260812,4050,ブラス,2424,東S,,600,-2,-0.33%,1,10.1倍,0.74倍,1.33%
20260812,4051,ケアサービス,2425,東S,,674,-4,-0.59%,1,33.2倍,0.90倍,3.26%
20260812,4052,オルアバウト,2454,東S,,345,0,0.00%,1,ー倍,1.40倍,ー%
20260812,4053,ＭＸＪリコア,2517,東Ｅ,,"1,100.5",+6.5,+0.59%,1,ー倍,ー倍,ー%
20260812,4054,野村女性活躍,2518,東Ｅ,,"2,440",+24,+0.99%,1,ー倍,ー倍,ー%
20260812,4055,アイケイＨＤ,2722,東S,,357,0,0.00%,1,16.9倍,1.06倍,2.52%
20260812,4056,旭松食品,2911,東S,,"2,277",+14,+0.62%,1,26.9倍,0.48倍,1.54%
20260812,4057,カワサキ,3045,東S,,"1,481",-2,-0.13%,1,11.3倍,0.53倍,3.38%
20260812,4058,ヒラキ,3059,東S,,712,+1,+0.14%,1,34.7倍,0.58倍,2.81%
20260812,4059,ライフフーズ,3065,東S,,"1,619",+1,+0.06%,1,68.7倍,2.88倍,0.31%
20260812,4060,アゼアス,3161,東S,,663,-1,-0.15%,1,21.5倍,0.55倍,3.47%
20260812,4061,秩父鉄,9012,東S,,"2,100",-20,-0.94%,1,13.6倍,0.55倍,ー%
20260812,4062,センコン物流,9051,東S,,"1,310",-38,-2.82%,1,13.5倍,1.13倍,1.15%
20260812,4063,京極運,9073,東S,,"1,272",+15,+1.19%,1,32.9倍,0.76倍,0.94%
20260812,4064,神姫バ,9083,東S,,"1,984",+1,+0.05%,1,10.9倍,0.45倍,2.27%
20260812,4065,杉村倉,9307,東S,,985,-2,-0.20%,1,18.7倍,0.91倍,1.52%
20260812,4066,伏木運,9361,東S,,"2,090",+12,+0.58%,1,7.73倍,0.41倍,2.87%
20260812,4067,ユーラシア,9376,東S,,806,-3,-0.37%,1,ー倍,1.85倍,6.20%
20260812,4068,エヌジェイ,9421,東S,,505,+6,+1.20%,1,15.7倍,1.79倍,ー%
20260812,4069,フォーバルＴ,9445,東S,,540,+3,+0.56%,1,10.1倍,2.36倍,4.63%
20260812,4070,昭文社ＨＤ,9475,東S,,511,+7,+1.39%,1,25.5倍,0.65倍,0.98%
20260812,4071,中央経済ＨＤ,9476,東S,,974,-6,-0.61%,1,29.9倍,0.85倍,1.33%
20260812,4072,ホウライ,9679,東S,,"2,350",+5,+0.21%,1,19.7倍,0.96倍,1.02%
20260812,4073,両毛システム,9691,東S,,"5,150",ー,ー%,1,ー倍,1.10倍,ー%
20260812,4074,テーオーＨＤ,9812,東S,,235,-1,-0.42%,1,301倍,3.98倍,0.21%
20260812,4075,大丸エナ,9818,東S,,"1,518",+18,+1.20%,1,13.0倍,0.72倍,1.91%
20260812,4076,銀座ルノア,9853,東S,,907,+2,+0.22%,1,13.3倍,1.71倍,0.55%
20260812,4077,シャルレ,9885,東S,,337,+1,+0.30%,1,45.5倍,0.39倍,2.37%
20260812,4078,コンセック,9895,東S,,"1,260",-1,-0.08%,1,22.3倍,0.29倍,2.14%
20260812,4079,カンセキ,9903,東S,,899,-1,-0.11%,1,21.0倍,1.04倍,2.22%
20260812,4080,ショクブン,9969,東S,,237,0,0.00%,1,"1,823倍",1.60倍,1.05%
20260812,4081,文教堂ＧＨＤ,9978,東S,,46,0,0.00%,1,170倍,-5.7倍,ー%
20260812,4082,セキ,7857,東S,,"1,298",ー,ー%,1,40.1倍,0.33倍,2.00%
20260812,4083,平賀,7863,東S,,943,-8,-0.84%,1,10.4倍,0.57倍,4.24%
20260812,4084,ピープル,7865,東S,,337,+1,+0.30%,1,ー倍,0.80倍,ー%
20260812,4085,永大化工,7877,東S,,"2,130",+1,+0.05%,1,7.49倍,0.35倍,3.29%
20260812,4086,ヤマトモビＭ,7886,東S,,717,+10,+1.41%,1,69.5倍,2.08倍,ー%
20260812,4087,セブン工業,7896,東S,,507,-3,-0.59%,1,50.3倍,0.38倍,3.94%
20260812,4088,研創,7939,東S,,602,-1,-0.17%,1,10.3倍,0.69倍,3.82%
20260812,4089,日デコラ,7950,名M,,"9,200",ー,ー%,1,4.40倍,0.43倍,4.02%
20260812,4090,セーラー,7992,東S,,102,0,0.00%,1,ー倍,3.04倍,ー%
20260812,4091,東ソワール,8040,東S,,"1,041",0,0.00%,1,10.4倍,0.33倍,4.32%
20260812,4092,トルク,8077,東S,,208,0,0.00%,1,8.55倍,0.33倍,2.88%
20260812,4093,東天紅,8181,東S,,"1,010",+11,+1.10%,1,5.70倍,0.35倍,1.49%
20260812,4094,タカチホ,8225,東S,,"3,725",+105,+2.90%,1,7.56倍,1.00倍,2.95%
20260812,4095,毎コムネット,8908,東S,,861,0,0.00%,1,7.76倍,1.05倍,4.53%
20260812,4096,ＳＣＡＴ,3974,東S,,673,+1,+0.15%,1,16.8倍,1.01倍,2.08%
20260812,4097,ウォンテッド,3991,東G,,914,-16,-1.72%,1,5.64倍,1.43倍,2.19%
20260812,4098,丸尾カル,4102,東S,,"1,444",+4,+0.28%,1,20.7倍,0.30倍,2.08%
20260812,4099,ポバール興業,4247,東S,,"1,390",+5,+0.36%,1,11.9倍,0.61倍,3.02%
20260812,4100,ユークス,4334,東S,,385,-2,-0.52%,1,11.6倍,1.29倍,2.60%
20260812,4101,ＺＵＵ,4387,東G,,478,+4,+0.84%,1,227倍,2.11倍,ー%
20260812,4102,ＤＩシステム,4421,東S,,937,+7,+0.75%,1,10.7倍,1.64倍,2.99%
20260812,4103,シノプス,4428,東G,,725,-5,-0.68%,1,16.5倍,2.40倍,2.34%
20260812,4104,リックソフト,4429,東G,,717,+4,+0.56%,1,20.2倍,0.95倍,ー%
20260812,4105,仁丹,4524,東S,,"2,241",+2,+0.09%,1,17.4倍,0.71倍,2.90%
20260812,4106,ケミファ,4539,東S,,"1,583",+7,+0.44%,1,95.6倍,0.30倍,3.16%
20260812,4107,中京医薬,4558,東S,,200,0,0.00%,1,25.2倍,0.81倍,2.50%
20260812,4108,ＳＤエンター,4650,東S,,274,+1,+0.37%,1,16.4倍,1.36倍,ー%
20260812,4109,秀英,4678,東S,,323,+4,+1.25%,1,4.82倍,0.51倍,3.10%
20260812,4110,クリップ,4705,東S,,781,-2,-0.26%,1,36.5倍,0.62倍,5.12%
20260812,4111,キタック,4707,東S,,330,+1,+0.30%,1,10.9倍,0.50倍,2.12%
20260812,4112,トスネット,4754,東S,,"1,549",+25,+1.64%,1,13.4倍,0.85倍,2.39%
20260812,4113,ガーラ,4777,東S,,203,+2,+1.00%,1,ー倍,14.1倍,ー%
20260812,4114,ＳＭＤ日グ株,349A,東Ｅ,,856.0,+7.1,+0.84%,1,ー倍,ー倍,ー%
20260812,4115,ｉＦ英１００,363A,東Ｅ,,"2,785",+12,+0.43%,1,ー倍,ー倍,ー%
20260812,4116,ＭＸＳＰ等ウ,383A,東Ｅ,,"2,677",+37,+1.40%,1,ー倍,ー倍,ー%
20260812,4117,山忠,391A,名M,,"2,540",+59,+2.38%,1,6.23倍,0.62倍,3.07%
20260812,4118,ＧＸＵ社債,468A,東Ｅ,,284.3,+0.8,+0.28%,1,ー倍,ー倍,ー%
20260812,4119,野村欧州株,486A,東Ｅ,,"2,299",+17,+0.74%,1,ー倍,ー倍,ー%
20260812,4120,ＧＸステコイ,512A,東Ｅ,,"1,110",+1,+0.09%,1,ー倍,ー倍,ー%
20260812,4121,ＪＰＸ１００,526A,東Ｅ,,"2,164",+23,+1.07%,1,ー倍,ー倍,ー%
20260812,4122,農中ＮＱ１Ｕ,534A,東Ｅ,,"2,419",-21,-0.86%,1,ー倍,ー倍,ー%
20260812,4123,ｉＳプラチナ,569A,東Ｅ,,176.4,+0.4,+0.23%,1,ー倍,ー倍,ー%
20260812,4124,ｉＳ国債一三,571A,東Ｅ,,499.7,-0.8,-0.16%,1,ー倍,ー倍,ー%
20260812,4125,ｉＳ国債三七,572A,東Ｅ,,499.8,-1.1,-0.22%,1,ー倍,ー倍,ー%
20260812,4126,ＧＸ純銀Ｈ,578A,東Ｅ,,252.4,+3.8,+1.53%,1,ー倍,ー倍,ー%
20260812,4127,ｉＦ独３短国,613A,東Ｅ,,"1,969",+10,+0.51%,1,ー倍,ー倍,ー%
