日付,順位,銘柄名,コード,市場,状態,株価,前日差,騰落率,売買代金,PER,PBR,配当利回り
20260608,1,キオクシア,285A,東P,,"71,880","-6,260",-8.01%,"3,202,334",ー倍,28.1倍,ー%
20260608,2,ＳＢＧ,9984,東P,,"6,976",-450,-6.06%,"439,759",ー倍,2.26倍,0.16%
20260608,3,村田製,6981,東P,,"8,711",-984,-10.15%,"424,253",54.1倍,5.83倍,0.80%
20260608,4,日経レバ,1570,東Ｅ,,"67,010","-5,630",-7.75%,"376,253",ー倍,ー倍,ー%
20260608,5,太陽誘電,6976,東P,,"14,975",-875,-5.52%,"288,376",104倍,5.44倍,0.60%
20260608,6,アドテスト,6857,東P,,"25,235","-1,530",-5.72%,"253,968",39.3倍,23.0倍,ー%
20260608,7,東エレク,8035,東P,,"55,020","-4,430",-7.45%,"219,722",ー倍,12.2倍,ー%
20260608,8,フジクラ,5803,東P,,"4,401",-346,-7.29%,"200,082",46.7倍,13.0倍,0.86%
20260608,9,古河電,5801,東P,,"45,260","-3,790",-7.73%,"143,677",38.8倍,7.63倍,0.49%
20260608,10,三菱ＵＦＪ,8306,東P,,"3,168.0",-51.0,-1.58%,"138,149",13.2倍,1.60倍,3.03%
20260608,11,イビデン,4062,東P,,"17,060","-1,700",-9.06%,"131,751",82.1倍,8.66倍,0.21%
20260608,12,ディスコ,6146,東P,,"67,480","-5,100",-7.03%,"129,594",ー倍,12.5倍,ー%
20260608,13,任天堂,7974,東P,,"7,640",+116,+1.54%,"107,640",28.4倍,2.98倍,2.12%
20260608,14,ルネサス,6723,東P,,"4,139",-429,-9.39%,"94,960",ー倍,2.96倍,ー%
20260608,15,レーザーテク,6920,東P,,"39,100","-3,080",-7.30%,"93,123",48.7倍,15.5倍,0.84%
20260608,16,三井住友ＦＧ,8316,東P,,"6,105",-125,-2.01%,"92,193",13.7倍,1.47倍,2.95%
20260608,17,トヨタ,7203,東P,,"2,822.5",-27.5,-0.96%,"86,718",11.1倍,0.84倍,3.54%
20260608,18,三菱重,7011,東P,,"3,699",-91,-2.40%,"86,070",32.7倍,4.02倍,0.78%
20260608,19,ファストリ,9983,東P,,"78,820",+120,+0.15%,"76,077",50.4倍,9.19倍,0.81%
20260608,20,住友電,5802,東P,,"12,140",-870,-6.69%,"75,258",29.6倍,3.45倍,1.29%
20260608,21,日立,6501,東P,,"5,031",-269,-5.08%,"73,546",26.5倍,3.43倍,ー%
20260608,22,みずほＦＧ,8411,東P,,"7,562",-154,-2.00%,"72,863",14.2倍,1.63倍,1.98%
20260608,23,ＴＤＫ,6762,東P,,"3,715",-396,-9.63%,"66,609",31.3倍,3.22倍,1.08%
20260608,24,三井金属,5706,東P,,"41,350","-3,140",-7.06%,"61,860",31.5倍,5.74倍,0.68%
20260608,25,ＪＸ金属,5016,東P,,"3,532",-228,-6.06%,"60,364",29.5倍,4.62倍,0.57%
20260608,26,東京海上,8766,東P,,"7,232",+236,+3.37%,"60,194",16.7倍,2.56倍,3.39%
20260608,27,ソニーＧ,6758,東P,,"3,508.0",-51.0,-1.43%,"58,938",17.8倍,2.54倍,1.00%
20260608,28,レゾナック,4004,東P,,"15,970","-1,345",-7.77%,"58,458",37.5倍,4.07倍,0.41%
20260608,29,日東紡,3110,東P,,"18,680","-1,570",-7.75%,"56,993",40.0倍,3.92倍,0.75%
20260608,30,ＳＵＭＣＯ,3436,東P,,"3,522",-519,-12.84%,"54,499",ー倍,2.16倍,ー%
20260608,31,キーエンス,6861,東P,,"74,980","-3,090",-3.96%,"54,067",ー倍,5.24倍,0.73%
20260608,32,野村日経平均,1321,東Ｅ,,"67,030","-2,670",-3.83%,"52,474",ー倍,ー倍,ー%
20260608,33,信越化,4063,東P,,"6,863",-487,-6.63%,"51,288",ー倍,2.86倍,ー%
20260608,34,ファナック,6954,東P,,"7,128",-520,-6.80%,"50,921",36.0倍,3.57倍,ー%
20260608,35,ＮＴＴ,9432,東P,,147.3,+1.3,+0.89%,"49,418",12.2倍,1.23倍,3.67%
20260608,36,リクルート,6098,東P,,"10,755",+160,+1.51%,"48,136",24.0倍,9.44倍,0.24%
20260608,37,パナＨＤ,6752,東P,,"3,574",-180,-4.79%,"47,101",19.9倍,1.60倍,1.51%
20260608,38,三菱商,8058,東P,,"4,833",-26,-0.54%,"43,780",16.1倍,1.87倍,2.59%
20260608,39,三菱電,6503,東P,,"5,668",-346,-5.75%,"41,651",24.4倍,2.59倍,1.06%
20260608,40,コクサイエレ,6525,東P,,"7,250",-772,-9.62%,"40,563",43.7倍,7.72倍,0.65%
20260608,41,日経Ｄインバ,1357,東Ｅ,,"3,154",+227,+7.76%,"38,805",ー倍,ー倍,ー%
20260608,42,武蔵精密,7220,東P,,"7,020","-1,170",-14.29%,"36,485",70.8倍,3.77倍,0.57%
20260608,43,安川電,6506,東P,,"6,425",-437,-6.37%,"35,377",35.5倍,3.45倍,1.12%
20260608,44,京セラ,6971,東P,,"3,571",-149,-4.01%,"34,683",33.2倍,1.40倍,1.57%
20260608,45,ＩＨＩ,7013,東P,,"2,505.0",-69.0,-2.68%,"33,901",16.1倍,4.07倍,0.92%
20260608,46,川重,7012,東P,,"2,754.0",-135.5,-4.69%,"31,844",20.9倍,2.62倍,1.45%
20260608,47,住友鉱,5713,東P,,"7,996",-582,-6.78%,"30,840",15.4倍,1.03倍,2.59%
20260608,48,アストロＨＤ,186A,東G,,"2,089",-1,-0.05%,"30,621",ー倍,27.8倍,ー%
20260608,49,ダイキン,6367,東P,,"23,440",-260,-1.10%,"29,335",23.5倍,2.01倍,1.54%
20260608,50,ホンダ,7267,東P,,"1,438.5",-6.0,-0.42%,"28,890",21.5倍,0.47倍,4.87%
20260608,51,楽天Ｗブル,1458,東Ｅ,,"79,900","-6,750",-7.79%,"28,014",ー倍,ー倍,ー%
20260608,52,スクリン,7735,東P,,"11,760",-870,-6.89%,"27,917",20.2倍,4.57倍,1.49%
20260608,53,ＮＥＣ,6701,東P,,"4,096",-157,-3.69%,"27,733",ー倍,2.47倍,0.98%
20260608,54,富士フイルム,4901,東P,,"3,426.0",-102.0,-2.89%,"27,677",14.6倍,1.07倍,2.19%
20260608,55,富士通,6702,東P,,"3,465.0",-126.0,-3.51%,"27,338",19.4倍,2.97倍,1.59%
20260608,56,三井物,8031,東P,,"4,932",-107,-2.12%,"27,243",15.2倍,1.59倍,2.84%
20260608,57,ローム,6963,東P,,"4,815",-455,-8.63%,"27,157",64.1倍,2.45倍,1.04%
20260608,58,味の素,2802,東P,,"4,806",-136,-2.75%,"26,781",38.3倍,5.96倍,1.04%
20260608,59,ＪＴ,2914,東P,,"6,135",+162,+2.71%,"26,686",19.1倍,2.67倍,3.94%
20260608,60,Ｆスターズ,3687,東P,Ｓ,"2,935",-700,-19.26%,"26,461",48.6倍,10.8倍,0.65%
20260608,61,ＫＤＤＩ,9433,東P,,"2,724.0",+72.5,+2.73%,"26,138",ー倍,2.04倍,3.08%
20260608,62,オリックス,8591,東P,,"6,101",-12,-0.20%,"26,041",12.7倍,1.50倍,3.07%
20260608,63,伊藤忠,8001,東P,,"1,844.0",-29.5,-1.57%,"25,113",13.6倍,1.96倍,2.39%
20260608,64,コマツ,6301,東P,,"6,555",-184,-2.73%,"25,029",18.4倍,1.67倍,2.90%
20260608,65,丸紅,8002,東P,,"4,870",-174,-3.45%,"24,201",13.7倍,1.82倍,2.36%
20260608,66,三井住友トラ,8309,東P,,"5,786",-42,-0.72%,"23,984",10.6倍,1.13倍,3.28%
20260608,67,ＨＯＹＡ,7741,東P,,"25,280","-1,060",-4.02%,"23,708",ー倍,8.29倍,ー%
20260608,68,武田,4502,東P,,"5,050",+124,+2.52%,"23,182",48.1倍,1.07倍,4.04%
20260608,69,ソシオネクス,6526,東P,,"2,456.0",-274.5,-10.05%,"22,936",43.1倍,3.24倍,2.04%
20260608,70,リガクＨＤ,268A,東P,,"2,501",-539,-17.73%,"22,809",45.3倍,6.48倍,0.76%
20260608,71,住友商,8053,東P,,"6,617",-225,-3.29%,"21,777",12.5倍,1.70倍,2.42%
20260608,72,日経ブル２,1579,東Ｅ,,724.1,-60.8,-7.75%,"21,767",ー倍,ー倍,ー%
20260608,73,ＳＯＭＰＯ,8630,東P,,"5,992",+94,+1.59%,"21,627",10.9倍,1.03倍,3.34%
20260608,74,データセク,3905,東G,,"4,940",+40,+0.82%,"21,083",18.0倍,8.47倍,ー%
20260608,75,キヤノン,7751,東P,,"4,332",-31,-0.71%,"21,037",11.1倍,1.08倍,3.69%
20260608,76,富士電機,6504,東P,,"13,920","-1,405",-9.17%,"20,319",19.4倍,2.54倍,ー%
20260608,77,日電波,6779,東P,,"4,350",-310,-6.65%,"20,206",43.4倍,3.12倍,0.69%
20260608,78,りそなＨＤ,8308,東P,,"2,085.5",-32.5,-1.53%,"20,205",15.1倍,1.61倍,1.77%
20260608,79,郵船,9101,東P,,"5,646",+37,+0.66%,"20,142",11.7倍,0.74倍,3.54%
20260608,80,ＡＩメカ,6227,東S,,"7,060",-380,-5.11%,"20,011",43.2倍,9.80倍,0.24%
20260608,81,ＡＧＣ,5201,東P,,"7,214",-521,-6.74%,"19,906",19.9倍,1.02倍,2.91%
20260608,82,第一三共,4568,東P,,"2,528.5",+38.5,+1.55%,"19,865",17.7倍,2.76倍,3.95%
20260608,83,日本製鉄,5401,東P,,538.8,-8.2,-1.50%,"19,768",12.8倍,0.51倍,4.45%
20260608,84,ＳＭＣ,6273,東P,,"62,210","-3,050",-4.67%,"19,575",23.1倍,1.85倍,1.61%
20260608,85,ニデック,6594,東P,,"2,605",-168,-6.06%,"19,256",ー倍,1.70倍,ー%
20260608,86,ミネベア,6479,東P,,"4,546",-448,-8.97%,"19,104",22.0倍,2.03倍,1.32%
20260608,87,ゆうちょ銀,7182,東P,,"3,126.0",-35.0,-1.11%,"19,062",16.9倍,1.21倍,2.98%
20260608,88,商船三井,9104,東P,,"5,767",-34,-0.59%,"18,699",11.7倍,0.69倍,3.55%
20260608,89,ハーモニック,6324,東P,,"7,160",+70,+0.99%,"18,477",151倍,8.43倍,0.28%
20260608,90,ホトニクス,6965,東P,,"2,630.0",-234.0,-8.17%,"18,474",46.5倍,2.37倍,1.44%
20260608,91,ＭＳ＆ＡＤ,8725,東P,,"4,402",+77,+1.78%,"17,858",15.0倍,1.34倍,3.86%
20260608,92,デンソー,6902,東P,,"1,903.5",+16.5,+0.87%,"17,521",13.4倍,0.93倍,3.89%
20260608,93,中外薬,4519,東P,,"7,465",-89,-1.18%,"17,381",ー倍,6.44倍,1.77%
20260608,94,東電ＨＤ,9501,東P,,535.4,+7.0,+1.32%,"17,379",ー倍,0.36倍,ー%
20260608,95,野村,8604,東P,,"1,359.5",-1.5,-0.11%,"17,277",ー倍,1.06倍,ー%
20260608,96,野村日半導,200A,東Ｅ,,"4,778",-392,-7.58%,"17,122",ー倍,ー倍,ー%
20260608,97,ＩＮＰＥＸ,1605,東P,,"3,641.0",-44.0,-1.19%,"16,889",10.6倍,0.87倍,2.97%
20260608,98,日経ベア２,1360,東Ｅ,,77.4,+5.6,+7.80%,"16,836",ー倍,ー倍,ー%
20260608,99,三井不,8801,東P,,"1,462.5",-32.5,-2.17%,"16,608",13.8倍,1.20倍,2.53%
20260608,100,荏原,6361,東P,,"5,030",-505,-9.12%,"16,081",23.1倍,4.43倍,1.31%
20260608,101,ＴＯＴＯ,5332,東P,,"7,664",-339,-4.24%,"16,038",27.4倍,2.39倍,1.57%
20260608,102,住友不,8830,東P,,"3,416.0",-134.0,-3.77%,"15,890",14.2倍,1.28倍,1.52%
20260608,103,ＮＧＫ,5333,東P,,"6,092",-483,-7.35%,"15,730",20.9倍,2.12倍,1.74%
20260608,104,サンリオ,8136,東P,,897.0,-8.0,-0.88%,"15,674",20.9倍,7.90倍,1.47%
20260608,105,ＪＦＥ,5411,東P,,"1,580.0",-34.0,-2.11%,"15,605",6.70倍,0.38倍,5.06%
20260608,106,ＢＴＣＪＰＮ,8105,東S,,250,+12,+5.04%,"15,522",ー倍,4.03倍,ー%
20260608,107,川崎汽,9107,東P,,"2,703.0",+1.5,+0.06%,"15,506",17.4倍,0.92倍,4.44%
20260608,108,テラドローン,278A,東G,,"8,260",+70,+0.85%,"15,217",ー倍,16.7倍,ー%
20260608,109,ＳＢ,9434,東P,,213.8,+2.1,+0.99%,"14,584",18.5倍,3.88倍,4.12%
20260608,110,中部電,9502,東P,,"2,675.0",-120.5,-4.31%,"14,266",ー倍,0.64倍,2.62%
20260608,111,ブリヂストン,5108,東P,,"3,430.0",+50.0,+1.48%,"14,103",12.6倍,1.16倍,3.64%
20260608,112,ＴＯＷＡ,6315,東P,,"2,897",-343,-10.59%,"13,993",31.1倍,3.08倍,0.83%
20260608,113,アステラス,4503,東P,,"2,149.0",-12.0,-0.56%,"13,973",12.8倍,2.10倍,3.72%
20260608,114,第一ライフ,8750,東P,,"1,667.5",+5.0,+0.30%,"13,940",11.7倍,1.41倍,4.32%
20260608,115,豊田通商,8015,東P,,"6,165",-291,-4.51%,"13,643",16.3倍,2.06倍,2.03%
20260608,116,ＯＬＣ,4661,東P,,"2,220.0",+39.5,+1.81%,"13,617",32.0倍,3.31倍,0.72%
20260608,117,セブン＆アイ,3382,東P,,"1,915.5",+52.0,+2.79%,"13,570",16.4倍,1.22倍,3.13%
20260608,118,イオン,8267,東P,,"1,394.5",+40.0,+2.95%,"13,344",52.8倍,3.17倍,1.08%
20260608,119,菱地所,8802,東P,,"3,898",-82,-2.06%,"13,324",20.0倍,1.75倍,1.26%
20260608,120,クボタ,6326,東P,,"2,753.5",-132.0,-4.57%,"13,241",14.9倍,1.17倍,1.89%
20260608,121,ＦＩＧ,4392,東P,,"1,596",+236,+17.35%,"13,183",71.6倍,5.56倍,0.63%
20260608,122,ＳＢＩ,8473,東P,,"2,830.5",-56.0,-1.94%,"13,115",ー倍,1.02倍,ー%
20260608,123,アサヒ,2502,東P,,"1,505.0",+29.5,+2.00%,"13,109",13.1倍,0.78倍,3.46%
20260608,124,ＧＸ半導日株,2644,東Ｅ,,"3,953",-361,-8.37%,"13,096",ー倍,ー倍,ー%
20260608,125,ＳＵＢＡＲＵ,7270,東P,,"2,493.0",+38.5,+1.57%,"13,005",13.7倍,0.64倍,4.65%
20260608,126,日本マイクロ,6871,東P,,"12,980","-1,330",-9.29%,"12,792",ー倍,6.80倍,ー%
20260608,127,良品計画,7453,東P,,"3,555.0",+48.0,+1.37%,"12,718",30.4倍,5.01倍,0.90%
20260608,128,純金信託,1540,東Ｅ,,"20,650",-670,-3.14%,"12,519",ー倍,ー倍,ー%
20260608,129,アマダ,6113,東P,,"2,794.5",-297.5,-9.62%,"12,358",25.5倍,1.62倍,2.29%
20260608,130,楽天グループ,4755,東P,,741.0,-16.7,-2.20%,"12,352",ー倍,1.79倍,ー%
20260608,131,日本郵政,6178,東P,,"2,128.0",+5.5,+0.26%,"12,124",15.3倍,0.60倍,2.82%
20260608,132,大成建,1801,東P,,"13,170",-105,-0.79%,"12,111",14.2倍,2.26倍,2.89%
20260608,133,ＪＲ東海,9022,東P,,"3,394.0",+49.0,+1.46%,"11,884",7.24倍,0.64倍,0.94%
20260608,134,資生堂,4911,東P,,"2,599.0",+19.5,+0.76%,"11,715",24.7倍,1.71倍,2.31%
20260608,135,メイコー,6787,東P,,"33,900","-1,700",-4.78%,"11,697",32.6倍,6.74倍,0.47%
20260608,136,オムロン,6645,東P,,"5,862",-300,-4.87%,"11,641",41.9倍,1.38倍,1.88%
20260608,137,積水ハウス,1928,東P,,"3,254.0",+51.0,+1.59%,"11,614",9.68倍,0.98倍,4.46%
20260608,138,ＥＮＥＯＳ,5020,東P,,"1,250.0",-27.0,-2.11%,"11,613",8.08倍,1.00倍,2.72%
20260608,139,テルモ,4543,東P,,"2,284.5",+4.5,+0.20%,"11,593",20.4倍,2.13倍,1.58%
20260608,140,菱ガス化,4182,東P,,"4,675",-505,-9.75%,"11,464",19.8倍,1.41倍,2.35%
20260608,141,住友ファーマ,4506,東P,,"1,514.5",+77.5,+5.39%,"11,342",8.82倍,2.32倍,ー%
20260608,142,特殊陶,5334,東P,,"9,877",-278,-2.74%,"11,292",18.4倍,2.51倍,2.13%
20260608,143,デクセリ,4980,東P,,"3,920",-449,-10.28%,"11,279",23.9倍,6.00倍,1.63%
20260608,144,東応化,4186,東P,,"9,700",-720,-6.91%,"11,237",33.2倍,4.95倍,0.82%
20260608,145,ＪＲ東日本,9020,東P,,"3,380.0",+14.0,+0.42%,"11,174",15.0倍,1.25倍,2.49%
20260608,146,日産自,7201,東P,,341.8,-6.0,-1.73%,"11,124",59.8倍,0.25倍,ー%
20260608,147,大塚ＨＤ,4578,東P,,"10,550",-30,-0.28%,"10,998",21.0倍,1.79倍,1.33%
20260608,148,ジーエヌアイ,2160,東G,,"2,810",-23,-0.81%,"10,976",ー倍,3.13倍,ー%
20260608,149,アンリツ,6754,東P,,"4,269",-420,-8.96%,"10,959",36.4倍,4.12倍,1.17%
20260608,150,大和ハウス,1925,東P,,"4,249",+58,+1.38%,"10,904",11.6倍,0.91倍,4.14%
20260608,151,ダイフク,6383,東P,,"6,585",-297,-4.32%,"10,886",30.3倍,5.28倍,1.25%
20260608,152,エムスリー,2413,東P,,"1,611.5",+21.5,+1.35%,"10,878",20.3倍,2.63倍,ー%
20260608,153,ＭＡＲＵＷＡ,5344,東P,,"67,750","-6,180",-8.36%,"10,817",ー倍,5.68倍,0.16%
20260608,154,スズキ,7269,東P,,"1,854.5",-11.0,-0.59%,"10,723",9.42倍,1.06倍,2.75%
20260608,155,芝浦,6590,東P,,"4,695",-395,-7.76%,"10,656",25.9倍,5.54倍,1.36%
20260608,156,旭化成,3407,東P,,"1,746.0",-40.5,-2.27%,"10,521",14.8倍,1.13倍,2.52%
20260608,157,ＦＵＪＩ,6134,東P,,"7,162",-574,-7.42%,"10,470",19.1倍,2.71倍,2.65%
20260608,158,鹿島,1812,東P,,"5,391",-168,-3.02%,"10,443",14.7倍,1.77倍,2.71%
20260608,159,カプコン,9697,東P,,"2,915.5",+30.5,+1.06%,"10,235",21.0倍,4.56倍,1.58%
20260608,160,ベイカレント,6532,東P,,"5,962",-9,-0.15%,"10,129",18.6倍,7.64倍,2.18%
20260608,161,三井Ｅ＆Ｓ,7003,東P,,"4,212",-44,-1.03%,"10,091",14.2倍,1.86倍,1.42%
20260608,162,関西電,9503,東P,,"2,310.5",-30.5,-1.30%,"9,945",8.30倍,0.74倍,3.46%
20260608,163,コナミＧ,9766,東P,,"19,395",-305,-1.55%,"9,879",26.0倍,4.66倍,1.15%
20260608,164,日東電,6988,東P,,"3,008.0",-52.0,-1.70%,"9,726",14.3倍,1.76倍,2.13%
20260608,165,アシックス,7936,東P,,"4,356",-68,-1.54%,"9,714",28.1倍,9.77倍,0.87%
20260608,166,東宝,9602,東P,,"1,280.5",+81.5,+6.80%,"9,576",26.0倍,2.07倍,1.72%
20260608,167,日製鋼,5631,東P,,"7,470",-460,-5.80%,"9,563",28.9倍,2.59倍,1.23%
20260608,168,ＪＡＬ,9201,東P,,"2,624.5",-46.5,-1.74%,"9,503",10.3倍,0.87倍,3.66%
20260608,169,野村総研,4307,東P,,"4,699",-183,-3.75%,"9,452",22.1倍,6.06倍,1.79%
20260608,170,ＴＨＫ,6481,東P,,"7,069",-540,-7.10%,"9,426",34.9倍,3.14倍,2.60%
20260608,171,島津,7701,東P,,"3,794",-92,-2.37%,"9,392",19.9倍,1.94倍,1.85%
20260608,172,スカＪＳＡＴ,9412,東P,,"3,495",-150,-4.12%,"9,331",36.7倍,3.26倍,1.37%
20260608,173,パンパシＨＤ,7532,東P,,839.3,+7.4,+0.89%,"9,239",23.5倍,3.67倍,1.01%
20260608,174,Ｔ＆Ｄ,8795,東P,,"4,395",+5,+0.11%,"9,091",15.6倍,1.31倍,3.73%
20260608,175,三菱ＨＣキャ,8593,東P,,"1,298.5",+26.0,+2.04%,"9,088",11.7倍,0.94倍,3.93%
20260608,176,ＱＤレーザ,6613,東G,,"2,550",-20,-0.78%,"9,082",242倍,21.9倍,ー%
20260608,177,バンナムＨＤ,7832,東P,,"3,719",-32,-0.85%,"9,062",18.4倍,2.77倍,ー%
20260608,178,ローツェ,6323,東P,,"3,942",-287,-6.79%,"8,985",24.6倍,5.25倍,0.51%
20260608,179,オリンパス,7733,東P,,"1,809.5",-34.0,-1.84%,"8,933",18.8倍,2.37倍,1.66%
20260608,180,精工技研,6834,東S,,"26,290","-2,270",-7.95%,"8,782",36.7倍,6.94倍,0.46%
20260608,181,ユニオンツル,6278,東P,,"21,490",-970,-4.32%,"8,770",44.1倍,5.08倍,0.60%
20260608,182,すかいらーく,3197,東P,,"2,716.5",+73.5,+2.78%,"8,720",31.7倍,3.25倍,0.96%
20260608,183,野村東証指数,1306,東Ｅ,,408.8,-9.8,-2.34%,"8,706",ー倍,ー倍,ー%
20260608,184,ニトリＨＤ,9843,東P,,"2,638.5",-18.0,-0.68%,"8,668",16.4倍,1.51倍,1.21%
20260608,185,東京メトロ,9023,東P,,"1,402.0",+17.0,+1.23%,"8,611",16.3倍,1.11倍,3.14%
20260608,186,キリンＨＤ,2503,東P,,"2,641.5",+34.0,+1.30%,"8,609",13.5倍,1.60倍,2.88%
20260608,187,ＪＲ西日本,9021,東P,,"2,547.0",+38.5,+1.53%,"8,548",11.6倍,0.96倍,3.83%
20260608,188,ソニーＦＧ,8729,東P,,142.0,+1.7,+1.21%,"8,532",ー倍,1.51倍,5.63%
20260608,189,花王,4452,東P,,"5,995",+74,+1.25%,"8,480",20.9倍,2.53倍,2.60%
20260608,190,ＱＰＳＨＤ,464A,東G,,"2,870",-49,-1.68%,"8,413",320倍,10.7倍,ー%
20260608,191,日ケミコン,6997,東P,,"4,535",-445,-8.94%,"8,165",27.3倍,1.75倍,0.55%
20260608,192,三越伊勢丹,3099,東P,,"3,483.0",-47.0,-1.33%,"8,091",19.8倍,1.97倍,2.30%
20260608,193,ＧＳユアサ,6674,東P,,"6,654",-626,-8.60%,"8,090",18.5倍,1.69倍,1.47%
20260608,194,塩野義,4507,東P,,"2,844.5",-20.5,-0.72%,"8,071",11.5倍,1.44倍,2.67%
20260608,195,ｉＳ日経,1329,東Ｅ,,"6,669",-274,-3.95%,"8,068",ー倍,ー倍,ー%
20260608,196,ＺＯＺＯ,3092,東P,,"1,072.5",+12.5,+1.18%,"7,882",19.1倍,8.88倍,3.73%
20260608,197,楽天銀,5838,東P,,"4,869",-81,-1.64%,"7,835",10.5倍,2.29倍,ー%
20260608,198,三井海洋,6269,東P,,"10,360",-75,-0.72%,"7,749",12.2倍,2.92倍,1.93%
20260608,199,清水建,1803,東P,,"2,429.0",-85.5,-3.40%,"7,705",12.7倍,1.69倍,3.17%
20260608,200,テラスカイ,3915,東P,,"2,841",-534,-15.82%,"7,632",24.0倍,2.92倍,0.60%
20260608,201,Ｆ＆ＬＣ,3563,東P,,"9,735",-152,-1.54%,"7,610",36.9倍,9.65倍,0.41%
20260608,202,ニッパツ,5991,東P,,"3,841",-208,-5.14%,"7,574",17.3倍,1.78倍,1.80%
20260608,203,日本取引所,8697,東P,,"1,998.0",-6.0,-0.30%,"7,539",26.5倍,5.95倍,3.05%
20260608,204,フェローテク,6890,東S,,"8,230",-870,-9.56%,"7,537",13.5倍,1.60倍,3.24%
20260608,205,阪急阪神,9042,東P,,"4,503",+65,+1.46%,"7,458",13.4倍,0.96倍,2.22%
20260608,206,積水化,4204,東P,,"2,319.5",+3.5,+0.15%,"7,449",12.3倍,1.10倍,3.49%
20260608,207,トレンド,4704,東P,,"6,328",-350,-5.24%,"7,402",22.4倍,7.40倍,ー%
20260608,208,セコム,9735,東P,,"6,393",+84,+1.33%,"7,393",24.4倍,1.96倍,1.88%
20260608,209,ＴＯＰＰＡＮ,7911,東P,,"4,137",-164,-3.81%,"7,343",21.2倍,0.87倍,1.40%
20260608,210,メタプラ,3350,東S,,237,+2,+0.85%,"7,306",ー倍,0.75倍,ー%
20260608,211,東ガス,9531,東P,,"6,311",+121,+1.95%,"7,288",15.3倍,1.22倍,1.90%
20260608,212,大林組,1802,東P,,"3,071.0",-60.0,-1.92%,"7,190",13.5倍,1.68倍,3.06%
20260608,213,横河電,6841,東P,,"4,941",-285,-5.45%,"7,162",21.3倍,2.40倍,1.86%
20260608,214,ラインヤフー,4689,東P,,406.7,-1.3,-0.32%,"7,161",ー倍,0.93倍,2.70%
20260608,215,エプソン,6724,東P,,"2,871.5",-91.5,-3.09%,"7,138",15.6倍,1.08倍,2.79%
20260608,216,ＤＯＷＡ,5714,東P,,"9,257",-748,-7.48%,"7,113",9.61倍,1.20倍,3.65%
20260608,217,ナブテスコ,6268,東P,,"4,860",-313,-6.05%,"7,092",30.6倍,2.08倍,1.69%
20260608,218,ニチコン,6996,東P,,"4,070",-305,-6.97%,"6,964",40.8倍,2.29倍,0.96%
20260608,219,オービック,4684,東P,,"3,986",-7,-0.18%,"6,929",21.0倍,3.33倍,2.36%
20260608,220,ＰｏｗｅｒＸ,485A,東G,,"2,726",-163,-5.64%,"6,908",250倍,45.1倍,ー%
20260608,221,ヤマハ発,7272,東P,,"1,220.5",-3.5,-0.29%,"6,881",11.9倍,1.02倍,4.10%
20260608,222,マツダ,7261,東P,,"1,112.5",-15.5,-1.37%,"6,846",7.80倍,0.37倍,4.94%
20260608,223,ＡＮＡＨＤ,9202,東P,,"2,799.0",-41.0,-1.44%,"6,839",12.9倍,0.83倍,2.14%
20260608,224,住友化,4005,東P,,569.9,-14.1,-2.41%,"6,790",13.4倍,0.93倍,2.81%
20260608,225,きんでん,1944,東P,,"6,762",+141,+2.13%,"6,662",19.1倍,2.02倍,3.55%
20260608,226,上場日経平均,1330,東Ｅ,,"67,160","-2,700",-3.86%,"6,658",ー倍,ー倍,ー%
20260608,227,大和,8601,東P,,"1,535.5",-25.5,-1.63%,"6,632",ー倍,1.21倍,ー%
20260608,228,メルカリ,4385,東P,,"3,796",-78,-2.01%,"6,630",ー倍,5.22倍,ー%
20260608,229,東京精,7729,東P,,"16,640","-1,270",-7.09%,"6,549",24.1倍,3.54倍,1.66%
20260608,230,エーザイ,4523,東P,,"3,806",+31,+0.82%,"6,462",20.5倍,1.19倍,4.20%
20260608,231,ＴＩＳ,3626,東P,,"3,349.0",-40.0,-1.18%,"6,458",12.3倍,2.16倍,2.69%
20260608,232,東京きらぼし,7173,東P,,"11,810",+80,+0.68%,"6,450",9.08倍,0.97倍,2.03%
20260608,233,シスメックス,6869,東P,,"1,460.5",-33.0,-2.21%,"6,433",24.7倍,1.76倍,2.74%
20260608,234,三菱マ,5711,東P,,"4,595",-309,-6.30%,"6,404",12.3倍,0.82倍,2.52%
20260608,235,ゼンショＨＤ,7550,東P,,"7,695",+159,+2.11%,"6,336",26.0倍,4.62倍,1.04%
20260608,236,オルガノ,6368,東P,,"15,015",-315,-2.05%,"6,283",23.0倍,4.83倍,1.47%
20260608,237,ＳＨＩＦＴ,3697,東P,,685.2,-37.1,-5.14%,"6,255",ー倍,4.58倍,ー%
20260608,238,大塚商会,4768,東P,,"2,976.5",+18.0,+0.61%,"6,248",18.5倍,2.88倍,3.19%
20260608,239,大日印,7912,東P,,"2,627.5",-1.5,-0.06%,"6,244",11.9倍,0.95倍,1.56%
20260608,240,京都ＦＧ,5844,東P,,"4,575",-47,-1.02%,"6,234",24.9倍,1.14倍,2.30%
20260608,241,ヒューリック,3003,東P,,"1,677.0",+21.0,+1.27%,"6,230",10.5倍,1.40倍,4.00%
20260608,242,関電化,4047,東P,,"3,905",-190,-4.64%,"6,208",32.9倍,3.09倍,0.92%
20260608,243,サイバー,4751,東P,,"1,389.0",-23.0,-1.63%,"6,206",25.6倍,3.62倍,1.37%
20260608,244,浜ゴム,5101,東P,,"6,931",-97,-1.38%,"6,205",10.0倍,1.05倍,2.48%
20260608,245,マクドナルド,2702,東S,,"7,430",+70,+0.95%,"6,188",28.6倍,3.48倍,0.86%
20260608,246,大東建,1878,東P,,"2,978.0",+47.0,+1.60%,"6,184",8.98倍,1.94倍,5.47%
20260608,247,ＧＸ半導体,2243,東Ｅ,,"4,710",-353,-6.97%,"6,154",ー倍,ー倍,ー%
20260608,248,マツキヨココ,3088,東P,,"2,367.5",+74.5,+3.25%,"6,121",15.8倍,1.71倍,2.37%
20260608,249,ＴＰＸブル,1568,東Ｅ,,899.1,-44.5,-4.72%,"6,108",ー倍,ー倍,ー%
20260608,250,双日,2768,東P,,"5,092",-99,-1.91%,"6,041",8.15倍,0.97倍,3.53%
20260608,251,西武ＨＤ,9024,東P,,"2,657.0",+1.0,+0.04%,"6,041",25.0倍,1.19倍,1.58%
20260608,252,上場日経２倍,1358,東Ｅ,,"127,800","-10,750",-7.76%,"6,031",ー倍,ー倍,ー%
20260608,253,ミスミＧ,9962,東P,,"3,611",-131,-3.50%,"6,009",25.6倍,2.52倍,1.47%
20260608,254,栗田工,6370,東P,,"8,279",-490,-5.59%,"5,996",21.4倍,2.64倍,1.62%
20260608,255,マキタ,6586,東P,,"5,405",-133,-2.40%,"5,972",17.2倍,1.40倍,ー%
20260608,256,ｉＦ日経年１,1320,東Ｅ,,"66,780","-2,720",-3.91%,"5,957",ー倍,ー倍,ー%
20260608,257,ダイヘン,6622,東P,,"15,360",-840,-5.19%,"5,955",22.0倍,2.35倍,1.37%
20260608,258,ＮＸＨＤ,9147,東P,,"5,143",-19,-0.37%,"5,853",20.7倍,1.50倍,1.94%
20260608,259,三井化学,4183,東P,,"2,047.5",-42.5,-2.03%,"5,836",16.5倍,0.86倍,3.66%
20260608,260,ＤＭＧ森精機,6141,東P,,"3,218.0",-157.0,-4.65%,"5,785",30.3倍,1.36倍,3.26%
20260608,261,出光興産,5019,東P,,"1,348.5",-32.5,-2.35%,"5,783",21.6倍,0.85倍,2.67%
20260608,262,電子材料,6855,東S,,"7,030",-690,-8.94%,"5,753",18.7倍,2.29倍,1.14%
20260608,263,トクヤマ,4043,東P,,"4,973",-539,-9.78%,"5,697",ー倍,1.26倍,ー%
20260608,264,不二製油,2607,東P,,"3,935.0",+273.0,+7.45%,"5,655",17.4倍,1.41倍,1.58%
20260608,265,インフロニア,5076,東P,,"2,539.5",-6.0,-0.24%,"5,654",11.1倍,1.26倍,3.94%
20260608,266,東海カーボン,5301,東P,,"1,782.5",-117.0,-6.16%,"5,643",30.1倍,1.14倍,2.24%
20260608,267,三菱ケミＧ,4188,東P,,"1,033.5",-29.5,-2.78%,"5,566",11.1倍,0.80倍,3.10%
20260608,268,ラサ工,4022,東P,,"2,062",-234,-10.19%,"5,468",18.7倍,2.53倍,1.75%
20260608,269,東急,9005,東P,,"1,681.5",-2.5,-0.15%,"5,432",10.6倍,1.05倍,1.90%
20260608,270,シマノ,7309,東P,,"15,520",-145,-0.93%,"5,420",31.5倍,1.53倍,2.34%
20260608,271,いすゞ,7202,東P,,"2,163.5",-13.5,-0.62%,"5,406",9.29倍,1.00倍,4.34%
20260608,272,横浜ＦＧ,7186,東P,,"1,642.0",-5.0,-0.30%,"5,398",14.2倍,1.30倍,2.86%
20260608,273,オンコリス,4588,東G,,"2,562",-52,-1.99%,"5,277",ー倍,20.9倍,ー%
20260608,274,しずおかＦＧ,5831,東P,,"2,897.0",+0.5,+0.02%,"5,233",14.6倍,1.25倍,3.38%
20260608,275,ＳＷＣＣ,5805,東P,,"13,640","-1,230",-8.27%,"5,229",21.8倍,4.11倍,1.83%
20260608,276,東レ,3402,東P,,"1,094.5",-27.0,-2.41%,"5,215",17.7倍,0.89倍,2.38%
20260608,277,住友林,1911,東P,,"1,295.5",+7.5,+0.58%,"5,190",8.36倍,0.76倍,3.86%
20260608,278,ＳＢＩ新生銀,8303,東P,,"1,392.5",-3.5,-0.25%,"5,172",ー倍,1.01倍,3.02%
20260608,279,千葉銀,8331,東P,,"2,361.5",-19.0,-0.80%,"5,171",15.3倍,1.30倍,2.71%
20260608,280,ユニチャーム,8113,東P,,908.0,+3.2,+0.35%,"5,157",18.1倍,1.99倍,2.42%
20260608,281,ＪＩＮＳＨＤ,3046,東P,,"8,560",+500,+6.20%,"5,138",23.2倍,5.90倍,1.34%
20260608,282,アルバック,6728,東P,,"8,173",-656,-7.43%,"5,128",21.7倍,1.75倍,1.86%
20260608,283,関電工,1942,東P,,"5,745",-109,-1.86%,"5,126",17.6倍,2.93倍,2.26%
20260608,284,ネクソン,3659,東P,,"2,228.5",-21.5,-0.96%,"5,125",ー倍,1.66倍,2.69%
20260608,285,デンカ,4061,東P,,"3,808",-303,-7.37%,"5,111",20.5倍,1.06倍,2.63%
20260608,286,日本ペＨＤ,4612,東P,,962.5,-15.3,-1.56%,"5,109",11.3倍,1.17倍,1.77%
20260608,287,ニコン,7731,東P,,"1,825.0",-120.5,-6.19%,"5,068",60.1倍,1.02倍,1.10%
20260608,288,キッコマン,2801,東P,,"1,464.0",+27.0,+1.88%,"5,043",22.1倍,2.42倍,1.71%
20260608,289,ふくおかＦＧ,8354,東P,,"6,741",-56,-0.82%,"5,041",12.7倍,1.18倍,3.12%
20260608,290,フルヤ金属,7826,東P,,"8,350",-470,-5.33%,"5,040",13.7倍,2.78倍,1.86%
20260608,291,日産化,4021,東P,,"7,172",-313,-4.18%,"5,036",18.7倍,3.76倍,2.96%
20260608,292,日立建機,6305,東P,,"5,247",-168,-3.10%,"5,029",14.0倍,1.24倍,3.62%
20260608,293,日清食ＨＤ,2897,東P,,"2,655.0",+80.5,+3.13%,"5,027",16.3倍,1.47倍,2.64%
20260608,294,日本ドライ,1909,東S,,"3,740",+10,+0.27%,"4,985",ー倍,3.23倍,ー%
20260608,295,東ソー,4042,東P,,"2,727.5",-46.0,-1.66%,"4,980",ー倍,1.01倍,3.67%
20260608,296,大ガス,9532,東P,,"5,516",+27,+0.49%,"4,967",14.5倍,1.16倍,2.36%
20260608,297,日本オラクル,4716,東S,,"8,959",-437,-4.65%,"4,938",ー倍,6.11倍,ー%
20260608,298,住友ゴ,5110,東P,,"1,979.5",-3.0,-0.15%,"4,936",9.46倍,0.72倍,4.24%
20260608,299,ロート,4527,東P,,"2,465.5",+65.5,+2.73%,"4,899",16.2倍,1.85倍,2.03%
20260608,300,東洋水,2875,東P,,"10,135",+15,+0.15%,"4,861",15.0倍,1.86倍,2.17%
20260608,301,日電硝,5214,東P,,"6,133",-337,-5.21%,"4,860",19.7倍,0.91倍,2.61%
20260608,302,光通信,9435,東P,,"36,000",-890,-2.41%,"4,836",13.1倍,1.33倍,2.17%
20260608,303,ヤマダＨＤ,9831,東P,,666.9,+12.6,+1.93%,"4,744",15.9倍,0.70倍,2.55%
20260608,304,ｓａｎｔｅｃ,6777,東S,,"23,200","-1,970",-7.83%,"4,727",31.0倍,9.80倍,0.99%
20260608,305,野村不ＨＤ,3231,東P,,892.2,-2.3,-0.26%,"4,692",8.86倍,0.95倍,4.93%
20260608,306,サントリＢＦ,2587,東P,,"4,277",+72,+1.71%,"4,569",14.9倍,1.00倍,2.81%
20260608,307,純銀信託,1542,東Ｅ,,"31,930","-2,160",-6.34%,"4,564",ー倍,ー倍,ー%
20260608,308,あおぞら銀,8304,東P,,"2,708.5",+86.0,+3.28%,"4,547",13.9倍,0.78倍,3.69%
20260608,309,Ｓｙｎｓ,290A,東G,,"1,505",-13,-0.86%,"4,452",75.7倍,5.53倍,ー%
20260608,310,日揮ＨＤ,1963,東P,,"2,561.0",-84.5,-3.19%,"4,447",13.5倍,1.44倍,2.03%
20260608,311,テクセンド,429A,東P,,"3,800",-285,-6.98%,"4,424",15.9倍,2.16倍,1.84%
20260608,312,三和ＨＤ,5929,東P,,"3,504.0",-34.0,-0.96%,"4,409",12.2倍,2.11倍,4.17%
20260608,313,クレセゾン,8253,東P,,"4,128",-12,-0.29%,"4,384",7.85倍,0.78倍,3.88%
20260608,314,ＭＸ２２５,1346,東Ｅ,,"66,630","-2,770",-3.99%,"4,345",ー倍,ー倍,ー%
20260608,315,東建物,8804,東P,,"3,216.0",-2.0,-0.06%,"4,339",10.6倍,1.13倍,3.79%
20260608,316,神戸鋼,5406,東P,,"1,910.0",-25.5,-1.32%,"4,323",7.55倍,0.60倍,4.19%
20260608,317,ラウンドワン,4680,東P,,922.3,-16.2,-1.73%,"4,306",13.3倍,2.93倍,1.95%
20260608,318,住友ベ,4203,東P,,"6,239",-271,-4.16%,"4,292",19.2倍,1.58倍,1.92%
20260608,319,楽天Ｗベア,1459,東Ｅ,,127,+8,+6.72%,"4,283",ー倍,ー倍,ー%
20260608,320,ＴＯＹＯ,5105,東P,,"3,629.0",-21.0,-0.58%,"4,203",10.4倍,1.05倍,3.72%
20260608,321,神戸物産,3038,東P,,"2,642.5",+58.5,+2.26%,"4,202",19.9倍,3.73倍,1.21%
20260608,322,ＣＫＤ,6407,東P,,"5,830",-430,-6.87%,"4,197",23.9倍,2.54倍,1.63%
20260608,323,ビルファンド,8951,東Ｒ,,"121,800","+2,400",+2.01%,"4,157",22.3倍,1.47倍,4.04%
20260608,324,ＬＩＸＩＬ,5938,東P,,"1,723.0",+13.0,+0.76%,"4,145",41.3倍,0.75倍,5.22%
20260608,325,堀場製,6856,東P,,"24,475","-1,445",-5.57%,"4,142",21.2倍,2.99倍,2.00%
20260608,326,サンドラッグ,9989,東P,,"3,875",+104,+2.76%,"4,121",14.1倍,1.58倍,3.41%
20260608,327,日経高配５０,1489,東Ｅ,,"3,191",-49,-1.51%,"4,117",ー倍,ー倍,ー%
20260608,328,小野薬,4528,東P,,"2,248.0",+23.0,+1.03%,"4,101",14.9倍,1.24倍,3.56%
20260608,329,ツガミ,6101,東P,,"6,220",-340,-5.18%,"4,097",17.0倍,3.61倍,1.58%
20260608,330,モノタロウ,3064,東P,,"1,875.0",-10.0,-0.53%,"4,086",25.5倍,8.01倍,1.97%
20260608,331,トリケミカル,4369,東P,,"3,570",-410,-10.30%,"4,079",25.2倍,3.16倍,0.98%
20260608,332,電通グループ,4324,東P,,"3,080.0",-17.0,-0.55%,"4,068",11.5倍,1.92倍,ー%
20260608,333,五洋建,1893,東P,,"1,604.5",-93.0,-5.48%,"4,059",12.5倍,2.20倍,3.24%
20260608,334,ラクス,3923,東P,,977.0,-21.9,-2.19%,"4,047",13.7倍,13.3倍,0.82%
20260608,335,ユニチカ,3103,東S,,"1,196",-31,-2.53%,"4,039",14.9倍,2.06倍,ー%
20260608,336,名村造,7014,東S,,"3,590",-105,-2.84%,"4,037",11.3倍,1.83倍,1.67%
20260608,337,明治ＨＤ,2269,東P,,"3,717.0",+43.0,+1.17%,"4,029",16.1倍,1.30倍,2.96%
20260608,338,かんぽ生命,7181,東P,,"1,455.0",+32.5,+2.28%,"4,018",11.2倍,0.38倍,3.44%
20260608,339,大真空,6962,東P,,"1,090",-37,-3.28%,"4,012",347倍,0.89倍,2.57%
20260608,340,ＵＢＥ,4208,東P,,"2,921.0",-34.0,-1.15%,"3,883",11.6倍,0.65倍,5.48%
20260608,341,野村東証銀行,1615,東Ｅ,,685.5,-7.2,-1.04%,"3,855",ー倍,ー倍,ー%
20260608,342,ヒロセ電,6806,東P,,"26,620","-2,010",-7.02%,"3,801",25.6倍,2.30倍,1.95%
20260608,343,一工薬,4461,東P,,"10,650","-1,080",-9.21%,"3,797",16.9倍,2.17倍,1.41%
20260608,344,ｉＦ日経Ｗブ,1365,東Ｅ,,"4,117",-359,-8.02%,"3,790",ー倍,ー倍,ー%
20260608,345,山一電機,6941,東P,,"8,920",-830,-8.51%,"3,759",17.9倍,3.54倍,1.68%
20260608,346,高度紙,3891,東S,,"9,040",-130,-1.42%,"3,756",29.8倍,3.64倍,1.22%
20260608,347,Ｊディスプレ,6740,東P,,54,-2,-3.57%,"3,732",ー倍,-5.3倍,ー%
20260608,348,ジェイテクト,6473,東P,,"2,061.5",-45.0,-2.14%,"3,728",13.1倍,0.83倍,3.40%
20260608,349,ツルハＨＤ,3391,東P,,"2,053.0",+66.5,+3.35%,"3,697",22.4倍,1.06倍,2.34%
20260608,350,協和キリン,4151,東P,,"2,362.5",+73.5,+3.21%,"3,682",16.5倍,1.39倍,2.96%
20260608,351,丸井Ｇ,8252,東P,,"2,766.0",+31.5,+1.15%,"3,673",16.8倍,2.02倍,4.84%
20260608,352,アルプスアル,6770,東P,,"2,074.0",-60.0,-2.81%,"3,653",13.5倍,0.90倍,3.09%
20260608,353,ディーエヌエ,2432,東P,,"2,680.0",+13.5,+0.51%,"3,628",ー倍,1.12倍,ー%
20260608,354,ブラザー,6448,東P,,"3,730",-56,-1.48%,"3,619",12.8倍,1.21倍,2.68%
20260608,355,住友重,6302,東P,,"4,927",-325,-6.19%,"3,605",17.2倍,0.86倍,2.94%
20260608,356,日ハム,2282,東P,,"6,112",+169,+2.84%,"3,601",15.1倍,1.07倍,2.95%
20260608,357,牧野フ,6135,東P,,"14,190",-320,-2.21%,"3,591",15.0倍,1.27倍,2.40%
20260608,358,アイシン,7259,東P,,"2,360.5",-31.5,-1.32%,"3,590",11.4倍,0.78倍,3.18%
20260608,359,野村マイクロ,6254,東P,,"4,015",-240,-5.64%,"3,584",13.9倍,3.91倍,2.12%
20260608,360,ＨＰＣシス,6597,東G,Ｓ,"5,620","-1,000",-15.11%,"3,582",45.3倍,8.83倍,0.57%
20260608,361,スタンレー,6923,東P,,"3,545.0",-81.0,-2.23%,"3,546",12.8倍,0.96倍,3.13%
20260608,362,エンプラス,6961,東P,,"11,880","-1,330",-10.07%,"3,465",21.5倍,1.72倍,0.76%
20260608,363,東急不ＨＤ,3289,東P,,"1,287.0",-1.0,-0.08%,"3,460",9.17倍,1.02倍,3.89%
20260608,364,竹内製作所,6432,東P,,"7,410",-380,-4.88%,"3,459",13.2倍,1.83倍,2.97%
20260608,365,フジＨＤ,4676,東P,,"4,129",-47,-1.13%,"3,454",22.5倍,1.08倍,4.84%
20260608,366,クラレ,3405,東P,,"1,632.5",0,0.00%,"3,430",12.3倍,0.66倍,3.92%
20260608,367,メック,4971,東P,,"9,640",-800,-7.66%,"3,397",31.7倍,5.57倍,1.14%
20260608,368,アクセルＨＤ,402A,東G,,709,-11,-1.53%,"3,373",ー倍,6.29倍,ー%
20260608,369,イオレ,2334,東G,,576,-85,-12.86%,"3,364",18.9倍,6.84倍,ー%
20260608,370,大同特鋼,5471,東P,,"2,134.5",-94.0,-4.22%,"3,363",15.5倍,0.90倍,2.44%
20260608,371,古野電,6814,東P,,"6,100",-240,-3.79%,"3,350",14.8倍,2.16倍,2.62%
20260608,372,コスモス薬品,3349,東P,,"6,066",+264,+4.55%,"3,340",15.5倍,1.75倍,1.24%
20260608,373,マクニカＨＤ,3132,東P,,"3,225.0",-268.0,-7.67%,"3,326",18.0倍,2.06倍,2.48%
20260608,374,ＳＭＤリート,1398,東Ｅ,,"1,807.0",+22.0,+1.23%,"3,270",ー倍,ー倍,ー%
20260608,375,日本酸素ＨＤ,4091,東P,,"5,434",-152,-2.72%,"3,260",18.0倍,1.93倍,1.21%
20260608,376,高砂熱,1969,東P,,"4,632",-85,-1.80%,"3,176",15.2倍,2.89倍,2.66%
20260608,377,シャープ,6753,東P,,657.2,-0.9,-0.14%,"3,173",10.2倍,1.52倍,ー%
20260608,378,Ｊパワー,9513,東P,,"4,022",+63,+1.59%,"3,157",8.74倍,0.50倍,2.61%
20260608,379,八十二長野,8359,東P,,"2,353.5",-27.0,-1.13%,"3,120",14.7倍,0.93倍,2.76%
20260608,380,ＫＬａｂ,3656,東P,,255,+11,+4.51%,"3,106",ー倍,2.00倍,ー%
20260608,381,朝日インテク,7747,東P,,"3,753",-19,-0.50%,"3,103",32.6倍,5.99倍,1.23%
20260608,382,アズビル,6845,東P,,"1,577.0",-34.0,-2.11%,"3,081",22.5倍,3.14倍,3.17%
20260608,383,堺化学,4078,東P,,"5,250",-210,-3.85%,"3,062",18.3倍,1.03倍,3.05%
20260608,384,コカＢＪＨ,2579,東P,,"3,592.0",+94.0,+2.69%,"3,057",25.9倍,1.58倍,2.00%
20260608,385,スクエニＨＤ,9684,東P,,"2,488.5",-30.0,-1.19%,"3,041",29.0倍,2.57倍,1.73%
20260608,386,近鉄ＧＨＤ,9041,東P,,"3,649.0",+52.0,+1.45%,"3,025",14.8倍,1.13倍,1.92%
20260608,387,オープンＨ,3288,東P,,"8,445",+81,+0.97%,"3,025",7.97倍,1.61倍,2.37%
20260608,388,リコー,7752,東P,,"1,456.5",-55.5,-3.67%,"3,023",13.3倍,0.71倍,3.02%
20260608,389,三菱自,7211,東P,,331.5,-6.5,-1.92%,"3,006",17.8倍,0.48倍,3.02%
20260608,390,めぶきＦＧ,7167,東P,,"1,348.5",-9.0,-0.66%,"3,005",13.3倍,1.18倍,2.97%
20260608,391,シンフォニア,6507,東P,,"14,230","-1,100",-7.18%,"2,991",26.8倍,4.06倍,1.13%
20260608,392,ＦＤＫ,6955,東S,,640,+66,+11.50%,"2,989",29.4倍,1.16倍,ー%
20260608,393,ニチレイ,2871,東P,,"1,966.0",+31.0,+1.60%,"2,977",14.7倍,1.72倍,3.39%
20260608,394,カシオ,6952,東P,,"1,801.0",-34.5,-1.88%,"2,949",21.8倍,1.71倍,ー%
20260608,395,ヤクルト,2267,東P,,"2,675.0",+45.0,+1.71%,"2,947",16.6倍,1.27倍,2.69%
20260608,396,石油資源,1662,東P,,"1,734",+4,+0.23%,"2,941",7.40倍,0.71倍,2.60%
20260608,397,ＡＢＣマート,2670,東P,,"2,717.0",+43.5,+1.63%,"2,937",14.5倍,1.69倍,2.94%
20260608,398,エディオン,2730,東P,,"2,570",+104,+4.22%,"2,937",17.3倍,1.16倍,1.95%
20260608,399,ＪＲ九州,9142,東P,,"3,485.0",+53.0,+1.54%,"2,934",10.4倍,1.09倍,3.47%
20260608,400,Ｊフロント,3086,東P,,"2,222.5",-11.5,-0.51%,"2,923",18.7倍,1.31倍,2.52%
20260608,401,参天薬,4536,東P,,"1,954.0",+27.0,+1.40%,"2,912",15.7倍,2.12倍,2.15%
20260608,402,北川精機,6327,東S,,"3,585",-395,-9.92%,"2,904",49.6倍,5.18倍,0.39%
20260608,403,ヤマハ,7951,東P,,"1,101.0",+4.0,+0.36%,"2,902",17.3倍,1.01倍,2.36%
20260608,404,３ＤＭ,7777,東G,,440,-6,-1.35%,"2,867",13.4倍,12.0倍,ー%
20260608,405,トムソン,6480,東P,,"1,817",-130,-6.68%,"2,846",18.7倍,1.53倍,1.76%
20260608,406,地盤ＨＤ,6072,東S,,"1,380",-171,-11.03%,"2,843",ー倍,21.6倍,ー%
20260608,407,日本化,4092,東P,,"5,140",-20,-0.39%,"2,799",14.9倍,0.89倍,ー%
20260608,408,日電子,6951,東P,,"6,516",-568,-8.02%,"2,757",14.9倍,2.19倍,2.03%
20260608,409,オンコセラピ,4564,東G,,19,0,0.00%,"2,750",ー倍,3.66倍,ー%
20260608,410,ＰＡＬＴＡＣ,8283,東P,,"6,633",+1,+0.02%,"2,745",ー倍,1.33倍,ー%
20260608,411,千代建,6366,東S,,694,-38,-5.19%,"2,718",26.0倍,5.40倍,ー%
20260608,412,スギＨＤ,7649,東P,,"2,944.0",+93.5,+3.28%,"2,707",16.2倍,1.83倍,1.19%
20260608,413,王子ＨＤ,3861,東P,,780.6,+1.7,+0.22%,"2,682",18.9倍,0.60倍,4.61%
20260608,414,北洋銀,8524,東P,,990,-3,-0.30%,"2,669",12.6倍,0.96倍,3.23%
20260608,415,オークマ,6103,東P,,"3,930",-255,-6.09%,"2,664",17.9倍,0.95倍,2.54%
20260608,416,トライアル,141A,東G,,"2,782",+8,+0.29%,"2,633",684倍,2.61倍,0.58%
20260608,417,ＨＩＯＫＩ,6866,東P,,"12,630",-640,-4.82%,"2,623",22.5倍,3.90倍,1.90%
20260608,418,カドカワ,9468,東P,,"3,384.0",+26.0,+0.77%,"2,622",85.8倍,2.03倍,0.89%
20260608,419,マブチ,6592,東P,,"1,545.5",-14.0,-0.90%,"2,615",17.5倍,1.11倍,3.62%
20260608,420,太平洋セメ,5233,東P,,"4,265",-83,-1.91%,"2,593",9.68倍,0.68倍,2.81%
20260608,421,ＷＴＩ原油,1671,東Ｅ,,"5,602",+130,+2.38%,"2,591",ー倍,ー倍,ー%
20260608,422,扶桑化学,4368,東P,,"3,905",-225,-5.45%,"2,589",24.9倍,3.52倍,0.72%
20260608,423,日精工,6471,東P,,"1,143.5",-45.0,-3.79%,"2,583",23.3倍,0.83倍,2.97%
20260608,424,セガサミー,6460,東P,,"2,317.0",-70.5,-2.95%,"2,562",14.4倍,1.32倍,2.37%
20260608,425,ＤＩＣ,4631,東P,,"4,736",-181,-3.68%,"2,552",13.6倍,0.93倍,2.96%
20260608,426,山九,9065,東P,,"8,621",+31,+0.36%,"2,550",13.1倍,1.43倍,3.06%
20260608,427,住友大阪,5232,東P,,"5,003",-426,-7.85%,"2,549",15.9倍,0.81倍,2.40%
20260608,428,コニカミノル,4902,東P,,605.9,-25.4,-4.02%,"2,543",10.5倍,0.56倍,2.97%
20260608,429,東北電,9506,東P,,"1,006.5",+13.2,+1.33%,"2,540",ー倍,0.45倍,3.97%
20260608,430,シチズン,7762,東P,,"2,193",-60,-2.66%,"2,538",19.5倍,1.83倍,2.28%
20260608,431,エクサＷｉｚ,4259,東G,,"1,052",-56,-5.05%,"2,537",ー倍,22.0倍,0.48%
20260608,432,森永乳,2264,東P,,"5,077",+140,+2.84%,"2,534",20.5倍,1.49倍,1.97%
20260608,433,ＡＲＥＨＤ,5857,東P,,"3,095",-85,-2.67%,"2,512",9.17倍,1.15倍,4.36%
20260608,434,霞ヶ関Ｃ,3498,東P,,"5,570",-140,-2.45%,"2,511",8.28倍,1.83倍,2.96%
20260608,435,コムシスＨＤ,1721,東P,,"5,394",-51,-0.94%,"2,509",16.4倍,1.56倍,2.50%
20260608,436,東洋炭素,5310,東P,,"8,100",-710,-8.06%,"2,496",34.0倍,1.77倍,1.79%
20260608,437,エニーカラー,5032,東P,,"2,931",0,0.00%,"2,488",12.4倍,6.09倍,2.56%
20260608,438,九州電,9508,東P,,"1,650.0",+7.0,+0.43%,"2,472",6.28倍,0.79倍,3.03%
20260608,439,セイコーＧ,8050,東P,,"6,770",+20,+0.30%,"2,459",24.1倍,3.15倍,1.33%
20260608,440,ＧＸＮデカバ,563A,東Ｅ,,"1,082",-33,-2.96%,"2,447",ー倍,ー倍,ー%
20260608,441,ｉＳＴＰＸ,1475,東Ｅ,,399.4,-10.1,-2.47%,"2,438",ー倍,ー倍,ー%
20260608,442,ワークマン,7564,東S,,"7,760",-340,-4.20%,"2,437",28.4倍,4.13倍,1.15%
20260608,443,ピジョン,7956,東P,,"1,928.0",+36.5,+1.93%,"2,418",25.2倍,2.83倍,3.94%
20260608,444,山口ＦＧ,8418,東P,,"2,793.0",+62.0,+2.27%,"2,415",12.6倍,0.85倍,3.44%
20260608,445,さくらネット,3778,東P,,"2,773",-105,-3.65%,"2,415",131倍,3.69倍,0.20%
20260608,446,カカクコム,2371,東P,,"3,325.0",-11.0,-0.33%,"2,373",31.8倍,10.1倍,ー%
20260608,447,湖北工業,6524,東S,,"5,890",-510,-7.97%,"2,363",43.2倍,6.43倍,0.68%
20260608,448,東洋エンジ,6330,東P,,"1,982",-70,-3.41%,"2,361",26.1倍,2.99倍,1.26%
20260608,449,高島屋,8233,東P,,"1,959.5",-44.5,-2.22%,"2,347",15.1倍,1.28倍,2.04%
20260608,450,日清紡ＨＤ,3105,東P,,"2,166.5",-206.0,-8.68%,"2,345",33.9倍,1.12倍,1.66%
20260608,451,西日本ＦＨ,7189,東P,,"3,965",-43,-1.07%,"2,332",11.5倍,0.90倍,3.53%
20260608,452,ＡＤＥＫＡ,4401,東P,,"3,949",-64,-1.59%,"2,329",13.3倍,1.22倍,3.04%
20260608,453,Ｊマテリアル,6055,東P,,"2,084",-182,-8.03%,"2,325",19.8倍,3.42倍,1.68%
20260608,454,エアウォータ,4088,東P,,"2,470",+6,+0.24%,"2,319",ー倍,1.27倍,3.04%
20260608,455,ランド,8918,東S,,11,+1,+10.00%,"2,307",12.5倍,1.84倍,ー%
20260608,456,日油,4403,東P,,"2,593.5",-50.5,-1.91%,"2,299",15.0倍,1.98倍,2.70%
20260608,457,都市ファンド,8953,東Ｒ,,"109,400",+800,+0.74%,"2,295",17.5倍,1.20倍,5.45%
20260608,458,明電舎,6508,東P,,"9,300",-520,-5.30%,"2,290",19.2倍,2.41倍,ー%
20260608,459,東洋紡,3101,東P,,"1,726",-132,-7.10%,"2,278",ー倍,0.71倍,ー%
20260608,460,ほくほくＦＧ,8377,東P,,"6,377",-52,-0.81%,"2,278",12.4倍,1.05倍,2.35%
20260608,461,クラフティア,1959,東P,,"8,531",-199,-2.28%,"2,278",14.9倍,1.74倍,2.58%
20260608,462,ＧＭＯ－ＰＧ,3769,東P,,"7,987",-20,-0.25%,"2,277",25.9倍,5.17倍,2.13%
20260608,463,しまむら,8227,東P,,"3,296.0",+73.0,+2.26%,"2,275",14.5倍,1.40倍,2.43%
20260608,464,パーソルＨＤ,2181,東P,,242.5,+3.3,+1.38%,"2,273",12.2倍,2.46倍,5.36%
20260608,465,日本紙,3863,東P,,"1,253",+33,+2.70%,"2,272",14.5倍,0.28倍,1.20%
20260608,466,豊和工,6203,東S,,"1,795",-22,-1.21%,"2,268",20.1倍,1.03倍,1.11%
20260608,467,ｉＦＦＡＮＧ,316A,東Ｅ,,"2,517",-100,-3.82%,"2,250",ー倍,ー倍,ー%
20260608,468,小糸製,7276,東P,,"2,818.0",-91.5,-3.14%,"2,235",18.7倍,1.20倍,2.06%
20260608,469,長谷工,1808,東P,,"2,647.0",-7.0,-0.26%,"2,226",10.6倍,1.24倍,3.78%
20260608,470,日機装,6376,東P,,"3,280",-50,-1.50%,"2,214",16.5倍,1.31倍,1.52%
20260608,471,スズケン,9987,東P,,"5,065",+10,+0.20%,"2,205",13.7倍,0.82倍,2.37%
20260608,472,寿スピリッツ,2222,東P,,"2,187.0",+33.5,+1.56%,"2,191",24.5倍,7.05倍,1.60%
20260608,473,Ｖテク,7717,東P,,"5,590",-540,-8.81%,"2,190",17.6倍,1.46倍,1.43%
20260608,474,共立メンテ,9616,東P,,"2,540.5",-1.5,-0.06%,"2,174",12.8倍,1.59倍,1.81%
20260608,475,ＵＳＳ,4732,東P,,"1,841.0",+7.5,+0.41%,"2,169",20.1倍,4.04倍,2.99%
20260608,476,ライオン,4912,東P,,"1,632.0",+43.5,+2.74%,"2,165",18.1倍,1.40倍,2.08%
20260608,477,いよぎんＨＤ,5830,東P,,"3,021.0",-43.0,-1.40%,"2,158",11.3倍,0.99倍,2.65%
20260608,478,大阪チタ,5726,東P,,"2,643",-207,-7.26%,"2,154",54.0倍,2.19倍,0.49%
20260608,479,大和工,5444,東P,,"11,435",-250,-2.14%,"2,150",14.5倍,1.26倍,3.50%
20260608,480,ＡＣＳＬ,6232,東G,,"2,025",-71,-3.39%,"2,145",ー倍,14.1倍,ー%
20260608,481,北海電,9509,東P,,922.4,-3.4,-0.37%,"2,142",9.20倍,0.46倍,3.58%
20260608,482,フジミインコ,5384,東P,,"3,795",-225,-5.60%,"2,132",27.1倍,3.36倍,2.03%
20260608,483,上村工,4966,東S,,"21,800",-940,-4.13%,"2,123",24.0倍,2.99倍,1.33%
20260608,484,アステリア,3853,東P,,"1,900",-93,-4.67%,"2,123",ー倍,4.14倍,0.53%
20260608,485,小田急,9007,東P,,"1,657.0",-7.0,-0.42%,"2,106",14.9倍,1.12倍,3.62%
20260608,486,豊田合,7282,東P,,"4,640",-76,-1.61%,"2,079",9.54倍,0.96倍,3.77%
20260608,487,四国化ＨＤ,4099,東P,,"6,140",-160,-2.54%,"2,072",26.6倍,2.75倍,0.98%
20260608,488,オプトラン,6235,東P,,"3,650",-170,-4.45%,"2,070",26.0倍,1.81倍,1.53%
20260608,489,サンコール,5985,東S,,"1,556",-145,-8.52%,"2,067",11.2倍,1.38倍,1.93%
20260608,490,上組,9364,東P,,"4,816",+13,+0.27%,"2,051",17.4倍,1.20倍,4.26%
20260608,491,ＵＡＣＪ,5741,東P,,"3,000",-175,-5.51%,"2,050",19.4倍,1.57倍,1.93%
20260608,492,ダイセル,4202,東P,,"1,276.5",+8.5,+0.67%,"2,049",10.2倍,0.92倍,5.48%
20260608,493,ヤマトＨＤ,9064,東P,,"1,792.5",-6.5,-0.36%,"2,037",35.5倍,0.99倍,2.57%
20260608,494,日触媒,4114,東P,,"2,017.0",-15.5,-0.76%,"2,018",ー倍,0.75倍,ー%
20260608,495,ニチアス,5393,東P,,"3,431.0",-84.0,-2.39%,"2,013",20.3倍,2.72倍,1.89%
20260608,496,ＫＯＡ,6999,東P,,"2,667",-199,-6.94%,"2,013",20.7倍,1.12倍,1.46%
20260608,497,ｉＦナ百Ｗブ,2869,東Ｅ,,"73,940","-5,350",-6.75%,"2,011",ー倍,ー倍,ー%
20260608,498,群馬銀,8334,東P,,"2,257.0",-5.5,-0.24%,"2,004",13.1倍,1.38倍,3.10%
20260608,499,野村ナスＨ無,1545,東Ｅ,,235.9,-7.4,-3.04%,"2,004",ー倍,ー倍,ー%
20260608,500,長瀬産,8012,東P,,"1,112.5",-10.5,-0.93%,"1,999",13.2倍,1.07倍,2.43%
20260608,501,ＳＡＮＫＹＯ,6417,東P,,"1,621.0",-18.5,-1.13%,"1,993",8.00倍,1.29倍,4.94%
20260608,502,コスピブル,2033,東EN,,"106,000","-21,500",-16.86%,"1,985",ー倍,ー倍,ー%
20260608,503,オリックスＦ,8954,東Ｒ,,"93,900","+1,600",+1.73%,"1,982",17.7倍,1.47倍,5.22%
20260608,504,ゼオン,4205,東P,,"2,115.5",-39.0,-1.81%,"1,980",11.2倍,1.07倍,3.73%
20260608,505,三菱倉,9301,東P,,"1,499.0",-8.0,-0.53%,"1,957",22.3倍,1.35倍,2.94%
20260608,506,第四北越ＦＧ,7327,東P,,"2,035",-11,-0.54%,"1,946",10.7倍,0.94倍,3.73%
20260608,507,Ｓａｎｓａｎ,4443,東P,,"1,553",-50,-3.12%,"1,914",ー倍,10.9倍,0.16%
20260608,508,ホシザキ,6465,東P,,"5,061",-25,-0.49%,"1,912",18.4倍,1.79倍,2.27%
20260608,509,サイゼリヤ,7581,東P,,"5,170",+50,+0.98%,"1,908",21.5倍,2.02倍,0.58%
20260608,510,日本アビオ,6946,東S,,"5,540",-470,-7.82%,"1,897",19.5倍,5.09倍,0.27%
20260608,511,名鉄,9048,東P,,"1,848.5",+18.5,+1.01%,"1,895",9.30倍,0.75倍,3.25%
20260608,512,スルガ銀,8358,東P,,"2,282",+16,+0.71%,"1,888",12.2倍,1.20倍,2.63%
20260608,513,ＲＳテクノ,3445,東P,,"7,030",-620,-8.10%,"1,887",18.7倍,2.21倍,0.78%
20260608,514,ＯＫＩ,6703,東P,,"3,190",-175,-5.20%,"1,884",15.4倍,1.53倍,2.04%
20260608,515,オキサイド,6521,東G,,"4,850",-280,-5.46%,"1,883",94.2倍,12.0倍,ー%
20260608,516,タカラトミー,7867,東P,,"2,963.5",-99.5,-3.25%,"1,880",14.2倍,2.30倍,2.36%
20260608,517,リンテック,7966,東P,,"5,480",-280,-4.86%,"1,876",18.4倍,1.39倍,2.19%
20260608,518,コスモＨＤ,5021,東P,,"3,586.0",-25.0,-0.69%,"1,868",12.9倍,0.94倍,4.60%
20260608,519,百五銀,8368,東P,,"1,927",+3,+0.16%,"1,865",16.2倍,0.91倍,2.18%
20260608,520,メガチップス,6875,東P,,"11,410",-810,-6.63%,"1,833",5.09倍,0.91倍,2.28%
20260608,521,ＮＴＮ,6472,東P,,429.5,-5.4,-1.24%,"1,831",17.0倍,0.86倍,3.03%
20260608,522,三桜工,6584,東P,,"1,043",-84,-7.45%,"1,826",24.9倍,0.78倍,2.68%
20260608,523,日テレＨＤ,9404,東P,,"2,867.0",-11.5,-0.40%,"1,825",13.6倍,0.71倍,1.57%
20260608,524,サッポロＨＤ,2501,東P,,"1,612.0",+31.5,+1.99%,"1,820",2.12倍,2.92倍,2.48%
20260608,525,産業ファンド,3249,東Ｒ,,"140,200","+2,800",+2.04%,"1,819",18.3倍,1.43倍,5.71%
20260608,526,三井ハイテク,6966,東P,,796,-38,-4.56%,"1,816",20.8倍,1.28倍,2.39%
20260608,527,ビプロジー,8056,東P,,"4,520",-90,-1.95%,"1,802",13.6倍,2.44倍,3.10%
20260608,528,京成,9009,東P,,"1,062.5",+11.0,+1.05%,"1,790",13.0倍,0.92倍,2.07%
20260608,529,伊藤園,2593,東P,,"2,752.0",+62.5,+2.32%,"1,778",28.8倍,1.80倍,1.89%
20260608,530,セブン銀,8410,東P,,277.9,+1.8,+0.65%,"1,769",19.1倍,1.16倍,3.96%
20260608,531,滋賀銀,8366,東P,,"2,105",+13,+0.62%,"1,768",17.0倍,0.95倍,2.38%
20260608,532,ウシオ電,6925,東P,,"3,976",-284,-6.67%,"1,749",30.1倍,1.59倍,1.76%
20260608,533,カナデビア,7004,東P,,"1,330",-17,-1.26%,"1,743",10.7倍,1.14倍,2.86%
20260608,534,ＩＩＪ,3774,東P,,"3,171.0",-53.0,-1.64%,"1,734",22.5倍,3.56倍,1.36%
20260608,535,エクシオＧ,1951,東P,,"2,835.0",+4.5,+0.16%,"1,734",16.3倍,1.69倍,2.82%
20260608,536,テスＨＤ,5074,東P,,908,-54,-5.61%,"1,732",53.4倍,1.29倍,0.64%
20260608,537,加賀電子,8154,東P,,"4,815",-165,-3.31%,"1,725",11.5倍,1.25倍,2.91%
20260608,538,ノリタケ,5331,東P,,"3,905",-145,-3.58%,"1,725",14.8倍,1.29倍,2.56%
20260608,539,キユーピー,2809,東P,,"4,059",+99,+2.50%,"1,698",21.7倍,1.71倍,1.60%
20260608,540,ニッスイ,1332,東P,,"1,269.0",+12.0,+0.95%,"1,696",13.3倍,1.28倍,2.52%
20260608,541,コーセーＨＤ,4922,東P,,"5,275",-77,-1.44%,"1,683",24.7倍,1.07倍,2.84%
20260608,542,ネクステージ,3186,東P,,"3,590",-160,-4.27%,"1,676",18.7倍,3.53倍,1.39%
20260608,543,ＳＧＨＤ,9143,東P,,"1,442.0",+20.5,+1.44%,"1,665",14.3倍,1.58倍,3.74%
20260608,544,七十七,8341,東P,,"3,145.0",-29.0,-0.91%,"1,654",11.4倍,1.01倍,3.31%
20260608,545,ケーズＨＤ,8282,東P,,"2,098.0",+17.5,+0.84%,"1,652",16.2倍,1.30倍,2.29%
20260608,546,広済堂ＨＤ,7868,東P,,503,-18,-3.45%,"1,651",16.1倍,1.51倍,2.65%
20260608,547,ＪＶＣケンウ,6632,東P,,"1,200.0",-57.0,-4.53%,"1,648",11.3倍,1.18倍,1.67%
20260608,548,安藤ハザマ,1719,東P,,"1,739.5",-7.5,-0.43%,"1,638",12.3倍,1.31倍,4.83%
20260608,549,ビジョナル,4194,東P,,"7,891",-58,-0.73%,"1,634",19.7倍,4.14倍,ー%
20260608,550,パルＨＤ,2726,東P,,"1,410",+10,+0.71%,"1,633",12.9倍,2.93倍,2.84%
20260608,551,ダイダン,1980,東P,,"2,394",-53,-2.17%,"1,627",11.4倍,2.37倍,3.55%
20260608,552,リンナイ,5947,東P,,"3,504.0",+4.0,+0.11%,"1,621",13.3倍,1.11倍,3.03%
20260608,553,サムコ,6387,東P,,"11,760",-920,-7.26%,"1,618",54.9倍,6.80倍,0.51%
20260608,554,カナモト,9678,東P,,"5,360",+220,+4.28%,"1,606",14.2倍,1.20倍,2.05%
20260608,555,Ａｐｐｉｅｒ,4180,東P,,872,-65,-6.94%,"1,603",25.7倍,2.36倍,0.26%
20260608,556,飯田ＧＨＤ,3291,東P,,"2,146.5",-10.0,-0.46%,"1,600",9.06倍,0.58倍,4.29%
20260608,557,バルカー,7995,東P,,"7,480",-690,-8.45%,"1,592",18.6倍,2.46倍,2.67%
20260608,558,東京計器,7721,東P,,"5,540",-280,-4.81%,"1,588",18.2倍,2.00倍,0.87%
20260608,559,メイテックＧ,9744,東P,,"3,034.0",+17.0,+0.56%,"1,577",16.9倍,4.80倍,5.97%
20260608,560,センコーＨＤ,9069,東P,,"1,952.5",+45.0,+2.36%,"1,574",14.0倍,1.44倍,2.87%
20260608,561,三機工,1961,東P,,"2,312",-6,-0.26%,"1,573",14.0倍,2.91倍,2.81%
20260608,562,洋缶ＨＤ,5901,東P,,"3,842",+70,+1.86%,"1,567",19.3倍,0.83倍,4.84%
20260608,563,金先物Ｗブル,2036,東EN,,"163,000","-10,600",-6.11%,"1,566",ー倍,ー倍,ー%
20260608,564,中国電,9504,東P,,872.0,+13.3,+1.55%,"1,565",10.1倍,0.40倍,3.44%
20260608,565,ＴＢＳＨＤ,9401,東P,,"5,710",-118,-2.02%,"1,553",18.5倍,0.79倍,1.75%
20260608,566,弘電社,1948,東S,,"11,470",0,0.00%,"1,551",41.7倍,4.00倍,ー%
20260608,567,コーテクＨＤ,3635,東P,,"1,481.0",+10.5,+0.71%,"1,546",16.0倍,1.82倍,3.24%
20260608,568,ジャパンＲＥ,8952,東Ｒ,,"112,300","+1,200",+1.08%,"1,540",21.4倍,1.50倍,4.56%
20260608,569,石原産,4028,東P,,"3,065",-210,-6.41%,"1,538",12.9倍,0.91倍,4.24%
20260608,570,帝人,3401,東P,,"1,600.5",-22.5,-1.39%,"1,538",6.86倍,0.85倍,3.12%
20260608,571,Ｏｎｅ２２５,1369,東Ｅ,,"65,430","-2,300",-3.40%,"1,535",ー倍,ー倍,ー%
20260608,572,京王,9008,東P,,733.0,+2.6,+0.36%,"1,529",9.87倍,0.96倍,3.00%
20260608,573,ホドルワン,2345,東S,,245,+26,+11.87%,"1,527",ー倍,14.5倍,ー%
20260608,574,山陰合銀,8381,東P,,"2,126",+32,+1.53%,"1,525",12.5倍,0.99倍,3.20%
20260608,575,ＩＮＶ,8963,東Ｒ,,"60,000",0,0.00%,"1,524",16.0倍,1.29倍,6.32%
20260608,576,日清粉Ｇ,2002,東P,,"1,926.0",+34.5,+1.82%,"1,523",13.1倍,1.04倍,3.37%
20260608,577,ｉＳゴールド,314A,東Ｅ,,326.7,-9.7,-2.88%,"1,521",ー倍,ー倍,ー%
20260608,578,ＡＲＣＨＩＯ,543A,東P,,300,-12,-3.85%,"1,519",11.1倍,1.68倍,2.67%
20260608,579,ｉＳ米国株,1655,東Ｅ,,855.9,-14.9,-1.71%,"1,516",ー倍,ー倍,ー%
20260608,580,プロクレＨＤ,7384,東P,,"3,730",-230,-5.81%,"1,495",15.1倍,0.65倍,2.68%
20260608,581,カルビー,2229,東P,,"2,853.0",+28.5,+1.01%,"1,493",19.9倍,1.65倍,2.42%
20260608,582,ソディック,6143,東P,,"1,821",-174,-8.72%,"1,492",17.8倍,0.99倍,1.92%
20260608,583,レノバ,9519,東P,,"1,003",-23,-2.24%,"1,483",26.7倍,0.74倍,ー%
20260608,584,宝ＨＬＤ,2531,東P,,"2,148.0",-77.0,-3.46%,"1,480",34.7倍,1.59倍,1.44%
20260608,585,カバー,5253,東G,,"1,636",+6,+0.37%,"1,479",21.4倍,5.25倍,ー%
20260608,586,上場東証指数,1308,東Ｅ,,"4,044",-91,-2.20%,"1,473",ー倍,ー倍,ー%
20260608,587,ＧＸＵテック,2244,東Ｅ,,"3,460",-135,-3.76%,"1,472",ー倍,ー倍,ー%
20260608,588,トリドール,3397,東P,,"3,775.0",+99.0,+2.69%,"1,472",47.4倍,3.59倍,0.32%
20260608,589,吉野家ＨＤ,9861,東P,,"3,091.0",+16.0,+0.52%,"1,471",40.8倍,2.94倍,0.71%
20260608,590,日鉄鉱,1515,東P,,"2,249",-165,-6.84%,"1,469",14.6倍,1.11倍,2.76%
20260608,591,バイセル,7685,東G,,"3,585",-155,-4.14%,"1,463",23.6倍,9.44倍,0.61%
20260608,592,日経ベア,1580,東Ｅ,,831.5,+31.5,+3.94%,"1,454",ー倍,ー倍,ー%
20260608,593,物語コーポ,3097,東P,,"4,550",-80,-1.73%,"1,454",23.6倍,3.95倍,0.88%
20260608,594,関西ペ,4613,東P,,"2,401.5",0,0.00%,"1,452",15.7倍,1.41倍,4.58%
20260608,595,日化薬,4272,東P,,"2,019.0",-56.0,-2.70%,"1,450",13.4倍,1.07倍,3.27%
20260608,596,アイスペース,9348,東G,,598,-17,-2.76%,"1,442",ー倍,5.81倍,ー%
20260608,597,セイノーＨＤ,9076,東P,,"2,713.0",+27.5,+1.02%,"1,420",16.0倍,0.99倍,3.83%
20260608,598,ヨコオ,6800,東P,,"5,070",-150,-2.87%,"1,415",26.3倍,1.96倍,1.26%
20260608,599,兼松,8020,東P,,"2,018.0",-35.5,-1.73%,"1,397",9.59倍,1.61倍,3.47%
20260608,600,ニッコンＨＤ,9072,東P,,"5,905",-126,-2.09%,"1,393",30.9倍,2.90倍,1.90%
20260608,601,大有機,4187,東P,,"5,760",-200,-3.36%,"1,393",26.0倍,2.26倍,1.39%
20260608,602,ニフコ,7988,東P,,"4,233",-102,-2.35%,"1,380",11.6倍,1.33倍,2.65%
20260608,603,トヨタ紡織,3116,東P,,"2,194.5",-41.0,-1.83%,"1,379",8.17倍,0.81倍,3.92%
20260608,604,東武,9001,東P,,"2,836.5",+4.5,+0.16%,"1,368",9.90倍,0.90倍,2.64%
20260608,605,丸一管,5463,東P,,"1,600.5",-50.0,-3.03%,"1,354",13.8倍,1.02倍,3.25%
20260608,606,レンゴー,3941,東P,,"1,377.5",-11.5,-0.83%,"1,351",11.0倍,0.69倍,3.63%
20260608,607,太陽ＨＤ,4626,東P,,"4,933",-52,-1.04%,"1,349",22.8倍,4.74倍,ー%
20260608,608,クオンツ総研,9552,東P,,"1,121",-60,-5.08%,"1,344",17.3倍,8.68倍,ー%
20260608,609,オリコ,8585,東P,,828,-2,-0.24%,"1,343",10.9倍,0.57倍,4.83%
20260608,610,マネフォ,3994,東P,,"4,095",-143,-3.37%,"1,339",ー倍,5.44倍,ー%
20260608,611,テラプローブ,6627,東S,,"9,520","-1,230",-11.44%,"1,336",ー倍,2.13倍,ー%
20260608,612,上場半導体株,213A,東Ｅ,,443.0,-34.1,-7.15%,"1,336",ー倍,ー倍,ー%
20260608,613,ＫＤＸ不動産,8972,東Ｒ,,"154,900",+300,+0.19%,"1,331",19.9倍,0.99倍,5.38%
20260608,614,九州ＦＧ,7180,東P,,"1,403.5",-13.0,-0.92%,"1,331",13.2倍,0.78倍,2.71%
20260608,615,ＭＸ全世界株,2559,東Ｅ,,"2,996",-69,-2.25%,"1,320",ー倍,ー倍,ー%
20260608,616,ヨネックス,7906,東S,,"2,312",-33,-1.41%,"1,318",15.0倍,2.46倍,1.21%
20260608,617,全国保証,7164,東P,,"2,842.0",+34.0,+1.21%,"1,312",11.6倍,1.54倍,4.33%
20260608,618,ひろぎんＨＤ,7337,東P,,"2,015.0",-7.5,-0.37%,"1,299",11.8倍,1.06倍,3.47%
20260608,619,戸田建,1860,東P,,"1,521.5",-1.5,-0.10%,"1,291",12.9倍,1.15倍,3.94%
20260608,620,Ｊエレベータ,6544,東P,,"1,703.5",+41.0,+2.47%,"1,284",37.1倍,12.4倍,ー%
20260608,621,池田泉州ＨＤ,8714,東P,,986,-7,-0.70%,"1,282",14.4倍,1.10倍,2.79%
20260608,622,多摩川ＨＤ,6838,東S,,"2,135",-254,-10.63%,"1,279",25.9倍,2.94倍,0.23%
20260608,623,Ｌドリンク,2585,東P,,"1,732",+26,+1.52%,"1,277",21.4倍,5.46倍,0.87%
20260608,624,岩谷産,8088,東P,,"1,910.0",-44.0,-2.25%,"1,275",9.66倍,1.01倍,2.46%
20260608,625,東光高岳,6617,東P,,"7,410",-420,-5.36%,"1,274",11.8倍,1.74倍,1.81%
20260608,626,小林製薬,4967,東P,,"5,641",+64,+1.15%,"1,269",41.9倍,2.02倍,1.88%
20260608,627,ＴＲＥＨＤ,9247,東P,,"1,833",-24,-1.29%,"1,262",21.0倍,1.04倍,2.73%
20260608,628,クレハ,4023,東P,,"3,785",-90,-2.32%,"1,262",19.3倍,0.88倍,5.71%
20260608,629,東亜建,1885,東P,,"2,130",-68,-3.09%,"1,259",11.4倍,1.41倍,3.62%
20260608,630,大垣共立,8361,東P,,"7,270",-10,-0.14%,"1,258",14.5倍,0.82倍,2.06%
20260608,631,松田産業,7456,東P,,"6,300",-10,-0.16%,"1,257",9.52倍,1.37倍,1.75%
20260608,632,ＡＬＳＯＫ,2331,東P,,"1,075.0",+1.5,+0.14%,"1,256",14.0倍,1.36倍,3.07%
20260608,633,テクノフレ,3449,東S,,"7,240",-300,-3.98%,"1,252",47.4倍,5.04倍,0.86%
20260608,634,山パン,2212,東P,,"3,124.0",+66.0,+2.16%,"1,252",14.5倍,1.33倍,1.92%
20260608,635,ＧＬＰ,3281,東Ｒ,,"132,500","+1,700",+1.30%,"1,250",22.8倍,1.41倍,5.00%
20260608,636,ＷＳＣＯＰＥ,6619,東P,,267,-39,-12.75%,"1,245",ー倍,0.39倍,ー%
20260608,637,あいちＦＧ,7389,東P,,"1,336",-10,-0.74%,"1,244",14.2倍,0.76倍,2.25%
20260608,638,ムニノバＨＤ,547A,東P,,419,-6,-1.41%,"1,242",6.35倍,0.84倍,4.77%
20260608,639,ＳＲＥＨＤ,2980,東P,,"2,583",-44,-1.67%,"1,238",14.7倍,2.72倍,0.77%
20260608,640,平田機工,6258,東P,,"2,652",-168,-5.96%,"1,233",12.5倍,1.06倍,2.83%
20260608,641,大気社,1979,東P,,"4,415",-90,-2.00%,"1,228",15.5倍,1.73倍,2.70%
20260608,642,プロロジスＲ,3283,東Ｒ,,"83,100",+700,+0.85%,"1,224",24.3倍,1.40倍,4.62%
20260608,643,エクセディ,7278,東P,,"6,000",-100,-1.64%,"1,223",15.6倍,1.13倍,5.83%
20260608,644,ステラケミ,4109,東P,,"7,810",-130,-1.64%,"1,218",28.0倍,1.99倍,2.30%
20260608,645,ＧＬテクノ,255A,東S,,"5,640",-330,-5.53%,"1,214",13.3倍,1.46倍,2.23%
20260608,646,京急,9006,東P,,"1,466.5",+16.0,+1.10%,"1,213",13.1倍,1.01倍,3.14%
20260608,647,ノジマ,7419,東P,,"1,516",-19,-1.24%,"1,211",9.14倍,1.81倍,1.32%
20260608,648,Ａｉロボ,247A,東G,,713,+1,+0.14%,"1,210",ー倍,7.66倍,ー%
20260608,649,パーカライ,4095,東P,,"1,727",+27,+1.59%,"1,209",13.2倍,0.92倍,2.90%
20260608,650,サイバダイン,7779,東G,,313,-28,-8.21%,"1,206",ー倍,1.05倍,ー%
20260608,651,クスリアオキ,3549,東P,,"3,763.0",+116.0,+3.18%,"1,204",23.1倍,2.58倍,1.49%
20260608,652,サンケン,6707,東P,,"8,616",-717,-7.68%,"1,200",172倍,1.44倍,ー%
20260608,653,ＮＡＮＫＡＩ,9044,東P,,"2,774.0",+32.0,+1.17%,"1,195",12.6倍,0.90倍,1.98%
20260608,654,ジモティー,7082,東G,,"1,417",+1,+0.07%,"1,185",36.4倍,7.60倍,ー%
20260608,655,東京センチュ,8439,東P,,"2,382.0",-11.5,-0.48%,"1,181",9.47倍,1.04倍,3.78%
20260608,656,ＩＤＯＭ,7599,東P,,"1,300",-9,-0.69%,"1,177",9.19倍,1.48倍,3.26%
20260608,657,マルマエ,6264,東P,,"1,969",-131,-6.24%,"1,177",20.5倍,5.74倍,1.93%
20260608,658,ＪＭＤＣ,4483,東P,,"2,687",-72,-2.61%,"1,173",24.8倍,2.10倍,ー%
20260608,659,熊谷組,1861,東P,,"1,348",-18,-1.32%,"1,172",11.2倍,1.22倍,3.71%
20260608,660,マクセル,6810,東P,,"2,128",+66,+3.20%,"1,166",11.7倍,0.90倍,2.63%
20260608,661,古河機金,5715,東P,,"3,640",-195,-5.08%,"1,166",23.2倍,0.80倍,2.20%
20260608,662,オプテクスＧ,6914,東P,,"4,420",-190,-4.12%,"1,164",23.9倍,2.76倍,1.47%
20260608,663,野村ＲＥＩＴ,1343,東Ｅ,,"1,903.5",+22.5,+1.20%,"1,161",ー倍,ー倍,ー%
20260608,664,アーキテクツ,6085,東G,,311,-9,-2.81%,"1,161",942倍,-160倍,ー%
20260608,665,ｉＦＴＰ年１,1305,東Ｅ,,"4,129",-101,-2.39%,"1,158",ー倍,ー倍,ー%
20260608,666,パーク２４,4666,東P,,"1,798.0",-9.5,-0.53%,"1,153",11.8倍,4.32倍,3.62%
20260608,667,ＪＣＵ,4975,東P,,"6,900",-550,-7.38%,"1,148",19.3倍,3.11倍,2.61%
20260608,668,阪和興,8078,東P,,"1,680",-42,-2.44%,"1,144",8.15倍,0.76倍,3.93%
20260608,669,北陸電,9505,東P,,833.3,+12.7,+1.55%,"1,143",6.96倍,0.39倍,3.00%
20260608,670,カネカ,4118,東P,,"5,397",-91,-1.66%,"1,141",10.3倍,0.65倍,3.89%
20260608,671,ＶＩＸＥＴＦ,318A,東Ｅ,,515.2,+33.5,+6.95%,"1,141",ー倍,ー倍,ー%
20260608,672,ショーボンド,1414,東P,,"1,256.5",+18.5,+1.49%,"1,140",16.5倍,2.43倍,3.62%
20260608,673,ミズノ,8022,東P,,"3,240",-25,-0.77%,"1,135",13.0倍,1.42倍,2.04%
20260608,674,ＶＮＸ,4422,東G,Ｓ,915,+150,+19.61%,"1,129",ー倍,10.2倍,ー%
20260608,675,ＧＭＯ,9449,東P,,"3,162.0",-68.0,-2.11%,"1,128",ー倍,2.77倍,ー%
20260608,676,アドバンスＲ,3269,東Ｒ,,"149,700","+1,100",+0.74%,"1,120",25.4倍,1.73倍,4.22%
20260608,677,ソレイジア,4597,東G,,23,0,0.00%,"1,118",ー倍,3.67倍,ー%
20260608,678,リログループ,8876,東P,,"1,816.0",+12.0,+0.67%,"1,117",12.2倍,3.25倍,4.13%
20260608,679,ＦＦＲＩ,3692,東G,,"4,940",-35,-0.70%,"1,116",34.5倍,10.4倍,0.36%
20260608,680,ウエストＨＤ,1407,東S,,"2,450",-28,-1.13%,"1,110",14.7倍,2.83倍,2.86%
20260608,681,ゴルドウイン,8111,東P,,"2,097.0",+5.5,+0.26%,"1,109",11.2倍,2.22倍,3.34%
20260608,682,アマノ,6436,東P,,"3,562.0",+32.0,+0.91%,"1,105",14.0倍,1.78倍,5.05%
20260608,683,インフォＭＴ,2492,東P,,366,-4,-1.08%,"1,104",31.5倍,3.31倍,1.80%
20260608,684,三井倉ＨＤ,9302,東P,,"3,892",+31,+0.80%,"1,104",23.5倍,2.07倍,1.28%
20260608,685,タムラ,6768,東P,,999,-84,-7.76%,"1,103",17.7倍,1.27倍,1.60%
20260608,686,農中日経平均,2525,東Ｅ,,"64,530","-2,940",-4.36%,"1,096",ー倍,ー倍,ー%
20260608,687,テレ朝ＨＤ,9409,東P,,"3,330",-15,-0.45%,"1,095",13.4倍,0.72倍,3.00%
20260608,688,大同メ,7245,東P,,"1,173",-25,-2.09%,"1,092",10.9倍,0.66倍,3.07%
20260608,689,ホテルリート,8985,東Ｒ,,"75,000",+100,+0.13%,"1,082",15.9倍,1.51倍,6.90%
20260608,690,伊勢化,4107,東S,,"3,965",-140,-3.41%,"1,082",37.4倍,5.00倍,1.01%
20260608,691,ＧＸ半導１０,282A,東Ｅ,,"2,524",-207,-7.58%,"1,082",ー倍,ー倍,ー%
20260608,692,ＡＰＩ,3279,東Ｒ,,"132,100",+800,+0.61%,"1,080",18.8倍,1.17倍,4.80%
20260608,693,ちゅうぎんＦ,5832,東P,,"2,972.5",-6.5,-0.22%,"1,078",11.7倍,0.85倍,3.43%
20260608,694,レナ,4889,東G,,"1,654",-59,-3.44%,"1,076",ー倍,6.88倍,ー%
20260608,695,シップＨＤ,3360,東P,,"2,075.5",+66.0,+3.28%,"1,073",11.9倍,1.26倍,3.13%
20260608,696,東洋合成,4970,東S,,"14,700","-1,660",-10.15%,"1,069",36.5倍,4.25倍,0.34%
20260608,697,インターメス,262A,東P,,"2,085",+105,+5.30%,"1,065",13.4倍,2.45倍,2.45%
20260608,698,ツムラ,4540,東P,,"3,714.0",+34.0,+0.92%,"1,062",10.6倍,0.86倍,4.25%
20260608,699,タイミー,215A,東G,,"1,056",-24,-2.22%,"1,056",18.2倍,6.58倍,ー%
20260608,700,パークシャ,3993,東P,,"2,767",-101,-3.52%,"1,054",30.1倍,2.40倍,ー%
20260608,701,ＧＥＮＤＡ,9166,東G,,600,-22,-3.54%,"1,048",ー倍,1.67倍,1.33%
20260608,702,ニプロ,8086,東P,,"1,725.0",-24.5,-1.40%,"1,047",18.8倍,1.03倍,1.86%
20260608,703,トーメンデバ,2737,東P,,"14,400",-280,-1.91%,"1,037",8.90倍,1.65倍,4.17%
20260608,704,博報堂ＤＹ,2433,東P,,"1,156.5",+11.5,+1.00%,"1,033",16.0倍,1.07倍,2.77%
20260608,705,エフピコ,7947,東P,,"2,454",+78,+3.28%,"1,030",ー倍,1.21倍,2.97%
20260608,706,伊藤米久ＨＤ,2296,東P,,"4,755",+55,+1.17%,"1,024",14.6倍,0.92倍,3.26%
20260608,707,マネックスＧ,8698,東P,,638,-4,-0.62%,"1,023",ー倍,1.27倍,4.83%
20260608,708,西華産,8061,東P,,"2,909",-191,-6.16%,"1,019",13.7倍,1.93倍,3.20%
20260608,709,東エレデバ,2760,東P,,"3,930",-295,-6.98%,"1,019",14.7倍,2.19倍,2.75%
20260608,710,ダイワボウ,3107,東P,,"3,501.0",-12.0,-0.34%,"1,018",12.0倍,1.79倍,3.14%
20260608,711,日本空港ビル,9706,東P,,"4,719",+78,+1.68%,"1,014",18.1倍,2.08倍,2.01%
20260608,712,ロイヤルＨＤ,8179,東P,,"1,218",+13,+1.08%,"1,012",21.1倍,2.21倍,1.44%
20260608,713,ＮＯＫ,7240,東P,,"2,924.5",-42.0,-1.42%,"1,012",10.0倍,0.74倍,4.79%
20260608,714,大分銀,8392,東P,,"2,311",+70,+3.12%,"1,009",14.3倍,0.71倍,2.16%
20260608,715,十六ＦＧ,7380,東P,,"2,076",-19,-0.91%,"1,009",13.1倍,0.78倍,2.41%
20260608,716,フォスター,6794,東P,,"2,825",-75,-2.59%,"1,004",12.7倍,0.94倍,4.07%
20260608,717,京葉銀,8544,東P,,"2,440",+11,+0.45%,"1,001",15.3倍,0.90倍,2.70%
20260608,718,サンバイオ,4592,東G,,"1,237",-28,-2.21%,"1,001",ー倍,7.24倍,ー%
20260608,719,ミライトワン,1417,東P,,"3,841",-49,-1.26%,"1,001",13.3倍,1.21倍,2.47%
20260608,720,ネクセラ,4565,東P,,983,-13,-1.31%,999,ー倍,1.43倍,ー%
20260608,721,アコム,8572,東S,,445.2,-1.4,-0.31%,998,10.9倍,0.97倍,4.94%
20260608,722,ＴＰＸベア２,1356,東Ｅ,,122.2,+5.4,+4.62%,989,ー倍,ー倍,ー%
20260608,723,キヤノンＭＪ,8060,東P,,"3,490.0",-44.0,-1.25%,987,17.1倍,1.81倍,2.58%
20260608,724,筑波銀,8338,東P,,632,+9,+1.44%,983,7.87倍,0.74倍,0.79%
20260608,725,アルフレッサ,2784,東P,,"2,210.0",+10.0,+0.45%,979,18.6倍,0.76倍,3.21%
20260608,726,ＰＩＬＬＡＲ,6490,東P,,"8,860",-650,-6.83%,977,18.9倍,2.55倍,2.12%
20260608,727,東京綱,5981,東P,,"2,023",-3,-0.15%,977,10.4倍,0.76倍,3.46%
20260608,728,ＯＢＣ,4733,東P,,"6,029",+9,+0.15%,977,23.4倍,2.68倍,2.16%
20260608,729,リゾートトラ,4681,東P,,"1,635.5",+5.0,+0.31%,971,16.5倍,2.17倍,2.20%
20260608,730,日軽金ＨＤ,5703,東P,,"3,135",-120,-3.69%,970,11.7倍,0.78倍,3.19%
20260608,731,ＴＳテック,7313,東P,,"1,815.5",-34.0,-1.84%,969,26.5倍,0.68倍,5.07%
20260608,732,ジャパンエン,6016,東S,,"7,850",-330,-4.03%,968,13.1倍,3.58倍,1.27%
20260608,733,ｉＦＥナ百無,2840,東Ｅ,,"2,685",-93,-3.35%,964,ー倍,ー倍,ー%
20260608,734,旭ダイヤ,6140,東P,,"1,289",-50,-3.73%,961,23.9倍,1.00倍,2.64%
20260608,735,ユナイテッド,8960,東Ｒ,,"158,200","+1,300",+0.83%,953,17.5倍,1.41倍,5.75%
20260608,736,トーカロ,3433,東P,,"2,978",-232,-7.23%,952,17.3倍,2.65倍,2.89%
20260608,737,京三,6742,東P,,965,+14,+1.47%,945,14.2倍,1.07倍,2.80%
20260608,738,三井不ロジ,3471,東Ｒ,,"104,700","+1,500",+1.45%,942,29.4倍,1.04倍,4.78%
20260608,739,大平金,5541,東P,,"2,200",-73,-3.21%,937,242倍,0.61倍,5.91%
20260608,740,グリコ,2206,東P,,"5,306",+36,+0.68%,936,32.8倍,1.19倍,1.79%
20260608,741,相鉄ＨＤ,9003,東P,,"2,395.5",+24.5,+1.03%,934,10.4倍,1.13倍,2.92%
20260608,742,ＳＰＤＲ,1326,東Ｅ,,"63,310","-1,870",-2.87%,932,ー倍,ー倍,ー%
20260608,743,Ｈ２Ｏリテイ,8242,東P,,"2,523.5",-6.0,-0.24%,930,12.5倍,0.93倍,1.90%
20260608,744,タツモ,6266,東P,,"3,540",-355,-9.11%,925,20.5倍,1.95倍,0.96%
20260608,745,野村マスター,3462,東Ｒ,,"149,000",+900,+0.61%,922,23.0倍,1.15倍,4.96%
20260608,746,ＭＸ米株ＳＰ,2558,東Ｅ,,"3,404",-73,-2.10%,921,ー倍,ー倍,ー%
20260608,747,ＭＸナスダク,2631,東Ｅ,,"33,300","-1,250",-3.62%,918,ー倍,ー倍,ー%
20260608,748,名古屋銀,8522,東P,,"5,770",-70,-1.20%,911,12.3倍,0.90倍,3.47%
20260608,749,ｉＳＢＡＩ,408A,東Ｅ,,305.6,-16.5,-5.12%,909,ー倍,ー倍,ー%
20260608,750,Ｄガレージ,4819,東P,,"1,909",-83,-4.17%,905,ー倍,1.16倍,ー%
20260608,751,邦ガス,9533,東P,,"1,238.5",+27.0,+2.23%,904,19.4倍,0.93倍,1.82%
20260608,752,ヘリオス,4593,東G,,295,-17,-5.45%,903,ー倍,5.28倍,ー%
20260608,753,長野計器,7715,東P,,"3,725",+10,+0.27%,899,16.1倍,1.44倍,1.61%
20260608,754,百十四,8386,東P,,"2,438",0,0.00%,898,13.1倍,0.72倍,2.87%
20260608,755,ＦＰＧ,7148,東P,,"1,543",-11,-0.71%,895,8.33倍,2.16倍,6.01%
20260608,756,野村金連動,1328,東Ｅ,,"16,335",-465,-2.77%,895,ー倍,ー倍,ー%
20260608,757,ペプドリ,4587,東P,,"1,016.5",-14.0,-1.36%,888,43.5倍,2.63倍,ー%
20260608,758,東京エネシス,1945,東P,,"2,297",-80,-3.37%,886,14.6倍,1.05倍,3.35%
20260608,759,フクダ電,6960,東S,,"11,410",-290,-2.48%,885,17.4倍,1.63倍,2.02%
20260608,760,大阪ソーダ,4046,東P,,"1,798",-27,-1.48%,884,16.1倍,1.70倍,1.56%
20260608,761,森永,2201,東P,,"2,500.0",+41.5,+1.69%,884,12.7倍,1.48倍,2.80%
20260608,762,キッツ,6498,東P,,"2,136",-133,-5.86%,878,14.6倍,1.55倍,2.76%
20260608,763,日本Ｍ＆Ａ,2127,東P,,632.9,-4.2,-0.66%,876,15.0倍,4.00倍,4.58%
20260608,764,コクヨ,7984,東P,,811.1,+10.8,+1.35%,875,16.9倍,1.34倍,3.02%
20260608,765,山洋電,6516,東P,,"6,420",-320,-4.75%,870,19.0倍,1.78倍,2.65%
20260608,766,ミナトＨＤ,6862,東S,,"2,099",-170,-7.49%,870,7.26倍,1.93倍,1.43%
20260608,767,積水ハウスＲ,3309,東Ｒ,,"78,900",+600,+0.77%,868,14.2倍,1.18倍,8.58%
20260608,768,武蔵銀,8336,東P,,"2,415",-16,-0.66%,867,12.1倍,0.84倍,3.40%
20260608,769,セリア,2782,東S,,"3,725",0,0.00%,867,15.8倍,2.51倍,2.15%
20260608,770,平和,6412,東P,,"2,033",-42,-2.02%,866,9.88倍,0.81倍,3.94%
20260608,771,サイボウズ,4776,東P,,"2,368",-94,-3.82%,865,14.6倍,6.21倍,2.11%
20260608,772,板硝子,5202,東P,,473,-2,-0.42%,863,22.4倍,0.44倍,ー%
20260608,773,ヨコレイ,2874,東P,,"1,995",-70,-3.39%,861,24.6倍,1.38倍,1.35%
20260608,774,ホシデン,6804,東P,,"2,782",-23,-0.82%,857,11.0倍,0.91倍,2.77%
20260608,775,イノテック,9880,東P,,"4,195",-285,-6.36%,854,10.5倍,1.93倍,3.10%
20260608,776,エスエムエス,2175,東P,,"2,002",-33,-1.62%,851,26.7倍,6.20倍,1.52%
20260608,777,黒田グループ,287A,東S,,"1,039",-18,-1.70%,850,10.8倍,1.07倍,6.06%
20260608,778,サワイＧＨＤ,4887,東P,,"1,688.0",-24.5,-1.43%,847,10.5倍,1.09倍,3.32%
20260608,779,三浦工,6005,東P,,"3,110.0",-59.0,-1.86%,843,12.6倍,1.48倍,2.38%
20260608,780,芙蓉リース,8424,東P,,"4,192",+55,+1.33%,841,7.88倍,0.75倍,4.10%
20260608,781,リッジアイ,5572,東G,,"3,030",-320,-9.55%,838,62.3倍,3.89倍,ー%
20260608,782,タクマ,6013,東P,,"3,375",-20,-0.59%,830,15.9倍,2.18倍,3.20%
20260608,783,メディパル,7459,東P,,"2,673.5",+1.0,+0.04%,825,14.0倍,0.84倍,2.54%
20260608,784,ジョイ本田,3191,東P,,"2,225",+14,+0.63%,824,15.2倍,1.07倍,3.78%
20260608,785,ビックカメラ,3048,東P,,"1,762.0",+6.5,+0.37%,821,16.4倍,1.70倍,2.44%
20260608,786,ナカニシ,7716,東S,,"3,000",-50,-1.64%,820,22.3倍,2.15倍,2.00%
20260608,787,カゴメ,2811,東P,,"2,554.0",+23.0,+0.91%,817,17.2倍,1.22倍,2.27%
20260608,788,ＬＡホールデ,2986,東G,,"8,070",-150,-1.82%,816,5.32倍,2.12倍,6.47%
20260608,789,ＧＭＯインタ,4784,東P,,478,-3,-0.62%,814,24.7倍,10.7倍,4.50%
20260608,790,ライフコーポ,8194,東P,,"2,592",+42,+1.65%,811,11.8倍,1.44倍,2.70%
20260608,791,ガンホー,3765,東P,,"2,292",+85,+3.85%,805,ー倍,1.05倍,ー%
20260608,792,イオンＦＳ,8570,東P,,"1,458.5",-3.0,-0.21%,804,21.0倍,0.66倍,3.63%
20260608,793,京阪ＨＤ,9045,東P,,"3,248.0",+4.0,+0.12%,804,11.3倍,0.96倍,2.65%
20260608,794,南都銀,8367,東P,,"1,686",+14,+0.84%,797,12.0倍,0.88倍,3.32%
20260608,795,タマホーム,1419,東P,,"2,851",-8,-0.28%,793,61.2倍,3.20倍,4.38%
20260608,796,福山運,9075,東P,,"6,810",+10,+0.15%,792,14.1倍,0.85倍,1.47%
20260608,797,ＪＩＡ,7172,東P,,"2,011",-26,-1.28%,791,9.37倍,1.58倍,5.37%
20260608,798,西松建,1820,東P,,"5,273",-77,-1.44%,790,10.2倍,1.07倍,4.74%
20260608,799,ＧＸＮカバコ,2865,東Ｅ,,"1,273",-11,-0.86%,789,ー倍,ー倍,ー%
20260608,800,ＵＴ,2146,東P,,176,-1,-0.56%,787,16.4倍,3.96倍,5.81%
20260608,801,日ガス,8174,東P,,"2,726.5",+45.0,+1.68%,786,20.7倍,4.34倍,4.03%
20260608,802,芝浦機,6104,東P,,"4,115",-140,-3.29%,783,48.7倍,0.82倍,3.40%
20260608,803,ハウスリート,8984,東Ｒ,,"118,200","+1,000",+0.85%,779,23.8倍,1.08倍,4.94%
20260608,804,稀元素,4082,東P,,"1,976",-122,-5.82%,779,31.8倍,1.24倍,1.52%
20260608,805,日本新薬,4516,東P,,"4,015",-50,-1.23%,778,8.93倍,0.93倍,3.09%
20260608,806,日本ＣＭＫ,6958,東P,,735,-49,-6.25%,777,26.2倍,0.63倍,3.81%
20260608,807,航空電子,6807,東P,,"2,381",-69,-2.82%,777,26.8倍,1.11倍,2.10%
20260608,808,ジャフコＧ,8595,東P,,"2,212.0",-0.5,-0.02%,776,ー倍,0.87倍,6.01%
20260608,809,ＣＣＩＧ,7381,東P,,977,-57,-5.51%,775,12.7倍,0.88倍,3.07%
20260608,810,みずほリース,8425,東P,,"1,251",-6,-0.48%,774,6.74倍,0.82倍,4.16%
20260608,811,アイカ,4206,東P,,"3,440.0",+17.0,+0.50%,768,11.7倍,1.14倍,4.07%
20260608,812,グローリー,6457,東P,,"3,891",-89,-2.24%,768,10.4倍,0.96倍,3.96%
20260608,813,電通総研,4812,東P,,"2,088",-70,-3.24%,768,22.6倍,4.04倍,2.16%
20260608,814,新光商,8141,東P,,"1,583",-2,-0.13%,767,32.3倍,0.86倍,1.55%
20260608,815,アンドＳＴ,2685,東P,,"3,510",+15,+0.43%,766,15.4倍,1.99倍,2.56%
20260608,816,クリレスＨＤ,3387,東P,,707,+4,+0.57%,757,52.2倍,6.80倍,0.71%
20260608,817,王将フード,9936,東P,,"2,622",+11,+0.42%,755,19.4倍,2.12倍,2.14%
20260608,818,ニッカトー,5367,東S,,"1,200",-29,-2.36%,753,17.9倍,1.01倍,1.92%
20260608,819,ＥＤＰ,7794,東G,,"1,110",+25,+2.30%,750,ー倍,10.1倍,ー%
20260608,820,ＰＩ,4290,東P,,687,+38,+5.86%,748,14.5倍,1.77倍,4.08%
20260608,821,ＨＵグループ,4544,東P,,"3,343.0",-14.0,-0.42%,745,37.0倍,1.35倍,3.74%
20260608,822,フリー,4478,東G,,"2,070",-85,-3.94%,743,ー倍,6.06倍,ー%
20260608,823,ＯＳＧ,6136,東P,,"3,278.0",-145.0,-4.24%,736,17.5倍,1.48倍,2.56%
20260608,824,Ａ＆Ｄホロン,7745,東P,,"2,774",-113,-3.91%,734,16.9倍,1.54倍,2.16%
20260608,825,東京製鉄,5423,東P,,"1,699",+1,+0.06%,732,ー倍,0.78倍,2.35%
20260608,826,日本光電,6849,東P,,"1,394.5",-25.5,-1.80%,731,14.9倍,1.24倍,2.37%
20260608,827,グンゼ,3002,東P,,"3,665",-50,-1.35%,731,22.1倍,1.03倍,5.89%
20260608,828,富士紡ＨＤ,3104,東P,,"3,690",-310,-7.75%,729,19.8倍,2.41倍,2.11%
20260608,829,円谷フィＨＤ,2767,東P,,"1,379",+1,+0.07%,728,6.36倍,1.41倍,5.08%
20260608,830,大和オフィス,8976,東Ｒ,,"315,500","+4,500",+1.45%,723,18.8倍,1.22倍,4.79%
20260608,831,ニップン,2001,東P,,"2,652",+31,+1.18%,723,10.3倍,0.78倍,2.56%
20260608,832,東映アニメ,4816,東S,,"2,367",+25,+1.07%,722,26.7倍,2.83倍,1.86%
20260608,833,ライト,1926,東P,,"3,990",-100,-2.44%,720,13.9倍,1.83倍,3.66%
20260608,834,ノースサンド,446A,東G,,"1,354",-37,-2.66%,719,14.6倍,5.68倍,2.44%
20260608,835,日経インバ,1571,東Ｅ,,312,+12,+4.00%,715,ー倍,ー倍,ー%
20260608,836,ｉＦナ百Ｗベ,2870,東Ｅ,,"7,974",+469,+6.25%,715,ー倍,ー倍,ー%
20260608,837,ｉＦ日本配当,435A,東Ｅ,,"2,383",-34,-1.41%,713,ー倍,ー倍,ー%
20260608,838,日本駐車場,2353,東P,,243,+2,+0.83%,703,13.3倍,3.88倍,3.70%
20260608,839,酉島,6363,東P,,"2,596",-123,-4.52%,702,18.0倍,1.14倍,2.47%
20260608,840,ワイエイシイ,6298,東P,,"1,373",-111,-7.48%,701,12.1倍,1.42倍,3.28%
20260608,841,カーバイド,4064,東P,,"3,495",+160,+4.80%,700,10.5倍,0.85倍,3.83%
20260608,842,ＵＮＥＸＴ,9418,東P,,"1,590",+10,+0.63%,699,15.5倍,2.72倍,1.07%
20260608,843,ハウス食Ｇ,2810,東P,,"3,457.0",+18.0,+0.52%,698,18.3倍,1.06倍,2.89%
20260608,844,サンゲツ,8130,東P,,"2,866",-3,-0.10%,695,12.5倍,1.39倍,5.41%
20260608,845,福井銀,8362,東P,,"5,520",+130,+2.41%,695,14.5倍,0.85倍,2.72%
20260608,846,日ギア,6356,東S,,"1,499",-105,-6.55%,693,12.1倍,1.47倍,0.67%
20260608,847,巴工業,6309,東P,,"1,766",+76,+4.50%,692,11.8倍,1.23倍,4.30%
20260608,848,ＧＸ防衛日株,513A,東Ｅ,,843,-37,-4.20%,688,ー倍,ー倍,ー%
20260608,849,泉州電,9824,東P,,"6,910",-100,-1.43%,687,13.9倍,1.91倍,2.32%
20260608,850,新日本電工,5563,東P,,453,-27,-5.63%,685,ー倍,0.79倍,2.87%
20260608,851,ハートシード,219A,東G,,"1,620",-37,-2.23%,685,ー倍,5.19倍,ー%
20260608,852,ダスキン,4665,東P,,"4,218",+118,+2.88%,682,20.3倍,1.26倍,2.96%
20260608,853,四国電,9507,東P,,"1,411.0",-6.0,-0.42%,681,9.61倍,0.61倍,3.90%
20260608,854,奥村組,1833,東P,,"5,490",-130,-2.31%,672,12.8倍,1.00倍,5.46%
20260608,855,キッセイ,4547,東P,,"3,820",+20,+0.53%,671,10.9倍,0.69倍,4.45%
20260608,856,松屋フーズ,9887,東P,,"4,565",+150,+3.40%,670,24.7倍,1.63倍,0.57%
20260608,857,ＧＸ超短米債,133A,東Ｅ,,"1,084",+1,+0.09%,668,ー倍,ー倍,ー%
20260608,858,ポート,7047,東G,,"2,004",-41,-2.00%,668,7.94倍,2.49倍,0.65%
20260608,859,宮崎銀,8393,東P,,"1,997",+54,+2.78%,666,11.6倍,0.75倍,2.80%
20260608,860,化工機,6331,東P,,"3,500",-110,-3.05%,666,11.6倍,1.77倍,3.43%
20260608,861,住友倉,9303,東P,,"3,940",+30,+0.77%,666,17.4倍,0.95倍,2.61%
20260608,862,平和不リート,8966,東Ｒ,,"133,000","+1,500",+1.14%,664,15.8倍,1.34倍,6.00%
20260608,863,クオリプス,4894,東G,,"4,095",-200,-4.66%,664,ー倍,7.21倍,ー%
20260608,864,ｉＦ日経Ｗベ,1366,東Ｅ,,79,+5,+6.76%,660,ー倍,ー倍,ー%
20260608,865,旭有機材,4216,東P,,"6,690",+20,+0.30%,658,20.6倍,1.55倍,1.94%
20260608,866,ノーリツ鋼機,7744,東P,,"1,995",-14,-0.70%,656,12.6倍,0.93倍,3.76%
20260608,867,ＭＩＸＩ,2121,東P,,"2,707",+13,+0.48%,655,13.1倍,0.97倍,4.62%
20260608,868,日セラ,6929,東P,,"3,900",-145,-3.58%,652,17.2倍,1.84倍,4.23%
20260608,869,東合成,4045,東P,,"1,720.0",-11.5,-0.66%,652,15.9倍,0.86倍,4.07%
20260608,870,大崎電,6644,東P,,"1,449",-144,-9.04%,650,13.3倍,1.12倍,3.38%
20260608,871,コメダ,3543,東P,,"2,717",+12,+0.44%,646,17.9倍,2.48倍,2.28%
20260608,872,千葉興,8337,東P,,"2,346",-7,-0.30%,642,14.0倍,0.88倍,0.85%
20260608,873,岡野バ,6492,東S,,"14,430",-290,-1.97%,641,16.6倍,1.75倍,0.55%
20260608,874,中国塗,4617,東P,,"3,120",-90,-2.80%,641,ー倍,1.62倍,3.21%
20260608,875,純プラ信託,1541,東Ｅ,,"8,245",-535,-6.09%,640,ー倍,ー倍,ー%
20260608,876,ＭＴＧ,7806,東G,,"6,730",-70,-1.03%,638,26.5倍,4.53倍,0.49%
20260608,877,アリアケ,2815,東P,,"5,100",-80,-1.54%,638,17.0倍,1.22倍,5.88%
20260608,878,セーレン,3569,東P,,"3,390",-60,-1.74%,635,13.3倍,1.24倍,2.24%
20260608,879,ハピネット,7552,東P,,"2,733",-15,-0.55%,633,11.3倍,1.98倍,ー%
20260608,880,ＡＫＩＢＡ,6840,東S,,907,-102,-10.11%,633,ー倍,1.89倍,ー%
20260608,881,デジアーツ,2326,東P,,"3,700",-130,-3.39%,630,13.2倍,2.69倍,2.70%
20260608,882,タダノ,6395,東P,,"1,265",+10,+0.80%,628,11.4倍,0.78倍,2.69%
20260608,883,東海東京,8616,東P,,706,-3,-0.42%,628,ー倍,0.92倍,ー%
20260608,884,技術承継機構,319A,東G,,"15,340",-850,-5.25%,627,ー倍,13.4倍,ー%
20260608,885,ｉＦ米債３無,381A,東Ｅ,,"2,213",-3,-0.14%,626,ー倍,ー倍,ー%
20260608,886,ポーラＨＤ,4927,東P,,"1,264.0",+8.5,+0.68%,626,31.1倍,1.77倍,4.11%
20260608,887,ヒュマメイド,456A,東G,,"1,571",+46,+3.02%,623,43.6倍,12.2倍,ー%
20260608,888,栄研化,4549,東P,,"2,732",+62,+2.32%,623,43.5倍,2.05倍,2.12%
20260608,889,大紀ア,5702,東P,,"1,858",-73,-3.78%,622,8.32倍,0.96倍,3.77%
20260608,890,新日本空調,1952,東P,,"3,225",-90,-2.71%,621,11.5倍,1.77倍,3.72%
20260608,891,日本電設,1950,東P,,"4,310",-65,-1.49%,620,13.6倍,1.17倍,2.95%
20260608,892,大栄環境,9336,東P,,"3,835",+5,+0.13%,617,23.4倍,3.49倍,1.43%
20260608,893,ティラド,7236,東P,,"14,050",-310,-2.16%,615,8.84倍,1.50倍,5.69%
20260608,894,サカタＩＮＸ,4633,東P,,"2,351",-7,-0.30%,614,9.71倍,0.95倍,4.25%
20260608,895,ａｒｔｉｅｎ,4634,東P,,"4,045",-70,-1.70%,611,9.03倍,0.71倍,2.97%
20260608,896,半導体日本株,163A,東EN,,"19,600","-1,490",-7.06%,611,ー倍,ー倍,ー%
20260608,897,スミダコーポ,6817,東P,,"1,549",-61,-3.79%,611,14.1倍,0.82倍,3.42%
20260608,898,松井,8628,東P,,931,-1,-0.11%,609,ー倍,2.92倍,ー%
20260608,899,Ｕアローズ,7606,東P,,"2,511",+42,+1.70%,606,11.2倍,1.65倍,3.66%
20260608,900,ＥＩＺＯ,6737,東P,,"2,578",-57,-2.16%,605,15.7倍,0.74倍,4.46%
20260608,901,エスペック,6859,東P,,"4,035",-155,-3.70%,602,14.5倍,1.39倍,2.85%
20260608,902,テクノ菱和,1965,東S,,"5,520",-380,-6.44%,601,9.59倍,1.71倍,3.19%
20260608,903,ｉＳ米債１３,2620,東Ｅ,,371.5,+0.1,+0.03%,597,ー倍,ー倍,ー%
20260608,904,極東開発,7226,東P,,"2,101",-34,-1.59%,596,16.2倍,0.71倍,5.71%
20260608,905,紀陽銀,8370,東P,,"4,305",-15,-0.35%,595,11.1倍,1.12倍,3.62%
20260608,906,カチタス,8919,東P,,"3,335",-125,-3.61%,595,18.6倍,4.92倍,2.70%
20260608,907,クリエイトＳ,3148,東P,,"3,260",+25,+0.77%,594,12.9倍,1.41倍,2.76%
20260608,908,アニコムＨＤ,8715,東P,,"1,199",-14,-1.15%,594,27.2倍,3.04倍,1.13%
20260608,909,平和不,8803,東P,,"2,332",+4,+0.17%,591,13.4倍,1.22倍,4.42%
20260608,910,阿波銀,8388,東P,,"6,810",+60,+0.89%,588,15.0倍,0.66倍,2.79%
20260608,911,セック,3741,東P,,"3,585",-185,-4.91%,587,23.2倍,3.55倍,1.73%
20260608,912,愛知鋼,5482,東P,,"2,889",-75,-2.53%,586,16.4倍,0.79倍,5.19%
20260608,913,三井不アコモ,3226,東Ｒ,,"121,100",+900,+0.75%,584,22.8倍,1.99倍,3.96%
20260608,914,日本電技,1723,東S,,"2,135",-94,-4.22%,584,15.6倍,2.90倍,2.62%
20260608,915,浅沼組,1852,東P,,783,+1,+0.13%,584,12.2倍,1.27倍,5.75%
20260608,916,Ｊｏｓｈｉｎ,8173,東P,,"3,515",+55,+1.59%,584,26.0倍,0.86倍,2.84%
20260608,917,ヨドコウ,5451,東P,,"1,266",-7,-0.55%,582,18.1倍,0.90倍,4.19%
20260608,918,雪印メグ,2270,東P,,"3,500",+20,+0.57%,582,8.63倍,0.89倍,2.86%
20260608,919,ＣＳＨＤ,3810,東S,,178,+2,+1.14%,581,ー倍,2.15倍,ー%
20260608,920,フィナＨＤ,4419,東G,,"1,268",-36,-2.76%,579,28.3倍,6.26倍,ー%
20260608,921,ダイセキ,9793,東P,,"3,910",-15,-0.38%,571,16.5倍,2.26倍,2.20%
20260608,922,プレミアＧ,7199,東P,,"1,902",-48,-2.46%,570,10.7倍,2.93倍,3.36%
20260608,923,東海理,6995,東P,,"2,880",-18,-0.62%,569,12.3倍,0.70倍,4.17%
20260608,924,ラサールロジ,3466,東Ｒ,,"143,900","+1,600",+1.12%,568,19.1倍,1.18倍,5.62%
20260608,925,レスター,3156,東P,,"4,290",-100,-2.28%,568,12.1倍,1.30倍,3.15%
20260608,926,ＫＨネオケム,4189,東P,,"2,617",-46,-1.73%,568,10.5倍,1.32倍,4.20%
20260608,927,Ｋ＆Ｏエナジ,1663,東P,,"4,025",-90,-2.19%,567,17.1倍,1.00倍,1.49%
20260608,928,オカムラ,7994,東P,,"2,215",+1,+0.05%,565,9.94倍,1.03倍,4.74%
20260608,929,有沢製,5208,東P,,"2,188",-97,-4.25%,565,17.9倍,1.41倍,4.48%
20260608,930,ダイトロン,7609,東P,,"3,565",-210,-5.56%,559,14.3倍,2.07倍,2.66%
20260608,931,ＮＳＤ,9759,東P,,"2,536.5",-14.5,-0.57%,557,14.7倍,2.61倍,3.82%
20260608,932,不二越,6474,東P,,"5,620",-240,-4.10%,557,19.1倍,0.70倍,1.78%
20260608,933,エヌエフＨＤ,6864,東S,,"2,128",-252,-10.59%,557,21.3倍,1.15倍,1.69%
20260608,934,ＤＮＣ,4246,東P,,"1,021",-24,-2.30%,557,7.28倍,0.75倍,5.58%
20260608,935,ライフネット,7157,東P,,"1,703",-19,-1.10%,556,16.7倍,1.43倍,ー%
20260608,936,Ｊプライム,8955,東Ｒ,,"92,600",+600,+0.65%,554,19.6倍,1.31倍,4.62%
20260608,937,沖縄セルラー,9436,東S,,"3,650",-15,-0.41%,554,25.4倍,3.40倍,1.92%
20260608,938,タムロン,7740,東P,,"1,029",-20,-1.91%,551,12.1倍,1.96倍,3.60%
20260608,939,山梨銀,8360,東P,,"5,830",-90,-1.52%,550,14.3倍,0.77倍,2.80%
20260608,940,レオパレス,8848,東P,,613,-5,-0.81%,550,8.77倍,4.79倍,2.45%
20260608,941,ニッタ,5186,東P,,"5,770",-330,-5.41%,549,12.9倍,0.96倍,2.95%
20260608,942,東和薬品,4553,東P,,"3,700",+40,+1.09%,543,8.47倍,1.02倍,2.30%
20260608,943,インスペック,6656,東S,,"1,211",-154,-11.28%,542,81.0倍,8.76倍,ー%
20260608,944,ｉＦＦＮＧ金,521A,東Ｅ,,"1,895",-130,-6.42%,539,ー倍,ー倍,ー%
20260608,945,ベース,4481,東P,,"2,972",-43,-1.43%,537,11.8倍,3.80倍,6.26%
20260608,946,リョー菱ＨＤ,167A,東P,,"2,775",-71,-2.49%,537,ー倍,0.81倍,5.05%
20260608,947,やまびこ,6250,東P,,"3,665",+15,+0.41%,536,10.0倍,1.21倍,3.00%
20260608,948,アイピーエス,4390,東P,,"3,900",-100,-2.50%,536,12.2倍,2.71倍,1.03%
20260608,949,ＰＡコンサル,4071,東P,,"2,650",-40,-1.49%,535,21.6倍,6.99倍,1.89%
20260608,950,アイル,3854,東P,,"2,439",-54,-2.17%,534,15.1倍,4.87倍,2.71%
20260608,951,ＴＳＩＨＤ,3608,東P,,"1,148",+9,+0.79%,531,8.37倍,0.65倍,6.10%
20260608,952,シンプレクス,4373,東P,,"1,070",-22,-2.01%,531,19.3倍,4.65倍,2.24%
20260608,953,稲畑産,8098,東P,,"3,790",+10,+0.26%,530,9.63倍,0.86倍,3.77%
20260608,954,中電工,1941,東P,,"4,865",+30,+0.62%,528,13.1倍,1.05倍,2.88%
20260608,955,Ｕｍｉｏｓ,1333,東P,,"1,258.0",+1.5,+0.12%,527,12.7倍,0.77倍,3.58%
20260608,956,新電元,6844,東P,,"3,260",-195,-5.64%,527,12.3倍,0.46倍,3.07%
20260608,957,アインＨＤ,9627,東P,,"5,836",+57,+0.99%,526,12.1倍,1.36倍,1.71%
20260608,958,東陽テク,8151,東P,,"2,088",-76,-3.51%,525,17.4倍,1.52倍,3.35%
20260608,959,ＨＩＳ,9603,東P,,"1,064",-3,-0.28%,524,8.84倍,1.33倍,2.35%
20260608,960,日清オイリオ,2602,東P,,"1,763",+20,+1.15%,522,13.4倍,0.77倍,3.40%
20260608,961,ユーザーロカ,3984,東P,,"1,825",-85,-4.45%,521,18.8倍,3.02倍,1.32%
20260608,962,イズミ,8273,東P,,920,+16,+1.77%,520,11.1倍,0.66倍,3.26%
20260608,963,ＪＳＢ,3480,東P,,"6,790",0,0.00%,520,24.1倍,3.59倍,1.69%
20260608,964,ＨＳＨＤ,8699,東S,,"1,156",+5,+0.43%,518,ー倍,0.35倍,ー%
20260608,965,カーボン,5302,東P,,"4,725",-75,-1.56%,518,19.2倍,0.96倍,4.23%
20260608,966,東邦ＨＤ,8129,東P,,"4,130",+25,+0.61%,516,20.7倍,0.98倍,4.36%
20260608,967,カウリス,153A,東G,,"1,362",-309,-18.49%,516,30.4倍,5.50倍,0.40%
20260608,968,松竹,9601,東P,,"10,370",+140,+1.37%,516,64.8倍,1.32倍,0.29%
20260608,969,ワコム,6727,東P,,880,-29,-3.19%,515,11.8倍,3.14倍,2.73%
20260608,970,ホーチキ,6745,東P,,"1,900",-69,-3.50%,515,15.8倍,2.07倍,2.11%
20260608,971,セ硝子,4044,東P,,"3,985",+35,+0.89%,515,13.7倍,0.80倍,4.27%
20260608,972,日東工,6651,東P,,"4,530",-150,-3.21%,514,14.8倍,1.39倍,3.40%
20260608,973,ＭＸＪリート,1597,東Ｅ,,"1,812",+14,+0.78%,514,ー倍,ー倍,ー%
20260608,974,コンフォリア,3282,東Ｒ,,"102,100",+700,+0.69%,513,22.7倍,1.48倍,4.11%
20260608,975,三十三ＦＧ,7322,東P,,"1,609",-3,-0.19%,513,11.2倍,0.72倍,2.73%
20260608,976,コロワイド,7616,東P,,"1,779.5",+23.5,+1.34%,512,91.0倍,2.75倍,0.28%
20260608,977,正興電,6653,東P,,"2,366",-169,-6.67%,512,13.9倍,1.66倍,2.32%
20260608,978,ｉＳＪリート,1476,東Ｅ,,"1,823",+18,+1.00%,511,ー倍,ー倍,ー%
20260608,979,サカタタネ,1377,東P,,"4,180",+20,+0.48%,509,17.7倍,1.02倍,1.79%
20260608,980,ジャックス,8584,東P,,"3,445",-10,-0.29%,506,15.4倍,0.52倍,5.81%
20260608,981,東映,9605,東P,,"5,640",+90,+1.62%,504,28.0倍,1.21倍,0.21%
20260608,982,カヤバ,7242,東P,,"3,935",-35,-0.88%,503,28.1倍,0.67倍,4.12%
20260608,983,ブルーゾーン,417A,東P,,"1,739.5",-2.0,-0.11%,502,14.8倍,1.77倍,1.84%
20260608,984,ＪＣＲファ,4552,東P,,458,-8,-1.72%,502,279倍,1.19倍,4.37%
20260608,985,リバーエレク,6666,東S,,"1,147",-81,-6.60%,501,"4,779倍",2.06倍,0.87%
20260608,986,ジャスト,4686,東P,,"3,910",-140,-3.46%,500,ー倍,2.12倍,0.77%
20260608,987,ジーネクスト,4179,東G,,425,-53,-11.09%,499,ー倍,30.3倍,ー%
20260608,988,パイロット,7846,東P,,"4,881",+6,+0.12%,498,12.2倍,1.25倍,2.58%
20260608,989,スピー,4499,東S,,"2,570",-158,-5.79%,497,ー倍,4.33倍,ー%
20260608,990,指月電,6994,東S,,"1,171",-116,-9.01%,497,14.8倍,1.17倍,2.05%
20260608,991,アズーム,3496,東P,,"4,085",+10,+0.25%,497,22.9倍,7.69倍,3.08%
20260608,992,ワコールＨＤ,3591,東P,,"4,364",-116,-2.59%,497,120倍,1.03倍,2.29%
20260608,993,エターナルＧ,3193,東P,,"2,742",+18,+0.66%,496,15.0倍,2.92倍,1.68%
20260608,994,カーリット,4275,東P,,"2,239",-62,-2.69%,494,16.5倍,1.24倍,1.88%
20260608,995,因幡電産,9934,東P,,"2,665.5",-64.0,-2.34%,494,12.6倍,1.52倍,3.19%
20260608,996,エレコム,6750,東P,,"1,766",+26,+1.49%,493,12.4倍,1.32倍,3.28%
20260608,997,ｉＳ米２０Ｈ,2621,東Ｅ,,"1,037",-8,-0.77%,490,ー倍,ー倍,ー%
20260608,998,ｉＦ高配５０,354A,東Ｅ,,"2,971",-59,-1.95%,490,ー倍,ー倍,ー%
20260608,999,高砂香,4914,東P,,"1,075",-15,-1.38%,488,11.2倍,0.68倍,4.84%
20260608,1000,ＮＩＴＴＯＫ,6145,東S,,"3,115",-205,-6.17%,488,15.9倍,1.31倍,2.63%
20260608,1001,松屋,8237,東P,,"1,457",-67,-4.40%,487,148倍,2.78倍,0.82%
20260608,1002,藤田観,9722,東P,,"1,792",-13,-0.72%,487,9.34倍,2.71倍,1.12%
20260608,1003,丹青社,9743,東P,,"1,329",-6,-0.45%,482,11.0倍,1.67倍,6.02%
20260608,1004,Ｊトラスト,8508,東S,,717,-7,-0.97%,482,11.7倍,0.59倍,2.37%
20260608,1005,ノート,5243,東G,,"1,754",-94,-5.09%,480,39.9倍,6.60倍,ー%
20260608,1006,サンエー,2659,東P,,"3,185",+55,+1.76%,480,17.6倍,1.24倍,3.45%
20260608,1007,ＩＤＥＣ,6652,東P,,"3,235",-110,-3.29%,478,15.9倍,1.38倍,4.02%
20260608,1008,山王,3441,東S,,"2,544",-305,-10.71%,476,8.43倍,1.38倍,0.98%
20260608,1009,オープンＵＰ,2154,東P,,"1,871",+8,+0.43%,476,13.5倍,2.04倍,4.54%
20260608,1010,青山商,8219,東P,,686,+8,+1.18%,476,12.8倍,0.55倍,5.54%
20260608,1011,日曹達,4041,東P,,"3,465",-50,-1.42%,475,11.8倍,0.91倍,4.62%
20260608,1012,ＫｅｅＰｅｒ,6036,東P,,"2,808",-9,-0.32%,473,8.20倍,3.19倍,3.56%
20260608,1013,椿本チ,6371,東P,,"2,574",-54,-2.05%,471,12.2倍,0.90倍,3.11%
20260608,1014,菊池製作,3444,東S,,"1,111",-67,-5.69%,470,84.4倍,2.50倍,0.90%
20260608,1015,コシダカＨＤ,2157,東P,,945,+3,+0.32%,470,10.5倍,2.05倍,2.75%
20260608,1016,ケイアイ不,3465,東P,,"3,610",+50,+1.40%,469,6.40倍,1.53倍,3.88%
20260608,1017,ｉＳ米国株Ｈ,2563,東Ｅ,,394.9,-6.4,-1.59%,468,ー倍,ー倍,ー%
20260608,1018,セルシス,3663,東P,,"1,720",+14,+0.82%,466,23.3倍,11.1倍,2.33%
20260608,1019,野村外国債券,2511,東Ｅ,,"1,185.5",-7.0,-0.59%,466,ー倍,ー倍,ー%
20260608,1020,ハイデ日高,7611,東P,,"2,558",+32,+1.27%,463,20.5倍,3.70倍,2.03%
20260608,1021,助川電気,7711,東S,,"5,050",-440,-8.01%,462,30.8倍,5.13倍,1.03%
20260608,1022,イオンリート,3292,東Ｒ,,"121,100","+1,400",+1.17%,461,21.6倍,1.05倍,5.60%
20260608,1023,巴,1921,東S,,"1,790",+25,+1.42%,461,23.1倍,0.83倍,1.34%
20260608,1024,イトーキ,7972,東P,,"2,425",+3,+0.12%,461,10.7倍,2.03倍,3.71%
20260608,1025,東邦銀,8346,東P,,745,-5,-0.67%,460,14.3倍,0.85倍,2.82%
20260608,1026,乃村工芸社,9716,東P,,"1,083",+16,+1.50%,457,13.1倍,1.95倍,4.06%
20260608,1027,ＨＵＬＩＣＲ,3295,東Ｒ,,"152,200","+1,100",+0.73%,457,19.5倍,1.09倍,5.26%
20260608,1028,新明和,7224,東P,,"2,150",-30,-1.38%,456,13.5倍,1.14倍,2.70%
20260608,1029,マニー,7730,東P,,"1,690",-47,-2.71%,456,25.8倍,2.94倍,2.43%
20260608,1030,ＤＴＳ,9682,東P,,994,-20,-1.97%,456,13.4倍,2.47倍,3.82%
20260608,1031,朝日工,1975,東P,,"3,890",+15,+0.39%,456,10.9倍,1.98倍,3.70%
20260608,1032,ｉＦＥナ百ベ,2842,東Ｅ,,"12,380",+385,+3.21%,455,ー倍,ー倍,ー%
20260608,1033,能美防災,6744,東P,,"4,365",-135,-3.00%,455,19.3倍,1.85倍,2.66%
20260608,1034,あいＨＤ,3076,東P,,"2,715",-11,-0.40%,454,14.0倍,1.27倍,4.60%
20260608,1035,船井総研ＨＤ,9757,東P,,"1,067",+11,+1.04%,453,14.8倍,3.96倍,4.50%
20260608,1036,ＳＨＯＥＩ,7839,東P,,"1,849",-22,-1.18%,452,15.9倍,3.11倍,3.24%
20260608,1037,信越ポリ,7970,東P,,"2,222",-123,-5.25%,451,ー倍,1.38倍,ー%
20260608,1038,ＲＹＯＤＥＮ,8084,東P,,"3,920",-60,-1.51%,451,17.9倍,0.89倍,3.83%
20260608,1039,冶金工,5480,東P,,"4,420",-95,-2.10%,451,7.65倍,0.61倍,4.98%
20260608,1040,ＮＳＳＯＬ,2327,東P,,"3,339.0",-76.0,-2.23%,451,19.3倍,2.19倍,2.61%
20260608,1041,大和証券リビ,8986,東Ｒ,,"98,700",+800,+0.82%,450,19.9倍,1.25倍,5.09%
20260608,1042,月島ＨＤ,6332,東P,,"2,483",-64,-2.51%,450,11.6倍,1.00倍,3.54%
20260608,1043,内田洋,8057,東P,,"1,966",-16,-0.81%,449,8.43倍,1.18倍,3.66%
20260608,1044,メタウォータ,9551,東P,,"3,240",-45,-1.37%,449,14.2倍,1.58倍,2.47%
20260608,1045,ＢＵＦ,6676,東S,,"2,477",+125,+5.31%,448,13.1倍,1.37倍,2.42%
20260608,1046,フロンティア,8964,東Ｒ,,"80,700","+1,000",+1.25%,447,18.4倍,1.24倍,5.45%
20260608,1047,くら寿司,2695,東P,,"1,559",+22,+1.43%,447,41.3倍,1.95倍,0.96%
20260608,1048,メタルアート,5644,東S,,"7,650",0,0.00%,447,16.0倍,0.84倍,ー%
20260608,1049,Ｍ＆Ａキャピ,6080,東P,,"3,505",+25,+0.72%,447,15.4倍,2.45倍,1.95%
20260608,1050,中村超硬,6166,東G,Ｓ,614,+100,+19.46%,447,ー倍,6.19倍,ー%
20260608,1051,守谷輸送機,6226,東S,,"2,047",-35,-1.68%,446,16.3倍,4.85倍,1.86%
20260608,1052,タスキＨＤ,166A,東G,,923,-24,-2.53%,446,9.82倍,1.79倍,4.33%
20260608,1053,理計器,7734,東P,,"3,625",-160,-4.23%,443,17.2倍,1.93倍,1.66%
20260608,1054,中央自,8117,東S,,"2,005",-71,-3.42%,442,11.7倍,1.76倍,3.14%
20260608,1055,グロバワン,8958,東Ｒ,,"108,800",+500,+0.46%,441,16.9倍,1.19倍,5.88%
20260608,1056,ストライクＧ,6196,東P,,"1,242",+2,+0.16%,440,14.2倍,3.59倍,5.23%
20260608,1057,ＴＯＲＥＸ,6616,東P,,"2,575",-175,-6.36%,440,19.5倍,1.45倍,2.17%
20260608,1058,ＭＸ日半導体,221A,東Ｅ,,"1,245.0",-110.0,-8.12%,438,ー倍,ー倍,ー%
20260608,1059,ヴレインＳ,135A,東G,,"3,575",-290,-7.50%,437,37.7倍,17.6倍,ー%
20260608,1060,飯野海,9119,東P,,"1,470",-18,-1.21%,436,12.9倍,0.98倍,3.13%
20260608,1061,科研薬,4521,東P,,"3,810",+30,+0.79%,436,22.2倍,0.98倍,4.99%
20260608,1062,モスフード,8153,東P,,"3,580",+90,+2.58%,435,30.7倍,1.87倍,0.95%
20260608,1063,グロービング,277A,東P,,"2,156",-144,-6.26%,433,21.9倍,8.40倍,0.70%
20260608,1064,メディアＬ,6659,東S,,74,-5,-6.33%,433,ー倍,2.28倍,ー%
20260608,1065,ＤＧ,350A,東G,,771,-44,-5.40%,431,21.4倍,3.29倍,ー%
20260608,1066,ブレーキ,7238,東P,,114,-6,-5.00%,431,12.4倍,0.97倍,ー%
20260608,1067,東亜道,1882,東P,,"1,500",-10,-0.66%,430,16.5倍,1.29倍,6.00%
20260608,1068,ダイハツイン,6023,東S,,"2,678",-80,-2.90%,428,12.0倍,1.38倍,2.58%
20260608,1069,ベクトル,6058,東P,,"1,390",-17,-1.21%,426,11.9倍,3.08倍,2.59%
20260608,1070,いちご,2337,東P,,439,-9,-2.01%,426,9.55倍,1.48倍,3.53%
20260608,1071,東テク,9960,東P,,"3,765",+50,+1.35%,423,11.3倍,2.10倍,3.40%
20260608,1072,富山第一銀,7184,東P,,"2,466",-24,-0.96%,422,11.5倍,0.76倍,3.04%
20260608,1073,飛島ＨＤ,256A,東P,,"1,914",-12,-0.62%,422,7.64倍,0.67倍,5.75%
20260608,1074,鉄建建設,1815,東P,,"4,265",-35,-0.81%,421,9.43倍,0.76倍,5.23%
20260608,1075,コムチュア,3844,東P,,"1,326",-13,-0.97%,419,13.1倍,2.09倍,3.92%
20260608,1076,アース製薬,4985,東P,,"4,585",+35,+0.77%,419,16.2倍,1.31倍,2.84%
20260608,1077,ユアテック,1934,東P,,"2,320",-65,-2.73%,418,12.1倍,1.03倍,3.36%
20260608,1078,ハイレックス,7279,東S,,"2,159",-125,-5.47%,418,2.17倍,0.38倍,3.71%
20260608,1079,三井松島ＨＤ,1518,東P,,"1,402",-4,-0.28%,417,7.32倍,0.93倍,5.28%
20260608,1080,ヒラノテク,6245,東S,,"2,040",-137,-6.29%,417,28.1倍,0.78倍,4.12%
20260608,1081,ボードルア,4413,東P,,"2,453",-29,-1.17%,415,24.4倍,9.91倍,0.41%
20260608,1082,日ヒュム,5262,東P,,"1,036",-12,-1.15%,414,15.5倍,1.01倍,2.51%
20260608,1083,イリソ電子,6908,東P,,"3,095",-75,-2.37%,411,13.8倍,0.87倍,3.23%
20260608,1084,三菱総研,3636,東P,,"4,665",-35,-0.74%,411,11.1倍,0.93倍,3.54%
20260608,1085,ミラースＲ,3492,東Ｒ,,"81,600",0,0.00%,409,16.3倍,0.91倍,6.62%
20260608,1086,ＧＸロボ日株,2638,東Ｅ,,"2,733",-123,-4.31%,409,ー倍,ー倍,ー%
20260608,1087,エムアップ,3661,東P,,645,+2,+0.31%,408,ー倍,4.77倍,3.72%
20260608,1088,長谷川香料,4958,東P,,"3,105",+45,+1.47%,407,17.2倍,0.95倍,3.22%
20260608,1089,フジシール,7864,東P,,"2,561",-6,-0.23%,407,8.93倍,0.85倍,3.40%
20260608,1090,岡本硝子,7746,東S,,726,-52,-6.68%,407,281倍,8.03倍,ー%
20260608,1091,東急建設,1720,東P,,"1,131",-17,-1.48%,407,10.9倍,1.08倍,3.80%
20260608,1092,ガリレイ,6420,東P,,"3,335",0,0.00%,406,10.8倍,1.18倍,2.67%
20260608,1093,エアロエッジ,7409,東G,,"3,180",-15,-0.47%,406,56.3倍,8.56倍,ー%
20260608,1094,リベラウェア,218A,東G,,"1,165",-4,-0.34%,405,ー倍,50.7倍,ー%
20260608,1095,東競馬,9672,東P,,"4,660",-30,-0.64%,405,11.3倍,1.28倍,3.13%
20260608,1096,ユナイテド海,9110,東P,,"7,290",-200,-2.67%,404,7.44倍,0.92倍,4.05%
20260608,1097,東芝テック,6588,東P,,"3,070",-150,-4.66%,404,23.2倍,1.73倍,1.30%
20260608,1098,富士急,9010,東P,,"2,112",+26,+1.25%,403,19.5倍,2.68倍,1.56%
20260608,1099,大黒屋,6993,東S,,95,-4,-4.04%,403,113倍,13.1倍,ー%
20260608,1100,平河ヒューテ,5821,東P,,"3,890",-160,-3.95%,402,17.8倍,1.43倍,1.36%
20260608,1101,オイシックス,3182,東P,,"1,568",+86,+5.80%,402,11.8倍,1.99倍,1.66%
20260608,1102,合同鉄,5410,東P,,"2,530",-36,-1.40%,401,8.60倍,0.26倍,3.95%
20260608,1103,アルペン,3028,東P,,"2,040",-2,-0.10%,401,13.7倍,0.64倍,2.45%
20260608,1104,リョービ,5851,東P,,"2,695",-18,-0.66%,399,7.45倍,0.47倍,3.86%
20260608,1105,地主,3252,東P,,"2,855",-6,-0.21%,399,7.39倍,1.19倍,4.55%
20260608,1106,テクマト,3762,東P,,"1,823",-52,-2.77%,399,13.6倍,2.78倍,2.96%
20260608,1107,東鉄工,1835,東P,,"4,030",-45,-1.10%,399,10.7倍,1.05倍,3.77%
20260608,1108,ミツバ,7280,東P,,"1,175",-32,-2.65%,399,5.04倍,0.50倍,2.55%
20260608,1109,栗本鉄,5602,東P,,"1,378",-12,-0.86%,397,11.6倍,0.89倍,4.35%
20260608,1110,セレンＨＤ,7318,東G,,"2,248",+19,+0.85%,396,18.6倍,3.03倍,ー%
20260608,1111,マックス,6454,東P,,"1,619",-9,-0.55%,395,20.5倍,2.52倍,2.47%
20260608,1112,日本コークス,3315,東P,,100,-2,-1.96%,394,58.1倍,0.84倍,ー%
20260608,1113,バローＨＤ,9956,東P,,"3,495",+80,+2.34%,390,11.2倍,0.99倍,2.17%
20260608,1114,栃木銀,8550,東P,,929,-1,-0.11%,389,10.8倍,0.59倍,3.23%
20260608,1115,アクシアル,8255,東P,,"1,072",+41,+3.98%,388,11.9倍,1.00倍,2.71%
20260608,1116,ワールド,3612,東P,,"1,513",+14,+0.93%,387,9.15倍,1.22倍,4.43%
20260608,1117,日本ロジ,8967,東Ｒ,,"91,500",+300,+0.33%,387,19.2倍,1.78倍,5.17%
20260608,1118,野村鉄鋼非鉄,1623,東Ｅ,,"65,970","-4,120",-5.88%,386,ー倍,ー倍,ー%
20260608,1119,テイツー,7610,東S,,141,+7,+5.22%,386,10.9倍,1.25倍,2.84%
20260608,1120,岡三,8609,東P,,917,-21,-2.24%,386,ー倍,0.79倍,ー%
20260608,1121,前沢ＨＤ,575A,東P,,"1,473",-36,-2.39%,385,ー倍,ー倍,ー%
20260608,1122,ＭＸトピクス,1348,東Ｅ,,"4,034",-97,-2.35%,383,ー倍,ー倍,ー%
20260608,1123,東急ＲＥ,8957,東Ｒ,,"178,400","+1,600",+0.90%,383,15.8倍,1.37倍,4.50%
20260608,1124,リケンＮＰＲ,6209,東P,,"3,890",-110,-2.75%,383,11.6倍,0.65倍,5.40%
20260608,1125,岩手銀,8345,東P,,"1,917",+10,+0.52%,383,13.2倍,0.68倍,3.03%
20260608,1126,トーエネク,1946,東P,,"2,038",-38,-1.83%,381,10.6倍,1.24倍,3.73%
20260608,1127,ニッケ,3201,東P,,"1,720",-30,-1.71%,381,11.8倍,0.82倍,2.91%
20260608,1128,西鉄,9031,東P,,"2,807.5",+21.5,+0.77%,379,9.42倍,0.75倍,3.21%
20260608,1129,メドレー,4480,東P,,"2,124",-75,-3.41%,379,35.5倍,4.89倍,ー%
20260608,1130,クミアイ化,4996,東P,,720,-27,-3.61%,377,13.6倍,0.59倍,3.33%
20260608,1131,リオン,6823,東P,,"3,640",-230,-5.94%,376,13.0倍,1.29倍,2.47%
20260608,1132,ＳＦＯＯＤＳ,2292,東P,,"2,605",+19,+0.73%,376,12.7倍,0.62倍,4.22%
20260608,1133,太平電,1968,東P,,"2,561",-70,-2.66%,375,13.5倍,1.28倍,2.93%
20260608,1134,ノエビアＨＤ,4928,東P,,"4,275",+70,+1.66%,374,17.8倍,2.99倍,5.38%
20260608,1135,ギフトＨＤ,9279,東P,,"3,890",+45,+1.17%,372,29.9倍,7.00倍,0.67%
20260608,1136,オンワード,8016,東P,,720,-3,-0.41%,371,8.74倍,1.05倍,4.58%
20260608,1137,シグマクシス,6088,東P,,547,+10,+1.86%,371,9.92倍,3.10倍,4.75%
20260608,1138,ミルボン,4919,東P,,"2,626",+52,+2.02%,370,19.4倍,1.72倍,3.35%
20260608,1139,ＨＥＮＮＧＥ,4475,東G,,"1,122",-40,-3.44%,370,21.9倍,9.54倍,0.53%
20260608,1140,サイバーセキ,4493,東G,,"1,727",-44,-2.48%,370,20.5倍,3.83倍,0.35%
20260608,1141,上場ＳＰ５百,1547,東Ｅ,,"12,885",-215,-1.64%,370,ー倍,ー倍,ー%
20260608,1142,ＡＳＢ機械,6284,東P,,"8,820",-390,-4.23%,369,14.5倍,2.14倍,2.72%
20260608,1143,ＷＮＩウェザ,4825,東P,,"2,100",-35,-1.64%,369,26.7倍,4.09倍,4.05%
20260608,1144,オートバクス,9832,東P,,"1,490",+19,+1.29%,368,13.0倍,0.86倍,4.03%
20260608,1145,システナ,2317,東P,,417,-6,-1.42%,368,14.0倍,3.76倍,4.32%
20260608,1146,トーセイ,8923,東P,,"1,526",-29,-1.86%,367,9.77倍,1.37倍,3.60%
20260608,1147,伯東,7433,東P,,"4,485",-90,-1.97%,367,14.8倍,1.23倍,4.91%
20260608,1148,ローランド,7944,東P,,"4,315",-145,-3.25%,366,15.8倍,2.77倍,3.94%
20260608,1149,ミライアル,4238,東S,,"1,602",-44,-2.67%,364,ー倍,0.64倍,ー%
20260608,1150,日本リート,3296,東Ｒ,,"83,500",0,0.00%,364,15.6倍,1.14倍,5.80%
20260608,1151,東和銀,8558,東P,,"1,400",+37,+2.71%,364,9.02倍,0.55倍,3.57%
20260608,1152,ＤＣＭ,3050,東P,,"1,458",+13,+0.90%,363,11.5倍,0.67倍,3.29%
20260608,1153,琉球銀,8399,東P,,"2,478",+17,+0.69%,361,10.2倍,0.70倍,3.95%
20260608,1154,上場米債０ラ,2093,東Ｅ,,"5,361",+45,+0.85%,361,ー倍,ー倍,ー%
20260608,1155,霞ヶ関ホテル,401A,東Ｒ,,"95,100","-1,400",-1.45%,360,17.5倍,0.96倍,6.17%
20260608,1156,ゲオＨＤ,2681,東P,,"2,040",+9,+0.44%,360,13.5倍,0.83倍,1.67%
20260608,1157,ＴＫＣ,9746,東P,,"3,405",-10,-0.29%,359,14.0倍,1.57倍,3.23%
20260608,1158,日精機,7287,東S,,"2,591",-98,-3.64%,358,14.9倍,0.64倍,3.47%
20260608,1159,ｉＦ日経年４,2624,東Ｅ,,"6,443",-261,-3.89%,358,ー倍,ー倍,ー%
20260608,1160,日本ライフＬ,7575,東P,,"1,325",+3,+0.23%,357,11.6倍,1.41倍,4.23%
20260608,1161,イチケン,1847,東S,,"2,495",-68,-2.65%,357,6.47倍,0.91倍,5.01%
20260608,1162,森ヒルズＲ,3234,東Ｒ,,"126,100","+1,000",+0.80%,357,20.4倍,1.17倍,4.92%
20260608,1163,グリーＨＤ,3632,東P,,401,-6,-1.47%,356,ー倍,0.74倍,5.36%
20260608,1164,ドトル日レス,3087,東P,,"2,628",+53,+2.06%,356,14.6倍,1.05倍,2.28%
20260608,1165,ネットスタズ,5590,東G,,709,-21,-2.88%,355,24.3倍,1.53倍,ー%
20260608,1166,テンシャル,325A,東G,,"3,795",-200,-5.01%,355,11.2倍,5.08倍,ー%
20260608,1167,大黒天,2791,東P,,"4,290",-25,-0.58%,353,13.1倍,0.96倍,0.82%
20260608,1168,北興化,4992,東S,,"1,889",-63,-3.23%,353,10.9倍,0.87倍,2.86%
20260608,1169,ディップ,2379,東P,,"1,757",+1,+0.06%,352,19.8倍,2.50倍,5.52%
20260608,1170,スクロール,8005,東P,,"1,620",-17,-1.04%,352,12.7倍,1.45倍,6.30%
20260608,1171,第一興商,7458,東P,,"1,648.0",+6.0,+0.37%,350,14.0倍,1.38倍,4.13%
20260608,1172,ネットプロ,7383,東P,,340,-15,-4.23%,350,15.5倍,1.61倍,ー%
20260608,1173,森トラストＲ,8961,東Ｒ,,"72,100",+400,+0.56%,350,19.9倍,1.09倍,5.03%
20260608,1174,帝ホテル,9708,東S,,"1,000",-25,-2.44%,350,64.0倍,2.41倍,0.60%
20260608,1175,パソナＧ,2168,東P,,"1,507",-42,-2.71%,350,ー倍,0.44倍,4.98%
20260608,1176,アズワン,7476,東P,,"2,142.0",+4.5,+0.21%,349,17.0倍,2.15倍,3.08%
20260608,1177,トモニＨＤ,8600,東P,,849,-3,-0.35%,348,9.14倍,0.55倍,3.53%
20260608,1178,ムゲンＥ,3299,東S,,"1,678",-5,-0.30%,348,5.21倍,1.15倍,7.75%
20260608,1179,ＩＧポート,3791,東S,,"1,249",+35,+2.88%,348,18.6倍,2.45倍,1.36%
20260608,1180,コーナン,7516,東P,,"4,095",+40,+0.99%,347,9.23倍,0.67倍,3.42%
20260608,1181,亀田製菓,2220,東P,,"1,239",+29,+2.40%,347,18.2倍,0.76倍,1.94%
20260608,1182,マイポックス,5381,東S,,"1,067",-73,-6.40%,346,21.2倍,1.66倍,0.94%
20260608,1183,テクニスコ,2962,東S,,"1,203",-140,-10.42%,346,369倍,6.96倍,ー%
20260608,1184,サンマルク,3395,東P,,"2,438",+27,+1.12%,344,18.0倍,1.66倍,2.21%
20260608,1185,ロードスター,3482,東P,,"2,718",-23,-0.84%,344,5.00倍,1.31倍,3.61%
20260608,1186,明和産,8103,東P,,880,+1,+0.11%,344,9.30倍,0.83倍,5.34%
20260608,1187,トピー,7231,東P,,"2,669",-48,-1.77%,343,9.62倍,0.40倍,5.06%
20260608,1188,シグマ光機,7713,東S,,"2,330",-227,-8.88%,343,18.7倍,0.91倍,1.80%
20260608,1189,オカモト,5122,東P,,"5,650",-50,-0.88%,342,20.1倍,0.87倍,2.12%
20260608,1190,小野測器,6858,東S,,905,+52,+6.10%,340,11.7倍,0.57倍,3.31%
20260608,1191,さいか屋,8254,東S,,299,-42,-12.32%,340,15.6倍,1.50倍,1.67%
20260608,1192,スターツ,8850,東P,,"4,445",-15,-0.34%,338,8.09倍,1.11倍,3.37%
20260608,1193,藤コンポ,5121,東P,,"2,522",-21,-0.83%,338,12.3倍,1.21倍,3.41%
20260608,1194,ｉＦＴＰＷブ,1367,東Ｅ,,"2,789",-111,-3.83%,338,ー倍,ー倍,ー%
20260608,1195,壱番屋,7630,東P,,863,+13,+1.53%,337,50.7倍,4.27倍,1.85%
20260608,1196,アスクル,2678,東P,,"1,183",-5,-0.42%,335,ー倍,1.90倍,0.85%
20260608,1197,ＴＯＫＡＩ,3167,東P,,"1,096",+13,+1.20%,335,12.8倍,1.39倍,3.47%
20260608,1198,山岡家,3399,東S,,"3,165",+15,+0.48%,335,17.2倍,6.16倍,0.95%
20260608,1199,ＯＢＡＲＡＧ,6877,東S,,"5,860",-260,-4.25%,332,11.1倍,1.14倍,2.56%
20260608,1200,東建コーポ,1766,東P,,"12,310",+210,+1.74%,332,9.32倍,0.97倍,2.92%
20260608,1201,ＳＰＤＲ５百,1557,東Ｅ,,"118,300","-2,250",-1.87%,331,ー倍,ー倍,ー%
20260608,1202,ＧＸテック日,2854,東Ｅ,,"2,545",-110,-4.14%,331,ー倍,ー倍,ー%
20260608,1203,クラボウ,3106,東P,,"9,390",-330,-3.40%,331,11.5倍,1.13倍,3.53%
20260608,1204,菱地所物流Ｒ,3481,東Ｒ,,"117,800",+600,+0.51%,331,20.8倍,1.12倍,5.28%
20260608,1205,ＦＣＣ,7296,東P,,"3,415",-45,-1.30%,330,11.0倍,0.81倍,4.69%
20260608,1206,アイスタイル,3660,東P,,385,-5,-1.28%,329,14.5倍,1.79倍,0.26%
20260608,1207,ＮＳグループ,471A,東P,,"1,392",-10,-0.71%,329,8.58倍,2.34倍,5.46%
20260608,1208,ＩＭＶ,7760,東S,,"2,296",-163,-6.63%,328,19.8倍,2.81倍,1.31%
20260608,1209,矢作建,1870,東P,,"1,803",-24,-1.31%,328,9.49倍,1.02倍,5.55%
20260608,1210,星野Ｒリート,3287,東Ｒ,,"234,700",+500,+0.21%,327,18.1倍,0.94倍,5.54%
20260608,1211,日証金,8511,東P,,"2,252",-30,-1.31%,327,16.6倍,1.33倍,4.17%
20260608,1212,プレイド,4165,東G,,589,-44,-6.95%,327,22.9倍,4.70倍,ー%
20260608,1213,ミズホメディ,4595,東S,,"1,680",-12,-0.71%,327,9.94倍,1.75倍,5.95%
20260608,1214,ビジョン,9416,東P,,"1,031",+7,+0.68%,327,9.87倍,2.46倍,4.95%
20260608,1215,東邦鉛,5707,東P,,859,-59,-6.43%,326,7.72倍,1.16倍,ー%
20260608,1216,野村商社卸売,1629,東Ｅ,,258.0,-3.6,-1.38%,326,ー倍,ー倍,ー%
20260608,1217,養命酒,2540,東P,,"4,020",0,0.00%,324,ー倍,1.20倍,ー%
20260608,1218,イーグル工,6486,東P,,"2,892",-31,-1.06%,324,13.8倍,0.99倍,ー%
20260608,1219,川田テク,3443,東P,,"1,186",-26,-2.15%,322,8.57倍,0.61倍,3.54%
20260608,1220,Ｔホライゾン,6629,東S,,973,-57,-5.53%,321,7.71倍,1.07倍,3.39%
20260608,1221,東京鉄,5445,東P,,"1,763",-26,-1.45%,321,6.25倍,0.70倍,5.67%
20260608,1222,ザ・パック,3950,東P,,"1,244",+2,+0.16%,321,13.0倍,0.90倍,3.38%
20260608,1223,ダイナマップ,336A,東G,,818,-51,-5.87%,320,ー倍,2.68倍,ー%
20260608,1224,荒川化,4968,東P,,"1,576",-74,-4.48%,320,13.9倍,0.50倍,3.49%
20260608,1225,ジーテクト,5970,東P,,"2,095",-58,-2.69%,320,6.90倍,0.40倍,4.68%
20260608,1226,コロンビア,146A,東S,,"2,585",-105,-3.90%,320,4.75倍,1.14倍,3.64%
20260608,1227,東証グロース,2516,東Ｅ,,588.5,-20.8,-3.41%,319,ー倍,ー倍,ー%
20260608,1228,トヨカネツ,6369,東P,,"2,185",-45,-2.02%,318,12.6倍,0.85倍,4.81%
20260608,1229,トラスコ中山,9830,東P,,"2,182",-36,-1.62%,318,9.90倍,0.76倍,2.68%
20260608,1230,ＧＸ銀行高配,315A,東Ｅ,,"1,738",-13,-0.74%,318,ー倍,ー倍,ー%
20260608,1231,野村米半導,346A,東Ｅ,,"4,960",-338,-6.38%,318,ー倍,ー倍,ー%
20260608,1232,ＢＭＬ,4694,東P,,"3,615",+35,+0.98%,314,19.4倍,1.06倍,3.46%
20260608,1233,横河ブＨＤ,5911,東P,,"2,759",-13,-0.47%,314,13.2倍,0.81倍,4.71%
20260608,1234,アルコニクス,3036,東P,,"2,326",-49,-2.06%,313,10.6倍,0.88倍,3.87%
20260608,1235,ＺＡＣＲＯＳ,7917,東P,,"1,260",-28,-2.17%,313,13.9倍,0.95倍,2.86%
20260608,1236,西川ゴム,5161,東S,,"3,020",-35,-1.15%,311,16.8倍,1.25倍,6.09%
20260608,1237,アイダ,6118,東P,,"1,132",+22,+1.98%,310,14.3倍,0.71倍,3.45%
20260608,1238,コメリ,8218,東P,,"3,525",+40,+1.15%,310,11.0倍,0.64倍,1.65%
20260608,1239,ＵＳＭＨ,3222,東S,,833,+11,+1.34%,310,"1,157倍",0.86倍,1.92%
20260608,1240,おきなわＦＧ,7350,東P,,"6,160",-30,-0.48%,309,11.0倍,0.81倍,3.25%
20260608,1241,エフ・コード,9211,東G,,"1,422",-91,-6.01%,309,9.17倍,2.18倍,ー%
20260608,1242,四国銀,8387,東P,,"2,794",+44,+1.60%,308,13.3倍,0.61倍,3.08%
20260608,1243,メニコン,7780,東P,,"1,630",-7,-0.43%,308,18.6倍,1.28倍,1.72%
20260608,1244,サンワテク,8137,東P,,"3,770",-100,-2.58%,307,14.0倍,1.11倍,3.45%
20260608,1245,日山村硝,5210,東S,,"2,547",-44,-1.70%,306,11.3倍,0.46倍,5.89%
20260608,1246,ｉＳ高配当,1478,東Ｅ,,"4,936",+4,+0.08%,306,ー倍,ー倍,ー%
20260608,1247,Ｇセキュリ,4417,東G,,"3,145",+85,+2.78%,305,23.6倍,10.7倍,1.56%
20260608,1248,ミラースＨＤ,8897,東P,,409,-1,-0.24%,305,6.83倍,0.65倍,5.62%
20260608,1249,山形銀,8344,東P,,"3,075",0,0.00%,304,12.7倍,0.63倍,3.19%
20260608,1250,プレス工,7246,東P,,803,-16,-1.95%,304,11.2倍,0.65倍,5.48%
20260608,1251,応用地質,9755,東P,,"2,793",-30,-1.06%,302,16.3倍,0.81倍,3.94%
20260608,1252,ＰＨＣＨＤ,6523,東P,,"1,092",+2,+0.18%,302,8.97倍,0.85倍,3.85%
20260608,1253,サスメド,4263,東G,,624,-14,-2.19%,301,ー倍,2.61倍,ー%
20260608,1254,ゼンリン,9474,東P,,856,+1,+0.12%,301,18.3倍,0.93倍,4.91%
20260608,1255,ＮＴＴ都市Ｒ,8956,東Ｒ,,"129,100",+600,+0.47%,300,18.6倍,1.29倍,4.86%
20260608,1256,前田工繊,7821,東P,,"1,747",-43,-2.40%,300,15.3倍,1.55倍,1.60%
20260608,1257,野村原油,1699,東Ｅ,,671.0,+17.4,+2.66%,300,ー倍,ー倍,ー%
20260608,1258,ジェイエイシ,2124,東P,,851,-9,-1.05%,300,15.7倍,6.79倍,4.47%
20260608,1259,渋谷工,6340,東P,,"4,070",-190,-4.46%,299,12.1倍,1.00倍,2.33%
20260608,1260,東プレ,5975,東P,,"2,651",-53,-1.96%,299,8.55倍,0.53倍,3.77%
20260608,1261,ツバキナカ,6464,東P,,389,-13,-3.23%,297,29.8倍,0.39倍,ー%
20260608,1262,あらた,2733,東P,,"2,502",+24,+0.97%,296,12.0倍,0.67倍,4.48%
20260608,1263,岡本工,6125,東S,,"4,915",-365,-6.91%,294,16.2倍,0.76倍,3.26%
20260608,1264,Ｔ＆Ｓ・Ｇ,4055,東G,,"1,856",-165,-8.16%,294,25.8倍,4.41倍,0.59%
20260608,1265,スクイーズ,558A,東G,,"4,330",-475,-9.89%,293,27.4倍,8.37倍,ー%
20260608,1266,ＢＡＳＥ,4477,東G,,265,-8,-2.93%,291,20.4倍,2.09倍,1.89%
20260608,1267,シークス,7613,東P,,"1,398",-58,-3.98%,291,11.0倍,0.62倍,3.58%
20260608,1268,トランスコス,9715,東P,,"3,815",-5,-0.13%,291,10.6倍,1.11倍,3.80%
20260608,1269,日本高純度,4973,東P,,"5,130",-330,-6.04%,291,13.7倍,1.66倍,4.48%
20260608,1270,ＳＢＳＨＤ,2384,東P,,"4,525",-15,-0.33%,291,13.3倍,1.77倍,2.32%
20260608,1271,ＴＭＨ,280A,東G,,"2,226",-74,-3.22%,290,33.1倍,6.15倍,ー%
20260608,1272,レイズネク,6379,東P,,"2,129",-27,-1.25%,290,12.8倍,1.26倍,5.50%
20260608,1273,松風,7979,東P,,"1,908",+8,+0.42%,289,14.3倍,1.40倍,3.20%
20260608,1274,山善,8051,東P,,"1,656",-21,-1.25%,288,15.3倍,0.99倍,3.38%
20260608,1275,テレ東ＨＤ,9413,東P,,"3,675",+30,+0.82%,287,12.2倍,0.91倍,2.72%
20260608,1276,ヒーハイスト,6433,東S,,"1,135",-60,-5.02%,285,77.0倍,3.37倍,0.18%
20260608,1277,ピーエス,1871,東P,,"2,074",-48,-2.26%,285,12.5倍,1.48倍,4.87%
20260608,1278,鈴木,6785,東P,,"3,230",-130,-3.87%,284,12.4倍,1.48倍,3.25%
20260608,1279,加藤産,9869,東P,,"5,790",+10,+0.17%,284,12.2倍,0.99倍,2.76%
20260608,1280,ＮＩＳＳＨＡ,7915,東P,,"1,470",-61,-3.98%,284,21.8倍,0.60倍,3.40%
20260608,1281,ホクト,1379,東P,,"1,857",+31,+1.70%,283,11.1倍,0.90倍,3.34%
20260608,1282,ＡＢＥＪＡ,5574,東G,,"2,265",-157,-6.48%,283,41.8倍,4.62倍,ー%
20260608,1283,ＶＴＨＤ,7593,東P,,437,+1,+0.23%,282,7.26倍,0.72倍,5.49%
20260608,1284,ＤｙＤｏ,2590,東P,,"2,547",+32,+1.27%,282,16.2倍,1.23倍,1.18%
20260608,1285,エスビー,2805,東S,,"5,030",+110,+2.24%,282,15.0倍,1.29倍,1.19%
20260608,1286,上場米債ヘ無,1486,東Ｅ,,"24,535",-80,-0.33%,282,ー倍,ー倍,ー%
20260608,1287,愛媛銀,8541,東P,,"1,999",+7,+0.35%,281,12.0倍,0.54倍,2.40%
20260608,1288,ムービン,421A,東G,,"3,150",+30,+0.96%,281,15.2倍,6.40倍,ー%
20260608,1289,多木化,4025,東P,,"5,390",-40,-0.74%,281,17.0倍,1.00倍,1.48%
20260608,1290,イーソル,4420,東S,,918,-11,-1.18%,280,22.0倍,3.00倍,0.60%
20260608,1291,三洋化,4471,東P,,"5,060",-120,-2.32%,280,12.4倍,0.70倍,3.46%
20260608,1292,アルゴグラフ,7595,東P,,"1,239",-15,-1.20%,280,11.8倍,1.75倍,5.25%
20260608,1293,エクセレント,8987,東Ｒ,,"136,100",+300,+0.22%,280,20.6倍,1.20倍,4.48%
20260608,1294,北越コーポ,3865,東P,,905,+1,+0.11%,279,28.7倍,0.57倍,2.87%
20260608,1295,静ガス,9543,東P,,"1,260",+30,+2.44%,278,10.4倍,0.69倍,3.49%
20260608,1296,イエロハット,9882,東P,,"1,674",+11,+0.66%,278,11.7倍,1.15倍,4.06%
20260608,1297,セプテニＨＤ,4293,東S,,507,-5,-0.98%,278,20.0倍,1.61倍,3.55%
20260608,1298,ドウシシャ,7483,東P,,"2,884",+21,+0.73%,278,12.1倍,1.09倍,3.81%
20260608,1299,ＧＡテクノ,3491,東G,,"1,465",-43,-2.85%,277,11.0倍,2.00倍,0.89%
20260608,1300,ベルーナ,9997,東P,,950,-1,-0.11%,277,7.62倍,0.60倍,4.11%
20260608,1301,ワキタ,8125,東P,,"1,652",-5,-0.30%,276,22.8倍,0.81倍,6.05%
20260608,1302,ＴＰＲ,6463,東P,,"1,410",-34,-2.35%,276,11.2倍,0.52倍,3.97%
20260608,1303,エスケーエレ,6677,東S,,"3,210",-140,-4.18%,276,10.4倍,0.94倍,4.74%
20260608,1304,学情,2301,東P,,"1,547",-32,-2.03%,276,10.4倍,1.41倍,4.85%
20260608,1305,ＡＺ丸和ＨＤ,9090,東P,,748,-14,-1.84%,275,12.1倍,1.61倍,4.28%
20260608,1306,明星工,1976,東P,,"1,715",+28,+1.66%,275,14.1倍,1.14倍,3.79%
20260608,1307,木村化,6378,東S,,"1,169",-52,-4.26%,275,12.1倍,1.09倍,3.51%
20260608,1308,オークネット,3964,東P,,"1,377",-33,-2.34%,275,16.7倍,4.65倍,3.05%
20260608,1309,マースＧＨＤ,6419,東P,,"2,935",-7,-0.24%,274,7.96倍,0.62倍,5.11%
20260608,1310,ＣＲＥロジ,3487,東Ｒ,,"140,700",-100,-0.07%,272,19.5倍,1.04倍,5.46%
20260608,1311,オリオン,409A,東P,,"1,175",+35,+3.07%,272,16.8倍,2.67倍,2.89%
20260608,1312,ニチハ,7943,東P,,"2,924",-15,-0.51%,271,12.1倍,0.80倍,3.90%
20260608,1313,ＧＸＡＩビグ,223A,東Ｅ,,"1,809",-95,-4.99%,271,ー倍,ー倍,ー%
20260608,1314,日比谷設,1982,東P,,"2,886",-74,-2.50%,270,13.6倍,1.49倍,3.81%
20260608,1315,不動テトラ,1813,東P,,"2,642",-49,-1.82%,269,12.5倍,1.05倍,4.35%
20260608,1316,グロブライド,7990,東P,,"2,462",-51,-2.03%,269,9.55倍,0.81倍,4.06%
20260608,1317,ユニバーサル,6425,東S,,675,-12,-1.75%,269,26.2倍,0.41倍,ー%
20260608,1318,ユニプレス,5949,東P,,"1,216",-22,-1.78%,269,12.1倍,0.41倍,5.76%
20260608,1319,図研,6947,東P,,"4,605",-35,-0.75%,268,17.0倍,2.35倍,3.26%
20260608,1320,新日本科学,2395,東P,,"1,085",-38,-3.38%,268,12.9倍,1.05倍,4.61%
20260608,1321,コメ兵ＨＤ,2780,東S,,"5,090",-120,-2.30%,268,9.56倍,1.50倍,2.12%
20260608,1322,セレス,3696,東P,,"1,726",-63,-3.52%,268,12.6倍,1.52倍,3.48%
20260608,1323,ＡＩストーム,3719,東S,,192,-15,-7.25%,266,25.2倍,2.30倍,1.56%
20260608,1324,丸文,7537,東P,,"1,647",-70,-4.08%,266,10.8倍,0.76倍,4.68%
20260608,1325,三陽商,8011,東P,,"3,660",0,0.00%,266,9.08倍,0.89倍,4.02%
20260608,1326,丸大食,2288,東P,,"2,217",+23,+1.05%,266,8.34倍,0.70倍,3.61%
20260608,1327,井関農,6310,東P,,"1,716",-23,-1.32%,266,12.9倍,0.52倍,2.62%
20260608,1328,積水樹,4212,東P,,"2,164",+25,+1.17%,266,14.7倍,0.65倍,3.79%
20260608,1329,日本通信,9424,東P,,113,-3,-2.59%,265,ー倍,4.18倍,ー%
20260608,1330,白銅,7637,東P,,"3,345",-255,-7.08%,264,11.8倍,1.49倍,3.83%
20260608,1331,日リーテック,1938,東P,,"2,695",-77,-2.78%,264,10.9倍,0.96倍,3.60%
20260608,1332,日本信号,6741,東P,,"1,545",-56,-3.50%,264,9.64倍,0.84倍,3.62%
20260608,1333,綜研化学,4972,東S,,"3,565",+60,+1.71%,263,13.8倍,1.43倍,ー%
20260608,1334,紙パル商,8032,東P,,"1,065",-9,-0.84%,263,14.6倍,0.91倍,3.38%
20260608,1335,大倉工,4221,東P,,"4,810",-60,-1.23%,262,12.7倍,0.86倍,4.57%
20260608,1336,ｉＳＳＴ２０,313A,東Ｅ,,261.8,-5.5,-2.06%,262,ー倍,ー倍,ー%
20260608,1337,ＳＢＩリーシ,5834,東G,,"2,230",+1,+0.04%,262,5.82倍,1.24倍,5.16%
20260608,1338,ｉＦ米債７有,2016,東Ｅ,,"1,776",-14,-0.78%,261,ー倍,ー倍,ー%
20260608,1339,ウイングアク,4432,東P,,"2,435",-17,-0.69%,261,11.4倍,1.80倍,4.44%
20260608,1340,西松屋チェ,7545,東P,,"1,977",+24,+1.23%,260,14.1倍,1.20倍,1.62%
20260608,1341,サンフロ不,8934,東P,,"2,321",-3,-0.13%,259,7.63倍,1.11倍,3.45%
20260608,1342,秋田銀,8343,東P,,"5,890",-30,-0.51%,259,12.3倍,0.59倍,3.40%
20260608,1343,コーセル,6905,東P,,"1,402",-102,-6.78%,258,"1,921倍",1.05倍,3.92%
20260608,1344,チェンジＨＤ,3962,東P,,912,-4,-0.44%,257,9.06倍,1.36倍,2.85%
20260608,1345,理ビタ,4526,東P,,"2,921",+8,+0.27%,257,11.4倍,1.02倍,3.77%
20260608,1346,ハマキョウ,9037,東P,,"1,851",-9,-0.48%,256,12.7倍,1.40倍,2.49%
20260608,1347,中部鋼鈑,5461,東P,,"2,075",-54,-2.54%,256,62.2倍,0.75倍,5.45%
20260608,1348,ＧＸ高配日株,2564,東Ｅ,,"3,262",-20,-0.61%,255,ー倍,ー倍,ー%
20260608,1349,愛三工,7283,東P,,"1,867",-30,-1.58%,255,8.87倍,0.75倍,4.28%
20260608,1350,福井コン,9790,東P,,"3,205",+85,+2.72%,255,14.6倍,2.20倍,2.40%
20260608,1351,Ｇｅｎｋｙ,9267,東P,,"3,340",-65,-1.91%,254,13.0倍,1.73倍,0.39%
20260608,1352,ブロドリーフ,3673,東P,,826,-17,-2.02%,254,23.4倍,3.04倍,1.88%
20260608,1353,新晃工,6458,東P,,"1,219",-13,-1.06%,254,11.4倍,1.29倍,4.10%
20260608,1354,クラシル,299A,東G,,999,-11,-1.09%,254,17.3倍,3.22倍,ー%
20260608,1355,ＧＸ純金,425A,東Ｅ,,368.7,-10.6,-2.79%,253,ー倍,ー倍,ー%
20260608,1356,バンクオブイ,4393,東G,,"5,010",-260,-4.93%,253,ー倍,3.00倍,ー%
20260608,1357,Ｋｕｄａｎ,4425,東G,,"1,679",-44,-2.55%,253,ー倍,7.23倍,ー%
20260608,1358,第一実,8059,東P,,"2,948",-92,-3.03%,253,10.0倍,1.04倍,4.24%
20260608,1359,フタバ,7241,東P,,959,-6,-0.62%,253,6.12倍,0.62倍,4.69%
20260608,1360,インターアク,7725,東P,,"1,924",-162,-7.77%,253,36.6倍,1.82倍,2.29%
20260608,1361,三菱紙,3864,東P,,"1,052",-9,-0.85%,252,7.09倍,0.45倍,1.90%
20260608,1362,タカラスタ,7981,東P,,"2,941",-26,-0.88%,252,12.1倍,0.95倍,4.22%
20260608,1363,ユーグレナ,2931,東P,,347,-2,-0.57%,252,ー倍,1.48倍,ー%
20260608,1364,スターマイカ,2975,東P,,"1,492",+13,+0.88%,251,9.39倍,1.80倍,3.42%
20260608,1365,大日精,4116,東P,,"1,005",-6,-0.59%,251,10.4倍,0.49倍,5.47%
20260608,1366,フルキャスト,4848,東P,,"1,543",-1,-0.06%,251,9.89倍,1.74倍,4.15%
20260608,1367,マルゼン,5982,東S,,"3,600",+190,+5.57%,250,10.8倍,1.09倍,3.47%
20260608,1368,ハリマ化成Ｇ,4410,東P,,"1,106",-102,-8.44%,250,10.2倍,0.66倍,3.80%
20260608,1369,アジアパイル,5288,東P,,"1,514",-9,-0.59%,249,7.49倍,1.10倍,4.62%
20260608,1370,ステラファ,4888,東G,,300,-44,-12.79%,249,ー倍,4.33倍,ー%
20260608,1371,カーブスＨＤ,7085,東P,,863,+11,+1.29%,248,16.4倍,3.47倍,3.48%
20260608,1372,京阪神ビル,8818,東P,,"2,058",-17,-0.82%,248,20.0倍,1.21倍,2.92%
20260608,1373,小森,6349,東P,,"1,453",-24,-1.62%,248,10.7倍,0.63倍,5.16%
20260608,1374,ＪＵＫＩ,6440,東P,,503,-28,-5.27%,248,9.91倍,0.46倍,2.98%
20260608,1375,双葉電,6986,東P,,603,-35,-5.49%,247,ー倍,0.31倍,ー%
20260608,1376,ＧＭＯ－ＦＨ,7177,東S,,"1,037",-4,-0.38%,246,ー倍,2.18倍,5.28%
20260608,1377,インソース,6200,東P,,588,+1,+0.17%,246,11.2倍,3.98倍,5.02%
20260608,1378,象印,7965,東P,,"1,396",-2,-0.14%,246,18.5倍,0.98倍,3.30%
20260608,1379,リンガハット,8200,東P,,"2,075",+45,+2.22%,246,44.8倍,3.53倍,0.63%
20260608,1380,イー・ギャラ,8771,東P,,"1,642",+8,+0.49%,246,19.2倍,3.61倍,5.12%
20260608,1381,サクシード,9256,東G,,"3,160",-90,-2.77%,246,43.5倍,4.34倍,0.51%
20260608,1382,ＭＵＴＯＨ,7999,東S,,"7,580",+10,+0.13%,245,ー倍,1.04倍,ー%
20260608,1383,平和堂,8276,東P,,"2,544",+44,+1.76%,245,12.8倍,0.64倍,2.59%
20260608,1384,住友精化,4008,東P,,"1,254",-35,-2.72%,243,ー倍,0.78倍,3.83%
20260608,1385,オイレス,6282,東P,,"2,657",-20,-0.75%,243,15.3倍,0.97倍,3.58%
20260608,1386,原油先Ｗブル,2038,東EN,,"2,755",+106,+4.00%,242,ー倍,ー倍,ー%
20260608,1387,スターアジア,3468,東Ｒ,,"53,600",+100,+0.19%,242,16.6倍,0.99倍,6.16%
20260608,1388,リミックス,3825,東S,,157,-3,-1.88%,240,ー倍,0.96倍,ー%
20260608,1389,オリコン,4800,東S,,"1,329",0,0.00%,240,16.3倍,2.94倍,ー%
20260608,1390,ソラコム,147A,東G,,"1,127",-42,-3.59%,240,72.8倍,4.66倍,ー%
20260608,1391,住石ＨＤ,1514,東S,,577,-2,-0.35%,240,21.6倍,1.18倍,2.60%
20260608,1392,ミライニＨＤ,546A,東P,,"1,903",-19,-0.99%,239,5.00倍,ー倍,4.89%
20260608,1393,ディアライフ,3245,東P,,982,-5,-0.51%,238,7.27倍,1.52倍,6.52%
20260608,1394,デジプラ,3691,東G,,"1,293",-77,-5.62%,238,ー倍,7.02倍,ー%
20260608,1395,ＡＤプラズマ,6668,東S,,"2,939",-281,-8.73%,238,24.8倍,1.79倍,0.82%
20260608,1396,丸三,8613,東P,,"1,041",-13,-1.23%,237,ー倍,1.35倍,ー%
20260608,1397,スパークス,8739,東P,,"2,150",-23,-1.06%,237,ー倍,2.17倍,4.37%
20260608,1398,エイチワン,5989,東P,,"1,578",-13,-0.82%,237,4.04倍,0.56倍,4.44%
20260608,1399,エネクス,8133,東P,,"1,944",-6,-0.31%,236,13.3倍,1.21倍,3.50%
20260608,1400,サイバＳＯＬ,436A,東G,,969,-115,-10.61%,236,12.7倍,3.60倍,3.92%
20260608,1401,三星ベ,5192,東P,,"3,915",-50,-1.26%,235,12.1倍,1.08倍,4.88%
20260608,1402,菱製鋼,5632,東P,,"2,103",-47,-2.19%,234,10.3倍,0.65倍,4.95%
20260608,1403,極洋,1301,東P,,"4,290",+5,+0.12%,234,7.08倍,0.66倍,3.73%
20260608,1404,野村高配７０,1577,東Ｅ,,"53,930",-400,-0.74%,233,ー倍,ー倍,ー%
20260608,1405,沖縄電,9511,東P,,910,+2,+0.22%,233,ー倍,0.38倍,ー%
20260608,1406,戸田工,4100,東S,,"1,698",-153,-8.27%,233,19.7倍,1.09倍,ー%
20260608,1407,トレファク,3093,東P,,"1,771",-27,-1.50%,232,12.2倍,3.26倍,2.48%
20260608,1408,杏林製薬,4569,東P,,"1,158",+8,+0.70%,231,44.4倍,0.47倍,2.16%
20260608,1409,弁護士ＣＯＭ,6027,東P,,"2,210",-79,-3.45%,231,25.3倍,7.10倍,ー%
20260608,1410,リコーリース,8566,東P,,"6,030",+30,+0.50%,231,15.6倍,0.77倍,4.25%
20260608,1411,河西工,7256,東S,,354,-8,-2.21%,231,3.42倍,0.82倍,ー%
20260608,1412,アークランズ,9842,東P,,"1,886",+4,+0.21%,231,11.9倍,0.93倍,2.12%
20260608,1413,サガミＨＤ,9900,東P,,"1,530",+1,+0.07%,231,38.6倍,2.36倍,0.78%
20260608,1414,極東証券,8706,東P,,"1,528",-24,-1.55%,230,ー倍,0.92倍,ー%
20260608,1415,レック,7874,東P,,926,+50,+5.71%,229,10.1倍,0.81倍,3.02%
20260608,1416,グリムス,3150,東P,,"2,354",-6,-0.25%,229,10.1倍,2.79倍,3.95%
20260608,1417,ｉＳＱＴＯＰ,392A,東Ｅ,,278.1,-9.1,-3.17%,229,ー倍,ー倍,ー%
20260608,1418,三愛オブリ,8097,東P,,"2,112",+13,+0.62%,228,15.9倍,1.13倍,4.73%
20260608,1419,佐藤商,8065,東P,,"3,200",-95,-2.88%,227,10.0倍,0.86倍,2.72%
20260608,1420,カワチ薬品,2664,東P,,"3,355",+5,+0.15%,226,25.0倍,0.65倍,2.98%
20260608,1421,ヤマシン―Ｆ,6240,東P,,525,-6,-1.13%,226,18.0倍,1.58倍,3.81%
20260608,1422,佐賀銀,8395,東P,,"5,340",+60,+1.14%,225,9.71倍,0.71倍,2.06%
20260608,1423,昭和産,2004,東P,,"3,225",+50,+1.57%,225,11.0倍,0.70倍,4.34%
20260608,1424,セーフィー,4375,東G,,651,-5,-0.76%,225,ー倍,3.94倍,ー%
20260608,1425,ＪＢＣＣＨＤ,9889,東P,,"1,186",-8,-0.67%,224,11.9倍,2.89倍,4.22%
20260608,1426,生化学,4548,東P,,737,-1,-0.14%,224,17.9倍,0.53倍,4.07%
20260608,1427,世紀東急,1898,東P,,"1,411",-17,-1.19%,224,11.0倍,1.17倍,5.32%
20260608,1428,松尾電,6969,東S,,"1,742",-211,-10.80%,223,14.2倍,2.13倍,0.86%
20260608,1429,あすか薬ＨＤ,4886,東P,,"2,577",+3,+0.12%,222,15.2倍,1.04倍,2.52%
20260608,1430,共英製鋼,5440,東P,,"1,731",-17,-0.97%,222,8.36倍,0.36倍,4.04%
20260608,1431,ＡＯＫＩＨＤ,8214,東P,,"1,578",0,0.00%,222,13.3倍,0.92倍,5.70%
20260608,1432,富士製薬,4554,東P,,"2,218",+34,+1.56%,222,25.9倍,1.13倍,2.21%
20260608,1433,大王紙,3880,東P,,921,+1,+0.11%,222,11.8倍,0.63倍,1.52%
20260608,1434,桜島埠,9353,東S,,"2,701",-59,-2.14%,219,15.8倍,0.51倍,2.00%
20260608,1435,品川リフラ,5351,東P,,"1,851",-18,-0.96%,218,8.45倍,0.79倍,5.13%
20260608,1436,フューチャー,4722,東P,,"1,537",-16,-1.03%,218,11.6倍,2.15倍,3.12%
20260608,1437,オカムラ食品,2938,東S,,"1,529",-1,-0.07%,217,29.8倍,4.04倍,0.52%
20260608,1438,帝繊維,3302,東P,,"3,200",-15,-0.47%,216,21.6倍,1.09倍,2.03%
20260608,1439,ジェイドＧ,3558,東G,,"1,611",-29,-1.77%,216,ー倍,2.22倍,ー%
20260608,1440,コロプラ,3668,東P,,381,-8,-2.06%,216,ー倍,0.74倍,ー%
20260608,1441,ホソミクロン,6277,東P,,"5,100",-140,-2.67%,216,14.4倍,1.06倍,2.75%
20260608,1442,カメイ,8037,東P,,"3,425",-15,-0.44%,215,9.53倍,0.60倍,3.80%
20260608,1443,長府製,5946,東P,,"1,980",-2,-0.10%,215,17.7倍,0.48倍,2.32%
20260608,1444,犬猫生活,556A,東G,,"2,771",-244,-8.09%,214,16.0倍,10.8倍,ー%
20260608,1445,岩井コスモ,8707,東P,,"3,760",-70,-1.83%,214,ー倍,1.19倍,ー%
20260608,1446,イーレックス,9517,東P,,783,+22,+2.89%,213,ー倍,0.87倍,2.81%
20260608,1447,ｇｕｍｉ,3903,東P,,261,-16,-5.78%,213,ー倍,0.66倍,ー%
20260608,1448,エヌピーシー,6255,東G,,750,-55,-6.83%,213,29.6倍,1.56倍,1.33%
20260608,1449,りたりこ,7366,東P,,"1,504",-3,-0.20%,211,15.5倍,3.57倍,1.00%
20260608,1450,大末建,1814,東P,,"3,165",-40,-1.25%,211,8.44倍,1.29倍,5.88%
20260608,1451,高松グループ,1762,東P,,"3,415",0,0.00%,210,9.51倍,0.81倍,4.22%
20260608,1452,リアルゲイト,5532,東G,,"3,340",-30,-0.89%,210,29.9倍,5.44倍,ー%
20260608,1453,神島化,4026,東S,,"1,824",-122,-6.27%,210,8.96倍,1.17倍,2.69%
20260608,1454,アカツキ,3932,東P,,"3,035",-30,-0.98%,209,ー倍,0.81倍,ー%
20260608,1455,日農薬,4997,東P,,980,-37,-3.64%,209,10.4倍,0.90倍,3.88%
20260608,1456,インフ,438A,東G,,721,-35,-4.63%,209,31.2倍,2.69倍,ー%
20260608,1457,立花エレ,8159,東P,,"3,135",-145,-4.42%,208,11.5倍,0.66倍,3.83%
20260608,1458,Ｏｎｅ高配当,1494,東Ｅ,,"41,610",-180,-0.43%,207,ー倍,ー倍,ー%
20260608,1459,クオールＨＤ,3034,東P,,"1,893",+33,+1.77%,207,9.12倍,1.24倍,2.85%
20260608,1460,東洋証券,8614,東P,,608,-2,-0.33%,206,ー倍,1.35倍,ー%
20260608,1461,野村銀行１７,1631,東Ｅ,,"36,870",-340,-0.91%,205,ー倍,ー倍,ー%
20260608,1462,ＳＢＩＧＡＭ,4765,東P,,586,+2,+0.34%,205,ー倍,2.48倍,ー%
20260608,1463,文化シヤタ,5930,東P,,"1,850",-13,-0.70%,205,10.0倍,1.09倍,4.00%
20260608,1464,オハラ,5218,東S,,"1,550",-132,-7.85%,204,30.7倍,0.71倍,1.61%
20260608,1465,北里,368A,東P,,"1,176",-19,-1.59%,204,11.6倍,2.29倍,3.49%
20260608,1466,いちよし,8624,東P,,"1,251",-38,-2.95%,204,ー倍,1.30倍,ー%
20260608,1467,寺崎電気,6637,東S,,"3,370",-10,-0.30%,204,11.0倍,0.75倍,1.66%
20260608,1468,ブロンコＢ,3091,東P,,"4,185",+70,+1.70%,204,31.2倍,2.82倍,0.67%
20260608,1469,アークス,9948,東P,,"3,260",+35,+1.09%,204,14.0倍,0.89倍,2.52%
20260608,1470,タチエス,7239,東P,,"2,167",-33,-1.50%,203,8.65倍,0.71倍,5.31%
20260608,1471,ジェリビンズ,3070,東G,,87,-4,-4.40%,203,44.2倍,1.52倍,ー%
20260608,1472,テイカ,4027,東P,,"2,307",-49,-2.08%,203,29.2倍,0.86倍,3.47%
20260608,1473,ホットランド,3196,東P,,"1,620",+5,+0.31%,203,52.5倍,3.66倍,0.80%
20260608,1474,新東工,6339,東P,,"1,193",-11,-0.91%,202,11.2倍,0.56倍,4.02%
20260608,1475,ニシオＨＤ,9699,東P,,"3,870",0,0.00%,202,8.81倍,0.75倍,3.41%
20260608,1476,ワシントンＨ,4691,東S,,"1,728",-14,-0.80%,201,9.01倍,1.70倍,2.60%
20260608,1477,セイワＨＤ,523A,東G,,"1,893",-137,-6.75%,201,36.1倍,20.3倍,ー%
20260608,1478,ヤマエＧＨＤ,7130,東P,,"2,901",-29,-0.99%,199,6.44倍,0.75倍,2.76%
20260608,1479,鶴見製,6351,東P,,"2,056",-46,-2.19%,199,17.6倍,0.96倍,1.75%
20260608,1480,夢展望,3185,東G,,141,-35,-19.89%,199,ー倍,137倍,ー%
20260608,1481,安田倉,9324,東P,,"2,233",+23,+1.04%,199,10.4倍,0.59倍,3.31%
20260608,1482,ｉＦ日経ベ,1456,東Ｅ,,"1,332",+52,+4.06%,198,ー倍,ー倍,ー%
20260608,1483,フジ,8278,東P,,"1,939",+11,+0.57%,198,24.0倍,0.74倍,1.55%
20260608,1484,トーモク,3946,東P,,"3,755",+45,+1.21%,198,7.65倍,0.61倍,4.53%
20260608,1485,大阪製鉄,5449,東S,,"2,296",-62,-2.63%,197,52.8倍,0.62倍,ー%
20260608,1486,正栄食,8079,東P,,"4,000",+60,+1.52%,197,19.5倍,1.17倍,2.25%
20260608,1487,サン電子,6736,東S,,"8,690",+80,+0.93%,196,24.6倍,3.88倍,ー%
20260608,1488,藤倉化,4620,東S,,"1,027",-43,-4.02%,195,ー倍,0.62倍,ー%
20260608,1489,わらべ日洋,2918,東P,,"2,585",+7,+0.27%,195,9.33倍,0.75倍,4.64%
20260608,1490,上場ＮＱヘ無,2568,東Ｅ,,"8,050",-262,-3.15%,194,ー倍,ー倍,ー%
20260608,1491,菱鉛筆,7976,東P,,"2,490",+2,+0.08%,194,16.1倍,0.89倍,2.21%
20260608,1492,ＡＤＷＧ,2982,東P,,383,-5,-1.29%,193,6.10倍,0.88倍,5.22%
20260608,1493,アイチコーポ,6345,東P,,"1,338",-3,-0.22%,193,12.9倍,1.15倍,4.86%
20260608,1494,ＭＥＲＦ,3168,東S,,"1,488",-149,-9.10%,193,11.4倍,1.86倍,2.02%
20260608,1495,福田組,1899,東P,,"7,170",-180,-2.45%,193,11.9倍,0.66倍,3.63%
20260608,1496,八洲電機,3153,東P,,"2,733",-92,-3.26%,191,10.6倍,1.60倍,2.05%
20260608,1497,ブラインド,7989,東P,,"2,416",-46,-1.87%,191,14.8倍,0.86倍,4.97%
20260608,1498,建設技研,9621,東P,,"2,601",-66,-2.47%,191,10.2倍,1.05倍,3.00%
20260608,1499,野村インド株,1678,東Ｅ,,305.1,-3.0,-0.97%,190,ー倍,ー倍,ー%
20260608,1500,セグエＧ,3968,東P,,568,-17,-2.91%,190,14.7倍,2.91倍,3.17%
20260608,1501,ユシロ,5013,東S,,"3,260",-35,-1.06%,190,10.8倍,0.89倍,ー%
20260608,1502,野村ＳＰ配貴,364A,東Ｅ,,"2,401",+22,+0.92%,189,ー倍,ー倍,ー%
20260608,1503,プリマ,2281,東P,,"2,322",+10,+0.43%,189,15.6倍,0.96倍,3.45%
20260608,1504,河合楽,7952,東P,,"3,145",+5,+0.16%,188,16.9倍,0.58倍,3.02%
20260608,1505,日理化,4406,東S,,221,-16,-6.75%,188,13.7倍,0.42倍,2.04%
20260608,1506,マイクロ波,9227,東G,,915,-15,-1.61%,188,ー倍,38.5倍,ー%
20260608,1507,ゲンキＧＤＣ,9828,東S,,"2,754",+3,+0.11%,187,14.7倍,2.50倍,2.54%
20260608,1508,ＹＥデジタル,2354,東S,,912,-53,-5.49%,186,10.3倍,2.18倍,3.29%
20260608,1509,アクセルＭ,3624,東G,,61,-7,-10.29%,186,ー倍,3.01倍,ー%
20260608,1510,木村工機,6231,東S,,"11,000",-190,-1.70%,186,11.2倍,2.76倍,1.82%
20260608,1511,コジマ,7513,東P,,"1,368",-4,-0.29%,186,20.0倍,1.49倍,1.75%
20260608,1512,日本管財ＨＤ,9347,東P,,"2,666",+9,+0.34%,185,13.3倍,1.29倍,2.25%
20260608,1513,ミマキエンジ,6638,東P,,"1,776",-70,-3.79%,185,8.43倍,1.29倍,3.10%
20260608,1514,ビーエンジ,4828,東P,,"1,048",+12,+1.16%,185,13.6倍,3.89倍,4.01%
20260608,1515,コニシ,4956,東P,,"1,394",-4,-0.29%,185,10.6倍,0.98倍,2.73%
20260608,1516,スマレジ,4431,東G,,"2,387",-105,-4.21%,185,22.8倍,5.16倍,1.01%
20260608,1517,モリタＨＤ,6455,東P,,"2,405",-44,-1.80%,184,10.2倍,0.97倍,2.66%
20260608,1518,放電精密,6469,東S,,"2,573",-100,-3.74%,184,38.8倍,3.16倍,0.78%
20260608,1519,ＴＫＰ,3479,東G,,"1,527",+5,+0.33%,184,14.5倍,1.16倍,ー%
20260608,1520,クレスコ,4674,東P,,"1,509",-12,-0.79%,183,11.0倍,1.82倍,4.64%
20260608,1521,水戸,8622,東P,,639,0,0.00%,183,ー倍,0.90倍,ー%
20260608,1522,ＦＥＡＳＹ,212A,東P,,"2,191",-44,-1.97%,181,17.0倍,6.14倍,2.10%
20260608,1523,手間いらず,2477,東S,,"2,258",+112,+5.22%,181,12.2倍,2.07倍,1.77%
20260608,1524,シンデンハイ,3131,東S,,"3,620",-35,-0.96%,181,8.03倍,0.91倍,3.73%
20260608,1525,ｎｍｓ,2162,東S,,538,0,0.00%,181,18.8倍,2.05倍,1.67%
20260608,1526,ＳＭＤ２２５,1397,東Ｅ,,"64,390","-2,930",-4.35%,180,ー倍,ー倍,ー%
20260608,1527,ベル２４ＨＤ,6183,東P,,"1,393",-2,-0.14%,180,12.2倍,1.40倍,4.31%
20260608,1528,阪急阪神Ｒ,8977,東Ｒ,,"137,200","+1,000",+0.73%,180,21.3倍,1.10倍,4.77%
20260608,1529,シーイーシー,9692,東P,,"2,028",-42,-2.03%,180,11.3倍,1.49倍,4.19%
20260608,1530,テーオーシー,8841,東S,,947,+25,+2.71%,180,27.0倍,0.80倍,1.06%
20260608,1531,高速,7504,東P,,"2,840",+45,+1.61%,180,13.9倍,1.31倍,4.23%
20260608,1532,ソリトン,3040,東P,,"2,156",-45,-2.04%,180,17.0倍,2.98倍,2.78%
20260608,1533,ブライトパス,4594,東G,,49,-4,-7.55%,180,ー倍,2.90倍,ー%
20260608,1534,エネチェンジ,4169,東G,,186,-14,-7.00%,180,14.5倍,1.68倍,ー%
20260608,1535,インフォメテ,281A,東G,,582,-31,-5.06%,179,ー倍,3.97倍,ー%
20260608,1536,エスコン,8892,東P,,"1,082",-6,-0.55%,179,7.41倍,1.20倍,4.90%
20260608,1537,ビーロット,3452,東S,,"1,347",-22,-1.61%,179,5.07倍,1.20倍,5.94%
20260608,1538,持田薬,4534,東P,,"3,200",+20,+0.63%,179,11.3倍,0.81倍,2.66%
20260608,1539,渋沢倉,9304,東P,,"1,432",+10,+0.70%,178,12.5倍,1.19倍,4.89%
20260608,1540,ＷＴ銀,1673,東Ｅ,,"9,830",-655,-6.25%,178,ー倍,ー倍,ー%
20260608,1541,ｉＦＳＰＷベ,2249,東Ｅ,,"10,090",+384,+3.96%,178,ー倍,ー倍,ー%
20260608,1542,ヘッドウォ,4011,東G,,"2,177",-223,-9.29%,178,34.0倍,9.94倍,ー%
20260608,1543,サトー,6287,東P,,"2,296",-6,-0.26%,178,10.1倍,0.87倍,3.48%
20260608,1544,アンビスＨＤ,7071,東P,,334,-7,-2.05%,177,15.6倍,0.86倍,1.20%
20260608,1545,ＧＸ中小日株,2837,東Ｅ,,"4,956",-295,-5.62%,177,ー倍,ー倍,ー%
20260608,1546,エイベックス,7860,東P,,"1,182",0,0.00%,177,15.7倍,0.97倍,4.23%
20260608,1547,保土谷,4112,東P,,"2,204",-124,-5.33%,177,27.0倍,0.67倍,2.72%
20260608,1548,エレメンツ,5246,東G,,590,-8,-1.34%,177,ー倍,4.84倍,ー%
20260608,1549,ペッパー,3053,東S,,192,+2,+1.05%,177,237倍,3.40倍,ー%
20260608,1550,ＬＩＮＫ＆Ｍ,2170,東P,,559,-4,-0.71%,176,17.2倍,4.76倍,2.93%
20260608,1551,くすりの窓口,5592,東G,,"2,607",+10,+0.39%,176,9.64倍,2.63倍,1.53%
20260608,1552,宮地エンジ,3431,東P,,"1,504",-14,-0.92%,176,19.9倍,0.93倍,4.99%
20260608,1553,ＣＩＪ,4826,東P,,512,-13,-2.48%,176,17.0倍,1.92倍,3.91%
20260608,1554,上場ＮＱヘ有,2569,東Ｅ,,"4,264",-161,-3.64%,175,ー倍,ー倍,ー%
20260608,1555,イワキポンプ,6237,東P,,"2,979",-161,-5.13%,175,12.8倍,1.60倍,3.09%
20260608,1556,児玉化,4222,東S,,693,-21,-2.94%,175,7.69倍,0.38倍,1.44%
20260608,1557,ＢＢタワー,3776,東S,,260,-3,-1.14%,175,160倍,1.82倍,0.77%
20260608,1558,ＩＢＪ,6071,東P,,785,-6,-0.76%,174,12.8倍,2.75倍,1.66%
20260608,1559,ＵＥＸ,9888,東S,,943,-51,-5.13%,174,3.53倍,0.51倍,ー%
20260608,1560,三信電,8150,東P,,"2,774",-80,-2.80%,174,9.43倍,0.74倍,5.05%
20260608,1561,ゴールドクレ,8871,東S,,"3,265",0,0.00%,173,11.4倍,0.80倍,4.90%
20260608,1562,レオン,6272,東P,,"1,428",-15,-1.04%,173,9.59倍,0.90倍,4.20%
20260608,1563,ＴＯＡ,6809,東P,,"1,549",-24,-1.53%,173,15.8倍,0.92倍,5.49%
20260608,1564,フリークＨＤ,6094,東G,,551,-59,-9.67%,173,12.1倍,0.80倍,ー%
20260608,1565,内海造,7018,東S,,"9,190",-380,-3.97%,173,15.6倍,1.15倍,0.44%
20260608,1566,テセック,6337,東S,,"2,507",-249,-9.03%,172,24.0倍,0.91倍,3.99%
20260608,1567,アネスト岩田,6381,東P,,"1,609",-11,-0.68%,172,16.0倍,1.25倍,5.78%
20260608,1568,チャームケア,6062,東P,,"1,318",+5,+0.38%,172,12.1倍,2.00倍,3.26%
20260608,1569,ＮＥＣキャピ,8793,東P,,"4,025",-20,-0.49%,171,8.67倍,0.67倍,3.73%
20260608,1570,ギフティ,4449,東P,,"1,133",-36,-3.08%,170,ー倍,3.96倍,1.41%
20260608,1571,ＧＷ,3936,東G,,178,-1,-0.56%,170,53.8倍,7.17倍,ー%
20260608,1572,ＷＴ銅,1693,東Ｅ,,"8,699",-131,-1.48%,170,ー倍,ー倍,ー%
20260608,1573,ソフトウェア,3733,東S,,"10,110","-1,450",-12.54%,169,8.35倍,1.24倍,1.68%
20260608,1574,Ｊオイル,2613,東P,,"1,983",+8,+0.41%,169,13.1倍,0.59倍,4.03%
20260608,1575,サーラ,2734,東P,,983,+4,+0.41%,169,12.0倍,0.66倍,3.36%
20260608,1576,電算システム,4072,東P,,"2,924",-58,-1.95%,169,12.0倍,1.26倍,3.42%
20260608,1577,中外炉,1964,東P,,"4,050",-80,-1.94%,168,11.2倍,0.91倍,4.44%
20260608,1578,スマートＤ,5137,東G,,197,-17,-7.94%,168,8.33倍,5.52倍,ー%
20260608,1579,ネクストーン,7094,東G,,"1,268",-44,-3.35%,167,12.4倍,2.23倍,1.74%
20260608,1580,電気興,6706,東P,,"3,390",-75,-2.16%,167,12.9倍,0.80倍,3.10%
20260608,1581,上場２２５Ｍ,1578,東Ｅ,,"5,146",-211,-3.94%,166,ー倍,ー倍,ー%
20260608,1582,積化成,4228,東P,,531,-25,-4.50%,166,9.68倍,0.48倍,3.20%
20260608,1583,ゼリア新薬,4559,東P,,"2,102",-1,-0.05%,166,9.27倍,0.85倍,2.38%
20260608,1584,日本アクア,1429,東P,,712,-18,-2.47%,165,11.6倍,2.11倍,4.92%
20260608,1585,ＤＭ三井製糖,2109,東P,,"3,220",+10,+0.31%,164,13.0倍,0.89倍,4.35%
20260608,1586,環境フレンド,3777,東G,,54,+2,+3.85%,164,ー倍,4.67倍,ー%
20260608,1587,福岡リート,8968,東Ｒ,,"169,500","+1,000",+0.59%,164,19.8倍,1.29倍,4.72%
20260608,1588,島精機,6222,東P,,894,-10,-1.11%,164,33.7倍,0.37倍,2.24%
20260608,1589,ＮＴＴＤイン,3850,東S,,"2,797",+39,+1.41%,163,13.1倍,2.32倍,2.68%
20260608,1590,ユトリ,5892,東G,,"2,225",-145,-6.12%,163,15.2倍,5.04倍,ー%
20260608,1591,アサカ理研,5724,東S,,"2,461",-136,-5.24%,163,15.8倍,2.29倍,0.49%
20260608,1592,リケンテクノ,4220,東P,,"1,593",-10,-0.62%,163,11.2倍,1.12倍,3.39%
20260608,1593,イントループ,9556,東G,,"1,735",-123,-6.62%,162,7.78倍,2.46倍,ー%
20260608,1594,ＬＩＦＵＬＬ,2120,東P,,191,-2,-1.04%,162,12.9倍,0.90倍,2.73%
20260608,1595,エスリード,8877,東P,,"4,880",-60,-1.21%,162,6.55倍,0.92倍,4.92%
20260608,1596,Ｏｎｅリート,3290,東Ｒ,,"73,800",-100,-0.14%,162,19.8倍,1.16倍,5.88%
20260608,1597,アーレスティ,5852,東P,,693,-11,-1.56%,162,34.6倍,0.31倍,4.91%
20260608,1598,ノーリツ,5943,東P,,"2,237",-28,-1.24%,162,11.9倍,0.72倍,4.20%
20260608,1599,サカイ引越,9039,東P,,"2,855",-16,-0.56%,162,13.2倍,1.16倍,4.10%
20260608,1600,丸全運,9068,東P,,"7,470",-90,-1.19%,162,11.1倍,1.01倍,2.81%
20260608,1601,乾汽船,9308,東S,,"1,524",-18,-1.17%,162,13.2倍,1.03倍,2.28%
20260608,1602,ブシロード,7803,東G,,257,-5,-1.91%,162,7.55倍,1.27倍,0.97%
20260608,1603,ソシラ物流,2979,東Ｒ,,"113,600",+600,+0.53%,161,24.2倍,1.05倍,4.72%
20260608,1604,新日本建,1879,東P,,"2,151",-59,-2.67%,161,7.19倍,0.94倍,3.58%
20260608,1605,メンバーズ,2130,東P,,"1,022",0,0.00%,161,7.55倍,1.97倍,3.42%
20260608,1606,鴻池運輸,9025,東P,,"2,666",-14,-0.52%,161,10.1倍,0.89倍,4.13%
20260608,1607,ＫＰＰＧＨＤ,9274,東P,,931,-4,-0.43%,161,11.6倍,0.65倍,4.30%
20260608,1608,西部ガスＨＤ,9536,東P,,"2,210",+9,+0.41%,161,9.94倍,0.69倍,3.17%
20260608,1609,マクビープラ,7095,東P,,"1,146",-50,-4.18%,160,5.71倍,1.02倍,4.80%
20260608,1610,シェアテク,3989,東G,,985,-22,-2.18%,160,9.43倍,4.80倍,5.58%
20260608,1611,ＷＩＺＥ,3664,東G,,24,-4,-14.29%,160,ー倍,1.81倍,ー%
20260608,1612,日伝,9902,東P,,"2,509",+5,+0.20%,159,13.5倍,0.81倍,3.99%
20260608,1613,ブルーイノベ,5597,東G,,"1,663",-47,-2.75%,159,ー倍,48.9倍,ー%
20260608,1614,四電工,1939,東P,,"1,839",-13,-0.70%,159,13.2倍,1.22倍,4.57%
20260608,1615,日阪製,6247,東P,,"1,559",-44,-2.74%,158,17.0倍,0.65倍,3.53%
20260608,1616,神鋼商,8075,東P,,"2,338",-29,-1.23%,158,6.86倍,0.62倍,5.56%
20260608,1617,野村台湾テク,412A,東Ｅ,,"4,477",-275,-5.79%,158,ー倍,ー倍,ー%
20260608,1618,サンケイＲＥ,2972,東Ｒ,,"116,000",-100,-0.09%,158,16.3倍,1.19倍,6.14%
20260608,1619,グロバルＬＭ,3486,東P,,"1,731",-14,-0.80%,157,5.39倍,1.86倍,5.78%
20260608,1620,ベルク,9974,東P,,"6,280",+100,+1.62%,157,10.0倍,1.08倍,2.10%
20260608,1621,ダイコク電,6430,東P,,"2,075",-34,-1.61%,157,9.75倍,0.61倍,4.82%
20260608,1622,エニマインド,5027,東G,,457,-26,-5.38%,157,16.8倍,1.58倍,0.44%
20260608,1623,アルバリンク,5537,東G,,"2,371",-3,-0.13%,157,15.5倍,9.41倍,ー%
20260608,1624,ＹＵＡＳＡ,8074,東P,,"5,330",-90,-1.66%,156,9.76倍,0.94倍,3.56%
20260608,1625,エイチーム,3662,東P,,906,-19,-2.05%,156,28.1倍,1.94倍,3.09%
20260608,1626,日本ＭＤＭ,7600,東P,,780,-18,-2.26%,156,342倍,0.81倍,2.18%
20260608,1627,イオンファン,4343,東P,,"2,433",-37,-1.50%,156,16.0倍,6.16倍,0.82%
20260608,1628,あさひ,3333,東P,,"1,283",+4,+0.31%,155,12.2倍,0.83倍,3.90%
20260608,1629,Ｔ－ＢＡＳＥ,3415,東P,,335,-4,-1.18%,155,9.52倍,2.28倍,2.09%
20260608,1630,ワンキャリア,4377,東G,,"1,892",-51,-2.62%,155,16.4倍,6.30倍,1.80%
20260608,1631,ジーデップ,5885,東S,,"2,699",-130,-4.60%,155,22.6倍,4.44倍,1.33%
20260608,1632,エノモト,6928,東S,,"3,430",-205,-5.64%,155,16.2倍,0.97倍,2.24%
20260608,1633,加藤製,6390,東P,,"1,203",-5,-0.41%,155,ー倍,0.32倍,5.82%
20260608,1634,大豊工業,6470,東S,,"1,091",-28,-2.50%,155,8.60倍,0.49倍,2.75%
20260608,1635,ラクオリア,4579,東G,,480,-10,-2.04%,154,ー倍,1.56倍,ー%
20260608,1636,小松ウオール,7949,東P,,"2,417",-17,-0.70%,154,14.0倍,1.08倍,5.59%
20260608,1637,木曽路,8160,東P,,"2,265",+16,+0.71%,153,30.4倍,2.02倍,1.32%
20260608,1638,ＧＭＯ－ＦＧ,4051,東P,,"5,600",-210,-3.61%,153,24.7倍,7.12倍,2.23%
20260608,1639,ＪＭＨＤ,3539,東P,,"1,253",+8,+0.64%,153,9.12倍,1.35倍,1.92%
20260608,1640,アトム,7412,東S,,651,-1,-0.15%,153,"65,100倍",36.2倍,ー%
20260608,1641,いちごオフィ,8975,東Ｒ,,"84,000",-100,-0.12%,152,18.4倍,1.22倍,5.41%
20260608,1642,甜菜糖,2108,東P,,"4,405",+90,+2.09%,152,43.2倍,0.67倍,5.90%
20260608,1643,フリュー,6238,東P,,"1,313",-6,-0.45%,152,13.9倍,1.47倍,3.05%
20260608,1644,ザイン,6769,東S,,"1,087",-71,-6.13%,152,"3,748倍",1.38倍,1.38%
20260608,1645,ｉＦＳＰＷブ,2237,東Ｅ,,"116,750","-4,300",-3.55%,152,ー倍,ー倍,ー%
20260608,1646,グリーンエナ,1436,東G,,"1,712",-58,-3.28%,151,42.3倍,3.83倍,0.29%
20260608,1647,サクサ,6675,東S,,"1,901",-94,-4.71%,151,2.01倍,1.01倍,6.58%
20260608,1648,三社電機,6882,東S,,"1,320",-106,-7.43%,149,19.3倍,0.70倍,3.03%
20260608,1649,都築電,8157,東P,,"3,955",-110,-2.71%,149,12.5倍,1.49倍,4.80%
20260608,1650,ＤＭＰ,3652,東G,,"2,981",-284,-8.70%,149,312倍,2.87倍,ー%
20260608,1651,フージャース,3284,東P,,"1,147",-3,-0.26%,148,6.52倍,0.88倍,6.54%
20260608,1652,荏原実業,6328,東P,,"2,261",-48,-2.08%,148,11.9倍,1.77倍,3.32%
20260608,1653,ＰＢＲ１解消,2080,東Ｅ,,"1,874",-28,-1.47%,148,ー倍,ー倍,ー%
20260608,1654,ミーク,332A,東G,,"1,021",-28,-2.67%,148,12.1倍,1.98倍,ー%
20260608,1655,Ｍラインズ,3901,東P,,"1,321",+1,+0.08%,147,10.1倍,2.68倍,4.39%
20260608,1656,ＭＳＯＬ,7033,東P,,"1,344",-7,-0.52%,146,10.4倍,3.52倍,3.72%
20260608,1657,野村電機精密,1625,東Ｅ,,"63,920","-3,470",-5.15%,146,ー倍,ー倍,ー%
20260608,1658,４℃ホールデ,8008,東P,,"1,803",+2,+0.11%,146,16.8倍,0.94倍,4.71%
20260608,1659,キユソ流通,9369,東S,,"3,280",-125,-3.67%,145,38.8倍,1.77倍,0.73%
20260608,1660,マミーマート,9823,東S,,993,-5,-0.50%,145,9.37倍,1.10倍,2.13%
20260608,1661,日金銭,6418,東P,,943,-5,-0.53%,145,11.1倍,0.71倍,4.88%
20260608,1662,原油先物ベア,2039,東EN,,493,-9,-1.79%,145,ー倍,ー倍,ー%
20260608,1663,Ｅ・ＪＨＤ,2153,東P,,"1,571",-4,-0.25%,144,8.43倍,0.80倍,4.39%
20260608,1664,青山財産,8929,東S,,"1,311",-16,-1.21%,144,11.9倍,2.73倍,4.42%
20260608,1665,群栄化,4229,東P,,"4,665",-130,-2.71%,143,ー倍,0.57倍,ー%
20260608,1666,Ｒみらい,3476,東Ｒ,,"42,750",-150,-0.35%,143,16.4倍,0.93倍,6.08%
20260608,1667,ｉＳロボット,2522,東Ｅ,,"8,324",-388,-4.45%,142,ー倍,ー倍,ー%
20260608,1668,ＡＣＣＥＳＳ,4813,東P,,467,-23,-4.69%,142,28.8倍,2.60倍,ー%
20260608,1669,エンビプロ,5698,東S,,855,-37,-4.15%,142,13.5倍,1.35倍,2.57%
20260608,1670,ブリッジ－Ｇ,7039,東G,,"1,717",+41,+2.45%,142,8.91倍,1.36倍,5.53%
20260608,1671,シュッピン,3179,東P,,"1,056",0,0.00%,141,12.1倍,2.19倍,3.79%
20260608,1672,トーホー,8142,東P,,"1,310",+28,+2.18%,141,8.70倍,1.21倍,4.66%
20260608,1673,ニチレキＧ,5011,東P,,"2,050",+48,+2.40%,141,13.6倍,0.73倍,4.15%
20260608,1674,ＮＪＳ,2325,東P,,"4,860",-35,-0.72%,141,18.9倍,1.53倍,2.26%
20260608,1675,片倉,3001,東S,,"2,383",-76,-3.09%,140,10.4倍,0.75倍,2.52%
20260608,1676,ファンディノ,462A,東G,,427,-17,-3.83%,140,8.89倍,2.03倍,ー%
20260608,1677,学研ＨＤ,9470,東P,,955,+5,+0.53%,140,9.94倍,0.75倍,3.04%
20260608,1678,じげん,3679,東P,,384,-6,-1.54%,139,8.67倍,1.69倍,3.52%
20260608,1679,中山鋼,5408,東P,,607,-7,-1.14%,139,9.40倍,0.30倍,3.29%
20260608,1680,ナガワ,9663,東P,,"4,720",-80,-1.67%,138,22.2倍,1.06倍,1.27%
20260608,1681,ＳＢＩアルヒ,7198,東P,,780,-14,-1.76%,138,16.7倍,0.82倍,5.13%
20260608,1682,アライドＨＤ,6835,東S,,267,-5,-1.84%,138,13.2倍,1.29倍,3.37%
20260608,1683,ＧＸＵＳ配当,2236,東Ｅ,,"1,423",+11,+0.78%,138,ー倍,ー倍,ー%
20260608,1684,インテグラル,5842,東G,,"3,315",-85,-2.50%,137,ー倍,1.65倍,1.12%
20260608,1685,アスタリスク,6522,東G,,747,-6,-0.80%,137,92.5倍,3.52倍,ー%
20260608,1686,日本国土開発,1887,東P,,524,-10,-1.87%,137,10.5倍,0.60倍,4.39%
20260608,1687,フロンテオ,2158,東G,,582,-14,-2.35%,137,152倍,6.24倍,ー%
20260608,1688,サニーサイド,2180,東S,,"1,317",0,0.00%,136,15.2倍,3.39倍,0.84%
20260608,1689,アールプラン,2983,東G,,"1,441",+21,+1.48%,136,5.80倍,1.97倍,3.12%
20260608,1690,石塚硝,5204,東S,,"2,751",-58,-2.06%,136,5.34倍,0.30倍,2.62%
20260608,1691,三洋貿易,3176,東P,,"1,510",-12,-0.79%,136,9.07倍,0.80倍,3.97%
20260608,1692,大日塗,4611,東P,,"1,279",-1,-0.08%,135,10.7倍,0.55倍,4.53%
20260608,1693,アルプス技,4641,東P,,"2,318",+16,+0.70%,135,10.3倍,2.00倍,4.66%
20260608,1694,エン,4849,東P,,"1,206",-11,-0.90%,135,8.33倍,1.45倍,5.66%
20260608,1695,東洋電,6505,東S,,"1,914",-56,-2.84%,135,7.67倍,0.56倍,3.92%
20260608,1696,パイオラック,5988,東P,,"1,556",-11,-0.70%,134,53.6倍,0.58倍,5.91%
20260608,1697,ＣＡＮＢＡＳ,4575,東G,,574,-1,-0.17%,134,ー倍,5.55倍,ー%
20260608,1698,東計電算,4746,東S,,"4,220",-5,-0.12%,134,13.8倍,1.49倍,4.10%
20260608,1699,免疫生物研,4570,東G,,960,-42,-4.19%,133,25.8倍,4.85倍,0.78%
20260608,1700,日本空調,4658,東P,,"1,525",-8,-0.52%,133,13.6倍,1.73倍,3.74%
20260608,1701,中部飼,2053,東P,,"1,739",+21,+1.22%,133,7.23倍,0.69倍,4.37%
20260608,1702,パンチ,6165,東S,,555,-21,-3.65%,133,13.9倍,0.66倍,3.60%
20260608,1703,スズデン,7480,東S,,"2,068",-78,-3.63%,133,15.1倍,1.56倍,5.08%
20260608,1704,カッパクリエ,7421,東P,,"1,406",+9,+0.64%,132,74.1倍,6.80倍,ー%
20260608,1705,共同印,7914,東P,,"1,541",-1,-0.06%,132,10.1倍,0.65倍,5.19%
20260608,1706,石原ケミ,4462,東P,,"2,777",-31,-1.10%,131,13.8倍,1.53倍,1.73%
20260608,1707,カルナバイオ,4572,東G,,390,-36,-8.45%,131,ー倍,-43倍,ー%
20260608,1708,オリエン白石,1786,東P,,326,-3,-0.91%,131,15.3倍,0.79倍,4.45%
20260608,1709,東海道リート,2989,東Ｒ,,"100,400",+100,+0.10%,131,16.7倍,1.17倍,6.43%
20260608,1710,萩原工業,7856,東P,,"1,674",+4,+0.24%,130,15.7倍,0.74倍,4.48%
20260608,1711,ＧセブンＨＤ,7508,東P,,"1,346",+7,+0.52%,130,10.2倍,1.66倍,5.20%
20260608,1712,野村ダウＨ無,1546,東Ｅ,,"79,610","-1,140",-1.41%,130,ー倍,ー倍,ー%
20260608,1713,コンヴァノ,6574,東G,,85,-4,-4.49%,130,7.28倍,3.89倍,1.18%
20260608,1714,リネットＪ,3556,東G,,805,+4,+0.50%,129,9.83倍,8.12倍,ー%
20260608,1715,ＳＦＰ,3198,東P,,"2,257",+25,+1.12%,128,ー倍,5.61倍,ー%
20260608,1716,バイタルＫＳ,3151,東P,,"1,542",-2,-0.13%,128,9.92倍,0.63倍,4.54%
20260608,1717,ウェーブＨＤ,7940,東S,,"1,046",-1,-0.10%,128,ー倍,0.53倍,ー%
20260608,1718,スターゼン,8043,東P,,"1,164",+14,+1.22%,128,7.83倍,0.69倍,4.30%
20260608,1719,スタティアＨ,3393,東P,,"2,851",-60,-2.06%,127,11.4倍,3.17倍,5.09%
20260608,1720,ブックオフＧ,9278,東P,,"1,922",+12,+0.63%,127,14.1倍,1.63倍,1.56%
20260608,1721,北ガス,9534,東P,,750,-6,-0.79%,126,7.05倍,0.68倍,3.60%
20260608,1722,ホテルレジＲ,3472,東Ｒ,,"63,300",+200,+0.32%,125,15.6倍,1.05倍,6.44%
20260608,1723,かわでん,6648,東S,,"1,654",-87,-5.00%,125,9.01倍,1.30倍,3.99%
20260608,1724,ウェルネオＳ,2117,東P,,"2,508",-13,-0.52%,125,12.6倍,1.06倍,4.74%
20260608,1725,上場高配当,1698,東Ｅ,,"4,029",+17,+0.42%,124,ー倍,ー倍,ー%
20260608,1726,ヤマタネ,9305,東P,,"2,018",+6,+0.30%,124,9.69倍,0.67倍,4.21%
20260608,1727,ネツレン,5976,東P,,"1,275",-14,-1.09%,124,27.7倍,0.71倍,5.57%
20260608,1728,ｉＳ米リート,1659,東Ｅ,,"3,874",+31,+0.81%,123,ー倍,ー倍,ー%
20260608,1729,アバントＧ,3836,東P,,"1,122",-15,-1.32%,123,11.0倍,2.69倍,2.85%
20260608,1730,シリコンスタ,3907,東S,,"1,156",-79,-6.40%,123,39.2倍,1.88倍,0.87%
20260608,1731,ゼンムテック,338A,東G,,"2,166",-58,-2.61%,123,19.6倍,7.51倍,ー%
20260608,1732,ＪＢＳ,5036,東P,,"1,612",-68,-4.05%,122,10.4倍,2.55倍,3.10%
20260608,1733,システムサポ,4396,東P,,967,-29,-2.91%,122,10.9倍,2.92倍,3.21%
20260608,1734,大豊建,1822,東S,,735,+5,+0.68%,122,13.2倍,0.82倍,5.17%
20260608,1735,ユニソルＨＤ,7128,東P,,"2,023",-19,-0.93%,122,23.2倍,0.68倍,4.99%
20260608,1736,大戸屋ＨＤ,2705,東S,,"7,180",+180,+2.57%,122,37.3倍,12.7倍,0.28%
20260608,1737,遠藤照明,6932,東S,,"2,435",-85,-3.37%,122,8.17倍,0.72倍,3.61%
20260608,1738,グリーンズ,6547,東S,,"1,967",+14,+0.72%,122,7.67倍,3.34倍,2.03%
20260608,1739,フィンテック,8789,東S,,120,-3,-2.44%,121,5.02倍,1.69倍,4.17%
20260608,1740,アバール,6918,東S,,"3,060",-195,-5.99%,121,19.6倍,0.88倍,3.46%
20260608,1741,ヘリオスＴＨ,6927,東S,,907,-25,-2.68%,121,13.7倍,0.95倍,6.50%
20260608,1742,リズム,7769,東P,,"3,525",-90,-2.49%,121,16.5倍,0.83倍,4.75%
20260608,1743,Ｉｎｅ,4933,東P,,"1,291",-2,-0.15%,121,ー倍,1.25倍,1.16%
20260608,1744,ＦＪネクＨＤ,8935,東P,,"1,769",-17,-0.95%,121,5.52倍,0.71倍,4.52%
20260608,1745,フジオフード,2752,東P,,"1,159",+5,+0.43%,121,542倍,6.78倍,0.26%
20260608,1746,ＭＣＪ,6670,東S,,"2,184",+1,+0.05%,120,ー倍,2.05倍,ー%
20260608,1747,アオイ電子,6832,東S,,"2,742",-242,-8.11%,119,134倍,0.71倍,1.97%
20260608,1748,第一建設,1799,東S,,"3,140",-105,-3.24%,119,12.9倍,0.74倍,5.10%
20260608,1749,ソースネクス,4344,東P,,114,-1,-0.87%,119,ー倍,3.11倍,ー%
20260608,1750,ダイト,4577,東P,,"1,157",+3,+0.26%,119,13.4倍,0.64倍,3.46%
20260608,1751,バンドー,5195,東P,,"2,165",-35,-1.59%,119,11.0倍,0.95倍,4.62%
20260608,1752,ＧＸ中国ＥＶ,2254,東Ｅ,,"1,211",-25,-2.02%,119,ー倍,ー倍,ー%
20260608,1753,日車両,7102,東P,,"3,160",-70,-2.17%,119,6.08倍,0.55倍,1.58%
20260608,1754,椿本興,8052,東P,,"2,681",-1,-0.04%,119,9.29倍,0.99倍,3.36%
20260608,1755,ｕｎｂａｎｋ,8746,東S,,252,+4,+1.61%,119,ー倍,1.34倍,ー%
20260608,1756,農中東証指数,2524,東Ｅ,,"3,969",-101,-2.48%,118,ー倍,ー倍,ー%
20260608,1757,ダイドー,3205,東S,,706,-14,-1.94%,118,24.8倍,1.92倍,7.08%
20260608,1758,上場ＪＰＸ日,1592,東Ｅ,,"3,218",-107,-3.22%,118,ー倍,ー倍,ー%
20260608,1759,オプティム,3694,東P,,449,-20,-4.26%,117,ー倍,2.64倍,ー%
20260608,1760,ワイズＨＤ,5955,東S,,79,-4,-4.82%,117,28.4倍,0.88倍,1.27%
20260608,1761,アイドマＨＤ,7373,東G,,"1,149",-9,-0.78%,117,7.42倍,2.25倍,2.61%
20260608,1762,ＳＲＡＨＤ,3817,東P,,"4,470",-75,-1.65%,116,10.3倍,1.68倍,4.92%
20260608,1763,コスピベア,2034,東EN,,"1,850",+197,+11.92%,116,ー倍,ー倍,ー%
20260608,1764,ＧＭＳ,544A,東P,,373,-2,-0.53%,116,ー倍,ー倍,ー%
20260608,1765,ＴＥＩＫＯＫ,6333,東P,,"2,901",-60,-2.03%,116,11.9倍,1.42倍,4.55%
20260608,1766,早稲アカ,4718,東P,,"2,403",+9,+0.38%,116,16.1倍,2.68倍,3.12%
20260608,1767,フォーカス,4662,東P,,"1,540",-51,-3.21%,115,9.17倍,1.47倍,4.42%
20260608,1768,デンヨー,6517,東P,,"3,500",-75,-2.10%,115,12.0倍,0.86倍,3.43%
20260608,1769,内外テック,3374,東S,,"2,881",-124,-4.13%,115,10.1倍,0.79倍,3.82%
20260608,1770,タカノ,7885,東S,,"1,099",-87,-7.34%,115,22.9倍,0.51倍,1.82%
20260608,1771,蝶理,8014,東P,,"3,820",-60,-1.55%,115,8.97倍,0.92倍,4.48%
20260608,1772,ＵＬＳグルプ,3798,東S,,515,-3,-0.58%,114,12.7倍,2.48倍,1.59%
20260608,1773,ＩＤＨＤ,4709,東P,,"1,022",+19,+1.89%,114,11.6倍,2.29倍,4.89%
20260608,1774,共栄タ,9130,東S,,"1,362",-33,-2.37%,114,8.01倍,0.40倍,2.94%
20260608,1775,極東貿易,8093,東P,,"1,727",-25,-1.43%,113,8.45倍,0.65倍,4.28%
20260608,1776,ＧＸメタ日株,2646,東Ｅ,,"3,740",-197,-5.00%,113,ー倍,ー倍,ー%
20260608,1777,アイモバイル,6535,東P,,471,-9,-1.88%,113,8.47倍,1.58倍,5.73%
20260608,1778,ＪＥＨ,5889,東P,,"2,058",-29,-1.39%,113,11.3倍,2.74倍,4.18%
20260608,1779,ｉＦプ１５０,2017,東Ｅ,,"1,436",-40,-2.71%,113,ー倍,ー倍,ー%
20260608,1780,網屋,4258,東G,,"3,490",-45,-1.27%,112,33.8倍,14.4倍,ー%
20260608,1781,ｉＦＥナ百有,2841,東Ｅ,,"1,688",-53,-3.04%,112,ー倍,ー倍,ー%
20260608,1782,イノバセル,504A,東G,Ｓ,710,+100,+16.39%,112,ー倍,3.15倍,ー%
20260608,1783,トランザク,7818,東P,,"1,296",-16,-1.22%,112,17.2倍,3.59倍,2.39%
20260608,1784,イオン北海道,7512,東S,,834,+4,+0.48%,111,38.7倍,1.56倍,1.92%
20260608,1785,特種東海,3708,東P,,"1,767",-5,-0.28%,111,13.4倍,0.74倍,5.32%
20260608,1786,Ｓクリプトエ,5721,東S,,68,-3,-4.23%,111,ー倍,2.57倍,ー%
20260608,1787,鎌倉新書,6184,東P,,456,-4,-0.87%,111,17.1倍,3.09倍,4.39%
20260608,1788,石川製,6208,東S,,"1,813",-110,-5.72%,111,17.7倍,1.85倍,1.10%
20260608,1789,津田駒,6217,東S,,996,-41,-3.95%,110,25.5倍,2.42倍,ー%
20260608,1790,ＴＢグループ,6775,東S,,142,-16,-10.13%,110,197倍,4.14倍,ー%
20260608,1791,技研製,6289,東P,,"1,746",-15,-0.85%,109,20.1倍,1.12倍,3.09%
20260608,1792,オーバル,7727,東S,,742,-36,-4.63%,109,10.6倍,0.96倍,3.77%
20260608,1793,ＧＸ革新優良,178A,東Ｅ,,"1,651",-48,-2.83%,109,ー倍,ー倍,ー%
20260608,1794,フィードワン,2060,東P,,"1,173",+6,+0.51%,109,6.91倍,0.73倍,4.43%
20260608,1795,ＩＴメディア,2148,東P,,"1,166",+2,+0.17%,109,16.5倍,2.62倍,4.29%
20260608,1796,三谷セキ,5273,東S,,"1,429",-33,-2.26%,109,9.84倍,0.99倍,3.04%
20260608,1797,ｉＳ米２５ヘ,238A,東Ｅ,,131.1,-1.4,-1.06%,108,ー倍,ー倍,ー%
20260608,1798,トレイダーズ,8704,東S,,"1,126",-12,-1.05%,108,6.18倍,1.51倍,4.00%
20260608,1799,ワールドＨＤ,2429,東P,,"2,331",-26,-1.10%,108,5.99倍,0.87倍,5.85%
20260608,1800,大和冷,6459,東P,,"1,667",-49,-2.86%,108,14.6倍,1.17倍,3.60%
20260608,1801,ミダックＨＤ,6564,東P,,"2,000",-31,-1.53%,108,16.6倍,3.08倍,1.00%
20260608,1802,ＳＭＫ,6798,東P,,"3,450",-110,-3.09%,106,27.3倍,0.70倍,2.90%
20260608,1803,ＪＦＥシステ,4832,東S,,"1,935",-39,-1.98%,106,13.9倍,1.71倍,3.62%
20260608,1804,恵和,4251,東P,,"1,221",-46,-3.63%,106,7.40倍,0.94倍,4.10%
20260608,1805,ＦＰパートナ,7388,東P,,"2,020",-2,-0.10%,106,21.0倍,4.53倍,4.65%
20260608,1806,ライズＣＧ,9168,東G,,398,-8,-1.97%,106,14.3倍,1.32倍,5.28%
20260608,1807,フリービット,3843,東P,,"1,420",-21,-1.46%,106,8.85倍,3.50倍,2.89%
20260608,1808,ＣＳＰ,9740,東P,,"2,736",+13,+0.48%,105,16.7倍,0.93倍,2.23%
20260608,1809,未来工業,7931,東P,,"3,040",-90,-2.88%,105,ー倍,0.89倍,3.29%
20260608,1810,ｉＳ米債カバ,453A,東Ｅ,,794.7,-2.7,-0.34%,105,ー倍,ー倍,ー%
20260608,1811,日精化,4362,東P,,"2,404",-17,-0.70%,105,10.0倍,1.01倍,4.33%
20260608,1812,菱友システム,4685,東S,,"2,887",-48,-1.64%,105,10.2倍,1.66倍,3.46%
20260608,1813,ｉＳ新興国株,1658,東Ｅ,,"4,258",-172,-3.88%,105,ー倍,ー倍,ー%
20260608,1814,ＴＰＸベア,1569,東Ｅ,,789.5,+19.0,+2.47%,104,ー倍,ー倍,ー%
20260608,1815,ハニーズＨＤ,2792,東P,,"1,365",-13,-0.94%,104,10.6倍,0.81倍,4.03%
20260608,1816,理想科学,6413,東P,,979,-21,-2.10%,104,15.0倍,0.89倍,5.11%
20260608,1817,ＪＡＬＣＯ,6625,東S,,333,-16,-4.58%,104,166倍,1.95倍,5.41%
20260608,1818,コプロＨＤ,7059,東P,,738,-11,-1.47%,104,17.1倍,2.86倍,6.10%
20260608,1819,ジェイリース,7187,東P,,"1,255",-16,-1.26%,104,8.87倍,3.03倍,4.78%
20260608,1820,岡部,5959,東P,,903,-2,-0.22%,104,10.8倍,0.65倍,4.65%
20260608,1821,ナレルＧ,9163,東G,,"2,138",-27,-1.25%,104,8.95倍,1.29倍,5.38%
20260608,1822,上場高配５０,399A,東Ｅ,,"2,110",-26,-1.22%,104,ー倍,ー倍,ー%
20260608,1823,クラシコ,442A,東G,,"1,297",+198,+18.02%,103,17.9倍,1.63倍,ー%
20260608,1824,北陸電工,1930,東P,,"1,582",-37,-2.29%,103,10.6倍,0.94倍,3.03%
20260608,1825,不二家,2211,東P,,"2,318",+31,+1.36%,103,28.5倍,1.00倍,1.29%
20260608,1826,トーセイＲ,3451,東Ｒ,,"127,500",-200,-0.16%,103,17.0倍,1.12倍,5.96%
20260608,1827,キーコーヒー,2594,東P,,"1,931",+16,+0.84%,103,55.2倍,1.30倍,0.62%
20260608,1828,ＴＤＣソフト,4687,東P,,961,-9,-0.93%,103,11.4倍,1.91倍,3.54%
20260608,1829,カナデン,8081,東P,,"2,485",-70,-2.74%,103,13.9倍,1.09倍,4.02%
20260608,1830,ミツウロコＧ,8131,東S,,"1,807",+4,+0.22%,103,16.5倍,0.94倍,3.65%
20260608,1831,大光銀,8537,東S,,"2,795",-12,-0.43%,103,8.07倍,0.33倍,3.79%
20260608,1832,ユニシアＨＤ,3547,東S,,"1,530",-15,-0.97%,102,39.5倍,2.37倍,ー%
20260608,1833,シライ電子,6658,東S,,445,-15,-3.26%,102,11.1倍,0.61倍,4.49%
20260608,1834,ニレコ,6863,東S,,"2,602",-119,-4.37%,102,12.8倍,1.10倍,4.04%
20260608,1835,ＩＴＦＯＲ,4743,東P,,"1,627",-4,-0.25%,102,12.7倍,2.08倍,4.92%
20260608,1836,ＹＫＴ,2693,東S,,365,-19,-4.95%,102,24.9倍,0.52倍,1.37%
20260608,1837,ＧＸ自動ＥＶ,2867,東Ｅ,,"2,002",-51,-2.48%,102,ー倍,ー倍,ー%
20260608,1838,アキレス,5142,東P,,"1,146",-41,-3.45%,102,12.1倍,0.36倍,2.62%
20260608,1839,ベルテクス,5290,東S,,"1,494",+28,+1.91%,102,15.7倍,1.67倍,2.68%
20260608,1840,ＳＥＣカーボ,5304,東S,,"2,525",-132,-4.97%,101,16.8倍,0.65倍,3.96%
20260608,1841,アドソル日進,3837,東P,,"1,364",-45,-3.19%,101,14.3倍,3.41倍,3.52%
20260608,1842,ＫＮＴＣＴ,9726,東S,,"1,964",-22,-1.11%,101,9.38倍,2.93倍,0.51%
20260608,1843,ニッピ,7932,東S,,"11,390",-150,-1.30%,101,11.4倍,0.78倍,6.15%
20260608,1844,チヨダ,8185,東P,,959,+5,+0.52%,100,29.6倍,0.65倍,5.63%
20260608,1845,ＪＥＳＣＯ,1434,東S,,"1,900",-82,-4.14%,100,12.0倍,1.63倍,2.53%
20260608,1846,ｉＦ高配４０,1651,東Ｅ,,"2,987",-17,-0.57%,100,ー倍,ー倍,ー%
20260608,1847,ｍｅｉｔｏ,2207,東P,,"2,915",-28,-0.95%,100,22.6倍,0.76倍,2.74%
20260608,1848,ダイヤＨＤ,6699,東S,,478,-8,-1.65%,100,537倍,0.37倍,5.23%
20260608,1849,アルメディオ,7859,東S,,273,-18,-6.19%,99,ー倍,0.69倍,ー%
20260608,1850,バリュエンス,9270,東G,,"2,392",-15,-0.62%,99,10.5倍,3.35倍,1.88%
20260608,1851,マイクロアド,9553,東G,,570,-19,-3.23%,99,23.2倍,3.99倍,ー%
20260608,1852,ｉＳ米債３Ｈ,2856,東Ｅ,,654.2,-3.3,-0.50%,98,ー倍,ー倍,ー%
20260608,1853,ゼビオＨＤ,8281,東P,,"1,031",+4,+0.39%,98,5.69倍,0.36倍,3.39%
20260608,1854,小田原エンジ,6149,東S,,"2,050",-26,-1.25%,98,13.7倍,0.64倍,3.41%
20260608,1855,ビジ太田昭,9658,東P,,"1,025",0,0.00%,98,11.7倍,1.08倍,4.59%
20260608,1856,クイック,4318,東P,,719,-8,-1.10%,98,14.3倍,2.07倍,5.29%
20260608,1857,クエスト,2332,東S,,"1,760",-117,-6.23%,98,10.5倍,1.21倍,3.47%
20260608,1858,フジッコ,2908,東P,,"1,479",-8,-0.54%,98,34.0倍,0.60倍,3.11%
20260608,1859,スカイマーク,9204,東G,,402,-4,-0.99%,97,30.2倍,0.71倍,ー%
20260608,1860,ｉＦＥ科創板,2628,東Ｅ,,"3,670",-135,-3.55%,97,ー倍,ー倍,ー%
20260608,1861,三精テクノロ,6357,東S,,"2,505",-94,-3.62%,97,8.38倍,0.87倍,3.79%
20260608,1862,新コスモス,6824,東S,,"4,450",+190,+4.46%,97,13.6倍,1.01倍,2.13%
20260608,1863,ククレブ,276A,東G,,"2,830",-104,-3.54%,97,20.5倍,3.16倍,0.95%
20260608,1864,日東精,5957,東P,,759,-4,-0.52%,97,12.0倍,0.76倍,3.16%
20260608,1865,アイネス,9742,東P,,"2,123",-39,-1.80%,97,26.0倍,1.20倍,2.59%
20260608,1866,モリト,9837,東P,,"1,755",-16,-0.90%,97,14.6倍,1.08倍,4.10%
20260608,1867,トーカイ,9729,東P,,"2,313",-13,-0.56%,96,11.7倍,0.85倍,3.46%
20260608,1868,カンロ,2216,東S,,"1,091",+26,+2.44%,96,13.3倍,2.39倍,3.02%
20260608,1869,進和,7607,東P,,"3,010",-20,-0.66%,96,13.0倍,0.87倍,4.12%
20260608,1870,マリモリート,3470,東Ｒ,,"106,500",-500,-0.47%,96,17.6倍,1.00倍,6.57%
20260608,1871,ＧＸウラン,224A,東Ｅ,,"1,693",-121,-6.67%,96,ー倍,ー倍,ー%
20260608,1872,ソラスト,6197,東P,,"1,113",+2,+0.18%,95,ー倍,4.30倍,ー%
20260608,1873,石井表記,6336,東S,,"1,159",-57,-4.69%,95,9.80倍,0.87倍,3.11%
20260608,1874,野村ＳＰＨ無,2633,東Ｅ,,546.8,-9.6,-1.73%,95,ー倍,ー倍,ー%
20260608,1875,Ｖコマース,2491,東P,,455,-20,-4.21%,95,ー倍,0.86倍,3.52%
20260608,1876,株主還元７０,2529,東Ｅ,,"2,164",-13,-0.60%,95,ー倍,ー倍,ー%
20260608,1877,ハードオフ,2674,東P,,"2,347",-17,-0.72%,95,9.90倍,1.62倍,3.92%
20260608,1878,アセンテック,3565,東S,,473,-16,-3.27%,94,14.2倍,3.27倍,3.17%
20260608,1879,マツオカ,3611,東S,,"2,238",-39,-1.71%,94,6.91倍,0.59倍,5.14%
20260608,1880,ＪＳＰ,7942,東P,,"2,557",-48,-1.84%,94,13.4倍,0.62倍,3.91%
20260608,1881,東京産,8070,東P,,796,-8,-1.00%,94,12.2倍,0.82倍,5.03%
20260608,1882,ＥＭシステム,4820,東P,,505,-1,-0.20%,94,16.0倍,1.83倍,4.55%
20260608,1883,リファバスＧ,7375,東G,,"1,412",-24,-1.67%,93,15.8倍,12.0倍,ー%
20260608,1884,チノー,6850,東P,,"1,636",-58,-3.42%,93,12.6倍,1.16倍,3.67%
20260608,1885,ＧＸＣＦキン,234A,東Ｅ,,"1,360",-12,-0.87%,93,ー倍,ー倍,ー%
20260608,1886,リテールＰＡ,8167,東P,,"1,280",+11,+0.87%,93,10.2倍,0.60倍,3.13%
20260608,1887,空港施設,8864,東S,,881,0,0.00%,93,12.8倍,0.71倍,4.77%
20260608,1888,中北製,6496,東S,,"4,575",-205,-4.29%,92,13.0倍,0.58倍,2.40%
20260608,1889,ＳＨＩＮＰＯ,5903,東S,,"1,699",+2,+0.12%,92,20.8倍,1.31倍,ー%
20260608,1890,野村ナスＨ有,2845,東Ｅ,,"3,525",-118,-3.24%,92,ー倍,ー倍,ー%
20260608,1891,サニックスＨ,4651,東S,,236,-5,-2.07%,92,11.3倍,1.03倍,1.27%
20260608,1892,ＣＡＣ,4725,東P,,"1,785",-17,-0.94%,91,ー倍,0.90倍,5.60%
20260608,1893,ペガサス,6262,東S,,512,-26,-4.83%,91,49.0倍,0.38倍,ー%
20260608,1894,フルッタ,2586,東G,,92,-2,-2.13%,91,101倍,1.43倍,ー%
20260608,1895,オプティマス,9268,東S,,386,-11,-2.77%,91,8.26倍,0.63倍,4.66%
20260608,1896,アイエスビー,9702,東P,,"2,343",-24,-1.01%,91,14.5倍,1.85倍,2.99%
20260608,1897,三光合成,7888,東P,,775,-12,-1.52%,91,5.91倍,0.65倍,3.61%
20260608,1898,西部技研,6223,東S,,"2,303",-79,-3.32%,91,11.6倍,1.43倍,3.04%
20260608,1899,ｊｉｇ．ｊｐ,5244,東G,,172,-3,-1.71%,90,6.11倍,1.41倍,1.70%
20260608,1900,ＪＲＣ,6224,東G,,"1,299",-28,-2.11%,90,13.4倍,2.88倍,2.62%
20260608,1901,ライク,2462,東P,,"1,414",+13,+0.93%,90,9.87倍,1.54倍,4.24%
20260608,1902,ＪＰＨＤ,2749,東P,,597,+3,+0.51%,90,11.8倍,2.23倍,2.26%
20260608,1903,Ｄｍミックス,7354,東S,,295,-3,-1.01%,90,7.68倍,0.90倍,3.22%
20260608,1904,ＣＡＩＣＡＤ,2315,東S,,58,-4,-6.45%,89,116倍,2.97倍,ー%
20260608,1905,ラクトＪ,3139,東P,,"3,160",+5,+0.16%,89,9.17倍,0.98倍,4.18%
20260608,1906,ＴＶＥ,6466,東S,,"3,710",-280,-7.02%,89,16.7倍,0.67倍,1.08%
20260608,1907,三重交ＨＤ,3232,東P,,520,-2,-0.38%,89,8.71倍,0.75倍,3.85%
20260608,1908,ＡｎｄＤｏ,3457,東P,,"1,030",-4,-0.39%,89,7.42倍,1.07倍,4.47%
20260608,1909,ＳＭＩＮＯＥ,3501,東P,,"1,064",-23,-2.12%,89,35.3倍,0.43倍,3.76%
20260608,1910,オロ,3983,東P,,"2,064",-47,-2.23%,89,14.8倍,3.13倍,2.42%
20260608,1911,動物高度医療,6039,東G,,969,-4,-0.41%,89,14.1倍,2.57倍,1.34%
20260608,1912,日東工器,6151,東P,,"1,588",-51,-3.11%,89,20.3倍,0.49倍,2.02%
20260608,1913,ＯＡＴアグリ,4979,東S,,"2,649",-5,-0.19%,88,11.1倍,1.35倍,2.27%
20260608,1914,ニチリン,5184,東S,,"4,065",-60,-1.45%,88,9.57倍,0.87倍,4.67%
20260608,1915,フコク,5185,東P,,"1,770",-8,-0.45%,88,10.9倍,0.62倍,5.65%
20260608,1916,ＪＭＡＣＳ,5817,東S,,922,-65,-6.59%,88,20.9倍,0.92倍,1.63%
20260608,1917,ナフコ,2790,東S,,"2,088",+5,+0.24%,88,40.4倍,0.34倍,2.78%
20260608,1918,海帆,3133,東G,,128,-5,-3.76%,88,ー倍,30.9倍,ー%
20260608,1919,エフテック,7212,東S,,615,-10,-1.60%,88,14.3倍,0.20倍,3.25%
20260608,1920,ミクニ,7247,東S,,342,-9,-2.56%,88,6.76倍,0.29倍,4.39%
20260608,1921,イチネンＨＤ,9619,東P,,"2,121",-1,-0.05%,88,7.27倍,0.70倍,3.77%
20260608,1922,アンジェス,4563,東G,,46,-1,-2.13%,88,ー倍,9.43倍,ー%
20260608,1923,三共興,8018,東S,,865,+12,+1.41%,88,16.2倍,0.58倍,3.12%
20260608,1924,理経,8226,東S,,397,-17,-4.11%,88,14.3倍,1.00倍,1.76%
20260608,1925,高島,8007,東P,,740,+4,+0.54%,87,15.8倍,1.09倍,6.22%
20260608,1926,タングス,6998,東S,,"2,098",-101,-4.59%,87,14.2倍,0.76倍,2.86%
20260608,1927,ビーウィズ,9216,東P,,"1,471",-21,-1.41%,87,30.0倍,2.49倍,5.23%
20260608,1928,ミガロＨＤ,5535,東P,,254,-8,-3.05%,87,10.9倍,1.08倍,3.54%
20260608,1929,Ｔワークス,3997,東S,,367,-29,-7.32%,87,50.0倍,5.64倍,0.54%
20260608,1930,トランシティ,9310,東P,,"1,083",-7,-0.64%,87,10.0倍,0.66倍,4.02%
20260608,1931,スバル,9632,東S,,"3,750",+95,+2.60%,87,15.6倍,1.31倍,2.13%
20260608,1932,インテリクス,463A,東S,,873,-17,-1.91%,87,6.04倍,0.61倍,5.38%
20260608,1933,Ｓｏｌｖｖｙ,7320,東G,,"1,519",-54,-3.43%,86,10.4倍,3.42倍,1.32%
20260608,1934,エアトリ,6191,東P,,780,-27,-3.35%,86,29.0倍,1.02倍,ー%
20260608,1935,共和電,6853,東S,,895,-54,-5.69%,86,18.9倍,1.23倍,2.35%
20260608,1936,日産東ＨＤ,8291,東S,,572,-11,-1.89%,86,9.72倍,0.58倍,4.72%
20260608,1937,アイザワ証Ｇ,8708,東P,,"1,429",-5,-0.35%,86,ー倍,0.94倍,ー%
20260608,1938,中発条,5992,東S,,"3,825",+20,+0.53%,86,40.2倍,1.10倍,2.35%
20260608,1939,グリッド,5582,東G,,"2,045",-58,-2.76%,86,35.0倍,2.36倍,ー%
20260608,1940,ＲＩＺＡＰ,2928,札Ａ,,194,-5,-2.51%,86,23.2倍,2.29倍,0.69%
20260608,1941,ロボホーム,1435,東S,,161,-3,-1.83%,86,7.15倍,1.31倍,1.24%
20260608,1942,日特建,1929,東P,,"1,097",-12,-1.08%,86,12.4倍,1.22倍,4.56%
20260608,1943,近鉄百,8244,東S,,"1,767",+17,+0.97%,85,19.3倍,1.56倍,1.13%
20260608,1944,ＭＸナスヘ有,2632,東Ｅ,,"17,780",-635,-3.45%,85,ー倍,ー倍,ー%
20260608,1945,三和油化工業,4125,東S,,"2,483",-123,-4.72%,85,9.75倍,0.80倍,2.01%
20260608,1946,ファーマＦ,2929,東P,,627,-13,-2.03%,85,12.1倍,1.86倍,3.99%
20260608,1947,シーユーシー,9158,東G,,804,-31,-3.71%,85,21.4倍,0.71倍,ー%
20260608,1948,ＳＳＳＫＨＤ,4838,東S,,625,-34,-5.16%,85,8.32倍,1.15倍,4.80%
20260608,1949,スターツプロ,8979,東Ｒ,,"181,100",-600,-0.33%,85,21.3倍,1.06倍,5.14%
20260608,1950,細火工,4274,東S,,"1,059",-56,-5.02%,85,19.3倍,1.22倍,1.23%
20260608,1951,ドリームＩ,4310,東P,,"2,704",-94,-3.36%,84,ー倍,2.04倍,5.07%
20260608,1952,ダイトーケミ,4366,東S,,501,-41,-7.56%,84,19.0倍,0.99倍,1.80%
20260608,1953,アステナＨＤ,8095,東P,,490,+5,+1.03%,84,8.43倍,0.72倍,3.67%
20260608,1954,大日光,6635,東S,,723,-47,-6.10%,84,6.75倍,0.66倍,2.21%
20260608,1955,日神ＧＨＤ,8881,東P,,633,-4,-0.63%,84,8.45倍,0.41倍,5.85%
20260608,1956,宝＆ＣＯ,7921,東P,,"2,930",+17,+0.58%,83,12.2倍,1.24倍,4.10%
20260608,1957,ヒット,378A,東G,,"2,155",+110,+5.38%,83,16.6倍,2.75倍,1.86%
20260608,1958,ＰＲＴＩＭＥ,3922,東P,,"2,187",-42,-1.88%,83,13.4倍,3.24倍,0.77%
20260608,1959,東京衡機,7719,東S,,412,-14,-3.29%,83,12.6倍,1.73倍,ー%
20260608,1960,Ａｒｅｎｔ,5254,東G,,"3,280",-165,-4.79%,83,14.3倍,3.16倍,ー%
20260608,1961,ヤマックス,5285,東S,,"1,205",-25,-2.03%,83,6.12倍,1.15倍,4.98%
20260608,1962,燦ＨＤ,9628,東P,,"1,353",-1,-0.07%,82,10.1倍,0.84倍,2.97%
20260608,1963,ＷＴ金,1672,東Ｅ,,"63,810","-1,960",-2.98%,82,ー倍,ー倍,ー%
20260608,1964,大盛工業,1844,東S,,513,-17,-3.21%,82,19.3倍,1.60倍,2.24%
20260608,1965,明治電機工業,3388,東P,,"2,022",-52,-2.51%,82,8.33倍,0.67倍,4.75%
20260608,1966,グッドコムＡ,3475,東P,,"1,376",-2,-0.15%,82,8.70倍,3.24倍,3.34%
20260608,1967,ＪＤＳＣ,4418,東G,,660,-26,-3.79%,82,20.1倍,1.70倍,ー%
20260608,1968,明和地所,8869,東S,,779,-7,-0.89%,82,6.30倍,0.50倍,5.13%
20260608,1969,プラスゼロ,5132,東G,,"1,445",-35,-2.36%,82,23.7倍,7.03倍,ー%
20260608,1970,ＡＩＲＭＡＮ,6364,東P,,"1,643",-11,-0.67%,82,11.2倍,0.98倍,4.38%
20260608,1971,野村外国債Ｈ,2512,東Ｅ,,732.2,-1.8,-0.25%,82,ー倍,ー倍,ー%
20260608,1972,Ｒフィールド,2910,東P,,"1,249",-9,-0.72%,82,553倍,1.13倍,1.92%
20260608,1973,ハローズ,2742,東P,,"3,775",+45,+1.21%,81,9.31倍,1.04倍,1.91%
20260608,1974,東海ソフト,4430,東S,,"1,638",-52,-3.08%,81,8.73倍,1.19倍,3.66%
20260608,1975,Ｆ＆Ｍ,4771,東S,,"2,450",-46,-1.84%,81,12.6倍,2.35倍,2.45%
20260608,1976,Ｊテック・Ｃ,3446,東S,,"1,670",-86,-4.90%,81,57.3倍,3.77倍,ー%
20260608,1977,ｉＦＲＥＩＴ,1488,東Ｅ,,"1,813",+12,+0.67%,81,ー倍,ー倍,ー%
20260608,1978,フィデアＨＤ,8713,東P,,"1,955",-1,-0.05%,81,11.0倍,0.41倍,3.84%
20260608,1979,フジ住,8860,東P,,756,+5,+0.67%,81,ー倍,0.46倍,4.23%
20260608,1980,黒田精,7726,東S,,"1,312",-91,-6.49%,81,22.2倍,0.64倍,1.52%
20260608,1981,稲葉製作,3421,東S,,"1,688",-17,-1.00%,80,14.2倍,0.60倍,2.61%
20260608,1982,ファインデ,3649,東P,,815,-20,-2.40%,80,15.3倍,3.53倍,3.31%
20260608,1983,トヨクモ,4058,東G,,"1,976",-109,-5.23%,80,16.5倍,5.21倍,1.37%
20260608,1984,山田コンサル,4792,東P,,"1,625",-29,-1.75%,80,10.8倍,1.57倍,4.74%
20260608,1985,モイ,5031,東G,,427,-32,-6.97%,80,ー倍,3.02倍,ー%
20260608,1986,大成温調,1904,東S,,"4,890",-70,-1.41%,80,5.74倍,0.99倍,4.05%
20260608,1987,ＳＢＩＩＧ,7326,東G,,"2,141",-35,-1.61%,79,14.7倍,1.11倍,2.76%
20260608,1988,エネクスＩＦ,9286,東IF,,"54,600",-100,-0.18%,79,13.8倍,0.70倍,7.45%
20260608,1989,ラサ商事,3023,東S,,"1,725",-34,-1.93%,79,9.09倍,0.78倍,4.64%
20260608,1990,セントラルＲ,3488,東Ｒ,,"104,300",-200,-0.19%,79,15.6倍,1.04倍,6.41%
20260608,1991,ｉＳＳＰカバ,452A,東Ｅ,,827.0,+1.1,+0.13%,79,ー倍,ー倍,ー%
20260608,1992,高圧ガス,4097,東P,,"1,073",-13,-1.20%,79,12.9倍,0.70倍,3.73%
20260608,1993,リソー教育Ｇ,4714,東P,,190,0,0.00%,79,19.0倍,2.65倍,5.26%
20260608,1994,ＮＦＫＨＤ,6494,東S,,90,-4,-4.26%,79,41.9倍,0.75倍,ー%
20260608,1995,タカトリ,6338,東S,,"1,667",-135,-7.49%,78,26.9倍,0.90倍,2.40%
20260608,1996,ＱＢＮＨＤ,6571,東P,,"1,264",+1,+0.08%,78,12.2倍,1.12倍,3.16%
20260608,1997,日産車体,7222,東S,,976,-22,-2.20%,78,9.44倍,0.72倍,ー%
20260608,1998,サイバトラス,4498,東G,,"1,115",-42,-3.63%,78,14.7倍,2.45倍,1.26%
20260608,1999,メディシス,4350,東S,,505,+13,+2.64%,78,14.8倍,0.85倍,2.38%
20260608,2000,ＧＸＳカバコ,2868,東Ｅ,,"1,134",-2,-0.18%,78,ー倍,ー倍,ー%
20260608,2001,ＭＶ東海,8198,東S,,"3,285",+15,+0.46%,78,11.3倍,1.08倍,2.59%
20260608,2002,新家工,7305,東S,,"2,460",-36,-1.44%,77,13.8倍,0.68倍,6.10%
20260608,2003,ｉＦ台湾テク,413A,東Ｅ,,"3,820",-130,-3.29%,77,ー倍,ー倍,ー%
20260608,2004,ベステラ,1433,東P,,"1,013",-21,-2.03%,77,12.8倍,1.67倍,3.95%
20260608,2005,三晃金,1972,東S,,"1,202",-24,-1.96%,77,9.46倍,0.84倍,5.32%
20260608,2006,ユビＡＩ,3858,東S,,343,-43,-11.14%,77,ー倍,1.88倍,ー%
20260608,2007,スタ・アリス,2305,東S,,"1,801",+6,+0.33%,77,24.5倍,1.01倍,2.78%
20260608,2008,ヤプリ,4168,東G,,731,-24,-3.18%,77,10.1倍,3.01倍,2.05%
20260608,2009,日精線,5659,東P,,"1,377",-66,-4.57%,77,15.1倍,0.99倍,3.34%
20260608,2010,ヘルスケアＭ,3455,東Ｒ,,"107,000",-800,-0.74%,76,19.0倍,0.99倍,5.91%
20260608,2011,北日銀,8551,東P,,"5,320",0,0.00%,76,9.69倍,0.46倍,3.61%
20260608,2012,エリアリンク,8914,東S,,879,-8,-0.90%,76,12.0倍,1.51倍,3.01%
20260608,2013,カナディアン,9284,東IF,,"86,000",-800,-0.92%,76,14.4倍,0.84倍,6.93%
20260608,2014,フォースタ,7089,東G,,"1,458",-46,-3.06%,76,10.0倍,3.42倍,ー%
20260608,2015,ブロメディア,4347,東S,,"1,628",-122,-6.97%,76,13.0倍,2.29倍,3.99%
20260608,2016,キューブシス,2335,東P,,"1,022",-4,-0.39%,76,10.3倍,1.36倍,4.50%
20260608,2017,ヒビノ,2469,東S,,"2,661",-19,-0.71%,75,10.2倍,1.88倍,3.38%
20260608,2018,オリンピック,8289,東S,,982,+3,+0.31%,75,ー倍,1.07倍,ー%
20260608,2019,Ｊティッシュ,7774,東G,,588,-4,-0.68%,75,239倍,4.69倍,ー%
20260608,2020,ウェルス,3772,東S,,"1,052",-14,-1.31%,75,11.2倍,1.14倍,ー%
20260608,2021,テクノマセマ,3787,東S,,289,+26,+9.89%,75,24.2倍,0.41倍,ー%
20260608,2022,Ａバランス,3856,東S,,495,-18,-3.51%,75,ー倍,0.25倍,0.61%
20260608,2023,上場銀行１０,540A,東Ｅ,,"1,821",-34,-1.83%,75,ー倍,ー倍,ー%
20260608,2024,ツカダＧＨＤ,2418,東S,,567,-6,-1.05%,74,4.44倍,0.72倍,2.47%
20260608,2025,キッズバイオ,4584,東G,,137,-4,-2.84%,74,ー倍,4.23倍,ー%
20260608,2026,エイビック,9554,東G,,"1,533",-67,-4.19%,74,12.8倍,3.66倍,ー%
20260608,2027,モンラボ,5255,東G,,87,-5,-5.43%,74,ー倍,7.53倍,ー%
20260608,2028,ｉＳＩＧ社債,2257,東Ｅ,,226.6,-1.1,-0.48%,74,ー倍,ー倍,ー%
20260608,2029,クオルテック,9165,東G,,"1,726",-115,-6.25%,73,12.6倍,1.16倍,2.72%
20260608,2030,ロココ,5868,東S,,"1,009",+74,+7.91%,73,9.20倍,1.31倍,3.96%
20260608,2031,ガーデン,274A,東S,,"2,176",-47,-2.11%,73,18.5倍,2.02倍,4.14%
20260608,2032,ミタチ産業,3321,東S,,"1,751",-62,-3.42%,73,6.98倍,0.81倍,4.57%
20260608,2033,アイホン,6718,東P,,"2,692",-25,-0.92%,73,13.8倍,0.63倍,4.83%
20260608,2034,阪神燃,6018,東S,,"5,200",-480,-8.45%,73,23.1倍,1.08倍,1.75%
20260608,2035,冨士ダイス,6167,東P,,963,-21,-2.13%,73,36.3倍,0.92倍,4.15%
20260608,2036,アゴーラＨＧ,9704,東S,,29,+1,+3.57%,73,30.9倍,1.40倍,ー%
20260608,2037,いであ,9768,東S,,"3,115",-50,-1.58%,73,9.27倍,0.72倍,3.79%
20260608,2038,ＢＣＣ,7376,東G,,"1,142",+16,+1.42%,73,ー倍,4.55倍,ー%
20260608,2039,愛時計,7723,東P,,"2,882",-21,-0.72%,72,9.59倍,0.84倍,4.16%
20260608,2040,インテリＷ,4847,東P,,923,-24,-2.53%,72,17.0倍,2.51倍,4.01%
20260608,2041,エラン,6099,東P,,692,-2,-0.29%,71,13.1倍,2.88倍,2.31%
20260608,2042,イーグランド,3294,東S,,"4,830",0,0.00%,71,ー倍,2.31倍,ー%
20260608,2043,トリプラ,5136,東G,,"1,400",-56,-3.85%,71,16.3倍,4.53倍,ー%
20260608,2044,日工,6306,東P,,852,-14,-1.62%,71,12.4倍,0.88倍,4.93%
20260608,2045,北川鉄,6317,東S,,"1,646",-33,-1.97%,71,7.61倍,0.33倍,3.89%
20260608,2046,情報戦略テク,155A,東G,,839,-29,-3.34%,70,20.1倍,4.60倍,ー%
20260608,2047,リベルタ,4935,東S,,211,-9,-4.09%,70,50.8倍,5.03倍,0.95%
20260608,2048,プリモＧＨＤ,367A,東S,,"2,739",-21,-0.76%,70,11.0倍,1.20倍,4.38%
20260608,2049,ＡＭＩ,3773,東G,,"1,046",-38,-3.51%,70,14.4倍,1.13倍,2.10%
20260608,2050,クレオス,8101,東P,,"2,303",-30,-1.29%,70,10.8倍,0.87倍,4.60%
20260608,2051,オークワ,8217,東P,,782,+4,+0.51%,70,48.9倍,0.43倍,3.32%
20260608,2052,キングジム,7962,東P,,820,+10,+1.23%,69,35.5倍,0.92倍,1.71%
20260608,2053,東リ,7971,東S,,603,-11,-1.79%,69,10.1倍,0.66倍,5.64%
20260608,2054,いちごホテル,3463,東Ｒ,,"112,000",-300,-0.27%,69,15.7倍,0.89倍,6.37%
20260608,2055,ＢｅｅＸ,4270,東G,,"2,011",-209,-9.41%,69,9.97倍,1.48倍,1.24%
20260608,2056,タカラバイオ,4974,東P,,"1,143",0,0.00%,69,ー倍,1.33倍,ー%
20260608,2057,ＴＹＫ,5363,東S,,689,-30,-4.17%,69,6.76倍,0.65倍,4.44%
20260608,2058,アルインコ,5933,東P,,"1,029",-11,-1.06%,69,9.50倍,0.61倍,4.37%
20260608,2059,日進工具,6157,東S,,845,-35,-3.98%,69,ー倍,1.12倍,ー%
20260608,2060,北浜ＣＰ,2134,東S,,26,+1,+4.00%,69,7.90倍,2.72倍,ー%
20260608,2061,サンアスタ,4053,東P,,450,-4,-0.88%,69,12.6倍,1.57倍,2.22%
20260608,2062,ナガイレーベ,7447,東P,,"1,666",-10,-0.60%,69,17.2倍,1.30倍,3.60%
20260608,2063,アミューズ,4301,東P,,"1,818",-7,-0.38%,69,23.6倍,0.82倍,3.52%
20260608,2064,エスプール,2471,東P,,243,-4,-1.62%,69,11.4倍,2.03倍,4.12%
20260608,2065,東祥,8920,東S,,724,-6,-0.82%,69,7.96倍,0.68倍,1.38%
20260608,2066,ＰＣＡ,9629,東P,,"1,304",-10,-0.76%,69,32.7倍,1.39倍,3.07%
20260608,2067,ソーダニッカ,8158,東P,,"1,098",-17,-1.52%,68,10.2倍,0.74倍,4.01%
20260608,2068,ＳＲＳＨＤ,8163,東P,,"1,170",+15,+1.30%,68,26.9倍,2.71倍,0.85%
20260608,2069,ＷＯＷＯＷ,4839,東P,,"1,006",-12,-1.18%,68,47.5倍,0.41倍,2.98%
20260608,2070,ユーソナー,431A,東G,,"1,930",-154,-7.39%,68,15.1倍,3.45倍,ー%
20260608,2071,野村欧州株Ｈ,2859,東Ｅ,,"3,010",-50,-1.63%,68,ー倍,ー倍,ー%
20260608,2072,ＪＥＴ,6228,東S,,714,-42,-5.56%,68,ー倍,0.96倍,ー%
20260608,2073,野村Ａ高配,2084,東Ｅ,,"3,589",-62,-1.70%,68,ー倍,ー倍,ー%
20260608,2074,ＣＣＴ,4371,東G,,"1,378",-19,-1.36%,68,16.5倍,4.85倍,1.52%
20260608,2075,日シス技術,4323,東P,,"1,664",-51,-2.97%,68,13.9倍,2.46倍,3.00%
20260608,2076,森六,4249,東P,,"2,284",-52,-2.23%,67,10.6倍,0.49倍,5.47%
20260608,2077,Ｃ＆Ｒ,4763,東P,,"1,259",+9,+0.72%,67,7.96倍,1.39倍,3.97%
20260608,2078,井村屋Ｇ,2209,東P,,"2,252",+25,+1.12%,67,12.0倍,1.15倍,1.69%
20260608,2079,ムトー精工,7927,東S,,"2,164",-66,-2.96%,67,7.52倍,0.72倍,5.41%
20260608,2080,ミニストップ,9946,東P,,"1,839",-10,-0.54%,67,533倍,2.02倍,1.09%
20260608,2081,スパイダー,4192,東G,,269,-15,-5.28%,67,ー倍,3.58倍,ー%
20260608,2082,新都ＨＤ,2776,東S,,106,-7,-6.19%,67,28.3倍,1.73倍,ー%
20260608,2083,ＧＸ純金Ｈ,424A,東Ｅ,,331.9,-10.1,-2.95%,66,ー倍,ー倍,ー%
20260608,2084,ＰＲＯＮＩ,479A,東G,,"1,298",-56,-4.14%,66,6.38倍,3.27倍,ー%
20260608,2085,Ａｉｍｉｎｇ,3911,東G,,170,+1,+0.59%,66,ー倍,1.13倍,ー%
20260608,2086,ぴあ,4337,東P,,"2,667",-21,-0.78%,66,27.3倍,3.81倍,1.12%
20260608,2087,学究社,9769,東P,,"2,525",+21,+0.84%,66,12.6倍,3.36倍,5.03%
20260608,2088,Ｇｕｎｏｓｙ,6047,東S,,448,-14,-3.03%,66,80.0倍,0.98倍,4.91%
20260608,2089,安永,7271,東S,,"1,050",-70,-6.25%,66,8.32倍,0.74倍,3.62%
20260608,2090,ワタミ,7522,東P,,919,+13,+1.43%,66,ー倍,2.08倍,ー%
20260608,2091,日本精密,7771,東S,,310,-15,-4.62%,66,37.2倍,3.65倍,ー%
20260608,2092,アイビス,9343,東G,,786,-6,-0.76%,66,15.4倍,4.95倍,1.53%
20260608,2093,コーディア,190A,東G,,100,-4,-3.85%,65,ー倍,3.31倍,ー%
20260608,2094,ミロク情報,9928,東P,,"1,730",-6,-0.35%,65,10.8倍,1.56倍,3.76%
20260608,2095,ｉＳＩＧ債Ｈ,1496,東Ｅ,,"1,676",-13,-0.77%,65,ー倍,ー倍,ー%
20260608,2096,Ｆ－ブレイン,3927,東S,,908,-56,-5.81%,65,14.8倍,2.29倍,1.76%
20260608,2097,共和レ,3553,東S,,843,-19,-2.20%,65,ー倍,0.55倍,6.17%
20260608,2098,メディアドゥ,3678,東P,,"1,319",-6,-0.45%,65,16.7倍,1.05倍,3.03%
20260608,2099,プロシップ,3763,東P,,"1,657",+5,+0.30%,65,18.2倍,3.74倍,2.53%
20260608,2100,小野建,7414,東P,,"1,310",-20,-1.50%,65,7.81倍,0.34倍,5.27%
20260608,2101,ムサシ,7521,東S,,"2,618",+48,+1.87%,64,45.6倍,0.48倍,1.38%
20260608,2102,ＮＡＮＯＨＤ,4571,東G,,105,+2,+1.94%,64,ー倍,2.46倍,ー%
20260608,2103,日特塗,4619,東S,,"2,264",-9,-0.40%,64,9.10倍,0.80倍,5.74%
20260608,2104,ｉＦＴＰＷベ,1368,東Ｅ,,178,+9,+5.33%,64,ー倍,ー倍,ー%
20260608,2105,力の源ＨＤ,3561,東P,,"1,488",+3,+0.20%,64,24.8倍,3.70倍,1.61%
20260608,2106,ＧＭＯ－ＧＳ,3788,東P,,"1,883",-38,-1.98%,64,20.5倍,2.15倍,3.17%
20260608,2107,清水銀,8364,東P,,"2,422",-5,-0.21%,64,11.0倍,0.35倍,2.48%
20260608,2108,キャリアＬ,6070,東P,,"2,158",-11,-0.51%,64,9.12倍,1.61倍,5.56%
20260608,2109,オーナンバ,5816,東S,,"1,743",-79,-4.34%,63,11.2倍,0.75倍,4.02%
20260608,2110,クリアル,2998,東G,,435,-6,-1.36%,63,7.39倍,1.37倍,1.84%
20260608,2111,ｅＷｅＬＬ,5038,東G,,"1,760",-80,-4.35%,63,20.0倍,8.46倍,1.19%
20260608,2112,ｉＦＳＰベ,2238,東Ｅ,,"5,414",+110,+2.07%,63,ー倍,ー倍,ー%
20260608,2113,上場ＳＰレ２,2239,東Ｅ,,"25,165","-1,175",-4.46%,63,ー倍,ー倍,ー%
20260608,2114,イメージワン,2667,東S,,143,-6,-4.03%,63,9.57倍,2.00倍,ー%
20260608,2115,純パラ信託,1543,東Ｅ,,"57,090","-2,920",-4.87%,63,ー倍,ー倍,ー%
20260608,2116,サイエンスＡ,4412,東G,,"1,155",-84,-6.78%,63,78.1倍,6.24倍,0.09%
20260608,2117,デジハＨＤ,3676,東P,,717,-16,-2.18%,63,8.64倍,1.66倍,3.49%
20260608,2118,上場豪債ヘ無,2844,東Ｅ,,"5,612",-49,-0.87%,62,ー倍,ー倍,ー%
20260608,2119,ＤＩＴ,3916,東P,,833,-11,-1.30%,62,11.2倍,2.85倍,4.50%
20260608,2120,サーバワクス,4434,東S,,"2,031",-48,-2.31%,62,16.7倍,1.55倍,1.48%
20260608,2121,アルファＰ,9467,東G,,"1,048",-25,-2.33%,62,11.9倍,1.95倍,2.58%
20260608,2122,Ｈａｍｅｅ,3134,東S,,410,+4,+0.99%,62,43.2倍,0.92倍,5.49%
20260608,2123,三谷産業,8285,東S,,626,-11,-1.73%,62,14.8倍,0.68倍,2.08%
20260608,2124,中外鉱,1491,東S,,676,-36,-5.06%,62,9.71倍,1.04倍,ー%
20260608,2125,田岡化,4113,東S,,695,-15,-2.11%,61,39.8倍,0.51倍,0.86%
20260608,2126,ありがとうＳ,3177,東S,,"3,360",+70,+2.13%,61,6.30倍,0.91倍,4.02%
20260608,2127,中越パ,3877,東P,,"1,995",-5,-0.25%,61,15.7倍,0.42倍,6.02%
20260608,2128,大成ラミック,4994,東S,,"2,162",-51,-2.30%,61,13.8倍,0.51倍,3.24%
20260608,2129,昭和真空,6384,東S,,"1,673",-102,-5.75%,61,18.5倍,0.85倍,4.18%
20260608,2130,ラボロＡＩ,5586,東G,,792,-30,-3.65%,61,62.9倍,4.67倍,ー%
20260608,2131,タウンズ,197A,東S,,490,0,0.00%,61,9.17倍,3.20倍,5.71%
20260608,2132,構造計画ＨＤ,208A,東S,,"2,850",-45,-1.55%,61,13.0倍,2.82倍,3.16%
20260608,2133,ヨシムラＨＤ,2884,東P,,642,+3,+0.47%,61,11.0倍,1.23倍,ー%
20260608,2134,野村外リート,2515,東Ｅ,,"1,639",-13,-0.79%,60,ー倍,ー倍,ー%
20260608,2135,ストリーム,3071,東S,,102,-1,-0.97%,60,14.7倍,0.96倍,2.94%
20260608,2136,サムティＲ,3459,東Ｒ,,"95,700",+200,+0.21%,60,21.8倍,0.95倍,5.43%
20260608,2137,エニグモ,3665,東P,,353,+3,+0.86%,60,28.4倍,1.20倍,ー%
20260608,2138,システムリサ,3771,東P,,"1,730",-39,-2.20%,60,10.1倍,2.13倍,4.05%
20260608,2139,野村建設資材,1619,東Ｅ,,"46,690","-1,690",-3.49%,60,ー倍,ー倍,ー%
20260608,2140,ＣＴＳ,4345,東P,,821,+7,+0.86%,60,12.5倍,2.16倍,3.65%
20260608,2141,窪田製薬ＨＤ,4596,東G,,58,-2,-3.33%,60,ー倍,5.04倍,ー%
20260608,2142,ＳＳ金Ｈ,448A,東Ｅ,,260.4,-8.3,-3.09%,60,ー倍,ー倍,ー%
20260608,2143,ヤギ,7460,東S,,"4,500",0,0.00%,60,9.88倍,0.78倍,4.00%
20260608,2144,野村Ａ成長,2083,東Ｅ,,"3,809",-51,-1.32%,60,ー倍,ー倍,ー%
20260608,2145,ｉＳ米２５,237A,東Ｅ,,158.9,-1.6,-1.00%,60,ー倍,ー倍,ー%
20260608,2146,ランビジネス,8944,東S,,232,-10,-4.13%,60,8.94倍,0.28倍,2.59%
20260608,2147,ファイバーＧ,9450,東S,,731,-1,-0.14%,60,11.6倍,2.13倍,3.69%
20260608,2148,スペース,9622,東P,,"1,405",-1,-0.07%,60,10.5倍,0.99倍,5.12%
20260608,2149,コスモスイニ,8844,東S,,"1,187",+2,+0.17%,60,5.59倍,0.71倍,4.47%
20260608,2150,ＧＸ中テ１０,404A,東Ｅ,,"1,387",-48,-3.34%,59,ー倍,ー倍,ー%
20260608,2151,ジャノメ,6445,東P,,"1,191",-12,-1.00%,59,9.96倍,0.57倍,5.04%
20260608,2152,三相電機,6518,東S,,"2,085",-118,-5.36%,59,11.2倍,0.76倍,1.20%
20260608,2153,ＭＳジャパン,6539,東P,,931,+2,+0.22%,59,21.4倍,2.43倍,6.02%
20260608,2154,ケンコーマヨ,2915,東P,,"1,950",+39,+2.04%,59,9.89倍,0.68倍,3.59%
20260608,2155,シンクロ,3963,東P,,305,-16,-4.98%,59,60.6倍,1.80倍,4.92%
20260608,2156,ミンカブ,4436,東G,,427,-28,-6.15%,59,13.1倍,4.54倍,ー%
20260608,2157,日東富士,2003,東S,,"1,683",+10,+0.60%,59,18.6倍,1.23倍,4.16%
20260608,2158,コーア商ＨＤ,9273,東P,,754,-12,-1.57%,59,8.72倍,1.04倍,2.39%
20260608,2159,ＤＭＳ,9782,東S,,"3,265",-45,-1.36%,59,16.1倍,1.12倍,7.11%
20260608,2160,ＳＰＫ,7466,東P,,"1,211",-27,-2.18%,59,8.96倍,0.84倍,3.39%
20260608,2161,キャスター,9331,東G,,972,+142,+17.11%,59,ー倍,2.77倍,ー%
20260608,2162,ＭＸ米株ＡＩ,552A,東Ｅ,,"2,560",-130,-4.83%,58,ー倍,ー倍,ー%
20260608,2163,トランヴィア,545A,東P,,842,-9,-1.06%,58,13.8倍,ー倍,4.75%
20260608,2164,ヨシックス,3221,東P,,"3,095",-10,-0.32%,58,13.5倍,2.39倍,1.03%
20260608,2165,マーベラス,7844,東P,,454,-3,-0.66%,58,13.8倍,0.99倍,3.30%
20260608,2166,あみやき,2753,東P,,"1,323",+16,+1.22%,58,18.8倍,1.21倍,2.57%
20260608,2167,戸上電,6643,東S,,"4,990",-280,-5.31%,58,9.44倍,0.96倍,2.61%
20260608,2168,システムソフ,7527,東S,,48,-2,-4.00%,58,229倍,1.29倍,ー%
20260608,2169,セルシード,7776,東G,,224,-7,-3.03%,58,ー倍,4.39倍,ー%
20260608,2170,松井建,1810,東S,,"1,320",-18,-1.35%,58,9.41倍,0.66倍,5.30%
20260608,2171,松屋Ｒ＆Ｄ,7317,東G,,"1,108",0,0.00%,58,ー倍,2.91倍,ー%
20260608,2172,ユキグニ,1375,東P,,"1,066",+7,+0.66%,58,16.7倍,2.88倍,1.88%
20260608,2173,神奈交,9081,東P,,"3,425",+40,+1.18%,58,11.3倍,0.66倍,2.63%
20260608,2174,グルメ杵屋,9850,東P,,950,-4,-0.42%,57,83.6倍,2.33倍,0.74%
20260608,2175,ＪＫＨＤ,9896,東S,,"1,339",+43,+3.32%,57,8.36倍,0.55倍,4.48%
20260608,2176,エフティ,2763,東S,,"1,037",-46,-4.25%,57,8.11倍,0.87倍,ー%
20260608,2177,カナミックＮ,3939,東P,,481,-11,-2.24%,57,16.7倍,4.56倍,1.87%
20260608,2178,日本トリム,6788,東P,,"4,540",+40,+0.89%,57,15.3倍,1.42倍,2.86%
20260608,2179,アトラエ,6194,東P,,671,-12,-1.76%,56,19.8倍,4.05倍,4.92%
20260608,2180,酒井重,6358,東P,,"2,045",-9,-0.44%,56,15.9倍,0.56倍,5.38%
20260608,2181,ルネサンス,2378,東P,,982,-6,-0.61%,56,38.7倍,2.42倍,1.32%
20260608,2182,日邦産業,9913,東S,,"3,775",-45,-1.18%,56,24.3倍,1.90倍,2.09%
20260608,2183,トヨコー,341A,東G,,"2,070",-102,-4.70%,56,43.1倍,9.46倍,ー%
20260608,2184,農中日経高配,531A,東Ｅ,,"2,130",+58,+2.80%,56,ー倍,ー倍,ー%
20260608,2185,エステー,4951,東P,,"1,445",+1,+0.07%,56,16.8倍,0.90倍,3.18%
20260608,2186,新田ゼラチン,4977,東S,,"1,232",-12,-0.96%,56,9.35倍,0.93倍,3.25%
20260608,2187,日金属,5491,東S,,875,-35,-3.85%,56,11.1倍,0.19倍,0.57%
20260608,2188,ＪＩＧＳＡＷ,3914,東G,,"2,372",-87,-3.54%,56,ー倍,4.55倍,ー%
20260608,2189,ジェコス,9991,東P,,"1,471",-9,-0.61%,56,8.68倍,0.69倍,4.69%
20260608,2190,コンドー,7438,東P,,"1,429",+1,+0.07%,56,10.8倍,0.95倍,4.06%
20260608,2191,たけびし,7510,東P,,"2,303",-93,-3.88%,56,11.9倍,0.83倍,3.47%
20260608,2192,日本ホスピス,7061,東G,,583,-19,-3.16%,55,8.21倍,1.38倍,4.29%
20260608,2193,幸楽苑,7554,東P,,"1,077",+5,+0.47%,55,16.5倍,2.88倍,1.39%
20260608,2194,メディネット,2370,東G,,26,-1,-3.70%,55,ー倍,2.03倍,ー%
20260608,2195,高千穂交易,2676,東P,,"2,075",+13,+0.63%,55,23.5倍,2.20倍,3.66%
20260608,2196,やまみ,2820,東S,,"4,330",+50,+1.17%,55,18.7倍,2.66倍,1.89%
20260608,2197,穴吹興産,8928,東S,,"2,351",-39,-1.63%,55,5.70倍,0.52倍,2.89%
20260608,2198,山陽電,9052,東P,,"1,898",+14,+0.74%,55,14.0倍,0.68倍,2.63%
20260608,2199,エーアイテイ,9381,東P,,"2,166",+8,+0.37%,55,15.0倍,2.48倍,5.08%
20260608,2200,フェイスＮＷ,3489,東S,,685,-10,-1.44%,55,5.34倍,1.64倍,6.57%
20260608,2201,ダブスタ,3925,東P,,"1,168",-16,-1.35%,55,13.2倍,2.36倍,5.99%
20260608,2202,ヨータイ,5357,東P,,"1,696",-23,-1.34%,55,12.0倍,0.91倍,5.31%
20260608,2203,日精鉱,5729,東S,,"1,412",-62,-4.21%,54,12.4倍,0.90倍,4.25%
20260608,2204,オーバラップ,414A,東G,,910,-16,-1.73%,54,8.16倍,2.22倍,4.84%
20260608,2205,ｉＳＳ除金融,491A,東Ｅ,,538.7,-11.6,-2.11%,54,ー倍,ー倍,ー%
20260608,2206,ゲームカード,6249,東S,,"2,420",+95,+4.09%,54,14.1倍,0.56倍,4.13%
20260608,2207,アクセル,6730,東S,,"1,137",-80,-6.57%,54,13.8倍,0.90倍,3.61%
20260608,2208,ウネリー,5034,東G,,"2,072",-44,-2.08%,54,19.4倍,3.38倍,ー%
20260608,2209,ケイファーマ,4896,東G,,656,-31,-4.51%,54,ー倍,7.51倍,ー%
20260608,2210,ＫＧ情報,2408,東S,,814,-56,-6.44%,54,16.4倍,0.97倍,4.55%
20260608,2211,スターシーズ,3083,東S,,996,-4,-0.40%,54,17.2倍,3.12倍,1.00%
20260608,2212,ニチモウ,8091,東P,,"2,175",-36,-1.63%,54,7.03倍,0.53倍,4.60%
20260608,2213,アクリート,4395,東G,,770,-27,-3.39%,54,13.8倍,1.65倍,1.30%
20260608,2214,ＡＢ＆Ｃ,9251,東G,,"1,212",+1,+0.08%,54,11.7倍,2.05倍,4.95%
20260608,2215,ｋｕｂｅｌｌ,4448,東G,,297,-14,-4.50%,53,ー倍,5.84倍,ー%
20260608,2216,木徳神糧,2700,東S,,"1,751",-57,-3.15%,53,4.78倍,0.70倍,2.86%
20260608,2217,リプロセル,4978,東G,,126,-3,-2.33%,53,ー倍,1.35倍,ー%
20260608,2218,マテリアルＧ,156A,東G,,793,-33,-4.00%,53,12.2倍,3.51倍,3.29%
20260608,2219,ホクリヨウ,1384,東S,,"2,082",+5,+0.24%,53,7.76倍,1.01倍,3.84%
20260608,2220,ｉＳ米債７Ｈ,1482,東Ｅ,,"1,561",-13,-0.83%,53,ー倍,ー倍,ー%
20260608,2221,グロースコア,1563,東Ｅ,,"2,399",-42,-1.72%,52,ー倍,ー倍,ー%
20260608,2222,野村ＪＰＸ,1591,東Ｅ,,"34,900",-950,-2.65%,52,ー倍,ー倍,ー%
20260608,2223,アサヒエイト,5341,東S,,194,+2,+1.04%,52,ー倍,1.53倍,ー%
20260608,2224,ＥＲＩＨＤ,6083,東S,,"1,333",0,0.00%,52,10.7倍,4.00倍,2.75%
20260608,2225,朝日放送ＨＤ,9405,東P,,804,-15,-1.83%,52,12.4倍,0.41倍,2.49%
20260608,2226,ナガセ,9733,東S,,"2,200",-4,-0.18%,52,13.2倍,1.57倍,5.45%
20260608,2227,オオバ,9765,東P,,"1,055",-19,-1.77%,52,11.9倍,1.26倍,4.17%
20260608,2228,ＧＸ銅ビジ,580A,東Ｅ,,948,-69,-6.78%,52,ー倍,ー倍,ー%
20260608,2229,野村新興国株,2520,東Ｅ,,"2,310",-90,-3.75%,52,ー倍,ー倍,ー%
20260608,2230,ＳＭＤ高配当,2011,東Ｅ,,786.2,-11.0,-1.38%,52,ー倍,ー倍,ー%
20260608,2231,ｉＳ米債３月,2012,東Ｅ,,241.9,+0.4,+0.17%,52,ー倍,ー倍,ー%
20260608,2232,鳥取銀,8383,東S,,"1,440",-15,-1.03%,52,8.42倍,0.27倍,3.47%
20260608,2233,九州リース,8596,東S,,"1,401",+8,+0.57%,52,7.55倍,0.70倍,4.43%
20260608,2234,Ｂガレージ,3180,東P,,"1,375",-16,-1.15%,52,17.1倍,2.15倍,1.16%
20260608,2235,ニチバン,4218,東P,,"1,800",-5,-0.28%,52,15.8倍,0.82倍,2.22%
20260608,2236,チタン,4098,東S,,"1,085",-101,-8.52%,51,15.4倍,0.61倍,1.11%
20260608,2237,ＳＭＤ日グ株,349A,東Ｅ,,822.4,-21.5,-2.55%,51,ー倍,ー倍,ー%
20260608,2238,フツパー,478A,東G,,704,-23,-3.16%,51,20.6倍,3.37倍,ー%
20260608,2239,野村情通サ他,1626,東Ｅ,,"43,750",-640,-1.44%,51,ー倍,ー倍,ー%
20260608,2240,ファンタジス,1783,東S,,54,-1,-1.82%,51,37.2倍,1.59倍,ー%
20260608,2241,アーバネット,3242,東S,,516,0,0.00%,51,10.0倍,1.00倍,4.26%
20260608,2242,ポールＨＤ,3657,東P,,289,-4,-1.37%,51,14.6倍,1.21倍,5.54%
20260608,2243,ｉＳ米増配株,2014,東Ｅ,,307.4,-1.6,-0.52%,51,ー倍,ー倍,ー%
20260608,2244,フラベッドＨ,7840,東P,,"1,207",+2,+0.17%,51,13.1倍,1.00倍,3.48%
20260608,2245,クリナップ,7955,東P,,886,-10,-1.12%,51,8.80倍,0.52倍,3.72%
20260608,2246,ＭｒＭａｘ,8203,東P,,720,+9,+1.27%,50,7.74倍,0.63倍,4.03%
20260608,2247,Ｕｂｉｃｏｍ,3937,東S,,937,-34,-3.50%,50,10.8倍,1.89倍,ー%
20260608,2248,ＹＵＳＨＩＮ,6482,東S,,659,-13,-1.93%,50,22.9倍,0.60倍,ー%
20260608,2249,京写,6837,東S,,353,-20,-5.36%,50,11.7倍,0.51倍,2.55%
20260608,2250,オープンＷ,5139,東G,,935,+16,+1.74%,50,20.1倍,2.67倍,0.96%
20260608,2251,ｉＳ米高配当,2013,東Ｅ,,294.9,+0.9,+0.31%,50,ー倍,ー倍,ー%
20260608,2252,ＮＩＳＳＯ,9332,東P,,567,-6,-1.05%,49,9.09倍,1.04倍,4.41%
20260608,2253,ネオジャパン,3921,東P,,"1,544",-14,-0.90%,49,11.5倍,2.90倍,3.50%
20260608,2254,ウェルネス,366A,東G,,"1,035",0,0.00%,49,11.2倍,2.21倍,3.86%
20260608,2255,セキュア,4264,東G,,"1,497",-84,-5.31%,49,22.7倍,2.31倍,ー%
20260608,2256,セントラルＳ,4801,東P,,"2,265",-34,-1.48%,49,17.3倍,0.95倍,1.77%
20260608,2257,シナネンＨＤ,8132,東P,,"7,900",+40,+0.51%,49,16.4倍,1.42倍,1.52%
20260608,2258,レボリュー,8894,東S,,25,-3,-10.71%,49,ー倍,4.42倍,ー%
20260608,2259,ラックランド,9612,東P,,"1,220",-23,-1.85%,49,5.39倍,1.05倍,3.28%
20260608,2260,ＮＩＴＴＡＮ,6493,東S,,466,-20,-4.12%,49,7.46倍,0.43倍,4.29%
20260608,2261,アイコム,6820,東P,,"3,005",-5,-0.17%,49,13.9倍,0.59倍,2.90%
20260608,2262,ぷらっと,6836,東S,,801,-32,-3.84%,49,76.0倍,8.68倍,ー%
20260608,2263,アドウェイズ,2489,東S,,261,-11,-4.04%,49,19.3倍,0.74倍,2.52%
20260608,2264,シキボウ,3109,東P,,"1,004",-3,-0.30%,49,21.2倍,0.35倍,4.98%
20260608,2265,ラクーンＨＤ,3031,東P,,629,-5,-0.79%,48,14.2倍,2.76倍,4.29%
20260608,2266,ＧＸ防衛テク,466A,東Ｅ,,"1,051",-15,-1.41%,48,ー倍,ー倍,ー%
20260608,2267,アテクト,4241,東S,,637,-42,-6.19%,48,23.5倍,1.54倍,1.57%
20260608,2268,カイオム,4583,東G,,72,-2,-2.70%,48,ー倍,4.13倍,ー%
20260608,2269,川崎地質,4673,東S,,"4,310",-140,-3.15%,48,5.08倍,0.67倍,2.78%
20260608,2270,ＣＯＴＡ,4923,東P,,"1,094",+10,+0.92%,48,23.3倍,2.67倍,1.74%
20260608,2271,東ラヂ,7235,東S,,"1,467",-27,-1.81%,48,7.76倍,0.58倍,5.25%
20260608,2272,イクヨ,7273,東S,,628,-9,-1.41%,48,300倍,1.38倍,0.48%
20260608,2273,エアーテック,6291,東S,,"1,225",-33,-2.62%,48,11.3倍,0.85倍,4.49%
20260608,2274,愛電機,6623,名P,,"8,670",-80,-0.91%,48,11.6倍,0.93倍,3.23%
20260608,2275,アツギ,3529,東S,,980,-39,-3.83%,48,ー倍,0.49倍,ー%
20260608,2276,小松マテーレ,3580,東P,,691,-13,-1.85%,48,13.1倍,0.66倍,3.91%
20260608,2277,アンビＤＸ,3300,東G,,"2,136",-29,-1.34%,47,5.69倍,1.77倍,5.15%
20260608,2278,ホッカンＨＤ,5902,東P,,"2,234",-55,-2.40%,47,7.86倍,0.46倍,4.48%
20260608,2279,モロゾフ,2217,東P,,"1,474",-1,-0.07%,47,38.4倍,1.49倍,1.09%
20260608,2280,ＴＭＮ,5258,東G,,321,-19,-5.59%,47,15.9倍,1.46倍,ー%
20260608,2281,Ｔ＆Ｇニーズ,4331,東P,,673,-6,-0.88%,47,17.2倍,0.55倍,5.94%
20260608,2282,日華化学,4463,東S,,"1,689",-34,-1.97%,47,9.60倍,0.75倍,4.14%
20260608,2283,タキヒヨー,9982,東S,,"2,660",-65,-2.39%,47,13.8倍,0.69倍,1.88%
20260608,2284,やまや,9994,東S,,"2,055",-20,-0.96%,47,10.7倍,0.60倍,3.50%
20260608,2285,薬王堂ＨＤ,7679,東P,,"1,658",+8,+0.48%,47,8.00倍,0.80倍,1.81%
20260608,2286,モダリス,4883,東G,,36,-3,-7.69%,47,ー倍,1.26倍,ー%
20260608,2287,ヤーマン,6630,東P,,706,+2,+0.28%,47,111倍,1.60倍,1.27%
20260608,2288,ケーユーＨＤ,9856,東S,,"1,134",-19,-1.65%,47,6.35倍,0.51倍,5.11%
20260608,2289,ヤマト,1967,東S,,"2,065",-33,-1.57%,47,10.8倍,1.08倍,3.73%
20260608,2290,市光工,7244,東P,,529,-15,-2.76%,47,10.2倍,0.64倍,3.40%
20260608,2291,日新商,7490,東S,,"2,205",0,0.00%,47,ー倍,0.56倍,ー%
20260608,2292,ＳＫジャパン,7608,東S,,711,-27,-3.66%,47,8.71倍,1.79倍,3.38%
20260608,2293,ＰＳＳ,7707,東G,,218,-2,-0.91%,47,27.5倍,1.54倍,ー%
20260608,2294,シモジマ,7482,東P,,"1,283",-8,-0.62%,46,11.5倍,0.81倍,4.60%
20260608,2295,ＣＫサンエツ,5757,東P,,"4,660",-100,-2.10%,46,5.92倍,0.70倍,2.15%
20260608,2296,三協立山,5932,東P,,620,-11,-1.74%,46,9.71倍,0.20倍,4.03%
20260608,2297,ウィルＧ,6089,東P,,"1,009",-8,-0.79%,46,10.5倍,1.14倍,4.36%
20260608,2298,エンバイオＨ,6092,東S,,702,-36,-4.88%,46,8.26倍,0.62倍,3.42%
20260608,2299,ブランジスタ,6176,東S,,900,+2,+0.22%,46,6.51倍,1.95倍,7.22%
20260608,2300,ダイニック,3551,東S,,"1,272",-48,-3.64%,46,5.31倍,0.35倍,3.62%
20260608,2301,アプリックス,3727,東G,,133,-8,-5.67%,46,ー倍,2.59倍,1.50%
20260608,2302,くろ工,7997,東S,,"1,038",+68,+7.01%,46,43.3倍,0.37倍,3.85%
20260608,2303,福島銀,8562,東S,,337,-3,-0.88%,46,13.1倍,0.49倍,1.48%
20260608,2304,野村国債Ｄイ,2251,東Ｅ,,889.9,+3.6,+0.41%,46,ー倍,ー倍,ー%
20260608,2305,アヴィレン,5591,東G,,758,-29,-3.68%,46,21.0倍,6.04倍,ー%
20260608,2306,コア,2359,東P,,"2,034",-49,-2.35%,46,9.74倍,1.41倍,2.95%
20260608,2307,オエノンＨＤ,2533,東P,,479,+3,+0.63%,46,9.25倍,1.01倍,2.51%
20260608,2308,ハブ,3030,東S,,914,-23,-2.45%,46,34.8倍,3.41倍,1.09%
20260608,2309,ゼロ,9028,東S,,"3,675",-70,-1.87%,46,8.58倍,1.34倍,3.82%
20260608,2310,ストライダズ,9816,東S,,246,-9,-3.53%,46,14.9倍,0.78倍,2.03%
20260608,2311,ティムス,4891,東G,,120,-4,-3.23%,45,ー倍,2.15倍,ー%
20260608,2312,ＧＸＵＲ２０,2018,東Ｅ,,"1,302",+9,+0.70%,45,ー倍,ー倍,ー%
20260608,2313,リソル,5261,東P,,"6,790",-90,-1.31%,45,19.4倍,2.06倍,1.77%
20260608,2314,綿半ＨＤ,3199,東P,,"1,309",-10,-0.76%,45,10.6倍,1.00倍,2.37%
20260608,2315,フィルＣ,3267,東S,,624,-21,-3.26%,45,5.58倍,1.04倍,4.01%
20260608,2316,ＧＸ中国テク,380A,東Ｅ,,"1,003",-28,-2.72%,45,ー倍,ー倍,ー%
20260608,2317,ＧＸ日経株主,465A,東Ｅ,,"1,240",-27,-2.13%,45,ー倍,ー倍,ー%
20260608,2318,新日本製薬,4931,東P,,"1,903",+13,+0.69%,45,11.9倍,1.74倍,3.00%
20260608,2319,ステムリム,4599,東G,,286,-9,-3.05%,45,ー倍,3.53倍,ー%
20260608,2320,ＯｎｅＪリト,2556,東Ｅ,,"1,820.0",+14.0,+0.78%,45,ー倍,ー倍,ー%
20260608,2321,ＷＡ,7683,東P,,"1,401",-3,-0.21%,45,30.3倍,2.42倍,1.21%
20260608,2322,ＡＩＡＩ,6557,東G,,641,-2,-0.31%,45,5.94倍,1.28倍,ー%
20260608,2323,コリー,4175,東G,,"2,067",-90,-4.17%,45,ー倍,2.10倍,ー%
20260608,2324,サインド,4256,東G,,943,-57,-5.70%,45,30.4倍,1.64倍,ー%
20260608,2325,北野建,1866,東S,,974,-36,-3.56%,45,6.77倍,0.46倍,3.08%
20260608,2326,ＭＸ４００,1593,東Ｅ,,"36,210",-910,-2.45%,44,ー倍,ー倍,ー%
20260608,2327,ソフトクリエ,3371,東P,,"1,649",-24,-1.43%,44,9.95倍,1.66倍,3.76%
20260608,2328,明豊エンタ,8927,東S,,423,-11,-2.53%,44,6.47倍,1.21倍,3.07%
20260608,2329,ＮＳＷ,9739,東P,,"2,521",-36,-1.41%,44,10.0倍,0.99倍,4.96%
20260608,2330,デルタフライ,4598,東G,,143,-1,-0.69%,44,ー倍,66.8倍,ー%
20260608,2331,リックス,7525,東P,,"3,390",-50,-1.45%,44,9.16倍,0.96倍,4.78%
20260608,2332,ヒューマンＴ,5621,東G,,"1,391",-30,-2.11%,44,12.0倍,2.53倍,2.52%
20260608,2333,北の達人,2930,東P,,121,-1,-0.82%,44,23.0倍,2.10倍,2.89%
20260608,2334,ジーニー,6562,東G,,920,-39,-4.07%,44,7.49倍,ー倍,ー%
20260608,2335,帝通工,6763,東P,,"3,045",-190,-5.87%,44,20.1倍,0.98倍,4.11%
20260608,2336,オカアイヨン,6294,東P,,"1,954",+2,+0.10%,43,9.26倍,0.87倍,3.89%
20260608,2337,エフオン,9514,東S,,340,-8,-2.30%,43,11.4倍,0.35倍,2.35%
20260608,2338,インテージＨ,4326,東P,,"1,700",-2,-0.12%,43,20.3倍,1.85倍,2.82%
20260608,2339,プロネクサス,7893,東P,,"1,043",-3,-0.29%,43,12.9倍,1.09倍,4.22%
20260608,2340,ルックＨＤ,8029,東S,,"2,680",-9,-0.33%,43,12.6倍,0.50倍,3.73%
20260608,2341,タカミヤ,2445,東S,,374,-8,-2.09%,43,9.27倍,0.74倍,4.28%
20260608,2342,翻訳センター,2483,東S,,"2,065",-34,-1.62%,43,13.9倍,0.99倍,6.78%
20260608,2343,北海コカ,2573,東S,,"4,175",-5,-0.12%,43,51.7倍,1.31倍,0.72%
20260608,2344,イオン九州,2653,東S,,"2,800",-10,-0.36%,43,14.7倍,1.59倍,1.79%
20260608,2345,エスコンＪＰ,2971,東Ｒ,,"113,100",+100,+0.09%,43,16.0倍,1.01倍,6.24%
20260608,2346,フュージック,5256,東G,,"2,572",-31,-1.19%,43,193倍,2.61倍,ー%
20260608,2347,テリロジＨＤ,5133,東S,,290,-12,-3.97%,42,11.6倍,1.52倍,1.86%
20260608,2348,インシュア,5843,東S,,"2,072",-55,-2.59%,42,9.64倍,2.06倍,1.06%
20260608,2349,売れるＧ,9235,東G,,517,-19,-3.54%,42,"2,068倍",6.16倍,ー%
20260608,2350,シマダヤ,250A,東S,,"1,568",+11,+0.71%,42,8.63倍,1.21倍,3.44%
20260608,2351,ニーズウェル,3992,東P,,405,-1,-0.25%,42,16.7倍,3.23倍,2.96%
20260608,2352,フジプレアム,4237,東S,,315,-24,-7.08%,42,31.5倍,1.17倍,1.90%
20260608,2353,アストマクス,7162,東S,,271,-3,-1.09%,42,ー倍,0.47倍,ー%
20260608,2354,今仙電機,7266,東S,,881,-27,-2.97%,42,8.14倍,0.34倍,3.63%
20260608,2355,ヨロズ,7294,東P,,829,-15,-1.78%,42,15.5倍,0.32倍,3.98%
20260608,2356,野村コア３０,1311,東Ｅ,,"2,031",-35,-1.69%,42,ー倍,ー倍,ー%
20260608,2357,ｉＳＨＹ債Ｈ,1497,東Ｅ,,"1,752",-7,-0.40%,42,ー倍,ー倍,ー%
20260608,2358,シーラＨＤ,8887,東S,,351,-1,-0.28%,42,2.03倍,0.75倍,3.70%
20260608,2359,鈴茂器工,6405,東S,,"1,002",-41,-3.93%,42,17.8倍,0.87倍,3.49%
20260608,2360,大同信,6743,東S,,829,-18,-2.13%,42,6.93倍,0.47倍,4.34%
20260608,2361,日コン,5269,東P,,319,-7,-2.15%,42,13.3倍,0.38倍,3.13%
20260608,2362,小池工,6137,東S,,"1,465",-14,-0.95%,42,9.10倍,0.66倍,3.41%
20260608,2363,ソフトフロン,2321,東G,,142,-10,-6.58%,42,ー倍,4.39倍,ー%
20260608,2364,なとり,2922,東P,,"1,870",0,0.00%,42,16.1倍,0.85倍,1.60%
20260608,2365,ａｂｃ,8783,東S,,103,-5,-4.63%,42,ー倍,0.43倍,ー%
20260608,2366,シキノＨＴ,6614,東S,,870,-87,-9.09%,42,46.6倍,1.67倍,1.72%
20260608,2367,富士ユナイト,416A,東S,,"1,113",-17,-1.50%,42,12.2倍,0.75倍,5.57%
20260608,2368,ＳＳ金,447A,東Ｅ,,275.2,-8.1,-2.86%,42,ー倍,ー倍,ー%
20260608,2369,Ｈｍｃｏｍｍ,265A,東G,,621,-39,-5.91%,41,114倍,1.49倍,ー%
20260608,2370,ユカリア,286A,東G,,657,-14,-2.09%,41,14.2倍,1.12倍,ー%
20260608,2371,令和ＡＨ,296A,東G,,748,-11,-1.45%,41,19.4倍,10.6倍,4.41%
20260608,2372,シンバイオ,4582,東G,,72,-3,-4.00%,41,ー倍,-106倍,ー%
20260608,2373,全保連,5845,東S,,986,-9,-0.90%,41,10.3倍,3.19倍,4.87%
20260608,2374,ｉＳ米総合債,2256,東Ｅ,,224.2,-1.5,-0.66%,41,ー倍,ー倍,ー%
20260608,2375,信和,3447,東S,,885,-25,-2.75%,41,7.50倍,0.71倍,4.07%
20260608,2376,ユニネク,3566,東G,,975,+10,+1.04%,41,16.4倍,2.59倍,0.62%
20260608,2377,電算,3640,東S,,"2,253",-69,-2.97%,41,7.36倍,0.77倍,4.44%
20260608,2378,ｅｎｉｓｈ,3667,東S,,31,0,0.00%,41,ー倍,1.73倍,ー%
20260608,2379,クラウドＷ,3900,東G,,589,-16,-2.64%,41,ー倍,1.44倍,ー%
20260608,2380,広ガス,9535,東P,,393,0,0.00%,41,12.3倍,0.38倍,3.05%
20260608,2381,杉本商,9932,東P,,"1,142",-9,-0.78%,41,11.5倍,0.59倍,4.73%
20260608,2382,上場リート隔,1345,東Ｅ,,"1,787",+7,+0.39%,41,ー倍,ー倍,ー%
20260608,2383,明豊ファシリ,1717,東S,,887,-8,-0.89%,41,11.1倍,1.72倍,4.96%
20260608,2384,コマースワン,4496,東G,,775,+73,+10.40%,41,16.6倍,2.07倍,5.42%
20260608,2385,クリングル,4884,東G,,327,-7,-2.10%,41,ー倍,2.89倍,ー%
20260608,2386,六甲バタ,2266,東P,,"1,037",+5,+0.48%,41,12.7倍,0.57倍,1.93%
20260608,2387,キャリアデザ,2410,東P,,"2,536",-29,-1.13%,40,10.5倍,2.88倍,5.13%
20260608,2388,ＣＥＨＤ,4320,東S,,"1,678",-36,-2.10%,40,32.2倍,3.43倍,1.43%
20260608,2389,ビタブリッド,542A,東G,,958,-43,-4.30%,40,7.23倍,1.95倍,ー%
20260608,2390,小津産業,7487,東S,,"1,672",-34,-1.99%,40,32.7倍,0.72倍,1.50%
20260608,2391,インフォＲ,9338,東G,,"4,535",-5,-0.11%,40,38.4倍,5.48倍,ー%
20260608,2392,Ｏｎｅトピ,1473,東Ｅ,,"3,958",-97,-2.39%,40,ー倍,ー倍,ー%
20260608,2393,野村機械,1624,東Ｅ,,"84,170","-3,730",-4.24%,40,ー倍,ー倍,ー%
20260608,2394,名工建,1869,名M,,"1,680",-65,-3.72%,40,7.71倍,0.50倍,3.93%
20260608,2395,サンテック,1960,東S,,"1,390",-44,-3.07%,40,9.28倍,0.64倍,3.96%
20260608,2396,ＮＣＤ,4783,東S,,"2,308",-21,-0.90%,40,10.1倍,2.19倍,5.20%
20260608,2397,丸藤パ,8046,東S,,823,-12,-1.44%,40,8.11倍,0.43倍,4.62%
20260608,2398,マミヤＯＰ,7991,東S,,"1,054",-10,-0.94%,39,9.07倍,0.42倍,4.74%
20260608,2399,北電工,6989,東S,,"2,356",-72,-2.97%,39,15.4倍,0.72倍,4.03%
20260608,2400,ニホンフラ,7820,東P,,711,-8,-1.11%,39,18.0倍,0.51倍,5.06%
20260608,2401,野村外国株式,2513,東Ｅ,,"3,485",-72,-2.02%,39,ー倍,ー倍,ー%
20260608,2402,Ｗディッシュ,2901,東S,,188,-9,-4.57%,39,17.8倍,0.90倍,2.13%
20260608,2403,メディアス,3154,東P,,868,-2,-0.23%,39,14.9倍,0.92倍,2.30%
20260608,2404,水道機,6403,東S,,"4,010",-5,-0.12%,39,ー倍,1.46倍,ー%
20260608,2405,前沢給装,6485,東S,,"1,419",-16,-1.11%,39,14.4倍,0.71倍,4.23%
20260608,2406,ティアック,6803,東S,,96,-2,-2.04%,39,9.21倍,0.68倍,1.04%
20260608,2407,ソフトテック,550A,東S,,"2,131",-109,-4.87%,39,9.26倍,1.41倍,3.28%
20260608,2408,イチカワ,3513,東S,,"3,140",-100,-3.09%,39,14.7倍,0.55倍,3.18%
20260608,2409,サイバーリン,3683,東S,,"1,030",-26,-2.46%,39,8.77倍,1.24倍,3.40%
20260608,2410,ファルコＨＤ,4671,東S,,"2,527",-18,-0.71%,39,12.5倍,0.98倍,5.07%
20260608,2411,アサンテ,6073,東P,,"1,346",0,0.00%,39,376倍,1.37倍,4.61%
20260608,2412,アライドアキ,6081,東G,,165,-8,-4.62%,39,136倍,1.58倍,ー%
20260608,2413,南海化学,4040,東S,,"3,750",-120,-3.10%,39,5.93倍,0.68倍,1.73%
20260608,2414,あさくま,7678,東S,,"6,520",+60,+0.93%,39,84.7倍,10.2倍,ー%
20260608,2415,田辺工業,1828,東S,,"2,261",+9,+0.40%,39,8.79倍,0.85倍,4.42%
20260608,2416,日基技,1914,東S,,665,-11,-1.63%,39,8.06倍,0.49倍,4.51%
20260608,2417,上場ＭＳエマ,1681,東Ｅ,,"3,285",-140,-4.09%,38,ー倍,ー倍,ー%
20260608,2418,クロスマーケ,3675,東S,,568,-16,-2.74%,38,6.87倍,1.15倍,2.64%
20260608,2419,重松製,7980,東S,,800,-10,-1.23%,38,7.79倍,0.60倍,1.88%
20260608,2420,太平発,8835,東S,,763,-6,-0.78%,38,12.6倍,0.37倍,5.31%
20260608,2421,クロスキャト,2307,東P,,932,-17,-1.79%,38,8.47倍,1.96倍,4.18%
20260608,2422,大井電気,6822,東S,,"5,470",-190,-3.36%,38,3.66倍,0.81倍,1.46%
20260608,2423,ｉＦＴＰ年４,2625,東Ｅ,,"3,875",-80,-2.02%,38,ー倍,ー倍,ー%
20260608,2424,クリエート,5187,東S,,"1,072",-34,-3.07%,38,11.6倍,0.53倍,4.38%
20260608,2425,西部電機,6144,東S,,"2,623",-66,-2.45%,38,13.1倍,1.17倍,3.43%
20260608,2426,エディア,3935,東S,,632,-8,-1.25%,38,7.49倍,2.32倍,2.69%
20260608,2427,片倉コープ,4031,東S,,"1,111",-20,-1.77%,38,19.9倍,0.43倍,2.52%
20260608,2428,有機薬,4531,東S,,345,-17,-4.70%,38,ー倍,0.55倍,2.90%
20260608,2429,扶桑薬,4538,東P,,"2,040",-14,-0.68%,38,13.4倍,0.50倍,4.41%
20260608,2430,テクノロジー,5248,東G,,474,-16,-3.27%,38,ー倍,5.27倍,ー%
20260608,2431,エバラ食品,2819,東S,,"2,379",+2,+0.08%,37,23.2倍,0.64倍,2.10%
20260608,2432,南海辰村,1850,東S,,390,-12,-2.99%,37,6.67倍,0.55倍,2.05%
20260608,2433,愛眼,9854,東S,,221,-2,-0.90%,37,22.0倍,0.35倍,ー%
20260608,2434,ＪＰＭＣ,3276,東P,,"1,313",-2,-0.15%,37,11.1倍,2.35倍,4.87%
20260608,2435,朝日ネット,3834,東P,,601,+4,+0.67%,37,12.0倍,1.19倍,4.16%
20260608,2436,日化産,4094,東S,,"2,030",-41,-1.98%,37,31.6倍,0.78倍,4.43%
20260608,2437,マクアケ,4479,東G,,867,-35,-3.88%,37,17.1倍,1.89倍,ー%
20260608,2438,サンセイ,6307,東S,,438,-23,-4.99%,37,8.51倍,0.64倍,3.42%
20260608,2439,アドバネクス,5998,東S,,"2,894",-116,-3.85%,37,5.94倍,1.17倍,1.73%
20260608,2440,楽待,6037,東S,,968,-19,-1.93%,37,14.3倍,3.52倍,1.34%
20260608,2441,藤井産業,9906,東S,,"3,660",-115,-3.05%,36,8.14倍,0.74倍,4.37%
20260608,2442,柿安本店,2294,東P,,"2,523",+11,+0.44%,36,28.4倍,1.59倍,3.37%
20260608,2443,クオンタムＳ,2338,東S,,111,-8,-6.72%,36,ー倍,-9.1倍,ー%
20260608,2444,ウェルネット,2428,東S,,609,-1,-0.16%,36,11.6倍,1.29倍,4.84%
20260608,2445,イートアンド,2882,東P,,"1,970",+12,+0.61%,36,49.2倍,2.00倍,0.76%
20260608,2446,イントラスト,7191,東S,,"1,063",-18,-1.67%,36,12.9倍,2.93倍,4.66%
20260608,2447,ＭＸ高配日ア,2085,東Ｅ,,707.8,+2.8,+0.40%,36,ー倍,ー倍,ー%
20260608,2448,中村屋,2204,東S,,"3,080",+10,+0.33%,36,18.5倍,0.61倍,2.44%
20260608,2449,メタリアル,6182,東G,,532,-23,-4.14%,36,36.2倍,2.89倍,ー%
20260608,2450,セラク,6199,東S,,"1,158",-19,-1.61%,36,8.16倍,1.63倍,1.50%
20260608,2451,アイサンテク,4667,東S,,"1,551",-129,-7.68%,36,21.4倍,1.31倍,2.39%
20260608,2452,勤次郎,4013,東G,,612,-22,-3.47%,36,11.5倍,1.18倍,1.63%
20260608,2453,ＭＸ米ＳＰ有,2630,東Ｅ,,"15,640",-215,-1.36%,36,ー倍,ー倍,ー%
20260608,2454,リンクユーＧ,4446,東P,,560,-30,-5.08%,35,45.3倍,3.09倍,ー%
20260608,2455,ＴＷＯＳＴ,7352,東G,,324,-10,-2.99%,35,21.8倍,3.88倍,0.31%
20260608,2456,紀文食品,2933,東P,,"1,035",+5,+0.49%,35,9.23倍,0.92倍,2.22%
20260608,2457,ｉＦ米債先ベ,140A,東Ｅ,,"2,011",+17,+0.85%,35,ー倍,ー倍,ー%
20260608,2458,ＷＤＢ,2475,東P,,"1,724",-23,-1.32%,35,11.9倍,1.01倍,5.45%
20260608,2459,ＭＯＲＥＳＣ,5018,東S,,"1,807",-90,-4.74%,35,10.7倍,0.71倍,3.04%
20260608,2460,エーワン精密,6156,東S,,"1,972",+23,+1.18%,35,45.2倍,1.38倍,5.07%
20260608,2461,中央倉,9319,東P,,"1,785",-23,-1.27%,35,15.1倍,0.65倍,2.35%
20260608,2462,伊沢タオル,365A,東S,,717,-16,-2.18%,35,10.9倍,1.68倍,5.86%
20260608,2463,エータイ,369A,東G,,"2,030",-74,-3.52%,35,15.1倍,2.69倍,2.66%
20260608,2464,サイプレス,428A,東S,,"1,197",+8,+0.67%,35,29.3倍,5.98倍,0.84%
20260608,2465,高知銀,8416,東S,,"1,236",-18,-1.44%,35,6.53倍,0.32倍,2.02%
20260608,2466,ＴＯＷ,4767,東S,,351,-3,-0.85%,35,9.68倍,1.40倍,5.21%
20260608,2467,野村素材化学,1620,東Ｅ,,"36,810","-1,390",-3.64%,35,ー倍,ー倍,ー%
20260608,2468,ＷＴ天然ガス,1689,東Ｅ,,863,-46,-5.06%,35,ー倍,ー倍,ー%
20260608,2469,アイケイケイ,2198,東P,,800,-2,-0.25%,35,32.4倍,1.96倍,3.00%
20260608,2470,アグレ都市,3467,東S,,"2,507",+28,+1.13%,35,6.29倍,1.68倍,5.58%
20260608,2471,ブイキューブ,3681,東P,,22,0,0.00%,35,ー倍,-0.3倍,ー%
20260608,2472,加地テック,6391,東S,,"3,985",-335,-7.75%,35,9.03倍,0.78倍,1.76%
20260608,2473,太洋テクノ,6663,東S,,328,-25,-7.08%,34,26.5倍,0.74倍,0.91%
20260608,2474,ウインテスト,6721,東S,,81,-3,-3.57%,34,86.2倍,13.0倍,ー%
20260608,2475,星和電,6748,東S,,695,-32,-4.40%,34,6.73倍,0.46倍,2.88%
20260608,2476,ＭＩＣ,300A,東S,,"2,737",-67,-2.39%,34,14.4倍,2.09倍,2.81%
20260608,2477,ｉＳ円高ハン,488A,東Ｅ,,767.3,-1.9,-0.25%,34,ー倍,ー倍,ー%
20260608,2478,ＰＣＮＥＴ,3021,東S,,"1,602",-40,-2.44%,34,9.96倍,2.17倍,3.25%
20260608,2479,ピックルス,2935,東P,,"1,077",-4,-0.37%,34,11.0倍,0.69倍,2.69%
20260608,2480,サイフューズ,4892,東G,,551,-18,-3.16%,34,ー倍,2.11倍,ー%
20260608,2481,Ｓ＆Ｊ,5599,東G,,935,+7,+0.75%,34,12.9倍,2.42倍,1.82%
20260608,2482,丸建リース,9763,東S,,"1,186",-31,-2.55%,34,8.06倍,0.62倍,4.55%
20260608,2483,エコス,7520,東P,,"2,269",+12,+0.53%,34,7.25倍,0.87倍,3.09%
20260608,2484,ケミプロ,4960,東S,,526,-42,-7.39%,34,ー倍,1.70倍,ー%
20260608,2485,モリ工業,5464,東S,,939,-2,-0.21%,34,11.1倍,0.61倍,3.62%
20260608,2486,Ｎｏ．１,3562,東S,,"1,461",-14,-0.95%,34,9.59倍,2.19倍,5.41%
20260608,2487,ＧＭＯペパボ,3633,東S,,"1,607",-87,-5.14%,34,11.3倍,3.41倍,5.79%
20260608,2488,アスリナ,3647,東S,,114,-7,-5.79%,34,ー倍,2.83倍,ー%
20260608,2489,ＷＨＤＣ,3823,東S,,32,0,0.00%,34,ー倍,3.41倍,ー%
20260608,2490,Ｗｅｌｂｙ,4438,東G,,270,-18,-6.25%,34,ー倍,17.9倍,ー%
20260608,2491,ＤＷセラピ研,4576,東G,,71,-2,-2.74%,34,ー倍,3.11倍,ー%
20260608,2492,アルファ,4719,東P,,"3,165",-95,-2.91%,34,12.2倍,0.98倍,4.42%
20260608,2493,ＫＩＭＯＴＯ,7908,東S,,226,-8,-3.42%,34,ー倍,0.52倍,ー%
20260608,2494,あかつき本社,8737,東S,,587,-10,-1.68%,34,5.38倍,0.85倍,5.11%
20260608,2495,豊トラスティ,8747,東S,,"2,110",-81,-3.70%,34,ー倍,0.66倍,ー%
20260608,2496,岡谷鋼機,7485,名P,,"4,760",+10,+0.21%,33,6.54倍,0.37倍,1.81%
20260608,2497,梅乃宿酒造,559A,東S,,"1,119",+20,+1.82%,33,21.4倍,1.92倍,1.87%
20260608,2498,サックスバー,9990,東P,,725,-1,-0.14%,33,9.97倍,0.68倍,4.83%
20260608,2499,和心,9271,東G,,949,-46,-4.62%,33,9.15倍,4.42倍,1.26%
20260608,2500,キャンドゥ,2698,東S,,"3,200",-20,-0.62%,33,114倍,4.86倍,0.53%
20260608,2501,ＧＸ優先証券,2866,東Ｅ,,"1,014",-4,-0.39%,33,ー倍,ー倍,ー%
20260608,2502,Ｄサイクル,5888,東G,,"2,784",-49,-1.73%,33,7.63倍,1.22倍,2.62%
20260608,2503,クリヤマＨＤ,3355,東S,,"1,548",-31,-1.96%,33,8.03倍,0.61倍,3.94%
20260608,2504,巴川コーポ,3878,東S,,800,-30,-3.61%,33,17.4倍,0.44倍,1.88%
20260608,2505,パワーファス,5950,東S,,140,-3,-2.10%,33,28.6倍,0.89倍,1.79%
20260608,2506,ダイニチ工業,5951,東S,,935,-7,-0.74%,33,12.6倍,0.51倍,2.99%
20260608,2507,若築建,1888,東P,,"3,280",-90,-2.67%,33,9.49倍,0.77倍,4.42%
20260608,2508,クックパッド,2193,東S,,120,-4,-3.23%,33,ー倍,0.70倍,ー%
20260608,2509,ＪＴＰ,2488,東S,,"1,325",-41,-3.00%,32,10.4倍,1.80倍,3.77%
20260608,2510,ポラリスＨＤ,3010,東S,,164,-3,-1.80%,32,24.0倍,1.19倍,3.05%
20260608,2511,フロンティＭ,7038,東P,,603,+12,+2.03%,32,142倍,4.40倍,ー%
20260608,2512,じもとＨＤ,7161,東S,,502,-9,-1.76%,32,3.93倍,1.43倍,1.00%
20260608,2513,ユタカ技研,7229,東S,,"3,000",0,0.00%,32,ー倍,0.41倍,ー%
20260608,2514,オーハシテク,7628,東P,,"1,042",-28,-2.62%,32,12.7倍,0.66倍,4.32%
20260608,2515,ナカバヤシ,7987,東S,,549,+1,+0.18%,32,7.64倍,0.48倍,4.01%
20260608,2516,キムラユニテ,9368,東S,,851,-11,-1.28%,32,9.09倍,0.79倍,4.47%
20260608,2517,ＲｅＹｕｕ,9425,東S,,172,-4,-2.27%,32,ー倍,0.88倍,ー%
20260608,2518,大庄,9979,東S,,"1,072",+4,+0.37%,32,24.5倍,1.96倍,1.31%
20260608,2519,ココナラ,4176,東G,,250,-6,-2.34%,32,15.6倍,2.66倍,ー%
20260608,2520,Ａ＆ＡＭ,5391,東S,,"1,395",-44,-3.06%,32,6.43倍,0.45倍,5.02%
20260608,2521,ミヨシ,4404,東S,,"1,840",-41,-2.18%,32,12.6倍,0.44倍,3.80%
20260608,2522,明光ネット,4668,東P,,675,-3,-0.44%,32,16.9倍,1.34倍,4.15%
20260608,2523,ヒトコムＨＤ,4433,東P,,836,-5,-0.59%,31,11.5倍,0.87倍,4.49%
20260608,2524,大幸薬品,4574,東P,,260,0,0.00%,31,23.7倍,1.58倍,1.35%
20260608,2525,東インキ,4635,東S,,"1,214",-25,-2.02%,31,7.78倍,0.48倍,5.35%
20260608,2526,歌舞伎,9661,東S,,"4,425",-20,-0.45%,31,226倍,4.72倍,0.11%
20260608,2527,ｆｏｎｆｕｎ,2323,東S,,346,-33,-8.71%,31,16.3倍,5.44倍,ー%
20260608,2528,Ｊグループ,3063,東G,,"1,064",+22,+2.11%,31,48.0倍,15.7倍,0.47%
20260608,2529,ｉシェア４百,1364,東Ｅ,,"3,602",-93,-2.52%,31,ー倍,ー倍,ー%
20260608,2530,ｉＳ先進国株,1657,東Ｅ,,"7,086",-143,-1.98%,31,ー倍,ー倍,ー%
20260608,2531,ＭＸ高利Ｊリ,1660,東Ｅ,,"10,400",+95,+0.92%,31,ー倍,ー倍,ー%
20260608,2532,ＷＴプラチナ,1674,東Ｅ,,"25,685","-1,625",-5.95%,31,ー倍,ー倍,ー%
20260608,2533,ヤマウラ,1780,東P,,"1,365",+2,+0.15%,31,9.52倍,0.99倍,2.64%
20260608,2534,インドブル,2046,東EN,,"23,460",-480,-2.01%,31,ー倍,ー倍,ー%
20260608,2535,シリウスＶ,6276,東S,,285,-15,-5.00%,31,2.55倍,0.64倍,ー%
20260608,2536,ＳＥＭＴＥＣ,6626,東S,,"2,079",-57,-2.67%,31,9.73倍,0.84倍,2.69%
20260608,2537,レント,372A,東S,,"4,915",-95,-1.90%,31,7.29倍,0.96倍,4.27%
20260608,2538,ＧＸ銀ビジ,579A,東Ｅ,,885,-95,-9.69%,31,ー倍,ー倍,ー%
20260608,2539,パラカ,4809,東P,,"1,944",-14,-0.72%,31,9.39倍,0.94倍,3.60%
20260608,2540,日本スキー,6040,東G,,470,+5,+1.08%,31,8.76倍,2.11倍,1.06%
20260608,2541,ＧＸゲー日株,2640,東Ｅ,,"3,577",-20,-0.56%,31,ー倍,ー倍,ー%
20260608,2542,ベースフード,2936,東G,,318,+1,+0.32%,31,ー倍,12.5倍,ー%
20260608,2543,ＡＲアドバン,5578,東G,,836,-50,-5.64%,31,11.3倍,3.44倍,0.84%
20260608,2544,ＲＯＸＸ,241A,東G,,498,-59,-10.59%,31,"3,557倍",2.59倍,ー%
20260608,2545,ＥＴＳ・Ｇ,253A,東S,,"1,017",-44,-4.15%,31,13.1倍,1.72倍,2.26%
20260608,2546,インタートレ,3747,東S,,420,-25,-5.62%,31,12.6倍,2.51倍,ー%
20260608,2547,宮入バ,6495,東S,,153,+1,+0.66%,30,92.2倍,1.85倍,1.31%
20260608,2548,オープンＧ,6572,東P,,205,-9,-4.21%,30,17.6倍,1.08倍,3.17%
20260608,2549,ＵＭＣエレ,6615,東P,,243,-17,-6.54%,30,ー倍,0.62倍,ー%
20260608,2550,ぐるなび,2440,東S,,123,-8,-6.11%,30,ー倍,1.33倍,ー%
20260608,2551,バルテスＨＤ,4442,東G,,396,-8,-1.98%,30,12.9倍,2.16倍,1.01%
20260608,2552,リリカラ,9827,東S,,581,-12,-2.02%,30,10.7倍,0.93倍,6.20%
20260608,2553,Ｄｅｎｋｅｉ,9908,東S,,"2,427",-123,-4.82%,30,7.87倍,0.84倍,4.49%
20260608,2554,ＭＸ海外株式,1550,東Ｅ,,"7,875",-148,-1.84%,30,ー倍,ー倍,ー%
20260608,2555,魁力屋,5891,東S,,"1,585",+7,+0.44%,30,35.9倍,1.83倍,1.45%
20260608,2556,ココリブ,137A,東G,,656,+12,+1.86%,30,13.8倍,1.92倍,ー%
20260608,2557,ＳＳ米高配,451A,東Ｅ,,291.2,+0.5,+0.17%,30,ー倍,ー倍,ー%
20260608,2558,ギミック,475A,東S,,691,-8,-1.14%,30,15.6倍,1.49倍,ー%
20260608,2559,テラテクノ,483A,東S,,"2,104",-31,-1.45%,30,8.26倍,1.25倍,4.28%
20260608,2560,リブコンサル,480A,東G,,886,-41,-4.42%,30,8.17倍,1.57倍,ー%
20260608,2561,ギークリー,505A,東S,,"1,049",-33,-3.05%,30,8.75倍,3.34倍,2.86%
20260608,2562,バトンズ,554A,東G,,"1,145",-54,-4.50%,30,20.1倍,7.66倍,ー%
20260608,2563,ビザスク,4490,東G,,591,-14,-2.31%,30,7.32倍,3.16倍,ー%
20260608,2564,ｉ３,4495,東G,,"1,866",-59,-3.06%,30,13.0倍,3.05倍,1.93%
20260608,2565,太洋物産,9941,東S,,"1,062",+16,+1.53%,29,11.3倍,1.90倍,ー%
20260608,2566,オーケーエム,6229,東S,,"1,462",-58,-3.82%,29,8.74倍,0.59倍,3.42%
20260608,2567,明海グループ,9115,東S,,973,-8,-0.82%,29,15.8倍,0.62倍,ー%
20260608,2568,ブルドック,2804,東P,,"1,714",+10,+0.59%,29,22.8倍,0.86倍,2.63%
20260608,2569,日食品,2892,東S,,"3,975",-55,-1.36%,29,12.7倍,0.63倍,3.77%
20260608,2570,サトウ食品,2923,東S,,"7,360",-10,-0.14%,29,16.1倍,1.42倍,1.02%
20260608,2571,ＡＦＣ－ＨＤ,2927,東S,,830,-10,-1.19%,29,7.82倍,0.75倍,4.34%
20260608,2572,バロック,3548,東P,,717,-3,-0.42%,29,34.8倍,1.76倍,5.30%
20260608,2573,自重堂,3597,東S,,"10,070",-30,-0.30%,29,21.5倍,0.76倍,4.97%
20260608,2574,フライト,3753,東S,,150,-7,-4.46%,29,9.09倍,3.25倍,ー%
20260608,2575,ドリコム,3793,東G,,405,-12,-2.88%,29,19.5倍,2.34倍,1.23%
20260608,2576,阿波製紙,3896,東S,,380,-18,-4.52%,29,25.3倍,0.60倍,ー%
20260608,2577,宮越ＨＤ,6620,東P,,666,-6,-0.89%,29,ー倍,1.09倍,ー%
20260608,2578,トラースＯＰ,6696,東G,,239,-21,-8.08%,29,ー倍,3.76倍,ー%
20260608,2579,アセチレン,4093,東S,,395,-2,-0.50%,29,11.5倍,0.72倍,3.54%
20260608,2580,ロンシール,4224,東S,,"1,978",-23,-1.15%,29,8.68倍,0.46倍,4.30%
20260608,2581,ＡＳＴＩ,6899,東S,,"2,210",-31,-1.38%,29,9.87倍,0.28倍,3.62%
20260608,2582,サノヤスＨＤ,7022,東S,,255,-15,-5.56%,29,10.7倍,0.69倍,2.94%
20260608,2583,国際計測,7722,東S,,753,-17,-2.21%,29,10.2倍,0.81倍,5.31%
20260608,2584,中本パックス,7811,東S,,"1,846",-32,-1.70%,29,7.48倍,0.78倍,4.01%
20260608,2585,ｉＳシルバー,568A,東Ｅ,,179.9,-8.9,-4.71%,29,ー倍,ー倍,ー%
20260608,2586,鳥越粉,2009,東S,,"1,071",-13,-1.20%,29,22.3倍,0.69倍,4.58%
20260608,2587,アルトナー,2163,東P,,"1,902",-9,-0.47%,29,16.2倍,3.86倍,4.52%
20260608,2588,日精蝋,5010,東S,,230,-4,-1.71%,29,5.68倍,0.68倍,ー%
20260608,2589,ＡＩＦＣＧ,254A,東S,,959,-9,-0.93%,29,16.7倍,1.78倍,ー%
20260608,2590,ＭＨＴ,9218,東G,,664,-22,-3.21%,28,24.4倍,5.25倍,1.51%
20260608,2591,トリプルアイ,5026,東G,,589,-36,-5.76%,28,137倍,3.62倍,ー%
20260608,2592,ｉＳインド株,201A,東Ｅ,,173.5,-2.0,-1.14%,28,ー倍,ー倍,ー%
20260608,2593,わかもと,4512,東S,,258,-11,-4.09%,28,38.9倍,0.75倍,1.36%
20260608,2594,日本ラッド,4736,東S,,574,-43,-6.97%,28,18.4倍,0.86倍,1.74%
20260608,2595,サーティワン,2268,東S,,"4,115",+15,+0.37%,28,22.0倍,2.71倍,1.46%
20260608,2596,アスカネット,2438,東G,,362,+1,+0.28%,28,20.8倍,1.03倍,1.93%
20260608,2597,プレミアムＷ,2588,東S,,"3,380",-20,-0.59%,28,8.07倍,2.27倍,3.55%
20260608,2598,ペルセウス,4882,東G,,148,-3,-1.99%,28,ー倍,2.21倍,ー%
20260608,2599,ブレインズ,4075,東G,,"1,030",-51,-4.72%,28,37.4倍,3.55倍,ー%
20260608,2600,グランディ,8999,東P,,509,-6,-1.17%,28,13.4倍,0.59倍,6.29%
20260608,2601,アジア航,9233,東S,,"1,089",-21,-1.89%,28,9.76倍,0.84倍,4.04%
20260608,2602,ナック,9788,東P,,487,-2,-0.41%,28,11.6倍,0.85倍,4.52%
20260608,2603,オリチェン,6380,東S,,"4,910",-150,-2.96%,28,84.1倍,4.01倍,0.41%
20260608,2604,ライトアップ,6580,東G,,742,-6,-0.80%,28,7.72倍,1.13倍,2.56%
20260608,2605,チムニー,3178,東S,,"1,053",-8,-0.75%,28,81.3倍,3.17倍,0.47%
20260608,2606,ビリングシス,3623,東G,,980,-16,-1.61%,28,10.5倍,1.98倍,3.32%
20260608,2607,サイオス,3744,東S,,504,-23,-4.36%,28,11.8倍,2.31倍,0.99%
20260608,2608,ブッキングＲ,324A,東G,,794,-32,-3.87%,28,12.1倍,1.93倍,ー%
20260608,2609,ｉＳ国債二十,573A,東Ｅ,,503.8,-4.1,-0.81%,28,ー倍,ー倍,ー%
20260608,2610,ジオマテック,6907,東S,,619,-27,-4.18%,28,13.8倍,0.49倍,ー%
20260608,2611,ＮＥＷＡＲＴ,7638,東S,,"1,330",-24,-1.77%,28,9.13倍,2.05倍,6.02%
20260608,2612,ＪＭＳ,7702,東S,,429,-10,-2.28%,28,17.5倍,0.25倍,3.96%
20260608,2613,カネコ種,1376,東S,,"1,420",+3,+0.21%,28,10.4倍,0.61倍,3.38%
20260608,2614,ＮＹダウブル,2040,東EN,,"36,480","-1,360",-3.59%,28,ー倍,ー倍,ー%
20260608,2615,ＷＴ小麦,1695,東Ｅ,,"3,042",+40,+1.33%,27,ー倍,ー倍,ー%
20260608,2616,Ｔスマート,6246,東S,,"1,764",-45,-2.49%,27,14.5倍,0.97倍,5.22%
20260608,2617,ケアサプライ,2393,東S,Ｓ,"3,025",+501,+19.85%,27,20.4倍,2.53倍,2.45%
20260608,2618,アップル,2788,東S,,361,-17,-4.50%,27,7.59倍,0.44倍,2.77%
20260608,2619,ＢＲＵＮＯ,3140,東G,,"1,054",-2,-0.19%,27,39.8倍,2.63倍,0.38%
20260608,2620,ＧＥＮＯＶＡ,9341,東P,,557,-14,-2.45%,27,8.11倍,1.53倍,5.39%
20260608,2621,ファーストＡ,5588,東G,,738,+2,+0.27%,27,39.5倍,5.42倍,0.53%
20260608,2622,ソルクシーズ,4284,東S,,407,-10,-2.40%,27,8.16倍,1.26倍,3.44%
20260608,2623,名港海,9357,名M,,"2,390",-10,-0.42%,27,11.8倍,0.51倍,4.18%
20260608,2624,ＳＥＨＩ,9478,東S,,524,+16,+3.15%,27,16.0倍,0.71倍,0.76%
20260608,2625,ＡＩｉｎｓ,4488,東G,,"2,076",-45,-2.12%,27,22.7倍,1.66倍,ー%
20260608,2626,グローバルＩ,4171,東S,,"1,675",0,0.00%,27,24.5倍,1.94倍,ー%
20260608,2627,くふうカンパ,4376,東G,,181,+3,+1.69%,27,ー倍,1.32倍,ー%
20260608,2628,千代田インテ,6915,東S,,"3,145",0,0.00%,27,7.92倍,0.72倍,5.09%
20260608,2629,ナ・デックス,7435,東S,,979,-40,-3.93%,27,12.0倍,0.41倍,3.17%
20260608,2630,扶桑電通,7505,東S,,"2,017",-92,-4.36%,27,9.09倍,1.32倍,4.41%
20260608,2631,橋本総業ＨＤ,7570,東S,,"1,325",-24,-1.78%,27,6.97倍,0.71倍,3.92%
20260608,2632,ネクスウェア,4814,東S,,156,-9,-5.45%,27,66.1倍,2.61倍,ー%
20260608,2633,フマキラ,4998,東S,,"1,142",-12,-1.04%,27,11.6倍,0.70倍,2.10%
20260608,2634,バリューＨＲ,6078,東P,,"1,368",+17,+1.26%,27,34.8倍,5.54倍,2.05%
20260608,2635,日エンター,4829,東S,,101,-2,-1.94%,26,86.3倍,0.83倍,2.97%
20260608,2636,アドベンチャ,6030,東G,,"1,216",-71,-5.52%,26,8.73倍,0.94倍,ー%
20260608,2637,日本プロセス,9651,東S,,"1,639",-35,-2.09%,26,14.6倍,1.40倍,4.64%
20260608,2638,ファンコミ,2461,東P,,412,-6,-1.44%,26,18.9倍,1.67倍,5.10%
20260608,2639,焼肉坂井ＨＤ,2694,東S,,69,0,0.00%,26,153倍,2.61倍,ー%
20260608,2640,第一カッタ,1716,東S,,"1,399",-26,-1.82%,26,9.58倍,0.78倍,2.86%
20260608,2641,ＬＴＳ,6560,東P,,"1,620",-80,-4.71%,26,6.79倍,1.45倍,2.47%
20260608,2642,エイトレッド,3969,東S,,"1,333",-24,-1.77%,26,12.8倍,1.80倍,2.70%
20260608,2643,ヴィッツ,4440,東S,,"1,056",-40,-3.65%,26,9.71倍,1.40倍,1.70%
20260608,2644,信金中央,8421,東証,,"186,600",-300,-0.16%,26,ー倍,ー倍,3.48%
20260608,2645,大東銀,8563,東S,,948,-10,-1.04%,26,7.51倍,0.41倍,4.22%
20260608,2646,プログリット,9560,東G,,671,-21,-3.03%,26,8.68倍,3.31倍,3.28%
20260608,2647,スプリックス,7030,東S,,"1,051",-32,-2.95%,26,13.3倍,1.71倍,3.62%
20260608,2648,島根銀行,7150,東S,,474,-15,-3.07%,26,26.2倍,0.73倍,2.11%
20260608,2649,アドヴァンＧ,7463,東S,,910,-6,-0.66%,26,ー倍,0.51倍,4.40%
20260608,2650,アルビス,7475,東P,,"2,429",+6,+0.25%,26,15.1倍,0.62倍,2.88%
20260608,2651,ＫＯＺＯＨＤ,9973,東S,,20,0,0.00%,26,111倍,10.6倍,ー%
20260608,2652,室町ケミカル,4885,東S,,950,-31,-3.16%,26,8.14倍,1.37倍,2.74%
20260608,2653,Ｅインフィニ,7692,東S,,90,-3,-3.23%,25,18.0倍,6.84倍,2.89%
20260608,2654,野村ＳＰＨ有,2634,東Ｅ,,"3,071",-62,-1.98%,25,ー倍,ー倍,ー%
20260608,2655,カノークス,8076,東S,,"1,923",-35,-1.79%,25,9.16倍,0.56倍,5.51%
20260608,2656,富山銀,8365,東S,,"2,016",-34,-1.66%,25,10.2倍,0.35倍,2.73%
20260608,2657,ＷＤＩ,3068,東S,,"2,886",-14,-0.48%,25,51.7倍,2.75倍,0.59%
20260608,2658,きちりＨＤ,3082,東S,,983,-2,-0.20%,25,31.7倍,5.30倍,0.76%
20260608,2659,タナベＣＧ,9644,東P,,711,-4,-0.56%,25,19.8倍,2.16倍,4.08%
20260608,2660,旭情報,9799,東S,,878,-19,-2.12%,25,10.9倍,1.10倍,3.87%
20260608,2661,広栄化学,4367,東S,,"2,783",-71,-2.49%,25,ー倍,0.85倍,ー%
20260608,2662,１ｓｔコーポ,1430,東S,,883,-7,-0.79%,25,5.75倍,1.03倍,5.21%
20260608,2663,ｉＦＴＰベ,1457,東Ｅ,,"1,890",+48,+2.61%,25,ー倍,ー倍,ー%
20260608,2664,野村自動車,1622,東Ｅ,,"32,470",-340,-1.04%,25,ー倍,ー倍,ー%
20260608,2665,オーテック,1736,東S,,"2,250",-64,-2.77%,25,9.17倍,1.31倍,4.36%
20260608,2666,ピクセラ,6731,東S,,131,-5,-3.68%,25,ー倍,2.15倍,ー%
20260608,2667,ジーイエット,7603,東S,,64,-2,-3.03%,25,5.30倍,2.65倍,ー%
20260608,2668,早稲田学習研,5869,東S,,"1,188",-20,-1.66%,25,13.9倍,1.64倍,4.47%
20260608,2669,ウインＰ,3183,東P,,"1,185",-11,-0.92%,25,14.8倍,1.40倍,4.64%
20260608,2670,トーア紡,3204,東S,,495,-9,-1.79%,25,8.43倍,0.31倍,3.03%
20260608,2671,プロパスト,3236,東S,,268,-6,-2.19%,25,4.15倍,0.66倍,2.24%
20260608,2672,ｅＢＡＳＥ,3835,東P,,389,-8,-2.02%,25,16.0倍,2.32倍,3.91%
20260608,2673,フジタコーポ,3370,東S,,517,+4,+0.78%,24,14.0倍,6.98倍,0.58%
20260608,2674,北紡,3409,東S,,88,-6,-6.38%,24,140倍,1.82倍,ー%
20260608,2675,Ｈ株ブル,1572,東Ｅ,,"6,903",-148,-2.10%,24,ー倍,ー倍,ー%
20260608,2676,遠藤製作所,7841,東S,,"1,072",-5,-0.46%,24,9.42倍,0.41倍,3.73%
20260608,2677,トレンダ,6069,東G,,606,-8,-1.30%,24,10.5倍,1.10倍,5.94%
20260608,2678,ｒａｋｕｍｏ,4060,東G,,"1,075",+2,+0.19%,24,19.7倍,3.33倍,1.30%
20260608,2679,アクシス,4012,東S,,"1,609",-27,-1.65%,24,9.88倍,1.69倍,3.54%
20260608,2680,ファンペップ,4881,東G,,58,+1,+1.75%,24,ー倍,1.75倍,ー%
20260608,2681,ＧＸクリ日株,2637,東Ｅ,,"2,960",-203,-6.42%,24,ー倍,ー倍,ー%
20260608,2682,ＧＸリー日株,2641,東Ｅ,,"4,400",-75,-1.68%,24,ー倍,ー倍,ー%
20260608,2683,フレクト,4414,東G,,"1,071",-37,-3.34%,24,7.69倍,2.58倍,ー%
20260608,2684,極楽湯ＨＤ,2340,東S,,471,-1,-0.21%,24,ー倍,3.24倍,1.27%
20260608,2685,トランスＧＧ,2342,東S,,222,-8,-3.48%,24,24.6倍,0.77倍,ー%
20260608,2686,ＶＬＣセキュ,2467,名N,,242,-10,-3.97%,24,16.8倍,5.78倍,ー%
20260608,2687,神栄,3004,東S,,"2,063",-74,-3.46%,24,6.47倍,0.74倍,5.33%
20260608,2688,ファースト住,8917,東S,,"1,024",-9,-0.87%,24,9.50倍,0.35倍,4.20%
20260608,2689,ポエック,9264,東S,,"1,594",-54,-3.28%,24,10.5倍,1.71倍,4.71%
20260608,2690,東洋テク,9686,東S,,"1,623",-66,-3.91%,24,13.6倍,0.73倍,4.37%
20260608,2691,ＧＸ日カバコ,2858,東Ｅ,,"1,472",-16,-1.08%,24,ー倍,ー倍,ー%
20260608,2692,ケル,6919,東S,,"1,333",-39,-2.84%,24,80.8倍,0.63倍,6.00%
20260608,2693,ギークス,7060,東S,,587,-17,-2.81%,24,9.47倍,1.96倍,5.45%
20260608,2694,粧美堂,7819,東S,,809,-25,-3.00%,24,9.74倍,1.41倍,4.08%
20260608,2695,藤商事,6257,東S,,992,-9,-0.90%,24,9.88倍,0.48倍,5.54%
20260608,2696,ツナグＧＨＤ,6551,東S,,523,-9,-1.69%,24,6.33倍,1.94倍,3.82%
20260608,2697,テクノメデカ,6678,東S,,"2,015",-40,-1.95%,24,17.5倍,0.93倍,4.62%
20260608,2698,野村高配ＣＦ,518A,東Ｅ,,"1,866",-19,-1.01%,24,ー倍,ー倍,ー%
20260608,2699,ｉＦ米債３有,382A,東Ｅ,,"1,913",ー,ー%,23,ー倍,ー倍,ー%
20260608,2700,ＵＮＩＴＥＤ,2497,東G,,489,-6,-1.21%,23,730倍,1.07倍,4.50%
20260608,2701,ツツミ,7937,東S,,"2,705",-33,-1.21%,23,15.1倍,0.60倍,4.25%
20260608,2702,上場ＭＳ世界,1554,東Ｅ,,"6,617",-143,-2.12%,23,ー倍,ー倍,ー%
20260608,2703,野村金融,1632,東Ｅ,,"39,690",+170,+0.43%,23,ー倍,ー倍,ー%
20260608,2704,ＦフォースＧ,7068,東G,,458,-11,-2.35%,23,7.53倍,3.38倍,2.18%
20260608,2705,ポピンズ,7358,東S,,"1,389",-16,-1.14%,23,11.3倍,1.46倍,3.38%
20260608,2706,Ｄ・アクシス,4245,東S,,651,-14,-2.11%,23,16.0倍,0.86倍,3.69%
20260608,2707,倉元,5216,東S,,118,-5,-4.07%,23,ー倍,9.92倍,ー%
20260608,2708,ジオスター,5282,東S,,375,-6,-1.57%,23,6.21倍,0.46倍,2.67%
20260608,2709,アズパートナ,160A,東S,,"1,991",-17,-0.85%,23,5.46倍,1.38倍,4.02%
20260608,2710,毎コムネット,8908,東S,,820,-8,-0.97%,23,7.59倍,1.09倍,4.63%
20260608,2711,ケイヒン,9312,東S,,"2,836",-10,-0.35%,23,5.45倍,0.55倍,4.94%
20260608,2712,ウィルソンＷ,9610,東S,,104,-6,-5.45%,23,ー倍,1.50倍,ー%
20260608,2713,ＮＣＳ＆Ａ,9709,東S,,"1,250",-33,-2.57%,23,10.2倍,1.35倍,4.64%
20260608,2714,魚力,7596,東P,,"2,155",+11,+0.51%,23,34.6倍,1.60倍,2.41%
20260608,2715,栄電子,7567,東S,,549,-28,-4.85%,22,21.5倍,0.58倍,2.37%
20260608,2716,ＨＥＲＯＺ,4382,東S,,707,-13,-1.81%,22,28.6倍,2.36倍,ー%
20260608,2717,チムスピ,4397,東G,,367,-11,-2.91%,22,17.5倍,4.75倍,ー%
20260608,2718,林兼,2286,東S,,839,+1,+0.12%,22,5.71倍,0.50倍,5.36%
20260608,2719,ジーフット,2686,東S,,297,0,0.00%,22,ー倍,-5.4倍,ー%
20260608,2720,Ｔアルファ,3089,東S,,"1,162",-67,-5.45%,22,ー倍,0.89倍,3.01%
20260608,2721,ベガコーポ,3542,東G,,"1,359",-28,-2.02%,22,15.7倍,2.00倍,1.32%
20260608,2722,ファルコム,3723,東G,,"2,270",-31,-1.35%,22,14.9倍,2.08倍,0.44%
20260608,2723,フォトシンス,4379,東G,,395,-20,-4.82%,22,20.7倍,2.43倍,ー%
20260608,2724,トマト銀,8542,東S,,"1,423",-22,-1.52%,22,8.96倍,0.35倍,3.51%
20260608,2725,ＳＡＡＦＨＤ,1447,東G,,288,-13,-4.32%,22,15.9倍,2.87倍,1.67%
20260608,2726,塩水糖,2112,東S,,418,-3,-0.71%,22,6.39倍,0.56倍,3.83%
20260608,2727,Ｄｅｆコン,4833,東G,,50,0,0.00%,22,ー倍,1.51倍,ー%
20260608,2728,ヨシコン,5280,東S,,"2,133",-26,-1.20%,22,5.25倍,0.50倍,4.22%
20260608,2729,瑞光,6279,東P,,881,-9,-1.01%,22,17.9倍,0.63倍,2.27%
20260608,2730,東京機,6335,東S,,590,-5,-0.84%,22,8.34倍,0.50倍,ー%
20260608,2731,トリニ工,6382,東S,,"1,238",-21,-1.67%,22,10.2倍,0.58倍,4.93%
20260608,2732,サンデン,6444,東S,,150,-9,-5.66%,22,33.6倍,0.58倍,ー%
20260608,2733,オートサーバ,5589,東S,,"2,730",-40,-1.44%,22,13.2倍,1.52倍,2.45%
20260608,2734,ロゴスＨＤ,205A,東G,,"1,604",-45,-2.73%,22,7.62倍,1.94倍,3.95%
20260608,2735,ＧＸ高配３０,235A,東Ｅ,,"1,300",-18,-1.37%,22,ー倍,ー倍,ー%
20260608,2736,ＦＩＸＥＲ,5129,東G,,252,-18,-6.67%,21,ー倍,1.57倍,ー%
20260608,2737,ポスプラ,198A,東G,,144,-3,-2.04%,21,ー倍,1.75倍,ー%
20260608,2738,ホクシン,7897,東S,,99,-1,-1.00%,21,21.6倍,0.48倍,2.02%
20260608,2739,興研,7963,東S,,"1,712",-62,-3.49%,21,9.98倍,0.61倍,2.04%
20260608,2740,タイガポリ,4231,東S,,941,-14,-1.47%,21,7.59倍,0.39倍,4.04%
20260608,2741,菊水ＨＤ,6912,東S,,"2,070",-49,-2.31%,21,10.6倍,1.10倍,2.85%
20260608,2742,ＧＸＳＰプロ,379A,東Ｅ,,"1,341",-15,-1.11%,21,ー倍,ー倍,ー%
20260608,2743,ニ日経２２５,473A,東Ｅ,,"1,288",-53,-3.95%,21,ー倍,ー倍,ー%
20260608,2744,スタートＬ,477A,東G,,614,-3,-0.49%,21,8.18倍,1.35倍,ー%
20260608,2745,ＴＯブックス,500A,東S,,"3,050",-75,-2.40%,21,8.76倍,2.09倍,ー%
20260608,2746,ラストワンＭ,9252,東G,,"3,480",-85,-2.38%,21,8.45倍,1.87倍,0.86%
20260608,2747,ワッツ,2735,東S,,602,-14,-2.27%,21,8.88倍,0.60倍,3.32%
20260608,2748,テンポスＨＤ,2751,東S,,"3,580",+5,+0.14%,21,20.3倍,2.54倍,0.25%
20260608,2749,イントランス,3237,東G,,75,-1,-1.32%,21,103倍,17.4倍,ー%
20260608,2750,アイフリーク,3845,東S,,233,-9,-3.72%,21,"5,825倍",5.35倍,ー%
20260608,2751,モバファク,3912,東S,,"1,065",-26,-2.38%,21,8.44倍,3.07倍,4.79%
20260608,2752,兼松エンジ,6402,東S,,"1,308",-28,-2.10%,21,9.78倍,0.80倍,3.44%
20260608,2753,ゲームウィズ,6552,東S,,189,-14,-6.90%,21,66.1倍,1.17倍,ー%
20260608,2754,ＣＲＡＶＩＡ,6573,東G,,27,-1,-3.57%,21,ー倍,3.10倍,ー%
20260608,2755,池上通,6771,東S,,620,-18,-2.82%,21,7.95倍,0.28倍,2.42%
20260608,2756,アクシーズ,1381,東S,,"3,740",-30,-0.80%,21,8.75倍,0.90倍,3.01%
20260608,2757,日本ハウス,1873,東P,,294,+1,+0.34%,21,16.8倍,0.54倍,3.74%
20260608,2758,イボキン,5699,東S,,"1,523",-62,-3.91%,21,9.55倍,0.96倍,2.10%
20260608,2759,三ッ星,5820,東S,,672,-25,-3.59%,21,9.49倍,0.37倍,2.53%
20260608,2760,レントラクス,6045,東G,,"1,385",-6,-0.43%,21,12.0倍,1.84倍,1.81%
20260608,2761,メディシノバ,4875,東S,,211,-1,-0.47%,20,ー倍,ー倍,ー%
20260608,2762,駒井ハルテク,5915,東S,,"2,149",-29,-1.33%,20,65.6倍,0.28倍,3.26%
20260608,2763,不二サッシ,5940,東S,,695,-14,-1.97%,20,5.45倍,0.34倍,4.32%
20260608,2764,ＩＲジャパン,6035,東S,,705,-20,-2.76%,20,ー倍,2.05倍,ー%
20260608,2765,シンメンテ,6086,東G,,"1,005",-25,-2.43%,20,14.3倍,4.09倍,2.19%
20260608,2766,ドーン,2303,東S,,"1,214",-47,-3.73%,20,16.6倍,2.50倍,1.15%
20260608,2767,篠崎屋,2926,東S,,96,-1,-1.03%,20,ー倍,1.22倍,ー%
20260608,2768,ジーエルシー,2970,東S,,"1,152",+16,+1.41%,20,13.7倍,3.29倍,ー%
20260608,2769,マーケットＥ,3135,東S,,"1,283",0,0.00%,20,686倍,5.27倍,ー%
20260608,2770,ノバック,5079,東S,,"2,456",-49,-1.96%,20,14.6倍,0.70倍,4.89%
20260608,2771,ｉＦＳＰ無,2247,東Ｅ,,"2,231",-39,-1.72%,20,ー倍,ー倍,ー%
20260608,2772,Ｇモンスター,157A,東G,,856,-34,-3.82%,20,ー倍,2.15倍,1.17%
20260608,2773,インテＭ,7072,東G,,945,-37,-3.77%,20,16.1倍,1.82倍,ー%
20260608,2774,スマイルＨＤ,7084,東G,,"2,029",-101,-4.74%,20,ー倍,1.06倍,4.68%
20260608,2775,エブレン,6599,東S,,"3,045",-270,-8.14%,20,11.5倍,0.90倍,1.90%
20260608,2776,スタメン,4019,東G,,600,-19,-3.07%,20,19.8倍,3.51倍,1.33%
20260608,2777,アルマード,4932,東S,,627,-13,-2.03%,20,ー倍,3.19倍,ー%
20260608,2778,人・夢・技術,9248,東S,,"1,508",-21,-1.37%,20,10.9倍,0.58倍,3.98%
20260608,2779,タカヨシＨＤ,9259,東G,,767,-36,-4.48%,20,8.28倍,1.28倍,3.91%
20260608,2780,抵抗器,6977,東S,,"1,131",-94,-7.67%,20,14.0倍,1.20倍,2.65%
20260608,2781,ＴＢＫ,7277,東S,,317,-5,-1.55%,20,16.8倍,0.32倍,2.52%
20260608,2782,ヤマノＨＤ,7571,東S,,85,-4,-4.49%,20,23.2倍,1.99倍,1.76%
20260608,2783,ナカノフドー,1827,東S,,"1,174",-3,-0.25%,20,13.9倍,0.81倍,2.13%
20260608,2784,アミタＨＤ,2195,東G,,361,-22,-5.74%,20,17.5倍,2.16倍,1.39%
20260608,2785,和田興産,8931,東S,,"1,227",-24,-1.92%,20,6.40倍,0.39倍,4.89%
20260608,2786,ヒガシＨＤ,9029,東S,,"1,892",-33,-1.71%,20,9.15倍,1.54倍,3.28%
20260608,2787,玉井船,9127,東S,,"2,860",-55,-1.89%,19,13.3倍,0.54倍,2.80%
20260608,2788,ビート,9399,東S,,11,0,0.00%,19,ー倍,ー倍,ー%
20260608,2789,ステップ,9795,東P,,"2,229",0,0.00%,19,12.5倍,1.25倍,3.95%
20260608,2790,ＳＴＩＦＨＤ,2932,東S,,"1,047",-3,-0.29%,19,11.0倍,1.87倍,3.82%
20260608,2791,トライアイズ,4840,東S,,810,+6,+0.75%,19,67.3倍,1.54倍,0.12%
20260608,2792,イトヨーギョ,5287,東S,,857,-23,-2.61%,19,12.7倍,0.63倍,2.33%
20260608,2793,三洋工,5958,東S,,"4,275",+55,+1.30%,19,9.22倍,0.57倍,4.91%
20260608,2794,ＰＣＩＨＤ,3918,東S,,"1,172",-33,-2.74%,19,9.23倍,1.19倍,4.95%
20260608,2795,ジャストプラ,4287,東S,,484,+9,+1.89%,19,11.8倍,1.52倍,2.69%
20260608,2796,竹田ｉＰ,7875,東S,,699,-14,-1.96%,19,10.3倍,0.59倍,3.36%
20260608,2797,トリドリ,9337,東G,,"1,643",-72,-4.20%,19,12.1倍,2.87倍,ー%
20260608,2798,ＳＭＴ好配当,170A,東Ｅ,,"3,071",+5,+0.16%,19,ー倍,ー倍,ー%
20260608,2799,日水コン,261A,東S,,"2,171",-47,-2.12%,19,15.3倍,1.68倍,3.41%
20260608,2800,ホリイフード,3077,東S,,746,-11,-1.45%,19,12.7倍,4.22倍,ー%
20260608,2801,シスエグゼ,548A,東S,,897,-22,-2.39%,19,8.10倍,0.83倍,4.96%
20260608,2802,インタライフ,1418,東S,,507,-8,-1.55%,19,9.67倍,1.65倍,5.92%
20260608,2803,野村エネ資源,1618,東Ｅ,,"33,540",-470,-1.38%,19,ー倍,ー倍,ー%
20260608,2804,ｉＳ米債７,1656,東Ｅ,,314.7,-1.7,-0.54%,19,ー倍,ー倍,ー%
20260608,2805,上場外債毎月,1677,東Ｅ,,"60,600",-150,-0.25%,19,ー倍,ー倍,ー%
20260608,2806,ＷＴ穀物,1688,東Ｅ,,520.0,-12.5,-2.35%,19,ー倍,ー倍,ー%
20260608,2807,植木組,1867,東S,,"2,383",+10,+0.42%,19,7.29倍,0.49倍,4.62%
20260608,2808,ハンセンブル,2031,東EN,,"7,606",-155,-2.00%,19,ー倍,ー倍,ー%
20260608,2809,ヤガミ,7488,名M,,"4,770",+45,+0.95%,19,17.0倍,1.80倍,5.87%
20260608,2810,アトネイチャ,7823,東S,,819,-10,-1.21%,19,22.0倍,0.95倍,3.42%
20260608,2811,セントラル総,3238,東S,,374,-9,-2.35%,19,8.99倍,0.35倍,3.48%
20260608,2812,香陵住販,3495,東S,,"2,629",+229,+9.54%,19,6.65倍,1.06倍,2.32%
20260608,2813,モルフォ,3653,東G,,625,-22,-3.40%,19,45.9倍,0.99倍,ー%
20260608,2814,ＤＬＥ,3686,東S,,80,-4,-4.76%,19,23.2倍,2.63倍,ー%
20260608,2815,ＧｒｅｅｎＢ,3913,東S,,931,-35,-3.62%,19,10.4倍,1.70倍,ー%
20260608,2816,フェンオール,6870,東S,,"2,301",-72,-3.03%,19,14.7倍,0.86倍,3.39%
20260608,2817,ディスラプタ,6538,東S,,234,-2,-0.85%,18,7.93倍,1.78倍,2.14%
20260608,2818,ヒューマン,2415,東S,,"1,541",+30,+1.99%,18,6.53倍,0.82倍,4.61%
20260608,2819,ベクターＨＤ,2656,東S,,179,-2,-1.10%,18,16.6倍,5.45倍,ー%
20260608,2820,イフジ産業,2924,東S,,"2,123",+5,+0.24%,18,8.55倍,1.37倍,3.25%
20260608,2821,イーガーディ,6050,東P,,"1,638",-5,-0.30%,18,18.4倍,1.58倍,2.32%
20260608,2822,神電鉄,9046,東S,,"2,356",-22,-0.93%,18,15.7倍,0.74倍,1.06%
20260608,2823,ファイズＨＤ,9325,東S,,"1,172",-50,-4.09%,18,9.00倍,2.71倍,3.24%
20260608,2824,ＭＴＩ,9438,東P,,580,-10,-1.69%,18,11.9倍,1.63倍,3.45%
20260608,2825,ビイングＨＤ,9145,東S,,550,-18,-3.17%,18,9.40倍,1.63倍,2.73%
20260608,2826,ブロードＥ,4415,東G,,"1,160",-55,-4.53%,18,11.0倍,3.84倍,1.82%
20260608,2827,アップガレＧ,7134,東S,,"1,138",-37,-3.15%,18,9.91倍,1.76倍,3.73%
20260608,2828,ジェノバ,5570,東G,,624,-20,-3.11%,18,15.2倍,2.34倍,1.12%
20260608,2829,シンカ,149A,東G,,742,-32,-4.13%,18,ー倍,2.40倍,ー%
20260608,2830,ＰＲＩＳＭバ,206A,東G,,136,-9,-6.21%,18,ー倍,2.38倍,ー%
20260608,2831,カドスＣ,211A,東S,,"3,425",+75,+2.24%,18,5.11倍,0.80倍,5.26%
20260608,2832,アイリッジ,3917,東G,,420,-10,-2.33%,18,11.0倍,1.09倍,ー%
20260608,2833,Ｓワイヤー,3929,東G,,274,-13,-4.53%,18,9.81倍,1.81倍,ー%
20260608,2834,ＡＧＳ,3648,東S,,"1,016",-20,-1.93%,18,9.26倍,1.06倍,3.54%
20260608,2835,ＣＲＩ,3698,東S,,"1,050",-9,-0.85%,18,11.9倍,1.32倍,2.57%
20260608,2836,イメージ情報,3803,東G,,540,-47,-8.01%,18,ー倍,2.84倍,ー%
20260608,2837,パス,3840,東S,,58,+1,+1.75%,18,ー倍,2.52倍,ー%
20260608,2838,ミラティブ,472A,東G,,431,-8,-1.82%,18,7.59倍,1.94倍,ー%
20260608,2839,ヒトトヒトＨ,549A,東S,,457,-10,-2.14%,18,9.48倍,2.23倍,4.69%
20260608,2840,バードマン,7063,東G,,82,-3,-3.53%,18,ー倍,1.80倍,ー%
20260608,2841,日本モゲジＳ,7192,東S,,575,-12,-2.04%,17,9.29倍,0.89倍,5.22%
20260608,2842,ＧＸ超長米Ｈ,179A,東Ｅ,,249.7,-2.1,-0.83%,17,ー倍,ー倍,ー%
20260608,2843,ＢＰカストロ,5015,東S,,998,-6,-0.60%,17,20.1倍,2.34倍,5.01%
20260608,2844,フイルコン,5942,東S,,562,-11,-1.92%,17,24.1倍,0.47倍,4.98%
20260608,2845,リブセンス,6054,東S,,111,+2,+1.83%,17,ー倍,0.74倍,ー%
20260608,2846,ユニバー園芸,6061,東S,,"2,755",+22,+0.80%,17,12.6倍,1.67倍,0.47%
20260608,2847,ライドオンＥ,6082,東S,,967,-7,-0.72%,17,ー倍,1.07倍,1.55%
20260608,2848,船場,6540,東S,,"1,471",-40,-2.65%,17,9.83倍,1.12倍,5.30%
20260608,2849,出前館,2484,東S,,119,-3,-2.46%,17,ー倍,0.52倍,ー%
20260608,2850,カネ美食品,2669,東S,,"3,820",-10,-0.26%,17,20.6倍,1.21倍,0.99%
20260608,2851,ウィルズ,4482,東G,,717,-4,-0.55%,17,15.3倍,5.36倍,2.51%
20260608,2852,ランディクス,2981,東G,,"1,915",-70,-3.53%,17,5.79倍,1.11倍,2.92%
20260608,2853,ココペリ,4167,東G,,272,-12,-4.23%,17,41.4倍,1.42倍,ー%
20260608,2854,シルバライフ,9262,東S,,731,-27,-3.56%,17,9.86倍,1.11倍,2.46%
20260608,2855,パーカー,9845,東S,,"1,285",-35,-2.65%,17,7.31倍,0.63倍,4.12%
20260608,2856,三光産業,7922,東S,,717,ー,ー%,17,ー倍,0.62倍,ー%
20260608,2857,三谷商,8066,東S,,"2,454",+7,+0.29%,17,9.67倍,1.10倍,3.59%
20260608,2858,東北銀,8349,東S,,"1,376",0,0.00%,17,8.26倍,0.55倍,3.63%
20260608,2859,ＭＸ読売日株,348A,東Ｅ,,287.0,-3.0,-1.03%,17,ー倍,ー倍,ー%
20260608,2860,プログレス,339A,東G,,960,-40,-4.00%,17,7.26倍,1.22倍,3.13%
20260608,2861,メドレックス,4586,東G,,58,-2,-3.33%,17,ー倍,1.93倍,ー%
20260608,2862,サンヨーＨ,1420,東S,,618,-3,-0.48%,17,5.45倍,0.45倍,4.05%
20260608,2863,野村不動産,1633,東Ｅ,,"48,880","-1,020",-2.04%,17,ー倍,ー倍,ー%
20260608,2864,ＣＤＳ,2169,東S,,"1,786",+32,+1.82%,17,18.4倍,1.38倍,4.14%
20260608,2865,博展,2173,東G,,664,-10,-1.48%,17,6.37倍,2.18倍,4.07%
20260608,2866,ブルボン,2208,東S,,"2,864",+7,+0.25%,17,16.9倍,1.03倍,1.54%
20260608,2867,フィスコ,3807,東G,,95,-1,-1.04%,17,244倍,6.32倍,ー%
20260608,2868,バルニバービ,3418,東G,,"1,094",-2,-0.18%,16,26.7倍,1.96倍,0.69%
20260608,2869,ホットリンク,3680,東G,,224,-17,-7.05%,16,38.6倍,0.87倍,2.77%
20260608,2870,ベリテ,9904,東S,,237,-8,-3.27%,16,15.4倍,1.52倍,2.53%
20260608,2871,大谷工業,5939,東S,,"5,080",+145,+2.94%,16,15.2倍,0.90倍,0.59%
20260608,2872,南陽,7417,東S,,"1,432",-10,-0.69%,16,7.73倍,0.63倍,4.54%
20260608,2873,シード,7743,東S,,487,-1,-0.20%,16,10.9倍,0.76倍,3.08%
20260608,2874,ＴＯＲＩＣＯ,7138,東G,,130,-1,-0.76%,16,ー倍,1.28倍,ー%
20260608,2875,プロパテクノ,5527,東G,,585,-10,-1.68%,16,5.61倍,0.88倍,4.27%
20260608,2876,ウルフハンド,194A,東G,,"1,215",-25,-2.02%,16,10.9倍,2.74倍,ー%
20260608,2877,ＭＦＳ,196A,東G,,285,-9,-3.06%,16,19.4倍,1.13倍,ー%
20260608,2878,セルソース,4880,東S,,323,-17,-5.00%,16,ー倍,1.10倍,ー%
20260608,2879,上場ダウヘ有,2562,東Ｅ,,"3,555",-66,-1.82%,16,ー倍,ー倍,ー%
20260608,2880,ブルーミーム,4069,東G,,954,-70,-6.84%,16,38.4倍,1.26倍,ー%
20260608,2881,のむら産業,7131,東S,,"3,665",+5,+0.14%,16,8.84倍,2.05倍,2.62%
20260608,2882,ＧＥＩ,9212,東G,,296,-11,-3.58%,16,23.0倍,1.76倍,ー%
20260608,2883,久世,2708,東S,,"1,830",+22,+1.22%,16,6.05倍,0.88倍,2.46%
20260608,2884,技研ＨＤ,1443,東S,,228,-7,-2.98%,16,5.78倍,0.29倍,0.48%
20260608,2885,野村電力ガス,1627,東Ｅ,,"11,340",-40,-0.35%,16,ー倍,ー倍,ー%
20260608,2886,佐田建,1826,東S,,976,-17,-1.71%,16,12.9倍,1.04倍,6.15%
20260608,2887,Ｓａｐｅｅｔ,269A,東G,,"2,199",-89,-3.89%,16,27.3倍,5.56倍,ー%
20260608,2888,リスキル,291A,東G,,"1,687",-33,-1.92%,16,8.69倍,1.82倍,ー%
20260608,2889,ＧＸ超短円債,502A,東Ｅ,,901.8,-0.3,-0.03%,16,ー倍,ー倍,ー%
20260608,2890,ＧＸＣカバコ,576A,東Ｅ,,"1,000",-23,-2.25%,16,ー倍,ー倍,ー%
20260608,2891,ＣＬＨＤ,4286,東S,,"1,070",-24,-2.19%,16,10.5倍,1.47倍,2.90%
20260608,2892,はてな,3930,東G,,910,-7,-0.76%,15,27.0倍,0.94倍,ー%
20260608,2893,エルテス,3967,東G,,564,-15,-2.59%,15,34.9倍,1.91倍,ー%
20260608,2894,リボミック,4591,東G,,65,-1,-1.52%,15,ー倍,1.26倍,ー%
20260608,2895,ＭＲＫＨＬＤ,9980,東S,,99,-1,-1.00%,15,7.02倍,0.60倍,1.01%
20260608,2896,アミファ,7800,東S,,901,-28,-3.01%,15,4.26倍,1.15倍,3.33%
20260608,2897,東北鋼,5484,東S,,"4,475",0,0.00%,15,ー倍,1.13倍,ー%
20260608,2898,モリテック,5986,東S,,226,-7,-3.00%,15,10.1倍,0.31倍,2.65%
20260608,2899,リンクバル,6046,東S,,113,-1,-0.88%,15,"2,260倍",2.60倍,ー%
20260608,2900,タケダ機械,6150,東S,,"2,709",-3,-0.11%,15,10.8倍,0.47倍,2.95%
20260608,2901,レカム,3323,東S,,70,-2,-2.78%,15,17.7倍,1.03倍,1.71%
20260608,2902,神姫バ,9083,東S,,"1,912",-33,-1.70%,15,10.5倍,0.43倍,2.35%
20260608,2903,東京汽,9193,東S,,880,-30,-3.30%,15,ー倍,0.31倍,ー%
20260608,2904,東陽倉,9306,東S,,"1,983",-6,-0.30%,15,13.0倍,0.51倍,3.78%
20260608,2905,ＳＨＩＮＫＯ,7120,東S,,979,-29,-2.88%,15,6.75倍,2.03倍,4.49%
20260608,2906,ＷＴＯＫＹＯ,9159,東G,,"1,950",-35,-1.76%,15,15.3倍,2.63倍,ー%
20260608,2907,ＧＸＵＳ中小,2252,東Ｅ,,"1,407",-23,-1.61%,15,ー倍,ー倍,ー%
20260608,2908,ジンジブ,142A,東G,,745,-65,-8.02%,15,7.24倍,3.77倍,ー%
20260608,2909,ｉＦ高リート,210A,東Ｅ,,"1,573",+20,+1.29%,15,ー倍,ー倍,ー%
20260608,2910,Ｇキッズ,6189,東S,,933,-5,-0.53%,15,13.7倍,1.12倍,4.29%
20260608,2911,ＩＩＦ,6545,東G,,702,-7,-0.99%,15,8.71倍,2.10倍,3.56%
20260608,2912,田中精密,7218,東S,,935,-7,-0.74%,15,6.08倍,0.35倍,3.64%
20260608,2913,ＪＰＸ１００,526A,東Ｅ,,"1,970",-10,-0.51%,15,ー倍,ー倍,ー%
20260608,2914,シノブフズ,2903,東S,,"1,425",-53,-3.59%,15,9.00倍,1.02倍,2.39%
20260608,2915,クワザワＨＤ,8104,東S,,629,-4,-0.63%,15,8.09倍,0.54倍,4.77%
20260608,2916,ソマール,8152,東S,,"7,300",-290,-3.82%,15,5.64倍,0.63倍,1.37%
20260608,2917,日産証券Ｇ,8705,東S,,226,-2,-0.88%,15,ー倍,0.88倍,ー%
20260608,2918,アドバンＲＭ,8769,東S,,482,-6,-1.23%,15,8.97倍,1.75倍,3.94%
20260608,2919,ＯｎｅＥＳＧ,1498,東Ｅ,,"31,370","-1,090",-3.36%,15,ー倍,ー倍,ー%
20260608,2920,上場Ａリート,1555,東Ｅ,,"2,426",-56,-2.26%,15,ー倍,ー倍,ー%
20260608,2921,テノックス,1905,東S,,"1,500",+25,+1.69%,15,10.0倍,0.74倍,4.13%
20260608,2922,野村ボベスパ,1325,東Ｅ,,287.1,-4.9,-1.68%,14,ー倍,ー倍,ー%
20260608,2923,高田工,1966,東S,,"1,604",-51,-3.08%,14,12.9倍,0.54倍,4.36%
20260608,2924,カワタ,6292,東S,,829,+4,+0.48%,14,15.2倍,0.44倍,4.58%
20260608,2925,鋳鉄管,5612,東S,,"1,510",-26,-1.69%,14,ー倍,0.49倍,ー%
20260608,2926,日伸銅,5753,東S,,"2,274",-76,-3.23%,14,5.34倍,0.38倍,0.66%
20260608,2927,ノムラシス,3940,東S,,119,-3,-2.46%,14,14.8倍,1.62倍,2.98%
20260608,2928,ビーマップ,4316,東G,,134,-7,-4.96%,14,11.9倍,1.28倍,ー%
20260608,2929,ＮＥＸＹＺ．,4346,東S,,724,-10,-1.36%,14,9.91倍,2.56倍,2.76%
20260608,2930,トビラシステ,4441,東S,,"1,129",+18,+1.62%,14,21.9倍,4.61倍,1.77%
20260608,2931,ＲＳＣ,4664,東S,,853,-23,-2.63%,14,37.7倍,1.07倍,2.81%
20260608,2932,蔵王産業,9986,東S,,"2,452",+40,+1.66%,14,17.7倍,1.02倍,4.08%
20260608,2933,ネオマーケ,4196,東S,,"1,619",+44,+2.79%,14,40.0倍,4.34倍,ー%
20260608,2934,アジアＱ,4261,東G,,"3,370",-65,-1.89%,14,15.7倍,2.48倍,ー%
20260608,2935,クラダシ,5884,東G,,572,-13,-2.22%,14,56.0倍,4.37倍,ー%
20260608,2936,ドリムアーツ,4811,東G,,722,-57,-7.32%,14,13.6倍,2.87倍,2.77%
20260608,2937,ジェネパ,3195,東S,,404,-15,-3.58%,14,18.3倍,1.65倍,ー%
20260608,2938,サンセイラン,3277,東S,,"1,251",-7,-0.56%,14,7.65倍,0.69倍,4.08%
20260608,2939,Ｔｒａｉｌ,3358,東S,,90,+1,+1.12%,14,63.4倍,1.58倍,2.22%
20260608,2940,デリカフＨＤ,3392,東S,,796,-12,-1.49%,14,7.39倍,1.24倍,3.39%
20260608,2941,アビックス,7836,東S,,78,-3,-3.70%,14,15.8倍,1.39倍,ー%
20260608,2942,タレントＸ,330A,東G,,407,-6,-1.45%,14,21.5倍,2.63倍,ー%
20260608,2943,ＧＬ・再エネ,509A,東IF,,"77,400","-1,400",-1.78%,14,272倍,7.11倍,2.33%
20260608,2944,ＯＫＡＹＡ,6926,東S,,190,-8,-4.04%,14,ー倍,0.72倍,ー%
20260608,2945,識学,7049,東G,,802,+3,+0.38%,14,ー倍,2.66倍,ー%
20260608,2946,Ｃａｓａ,7196,東S,,757,-1,-0.13%,14,36.8倍,1.04倍,2.64%
20260608,2947,寿屋,7809,東S,,"1,332",+5,+0.38%,14,21.5倍,1.33倍,3.38%
20260608,2948,共同ＰＲ,2436,東S,,"1,032",-8,-0.77%,14,10.0倍,2.09倍,1.55%
20260608,2949,野村国内債券,2510,東Ｅ,,809.5,-1.3,-0.16%,14,ー倍,ー倍,ー%
20260608,2950,かどや製油,2612,東S,,"1,505",-22,-1.44%,14,20.3倍,1.11倍,3.12%
20260608,2951,まんだらけ,2652,東S,,358,-1,-0.28%,14,8.23倍,0.90倍,0.28%
20260608,2952,石光商事,2750,東S,,"1,238",-19,-1.51%,14,5.55倍,0.71倍,4.44%
20260608,2953,ビューテＨＤ,3041,東S,,555,+3,+0.54%,14,56.9倍,4.42倍,0.95%
20260608,2954,ジェイテック,2479,東S,,235,-1,-0.42%,13,10.5倍,1.28倍,ー%
20260608,2955,ＦＣＥ,9564,東S,,441,-9,-2.00%,13,11.3倍,2.31倍,2.27%
20260608,2956,ｉＳ米２０,2255,東Ｅ,,208.7,-1.5,-0.71%,13,ー倍,ー倍,ー%
20260608,2957,ダイブ,151A,東G,,581,-17,-2.84%,13,9.04倍,1.81倍,ー%
20260608,2958,神鋼線,5660,東S,,"1,799",+7,+0.39%,13,ー倍,0.42倍,ー%
20260608,2959,ミトラＧ,6093,東S,,154,-4,-2.53%,13,15.8倍,1.93倍,3.90%
20260608,2960,エスティック,6161,東S,,"1,025",-21,-2.01%,13,8.38倍,0.91倍,3.02%
20260608,2961,野村食品,1617,東Ｅ,,"44,740",+600,+1.36%,13,ー倍,ー倍,ー%
20260608,2962,森組,1853,東S,,313,-2,-0.63%,13,13.1倍,0.66倍,4.47%
20260608,2963,米国配当貴族,2044,東EN,,"33,480",+270,+0.81%,13,ー倍,ー倍,ー%
20260608,2964,エスユーエス,6554,東G,,994,+11,+1.12%,13,9.00倍,1.98倍,5.03%
20260608,2965,ペイクラウド,4015,東G,,463,-18,-3.74%,13,20.2倍,1.61倍,ー%
20260608,2966,Ｚｅｎｋｅｎ,7371,東G,,714,-6,-0.83%,13,24.8倍,0.69倍,3.64%
20260608,2967,野村日セレ,2643,東Ｅ,,"4,164",+5,+0.12%,13,ー倍,ー倍,ー%
20260608,2968,アシロ,7378,東G,,"1,446",-65,-4.30%,13,10.4倍,3.79倍,4.50%
20260608,2969,ユミルリンク,4372,東G,,"1,120",-7,-0.62%,13,11.8倍,1.41倍,1.79%
20260608,2970,ＵＦＨＤ,4235,東S,,671,+1,+0.15%,13,25.2倍,0.70倍,5.22%
20260608,2971,アズジェント,4288,東S,,388,-13,-3.24%,13,29.6倍,2.93倍,ー%
20260608,2972,サカイＨＤ,9446,東S,,667,-11,-1.62%,13,5.49倍,1.04倍,5.25%
20260608,2973,レシップＨＤ,7213,東S,,574,0,0.00%,13,6.76倍,0.80倍,4.53%
20260608,2974,日本プラスト,7291,東S,,451,-6,-1.31%,13,5.30倍,0.23倍,5.54%
20260608,2975,山大,7426,東S,,602,0,0.00%,13,ー倍,0.36倍,ー%
20260608,2976,フォーバル,8275,東S,,"1,004",-8,-0.79%,13,11.9倍,1.38倍,3.19%
20260608,2977,ミラタップ,3187,東G,,254,+1,+0.40%,13,19.9倍,1.58倍,ー%
20260608,2978,トラストＨＤ,3286,東S,,"1,056",-8,-0.75%,13,ー倍,3.85倍,1.70%
20260608,2979,イノベＨＤ,3484,東S,,"1,033",-12,-1.15%,13,13.6倍,3.51倍,3.29%
20260608,2980,フエルト,3512,東S,,784,-52,-6.22%,13,26.3倍,0.59倍,3.57%
20260608,2981,ＡＮＡＰＨＤ,3189,東S,,111,-2,-1.77%,12,ー倍,0.89倍,ー%
20260608,2982,東和フード,3329,東S,,"2,012",+5,+0.25%,12,28.5倍,2.09倍,0.99%
20260608,2983,ハイマックス,4299,東S,,"1,125",-24,-2.09%,12,15.0倍,1.08倍,4.53%
20260608,2984,ニイタカ,4465,東S,,"2,070",-14,-0.67%,12,8.18倍,0.77倍,3.67%
20260608,2985,ＫｅｙＨ,4712,東S,,800,+8,+1.01%,12,15.1倍,0.66倍,1.38%
20260608,2986,さくらＫＣＳ,4761,東S,,"1,373",-25,-1.79%,12,12.3倍,0.72倍,4.52%
20260608,2987,スカラ,4845,東S,,332,-7,-2.06%,12,13.9倍,1.22倍,5.12%
20260608,2988,朝日ラバー,5162,東S,,732,-3,-0.41%,12,38.7倍,0.65倍,3.28%
20260608,2989,高見沢,5283,東S,,"2,962",-38,-1.27%,12,4.89倍,0.31倍,2.36%
20260608,2990,ニッコー,5343,名M,,178,-9,-4.81%,12,ー倍,1.86倍,ー%
20260608,2991,カナレ電気,5819,東S,,"1,707",-55,-3.12%,12,9.92倍,0.61倍,3.87%
20260608,2992,イワブチ,5983,東S,,"13,960",+450,+3.33%,12,21.4倍,0.71倍,2.36%
20260608,2993,フォーサイド,2330,東S,,73,-2,-2.67%,12,39.7倍,1.02倍,ー%
20260608,2994,ティア,2485,東S,,456,-1,-0.22%,12,9.77倍,1.13倍,5.04%
20260608,2995,上場ＳＰヘ有,2521,東Ｅ,,"2,098",-45,-2.10%,12,ー倍,ー倍,ー%
20260608,2996,オプロ,228A,東G,,"1,722",-169,-8.94%,12,13.0倍,2.85倍,ー%
20260608,2997,Ｓｃｈｏｏ,264A,東G,,302,-4,-1.31%,12,16.6倍,2.06倍,ー%
20260608,2998,ＡＩクロス,4476,東G,,979,-5,-0.51%,12,10.4倍,1.88倍,ー%
20260608,2999,スペースマ,4487,東G,,256,-13,-4.83%,12,20.6倍,3.17倍,ー%
20260608,3000,ＩＮＣＨＤ,7078,東G,,354,-8,-2.21%,12,ー倍,2.33倍,ー%
20260608,3001,リグア,7090,東G,,985,+36,+3.79%,12,131倍,8.90倍,ー%
20260608,3002,かっこ,4166,東G,,650,-24,-3.56%,12,ー倍,2.70倍,ー%
20260608,3003,セイファート,9213,東S,,"1,019",-26,-2.49%,12,ー倍,1.87倍,ー%
20260608,3004,タナケン,1450,東S,,"1,352",-13,-0.95%,12,8.40倍,1.26倍,4.07%
20260608,3005,野村医薬品,1621,東Ｅ,,"28,870",+285,+1.00%,12,ー倍,ー倍,ー%
20260608,3006,上場ＭＳコク,1680,東Ｅ,,"8,101",-135,-1.64%,12,ー倍,ー倍,ー%
20260608,3007,ＷＴアグリ,1687,東Ｅ,,958.9,-7.1,-0.73%,12,ー倍,ー倍,ー%
20260608,3008,協立電機,6874,東S,,"2,606",+43,+1.68%,12,8.58倍,0.96倍,3.45%
20260608,3009,キムラタン,8107,東S,,31,-1,-3.13%,12,344倍,5.18倍,ー%
20260608,3010,アクモス,6888,東S,,520,-8,-1.52%,12,15.2倍,1.54倍,4.81%
20260608,3011,ピアラ,7044,東S,,525,+1,+0.19%,12,17.3倍,5.87倍,ー%
20260608,3012,ベルトラ,7048,東G,,126,-4,-3.08%,12,13.6倍,1.82倍,ー%
20260608,3013,ｕｐｒ,7065,東S,,957,+6,+0.63%,12,10.9倍,0.77倍,3.66%
20260608,3014,村上開明,7292,東S,,"6,600",+120,+1.85%,12,13.0倍,0.81倍,3.64%
20260608,3015,コナカ,7494,東S,,216,-2,-0.92%,12,4.60倍,0.41倍,4.63%
20260608,3016,ハークスレイ,7561,東S,,633,-12,-1.86%,12,7.32倍,0.46倍,4.74%
20260608,3017,日本創発Ｇ,7814,東S,,591,+3,+0.51%,12,13.8倍,1.32倍,2.54%
20260608,3018,ＡＭＧＨＤ,8891,東S,,"1,780",+12,+0.68%,12,7.48倍,0.42倍,4.49%
20260608,3019,ブティックス,9272,東G,,"1,429",-25,-1.72%,12,9.83倍,5.31倍,ー%
20260608,3020,ベルパーク,9441,東S,,"2,752",-4,-0.15%,12,10.2倍,1.20倍,3.71%
20260608,3021,ＵＮＩＣＯＮ,407A,東S,,899,-18,-1.96%,12,8.09倍,2.28倍,5.01%
20260608,3022,Ｊファーマ,520A,東G,,422,-9,-2.09%,12,ー倍,1.87倍,ー%
20260608,3023,アルピコＨＤ,297A,東S,,206,-2,-0.96%,11,8.89倍,0.91倍,2.43%
20260608,3024,ニＳＰＥＷ無,426A,東Ｅ,,"1,194",-11,-0.91%,11,ー倍,ー倍,ー%
20260608,3025,ライオン事務,423A,東S,,301,+1,+0.33%,11,10.3倍,0.74倍,4.98%
20260608,3026,ＭＸ高配５０,461A,東Ｅ,,"2,374",+17,+0.72%,11,ー倍,ー倍,ー%
20260608,3027,ＷＴコーン,1696,東Ｅ,,"2,756",-3,-0.11%,11,ー倍,ー倍,ー%
20260608,3028,ＮＹダウベア,2041,東EN,,"2,031",+32,+1.60%,11,ー倍,ー倍,ー%
20260608,3029,美濃窯,5356,東S,,"1,276",-9,-0.70%,11,9.35倍,0.83倍,4.08%
20260608,3030,コロナ,5909,東S,,914,0,0.00%,11,44.5倍,0.34倍,3.06%
20260608,3031,テクミラ,3627,東S,,270,-4,-1.46%,11,21.7倍,0.54倍,1.85%
20260608,3032,データＨＲ,3628,東G,,537,-63,-10.50%,11,26.2倍,16.2倍,ー%
20260608,3033,アエリア,3758,東S,,225,-3,-1.32%,11,9.17倍,0.54倍,ー%
20260608,3034,データアプリ,3848,東S,,819,-22,-2.62%,11,29.3倍,1.08倍,4.27%
20260608,3035,チエル,3933,東S,,445,-2,-0.45%,11,8.31倍,0.99倍,5.17%
20260608,3036,Ｊストリーム,4308,東G,,346,-5,-1.42%,11,16.1倍,0.80倍,4.05%
20260608,3037,スポーツＦ,7080,東G,,798,+2,+0.25%,11,6.93倍,2.20倍,2.88%
20260608,3038,カイゼン,4170,東G,,127,-2,-1.55%,11,109倍,0.73倍,ー%
20260608,3039,マーキュリア,7347,東P,,745,-4,-0.53%,11,14.4倍,0.83倍,2.95%
20260608,3040,リベロ,9245,東G,,"1,991",+25,+1.27%,11,14.1倍,3.70倍,2.11%
20260608,3041,エプコ,2311,東S,,775,-13,-1.65%,11,14.3倍,1.51倍,4.52%
20260608,3042,オリコンＨＤ,2498,東S,,"2,953",-12,-0.40%,11,9.13倍,1.15倍,4.23%
20260608,3043,ひらまつ,2764,東S,,131,-3,-2.24%,11,32.1倍,1.52倍,0.93%
20260608,3044,ＵＮＩＶＡ,3113,東S,,69,-4,-5.48%,11,63.3倍,5.42倍,ー%
20260608,3045,野村ダウＨ有,2846,東Ｅ,,"2,462",-44,-1.76%,11,ー倍,ー倍,ー%
20260608,3046,フルハシＥ,9221,東S,,"1,150",-7,-0.61%,11,15.0倍,2.15倍,2.78%
20260608,3047,坪田ラボ,4890,東G,,222,-8,-3.48%,11,84.1倍,6.63倍,ー%
20260608,3048,ｉＳＨＹ社債,2258,東Ｅ,,228.6,-0.3,-0.13%,11,ー倍,ー倍,ー%
20260608,3049,ナルネット,5870,東G,,756,-21,-2.70%,11,7.87倍,1.05倍,3.97%
20260608,3050,野村Ｐ１５０,159A,東Ｅ,,690.0,-22.6,-3.17%,11,ー倍,ー倍,ー%
20260608,3051,ＤＭカンパニ,189A,東G,,925,+18,+1.98%,11,14.2倍,0.95倍,2.16%
20260608,3052,アバンティア,8904,東S,,813,-10,-1.22%,11,9.83倍,0.42倍,4.67%
20260608,3053,エリアクエス,8912,東S,,172,0,0.00%,11,16.4倍,1.73倍,2.33%
20260608,3054,東京インフラ,9285,東IF,,"48,200",+150,+0.31%,11,16.2倍,0.59倍,6.87%
20260608,3055,杉村倉,9307,東S,,930,-10,-1.06%,11,17.6倍,0.85倍,1.61%
20260608,3056,伊勢湾,9359,名M,,938,-8,-0.85%,11,9.54倍,0.47倍,3.20%
20260608,3057,鈴与シンワ,9360,東S,,"2,728",-22,-0.80%,11,6.47倍,1.41倍,4.40%
20260608,3058,東海リース,9761,東S,,"2,165",-15,-0.69%,11,8.52倍,0.43倍,5.54%
20260608,3059,ウッドワン,7898,東S,,854,-14,-1.61%,11,19.9倍,0.18倍,2.81%
20260608,3060,ＤＡＩＫＯＸ,8023,東S,,944,-23,-2.38%,11,6.83倍,0.87倍,4.03%
20260608,3061,中央魚,8030,東S,,"3,425",0,0.00%,11,6.22倍,0.37倍,3.50%
20260608,3062,築地魚,8039,東S,,"3,750",-15,-0.40%,11,16.7倍,1.18倍,0.93%
20260608,3063,ＯＵＧＨＤ,8041,東S,,"4,320",+5,+0.12%,11,7.29倍,0.56倍,3.98%
20260608,3064,千趣会,8165,東S,,117,-1,-0.85%,11,4.05倍,0.34倍,ー%
20260608,3065,フリージア,6343,東S,,132,-3,-2.22%,11,3.71倍,0.35倍,0.45%
20260608,3066,ハマイ,6497,東S,,"1,321",-49,-3.58%,11,9.04倍,0.51倍,3.41%
20260608,3067,不二電機,6654,東S,,"1,060",-1,-0.09%,11,24.6倍,0.53倍,3.02%
20260608,3068,アイリック,7325,東G,,695,-6,-0.86%,11,11.2倍,1.50倍,4.60%
20260608,3069,エコーＴＤ,7427,東S,,826,-27,-3.17%,11,6.62倍,0.41倍,3.63%
20260608,3070,ＣＡＰＩＴＡ,7462,東S,,627,+1,+0.16%,11,12.9倍,1.39倍,3.19%
20260608,3071,尾家産,7481,東S,,"2,377",+48,+2.06%,11,6.90倍,1.16倍,4.38%
20260608,3072,京都友禅ＨＤ,7615,東S,,96,0,0.00%,11,19.1倍,0.64倍,1.56%
20260608,3073,クロスフォー,7810,東S,,170,0,0.00%,11,96.6倍,1.59倍,0.21%
20260608,3074,プロレド,7034,東P,,375,-12,-3.10%,10,ー倍,0.60倍,ー%
20260608,3075,キムラ,7461,東S,,446,ー,ー%,10,10.3倍,0.39倍,3.14%
20260608,3076,ヒマラヤ,7514,東S,,849,+2,+0.24%,10,32.5倍,0.65倍,3.06%
20260608,3077,ノザワ,5237,東S,,"1,106",-14,-1.25%,10,8.44倍,0.60倍,3.89%
20260608,3078,日鋳造,5609,東S,,862,-17,-1.93%,10,11.5倍,0.36倍,2.90%
20260608,3079,トーソー,5956,東S,,548,-12,-2.14%,10,8.65倍,0.31倍,2.37%
20260608,3080,ＺＥＴＡ,6031,東G,,257,-11,-4.10%,10,17.2倍,6.65倍,1.75%
20260608,3081,ジグザグ,340A,東G,,336,-12,-3.45%,10,10.9倍,2.01倍,ー%
20260608,3082,ＳＳ米株,449A,東Ｅ,,805.8,-13.7,-1.67%,10,ー倍,ー倍,ー%
20260608,3083,ＷＴアルミ,1692,東Ｅ,,769.0,-4.0,-0.52%,10,ー倍,ー倍,ー%
20260608,3084,ソネック,1768,東S,,"1,006",-21,-2.04%,10,8.93倍,0.71倍,4.97%
20260608,3085,セーラー広告,2156,東S,,278,+11,+4.12%,10,ー倍,0.62倍,2.16%
20260608,3086,リニカル,2183,東S,,206,-6,-2.83%,10,25.9倍,1.17倍,3.88%
20260608,3087,パワーソリュ,4450,東G,,"1,918",-4,-0.21%,10,27.7倍,1.65倍,1.36%
20260608,3088,Ｔ．Ｓ．Ｉ,7362,東G,,928,+43,+4.86%,10,11.6倍,1.00倍,1.62%
20260608,3089,メディア総研,9242,東G,,"1,880",+46,+2.51%,10,9.49倍,1.27倍,1.33%
20260608,3090,ｃｏｔｔａ,3359,東G,,490,-5,-1.01%,10,8.28倍,1.10倍,2.04%
20260608,3091,ウイルプラス,3538,東S,,909,-9,-0.98%,10,7.36倍,0.73倍,5.06%
20260608,3092,ソフトＭＡＸ,3671,東S,,279,-11,-3.79%,10,11.6倍,1.74倍,3.58%
20260608,3093,フォーシーズ,3726,東S,,324,-11,-3.28%,10,51.9倍,2.03倍,ー%
20260608,3094,カヤック,3904,東G,,391,-7,-1.76%,10,10.0倍,1.02倍,1.00%
20260608,3095,ベネフィＪ,3934,東S,,"2,200",-60,-2.65%,10,11.4倍,1.49倍,4.41%
20260608,3096,ＳＩＧＧ,4386,東S,,809,-20,-2.41%,10,9.17倍,1.65倍,4.08%
20260608,3097,プロパテＤＢ,4389,東G,,843,-19,-2.20%,10,9.80倍,2.64倍,3.80%
20260608,3098,エスケー化研,4628,東S,,"9,610",-50,-0.52%,10,13.7倍,0.74倍,1.87%
20260608,3099,静甲,6286,東S,,"1,439",-11,-0.76%,10,9.29倍,0.53倍,1.95%
20260608,3100,電業社,6365,東S,,"5,200",-220,-4.06%,10,8.46倍,0.70倍,3.65%
20260608,3101,ニチダイ,6467,東S,,323,-13,-3.87%,10,ー倍,0.28倍,1.86%
20260608,3102,グロームＨＤ,8938,東G,,341,0,0.00%,10,19.1倍,0.50倍,0.88%
20260608,3103,エイシアンＳ,8946,東S,,73,-1,-1.35%,10,14.4倍,0.77倍,ー%
20260608,3104,ＢＳ１１,9414,東S,,903,-6,-0.66%,10,12.3倍,0.66倍,3.32%
20260608,3105,フォーバルＲ,9423,東S,,101,-1,-0.98%,10,19.6倍,3.29倍,2.97%
20260608,3106,ロイヤルホ,9713,東S,,895,-9,-1.00%,10,17.8倍,0.78倍,0.67%
20260608,3107,マキヤ,9890,東S,,"1,400",-12,-0.85%,10,9.34倍,0.63倍,2.71%
20260608,3108,サークレイス,5029,東G,,677,-33,-4.65%,10,8.48倍,2.33倍,ー%
20260608,3109,ジャパニアス,9558,東G,,"1,920",-35,-1.79%,10,9.70倍,2.27倍,5.26%
20260608,3110,ＫＹＯＲＩＴ,7795,東S,,191,-1,-0.52%,10,10.7倍,0.45倍,4.19%
20260608,3111,Ａパーチェス,7115,東S,,"1,467",-29,-1.94%,10,12.8倍,2.15倍,2.52%
20260608,3112,ジャパンＭＡ,9236,東G,,955,-34,-3.44%,10,13.0倍,2.42倍,ー%
20260608,3113,ＧＸホリ日Ｒ,2098,東Ｅ,,942,0,0.00%,10,ー倍,ー倍,ー%
20260608,3114,ＳＯＬＩＺＥ,5871,東S,,"1,345",+38,+2.91%,10,24.1倍,0.64倍,4.09%
20260608,3115,ＡＩセレクト,162A,東EN,,"16,885",-615,-3.51%,10,ー倍,ー倍,ー%
20260608,3116,ノダ,7879,東S,,640,0,0.00%,10,46.9倍,0.27倍,4.69%
20260608,3117,南プラ,7887,東S,,"1,490",-38,-2.49%,10,4.81倍,0.27倍,2.68%
20260608,3118,フクビ,7871,東S,,863,-18,-2.04%,9,ー倍,0.43倍,3.59%
20260608,3119,ラオックス,8202,東S,,148,0,0.00%,9,21.5倍,0.63倍,2.70%
20260608,3120,アジア投資,8518,東S,,133,-5,-3.62%,9,ー倍,0.48倍,ー%
20260608,3121,買取王国,3181,東S,,952,-2,-0.21%,9,8.65倍,1.03倍,1.16%
20260608,3122,グラン,3261,東G,,438,+21,+5.04%,9,22.5倍,0.69倍,3.42%
20260608,3123,グローバル社,3271,東S,,"1,269",0,0.00%,9,11.8倍,3.43倍,ー%
20260608,3124,オークファン,3674,東G,,313,-12,-3.69%,9,165倍,0.81倍,ー%
20260608,3125,ガーラ,4777,東S,,201,0,0.00%,9,ー倍,13.9倍,ー%
20260608,3126,旭コン,5268,東S,,902,-5,-0.55%,9,25.3倍,0.93倍,1.88%
20260608,3127,ヤマウＨＤ,5284,東S,,"2,156",-18,-0.83%,9,5.81倍,0.95倍,5.19%
20260608,3128,ＮＩＣ,5742,東S,,680,-13,-1.88%,9,28.3倍,1.13倍,ー%
20260608,3129,エムケー精工,5906,東S,,772,-23,-2.89%,9,7.17倍,0.55倍,2.33%
20260608,3130,フジマック,5965,東S,,"1,134",-14,-1.22%,9,3.54倍,0.56倍,5.29%
20260608,3131,ファインシン,5994,東S,,987,-35,-3.42%,9,8.45倍,0.29倍,2.53%
20260608,3132,アトラＧ,6029,東S,,186,-7,-3.63%,9,ー倍,1.21倍,ー%
20260608,3133,三機サービス,6044,東S,,"1,493",-29,-1.91%,9,13.6倍,1.84倍,2.01%
20260608,3134,総医研ＨＤ,2385,東G,,247,+1,+0.41%,9,53.8倍,1.05倍,4.05%
20260608,3135,アゼアス,3161,東S,,636,-18,-2.75%,9,18.7倍,0.54倍,3.62%
20260608,3136,フジオーゼ,7299,東S,,"1,729",-21,-1.20%,9,10.0倍,0.53倍,3.12%
20260608,3137,タカショー,7590,東S,,399,0,0.00%,9,56.0倍,0.53倍,1.25%
20260608,3138,ＮＡＴＴＹ,7674,東G,,"2,680",+50,+1.90%,9,655倍,4.98倍,ー%
20260608,3139,大研医器,7775,東S,,426,-1,-0.23%,9,20.7倍,1.58倍,4.69%
20260608,3140,浜木綿,7682,東S,,"4,075",+5,+0.12%,9,48.3倍,5.30倍,0.42%
20260608,3141,ＳＭＤトピク,2557,東Ｅ,,"3,895",-98,-2.45%,9,ー倍,ー倍,ー%
20260608,3142,ｉＳ日本国債,2561,東Ｅ,,"2,012",-1,-0.05%,9,ー倍,ー倍,ー%
20260608,3143,ワクー,4937,東G,,"1,544",-5,-0.32%,9,22.0倍,2.47倍,ー%
20260608,3144,ロボペイ,4374,東G,,"2,479",-20,-0.80%,9,15.8倍,6.91倍,1.25%
20260608,3145,ＣＩＮＣ,4378,東G,Ｓ,753,+100,+15.31%,9,558倍,2.11倍,ー%
20260608,3146,リブワーク,1431,東G,,642,-1,-0.16%,9,78.6倍,3.44倍,1.00%
20260608,3147,上場新興国債,1566,東Ｅ,,"53,230",-560,-1.04%,9,ー倍,ー倍,ー%
20260608,3148,工藤建設,1764,東S,,"2,910",-36,-1.22%,9,9.07倍,0.63倍,4.02%
20260608,3149,大石産業,3943,東S,,"1,212",+8,+0.66%,9,22.9倍,0.49倍,4.29%
20260608,3150,クラシコム,7110,東G,,"2,021",+21,+1.05%,9,15.5倍,2.68倍,2.38%
20260608,3151,リンカーズ,5131,東G,,124,+1,+0.81%,9,ー倍,2.30倍,ー%
20260608,3152,ココルポート,9346,東G,,"1,658",-11,-0.66%,9,10.6倍,1.95倍,3.68%
20260608,3153,Ｃａｒｅｅｒ,6198,東G,,242,+7,+2.98%,9,29.1倍,1.15倍,ー%
20260608,3154,不二精機,6400,東S,,261,-3,-1.14%,9,7.31倍,0.53倍,2.68%
20260608,3155,オーケストラ,6533,東P,,987,-25,-2.47%,9,9.60倍,1.40倍,1.32%
20260608,3156,ＡＢホテル,6565,名M,,"1,304",-23,-1.73%,9,5.87倍,1.18倍,2.22%
20260608,3157,エコモット,3987,東G,,529,-9,-1.67%,9,66.6倍,3.30倍,ー%
20260608,3158,日ピグＨＤ,4119,東S,,"4,960",-60,-1.20%,9,5.99倍,0.35倍,2.02%
20260608,3159,クラスター,4240,東S,,310,-12,-3.73%,9,38.4倍,1.01倍,1.61%
20260608,3160,いちごグリン,9282,東IF,,"55,100",0,0.00%,9,31.9倍,1.87倍,6.42%
20260608,3161,リンコー,9355,東S,,"2,155",-33,-1.51%,9,11.1倍,0.28倍,1.86%
20260608,3162,エヌジェイ,9421,東S,,569,-7,-1.22%,9,27.4倍,1.88倍,ー%
20260608,3163,テアトル,9633,東S,,"1,645",+2,+0.12%,9,4.13倍,0.67倍,1.82%
20260608,3164,三協フロンテ,9639,東S,,"2,129",-10,-0.47%,9,8.09倍,0.90倍,4.23%
20260608,3165,コックス,9876,東S,,222,-4,-1.77%,9,5.68倍,0.58倍,ー%
20260608,3166,カンセキ,9903,東S,,"1,197",-22,-1.80%,9,27.9倍,1.33倍,1.67%
20260608,3167,サンリツ,9366,東S,,951,-9,-0.94%,8,7.66倍,0.44倍,4.00%
20260608,3168,セゾンテク,9640,東S,,"2,100",-41,-1.91%,8,34.0倍,2.41倍,4.29%
20260608,3169,ＫＳＫ,9687,東S,,"4,300",-35,-0.81%,8,11.3倍,1.42倍,4.42%
20260608,3170,日建工学,9767,東S,,"1,467",+17,+1.17%,8,7.64倍,0.54倍,2.04%
20260608,3171,ヨンキュウ,9955,東S,,"2,560",-6,-0.23%,8,ー倍,0.77倍,ー%
20260608,3172,レンティア,7081,東S,,"1,311",+1,+0.08%,8,9.11倍,1.15倍,2.82%
20260608,3173,日本インシュ,5368,東S,,926,-3,-0.32%,8,10.9倍,0.54倍,4.32%
20260608,3174,東京通信Ｇ,7359,東G,,236,-4,-1.67%,8,21.6倍,3.07倍,ー%
20260608,3175,アクシージア,4936,東S,,336,-3,-0.88%,8,20.8倍,1.01倍,2.98%
20260608,3176,セルム,7367,東S,,326,-3,-0.91%,8,11.7倍,2.37倍,4.75%
20260608,3177,ＭＣＰｓ,4360,東S,,740,-36,-4.64%,8,ー倍,0.54倍,2.03%
20260608,3178,エコシステム,9249,東S,,"1,575",-2,-0.13%,8,23.9倍,2.22倍,1.14%
20260608,3179,トゥルーＤ,4416,東G,,405,-6,-1.46%,8,31.1倍,1.69倍,ー%
20260608,3180,ＩＧＳ,4265,東G,,218,-19,-8.02%,8,148倍,2.18倍,ー%
20260608,3181,相模ゴ,5194,東S,,620,-13,-2.05%,8,112倍,0.58倍,1.61%
20260608,3182,ルツボ,5355,東S,,652,-2,-0.31%,8,9.63倍,0.70倍,3.07%
20260608,3183,虹技,5603,東S,,"1,186",-16,-1.33%,8,9.73倍,0.25倍,3.37%
20260608,3184,土木管理,6171,東S,,389,-5,-1.27%,8,12.2倍,1.05倍,3.08%
20260608,3185,アップバンク,6177,東G,,79,-4,-4.82%,8,ー倍,2.38倍,ー%
20260608,3186,フジコピアン,7957,東S,,"1,645",-13,-0.78%,8,4.20倍,0.31倍,7.17%
20260608,3187,ムーンバット,8115,東S,,"1,638",-40,-2.38%,8,12.3倍,1.26倍,3.30%
20260608,3188,タカキュー,8166,東S,,80,0,0.00%,8,25.6倍,1.68倍,ー%
20260608,3189,Ａクリエイト,8798,東P,,136,-2,-1.45%,8,11.2倍,9.29倍,ー%
20260608,3190,バイク王,3377,東S,,371,0,0.00%,8,9.32倍,0.76倍,2.96%
20260608,3191,特殊電極,3437,東S,,"2,679",-79,-2.86%,8,13.3倍,0.54倍,3.81%
20260608,3192,デュアルＴ,3469,東S,,"1,016",-6,-0.59%,8,89.0倍,1.72倍,1.23%
20260608,3193,テックファム,3625,東G,,563,-12,-2.09%,8,12.1倍,1.35倍,1.42%
20260608,3194,オルトＰ,3672,東S,,28,-1,-3.45%,8,ー倍,1.87倍,ー%
20260608,3195,ヒロセ通商,7185,東S,,"3,740",-30,-0.80%,8,ー倍,1.06倍,ー%
20260608,3196,ＰＬＡＮＴ,7646,東S,,"1,706",-67,-3.78%,8,10.7倍,0.75倍,5.57%
20260608,3197,平山,7781,東S,,"1,410",-20,-1.40%,8,12.2倍,1.94倍,3.97%
20260608,3198,ラクサス,288A,東G,,100,0,0.00%,8,17.0倍,0.84倍,ー%
20260608,3199,ＧＭＯコマス,410A,東G,,"1,065",-4,-0.37%,8,13.8倍,2.19倍,4.53%
20260608,3200,東北新社,2329,東S,,532,+2,+0.38%,8,ー倍,0.85倍,ー%
20260608,3201,シンワワイズ,2437,東S,,379,-18,-4.53%,8,76.0倍,2.05倍,ー%
20260608,3202,オルバヘルス,2689,東S,,"2,029",-2,-0.10%,8,9.11倍,0.96倍,3.94%
20260608,3203,一正蒲鉾,2904,東S,,771,0,0.00%,8,18.8倍,0.92倍,1.82%
20260608,3204,銚子丸,3075,東S,,"1,599",-1,-0.06%,8,25.5倍,2.29倍,0.94%
20260608,3205,ファンデリー,3137,東S,,189,-1,-0.53%,8,19.2倍,8.15倍,ー%
20260608,3206,ＡＰＨＤ,3175,東S,,920,-8,-0.86%,8,20.1倍,-50倍,ー%
20260608,3207,西菱電機,4341,東S,,840,-21,-2.44%,8,13.5倍,0.51倍,5.36%
20260608,3208,エデュラボ,4427,東G,,203,-7,-3.33%,8,207倍,1.53倍,ー%
20260608,3209,アトミクス,4625,東S,,697,-11,-1.55%,8,12.4倍,0.33倍,2.87%
20260608,3210,ナトコ,4627,東S,,"1,718",-23,-1.32%,8,13.0倍,0.51倍,3.14%
20260608,3211,大伸化学,4629,東S,,"1,841",-86,-4.46%,8,10.4倍,0.48倍,2.44%
20260608,3212,イマジニア,4644,東S,,"1,019",-7,-0.68%,8,19.7倍,0.82倍,5.89%
20260608,3213,トーセ,4728,東S,,628,-3,-0.48%,8,6.03倍,0.75倍,3.98%
20260608,3214,ＧＸインフ日,2847,東Ｅ,,"3,027",-146,-4.60%,8,ー倍,ー倍,ー%
20260608,3215,野村独株Ｈ有,2860,東Ｅ,,"3,080",-55,-1.75%,8,ー倍,ー倍,ー%
20260608,3216,ｉＦＳＰ有,2248,東Ｅ,,"2,669",-59,-2.16%,8,ー倍,ー倍,ー%
20260608,3217,アメイズ,6076,福証,,"1,145",-15,-1.29%,8,6.98倍,0.93倍,3.06%
20260608,3218,ジョイフル,9942,福証,,"1,230",-3,-0.24%,8,12.1倍,2.59倍,0.81%
20260608,3219,マーソ,5619,東G,,883,+82,+10.24%,8,ー倍,1.59倍,ー%
20260608,3220,農中Ｊリート,1595,東Ｅ,,"1,806",+9,+0.50%,8,ー倍,ー倍,ー%
20260608,3221,ＷＴ原油,1690,東Ｅ,,"2,519.5",+38.0,+1.53%,8,ー倍,ー倍,ー%
20260608,3222,ＳＤＳＨＤ,1711,東S,,222,-2,-0.89%,8,383倍,3.97倍,ー%
20260608,3223,金先物ベア,2037,東EN,,"1,270",+30,+2.42%,8,ー倍,ー倍,ー%
20260608,3224,丸山製,6316,東S,,"2,458",-6,-0.24%,8,10.6倍,0.45倍,3.05%
20260608,3225,油研工,6393,東S,,"2,801",-24,-0.85%,8,9.96倍,0.42倍,5.36%
20260608,3226,ハナツアーＪ,6561,東G,,765,-8,-1.03%,8,6.74倍,2.17倍,5.49%
20260608,3227,共和コーポ,6570,東S,,"1,602",-38,-2.32%,8,7.86倍,1.62倍,2.50%
20260608,3228,横田製,6248,東S,,"1,707",+6,+0.35%,7,10.6倍,1.02倍,3.51%
20260608,3229,プラコー,6347,東S,,249,-12,-4.60%,7,24.0倍,1.43倍,2.41%
20260608,3230,ヤマダコーポ,6392,東S,,"7,280",-140,-1.89%,7,10.3倍,0.96倍,3.02%
20260608,3231,オーイズミ,6428,東S,,314,0,0.00%,7,11.8倍,0.38倍,3.82%
20260608,3232,ログリー,6579,東G,,350,-3,-0.85%,7,ー倍,3.21倍,ー%
20260608,3233,地銀業界改革,395A,東Ｅ,,915.0,+13.0,+1.44%,7,ー倍,ー倍,ー%
20260608,3234,ＮＥ,441A,東G,,259,-6,-2.26%,7,8.80倍,1.96倍,ー%
20260608,3235,辻本郷ＩＴＣ,476A,東S,,"1,421",-9,-0.63%,7,9.59倍,1.73倍,ー%
20260608,3236,サンユウ,5697,東S,,691,-10,-1.43%,7,6.74倍,0.40倍,4.34%
20260608,3237,広電鉄,9033,東S,,615,-3,-0.49%,7,18.7倍,0.42倍,1.30%
20260608,3238,遠州トラック,9057,東S,,"3,105",-80,-2.51%,7,11.1倍,0.94倍,3.09%
20260608,3239,川西倉,9322,東S,,"2,202",-9,-0.41%,7,26.0倍,0.77倍,5.99%
20260608,3240,ワイヤレスＧ,9419,東S,,301,-5,-1.63%,7,13.1倍,1.96倍,ー%
20260608,3241,両毛システム,9691,東S,,"5,180",0,0.00%,7,ー倍,1.11倍,ー%
20260608,3242,東証リート,2555,東Ｅ,,"1,813.0",+6.5,+0.36%,7,ー倍,ー倍,ー%
20260608,3243,ＷＤＢココ,7079,東G,,"2,555",-29,-1.12%,7,9.04倍,1.28倍,3.91%
20260608,3244,ニッソウ,1444,東G,,"2,872",+38,+1.34%,7,ー倍,1.93倍,ー%
20260608,3245,ニューラルＧ,4056,東G,,227,-5,-2.16%,7,ー倍,2.35倍,ー%
20260608,3246,いつも,7694,東G,,419,-10,-2.33%,7,13.3倍,0.99倍,ー%
20260608,3247,イーロジット,9327,東S,,205,+1,+0.49%,7,410倍,1.61倍,ー%
20260608,3248,ステムセル研,7096,東G,,654,-23,-3.40%,7,62.7倍,2.46倍,ー%
20260608,3249,グローバルＳ,7126,東S,,"1,499",-8,-0.53%,7,9.53倍,1.70倍,ー%
20260608,3250,ジェイフロ,2934,東G,,"1,450",-50,-3.33%,7,77.4倍,4.59倍,ー%
20260608,3251,ＴＨＥＣＯＯ,4255,東G,,"2,372",+70,+3.04%,7,20.1倍,7.46倍,ー%
20260608,3252,Ｆインタ,7050,東G,,"1,295",-38,-2.85%,7,10.2倍,1.23倍,5.02%
20260608,3253,今村証券,7175,東S,,"1,325",-16,-1.19%,7,ー倍,0.51倍,ー%
20260608,3254,デイトナ,7228,東S,,"3,585",-30,-0.83%,7,7.21倍,0.93倍,4.18%
20260608,3255,トップカルチ,7640,東S,,196,+1,+0.51%,7,18.7倍,-2.2倍,ー%
20260608,3256,プラッツ,7813,東S,,906,+7,+0.78%,7,11.1倍,0.91倍,2.65%
20260608,3257,オービス,7827,東S,,"1,599",-3,-0.19%,7,8.05倍,0.51倍,3.88%
20260608,3258,光・彩,7878,東S,,853,-15,-1.73%,7,11.1倍,0.83倍,3.52%
20260608,3259,マツモト,7901,東S,,795,-16,-1.97%,7,15.8倍,1.52倍,ー%
20260608,3260,菊水化,7953,東S,,379,-2,-0.52%,7,ー倍,0.46倍,4.49%
20260608,3261,ゼット,8135,東S,,409,-10,-2.39%,7,9.65倍,0.52倍,4.40%
20260608,3262,ナガホリ,8139,東S,,"2,324",-20,-0.85%,7,59.4倍,2.52倍,0.65%
20260608,3263,日東網,3524,東S,,"1,435",-8,-0.55%,7,6.77倍,0.50倍,3.48%
20260608,3264,サツドラＨＤ,3544,東S,,830,-9,-1.07%,7,28.6倍,1.13倍,1.45%
20260608,3265,アレンザＨＤ,3546,東P,,"1,455",0,0.00%,7,ー倍,1.36倍,ー%
20260608,3266,ネクスジェン,3842,東S,,948,-16,-1.66%,7,10.5倍,1.22倍,3.16%
20260608,3267,Ｊ４百ベア２,1469,東Ｅ,,214.4,+11.9,+5.88%,7,ー倍,ー倍,ー%
20260608,3268,Ｏｎｅ４００,1474,東Ｅ,,"35,630",-830,-2.28%,7,ー倍,ー倍,ー%
20260608,3269,上場アジリト,1495,東Ｅ,,"11,265",+145,+1.30%,7,ー倍,ー倍,ー%
20260608,3270,高橋ウォール,1994,東S,,552,-5,-0.90%,7,12.6倍,0.40倍,3.62%
20260608,3271,朝日印刷,3951,東S,,838,-10,-1.18%,7,10.4倍,0.49倍,4.53%
20260608,3272,ユークス,4334,東S,,399,+9,+2.31%,7,12.0倍,1.32倍,2.51%
20260608,3273,コイケヤ,2226,東S,,"4,670",+10,+0.21%,7,19.2倍,2.34倍,1.18%
20260608,3274,アルバイトＴ,2341,東S,,151,-5,-3.21%,7,19.9倍,0.97倍,3.31%
20260608,3275,オートＷ,2666,東S,,154,-3,-1.91%,7,9.23倍,0.49倍,2.60%
20260608,3276,ＳＡＮＫＯ,2762,東S,,92,0,0.00%,7,ー倍,20.0倍,ー%
20260608,3277,パレモ・ＨＤ,2778,東S,,110,-1,-0.90%,7,13.0倍,0.83倍,ー%
20260608,3278,バナーズ,3011,東S,,150,-3,-1.96%,7,9.41倍,0.83倍,3.33%
20260608,3279,ヒラキ,3059,東S,,710,-3,-0.42%,7,34.6倍,0.58倍,2.82%
20260608,3280,ＪＦＬＡＨＤ,3069,東S,,150,-1,-0.66%,7,ー倍,1.17倍,ー%
20260608,3281,オーシャンシ,3096,東S,,"1,658",+8,+0.48%,7,10.3倍,1.28倍,1.21%
20260608,3282,丸善ＣＨＩ,3159,東S,,352,+3,+0.86%,7,13.2倍,0.60倍,1.70%
20260608,3283,サンウェルズ,9229,東P,,154,-2,-1.28%,7,ー倍,0.72倍,ー%
20260608,3284,ＧＸＵＳ配ヘ,2095,東Ｅ,,"1,118",+5,+0.45%,7,ー倍,ー倍,ー%
20260608,3285,笑美面,9237,東G,,546,0,0.00%,7,12.6倍,2.90倍,ー%
20260608,3286,アスア,246A,東G,,"1,067",+15,+1.43%,7,29.4倍,2.69倍,0.66%
20260608,3287,ＭＸＮＹダウ,2241,東Ｅ,,902.9,-13.0,-1.42%,6,ー倍,ー倍,ー%
20260608,3288,ノイル,4893,東G,,127,-1,-0.78%,6,ー倍,1.46倍,ー%
20260608,3289,オンザページ,9160,東S,,283,0,0.00%,6,6.59倍,1.08倍,ー%
20260608,3290,ＧＸＵＳＤＶ,2253,東Ｅ,,"1,309",+3,+0.23%,6,ー倍,ー倍,ー%
20260608,3291,宮崎太銀,8560,福証,,"2,160",-36,-1.64%,6,7.76倍,0.27倍,2.31%
20260608,3292,ＲＥＩＴイン,2094,東Ｅ,,825,0,0.00%,6,ー倍,ー倍,ー%
20260608,3293,エルイズビー,145A,東G,,819,-16,-1.92%,6,23.4倍,2.20倍,ー%
20260608,3294,コージンＢ,177A,東G,,"1,139",+56,+5.17%,6,52.9倍,0.98倍,0.88%
20260608,3295,ｉＦ印Ｎ５０,233A,東Ｅ,,"1,819",-14,-0.76%,6,ー倍,ー倍,ー%
20260608,3296,グロースｘＰ,244A,東G,,"1,106",-54,-4.66%,6,7.19倍,1.02倍,ー%
20260608,3297,永大化工,7877,東S,,"1,939",-11,-0.56%,6,6.81倍,0.32倍,3.61%
20260608,3298,三栄コ,8119,東S,,752,-2,-0.27%,6,10.2倍,0.49倍,4.12%
20260608,3299,テンアライド,8207,東S,,281,-1,-0.35%,6,234倍,9.55倍,ー%
20260608,3300,ＳＭＥＪ,4772,東G,,73,-1,-1.35%,6,33.5倍,1.19倍,1.37%
20260608,3301,アジュバン,4929,東S,,728,-2,-0.27%,6,243倍,1.38倍,1.65%
20260608,3302,日亜鋼,5658,東S,,352,-3,-0.85%,6,13.2倍,0.30倍,2.84%
20260608,3303,中西製,5941,東S,,"2,499",-5,-0.20%,6,7.76倍,0.69倍,4.00%
20260608,3304,イード,6038,東G,,903,+3,+0.33%,6,13.0倍,0.88倍,2.55%
20260608,3305,レアジョブ,6096,東S,,371,+4,+1.09%,6,ー倍,1.58倍,ー%
20260608,3306,和井田,6158,東S,,941,-24,-2.49%,6,17.5倍,0.58倍,4.04%
20260608,3307,ホープ,6195,東G,,216,+1,+0.47%,6,9.52倍,2.77倍,3.89%
20260608,3308,オリジン,6513,東S,,"1,060",-14,-1.30%,6,54.4倍,0.24倍,3.77%
20260608,3309,アルチザ,6778,東S,,635,0,0.00%,6,28.3倍,0.85倍,3.15%
20260608,3310,ＩＡＣＥトラ,343A,東S,,"1,152",-45,-3.76%,6,9.15倍,1.28倍,3.30%
20260608,3311,ＧＸステコイ,512A,東Ｅ,,"1,043",-36,-3.34%,6,ー倍,ー倍,ー%
20260608,3312,ピアズ,7066,東G,,397,-13,-3.17%,6,13.2倍,1.24倍,ー%
20260608,3313,マルシェ,7524,東S,,171,-1,-0.58%,6,28.6倍,2.45倍,ー%
20260608,3314,レダックス,7602,東S,,148,-3,-1.99%,6,17.5倍,0.65倍,1.35%
20260608,3315,ＫＹＣＯＭ,9685,東S,,551,-1,-0.18%,6,6.22倍,0.53倍,1.81%
20260608,3316,クレオ,9698,東S,,"1,196",+3,+0.25%,6,11.3倍,1.19倍,4.68%
20260608,3317,白洋舎,9731,東S,,"3,455",-45,-1.29%,6,5.29倍,0.98倍,2.89%
20260608,3318,ＩＸナレッジ,9753,東S,,"1,216",-27,-2.17%,6,7.21倍,1.00倍,4.11%
20260608,3319,ジェネックス,9820,東S,,"3,500",0,0.00%,6,8.84倍,0.86倍,1.14%
20260608,3320,Ｏｎｅ中国５,2553,東Ｅ,,"2,439.0",-127.0,-4.95%,6,ー倍,ー倍,ー%
20260608,3321,Ｂ＆Ｐ,7804,東S,,"2,188",+50,+2.34%,6,10.1倍,1.38倍,3.98%
20260608,3322,リビングＰＦ,7091,東G,,"1,174",-5,-0.42%,6,12.3倍,2.15倍,0.43%
20260608,3323,カラダノート,4014,東G,,419,+3,+0.72%,6,11.5倍,4.93倍,ー%
20260608,3324,Ｐアンチエイ,4934,東G,,608,-12,-1.94%,6,17.7倍,0.75倍,ー%
20260608,3325,さくらさく,7097,東G,,"2,870",-31,-1.07%,6,15.7倍,2.11倍,0.98%
20260608,3326,Ｂマインド,7343,東G,,"1,155",+6,+0.52%,6,20.7倍,1.64倍,6.06%
20260608,3327,メイホーＨＤ,7369,東G,,454,-11,-2.37%,6,10.7倍,0.88倍,ー%
20260608,3328,コラントッテ,7792,東G,,"1,437",+6,+0.42%,6,9.34倍,2.35倍,3.06%
20260608,3329,ＤＮＨＤ,7377,東S,,"1,830",-11,-0.60%,6,8.44倍,0.91倍,4.10%
20260608,3330,ＭＸ米債ヘ無,2838,東Ｅ,,"8,839",-35,-0.39%,6,ー倍,ー倍,ー%
20260608,3331,Ｊクラフト,7135,東S,,216,+2,+0.93%,6,45.3倍,2.18倍,1.39%
20260608,3332,岩塚製菓,2221,東S,,"3,015",-5,-0.17%,6,23.8倍,0.44倍,1.06%
20260608,3333,ＡＳＪ,2351,東S,,303,-12,-3.81%,6,23.6倍,0.81倍,0.99%
20260608,3334,鉄人化ＨＤ,2404,東S,,568,-7,-1.22%,6,18.6倍,8.06倍,ー%
20260608,3335,プラップＪ,2449,東S,,"1,030",-24,-2.28%,6,9.10倍,0.85倍,3.98%
20260608,3336,イーサポート,2493,東S,,905,0,0.00%,6,27.8倍,1.09倍,0.55%
20260608,3337,ＪＨＤ,2721,東S,,113,-3,-2.59%,6,ー倍,9.31倍,ー%
20260608,3338,セイヒョー,2872,東S,,"2,036",-68,-3.23%,6,30.1倍,1.90倍,0.88%
20260608,3339,大冷,2883,東S,,"1,962",-9,-0.46%,6,21.9倍,1.30倍,3.06%
20260608,3340,野村上証５０,1309,東Ｅ,,"53,000","-1,010",-1.87%,6,ー倍,ー倍,ー%
20260608,3341,上場パ中国Ａ,1322,東Ｅ,,"11,770",-375,-3.09%,6,ー倍,ー倍,ー%
20260608,3342,エムビーエス,1401,東G,,"1,291",+8,+0.62%,6,17.9倍,2.40倍,1.16%
20260608,3343,野村小売,1630,東Ｅ,,"36,780",+530,+1.46%,6,ー倍,ー倍,ー%
20260608,3344,ＷＴパラジ,1675,東Ｅ,,"17,845","-1,110",-5.86%,6,ー倍,ー倍,ー%
20260608,3345,ＷＴメタル,1686,東Ｅ,,"3,240.0",+34.0,+1.06%,6,ー倍,ー倍,ー%
20260608,3346,美樹工業,1718,東S,,"6,980",0,0.00%,6,6.82倍,0.43倍,4.30%
20260608,3347,シンクレイヤ,1724,東S,,693,-12,-1.70%,6,8.62倍,0.50倍,4.33%
20260608,3348,川崎設備,1777,名M,,"2,200",0,0.00%,6,7.64倍,1.60倍,4.32%
20260608,3349,フジ日本,2114,東S,,610,0,0.00%,6,12.5倍,1.12倍,3.11%
20260608,3350,クルーズ,2138,東S,,473,-11,-2.27%,6,94.2倍,0.52倍,ー%
20260608,3351,アルファＣｏ,3434,東S,,"1,207",+1,+0.08%,6,11.6倍,0.30倍,4.23%
20260608,3352,アズ企画設計,3490,東S,,"2,875",-7,-0.24%,6,8.18倍,1.09倍,1.04%
20260608,3353,ＧＭＯ－ＰＰ,3695,東G,,"1,633",-17,-1.03%,6,19.1倍,3.00倍,3.93%
20260608,3354,ケイブ,3760,東S,,632,+15,+2.43%,6,ー倍,2.13倍,ー%
20260608,3355,シャノン,3976,東G,,465,-22,-4.52%,6,9.53倍,2.41倍,ー%
20260608,3356,ビーグリー,3981,東S,,"1,208",-4,-0.33%,6,9.37倍,0.86倍,3.73%
20260608,3357,ビーブレイク,3986,東S,,542,-4,-0.73%,6,22.5倍,1.40倍,2.77%
20260608,3358,ＩＰＳＨＤ,4335,東S,,"1,213",-2,-0.16%,6,11.0倍,1.58倍,3.13%
20260608,3359,ロジザード,4391,東G,,"1,082",-31,-2.79%,6,13.7倍,1.49倍,1.66%
20260608,3360,アサヒペン,4623,東S,,"1,700",-1,-0.06%,6,9.41倍,0.42倍,3.53%
20260608,3361,ＡＬＰＨＡ,4760,東S,,"1,568",-15,-0.95%,6,9.70倍,0.85倍,4.46%
20260608,3362,アイビーシー,3920,東S,,990,-15,-1.49%,5,12.8倍,2.29倍,2.22%
20260608,3363,ダイナパック,3947,東S,,"1,960",-40,-2.00%,5,7.66倍,0.40倍,4.08%
20260608,3364,川口化,4361,東S,,"1,414",-18,-1.26%,5,ー倍,0.55倍,4.24%
20260608,3365,東邦化,4409,東S,,723,+1,+0.14%,5,ー倍,0.63倍,ー%
20260608,3366,神東塗,4615,東S,,126,0,0.00%,5,21.4倍,0.33倍,ー%
20260608,3367,エイジス,4659,東S,,"4,420",0,0.00%,5,ー倍,1.41倍,ー%
20260608,3368,南総通運,9034,東S,,"1,551",-15,-0.96%,5,10.6倍,0.64倍,5.16%
20260608,3369,東部ネット,9036,東S,,"1,235",-30,-2.37%,5,26.2倍,0.32倍,1.62%
20260608,3370,大東港運,9367,東S,,"1,846",+1,+0.05%,5,19.9倍,1.51倍,1.68%
20260608,3371,東海運,9380,東S,,407,-8,-1.93%,5,13.9倍,0.61倍,2.21%
20260608,3372,ショーエイ,9385,東S,,681,-9,-1.30%,5,5.41倍,1.02倍,5.14%
20260608,3373,葉ガス,9539,東S,,"1,392",+13,+0.94%,5,15.4倍,0.41倍,1.87%
20260608,3374,ビケンテクノ,9791,東S,,"1,126",-17,-1.49%,5,7.72倍,0.37倍,3.20%
20260608,3375,アイビー,4918,東S,,263,-1,-0.38%,5,15.4倍,1.01倍,5.70%
20260608,3376,桜ゴム,5189,東S,,"2,940",-115,-3.76%,5,ー倍,0.57倍,ー%
20260608,3377,那須鉄,5922,東S,,"17,630",-170,-0.96%,5,11.8倍,0.62倍,2.55%
20260608,3378,アビスト,6087,東S,,"3,390",-5,-0.15%,5,22.9倍,1.91倍,3.01%
20260608,3379,ＨＭＴ,6090,東S,,620,+3,+0.49%,5,17.0倍,1.80倍,2.90%
20260608,3380,ウエスコＨＤ,6091,東S,,848,+1,+0.12%,5,13.3倍,0.68倍,3.30%
20260608,3381,富士精,6142,名M,,"1,620",-26,-1.58%,5,58.6倍,0.23倍,3.09%
20260608,3382,日本ＳＢ,5530,名M,,"1,152",+27,+2.40%,5,7.45倍,1.00倍,2.78%
20260608,3383,グロービー,5575,東G,,648,+3,+0.47%,5,11.0倍,2.92倍,ー%
20260608,3384,第一交通,9035,福証,,727,+1,+0.14%,5,10.8倍,0.55倍,3.44%
20260608,3385,雨風太陽,5616,東G,,671,-22,-3.17%,5,54.2倍,4.97倍,ー%
20260608,3386,ＧＸ優証隔月,2019,東Ｅ,,"1,041",-1,-0.10%,5,ー倍,ー倍,ー%
20260608,3387,光フードＳ,138A,東G,,"2,885",+23,+0.80%,5,22.5倍,2.13倍,1.66%
20260608,3388,マスカットＧ,195A,東G,,695,+16,+2.36%,5,ー倍,2.19倍,ー%
20260608,3389,ｉＳ国債７,236A,東Ｅ,,442.9,-1.3,-0.29%,5,ー倍,ー倍,ー%
20260608,3390,リーガル,7938,東S,,"2,072",-14,-0.67%,5,6.51倍,0.45倍,3.95%
20260608,3391,東天紅,8181,東S,,976,+5,+0.51%,5,5.51倍,0.34倍,1.54%
20260608,3392,テノ．ＨＤ,7037,東S,,884,-13,-1.45%,5,13.9倍,2.17倍,1.13%
20260608,3393,ＧＭＢ,7214,東S,,922,0,0.00%,5,4.91倍,0.22倍,5.10%
20260608,3394,ファルテック,7215,東S,,453,-2,-0.44%,5,21.2倍,0.22倍,ー%
20260608,3395,ユニバンス,7254,東S,,727,-10,-1.36%,5,7.59倍,0.52倍,2.75%
20260608,3396,ＭＵＲＯ,7264,東S,,"1,250",-22,-1.73%,5,6.23倍,0.33倍,3.76%
20260608,3397,オータケ,7434,東S,,"1,718",-6,-0.35%,5,7.84倍,0.39倍,2.33%
20260608,3398,中山福,7442,東S,,459,+1,+0.22%,5,14.5倍,0.37倍,2.61%
20260608,3399,マルヨシ,7515,東S,,"4,585",ー,ー%,5,429倍,1.31倍,0.65%
20260608,3400,アイナボＨＤ,7539,東S,,770,0,0.00%,5,11.2倍,0.66倍,3.38%
20260608,3401,梅の花Ｇ,7604,東S,,846,+2,+0.24%,5,15.5倍,3.86倍,1.18%
20260608,3402,田中商事,7619,東S,,896,-14,-1.54%,5,6.33倍,0.47倍,3.46%
20260608,3403,うかい,7621,東S,,"3,305",-5,-0.15%,5,ー倍,3.70倍,0.45%
20260608,3404,ＳＭＮ,6185,東S,,360,-7,-1.91%,5,10.5倍,1.20倍,ー%
20260608,3405,東自機,6360,東S,,"4,300",-25,-0.58%,5,13.1倍,0.59倍,2.33%
20260608,3406,ＫＶＫ,6484,東S,,"2,391",+70,+3.02%,5,8.72倍,0.62倍,3.55%
20260608,3407,ＷＡＳＨハウ,6537,東G,,342,-18,-5.00%,5,27.5倍,1.41倍,ー%
20260608,3408,ＶＰＪ,334A,東G,,920,+9,+0.99%,5,14.9倍,2.39倍,ー%
20260608,3409,ＢＲＡＮＵ,460A,東G,,619,+6,+0.98%,5,10.7倍,3.21倍,ー%
20260608,3410,野村欧州株,486A,東Ｅ,,"2,100",-58,-2.69%,5,ー倍,ー倍,ー%
20260608,3411,インバウンド,497A,東EN,,"9,493",+16,+0.17%,5,ー倍,ー倍,ー%
20260608,3412,ｉＳプラチナ,569A,東Ｅ,,177.9,-11.3,-5.97%,5,ー倍,ー倍,ー%
20260608,3413,ＧＸ純銀,577A,東Ｅ,,265.3,-18.0,-6.35%,5,ー倍,ー倍,ー%
20260608,3414,ダイトウボウ,3202,東S,,130,-4,-2.99%,5,32.3倍,0.78倍,2.31%
20260608,3415,コーセーＲＥ,3246,東S,,630,0,0.00%,5,14.5倍,0.61倍,3.81%
20260608,3416,アズマハウス,3293,東S,,758,-4,-0.52%,5,9.58倍,0.35倍,4.62%
20260608,3417,大木ヘルス,3417,東S,,"1,076",+1,+0.09%,5,ー倍,0.43倍,2.79%
20260608,3418,Ｆブラザーズ,3454,東S,,"1,199",+6,+0.50%,5,6.42倍,0.64倍,3.09%
20260608,3419,Ｕ＆Ｃ,3557,東G,,519,-3,-0.57%,5,"1,298倍",5.18倍,ー%
20260608,3420,ほぼ日,3560,東S,,"4,060",-90,-2.17%,5,19.6倍,1.58倍,2.22%
20260608,3421,ソケッツ,3634,東S,,559,-5,-0.89%,5,24.4倍,2.30倍,1.07%
20260608,3422,メディカルＮ,3645,東G,,240,-3,-1.23%,5,18.3倍,1.12倍,1.25%
20260608,3423,キーウェア,3799,東S,,980,+6,+0.62%,5,10.1倍,1.02倍,4.08%
20260608,3424,ギグワークス,2375,東S,,209,-7,-3.24%,5,418倍,1.59倍,0.96%
20260608,3425,サイネックス,2376,東S,,810,+14,+1.76%,5,18.9倍,0.56倍,1.85%
20260608,3426,オルアバウト,2454,東S,,353,-2,-0.56%,5,ー倍,1.39倍,ー%
20260608,3427,アウン,2459,東S,,179,-5,-2.72%,5,ー倍,4.18倍,ー%
20260608,3428,アオバＢＢＴ,2464,東S,,315,-2,-0.63%,5,10.2倍,0.85倍,3.49%
20260608,3429,北雄ラッキー,2747,東S,,"3,060",+10,+0.33%,5,20.4倍,0.65倍,1.63%
20260608,3430,Ｙｓテーブル,2798,東S,,"2,987",-1,-0.03%,5,23.4倍,11.2倍,ー%
20260608,3431,ピエトロ,2818,東S,,"1,725",+4,+0.23%,5,ー倍,1.92倍,1.39%
20260608,3432,デルソーレ,2876,東S,,446,0,0.00%,5,9.93倍,0.64倍,2.69%
20260608,3433,アプライド,3020,東S,,"4,005",-55,-1.35%,5,5.03倍,0.79倍,2.50%
20260608,3434,ＫＴＫ,3035,東S,,752,-23,-2.97%,5,9.80倍,0.87倍,2.66%
20260608,3435,セキュアヴェ,3042,東S,,278,-6,-2.11%,5,22.5倍,1.67倍,1.08%
20260608,3436,ジオリーブＧ,3157,東S,,"1,364",-25,-1.80%,5,7.70倍,0.73倍,4.03%
20260608,3437,ティーライフ,3172,東S,,"1,141",-7,-0.61%,5,25.9倍,0.76倍,2.63%
20260608,3438,野村米社債Ｈ,2554,東Ｅ,,750.0,-5.4,-0.71%,5,ー倍,ー倍,ー%
20260608,3439,ランサーズ,4484,東G,,261,-3,-1.14%,5,16.6倍,2.99倍,1.15%
20260608,3440,ゼネテック,4492,東S,,377,-1,-0.26%,5,12.0倍,1.60倍,3.32%
20260608,3441,日本情報Ｃ,4054,東G,,523,0,0.00%,5,9.85倍,1.80倍,2.29%
20260608,3442,ｉ－ｐｌｕｇ,4177,東G,,"1,411",-14,-0.98%,5,10.2倍,2.96倍,3.83%
20260608,3443,ファブリカ,4193,東S,,"2,271",-1,-0.04%,5,13.0倍,3.31倍,1.76%
20260608,3444,表示灯,7368,東S,,"1,649",-37,-2.19%,5,9.61倍,0.91倍,3.94%
20260608,3445,デリバリコン,9240,東G,,423,-8,-1.86%,5,15.7倍,1.68倍,ー%
20260608,3446,野村米十債Ｈ,2648,東Ｅ,,"3,365",-24,-0.71%,5,ー倍,ー倍,ー%
20260608,3447,ニフティＬＳ,4262,東G,,"1,370",-4,-0.29%,5,10.5倍,1.40倍,4.67%
20260608,3448,上場米債ヘ有,1487,東Ｅ,,"12,095",-100,-0.82%,5,ー倍,ー倍,ー%
20260608,3449,Ｈ株ベア,1573,東Ｅ,,"8,590",+160,+1.90%,5,ー倍,ー倍,ー%
20260608,3450,野村運輸物流,1628,東Ｅ,,"20,655",+145,+0.71%,5,ー倍,ー倍,ー%
20260608,3451,ＳＸＮＹダウ,1679,東Ｅ,,"65,320","-1,130",-1.70%,5,ー倍,ー倍,ー%
20260608,3452,ナカボテック,1787,東S,,"5,140",-80,-1.53%,5,13.7倍,1.35倍,5.06%
20260608,3453,銭高組,1811,東S,,"7,640",+20,+0.26%,5,36.2倍,0.47倍,ー%
20260608,3454,インタスペス,2122,東S,,"1,228",-12,-0.97%,5,18.4倍,1.34倍,2.44%
20260608,3455,一パン,2215,東S,,600,-4,-0.66%,5,23.1倍,0.48倍,ー%
20260608,3456,ベルグアース,1383,東S,,"2,843",-2,-0.07%,4,84.3倍,2.43倍,0.35%
20260608,3457,ｉＳ最小分散,1477,東Ｅ,,"3,137",-60,-1.88%,4,ー倍,ー倍,ー%
20260608,3458,野村マレシア,1560,東Ｅ,,"6,540",-102,-1.54%,4,ー倍,ー倍,ー%
20260608,3459,ＷＴ貴金属,1676,東Ｅ,,"43,310","-1,490",-3.33%,4,ー倍,ー倍,ー%
20260608,3460,ＷＴ大豆,1697,東Ｅ,,"4,269",-61,-1.41%,4,ー倍,ー倍,ー%
20260608,3461,藤田エンジ,1770,東S,,"1,771",-54,-2.96%,4,8.13倍,0.79倍,3.84%
20260608,3462,大本組,1793,東S,,"1,914",+74,+4.02%,4,18.0倍,0.71倍,3.87%
20260608,3463,土屋ＨＤ,1840,東S,,232,-1,-0.43%,4,23.0倍,0.48倍,4.31%
20260608,3464,ＫＬＡＳＳ,6233,東S,,395,-6,-1.50%,4,8.76倍,0.65倍,2.53%
20260608,3465,コンバム,6265,東S,,"3,220",-170,-5.01%,4,21.4倍,0.83倍,1.55%
20260608,3466,タカキタ,6325,東S,,392,-4,-1.01%,4,17.9倍,0.53倍,2.55%
20260608,3467,宇野鉄,6396,東S,,"3,850",ー,ー%,4,8.86倍,1.12倍,1.30%
20260608,3468,みらいＷＫＳ,6563,東G,,498,+16,+3.32%,4,7.24倍,1.70倍,ー%
20260608,3469,ベストワン,6577,東G,,"1,962",+2,+0.10%,4,16.5倍,2.75倍,1.02%
20260608,3470,日本興業,5279,東S,,"1,127",-21,-1.83%,4,8.02倍,0.38倍,3.99%
20260608,3471,報国マテリア,5542,東S,,813,-12,-1.45%,4,10.8倍,0.93倍,3.08%
20260608,3472,ＬＩＥＨ,5856,東S,,7,0,0.00%,4,ー倍,0.31倍,ー%
20260608,3473,兼房,5984,東S,,715,-11,-1.52%,4,11.0倍,0.32倍,3.22%
20260608,3474,旭精機,6111,名M,,"1,981",-11,-0.55%,4,151倍,0.32倍,3.03%
20260608,3475,高松機械,6155,東S,,468,-4,-0.85%,4,38.0倍,0.31倍,2.14%
20260608,3476,タメニー,6181,東G,,71,-2,-2.74%,4,9.92倍,2.82倍,ー%
20260608,3477,うるる,3979,東G,,396,-2,-0.50%,4,14.0倍,2.96倍,1.09%
20260608,3478,サインポスト,3996,東S,,181,+1,+0.56%,4,35.1倍,1.23倍,ー%
20260608,3479,すららネット,3998,東G,,307,-5,-1.60%,4,ー倍,0.88倍,ー%
20260608,3480,サンエー化研,4234,東S,,661,-14,-2.07%,4,9.80倍,0.29倍,2.72%
20260608,3481,タカギセイコ,4242,東S,,"1,650",-22,-1.32%,4,7.45倍,0.37倍,3.64%
20260608,3482,竹本容器,4248,東S,,863,-4,-0.46%,4,11.6倍,0.86倍,4.40%
20260608,3483,山田債権,4351,東S,,955,-4,-0.42%,4,28.5倍,1.27倍,1.05%
20260608,3484,Ｍマート,4380,東G,,"1,108",-27,-2.38%,4,11.9倍,2.54倍,2.35%
20260608,3485,エーアイ,4388,東S,,370,+2,+0.54%,4,ー倍,1.02倍,ー%
20260608,3486,エクスＭ,4394,東G,,387,-9,-2.27%,4,17.6倍,1.42倍,3.23%
20260608,3487,シノプス,4428,東G,,630,+2,+0.32%,4,14.4倍,2.09倍,2.70%
20260608,3488,ＧＤＨ,4437,東G,,864,+10,+1.17%,4,9.62倍,1.81倍,0.58%
20260608,3489,仁丹,4524,東S,,"2,173",+22,+1.02%,4,16.8倍,0.69倍,2.99%
20260608,3490,環境管理,4657,東S,,429,-6,-1.38%,4,12.8倍,0.83倍,1.86%
20260608,3491,ピーエイ,4766,東S,,188,+1,+0.53%,4,20.2倍,4.50倍,2.77%
20260608,3492,センチュ２１,8898,東S,,"1,117",0,0.00%,4,13.8倍,1.65倍,4.74%
20260608,3493,日石輸,9074,東S,,"5,450",-180,-3.20%,4,ー倍,0.60倍,2.20%
20260608,3494,栗林船,9171,東S,,"1,708",-50,-2.84%,4,12.3倍,0.61倍,1.76%
20260608,3495,東海汽,9173,東S,,"3,010",+10,+0.33%,4,41.3倍,1.28倍,ー%
20260608,3496,東洋埠頭,9351,東S,,"1,779",-5,-0.28%,4,9.11倍,0.42倍,4.50%
20260608,3497,大運,9363,東S,,539,+12,+2.28%,4,7.69倍,0.64倍,2.97%
20260608,3498,進学会ＨＤ,9760,東S,,111,0,0.00%,4,61.7倍,0.25倍,ー%
20260608,3499,銀座ルノア,9853,東S,,900,-2,-0.22%,4,13.2倍,1.72倍,0.56%
20260608,3500,北恵,9872,東S,,874,-8,-0.91%,4,14.5倍,0.58倍,3.20%
20260608,3501,ＨＫＳ,7219,東S,,"2,273",-48,-2.07%,4,9.90倍,0.29倍,2.86%
20260608,3502,東邦レマック,7422,東S,,393,-1,-0.25%,4,28.2倍,0.45倍,2.90%
20260608,3503,初穂商事,7425,東S,,"2,440",-18,-0.73%,4,9.17倍,0.80倍,3.28%
20260608,3504,鳥羽洋行,7472,東S,,"3,620",0,0.00%,4,11.4倍,0.65倍,3.31%
20260608,3505,ハウスローゼ,7506,東S,,"1,355",0,0.00%,4,455倍,1.16倍,1.85%
20260608,3506,大水,7538,東S,,340,-5,-1.45%,4,6.38倍,0.32倍,2.06%
20260608,3507,ハンズマン,7636,東S,,796,-3,-0.38%,4,12.0倍,0.60倍,3.77%
20260608,3508,エフビー介護,9220,東S,,"1,202",-18,-1.48%,4,5.77倍,0.75倍,3.58%
20260608,3509,ヤマイチ,2984,東S,,697,-6,-0.85%,4,5.13倍,0.43倍,4.45%
20260608,3510,ヌーラボ,5033,東G,,760,-10,-1.30%,4,9.98倍,2.45倍,ー%
20260608,3511,グラッドＣ,9561,東G,,430,-8,-1.83%,4,130倍,4.79倍,ー%
20260608,3512,ビジコーチ,9562,東G,,505,+7,+1.41%,4,428倍,1.59倍,3.37%
20260608,3513,上場ダウヘ無,2235,東Ｅ,,"3,547",-55,-1.53%,4,ー倍,ー倍,ー%
20260608,3514,ｍｏｎｏＡＩ,5240,東G,,125,-3,-2.34%,4,ー倍,1.42倍,ー%
20260608,3515,サンクゼール,2937,東G,,"1,689",+18,+1.08%,4,39.0倍,3.03倍,2.07%
20260608,3516,アイズ,5242,東G,,877,-38,-4.15%,4,300倍,1.50倍,ー%
20260608,3517,プロディ,5580,東G,,"1,437",-34,-2.31%,4,15.0倍,2.58倍,ー%
20260608,3518,筑邦銀,8398,福証,,"1,854",-50,-2.63%,4,6.99倍,0.29倍,3.24%
20260608,3519,ウェリタス,130A,東G,,407,-10,-2.40%,4,ー倍,1.73倍,ー%
20260608,3520,イシン,143A,東G,,679,-5,-0.73%,4,39.8倍,1.08倍,ー%
20260608,3521,Ｍ米債長ヘ無,182A,東Ｅ,,505.6,-3.6,-0.71%,4,ー倍,ー倍,ー%
20260608,3522,スターツ出版,7849,東S,,"3,320",-15,-0.45%,4,8.42倍,1.19倍,3.92%
20260608,3523,ナラサキ,8085,東S,,"3,920",-60,-1.51%,4,7.85倍,0.68倍,3.57%
20260608,3524,ナイス,8089,東S,,"1,825",-12,-0.65%,4,6.62倍,0.36倍,4.33%
20260608,3525,丸八証券,8700,東S,,"1,712",-9,-0.52%,4,ー倍,0.83倍,ー%
20260608,3526,アサックス,8772,東S,,777,-12,-1.52%,4,6.22倍,0.49倍,2.83%
20260608,3527,ショクブン,9969,東S,,224,-1,-0.44%,4,"1,723倍",1.47倍,1.12%
20260608,3528,文教堂ＧＨＤ,9978,東S,,46,+2,+4.55%,4,170倍,-5.2倍,ー%
20260608,3529,ヤマザワ,9993,東S,,"1,153",-2,-0.17%,4,26.3倍,0.44倍,2.34%
20260608,3530,Ｃマネージ,4491,東S,,"2,951",+2,+0.07%,4,11.7倍,1.45倍,2.03%
20260608,3531,ミット,4016,東S,,881,-4,-0.45%,4,10.2倍,2.53倍,3.41%
20260608,3532,交換できる,7695,東G,,809,+5,+0.62%,4,24.2倍,2.95倍,ー%
20260608,3533,アイスコ,7698,東S,,"2,458",-2,-0.08%,4,19.8倍,2.33倍,0.85%
20260608,3534,ＡＩＰＦ,7345,東G,,966,-39,-3.88%,4,ー倍,4.43倍,ー%
20260608,3535,ランドネット,2991,東S,,564,-12,-2.08%,4,5.10倍,1.13倍,1.97%
20260608,3536,一家ＨＤ,7127,東S,,683,-1,-0.15%,4,21.9倍,5.09倍,ー%
20260608,3537,エスポア,3260,名N,,793,-14,-1.73%,4,ー倍,213倍,ー%
20260608,3538,ファンクリＧ,3266,東S,,80,-1,-1.23%,4,8.72倍,0.93倍,1.25%
20260608,3539,東武住販,3297,東S,,"1,135",+2,+0.18%,4,10.3倍,0.69倍,3.52%
20260608,3540,フライングＧ,3317,東S,,"1,342",-5,-0.37%,4,11.1倍,1.06倍,1.27%
20260608,3541,Ｊ－ＭＡＸ,3422,東S,,476,-8,-1.65%,4,5.46倍,0.29倍,1.68%
20260608,3542,サンコテクノ,3435,東S,,"1,334",-17,-1.26%,4,8.45倍,0.53倍,3.45%
20260608,3543,ジョルダン,3710,東S,,603,-5,-0.82%,4,20.5倍,0.64倍,1.00%
20260608,3544,リスモン,3768,東S,,559,+19,+3.52%,4,17.3倍,0.70倍,2.95%
20260608,3545,ガイアックス,3775,名N,,415,-2,-0.48%,4,11.8倍,1.63倍,1.20%
20260608,3546,いい生活,3796,東S,,269,-5,-1.82%,4,19.0倍,1.87倍,1.12%
20260608,3547,コラボス,3908,東S,,302,+1,+0.33%,4,28.1倍,1.03倍,1.99%
20260608,3548,ビースタイル,302A,東G,,531,-20,-3.63%,4,9.60倍,1.18倍,ー%
20260608,3549,パパネッツ,9388,福Ｑ,,"1,321",-24,-1.78%,4,7.45倍,1.57倍,3.03%
20260608,3550,ＧＸ価格日株,328A,東Ｅ,,"1,368",-33,-2.36%,4,ー倍,ー倍,ー%
20260608,3551,ミライロ,335A,東G,,377,+7,+1.89%,4,30.8倍,4.60倍,ー%
20260608,3552,ｉＦ英１００,363A,東Ｅ,,"2,629",-22,-0.83%,4,ー倍,ー倍,ー%
20260608,3553,リップス,373A,東G,,"1,532",+21,+1.39%,4,8.11倍,1.03倍,ー%
20260608,3554,ＣＳＳ,2304,東S,,921,+2,+0.22%,4,7.74倍,1.36倍,3.80%
20260608,3555,プラネット,2391,東S,,"1,182",+2,+0.17%,4,18.9倍,1.46倍,3.72%
20260608,3556,野村新興国債,2519,東Ｅ,,"1,201.0",-13.5,-1.11%,4,ー倍,ー倍,ー%
20260608,3557,農中４００,2526,東Ｅ,,"35,610","-1,010",-2.76%,4,ー倍,ー倍,ー%
20260608,3558,ユニカフェ,2597,東S,,"1,076",-2,-0.19%,4,27.7倍,2.01倍,ー%
20260608,3559,アイケイＨＤ,2722,東S,,359,-1,-0.28%,4,9.69倍,1.05倍,2.51%
20260608,3560,ヴィレッジＶ,2769,東S,,834,-12,-1.42%,4,9.00倍,27.2倍,ー%
20260608,3561,和弘食品,2813,東S,,"3,880",-5,-0.13%,4,8.57倍,0.94倍,2.84%
20260608,3562,佐藤食品,2814,東S,,"3,100",+10,+0.32%,4,30.2倍,0.55倍,1.61%
20260608,3563,はごろも,2831,東S,,"3,460",0,0.00%,4,10.9倍,0.66倍,2.02%
20260608,3564,太陽化,2902,名M,,"2,497",-53,-2.08%,4,8.71倍,0.76倍,4.04%
20260608,3565,マーチャント,3121,東S,,220,-3,-1.35%,4,27.6倍,1.43倍,0.91%
20260608,3566,大光,3160,東S,,561,-3,-0.53%,4,14.6倍,1.27倍,2.67%
20260608,3567,ＯＣＨＩＨＤ,3166,東S,,"1,374",-5,-0.36%,4,13.7倍,0.73倍,4.00%
20260608,3568,コモ,2224,東S,,"3,580",+15,+0.42%,3,60.7倍,5.81倍,0.20%
20260608,3569,ケア２１,2373,東S,,419,-1,-0.24%,3,22.7倍,1.27倍,4.06%
20260608,3570,ウェッジＨＤ,2388,東G,,38,-2,-5.00%,3,ー倍,0.62倍,ー%
20260608,3571,シダー,2435,東S,,204,-2,-0.97%,3,8.80倍,1.17倍,3.92%
20260608,3572,シスロケ,2480,東S,,"1,683",-4,-0.24%,3,14.6倍,1.47倍,2.26%
20260608,3573,タウンＮ,2481,東S,,644,-19,-2.87%,3,9.93倍,0.64倍,3.11%
20260608,3574,日本和装,2499,東S,,276,-2,-0.72%,3,9.62倍,0.69倍,5.07%
20260608,3575,夢みつけ隊,2673,東S,,90,0,0.00%,3,ー倍,0.31倍,ー%
20260608,3576,ＪＢイレブン,3066,名M,,613,+1,+0.16%,3,274倍,2.87倍,0.41%
20260608,3577,東京一番,3067,東S,,451,-1,-0.22%,3,35.0倍,2.13倍,ー%
20260608,3578,ジェーソン,3080,東S,,750,-7,-0.92%,3,64.1倍,1.62倍,1.73%
20260608,3579,富士山ＭＳ,3138,東S,,"1,137",+7,+0.62%,3,39.1倍,1.63倍,1.41%
20260608,3580,コミニックス,3173,東S,,962,-6,-0.62%,3,8.26倍,0.77倍,4.16%
20260608,3581,ハピネス＆Ｄ,3174,東S,,513,-9,-1.72%,3,ー倍,3.56倍,ー%
20260608,3582,ＧＸ高配Ｅ日,2849,東Ｅ,,"5,125",-35,-0.68%,3,ー倍,ー倍,ー%
20260608,3583,ギックス,9219,東G,,907,+1,+0.11%,3,ー倍,3.03倍,5.90%
20260608,3584,ホームポジ,2999,東S,,561,-8,-1.41%,3,22.0倍,0.89倍,1.78%
20260608,3585,エアクロ,9557,東G,,158,-2,-1.25%,3,ー倍,4.64倍,ー%
20260608,3586,ファインズ,5125,東G,,470,-4,-0.84%,3,25.9倍,0.96倍,ー%
20260608,3587,ＩＮＥＳＴ,7111,東S,,442,-11,-2.43%,3,10.7倍,0.63倍,ー%
20260608,3588,ＰＯＰＥＲ,5134,東G,,519,-11,-2.08%,3,36.6倍,2.23倍,ー%
20260608,3589,スマサポ,9342,東G,,790,-5,-0.63%,3,12.3倍,3.12倍,ー%
20260608,3590,ノバシステム,5257,東S,,"2,460",-2,-0.08%,3,7.77倍,1.46倍,4.27%
20260608,3591,ＱＬＳＨＤ,7075,東G,,773,0,0.00%,3,7.97倍,2.81倍,1.42%
20260608,3592,ＯＢシステム,5576,東S,,"2,807",-17,-0.60%,3,9.07倍,1.15倍,4.45%
20260608,3593,北海電工,1832,札証,,"1,369",-31,-2.21%,3,8.25倍,0.77倍,1.46%
20260608,3594,日糧パン,2218,札証,,"2,183",-6,-0.27%,3,38.1倍,0.83倍,0.69%
20260608,3595,農中ＤＡＸＨ,2089,東Ｅ,,"2,724",ー,ー%,3,ー倍,ー倍,ー%
20260608,3596,ＧＸオフ日Ｒ,2096,東Ｅ,,972,+6,+0.62%,3,ー倍,ー倍,ー%
20260608,3597,アスマーク,4197,東S,,"2,283",-14,-0.61%,3,18.9倍,1.68倍,3.42%
20260608,3598,バリューＣ,9238,東G,,469,-19,-3.89%,3,ー倍,27.7倍,ー%
20260608,3599,ＳＴＧ,5858,東G,,"1,089",-47,-4.14%,3,7.98倍,0.65倍,1.84%
20260608,3600,ハッチワーク,148A,東G,,"1,726",+14,+0.82%,3,15.4倍,3.19倍,ー%
20260608,3601,ＧＸ印１０＋,188A,東Ｅ,,845,-15,-1.74%,3,ー倍,ー倍,ー%
20260608,3602,ＩＮＧＳ,245A,東G,,"2,295",-55,-2.34%,3,17.1倍,2.73倍,ー%
20260608,3603,クニミネ,5388,東S,,"1,212",-3,-0.25%,3,10.9倍,0.66倍,3.30%
20260608,3604,高砂鉄,5458,東S,,"1,227",+18,+1.49%,3,8.28倍,0.72倍,3.67%
20260608,3605,中可鍛,5607,名M,,613,-4,-0.65%,3,6.05倍,0.30倍,3.10%
20260608,3606,パウダテック,5695,東S,,"2,696",-38,-1.39%,3,23.8倍,0.61倍,3.71%
20260608,3607,日カン,5905,東S,,"1,335",-25,-1.84%,3,ー倍,0.47倍,1.50%
20260608,3608,アルメタクス,5928,東S,,276,-6,-2.13%,3,23.1倍,0.31倍,2.90%
20260608,3609,洋シヤタ,5936,東S,,875,-9,-1.02%,3,6.93倍,0.53倍,4.91%
20260608,3610,アマテイ,5952,東S,,184,-2,-1.08%,3,16.2倍,1.39倍,2.72%
20260608,3611,ＴＯＮＥ,5967,東S,,442,-3,-0.67%,3,12.5倍,0.81倍,2.04%
20260608,3612,共和工業,5971,東S,,"6,900",-50,-0.72%,3,14.7倍,0.53倍,1.16%
20260608,3613,ダイジェト,6138,東S,,"1,084",-20,-1.81%,3,10.7倍,0.34倍,3.23%
20260608,3614,野村４百Ｄイ,1472,東Ｅ,,85,+1,+1.19%,3,ー倍,ー倍,ー%
20260608,3615,Ｏｎｅ中小型,1493,東Ｅ,,"24,500",-940,-3.69%,3,ー倍,ー倍,ー%
20260608,3616,野村タイ５０,1559,東Ｅ,,"4,610",-92,-1.96%,3,ー倍,ー倍,ー%
20260608,3617,太洋基礎,1758,東S,,"2,413",-114,-4.51%,3,10.2倍,0.51倍,2.69%
20260608,3618,三東工業,1788,東S,,"4,560",-80,-1.72%,3,10.2倍,0.75倍,2.85%
20260608,3619,富士ＰＳ,1848,東S,,595,0,0.00%,3,10.4倍,0.80倍,4.20%
20260608,3620,ハンセンベア,2032,東EN,,"6,364",+160,+2.58%,3,ー倍,ー倍,ー%
20260608,3621,日和産,2055,東S,,311,-10,-3.12%,3,18.8倍,0.30倍,1.93%
20260608,3622,地域新聞社,2164,東S,,288,-1,-0.35%,3,ー倍,3.85倍,ー%
20260608,3623,シイエムシイ,2185,東S,,"1,809",+8,+0.44%,3,10.6倍,1.02倍,3.15%
20260608,3624,フェニクスＢ,6190,東G,,376,-17,-4.33%,3,20.1倍,1.00倍,ー%
20260608,3625,バーチャレク,6193,東G,,984,-13,-1.30%,3,10.7倍,1.72倍,1.52%
20260608,3626,旅工房,6548,東G,,104,-2,-1.89%,3,ー倍,2.40倍,ー%
20260608,3627,ＤＭソリュ,6549,東S,,"2,070",-19,-0.91%,3,8.40倍,1.50倍,2.03%
20260608,3628,神戸天然物化,6568,東G,,"1,257",-22,-1.72%,3,ー倍,0.69倍,ー%
20260608,3629,コレックＨＤ,6578,東S,,430,-4,-0.92%,3,15.1倍,2.99倍,2.09%
20260608,3630,ＪＮグループ,6634,東S,,56,-1,-1.75%,3,23.3倍,1.11倍,ー%
20260608,3631,森尾電,6647,東S,,"2,520",-60,-2.33%,3,11.1倍,0.55倍,2.38%
20260608,3632,オプトエレ,6664,東S,,246,-3,-1.20%,3,ー倍,0.48倍,ー%
20260608,3633,天昇電,6776,東S,,256,-4,-1.54%,3,7.26倍,0.40倍,1.95%
20260608,3634,ＲＶＨ,6786,東S,,51,-1,-1.92%,3,ー倍,1.65倍,ー%
20260608,3635,東亜ＤＫＫ,6848,東S,,854,-17,-1.95%,3,18.3倍,0.73倍,2.58%
20260608,3636,パルステック,6894,東S,,"2,101",-12,-0.57%,3,9.58倍,0.72倍,4.28%
20260608,3637,ツインバード,6897,東S,,398,+1,+0.25%,3,94.3倍,0.65倍,3.27%
20260608,3638,トミタ電機,6898,東S,,"3,840",-20,-0.52%,3,62.7倍,0.79倍,ー%
20260608,3639,サンコー,6964,東S,,653,-5,-0.76%,3,10.4倍,0.35倍,3.06%
20260608,3640,ＥＭネットＪ,7036,東G,,645,-2,-0.31%,3,18.3倍,2.97倍,ー%
20260608,3641,エヌシーエヌ,7057,東S,,890,-10,-1.11%,3,10.8倍,1.25倍,3.71%
20260608,3642,あんしん保証,7183,東S,,256,-1,-0.39%,3,ー倍,1.71倍,ー%
20260608,3643,ナンシン,7399,東S,,583,-6,-1.02%,3,14.9倍,0.31倍,3.43%
20260608,3644,ハリマ共和,7444,東S,,"1,933",-11,-0.57%,3,8.46倍,0.40倍,3.10%
20260608,3645,東北化学,7446,東S,,"4,770",ー,ー%,3,9.99倍,0.51倍,2.20%
20260608,3646,ウェッズ,7551,東S,,658,+2,+0.30%,3,9.77倍,0.59倍,3.34%
20260608,3647,安楽亭,7562,東S,,"3,715",-5,-0.13%,3,22.5倍,2.08倍,0.40%
20260608,3648,ニチリョク,7578,東S,,84,-2,-2.33%,3,12.7倍,0.55倍,ー%
20260608,3649,かんなん丸,7585,東S,,413,0,0.00%,3,ー倍,4.55倍,ー%
20260608,3650,ダイイチ,7643,東S,,"1,700",0,0.00%,3,15.9倍,1.08倍,2.35%
20260608,3651,オーウエル,7670,東S,,996,-9,-0.90%,3,6.26倍,0.44倍,4.52%
20260608,3652,クボテック,7709,東S,,69,-1,-1.43%,3,ー倍,17.0倍,ー%
20260608,3653,永大産業,7822,東S,,238,-5,-2.06%,3,5.26倍,0.25倍,4.20%
20260608,3654,オープンドア,3926,東S,,255,+2,+0.79%,3,ー倍,2.29倍,ー%
20260608,3655,マイネット,3928,東S,,235,-7,-2.89%,3,7.15倍,1.47倍,ー%
20260608,3656,Ｖゴルフ,3931,東G,,"1,790",+4,+0.22%,3,29.4倍,3.02倍,1.40%
20260608,3657,イノベーショ,3970,東S,,805,-5,-0.62%,3,86.6倍,0.75倍,4.97%
20260608,3658,レイ,4317,東S,,464,-2,-0.43%,3,7.44倍,0.79倍,3.23%
20260608,3659,オリジナル設,4642,東S,,"1,445",+12,+0.84%,3,14.5倍,1.07倍,2.77%
20260608,3660,キタック,4707,東S,,326,+4,+1.24%,3,10.7倍,0.49倍,2.15%
20260608,3661,ダイサン,4750,東S,,542,+1,+0.18%,3,26.7倍,0.61倍,4.06%
20260608,3662,誠建設,8995,東S,,"1,047",-35,-3.23%,3,30.1倍,0.51倍,2.39%
20260608,3663,岡県運送,9063,東S,,"3,890",+35,+0.91%,3,6.98倍,0.29倍,1.80%
20260608,3664,ＳＦＪ,9206,東S,,"1,928",+25,+1.31%,3,24.2倍,-3.3倍,ー%
20260608,3665,ヤマシタＨＤ,9265,東S,,"2,940",-80,-2.65%,3,21.1倍,0.84倍,2.38%
20260608,3666,兵機海,9362,東S,,"3,475",-140,-3.87%,3,10.4倍,0.74倍,3.17%
20260608,3667,スマバ,9417,東S,,291,-2,-0.68%,3,ー倍,2.05倍,3.44%
20260608,3668,トーシンＨＤ,9444,東S,,175,-11,-5.91%,3,ー倍,0.40倍,ー%
20260608,3669,会舘,9701,東S,,"4,080",-110,-2.63%,3,13.3倍,1.03倍,1.23%
20260608,3670,テーオーＨＤ,9812,東S,,227,-3,-1.30%,3,8.08倍,6.30倍,ー%
20260608,3671,大丸エナ,9818,東S,,"1,722",-30,-1.71%,3,14.7倍,0.83倍,1.68%
20260608,3672,セキド,9878,東S,,436,-7,-1.58%,3,692倍,33.6倍,ー%
20260608,3673,グリクロＨＤ,272A,福証,,"1,282",-5,-0.39%,3,8.31倍,0.90倍,2.89%
20260608,3674,ＧＸＵＳＴ配,283A,東Ｅ,,"1,355",-53,-3.76%,3,ー倍,ー倍,ー%
20260608,3675,ｖｉｓｕｍｏ,303A,東G,,609,-9,-1.46%,3,59.5倍,1.82倍,ー%
20260608,3676,フライヤー,323A,東G,,389,-6,-1.52%,3,22.9倍,4.40倍,ー%
20260608,3677,ロイブ,352A,東G,,499,+1,+0.20%,3,161倍,2.74倍,ー%
20260608,3678,みのや,386A,東S,,"1,306",+2,+0.15%,3,9.83倍,1.20倍,1.89%
20260608,3679,ウリドキ,418A,名N,,"1,156",-33,-2.78%,3,20.5倍,10.3倍,ー%
20260608,3680,フィットクル,469A,東G,,"1,473",-2,-0.14%,3,10.7倍,1.91倍,ー%
20260608,3681,ＯｎｅＪ２０,496A,東Ｅ,,953.2,-4.9,-0.51%,3,ー倍,ー倍,ー%
20260608,3682,ベーシック,519A,東G,,504,+11,+2.23%,3,8.91倍,2.04倍,ー%
20260608,3683,サトー商会,9996,東S,,"2,000",-30,-1.48%,3,13.7倍,0.61倍,2.40%
20260608,3684,リビンＴ,4445,東G,,"1,537",+26,+1.72%,3,28.3倍,2.47倍,ー%
20260608,3685,日創グループ,3440,東S,,923,-2,-0.22%,3,11.4倍,0.47倍,4.55%
20260608,3686,２４７ＨＤ,7074,東G,,170,+1,+0.59%,3,207倍,28.9倍,ー%
20260608,3687,ユナイト,4486,東G,,660,-7,-1.05%,3,10.8倍,2.27倍,2.42%
20260608,3688,ミクリード,7687,東G,,407,+4,+0.99%,3,9.01倍,1.66倍,2.24%
20260608,3689,関通ＨＤ,9326,東G,,406,-6,-1.46%,3,15.4倍,1.83倍,2.46%
20260608,3690,ヴィス,5071,東S,,"1,348",+25,+1.89%,3,9.18倍,1.44倍,4.38%
20260608,3691,フィーチャ,4052,東G,,265,+6,+2.32%,3,111倍,2.24倍,ー%
20260608,3692,グッドパッチ,7351,東G,,463,-8,-1.70%,3,9.89倍,0.94倍,2.16%
20260608,3693,ＧＸロジ日Ｒ,2565,東Ｅ,,876,+9,+1.04%,3,ー倍,ー倍,ー%
20260608,3694,ベビカレ,7363,東G,,"1,060",-40,-3.64%,3,6.56倍,1.20倍,ー%
20260608,3695,ベイシス,4068,東G,,"1,769",-11,-0.62%,3,25.4倍,1.53倍,ー%
20260608,3696,ジオロケ,4018,福Ｑ,,"1,182",-28,-2.31%,3,ー倍,3.38倍,0.85%
20260608,3697,シイエヌエス,4076,東G,,"1,624",+1,+0.06%,3,8.87倍,1.14倍,3.39%
20260608,3698,デジタリフト,9244,東G,,"1,027",-16,-1.53%,3,13.2倍,1.89倍,ー%
20260608,3699,野村米十債,2647,東Ｅ,,"5,913",-40,-0.67%,3,ー倍,ー倍,ー%
20260608,3700,ヒュウガプラ,7133,東G,,"1,015",-17,-1.65%,3,11.5倍,2.65倍,1.97%
20260608,3701,セキ,7857,東S,,"1,266",-26,-2.01%,3,39.1倍,0.33倍,2.05%
20260608,3702,日本ＩＳＫ,7986,東S,,"1,801",-43,-2.33%,3,6.14倍,0.58倍,1.67%
20260608,3703,はせがわ,8230,東S,,308,0,0.00%,3,10.0倍,0.44倍,4.87%
20260608,3704,井筒屋,8260,東S,,378,0,0.00%,3,8.40倍,0.34倍,1.85%
20260608,3705,光世,8617,東S,,530,-9,-1.67%,3,ー倍,0.31倍,ー%
20260608,3706,小林洋行,8742,東S,,550,-2,-0.36%,3,ー倍,0.64倍,ー%
20260608,3707,ＩＣＤＡ,3184,東S,,"4,385",ー,ー%,3,6.84倍,0.79倍,1.60%
20260608,3708,白鳩,3192,東S,,323,-7,-2.12%,3,154倍,0.86倍,ー%
20260608,3709,ＳＬＤ,3223,東S,,901,-4,-0.44%,3,13.7倍,-5.0倍,ー%
20260608,3710,ランシステム,3326,東S,,590,+12,+2.08%,3,22.8倍,7.81倍,ー%
20260608,3711,マリオン,3494,東S,,327,-4,-1.21%,3,10.7倍,0.54倍,1.96%
20260608,3712,ＰバンＣＯＭ,3559,東S,,420,-15,-3.45%,3,15.4倍,1.37倍,2.38%
20260608,3713,山喜,3598,東S,,159,-2,-1.24%,3,25.0倍,0.70倍,ー%
20260608,3714,クラウディア,3607,東S,,352,+4,+1.15%,3,9.11倍,0.69倍,2.84%
20260608,3715,パピレス,3641,東S,,902,-2,-0.22%,3,61.4倍,0.87倍,1.11%
20260608,3716,イルグルム,3690,東S,,526,-12,-2.23%,3,16.6倍,1.76倍,1.52%
20260608,3717,大和コン,3816,東S,,"1,113",-7,-0.63%,3,22.9倍,0.79倍,1.71%
20260608,3718,ＳＩ,3826,東S,,440,-11,-2.44%,3,12.0倍,1.08倍,2.50%
20260608,3719,日本一ソフト,3851,東S,,826,0,0.00%,3,12.6倍,0.53倍,0.61%
20260608,3720,ハビックス,3895,東S,,411,-1,-0.24%,3,ー倍,0.42倍,3.89%
20260608,3721,ショーケース,3909,東S,,199,-5,-2.45%,3,15.5倍,1.01倍,ー%
20260608,3722,Ｇオイスター,3224,東G,,733,-4,-0.54%,2,115倍,2.56倍,1.36%
20260608,3723,ウィル,3241,東S,,561,0,0.00%,2,7.24倍,1.20倍,4.19%
20260608,3724,クロスプラス,3320,東S,,"1,307",-9,-0.68%,2,6.70倍,0.50倍,4.59%
20260608,3725,バッファロー,3352,東S,,"1,680",-7,-0.41%,2,8.12倍,0.61倍,4.17%
20260608,3726,メディ一光Ｇ,3353,東S,,"2,736",-3,-0.11%,2,7.93倍,0.66倍,4.39%
20260608,3727,コスモバイオ,3386,東S,,"1,212",-11,-0.90%,2,31.4倍,0.73倍,4.13%
20260608,3728,フェリシモ,3396,東S,,837,+7,+0.84%,2,19.9倍,0.30倍,2.99%
20260608,3729,エスイー,3423,東S,,271,-2,-0.73%,2,51.5倍,0.78倍,4.43%
20260608,3730,パルマ,3461,東S,,555,-1,-0.18%,2,17.9倍,1.56倍,2.34%
20260608,3731,Ｇ－ＦＡＣ,3474,東G,,531,-1,-0.19%,2,102倍,3.19倍,ー%
20260608,3732,フォーライフ,3477,東G,,771,-10,-1.28%,2,4.74倍,0.71倍,4.22%
20260608,3733,テルマー湯,3521,東S,,144,0,0.00%,2,21.2倍,0.77倍,3.47%
20260608,3734,アクサスＨＤ,3536,東S,,129,0,0.00%,2,15.7倍,1.79倍,1.55%
20260608,3735,ソトー,3571,東S,,699,+3,+0.43%,2,ー倍,0.57倍,5.72%
20260608,3736,フジックス,3600,東S,,"1,656",ー,ー%,2,ー倍,0.23倍,3.02%
20260608,3737,ボルテージ,3639,東S,,218,-1,-0.46%,2,ー倍,0.65倍,ー%
20260608,3738,コムシード,3739,名N,,124,-3,-2.36%,2,7.98倍,2.14倍,ー%
20260608,3739,Ｊエスコム,3779,東S,,143,-4,-2.72%,2,ー倍,2.95倍,ー%
20260608,3740,ユニリタ,3800,東S,,"1,957",+4,+0.20%,2,13.3倍,1.20倍,3.83%
20260608,3741,メディア工房,3815,東G,,441,0,0.00%,2,ー倍,7.62倍,ー%
20260608,3742,ジーダット,3841,東S,,"1,166",-20,-1.69%,2,21.4倍,1.24倍,3.43%
20260608,3743,岡山製紙,3892,東S,,"1,766",-2,-0.11%,2,11.7倍,0.56倍,2.83%
20260608,3744,ＭＫシステム,3910,東S,,275,-2,-0.72%,2,7.77倍,1.65倍,2.91%
20260608,3745,スパバッグ,3945,東S,,"2,157",-1,-0.05%,2,4.51倍,0.58倍,5.10%
20260608,3746,キャピタルＡ,3965,東S,,801,+5,+0.63%,2,9.92倍,1.19倍,2.62%
20260608,3747,ウォンテッド,3991,東G,,917,+17,+1.89%,2,5.66倍,1.72倍,2.18%
20260608,3748,大阪油化,4124,東S,,"2,560",+10,+0.39%,2,22.8倍,1.72倍,1.80%
20260608,3749,松本油脂,4365,東S,,"20,400",-100,-0.49%,2,ー倍,0.66倍,ー%
20260608,3750,ビープラッツ,4381,東G,,270,-7,-2.53%,2,18.7倍,-1.8倍,ー%
20260608,3751,ＢＢＳｅｃ,4398,東S,,"1,257",-17,-1.33%,2,12.1倍,2.35倍,1.27%
20260608,3752,ＤＩシステム,4421,東S,,885,-28,-3.07%,2,10.1倍,1.55倍,3.16%
20260608,3753,Ａｍａｚｉａ,4424,東G,,201,+1,+0.50%,2,ー倍,1.75倍,ー%
20260608,3754,リックソフト,4429,東G,,712,-12,-1.66%,2,20.0倍,0.97倍,ー%
20260608,3755,東名,4439,東S,,759,+18,+2.43%,2,8.74倍,2.15倍,1.71%
20260608,3756,ケミファ,4539,東S,,"1,545",-10,-0.64%,2,93.4倍,0.29倍,3.24%
20260608,3757,京進,4735,東S,,311,-6,-1.89%,2,12.0倍,0.61倍,2.51%
20260608,3758,昭和システム,4752,東S,,"1,500",-9,-0.60%,2,8.89倍,1.09倍,4.07%
20260608,3759,ＩＣ,4769,東S,,"1,039",-17,-1.61%,2,20.4倍,1.20倍,3.85%
20260608,3760,シーボン,4926,東S,,"1,201",+1,+0.08%,2,25.0倍,0.88倍,1.67%
20260608,3761,昭和化,4990,東S,,481,-3,-0.62%,2,ー倍,0.55倍,1.25%
20260608,3762,ダントーＨＤ,5337,東S,,753,-27,-3.46%,2,ー倍,2.94倍,ー%
20260608,3763,ＪＭＣ,5704,東G,,395,-6,-1.50%,2,16.7倍,1.27倍,ー%
20260608,3764,ダイケン,5900,東S,,824,+8,+0.98%,2,12.9倍,0.33倍,3.03%
20260608,3765,高田機,5923,東S,,"1,072",+1,+0.09%,2,28.4倍,0.30倍,4.66%
20260608,3766,天竜製鋸,5945,東S,,"2,484",-26,-1.04%,2,15.0倍,0.57倍,3.34%
20260608,3767,ＫＴＣ,5966,東S,,"2,459",+58,+2.42%,2,12.6倍,0.47倍,3.25%
20260608,3768,カネソウ,5979,名M,,"5,070",ー,ー%,2,10.5倍,0.46倍,3.94%
20260608,3769,協立エアテク,5997,東S,,821,-7,-0.85%,2,8.62倍,0.40倍,2.44%
20260608,3770,赤阪鉄,6022,東S,,"2,489",+10,+0.40%,2,37.0倍,0.30倍,ー%
20260608,3771,イトクロ,6049,東G,,253,-7,-2.69%,2,16.6倍,0.56倍,ー%
20260608,3772,ウチヤマＨＤ,6059,東S,,346,-4,-1.14%,2,22.9倍,0.47倍,2.89%
20260608,3773,ミクロン,6159,東S,,"1,965",+5,+0.26%,2,20.1倍,0.64倍,0.61%
20260608,3774,ゲンダイ,2411,東S,,444,+4,+0.91%,2,9.39倍,1.26倍,5.63%
20260608,3775,ブラス,2424,東S,,595,0,0.00%,2,10.1倍,0.75倍,1.34%
20260608,3776,野村外国株Ｈ,2514,東Ｅ,,"1,969",-39,-1.94%,2,ー倍,ー倍,ー%
20260608,3777,ＭＸＪリコア,2517,東Ｅ,,"1,078.5",+14.5,+1.36%,2,ー倍,ー倍,ー%
20260608,3778,マルサンアイ,2551,名M,,"3,530",+5,+0.14%,2,9.68倍,1.07倍,0.85%
20260608,3779,上場リートＭ,2552,東Ｅ,,"1,895",+7,+0.37%,2,ー倍,ー倍,ー%
20260608,3780,アスモ,2654,東S,,388,-2,-0.51%,2,13.3倍,0.75倍,2.58%
20260608,3781,タビオ,2668,東S,,"1,249",+5,+0.40%,2,18.5倍,1.58倍,2.40%
20260608,3782,ＣＶＳベイ,2687,東S,,481,+5,+1.05%,2,9.69倍,0.76倍,4.16%
20260608,3783,カルラ,2789,東S,,459,+4,+0.88%,2,17.2倍,1.21倍,1.09%
20260608,3784,ファマライズ,2796,東S,,503,+3,+0.60%,2,21.8倍,0.89倍,2.78%
20260608,3785,ダイショー,2816,東S,,"1,400",0,0.00%,2,32.2倍,1.34倍,1.43%
20260608,3786,石井食,2894,東S,,325,+3,+0.93%,2,77.2倍,1.42倍,1.23%
20260608,3787,あじかん,2907,東S,,"1,368",+4,+0.29%,2,8.90倍,0.56倍,4.24%
20260608,3788,仙波糖化,2916,東S,,712,-13,-1.79%,2,11.3倍,0.64倍,2.11%
20260608,3789,オーウイル,3143,東S,,635,0,0.00%,2,8.18倍,0.97倍,3.46%
20260608,3790,セカンドＸ,5028,東G,,349,-6,-1.69%,2,20.1倍,2.80倍,ー%
20260608,3791,ＡＳＮＯＶＡ,9223,東G,,397,+3,+0.76%,2,ー倍,1.66倍,0.50%
20260608,3792,ペットゴー,7140,東G,,808,-22,-2.65%,2,18.6倍,1.51倍,ー%
20260608,3793,ＨＯＵＳＥＩ,5035,東G,,383,-2,-0.52%,2,15.1倍,0.83倍,0.78%
20260608,3794,上場仏債ヘ無,2861,東Ｅ,,"5,782",-164,-2.76%,2,ー倍,ー倍,ー%
20260608,3795,キューブ,7112,東G,,699,-16,-2.24%,2,64.8倍,1.07倍,ー%
20260608,3796,アトラスＴ,9563,東G,,287,0,0.00%,2,53.4倍,1.25倍,ー%
20260608,3797,リベース,5138,東G,,402,-18,-4.29%,2,35.9倍,1.54倍,ー%
20260608,3798,フーディソン,7114,東G,,770,+1,+0.13%,2,19.1倍,1.46倍,ー%
20260608,3799,アソインター,9340,東S,,663,-7,-1.04%,2,12.9倍,2.11倍,3.92%
20260608,3800,ＢＴＭ,5247,東G,,550,0,0.00%,2,23.5倍,2.14倍,ー%
20260608,3801,ＧＭＯプラ,5250,東S,,"1,104",-33,-2.90%,2,82.5倍,2.83倍,1.84%
20260608,3802,上場ＳＰイ１,2240,東Ｅ,,"5,481",+127,+2.37%,2,ー倍,ー倍,ー%
20260608,3803,ハルメク,7119,東G,,"1,603",-12,-0.74%,2,14.8倍,1.99倍,2.50%
20260608,3804,エキサイト,5571,東S,,998,0,0.00%,2,13.7倍,1.34倍,3.28%
20260608,3805,昭和鉄,5953,福証,,"5,800",ー,ー%,2,4.92倍,0.39倍,2.59%
20260608,3806,ロジネットＪ,9027,札証,,"4,030",0,0.00%,2,7.26倍,0.89倍,4.27%
20260608,3807,インバＰＦ,5587,東G,,795,-9,-1.12%,2,11.6倍,1.72倍,ー%
20260608,3808,ｉＦ米債７無,2015,東Ｅ,,"2,163",-11,-0.51%,2,ー倍,ー倍,ー%
20260608,3809,ＪＳＨ,150A,東G,,341,-7,-2.01%,2,48.3倍,1.00倍,ー%
20260608,3810,イタミアート,168A,東G,,"1,130",-13,-1.14%,2,9.95倍,1.25倍,1.77%
20260608,3811,ＧＸ超長米債,180A,東Ｅ,,292.9,-2.1,-0.71%,2,ー倍,ー倍,ー%
20260608,3812,ウィルスマ,175A,東G,,608,-25,-3.95%,2,32.8倍,-26倍,ー%
20260608,3813,インテＧ,192A,東G,,"1,361",-2,-0.15%,2,37.6倍,1.63倍,ー%
20260608,3814,キッズスター,248A,東G,,876,+1,+0.11%,2,32.3倍,0.96倍,ー%
20260608,3815,原田工業,6904,東S,,443,+2,+0.45%,2,15.6倍,0.68倍,2.26%
20260608,3816,ソフィア,6942,東S,,"1,302",-2,-0.15%,2,862倍,2.01倍,ー%
20260608,3817,ＴＤＳＥ,7046,東G,,"1,290",-20,-1.53%,2,31.8倍,1.14倍,0.78%
20260608,3818,共栄セキュリ,7058,東S,,"3,000",-35,-1.15%,2,8.10倍,0.88倍,3.00%
20260608,3819,フレアス,7062,東G,,744,-27,-3.50%,2,5.88倍,0.89倍,1.42%
20260608,3820,近畿車,7122,東S,,"2,246",-43,-1.88%,2,15.5倍,0.43倍,2.23%
20260608,3821,カネミツ,7208,東S,,"1,150",+1,+0.09%,2,8.65倍,0.47倍,3.57%
20260608,3822,エイケン工業,7265,東S,,"3,690",+10,+0.27%,2,12.6倍,0.62倍,2.98%
20260608,3823,創健社,7413,東S,,"2,449",-46,-1.84%,2,85.7倍,1.45倍,0.82%
20260608,3824,ムラキ,7477,東S,,"1,795",-32,-1.75%,2,ー倍,0.92倍,ー%
20260608,3825,サンリン,7486,東S,,732,+6,+0.83%,2,9.20倍,0.40倍,3.28%
20260608,3826,西川計測,7500,東S,,"9,810",ー,ー%,2,11.1倍,1.37倍,3.57%
20260608,3827,清和中央ＨＤ,7531,東S,,"1,310",-40,-2.96%,2,14.3倍,0.32倍,1.68%
20260608,3828,スリーエフ,7544,東S,,566,+1,+0.18%,2,14.3倍,1.04倍,3.18%
20260608,3829,ポプラ,7601,東S,,165,0,0.00%,2,13.7倍,13.8倍,ー%
20260608,3830,オーエムツー,7614,東S,,"1,536",-5,-0.32%,2,10.2倍,0.57倍,2.34%
20260608,3831,ＮａＩＴＯ,7624,東S,,133,-1,-0.75%,2,27.0倍,0.55倍,3.01%
20260608,3832,Ｇダイニング,7625,東S,,465,-2,-0.43%,2,7.03倍,0.83倍,1.08%
20260608,3833,シンシア,7782,東S,,457,-4,-0.87%,2,12.2倍,1.09倍,3.50%
20260608,3834,幸和製,7807,東S,,824,-6,-0.72%,2,7.05倍,1.00倍,1.58%
20260608,3835,ＣＳランバー,7808,東S,,"2,600",-25,-0.95%,2,6.01倍,0.41倍,3.08%
20260608,3836,ホーブ,1382,東S,,"1,500",-20,-1.32%,2,63.5倍,1.57倍,3.33%
20260608,3837,キャンディル,1446,東S,,522,-3,-0.57%,2,24.3倍,1.54倍,1.92%
20260608,3838,ＷＴガソリン,1691,東Ｅ,,"13,505",+140,+1.05%,2,ー倍,ー倍,ー%
20260608,3839,ＷＴニッケル,1694,東Ｅ,,"2,500.5",-49.5,-1.94%,2,ー倍,ー倍,ー%
20260608,3840,暁飯島工業,1997,東S,,"3,685",-15,-0.41%,2,10.6倍,0.93倍,2.58%
20260608,3841,グロス２５０,2042,東EN,,"7,844",-195,-2.43%,2,ー倍,ー倍,ー%
20260608,3842,ヒップ,2136,東S,,"1,429",+13,+0.92%,2,13.0倍,1.33倍,4.97%
20260608,3843,中広,2139,東S,,475,-6,-1.25%,2,10.8倍,1.49倍,2.95%
20260608,3844,成学社,2179,東S,,757,-5,-0.66%,2,6.90倍,0.97倍,4.36%
20260608,3845,一蔵,6186,東S,,372,0,0.00%,2,11.6倍,0.76倍,4.03%
20260608,3846,エンシュウ,6218,東S,,599,-9,-1.48%,2,15.1倍,0.36倍,2.00%
20260608,3847,タクミナ,6322,東S,,"1,566",-12,-0.76%,2,8.76倍,0.95倍,3.45%
20260608,3848,明治機,6334,東S,,451,0,0.00%,2,48.6倍,1.58倍,1.33%
20260608,3849,高見サイ,6424,東S,,867,-10,-1.14%,2,6.96倍,0.55倍,2.65%
20260608,3850,ヨシタケ,6488,東S,,933,-3,-0.32%,2,8.54倍,0.65倍,3.86%
20260608,3851,ＯＳＧコーポ,6757,東S,,819,-11,-1.33%,2,14.3倍,1.73倍,4.88%
20260608,3852,コスモス,6772,東S,,"1,101",-33,-2.91%,2,ー倍,0.96倍,ー%
20260608,3853,名古屋電機,6797,東S,,"1,165",+7,+0.60%,2,24.5倍,0.57倍,4.29%
20260608,3854,伊豆シャボ,6819,東S,,456,-1,-0.22%,2,8.63倍,1.34倍,4.39%
20260608,3855,アイフィス,7833,東S,,631,+3,+0.48%,2,10.7倍,1.04倍,4.75%
20260608,3856,アールシー,7837,東S,,295,-5,-1.67%,2,2.39倍,0.77倍,ー%
20260608,3857,エステール,7872,東S,,589,-8,-1.34%,2,14.4倍,0.53倍,4.58%
20260608,3858,サンメッセ,7883,東S,,379,-1,-0.26%,2,24.4倍,0.42倍,2.37%
20260608,3859,ソノコム,7902,東S,,999,-17,-1.67%,2,20.2倍,0.39倍,1.30%
20260608,3860,ヴィアＨＤ,7918,東S,,104,+1,+0.97%,2,ー倍,-1.1倍,ー%
20260608,3861,旭化学,7928,東S,,603,+3,+0.50%,2,36.7倍,0.33倍,1.66%
20260608,3862,日デコラ,7950,名M,,"8,600",ー,ー%,2,12.7倍,0.41倍,4.30%
20260608,3863,リヒトラブ,7975,東S,,"1,061",-5,-0.47%,2,18.0倍,0.33倍,2.36%
20260608,3864,ミロク,7983,東S,,"1,058",-17,-1.58%,2,5.09倍,0.28倍,0.95%
20260608,3865,ユアサフナ,8006,東S,,"1,489",-6,-0.40%,2,10.5倍,0.60倍,2.22%
20260608,3866,ナイガイ,8013,東S,,368,-4,-1.08%,2,41.1倍,0.42倍,ー%
20260608,3867,東ソワール,8040,東S,,"1,030",-7,-0.68%,2,10.2倍,0.33倍,4.37%
20260608,3868,ヤマトインタ,8127,東S,,589,-3,-0.51%,2,60.0倍,0.67倍,2.38%
20260608,3869,三京化,8138,東S,,"3,990",+30,+0.76%,2,9.19倍,0.39倍,2.51%
20260608,3870,ヤマナカ,8190,名M,,520,-1,-0.19%,2,28.3倍,0.55倍,1.92%
20260608,3871,大和デ,8247,東S,,273,+2,+0.74%,2,15.3倍,0.28倍,ー%
20260608,3872,日銀,8301,東証,,"24,000",-10,-0.04%,2,ー倍,ー倍,ー%
20260608,3873,ＲＩＳＥ,8836,東S,,24,0,0.00%,2,ー倍,-1.0倍,ー%
20260608,3874,ＧＶＡテック,298A,東G,,272,-3,-1.09%,2,633倍,6.31倍,ー%
20260608,3875,フォルシア,304A,東G,,"1,747",+31,+1.81%,2,7.83倍,1.08倍,ー%
20260608,3876,フラー,387A,東G,,832,-9,-1.07%,2,12.8倍,1.22倍,ー%
20260608,3877,防衛航空欧州,498A,東EN,,"8,652",-83,-0.95%,2,ー倍,ー倍,ー%
20260608,3878,ｉＳ国債〇一,570A,東Ｅ,,900.3,+0.2,+0.02%,2,ー倍,ー倍,ー%
20260608,3879,サンネクスタ,8945,東S,,"1,118",+1,+0.09%,2,18.2倍,1.32倍,3.76%
20260608,3880,日ロジテム,9060,東S,,"4,065",-65,-1.57%,2,7.86倍,0.33倍,1.97%
20260608,3881,アサガミ,9311,東S,,"7,590",ー,ー%,2,8.58倍,0.46倍,ー%
20260608,3882,伏木運,9361,東S,,"1,992",-78,-3.77%,2,6.00倍,0.40倍,2.51%
20260608,3883,ユーラシア,9376,東S,,753,-1,-0.13%,2,42.7倍,1.61倍,6.64%
20260608,3884,フォーバルＴ,9445,東S,,528,-5,-0.94%,2,9.83倍,2.24倍,4.73%
20260608,3885,中央経済ＨＤ,9476,東S,,975,-30,-2.99%,2,30.0倍,0.85倍,1.33%
20260608,3886,北陸ガス,9537,東S,,"4,275",+65,+1.54%,2,10.9倍,0.37倍,1.87%
20260608,3887,きんえい,9636,東S,,"4,185",+15,+0.36%,2,77.8倍,4.23倍,0.24%
20260608,3888,グリンランド,9656,東S,,602,-1,-0.17%,2,12.5倍,0.59倍,2.49%
20260608,3889,グランド,9720,東S,,"5,410",-160,-2.87%,2,65.2倍,1.62倍,0.46%
20260608,3890,ビステム,9780,東S,,898,-3,-0.33%,2,8.01倍,0.80倍,4.01%
20260608,3891,共同紙,9849,東S,,"4,480",ー,ー%,2,46.6倍,0.76倍,1.12%
20260608,3892,英和,9857,東S,,"2,401",-39,-1.60%,2,8.21倍,0.80倍,4.00%
20260608,3893,ソレキア,9867,東S,,"10,410",0,0.00%,2,6.47倍,0.70倍,0.67%
20260608,3894,ハチバン,9950,東S,,"3,405",+5,+0.15%,2,108倍,2.63倍,0.59%
20260608,3895,アシードＨＤ,9959,東S,,890,0,0.00%,2,11.0倍,1.38倍,2.70%
20260608,3896,セキチュー,9976,東S,,"1,050",ー,ー%,2,16.3倍,0.48倍,2.86%
20260608,3897,サイバーバズ,7069,東G,,"1,126",-4,-0.35%,2,12.5倍,5.16倍,ー%
20260608,3898,名南Ｍ＆Ａ,7076,名M,,953,-5,-0.52%,2,22.1倍,1.78倍,0.91%
20260608,3899,ＡＬｉＮＫ,7077,東G,,973,0,0.00%,2,39.1倍,1.27倍,ー%
20260608,3900,ひとまいる,7686,東S,,416,+3,+0.73%,2,18.7倍,2.43倍,4.81%
20260608,3901,コパ,7689,東G,,373,-11,-2.86%,2,"1,097倍",1.44倍,ー%
20260608,3902,Ｋラーニング,7353,東G,,566,-2,-0.35%,2,11.8倍,2.73倍,ー%
20260608,3903,インタファク,4057,東G,,350,-8,-2.23%,2,26.7倍,1.16倍,ー%
20260608,3904,ｉＳ新興債Ｈ,2622,東Ｅ,,"1,725",-26,-1.48%,2,ー倍,ー倍,ー%
20260608,3905,ｉＳユＩＧＨ,2623,東Ｅ,,"1,942",-17,-0.87%,2,ー倍,ー倍,ー%
20260608,3906,レッティ,7356,東G,,115,-2,-1.71%,2,13.9倍,5.02倍,ー%
20260608,3907,ジオコード,7357,東S,,"1,503",-11,-0.73%,2,39.3倍,3.90倍,1.66%
20260608,3908,クリーマ,4017,東G,,206,-4,-1.90%,2,44.8倍,1.23倍,ー%
20260608,3909,Ｈｉクラテス,4172,東S,,"2,129",-23,-1.07%,2,10.5倍,1.09倍,4.13%
20260608,3910,オンデック,7360,東G,,594,-20,-3.26%,2,11.9倍,1.78倍,ー%
20260608,3911,ＧＸデジ日株,2626,東Ｅ,,"2,900",-77,-2.59%,2,ー倍,ー倍,ー%
20260608,3912,アピリッツ,4174,東S,,615,-6,-0.97%,2,21.8倍,1.40倍,4.72%
20260608,3913,テンダ,4198,東S,,510,-4,-0.78%,2,113倍,1.31倍,4.31%
20260608,3914,Ｅｎｊｉｎ,7370,東G,,728,0,0.00%,2,17.9倍,1.14倍,5.49%
20260608,3915,デコルテＨＤ,7372,東G,,366,-4,-1.08%,2,7.87倍,0.36倍,ー%
20260608,3916,コンフインタ,7374,東G,,"1,519",-5,-0.33%,2,10.2倍,1.52倍,5.60%
20260608,3917,ＧＸＬＥ日株,2645,東Ｅ,,"2,705",-29,-1.06%,2,ー倍,ー倍,ー%
20260608,3918,ミアヘルサ,7129,東S,,"1,124",-1,-0.09%,2,8.75倍,0.80倍,2.67%
20260608,3919,ＧＲＣＳ,9250,東G,,958,+16,+1.70%,2,21.2倍,-18倍,ー%
20260608,3920,ＭＸ米債ヘ有,2839,東Ｅ,,"5,030",-46,-0.91%,2,ー倍,ー倍,ー%
20260608,3921,長栄,2993,東S,,"2,032",-8,-0.39%,2,9.64倍,0.72倍,4.92%
20260608,3922,ＲＩ,9214,東G,,"1,264",-10,-0.78%,2,10.9倍,2.24倍,ー%
20260608,3923,アルテック,9972,東S,,267,0,0.00%,1,9.19倍,0.43倍,2.62%
20260608,3924,ブランドＴ,7067,東G,,"1,014",-24,-2.31%,1,24.9倍,1.28倍,0.99%
20260608,3925,ＭＸ中国株投,2530,東Ｅ,,"17,405",-195,-1.11%,1,ー倍,ー倍,ー%
20260608,3926,インフォネ,4444,東G,,810,ー,ー%,1,29.2倍,1.50倍,ー%
20260608,3927,ツクルバ,2978,東G,,371,-1,-0.27%,1,23.5倍,4.10倍,ー%
20260608,3928,レオクラン,7681,東S,,786,-6,-0.76%,1,20.2倍,0.81倍,2.16%
20260608,3929,ＡＨＣ,7083,東G,,739,+5,+0.68%,1,16.6倍,1.34倍,1.62%
20260608,3930,ウイルテック,7087,東S,,"1,281",-14,-1.08%,1,8.78倍,0.93倍,3.36%
20260608,3931,アディッシュ,7093,東G,,503,-1,-0.20%,1,18.1倍,2.00倍,ー%
20260608,3932,エコミック,3802,東S,,464,+1,+0.22%,1,11.3倍,1.17倍,2.80%
20260608,3933,上場ＥＳＧリ,2566,東Ｅ,,996,+7,+0.71%,1,ー倍,ー倍,ー%
20260608,3934,バリオ,4494,東S,,645,-9,-1.38%,1,ー倍,0.47倍,ー%
20260608,3935,バルミューダ,6612,東G,,570,+9,+1.60%,1,487倍,1.92倍,ー%
20260608,3936,ビートレンド,4020,東G,,670,-7,-1.03%,1,ー倍,2.02倍,ー%
20260608,3937,インバウＴ,7031,東G,,582,-36,-5.83%,1,ー倍,1.01倍,ー%
20260608,3938,ＳＡＮＥＩ,6230,東S,,"2,197",+2,+0.09%,1,7.86倍,0.66倍,3.41%
20260608,3939,ＨＣＨ,7361,東G,,"1,186",+16,+1.37%,1,8.47倍,2.51倍,3.79%
20260608,3940,ＧＸガバ日株,2636,東Ｅ,,"4,739",-46,-0.96%,1,ー倍,ー倍,ー%
20260608,3941,ｉＦＥＧＢＡ,2629,東Ｅ,,"3,700",-66,-1.75%,1,ー倍,ー倍,ー%
20260608,3942,ワンプラ,4199,東G,,728,-14,-1.89%,1,ー倍,5.56倍,ー%
20260608,3943,ＧＸバイ日株,2639,東Ｅ,,"1,655",-19,-1.14%,1,ー倍,ー倍,ー%
20260608,3944,ＳＭＴ低炭素,2642,東Ｅ,,"51,010","-1,080",-2.07%,1,ー倍,ー倍,ー%
20260608,3945,ドリムベッド,7791,東S,,782,-2,-0.26%,1,6.48倍,0.66倍,4.73%
20260608,3946,ラキール,4074,東G,,755,0,0.00%,1,12.9倍,1.40倍,ー%
20260608,3947,ＦＬネット,9241,東G,,"1,255",+30,+2.45%,1,37.6倍,3.82倍,ー%
20260608,3948,モビルス,4370,東G,,298,-3,-1.00%,1,ー倍,1.34倍,ー%
20260608,3949,ジィ・シィ,4073,東G,,435,-6,-1.36%,1,20.4倍,5.97倍,ー%
20260608,3950,プロＨＤ,9246,東G,,"1,009",0,0.00%,1,15.8倍,2.34倍,ー%
20260608,3951,ラバブルＭＧ,9254,東G,,"1,129",+14,+1.26%,1,ー倍,1.93倍,ー%
20260608,3952,ハイブリッド,4260,東G,,249,-3,-1.19%,1,"2,767倍",1.37倍,ー%
20260608,3953,上場豪債ヘ有,2843,東Ｅ,,"3,728",-14,-0.37%,1,ー倍,ー倍,ー%
20260608,3954,ナガオカ,6239,東S,,"1,301",-1,-0.08%,1,20.1倍,1.16倍,2.69%
20260608,3955,ゼネラルパ,6267,東S,,"3,610",0,0.00%,1,7.89倍,0.82倍,3.32%
20260608,3956,太平製,6342,東S,,"2,762",+1,+0.04%,1,7.99倍,0.50倍,3.62%
20260608,3957,キクカワ,6346,東S,,"5,680",ー,ー%,1,19.7倍,0.53倍,2.11%
20260608,3958,クラッチ,6408,東S,,"4,170",-60,-1.42%,1,20.1倍,0.31倍,ー%
20260608,3959,日宣,6543,東S,,"1,151",+13,+1.14%,1,13.6倍,1.13倍,2.87%
20260608,3960,フルテック,6546,東S,,"1,093",-7,-0.64%,1,14.7倍,0.84倍,3.11%
20260608,3961,要興業,6566,東S,,"1,190",-26,-2.14%,1,12.3倍,0.91倍,ー%
20260608,3962,ＣＧＳＨＤ,6633,東S,,337,-3,-0.88%,1,15.0倍,0.98倍,2.97%
20260608,3963,東洋電機,6655,名M,,742,-13,-1.72%,1,13.1倍,0.47倍,2.70%
20260608,3964,ユビテック,6662,東S,,218,+1,+0.46%,1,ー倍,2.16倍,ー%
20260608,3965,ズーム,6694,東S,,642,0,0.00%,1,13.9倍,0.50倍,4.98%
20260608,3966,リーダー電子,6867,東S,,415,-1,-0.24%,1,25.4倍,0.49倍,3.61%
20260608,3967,ＣａＳｙ,9215,東G,,891,+1,+0.11%,1,ー倍,6.09倍,ー%
20260608,3968,マーキュリー,5025,東G,,639,-12,-1.84%,1,21.6倍,1.60倍,ー%
20260608,3969,イメージＭ,7793,東G,,"1,494",+25,+1.70%,1,8.36倍,1.94倍,2.34%
20260608,3970,ストレジ王,2997,東G,,946,+7,+0.75%,1,13.1倍,1.42倍,ー%
20260608,3971,ｉＳＧＪリト,2852,東Ｅ,,171.2,+1.3,+0.77%,1,ー倍,ー倍,ー%
20260608,3972,ＧＸグリ日Ｒ,2855,東Ｅ,,922,+4,+0.44%,1,ー倍,ー倍,ー%
20260608,3973,ポーターズ,5126,東G,,"1,354",-30,-2.17%,1,10.4倍,1.53倍,ー%
20260608,3974,ＰＢシステム,4447,東G,,437,-4,-0.91%,1,15.4倍,2.36倍,4.58%
20260608,3975,アップコン,5075,名N,,"1,278",+8,+0.63%,1,25.4倍,2.91倍,ー%
20260608,3976,ＧＬＯＥ,9565,東G,,675,-1,-0.15%,1,ー倍,3.66倍,ー%
20260608,3977,フリーダム,8996,東S,,956,-7,-0.73%,1,5.43倍,1.00倍,5.75%
20260608,3978,ＭＸダウへ有,2242,東Ｅ,,654.8,-10.3,-1.55%,1,ー倍,ー倍,ー%
20260608,3979,アクシスＣ,9344,東G,,950,-2,-0.21%,1,19.7倍,1.50倍,3.68%
20260608,3980,ビズメイツ,9345,東G,,560,-12,-2.10%,1,8.88倍,0.95倍,2.68%
20260608,3981,エコム,6225,名M,,"2,010",0,0.00%,1,12.7倍,1.09倍,1.69%
20260608,3982,野村仏十債Ｈ,2246,東Ｅ,,708.9,-2.2,-0.31%,1,ー倍,ー倍,ー%
20260608,3983,ｉＳ日株気候,2250,東Ｅ,,363.6,-3.3,-0.90%,1,ー倍,ー倍,ー%
20260608,3984,エリッツＨＤ,5533,東S,,"1,845",-19,-1.02%,1,9.03倍,1.17倍,3.79%
20260608,3985,ブリーチ,9162,東G,,235,0,0.00%,1,ー倍,0.64倍,ー%
20260608,3986,大英産業,2974,福証,,877,-2,-0.23%,1,6.27倍,0.35倍,2.74%
20260608,3987,トラックワン,3047,福Ｑ,,739,-14,-1.86%,1,8.06倍,1.08倍,1.49%
20260608,3988,ほくたけ,3055,札証,,887,ー,ー%,1,15.9倍,0.28倍,2.25%
20260608,3989,ＮＴＬ,3849,札Ａ,,616,-14,-2.22%,1,7.64倍,0.78倍,ー%
20260608,3990,キャリアＢ,4834,札証,,"1,736",0,0.00%,1,ー倍,1.54倍,ー%
20260608,3991,ＧＳＩ,5579,札証,,"1,300",+1,+0.08%,1,13.3倍,1.07倍,4.92%
20260608,3992,Ｍｉｓｕｍｉ,7441,福証,,"1,784",0,0.00%,1,11.5倍,0.47倍,2.80%
20260608,3993,南日銀,8554,福証,,"1,272",-8,-0.63%,1,7.11倍,0.27倍,3.93%
20260608,3994,豊和銀,8559,福証,,458,-3,-0.65%,1,6.50倍,0.50倍,2.18%
20260608,3995,中道リース,8594,札証,,677,ー,ー%,1,5.55倍,0.36倍,2.22%
20260608,3996,中バス,9085,札証,,"6,000",ー,ー%,1,13.1倍,0.48倍,ー%
20260608,3997,政策保有解消,2081,東Ｅ,,"1,995",-52,-2.54%,1,ー倍,ー倍,ー%
20260608,3998,揚羽,9330,東G,,842,-2,-0.24%,1,38.9倍,1.28倍,ー%
20260608,3999,農中ＮＱ１Ｈ,2087,東Ｅ,,"3,422",-153,-4.28%,1,ー倍,ー倍,ー%
20260608,4000,笹徳印刷,3958,東S,,558,-3,-0.53%,1,11.7倍,0.32倍,3.23%
20260608,4001,ＧＸ住宅日Ｒ,2097,東Ｅ,,962,-6,-0.62%,1,ー倍,ー倍,ー%
20260608,4002,エスネット,5867,東G,,"1,115",-28,-2.45%,1,14.4倍,2.08倍,ー%
20260608,4003,ナイル,5618,東G,,288,0,0.00%,1,53.4倍,6.37倍,ー%
20260608,4004,ハンモック,173A,東G,,"1,329",-10,-0.75%,1,9.57倍,1.74倍,3.39%
20260608,4005,Ｍ米債短ヘ無,181A,東Ｅ,,535.7,-0.6,-0.11%,1,ー倍,ー倍,ー%
20260608,4006,学びエイド,184A,東G,,325,-1,-0.31%,1,ー倍,1.96倍,ー%
20260608,4007,ファベル,220A,東S,,910,-25,-2.67%,1,11.9倍,1.05倍,3.30%
20260608,4008,ＳＭＴ厳選投,257A,東Ｅ,,"3,276",-131,-3.85%,1,ー倍,ー倍,ー%
20260608,4009,ＳＭＴ内リ厳,258A,東Ｅ,,"2,049",+14,+0.69%,1,ー倍,ー倍,ー%
20260608,4010,リプライオリ,242A,福Ｑ,,503,0,0.00%,1,6.87倍,0.88倍,4.53%
20260608,4011,福留ハ,2291,東S,,492,-3,-0.61%,1,11.7倍,0.66倍,ー%
20260608,4012,滝沢ハム,2293,東S,,"2,657",+38,+1.45%,1,68.2倍,1.63倍,0.75%
20260608,4013,ケアサービス,2425,東S,,656,-2,-0.30%,1,32.3倍,0.84倍,3.35%
20260608,4014,野村女性活躍,2518,東Ｅ,,"2,344",-6,-0.26%,1,ー倍,ー倍,ー%
20260608,4015,ｉＦＪリコア,2528,東Ｅ,,"1,072",+6,+0.56%,1,ー倍,ー倍,ー%
20260608,4016,魚喜,2683,東S,,"1,002",+1,+0.10%,1,84.1倍,2.79倍,1.00%
20260608,4017,フェスタリア,2736,東S,,669,0,0.00%,1,15.0倍,1.42倍,1.05%
20260608,4018,プリメックス,2795,東S,,939,ー,ー%,1,13.0倍,0.58倍,2.66%
20260608,4019,ユタカフーズ,2806,東S,,"1,922",+1,+0.05%,1,125倍,0.58倍,2.08%
20260608,4020,日東ベスト,2877,東S,,735,+1,+0.14%,1,22.2倍,0.53倍,1.63%
20260608,4021,クリエイト,3024,東S,,995,-2,-0.20%,1,ー倍,0.70倍,ー%
20260608,4022,カワサキ,3045,東S,,"1,463",-5,-0.34%,1,11.2倍,0.53倍,3.42%
20260608,4023,ハイパー,3054,東S,,235,+1,+0.43%,1,22.3倍,0.74倍,2.98%
20260608,4024,三洋堂ＨＤ,3058,東S,,692,+6,+0.87%,1,33.6倍,1.66倍,0.14%
20260608,4025,ライフフーズ,3065,東S,,"1,615",+1,+0.06%,1,68.5倍,2.92倍,0.31%
20260608,4026,ＤＶｘ,3079,東S,,981,-6,-0.61%,1,31.9倍,1.17倍,5.10%
20260608,4027,オーミケンシ,3111,東S,,184,0,0.00%,1,ー倍,1.32倍,ー%
20260608,4028,サイボー,3123,東S,,640,-4,-0.62%,1,8.28倍,0.42倍,2.81%
20260608,4029,ミサワ,3169,東S,,664,+2,+0.30%,1,27.3倍,1.45倍,1.20%
20260608,4030,光ビジネス,3948,東S,,"1,135",-7,-0.61%,1,29.1倍,0.64倍,4.41%
20260608,4031,大村紙業,3953,東S,,740,+2,+0.27%,1,9.03倍,0.52倍,4.05%
20260608,4032,昭和パックス,3954,東S,,"2,893",-56,-1.90%,1,ー倍,0.48倍,1.73%
20260608,4033,イムラ,3955,東S,,798,-12,-1.48%,1,17.3倍,0.45倍,3.76%
20260608,4034,ＳＣＡＴ,3974,東S,,530,-5,-0.93%,1,13.3倍,0.82倍,2.64%
20260608,4035,テモナ,3985,東S,,174,+1,+0.58%,1,45.4倍,2.63倍,ー%
20260608,4036,ＳＹＳＨＤ,3988,東S,,524,-12,-2.24%,1,9.18倍,1.42倍,1.53%
20260608,4037,スガイ,4120,東S,,"2,500",0,0.00%,1,ー倍,0.39倍,3.60%
20260608,4038,ニックス,4243,東S,,876,-5,-0.57%,1,10.7倍,0.43倍,2.28%
20260608,4039,ＺＵＵ,4387,東G,,487,-8,-1.62%,1,231倍,2.25倍,ー%
20260608,4040,ソフト９９,4464,東S,,"3,490",0,0.00%,1,24.3倍,1.28倍,1.95%
20260608,4041,カイノス,4556,東S,,"2,268",0,0.00%,1,ー倍,1.38倍,ー%
20260608,4042,中京医薬,4558,東S,,197,0,0.00%,1,24.8倍,0.82倍,2.54%
20260608,4043,川上塗,4616,東S,,"1,789",0,0.00%,1,9.79倍,0.51倍,2.52%
20260608,4044,市進ＨＤ,4645,東S,,430,+7,+1.65%,1,9.74倍,1.40倍,2.33%
20260608,4045,秀英,4678,東S,,310,+2,+0.65%,1,4.62倍,0.44倍,3.23%
20260608,4046,田谷,4679,東S,,251,-6,-2.33%,1,187倍,2.34倍,ー%
20260608,4047,城南進研,4720,東S,,229,0,0.00%,1,21.9倍,1.32倍,2.18%
20260608,4048,トスネット,4754,東S,,"1,499",-15,-0.99%,1,13.0倍,0.83倍,2.47%
20260608,4049,ＸＮＥＴ,4762,東S,,"1,576",+7,+0.45%,1,14.6倍,2.02倍,4.44%
20260608,4050,ホットマン,3190,東S,,569,0,0.00%,1,10.9倍,0.52倍,1.93%
20260608,4051,アールエイジ,3248,東S,,878,-15,-1.68%,1,12.1倍,0.59倍,4.10%
20260608,4052,エストラスト,3280,東S,,963,-10,-1.03%,1,5.84倍,0.54倍,3.53%
20260608,4053,日本麻,3306,東S,,602,-8,-1.31%,1,885倍,1.26倍,0.66%
20260608,4054,トーエル,3361,東S,,846,-14,-1.63%,1,11.5倍,0.75倍,2.72%
20260608,4055,関門海,3372,東S,,220,0,0.00%,1,25.1倍,2.14倍,ー%
20260608,4056,ピクスタ,3416,東S,,830,+5,+0.61%,1,13.7倍,1.36倍,5.42%
20260608,4057,アートＧ,3419,名N,,"1,910",ー,ー%,1,746倍,4.26倍,ー%
20260608,4058,ケーエフシー,3420,東S,,"1,501",+1,+0.07%,1,10.2倍,0.50倍,4.66%
20260608,4059,丸八ＨＤ,3504,名M,,"1,230",0,0.00%,1,10.3倍,0.33倍,4.07%
20260608,4060,昭栄薬品,3537,東S,,"1,605",-3,-0.19%,1,12.6倍,0.58倍,2.55%
20260608,4061,ＡＴＡＯ,3550,東G,,221,0,0.00%,1,13.9倍,1.18倍,2.26%
20260608,4062,東海染,3577,東S,,920,-7,-0.76%,1,19.4倍,0.37倍,2.72%
20260608,4063,ネットイヤー,3622,東S,,500,-5,-0.99%,1,14.4倍,1.26倍,1.40%
20260608,4064,駅探,3646,東S,,316,+2,+0.64%,1,ー倍,1.23倍,2.53%
20260608,4065,協立情報通信,3670,名M,,"1,630",-18,-1.09%,1,5.86倍,0.82倍,3.99%
20260608,4066,エンカレッジ,3682,東S,,577,-1,-0.17%,1,17.2倍,1.08倍,4.68%
20260608,4067,情報企画,3712,東S,,935,-10,-1.06%,1,12.9倍,1.90倍,2.57%
20260608,4068,ＡＤＲ１２０,3750,東S,,795,-5,-0.63%,1,355倍,323倍,ー%
20260608,4069,システムディ,3804,東S,,442,-13,-2.86%,1,12.1倍,1.72倍,2.49%
20260608,4070,ＯＫＷＥＢ,3808,名N,,29,-2,-6.45%,1,ー倍,3.45倍,ー%
20260608,4071,ＯＤＫ,3839,東S,,623,+5,+0.81%,1,17.0倍,0.80倍,1.61%
20260608,4072,メディックス,331A,東S,,472,-1,-0.21%,1,8.34倍,1.05倍,4.03%
20260608,4073,ＧＸＳＰＣＦ,356A,東Ｅ,,"1,486",-21,-1.39%,1,ー倍,ー倍,ー%
20260608,4074,エレコミ,353A,福証,,"1,416",+15,+1.07%,1,18.6倍,6.14倍,ー%
20260608,4075,野村米債７５,376A,東Ｅ,,"4,914",-33,-0.67%,1,ー倍,ー倍,ー%
20260608,4076,ＡＩＧＨＤ,377A,名M,,"1,025",-26,-2.47%,1,36.9倍,1.45倍,ー%
20260608,4077,ＧＭＯテック,415A,東G,,"4,635",-130,-2.73%,1,16.5倍,2.00倍,5.97%
20260608,4078,ｉＦリート２,443A,東Ｅ,,"1,808",+7,+0.39%,1,ー倍,ー倍,ー%
20260608,4079,野村高利Ｊリ,459A,東Ｅ,,"10,305",+235,+2.33%,1,ー倍,ー倍,ー%
20260608,4080,ＳＳ米株Ｈ,450A,東Ｅ,,762.5,-16.9,-2.17%,1,ー倍,ー倍,ー%
20260608,4081,ＧＸＵ社債,468A,東Ｅ,,289.6,-1.1,-0.38%,1,ー倍,ー倍,ー%
20260608,4082,ＯｎｅＪ高ク,492A,東Ｅ,,978.5,-2.7,-0.28%,1,ー倍,ー倍,ー%
20260608,4083,農中リート２,530A,東Ｅ,,"1,794",+11,+0.62%,1,ー倍,ー倍,ー%
20260608,4084,農中ＮＱ１Ｕ,534A,東Ｅ,,"2,409",-46,-1.87%,1,ー倍,ー倍,ー%
20260608,4085,ＧＸ先進ＣＦ,564A,東Ｅ,,"1,056",-18,-1.68%,1,ー倍,ー倍,ー%
20260608,4086,ＧＸ純銀Ｈ,578A,東Ｅ,,259.4,-19.6,-7.03%,1,ー倍,ー倍,ー%
20260608,4087,ウイルコＨＤ,7831,東S,,72,-1,-1.37%,1,11.4倍,0.90倍,2.78%
20260608,4088,グラファイト,7847,東S,,619,+4,+0.65%,1,19.3倍,0.80倍,4.85%
20260608,4089,ピープル,7865,東S,,352,-1,-0.28%,1,ー倍,0.83倍,ー%
20260608,4090,福島印刷,7870,名M,,395,+3,+0.77%,1,40.1倍,0.41倍,2.53%
20260608,4091,ヤマトモビＭ,7886,東S,,599,-10,-1.64%,1,56.7倍,1.28倍,ー%
20260608,4092,セブン工業,7896,東S,,490,+1,+0.20%,1,48.6倍,0.36倍,4.08%
20260608,4093,光村印,7916,東S,,"1,800",-11,-0.61%,1,ー倍,0.30倍,2.78%
20260608,4094,研創,7939,東S,,556,-7,-1.24%,1,9.50倍,0.62倍,4.14%
20260608,4095,セーラー,7992,東S,,103,-2,-1.90%,1,ー倍,2.85倍,ー%
20260608,4096,東海エレ,8071,名M,,"2,792",-20,-0.71%,1,16.0倍,0.32倍,4.08%
20260608,4097,トルク,8077,東S,,206,+2,+0.98%,1,8.47倍,0.33倍,2.91%
20260608,4098,キング,8118,東S,,"1,079",-1,-0.09%,1,24.6倍,0.74倍,1.67%
20260608,4099,川辺,8123,東S,,"1,313",0,0.00%,1,10.4倍,0.32倍,3.81%
20260608,4100,ラピーヌ,8143,東S,,171,-6,-3.39%,1,ー倍,0.54倍,ー%
20260608,4101,デンキョーＧ,8144,東S,,"1,328",+11,+0.84%,1,13.5倍,0.30倍,3.01%
20260608,4102,トミタ,8147,東S,,"1,240",-4,-0.32%,1,9.46倍,0.50倍,2.02%
20260608,4103,タカチホ,8225,東S,,"3,240",-35,-1.07%,1,6.53倍,0.88倍,3.40%
20260608,4104,マルイチ,8228,名M,,"1,146",0,0.00%,1,12.6倍,0.88倍,2.44%
20260608,4105,リード,6982,東S,,585,0,0.00%,1,25.3倍,0.60倍,2.05%
20260608,4106,ニッチツ,7021,東S,,"1,765",-45,-2.49%,1,28.9倍,0.28倍,1.70%
20260608,4107,アンファク,7035,東S,,239,-5,-2.05%,1,ー倍,3.35倍,ー%
20260608,4108,サンライフＨ,7040,東S,,956,-9,-0.93%,1,7.41倍,0.85倍,3.66%
20260608,4109,ＣＲＧＨＤ,7041,東G,,259,+3,+1.17%,1,14.5倍,0.49倍,ー%
20260608,4110,アクセスＨＤ,7042,東S,,586,-2,-0.34%,1,10.8倍,1.37倍,3.75%
20260608,4111,アルー,7043,東G,,910,-12,-1.30%,1,9.41倍,1.79倍,1.21%
20260608,4112,テイン,7217,東S,,423,-2,-0.47%,1,12.0倍,0.62倍,4.26%
20260608,4113,桜井製,7255,東S,,470,-2,-0.42%,1,36.0倍,0.30倍,1.49%
20260608,4114,盟和産,7284,東S,,"1,251",+6,+0.48%,1,13.7倍,0.36倍,4.00%
20260608,4115,小田原機器,7314,東S,,"1,150",-5,-0.43%,1,43.6倍,0.91倍,3.48%
20260608,4116,はるやまＨＤ,7416,東S,,679,+8,+1.19%,1,106倍,0.47倍,2.28%
20260608,4117,横浜魚類,7443,東S,,620,+1,+0.16%,1,25.9倍,1.44倍,1.29%
20260608,4118,セフテック,7464,東S,,"1,567",0,0.00%,1,19.0倍,0.38倍,3.83%
20260608,4119,プラザＨＤ,7502,東S,,"1,654",ー,ー%,1,21.4倍,1.66倍,1.51%
20260608,4120,アイエーＧ,7509,東S,,"4,670",ー,ー%,1,4.97倍,0.41倍,3.43%
20260608,4121,アールビバン,7523,東S,,"1,650",+7,+0.43%,1,10.8倍,0.93倍,3.64%
20260608,4122,メディキット,7749,東S,,"2,807",-45,-1.58%,1,14.3倍,0.87倍,3.56%
20260608,4123,プリントＮ,7805,東S,,726,+8,+1.11%,1,9.42倍,0.80倍,1.79%
20260608,4124,クレステック,7812,東S,,"2,016",-18,-0.88%,1,7.24倍,0.63倍,5.06%
20260608,4125,東京ボード,7815,東S,,260,-7,-2.62%,1,ー倍,0.86倍,ー%
20260608,4126,日本色材,4920,東S,,"1,115",+15,+1.36%,1,12.1倍,0.53倍,2.69%
20260608,4127,ハーバー研,4925,東S,,"1,700",-7,-0.41%,1,13.7倍,0.67倍,2.35%
20260608,4128,東洋ドライ,4976,東S,,"1,289",-1,-0.08%,1,8.53倍,0.47倍,2.59%
20260608,4129,昭和ＨＤ,5103,東S,,39,0,0.00%,1,ー倍,2.70倍,ー%
20260608,4130,新東,5380,東S,,"1,156",-5,-0.43%,1,ー倍,0.25倍,3.24%
20260608,4131,鶴弥,5386,名M,,385,0,0.00%,1,ー倍,0.23倍,ー%
20260608,4132,北越メ,5446,東S,,"1,236",+1,+0.08%,1,ー倍,0.27倍,ー%
20260608,4133,川岸工,5921,東S,,"4,050",-20,-0.49%,1,13.9倍,0.38倍,3.46%
20260608,4134,浅香工,5962,東S,,"1,655",-12,-0.72%,1,9.35倍,0.35倍,3.02%
20260608,4135,中国工,5974,東S,,751,+2,+0.27%,1,9.08倍,0.41倍,3.06%
20260608,4136,オーネックス,5987,東S,,"1,999",-7,-0.35%,1,50.9倍,0.59倍,1.00%
20260608,4137,スーパツール,5990,東S,,"1,951",ー,ー%,1,27.1倍,0.45倍,3.08%
20260608,4138,エクストリム,6033,東G,,"1,362",-22,-1.59%,1,7.93倍,1.06倍,4.99%
20260608,4139,ＭＲＴ,6034,東G,,625,+5,+0.81%,1,26.5倍,0.75倍,ー%
20260608,4140,ニッキ,6042,東S,,"4,000",0,0.00%,1,12.5倍,0.54倍,3.00%
20260608,4141,ＥＡＪ,6063,東S,,846,-36,-4.08%,1,15.2倍,1.14倍,ー%
20260608,4142,秩父鉄,9012,東S,,"2,092",-8,-0.38%,1,13.5倍,0.56倍,ー%
20260608,4143,センコン物流,9051,東S,,"1,290",+9,+0.70%,1,13.3倍,1.05倍,1.16%
20260608,4144,京極運,9073,東S,,"1,218",-2,-0.16%,1,31.5倍,0.73倍,0.99%
20260608,4145,大和自,9082,東S,,"1,227",ー,ー%,1,54.7倍,0.57倍,0.81%
20260608,4146,タカセ,9087,東S,,"1,986",ー,ー%,1,12.1倍,0.50倍,1.76%
20260608,4147,ＣＢＣ,9402,名P,,"1,165",-12,-1.02%,1,19.5倍,0.38倍,2.15%
20260608,4148,ＭＨグループ,9439,東S,,241,0,0.00%,1,ー倍,5.64倍,ー%
20260608,4149,アイドマＭＣ,9466,東S,,222,-2,-0.89%,1,13.9倍,0.86倍,4.50%
20260608,4150,昭文社ＨＤ,9475,東S,,476,+3,+0.63%,1,23.8倍,0.60倍,1.05%
20260608,4151,セレスポ,9625,東S,,"1,075",-4,-0.37%,1,8.67倍,0.60倍,4.65%
20260608,4152,武蔵野,9635,東S,,"2,507",ー,ー%,1,87.4倍,0.66倍,ー%
20260608,4153,中日興,9643,名M,,"11,090",ー,ー%,1,118倍,1.63倍,0.54%
20260608,4154,協和コンサル,9647,東S,,"7,010",ー,ー%,1,6.12倍,0.89倍,0.43%
20260608,4155,御園座,9664,名M,,"1,509",+7,+0.47%,1,116倍,1.60倍,ー%
20260608,4156,ホウライ,9679,東S,,"2,303",ー,ー%,1,19.3倍,0.97倍,1.04%
20260608,4157,京都ホ,9723,東S,,630,-5,-0.79%,1,21.1倍,3.14倍,0.48%
20260608,4158,ジュンテン,9835,東S,,508,+2,+0.40%,1,27.5倍,0.33倍,1.97%
20260608,4159,天満屋ス,9846,東S,,976,+2,+0.21%,1,8.01倍,0.40倍,2.05%
20260608,4160,シャルレ,9885,東S,,338,+2,+0.60%,1,45.8倍,0.39倍,2.37%
20260608,4161,コンセック,9895,東S,,"1,260",+9,+0.72%,1,22.2倍,0.28倍,2.14%
20260608,4162,平和紙業,9929,東S,,471,+1,+0.21%,1,28.1倍,0.43倍,2.55%
20260608,4163,北沢産,9930,東S,,339,-5,-1.45%,1,20.3倍,0.55倍,2.95%
20260608,4164,ｉＦ４百Ｗベ,1466,東Ｅ,,230,+14,+6.48%,1,ー倍,ー倍,ー%
20260608,4165,ｉＦ４百,1599,東Ｅ,,"35,610","-1,120",-3.05%,1,ー倍,ー倍,ー%
20260608,4166,ＷＴエナジー,1685,東Ｅ,,835.4,-6.6,-0.78%,1,ー倍,ー倍,ー%
20260608,4167,ＮＩＴＴＯＨ,1738,名M,,568,-1,-0.18%,1,7.43倍,0.47倍,3.17%
20260608,4168,マサル,1795,東S,,"4,830",0,0.00%,1,15.1倍,0.77倍,2.28%
20260608,4169,守谷商会,1798,東S,,"1,000",-24,-2.34%,1,6.41倍,0.58倍,3.80%
20260608,4170,協和日成,1981,東S,,"1,303",0,0.00%,1,10.5倍,0.64倍,3.99%
20260608,4171,神田通機,1992,東S,,"2,765",ー,ー%,1,21.1倍,1.00倍,3.07%
20260608,4172,東証ＲＥＩＴ,2066,東EN,,"24,330",ー,ー%,1,ー倍,ー倍,ー%
20260608,4173,ソーバル,2186,東S,,898,0,0.00%,1,16.8倍,1.56倍,3.67%
