日付,順位,銘柄名,コード,市場,状態,株価,前日差,騰落率,売買代金,PER,PBR,配当利回り
20260616,1,キオクシア,285A,東P,,"94,720","+3,810",+4.19%,"3,434,249",ー倍,37.0倍,ー%
20260616,2,太陽誘電,6976,東P,,"20,190",+905,+4.69%,"795,831",140倍,7.33倍,0.45%
20260616,3,ＳＢＧ,9984,東P,,"7,102",-37,-0.52%,"433,923",ー倍,2.30倍,0.15%
20260616,4,村田製,6981,東P,,"10,530",+470,+4.67%,"396,383",65.4倍,7.05倍,0.66%
20260616,5,アドテスト,6857,東P,,"30,340",+920,+3.13%,"367,103",47.2倍,27.6倍,ー%
20260616,6,東エレク,8035,東P,,"70,860","-1,900",-2.61%,"346,365",ー倍,15.8倍,ー%
20260616,7,フジクラ,5803,東P,,"4,738",+392,+9.02%,"317,159",50.3倍,14.0倍,0.80%
20260616,8,日経レバ,1570,東Ｅ,,"78,180",+10,+0.01%,"292,371",ー倍,ー倍,ー%
20260616,9,イビデン,4062,東P,,"22,445",-305,-1.34%,"212,976",108倍,11.4倍,0.16%
20260616,10,古河電,5801,東P,,"46,130","+2,160",+4.91%,"194,674",39.6倍,7.78倍,0.48%
20260616,11,ディスコ,6146,東P,,"81,550","-3,700",-4.34%,"167,841",ー倍,15.1倍,ー%
20260616,12,レーザーテク,6920,東P,,"46,570","-1,730",-3.58%,"146,100",58.0倍,18.5倍,0.71%
20260616,13,ＪＸ金属,5016,東P,Ｓ,"4,466",+700,+18.59%,"142,821",37.3倍,5.85倍,0.45%
20260616,14,三井金属,5706,東P,,"48,500","+3,810",+8.53%,"129,390",37.0倍,6.73倍,0.58%
20260616,15,三菱ＵＦＪ,8306,東P,,"3,228.0",-14.0,-0.43%,"124,767",13.5倍,1.63倍,2.97%
20260616,16,住友電,5802,東P,,"12,320",+790,+6.85%,"106,913",30.0倍,3.50倍,1.27%
20260616,17,三菱重,7011,東P,,"3,810.0",+151.0,+4.13%,"103,558",33.7倍,4.15倍,0.76%
20260616,18,コクサイエレ,6525,東P,,"9,745",-213,-2.14%,"100,384",58.7倍,10.4倍,0.48%
20260616,19,三井住友ＦＧ,8316,東P,,"6,409",-110,-1.69%,"87,035",14.4倍,1.55倍,2.81%
20260616,20,レゾナック,4004,東P,,"18,290",-105,-0.57%,"80,223",43.0倍,4.66倍,0.36%
20260616,21,日東紡,3110,東P,,"21,690","+2,230",+11.46%,"79,042",46.5倍,4.55倍,0.65%
20260616,22,任天堂,7974,東P,,"7,218",+108,+1.52%,"78,050",26.8倍,2.82倍,2.24%
20260616,23,みずほＦＧ,8411,東P,,"7,757",-36,-0.46%,"76,205",14.5倍,1.67倍,1.93%
20260616,24,ファストリ,9983,東P,,"81,950",+870,+1.07%,"72,515",52.4倍,9.55倍,0.78%
20260616,25,ＴＤＫ,6762,東P,,"3,802",-104,-2.66%,"67,701",32.1倍,3.30倍,1.05%
20260616,26,ルネサス,6723,東P,,"4,484",-4,-0.09%,"64,577",ー倍,3.20倍,ー%
20260616,27,ＩＨＩ,7013,東P,,"2,774.5",+69.5,+2.57%,"63,945",17.8倍,4.51倍,0.83%
20260616,28,ＳＵＭＣＯ,3436,東P,,"4,155",-150,-3.48%,"61,786",ー倍,2.55倍,ー%
20260616,29,ＧＯ,581A,東G,,"2,640",ー,ー%,"60,128",32.0倍,9.21倍,ー%
20260616,30,トヨタ,7203,東P,,"2,847.5",-55.0,-1.89%,"58,766",11.2倍,0.84倍,3.51%
20260616,31,ソニーＧ,6758,東P,,"3,275.0",-45.0,-1.36%,"58,701",16.6倍,2.38倍,1.07%
20260616,32,日立,6501,東P,,"4,747",+10,+0.21%,"53,234",25.0倍,3.24倍,ー%
20260616,33,スクリン,7735,東P,,"14,970",+110,+0.74%,"51,383",25.7倍,5.82倍,1.17%
20260616,34,パナＨＤ,6752,東P,,"4,079",+69,+1.72%,"48,911",22.7倍,1.83倍,1.32%
20260616,35,川重,7012,東P,,"3,031.0",+125.5,+4.32%,"40,692",23.0倍,2.89倍,1.32%
20260616,36,ファナック,6954,東P,,"7,400",+56,+0.76%,"40,352",37.4倍,3.70倍,ー%
20260616,37,三菱電,6503,東P,,"5,872",+14,+0.24%,"39,688",25.3倍,2.68倍,1.02%
20260616,38,信越化,4063,東P,,"7,454",-110,-1.45%,"39,575",ー倍,3.11倍,ー%
20260616,39,キーエンス,6861,東P,,"75,500",-150,-0.20%,"37,187",ー倍,5.27倍,0.73%
20260616,40,三井物,8031,東P,,"4,703",-135,-2.79%,"36,497",14.5倍,1.52倍,2.98%
20260616,41,三菱商,8058,東P,,"4,595",-133,-2.81%,"36,077",15.3倍,1.78倍,2.72%
20260616,42,メイコー,6787,東P,,"34,850","+4,450",+14.64%,"34,793",33.5倍,6.93倍,0.46%
20260616,43,東京海上,8766,東P,,"7,288",-13,-0.18%,"32,520",16.8倍,2.57倍,3.36%
20260616,44,ＮＴＴ,9432,東P,,145.9,-0.7,-0.48%,"31,914",12.1倍,1.22倍,3.70%
20260616,45,野村日経平均,1321,東Ｅ,,"72,570",-50,-0.07%,"31,729",ー倍,ー倍,ー%
20260616,46,野村日半導,200A,東Ｅ,,"5,863",+63,+1.09%,"30,086",ー倍,ー倍,ー%
20260616,47,リクルート,6098,東P,,"10,750",+30,+0.28%,"29,363",24.0倍,9.43倍,0.24%
20260616,48,アストロＨＤ,186A,東G,,"1,375",-130,-8.64%,"28,996",ー倍,23.6倍,ー%
20260616,49,日経Ｄインバ,1357,東Ｅ,,"2,656",-1,-0.04%,"27,696",ー倍,ー倍,ー%
20260616,50,ローム,6963,東P,,"5,069",-188,-3.58%,"26,052",67.5倍,2.58倍,0.99%
20260616,51,ＨＯＹＡ,7741,東P,,"27,065",+435,+1.63%,"26,022",ー倍,8.87倍,ー%
20260616,52,安川電,6506,東P,,"6,845",+190,+2.85%,"25,931",37.8倍,3.67倍,1.05%
20260616,53,りそなＨＤ,8308,東P,,"2,144.5",-58.5,-2.66%,"25,169",15.6倍,1.66倍,1.73%
20260616,54,ＮＥＣ,6701,東P,,"3,849",+2,+0.05%,"23,887",ー倍,2.32倍,1.04%
20260616,55,住友鉱,5713,東P,,"8,863",-337,-3.66%,"23,771",17.1倍,1.15倍,2.34%
20260616,56,ＩＮＰＥＸ,1605,東P,,"3,378.0",-117.0,-3.35%,"23,353",9.81倍,0.80倍,3.20%
20260616,57,ダイキン,6367,東P,,"23,590",+230,+0.98%,"23,047",23.6倍,2.02倍,1.53%
20260616,58,ＪＳＢ,3480,東P,,"8,980","+1,050",+13.24%,"22,172",31.9倍,4.11倍,ー%
20260616,59,ゆうちょ銀,7182,東P,,"3,170.0",-28.0,-0.88%,"21,936",17.1倍,1.23倍,2.93%
20260616,60,ホンダ,7267,東P,,"1,439.0",-19.0,-1.30%,"21,858",21.6倍,0.47倍,4.86%
20260616,61,京セラ,6971,東P,,"3,777",-60,-1.56%,"20,559",35.1倍,1.48倍,1.48%
20260616,62,オリックス,8591,東P,,"6,305",+135,+2.19%,"20,527",13.1倍,1.55倍,2.97%
20260616,63,荏原,6361,東P,,"6,232",+28,+0.45%,"19,838",28.6倍,5.49倍,1.06%
20260616,64,コマツ,6301,東P,,"6,650",-167,-2.45%,"19,316",18.7倍,1.69倍,2.86%
20260616,65,ミネベア,6479,東P,,"4,618",+142,+3.17%,"19,289",22.3倍,2.06倍,1.30%
20260616,66,富士通,6702,東P,,"3,276.0",+16.0,+0.49%,"19,284",18.3倍,2.81倍,1.68%
20260616,67,武蔵精密,7220,東P,,"4,795",+150,+3.23%,"19,260",48.4倍,2.58倍,0.83%
20260616,68,ＰｏｗｅｒＸ,485A,東G,,"2,791",+406,+17.02%,"19,254",256倍,46.3倍,ー%
20260616,69,ＪＴ,2914,東P,,"6,099",+29,+0.48%,"19,164",19.0倍,2.65倍,3.97%
20260616,70,ＳＭＣ,6273,東P,,"69,030","-1,100",-1.57%,"19,100",25.6倍,2.06倍,1.45%
20260616,71,鹿島,1812,東P,,"5,899",-231,-3.77%,"19,039",16.1倍,1.93倍,2.47%
20260616,72,伊藤忠,8001,東P,,"1,859.5",-47.5,-2.49%,"18,632",13.7倍,1.97倍,2.37%
20260616,73,三井住友トラ,8309,東P,,"5,979",-82,-1.35%,"18,373",10.9倍,1.17倍,3.18%
20260616,74,商船三井,9104,東P,,"5,559",-127,-2.23%,"18,164",11.2倍,0.66倍,3.69%
20260616,75,丸紅,8002,東P,,"4,921",-121,-2.40%,"18,077",13.9倍,1.84倍,2.34%
20260616,76,ソシオネクス,6526,東P,,"2,400.0",-4.0,-0.17%,"18,026",42.1倍,3.16倍,2.08%
20260616,77,ＫＤＤＩ,9433,東P,,"2,714.5",-3.5,-0.13%,"17,832",ー倍,2.04倍,3.09%
20260616,78,日本マイクロ,6871,東P,,"15,510",-390,-2.45%,"17,815",ー倍,8.13倍,ー%
20260616,79,味の素,2802,東P,,"5,146",+86,+1.70%,"17,636",41.0倍,6.38倍,0.97%
20260616,80,楽天Ｗブル,1458,東Ｅ,,"93,290",-60,-0.06%,"17,465",ー倍,ー倍,ー%
20260616,81,ＳＢ,9434,東P,,211.6,+1.4,+0.67%,"17,413",18.3倍,3.84倍,4.16%
20260616,82,日経ブル２,1579,東Ｅ,,845.8,+0.6,+0.07%,"16,889",ー倍,ー倍,ー%
20260616,83,大成建,1801,東P,,"14,710",-455,-3.00%,"16,781",15.9倍,2.53倍,2.58%
20260616,84,住友不,8830,東P,,"3,552.0",-133.0,-3.61%,"16,401",14.7倍,1.33倍,1.46%
20260616,85,ニデック,6594,東P,,"2,737",+9,+0.33%,"16,353",ー倍,1.78倍,ー%
20260616,86,住友商,8053,東P,,"6,529",-38,-0.58%,"15,753",12.3倍,1.68倍,2.45%
20260616,87,中外薬,4519,東P,,"7,523",+95,+1.28%,"15,677",ー倍,6.49倍,1.75%
20260616,88,武田,4502,東P,,"5,020",-68,-1.34%,"15,368",47.8倍,1.07倍,4.06%
20260616,89,ＧＸ半導日株,2644,東Ｅ,,"4,600",-87,-1.86%,"15,266",ー倍,ー倍,ー%
20260616,90,サンリオ,8136,東P,,870.0,+24.5,+2.90%,"15,132",20.3倍,7.66倍,1.52%
20260616,91,郵船,9101,東P,,"5,466",-58,-1.05%,"15,105",11.3倍,0.72倍,3.66%
20260616,92,三井不,8801,東P,,"1,530.0",-40.5,-2.58%,"15,011",14.5倍,1.26倍,2.42%
20260616,93,キヤノン,7751,東P,,"4,306",-21,-0.49%,"14,890",11.0倍,1.07倍,3.72%
20260616,94,富士フイルム,4901,東P,,"3,379.0",-60.0,-1.74%,"14,614",14.4倍,1.05倍,2.22%
20260616,95,ＭＳ＆ＡＤ,8725,東P,,"4,616",-57,-1.22%,"14,397",15.7倍,1.40倍,3.68%
20260616,96,第一ライフ,8750,東P,,"1,789.5",+13.5,+0.76%,"14,164",12.6倍,1.51倍,4.02%
20260616,97,Ｆスターズ,3687,東P,,"2,333",+206,+9.69%,"14,088",38.7倍,8.61倍,0.81%
20260616,98,ＪＲ東海,9022,東P,,"3,351.0",+1.0,+0.03%,"13,967",7.14倍,0.63倍,0.95%
20260616,99,良品計画,7453,東P,,"3,568.0",-61.0,-1.68%,"13,944",30.6倍,5.02倍,0.90%
20260616,100,第一三共,4568,東P,,"2,519.5",-26.5,-1.04%,"13,849",17.6倍,2.75倍,3.97%
20260616,101,セブン＆アイ,3382,東P,,"1,912.5",-27.0,-1.39%,"13,587",16.4倍,1.22倍,3.14%
20260616,102,リガクＨＤ,268A,東P,,"2,555",-19,-0.74%,"13,537",46.3倍,6.62倍,0.74%
20260616,103,菱地所,8802,東P,,"4,185",-92,-2.15%,"13,504",21.5倍,1.88倍,1.17%
20260616,104,パーク２４,4666,東P,,"2,162.5",+298.0,+15.98%,"13,351",8.39倍,3.34倍,3.01%
20260616,105,ＡＩメカ,6227,東S,,"8,080",-260,-3.12%,"13,081",49.4倍,11.2倍,0.21%
20260616,106,東電ＨＤ,9501,東P,,513.5,-17.8,-3.35%,"12,892",ー倍,0.34倍,ー%
20260616,107,デクセリ,4980,東P,,"4,568",+283,+6.60%,"12,808",27.8倍,7.00倍,1.40%
20260616,108,野村総研,4307,東P,,"4,505",-60,-1.31%,"12,650",21.2倍,5.81倍,1.86%
20260616,109,日本製鉄,5401,東P,,566.0,-8.2,-1.43%,"12,421",13.5倍,0.53倍,4.24%
20260616,110,富士電機,6504,東P,,"14,375",+15,+0.10%,"11,375",20.0倍,2.62倍,ー%
20260616,111,大林組,1802,東P,,"3,178.0",-149.0,-4.48%,"11,350",13.9倍,1.74倍,2.96%
20260616,112,ホトニクス,6965,東P,,"2,648.0",+12.5,+0.47%,"11,344",46.8倍,2.39倍,1.44%
20260616,113,ＮＧＫ,5333,東P,,"6,747",+112,+1.69%,"11,286",23.2倍,2.35倍,1.57%
20260616,114,スカＪＳＡＴ,9412,東P,,"3,270",+50,+1.55%,"11,276",34.3倍,3.05倍,1.47%
20260616,115,データセク,3905,東G,,"5,200",+355,+7.33%,"11,250",19.0倍,8.92倍,ー%
20260616,116,野村,8604,東P,,"1,415.0",+1.0,+0.07%,"11,165",ー倍,1.10倍,ー%
20260616,117,日本郵政,6178,東P,,"2,264.5",-21.0,-0.92%,"11,080",16.3倍,0.64倍,2.65%
20260616,118,ＡＧＣ,5201,東P,,"7,270",-112,-1.52%,"11,049",20.1倍,1.03倍,2.89%
20260616,119,Ｔ＆Ｄ,8795,東P,,"4,902",+100,+2.08%,"10,887",17.4倍,1.46倍,3.35%
20260616,120,アステラス,4503,東P,,"2,144.0",-8.5,-0.39%,"10,619",12.8倍,2.10倍,3.73%
20260616,121,スズキ,7269,東P,,"1,900.0",-33.0,-1.71%,"10,601",9.65倍,1.08倍,2.68%
20260616,122,ＪＡＬ,9201,東P,,"2,841.5",+18.0,+0.64%,"10,567",11.1倍,0.95倍,3.38%
20260616,123,日産自,7201,東P,,352.9,-4.0,-1.12%,"10,505",61.7倍,0.26倍,ー%
20260616,124,ブリヂストン,5108,東P,,"3,478.0",-35.0,-1.00%,"10,466",12.8倍,1.18倍,3.59%
20260616,125,ＴＯＴＯ,5332,東P,,"8,144",-46,-0.56%,"10,458",29.1倍,2.54倍,1.47%
20260616,126,Ｆ＆ＬＣ,3563,東P,,"10,150",+100,+1.00%,"10,427",38.4倍,10.1倍,0.39%
20260616,127,日経ベア２,1360,東Ｅ,,65.2,+0.1,+0.15%,"10,288",ー倍,ー倍,ー%
20260616,128,ＳＯＭＰＯ,8630,東P,,"6,248",+6,+0.10%,"10,205",11.4倍,1.08倍,3.20%
20260616,129,テルモ,4543,東P,,"2,220.0",-17.0,-0.76%,"10,145",19.8倍,2.07倍,1.62%
20260616,130,イオン,8267,東P,,"1,361.0",-21.5,-1.56%,"10,127",51.6倍,3.09倍,1.10%
20260616,131,ＯＬＣ,4661,東P,,"2,276.0",+13.0,+0.57%,"10,037",32.8倍,3.39倍,0.70%
20260616,132,ＥＮＥＯＳ,5020,東P,,"1,241.0",-5.0,-0.40%,"10,027",8.02倍,0.99倍,2.74%
20260616,133,豊田通商,8015,東P,,"6,416",-89,-1.37%,"9,987",16.9倍,2.15倍,1.95%
20260616,134,川崎汽,9107,東P,,"2,595.0",-42.0,-1.59%,"9,868",16.7倍,0.88倍,4.62%
20260616,135,アサヒ,2502,東P,,"1,503.5",-6.5,-0.43%,"9,834",18.3倍,0.78倍,3.46%
20260616,136,芝浦,6590,東P,,"4,930",+200,+4.23%,"9,753",27.2倍,5.82倍,1.30%
20260616,137,ＱＤレーザ,6613,東G,,"2,620",-149,-5.38%,"9,742",249倍,22.5倍,ー%
20260616,138,アシックス,7936,東P,,"4,431",-62,-1.38%,"9,584",28.6倍,9.94倍,0.86%
20260616,139,ＳＵＢＡＲＵ,7270,東P,,"2,564.5",-3.5,-0.14%,"9,528",14.1倍,0.66倍,4.52%
20260616,140,関西電,9503,東P,,"2,308.0",-59.5,-2.51%,"9,519",8.29倍,0.74倍,3.47%
20260616,141,楽天グループ,4755,東P,,748.8,+9.1,+1.23%,"9,455",ー倍,1.81倍,ー%
20260616,142,楽天銀,5838,東P,,"5,244",+125,+2.44%,"9,446",11.3倍,2.46倍,ー%
20260616,143,コナミＧ,9766,東P,,"19,060",+100,+0.53%,"9,353",25.6倍,4.58倍,1.18%
20260616,144,デンソー,6902,東P,,"1,893.5",-13.0,-0.68%,"9,279",13.3倍,0.93倍,3.91%
20260616,145,大塚ＨＤ,4578,東P,,"10,360",+130,+1.27%,"9,196",20.6倍,1.75倍,1.35%
20260616,146,ダイフク,6383,東P,,"6,881",-63,-0.91%,"9,162",31.6倍,5.52倍,1.19%
20260616,147,日電波,6779,東P,,"3,900",+80,+2.09%,"9,160",38.9倍,2.80倍,0.77%
20260616,148,ＴＯＷＡ,6315,東P,,"2,985",-15,-0.50%,"9,063",32.0倍,3.17倍,0.80%
20260616,149,ＡＮＡＨＤ,9202,東P,,"3,043.0",+33.0,+1.10%,"9,018",14.0倍,0.90倍,1.97%
20260616,150,マツダ,7261,東P,,"1,164.5",-18.0,-1.52%,"8,944",8.16倍,0.39倍,4.72%
20260616,151,ＳＢＩ新生銀,8303,東P,,"1,449.0",-42.5,-2.85%,"8,891",ー倍,1.05倍,2.90%
20260616,152,清水建,1803,東P,,"2,633.5",-83.5,-3.07%,"8,809",13.8倍,1.83倍,2.92%
20260616,153,ソニーＦＧ,8729,東P,,140.6,-3.0,-2.09%,"8,645",ー倍,1.50倍,5.69%
20260616,154,キリンＨＤ,2503,東P,,"2,720.0",+38.0,+1.42%,"8,645",13.9倍,1.65倍,2.79%
20260616,155,ハーモニック,6324,東P,,"7,000",+140,+2.04%,"8,632",147倍,8.24倍,0.29%
20260616,156,東京精,7729,東P,,"19,190",-570,-2.88%,"8,598",27.8倍,4.08倍,1.44%
20260616,157,東応化,4186,東P,,"10,505",-85,-0.80%,"8,573",36.0倍,5.36倍,0.76%
20260616,158,日東電,6988,東P,,"3,107.0",+8.0,+0.26%,"8,508",14.7倍,1.81倍,2.06%
20260616,159,三井Ｅ＆Ｓ,7003,東P,,"4,406",-20,-0.45%,"8,507",14.8倍,1.94倍,1.36%
20260616,160,ＪＲ東日本,9020,東P,,"3,398.0",+21.0,+0.62%,"8,506",15.1倍,1.26倍,2.47%
20260616,161,パンパシＨＤ,7532,東P,,834.6,-2.6,-0.31%,"8,438",23.3倍,3.65倍,1.02%
20260616,162,千葉銀,8331,東P,,"2,455.5",-65.5,-2.60%,"8,226",15.9倍,1.35倍,2.61%
20260616,163,ＳＷＣＣ,5805,東P,,"13,740",+920,+7.18%,"8,224",22.0倍,4.14倍,1.82%
20260616,164,Ｊフロント,3086,東P,,"2,352.5",-85.0,-3.49%,"8,212",19.8倍,1.38倍,2.38%
20260616,165,ラサ工,4022,東P,,"2,313",+143,+6.59%,"8,193",21.0倍,2.84倍,1.56%
20260616,166,特殊陶,5334,東P,,"10,315",+80,+0.78%,"8,075",19.2倍,2.63倍,2.04%
20260616,167,旭化成,3407,東P,,"1,761.5",-3.0,-0.17%,"7,967",14.9倍,1.14倍,2.50%
20260616,168,大和ハウス,1925,東P,,"4,346",-42,-0.96%,"7,955",11.9倍,0.93倍,4.05%
20260616,169,ＭＡＲＵＷＡ,5344,東P,,"69,340",+440,+0.64%,"7,861",ー倍,5.81倍,0.16%
20260616,170,京都ＦＧ,5844,東P,,"4,656",+156,+3.47%,"7,738",25.3倍,1.16倍,2.26%
20260616,171,ＴＰＸブル,1568,東Ｅ,,960.4,-6.0,-0.62%,"7,725",ー倍,ー倍,ー%
20260616,172,日本取引所,8697,東P,,"2,224.0",+20.0,+0.91%,"7,704",29.5倍,6.63倍,2.74%
20260616,173,ＤＭＧ森精機,6141,東P,,"3,763.0",+92.0,+2.51%,"7,684",35.4倍,1.58倍,2.79%
20260616,174,ニトリＨＤ,9843,東P,,"2,577.0",-26.0,-1.00%,"7,654",16.0倍,1.47倍,1.24%
20260616,175,ＳＭＤリート,1398,東Ｅ,,"1,818.0",-36.5,-1.97%,"7,637",ー倍,ー倍,ー%
20260616,176,浜ゴム,5101,東P,,"7,830",+79,+1.02%,"7,497",11.3倍,1.18倍,2.20%
20260616,177,花王,4452,東P,,"6,087",+32,+0.53%,"7,473",21.2倍,2.57倍,2.56%
20260616,178,ローツェ,6323,東P,,"4,410",-95,-2.11%,"7,396",27.5倍,5.87倍,0.45%
20260616,179,西武ＨＤ,9024,東P,,"3,092.0",+57.0,+1.88%,"7,380",29.1倍,1.38倍,1.36%
20260616,180,バンナムＨＤ,7832,東P,,"3,589.0",-5.0,-0.14%,"7,341",17.7倍,2.67倍,ー%
20260616,181,タイミー,215A,東G,,"1,428",+155,+12.18%,"7,312",22.0倍,8.92倍,ー%
20260616,182,ユニオンツル,6278,東P,,"25,580",-850,-3.22%,"7,308",52.5倍,6.05倍,0.51%
20260616,183,積水ハウス,1928,東P,,"3,296.0",-39.0,-1.17%,"7,278",9.80倍,0.99倍,4.40%
20260616,184,住友ファーマ,4506,東P,,"1,487.0",+68.5,+4.83%,"7,269",8.66倍,2.28倍,ー%
20260616,185,クボタ,6326,東P,,"2,869.5",+26.5,+0.93%,"7,217",15.4倍,1.20倍,1.81%
20260616,186,野村東証指数,1306,東Ｅ,,423.1,-1.4,-0.33%,"7,196",ー倍,ー倍,ー%
20260616,187,しずおかＦＧ,5831,東P,,"3,069.0",-52.0,-1.67%,"7,153",15.5倍,1.32倍,3.19%
20260616,188,フェローテク,6890,東S,,"9,300",0,0.00%,"7,130",15.3倍,1.81倍,2.87%
20260616,189,中部電,9502,東P,,"2,825.0",-36.0,-1.26%,"7,038",ー倍,0.68倍,2.48%
20260616,190,オリンパス,7733,東P,,"1,662.0",-24.0,-1.42%,"7,006",17.3倍,2.17倍,1.81%
20260616,191,ベイカレント,6532,東P,,"5,530",+46,+0.84%,"6,967",17.2倍,7.08倍,2.35%
20260616,192,エムスリー,2413,東P,,"1,586.5",-15.5,-0.97%,"6,855",20.0倍,2.59倍,ー%
20260616,193,いすゞ,7202,東P,,"2,249.0",-45.0,-1.96%,"6,850",9.66倍,1.04倍,4.18%
20260616,194,アンリツ,6754,東P,,"4,096",+162,+4.12%,"6,815",35.0倍,3.95倍,1.22%
20260616,195,ラインヤフー,4689,東P,,416.5,+5.6,+1.36%,"6,704",ー倍,0.95倍,2.64%
20260616,196,資生堂,4911,東P,,"2,552.0",-45.0,-1.73%,"6,652",24.3倍,1.68倍,2.35%
20260616,197,三井海洋,6269,東P,,"9,884",-32,-0.32%,"6,626",11.7倍,2.79倍,2.02%
20260616,198,ＪＦＥ,5411,東P,,"1,647.0",-0.5,-0.03%,"6,592",6.98倍,0.40倍,4.86%
20260616,199,マクドナルド,2702,東S,,"7,380",-30,-0.40%,"6,542",28.4倍,3.45倍,0.87%
20260616,200,セコム,9735,東P,,"6,372",-37,-0.58%,"6,530",24.3倍,1.95倍,1.88%
20260616,201,ＪＲ西日本,9021,東P,,"2,569.5",+4.5,+0.18%,"6,517",11.7倍,0.97倍,3.79%
20260616,202,ＱＰＳＨＤ,464A,東G,,"2,280",-44,-1.89%,"6,511",254倍,8.46倍,ー%
20260616,203,三越伊勢丹,3099,東P,,"3,722.0",+23.0,+0.62%,"6,506",21.1倍,2.10倍,2.15%
20260616,204,メタプラ,3350,東S,,260,0,0.00%,"6,447",ー倍,0.83倍,ー%
20260616,205,大和,8601,東P,,"1,602.5",+7.5,+0.47%,"6,416",ー倍,1.26倍,ー%
20260616,206,栗田工,6370,東P,,"9,187",+491,+5.65%,"6,412",23.8倍,2.93倍,1.46%
20260616,207,双日,2768,東P,,"5,291",-25,-0.47%,"6,408",8.47倍,1.01倍,3.40%
20260616,208,ＮＸＨＤ,9147,東P,,"5,032",-19,-0.38%,"6,408",20.2倍,1.47倍,1.99%
20260616,209,エーザイ,4523,東P,,"3,750",-71,-1.86%,"6,393",20.2倍,1.18倍,4.27%
20260616,210,ＺＯＺＯ,3092,東P,,"1,091.0",-2.0,-0.18%,"6,388",19.4倍,9.03倍,3.67%
20260616,211,横河電,6841,東P,,"5,230",+68,+1.32%,"6,303",22.6倍,2.54倍,1.76%
20260616,212,ＣＫＤ,6407,東P,,"7,470",+80,+1.08%,"6,267",30.6倍,3.25倍,1.27%
20260616,213,三菱ＨＣキャ,8593,東P,,"1,314.5",-20.0,-1.50%,"6,256",11.8倍,0.95倍,3.88%
20260616,214,菱ガス化,4182,東P,,"5,090",+47,+0.93%,"6,239",21.6倍,1.54倍,2.16%
20260616,215,オービック,4684,東P,,"3,827",-25,-0.65%,"6,194",20.1倍,3.20倍,2.46%
20260616,216,サムコ,6387,東P,,"16,220","+1,020",+6.71%,"6,171",67.9倍,8.89倍,0.46%
20260616,217,ＳＢＩ,8473,東P,,"2,968.5",+19.5,+0.66%,"6,139",ー倍,1.07倍,ー%
20260616,218,アマダ,6113,東P,,"3,065.0",-25.0,-0.81%,"6,066",28.0倍,1.78倍,2.09%
20260616,219,東ガス,9531,東P,,"6,223",-38,-0.61%,"6,039",15.1倍,1.20倍,1.93%
20260616,220,精工技研,6834,東S,,"27,570","+1,630",+6.28%,"5,992",38.5倍,7.28倍,0.44%
20260616,221,テラドローン,278A,東G,Ｓ,"8,750","+1,500",+20.69%,"5,984",ー倍,19.0倍,ー%
20260616,222,カプコン,9697,東P,,"2,824.0",+28.0,+1.00%,"5,974",20.4倍,4.42倍,1.63%
20260616,223,ヤマハ発,7272,東P,,"1,221.5",-10.5,-0.85%,"5,962",11.9倍,1.02倍,4.09%
20260616,224,横浜ＦＧ,7186,東P,,"1,732.5",-28.5,-1.62%,"5,953",14.9倍,1.37倍,2.71%
20260616,225,ミスミＧ,9962,東P,,"3,875",+64,+1.68%,"5,888",27.4倍,2.70倍,1.37%
20260616,226,サイバー,4751,東P,,"1,334.0",+39.0,+3.01%,"5,879",24.6倍,3.47倍,1.42%
20260616,227,電子材料,6855,東S,,"7,990",-340,-4.08%,"5,853",21.3倍,2.61倍,1.00%
20260616,228,きんでん,1944,東P,,"7,295",-9,-0.12%,"5,844",20.6倍,2.18倍,3.29%
20260616,229,キッコマン,2801,東P,,"1,578.5",+9.0,+0.57%,"5,828",23.9倍,2.61倍,1.58%
20260616,230,オムロン,6645,東P,,"5,696",-116,-2.00%,"5,813",40.7倍,1.34倍,1.93%
20260616,231,日ケミコン,6997,東P,,"4,540",-250,-5.22%,"5,792",27.3倍,1.75倍,0.55%
20260616,232,岡本硝子,7746,東S,Ｓ,897,+150,+20.08%,"5,788",348倍,9.92倍,ー%
20260616,233,塩野義,4507,東P,,"2,809.0",+22.0,+0.79%,"5,753",11.4倍,1.42倍,2.71%
20260616,234,関電工,1942,東P,,"6,237",-105,-1.66%,"5,747",19.1倍,3.18倍,2.08%
20260616,235,日製鋼,5631,東P,,"7,747",+107,+1.40%,"5,699",30.0倍,2.68倍,1.19%
20260616,236,住友化,4005,東P,,576.5,0,0.00%,"5,672",13.6倍,0.94倍,2.78%
20260616,237,すかいらーく,3197,東P,,"2,753.5",-20.5,-0.74%,"5,664",32.1倍,3.29倍,0.94%
20260616,238,モノタロウ,3064,東P,,"1,740.0",-71.0,-3.92%,"5,660",23.7倍,7.43倍,2.13%
20260616,239,ＴＯＰＰＡＮ,7911,東P,,"4,430",+22,+0.50%,"5,626",22.7倍,0.93倍,1.31%
20260616,240,ニッパツ,5991,東P,,"3,694",-62,-1.65%,"5,614",16.6倍,1.71倍,1.87%
20260616,241,ナブテスコ,6268,東P,,"5,098",+58,+1.15%,"5,611",32.1倍,2.18倍,1.61%
20260616,242,東ソー,4042,東P,,"3,046.0",+9.0,+0.30%,"5,608",ー倍,1.13倍,3.28%
20260616,243,メルカリ,4385,東P,,"3,768",+48,+1.29%,"5,583",ー倍,5.18倍,ー%
20260616,244,大塚商会,4768,東P,,"2,800.5",+2.5,+0.09%,"5,472",17.4倍,2.71倍,3.39%
20260616,245,住友ゴ,5110,東P,,"2,268.5",-9.0,-0.40%,"5,388",10.8倍,0.82倍,3.70%
20260616,246,東京メトロ,9023,東P,,"1,328.0",-20.0,-1.48%,"5,381",15.4倍,1.05倍,3.31%
20260616,247,日本ペＨＤ,4612,東P,,"1,089.5",+21.5,+2.01%,"5,379",12.8倍,1.33倍,1.56%
20260616,248,大東建,1878,東P,,"3,033.0",-41.0,-1.33%,"5,310",9.14倍,1.98倍,5.37%
20260616,249,三菱ケミＧ,4188,東P,,"1,104.5",-24.0,-2.13%,"5,280",11.8倍,0.85倍,2.90%
20260616,250,ｓａｎｔｅｃ,6777,東S,,"27,070","+2,020",+8.06%,"5,269",36.2倍,11.4倍,0.85%
20260616,251,ＧＳユアサ,6674,東P,,"6,568",+250,+3.96%,"5,258",18.3倍,1.67倍,1.49%
20260616,252,ニチコン,6996,東P,,"4,200",+130,+3.19%,"5,232",42.1倍,2.36倍,0.93%
20260616,253,阪急阪神,9042,東P,,"4,507",-23,-0.51%,"5,159",13.4倍,0.96倍,2.22%
20260616,254,ゼンショＨＤ,7550,東P,,"8,021",-148,-1.81%,"5,129",27.1倍,4.81倍,1.00%
20260616,255,ニコン,7731,東P,,"2,100.0",+29.5,+1.42%,"5,049",69.2倍,1.18倍,0.95%
20260616,256,名村造,7014,東S,,"3,770",+5,+0.13%,"4,933",11.9倍,1.92倍,1.59%
20260616,257,島津,7701,東P,,"3,766",+8,+0.21%,"4,860",19.8倍,1.93倍,1.86%
20260616,258,積水化,4204,東P,,"2,428.0",-6.5,-0.27%,"4,854",12.9倍,1.15倍,3.34%
20260616,259,神戸物産,3038,東P,,"2,590.0",-16.5,-0.63%,"4,853",19.5倍,3.42倍,1.24%
20260616,260,東急,9005,東P,,"1,694.0",+1.0,+0.06%,"4,837",10.7倍,1.05倍,1.89%
20260616,261,純金信託,1540,東Ｅ,,"20,690",+25,+0.12%,"4,791",ー倍,ー倍,ー%
20260616,262,高島屋,8233,東P,,"2,178.0",+18.0,+0.83%,"4,783",16.8倍,1.42倍,1.84%
20260616,263,アルバック,6728,東P,,"9,018",-239,-2.58%,"4,772",24.0倍,1.93倍,1.69%
20260616,264,ＦＵＪＩ,6134,東P,,"8,239",-44,-0.53%,"4,771",22.0倍,3.12倍,2.31%
20260616,265,マルマエ,6264,東P,,"2,511",-149,-5.60%,"4,765",21.3倍,7.32倍,1.79%
20260616,266,トレンド,4704,東P,,"5,749",-116,-1.98%,"4,760",20.4倍,6.72倍,ー%
20260616,267,ＴＨＫ,6481,東P,,"7,530",+82,+1.10%,"4,714",37.2倍,3.34倍,2.44%
20260616,268,出光興産,5019,東P,,"1,287.5",-44.0,-3.30%,"4,680",20.6倍,0.80倍,2.80%
20260616,269,ふくおかＦＧ,8354,東P,,"6,861",-92,-1.32%,"4,679",13.0倍,1.20倍,3.06%
20260616,270,ｉＳ日経,1329,東Ｅ,,"7,226",+6,+0.08%,"4,653",ー倍,ー倍,ー%
20260616,271,東レ,3402,東P,,"1,177.0",-20.5,-1.71%,"4,649",19.0倍,0.95倍,2.21%
20260616,272,あおぞら銀,8304,東P,,"2,745.5",-45.0,-1.61%,"4,588",14.1倍,0.79倍,3.64%
20260616,273,大ガス,9532,東P,,"5,481",-19,-0.35%,"4,573",14.4倍,1.16倍,2.37%
20260616,274,マツキヨココ,3088,東P,,"2,332.5",-4.5,-0.19%,"4,558",15.6倍,1.69倍,2.40%
20260616,275,ヒュマメイド,456A,東G,,"1,691",-90,-5.05%,"4,514",47.0倍,12.2倍,ー%
20260616,276,三菱マ,5711,東P,,"4,898",-107,-2.14%,"4,500",13.1倍,0.87倍,2.37%
20260616,277,インフロニア,5076,東P,,"2,658.5",-57.5,-2.12%,"4,488",11.6倍,1.32倍,3.76%
20260616,278,北川精機,6327,東S,Ｓ,"4,445",+700,+18.69%,"4,450",61.5倍,6.42倍,0.31%
20260616,279,日電硝,5214,東P,,"6,355",+135,+2.17%,"4,429",20.4倍,0.95倍,2.52%
20260616,280,住友林,1911,東P,,"1,355.5",-13.5,-0.99%,"4,423",8.75倍,0.80倍,3.69%
20260616,281,東建物,8804,東P,,"3,336.0",-35.0,-1.04%,"4,406",11.0倍,1.17倍,3.66%
20260616,282,テクセンド,429A,東P,,"4,195",+125,+3.07%,"4,406",17.6倍,2.39倍,1.67%
20260616,283,大日印,7912,東P,,"2,649.5",-21.5,-0.80%,"4,363",12.0倍,0.96倍,1.55%
20260616,284,三井化学,4183,東P,,"2,124.5",-61.0,-2.79%,"4,346",17.1倍,0.89倍,3.53%
20260616,285,ニッカトー,5367,東S,,"1,346",-64,-4.54%,"4,341",20.1倍,1.14倍,1.71%
20260616,286,マキタ,6586,東P,,"5,761",+56,+0.98%,"4,298",18.3倍,1.49倍,ー%
20260616,287,フルヤ金属,7826,東P,,"8,980",+10,+0.11%,"4,265",14.7倍,2.99倍,1.73%
20260616,288,ＴＯＹＯ,5105,東P,,"3,846",-78,-1.99%,"4,243",11.0倍,1.11倍,3.51%
20260616,289,テラプローブ,6627,東S,,"12,370","+1,630",+15.18%,"4,209",ー倍,2.77倍,ー%
20260616,290,大同特鋼,5471,東P,,"2,445.0",-15.0,-0.61%,"4,186",17.8倍,1.03倍,2.13%
20260616,291,三菱自,7211,東P,,335.3,-1.7,-0.50%,"4,175",18.0倍,0.49倍,2.98%
20260616,292,東洋水,2875,東P,,"9,888",+78,+0.80%,"4,155",14.7倍,1.81倍,2.22%
20260616,293,ヒューリック,3003,東P,,"1,704.5",-35.0,-2.01%,"4,144",10.7倍,1.42倍,3.93%
20260616,294,日産化,4021,東P,,"7,802",+2,+0.03%,"4,144",20.3倍,4.09倍,2.72%
20260616,295,野村不ＨＤ,3231,東P,,931.6,-7.5,-0.80%,"4,108",9.25倍,0.99倍,4.72%
20260616,296,トクヤマ,4043,東P,,"5,009",-91,-1.78%,"4,095",ー倍,1.27倍,ー%
20260616,297,ビルファンド,8951,東Ｒ,,"121,600","-2,500",-2.01%,"4,072",22.3倍,1.47倍,4.05%
20260616,298,ユニチャーム,8113,東P,,932.9,+4.5,+0.48%,"4,065",18.6倍,2.05倍,2.36%
20260616,299,東宝,9602,東P,,"1,284.0",-5.0,-0.39%,"4,014",26.1倍,2.07倍,1.71%
20260616,300,明治ＨＤ,2269,東P,,"3,617.0",-47.0,-1.28%,"3,998",15.7倍,1.27倍,3.04%
20260616,301,三井ハイテク,6966,東P,Ｓ,"1,108",+150,+15.66%,"3,971",20.3倍,1.72倍,1.71%
20260616,302,上場日経平均,1330,東Ｅ,,"72,650",-30,-0.04%,"3,951",ー倍,ー倍,ー%
20260616,303,住友重,6302,東P,,"5,359",-115,-2.10%,"3,933",18.7倍,0.93倍,2.71%
20260616,304,めぶきＦＧ,7167,東P,,"1,413.0",-0.5,-0.04%,"3,916",14.0倍,1.23倍,2.83%
20260616,305,Ｓｙｎｓ,290A,東G,,"1,334",+24,+1.83%,"3,901",67.1倍,4.90倍,ー%
20260616,306,シマノ,7309,東P,,"16,595",+220,+1.34%,"3,831",33.7倍,1.63倍,2.19%
20260616,307,トムソン,6480,東P,,"2,124",+135,+6.79%,"3,802",21.8倍,1.78倍,1.51%
20260616,308,ディーエヌエ,2432,東P,,"2,619.5",-60.5,-2.26%,"3,798",ー倍,1.10倍,ー%
20260616,309,Ｊディスプレ,6740,東P,,45,-4,-8.16%,"3,761",ー倍,-4.4倍,ー%
20260616,310,ＴＩＳ,3626,東P,,"3,123.0",-42.0,-1.33%,"3,729",11.5倍,2.02倍,2.88%
20260616,311,シスメックス,6869,東P,,"1,412.5",-9.0,-0.63%,"3,712",23.9倍,1.71倍,2.83%
20260616,312,シチズン,7762,東P,,"2,363",+155,+7.02%,"3,701",21.0倍,1.97倍,2.12%
20260616,313,日揮ＨＤ,1963,東P,,"2,664.0",-24.0,-0.89%,"3,653",14.0倍,1.50倍,1.95%
20260616,314,電通グループ,4324,東P,,"3,122.0",+21.0,+0.68%,"3,646",11.6倍,1.94倍,ー%
20260616,315,ＤＯＷＡ,5714,東P,,"9,685",-185,-1.87%,"3,632",10.1倍,1.26倍,3.49%
20260616,316,ＳＨＩＦＴ,3697,東P,,637.7,+0.9,+0.14%,"3,533",ー倍,4.27倍,ー%
20260616,317,小野薬,4528,東P,,"2,259.0",-6.0,-0.26%,"3,520",15.0倍,1.25倍,3.54%
20260616,318,八十二長野,8359,東P,,"2,346.0",-34.0,-1.43%,"3,509",14.7倍,0.93倍,2.77%
20260616,319,ツルハＨＤ,3391,東P,,"2,022.0",-40.5,-1.96%,"3,471",22.1倍,1.05倍,2.37%
20260616,320,関電化,4047,東P,,"3,760",-125,-3.22%,"3,462",31.7倍,2.98倍,0.96%
20260616,321,大阪チタ,5726,東P,,"2,901",+162,+5.91%,"3,458",59.3倍,2.41倍,0.45%
20260616,322,ネクソン,3659,東P,,"2,200.0",0,0.00%,"3,393",ー倍,1.63倍,2.73%
20260616,323,ヒロセ電,6806,東P,,"28,205",-255,-0.90%,"3,364",27.1倍,2.44倍,1.84%
20260616,324,リコー,7752,東P,,"1,462.5",-3.0,-0.20%,"3,361",13.4倍,0.72倍,3.01%
20260616,325,ユニチカ,3103,東S,,"1,129",-16,-1.40%,"3,353",14.1倍,1.94倍,ー%
20260616,326,五洋建,1893,東P,,"1,783.5",-36.0,-1.98%,"3,351",13.8倍,2.44倍,2.92%
20260616,327,ｉＦ日経年１,1320,東Ｅ,,"72,300",+110,+0.15%,"3,335",ー倍,ー倍,ー%
20260616,328,高砂熱,1969,東P,,"4,657",-149,-3.10%,"3,326",15.2倍,2.90倍,2.64%
20260616,329,東急不ＨＤ,3289,東P,,"1,320.0",-29.0,-2.15%,"3,324",9.41倍,1.05倍,3.79%
20260616,330,朝日インテク,7747,東P,,"3,559.0",+5.0,+0.14%,"3,304",30.9倍,5.68倍,1.30%
20260616,331,サントリＢＦ,2587,東P,,"4,325",+37,+0.86%,"3,284",15.0倍,1.02倍,2.77%
20260616,332,ＦＩＧ,4392,東P,,"1,246",-71,-5.39%,"3,269",55.9倍,4.34倍,0.80%
20260616,333,カカクコム,2371,東P,,"3,330.0",+5.0,+0.15%,"3,267",31.8倍,10.1倍,ー%
20260616,334,エプソン,6724,東P,,"2,806.5",-29.0,-1.02%,"3,258",15.2倍,1.05倍,2.85%
20260616,335,ＪＲ九州,9142,東P,,"3,460.0",-47.0,-1.34%,"3,243",10.3倍,1.08倍,3.50%
20260616,336,ＧＸ半導体,2243,東Ｅ,,"5,329",+30,+0.57%,"3,218",ー倍,ー倍,ー%
20260616,337,堀場製,6856,東P,,"27,020",+415,+1.56%,"3,216",23.4倍,3.30倍,1.81%
20260616,338,アイシン,7259,東P,,"2,351.5",-21.5,-0.91%,"3,197",11.4倍,0.77倍,3.19%
20260616,339,ジーエヌアイ,2160,東G,,"2,493",-1,-0.04%,"3,096",ー倍,2.78倍,ー%
20260616,340,共立メンテ,9616,東P,,"2,729.0",+4.0,+0.15%,"3,077",13.8倍,1.70倍,1.69%
20260616,341,コカＢＪＨ,2579,東P,,"3,723",-4,-0.11%,"3,061",26.9倍,1.64倍,1.93%
20260616,342,Ｊパワー,9513,東P,,"3,860",-131,-3.28%,"3,030",8.39倍,0.48倍,2.72%
20260616,343,光通信,9435,東P,,"35,570",-340,-0.95%,"3,018",13.0倍,1.31倍,2.19%
20260616,344,日本オラクル,4716,東S,,"8,528",-171,-1.97%,"3,017",ー倍,5.81倍,ー%
20260616,345,ダイヘン,6622,東P,,"16,230",+10,+0.06%,"3,011",23.2倍,2.49倍,1.29%
20260616,346,ツガミ,6101,東P,,"7,380",+240,+3.36%,"3,004",20.2倍,4.28倍,1.33%
20260616,347,野村マイクロ,6254,東P,,"4,600",+35,+0.77%,"2,986",15.9倍,4.48倍,1.85%
20260616,348,日立建機,6305,東P,,"5,419",-140,-2.52%,"2,982",14.4倍,1.28倍,3.51%
20260616,349,ラウンドワン,4680,東P,,"1,021.5",-34.5,-3.27%,"2,961",14.7倍,3.25倍,1.76%
20260616,350,東海カーボン,5301,東P,,"1,809.0",-13.0,-0.71%,"2,940",30.5倍,1.16倍,2.21%
20260616,351,ＫＤＸ不動産,8972,東Ｒ,,"155,600","-1,800",-1.14%,"2,932",20.0倍,0.99倍,5.35%
20260616,352,ヤマダＨＤ,9831,東P,,667.6,-6.1,-0.91%,"2,927",16.0倍,0.70倍,2.55%
20260616,353,霞ヶ関Ｃ,3498,東P,,"6,150",-130,-2.07%,"2,900",9.15倍,2.02倍,2.68%
20260616,354,ほくほくＦＧ,8377,東P,,"6,469",-58,-0.89%,"2,874",12.5倍,1.07倍,2.32%
20260616,355,ビジョナル,4194,東P,,"7,223",-61,-0.84%,"2,859",18.1倍,3.56倍,ー%
20260616,356,デンカ,4061,東P,,"4,202",-25,-0.59%,"2,858",22.6倍,1.17倍,2.38%
20260616,357,千代建,6366,東S,,762,-1,-0.13%,"2,856",28.5倍,5.93倍,ー%
20260616,358,山一電機,6941,東P,,"10,010",+270,+2.77%,"2,820",20.1倍,3.97倍,1.50%
20260616,359,エンプラス,6961,東P,,"12,280",-20,-0.16%,"2,806",22.2倍,1.78倍,0.73%
20260616,360,Ｊマテリアル,6055,東P,,"2,396",-74,-3.00%,"2,796",22.8倍,3.93倍,1.46%
20260616,361,ＵＢＥ,4208,東P,,"3,196.0",-7.0,-0.22%,"2,790",12.7倍,0.71倍,5.01%
20260616,362,東京きらぼし,7173,東P,,"11,550",-150,-1.28%,"2,767",8.88倍,0.95倍,2.08%
20260616,363,コスモＨＤ,5021,東P,,"3,676.0",-8.0,-0.22%,"2,765",13.3倍,0.96倍,4.49%
20260616,364,不二製油,2607,東P,,"3,688.0",+91.0,+2.53%,"2,763",16.3倍,1.32倍,1.68%
20260616,365,セイコーＧ,8050,東P,,"7,250",-130,-1.76%,"2,761",25.8倍,3.37倍,1.24%
20260616,366,スギＨＤ,7649,東P,,"2,999.5",+78.5,+2.69%,"2,757",16.6倍,1.87倍,1.17%
20260616,367,エアウォータ,4088,東P,,"2,520",-32,-1.25%,"2,748",ー倍,1.30倍,2.98%
20260616,368,森永乳,2264,東P,,"4,824",-107,-2.17%,"2,739",19.5倍,1.42倍,2.07%
20260616,369,北海電,9509,東P,,922.0,-28.4,-2.99%,"2,734",9.20倍,0.46倍,3.58%
20260616,370,日本空港ビル,9706,東P,,"4,825",-14,-0.29%,"2,697",18.5倍,2.13倍,1.97%
20260616,371,野村東証銀行,1615,東Ｅ,,706.8,-6.7,-0.94%,"2,686",ー倍,ー倍,ー%
20260616,372,クレセゾン,8253,東P,,"4,287",-17,-0.39%,"2,686",8.16倍,0.81倍,3.73%
20260616,373,太陽ＨＤ,4626,東P,,"5,395",+69,+1.30%,"2,679",24.9倍,5.19倍,ー%
20260616,374,オルガノ,6368,東P,,"16,095",-150,-0.92%,"2,671",24.7倍,5.18倍,1.37%
20260616,375,メック,4971,東P,,"10,720",-80,-0.74%,"2,653",35.3倍,6.19倍,1.03%
20260616,376,ＴＢＳＨＤ,9401,東P,,"6,140",+127,+2.11%,"2,646",19.9倍,0.85倍,1.63%
20260616,377,カドカワ,9468,東P,,"3,108.0",-42.0,-1.33%,"2,637",78.8倍,1.86倍,0.97%
20260616,378,王子ＨＤ,3861,東P,,793.9,-3.4,-0.43%,"2,635",19.3倍,0.61倍,4.53%
20260616,379,日本酸素ＨＤ,4091,東P,,"5,534",-94,-1.67%,"2,633",18.3倍,1.97倍,1.19%
20260616,380,日機装,6376,東P,,"3,715",+10,+0.27%,"2,619",18.7倍,1.48倍,1.35%
20260616,381,エニーカラー,5032,東P,,"2,307",+36,+1.59%,"2,609",10.6倍,5.13倍,2.69%
20260616,382,東洋エンジ,6330,東P,,"2,088",+9,+0.43%,"2,607",27.4倍,3.15倍,1.20%
20260616,383,北洋銀,8524,東P,,"1,025",-23,-2.19%,"2,583",13.0倍,0.99倍,3.12%
20260616,384,アルプスアル,6770,東P,,"2,105.0",-2.0,-0.09%,"2,582",13.7倍,0.92倍,3.04%
20260616,385,スクエニＨＤ,9684,東P,,"2,448.0",-2.5,-0.10%,"2,582",28.5倍,2.53倍,1.76%
20260616,386,住友ベ,4203,東P,,"6,755",-38,-0.56%,"2,570",20.8倍,1.71倍,1.78%
20260616,387,オンコセラピ,4564,東G,,19,-1,-5.00%,"2,566",ー倍,3.66倍,ー%
20260616,388,ジェイテクト,6473,東P,,"2,048.5",-19.5,-0.94%,"2,556",13.0倍,0.83倍,3.42%
20260616,389,長谷工,1808,東P,,"2,690.0",-16.5,-0.61%,"2,555",10.8倍,1.27倍,3.72%
20260616,390,シンフォニア,6507,東P,,"14,720",+980,+7.13%,"2,554",27.7倍,4.20倍,1.09%
20260616,391,ＢＴＣＪＰＮ,8105,東S,,210,+10,+5.00%,"2,546",ー倍,3.38倍,ー%
20260616,392,いよぎんＨＤ,5830,東P,,"3,099.0",-66.0,-2.09%,"2,520",11.6倍,1.01倍,2.58%
20260616,393,ＤＩＣ,4631,東P,,"5,063",+33,+0.66%,"2,510",14.5倍,0.99倍,2.77%
20260616,394,クラレ,3405,東P,,"1,751.0",-23.5,-1.32%,"2,500",13.2倍,0.71倍,3.66%
20260616,395,ノリタケ,5331,東P,,"4,230",+210,+5.22%,"2,497",16.0倍,1.40倍,2.36%
20260616,396,群馬銀,8334,東P,,"2,333.0",-25.0,-1.06%,"2,493",13.6倍,1.43倍,3.00%
20260616,397,かんぽ生命,7181,東P,,"1,560.0",-4.5,-0.29%,"2,477",12.0倍,0.41倍,3.21%
20260616,398,ｉＦ日経Ｗブ,1365,東Ｅ,,"4,817",+7,+0.15%,"2,468",ー倍,ー倍,ー%
20260616,399,ニチレイ,2871,東P,,"2,075.0",-16.5,-0.79%,"2,438",15.5倍,1.82倍,3.21%
20260616,400,カナデビア,7004,東P,,"1,437",+74,+5.43%,"2,422",11.5倍,1.23倍,2.64%
20260616,401,アステリア,3853,東P,,"1,420",-20,-1.39%,"2,413",ー倍,3.09倍,0.70%
20260616,402,カシオ,6952,東P,,"1,833.0",+36.5,+2.03%,"2,397",22.1倍,1.74倍,ー%
20260616,403,オークマ,6103,東P,,"4,455",+120,+2.77%,"2,397",20.2倍,1.07倍,2.24%
20260616,404,ＵＡＣＪ,5741,東P,,"2,913",-127,-4.18%,"2,363",18.8倍,1.52倍,1.99%
20260616,405,ブラザー,6448,東P,,"3,770",-54,-1.41%,"2,358",13.0倍,1.22倍,2.65%
20260616,406,アズビル,6845,東P,,"1,567.0",-13.0,-0.82%,"2,349",22.4倍,3.12倍,3.19%
20260616,407,ジャパンＲＥ,8952,東Ｒ,,"114,000","-2,100",-1.81%,"2,343",21.7倍,1.53倍,4.49%
20260616,408,ヤクルト,2267,東P,,"2,634.5",-11.0,-0.42%,"2,343",16.3倍,1.25倍,2.73%
20260616,409,日清食ＨＤ,2897,東P,,"2,724.0",-3.0,-0.11%,"2,313",16.7倍,1.51倍,2.57%
20260616,410,ＬＩＸＩＬ,5938,東P,,"1,736.0",0,0.00%,"2,303",41.6倍,0.75倍,5.18%
20260616,411,協和キリン,4151,東P,,"2,401.5",+13.0,+0.54%,"2,297",16.8倍,1.41倍,2.91%
20260616,412,インフォメテ,281A,東G,,615,-19,-3.00%,"2,294",ー倍,4.19倍,ー%
20260616,413,ラクス,3923,東P,,892.4,-11.1,-1.23%,"2,285",12.5倍,12.1倍,0.90%
20260616,414,ＧＬＰ,3281,東Ｒ,,"133,900","-1,400",-1.03%,"2,275",23.0倍,1.42倍,4.95%
20260616,415,近鉄ＧＨＤ,9041,東P,,"3,512.0",-31.0,-0.87%,"2,259",14.2倍,1.09倍,1.99%
20260616,416,テスＨＤ,5074,東P,,912,+44,+5.07%,"2,255",53.6倍,1.30倍,0.64%
20260616,417,サンケン,6707,東P,,"9,302",+402,+4.52%,"2,254",186倍,1.55倍,ー%
20260616,418,大和工,5444,東P,,"12,260",-50,-0.41%,"2,250",15.6倍,1.35倍,3.26%
20260616,419,日鉄鉱,1515,東P,,"2,524",-78,-3.00%,"2,250",16.4倍,1.25倍,2.46%
20260616,420,神戸鋼,5406,東P,,"1,989.5",-7.5,-0.38%,"2,239",7.87倍,0.62倍,4.02%
20260616,421,ＡＤＥＫＡ,4401,東P,,"4,049",-76,-1.84%,"2,223",13.6倍,1.25倍,2.96%
20260616,422,サイゼリヤ,7581,東P,,"5,260",-180,-3.31%,"2,216",21.9倍,2.05倍,0.57%
20260616,423,太平洋セメ,5233,東P,,"4,370",-37,-0.84%,"2,214",9.92倍,0.70倍,2.75%
20260616,424,エクシオＧ,1951,東P,,"2,769.5",+34.0,+1.24%,"2,214",15.9倍,1.65倍,2.89%
20260616,425,地盤ＨＤ,6072,東S,,920,-62,-6.31%,"2,206",ー倍,14.4倍,ー%
20260616,426,アイスペース,9348,東G,,468,-35,-6.96%,"2,204",ー倍,4.54倍,ー%
20260616,427,小糸製,7276,東P,,"2,791.0",+2.0,+0.07%,"2,198",18.5倍,1.19倍,2.08%
20260616,428,しまむら,8227,東P,,"3,311.0",-9.0,-0.27%,"2,197",14.5倍,1.41倍,2.42%
20260616,429,ヤマトＨＤ,9064,東P,,"1,774.5",-10.5,-0.59%,"2,193",35.1倍,0.98倍,2.59%
20260616,430,堺化学,4078,東P,,"4,775",-40,-0.83%,"2,186",16.6倍,0.94倍,3.35%
20260616,431,日ハム,2282,東P,,"6,050",-39,-0.64%,"2,185",15.0倍,1.06倍,2.98%
20260616,432,ＩＮＶ,8963,東Ｒ,,"61,400","-1,100",-1.76%,"2,183",16.4倍,1.32倍,6.17%
20260616,433,ＵＳＳ,4732,東P,,"1,863.5",+2.5,+0.13%,"2,177",20.3倍,4.09倍,2.95%
20260616,434,スタンレー,6923,東P,,"3,736.0",+57.0,+1.55%,"2,169",13.5倍,1.01倍,2.97%
20260616,435,百五銀,8368,東P,,"1,980",-34,-1.69%,"2,167",16.5倍,0.93倍,2.12%
20260616,436,ＪＩＮＳＨＤ,3046,東P,,"8,610",+50,+0.58%,"2,150",23.3倍,5.93倍,1.34%
20260616,437,石油資源,1662,東P,,"1,648",-7,-0.42%,"2,146",7.03倍,0.67倍,2.73%
20260616,438,オープンＨ,3288,東P,,"8,438",-248,-2.86%,"2,140",7.96倍,1.61倍,2.37%
20260616,439,ｉＦＴＰ年１,1305,東Ｅ,,"4,280",-5,-0.12%,"2,139",ー倍,ー倍,ー%
20260616,440,ニチアス,5393,東P,,"3,757",-21,-0.56%,"2,131",22.2倍,2.98倍,1.73%
20260616,441,クラフティア,1959,東P,,"9,199",-83,-0.89%,"2,122",16.1倍,1.87倍,2.39%
20260616,442,積水ハウスＲ,3309,東Ｒ,,"77,300","-2,400",-3.01%,"2,112",20.6倍,1.15倍,4.94%
20260616,443,ホテルリート,8985,東Ｒ,,"77,700","-1,300",-1.65%,"2,100",16.4倍,1.57倍,6.66%
20260616,444,明電舎,6508,東P,,"9,430",+120,+1.29%,"2,077",19.4倍,2.45倍,ー%
20260616,445,古野電,6814,東P,,"5,910",+80,+1.37%,"2,065",14.4倍,2.09倍,2.71%
20260616,446,ランド,8918,東S,,10,0,0.00%,"2,057",11.4倍,1.68倍,ー%
20260616,447,日油,4403,東P,,"2,764.0",+30.0,+1.10%,"2,057",16.0倍,2.11倍,2.53%
20260616,448,三和ＨＤ,5929,東P,,"3,702",-45,-1.20%,"2,053",12.9倍,2.23倍,3.94%
20260616,449,東北電,9506,東P,,"1,043.5",-22.5,-2.11%,"2,026",ー倍,0.47倍,3.83%
20260616,450,カネカ,4118,東P,,"5,840",+174,+3.07%,"1,993",11.2倍,0.70倍,3.60%
20260616,451,ニッコンＨＤ,9072,東P,,"6,268",+293,+4.90%,"1,991",32.8倍,3.08倍,1.79%
20260616,452,日精工,6471,東P,,"1,189.5",-16.5,-1.37%,"1,966",24.3倍,0.87倍,2.86%
20260616,453,小林製薬,4967,東P,,"5,395",-73,-1.34%,"1,960",40.1倍,1.93倍,1.96%
20260616,454,トライアル,141A,東G,,"2,744",-89,-3.14%,"1,958",674倍,2.57倍,0.58%
20260616,455,牧野フ,6135,東P,,"14,390",+220,+1.55%,"1,947",15.2倍,1.29倍,2.36%
20260616,456,さくらネット,3778,東P,,"2,846",-4,-0.14%,"1,941",134倍,3.78倍,0.19%
20260616,457,コムシスＨＤ,1721,東P,,"5,350",0,0.00%,"1,939",16.3倍,1.54倍,2.52%
20260616,458,ケーズＨＤ,8282,東P,,"2,033.0",+22.5,+1.12%,"1,930",15.7倍,1.26倍,2.36%
20260616,459,中国電,9504,東P,,878.7,-34.5,-3.78%,"1,921",10.2倍,0.41倍,3.41%
20260616,460,ロート,4527,東P,,"2,308.0",+29.0,+1.27%,"1,915",15.1倍,1.73倍,2.17%
20260616,461,コスモス薬品,3349,東P,,"6,000",-150,-2.44%,"1,910",15.3倍,1.73倍,1.25%
20260616,462,九州ＦＧ,7180,東P,,"1,463.0",-5.5,-0.37%,"1,892",13.8倍,0.81倍,2.60%
20260616,463,上場日経２倍,1358,東Ｅ,,"149,050",-850,-0.57%,"1,881",ー倍,ー倍,ー%
20260616,464,シャープ,6753,東P,,593.8,-20.4,-3.32%,"1,881",9.18倍,1.38倍,ー%
20260616,465,サンコール,5985,東S,,"1,616",+125,+8.38%,"1,879",11.7倍,1.43倍,1.86%
20260616,466,オプトラン,6235,東P,,"3,740",-155,-3.98%,"1,867",26.6倍,1.86倍,1.50%
20260616,467,九州電,9508,東P,,"1,651.0",-31.5,-1.87%,"1,845",6.28倍,0.79倍,3.03%
20260616,468,Ｖテク,7717,東P,,"6,270",-70,-1.10%,"1,831",19.8倍,1.64倍,1.28%
20260616,469,アクセルＨＤ,402A,東G,,568,-12,-2.07%,"1,823",ー倍,5.04倍,ー%
20260616,470,ＡＣＳＬ,6232,東G,,"1,834",+105,+6.07%,"1,821",ー倍,12.7倍,ー%
20260616,471,扶桑化学,4368,東P,,"4,100",+15,+0.37%,"1,814",26.1倍,3.70倍,0.68%
20260616,472,リンナイ,5947,東P,,"3,421.0",-58.0,-1.67%,"1,806",13.0倍,1.08倍,3.10%
20260616,473,都市ファンド,8953,東Ｒ,,"110,100","-2,900",-2.57%,"1,802",17.6倍,1.21倍,5.42%
20260616,474,関西ペ,4613,東P,,"2,575.0",0,0.00%,"1,800",16.8倍,1.51倍,4.27%
20260616,475,純銀信託,1542,東Ｅ,,"32,400",-500,-1.52%,"1,796",ー倍,ー倍,ー%
20260616,476,第四北越ＦＧ,7327,東P,,"2,097",-35,-1.64%,"1,795",11.0倍,0.97倍,3.62%
20260616,477,ビプロジー,8056,東P,,"4,278",-63,-1.45%,"1,788",12.8倍,2.31倍,3.27%
20260616,478,大真空,6962,東P,,993,+26,+2.69%,"1,786",316倍,0.81倍,2.82%
20260616,479,ＳＲＥＨＤ,2980,東P,,"2,425",-37,-1.50%,"1,779",13.8倍,2.55倍,0.82%
20260616,480,Ｓａｎｓａｎ,4443,東P,,"1,464",-12,-0.81%,"1,766",ー倍,10.2倍,0.17%
20260616,481,小田急,9007,東P,,"1,660.0",+0.5,+0.03%,"1,752",14.9倍,1.12倍,3.61%
20260616,482,日テレＨＤ,9404,東P,,"2,884.0",+55.5,+1.96%,"1,723",13.7倍,0.71倍,1.56%
20260616,483,ＰＩＬＬＡＲ,6490,東P,,"9,600",-70,-0.72%,"1,723",20.5倍,2.76倍,1.96%
20260616,484,西日本ＦＨ,7189,東P,,"4,158",-69,-1.63%,"1,721",12.1倍,0.94倍,3.37%
20260616,485,丸井Ｇ,8252,東P,,"2,822.5",-1.5,-0.05%,"1,711",17.1倍,2.07倍,4.75%
20260616,486,ｉＦナ百Ｗブ,2869,東Ｅ,,"80,860","+1,420",+1.79%,"1,706",ー倍,ー倍,ー%
20260616,487,ＧＥＮＤＡ,9166,東G,,548,-42,-7.12%,"1,700",ー倍,1.52倍,1.46%
20260616,488,セガサミー,6460,東P,,"2,149.5",+12.0,+0.56%,"1,675",13.4倍,1.23倍,2.56%
20260616,489,ヤマハ,7951,東P,,"1,103.5",-16.0,-1.43%,"1,674",17.3倍,1.01倍,2.36%
20260616,490,高度紙,3891,東S,,"8,920",+150,+1.71%,"1,669",29.4倍,3.59倍,1.23%
20260616,491,参天薬,4536,東P,,"1,919.5",+17.0,+0.89%,"1,662",15.4倍,2.08倍,2.19%
20260616,492,サンバイオ,4592,東G,,"1,175",-35,-2.89%,"1,653",ー倍,7.39倍,ー%
20260616,493,戸田建,1860,東P,,"1,582.0",-22.5,-1.40%,"1,648",13.4倍,1.20倍,3.79%
20260616,494,リベラウェア,218A,東G,,781,+43,+5.83%,"1,638",ー倍,22.5倍,ー%
20260616,495,ＧＸ半導１０,282A,東Ｅ,,"3,046",-12,-0.39%,"1,638",ー倍,ー倍,ー%
20260616,496,ＲＳテクノ,3445,東P,,"6,980",-10,-0.14%,"1,637",18.6倍,2.19倍,0.79%
20260616,497,ホシザキ,6465,東P,,"5,191",-73,-1.39%,"1,633",18.9倍,1.83倍,2.22%
20260616,498,スルガ銀,8358,東P,,"2,385",-10,-0.42%,"1,633",12.7倍,1.26倍,2.52%
20260616,499,マクニカＨＤ,3132,東P,,"3,222.0",-116.0,-3.48%,"1,631",18.0倍,2.06倍,2.48%
20260616,500,キユーピー,2809,東P,,"4,096",-23,-0.56%,"1,617",21.9倍,1.72倍,1.59%
20260616,501,ＩＩＪ,3774,東P,,"2,951.0",+11.0,+0.37%,"1,613",20.9倍,3.31倍,1.46%
20260616,502,宝ＨＬＤ,2531,東P,,"2,107.0",+21.5,+1.03%,"1,610",33.9倍,1.56倍,1.47%
20260616,503,ＳＡＮＫＹＯ,6417,東P,,"1,571.5",-22.5,-1.41%,"1,603",7.76倍,1.25倍,5.09%
20260616,504,野村ナスＨ無,1545,東Ｅ,,247.0,+1.4,+0.57%,"1,599",ー倍,ー倍,ー%
20260616,505,山口ＦＧ,8418,東P,,"2,917.0",-9.0,-0.31%,"1,596",13.2倍,0.89倍,3.29%
20260616,506,マネフォ,3994,東P,,"3,871",-192,-4.73%,"1,589",ー倍,5.14倍,ー%
20260616,507,ダイダン,1980,東P,,"2,618",-36,-1.36%,"1,586",12.4倍,2.60倍,3.25%
20260616,508,ロードスター,3482,東P,,"2,938",-167,-5.38%,"1,584",5.40倍,1.42倍,3.34%
20260616,509,オキサイド,6521,東G,,"4,680",+200,+4.46%,"1,574",90.9倍,11.6倍,ー%
20260616,510,ＨＩＳ,9603,東P,,950,+37,+4.05%,"1,572",ー倍,1.19倍,2.63%
20260616,511,パーソルＨＤ,2181,東P,,242.6,-5.1,-2.06%,"1,570",12.2倍,2.47倍,5.36%
20260616,512,滋賀銀,8366,東P,,"2,284",+1,+0.04%,"1,558",18.4倍,1.03倍,2.19%
20260616,513,竹内製作所,6432,東P,,"7,400",-210,-2.76%,"1,552",13.2倍,1.83倍,2.97%
20260616,514,タスキＨＤ,166A,東P,,"1,112",+13,+1.18%,"1,550",11.8倍,2.16倍,4.50%
20260616,515,湖北工業,6524,東S,,"5,580",+190,+3.53%,"1,543",40.9倍,6.09倍,0.72%
20260616,516,マブチ,6592,東P,,"1,578.5",+20.0,+1.28%,"1,530",17.8倍,1.13倍,3.55%
20260616,517,日電子,6951,東P,,"6,674",+68,+1.03%,"1,528",15.3倍,2.24倍,1.98%
20260616,518,サンドラッグ,9989,東P,,"3,752",-58,-1.52%,"1,528",13.7倍,1.53倍,3.52%
20260616,519,ＧＭＯ－ＰＧ,3769,東P,,"8,329",+126,+1.54%,"1,528",27.0倍,5.39倍,2.04%
20260616,520,ソレイジア,4597,東G,,23,-1,-4.17%,"1,515",ー倍,3.67倍,ー%
20260616,521,ＡＢＣマート,2670,東P,,"2,695.0",-5.5,-0.20%,"1,509",14.4倍,1.68倍,2.97%
20260616,522,ＡＲＣＨＩＯ,543A,東P,,298,-1,-0.33%,"1,507",11.0倍,1.67倍,2.68%
20260616,523,アドバンスＲ,3269,東Ｒ,,"148,600","-3,800",-2.49%,"1,506",25.2倍,1.72倍,4.26%
20260616,524,トリケミカル,4369,東P,,"3,765",-35,-0.92%,"1,502",26.6倍,3.33倍,0.93%
20260616,525,ニッスイ,1332,東P,,"1,277.5",-3.5,-0.27%,"1,497",13.4倍,1.29倍,2.50%
20260616,526,フジＨＤ,4676,東P,,"4,021",-44,-1.08%,"1,492",22.0倍,1.05倍,4.97%
20260616,527,オンコリス,4588,東G,,"2,544",+14,+0.55%,"1,478",ー倍,20.8倍,ー%
20260616,528,リミックス,3825,東S,,246,+6,+2.50%,"1,476",4.30倍,1.50倍,ー%
20260616,529,Ａｐｐｉｅｒ,4180,東P,,789,-16,-1.99%,"1,462",23.3倍,2.14倍,0.29%
20260616,530,ペプドリ,4587,東P,,941.3,+16.2,+1.75%,"1,462",40.3倍,2.43倍,ー%
20260616,531,ひろぎんＨＤ,7337,東P,,"2,107.0",-6.0,-0.28%,"1,459",12.3倍,1.10倍,3.32%
20260616,532,ＳＧＨＤ,9143,東P,,"1,472.0",-4.0,-0.27%,"1,452",14.6倍,1.61倍,3.67%
20260616,533,日経高配５０,1489,東Ｅ,,"3,251",-14,-0.43%,"1,449",ー倍,ー倍,ー%
20260616,534,ダイセル,4202,東P,,"1,332.5",-23.0,-1.70%,"1,442",10.6倍,0.96倍,5.25%
20260616,535,コニカミノル,4902,東P,,587.8,-1.9,-0.32%,"1,439",10.2倍,0.54倍,3.06%
20260616,536,Ｈ２Ｏリテイ,8242,東P,,"2,535.0",-80.0,-3.06%,"1,435",12.6倍,0.93倍,1.89%
20260616,537,ＯＳＧ,6136,東P,,"3,496.0",+6.0,+0.17%,"1,431",18.7倍,1.58倍,2.40%
20260616,538,ゼオン,4205,東P,,"2,328.5",-5.5,-0.24%,"1,429",12.4倍,1.18倍,3.39%
20260616,539,東京計器,7721,東P,,"5,290",+70,+1.34%,"1,427",17.4倍,1.91倍,0.91%
20260616,540,プロロジスＲ,3283,東Ｒ,,"84,700",-500,-0.59%,"1,416",24.8倍,1.43倍,4.53%
20260616,541,ソディック,6143,東P,,"2,088",+71,+3.52%,"1,414",20.5倍,1.13倍,1.68%
20260616,542,東武,9001,東P,,"2,852.5",-7.0,-0.24%,"1,393",9.96倍,0.91倍,2.63%
20260616,543,エクサＷｉｚ,4259,東G,,924,-55,-5.62%,"1,390",ー倍,19.3倍,0.54%
20260616,544,七十七,8341,東P,,"3,287.0",-34.0,-1.02%,"1,386",11.9倍,1.06倍,3.16%
20260616,545,野村ＲＥＩＴ,1343,東Ｅ,,"1,916.0",-35.5,-1.82%,"1,386",ー倍,ー倍,ー%
20260616,546,テラスカイ,3915,東P,,"2,496",+96,+4.00%,"1,373",21.1倍,2.57倍,0.68%
20260616,547,物語コーポ,3097,東P,,"4,675",-110,-2.30%,"1,362",24.2倍,4.06倍,0.86%
20260616,548,京成,9009,東P,,"1,092.0",-11.5,-1.04%,"1,361",13.4倍,0.94倍,2.01%
20260616,549,３ＤＭ,7777,東G,,341,0,0.00%,"1,358",27.5倍,6.68倍,ー%
20260616,550,東亜建,1885,東P,,"2,270",-84,-3.57%,"1,354",12.1倍,1.51倍,3.39%
20260616,551,ＷＴＩ原油,1671,東Ｅ,,"4,833",-13,-0.27%,"1,352",ー倍,ー倍,ー%
20260616,552,ジョイ本田,3191,東P,,"2,220",-10,-0.45%,"1,352",15.2倍,1.07倍,3.78%
20260616,553,ウシオ電,6925,東P,,"4,302",+67,+1.58%,"1,352",32.5倍,1.72倍,1.63%
20260616,554,大気社,1979,東P,,"4,610",-10,-0.22%,"1,348",16.1倍,1.80倍,2.58%
20260616,555,コーセーＨＤ,4922,東P,,"5,204",+20,+0.39%,"1,342",24.4倍,1.06倍,2.88%
20260616,556,ピジョン,7956,東P,,"1,981.0",+1.0,+0.05%,"1,341",25.9倍,2.90倍,3.84%
20260616,557,トリドール,3397,東P,,"3,733",-7,-0.19%,"1,339",46.9倍,3.55倍,0.32%
20260616,558,ギフトＨＤ,9279,東P,,"4,025",-170,-4.05%,"1,337",28.0倍,6.69倍,0.65%
20260616,559,京急,9006,東P,,"1,470.0",-14.0,-0.94%,"1,336",13.1倍,1.01倍,3.13%
20260616,560,豊田合,7282,東P,,"4,755",-60,-1.25%,"1,333",9.78倍,0.98倍,3.68%
20260616,561,サッポロＨＤ,2501,東P,,"1,675.0",+8.0,+0.48%,"1,333",2.21倍,3.04倍,2.39%
20260616,562,中国塗,4617,東P,,"3,580",+25,+0.70%,"1,331",ー倍,1.86倍,2.79%
20260616,563,ネクステージ,3186,東P,,"3,685",+55,+1.52%,"1,328",19.2倍,3.62倍,1.36%
20260616,564,長瀬産,8012,東P,,"1,214.5",-9.0,-0.74%,"1,327",14.4倍,1.16倍,2.22%
20260616,565,オリックスＦ,8954,東Ｒ,,"93,600","-2,000",-2.09%,"1,322",17.7倍,1.46倍,5.24%
20260616,566,ＨＰＣシス,6597,東G,,"4,765",+500,+11.72%,"1,319",38.4倍,7.49倍,0.67%
20260616,567,セブン銀,8410,東P,,285.4,-2.0,-0.70%,"1,305",19.6倍,1.19倍,3.85%
20260616,568,岩谷産,8088,東P,,"1,857.5",-17.0,-0.91%,"1,303",9.40倍,0.98倍,2.53%
20260616,569,星野Ｒリート,3287,東Ｒ,,"232,600","-6,100",-2.56%,"1,300",17.4倍,0.93倍,5.76%
20260616,570,コーテクＨＤ,3635,東P,,"1,464.5",+17.0,+1.17%,"1,295",15.8倍,1.80倍,3.28%
20260616,571,ＡＲＥＨＤ,5857,東P,,"3,180",-35,-1.09%,"1,293",9.42倍,1.19倍,4.25%
20260616,572,上村工,4966,東S,,"26,410",+220,+0.84%,"1,288",29.1倍,3.63倍,1.10%
20260616,573,ワークマン,7564,東S,,"7,190",-10,-0.14%,"1,287",26.3倍,3.82倍,1.24%
20260616,574,山九,9065,東P,,"8,508",-82,-0.95%,"1,284",12.9倍,1.41倍,3.10%
20260616,575,日本化,4092,東P,,"4,905",-115,-2.29%,"1,284",14.2倍,0.85倍,ー%
20260616,576,日清粉Ｇ,2002,東P,,"1,918.5",-29.5,-1.51%,"1,282",13.1倍,1.03倍,3.39%
20260616,577,東京センチュ,8439,東P,,"2,439.5",+16.5,+0.68%,"1,278",9.69倍,1.06倍,3.69%
20260616,578,日触媒,4114,東P,,"2,128.0",+12.5,+0.59%,"1,263",ー倍,0.79倍,ー%
20260616,579,日清紡ＨＤ,3105,東P,,"2,139.5",-50.0,-2.28%,"1,262",33.4倍,1.10倍,1.68%
20260616,580,メガチップス,6875,東P,,"11,100",-470,-4.06%,"1,256",4.80倍,0.86倍,2.34%
20260616,581,ＮＴＮ,6472,東P,,442.7,+6.5,+1.49%,"1,235",17.6倍,0.89倍,2.94%
20260616,582,リンテック,7966,東P,,"6,060",+80,+1.34%,"1,232",20.4倍,1.54倍,1.98%
20260616,583,名鉄,9048,東P,,"1,823.5",+2.0,+0.11%,"1,228",9.17倍,0.74倍,3.29%
20260616,584,筑波銀,8338,東P,,694,-24,-3.34%,"1,224",8.64倍,0.81倍,0.72%
20260616,585,イオレ,2334,東G,,570,+24,+4.40%,"1,223",18.7倍,6.79倍,ー%
20260616,586,タクマ,6013,東P,,"3,530",+85,+2.47%,"1,222",16.7倍,2.28倍,3.06%
20260616,587,古河機金,5715,東P,,"4,055",-70,-1.70%,"1,211",25.8倍,0.89倍,1.97%
20260616,588,トーメンデバ,2737,東P,,"15,250",+290,+1.94%,"1,202",9.43倍,1.75倍,3.93%
20260616,589,カバー,5253,東G,,"1,415",-3,-0.21%,"1,202",18.4倍,4.52倍,ー%
20260616,590,日本アビオ,6946,東S,,"4,900",-180,-3.54%,"1,199",17.3倍,4.50倍,0.31%
20260616,591,熊谷組,1861,東P,,"1,410",-28,-1.95%,"1,194",11.7倍,1.28倍,3.55%
20260616,592,フジミインコ,5384,東P,,"4,220",-45,-1.06%,"1,192",30.1倍,3.73倍,1.82%
20260616,593,ＦＰＧ,7148,東P,,"1,494",-9,-0.60%,"1,191",8.06倍,2.09倍,6.20%
20260616,594,ＮＳＳＯＬ,2327,東P,,"3,120.0",-127.0,-3.91%,"1,188",18.1倍,2.04倍,2.79%
20260616,595,ライオン,4912,東P,,"1,673.5",+17.0,+1.03%,"1,182",18.5倍,1.43倍,2.03%
20260616,596,タツモ,6266,東P,,"4,200",+25,+0.60%,"1,181",24.3倍,2.32倍,0.81%
20260616,597,タカラトミー,7867,東P,,"2,899.0",-48.0,-1.63%,"1,180",13.9倍,2.25倍,2.41%
20260616,598,ＫＯＡ,6999,東P,,"2,774",+44,+1.61%,"1,178",21.6倍,1.16倍,1.41%
20260616,599,ＰＡＬＴＡＣ,8283,東P,,"6,644",-1,-0.02%,"1,176",ー倍,1.34倍,ー%
20260616,600,寿スピリッツ,2222,東P,,"2,284.0",-51.5,-2.21%,"1,173",25.5倍,7.36倍,1.53%
20260616,601,ＯＢＣ,4733,東P,,"5,841",-47,-0.80%,"1,172",22.7倍,2.59倍,2.23%
20260616,602,野村マスター,3462,東Ｒ,,"149,700","-2,800",-1.84%,"1,172",23.1倍,1.16倍,4.94%
20260616,603,池田泉州ＨＤ,8714,東P,,"1,005",-22,-2.14%,"1,165",14.7倍,1.12倍,2.74%
20260616,604,四国化ＨＤ,4099,東P,,"6,610",-80,-1.20%,"1,165",28.6倍,2.96倍,0.91%
20260616,605,カルビー,2229,東P,,"2,808.5",-1.5,-0.05%,"1,163",19.6倍,1.62倍,2.46%
20260616,606,三機工,1961,東P,,"2,590",-75,-2.81%,"1,162",15.6倍,3.26倍,2.51%
20260616,607,三桜工,6584,東P,,998,-17,-1.67%,"1,159",23.8倍,0.74倍,2.81%
20260616,608,三菱倉,9301,東P,,"1,421.5",-25.5,-1.76%,"1,140",21.1倍,1.28倍,3.10%
20260616,609,ユナイテッド,8960,東Ｒ,,"159,300","-3,300",-2.03%,"1,139",17.6倍,1.42倍,5.71%
20260616,610,ニプロ,8086,東P,,"1,648.0",-10.0,-0.60%,"1,127",17.9倍,0.98倍,1.94%
20260616,611,クレハ,4023,東P,,"3,860",-30,-0.77%,"1,124",19.7倍,0.89倍,5.60%
20260616,612,安藤ハザマ,1719,東P,,"1,768.0",-31.0,-1.72%,"1,118",12.5倍,1.33倍,4.75%
20260616,613,メイテックＧ,9744,東P,,"3,033.0",-15.0,-0.49%,"1,116",16.9倍,4.80倍,5.97%
20260616,614,酉島,6363,東P,,"2,894",-101,-3.37%,"1,112",20.0倍,1.27倍,2.21%
20260616,615,兼松,8020,東P,,"2,115.0",-46.5,-2.15%,"1,109",10.1倍,1.69倍,3.31%
20260616,616,飯田ＧＨＤ,3291,東P,,"2,159.5",-50.0,-2.26%,"1,097",9.11倍,0.58倍,4.26%
20260616,617,ＪＭＤＣ,4483,東P,,"2,758",+29,+1.06%,"1,085",25.4倍,2.16倍,ー%
20260616,618,ＯＫＩ,6703,東P,,"3,045",-10,-0.33%,"1,081",14.7倍,1.46倍,2.13%
20260616,619,東洋炭素,5310,東P,,"8,310",-70,-0.84%,"1,080",34.9倍,1.82倍,1.74%
20260616,620,住友大阪,5232,東P,,"5,729",-75,-1.29%,"1,070",18.2倍,0.93倍,2.09%
20260616,621,ゴルドウイン,8111,東P,,"2,192.0",+30.0,+1.39%,"1,066",11.7倍,2.32倍,3.19%
20260616,622,山パン,2212,東P,,"3,090.0",-14.0,-0.45%,"1,066",14.3倍,1.32倍,1.94%
20260616,623,サワイＧＨＤ,4887,東P,,"1,650.5",-23.5,-1.40%,"1,065",10.3倍,1.07倍,3.39%
20260616,624,トヨタ紡織,3116,東P,,"2,235.5",-6.5,-0.29%,"1,054",8.32倍,0.82倍,3.85%
20260616,625,大垣共立,8361,東P,,"7,350",-110,-1.47%,"1,053",14.7倍,0.83倍,2.04%
20260616,626,フルッタ,2586,東G,,113,+19,+20.21%,"1,051",124倍,1.75倍,ー%
20260616,627,バイセル,7685,東G,,"3,630",+60,+1.68%,"1,050",23.9倍,9.56倍,0.61%
20260616,628,京王,9008,東P,,727.7,-1.7,-0.23%,"1,048",9.80倍,0.95倍,3.02%
20260616,629,吉野家ＨＤ,9861,東P,,"3,120.0",-2.0,-0.06%,"1,048",41.2倍,2.97倍,0.71%
20260616,630,上場半導体株,213A,東Ｅ,,542.5,+4.6,+0.86%,"1,047",ー倍,ー倍,ー%
20260616,631,ｉＦ日経Ｗベ,1366,東Ｅ,,67,0,0.00%,"1,045",ー倍,ー倍,ー%
20260616,632,ミライトワン,1417,東P,,"3,805",-77,-1.98%,"1,039",13.2倍,1.20倍,2.50%
20260616,633,産業ファンド,3249,東Ｒ,,"140,500","-2,400",-1.68%,"1,032",18.3倍,1.43倍,5.69%
20260616,634,東海東京,8616,東P,,753,+9,+1.21%,"1,027",ー倍,0.98倍,ー%
20260616,635,エディオン,2730,東P,,"2,380",-69,-2.82%,"1,017",16.0倍,1.07倍,2.10%
20260616,636,コスピブル,2033,東EN,,"132,850",-700,-0.52%,"1,010",ー倍,ー倍,ー%
20260616,637,アルフレッサ,2784,東P,,"2,196.5",-3.5,-0.16%,"1,008",18.5倍,0.76倍,3.23%
20260616,638,伊勢化,4107,東S,,"3,690",-125,-3.28%,"1,007",34.8倍,4.65倍,1.08%
20260616,639,ＭＸ全世界株,2559,東Ｅ,,"2,983",+9,+0.30%,"1,006",ー倍,ー倍,ー%
20260616,640,ＪＶＣケンウ,6632,東P,,"1,081.0",-16.5,-1.50%,"1,002",10.2倍,1.06倍,1.85%
20260616,641,上場東証指数,1308,東Ｅ,,"4,179",-16,-0.38%,998,ー倍,ー倍,ー%
20260616,642,十六ＦＧ,7380,東P,,"2,214",-47,-2.08%,997,14.0倍,0.84倍,2.26%
20260616,643,ＭＸ２２５,1346,東Ｅ,,"72,250",+170,+0.24%,991,ー倍,ー倍,ー%
20260616,644,ＡＬＳＯＫ,2331,東P,,"1,055.0",-18.0,-1.68%,987,13.8倍,1.34倍,3.13%
20260616,645,全国保証,7164,東P,,"2,858.5",+5.5,+0.19%,982,11.6倍,1.55倍,4.30%
20260616,646,ニフコ,7988,東P,,"4,465",+30,+0.68%,977,12.2倍,1.40倍,2.51%
20260616,647,名古屋銀,8522,東P,,"5,980",0,0.00%,974,12.8倍,0.94倍,3.34%
20260616,648,日本光電,6849,東P,,"1,358.0",+20.5,+1.53%,974,14.5倍,1.21倍,2.43%
20260616,649,東洋紡,3101,東P,,"1,778",+1,+0.06%,970,ー倍,0.74倍,ー%
20260616,650,ちゅうぎんＦ,5832,東P,,"3,120.0",-33.0,-1.05%,968,12.3倍,0.89倍,3.27%
20260616,651,エクセディ,7278,東P,,"5,910",+80,+1.37%,968,15.4倍,1.11倍,5.92%
20260616,652,ＫＬａｂ,3656,東P,,226,-1,-0.44%,959,ー倍,1.77倍,ー%
20260616,653,ツムラ,4540,東P,,"3,761",+38,+1.02%,954,10.7倍,0.87倍,4.20%
20260616,654,三井倉ＨＤ,9302,東P,,"3,853",-20,-0.52%,948,23.3倍,2.05倍,1.30%
20260616,655,ハウスリート,8984,東Ｒ,,"119,100","-1,200",-1.00%,945,24.0倍,1.09倍,4.90%
20260616,656,ＵＴ,2146,東P,,175,-1,-0.57%,945,16.3倍,3.94倍,5.85%
20260616,657,丸一管,5463,東P,,"1,668.0",-13.0,-0.77%,939,14.4倍,1.06倍,3.12%
20260616,658,ウエストＨＤ,1407,東S,,"2,256",-24,-1.05%,934,13.6倍,2.60倍,3.10%
20260616,659,南都銀,8367,東P,,"1,784",-20,-1.11%,934,12.7倍,0.93倍,3.14%
20260616,660,ＦＥＡＳＹ,212A,東P,,"2,721",+142,+5.51%,926,18.4倍,6.91倍,1.87%
20260616,661,フリー,4478,東G,,"1,900",-32,-1.66%,925,ー倍,5.56倍,ー%
20260616,662,リゾートトラ,4681,東P,,"1,722.0",+17.0,+1.00%,921,17.4倍,2.28倍,2.09%
20260616,663,Ｊエレベータ,6544,東P,,"1,614.5",+42.5,+2.70%,916,35.2倍,11.7倍,ー%
20260616,664,帝人,3401,東P,,"1,641.0",-13.5,-0.82%,915,7.04倍,0.87倍,3.05%
20260616,665,ＣＡＩＣＡＤ,2315,東S,,59,+3,+5.36%,910,116倍,1.72倍,ー%
20260616,666,犬猫生活,556A,東G,Ｓ,"2,680",-700,-20.71%,906,15.6倍,4.11倍,ー%
20260616,667,大阪ソーダ,4046,東P,,"1,948",+17,+0.88%,905,17.4倍,1.84倍,1.44%
20260616,668,日本紙,3863,東P,,"1,231",-4,-0.32%,904,14.2倍,0.28倍,1.22%
20260616,669,山陰合銀,8381,東P,,"2,178",-19,-0.86%,896,12.8倍,1.02倍,3.12%
20260616,670,クスリアオキ,3549,東P,,"3,655",-146,-3.84%,895,22.4倍,2.50倍,1.53%
20260616,671,ＴＳテック,7313,東P,,"1,740.5",-15.0,-0.85%,894,25.4倍,0.66倍,5.29%
20260616,672,メディパル,7459,東P,,"2,616.5",+7.0,+0.27%,890,13.7倍,0.82倍,2.60%
20260616,673,金先物Ｗブル,2036,東EN,,"164,050",+850,+0.52%,890,ー倍,ー倍,ー%
20260616,674,ＴＰＸベア２,1356,東Ｅ,,113.6,+0.6,+0.53%,888,ー倍,ー倍,ー%
20260616,675,ハウス食Ｇ,2810,東P,,"3,564.0",+40.0,+1.14%,886,18.8倍,1.09倍,2.81%
20260616,676,ノジマ,7419,東P,,"1,460",-22,-1.48%,879,8.80倍,1.74倍,1.37%
20260616,677,三浦工,6005,東P,,"3,153.0",-37.0,-1.16%,878,12.8倍,1.50倍,2.35%
20260616,678,Ｔ－ＢＡＳＥ,3415,東P,,336,-37,-9.92%,878,9.55倍,2.28倍,2.08%
20260616,679,上組,9364,東P,,"4,708",-3,-0.06%,878,17.0倍,1.18倍,4.35%
20260616,680,パルＨＤ,2726,東P,,"1,402",-23,-1.61%,874,12.8倍,2.91倍,2.85%
20260616,681,ｉＳＴＰＸ,1475,東Ｅ,,412.9,-1.5,-0.36%,872,ー倍,ー倍,ー%
20260616,682,洋缶ＨＤ,5901,東P,,"3,991",+12,+0.30%,868,20.0倍,0.86倍,4.66%
20260616,683,楽天Ｗベア,1459,東Ｅ,,107,-1,-0.93%,865,ー倍,ー倍,ー%
20260616,684,インフォＭＴ,2492,東P,,371,-6,-1.59%,864,31.9倍,3.35倍,1.77%
20260616,685,伊藤園,2593,東P,,"2,822.0",-3.5,-0.12%,864,29.6倍,1.85倍,1.84%
20260616,686,カゴメ,2811,東P,,"2,562.0",-18.0,-0.70%,860,17.3倍,1.22倍,2.26%
20260616,687,阿波銀,8388,東P,,"6,940",-90,-1.28%,856,15.3倍,0.68倍,2.74%
20260616,688,武蔵銀,8336,東P,,"2,484",-43,-1.70%,855,12.4倍,0.86倍,3.30%
20260616,689,スズケン,9987,東P,,"5,001",-55,-1.09%,852,13.5倍,0.81倍,2.40%
20260616,690,ショーボンド,1414,東P,,"1,264.5",-13.5,-1.06%,850,16.6倍,2.44倍,3.60%
20260616,691,京葉銀,8544,東P,,"2,480",-44,-1.74%,847,15.6倍,0.91倍,2.66%
20260616,692,ジャフコＧ,8595,東P,,"2,246.0",+10.5,+0.47%,843,ー倍,0.88倍,5.92%
20260616,693,セリア,2782,東S,,"3,580",-165,-4.41%,837,15.2倍,2.42倍,2.23%
20260616,694,芝浦機,6104,東P,,"3,935",+55,+1.42%,837,46.5倍,0.78倍,3.56%
20260616,695,Ｊｏｓｈｉｎ,8173,東P,,"3,765",+75,+2.03%,834,27.8倍,0.92倍,2.66%
20260616,696,グリコ,2206,東P,,"5,364",-43,-0.80%,833,33.2倍,1.20倍,1.77%
20260616,697,三井不ロジ,3471,東Ｒ,,"105,300","-1,600",-1.50%,831,29.6倍,1.05倍,4.75%
20260616,698,福山運,9075,東P,,"6,210",-90,-1.43%,830,12.9倍,0.77倍,1.61%
20260616,699,ＰバンＣＯＭ,3559,東S,Ｓ,459,+80,+21.11%,827,16.9倍,1.50倍,2.18%
20260616,700,ＧＭＯ,9449,東P,,"3,083.0",-18.0,-0.58%,822,ー倍,2.69倍,ー%
20260616,701,オプテクスＧ,6914,東P,,"4,050",+30,+0.75%,817,21.9倍,2.53倍,1.60%
20260616,702,ｉＳ米国株,1655,東Ｅ,,873.3,+2.6,+0.30%,815,ー倍,ー倍,ー%
20260616,703,セイノーＨＤ,9076,東P,,"2,671.5",+1.0,+0.04%,810,15.8倍,0.98倍,3.89%
20260616,704,王将フード,9936,東P,,"2,734",-49,-1.76%,810,20.2倍,2.21倍,2.05%
20260616,705,日化薬,4272,東P,,"2,093.0",-37.0,-1.74%,808,13.9倍,1.11倍,3.15%
20260616,706,ｉＦＦＡＮＧ,316A,東Ｅ,,"2,608",+43,+1.68%,804,ー倍,ー倍,ー%
20260616,707,キヤノンＭＪ,8060,東P,,"3,359.0",-34.0,-1.00%,802,16.5倍,1.75倍,2.68%
20260616,708,Ａｉロボ,247A,東G,,660,-31,-4.49%,801,ー倍,7.09倍,ー%
20260616,709,ＷＮＩウェザ,4825,東P,,"2,018",-51,-2.46%,799,25.6倍,3.93倍,4.21%
20260616,710,日軽金ＨＤ,5703,東P,,"3,010",-95,-3.06%,797,11.2倍,0.75倍,3.32%
20260616,711,ジャパンエン,6016,東S,,"8,300",-70,-0.84%,797,13.9倍,3.78倍,1.20%
20260616,712,平田機工,6258,東P,,"2,875",+16,+0.56%,797,13.6倍,1.15倍,2.61%
20260616,713,レンゴー,3941,東P,,"1,413.0",-7.5,-0.53%,791,11.2倍,0.71倍,3.54%
20260616,714,シンプレクス,4373,東P,,957,-10,-1.03%,790,17.2倍,4.16倍,2.51%
20260616,715,コメダ,3543,東P,,"2,714",-3,-0.11%,788,17.9倍,2.48倍,2.28%
20260616,716,アイカ,4206,東P,,"3,501.0",-15.0,-0.43%,785,11.9倍,1.16倍,4.00%
20260616,717,レオパレス,8848,東P,,616,-7,-1.12%,784,8.82倍,4.81倍,2.44%
20260616,718,北陸電,9505,東P,,851.7,-36.2,-4.08%,782,7.12倍,0.40倍,2.94%
20260616,719,ダイワボウ,3107,東P,,"3,409.0",-54.0,-1.56%,781,11.7倍,1.74倍,3.23%
20260616,720,山王,3441,東S,,"3,065",+377,+14.03%,779,10.2倍,1.58倍,0.82%
20260616,721,あいちＦＧ,7389,東P,,"1,376",+10,+0.73%,777,14.6倍,0.78倍,2.18%
20260616,722,ビックカメラ,3048,東P,,"1,702.0",-31.0,-1.79%,774,15.8倍,1.65倍,2.53%
20260616,723,Ｌドリンク,2585,東P,,"1,633",+7,+0.43%,772,20.2倍,5.15倍,0.92%
20260616,724,日本ドライ,1909,東S,,"3,780",+30,+0.80%,766,ー倍,3.26倍,ー%
20260616,725,邦ガス,9533,東P,,"1,245.5",-15.5,-1.23%,766,19.5倍,0.94倍,1.81%
20260616,726,アインＨＤ,9627,東P,,"5,582",-163,-2.84%,763,13.1倍,1.23倍,1.79%
20260616,727,加賀電子,8154,東P,,"4,430",-125,-2.74%,763,10.6倍,1.15倍,3.16%
20260616,728,アマノ,6436,東P,,"3,563.0",-14.0,-0.39%,762,14.0倍,1.78倍,5.05%
20260616,729,サイボウズ,4776,東P,,"2,297",-62,-2.63%,757,14.2倍,6.02倍,2.18%
20260616,730,キッツ,6498,東P,,"2,530",-11,-0.43%,754,17.3倍,1.83倍,2.33%
20260616,731,ＮＯＫ,7240,東P,,"2,956.0",+8.5,+0.29%,753,10.1倍,0.75倍,4.74%
20260616,732,日経インバ,1571,東Ｅ,,288,0,0.00%,753,ー倍,ー倍,ー%
20260616,733,ＭＸ日半導体,221A,東Ｅ,,"1,530.0",+18.0,+1.19%,748,ー倍,ー倍,ー%
20260616,734,四国電,9507,東P,,"1,463.5",-34.0,-2.27%,746,9.97倍,0.63倍,3.76%
20260616,735,マネックスＧ,8698,東P,,640,-8,-1.23%,743,ー倍,1.27倍,4.81%
20260616,736,ミナトＨＤ,6862,東S,,"2,138",+104,+5.11%,742,7.40倍,1.97倍,1.40%
20260616,737,三井不アコモ,3226,東Ｒ,,"120,300","-2,400",-1.96%,741,22.6倍,1.98倍,3.99%
20260616,738,東光高岳,6617,東P,,"7,540",-20,-0.26%,739,12.0倍,1.77倍,1.78%
20260616,739,ヨコオ,6800,東P,,"5,520",-10,-0.18%,739,28.6倍,2.14倍,1.16%
20260616,740,栃木銀,8550,東P,,973,-35,-3.47%,735,11.3倍,0.62倍,3.08%
20260616,741,日本Ｍ＆Ａ,2127,東P,,638.3,-5.2,-0.81%,735,15.1倍,4.04倍,4.54%
20260616,742,リログループ,8876,東P,,"1,783.5",-16.5,-0.92%,733,12.0倍,3.19倍,4.21%
20260616,743,日ガス,8174,東P,,"2,714.0",-60.5,-2.18%,732,20.7倍,4.32倍,4.05%
20260616,744,化工機,6331,東P,,"3,910",+70,+1.82%,728,13.0倍,1.98倍,3.07%
20260616,745,サカタＩＮＸ,4633,東P,,"2,406",+13,+0.54%,726,9.94倍,0.97倍,4.16%
20260616,746,くら寿司,2695,東P,,"1,565",+15,+0.97%,722,41.5倍,1.93倍,0.96%
20260616,747,ＧＡテクノ,3491,東G,,"1,322",+36,+2.80%,722,9.94倍,1.65倍,0.98%
20260616,748,サイバダイン,7779,東G,,251,-11,-4.20%,721,ー倍,0.85倍,ー%
20260616,749,日本ＣＭＫ,6958,東P,,767,+27,+3.65%,715,27.3倍,0.65倍,3.65%
20260616,750,アリアケ,2815,東P,,"4,985",-25,-0.50%,713,16.6倍,1.19倍,6.02%
20260616,751,ＪＮグループ,6634,東S,,67,+12,+21.82%,712,27.9倍,1.33倍,ー%
20260616,752,コクヨ,7984,東P,,806.0,-9.0,-1.10%,712,16.8倍,1.33倍,3.04%
20260616,753,岩手銀,8345,東P,,"2,047",-27,-1.30%,710,14.1倍,0.73倍,2.83%
20260616,754,百十四,8386,東P,,"2,511",-45,-1.76%,710,13.5倍,0.74倍,2.79%
20260616,755,一工薬,4461,東P,,"11,570",+70,+0.61%,710,18.3倍,2.36倍,1.30%
20260616,756,森永,2201,東P,,"2,529.5",-0.5,-0.02%,708,12.9倍,1.50倍,2.77%
20260616,757,日本高純度,4973,東P,,"5,390",+200,+3.85%,708,14.4倍,1.74倍,4.27%
20260616,758,愛知鋼,5482,東P,,"3,085",-30,-0.96%,707,17.5倍,0.84倍,4.86%
20260616,759,京阪ＨＤ,9045,東P,,"3,155.0",-2.0,-0.06%,704,11.0倍,0.93倍,2.73%
20260616,760,テレ朝ＨＤ,9409,東P,,"3,245",-45,-1.37%,704,13.1倍,0.70倍,3.08%
20260616,761,東邦銀,8346,東P,,780,-9,-1.14%,702,15.0倍,0.90倍,2.69%
20260616,762,ＤＧ,350A,東G,,777,-28,-3.48%,702,16.6倍,3.09倍,ー%
20260616,763,豊和工,6203,東S,,"1,556",+8,+0.52%,702,17.4倍,0.89倍,1.29%
20260616,764,ヨネックス,7906,東S,,"2,324",-4,-0.17%,697,15.1倍,2.47倍,1.20%
20260616,765,雪印メグ,2270,東P,,"3,555",-20,-0.56%,691,8.76倍,0.90倍,2.81%
20260616,766,アーキテクツ,6085,東G,,313,+6,+1.95%,688,948倍,-161倍,ー%
20260616,767,技術承継機構,319A,東G,,"16,360",+20,+0.12%,687,ー倍,14.3倍,ー%
20260616,768,山梨銀,8360,東P,,"6,140",-110,-1.76%,686,15.1倍,0.81倍,2.65%
20260616,769,山洋電,6516,東P,,"6,580",+30,+0.46%,683,19.5倍,1.83倍,2.58%
20260616,770,ＨＵグループ,4544,東P,,"3,251.0",+7.0,+0.22%,681,36.0倍,1.31倍,3.84%
20260616,771,ノースサンド,446A,東G,,"1,192",-6,-0.50%,679,12.8倍,4.62倍,2.77%
20260616,772,博報堂ＤＹ,2433,東P,,"1,127.0",-4.5,-0.40%,675,15.6倍,1.04倍,2.84%
20260616,773,大同メ,7245,東P,,"1,261",-23,-1.79%,675,11.7倍,0.71倍,2.85%
20260616,774,ムニノバＨＤ,547A,東P,,419,-2,-0.48%,671,6.35倍,0.84倍,4.77%
20260616,775,アコム,8572,東S,,449.3,-3.9,-0.86%,671,11.0倍,0.98倍,4.90%
20260616,776,大和オフィス,8976,東Ｒ,,"318,500","-6,500",-2.00%,668,19.0倍,1.23倍,4.75%
20260616,777,イノテック,9880,東P,,"3,955",-150,-3.65%,667,9.89倍,1.82倍,3.29%
20260616,778,コロワイド,7616,東P,,"1,793.0",-32.0,-1.75%,666,91.7倍,2.78倍,0.28%
20260616,779,大分銀,8392,東P,,"2,372",-61,-2.51%,665,14.7倍,0.73倍,2.11%
20260616,780,バルカー,7995,東P,,"7,940",+190,+2.45%,664,19.7倍,2.62倍,2.52%
20260616,781,シップＨＤ,3360,東P,,"2,125.0",+0.5,+0.02%,663,12.2倍,1.29倍,3.06%
20260616,782,パーカライ,4095,東P,,"1,857",+50,+2.77%,662,14.2倍,0.98倍,2.69%
20260616,783,ＡＫＩＢＡ,6840,東S,,801,+13,+1.65%,661,ー倍,1.67倍,ー%
20260616,784,千葉興,8337,東P,,"2,365",-63,-2.59%,661,14.1倍,0.88倍,0.85%
20260616,785,指月電,6994,東S,,"1,157",+8,+0.70%,656,14.6倍,1.15倍,2.07%
20260616,786,Ｊプライム,8955,東Ｒ,,"93,400","-2,000",-2.10%,652,19.8倍,1.33倍,4.58%
20260616,787,旭ダイヤ,6140,東P,,"1,283",-32,-2.43%,651,23.8倍,0.99倍,2.65%
20260616,788,プレス工,7246,東P,,786,-49,-5.87%,649,11.0倍,0.64倍,5.60%
20260616,789,東映アニメ,4816,東S,,"2,372",-35,-1.45%,648,26.8倍,2.83倍,1.85%
20260616,790,板硝子,5202,東P,,473,0,0.00%,648,22.4倍,0.44倍,ー%
20260616,791,ステラケミ,4109,東P,,"7,000",-230,-3.18%,648,25.1倍,1.79倍,2.57%
20260616,792,ラサールロジ,3466,東Ｒ,,"143,200","-3,300",-2.25%,647,18.9倍,1.17倍,5.64%
20260616,793,ＧＸＵテック,2244,東Ｅ,,"3,630",+10,+0.28%,646,ー倍,ー倍,ー%
20260616,794,東エレデバ,2760,東P,,"3,990",-125,-3.04%,646,15.0倍,2.22倍,2.71%
20260616,795,ＴＲＥＨＤ,9247,東P,,"1,818",+34,+1.91%,645,20.9倍,1.03倍,2.75%
20260616,796,阪和興,8078,東P,,"1,710",-49,-2.79%,644,8.29倍,0.78倍,3.86%
20260616,797,石原産,4028,東P,,"3,040",-50,-1.62%,640,12.8倍,0.90倍,4.28%
20260616,798,ＵＮＥＸＴ,9418,東P,,"1,584",-8,-0.50%,640,15.4倍,2.71倍,1.07%
20260616,799,タムラ,6768,東P,,981,+14,+1.45%,638,17.4倍,1.24倍,1.63%
20260616,800,ＧＭＯインタ,4784,東P,,456,+12,+2.70%,631,23.5倍,10.2倍,4.72%
20260616,801,トリプラ,5136,東G,,"1,418",-39,-2.68%,630,14.0倍,4.12倍,ー%
20260616,802,西松建,1820,東P,,"5,393",-121,-2.19%,630,10.4倍,1.09倍,4.64%
20260616,803,ＡＰＩ,3279,東Ｒ,,"133,800","-1,700",-1.25%,625,19.0倍,1.19倍,4.74%
20260616,804,ロイヤルＨＤ,8179,東P,,"1,221",-19,-1.53%,624,21.1倍,2.22倍,1.43%
20260616,805,プレミアＧ,7199,東P,,"1,953",+40,+2.09%,622,11.0倍,3.00倍,3.28%
20260616,806,ＴＫＰ,3479,東G,,"1,752",-48,-2.67%,621,16.7倍,1.33倍,ー%
20260616,807,ハートシード,219A,東G,,"1,705",-25,-1.45%,621,ー倍,5.46倍,ー%
20260616,808,ダイセキ,9793,東P,,"3,830",-140,-3.53%,616,16.2倍,2.22倍,2.25%
20260616,809,レノバ,9519,東P,,883,-12,-1.34%,615,23.5倍,0.65倍,ー%
20260616,810,ｉＦＥナ百無,2840,東Ｅ,,"2,820",+28,+1.00%,614,ー倍,ー倍,ー%
20260616,811,ＪＥＨ,5889,東P,,"2,291",-126,-5.21%,613,12.6倍,3.03倍,3.75%
20260616,812,電通総研,4812,東P,,"2,017",-10,-0.49%,608,21.9倍,3.90倍,2.23%
20260616,813,ＮＳＤ,9759,東P,,"2,457.5",-59.0,-2.34%,605,14.2倍,2.52倍,3.95%
20260616,814,ＷＯＷＯＷ,4839,東P,,991,-50,-4.80%,604,46.8倍,0.40倍,3.03%
20260616,815,ホシデン,6804,東P,,"2,715",-49,-1.77%,604,10.7倍,0.89倍,2.84%
20260616,816,サクシード,9256,東G,Ｓ,"2,140",-500,-18.94%,603,29.5倍,2.94倍,0.75%
20260616,817,大紀ア,5702,東P,,"1,732",-97,-5.30%,596,7.75倍,0.90倍,4.04%
20260616,818,紀陽銀,8370,東P,,"4,510",-40,-0.88%,592,11.6倍,1.17倍,3.46%
20260616,819,ＤＴＳ,9682,東P,,976,+1,+0.10%,591,13.2倍,2.43倍,3.89%
20260616,820,円谷フィＨＤ,2767,東P,,"1,359",-19,-1.38%,590,6.27倍,1.39倍,5.15%
20260616,821,相鉄ＨＤ,9003,東P,,"2,452.0",+1.0,+0.04%,588,10.7倍,1.16倍,2.85%
20260616,822,ＧＸＮデカバ,563A,東Ｅ,,"1,132",+8,+0.71%,588,ー倍,ー倍,ー%
20260616,823,日本新薬,4516,東P,,"3,986",-11,-0.28%,582,8.87倍,0.92倍,3.11%
20260616,824,富士製薬,4554,東P,,"2,245",+35,+1.58%,582,26.2倍,1.14倍,2.18%
20260616,825,マクセル,6810,東P,,"2,235",+78,+3.62%,580,12.3倍,0.95倍,2.51%
20260616,826,伊藤米久ＨＤ,2296,東P,,"4,720",-30,-0.63%,579,14.5倍,0.91倍,3.28%
20260616,827,ＩＤＯＭ,7599,東P,,"1,334",+2,+0.15%,579,9.43倍,1.52倍,3.18%
20260616,828,不二越,6474,東P,,"5,900",+130,+2.25%,578,20.1倍,0.73倍,1.69%
20260616,829,ホーチキ,6745,東P,,"2,000",+70,+3.63%,578,16.6倍,2.18倍,2.00%
20260616,830,野村銀行１７,1631,東Ｅ,,"37,890",-300,-0.79%,575,ー倍,ー倍,ー%
20260616,831,旭有機材,4216,東P,,"7,280",+50,+0.69%,573,22.4倍,1.69倍,1.79%
20260616,832,ＦＦＲＩ,3692,東G,,"5,100",+190,+3.87%,573,35.6倍,10.7倍,0.35%
20260616,833,ミズノ,8022,東P,,"3,425",+20,+0.59%,572,13.7倍,1.50倍,1.93%
20260616,834,大平金,5541,東P,,"2,271",-54,-2.32%,570,250倍,0.63倍,5.72%
20260616,835,おきなわＦＧ,7350,東P,,"6,540",-60,-0.91%,569,11.6倍,0.86倍,3.06%
20260616,836,松井,8628,東P,,942,-6,-0.63%,567,ー倍,2.96倍,ー%
20260616,837,クリレスＨＤ,3387,東P,,708,-2,-0.28%,567,52.3倍,6.81倍,0.71%
20260616,838,広済堂ＨＤ,7868,東P,,469,-6,-1.26%,567,15.0倍,1.41倍,2.84%
20260616,839,ＭＸナスダク,2631,東Ｅ,,"34,980",+130,+0.37%,565,ー倍,ー倍,ー%
20260616,840,コンフォリア,3282,東Ｒ,,"101,300","-2,600",-2.50%,564,22.5倍,1.47倍,4.14%
20260616,841,ベース,4481,東P,,"2,853",-27,-0.94%,563,11.3倍,3.65倍,6.52%
20260616,842,芙蓉リース,8424,東P,,"4,281",-30,-0.70%,560,8.04倍,0.77倍,4.02%
20260616,843,エムアップ,3661,東P,,648,-30,-4.42%,559,ー倍,4.80倍,3.70%
20260616,844,パークシャ,3993,東P,,"2,660",-15,-0.56%,558,28.9倍,2.31倍,ー%
20260616,845,グローリー,6457,東P,,"3,970",-28,-0.70%,556,10.6倍,0.98倍,3.88%
20260616,846,ＮＡＮＫＡＩ,9044,東P,,"2,745.5",-9.0,-0.33%,555,12.5倍,0.89倍,2.00%
20260616,847,長野計器,7715,東P,,"4,050",+75,+1.89%,554,17.5倍,1.56倍,1.48%
20260616,848,有沢製,5208,東P,,"2,424",-27,-1.10%,553,19.9倍,1.57倍,4.04%
20260616,849,メタルアート,5644,東S,,"7,630",+20,+0.26%,551,15.9倍,0.84倍,ー%
20260616,850,ポーラＨＤ,4927,東P,,"1,258.0",+0.5,+0.04%,550,30.9倍,1.77倍,4.13%
20260616,851,リンクユーＧ,4446,東P,,785,+55,+7.53%,550,63.6倍,4.11倍,ー%
20260616,852,東洋合成,4970,東S,,"16,340",+170,+1.05%,545,40.5倍,4.72倍,0.31%
20260616,853,松屋,8237,東P,,"1,436",-91,-5.96%,545,146倍,2.74倍,0.84%
20260616,854,Ｊトラスト,8508,東S,,764,+2,+0.26%,543,12.5倍,0.63倍,2.23%
20260616,855,スピー,4499,東S,,"2,346",-170,-6.76%,542,ー倍,3.95倍,ー%
20260616,856,ライフコーポ,8194,東P,,"2,555",-74,-2.81%,541,11.6倍,1.42倍,2.74%
20260616,857,平和不,8803,東P,,"2,365",-18,-0.76%,541,13.6倍,1.23倍,4.36%
20260616,858,テクノフレ,3449,東S,,"7,170",-240,-3.24%,540,47.0倍,4.99倍,0.86%
20260616,859,東芝テック,6588,東P,,"3,065",-155,-4.81%,537,23.2倍,1.73倍,1.31%
20260616,860,バローＨＤ,9956,東P,,"3,580",-20,-0.56%,535,11.4倍,1.02倍,2.12%
20260616,861,東鉄工,1835,東P,,"4,230",-45,-1.05%,535,11.2倍,1.10倍,3.59%
20260616,862,マックス,6454,東P,,"1,658",+22,+1.34%,530,21.0倍,2.59倍,2.41%
20260616,863,ベクトル,6058,東P,,"1,514",+22,+1.47%,529,12.9倍,3.36倍,2.38%
20260616,864,ＰＡコンサル,4071,東P,,"2,537",-18,-0.70%,524,20.7倍,6.69倍,1.97%
20260616,865,日本電設,1950,東P,,"4,475",-30,-0.67%,523,14.1倍,1.21倍,2.84%
20260616,866,ケアサプライ,2393,東S,,"4,155",+125,+3.10%,523,28.1倍,3.47倍,1.78%
20260616,867,あいＨＤ,3076,東P,,"2,668",-32,-1.19%,522,13.8倍,1.25倍,4.69%
20260616,868,ＮＥＸＹＺ．,4346,東S,,728,-2,-0.27%,520,9.97倍,2.57倍,2.75%
20260616,869,リョー菱ＨＤ,167A,東P,,"2,723",-89,-3.17%,518,ー倍,0.80倍,5.14%
20260616,870,デジアーツ,2326,東P,,"3,580",-30,-0.83%,515,12.7倍,2.61倍,2.79%
20260616,871,ピーエス,1871,東P,,"2,320",-22,-0.94%,513,13.9倍,1.66倍,4.35%
20260616,872,因幡電産,9934,東P,,"2,729.0",+16.0,+0.59%,509,12.9倍,1.56倍,3.11%
20260616,873,ＭＴＧ,7806,東G,,"7,260",+160,+2.25%,509,28.6倍,4.88倍,0.45%
20260616,874,ネクセラ,4565,東P,,970,+14,+1.46%,506,ー倍,1.41倍,ー%
20260616,875,平和,6412,東P,,"2,059",-17,-0.82%,504,10.0倍,0.82倍,3.89%
20260616,876,ワイエイシイ,6298,東P,,"1,385",+25,+1.84%,501,12.2倍,1.44倍,3.25%
20260616,877,稀元素,4082,東P,,"2,015",+64,+3.28%,501,32.4倍,1.27倍,1.49%
20260616,878,イトーキ,7972,東P,,"2,455",+6,+0.24%,498,10.8倍,2.06倍,3.67%
20260616,879,富山第一銀,7184,東P,,"2,497",-33,-1.30%,497,11.7倍,0.77倍,3.00%
20260616,880,システナ,2317,東P,,396,-6,-1.49%,496,13.3倍,3.57倍,4.55%
20260616,881,リバーエレク,6666,東S,,811,-34,-4.02%,493,"3,379倍",1.46倍,1.23%
20260616,882,トモニＨＤ,8600,東P,,889,-19,-2.09%,490,9.57倍,0.58倍,3.37%
20260616,883,イオンＦＳ,8570,東P,,"1,499.5",-16.0,-1.06%,488,21.6倍,0.68倍,3.53%
20260616,884,ディップ,2379,東P,,"1,746",-18,-1.02%,488,19.7倍,2.48倍,5.56%
20260616,885,ＪＣＵ,4975,東P,,"7,180",-140,-1.91%,487,20.1倍,3.24倍,2.51%
20260616,886,Ｕｍｉｏｓ,1333,東P,,"1,276.5",-9.5,-0.74%,486,12.9倍,0.78倍,3.53%
20260616,887,ＳＭＤ２２５,1397,東Ｅ,,"70,160",+20,+0.03%,485,ー倍,ー倍,ー%
20260616,888,ＭＸ米株ＳＰ,2558,東Ｅ,,"3,479",+9,+0.26%,484,ー倍,ー倍,ー%
20260616,889,サンゲツ,8130,東P,,"2,905",+10,+0.35%,483,12.7倍,1.41倍,5.34%
20260616,890,ＧＸ中小日株,2837,東Ｅ,,"5,860",+110,+1.91%,481,ー倍,ー倍,ー%
20260616,891,ライト,1926,東P,,"4,000",-5,-0.12%,481,14.0倍,1.83倍,3.65%
20260616,892,フロンティア,8964,東Ｒ,,"80,800","-1,300",-1.58%,480,18.5倍,1.25倍,5.45%
20260616,893,森トラストＲ,8961,東Ｒ,,"72,800","-1,100",-1.49%,478,20.1倍,1.11倍,4.98%
20260616,894,守谷輸送機,6226,東S,,"2,321",+90,+4.03%,478,18.5倍,5.50倍,1.64%
20260616,895,センコーＨＤ,9069,東P,,"1,932.5",-31.5,-1.60%,477,13.8倍,1.42倍,2.90%
20260616,896,東邦ＨＤ,8129,東P,,"4,018",-6,-0.15%,477,20.2倍,0.96倍,4.48%
20260616,897,日東工,6651,東P,,"4,575",+20,+0.44%,477,15.0倍,1.40倍,3.37%
20260616,898,エスペック,6859,東P,,"4,330",+40,+0.93%,475,15.6倍,1.49倍,2.66%
20260616,899,コーディア,190A,東G,,71,-19,-21.11%,475,ー倍,2.35倍,ー%
20260616,900,飛島ＨＤ,256A,東P,,"1,995",-39,-1.92%,475,7.96倍,0.70倍,5.51%
20260616,901,ｉＳゴールド,314A,東Ｅ,,327.8,+1.5,+0.46%,475,ー倍,ー倍,ー%
20260616,902,Ｋ＆Ｏエナジ,1663,東P,,"3,855",-80,-2.03%,474,16.3倍,0.96倍,1.56%
20260616,903,奥村組,1833,東P,,"5,720",-80,-1.38%,474,13.3倍,1.04倍,5.24%
20260616,904,富士急,9010,東P,,"2,470",-5,-0.20%,473,22.8倍,3.14倍,1.34%
20260616,905,テクマト,3762,東P,,"1,735",-71,-3.93%,473,13.0倍,2.65倍,3.11%
20260616,906,ＳＢＳＨＤ,2384,東P,,"4,515",-30,-0.66%,471,13.3倍,1.77倍,2.33%
20260616,907,船井総研ＨＤ,9757,東P,,"1,071",-6,-0.56%,470,14.9倍,3.97倍,4.48%
20260616,908,青山商,8219,東P,,687,-7,-1.01%,469,12.8倍,0.55倍,5.53%
20260616,909,ニップン,2001,東P,,"2,676",+13,+0.49%,468,10.4倍,0.78倍,2.54%
20260616,910,日本ロジ,8967,東Ｒ,,"92,200","-1,300",-1.39%,467,19.3倍,1.80倍,5.13%
20260616,911,ＤＣＭ,3050,東P,,"1,489",-3,-0.20%,467,11.7倍,0.68倍,3.22%
20260616,912,ボードルア,4413,東P,,"2,402",-41,-1.68%,466,23.9倍,9.71倍,0.42%
20260616,913,インスペック,6656,東S,,"1,092",-30,-2.67%,465,54.8倍,5.31倍,ー%
20260616,914,カナモト,9678,東P,,"5,470",-30,-0.55%,464,14.5倍,1.22倍,2.01%
20260616,915,アスクル,2678,東P,,"1,160",-11,-0.94%,463,ー倍,1.87倍,0.86%
20260616,916,東京製鉄,5423,東P,,"1,742",-18,-1.02%,462,ー倍,0.80倍,2.30%
20260616,917,中電工,1941,東P,,"5,300",-50,-0.93%,462,14.2倍,1.15倍,2.64%
20260616,918,藤田観,9722,東P,,"1,843",+25,+1.38%,461,9.61倍,2.79倍,1.09%
20260616,919,エスエムエス,2175,東P,,"1,997",-11,-0.55%,460,26.6倍,6.19倍,1.53%
20260616,920,グンゼ,3002,東P,,"3,815",0,0.00%,460,23.0倍,1.07倍,5.66%
20260616,921,正栄食,8079,東P,,"4,350",-85,-1.92%,458,18.0倍,1.23倍,2.07%
20260616,922,森ヒルズＲ,3234,東Ｒ,,"126,400","-2,300",-1.79%,458,20.5倍,1.17倍,4.91%
20260616,923,カチタス,8919,東P,,"3,355",-90,-2.61%,456,18.8倍,4.95倍,2.68%
20260616,924,ＭＩＸＩ,2121,東P,,"2,645",+9,+0.34%,456,12.8倍,0.95倍,4.73%
20260616,925,丹青社,9743,東P,,"1,342",+25,+1.90%,453,11.1倍,1.69倍,5.96%
20260616,926,西松屋チェ,7545,東P,,"1,922",-20,-1.03%,453,13.7倍,1.17倍,1.66%
20260616,927,ダイナマップ,336A,東G,,761,-11,-1.42%,452,ー倍,2.50倍,ー%
20260616,928,野村鉄鋼非鉄,1623,東Ｅ,,"70,850","+3,770",+5.62%,449,ー倍,ー倍,ー%
20260616,929,アンドＳＴ,2685,東P,,"3,395",-5,-0.15%,449,14.9倍,1.92倍,2.65%
20260616,930,ｉＳＢＡＩ,408A,東Ｅ,,340.0,+4.4,+1.31%,448,ー倍,ー倍,ー%
20260616,931,航空電子,6807,東P,,"2,347",-7,-0.30%,448,26.4倍,1.10倍,2.13%
20260616,932,岩井コスモ,8707,東P,,"4,055",+60,+1.50%,447,ー倍,1.28倍,ー%
20260616,933,フィナＨＤ,4419,東G,,"1,226",-18,-1.45%,444,27.4倍,6.05倍,ー%
20260616,934,ＧＭＯ－ＦＨ,7177,東S,,980,-26,-2.58%,442,ー倍,2.06倍,5.59%
20260616,935,エアロエッジ,7409,東G,,"3,520",+130,+3.83%,439,62.3倍,9.47倍,ー%
20260616,936,東競馬,9672,東P,,"4,750",+15,+0.32%,438,11.5倍,1.30倍,3.07%
20260616,937,住友倉,9303,東P,,"3,770",-75,-1.95%,436,16.7倍,0.91倍,2.73%
20260616,938,Ｄガレージ,4819,東P,,"1,808",-15,-0.82%,436,ー倍,1.10倍,ー%
20260616,939,ヨコレイ,2874,東P,,"1,835",+67,+3.79%,434,22.6倍,1.26倍,1.47%
20260616,940,グロービング,277A,東P,,"2,045",-48,-2.29%,433,20.8倍,7.97倍,0.73%
20260616,941,西鉄,9031,東P,,"2,854.0",+14.0,+0.49%,433,9.58倍,0.76倍,3.15%
20260616,942,ノーリツ鋼機,7744,東P,,"2,033",+16,+0.79%,432,12.8倍,0.94倍,3.69%
20260616,943,スミダコーポ,6817,東P,,"1,412",-21,-1.47%,432,12.8倍,0.74倍,3.75%
20260616,944,矢作建,1870,東P,,"1,831",-24,-1.29%,431,9.64倍,1.04倍,5.46%
20260616,945,琉球銀,8399,東P,,"2,632",+8,+0.30%,431,10.8倍,0.74倍,3.72%
20260616,946,日証金,8511,東P,,"2,345",-31,-1.30%,430,17.3倍,1.38倍,4.01%
20260616,947,ＡＳＢ機械,6284,東P,,"9,150",-90,-0.97%,430,15.1倍,2.22倍,2.62%
20260616,948,フォスター,6794,東P,,"2,840",+26,+0.92%,430,12.8倍,0.94倍,4.05%
20260616,949,平和不リート,8966,東Ｒ,,"134,400","-1,700",-1.25%,429,16.0倍,1.35倍,5.94%
20260616,950,石井表記,6336,東S,,"1,622",-26,-1.58%,427,13.7倍,1.20倍,2.22%
20260616,951,栄研化,4549,東P,,"2,659",+1,+0.04%,426,42.4倍,1.99倍,2.18%
20260616,952,ハピネット,7552,東P,,"2,716",0,0.00%,426,11.2倍,1.96倍,ー%
20260616,953,キッセイ,4547,東P,,"3,980",+30,+0.76%,425,11.4倍,0.72倍,4.27%
20260616,954,サンエー,2659,東P,,"3,165",-40,-1.25%,424,17.5倍,1.24倍,3.48%
20260616,955,科研薬,4521,東P,,"3,770",-60,-1.57%,423,22.0倍,0.97倍,5.04%
20260616,956,セーレン,3569,東P,,"3,395",+5,+0.15%,422,13.3倍,1.24倍,2.24%
20260616,957,ヴレインＳ,135A,東G,,"4,155",+190,+4.79%,422,43.8倍,20.4倍,ー%
20260616,958,Ｋｕｄａｎ,4425,東G,,"1,840",+92,+5.26%,421,ー倍,7.92倍,ー%
20260616,959,ミライアル,4238,東S,,"1,928",-62,-3.12%,420,ー倍,0.76倍,ー%
20260616,960,川田テク,3443,東P,,"1,230",-20,-1.60%,420,8.88倍,0.64倍,3.41%
20260616,961,Ｕアローズ,7606,東P,,"2,448",-19,-0.77%,420,11.0倍,1.60倍,3.76%
20260616,962,三洋化,4471,東P,,"5,290",-20,-0.38%,419,13.0倍,0.73倍,3.31%
20260616,963,ＷＳＣＯＰＥ,6619,東P,,207,+4,+1.97%,418,ー倍,0.31倍,ー%
20260616,964,岡三,8609,東P,,971,+15,+1.57%,417,ー倍,0.84倍,ー%
20260616,965,三十三ＦＧ,7322,東P,,"1,744",-47,-2.62%,417,12.1倍,0.79倍,2.52%
20260616,966,テクミラ,3627,東S,,299,+31,+11.57%,417,24.1倍,0.60倍,1.67%
20260616,967,イオンリート,3292,東Ｒ,,"121,500","-1,900",-1.54%,416,21.7倍,1.05倍,5.58%
20260616,968,ＨＩＯＫＩ,6866,東P,,"12,390",+10,+0.08%,416,22.0倍,3.83倍,1.94%
20260616,969,弘電社,1948,東S,,"11,480",-10,-0.09%,416,41.8倍,4.01倍,ー%
20260616,970,いちごオフィ,8975,東Ｒ,,"91,300","-1,800",-1.93%,416,20.0倍,1.33倍,4.98%
20260616,971,東映,9605,東P,,"5,760",+40,+0.70%,414,28.6倍,1.24倍,0.21%
20260616,972,ＬＡホールデ,2986,東G,,"8,410",-130,-1.52%,414,5.54倍,2.21倍,6.21%
20260616,973,クオンツ総研,9552,東P,,"1,053",-11,-1.03%,413,16.2倍,8.15倍,ー%
20260616,974,リッジアイ,5572,東G,,"3,075",-305,-9.02%,413,35.9倍,3.75倍,ー%
20260616,975,ＣＣＩＧ,7381,東P,,"1,001",-3,-0.30%,411,13.0倍,0.91倍,3.00%
20260616,976,新日本空調,1952,東P,,"3,460",-70,-1.98%,410,12.3倍,1.90倍,3.47%
20260616,977,東京エネシス,1945,東P,,"2,373",-35,-1.45%,408,15.1倍,1.09倍,3.24%
20260616,978,第一興商,7458,東P,,"1,652.5",-13.0,-0.78%,407,14.0倍,1.38倍,4.11%
20260616,979,ＧＭＯ－ＦＧ,4051,東P,,"6,170",+150,+2.49%,406,27.2倍,7.84倍,2.03%
20260616,980,サカタタネ,1377,東P,,"4,145",-30,-0.72%,405,17.5倍,1.01倍,1.81%
20260616,981,朝日工,1975,東P,,"4,175",+125,+3.09%,404,11.7倍,2.12倍,3.45%
20260616,982,秋田銀,8343,東P,,"6,340",-50,-0.78%,403,13.3倍,0.63倍,3.15%
20260616,983,新光商,8141,東P,,"1,580",+3,+0.19%,401,32.2倍,0.86倍,1.55%
20260616,984,東和薬品,4553,東P,,"3,875",-40,-1.02%,401,8.87倍,1.07倍,2.19%
20260616,985,東急建設,1720,東P,,"1,191",-3,-0.25%,401,11.5倍,1.14倍,3.61%
20260616,986,松屋フーズ,9887,東P,,"4,610",-110,-2.33%,401,25.0倍,1.65倍,0.56%
20260616,987,アセンテック,3565,東S,,419,+14,+3.46%,395,12.6倍,2.97倍,3.58%
20260616,988,ミツバ,7280,東P,,"1,093",-7,-0.64%,394,4.69倍,0.46倍,2.74%
20260616,989,松田産業,7456,東P,,"6,420",+20,+0.31%,394,9.70倍,1.40倍,1.71%
20260616,990,オカムラ,7994,東P,,"2,246",+16,+0.72%,392,10.1倍,1.04倍,4.67%
20260616,991,宮崎銀,8393,東P,,"2,081",-47,-2.21%,392,12.0倍,0.79倍,2.69%
20260616,992,エフピコ,7947,東P,,"2,502",-11,-0.44%,391,ー倍,1.23倍,2.92%
20260616,993,オープンＵＰ,2154,東P,,"1,880",-5,-0.27%,390,13.5倍,2.05倍,4.52%
20260616,994,ナカニシ,7716,東S,,"3,005",+20,+0.67%,389,22.3倍,2.15倍,2.00%
20260616,995,ユナイテド海,9110,東P,,"7,200",+10,+0.14%,388,7.35倍,0.91倍,4.10%
20260616,996,ジャックス,8584,東P,,"3,585",+30,+0.84%,388,16.1倍,0.54倍,5.58%
20260616,997,西華産,8061,東P,,"2,908",-43,-1.46%,386,13.7倍,1.92倍,3.20%
20260616,998,ガンホー,3765,東P,,"2,181",-5,-0.23%,386,ー倍,1.00倍,ー%
20260616,999,ＴＯブックス,500A,東S,,"2,830",-380,-11.84%,386,7.65倍,1.37倍,2.69%
20260616,1000,オンワード,8016,東P,,718,-7,-0.97%,385,8.72倍,1.04倍,4.60%
20260616,1001,東海理,6995,東P,,"2,986",+16,+0.54%,385,12.7倍,0.73倍,4.02%
20260616,1002,タダノ,6395,東P,,"1,330",-9,-0.67%,385,12.0倍,0.82倍,2.56%
20260616,1003,フクダ電,6960,東S,,"11,300",-280,-2.42%,384,17.3倍,1.62倍,2.04%
20260616,1004,ＡＯＫＩＨＤ,8214,東P,,"1,587",-36,-2.22%,383,13.4倍,0.92倍,5.67%
20260616,1005,ａｒｔｉｅｎ,4634,東P,,"4,170",-85,-2.00%,383,9.31倍,0.74倍,2.88%
20260616,1006,野村商社卸売,1629,東Ｅ,,252.8,-4.5,-1.75%,382,ー倍,ー倍,ー%
20260616,1007,日本駐車場,2353,東P,,250,+1,+0.40%,382,13.7倍,3.99倍,3.60%
20260616,1008,ワコム,6727,東P,,855,-10,-1.16%,382,11.4倍,3.05倍,2.81%
20260616,1009,富士紡ＨＤ,3104,東P,,"3,765",-90,-2.33%,380,20.2倍,2.46倍,2.07%
20260616,1010,タマホーム,1419,東P,,"2,817",-69,-2.39%,380,60.5倍,3.16倍,4.44%
20260616,1011,みずほリース,8425,東P,,"1,283",-7,-0.54%,380,6.91倍,0.84倍,4.05%
20260616,1012,ＧＬテクノ,255A,東S,,"5,990",-170,-2.76%,379,14.1倍,1.55倍,2.10%
20260616,1013,日経ベア,1580,東Ｅ,,764.0,+1.3,+0.17%,379,ー倍,ー倍,ー%
20260616,1014,トーエネク,1946,東P,,"2,182",-4,-0.18%,377,11.3倍,1.33倍,3.48%
20260616,1015,福井銀,8362,東P,,"5,360",-90,-1.65%,376,14.1倍,0.83倍,2.80%
20260616,1016,ミルボン,4919,東P,,"2,623",-77,-2.85%,376,19.4倍,1.72倍,3.35%
20260616,1017,ジェリビンズ,3070,東G,,62,-9,-12.68%,376,31.5倍,1.02倍,ー%
20260616,1018,東急ＲＥ,8957,東Ｒ,,"179,300","-3,600",-1.97%,374,15.9倍,1.38倍,4.47%
20260616,1019,ＪＩＡ,7172,東P,,"2,045",-5,-0.24%,372,9.77倍,1.65倍,5.28%
20260616,1020,助川電気,7711,東S,,"4,945",+115,+2.38%,371,30.2倍,5.02倍,1.05%
20260616,1021,グロバワン,8958,東Ｒ,,"107,900","-2,400",-2.18%,370,16.7倍,1.18倍,5.93%
20260616,1022,ムービン,421A,東G,,"3,150",-65,-2.02%,370,15.2倍,6.40倍,ー%
20260616,1023,日清オイリオ,2602,東P,,"1,803",+6,+0.33%,370,13.7倍,0.78倍,3.33%
20260616,1024,戸田工,4100,東S,,"1,777",+42,+2.42%,369,20.6倍,1.14倍,ー%
20260616,1025,黒田グループ,287A,東S,,"1,005",-18,-1.76%,369,10.4倍,1.04倍,6.27%
20260616,1026,免疫生物研,4570,東G,,960,+15,+1.59%,368,25.8倍,4.85倍,0.78%
20260616,1027,山形銀,8344,東P,,"3,560",+10,+0.28%,367,14.7倍,0.73倍,2.75%
20260616,1028,ＶＩＸＥＴＦ,318A,東Ｅ,,458.1,-15.9,-3.35%,366,ー倍,ー倍,ー%
20260616,1029,ゲオＨＤ,2681,東P,,"2,089",-40,-1.88%,364,13.9倍,0.85倍,1.63%
20260616,1030,新電元,6844,東P,,"3,250",+25,+0.78%,364,12.3倍,0.46倍,3.08%
20260616,1031,セーフィー,4375,東G,,595,-43,-6.74%,364,ー倍,3.60倍,ー%
20260616,1032,ユーグレナ,2931,東P,,334,-4,-1.18%,363,ー倍,1.42倍,ー%
20260616,1033,大和証券リビ,8986,東Ｒ,,"98,400","-1,800",-1.80%,363,19.9倍,1.25倍,5.10%
20260616,1034,飯野海,9119,東P,,"1,425",-33,-2.26%,362,12.5倍,0.95倍,3.23%
20260616,1035,ｉＳＪリート,1476,東Ｅ,,"1,839",-31,-1.66%,362,ー倍,ー倍,ー%
20260616,1036,オリコ,8585,東P,,856,-2,-0.23%,362,11.3倍,0.59倍,4.67%
20260616,1037,岡野バ,6492,東S,,"14,500",-470,-3.14%,361,16.6倍,1.75倍,0.55%
20260616,1038,トヨカネツ,6369,東P,,"2,222",+21,+0.95%,360,12.8倍,0.86倍,4.73%
20260616,1039,椿本チ,6371,東P,,"2,628",+14,+0.54%,360,12.4倍,0.92倍,3.04%
20260616,1040,ＥＩＺＯ,6737,東P,,"2,504",-42,-1.65%,360,15.2倍,0.72倍,4.59%
20260616,1041,ジャスト,4686,東P,,"3,750",-75,-1.96%,360,ー倍,2.03倍,0.80%
20260616,1042,スターツ,8850,東P,,"4,515",-10,-0.22%,360,8.22倍,1.13倍,3.32%
20260616,1043,浅沼組,1852,東P,,824,+1,+0.12%,360,12.8倍,1.34倍,5.46%
20260616,1044,クリエイトＳ,3148,東P,,"3,265",+5,+0.15%,359,12.9倍,1.41倍,2.76%
20260616,1045,ドトル日レス,3087,東P,,"2,644",-38,-1.42%,358,14.7倍,1.06倍,2.27%
20260616,1046,レナ,4889,東G,,"1,585",-61,-3.71%,357,ー倍,6.60倍,ー%
20260616,1047,大黒屋,6993,東S,,100,+3,+3.09%,357,119倍,13.8倍,ー%
20260616,1048,日精機,7287,東S,,"2,543",-88,-3.34%,357,14.6倍,0.63倍,3.54%
20260616,1049,極東開発,7226,東P,,"2,155",+5,+0.23%,353,16.6倍,0.73倍,5.57%
20260616,1050,ＨＵＬＩＣＲ,3295,東Ｒ,,"152,200","-3,000",-1.93%,353,19.5倍,1.09倍,5.26%
20260616,1051,スターアジア,3468,東Ｒ,,"54,300",-700,-1.27%,352,16.8倍,1.01倍,6.08%
20260616,1052,石原ケミ,4462,東P,,"3,530",-115,-3.16%,352,17.5倍,1.95倍,1.36%
20260616,1053,スクロール,8005,東P,,"1,627",+8,+0.49%,352,12.8倍,1.46倍,6.27%
20260616,1054,東亜道,1882,東P,,"1,525",-11,-0.72%,351,16.8倍,1.31倍,5.90%
20260616,1055,インターメス,262A,東P,,"2,248",-62,-2.68%,351,14.5倍,2.64倍,2.27%
20260616,1056,四国銀,8387,東P,,"2,888",-21,-0.72%,350,13.8倍,0.63倍,2.98%
20260616,1057,ケイアイ不,3465,東P,,"3,780",-75,-1.95%,350,6.71倍,1.60倍,3.70%
20260616,1058,ブロドリーフ,3673,東P,,787,-10,-1.25%,350,22.3倍,2.90倍,1.97%
20260616,1059,レスター,3156,東P,,"4,405",-100,-2.22%,349,12.4倍,1.33倍,3.06%
20260616,1060,カーリット,4275,東P,,"2,170",-45,-2.03%,348,16.0倍,1.20倍,1.94%
20260616,1061,アズワン,7476,東P,,"2,140.0",+13.5,+0.63%,347,17.0倍,2.15倍,3.08%
20260616,1062,トーセイ,8923,東P,,"1,583",-8,-0.50%,347,10.1倍,1.42倍,3.47%
20260616,1063,ミラースＲ,3492,東Ｒ,,"82,000","-1,200",-1.44%,346,16.4倍,0.92倍,6.59%
20260616,1064,セルシス,3663,東P,,"1,841",-25,-1.34%,346,24.9倍,11.9倍,2.17%
20260616,1065,コーセル,6905,東P,,"1,522",+26,+1.74%,346,"2,085倍",1.15倍,3.61%
20260616,1066,日セラ,6929,東P,,"3,780",-65,-1.69%,345,16.7倍,1.78倍,4.37%
20260616,1067,セック,3741,東P,,"3,205",-20,-0.62%,345,20.8倍,3.17倍,1.93%
20260616,1068,東和銀,8558,東P,,"1,504",+1,+0.07%,345,9.69倍,0.59倍,3.32%
20260616,1069,インソース,6200,東P,,583,-1,-0.17%,345,11.1倍,3.94倍,5.06%
20260616,1070,泉州電,9824,東P,,"6,870",-120,-1.72%,344,13.8倍,1.90倍,2.33%
20260616,1071,コロプラ,3668,東P,,359,-11,-2.97%,343,ー倍,0.69倍,ー%
20260616,1072,トーカロ,3433,東P,,"3,145",-15,-0.47%,342,18.3倍,2.80倍,2.73%
20260616,1073,イズミ,8273,東P,,938,-14,-1.47%,342,11.3倍,0.67倍,3.20%
20260616,1074,ＤＮＣ,4246,東P,,"1,023",-16,-1.54%,342,7.29倍,0.76倍,5.57%
20260616,1075,メドレー,4480,東P,,"2,006",-10,-0.50%,341,33.5倍,4.62倍,ー%
20260616,1076,クオリプス,4894,東G,,"3,780",-50,-1.31%,341,ー倍,6.66倍,ー%
20260616,1077,ハイデ日高,7611,東P,,"2,571",-19,-0.73%,341,20.6倍,3.72倍,2.02%
20260616,1078,北越コーポ,3865,東P,,960,+9,+0.95%,340,30.5倍,0.61倍,2.71%
20260616,1079,東京綱,5981,東P,,"2,110",+28,+1.34%,340,10.9倍,0.79倍,3.32%
20260616,1080,ＳＰＤＲ,1326,東Ｅ,,"63,450",+170,+0.27%,340,ー倍,ー倍,ー%
20260616,1081,東建コーポ,1766,東P,,"12,150",-160,-1.30%,340,9.26倍,1.16倍,3.29%
20260616,1082,大黒天,2791,東P,,"4,305",+5,+0.12%,340,13.1倍,0.96倍,0.81%
20260616,1083,フジシール,7864,東P,,"2,732",+23,+0.85%,339,9.53倍,0.90倍,3.18%
20260616,1084,メディアＬ,6659,東S,,55,-2,-3.51%,338,ー倍,1.69倍,ー%
20260616,1085,ビジョン,9416,東P,,"1,018",-4,-0.39%,338,9.75倍,2.43倍,5.01%
20260616,1086,沖縄セルラー,9436,東S,,"3,685",-20,-0.54%,337,25.6倍,3.43倍,1.90%
20260616,1087,スマレジ,4431,東G,,"2,500",-59,-2.31%,337,17.3倍,5.01倍,1.16%
20260616,1088,ＭＸＪリート,1597,東Ｅ,,"1,825",-26,-1.40%,337,ー倍,ー倍,ー%
20260616,1089,マクビープラ,7095,東P,,"1,034",+28,+2.78%,336,6.78倍,1.02倍,5.32%
20260616,1090,ワコールＨＤ,3591,東P,,"4,399",-46,-1.03%,336,121倍,1.04倍,2.27%
20260616,1091,フューチャー,4722,東P,,"1,474",-25,-1.67%,336,11.1倍,2.06倍,3.26%
20260616,1092,ＫＨネオケム,4189,東P,,"2,708",-43,-1.56%,335,10.9倍,1.36倍,4.06%
20260616,1093,大有機,4187,東P,,"5,620",-80,-1.40%,333,25.4倍,2.20倍,1.42%
20260616,1094,トレファク,3093,東P,,"2,087",+27,+1.31%,333,14.4倍,3.84倍,2.11%
20260616,1095,山善,8051,東P,,"1,760",-49,-2.71%,333,16.2倍,1.05倍,3.18%
20260616,1096,パイロット,7846,東P,,"4,950",+20,+0.41%,332,12.4倍,1.27倍,2.55%
20260616,1097,ｉＦＦＮＧ金,521A,東Ｅ,,"1,945",+15,+0.78%,332,ー倍,ー倍,ー%
20260616,1098,サンフロ不,8934,東P,,"2,361",-24,-1.01%,331,7.76倍,1.13倍,3.39%
20260616,1099,オリコン,4800,東S,,"1,328",0,0.00%,331,16.2倍,2.94倍,ー%
20260616,1100,アース製薬,4985,東P,,"4,615",-35,-0.75%,329,16.3倍,1.32倍,2.82%
20260616,1101,アークランズ,9842,東P,,"1,879",-19,-1.00%,329,11.8倍,0.92倍,2.13%
20260616,1102,アルゴグラフ,7595,東P,,"1,192",-18,-1.49%,329,11.4倍,1.68倍,5.45%
20260616,1103,ノート,5243,東G,,"1,728",+55,+3.29%,329,39.3倍,6.50倍,ー%
20260616,1104,コシダカＨＤ,2157,東P,,956,-4,-0.42%,328,10.6倍,2.08倍,2.72%
20260616,1105,オートバクス,9832,東P,,"1,461",+1,+0.07%,326,12.8倍,0.84倍,4.11%
20260616,1106,ネットスタズ,5590,東G,,695,-25,-3.47%,325,23.8倍,1.50倍,ー%
20260616,1107,東合成,4045,東P,,"1,759.0",-7.0,-0.40%,325,16.2倍,0.88倍,3.98%
20260616,1108,パソナＧ,2168,東P,,"1,502",+8,+0.54%,325,ー倍,0.44倍,4.99%
20260616,1109,ＳＦＯＯＤＳ,2292,東P,,"2,620",-31,-1.17%,324,12.8倍,0.63倍,4.20%
20260616,1110,ＧＸ銀行高配,315A,東Ｅ,,"1,780",-19,-1.06%,322,ー倍,ー倍,ー%
20260616,1111,荒川化,4968,東P,,"1,840",-64,-3.36%,321,16.2倍,0.59倍,2.99%
20260616,1112,ＵＳＭＨ,3222,東S,,816,-7,-0.85%,321,"1,133倍",0.84倍,1.96%
20260616,1113,ＳＨＯＥＩ,7839,東P,,"1,805",-25,-1.37%,320,15.6倍,3.04倍,3.32%
20260616,1114,東陽テク,8151,東P,,"1,960",-54,-2.68%,319,16.3倍,1.43倍,3.57%
20260616,1115,ヨドコウ,5451,東P,,"1,256",-15,-1.18%,316,18.0倍,0.89倍,4.22%
20260616,1116,日曹達,4041,東P,,"3,575",-20,-0.56%,316,12.1倍,0.94倍,4.48%
20260616,1117,ナ・デックス,7435,東S,,"1,228",-165,-11.84%,315,9.29倍,0.48倍,3.26%
20260616,1118,綜研化学,4972,東S,,"3,410",-105,-2.99%,315,13.2倍,1.36倍,ー%
20260616,1119,日本リート,3296,東Ｒ,,"84,500","-1,100",-1.29%,315,15.8倍,1.16倍,5.73%
20260616,1120,菱地所物流Ｒ,3481,東Ｒ,,"118,800","-1,900",-1.57%,314,21.0倍,1.13倍,5.24%
20260616,1121,ブルーゾーン,417A,東P,,"1,741.5",-14.0,-0.80%,313,14.8倍,1.78倍,1.84%
20260616,1122,東証グロース,2516,東Ｅ,,569.8,+5.5,+0.97%,311,ー倍,ー倍,ー%
20260616,1123,日本ＭＤＭ,7600,東P,,805,-12,-1.47%,311,353倍,0.84倍,2.11%
20260616,1124,Ａ＆Ｄホロン,7745,東P,,"2,715",-22,-0.80%,310,16.5倍,1.50倍,2.21%
20260616,1125,ノエビアＨＤ,4928,東P,,"4,255",-20,-0.47%,308,17.7倍,2.97倍,5.41%
20260616,1126,新日本電工,5563,東P,,484,+5,+1.04%,307,ー倍,0.84倍,2.69%
20260616,1127,エクセレント,8987,東Ｒ,,"136,600","-1,700",-1.23%,307,20.6倍,1.21倍,4.47%
20260616,1128,半導体日本株,163A,東EN,,"22,430",-300,-1.32%,305,ー倍,ー倍,ー%
20260616,1129,コロンビア,146A,東S,,"2,791",-19,-0.68%,305,5.13倍,1.23倍,3.37%
20260616,1130,ダスキン,4665,東P,,"4,179",-47,-1.11%,304,20.1倍,1.25倍,2.99%
20260616,1131,極東証券,8706,東P,,"1,564",-1,-0.06%,304,ー倍,0.94倍,ー%
20260616,1132,セレンＨＤ,7318,東G,,"2,153",+86,+4.16%,301,17.8倍,2.90倍,ー%
20260616,1133,ＡＺ丸和ＨＤ,9090,東P,,769,+13,+1.72%,300,12.5倍,1.66倍,4.16%
20260616,1134,ＴＫＣ,9746,東P,,"3,375",-30,-0.88%,300,13.8倍,1.55倍,3.26%
20260616,1135,ＣＲＥロジ,3487,東Ｒ,,"139,700","-3,300",-2.31%,300,19.3倍,1.04倍,5.50%
20260616,1136,ローランド,7944,東P,,"4,325",-20,-0.46%,299,15.8倍,2.78倍,3.93%
20260616,1137,スマイルＨＤ,7084,東G,,"2,837",+498,+21.29%,298,41.2倍,1.48倍,3.70%
20260616,1138,ファンディノ,462A,東G,,286,-36,-11.18%,298,ー倍,1.45倍,ー%
20260616,1139,ヘリオス,4593,東G,,262,+7,+2.75%,298,ー倍,4.69倍,ー%
20260616,1140,ジェイエイシ,2124,東P,,856,-1,-0.12%,297,15.8倍,6.83倍,4.44%
20260616,1141,ＮＴＴ都市Ｒ,8956,東Ｒ,,"130,100","-1,800",-1.36%,296,18.7倍,1.30倍,4.83%
20260616,1142,アイピーエス,4390,東P,,"3,630",+25,+0.69%,295,11.3倍,2.52倍,1.10%
20260616,1143,ＢＭＬ,4694,東P,,"3,640",+15,+0.41%,294,19.5倍,1.07倍,3.43%
20260616,1144,内田洋,8057,東P,,"1,924",-33,-1.69%,294,8.25倍,1.16倍,3.74%
20260616,1145,山岡家,3399,東S,,"3,315",-60,-1.78%,293,18.0倍,6.20倍,0.90%
20260616,1146,いちご,2337,東P,,441,-4,-0.90%,293,9.60倍,1.49倍,3.51%
20260616,1147,クミアイ化,4996,東P,,730,-16,-2.14%,292,13.7倍,0.57倍,3.29%
20260616,1148,大栄環境,9336,東P,,"3,725",-55,-1.46%,291,22.7倍,3.39倍,1.48%
20260616,1149,野村金連動,1328,東Ｅ,,"16,355",+40,+0.25%,291,ー倍,ー倍,ー%
20260616,1150,イーグル工,6486,東P,,"2,926",+5,+0.17%,291,14.0倍,1.00倍,ー%
20260616,1151,ＩＤＥＣ,6652,東P,,"3,120",-5,-0.16%,289,15.4倍,1.33倍,4.17%
20260616,1152,太平電,1968,東P,,"2,642",-57,-2.11%,289,13.9倍,1.32倍,2.84%
20260616,1153,ティラド,7236,東P,,"14,230",-170,-1.18%,289,8.95倍,1.52倍,5.62%
20260616,1154,理計器,7734,東P,,"3,500",-20,-0.57%,289,16.6倍,1.86倍,1.71%
20260616,1155,井関農,6310,東P,,"1,842",+70,+3.95%,287,13.9倍,0.56倍,2.44%
20260616,1156,上場ＳＰ５百,1547,東Ｅ,,"13,150",+60,+0.46%,287,ー倍,ー倍,ー%
20260616,1157,壱番屋,7630,東P,,888,-5,-0.56%,285,52.1倍,4.39倍,1.80%
20260616,1158,極洋,1301,東P,,"4,250",-20,-0.47%,283,7.01倍,0.65倍,3.76%
20260616,1159,鉄建建設,1815,東P,,"4,465",-105,-2.30%,283,9.87倍,0.79倍,4.99%
20260616,1160,マイポックス,5381,東S,,"1,028",+4,+0.39%,283,20.5倍,1.60倍,0.97%
20260616,1161,ＧＸ防衛日株,513A,東Ｅ,,854,+12,+1.43%,282,ー倍,ー倍,ー%
20260616,1162,ＮＳグループ,471A,東P,,"1,393",-13,-0.92%,281,8.58倍,2.34倍,5.46%
20260616,1163,モスフード,8153,東P,,"3,615",-10,-0.28%,281,31.0倍,1.89倍,0.94%
20260616,1164,アニコムＨＤ,8715,東P,,"1,228",-7,-0.57%,278,27.8倍,3.11倍,1.10%
20260616,1165,プラスゼロ,5132,東G,,"1,801",-10,-0.55%,278,29.5倍,8.77倍,ー%
20260616,1166,テレ東ＨＤ,9413,東P,,"3,565",-20,-0.56%,278,11.9倍,0.88倍,2.81%
20260616,1167,あらた,2733,東P,,"2,421",-33,-1.34%,277,11.6倍,0.65倍,4.63%
20260616,1168,ワールド,3612,東P,,"1,518",-16,-1.04%,277,9.19倍,1.22倍,4.41%
20260616,1169,日ギア,6356,東S,,"1,378",-55,-3.84%,277,11.2倍,1.35倍,0.73%
20260616,1170,丸三,8613,東P,,"1,064",-5,-0.47%,276,ー倍,1.38倍,ー%
20260616,1171,メニコン,7780,東P,,"1,635",-6,-0.37%,276,18.7倍,1.29倍,1.71%
20260616,1172,ディアライフ,3245,東P,,971,-21,-2.12%,276,7.19倍,1.50倍,6.59%
20260616,1173,ムゲンＥ,3299,東S,,"1,705",-30,-1.73%,276,5.29倍,1.16倍,7.62%
20260616,1174,カヤバ,7242,東P,,"3,915",-40,-1.01%,274,27.9倍,0.66倍,4.14%
20260616,1175,クラボウ,3106,東P,,"9,510",-160,-1.65%,273,11.6倍,1.14倍,3.48%
20260616,1176,杏林製薬,4569,東P,,"1,124",-18,-1.58%,270,43.1倍,0.45倍,2.22%
20260616,1177,栗本鉄,5602,東P,,"1,430",+5,+0.35%,270,12.1倍,0.92倍,4.20%
20260616,1178,コメ兵ＨＤ,2780,東S,,"5,100",+170,+3.45%,268,9.58倍,1.50倍,2.12%
20260616,1179,野村高配７０,1577,東Ｅ,,"54,880",-90,-0.16%,268,ー倍,ー倍,ー%
20260616,1180,コンヴァノ,6574,東G,,88,+5,+6.02%,268,7.54倍,4.03倍,1.14%
20260616,1181,ニッタ,5186,東P,,"6,150",+40,+0.65%,267,13.7倍,1.02倍,2.76%
20260616,1182,ＴＯＫＡＩ,3167,東P,,"1,109",-4,-0.36%,267,13.0倍,1.40倍,3.43%
20260616,1183,ｉＦＴＰＷブ,1367,東Ｅ,,"2,950",-35,-1.17%,266,ー倍,ー倍,ー%
20260616,1184,Ｏｎｅ２２５,1369,東Ｅ,,"69,970",-190,-0.27%,265,ー倍,ー倍,ー%
20260616,1185,稲畑産,8098,東P,,"3,835",-55,-1.41%,265,9.75倍,0.87倍,3.73%
20260616,1186,フタバ,7241,東P,,963,-8,-0.82%,265,6.14倍,0.62倍,4.67%
20260616,1187,ゼンリン,9474,東P,,850,0,0.00%,264,18.2倍,0.93倍,4.94%
20260616,1188,やまびこ,6250,東P,,"3,655",-65,-1.75%,264,9.97倍,1.21倍,3.01%
20260616,1189,セ硝子,4044,東P,,"4,130",0,0.00%,264,14.2倍,0.83倍,4.12%
20260616,1190,日本コークス,3315,東P,,96,-2,-2.04%,264,55.8倍,0.80倍,ー%
20260616,1191,ＴＳＩＨＤ,3608,東P,,"1,144",-21,-1.80%,264,8.34倍,0.65倍,6.12%
20260616,1192,原油先物ベア,2039,東EN,,548,+6,+1.11%,263,ー倍,ー倍,ー%
20260616,1193,ＧＸテック日,2854,東Ｅ,,"2,691",+18,+0.67%,263,ー倍,ー倍,ー%
20260616,1194,アオイ電子,6832,東S,,"2,893",+111,+3.99%,263,141倍,0.75倍,1.87%
20260616,1195,冶金工,5480,東P,,"4,525",-35,-0.77%,262,7.84倍,0.62倍,4.86%
20260616,1196,プレイド,4165,東G,,469,-19,-3.89%,262,18.2倍,3.74倍,ー%
20260616,1197,松竹,9601,東P,,"10,280",+10,+0.10%,261,64.2倍,1.31倍,0.29%
20260616,1198,シークス,7613,東P,,"1,379",-24,-1.71%,261,10.8倍,0.61倍,3.63%
20260616,1199,アクシアル,8255,東P,,"1,108",+10,+0.91%,261,12.3倍,1.03倍,2.62%
20260616,1200,信越ポリ,7970,東P,,"2,295",-38,-1.63%,260,ー倍,1.43倍,ー%
20260616,1201,新明和,7224,東P,,"2,160",-17,-0.78%,260,13.6倍,1.14倍,2.69%
20260616,1202,ｉＳＳＰカバ,452A,東Ｅ,,832.4,+1.3,+0.16%,259,ー倍,ー倍,ー%
20260616,1203,ＮＩＴＴＯＫ,6145,東S,,"3,210",+10,+0.31%,259,16.4倍,1.35倍,2.55%
20260616,1204,コメリ,8218,東P,,"3,500",-15,-0.43%,258,11.0倍,0.64倍,1.66%
20260616,1205,京三,6742,東P,,954,-7,-0.73%,257,14.0倍,1.06倍,2.83%
20260616,1206,マニー,7730,東P,,"1,661",-21,-1.25%,256,25.4倍,2.89倍,2.47%
20260616,1207,日経エンタメ,586A,東Ｅ,,195.5,+1.7,+0.88%,256,ー倍,ー倍,ー%
20260616,1208,東京鉄,5445,東P,,"1,823",-27,-1.46%,255,6.46倍,0.72倍,5.49%
20260616,1209,野村国債Ｄイ,2251,東Ｅ,,883.7,+6.6,+0.75%,255,ー倍,ー倍,ー%
20260616,1210,ＧＸＡＩビグ,223A,東Ｅ,,"1,897",+10,+0.53%,254,ー倍,ー倍,ー%
20260616,1211,月島ＨＤ,6332,東P,,"2,652",-22,-0.82%,254,12.3倍,1.07倍,3.32%
20260616,1212,純プラ信託,1541,東Ｅ,,"8,153",-54,-0.66%,253,ー倍,ー倍,ー%
20260616,1213,ＰＨＣＨＤ,6523,東P,,"1,052",-7,-0.66%,253,8.68倍,0.83倍,3.99%
20260616,1214,東邦鉛,5707,東P,,881,-13,-1.45%,253,7.92倍,1.19倍,ー%
20260616,1215,ユアテック,1934,東P,,"2,346",-53,-2.21%,252,12.2倍,1.04倍,3.32%
20260616,1216,上場ＳＰヘ有,2521,東Ｅ,,"2,149",+4,+0.19%,252,ー倍,ー倍,ー%
20260616,1217,タカラスタ,7981,東P,,"3,000",-35,-1.15%,252,12.3倍,0.97倍,4.13%
20260616,1218,ライフネット,7157,東P,,"1,646",-1,-0.06%,252,16.1倍,1.38倍,ー%
20260616,1219,イエロハット,9882,東P,,"1,743",+11,+0.64%,251,12.2倍,1.20倍,3.90%
20260616,1220,カーバイド,4064,東P,,"3,630",-40,-1.09%,251,10.9倍,0.88倍,3.69%
20260616,1221,三菱総研,3636,東P,,"4,460",-85,-1.87%,250,10.7倍,0.89倍,3.70%
20260616,1222,ワンキャリア,4377,東G,,"1,773",+27,+1.55%,250,15.4倍,5.90倍,1.92%
20260616,1223,愛三工,7283,東P,,"1,819",-50,-2.68%,249,8.64倍,0.73倍,4.40%
20260616,1224,ジーテクト,5970,東P,,"2,093",0,0.00%,248,6.89倍,0.40倍,4.68%
20260616,1225,松風,7979,東P,,"2,001",-56,-2.72%,247,15.0倍,1.47倍,3.05%
20260616,1226,イリソ電子,6908,東P,,"3,025",+15,+0.50%,246,13.5倍,0.85倍,3.31%
20260616,1227,ＮＩＳＳＨＡ,7915,東P,,"1,402",-31,-2.16%,243,20.8倍,0.57倍,3.57%
20260616,1228,エスリード,8877,東P,,"4,820",-155,-3.12%,243,6.47倍,0.91倍,4.98%
20260616,1229,インテグラル,5842,東G,,"2,929",-64,-2.14%,242,ー倍,1.46倍,1.26%
20260616,1230,地主,3252,東P,,"2,928",-6,-0.20%,242,7.58倍,1.22倍,4.44%
20260616,1231,ジーデップ,5885,東S,,"2,838",+244,+9.41%,241,19.7倍,4.67倍,1.55%
20260616,1232,グリーＨＤ,3632,東P,,387,-7,-1.78%,240,ー倍,0.72倍,5.56%
20260616,1233,平和堂,8276,東P,,"2,517",-24,-0.94%,239,12.7倍,0.64倍,2.62%
20260616,1234,上場ＮＱヘ無,2568,東Ｅ,,"8,390",+85,+1.02%,238,ー倍,ー倍,ー%
20260616,1235,理ビタ,4526,東P,,"3,005",+13,+0.43%,238,11.7倍,1.05倍,3.66%
20260616,1236,コーナン,7516,東P,,"4,075",-35,-0.85%,237,9.18倍,0.66倍,3.44%
20260616,1237,セレス,3696,東P,,"1,782",-63,-3.41%,236,13.0倍,1.57倍,3.37%
20260616,1238,正興電,6653,東P,,"2,330",+39,+1.70%,236,13.7倍,1.64倍,2.36%
20260616,1239,シーイーシー,9692,東P,,"2,031",-49,-2.36%,236,11.3倍,1.49倍,4.19%
20260616,1240,ＪＭＨＤ,3539,東P,,"1,206",+5,+0.42%,235,8.78倍,1.28倍,1.99%
20260616,1241,大末建,1814,東P,,"3,265",-45,-1.36%,235,8.71倍,1.33倍,5.70%
20260616,1242,プロクレＨＤ,7384,東P,,"3,600",-10,-0.28%,235,14.6倍,0.63倍,2.78%
20260616,1243,野村米半導,346A,東Ｅ,,"5,425",-4,-0.07%,235,ー倍,ー倍,ー%
20260616,1244,Ｍ＆Ａキャピ,6080,東P,,"3,575",-5,-0.14%,235,15.7倍,2.50倍,1.91%
20260616,1245,カーボン,5302,東P,,"4,730",-50,-1.05%,234,19.2倍,0.97倍,4.23%
20260616,1246,ＳＰＤＲ５百,1557,東Ｅ,,"120,950",+600,+0.50%,234,ー倍,ー倍,ー%
20260616,1247,日本電技,1723,東S,,"2,288",-61,-2.60%,234,16.8倍,3.11倍,2.45%
20260616,1248,メタウォータ,9551,東P,,"3,340",+10,+0.30%,234,14.6倍,1.63倍,2.40%
20260616,1249,象印,7965,東P,,"1,446",-6,-0.41%,234,19.1倍,1.02倍,3.18%
20260616,1250,大崎電,6644,東P,,"1,460",+2,+0.14%,234,13.4倍,1.13倍,3.36%
20260616,1251,ノーリツ,5943,東P,,"2,236",-10,-0.45%,233,11.9倍,0.72倍,4.20%
20260616,1252,アークス,9948,東P,,"3,275",-20,-0.61%,232,14.1倍,0.89倍,2.50%
20260616,1253,菊池製作,3444,東S,,871,+11,+1.28%,232,76.8倍,1.75倍,1.15%
20260616,1254,ヒラノテク,6245,東S,,"1,854",+46,+2.54%,231,25.5倍,0.71倍,4.53%
20260616,1255,亀田製菓,2220,東P,,"1,237",-13,-1.04%,231,18.2倍,0.76倍,1.94%
20260616,1256,ネットプロ,7383,東P,,345,-16,-4.43%,231,15.7倍,1.63倍,ー%
20260616,1257,鴻池運輸,9025,東P,,"2,667",-1,-0.04%,230,10.1倍,0.89倍,4.12%
20260616,1258,丸文,7537,東P,,"1,652",-1,-0.06%,230,10.8倍,0.76倍,4.66%
20260616,1259,ミラースＨＤ,8897,東P,,408,-4,-0.97%,230,6.81倍,0.65倍,5.64%
20260616,1260,カーブスＨＤ,7085,東P,,880,+6,+0.69%,229,16.7倍,3.54倍,3.41%
20260616,1261,Ｇｅｎｋｙ,9267,東P,,"3,420",-20,-0.58%,227,13.3倍,1.77倍,0.38%
20260616,1262,サンマルク,3395,東P,,"2,414",-26,-1.07%,227,17.8倍,1.64倍,2.24%
20260616,1263,コムチュア,3844,東P,,"1,268",-12,-0.94%,226,12.5倍,2.00倍,4.10%
20260616,1264,ＣＩＮＣ,4378,東G,,630,-32,-4.83%,226,467倍,1.69倍,ー%
20260616,1265,藤コンポ,5121,東P,,"2,558",-22,-0.85%,226,12.5倍,1.23倍,3.36%
20260616,1266,ｉＳ国債二十,573A,東Ｅ,,514.5,-4.1,-0.79%,226,ー倍,ー倍,ー%
20260616,1267,リオン,6823,東P,,"3,695",+55,+1.51%,224,13.2倍,1.31倍,2.44%
20260616,1268,西川ゴム,5161,東S,,"3,095",-70,-2.21%,224,17.3倍,1.28倍,5.95%
20260616,1269,ハイレックス,7279,東S,,"2,196",+37,+1.71%,224,2.20倍,0.38倍,3.64%
20260616,1270,エヌエフＨＤ,6864,東S,,"1,871",+81,+4.53%,223,18.8倍,1.01倍,1.92%
20260616,1271,三井松島ＨＤ,1518,東P,,"1,476",-26,-1.73%,222,7.71倍,0.98倍,5.01%
20260616,1272,オハラ,5218,東S,,"1,548",+26,+1.71%,222,26.2倍,0.70倍,1.61%
20260616,1273,横河ブＨＤ,5911,東P,,"2,834",+4,+0.14%,221,13.6倍,0.83倍,4.59%
20260616,1274,クリアル,2998,東G,,482,-2,-0.41%,221,8.18倍,1.52倍,1.66%
20260616,1275,タムロン,7740,東P,,"1,033",+8,+0.78%,221,12.2倍,1.96倍,4.94%
20260616,1276,クオールＨＤ,3034,東P,,"1,862",-52,-2.72%,221,8.97倍,1.22倍,2.90%
20260616,1277,アルコニクス,3036,東P,,"2,380",-49,-2.02%,220,10.8倍,0.90倍,3.78%
20260616,1278,ザ・パック,3950,東P,,"1,346",+12,+0.90%,220,14.1倍,0.97倍,3.12%
20260616,1279,インフ,438A,東G,,678,-46,-6.35%,220,29.3倍,2.53倍,ー%
20260616,1280,イーソル,4420,東S,,828,+56,+7.25%,219,19.8倍,2.70倍,0.66%
20260616,1281,ワキタ,8125,東P,,"1,684",-5,-0.30%,219,23.3倍,0.82倍,5.94%
20260616,1282,ベル２４ＨＤ,6183,東P,,"1,370",+3,+0.22%,218,12.0倍,1.38倍,4.38%
20260616,1283,ＦＤＫ,6955,東S,,502,+24,+5.02%,218,23.1倍,0.91倍,ー%
20260616,1284,ワシントンＨ,4691,東S,,"2,259",+69,+3.15%,218,11.8倍,2.22倍,1.99%
20260616,1285,ブロンコＢ,3091,東P,,"4,465",+35,+0.79%,217,33.3倍,3.00倍,0.63%
20260616,1286,ＩＭＶ,7760,東S,,"2,307",+27,+1.18%,217,19.9倍,2.82倍,1.30%
20260616,1287,ＨＥＮＮＧＥ,4475,東G,,"1,046",-20,-1.88%,216,20.4倍,8.89倍,0.57%
20260616,1288,エレコム,6750,東P,,"1,731",-28,-1.59%,216,12.2倍,1.29倍,3.35%
20260616,1289,阪急阪神Ｒ,8977,東Ｒ,,"137,400","-3,400",-2.41%,216,21.3倍,1.10倍,4.76%
20260616,1290,トランスコス,9715,東P,,"3,730",-35,-0.93%,216,10.4倍,1.09倍,3.89%
20260616,1291,Ｏｎｅリート,3290,東Ｒ,,"73,900","-1,100",-1.47%,215,19.9倍,1.17倍,5.87%
20260616,1292,野村原油,1699,東Ｅ,,594.9,-1.0,-0.17%,215,ー倍,ー倍,ー%
20260616,1293,図研,6947,東P,,"4,455",-20,-0.45%,214,16.5倍,2.27倍,3.37%
20260616,1294,コジマ,7513,東P,,"1,399",-30,-2.10%,214,20.5倍,1.52倍,1.72%
20260616,1295,合同鉄,5410,東P,,"2,594",-43,-1.63%,214,8.82倍,0.26倍,3.86%
20260616,1296,アジアパイル,5288,東P,,"1,573",+7,+0.45%,213,7.78倍,1.15倍,4.45%
20260616,1297,応用地質,9755,東P,,"2,773",-26,-0.93%,213,16.2倍,0.80倍,3.97%
20260616,1298,アカツキ,3932,東P,,"2,815",-20,-0.71%,213,ー倍,0.75倍,ー%
20260616,1299,寺崎電気,6637,東S,,"3,485",-70,-1.97%,213,11.4倍,0.77倍,1.61%
20260616,1300,愛媛銀,8541,東P,,"2,025",-39,-1.89%,213,12.2倍,0.55倍,2.37%
20260616,1301,原油先Ｗブル,2038,東EN,,"2,200",-58,-2.57%,212,ー倍,ー倍,ー%
20260616,1302,ＳＢＩＧＡＭ,4765,東P,,582,+1,+0.17%,212,ー倍,2.47倍,ー%
20260616,1303,ネクストーン,7094,東G,,"1,283",+11,+0.86%,212,12.5倍,2.25倍,1.71%
20260616,1304,丸全運,9068,東P,,"7,490",-70,-0.93%,212,11.1倍,1.02倍,2.80%
20260616,1305,ＳＭＫ,6798,東P,,"3,190",-175,-5.20%,211,25.2倍,0.65倍,3.13%
20260616,1306,福岡リート,8968,東Ｒ,,"170,100","-3,700",-2.13%,210,19.8倍,1.30倍,4.70%
20260616,1307,ヤマエＧＨＤ,7130,東P,,"2,864",-30,-1.04%,210,6.36倍,0.74倍,2.79%
20260616,1308,ミライニＨＤ,546A,東P,,"1,769",-42,-2.32%,210,4.65倍,ー倍,5.26%
20260616,1309,水戸,8622,東P,,660,-9,-1.35%,210,ー倍,0.93倍,ー%
20260616,1310,フジ,8278,東P,,"1,942",-26,-1.32%,209,24.0倍,0.74倍,1.54%
20260616,1311,リョービ,5851,東P,,"2,688",-3,-0.11%,209,7.44倍,0.47倍,3.87%
20260616,1312,ドウシシャ,7483,東P,,"2,845",-33,-1.15%,209,11.9倍,1.08倍,3.87%
20260616,1313,乃村工芸社,9716,東P,,"1,094",-9,-0.82%,208,13.2倍,1.97倍,4.02%
20260616,1314,新晃工,6458,東P,,"1,235",-5,-0.40%,208,11.5倍,1.31倍,4.05%
20260616,1315,Ａｉｍｉｎｇ,3911,東G,,176,-14,-7.37%,207,ー倍,1.17倍,ー%
20260616,1316,Ｒみらい,3476,東Ｒ,,"42,650",-850,-1.95%,206,16.4倍,0.93倍,6.10%
20260616,1317,東テク,9960,東P,,"3,870",-90,-2.27%,205,11.6倍,2.15倍,3.31%
20260616,1318,福田組,1899,東P,,"7,580",+10,+0.13%,205,12.6倍,0.70倍,3.43%
20260616,1319,佐賀銀,8395,東P,,"5,440",-110,-1.98%,204,9.89倍,0.73倍,2.02%
20260616,1320,日精鉱,5729,東S,,"1,650",+172,+11.64%,204,14.4倍,1.05倍,3.64%
20260616,1321,ツバキナカ,6464,東P,,388,+14,+3.74%,203,29.7倍,0.39倍,ー%
20260616,1322,ＡＤプラズマ,6668,東S,,"3,255",-45,-1.36%,201,27.5倍,1.99倍,0.74%
20260616,1323,アイケイケイ,2198,東P,,709,-32,-4.32%,201,28.7倍,1.72倍,3.39%
20260616,1324,ＴＯＲＥＸ,6616,東P,,"2,275",-131,-5.44%,200,17.2倍,1.28倍,2.46%
20260616,1325,トラスコ中山,9830,東P,,"2,216",-26,-1.16%,199,10.1倍,0.77倍,2.64%
20260616,1326,ＩＢＪ,6071,東P,,769,-17,-2.16%,199,12.5倍,2.70倍,1.69%
20260616,1327,伯東,7433,東P,,"4,490",-35,-0.77%,198,14.8倍,1.24倍,4.90%
20260616,1328,アイスタイル,3660,東P,,371,-10,-2.62%,198,14.0倍,1.73倍,0.27%
20260616,1329,ギフティ,4449,東P,,"1,069",+30,+2.89%,198,ー倍,3.74倍,1.50%
20260616,1330,三愛オブリ,8097,東P,,"2,091",-2,-0.10%,198,15.8倍,1.12倍,4.78%
20260616,1331,イー・ギャラ,8771,東P,,"1,683",-9,-0.53%,198,19.7倍,3.70倍,4.99%
20260616,1332,前田工繊,7821,東P,,"1,755",-20,-1.13%,196,15.4倍,1.56倍,1.60%
20260616,1333,サンケイＲＥ,2972,東Ｒ,,"116,900",-300,-0.26%,195,16.4倍,1.20倍,6.09%
20260616,1334,ＰＩ,4290,東P,,641,-10,-1.54%,194,13.5倍,1.65倍,4.37%
20260616,1335,ｉＦＥナ百有,2841,東Ｅ,,"1,759",+12,+0.69%,193,ー倍,ー倍,ー%
20260616,1336,あすか薬ＨＤ,4886,東P,,"2,362",0,0.00%,192,14.0倍,0.95倍,2.75%
20260616,1337,りたりこ,7366,東P,,"1,588",-9,-0.56%,192,16.4倍,3.77倍,0.94%
20260616,1338,共英製鋼,5440,東P,,"1,753",-29,-1.63%,192,8.46倍,0.36倍,3.99%
20260616,1339,弁護士ＣＯＭ,6027,東P,,"2,105",+24,+1.15%,192,24.1倍,6.77倍,ー%
20260616,1340,ウイングアク,4432,東P,,"2,316",-27,-1.15%,191,10.8倍,1.71倍,4.66%
20260616,1341,ポート,7047,東G,,"2,039",-21,-1.02%,191,8.08倍,2.54倍,0.64%
20260616,1342,アルペン,3028,東P,,"2,077",-13,-0.62%,190,13.9倍,0.65倍,2.65%
20260616,1343,ｉＳ米２０Ｈ,2621,東Ｅ,,"1,046",-6,-0.57%,189,ー倍,ー倍,ー%
20260616,1344,ストライクＧ,6196,東P,,"1,264",-5,-0.39%,188,14.5倍,3.66倍,5.14%
20260616,1345,ＤｙＤｏ,2590,東P,,"2,553",+15,+0.59%,188,16.2倍,1.23倍,1.18%
20260616,1346,世紀東急,1898,東P,,"1,427",-13,-0.90%,187,11.1倍,1.18倍,5.26%
20260616,1347,ｇｕｍｉ,3903,東P,,253,-6,-2.32%,186,ー倍,0.66倍,ー%
20260616,1348,ＩＴＦＯＲ,4743,東P,,"1,592",-12,-0.75%,186,12.4倍,2.04倍,5.03%
20260616,1349,テクノ菱和,1965,東S,,"5,750",-130,-2.21%,185,9.99倍,1.78倍,3.06%
20260616,1350,ＬＩＮＫ＆Ｍ,2170,東P,,544,0,0.00%,185,16.7倍,4.63倍,3.01%
20260616,1351,エスコン,8892,東P,,"1,099",-11,-0.99%,185,7.53倍,1.22倍,4.82%
20260616,1352,ＧＸＮカバコ,2865,東Ｅ,,"1,276",-1,-0.08%,185,ー倍,ー倍,ー%
20260616,1353,巴工業,6309,東P,,"1,799",+6,+0.33%,184,12.0倍,1.21倍,4.22%
20260616,1354,ＱＱＱ,587A,東Ｅ,,"119,100","+1,200",+1.02%,183,ー倍,ー倍,ー%
20260616,1355,ユトリ,5892,東G,,"2,040",+95,+4.88%,182,13.9倍,4.62倍,ー%
20260616,1356,ＪＣＲファ,4552,東P,,448,-7,-1.54%,182,273倍,1.17倍,4.46%
20260616,1357,平河ヒューテ,5821,東P,,"3,665",+15,+0.41%,182,16.8倍,1.34倍,1.45%
20260616,1358,ＪＢＣＣＨＤ,9889,東P,,"1,163",-21,-1.77%,182,11.7倍,2.84倍,4.30%
20260616,1359,不動テトラ,1813,東P,,"2,695",-103,-3.68%,181,12.8倍,1.07倍,4.27%
20260616,1360,ブシロード,7803,東G,,272,-4,-1.45%,181,7.99倍,1.34倍,0.92%
20260616,1361,フリークＨＤ,6094,東G,,522,-10,-1.88%,181,11.5倍,0.76倍,ー%
20260616,1362,鈴木,6785,東P,,"3,240",-40,-1.22%,180,12.5倍,1.49倍,3.24%
20260616,1363,サーラ,2734,東P,,"1,012",-9,-0.88%,180,12.3倍,0.68倍,3.26%
20260616,1364,中村超硬,6166,東G,,536,-23,-4.11%,179,ー倍,5.40倍,ー%
20260616,1365,アバントＧ,3836,東P,,"1,093",-18,-1.62%,179,10.8倍,2.62倍,2.93%
20260616,1366,ＴＰＲ,6463,東P,,"1,431",-3,-0.21%,178,11.4倍,0.53倍,3.91%
20260616,1367,ＦＣＣ,7296,東P,,"3,360",-20,-0.59%,178,10.9倍,0.79倍,4.76%
20260616,1368,積水樹,4212,東P,,"2,313",-62,-2.61%,178,15.8倍,0.70倍,3.55%
20260616,1369,多木化,4025,東P,,"4,850",-260,-5.09%,177,15.3倍,0.90倍,1.65%
20260616,1370,ブルーイノベ,5597,東G,,"1,400",+5,+0.36%,177,ー倍,41.2倍,ー%
20260616,1371,クラシル,299A,東G,,969,+27,+2.87%,177,16.8倍,3.13倍,ー%
20260616,1372,ＪＤＳＣ,4418,東G,,603,-22,-3.52%,177,18.3倍,1.55倍,ー%
20260616,1373,ユニバーサル,6425,東S,,667,-3,-0.45%,176,25.8倍,0.41倍,ー%
20260616,1374,能美防災,6744,東P,,"4,185",-15,-0.36%,176,18.5倍,1.78倍,2.77%
20260616,1375,ｉＦＲＥＩＴ,1488,東Ｅ,,"1,833",-30,-1.61%,176,ー倍,ー倍,ー%
20260616,1376,昭和産,2004,東P,,"3,315",0,0.00%,176,11.3倍,0.72倍,4.22%
20260616,1377,北興化,4992,東S,,"2,034",-45,-2.16%,176,11.8倍,0.94倍,2.65%
20260616,1378,中部鋼鈑,5461,東P,,"2,044",-22,-1.06%,175,61.3倍,0.74倍,5.53%
20260616,1379,シグマクシス,6088,東P,,524,-6,-1.13%,175,9.50倍,2.97倍,4.96%
20260616,1380,ソシラ物流,2979,東Ｒ,,"111,500","-2,900",-2.53%,175,23.8倍,1.03倍,4.81%
20260616,1381,ＤＭ三井製糖,2109,東P,,"3,200",-30,-0.93%,175,12.9倍,0.89倍,4.38%
20260616,1382,明和産,8103,東P,,872,-14,-1.58%,175,9.08倍,0.81倍,5.39%
20260616,1383,レイズネク,6379,東P,,"2,244",-42,-1.84%,174,13.5倍,1.32倍,5.21%
20260616,1384,菱鉛筆,7976,東P,,"2,534",-63,-2.43%,173,16.4倍,0.90倍,2.17%
20260616,1385,沖縄電,9511,東P,,902,-25,-2.70%,173,ー倍,0.38倍,ー%
20260616,1386,ベルーナ,9997,東P,,940,-10,-1.05%,173,7.54倍,0.60倍,4.15%
20260616,1387,住友精化,4008,東P,,"1,321",-8,-0.60%,173,ー倍,0.82倍,3.63%
20260616,1388,大王紙,3880,東P,,946,+1,+0.11%,173,12.2倍,0.64倍,1.48%
20260616,1389,ｉＦ日本配当,435A,東Ｅ,,"2,459",+3,+0.12%,173,ー倍,ー倍,ー%
20260616,1390,ＶＴＨＤ,7593,東P,,442,+2,+0.45%,173,7.34倍,0.73倍,5.43%
20260616,1391,トピー,7231,東P,,"2,741",-41,-1.47%,172,9.87倍,0.41倍,4.93%
20260616,1392,リコーリース,8566,東P,,"6,260",+20,+0.32%,172,16.2倍,0.80倍,4.09%
20260616,1393,オイレス,6282,東P,,"2,737",+7,+0.26%,172,15.8倍,1.00倍,3.47%
20260616,1394,進学会ＨＤ,9760,東S,,113,+4,+3.67%,172,62.8倍,0.26倍,ー%
20260616,1395,セントラルＲ,3488,東Ｒ,,"104,000",-900,-0.86%,171,15.6倍,1.03倍,6.43%
20260616,1396,カワチ薬品,2664,東P,,"3,510",-15,-0.43%,171,26.1倍,0.68倍,2.85%
20260616,1397,フルキャスト,4848,東P,,"1,528",-15,-0.97%,170,9.79倍,1.73倍,4.19%
20260616,1398,ＺＥＴＡ,6031,東G,,293,+28,+10.57%,170,19.6倍,7.58倍,1.54%
20260616,1399,東プレ,5975,東P,,"2,731",-26,-0.94%,169,8.81倍,0.54倍,3.66%
20260616,1400,ホソミクロン,6277,東P,,"5,120",-20,-0.39%,169,14.4倍,1.06倍,2.73%
20260616,1401,上場銀行１０,540A,東Ｅ,,"1,898",-33,-1.71%,169,ー倍,ー倍,ー%
20260616,1402,長谷川香料,4958,東P,,"3,180",-25,-0.78%,168,17.6倍,0.98倍,3.14%
20260616,1403,アズーム,3496,東P,,"4,265",+30,+0.71%,168,23.9倍,8.03倍,2.95%
20260616,1404,アトム,7412,東S,Ｓ,481,-100,-17.21%,168,"48,100倍",26.8倍,ー%
20260616,1405,ベルク,9974,東P,,"6,290",-40,-0.63%,168,10.0倍,1.09倍,2.10%
20260616,1406,木曽路,8160,東P,,"2,288",-30,-1.29%,168,30.7倍,2.04倍,1.31%
20260616,1407,いちよし,8624,東P,,"1,389",-3,-0.22%,168,ー倍,1.44倍,ー%
20260616,1408,リケンテクノ,4220,東P,,"1,695",-13,-0.76%,168,11.9倍,1.19倍,3.19%
20260616,1409,マースＧＨＤ,6419,東P,,"2,964",-13,-0.44%,168,8.04倍,0.63倍,5.06%
20260616,1410,上場高配当,1698,東Ｅ,,"4,044",-48,-1.17%,167,ー倍,ー倍,ー%
20260616,1411,ジモティー,7082,東G,,"1,417",0,0.00%,167,36.4倍,7.60倍,ー%
20260616,1412,ｉＦナ百Ｗベ,2870,東Ｅ,,"7,245",-69,-0.94%,167,ー倍,ー倍,ー%
20260616,1413,ｉＦＳＰＷブ,2237,東Ｅ,,"120,800",+950,+0.79%,165,ー倍,ー倍,ー%
20260616,1414,日ヒュム,5262,東P,,"1,013",-27,-2.60%,165,15.2倍,0.99倍,2.57%
20260616,1415,ＥＤＰ,7794,東G,,"1,068",-15,-1.39%,165,ー倍,9.67倍,ー%
20260616,1416,リンガハット,8200,東P,,"2,103",-7,-0.33%,163,45.4倍,3.58倍,0.62%
20260616,1417,スターツプロ,8979,東Ｒ,,"181,200","-4,100",-2.21%,163,17.9倍,1.06倍,6.02%
20260616,1418,三菱紙,3864,東P,,"1,074",-30,-2.72%,162,7.24倍,0.46倍,1.86%
20260616,1419,ザイン,6769,東S,,"1,091",+26,+2.44%,162,"3,762倍",1.39倍,1.37%
20260616,1420,シェアテク,3989,東G,,"1,007",-11,-1.08%,162,9.64倍,4.91倍,5.46%
20260616,1421,ホクト,1379,東P,,"1,870",+1,+0.05%,162,11.2倍,0.90倍,3.32%
20260616,1422,サカイ引越,9039,東P,,"2,845",0,0.00%,161,13.1倍,1.15倍,4.11%
20260616,1423,トランシティ,9310,東P,,"1,136",+21,+1.88%,161,10.5倍,0.69倍,3.83%
20260616,1424,エネクス,8133,東P,,"2,003",+5,+0.25%,161,13.7倍,1.24倍,3.39%
20260616,1425,藤倉化,4620,東S,,"1,101",-18,-1.61%,161,ー倍,0.66倍,ー%
20260616,1426,松尾電,6969,東S,,"1,651",+34,+2.10%,160,13.5倍,2.02倍,0.91%
20260616,1427,トーホー,8142,東P,,"1,283",-11,-0.85%,160,8.52倍,1.17倍,4.75%
20260616,1428,三信電,8150,東P,,"2,706",-50,-1.81%,160,9.20倍,0.72倍,5.17%
20260616,1429,ＲＩＺＡＰ,2928,札Ａ,,188,-2,-1.05%,159,22.4倍,2.22倍,0.71%
20260616,1430,リケンＮＰＲ,6209,東P,,"3,940",-45,-1.13%,159,11.8倍,0.66倍,5.33%
20260616,1431,建設技研,9621,東P,,"2,616",-15,-0.57%,159,10.2倍,1.05倍,2.98%
20260616,1432,野村インド株,1678,東Ｅ,,319.3,+1.0,+0.31%,159,ー倍,ー倍,ー%
20260616,1433,高松グループ,1762,東P,,"3,475",-85,-2.39%,159,9.68倍,0.82倍,4.14%
20260616,1434,オイシックス,3182,東P,,"1,472",-52,-3.41%,159,11.1倍,1.87倍,1.77%
20260616,1435,カナディアン,9284,東IF,,"87,400",+700,+0.81%,158,14.7倍,0.85倍,6.82%
20260616,1436,ＡＤＷＧ,2982,東P,,392,-2,-0.51%,158,6.25倍,0.90倍,5.10%
20260616,1437,丸大食,2288,東P,,"2,205",-7,-0.32%,157,8.30倍,0.70倍,3.63%
20260616,1438,前沢ＨＤ,575A,東P,,"1,485",+33,+2.27%,157,ー倍,ー倍,ー%
20260616,1439,ｉＦ日経年４,2624,東Ｅ,,"6,969",-16,-0.23%,156,ー倍,ー倍,ー%
20260616,1440,ＫＰＰＧＨＤ,9274,東P,,970,-6,-0.61%,156,12.1倍,0.68倍,4.12%
20260616,1441,アイル,3854,東P,,"2,182",-18,-0.82%,156,13.5倍,4.36倍,3.02%
20260616,1442,ＪＢＳ,5036,東P,,"1,466",-41,-2.72%,156,9.44倍,2.32倍,3.41%
20260616,1443,三陽商,8011,東P,,"3,820",0,0.00%,156,9.47倍,0.93倍,3.85%
20260616,1444,日本信号,6741,東P,,"1,545",-5,-0.32%,156,9.64倍,0.84倍,3.62%
20260616,1445,トーモク,3946,東P,,"3,805",-5,-0.13%,155,7.75倍,0.61倍,4.47%
20260616,1446,片倉,3001,東S,,"2,377",-26,-1.08%,155,10.4倍,0.75倍,2.52%
20260616,1447,スターマイカ,2975,東P,,"1,559",-18,-1.14%,154,9.81倍,1.88倍,3.27%
20260616,1448,ＩＤＨＤ,4709,東P,,"1,110",+43,+4.03%,154,12.6倍,2.48倍,4.50%
20260616,1449,乾汽船,9308,東S,,"1,489",-51,-3.31%,154,12.9倍,1.00倍,2.33%
20260616,1450,イオン北海道,7512,東S,,833,-7,-0.83%,154,38.6倍,1.56倍,1.92%
20260616,1451,持田薬,4534,東P,,"3,125",-25,-0.79%,153,11.1倍,0.79倍,2.72%
20260616,1452,東計電算,4746,東S,,"4,180",-20,-0.48%,153,13.7倍,1.48倍,4.14%
20260616,1453,ニチハ,7943,東P,,"3,010",0,0.00%,153,12.5倍,0.82倍,3.79%
20260616,1454,東洋証券,8614,東P,,622,-1,-0.16%,153,ー倍,1.38倍,ー%
20260616,1455,ＢＲＡＮＵ,460A,東G,,778,-107,-12.09%,152,13.4倍,3.63倍,ー%
20260616,1456,プリマ,2281,東P,,"2,345",-23,-0.97%,152,15.7倍,0.97倍,3.41%
20260616,1457,クレスコ,4674,東P,,"1,440",-11,-0.76%,152,10.5倍,1.73倍,4.86%
20260616,1458,テイカ,4027,東P,,"2,238",-31,-1.37%,151,28.3倍,0.84倍,3.57%
20260616,1459,ダイトーケミ,4366,東S,,516,+19,+3.82%,151,19.6倍,1.02倍,1.74%
20260616,1460,ダイトロン,7609,東P,,"3,565",-30,-0.83%,151,14.3倍,2.07倍,2.66%
20260616,1461,青山財産,8929,東S,,"1,279",-31,-2.37%,151,11.6倍,2.67倍,4.53%
20260616,1462,マイクロ波,9227,東G,,865,-17,-1.93%,151,ー倍,36.4倍,ー%
20260616,1463,エン,4849,東P,,"1,167",-18,-1.52%,151,8.06倍,1.41倍,5.85%
20260616,1464,高砂香,4914,東P,,"1,118",-24,-2.10%,150,11.6倍,0.71倍,4.65%
20260616,1465,オリオン,409A,東P,,"1,183",-12,-1.00%,150,16.9倍,2.69倍,2.87%
20260616,1466,ピクセラ,6731,東S,,114,-15,-11.63%,150,ー倍,1.87倍,ー%
20260616,1467,ＭＳＯＬ,7033,東P,,"1,373",+30,+2.23%,150,10.6倍,3.60倍,3.64%
20260616,1468,フージャース,3284,東P,,"1,152",-23,-1.96%,150,6.54倍,0.89倍,6.51%
20260616,1469,野村ダウＨ無,1546,東Ｅ,,"81,100",+90,+0.11%,150,ー倍,ー倍,ー%
20260616,1470,品川リフラ,5351,東P,,"1,893",-18,-0.94%,149,8.64倍,0.81倍,5.02%
20260616,1471,Ｈａｍｅｅ,3134,東S,,333,-65,-16.33%,149,23.2倍,0.73倍,0.90%
20260616,1472,渋沢倉,9304,東P,,"1,462",-23,-1.55%,149,12.8倍,1.22倍,4.79%
20260616,1473,アネスト岩田,6381,東P,,"1,633",-1,-0.06%,148,16.3倍,1.26倍,5.70%
20260616,1474,エイチワン,5989,東P,,"1,499",-11,-0.73%,148,3.84倍,0.53倍,4.67%
20260616,1475,サイバーセキ,4493,東G,,"1,724",-26,-1.49%,148,20.4倍,3.82倍,0.35%
20260616,1476,ウェルネオＳ,2117,東P,,"2,563",-8,-0.31%,147,12.9倍,1.09倍,4.64%
20260616,1477,学情,2301,東P,,"1,519",-37,-2.38%,147,10.2倍,1.39倍,4.94%
20260616,1478,エレメンツ,5246,東G,,566,+9,+1.62%,146,ー倍,4.64倍,ー%
20260616,1479,ククレブ,276A,東G,,"3,085",+263,+9.32%,146,22.3倍,3.45倍,0.88%
20260616,1480,ゼンムテック,338A,東G,,"1,930",-77,-3.84%,146,17.4倍,6.69倍,ー%
20260616,1481,北ガス,9534,東P,,742,-18,-2.37%,146,6.97倍,0.67倍,3.64%
20260616,1482,宮地エンジ,3431,東P,,"1,551",-15,-0.96%,146,20.6倍,0.96倍,4.84%
20260616,1483,ガリレイ,6420,東P,,"3,310",-95,-2.79%,146,10.7倍,1.17倍,2.69%
20260616,1484,サン電子,6736,東S,,"9,100",-10,-0.11%,145,25.8倍,4.07倍,ー%
20260616,1485,タチエス,7239,東P,,"2,125",-51,-2.34%,145,8.48倍,0.70倍,5.41%
20260616,1486,ＵＬＳグルプ,3798,東S,,507,-23,-4.34%,145,12.5倍,2.44倍,1.62%
20260616,1487,帝国繊維,3302,東P,,"3,310",-5,-0.15%,144,22.3倍,1.12倍,1.96%
20260616,1488,ヒーハイスト,6433,東S,,"1,005",+6,+0.60%,144,68.1倍,2.98倍,0.20%
20260616,1489,旅工房,6548,東G,,107,-29,-21.32%,144,ー倍,2.47倍,ー%
20260616,1490,グロブライド,7990,東P,,"2,363",-58,-2.40%,144,9.11倍,0.77倍,4.23%
20260616,1491,東海道リート,2989,東Ｒ,,"101,000","-2,200",-2.13%,144,16.8倍,1.17倍,6.40%
20260616,1492,ファーマＦ,2929,東P,,521,-9,-1.70%,144,10.1倍,1.50倍,4.80%
20260616,1493,オークネット,3964,東P,,"1,427",+7,+0.49%,144,17.3倍,4.82倍,2.94%
20260616,1494,グリムス,3150,東P,,"2,379",-23,-0.96%,143,10.2倍,2.82倍,3.91%
20260616,1495,いちごホテル,3463,東Ｒ,,"112,100",-400,-0.36%,143,15.7倍,0.89倍,6.36%
20260616,1496,スパークス,8739,東P,,"2,175",+9,+0.42%,143,ー倍,2.19倍,4.32%
20260616,1497,フリュー,6238,東P,,"1,378",+14,+1.03%,142,14.6倍,1.54倍,2.90%
20260616,1498,モリタＨＤ,6455,東P,,"2,424",-21,-0.86%,142,10.3倍,0.98倍,2.64%
20260616,1499,エネチェンジ,4169,東G,,171,-8,-4.47%,142,13.3倍,1.55倍,ー%
20260616,1500,セイワＨＤ,523A,東G,,"1,885",-12,-0.63%,142,36.0倍,20.2倍,ー%
20260616,1501,日本通信,9424,東P,,112,-1,-0.88%,142,ー倍,4.15倍,ー%
20260616,1502,ＪＥＴ,6228,東S,,782,-23,-2.86%,141,ー倍,1.06倍,ー%
20260616,1503,島精機,6222,東P,,926,-8,-0.86%,141,34.9倍,0.38倍,2.16%
20260616,1504,ＭＥＲＦ,3168,東S,,"1,358",+8,+0.59%,141,10.4倍,1.70倍,2.21%
20260616,1505,スクイーズ,558A,東G,,"4,150",-160,-3.71%,141,26.3倍,8.02倍,ー%
20260616,1506,野村電機精密,1625,東Ｅ,,"68,370",-200,-0.29%,141,ー倍,ー倍,ー%
20260616,1507,ＫｅｅＰｅｒ,6036,東P,,"2,809",+22,+0.79%,141,8.21倍,3.20倍,3.56%
20260616,1508,ユニシアＨＤ,3547,東S,,"1,504",-31,-2.02%,140,38.8倍,2.33倍,ー%
20260616,1509,ミズホメディ,4595,東S,,"1,674",+4,+0.24%,140,9.90倍,1.74倍,5.97%
20260616,1510,西部ガスＨＤ,9536,東P,,"2,238",-25,-1.10%,140,10.1倍,0.70倍,3.13%
20260616,1511,新日本科学,2395,東P,,"1,083",+4,+0.37%,140,12.9倍,1.05倍,4.62%
20260616,1512,エアトリ,6191,東P,,805,+10,+1.26%,139,29.9倍,1.05倍,ー%
20260616,1513,Ｔ＆Ｓ・Ｇ,4055,東G,,"1,820",-18,-0.98%,139,25.3倍,4.33倍,0.60%
20260616,1514,アイモバイル,6535,東P,,499,-8,-1.58%,139,8.91倍,1.63倍,5.41%
20260616,1515,高島,8007,東P,,746,-17,-2.23%,139,15.9倍,1.10倍,6.17%
20260616,1516,福井コン,9790,東P,,"3,040",-50,-1.62%,139,13.9倍,2.09倍,2.53%
20260616,1517,グリーンエナ,1436,東G,,"1,230",+32,+2.67%,139,19.0倍,2.68倍,0.49%
20260616,1518,日比谷設,1982,東P,,"3,060",-90,-2.86%,139,14.5倍,1.58倍,3.59%
20260616,1519,ＧＸメタ日株,2646,東Ｅ,,"4,210",+241,+6.07%,138,ー倍,ー倍,ー%
20260616,1520,オリエン白石,1786,東P,,332,-2,-0.60%,137,15.5倍,0.80倍,4.37%
20260616,1521,児玉化,4222,東S,,691,-6,-0.86%,137,7.67倍,0.38倍,1.45%
20260616,1522,京阪神ビル,8818,東P,,"2,123",-10,-0.47%,137,20.7倍,1.24倍,2.83%
20260616,1523,高速,7504,東P,,"3,045",+10,+0.33%,137,14.9倍,1.40倍,3.94%
20260616,1524,三星ベ,5192,東P,,"3,985",+15,+0.38%,136,12.4倍,1.09倍,4.79%
20260616,1525,岡本工,6125,東S,,"5,180",-100,-1.89%,136,17.1倍,0.80倍,3.09%
20260616,1526,ＧＷ,3936,東G,,155,-11,-6.63%,136,46.8倍,6.24倍,ー%
20260616,1527,Ｊオイル,2613,東P,,"2,039",0,0.00%,135,13.5倍,0.61倍,3.92%
20260616,1528,ハマキョウ,9037,東P,,"1,823",-39,-2.09%,135,12.5倍,1.38倍,2.52%
20260616,1529,日本ライフＬ,7575,東P,,"1,286",-27,-2.06%,134,11.3倍,1.37倍,4.35%
20260616,1530,アルトナー,2163,東P,,"1,903",-10,-0.52%,134,16.2倍,3.93倍,4.52%
20260616,1531,ＧＸ超短米債,133A,東Ｅ,,"1,085",0,0.00%,134,ー倍,ー倍,ー%
20260616,1532,文化シヤタ,5930,東P,,"1,851",-9,-0.48%,134,10.0倍,1.09倍,4.00%
20260616,1533,ＹＵＡＳＡ,8074,東P,,"5,290",-80,-1.49%,134,9.68倍,0.93倍,3.59%
20260616,1534,日リーテック,1938,東P,,"2,758",-52,-1.85%,133,11.1倍,0.99倍,3.52%
20260616,1535,インターアク,7725,東P,,"1,884",-56,-2.89%,133,35.8倍,1.78倍,2.34%
20260616,1536,ＪＡＬＣＯ,6625,東S,,317,-8,-2.46%,132,158倍,1.85倍,5.68%
20260616,1537,ＯＢＡＲＡＧ,6877,東S,,"5,950",-20,-0.34%,132,11.3倍,1.15倍,2.52%
20260616,1538,ＳＢＩリーシ,5834,東G,,"2,451",-2,-0.08%,132,6.40倍,1.36倍,4.69%
20260616,1539,スカイマーク,9204,東G,,429,-16,-3.60%,132,32.3倍,0.76倍,ー%
20260616,1540,日本管財ＨＤ,9347,東P,,"2,673",-11,-0.41%,132,13.3倍,1.30倍,2.24%
20260616,1541,ＭＸトピクス,1348,東Ｅ,,"4,181",-12,-0.29%,131,ー倍,ー倍,ー%
20260616,1542,シリコンスタ,3907,東S,,862,+18,+2.13%,131,29.2倍,1.40倍,1.16%
20260616,1543,ヤマシン―Ｆ,6240,東P,,515,-11,-2.09%,131,17.6倍,1.55倍,3.88%
20260616,1544,木村化,6378,東S,,"1,172",-26,-2.17%,131,12.1倍,1.10倍,3.50%
20260616,1545,ＪＵＫＩ,6440,東P,,552,+12,+2.22%,131,10.9倍,0.51倍,2.72%
20260616,1546,ビーエンジ,4828,東P,,991,-25,-2.46%,131,12.9倍,3.68倍,4.24%
20260616,1547,ソラスト,6197,東P,,"1,111",0,0.00%,131,ー倍,4.29倍,ー%
20260616,1548,大日精,4116,東P,,"1,064",-4,-0.37%,130,11.0倍,0.52倍,5.17%
20260616,1549,アンビスＨＤ,7071,東P,,330,-5,-1.49%,130,15.4倍,0.85倍,1.21%
20260616,1550,アイチコーポ,6345,東P,,"1,366",-3,-0.22%,130,13.2倍,1.17倍,4.76%
20260616,1551,小森,6349,東P,,"1,465",+1,+0.07%,130,10.8倍,0.63倍,5.12%
20260616,1552,キーコーヒー,2594,東P,,"1,952",-23,-1.16%,130,55.8倍,1.32倍,0.61%
20260616,1553,片倉コープ,4031,東S,,970,-52,-5.09%,129,17.4倍,0.38倍,2.89%
20260616,1554,ダイハツイン,6023,東S,,"2,608",-52,-1.95%,129,11.6倍,1.34倍,2.65%
20260616,1555,第一実,8059,東P,,"3,050",-10,-0.33%,128,10.3倍,1.07倍,4.10%
20260616,1556,ゲンキＧＤＣ,9828,東S,,"2,803",-53,-1.86%,127,15.0倍,2.55倍,2.50%
20260616,1557,カッパクリエ,7421,東P,,"1,414",-21,-1.46%,127,74.5倍,6.83倍,ー%
20260616,1558,エイベックス,7860,東P,,"1,192",-5,-0.42%,127,15.8倍,0.98倍,4.19%
20260616,1559,ＮＪＳ,2325,東P,,"4,875",-75,-1.52%,126,19.0倍,1.54倍,2.26%
20260616,1560,セプテニＨＤ,4293,東S,,479,-6,-1.24%,126,18.9倍,1.52倍,3.76%
20260616,1561,新東工,6339,東P,,"1,182",+10,+0.85%,126,11.1倍,0.56倍,4.06%
20260616,1562,光・彩,7878,東S,,"1,452",+98,+7.24%,125,8.36倍,1.24倍,2.07%
20260616,1563,ユカリア,286A,東G,,673,+54,+8.72%,125,14.5倍,1.15倍,ー%
20260616,1564,サスメド,4263,東G,,743,+43,+6.14%,125,ー倍,3.11倍,ー%
20260616,1565,エターナルＧ,3193,東P,,"2,693",-56,-2.04%,125,14.7倍,2.87倍,1.71%
20260616,1566,イメージ情報,3803,東G,Ｓ,485,+80,+19.75%,124,ー倍,2.55倍,ー%
20260616,1567,ＧＸ高配日株,2564,東Ｅ,,"3,285",-25,-0.76%,124,ー倍,ー倍,ー%
20260616,1568,クイック,4318,東P,,716,-9,-1.24%,124,14.3倍,2.06倍,5.31%
20260616,1569,ｉＳＱＴＯＰ,392A,東Ｅ,,290.8,+1.6,+0.55%,124,ー倍,ー倍,ー%
20260616,1570,白銅,7637,東P,,"3,565",-15,-0.42%,123,12.6倍,1.59倍,3.59%
20260616,1571,帝ホテル,9708,東S,,989,-12,-1.20%,123,63.3倍,2.38倍,0.61%
20260616,1572,ヒビノ,2469,東S,,"2,864",+5,+0.17%,123,10.9倍,2.02倍,3.14%
20260616,1573,大倉工,4221,東P,,"4,855",-40,-0.82%,123,12.8倍,0.87倍,4.53%
20260616,1574,静ガス,9543,東P,,"1,256",-9,-0.71%,122,10.4倍,0.69倍,3.50%
20260616,1575,加藤産,9869,東P,,"5,850",-60,-1.02%,122,12.4倍,1.00倍,2.74%
20260616,1576,タングス,6998,東S,,"2,073",+103,+5.23%,122,14.0倍,0.76倍,2.89%
20260616,1577,ハードオフ,2674,東P,,"2,455",-83,-3.27%,122,10.4倍,1.69倍,3.75%
20260616,1578,ベルテクス,5290,東S,,"1,377",-32,-2.27%,121,14.5倍,1.54倍,2.90%
20260616,1579,アサカ理研,5724,東S,,"2,507",+102,+4.24%,121,16.1倍,2.33倍,0.48%
20260616,1580,新日本建,1879,東P,,"2,241",-18,-0.80%,121,7.49倍,0.97倍,3.44%
20260616,1581,グリーンズ,6547,東S,,"2,016",-51,-2.47%,121,6.26倍,3.42倍,2.58%
20260616,1582,ＢＡＳＥ,4477,東G,,263,0,0.00%,121,20.2倍,2.08倍,1.90%
20260616,1583,日本国土開発,1887,東P,,534,-6,-1.11%,120,10.7倍,0.62倍,4.31%
20260616,1584,ユニプレス,5949,東P,,"1,215",-9,-0.74%,120,12.0倍,0.41倍,5.76%
20260616,1585,紙パル商,8032,東P,,"1,099",-10,-0.90%,120,15.1倍,0.94倍,3.28%
20260616,1586,グッドコムＡ,3475,東P,,"1,383",-25,-1.78%,120,8.74倍,2.83倍,3.33%
20260616,1587,テンシャル,325A,東G,,"3,675",+25,+0.68%,120,10.9倍,4.92倍,ー%
20260616,1588,ＦＰパートナ,7388,東P,,"2,006",-33,-1.62%,119,20.8倍,4.50倍,4.69%
20260616,1589,ＴＰＸベア,1569,東Ｅ,,760.0,0,0.00%,119,ー倍,ー倍,ー%
20260616,1590,ニッケ,3201,東P,,"1,706",-30,-1.73%,119,11.7倍,0.81倍,2.93%
20260616,1591,ジェイドＧ,3558,東G,,"1,586",-2,-0.13%,119,ー倍,2.19倍,ー%
20260616,1592,ＣＳＨＤ,3810,東S,,192,+8,+4.35%,119,ー倍,2.32倍,ー%
20260616,1593,ヘルスケアＭ,3455,東Ｒ,,"107,700","-1,800",-1.64%,118,19.2倍,1.00倍,5.87%
20260616,1594,サムティＲ,3459,東Ｒ,,"94,700","-2,000",-2.07%,118,21.5倍,0.94倍,5.49%
20260616,1595,ソースネクス,4344,東P,,102,-1,-0.97%,118,ー倍,2.78倍,ー%
20260616,1596,ホットランド,3196,東P,,"1,611",-6,-0.37%,117,52.2倍,3.64倍,0.81%
20260616,1597,Ｊグループ,3063,東G,,"1,137",-62,-5.17%,117,51.3倍,16.7倍,0.44%
20260616,1598,野村台湾テク,412A,東Ｅ,,"4,786",-19,-0.40%,117,ー倍,ー倍,ー%
20260616,1599,日伝,9902,東P,,"2,529",-15,-0.59%,117,13.6倍,0.81倍,3.95%
20260616,1600,ＴＭＨ,280A,東G,,"1,971",+8,+0.41%,117,29.3倍,5.45倍,ー%
20260616,1601,荏原実業,6328,東P,,"2,367",-29,-1.21%,117,12.4倍,1.86倍,3.17%
20260616,1602,中央自,8117,東S,,"2,063",+4,+0.19%,117,12.0倍,1.81倍,3.05%
20260616,1603,都築電,8157,東P,,"3,900",-95,-2.38%,116,12.4倍,1.47倍,4.87%
20260616,1604,フジッコ,2908,東P,,"1,494",-10,-0.66%,116,34.3倍,0.61倍,3.08%
20260616,1605,タウンズ,197A,東S,,487,+3,+0.62%,116,9.12倍,3.18倍,5.75%
20260616,1606,学研ＨＤ,9470,東P,,948,-14,-1.46%,115,9.86倍,0.74倍,3.06%
20260616,1607,ＧＸロボ日株,2638,東Ｅ,,"2,690",-5,-0.19%,115,ー倍,ー倍,ー%
20260616,1608,イントループ,9556,東G,,"1,780",+17,+0.96%,115,25.8倍,2.65倍,ー%
20260616,1609,エスビー,2805,東S,,"4,995",-15,-0.30%,115,14.9倍,1.28倍,1.20%
20260616,1610,スズデン,7480,東S,,"2,135",-16,-0.74%,115,15.6倍,1.62倍,4.92%
20260616,1611,テイツー,7610,東S,,139,-2,-1.42%,115,10.8倍,1.23倍,2.88%
20260616,1612,ウェーブＨＤ,7940,東S,,"1,047",0,0.00%,114,ー倍,0.53倍,ー%
20260616,1613,サンワテク,8137,東P,,"3,635",-75,-2.02%,114,13.5倍,1.07倍,3.58%
20260616,1614,福島銀,8562,東S,,354,-8,-2.21%,114,13.7倍,0.52倍,1.41%
20260616,1615,上場リート隔,1345,東Ｅ,,"1,806",-33,-1.79%,114,ー倍,ー倍,ー%
20260616,1616,大豊建,1822,東S,,737,-15,-1.99%,114,13.2倍,0.82倍,5.16%
20260616,1617,アイホン,6718,東P,,"2,678",-18,-0.67%,114,13.7倍,0.63倍,4.85%
20260616,1618,デンヨー,6517,東P,,"3,675",-50,-1.34%,113,12.6倍,0.91倍,3.27%
20260616,1619,ミダックＨＤ,6564,東P,,"1,980",+5,+0.25%,113,16.4倍,3.05倍,1.01%
20260616,1620,イーレックス,9517,東P,,737,0,0.00%,113,ー倍,0.82倍,2.99%
20260616,1621,ＲＹＯＤＥＮ,8084,東P,,"3,995",-75,-1.84%,113,18.3倍,0.91倍,3.75%
20260616,1622,河西工,7256,東S,,370,-13,-3.39%,112,3.58倍,0.86倍,ー%
20260616,1623,ＣＡＣ,4725,東P,,"1,773",-8,-0.45%,112,ー倍,0.90倍,5.64%
20260616,1624,フリービット,3843,東P,,"1,418",+50,+3.65%,112,8.84倍,3.49倍,2.89%
20260616,1625,霞ヶ関ホテル,401A,東Ｒ,,"95,900",0,0.00%,112,17.7倍,0.97倍,6.11%
20260616,1626,モイ,5031,東G,,357,-23,-6.05%,112,ー倍,2.45倍,ー%
20260616,1627,ゴールドクレ,8871,東S,,"3,305",-35,-1.05%,111,11.6倍,0.81倍,4.84%
20260616,1628,神島化,4026,東S,,"1,644",+53,+3.33%,111,ー倍,1.02倍,ー%
20260616,1629,ＪＰＨＤ,2749,東P,,586,-5,-0.85%,111,11.6倍,2.19倍,2.30%
20260616,1630,住石ＨＤ,1514,東S,,545,-6,-1.09%,111,20.4倍,1.12倍,2.75%
20260616,1631,中部飼,2053,東P,,"1,751",-33,-1.85%,111,7.28倍,0.69倍,4.34%
20260616,1632,共同印,7914,東P,,"1,520",+4,+0.26%,110,10.0倍,0.64倍,5.26%
20260616,1633,わらべ日洋,2918,東P,,"2,569",-27,-1.04%,110,9.27倍,0.75倍,4.67%
20260616,1634,ニシオＨＤ,9699,東P,,"3,920",-40,-1.01%,110,8.92倍,0.76倍,3.37%
20260616,1635,レオン,6272,東P,,"1,444",+5,+0.35%,109,9.70倍,0.91倍,4.16%
20260616,1636,Ｔホライゾン,6629,東S,,928,-1,-0.11%,109,7.36倍,1.02倍,3.56%
20260616,1637,ミーク,332A,東G,,"1,010",-34,-3.26%,109,12.0倍,1.96倍,ー%
20260616,1638,ＳＦＰ,3198,東P,,"2,275",0,0.00%,108,ー倍,5.65倍,ー%
20260616,1639,トーセイＲ,3451,東Ｒ,,"128,700","-2,800",-2.13%,108,17.2倍,1.13倍,5.91%
20260616,1640,４℃ホールデ,8008,東P,,"1,870",-15,-0.80%,108,17.5倍,0.98倍,4.55%
20260616,1641,オロ,3983,東P,,"2,044",+18,+0.89%,108,14.6倍,3.10倍,2.45%
20260616,1642,バンクオブイ,4393,東G,,"4,855",+20,+0.41%,107,ー倍,2.90倍,ー%
20260616,1643,オカムラ食品,2938,東S,,"1,490",+1,+0.07%,107,29.1倍,3.93倍,0.54%
20260616,1644,渋谷工,6340,東P,,"4,110",0,0.00%,107,12.2倍,1.01倍,2.31%
20260616,1645,ＴＯＡ,6809,東P,,"1,565",-6,-0.38%,107,16.0倍,0.93倍,5.43%
20260616,1646,三和油化工業,4125,東S,,"2,776",+78,+2.89%,107,10.9倍,0.90倍,1.80%
20260616,1647,サトウ食品,2923,東S,,"6,790",+10,+0.15%,107,ー倍,1.38倍,ー%
20260616,1648,ソフトクリエ,3371,東P,,"1,681",+15,+0.90%,107,10.1倍,1.70倍,3.69%
20260616,1649,稲葉製作,3421,東S,,"1,725",-35,-1.99%,107,14.5倍,0.61倍,2.55%
20260616,1650,ＢＢタワー,3776,東S,,265,-8,-2.93%,107,164倍,1.86倍,0.75%
20260616,1651,チャームケア,6062,東P,,"1,307",0,0.00%,106,12.0倍,1.98倍,3.29%
20260616,1652,スターゼン,8043,東P,,"1,173",-4,-0.34%,106,7.89倍,0.70倍,4.26%
20260616,1653,ゼビオＨＤ,8281,東P,,"1,053",-19,-1.77%,106,5.81倍,0.37倍,3.32%
20260616,1654,Ｇセキュリ,4417,東G,,"3,070",-40,-1.29%,106,23.0倍,10.5倍,1.60%
20260616,1655,宝＆ＣＯ,7921,東P,,"3,050",-20,-0.65%,105,12.7倍,1.29倍,3.93%
20260616,1656,日神ＧＨＤ,8881,東P,,647,-3,-0.46%,105,8.63倍,0.42倍,5.72%
20260616,1657,ＭｒＭａｘ,8203,東P,,754,+6,+0.80%,104,8.11倍,0.65倍,3.85%
20260616,1658,ゼリア新薬,4559,東P,,"2,113",+5,+0.24%,104,9.31倍,0.86倍,2.37%
20260616,1659,石川製,6208,東S,,"1,791",+43,+2.46%,104,17.5倍,1.82倍,1.12%
20260616,1660,ミマキエンジ,6638,東P,,"1,802",-9,-0.50%,104,8.56倍,1.31倍,3.05%
20260616,1661,エノモト,6928,東S,,"3,320",-35,-1.04%,104,15.7倍,0.94倍,2.32%
20260616,1662,サガミＨＤ,9900,東P,,"1,602",-14,-0.87%,104,40.4倍,2.47倍,0.75%
20260616,1663,野村外国債券,2511,東Ｅ,,"1,196.0",-0.5,-0.04%,104,ー倍,ー倍,ー%
20260616,1664,アイダ,6118,東P,,"1,114",+5,+0.45%,104,14.1倍,0.70倍,3.50%
20260616,1665,オカモト,5122,東P,,"5,710",-60,-1.04%,103,20.3倍,0.88倍,2.10%
20260616,1666,チェンジＨＤ,3962,東P,,931,-11,-1.17%,103,9.25倍,1.39倍,2.79%
20260616,1667,くすりの窓口,5592,東G,,"2,570",+75,+3.01%,103,9.50倍,2.59倍,1.56%
20260616,1668,テクニスコ,2962,東S,,"1,003",-45,-4.29%,102,308倍,5.81倍,ー%
20260616,1669,システムサポ,4396,東P,,956,-22,-2.25%,102,10.8倍,2.88倍,3.24%
20260616,1670,あさひ,3333,東P,,"1,280",-11,-0.85%,102,12.2倍,0.83倍,3.91%
20260616,1671,カナデン,8081,東P,,"2,500",+14,+0.56%,102,13.9倍,1.10倍,4.00%
20260616,1672,大戸屋ＨＤ,2705,東S,,"7,300",-250,-3.31%,102,37.9倍,12.9倍,0.27%
20260616,1673,ハニーズＨＤ,2792,東P,,"1,376",-6,-0.43%,102,10.7倍,0.81倍,4.00%
20260616,1674,ジェネパ,3195,東S,,466,+40,+9.39%,101,21.1倍,1.81倍,ー%
20260616,1675,ＬＩＦＵＬＬ,2120,東P,,193,-1,-0.52%,101,13.0倍,0.91倍,2.70%
20260616,1676,Ｔワークス,3997,東S,,389,-27,-6.49%,101,53.0倍,5.98倍,0.51%
20260616,1677,オリンピック,8289,東S,,974,+18,+1.88%,101,ー倍,1.06倍,ー%
20260616,1678,木村工機,6231,東S,,"11,630",+240,+2.11%,101,11.8倍,2.92倍,1.72%
20260616,1679,キユソ流通,9369,東S,,"3,145",+20,+0.64%,101,37.2倍,1.70倍,0.76%
20260616,1680,安田倉,9324,東P,,"2,268",-33,-1.43%,100,10.5倍,0.60倍,3.26%
20260616,1681,ワールドＨＤ,2429,東P,,"2,357",-32,-1.34%,100,6.06倍,0.88倍,5.78%
20260616,1682,ｅｎｉｓｈ,3667,東S,,26,-3,-10.34%,100,ー倍,1.45倍,ー%
20260616,1683,特種東海,3708,東P,,"1,807",-36,-1.95%,100,13.7倍,0.76倍,5.20%
20260616,1684,愛電機,6623,名P,,"9,150",+250,+2.81%,100,12.3倍,0.98倍,3.06%
20260616,1685,日山村硝,5210,東S,,"2,635",-13,-0.49%,100,11.7倍,0.47倍,5.69%
20260616,1686,岡部,5959,東P,,899,-3,-0.33%,100,10.7倍,0.64倍,4.67%
20260616,1687,ＶＮＸ,4422,東G,,625,-2,-0.32%,100,ー倍,6.38倍,ー%
20260616,1688,ＣＡＮＢＡＳ,4575,東G,,571,+11,+1.96%,99,ー倍,5.52倍,ー%
20260616,1689,ＴＶＥ,6466,東S,,"4,045",+50,+1.25%,99,18.3倍,0.73倍,0.99%
20260616,1690,ＢＵＦ,6676,東S,,"2,591",0,0.00%,99,13.7倍,1.43倍,2.32%
20260616,1691,明星工,1976,東P,,"1,740",-18,-1.02%,99,14.3倍,1.16倍,3.74%
20260616,1692,網屋,4258,東G,,"3,230",+45,+1.41%,99,31.3倍,13.3倍,ー%
20260616,1693,シンワワイズ,2437,東S,,476,+29,+6.49%,98,95.4倍,2.58倍,ー%
20260616,1694,楽待,6037,東S,,"1,002",-33,-3.19%,98,14.8倍,3.58倍,1.30%
20260616,1695,立花エレ,8159,東P,,"3,010",-75,-2.43%,98,11.0倍,0.63倍,3.99%
20260616,1696,リファバスＧ,7375,東G,,"1,325",+58,+4.58%,97,14.8倍,11.2倍,ー%
20260616,1697,ＰＣＡ,9629,東P,,"1,278",-12,-0.93%,97,32.1倍,1.36倍,3.13%
20260616,1698,太洋物産,9941,東S,,"1,203",+26,+2.21%,96,12.8倍,2.15倍,ー%
20260616,1699,積化成,4228,東P,,561,-11,-1.92%,96,10.2倍,0.51倍,3.03%
20260616,1700,小松ウオール,7949,東P,,"2,470",-2,-0.08%,96,14.3倍,1.11倍,5.47%
20260616,1701,日産東ＨＤ,8291,東S,,566,-1,-0.18%,96,9.62倍,0.57倍,4.77%
20260616,1702,電気興,6706,東P,,"3,180",-105,-3.20%,96,12.1倍,0.75倍,3.30%
20260616,1703,アーレスティ,5852,東P,,719,+6,+0.84%,96,35.9倍,0.32倍,4.73%
20260616,1704,エフ・コード,9211,東G,,"1,350",-14,-1.03%,95,8.70倍,2.07倍,ー%
20260616,1705,ＡＢＥＪＡ,5574,東G,,"2,156",-22,-1.01%,95,39.8倍,4.40倍,ー%
20260616,1706,エニグモ,3665,東P,,367,-6,-1.61%,95,29.5倍,1.39倍,8.17%
20260616,1707,大本組,1793,東S,,"1,867",+24,+1.30%,95,17.6倍,0.69倍,3.96%
20260616,1708,四電工,1939,東P,,"1,940",-21,-1.07%,95,13.9倍,1.29倍,4.33%
20260616,1709,甜菜糖,2108,東P,,"4,500",-65,-1.42%,95,44.1倍,0.68倍,5.78%
20260616,1710,北里,368A,東P,,"1,190",+24,+2.06%,95,11.7倍,2.32倍,3.45%
20260616,1711,Ｓクリプトエ,5721,東S,,61,-2,-3.17%,94,ー倍,2.31倍,ー%
20260616,1712,ブラインド,7989,東P,,"2,455",-19,-0.77%,94,15.0倍,0.87倍,4.89%
20260616,1713,鳥取銀,8383,東S,,"1,564",+64,+4.27%,94,9.15倍,0.29倍,3.20%
20260616,1714,北日銀,8551,東P,,"5,350",-110,-2.01%,94,9.74倍,0.46倍,3.59%
20260616,1715,シグマ光機,7713,東S,,"2,135",+15,+0.71%,94,17.1倍,0.83倍,1.97%
20260616,1716,ヤマタネ,9305,東P,,"2,007",-18,-0.89%,94,9.64倍,0.67倍,4.24%
20260616,1717,地域新聞社,2164,東S,,289,-1,-0.34%,94,ー倍,3.86倍,ー%
20260616,1718,サトー,6287,東P,,"2,284",-15,-0.65%,94,10.0倍,0.87倍,3.50%
20260616,1719,かわでん,6648,東S,,"1,714",-21,-1.21%,94,9.34倍,1.35倍,3.85%
20260616,1720,野村新興国株,2520,東Ｅ,,"2,486",+25,+1.02%,94,ー倍,ー倍,ー%
20260616,1721,バンドー,5195,東P,,"2,219",-12,-0.54%,93,11.3倍,0.97倍,4.51%
20260616,1722,中山鋼,5408,東P,,620,-14,-2.21%,93,9.60倍,0.31倍,3.23%
20260616,1723,ＪＳＰ,7942,東P,,"2,654",+13,+0.49%,93,13.9倍,0.64倍,3.77%
20260616,1724,ブライトパス,4594,東G,,44,-2,-4.35%,93,ー倍,2.60倍,ー%
20260616,1725,ＴＯＷ,4767,東S,,340,-7,-2.02%,93,9.37倍,1.36倍,5.38%
20260616,1726,エスケーエレ,6677,東S,,"3,330",-50,-1.48%,93,10.8倍,0.97倍,4.56%
20260616,1727,マリモリート,3470,東Ｒ,,"107,500","-1,000",-0.92%,93,17.8倍,1.01倍,6.51%
20260616,1728,ホテルレジＲ,3472,東Ｒ,,"63,800",-700,-1.09%,93,15.7倍,1.06倍,6.39%
20260616,1729,ｉＳ高配当,1478,東Ｅ,,"4,981",-49,-0.97%,93,ー倍,ー倍,ー%
20260616,1730,コニシ,4956,東P,,"1,450",+7,+0.49%,92,11.1倍,1.02倍,2.62%
20260616,1731,マミーマート,9823,東S,,998,0,0.00%,92,9.42倍,1.11倍,2.12%
20260616,1732,イワキポンプ,6237,東P,,"3,225",-45,-1.38%,92,13.9倍,1.73倍,2.85%
20260616,1733,ロボホーム,1435,東S,,153,-1,-0.65%,91,6.80倍,1.25倍,1.31%
20260616,1734,ＧＸＵＳＴ配,283A,東Ｅ,,"1,411",+4,+0.28%,91,ー倍,ー倍,ー%
20260616,1735,神鋼商,8075,東P,,"2,443",+1,+0.04%,91,7.17倍,0.65倍,5.32%
20260616,1736,レボリュー,8894,東S,,21,-4,-16.00%,91,ー倍,3.93倍,ー%
20260616,1737,ユーザーロカ,3984,東P,,"1,773",-2,-0.11%,91,18.4倍,2.95倍,1.35%
20260616,1738,ＮＡＮＯＨＤ,4571,東G,,98,+1,+1.03%,91,ー倍,2.29倍,ー%
20260616,1739,日農薬,4997,東P,,"1,017",-6,-0.59%,91,10.8倍,0.94倍,3.74%
20260616,1740,動物高度医療,6039,東G,,"1,060",+23,+2.22%,91,15.4倍,2.81倍,1.23%
20260616,1741,鎌倉新書,6184,東P,,483,+6,+1.26%,91,18.1倍,3.65倍,4.14%
20260616,1742,シライ電子,6658,東S,,447,+1,+0.22%,90,11.2倍,0.61倍,4.47%
20260616,1743,ｉＦ日経ベ,1456,東Ｅ,,"1,223",-3,-0.24%,90,ー倍,ー倍,ー%
20260616,1744,あさくま,7678,東S,,"5,710",-200,-3.38%,90,73.3倍,8.69倍,ー%
20260616,1745,ＹＥデジタル,2354,東S,,886,-8,-0.89%,90,9.98倍,2.11倍,3.39%
20260616,1746,海帆,3133,東G,,109,-9,-7.63%,90,ー倍,26.3倍,ー%
20260616,1747,日シス技術,4323,東P,,"1,567",-32,-2.00%,90,13.1倍,2.31倍,3.19%
20260616,1748,環境フレンド,3777,東G,,54,-1,-1.82%,90,ー倍,4.67倍,ー%
20260616,1749,電算システム,4072,東P,,"2,839",-39,-1.36%,89,11.6倍,1.22倍,3.52%
20260616,1750,ブレーキ,7238,東P,,111,-2,-1.77%,89,12.1倍,0.94倍,ー%
20260616,1751,アルプス技,4641,東P,,"2,321",-7,-0.30%,89,10.3倍,2.01倍,4.65%
20260616,1752,ラクーンＨＤ,3031,東P,,571,0,0.00%,89,36.9倍,2.65倍,3.85%
20260616,1753,ナガワ,9663,東P,,"4,805",+10,+0.21%,89,22.6倍,1.08倍,1.25%
20260616,1754,ＺＡＣＲＯＳ,7917,東P,,"1,288",-18,-1.38%,89,14.2倍,0.97倍,2.80%
20260616,1755,カメイ,8037,東P,,"3,475",-25,-0.71%,89,9.67倍,0.61倍,3.74%
20260616,1756,アイザワ証Ｇ,8708,東P,,"1,472",-2,-0.14%,89,ー倍,0.97倍,ー%
20260616,1757,清水銀,8364,東P,,"2,499",+38,+1.54%,88,11.3倍,0.36倍,2.40%
20260616,1758,シュッピン,3179,東P,,"1,086",-13,-1.18%,88,12.5倍,2.25倍,3.68%
20260616,1759,グリッド,5582,東G,,"1,694",-43,-2.48%,88,29.0倍,1.96倍,ー%
20260616,1760,北陸電工,1930,東P,,"1,651",-49,-2.88%,88,11.1倍,0.99倍,2.91%
20260616,1761,ｍｅｉｔｏ,2207,東P,,"2,954",-3,-0.10%,88,22.9倍,0.77倍,2.71%
20260616,1762,ハローズ,2742,東P,,"3,795",-30,-0.78%,88,9.36倍,1.05倍,1.90%
20260616,1763,バイタルＫＳ,3151,東P,,"1,541",-14,-0.90%,87,9.92倍,0.63倍,4.54%
20260616,1764,アイネス,9742,東P,,"2,008",-81,-3.88%,87,24.6倍,1.13倍,2.74%
20260616,1765,ｉＦＳＰ有,2248,東Ｅ,,"2,728",+13,+0.48%,86,ー倍,ー倍,ー%
20260616,1766,イノバセル,504A,東G,,492,-27,-5.20%,86,ー倍,2.18倍,ー%
20260616,1767,ファインデ,3649,東P,,783,-1,-0.13%,86,14.7倍,3.39倍,3.45%
20260616,1768,大阪製鉄,5449,東S,,"2,406",+5,+0.21%,86,55.4倍,0.65倍,ー%
20260616,1769,ソリトン,3040,東P,,"2,090",+4,+0.19%,86,16.5倍,2.89倍,2.87%
20260616,1770,ＧセブンＨＤ,7508,東P,,"1,332",-15,-1.11%,86,10.1倍,1.64倍,5.26%
20260616,1771,フロンテオ,2158,東G,,574,+11,+1.95%,86,150倍,6.15倍,ー%
20260616,1772,グロースコア,1563,東Ｅ,,"2,230",-9,-0.40%,85,ー倍,ー倍,ー%
20260616,1773,プリモＧＨＤ,367A,東S,,"2,750",-28,-1.01%,85,11.1倍,1.20倍,4.36%
20260616,1774,オーバラップ,414A,東G,,900,-10,-1.10%,85,8.07倍,2.20倍,4.89%
20260616,1775,ダイコク電,6430,東P,,"2,098",-11,-0.52%,85,9.85倍,0.62倍,4.77%
20260616,1776,双葉電,6986,東P,,589,-13,-2.16%,85,ー倍,0.30倍,ー%
20260616,1777,黒田精,7726,東S,,"1,329",+3,+0.23%,85,22.5倍,0.65倍,1.50%
20260616,1778,ベルトラ,7048,東G,,126,-4,-3.08%,84,13.6倍,1.82倍,ー%
20260616,1779,ＯｎｅＪリト,2556,東Ｅ,,"1,830.5",-31.5,-1.69%,84,ー倍,ー倍,ー%
20260616,1780,エニマインド,5027,東G,,433,+5,+1.17%,84,15.9倍,1.49倍,0.46%
20260616,1781,ＧＸ高配３０,235A,東Ｅ,,"1,333",-6,-0.45%,84,ー倍,ー倍,ー%
20260616,1782,内外テック,3374,東S,,"3,055",-45,-1.45%,84,10.7倍,0.84倍,3.60%
20260616,1783,エヌピーシー,6255,東G,,722,+3,+0.42%,84,28.5倍,1.50倍,1.39%
20260616,1784,ＯＡＴアグリ,4979,東S,,"2,625",-20,-0.76%,84,11.0倍,1.34倍,2.29%
20260616,1785,ニーズウェル,3992,東P,,400,+2,+0.50%,84,16.5倍,3.19倍,3.50%
20260616,1786,ドリームＩ,4310,東P,,"2,731",-43,-1.55%,84,ー倍,2.06倍,5.02%
20260616,1787,生化学,4548,東P,,717,0,0.00%,84,17.4倍,0.52倍,4.18%
20260616,1788,イオンファン,4343,東P,,"2,470",-22,-0.88%,83,16.3倍,6.25倍,0.81%
20260616,1789,大光銀,8537,東S,,"2,836",-19,-0.67%,83,8.19倍,0.34倍,3.74%
20260616,1790,野村ＪＰＸ,1591,東Ｅ,,"36,200",+20,+0.06%,83,ー倍,ー倍,ー%
20260616,1791,Ｅ・ＪＨＤ,2153,東P,,"1,585",-16,-1.00%,83,8.51倍,0.81倍,4.35%
20260616,1792,ＳＢＩアルヒ,7198,東P,,788,-15,-1.87%,83,16.8倍,0.83倍,5.08%
20260616,1793,トランザク,7818,東P,,"1,330",-2,-0.15%,83,17.6倍,3.69倍,2.33%
20260616,1794,ＩＧポート,3791,東S,,"1,229",+1,+0.08%,83,18.3倍,2.41倍,1.38%
20260616,1795,ＤＭＰ,3652,東G,,"2,835",-103,-3.51%,82,297倍,2.73倍,ー%
20260616,1796,ＷＩＺＥ,3664,東G,,25,0,0.00%,82,ー倍,1.88倍,ー%
20260616,1797,ＳＲＡＨＤ,3817,東P,,"4,465",-45,-1.00%,82,10.3倍,1.68倍,4.93%
20260616,1798,フィードワン,2060,東P,,"1,176",-17,-1.42%,82,6.92倍,0.73倍,4.42%
20260616,1799,フィデアＨＤ,8713,東P,,"2,008",-12,-0.59%,82,11.3倍,0.42倍,3.74%
20260616,1800,ＣＫサンエツ,5757,東P,,"4,960",+65,+1.33%,82,6.30倍,0.75倍,2.02%
20260616,1801,共和電,6853,東S,,880,+42,+5.01%,82,18.6倍,1.21倍,2.39%
20260616,1802,ホドルワン,2345,東S,,202,+7,+3.59%,82,ー倍,21.6倍,ー%
20260616,1803,養命酒,2540,東P,,"4,025",0,0.00%,81,ー倍,1.20倍,ー%
20260616,1804,野村エネ資源,1618,東Ｅ,,"32,260",-630,-1.92%,81,ー倍,ー倍,ー%
20260616,1805,ｉＦプ１５０,2017,東Ｅ,,"1,478",-10,-0.67%,81,ー倍,ー倍,ー%
20260616,1806,ＤＭＳ,9782,東S,,"3,285",-55,-1.65%,81,16.2倍,1.12倍,7.06%
20260616,1807,鶴見製,6351,東P,,"2,180",+10,+0.46%,81,18.6倍,1.02倍,1.65%
20260616,1808,ジャノメ,6445,東P,,"1,338",+29,+2.22%,81,11.2倍,0.65倍,4.48%
20260616,1809,ＱＢＮＨＤ,6571,東P,,"1,249",-9,-0.72%,81,12.0倍,1.11倍,3.20%
20260616,1810,アライドＨＤ,6835,東S,,238,-2,-0.83%,81,11.8倍,1.15倍,3.78%
20260616,1811,ＮＥＣキャピ,8793,東P,,"4,135",-10,-0.24%,81,8.91倍,0.68倍,3.63%
20260616,1812,テーオーシー,8841,東S,,964,-4,-0.41%,81,27.4倍,0.82倍,1.04%
20260616,1813,フィンテック,8789,東S,,123,0,0.00%,80,5.15倍,1.74倍,4.07%
20260616,1814,不二家,2211,東P,,"2,336",-13,-0.55%,80,28.7倍,1.01倍,1.28%
20260616,1815,農中東証指数,2524,東Ｅ,,"4,105",-20,-0.48%,80,ー倍,ー倍,ー%
20260616,1816,農中４００,2526,東Ｅ,,"36,960",-380,-1.02%,80,ー倍,ー倍,ー%
20260616,1817,フォーカス,4662,東P,,"1,557",-3,-0.19%,80,9.27倍,1.48倍,4.37%
20260616,1818,津田駒,6217,東S,,929,+35,+3.91%,80,23.7倍,2.26倍,ー%
20260616,1819,内海造,7018,東S,,"9,100",-80,-0.87%,80,15.4倍,1.14倍,0.44%
20260616,1820,ナガイレーベ,7447,東P,,"1,642",-7,-0.42%,79,17.0倍,1.28倍,3.65%
20260616,1821,ツカダＧＨＤ,2418,東S,,596,-6,-1.00%,79,4.66倍,0.75倍,2.35%
20260616,1822,スターシーズ,3083,東S,,974,-11,-1.12%,79,16.8倍,3.05倍,1.03%
20260616,1823,クレオス,8101,東P,,"2,342",-14,-0.59%,79,11.0倍,0.88倍,4.53%
20260616,1824,トレイダーズ,8704,東S,,"1,153",-18,-1.54%,79,6.33倍,1.54倍,3.90%
20260616,1825,ＧＸ超短円債,502A,東Ｅ,,902.2,0,0.00%,79,ー倍,ー倍,ー%
20260616,1826,日本アクア,1429,東P,,715,-9,-1.24%,79,11.7倍,2.12倍,4.90%
20260616,1827,メンバーズ,2130,東P,,"1,057",-1,-0.09%,79,7.80倍,2.04倍,3.31%
20260616,1828,ユシロ,5013,東S,,"3,255",-40,-1.21%,79,10.8倍,0.88倍,ー%
20260616,1829,ニチリン,5184,東S,,"4,125",+5,+0.12%,79,9.71倍,0.89倍,4.61%
20260616,1830,長府製,5946,東P,,"2,013",+2,+0.10%,79,18.0倍,0.49倍,2.29%
20260616,1831,ワイズＨＤ,5955,東S,,80,-1,-1.23%,79,28.8倍,0.89倍,1.25%
20260616,1832,ニチレキＧ,5011,東P,,"2,072",-19,-0.91%,78,13.7倍,0.74倍,4.10%
20260616,1833,やまみ,2820,東S,,"4,745",-105,-2.16%,78,20.4倍,2.92倍,1.73%
20260616,1834,ＰＢＲ１解消,2080,東Ｅ,,"1,936",+14,+0.73%,78,ー倍,ー倍,ー%
20260616,1835,野村Ａ高配,2084,東Ｅ,,"3,710",-34,-0.91%,78,ー倍,ー倍,ー%
20260616,1836,アイドマＨＤ,7373,東G,,"1,151",+19,+1.68%,78,7.44倍,2.25倍,2.61%
20260616,1837,ビーウィズ,9216,東P,,"1,449",-1,-0.07%,78,29.6倍,2.45倍,5.31%
20260616,1838,システムリサ,3771,東P,,"1,752",+24,+1.39%,78,10.3倍,2.16倍,4.00%
20260616,1839,アドソル日進,3837,東P,,"1,344",-29,-2.11%,78,14.1倍,3.36倍,3.57%
20260616,1840,小野測器,6858,東S,,902,-10,-1.10%,78,11.7倍,0.57倍,3.33%
20260616,1841,アシロ,7378,東G,,"1,317",-83,-5.93%,77,9.51倍,3.29倍,4.94%
20260616,1842,菱製鋼,5632,東P,,"2,171",-25,-1.14%,77,10.6倍,0.67倍,4.79%
20260616,1843,パイオラック,5988,東P,,"1,577",0,0.00%,77,54.3倍,0.59倍,5.83%
20260616,1844,空港施設,8864,東S,,901,-13,-1.42%,77,13.1倍,0.72倍,4.66%
20260616,1845,三洋貿易,3176,東P,,"1,514",-24,-1.56%,77,9.09倍,0.80倍,3.96%
20260616,1846,ＡＩストーム,3719,東S,,197,+6,+3.14%,77,25.9倍,2.36倍,1.52%
20260616,1847,セグエＧ,3968,東P,,549,-8,-1.44%,77,14.2倍,2.81倍,3.28%
20260616,1848,アンジェス,4563,東G,,44,-1,-2.22%,77,ー倍,9.02倍,ー%
20260616,1849,ダイト,4577,東P,,"1,209",+2,+0.17%,76,14.0倍,0.67倍,3.31%
20260616,1850,Ｆインタ,7050,東G,,"1,240",-68,-5.20%,76,8.54倍,1.13倍,5.89%
20260616,1851,じもとＨＤ,7161,東S,,492,-14,-2.77%,76,3.85倍,1.40倍,1.02%
20260616,1852,日水コン,261A,東S,,"2,030",-35,-1.69%,76,14.3倍,1.57倍,3.65%
20260616,1853,蝶理,8014,東P,,"3,905",-45,-1.14%,75,9.17倍,0.94倍,4.38%
20260616,1854,ミツウロコＧ,8131,東S,,"1,862",-3,-0.16%,75,17.0倍,0.97倍,3.54%
20260616,1855,リテールＰＡ,8167,東P,,"1,308",-29,-2.17%,75,10.4倍,0.61倍,3.06%
20260616,1856,フコク,5185,東P,,"1,778",-24,-1.33%,75,11.0倍,0.62倍,5.62%
20260616,1857,リベルタ,4935,東S,,213,0,0.00%,75,51.3倍,5.07倍,0.94%
20260616,1858,アンビＤＸ,3300,東G,,"2,220",-9,-0.40%,75,5.92倍,1.84倍,4.95%
20260616,1859,イメージワン,2667,東S,,116,-12,-9.38%,75,7.76倍,1.62倍,ー%
20260616,1860,エスコンＪＰ,2971,東Ｒ,,"114,200","-1,800",-1.55%,75,16.2倍,1.02倍,6.18%
20260616,1861,中外炉,1964,東P,,"4,005",-15,-0.37%,75,11.1倍,0.90倍,4.49%
20260616,1862,ベステラ,1433,東P,,"1,148",+3,+0.26%,74,14.6倍,1.90倍,3.48%
20260616,1863,農中Ｊリート,1595,東Ｅ,,"1,818",-35,-1.89%,74,ー倍,ー倍,ー%
20260616,1864,ネツレン,5976,東P,,"1,285",-17,-1.31%,74,27.8倍,0.72倍,5.53%
20260616,1865,ブランジスタ,6176,東S,,888,-31,-3.37%,74,6.43倍,1.92倍,7.32%
20260616,1866,理想科学,6413,東P,,985,-13,-1.30%,74,15.1倍,0.90倍,5.08%
20260616,1867,遠藤照明,6932,東S,,"2,313",-41,-1.74%,74,7.76倍,0.68倍,3.80%
20260616,1868,チヨダ,8185,東P,,966,-5,-0.51%,74,29.8倍,0.66倍,5.59%
20260616,1869,サーバワクス,4434,東S,,"1,933",-42,-2.13%,74,15.9倍,1.47倍,1.55%
20260616,1870,ＴＯＲＩＣＯ,7138,東G,,122,-3,-2.40%,74,ー倍,1.20倍,ー%
20260616,1871,ブックオフＧ,9278,東P,,"1,937",-14,-0.72%,74,14.2倍,1.64倍,1.55%
20260616,1872,メディアドゥ,3678,東P,,"1,286",-10,-0.77%,74,16.3倍,1.03倍,3.11%
20260616,1873,ＳＭＩＮＯＥ,3501,東P,,"1,043",-18,-1.70%,73,34.6倍,0.42倍,3.84%
20260616,1874,河合楽,7952,東P,,"3,250",+100,+3.17%,73,17.5倍,0.60倍,2.92%
20260616,1875,カンロ,2216,東S,,"1,107",+3,+0.27%,73,13.5倍,2.43倍,2.98%
20260616,1876,ＡＩＲＭＡＮ,6364,東P,,"1,768",+11,+0.63%,73,12.0倍,1.06倍,4.07%
20260616,1877,ウインテスト,6721,東S,,73,-6,-7.59%,73,77.7倍,11.8倍,ー%
20260616,1878,イチネンＨＤ,9619,東P,,"2,195",+13,+0.60%,73,7.52倍,0.73倍,3.64%
20260616,1879,ｉＳ米国株Ｈ,2563,東Ｅ,,401.9,+1.3,+0.32%,73,ー倍,ー倍,ー%
20260616,1880,じげん,3679,東P,,380,-3,-0.78%,72,8.58倍,1.67倍,3.55%
20260616,1881,上場高配５０,399A,東Ｅ,,"2,150",-11,-0.51%,72,ー倍,ー倍,ー%
20260616,1882,コプロＨＤ,7059,東P,,754,-11,-1.44%,72,17.4倍,2.92倍,5.97%
20260616,1883,日東精,5957,東P,,775,-1,-0.13%,72,12.3倍,0.77倍,3.10%
20260616,1884,フジオフード,2752,東P,,"1,170",-3,-0.26%,72,547倍,6.85倍,0.26%
20260616,1885,八洲電機,3153,東P,,"2,760",+19,+0.69%,72,10.7倍,1.61倍,2.03%
20260616,1886,アバール,6918,東S,,"3,270",+70,+2.19%,72,20.9倍,0.94倍,3.24%
20260616,1887,安永,7271,東S,,"1,025",+12,+1.18%,71,8.12倍,0.72倍,3.71%
20260616,1888,レック,7874,東P,,941,-1,-0.11%,71,10.3倍,0.82倍,2.98%
20260616,1889,ＷＴ小麦,1695,東Ｅ,,"3,062",+32,+1.06%,71,ー倍,ー倍,ー%
20260616,1890,サイバトラス,4498,東G,,"1,133",-47,-3.98%,71,15.0倍,2.49倍,1.24%
20260616,1891,アスタリスク,6522,東G,,720,+10,+1.41%,71,89.1倍,3.39倍,ー%
20260616,1892,東リ,7971,東S,,622,-9,-1.43%,71,10.4倍,0.68倍,5.47%
20260616,1893,Ｒフィールド,2910,東P,,"1,297",+2,+0.15%,71,108倍,1.18倍,1.85%
20260616,1894,群栄化,4229,東P,,"4,880",-65,-1.31%,71,ー倍,0.59倍,ー%
20260616,1895,ＡＨＣ,7083,東G,,893,-4,-0.45%,70,20.1倍,1.62倍,1.34%
20260616,1896,ステラファ,4888,東G,,332,-2,-0.60%,70,ー倍,4.79倍,ー%
20260616,1897,日本ホスピス,7061,東G,,557,+1,+0.18%,70,7.85倍,1.32倍,4.49%
20260616,1898,リズム,7769,東P,,"3,635",-5,-0.14%,70,17.0倍,0.85倍,4.61%
20260616,1899,Ｂガレージ,3180,東P,,"1,389",-38,-2.66%,70,12.9倍,2.08倍,1.30%
20260616,1900,バリュエンス,9270,東G,,"2,380",-18,-0.75%,70,10.5倍,3.33倍,1.89%
20260616,1901,ミニストップ,9946,東P,,"1,806",-13,-0.71%,70,523倍,1.98倍,1.11%
20260616,1902,日本精密,7771,東S,,320,+4,+1.27%,69,38.4倍,3.76倍,ー%
20260616,1903,ハリマ化成Ｇ,4410,東P,,"1,115",-23,-2.02%,69,10.2倍,0.66倍,3.77%
20260616,1904,ラクオリア,4579,東G,,474,+5,+1.07%,69,ー倍,1.54倍,ー%
20260616,1905,チノー,6850,東P,,"1,598",-38,-2.32%,69,12.3倍,1.13倍,3.75%
20260616,1906,ミラティブ,472A,東G,,405,-6,-1.46%,69,7.13倍,1.82倍,ー%
20260616,1907,農中ＤＡＸＨ,2089,東Ｅ,,"2,763",-5,-0.18%,69,ー倍,ー倍,ー%
20260616,1908,ポールＨＤ,3657,東P,,310,-2,-0.64%,69,15.7倍,1.36倍,5.16%
20260616,1909,Ｍラインズ,3901,東P,,"1,273",-2,-0.16%,69,9.78倍,2.58倍,4.56%
20260616,1910,ＤＩＴ,3916,東P,,797,-3,-0.38%,69,10.7倍,2.73倍,4.71%
20260616,1911,アウン,2459,東S,,160,+4,+2.56%,69,ー倍,3.74倍,ー%
20260616,1912,ラクトＪ,3139,東P,,"3,235",+5,+0.15%,69,9.39倍,1.00倍,4.08%
20260616,1913,ジェイリース,7187,東P,,"1,284",-10,-0.77%,68,9.08倍,3.10倍,4.67%
20260616,1914,萩原工業,7856,東P,,"1,689",-26,-1.52%,68,15.9倍,0.75倍,4.44%
20260616,1915,ＧＸゲー日株,2640,東Ｅ,,"3,445",+13,+0.38%,68,ー倍,ー倍,ー%
20260616,1916,ＮＳＷ,9739,東P,,"2,492",+16,+0.65%,68,9.90倍,0.98倍,5.02%
20260616,1917,植木組,1867,東S,,"2,460",-40,-1.60%,68,7.52倍,0.51倍,4.47%
20260616,1918,ＨＳＨＤ,8699,東S,,"1,162",+7,+0.61%,68,ー倍,0.35倍,ー%
20260616,1919,セラク,6199,東S,,"1,113",-11,-0.98%,68,7.85倍,1.57倍,1.56%
20260616,1920,ＡＣＣＥＳＳ,4813,東P,,435,-6,-1.36%,67,26.9倍,2.42倍,ー%
20260616,1921,ＪＭＡＣＳ,5817,東S,,910,+9,+1.00%,67,20.6倍,0.91倍,1.65%
20260616,1922,ジェコス,9991,東P,,"1,522",+1,+0.07%,67,8.98倍,0.72倍,4.53%
20260616,1923,ｉＳロボット,2522,東Ｅ,,"9,098",+85,+0.94%,67,ー倍,ー倍,ー%
20260616,1924,ニッピ,7932,東S,,"11,380",-190,-1.64%,67,11.4倍,0.78倍,6.16%
20260616,1925,ＳＲＳＨＤ,8163,東P,,"1,186",-3,-0.25%,67,27.3倍,2.75倍,0.84%
20260616,1926,ＭＶ東海,8198,東S,,"3,190",-30,-0.93%,67,10.9倍,1.05倍,2.66%
20260616,1927,さいか屋,8254,東S,,240,+13,+5.73%,67,12.5倍,1.20倍,2.08%
20260616,1928,三重交ＨＤ,3232,東P,,521,-4,-0.76%,67,8.73倍,0.75倍,3.84%
20260616,1929,Ａｒｅｎｔ,5254,東G,,"3,440",+55,+1.62%,67,15.0倍,3.32倍,ー%
20260616,1930,西部技研,6223,東S,,"2,112",-44,-2.04%,67,10.6倍,1.31倍,3.31%
20260616,1931,ＧＸ革新優良,178A,東Ｅ,,"1,652",+12,+0.73%,67,ー倍,ー倍,ー%
20260616,1932,ＳＭＤ日グ株,349A,東Ｅ,,844.3,-30.3,-3.46%,67,ー倍,ー倍,ー%
20260616,1933,エネクスＩＦ,9286,東IF,,"53,800",0,0.00%,66,13.6倍,0.69倍,7.57%
20260616,1934,ホッカンＨＤ,5902,東P,,"2,366",+44,+1.89%,66,8.32倍,0.48倍,4.23%
20260616,1935,エフテック,7212,東S,,657,+12,+1.86%,66,15.3倍,0.21倍,3.04%
20260616,1936,東京衡機,7719,東S,,387,-4,-1.02%,66,11.8倍,1.62倍,ー%
20260616,1937,アールプラン,2983,東G,,"1,392",-43,-3.00%,66,5.61倍,1.81倍,3.23%
20260616,1938,ジオマテック,6907,東S,,657,+54,+8.96%,66,14.6倍,0.52倍,ー%
20260616,1939,スタティアＨ,3393,東P,,"2,886",-10,-0.35%,66,11.5倍,3.21倍,5.02%
20260616,1940,ＰＲＴＩＭＥ,3922,東P,,"2,205",-3,-0.14%,66,13.6倍,3.26倍,0.76%
20260616,1941,近鉄百,8244,東S,,"1,778",-32,-1.77%,66,19.4倍,1.56倍,1.12%
20260616,1942,Ｏｎｅ設備,1484,東Ｅ,,"3,471.0",-57.0,-1.62%,66,ー倍,ー倍,ー%
20260616,1943,リソル,5261,東P,,"7,180",+100,+1.41%,65,20.5倍,2.18倍,1.67%
20260616,1944,三谷セキ,5273,東S,,"1,415",-11,-0.77%,65,9.75倍,0.98倍,3.07%
20260616,1945,菱友システム,4685,東S,,"2,738",-24,-0.87%,65,9.70倍,1.57倍,3.65%
20260616,1946,ＦＪネクＨＤ,8935,東P,,"1,766",-24,-1.34%,65,5.51倍,0.71倍,4.53%
20260616,1947,大豊工業,6470,東S,,"1,098",-38,-3.35%,65,8.66倍,0.49倍,2.73%
20260616,1948,Ｖコマース,2491,東P,,465,0,0.00%,65,ー倍,0.87倍,3.44%
20260616,1949,スタ・アリス,2305,東S,,"1,807",+1,+0.06%,64,24.6倍,1.02倍,2.77%
20260616,1950,野村外リート,2515,東Ｅ,,"1,692",-10,-0.59%,64,ー倍,ー倍,ー%
20260616,1951,プレミアムＷ,2588,東S,,"3,350",-50,-1.47%,64,7.99倍,2.24倍,3.58%
20260616,1952,まんだらけ,2652,東S,,384,-12,-3.03%,64,8.83倍,0.97倍,0.26%
20260616,1953,クラシコ,442A,東G,,"1,155",-217,-15.82%,64,15.9倍,1.47倍,ー%
20260616,1954,クラシコム,7110,東G,,"2,059",-119,-5.46%,64,15.7倍,2.58倍,2.67%
20260616,1955,トヨコー,341A,東G,,"2,033",+27,+1.35%,64,42.3倍,9.29倍,ー%
20260616,1956,放電精密,6469,東S,,"2,471",+6,+0.24%,64,37.3倍,3.04倍,0.81%
20260616,1957,大日塗,4611,東P,,"1,315",-20,-1.50%,64,11.1倍,0.56倍,4.41%
20260616,1958,倉元,5216,東S,,139,0,0.00%,63,ー倍,11.7倍,ー%
20260616,1959,フォースタ,7089,東G,,"1,510",-30,-1.95%,63,10.4倍,3.54倍,ー%
20260616,1960,日金銭,6418,東P,,970,-6,-0.61%,63,11.4倍,0.73倍,4.74%
20260616,1961,三光合成,7888,東P,,784,-11,-1.38%,63,5.97倍,0.66倍,3.57%
20260616,1962,佐藤商,8065,東P,,"3,225",-10,-0.31%,63,10.1倍,0.87倍,2.70%
20260616,1963,オークワ,8217,東P,,782,-1,-0.13%,63,49.0倍,0.43倍,3.32%
20260616,1964,グロバルＬＭ,3486,東P,,"1,755",-28,-1.57%,63,5.46倍,1.89倍,5.70%
20260616,1965,ＧＭＯ－ＧＳ,3788,東P,,"1,896",-39,-2.02%,63,20.7倍,2.17倍,3.15%
20260616,1966,バトンズ,554A,東G,,"1,337",+138,+11.51%,62,23.5倍,8.94倍,ー%
20260616,1967,日車両,7102,東P,,"3,200",-40,-1.23%,62,6.16倍,0.56倍,1.56%
20260616,1968,システムソフ,7527,東S,,45,-1,-2.17%,62,214倍,1.21倍,ー%
20260616,1969,上場新興国債,1566,東Ｅ,,"54,150",+120,+0.22%,62,ー倍,ー倍,ー%
20260616,1970,未来工業,7931,東P,,"3,045",-50,-1.62%,62,ー倍,0.89倍,3.28%
20260616,1971,フジ住,8860,東P,,744,-22,-2.87%,62,ー倍,0.45倍,4.30%
20260616,1972,多摩川ＨＤ,6838,東S,Ｓ,"2,280",+400,+21.28%,62,11.0倍,2.21倍,0.44%
20260616,1973,三社電機,6882,東S,,"1,314",+2,+0.15%,61,19.2倍,0.70倍,3.04%
20260616,1974,柿安本店,2294,東P,,"2,486",-40,-1.58%,61,29.8倍,1.54倍,3.42%
20260616,1975,ＧＸ純金,425A,東Ｅ,,369.6,+1.3,+0.35%,61,ー倍,ー倍,ー%
20260616,1976,ｉＳ新興国株,1658,東Ｅ,,"4,531",-27,-0.59%,61,ー倍,ー倍,ー%
20260616,1977,日特建,1929,東P,,"1,115",-12,-1.06%,60,12.6倍,1.24倍,4.48%
20260616,1978,日産車体,7222,東S,,956,-8,-0.83%,60,9.25倍,0.70倍,ー%
20260616,1979,京写,6837,東S,,354,+2,+0.57%,60,11.8倍,0.51倍,2.54%
20260616,1980,薬王堂ＨＤ,7679,東P,,"1,688",-4,-0.24%,60,8.15倍,0.82倍,1.78%
20260616,1981,フォトシンス,4379,東G,,381,0,0.00%,60,20.0倍,2.35倍,ー%
20260616,1982,ｉＦＥナ百ベ,2842,東Ｅ,,"11,765",-145,-1.22%,60,ー倍,ー倍,ー%
20260616,1983,穴吹興産,8928,東S,,"2,350",-27,-1.14%,60,5.70倍,0.52倍,2.89%
20260616,1984,遠藤製作所,7841,東S,,"1,080",+6,+0.56%,59,9.49倍,0.42倍,3.70%
20260616,1985,ＷＴ銅,1693,東Ｅ,,"8,961",-77,-0.85%,59,ー倍,ー倍,ー%
20260616,1986,カナミックＮ,3939,東P,,484,-12,-2.42%,59,16.8倍,4.58倍,1.86%
20260616,1987,日ピグＨＤ,4119,東S,,"5,220",+270,+5.45%,59,6.30倍,0.37倍,1.92%
20260616,1988,ＴＤＣソフト,4687,東P,,889,-14,-1.55%,59,10.6倍,1.77倍,3.82%
20260616,1989,ＪＩＧＳＡＷ,3914,東G,,"2,400",+106,+4.62%,59,ー倍,4.60倍,ー%
20260616,1990,プロシップ,3763,東P,,"1,666",+9,+0.54%,58,18.3倍,3.76倍,2.52%
20260616,1991,シンバイオ,4582,東G,,69,0,0.00%,58,ー倍,-101倍,ー%
20260616,1992,キッズバイオ,4584,東G,,132,-4,-2.94%,58,ー倍,4.08倍,ー%
20260616,1993,日特塗,4619,東S,,"2,329",+4,+0.17%,58,9.36倍,0.82倍,5.58%
20260616,1994,大東銀,8563,東S,,964,-17,-1.73%,58,7.64倍,0.42倍,4.15%
20260616,1995,ソラコム,147A,東G,,981,-11,-1.11%,58,63.3倍,4.06倍,ー%
20260616,1996,三精テクノロ,6357,東S,,"2,377",-17,-0.71%,58,7.95倍,0.82倍,4.00%
20260616,1997,ＹＵＳＨＩＮ,6482,東S,,713,+13,+1.86%,58,24.8倍,0.65倍,ー%
20260616,1998,コア,2359,東P,,"2,005",-3,-0.15%,57,9.60倍,1.39倍,2.99%
20260616,1999,ホリイフード,3077,東S,,649,-36,-5.26%,57,11.1倍,3.67倍,ー%
20260616,2000,ナガセ,9733,東S,,"2,203",-23,-1.03%,57,12.0倍,1.42倍,5.45%
20260616,2001,いであ,9768,東S,,"3,220",-50,-1.53%,57,9.58倍,0.75倍,3.66%
20260616,2002,ＡｎｄＤｏ,3457,東P,,"1,021",-11,-1.07%,57,7.35倍,1.06倍,4.51%
20260616,2003,オプティム,3694,東P,,427,-4,-0.93%,57,ー倍,2.51倍,ー%
20260616,2004,田辺工業,1828,東S,,"2,300",+9,+0.39%,57,8.94倍,0.86倍,4.35%
20260616,2005,アルメディオ,7859,東S,,267,+9,+3.49%,57,ー倍,0.68倍,ー%
20260616,2006,ｊｉｇ．ｊｐ,5244,東G,,161,+3,+1.90%,57,5.72倍,1.32倍,1.82%
20260616,2007,アルバリンク,5537,東G,,"2,192",+34,+1.58%,57,14.4倍,8.70倍,ー%
20260616,2008,アピリッツ,4174,東S,,635,-15,-2.31%,57,22.5倍,1.49倍,4.57%
20260616,2009,コスモスイニ,8844,東S,,"1,218",-52,-4.09%,57,5.73倍,0.73倍,4.35%
20260616,2010,大盛工業,1844,東S,,454,0,0.00%,56,17.1倍,1.39倍,2.53%
20260616,2011,ＴＥＩＫＯＫ,6333,東P,,"3,025",-35,-1.14%,56,12.4倍,1.48倍,4.36%
20260616,2012,大和冷,6459,東P,,"1,676",-28,-1.64%,56,14.7倍,1.18倍,3.58%
20260616,2013,大日光,6635,東S,,700,+15,+2.19%,56,6.54倍,0.64倍,2.29%
20260616,2014,ＣＥＨＤ,4320,東S,,"1,785",+71,+4.14%,56,34.2倍,3.65倍,1.34%
20260616,2015,イントランス,3237,東G,,82,+1,+1.23%,56,112倍,19.0倍,ー%
20260616,2016,ＹＫＴ,2693,東S,,335,+8,+2.45%,56,22.9倍,0.48倍,1.49%
20260616,2017,ミロク情報,9928,東P,,"1,719",-14,-0.81%,56,10.7倍,1.55倍,3.78%
20260616,2018,ＧＸＵＳ配当,2236,東Ｅ,,"1,450",-2,-0.14%,56,ー倍,ー倍,ー%
20260616,2019,モンラボ,5255,東G,,79,-2,-2.47%,56,ー倍,6.84倍,ー%
20260616,2020,売れるＧ,9235,東G,,515,+15,+3.00%,56,"2,060倍",7.22倍,ー%
20260616,2021,カウリス,153A,東G,,"1,202",-24,-1.96%,55,26.8倍,4.86倍,0.46%
20260616,2022,ＫＩＭＯＴＯ,7908,東S,,231,-4,-1.70%,55,ー倍,0.53倍,ー%
20260616,2023,阪神燃,6018,東S,,"5,570",-130,-2.28%,55,24.7倍,1.16倍,1.63%
20260616,2024,技研製,6289,東P,,"1,788",-23,-1.27%,55,20.6倍,1.15倍,3.02%
20260616,2025,テセック,6337,東S,,"2,463",-10,-0.40%,55,23.5倍,0.90倍,4.06%
20260616,2026,アストマクス,7162,東S,,274,-5,-1.79%,55,ー倍,0.48倍,ー%
20260616,2027,トランヴィア,545A,東P,,814,-3,-0.37%,55,13.4倍,ー倍,4.91%
20260616,2028,コリー,4175,東G,,"1,932",-14,-0.72%,55,ー倍,2.21倍,ー%
20260616,2029,明和地所,8869,東S,,789,-6,-0.75%,54,6.38倍,0.50倍,5.07%
20260616,2030,シーラＨＤ,8887,東S,,362,-4,-1.09%,54,2.09倍,0.77倍,3.59%
20260616,2031,中越パ,3877,東P,,"1,990",-10,-0.50%,54,15.6倍,0.42倍,6.03%
20260616,2032,リソー教育Ｇ,4714,東P,,190,-2,-1.04%,54,19.0倍,2.65倍,5.26%
20260616,2033,ＧＸ防衛テク,466A,東Ｅ,,"1,050",-15,-1.41%,54,ー倍,ー倍,ー%
20260616,2034,ファイバーＧ,9450,東S,,733,-20,-2.66%,54,11.6倍,2.14倍,3.68%
20260616,2035,グランディ,8999,東P,,514,-2,-0.39%,53,13.6倍,0.59倍,6.23%
20260616,2036,ダイドー,3205,東S,,716,-5,-0.69%,53,25.2倍,1.95倍,6.98%
20260616,2037,Ｊテック・Ｃ,3446,東S,,"1,589",-31,-1.91%,53,54.6倍,3.59倍,ー%
20260616,2038,Ｏｎｅトピ,1473,東Ｅ,,"4,100",-14,-0.34%,53,ー倍,ー倍,ー%
20260616,2039,クックパッド,2193,東S,,112,-4,-3.45%,53,ー倍,0.66倍,ー%
20260616,2040,ヨシムラＨＤ,2884,東P,,620,-8,-1.27%,53,10.6倍,1.19倍,ー%
20260616,2041,ＭＯＲＥＳＣ,5018,東S,,"1,865",-33,-1.74%,53,11.0倍,0.73倍,2.95%
20260616,2042,ＳＥＣカーボ,5304,東S,,"2,440",-24,-0.97%,53,16.2倍,0.63倍,4.10%
20260616,2043,日本空調,4658,東P,,"1,537",-16,-1.03%,53,13.7倍,1.74倍,3.71%
20260616,2044,日阪製,6247,東P,,"1,621",+13,+0.81%,53,17.7倍,0.68倍,3.39%
20260616,2045,ワタミ,7522,東P,,914,-12,-1.30%,53,ー倍,2.07倍,ー%
20260616,2046,幸楽苑,7554,東P,,"1,081",-8,-0.73%,52,16.5倍,2.89倍,1.39%
20260616,2047,リアルゲイト,5532,東G,,"3,125",+45,+1.46%,52,27.9倍,5.09倍,ー%
20260616,2048,ミガロＨＤ,5535,東P,,252,+5,+2.02%,52,10.8倍,1.07倍,3.57%
20260616,2049,ＳＭＤ高配当,2011,東Ｅ,,803.9,+13.9,+1.76%,52,ー倍,ー倍,ー%
20260616,2050,モリト,9837,東P,,"1,737",-21,-1.19%,52,14.5倍,1.07倍,4.15%
20260616,2051,井村屋Ｇ,2209,東P,,"2,299",-2,-0.09%,52,12.3倍,1.18倍,1.65%
20260616,2052,キングジム,7962,東P,,815,+2,+0.25%,52,35.3倍,0.91倍,1.72%
20260616,2053,ユニソルＨＤ,7128,東P,,"2,035",-18,-0.88%,52,23.3倍,0.68倍,4.96%
20260616,2054,リボミック,4591,東G,,59,-3,-4.84%,52,ー倍,1.14倍,ー%
20260616,2055,保土谷,4112,東P,,"2,270",-10,-0.44%,51,27.8倍,0.69倍,2.64%
20260616,2056,エリアリンク,8914,東S,,882,-6,-0.68%,51,12.1倍,1.52倍,3.00%
20260616,2057,ナレルＧ,9163,東G,,"2,183",-4,-0.18%,51,9.14倍,1.28倍,5.27%
20260616,2058,燦ＨＤ,9628,東P,,"1,330",-19,-1.41%,51,9.92倍,0.83倍,3.03%
20260616,2059,ビジ太田昭,9658,東P,,989,-12,-1.20%,51,11.3倍,1.04倍,4.75%
20260616,2060,マイクロアド,9553,東G,,515,-7,-1.34%,51,20.9倍,3.61倍,ー%
20260616,2061,日工,6306,東P,,851,+1,+0.12%,51,12.4倍,0.88倍,4.94%
20260616,2062,加藤製,6390,東P,,"1,244",+2,+0.16%,51,ー倍,0.33倍,5.63%
20260616,2063,東洋電,6505,東S,,"1,996",+3,+0.15%,51,8.00倍,0.58倍,3.76%
20260616,2064,サクサ,6675,東S,,"1,913",-59,-2.99%,50,2.02倍,1.02倍,6.53%
20260616,2065,ＳＢＩＩＧ,7326,東G,,"2,118",-61,-2.80%,50,14.5倍,1.10倍,2.79%
20260616,2066,ペッパー,3053,東S,,203,+2,+1.00%,50,251倍,3.60倍,ー%
20260616,2067,極東貿易,8093,東P,,"1,719",-24,-1.38%,50,8.41倍,0.65倍,4.30%
20260616,2068,東祥,8920,東S,,756,-9,-1.18%,50,8.31倍,0.71倍,1.32%
20260616,2069,カルナバイオ,4572,東G,,351,-2,-0.57%,50,ー倍,-39倍,ー%
20260616,2070,恵和,4251,東P,,"1,230",-18,-1.44%,50,7.46倍,0.94倍,4.07%
20260616,2071,Ｉｎｅ,4933,東P,,"1,338",-1,-0.07%,50,ー倍,1.30倍,1.12%
20260616,2072,Ｅインフィニ,7692,東S,,74,-3,-3.90%,50,14.8倍,6.51倍,3.51%
20260616,2073,クリングル,4884,東G,,301,+5,+1.69%,50,ー倍,2.66倍,ー%
20260616,2074,ＭＸナスヘ有,2632,東Ｅ,,"18,660",+180,+0.97%,50,ー倍,ー倍,ー%
20260616,2075,ＣＩＪ,4826,東P,,495,-6,-1.20%,50,16.5倍,1.86倍,4.04%
20260616,2076,フイルコン,5942,東S,,588,+21,+3.70%,50,25.2倍,0.50倍,4.76%
20260616,2077,ＧＭＳ,544A,東P,,360,-1,-0.28%,50,ー倍,ー倍,ー%
20260616,2078,梅乃宿酒造,559A,東S,,"1,162",-25,-2.11%,50,22.2倍,2.00倍,1.80%
20260616,2079,コーア商ＨＤ,9273,東P,,752,-6,-0.79%,50,8.70倍,1.04倍,2.39%
20260616,2080,エフオン,9514,東S,,331,-10,-2.93%,50,11.1倍,0.34倍,2.42%
20260616,2081,アイエスビー,9702,東P,,"2,334",-1,-0.04%,49,14.5倍,1.84倍,3.00%
20260616,2082,理経,8226,東S,,389,-2,-0.51%,49,14.0倍,0.98倍,1.80%
20260616,2083,ＭＳジャパン,6539,東P,,940,-5,-0.53%,49,21.6倍,2.45倍,5.96%
20260616,2084,ヨシックス,3221,東P,,"3,175",-75,-2.31%,49,13.8倍,2.45倍,1.01%
20260616,2085,リネットＪ,3556,東G,,768,0,0.00%,49,9.38倍,7.75倍,ー%
20260616,2086,ＮＩＳＳＯ,9332,東P,,580,0,0.00%,49,9.30倍,1.06倍,4.31%
20260616,2087,ＤＭカンパニ,189A,東G,,974,+64,+7.03%,49,10.2倍,1.00倍,2.05%
20260616,2088,Ｓｏｌｖｖｙ,7320,東G,,"1,395",-7,-0.50%,49,9.57倍,3.14倍,1.43%
20260616,2089,ヘッドウォ,4011,東G,,"2,035",+71,+3.62%,49,31.8倍,9.29倍,ー%
20260616,2090,ＧＸクリ日株,2637,東Ｅ,,"3,334",+31,+0.94%,49,ー倍,ー倍,ー%
20260616,2091,ランドネット,2991,東S,,552,-16,-2.82%,49,4.99倍,1.05倍,2.01%
20260616,2092,アクリート,4395,東G,,659,-14,-2.08%,49,11.8倍,1.41倍,1.52%
20260616,2093,日精線,5659,東P,,"1,521",-5,-0.33%,49,16.7倍,1.09倍,3.02%
20260616,2094,エンビプロ,5698,東S,,839,-11,-1.29%,49,13.3倍,1.33倍,2.62%
20260616,2095,トライアイズ,4840,東S,,662,-58,-8.06%,48,55.0倍,1.26倍,0.15%
20260616,2096,大成ラミック,4994,東S,,"2,278",-19,-0.83%,48,14.6倍,0.53倍,3.07%
20260616,2097,エラン,6099,東P,,720,-5,-0.69%,48,13.6倍,3.00倍,2.22%
20260616,2098,シーユーシー,9158,東G,,825,+2,+0.24%,48,22.0倍,0.72倍,ー%
20260616,2099,トーカイ,9729,東P,,"2,261",-34,-1.48%,48,11.4倍,0.83倍,3.54%
20260616,2100,イチケン,1847,東S,,"2,617",-70,-2.61%,48,6.78倍,0.95倍,4.78%
20260616,2101,ルネサンス,2378,東P,,990,-5,-0.50%,48,39.0倍,2.44倍,1.31%
20260616,2102,日精化,4362,東P,,"2,446",-47,-1.89%,48,10.2倍,1.03倍,4.25%
20260616,2103,ニホンフラ,7820,東P,,708,-2,-0.28%,48,17.9倍,0.51倍,5.08%
20260616,2104,マーベラス,7844,東P,,442,-5,-1.12%,48,13.4倍,0.97倍,3.39%
20260616,2105,Ｄｍミックス,7354,東S,,306,-6,-1.92%,48,7.96倍,0.94倍,3.10%
20260616,2106,ＭＸ米ＳＰ有,2630,東Ｅ,,"15,985",+135,+0.85%,48,ー倍,ー倍,ー%
20260616,2107,野村ナスＨ有,2845,東Ｅ,,"3,690",+36,+0.99%,47,ー倍,ー倍,ー%
20260616,2108,巴,1921,東S,,"1,681",-13,-0.77%,47,21.7倍,0.78倍,1.43%
20260616,2109,ＳＥＭＴＥＣ,6626,東S,,"2,040",+22,+1.09%,47,9.55倍,0.82倍,2.75%
20260616,2110,高知銀,8416,東S,,"1,242",-1,-0.08%,47,6.56倍,0.32倍,2.01%
20260616,2111,アルファＰ,9467,東G,,"1,021",-24,-2.30%,47,11.6倍,1.90倍,2.64%
20260616,2112,ビーロット,3452,東S,,"1,424",-14,-0.97%,47,5.36倍,1.27倍,5.62%
20260616,2113,イクヨ,7273,東S,,633,+6,+0.96%,47,303倍,1.39倍,0.47%
20260616,2114,エディア,3935,東S,,647,0,0.00%,47,7.67倍,2.38倍,2.63%
20260616,2115,高圧ガス,4097,東P,,"1,099",-1,-0.09%,47,13.2倍,0.72倍,3.64%
20260616,2116,パラカ,4809,東P,,"1,982",+36,+1.85%,47,9.57倍,0.95倍,3.53%
20260616,2117,アミューズ,4301,東P,,"1,799",-14,-0.77%,46,23.3倍,0.81倍,3.56%
20260616,2118,窪田製薬ＨＤ,4596,東G,,56,0,0.00%,46,ー倍,4.87倍,ー%
20260616,2119,椿本興,8052,東P,,"2,670",-13,-0.48%,46,9.25倍,0.98倍,3.37%
20260616,2120,太平発,8835,東S,,741,-17,-2.24%,46,12.3倍,0.36倍,5.47%
20260616,2121,ＮＦＫＨＤ,6494,東S,,93,+1,+1.09%,46,43.3倍,0.78倍,ー%
20260616,2122,スマートＤ,5137,東G,,190,+1,+0.53%,46,8.03倍,5.33倍,ー%
20260616,2123,ＧＸＵＳＤＶ,2253,東Ｅ,,"1,316",-14,-1.05%,46,ー倍,ー倍,ー%
20260616,2124,ＧＸＵＳ配ヘ,2095,東Ｅ,,"1,141",-4,-0.35%,46,ー倍,ー倍,ー%
20260616,2125,進和,7607,東P,,"3,155",0,0.00%,46,13.7倍,0.91倍,3.93%
20260616,2126,フツパー,478A,東G,,712,-10,-1.39%,46,20.9倍,3.41倍,ー%
20260616,2127,フィルＣ,3267,東S,,650,+8,+1.25%,46,5.82倍,1.09倍,3.85%
20260616,2128,デジハＨＤ,3676,東P,,686,-2,-0.29%,46,8.27倍,1.59倍,3.64%
20260616,2129,ＮＴＴＤイン,3850,東S,,"2,787",+8,+0.29%,46,13.1倍,2.31倍,2.69%
20260616,2130,エイチーム,3662,東P,,922,-6,-0.65%,45,28.6倍,1.97倍,3.04%
20260616,2131,エアーテック,6291,東S,,"1,280",-5,-0.39%,45,11.8倍,0.89倍,4.30%
20260616,2132,野村コア３０,1311,東Ｅ,,"2,075",-6,-0.29%,45,ー倍,ー倍,ー%
20260616,2133,ＷＴ銀,1673,東Ｅ,,"10,130",-110,-1.07%,45,ー倍,ー倍,ー%
20260616,2134,ＩＴメディア,2148,東P,,"1,178",+13,+1.12%,45,16.6倍,2.65倍,4.24%
20260616,2135,ヤマックス,5285,東S,,"1,239",-19,-1.51%,45,6.29倍,1.18倍,4.84%
20260616,2136,中発条,5992,東S,,"3,800",-40,-1.04%,45,39.9倍,1.09倍,2.37%
20260616,2137,ＥＲＩＨＤ,6083,東S,,"1,325",+5,+0.38%,45,10.6倍,3.98倍,2.77%
20260616,2138,野村ＳＰＨ無,2633,東Ｅ,,558.5,+2.5,+0.45%,45,ー倍,ー倍,ー%
20260616,2139,ＮＣＤ,4783,東S,,"2,290",-12,-0.52%,45,10.0倍,2.17倍,5.24%
20260616,2140,ライク,2462,東P,,"1,406",-2,-0.14%,45,9.81倍,1.53倍,4.27%
20260616,2141,ハブ,3030,東S,,872,+6,+0.69%,45,33.2倍,3.25倍,1.15%
20260616,2142,愛時計,7723,東P,,"2,880",-15,-0.52%,45,9.58倍,0.84倍,4.17%
20260616,2143,小野建,7414,東P,,"1,324",-1,-0.08%,44,7.89倍,0.35倍,5.21%
20260616,2144,上場ＮＱヘ有,2569,東Ｅ,,"4,469",+39,+0.88%,44,ー倍,ー倍,ー%
20260616,2145,大成温調,1904,東S,,"4,865",-85,-1.72%,44,5.71倍,0.98倍,4.07%
20260616,2146,ダイニック,3551,東S,,"1,325",+55,+4.33%,44,5.53倍,0.36倍,3.47%
20260616,2147,ヘリオスＴＨ,6927,東S,,891,-17,-1.87%,44,13.5倍,0.94倍,6.62%
20260616,2148,日コン,5269,東P,,328,-2,-0.61%,44,13.7倍,0.39倍,3.05%
20260616,2149,アドバネクス,5998,東S,,"2,751",+129,+4.92%,44,5.65倍,1.11倍,1.82%
20260616,2150,中央倉,9319,東P,,"1,773",+5,+0.28%,44,15.0倍,0.65倍,2.37%
20260616,2151,ＣＳＰ,9740,東P,,"2,608",-66,-2.47%,44,15.9倍,0.88倍,2.34%
20260616,2152,シンデンハイ,3131,東S,,"3,445",+10,+0.29%,44,7.64倍,0.87倍,3.92%
20260616,2153,ｉＦ台湾テク,413A,東Ｅ,,"4,055",+11,+0.27%,44,ー倍,ー倍,ー%
20260616,2154,第一建設,1799,東S,,"3,275",0,0.00%,43,13.5倍,0.78倍,4.89%
20260616,2155,ｋｕｂｅｌｌ,4448,東G,,260,-1,-0.38%,43,ー倍,5.11倍,ー%
20260616,2156,ヤプリ,4168,東G,,704,+11,+1.59%,43,9.74倍,2.90倍,2.13%
20260616,2157,ＣＣＴ,4371,東G,,"1,293",-27,-2.05%,43,15.5倍,4.55倍,1.62%
20260616,2158,ケンコーマヨ,2915,東P,,"1,961",-18,-0.91%,43,9.94倍,0.68倍,3.57%
20260616,2159,タキヒヨー,9982,東S,,"2,574",+14,+0.55%,43,13.4倍,0.67倍,1.94%
20260616,2160,ｉＳ米高配当,2013,東Ｅ,,296.3,-1.9,-0.64%,43,ー倍,ー倍,ー%
20260616,2161,ｉＦ高配５０,354A,東Ｅ,,"3,074",-38,-1.22%,43,ー倍,ー倍,ー%
20260616,2162,インテージＨ,4326,東P,,"1,703",+2,+0.12%,43,20.3倍,1.86倍,2.82%
20260616,2163,早稲アカ,4718,東P,,"2,464",-73,-2.88%,43,16.5倍,2.75倍,3.04%
20260616,2164,松井建,1810,東S,,"1,339",-36,-2.62%,42,9.55倍,0.67倍,5.23%
20260616,2165,ヤマト,1967,東S,,"2,003",-24,-1.18%,42,10.4倍,1.05倍,3.84%
20260616,2166,コンドー,7438,東P,,"1,484",+18,+1.23%,42,11.2倍,0.99倍,3.91%
20260616,2167,アトラエ,6194,東P,,705,+4,+0.57%,42,17.3倍,4.25倍,4.82%
20260616,2168,北川鉄,6317,東S,,"1,655",+12,+0.73%,42,7.66倍,0.33倍,3.87%
20260616,2169,マツオカ,3611,東S,,"2,235",-21,-0.93%,42,6.90倍,0.59倍,5.15%
20260616,2170,九州リース,8596,東S,,"1,407",-13,-0.92%,42,7.58倍,0.70倍,4.41%
20260616,2171,上場ＳＰレ２,2239,東Ｅ,,"26,340",+90,+0.34%,42,ー倍,ー倍,ー%
20260616,2172,農中Ｊリコア,2527,東Ｅ,,"1,100",-20,-1.79%,42,ー倍,ー倍,ー%
20260616,2173,ユキグニ,1375,東P,,"1,081",+6,+0.56%,42,17.0倍,2.92倍,1.85%
20260616,2174,ポピンズ,7358,東S,,"1,338",0,0.00%,42,10.9倍,1.40倍,3.51%
20260616,2175,ゼロ,9028,東S,,"3,600",+65,+1.84%,42,8.40倍,1.31倍,3.90%
20260616,2176,ＪＰＭＣ,3276,東P,,"1,301",-6,-0.46%,41,11.0倍,2.33倍,4.92%
20260616,2177,ミタチ産業,3321,東S,,"1,727",-29,-1.65%,41,6.88倍,0.80倍,4.63%
20260616,2178,アツギ,3529,東S,,888,-9,-1.00%,41,ー倍,0.44倍,ー%
20260616,2179,ユーソナー,431A,東G,,"1,913",-32,-1.65%,41,15.0倍,3.42倍,ー%
20260616,2180,ダブスタ,3925,東P,,"1,164",-22,-1.85%,41,13.1倍,2.36倍,6.01%
20260616,2181,ぴあ,4337,東P,,"2,588",-7,-0.27%,41,26.5倍,3.70倍,1.16%
20260616,2182,ＨＥＲＯＺ,4382,東S,,792,+4,+0.51%,41,40.1倍,2.42倍,ー%
20260616,2183,千代田インテ,6915,東S,,"3,180",-20,-0.63%,41,7.64倍,0.69倍,5.03%
20260616,2184,オーナンバ,5816,東S,,"1,693",-12,-0.70%,41,10.9倍,0.72倍,4.13%
20260616,2185,三協立山,5932,東P,,630,-3,-0.47%,41,9.87倍,0.20倍,3.97%
20260616,2186,信金中央,8421,東証,,"185,500","-1,100",-0.59%,41,ー倍,ー倍,3.50%
20260616,2187,明豊エンタ,8927,東S,,422,-8,-1.86%,41,6.46倍,1.15倍,3.08%
20260616,2188,ＷＤＢ,2475,東P,,"1,763",+33,+1.91%,41,12.2倍,1.03倍,5.33%
20260616,2189,チムニー,3178,東S,,"1,053",-8,-0.75%,41,81.3倍,3.17倍,0.47%
20260616,2190,ラサ商事,3023,東S,,"1,814",-13,-0.71%,40,9.56倍,0.82倍,4.41%
20260616,2191,明治電機工業,3388,東P,,"2,061",-52,-2.46%,40,8.49倍,0.69倍,4.66%
20260616,2192,力の源ＨＤ,3561,東P,,"1,522",+1,+0.07%,40,25.4倍,3.78倍,1.58%
20260616,2193,サイバーリン,3683,東S,,996,-7,-0.70%,40,8.48倍,1.19倍,3.51%
20260616,2194,ＣＢＣ,9402,名P,,"1,151",0,0.00%,40,19.3倍,0.38倍,2.17%
20260616,2195,細火工,4274,東S,,"1,036",+16,+1.57%,40,18.9倍,1.19倍,1.25%
20260616,2196,Ｃ＆Ｒ,4763,東P,,"1,270",-4,-0.31%,40,8.03倍,1.41倍,3.94%
20260616,2197,ｉＦ印Ｎ５０,233A,東Ｅ,,"1,898",+12,+0.64%,40,ー倍,ー倍,ー%
20260616,2198,共栄タ,9130,東S,,"1,339",-15,-1.11%,39,7.88倍,0.39倍,2.99%
20260616,2199,オエノンＨＤ,2533,東P,,481,-3,-0.62%,39,9.29倍,1.01倍,2.49%
20260616,2200,ＪＥＳＣＯ,1434,東S,,"1,887",-40,-2.08%,39,11.9倍,1.62倍,2.54%
20260616,2201,上場ＭＳエマ,1681,東Ｅ,,"3,545",+7,+0.20%,39,ー倍,ー倍,ー%
20260616,2202,ミヨシ,4404,東S,,"1,766",-27,-1.51%,39,12.1倍,0.43倍,3.96%
20260616,2203,デルタフライ,4598,東G,,127,-2,-1.55%,39,ー倍,59.4倍,ー%
20260616,2204,三谷産業,8285,東S,,638,+9,+1.43%,39,15.1倍,0.69倍,2.04%
20260616,2205,グローバルＩ,4171,東S,,"1,677",+1,+0.06%,39,24.5倍,1.95倍,ー%
20260616,2206,ウィルＧ,6089,東P,,"1,030",+13,+1.28%,39,10.7倍,1.17倍,4.27%
20260616,2207,Ｗディッシュ,2901,東S,,189,0,0.00%,38,17.9倍,0.90倍,2.12%
20260616,2208,シルバライフ,9262,東S,,648,+2,+0.31%,38,8.74倍,0.96倍,2.78%
20260616,2209,オプティマス,9268,東S,,382,-4,-1.04%,38,8.17倍,0.62倍,4.71%
20260616,2210,ケーユーＨＤ,9856,東S,,"1,138",-13,-1.13%,38,6.37倍,0.52倍,5.10%
20260616,2211,ｅＷｅＬＬ,5038,東G,,"1,739",+27,+1.58%,38,19.8倍,8.36倍,1.21%
20260616,2212,タカトリ,6338,東S,,"1,562",-48,-2.98%,38,25.2倍,0.85倍,2.56%
20260616,2213,アクセル,6730,東S,,"1,134",-11,-0.96%,38,13.7倍,0.90倍,3.62%
20260616,2214,エスポア,3260,名N,,599,-136,-18.50%,38,ー倍,161倍,ー%
20260616,2215,ソフトウェア,3733,東S,,"10,240",+100,+0.99%,38,8.46倍,1.25倍,1.66%
20260616,2216,ウネリー,5034,東G,,"2,020",+30,+1.51%,38,18.9倍,3.29倍,ー%
20260616,2217,オープンドア,3926,東S,,285,+24,+9.20%,38,ー倍,2.56倍,ー%
20260616,2218,ＣＴＳ,4345,東P,,823,-4,-0.48%,38,12.5倍,2.16倍,3.65%
20260616,2219,ｎｍｓ,2162,東S,,538,0,0.00%,38,18.8倍,2.05倍,1.67%
20260616,2220,ナガホリ,8139,東S,,"2,134",-25,-1.16%,38,54.5倍,2.32倍,0.70%
20260616,2221,ａｂｃ,8783,東S,,91,+2,+2.25%,37,ー倍,0.39倍,ー%
20260616,2222,ＭＴＩ,9438,東P,,550,-14,-2.48%,37,11.3倍,1.54倍,3.64%
20260616,2223,ＣＯＴＡ,4923,東P,,"1,118",-22,-1.93%,37,23.8倍,2.73倍,1.70%
20260616,2224,Ｇｕｎｏｓｙ,6047,東S,,443,+1,+0.23%,37,79.1倍,0.97倍,4.97%
20260616,2225,エフティ,2763,東S,,"1,051",-15,-1.41%,37,8.22倍,0.89倍,ー%
20260616,2226,ブルドック,2804,東P,,"1,744",-5,-0.29%,37,23.2倍,0.87倍,2.58%
20260616,2227,ＴＭＮ,5258,東G,,336,+5,+1.51%,37,16.6倍,1.53倍,ー%
20260616,2228,シマダヤ,250A,東S,,"1,613",+19,+1.19%,37,8.87倍,1.25倍,3.35%
20260616,2229,ヨロズ,7294,東P,,872,-6,-0.68%,37,16.3倍,0.33倍,3.78%
20260616,2230,ジーイエット,7603,東S,,58,0,0.00%,37,4.80倍,2.40倍,ー%
20260616,2231,セルシード,7776,東G,,215,+2,+0.94%,37,ー倍,4.21倍,ー%
20260616,2232,ｉＦＴＰＷベ,1368,東Ｅ,,165,0,0.00%,37,ー倍,ー倍,ー%
20260616,2233,野村建設資材,1619,東Ｅ,,"49,620",-630,-1.25%,37,ー倍,ー倍,ー%
20260616,2234,トヨクモ,4058,東G,,"1,878",-5,-0.27%,37,15.7倍,4.95倍,1.44%
20260616,2235,野村ＳＰＨ有,2634,東Ｅ,,"3,134",+10,+0.32%,37,ー倍,ー倍,ー%
20260616,2236,ＧＸグリ日Ｒ,2855,東Ｅ,,930,-20,-2.11%,36,ー倍,ー倍,ー%
20260616,2237,エーアイテイ,9381,東P,,"2,216",-27,-1.20%,36,15.4倍,2.54倍,4.96%
20260616,2238,スペース,9622,東P,,"1,409",-4,-0.28%,36,10.5倍,0.99倍,5.11%
20260616,2239,タナベＣＧ,9644,東P,,745,+18,+2.48%,36,20.7倍,2.27倍,3.89%
20260616,2240,オオバ,9765,東P,,"1,068",-15,-1.39%,36,12.1倍,1.28倍,4.12%
20260616,2241,大庄,9979,東S,,"1,112",+5,+0.45%,36,25.4倍,2.03倍,1.26%
20260616,2242,ペガサス,6262,東S,,519,-12,-2.26%,36,49.7倍,0.38倍,ー%
20260616,2243,日本トリム,6788,東P,,"4,475",-110,-2.40%,36,15.1倍,1.40倍,2.91%
20260616,2244,クエスト,2332,東S,,"1,688",-21,-1.23%,36,10.1倍,1.16倍,3.61%
20260616,2245,出前館,2484,東S,,118,-1,-0.84%,36,ー倍,0.52倍,ー%
20260616,2246,あみやき,2753,東P,,"1,338",-12,-0.89%,36,19.0倍,1.22倍,2.54%
20260616,2247,一正蒲鉾,2904,東S,,784,+10,+1.29%,36,19.2倍,0.94倍,1.79%
20260616,2248,インテリＷ,4847,東P,,926,-12,-1.28%,36,17.1倍,2.52倍,4.00%
20260616,2249,新田ゼラチン,4977,東S,,"1,293",+3,+0.23%,36,9.81倍,0.97倍,3.09%
20260616,2250,日本スキー,6040,東G,,487,-2,-0.41%,36,9.08倍,2.19倍,1.03%
20260616,2251,野村機械,1624,東Ｅ,,"89,930",+570,+0.64%,36,ー倍,ー倍,ー%
20260616,2252,野村金融,1632,東Ｅ,,"41,240",+20,+0.05%,36,ー倍,ー倍,ー%
20260616,2253,ＰＳＳ,7707,東G,,188,-5,-2.59%,36,23.7倍,1.33倍,ー%
20260616,2254,フェイスＮＷ,3489,東S,,698,-7,-0.99%,36,5.44倍,1.67倍,6.45%
20260616,2255,ウェルス,3772,東S,,"1,058",-9,-0.84%,35,11.3倍,1.15倍,ー%
20260616,2256,ＷＨＤＣ,3823,東S,,32,-1,-3.03%,35,ー倍,2.99倍,ー%
20260616,2257,キャンドゥ,2698,東S,,"3,295",+30,+0.92%,35,117倍,5.01倍,0.52%
20260616,2258,サンアスタ,4053,東P,,427,-3,-0.70%,35,12.0倍,1.49倍,2.34%
20260616,2259,ヒューマンＴ,5621,東G,,"1,328",0,0.00%,35,11.5倍,2.42倍,2.64%
20260616,2260,ヒット,378A,東G,,"2,097",0,0.00%,35,16.2倍,2.68倍,1.91%
20260616,2261,シモジマ,7482,東P,,"1,325",+12,+0.91%,35,11.9倍,0.84倍,4.45%
20260616,2262,ＳＡＡＦＨＤ,1447,東G,,273,-14,-4.88%,35,15.1倍,2.72倍,1.76%
20260616,2263,日金属,5491,東S,,822,-7,-0.84%,35,10.4倍,0.18倍,0.61%
20260616,2264,ＥＭシステム,4820,東P,,496,+3,+0.61%,34,15.7倍,1.80倍,4.64%
20260616,2265,ｉＦＳＰ無,2247,東Ｅ,,"2,279",+19,+0.84%,34,ー倍,ー倍,ー%
20260616,2266,野村Ｐ１５０,159A,東Ｅ,,716.1,-1.6,-0.22%,34,ー倍,ー倍,ー%
20260616,2267,ティア,2485,東S,,481,+8,+1.69%,34,10.3倍,1.20倍,4.78%
20260616,2268,クリナップ,7955,東P,,882,-13,-1.45%,34,8.76倍,0.51倍,3.74%
20260616,2269,三谷商,8066,東S,,"2,476",-14,-0.56%,34,9.76倍,1.11倍,3.55%
20260616,2270,モダリス,4883,東G,,35,0,0.00%,34,ー倍,1.22倍,ー%
20260616,2271,ブレインズ,4075,東G,,836,+1,+0.12%,34,30.4倍,2.80倍,ー%
20260616,2272,塩水糖,2112,東S,,420,-18,-4.11%,34,6.42倍,0.56倍,3.81%
20260616,2273,村上開明,7292,東S,,"6,750",+30,+0.45%,34,13.3倍,0.82倍,3.56%
20260616,2274,新家工,7305,東S,,"2,477",-30,-1.20%,34,13.9倍,0.69倍,6.06%
20260616,2275,たけびし,7510,東P,,"2,288",-37,-1.59%,34,11.8倍,0.83倍,3.50%
20260616,2276,ヒトトヒトＨ,549A,東S,,474,+1,+0.21%,34,9.83倍,2.31倍,4.52%
20260616,2277,東インキ,4635,東S,,"1,285",+2,+0.16%,34,8.23倍,0.50倍,5.06%
20260616,2278,田岡化,4113,東S,,699,+8,+1.16%,33,40.1倍,0.51倍,0.86%
20260616,2279,三共興,8018,東S,,872,+12,+1.40%,33,16.3倍,0.58倍,3.10%
20260616,2280,キャリアＬ,6070,東P,,"2,148",-25,-1.15%,33,9.08倍,1.60倍,5.59%
20260616,2281,イオン九州,2653,東S,,"2,815",-16,-0.57%,33,14.8倍,1.60倍,1.78%
20260616,2282,テンポスＨＤ,2751,東S,,"3,725",0,0.00%,33,16.3倍,2.56倍,0.24%
20260616,2283,ナフコ,2790,東S,,"2,095",+9,+0.43%,33,40.6倍,0.34倍,2.77%
20260616,2284,ダイヤＨＤ,6699,東S,,471,+2,+0.43%,33,529倍,0.36倍,5.31%
20260616,2285,防衛航空欧州,498A,東EN,,"8,805",-143,-1.60%,33,ー倍,ー倍,ー%
20260616,2286,ＷＴ天然ガス,1689,東Ｅ,,848,+22,+2.66%,33,ー倍,ー倍,ー%
20260616,2287,サニーサイド,2180,東S,,"1,317",-1,-0.08%,33,15.2倍,3.39倍,0.84%
20260616,2288,エイビック,9554,東G,,"1,542",+1,+0.06%,33,12.8倍,3.68倍,ー%
20260616,2289,オーハシテク,7628,東P,,"1,119",-10,-0.89%,33,13.6倍,0.71倍,4.02%
20260616,2290,フラベッドＨ,7840,東P,,"1,239",-11,-0.88%,33,13.5倍,1.03倍,3.39%
20260616,2291,プロレド,7034,東P,,350,-20,-5.41%,32,ー倍,0.55倍,ー%
20260616,2292,市光工,7244,東P,,527,-8,-1.50%,32,10.2倍,0.64倍,3.42%
20260616,2293,ヤギ,7460,東S,,"4,760",+25,+0.53%,32,10.5倍,0.83倍,3.78%
20260616,2294,魚力,7596,東P,,"2,219",+8,+0.36%,32,35.6倍,1.65倍,2.34%
20260616,2295,タカノ,7885,東S,,"1,044",-11,-1.04%,32,21.8倍,0.49倍,1.92%
20260616,2296,トランスＧＧ,2342,東S,,214,-3,-1.38%,32,23.8倍,0.75倍,ー%
20260616,2297,ビーマップ,4316,東G,,120,-10,-7.69%,32,10.7倍,1.14倍,ー%
20260616,2298,東海ソフト,4430,東S,,"1,592",-26,-1.61%,32,8.49倍,1.16倍,3.77%
20260616,2299,ＧＥＮＯＶＡ,9341,東P,,555,-5,-0.89%,32,8.09倍,1.52倍,5.41%
20260616,2300,ライズＣＧ,9168,東G,,386,0,0.00%,32,13.9倍,1.28倍,5.44%
20260616,2301,神鋼線,5660,東S,,"1,847",+32,+1.76%,32,ー倍,0.43倍,ー%
20260616,2302,ラックランド,9612,東P,,"1,245",+5,+0.40%,32,5.50倍,1.07倍,3.21%
20260616,2303,やまや,9994,東S,,"2,031",-4,-0.20%,32,10.5倍,0.59倍,3.55%
20260616,2304,プロネクサス,7893,東P,,"1,046",+9,+0.87%,32,12.9倍,1.09倍,4.21%
20260616,2305,アステナＨＤ,8095,東P,,485,-6,-1.22%,32,8.34倍,0.71倍,3.71%
20260616,2306,シナネンＨＤ,8132,東P,,"7,720",+50,+0.65%,32,16.1倍,1.39倍,1.55%
20260616,2307,アクシス,4012,東S,,"1,576",-23,-1.44%,32,9.67倍,1.65倍,3.62%
20260616,2308,勤次郎,4013,東G,,604,-5,-0.82%,32,11.4倍,1.16倍,1.66%
20260616,2309,ｉＳ米債カバ,453A,東Ｅ,,804.2,-1.0,-0.12%,32,ー倍,ー倍,ー%
20260616,2310,ゲームカード,6249,東S,,"2,466",-37,-1.48%,32,14.4倍,0.57倍,4.06%
20260616,2311,ＣＲＡＶＩＡ,6573,東G,,24,-1,-4.00%,32,ー倍,2.76倍,ー%
20260616,2312,ｉＦ高配４０,1651,東Ｅ,,"3,009",-35,-1.15%,32,ー倍,ー倍,ー%
20260616,2313,第一カッタ,1716,東S,,"1,380",-20,-1.43%,32,9.45倍,0.77倍,2.90%
20260616,2314,ＮＹダウブル,2040,東EN,,"37,780",-160,-0.42%,31,ー倍,ー倍,ー%
20260616,2315,サンリツ,9366,東S,,"1,079",+65,+6.41%,31,8.69倍,0.50倍,3.52%
20260616,2316,朝日放送ＨＤ,9405,東P,,791,-9,-1.13%,31,12.2倍,0.40倍,2.53%
20260616,2317,新日本製薬,4931,東P,,"1,918",-21,-1.08%,31,12.0倍,1.75倍,2.97%
20260616,2318,エスプール,2471,東P,,248,0,0.00%,31,11.7倍,2.07倍,4.03%
20260616,2319,北の達人,2930,東P,,118,-1,-0.84%,31,22.4倍,2.04倍,2.97%
20260616,2320,シキボウ,3109,東P,,"1,001",-3,-0.30%,31,21.2倍,0.35倍,5.00%
20260616,2321,プロパスト,3236,東S,,272,+1,+0.37%,31,4.21倍,0.67倍,2.21%
20260616,2322,アクセルＭ,3624,東G,,62,+2,+3.33%,31,ー倍,3.06倍,ー%
20260616,2323,デジプラ,3691,東G,,"1,232",-22,-1.75%,31,ー倍,6.69倍,ー%
20260616,2324,リプロセル,4978,東G,,126,-2,-1.56%,31,ー倍,1.40倍,ー%
20260616,2325,アキレス,5142,東P,,"1,177",-20,-1.67%,31,12.4倍,0.37倍,2.55%
20260616,2326,共和工業,5971,東S,,"7,810",+860,+12.37%,31,16.7倍,0.59倍,1.02%
20260616,2327,バリューＨＲ,6078,東P,,"1,420",+31,+2.23%,31,36.1倍,5.75倍,1.97%
20260616,2328,山田コンサル,4792,東P,,"1,634",-6,-0.37%,31,10.8倍,1.58倍,4.71%
20260616,2329,アイビス,9343,東G,,760,-15,-1.94%,31,14.9倍,4.78倍,1.58%
20260616,2330,ＳＡＮＥＩ,6230,東S,,"2,128",-37,-1.71%,31,7.61倍,0.64倍,3.52%
20260616,2331,スパイダー,4192,東G,,259,+1,+0.39%,31,ー倍,3.45倍,ー%
20260616,2332,ＡＢ＆Ｃ,9251,東G,,"1,242",-2,-0.16%,31,12.0倍,1.99倍,4.83%
20260616,2333,ｉＳ米債３Ｈ,2856,東Ｅ,,657.9,-0.7,-0.11%,31,ー倍,ー倍,ー%
20260616,2334,ルックＨＤ,8029,東S,,"2,700",+34,+1.28%,31,12.7倍,0.50倍,3.70%
20260616,2335,地銀業界改革,395A,東Ｅ,,961.9,+5.7,+0.60%,31,ー倍,ー倍,ー%
20260616,2336,メディシス,4350,東S,,473,-6,-1.25%,30,13.8倍,0.80倍,2.54%
20260616,2337,アイサンテク,4667,東S,,"1,821",+8,+0.44%,30,25.2倍,1.54倍,2.03%
20260616,2338,野村電力ガス,1627,東Ｅ,,"11,400",-175,-1.51%,30,ー倍,ー倍,ー%
20260616,2339,マーケットＥ,3135,東S,,"1,365",-24,-1.73%,30,730倍,5.61倍,ー%
20260616,2340,Ｎｏ．１,3562,東S,,"1,456",-5,-0.34%,30,9.56倍,2.18倍,5.43%
20260616,2341,ＳＭＴ好配当,170A,東Ｅ,,"3,083",-4,-0.13%,30,ー倍,ー倍,ー%
20260616,2342,Ｇモンスター,157A,東G,,813,+14,+1.75%,30,ー倍,2.04倍,1.23%
20260616,2343,ｉＳ米２５,237A,東Ｅ,,161.4,-1.2,-0.74%,30,ー倍,ー倍,ー%
20260616,2344,ｉＳ米２５ヘ,238A,東Ｅ,,132.7,-1.5,-1.12%,30,ー倍,ー倍,ー%
20260616,2345,カイゼン,4170,東G,,97,-5,-4.90%,30,82.9倍,0.56倍,ー%
20260616,2346,ノバック,5079,東S,,"2,433",-25,-1.02%,29,16.3倍,0.67倍,4.93%
20260616,2347,サーティワン,2268,東S,,"4,135",-10,-0.24%,29,22.1倍,2.72倍,1.45%
20260616,2348,ジェイテック,2479,東S,,220,-7,-3.08%,29,9.81倍,1.20倍,ー%
20260616,2349,北海コカ,2573,東S,,"4,190",0,0.00%,29,51.8倍,1.32倍,0.72%
20260616,2350,焼肉坂井ＨＤ,2694,東S,,70,0,0.00%,29,156倍,2.65倍,ー%
20260616,2351,新都ＨＤ,2776,東S,,91,+1,+1.11%,29,24.3倍,1.46倍,ー%
20260616,2352,山陽電,9052,東P,,"1,907",-4,-0.21%,29,14.1倍,0.68倍,2.62%
20260616,2353,明海グループ,9115,東S,,826,-9,-1.08%,29,13.4倍,0.53倍,ー%
20260616,2354,日邦産業,9913,東S,,"3,785",+35,+0.93%,29,24.3倍,1.91倍,2.09%
20260616,2355,サックスバー,9990,東P,,731,-7,-0.95%,29,10.1倍,0.69倍,4.79%
20260616,2356,Ｊティッシュ,7774,東G,,590,-5,-0.84%,29,240倍,4.71倍,ー%
20260616,2357,ＭＸ海外株式,1550,東Ｅ,,"8,043",-20,-0.25%,29,ー倍,ー倍,ー%
20260616,2358,日本ハウス,1873,東P,,303,-2,-0.66%,29,8.85倍,0.53倍,3.96%
20260616,2359,日東富士,2003,東S,,"1,694",-16,-0.94%,29,18.7倍,1.23倍,4.13%
20260616,2360,ＳＳＳＫＨＤ,4838,東S,,636,+11,+1.76%,29,8.47倍,1.17倍,4.72%
20260616,2361,日東工器,6151,東P,,"1,625",+7,+0.43%,29,20.7倍,0.50倍,1.97%
20260616,2362,冨士ダイス,6167,東P,,970,0,0.00%,29,36.5倍,0.93倍,4.12%
20260616,2363,トビラシステ,4441,東S,,"1,359",+12,+0.89%,29,26.4倍,4.85倍,1.47%
20260616,2364,ラボロＡＩ,5586,東G,,775,-5,-0.64%,29,61.5倍,4.57倍,ー%
20260616,2365,ＪＲＣ,6224,東G,,"1,315",+5,+0.38%,29,13.6倍,2.91倍,2.59%
20260616,2366,ＧＸ住宅日Ｒ,2097,東Ｅ,,960,-23,-2.34%,29,ー倍,ー倍,ー%
20260616,2367,オカアイヨン,6294,東P,,"2,014",-10,-0.49%,29,9.55倍,0.90倍,3.77%
20260616,2368,オリチェン,6380,東S,,"4,750",+15,+0.32%,29,81.4倍,3.88倍,0.42%
20260616,2369,加地テック,6391,東S,,"4,055",+5,+0.12%,29,9.19倍,0.79倍,1.73%
20260616,2370,ニレコ,6863,東S,,"2,600",-31,-1.18%,29,12.8倍,1.09倍,4.04%
20260616,2371,綿半ＨＤ,3199,東P,,"1,313",-12,-0.91%,29,10.7倍,1.01倍,2.36%
20260616,2372,フライト,3753,東S,,142,-3,-2.07%,29,8.60倍,3.08倍,ー%
20260616,2373,クラウドＷ,3900,東G,,596,+7,+1.19%,29,ー倍,1.46倍,ー%
20260616,2374,ネオジャパン,3921,東P,,"1,466",+15,+1.03%,29,11.0倍,2.72倍,3.68%
20260616,2375,クロスプラス,3320,東S,,"1,240",0,0.00%,28,6.38倍,0.48倍,4.84%
20260616,2376,ＴＹＫ,5363,東S,,696,-2,-0.29%,28,6.83倍,0.66倍,4.40%
20260616,2377,アルインコ,5933,東P,,"1,030",-2,-0.19%,28,9.51倍,0.61倍,4.37%
20260616,2378,キャリアデザ,2410,東P,,"2,560",+25,+0.99%,28,10.6倍,2.91倍,6.25%
20260616,2379,木徳神糧,2700,東S,,"1,813",-1,-0.06%,28,4.95倍,0.72倍,2.76%
20260616,2380,ジーエルシー,2970,東S,,"1,146",-21,-1.80%,28,13.6倍,3.27倍,ー%
20260616,2381,ＰＣＮＥＴ,3021,東S,,"1,608",-5,-0.31%,28,9.99倍,2.18倍,3.23%
20260616,2382,ｉＳＳ除金融,491A,東Ｅ,,549.4,+2.2,+0.40%,28,ー倍,ー倍,ー%
20260616,2383,ＡＩＡＩ,6557,東G,,594,-9,-1.49%,28,5.50倍,1.19倍,ー%
20260616,2384,松屋Ｒ＆Ｄ,7317,東G,,"1,101",+1,+0.09%,28,ー倍,2.89倍,ー%
20260616,2385,Ｚｅｎｋｅｎ,7371,東G,,752,0,0.00%,28,26.2倍,0.72倍,3.46%
20260616,2386,上場米債ヘ有,1487,東Ｅ,,"12,190",-25,-0.20%,28,ー倍,ー倍,ー%
20260616,2387,玉井船,9127,東S,,"2,759",-5,-0.18%,28,12.8倍,0.52倍,2.90%
20260616,2388,杉本商,9932,東P,,"1,153",-13,-1.11%,28,11.6倍,0.59倍,4.68%
20260616,2389,今仙電機,7266,東S,,892,-15,-1.65%,28,8.24倍,0.34倍,3.59%
20260616,2390,宮越ＨＤ,6620,東P,,589,-14,-2.32%,28,ー倍,0.96倍,ー%
20260616,2391,森六,4249,東P,,"2,347",-21,-0.89%,28,10.8倍,0.51倍,5.33%
20260616,2392,東京産,8070,東P,,804,-6,-0.74%,28,12.4倍,0.83倍,4.98%
20260616,2393,ソーダニッカ,8158,東P,,"1,103",-17,-1.52%,28,10.3倍,0.75倍,3.99%
20260616,2394,豊トラスティ,8747,東S,,"2,138",-61,-2.77%,28,ー倍,0.67倍,ー%
20260616,2395,ＭＩＣ,300A,東S,,"2,810",-6,-0.21%,28,14.8倍,2.14倍,2.74%
20260616,2396,ブッキングＲ,324A,東G,,688,-5,-0.72%,28,9.94倍,2.09倍,ー%
20260616,2397,ＭＦＳ,196A,東G,,255,-29,-10.21%,27,17.3倍,1.01倍,ー%
20260616,2398,野村ＳＰ配貴,364A,東Ｅ,,"2,447",-8,-0.33%,27,ー倍,ー倍,ー%
20260616,2399,グルメ杵屋,9850,東P,,948,-1,-0.11%,27,83.4倍,2.32倍,0.74%
20260616,2400,六甲バタ,2266,東P,,"1,044",+2,+0.19%,27,12.8倍,0.57倍,1.92%
20260616,2401,ＪＦＬＡＨＤ,3069,東S,,146,-1,-0.68%,27,ー倍,1.14倍,ー%
20260616,2402,ｅＢＡＳＥ,3835,東P,,390,0,0.00%,27,16.0倍,2.33倍,3.90%
20260616,2403,小田原エンジ,6149,東S,,"2,055",+11,+0.54%,27,13.7倍,0.64倍,3.41%
20260616,2404,野村不動産,1633,東Ｅ,,"51,250","-1,110",-2.12%,27,ー倍,ー倍,ー%
20260616,2405,クルーズ,2138,東S,,418,-23,-5.22%,27,83.3倍,0.46倍,ー%
20260616,2406,モロゾフ,2217,東P,,"1,512",0,0.00%,27,39.4倍,1.53倍,1.06%
20260616,2407,エータイ,369A,東G,,"1,987",-4,-0.20%,27,14.8倍,2.64倍,2.72%
20260616,2408,ＧＸ日経株主,465A,東Ｅ,,"1,255",-16,-1.26%,27,ー倍,ー倍,ー%
20260616,2409,ｒａｋｕｍｏ,4060,東G,,"1,115",+4,+0.36%,27,20.5倍,3.45倍,1.26%
20260616,2410,昭和真空,6384,東S,,"1,651",+8,+0.49%,27,18.2倍,0.84倍,4.24%
20260616,2411,扶桑電通,7505,東S,,"2,031",-34,-1.65%,27,9.15倍,1.33倍,4.38%
20260616,2412,エコス,7520,東P,,"2,257",-7,-0.31%,27,7.21倍,0.86倍,3.10%
20260616,2413,オーバル,7727,東S,,718,-12,-1.64%,27,10.3倍,0.93倍,3.90%
20260616,2414,サニックスＨ,4651,東S,,223,-3,-1.33%,27,10.6倍,0.97倍,1.35%
20260616,2415,日理化,4406,東S,,207,-3,-1.43%,26,12.9倍,0.39倍,2.17%
20260616,2416,ＧＭＯコマス,410A,東G,,"1,081",+29,+2.76%,26,13.8倍,2.22倍,4.68%
20260616,2417,スタートＬ,477A,東G,,667,+37,+5.87%,26,8.89倍,1.46倍,ー%
20260616,2418,クオンタムＳ,2338,東S,,112,-1,-0.88%,26,ー倍,-9.2倍,ー%
20260616,2419,アドウェイズ,2489,東S,,276,+7,+2.60%,26,20.4倍,0.78倍,2.38%
20260616,2420,ケイファーマ,4896,東G,,655,+15,+2.34%,26,ー倍,7.50倍,ー%
20260616,2421,ジグザグ,340A,東G,,307,-7,-2.23%,26,9.92倍,1.84倍,ー%
20260616,2422,ウェルネス,366A,東G,,"1,035",-10,-0.96%,26,11.2倍,2.21倍,3.86%
20260616,2423,ベリテ,9904,東S,,223,-8,-3.46%,26,14.5倍,1.43倍,2.69%
20260616,2424,Ｈ株ブル,1572,東Ｅ,,"6,772",-218,-3.12%,26,ー倍,ー倍,ー%
20260616,2425,サンテック,1960,東S,,"1,378",-54,-3.77%,26,9.20倍,0.63倍,3.99%
20260616,2426,三晃金,1972,東S,,"1,229",-5,-0.41%,26,9.67倍,0.86倍,5.21%
20260616,2427,自重堂,3597,東S,,"10,190",-90,-0.88%,26,21.8倍,0.77倍,4.91%
20260616,2428,サイオス,3744,東S,,485,-8,-1.62%,26,11.4倍,2.22倍,1.03%
20260616,2429,エステー,4951,東P,,"1,469",+7,+0.48%,26,17.0倍,0.91倍,3.13%
20260616,2430,ＩＲジャパン,6035,東S,,702,-10,-1.40%,26,ー倍,2.04倍,ー%
20260616,2431,小池工,6137,東S,,"1,452",-31,-2.09%,26,9.02倍,0.65倍,3.44%
20260616,2432,ＩＧＳ,4265,東G,,255,+20,+8.51%,26,173倍,2.55倍,ー%
20260616,2433,トマト銀,8542,東S,,"1,494",+1,+0.07%,26,9.40倍,0.36倍,3.35%
20260616,2434,藤商事,6257,東S,,984,-11,-1.11%,26,9.80倍,0.48倍,5.59%
20260616,2435,フェンオール,6870,東S,,"2,450",+52,+2.17%,26,15.6倍,0.91倍,3.18%
20260616,2436,アイコム,6820,東P,,"3,030",-10,-0.33%,25,14.0倍,0.59倍,2.87%
20260616,2437,アーバネット,3242,東S,,531,-2,-0.38%,25,10.3倍,1.03倍,4.14%
20260616,2438,エバラ食品,2819,東S,,"2,368",-13,-0.55%,25,23.1倍,0.64倍,2.11%
20260616,2439,Ｆ－ブレイン,3927,東S,,902,+20,+2.27%,25,14.7倍,2.28倍,1.77%
20260616,2440,はてな,3930,東G,,979,+30,+3.16%,25,ー倍,1.39倍,ー%
20260616,2441,シンクロ,3963,東P,,286,-11,-3.70%,25,56.9倍,1.69倍,5.24%
20260616,2442,Ｔ＆Ｇニーズ,4331,東P,,665,-3,-0.45%,25,17.0倍,0.55倍,6.02%
20260616,2443,ＪＫＨＤ,9896,東S,,"1,483",+8,+0.54%,25,9.26倍,0.61倍,4.05%
20260616,2444,富山銀,8365,東S,,"2,075",-10,-0.48%,25,10.5倍,0.36倍,2.65%
20260616,2445,ペルセウス,4882,東G,,145,+2,+1.40%,25,ー倍,2.17倍,ー%
20260616,2446,サイエンスＡ,4412,東G,,"1,108",-17,-1.51%,25,74.9倍,5.98倍,0.09%
20260616,2447,ラストワンＭ,9252,東G,,"3,365",-20,-0.59%,25,8.17倍,1.81倍,0.89%
20260616,2448,ＳＭＤトピク,2557,東Ｅ,,"4,046",-8,-0.20%,24,ー倍,ー倍,ー%
20260616,2449,クリヤマＨＤ,3355,東S,,"1,557",-18,-1.14%,24,8.08倍,0.61倍,3.92%
20260616,2450,小松マテーレ,3580,東P,,694,-4,-0.57%,24,13.1倍,0.66倍,3.89%
20260616,2451,ビリングシス,3623,東G,,994,+6,+0.61%,24,10.6倍,2.01倍,3.27%
20260616,2452,情報企画,3712,東S,,889,-24,-2.63%,24,12.2倍,1.81倍,2.70%
20260616,2453,中北製,6496,東S,,"4,750",-110,-2.26%,24,13.5倍,0.60倍,2.32%
20260616,2454,ハマイ,6497,東S,,"1,364",+29,+2.17%,24,9.34倍,0.53倍,3.30%
20260616,2455,ハナツアーＪ,6561,東G,,768,-12,-1.54%,24,6.77倍,2.18倍,5.47%
20260616,2456,ライトアップ,6580,東G,,763,-9,-1.17%,24,7.94倍,1.16倍,2.49%
20260616,2457,野村欧州株,486A,東Ｅ,,"2,211",-18,-0.81%,24,ー倍,ー倍,ー%
20260616,2458,フォーサイド,2330,東S,,77,+3,+4.05%,24,41.9倍,1.08倍,ー%
20260616,2459,ＫＧ情報,2408,東S,,819,-2,-0.24%,24,16.5倍,0.98倍,4.52%
20260616,2460,翻訳センター,2483,東S,,"2,029",-14,-0.69%,24,13.6倍,0.97倍,6.90%
20260616,2461,オートサーバ,5589,東S,,"2,740",-44,-1.58%,24,13.3倍,1.52倍,2.45%
20260616,2462,全保連,5845,東S,,994,+1,+0.10%,24,10.3倍,3.22倍,4.83%
20260616,2463,情報戦略テク,155A,東G,,820,-26,-3.07%,24,19.6倍,4.49倍,ー%
20260616,2464,ＭＸ４００,1593,東Ｅ,,"37,470",-260,-0.69%,24,ー倍,ー倍,ー%
20260616,2465,インドブル,2046,東EN,,"25,315",-35,-0.14%,24,ー倍,ー倍,ー%
20260616,2466,ＡＭＧＨＤ,8891,東S,,"1,813",-37,-2.00%,24,7.61倍,0.42倍,4.41%
20260616,2467,ダイニチ工業,5951,東S,,987,+12,+1.23%,24,13.3倍,0.54倍,2.84%
20260616,2468,あんしん保証,7183,東S,,256,0,0.00%,24,ー倍,1.71倍,ー%
20260616,2469,橋本総業ＨＤ,7570,東S,,"1,383",-4,-0.29%,24,7.27倍,0.74倍,3.76%
20260616,2470,ＪＭＳ,7702,東S,,438,+6,+1.39%,24,17.9倍,0.26倍,3.88%
20260616,2471,スバル,9632,東S,,"3,670",+40,+1.10%,24,15.2倍,1.26倍,2.18%
20260616,2472,ＵＥＸ,9888,東S,,935,-12,-1.27%,24,3.50倍,0.51倍,ー%
20260616,2473,神電鉄,9046,東S,,"2,432",+35,+1.46%,23,16.2倍,0.76倍,1.03%
20260616,2474,ビート,9399,東S,,13,+1,+8.33%,23,ー倍,ー倍,ー%
20260616,2475,ＢＳ１１,9414,東S,,903,-3,-0.33%,23,12.3倍,0.66倍,3.32%
20260616,2476,Ｓ＆Ｊ,5599,東G,,963,-3,-0.31%,23,13.3倍,2.50倍,1.77%
20260616,2477,ｉＳ米債３月,2012,東Ｅ,,242.1,+0.3,+0.12%,23,ー倍,ー倍,ー%
20260616,2478,構造計画ＨＤ,208A,東S,,"2,792",-43,-1.52%,23,12.7倍,2.76倍,3.22%
20260616,2479,ｉＳＳＴ２０,313A,東Ｅ,,264.8,+1.4,+0.53%,23,ー倍,ー倍,ー%
20260616,2480,レカム,3323,東S,,70,-1,-1.41%,23,17.7倍,1.03倍,1.71%
20260616,2481,アスリナ,3647,東S,,109,-4,-3.54%,23,ー倍,2.71倍,ー%
20260616,2482,ケイブ,3760,東S,,623,+2,+0.32%,23,ー倍,2.10倍,ー%
20260616,2483,巴川コーポ,3878,東S,,811,-5,-0.61%,23,17.7倍,0.45倍,1.85%
20260616,2484,ブルーミーム,4069,東G,,880,-15,-1.68%,23,35.4倍,1.17倍,ー%
20260616,2485,クロスキャト,2307,東P,,917,-14,-1.50%,23,8.33倍,1.93倍,4.25%
20260616,2486,野村外国株式,2513,東Ｅ,,"3,577",0,0.00%,23,ー倍,ー倍,ー%
20260616,2487,酒井重,6358,東P,,"2,039",-20,-0.97%,23,15.9倍,0.55倍,5.39%
20260616,2488,ウリドキ,418A,名N,,"1,370",+40,+3.01%,23,24.3倍,12.2倍,ー%
20260616,2489,ＰＲＯＮＩ,479A,東G,,"1,253",+7,+0.56%,23,6.16倍,3.16倍,ー%
20260616,2490,明豊ファシリ,1717,東S,,895,-2,-0.22%,23,11.2倍,1.74倍,4.92%
20260616,2491,日精蝋,5010,東S,,224,-2,-0.88%,23,5.53倍,0.66倍,ー%
20260616,2492,東北鋼,5484,東S,,"4,480",0,0.00%,23,ー倍,1.13倍,ー%
20260616,2493,パンチ,6165,東S,,523,-10,-1.88%,23,13.1倍,0.62倍,3.82%
20260616,2494,ヨータイ,5357,東P,,"1,729",-6,-0.35%,22,12.3倍,0.93倍,5.21%
20260616,2495,ティアック,6803,東S,,95,-1,-1.04%,22,9.12倍,0.67倍,1.05%
20260616,2496,ＦＣＥ,9564,東S,,442,-20,-4.33%,22,11.3倍,2.31倍,2.26%
20260616,2497,サイフューズ,4892,東G,,524,-6,-1.13%,22,ー倍,2.01倍,ー%
20260616,2498,アヴィレン,5591,東G,,691,+1,+0.14%,22,19.1倍,5.50倍,ー%
20260616,2499,早稲田学習研,5869,東S,,"1,184",-11,-0.92%,22,13.8倍,1.63倍,4.49%
20260616,2500,プログレス,339A,東G,,908,-10,-1.09%,22,6.86倍,1.15倍,3.30%
20260616,2501,ロンシール,4224,東S,,"1,941",-25,-1.27%,22,8.52倍,0.45倍,4.38%
20260616,2502,日華化学,4463,東S,,"1,705",-23,-1.33%,22,9.70倍,0.76倍,4.11%
20260616,2503,ヒガシＨＤ,9029,東S,,"1,830",-2,-0.11%,22,8.85倍,1.48倍,3.39%
20260616,2504,ブティックス,9272,東G,,"1,381",+77,+5.90%,22,9.50倍,5.13倍,ー%
20260616,2505,Ｄｅｎｋｅｉ,9908,東S,,"2,412",-29,-1.19%,22,7.82倍,0.83倍,4.52%
20260616,2506,ウェルネット,2428,東S,,606,-2,-0.33%,22,11.5倍,1.29倍,4.87%
20260616,2507,タカミヤ,2445,東S,,390,-1,-0.26%,22,9.67倍,0.78倍,4.10%
20260616,2508,ＭＸＪリコア,2517,東Ｅ,,"1,082.0",-17.5,-1.59%,22,ー倍,ー倍,ー%
20260616,2509,株主還元７０,2529,東Ｅ,,"2,180",-21,-0.95%,22,ー倍,ー倍,ー%
20260616,2510,朝日ネット,3834,東P,,600,-2,-0.33%,22,12.0倍,1.19倍,4.17%
20260616,2511,ファンペップ,4881,東G,,61,-1,-1.61%,22,ー倍,1.84倍,ー%
20260616,2512,のむら産業,7131,東S,,"3,510",-200,-5.39%,22,8.47倍,1.78倍,2.74%
20260616,2513,上場２２５Ｍ,1578,東Ｅ,,"5,566",-4,-0.07%,22,ー倍,ー倍,ー%
20260616,2514,ｕｎｂａｎｋ,8746,東S,,231,-6,-2.53%,22,ー倍,1.23倍,ー%
20260616,2515,ランビジネス,8944,東S,,239,+6,+2.58%,22,9.21倍,0.29倍,2.51%
20260616,2516,Ｊファーマ,520A,東G,,378,+14,+3.85%,22,ー倍,1.67倍,ー%
20260616,2517,レント,372A,東S,,"4,950",-45,-0.90%,21,7.34倍,0.96倍,4.24%
20260616,2518,ギークリー,505A,東S,,"1,095",-4,-0.36%,21,9.14倍,3.49倍,2.74%
20260616,2519,インタートレ,3747,東S,,385,-6,-1.53%,21,11.5倍,2.31倍,ー%
20260616,2520,Ａバランス,3856,東S,,521,-4,-0.76%,21,ー倍,0.27倍,0.58%
20260616,2521,南海化学,4040,東S,,"3,650",-80,-2.14%,21,5.78倍,0.66倍,1.78%
20260616,2522,クオルテック,9165,東G,,"1,708",+6,+0.35%,21,12.5倍,1.15倍,2.75%
20260616,2523,モリ工業,5464,東S,,947,+1,+0.11%,21,11.2倍,0.61倍,3.59%
20260616,2524,那須鉄,5922,東S,,"17,600",-300,-1.68%,21,11.8倍,0.62倍,2.56%
20260616,2525,不二サッシ,5940,東S,,686,-3,-0.44%,21,5.38倍,0.34倍,4.37%
20260616,2526,日進工具,6157,東S,,854,-14,-1.61%,21,ー倍,1.14倍,ー%
20260616,2527,太洋テクノ,6663,東S,,312,-3,-0.95%,21,25.2倍,0.70倍,0.96%
20260616,2528,石光商事,2750,東S,,"1,206",-19,-1.55%,21,5.41倍,0.70倍,4.56%
20260616,2529,イートアンド,2882,東P,,"1,995",-7,-0.35%,21,49.8倍,2.03倍,0.75%
20260616,2530,Ｕｂｉｃｏｍ,3937,東S,,923,-14,-1.49%,21,10.6倍,1.86倍,ー%
20260616,2531,広栄化学,4367,東S,,"2,816",+23,+0.82%,21,ー倍,0.86倍,ー%
20260616,2532,ニチモウ,8091,東P,,"2,214",+3,+0.14%,21,7.15倍,0.54倍,4.52%
20260616,2533,東北銀,8349,東S,,"1,392",-29,-2.04%,21,8.36倍,0.56倍,3.59%
20260616,2534,あかつき本社,8737,東S,,597,-9,-1.49%,21,5.48倍,0.86倍,5.03%
20260616,2535,マクアケ,4479,東G,,805,-17,-2.07%,21,15.9倍,1.75倍,ー%
20260616,2536,イントラスト,7191,東S,,"1,065",-6,-0.56%,21,13.0倍,2.94倍,4.65%
20260616,2537,東ラヂ,7235,東S,,"1,440",-24,-1.64%,21,7.62倍,0.57倍,5.35%
20260616,2538,日新商,7490,東S,,"2,206",0,0.00%,21,ー倍,0.56倍,ー%
20260616,2539,ムサシ,7521,東S,,"2,702",+98,+3.76%,21,47.1倍,0.50倍,1.33%
20260616,2540,ＳＫジャパン,7608,東S,,730,-5,-0.68%,21,8.94倍,1.84倍,3.29%
20260616,2541,大研医器,7775,東S,,420,0,0.00%,21,20.5倍,1.56倍,4.76%
20260616,2542,ｉＦＴＰベ,1457,東Ｅ,,"1,821",+5,+0.28%,21,ー倍,ー倍,ー%
20260616,2543,中外鉱,1491,東S,,689,+16,+2.38%,21,9.90倍,1.06倍,ー%
20260616,2544,上場ＪＰＸ日,1592,東Ｅ,,"3,351",-6,-0.18%,21,ー倍,ー倍,ー%
20260616,2545,ナカノフドー,1827,東S,,"1,250",+28,+2.29%,21,14.8倍,0.86倍,2.00%
20260616,2546,コスピベア,2034,東EN,,"1,566",-25,-1.57%,21,ー倍,ー倍,ー%
20260616,2547,ＭＸ高利Ｊリ,1660,東Ｅ,,"10,470",-240,-2.24%,20,ー倍,ー倍,ー%
20260616,2548,北浜ＣＰ,2134,東S,,27,+1,+3.85%,20,8.21倍,2.83倍,ー%
20260616,2549,ソフトフロン,2321,東G,,129,-4,-3.01%,20,ー倍,3.99倍,ー%
20260616,2550,キューブシス,2335,東P,,"1,023",+3,+0.29%,20,10.4倍,1.36倍,4.50%
20260616,2551,アスカネット,2438,東G,,302,-8,-2.58%,20,14.4倍,0.85倍,2.32%
20260616,2552,ＪＴＰ,2488,東S,,"1,310",-4,-0.30%,20,10.3倍,1.78倍,3.82%
20260616,2553,イフジ産業,2924,東S,,"2,100",-20,-0.94%,20,8.46倍,1.36倍,3.29%
20260616,2554,ティムス,4891,東G,,119,-1,-0.83%,20,ー倍,2.14倍,ー%
20260616,2555,ファーストＡ,5588,東G,,719,-9,-1.24%,20,38.5倍,5.28倍,0.54%
20260616,2556,ＧＸオフ日Ｒ,2096,東Ｅ,,983,-23,-2.29%,20,ー倍,ー倍,ー%
20260616,2557,魁力屋,5891,東S,,"1,605",-3,-0.19%,20,36.4倍,1.85倍,1.43%
20260616,2558,ｉＳ米増配株,2014,東Ｅ,,310.7,-0.8,-0.26%,20,ー倍,ー倍,ー%
20260616,2559,ｉＳインド株,201A,東Ｅ,,180.9,-1.1,-0.60%,20,ー倍,ー倍,ー%
20260616,2560,ロゴスＨＤ,205A,東G,,"1,590",-5,-0.31%,20,7.55倍,1.92倍,3.99%
20260616,2561,サイプレス,428A,東S,,"1,185",-22,-1.82%,20,29.0倍,5.92倍,0.84%
20260616,2562,ｉＳ円高ハン,488A,東Ｅ,,767.2,-0.6,-0.08%,20,ー倍,ー倍,ー%
20260616,2563,ベガコーポ,3542,東G,,"1,300",-11,-0.84%,20,15.0倍,1.91倍,1.38%
20260616,2564,ＡＭＩ,3773,東G,,"1,015",-3,-0.29%,20,14.0倍,1.10倍,2.17%
20260616,2565,ネクスジェン,3842,東S,,883,-27,-2.97%,20,9.75倍,1.14倍,3.40%
20260616,2566,前沢給装,6485,東S,,"1,449",+9,+0.63%,20,14.8倍,0.72倍,4.14%
20260616,2567,ＮＩＴＴＡＮ,6493,東S,,483,-4,-0.82%,20,7.73倍,0.45倍,4.14%
20260616,2568,宮入バ,6495,東S,,141,-1,-0.70%,20,84.9倍,1.71倍,1.42%
20260616,2569,広ガス,9535,東P,,390,-3,-0.76%,20,12.2倍,0.37倍,3.08%
20260616,2570,ＳＰＫ,7466,東P,,"1,238",+9,+0.73%,20,9.16倍,0.86倍,3.31%
20260616,2571,アルビス,7475,東P,,"2,447",-13,-0.53%,20,15.2倍,0.62倍,2.86%
20260616,2572,竹田ｉＰ,7875,東S,,733,-7,-0.95%,20,10.8倍,0.62倍,3.21%
20260616,2573,ムトー精工,7927,東S,,"2,170",-38,-1.72%,20,7.54倍,0.72倍,5.39%
20260616,2574,マミヤＯＰ,7991,東S,,"1,070",0,0.00%,20,9.21倍,0.42倍,4.67%
20260616,2575,ノムラシス,3940,東S,,113,-3,-2.59%,20,14.1倍,1.54倍,3.14%
20260616,2576,日化産,4094,東S,,"2,052",-28,-1.35%,20,32.0倍,0.79倍,4.39%
20260616,2577,チタン,4098,東S,,"1,029",-43,-4.01%,20,14.6倍,0.58倍,1.17%
20260616,2578,ニチバン,4218,東P,,"1,835",-6,-0.33%,20,16.1倍,0.84倍,2.18%
20260616,2579,エーアイ,4388,東S,,384,+31,+8.78%,20,39.1倍,1.06倍,ー%
20260616,2580,ヴィッツ,4440,東S,,"1,078",-37,-3.32%,20,9.91倍,1.42倍,1.67%
20260616,2581,ＳＭＥＪ,4772,東G,,67,+2,+3.08%,20,30.7倍,1.09倍,1.49%
20260616,2582,ＷＡ,7683,東P,,"1,404",-5,-0.35%,20,30.4倍,2.52倍,1.21%
20260616,2583,スタメン,4019,東G,,573,+4,+0.70%,20,18.9倍,3.35倍,1.40%
20260616,2584,ココナラ,4176,東G,,242,-1,-0.41%,20,15.1倍,2.57倍,ー%
20260616,2585,ＡＩｉｎｓ,4488,東G,,"1,991",+21,+1.07%,19,21.8倍,1.59倍,ー%
20260616,2586,ＴＷＯＳＴ,7352,東G,,310,-8,-2.52%,19,20.9倍,3.72倍,0.32%
20260616,2587,ジーネクスト,4179,東G,Ｓ,700,+100,+16.67%,19,ー倍,50.0倍,ー%
20260616,2588,船場,6540,東S,,"1,469",-17,-1.14%,19,9.82倍,1.12倍,5.31%
20260616,2589,オープンＧ,6572,東P,,199,-2,-1.00%,19,17.1倍,1.05倍,3.27%
20260616,2590,ＡＲアドバン,5578,東G,,822,-7,-0.84%,19,11.1倍,3.38倍,0.85%
20260616,2591,マテリアルＧ,156A,東G,,821,0,0.00%,19,12.7倍,3.63倍,3.18%
20260616,2592,ｉＦ高リート,210A,東Ｅ,,"1,568",-42,-2.61%,19,ー倍,ー倍,ー%
20260616,2593,ＧＸウラン,224A,東Ｅ,,"1,775",+50,+2.90%,19,ー倍,ー倍,ー%
20260616,2594,Ｓｃｈｏｏ,264A,東G,,275,+3,+1.10%,19,15.1倍,1.88倍,ー%
20260616,2595,北野建,1866,東S,,"1,006",+4,+0.40%,19,6.99倍,0.47倍,2.98%
20260616,2596,手間いらず,2477,東S,,"2,199",-38,-1.70%,19,11.8倍,2.01倍,1.82%
20260616,2597,高千穂交易,2676,東P,,"2,117",+1,+0.05%,19,24.0倍,2.25倍,3.59%
20260616,2598,夢展望,3185,東G,,142,-5,-3.40%,19,ー倍,138倍,ー%
20260616,2599,ユニネク,3566,東G,,889,-41,-4.41%,19,15.0倍,2.36倍,0.67%
20260616,2600,モルフォ,3653,東G,,578,+8,+1.40%,19,ー倍,1.01倍,ー%
20260616,2601,ファルコム,3723,東G,,"2,430",+55,+2.32%,19,16.0倍,2.23倍,0.41%
20260616,2602,ユビＡＩ,3858,東S,,288,-6,-2.04%,19,ー倍,1.58倍,ー%
20260616,2603,Ｄｅｆコン,4833,東G,,44,-1,-2.22%,19,ー倍,1.33倍,ー%
20260616,2604,アドベンチャ,6030,東G,,"1,220",+4,+0.33%,19,8.76倍,0.95倍,ー%
20260616,2605,ＮＥ,441A,東G,,214,-7,-3.17%,19,7.00倍,1.54倍,ー%
20260616,2606,ＳＳ金,447A,東Ｅ,,275.2,+0.7,+0.26%,19,ー倍,ー倍,ー%
20260616,2607,ＳＩＧＧ,4386,東S,,806,-19,-2.30%,19,9.14倍,1.64倍,4.09%
20260616,2608,ヒトコムＨＤ,4433,東P,,831,-3,-0.36%,19,11.5倍,0.86倍,4.51%
20260616,2609,扶桑薬,4538,東P,,"2,051",-6,-0.29%,19,13.5倍,0.50倍,4.39%
20260616,2610,ＤＷセラピ研,4576,東G,,70,0,0.00%,19,ー倍,3.06倍,ー%
20260616,2611,カイオム,4583,東G,,68,-1,-1.45%,19,ー倍,3.90倍,ー%
20260616,2612,アルファ,4719,東P,,"3,190",+40,+1.27%,19,12.3倍,0.99倍,4.39%
20260616,2613,セントラルＳ,4801,東P,,"2,372",+11,+0.47%,19,18.1倍,1.00倍,1.69%
20260616,2614,アドヴァンＧ,7463,東S,,909,-8,-0.87%,19,ー倍,0.51倍,4.40%
20260616,2615,和心,9271,東G,,889,-21,-2.31%,19,8.57倍,4.14倍,1.35%
20260616,2616,杉村倉,9307,東S,,926,-12,-1.28%,19,17.6倍,0.85倍,1.62%
20260616,2617,両毛システム,9691,東S,,"5,180",-10,-0.19%,19,ー倍,1.11倍,ー%
20260616,2618,神奈交,9081,東P,,"3,525",+30,+0.86%,18,11.6倍,0.68倍,2.55%
20260616,2619,スマバ,9417,東S,,309,-6,-1.90%,18,ー倍,2.17倍,3.24%
20260616,2620,石塚硝,5204,東S,,"2,778",-32,-1.14%,18,5.39倍,0.31倍,2.59%
20260616,2621,アサヒエイト,5341,東S,,188,-6,-3.09%,18,ー倍,1.49倍,ー%
20260616,2622,Ａ＆ＡＭ,5391,東S,,"1,398",-12,-0.85%,18,6.44倍,0.45倍,5.01%
20260616,2623,ファインシン,5994,東S,,950,-18,-1.86%,18,8.13倍,0.28倍,2.63%
20260616,2624,エンバイオＨ,6092,東S,,727,+4,+0.55%,18,8.55倍,0.64倍,3.30%
20260616,2625,ＧＸ優先証券,2866,東Ｅ,,"1,015",-1,-0.10%,18,ー倍,ー倍,ー%
20260616,2626,ベースフード,2936,東G,,285,-3,-1.04%,18,ー倍,11.2倍,ー%
20260616,2627,インテＧ,192A,東G,,"1,237",-12,-0.96%,18,34.2倍,1.48倍,ー%
20260616,2628,ポスプラ,198A,東G,,129,-3,-2.27%,18,ー倍,1.89倍,ー%
20260616,2629,ｉＳ日本国債,2561,東Ｅ,,"2,023",-12,-0.59%,18,ー倍,ー倍,ー%
20260616,2630,人・夢・技術,9248,東S,,"1,524",-4,-0.26%,18,11.0倍,0.59倍,3.94%
20260616,2631,テクノメデカ,6678,東S,,"1,975",-26,-1.30%,18,17.1倍,0.91倍,4.71%
20260616,2632,ＴＢグループ,6775,東S,,117,-5,-4.10%,18,163倍,3.41倍,ー%
20260616,2633,ぷらっと,6836,東S,,670,-21,-3.04%,18,63.6倍,7.26倍,ー%
20260616,2634,デリカフＨＤ,3392,東S,,806,-4,-0.49%,18,7.48倍,1.25倍,3.35%
20260616,2635,Ｊ－ＭＡＸ,3422,東S,,481,+4,+0.84%,18,5.52倍,0.29倍,1.66%
20260616,2636,信和,3447,東S,,904,+2,+0.22%,18,7.66倍,0.72倍,3.98%
20260616,2637,バロック,3548,東P,,724,-4,-0.55%,18,35.1倍,1.77倍,5.25%
20260616,2638,ドリコム,3793,東G,,387,-5,-1.28%,18,18.6倍,2.24倍,1.29%
20260616,2639,タナケン,1450,東S,,"1,302",-28,-2.11%,18,8.09倍,1.21倍,4.22%
20260616,2640,Ｏｎｅ高配当,1494,東Ｅ,,"42,880",-300,-0.69%,18,ー倍,ー倍,ー%
20260616,2641,ＷＴコーン,1696,東Ｅ,,"2,713",+7,+0.26%,18,ー倍,ー倍,ー%
20260616,2642,ファンタジス,1783,東S,,53,-1,-1.85%,18,36.6倍,1.56倍,ー%
20260616,2643,若築建,1888,東P,,"3,300",-30,-0.90%,18,9.55倍,0.78倍,4.39%
20260616,2644,日基技,1914,東S,,658,-11,-1.64%,18,7.97倍,0.49倍,4.56%
20260616,2645,ｆｏｎｆｕｎ,2323,東S,,289,-10,-3.34%,18,13.6倍,4.54倍,ー%
20260616,2646,エヌアイデイ,2349,東S,,"2,301",-47,-2.00%,18,9.98倍,1.04倍,1.30%
20260616,2647,ジーフット,2686,東S,,297,0,0.00%,18,ー倍,-5.4倍,ー%
20260616,2648,ムラキ,7477,東S,,"2,020",+55,+2.80%,18,ー倍,1.04倍,ー%
20260616,2649,リックス,7525,東P,,"3,460",-45,-1.28%,18,9.35倍,0.98倍,4.68%
20260616,2650,ＣＬＨＤ,4286,東S,,"1,117",+15,+1.36%,18,10.9倍,1.54倍,2.78%
20260616,2651,チムスピ,4397,東G,,355,-1,-0.28%,18,16.9倍,4.60倍,ー%
20260616,2652,大幸薬品,4574,東P,,263,+3,+1.15%,18,24.0倍,1.60倍,1.33%
20260616,2653,ファルコＨＤ,4671,東S,,"2,545",-20,-0.78%,18,12.6倍,0.99倍,5.03%
20260616,2654,インテリクス,463A,東S,,874,-13,-1.47%,18,6.05倍,0.61倍,5.38%
20260616,2655,ソフトテック,550A,東S,,"1,979",+4,+0.20%,18,8.60倍,1.31倍,3.54%
20260616,2656,ＧＸ銅ビジ,580A,東Ｅ,,"1,025",+15,+1.49%,18,ー倍,ー倍,ー%
20260616,2657,ホクシン,7897,東S,,99,0,0.00%,18,21.6倍,0.48倍,2.02%
20260616,2658,ＷＴ穀物,1688,東Ｅ,,525.0,-3.6,-0.68%,17,ー倍,ー倍,ー%
20260616,2659,ヤマウラ,1780,東P,,"1,387",-11,-0.79%,17,9.67倍,1.00倍,2.60%
20260616,2660,佐田建,1826,東S,,"1,004",-6,-0.59%,17,13.3倍,1.07倍,5.98%
20260616,2661,中村屋,2204,東S,,"3,120",+20,+0.65%,17,18.8倍,0.62倍,2.40%
20260616,2662,野村欧州株Ｈ,2859,東Ｅ,,"3,136",-28,-0.88%,17,ー倍,ー倍,ー%
20260616,2663,ジャパニアス,9558,東G,,"1,908",+8,+0.42%,17,9.64倍,2.26倍,5.29%
20260616,2664,ＦＩＸＥＲ,5129,東G,,238,-6,-2.46%,17,ー倍,1.48倍,ー%
20260616,2665,テリロジＨＤ,5133,東S,,277,-4,-1.42%,17,11.0倍,1.45倍,1.95%
20260616,2666,ＧＸＳカバコ,2868,東Ｅ,,"1,132",+2,+0.18%,17,ー倍,ー倍,ー%
20260616,2667,野村Ａ成長,2083,東Ｅ,,"3,902",+6,+0.15%,17,ー倍,ー倍,ー%
20260616,2668,伊沢タオル,365A,東S,,719,0,0.00%,17,10.9倍,1.69倍,5.84%
20260616,2669,ＲｅＹｕｕ,9425,東S,,159,-3,-1.85%,17,ー倍,0.86倍,ー%
20260616,2670,ネクスウェア,4814,東S,,149,-4,-2.61%,17,63.1倍,2.49倍,ー%
20260616,2671,ＡＮＡＰＨＤ,3189,東S,,108,+2,+1.89%,17,ー倍,0.87倍,ー%
20260616,2672,ＧＭＯペパボ,3633,東S,,"1,582",+4,+0.25%,17,11.1倍,3.36倍,5.88%
20260616,2673,ＦフォースＧ,7068,東G,,455,+1,+0.22%,17,7.48倍,3.36倍,2.20%
20260616,2674,サイバーバズ,7069,東G,,"1,185",-13,-1.09%,17,13.1倍,5.43倍,ー%
20260616,2675,日本インシュ,5368,東S,,915,-7,-0.76%,17,10.8倍,0.54倍,4.37%
20260616,2676,ＧＸロジ日Ｒ,2565,東Ｅ,,882,-16,-1.78%,17,ー倍,ー倍,ー%
20260616,2677,カラダノート,4014,東G,,461,-13,-2.74%,17,12.7倍,4.92倍,ー%
20260616,2678,交換できる,7695,東G,,716,-15,-2.05%,17,21.4倍,2.61倍,ー%
20260616,2679,ニフティＬＳ,4262,東G,,"1,339",+21,+1.59%,17,10.2倍,1.37倍,4.78%
20260616,2680,ＢｅｅＸ,4270,東G,,"1,831",-58,-3.07%,17,9.08倍,1.35倍,1.37%
20260616,2681,Ｔスマート,6246,東S,,"1,808",+16,+0.89%,17,14.8倍,1.00倍,5.09%
20260616,2682,ＬＴＳ,6560,東P,,"1,758",+86,+5.14%,17,7.37倍,1.58倍,2.28%
20260616,2683,ジーニー,6562,東G,,916,+12,+1.33%,17,7.46倍,ー倍,ー%
20260616,2684,新コスモス,6824,東S,,"4,470",+50,+1.13%,17,13.7倍,1.02倍,2.13%
20260616,2685,ＭＸＳＰ等ウ,383A,東Ｅ,,"2,592",+2,+0.08%,17,ー倍,ー倍,ー%
20260616,2686,ＵＮＩＣＯＮ,407A,東S,,865,-21,-2.37%,17,7.78倍,2.20倍,5.20%
20260616,2687,サイバＳＯＬ,436A,東G,,970,-20,-2.02%,17,12.8倍,3.61倍,3.92%
20260616,2688,ｉＳシルバー,568A,東Ｅ,,182.6,-0.6,-0.33%,17,ー倍,ー倍,ー%
20260616,2689,ブリッジ－Ｇ,7039,東G,,"1,695",+8,+0.47%,17,8.79倍,1.34倍,5.60%
20260616,2690,ハウテレ,7064,東S,,827,+3,+0.36%,17,83.2倍,1.49倍,ー%
20260616,2691,岡谷鋼機,7485,名P,,"4,790",+5,+0.10%,17,6.58倍,0.37倍,1.80%
20260616,2692,万世電機,7565,東S,,"6,100",ー,ー%,17,ー倍,0.75倍,ー%
20260616,2693,ヤマノＨＤ,7571,東S,,87,+3,+3.57%,17,23.7倍,2.03倍,1.72%
20260616,2694,ＮＥＷＡＲＴ,7638,東S,,"1,326",-4,-0.30%,17,9.10倍,2.04倍,6.03%
20260616,2695,国際計測,7722,東S,,749,-10,-1.32%,17,10.1倍,0.81倍,5.34%
20260616,2696,シード,7743,東S,,487,-4,-0.81%,17,10.9倍,0.76倍,3.08%
20260616,2697,岩塚製菓,2221,東S,,"3,005",-10,-0.33%,17,23.7倍,0.44倍,1.06%
20260616,2698,ＷＤＩ,3068,東S,,"2,860",+1,+0.03%,17,51.2倍,2.73倍,0.59%
20260616,2699,きちりＨＤ,3082,東S,,973,-6,-0.61%,17,31.4倍,5.25倍,0.77%
20260616,2700,イサム,4624,東S,,"3,445",-120,-3.37%,17,ー倍,0.36倍,ー%
20260616,2701,タイガポリ,4231,東S,,968,-10,-1.02%,16,7.81倍,0.40倍,3.93%
20260616,2702,タカギセイコ,4242,東S,,"1,885",+35,+1.89%,16,8.51倍,0.42倍,3.18%
20260616,2703,有機薬,4531,東S,,325,-10,-2.99%,16,ー倍,0.52倍,3.08%
20260616,2704,エスケー化研,4628,東S,,"9,640",-10,-0.10%,16,13.7倍,0.74倍,1.87%
20260616,2705,明光ネット,4668,東P,,680,-1,-0.15%,16,17.1倍,1.35倍,4.12%
20260616,2706,さくらさく,7097,東G,,"2,798",+15,+0.54%,16,14.9倍,1.85倍,1.00%
20260616,2707,オーケーエム,6229,東S,,"1,505",+13,+0.87%,16,9.00倍,0.61倍,3.32%
20260616,2708,フルハシＥ,9221,東S,,"1,156",-21,-1.78%,16,15.0倍,2.16倍,2.77%
20260616,2709,オープンＷ,5139,東G,,969,-4,-0.41%,16,20.9倍,2.77倍,0.93%
20260616,2710,インシュア,5843,東S,,"2,050",+9,+0.44%,16,9.53倍,2.04倍,1.07%
20260616,2711,クワザワＨＤ,8104,東S,,652,+24,+3.82%,16,8.39倍,0.56倍,4.60%
20260616,2712,ソマール,8152,東S,,"7,260",+60,+0.83%,16,5.60倍,0.63倍,1.38%
20260616,2713,アクシーズ,1381,東S,,"3,700",+5,+0.14%,16,8.66倍,0.89倍,3.04%
20260616,2714,ホクリヨウ,1384,東S,,"2,078",+1,+0.05%,16,7.74倍,1.00倍,3.85%
20260616,2715,Ｏｎｅ中小型,1493,東Ｅ,,"25,280",+125,+0.50%,16,ー倍,ー倍,ー%
20260616,2716,野村医薬品,1621,東Ｅ,,"28,600",-30,-0.10%,16,ー倍,ー倍,ー%
20260616,2717,ＷＴアルミ,1692,東Ｅ,,705.1,-38.4,-5.16%,16,ー倍,ー倍,ー%
20260616,2718,ＫＳＫ,9687,東S,,"4,300",+5,+0.12%,16,11.3倍,1.42倍,4.42%
20260616,2719,日エンター,4829,東S,,101,0,0.00%,16,86.3倍,0.83倍,2.97%
20260616,2720,駒井ハルテク,5915,東S,,"2,248",+5,+0.22%,16,68.7倍,0.29倍,3.11%
20260616,2721,浅香工,5962,東S,,"1,857",+157,+9.24%,16,10.5倍,0.39倍,2.69%
20260616,2722,エーワン精密,6156,東S,,"1,998",-4,-0.20%,16,45.8倍,1.40倍,5.01%
20260616,2723,ワッツ,2735,東S,,603,-3,-0.50%,16,8.89倍,0.60倍,3.32%
20260616,2724,ＢＲＵＮＯ,3140,東G,,"1,068",0,0.00%,16,40.3倍,2.66倍,0.37%
20260616,2725,ＭＸ米株ＡＩ,552A,東Ｅ,,"2,663",+4,+0.15%,16,ー倍,ー倍,ー%
20260616,2726,フリージア,6343,東S,,132,+2,+1.54%,16,3.71倍,0.35倍,0.45%
20260616,2727,帝通工,6763,東P,,"2,849",-68,-2.33%,16,18.8倍,0.92倍,4.39%
20260616,2728,大井電気,6822,東S,,"5,500",-10,-0.18%,16,3.68倍,0.82倍,1.45%
20260616,2729,電業社,6365,東S,,"5,410",-90,-1.64%,15,8.81倍,0.73倍,3.51%
20260616,2730,ヤーマン,6630,東P,,714,-3,-0.42%,15,112倍,1.62倍,1.26%
20260616,2731,大同信,6743,東S,,820,-24,-2.84%,15,6.85倍,0.47倍,4.39%
20260616,2732,池上通,6771,東S,,625,-22,-3.40%,15,8.02倍,0.28倍,2.40%
20260616,2733,ツインバード,6897,東S,,392,-4,-1.01%,15,92.9倍,0.64倍,3.32%
20260616,2734,ケイヒン,9312,東S,,"2,807",-34,-1.20%,15,5.39倍,0.54倍,4.99%
20260616,2735,セレスポ,9625,東S,,"1,078",+5,+0.47%,15,8.69倍,0.60倍,4.64%
20260616,2736,ソレキア,9867,東S,,"10,190",+80,+0.79%,15,6.33倍,0.69倍,0.69%
20260616,2737,ＡＩセレクト,162A,東EN,,"17,670",+150,+0.86%,15,ー倍,ー倍,ー%
20260616,2738,アズパートナ,160A,東S,,"1,934",-9,-0.46%,15,5.31倍,1.34倍,4.14%
20260616,2739,ガーデン,274A,東S,,"2,183",-3,-0.14%,15,18.6倍,2.03倍,4.12%
20260616,2740,Ｓワイヤー,3929,東G,,260,-10,-3.70%,15,9.31倍,1.72倍,ー%
20260616,2741,サインポスト,3996,東S,,175,+3,+1.74%,15,33.9倍,1.19倍,ー%
20260616,2742,エイジス,4659,東S,,"4,425",0,0.00%,15,ー倍,1.41倍,ー%
20260616,2743,川崎地質,4673,東S,,"4,325",-95,-2.15%,15,5.10倍,0.67倍,2.77%
20260616,2744,ビザスク,4490,東G,,590,+2,+0.34%,15,7.30倍,3.15倍,ー%
20260616,2745,Ｅｎｊｉｎ,7370,東G,,708,+2,+0.28%,15,17.4倍,1.11倍,5.65%
20260616,2746,サインド,4256,東G,,901,-38,-4.05%,15,29.1倍,1.57倍,ー%
20260616,2747,純パラ信託,1543,東Ｅ,,"60,570",+230,+0.38%,15,ー倍,ー倍,ー%
20260616,2748,野村素材化学,1620,東Ｅ,,"38,830",-380,-0.97%,15,ー倍,ー倍,ー%
20260616,2749,ｉＳ米リート,1659,東Ｅ,,"3,945",-19,-0.48%,15,ー倍,ー倍,ー%
20260616,2750,バルニバービ,3418,東G,,"1,101",+1,+0.09%,15,26.9倍,1.97倍,0.68%
20260616,2751,アレンザＨＤ,3546,東P,,"1,456",-1,-0.07%,15,ー倍,1.36倍,ー%
20260616,2752,ツツミ,7937,東S,,"2,706",-11,-0.40%,15,15.1倍,0.60倍,4.25%
20260616,2753,ナカバヤシ,7987,東S,,553,-2,-0.36%,15,7.69倍,0.49倍,3.98%
20260616,2754,アドバンＲＭ,8769,東S,,463,-5,-1.07%,15,8.61倍,1.68倍,4.10%
20260616,2755,ドーン,2303,東S,,"1,216",-12,-0.98%,15,16.6倍,2.51倍,1.15%
20260616,2756,ファンコミ,2461,東P,,414,+1,+0.24%,15,19.0倍,1.68倍,5.07%
20260616,2757,篠崎屋,2926,東S,,98,+1,+1.03%,15,ー倍,1.24倍,ー%
20260616,2758,アプライド,3020,東S,,"4,000",+35,+0.88%,15,5.03倍,0.78倍,2.50%
20260616,2759,洋シヤタ,5936,東S,,909,-6,-0.66%,15,7.19倍,0.55倍,4.73%
20260616,2760,Ｇキッズ,6189,東S,,964,+27,+2.88%,15,14.1倍,1.15倍,4.15%
20260616,2761,島根銀行,7150,東S,,486,-6,-1.22%,15,26.8倍,0.75倍,2.06%
20260616,2762,日本モゲジＳ,7192,東S,,565,-10,-1.74%,14,9.13倍,0.87倍,5.31%
20260616,2763,小津産業,7487,東S,,"1,701",-3,-0.18%,14,33.3倍,0.73倍,1.47%
20260616,2764,中本パックス,7811,東S,,"1,856",-11,-0.59%,14,7.52倍,0.78倍,3.99%
20260616,2765,アトネイチャ,7823,東S,,851,0,0.00%,14,22.8倍,0.99倍,3.29%
20260616,2766,ｃｏｔｔａ,3359,東G,,502,-10,-1.95%,14,8.48倍,1.13倍,1.99%
20260616,2767,電算,3640,東S,,"2,216",-38,-1.69%,14,7.23倍,0.76倍,4.51%
20260616,2768,ソフトＭＡＸ,3671,東S,,286,+1,+0.35%,14,11.9倍,1.79倍,3.50%
20260616,2769,アイフリーク,3845,東S,,193,-7,-3.50%,14,"4,825倍",4.43倍,ー%
20260616,2770,ピックルス,2935,東P,,"1,103",+5,+0.46%,14,11.2倍,0.70倍,2.63%
20260616,2771,アクシスＣ,9344,東G,,950,0,0.00%,14,19.7倍,1.50倍,3.68%
20260616,2772,Ｄサイクル,5888,東G,,"2,980",-35,-1.16%,14,8.17倍,1.26倍,2.45%
20260616,2773,エルイズビー,145A,東G,,780,-20,-2.50%,14,22.3倍,2.10倍,ー%
20260616,2774,カドスＣ,211A,東S,,"3,420",+70,+2.09%,14,10.8倍,0.78倍,5.26%
20260616,2775,トリニ工,6382,東S,,"1,233",+2,+0.16%,14,10.2倍,0.57倍,4.95%
20260616,2776,丸建リース,9763,東S,,"1,196",+8,+0.67%,14,8.13倍,0.63倍,4.52%
20260616,2777,学究社,9769,東P,,"2,472",-39,-1.55%,14,12.3倍,3.29倍,5.14%
20260616,2778,ナック,9788,東P,,493,+1,+0.20%,14,11.7倍,0.86倍,4.46%
20260616,2779,カネコ種,1376,東S,,"1,413",-10,-0.70%,14,10.3倍,0.61倍,3.40%
20260616,2780,サンヨーＨ,1420,東S,,620,-9,-1.43%,14,5.47倍,0.45倍,4.03%
20260616,2781,１ｓｔコーポ,1430,東S,,900,-6,-0.66%,14,5.87倍,1.05倍,5.11%
20260616,2782,ブルボン,2208,東S,,"2,924",-20,-0.68%,14,17.2倍,1.05倍,1.50%
20260616,2783,ステムリム,4599,東G,,284,-1,-0.35%,14,ー倍,3.87倍,ー%
20260616,2784,アミファ,7800,東S,,835,-16,-1.88%,14,3.95倍,1.07倍,3.59%
20260616,2785,紀文食品,2933,東P,,"1,044",-1,-0.10%,14,9.31倍,0.93倍,2.20%
20260616,2786,ケミプロ,4960,東S,,515,0,0.00%,14,ー倍,1.66倍,ー%
20260616,2787,西部電機,6144,東S,,"2,772",-58,-2.05%,14,13.9倍,1.24倍,3.25%
20260616,2788,メタリアル,6182,東G,,498,-4,-0.80%,14,33.9倍,2.70倍,ー%
20260616,2789,ＤＡＩＫＯＸ,8023,東S,,924,-15,-1.60%,14,6.69倍,0.85倍,4.11%
20260616,2790,千趣会,8165,東S,,116,-2,-1.69%,14,4.02倍,0.34倍,ー%
20260616,2791,メディネット,2370,東G,,25,-1,-3.85%,14,ー倍,1.96倍,ー%
20260616,2792,オルバヘルス,2689,東S,,"2,000",+2,+0.10%,14,8.98倍,0.94倍,4.00%
20260616,2793,極楽湯ＨＤ,2340,東S,,480,+1,+0.21%,13,ー倍,3.30倍,1.25%
20260616,2794,総医研ＨＤ,2385,東G,,240,-4,-1.64%,13,52.3倍,1.02倍,4.17%
20260616,2795,日食品,2892,東S,,"3,980",+60,+1.53%,13,12.7倍,0.63倍,3.77%
20260616,2796,なとり,2922,東P,,"1,904",+4,+0.21%,13,16.4倍,0.87倍,1.58%
20260616,2797,メディアス,3154,東P,,850,-5,-0.58%,13,14.5倍,0.90倍,2.35%
20260616,2798,丸善ＣＨＩ,3159,東S,,347,-2,-0.57%,13,13.0倍,0.57倍,1.73%
20260616,2799,ＡＰＨＤ,3175,東S,,920,-8,-0.86%,13,20.1倍,-50倍,ー%
20260616,2800,野村ボベスパ,1325,東Ｅ,,296.0,-5.8,-1.92%,13,ー倍,ー倍,ー%
20260616,2801,ｉＳ米債７Ｈ,1482,東Ｅ,,"1,573",-4,-0.25%,13,ー倍,ー倍,ー%
20260616,2802,野村情通サ他,1626,東Ｅ,,"43,340",-320,-0.73%,13,ー倍,ー倍,ー%
20260616,2803,野村独株Ｈ有,2860,東Ｅ,,"3,136",-19,-0.60%,13,ー倍,ー倍,ー%
20260616,2804,トリドリ,9337,東G,,"1,616",-17,-1.04%,13,11.9倍,2.82倍,ー%
20260616,2805,ｉＦＳＰベ,2238,東Ｅ,,"5,297",-22,-0.41%,13,ー倍,ー倍,ー%
20260616,2806,ノバシステム,5257,東S,,"2,519",+22,+0.88%,13,7.95倍,1.50倍,4.17%
20260616,2807,ジョイフル,9942,福証,,"1,225",+3,+0.25%,13,12.0倍,2.58倍,0.82%
20260616,2808,ジンジブ,142A,東G,,714,+8,+1.13%,13,6.94倍,3.61倍,ー%
20260616,2809,ＡＩＦＣＧ,254A,東S,,"1,001",+3,+0.30%,13,17.4倍,1.86倍,ー%
20260616,2810,令和ＡＨ,296A,東G,,766,-3,-0.39%,13,19.9倍,10.9倍,4.31%
20260616,2811,北電工,6989,東S,,"2,298",-7,-0.30%,13,15.0倍,0.70倍,4.13%
20260616,2812,ＮＡＴＴＹ,7674,東G,,"2,683",+7,+0.26%,13,656倍,5.05倍,ー%
20260616,2813,ウイルプラス,3538,東S,,907,-3,-0.33%,13,7.34倍,0.72倍,5.07%
20260616,2814,トーシンＨＤ,9444,東S,,212,-13,-5.78%,13,ー倍,0.49倍,ー%
20260616,2815,ウィルソンＷ,9610,東S,,96,+1,+1.05%,13,ー倍,1.39倍,ー%
20260616,2816,ＫＮＴＣＴ,9726,東S,,"1,909",-25,-1.29%,13,9.11倍,2.85倍,0.52%
20260616,2817,藤井産業,9906,東S,,"3,695",-15,-0.40%,13,8.22倍,0.75倍,4.33%
20260616,2818,ＫＯＺＯＨＤ,9973,東S,,19,0,0.00%,13,106倍,10.1倍,ー%
20260616,2819,すららネット,3998,東G,,308,0,0.00%,13,ー倍,0.88倍,ー%
20260616,2820,フジプレアム,4237,東S,,315,-4,-1.25%,13,31.5倍,1.17倍,1.90%
20260616,2821,ニイタカ,4465,東S,,"2,069",-39,-1.85%,13,8.18倍,0.77倍,3.67%
20260616,2822,わかもと,4512,東S,,250,+4,+1.63%,13,37.7倍,0.72倍,1.40%
20260616,2823,メドレックス,4586,東G,,56,+2,+3.70%,13,ー倍,1.87倍,ー%
20260616,2824,協立電機,6874,東S,,"2,655",+60,+2.31%,13,8.74倍,0.98倍,3.39%
20260616,2825,築地魚,8039,東S,,"3,695",-25,-0.67%,13,16.4倍,1.16倍,0.95%
20260616,2826,三ッ星,5820,東S,,660,-18,-2.65%,13,9.32倍,0.37倍,2.58%
20260616,2827,イーガーディ,6050,東P,,"1,665",+4,+0.24%,13,18.7倍,1.61倍,2.28%
20260616,2828,ライドオンＥ,6082,東S,,973,+3,+0.31%,13,ー倍,1.08倍,1.54%
20260616,2829,シンメンテ,6086,東G,,"1,008",-16,-1.56%,13,14.4倍,4.11倍,2.18%
20260616,2830,スカラ,4845,東S,,336,+1,+0.30%,12,14.0倍,1.24倍,5.06%
20260616,2831,ヨシコン,5280,東S,,"2,128",+2,+0.09%,12,5.24倍,0.50倍,4.23%
20260616,2832,イトヨーギョ,5287,東S,,800,-12,-1.48%,12,11.8倍,0.59倍,2.50%
20260616,2833,トレンダ,6069,東G,,598,-5,-0.83%,12,10.3倍,1.08倍,6.02%
20260616,2834,アサンテ,6073,東P,,"1,396",+8,+0.58%,12,390倍,1.42倍,4.44%
20260616,2835,ミトラＧ,6093,東S,,152,+1,+0.66%,12,15.6倍,1.90倍,3.95%
20260616,2836,Ｍマート,4380,東G,,"1,148",+46,+4.17%,12,12.3倍,2.63倍,4.53%
20260616,2837,日本ラッド,4736,東S,,598,+25,+4.36%,12,19.2倍,0.90倍,1.67%
20260616,2838,アスマーク,4197,東S,,"2,200",-66,-2.91%,12,18.2倍,1.62倍,3.55%
20260616,2839,アルピコＨＤ,297A,東S,,210,0,0.00%,12,9.06倍,0.93倍,2.38%
20260616,2840,ヒューマン,2415,東S,,"1,597",-16,-0.99%,12,6.76倍,0.85倍,4.45%
20260616,2841,野村国内債券,2510,東Ｅ,,814.8,-4.2,-0.51%,12,ー倍,ー倍,ー%
20260616,2842,農中日経平均,2525,東Ｅ,,"70,260",+260,+0.37%,12,ー倍,ー倍,ー%
20260616,2843,ＡＦＣ－ＨＤ,2927,東S,,831,-5,-0.60%,12,7.83倍,0.75倍,4.33%
20260616,2844,マーチャント,3121,東S,,218,+5,+2.35%,12,27.4倍,1.47倍,0.92%
20260616,2845,ｉシェア４百,1364,東Ｅ,,"3,725",-6,-0.16%,12,ー倍,ー倍,ー%
20260616,2846,技研ＨＤ,1443,東S,,236,+1,+0.43%,12,5.99倍,0.30倍,0.47%
20260616,2847,野村自動車,1622,東Ｅ,,"33,200",-380,-1.13%,12,ー倍,ー倍,ー%
20260616,2848,鳥越粉,2009,東S,,"1,072",+1,+0.09%,12,22.3倍,0.69倍,4.57%
20260616,2849,ステップ,9795,東P,,"2,233",-3,-0.13%,12,12.6倍,1.25倍,3.94%
20260616,2850,旭情報,9799,東S,,866,+2,+0.23%,12,10.8倍,1.08倍,3.93%
20260616,2851,ＥＭネットＪ,7036,東G,,641,+17,+2.72%,12,18.2倍,2.95倍,ー%
20260616,2852,レシップＨＤ,7213,東S,,569,-11,-1.90%,12,6.70倍,0.79倍,4.57%
20260616,2853,寿屋,7809,東S,,"1,339",+2,+0.15%,12,21.6倍,1.33倍,3.36%
20260616,2854,プラッツ,7813,東S,,969,+4,+0.41%,12,11.9倍,0.97倍,2.48%
20260616,2855,アグレ都市,3467,東S,,"2,450",0,0.00%,12,6.14倍,1.64倍,5.71%
20260616,2856,共和レ,3553,東S,,862,-9,-1.03%,12,ー倍,0.56倍,6.03%
20260616,2857,フィスコ,3807,東G,,88,0,0.00%,12,226倍,5.85倍,ー%
20260616,2858,モバファク,3912,東S,,"1,089",+7,+0.65%,12,8.63倍,3.14倍,4.68%
20260616,2859,ＧｒｅｅｎＢ,3913,東S,,875,+17,+1.98%,12,9.78倍,1.60倍,ー%
20260616,2860,重松製,7980,東S,,781,-16,-2.01%,12,7.61倍,0.59倍,1.92%
20260616,2861,キング,8118,東S,,"1,217",-6,-0.49%,12,27.7倍,0.84倍,1.48%
20260616,2862,シキノＨＴ,6614,東S,,810,-7,-0.86%,12,43.4倍,1.55倍,1.85%
20260616,2863,ＤＮＨＤ,7377,東S,,"1,830",+5,+0.27%,12,8.44倍,0.91倍,4.10%
20260616,2864,デリバリコン,9240,東G,,408,-11,-2.63%,12,15.2倍,1.58倍,ー%
20260616,2865,ＭＣＰｓ,4360,東S,,725,0,0.00%,12,ー倍,0.52倍,2.07%
20260616,2866,フレクト,4414,東G,,"1,024",-8,-0.78%,12,7.35倍,2.47倍,ー%
20260616,2867,タカヨシＨＤ,9259,東G,,774,-5,-0.64%,12,8.35倍,1.30倍,3.88%
20260616,2868,鈴茂器工,6405,東S,,"1,028",-3,-0.29%,12,18.2倍,0.89倍,3.40%
20260616,2869,水道機,6403,東S,,"4,015",0,0.00%,11,ー倍,1.46倍,ー%
20260616,2870,ＡＳＴＩ,6899,東S,,"2,244",+36,+1.63%,11,10.0倍,0.28倍,3.57%
20260616,2871,ＴＢＫ,7277,東S,,312,0,0.00%,11,16.5倍,0.32倍,2.56%
20260616,2872,京都友禅ＨＤ,7615,東S,,95,0,0.00%,11,18.9倍,0.64倍,1.58%
20260616,2873,粧美堂,7819,東S,,811,-4,-0.49%,11,9.76倍,1.42倍,4.07%
20260616,2874,永大産業,7822,東S,,239,-4,-1.65%,11,5.28倍,0.25倍,4.18%
20260616,2875,南プラ,7887,東S,,"1,585",+47,+3.06%,11,5.12倍,0.29倍,2.52%
20260616,2876,プロパテクノ,5527,東G,,610,0,0.00%,11,5.84倍,0.92倍,4.10%
20260616,2877,テクノロジー,5248,東G,,472,+11,+2.39%,11,ー倍,5.67倍,ー%
20260616,2878,フュージック,5256,東G,,"2,320",-25,-1.07%,11,174倍,2.35倍,ー%
20260616,2879,ＷＴＯＫＹＯ,9159,東G,,"1,888",-6,-0.32%,11,14.8倍,2.54倍,ー%
20260616,2880,雨風太陽,5616,東G,,624,-28,-4.29%,11,50.4倍,4.62倍,ー%
20260616,2881,ＰＲＩＳＭバ,206A,東G,,133,0,0.00%,11,ー倍,2.32倍,ー%
20260616,2882,ＥＴＳ・Ｇ,253A,東S,,"1,052",-5,-0.47%,11,13.5倍,1.78倍,2.19%
20260616,2883,タレントＸ,330A,東G,,396,-6,-1.49%,11,20.9倍,2.56倍,ー%
20260616,2884,美濃窯,5356,東S,,"1,386",+20,+1.46%,11,10.2倍,0.90倍,3.75%
20260616,2885,高田機,5923,東S,,"1,071",0,0.00%,11,28.4倍,0.30倍,4.67%
20260616,2886,ブロメディア,4347,東S,,"1,586",-31,-1.92%,11,12.7倍,2.23倍,4.10%
20260616,2887,ＫｅｙＨ,4712,東S,,805,0,0.00%,11,15.2倍,0.67倍,1.37%
20260616,2888,ポエック,9264,東S,,"1,627",+16,+0.99%,11,10.7倍,1.75倍,4.61%
20260616,2889,東北新社,2329,東S,,531,-2,-0.38%,11,ー倍,0.85倍,ー%
20260616,2890,ベクターＨＤ,2656,東S,,176,-1,-0.56%,11,16.3倍,5.36倍,ー%
20260616,2891,ポラリスＨＤ,3010,東S,,168,+1,+0.60%,11,24.6倍,1.22倍,2.98%
20260616,2892,コミニックス,3173,東S,,984,+16,+1.65%,11,8.45倍,0.78倍,4.07%
20260616,2893,野村食品,1617,東Ｅ,,"45,410",+130,+0.29%,11,ー倍,ー倍,ー%
20260616,2894,野村小売,1630,東Ｅ,,"37,090",-280,-0.75%,11,ー倍,ー倍,ー%
20260616,2895,ＷＴ金,1672,東Ｅ,,"64,040",+140,+0.22%,11,ー倍,ー倍,ー%
20260616,2896,ＷＴプラチナ,1674,東Ｅ,,"25,795",+95,+0.37%,11,ー倍,ー倍,ー%
20260616,2897,南海辰村,1850,東S,,401,-1,-0.25%,11,6.85倍,0.57倍,2.00%
20260616,2898,ツクルバ,2978,東G,,360,-7,-1.91%,11,ー倍,3.98倍,ー%
20260616,2899,ＡＩクロス,4476,東G,,967,+14,+1.47%,11,10.2倍,1.86倍,ー%
20260616,2900,セルソース,4880,東S,,298,+2,+0.68%,11,ー倍,1.01倍,ー%
20260616,2901,上場ダウヘ有,2562,東Ｅ,,"3,631",+7,+0.19%,11,ー倍,ー倍,ー%
20260616,2902,ｉ３,4495,東G,,"1,829",-10,-0.54%,11,12.7倍,2.99倍,2.08%
20260616,2903,ＳＴＩＦＨＤ,2932,東S,,"1,065",+7,+0.66%,11,11.1倍,1.90倍,3.76%
20260616,2904,ペイクラウド,4015,東G,,467,-12,-2.51%,11,20.4倍,1.62倍,ー%
20260616,2905,室町ケミカル,4885,東S,,931,+3,+0.32%,11,7.97倍,1.34倍,2.79%
20260616,2906,ｉＦＥ科創板,2628,東Ｅ,,"3,990",+31,+0.78%,11,ー倍,ー倍,ー%
20260616,2907,アジアＱ,4261,東G,,"3,380",-20,-0.59%,11,15.8倍,2.49倍,ー%
20260616,2908,セキュア,4264,東G,,"1,500",-28,-1.83%,11,22.7倍,2.32倍,ー%
20260616,2909,ソケッツ,3634,東S,,566,-34,-5.67%,11,24.7倍,2.33倍,1.06%
20260616,2910,ＣＲＩ,3698,東S,,"1,050",-1,-0.10%,11,11.9倍,1.32倍,2.57%
20260616,2911,ＧＸ中国テク,380A,東Ｅ,,986,-31,-3.05%,11,ー倍,ー倍,ー%
20260616,2912,ライオン事務,423A,東S,,298,0,0.00%,11,10.2倍,0.73倍,5.03%
20260616,2913,ギミック,475A,東S,,645,-18,-2.71%,11,14.6倍,1.39倍,ー%
20260616,2914,シスエグゼ,548A,東S,,906,-13,-1.41%,11,8.18倍,0.84倍,4.91%
20260616,2915,ファースト住,8917,東S,,"1,048",-8,-0.76%,11,9.72倍,0.35倍,4.10%
20260616,2916,和田興産,8931,東S,,"1,242",+15,+1.22%,11,6.48倍,0.39倍,4.83%
20260616,2917,グロームＨＤ,8938,東G,,300,+25,+9.09%,11,16.8倍,0.44倍,1.00%
20260616,2918,中央魚,8030,東S,,"3,400",-50,-1.45%,10,6.17倍,0.37倍,3.53%
20260616,2919,日銀,8301,東証,,"24,000",+500,+2.13%,10,ー倍,ー倍,ー%
20260616,2920,ギグワークス,2375,東S,,208,-2,-0.95%,10,82.9倍,1.54倍,0.96%
20260616,2921,ＵＮＩＴＥＤ,2497,東G,,496,+3,+0.61%,10,740倍,1.08倍,4.44%
20260616,2922,プログリット,9560,東G,,678,+6,+0.89%,10,8.77倍,3.34倍,3.24%
20260616,2923,アトラスＴ,9563,東G,,277,-12,-4.15%,10,51.5倍,1.21倍,ー%
20260616,2924,ＧＭＯプラ,5250,東S,,"1,111",+9,+0.82%,10,83.0倍,2.85倍,1.83%
20260616,2925,筑邦銀,8398,福証,,"1,920",+37,+1.96%,10,7.24倍,0.30倍,3.13%
20260616,2926,南日銀,8554,福証,,"1,226",-26,-2.08%,10,6.85倍,0.26倍,4.08%
20260616,2927,ＭＸ高配日ア,2085,東Ｅ,,727.6,-6.9,-0.94%,10,ー倍,ー倍,ー%
20260616,2928,ジャパンＭＡ,9236,東G,,979,-25,-2.49%,10,10.1倍,2.09倍,1.02%
20260616,2929,ナルネット,5870,東G,,757,-2,-0.26%,10,7.88倍,1.05倍,3.96%
20260616,2930,ラクサス,288A,東G,,93,-1,-1.06%,10,15.8倍,0.78倍,ー%
20260616,2931,ＩＡＣＥトラ,343A,東S,,"1,160",+1,+0.09%,10,9.22倍,1.29倍,3.28%
20260616,2932,油研工,6393,東S,,"2,855",-29,-1.01%,10,10.2倍,0.43倍,5.25%
20260616,2933,ディスラプタ,6538,東S,,222,+1,+0.45%,10,7.52倍,1.69倍,2.25%
20260616,2934,要興業,6566,東S,,"1,164",-9,-0.77%,10,12.0倍,0.89倍,ー%
20260616,2935,戸上電,6643,東S,,"5,020",-60,-1.18%,10,9.50倍,0.96倍,2.59%
20260616,2936,スプリックス,7030,東S,,"1,018",-26,-2.49%,10,12.8倍,1.65倍,3.73%
20260616,2937,ヒロセ通商,7185,東S,,"3,725",-15,-0.40%,10,ー倍,1.06倍,ー%
20260616,2938,ミクニ,7247,東S,,353,-3,-0.84%,10,6.98倍,0.30倍,4.25%
20260616,2939,日本プラスト,7291,東S,,444,-3,-0.67%,10,5.22倍,0.22倍,5.63%
20260616,2940,トップカルチ,7640,東S,,171,+5,+3.01%,10,ー倍,-3.9倍,ー%
20260616,2941,クロスフォー,7810,東S,,153,0,0.00%,10,72.5倍,1.37倍,0.41%
20260616,2942,グラファイト,7847,東S,,621,+4,+0.65%,10,19.4倍,0.80倍,4.83%
20260616,2943,アジア航,9233,東S,,"1,102",0,0.00%,10,9.88倍,0.85倍,3.99%
20260616,2944,フォーバルＲ,9423,東S,,100,-1,-0.99%,10,19.4倍,3.25倍,3.00%
20260616,2945,アゴーラＨＧ,9704,東S,,29,+1,+3.57%,10,30.9倍,1.40倍,ー%
20260616,2946,ＪＦＥシステ,4832,東S,,"1,876",-28,-1.47%,10,13.5倍,1.66倍,3.73%
20260616,2947,クリエート,5187,東S,,"1,080",-8,-0.74%,10,11.6倍,0.54倍,4.35%
20260616,2948,ジオスター,5282,東S,,374,-2,-0.53%,10,6.19倍,0.46倍,2.67%
20260616,2949,ニッキ,6042,東S,,"4,000",-40,-0.99%,10,12.5倍,0.54倍,3.00%
20260616,2950,レントラクス,6045,東G,,"1,386",-12,-0.86%,10,12.0倍,1.84倍,1.80%
20260616,2951,ウエスコＨＤ,6091,東S,,869,-8,-0.91%,10,13.6倍,0.69倍,3.22%
20260616,2952,ホープ,6195,東G,,212,-1,-0.47%,10,9.34倍,2.72倍,3.96%
20260616,2953,ソルクシーズ,4284,東S,,407,0,0.00%,10,8.16倍,1.26倍,3.44%
20260616,2954,ハイマックス,4299,東S,,"1,146",-28,-2.39%,10,15.3倍,1.10倍,4.45%
20260616,2955,山忠,391A,名M,,"2,328",-5,-0.21%,10,5.71倍,0.57倍,3.35%
20260616,2956,富士ユナイト,416A,東S,,"1,141",-11,-0.95%,10,12.6倍,0.77倍,5.43%
20260616,2957,リブコンサル,480A,東G,,884,-14,-1.56%,10,8.15倍,1.56倍,ー%
20260616,2958,野村高配ＣＦ,518A,東Ｅ,,"1,910",-10,-0.52%,10,ー倍,ー倍,ー%
20260616,2959,ベーシック,519A,東G,,501,-2,-0.40%,10,8.86倍,2.03倍,ー%
20260616,2960,ランディクス,2981,東G,,"1,906",+6,+0.32%,10,5.76倍,1.10倍,2.94%
20260616,2961,ニューラルＧ,4056,東G,,214,+3,+1.42%,10,ー倍,2.21倍,ー%
20260616,2962,ｉＦＴＰ年４,2625,東Ｅ,,"4,001",-19,-0.47%,10,ー倍,ー倍,ー%
20260616,2963,ビイングＨＤ,9145,東S,,556,+3,+0.54%,10,9.50倍,1.65倍,2.70%
20260616,2964,アクシージア,4936,東S,,326,-6,-1.81%,10,ー倍,0.98倍,3.07%
20260616,2965,アルマード,4932,東S,,619,-15,-2.37%,10,ー倍,3.15倍,ー%
20260616,2966,コラントッテ,7792,東G,,"1,442",+23,+1.62%,10,9.37倍,2.36倍,3.05%
20260616,2967,グローバルＳ,7126,東S,,"1,517",+6,+0.40%,10,9.64倍,1.56倍,3.10%
20260616,2968,野村運輸物流,1628,東Ｅ,,"20,585",+15,+0.07%,10,ー倍,ー倍,ー%
20260616,2969,上場外債毎月,1677,東Ｅ,,"60,820",+10,+0.02%,10,ー倍,ー倍,ー%
20260616,2970,アミタＨＤ,2195,東G,,345,-8,-2.27%,10,16.7倍,2.06倍,1.45%
20260616,2971,白鳩,3192,東S,,308,-11,-3.45%,10,147倍,0.82倍,ー%
20260616,2972,エストラスト,3280,東S,,970,+10,+1.04%,10,5.88倍,0.54倍,3.51%
20260616,2973,ウインＰ,3183,東P,,"1,215",-1,-0.08%,9,15.1倍,1.43倍,4.53%
20260616,2974,Ｔｒａｉｌ,3358,東S,,91,+2,+2.25%,9,64.1倍,1.59倍,2.20%
20260616,2975,Ｕ＆Ｃ,3557,東G,,541,+11,+2.08%,9,"1,353倍",5.40倍,ー%
20260616,2976,ブイキューブ,3681,東P,,19,0,0.00%,9,ー倍,-0.2倍,ー%
20260616,2977,フマキラ,4998,東S,,"1,160",-6,-0.51%,9,11.7倍,0.71倍,2.07%
20260616,2978,朝日ラバー,5162,東S,,754,+8,+1.07%,9,39.8倍,0.67倍,3.18%
20260616,2979,相模ゴ,5194,東S,,618,+6,+0.98%,9,112倍,0.58倍,1.62%
20260616,2980,日鋳造,5609,東S,,868,-8,-0.91%,9,11.6倍,0.36倍,2.88%
20260616,2981,ＳＨＩＮＰＯ,5903,東S,,"1,682",-1,-0.06%,9,20.6倍,1.30倍,ー%
20260616,2982,コロナ,5909,東S,,940,+12,+1.29%,9,45.8倍,0.35倍,2.98%
20260616,2983,イトクロ,6049,東G,,249,-4,-1.58%,9,16.3倍,0.54倍,ー%
20260616,2984,ユニバー園芸,6061,東S,,"2,818",+9,+0.32%,9,12.9倍,1.71倍,0.46%
20260616,2985,ＫＹＯＲＩＴ,7795,東S,,189,-2,-1.05%,9,10.6倍,0.45倍,4.23%
20260616,2986,ＰＢシステム,4447,東G,,426,-6,-1.39%,9,15.0倍,2.30倍,4.69%
20260616,2987,ノイル,4893,東G,,116,+1,+0.87%,9,ー倍,1.34倍,ー%
20260616,2988,プロディ,5580,東G,,"1,427",-43,-2.93%,9,14.9倍,2.57倍,ー%
20260616,2989,ＧＸ中国ＥＶ,2254,東Ｅ,,"1,248",+24,+1.96%,9,ー倍,ー倍,ー%
20260616,2990,アメイズ,6076,福証,,"1,128",-2,-0.18%,9,6.87倍,0.91倍,3.10%
20260616,2991,キャスター,9331,東G,,"1,041",-145,-12.23%,9,ー倍,2.97倍,ー%
20260616,2992,ＧＸホリ日Ｒ,2098,東Ｅ,,969,-8,-0.82%,9,ー倍,ー倍,ー%
20260616,2993,笑美面,9237,東G,Ｓ,712,+100,+16.34%,9,16.4倍,3.54倍,ー%
20260616,2994,ｉＳＩＧ社債,2257,東Ｅ,,228.4,-0.6,-0.26%,9,ー倍,ー倍,ー%
20260616,2995,ウルフハンド,194A,東G,,"1,210",0,0.00%,9,10.9倍,2.72倍,ー%
20260616,2996,リスキル,291A,東G,,"1,707",+37,+2.22%,9,8.80倍,1.85倍,ー%
20260616,2997,フライヤー,323A,東G,,387,-6,-1.53%,9,22.8倍,4.38倍,ー%
20260616,2998,ＯＵＧＨＤ,8041,東S,,"4,210",0,0.00%,9,7.10倍,0.55倍,4.09%
20260616,2999,フォーバル,8275,東S,,985,-7,-0.71%,9,11.7倍,1.36倍,3.25%
20260616,3000,日産証券Ｇ,8705,東S,,228,-3,-1.30%,9,ー倍,0.89倍,ー%
20260616,3001,林兼,2286,東S,,835,-14,-1.65%,9,5.68倍,0.50倍,5.39%
20260616,3002,野村外国債Ｈ,2512,東Ｅ,,735.8,-1.4,-0.19%,9,ー倍,ー倍,ー%
20260616,3003,かどや製油,2612,東S,,"1,603",+17,+1.07%,9,21.6倍,1.18倍,2.93%
20260616,3004,夢みつけ隊,2673,東S,,86,-2,-2.27%,9,ー倍,0.30倍,ー%
20260616,3005,久世,2708,東S,,"1,870",+31,+1.69%,9,6.18倍,0.90倍,2.41%
20260616,3006,ひらまつ,2764,東S,,136,0,0.00%,9,33.3倍,1.58倍,0.90%
20260616,3007,Ｔアルファ,3089,東S,,"1,127",+4,+0.36%,9,ー倍,0.86倍,3.11%
20260616,3008,ハピネス＆Ｄ,3174,東S,,451,-1,-0.22%,9,ー倍,3.13倍,ー%
20260616,3009,日石輸,9074,東S,,"5,290",-70,-1.31%,9,ー倍,0.58倍,2.27%
20260616,3010,キムラユニテ,9368,東S,,859,-1,-0.12%,9,9.18倍,0.80倍,4.42%
20260616,3011,三協フロンテ,9639,東S,,"2,207",+7,+0.32%,9,8.38倍,0.93倍,4.08%
20260616,3012,ＮＣＳ＆Ａ,9709,東S,,"1,184",-9,-0.75%,9,9.68倍,1.28倍,4.90%
20260616,3013,東海リース,9761,東S,,"2,218",+8,+0.36%,9,8.73倍,0.44倍,5.41%
20260616,3014,ナガオカ,6239,東S,,"1,372",+5,+0.37%,9,21.2倍,1.22倍,2.55%
20260616,3015,シリウスＶ,6276,東S,,287,+11,+3.99%,9,2.57倍,0.64倍,ー%
20260616,3016,兼松エンジ,6402,東S,,"1,322",+1,+0.08%,9,9.88倍,0.81倍,3.40%
20260616,3017,オーケストラ,6533,東P,,973,+13,+1.35%,9,9.47倍,1.38倍,1.34%
20260616,3018,ＩＩＦ,6545,東G,,692,-9,-1.28%,9,8.58倍,2.07倍,3.61%
20260616,3019,ツナグＧＨＤ,6551,東S,,520,+4,+0.78%,9,6.29倍,1.93倍,3.85%
20260616,3020,ベストワン,6577,東G,,"2,053",+14,+0.69%,9,12.7倍,2.92倍,1.27%
20260616,3021,ログリー,6579,東G,,336,-5,-1.47%,9,ー倍,3.08倍,ー%
20260616,3022,菊水ＨＤ,6912,東S,,"2,002",+34,+1.73%,9,10.3倍,1.06倍,2.95%
20260616,3023,ピアラ,7044,東S,,540,0,0.00%,9,17.8倍,6.04倍,ー%
20260616,3024,今村証券,7175,東S,,"1,330",+3,+0.23%,9,ー倍,0.52倍,ー%
20260616,3025,平山,7781,東S,,"1,450",+19,+1.33%,9,12.6倍,1.99倍,3.86%
20260616,3026,アビックス,7836,東S,,77,-2,-2.53%,9,15.6倍,1.37倍,ー%
20260616,3027,ソネック,1768,東S,,997,-3,-0.30%,9,8.85倍,0.70倍,5.02%
20260616,3028,インタスペス,2122,東S,,"1,268",+3,+0.24%,9,19.0倍,1.39倍,2.37%
20260616,3029,ＧＸ純金Ｈ,424A,東Ｅ,,332.0,+1.0,+0.30%,9,ー倍,ー倍,ー%
20260616,3030,ＳＳ米高配,451A,東Ｅ,,296.4,-4.0,-1.33%,9,ー倍,ー倍,ー%
20260616,3031,ＧＬ・再エネ,509A,東IF,,"76,400",-600,-0.78%,9,268倍,7.02倍,2.36%
20260616,3032,ビタブリッド,542A,東G,,966,-23,-2.33%,9,7.29倍,1.97倍,ー%
20260616,3033,ｉＳプラチナ,569A,東Ｅ,,178.4,-0.8,-0.45%,9,ー倍,ー倍,ー%
20260616,3034,エイトレッド,3969,東S,,"1,328",+4,+0.30%,9,12.7倍,1.80倍,2.71%
20260616,3035,シノプス,4428,東G,,630,+11,+1.78%,9,14.4倍,2.09倍,2.70%
20260616,3036,ミンカブ,4436,東G,,414,-6,-1.43%,9,12.7倍,4.41倍,ー%
20260616,3037,日創グループ,3440,東S,,890,-2,-0.22%,9,11.0倍,0.45倍,4.72%
20260616,3038,リビングＰＦ,7091,東G,,"1,215",+32,+2.70%,9,12.8倍,2.22倍,0.41%
20260616,3039,ＢＣＣ,7376,東G,,"1,082",+2,+0.19%,9,ー倍,4.31倍,ー%
20260616,3040,ＧＥＩ,9212,東G,,269,-6,-2.18%,9,20.9倍,1.60倍,ー%
20260616,3041,ヌーラボ,5033,東G,,743,+29,+4.06%,9,9.75倍,2.39倍,ー%
20260616,3042,スポーツＦ,7080,東G,,772,+7,+0.92%,8,6.70倍,2.13倍,2.98%
20260616,3043,エブレン,6599,東S,,"3,120",+80,+2.63%,8,11.8倍,0.92倍,1.86%
20260616,3044,ネオマーケ,4196,東S,,"1,699",+2,+0.12%,8,42.0倍,4.55倍,ー%
20260616,3045,上場豪債ヘ無,2844,東Ｅ,,"5,676",-13,-0.23%,8,ー倍,ー倍,ー%
20260616,3046,ＭＨＴ,9218,東G,,693,-1,-0.14%,8,25.5倍,5.48倍,1.44%
20260616,3047,トリプルアイ,5026,東G,,528,-12,-2.22%,8,123倍,3.24倍,ー%
20260616,3048,瑞光,6279,東P,,893,-2,-0.22%,8,18.1倍,0.64倍,2.24%
20260616,3049,東京機,6335,東S,,535,-5,-0.93%,8,7.57倍,0.45倍,ー%
20260616,3050,サンデン,6444,東S,,151,+1,+0.67%,8,33.8倍,0.59倍,ー%
20260616,3051,ニチダイ,6467,東S,,320,-8,-2.44%,8,ー倍,0.27倍,1.88%
20260616,3052,三相電機,6518,東S,,"1,990",+8,+0.40%,8,10.7倍,0.72倍,1.26%
20260616,3053,ＡＢホテル,6565,名M,,"1,329",+1,+0.08%,8,5.98倍,1.21倍,2.18%
20260616,3054,天昇電,6776,東S,,265,+5,+1.92%,8,7.51倍,0.41倍,1.89%
20260616,3055,アクモス,6888,東S,,512,0,0.00%,8,15.0倍,1.51倍,4.88%
20260616,3056,上場ダウヘ無,2235,東Ｅ,,"3,619",+3,+0.08%,8,ー倍,ー倍,ー%
20260616,3057,Ａパーチェス,7115,東S,,"1,458",+24,+1.67%,8,12.7倍,2.14倍,2.54%
20260616,3058,ミラタップ,3187,東G,,238,-12,-4.80%,8,18.7倍,1.48倍,ー%
20260616,3059,トラストＨＤ,3286,東S,,"1,029",-9,-0.87%,8,ー倍,3.75倍,1.75%
20260616,3060,デュアルＴ,3469,東S,,"1,019",-2,-0.20%,8,89.2倍,1.73倍,1.23%
20260616,3061,阿波製紙,3896,東S,,365,0,0.00%,8,24.3倍,0.57倍,ー%
20260616,3062,アイビー,4918,東S,,255,-6,-2.30%,8,15.0倍,0.98倍,5.88%
20260616,3063,ノザワ,5237,東S,,"1,119",-12,-1.06%,8,8.54倍,0.61倍,3.84%
20260616,3064,三洋工,5958,東S,,"4,450",+30,+0.68%,8,9.60倍,0.60倍,4.72%
20260616,3065,リブセンス,6054,東S,,106,-6,-5.36%,8,ー倍,0.71倍,ー%
20260616,3066,広電鉄,9033,東S,,618,-2,-0.32%,8,18.8倍,0.42倍,1.29%
20260616,3067,ファイズＨＤ,9325,東S,,"1,135",-2,-0.18%,8,8.72倍,2.62倍,3.35%
20260616,3068,ユーラシア,9376,東S,,770,-14,-1.79%,8,43.7倍,1.64倍,6.49%
20260616,3069,テアトル,9633,東S,,"1,618",-20,-1.22%,8,4.06倍,0.65倍,1.85%
20260616,3070,日本プロセス,9651,東S,,"1,659",+3,+0.18%,8,14.8倍,1.42倍,4.58%
20260616,3071,パーカー,9845,東S,,"1,329",+5,+0.38%,8,7.56倍,0.65倍,3.99%
20260616,3072,丸藤パ,8046,東S,,831,-11,-1.31%,8,8.19倍,0.44倍,4.57%
20260616,3073,ヤマトインタ,8127,東S,,600,+11,+1.87%,8,61.1倍,0.68倍,2.33%
20260616,3074,ラオックス,8202,東S,,145,-2,-1.36%,8,21.0倍,0.61倍,2.76%
20260616,3075,テンアライド,8207,東S,,283,0,0.00%,8,236倍,9.62倍,ー%
20260616,3076,エプコ,2311,東S,,781,-4,-0.51%,8,14.4倍,1.52倍,4.48%
20260616,3077,ぐるなび,2440,東S,,121,-1,-0.82%,8,ー倍,1.31倍,ー%
20260616,3078,アオバＢＢＴ,2464,東S,,312,-1,-0.32%,8,10.1倍,0.84倍,3.53%
20260616,3079,野村外国株Ｈ,2514,東Ｅ,,"2,018",+7,+0.35%,8,ー倍,ー倍,ー%
20260616,3080,ＪＨＤ,2721,東S,,116,-2,-1.69%,8,ー倍,9.56倍,ー%
20260616,3081,ＳＡＮＫＯ,2762,東S,,91,-2,-2.15%,8,ー倍,19.8倍,ー%
20260616,3082,ＫＴＫ,3035,東S,,772,-11,-1.40%,8,10.1倍,0.89倍,2.59%
20260616,3083,朝日印刷,3951,東S,,841,-7,-0.83%,8,10.4倍,0.49倍,4.52%
20260616,3084,ベルグアース,1383,東S,,"2,862",+5,+0.18%,8,84.8倍,2.19倍,0.35%
20260616,3085,インタライフ,1418,東S,,507,+1,+0.20%,8,9.67倍,1.65倍,5.92%
20260616,3086,ｉＳ米債７,1656,東Ｅ,,317.4,-0.1,-0.03%,8,ー倍,ー倍,ー%
20260616,3087,ＷＴ貴金属,1676,東Ｅ,,"43,040",-70,-0.16%,8,ー倍,ー倍,ー%
20260616,3088,ＳＤＳＨＤ,1711,東S,,220,-1,-0.45%,8,379倍,3.93倍,ー%
20260616,3089,オーテック,1736,東S,,"2,349",+32,+1.38%,8,9.58倍,1.37倍,4.17%
20260616,3090,テノックス,1905,東S,,"1,546",-8,-0.51%,8,10.3倍,0.76倍,4.01%
20260616,3091,金先物ベア,2037,東EN,,"1,265",+4,+0.32%,8,ー倍,ー倍,ー%
20260616,3092,サノヤスＨＤ,7022,東S,,247,-4,-1.59%,8,10.3倍,0.66倍,3.04%
20260616,3093,フロンティＭ,7038,東P,,612,+5,+0.82%,8,144倍,4.47倍,ー%
20260616,3094,ノダ,7879,東S,,636,-2,-0.31%,8,46.6倍,0.27倍,4.72%
20260616,3095,サンリン,7486,東S,,759,+1,+0.13%,7,9.54倍,0.42倍,3.16%
20260616,3096,オーウエル,7670,東S,,"1,001",-21,-2.05%,7,6.29倍,0.44倍,4.50%
20260616,3097,クレステック,7812,東S,,"2,089",+15,+0.72%,7,6.00倍,0.65倍,4.98%
20260616,3098,ＧＸロジＲグ,2864,東Ｅ,,"1,439",-7,-0.48%,7,ー倍,ー倍,ー%
20260616,3099,ＧＬＯＥ,9565,東G,,668,-17,-2.48%,7,ー倍,3.73倍,ー%
20260616,3100,サンクゼール,2937,東G,,"1,686",-10,-0.59%,7,38.9倍,3.02倍,2.08%
20260616,3101,アソインター,9340,東S,,685,0,0.00%,7,13.3倍,2.18倍,3.80%
20260616,3102,ウェリタス,130A,東G,,414,-7,-1.66%,7,ー倍,1.76倍,ー%
20260616,3103,Ｓａｐｅｅｔ,269A,東G,,"2,190",+65,+3.06%,7,27.2倍,5.53倍,ー%
20260616,3104,ＭＸ読売日株,348A,東Ｅ,,294.6,-0.9,-0.30%,7,ー倍,ー倍,ー%
20260616,3105,野村米社債Ｈ,2554,東Ｅ,,754.9,-0.5,-0.07%,7,ー倍,ー倍,ー%
20260616,3106,浜木綿,7682,東S,,"4,050",0,0.00%,7,48.0倍,5.15倍,0.42%
20260616,3107,ひとまいる,7686,東S,,410,-1,-0.24%,7,18.4倍,2.39倍,4.88%
20260616,3108,ＨＣＨ,7361,東G,,"1,149",+2,+0.17%,7,8.20倍,2.43倍,3.92%
20260616,3109,ベビカレ,7363,東G,,"1,010",-4,-0.39%,7,6.25倍,1.14倍,ー%
20260616,3110,ＧＸリー日株,2641,東Ｅ,,"4,328",-37,-0.85%,7,ー倍,ー倍,ー%
20260616,3111,エコシステム,9249,東S,,"1,600",+4,+0.25%,7,24.3倍,2.25倍,1.13%
20260616,3112,ブロードＥ,4415,東G,,"1,189",-9,-0.75%,7,11.2倍,3.94倍,1.78%
20260616,3113,ＣＳ－Ｃ,9258,東G,,283,+5,+1.80%,7,ー倍,0.92倍,ー%
20260616,3114,野村ダウＨ有,2846,東Ｅ,,"2,511",-1,-0.04%,7,ー倍,ー倍,ー%
20260616,3115,坪田ラボ,4890,東G,,222,-1,-0.45%,7,84.1倍,6.63倍,ー%
20260616,3116,サンセイ,6307,東S,,416,-6,-1.42%,7,8.08倍,0.61倍,3.61%
20260616,3117,プラコー,6347,東S,,239,-1,-0.42%,7,23.0倍,1.38倍,2.51%
20260616,3118,オリジン,6513,東S,,"1,065",-7,-0.65%,7,54.6倍,0.24倍,3.76%
20260616,3119,エスユーエス,6554,東G,,966,-2,-0.21%,7,8.75倍,1.92倍,5.18%
20260616,3120,ＵＭＣエレ,6615,東P,,230,+2,+0.88%,7,ー倍,0.58倍,ー%
20260616,3121,南総通運,9034,東S,,"1,600",+14,+0.88%,7,11.0倍,0.66倍,5.00%
20260616,3122,神姫バ,9083,東S,,"1,850",-8,-0.43%,7,10.2倍,0.42倍,2.43%
20260616,3123,大運,9363,東S,,528,+3,+0.57%,7,7.53倍,0.63倍,3.03%
20260616,3124,サカイＨＤ,9446,東S,,661,-3,-0.45%,7,5.44倍,1.03倍,5.30%
20260616,3125,ロイヤルホ,9713,東S,,900,+7,+0.78%,7,17.9倍,0.78倍,0.67%
20260616,3126,カンセキ,9903,東S,,"1,100",-41,-3.59%,7,25.6倍,1.22倍,1.82%
20260616,3127,ＭＲＫＨＬＤ,9980,東S,,96,-1,-1.03%,7,6.80倍,0.58倍,1.04%
20260616,3128,フジタコーポ,3370,東S,,480,-9,-1.84%,7,13.0倍,6.48倍,0.63%
20260616,3129,大木ヘルス,3417,東S,,"1,103",0,0.00%,7,ー倍,0.44倍,2.72%
20260616,3130,ケーエフシー,3420,東S,,"1,518",-3,-0.20%,7,10.3倍,0.50倍,4.61%
20260616,3131,アルファＣｏ,3434,東S,,"1,199",+7,+0.59%,7,11.5倍,0.30倍,4.25%
20260616,3132,イチカワ,3513,東S,,"3,105",-35,-1.11%,7,14.5倍,0.54倍,3.22%
20260616,3133,日東網,3524,東S,,"1,438",+2,+0.14%,7,12.4倍,0.46倍,3.48%
20260616,3134,ＤＬＥ,3686,東S,,76,-2,-2.56%,7,22.0倍,2.50倍,ー%
20260616,3135,アプリックス,3727,東G,,127,+1,+0.79%,7,ー倍,2.47倍,1.57%
20260616,3136,ＰＣＩＨＤ,3918,東S,,"1,183",+12,+1.02%,7,9.31倍,1.21倍,4.90%
20260616,3137,ＢＰカストロ,5015,東S,,"1,005",+5,+0.50%,7,20.2倍,2.35倍,4.98%
20260616,3138,不二ラテ,5199,東S,,"1,950",0,0.00%,7,8.61倍,0.61倍,4.26%
20260616,3139,鋳鉄管,5612,東S,,"1,523",-16,-1.04%,7,ー倍,0.49倍,ー%
20260616,3140,エムケー精工,5906,東S,,759,+3,+0.40%,7,7.05倍,0.54倍,2.37%
20260616,3141,モリテック,5986,東S,,229,-2,-0.87%,7,10.3倍,0.32倍,2.62%
20260616,3142,ＨＭＴ,6090,東S,,651,+40,+6.55%,7,17.9倍,1.90倍,2.76%
20260616,3143,レアジョブ,6096,東S,,369,-4,-1.07%,7,ー倍,1.57倍,ー%
20260616,3144,リブワーク,1431,東G,,648,+2,+0.31%,7,79.3倍,3.47倍,0.99%
20260616,3145,高田工,1966,東S,,"1,640",+9,+0.55%,7,13.2倍,0.55倍,4.27%
20260616,3146,エルテス,3967,東G,,554,-6,-1.07%,7,34.3倍,1.88倍,ー%
20260616,3147,シャノン,3976,東G,,503,+17,+3.50%,7,10.3倍,2.61倍,ー%
20260616,3148,アテクト,4241,東S,,611,+11,+1.83%,7,22.5倍,1.48倍,1.64%
20260616,3149,Ｄ・アクシス,4245,東S,,654,-5,-0.76%,7,16.1倍,0.87倍,3.67%
20260616,3150,アズジェント,4288,東S,,349,+5,+1.45%,7,26.6倍,2.64倍,ー%
20260616,3151,バルテスＨＤ,4442,東G,,373,-2,-0.53%,7,12.1倍,2.04倍,1.07%
20260616,3152,コイケヤ,2226,東S,,"4,685",+5,+0.11%,7,19.2倍,2.35倍,1.17%
20260616,3153,上場リートＭ,2552,東Ｅ,,"1,910",-35,-1.80%,7,ー倍,ー倍,ー%
20260616,3154,パレモ・ＨＤ,2778,東S,,110,+1,+0.92%,7,13.0倍,0.83倍,ー%
20260616,3155,ビューテＨＤ,3041,東S,,535,-1,-0.19%,7,54.9倍,4.26倍,0.98%
20260616,3156,ＵＮＩＶＡ,3113,東S,,69,-1,-1.43%,7,63.3倍,5.42倍,ー%
20260616,3157,ファンデリー,3137,東S,,193,-2,-1.03%,7,19.6倍,8.32倍,ー%
20260616,3158,テラテクノ,483A,東S,,"2,078",-14,-0.67%,7,8.16倍,1.23倍,4.33%
20260616,3159,ＧＸＣカバコ,576A,東Ｅ,,"1,000",-4,-0.40%,7,ー倍,ー倍,ー%
20260616,3160,ＧＸ純銀,577A,東Ｅ,,273.4,-2.8,-1.01%,7,ー倍,ー倍,ー%
20260616,3161,みのや,386A,東S,,"1,295",-2,-0.15%,6,9.75倍,1.19倍,1.90%
20260616,3162,ＧＸ中テ１０,404A,東Ｅ,,"1,405",+3,+0.21%,6,ー倍,ー倍,ー%
20260616,3163,ＭＸ高配５０,461A,東Ｅ,,"2,421",-29,-1.18%,6,ー倍,ー倍,ー%
20260616,3164,辻本郷ＩＴＣ,476A,東S,,"1,463",+48,+3.39%,6,9.87倍,1.78倍,ー%
20260616,3165,ＪＰＸ１００,526A,東Ｅ,,"1,864",0,0.00%,6,ー倍,ー倍,ー%
20260616,3166,三ツ知,3439,東S,,675,ー,ー%,6,13.3倍,0.30倍,2.96%
20260616,3167,フエルト,3512,東S,,792,+2,+0.25%,6,26.5倍,0.59倍,3.54%
20260616,3168,ほぼ日,3560,東S,,"4,150",+50,+1.22%,6,20.1倍,1.61倍,2.17%
20260616,3169,データＨＲ,3628,東G,,507,-8,-1.55%,6,24.7倍,15.3倍,ー%
20260616,3170,ＡＧＳ,3648,東S,,"1,031",-12,-1.15%,6,9.40倍,1.07倍,3.49%
20260616,3171,キーウェア,3799,東S,,"1,009",+19,+1.92%,6,10.4倍,1.05倍,3.96%
20260616,3172,岡山製紙,3892,東S,,"1,659",-46,-2.70%,6,11.0倍,0.52倍,3.01%
20260616,3173,ＧＸ自動ＥＶ,2867,東Ｅ,,"2,100",+35,+1.69%,6,ー倍,ー倍,ー%
20260616,3174,フーディソン,7114,東G,,748,-7,-0.93%,6,18.5倍,1.41倍,ー%
20260616,3175,ｍｏｎｏＡＩ,5240,東G,,124,-1,-0.80%,6,ー倍,1.41倍,ー%
20260616,3176,アイズ,5242,東G,,837,-2,-0.24%,6,287倍,1.43倍,ー%
20260616,3177,ＳＨＩＮＫＯ,7120,東S,,997,+4,+0.40%,6,6.88倍,2.06倍,4.41%
20260616,3178,日本ナレッジ,5252,東G,,718,+28,+4.06%,6,28.4倍,2.47倍,0.97%
20260616,3179,クラダシ,5884,東G,,566,+8,+1.43%,6,55.4倍,4.32倍,ー%
20260616,3180,ｉＳ米２０,2255,東Ｅ,,210.6,-1.2,-0.57%,6,ー倍,ー倍,ー%
20260616,3181,ｉＳ米総合債,2256,東Ｅ,,226.5,+0.1,+0.04%,6,ー倍,ー倍,ー%
20260616,3182,ロココ,5868,東S,,"1,000",-29,-2.82%,6,9.11倍,1.29倍,4.00%
20260616,3183,ＳＯＬＩＺＥ,5871,東S,,"1,338",-15,-1.11%,6,24.0倍,0.63倍,4.11%
20260616,3184,ココリブ,137A,東G,,639,-3,-0.47%,6,13.5倍,1.87倍,ー%
20260616,3185,クロスＥ,231A,福Ｑ,,"1,055",-41,-3.74%,6,8.33倍,0.89倍,5.21%
20260616,3186,グロースｘＰ,244A,東G,,"1,139",+28,+2.52%,6,7.41倍,1.05倍,ー%
20260616,3187,高配当成長,345A,東EN,,"14,700",-130,-0.88%,6,ー倍,ー倍,ー%
20260616,3188,ゼット,8135,東S,,417,-1,-0.24%,6,9.83倍,0.53倍,4.32%
20260616,3189,アバンティア,8904,東S,,816,-8,-0.97%,6,9.86倍,0.42倍,4.66%
20260616,3190,Ｃａｓａ,7196,東S,,760,+4,+0.53%,6,36.9倍,1.08倍,2.63%
20260616,3191,ＧＭＢ,7214,東S,,929,+1,+0.11%,6,4.95倍,0.22倍,5.06%
20260616,3192,ユニバンス,7254,東S,,722,-6,-0.82%,6,7.53倍,0.52倍,2.77%
20260616,3193,フジオーゼ,7299,東S,,"1,655",-45,-2.65%,6,9.57倍,0.51倍,3.26%
20260616,3194,アイリック,7325,東G,,685,+5,+0.74%,6,11.1倍,1.48倍,4.67%
20260616,3195,エコーＴＤ,7427,東S,,818,-5,-0.61%,6,6.55倍,0.41倍,3.67%
20260616,3196,中山福,7442,東S,,465,-9,-1.90%,6,14.7倍,0.37倍,2.58%
20260616,3197,鳥羽洋行,7472,東S,,"3,510",-25,-0.71%,6,11.1倍,0.63倍,3.42%
20260616,3198,アイナボＨＤ,7539,東S,,774,-5,-0.64%,6,11.2倍,0.66倍,3.36%
20260616,3199,ハークスレイ,7561,東S,,636,+2,+0.32%,6,7.35倍,0.46倍,4.72%
20260616,3200,タカショー,7590,東S,,396,+5,+1.28%,6,55.6倍,0.52倍,1.26%
20260616,3201,クボテック,7709,東S,,64,0,0.00%,6,ー倍,15.7倍,ー%
20260616,3202,いちごグリン,9282,東IF,,"57,300",0,0.00%,6,33.2倍,1.95倍,6.18%
20260616,3203,桜島埠,9353,東S,,"2,676",-25,-0.93%,6,15.7倍,0.50倍,2.02%
20260616,3204,東洋テク,9686,東S,,"1,579",0,0.00%,6,13.2倍,0.71倍,4.50%
20260616,3205,クレオ,9698,東S,,"1,190",-9,-0.75%,6,11.2倍,1.19倍,4.71%
20260616,3206,愛眼,9854,東S,,222,+1,+0.45%,6,22.1倍,0.35倍,ー%
20260616,3207,ヨンキュウ,9955,東S,,"2,579",+8,+0.31%,6,ー倍,0.78倍,ー%
20260616,3208,Ｏｎｅ中国５,2553,東Ｅ,,"2,652.0",+50.0,+1.92%,6,ー倍,ー倍,ー%
20260616,3209,インテＭ,7072,東G,,987,-23,-2.28%,6,16.8倍,1.90倍,ー%
20260616,3210,レンティア,7081,東S,,"1,318",-9,-0.68%,6,9.16倍,1.15倍,2.81%
20260616,3211,コマースワン,4496,東G,,814,+24,+3.04%,6,17.4倍,2.16倍,5.16%
20260616,3212,ｉＳユＩＧＨ,2623,東Ｅ,,"1,953",-5,-0.26%,6,ー倍,ー倍,ー%
20260616,3213,ミット,4016,東S,,866,-11,-1.25%,6,10.1倍,2.49倍,3.46%
20260616,3214,バリオ,4494,東S,,686,-11,-1.58%,6,ー倍,0.50倍,ー%
20260616,3215,東京通信Ｇ,7359,東G,,217,0,0.00%,6,19.9倍,2.82倍,ー%
20260616,3216,ｉ－ｐｌｕｇ,4177,東G,,"1,375",-14,-1.01%,6,9.91倍,2.89倍,3.93%
20260616,3217,アイスコ,7698,東S,,"2,466",+16,+0.65%,6,19.9倍,2.34倍,0.85%
20260616,3218,ベイシス,4068,東G,,"1,728",0,0.00%,6,24.9倍,1.49倍,ー%
20260616,3219,アップガレＧ,7134,東S,,"1,144",-12,-1.04%,6,9.97倍,1.77倍,3.72%
20260616,3220,Ｊクラフト,7135,東S,,222,-1,-0.45%,6,46.5倍,2.24倍,1.35%
20260616,3221,大石産業,3943,東S,,"1,233",-4,-0.32%,6,23.3倍,0.49倍,4.22%
20260616,3222,ｉＳＧＪリト,2852,東Ｅ,,172.2,-3.5,-1.99%,6,ー倍,ー倍,ー%
20260616,3223,サンウェルズ,9229,東P,,141,-4,-2.76%,6,ー倍,0.66倍,ー%
20260616,3224,丸山製,6316,東S,,"2,510",+16,+0.64%,6,10.8倍,0.46倍,2.99%
20260616,3225,アルチザ,6778,東S,,621,-1,-0.16%,6,34.7倍,0.80倍,4.03%
20260616,3226,伊豆シャボ,6819,東S,,462,+2,+0.43%,6,8.75倍,1.35倍,4.33%
20260616,3227,ＡＳＪ,2351,東S,,316,+2,+0.64%,6,24.7倍,0.84倍,0.95%
20260616,3228,アップル,2788,東S,,362,-6,-1.63%,6,7.61倍,0.45倍,2.76%
20260616,3229,シノブフズ,2903,東S,,"1,525",+35,+2.35%,6,9.62倍,1.09倍,2.23%
20260616,3230,サイボー,3123,東S,,625,0,0.00%,6,8.09倍,0.41倍,2.88%
20260616,3231,大光,3160,東S,,555,-2,-0.36%,6,14.4倍,1.26倍,2.70%
20260616,3232,アゼアス,3161,東S,,661,0,0.00%,6,21.5倍,0.55倍,3.48%
20260616,3233,ＯＣＨＩＨＤ,3166,東S,,"1,364",-10,-0.73%,6,13.6倍,0.72倍,4.03%
20260616,3234,ｉＳＩＧ債Ｈ,1496,東Ｅ,,"1,688",-8,-0.47%,6,ー倍,ー倍,ー%
20260616,3235,ｉＳ先進国株,1657,東Ｅ,,"7,254",+18,+0.25%,6,ー倍,ー倍,ー%
20260616,3236,上場ＭＳコク,1680,東Ｅ,,"8,263",+3,+0.04%,6,ー倍,ー倍,ー%
20260616,3237,土屋ＨＤ,1840,東S,,232,-4,-1.69%,6,23.0倍,0.49倍,4.31%
20260616,3238,メディシノバ,4875,東S,,207,+6,+2.99%,6,ー倍,ー倍,ー%
20260616,3239,パウダテック,5695,東S,,"2,834",+15,+0.53%,6,25.0倍,0.65倍,3.53%
20260616,3240,アライドアキ,6081,東G,,156,-2,-1.27%,6,129倍,1.49倍,ー%
20260616,3241,アビスト,6087,東S,,"3,325",+5,+0.15%,6,22.4倍,1.88倍,3.07%
20260616,3242,アップバンク,6177,東G,,78,-1,-1.27%,6,ー倍,2.35倍,ー%
20260616,3243,バーチャレク,6193,東G,,970,-15,-1.52%,6,10.6倍,1.69倍,1.55%
20260616,3244,マイネット,3928,東S,,228,-2,-0.87%,6,6.94倍,1.43倍,ー%
20260616,3245,Ｖゴルフ,3931,東G,,"1,794",-5,-0.28%,6,29.5倍,3.12倍,1.39%
20260616,3246,イノベーショ,3970,東S,,766,-27,-3.40%,6,82.4倍,0.71倍,5.22%
20260616,3247,ＵＦＨＤ,4235,東S,,678,+1,+0.15%,6,25.5倍,0.71倍,5.16%
20260616,3248,ＳＣＡＴ,3974,東S,,531,-6,-1.12%,5,13.3倍,0.80倍,2.64%
20260616,3249,エコモット,3987,東G,,528,+3,+0.57%,5,66.5倍,3.29倍,ー%
20260616,3250,Ｊストリーム,4308,東G,,343,-2,-0.58%,5,15.9倍,0.80倍,4.08%
20260616,3251,レイ,4317,東S,,448,-2,-0.44%,5,7.19倍,0.76倍,3.35%
20260616,3252,ＩＰＳＨＤ,4335,東S,,"1,213",+2,+0.17%,5,11.0倍,1.58倍,3.13%
20260616,3253,西菱電機,4341,東S,,833,-37,-4.25%,5,13.4倍,0.51倍,5.40%
20260616,3254,エデュラボ,4427,東G,,199,-3,-1.49%,5,203倍,1.50倍,ー%
20260616,3255,秀英,4678,東S,,299,-10,-3.24%,5,4.46倍,0.42倍,3.34%
20260616,3256,さくらＫＣＳ,4761,東S,,"1,375",+8,+0.59%,5,12.3倍,0.72倍,4.51%
20260616,3257,ウィルズ,4482,東G,,710,-10,-1.39%,5,15.1倍,5.31倍,2.54%
20260616,3258,Ｐアンチエイ,4934,東G,,593,+1,+0.17%,5,17.2倍,0.73倍,ー%
20260616,3259,ジオコード,7357,東S,,"1,597",+49,+3.17%,5,41.7倍,4.14倍,1.57%
20260616,3260,イーロジット,9327,東S,,197,+3,+1.55%,5,394倍,1.55倍,ー%
20260616,3261,ＡＩＰＦ,7345,東G,,978,+45,+4.82%,5,ー倍,4.48倍,ー%
20260616,3262,コンフインタ,7374,東G,,"1,512",0,0.00%,5,10.1倍,1.51倍,5.62%
20260616,3263,マーキュリア,7347,東P,,755,-3,-0.40%,5,14.6倍,0.84倍,2.91%
20260616,3264,くふうカンパ,4376,東G,,162,-3,-1.82%,5,ー倍,1.18倍,ー%
20260616,3265,ＡＳＮＯＶＡ,9223,東G,,390,-11,-2.74%,5,ー倍,1.63倍,0.51%
20260616,3266,ファインズ,5125,東G,,452,-3,-0.66%,5,24.9倍,0.92倍,ー%
20260616,3267,オンザページ,9160,東S,,283,+1,+0.35%,5,6.59倍,1.08倍,ー%
20260616,3268,ドリムアーツ,4811,東G,,754,+16,+2.17%,5,14.2倍,3.00倍,2.65%
20260616,3269,ＲＯＸＸ,241A,東G,,437,+3,+0.69%,5,"3,121倍",2.27倍,ー%
20260616,3270,Ｈｍｃｏｍｍ,265A,東G,,595,-1,-0.17%,5,109倍,1.43倍,ー%
20260616,3271,グリクロＨＤ,272A,福証,,"1,305",+5,+0.38%,5,7.82倍,0.89倍,3.07%
20260616,3272,ＧＸＳＰＣＦ,356A,東Ｅ,,"1,512",+2,+0.13%,5,ー倍,ー倍,ー%
20260616,3273,ニ日経２２５,473A,東Ｅ,,"1,396",+5,+0.36%,5,ー倍,ー倍,ー%
20260616,3274,フィットクル,469A,東G,,"1,407",+2,+0.14%,5,10.2倍,1.82倍,ー%
20260616,3275,ＧＸ銀ビジ,579A,東Ｅ,,939,+13,+1.40%,5,ー倍,ー倍,ー%
20260616,3276,グラン,3261,東G,,381,0,0.00%,5,19.5倍,0.60倍,3.94%
20260616,3277,テルマー湯,3521,東S,,145,-1,-0.68%,5,21.3倍,0.78倍,3.45%
20260616,3278,サツドラＨＤ,3544,東S,,837,-3,-0.36%,5,28.8倍,1.14倍,1.43%
20260616,3279,クラウディア,3607,東S,,358,-2,-0.56%,5,9.27倍,0.70倍,2.79%
20260616,3280,テックファム,3625,東G,,564,-2,-0.35%,5,12.2倍,1.35倍,1.42%
20260616,3281,ホットリンク,3680,東G,,225,+4,+1.81%,5,38.7倍,0.88倍,2.76%
20260616,3282,Ｊエスコム,3779,東S,,136,-1,-0.73%,5,ー倍,2.80倍,ー%
20260616,3283,システムディ,3804,東S,,454,-29,-6.00%,5,12.4倍,1.66倍,2.42%
20260616,3284,パス,3840,東S,,56,0,0.00%,5,ー倍,2.43倍,ー%
20260616,3285,データアプリ,3848,東S,,807,-9,-1.10%,5,28.9倍,1.07倍,4.34%
20260616,3286,カヤック,3904,東G,,389,+6,+1.57%,5,9.99倍,1.02倍,1.00%
20260616,3287,アイリッジ,3917,東G,,406,-1,-0.25%,5,10.6倍,1.06倍,ー%
20260616,3288,東京汽,9193,東S,,886,-15,-1.66%,5,ー倍,0.31倍,ー%
20260616,3289,東京インフラ,9285,東IF,,"48,500",-300,-0.61%,5,16.3倍,0.60倍,6.82%
20260616,3290,東海運,9380,東S,,402,-3,-0.74%,5,13.7倍,0.60倍,2.24%
20260616,3291,ＳＥＨＩ,9478,東S,,504,-6,-1.18%,5,15.4倍,0.69倍,0.79%
20260616,3292,北陸ガス,9537,東S,,"3,975",+25,+0.63%,5,10.1倍,0.35倍,2.01%
20260616,3293,きんえい,9636,東S,,"4,180",-10,-0.24%,5,77.7倍,4.23倍,0.24%
20260616,3294,協和コンサル,9647,東S,,"6,790",-70,-1.02%,5,5.93倍,0.86倍,0.44%
20260616,3295,大丸エナ,9818,東S,,"1,627",-13,-0.79%,5,13.9倍,0.78倍,1.78%
20260616,3296,リリカラ,9827,東S,,590,-1,-0.17%,5,10.9倍,0.94倍,6.10%
20260616,3297,英和,9857,東S,,"2,400",+13,+0.54%,5,8.21倍,0.80倍,4.00%
20260616,3298,北沢産,9930,東S,,374,+7,+1.91%,5,22.4倍,0.61倍,2.67%
20260616,3299,アルテック,9972,東S,,263,-7,-2.59%,5,9.05倍,0.42倍,2.66%
20260616,3300,蔵王産業,9986,東S,,"2,473",-10,-0.40%,5,17.9倍,1.03倍,4.04%
20260616,3301,マツモト,7901,東S,,775,-42,-5.14%,5,18.3倍,0.88倍,ー%
20260616,3302,アジア投資,8518,東S,,131,-2,-1.50%,5,ー倍,0.47倍,ー%
20260616,3303,小林洋行,8742,東S,,550,-1,-0.18%,5,ー倍,0.64倍,ー%
20260616,3304,Ａクリエイト,8798,東P,,124,-1,-0.80%,5,10.2倍,8.47倍,ー%
20260616,3305,毎コムネット,8908,東S,,827,-2,-0.24%,5,7.65倍,1.10倍,4.59%
20260616,3306,ソフィア,6942,東S,,"1,302",-4,-0.31%,5,862倍,2.01倍,ー%
20260616,3307,サンコー,6964,東S,,653,-1,-0.15%,5,10.4倍,0.35倍,3.06%
20260616,3308,抵抗器,6977,東S,,"1,192",-43,-3.48%,5,14.8倍,1.26倍,2.52%
20260616,3309,アンファク,7035,東S,,223,-3,-1.33%,5,ー倍,3.13倍,ー%
20260616,3310,識学,7049,東G,,824,0,0.00%,5,ー倍,2.73倍,ー%
20260616,3311,近畿車,7122,東S,,"2,326",+16,+0.69%,5,16.0倍,0.45倍,2.15%
20260616,3312,ファルテック,7215,東S,,426,-1,-0.23%,5,20.0倍,0.21倍,ー%
20260616,3313,田中精密,7218,東S,,936,-3,-0.32%,5,6.09倍,0.35倍,3.63%
20260616,3314,デイトナ,7228,東S,,"3,595",0,0.00%,5,7.23倍,0.94倍,4.17%
20260616,3315,ヤガミ,7488,名M,,"4,675",-25,-0.53%,5,16.7倍,1.76倍,5.99%
20260616,3316,ウェッズ,7551,東S,,679,+1,+0.15%,5,10.1倍,0.61倍,3.24%
20260616,3317,レダックス,7602,東S,,142,-1,-0.70%,5,16.8倍,0.62倍,1.41%
20260616,3318,ハンズマン,7636,東S,,803,+1,+0.12%,5,12.1倍,0.60倍,3.74%
20260616,3319,日本創発Ｇ,7814,東S,,566,+2,+0.35%,5,13.3倍,1.26倍,2.65%
20260616,3320,フクビ,7871,東S,,897,+19,+2.16%,5,ー倍,0.44倍,3.46%
20260616,3321,永大化工,7877,東S,,"1,970",0,0.00%,5,6.92倍,0.33倍,3.55%
20260616,3322,旭コン,5268,東S,,909,+2,+0.22%,5,25.5倍,0.94倍,1.87%
20260616,3323,クニミネ,5388,東S,,"1,208",-12,-0.98%,5,10.9倍,0.66倍,3.31%
20260616,3324,日伸銅,5753,東S,,"2,270",+21,+0.93%,5,5.33倍,0.38倍,0.66%
20260616,3325,ＬＩＥＨ,5856,東S,,6,-1,-14.29%,5,ー倍,0.26倍,ー%
20260616,3326,イード,6038,東G,,905,0,0.00%,5,13.1倍,0.88倍,2.54%
20260616,3327,ダイジェト,6138,東S,,"1,100",-3,-0.27%,5,10.9倍,0.34倍,3.18%
20260616,3328,タケダ機械,6150,東S,,"2,693",+4,+0.15%,5,10.8倍,0.46倍,2.97%
20260616,3329,エスティック,6161,東S,,"1,031",-1,-0.10%,5,8.43倍,0.92倍,3.01%
20260616,3330,土木管理,6171,東S,,382,-1,-0.26%,5,12.0倍,1.03倍,3.14%
20260616,3331,共同ＰＲ,2436,東S,,"1,032",+11,+1.08%,5,10.0倍,2.09倍,1.55%
20260616,3332,ＶＬＣセキュ,2467,名N,,246,+6,+2.50%,5,17.1倍,5.88倍,ー%
20260616,3333,オリコンＨＤ,2498,東S,,"2,949",+22,+0.75%,5,9.11倍,1.15倍,4.24%
20260616,3334,野村新興国債,2519,東Ｅ,,"1,213.5",-3.5,-0.29%,5,ー倍,ー倍,ー%
20260616,3335,ヴィレッジＶ,2769,東S,,853,+4,+0.47%,5,9.20倍,27.8倍,ー%
20260616,3336,はごろも,2831,東S,,"3,470",0,0.00%,5,10.9倍,0.66倍,2.02%
20260616,3337,神栄,3004,東S,,"2,095",-14,-0.66%,5,6.57倍,0.76倍,5.25%
20260616,3338,ストリーム,3071,東S,,99,-2,-1.98%,5,14.2倍,0.94倍,3.03%
20260616,3339,ティーライフ,3172,東S,,"1,148",-2,-0.17%,5,26.1倍,0.77倍,2.61%
20260616,3340,高見サイ,6424,東S,,875,0,0.00%,5,7.02倍,0.55倍,2.63%
20260616,3341,神戸天然物化,6568,東G,,"1,241",-22,-1.74%,5,ー倍,0.68倍,ー%
20260616,3342,共和コーポ,6570,東S,,"1,659",+9,+0.55%,5,8.14倍,1.68倍,2.41%
20260616,3343,上場ＭＳ世界,1554,東Ｅ,,"6,809",+11,+0.16%,5,ー倍,ー倍,ー%
20260616,3344,ＳＸＮＹダウ,1679,東Ｅ,,"66,740",ー,ー%,5,ー倍,ー倍,ー%
20260616,3345,名工建,1869,名M,,"1,730",+19,+1.11%,5,7.94倍,0.51倍,3.82%
20260616,3346,博展,2173,東G,,663,+2,+0.30%,5,6.36倍,2.18倍,4.07%
20260616,3347,リニカル,2183,東S,,205,-1,-0.49%,5,25.7倍,1.16倍,3.90%
20260616,3348,日経３００投,1319,東Ｅ,,735.0,-15.0,-2.00%,4,ー倍,ー倍,ー%
20260616,3349,エムビーエス,1401,東G,,"1,277",+15,+1.19%,4,17.7倍,2.37倍,1.17%
20260616,3350,上場Ａリート,1555,東Ｅ,,"2,595",-7,-0.27%,4,ー倍,ー倍,ー%
20260616,3351,藤田エンジ,1770,東S,,"1,831",+25,+1.38%,4,8.41倍,0.81倍,3.71%
20260616,3352,森組,1853,東S,,315,-2,-0.63%,4,13.2倍,0.67倍,4.44%
20260616,3353,ハンセンブル,2031,東EN,,"7,519",-247,-3.18%,4,ー倍,ー倍,ー%
20260616,3354,ＣＤＳ,2169,東S,,"1,755",-5,-0.28%,4,18.1倍,1.36倍,4.22%
20260616,3355,ウッドワン,7898,東S,,856,-10,-1.15%,4,19.9倍,0.18倍,2.80%
20260616,3356,リーガル,7938,東S,,"2,068",+15,+0.73%,4,6.49倍,0.45倍,3.96%
20260616,3357,フジコピアン,7957,東S,,"1,609",-11,-0.68%,4,4.11倍,0.31倍,7.33%
20260616,3358,ナラサキ,8085,東S,,"3,955",-30,-0.75%,4,7.92倍,0.68倍,3.54%
20260616,3359,キムラタン,8107,東S,,32,0,0.00%,4,356倍,5.35倍,ー%
20260616,3360,ムーンバット,8115,東S,,"1,711",-2,-0.12%,4,12.9倍,1.32倍,3.16%
20260616,3361,エリアクエス,8912,東S,,171,0,0.00%,4,16.4倍,1.72倍,2.34%
20260616,3362,エイシアンＳ,8946,東S,,74,+1,+1.37%,4,14.6倍,0.78倍,ー%
20260616,3363,グラッドＣ,9561,東G,,413,0,0.00%,4,124倍,4.60倍,ー%
20260616,3364,ビジコーチ,9562,東G,,502,-8,-1.57%,4,425倍,1.58倍,3.39%
20260616,3365,リンカーズ,5131,東G,,127,+2,+1.60%,4,ー倍,2.63倍,ー%
20260616,3366,スマサポ,9342,東G,,789,+7,+0.90%,4,12.2倍,3.12倍,ー%
20260616,3367,ＯＢシステム,5576,東S,,"2,808",+23,+0.83%,4,9.07倍,1.15倍,4.45%
20260616,3368,大英産業,2974,福証,,842,-30,-3.44%,4,6.02倍,0.33倍,2.85%
20260616,3369,宮崎太銀,8560,福証,,"2,245",+26,+1.17%,4,8.06倍,0.28倍,2.23%
20260616,3370,ｉＦ米債７無,2015,東Ｅ,,"2,181",-1,-0.05%,4,ー倍,ー倍,ー%
20260616,3371,ＶＰＪ,334A,東G,,912,-48,-5.00%,4,14.8倍,2.37倍,ー%
20260616,3372,ビーブレイク,3986,東S,,533,+3,+0.57%,4,22.1倍,1.38倍,2.81%
20260616,3373,ＳＹＳＨＤ,3988,東S,,523,-9,-1.69%,4,9.16倍,1.37倍,1.53%
20260616,3374,大阪油化,4124,東S,,"2,510",-21,-0.83%,4,22.4倍,1.68倍,1.83%
20260616,3375,竹本容器,4248,東S,,881,0,0.00%,4,11.8倍,0.88倍,4.31%
20260616,3376,ジャストプラ,4287,東S,,448,-2,-0.44%,4,10.6倍,1.36倍,2.90%
20260616,3377,プロパテＤＢ,4389,東G,,866,-10,-1.14%,4,10.1倍,2.71倍,3.70%
20260616,3378,東邦化,4409,東S,,721,0,0.00%,4,ー倍,0.63倍,ー%
20260616,3379,ＧＤＨ,4437,東G,,835,+4,+0.48%,4,9.29倍,1.75倍,0.60%
20260616,3380,ナトコ,4627,東S,,"1,716",-19,-1.10%,4,13.0倍,0.51倍,3.15%
20260616,3381,大伸化学,4629,東S,,"1,877",+9,+0.48%,4,10.6倍,0.49倍,2.40%
20260616,3382,トーセ,4728,東S,,635,-8,-1.24%,4,6.09倍,0.76倍,3.94%
20260616,3383,パワーソリュ,4450,東G,,"1,922",-2,-0.10%,4,27.7倍,1.65倍,1.35%
20260616,3384,ランサーズ,4484,東G,,265,0,0.00%,4,16.9倍,3.03倍,1.13%
20260616,3385,ＩＮＣＨＤ,7078,東G,,359,-7,-1.91%,4,ー倍,2.36倍,ー%
20260616,3386,ウイルテック,7087,東S,,"1,300",-4,-0.31%,4,8.91倍,0.95倍,3.31%
20260616,3387,Ｃマネージ,4491,東S,,"2,954",-32,-1.07%,4,11.8倍,1.45倍,2.03%
20260616,3388,Ｋラーニング,7353,東G,,566,-6,-1.05%,4,11.8倍,2.73倍,ー%
20260616,3389,日本情報Ｃ,4054,東G,,521,-1,-0.19%,4,9.82倍,1.79倍,2.30%
20260616,3390,レッティ,7356,東G,,113,-1,-0.88%,4,13.6倍,4.93倍,ー%
20260616,3391,ココペリ,4167,東G,,272,-8,-2.86%,4,41.4倍,1.42倍,ー%
20260616,3392,いつも,7694,東G,,422,-5,-1.17%,4,13.4倍,0.99倍,ー%
20260616,3393,表示灯,7368,東S,,"1,666",-7,-0.42%,4,9.71倍,0.92倍,3.90%
20260616,3394,ＦＬネット,9241,東G,,"1,183",-19,-1.58%,4,35.4倍,3.60倍,ー%
20260616,3395,ロボペイ,4374,東G,,"2,339",+9,+0.39%,4,14.9倍,6.52倍,1.33%
20260616,3396,セイファート,9213,東S,,"1,035",0,0.00%,4,ー倍,1.90倍,ー%
20260616,3397,ＧＸインフ日,2847,東Ｅ,,"3,100",+40,+1.31%,4,ー倍,ー倍,ー%
20260616,3398,サークレイス,5029,東G,,682,-8,-1.16%,4,8.55倍,2.34倍,ー%
20260616,3399,遠州トラック,9057,東S,,"3,125",0,0.00%,4,11.1倍,0.94倍,3.07%
20260616,3400,東海汽,9173,東S,,"3,015",+5,+0.17%,4,41.4倍,1.28倍,ー%
20260616,3401,伊勢湾,9359,名M,,945,-10,-1.05%,4,9.61倍,0.47倍,3.17%
20260616,3402,兵機海,9362,東S,,"3,660",ー,ー%,4,11.0倍,0.78倍,3.01%
20260616,3403,大東港運,9367,東S,,"1,825",+18,+1.00%,4,19.7倍,1.49倍,1.70%
20260616,3404,ショーエイ,9385,東S,,704,+11,+1.59%,4,5.60倍,1.06倍,4.97%
20260616,3405,エヌジェイ,9421,東S,,552,+2,+0.36%,4,26.6倍,1.82倍,ー%
20260616,3406,ベルパーク,9441,東S,,"2,751",-10,-0.36%,4,10.2倍,1.20倍,3.71%
20260616,3407,セキド,9878,東S,,423,-2,-0.47%,4,671倍,32.6倍,ー%
20260616,3408,マキヤ,9890,東S,,"1,340",+9,+0.68%,4,8.94倍,0.60倍,2.84%
20260616,3409,ヤマザワ,9993,東S,,"1,172",+3,+0.26%,4,26.7倍,0.45倍,2.30%
20260616,3410,フォーライフ,3477,東G,,825,+3,+0.36%,4,5.08倍,0.76倍,3.94%
20260616,3411,イノベＨＤ,3484,東S,,"1,062",+1,+0.09%,4,14.0倍,3.61倍,3.20%
20260616,3412,マリオン,3494,東S,,324,+1,+0.31%,4,10.6倍,0.53倍,1.98%
20260616,3413,フォーシーズ,3726,東S,,330,-3,-0.90%,4,52.9倍,2.07倍,ー%
20260616,3414,ジーダット,3841,東S,,"1,169",-36,-2.99%,4,21.4倍,1.25倍,3.42%
20260616,3415,コラボス,3908,東S,,309,-1,-0.32%,4,28.8倍,1.06倍,1.94%
20260616,3416,アイビーシー,3920,東S,,987,-2,-0.20%,4,12.8倍,2.28倍,2.23%
20260616,3417,静甲,6286,東S,,"1,424",+5,+0.35%,4,9.20倍,0.53倍,1.97%
20260616,3418,オーイズミ,6428,東S,,310,-2,-0.64%,4,11.6倍,0.37倍,3.87%
20260616,3419,ＫＶＫ,6484,東S,,"2,326",+1,+0.04%,4,8.49倍,0.61倍,3.65%
20260616,3420,ヨシタケ,6488,東S,,918,-2,-0.22%,4,8.40倍,0.64倍,3.92%
20260616,3421,ＷＡＳＨハウ,6537,東G,,338,-7,-2.03%,4,27.2倍,1.40倍,ー%
20260616,3422,森尾電,6647,東S,,"2,600",-25,-0.95%,4,11.5倍,0.57倍,2.31%
20260616,3423,トラースＯＰ,6696,東G,,252,-2,-0.79%,4,ー倍,3.96倍,ー%
20260616,3424,星和電,6748,東S,,685,-8,-1.15%,4,6.64倍,0.46倍,2.92%
20260616,3425,パルステック,6894,東S,,"2,139",+36,+1.71%,4,9.75倍,0.73倍,4.21%
20260616,3426,ＯＫＡＹＡ,6926,東S,,184,-1,-0.54%,4,ー倍,0.70倍,ー%
20260616,3427,日本興業,5279,東S,,"1,196",+5,+0.42%,4,8.51倍,0.40倍,3.76%
20260616,3428,ヤマウＨＤ,5284,東S,,"2,177",-10,-0.46%,4,5.86倍,0.96倍,5.14%
20260616,3429,中可鍛,5607,名M,,614,-1,-0.16%,4,6.06倍,0.30倍,3.09%
20260616,3430,日亜鋼,5658,東S,,349,-4,-1.13%,4,13.1倍,0.29倍,2.87%
20260616,3431,ダイケン,5900,東S,,842,-5,-0.59%,4,13.2倍,0.34倍,2.97%
20260616,3432,中西製,5941,東S,,"2,516",-7,-0.28%,4,7.82倍,0.70倍,3.97%
20260616,3433,マルゼン,5982,東S,,"3,935",+105,+2.74%,4,11.8倍,1.20倍,3.18%
20260616,3434,日本ＰＣ,6025,名N,,640,-40,-5.88%,4,111倍,3.51倍,ー%
20260616,3435,リンクバル,6046,東S,,112,+1,+0.90%,4,"2,240倍",2.58倍,ー%
20260616,3436,ウチヤマＨＤ,6059,東S,,346,+2,+0.58%,4,22.9倍,0.47倍,2.89%
20260616,3437,ギークス,7060,東S,,578,+1,+0.17%,4,9.32倍,1.93倍,5.54%
20260616,3438,南陽,7417,東S,,"1,460",-15,-1.02%,4,7.88倍,0.64倍,4.45%
20260616,3439,コナカ,7494,東S,,218,-2,-0.91%,4,4.65倍,0.42倍,4.59%
20260616,3440,ヒマラヤ,7514,東S,,853,0,0.00%,4,32.6倍,0.66倍,3.05%
20260616,3441,アールビバン,7523,東S,,"1,710",+7,+0.41%,4,11.2倍,0.96倍,3.51%
20260616,3442,安楽亭,7562,東S,,"3,710",-5,-0.13%,4,22.5倍,2.07倍,0.40%
20260616,3443,栄電子,7567,東S,,533,-11,-2.02%,4,20.8倍,0.56倍,2.44%
20260616,3444,田中商事,7619,東S,,880,+11,+1.27%,4,6.22倍,0.46倍,3.52%
20260616,3445,ヤマトモビＭ,7886,東S,,629,-1,-0.16%,4,59.6倍,1.78倍,ー%
20260616,3446,福留ハ,2291,東S,,483,-2,-0.41%,4,11.5倍,0.65倍,ー%
20260616,3447,ＣＳＳ,2304,東S,,894,-11,-1.22%,4,7.52倍,1.32倍,3.91%
20260616,3448,ケア２１,2373,東S,,408,-5,-1.21%,4,110倍,1.32倍,4.17%
20260616,3449,ゲンダイ,2411,東S,,448,+2,+0.45%,4,9.48倍,1.27倍,5.58%
20260616,3450,イーサポート,2493,東S,,917,+2,+0.22%,4,28.2倍,1.10倍,0.55%
20260616,3451,日本和装,2499,東S,,272,-2,-0.73%,4,9.48倍,0.68倍,5.15%
20260616,3452,ｉＦＪリコア,2528,東Ｅ,,"1,074",-20,-1.83%,4,ー倍,ー倍,ー%
20260616,3453,カネ美食品,2669,東S,,"3,705",-5,-0.13%,4,19.9倍,1.17倍,1.03%
20260616,3454,ピエトロ,2818,東S,,"1,728",-4,-0.23%,4,ー倍,1.93倍,1.39%
20260616,3455,セイヒョー,2872,東S,,"2,144",-42,-1.92%,4,31.7倍,2.01倍,0.84%
20260616,3456,太陽化,2902,名M,,"2,540",+15,+0.59%,4,8.86倍,0.77倍,3.98%
20260616,3457,ヒラキ,3059,東S,,702,-2,-0.28%,4,34.2倍,0.57倍,2.85%
20260616,3458,銚子丸,3075,東S,,"1,605",-3,-0.19%,4,25.6倍,2.30倍,0.93%
20260616,3459,オーシャンシ,3096,東S,,"1,653",-18,-1.08%,4,10.2倍,1.28倍,1.21%
20260616,3460,ミサワ,3169,東S,,653,-4,-0.61%,4,27.0倍,1.47倍,1.23%
20260616,3461,Ｙｓテーブル,2798,東S,,"2,979",-3,-0.10%,3,23.3倍,11.1倍,ー%
20260616,3462,和弘食品,2813,東S,,"3,925",0,0.00%,3,8.67倍,0.95倍,2.80%
20260616,3463,日東ベスト,2877,東S,,737,+1,+0.14%,3,22.3倍,0.53倍,1.63%
20260616,3464,大冷,2883,東S,,"1,970",-4,-0.20%,3,22.0倍,1.31倍,3.05%
20260616,3465,あじかん,2907,東S,,"1,385",-8,-0.57%,3,9.02倍,0.57倍,4.19%
20260616,3466,仙波糖化,2916,東S,,710,+4,+0.57%,3,11.3倍,0.63倍,2.11%
20260616,3467,大森屋,2917,東S,,914,-6,-0.65%,3,23.2倍,0.39倍,ー%
20260616,3468,セキュアヴェ,3042,東S,,278,-1,-0.36%,3,22.5倍,1.67倍,1.08%
20260616,3469,ハイパー,3054,東S,,231,+2,+0.87%,3,21.9倍,0.72倍,3.03%
20260616,3470,ＪＢイレブン,3066,名M,,614,+3,+0.49%,3,274倍,2.88倍,0.41%
20260616,3471,ジェーソン,3080,東S,,755,-2,-0.26%,3,64.5倍,1.63倍,1.72%
20260616,3472,富士山ＭＳ,3138,東S,,"1,161",-10,-0.85%,3,39.9倍,1.67倍,1.38%
20260616,3473,新潟交,9017,東S,,"1,970",-9,-0.45%,3,12.6倍,0.37倍,0.51%
20260616,3474,東部ネット,9036,東S,,"1,198",+13,+1.10%,3,25.4倍,0.31倍,1.67%
20260616,3475,大和自,9082,東S,,"1,335",-40,-2.91%,3,59.5倍,0.62倍,0.75%
20260616,3476,川西倉,9322,東S,,"2,239",0,0.00%,3,26.5倍,0.78倍,5.90%
20260616,3477,ワイヤレスＧ,9419,東S,,292,+4,+1.39%,3,12.7倍,1.90倍,ー%
20260616,3478,文溪堂,9471,名M,,"1,120",-11,-0.97%,3,11.4倍,0.46倍,3.64%
20260616,3479,歌舞伎,9661,東S,,"4,465",0,0.00%,3,228倍,4.76倍,0.11%
20260616,3480,ＩＸナレッジ,9753,東S,,"1,251",-9,-0.71%,3,7.42倍,1.03倍,4.00%
20260616,3481,天満屋ス,9846,東S,,992,-1,-0.10%,3,8.14倍,0.41倍,2.02%
20260616,3482,コックス,9876,東S,,218,-4,-1.80%,3,5.58倍,0.57倍,ー%
20260616,3483,ショクブン,9969,東S,,226,-4,-1.74%,3,"1,738倍",1.48倍,1.11%
20260616,3484,セキチュー,9976,東S,,"1,062",+2,+0.19%,3,16.5倍,0.49倍,2.82%
20260616,3485,ＰＯＰＥＲ,5134,東G,,478,+11,+2.36%,3,33.7倍,2.09倍,ー%
20260616,3486,ジェノバ,5570,東G,,613,-10,-1.61%,3,14.9倍,2.30倍,1.14%
20260616,3487,ｉＦＳＰＷベ,2249,東Ｅ,,"9,655",-81,-0.83%,3,ー倍,ー倍,ー%
20260616,3488,北海電工,1832,札証,,"1,370",+20,+1.48%,3,8.25倍,0.77倍,1.46%
20260616,3489,インバＰＦ,5587,東G,,760,+5,+0.66%,3,11.1倍,1.64倍,ー%
20260616,3490,ＲＥＩＴイン,2094,東Ｅ,,815,+24,+3.03%,3,ー倍,ー倍,ー%
20260616,3491,光フードＳ,138A,東G,,"2,898",+1,+0.03%,3,22.6倍,2.14倍,1.66%
20260616,3492,シンカ,149A,東G,,704,+9,+1.29%,3,ー倍,2.28倍,ー%
20260616,3493,ダイブ,151A,東G,,584,-3,-0.51%,3,9.09倍,1.82倍,ー%
20260616,3494,コージンＢ,177A,東G,,"1,002",-17,-1.67%,3,46.6倍,0.86倍,1.00%
20260616,3495,ＧＸ印１０＋,188A,東Ｅ,,884,+9,+1.03%,3,ー倍,ー倍,ー%
20260616,3496,学びエイド,184A,東G,,301,-10,-3.22%,3,12.4倍,1.92倍,ー%
20260616,3497,マスカットＧ,195A,東G,,700,+14,+2.04%,3,ー倍,2.21倍,ー%
20260616,3498,アスア,246A,東G,,"1,070",-5,-0.47%,3,29.4倍,2.70倍,0.65%
20260616,3499,ミライロ,335A,東G,,359,-4,-1.10%,3,29.3倍,4.38倍,ー%
20260616,3500,ホーブ,1382,東S,,"1,426",-34,-2.33%,3,60.4倍,1.50倍,3.51%
20260616,3501,ｉＳＨＹ債Ｈ,1497,東Ｅ,,"1,764",0,0.00%,3,ー倍,ー倍,ー%
20260616,3502,Ｈ株ベア,1573,東Ｅ,,"8,674",+216,+2.55%,3,ー倍,ー倍,ー%
20260616,3503,ｉＦ４百,1599,東Ｅ,,"37,350",0,0.00%,3,ー倍,ー倍,ー%
20260616,3504,ＷＴアグリ,1687,東Ｅ,,948.4,-4.7,-0.49%,3,ー倍,ー倍,ー%
20260616,3505,ＷＴ大豆,1697,東Ｅ,,"4,228",+66,+1.59%,3,ー倍,ー倍,ー%
20260616,3506,工藤建設,1764,東S,,"2,925",0,0.00%,3,9.11倍,0.63倍,4.00%
20260616,3507,銭高組,1811,東S,,"7,770",+70,+0.91%,3,36.9倍,0.48倍,ー%
20260616,3508,暁飯島工業,1997,東S,,"3,875",+65,+1.71%,3,11.2倍,0.98倍,2.45%
20260616,3509,ＮＹダウベア,2041,東EN,,"1,995",+8,+0.40%,3,ー倍,ー倍,ー%
20260616,3510,グロス２５０,2042,東EN,,"7,452",-44,-0.59%,3,ー倍,ー倍,ー%
20260616,3511,フジ日本,2114,東S,,611,+1,+0.16%,3,12.5倍,1.12倍,3.11%
20260616,3512,ヒップ,2136,東S,,"1,397",+31,+2.27%,3,12.8倍,1.30倍,5.08%
20260616,3513,シイエムシイ,2185,東S,,"1,802",-8,-0.44%,3,10.6倍,1.02倍,3.16%
20260616,3514,一パン,2215,東S,,594,-1,-0.17%,3,22.9倍,0.47倍,ー%
20260616,3515,ソノコム,7902,東S,,"1,050",+14,+1.35%,3,21.2倍,0.41倍,1.24%
20260616,3516,野崎紙,7919,東S,,187,-2,-1.06%,3,ー倍,0.65倍,ー%
20260616,3517,ツカモト,8025,東S,,"1,227",-13,-1.05%,3,33.0倍,0.31倍,2.44%
20260616,3518,東海エレ,8071,名M,,"2,769",+24,+0.87%,3,15.8倍,0.31倍,4.12%
20260616,3519,カノークス,8076,東S,,"1,951",-2,-0.10%,3,9.29倍,0.57倍,5.43%
20260616,3520,三栄コ,8119,東S,,757,-1,-0.13%,3,10.3倍,0.49倍,4.10%
20260616,3521,中部水産,8145,名M,,"3,125",ー,ー%,3,11.6倍,0.35倍,2.72%
20260616,3522,トミタ,8147,東S,,"1,205",-10,-0.82%,3,9.19倍,0.48倍,2.07%
20260616,3523,はせがわ,8230,東S,,308,0,0.00%,3,10.0倍,0.44倍,4.87%
20260616,3524,光世,8617,東S,,521,-10,-1.88%,3,ー倍,0.30倍,ー%
20260616,3525,ＲＩＳＥ,8836,東S,,25,0,0.00%,3,ー倍,-1.0倍,ー%
20260616,3526,リビンＴ,4445,東G,,"1,512",0,0.00%,3,27.8倍,2.43倍,ー%
20260616,3527,東証リート,2555,東Ｅ,,"1,831.5",-31.0,-1.66%,3,ー倍,ー倍,ー%
20260616,3528,レオクラン,7681,東S,,900,-22,-2.39%,3,23.2倍,0.93倍,1.89%
20260616,3529,上場ＥＳＧリ,2566,東Ｅ,,"1,011",-4,-0.39%,3,ー倍,ー倍,ー%
20260616,3530,ｉＳ米債１３,2620,東Ｅ,,372.7,+0.2,+0.05%,3,ー倍,ー倍,ー%
20260616,3531,かっこ,4166,東G,,644,-4,-0.62%,3,ー倍,2.68倍,ー%
20260616,3532,Ｂマインド,7343,東G,,"1,184",-11,-0.92%,3,21.2倍,1.68倍,5.91%
20260616,3533,メイホーＨＤ,7369,東G,,438,+6,+1.39%,3,10.3倍,0.85倍,ー%
20260616,3534,ミアヘルサ,7129,東S,,"1,127",+2,+0.18%,3,8.77倍,0.81倍,2.66%
20260616,3535,ヒュウガプラ,7133,東G,,"1,017",-14,-1.36%,3,11.5倍,2.66倍,1.97%
20260616,3536,長栄,2993,東S,,"2,137",+55,+2.64%,3,10.1倍,0.76倍,4.68%
20260616,3537,ＣａＳｙ,9215,東G,,869,-9,-1.03%,3,ー倍,5.94倍,ー%
20260616,3538,ギックス,9219,東G,,905,0,0.00%,3,ー倍,3.02倍,5.91%
20260616,3539,セカンドＸ,5028,東G,,346,+5,+1.47%,3,20.0倍,2.77倍,ー%
20260616,3540,ヤマイチ,2984,東S,,698,-6,-0.85%,3,5.14倍,0.43倍,4.44%
20260616,3541,ＧＸ日カバコ,2858,東Ｅ,,"1,493",-32,-2.10%,3,ー倍,ー倍,ー%
20260616,3542,ＧＭＯテック,415A,東G,,"4,650",+20,+0.43%,3,16.6倍,2.00倍,5.95%
20260616,3543,チエル,3933,東S,,461,-9,-1.91%,3,8.61倍,1.02倍,4.99%
20260616,3544,ダイナパック,3947,東S,,"2,162",+27,+1.26%,3,8.45倍,0.44倍,3.70%
20260616,3545,ウォンテッド,3991,東G,,921,-6,-0.65%,3,5.69倍,1.73倍,2.17%
20260616,3546,クラスター,4240,東S,,312,-4,-1.27%,3,38.6倍,1.01倍,1.60%
20260616,3547,山田債権,4351,東S,,973,-3,-0.31%,3,29.0倍,1.29倍,1.03%
20260616,3548,ビープラッツ,4381,東G,,240,-16,-6.25%,3,16.6倍,-1.6倍,ー%
20260616,3549,仁丹,4524,東S,,"2,168",+15,+0.70%,3,16.8倍,0.68倍,3.00%
20260616,3550,中京医薬,4558,東S,,199,0,0.00%,3,25.0倍,0.82倍,2.51%
20260616,3551,アサヒペン,4623,東S,,"1,693",-2,-0.12%,3,9.37倍,0.42倍,3.54%
20260616,3552,イマジニア,4644,東S,,"1,023",-1,-0.10%,3,19.7倍,0.82倍,5.87%
20260616,3553,環境管理,4657,東S,,440,+3,+0.69%,3,13.2倍,0.85倍,1.82%
20260616,3554,ピーエイ,4766,東S,,180,-2,-1.10%,3,19.4倍,4.31倍,2.89%
20260616,3555,ＩＣ,4769,東S,,"1,103",+28,+2.60%,3,21.6倍,1.27倍,3.63%
20260616,3556,ガーラ,4777,東S,,201,-1,-0.50%,3,ー倍,13.9倍,ー%
20260616,3557,バードマン,7063,東G,,86,-1,-1.15%,3,ー倍,1.89倍,ー%
20260616,3558,ｕｐｒ,7065,東S,,943,-17,-1.77%,3,10.8倍,0.76倍,3.71%
20260616,3559,テイン,7217,東S,,411,+4,+0.98%,3,11.7倍,0.60倍,4.38%
20260616,3560,ポプラ,7601,東S,,164,-1,-0.61%,3,13.6倍,13.7倍,ー%
20260616,3561,梅の花Ｇ,7604,東S,,857,-6,-0.70%,3,27.3倍,3.63倍,1.17%
20260616,3562,オーエムツー,7614,東S,,"1,540",+4,+0.26%,3,10.3倍,0.57倍,2.34%
20260616,3563,うかい,7621,東S,,"3,300",-5,-0.15%,3,ー倍,3.70倍,0.45%
20260616,3564,ＰＬＡＮＴ,7646,東S,,"1,772",-15,-0.84%,3,11.1倍,0.78倍,5.36%
20260616,3565,セントラルＦ,7675,名M,,"2,801",-51,-1.79%,3,9.75倍,0.66倍,2.28%
20260616,3566,メディキット,7749,東S,,"2,808",-32,-1.13%,3,14.3倍,0.87倍,3.56%
20260616,3567,ＣＳランバー,7808,東S,,"2,510",+4,+0.16%,3,5.80倍,0.40倍,3.19%
20260616,3568,スターツ出版,7849,東S,,"3,290",-30,-0.90%,3,8.34倍,1.18倍,3.95%
20260616,3569,コンバム,6265,東S,,"3,310",0,0.00%,3,22.0倍,0.85倍,1.51%
20260616,3570,カワタ,6292,東S,,827,-12,-1.43%,3,15.2倍,0.44倍,4.59%
20260616,3571,不二精機,6400,東S,,258,-2,-0.77%,3,7.23倍,0.52倍,2.71%
20260616,3572,ＤＭソリュ,6549,東S,,"2,099",+14,+0.67%,3,8.52倍,1.52倍,2.00%
20260616,3573,みらいＷＫＳ,6563,東G,,473,-6,-1.25%,3,6.88倍,1.62倍,ー%
20260616,3574,ＣＧＳＨＤ,6633,東S,,331,0,0.00%,3,14.7倍,0.96倍,3.02%
20260616,3575,不二電機,6654,東S,,"1,074",-5,-0.46%,3,24.9倍,0.53倍,2.98%
20260616,3576,リーダー電子,6867,東S,,412,-1,-0.24%,3,25.2倍,0.49倍,3.64%
20260616,3577,ケル,6919,東S,,"1,341",-8,-0.59%,3,81.3倍,0.64倍,5.97%
20260616,3578,ダイトウボウ,3202,東S,,129,-1,-0.77%,3,32.1倍,0.77倍,2.33%
20260616,3579,セントラル総,3238,東S,,368,+2,+0.55%,3,8.84倍,0.34倍,3.53%
20260616,3580,ファンクリＧ,3266,東S,,80,-1,-1.23%,3,8.72倍,0.93倍,1.25%
20260616,3581,サンセイラン,3277,東S,,"1,255",-3,-0.24%,3,7.67倍,0.70倍,4.06%
20260616,3582,東武住販,3297,東S,,"1,103",0,0.00%,3,9.97倍,0.67倍,3.63%
20260616,3583,トーエル,3361,東S,,861,+4,+0.47%,3,12.1倍,0.72倍,2.67%
20260616,3584,関門海,3372,東S,,219,-2,-0.90%,3,25.0倍,2.13倍,ー%
20260616,3585,サンコテクノ,3435,東S,,"1,370",-15,-1.08%,3,8.67倍,0.54倍,3.36%
20260616,3586,ソトー,3571,東S,,698,0,0.00%,3,ー倍,0.57倍,5.73%
20260616,3587,パピレス,3641,東S,,910,-6,-0.66%,3,62.0倍,0.88倍,1.10%
20260616,3588,メディカルＮ,3645,東G,,230,-1,-0.43%,3,17.6倍,1.07倍,1.30%
20260616,3589,オルトＰ,3672,東S,,26,0,0.00%,3,ー倍,1.73倍,ー%
20260616,3590,オークファン,3674,東G,,315,+2,+0.64%,3,166倍,0.82倍,ー%
20260616,3591,クロスマーケ,3675,東S,,568,-3,-0.53%,3,6.87倍,1.15倍,2.64%
20260616,3592,イルグルム,3690,東S,,512,0,0.00%,3,16.2倍,1.71倍,1.56%
20260616,3593,ＧＭＯ－ＰＰ,3695,東G,,"1,614",-8,-0.49%,3,18.9倍,2.97倍,3.98%
20260616,3594,テクノマセマ,3787,東S,,277,-1,-0.36%,3,23.2倍,0.40倍,ー%
20260616,3595,メディア工房,3815,東G,,444,0,0.00%,3,ー倍,7.67倍,ー%
20260616,3596,ＳＩ,3826,東S,,437,+1,+0.23%,3,11.9倍,1.07倍,2.52%
20260616,3597,ショーケース,3909,東S,,192,-1,-0.52%,3,15.0倍,0.98倍,ー%
20260616,3598,高見沢,5283,東S,,"2,942",-25,-0.84%,3,4.86倍,0.31倍,2.38%
20260616,3599,ダントーＨＤ,5337,東S,,838,-5,-0.59%,3,ー倍,3.27倍,ー%
20260616,3600,虹技,5603,東S,,"1,190",-8,-0.67%,3,9.76倍,0.25倍,3.36%
20260616,3601,イボキン,5699,東S,,"1,477",+3,+0.20%,3,9.26倍,0.93倍,2.17%
20260616,3602,大谷工業,5939,東S,,"5,000",-20,-0.40%,3,15.0倍,0.88倍,0.60%
20260616,3603,天竜製鋸,5945,東S,,"2,534",+17,+0.68%,3,15.3倍,0.58倍,3.28%
20260616,3604,トーソー,5956,東S,,565,-2,-0.35%,3,8.92倍,0.32倍,2.30%
20260616,3605,トーアミ,5973,東S,,614,-9,-1.44%,3,11.6倍,0.31倍,2.93%
20260616,3606,三機サービス,6044,東S,,"1,529",+7,+0.46%,3,13.9倍,1.88倍,1.96%
20260616,3607,ＥＡＪ,6063,東S,,941,+12,+1.29%,3,16.9倍,1.27倍,ー%
20260616,3608,ＧＭＯメディ,6180,東G,,"3,640",+30,+0.83%,3,11.3倍,2.30倍,5.77%
20260616,3609,フェニクスＢ,6190,東G,,366,-14,-3.68%,3,19.6倍,0.97倍,ー%
20260616,3610,アジュバン,4929,東S,,728,+3,+0.41%,2,243倍,1.38倍,1.65%
20260616,3611,桜ゴム,5189,東S,,"2,969",+27,+0.92%,2,ー倍,0.57倍,ー%
20260616,3612,トーヨアサノ,5271,東S,,"2,150",-47,-2.14%,2,10.1倍,0.73倍,3.95%
20260616,3613,ニッコー,5343,名M,,177,-1,-0.56%,2,ー倍,1.85倍,ー%
20260616,3614,ルツボ,5355,東S,,667,-3,-0.45%,2,9.85倍,0.71倍,3.00%
20260616,3615,報国マテリア,5542,東S,,811,-3,-0.37%,2,10.8倍,0.92倍,3.08%
20260616,3616,川岸工,5921,東S,,"4,060",-30,-0.73%,2,14.0倍,0.38倍,3.45%
20260616,3617,アルメタクス,5928,東S,,272,0,0.00%,2,22.8倍,0.30倍,2.94%
20260616,3618,パワーファス,5950,東S,,140,-2,-1.41%,2,27.6倍,0.86倍,1.79%
20260616,3619,フジマック,5965,東S,,"1,145",0,0.00%,2,3.57倍,0.56倍,5.24%
20260616,3620,ＴＯＮＥ,5967,東S,,443,-1,-0.23%,2,12.6倍,0.82倍,2.03%
20260616,3621,スーパツール,5990,東S,,"1,982",0,0.00%,2,27.5倍,0.45倍,3.03%
20260616,3622,アトラＧ,6029,東S,,187,+6,+3.31%,2,ー倍,1.22倍,ー%
20260616,3623,高松機械,6155,東S,,473,-1,-0.21%,2,38.4倍,0.31倍,2.11%
20260616,3624,和井田,6158,東S,,963,-1,-0.10%,2,17.9倍,0.59倍,3.95%
20260616,3625,タメニー,6181,東G,,71,-1,-1.39%,2,9.92倍,2.82倍,ー%
20260616,3626,リップス,373A,東G,,"1,503",-27,-1.76%,2,7.95倍,1.01倍,ー%
20260616,3627,フラー,387A,東G,,807,+1,+0.12%,2,12.4倍,1.19倍,ー%
20260616,3628,ｉＦリート２,443A,東Ｅ,,"1,828",-33,-1.77%,2,ー倍,ー倍,ー%
20260616,3629,ＳＳ金Ｈ,448A,東Ｅ,,261.3,+0.6,+0.23%,2,ー倍,ー倍,ー%
20260616,3630,ＧＸステコイ,512A,東Ｅ,,"1,097",-6,-0.54%,2,ー倍,ー倍,ー%
20260616,3631,Ｏｎｅ高配グ,541A,東Ｅ,,"1,030.0",-5.5,-0.53%,2,ー倍,ー倍,ー%
20260616,3632,ｉＳ国債〇一,570A,東Ｅ,,900.1,-0.5,-0.06%,2,ー倍,ー倍,ー%
20260616,3633,エアクロ,9557,東G,,157,+3,+1.95%,2,ー倍,4.61倍,ー%
20260616,3634,ＩＮＥＳＴ,7111,東S,,439,-4,-0.90%,2,10.7倍,0.63倍,ー%
20260616,3635,コーチエィ,9339,東S,,"1,246",0,0.00%,2,23.8倍,0.95倍,1.61%
20260616,3636,ＢＴＭ,5247,東G,,538,-10,-1.82%,2,23.0倍,2.09倍,ー%
20260616,3637,ハルメク,7119,東G,,"1,601",-3,-0.19%,2,14.7倍,1.99倍,2.50%
20260616,3638,エコム,6225,名M,,"2,090",+5,+0.24%,2,13.2倍,1.12倍,1.72%
20260616,3639,ココルポート,9346,東G,,"1,660",-3,-0.18%,2,10.6倍,1.95倍,3.67%
20260616,3640,日本ＳＢ,5530,名M,,"1,108",+17,+1.56%,2,7.17倍,0.96倍,2.89%
20260616,3641,日本乾溜工,1771,福証,,900,-5,-0.55%,2,16.9倍,1.15倍,4.00%
20260616,3642,豊和銀,8559,福証,,467,0,0.00%,2,6.63倍,0.51倍,2.14%
20260616,3643,第一交通,9035,福証,,729,+2,+0.28%,2,10.9倍,0.55倍,3.43%
20260616,3644,中バス,9085,札証,,"6,580",-10,-0.15%,2,14.3倍,0.52倍,ー%
20260616,3645,揚羽,9330,東G,,841,-2,-0.24%,2,38.9倍,1.27倍,ー%
20260616,3646,農中ＮＱ１Ｈ,2087,東Ｅ,,"3,585",+38,+1.07%,2,ー倍,ー倍,ー%
20260616,3647,バリューＣ,9238,東G,,394,-6,-1.50%,2,ー倍,23.2倍,ー%
20260616,3648,ｉＳＨＹ社債,2258,東Ｅ,,230.3,-0.3,-0.13%,2,ー倍,ー倍,ー%
20260616,3649,ＧＸ優証隔月,2019,東Ｅ,,"1,041",-1,-0.10%,2,ー倍,ー倍,ー%
20260616,3650,ＳＴＧ,5858,東G,,"1,148",+47,+4.27%,2,8.41倍,0.69倍,1.74%
20260616,3651,イシン,143A,東G,,657,+3,+0.46%,2,38.5倍,1.04倍,ー%
20260616,3652,ハッチワーク,148A,東G,,"1,680",-6,-0.36%,2,14.9倍,3.11倍,ー%
20260616,3653,ＪＳＨ,150A,東G,,349,+9,+2.65%,2,49.4倍,1.02倍,ー%
20260616,3654,イタミアート,168A,東G,,"1,135",-3,-0.26%,2,9.99倍,1.26倍,1.76%
20260616,3655,ＧＸ超長米債,180A,東Ｅ,,295.9,-1.4,-0.47%,2,ー倍,ー倍,ー%
20260616,3656,ファベル,220A,東S,,950,+27,+2.93%,2,12.4倍,1.10倍,3.16%
20260616,3657,オプロ,228A,東G,,"1,700",+27,+1.61%,2,12.9倍,2.82倍,ー%
20260616,3658,ＧＸＣＦキン,234A,東Ｅ,,"1,382",-14,-1.00%,2,ー倍,ー倍,ー%
20260616,3659,ＳＭＴ内リ厳,258A,東Ｅ,,"2,069",-30,-1.43%,2,ー倍,ー倍,ー%
20260616,3660,ＧＶＡテック,298A,東G,,281,-1,-0.35%,2,653倍,6.52倍,ー%
20260616,3661,メディックス,331A,東S,,478,+8,+1.70%,2,8.45倍,1.07倍,3.97%
20260616,3662,ロイブ,352A,東G,,475,0,0.00%,2,153倍,2.61倍,ー%
20260616,3663,エレコミ,353A,福証,,"1,220",-30,-2.40%,2,16.0倍,5.29倍,ー%
20260616,3664,きょくとう,2300,東S,,500,+4,+0.81%,2,21.9倍,1.14倍,2.20%
20260616,3665,アルバイトＴ,2341,東S,,162,+4,+2.53%,2,21.3倍,1.04倍,3.09%
20260616,3666,サイネックス,2376,東S,,814,-10,-1.21%,2,19.0倍,0.57倍,1.84%
20260616,3667,プラネット,2391,東S,,"1,184",+1,+0.08%,2,18.9倍,1.46倍,3.72%
20260616,3668,鉄人化ＨＤ,2404,東S,,589,+2,+0.34%,2,19.2倍,8.36倍,ー%
20260616,3669,ブラス,2424,東S,,603,-12,-1.95%,2,10.2倍,0.74倍,1.33%
20260616,3670,シダー,2435,東S,,208,+1,+0.48%,2,8.98倍,1.19倍,3.85%
20260616,3671,プラップＪ,2449,東S,,"1,035",+4,+0.39%,2,9.15倍,0.85倍,3.96%
20260616,3672,オルアバウト,2454,東S,,343,-2,-0.58%,2,ー倍,1.35倍,ー%
20260616,3673,タウンＮ,2481,東S,,650,0,0.00%,2,10.0倍,0.65倍,3.08%
20260616,3674,マルサンアイ,2551,名M,,"3,535",+10,+0.28%,2,9.70倍,1.07倍,0.85%
20260616,3675,オートＷ,2666,東S,,159,0,0.00%,2,9.53倍,0.51倍,2.52%
20260616,3676,アイケイＨＤ,2722,東S,,355,-2,-0.56%,2,9.59倍,1.04倍,2.54%
20260616,3677,ユタカフーズ,2806,東S,,"1,903",-2,-0.10%,2,124倍,0.57倍,2.10%
20260616,3678,クリエイト,3024,東S,,"1,000",0,0.00%,2,ー倍,0.70倍,ー%
20260616,3679,東京一番,3067,東S,,452,0,0.00%,2,35.1倍,2.14倍,ー%
20260616,3680,オーミケンシ,3111,東S,,186,+6,+3.33%,2,ー倍,1.33倍,ー%
20260616,3681,ジオリーブＧ,3157,東S,,"1,371",-19,-1.37%,2,7.74倍,0.73倍,4.01%
20260616,3682,センコン物流,9051,東S,,"1,306",-29,-2.17%,2,13.4倍,1.07倍,1.15%
20260616,3683,岡県運送,9063,東S,,"4,040",+20,+0.50%,2,7.25倍,0.30倍,1.73%
20260616,3684,栗林船,9171,東S,,"1,725",-5,-0.29%,2,12.4倍,0.62倍,1.74%
20260616,3685,ＳＦＪ,9206,東S,,"1,947",-28,-1.42%,2,24.5倍,-3.3倍,ー%
20260616,3686,鈴与シンワ,9360,東S,,"2,760",-15,-0.54%,2,6.54倍,1.43倍,4.35%
20260616,3687,ＭＨグループ,9439,東S,,244,+2,+0.83%,2,ー倍,5.71倍,ー%
20260616,3688,アイドマＭＣ,9466,東S,,219,-1,-0.45%,2,13.7倍,0.85倍,4.57%
20260616,3689,グリンランド,9656,東S,,604,+2,+0.33%,2,12.5倍,0.59倍,2.48%
20260616,3690,ＫＹＣＯＭ,9685,東S,,555,+15,+2.78%,2,6.26倍,0.53倍,1.80%
20260616,3691,グランド,9720,東S,,"5,330",-30,-0.56%,2,64.2倍,1.59倍,0.47%
20260616,3692,昴,9778,東S,,"5,410",-90,-1.64%,2,24.1倍,0.88倍,2.22%
20260616,3693,ビステム,9780,東S,,899,-2,-0.22%,2,8.01倍,0.80倍,4.00%
20260616,3694,ジェネックス,9820,東S,,"3,510",ー,ー%,2,8.87倍,0.86倍,1.14%
20260616,3695,銀座ルノア,9853,東S,,909,+7,+0.78%,2,13.4倍,1.74倍,0.55%
20260616,3696,ハチバン,9950,東S,,"3,410",+5,+0.15%,2,108倍,2.63倍,0.59%
20260616,3697,アシードＨＤ,9959,東S,,898,-2,-0.22%,2,11.1倍,1.40倍,2.67%
20260616,3698,ジェイック,7073,東G,,"2,180",+27,+1.25%,2,16.2倍,2.10倍,2.52%
20260616,3699,名南Ｍ＆Ａ,7076,名M,,971,+11,+1.15%,2,22.5倍,1.82倍,0.89%
20260616,3700,スペースマ,4487,東G,,210,-1,-0.47%,2,16.9倍,2.60倍,ー%
20260616,3701,ニッソウ,1444,東G,,"2,802",-33,-1.16%,2,ー倍,1.85倍,ー%
20260616,3702,ゼネテック,4492,東S,,380,+5,+1.33%,2,12.0倍,1.61倍,3.29%
20260616,3703,関通ＨＤ,9326,東G,,414,-3,-0.72%,2,15.7倍,1.86倍,2.42%
20260616,3704,セルム,7367,東S,,329,+1,+0.30%,2,11.8倍,2.40倍,4.71%
20260616,3705,ファブリカ,4193,東S,,"2,214",+19,+0.87%,2,12.7倍,3.23倍,1.81%
20260616,3706,ドリムベッド,7791,東S,,803,+7,+0.88%,2,6.66倍,0.67倍,4.61%
20260616,3707,ステムセル研,7096,東G,,667,-2,-0.30%,2,64.0倍,2.50倍,ー%
20260616,3708,メディア総研,9242,東G,,"1,860",-11,-0.59%,2,9.39倍,1.30倍,1.34%
20260616,3709,リベロ,9245,東G,,"1,938",-12,-0.62%,2,13.7倍,3.60倍,2.17%
20260616,3710,プロＨＤ,9246,東G,,990,-10,-1.00%,2,15.5倍,2.29倍,ー%
20260616,3711,一家ＨＤ,7127,東S,,691,+1,+0.14%,2,22.2倍,5.15倍,ー%
20260616,3712,ＭＸ米債ヘ無,2838,東Ｅ,,"8,898",-10,-0.11%,2,ー倍,ー倍,ー%
20260616,3713,イメージＭ,7793,東G,,"1,449",+4,+0.28%,2,8.11倍,1.88倍,2.42%
20260616,3714,ストレジ王,2997,東G,,941,-5,-0.53%,2,13.0倍,1.51倍,ー%
20260616,3715,ＨＯＵＳＥＩ,5035,東G,,356,-15,-4.04%,2,14.0倍,0.77倍,0.84%
20260616,3716,野村上証５０,1309,東Ｅ,,"54,930",-570,-1.03%,2,ー倍,ー倍,ー%
20260616,3717,秋川牧園,1380,東S,,998,-2,-0.20%,2,52.0倍,1.91倍,1.00%
20260616,3718,上場米債ヘ無,1486,東Ｅ,,"24,700",-15,-0.06%,2,ー倍,ー倍,ー%
20260616,3719,上場アジリト,1495,東Ｅ,,"11,585",-40,-0.34%,2,ー倍,ー倍,ー%
20260616,3720,ＷＴ原油,1690,東Ｅ,,"2,238.5",+58.0,+2.66%,2,ー倍,ー倍,ー%
20260616,3721,美樹工業,1718,東S,,"6,790",-80,-1.16%,2,6.63倍,0.42倍,4.42%
20260616,3722,太洋基礎,1758,東S,,"2,530",-11,-0.43%,2,10.7倍,0.52倍,2.57%
20260616,3723,ナカボテック,1787,東S,,"5,340",+40,+0.75%,2,14.2倍,1.40倍,4.87%
20260616,3724,富士ＰＳ,1848,東S,,601,+1,+0.17%,2,10.5倍,0.81倍,4.16%
20260616,3725,徳倉建,1892,名M,,"7,500",+10,+0.13%,2,6.54倍,0.69倍,3.33%
20260616,3726,高橋ウォール,1994,東S,,553,+1,+0.18%,2,12.6倍,0.40倍,3.62%
20260616,3727,日和産,2055,東S,,320,0,0.00%,2,19.3倍,0.30倍,1.88%
20260616,3728,ソーバル,2186,東S,,898,+1,+0.11%,2,16.8倍,1.56倍,3.67%
20260616,3729,ヴィアＨＤ,7918,東S,,105,0,0.00%,2,ー倍,-1.1倍,ー%
20260616,3730,三光産業,7922,東S,,718,-1,-0.14%,2,ー倍,0.62倍,ー%
20260616,3731,旭化学,7928,東S,,607,+7,+1.17%,2,36.9倍,0.33倍,1.65%
20260616,3732,日デコラ,7950,名M,,"8,750",ー,ー%,2,12.9倍,0.42倍,4.23%
20260616,3733,菊水化,7953,東S,,384,+1,+0.26%,2,ー倍,0.47倍,4.43%
20260616,3734,リヒトラブ,7975,東S,,"1,071",-5,-0.46%,2,18.2倍,0.33倍,2.33%
20260616,3735,セーラー,7992,東S,,102,0,0.00%,2,ー倍,2.82倍,ー%
20260616,3736,くろ工,7997,東S,,982,-5,-0.51%,2,41.0倍,0.35倍,4.07%
20260616,3737,ナイガイ,8013,東S,,330,0,0.00%,2,36.8倍,0.38倍,ー%
20260616,3738,東ソワール,8040,東S,,"1,021",0,0.00%,2,10.1倍,0.33倍,4.41%
20260616,3739,浜丸魚,8045,東S,,"1,665",-35,-2.06%,2,16.2倍,0.48倍,2.04%
20260616,3740,トルク,8077,東S,,202,+1,+0.50%,2,8.31倍,0.32倍,2.97%
20260616,3741,東天紅,8181,東S,,"1,025",-5,-0.49%,2,5.79倍,0.36倍,1.46%
20260616,3742,ヤマナカ,8190,名M,,520,0,0.00%,2,28.3倍,0.55倍,1.92%
20260616,3743,マルイチ,8228,名M,,"1,131",+1,+0.09%,2,12.4倍,0.87倍,2.48%
20260616,3744,井筒屋,8260,東S,,387,0,0.00%,2,8.60倍,0.35倍,1.81%
20260616,3745,センチュ２１,8898,東S,,"1,124",+1,+0.09%,2,13.9倍,1.66倍,4.72%
20260616,3746,トーア紡,3204,東S,,494,-1,-0.20%,2,8.35倍,0.31倍,3.04%
20260616,3747,Ｇオイスター,3224,東G,,702,-3,-0.43%,2,110倍,2.45倍,1.42%
20260616,3748,コーセーＲＥ,3246,東S,,623,-1,-0.16%,2,14.4倍,0.61倍,3.85%
20260616,3749,アズマハウス,3293,東S,,759,-2,-0.26%,2,9.59倍,0.35倍,4.61%
20260616,3750,ランシステム,3326,東S,,615,+8,+1.32%,2,23.8倍,8.14倍,ー%
20260616,3751,東和フード,3329,東S,,"2,071",+3,+0.15%,2,29.3倍,2.15倍,0.97%
20260616,3752,バイク王,3377,東S,,370,-2,-0.54%,2,9.29倍,0.76倍,2.97%
20260616,3753,北紡,3409,東S,,97,+2,+2.11%,2,154倍,2.00倍,ー%
20260616,3754,特殊電極,3437,東S,,"2,718",+18,+0.67%,2,13.5倍,0.55倍,3.75%
20260616,3755,アズ企画設計,3490,東S,,"2,860",+8,+0.28%,2,8.14倍,1.08倍,1.05%
20260616,3756,丸八ＨＤ,3504,名M,,"1,232",-5,-0.40%,2,10.4倍,0.33倍,4.06%
20260616,3757,駅探,3646,東S,,324,0,0.00%,2,ー倍,1.26倍,2.47%
20260616,3758,リスモン,3768,東S,,552,+10,+1.85%,2,17.1倍,0.69倍,2.99%
20260616,3759,ガイアックス,3775,名N,,420,+9,+2.19%,2,11.9倍,1.65倍,1.19%
20260616,3760,ユニリタ,3800,東S,,"1,942",-1,-0.05%,2,13.2倍,1.19倍,3.86%
20260616,3761,ＮＫＫ,6943,東S,,"4,915",-5,-0.10%,2,21.4倍,0.30倍,2.03%
20260616,3762,テノ．ＨＤ,7037,東S,,898,+9,+1.01%,2,14.2倍,2.21倍,1.11%
20260616,3763,アクセスＨＤ,7042,東S,,571,-4,-0.70%,2,10.5倍,1.34倍,3.85%
20260616,3764,ＴＤＳＥ,7046,東G,,"1,280",+24,+1.91%,2,31.5倍,1.13倍,0.78%
20260616,3765,ピアズ,7066,東G,,389,+2,+0.52%,2,13.0倍,1.22倍,ー%
20260616,3766,ＭＵＲＯ,7264,東S,,"1,262",+19,+1.53%,2,6.29倍,0.34倍,3.72%
20260616,3767,エイケン工業,7265,東S,,"3,735",-65,-1.71%,2,12.8倍,0.63倍,2.95%
20260616,3768,小田原機器,7314,東S,,"1,180",+20,+1.72%,2,44.8倍,0.94倍,3.39%
20260616,3769,東邦レマック,7422,東S,,402,0,0.00%,2,28.8倍,0.46倍,2.84%
20260616,3770,山大,7426,東S,,599,0,0.00%,2,ー倍,0.36倍,ー%
20260616,3771,オータケ,7434,東S,,"1,733",-7,-0.40%,2,7.90倍,0.40倍,2.31%
20260616,3772,横浜魚類,7443,東S,,630,+2,+0.32%,2,26.3倍,1.46倍,1.27%
20260616,3773,ハリマ共和,7444,東S,,"1,920",-3,-0.16%,2,8.40倍,0.39倍,3.13%
20260616,3774,ＣＡＰＩＴＡ,7462,東S,,660,-2,-0.30%,2,13.6倍,1.46倍,3.03%
20260616,3775,尾家産,7481,東S,,"2,528",+5,+0.20%,2,7.34倍,1.24倍,4.11%
20260616,3776,アイエーＧ,7509,東S,,"4,530",-80,-1.74%,2,4.82倍,0.39倍,3.53%
20260616,3777,マルシェ,7524,東S,,182,-3,-1.62%,2,30.4倍,2.60倍,ー%
20260616,3778,大水,7538,東S,,360,-2,-0.55%,2,6.75倍,0.34倍,1.94%
20260616,3779,かんなん丸,7585,東S,,417,+1,+0.24%,2,ー倍,4.59倍,ー%
20260616,3780,Ｇダイニング,7625,東S,,465,-1,-0.21%,2,7.03倍,0.83倍,1.08%
20260616,3781,ダイコー通産,7673,東S,,"1,633",-5,-0.31%,2,9.92倍,0.98倍,4.10%
20260616,3782,シンシア,7782,東S,,463,-14,-2.94%,2,12.4倍,1.10倍,3.89%
20260616,3783,オービス,7827,東S,,"1,630",+19,+1.18%,2,8.20倍,0.51倍,3.80%
20260616,3784,ウイルコＨＤ,7831,東S,,66,-2,-2.94%,2,34.2倍,0.54倍,3.03%
20260616,3785,エステール,7872,東S,,596,+1,+0.17%,2,14.5倍,0.54倍,4.53%
20260616,3786,ベネフィＪ,3934,東S,,"2,227",-44,-1.94%,2,11.6倍,1.51倍,4.36%
20260616,3787,光ビジネス,3948,東S,,"1,111",+9,+0.82%,2,28.5倍,0.63倍,4.50%
20260616,3788,大村紙業,3953,東S,,737,-4,-0.54%,2,8.99倍,0.51倍,4.07%
20260616,3789,昭和パックス,3954,東S,,"2,956",+16,+0.54%,2,ー倍,0.49倍,1.69%
20260616,3790,イムラ,3955,東S,,770,-8,-1.03%,2,16.7倍,0.43倍,3.90%
20260616,3791,アセチレン,4093,東S,,395,-7,-1.74%,2,11.5倍,0.72倍,3.54%
20260616,3792,ポバール興業,4247,東S,,"1,246",-4,-0.32%,2,10.7倍,0.54倍,3.37%
20260616,3793,ユークス,4334,東S,,377,-6,-1.57%,2,11.3倍,1.26倍,2.65%
20260616,3794,応用技術,4356,東S,,"1,605",+5,+0.31%,2,11.7倍,1.47倍,2.49%
20260616,3795,ロジザード,4391,東G,,"1,091",-22,-1.98%,2,13.8倍,1.50倍,1.65%
20260616,3796,エクスＭ,4394,東G,,395,-7,-1.74%,2,18.0倍,1.45倍,3.16%
20260616,3797,リックソフト,4429,東G,,710,0,0.00%,2,20.0倍,0.96倍,ー%
20260616,3798,Ｗｅｌｂｙ,4438,東G,,250,-2,-0.79%,2,ー倍,16.6倍,ー%
20260616,3799,東名,4439,東S,,733,-26,-3.43%,2,8.44倍,2.07倍,1.77%
20260616,3800,オリジナル設,4642,東S,,"1,452",+3,+0.21%,2,14.5倍,1.07倍,2.75%
20260616,3801,ＲＳＣ,4664,東S,,768,-7,-0.90%,2,34.0倍,0.96倍,3.13%
20260616,3802,ダイサン,4750,東S,,544,0,0.00%,2,26.8倍,0.61倍,4.04%
20260616,3803,昭和システム,4752,東S,,"1,491",-5,-0.33%,2,8.84倍,1.08倍,4.09%
20260616,3804,ＸＮＥＴ,4762,東S,,"1,555",-22,-1.40%,2,14.4倍,2.00倍,4.50%
20260616,3805,エンシュウ,6218,東S,,580,-8,-1.36%,2,14.6倍,0.34倍,2.07%
20260616,3806,横田製,6248,東S,,"1,786",+25,+1.42%,2,11.1倍,1.06倍,3.36%
20260616,3807,ゼネラルパ,6267,東S,,"3,640",-60,-1.62%,2,7.96倍,0.80倍,3.30%
20260616,3808,タクミナ,6322,東S,,"1,615",+5,+0.31%,2,9.03倍,0.98倍,3.34%
20260616,3809,コレックＨＤ,6578,東S,,447,+1,+0.22%,2,15.7倍,3.11倍,2.01%
20260616,3810,名古屋電機,6797,東S,,"1,141",-3,-0.26%,2,24.0倍,0.56倍,4.38%
20260616,3811,東亜ＤＫＫ,6848,東S,,855,-2,-0.23%,2,18.3倍,0.73倍,2.57%
20260616,3812,原田工業,6904,東S,,443,-2,-0.45%,2,15.6倍,0.68倍,2.26%
20260616,3813,ＫＬＡＳＳ,6233,東S,,388,-2,-0.51%,1,8.61倍,0.64倍,2.58%
20260616,3814,タカキタ,6325,東S,,395,+2,+0.51%,1,18.0倍,0.54倍,2.53%
20260616,3815,明治機,6334,東S,,448,-1,-0.22%,1,48.2倍,1.57倍,1.34%
20260616,3816,ヤマダコーポ,6392,東S,,"7,400",0,0.00%,1,10.4倍,0.98倍,2.97%
20260616,3817,日宣,6543,東S,,"1,164",0,0.00%,1,13.7倍,1.15倍,2.84%
20260616,3818,フルテック,6546,東S,,"1,129",-1,-0.09%,1,14.9倍,0.85倍,3.01%
20260616,3819,ゲームウィズ,6552,東S,,182,0,0.00%,1,63.6倍,1.12倍,ー%
20260616,3820,ＭＳコンサル,6555,東S,,419,0,0.00%,1,8.57倍,0.64倍,ー%
20260616,3821,クックビズ,6558,東G,,648,-4,-0.61%,1,22.6倍,1.77倍,ー%
20260616,3822,オプトエレ,6664,東S,,239,-1,-0.42%,1,ー倍,0.47倍,ー%
20260616,3823,ズーム,6694,東S,,641,+3,+0.47%,1,13.9倍,0.50倍,4.99%
20260616,3824,ＯＳＧコーポ,6757,東S,,822,+3,+0.37%,1,14.3倍,1.83倍,4.87%
20260616,3825,ＲＶＨ,6786,東S,,50,-1,-1.96%,1,ー倍,1.62倍,ー%
20260616,3826,セブン工業,7896,東S,,487,-2,-0.41%,1,48.3倍,0.36倍,4.11%
20260616,3827,光村印,7916,東S,,"1,810",-1,-0.06%,1,ー倍,0.30倍,2.76%
20260616,3828,研創,7939,東S,,581,+1,+0.17%,1,9.93倍,0.65倍,3.96%
20260616,3829,興研,7963,東S,,"1,703",+1,+0.06%,1,9.93倍,0.60倍,2.06%
20260616,3830,ミロク,7983,東S,,"1,049",-18,-1.69%,1,5.05倍,0.27倍,0.95%
20260616,3831,ネポン,7985,福証,,726,+9,+1.26%,1,23.2倍,0.28倍,1.24%
20260616,3832,日本ＩＳＫ,7986,東S,,"1,803",+2,+0.11%,1,6.14倍,0.58倍,1.66%
20260616,3833,ユアサフナ,8006,東S,,"1,491",-2,-0.13%,1,10.5倍,0.61倍,2.21%
20260616,3834,ナイス,8089,東S,,"1,840",+10,+0.55%,1,6.68倍,0.36倍,4.29%
20260616,3835,川辺,8123,東S,,"1,329",-11,-0.82%,1,10.5倍,0.33倍,3.76%
20260616,3836,三京化,8138,東S,,"4,090",+80,+2.00%,1,9.42倍,0.40倍,2.44%
20260616,3837,タカキュー,8166,東S,,80,0,0.00%,1,25.6倍,1.68倍,ー%
20260616,3838,大和デ,8247,東S,,277,+4,+1.47%,1,15.5倍,0.29倍,ー%
20260616,3839,丸八証券,8700,東S,,"1,716",-7,-0.41%,1,ー倍,0.83倍,ー%
20260616,3840,アサックス,8772,東S,,796,-4,-0.50%,1,6.37倍,0.50倍,2.76%
20260616,3841,サンネクスタ,8945,東S,,"1,145",+3,+0.26%,1,18.7倍,1.35倍,3.67%
20260616,3842,誠建設,8995,東S,,907,-15,-1.63%,1,26.1倍,0.44倍,2.76%
20260616,3843,京福電,9049,東S,,"6,900",0,0.00%,1,7.45倍,0.96倍,0.29%
20260616,3844,日ロジテム,9060,東S,,"4,200",0,0.00%,1,8.12倍,0.34倍,1.90%
20260616,3845,ヤマシタＨＤ,9265,東S,,"2,981",-19,-0.63%,1,21.4倍,0.85倍,2.35%
20260616,3846,東陽倉,9306,東S,,"1,994",+3,+0.15%,1,13.0倍,0.51倍,3.76%
20260616,3847,アサガミ,9311,東S,,"7,680",ー,ー%,1,8.68倍,0.46倍,ー%
20260616,3848,丸八倉,9313,東S,,"1,032",+2,+0.19%,1,13.9倍,0.46倍,2.52%
20260616,3849,東洋埠頭,9351,東S,,"1,772",-17,-0.95%,1,9.08倍,0.41倍,4.51%
20260616,3850,名港海,9357,名M,,"2,396",0,0.00%,1,11.9倍,0.51倍,4.17%
20260616,3851,ＢＳＮＨＤ,9408,東S,,"2,835",-45,-1.56%,1,16.5倍,0.63倍,0.63%
20260616,3852,クロップス,9428,東S,,"1,221",0,0.00%,1,6.22倍,0.87倍,2.62%
20260616,3853,フォーバルＴ,9445,東S,,522,+3,+0.58%,1,9.72倍,2.22倍,4.79%
20260616,3854,昭文社ＨＤ,9475,東S,,490,+3,+0.62%,1,24.5倍,0.62倍,1.02%
20260616,3855,中央経済ＨＤ,9476,東S,,980,+3,+0.31%,1,30.1倍,0.86倍,1.33%
20260616,3856,武蔵野,9635,東S,,"2,524",ー,ー%,1,88.0倍,0.66倍,ー%
20260616,3857,セゾンテク,9640,東S,,"2,113",-13,-0.61%,1,34.2倍,2.42倍,4.26%
20260616,3858,御園座,9664,名M,,"1,505",-2,-0.13%,1,115倍,1.59倍,ー%
20260616,3859,ホウライ,9679,東S,,"2,378",+28,+1.19%,1,19.9倍,1.00倍,1.01%
20260616,3860,京都ホ,9723,東S,,637,+2,+0.31%,1,21.4倍,3.18倍,0.47%
20260616,3861,白洋舎,9731,東S,,"3,545",-5,-0.14%,1,5.43倍,1.00倍,2.82%
20260616,3862,日建工学,9767,東S,,"1,467",+2,+0.14%,1,7.64倍,0.54倍,2.04%
20260616,3863,ビケンテクノ,9791,東S,,"1,121",-4,-0.36%,1,7.69倍,0.37倍,3.21%
20260616,3864,テーオーＨＤ,9812,東S,,222,-1,-0.45%,1,7.90倍,6.16倍,ー%
20260616,3865,ストライダズ,9816,東S,,247,-3,-1.20%,1,15.0倍,0.78倍,2.02%
20260616,3866,共同紙,9849,東S,,"4,450",+5,+0.11%,1,46.3倍,0.76倍,1.12%
20260616,3867,北恵,9872,東S,,880,0,0.00%,1,14.6倍,0.58倍,3.18%
20260616,3868,シャルレ,9885,東S,,338,-1,-0.29%,1,45.8倍,0.39倍,2.37%
20260616,3869,ワットマン,9927,東S,,965,0,0.00%,1,ー倍,2.33倍,ー%
20260616,3870,文教堂ＧＨＤ,9978,東S,,44,0,0.00%,1,163倍,-4.9倍,ー%
20260616,3871,サトー商会,9996,東S,,"1,970",-8,-0.40%,1,13.5倍,0.60倍,2.44%
20260616,3872,インフォネ,4444,東G,,799,+18,+2.30%,1,28.8倍,1.48倍,ー%
20260616,3873,ヤシマキザイ,7677,東S,,"2,595",-5,-0.19%,1,16.2倍,0.72倍,0.96%
20260616,3874,コモ,2224,東S,,"3,655",0,0.00%,1,62.0倍,5.93倍,0.19%
20260616,3875,滝沢ハム,2293,東S,,"2,680",-20,-0.74%,1,68.8倍,1.65倍,0.75%
20260616,3876,ウェッジＨＤ,2388,東G,,39,+1,+2.63%,1,ー倍,0.63倍,ー%
20260616,3877,ケアサービス,2425,東S,,663,-12,-1.78%,1,32.7倍,0.85倍,3.32%
20260616,3878,シスロケ,2480,東S,,"1,685",ー,ー%,1,14.6倍,1.47倍,2.26%
20260616,3879,ユニカフェ,2597,東S,,"1,083",-3,-0.28%,1,27.9倍,2.02倍,ー%
20260616,3880,アスモ,2654,東S,,393,0,0.00%,1,13.5倍,0.76倍,2.54%
20260616,3881,タビオ,2668,東S,,"1,266",-14,-1.09%,1,18.8倍,1.60倍,2.37%
20260616,3882,魚喜,2683,東S,,"1,001",+1,+0.10%,1,84.1倍,2.79倍,1.00%
20260616,3883,ＣＶＳベイ,2687,東S,,473,-2,-0.42%,1,9.53倍,0.75倍,4.23%
20260616,3884,カルラ,2789,東S,,465,0,0.00%,1,17.4倍,1.23倍,1.08%
20260616,3885,プリメックス,2795,東S,,902,-6,-0.66%,1,12.4倍,0.56倍,2.77%
20260616,3886,ファマライズ,2796,東S,,499,+1,+0.20%,1,21.6倍,0.89倍,2.81%
20260616,3887,佐藤食品,2814,東S,,"3,105",-5,-0.16%,1,30.3倍,0.55倍,1.61%
20260616,3888,ダイショー,2816,東S,,"1,404",-1,-0.07%,1,32.3倍,1.34倍,1.42%
20260616,3889,石井食,2894,東S,,322,-6,-1.83%,1,76.5倍,1.40倍,1.24%
20260616,3890,旭松食品,2911,東S,,"2,239",+2,+0.09%,1,27.1倍,0.48倍,1.56%
20260616,3891,ゴルフ・ドゥ,3032,名N,,297,-3,-1.00%,1,20.6倍,1.75倍,1.01%
20260616,3892,ライフフーズ,3065,東S,,"1,611",-4,-0.25%,1,68.3倍,2.92倍,0.31%
20260616,3893,ＤＶｘ,3079,東S,,973,+1,+0.10%,1,31.6倍,1.16倍,5.14%
20260616,3894,オーウイル,3143,東S,,653,-2,-0.31%,1,8.41倍,0.99倍,3.37%
20260616,3895,ありがとうＳ,3177,東S,,"3,465",-10,-0.29%,1,6.50倍,0.94倍,3.90%
20260616,3896,ＧＸＳＰプロ,379A,東Ｅ,,"1,374",+5,+0.37%,1,ー倍,ー倍,ー%
20260616,3897,ｉＦ米債３無,381A,東Ｅ,,"2,223",0,0.00%,1,ー倍,ー倍,ー%
20260616,3898,ＡＩＧＨＤ,377A,名M,,"1,107",+19,+1.75%,1,39.9倍,1.57倍,ー%
20260616,3899,ＳＳ米株,449A,東Ｅ,,822.1,+4.1,+0.50%,1,ー倍,ー倍,ー%
20260616,3900,ＧＸＵ社債,468A,東Ｅ,,292.4,-0.5,-0.17%,1,ー倍,ー倍,ー%
20260616,3901,ＯｎｅＪ３,493A,東Ｅ,,997.9,ー,ー%,1,ー倍,ー倍,ー%
20260616,3902,インバウンド,497A,東EN,,"9,587",-126,-1.30%,1,ー倍,ー倍,ー%
20260616,3903,農中ＮＱ１Ｕ,534A,東Ｅ,,"2,532",+4,+0.16%,1,ー倍,ー倍,ー%
20260616,3904,ＧＸ純銀Ｈ,578A,東Ｅ,,271.4,-1.9,-0.70%,1,ー倍,ー倍,ー%
20260616,3905,日本色材,4920,東S,,"1,098",+1,+0.09%,1,11.9倍,0.52倍,2.73%
20260616,3906,ハーバー研,4925,東S,,"1,708",-2,-0.12%,1,13.7倍,0.68倍,2.34%
20260616,3907,シーボン,4926,東S,,"1,212",+2,+0.17%,1,25.2倍,0.89倍,1.65%
20260616,3908,東洋ドライ,4976,東S,,"1,326",+1,+0.08%,1,8.78倍,0.49倍,2.52%
20260616,3909,鶴弥,5386,名M,,383,-2,-0.52%,1,ー倍,0.23倍,ー%
20260616,3910,北越メ,5446,東S,,"1,233",-24,-1.91%,1,ー倍,0.27倍,ー%
20260616,3911,サンユウ,5697,東S,,683,-5,-0.73%,1,6.66倍,0.40倍,4.39%
20260616,3912,ＪＭＣ,5704,東G,,393,-6,-1.50%,1,16.6倍,1.27倍,ー%
20260616,3913,ＮＩＣ,5742,東S,,690,+8,+1.17%,1,28.7倍,1.15倍,ー%
20260616,3914,カナレ電気,5819,東S,,"1,760",-9,-0.51%,1,10.2倍,0.63倍,3.75%
20260616,3915,滝上工,5918,東S,,"7,170",0,0.00%,1,17.4倍,0.29倍,1.39%
20260616,3916,イワブチ,5983,東S,,"13,660",-140,-1.01%,1,20.9倍,0.70倍,2.42%
20260616,3917,兼房,5984,東S,,719,+4,+0.56%,1,11.1倍,0.32倍,3.20%
20260616,3918,赤阪鉄,6022,東S,,"2,549",+25,+0.99%,1,37.9倍,0.31倍,ー%
20260616,3919,エクストリム,6033,東G,,"1,360",-5,-0.37%,1,7.92倍,1.06倍,5.00%
20260616,3920,ＭＲＴ,6034,東G,,616,-14,-2.22%,1,26.1倍,0.74倍,ー%
20260616,3921,ＪＳＳ,6074,東S,,475,0,0.00%,1,6.59倍,0.60倍,4.42%
20260616,3922,旭精機,6111,名M,,"1,990",-13,-0.65%,1,152倍,0.32倍,3.02%
20260616,3923,ヤマザキ,6147,福証,,172,+7,+4.24%,1,31.8倍,0.73倍,5.81%
20260616,3924,ＳＭＮ,6185,東S,,367,-3,-0.81%,1,10.8倍,1.22倍,ー%
20260616,3925,一蔵,6186,東S,,372,-2,-0.53%,1,11.6倍,0.76倍,4.03%
20260616,3926,Ｃａｒｅｅｒ,6198,東G,,246,+5,+2.07%,1,29.5倍,1.17倍,ー%
20260616,3927,リード,6982,東S,,579,+5,+0.87%,1,25.0倍,0.59倍,2.07%
20260616,3928,サンライフＨ,7040,東S,,951,-9,-0.94%,1,7.37倍,0.84倍,3.68%
20260616,3929,ＣＲＧＨＤ,7041,東G,,258,-3,-1.15%,1,14.4倍,0.49倍,ー%
20260616,3930,アルー,7043,東G,,895,+4,+0.45%,1,9.26倍,1.76倍,1.23%
20260616,3931,エヌシーエヌ,7057,東S,,874,+13,+1.51%,1,10.6倍,1.23倍,3.78%
20260616,3932,カネミツ,7208,東S,,"1,171",-3,-0.26%,1,8.81倍,0.48倍,3.50%
20260616,3933,アスカ,7227,名M,,"1,820",+19,+1.05%,1,6.70倍,0.67倍,2.97%
20260616,3934,桜井製,7255,東S,,468,0,0.00%,1,35.8倍,0.30倍,1.50%
20260616,3935,ナンシン,7399,東S,,591,0,0.00%,1,15.1倍,0.31倍,3.38%
20260616,3936,はるやまＨＤ,7416,東S,,670,-7,-1.03%,1,105倍,0.46倍,2.31%
20260616,3937,初穂商事,7425,東S,,"2,352",+23,+0.99%,1,8.84倍,0.77倍,3.40%
20260616,3938,セフテック,7464,東S,,"1,555",-1,-0.06%,1,18.8倍,0.37倍,3.86%
20260616,3939,ティムコ,7501,東S,,"1,735",ー,ー%,1,269倍,1.00倍,0.69%
20260616,3940,ハウスローゼ,7506,東S,,"1,352",+1,+0.07%,1,454倍,1.16倍,1.85%
20260616,3941,スリーエフ,7544,東S,,563,+1,+0.18%,1,14.2倍,1.03倍,3.20%
20260616,3942,ニチリョク,7578,東S,,79,0,0.00%,1,12.0倍,0.51倍,ー%
20260616,3943,ＮａＩＴＯ,7624,東S,,133,0,0.00%,1,27.0倍,0.55倍,3.01%
20260616,3944,ダイイチ,7643,東S,,"1,699",-1,-0.06%,1,15.9倍,1.08倍,2.35%
20260616,3945,プリントＮ,7805,東S,,736,-6,-0.81%,1,9.55倍,0.81倍,1.77%
20260616,3946,幸和製,7807,東S,,807,+4,+0.50%,1,6.90倍,0.98倍,1.61%
20260616,3947,アイフィス,7833,東S,,631,-3,-0.47%,1,10.7倍,1.04倍,4.75%
20260616,3948,カワセコンピ,7851,福証,,170,+4,+2.41%,1,26.2倍,0.32倍,ー%
20260616,3949,ピープル,7865,東S,,350,-3,-0.85%,1,ー倍,0.83倍,ー%
20260616,3950,福島印刷,7870,名M,,389,+3,+0.78%,1,39.5倍,0.40倍,2.57%
20260616,3951,サンメッセ,7883,東S,,380,-1,-0.26%,1,24.5倍,0.42倍,2.37%
20260616,3952,買取王国,3181,東S,,950,0,0.00%,1,8.63倍,1.02倍,1.16%
20260616,3953,ＳＬＤ,3223,東S,,944,+4,+0.43%,1,14.3倍,-5.3倍,ー%
20260616,3954,ウィル,3241,東S,,571,+4,+0.71%,1,7.37倍,1.22倍,4.12%
20260616,3955,グローバル社,3271,東S,,"1,271",-2,-0.16%,1,11.8倍,3.44倍,ー%
20260616,3956,日本麻,3306,東S,,598,+3,+0.50%,1,879倍,1.25倍,0.67%
20260616,3957,フライングＧ,3317,東S,,"1,352",-8,-0.59%,1,11.2倍,1.06倍,1.26%
20260616,3958,バッファロー,3352,東S,,"1,685",+6,+0.36%,1,8.14倍,0.61倍,4.15%
20260616,3959,メディ一光Ｇ,3353,東S,,"2,691",+1,+0.04%,1,7.80倍,0.65倍,4.46%
20260616,3960,ＺＯＡ,3375,東S,,"1,606",-18,-1.11%,1,5.94倍,0.63倍,4.67%
20260616,3961,アークコア,3384,名N,,697,+3,+0.43%,1,7.99倍,0.82倍,ー%
20260616,3962,コスモバイオ,3386,東S,,"1,234",+6,+0.49%,1,32.0倍,0.74倍,4.05%
20260616,3963,フェリシモ,3396,東S,,839,+1,+0.12%,1,20.0倍,0.30倍,2.98%
20260616,3964,ピクスタ,3416,東S,,839,+1,+0.12%,1,13.9倍,1.37倍,5.36%
20260616,3965,アートＧ,3419,名N,,"1,960",0,0.00%,1,766倍,4.23倍,ー%
20260616,3966,エスイー,3423,東S,,265,-2,-0.75%,1,50.4倍,0.77倍,4.53%
20260616,3967,アトムリビン,3426,東S,,"1,301",ー,ー%,1,19.2倍,0.49倍,2.42%
20260616,3968,Ｆブラザーズ,3454,東S,,"1,189",+4,+0.34%,1,6.36倍,0.64倍,3.11%
20260616,3969,パルマ,3461,東S,,557,+1,+0.18%,1,17.9倍,1.57倍,2.33%
20260616,3970,Ｇ－ＦＡＣ,3474,東G,,531,-3,-0.56%,1,102倍,3.19倍,ー%
20260616,3971,香陵住販,3495,東S,,"2,380",-20,-0.83%,1,6.02倍,0.96倍,2.56%
20260616,3972,アクサスＨＤ,3536,東S,,129,0,0.00%,1,15.7倍,1.79倍,1.55%
20260616,3973,昭栄薬品,3537,東S,,"1,596",-3,-0.19%,1,12.5倍,0.58倍,2.57%
20260616,3974,ＡＴＡＯ,3550,東G,,221,+1,+0.45%,1,13.9倍,1.18倍,2.26%
20260616,3975,東海染,3577,東S,,932,-10,-1.06%,1,19.6倍,0.37倍,2.68%
20260616,3976,オーベクス,3583,東S,,"1,185",-27,-2.23%,1,ー倍,0.45倍,2.95%
20260616,3977,山喜,3598,東S,,154,0,0.00%,1,24.3倍,0.68倍,ー%
20260616,3978,ボルテージ,3639,東S,,217,-2,-0.91%,1,ー倍,0.65倍,ー%
20260616,3979,協立情報通信,3670,名M,,"1,711",ー,ー%,1,6.15倍,0.87倍,3.80%
20260616,3980,エンカレッジ,3682,東S,,573,0,0.00%,1,17.1倍,1.07倍,4.71%
20260616,3981,ジョルダン,3710,東S,,608,-11,-1.78%,1,20.7倍,0.64倍,0.99%
20260616,3982,ＡＤＲ１２０,3750,東S,,791,0,0.00%,1,353倍,322倍,ー%
20260616,3983,アエリア,3758,東S,,228,-1,-0.44%,1,9.29倍,0.54倍,ー%
20260616,3984,いい生活,3796,東S,,261,+2,+0.77%,1,18.5倍,1.81倍,1.15%
20260616,3985,大和コン,3816,東S,,"1,090",-1,-0.09%,1,22.5倍,0.78倍,1.74%
20260616,3986,日本一ソフト,3851,東S,,808,-6,-0.74%,1,12.4倍,0.52倍,0.62%
20260616,3987,ＭＫシステム,3910,東S,,274,-4,-1.44%,1,7.74倍,1.65倍,2.92%
20260616,3988,Ｂ＆Ｐ,7804,東S,,"2,232",+2,+0.09%,1,10.3倍,1.34倍,3.90%
20260616,3989,２４７ＨＤ,7074,東G,,174,+6,+3.57%,1,212倍,29.5倍,ー%
20260616,3990,ユナイト,4486,東G,,641,-8,-1.23%,1,10.5倍,2.21倍,2.50%
20260616,3991,ＷＤＢココ,7079,東G,,"2,570",0,0.00%,1,9.09倍,1.29倍,3.89%
20260616,3992,リグア,7090,東G,,952,0,0.00%,1,126倍,8.60倍,ー%
20260616,3993,ミクリード,7687,東G,,426,+3,+0.71%,1,9.43倍,1.74倍,2.14%
20260616,3994,ヴィス,5071,東S,,"1,399",+13,+0.94%,1,9.52倍,1.49倍,4.22%
20260616,3995,エコミック,3802,東S,,462,-1,-0.22%,1,11.2倍,1.16倍,2.81%
20260616,3996,フィーチャ,4052,東G,,242,0,0.00%,1,101倍,2.04倍,ー%
20260616,3997,コパ,7689,東G,,336,-7,-2.04%,1,988倍,1.30倍,ー%
20260616,3998,グッドパッチ,7351,東G,,459,0,0.00%,1,9.80倍,0.93倍,2.18%
20260616,3999,インタファク,4057,東G,,353,+1,+0.28%,1,26.9倍,1.17倍,ー%
20260616,4000,クリーマ,4017,東G,,199,-3,-1.49%,1,43.3倍,1.19倍,ー%
20260616,4001,バルミューダ,6612,東G,,584,+11,+1.92%,1,499倍,1.97倍,ー%
20260616,4002,ビートレンド,4020,東G,,660,-7,-1.05%,1,ー倍,1.99倍,ー%
20260616,4003,インバウＴ,7031,東G,,640,0,0.00%,1,ー倍,1.29倍,ー%
20260616,4004,Ｈｉクラテス,4172,東S,,"2,150",0,0.00%,1,10.6倍,1.10倍,4.09%
20260616,4005,オンデック,7360,東G,,600,+12,+2.04%,1,12.0倍,1.80倍,ー%
20260616,4006,Ｔ．Ｓ．Ｉ,7362,東G,,835,+11,+1.33%,1,10.4倍,0.90倍,1.80%
20260616,4007,ＧＸガバ日株,2636,東Ｅ,,"4,874",+3,+0.06%,1,ー倍,ー倍,ー%
20260616,4008,ｉＦＥＧＢＡ,2629,東Ｅ,,"3,789",+34,+0.91%,1,ー倍,ー倍,ー%
20260616,4009,テンダ,4198,東S,,501,-8,-1.57%,1,111倍,1.29倍,4.39%
20260616,4010,ワンプラ,4199,東G,,709,-5,-0.70%,1,ー倍,5.41倍,ー%
20260616,4011,ＧＸバイ日株,2639,東Ｅ,,"1,621",-8,-0.49%,1,ー倍,ー倍,ー%
20260616,4012,ワクー,4937,東G,,"1,546",-19,-1.21%,1,22.0倍,2.47倍,ー%
20260616,4013,ラキール,4074,東G,,703,-8,-1.13%,1,12.0倍,1.30倍,ー%
20260616,4014,ジオロケ,4018,福Ｑ,,"1,195",+5,+0.42%,1,ー倍,3.41倍,0.84%
20260616,4015,シイエヌエス,4076,東G,,"1,660",-15,-0.90%,1,9.07倍,1.16倍,3.31%
20260616,4016,モビルス,4370,東G,,296,-5,-1.66%,1,ー倍,1.33倍,ー%
20260616,4017,ＧＸＬＥ日株,2645,東Ｅ,,"2,730",-20,-0.73%,1,ー倍,ー倍,ー%
20260616,4018,ジィ・シィ,4073,東G,,423,-2,-0.47%,1,19.9倍,5.80倍,ー%
20260616,4019,デジタリフト,9244,東G,,"1,010",-19,-1.85%,1,13.0倍,1.86倍,ー%
20260616,4020,野村米十債,2647,東Ｅ,,"5,970",-1,-0.02%,1,ー倍,ー倍,ー%
20260616,4021,日本調理機,2961,東S,,"4,990",-100,-1.96%,1,11.1倍,0.73倍,3.61%
20260616,4022,ＧＲＣＳ,9250,東G,,902,-3,-0.33%,1,20.0倍,-17倍,ー%
20260616,4023,トゥルーＤ,4416,東G,,413,+3,+0.73%,1,31.7倍,1.72倍,ー%
20260616,4024,ラバブルＭＧ,9254,東G,,"1,114",-18,-1.59%,1,ー倍,1.90倍,ー%
20260616,4025,ハイブリッド,4260,東G,,250,+2,+0.81%,1,"2,778倍",1.38倍,ー%
20260616,4026,ＲＩ,9214,東G,,"1,220",-34,-2.71%,1,10.5倍,2.17倍,ー%
20260616,4027,ＧＸ高配Ｅ日,2849,東Ｅ,,"5,202",-17,-0.33%,1,ー倍,ー倍,ー%
20260616,4028,ペットゴー,7140,東G,,850,+10,+1.19%,1,19.5倍,1.59倍,ー%
20260616,4029,ホームポジ,2999,東S,,577,+7,+1.23%,1,22.6倍,0.91倍,1.73%
20260616,4030,キューブ,7112,東G,,699,-3,-0.43%,1,64.8倍,1.07倍,ー%
20260616,4031,ＭＸＮＹダウ,2241,東Ｅ,,920.3,+1.8,+0.20%,1,ー倍,ー倍,ー%
20260616,4032,上場ＳＰイ１,2240,東Ｅ,,"5,361",-24,-0.45%,1,ー倍,ー倍,ー%
20260616,4033,エキサイト,5571,東S,,989,-16,-1.59%,1,13.6倍,1.33倍,3.31%
20260616,4034,ＱＬＳＨＤ,7075,東G,,762,0,0.00%,1,7.86倍,2.77倍,1.44%
20260616,4035,グロービー,5575,東G,,627,-5,-0.79%,1,10.7倍,2.83倍,ー%
20260616,4036,エリッツＨＤ,5533,東S,,"1,911",+1,+0.05%,1,9.35倍,1.21倍,3.66%
20260616,4037,ブリーチ,9162,東G,,237,-3,-1.25%,1,ー倍,0.65倍,ー%
20260616,4038,ＧＸＵＳ中小,2252,東Ｅ,,"1,438",+4,+0.28%,1,ー倍,ー倍,ー%
20260616,4039,ヒガシマル,2058,福証,,987,-3,-0.30%,1,29.4倍,0.88倍,1.22%
20260616,4040,キットア,5039,札Ａ,,"1,000",ー,ー%,1,10.0倍,1.31倍,ー%
20260616,4041,昭和鉄,5953,福証,,"6,000",0,0.00%,1,5.09倍,0.41倍,2.50%
20260616,4042,Ｍｉｓｕｍｉ,7441,福証,,"1,784",0,0.00%,1,11.5倍,0.47倍,2.80%
20260616,4043,ＲＫＢＨＤ,9407,福証,,"6,000",+80,+1.35%,1,14.5倍,0.31倍,1.42%
20260616,4044,政策保有解消,2081,東Ｅ,,"2,060",-7,-0.34%,1,ー倍,ー倍,ー%
20260616,4045,笹徳印刷,3958,東S,,558,0,0.00%,1,11.7倍,0.32倍,3.23%
20260616,4046,上場米債０ラ,2093,東Ｅ,,"5,332",+6,+0.11%,1,ー倍,ー倍,ー%
20260616,4047,成友興業,9170,名M,,"5,190",ー,ー%,1,22.3倍,2.55倍,0.81%
20260616,4048,ナイル,5618,東G,,285,-3,-1.04%,1,52.9倍,6.30倍,ー%
20260616,4049,ｉＦ米債７有,2016,東Ｅ,,"1,790",-3,-0.17%,1,ー倍,ー倍,ー%
20260616,4050,ＧＸ超長米Ｈ,179A,東Ｅ,,252.0,-1.2,-0.47%,1,ー倍,ー倍,ー%
20260616,4051,ハンモック,173A,東G,,"1,324",-19,-1.41%,1,9.54倍,1.74倍,3.40%
20260616,4052,ウィルスマ,175A,東G,,599,+8,+1.35%,1,32.3倍,-25倍,ー%
20260616,4053,ｉＳ国債７,236A,東Ｅ,,445.1,-2.1,-0.47%,1,ー倍,ー倍,ー%
20260616,4054,ＳＭＴ厳選投,257A,東Ｅ,,"3,514",+4,+0.11%,1,ー倍,ー倍,ー%
20260616,4055,ＩＮＧＳ,245A,東G,,"2,320",-14,-0.60%,1,17.3倍,2.76倍,ー%
20260616,4056,ＳＢＩサウジ,273A,東Ｅ,,"9,981",-119,-1.18%,1,ー倍,ー倍,ー%
20260616,4057,ハンワＨ,275A,名N,,334,+23,+7.40%,1,20.9倍,3.54倍,ー%
20260616,4058,日本オーエー,5241,名M,,720,+35,+5.11%,1,11.6倍,1.48倍,2.08%
20260616,4059,ｖｉｓｕｍｏ,303A,東G,,622,-3,-0.48%,1,60.7倍,1.86倍,ー%
20260616,4060,フォルシア,304A,東G,,"1,710",-20,-1.16%,1,7.66倍,1.06倍,ー%
20260616,4061,ビースタイル,302A,東G,,512,0,0.00%,1,9.25倍,1.13倍,ー%
20260616,4062,パパネッツ,9388,福Ｑ,,"1,341",+18,+1.36%,1,7.64倍,1.61倍,2.98%
20260616,4063,ＧＸ価格日株,328A,東Ｅ,,"1,379",+19,+1.40%,1,ー倍,ー倍,ー%
20260616,4064,ｉＦ英１００,363A,東Ｅ,,"2,670",-32,-1.18%,1,ー倍,ー倍,ー%
20260616,4065,古林紙,3944,東S,,"2,321",ー,ー%,1,10.5倍,0.26倍,2.15%
20260616,4066,スパバッグ,3945,東S,,"2,129",+15,+0.71%,1,4.45倍,0.57倍,5.17%
20260616,4067,キャピタルＡ,3965,東S,,832,+3,+0.36%,1,10.3倍,1.24倍,2.52%
20260616,4068,うるる,3979,東G,,382,-7,-1.80%,1,13.5倍,2.86倍,1.13%
20260616,4069,ビーグリー,3981,東S,,"1,208",-1,-0.08%,1,9.37倍,0.86倍,3.73%
20260616,4070,スガイ,4120,東S,,"2,521",+27,+1.08%,1,ー倍,0.39倍,3.57%
20260616,4071,サンエー化研,4234,東S,,660,-2,-0.30%,1,9.78倍,0.29倍,2.73%
20260616,4072,ニックス,4243,東S,,888,-2,-0.22%,1,10.8倍,0.44倍,2.25%
20260616,4073,川口化,4361,東S,,"1,413",-2,-0.14%,1,ー倍,0.55倍,4.25%
20260616,4074,ＺＵＵ,4387,東G,,471,-9,-1.88%,1,223倍,2.18倍,ー%
20260616,4075,ＢＢＳｅｃ,4398,東S,,"1,252",+2,+0.16%,1,12.0倍,2.34倍,1.28%
20260616,4076,ＤＩシステム,4421,東S,,902,-11,-1.20%,1,10.3倍,1.58倍,3.10%
20260616,4077,Ａｍａｚｉａ,4424,東G,,209,-3,-1.42%,1,ー倍,1.82倍,ー%
20260616,4078,ソフト９９,4464,東S,,"3,400",-50,-1.45%,1,23.7倍,1.25倍,2.00%
20260616,4079,神東塗,4615,東S,,126,0,0.00%,1,21.4倍,0.33倍,ー%
20260616,4080,川上塗,4616,東S,,"1,771",-23,-1.28%,1,9.69倍,0.51倍,2.54%
20260616,4081,アトミクス,4625,東S,,701,-4,-0.57%,1,12.4倍,0.33倍,2.85%
20260616,4082,ＳＤエンター,4650,東S,,265,0,0.00%,1,15.8倍,1.32倍,ー%
20260616,4083,クリップ,4705,東S,,777,-1,-0.13%,1,36.3倍,0.59倍,5.15%
20260616,4084,キタック,4707,東S,,324,+1,+0.31%,1,10.7倍,0.49倍,2.16%
20260616,4085,城南進研,4720,東S,,228,-1,-0.44%,1,21.8倍,1.32倍,2.19%
20260616,4086,京進,4735,東S,,318,-3,-0.93%,1,12.2倍,0.63倍,2.46%
20260616,4087,上場パ中国Ａ,1322,東Ｅ,,"12,400",+190,+1.56%,1,ー倍,ー倍,ー%
20260616,4088,上場高配低ボ,1399,東Ｅ,,"2,956",-26,-0.87%,1,ー倍,ー倍,ー%
20260616,4089,岐阜造園,1438,東S,,"1,815",-6,-0.33%,1,12.6倍,1.31倍,2.20%
20260616,4090,キャンディル,1446,東S,,525,0,0.00%,1,24.4倍,1.55倍,1.90%
20260616,4091,Ｊ４百ベア２,1469,東Ｅ,,199.7,+1.3,+0.66%,1,ー倍,ー倍,ー%
20260616,4092,Ｏｎｅ４００,1474,東Ｅ,,"36,790",-230,-0.62%,1,ー倍,ー倍,ー%
20260616,4093,ｉＳ最小分散,1477,東Ｅ,,"3,219",-27,-0.83%,1,ー倍,ー倍,ー%
20260616,4094,ＯｎｅＥＳＧ,1498,東Ｅ,,"32,660",-270,-0.82%,1,ー倍,ー倍,ー%
20260616,4095,ＭＸ高配ＭＮ,1499,東Ｅ,,"8,853",-47,-0.53%,1,ー倍,ー倍,ー%
20260616,4096,野村タイ５０,1559,東Ｅ,,"4,790",+72,+1.53%,1,ー倍,ー倍,ー%
20260616,4097,野村マレシア,1560,東Ｅ,,"6,660",-25,-0.37%,1,ー倍,ー倍,ー%
20260616,4098,ＷＴメタル,1686,東Ｅ,,"3,200.0",+40.0,+1.27%,1,ー倍,ー倍,ー%
20260616,4099,シンクレイヤ,1724,東S,,693,-4,-0.57%,1,8.62倍,0.50倍,4.33%
20260616,4100,川崎設備,1777,名M,,"2,230",+10,+0.45%,1,7.74倍,1.63倍,4.26%
20260616,4101,三東工業,1788,東S,,"4,505",-40,-0.88%,1,10.1倍,0.74倍,2.89%
20260616,4102,守谷商会,1798,東S,,"1,026",-8,-0.77%,1,6.58倍,0.60倍,3.70%
20260616,4103,金下建,1897,東S,,"3,115",0,0.00%,1,32.8倍,0.33倍,1.61%
20260616,4104,協和日成,1981,東S,,"1,307",+10,+0.77%,1,10.5倍,0.64倍,3.98%
20260616,4105,神田通機,1992,東S,,"2,880",+16,+0.56%,1,22.0倍,1.04倍,2.95%
20260616,4106,アセアン５０,2043,東EN,,"28,000",+630,+2.30%,1,ー倍,ー倍,ー%
20260616,4107,米国配当貴族,2044,東EN,,"34,490",-10,-0.03%,1,ー倍,ー倍,ー%
20260616,4108,中広,2139,東S,,496,+2,+0.40%,1,11.2倍,1.55倍,2.82%
20260616,4109,幼児活動研,2152,東S,,"1,437",-13,-0.90%,1,15.6倍,1.41倍,1.81%
20260616,4110,セーラー広告,2156,東S,,266,+1,+0.38%,1,ー倍,0.59倍,2.26%
